Time[ms],AccX[g],AccY[g],AccZ[g],GyroX[°/s],GyroY[°/s],GyroZ[°/s],MagX[uT],MagY[uT],MagZ[uT],qW,qX,qY,qZ,AltFilt[m],VelFilt[m/s],AccVert[m/s^2],Tilt[°],PressBMP[Pa],Servo[%],PID_Gain,Cd_Gain,Estado
13839,0.045,0.048,-0.996,0.000,0.000,0.000,-10.000,-17.000,-44.000,-0.0023,-0.0012,1.0000,-0.0019,0.00,0.00,0.00,0.34,86208.8,0,0.00,0.00,2
14035,0.045,0.048,-0.996,0.000,0.000,0.000,-10.000,-17.000,-44.000,-0.0047,-0.0026,1.0000,-0.0039,0.00,0.00,0.00,0.70,86208.8,0,0.00,0.00,2
14259,0.045,0.048,-0.996,0.000,0.000,0.000,-10.000,-17.000,-44.000,-0.0072,-0.0040,0.9999,-0.0059,0.00,0.00,0.00,1.07,86208.8,0,0.00,0.00,2
14439,0.045,0.048,-0.996,0.000,0.000,0.000,-10.000,-17.000,-44.000,-0.0096,-0.0055,0.9999,-0.0080,0.00,0.00,0.00,1.43,86208.8,0,0.00,0.00,2
14635,0.045,0.048,-0.996,0.000,0.000,0.000,-10.000,-17.000,-44.000,-0.0122,-0.0070,0.9999,-0.0101,0.00,0.00,0.00,1.81,86208.8,0,0.00,0.00,2
14859,0.045,0.048,-0.996,0.000,0.000,0.000,-10.000,-17.000,-44.000,-0.0147,-0.0087,0.9998,-0.0122,0.00,0.00,0.00,2.18,86208.8,0,0.00,0.00,2
15039,0.045,0.048,-0.996,0.000,0.000,0.000,-10.000,-17.000,-44.000,-0.0172,-0.0104,0.9997,-0.0143,0.00,0.00,0.00,2.56,86208.8,0,0.00,0.00,2
15235,0.045,0.048,-0.996,0.000,0.000,0.000,-10.000,-17.000,-44.000,-0.0197,-0.0122,0.9996,-0.0164,0.00,0.00,0.00,2.94,86208.8,0,0.00,0.00,2
15459,0.045,0.048,-0.996,0.000,0.000,0.000,-10.000,-17.000,-44.000,-0.0222,-0.0141,0.9995,-0.0185,0.00,0.00,0.00,3.31,86208.8,0,0.00,0.00,2
15639,0.045,0.048,-0.996,0.000,0.000,0.000,-10.000,-17.000,-44.000,-0.0247,-0.0160,0.9994,-0.0205,0.00,0.00,0.00,3.68,86208.8,0,0.00,0.00,2
15835,0.045,0.048,-0.996,0.000,0.000,0.000,-10.000,-17.000,-44.000,-0.0271,-0.0181,0.9992,-0.0226,0.00,0.00,0.00,4.04,86208.8,0,0.00,0.00,2
16059,0.045,0.048,-0.996,0.000,0.000,0.000,-10.000,-17.000,-44.000,-0.0295,-0.0202,0.9991,-0.0246,0.00,0.00,0.00,4.40,86208.8,0,0.00,0.00,2
16239,0.045,0.048,-0.996,0.000,0.000,0.000,-10.000,-17.000,-44.000,-0.0318,-0.0223,0.9989,-0.0265,0.00,0.00,0.00,4.75,86208.8,0,0.00,0.00,2
16435,0.045,0.048,-0.996,0.000,0.000,0.000,-10.000,-17.000,-44.000,-0.0341,-0.0245,0.9987,-0.0284,0.00,0.00,0.00,5.08,86208.8,0,0.00,0.00,2
16659,0.045,0.048,-0.996,0.000,0.000,0.000,-10.000,-17.000,-44.000,-0.0363,-0.0268,0.9985,-0.0302,0.00,0.00,0.00,5.41,86208.8,0,0.00,0.00,2
16839,0.045,0.048,-0.996,0.000,0.000,0.000,-10.000,-17.000,-44.000,-0.0384,-0.0292,0.9983,-0.0320,0.00,0.00,0.00,5.73,86208.8,0,0.00,0.00,2
17035,0.045,0.048,-0.996,0.000,0.000,0.000,-10.000,-17.000,-44.000,-0.0405,-0.0316,0.9981,-0.0337,0.00,0.00,0.00,6.04,86208.8,0,0.00,0.00,2
17259,0.045,0.048,-0.996,0.000,0.000,0.000,-10.000,-17.000,-44.000,-0.0425,-0.0341,0.9979,-0.0354,0.00,0.00,0.00,6.33,86208.8,0,0.00,0.00,2
17439,0.045,0.048,-0.996,0.000,0.000,0.000,-10.000,-17.000,-44.000,-0.0444,-0.0366,0.9977,-0.0369,0.00,0.00,0.00,6.62,86208.8,0,0.00,0.00,2
17635,0.045,0.048,-0.996,0.000,0.000,0.000,-10.000,-17.000,-44.000,-0.0462,-0.0392,0.9974,-0.0384,0.00,0.00,0.00,6.89,86208.8,0,0.00,0.00,2
17859,0.045,0.048,-0.996,0.000,0.000,0.000,-10.000,-17.000,-44.000,-0.0479,-0.0419,0.9972,-0.0398,0.00,0.00,0.00,7.14,86208.8,0,0.00,0.00,2
18039,0.045,0.048,-0.996,0.000,0.000,0.000,-10.000,-17.000,-44.000,-0.0496,-0.0446,0.9969,-0.0411,0.00,0.00,0.00,7.38,86208.8,0,0.00,0.00,2
18235,0.045,0.048,-0.996,0.000,0.000,0.000,-10.000,-17.000,-44.000,-0.0511,-0.0474,0.9967,-0.0423,0.00,0.00,0.00,7.61,86208.8,0,0.00,0.00,2
18459,0.045,0.048,-0.996,0.000,0.000,0.000,-10.000,-17.000,-44.000,-0.0526,-0.0502,0.9964,-0.0434,0.00,0.00,0.00,7.82,86208.8,0,0.00,0.00,2
18639,0.045,0.048,-0.996,0.000,0.000,0.000,-10.000,-17.000,-44.000,-0.0540,-0.0531,0.9961,-0.0445,0.00,0.00,0.00,8.02,86208.8,0,0.00,0.00,2
18835,0.045,0.048,-0.996,0.000,0.000,0.000,-10.000,-17.000,-44.000,-0.0553,-0.0560,0.9959,-0.0454,0.00,0.00,0.00,8.21,86208.8,0,0.00,0.00,2
19059,0.045,0.048,-0.996,0.000,0.000,0.000,-10.000,-17.000,-44.000,-0.0565,-0.0590,0.9956,-0.0463,0.00,0.00,0.00,8.38,86208.8,0,0.00,0.00,2
19239,0.045,0.048,-0.996,0.000,0.000,0.000,-10.000,-17.000,-44.000,-0.0576,-0.0621,0.9953,-0.0471,0.00,0.00,0.00,8.53,86208.8,0,0.00,0.00,2
19435,0.045,0.048,-0.996,0.000,0.000,0.000,-10.000,-17.000,-44.000,-0.0586,-0.0652,0.9950,-0.0478,0.00,0.00,0.00,8.67,86208.8,0,0.00,0.00,2
19659,0.045,0.048,-0.996,0.000,0.000,0.000,-10.000,-17.000,-44.000,-0.0595,-0.0684,0.9947,-0.0484,0.00,0.00,0.00,8.80,86208.8,0,0.00,0.00,2
19839,0.045,0.048,-0.996,0.000,0.000,0.000,-10.000,-17.000,-44.000,-0.0604,-0.0716,0.9944,-0.0489,0.00,0.00,0.00,8.91,86208.8,0,0.00,0.00,2
20035,0.045,0.048,-0.996,0.000,0.000,0.000,-10.000,-17.000,-44.000,-0.0611,-0.0749,0.9941,-0.0493,0.00,0.00,0.00,9.01,86208.8,0,0.00,0.00,2
20259,0.045,0.048,-0.996,0.000,0.000,0.000,-10.000,-17.000,-44.000,-0.0618,-0.0783,0.9938,-0.0496,0.00,0.00,0.00,9.09,86208.8,0,0.00,0.00,2
20439,0.045,0.048,-0.996,0.000,0.000,0.000,-10.000,-17.000,-44.000,-0.0623,-0.0817,0.9935,-0.0499,0.00,0.00,0.00,9.16,86208.8,0,0.00,0.00,2
20635,0.045,0.048,-0.996,0.000,0.000,0.000,-10.000,-17.000,-44.000,-0.0628,-0.0851,0.9931,-0.0501,0.00,0.00,0.00,9.22,86208.8,0,0.00,0.00,2
20859,0.045,0.048,-0.996,0.000,0.000,0.000,-10.000,-17.000,-44.000,-0.0632,-0.0886,0.9928,-0.0501,0.00,0.00,0.00,9.26,86208.8,0,0.00,0.00,2
21039,0.045,0.048,-0.996,0.000,0.000,0.000,-10.000,-17.000,-44.000,-0.0636,-0.0922,0.9924,-0.0502,0.00,0.00,0.00,9.29,86208.8,0,0.00,0.00,2
21235,0.045,0.048,-0.996,0.000,0.000,0.000,-10.000,-17.000,-44.000,-0.0638,-0.0958,0.9921,-0.0501,0.00,0.00,0.00,9.31,86208.8,0,0.00,0.00,2
21459,0.045,0.048,-0.996,0.000,0.000,0.000,-10.000,-17.000,-44.000,-0.0640,-0.0994,0.9917,-0.0499,0.00,0.00,0.00,9.31,86208.8,0,0.00,0.00,2
21639,0.045,0.048,-0.996,0.000,0.000,0.000,-10.000,-17.000,-44.000,-0.0641,-0.1031,0.9914,-0.0497,0.00,0.00,0.00,9.31,86208.8,0,0.00,0.00,2
21835,0.045,0.048,-0.996,0.000,0.000,0.000,-10.000,-17.000,-44.000,-0.0641,-0.1069,0.9910,-0.0494,0.00,0.00,0.00,9.29,86208.8,0,0.00,0.00,2
22059,0.045,0.048,-0.996,0.000,0.000,0.000,-10.000,-17.000,-44.000,-0.0641,-0.1107,0.9906,-0.0491,0.00,0.00,0.00,9.26,86208.8,0,0.00,0.00,2
22239,0.045,0.048,-0.996,0.000,0.000,0.000,-10.000,-17.000,-44.000,-0.0640,-0.1146,0.9902,-0.0486,0.00,0.00,0.00,9.22,86208.8,0,0.00,0.00,2
22435,0.045,0.048,-0.996,0.000,0.000,0.000,-10.000,-17.000,-44.000,-0.0638,-0.1185,0.9897,-0.0482,0.00,0.00,0.00,9.17,86208.8,0,0.00,0.00,2
22659,0.045,0.048,-0.996,0.000,0.000,0.000,-10.000,-17.000,-44.000,-0.0636,-0.1225,0.9893,-0.0476,0.00,0.00,0.00,9.12,86208.8,0,0.00,0.00,2
22842,0.046,0.047,-1.003,0.061,0.000,0.122,-11.000,-17.000,-42.000,-0.0633,-0.1264,0.9888,-0.0469,-0.01,0.00,0.00,9.04,86200.6,0,0.00,0.00,2
23036,0.048,0.049,-1.002,0.061,-0.122,0.122,-13.000,-16.000,-44.000,-0.0627,-0.1303,0.9884,-0.0462,-0.02,-0.00,0.00,8.93,86229.1,0,0.00,0.00,2
23260,0.048,0.049,-0.995,0.122,-0.061,0.061,-11.000,-16.000,-44.000,-0.0622,-0.1343,0.9879,-0.0455,-0.04,-0.00,0.00,8.84,86222.7,0,0.00,0.00,2
23393,0.048,0.048,1.028,0.061,-0.061,0.244,-11.000,-16.000,-43.000,-0.0626,-0.1370,0.9876,-0.0447,-0.04,0.00,19.74,8.83,86214.7,0,0.00,0.00,3
23397,0.048,0.048,1.608,0.061,-0.183,0.366,-11.000,-15.000,-43.000,-0.0627,-0.1373,0.9875,-0.0447,-0.03,0.51,25.36,8.83,86211.7,0,0.00,0.00,3
23442,0.046,0.048,2.188,0.061,-0.183,0.488,-13.000,-15.000,-45.000,-0.0627,-0.1375,0.9875,-0.0448,-0.01,1.13,30.99,8.84,86209.8,0,0.00,0.00,3
23444,0.047,0.049,2.767,0.000,-0.061,0.366,-10.000,-17.000,-44.000,-0.0628,-0.1378,0.9874,-0.0448,0.01,1.86,36.59,8.85,86214.1,0,0.00,0.00,3
23460,0.043,0.048,2.764,0.122,0.000,0.427,-12.000,-17.000,-44.000,-0.0628,-0.1381,0.9874,-0.0449,0.06,2.59,36.56,8.86,86217.9,0,0.00,0.00,3
23502,0.048,0.048,2.771,0.000,-0.183,0.488,-12.000,-18.000,-43.000,-0.0629,-0.1384,0.9874,-0.0449,0.12,3.32,36.63,8.86,86208.2,0,0.00,0.00,3
23504,0.045,0.049,2.763,0.000,-0.061,0.427,-11.000,-17.000,-44.000,-0.0629,-0.1387,0.9873,-0.0449,0.19,4.05,36.55,8.87,86205.9,0,0.00,0.00,3
23517,0.045,0.049,2.763,0.122,-0.061,0.488,-11.000,-17.000,-44.000,-0.0630,-0.1390,0.9873,-0.0450,0.28,4.78,36.55,8.88,86222.1,0,0.00,0.00,3
23561,0.049,0.049,2.764,0.061,-0.061,0.610,-11.000,-17.000,-43.000,-0.0630,-0.1392,0.9872,-0.0450,0.38,5.52,36.56,8.89,86205.1,0,0.00,0.00,3
23563,0.050,0.049,2.761,-0.061,-0.122,0.488,-11.000,-18.000,-44.000,-0.0631,-0.1395,0.9872,-0.0451,0.50,6.25,36.52,8.89,86206.2,0,0.00,0.00,3
23577,0.047,0.048,2.758,-0.061,0.000,0.488,-10.000,-16.000,-44.000,-0.0632,-0.1397,0.9871,-0.0451,0.63,6.98,36.50,8.90,86209.4,0,0.00,0.00,3
23622,0.046,0.049,2.759,-0.061,0.000,0.427,-13.000,-19.000,-43.000,-0.0632,-0.1400,0.9871,-0.0451,0.77,7.71,36.51,8.91,86204.8,0,0.00,0.00,3
23624,0.046,0.051,2.754,-0.061,0.000,0.549,-11.000,-17.000,-44.000,-0.0633,-0.1403,0.9871,-0.0452,0.94,8.43,36.46,8.92,86201.3,0,0.00,0.00,3
23637,0.046,0.050,2.758,-0.061,-0.061,0.549,-12.000,-17.000,-44.000,-0.0633,-0.1406,0.9870,-0.0452,1.11,9.16,36.50,8.92,86200.5,0,0.00,0.00,3
23682,0.047,0.050,2.751,0.000,-0.061,0.427,-12.000,-17.000,-44.000,-0.0634,-0.1408,0.9870,-0.0452,1.30,9.89,36.43,8.93,86191.7,0,0.00,0.00,3
23684,0.047,0.049,2.759,0.000,-0.183,0.488,-12.000,-18.000,-43.000,-0.0634,-0.1411,0.9869,-0.0452,1.51,10.63,36.50,8.94,86186.7,0,0.00,0.00,3
23697,0.047,0.048,2.751,0.000,-0.122,0.488,-11.000,-18.000,-43.000,-0.0635,-0.1414,0.9869,-0.0453,1.73,11.36,36.43,8.95,86187.2,0,0.00,0.00,3
23742,0.048,0.049,2.748,0.000,-0.061,0.488,-12.000,-17.000,-44.000,-0.0635,-0.1417,0.9868,-0.0453,1.97,12.08,36.39,8.95,86196.2,0,0.00,0.00,3
23745,0.048,0.048,2.748,-0.061,-0.122,0.488,-10.000,-17.000,-43.000,-0.0636,-0.1419,0.9868,-0.0453,2.21,12.81,36.40,8.96,86190.7,0,0.00,0.00,3
23757,0.047,0.049,2.747,0.000,-0.061,0.488,-10.000,-18.000,-43.000,-0.0637,-0.1422,0.9867,-0.0454,2.48,13.54,36.39,8.97,86189.0,0,0.00,0.00,3
23802,0.048,0.049,2.750,0.000,-0.122,0.488,-11.000,-18.000,-43.000,-0.0637,-0.1425,0.9867,-0.0454,2.75,14.26,36.41,8.97,86190.9,0,0.00,0.00,3
23804,0.046,0.046,2.751,0.061,0.000,0.488,-11.000,-17.000,-44.000,-0.0638,-0.1427,0.9867,-0.0455,3.04,14.98,36.42,8.98,86193.1,0,0.00,0.00,3
23817,0.047,0.049,2.747,0.061,-0.183,0.427,-12.000,-16.000,-44.000,-0.0638,-0.1430,0.9866,-0.0455,3.35,15.72,36.39,8.99,86168.5,0,0.00,0.00,3
23863,0.046,0.048,2.750,0.000,0.061,0.427,-11.000,-17.000,-44.000,-0.0639,-0.1433,0.9866,-0.0455,3.67,16.44,36.41,9.00,86175.7,0,0.00,0.00,3
23866,0.017,0.095,2.743,-0.061,-0.122,0.488,-10.000,-17.000,-43.000,-0.0639,-0.1436,0.9865,-0.0456,4.01,17.17,36.42,9.01,86175.7,0,0.00,0.00,3
23877,0.012,0.093,2.742,1.038,0.244,1.404,-11.000,-17.000,-44.000,-0.0640,-0.1437,0.9865,-0.0458,4.36,17.90,36.41,9.03,86168.2,0,0.00,0.00,3
23922,0.011,0.094,2.745,2.014,0.549,2.319,-11.000,-16.000,-43.000,-0.0641,-0.1437,0.9865,-0.0462,4.72,18.63,36.44,9.06,86165.0,0,0.00,0.00,3
23924,0.009,0.093,2.740,3.052,0.855,3.235,-10.000,-16.000,-43.000,-0.0642,-0.1435,0.9865,-0.0468,5.10,19.35,36.39,9.12,86165.4,0,0.00,0.00,3
23936,0.009,0.090,2.742,4.028,1.343,4.395,-11.000,-15.000,-43.000,-0.0644,-0.1431,0.9865,-0.0476,5.49,20.08,36.40,9.19,86158.6,0,0.00,0.00,3
23982,0.008,0.088,2.741,5.188,1.465,5.371,-11.000,-16.000,-43.000,-0.0645,-0.1426,0.9865,-0.0486,5.91,20.81,36.39,9.27,86143.5,0,0.00,0.00,3
23984,0.009,0.082,2.745,6.165,1.831,6.409,-12.000,-16.000,-43.000,-0.0647,-0.1419,0.9865,-0.0498,6.33,21.54,36.42,9.37,86149.1,0,0.00,0.00,3
23997,0.009,0.078,2.746,7.324,2.075,7.385,-11.000,-17.000,-43.000,-0.0649,-0.1411,0.9865,-0.0513,6.77,22.28,36.41,9.49,86134.1,0,0.00,0.00,3
24042,0.007,0.073,2.749,8.423,2.624,8.545,-10.000,-17.000,-44.000,-0.0651,-0.1400,0.9866,-0.0529,7.23,23.01,36.43,9.63,86133.3,0,0.00,0.00,3
24045,0.010,0.068,2.748,9.460,2.930,9.705,-12.000,-17.000,-44.000,-0.0654,-0.1388,0.9866,-0.0548,7.71,23.76,36.41,9.78,86121.1,0,0.00,0.00,3
24057,0.010,0.062,2.747,10.681,3.296,10.742,-10.000,-18.000,-43.000,-0.0657,-0.1374,0.9867,-0.0568,8.19,24.49,36.38,9.96,86130.7,0,0.00,0.00,3
24102,0.016,0.055,2.751,11.841,3.479,11.780,-11.000,-17.000,-44.000,-0.0659,-0.1358,0.9868,-0.0591,8.69,25.21,36.40,10.16,86124.6,0,0.00,0.00,3
24104,0.017,0.044,2.753,12.878,3.784,12.939,-13.000,-16.000,-43.000,-0.0662,-0.1340,0.9868,-0.0616,9.20,25.95,36.39,10.38,86116.8,0,0.00,0.00,3
24117,0.023,0.037,2.754,13.977,4.150,14.099,-10.000,-18.000,-43.000,-0.0665,-0.1321,0.9869,-0.0643,9.72,26.67,36.36,10.62,86119.7,0,0.00,0.00,3
24162,0.023,0.024,2.758,15.320,4.334,15.198,-11.000,-18.000,-43.000,-0.0668,-0.1299,0.9870,-0.0673,10.27,27.41,36.36,10.88,86099.7,0,0.00,0.00,3
24164,0.029,0.016,2.763,16.296,4.639,16.418,-10.000,-19.000,-42.000,-0.0671,-0.1276,0.9870,-0.0704,10.84,28.15,36.36,11.17,86094.1,0,0.00,0.00,3
24177,0.032,0.003,2.767,17.395,4.883,17.395,-10.000,-19.000,-42.000,-0.0675,-0.1251,0.9871,-0.0738,11.41,28.89,36.36,11.48,86094.9,0,0.00,0.00,3
24221,0.038,-0.009,2.771,18.555,5.005,18.555,-13.000,-20.000,-43.000,-0.0678,-0.1224,0.9871,-0.0774,12.01,29.63,36.34,11.81,86082.7,0,0.00,0.00,3
24227,0.043,-0.022,2.775,19.409,5.249,19.714,-11.000,-19.000,-43.000,-0.0681,-0.1195,0.9872,-0.0811,12.62,30.38,36.32,12.16,86075.5,0,0.00,0.00,3
24237,0.051,-0.035,2.776,20.508,5.371,20.874,-12.000,-21.000,-43.000,-0.0684,-0.1164,0.9872,-0.0851,13.25,31.12,36.25,12.53,86068.5,0,0.00,0.00,3
24280,0.059,-0.050,2.779,21.423,5.493,21.973,-13.000,-19.000,-41.000,-0.0686,-0.1132,0.9872,-0.0892,13.88,31.85,36.20,12.92,86073.9,0,0.00,0.00,3
24283,0.065,-0.065,2.782,22.339,5.737,23.132,-11.000,-20.000,-41.000,-0.0689,-0.1097,0.9872,-0.0935,14.53,32.57,36.15,13.34,86066.6,0,0.00,0.00,3
24297,0.075,-0.081,2.788,23.193,5.615,24.231,-11.000,-23.000,-43.000,-0.0691,-0.1061,0.9871,-0.0979,15.19,33.31,36.11,13.77,86055.8,0,0.00,0.00,3
24341,0.083,-0.099,2.794,23.926,5.737,25.391,-11.000,-23.000,-41.000,-0.0693,-0.1023,0.9870,-0.1025,15.86,34.02,36.06,14.22,86055.4,0,0.00,0.00,3
24344,0.095,-0.117,2.796,24.719,5.554,26.428,-12.000,-23.000,-42.000,-0.0695,-0.0983,0.9869,-0.1073,16.55,34.74,35.95,14.69,86047.7,0,0.00,0.00,3
24357,0.102,-0.137,2.801,25.269,5.737,27.649,-9.000,-24.000,-42.000,-0.0696,-0.0940,0.9868,-0.1122,17.26,35.46,35.88,15.17,86038.9,0,0.00,0.00,3
24401,0.112,-0.158,2.805,25.879,5.493,28.748,-10.000,-24.000,-38.000,-0.0697,-0.0897,0.9866,-0.1171,17.99,36.20,35.78,15.67,86024.0,0,0.00,0.00,3
24404,0.123,-0.176,2.805,26.306,5.371,29.846,-10.000,-26.000,-41.000,-0.0697,-0.0851,0.9864,-0.1222,18.75,36.96,35.64,16.17,86007.5,0,0.00,0.00,3
24417,0.132,-0.196,2.812,26.550,5.188,31.067,-10.000,-24.000,-40.000,-0.0696,-0.0803,0.9862,-0.1273,19.51,37.69,35.55,16.69,86009.9,0,0.00,0.00,3
24462,0.145,-0.220,2.816,26.794,5.127,32.043,-9.000,-26.000,-40.000,-0.0695,-0.0753,0.9859,-0.1325,20.29,38.42,35.43,17.21,86005.0,0,0.00,0.00,3
24464,0.158,-0.241,2.823,27.039,4.822,33.203,-9.000,-25.000,-38.000,-0.0693,-0.0702,0.9855,-0.1377,21.07,39.13,35.31,17.74,86000.5,0,0.00,0.00,3
24477,0.168,-0.265,2.827,26.978,4.578,34.180,-10.000,-25.000,-39.000,-0.0691,-0.0649,0.9852,-0.1429,21.87,39.85,35.17,18.27,85987.5,0,0.00,0.00,3
24522,0.177,-0.288,2.829,26.855,4.272,35.400,-10.000,-27.000,-40.000,-0.0688,-0.0594,0.9848,-0.1481,22.71,40.59,35.00,18.79,85972.8,0,0.00,0.00,3
24525,0.192,-0.312,2.837,26.550,4.028,36.377,-8.000,-28.000,-38.000,-0.0684,-0.0537,0.9844,-0.1532,23.55,41.32,34.88,19.32,85969.0,0,0.00,0.00,3
24537,0.201,-0.336,2.838,26.062,3.723,37.354,-9.000,-28.000,-39.000,-0.0679,-0.0478,0.9839,-0.1583,24.40,42.04,34.69,19.84,85959.2,0,0.00,0.00,3
24582,0.210,-0.365,2.843,25.574,3.357,38.513,-8.000,-28.000,-38.000,-0.0673,-0.0418,0.9834,-0.1633,25.28,42.78,34.52,20.35,85947.2,0,0.00,0.00,3
24584,0.217,-0.389,2.843,24.902,3.052,39.551,-7.000,-28.000,-37.000,-0.0666,-0.0355,0.9829,-0.1682,26.19,43.51,34.32,20.84,85935.8,0,0.00,0.00,3
24597,0.229,-0.416,2.854,24.170,2.563,40.588,-6.000,-28.000,-38.000,-0.0659,-0.0291,0.9823,-0.1729,27.07,44.21,34.20,21.33,85940.8,0,0.00,0.00,3
24642,0.237,-0.441,2.856,23.071,2.319,41.687,-7.000,-29.000,-38.000,-0.0650,-0.0225,0.9817,-0.1775,28.01,44.94,34.01,21.79,85916.5,0,0.00,0.00,3
24644,0.242,-0.469,2.855,22.034,1.892,42.603,-8.000,-29.000,-37.000,-0.0641,-0.0158,0.9811,-0.1819,28.95,45.66,33.78,22.24,85911.7,0,0.00,0.00,3
24657,0.249,-0.493,2.860,20.691,1.648,43.579,-7.000,-31.000,-38.000,-0.0631,-0.0088,0.9805,-0.1861,29.90,46.37,33.62,22.66,85905.6,0,0.00,0.00,3
24701,0.252,-0.519,2.864,19.348,1.404,44.617,-7.000,-29.000,-38.000,-0.0620,-0.0017,0.9798,-0.1900,30.86,47.07,33.45,23.06,85897.1,0,0.00,0.00,3
24704,0.254,-0.542,2.867,17.822,1.160,45.654,-7.000,-31.000,-37.000,-0.0608,0.0056,0.9792,-0.1937,31.87,47.81,33.29,23.42,85873.3,0,0.00,0.00,3
24717,0.255,-0.566,2.871,16.235,0.977,46.631,-3.000,-30.000,-37.000,-0.0595,0.0131,0.9785,-0.1971,32.88,48.53,33.15,23.76,85869.6,0,0.00,0.00,3
24761,0.257,-0.590,2.873,14.526,0.793,47.546,-6.000,-31.000,-37.000,-0.0582,0.0207,0.9778,-0.2002,33.92,49.26,32.99,24.07,85855.5,0,0.00,0.00,3
24764,0.255,-0.611,2.878,12.695,0.732,48.523,-5.000,-29.000,-37.000,-0.0568,0.0285,0.9771,-0.2030,34.94,49.95,32.87,24.34,85854.7,0,0.00,0.00,3
24777,0.247,-0.627,2.879,10.925,0.732,49.622,-4.000,-31.000,-36.000,-0.0554,0.0366,0.9764,-0.2055,36.00,50.67,32.76,24.58,85838.6,0,0.00,0.00,3
24821,0.242,-0.650,2.882,8.972,0.671,50.476,-4.000,-33.000,-36.000,-0.0539,0.0447,0.9757,-0.2077,37.07,51.38,32.65,24.78,85829.1,0,0.00,0.00,3
24824,0.235,-0.661,2.887,6.897,0.671,51.331,-2.000,-34.000,-36.000,-0.0524,0.0531,0.9750,-0.2095,38.13,52.06,32.61,24.94,85826.4,0,0.00,0.00,3
24837,0.226,-0.677,2.889,5.005,0.916,52.429,-2.000,-33.000,-36.000,-0.0508,0.0616,0.9742,-0.2110,39.23,52.76,32.54,25.07,85807.8,0,0.00,0.00,3
24881,0.212,-0.685,2.892,3.113,1.038,53.406,-1.000,-32.000,-35.000,-0.0492,0.0704,0.9735,-0.2121,40.37,53.50,32.52,25.15,85787.8,0,0.00,0.00,3
24884,0.203,-0.695,2.889,1.038,1.221,54.321,0.000,-31.000,-36.000,-0.0476,0.0793,0.9727,-0.2129,41.50,54.21,32.45,25.20,85784.0,0,0.00,0.00,3
24897,0.188,-0.699,2.892,-1.038,1.587,55.298,0.000,-34.000,-36.000,-0.0459,0.0884,0.9719,-0.2133,42.68,54.95,32.48,25.21,85763.7,0,0.00,0.00,3
24941,0.171,-0.699,2.892,-2.747,2.014,56.091,1.000,-31.000,-37.000,-0.0443,0.0977,0.9711,-0.2134,43.84,55.66,32.50,25.18,85761.9,0,0.00,0.00,3
24944,0.153,-0.697,2.889,-4.517,2.441,57.068,2.000,-32.000,-35.000,-0.0427,0.1071,0.9702,-0.2132,45.03,56.38,32.51,25.12,85747.0,0,0.00,0.00,3
24959,0.131,-0.692,2.890,-6.287,2.808,58.105,2.000,-31.000,-38.000,-0.0410,0.1167,0.9693,-0.2127,46.23,57.11,32.59,25.02,85734.4,0,0.00,0.00,3
25001,0.115,-0.681,2.891,-7.874,3.479,58.899,3.000,-31.000,-36.000,-0.0394,0.1265,0.9683,-0.2118,47.42,57.80,32.69,24.89,85732.3,0,0.00,0.00,3
25004,0.095,-0.668,2.887,-9.277,3.906,59.875,3.000,-32.000,-37.000,-0.0378,0.1365,0.9672,-0.2108,48.64,58.52,32.77,24.73,85714.9,0,0.00,0.00,3
25017,0.074,-0.650,2.885,-10.498,4.517,60.852,6.000,-31.000,-35.000,-0.0363,0.1466,0.9661,-0.2094,49.85,59.21,32.89,24.54,85709.9,0,0.00,0.00,3
25061,0.052,-0.628,2.884,-11.475,4.944,61.646,5.000,-29.000,-36.000,-0.0347,0.1569,0.9649,-0.2079,51.06,59.89,33.03,24.33,85701.4,0,0.00,0.00,3
25063,0.031,-0.605,2.878,-12.512,5.371,62.561,4.000,-31.000,-36.000,-0.0332,0.1674,0.9635,-0.2062,52.38,60.67,33.15,24.11,85661.6,0,0.00,0.00,3
25077,0.010,-0.578,2.875,-13.245,5.981,63.354,7.000,-30.000,-36.000,-0.0317,0.1780,0.9621,-0.2043,53.65,61.39,33.30,23.86,85667.8,0,0.00,0.00,3
25121,-0.006,-0.550,2.873,-13.672,6.470,64.453,7.000,-29.000,-38.000,-0.0302,0.1887,0.9605,-0.2023,54.93,62.11,33.47,23.60,85656.6,0,0.00,0.00,3
25124,-0.024,-0.516,2.866,-13.977,6.836,65.308,7.000,-30.000,-37.000,-0.0287,0.1996,0.9588,-0.2002,56.23,62.83,33.61,23.33,85643.5,0,0.00,0.00,3
25137,-0.039,-0.481,2.861,-13.916,7.019,66.162,7.000,-29.000,-36.000,-0.0273,0.2107,0.9569,-0.1981,57.55,63.56,33.77,23.06,85627.7,0,0.00,0.00,3
25182,-0.053,-0.446,2.855,-13.794,7.202,67.017,9.000,-30.000,-37.000,-0.0258,0.2218,0.9549,-0.1959,58.90,64.31,33.91,22.80,85610.1,0,0.00,0.00,3
25184,-0.063,-0.407,2.849,-13.367,7.446,67.993,8.000,-29.000,-37.000,-0.0244,0.2331,0.9526,-0.1938,60.25,65.05,34.07,22.53,85602.2,0,0.00,0.00,3
25197,-0.074,-0.372,2.845,-12.695,7.446,68.848,9.000,-28.000,-37.000,-0.0229,0.2445,0.9502,-0.1918,61.63,65.80,34.22,22.28,85585.3,0,0.00,0.00,3
25241,-0.081,-0.332,2.837,-11.902,7.263,69.763,9.000,-29.000,-38.000,-0.0214,0.2560,0.9476,-0.1899,63.00,66.53,34.35,22.04,85577.1,0,0.00,0.00,3
25244,-0.085,-0.296,2.834,-10.864,7.019,70.618,10.000,-28.000,-38.000,-0.0199,0.2676,0.9448,-0.1882,64.42,67.31,34.49,21.82,85553.3,0,0.00,0.00,3
25257,-0.087,-0.262,2.828,-9.827,6.531,71.594,11.000,-28.000,-38.000,-0.0183,0.2793,0.9417,-0.1866,65.82,68.04,34.60,21.62,85549.9,0,0.00,0.00,3
25301,-0.086,-0.232,2.819,-8.484,5.920,72.449,11.000,-28.000,-38.000,-0.0167,0.2910,0.9384,-0.1853,67.24,68.78,34.66,21.44,85535.2,0,0.00,0.00,3
25304,-0.087,-0.202,2.817,-7.080,5.188,73.181,11.000,-28.000,-38.000,-0.0150,0.3028,0.9350,-0.1842,68.73,69.59,34.77,21.30,85504.5,0,0.00,0.00,3
25317,-0.085,-0.175,2.814,-5.554,4.211,74.158,13.000,-25.000,-38.000,-0.0132,0.3147,0.9312,-0.1833,70.17,70.33,34.86,21.18,85508.0,0,0.00,0.00,3
25361,-0.084,-0.155,2.810,-4.028,3.113,75.012,13.000,-28.000,-39.000,-0.0112,0.3267,0.9272,-0.1828,71.64,71.08,34.91,21.10,85491.0,0,0.00,0.00,3
25364,-0.080,-0.139,2.809,-2.502,2.014,75.867,14.000,-23.000,-38.000,-0.0091,0.3387,0.9230,-0.1825,73.15,71.85,34.96,21.06,85469.3,0,0.00,0.00,3
25377,-0.077,-0.127,2.808,-0.977,0.793,76.721,14.000,-25.000,-38.000,-0.0069,0.3507,0.9185,-0.1825,74.66,72.62,34.99,21.05,85457.4,0,0.00,0.00,3
25421,-0.080,-0.122,2.810,0.488,-0.549,77.637,14.000,-25.000,-38.000,-0.0046,0.3628,0.9138,-0.1828,76.22,73.41,35.02,21.07,85435.2,0,0.00,0.00,3
25424,-0.080,-0.120,2.812,1.953,-2.014,78.491,16.000,-23.000,-37.000,-0.0020,0.3749,0.9088,-0.1834,77.76,74.17,35.02,21.14,85427.4,0,0.00,0.00,3
25437,-0.083,-0.128,2.815,3.235,-3.540,79.407,17.000,-23.000,-38.000,0.0007,0.3870,0.9035,-0.1843,79.36,74.97,35.00,21.24,85401.4,0,0.00,0.00,3
25481,-0.088,-0.138,2.817,4.395,-4.944,80.261,19.000,-23.000,-37.000,0.0036,0.3991,0.8980,-0.1854,80.94,75.74,34.96,21.37,85395.2,0,0.00,0.00,3
25484,-0.099,-0.153,2.820,5.432,-6.531,81.116,16.000,-25.000,-38.000,0.0067,0.4113,0.8922,-0.1867,82.53,76.50,34.88,21.54,85380.0,0,0.00,0.00,3
25497,-0.115,-0.172,2.826,6.348,-7.874,82.031,19.000,-22.000,-38.000,0.0099,0.4235,0.8861,-0.1883,84.17,77.30,34.80,21.73,85355.7,0,0.00,0.00,3
25542,-0.135,-0.194,2.836,6.958,-9.155,82.764,19.000,-22.000,-37.000,0.0134,0.4356,0.8798,-0.1900,85.78,78.04,34.74,21.96,85352.5,0,0.00,0.00,3
25544,-0.159,-0.220,2.840,7.385,-10.376,83.740,19.000,-21.000,-37.000,0.0170,0.4478,0.8732,-0.1918,87.39,78.78,34.59,22.20,85338.6,0,0.00,0.00,3
25557,-0.188,-0.245,2.846,7.813,-11.475,84.656,21.000,-22.000,-37.000,0.0208,0.4600,0.8663,-0.1937,89.06,79.55,34.44,22.47,85312.5,0,0.00,0.00,3
25601,-0.222,-0.273,2.859,7.935,-12.207,85.510,22.000,-20.000,-38.000,0.0247,0.4722,0.8591,-0.1957,90.77,80.34,34.33,22.75,85288.3,0,0.00,0.00,3
25604,-0.256,-0.300,2.866,7.813,-12.817,86.304,23.000,-19.000,-37.000,0.0288,0.4844,0.8518,-0.1976,92.49,81.12,34.16,23.04,85273.0,0,0.00,0.00,3
25617,-0.300,-0.324,2.879,7.629,-13.245,87.158,24.000,-19.000,-37.000,0.0330,0.4966,0.8441,-0.1995,94.20,81.88,34.02,23.34,85262.7,0,0.00,0.00,3
25661,-0.346,-0.346,2.883,7.202,-13.428,87.891,24.000,-19.000,-38.000,0.0372,0.5088,0.8362,-0.2014,95.92,82.62,33.79,23.63,85246.9,0,0.00,0.00,3
25663,-0.394,-0.366,2.897,6.775,-13.245,88.806,25.000,-19.000,-37.000,0.0415,0.5210,0.8280,-0.2030,97.63,83.34,33.65,23.92,85237.8,0,0.00,0.00,3
25677,-0.446,-0.380,2.905,6.103,-12.939,89.783,26.000,-18.000,-38.000,0.0458,0.5332,0.8196,-0.2046,99.38,84.08,33.44,24.20,85214.4,0,0.00,0.00,3
25721,-0.490,-0.388,2.911,5.554,-12.268,90.637,25.000,-17.000,-35.000,0.0501,0.5455,0.8109,-0.2059,101.16,84.83,33.26,24.47,85192.5,0,0.00,0.00,3
25728,-0.538,-0.395,2.918,4.639,-11.169,91.370,27.000,-16.000,-38.000,0.0544,0.5577,0.8020,-0.2069,102.96,85.58,33.08,24.71,85173.9,0,0.00,0.00,3
25737,-0.582,-0.393,2.929,3.906,-10.132,92.285,27.000,-13.000,-37.000,0.0586,0.5700,0.7928,-0.2077,104.77,86.32,32.96,24.92,85156.2,0,0.00,0.00,3
25781,-0.622,-0.384,2.930,3.174,-8.728,93.079,27.000,-16.000,-37.000,0.0627,0.5822,0.7834,-0.2081,106.56,87.03,32.79,25.11,85148.6,0,0.00,0.00,3
25784,-0.659,-0.370,2.934,2.563,-7.141,94.116,28.000,-13.000,-36.000,0.0667,0.5946,0.7737,-0.2083,108.36,87.74,32.68,25.27,85130.2,0,0.00,0.00,3
25797,-0.690,-0.351,2.934,2.014,-5.615,94.849,28.000,-13.000,-36.000,0.0706,0.6069,0.7638,-0.2082,110.21,88.46,32.56,25.39,85106.7,0,0.00,0.00,3
25841,-0.710,-0.331,2.937,1.465,-3.906,95.703,28.000,-10.000,-35.000,0.0743,0.6192,0.7536,-0.2077,112.02,89.15,32.51,25.49,85100.3,0,0.00,0.00,3
25844,-0.726,-0.302,2.937,1.099,-2.075,96.619,30.000,-10.000,-35.000,0.0778,0.6315,0.7432,-0.2069,113.87,89.86,32.49,25.54,85074.6,0,0.00,0.00,3
25857,-0.729,-0.274,2.938,0.671,-0.183,97.412,31.000,-9.000,-35.000,0.0811,0.6439,0.7325,-0.2058,115.79,90.62,32.52,25.56,85042.9,0,0.00,0.00,3
25902,-0.726,-0.247,2.938,0.549,1.404,98.328,30.000,-8.000,-36.000,0.0843,0.6562,0.7215,-0.2045,117.71,91.36,32.58,25.55,85028.8,0,0.00,0.00,3
25904,-0.714,-0.214,2.938,0.488,2.991,99.304,30.000,-6.000,-35.000,0.0872,0.6685,0.7102,-0.2028,119.63,92.09,32.68,25.51,85012.2,0,0.00,0.00,3
25917,-0.696,-0.189,2.935,0.488,4.272,100.037,31.000,-8.000,-35.000,0.0901,0.6807,0.6986,-0.2010,121.54,92.80,32.77,25.44,85002.4,0,0.00,0.00,3
25962,-0.669,-0.161,2.929,0.671,5.493,100.830,31.000,-5.000,-36.000,0.0927,0.6929,0.6868,-0.1989,123.46,93.51,32.89,25.36,84982.6,0,0.00,0.00,3
25964,-0.639,-0.138,2.926,0.916,6.592,101.685,32.000,-5.000,-36.000,0.0952,0.7051,0.6746,-0.1967,125.45,94.28,33.04,25.24,84949.3,0,0.00,0.00,3
25977,-0.602,-0.117,2.925,1.038,7.202,102.539,32.000,-4.000,-36.000,0.0977,0.7171,0.6622,-0.1943,127.44,95.03,33.24,25.12,84934.1,0,0.00,0.00,3
26021,-0.561,-0.102,2.914,1.465,7.690,103.516,31.000,-2.000,-37.000,0.1000,0.7291,0.6494,-0.1919,129.44,95.78,33.35,24.99,84916.3,0,0.00,0.00,3
26024,-0.521,-0.091,2.907,1.709,7.813,104.309,31.000,-1.000,-36.000,0.1022,0.7409,0.6363,-0.1893,131.44,96.52,33.49,24.85,84900.0,0,0.00,0.00,3
26037,-0.481,-0.085,2.902,1.892,7.813,105.103,32.000,1.000,-36.000,0.1045,0.7525,0.6228,-0.1868,133.44,97.25,33.66,24.71,84884.3,0,0.00,0.00,3
26081,-0.441,-0.081,2.894,2.075,7.202,106.018,31.000,2.000,-35.000,0.1068,0.7640,0.6091,-0.1842,135.48,98.01,33.78,24.58,84858.6,0,0.00,0.00,3
26084,-0.405,-0.084,2.889,2.197,6.287,106.812,31.000,4.000,-37.000,0.1091,0.7753,0.5950,-0.1817,137.49,98.73,33.92,24.47,84849.6,0,0.00,0.00,3
26097,-0.377,-0.085,2.886,2.075,5.493,107.727,31.000,4.000,-36.000,0.1116,0.7864,0.5805,-0.1792,139.49,99.42,34.03,24.37,84837.0,0,0.00,0.00,3
26141,-0.354,-0.087,2.879,1.892,4.395,108.643,30.000,5.000,-37.000,0.1142,0.7973,0.5657,-0.1768,141.52,100.14,34.10,24.29,84811.2,0,0.00,0.00,3
26144,-0.338,-0.090,2.878,1.587,3.052,109.192,30.000,7.000,-37.000,0.1169,0.8079,0.5507,-0.1744,143.61,100.90,34.18,24.24,84782.2,0,0.00,0.00,3
26157,-0.329,-0.088,2.875,1.099,1.587,110.230,29.000,7.000,-36.000,0.1198,0.8182,0.5353,-0.1721,145.72,101.66,34.20,24.21,84757.9,0,0.00,0.00,3
26201,-0.327,-0.086,2.870,0.366,0.183,111.206,28.000,8.000,-37.000,0.1230,0.8283,0.5195,-0.1699,147.85,102.43,34.18,24.22,84737.4,0,0.00,0.00,3
26204,-0.332,-0.076,2.869,-0.305,-1.221,111.999,28.000,10.000,-37.000,0.1264,0.8381,0.5034,-0.1677,149.99,103.19,34.16,24.25,84716.5,0,0.00,0.00,3
26217,-0.342,-0.059,2.874,-1.099,-2.502,112.854,29.000,10.000,-35.000,0.1300,0.8476,0.4870,-0.1656,152.17,103.97,34.16,24.31,84691.7,0,0.00,0.00,3
26262,-0.354,-0.037,2.873,-1.892,-3.784,113.586,29.000,11.000,-36.000,0.1338,0.8568,0.4703,-0.1635,154.28,104.67,34.08,24.39,84690.7,0,0.00,0.00,3
26264,-0.372,-0.009,2.882,-2.930,-4.822,114.502,29.000,14.000,-37.000,0.1378,0.8657,0.4533,-0.1614,156.41,105.38,34.05,24.51,84669.4,0,0.00,0.00,3
26277,-0.393,0.029,2.879,-3.723,-5.676,115.356,29.000,14.000,-37.000,0.1420,0.8743,0.4360,-0.1593,158.58,106.11,33.89,24.64,84641.4,0,0.00,0.00,3
26322,-0.410,0.074,2.887,-4.639,-6.165,116.211,28.000,15.000,-37.000,0.1463,0.8825,0.4184,-0.1571,160.77,106.84,33.81,24.79,84618.4,0,0.00,0.00,3
26324,-0.426,0.124,2.886,-5.371,-6.653,117.004,26.000,16.000,-37.000,0.1508,0.8904,0.4006,-0.1548,162.93,107.53,33.63,24.96,84609.0,0,0.00,0.00,3
26337,-0.440,0.178,2.892,-5.859,-6.836,117.920,26.000,19.000,-37.000,0.1553,0.8980,0.3824,-0.1525,165.11,108.22,33.50,25.14,84586.4,0,0.00,0.00,3
26382,-0.447,0.236,2.898,-6.348,-6.653,118.774,26.000,18.000,-36.000,0.1598,0.9053,0.3640,-0.1500,167.31,108.92,33.38,25.32,84563.5,0,0.00,0.00,3
26384,-0.449,0.289,2.898,-6.470,-6.348,119.629,25.000,19.000,-36.000,0.1643,0.9122,0.3453,-0.1473,169.55,109.63,33.22,25.50,84534.2,0,0.00,0.00,3
26397,-0.445,0.349,2.906,-6.348,-5.859,120.422,23.000,21.000,-36.000,0.1688,0.9188,0.3263,-0.1445,171.77,110.31,33.11,25.67,84523.7,0,0.00,0.00,3
26442,-0.436,0.401,2.904,-6.165,-5.188,121.338,23.000,21.000,-35.000,0.1731,0.9251,0.3070,-0.1415,174.03,111.01,32.95,25.84,84493.3,0,0.00,0.00,3
26444,-0.425,0.449,2.903,-5.615,-4.578,122.192,22.000,23.000,-36.000,0.1772,0.9310,0.2875,-0.1383,176.26,111.68,32.79,25.99,84480.8,0,0.00,0.00,3
26459,-0.403,0.491,2.902,-4.944,-3.784,123.047,21.000,24.000,-36.000,0.1812,0.9366,0.2678,-0.1350,178.52,112.35,32.69,26.12,84456.6,0,0.00,0.00,3
26502,-0.380,0.524,2.906,-3.967,-3.052,123.840,22.000,23.000,-35.000,0.1849,0.9419,0.2478,-0.1315,180.80,113.02,32.65,26.22,84435.0,0,0.00,0.00,3
26504,-0.354,0.549,2.906,-2.930,-2.197,124.634,21.000,26.000,-36.000,0.1883,0.9468,0.2275,-0.1277,183.07,113.68,32.61,26.31,84416.2,0,0.00,0.00,3
26517,-0.328,0.566,2.899,-1.831,-1.465,125.549,18.000,26.000,-35.000,0.1915,0.9514,0.2070,-0.1239,185.37,114.35,32.53,26.37,84390.2,0,0.00,0.00,3
26562,-0.303,0.574,2.899,-0.732,-0.977,126.404,17.000,27.000,-35.000,0.1944,0.9556,0.1863,-0.1199,187.70,115.03,32.54,26.40,84363.0,0,0.00,0.00,3
26564,-0.280,0.574,2.895,0.488,-0.488,127.380,16.000,29.000,-35.000,0.1970,0.9594,0.1653,-0.1157,190.05,115.72,32.53,26.42,84338.4,0,0.00,0.00,3
26577,-0.262,0.568,2.896,1.404,-0.305,128.052,14.000,28.000,-36.000,0.1994,0.9628,0.1441,-0.1115,192.42,116.42,32.58,26.41,84314.1,0,0.00,0.00,3
26622,-0.245,0.556,2.893,2.441,-0.183,128.967,13.000,29.000,-35.000,0.2015,0.9658,0.1227,-0.1072,194.75,117.07,32.63,26.39,84305.6,0,0.00,0.00,3
26624,-0.236,0.542,2.888,3.113,0.061,129.761,14.000,28.000,-37.000,0.2035,0.9684,0.1011,-0.1027,197.12,117.74,32.65,26.35,84277.4,0,0.00,0.00,3
26637,-0.226,0.527,2.889,3.540,0.122,130.554,11.000,31.000,-35.000,0.2052,0.9705,0.0793,-0.0982,199.51,118.42,32.73,26.30,84249.9,0,0.00,0.00,3
26682,-0.221,0.513,2.882,4.028,-0.061,131.470,9.000,28.000,-35.000,0.2069,0.9722,0.0572,-0.0937,201.91,119.10,32.74,26.25,84228.2,0,0.00,0.00,3
26684,-0.218,0.502,2.881,3.967,-0.305,132.385,7.000,31.000,-37.000,0.2084,0.9734,0.0350,-0.0891,204.33,119.79,32.79,26.20,84203.4,0,0.00,0.00,3
26697,-0.215,0.493,2.879,3.723,-0.488,133.057,7.000,31.000,-36.000,0.2099,0.9740,0.0127,-0.0844,206.76,120.46,32.83,26.15,84181.8,0,0.00,0.00,3
26742,-0.210,0.490,2.874,3.113,-0.671,133.911,4.000,32.000,-35.000,0.2114,0.9741,-0.0098,-0.0797,209.23,121.17,32.81,26.11,84149.8,0,0.00,0.00,3
26744,-0.202,0.486,2.867,2.502,-0.610,134.827,4.000,33.000,-37.000,0.2129,0.9737,-0.0324,-0.0749,211.69,121.86,32.79,26.08,84131.2,0,0.00,0.00,3
26757,-0.194,0.490,2.868,1.465,-0.732,135.559,2.000,32.000,-36.000,0.2144,0.9727,-0.0552,-0.0701,214.17,122.55,32.81,26.08,84106.6,0,0.00,0.00,3
26801,-0.179,0.499,2.864,0.549,-0.610,136.475,1.000,30.000,-36.000,0.2161,0.9711,-0.0780,-0.0652,216.67,123.25,32.77,26.09,84080.6,0,0.00,0.00,3
26804,-0.157,0.506,2.864,-0.488,-0.366,137.329,-2.000,33.000,-36.000,0.2178,0.9689,-0.1009,-0.0602,219.19,123.95,32.76,26.11,84054.9,0,0.00,0.00,3
26817,-0.129,0.517,2.858,-1.465,-0.061,138.184,-1.000,32.000,-37.000,0.2195,0.9661,-0.1239,-0.0551,221.73,124.65,32.68,26.16,84030.4,0,0.00,0.00,3
26862,-0.100,0.524,2.856,-2.624,0.244,138.977,-5.000,32.000,-37.000,0.2214,0.9628,-0.1469,-0.0499,224.26,125.33,32.63,26.23,84009.9,0,0.00,0.00,3
26864,-0.061,0.532,2.857,-3.479,0.610,139.648,-5.000,31.000,-37.000,0.2232,0.9588,-0.1699,-0.0445,226.80,126.00,32.60,26.31,83987.7,0,0.00,0.00,3
26877,-0.016,0.539,2.850,-4.150,1.221,140.503,-6.000,31.000,-36.000,0.2251,0.9542,-0.1929,-0.0391,229.33,126.66,32.49,26.42,83966.9,0,0.00,0.00,3
26922,0.029,0.542,2.845,-4.700,1.770,141.541,-10.000,29.000,-38.000,0.2270,0.9491,-0.2160,-0.0335,231.94,127.37,32.39,26.53,83927.5,0,0.00,0.00,3
26924,0.072,0.540,2.841,-5.005,2.136,142.273,-10.000,29.000,-35.000,0.2288,0.9433,-0.2390,-0.0278,234.52,128.05,32.32,26.65,83911.4,0,0.00,0.00,3
26937,0.119,0.532,2.836,-5.066,2.380,143.127,-12.000,30.000,-36.000,0.2305,0.9369,-0.2621,-0.0221,237.12,128.71,32.23,26.77,83887.4,0,0.00,0.00,3
26981,0.163,0.523,2.827,-5.066,2.686,144.043,-12.000,29.000,-36.000,0.2320,0.9299,-0.2850,-0.0162,239.73,129.39,32.10,26.90,83860.2,0,0.00,0.00,3
26983,0.204,0.511,2.820,-4.700,2.747,144.775,-15.000,28.000,-35.000,0.2334,0.9223,-0.3080,-0.0103,242.36,130.06,32.00,27.02,83835.4,0,0.00,0.00,3
26997,0.241,0.496,2.814,-4.211,2.686,145.569,-16.000,28.000,-35.000,0.2346,0.9141,-0.3309,-0.0043,245.03,130.75,31.92,27.14,83801.9,0,0.00,0.00,3
27030,0.272,0.478,2.809,-3.723,2.563,146.484,-17.000,27.000,-35.000,0.2355,0.9052,-0.3537,0.0018,247.65,131.39,31.85,27.24,83793.1,0,0.00,0.00,3
27037,0.303,0.463,2.797,-3.052,2.136,147.217,-19.000,27.000,-34.000,0.2361,0.8958,-0.3764,0.0079,250.32,132.05,31.71,27.33,83757.8,0,0.00,0.00,3
27056,0.325,0.448,2.791,-2.380,1.709,148.071,-19.000,23.000,-35.000,0.2364,0.8858,-0.3990,0.0139,253.00,132.73,31.63,27.40,83730.1,0,0.00,0.00,3
27100,0.346,0.433,2.782,-1.648,1.038,148.926,-21.000,23.000,-35.000,0.2365,0.8752,-0.4216,0.0200,255.66,133.36,31.53,27.46,83715.4,0,0.00,0.00,3
27103,0.364,0.417,2.777,-1.099,0.427,149.658,-22.000,24.000,-36.000,0.2362,0.8640,-0.4440,0.0260,258.32,133.96,31.48,27.49,83695.2,0,0.00,0.00,3
27117,0.383,0.405,2.774,-0.671,-0.122,150.574,-24.000,23.000,-35.000,0.2357,0.8521,-0.4662,0.0320,261.05,134.64,31.43,27.52,83650.9,0,0.00,0.00,3
27160,0.401,0.391,2.771,-0.305,-0.855,151.428,-24.000,20.000,-35.000,0.2349,0.8396,-0.4883,0.0379,263.76,135.28,31.38,27.53,83633.0,0,0.00,0.00,3
27163,0.417,0.378,2.766,-0.122,-1.282,152.161,-25.000,20.000,-35.000,0.2339,0.8265,-0.5102,0.0438,266.54,135.97,31.32,27.53,83594.1,0,0.00,0.00,3
27177,0.437,0.365,2.764,0.061,-1.831,153.076,-27.000,19.000,-37.000,0.2326,0.8127,-0.5319,0.0496,269.32,136.65,31.27,27.52,83568.2,0,0.00,0.00,3
27220,0.454,0.347,2.762,0.000,-1.770,153.809,-27.000,17.000,-36.000,0.2312,0.7983,-0.5533,0.0555,272.10,137.30,31.25,27.50,83548.6,0,0.00,0.00,3
27226,0.470,0.326,2.762,-1.892,-2.502,160.828,-29.000,14.000,-35.000,0.2297,0.7826,-0.5754,0.0613,274.93,138.00,31.25,27.50,83508.8,0,0.00,0.00,3
27237,0.488,0.308,2.763,-0.122,-1.831,155.395,-28.000,14.000,-36.000,0.2279,0.7668,-0.5962,0.0672,277.72,138.65,31.23,27.49,83496.5,0,0.00,0.00,3
27280,0.508,0.281,2.762,-0.244,-1.221,156.250,-30.000,11.000,-35.000,0.2261,0.7505,-0.6167,0.0731,280.51,139.28,31.21,27.49,83473.8,0,0.00,0.00,3
27283,0.522,0.254,2.758,-0.427,-0.855,157.043,-31.000,11.000,-35.000,0.2241,0.7334,-0.6369,0.0790,283.36,139.96,31.18,27.49,83432.0,0,0.00,0.00,3
27297,0.541,0.221,2.755,-0.610,-0.122,157.776,-29.000,7.000,-36.000,0.2221,0.7157,-0.6566,0.0850,286.22,140.63,31.13,27.51,83407.4,0,0.00,0.00,3
27340,0.550,0.190,2.754,-0.488,0.488,158.691,-31.000,8.000,-35.000,0.2199,0.6974,-0.6760,0.0910,289.10,141.32,31.13,27.54,83376.6,0,0.00,0.00,3
27343,0.561,0.154,2.750,-0.488,1.282,159.485,-31.000,5.000,-36.000,0.2177,0.6785,-0.6949,0.0971,291.98,141.98,31.08,27.58,83354.2,0,0.00,0.00,3
27357,0.567,0.121,2.744,-0.305,1.953,160.156,-34.000,3.000,-36.000,0.2153,0.6589,-0.7133,0.1033,294.86,142.63,31.02,27.63,83329.3,0,0.00,0.00,3
27400,0.569,0.087,2.739,-0.183,2.624,161.011,-32.000,0.000,-36.000,0.2128,0.6387,-0.7313,0.1096,297.81,143.34,30.98,27.70,83285.4,0,0.00,0.00,3
27403,0.570,0.055,2.734,0.000,3.113,161.804,-32.000,0.000,-35.000,0.2102,0.6179,-0.7487,0.1158,300.70,143.97,30.92,27.78,83277.3,0,0.00,0.00,3
27417,0.572,0.026,2.730,0.427,3.357,162.720,-32.000,-3.000,-35.000,0.2074,0.5965,-0.7657,0.1221,303.64,144.64,30.86,27.86,83240.3,0,0.00,0.00,3
27460,0.572,-0.005,2.724,0.671,3.601,163.452,-31.000,-5.000,-35.000,0.2044,0.5746,-0.7820,0.1285,306.60,145.31,30.79,27.94,83208.3,0,0.00,0.00,3
27463,0.575,-0.034,2.720,0.793,3.601,164.246,-32.000,-8.000,-36.000,0.2013,0.5520,-0.7979,0.1347,309.56,145.97,30.71,28.03,83183.8,0,0.00,0.00,3
27477,0.575,-0.062,2.714,0.855,3.418,164.978,-29.000,-8.000,-35.000,0.1979,0.5290,-0.8131,0.1409,312.53,146.62,30.61,28.12,83158.4,0,0.00,0.00,3
27520,0.574,-0.089,2.714,0.977,3.052,165.771,-32.000,-10.000,-35.000,0.1942,0.5054,-0.8278,0.1470,315.53,147.29,30.58,28.20,83124.0,0,0.00,0.00,3
27523,0.572,-0.116,2.707,0.916,2.624,166.687,-31.000,-13.000,-35.000,0.1904,0.4813,-0.8419,0.1529,318.55,147.96,30.48,28.27,83093.0,0,0.00,0.00,3
27537,0.573,-0.146,2.710,0.855,2.136,167.419,-29.000,-14.000,-35.000,0.1862,0.4567,-0.8553,0.1588,321.57,148.63,30.45,28.33,83066.1,0,0.00,0.00,3
27580,0.564,-0.180,2.705,0.732,1.587,168.213,-30.000,-14.000,-35.000,0.1819,0.4316,-0.8681,0.1644,324.59,149.27,30.38,28.38,83043.5,0,0.00,0.00,3
27583,0.560,-0.212,2.701,0.427,1.099,169.067,-28.000,-18.000,-35.000,0.1772,0.4060,-0.8803,0.1699,327.61,149.90,30.31,28.42,83016.2,0,0.00,0.00,3
27597,0.547,-0.249,2.699,0.061,0.732,169.800,-26.000,-17.000,-35.000,0.1724,0.3800,-0.8918,0.1752,330.65,150.54,30.27,28.46,82984.0,0,0.00,0.00,3
27640,0.531,-0.283,2.700,-0.244,0.366,170.593,-26.000,-20.000,-36.000,0.1674,0.3535,-0.9025,0.1803,333.74,151.21,30.26,28.48,82947.0,0,0.00,0.00,3
27643,0.509,-0.319,2.697,-0.488,0.244,171.387,-24.000,-21.000,-35.000,0.1622,0.3266,-0.9126,0.1852,336.81,151.86,30.24,28.50,82923.7,0,0.00,0.00,3
27657,0.482,-0.354,2.695,-0.793,0.000,172.180,-22.000,-25.000,-34.000,0.1567,0.2993,-0.9218,0.1899,339.90,152.51,30.24,28.51,82893.9,0,0.00,0.00,3
27700,0.453,-0.386,2.691,-0.793,-0.061,173.035,-23.000,-24.000,-34.000,0.1511,0.2716,-0.9304,0.1945,342.97,153.13,30.21,28.52,82873.3,0,0.00,0.00,3
27703,0.416,-0.417,2.689,-0.732,0.061,173.828,-21.000,-25.000,-35.000,0.1454,0.2435,-0.9381,0.1990,346.09,153.77,30.23,28.53,82834.9,0,0.00,0.00,3
27717,0.381,-0.441,2.682,-0.610,0.244,174.622,-18.000,-26.000,-35.000,0.1395,0.2151,-0.9450,0.2033,349.23,154.43,30.20,28.55,82801.1,0,0.00,0.00,3
27760,0.346,-0.462,2.679,-0.366,0.305,175.476,-18.000,-26.000,-35.000,0.1334,0.1863,-0.9510,0.2076,352.38,155.09,30.19,28.57,82771.0,0,0.00,0.00,3
27763,0.309,-0.481,2.670,0.183,0.427,176.208,-15.000,-29.000,-34.000,0.1272,0.1573,-0.9562,0.2117,355.55,155.75,30.14,28.60,82740.6,0,0.00,0.00,3
27777,0.274,-0.496,2.666,0.549,0.549,177.002,-14.000,-29.000,-35.000,0.1208,0.1280,-0.9604,0.2158,358.77,156.44,30.11,28.64,82702.4,0,0.00,0.00,3
27820,0.244,-0.513,2.665,0.977,0.488,177.673,-12.000,-29.000,-35.000,0.1143,0.0985,-0.9638,0.2197,361.99,157.12,30.09,28.68,82673.0,0,0.00,0.00,3
27823,0.217,-0.524,2.657,1.526,0.610,178.589,-8.000,-32.000,-35.000,0.1076,0.0688,-0.9663,0.2236,365.20,157.78,30.00,28.73,82648.0,0,0.00,0.00,3
27837,0.187,-0.538,2.654,1.953,0.488,179.321,-8.000,-32.000,-35.000,0.1008,0.0388,-0.9678,0.2273,368.44,158.45,29.94,28.80,82613.9,0,0.00,0.00,3
27880,0.161,-0.556,2.647,2.197,0.244,180.054,-6.000,-35.000,-34.000,0.0938,0.0088,-0.9684,0.2309,371.67,159.10,29.82,28.86,82587.7,0,0.00,0.00,3
27883,0.134,-0.570,2.647,2.441,0.183,180.969,-4.000,-33.000,-35.000,0.0866,-0.0214,-0.9681,0.2343,374.94,159.77,29.76,28.93,82549.6,0,0.00,0.00,3
27897,0.108,-0.588,2.640,2.502,-0.061,181.702,-2.000,-33.000,-34.000,0.0793,-0.0518,-0.9668,0.2375,378.22,160.44,29.61,29.00,82521.0,0,0.00,0.00,3
27940,0.079,-0.605,2.644,2.563,-0.183,182.434,0.000,-34.000,-34.000,0.0719,-0.0821,-0.9645,0.2405,381.52,161.11,29.57,29.08,82484.8,0,0.00,0.00,3
27943,0.046,-0.623,2.635,2.380,-0.305,183.289,2.000,-30.000,-35.000,0.0643,-0.1126,-0.9613,0.2433,384.84,161.79,29.40,29.15,82453.9,0,0.00,0.00,3
27957,0.010,-0.632,2.634,2.014,-0.244,184.082,3.000,-33.000,-35.000,0.0566,-0.1430,-0.9571,0.2457,388.13,162.41,29.33,29.21,82434.2,0,0.00,0.00,3
28002,-0.030,-0.643,2.632,1.892,-0.549,184.814,7.000,-32.000,-34.000,0.0488,-0.1734,-0.9519,0.2479,391.48,163.09,29.24,29.27,82389.6,0,0.00,0.00,3
28005,-0.069,-0.644,2.625,1.465,-0.305,185.608,8.000,-32.000,-35.000,0.0409,-0.2038,-0.9457,0.2498,394.80,163.72,29.15,29.32,82368.3,0,0.00,0.00,3
28017,-0.116,-0.641,2.621,1.160,-0.183,186.401,11.000,-32.000,-34.000,0.0330,-0.2341,-0.9386,0.2514,398.18,164.40,29.08,29.37,82322.7,0,0.00,0.00,3
28060,-0.161,-0.631,2.613,0.855,-0.183,187.073,11.000,-30.000,-36.000,0.0249,-0.2643,-0.9304,0.2526,401.56,165.05,29.00,29.41,82297.6,0,0.00,0.00,3
28063,-0.201,-0.610,2.608,0.671,-0.183,187.927,14.000,-28.000,-35.000,0.0168,-0.2943,-0.9213,0.2536,404.94,165.70,28.99,29.44,82266.4,0,0.00,0.00,3
28077,-0.239,-0.584,2.605,0.366,-0.122,188.721,17.000,-28.000,-35.000,0.0087,-0.3241,-0.9112,0.2542,408.34,166.36,29.01,29.47,82233.0,0,0.00,0.00,3
28120,-0.276,-0.558,2.590,0.305,-0.061,189.453,17.000,-26.000,-35.000,0.0005,-0.3537,-0.9000,0.2546,411.77,167.03,28.92,29.50,82195.7,0,0.00,0.00,3
28123,-0.309,-0.528,2.587,0.305,0.061,190.369,20.000,-26.000,-35.000,-0.0078,-0.3831,-0.8879,0.2547,415.20,167.69,28.94,29.52,82165.0,0,0.00,0.00,3
28137,-0.337,-0.495,2.579,0.366,-0.122,190.918,20.000,-26.000,-35.000,-0.0161,-0.4122,-0.8747,0.2545,418.64,168.34,28.93,29.54,82136.3,0,0.00,0.00,3
28180,-0.362,-0.462,2.574,0.427,-0.366,191.711,23.000,-26.000,-34.000,-0.0244,-0.4409,-0.8605,0.2540,422.08,168.98,28.93,29.57,82105.0,0,0.00,0.00,3
28183,-0.389,-0.434,2.562,0.610,-0.610,192.627,25.000,-21.000,-35.000,-0.0328,-0.4693,-0.8453,0.2534,425.52,169.61,28.84,29.60,82076.3,0,0.00,0.00,3
28197,-0.414,-0.405,2.557,0.671,-0.732,193.176,26.000,-20.000,-35.000,-0.0412,-0.4972,-0.8291,0.2524,429.00,170.26,28.81,29.64,82035.2,0,0.00,0.00,3
28240,-0.437,-0.375,2.552,0.732,-0.977,194.092,27.000,-17.000,-35.000,-0.0496,-0.5247,-0.8119,0.2512,432.53,170.95,28.77,29.67,81993.9,0,0.00,0.00,3
28243,-0.465,-0.351,2.544,0.732,-1.282,194.763,28.000,-17.000,-34.000,-0.0581,-0.5517,-0.7937,0.2497,436.03,171.59,28.65,29.71,81969.8,0,0.00,0.00,3
28257,-0.493,-0.324,2.537,0.732,-1.648,195.618,31.000,-13.000,-35.000,-0.0665,-0.5782,-0.7745,0.2480,439.57,172.26,28.55,29.76,81931.7,0,0.00,0.00,3
28300,-0.524,-0.292,2.531,0.610,-1.953,196.289,31.000,-13.000,-33.000,-0.0751,-0.6040,-0.7543,0.2460,443.10,172.90,28.43,29.81,81902.1,0,0.00,0.00,3
28303,-0.553,-0.261,2.529,0.488,-2.014,197.083,33.000,-11.000,-34.000,-0.0835,-0.6293,-0.7332,0.2437,446.64,173.54,28.34,29.86,81870.1,0,0.00,0.00,3
28317,-0.583,-0.223,2.525,0.427,-2.136,197.815,32.000,-6.000,-35.000,-0.0920,-0.6540,-0.7111,0.2411,450.21,174.19,28.24,29.91,81833.0,0,0.00,0.00,3
28360,-0.609,-0.183,2.521,0.305,-2.136,198.608,32.000,-7.000,-34.000,-0.1004,-0.6779,-0.6882,0.2382,453.81,174.85,28.13,29.96,81793.6,0,0.00,0.00,3
28363,-0.630,-0.139,2.514,0.122,-2.014,199.402,32.000,-3.000,-35.000,-0.1088,-0.7012,-0.6643,0.2350,457.41,175.51,28.01,30.01,81761.9,0,0.00,0.00,3
28377,-0.644,-0.093,2.507,0.000,-1.770,200.134,32.000,-1.000,-35.000,-0.1170,-0.7237,-0.6395,0.2314,461.04,176.17,27.91,30.06,81726.4,0,0.00,0.00,3
28420,-0.653,-0.048,2.494,-0.061,-1.526,200.745,34.000,2.000,-35.000,-0.1251,-0.7454,-0.6139,0.2275,464.73,176.88,27.76,30.10,81676.3,0,0.00,0.00,3
28423,-0.657,0.000,2.488,-0.061,-1.465,201.599,34.000,4.000,-35.000,-0.1331,-0.7663,-0.5875,0.2233,468.36,177.51,27.69,30.14,81662.1,0,0.00,0.00,3
28437,-0.650,0.044,2.478,-0.122,-1.221,202.454,32.000,5.000,-34.000,-0.1410,-0.7864,-0.5602,0.2188,472.02,178.15,27.62,30.17,81624.8,0,0.00,0.00,3
28480,-0.643,0.088,2.469,-0.122,-1.160,203.003,32.000,7.000,-34.000,-0.1487,-0.8056,-0.5322,0.2140,475.69,178.80,27.55,30.21,81588.5,0,0.00,0.00,3
28483,-0.627,0.131,2.453,-0.244,-0.977,203.857,32.000,10.000,-35.000,-0.1563,-0.8238,-0.5033,0.2088,479.44,179.51,27.44,30.24,81537.8,0,0.00,0.00,3
28497,-0.612,0.167,2.442,-0.122,-0.855,204.651,31.000,13.000,-34.000,-0.1637,-0.8410,-0.4738,0.2034,483.11,180.12,27.37,30.27,81525.8,0,0.00,0.00,3
28540,-0.594,0.202,2.439,-0.305,-0.916,205.383,29.000,13.000,-34.000,-0.1710,-0.8573,-0.4436,0.1976,486.82,180.77,27.37,30.30,81481.8,0,0.00,0.00,3
28543,-0.574,0.238,2.432,-0.366,-0.793,206.055,29.000,17.000,-33.000,-0.1781,-0.8725,-0.4127,0.1916,490.59,181.45,27.32,30.33,81438.1,0,0.00,0.00,3
28557,-0.555,0.273,2.424,-0.366,-0.916,206.787,27.000,20.000,-35.000,-0.1850,-0.8866,-0.3812,0.1853,494.34,182.11,27.26,30.36,81409.4,0,0.00,0.00,3
28600,-0.534,0.310,2.417,-0.549,-1.099,207.581,26.000,22.000,-35.000,-0.1917,-0.8997,-0.3490,0.1788,498.11,182.76,27.20,30.40,81372.6,0,0.00,0.00,3
28603,-0.512,0.348,2.408,-0.855,-1.038,208.252,23.000,22.000,-34.000,-0.1983,-0.9116,-0.3164,0.1720,501.89,183.42,27.10,30.44,81336.8,0,0.00,0.00,3
28617,-0.489,0.386,2.403,-1.099,-1.160,209.045,20.000,22.000,-35.000,-0.2047,-0.9223,-0.2832,0.1649,505.69,184.07,27.02,30.48,81300.8,0,0.00,0.00,3
28660,-0.459,0.425,2.395,-1.221,-1.221,209.717,22.000,26.000,-33.000,-0.2109,-0.9319,-0.2495,0.1576,509.55,184.78,26.93,30.53,81250.6,0,0.00,0.00,3
28663,-0.426,0.459,2.386,-1.465,-1.160,210.449,19.000,27.000,-34.000,-0.2169,-0.9402,-0.2154,0.1500,513.39,185.44,26.84,30.58,81225.8,0,0.00,0.00,3
28677,-0.390,0.499,2.380,-1.587,-1.038,211.243,17.000,29.000,-35.000,-0.2226,-0.9474,-0.1810,0.1422,517.24,186.10,26.74,30.63,81188.5,0,0.00,0.00,3
28720,-0.355,0.533,2.377,-1.587,-0.855,211.853,17.000,31.000,-34.000,-0.2281,-0.9532,-0.1461,0.1341,521.08,186.74,26.67,30.69,81157.6,0,0.00,0.00,3
28726,-0.308,0.562,2.363,-1.648,-0.855,212.524,12.000,31.000,-34.000,-0.2333,-0.9578,-0.1110,0.1257,524.88,187.33,26.53,30.74,81136.3,0,0.00,0.00,3
28737,-0.264,0.589,2.355,-1.587,-0.610,213.257,11.000,31.000,-34.000,-0.2382,-0.9611,-0.0757,0.1172,528.79,188.00,26.43,30.79,81075.2,0,0.00,0.00,3
28780,-0.215,0.608,2.346,-1.526,-0.610,214.050,8.000,34.000,-35.000,-0.2428,-0.9632,-0.0401,0.1084,532.64,188.61,26.34,30.84,81056.3,0,0.00,0.00,3
28783,-0.170,0.625,2.337,-1.282,-0.488,214.844,4.000,34.000,-35.000,-0.2471,-0.9639,-0.0043,0.0994,536.58,189.28,26.24,30.89,81000.5,0,0.00,0.00,3
28797,-0.125,0.634,2.326,-1.404,-0.366,215.515,4.000,34.000,-35.000,-0.2510,-0.9633,0.0316,0.0902,540.53,189.96,26.14,30.94,80963.2,0,0.00,0.00,3
28840,-0.079,0.638,2.318,-1.221,-0.244,216.248,1.000,33.000,-34.000,-0.2546,-0.9613,0.0676,0.0809,544.52,190.65,26.08,30.98,80920.5,0,0.00,0.00,3
28843,-0.033,0.644,2.310,-1.160,-0.183,216.919,-2.000,33.000,-35.000,-0.2578,-0.9580,0.1036,0.0714,548.46,191.28,25.98,31.03,80898.9,0,0.00,0.00,3
28857,0.012,0.643,2.294,-1.038,-0.061,217.651,-5.000,34.000,-34.000,-0.2606,-0.9533,0.1396,0.0617,552.45,191.95,25.84,31.07,80852.5,0,0.00,0.00,3
28900,0.056,0.642,2.290,-1.099,-0.061,218.384,-6.000,34.000,-34.000,-0.2631,-0.9473,0.1754,0.0519,556.46,192.61,25.78,31.11,80813.8,0,0.00,0.00,3
28903,0.102,0.636,2.288,-1.160,0.000,219.116,-10.000,32.000,-34.000,-0.2653,-0.9398,0.2111,0.0419,560.46,193.26,25.75,31.16,80781.4,0,0.00,0.00,3
28917,0.148,0.627,2.267,-1.221,0.122,219.666,-13.000,31.000,-33.000,-0.2670,-0.9310,0.2466,0.0319,564.44,193.88,25.56,31.20,80751.7,0,0.00,0.00,3
28960,0.195,0.614,2.260,-1.160,0.305,220.520,-14.000,31.000,-34.000,-0.2684,-0.9209,0.2819,0.0218,568.42,194.48,25.49,31.25,80718.4,0,0.00,0.00,3
28963,0.244,0.598,2.246,-1.282,0.305,221.130,-16.000,29.000,-35.000,-0.2694,-0.9093,0.3169,0.0116,572.48,195.14,25.36,31.29,80663.5,0,0.00,0.00,3
28977,0.291,0.581,2.231,-1.282,0.549,221.802,-19.000,29.000,-34.000,-0.2701,-0.8964,0.3515,0.0013,576.56,195.81,25.20,31.34,80621.4,0,0.00,0.00,3
29020,0.337,0.553,2.219,-1.221,0.671,222.534,-22.000,27.000,-34.000,-0.2703,-0.8821,0.3856,-0.0091,580.63,196.44,25.09,31.39,80592.3,0,0.00,0.00,3
29023,0.378,0.526,2.211,-1.282,0.793,223.267,-23.000,24.000,-34.000,-0.2702,-0.8665,0.4194,-0.0195,584.73,197.10,25.01,31.44,80548.2,0,0.00,0.00,3
29037,0.417,0.493,2.193,-1.221,0.977,223.999,-26.000,23.000,-35.000,-0.2697,-0.8495,0.4525,-0.0299,588.82,197.73,24.86,31.48,80514.9,0,0.00,0.00,3
29080,0.460,0.458,2.186,-1.221,0.977,224.609,-26.000,19.000,-34.000,-0.2687,-0.8311,0.4852,-0.0404,592.94,198.38,24.77,31.53,80472.8,0,0.00,0.00,3
29083,0.495,0.422,2.179,-1.099,1.160,225.281,-28.000,19.000,-35.000,-0.2673,-0.8115,0.5171,-0.0508,597.06,199.01,24.69,31.58,80437.8,0,0.00,0.00,3
29097,0.527,0.381,2.168,-0.916,1.160,225.952,-29.000,14.000,-34.000,-0.2655,-0.7905,0.5484,-0.0613,601.17,199.61,24.59,31.63,80405.0,0,0.00,0.00,3
29140,0.557,0.336,2.165,-0.793,1.160,226.501,-32.000,13.000,-34.000,-0.2633,-0.7683,0.5790,-0.0717,605.29,200.22,24.55,31.67,80367.2,0,0.00,0.00,3
29143,0.581,0.293,2.158,-0.732,1.038,227.234,-31.000,10.000,-34.000,-0.2607,-0.7449,0.6087,-0.0821,609.41,200.82,24.47,31.72,80330.1,0,0.00,0.00,3
29157,0.603,0.249,2.151,-0.610,1.038,227.966,-34.000,8.000,-35.000,-0.2576,-0.7202,0.6376,-0.0924,613.58,201.44,24.40,31.76,80285.0,0,0.00,0.00,3
29200,0.622,0.199,2.151,-0.610,0.977,228.577,-33.000,4.000,-34.000,-0.2540,-0.6943,0.6656,-0.1026,617.72,202.02,24.38,31.80,80254.6,0,0.00,0.00,3
29203,0.639,0.150,2.139,-0.427,0.977,229.248,-33.000,4.000,-35.000,-0.2501,-0.6672,0.6926,-0.1126,621.91,202.64,24.25,31.84,80207.7,0,0.00,0.00,3
29217,0.651,0.097,2.135,-0.305,0.977,230.042,-33.000,2.000,-34.000,-0.2457,-0.6390,0.7185,-0.1226,626.09,203.24,24.20,31.88,80173.0,0,0.00,0.00,3
29260,0.657,0.045,2.128,-0.305,0.916,230.713,-34.000,-1.000,-34.000,-0.2410,-0.6096,0.7435,-0.1325,630.30,203.85,24.13,31.92,80128.8,0,0.00,0.00,3
29263,0.659,-0.009,2.121,-0.061,1.038,231.323,-34.000,-5.000,-35.000,-0.2358,-0.5793,0.7672,-0.1422,634.55,204.49,24.06,31.96,80083.0,0,0.00,0.00,3
29277,0.655,-0.063,2.118,-0.061,1.038,231.995,-35.000,-8.000,-34.000,-0.2302,-0.5479,0.7898,-0.1517,638.82,205.13,24.02,32.00,80041.9,0,0.00,0.00,3
29320,0.649,-0.115,2.111,0.061,1.160,232.544,-32.000,-11.000,-34.000,-0.2242,-0.5155,0.8112,-0.1610,643.07,205.75,23.94,32.05,80009.1,0,0.00,0.00,3
29323,0.638,-0.167,2.100,0.122,0.916,233.337,-30.000,-13.000,-34.000,-0.2178,-0.4823,0.8313,-0.1701,647.34,206.37,23.85,32.09,79968.2,0,0.00,0.00,3
29337,0.624,-0.220,2.085,0.244,1.099,233.887,-31.000,-15.000,-34.000,-0.2110,-0.4481,0.8501,-0.1790,651.61,206.97,23.70,32.13,79931.7,0,0.00,0.00,3
29380,0.611,-0.268,2.075,0.183,1.099,234.558,-29.000,-18.000,-34.000,-0.2038,-0.4131,0.8675,-0.1877,655.89,207.56,23.57,32.17,79894.4,0,0.00,0.00,3
29383,0.586,-0.317,2.059,0.427,0.855,235.291,-26.000,-20.000,-33.000,-0.1963,-0.3774,0.8835,-0.1961,660.14,208.12,23.43,32.22,79862.4,0,0.00,0.00,3
29397,0.563,-0.365,2.048,0.305,0.916,235.901,-26.000,-20.000,-34.000,-0.1884,-0.3409,0.8981,-0.2042,664.44,208.71,23.30,32.26,79814.2,0,0.00,0.00,3
29440,0.530,-0.408,2.039,0.305,0.732,236.572,-24.000,-25.000,-35.000,-0.1801,-0.3038,0.9112,-0.2120,668.69,209.24,23.22,32.30,79788.8,0,0.00,0.00,3
29443,0.497,-0.453,2.027,0.244,0.732,237.183,-23.000,-26.000,-34.000,-0.1715,-0.2661,0.9228,-0.2194,672.98,209.79,23.10,32.34,79744.0,0,0.00,0.00,3
29457,0.453,-0.494,2.015,0.244,0.793,237.915,-19.000,-27.000,-34.000,-0.1625,-0.2279,0.9329,-0.2265,677.26,210.33,23.00,32.38,79707.4,0,0.00,0.00,3
29502,0.414,-0.528,2.003,0.244,0.732,238.403,-17.000,-29.000,-34.000,-0.1532,-0.1891,0.9414,-0.2333,681.58,210.89,22.89,32.41,79661.6,0,0.00,0.00,3
29505,0.362,-0.560,1.995,0.244,0.549,239.075,-15.000,-32.000,-34.000,-0.1436,-0.1500,0.9484,-0.2397,685.87,211.41,22.83,32.45,79630.9,0,0.00,0.00,3
29517,0.312,-0.587,1.983,0.305,0.427,239.685,-10.000,-32.000,-35.000,-0.1337,-0.1105,0.9537,-0.2457,690.17,211.93,22.74,32.49,79590.6,0,0.00,0.00,3
29560,0.262,-0.607,1.971,0.488,0.488,240.417,-9.000,-31.000,-35.000,-0.1236,-0.0707,0.9574,-0.2513,694.51,212.47,22.64,32.53,79544.3,0,0.00,0.00,3
29563,0.209,-0.628,1.960,0.549,0.549,241.028,-6.000,-32.000,-34.000,-0.1132,-0.0307,0.9594,-0.2566,698.85,213.00,22.54,32.57,79506.6,0,0.00,0.00,3
29577,0.153,-0.645,1.952,0.671,0.244,241.638,-4.000,-34.000,-32.000,-0.1025,0.0094,0.9597,-0.2614,703.15,213.48,22.45,32.61,79479.5,0,0.00,0.00,3
29620,0.101,-0.655,1.938,0.793,0.244,242.249,-2.000,-35.000,-35.000,-0.0915,0.0496,0.9584,-0.2658,707.45,213.96,22.33,32.66,79441.1,0,0.00,0.00,3
29623,0.043,-0.664,1.932,0.855,0.061,242.981,1.000,-34.000,-34.000,-0.0804,0.0899,0.9553,-0.2698,711.77,214.43,22.25,32.70,79400.0,0,0.00,0.00,3
29637,-0.011,-0.669,1.918,0.977,-0.061,243.469,5.000,-32.000,-32.000,-0.0690,0.1300,0.9506,-0.2733,716.10,214.91,22.11,32.75,79359.5,0,0.00,0.00,3
29680,-0.067,-0.671,1.912,0.977,-0.061,244.080,8.000,-34.000,-32.000,-0.0575,0.1700,0.9441,-0.2764,720.40,215.35,22.01,32.79,79328.6,0,0.00,0.00,3
29683,-0.124,-0.666,1.901,0.916,-0.122,244.690,9.000,-32.000,-34.000,-0.0459,0.2098,0.9360,-0.2789,724.70,215.77,21.90,32.84,79292.5,0,0.00,0.00,3
29697,-0.182,-0.657,1.889,0.793,-0.305,245.300,13.000,-31.000,-32.000,-0.0341,0.2493,0.9261,-0.2810,728.96,216.15,21.76,32.88,79263.0,0,0.00,0.00,3
29740,-0.237,-0.643,1.882,0.855,-0.122,245.911,14.000,-30.000,-35.000,-0.0222,0.2885,0.9146,-0.2825,733.29,216.59,21.68,32.92,79208.6,0,0.00,0.00,3
29743,-0.290,-0.619,1.872,0.855,-0.366,246.582,19.000,-29.000,-34.000,-0.0102,0.3272,0.9014,-0.2835,737.68,217.07,21.59,32.96,79155.7,0,0.00,0.00,3
29757,-0.343,-0.592,1.859,0.793,-0.305,247.192,20.000,-28.000,-34.000,0.0018,0.3654,0.8864,-0.2840,742.09,217.56,21.47,33.00,79113.9,0,0.00,0.00,3
29800,-0.390,-0.563,1.842,0.732,-0.305,247.742,23.000,-26.000,-34.000,0.0139,0.4031,0.8699,-0.2840,746.40,217.95,21.32,33.04,79097.9,0,0.00,0.00,3
29803,-0.438,-0.524,1.831,0.671,-0.427,248.352,26.000,-25.000,-34.000,0.0260,0.4401,0.8517,-0.2834,750.78,218.39,21.23,33.07,79044.6,0,0.00,0.00,3
29817,-0.477,-0.482,1.811,0.610,-0.366,248.901,29.000,-22.000,-34.000,0.0381,0.4764,0.8318,-0.2823,755.15,218.81,21.08,33.10,79008.3,0,0.00,0.00,3
29860,-0.516,-0.441,1.801,0.610,-0.488,249.512,30.000,-19.000,-35.000,0.0502,0.5118,0.8104,-0.2807,759.48,219.18,20.99,33.13,78980.0,0,0.00,0.00,3
29863,-0.549,-0.391,1.785,0.488,-0.610,250.122,30.000,-17.000,-33.000,0.0623,0.5464,0.7874,-0.2785,763.87,219.60,20.88,33.16,78927.2,0,0.00,0.00,3
29877,-0.581,-0.343,1.771,0.488,-0.732,250.732,34.000,-14.000,-34.000,0.0743,0.5801,0.7628,-0.2758,768.25,219.99,20.74,33.20,78893.0,0,0.00,0.00,3
29920,-0.612,-0.293,1.751,0.549,-0.916,251.404,32.000,-10.000,-33.000,0.0862,0.6127,0.7367,-0.2726,772.63,220.39,20.55,33.23,78852.0,0,0.00,0.00,3
29923,-0.633,-0.239,1.733,0.427,-0.916,251.953,33.000,-8.000,-34.000,0.0981,0.6443,0.7092,-0.2689,776.99,220.75,20.41,33.27,78819.8,0,0.00,0.00,3
29937,-0.655,-0.180,1.719,0.244,-1.038,252.380,34.000,-5.000,-34.000,0.1098,0.6746,0.6803,-0.2647,781.36,221.11,20.27,33.30,78778.9,0,0.00,0.00,3
29980,-0.671,-0.122,1.699,0.122,-0.916,253.052,34.000,-2.000,-34.000,0.1214,0.7038,0.6500,-0.2599,785.81,221.53,20.08,33.33,78720.2,0,0.00,0.00,3
29983,-0.681,-0.062,1.686,0.061,-0.977,253.662,34.000,1.000,-34.000,0.1328,0.7316,0.6183,-0.2545,790.19,221.88,19.96,33.37,78700.0,0,0.00,0.00,3
29997,-0.687,0.000,1.666,0.061,-0.977,254.089,34.000,4.000,-34.000,0.1440,0.7581,0.5854,-0.2487,794.60,222.24,19.77,33.40,78652.8,0,0.00,0.00,3
30040,-0.684,0.063,1.651,0.000,-1.160,254.761,35.000,7.000,-34.000,0.1549,0.7832,0.5513,-0.2424,798.98,222.57,19.64,33.44,78621.4,0,0.00,0.00,3
30043,-0.679,0.123,1.618,-0.061,-0.977,255.249,33.000,10.000,-34.000,0.1656,0.8067,0.5160,-0.2356,803.45,222.98,19.34,33.48,78560.8,0,0.00,0.00,3
30057,-0.664,0.183,1.583,-0.122,-1.038,255.798,31.000,11.000,-32.000,0.1761,0.8287,0.4797,-0.2283,807.92,223.36,19.06,33.51,78522.7,0,0.00,0.00,3
30100,-0.646,0.241,1.546,-0.183,-0.916,256.470,31.000,16.000,-34.000,0.1862,0.8492,0.4423,-0.2205,812.36,223.71,18.74,33.55,78489.6,0,0.00,0.00,3
30103,-0.623,0.295,1.515,-0.244,-0.977,256.958,30.000,18.000,-34.000,0.1960,0.8680,0.4040,-0.2123,816.84,224.08,18.47,33.58,78441.6,0,0.00,0.00,3
30117,-0.595,0.349,1.480,-0.305,-0.916,257.446,26.000,22.000,-35.000,0.2055,0.8850,0.3648,-0.2035,821.32,224.43,18.18,33.62,78403.0,0,0.00,0.00,3
30160,-0.562,0.399,1.446,-0.366,-0.855,257.996,24.000,26.000,-34.000,0.2146,0.9004,0.3248,-0.1944,825.77,224.76,17.90,33.66,78368.8,0,0.00,0.00,3
30163,-0.526,0.447,1.409,-0.488,-0.855,258.484,23.000,26.000,-32.000,0.2233,0.9139,0.2842,-0.1848,830.25,225.09,17.58,33.70,78325.3,0,0.00,0.00,3
30177,-0.482,0.489,1.349,-0.610,-0.855,259.033,20.000,26.000,-34.000,0.2316,0.9256,0.2428,-0.1748,834.68,225.36,17.10,33.74,78296.3,0,0.00,0.00,3
30220,-0.437,0.531,1.288,-0.671,-0.855,259.644,17.000,29.000,-34.000,0.2395,0.9355,0.2010,-0.1644,839.15,225.66,16.58,33.78,78246.6,0,0.00,0.00,3
30226,-0.388,0.569,1.225,-0.732,-0.671,260.010,16.000,32.000,-34.000,0.2470,0.9435,0.1586,-0.1536,843.60,225.92,16.06,33.82,78213.6,0,0.00,0.00,3
30237,-0.334,0.602,1.164,-0.732,-0.732,260.376,13.000,31.000,-33.000,0.2540,0.9496,0.1159,-0.1425,848.12,226.23,15.55,33.87,78155.5,0,0.00,0.00,3
30280,-0.276,0.633,1.102,-0.855,-0.671,260.925,11.000,32.000,-32.000,0.2606,0.9537,0.0729,-0.1310,852.61,226.49,15.03,33.92,78124.6,0,0.00,0.00,3
30283,-0.220,0.655,1.038,-0.855,-0.427,261.414,7.000,34.000,-34.000,0.2666,0.9559,0.0296,-0.1192,857.12,226.76,14.49,33.96,78079.7,0,0.00,0.00,3
30297,-0.154,0.675,0.968,-0.916,-0.305,261.841,2.000,34.000,-34.000,0.2721,0.9562,-0.0137,-0.1071,861.62,227.00,13.91,34.01,78043.2,0,0.00,0.00,3
30340,-0.095,0.687,0.872,-0.977,-0.427,262.207,1.000,35.000,-35.000,0.2771,0.9544,-0.0571,-0.0948,866.11,227.21,13.11,34.06,78004.3,0,0.00,0.00,3
30343,-0.028,0.692,0.769,-0.916,-0.183,262.695,-2.000,33.000,-33.000,0.2816,0.9507,-0.1004,-0.0822,870.68,227.48,12.27,34.11,77945.4,0,0.00,0.00,3
30357,0.033,0.690,0.664,-0.977,-0.244,262.939,-5.000,34.000,-33.000,0.2855,0.9450,-0.1436,-0.0694,875.16,227.64,11.43,34.17,77926.2,0,0.00,0.00,3
30400,0.094,0.687,0.554,-0.916,-0.183,263.367,-8.000,34.000,-34.000,0.2888,0.9374,-0.1865,-0.0564,879.70,227.84,10.51,34.22,77870.4,0,0.00,0.00,3
30403,0.160,0.677,0.451,-1.038,-0.061,263.855,-12.000,32.000,-33.000,0.2916,0.9277,-0.2291,-0.0432,884.24,228.02,9.65,34.28,77832.5,0,0.00,0.00,3
30417,0.216,0.660,0.346,-1.038,0.000,264.038,-14.000,32.000,-34.000,0.2937,0.9161,-0.2712,-0.0300,888.77,228.16,8.80,34.35,77793.6,0,0.00,0.00,3
30460,0.281,0.635,0.241,-0.977,0.122,264.343,-17.000,29.000,-32.000,0.2953,0.9026,-0.3128,-0.0166,893.28,228.27,7.95,34.41,77757.0,0,0.00,0.00,3
30463,0.336,0.610,0.164,-0.916,0.122,264.465,-20.000,29.000,-34.000,0.2963,0.8872,-0.3537,-0.0032,897.87,228.43,7.30,34.48,77699.4,0,0.00,0.00,3
30477,0.390,0.575,0.091,-0.977,0.183,264.832,-22.000,25.000,-32.000,0.2967,0.8698,-0.3940,0.0103,902.42,228.55,6.72,34.55,77666.4,0,0.00,0.00,3
30520,0.442,0.536,0.017,-0.855,0.183,265.076,-25.000,23.000,-33.000,0.2965,0.8507,-0.4335,0.0237,906.98,228.67,6.11,34.61,77622.1,0,0.00,0.00,3
30523,0.494,0.495,-0.054,-0.732,0.427,265.320,-28.000,20.000,-34.000,0.2957,0.8296,-0.4721,0.0372,911.54,228.76,5.51,34.68,77582.9,0,0.00,0.00,3
30537,0.533,0.445,-0.130,-0.610,0.488,265.442,-29.000,18.000,-33.000,0.2943,0.8068,-0.5098,0.0507,916.07,228.81,4.91,34.75,77549.8,0,0.00,0.00,3
30580,0.576,0.396,-0.205,-0.671,0.488,265.686,-30.000,16.000,-33.000,0.2922,0.7823,-0.5464,0.0641,920.67,228.92,4.28,34.82,77491.2,0,0.00,0.00,3
30583,0.608,0.340,-0.277,-0.549,0.549,265.869,-31.000,13.000,-35.000,0.2896,0.7559,-0.5820,0.0774,925.20,228.95,3.71,34.88,77467.2,0,0.00,0.00,3
30597,0.638,0.283,-0.330,-0.610,0.671,266.113,-33.000,11.000,-32.000,0.2863,0.7279,-0.6164,0.0907,929.74,228.98,3.27,34.95,77421.9,0,0.00,0.00,3
30640,0.664,0.224,-0.377,-0.610,0.671,266.174,-34.000,8.000,-33.000,0.2824,0.6983,-0.6496,0.1038,934.30,229.02,2.88,35.02,77378.9,0,0.00,0.00,3
30643,0.682,0.160,-0.423,-0.427,0.793,266.235,-35.000,4.000,-35.000,0.2779,0.6670,-0.6813,0.1168,938.90,229.08,2.51,35.08,77327.2,0,0.00,0.00,3
30657,0.690,0.096,-0.469,-0.427,0.732,266.418,-35.000,-1.000,-33.000,0.2727,0.6343,-0.7117,0.1296,943.43,229.08,2.15,35.14,77302.2,0,0.00,0.00,3
30700,0.700,0.032,-0.520,-0.305,0.732,266.480,-34.000,-3.000,-32.000,0.2668,0.6002,-0.7405,0.1422,948.00,229.10,1.73,35.20,77252.0,0,0.00,0.00,3
30703,0.700,-0.033,-0.568,-0.244,0.793,266.663,-34.000,-6.000,-33.000,0.2604,0.5648,-0.7677,0.1546,952.56,229.11,1.34,35.25,77212.6,0,0.00,0.00,3
30717,0.694,-0.099,-0.612,-0.244,0.793,266.663,-34.000,-11.000,-35.000,0.2533,0.5282,-0.7932,0.1666,957.16,229.15,0.98,35.30,77161.8,0,0.00,0.00,3
30760,0.686,-0.164,-0.656,-0.122,0.977,266.785,-33.000,-13.000,-33.000,0.2457,0.4904,-0.8169,0.1783,961.73,229.15,0.60,35.35,77127.7,0,0.00,0.00,3
30763,0.665,-0.226,-0.700,0.000,0.916,266.846,-32.000,-16.000,-32.000,0.2375,0.4516,-0.8389,0.1897,966.31,229.15,0.27,35.39,77084.3,0,0.00,0.00,3
30777,0.643,-0.287,-0.748,0.061,0.855,266.907,-28.000,-19.000,-33.000,0.2286,0.4119,-0.8589,0.2006,970.91,229.17,0.00,35.42,77038.6,0,0.00,0.00,3
30820,0.615,-0.346,-0.793,0.244,0.793,267.151,-28.000,-20.000,-33.000,0.2192,0.3714,-0.8772,0.2112,975.46,229.13,-0.50,35.44,77009.0,0,0.00,0.00,3
30823,0.577,-0.403,-0.835,0.244,0.610,267.029,-28.000,-24.000,-33.000,0.2093,0.3302,-0.8934,0.2213,980.10,229.16,-0.82,35.46,76945.9,0,0.00,0.00,3
30837,0.539,-0.453,-0.881,0.305,0.671,267.029,-23.000,-25.000,-34.000,0.1988,0.2883,-0.9078,0.2309,984.71,229.16,-1.20,35.48,76911.5,0,0.00,0.00,4
30890,0.499,-0.501,-0.925,0.427,0.793,266.968,-22.000,-28.000,-33.000,0.1880,0.2460,-0.9201,0.2400,989.30,229.14,-1.56,35.50,76874.9,0,0.00,0.00,5
30905,0.447,-0.548,-0.962,0.549,0.610,267.090,-19.000,-29.000,-33.000,0.1768,0.2032,-0.9304,0.2486,993.85,229.07,-1.86,35.52,76842.2,0,0.00,0.25,5
30908,0.396,-0.589,-0.992,0.610,0.610,267.029,-14.000,-32.000,-33.000,0.1651,0.1600,-0.9388,0.2567,998.48,229.08,-2.11,35.54,76782.4,0,0.00,0.25,5
30917,0.338,-0.624,-1.024,0.610,0.488,267.029,-12.000,-32.000,-35.000,0.1531,0.1164,-0.9451,0.2642,1003.09,229.06,-2.36,35.56,76745.0,0,0.00,0.25,5
30970,0.279,-0.652,-1.057,0.732,0.549,267.029,-10.000,-34.000,-32.000,0.1408,0.0726,-0.9494,0.2712,1007.71,229.04,-2.62,35.58,76703.0,0,0.00,0.25,5
30973,0.222,-0.677,-1.086,0.793,0.366,266.968,-7.000,-35.000,-34.000,0.1281,0.0287,-0.9517,0.2776,1012.36,229.04,-2.88,35.61,76652.3,0,0.00,0.26,5
30980,0.153,-0.695,-1.122,0.793,0.305,266.968,-4.000,-34.000,-34.000,0.1152,-0.0153,-0.9519,0.2834,1016.97,229.01,-3.15,35.63,76620.5,0,0.00,0.26,5
31031,0.088,-0.707,-1.154,0.855,0.244,266.968,1.000,-35.000,-34.000,0.1020,-0.0592,-0.9501,0.2887,1021.58,228.97,-3.42,35.65,76578.4,0,0.00,0.26,5
31034,0.024,-0.714,-1.176,0.916,0.122,267.029,3.000,-36.000,-33.000,0.0885,-0.1030,-0.9463,0.2933,1026.20,228.94,-3.60,35.68,76535.7,0,0.00,0.26,5
31037,-0.043,-0.713,-1.190,0.916,0.061,266.846,6.000,-34.000,-34.000,0.0749,-0.1466,-0.9405,0.2972,1030.80,228.88,-3.71,35.70,76498.6,0,0.00,0.26,5
31091,-0.108,-0.708,-1.206,0.855,0.061,266.785,9.000,-33.000,-34.000,0.0612,-0.1898,-0.9327,0.3005,1035.41,228.83,-3.84,35.72,76454.6,0,0.00,0.26,5
31094,-0.172,-0.693,-1.229,0.916,-0.061,266.724,11.000,-32.000,-34.000,0.0474,-0.2326,-0.9229,0.3032,1040.04,228.80,-4.01,35.74,76408.8,0,0.00,0.26,5
31097,-0.237,-0.676,-1.247,0.977,-0.061,266.663,16.000,-31.000,-33.000,0.0336,-0.2749,-0.9111,0.3052,1044.68,228.79,-4.17,35.76,76361.8,0,0.00,0.26,5
31151,-0.298,-0.651,-1.263,0.855,-0.366,266.663,17.000,-30.000,-33.000,0.0197,-0.3166,-0.8974,0.3066,1049.30,228.74,-4.30,35.78,76328.3,0,0.00,0.26,5
31154,-0.358,-0.624,-1.281,0.855,-0.305,266.663,21.000,-28.000,-32.000,0.0057,-0.3577,-0.8818,0.3073,1053.97,228.74,-4.46,35.79,76272.3,0,0.03,0.26,5
31157,-0.413,-0.584,-1.298,0.916,-0.549,266.602,23.000,-25.000,-32.000,-0.0083,-0.3979,-0.8644,0.3073,1058.60,228.70,-4.57,35.81,76241.1,0,0.00,0.26,5
31212,-0.466,-0.546,-1.311,0.732,-0.488,266.480,26.000,-24.000,-32.000,-0.0223,-0.4374,-0.8450,0.3067,1063.20,228.63,-4.69,35.82,76209.0,0,0.00,0.27,5
31214,-0.515,-0.499,-1.326,0.671,-0.671,266.357,29.000,-20.000,-32.000,-0.0363,-0.4759,-0.8239,0.3055,1067.85,228.60,-4.80,35.84,76153.8,0,0.03,0.27,5
31217,-0.561,-0.451,-1.336,0.732,-0.610,266.296,28.000,-17.000,-34.000,-0.0502,-0.5134,-0.8011,0.3036,1072.50,228.58,-4.89,35.85,76111.4,0,0.00,0.27,5
31271,-0.598,-0.398,-1.356,0.732,-0.671,266.357,32.000,-16.000,-32.000,-0.0641,-0.5498,-0.7765,0.3011,1077.10,228.51,-5.05,35.86,76080.6,0,0.00,0.27,5
31274,-0.637,-0.340,-1.366,0.610,-0.855,266.113,33.000,-13.000,-32.000,-0.0778,-0.5851,-0.7502,0.2980,1081.69,228.43,-5.14,35.87,76044.5,0,0.00,0.27,5
31277,-0.665,-0.284,-1.382,0.488,-0.732,266.052,34.000,-8.000,-33.000,-0.0914,-0.6191,-0.7224,0.2942,1086.27,228.34,-5.28,35.88,76003.8,0,0.00,0.27,5
31331,-0.690,-0.220,-1.395,0.427,-0.855,266.052,34.000,-6.000,-32.000,-0.1048,-0.6517,-0.6930,0.2898,1090.90,228.28,-5.38,35.89,75951.8,0,0.03,0.27,5
31334,-0.705,-0.154,-1.410,0.305,-0.916,265.869,35.000,-5.000,-32.000,-0.1180,-0.6830,-0.6622,0.2847,1095.56,228.26,-5.49,35.90,75902.6,0,0.07,0.27,5
31337,-0.716,-0.089,-1.424,0.244,-1.038,265.747,35.000,1.000,-32.000,-0.1310,-0.7128,-0.6299,0.2791,1100.20,228.22,-5.60,35.92,75865.3,0,0.00,0.27,5
31391,-0.723,-0.023,-1.440,0.244,-1.038,265.747,35.000,4.000,-32.000,-0.1437,-0.7411,-0.5963,0.2729,1104.81,228.15,-5.74,35.93,75830.6,0,0.04,0.27,5
31394,-0.725,0.044,-1.455,0.061,-1.038,265.564,34.000,7.000,-32.000,-0.1561,-0.7678,-0.5615,0.2661,1109.40,228.06,-5.87,35.93,75794.2,0,0.00,0.27,5
31397,-0.716,0.110,-1.463,0.000,-0.977,265.381,35.000,10.000,-33.000,-0.1681,-0.7929,-0.5255,0.2587,1114.07,228.04,-5.93,35.94,75735.7,0,0.10,0.28,5
31451,-0.705,0.176,-1.482,-0.061,-1.038,265.259,32.000,13.000,-32.000,-0.1798,-0.8163,-0.4884,0.2508,1118.67,227.96,-6.09,35.95,75708.5,0,0.05,0.28,5
31454,-0.686,0.241,-1.491,-0.061,-1.038,265.320,32.000,15.000,-33.000,-0.1911,-0.8379,-0.4502,0.2423,1123.29,227.89,-6.16,35.95,75663.5,0,0.00,0.28,5
31457,-0.661,0.304,-1.503,-0.183,-0.855,265.259,29.000,18.000,-32.000,-0.2020,-0.8578,-0.4111,0.2333,1127.98,227.89,-6.26,35.95,75605.1,0,0.14,0.28,5
31511,-0.630,0.363,-1.513,-0.244,-0.916,265.015,29.000,23.000,-33.000,-0.2124,-0.8758,-0.3712,0.2238,1132.65,227.87,-6.34,35.94,75567.4,0,0.13,0.28,5
31515,-0.593,0.420,-1.524,-0.427,-0.916,264.954,26.000,23.000,-33.000,-0.2225,-0.8919,-0.3306,0.2138,1137.27,227.81,-6.42,35.94,75537.9,0,0.02,0.28,5
31518,-0.554,0.474,-1.536,-0.366,-0.977,264.832,23.000,27.000,-32.000,-0.2321,-0.9061,-0.2893,0.2034,1141.92,227.76,-6.52,35.94,75491.0,0,0.12,0.28,5
31572,-0.509,0.522,-1.544,-0.427,-0.793,264.648,20.000,29.000,-32.000,-0.2412,-0.9184,-0.2475,0.1925,1146.53,227.68,-6.60,35.95,75457.6,0,0.10,0.28,5
31575,-0.459,0.566,-1.552,-0.671,-0.732,264.587,19.000,31.000,-34.000,-0.2498,-0.9288,-0.2052,0.1812,1151.19,227.65,-6.66,35.95,75406.4,0,0.07,0.28,5
31579,-0.406,0.608,-1.566,-0.671,-0.916,264.404,16.000,30.000,-32.000,-0.2579,-0.9372,-0.1624,0.1696,1155.78,227.54,-6.78,35.96,75380.8,0,0.08,0.28,5
31632,-0.348,0.642,-1.574,-0.732,-0.671,264.282,13.000,32.000,-32.000,-0.2655,-0.9436,-0.1194,0.1576,1160.47,227.55,-6.84,35.96,75313.0,0,0.12,0.29,5
31635,-0.289,0.671,-1.581,-0.855,-0.732,264.160,11.000,32.000,-33.000,-0.2725,-0.9481,-0.0762,0.1453,1165.09,227.47,-6.90,35.98,75291.4,0,0.12,0.29,5
31638,-0.224,0.698,-1.592,-0.855,-0.488,264.038,5.000,35.000,-31.000,-0.2790,-0.9505,-0.0328,0.1327,1169.69,227.38,-6.99,35.99,75253.3,0,0.12,0.29,5
31681,-0.162,0.713,-1.604,-0.855,-0.488,263.855,5.000,35.000,-34.000,-0.2848,-0.9510,0.0106,0.1198,1174.36,227.35,-7.07,36.00,75198.1,0,0.11,0.29,5
31684,-0.094,0.726,-1.606,-0.916,-0.366,263.733,-1.000,35.000,-32.000,-0.2901,-0.9495,0.0540,0.1067,1178.95,227.25,-7.10,36.01,75174.1,0,0.12,0.29,5
31697,-0.025,0.730,-16.000,0.488,0.122,259.827,-4.000,35.000,-32.000,-0.2944,-0.9462,0.0966,0.0934,1183.54,224.89,-121.31,35.98,75126.1,0,0.00,0.28,5
31753,0.041,0.732,-1.635,-0.855,-0.183,263.550,-8.000,34.000,-32.000,-0.2984,-0.9408,0.1396,0.0799,1188.16,224.86,-7.33,35.99,75074.1,0,0.07,0.28,5
31756,0.110,0.725,-1.650,-0.977,-0.122,263.428,-10.000,33.000,-32.000,-0.3018,-0.9334,0.1823,0.0663,1192.75,224.80,-7.44,36.00,75040.2,0,0.12,0.28,5
31760,0.172,0.714,-1.665,-0.977,0.000,263.184,-13.000,34.000,-32.000,-0.3046,-0.9241,0.2246,0.0525,1197.35,224.75,-7.57,36.01,74997.3,0,0.06,0.28,5
31801,0.237,0.694,-1.681,-0.977,0.061,262.939,-14.000,31.000,-33.000,-0.3068,-0.9129,0.2663,0.0387,1201.92,224.66,-7.70,36.03,74965.4,0,0.11,0.29,5
31804,0.303,0.671,-1.691,-0.916,0.244,262.878,-20.000,31.000,-31.000,-0.3083,-0.8999,0.3075,0.0248,1206.45,224.54,-7.79,36.04,74932.0,0,0.01,0.29,5
31817,0.363,0.640,-1.710,-0.855,0.183,262.695,-20.000,28.000,-32.000,-0.3092,-0.8850,0.3480,0.0109,1211.03,224.47,-7.93,36.04,74879.2,0,0.14,0.29,5
31871,0.416,0.604,-1.724,-0.916,0.366,262.573,-23.000,26.000,-33.000,-0.3094,-0.8682,0.3879,-0.0030,1215.64,224.42,-8.03,36.05,74831.8,20,0.17,0.29,5
31874,0.475,0.564,-1.731,-0.855,0.244,262.451,-25.000,25.000,-32.000,-0.3091,-0.8497,0.4269,-0.0169,1220.22,224.34,-8.11,36.06,74800.2,0,0.07,0.29,5
31877,0.525,0.521,-1.740,-0.732,0.488,262.268,-28.000,21.000,-32.000,-0.3080,-0.8294,0.4650,-0.0308,1224.81,224.28,-8.18,36.06,74754.7,0,0.17,0.29,5
31921,0.568,0.471,-1.747,-0.793,0.488,262.024,-30.000,19.000,-31.000,-0.3064,-0.8074,0.5022,-0.0446,1229.41,224.22,-8.23,36.07,74711.8,0,0.11,0.29,5
31924,0.609,0.416,-1.754,-0.732,0.549,261.841,-30.000,16.000,-32.000,-0.3041,-0.7838,0.5383,-0.0583,1233.99,224.15,-8.29,36.07,74676.8,20,0.17,0.29,5
31937,0.645,0.357,-1.769,-0.732,0.610,261.658,-32.000,11.000,-34.000,-0.3012,-0.7585,0.5733,-0.0719,1238.61,224.11,-8.40,36.08,74626.7,20,0.21,0.29,5
31991,0.672,0.298,-1.775,-0.671,0.793,261.536,-34.000,10.000,-32.000,-0.2977,-0.7317,0.6072,-0.0854,1243.16,224.01,-8.44,36.09,74601.0,0,0.08,0.29,5
31994,0.699,0.235,-1.781,-0.549,0.793,261.292,-34.000,7.000,-32.000,-0.2936,-0.7034,0.6397,-0.0987,1247.76,223.94,-8.50,36.09,74551.4,20,0.20,0.29,5
31997,0.720,0.172,-1.793,-0.427,0.732,261.169,-35.000,3.000,-32.000,-0.2889,-0.6737,0.6709,-0.1119,1252.38,223.90,-8.61,36.10,74504.2,0,0.16,0.30,5
32051,0.733,0.105,-1.805,-0.305,0.793,261.047,-36.000,0.000,-33.000,-0.2837,-0.6426,0.7008,-0.1248,1256.97,223.84,-8.70,36.11,74469.1,20,0.22,0.30,5
32055,0.739,0.038,-1.817,-0.366,0.977,260.864,-34.000,-4.000,-33.000,-0.2778,-0.6102,0.7291,-0.1375,1261.56,223.77,-8.79,36.12,74430.9,20,0.21,0.30,5
32058,0.742,-0.030,-1.826,-0.244,0.855,260.620,-35.000,-7.000,-32.000,-0.2714,-0.5765,0.7560,-0.1499,1266.16,223.71,-8.87,36.13,74386.4,20,0.16,0.30,5
32112,0.737,-0.097,-1.835,-0.122,0.977,260.437,-34.000,-8.000,-32.000,-0.2645,-0.5418,0.7812,-0.1620,1270.80,223.68,-8.95,36.14,74338.7,20,0.27,0.30,5
32115,0.725,-0.163,-1.846,0.061,0.916,260.193,-34.000,-13.000,-32.000,-0.2570,-0.5059,0.8049,-0.1738,1275.40,223.63,-9.03,36.15,74305.0,20,0.17,0.30,5
32118,0.707,-0.230,-1.858,0.122,0.916,260.071,-32.000,-17.000,-32.000,-0.2489,-0.4691,0.8268,-0.1853,1280.03,223.59,-9.13,36.16,74257.6,20,0.28,0.30,5
32172,0.686,-0.292,-1.866,0.244,0.855,259.888,-31.000,-19.000,-32.000,-0.2404,-0.4314,0.8471,-0.1963,1284.65,223.55,-9.20,36.16,74220.6,20,0.28,0.30,5
32175,0.656,-0.352,-1.871,0.244,0.855,259.705,-29.000,-20.000,-32.000,-0.2314,-0.3928,0.8656,-0.2070,1289.24,223.48,-9.24,36.17,74185.4,20,0.19,0.30,5
32178,0.621,-0.413,-1.879,0.305,0.855,259.705,-25.000,-24.000,-32.000,-0.2219,-0.3535,0.8824,-0.2172,1293.85,223.42,-9.30,36.18,74142.6,40,0.28,0.31,5
32232,0.583,-0.468,-1.887,0.366,0.732,259.277,-25.000,-26.000,-32.000,-0.2119,-0.3135,0.8974,-0.2270,1298.47,223.38,-9.38,36.19,74097.9,20,0.24,0.31,5
32235,0.538,-0.519,-1.897,0.549,0.793,259.094,-21.000,-29.000,-32.000,-0.2016,-0.2729,0.9105,-0.2364,1303.08,223.32,-9.45,36.20,74059.7,40,0.31,0.31,5
32238,0.490,-0.564,-1.902,0.549,0.793,258.789,-19.000,-30.000,-33.000,-0.1908,-0.2319,0.9218,-0.2453,1307.69,223.27,-9.49,36.21,74019.4,40,0.32,0.31,5
32282,0.438,-0.607,-1.912,0.671,0.793,258.606,-17.000,-31.000,-30.000,-0.1797,-0.1904,0.9312,-0.2537,1312.27,223.19,-9.58,36.22,73985.9,20,0.23,0.31,5
32285,0.381,-0.645,-1.921,0.793,0.549,258.606,-14.000,-33.000,-32.000,-0.1681,-0.1486,0.9387,-0.2616,1316.91,223.16,-9.65,36.23,73931.0,40,0.37,0.31,5
32297,0.323,-0.678,-1.933,0.855,0.488,258.301,-11.000,-34.000,-34.000,-0.1563,-0.1065,0.9444,-0.2690,1321.49,223.07,-9.75,36.25,73906.4,20,0.25,0.31,5
32351,0.261,-0.705,-1.945,0.732,0.549,258.118,-8.000,-34.000,-34.000,-0.1441,-0.0642,0.9482,-0.2758,1326.12,223.04,-9.86,36.26,73852.3,40,0.39,0.31,5
32354,0.196,-0.725,-1.953,0.916,0.366,257.874,-5.000,-34.000,-33.000,-0.1316,-0.0219,0.9501,-0.2821,1330.76,223.00,-9.91,36.27,73811.0,60,0.40,0.31,5
32357,0.132,-0.741,-1.967,0.977,0.488,257.751,-2.000,-35.000,-32.000,-0.1190,0.0205,0.9501,-0.2878,1335.36,222.94,-10.02,36.29,73778.2,40,0.31,0.32,5
32411,0.065,-0.751,-1.973,0.977,0.183,257.446,2.000,-34.000,-33.000,-0.1060,0.0628,0.9482,-0.2929,1339.99,222.90,-10.08,36.30,73730.6,60,0.43,0.32,5
32414,-0.003,-0.753,-1.988,0.977,0.183,257.324,5.000,-35.000,-32.000,-0.0929,0.1049,0.9444,-0.2975,1344.58,222.82,-10.20,36.32,73700.8,40,0.40,0.32,5
32418,-0.071,-0.754,-1.995,0.916,0.061,257.080,7.000,-33.000,-33.000,-0.0796,0.1468,0.9388,-0.3014,1349.15,222.72,-10.27,36.33,73666.6,40,0.31,0.32,5
32472,-0.139,-0.744,-2.004,1.038,-0.122,256.653,11.000,-35.000,-32.000,-0.0662,0.1883,0.9313,-0.3047,1353.74,222.64,-10.34,36.34,73619.7,60,0.43,0.32,5
32478,-0.202,-0.727,-2.016,1.038,-0.122,256.531,14.000,-33.000,-32.000,-0.0527,0.2294,0.9220,-0.3075,1358.28,222.51,-10.41,36.35,73591.8,40,0.32,0.32,5
32481,-0.268,-0.711,-2.028,1.038,-0.183,256.287,15.000,-30.000,-31.000,-0.0392,0.2700,0.9109,-0.3096,1362.83,222.40,-10.54,36.36,73548.5,60,0.42,0.32,5
32532,-0.329,-0.685,-2.038,0.916,-0.122,256.104,20.000,-29.000,-32.000,-0.0257,0.3100,0.8980,-0.3110,1367.37,222.28,-10.61,36.37,73511.0,40,0.35,0.32,5
32535,-0.389,-0.651,-2.043,1.038,-0.366,255.920,22.000,-30.000,-32.000,-0.0121,0.3495,0.8834,-0.3119,1371.99,222.22,-10.65,36.38,73453.9,60,0.51,0.32,5
32538,-0.448,-0.614,-2.058,0.732,-0.427,255.554,24.000,-26.000,-33.000,0.0015,0.3882,0.8671,-0.3122,1376.59,222.16,-10.77,36.39,73417.3,60,0.51,0.33,5
32592,-0.500,-0.571,-2.061,0.793,-0.488,255.310,27.000,-23.000,-32.000,0.0152,0.4261,0.8491,-0.3119,1381.21,222.11,-10.79,36.39,73372.2,60,0.47,0.33,5
32595,-0.549,-0.527,-2.065,0.855,-0.610,255.188,29.000,-19.000,-31.000,0.0288,0.4632,0.8294,-0.3110,1385.76,221.99,-10.83,36.40,73348.0,60,0.50,0.33,5
32598,-0.594,-0.475,-2.067,0.793,-0.671,254.883,31.000,-17.000,-32.000,0.0424,0.4994,0.8081,-0.3096,1390.28,221.86,-10.84,36.41,73315.2,60,0.41,0.33,5
32652,-0.635,-0.422,-2.074,0.793,-0.732,254.700,31.000,-15.000,-34.000,0.0559,0.5346,0.7852,-0.3075,1394.87,221.78,-10.90,36.42,73261.0,80,0.55,0.33,5
32655,-0.670,-0.366,-2.076,0.671,-0.855,254.517,33.000,-12.000,-33.000,0.0693,0.5687,0.7608,-0.3048,1399.39,221.64,-10.93,36.43,73236.0,60,0.42,0.33,5
32658,-0.701,-0.308,-2.079,0.671,-0.977,254.272,34.000,-10.000,-32.000,0.0826,0.6017,0.7350,-0.3016,1403.97,221.56,-10.96,36.45,73181.6,80,0.56,0.33,5
32712,-0.724,-0.242,-2.083,0.549,-0.977,254.028,35.000,-8.000,-32.000,0.0957,0.6334,0.7078,-0.2978,1408.49,221.43,-10.98,36.46,73155.4,60,0.44,0.33,5
32715,-0.744,-0.177,-2.090,0.549,-0.977,253.662,35.000,-4.000,-33.000,0.1087,0.6640,0.6792,-0.2934,1413.00,221.29,-11.04,36.47,73118.1,60,0.51,0.33,5
32718,-0.759,-0.112,-2.098,0.305,-1.038,253.479,35.000,1.000,-32.000,0.1214,0.6932,0.6493,-0.2884,1417.52,221.15,-11.11,36.47,73077.4,80,0.52,0.33,5
32761,-0.763,-0.046,-2.104,0.244,-0.977,253.235,36.000,1.000,-32.000,0.1339,0.7211,0.6182,-0.2829,1422.10,221.08,-11.15,36.48,73021.8,80,0.52,0.34,5
32765,-0.769,0.023,-2.114,0.061,-1.099,253.052,36.000,6.000,-33.000,0.1462,0.7475,0.5859,-0.2768,1426.67,220.99,-11.25,36.49,72986.9,80,0.58,0.34,5
32777,-0.761,0.092,-2.115,0.000,-1.160,252.686,35.000,9.000,-32.000,0.1581,0.7725,0.5525,-0.2702,1431.23,220.90,-11.24,36.49,72946.4,80,0.51,0.34,5
32831,-0.752,0.156,-2.125,0.061,-0.916,252.563,32.000,10.000,-32.000,0.1698,0.7960,0.5181,-0.2631,1435.83,220.84,-11.34,36.49,72900.5,80,0.62,0.34,5
32834,-0.734,0.223,-2.132,-0.122,-1.038,252.319,32.000,13.000,-31.000,0.1811,0.8179,0.4827,-0.2554,1440.36,220.73,-11.38,36.49,72873.6,60,0.50,0.34,5
32837,-0.717,0.288,-2.133,-0.122,-0.977,251.953,31.000,18.000,-32.000,0.1920,0.8382,0.4465,-0.2473,1444.89,220.60,-11.42,36.49,72837.0,80,0.57,0.34,5
32891,-0.687,0.347,-2.141,-0.305,-1.160,251.770,29.000,19.000,-32.000,0.2026,0.8569,0.4094,-0.2387,1449.43,220.50,-11.46,36.49,72792.5,80,0.52,0.34,5
32894,-0.654,0.408,-2.140,-0.366,-1.160,251.404,27.000,25.000,-30.000,0.2128,0.8740,0.3717,-0.2297,1453.96,220.38,-11.46,36.49,72757.3,80,0.59,0.34,5
32898,-0.618,0.462,-2.143,-0.366,-1.038,251.282,26.000,25.000,-31.000,0.2225,0.8893,0.3332,-0.2202,1458.56,220.33,-11.49,36.49,72701.0,100,0.66,0.34,5
32951,-0.573,0.514,-2.143,-0.488,-0.916,250.916,23.000,28.000,-32.000,0.2319,0.9030,0.2943,-0.2103,1463.09,220.22,-11.48,36.49,72676.6,80,0.53,0.35,5
32954,-0.527,0.564,-2.145,-0.610,-0.916,250.732,22.000,30.000,-32.000,0.2408,0.9149,0.2548,-0.2001,1467.64,220.12,-11.50,36.49,72634.2,80,0.63,0.35,5
32958,-0.475,0.608,-2.150,-0.610,-1.038,250.488,18.000,30.000,-33.000,0.2493,0.9251,0.2149,-0.1894,1472.19,220.04,-11.54,36.49,72592.5,80,0.57,0.35,5
33012,-0.422,0.648,-2.152,-0.855,-0.793,250.244,14.000,34.000,-32.000,0.2574,0.9335,0.1747,-0.1784,1476.74,219.95,-11.57,36.50,72554.2,100,0.64,0.35,5
33015,-0.365,0.681,-2.152,-0.732,-0.732,249.817,11.000,34.000,-32.000,0.2649,0.9402,0.1342,-0.1671,1481.22,219.79,-11.57,36.50,72531.4,80,0.51,0.35,5
33018,-0.305,0.711,-2.151,-0.916,-0.549,249.634,10.000,34.000,-31.000,0.2719,0.9451,0.0935,-0.1555,1485.69,219.63,-11.57,36.51,72493.6,80,0.59,0.35,5
33061,-0.242,0.736,-2.152,-0.855,-0.549,249.390,7.000,37.000,-32.000,0.2785,0.9482,0.0527,-0.1436,1490.19,219.50,-11.58,36.52,72448.0,80,0.55,0.35,5
33065,-0.177,0.754,-2.150,-0.977,-0.488,249.207,2.000,36.000,-32.000,0.2845,0.9496,0.0118,-0.1314,1494.73,219.42,-11.56,36.53,72399.0,100,0.67,0.35,5
33077,-0.112,0.766,-2.151,-0.916,-0.427,248.901,0.000,35.000,-31.000,0.2900,0.9492,-0.0291,-0.1190,1499.22,219.28,-11.56,36.54,72372.6,80,0.55,0.35,5
33131,-0.045,0.774,-2.146,-1.038,-0.305,248.657,-4.000,35.000,-32.000,0.2949,0.9470,-0.0698,-0.1064,1503.71,219.15,-11.52,36.55,72332.6,100,0.64,0.36,5
33134,0.024,0.775,-2.148,-1.160,-0.122,248.352,-5.000,35.000,-32.000,0.2994,0.9431,-0.1104,-0.0936,1508.22,219.04,-11.54,36.56,72288.0,80,0.59,0.36,5
33137,0.091,0.771,-2.154,-1.038,-0.122,248.169,-8.000,34.000,-32.000,0.3032,0.9375,-0.1508,-0.0806,1512.74,218.94,-11.59,36.57,72248.3,100,0.67,0.36,5
33192,0.157,0.759,-2.154,-0.977,-0.122,247.864,-12.000,35.000,-31.000,0.3064,0.9301,-0.1908,-0.0676,1517.17,218.75,-11.58,36.58,72229.9,80,0.52,0.36,5
33195,0.224,0.744,-2.157,-0.977,0.000,247.620,-16.000,34.000,-31.000,0.3091,0.9211,-0.2304,-0.0545,1521.73,218.69,-11.61,36.59,72160.6,100,0.73,0.36,5
33201,0.286,0.725,-2.162,-1.038,0.122,247.375,-18.000,31.000,-32.000,0.3112,0.9104,-0.2695,-0.0414,1526.18,218.54,-11.66,36.59,72145.6,80,0.56,0.36,5
33252,0.347,0.697,-2.162,-1.038,0.122,247.253,-19.000,30.000,-32.000,0.3128,0.8980,-0.3082,-0.0281,1530.63,218.38,-11.66,36.60,72107.4,100,0.64,0.36,5
33255,0.407,0.664,-2.165,-1.038,0.427,246.826,-22.000,27.000,-32.000,0.3137,0.8840,-0.3462,-0.0149,1535.15,218.29,-11.68,36.61,72053.8,100,0.64,0.36,5
33258,0.463,0.628,-2.167,-0.977,0.427,246.643,-26.000,25.000,-32.000,0.3142,0.8684,-0.3836,-0.0016,1539.64,218.18,-11.70,36.62,72020.8,100,0.69,0.36,5
33312,0.515,0.586,-2.169,-0.793,0.488,246.399,-26.000,23.000,-32.000,0.3140,0.8513,-0.4202,0.0117,1544.10,218.03,-11.72,36.63,71989.9,80,0.59,0.37,5
33315,0.566,0.540,-2.175,-0.916,0.610,246.094,-28.000,20.000,-32.000,0.3133,0.8326,-0.4561,0.0249,1548.58,217.91,-11.77,36.63,71946.1,100,0.70,0.37,5
33318,0.605,0.492,-2.175,-0.732,0.610,245.789,-32.000,17.000,-32.000,0.3120,0.8124,-0.4911,0.0381,1553.06,217.79,-11.76,36.64,71906.2,100,0.63,0.37,5
33372,0.649,0.438,-2.183,-0.793,0.732,245.544,-34.000,16.000,-33.000,0.3101,0.7908,-0.5252,0.0513,1557.55,217.68,-11.83,36.64,71866.9,100,0.72,0.37,5
33375,0.685,0.380,-2.184,-0.671,0.732,245.361,-34.000,14.000,-32.000,0.3077,0.7677,-0.5584,0.0643,1562.01,217.54,-11.84,36.65,71834.1,100,0.63,0.37,5
33378,0.714,0.320,-2.188,-0.610,0.916,244.995,-34.000,10.000,-33.000,0.3048,0.7433,-0.5905,0.0773,1566.50,217.44,-11.86,36.65,71786.9,100,0.74,0.37,5
33432,0.741,0.256,-2.191,-0.488,0.916,244.812,-34.000,7.000,-31.000,0.3013,0.7175,-0.6215,0.0901,1570.93,217.28,-11.90,36.66,71764.8,100,0.61,0.37,5
33435,0.760,0.194,-2.192,-0.488,0.855,244.507,-36.000,4.000,-31.000,0.2973,0.6905,-0.6514,0.1028,1575.43,217.19,-11.91,36.67,71708.6,100,0.69,0.37,5
33438,0.774,0.129,-2.196,-0.305,0.977,244.263,-37.000,1.000,-32.000,0.2928,0.6622,-0.6800,0.1153,1579.90,217.07,-11.94,36.68,71677.1,100,0.74,0.37,5
33491,0.785,0.062,-2.198,-0.305,0.916,243.958,-37.000,-3.000,-31.000,0.2877,0.6328,-0.7075,0.1275,1584.33,216.91,-11.97,36.68,71647.7,100,0.63,0.38,5
33495,0.786,-0.005,-2.201,-0.183,0.916,243.713,-35.000,-5.000,-31.000,0.2821,0.6023,-0.7336,0.1396,1588.80,216.80,-11.98,36.69,71600.6,100,0.75,0.38,5
33498,0.785,-0.073,-2.203,-0.122,1.038,243.469,-35.000,-8.000,-31.000,0.2761,0.5708,-0.7583,0.1514,1593.21,216.63,-12.01,36.70,71576.0,100,0.63,0.38,5
33542,0.777,-0.138,-2.210,0.000,1.038,243.164,-34.000,-11.000,-32.000,0.2695,0.5383,-0.7817,0.1629,1597.65,216.49,-12.07,36.71,71530.1,100,0.74,0.38,5
33545,0.764,-0.203,-2.208,0.122,1.038,242.981,-34.000,-16.000,-31.000,0.2625,0.5049,-0.8037,0.1742,1602.05,216.32,-12.06,36.72,71502.6,100,0.63,0.38,5
33557,0.743,-0.268,-2.209,0.122,1.038,242.615,-32.000,-16.000,-32.000,0.2550,0.4706,-0.8242,0.1851,1606.47,216.16,-12.06,36.73,71459.0,100,0.66,0.38,5
33611,0.718,-0.329,-2.212,0.244,0.977,242.310,-31.000,-20.000,-32.000,0.2471,0.4356,-0.8432,0.1957,1610.89,216.02,-12.08,36.74,71419.2,100,0.75,0.38,5
33614,0.691,-0.393,-2.214,0.366,1.099,242.126,-28.000,-21.000,-32.000,0.2387,0.3998,-0.8607,0.2059,1615.34,215.89,-12.12,36.76,71377.6,100,0.69,0.38,5
33617,0.654,-0.447,-2.217,0.488,1.038,241.821,-26.000,-24.000,-31.000,0.2299,0.3634,-0.8766,0.2158,1619.76,215.75,-12.13,36.77,71342.2,100,0.76,0.38,5
33672,0.616,-0.501,-2.218,0.610,0.916,241.699,-25.000,-27.000,-33.000,0.2208,0.3264,-0.8910,0.2254,1624.10,215.53,-12.14,36.78,71326.1,100,0.60,0.39,5
33675,0.571,-0.554,-2.215,0.610,0.793,241.272,-22.000,-29.000,-31.000,0.2112,0.2889,-0.9038,0.2345,1628.51,215.39,-12.13,36.79,71269.3,100,0.77,0.39,5
33678,0.524,-0.597,-2.227,0.732,0.855,241.028,-20.000,-30.000,-31.000,0.2012,0.2510,-0.9151,0.2432,1632.90,215.22,-12.21,36.80,71237.9,100,0.67,0.39,5
33732,0.471,-0.640,-2.227,0.793,0.732,240.784,-17.000,-31.000,-32.000,0.1909,0.2127,-0.9247,0.2515,1637.37,215.13,-12.21,36.81,71181.8,100,0.75,0.39,5
33735,0.417,-0.679,-2.228,0.855,0.610,240.417,-14.000,-34.000,-31.000,0.1803,0.1741,-0.9327,0.2593,1641.75,214.97,-12.23,36.82,71162.6,100,0.76,0.39,5
33738,0.360,-0.711,-2.235,0.855,0.610,240.173,-13.000,-33.000,-32.000,0.1693,0.1352,-0.9391,0.2667,1646.08,214.75,-12.29,36.84,71138.6,100,0.63,0.39,5
33792,0.296,-0.739,-2.236,0.916,0.610,239.929,-9.000,-35.000,-31.000,0.1581,0.0961,-0.9439,0.2737,1650.49,214.61,-12.29,36.85,71081.4,100,0.72,0.39,5
33795,0.237,-0.764,-2.242,0.977,0.427,239.502,-6.000,-35.000,-31.000,0.1466,0.0570,-0.9470,0.2801,1654.85,214.43,-12.36,36.86,71055.5,100,0.75,0.39,5
33798,0.172,-0.783,-2.249,0.916,0.427,239.380,-2.000,-37.000,-32.000,0.1349,0.0178,-0.9485,0.2861,1659.20,214.24,-12.41,36.88,71018.1,100,0.68,0.39,5
33851,0.108,-0.795,-2.249,1.221,0.305,239.014,1.000,-37.000,-31.000,0.1230,-0.0214,-0.9484,0.2916,1663.56,214.06,-12.42,36.90,70981.1,100,0.76,0.40,5
33855,0.040,-0.801,-2.248,1.099,0.183,238.708,4.000,-38.000,-32.000,0.1108,-0.0605,-0.9466,0.2965,1667.91,213.89,-12.40,36.91,70943.0,100,0.69,0.40,5
33858,-0.024,-0.804,-2.251,1.160,0.122,238.464,7.000,-36.000,-31.000,0.0985,-0.0995,-0.9433,0.3010,1672.27,213.71,-12.44,36.93,70906.9,100,0.69,0.40,5
33911,-0.094,-0.797,-2.250,1.099,-0.061,238.220,9.000,-35.000,-31.000,0.0860,-0.1382,-0.9384,0.3049,1676.64,213.56,-12.42,36.94,70863.7,100,0.80,0.40,5
33915,-0.159,-0.789,-2.248,1.099,-0.061,238.037,12.000,-35.000,-32.000,0.0734,-0.1767,-0.9318,0.3083,1680.99,213.39,-12.41,36.95,70831.5,100,0.71,0.40,5
33918,-0.225,-0.771,-2.243,1.160,-0.183,237.671,14.000,-32.000,-31.000,0.0608,-0.2148,-0.9238,0.3112,1685.35,213.22,-12.36,36.97,70794.2,100,0.72,0.40,5
33974,-0.291,-0.755,-2.245,1.221,-0.183,237.427,17.000,-31.000,-31.000,0.0482,-0.2525,-0.9142,0.3135,1689.68,213.04,-12.41,36.98,70759.7,100,0.79,0.40,5
33977,-0.348,-0.728,-2.247,1.160,-0.366,237.122,20.000,-32.000,-31.000,0.0354,-0.2897,-0.9030,0.3153,1694.03,212.87,-12.41,36.99,70721.9,100,0.72,0.40,5
33980,-0.407,-0.697,-2.245,1.038,-0.427,236.877,22.000,-29.000,-31.000,0.0227,-0.3264,-0.8904,0.3165,1698.37,212.71,-12.39,37.00,70684.3,100,0.73,0.40,5
34032,-0.464,-0.662,-2.241,1.038,-0.549,236.450,25.000,-25.000,-31.000,0.0099,-0.3625,-0.8763,0.3173,1702.67,212.50,-12.37,37.01,70657.6,100,0.77,0.41,5
34035,-0.517,-0.621,-2.241,1.038,-0.488,236.206,26.000,-25.000,-31.000,-0.0029,-0.3980,-0.8607,0.3175,1706.97,212.31,-12.36,37.02,70619.2,100,0.71,0.41,5
34038,-0.566,-0.580,-2.236,0.916,-0.671,235.962,29.000,-23.000,-31.000,-0.0157,-0.4328,-0.8437,0.3172,1711.30,212.14,-12.34,37.04,70575.4,100,0.74,0.41,5
34092,-0.612,-0.531,-2.239,0.855,-0.610,235.657,30.000,-19.000,-31.000,-0.0285,-0.4668,-0.8253,0.3164,1715.59,211.94,-12.36,37.05,70549.0,100,0.78,0.41,5
34095,-0.655,-0.479,-2.237,0.793,-0.793,235.413,33.000,-18.000,-31.000,-0.0413,-0.5001,-0.8056,0.3151,1719.93,211.79,-12.35,37.06,70499.2,100,0.77,0.41,5
34098,-0.694,-0.424,-2.238,0.732,-0.977,235.229,34.000,-14.000,-31.000,-0.0541,-0.5325,-0.7845,0.3133,1724.20,211.58,-12.36,37.07,70478.4,100,0.71,0.41,5
34152,-0.726,-0.366,-2.239,0.732,-1.038,234.863,34.000,-11.000,-31.000,-0.0667,-0.5639,-0.7621,0.3109,1728.47,211.37,-12.36,37.09,70441.0,100,0.72,0.41,5
34155,-0.753,-0.307,-2.244,0.732,-0.977,234.619,35.000,-8.000,-31.000,-0.0792,-0.5945,-0.7385,0.3081,1732.79,211.21,-12.40,37.10,70394.4,100,0.84,0.41,5
34158,-0.778,-0.245,-2.240,0.549,-1.099,234.314,35.000,-7.000,-32.000,-0.0916,-0.6240,-0.7137,0.3047,1737.12,211.06,-12.38,37.11,70354.1,100,0.79,0.41,5
34212,-0.795,-0.181,-2.244,0.488,-1.099,234.070,37.000,-5.000,-31.000,-0.1039,-0.6524,-0.6878,0.3009,1741.44,210.91,-12.41,37.12,70320.5,100,0.78,0.42,5
34215,-0.808,-0.117,-2.242,0.427,-1.221,233.704,35.000,-1.000,-32.000,-0.1160,-0.6797,-0.6607,0.2966,1745.73,210.73,-12.40,37.13,70289.0,100,0.84,0.42,5
34218,-0.815,-0.051,-2.243,0.366,-1.221,233.459,38.000,2.000,-32.000,-0.1278,-0.7059,-0.6326,0.2917,1750.03,210.56,-12.41,37.15,70251.2,100,0.78,0.42,5
34272,-0.818,0.016,-2.249,0.305,-1.221,233.215,35.000,7.000,-31.000,-0.1395,-0.7309,-0.6035,0.2864,1754.34,210.41,-12.45,37.16,70211.8,100,0.79,0.42,5
34275,-0.813,0.082,-2.250,0.000,-1.160,232.971,35.000,9.000,-29.000,-0.1510,-0.7547,-0.5734,0.2806,1758.60,210.20,-12.47,37.16,70187.8,100,0.82,0.42,5
34278,-0.805,0.147,-2.247,0.122,-1.160,232.666,34.000,13.000,-31.000,-0.1621,-0.7773,-0.5425,0.2744,1762.88,210.04,-12.44,37.17,70143.7,100,0.79,0.42,5
34332,-0.790,0.212,-2.250,-0.183,-1.221,232.422,33.000,14.000,-31.000,-0.1730,-0.7985,-0.5107,0.2677,1767.14,209.84,-12.46,37.18,70113.9,100,0.77,0.42,5
34335,-0.771,0.277,-2.250,-0.244,-1.221,232.117,32.000,17.000,-32.000,-0.1837,-0.8184,-0.4781,0.2606,1771.36,209.62,-12.47,37.18,70086.1,100,0.74,0.42,5
34339,-0.746,0.336,-2.249,-0.305,-1.221,231.934,30.000,20.000,-31.000,-0.1940,-0.8370,-0.4447,0.2530,1775.68,209.49,-12.45,37.18,70028.0,100,0.91,0.42,5
34392,-0.718,0.399,-2.255,-0.366,-1.221,231.567,29.000,22.000,-31.000,-0.2040,-0.8542,-0.4108,0.2450,1779.93,209.29,-12.52,37.18,70006.4,100,0.78,0.43,5
34395,-0.686,0.452,-2.258,-0.488,-1.160,231.262,27.000,23.000,-31.000,-0.2136,-0.8700,-0.3762,0.2367,1784.16,209.09,-12.54,37.18,69974.4,100,0.77,0.43,5
34398,-0.648,0.504,-2.259,-0.610,-1.099,230.957,24.000,28.000,-31.000,-0.2230,-0.8843,-0.3411,0.2279,1788.40,208.89,-12.55,37.19,69936.5,100,0.78,0.43,5
34452,-0.607,0.558,-2.261,-0.793,-1.099,230.774,24.000,30.000,-30.000,-0.2319,-0.8972,-0.3055,0.2188,1792.57,208.64,-12.58,37.19,69915.5,100,0.80,0.43,5
34455,-0.563,0.606,-2.262,-0.793,-0.916,230.469,20.000,29.000,-31.000,-0.2405,-0.9087,-0.2695,0.2094,1796.73,208.37,-12.60,37.19,69882.9,100,0.72,0.43,5
34458,-0.516,0.648,-2.265,-0.855,-0.793,230.103,19.000,31.000,-31.000,-0.2487,-0.9187,-0.2331,0.1996,1800.87,208.10,-12.64,37.19,69851.0,100,0.70,0.43,5
34512,-0.459,0.688,-2.268,-1.038,-0.732,229.797,16.000,34.000,-31.000,-0.2566,-0.9272,-0.1965,0.1895,1804.98,207.80,-12.65,37.20,69821.9,100,0.68,0.43,5
34515,-0.406,0.721,-2.276,-1.038,-0.610,229.492,12.000,35.000,-31.000,-0.2640,-0.9342,-0.1596,0.1791,1809.06,207.47,-12.72,37.21,69795.2,100,0.65,0.43,5
34518,-0.342,0.753,-2.274,-1.160,-0.549,229.309,10.000,37.000,-30.000,-0.2710,-0.9398,-0.1225,0.1684,1813.19,207.21,-12.70,37.22,69745.8,100,0.72,0.43,5
34572,-0.278,0.778,-2.275,-1.099,-0.427,228.943,5.000,35.000,-31.000,-0.2776,-0.9439,-0.0852,0.1575,1817.26,206.89,-12.69,37.22,69725.4,100,0.66,0.43,5
34575,-0.216,0.798,-2.277,-1.160,-0.244,228.760,3.000,37.000,-31.000,-0.2838,-0.9465,-0.0479,0.1463,1821.29,206.53,-12.71,37.23,69699.4,100,0.63,0.43,5
34578,-0.149,0.812,-2.276,-1.282,-0.183,228.455,2.000,35.000,-31.000,-0.2895,-0.9476,-0.0105,0.1349,1825.36,206.23,-12.69,37.25,69653.8,100,0.68,0.43,5
34623,-0.085,0.821,-2.275,-1.221,-0.183,228.088,-1.000,35.000,-31.000,-0.2947,-0.9472,0.0268,0.1233,1829.41,205.91,-12.68,37.26,69623.4,100,0.66,0.44,5
34627,-0.018,0.828,-2.281,-1.160,-0.061,227.905,-4.000,38.000,-31.000,-0.2994,-0.9454,0.0641,0.1115,1833.38,205.52,-12.74,37.27,69608.0,100,0.58,0.44,5
34637,0.048,0.825,-2.278,-1.282,0.000,227.600,-5.000,36.000,-31.000,-0.3037,-0.9421,0.1012,0.0996,1837.39,205.17,-12.70,37.28,69563.2,100,0.63,0.44,5
34692,0.112,0.821,-2.283,-1.282,0.000,227.295,-11.000,35.000,-30.000,-0.3075,-0.9374,0.1381,0.0875,1841.33,204.76,-12.75,37.30,69545.6,100,0.57,0.44,5
34698,0.177,0.809,-2.285,-1.160,0.122,226.990,-13.000,35.000,-30.000,-0.3108,-0.9312,0.1747,0.0754,1845.21,204.31,-12.76,37.31,69522.6,80,0.52,0.44,5
34702,0.240,0.796,-2.286,-1.099,0.244,226.807,-16.000,33.000,-30.000,-0.3136,-0.9236,0.2110,0.0632,1849.16,203.93,-12.79,37.32,69473.4,100,0.59,0.44,5
34752,0.302,0.776,-2.291,-1.160,0.366,226.379,-20.000,32.000,-31.000,-0.3159,-0.9147,0.2469,0.0509,1853.08,203.53,-12.83,37.33,69446.7,100,0.56,0.44,5
34755,0.364,0.749,-2.293,-1.160,0.305,226.257,-20.000,31.000,-31.000,-0.3178,-0.9043,0.2824,0.0386,1856.97,203.11,-12.85,37.34,69418.4,100,0.54,0.44,5
34758,0.419,0.720,-2.297,-1.160,0.366,225.891,-24.000,29.000,-32.000,-0.3191,-0.8926,0.3175,0.0263,1860.86,202.69,-12.88,37.35,69385.4,100,0.54,0.44,5
34812,0.479,0.684,-2.297,-1.038,0.610,225.586,-25.000,26.000,-32.000,-0.3200,-0.8795,0.3520,0.0139,1864.75,202.29,-12.88,37.36,69349.4,100,0.56,0.44,5
34815,0.529,0.645,-2.297,-1.038,0.732,225.342,-28.000,23.000,-30.000,-0.3204,-0.8651,0.3860,0.0015,1868.60,201.85,-12.88,37.37,69325.0,80,0.52,0.44,5
34818,0.580,0.603,-2.296,-0.916,0.610,224.976,-29.000,23.000,-31.000,-0.3203,-0.8494,0.4193,-0.0108,1872.47,201.44,-12.88,37.38,69287.8,80,0.46,0.44,5
34872,0.625,0.556,-2.294,-0.855,0.855,224.670,-30.000,20.000,-29.000,-0.3197,-0.8324,0.4520,-0.0232,1876.31,201.00,-12.87,37.39,69260.6,80,0.52,0.44,5
34875,0.668,0.504,-2.295,-0.855,0.855,224.426,-32.000,18.000,-32.000,-0.3186,-0.8142,0.4840,-0.0355,1880.11,200.54,-12.87,37.39,69235.8,80,0.49,0.44,5
34878,0.707,0.452,-2.296,-0.793,1.099,224.121,-35.000,15.000,-31.000,-0.3171,-0.7948,0.5152,-0.0478,1883.95,200.13,-12.88,37.40,69192.3,80,0.53,0.44,5
34923,0.740,0.396,-2.297,-0.671,1.099,223.938,-33.000,14.000,-31.000,-0.3151,-0.7742,0.5456,-0.0600,1887.73,199.67,-12.90,37.41,69173.0,80,0.48,0.44,5
34926,0.771,0.336,-2.299,-0.427,1.099,223.633,-36.000,10.000,-31.000,-0.3126,-0.7525,0.5752,-0.0722,1891.52,199.22,-12.92,37.42,69139.0,80,0.49,0.44,5
34938,0.793,0.277,-2.298,-0.488,1.099,223.206,-37.000,7.000,-31.000,-0.3096,-0.7296,0.6039,-0.0842,1895.36,198.83,-12.91,37.43,69092.0,80,0.47,0.44,5
34971,0.812,0.213,-2.298,-0.427,1.160,222.961,-36.000,5.000,-31.000,-0.3062,-0.7057,0.6316,-0.0962,1899.10,198.36,-12.89,37.44,69081.9,80,0.46,0.44,5
34977,0.828,0.148,-2.293,-0.305,1.160,222.595,-37.000,1.000,-31.000,-0.3024,-0.6808,0.6584,-0.1079,1902.90,197.94,-12.86,37.45,69037.1,80,0.51,0.44,5
34997,0.840,0.085,-2.290,-0.183,1.160,222.412,-38.000,1.000,-31.000,-0.2981,-0.6548,0.6841,-0.1196,1906.63,197.48,-12.86,37.46,69018.4,80,0.46,0.43,5
35051,0.843,0.020,-2.287,0.000,1.282,222.107,-35.000,-3.000,-30.000,-0.2933,-0.6280,0.7088,-0.1310,1910.35,197.02,-12.82,37.48,68985.9,60,0.38,0.43,5
35054,0.844,-0.046,-2.287,0.122,1.160,221.802,-35.000,-7.000,-31.000,-0.2881,-0.6002,0.7324,-0.1423,1914.09,196.57,-12.84,37.49,68951.0,80,0.47,0.43,5
35057,0.838,-0.111,-2.287,0.122,1.282,221.375,-35.000,-10.000,-31.000,-0.2825,-0.5717,0.7549,-0.1533,1917.77,196.08,-12.83,37.50,68932.5,80,0.42,0.43,5
35103,0.829,-0.176,-2.286,0.183,1.160,221.130,-35.000,-14.000,-31.000,-0.2765,-0.5423,0.7762,-0.1641,1921.45,195.60,-12.83,37.51,68898.6,60,0.35,0.43,5
35106,0.813,-0.240,-2.286,0.244,1.221,221.069,-34.000,-14.000,-31.000,-0.2701,-0.5121,0.7964,-0.1747,1925.12,195.13,-12.83,37.53,68868.0,80,0.42,0.43,5
35117,0.792,-0.301,-2.281,0.244,1.221,220.581,-31.000,-19.000,-31.000,-0.2633,-0.4813,0.8153,-0.1849,1928.76,194.63,-12.79,37.54,68843.7,60,0.40,0.43,5
35171,0.767,-0.362,-2.288,0.488,1.160,220.337,-31.000,-20.000,-31.000,-0.2562,-0.4498,0.8331,-0.1949,1932.37,194.11,-12.85,37.56,68819.4,60,0.29,0.43,5
35175,0.738,-0.420,-2.284,0.549,1.099,220.093,-29.000,-22.000,-31.000,-0.2486,-0.4178,0.8496,-0.2047,1935.95,193.57,-12.81,37.57,68792.6,60,0.35,0.43,5
35178,0.704,-0.478,-2.282,0.671,1.099,219.849,-30.000,-25.000,-31.000,-0.2407,-0.3851,0.8648,-0.2141,1939.56,193.08,-12.81,37.58,68753.6,60,0.38,0.43,5
35223,0.667,-0.531,-2.283,0.793,1.099,219.482,-26.000,-28.000,-31.000,-0.2324,-0.3520,0.8788,-0.2232,1943.13,192.55,-12.82,37.60,68732.0,40,0.27,0.43,5
35226,0.624,-0.581,-2.286,0.855,1.160,219.238,-24.000,-31.000,-30.000,-0.2238,-0.3184,0.8914,-0.2320,1946.73,192.06,-12.84,37.62,68692.6,60,0.38,0.43,5
35237,0.579,-0.626,-2.286,1.038,0.732,218.872,-21.000,-31.000,-31.000,-0.2149,-0.2845,0.9028,-0.2405,1950.30,191.56,-12.84,37.63,68667.5,40,0.28,0.43,5
35292,0.530,-0.671,-2.289,1.038,0.732,218.628,-19.000,-32.000,-29.000,-0.2056,-0.2502,0.9129,-0.2486,1953.90,191.09,-12.87,37.64,68630.6,60,0.38,0.43,5
35295,0.477,-0.709,-2.287,1.038,0.671,218.262,-17.000,-34.000,-30.000,-0.1960,-0.2156,0.9216,-0.2564,1957.51,190.63,-12.86,37.66,68596.3,60,0.40,0.43,5
35298,0.422,-0.745,-2.286,1.160,0.732,218.018,-13.000,-34.000,-31.000,-0.1862,-0.1807,0.9290,-0.2637,1961.02,190.09,-12.85,37.67,68587.4,40,0.23,0.43,5
35343,0.365,-0.775,-2.294,1.160,0.549,217.712,-11.000,-37.000,-30.000,-0.1761,-0.1457,0.9351,-0.2708,1964.54,189.58,-12.92,37.69,68552.2,60,0.33,0.43,5
35346,0.307,-0.803,-2.293,1.282,0.549,217.529,-8.000,-38.000,-31.000,-0.1658,-0.1105,0.9399,-0.2774,1968.10,189.11,-12.92,37.71,68513.4,40,0.29,0.42,5
35358,0.247,-0.825,-2.292,1.282,0.427,217.102,-4.000,-37.000,-29.000,-0.1552,-0.0752,0.9433,-0.2836,1971.65,188.63,-12.92,37.73,68485.3,60,0.36,0.42,5
35411,0.182,-0.843,-2.289,1.343,0.427,216.858,-2.000,-37.000,-29.000,-0.1445,-0.0398,0.9454,-0.2894,1975.12,188.10,-12.90,37.75,68470.1,40,0.21,0.42,5
35415,0.119,-0.853,-2.293,1.221,0.244,216.614,-1.000,-38.000,-31.000,-0.1335,-0.0044,0.9462,-0.2948,1978.58,187.56,-12.92,37.77,68444.2,40,0.28,0.42,5
35421,0.052,-0.863,-2.292,1.404,0.122,216.309,4.000,-35.000,-30.000,-0.1223,0.0309,0.9456,-0.2998,1982.03,187.02,-12.93,37.79,68413.9,40,0.20,0.42,5
35462,-0.012,-0.865,-2.291,1.404,0.000,216.064,5.000,-37.000,-29.000,-0.1110,0.0661,0.9438,-0.3044,1985.44,186.46,-12.92,37.81,68391.8,40,0.17,0.42,5
35466,-0.075,-0.861,-2.292,1.465,-0.183,215.759,7.000,-37.000,-31.000,-0.0995,0.1012,0.9406,-0.3085,1989.01,186.06,-12.93,37.83,68327.4,60,0.39,0.42,5
35477,-0.143,-0.854,-2.294,1.343,-0.122,215.454,10.000,-37.000,-30.000,-0.0880,0.1361,0.9361,-0.3121,1992.51,185.60,-12.94,37.85,68309.6,60,0.34,0.42,5
35532,-0.204,-0.840,-2.294,1.221,-0.305,215.271,14.000,-35.000,-31.000,-0.0763,0.1708,0.9304,-0.3153,1996.00,185.13,-12.94,37.86,68283.4,40,0.25,0.42,5
35535,-0.266,-0.823,-2.290,1.404,-0.366,214.905,16.000,-33.000,-30.000,-0.0647,0.2052,0.9233,-0.3181,1999.48,184.67,-12.90,37.88,68255.8,40,0.24,0.42,5
35539,-0.330,-0.801,-2.292,1.282,-0.610,214.600,17.000,-32.000,-31.000,-0.0529,0.2392,0.9151,-0.3203,2002.92,184.18,-12.92,37.89,68232.2,40,0.30,0.42,5
35583,-0.386,-0.774,-2.289,1.343,-0.427,214.233,20.000,-30.000,-29.000,-0.0412,0.2728,0.9056,-0.3222,2006.38,183.71,-12.89,37.91,68198.7,40,0.23,0.42,5
35586,-0.444,-0.747,-2.289,1.221,-0.549,213.928,23.000,-27.000,-30.000,-0.0294,0.3061,0.8949,-0.3236,2009.81,183.24,-12.91,37.92,68173.1,60,0.30,0.41,5
35597,-0.499,-0.712,-2.291,1.038,-0.855,213.745,25.000,-28.000,-31.000,-0.0175,0.3389,0.8829,-0.3245,2013.26,182.78,-12.92,37.93,68141.1,40,0.23,0.41,5
35642,-0.552,-0.674,-2.284,1.160,-0.855,213.379,28.000,-25.000,-30.000,-0.0057,0.3712,0.8698,-0.3251,2016.67,182.30,-12.87,37.95,68118.1,40,0.28,0.41,5
35645,-0.600,-0.633,-2.289,1.038,-0.793,213.074,29.000,-23.000,-31.000,0.0062,0.4029,0.8555,-0.3252,2020.06,181.80,-12.92,37.96,68094.4,40,0.18,0.41,5
35658,-0.646,-0.586,-2.288,0.977,-1.038,212.830,31.000,-20.000,-31.000,0.0181,0.4341,0.8400,-0.3249,2023.45,181.31,-12.91,37.98,68064.8,40,0.18,0.41,5
35712,-0.688,-0.538,-2.287,0.855,-1.038,212.463,32.000,-19.000,-29.000,0.0300,0.4647,0.8235,-0.3241,2026.88,180.88,-12.90,38.00,68024.0,60,0.32,0.41,5
35715,-0.727,-0.485,-2.285,0.732,-1.160,212.219,34.000,-15.000,-29.000,0.0419,0.4946,0.8058,-0.3230,2030.28,180.42,-12.89,38.01,68002.2,40,0.21,0.41,5
35718,-0.762,-0.429,-2.283,0.732,-1.160,211.975,35.000,-13.000,-30.000,0.0537,0.5238,0.7871,-0.3213,2033.65,179.94,-12.87,38.03,67978.9,40,0.26,0.41,5
35762,-0.794,-0.372,-2.281,0.671,-1.343,211.670,35.000,-10.000,-29.000,0.0654,0.5523,0.7673,-0.3193,2037.03,179.48,-12.86,38.05,67948.3,40,0.19,0.41,5
35766,-0.819,-0.314,-2.281,0.549,-1.404,211.426,37.000,-9.000,-31.000,0.0771,0.5800,0.7465,-0.3169,2040.37,179.00,-12.86,38.06,67924.6,20,0.17,0.41,5
35778,-0.843,-0.254,-2.282,0.488,-1.282,211.121,38.000,-6.000,-31.000,0.0886,0.6069,0.7248,-0.3140,2043.72,178.52,-12.89,38.08,67896.6,40,0.25,0.41,5
35822,-0.856,-0.190,-2.281,0.305,-1.343,210.815,37.000,-4.000,-29.000,0.1000,0.6329,0.7021,-0.3106,2047.07,178.07,-12.86,38.09,67865.0,40,0.18,0.40,5
35825,-0.871,-0.127,-2.276,0.366,-1.404,210.388,38.000,0.000,-30.000,0.1113,0.6581,0.6785,-0.3069,2050.48,177.67,-12.84,38.11,67824.3,40,0.24,0.40,5
35837,-0.879,-0.064,-2.278,0.183,-1.343,210.205,37.000,4.000,-31.000,0.1225,0.6823,0.6540,-0.3028,2053.86,177.26,-12.85,38.12,67799.5,40,0.30,0.40,5
35881,-0.882,0.001,-2.273,0.061,-1.465,209.961,39.000,5.000,-29.000,0.1335,0.7057,0.6287,-0.2982,2057.23,176.84,-12.82,38.14,67772.6,40,0.22,0.40,5
35884,-0.880,0.064,-2.270,0.000,-1.465,209.656,37.000,7.000,-29.000,0.1443,0.7280,0.6026,-0.2933,2060.56,176.40,-12.80,38.15,67753.4,40,0.26,0.40,5
35897,-0.874,0.131,-2.271,0.000,-1.465,209.351,35.000,10.000,-31.000,0.1548,0.7494,0.5758,-0.2880,2063.86,175.93,-12.80,38.17,67731.2,20,0.15,0.40,5
35942,-0.862,0.191,-2.271,-0.183,-1.404,209.045,32.000,13.000,-31.000,0.1652,0.7698,0.5482,-0.2822,2067.14,175.45,-12.80,38.18,67707.4,20,0.14,0.40,5
35945,-0.847,0.252,-2.268,-0.244,-1.404,208.801,34.000,14.000,-28.000,0.1753,0.7891,0.5199,-0.2761,2070.46,175.02,-12.78,38.19,67667.8,40,0.19,0.40,5
35957,-0.828,0.315,-2.269,-0.427,-1.465,208.496,32.000,19.000,-29.000,0.1853,0.8074,0.4910,-0.2697,2073.77,174.59,-12.80,38.20,67643.0,40,0.25,0.40,5
36002,-0.804,0.374,-2.268,-0.488,-1.221,208.252,31.000,20.000,-31.000,0.1949,0.8246,0.4615,-0.2628,2077.10,174.18,-12.79,38.20,67610.4,40,0.20,0.40,5
36005,-0.774,0.432,-2.265,-0.671,-1.282,207.947,30.000,23.000,-31.000,0.2043,0.8407,0.4315,-0.2556,2080.35,173.72,-12.77,38.20,67597.3,20,0.13,0.40,5
36017,-0.745,0.487,-2.264,-0.732,-1.282,207.642,28.000,23.000,-28.000,0.2134,0.8556,0.4010,-0.2481,2083.66,173.31,-12.79,38.21,67557.0,40,0.27,0.40,5
36072,-0.705,0.541,-2.271,-0.855,-1.221,207.397,28.000,27.000,-31.000,0.2223,0.8695,0.3700,-0.2403,2086.95,172.89,-12.82,38.21,67533.0,20,0.17,0.40,5
36075,-0.663,0.591,-2.268,-0.977,-1.099,207.092,23.000,29.000,-30.000,0.2308,0.8821,0.3386,-0.2321,2090.24,172.48,-12.79,38.22,67502.6,20,0.19,0.39,5
36078,-0.621,0.639,-2.265,-1.038,-0.977,206.848,22.000,31.000,-30.000,0.2391,0.8937,0.3068,-0.2237,2093.50,172.05,-12.78,38.22,67482.6,40,0.24,0.39,5
36123,-0.574,0.682,-2.263,-1.038,-1.099,206.482,20.000,32.000,-30.000,0.2470,0.9040,0.2748,-0.2150,2096.78,171.65,-12.78,38.23,67450.4,20,0.18,0.39,5
36126,-0.524,0.723,-2.259,-1.099,-0.855,206.238,16.000,34.000,-29.000,0.2547,0.9132,0.2424,-0.2060,2100.08,171.28,-12.76,38.24,67415.4,40,0.21,0.39,5
36138,-0.471,0.759,-2.261,-1.160,-0.916,205.872,16.000,34.000,-29.000,0.2620,0.9212,0.2098,-0.1967,2103.34,170.87,-12.76,38.25,67398.2,20,0.16,0.39,5
36184,-0.416,0.790,-2.263,-1.282,-0.855,205.688,11.000,38.000,-31.000,0.2690,0.9281,0.1770,-0.1872,2106.56,170.43,-12.77,38.26,67377.1,40,0.22,0.39,5
36187,-0.358,0.818,-2.260,-1.282,-0.610,205.383,10.000,37.000,-29.000,0.2756,0.9337,0.1440,-0.1775,2109.80,170.02,-12.75,38.27,67347.2,20,0.15,0.39,5
36198,-0.300,0.844,-2.254,-1.343,-0.610,205.078,8.000,36.000,-29.000,0.2819,0.9382,0.1108,-0.1676,2113.07,169.65,-12.72,38.29,67310.6,40,0.20,0.39,5
36242,-0.239,0.863,-2.253,-1.282,-0.427,204.651,4.000,36.000,-29.000,0.2878,0.9415,0.0776,-0.1574,2116.33,169.27,-12.72,38.30,67286.1,20,0.18,0.39,5
36245,-0.178,0.878,-2.250,-1.343,-0.488,204.468,3.000,38.000,-29.000,0.2934,0.9436,0.0444,-0.1471,2119.60,168.92,-12.69,38.32,67253.9,40,0.29,0.39,5
36257,-0.112,0.892,-2.251,-1.404,-0.305,204.163,0.000,38.000,-29.000,0.2986,0.9445,0.0111,-0.1366,2122.87,168.55,-12.71,38.33,67229.1,40,0.20,0.39,5
36302,-0.049,0.896,-2.251,-1.343,-0.122,203.918,-3.000,38.000,-28.000,0.3034,0.9443,-0.0221,-0.1259,2126.11,168.19,-12.70,38.35,67204.8,20,0.19,0.39,5
36305,0.013,0.898,-2.247,-1.343,0.061,203.674,-5.000,38.000,-29.000,0.3078,0.9429,-0.0552,-0.1150,2129.33,167.80,-12.67,38.36,67182.7,20,0.17,0.39,5
36318,0.081,0.896,-2.245,-1.404,0.000,203.308,-8.000,37.000,-29.000,0.3118,0.9403,-0.0883,-0.1041,2132.56,167.44,-12.65,38.38,67152.3,40,0.27,0.39,5
36372,0.143,0.890,-2.243,-1.465,0.183,203.186,-11.000,37.000,-29.000,0.3154,0.9366,-0.1212,-0.0930,2135.79,167.07,-12.65,38.40,67126.6,20,0.18,0.39,5
36375,0.206,0.879,-2.243,-1.404,0.305,202.820,-15.000,35.000,-30.000,0.3186,0.9317,-0.1538,-0.0819,2139.04,166.74,-12.65,38.41,67091.7,40,0.22,0.39,5
36378,0.265,0.862,-2.238,-1.404,0.244,202.576,-16.000,36.000,-28.000,0.3214,0.9257,-0.1862,-0.0707,2142.32,166.44,-12.61,38.43,67059.5,40,0.24,0.39,5
36423,0.326,0.840,-2.240,-1.343,0.549,202.209,-19.000,32.000,-29.000,0.3238,0.9187,-0.2184,-0.0595,2145.53,166.07,-12.62,38.45,67047.4,40,0.26,0.38,5
36426,0.385,0.820,-2.240,-1.404,0.671,201.904,-21.000,33.000,-29.000,0.3258,0.9105,-0.2502,-0.0482,2148.73,165.71,-12.64,38.46,67021.0,20,0.18,0.38,5
36437,0.442,0.789,-2.236,-1.343,0.671,201.599,-24.000,28.000,-29.000,0.3274,0.9012,-0.2816,-0.0369,2151.95,165.37,-12.59,38.48,66991.2,20,0.20,0.38,5
36482,0.500,0.758,-2.232,-1.221,0.671,201.355,-25.000,28.000,-30.000,0.3286,0.8908,-0.3127,-0.0255,2155.20,165.07,-12.59,38.49,66954.2,40,0.24,0.38,5
36485,0.552,0.721,-2.229,-1.221,0.916,201.111,-28.000,28.000,-29.000,0.3295,0.8794,-0.3434,-0.0142,2158.46,164.78,-12.55,38.51,66927.5,40,0.24,0.38,5
36497,0.598,0.681,-2.228,-1.160,0.916,200.806,-27.000,24.000,-29.000,0.3299,0.8669,-0.3737,-0.0028,2161.69,164.47,-12.53,38.52,66904.6,40,0.31,0.38,5
36542,0.647,0.639,-2.226,-1.099,1.099,200.501,-31.000,22.000,-29.000,0.3299,0.8534,-0.4035,0.0086,2164.91,164.16,-12.53,38.54,66880.8,40,0.22,0.38,5
36545,0.692,0.591,-2.224,-0.977,0.977,200.256,-32.000,21.000,-29.000,0.3295,0.8389,-0.4327,0.0200,2168.07,163.79,-12.52,38.55,66866.6,20,0.17,0.38,5
36557,0.733,0.541,-2.226,-0.855,1.160,200.012,-34.000,17.000,-29.000,0.3287,0.8234,-0.4615,0.0313,2171.25,163.46,-12.53,38.56,66833.6,40,0.20,0.38,5
36602,0.769,0.490,-2.220,-0.855,1.160,199.707,-34.000,16.000,-29.000,0.3275,0.8070,-0.4896,0.0426,2174.44,163.14,-12.49,38.57,66805.9,40,0.21,0.38,5
36605,0.801,0.437,-2.216,-0.732,1.221,199.463,-35.000,13.000,-29.000,0.3259,0.7895,-0.5172,0.0539,2177.68,162.87,-12.46,38.58,66768.5,60,0.34,0.38,5
36617,0.832,0.378,-2.219,-0.610,1.282,199.158,-38.000,10.000,-29.000,0.3240,0.7712,-0.5441,0.0652,2180.91,162.60,-12.49,38.59,66742.9,40,0.26,0.38,5
36662,0.855,0.321,-2.214,-0.549,1.160,198.914,-36.000,9.000,-29.000,0.3216,0.7520,-0.5704,0.0763,2184.11,162.31,-12.45,38.60,66721.3,40,0.24,0.38,5
36665,0.876,0.261,-2.211,-0.427,1.282,198.608,-36.000,7.000,-29.000,0.3189,0.7318,-0.5959,0.0874,2187.29,162.00,-12.43,38.61,66699.2,40,0.22,0.38,5
36677,0.892,0.199,-2.211,-0.427,1.282,198.364,-37.000,4.000,-30.000,0.3158,0.7109,-0.6207,0.0983,2190.51,161.73,-12.42,38.63,66666.1,60,0.34,0.38,5
36722,0.908,0.137,-2.208,-0.244,1.526,198.120,-38.000,2.000,-29.000,0.3124,0.6891,-0.6447,0.1092,2193.65,161.40,-12.42,38.65,66653.0,40,0.20,0.38,5
36725,0.915,0.078,-2.209,-0.183,1.404,197.754,-39.000,-2.000,-29.000,0.3085,0.6666,-0.6679,0.1199,2196.83,161.10,-12.44,38.66,66620.5,40,0.23,0.38,5
36737,0.920,0.014,-2.208,-0.122,1.465,197.510,-38.000,-3.000,-30.000,0.3044,0.6433,-0.6903,0.1305,2199.99,160.80,-12.43,38.68,66597.3,40,0.22,0.38,5
36782,0.921,-0.052,-2.204,0.000,1.465,197.205,-39.000,-9.000,-30.000,0.2998,0.6193,-0.7118,0.1410,2203.20,160.55,-12.41,38.70,66558.7,40,0.28,0.38,5
36785,0.913,-0.116,-2.204,0.183,1.404,197.021,-37.000,-10.000,-29.000,0.2950,0.5946,-0.7325,0.1512,2206.35,160.25,-12.39,38.72,66545.8,40,0.22,0.38,5
36797,0.906,-0.178,-2.200,0.244,1.404,196.594,-35.000,-12.000,-27.000,0.2897,0.5693,-0.7523,0.1613,2209.54,159.99,-12.38,38.73,66510.4,60,0.35,0.39,5
36842,0.888,-0.237,-2.204,0.366,1.526,196.289,-35.000,-16.000,-29.000,0.2842,0.5433,-0.7712,0.1712,2212.70,159.71,-12.38,38.75,66490.4,40,0.25,0.39,5
36845,0.871,-0.301,-2.199,0.427,1.404,196.106,-34.000,-17.000,-29.000,0.2783,0.5168,-0.7891,0.1809,2215.87,159.43,-12.35,38.77,66463.5,40,0.25,0.39,5
36857,0.850,-0.361,-2.195,0.671,1.465,195.862,-34.000,-19.000,-29.000,0.2721,0.4897,-0.8061,0.1904,2219.00,159.14,-12.33,38.79,66443.7,40,0.23,0.39,5
36911,0.823,-0.417,-2.196,0.671,1.343,195.557,-31.000,-23.000,-29.000,0.2655,0.4622,-0.8222,0.1997,2222.13,158.84,-12.33,38.81,66417.9,40,0.23,0.39,5
36918,0.797,-0.472,-2.191,0.671,1.465,195.312,-30.000,-23.000,-29.000,0.2587,0.4341,-0.8373,0.2087,2225.29,158.59,-12.32,38.83,66384.6,40,0.27,0.39,5
36921,0.764,-0.526,-2.191,0.855,1.160,195.007,-28.000,-25.000,-29.000,0.2516,0.4056,-0.8514,0.2175,2228.38,158.27,-12.32,38.85,66373.8,40,0.20,0.39,5
36963,0.728,-0.579,-2.187,0.916,1.160,194.702,-26.000,-28.000,-28.000,0.2442,0.3767,-0.8645,0.2260,2231.56,158.04,-12.29,38.87,66328.3,60,0.38,0.39,5
36966,0.686,-0.627,-2.186,1.038,1.099,194.458,-23.000,-28.000,-29.000,0.2364,0.3474,-0.8766,0.2343,2234.66,157.74,-12.28,38.88,66318.6,40,0.23,0.39,5
36977,0.643,-0.674,-2.182,1.160,1.160,194.275,-23.000,-31.000,-28.000,0.2285,0.3178,-0.8877,0.2423,2237.81,157.49,-12.26,38.91,66283.4,40,0.27,0.39,5
37032,0.596,-0.717,-2.185,1.282,0.916,193.909,-20.000,-32.000,-29.000,0.2202,0.2879,-0.8978,0.2500,2240.93,157.22,-12.28,38.92,66262.4,40,0.26,0.39,5
37035,0.546,-0.756,-2.181,1.282,0.855,193.726,-19.000,-35.000,-29.000,0.2117,0.2578,-0.9069,0.2575,2244.09,156.99,-12.25,38.94,66228.0,40,0.30,0.39,5
37039,0.497,-0.792,-2.185,1.343,1.038,193.359,-16.000,-35.000,-29.000,0.2030,0.2274,-0.9149,0.2646,2247.24,156.75,-12.29,38.97,66204.6,40,0.29,0.39,5
37083,0.441,-0.825,-2.181,1.343,0.855,193.115,-13.000,-36.000,-28.000,0.1940,0.1968,-0.9219,0.2715,2250.38,156.52,-12.26,38.99,66180.2,40,0.29,0.39,5
37086,0.386,-0.855,-2.179,1.526,0.732,192.993,-12.000,-38.000,-29.000,0.1848,0.1660,-0.9279,0.2781,2253.49,156.26,-12.26,39.01,66159.0,40,0.27,0.39,5
37097,0.327,-0.877,-2.173,1.343,0.732,192.505,-8.000,-37.000,-29.000,0.1755,0.1351,-0.9328,0.2843,2256.62,156.02,-12.20,39.03,66131.2,60,0.37,0.39,5
37142,0.265,-0.900,-2.174,1.587,0.488,192.322,-6.000,-39.000,-28.000,0.1659,0.1041,-0.9367,0.2902,2259.75,155.79,-12.21,39.06,66104.2,40,0.30,0.39,5
37145,0.208,-0.917,-2.166,1.648,0.427,192.139,-4.000,-38.000,-29.000,0.1561,0.0730,-0.9396,0.2958,2262.89,155.57,-12.16,39.09,66077.3,40,0.31,0.39,5
37158,0.146,-0.930,-2.169,1.709,0.305,191.711,-2.000,-39.000,-28.000,0.1462,0.0419,-0.9414,0.3011,2266.00,155.33,-12.19,39.11,66055.8,40,0.29,0.39,5
37191,0.082,-0.937,-2.167,1.587,0.183,191.467,1.000,-39.000,-29.000,0.1361,0.0108,-0.9422,0.3061,2269.12,155.09,-12.16,39.14,66030.4,40,0.30,0.39,5
37197,0.020,-0.941,-2.166,1.587,-0.061,191.162,5.000,-38.000,-29.000,0.1258,-0.0202,-0.9420,0.3106,2272.16,154.80,-12.15,39.16,66019.0,40,0.24,0.39,5
37217,-0.042,-0.942,-2.163,1.648,0.000,190.979,7.000,-38.000,-29.000,0.1155,-0.0512,-0.9407,0.3149,2275.28,154.58,-12.14,39.19,65977.9,40,0.31,0.40,5
37271,-0.106,-0.939,-2.161,1.709,-0.122,190.674,9.000,-38.000,-30.000,0.1050,-0.0821,-0.9384,0.3187,2278.36,154.33,-12.13,39.21,65960.8,40,0.28,0.40,5
37274,-0.167,-0.931,-2.158,1.648,-0.305,190.369,10.000,-37.000,-29.000,0.0944,-0.1129,-0.9352,0.3222,2281.46,154.11,-12.11,39.24,65930.2,40,0.31,0.40,5
37277,-0.225,-0.920,-2.158,1.587,-0.488,190.125,16.000,-35.000,-29.000,0.0838,-0.1434,-0.9309,0.3253,2284.57,153.89,-12.12,39.26,65903.4,60,0.41,0.40,5
37323,-0.287,-0.902,-2.155,1.526,-0.427,189.880,17.000,-35.000,-28.000,0.0731,-0.1738,-0.9257,0.3281,2287.62,153.62,-12.09,39.28,65891.7,40,0.27,0.40,5
37326,-0.348,-0.880,-2.156,1.587,-0.549,189.697,19.000,-33.000,-28.000,0.0625,-0.2039,-0.9194,0.3304,2290.71,153.40,-12.09,39.30,65856.2,60,0.32,0.40,5
37337,-0.407,-0.858,-2.151,1.465,-0.732,189.331,22.000,-31.000,-28.000,0.0517,-0.2337,-0.9122,0.3324,2293.77,153.15,-12.06,39.32,65837.4,40,0.29,0.40,5
37392,-0.461,-0.831,-2.149,1.465,-0.732,189.148,23.000,-31.000,-28.000,0.0410,-0.2633,-0.9041,0.3341,2296.81,152.89,-12.06,39.34,65817.4,40,0.27,0.40,5
37395,-0.520,-0.798,-2.150,1.404,-0.916,188.904,25.000,-30.000,-28.000,0.0302,-0.2926,-0.8950,0.3354,2299.85,152.64,-12.06,39.36,65790.2,40,0.29,0.40,5
37399,-0.569,-0.765,-2.148,1.343,-0.916,188.538,26.000,-27.000,-28.000,0.0193,-0.3215,-0.8849,0.3364,2302.93,152.43,-12.05,39.38,65757.1,60,0.33,0.40,5
37443,-0.621,-0.727,-2.143,1.404,-0.977,188.416,29.000,-26.000,-29.000,0.0085,-0.3501,-0.8740,0.3370,2305.98,152.19,-12.02,39.40,65738.1,40,0.31,0.40,5
37446,-0.667,-0.686,-2.143,1.343,-1.282,187.927,30.000,-24.000,-28.000,-0.0024,-0.3782,-0.8621,0.3373,2309.00,151.93,-12.02,39.43,65720.6,40,0.28,0.40,5
37457,-0.708,-0.640,-2.140,1.160,-1.343,187.744,32.000,-22.000,-29.000,-0.0134,-0.4059,-0.8493,0.3373,2312.01,151.66,-11.98,39.45,65697.1,40,0.28,0.40,5
37512,-0.751,-0.594,-2.140,1.038,-1.404,187.561,33.000,-19.000,-28.000,-0.0243,-0.4332,-0.8357,0.3368,2315.08,151.46,-12.00,39.48,65658.6,60,0.34,0.40,5
37515,-0.789,-0.543,-2.136,0.977,-1.404,187.256,36.000,-17.000,-28.000,-0.0352,-0.4599,-0.8211,0.3361,2318.21,151.31,-11.97,39.50,65622.2,60,0.40,0.41,5
37519,-0.821,-0.492,-2.138,0.916,-1.404,187.012,37.000,-16.000,-28.000,-0.0461,-0.4862,-0.8058,0.3349,2321.28,151.12,-11.97,39.52,65608.2,60,0.35,0.41,5
37572,-0.855,-0.437,-2.135,0.793,-1.526,186.768,38.000,-13.000,-27.000,-0.0569,-0.5119,-0.7896,0.3335,2324.33,150.90,-11.96,39.55,65588.5,60,0.33,0.41,5
37575,-0.882,-0.383,-2.133,0.855,-1.648,186.462,37.000,-10.000,-28.000,-0.0677,-0.5371,-0.7726,0.3317,2327.38,150.70,-11.95,39.57,65562.6,60,0.34,0.41,5
37579,-0.904,-0.325,-2.131,0.549,-1.587,186.279,38.000,-9.000,-28.000,-0.0784,-0.5617,-0.7549,0.3295,2330.45,150.51,-11.93,39.59,65533.6,60,0.37,0.41,5
37623,-0.926,-0.265,-2.128,0.549,-1.648,186.096,40.000,-4.000,-28.000,-0.0891,-0.5857,-0.7363,0.3270,2333.47,150.29,-11.92,39.62,65518.2,60,0.33,0.41,5
37626,-0.940,-0.204,-2.132,0.427,-1.709,185.730,39.000,-3.000,-28.000,-0.0996,-0.6090,-0.7171,0.3241,2336.55,150.12,-11.94,39.64,65481.6,80,0.47,0.41,5
37647,-0.955,-0.146,-2.128,0.305,-1.648,185.547,38.000,-2.000,-29.000,-0.1101,-0.6317,-0.6971,0.3209,2339.57,149.90,-11.93,39.66,65469.8,60,0.34,0.42,5
37682,-0.962,-0.082,-2.127,0.244,-1.770,185.242,40.000,1.000,-28.000,-0.1204,-0.6537,-0.6764,0.3174,2342.62,149.71,-11.92,39.69,65437.9,60,0.37,0.42,5
37685,-0.967,-0.021,-2.122,0.122,-1.709,184.814,40.000,6.000,-28.000,-0.1306,-0.6749,-0.6551,0.3135,2345.69,149.55,-11.88,39.71,65409.0,60,0.40,0.42,5
37698,-0.968,0.042,-2.124,0.061,-1.709,184.570,39.000,6.000,-29.000,-0.1407,-0.6955,-0.6331,0.3093,2348.72,149.35,-11.90,39.73,65392.5,60,0.37,0.42,5
37742,-0.964,0.105,-2.120,-0.183,-1.709,184.387,40.000,10.000,-28.000,-0.1506,-0.7153,-0.6105,0.3048,2351.75,149.15,-11.88,39.75,65368.0,60,0.37,0.42,5
37745,-0.957,0.167,-2.116,-0.183,-1.648,184.021,35.000,11.000,-27.000,-0.1603,-0.7344,-0.5873,0.2999,2354.79,148.97,-11.85,39.77,65340.8,60,0.39,0.42,5
37757,-0.941,0.226,-2.115,-0.366,-1.831,183.899,37.000,15.000,-28.000,-0.1700,-0.7527,-0.5636,0.2948,2357.78,148.75,-11.83,39.79,65325.6,60,0.35,0.42,5
37812,-0.927,0.288,-2.116,-0.427,-1.526,183.594,35.000,15.000,-29.000,-0.1793,-0.7703,-0.5393,0.2893,2360.78,148.53,-11.84,39.80,65301.6,60,0.36,0.43,5
37815,-0.910,0.345,-2.117,-0.488,-1.648,183.350,36.000,19.000,-28.000,-0.1886,-0.7870,-0.5145,0.2836,2363.75,148.30,-11.87,39.82,65282.6,60,0.34,0.43,5
37818,-0.885,0.406,-2.112,-0.671,-1.648,182.983,33.000,20.000,-25.000,-0.1976,-0.8029,-0.4893,0.2775,2366.78,148.13,-11.83,39.83,65244.2,60,0.40,0.43,5
37863,-0.861,0.457,-2.108,-0.793,-1.587,182.739,31.000,23.000,-27.000,-0.2064,-0.8179,-0.4636,0.2711,2369.79,147.93,-11.82,39.85,65225.1,60,0.39,0.43,5
37866,-0.832,0.514,-2.112,-0.855,-1.465,182.617,31.000,25.000,-30.000,-0.2150,-0.8321,-0.4375,0.2645,2372.77,147.72,-11.86,39.86,65206.1,60,0.37,0.43,5
37878,-0.797,0.563,-2.106,-0.855,-1.526,182.251,27.000,27.000,-28.000,-0.2233,-0.8455,-0.4110,0.2576,2375.75,147.51,-11.81,39.87,65182.4,60,0.37,0.43,5
37922,-0.759,0.618,-2.104,-1.038,-1.282,182.007,28.000,28.000,-28.000,-0.2315,-0.8580,-0.3841,0.2504,2378.75,147.32,-11.80,39.88,65153.3,60,0.40,0.43,5
37925,-0.718,0.666,-2.103,-1.221,-1.343,181.641,26.000,30.000,-28.000,-0.2394,-0.8696,-0.3570,0.2430,2381.71,147.10,-11.78,39.89,65137.8,60,0.36,0.44,5
37938,-0.677,0.708,-2.103,-1.221,-1.282,181.519,21.000,33.000,-28.000,-0.2470,-0.8803,-0.3296,0.2353,2384.69,146.90,-11.79,39.90,65109.4,60,0.39,0.44,5
37982,-0.632,0.751,-2.097,-1.282,-1.160,181.396,22.000,33.000,-26.000,-0.2545,-0.8902,-0.3018,0.2274,2387.66,146.70,-11.76,39.91,65087.4,60,0.38,0.44,5
37985,-0.584,0.790,-2.099,-1.343,-1.099,180.969,18.000,32.000,-28.000,-0.2616,-0.8991,-0.2739,0.2193,2390.63,146.50,-11.77,39.92,65062.9,60,0.39,0.44,5
37997,-0.534,0.828,-2.094,-1.465,-1.099,180.725,17.000,35.000,-28.000,-0.2686,-0.9072,-0.2457,0.2110,2393.54,146.25,-11.74,39.94,65050.6,60,0.34,0.44,5
38052,-0.483,0.857,-2.095,-1.587,-0.916,180.542,14.000,35.000,-27.000,-0.2752,-0.9143,-0.2174,0.2024,2396.44,146.00,-11.75,39.96,65029.9,40,0.24,0.44,5
38055,-0.427,0.890,-2.092,-1.465,-0.793,180.237,12.000,38.000,-27.000,-0.2816,-0.9206,-0.1889,0.1937,2399.36,145.77,-11.74,39.97,65001.1,60,0.36,0.44,5
38058,-0.368,0.914,-2.091,-1.526,-0.732,180.115,9.000,40.000,-27.000,-0.2877,-0.9260,-0.1602,0.1848,2402.27,145.53,-11.71,39.99,64980.0,60,0.35,0.44,5
38103,-0.312,0.938,-2.089,-1.587,-0.732,179.687,7.000,39.000,-26.000,-0.2936,-0.9304,-0.1315,0.1757,2405.21,145.32,-11.73,40.01,64951.2,60,0.38,0.45,5
38106,-0.251,0.955,-2.089,-1.648,-0.488,179.504,5.000,38.000,-26.000,-0.2991,-0.9340,-0.1027,0.1664,2408.11,145.09,-11.71,40.03,64932.5,60,0.36,0.45,5
38117,-0.194,0.970,-2.085,-1.831,-0.488,179.138,3.000,39.000,-26.000,-0.3044,-0.9366,-0.0738,0.1570,2411.04,144.88,-11.69,40.06,64904.2,60,0.39,0.45,5
38162,-0.130,0.981,-2.083,-1.770,-0.305,178.955,-1.000,38.000,-28.000,-0.3093,-0.9384,-0.0449,0.1474,2413.95,144.66,-11.67,40.08,64884.6,60,0.38,0.45,5
38165,-0.071,0.988,-2.084,-1.709,-0.305,178.711,-1.000,41.000,-28.000,-0.3140,-0.9392,-0.0160,0.1378,2416.89,144.47,-11.69,40.11,64855.4,80,0.41,0.45,5
38177,-0.008,0.992,-2.079,-1.709,-0.122,178.467,-5.000,38.000,-27.000,-0.3183,-0.9392,0.0129,0.1279,2419.88,144.33,-11.65,40.13,64820.0,80,0.46,0.45,5
38222,0.053,0.993,-2.078,-1.770,0.061,178.223,-8.000,38.000,-27.000,-0.3224,-0.9383,0.0417,0.1180,2422.79,144.13,-11.66,40.15,64811.7,80,0.40,0.45,5
38225,0.114,0.985,-2.076,-1.709,0.183,177.979,-10.000,37.000,-28.000,-0.3261,-0.9365,0.0704,0.1079,2425.73,143.95,-11.62,40.17,64783.4,80,0.43,0.46,5
38237,0.175,0.979,-2.076,-1.709,0.305,177.673,-11.000,38.000,-28.000,-0.3294,-0.9339,0.0990,0.0978,2428.65,143.76,-11.63,40.20,64763.2,80,0.42,0.46,5
38282,0.235,0.968,-2.073,-1.709,0.305,177.368,-14.000,35.000,-27.000,-0.3325,-0.9303,0.1275,0.0876,2431.60,143.59,-11.62,40.22,64734.6,80,0.45,0.46,5
38285,0.297,0.953,-2.076,-1.770,0.427,177.185,-16.000,36.000,-27.000,-0.3352,-0.9260,0.1557,0.0774,2434.51,143.40,-11.64,40.25,64718.1,80,0.42,0.46,5
38297,0.357,0.933,-2.069,-1.709,0.549,176.941,-18.000,34.000,-27.000,-0.3376,-0.9207,0.1838,0.0671,2437.42,143.21,-11.59,40.27,64693.8,60,0.34,0.46,5
38342,0.414,0.911,-2.070,-1.648,0.610,176.758,-22.000,34.000,-28.000,-0.3397,-0.9146,0.2117,0.0568,2440.32,143.01,-11.61,40.29,64673.4,80,0.42,0.47,5
38345,0.467,0.883,-2.065,-1.648,0.793,176.392,-22.000,32.000,-28.000,-0.3415,-0.9077,0.2393,0.0465,2443.23,142.83,-11.56,40.32,64647.2,80,0.44,0.47,5
38357,0.523,0.853,-2.061,-1.587,0.916,176.208,-24.000,30.000,-29.000,-0.3429,-0.9000,0.2667,0.0361,2446.13,142.64,-11.53,40.34,64625.9,80,0.43,0.47,5
38404,0.573,0.821,-2.062,-1.465,0.977,175.964,-28.000,30.000,-26.000,-0.3440,-0.8914,0.2938,0.0257,2449.02,142.45,-11.54,40.36,64603.8,80,0.43,0.47,5
38407,0.625,0.787,-2.059,-1.404,1.099,175.659,-29.000,28.000,-26.000,-0.3448,-0.8821,0.3206,0.0153,2451.91,142.25,-11.53,40.38,64582.6,80,0.43,0.47,5
38417,0.671,0.747,-2.061,-1.343,1.099,175.415,-32.000,25.000,-26.000,-0.3452,-0.8720,0.3471,0.0049,2454.81,142.08,-11.54,40.40,64555.2,80,0.45,0.48,5
38462,0.719,0.706,-2.055,-1.282,1.404,175.293,-31.000,23.000,-26.000,-0.3454,-0.8610,0.3733,-0.0055,2457.72,141.91,-11.51,40.41,64530.4,80,0.47,0.48,5
38465,0.759,0.659,-2.058,-1.282,1.282,174.988,-34.000,21.000,-26.000,-0.3452,-0.8493,0.3991,-0.0159,2460.62,141.74,-11.51,40.43,64510.1,80,0.46,0.48,5
38478,0.799,0.611,-2.053,-1.160,1.404,174.744,-35.000,20.000,-28.000,-0.3447,-0.8368,0.4245,-0.0264,2463.46,141.52,-11.48,40.45,64497.8,60,0.32,0.48,5
38532,0.837,0.563,-2.053,-1.099,1.465,174.438,-36.000,17.000,-27.000,-0.3439,-0.8236,0.4495,-0.0368,2466.29,141.29,-11.48,40.47,64478.1,80,0.41,0.48,5
38535,0.873,0.511,-2.051,-0.977,1.526,174.194,-37.000,17.000,-27.000,-0.3428,-0.8096,0.4741,-0.0471,2469.15,141.10,-11.48,40.49,64447.2,80,0.45,0.49,5
38538,0.903,0.459,-2.045,-0.855,1.648,173.889,-37.000,13.000,-27.000,-0.3414,-0.7949,0.4982,-0.0575,2472.02,140.91,-11.45,40.51,64424.2,80,0.45,0.49,5
38582,0.927,0.402,-2.050,-0.793,1.587,173.645,-37.000,9.000,-26.000,-0.3396,-0.7796,0.5219,-0.0678,2474.91,140.75,-11.46,40.53,64394.7,100,0.49,0.49,5
38585,0.950,0.346,-2.047,-0.732,1.770,173.401,-39.000,9.000,-26.000,-0.3376,-0.7635,0.5450,-0.0781,2477.76,140.56,-11.44,40.55,64380.6,80,0.45,0.49,5
38597,0.970,0.289,-2.045,-0.488,1.770,173.279,-40.000,5.000,-28.000,-0.3353,-0.7467,0.5676,-0.0883,2480.58,140.34,-11.44,40.57,64364.3,80,0.43,0.49,5
38642,0.989,0.230,-2.044,-0.427,1.770,172.852,-40.000,3.000,-26.000,-0.3326,-0.7293,0.5897,-0.0984,2483.37,140.10,-11.45,40.59,64347.5,60,0.31,0.49,5
38645,1.002,0.169,-2.041,-0.549,1.831,172.729,-40.000,1.000,-26.000,-0.3297,-0.7113,0.6112,-0.1085,2486.19,139.89,-11.42,40.62,64318.4,80,0.44,0.50,5
38657,1.010,0.110,-2.037,-0.244,1.831,172.424,-40.000,-1.000,-26.000,-0.3265,-0.6927,0.6321,-0.1185,2489.06,139.73,-11.39,40.64,64285.4,100,0.49,0.50,5
38712,1.016,0.048,-2.037,-0.183,1.892,172.241,-39.000,-3.000,-28.000,-0.3230,-0.6735,0.6525,-0.1283,2491.92,139.56,-11.39,40.67,64264.2,100,0.49,0.50,5
38715,1.018,-0.013,-2.039,0.000,2.014,171.997,-41.000,-7.000,-28.000,-0.3192,-0.6537,0.6722,-0.1381,2494.77,139.39,-11.41,40.70,64243.5,100,0.49,0.50,5
38718,1.020,-0.075,-2.037,0.183,1.892,171.692,-38.000,-9.000,-27.000,-0.3151,-0.6333,0.6912,-0.1477,2497.54,139.15,-11.41,40.73,64236.5,80,0.42,0.51,5
38772,1.013,-0.139,-2.034,0.183,1.831,171.631,-38.000,-11.000,-28.000,-0.3107,-0.6125,0.7097,-0.1572,2500.37,138.97,-11.39,40.75,64203.4,80,0.38,0.51,5
38775,1.004,-0.198,-2.031,0.305,1.953,171.326,-37.000,-13.000,-26.000,-0.3060,-0.5911,0.7275,-0.1666,2503.17,138.76,-11.37,40.78,64185.4,80,0.46,0.51,5
38778,0.993,-0.256,-2.029,0.488,1.770,170.959,-37.000,-16.000,-28.000,-0.3011,-0.5693,0.7446,-0.1758,2505.96,138.55,-11.37,40.81,64165.4,80,0.45,0.51,5
38832,0.974,-0.314,-2.027,0.671,1.831,170.715,-35.000,-19.000,-25.000,-0.2959,-0.5470,0.7610,-0.1848,2508.80,138.39,-11.33,40.84,64131.2,100,0.51,0.51,5
38835,0.958,-0.375,-2.028,0.732,1.770,170.532,-34.000,-19.000,-27.000,-0.2904,-0.5243,0.7767,-0.1937,2511.56,138.16,-11.37,40.86,64127.0,80,0.43,0.52,5
38838,0.934,-0.431,-2.023,0.855,1.831,170.227,-32.000,-22.000,-26.000,-0.2847,-0.5012,0.7917,-0.2025,2514.32,137.93,-11.32,40.89,64104.6,80,0.34,0.52,5
38892,0.908,-0.485,-2.021,0.793,1.770,170.044,-32.000,-24.000,-26.000,-0.2787,-0.4776,0.8060,-0.2110,2517.13,137.76,-11.32,40.92,64069.8,100,0.50,0.52,5
38895,0.878,-0.539,-2.018,0.977,1.709,169.739,-31.000,-26.000,-26.000,-0.2725,-0.4538,0.8196,-0.2193,2519.90,137.55,-11.30,40.95,64056.8,100,0.46,0.52,5
38898,0.844,-0.591,-2.019,1.038,1.465,169.556,-29.000,-28.000,-28.000,-0.2660,-0.4295,0.8325,-0.2274,2522.67,137.34,-11.29,40.97,64034.9,100,0.47,0.52,5
38952,0.810,-0.641,-2.021,1.160,1.587,169.312,-28.000,-28.000,-26.000,-0.2593,-0.4050,0.8446,-0.2354,2525.44,137.14,-11.32,41.00,64012.2,80,0.38,0.53,5
38955,0.771,-0.689,-2.016,1.221,1.465,169.067,-26.000,-31.000,-28.000,-0.2524,-0.3802,0.8560,-0.2431,2528.19,136.92,-11.29,41.03,63994.4,100,0.46,0.53,5
38958,0.733,-0.734,-2.010,1.404,1.465,168.884,-25.000,-32.000,-26.000,-0.2453,-0.3550,0.8666,-0.2506,2530.97,136.73,-11.26,41.06,63965.4,100,0.49,0.53,5
39012,0.687,-0.777,-2.015,1.526,1.282,168.518,-23.000,-34.000,-27.000,-0.2379,-0.3297,0.8765,-0.2580,2533.80,136.60,-11.29,41.08,63932.2,100,0.55,0.53,5
39015,0.639,-0.816,-2.011,1.587,1.221,168.335,-20.000,-34.000,-27.000,-0.2303,-0.3041,0.8856,-0.2651,2536.54,136.39,-11.26,41.11,63928.8,100,0.47,0.53,5
39018,0.594,-0.855,-2.013,1.587,1.282,168.091,-19.000,-36.000,-26.000,-0.2225,-0.2783,0.8939,-0.2719,2539.32,136.21,-11.29,41.14,63899.7,80,0.41,0.54,5
39072,0.543,-0.889,-2.004,1.648,0.977,167.786,-17.000,-38.000,-26.000,-0.2145,-0.2524,0.9015,-0.2786,2542.04,135.98,-11.23,41.17,63889.6,100,0.46,0.54,5
39075,0.490,-0.919,-2.003,1.831,0.977,167.603,-14.000,-38.000,-26.000,-0.2063,-0.2263,0.9083,-0.2850,2544.78,135.78,-11.22,41.20,63861.9,100,0.49,0.54,5
39078,0.434,-0.946,-2.001,1.892,0.855,167.297,-13.000,-39.000,-26.000,-0.1980,-0.2000,0.9143,-0.2911,2547.51,135.57,-11.20,41.23,63842.2,100,0.49,0.54,5
39132,0.380,-0.972,-2.003,1.831,0.610,167.114,-9.000,-40.000,-26.000,-0.1894,-0.1736,0.9196,-0.2970,2550.25,135.38,-11.23,41.26,63819.4,80,0.40,0.55,5
39139,0.323,-0.994,-2.002,1.953,0.671,166.992,-7.000,-38.000,-25.000,-0.1807,-0.1471,0.9241,-0.3027,2553.01,135.20,-11.22,41.29,63792.8,100,0.52,0.55,5
39142,0.265,-1.012,-2.001,2.075,0.549,166.626,-5.000,-40.000,-26.000,-0.1719,-0.1206,0.9279,-0.3082,2555.76,135.02,-11.22,41.32,63772.3,100,0.52,0.55,5
39192,0.207,-1.028,-1.997,2.014,0.366,166.321,-4.000,-40.000,-26.000,-0.1629,-0.0940,0.9308,-0.3133,2558.46,134.80,-11.20,41.36,63761.4,80,0.38,0.55,5
39195,0.146,-1.039,-1.995,2.014,0.305,166.077,1.000,-41.000,-26.000,-0.1538,-0.0674,0.9330,-0.3182,2561.18,134.60,-11.18,41.39,63734.6,100,0.50,0.56,5
39198,0.086,-1.048,-1.994,2.014,0.122,165.894,1.000,-40.000,-26.000,-0.1445,-0.0407,0.9345,-0.3228,2563.93,134.43,-11.18,41.43,63706.9,100,0.54,0.56,5
39252,0.026,-1.052,-1.992,2.014,-0.061,165.710,4.000,-40.000,-26.000,-0.1351,-0.0141,0.9352,-0.3271,2566.66,134.25,-11.17,41.46,63689.3,100,0.52,0.56,5
39255,-0.037,-1.053,-1.993,2.075,-0.061,165.405,9.000,-40.000,-26.000,-0.1256,0.0126,0.9351,-0.3312,2569.34,134.02,-11.18,41.49,63679.0,80,0.38,0.56,5
39258,-0.096,-1.052,-1.988,2.014,-0.122,165.161,10.000,-40.000,-26.000,-0.1161,0.0391,0.9342,-0.3350,2572.07,133.84,-11.16,41.53,63645.9,100,0.53,0.57,5
39312,-0.155,-1.044,-1.992,2.014,-0.244,164.978,11.000,-39.000,-24.000,-0.1064,0.0656,0.9326,-0.3385,2574.72,133.60,-11.18,41.56,63640.2,100,0.47,0.57,5
39315,-0.213,-1.036,-1.982,2.075,-0.488,164.734,13.000,-38.000,-26.000,-0.0967,0.0920,0.9303,-0.3417,2577.38,133.37,-11.12,41.60,63616.8,80,0.38,0.57,5
39318,-0.274,-1.022,-1.983,2.014,-0.427,164.490,15.000,-37.000,-26.000,-0.0869,0.1182,0.9272,-0.3445,2580.09,133.19,-11.13,41.63,63584.8,100,0.53,0.57,5
39372,-0.333,-1.008,-1.984,1.953,-0.671,164.368,19.000,-38.000,-25.000,-0.0772,0.1443,0.9234,-0.3471,2582.77,132.98,-11.15,41.66,63570.7,100,0.51,0.57,5
39375,-0.389,-0.988,-1.981,2.014,-0.793,163.940,20.000,-35.000,-26.000,-0.0674,0.1702,0.9189,-0.3494,2585.46,132.79,-11.13,41.68,63546.1,100,0.43,0.58,5
39378,-0.450,-0.967,-1.977,1.953,-0.855,163.879,21.000,-34.000,-26.000,-0.0576,0.1959,0.9137,-0.3513,2588.09,132.55,-11.11,41.71,63537.8,100,0.47,0.58,5
39432,-0.502,-0.938,-1.980,1.892,-1.038,163.513,24.000,-32.000,-25.000,-0.0478,0.2215,0.9078,-0.3530,2590.76,132.34,-11.12,41.74,63507.5,100,0.52,0.58,5
39435,-0.557,-0.911,-1.975,1.831,-1.221,163.330,24.000,-30.000,-26.000,-0.0379,0.2468,0.9011,-0.3545,2593.44,132.16,-11.09,41.77,63483.8,100,0.44,0.58,5
39438,-0.607,-0.877,-1.977,1.770,-1.221,163.086,27.000,-30.000,-26.000,-0.0279,0.2720,0.8937,-0.3557,2596.11,131.96,-11.10,41.80,63465.6,100,0.52,0.59,5
39492,-0.657,-0.842,-1.970,1.709,-1.282,162.842,29.000,-29.000,-26.000,-0.0180,0.2969,0.8857,-0.3566,2598.80,131.79,-11.05,41.83,63438.4,100,0.56,0.59,5
39495,-0.703,-0.805,-1.975,1.587,-1.404,162.598,29.000,-25.000,-25.000,-0.0080,0.3215,0.8769,-0.3572,2601.50,131.63,-11.09,41.87,63416.0,100,0.47,0.59,5
39498,-0.749,-0.763,-1.970,1.465,-1.404,162.415,32.000,-25.000,-25.000,0.0021,0.3459,0.8675,-0.3575,2604.17,131.44,-11.05,41.90,63401.4,100,0.54,0.60,5
39552,-0.793,-0.722,-1.965,1.465,-1.648,162.170,34.000,-25.000,-25.000,0.0121,0.3699,0.8574,-0.3576,2606.80,131.23,-11.02,41.93,63386.4,100,0.52,0.60,5
39555,-0.834,-0.678,-1.964,1.343,-1.587,161.804,35.000,-22.000,-26.000,0.0221,0.3937,0.8467,-0.3574,2609.41,130.99,-11.03,41.96,63371.7,100,0.40,0.60,5
39558,-0.870,-0.629,-1.964,1.343,-1.709,161.682,35.000,-19.000,-25.000,0.0322,0.4171,0.8353,-0.3569,2612.03,130.78,-11.02,41.99,63346.2,100,0.52,0.60,5
39611,-0.903,-0.580,-1.962,1.221,-1.831,161.560,38.000,-17.000,-25.000,0.0422,0.4401,0.8232,-0.3561,2614.66,130.57,-11.00,42.03,63326.2,100,0.53,0.61,5
39614,-0.937,-0.530,-1.960,1.160,-1.953,161.194,40.000,-16.000,-25.000,0.0522,0.4628,0.8106,-0.3551,2617.21,130.30,-11.00,42.06,63318.9,100,0.37,0.61,5
39618,-0.967,-0.477,-1.958,0.977,-1.953,160.950,38.000,-13.000,-25.000,0.0622,0.4851,0.7973,-0.3537,2619.82,130.09,-10.99,42.10,63286.9,100,0.53,0.61,5
39672,-0.993,-0.423,-1.956,0.855,-1.892,160.767,40.000,-10.000,-26.000,0.0721,0.5070,0.7835,-0.3521,2622.48,129.92,-10.98,42.13,63255.0,100,0.48,0.61,5
39675,-1.016,-0.366,-1.958,0.732,-2.014,160.584,40.000,-8.000,-25.000,0.0820,0.5284,0.7690,-0.3502,2625.08,129.70,-10.99,42.16,63247.7,100,0.52,0.62,5
39678,-1.035,-0.309,-1.956,0.732,-2.075,160.339,40.000,-6.000,-25.000,0.0918,0.5495,0.7540,-0.3480,2627.69,129.50,-10.97,42.19,63224.3,100,0.54,0.62,5
39731,-1.054,-0.252,-1.952,0.549,-2.014,160.095,41.000,-4.000,-26.000,0.1015,0.5701,0.7384,-0.3456,2630.31,129.31,-10.97,42.22,63200.2,100,0.46,0.62,5
39735,-1.067,-0.192,-1.951,0.427,-2.014,159.851,41.000,-1.000,-26.000,0.1112,0.5902,0.7223,-0.3429,2632.91,129.10,-10.96,42.25,63185.9,100,0.54,0.62,5
39738,-1.080,-0.132,-1.949,0.305,-2.136,159.546,41.000,1.000,-25.000,0.1208,0.6098,0.7057,-0.3399,2635.54,128.94,-10.96,42.29,63155.4,100,0.59,0.63,5
39792,-1.082,-0.072,-1.945,0.122,-2.136,159.363,41.000,4.000,-25.000,0.1303,0.6290,0.6885,-0.3366,2638.12,128.72,-10.90,42.32,63146.7,100,0.44,0.63,5
39795,-1.087,-0.013,-1.946,0.061,-2.197,159.058,39.000,4.000,-25.000,0.1397,0.6476,0.6709,-0.3331,2640.71,128.52,-10.93,42.35,63125.4,100,0.55,0.63,5
39798,-1.087,0.048,-1.947,0.061,-2.197,158.813,40.000,7.000,-25.000,0.1490,0.6657,0.6528,-0.3293,2643.30,128.32,-10.94,42.38,63103.7,100,0.46,0.64,5
39852,-1.083,0.109,-1.942,-0.183,-2.197,158.630,40.000,9.000,-25.000,0.1582,0.6833,0.6342,-0.3253,2645.89,128.13,-10.90,42.41,63082.1,100,0.57,0.64,5
39858,-1.081,0.167,-1.937,-0.244,-2.197,158.325,40.000,11.000,-24.000,0.1673,0.7004,0.6152,-0.3210,2648.47,127.92,-10.90,42.45,63065.0,100,0.46,0.64,5
39861,-1.067,0.226,-1.943,-0.366,-2.136,158.264,38.000,13.000,-25.000,0.1762,0.7169,0.5957,-0.3165,2651.00,127.68,-10.92,42.48,63053.9,100,0.52,0.64,5
39912,-1.057,0.284,-1.936,-0.488,-2.197,157.959,37.000,17.000,-25.000,0.1850,0.7329,0.5758,-0.3117,2653.52,127.44,-10.89,42.51,63034.2,100,0.52,0.65,5
39915,-1.039,0.344,-1.934,-0.610,-2.075,157.715,38.000,19.000,-25.000,0.1937,0.7482,0.5555,-0.3067,2656.14,127.29,-10.86,42.54,62995.4,100,0.51,0.65,5
39918,-1.023,0.400,-1.935,-0.793,-2.136,157.471,35.000,22.000,-25.000,0.2022,0.7630,0.5348,-0.3014,2658.69,127.08,-10.90,42.56,62987.7,100,0.56,0.65,5
39971,-0.999,0.454,-1.934,-0.793,-1.953,157.227,35.000,20.000,-24.000,0.2105,0.7773,0.5138,-0.2959,2661.24,126.87,-10.88,42.59,62968.5,100,0.46,0.66,5
39975,-0.972,0.510,-1.931,-1.038,-1.892,157.043,34.000,25.000,-25.000,0.2187,0.7909,0.4925,-0.2901,2663.84,126.71,-10.85,42.61,62937.3,100,0.62,0.66,5
39978,-0.947,0.563,-1.929,-1.038,-1.953,156.860,32.000,26.000,-24.000,0.2267,0.8039,0.4708,-0.2841,2666.39,126.51,-10.87,42.63,62927.7,100,0.47,0.66,5
40031,-0.914,0.617,-1.926,-1.221,-1.892,156.555,31.000,28.000,-25.000,0.2346,0.8163,0.4488,-0.2779,2668.91,126.29,-10.85,42.66,62912.0,100,0.56,0.67,5
40035,-0.881,0.666,-1.927,-1.221,-1.831,156.311,29.000,29.000,-24.000,0.2422,0.8281,0.4265,-0.2715,2671.43,126.07,-10.86,42.68,62893.4,100,0.45,0.67,5
40038,-0.843,0.714,-1.924,-1.404,-1.831,156.189,27.000,33.000,-25.000,0.2497,0.8392,0.4040,-0.2649,2674.04,125.93,-10.84,42.70,62853.9,100,0.65,0.67,5
40092,-0.804,0.760,-1.921,-1.587,-1.770,155.884,25.000,34.000,-25.000,0.2570,0.8497,0.3813,-0.2581,2676.61,125.77,-10.83,42.72,62841.9,100,0.62,0.68,5
40095,-0.764,0.801,-1.920,-1.465,-1.587,155.701,23.000,32.000,-25.000,0.2641,0.8596,0.3583,-0.2511,2679.14,125.56,-10.83,42.74,62830.6,100,0.48,0.68,5
40098,-0.716,0.842,-1.917,-1.770,-1.465,155.395,21.000,39.000,-26.000,0.2711,0.8688,0.3351,-0.2438,2681.64,125.34,-10.79,42.76,62816.3,100,0.56,0.68,5
40152,-0.674,0.882,-1.918,-1.709,-1.343,155.151,20.000,36.000,-24.000,0.2778,0.8773,0.3118,-0.2364,2684.12,125.10,-10.83,42.79,62798.9,100,0.45,0.69,5
40155,-0.625,0.918,-1.919,-1.892,-1.282,154.907,19.000,37.000,-24.000,0.2843,0.8853,0.2883,-0.2289,2686.61,124.87,-10.83,42.81,62779.4,100,0.56,0.69,5
40159,-0.577,0.950,-1.913,-1.892,-1.343,154.846,16.000,38.000,-24.000,0.2906,0.8925,0.2646,-0.2211,2689.11,124.66,-10.79,42.84,62756.3,100,0.48,0.69,5
40212,-0.525,0.982,-1.912,-1.953,-1.282,154.602,14.000,38.000,-26.000,0.2967,0.8992,0.2407,-0.2133,2691.57,124.42,-10.79,42.86,62743.2,100,0.55,0.69,5
40215,-0.470,1.008,-1.913,-2.075,-0.977,154.236,12.000,39.000,-23.000,0.3026,0.9052,0.2168,-0.2052,2694.04,124.19,-10.79,42.89,62722.2,100,0.46,0.70,5
40218,-0.414,1.034,-1.908,-2.136,-0.855,154.114,10.000,41.000,-23.000,0.3083,0.9105,0.1928,-0.1970,2696.49,123.94,-10.75,42.92,62708.0,100,0.44,0.70,5
40272,-0.361,1.057,-1.909,-2.136,-0.855,153.931,8.000,41.000,-23.000,0.3138,0.9152,0.1686,-0.1887,2698.96,123.72,-10.79,42.95,62684.2,100,0.57,0.70,5
40275,-0.301,1.076,-1.907,-2.197,-0.610,153.687,6.000,41.000,-25.000,0.3190,0.9192,0.1444,-0.1802,2701.41,123.48,-10.76,42.98,62667.2,100,0.46,0.71,5
40278,-0.248,1.092,-1.903,-2.319,-0.549,153.320,4.000,41.000,-25.000,0.3240,0.9226,0.1201,-0.1716,2703.90,123.29,-10.76,43.02,62639.8,100,0.60,0.71,5
40331,-0.187,1.104,-1.898,-2.258,-0.427,153.137,1.000,42.000,-25.000,0.3288,0.9253,0.0958,-0.1628,2706.36,123.07,-10.71,43.05,62626.6,100,0.47,0.71,5
40335,-0.126,1.113,-1.901,-2.197,-0.366,152.893,-1.000,41.000,-23.000,0.3333,0.9274,0.0715,-0.1540,2708.86,122.90,-10.73,43.08,62596.3,100,0.63,0.72,5
40338,-0.068,1.121,-1.898,-2.258,-0.183,152.771,-2.000,42.000,-24.000,0.3376,0.9288,0.0471,-0.1451,2711.31,122.68,-10.73,43.12,62589.6,100,0.47,0.72,5
40382,-0.010,1.123,-1.895,-2.319,-0.122,152.527,-4.000,41.000,-23.000,0.3417,0.9296,0.0228,-0.1360,2713.78,122.48,-10.70,43.15,62564.8,100,0.61,0.72,5
40385,0.053,1.124,-1.893,-2.258,0.061,152.283,-8.000,41.000,-25.000,0.3455,0.9298,-0.0016,-0.1269,2716.25,122.28,-10.69,43.19,62546.9,100,0.50,0.73,5
40397,0.108,1.121,-1.894,-2.319,0.183,152.039,-9.000,40.000,-25.000,0.3490,0.9293,-0.0258,-0.1176,2718.67,122.05,-10.71,43.22,62535.4,100,0.58,0.73,5
40451,0.169,1.113,-1.894,-2.380,0.122,151.855,-11.000,41.000,-24.000,0.3523,0.9282,-0.0500,-0.1084,2721.12,121.85,-10.70,43.26,62510.1,100,0.50,0.73,5
40454,0.229,1.104,-1.889,-2.258,0.488,151.550,-14.000,37.000,-25.000,0.3554,0.9265,-0.0742,-0.0990,2723.54,121.62,-10.67,43.29,62497.4,100,0.59,0.74,5
40457,0.289,1.093,-1.889,-2.319,0.427,151.367,-17.000,40.000,-23.000,0.3581,0.9242,-0.0982,-0.0897,2725.96,121.40,-10.68,43.33,62478.6,100,0.48,0.74,5
40511,0.347,1.077,-1.886,-2.258,0.671,151.184,-19.000,40.000,-23.000,0.3607,0.9212,-0.1221,-0.0802,2728.37,121.17,-10.66,43.37,62461.9,100,0.48,0.74,5
40515,0.403,1.060,-1.884,-2.258,0.793,150.940,-21.000,37.000,-24.000,0.3629,0.9176,-0.1458,-0.0708,2730.79,120.96,-10.66,43.41,62438.9,100,0.61,0.75,5
40518,0.457,1.038,-1.885,-2.136,0.916,150.757,-21.000,38.000,-25.000,0.3649,0.9134,-0.1694,-0.0613,2733.18,120.72,-10.66,43.44,62426.4,100,0.47,0.75,5
40571,0.513,1.011,-1.884,-2.197,0.977,150.574,-24.000,34.000,-24.000,0.3667,0.9086,-0.1929,-0.0518,2735.58,120.49,-10.64,43.47,62405.9,100,0.59,0.75,5
40574,0.564,0.985,-1.876,-2.197,0.977,150.269,-25.000,33.000,-23.000,0.3682,0.9033,-0.2162,-0.0423,2737.95,120.25,-10.60,43.51,62391.2,100,0.47,0.76,5
40581,0.618,0.958,-1.878,-2.136,1.282,149.963,-26.000,32.000,-23.000,0.3695,0.8973,-0.2393,-0.0328,2740.40,120.08,-10.63,43.54,62357.0,100,0.55,0.76,5
40632,0.666,0.922,-1.875,-1.892,1.282,149.841,-29.000,32.000,-23.000,0.3704,0.8908,-0.2623,-0.0233,2742.81,119.88,-10.59,43.57,62346.4,100,0.62,0.76,5
40635,0.716,0.889,-1.871,-1.892,1.404,149.536,-29.000,30.000,-24.000,0.3712,0.8836,-0.2850,-0.0137,2745.26,119.71,-10.58,43.61,62318.6,100,0.56,0.77,5
40638,0.761,0.852,-1.872,-1.892,1.587,149.475,-31.000,27.000,-24.000,0.3716,0.8759,-0.3076,-0.0042,2747.70,119.55,-10.59,43.64,62301.0,100,0.67,0.77,5
40692,0.805,0.811,-1.871,-1.709,1.709,149.231,-34.000,26.000,-25.000,0.3719,0.8677,-0.3299,0.0054,2750.06,119.31,-10.57,43.66,62299.2,100,0.48,0.78,5
40695,0.848,0.769,-1.869,-1.587,1.892,148.865,-35.000,23.000,-23.000,0.3718,0.8589,-0.3520,0.0150,2752.43,119.09,-10.57,43.69,62277.0,100,0.50,0.78,5
40698,0.888,0.724,-1.869,-1.526,1.831,148.682,-36.000,22.000,-23.000,0.3715,0.8495,-0.3738,0.0246,2754.78,118.84,-10.57,43.72,62264.3,100,0.59,0.78,5
40751,0.926,0.676,-1.866,-1.465,1.892,148.560,-38.000,22.000,-23.000,0.3710,0.8395,-0.3955,0.0342,2757.20,118.68,-10.55,43.75,62228.2,100,0.57,0.79,5
40754,0.961,0.629,-1.865,-1.343,2.014,148.376,-39.000,20.000,-24.000,0.3702,0.8291,-0.4168,0.0438,2759.57,118.46,-10.55,43.77,62222.4,100,0.62,0.79,5
40758,0.994,0.580,-1.865,-1.221,2.075,148.071,-39.000,16.000,-24.000,0.3692,0.8180,-0.4378,0.0534,2761.95,118.26,-10.57,43.80,62200.2,100,0.53,0.80,5
40811,1.024,0.527,-1.863,-1.160,2.197,147.888,-40.000,13.000,-24.000,0.3679,0.8065,-0.4585,0.0630,2764.23,117.97,-10.55,43.83,62201.6,100,0.44,0.80,5
40815,1.046,0.475,-1.857,-0.977,2.197,147.644,-39.000,11.000,-23.000,0.3664,0.7945,-0.4789,0.0725,2766.59,117.77,-10.50,43.86,62165.4,100,0.64,0.80,5
40818,1.070,0.421,-1.854,-1.038,2.075,147.339,-41.000,11.000,-23.000,0.3646,0.7819,-0.4989,0.0820,2768.95,117.57,-10.48,43.89,62149.1,100,0.53,0.81,5
40872,1.094,0.367,-1.856,-0.793,2.258,147.217,-42.000,8.000,-23.000,0.3627,0.7689,-0.5186,0.0915,2771.28,117.34,-10.51,43.93,62135.7,100,0.51,0.81,5
40875,1.115,0.307,-1.854,-0.732,2.319,147.095,-41.000,5.000,-23.000,0.3604,0.7553,-0.5380,0.1009,2773.60,117.11,-10.50,43.96,62118.6,100,0.62,0.81,5
40878,1.126,0.250,-1.853,-0.549,2.319,146.667,-40.000,4.000,-23.000,0.3580,0.7413,-0.5569,0.1103,2775.94,116.90,-10.48,44.00,62097.3,100,0.53,0.82,5
40932,1.146,0.193,-1.851,-0.488,2.380,146.667,-41.000,-1.000,-22.000,0.3553,0.7269,-0.5754,0.1196,2778.29,116.70,-10.51,44.03,62076.8,100,0.54,0.82,5
40935,1.152,0.136,-1.849,-0.366,2.502,146.362,-43.000,-1.000,-23.000,0.3524,0.7120,-0.5936,0.1288,2780.63,116.50,-10.49,44.07,62058.2,100,0.66,0.83,5
40938,1.157,0.079,-1.848,-0.244,2.502,146.240,-41.000,-4.000,-23.000,0.3493,0.6966,-0.6113,0.1380,2782.97,116.30,-10.48,44.11,62042.1,100,0.54,0.83,5
40992,1.161,0.017,-1.846,0.000,2.563,145.935,-41.000,-5.000,-23.000,0.3459,0.6809,-0.6286,0.1471,2785.28,116.07,-10.46,44.15,62029.3,100,0.52,0.84,5
40995,1.166,-0.044,-1.842,0.122,2.441,145.752,-41.000,-7.000,-23.000,0.3423,0.6647,-0.6455,0.1561,2787.67,115.93,-10.46,44.19,61992.6,100,0.72,0.84,5
40998,1.162,-0.103,-1.842,0.122,2.563,145.569,-43.000,-9.000,-23.000,0.3385,0.6482,-0.6619,0.1650,2789.98,115.71,-10.46,44.24,61992.6,100,0.53,0.85,5
41052,1.156,-0.162,-1.840,0.244,2.502,145.264,-41.000,-10.000,-23.000,0.3344,0.6313,-0.6778,0.1737,2792.26,115.47,-10.44,44.28,61979.7,100,0.51,0.85,5
41055,1.148,-0.219,-1.836,0.488,2.441,145.081,-40.000,-14.000,-23.000,0.3301,0.6140,-0.6934,0.1824,2794.60,115.30,-10.43,44.32,61948.6,100,0.69,0.86,5
41058,1.137,-0.279,-1.838,0.549,2.441,144.958,-38.000,-14.000,-24.000,0.3257,0.5963,-0.7084,0.1910,2796.91,115.10,-10.44,44.36,61935.7,100,0.56,0.86,5
41111,1.120,-0.335,-1.833,0.732,2.441,144.592,-38.000,-17.000,-23.000,0.3210,0.5784,-0.7230,0.1994,2799.22,114.90,-10.40,44.40,61919.7,100,0.55,0.87,5
41115,1.110,-0.393,-1.834,0.916,2.441,144.470,-40.000,-20.000,-23.000,0.3161,0.5601,-0.7371,0.2077,2801.48,114.66,-10.46,44.44,61909.6,100,0.52,0.87,5
41118,1.088,-0.447,-1.831,0.977,2.380,144.165,-37.000,-20.000,-24.000,0.3109,0.5415,-0.7507,0.2159,2803.75,114.42,-10.42,44.49,61891.7,100,0.64,0.87,5
41172,1.063,-0.504,-1.827,1.099,2.319,143.982,-35.000,-22.000,-23.000,0.3056,0.5226,-0.7638,0.2239,2805.99,114.18,-10.39,44.53,61876.8,100,0.52,0.88,5
41175,1.038,-0.556,-1.825,1.282,2.258,143.799,-35.000,-24.000,-22.000,0.3001,0.5034,-0.7764,0.2318,2808.27,113.97,-10.38,44.57,61852.6,100,0.55,0.88,5
41178,1.011,-0.609,-1.825,1.343,2.136,143.555,-33.000,-25.000,-23.000,0.2944,0.4840,-0.7885,0.2395,2810.55,113.76,-10.39,44.61,61835.8,100,0.67,0.89,5
41232,0.981,-0.660,-1.823,1.404,2.136,143.250,-31.000,-29.000,-23.000,0.2885,0.4643,-0.8001,0.2471,2812.84,113.58,-10.39,44.65,61812.8,100,0.58,0.89,5
41235,0.949,-0.709,-1.819,1.587,2.075,143.188,-31.000,-30.000,-23.000,0.2824,0.4444,-0.8112,0.2545,2815.17,113.42,-10.37,44.69,61788.6,100,0.61,0.90,5
41238,0.911,-0.757,-1.822,1.587,2.075,142.883,-29.000,-31.000,-22.000,0.2761,0.4243,-0.8217,0.2618,2817.43,113.21,-10.38,44.73,61784.6,100,0.55,0.90,5
41292,0.873,-0.802,-1.818,1.770,2.075,142.639,-28.000,-32.000,-22.000,0.2697,0.4039,-0.8318,0.2689,2819.66,112.97,-10.36,44.77,61773.0,100,0.65,0.91,5
41295,0.835,-0.847,-1.817,1.831,1.892,142.517,-25.000,-34.000,-23.000,0.2631,0.3834,-0.8413,0.2758,2821.96,112.80,-10.37,44.81,61739.5,100,0.61,0.91,5
41298,0.793,-0.887,-1.813,1.953,1.770,142.273,-23.000,-35.000,-23.000,0.2563,0.3626,-0.8503,0.2826,2824.24,112.62,-10.34,44.85,61726.2,100,0.60,0.92,5
41354,0.748,-0.927,-1.816,2.075,1.648,142.151,-23.000,-35.000,-23.000,0.2493,0.3417,-0.8588,0.2892,2826.47,112.39,-10.37,44.89,61720.5,100,0.54,0.92,5
41357,0.703,-0.964,-1.810,2.075,1.587,141.907,-20.000,-37.000,-22.000,0.2422,0.3206,-0.8667,0.2956,2828.72,112.19,-10.34,44.93,61696.0,100,0.70,0.93,5
41360,0.654,-0.999,-1.811,2.136,1.465,141.602,-17.000,-37.000,-23.000,0.2349,0.2994,-0.8741,0.3018,2830.96,111.98,-10.34,44.97,61681.8,100,0.57,0.93,5
41412,0.606,-1.033,-1.809,2.258,1.404,141.480,-16.000,-39.000,-23.000,0.2274,0.2781,-0.8810,0.3079,2833.14,111.72,-10.35,45.01,61677.1,100,0.52,0.94,5
41415,0.557,-1.059,-1.807,2.319,1.221,141.235,-14.000,-39.000,-23.000,0.2198,0.2566,-0.8873,0.3138,2835.30,111.45,-10.33,45.05,61661.9,100,0.51,0.94,5
41418,0.501,-1.088,-1.805,2.502,1.160,140.991,-12.000,-41.000,-22.000,0.2121,0.2350,-0.8931,0.3195,2837.47,111.18,-10.32,45.10,61644.0,100,0.52,0.95,5
41462,0.448,-1.113,-1.803,2.441,1.221,140.747,-10.000,-41.000,-22.000,0.2043,0.2134,-0.8984,0.3250,2839.72,111.01,-10.31,45.14,61609.1,100,0.72,0.95,5
41465,0.395,-1.135,-1.803,2.502,0.793,140.564,-8.000,-43.000,-23.000,0.1963,0.1916,-0.9032,0.3303,2841.93,110.80,-10.32,45.19,61599.4,100,0.58,0.96,5
41477,0.337,-1.157,-1.801,2.502,0.793,140.320,-5.000,-42.000,-21.000,0.1881,0.1698,-0.9074,0.3354,2844.18,110.62,-10.32,45.23,61575.2,100,0.61,0.96,5
41531,0.282,-1.172,-1.800,2.686,0.610,140.259,-6.000,-42.000,-23.000,0.1799,0.1479,-0.9110,0.3403,2846.40,110.42,-10.31,45.28,61562.9,100,0.59,0.97,5
41534,0.228,-1.185,-1.793,2.624,0.549,140.015,-3.000,-41.000,-22.000,0.1715,0.1260,-0.9142,0.3450,2848.58,110.20,-10.28,45.32,61552.8,100,0.69,0.97,5
41537,0.167,-1.197,-1.793,2.747,0.427,139.771,0.000,-43.000,-22.000,0.1631,0.1040,-0.9167,0.3495,2850.79,110.00,-10.28,45.37,61531.0,100,0.59,0.98,5
41591,0.108,-1.204,-1.792,2.686,0.244,139.587,1.000,-44.000,-23.000,0.1545,0.0821,-0.9188,0.3538,2852.99,109.79,-10.27,45.42,61515.4,100,0.59,0.99,5
41595,0.046,-1.210,-1.791,2.747,0.122,139.343,4.000,-43.000,-22.000,0.1458,0.0601,-0.9203,0.3579,2855.25,109.65,-10.26,45.47,61484.0,100,0.66,0.99,5
41598,-0.008,-1.212,-1.787,2.686,-0.061,139.099,6.000,-43.000,-22.000,0.1371,0.0381,-0.9214,0.3617,2857.43,109.44,-10.25,45.52,61484.3,100,0.58,1.00,5
41652,-0.067,-1.212,-1.785,2.747,0.000,138.977,8.000,-41.000,-22.000,0.1283,0.0161,-0.9218,0.3654,2859.67,109.28,-10.24,45.57,61454.7,100,0.77,1.01,5
41655,-0.128,-1.208,-1.785,2.808,-0.366,138.733,10.000,-43.000,-22.000,0.1194,-0.0058,-0.9218,0.3688,2861.84,109.06,-10.23,45.62,61452.8,100,0.58,1.02,5
41658,-0.185,-1.203,-1.782,2.808,-0.366,138.489,11.000,-40.000,-22.000,0.1104,-0.0277,-0.9212,0.3720,2863.99,108.83,-10.24,45.67,61436.8,100,0.58,1.03,5
41712,-0.242,-1.195,-1.780,2.747,-0.610,138.184,14.000,-41.000,-23.000,0.1014,-0.0495,-0.9201,0.3750,2866.18,108.64,-10.23,45.71,61414.4,100,0.61,1.03,5
41715,-0.299,-1.182,-1.779,2.686,-0.488,138.245,16.000,-40.000,-21.000,0.0923,-0.0712,-0.9186,0.3777,2868.30,108.38,-10.22,45.76,61410.9,100,0.56,1.04,5
41719,-0.356,-1.169,-1.778,2.686,-0.855,137.878,17.000,-40.000,-22.000,0.0833,-0.0928,-0.9165,0.3802,2870.42,108.14,-10.23,45.81,61392.5,100,0.57,1.05,5
41772,-0.415,-1.152,-1.777,2.686,-0.793,137.695,22.000,-38.000,-21.000,0.0743,-0.1143,-0.9139,0.3824,2872.57,107.92,-10.22,45.85,61370.9,100,0.72,1.06,5
41775,-0.470,-1.133,-1.773,2.563,-1.160,137.451,22.000,-37.000,-22.000,0.0653,-0.1356,-0.9108,0.3843,2874.72,107.72,-10.21,45.89,61352.5,100,0.61,1.07,5
41778,-0.522,-1.110,-1.774,2.502,-1.038,137.268,23.000,-35.000,-22.000,0.0563,-0.1569,-0.9073,0.3861,2876.84,107.48,-10.22,45.93,61342.6,100,0.58,1.08,5
41832,-0.578,-1.084,-1.771,2.319,-1.221,137.024,24.000,-35.000,-21.000,0.0472,-0.1781,-0.9032,0.3876,2878.97,107.26,-10.19,45.97,61324.6,100,0.59,1.09,5
41835,-0.629,-1.057,-1.773,2.441,-1.465,136.841,25.000,-32.000,-21.000,0.0380,-0.1992,-0.8986,0.3890,2881.12,107.07,-10.21,46.02,61301.9,100,0.63,1.10,5
41838,-0.680,-1.027,-1.768,2.441,-1.526,136.597,29.000,-32.000,-21.000,0.0288,-0.2201,-0.8936,0.3902,2883.21,106.81,-10.18,46.06,61298.9,100,0.57,1.10,5
41891,-0.729,-0.995,-1.763,2.319,-1.587,136.475,31.000,-29.000,-21.000,0.0196,-0.2409,-0.8880,0.3911,2885.29,106.55,-10.15,46.11,61284.8,100,0.56,1.11,5
41895,-0.775,-0.958,-1.765,2.258,-1.770,136.230,30.000,-31.000,-22.000,0.0104,-0.2615,-0.8820,0.3919,2887.47,106.40,-10.15,46.16,61246.7,100,0.67,1.12,5
41898,-0.821,-0.923,-1.761,2.197,-1.831,135.925,33.000,-29.000,-21.000,0.0011,-0.2819,-0.8755,0.3924,2889.51,106.12,-10.14,46.21,61256.6,100,0.67,1.13,5
41952,-0.865,-0.887,-1.762,2.136,-1.953,135.803,34.000,-27.000,-22.000,-0.0081,-0.3022,-0.8686,0.3927,2891.68,105.96,-10.17,46.25,61216.2,100,0.67,1.14,5
41955,-0.908,-0.844,-1.756,2.075,-2.075,135.681,35.000,-24.000,-22.000,-0.0174,-0.3223,-0.8611,0.3928,2893.81,105.77,-10.12,46.30,61207.2,100,0.64,1.15,5
41958,-0.948,-0.800,-1.756,1.892,-2.197,135.437,37.000,-23.000,-22.000,-0.0267,-0.3421,-0.8533,0.3926,2895.92,105.57,-10.12,46.35,61193.0,100,0.63,1.17,5
42012,-0.983,-0.758,-1.751,1.770,-2.380,135.193,37.000,-21.000,-21.000,-0.0360,-0.3618,-0.8449,0.3923,2898.02,105.36,-10.10,46.40,61178.9,100,0.63,1.18,5
42015,-1.021,-0.714,-1.755,1.648,-2.319,135.071,37.000,-19.000,-21.000,-0.0453,-0.3812,-0.8362,0.3917,2900.10,105.13,-10.15,46.44,61167.4,100,0.61,1.19,5
42018,-1.055,-0.664,-1.750,1.648,-2.502,134.766,39.000,-19.000,-21.000,-0.0546,-0.4004,-0.8270,0.3909,2902.17,104.90,-10.10,46.49,61153.0,100,0.61,1.20,5
42075,-1.088,-0.614,-1.750,1.526,-2.502,134.705,40.000,-15.000,-21.000,-0.0638,-0.4194,-0.8173,0.3899,2904.25,104.69,-10.12,46.54,61133.6,100,0.62,1.21,5
42079,-1.116,-0.563,-1.746,1.343,-2.624,134.460,41.000,-13.000,-22.000,-0.0731,-0.4381,-0.8073,0.3887,2906.40,104.53,-10.09,46.59,61104.3,100,0.69,1.22,5
42082,-1.142,-0.511,-1.745,1.282,-2.624,134.277,42.000,-11.000,-21.000,-0.0823,-0.4565,-0.7968,0.3872,2908.48,104.33,-10.09,46.64,61100.2,100,0.64,1.23,5
42131,-1.166,-0.458,-1.745,1.099,-2.747,134.033,42.000,-11.000,-21.000,-0.0915,-0.4747,-0.7859,0.3855,2910.58,104.14,-10.09,46.69,61081.3,100,0.79,1.25,5
42135,-1.189,-0.400,-1.740,1.038,-2.808,133.789,43.000,-7.000,-21.000,-0.1006,-0.4926,-0.7746,0.3837,2912.65,103.92,-10.06,46.74,61071.2,100,0.64,1.26,5
42138,-1.208,-0.348,-1.739,0.855,-2.808,133.728,43.000,-5.000,-21.000,-0.1097,-0.5102,-0.7629,0.3816,2914.72,103.71,-10.07,46.79,61054.2,100,0.64,1.27,5
42192,-1.225,-0.292,-1.736,0.732,-2.930,133.362,41.000,-7.000,-20.000,-0.1187,-0.5275,-0.7509,0.3793,2916.84,103.56,-10.06,46.83,61027.2,100,0.70,1.28,5
42195,-1.238,-0.234,-1.732,0.549,-3.052,133.301,44.000,-2.000,-21.000,-0.1277,-0.5445,-0.7384,0.3768,2918.88,103.33,-10.03,46.89,61027.0,100,0.63,1.29,5
42199,-1.248,-0.179,-1.732,0.549,-2.991,133.057,44.000,-1.000,-20.000,-0.1367,-0.5611,-0.7256,0.3741,2920.97,103.15,-10.04,46.94,61002.1,100,0.68,1.31,5
42242,-1.257,-0.120,-1.733,0.427,-3.052,132.874,43.000,2.000,-21.000,-0.1455,-0.5775,-0.7124,0.3711,2923.02,102.95,-10.06,46.99,60991.5,100,0.66,1.32,5
42245,-1.260,-0.063,-1.728,0.305,-3.052,132.629,44.000,2.000,-20.000,-0.1543,-0.5935,-0.6989,0.3680,2925.03,102.70,-10.01,47.04,60986.1,100,0.61,1.33,5
42257,-1.265,-0.003,-1.728,0.000,-2.930,132.385,44.000,4.000,-20.000,-0.1630,-0.6092,-0.6851,0.3647,2927.07,102.49,-10.02,47.09,60962.7,100,0.65,1.34,5
42311,-1.261,0.056,-1.728,-0.061,-3.113,132.324,43.000,8.000,-21.000,-0.1717,-0.6246,-0.6708,0.3611,2929.09,102.26,-10.00,47.14,60951.0,100,0.64,1.36,5
42314,-1.262,0.114,-1.724,-0.183,-3.113,132.080,43.000,10.000,-20.000,-0.1802,-0.6396,-0.6563,0.3574,2931.09,102.02,-10.00,47.19,60939.0,100,0.63,1.37,5
42317,-1.258,0.169,-1.723,-0.305,-3.052,131.897,41.000,11.000,-21.000,-0.1887,-0.6542,-0.6415,0.3535,2933.10,101.79,-10.01,47.24,60921.8,100,0.64,1.38,5
42371,-1.246,0.229,-1.720,-0.488,-2.991,131.653,43.000,14.000,-19.000,-0.1970,-0.6685,-0.6263,0.3493,2935.10,101.57,-9.96,47.29,60906.2,100,0.65,1.39,5
42374,-1.242,0.284,-1.715,-0.610,-2.991,131.470,41.000,14.000,-22.000,-0.2053,-0.6824,-0.6109,0.3450,2937.15,101.38,-9.99,47.34,60881.8,100,0.69,1.41,5
42378,-1.229,0.343,-1.716,-0.855,-2.930,131.287,40.000,18.000,-20.000,-0.2135,-0.6959,-0.5951,0.3405,2939.17,101.18,-10.00,47.39,60870.7,100,0.67,1.42,5
42432,-1.209,0.400,-1.713,-0.916,-2.991,131.165,39.000,17.000,-21.000,-0.2215,-0.7091,-0.5791,0.3358,2941.19,100.98,-9.96,47.44,60855.5,100,0.68,1.44,5
42435,-1.191,0.454,-1.710,-1.099,-2.991,130.798,39.000,21.000,-22.000,-0.2294,-0.7219,-0.5628,0.3309,2943.17,100.75,-9.94,47.49,60848.6,100,0.64,1.45,5
42438,-1.174,0.510,-1.708,-1.221,-2.869,130.554,38.000,23.000,-20.000,-0.2373,-0.7342,-0.5463,0.3258,2945.18,100.54,-9.96,47.53,60826.7,100,0.68,1.46,5
42492,-1.150,0.562,-1.709,-1.221,-2.808,130.554,37.000,23.000,-20.000,-0.2449,-0.7462,-0.5295,0.3205,2947.21,100.37,-9.96,47.58,60804.8,100,0.71,1.48,5
42495,-1.126,0.613,-1.703,-1.465,-2.869,130.188,35.000,26.000,-19.000,-0.2525,-0.7578,-0.5125,0.3151,2949.17,100.13,-9.94,47.63,60804.8,100,0.65,1.49,5
42498,-1.098,0.665,-1.707,-1.587,-2.624,130.066,35.000,28.000,-20.000,-0.2599,-0.7690,-0.4953,0.3094,2951.17,99.92,-9.97,47.67,60782.4,100,0.68,1.50,5
42552,-1.069,0.718,-1.703,-1.709,-2.624,129.944,33.000,29.000,-21.000,-0.2672,-0.7798,-0.4779,0.3036,2953.10,99.66,-9.96,47.71,60778.9,100,0.63,1.50,5
42555,-1.033,0.764,-1.699,-1.770,-2.502,129.700,31.000,31.000,-20.000,-0.2743,-0.7902,-0.4602,0.2976,2955.08,99.45,-9.91,47.75,60754.1,100,0.68,1.50,5
42558,-1.002,0.811,-1.701,-1.892,-2.502,129.517,28.000,32.000,-21.000,-0.2813,-0.8001,-0.4424,0.2915,2957.09,99.27,-9.96,47.79,60733.0,100,0.71,1.50,5
42612,-0.964,0.858,-1.697,-2.075,-2.441,129.395,28.000,34.000,-19.000,-0.2881,-0.8096,-0.4244,0.2852,2959.05,99.05,-9.93,47.83,60727.7,100,0.67,1.50,5
42615,-0.927,0.902,-1.694,-2.197,-2.380,129.150,27.000,35.000,-19.000,-0.2949,-0.8187,-0.4062,0.2787,2960.99,98.82,-9.93,47.87,60714.1,100,0.67,1.50,5
42618,-0.887,0.942,-1.695,-2.258,-2.197,128.906,25.000,36.000,-20.000,-0.3014,-0.8274,-0.3879,0.2721,2962.96,98.61,-9.94,47.91,60695.5,100,0.69,1.50,5
42672,-0.844,0.982,-1.690,-2.380,-2.014,128.784,23.000,37.000,-19.000,-0.3078,-0.8357,-0.3695,0.2653,2964.92,98.41,-9.91,47.95,60680.0,100,0.70,1.50,5
42675,-0.802,1.021,-1.691,-2.502,-2.075,128.540,22.000,38.000,-20.000,-0.3140,-0.8435,-0.3509,0.2584,2966.84,98.17,-9.94,47.99,60672.5,100,0.67,1.50,5
42678,-0.756,1.057,-1.685,-2.563,-1.831,128.296,21.000,40.000,-19.000,-0.3201,-0.8509,-0.3322,0.2514,2968.74,97.92,-9.90,48.03,60662.4,100,0.65,1.50,5
42732,-0.708,1.094,-1.684,-2.686,-1.709,128.174,19.000,40.000,-19.000,-0.3261,-0.8578,-0.3134,0.2442,2970.67,97.69,-9.92,48.08,60641.8,100,0.68,1.50,5
42735,-0.659,1.122,-1.680,-2.808,-1.648,127.869,16.000,41.000,-19.000,-0.3318,-0.8643,-0.2945,0.2369,2972.60,97.47,-9.88,48.12,60626.1,100,0.69,1.50,5
42738,-0.607,1.153,-1.681,-2.808,-1.404,127.808,15.000,42.000,-19.000,-0.3374,-0.8704,-0.2755,0.2294,2974.57,97.29,-9.89,48.16,60602.7,100,0.74,1.50,5
42792,-0.556,1.182,-1.678,-2.869,-1.465,127.625,13.000,43.000,-19.000,-0.3429,-0.8761,-0.2564,0.2219,2976.45,97.04,-9.88,48.21,60605.6,100,0.52,1.50,5
42798,-0.505,1.206,-1.674,-2.930,-1.160,127.441,11.000,41.000,-19.000,-0.3481,-0.8813,-0.2372,0.2142,2978.31,96.77,-9.87,48.25,60593.6,100,0.65,1.50,5
42802,-0.451,1.228,-1.673,-3.052,-1.099,127.197,9.000,46.000,-19.000,-0.3533,-0.8861,-0.2179,0.2064,2980.22,96.55,-9.86,48.30,60569.8,100,0.70,1.50,5
42852,-0.397,1.249,-1.672,-3.113,-1.038,126.953,9.000,43.000,-19.000,-0.3582,-0.8904,-0.1986,0.1985,2982.17,96.37,-9.87,48.35,60546.4,100,0.74,1.50,5
42855,-0.342,1.266,-1.668,-3.113,-0.793,126.770,8.000,43.000,-18.000,-0.3629,-0.8944,-0.1792,0.1905,2984.06,96.14,-9.84,48.40,60543.7,100,0.69,1.50,5
42858,-0.287,1.281,-1.667,-3.235,-0.855,126.587,4.000,43.000,-20.000,-0.3675,-0.8978,-0.1598,0.1824,2985.99,95.95,-9.85,48.45,60521.1,100,0.73,1.50,5
42911,-0.229,1.295,-1.667,-3.113,-0.793,126.404,1.000,44.000,-19.000,-0.3719,-0.9009,-0.1403,0.1743,2987.93,95.78,-9.85,48.50,60503.2,100,0.75,1.50,5
42915,-0.172,1.306,-1.663,-3.235,-0.488,126.221,1.000,46.000,-18.000,-0.3762,-0.9035,-0.1208,0.1660,2989.85,95.58,-9.84,48.55,60492.5,100,0.74,1.50,5
42918,-0.114,1.315,-1.664,-3.174,-0.366,126.099,-3.000,44.000,-18.000,-0.3802,-0.9057,-0.1013,0.1576,2991.77,95.40,-9.86,48.61,60476.3,100,0.75,1.50,5
42972,-0.057,1.318,-1.660,-3.296,-0.244,125.854,-4.000,43.000,-19.000,-0.3840,-0.9075,-0.0818,0.1492,2993.65,95.18,-9.82,48.66,60470.7,100,0.72,1.50,5
42975,0.000,1.320,-1.658,-3.296,0.061,125.671,-6.000,44.000,-19.000,-0.3877,-0.9089,-0.0623,0.1407,2995.52,94.95,-9.82,48.72,60459.0,100,0.71,1.50,5
42978,0.058,1.322,-1.655,-3.357,-0.061,125.427,-7.000,43.000,-19.000,-0.3912,-0.9098,-0.0428,0.1321,2997.37,94.71,-9.81,48.77,60447.4,100,0.55,1.50,5
43031,0.117,1.319,-1.653,-3.296,0.244,125.305,-9.000,43.000,-20.000,-0.3944,-0.9103,-0.0233,0.1235,2999.21,94.47,-9.80,48.83,60433.4,100,0.70,1.50,5
43035,0.175,1.314,-1.652,-3.296,0.427,125.061,-11.000,43.000,-19.000,-0.3975,-0.9104,-0.0038,0.1148,3001.08,94.26,-9.80,48.88,60413.4,100,0.73,1.50,5
43038,0.230,1.308,-1.648,-3.235,0.549,124.939,-13.000,41.000,-18.000,-0.4004,-0.9101,0.0156,0.1060,3002.93,94.03,-9.79,48.94,60403.4,100,0.72,1.50,5
43082,0.288,1.296,-1.646,-3.296,0.732,124.634,-15.000,43.000,-19.000,-0.4031,-0.9093,0.0350,0.0972,3004.74,93.77,-9.77,48.99,60397.0,100,0.69,1.50,5
43085,0.347,1.286,-1.642,-3.235,1.038,124.512,-16.000,41.000,-19.000,-0.4056,-0.9082,0.0542,0.0884,3006.59,93.55,-9.76,49.05,60373.4,100,0.74,1.50,5
43097,0.401,1.271,-1.639,-3.174,1.038,124.268,-19.000,40.000,-18.000,-0.4078,-0.9066,0.0734,0.0796,3008.46,93.36,-9.74,49.10,60356.6,100,0.60,1.50,5
43151,0.456,1.252,-1.645,-3.174,1.099,124.146,-19.000,38.000,-19.000,-0.4099,-0.9047,0.0926,0.0707,3010.26,93.10,-9.78,49.16,60355.4,100,0.70,1.50,5
43154,0.509,1.234,-1.636,-3.052,1.343,123.962,-22.000,38.000,-19.000,-0.4118,-0.9023,0.1116,0.0618,3012.14,92.92,-9.74,49.21,60325.0,100,0.78,1.50,5
43157,0.564,1.213,-1.639,-3.052,1.282,123.718,-23.000,38.000,-17.000,-0.4134,-0.8996,0.1305,0.0530,3014.04,92.77,-9.76,49.27,60305.0,100,0.81,1.50,5
43211,0.621,1.190,-1.635,-3.052,1.526,123.535,-25.000,37.000,-17.000,-0.4149,-0.8964,0.1494,0.0441,3015.85,92.54,-9.75,49.32,60309.6,100,0.73,1.50,5
43215,0.669,1.165,-1.631,-2.869,1.648,123.352,-28.000,35.000,-19.000,-0.4161,-0.8929,0.1681,0.0353,3017.64,92.28,-9.74,49.37,60299.8,100,0.71,1.50,5
43218,0.721,1.133,-1.629,-2.869,1.648,123.230,-28.000,35.000,-18.000,-0.4172,-0.8890,0.1868,0.0264,3019.42,92.03,-9.71,49.42,60286.2,100,0.57,1.50,5
43272,0.766,1.105,-1.632,-2.747,1.953,123.108,-31.000,33.000,-17.000,-0.4180,-0.8848,0.2053,0.0175,3021.23,91.81,-9.75,49.47,60267.4,100,0.74,1.50,5
43275,0.816,1.073,-1.631,-2.808,2.014,122.803,-31.000,32.000,-19.000,-0.4187,-0.8801,0.2237,0.0086,3023.03,91.59,-9.75,49.52,60253.9,100,0.75,1.50,5
43278,0.865,1.034,-1.623,-2.686,2.136,122.559,-32.000,31.000,-19.000,-0.4192,-0.8751,0.2420,-0.0003,3024.81,91.35,-9.68,49.57,60244.6,100,0.73,1.50,5
43332,0.908,1.000,-1.624,-2.502,2.258,122.314,-34.000,28.000,-18.000,-0.4194,-0.8697,0.2602,-0.0092,3026.65,91.17,-9.70,49.61,60218.4,100,0.80,1.50,5
43335,0.951,0.961,-1.619,-2.502,2.319,122.192,-37.000,27.000,-18.000,-0.4195,-0.8639,0.2783,-0.0181,3028.47,90.97,-9.67,49.65,60208.0,100,0.63,1.50,5
43338,0.994,0.920,-1.619,-2.380,2.380,122.131,-38.000,26.000,-19.000,-0.4193,-0.8577,0.2963,-0.0271,3030.29,90.77,-9.69,49.70,60195.2,100,0.78,1.50,5
43382,1.032,0.878,-1.615,-2.258,2.502,121.826,-37.000,25.000,-18.000,-0.4190,-0.8512,0.3141,-0.0360,3032.10,90.58,-9.66,49.74,60181.4,100,0.79,1.50,5
43385,1.068,0.835,-1.614,-2.197,2.686,121.704,-39.000,22.000,-17.000,-0.4185,-0.8443,0.3318,-0.0450,3033.90,90.38,-9.66,49.78,60168.2,100,0.79,1.50,5
43397,1.109,0.789,-1.608,-2.014,2.747,121.460,-40.000,21.000,-19.000,-0.4178,-0.8370,0.3493,-0.0540,3035.65,90.13,-9.64,49.83,60166.9,100,0.74,1.50,5
43451,1.140,0.744,-1.609,-1.953,2.808,121.277,-40.000,19.000,-19.000,-0.4169,-0.8294,0.3666,-0.0629,3037.46,89.95,-9.65,49.87,60139.0,100,0.66,1.50,5
43454,1.170,0.696,-1.604,-1.831,3.052,121.155,-41.000,18.000,-19.000,-0.4158,-0.8214,0.3837,-0.0719,3039.27,89.77,-9.63,49.92,60126.6,100,0.81,1.50,5
43457,1.204,0.645,-1.606,-1.770,2.991,121.033,-41.000,17.000,-17.000,-0.4146,-0.8130,0.4007,-0.0809,3041.02,89.53,-9.65,49.97,60123.0,100,0.77,1.50,5
43512,1.231,0.593,-1.602,-1.526,3.052,120.850,-44.000,14.000,-17.000,-0.4132,-0.8043,0.4175,-0.0899,3042.80,89.34,-9.63,50.03,60102.6,100,0.81,1.50,5
43515,1.258,0.544,-1.602,-1.465,3.296,120.605,-42.000,12.000,-17.000,-0.4116,-0.7953,0.4340,-0.0988,3044.54,89.10,-9.65,50.08,60098.4,100,0.77,1.50,5
43522,1.279,0.490,-1.600,-1.282,3.235,120.544,-43.000,11.000,-18.000,-0.4098,-0.7859,0.4503,-0.1077,3046.33,88.92,-9.63,50.14,60074.4,100,0.67,1.50,5
43572,1.300,0.438,-1.593,-1.160,3.479,120.178,-44.000,8.000,-17.000,-0.4078,-0.7763,0.4664,-0.1167,3048.00,88.63,-9.61,50.19,60084.5,100,0.72,1.50,5
43575,1.317,0.382,-1.595,-1.099,3.357,120.178,-43.000,5.000,-16.000,-0.4056,-0.7663,0.4822,-0.1255,3049.73,88.40,-9.61,50.25,60058.6,100,0.79,1.50,5
43578,1.337,0.327,-1.588,-0.916,3.418,119.934,-43.000,5.000,-18.000,-0.4033,-0.7560,0.4978,-0.1343,3051.51,88.21,-9.60,50.31,60036.0,100,0.84,1.50,5
43632,1.351,0.272,-1.588,-0.732,3.479,119.629,-45.000,2.000,-17.000,-0.4008,-0.7454,0.5132,-0.1431,3053.21,87.97,-9.61,50.37,60035.8,100,0.61,1.50,5
43635,1.362,0.215,-1.586,-0.610,3.357,119.507,-46.000,2.000,-17.000,-0.3981,-0.7345,0.5283,-0.1517,3054.94,87.75,-9.59,50.43,60019.2,100,0.80,1.50,5
43638,1.370,0.157,-1.583,-0.427,3.601,119.385,-45.000,-1.000,-19.000,-0.3952,-0.7233,0.5431,-0.1604,3056.73,87.59,-9.56,50.49,59991.8,100,0.87,1.50,5
43692,1.376,0.101,-1.581,-0.305,3.418,119.080,-45.000,-2.000,-16.000,-0.3921,-0.7118,0.5577,-0.1690,3058.45,87.37,-9.56,50.55,59992.3,100,0.65,1.50,5
43695,1.383,0.044,-1.581,-0.183,3.479,118.957,-46.000,-5.000,-17.000,-0.3889,-0.7000,0.5720,-0.1775,3060.12,87.11,-9.58,50.62,59988.6,100,0.77,1.50,5
43698,1.387,-0.013,-1.579,0.000,3.662,118.835,-44.000,-5.000,-17.000,-0.3855,-0.6880,0.5860,-0.1859,3061.80,86.86,-9.59,50.68,59974.2,100,0.78,1.50,5
43752,1.387,-0.071,-1.575,0.183,3.601,118.530,-44.000,-7.000,-17.000,-0.3819,-0.6757,0.5998,-0.1943,3063.50,86.64,-9.57,50.75,59955.4,100,0.82,1.50,5
43755,1.382,-0.128,-1.573,0.244,3.662,118.469,-45.000,-11.000,-16.000,-0.3782,-0.6632,0.6133,-0.2026,3065.15,86.37,-9.55,50.81,59954.4,100,0.60,1.50,5
43758,1.376,-0.185,-1.574,0.671,3.662,118.225,-43.000,-10.000,-17.000,-0.3743,-0.6504,0.6265,-0.2108,3066.77,86.08,-9.56,50.88,59945.6,100,0.75,1.50,5
43812,1.371,-0.245,-1.570,0.671,3.540,118.103,-42.000,-13.000,-17.000,-0.3702,-0.6374,0.6394,-0.2189,3068.44,85.84,-9.55,50.94,59923.2,100,0.63,1.50,5
43815,1.364,-0.301,-1.568,0.793,3.540,117.981,-43.000,-15.000,-17.000,-0.3659,-0.6241,0.6520,-0.2270,3070.10,85.61,-9.57,51.01,59910.7,100,0.80,1.50,5
43818,1.349,-0.355,-1.565,1.038,3.418,117.676,-41.000,-16.000,-17.000,-0.3615,-0.6106,0.6643,-0.2349,3071.68,85.30,-9.53,51.07,59914.2,100,0.73,1.50,5
43871,1.333,-0.412,-1.560,1.099,3.662,117.676,-41.000,-19.000,-17.000,-0.3569,-0.5969,0.6763,-0.2427,3073.26,84.98,-9.50,51.14,59903.0,100,0.56,1.50,5
43875,1.321,-0.470,-1.563,1.343,3.479,117.310,-41.000,-20.000,-17.000,-0.3521,-0.5830,0.6880,-0.2505,3074.87,84.71,-9.56,51.21,59882.6,100,0.77,1.50,5
43878,1.302,-0.520,-1.560,1.526,3.418,117.249,-40.000,-23.000,-18.000,-0.3472,-0.5688,0.6994,-0.2581,3076.50,84.46,-9.54,51.27,59866.6,100,0.62,1.50,5
43932,1.281,-0.575,-1.561,1.648,3.418,117.004,-40.000,-25.000,-16.000,-0.3422,-0.5545,0.7105,-0.2656,3078.08,84.17,-9.55,51.34,59863.2,100,0.76,1.50,5
43935,1.255,-0.627,-1.555,1.892,3.357,116.821,-37.000,-25.000,-15.000,-0.3369,-0.5400,0.7213,-0.2731,3079.65,83.88,-9.50,51.40,59851.5,100,0.76,1.50,5
43938,1.230,-0.679,-1.554,2.075,3.235,116.577,-36.000,-26.000,-16.000,-0.3315,-0.5254,0.7317,-0.2804,3081.25,83.62,-9.51,51.47,59834.1,100,0.61,1.50,5
43992,1.206,-0.729,-1.552,2.136,3.174,116.394,-35.000,-28.000,-16.000,-0.3260,-0.5105,0.7419,-0.2876,3082.85,83.37,-9.52,51.53,59820.2,100,0.80,1.50,5
43995,1.176,-0.781,-1.550,2.258,3.052,116.272,-35.000,-30.000,-16.000,-0.3203,-0.4955,0.7517,-0.2946,3084.39,83.05,-9.52,51.60,59821.3,100,0.56,1.50,5
43998,1.143,-0.827,-1.544,2.380,2.808,116.211,-34.000,-30.000,-16.000,-0.3145,-0.4803,0.7612,-0.3015,3085.86,82.70,-9.47,51.66,59820.2,100,0.69,1.50,5
44052,1.109,-0.875,-1.544,2.502,2.930,115.967,-32.000,-32.000,-16.000,-0.3085,-0.4650,0.7704,-0.3084,3087.39,82.39,-9.48,51.72,59798.7,100,0.57,1.50,5
44055,1.080,-0.922,-1.538,2.686,2.808,115.723,-30.000,-34.000,-16.000,-0.3024,-0.4496,0.7792,-0.3150,3088.89,82.06,-9.49,51.78,59791.2,100,0.73,1.50,5
44058,1.039,-0.964,-1.539,2.747,2.686,115.540,-30.000,-37.000,-16.000,-0.2961,-0.4340,0.7878,-0.3216,3090.38,81.74,-9.47,51.85,59779.5,100,0.55,1.50,5
44112,1.003,-1.008,-1.533,2.930,2.441,115.417,-29.000,-35.000,-16.000,-0.2897,-0.4182,0.7960,-0.3280,3091.95,81.48,-9.47,51.91,59753.9,100,0.80,1.50,5
44115,0.962,-1.049,-1.536,2.991,2.441,115.295,-26.000,-37.000,-16.000,-0.2832,-0.4024,0.8038,-0.3343,3093.42,81.15,-9.49,51.97,59758.9,100,0.54,1.50,5
44118,0.920,-1.090,-1.531,3.052,2.380,115.173,-25.000,-39.000,-16.000,-0.2766,-0.3864,0.8114,-0.3404,3094.94,80.86,-9.48,52.03,59739.2,100,0.77,1.50,5
44171,0.877,-1.127,-1.528,3.357,2.258,114.929,-24.000,-39.000,-16.000,-0.2698,-0.3703,0.8186,-0.3465,3096.41,80.54,-9.47,52.10,59735.7,100,0.55,1.50,5
44175,0.834,-1.165,-1.526,3.174,2.075,114.746,-22.000,-39.000,-15.000,-0.2629,-0.3541,0.8254,-0.3523,3097.90,80.24,-9.48,52.16,59719.0,100,0.76,1.50,5
44178,0.785,-1.197,-1.522,3.418,1.953,114.563,-20.000,-41.000,-15.000,-0.2559,-0.3378,0.8320,-0.3581,3099.35,79.91,-9.44,52.22,59716.2,100,0.54,1.50,5
44232,0.736,-1.228,-1.519,3.479,1.831,114.380,-19.000,-42.000,-16.000,-0.2487,-0.3215,0.8382,-0.3637,3100.80,79.59,-9.42,52.28,59702.7,100,0.74,1.50,5
44235,0.688,-1.260,-1.517,3.540,1.648,114.197,-18.000,-42.000,-16.000,-0.2415,-0.3050,0.8440,-0.3691,3102.21,79.23,-9.43,52.35,59701.0,100,0.51,1.50,5
44241,0.641,-1.289,-1.514,3.601,1.648,114.075,-14.000,-42.000,-14.000,-0.2341,-0.2885,0.8496,-0.3744,3103.54,78.81,-9.44,52.41,59702.9,100,0.64,1.50,5
44292,0.588,-1.313,-1.511,3.601,1.404,113.892,-14.000,-43.000,-16.000,-0.2267,-0.2719,0.8548,-0.3796,3104.90,78.42,-9.41,52.48,59687.4,100,0.48,1.50,5
44295,0.537,-1.338,-1.512,3.662,1.526,113.831,-11.000,-44.000,-14.000,-0.2191,-0.2552,0.8596,-0.3846,3106.27,78.04,-9.44,52.54,59674.6,100,0.49,1.50,5
44298,0.482,-1.360,-1.508,3.845,1.282,113.525,-8.000,-45.000,-16.000,-0.2115,-0.2384,0.8641,-0.3895,3107.66,77.70,-9.41,52.61,59656.8,100,0.71,1.50,5
44352,0.428,-1.379,-1.505,3.845,1.099,113.464,-9.000,-44.000,-14.000,-0.2037,-0.2216,0.8683,-0.3942,3109.08,77.39,-9.40,52.68,59640.6,100,0.55,1.50,5
44355,0.376,-1.396,-1.502,3.845,0.916,113.159,-5.000,-46.000,-15.000,-0.1959,-0.2048,0.8722,-0.3987,3110.49,77.08,-9.40,52.75,59630.4,100,0.55,1.50,5
44359,0.323,-1.412,-1.498,3.845,0.855,113.037,-4.000,-45.000,-14.000,-0.1880,-0.1879,0.8757,-0.4031,3111.87,76.74,-9.39,52.82,59625.0,100,0.72,1.50,5
44412,0.262,-1.427,-1.498,3.906,0.732,112.854,-3.000,-44.000,-14.000,-0.1799,-0.1710,0.8789,-0.4074,3113.24,76.40,-9.39,52.89,59616.3,100,0.52,1.50,5
44415,0.208,-1.439,-1.494,3.967,0.488,112.671,-2.000,-46.000,-14.000,-0.1718,-0.1541,0.8817,-0.4115,3114.63,76.09,-9.39,52.96,59599.7,100,0.74,1.50,5
44418,0.151,-1.448,-1.500,4.089,0.427,112.488,2.000,-46.000,-15.000,-0.1637,-0.1371,0.8842,-0.4154,3115.96,75.73,-9.43,53.04,59600.6,100,0.50,1.50,5
44472,0.098,-1.453,-1.494,4.028,0.183,112.427,1.000,-46.000,-16.000,-0.1554,-0.1201,0.8864,-0.4192,3117.26,75.34,-9.41,53.11,59596.2,100,0.47,1.50,5
44475,0.039,-1.456,-1.491,4.089,0.122,112.244,5.000,-46.000,-14.000,-0.1471,-0.1031,0.8882,-0.4228,3118.55,74.95,-9.38,53.19,59587.0,100,0.66,1.50,5
44478,-0.017,-1.459,-1.486,4.089,-0.061,111.938,6.000,-43.000,-16.000,-0.1388,-0.0861,0.8898,-0.4262,3119.94,74.66,-9.37,53.26,59556.3,100,0.57,1.50,5
44522,-0.074,-1.460,-1.483,4.089,-0.244,111.877,8.000,-46.000,-14.000,-0.1303,-0.0691,0.8909,-0.4295,3121.24,74.30,-9.37,53.34,59562.1,100,0.49,1.50,5
44525,-0.131,-1.456,-1.481,4.089,-0.488,111.694,8.000,-43.000,-14.000,-0.1218,-0.0522,0.8918,-0.4326,3122.51,73.91,-9.35,53.41,59557.6,100,0.67,1.50,5
44537,-0.188,-1.454,-1.482,3.967,-0.549,111.450,11.000,-46.000,-14.000,-0.1133,-0.0352,0.8923,-0.4355,3123.88,73.62,-9.38,53.49,59527.5,100,0.56,1.50,5
44591,-0.245,-1.447,-1.479,4.028,-0.671,111.389,14.000,-44.000,-14.000,-0.1047,-0.0183,0.8925,-0.4383,3125.15,73.25,-9.36,53.56,59535.4,100,0.48,1.50,5
44594,-0.299,-1.438,-1.478,3.967,-0.916,111.084,14.000,-43.000,-14.000,-0.0960,-0.0014,0.8924,-0.4409,3126.37,72.84,-9.37,53.64,59535.8,100,0.43,1.50,5
44597,-0.356,-1.428,-1.476,4.028,-0.977,111.023,16.000,-43.000,-14.000,-0.0873,0.0154,0.8920,-0.4433,3127.63,72.47,-9.37,53.72,59516.5,100,0.68,1.50,5
44652,-0.414,-1.415,-1.467,3.967,-1.221,110.962,19.000,-42.000,-14.000,-0.0786,0.0321,0.8913,-0.4455,3128.91,72.13,-9.33,53.79,59501.0,100,0.51,1.50,5
44655,-0.468,-1.398,-1.471,3.906,-1.526,110.657,19.000,-40.000,-14.000,-0.0698,0.0487,0.8902,-0.4475,3130.28,71.87,-9.35,53.86,59474.1,100,0.59,1.50,5
44658,-0.518,-1.381,-1.466,3.845,-1.526,110.535,21.000,-41.000,-14.000,-0.0612,0.0652,0.8889,-0.4493,3131.57,71.55,-9.33,53.93,59477.6,100,0.73,1.50,5
44712,-0.574,-1.364,-1.464,3.845,-1.831,110.291,22.000,-41.000,-13.000,-0.0525,0.0817,0.8873,-0.4509,3132.88,71.25,-9.34,54.00,59463.5,100,0.55,1.50,5
44715,-0.627,-1.343,-1.463,3.662,-1.892,110.168,24.000,-40.000,-13.000,-0.0438,0.0982,0.8853,-0.4524,3134.19,70.96,-9.35,54.07,59453.4,100,0.55,1.50,5
44718,-0.679,-1.318,-1.456,3.723,-2.075,109.985,27.000,-38.000,-13.000,-0.0351,0.1146,0.8830,-0.4538,3135.49,70.66,-9.30,54.15,59444.6,100,0.54,1.50,5
44772,-0.729,-1.294,-1.455,3.601,-2.258,109.741,27.000,-37.000,-13.000,-0.0264,0.1310,0.8804,-0.4549,3136.72,70.31,-9.31,54.22,59446.2,100,0.70,1.50,5
44775,-0.782,-1.266,-1.455,3.601,-2.380,109.741,31.000,-34.000,-14.000,-0.0176,0.1473,0.8776,-0.4559,3137.98,69.99,-9.31,54.29,59431.8,100,0.52,1.50,5
44778,-0.830,-1.237,-1.450,3.479,-2.441,109.436,31.000,-35.000,-14.000,-0.0089,0.1635,0.8744,-0.4568,3139.25,69.69,-9.29,54.37,59418.2,100,0.54,1.50,5
44832,-0.880,-1.206,-1.449,3.296,-2.686,109.375,34.000,-35.000,-13.000,-0.0001,0.1796,0.8709,-0.4574,3140.49,69.36,-9.30,54.44,59413.8,100,0.51,1.50,5
44835,-0.927,-1.174,-1.446,3.235,-2.808,109.253,32.000,-32.000,-13.000,0.0088,0.1957,0.8672,-0.4579,3141.69,69.00,-9.29,54.51,59413.4,100,0.69,1.50,5
44838,-0.967,-1.137,-1.440,3.174,-2.808,109.070,35.000,-32.000,-13.000,0.0176,0.2116,0.8631,-0.4582,3142.92,68.68,-9.24,54.59,59395.0,100,0.52,1.50,5
44892,-1.015,-1.101,-1.441,2.930,-3.113,108.826,35.000,-31.000,-14.000,0.0264,0.2275,0.8588,-0.4583,3144.16,68.37,-9.26,54.66,59383.4,100,0.53,1.50,5
44895,-1.058,-1.064,-1.438,2.991,-3.174,108.765,38.000,-29.000,-12.000,0.0353,0.2432,0.8541,-0.4583,3145.42,68.09,-9.27,54.73,59368.6,100,0.56,1.50,5
44898,-1.099,-1.026,-1.435,2.808,-3.174,108.521,38.000,-28.000,-13.000,0.0441,0.2588,0.8492,-0.4581,3146.60,67.73,-9.27,54.81,59375.5,100,0.71,1.50,5
44951,-1.138,-0.982,-1.431,2.808,-3.296,108.337,39.000,-26.000,-13.000,0.0529,0.2744,0.8440,-0.4578,3147.83,67.44,-9.23,54.88,59354.7,100,0.55,1.50,5
44955,-1.178,-0.939,-1.430,2.624,-3.540,108.276,38.000,-25.000,-12.000,0.0618,0.2897,0.8385,-0.4573,3149.05,67.13,-9.24,54.96,59346.7,100,0.54,1.50,5
44958,-1.212,-0.897,-1.425,2.441,-3.601,108.093,40.000,-23.000,-13.000,0.0706,0.3050,0.8328,-0.4566,3150.20,66.77,-9.22,55.03,59351.7,100,0.47,1.50,5
45014,-1.248,-0.852,-1.421,2.258,-3.784,107.910,40.000,-19.000,-13.000,0.0795,0.3201,0.8268,-0.4557,3151.38,66.44,-9.21,55.10,59334.6,100,0.51,1.50,5
45017,-1.280,-0.804,-1.420,2.197,-3.723,107.727,41.000,-19.000,-14.000,0.0883,0.3351,0.8205,-0.4546,3152.55,66.11,-9.21,55.18,59328.0,100,0.73,1.50,5
45020,-1.309,-0.758,-1.418,2.136,-3.845,107.483,44.000,-18.000,-14.000,0.0970,0.3500,0.8139,-0.4534,3153.76,65.82,-9.21,55.25,59309.1,100,0.56,1.50,5
45072,-1.340,-0.709,-1.418,1.892,-4.028,107.483,43.000,-16.000,-11.000,0.1058,0.3647,0.8071,-0.4521,3154.92,65.49,-9.22,55.33,59309.8,100,0.51,1.50,5
45075,-1.368,-0.659,-1.412,1.892,-4.150,107.239,44.000,-16.000,-13.000,0.1146,0.3793,0.8000,-0.4505,3156.14,65.23,-9.19,55.41,59287.7,100,0.57,1.50,5
45078,-1.395,-0.607,-1.408,1.709,-4.089,107.117,44.000,-13.000,-13.000,0.1233,0.3937,0.7927,-0.4488,3157.32,64.94,-9.19,55.48,59284.2,100,0.55,1.50,5
45132,-1.417,-0.557,-1.410,1.465,-4.150,106.934,44.000,-13.000,-12.000,0.1320,0.4079,0.7851,-0.4470,3158.54,64.68,-9.20,55.56,59269.3,100,0.82,1.50,5
45135,-1.438,-0.505,-1.404,1.282,-4.211,106.812,44.000,-9.000,-11.000,0.1407,0.4220,0.7773,-0.4449,3159.72,64.39,-9.19,55.63,59264.8,100,0.57,1.50,5
45138,-1.461,-0.449,-1.405,1.282,-4.272,106.628,46.000,-8.000,-13.000,0.1493,0.4359,0.7692,-0.4427,3160.89,64.10,-9.20,55.71,59259.8,100,0.55,1.50,5
45192,-1.476,-0.395,-1.398,1.099,-4.395,106.445,46.000,-8.000,-12.000,0.1579,0.4497,0.7609,-0.4404,3162.05,63.81,-9.16,55.79,59249.1,100,0.56,1.50,5
45195,-1.492,-0.341,-1.400,0.855,-4.395,106.323,45.000,-5.000,-12.000,0.1664,0.4633,0.7523,-0.4379,3163.24,63.54,-9.18,55.86,59236.2,100,0.58,1.50,5
45198,-1.505,-0.287,-1.396,0.855,-4.395,106.201,47.000,-2.000,-13.000,0.1749,0.4767,0.7435,-0.4352,3164.42,63.28,-9.17,55.94,59226.7,100,0.59,1.50,5
45252,-1.514,-0.232,-1.393,0.610,-4.456,106.018,47.000,-1.000,-11.000,0.1834,0.4899,0.7345,-0.4323,3165.62,63.03,-9.15,56.02,59214.2,100,0.85,1.50,5
45255,-1.526,-0.177,-1.391,0.488,-4.395,105.896,47.000,0.000,-11.000,0.1918,0.5029,0.7252,-0.4293,3166.74,62.72,-9.17,56.10,59221.1,100,0.54,1.50,5
45258,-1.531,-0.120,-1.385,0.305,-4.456,105.713,47.000,3.000,-12.000,0.2001,0.5158,0.7158,-0.4262,3167.81,62.37,-9.13,56.17,59219.2,100,0.51,1.50,5
45311,-1.537,-0.062,-1.383,0.183,-4.700,105.530,47.000,4.000,-13.000,0.2084,0.5284,0.7061,-0.4229,3168.97,62.10,-9.12,56.26,59194.9,100,0.59,1.50,5
45315,-1.542,-0.007,-1.376,0.000,-4.517,105.469,46.000,5.000,-11.000,0.2167,0.5409,0.6961,-0.4194,3170.15,61.87,-9.12,56.34,59179.8,100,0.62,1.50,5
45318,-1.542,0.050,-1.377,-0.122,-4.578,105.225,46.000,7.000,-12.000,0.2248,0.5531,0.6860,-0.4158,3171.30,61.61,-9.13,56.42,59176.0,100,0.60,1.50,5
45362,-1.542,0.105,-1.376,-0.427,-4.517,105.041,46.000,8.000,-11.000,0.2329,0.5651,0.6757,-0.4120,3172.40,61.31,-9.14,56.50,59177.1,100,0.55,1.50,5
45365,-1.541,0.160,-1.370,-0.488,-4.639,104.797,46.000,10.000,-12.000,0.2409,0.5769,0.6652,-0.4081,3173.48,60.99,-9.13,56.58,59172.5,100,0.54,1.50,5
45377,-1.535,0.221,-1.367,-0.732,-4.578,104.797,43.000,13.000,-11.000,0.2489,0.5885,0.6545,-0.4041,3174.60,60.71,-9.11,56.66,59156.3,100,0.84,1.50,5
45431,-1.529,0.277,-1.368,-0.916,-4.517,104.675,44.000,15.000,-11.000,0.2568,0.5999,0.6436,-0.3998,3175.72,60.44,-9.14,56.74,59145.8,100,0.60,1.50,5
45434,-1.519,0.329,-1.362,-1.038,-4.395,104.492,43.000,16.000,-11.000,0.2646,0.6111,0.6325,-0.3955,3176.85,60.19,-9.12,56.82,59133.1,100,0.62,1.50,5
45437,-1.510,0.387,-1.359,-1.221,-4.517,104.370,42.000,17.000,-11.000,0.2723,0.6221,0.6213,-0.3909,3177.95,59.91,-9.13,56.91,59131.4,100,0.59,1.50,5
45491,-1.493,0.441,-1.357,-1.465,-4.456,104.187,44.000,19.000,-11.000,0.2800,0.6328,0.6099,-0.3863,3179.10,59.69,-9.10,56.99,59112.8,100,0.65,1.50,5
45495,-1.478,0.496,-1.353,-1.465,-4.334,104.004,42.000,20.000,-13.000,0.2875,0.6434,0.5982,-0.3815,3180.23,59.45,-9.08,57.07,59107.7,100,0.63,1.50,5
45498,-1.463,0.550,-1.353,-1.770,-4.272,103.882,43.000,22.000,-12.000,0.2949,0.6537,0.5865,-0.3765,3181.32,59.17,-9.12,57.15,59106.1,100,0.60,1.50,5
45552,-1.444,0.602,-1.350,-1.953,-4.272,103.699,40.000,22.000,-11.000,0.3023,0.6637,0.5746,-0.3714,3182.41,58.91,-9.11,57.23,59096.2,100,0.62,1.50,5
45555,-1.423,0.654,-1.348,-2.075,-4.211,103.516,39.000,26.000,-11.000,0.3096,0.6735,0.5625,-0.3662,3183.49,58.63,-9.11,57.31,59091.7,100,0.60,1.50,5
45558,-1.400,0.707,-1.343,-2.136,-4.211,103.455,39.000,27.000,-11.000,0.3167,0.6831,0.5503,-0.3609,3184.53,58.33,-9.09,57.39,59088.3,100,0.86,1.50,5
45612,-1.374,0.757,-1.340,-2.319,-4.089,103.333,38.000,28.000,-11.000,0.3238,0.6925,0.5379,-0.3554,3185.66,58.12,-9.08,57.47,59061.9,100,0.68,1.50,5
45615,-1.348,0.809,-1.337,-2.563,-3.906,103.088,38.000,30.000,-11.000,0.3307,0.7016,0.5254,-0.3497,3186.76,57.88,-9.08,57.54,59059.2,100,0.66,1.50,5
45618,-1.316,0.859,-1.338,-2.747,-3.906,102.844,35.000,29.000,-10.000,0.3375,0.7105,0.5128,-0.3439,3187.80,57.59,-9.07,57.62,59062.1,100,0.61,1.50,5
45661,-1.288,0.903,-1.332,-2.747,-3.784,102.844,35.000,31.000,-10.000,0.3442,0.7192,0.5000,-0.3380,3188.90,57.36,-9.06,57.69,59043.5,100,0.67,1.50,5
45664,-1.257,0.951,-1.328,-3.052,-3.723,102.600,32.000,32.000,-10.000,0.3508,0.7276,0.4871,-0.3320,3190.00,57.14,-9.05,57.77,59031.4,100,0.69,1.50,5
45677,-1.224,0.998,-1.322,-3.113,-3.662,102.478,32.000,34.000,-10.000,0.3573,0.7357,0.4741,-0.3259,3191.07,56.89,-9.04,57.84,59031.2,100,0.66,1.50,5
45733,-1.190,1.043,-1.322,-3.296,-3.479,102.356,31.000,35.000,-10.000,0.3637,0.7437,0.4611,-0.3196,3192.13,56.64,-9.07,57.91,59022.4,100,0.66,1.50,5
45736,-1.153,1.086,-1.323,-3.357,-3.357,102.173,32.000,36.000,-10.000,0.3700,0.7513,0.4479,-0.3132,3193.21,56.41,-9.07,57.99,59011.4,100,0.68,1.50,5
45740,-1.112,1.127,-1.316,-3.601,-3.357,102.112,28.000,36.000,-10.000,0.3761,0.7587,0.4345,-0.3066,3194.24,56.14,-9.02,58.06,59012.0,100,0.65,1.50,5
45791,-1.076,1.167,-1.312,-3.601,-3.174,101.807,26.000,40.000,-10.000,0.3821,0.7659,0.4212,-0.3000,3195.28,55.88,-9.04,58.13,59001.8,100,0.66,1.50,5
45795,-1.035,1.206,-1.311,-3.723,-3.174,101.746,27.000,38.000,-11.000,0.3880,0.7728,0.4077,-0.2933,3196.28,55.59,-9.04,58.21,59000.3,100,0.64,1.50,5
45798,-0.991,1.245,-1.303,-3.845,-2.869,101.562,24.000,40.000,-10.000,0.3938,0.7795,0.3941,-0.2864,3197.26,55.29,-9.00,58.28,58996.2,100,0.63,1.50,5
45851,-0.946,1.280,-1.305,-3.967,-2.686,101.379,25.000,40.000,-9.000,0.3994,0.7859,0.3805,-0.2795,3198.25,55.01,-9.01,58.35,58985.8,100,0.64,1.50,5
45855,-0.904,1.314,-1.302,-4.028,-2.624,101.318,22.000,40.000,-10.000,0.4049,0.7920,0.3668,-0.2724,3199.35,54.83,-9.03,58.42,58956.3,100,0.75,1.50,5
45858,-0.856,1.350,-1.299,-4.272,-2.502,101.196,20.000,43.000,-10.000,0.4103,0.7979,0.3530,-0.2652,3200.39,54.60,-9.02,58.50,58959.5,100,0.71,1.50,5
45912,-0.809,1.379,-1.297,-4.150,-2.380,101.074,19.000,43.000,-8.000,0.4156,0.8036,0.3391,-0.2580,3201.42,54.36,-9.02,58.57,58952.8,100,0.71,1.50,5
45915,-0.762,1.409,-1.292,-4.395,-2.258,100.891,16.000,44.000,-9.000,0.4207,0.8090,0.3252,-0.2506,3202.39,54.07,-9.02,58.64,58956.3,100,0.66,1.50,5
45918,-0.712,1.434,-1.292,-4.456,-2.075,100.586,16.000,45.000,-8.000,0.4257,0.8141,0.3112,-0.2432,3203.35,53.78,-9.01,58.72,58949.6,100,0.66,1.50,5
45972,-0.663,1.460,-1.287,-4.578,-1.892,100.586,14.000,46.000,-8.000,0.4306,0.8190,0.2972,-0.2357,3204.31,53.50,-9.00,58.80,58941.9,100,0.67,1.50,5
45975,-0.613,1.487,-1.283,-4.517,-1.831,100.464,11.000,43.000,-10.000,0.4353,0.8236,0.2831,-0.2281,3205.33,53.27,-9.01,58.88,58922.4,100,0.73,1.50,5
45978,-0.559,1.508,-1.280,-4.822,-1.709,100.281,10.000,45.000,-10.000,0.4400,0.8279,0.2690,-0.2204,3206.32,53.02,-8.99,58.96,58920.2,100,0.72,1.50,5
46032,-0.507,1.527,-1.278,-4.700,-1.404,100.220,10.000,46.000,-8.000,0.4445,0.8321,0.2548,-0.2126,3207.34,52.81,-8.98,59.04,58905.1,100,0.76,1.50,5
46035,-0.457,1.547,-1.276,-4.822,-1.343,100.037,8.000,48.000,-8.000,0.4488,0.8359,0.2406,-0.2048,3208.40,52.63,-9.01,59.12,58889.3,100,0.81,1.50,5
46038,-0.401,1.563,-1.270,-4.822,-1.221,99.731,7.000,46.000,-8.000,0.4530,0.8395,0.2264,-0.1969,3209.40,52.41,-8.97,59.20,58892.8,100,0.76,1.50,5
46083,-0.348,1.579,-1.268,-4.944,-1.099,99.731,4.000,47.000,-8.000,0.4571,0.8429,0.2121,-0.1889,3210.45,52.23,-8.99,59.29,58875.0,100,0.82,1.50,5
46086,-0.290,1.591,-1.263,-5.005,-0.732,99.548,4.000,47.000,-9.000,0.4610,0.8459,0.1978,-0.1808,3211.41,51.97,-8.95,59.37,58885.0,100,0.74,1.50,5
46097,-0.238,1.604,-1.261,-5.127,-0.610,99.487,1.000,47.000,-8.000,0.4649,0.8488,0.1834,-0.1727,3212.40,51.75,-8.98,59.46,58870.9,100,0.78,1.50,5
46151,-0.184,1.613,-1.257,-5.066,-0.427,99.243,0.000,49.000,-7.000,0.4685,0.8514,0.1691,-0.1645,3213.43,51.57,-8.97,59.54,58854.1,100,0.84,1.50,5
46155,-0.125,1.620,-1.254,-5.066,-0.427,99.121,-1.000,46.000,-7.000,0.4720,0.8537,0.1548,-0.1562,3214.45,51.38,-8.95,59.63,58848.8,100,0.83,1.50,5
46158,-0.070,1.626,-1.255,-5.066,-0.183,98.999,-5.000,47.000,-8.000,0.4754,0.8558,0.1404,-0.1479,3215.44,51.17,-8.98,59.72,58846.4,100,0.82,1.50,5
46212,-0.012,1.629,-1.249,-5.127,0.000,98.938,-4.000,47.000,-7.000,0.4787,0.8576,0.1260,-0.1396,3216.40,50.93,-8.94,59.81,58845.0,100,0.80,1.50,5
46215,0.042,1.629,-1.245,-5.066,0.061,98.755,-6.000,47.000,-9.000,0.4817,0.8592,0.1116,-0.1312,3217.40,50.73,-8.94,59.90,58828.6,100,0.85,1.50,5
46218,0.099,1.629,-1.241,-5.127,0.305,98.572,-7.000,45.000,-8.000,0.4847,0.8606,0.0972,-0.1227,3218.39,50.53,-8.93,59.99,58823.4,100,0.85,1.50,5
46271,0.157,1.627,-1.239,-5.188,0.610,98.389,-9.000,46.000,-9.000,0.4874,0.8617,0.0828,-0.1142,3219.34,50.30,-8.93,60.08,58821.9,0,0.84,1.50,5
46274,0.211,1.624,-1.237,-5.066,0.732,98.328,-11.000,46.000,-8.000,0.4901,0.8625,0.0685,-0.1056,3220.29,50.07,-8.94,60.18,58814.1,0,0.85,1.50,5
46278,0.268,1.617,-1.229,-5.005,0.916,98.083,-13.000,46.000,-8.000,0.4925,0.8632,0.0541,-0.0970,3221.24,49.85,-8.91,60.27,58806.7,0,0.86,1.50,5
46321,0.326,1.610,-1.228,-5.066,0.977,98.022,-14.000,44.000,-7.000,0.4949,0.8635,0.0398,-0.0884,3222.18,49.61,-8.92,60.36,58802.6,0,0.86,1.50,5
46324,0.380,1.596,-1.225,-4.883,1.221,97.839,-16.000,44.000,-7.000,0.4970,0.8637,0.0256,-0.0798,3223.16,49.43,-8.88,60.45,58784.3,0,0.93,1.50,5
46337,0.433,1.586,-1.223,-5.005,1.465,97.717,-17.000,44.000,-9.000,0.4991,0.8636,0.0114,-0.0711,3224.16,49.26,-8.91,60.54,58774.9,0,0.95,1.50,5
46380,0.488,1.573,-1.217,-4.944,1.587,97.656,-20.000,43.000,-8.000,0.5009,0.8632,-0.0028,-0.0624,3225.14,49.08,-8.89,60.63,58770.1,0,0.95,1.50,5
46384,0.542,1.555,-1.213,-4.883,1.770,97.412,-21.000,44.000,-7.000,0.5026,0.8627,-0.0169,-0.0537,3226.10,48.89,-8.86,60.73,58765.3,0,0.95,1.50,5
46397,0.595,1.539,-1.212,-4.883,1.953,97.290,-22.000,42.000,-8.000,0.5042,0.8619,-0.0309,-0.0451,3227.06,48.70,-8.87,60.82,58757.9,0,0.97,1.50,5
46440,0.648,1.520,-1.209,-4.822,2.197,97.168,-23.000,42.000,-8.000,0.5056,0.8609,-0.0449,-0.0364,3228.02,48.50,-8.87,60.91,58752.3,0,0.98,1.50,5
46448,0.701,1.497,-1.206,-4.761,2.380,96.985,-25.000,40.000,-8.000,0.5068,0.8596,-0.0588,-0.0277,3228.94,48.29,-8.84,61.00,58749.6,0,0.97,1.50,5
46457,0.753,1.477,-1.201,-4.700,2.502,97.046,-28.000,40.000,-8.000,0.5078,0.8582,-0.0727,-0.0190,3229.82,48.03,-8.86,61.09,58751.0,0,0.95,1.50,5
46500,0.804,1.451,-1.198,-4.578,2.502,96.863,-28.000,39.000,-8.000,0.5087,0.8565,-0.0865,-0.0104,3230.78,47.85,-8.84,61.17,58728.6,0,1.00,1.50,5
46504,0.853,1.425,-1.194,-4.517,2.747,96.680,-29.000,37.000,-7.000,0.5095,0.8546,-0.1002,-0.0017,3231.68,47.63,-8.83,61.26,58732.5,0,1.00,1.50,5
46517,0.902,1.396,-1.191,-4.456,2.808,96.497,-30.000,35.000,-7.000,0.5101,0.8525,-0.1139,0.0069,3232.62,47.44,-8.82,61.34,58716.6,0,1.00,1.50,5
46562,0.948,1.368,-1.186,-4.395,3.235,96.375,-32.000,35.000,-8.000,0.5105,0.8502,-0.1276,0.0156,3233.58,47.27,-8.80,61.43,58707.4,0,1.00,1.50,5
46565,0.996,1.335,-1.187,-4.272,3.174,96.375,-33.000,35.000,-7.000,0.5108,0.8477,-0.1412,0.0243,3234.44,47.02,-8.81,61.51,58717.1,0,0.52,1.50,5
46577,1.042,1.303,-1.182,-4.211,3.479,96.130,-32.000,34.000,-7.000,0.5109,0.8450,-0.1547,0.0330,3235.36,46.83,-8.79,61.58,58698.1,0,1.00,1.50,5
46622,1.084,1.271,-1.177,-3.967,3.540,96.008,-36.000,32.000,-7.000,0.5108,0.8421,-0.1682,0.0417,3236.35,46.70,-8.80,61.65,58678.6,0,1.00,1.50,5
46625,1.131,1.234,-1.171,-3.967,3.723,95.947,-36.000,32.000,-7.000,0.5105,0.8390,-0.1817,0.0504,3237.23,46.48,-8.78,61.73,58690.7,0,1.00,1.50,5
46638,1.172,1.197,-1.171,-3.723,3.662,95.703,-37.000,30.000,-7.000,0.5101,0.8356,-0.1951,0.0592,3238.11,46.26,-8.78,61.79,58684.3,0,1.00,1.50,5
46682,1.213,1.159,-1.165,-3.662,4.028,95.520,-39.000,28.000,-7.000,0.5095,0.8320,-0.2085,0.0680,3239.04,46.09,-8.76,61.87,58667.7,0,1.00,1.50,5
46685,1.249,1.118,-1.165,-3.540,4.089,95.459,-39.000,27.000,-4.000,0.5089,0.8282,-0.2219,0.0769,3239.92,45.87,-8.76,61.95,58671.0,0,1.00,1.50,5
46697,1.286,1.078,-1.160,-3.357,4.211,95.337,-40.000,26.000,-5.000,0.5080,0.8242,-0.2351,0.0858,3240.82,45.68,-8.75,62.03,58658.7,0,1.00,1.50,5
46742,1.323,1.036,-1.159,-3.174,4.334,95.215,-40.000,24.000,-5.000,0.5071,0.8199,-0.2483,0.0947,3241.69,45.47,-8.76,62.11,58657.8,0,1.00,1.50,5
46745,1.362,0.991,-1.150,-3.174,4.456,95.154,-42.000,23.000,-6.000,0.5060,0.8154,-0.2614,0.1035,3242.59,45.29,-8.74,62.19,58644.3,0,1.00,1.50,5
46758,1.397,0.947,-1.151,-2.991,4.639,94.910,-43.000,23.000,-6.000,0.5048,0.8107,-0.2744,0.1124,3243.45,45.07,-8.76,62.28,58644.8,0,0.64,1.50,5
46801,1.430,0.901,-1.151,-2.930,4.639,94.910,-44.000,19.000,-6.000,0.5034,0.8058,-0.2873,0.1212,3244.27,44.83,-8.77,62.37,58645.0,0,1.00,1.50,5
46805,1.459,0.854,-1.142,-2.747,4.700,94.666,-43.000,20.000,-5.000,0.5019,0.8007,-0.3001,0.1300,3245.13,44.62,-8.74,62.46,58631.0,0,1.00,1.50,5
46817,1.488,0.807,-1.138,-2.502,4.944,94.543,-45.000,18.000,-5.000,0.5003,0.7954,-0.3127,0.1388,3245.97,44.39,-8.73,62.55,58629.3,0,1.00,1.50,5
46861,1.514,0.757,-1.139,-2.380,5.005,94.360,-45.000,16.000,-5.000,0.4985,0.7899,-0.3253,0.1476,3246.86,44.23,-8.73,62.65,58610.4,0,1.00,1.50,5
46865,1.542,0.706,-1.132,-2.197,5.066,94.299,-46.000,13.000,-5.000,0.4965,0.7842,-0.3377,0.1563,3247.70,44.01,-8.71,62.74,58615.5,0,1.00,1.50,5
46877,1.565,0.659,-1.131,-2.014,5.188,94.116,-47.000,14.000,-5.000,0.4945,0.7783,-0.3500,0.1650,3248.62,43.88,-8.74,62.83,58590.6,0,1.00,1.50,5
46922,1.589,0.605,-1.128,-1.831,5.249,93.994,-46.000,12.000,-5.000,0.4922,0.7722,-0.3622,0.1737,3249.44,43.65,-8.73,62.93,58603.8,0,0.72,1.50,5
46925,1.611,0.554,-1.123,-1.648,5.249,93.872,-47.000,11.000,-6.000,0.4899,0.7660,-0.3743,0.1823,3250.36,43.52,-8.73,63.02,58578.1,0,1.00,1.50,5
46937,1.628,0.500,-1.115,-1.587,5.371,93.872,-48.000,11.000,-5.000,0.4873,0.7595,-0.3862,0.1909,3251.24,43.35,-8.68,63.12,58578.7,0,1.00,1.50,5
46981,1.646,0.448,-1.115,-1.343,5.432,93.689,-46.000,8.000,-4.000,0.4847,0.7529,-0.3980,0.1995,3252.11,43.18,-8.70,63.22,58573.6,0,1.00,1.50,5
46984,1.662,0.395,-1.108,-1.282,5.432,93.506,-47.000,7.000,-4.000,0.4819,0.7461,-0.4097,0.2080,3252.91,42.95,-8.69,63.32,58579.5,0,1.00,1.50,5
46997,1.677,0.342,-1.109,-0.977,5.554,93.445,-46.000,3.000,-5.000,0.4790,0.7391,-0.4213,0.2165,3253.80,42.81,-8.72,63.42,58556.5,0,1.00,1.50,5
47030,1.687,0.289,-1.104,-0.793,5.432,93.262,-48.000,3.000,-4.000,0.4759,0.7319,-0.4327,0.2249,3254.60,42.59,-8.70,63.52,58565.4,0,0.92,1.50,5
47037,1.702,0.231,-1.100,-0.610,5.493,93.201,-48.000,-1.000,-4.000,0.4727,0.7246,-0.4440,0.2333,3255.36,42.33,-8.72,63.62,58567.2,0,0.88,1.50,5
47057,1.710,0.177,-1.097,-0.549,5.737,93.079,-48.000,-1.000,-4.000,0.4693,0.7171,-0.4551,0.2416,3256.13,42.09,-8.71,63.72,58559.7,0,0.88,1.50,5
47100,1.716,0.121,-1.093,-0.366,5.676,92.895,-50.000,-2.000,-4.000,0.4659,0.7095,-0.4661,0.2499,3257.01,41.95,-8.70,63.83,58530.7,0,0.99,1.50,5
47104,1.719,0.065,-1.091,-0.183,5.737,92.834,-47.000,-5.000,-3.000,0.4623,0.7016,-0.4769,0.2581,3257.81,41.74,-8.69,63.93,58540.2,0,0.91,1.50,5
47118,1.722,0.010,-1.084,0.061,5.737,92.651,-47.000,-5.000,-4.000,0.4585,0.6937,-0.4876,0.2662,3258.63,41.55,-8.67,64.04,58529.9,0,0.93,1.50,5
47162,1.722,-0.045,-1.079,0.244,5.554,92.529,-46.000,-7.000,-4.000,0.4546,0.6855,-0.4981,0.2743,3259.51,41.43,-8.65,64.14,58511.2,0,0.98,1.50,5
47165,1.725,-0.103,-1.076,0.366,5.737,92.346,-47.000,-8.000,-5.000,0.4506,0.6773,-0.5085,0.2823,3260.33,41.25,-8.67,64.25,58516.5,0,0.92,1.50,5
47180,1.723,-0.158,-1.076,0.610,5.737,92.346,-47.000,-10.000,-4.000,0.4465,0.6688,-0.5187,0.2903,3261.12,41.05,-8.69,64.35,58514.4,0,0.90,1.50,5
47221,1.719,-0.215,-1.075,0.732,5.798,92.163,-47.000,-11.000,-4.000,0.4422,0.6603,-0.5288,0.2982,3261.90,40.83,-8.69,64.46,58512.8,0,0.88,1.50,5
47224,1.711,-0.268,-1.070,0.977,5.737,92.102,-45.000,-13.000,-4.000,0.4378,0.6515,-0.5387,0.3060,3262.71,40.66,-8.67,64.57,58497.1,0,0.92,1.50,5
47237,1.705,-0.325,-1.061,1.099,5.737,91.980,-44.000,-14.000,-4.000,0.4333,0.6427,-0.5485,0.3137,3263.52,40.48,-8.66,64.68,58491.7,0,0.91,1.50,5
47282,1.696,-0.381,-1.059,1.343,5.737,91.919,-46.000,-16.000,-4.000,0.4286,0.6337,-0.5581,0.3214,3264.29,40.27,-8.66,64.79,58494.6,0,0.87,1.50,5
47285,1.684,-0.434,-1.058,1.465,5.554,91.797,-44.000,-18.000,-4.000,0.4239,0.6245,-0.5675,0.3290,3265.07,40.07,-8.66,64.90,58485.8,0,0.88,1.50,5
47297,1.672,-0.489,-1.050,1.648,5.554,91.675,-44.000,-19.000,-2.000,0.4189,0.6153,-0.5768,0.3365,3265.85,39.88,-8.65,65.01,58478.1,0,0.88,1.50,5
47341,1.658,-0.543,-1.047,2.014,5.493,91.492,-44.000,-20.000,-4.000,0.4139,0.6059,-0.5859,0.3439,3266.69,39.75,-8.65,65.12,58460.8,0,0.94,1.50,5
47344,1.640,-0.595,-1.046,2.014,5.493,91.431,-43.000,-22.000,-2.000,0.4088,0.5964,-0.5948,0.3513,3267.52,39.61,-8.64,65.23,58455.2,0,0.93,1.50,5
47357,1.621,-0.649,-1.042,2.258,5.310,91.187,-42.000,-24.000,-3.000,0.4035,0.5868,-0.6036,0.3585,3268.33,39.46,-8.62,65.33,58453.0,0,0.91,1.50,5
47402,1.601,-0.701,-1.039,2.380,5.310,91.126,-40.000,-25.000,-2.000,0.3981,0.5771,-0.6122,0.3656,3269.13,39.30,-8.63,65.44,58449.9,0,0.89,1.50,5
47405,1.581,-0.752,-1.035,2.502,5.371,91.003,-41.000,-26.000,-2.000,0.3926,0.5673,-0.6206,0.3727,3269.89,39.10,-8.63,65.55,58449.9,0,0.86,1.50,5
47417,1.559,-0.801,-1.026,2.747,5.310,90.820,-41.000,-26.000,-4.000,0.3870,0.5573,-0.6289,0.3797,3270.64,38.90,-8.62,65.66,58446.4,0,0.85,1.50,5
47462,1.532,-0.854,-1.025,2.930,5.066,90.698,-41.000,-29.000,-2.000,0.3812,0.5473,-0.6370,0.3865,3271.45,38.76,-8.60,65.76,58428.6,0,0.90,1.50,5
47465,1.506,-0.900,-1.021,3.052,5.127,90.637,-38.000,-30.000,-2.000,0.3754,0.5371,-0.6449,0.3933,3272.12,38.49,-8.60,65.87,58448.6,0,0.77,1.50,5
47478,1.479,-0.950,-1.018,3.235,5.005,90.454,-38.000,-30.000,-2.000,0.3695,0.5269,-0.6526,0.4000,3272.84,38.28,-8.60,65.98,58433.8,0,0.82,1.50,5
47522,1.450,-0.999,-1.013,3.357,4.822,90.393,-36.000,-31.000,-1.000,0.3634,0.5165,-0.6602,0.4065,3273.59,38.09,-8.60,66.09,58422.1,0,0.84,1.50,5
47525,1.418,-1.044,-1.009,3.540,4.944,90.271,-35.000,-31.000,-2.000,0.3573,0.5061,-0.6676,0.4130,3274.36,37.93,-8.58,66.20,58410.7,0,0.87,1.50,5
47538,1.388,-1.089,-1.003,3.845,4.578,90.210,-34.000,-35.000,-3.000,0.3509,0.4956,-0.6748,0.4194,3275.12,37.76,-8.58,66.30,58408.6,0,0.84,1.50,5
47582,1.355,-1.134,-1.003,3.906,4.517,89.966,-32.000,-34.000,-2.000,0.3446,0.4850,-0.6818,0.4256,3275.83,37.54,-8.60,66.41,58412.0,0,0.80,1.50,5
47585,1.319,-1.177,-0.996,4.089,4.456,90.027,-31.000,-38.000,-2.000,0.3381,0.4743,-0.6887,0.4318,3276.57,37.37,-8.57,66.51,58398.2,0,0.83,1.50,5
47597,1.283,-1.217,-0.997,4.211,4.272,89.844,-29.000,-37.000,-2.000,0.3315,0.4636,-0.6954,0.4379,3277.29,37.18,-8.58,66.62,58396.8,0,0.81,1.50,5
47641,1.244,-1.259,-0.987,4.334,4.272,89.722,-30.000,-37.000,-2.000,0.3248,0.4527,-0.7019,0.4438,3278.02,36.99,-8.55,66.73,58391.2,0,0.81,1.50,5
47644,1.205,-1.301,-0.986,4.578,4.089,89.661,-29.000,-38.000,-1.000,0.3180,0.4418,-0.7082,0.4497,3278.75,36.81,-8.56,66.84,58382.2,0,0.82,1.50,5
47657,1.169,-1.338,-0.981,4.639,3.967,89.416,-28.000,-39.000,-2.000,0.3111,0.4308,-0.7143,0.4554,3279.48,36.64,-8.58,66.94,58377.4,0,0.82,1.50,5
47702,1.127,-1.376,-0.976,4.822,3.784,89.478,-28.000,-40.000,-1.000,0.3041,0.4198,-0.7203,0.4610,3280.15,36.40,-8.56,67.05,58384.8,0,0.75,1.50,5
47705,1.083,-1.411,-0.974,4.822,3.662,89.294,-25.000,-40.000,-1.000,0.2970,0.4086,-0.7260,0.4665,3280.88,36.24,-8.54,67.16,58364.3,0,0.82,1.50,5
47717,1.038,-1.446,-0.971,5.066,3.540,89.172,-24.000,-42.000,-2.000,0.2899,0.3975,-0.7316,0.4720,3281.65,36.11,-8.53,67.26,58353.3,0,0.85,1.50,5
47762,0.995,-1.480,-0.964,5.127,3.418,88.989,-22.000,-43.000,-1.000,0.2826,0.3862,-0.7370,0.4772,3282.32,35.90,-8.54,67.37,58365.3,0,0.76,1.50,5
47765,0.950,-1.513,-0.961,5.249,3.296,88.928,-22.000,-45.000,-1.000,0.2753,0.3749,-0.7422,0.4824,3283.02,35.71,-8.54,67.48,58354.7,0,0.78,1.50,5
47777,0.904,-1.543,-0.958,5.371,3.113,88.806,-19.000,-43.000,-2.000,0.2678,0.3636,-0.7473,0.4875,3283.77,35.57,-8.55,67.59,58339.4,0,0.83,1.50,5
47822,0.855,-1.574,-0.956,5.432,2.869,88.806,-18.000,-45.000,-2.000,0.2603,0.3522,-0.7521,0.4924,3284.50,35.42,-8.55,67.70,58335.4,0,0.81,1.50,5
47825,0.805,-1.598,-0.948,5.615,2.686,88.623,-17.000,-47.000,-1.000,0.2527,0.3407,-0.7568,0.4973,3285.21,35.26,-8.50,67.81,58335.2,0,0.79,1.50,5
47838,0.758,-1.624,-0.946,5.737,2.624,88.440,-14.000,-45.000,0.000,0.2450,0.3293,-0.7613,0.5020,3285.89,35.07,-8.51,67.92,58334.7,0,0.76,1.50,5
47882,0.708,-1.651,-0.945,5.798,2.319,88.440,-14.000,-46.000,0.000,0.2372,0.3177,-0.7656,0.5066,3286.60,34.90,-8.53,68.03,58324.6,0,0.78,1.50,5
47885,0.658,-1.672,-0.939,5.798,2.197,88.318,-11.000,-46.000,-1.000,0.2294,0.3061,-0.7697,0.5111,3287.31,34.74,-8.52,68.14,58317.6,0,0.79,1.50,5
47901,0.605,-1.693,-0.934,5.981,1.953,88.318,-11.000,-46.000,-1.000,0.2214,0.2945,-0.7736,0.5155,3287.99,34.56,-8.50,68.25,58317.0,0,0.76,1.50,5
47941,0.556,-1.712,-0.934,5.859,1.831,88.013,-9.000,-47.000,-1.000,0.2135,0.2829,-0.7774,0.5197,3288.65,34.36,-8.52,68.36,58317.0,0,0.73,1.50,5
47945,0.501,-1.732,-0.924,5.981,1.587,87.952,-10.000,-47.000,1.000,0.2054,0.2712,-0.7810,0.5238,3289.34,34.20,-8.50,68.47,58303.8,0,0.77,1.50,5
47957,0.450,-1.749,-0.923,6.226,1.648,87.891,-7.000,-47.000,1.000,0.1973,0.2595,-0.7843,0.5278,3290.06,34.06,-8.52,68.59,58294.2,0,0.79,1.50,5
48002,0.396,-1.764,-0.918,6.226,1.343,87.769,-6.000,-47.000,1.000,0.1891,0.2477,-0.7875,0.5317,3290.77,33.92,-8.51,68.71,58289.9,0,0.78,1.50,5
48005,0.341,-1.777,-0.911,6.287,1.160,87.708,-4.000,-48.000,-1.000,0.1808,0.2360,-0.7905,0.5354,3291.48,33.78,-8.48,68.82,58284.6,0,0.78,1.50,5
48017,0.288,-1.788,-0.911,6.287,0.916,87.524,-2.000,-46.000,1.000,0.1725,0.2242,-0.7934,0.5390,3292.12,33.58,-8.50,68.94,58292.0,0,0.71,1.50,5
48062,0.235,-1.799,-0.903,6.348,0.793,87.463,-1.000,-47.000,-1.000,0.1641,0.2124,-0.7960,0.5425,3292.80,33.42,-8.50,69.06,58278.2,0,0.75,1.50,5
48065,0.180,-1.805,-0.900,6.348,0.488,87.341,0.000,-47.000,1.000,0.1557,0.2006,-0.7984,0.5459,3293.43,33.21,-8.48,69.18,58284.0,0,0.70,1.50,5
48077,0.124,-1.813,-0.894,6.409,0.366,87.280,2.000,-47.000,1.000,0.1472,0.1887,-0.8007,0.5491,3294.09,33.05,-8.48,69.30,58270.6,0,0.74,1.50,5
48122,0.070,-1.816,-0.895,6.409,0.122,87.219,4.000,-48.000,1.000,0.1386,0.1769,-0.8028,0.5523,3294.71,32.83,-8.49,69.42,58276.0,0,0.68,1.50,5
48125,0.015,-1.819,-0.890,6.470,0.061,86.975,7.000,-48.000,-1.000,0.1301,0.1650,-0.8047,0.5552,3295.31,32.62,-8.48,69.54,58272.2,0,0.67,1.50,5
48137,-0.040,-1.821,-0.888,6.409,-0.244,86.914,7.000,-49.000,1.000,0.1214,0.1531,-0.8064,0.5581,3295.93,32.42,-8.49,69.66,58265.1,0,0.68,1.50,5
48182,-0.096,-1.821,-0.880,6.470,-0.366,86.792,8.000,-47.000,1.000,0.1128,0.1413,-0.8080,0.5608,3296.52,32.20,-8.47,69.78,58263.7,0,0.66,1.50,5
48185,-0.147,-1.819,-0.874,6.470,-0.488,86.731,10.000,-47.000,1.000,0.1041,0.1294,-0.8093,0.5634,3297.13,32.00,-8.47,69.91,58255.2,0,0.68,1.50,5
48197,-0.206,-1.814,-0.869,6.470,-0.855,86.609,11.000,-46.000,2.000,0.0953,0.1176,-0.8105,0.5658,3297.72,31.79,-8.44,70.03,58255.2,0,0.65,1.50,5
48242,-0.261,-1.810,-0.868,6.470,-0.916,86.548,12.000,-46.000,2.000,0.0865,0.1057,-0.8115,0.5682,3298.35,31.61,-8.45,70.16,58242.6,0,0.69,1.50,5
48245,-0.317,-1.803,-0.863,6.409,-1.343,86.426,14.000,-47.000,1.000,0.0776,0.0939,-0.8123,0.5703,3298.97,31.43,-8.45,70.28,58237.6,0,0.69,1.50,5
48258,-0.370,-1.797,-0.859,6.409,-1.404,86.304,16.000,-46.000,1.000,0.0687,0.0821,-0.8130,0.5724,3299.55,31.22,-8.47,70.41,58242.1,0,0.64,1.50,5
48302,-0.424,-1.785,-0.855,6.226,-1.648,86.304,16.000,-43.000,2.000,0.0598,0.0703,-0.8134,0.5743,3300.13,31.01,-8.46,70.54,58234.7,0,0.65,1.50,5
48305,-0.479,-1.773,-0.852,6.287,-1.770,86.182,19.000,-46.000,2.000,0.0508,0.0586,-0.8137,0.5761,3300.75,30.84,-8.46,70.66,58225.1,0,0.67,1.50,5
48317,-0.533,-1.759,-0.841,6.348,-1.953,86.121,18.000,-44.000,2.000,0.0419,0.0469,-0.8138,0.5777,3301.34,30.66,-8.42,70.79,58222.2,0,0.66,1.50,5
48362,-0.584,-1.745,-0.840,6.226,-2.136,85.876,19.000,-43.000,1.000,0.0329,0.0352,-0.8138,0.5792,3301.92,30.46,-8.43,70.92,58221.4,0,0.64,1.50,5
48365,-0.636,-1.728,-0.833,6.165,-2.502,85.815,20.000,-42.000,2.000,0.0240,0.0236,-0.8135,0.5805,3302.49,30.25,-8.42,71.04,58219.2,0,0.62,1.50,5
48377,-0.690,-1.710,-0.830,6.042,-2.563,85.815,22.000,-44.000,3.000,0.0151,0.0121,-0.8132,0.5817,3303.07,30.06,-8.42,71.17,58211.7,0,0.64,1.50,5
48422,-0.743,-1.688,-0.832,5.981,-2.808,85.632,24.000,-41.000,2.000,0.0062,0.0005,-0.8126,0.5827,3303.69,29.91,-8.41,71.29,58198.4,0,0.67,1.50,5
48425,-0.793,-1.670,-0.823,5.981,-3.052,85.571,26.000,-41.000,2.000,-0.0027,-0.0110,-0.8120,0.5836,3304.28,29.74,-8.43,71.41,58198.4,0,0.65,1.50,5
48437,-0.844,-1.645,-0.818,5.920,-2.991,85.510,27.000,-40.000,2.000,-0.0116,-0.0225,-0.8111,0.5844,3304.90,29.59,-8.39,71.53,58190.1,0,0.67,1.50,5
48482,-0.892,-1.620,-0.813,5.859,-3.113,85.449,28.000,-39.000,2.000,-0.0206,-0.0339,-0.8101,0.5850,3305.46,29.40,-8.37,71.66,58195.7,0,0.61,1.50,5
48485,-0.942,-1.596,-0.811,5.737,-3.479,85.266,28.000,-38.000,4.000,-0.0295,-0.0453,-0.8089,0.5855,3306.04,29.22,-8.39,71.78,58186.6,0,0.63,1.50,5
48497,-0.989,-1.568,-0.805,5.676,-3.601,85.083,29.000,-37.000,4.000,-0.0384,-0.0567,-0.8075,0.5858,3306.64,29.07,-8.38,71.90,58178.4,0,0.65,1.50,5
48542,-1.036,-1.539,-0.801,5.493,-3.784,85.083,32.000,-37.000,4.000,-0.0474,-0.0680,-0.8060,0.5860,3307.23,28.91,-8.36,72.02,58175.2,0,0.64,1.50,5
48545,-1.081,-1.510,-0.798,5.371,-3.906,85.022,34.000,-36.000,2.000,-0.0563,-0.0793,-0.8044,0.5861,3307.82,28.77,-8.37,72.14,58168.5,0,0.65,1.50,5
48557,-1.129,-1.479,-0.792,5.188,-4.089,84.900,34.000,-34.000,3.000,-0.0653,-0.0906,-0.8026,0.5860,3308.37,28.57,-8.37,72.26,58173.9,0,0.60,1.50,5
48602,-1.172,-1.447,-0.786,5.188,-4.395,84.717,34.000,-34.000,2.000,-0.0743,-0.1018,-0.8006,0.5858,3308.91,28.37,-8.36,72.38,58171.7,0,0.58,1.50,5
48605,-1.218,-1.412,-0.782,5.066,-4.517,84.717,37.000,-33.000,4.000,-0.0833,-0.1129,-0.7985,0.5854,3309.45,28.18,-8.35,72.50,58165.9,0,0.59,1.50,5
48617,-1.252,-1.376,-0.778,4.883,-4.578,84.595,35.000,-32.000,4.000,-0.0922,-0.1240,-0.7962,0.5849,3309.97,27.98,-8.32,72.62,58165.3,0,0.57,1.50,5
48676,-1.298,-1.340,-0.774,4.761,-4.700,84.595,37.000,-31.000,4.000,-0.1012,-0.1351,-0.7938,0.5843,3310.52,27.80,-8.34,72.74,58154.9,0,0.60,1.50,5
48679,-1.339,-1.303,-0.771,4.761,-5.005,84.412,38.000,-29.000,5.000,-0.1102,-0.1461,-0.7912,0.5836,3311.02,27.59,-8.34,72.87,58159.2,0,0.55,1.50,5
48682,-1.375,-1.264,-0.766,4.578,-5.127,84.290,40.000,-29.000,4.000,-0.1192,-0.1570,-0.7884,0.5827,3311.57,27.42,-8.32,72.99,58146.1,0,0.59,1.50,5
48722,-1.413,-1.224,-0.763,4.395,-5.310,84.351,40.000,-27.000,4.000,-0.1281,-0.1679,-0.7855,0.5816,3312.03,27.17,-8.31,73.11,58159.8,0,0.50,1.50,5
48725,-1.449,-1.182,-0.756,4.272,-5.371,84.167,40.000,-26.000,5.000,-0.1371,-0.1788,-0.7825,0.5805,3312.53,26.98,-8.29,73.23,58145.6,0,0.55,1.50,5
48738,-1.488,-1.141,-0.753,4.150,-5.554,84.106,43.000,-25.000,4.000,-0.1461,-0.1895,-0.7793,0.5792,3313.06,26.80,-8.32,73.36,58137.4,0,0.57,1.50,5
48782,-1.520,-1.096,-0.749,3.967,-5.554,83.862,40.000,-24.000,5.000,-0.1550,-0.2002,-0.7760,0.5777,3313.52,26.56,-8.28,73.48,58145.9,0,0.50,1.50,5
48785,-1.555,-1.052,-0.742,3.845,-5.859,83.862,41.000,-24.000,4.000,-0.1639,-0.2109,-0.7725,0.5762,3314.00,26.35,-8.28,73.60,58138.6,0,0.52,1.50,5
48797,-1.586,-1.009,-0.735,3.662,-5.859,83.801,43.000,-20.000,5.000,-0.1728,-0.2215,-0.7688,0.5745,3314.53,26.19,-8.29,73.72,58123.4,0,0.57,1.50,5
48842,-1.616,-0.964,-0.730,3.601,-5.981,83.740,43.000,-19.000,5.000,-0.1817,-0.2320,-0.7650,0.5726,3315.05,26.02,-8.29,73.85,58121.4,0,0.56,1.50,5
48845,-1.644,-0.917,-0.728,3.296,-6.042,83.679,43.000,-19.000,4.000,-0.1905,-0.2424,-0.7611,0.5706,3315.61,25.90,-8.27,73.97,58108.0,0,0.60,1.50,5
48858,-1.672,-0.868,-0.721,3.052,-6.165,83.496,45.000,-17.000,4.000,-0.1994,-0.2528,-0.7571,0.5685,3316.07,25.68,-8.26,74.09,58124.3,0,0.50,1.50,5
48902,-1.697,-0.819,-0.719,2.991,-6.226,83.496,45.000,-16.000,4.000,-0.2082,-0.2631,-0.7529,0.5662,3316.57,25.50,-8.26,74.21,58113.3,0,0.53,1.50,5
48905,-1.725,-0.772,-0.713,2.808,-6.348,83.374,44.000,-15.000,6.000,-0.2170,-0.2733,-0.7485,0.5638,3317.07,25.33,-8.28,74.34,58108.3,0,0.53,1.50,5
48918,-1.748,-0.722,-0.709,2.563,-6.531,83.313,47.000,-13.000,7.000,-0.2258,-0.2835,-0.7440,0.5613,3317.57,25.16,-8.28,74.46,58102.9,0,0.54,1.50,5
48962,-1.766,-0.670,-0.706,2.502,-6.653,83.252,46.000,-12.000,5.000,-0.2345,-0.2935,-0.7394,0.5587,3318.06,24.98,-8.24,74.59,58102.4,0,0.52,1.50,5
48965,-1.786,-0.621,-0.700,2.197,-6.592,83.252,45.000,-10.000,5.000,-0.2433,-0.3036,-0.7347,0.5558,3318.51,24.77,-8.25,74.71,58104.3,0,0.49,1.50,5
48977,-1.806,-0.569,-0.693,2.075,-6.714,83.069,46.000,-9.000,5.000,-0.2519,-0.3135,-0.7298,0.5529,3318.95,24.56,-8.25,74.83,58102.4,0,0.48,1.50,5
49022,-1.823,-0.514,-0.688,1.831,-6.897,83.008,47.000,-7.000,7.000,-0.2606,-0.3233,-0.7247,0.5498,3319.49,24.44,-8.22,74.96,58080.8,0,0.56,1.50,5
49025,-1.841,-0.462,-0.684,1.709,-6.836,82.886,49.000,-6.000,7.000,-0.2692,-0.3330,-0.7196,0.5466,3319.90,24.21,-8.25,75.08,58099.4,0,0.45,1.50,5
49037,-1.852,-0.410,-0.678,1.465,-6.958,82.764,47.000,-4.000,6.000,-0.2778,-0.3427,-0.7143,0.5433,3320.38,24.04,-8.21,75.21,58084.5,0,0.50,1.50,5
49082,-1.862,-0.356,-0.672,1.282,-6.897,82.825,48.000,-3.000,5.000,-0.2863,-0.3523,-0.7089,0.5398,3320.82,23.84,-8.19,75.33,58086.9,0,0.47,1.50,5
49085,-1.876,-0.302,-0.666,0.977,-6.958,82.642,47.000,-2.000,7.000,-0.2948,-0.3617,-0.7034,0.5362,3321.30,23.68,-8.21,75.45,58075.2,0,0.51,1.50,5
49098,-1.887,-0.250,-0.666,0.855,-7.080,82.520,47.000,-1.000,7.000,-0.3032,-0.3711,-0.6977,0.5325,3321.70,23.45,-8.23,75.58,58085.9,0,0.43,1.50,5
49142,-1.893,-0.197,-0.663,0.671,-6.958,82.397,49.000,1.000,7.000,-0.3116,-0.3804,-0.6920,0.5286,3322.14,23.26,-8.22,75.70,58075.8,0,0.46,1.50,5
49145,-1.902,-0.139,-0.655,0.549,-7.141,82.397,48.000,1.000,7.000,-0.3199,-0.3896,-0.6861,0.5246,3322.60,23.09,-8.22,75.83,58067.5,0,0.48,1.50,5
49158,-1.904,-0.087,-0.649,0.305,-7.080,82.214,47.000,3.000,7.000,-0.3282,-0.3986,-0.6800,0.5205,3323.06,22.92,-8.21,75.95,58064.0,0,0.48,1.50,5
49202,-1.909,-0.031,-0.645,0.061,-7.141,82.336,47.000,6.000,7.000,-0.3364,-0.4076,-0.6739,0.5163,3323.45,22.70,-8.21,76.08,58071.5,0,0.42,1.50,5
49205,-1.909,0.024,-0.642,-0.122,-7.141,82.092,46.000,7.000,7.000,-0.3445,-0.4165,-0.6677,0.5119,3323.91,22.54,-8.20,76.20,58057.3,0,0.47,1.50,5
49218,-1.908,0.080,-0.638,-0.305,-7.080,82.092,47.000,7.000,8.000,-0.3526,-0.4253,-0.6613,0.5074,3324.38,22.40,-8.18,76.33,58049.8,0,0.49,1.50,5
49261,-1.907,0.134,-0.631,-0.549,-7.080,82.092,46.000,9.000,7.000,-0.3606,-0.4340,-0.6549,0.5028,3324.79,22.20,-8.18,76.45,58056.8,0,0.44,1.50,5
49264,-1.905,0.188,-0.625,-0.732,-7.141,81.909,47.000,8.000,10.000,-0.3686,-0.4425,-0.6483,0.4980,3325.20,22.00,-8.19,76.57,58055.5,0,0.42,1.50,5
49277,-1.900,0.241,-0.619,-0.855,-6.958,81.909,46.000,10.000,8.000,-0.3764,-0.4510,-0.6416,0.4932,3325.56,21.77,-8.19,76.70,58060.2,0,0.38,1.50,5
49322,-1.894,0.297,-0.619,-1.160,-7.141,81.848,46.000,13.000,8.000,-0.3843,-0.4593,-0.6348,0.4882,3325.94,21.55,-8.19,76.82,58053.8,0,0.40,1.50,5
49325,-1.885,0.350,-0.612,-1.343,-7.080,81.726,44.000,14.000,8.000,-0.3920,-0.4675,-0.6280,0.4831,3326.34,21.37,-8.17,76.94,58044.0,0,0.43,1.50,5
49337,-1.876,0.402,-0.609,-1.587,-7.080,81.604,46.000,16.000,8.000,-0.3996,-0.4756,-0.6210,0.4779,3326.75,21.19,-8.19,77.07,58040.6,0,0.42,1.50,5
49382,-1.865,0.456,-0.604,-1.770,-6.958,81.665,46.000,16.000,8.000,-0.4072,-0.4836,-0.6139,0.4726,3327.17,21.02,-8.17,77.19,58034.6,0,0.43,1.50,5
49388,-1.853,0.511,-0.603,-2.014,-6.897,81.543,45.000,18.000,8.000,-0.4147,-0.4915,-0.6068,0.4671,3327.58,20.85,-8.18,77.32,58032.6,0,0.42,1.50,5
49398,-1.839,0.563,-0.594,-2.136,-6.958,81.421,43.000,19.000,8.000,-0.4222,-0.4993,-0.5995,0.4616,3327.99,20.68,-8.18,77.44,58028.6,0,0.43,1.50,5
49442,-1.823,0.614,-0.588,-2.319,-7.019,81.421,44.000,20.000,7.000,-0.4295,-0.5070,-0.5921,0.4559,3328.35,20.47,-8.17,77.57,58035.5,0,0.37,1.50,5
49445,-1.807,0.668,-0.583,-2.563,-6.775,81.360,41.000,22.000,9.000,-0.4368,-0.5145,-0.5847,0.4501,3328.73,20.28,-8.16,77.69,58028.0,0,0.39,1.50,5
49457,-1.788,0.720,-0.580,-2.747,-6.775,81.299,41.000,22.000,9.000,-0.4440,-0.5219,-0.5772,0.4443,3329.06,20.04,-8.16,77.82,58035.0,0,0.34,1.50,5
49502,-1.769,0.770,-0.572,-2.991,-6.592,81.055,40.000,25.000,9.000,-0.4511,-0.5292,-0.5695,0.4382,3329.45,19.87,-8.16,77.94,58019.0,0,0.40,1.50,5
49505,-1.746,0.817,-0.565,-3.113,-6.409,81.116,40.000,25.000,9.000,-0.4581,-0.5364,-0.5619,0.4321,3329.79,19.66,-8.14,78.06,58025.3,0,0.35,1.50,5
49517,-1.723,0.869,-0.564,-3.357,-6.470,80.933,40.000,26.000,9.000,-0.4650,-0.5435,-0.5541,0.4259,3330.15,19.47,-8.14,78.18,58018.7,0,0.37,1.50,5
49562,-1.698,0.919,-0.555,-3.479,-6.470,80.994,38.000,28.000,8.000,-0.4718,-0.5505,-0.5462,0.4196,3330.44,19.22,-8.12,78.31,58028.8,0,0.30,1.50,5
49565,-1.672,0.965,-0.547,-3.723,-6.409,80.933,38.000,28.000,9.000,-0.4786,-0.5573,-0.5382,0.4132,3330.78,19.01,-8.11,78.43,58017.0,0,0.34,1.50,5
49577,-1.646,1.015,-0.549,-3.845,-6.226,80.872,37.000,29.000,8.000,-0.4852,-0.5640,-0.5302,0.4066,3331.16,18.85,-8.13,78.56,58004.3,0,0.39,1.50,5
49622,-1.620,1.058,-0.542,-4.089,-6.103,80.750,37.000,30.000,10.000,-0.4918,-0.5706,-0.5221,0.4000,3331.46,18.62,-8.14,78.68,58017.3,0,0.31,1.50,5
49625,-1.589,1.106,-0.537,-4.150,-6.042,80.688,36.000,29.000,11.000,-0.4983,-0.5770,-0.5139,0.3933,3331.81,18.44,-8.12,78.80,58004.2,0,0.36,1.50,5
49638,-1.557,1.151,-0.530,-4.395,-5.981,80.688,35.000,32.000,11.000,-0.5046,-0.5834,-0.5057,0.3864,3332.13,18.24,-8.10,78.93,58007.2,0,0.33,1.50,5
49681,-1.528,1.194,-0.529,-4.639,-5.798,80.444,34.000,31.000,9.000,-0.5109,-0.5896,-0.4973,0.3795,3332.50,18.07,-8.13,79.05,57995.7,0,0.36,1.50,5
49684,-1.492,1.239,-0.520,-4.761,-5.615,80.444,32.000,34.000,10.000,-0.5171,-0.5956,-0.4890,0.3725,3332.84,17.89,-8.10,79.18,57997.1,0,0.34,1.50,5
49697,-1.458,1.280,-0.517,-4.883,-5.493,80.383,32.000,35.000,10.000,-0.5231,-0.6016,-0.4805,0.3654,3333.19,17.72,-8.11,79.30,57992.3,0,0.35,1.50,5
49742,-1.424,1.322,-0.511,-5.005,-5.249,80.444,31.000,36.000,10.000,-0.5291,-0.6075,-0.4720,0.3581,3333.50,17.53,-8.11,79.42,57995.8,0,0.32,1.50,5
49745,-1.384,1.363,-0.505,-5.249,-5.371,80.261,29.000,37.000,11.000,-0.5350,-0.6131,-0.4634,0.3508,3333.84,17.35,-8.09,79.55,57988.8,0,0.33,1.50,5
49757,-1.347,1.400,-0.500,-5.310,-5.188,80.200,28.000,37.000,10.000,-0.5408,-0.6187,-0.4548,0.3434,3334.18,17.19,-8.08,79.67,57984.6,0,0.34,1.50,5
49802,-1.307,1.438,-0.497,-5.493,-4.883,80.261,26.000,38.000,11.000,-0.5464,-0.6241,-0.4461,0.3359,3334.49,17.00,-8.07,79.80,57986.1,0,0.32,1.50,5
49805,-1.270,1.475,-0.489,-5.676,-4.761,80.078,27.000,40.000,11.000,-0.5520,-0.6295,-0.4374,0.3284,3334.78,16.79,-8.09,79.92,57989.1,0,0.29,1.50,5
49817,-1.228,1.510,-0.484,-5.737,-4.578,80.017,25.000,40.000,11.000,-0.5574,-0.6346,-0.4286,0.3207,3335.06,16.58,-8.08,80.04,57988.0,0,0.28,1.50,5
49862,-1.185,1.546,-0.480,-6.042,-4.517,80.017,25.000,41.000,10.000,-0.5628,-0.6397,-0.4197,0.3129,3335.41,16.43,-8.07,80.17,57971.7,0,0.34,1.50,5
49865,-1.142,1.578,-0.475,-6.103,-4.334,79.956,23.000,41.000,12.000,-0.5680,-0.6446,-0.4108,0.3051,3335.70,16.24,-8.06,80.30,57979.8,0,0.29,1.50,5
49877,-1.098,1.611,-0.472,-6.287,-4.150,80.017,22.000,43.000,10.000,-0.5731,-0.6494,-0.4019,0.2972,3335.95,16.01,-8.07,80.42,57984.5,0,0.25,1.50,5
49922,-1.056,1.639,-0.464,-6.287,-4.150,79.956,20.000,42.000,10.000,-0.5782,-0.6540,-0.3928,0.2892,3336.21,15.80,-8.06,80.55,57979.2,0,0.26,1.50,5
49925,-1.007,1.673,-0.461,-6.409,-3.845,79.773,18.000,43.000,11.000,-0.5831,-0.6586,-0.3838,0.2811,3336.52,15.63,-8.07,80.68,57969.1,0,0.29,1.50,5
49937,-0.963,1.701,-0.451,-6.531,-3.723,79.834,17.000,41.000,13.000,-0.5879,-0.6629,-0.3747,0.2730,3336.78,15.43,-8.07,80.81,57973.3,0,0.26,1.50,5
49982,-0.916,1.728,-0.450,-6.592,-3.418,79.651,16.000,43.000,12.000,-0.5926,-0.6672,-0.3656,0.2648,3337.03,15.21,-8.07,80.93,57974.6,0,0.24,1.50,5
49985,-0.868,1.752,-0.448,-6.775,-3.357,79.529,16.000,44.000,12.000,-0.5971,-0.6713,-0.3564,0.2565,3337.30,15.01,-8.06,81.06,57968.6,0,0.25,1.50,5
49998,-0.820,1.777,-0.440,-6.897,-3.174,79.651,13.000,44.000,11.000,-0.6016,-0.6753,-0.3472,0.2481,3337.56,14.82,-8.07,81.20,57965.6,0,0.25,1.50,5
50042,-0.771,1.797,-0.436,-6.958,-2.991,79.529,14.000,45.000,13.000,-0.6059,-0.6791,-0.3379,0.2397,3337.85,14.66,-8.05,81.33,57958.1,0,0.28,1.50,5
50045,-0.718,1.823,-0.430,-7.019,-2.808,79.407,13.000,44.000,13.000,-0.6101,-0.6828,-0.3287,0.2312,3338.14,14.49,-8.05,81.46,57956.3,0,0.27,1.50,5
50057,-0.670,1.842,-0.424,-7.080,-2.563,79.468,10.000,45.000,13.000,-0.6142,-0.6864,-0.3193,0.2226,3338.38,14.29,-8.05,81.59,57962.7,0,0.23,1.50,5
50102,-0.617,1.859,-0.418,-7.141,-2.319,79.407,10.000,44.000,13.000,-0.6182,-0.6899,-0.3100,0.2140,3338.67,14.13,-8.02,81.72,57949.8,0,0.28,1.50,5
50105,-0.561,1.877,-0.410,-7.141,-2.258,79.285,9.000,45.000,13.000,-0.6221,-0.6932,-0.3006,0.2053,3338.93,13.95,-7.99,81.85,57954.1,0,0.24,1.50,5
50120,-0.515,1.891,-0.404,-7.324,-1.892,79.285,8.000,46.000,13.000,-0.6258,-0.6964,-0.2912,0.1966,3339.18,13.77,-8.01,81.98,57953.4,0,0.23,1.50,5
50161,-0.461,1.906,-0.405,-7.385,-1.709,79.224,5.000,45.000,14.000,-0.6294,-0.6994,-0.2818,0.1878,3339.45,13.60,-8.01,82.12,57946.9,0,0.25,1.50,5
50164,-0.407,1.921,-0.394,-7.385,-1.648,79.163,3.000,45.000,14.000,-0.6329,-0.7023,-0.2723,0.1789,3339.68,13.40,-8.01,82.25,57952.2,0,0.21,1.50,5
50177,-0.356,1.932,-0.394,-7.507,-1.404,79.040,3.000,46.000,13.000,-0.6363,-0.7051,-0.2629,0.1700,3339.95,13.25,-8.02,82.39,57940.5,0,0.26,1.50,5
50222,-0.303,1.942,-0.388,-7.507,-1.221,79.040,2.000,45.000,14.000,-0.6396,-0.7077,-0.2534,0.1610,3340.16,13.04,-8.01,82.53,57950.9,0,0.19,1.50,5
50225,-0.248,1.948,-0.380,-7.568,-0.977,78.979,0.000,46.000,13.000,-0.6427,-0.7102,-0.2439,0.1520,3340.37,12.83,-7.98,82.66,57950.2,0,0.18,1.50,5
50237,-0.193,1.957,-0.374,-7.507,-0.855,78.979,-1.000,46.000,13.000,-0.6457,-0.7126,-0.2343,0.1430,3340.62,12.67,-7.99,82.80,57937.3,0,0.23,1.50,5
50282,-0.141,1.961,-0.373,-7.690,-0.488,78.857,-2.000,44.000,14.000,-0.6486,-0.7148,-0.2248,0.1338,3340.86,12.50,-7.98,82.94,57937.9,0,0.22,1.50,5
50285,-0.086,1.966,-0.365,-7.629,-0.366,78.796,-3.000,45.000,13.000,-0.6513,-0.7169,-0.2152,0.1247,3341.11,12.34,-7.99,83.08,57934.2,0,0.22,1.50,5
50297,-0.034,1.971,-0.358,-7.690,-0.122,78.796,-5.000,46.000,14.000,-0.6539,-0.7188,-0.2057,0.1155,3341.38,12.21,-8.00,83.22,57927.2,0,0.24,1.50,5
50341,0.019,1.968,-0.354,-7.629,0.122,78.613,-7.000,46.000,13.000,-0.6564,-0.7207,-0.1961,0.1062,3341.61,12.04,-7.98,83.36,57932.5,0,0.21,1.50,5
50344,0.075,1.968,-0.351,-7.629,0.366,78.674,-8.000,46.000,14.000,-0.6588,-0.7224,-0.1866,0.0969,3341.84,11.87,-7.97,83.50,57930.7,0,0.20,1.50,5
50357,0.127,1.966,-0.342,-7.568,0.488,78.613,-9.000,47.000,14.000,-0.6610,-0.7239,-0.1770,0.0876,3342.04,11.68,-7.97,83.64,57933.8,0,0.18,1.50,5
50401,0.184,1.962,-0.336,-7.629,0.671,78.491,-8.000,44.000,14.000,-0.6631,-0.7254,-0.1674,0.0783,3342.25,11.49,-7.95,83.78,57930.6,0,0.18,1.50,5
50404,0.235,1.957,-0.334,-7.629,0.977,78.430,-11.000,45.000,15.000,-0.6651,-0.7267,-0.1578,0.0689,3342.38,11.24,-7.96,83.92,57944.5,0,0.10,1.50,5
50417,0.291,1.952,-0.325,-7.507,1.160,78.552,-11.000,42.000,14.000,-0.6669,-0.7278,-0.1482,0.0594,3342.57,11.05,-7.95,84.06,57929.4,0,0.16,1.50,5
50460,0.344,1.944,-0.320,-7.507,1.221,78.430,-13.000,43.000,14.000,-0.6686,-0.7289,-0.1387,0.0500,3342.76,10.86,-7.95,84.21,57928.5,0,0.16,1.50,5
50464,0.399,1.935,-0.313,-7.568,1.526,78.430,-14.000,42.000,14.000,-0.6702,-0.7297,-0.1291,0.0405,3342.93,10.66,-7.95,84.35,57929.8,0,0.14,1.50,5
50477,0.451,1.921,-0.308,-7.507,1.892,78.308,-16.000,43.000,15.000,-0.6716,-0.7305,-0.1196,0.0310,3343.11,10.48,-7.92,84.50,57924.2,0,0.16,1.50,5
50520,0.503,1.910,-0.305,-7.446,1.953,78.308,-16.000,41.000,15.000,-0.6730,-0.7311,-0.1101,0.0214,3343.30,10.30,-7.93,84.65,57923.0,0,0.15,1.50,5
50524,0.553,1.899,-0.301,-7.385,2.197,78.308,-17.000,44.000,14.000,-0.6741,-0.7316,-0.1006,0.0118,3343.44,10.08,-7.96,84.79,57930.2,0,0.10,1.50,5
50537,0.607,1.881,-0.295,-7.385,2.380,78.247,-21.000,42.000,16.000,-0.6752,-0.7320,-0.0911,0.0022,3343.59,9.88,-7.93,84.94,57924.2,0,0.12,1.50,5
50580,0.658,1.866,-0.289,-7.324,2.624,78.186,-20.000,40.000,14.000,-0.6761,-0.7322,-0.0817,-0.0074,3343.75,9.68,-7.94,85.09,57923.4,0,0.12,1.50,5
50584,0.710,1.846,-0.284,-7.141,2.869,78.247,-22.000,39.000,16.000,-0.6769,-0.7323,-0.0724,-0.0171,3343.91,9.49,-7.91,85.24,57920.3,0,0.12,1.50,5
50597,0.758,1.825,-0.275,-7.141,3.052,78.125,-23.000,40.000,17.000,-0.6775,-0.7323,-0.0631,-0.0268,3344.09,9.33,-7.89,85.39,57913.3,0,0.15,1.50,5
50640,0.811,1.806,-0.272,-7.080,3.113,78.064,-23.000,40.000,16.000,-0.6781,-0.7321,-0.0538,-0.0364,3344.27,9.16,-7.90,85.54,57913.6,0,0.14,1.50,5
50644,0.857,1.788,-0.264,-7.019,3.357,78.125,-25.000,38.000,16.000,-0.6784,-0.7319,-0.0446,-0.0461,3344.39,8.95,-7.93,85.68,57920.8,0,0.09,1.50,5
50657,0.910,1.759,-0.263,-6.897,3.662,78.064,-26.000,37.000,16.000,-0.6786,-0.7315,-0.0354,-0.0558,3344.51,8.74,-7.88,85.83,57921.9,0,0.08,1.50,5
50700,0.951,1.735,-0.256,-6.714,3.723,78.064,-26.000,35.000,16.000,-0.6787,-0.7311,-0.0263,-0.0655,3344.64,8.54,-7.87,85.97,57917.1,0,0.09,1.50,5
50704,1.000,1.707,-0.253,-6.592,3.967,77.942,-26.000,37.000,16.000,-0.6786,-0.7305,-0.0172,-0.0751,3344.78,8.35,-7.85,86.11,57913.4,0,0.10,1.50,5
50717,1.046,1.681,-0.247,-6.531,4.028,77.881,-29.000,34.000,16.000,-0.6783,-0.7298,-0.0081,-0.0848,3344.92,8.18,-7.85,86.25,57910.2,0,0.11,1.50,5
50760,1.096,1.651,-0.239,-6.409,4.456,77.820,-29.000,34.000,16.000,-0.6779,-0.7290,0.0010,-0.0945,3345.07,8.01,-7.84,86.39,57909.1,0,0.10,1.50,5
50764,1.140,1.624,-0.236,-6.409,4.517,77.759,-28.000,34.000,17.000,-0.6774,-0.7281,0.0100,-0.1042,3345.22,7.84,-7.85,86.53,57906.6,0,0.10,1.50,5
50777,1.182,1.591,-0.231,-6.287,4.700,77.881,-31.000,32.000,17.000,-0.6768,-0.7271,0.0191,-0.1139,3345.29,7.61,-7.83,86.68,57919.4,0,0.03,1.50,5
50820,1.226,1.559,-0.227,-6.042,4.761,77.820,-31.000,31.000,17.000,-0.6759,-0.7260,0.0281,-0.1237,3345.37,7.39,-7.83,86.81,57916.3,0,0.04,1.50,5
50824,1.266,1.524,-0.221,-5.981,5.066,77.759,-32.000,31.000,18.000,-0.6750,-0.7247,0.0371,-0.1334,3345.49,7.21,-7.81,86.95,57907.7,0,0.07,1.50,5
50837,1.309,1.491,-0.215,-5.920,5.066,77.759,-33.000,29.000,17.000,-0.6739,-0.7234,0.0461,-0.1431,3345.61,7.03,-7.82,87.09,57906.7,0,0.07,1.50,5
50880,1.351,1.454,-0.205,-5.676,5.249,77.576,-34.000,29.000,17.000,-0.6726,-0.7219,0.0551,-0.1528,3345.71,6.84,-7.80,87.23,57908.8,0,0.05,1.50,5
50887,1.388,1.417,-0.203,-5.676,5.371,77.637,-34.000,28.000,17.000,-0.6713,-0.7203,0.0641,-0.1625,3345.84,6.67,-7.80,87.36,57901.4,0,0.08,1.50,5
50897,1.428,1.381,-0.197,-5.371,5.554,77.637,-35.000,27.000,17.000,-0.6697,-0.7187,0.0730,-0.1722,3345.93,6.48,-7.81,87.50,57907.4,0,0.04,1.50,5
50940,1.462,1.341,-0.189,-5.249,5.737,77.515,-36.000,26.000,17.000,-0.6680,-0.7169,0.0820,-0.1819,3346.00,6.27,-7.79,87.64,57910.1,0,0.02,1.50,5
50944,1.500,1.300,-0.187,-4.944,5.859,77.576,-36.000,25.000,19.000,-0.6662,-0.7150,0.0909,-0.1916,3346.10,6.10,-7.78,87.77,57901.9,0,0.05,1.50,5
50957,1.535,1.260,-0.180,-5.066,6.042,77.515,-37.000,23.000,17.000,-0.6643,-0.7130,0.0998,-0.2012,3346.20,5.92,-7.78,87.91,57901.6,0,0.05,1.50,5
51000,1.566,1.220,-0.173,-4.761,6.103,77.454,-40.000,22.000,17.000,-0.6622,-0.7108,0.1086,-0.2109,3346.28,5.72,-7.78,88.04,57905.4,0,0.02,1.50,5
51004,1.601,1.175,-0.168,-4.639,6.226,77.515,-39.000,23.000,17.000,-0.6599,-0.7086,0.1175,-0.2205,3346.34,5.53,-7.77,88.18,57905.4,0,0.01,1.50,5
51017,1.632,1.133,-0.161,-4.395,6.409,77.393,-41.000,20.000,17.000,-0.6576,-0.7062,0.1263,-0.2300,3346.48,5.39,-7.77,88.31,57891.2,0,0.08,1.50,5
51060,1.662,1.087,-0.158,-4.150,6.592,77.576,-41.000,19.000,18.000,-0.6550,-0.7038,0.1350,-0.2396,3346.56,5.22,-7.76,88.45,57899.2,0,0.03,1.50,5
51064,1.691,1.042,-0.152,-4.150,6.775,77.454,-41.000,18.000,17.000,-0.6524,-0.7012,0.1437,-0.2492,3346.64,5.04,-7.75,88.59,57899.7,0,0.02,1.50,5
51077,1.721,0.997,-0.150,-3.906,6.775,77.393,-40.000,17.000,17.000,-0.6496,-0.6985,0.1524,-0.2587,3346.74,4.88,-7.77,88.72,57893.9,0,0.04,1.50,5
51120,1.745,0.950,-0.143,-3.723,6.958,77.271,-40.000,17.000,19.000,-0.6467,-0.6957,0.1610,-0.2681,3346.86,4.75,-7.75,88.86,57888.3,0,0.06,1.50,5
51124,1.772,0.902,-0.136,-3.601,7.080,77.271,-41.000,14.000,19.000,-0.6436,-0.6928,0.1696,-0.2776,3346.93,4.57,-7.75,89.00,57896.5,0,0.01,1.50,5
51137,1.795,0.853,-0.128,-3.296,7.141,77.271,-43.000,16.000,20.000,-0.6404,-0.6898,0.1781,-0.2869,3346.90,4.31,-7.73,89.14,57915.2,0,0.00,1.50,5
51180,1.819,0.807,-0.125,-3.174,7.202,77.271,-42.000,14.000,19.000,-0.6371,-0.6867,0.1866,-0.2963,3346.92,4.10,-7.75,89.28,57904.0,0,0.00,1.50,5
51184,1.840,0.757,-0.118,-2.991,7.324,77.148,-41.000,11.000,19.000,-0.6336,-0.6834,0.1950,-0.3056,3346.97,3.91,-7.75,89.41,57897.9,0,0.00,1.50,5
51197,1.859,0.706,-0.113,-2.747,7.263,77.271,-42.000,11.000,19.000,-0.6300,-0.6801,0.2034,-0.3149,3347.10,3.80,-7.73,89.55,57882.1,0,0.06,1.50,5
51240,1.880,0.656,-0.106,-2.686,7.446,77.087,-44.000,9.000,19.000,-0.6263,-0.6767,0.2117,-0.3241,3347.09,3.57,-7.74,89.69,57907.8,0,0.00,1.50,5
51244,1.895,0.606,-0.103,-2.319,7.446,77.087,-44.000,9.000,20.000,-0.6225,-0.6732,0.2200,-0.3332,3347.14,3.40,-7.73,89.83,57894.1,0,0.00,1.50,5
51257,1.911,0.554,-0.101,-2.075,7.629,77.148,-44.000,7.000,19.000,-0.6185,-0.6695,0.2282,-0.3423,3347.17,3.21,-7.73,89.96,57897.1,0,0.00,1.50,5
51300,1.927,0.502,-0.091,-1.953,7.690,77.148,-44.000,6.000,19.000,-0.6143,-0.6658,0.2363,-0.3514,3347.28,3.10,-7.73,90.10,57881.9,0,0.04,0.00,5
51304,1.941,0.451,-0.086,-1.770,7.568,77.087,-41.000,4.000,19.000,-0.6101,-0.6620,0.2444,-0.3604,3347.24,2.85,-7.74,90.24,57909.0,0,0.00,0.00,5
51317,1.951,0.397,-0.081,-1.587,7.690,77.026,-43.000,1.000,19.000,-0.6057,-0.6580,0.2524,-0.3693,3347.26,2.66,-7.72,90.37,57897.0,0,0.00,0.00,5
51360,1.956,0.347,-0.078,-1.343,7.751,77.148,-43.000,1.000,20.000,-0.6012,-0.6540,0.2604,-0.3782,3347.26,2.46,-7.68,90.51,57900.2,0,0.00,0.00,5
51364,1.969,0.294,-0.070,-1.038,7.690,77.026,-44.000,2.000,20.000,-0.5965,-0.6499,0.2683,-0.3871,3347.26,2.26,-7.72,90.64,57898.6,0,0.00,0.00,5
