Time[ms],AccX[g],AccY[g],AccZ[g],GyroX[°/s],GyroY[°/s],GyroZ[°/s],MagX[uT],MagY[uT],MagZ[uT],qW,qX,qY,qZ,AltFilt[m],VelFilt[m/s],AccVert[m/s^2],Tilt[°],PressBMP[Pa],Servo[%],PID_Gain,Cd_Gain,Estado
58486,-0.000,0.002,0.995,-0.000,0.000,-0.000,-27.452,7.584,-55.170,1.0000,-0.0000,-0.0003,0.0002,-0.00,-0.00,0.00,0.02,90676.6,0,0.00,0.00,2
58686,0.002,0.002,0.995,0.122,0.000,-0.122,-27.452,7.945,-55.868,1.0000,0.0002,-0.0001,0.0003,-0.00,-0.00,0.00,0.00,90676.6,0,0.00,0.00,2
58886,0.000,0.001,0.998,0.061,0.000,-0.000,-25.747,8.667,-55.519,1.0000,0.0001,0.0001,0.0004,-0.00,-0.00,0.00,0.00,90678.6,0,0.00,0.00,2
59086,-0.000,0.001,0.998,0.122,0.000,-0.000,-26.940,8.125,-56.042,1.0000,0.0001,0.0001,0.0006,-0.00,-0.00,0.00,0.00,90676.6,0,0.00,0.00,2
59286,-0.000,0.003,0.997,0.061,0.000,-0.000,-27.452,8.306,-56.915,1.0000,0.0002,0.0001,0.0007,-0.02,-0.00,0.00,0.03,90678.0,0,0.00,0.00,2
59486,0.001,0.001,0.997,0.061,-0.122,-0.061,-27.281,8.848,-54.995,1.0000,0.0002,0.0001,0.0008,-0.04,-0.00,0.00,0.00,90676.6,0,0.00,0.00,2
59686,-0.000,0.002,0.997,0.061,0.061,0.244,-26.429,8.306,-55.170,1.0000,0.0003,0.0001,0.0009,-0.08,-0.00,0.00,0.00,90679.3,0,0.00,0.00,2
59886,0.001,-0.000,0.997,0.122,0.000,-0.305,-25.406,8.667,-55.868,1.0000,0.0003,0.0001,0.0010,-0.12,-0.00,0.00,0.04,90682.1,0,0.00,0.00,2
60086,-0.000,0.000,0.997,0.061,0.000,0.122,-26.770,8.306,-57.265,1.0000,0.0003,0.0001,0.0013,-0.13,-0.00,0.00,0.03,90675.9,0,0.00,0.00,2
60286,0.001,-0.000,0.996,0.061,0.061,-0.000,-27.281,8.125,-56.741,1.0000,0.0003,0.0001,0.0014,-0.13,-0.00,0.00,0.03,90678.6,0,0.00,0.00,2
60486,-0.000,0.000,0.996,0.061,0.061,-0.000,-26.770,9.389,-56.566,1.0000,0.0004,0.0001,0.0015,-0.13,-0.00,0.00,0.03,90678.0,0,0.00,0.00,2
60686,0.002,-0.000,0.999,0.061,-0.061,0.061,-27.281,7.764,-54.646,1.0000,0.0004,0.0001,0.0015,-0.14,-0.00,0.00,0.04,90678.6,0,0.00,0.00,2
60886,-0.000,-0.000,0.998,0.061,0.000,0.061,-27.281,8.487,-56.042,1.0000,0.0004,0.0001,0.0018,-0.14,-0.00,0.00,0.04,90674.5,0,0.00,0.00,2
61086,-0.000,0.000,0.999,0.061,0.000,0.183,-26.429,7.945,-56.217,1.0000,0.0005,0.0001,0.0019,-0.14,-0.00,0.00,0.05,90677.9,0,0.00,0.00,2
61286,-0.001,0.001,0.996,0.061,0.061,-0.122,-27.622,9.209,-54.995,1.0000,0.0006,0.0001,0.0021,-0.14,-0.00,0.00,0.06,90679.3,0,0.00,0.00,2
61486,0.000,0.003,0.997,0.061,0.000,0.305,-27.793,7.945,-55.868,1.0000,0.0005,0.0001,0.0023,-0.13,-0.00,0.00,0.06,90676.6,0,0.00,0.00,2
61686,-0.000,0.000,0.995,0.122,-0.061,-0.244,-26.429,8.306,-56.915,1.0000,0.0006,0.0000,0.0024,-0.13,-0.00,0.00,0.06,90680.0,0,0.00,0.00,2
61886,0.000,0.001,0.996,-0.000,0.000,0.366,-28.304,8.487,-56.392,1.0000,0.0006,0.0001,0.0026,-0.13,-0.00,0.00,0.06,90681.4,0,0.00,0.00,2
62086,-0.000,0.002,0.996,0.061,0.000,0.244,-25.917,7.403,-55.693,1.0000,0.0006,0.0000,0.0028,-0.13,-0.00,0.00,0.06,90680.7,0,0.00,0.00,2
62286,-0.001,0.001,0.997,0.061,0.061,0.244,-26.429,7.945,-56.217,1.0000,0.0006,0.0000,0.0029,-0.13,-0.00,0.00,0.07,90681.4,0,0.00,0.00,2
62486,0.001,0.001,0.998,0.061,0.000,0.122,-28.134,8.306,-55.868,1.0000,0.0006,0.0000,0.0029,-0.12,-0.00,0.00,0.06,90682.8,0,0.00,0.00,2
62686,0.001,0.001,0.998,0.061,-0.122,0.305,-26.258,8.487,-56.042,1.0000,0.0006,0.0000,0.0031,-0.11,-0.00,0.00,0.07,90676.6,0,0.00,0.00,2
62886,-0.000,0.000,0.997,-0.000,-0.061,0.305,-28.134,9.389,-56.217,1.0000,0.0006,-0.0000,0.0033,-0.10,-0.00,0.00,0.07,90677.2,0,0.00,0.00,2
63086,-0.000,0.000,0.996,-0.000,0.000,0.183,-27.452,6.862,-55.868,1.0000,0.0006,-0.0001,0.0034,-0.09,-0.00,0.00,0.06,90677.9,0,0.00,0.00,2
63286,-0.000,0.001,0.996,0.061,0.000,0.366,-25.747,8.306,-56.217,1.0000,0.0006,-0.0001,0.0036,-0.08,-0.00,0.00,0.07,90675.2,0,0.00,0.00,2
63486,0.003,0.001,0.997,0.061,0.061,0.061,-28.304,7.403,-56.392,1.0000,0.0005,-0.0002,0.0037,-0.07,-0.00,0.00,0.06,90679.3,0,0.00,0.00,2
63686,0.002,0.000,0.998,0.061,-0.061,0.244,-27.793,9.751,-55.519,1.0000,0.0005,-0.0001,0.0038,-0.07,-0.00,0.00,0.06,90679.3,0,0.00,0.00,2
63886,-0.001,0.000,0.996,0.061,0.000,0.122,-27.793,8.306,-56.217,1.0000,0.0005,-0.0001,0.0040,-0.07,-0.00,0.00,0.04,90677.9,0,0.00,0.00,2
64086,-0.001,0.001,0.997,0.061,0.061,0.305,-26.770,7.945,-56.217,1.0000,0.0004,-0.0001,0.0042,-0.06,-0.00,0.00,0.05,90677.9,0,0.00,0.00,2
64286,-0.000,0.000,0.998,-0.000,0.000,0.061,-27.281,7.764,-56.042,1.0000,0.0005,-0.0001,0.0043,-0.06,-0.00,0.00,0.04,90677.9,0,0.00,0.00,2
64486,0.002,-0.001,0.997,0.122,0.000,0.183,-27.793,7.945,-55.868,1.0000,0.0004,-0.0001,0.0045,-0.06,-0.00,0.00,0.04,90678.6,0,0.00,0.00,2
64686,0.000,0.000,0.996,0.061,0.000,0.366,-26.770,7.945,-56.217,1.0000,0.0004,-0.0001,0.0047,-0.05,-0.00,0.00,0.05,90678.6,0,0.00,0.00,2
64886,-0.000,-0.001,0.996,-0.000,-0.061,0.122,-28.304,8.487,-57.090,1.0000,0.0005,-0.0000,0.0049,-0.05,-0.00,0.00,0.05,90675.9,0,0.00,0.00,2
65086,0.000,-0.001,0.996,0.061,-0.061,0.183,-27.622,8.848,-56.741,1.0000,0.0004,-0.0001,0.0051,-0.05,-0.00,0.00,0.03,90679.3,0,0.00,0.00,2
65286,-0.001,-0.004,0.996,-0.000,0.061,0.427,-27.281,9.209,-54.646,1.0000,0.0004,-0.0001,0.0053,-0.05,-0.00,0.00,0.05,90680.0,0,0.00,0.00,2
65486,-0.002,-0.002,0.997,-0.000,0.000,-0.000,-27.793,7.584,-56.217,1.0000,0.0004,-0.0001,0.0055,-0.04,-0.00,0.00,0.05,90675.8,0,0.00,0.00,2
65686,-0.002,-0.001,0.996,0.061,0.000,0.427,-27.963,9.209,-56.392,1.0000,0.0003,-0.0000,0.0057,-0.04,-0.00,0.00,0.03,90674.5,0,0.00,0.00,2
65886,-0.000,-0.002,0.997,0.122,0.000,-0.000,-25.576,9.570,-56.741,1.0000,0.0004,-0.0001,0.0058,-0.03,-0.00,0.00,0.03,90675.1,0,0.00,0.00,2
66086,-0.001,-0.002,0.995,-0.000,0.000,0.366,-26.940,8.487,-57.090,1.0000,0.0004,-0.0000,0.0061,-0.02,-0.00,0.00,0.03,90677.2,0,0.00,0.00,2
66286,-0.001,-0.001,0.996,0.061,-0.061,0.183,-28.134,7.584,-56.915,1.0000,0.0003,-0.0000,0.0061,-0.02,-0.00,0.00,0.03,90677.9,0,0.00,0.00,2
66486,-0.002,-0.000,0.998,-0.000,0.061,0.488,-26.599,8.487,-56.392,1.0000,0.0003,-0.0000,0.0063,-0.02,-0.00,0.00,0.03,90675.1,0,0.00,0.00,2
66686,0.001,0.000,1.000,0.061,0.061,0.183,-28.816,9.028,-55.868,1.0000,0.0004,0.0000,0.0064,-0.01,-0.00,0.00,0.04,90673.8,0,0.00,0.00,2
66886,-0.001,-0.001,0.997,-0.061,-0.061,0.854,-28.304,7.042,-56.392,1.0000,0.0004,0.0000,0.0067,-0.00,-0.00,0.00,0.03,90674.4,0,0.00,0.00,2
67086,-0.000,-0.001,0.997,0.061,0.000,0.061,-26.940,7.403,-54.646,1.0000,0.0004,-0.0000,0.0067,0.00,-0.00,0.00,0.04,90678.6,0,0.00,0.00,2
67286,-0.000,0.001,0.997,0.061,0.061,0.366,-26.940,8.487,-56.042,1.0000,0.0004,-0.0000,0.0071,0.01,-0.00,0.00,0.04,90674.4,0,0.00,0.00,2
67486,-0.000,-0.002,0.996,0.122,0.000,0.305,-27.793,9.389,-56.566,1.0000,0.0004,-0.0000,0.0070,0.01,-0.00,0.00,0.03,90676.5,0,0.00,0.00,2
67686,-0.001,-0.001,0.996,0.061,0.000,0.244,-27.963,8.487,-55.693,1.0000,0.0004,-0.0000,0.0074,0.01,-0.00,0.00,0.04,90675.1,0,0.00,0.00,2
67886,-0.001,0.001,0.995,-0.061,0.000,0.549,-27.622,8.848,-56.042,1.0000,0.0004,0.0001,0.0074,0.01,-0.00,0.00,0.03,90678.6,0,0.00,0.00,2
68086,-0.000,-0.002,0.998,0.122,0.000,-0.244,-28.304,7.764,-56.392,1.0000,0.0003,0.0001,0.0074,0.01,-0.00,0.00,0.02,90675.1,0,0.00,0.00,2
68286,0.002,0.000,0.996,-0.000,0.061,0.610,-27.963,8.487,-55.693,1.0000,0.0003,0.0001,0.0078,0.01,-0.00,0.00,0.03,90676.5,0,0.00,0.00,2
68486,0.000,0.002,0.998,0.061,-0.061,-0.000,-27.452,9.028,-55.519,1.0000,0.0003,0.0001,0.0078,0.01,-0.00,0.00,0.02,90677.2,0,0.00,0.00,2
68686,-0.003,0.000,0.998,-0.000,0.000,0.427,-27.963,9.209,-56.042,1.0000,0.0002,0.0001,0.0080,0.01,-0.00,0.00,0.02,90680.6,0,0.00,0.00,2
68886,0.001,0.001,0.996,0.122,0.000,0.122,-27.452,7.945,-56.915,1.0000,0.0003,0.0001,0.0082,0.01,-0.00,0.00,0.02,90677.2,0,0.00,0.00,2
69086,0.002,0.000,0.995,0.061,0.000,0.549,-27.793,7.223,-56.566,1.0000,0.0003,0.0001,0.0084,0.01,-0.00,0.00,0.02,90676.5,0,0.00,0.00,2
69286,-0.000,0.000,0.997,-0.000,-0.061,0.244,-27.963,7.403,-55.344,1.0000,0.0003,0.0001,0.0084,0.02,-0.00,0.00,0.03,90677.9,0,0.00,0.00,2
69486,-0.000,0.002,0.998,0.122,0.061,0.061,-28.134,8.306,-55.868,1.0000,0.0003,0.0000,0.0087,0.02,-0.00,0.00,0.03,90672.4,0,0.00,0.00,2
69686,-0.001,0.000,0.995,0.122,0.061,0.122,-26.770,7.945,-57.614,1.0000,0.0003,0.0001,0.0087,0.03,-0.00,0.00,0.00,90670.3,0,0.00,0.00,2
69886,-0.000,-0.002,0.997,-0.000,0.061,-0.122,-27.281,7.764,-56.741,1.0000,0.0003,0.0000,0.0089,0.04,-0.00,0.00,0.03,90675.8,0,0.00,0.00,2
70086,0.001,0.000,0.996,-0.000,0.000,0.244,-26.940,9.209,-56.392,1.0000,0.0002,0.0000,0.0092,0.04,-0.00,0.00,0.02,90677.2,0,0.00,0.00,2
70286,-0.000,-0.001,0.998,0.122,0.061,0.183,-27.111,8.667,-58.312,1.0000,0.0003,0.0000,0.0092,0.04,-0.00,0.00,0.02,90675.8,0,0.00,0.00,2
70486,-0.000,-0.000,0.996,0.061,-0.061,0.122,-28.475,7.945,-54.122,1.0000,0.0003,0.0000,0.0094,0.03,-0.00,0.00,0.03,90676.5,0,0.00,0.00,2
70686,-0.001,0.000,0.996,0.061,0.000,0.183,-26.429,6.862,-55.170,1.0000,0.0003,-0.0000,0.0096,0.03,-0.00,0.00,0.00,90680.0,0,0.00,0.00,2
70886,-0.002,-0.000,0.996,0.061,-0.061,0.366,-26.429,9.028,-55.519,1.0000,0.0003,0.0000,0.0097,0.03,-0.00,0.00,0.04,90680.6,0,0.00,0.00,2
71086,0.000,-0.001,0.996,-0.000,0.000,0.183,-27.452,8.667,-55.170,1.0000,0.0004,-0.0001,0.0099,0.02,-0.00,0.00,0.04,90675.1,0,0.00,0.00,2
71286,-0.001,-0.001,0.996,0.061,0.000,0.244,-27.281,7.764,-56.042,0.9999,0.0003,-0.0000,0.0102,0.02,-0.00,0.00,0.03,90675.8,0,0.00,0.00,2
71486,0.002,-0.003,0.998,-0.061,0.000,0.366,-27.452,9.751,-54.820,0.9999,0.0003,-0.0000,0.0102,0.02,-0.00,0.00,0.02,90674.4,0,0.00,0.00,2
71686,0.002,-0.000,0.995,0.122,0.000,-0.183,-27.281,8.487,-55.344,0.9999,0.0002,-0.0000,0.0104,0.02,-0.00,0.00,0.02,90675.1,0,0.00,0.00,2
71886,-0.001,-0.000,0.996,-0.061,0.000,0.427,-26.940,9.570,-55.693,0.9999,0.0002,0.0000,0.0104,0.02,-0.00,0.00,0.02,90675.8,0,0.00,0.00,2
72086,-0.001,-0.001,0.996,0.061,0.000,-0.183,-26.088,7.584,-56.915,0.9999,0.0002,-0.0000,0.0105,0.01,-0.00,0.00,0.03,90679.3,0,0.00,0.00,2
72286,0.002,0.000,1.000,0.061,0.000,0.305,-27.622,7.403,-55.344,0.9999,0.0002,-0.0001,0.0108,0.01,-0.00,0.00,0.00,90675.8,0,0.00,0.00,2
72486,-0.001,-0.000,0.995,0.061,0.061,-0.061,-27.111,8.667,-55.170,0.9999,0.0002,-0.0001,0.0109,0.01,-0.00,0.00,0.00,90675.8,0,0.00,0.00,2
72686,-0.000,0.001,1.000,0.061,-0.061,0.244,-27.793,9.389,-54.820,0.9999,0.0002,-0.0000,0.0111,0.01,-0.00,0.00,0.00,90677.2,0,0.00,0.00,2
72886,-0.000,0.000,0.996,0.122,0.000,-0.122,-27.963,8.848,-55.693,0.9999,0.0001,0.0000,0.0113,0.00,-0.00,0.00,0.00,90677.2,0,0.00,0.00,2
73086,0.001,-0.001,0.996,-0.000,0.000,0.305,-27.963,7.403,-55.693,0.9999,0.0001,0.0000,0.0115,0.00,-0.00,0.00,0.00,90678.6,0,0.00,0.00,2
73286,-0.000,-0.002,0.996,-0.000,-0.061,-0.122,-26.770,7.584,-55.519,0.9999,0.0001,0.0001,0.0115,-0.00,-0.00,0.00,0.00,90679.2,0,0.00,0.00,2
73486,-0.002,0.001,1.000,0.061,-0.061,0.305,-26.940,8.487,-56.042,0.9999,0.0001,0.0001,0.0118,-0.00,-0.00,0.00,0.00,90676.5,0,0.00,0.00,2
73686,-0.000,0.000,0.998,-0.000,0.000,-0.122,-28.134,8.306,-56.915,0.9999,0.0002,0.0001,0.0118,-0.01,-0.00,0.00,0.00,90677.2,0,0.00,0.00,2
73886,0.000,0.000,0.995,-0.000,0.000,-0.061,-27.111,6.862,-56.566,0.9999,0.0001,0.0001,0.0120,-0.00,-0.00,0.00,0.00,90677.8,0,0.00,0.00,2
74086,0.000,-0.001,0.997,0.061,0.000,0.061,-25.576,7.764,-54.995,0.9999,0.0001,0.0001,0.0122,0.00,-0.00,0.00,0.00,90671.7,0,0.00,0.00,2
74286,-0.001,-0.003,0.996,-0.000,0.000,-0.305,-27.963,8.125,-56.042,0.9999,0.0002,0.0001,0.0123,0.01,-0.00,0.00,0.03,90677.2,0,0.00,0.00,2
74486,-0.001,0.001,0.995,-0.000,0.000,0.183,-26.940,8.487,-56.042,0.9999,0.0002,0.0001,0.0125,0.01,-0.00,0.00,0.03,90675.1,0,0.00,0.00,2
74686,-0.002,-0.001,0.998,0.183,0.061,-0.183,-26.770,7.584,-54.820,0.9999,0.0002,0.0001,0.0127,0.01,-0.00,0.00,0.02,90678.5,0,0.00,0.00,2
74886,-0.001,-0.001,0.997,-0.000,0.000,0.183,-27.622,8.487,-55.693,0.9999,0.0002,0.0001,0.0129,0.01,-0.00,0.00,0.03,90678.5,0,0.00,0.00,2
75086,-0.000,0.000,0.996,0.122,-0.061,-0.183,-26.770,6.500,-56.217,0.9999,0.0002,0.0001,0.0131,0.01,-0.00,0.00,0.03,90675.8,0,0.00,0.00,2
75286,-0.002,-0.000,0.996,0.061,0.000,0.427,-27.281,8.487,-56.042,0.9999,0.0002,0.0002,0.0133,0.01,-0.00,0.00,0.03,90676.5,0,0.00,0.00,2
75486,-0.000,0.001,0.996,0.061,-0.061,-0.183,-25.917,8.848,-57.090,0.9999,0.0002,0.0001,0.0134,0.00,-0.00,0.00,0.00,90678.5,0,0.00,0.00,2
75686,0.001,0.001,0.997,0.061,-0.061,0.183,-27.622,8.125,-54.995,0.9999,0.0002,0.0002,0.0137,0.00,-0.00,0.00,0.00,90675.1,0,0.00,0.00,2
75886,0.002,-0.000,0.995,0.061,0.000,0.122,-27.111,6.862,-55.868,0.9999,0.0002,0.0002,0.0138,0.00,-0.00,0.00,0.00,90677.1,0,0.00,0.00,2
76086,-0.000,0.000,0.997,0.061,0.061,-0.000,-27.622,7.764,-54.995,0.9999,0.0002,0.0001,0.0140,0.00,-0.00,0.00,0.00,90675.1,0,0.00,0.00,2
76286,-0.001,-0.000,0.997,0.122,-0.061,0.366,-27.793,9.389,-55.170,0.9999,0.0001,0.0001,0.0142,0.01,-0.00,0.00,0.00,90676.5,0,0.00,0.00,2
76486,-0.000,0.000,0.998,0.061,0.000,0.122,-26.940,8.125,-56.042,0.9999,0.0001,0.0001,0.0144,0.01,-0.00,0.00,0.00,90677.8,0,0.00,0.00,2
76686,0.002,0.001,0.997,-0.000,0.061,0.061,-27.622,8.125,-54.995,0.9999,0.0001,0.0000,0.0147,0.01,-0.00,0.00,0.02,90677.1,0,0.00,0.00,2
76886,-0.000,-0.001,0.999,-0.000,0.061,-0.000,-26.770,6.862,-55.519,0.9999,0.0001,0.0001,0.0147,0.01,-0.00,0.00,0.00,90676.4,0,0.00,0.00,2
77086,-0.001,-0.001,0.997,0.061,0.000,-0.000,-25.917,7.042,-56.042,0.9999,0.0001,0.0001,0.0148,0.01,-0.00,0.00,0.00,90677.1,0,0.00,0.00,2
77286,-0.000,0.001,0.997,-0.000,0.000,0.061,-27.963,8.487,-55.693,0.9999,0.0001,0.0001,0.0152,0.01,-0.00,0.00,0.00,90672.3,0,0.00,0.00,2
77486,-0.001,-0.001,0.994,0.061,-0.061,0.183,-27.452,8.306,-55.170,0.9999,0.0001,0.0001,0.0152,0.01,-0.00,0.00,0.00,90677.8,0,0.00,0.00,2
77686,-0.001,0.000,0.997,0.061,-0.122,0.061,-27.111,6.862,-56.217,0.9999,0.0001,0.0002,0.0153,0.01,-0.00,0.00,0.03,90675.8,0,0.00,0.00,2
77886,-0.000,-0.001,0.995,0.122,0.061,0.244,-26.599,6.681,-56.741,0.9999,0.0001,0.0002,0.0155,0.01,-0.00,0.00,0.00,90675.7,0,0.00,0.00,2
78086,-0.001,-0.002,0.996,-0.000,0.000,0.183,-26.088,9.028,-55.519,0.9999,0.0001,0.0002,0.0156,0.02,-0.00,0.00,0.03,90677.8,0,0.00,0.00,2
78286,0.001,-0.001,0.996,0.122,0.000,0.122,-27.111,7.945,-54.820,0.9999,0.0001,0.0002,0.0158,0.02,-0.00,0.00,0.02,90676.4,0,0.00,0.00,2
78486,0.000,-0.000,0.996,0.061,0.000,0.183,-27.281,8.848,-56.741,0.9999,0.0001,0.0002,0.0160,0.02,-0.00,0.00,0.00,90675.7,0,0.00,0.00,2
78686,0.000,-0.001,0.995,-0.000,0.000,0.244,-25.747,7.584,-55.868,0.9999,0.0001,0.0002,0.0160,0.01,-0.00,0.00,0.00,90676.4,0,0.00,0.00,2
78886,0.000,0.000,0.999,0.061,0.000,-0.000,-26.599,7.764,-56.042,0.9999,0.0001,0.0002,0.0161,0.01,-0.00,0.00,0.00,90677.1,0,0.00,0.00,2
79086,-0.001,0.002,0.996,-0.000,0.061,0.427,-27.793,7.223,-54.820,0.9999,0.0001,0.0002,0.0164,0.01,-0.00,0.00,0.00,90677.1,0,0.00,0.00,2
79286,0.001,-0.000,0.997,0.122,0.061,-0.183,-27.111,8.306,-56.915,0.9999,0.0001,0.0001,0.0164,0.01,-0.00,0.00,0.00,90676.4,0,0.00,0.00,2
79486,0.000,-0.001,0.997,0.122,0.000,0.366,-28.304,8.487,-56.741,0.9999,0.0001,0.0002,0.0166,0.01,-0.00,0.00,0.00,90679.2,0,0.00,0.00,2
79686,-0.000,0.000,0.995,-0.000,0.061,0.183,-27.281,7.403,-55.344,0.9999,0.0000,0.0002,0.0167,0.00,-0.00,0.00,0.00,90679.2,0,0.00,0.00,2
79886,-0.001,-0.001,0.995,0.061,0.000,0.183,-27.793,8.306,-55.519,0.9999,0.0000,0.0002,0.0169,0.00,-0.00,0.00,0.02,90677.1,0,0.00,0.00,2
80086,-0.000,0.000,0.997,0.061,0.061,0.305,-27.281,7.764,-57.090,0.9999,0.0000,0.0002,0.0170,0.00,-0.00,0.00,0.00,90676.4,0,0.00,0.00,2
80286,-0.000,0.002,0.998,0.122,0.061,-0.061,-26.770,7.945,-55.868,0.9999,0.0000,0.0001,0.0172,-0.00,-0.00,0.00,0.00,90676.4,0,0.00,0.00,2
80486,0.001,-0.001,0.998,-0.000,0.000,0.183,-26.088,7.584,-56.217,0.9999,-0.0000,0.0001,0.0172,-0.00,-0.00,0.00,0.00,90679.2,0,0.00,0.00,2
80686,-0.000,0.000,0.996,0.122,-0.061,-0.122,-28.134,7.223,-55.868,0.9998,-0.0001,0.0001,0.0174,0.00,-0.00,0.00,0.02,90677.1,0,0.00,0.00,2
80886,-0.000,-0.000,0.996,0.061,0.061,0.366,-26.429,8.306,-56.217,0.9998,-0.0001,0.0002,0.0176,0.00,-0.00,0.00,0.00,90674.3,0,0.00,0.00,2
81086,-0.000,-0.002,0.997,0.122,-0.061,-0.183,-28.134,10.473,-55.170,0.9998,-0.0001,0.0001,0.0175,0.00,-0.00,0.00,0.00,90675.0,0,0.00,0.00,2
81286,-0.002,-0.002,0.997,0.061,0.000,0.183,-26.940,9.570,-57.788,0.9998,-0.0001,0.0001,0.0177,0.00,-0.00,0.00,0.00,90679.2,0,0.00,0.00,2
81486,-0.001,-0.005,0.997,0.061,0.000,-0.000,-26.088,7.223,-55.868,0.9998,-0.0001,0.0001,0.0179,-0.00,-0.00,0.00,0.00,90679.9,0,0.00,0.00,2
81686,-0.003,-0.004,0.996,-0.000,0.000,0.061,-26.429,8.306,-56.566,0.9998,-0.0001,0.0001,0.0179,-0.01,-0.00,0.00,0.00,90679.9,0,0.00,0.00,2
81886,-0.001,-0.004,0.997,0.122,0.061,-0.061,-26.599,8.125,-56.042,0.9998,-0.0002,0.0001,0.0180,-0.01,-0.00,0.00,0.00,90681.9,0,0.00,0.00,2
82086,0.001,-0.004,0.996,0.061,-0.061,0.183,-27.281,8.848,-55.693,0.9998,-0.0002,0.0001,0.0182,-0.01,-0.00,0.00,0.03,90676.4,0,0.00,0.00,2
82286,-0.000,-0.004,0.997,0.061,0.061,-0.244,-26.429,7.945,-56.217,0.9998,-0.0001,0.0001,0.0183,-0.02,-0.00,0.00,0.00,90679.9,0,0.00,0.00,2
82486,-0.003,-0.002,0.996,0.122,0.000,0.488,-27.281,7.403,-54.646,0.9998,-0.0002,0.0000,0.0185,-0.02,-0.00,0.00,0.00,90674.3,0,0.00,0.00,2
82686,-0.002,-0.005,0.997,0.122,-0.061,-0.122,-27.963,8.487,-56.741,0.9998,-0.0001,0.0000,0.0187,-0.01,-0.00,0.00,0.00,90675.7,0,0.00,0.00,2
82886,-0.003,-0.003,0.995,-0.000,0.000,0.427,-26.940,8.125,-55.344,0.9998,-0.0001,-0.0001,0.0189,-0.01,-0.00,0.00,0.00,90678.5,0,0.00,0.00,2
83086,-0.002,-0.005,0.998,0.122,0.000,-0.000,-27.793,7.584,-56.217,0.9998,-0.0001,-0.0001,0.0189,-0.01,-0.00,0.00,0.00,90679.8,0,0.00,0.00,2
83286,-0.002,-0.005,0.998,0.122,-0.061,0.305,-27.622,8.125,-55.344,0.9998,-0.0000,-0.0001,0.0193,-0.01,-0.00,0.00,0.00,90677.8,0,0.00,0.00,2
83486,-0.000,-0.003,0.995,-0.000,0.000,-0.000,-27.622,8.848,-54.995,0.9998,0.0001,-0.0001,0.0193,-0.01,-0.00,0.00,0.00,90678.5,0,0.00,0.00,2
83686,-0.002,-0.001,0.996,0.061,0.000,0.305,-27.111,7.584,-56.217,0.9998,0.0000,-0.0000,0.0194,-0.01,-0.00,0.00,0.00,90677.1,0,0.00,0.00,2
83886,0.000,-0.002,0.994,0.061,-0.061,0.183,-27.111,8.667,-56.217,0.9998,0.0001,-0.0001,0.0195,-0.01,-0.00,0.00,0.00,90677.8,0,0.00,0.00,2
84086,0.001,0.001,0.996,0.061,0.061,-0.000,-28.304,9.209,-55.344,0.9998,0.0001,-0.0001,0.0197,-0.01,-0.00,0.00,0.00,90675.7,0,0.00,0.00,2
84286,0.001,0.001,0.997,0.061,0.000,-0.061,-27.622,7.403,-57.439,0.9998,0.0001,-0.0000,0.0197,-0.01,-0.00,0.00,0.00,90674.3,0,0.00,0.00,2
84486,0.001,0.000,0.996,0.122,0.000,-0.244,-27.111,7.945,-56.217,0.9998,0.0001,0.0000,0.0199,-0.00,-0.00,0.00,0.00,90672.3,0,0.00,0.00,2
84686,0.002,0.001,0.996,0.061,0.000,0.061,-27.281,8.848,-55.693,0.9998,0.0001,-0.0000,0.0200,0.00,-0.00,0.00,0.00,90676.4,0,0.00,0.00,2
84886,-0.000,-0.001,0.998,0.061,0.000,-0.183,-28.304,8.848,-54.995,0.9998,0.0000,0.0000,0.0200,0.00,-0.00,0.00,0.00,90675.0,0,0.00,0.00,2
85086,-0.000,0.000,0.998,0.122,0.000,0.244,-26.599,8.487,-55.693,0.9998,-0.0000,0.0000,0.0203,0.01,-0.00,0.00,0.00,90677.1,0,0.00,0.00,2
85286,-0.002,0.000,0.995,0.122,0.000,0.244,-27.111,7.584,-56.566,0.9998,0.0000,-0.0000,0.0204,0.01,-0.00,0.00,0.00,90679.9,0,0.00,0.00,2
85486,-0.000,0.000,0.998,0.061,0.000,-0.061,-27.111,9.389,-56.915,0.9998,0.0000,-0.0000,0.0206,0.01,-0.00,0.00,0.00,90677.1,0,0.00,0.00,2
85686,-0.001,0.001,0.995,0.061,-0.061,0.610,-27.622,8.848,-56.741,0.9998,0.0000,-0.0000,0.0207,0.01,-0.00,0.00,0.00,90679.8,0,0.00,0.00,2
85886,0.001,0.001,0.998,0.122,0.000,-0.183,-27.963,7.403,-55.344,0.9998,0.0000,-0.0001,0.0210,0.00,-0.00,0.00,0.00,90680.5,0,0.00,0.00,2
86086,-0.000,-0.000,0.997,-0.000,-0.061,0.977,-28.304,8.487,-56.042,0.9998,0.0000,-0.0002,0.0211,-0.00,-0.00,0.00,0.00,90678.5,0,0.00,0.00,2
86286,0.001,-0.002,0.998,0.122,-0.061,-0.244,-26.770,9.028,-55.868,0.9998,0.0000,-0.0001,0.0212,-0.00,0.00,0.00,0.00,90675.7,0,0.00,0.00,2
86486,-0.002,0.000,0.995,-0.000,0.000,0.854,-27.281,8.125,-54.646,0.9998,-0.0000,-0.0001,0.0215,-0.00,-0.00,0.00,0.00,90681.9,0,0.00,0.00,2
86686,-0.001,-0.001,0.998,0.122,-0.061,-0.244,-27.452,8.306,-55.170,0.9998,0.0000,-0.0002,0.0214,-0.01,0.00,0.00,0.02,90677.1,0,0.00,0.00,2
86886,-0.001,-0.001,0.998,-0.000,0.000,0.671,-26.599,8.487,-56.741,0.9998,-0.0000,-0.0002,0.0218,-0.01,0.00,0.00,0.00,90676.4,0,0.00,0.00,2
87086,0.004,-0.001,0.998,0.122,0.061,-0.183,-29.498,8.667,-55.170,0.9998,0.0000,-0.0002,0.0219,-0.01,-0.00,0.00,0.00,90673.6,0,0.00,0.00,2
87286,0.000,0.003,0.997,-0.000,0.000,0.549,-27.281,8.487,-56.392,0.9998,-0.0000,-0.0001,0.0221,-0.00,-0.00,0.00,0.00,90675.0,0,0.00,0.00,2
87486,-0.001,0.001,0.997,0.122,0.000,-0.061,-27.111,6.500,-55.868,0.9998,0.0000,-0.0001,0.0220,0.00,-0.00,0.00,0.00,90677.8,0,0.00,0.00,2
87686,-0.001,0.001,0.997,0.061,-0.061,0.061,-27.281,8.848,-56.392,0.9998,-0.0000,-0.0001,0.0222,0.00,-0.00,0.00,0.00,90676.4,0,0.00,0.00,2
87886,0.004,-0.001,0.999,-0.000,0.000,-0.122,-27.963,8.125,-55.693,0.9998,0.0000,-0.0001,0.0222,0.00,-0.00,0.00,0.00,90677.8,0,0.00,0.00,2
88086,-0.000,0.001,0.998,0.122,0.000,-0.061,-26.770,7.945,-55.519,0.9997,-0.0000,-0.0000,0.0226,-0.00,-0.00,0.00,0.00,90679.8,0,0.00,0.00,2
88286,-0.000,0.000,0.997,0.061,0.000,0.183,-27.963,8.487,-54.995,0.9997,-0.0000,-0.0000,0.0226,-0.00,-0.00,0.00,0.00,90676.4,0,0.00,0.00,2
88486,0.001,-0.002,0.998,0.122,0.000,-0.305,-27.111,9.028,-56.217,0.9997,-0.0000,0.0000,0.0228,0.00,-0.00,0.00,0.00,90675.0,0,0.00,0.00,2
88686,0.003,-0.002,0.996,0.122,0.000,0.244,-27.622,9.209,-54.995,0.9997,-0.0001,-0.0000,0.0230,0.00,-0.00,0.00,0.00,90677.0,0,0.00,0.00,2
88886,-0.002,-0.002,0.997,0.061,0.000,-0.244,-26.770,8.667,-56.566,0.9997,-0.0000,0.0000,0.0230,0.01,-0.00,0.00,0.00,90677.0,0,0.00,0.00,2
89086,-0.004,-0.001,0.996,-0.000,0.061,0.183,-27.793,8.306,-57.265,0.9997,-0.0000,0.0000,0.0234,0.01,-0.00,0.00,0.00,90677.0,0,0.00,0.00,2
89286,0.000,-0.001,0.998,0.122,0.000,-0.061,-27.452,9.028,-56.217,0.9997,-0.0000,-0.0000,0.0234,0.02,-0.00,0.00,0.00,90675.7,0,0.00,0.00,2
89486,0.000,-0.001,0.998,-0.000,-0.122,0.122,-27.452,8.667,-55.519,0.9997,-0.0001,-0.0000,0.0236,0.02,-0.00,0.00,0.00,90677.0,0,0.00,0.00,2
89686,-0.000,-0.003,0.998,-0.000,-0.061,0.183,-27.111,8.306,-55.519,0.9997,-0.0001,-0.0001,0.0237,0.02,-0.00,0.00,0.00,90681.2,0,0.00,0.00,2
89886,-0.000,-0.001,0.995,0.122,-0.061,0.366,-26.770,7.584,-56.915,0.9997,-0.0001,-0.0001,0.0239,0.01,-0.00,0.00,0.00,90681.8,0,0.00,0.00,2
90086,-0.003,-0.001,0.999,-0.000,-0.061,-0.000,-26.940,8.848,-57.788,0.9997,-0.0001,-0.0001,0.0239,0.01,-0.00,0.00,0.02,90679.1,0,0.00,0.00,2
90286,-0.001,0.000,0.995,0.122,0.000,-0.000,-27.963,7.764,-55.344,0.9997,-0.0001,-0.0001,0.0242,0.01,-0.00,0.00,0.00,90678.4,0,0.00,0.00,2
90486,0.001,-0.001,0.996,0.061,0.000,0.305,-26.940,8.487,-57.090,0.9997,-0.0000,-0.0001,0.0244,0.01,-0.00,0.00,0.00,90677.7,0,0.00,0.00,2
90686,0.001,-0.003,0.999,0.122,0.000,-0.000,-27.111,7.584,-56.217,0.9997,-0.0000,-0.0001,0.0245,0.01,-0.00,0.00,0.00,90674.2,0,0.00,0.00,2
90886,0.000,-0.000,0.996,0.183,0.000,-0.122,-26.940,7.764,-54.646,0.9997,-0.0000,-0.0001,0.0246,0.01,-0.00,0.00,0.00,90680.5,0,0.00,0.00,2
91086,0.000,0.000,0.997,0.122,-0.061,0.061,-27.281,8.125,-55.693,0.9997,0.0000,-0.0001,0.0248,0.01,-0.00,0.00,0.00,90675.7,0,0.00,0.00,2
91286,-0.001,-0.001,0.997,0.122,0.061,-0.183,-26.770,6.862,-54.820,0.9997,0.0000,-0.0001,0.0249,0.01,-0.00,0.00,0.00,90679.1,0,0.00,0.00,2
91486,-0.001,0.001,0.996,0.061,0.000,-0.000,-27.622,7.403,-53.947,0.9997,0.0000,-0.0001,0.0250,0.01,-0.00,0.00,0.00,90677.0,0,0.00,0.00,2
91686,-0.000,-0.000,1.000,0.122,-0.061,-0.427,-26.258,8.125,-53.947,0.9997,0.0001,-0.0001,0.0250,0.01,0.00,0.00,0.00,90677.0,0,0.00,0.00,2
91886,-0.000,-0.003,0.996,0.061,0.000,0.183,-27.281,8.487,-57.090,0.9997,0.0001,-0.0000,0.0252,0.01,-0.00,0.00,0.00,90678.4,0,0.00,0.00,2
92086,-0.001,-0.000,0.998,0.122,0.061,0.122,-27.452,9.751,-55.519,0.9997,0.0001,-0.0000,0.0254,0.00,-0.00,0.00,0.00,90678.4,0,0.00,0.00,2
92286,0.000,0.000,0.997,0.061,0.000,0.061,-27.452,9.028,-56.217,0.9997,0.0001,-0.0001,0.0257,0.00,-0.00,0.00,0.00,90677.0,0,0.00,0.00,2
92486,-0.000,-0.001,0.995,0.061,0.061,0.305,-26.770,7.584,-56.217,0.9997,0.0000,-0.0000,0.0258,0.00,-0.00,0.00,0.00,90674.2,0,0.00,0.00,2
92686,-0.001,-0.001,0.999,0.122,-0.122,0.183,-26.429,8.667,-55.519,0.9997,0.0000,-0.0000,0.0259,0.00,0.00,0.00,0.00,90677.7,0,0.00,0.00,2
92886,-0.000,-0.002,0.995,0.061,0.000,0.305,-26.599,8.125,-56.042,0.9997,0.0000,-0.0000,0.0260,-0.01,-0.00,0.00,0.00,90679.8,0,0.00,0.00,2
93086,-0.002,-0.000,0.996,0.061,0.000,0.244,-27.281,6.681,-56.741,0.9997,-0.0000,-0.0000,0.0262,-0.01,-0.00,0.00,0.00,90680.5,0,0.00,0.00,2
93286,-0.000,-0.003,0.997,0.061,0.061,0.427,-26.258,9.570,-55.344,0.9997,-0.0000,-0.0000,0.0264,-0.01,-0.00,0.00,0.00,90679.8,0,0.00,0.00,2
93486,-0.000,-0.002,0.998,0.061,0.000,0.183,-26.770,8.306,-54.122,0.9996,-0.0000,0.0000,0.0266,-0.00,0.00,0.00,0.00,90671.5,0,0.00,0.00,2
93686,-0.000,0.000,0.996,0.061,0.000,0.366,-28.645,9.209,-56.042,0.9996,0.0000,0.0001,0.0267,0.01,-0.00,0.00,0.00,90678.4,0,0.00,0.00,2
93886,-0.000,0.002,0.998,0.061,-0.061,0.366,-26.940,8.125,-55.693,0.9996,-0.0000,0.0000,0.0269,0.01,-0.00,0.00,0.00,90673.5,0,0.00,0.00,2
94086,0.002,0.000,0.998,0.122,0.000,0.061,-27.281,9.209,-55.344,0.9996,-0.0000,0.0000,0.0270,0.02,-0.00,0.00,0.00,90674.2,0,0.00,0.00,2
94286,0.000,0.001,0.998,0.061,0.000,0.244,-26.940,8.487,-56.741,0.9996,-0.0000,0.0001,0.0271,0.03,-0.00,0.00,0.00,90675.6,0,0.00,0.00,2
94486,-0.001,0.000,0.997,0.061,-0.061,0.183,-26.429,9.028,-55.868,0.9996,-0.0001,0.0000,0.0271,0.03,-0.00,0.00,0.00,90676.3,0,0.00,0.00,2
94686,-0.001,0.000,0.995,0.122,0.061,-0.000,-28.475,9.028,-55.519,0.9996,-0.0000,0.0000,0.0273,0.03,-0.00,0.00,0.00,90676.3,0,0.00,0.00,2
94886,0.001,-0.001,0.995,0.061,-0.061,-0.000,-26.940,9.209,-55.693,0.9996,-0.0000,-0.0000,0.0274,0.03,-0.00,0.00,0.00,90672.8,0,0.00,0.00,2
95086,0.001,-0.000,0.994,0.122,0.000,0.061,-27.111,7.223,-56.566,0.9996,-0.0001,-0.0000,0.0276,0.03,-0.00,0.00,0.00,90674.2,0,0.00,0.00,2
95286,-0.000,-0.001,0.997,-0.000,0.061,-0.061,-27.622,9.209,-57.090,0.9996,-0.0000,0.0000,0.0275,0.03,-0.00,0.00,0.00,90680.4,0,0.00,0.00,2
95486,-0.002,0.001,0.998,0.122,0.000,-0.000,-28.475,9.028,-56.566,0.9996,-0.0000,0.0001,0.0276,0.02,-0.00,0.00,0.00,90678.4,0,0.00,0.00,2
95686,-0.000,-0.003,0.997,0.122,0.000,0.244,-27.793,7.945,-56.915,0.9996,-0.0000,0.0001,0.0278,0.02,-0.00,0.00,0.00,90675.6,0,0.00,0.00,2
95886,0.003,-0.003,0.996,0.061,0.000,-0.549,-27.452,7.584,-54.820,0.9996,-0.0000,0.0000,0.0280,0.02,-0.00,0.00,0.00,90676.3,0,0.00,0.00,2
96086,-0.001,-0.001,0.999,0.061,0.061,0.183,-27.281,7.403,-56.741,0.9996,-0.0001,0.0001,0.0283,0.02,-0.00,0.00,0.00,90677.0,0,0.00,0.00,2
96286,-0.004,-0.001,0.993,0.122,0.061,-0.061,-27.281,8.125,-54.297,0.9996,-0.0001,0.0001,0.0282,0.02,-0.00,0.00,0.00,90676.3,0,0.00,0.00,2
96486,-0.002,-0.001,0.995,0.061,0.061,-0.183,-26.770,6.862,-55.868,0.9996,-0.0000,0.0001,0.0284,0.01,-0.00,0.00,0.00,90677.0,0,0.00,0.00,2
96686,0.001,-0.003,0.998,0.122,-0.061,0.183,-26.940,8.125,-56.042,0.9996,-0.0001,0.0001,0.0284,0.01,-0.00,0.00,0.00,90681.1,0,0.00,0.00,2
96886,-0.002,-0.002,0.998,0.122,0.000,0.305,-27.963,8.487,-56.042,0.9996,-0.0001,0.0001,0.0287,0.00,-0.00,0.00,0.00,90678.4,0,0.00,0.00,2
97086,-0.001,0.001,0.997,-0.000,0.000,0.183,-27.281,8.487,-56.392,0.9996,-0.0001,0.0001,0.0289,0.00,-0.00,0.00,0.00,90678.4,0,0.00,0.00,2
97286,0.001,-0.001,0.996,0.122,0.000,0.244,-26.940,8.487,-56.392,0.9996,-0.0002,0.0001,0.0290,0.00,-0.00,0.00,0.03,90671.5,0,0.00,0.00,2
97486,-0.000,-0.001,0.999,0.061,-0.061,0.366,-26.940,8.125,-54.297,0.9996,-0.0002,0.0001,0.0291,0.00,-0.00,0.00,0.00,90679.1,0,0.00,0.00,2
97686,-0.000,-0.001,0.996,0.061,0.000,0.122,-26.940,8.487,-54.646,0.9996,-0.0001,0.0001,0.0294,0.01,-0.00,0.00,0.00,90679.1,0,0.00,0.00,2
97886,-0.000,-0.002,0.996,0.061,0.000,0.366,-27.111,9.028,-55.170,0.9996,-0.0002,0.0000,0.0294,0.01,-0.00,0.00,0.00,90675.6,0,0.00,0.00,2
98086,0.001,-0.001,0.998,-0.061,-0.061,-0.000,-26.599,8.125,-55.344,0.9996,-0.0002,-0.0000,0.0296,0.02,-0.00,0.00,0.00,90677.0,0,0.00,0.00,2
98286,-0.000,0.002,0.998,0.061,0.061,0.122,-27.111,8.306,-54.471,0.9996,-0.0003,0.0000,0.0298,0.01,-0.00,0.00,0.02,90674.9,0,0.00,0.00,2
98486,0.002,0.000,0.996,0.122,-0.061,-0.183,-27.793,9.389,-57.265,0.9996,-0.0004,-0.0000,0.0298,0.02,-0.00,0.00,0.03,90677.0,0,0.00,0.00,2
98686,0.001,0.000,0.998,0.061,-0.061,0.122,-26.770,7.223,-56.217,0.9995,-0.0004,-0.0000,0.0301,0.02,-0.00,0.00,0.03,90674.2,0,0.00,0.00,2
98886,0.000,0.000,0.999,0.061,0.000,-0.244,-27.622,8.487,-56.392,0.9995,-0.0004,-0.0000,0.0301,0.02,0.00,0.00,0.03,90673.5,0,0.00,0.00,2
99086,-0.003,-0.002,0.997,-0.000,0.000,0.244,-26.940,8.125,-56.392,0.9995,-0.0004,-0.0000,0.0302,0.02,-0.00,0.00,0.05,90674.2,0,0.00,0.00,2
99286,-0.003,-0.001,0.998,0.061,0.000,-0.122,-27.281,7.403,-56.042,0.9995,-0.0004,-0.0001,0.0303,0.01,-0.00,0.00,0.04,90678.4,0,0.00,0.00,2
99486,-0.000,0.001,0.998,-0.000,0.000,0.244,-27.111,8.306,-56.915,0.9995,-0.0005,-0.0001,0.0305,0.01,-0.00,0.00,0.05,90679.1,0,0.00,0.00,2
99686,0.004,-0.002,0.999,0.061,-0.061,-0.183,-27.793,7.945,-55.868,0.9995,-0.0005,-0.0001,0.0305,0.00,0.00,0.00,0.06,90679.0,0,0.00,0.00,2
99886,-0.000,0.000,0.998,-0.000,0.061,0.061,-27.281,6.681,-55.693,0.9995,-0.0005,-0.0001,0.0307,-0.00,0.00,0.00,0.05,90677.6,0,0.00,0.00,2
100086,0.001,0.002,0.997,0.122,-0.061,0.122,-25.917,8.487,-54.995,0.9995,-0.0005,-0.0000,0.0309,-0.01,-0.00,0.00,0.06,90677.0,0,0.00,0.00,2
100286,-0.003,-0.001,0.998,0.061,0.000,0.305,-26.940,7.764,-56.042,0.9995,-0.0005,-0.0001,0.0311,-0.01,0.00,0.00,0.06,90679.7,0,0.00,0.00,2
100486,-0.000,-0.001,0.997,-0.000,0.000,-0.244,-28.475,9.389,-56.915,0.9995,-0.0005,-0.0000,0.0312,-0.02,0.00,0.00,0.06,90674.9,0,0.00,0.00,2
100686,-0.000,0.000,1.000,0.122,0.000,0.183,-27.281,8.848,-56.042,0.9995,-0.0006,-0.0000,0.0315,-0.01,0.00,0.00,0.06,90679.0,0,0.00,0.00,2
100886,-0.000,-0.001,0.997,0.061,0.000,-0.061,-27.622,7.403,-55.344,0.9995,-0.0005,-0.0001,0.0315,-0.01,0.00,0.00,0.06,90677.0,0,0.00,0.00,2
101086,-0.001,0.002,0.996,0.122,0.000,-0.366,-28.816,8.667,-55.170,0.9995,-0.0005,-0.0001,0.0316,-0.01,-0.00,0.00,0.05,90677.7,0,0.00,0.00,2
101286,-0.000,-0.001,0.998,0.122,0.000,0.305,-25.406,9.389,-56.566,0.9995,-0.0005,-0.0000,0.0316,-0.01,0.00,0.00,0.06,90677.0,0,0.00,0.00,2
101486,0.000,-0.001,1.000,0.061,0.000,-0.305,-26.940,9.931,-56.042,0.9995,-0.0004,-0.0001,0.0317,-0.01,0.00,0.00,0.05,90680.4,0,0.00,0.00,2
101686,-0.000,-0.001,0.997,-0.000,0.000,0.183,-27.793,8.667,-56.566,0.9995,-0.0005,-0.0001,0.0319,-0.01,0.00,0.00,0.05,90679.0,0,0.00,0.00,2
101886,-0.000,-0.002,0.998,0.061,0.000,-0.122,-27.281,7.764,-56.042,0.9995,-0.0005,-0.0002,0.0320,-0.01,0.00,0.00,0.07,90678.4,0,0.00,0.00,2
102086,-0.000,-0.000,0.997,-0.000,-0.061,0.061,-27.452,8.306,-55.519,0.9995,-0.0005,-0.0002,0.0322,-0.01,0.00,0.00,0.06,90677.0,0,0.00,0.00,2
102286,0.000,0.000,0.997,0.061,-0.061,0.061,-26.940,8.848,-55.693,0.9995,-0.0005,-0.0002,0.0323,-0.02,0.00,0.00,0.06,90677.0,0,0.00,0.00,2
102486,-0.000,-0.002,0.997,0.061,0.000,0.244,-26.770,9.028,-55.170,0.9995,-0.0005,-0.0002,0.0324,-0.02,0.00,0.00,0.04,90674.2,0,0.00,0.00,2
102686,-0.000,0.000,0.996,0.122,0.000,-0.061,-27.281,8.125,-55.693,0.9995,-0.0005,-0.0002,0.0326,-0.02,0.00,0.00,0.05,90679.0,0,0.00,0.00,2
102886,-0.000,0.000,0.997,0.122,0.000,-0.000,-27.793,9.389,-55.868,0.9995,-0.0005,-0.0001,0.0327,-0.02,0.00,0.00,0.05,90683.9,0,0.00,0.00,2
103086,0.001,-0.003,0.996,0.061,0.000,-0.000,-27.622,9.209,-56.392,0.9995,-0.0004,-0.0001,0.0327,-0.03,-0.00,0.00,0.04,90681.1,0,0.00,0.00,2
103286,0.003,-0.001,1.000,0.061,0.000,-0.183,-28.134,7.584,-55.170,0.9995,-0.0004,-0.0002,0.0330,-0.03,0.00,0.00,0.04,90682.4,0,0.00,0.00,2
103486,0.001,-0.000,1.000,0.061,-0.061,0.122,-27.281,8.487,-55.693,0.9995,-0.0005,-0.0002,0.0331,-0.04,0.00,0.00,0.06,90683.9,0,0.00,0.00,2
103686,-0.000,-0.004,0.998,0.061,0.061,-0.122,-26.770,8.306,-55.519,0.9994,-0.0005,-0.0002,0.0332,-0.04,0.00,0.00,0.06,90680.4,0,0.00,0.00,2
103886,0.001,-0.001,0.997,0.061,0.000,-0.183,-27.111,9.389,-56.566,0.9994,-0.0005,-0.0001,0.0334,-0.04,0.00,0.00,0.05,90681.1,0,0.00,0.00,2
104086,0.000,-0.002,0.996,-0.000,0.000,0.061,-27.793,9.028,-55.519,0.9994,-0.0006,-0.0001,0.0335,-0.04,0.00,0.00,0.06,90680.4,0,0.00,0.00,2
104286,-0.001,-0.001,0.997,0.061,0.000,-0.244,-27.793,9.028,-55.519,0.9994,-0.0006,-0.0001,0.0335,-0.05,0.00,0.00,0.07,90679.7,0,0.00,0.00,2
104486,-0.001,-0.001,0.995,0.061,-0.061,-0.000,-27.281,8.125,-54.646,0.9994,-0.0006,-0.0001,0.0337,-0.05,0.00,0.00,0.07,90681.1,0,0.00,0.00,2
104686,-0.000,-0.002,0.996,0.061,0.000,-0.000,-26.940,9.209,-56.392,0.9994,-0.0006,-0.0000,0.0338,-0.05,0.00,0.00,0.07,90681.8,0,0.00,0.00,2
104886,0.000,-0.000,0.997,-0.000,0.000,-0.000,-27.281,7.764,-56.042,0.9994,-0.0006,-0.0001,0.0341,-0.04,0.00,0.00,0.06,90676.3,0,0.00,0.00,2
105086,0.002,-0.002,0.999,0.061,0.000,-0.061,-28.134,8.667,-56.217,0.9994,-0.0006,-0.0000,0.0342,-0.04,0.00,0.00,0.07,90683.8,0,0.00,0.00,2
105286,-0.002,-0.001,0.998,0.122,0.000,0.061,-28.304,7.042,-56.042,0.9994,-0.0007,-0.0000,0.0343,-0.04,0.00,0.00,0.07,90678.3,0,0.00,0.00,2
105486,-0.000,-0.000,1.000,0.061,0.061,-0.061,-27.281,8.487,-55.344,0.9994,-0.0006,0.0000,0.0345,-0.04,0.00,0.00,0.07,90674.9,0,0.00,0.00,2
105686,-0.000,-0.001,0.997,0.061,0.061,-0.000,-27.281,9.209,-56.042,0.9994,-0.0007,-0.0000,0.0347,-0.03,0.00,0.00,0.07,90680.4,0,0.00,0.00,2
105886,-0.001,-0.001,0.997,0.122,0.000,0.061,-26.770,8.667,-57.265,0.9994,-0.0006,0.0001,0.0348,-0.03,0.00,0.00,0.07,90678.3,0,0.00,0.00,2
106086,0.001,0.000,0.997,0.061,-0.061,-0.000,-26.429,8.667,-56.566,0.9994,-0.0006,0.0000,0.0350,-0.03,0.00,0.00,0.07,90677.0,0,0.00,0.00,2
106286,0.001,-0.000,0.999,0.061,0.000,0.122,-26.088,9.389,-54.471,0.9994,-0.0006,-0.0000,0.0351,-0.03,0.00,0.00,0.07,90678.3,0,0.00,0.00,2
106486,0.006,-0.019,1.006,-0.000,0.122,-0.305,-26.429,8.667,-56.217,0.9994,-0.0007,0.0000,0.0351,-0.03,0.00,0.00,0.08,90676.9,0,0.00,0.00,2
106686,0.001,-0.002,0.998,0.061,-0.061,0.183,-28.134,9.028,-54.471,0.9994,-0.0006,-0.0000,0.0354,-0.03,0.00,0.00,0.06,90679.7,0,0.00,0.00,2
106886,-0.003,-0.002,0.996,0.122,-0.061,0.183,-27.963,7.403,-55.344,0.9994,-0.0005,-0.0001,0.0355,-0.03,0.00,0.00,0.06,90680.4,0,0.00,0.00,2
107086,-0.002,-0.000,0.995,-0.000,-0.061,-0.000,-27.793,8.306,-56.217,0.9994,-0.0005,-0.0001,0.0357,-0.03,0.00,0.00,0.06,90679.7,0,0.00,0.00,2
107286,0.003,0.000,0.998,0.061,0.000,-0.061,-27.622,8.125,-55.693,0.9994,-0.0005,-0.0001,0.0358,-0.03,0.00,0.00,0.06,90681.7,0,0.00,0.00,2
107486,0.002,-0.001,0.996,0.061,-0.061,-0.000,-27.793,7.584,-55.868,0.9994,-0.0006,-0.0001,0.0359,-0.02,0.00,0.00,0.06,90676.2,0,0.00,0.00,2
107686,0.004,0.001,0.997,-0.000,0.000,-0.061,-26.940,9.209,-55.693,0.9993,-0.0005,-0.0001,0.0361,-0.03,0.00,0.00,0.05,90679.7,0,0.00,0.00,2
107886,0.000,0.002,0.996,0.061,0.000,0.122,-26.940,7.403,-54.646,0.9993,-0.0005,-0.0001,0.0362,-0.03,-0.00,0.00,0.06,90683.1,0,0.00,0.00,2
108086,-0.002,-0.001,0.997,0.061,0.000,-0.000,-27.622,7.764,-56.392,0.9993,-0.0005,-0.0001,0.0363,-0.03,0.00,0.00,0.06,90681.7,0,0.00,0.00,2
108286,0.003,-0.001,0.991,0.122,0.061,-0.061,-27.452,6.862,-55.868,0.9993,-0.0005,-0.0001,0.0364,-0.03,-0.00,0.00,0.05,90679.6,0,0.00,0.00,2
108486,-0.000,0.001,0.998,-0.000,0.000,0.244,-25.747,9.028,-57.265,0.9993,-0.0005,-0.0000,0.0366,-0.03,0.00,0.00,0.06,90679.0,0,0.00,0.00,2
108686,-0.001,0.000,0.996,0.183,0.000,-0.000,-27.793,9.389,-54.820,0.9993,-0.0005,0.0000,0.0366,-0.03,0.00,0.00,0.06,90682.4,0,0.00,0.00,2
108886,-0.000,0.000,0.997,0.061,0.000,-0.000,-26.258,9.931,-55.693,0.9993,-0.0006,-0.0000,0.0369,-0.04,0.00,0.00,0.06,90683.1,0,0.00,0.00,2
109086,0.001,-0.002,0.998,-0.000,-0.061,0.122,-25.917,8.125,-55.693,0.9993,-0.0006,-0.0000,0.0370,-0.04,0.00,0.00,0.06,90680.4,0,0.00,0.00,2
109286,-0.000,-0.001,0.997,0.061,0.000,0.183,-27.111,7.584,-55.868,0.9993,-0.0005,-0.0000,0.0371,-0.03,0.00,0.00,0.06,90681.7,0,0.00,0.00,2
109486,-0.000,0.002,0.995,-0.000,-0.061,0.244,-27.793,8.667,-55.170,0.9993,-0.0005,-0.0000,0.0373,-0.03,0.00,0.00,0.06,90679.0,0,0.00,0.00,2
109686,-0.000,0.000,0.998,0.122,-0.061,0.061,-28.304,9.209,-55.344,0.9993,-0.0005,-0.0000,0.0375,-0.03,0.00,0.00,0.05,90679.7,0,0.00,0.00,2
109886,-0.000,-0.002,0.996,0.061,0.000,0.122,-27.452,6.862,-55.519,0.9993,-0.0005,-0.0000,0.0376,-0.02,0.00,0.00,0.04,90678.3,0,0.00,0.00,2
110086,0.002,-0.002,0.997,0.061,0.000,-0.000,-27.452,8.667,-55.170,0.9993,-0.0005,-0.0000,0.0377,-0.02,0.00,0.00,0.05,90678.3,0,0.00,0.00,2
110286,-0.000,-0.001,0.999,0.061,-0.061,0.122,-27.963,7.042,-57.090,0.9993,-0.0004,-0.0000,0.0378,-0.02,0.00,0.00,0.04,90677.6,0,0.00,0.00,2
110486,-0.002,-0.001,0.994,-0.000,0.000,0.122,-27.622,8.125,-56.042,0.9993,-0.0004,0.0000,0.0379,-0.02,-0.00,0.00,0.05,90676.2,0,0.00,0.00,2
110686,-0.003,-0.001,1.000,0.061,0.000,0.061,-28.304,8.125,-57.090,0.9993,-0.0005,-0.0000,0.0381,-0.01,0.00,0.00,0.05,90679.0,0,0.00,0.00,2
110886,0.001,-0.001,0.996,0.061,0.061,0.122,-26.258,7.764,-56.042,0.9993,-0.0004,0.0000,0.0382,-0.01,-0.00,0.00,0.05,90679.6,0,0.00,0.00,2
111086,0.001,-0.003,0.997,-0.000,0.000,-0.061,-27.963,8.848,-54.995,0.9993,-0.0004,0.0001,0.0383,-0.01,-0.00,0.00,0.04,90683.1,0,0.00,0.00,2
111286,0.000,-0.003,0.998,0.061,0.000,0.183,-27.452,8.667,-56.217,0.9993,-0.0004,0.0001,0.0384,-0.01,0.00,0.00,0.05,90676.9,0,0.00,0.00,2
111486,0.001,-0.001,0.995,-0.000,0.122,-0.183,-27.963,8.487,-54.646,0.9993,-0.0003,0.0001,0.0386,-0.00,-0.00,0.00,0.03,90678.3,0,0.00,0.00,2
111686,-0.000,-0.001,0.996,-0.000,0.000,0.061,-27.111,7.945,-56.217,0.9993,-0.0004,0.0001,0.0386,0.00,-0.00,0.00,0.04,90680.3,0,0.00,0.00,2
111886,0.001,-0.000,0.998,0.122,0.000,0.122,-26.258,8.848,-55.344,0.9992,-0.0005,0.0001,0.0388,0.00,-0.00,0.00,0.05,90679.6,0,0.00,0.00,2
112086,-0.000,0.000,0.996,0.061,0.061,-0.122,-27.111,8.306,-56.217,0.9992,-0.0004,0.0001,0.0390,0.00,-0.00,0.00,0.04,90679.6,0,0.00,0.00,2
112286,-0.000,-0.002,0.997,0.061,-0.061,-0.000,-26.258,8.848,-54.995,0.9992,-0.0005,0.0001,0.0391,0.00,-0.00,0.00,0.05,90679.0,0,0.00,0.00,2
112486,0.001,-0.000,0.996,0.122,-0.061,0.061,-26.429,7.584,-55.868,0.9992,-0.0005,0.0001,0.0392,0.00,-0.00,0.00,0.05,90678.9,0,0.00,0.00,2
112686,-0.000,-0.001,0.997,-0.000,0.061,-0.000,-27.622,7.764,-56.741,0.9992,-0.0004,0.0000,0.0394,-0.00,-0.00,0.00,0.05,90683.8,0,0.00,0.00,2
112886,-0.001,-0.000,0.996,-0.000,0.000,0.244,-27.452,9.028,-56.217,0.9992,-0.0005,0.0001,0.0395,-0.00,-0.00,0.00,0.04,90679.6,0,0.00,0.00,2
113086,0.002,-0.002,0.997,0.122,-0.061,0.122,-26.770,8.306,-56.217,0.9992,-0.0004,0.0001,0.0397,-0.00,-0.00,0.00,0.04,90680.3,0,0.00,0.00,2
113286,0.001,-0.001,0.997,-0.000,0.000,0.183,-26.258,9.209,-56.392,0.9992,-0.0004,0.0000,0.0400,0.00,-0.00,0.00,0.04,90674.8,0,0.00,0.00,2
113486,0.001,-0.002,0.998,0.122,0.000,0.122,-25.917,8.125,-54.646,0.9992,-0.0004,0.0000,0.0400,0.00,0.00,0.00,0.04,90676.8,0,0.00,0.00,2
113686,-0.002,-0.001,0.998,0.061,-0.061,0.183,-26.940,8.848,-57.090,0.9992,-0.0004,0.0000,0.0403,0.00,0.00,0.00,0.04,90678.2,0,0.00,0.00,2
113886,0.001,-0.001,0.997,-0.000,0.061,0.244,-28.304,8.487,-55.344,0.9992,-0.0004,0.0000,0.0404,0.00,-0.00,0.00,0.04,90678.9,0,0.00,0.00,2
114086,0.000,0.000,0.997,-0.000,0.000,0.183,-26.770,9.389,-55.170,0.9992,-0.0004,0.0000,0.0406,0.00,-0.00,0.00,0.04,90681.0,0,0.00,0.00,2
114286,0.000,-0.000,0.997,0.061,0.000,0.244,-27.111,8.306,-54.471,0.9992,-0.0004,-0.0001,0.0406,-0.00,-0.00,0.00,0.04,90677.5,0,0.00,0.00,2
114486,0.000,-0.000,0.997,0.122,0.000,-0.061,-27.622,8.125,-55.693,0.9992,-0.0003,0.0000,0.0408,-0.00,-0.00,0.00,0.03,90679.6,0,0.00,0.00,2
114686,-0.000,0.000,0.994,0.061,-0.061,0.366,-27.452,7.584,-55.868,0.9992,-0.0004,-0.0000,0.0409,-0.01,-0.00,0.00,0.04,90681.0,0,0.00,0.00,2
114886,0.000,-0.001,0.998,0.061,0.000,-0.061,-27.281,9.209,-55.693,0.9992,-0.0004,-0.0000,0.0411,-0.01,0.00,0.00,0.04,90678.9,0,0.00,0.00,2
115086,0.002,-0.000,0.997,0.061,0.000,0.183,-27.963,8.848,-54.646,0.9991,-0.0004,-0.0000,0.0413,-0.01,-0.00,0.00,0.03,90678.9,0,0.00,0.00,2
115286,-0.000,-0.001,0.995,0.122,0.061,0.061,-28.134,6.500,-54.820,0.9991,-0.0004,-0.0000,0.0413,-0.00,-0.00,0.00,0.04,90678.2,0,0.00,0.00,2
115486,0.000,-0.000,0.997,-0.000,-0.061,0.183,-27.622,9.209,-57.090,0.9991,-0.0004,-0.0000,0.0415,-0.00,-0.00,0.00,0.04,90678.9,0,0.00,0.00,2
115686,-0.000,-0.001,0.996,0.061,0.061,0.061,-26.258,8.848,-56.042,0.9991,-0.0004,-0.0001,0.0416,-0.00,-0.00,0.00,0.04,90679.6,0,0.00,0.00,2
115886,-0.001,-0.000,0.997,0.122,0.000,0.183,-28.134,8.306,-55.170,0.9991,-0.0004,0.0000,0.0417,-0.01,-0.00,0.00,0.03,90676.2,0,0.00,0.00,2
116086,0.001,-0.002,1.000,0.061,0.000,0.061,-27.793,8.306,-56.566,0.9991,-0.0004,-0.0000,0.0419,-0.00,0.00,0.00,0.03,90679.6,0,0.00,0.00,2
116286,0.001,0.000,0.996,0.061,0.000,0.183,-27.111,7.584,-54.820,0.9991,-0.0004,-0.0000,0.0421,-0.01,-0.00,0.00,0.05,90679.6,0,0.00,0.00,2
116486,0.000,-0.002,0.998,-0.000,-0.061,0.244,-27.452,7.584,-55.519,0.9991,-0.0004,0.0000,0.0423,-0.01,0.00,0.00,0.05,90678.9,0,0.00,0.00,2
116686,0.002,0.001,0.997,0.061,0.000,-0.000,-27.793,8.667,-55.868,0.9991,-0.0004,-0.0000,0.0425,-0.00,-0.00,0.00,0.04,90680.3,0,0.00,0.00,2
116886,-0.000,-0.000,0.999,0.061,-0.061,0.244,-27.452,9.028,-54.820,0.9991,-0.0004,-0.0000,0.0428,-0.00,0.00,0.00,0.04,90681.6,0,0.00,0.00,2
117086,0.000,-0.002,0.995,-0.000,0.061,0.122,-26.599,7.764,-55.344,0.9991,-0.0004,0.0000,0.0428,-0.00,-0.00,0.00,0.03,90680.3,0,0.00,0.00,2
117286,0.001,-0.000,0.996,0.061,0.000,0.244,-27.793,8.306,-55.170,0.9991,-0.0004,-0.0001,0.0430,-0.00,-0.00,0.00,0.04,90678.9,0,0.00,0.00,2
117486,0.001,0.001,0.997,0.061,0.000,0.366,-26.940,8.487,-56.741,0.9991,-0.0004,-0.0001,0.0433,0.00,-0.00,0.00,0.03,90676.2,0,0.00,0.00,2
117686,-0.001,-0.001,0.997,0.061,-0.061,0.061,-26.599,8.848,-56.741,0.9991,-0.0004,-0.0001,0.0433,0.00,-0.00,0.00,0.03,90676.9,0,0.00,0.00,2
117886,0.001,0.000,0.998,0.061,0.000,0.061,-26.429,9.028,-55.868,0.9991,-0.0004,-0.0001,0.0435,0.01,-0.00,0.00,0.04,90677.5,0,0.00,0.00,2
118086,-0.002,-0.001,0.997,0.061,0.000,0.427,-27.963,8.487,-53.947,0.9990,-0.0004,-0.0001,0.0436,0.01,-0.00,0.00,0.04,90676.8,0,0.00,0.00,2
118286,-0.002,-0.005,0.995,0.061,0.000,0.183,-25.747,8.306,-56.566,0.9990,-0.0004,-0.0000,0.0437,0.01,-0.00,0.00,0.04,90684.4,0,0.00,0.00,2
118486,0.001,-0.001,0.998,0.061,0.000,0.427,-26.258,8.848,-56.741,0.9990,-0.0005,-0.0001,0.0439,0.00,-0.00,0.00,0.06,90680.3,0,0.00,0.00,2
118686,0.000,0.001,0.997,-0.000,0.000,0.427,-25.917,7.403,-55.693,0.9990,-0.0005,-0.0001,0.0441,0.00,-0.00,0.00,0.05,90679.6,0,0.00,0.00,2
118886,-0.000,0.000,0.997,-0.000,0.000,0.366,-28.475,7.945,-55.868,0.9990,-0.0005,-0.0002,0.0442,-0.00,-0.00,0.00,0.04,90680.3,0,0.00,0.00,2
119086,-0.000,0.002,0.998,0.061,-0.061,0.305,-27.111,8.667,-56.217,0.9990,-0.0005,-0.0002,0.0445,-0.01,0.00,0.00,0.06,90678.9,0,0.00,0.00,2
119286,0.001,0.000,0.994,0.061,0.000,0.305,-26.940,9.570,-55.693,0.9990,-0.0004,-0.0002,0.0446,-0.01,-0.00,0.00,0.05,90678.2,0,0.00,0.00,2
119486,0.002,0.000,0.996,-0.000,-0.061,0.183,-25.747,7.584,-54.820,0.9990,-0.0005,-0.0002,0.0446,-0.00,-0.00,0.00,0.06,90675.4,0,0.00,0.00,2
119686,0.002,0.003,0.996,0.122,0.000,0.244,-27.111,8.306,-55.170,0.9990,-0.0005,-0.0002,0.0449,-0.00,-0.00,0.00,0.06,90677.5,0,0.00,0.00,2
119886,-0.001,0.002,0.997,-0.000,0.000,0.244,-27.111,8.306,-55.868,0.9990,-0.0004,-0.0002,0.0451,-0.00,-0.00,0.00,0.04,90680.3,0,0.00,0.00,2
120086,-0.000,-0.001,0.997,0.061,0.061,0.183,-27.281,8.487,-55.344,0.9990,-0.0004,-0.0001,0.0451,-0.00,-0.00,0.00,0.05,90683.0,0,0.00,0.00,2
120286,0.003,-0.000,0.996,-0.000,0.000,0.488,-27.622,8.125,-55.344,0.9990,-0.0003,-0.0002,0.0455,-0.00,-0.00,0.00,0.03,90677.5,0,0.00,0.00,2
120486,0.002,-0.000,0.997,-0.000,-0.061,0.305,-28.645,9.570,-55.344,0.9990,-0.0003,-0.0002,0.0457,-0.00,0.00,0.00,0.04,90678.9,0,0.00,0.00,2
120686,-0.003,0.000,0.998,0.061,0.000,0.488,-27.452,9.028,-55.868,0.9990,-0.0003,-0.0002,0.0455,-0.00,0.00,0.00,0.03,90678.9,0,0.00,0.00,2
120886,-0.003,0.003,0.996,0.061,0.061,0.244,-26.599,7.764,-56.392,0.9989,-0.0003,-0.0002,0.0459,-0.00,-0.00,0.00,0.02,90678.2,0,0.00,0.00,2
121086,0.004,0.000,0.998,-0.000,0.000,0.305,-28.134,8.306,-55.519,0.9989,-0.0002,-0.0002,0.0460,0.00,-0.00,0.00,0.03,90678.9,0,0.00,0.00,2
121286,0.002,-0.000,0.997,0.061,0.061,0.061,-26.940,8.487,-56.392,0.9989,-0.0003,-0.0001,0.0462,0.01,-0.00,0.00,0.02,90676.8,0,0.00,0.00,2
121486,0.002,0.002,0.995,0.061,-0.061,0.549,-26.429,8.667,-54.471,0.9989,-0.0002,-0.0002,0.0464,0.01,-0.00,0.00,0.02,90679.6,0,0.00,0.00,2
121686,-0.001,0.001,0.997,0.122,0.000,-0.061,-26.599,7.764,-56.042,0.9989,-0.0002,-0.0002,0.0466,0.01,-0.00,0.00,0.03,90681.6,0,0.00,0.00,2
121886,0.002,-0.002,0.997,-0.000,0.000,0.122,-26.940,8.848,-56.042,0.9989,-0.0003,-0.0002,0.0467,0.00,-0.00,0.00,0.04,90679.6,0,0.00,0.00,2
122086,0.002,0.001,0.998,0.061,0.000,0.122,-28.134,8.667,-55.868,0.9989,-0.0003,-0.0002,0.0469,0.01,-0.00,0.00,0.04,90678.2,0,0.00,0.00,2
122286,-0.000,0.002,0.996,0.061,0.000,0.183,-27.452,8.667,-55.868,0.9989,-0.0003,-0.0002,0.0469,0.01,-0.00,0.00,0.03,90677.5,0,0.00,0.00,2
122486,-0.003,0.000,0.995,0.122,0.000,0.061,-25.917,7.403,-56.392,0.9989,-0.0002,-0.0001,0.0471,0.02,-0.00,0.00,0.00,90677.5,0,0.00,0.00,2
122686,0.002,0.000,0.994,0.061,0.000,0.366,-26.599,9.209,-55.344,0.9989,-0.0002,-0.0001,0.0473,0.03,-0.00,0.00,0.00,90672.7,0,0.00,0.00,2
122886,0.002,-0.002,0.997,0.122,0.000,0.061,-27.452,8.306,-56.217,0.9989,-0.0002,-0.0002,0.0473,0.03,-0.00,0.00,0.02,90675.4,0,0.00,0.00,2
123086,-0.002,-0.000,0.997,-0.000,-0.061,0.244,-26.770,7.945,-56.566,0.9989,-0.0002,-0.0001,0.0475,0.03,-0.00,0.00,0.02,90677.5,0,0.00,0.00,2
123286,-0.000,-0.001,0.996,0.061,0.000,0.122,-27.963,9.570,-55.344,0.9989,-0.0002,-0.0001,0.0476,0.03,-0.00,0.00,0.00,90680.2,0,0.00,0.00,2
123486,-0.000,-0.003,0.997,0.061,0.000,0.183,-26.770,7.945,-55.519,0.9989,-0.0002,-0.0001,0.0478,0.03,-0.00,0.00,0.00,90676.8,0,0.00,0.00,2
123686,0.001,-0.003,0.997,0.061,0.000,0.183,-26.088,9.751,-56.217,0.9989,-0.0001,-0.0001,0.0479,0.02,-0.00,0.00,0.00,90678.2,0,0.00,0.00,2
123886,-0.003,-0.001,0.998,0.061,-0.061,0.305,-28.475,7.945,-55.519,0.9988,-0.0002,-0.0001,0.0481,0.02,-0.00,0.00,0.00,90680.2,0,0.00,0.00,2
124086,-0.002,-0.002,0.999,0.061,-0.061,0.305,-27.452,9.389,-56.217,0.9988,-0.0002,-0.0001,0.0483,0.02,-0.00,0.00,0.00,90680.9,0,0.00,0.00,2
124286,0.000,-0.002,0.996,-0.000,0.000,0.305,-28.645,9.931,-56.392,0.9988,-0.0001,-0.0001,0.0484,0.01,-0.00,0.00,0.00,90680.2,0,0.00,0.00,2
124486,0.001,-0.002,0.997,0.122,-0.061,0.305,-27.622,7.764,-56.392,0.9988,-0.0001,-0.0001,0.0485,0.01,-0.00,0.00,0.00,90676.8,0,0.00,0.00,2
124686,-0.000,-0.001,0.993,0.122,0.061,0.183,-26.940,8.848,-54.646,0.9988,-0.0001,-0.0001,0.0487,0.02,-0.00,0.00,0.00,90682.3,0,0.00,0.00,2
124886,-0.000,-0.000,0.998,-0.000,0.000,0.305,-26.940,8.848,-55.693,0.9988,-0.0001,-0.0001,0.0488,0.02,0.00,0.00,0.00,90673.3,0,0.00,0.00,2
125086,-0.000,-0.000,0.998,0.061,0.061,0.183,-27.793,8.306,-55.868,0.9988,-0.0002,-0.0000,0.0489,0.02,-0.00,0.00,0.03,90678.2,0,0.00,0.00,2
125286,0.002,-0.001,0.996,0.061,-0.061,0.244,-26.770,8.667,-54.122,0.9988,-0.0002,-0.0001,0.0491,0.02,-0.00,0.00,0.00,90676.8,0,0.00,0.00,2
125486,0.000,-0.002,0.998,-0.000,0.061,0.122,-27.622,9.931,-55.693,0.9988,-0.0002,-0.0001,0.0492,0.02,-0.00,0.00,0.00,90677.5,0,0.00,0.00,2
125686,0.000,-0.001,0.996,0.122,0.000,0.183,-28.134,8.306,-56.915,0.9988,-0.0003,-0.0002,0.0493,0.01,-0.00,0.00,0.02,90678.8,0,0.00,0.00,2
125886,-0.003,0.001,0.998,0.061,-0.061,0.183,-27.622,8.487,-57.090,0.9988,-0.0002,-0.0001,0.0495,0.01,-0.00,0.00,0.02,90680.9,0,0.00,0.00,2
126086,0.001,-0.000,0.999,0.061,0.000,0.122,-27.622,8.125,-56.042,0.9988,-0.0002,-0.0001,0.0496,0.01,0.00,0.00,0.02,90678.8,0,0.00,0.00,2
126286,-0.000,-0.002,0.999,-0.000,-0.061,0.366,-27.111,8.306,-56.566,0.9988,-0.0003,-0.0001,0.0497,0.00,0.00,0.00,0.00,90676.1,0,0.00,0.00,2
126486,-0.000,0.000,0.997,0.061,0.000,0.366,-27.963,8.125,-56.392,0.9988,-0.0003,-0.0001,0.0499,0.00,0.00,0.00,0.02,90674.7,0,0.00,0.00,2
126686,-0.000,-0.001,0.996,0.122,0.061,0.061,-27.963,7.764,-56.741,0.9988,-0.0003,-0.0001,0.0499,0.01,-0.00,0.00,0.03,90677.5,0,0.00,0.00,2
126886,-0.000,-0.001,0.996,0.061,-0.061,0.427,-27.963,7.042,-55.693,0.9987,-0.0003,-0.0001,0.0502,0.01,-0.00,0.00,0.02,90676.8,0,0.00,0.00,2
127086,-0.000,-0.002,0.998,-0.000,0.000,0.244,-28.645,8.487,-55.344,0.9987,-0.0003,-0.0001,0.0503,0.02,-0.00,0.00,0.03,90674.7,0,0.00,0.00,2
127286,-0.001,-0.003,0.997,0.061,0.000,0.122,-27.793,8.667,-56.915,0.9987,-0.0003,-0.0001,0.0505,0.02,-0.00,0.00,0.03,90677.5,0,0.00,0.00,2
127486,-0.000,-0.001,0.997,0.061,-0.061,0.366,-26.258,9.931,-57.090,0.9987,-0.0003,-0.0001,0.0506,0.02,-0.00,0.00,0.02,90677.5,0,0.00,0.00,2
127686,0.000,-0.002,0.997,-0.000,-0.061,-0.000,-27.111,7.945,-55.170,0.9987,-0.0003,-0.0001,0.0508,0.03,-0.00,0.00,0.00,90676.1,0,0.00,0.00,2
127886,-0.000,-0.001,0.998,-0.000,0.000,0.427,-27.452,7.584,-56.566,0.9987,-0.0003,-0.0001,0.0510,0.03,-0.00,0.00,0.02,90676.8,0,0.00,0.00,2
128086,-0.003,-0.002,0.997,0.122,0.000,-0.122,-27.111,8.667,-55.868,0.9987,-0.0003,-0.0001,0.0511,0.02,-0.00,0.00,0.02,90678.8,0,0.00,0.00,2
128286,0.001,-0.002,0.999,0.061,0.000,0.122,-27.111,7.945,-54.471,0.9987,-0.0003,-0.0001,0.0513,0.03,-0.00,0.00,0.02,90675.3,0,0.00,0.00,2
128486,-0.000,-0.003,0.999,-0.000,0.000,-0.244,-27.111,8.667,-55.868,0.9987,-0.0003,-0.0001,0.0514,0.03,0.00,0.00,0.00,90673.3,0,0.00,0.00,2
128686,-0.000,-0.003,0.995,0.061,-0.122,0.122,-27.452,7.945,-53.424,0.9987,-0.0002,-0.0001,0.0516,0.04,-0.00,0.00,0.00,90676.8,0,0.00,0.00,2
128886,-0.000,-0.001,0.996,0.061,0.000,-0.183,-26.258,8.125,-57.090,0.9987,-0.0001,-0.0001,0.0516,0.04,-0.00,0.00,0.00,90678.8,0,0.00,0.00,2
129086,-0.000,-0.003,0.999,-0.000,-0.061,0.122,-27.111,8.306,-55.519,0.9987,-0.0001,-0.0001,0.0518,0.04,-0.00,0.00,0.00,90676.1,0,0.00,0.00,2
129286,-0.000,-0.005,0.996,0.122,0.000,-0.000,-27.452,7.223,-54.471,0.9987,-0.0002,-0.0001,0.0518,0.04,-0.00,0.00,0.00,90680.9,0,0.00,0.00,2
129486,-0.000,-0.001,0.998,0.061,0.000,0.061,-27.452,7.945,-55.868,0.9986,-0.0002,-0.0001,0.0520,0.03,-0.00,0.00,0.00,90682.9,0,0.00,0.00,2
129686,-0.001,-0.001,0.997,0.061,0.000,-0.122,-25.747,9.389,-55.868,0.9986,-0.0002,-0.0001,0.0521,0.02,-0.00,0.00,0.00,90678.1,0,0.00,0.00,2
129886,-0.000,-0.002,0.994,0.061,0.000,0.122,-27.452,7.945,-56.217,0.9986,-0.0002,-0.0001,0.0524,0.03,-0.00,0.00,0.00,90676.8,0,0.00,0.00,2
130086,0.001,-0.000,0.998,0.122,0.000,-0.122,-26.770,7.584,-55.519,0.9986,-0.0002,-0.0001,0.0526,0.03,-0.00,0.00,0.00,90679.5,0,0.00,0.00,2
130286,-0.000,0.000,0.996,-0.000,0.061,-0.000,-28.134,7.584,-55.868,0.9986,-0.0002,-0.0001,0.0528,0.02,-0.00,0.00,0.00,90682.2,0,0.00,0.00,2
130486,-0.001,-0.000,0.999,0.061,0.000,-0.244,-27.622,8.125,-54.995,0.9986,-0.0001,-0.0001,0.0528,0.02,0.00,0.00,0.00,90675.3,0,0.00,0.00,2
130686,-0.002,0.000,0.995,0.061,0.000,-0.061,-27.281,7.042,-54.995,0.9986,-0.0001,-0.0001,0.0530,0.02,-0.00,0.00,0.00,90685.0,0,0.00,0.00,2
130886,-0.001,-0.001,0.996,0.122,0.000,-0.000,-27.793,7.223,-56.566,0.9986,-0.0001,-0.0001,0.0531,0.01,-0.00,0.00,0.00,90681.5,0,0.00,0.00,2
131086,0.001,-0.002,0.997,0.061,0.000,0.061,-26.940,8.487,-55.344,0.9986,-0.0001,-0.0001,0.0532,0.01,-0.00,0.00,0.00,90683.6,0,0.00,0.00,2
131286,0.002,-0.001,0.997,0.061,0.000,0.244,-25.917,9.209,-55.344,0.9986,-0.0001,-0.0002,0.0535,0.00,-0.00,0.00,0.03,90682.9,0,0.00,0.00,2
131486,0.000,-0.000,0.998,0.122,0.000,0.122,-26.770,9.028,-55.519,0.9986,-0.0002,-0.0002,0.0536,-0.00,0.00,0.00,0.00,90681.6,0,0.00,0.00,2
131686,-0.000,-0.002,0.997,0.061,0.000,0.122,-27.793,7.945,-56.566,0.9986,-0.0002,-0.0002,0.0537,-0.00,0.00,0.00,0.00,90678.1,0,0.00,0.00,2
131886,-0.000,0.000,0.996,0.122,0.000,0.122,-28.475,9.028,-56.915,0.9985,-0.0001,-0.0002,0.0540,-0.01,-0.00,0.00,0.00,90681.5,0,0.00,0.00,2
132086,0.001,-0.001,0.998,-0.000,-0.061,0.183,-26.940,8.125,-56.392,0.9985,-0.0002,-0.0002,0.0540,-0.01,0.00,0.00,0.00,90679.5,0,0.00,0.00,2
132286,0.000,-0.002,0.997,0.061,0.000,-0.122,-26.599,8.125,-55.344,0.9985,-0.0002,-0.0002,0.0542,-0.01,-0.00,0.00,0.02,90678.8,0,0.00,0.00,2
132486,0.000,0.000,0.998,0.061,0.061,0.183,-27.452,8.306,-55.170,0.9985,-0.0002,-0.0001,0.0544,-0.01,0.00,0.00,0.00,90676.0,0,0.00,0.00,2
132686,-0.000,-0.000,0.996,0.122,0.000,0.061,-26.770,7.584,-55.519,0.9985,-0.0002,-0.0001,0.0545,-0.01,-0.00,0.00,0.00,90679.5,0,0.00,0.00,2
132886,-0.000,0.000,0.997,0.061,0.000,0.183,-26.599,8.487,-56.042,0.9985,-0.0002,-0.0001,0.0546,-0.01,0.00,0.00,0.02,90681.5,0,0.00,0.00,2
133086,-0.001,0.000,0.996,-0.000,-0.061,-0.000,-27.963,8.125,-54.995,0.9985,-0.0002,-0.0001,0.0547,-0.01,-0.00,0.00,0.00,90682.2,0,0.00,0.00,2
133286,0.000,-0.001,0.996,0.061,-0.061,0.122,-27.452,8.667,-55.868,0.9985,-0.0002,-0.0001,0.0548,-0.01,-0.00,0.00,0.02,90680.2,0,0.00,0.00,2
133486,0.001,0.000,0.998,0.061,0.000,0.183,-26.258,7.764,-55.344,0.9985,-0.0002,-0.0001,0.0550,-0.01,0.00,0.00,0.00,90684.3,0,0.00,0.00,2
133686,0.000,-0.001,0.997,0.061,-0.061,0.061,-26.770,8.306,-55.519,0.9985,-0.0002,-0.0001,0.0552,-0.01,0.00,0.00,0.00,90682.2,0,0.00,0.00,2
133886,-0.000,-0.001,0.998,0.061,0.061,0.122,-29.157,7.584,-54.820,0.9985,-0.0002,-0.0001,0.0554,-0.01,0.00,0.00,0.00,90678.8,0,0.00,0.00,2
134086,0.000,-0.000,0.999,0.122,0.000,0.122,-26.940,7.764,-55.344,0.9985,-0.0002,-0.0001,0.0556,-0.01,0.00,0.00,0.02,90684.3,0,0.00,0.00,2
134286,-0.000,-0.002,0.996,0.122,-0.061,-0.000,-26.940,8.125,-54.995,0.9984,-0.0002,-0.0000,0.0557,-0.02,0.00,0.00,0.00,90679.5,0,0.00,0.00,2
134486,0.000,-0.001,0.999,0.061,-0.061,0.244,-27.963,7.403,-55.344,0.9984,-0.0003,-0.0000,0.0558,-0.02,0.00,0.00,0.00,90680.1,0,0.00,0.00,2
134686,-0.001,-0.001,0.996,0.122,0.000,0.122,-26.599,7.403,-54.297,0.9984,-0.0003,-0.0000,0.0561,-0.02,-0.00,0.00,0.00,90680.9,0,0.00,0.00,2
134886,-0.000,-0.002,1.000,0.061,0.000,0.061,-26.770,7.945,-55.170,0.9984,-0.0003,-0.0000,0.0562,-0.02,0.00,0.00,0.02,90680.2,0,0.00,0.00,2
135086,0.001,-0.000,0.996,0.061,0.000,-0.000,-27.111,8.667,-55.170,0.9984,-0.0003,-0.0001,0.0563,-0.02,0.00,0.00,0.03,90677.4,0,0.00,0.00,2
135286,-0.001,0.000,0.996,-0.000,0.000,0.122,-27.111,7.945,-56.566,0.9984,-0.0003,-0.0001,0.0565,-0.02,0.00,0.00,0.03,90678.8,0,0.00,0.00,2
135486,0.000,-0.001,0.995,0.061,0.000,-0.000,-26.429,8.667,-55.868,0.9984,-0.0003,-0.0000,0.0566,-0.02,-0.00,0.00,0.00,90682.2,0,0.00,0.00,2
135686,0.000,-0.000,0.998,0.122,0.061,0.122,-27.963,8.125,-56.042,0.9984,-0.0003,0.0000,0.0568,-0.02,0.00,0.00,0.02,90684.3,0,0.00,0.00,2
135886,0.001,0.000,0.998,0.122,0.000,-0.000,-27.963,9.570,-55.344,0.9984,-0.0003,0.0000,0.0569,-0.02,0.00,0.00,0.02,90681.5,0,0.00,0.00,2
136086,-0.000,-0.002,0.998,0.061,0.000,0.061,-27.111,9.028,-55.868,0.9984,-0.0003,0.0000,0.0570,-0.02,0.00,0.00,0.02,90682.2,0,0.00,0.00,2
136286,-0.000,0.000,0.995,0.183,0.061,0.061,-26.770,8.667,-56.217,0.9984,-0.0003,0.0000,0.0572,-0.02,-0.00,0.00,0.04,90683.6,0,0.00,0.00,2
136486,0.001,0.000,0.999,0.122,0.000,-0.000,-28.134,7.223,-55.868,0.9984,-0.0003,0.0000,0.0574,-0.02,0.00,0.00,0.02,90680.8,0,0.00,0.00,2
136686,0.001,-0.000,0.998,0.061,0.000,0.061,-26.770,7.223,-56.217,0.9983,-0.0003,0.0000,0.0575,-0.02,0.00,0.00,0.02,90680.1,0,0.00,0.00,2
136886,-0.000,0.000,0.996,0.061,-0.061,-0.000,-27.281,9.209,-56.392,0.9983,-0.0002,0.0000,0.0576,-0.02,0.00,0.00,0.03,90683.6,0,0.00,0.00,2
137086,-0.001,-0.001,0.996,0.061,0.000,0.061,-27.281,9.931,-56.042,0.9983,-0.0002,0.0000,0.0578,-0.02,0.00,0.00,0.02,90678.1,0,0.00,0.00,2
137286,-0.001,-0.001,0.997,0.061,0.000,-0.122,-27.963,7.764,-56.042,0.9983,-0.0002,0.0001,0.0579,-0.02,0.00,0.00,0.00,90680.8,0,0.00,0.00,2
137486,0.002,-0.001,0.999,0.122,0.000,0.122,-27.281,8.125,-54.646,0.9983,-0.0002,0.0001,0.0581,-0.02,0.00,0.00,0.00,90682.9,0,0.00,0.00,2
137686,0.001,-0.000,0.997,0.061,0.000,0.244,-27.281,8.125,-55.693,0.9983,-0.0002,-0.0000,0.0584,-0.03,0.00,0.00,0.00,90682.2,0,0.00,0.00,2
137886,-0.000,-0.001,0.995,0.061,0.000,-0.000,-27.963,8.848,-56.741,0.9983,-0.0002,-0.0000,0.0584,-0.03,-0.00,0.00,0.00,90685.7,0,0.00,0.00,2
138086,-0.001,-0.000,0.997,0.061,-0.122,0.122,-27.622,8.125,-56.042,0.9983,-0.0003,-0.0001,0.0586,-0.03,0.00,0.00,0.02,90681.5,0,0.00,0.00,2
138286,-0.000,-0.000,0.997,0.122,-0.061,0.061,-27.793,9.028,-55.868,0.9983,-0.0002,-0.0001,0.0587,-0.03,0.00,0.00,0.03,90680.8,0,0.00,0.00,2
138486,0.000,-0.003,0.998,0.061,0.000,0.061,-26.088,9.751,-55.868,0.9983,-0.0002,-0.0001,0.0588,-0.03,0.00,0.00,0.03,90680.1,0,0.00,0.00,2
138686,-0.000,-0.001,1.000,0.061,0.000,0.122,-26.770,9.028,-55.519,0.9983,-0.0003,-0.0000,0.0590,-0.03,0.00,0.00,0.02,90681.5,0,0.00,0.00,2
138886,-0.001,-0.000,0.995,0.061,0.000,-0.061,-26.258,8.848,-56.042,0.9983,-0.0002,-0.0001,0.0591,-0.02,-0.00,0.00,0.02,90682.2,0,0.00,0.00,2
139086,0.000,0.000,0.997,0.061,0.061,-0.061,-25.747,8.667,-56.566,0.9982,-0.0003,-0.0001,0.0592,-0.03,0.00,0.00,0.03,90678.8,0,0.00,0.00,2
139286,0.000,-0.001,0.999,0.061,-0.061,-0.061,-28.134,9.389,-55.519,0.9982,-0.0003,-0.0001,0.0594,-0.03,0.00,0.00,0.03,90681.5,0,0.00,0.00,2
139486,-0.000,0.000,0.998,0.061,-0.122,0.122,-27.963,9.209,-56.741,0.9982,-0.0003,-0.0002,0.0595,-0.03,0.00,0.00,0.03,90683.6,0,0.00,0.00,2
139686,-0.002,0.000,0.994,0.122,-0.061,-0.000,-27.111,7.223,-56.217,0.9982,-0.0003,-0.0002,0.0596,-0.03,-0.00,0.00,0.03,90682.2,0,0.00,0.00,2
139886,0.002,-0.002,0.995,0.061,0.061,0.122,-27.281,8.848,-57.090,0.9982,-0.0003,-0.0002,0.0597,-0.03,0.00,0.00,0.02,90678.8,0,0.00,0.00,2
140086,0.001,-0.004,0.999,0.122,0.000,-0.000,-28.304,8.487,-55.344,0.9982,-0.0003,-0.0002,0.0600,-0.03,0.00,0.00,0.02,90685.0,0,0.00,0.00,2
140286,0.000,-0.000,0.997,-0.000,0.000,0.183,-27.622,8.487,-55.344,0.9982,-0.0003,-0.0001,0.0600,-0.03,0.00,0.00,0.02,90679.4,0,0.00,0.00,2
140486,-0.001,-0.001,0.995,0.122,-0.061,-0.000,-26.599,7.403,-56.741,0.9982,-0.0003,-0.0002,0.0602,-0.03,0.00,0.00,0.02,90677.4,0,0.00,0.00,2
140686,-0.001,-0.001,0.998,0.061,0.000,0.122,-27.793,7.584,-54.820,0.9982,-0.0003,-0.0002,0.0604,-0.02,0.00,0.00,0.02,90679.4,0,0.00,0.00,2
140886,0.000,-0.001,0.999,0.061,0.061,0.061,-26.940,9.209,-57.090,0.9982,-0.0003,-0.0001,0.0605,-0.02,0.00,0.00,0.03,90685.0,0,0.00,0.00,2
141086,0.000,-0.000,1.001,0.061,0.000,0.122,-26.770,8.306,-56.217,0.9982,-0.0003,-0.0000,0.0607,-0.02,0.00,0.00,0.03,90682.2,0,0.00,0.00,2
141286,0.000,-0.002,0.999,-0.000,0.000,0.183,-26.770,7.945,-56.915,0.9982,-0.0003,-0.0000,0.0608,-0.02,0.00,0.00,0.02,90681.5,0,0.00,0.00,2
141486,-0.001,-0.002,0.996,-0.000,0.061,0.122,-26.088,8.306,-55.519,0.9981,-0.0003,0.0000,0.0610,-0.02,0.00,0.00,0.03,90680.8,0,0.00,0.00,2
141686,-0.000,-0.003,0.998,0.122,0.000,0.183,-26.599,9.570,-55.344,0.9981,-0.0003,0.0000,0.0610,-0.02,0.00,0.00,0.02,90682.2,0,0.00,0.00,2
141886,0.000,-0.001,0.997,-0.000,0.000,0.122,-27.963,9.209,-56.392,0.9981,-0.0003,-0.0000,0.0612,-0.02,0.00,0.00,0.03,90682.2,0,0.00,0.00,2
142086,0.000,-0.002,0.999,-0.000,0.061,0.183,-27.793,7.584,-54.471,0.9981,-0.0003,-0.0000,0.0614,-0.03,0.00,0.00,0.03,90685.6,0,0.00,0.00,2
142286,0.001,-0.003,0.999,0.061,0.061,0.122,-27.452,8.306,-55.519,0.9981,-0.0003,-0.0000,0.0615,-0.03,0.00,0.00,0.03,90680.1,0,0.00,0.00,2
142486,-0.002,-0.001,0.995,0.061,0.000,0.244,-26.770,7.945,-57.265,0.9981,-0.0003,-0.0000,0.0617,-0.03,-0.00,0.00,0.03,90680.1,0,0.00,0.00,2
142686,-0.000,-0.002,0.994,0.061,-0.061,-0.000,-27.111,8.667,-54.820,0.9981,-0.0002,-0.0000,0.0618,-0.03,-0.00,0.00,0.02,90685.6,0,0.00,0.00,2
142886,-0.000,-0.003,0.995,0.122,0.000,0.244,-26.088,9.028,-57.265,0.9981,-0.0003,-0.0000,0.0620,-0.04,0.00,0.00,0.00,90684.2,0,0.00,0.00,2
143086,0.000,-0.002,0.996,0.061,0.000,0.183,-27.281,8.487,-55.693,0.9981,-0.0003,-0.0001,0.0622,-0.04,0.00,0.00,0.03,90682.8,0,0.00,0.00,2
143286,-0.000,-0.002,0.997,0.061,0.000,0.061,-28.475,9.389,-56.566,0.9981,-0.0004,-0.0001,0.0622,-0.04,0.00,0.00,0.04,90685.6,0,0.00,0.00,2
143486,0.000,-0.001,0.997,0.061,0.000,0.122,-27.793,10.112,-56.566,0.9981,-0.0004,-0.0000,0.0624,-0.04,0.00,0.00,0.04,90684.2,0,0.00,0.00,2
143686,-0.000,-0.002,0.998,-0.000,0.061,0.122,-27.793,8.306,-56.915,0.9980,-0.0004,0.0000,0.0626,-0.05,0.00,0.00,0.04,90683.5,0,0.00,0.00,2
143886,0.000,-0.003,1.000,-0.000,0.061,0.183,-27.281,8.848,-55.693,0.9980,-0.0004,0.0000,0.0627,-0.05,0.00,0.00,0.03,90685.6,0,0.00,0.00,2
144086,-0.002,-0.001,0.997,0.061,0.000,0.122,-26.088,8.667,-56.217,0.9980,-0.0004,0.0000,0.0628,-0.05,0.00,0.00,0.04,90681.5,0,0.00,0.00,2
144286,0.000,-0.001,0.996,0.061,0.000,0.122,-26.770,7.223,-55.519,0.9980,-0.0003,0.0000,0.0630,-0.05,0.00,0.00,0.04,90684.9,0,0.00,0.00,2
144486,0.001,-0.000,0.997,0.122,0.000,0.183,-26.258,8.487,-56.392,0.9980,-0.0004,0.0000,0.0632,-0.04,0.00,0.00,0.03,90681.4,0,0.00,0.00,2
144686,-0.000,0.000,0.996,0.061,0.000,0.122,-26.599,8.125,-56.392,0.9980,-0.0004,0.0001,0.0633,-0.04,0.00,0.00,0.04,90682.1,0,0.00,0.00,2
144886,0.001,-0.000,0.997,0.061,-0.061,0.183,-27.622,7.042,-57.090,0.9980,-0.0004,0.0000,0.0635,-0.04,0.00,0.00,0.04,90680.1,0,0.00,0.00,2
145086,0.001,-0.001,0.996,0.061,0.061,0.122,-27.452,8.306,-56.566,0.9980,-0.0003,0.0000,0.0636,-0.04,0.00,0.00,0.03,90683.5,0,0.00,0.00,2
145286,0.001,-0.001,0.997,-0.000,-0.061,0.122,-27.622,9.570,-56.392,0.9980,-0.0003,0.0000,0.0638,-0.04,0.00,0.00,0.03,90680.8,0,0.00,0.00,2
145486,0.000,-0.001,0.996,0.122,0.000,0.061,-27.111,8.306,-56.566,0.9980,-0.0003,-0.0000,0.0639,-0.04,0.00,0.00,0.03,90682.1,0,0.00,0.00,2
145686,-0.002,-0.001,0.996,0.122,-0.122,-0.000,-25.917,8.125,-55.693,0.9979,-0.0003,-0.0000,0.0641,-0.04,0.00,0.00,0.03,90683.5,0,0.00,0.00,2
145886,-0.000,0.000,0.998,0.122,0.000,-0.000,-28.304,8.487,-55.693,0.9979,-0.0004,-0.0000,0.0642,-0.03,0.00,0.00,0.04,90680.8,0,0.00,0.00,2
146086,-0.000,-0.002,0.995,0.061,0.061,-0.000,-26.599,6.320,-57.090,0.9979,-0.0004,-0.0000,0.0644,-0.03,0.00,0.00,0.05,90682.1,0,0.00,0.00,2
146286,-0.001,-0.000,0.999,-0.000,0.061,0.061,-26.429,9.028,-57.265,0.9979,-0.0005,0.0000,0.0645,-0.03,0.00,0.00,0.05,90680.1,0,0.00,0.00,2
146486,0.000,-0.001,0.998,0.061,0.000,0.122,-26.599,8.125,-56.392,0.9979,-0.0005,0.0000,0.0647,-0.03,0.00,0.00,0.04,90683.5,0,0.00,0.00,2
146686,-0.001,-0.001,0.998,0.061,0.000,0.061,-28.475,8.306,-56.217,0.9979,-0.0004,0.0001,0.0648,-0.03,0.00,0.00,0.05,90682.1,0,0.00,0.00,2
146886,-0.001,-0.002,0.998,0.061,0.061,0.122,-28.304,8.125,-57.090,0.9979,-0.0004,0.0001,0.0649,-0.03,0.00,0.00,0.04,90684.9,0,0.00,0.00,2
147086,-0.000,-0.000,0.999,0.061,-0.061,0.061,-27.622,7.764,-55.344,0.9979,-0.0004,0.0000,0.0652,-0.03,0.00,0.00,0.05,90687.6,0,0.00,0.00,2
147286,0.000,-0.001,0.998,-0.000,0.000,0.244,-27.111,7.584,-56.566,0.9979,-0.0004,-0.0001,0.0654,-0.03,0.00,0.00,0.04,90683.5,0,0.00,0.00,2
147486,-0.000,-0.002,0.998,0.061,0.061,0.061,-27.452,9.028,-55.170,0.9978,-0.0004,-0.0000,0.0656,-0.03,0.00,0.00,0.04,90680.1,0,0.00,0.00,2
147686,0.000,-0.001,0.998,0.061,0.000,-0.000,-27.622,9.209,-56.042,0.9978,-0.0005,-0.0001,0.0658,-0.03,0.00,0.00,0.04,90680.8,0,0.00,0.00,2
147886,0.002,-0.001,0.999,0.061,0.061,0.061,-28.134,7.584,-55.519,0.9978,-0.0004,-0.0000,0.0660,-0.03,0.00,0.00,0.04,90682.8,0,0.00,0.00,2
148086,-0.001,-0.000,0.997,0.061,-0.061,0.061,-28.475,9.751,-55.519,0.9978,-0.0005,-0.0000,0.0661,-0.03,0.00,0.00,0.06,90680.1,0,0.00,0.00,2
148286,-0.002,0.000,0.995,0.061,0.000,-0.000,-27.111,7.584,-55.868,0.9978,-0.0004,-0.0001,0.0663,-0.03,-0.00,0.00,0.04,90681.4,0,0.00,0.00,2
148486,-0.001,0.000,0.998,-0.000,0.000,-0.000,-27.281,9.931,-55.693,0.9978,-0.0004,-0.0001,0.0664,-0.03,0.00,0.00,0.04,90680.0,0,0.00,0.00,2
148686,0.001,-0.003,0.999,-0.000,0.000,-0.061,-27.793,7.945,-55.868,0.9978,-0.0005,-0.0001,0.0665,-0.02,0.00,0.00,0.04,90678.7,0,0.00,0.00,2
148886,0.000,-0.001,0.997,0.061,0.000,0.061,-26.940,7.764,-56.042,0.9978,-0.0005,-0.0001,0.0667,-0.03,-0.00,0.00,0.05,90684.2,0,0.00,0.00,2
149086,-0.002,-0.000,0.997,0.061,0.000,-0.000,-26.429,8.667,-54.820,0.9978,-0.0004,-0.0001,0.0669,-0.03,0.00,0.00,0.04,90685.6,0,0.00,0.00,2
149286,-0.002,-0.000,0.995,0.061,0.000,-0.122,-27.452,9.028,-55.170,0.9978,-0.0004,-0.0001,0.0670,-0.03,-0.00,0.00,0.04,90684.9,0,0.00,0.00,2
149486,0.001,-0.002,0.997,0.061,-0.061,0.061,-26.940,8.848,-56.042,0.9977,-0.0004,-0.0002,0.0672,-0.03,0.00,0.00,0.05,90680.0,0,0.00,0.00,2
149686,0.001,-0.003,0.999,-0.000,0.000,0.122,-29.839,8.306,-54.122,0.9977,-0.0004,-0.0002,0.0674,-0.03,0.00,0.00,0.04,90683.5,0,0.00,0.00,2
149886,-0.003,-0.002,0.997,0.061,0.000,0.061,-27.281,8.848,-54.646,0.9977,-0.0004,-0.0002,0.0675,-0.03,0.00,0.00,0.05,90682.8,0,0.00,0.00,2
150086,-0.001,-0.001,0.999,0.061,0.061,0.061,-26.429,6.862,-55.519,0.9977,-0.0004,-0.0002,0.0677,-0.03,0.00,0.00,0.04,90682.8,0,0.00,0.00,2
150286,0.000,-0.001,0.998,0.061,0.000,0.061,-28.134,8.667,-55.519,0.9977,-0.0004,-0.0002,0.0678,-0.03,0.00,0.00,0.04,90684.2,0,0.00,0.00,2
150486,0.000,-0.001,0.996,0.061,-0.061,-0.183,-26.429,9.751,-56.217,0.9977,-0.0004,-0.0002,0.0679,-0.03,0.00,0.00,0.05,90686.3,0,0.00,0.00,2
150686,-0.001,0.000,0.999,0.061,-0.061,0.183,-25.747,8.667,-56.915,0.9977,-0.0004,-0.0002,0.0680,-0.03,0.00,0.00,0.05,90685.6,0,0.00,0.00,2
150886,-0.001,-0.002,0.996,0.122,0.000,-0.183,-27.111,7.945,-54.820,0.9977,-0.0004,-0.0003,0.0682,-0.04,-0.00,0.00,0.04,90689.7,0,0.00,0.00,2
151086,-0.000,-0.002,0.994,0.061,-0.061,-0.061,-27.281,7.042,-55.344,0.9977,-0.0003,-0.0003,0.0683,-0.04,-0.00,0.00,0.04,90686.2,0,0.00,0.00,2
151286,-0.000,-0.001,0.996,-0.000,-0.061,0.061,-26.258,9.209,-54.995,0.9977,-0.0003,-0.0003,0.0685,-0.04,0.00,0.00,0.04,90680.7,0,0.00,0.00,2
151486,0.000,-0.002,0.999,0.061,-0.061,-0.061,-28.475,8.667,-54.820,0.9976,-0.0003,-0.0002,0.0686,-0.03,0.00,0.00,0.04,90684.9,0,0.00,0.00,2
151686,-0.001,-0.000,0.995,0.061,0.061,-0.000,-26.770,8.667,-55.868,0.9976,-0.0003,-0.0002,0.0688,-0.03,0.00,0.00,0.04,90681.4,0,0.00,0.00,2
151886,0.000,-0.000,0.998,0.122,-0.061,-0.000,-26.429,8.667,-57.265,0.9976,-0.0002,-0.0002,0.0690,-0.03,0.00,0.00,0.03,90681.4,0,0.00,0.00,2
152086,0.001,-0.001,0.997,0.061,0.061,0.183,-28.475,7.584,-55.170,0.9976,-0.0002,-0.0001,0.0691,-0.03,0.00,0.00,0.00,90678.6,0,0.00,0.00,2
152286,-0.000,-0.000,0.997,0.061,0.000,-0.061,-26.770,8.306,-55.868,0.9976,-0.0003,-0.0001,0.0692,-0.02,0.00,0.00,0.00,90682.8,0,0.00,0.00,2
152486,0.000,0.001,0.996,-0.000,-0.061,0.122,-27.281,9.570,-55.344,0.9976,-0.0003,-0.0002,0.0694,-0.03,0.00,0.00,0.03,90682.8,0,0.00,0.00,2
152686,-0.001,0.001,0.999,0.061,0.000,-0.000,-27.452,7.584,-56.217,0.9976,-0.0003,-0.0002,0.0695,-0.02,0.00,0.00,0.03,90678.0,0,0.00,0.00,2
152886,0.001,-0.001,0.997,0.061,0.061,0.061,-27.793,7.584,-55.170,0.9976,-0.0003,-0.0002,0.0697,-0.02,0.00,0.00,0.03,90681.4,0,0.00,0.00,2
153086,-0.000,-0.001,1.000,-0.000,0.000,0.244,-27.111,7.945,-55.170,0.9976,-0.0003,-0.0003,0.0699,-0.01,0.00,0.00,0.04,90681.4,0,0.00,0.00,2
153286,-0.000,-0.001,0.999,0.061,-0.061,0.122,-26.940,9.570,-55.344,0.9975,-0.0003,-0.0003,0.0701,-0.01,0.00,0.00,0.03,90681.4,0,0.00,0.00,2
153486,-0.002,-0.001,0.995,0.061,-0.061,0.244,-26.258,8.487,-55.693,0.9975,-0.0003,-0.0002,0.0702,-0.01,-0.00,0.00,0.04,90678.6,0,0.00,0.00,2
153686,-0.001,0.000,0.998,0.061,-0.061,0.122,-26.599,8.848,-56.042,0.9975,-0.0003,-0.0002,0.0704,-0.00,-0.00,0.00,0.02,90684.9,0,0.00,0.00,2
153886,0.001,0.000,0.994,0.122,0.061,0.061,-27.793,9.389,-55.170,0.9975,-0.0003,-0.0002,0.0705,-0.00,-0.00,0.00,0.04,90678.0,0,0.00,0.00,2
154086,0.000,0.000,0.997,0.061,0.000,0.183,-27.111,8.306,-54.820,0.9975,-0.0003,-0.0002,0.0707,-0.00,-0.00,0.00,0.03,90674.5,0,0.00,0.00,2
154286,0.000,-0.001,0.995,0.061,0.000,0.061,-27.111,10.473,-54.820,0.9975,-0.0002,-0.0001,0.0709,-0.00,-0.00,0.00,0.00,90682.8,0,0.00,0.00,2
154486,0.001,-0.000,0.993,-0.000,0.000,-0.061,-27.281,8.125,-54.995,0.9975,-0.0002,-0.0002,0.0710,-0.00,-0.00,0.00,0.00,90683.5,0,0.00,0.00,2
154686,-0.001,0.000,0.998,0.061,0.061,0.061,-27.793,8.667,-56.217,0.9975,-0.0003,-0.0001,0.0712,-0.00,0.00,0.00,0.00,90683.5,0,0.00,0.00,2
154886,0.000,-0.000,0.997,0.061,0.000,0.061,-26.258,8.848,-54.995,0.9975,-0.0002,-0.0001,0.0714,-0.00,-0.00,0.00,0.03,90684.2,0,0.00,0.00,2
155086,0.001,-0.001,0.998,0.061,-0.061,-0.000,-27.452,8.667,-55.519,0.9974,-0.0001,-0.0001,0.0716,-0.01,0.00,0.00,0.00,90681.4,0,0.00,0.00,2
155286,-0.002,0.000,0.996,0.061,0.061,0.183,-26.940,8.125,-56.042,0.9974,-0.0002,-0.0001,0.0717,-0.00,-0.00,0.00,0.00,90682.1,0,0.00,0.00,2
155486,-0.001,-0.001,0.996,0.122,-0.061,0.061,-27.793,7.945,-55.170,0.9974,-0.0002,-0.0001,0.0719,-0.00,-0.00,0.00,0.02,90684.1,0,0.00,0.00,2
155686,-0.000,0.000,0.996,-0.000,0.061,0.122,-26.770,8.306,-56.566,0.9974,-0.0001,-0.0001,0.0721,-0.00,-0.00,0.00,0.00,90678.6,0,0.00,0.00,2
155886,-0.000,-0.001,0.997,0.061,0.000,0.122,-27.452,7.584,-55.868,0.9974,-0.0002,-0.0001,0.0722,-0.00,-0.00,0.00,0.00,90682.8,0,0.00,0.00,2
156086,-0.000,-0.000,0.998,0.122,-0.061,0.061,-26.940,10.292,-54.995,0.9974,-0.0001,-0.0001,0.0723,-0.00,0.00,0.00,0.00,90681.4,0,0.00,0.00,2
156286,-0.000,-0.001,0.998,-0.000,0.000,0.061,-27.281,9.570,-56.741,0.9974,-0.0002,-0.0002,0.0726,-0.00,0.00,0.00,0.00,90679.3,0,0.00,0.00,2
156486,-0.001,-0.001,0.999,0.183,0.061,-0.000,-26.770,8.667,-55.170,0.9974,-0.0002,-0.0002,0.0727,0.00,0.00,0.00,0.03,90676.5,0,0.00,0.00,2
156686,0.001,-0.002,0.996,-0.000,-0.122,0.122,-27.452,9.389,-55.868,0.9973,-0.0002,-0.0002,0.0728,0.01,-0.00,0.00,0.03,90680.0,0,0.00,0.00,2
156886,0.001,0.000,0.999,0.122,0.000,-0.122,-27.111,7.945,-56.217,0.9973,-0.0002,-0.0002,0.0730,0.01,-0.00,0.00,0.02,90682.8,0,0.00,0.00,2
157086,0.000,-0.001,1.000,0.061,0.000,0.183,-28.475,9.389,-55.519,0.9973,-0.0002,-0.0001,0.0731,0.01,0.00,0.00,0.00,90682.8,0,0.00,0.00,2
157286,-0.000,0.000,0.996,0.061,0.061,-0.183,-28.475,9.028,-55.519,0.9973,-0.0003,-0.0002,0.0732,0.01,-0.00,0.00,0.03,90680.7,0,0.00,0.00,2
157486,-0.000,-0.000,0.996,0.061,0.000,0.061,-27.622,8.487,-55.344,0.9973,-0.0002,-0.0002,0.0734,0.01,-0.00,0.00,0.03,90681.4,0,0.00,0.00,2
157686,0.002,-0.002,0.997,0.061,-0.061,-0.000,-26.770,9.389,-55.519,0.9973,-0.0003,-0.0002,0.0734,0.01,-0.00,0.00,0.00,90682.8,0,0.00,0.00,2
157886,0.002,-0.002,1.001,0.122,0.000,0.061,-26.770,9.751,-55.170,0.9973,-0.0002,-0.0002,0.0737,0.01,0.00,0.00,0.03,90677.2,0,0.00,0.00,2
158086,-0.000,-0.002,0.996,0.122,0.061,-0.000,-27.793,8.667,-54.820,0.9973,-0.0002,-0.0002,0.0738,0.01,-0.00,0.00,0.03,90684.8,0,0.00,0.00,2
158286,-0.001,-0.000,0.997,-0.000,0.000,-0.061,-26.599,8.125,-55.344,0.9973,-0.0003,-0.0001,0.0738,0.01,-0.00,0.00,0.03,90684.1,0,0.00,0.00,2
158486,-0.001,-0.002,0.998,0.122,0.000,-0.183,-27.622,8.125,-56.392,0.9973,-0.0003,-0.0001,0.0740,0.01,-0.00,0.00,0.00,90682.8,0,0.00,0.00,2
158686,-0.000,-0.002,0.998,0.061,0.000,-0.061,-26.599,7.403,-56.392,0.9972,-0.0003,-0.0001,0.0742,0.00,-0.00,0.00,0.00,90686.2,0,0.00,0.00,2
158886,-0.001,-0.001,0.997,0.122,0.000,-0.305,-27.281,7.042,-56.042,0.9972,-0.0002,-0.0001,0.0743,0.00,-0.00,0.00,0.00,90683.4,0,0.00,0.00,2
159086,-0.001,-0.001,0.997,0.122,-0.061,-0.244,-26.770,9.028,-55.868,0.9972,-0.0003,-0.0001,0.0745,0.00,-0.00,0.00,0.00,90680.7,0,0.00,0.00,2
159286,-0.000,-0.001,0.996,0.122,0.000,-0.183,-26.258,8.125,-55.693,0.9972,-0.0003,-0.0002,0.0747,0.00,-0.00,0.00,0.03,90675.9,0,0.00,0.00,2
159486,0.002,-0.000,0.998,0.061,0.000,-0.244,-26.940,8.125,-55.693,0.9972,-0.0003,-0.0002,0.0748,-0.00,-0.00,0.00,0.00,90684.1,0,0.00,0.00,2
159686,0.000,-0.001,0.994,0.061,0.000,-0.122,-26.599,10.292,-56.741,0.9972,-0.0003,-0.0001,0.0749,0.00,-0.00,0.00,0.03,90683.4,0,0.00,0.00,2
159886,-0.000,-0.003,0.997,0.061,0.000,-0.061,-27.622,9.570,-56.392,0.9972,-0.0003,-0.0002,0.0751,0.01,-0.00,0.00,0.02,90679.3,0,0.00,0.00,2
160086,-0.000,-0.001,0.996,0.122,0.000,-0.122,-27.281,9.570,-56.741,0.9972,-0.0003,-0.0002,0.0753,0.01,-0.00,0.00,0.00,90681.3,0,0.00,0.00,2
160286,-0.002,0.000,0.998,0.122,-0.061,-0.122,-27.281,8.125,-55.344,0.9972,-0.0003,-0.0002,0.0754,0.01,-0.00,0.00,0.00,90683.4,0,0.00,0.00,2
160486,0.001,-0.002,0.998,0.122,0.000,-0.122,-26.940,8.487,-55.693,0.9971,-0.0003,-0.0002,0.0756,0.01,-0.00,0.00,0.04,90682.0,0,0.00,0.00,2
160686,0.002,-0.000,0.996,-0.000,-0.061,-0.122,-25.917,8.487,-56.392,0.9971,-0.0003,-0.0002,0.0758,0.01,-0.00,0.00,0.03,90680.0,0,0.00,0.00,2
160886,-0.000,0.000,0.997,0.061,-0.061,-0.000,-27.622,8.487,-54.297,0.9971,-0.0003,-0.0001,0.0759,0.02,-0.00,0.00,0.02,90680.0,0,0.00,0.00,2
161086,-0.000,-0.000,0.996,0.061,0.000,-0.061,-27.281,8.848,-54.995,0.9971,-0.0003,-0.0002,0.0761,0.02,-0.00,0.00,0.02,90680.0,0,0.00,0.00,2
161286,0.001,0.000,0.998,0.061,0.000,0.122,-26.429,6.500,-55.868,0.9971,-0.0002,-0.0002,0.0764,0.02,-0.00,0.00,0.02,90678.6,0,0.00,0.00,2
161486,-0.000,0.000,0.996,0.061,0.000,0.122,-26.940,7.764,-55.693,0.9971,-0.0001,-0.0001,0.0765,0.02,-0.00,0.00,0.00,90682.7,0,0.00,0.00,2
161686,-0.001,-0.000,0.997,0.061,0.000,-0.000,-28.304,8.125,-56.042,0.9971,-0.0002,-0.0001,0.0767,0.02,-0.00,0.00,0.00,90679.3,0,0.00,0.00,2
161886,-0.000,0.000,0.996,-0.000,0.000,0.122,-27.793,7.223,-56.217,0.9970,-0.0002,-0.0001,0.0769,0.02,-0.00,0.00,0.00,90682.0,0,0.00,0.00,2
162086,-0.001,-0.001,1.000,0.061,-0.061,-0.000,-26.088,8.667,-55.868,0.9970,-0.0002,-0.0001,0.0769,0.02,-0.00,0.00,0.02,90685.5,0,0.00,0.00,2
162286,-0.000,-0.002,0.995,0.061,-0.061,-0.000,-27.452,8.306,-56.217,0.9970,-0.0002,-0.0001,0.0770,0.02,-0.00,0.00,0.02,90681.3,0,0.00,0.00,2
162486,0.000,-0.001,0.998,0.061,0.000,0.122,-29.157,10.834,-55.519,0.9970,-0.0002,-0.0001,0.0772,0.02,-0.00,0.00,0.02,90678.6,0,0.00,0.00,2
162686,-0.000,-0.001,0.997,0.122,0.000,0.122,-26.429,9.028,-55.170,0.9970,-0.0002,-0.0000,0.0773,0.02,-0.00,0.00,0.03,90680.6,0,0.00,0.00,2
162886,-0.001,-0.001,0.995,0.061,0.000,0.061,-26.770,6.500,-57.265,0.9970,-0.0002,-0.0001,0.0775,0.02,-0.00,0.00,0.00,90680.0,0,0.00,0.00,2
163086,0.001,0.001,0.998,0.061,0.000,-0.000,-26.429,8.306,-56.566,0.9970,-0.0002,-0.0001,0.0777,0.02,-0.00,0.00,0.00,90685.5,0,0.00,0.00,2
163286,-0.000,-0.002,0.997,0.061,-0.061,0.183,-26.429,7.945,-55.170,0.9970,-0.0002,-0.0001,0.0778,0.01,-0.00,0.00,0.00,90682.7,0,0.00,0.00,2
163486,-0.001,-0.002,0.997,0.122,-0.061,-0.000,-28.816,7.223,-55.170,0.9970,-0.0002,-0.0001,0.0779,0.01,-0.00,0.00,0.00,90684.8,0,0.00,0.00,2
163686,-0.001,0.000,0.999,0.122,-0.061,0.305,-27.281,9.209,-55.693,0.9969,-0.0002,-0.0001,0.0781,0.01,0.00,0.00,0.00,90682.0,0,0.00,0.00,2
163886,-0.001,-0.001,0.996,0.061,0.000,-0.122,-26.770,9.028,-56.217,0.9969,-0.0002,-0.0001,0.0781,0.01,-0.00,0.00,0.00,90680.6,0,0.00,0.00,2
164086,-0.000,-0.001,1.000,-0.000,0.000,0.183,-27.452,8.667,-57.265,0.9969,-0.0002,-0.0001,0.0783,0.01,0.00,0.00,0.00,90684.1,0,0.00,0.00,2
164286,0.001,-0.001,1.000,0.061,0.061,-0.000,-27.622,8.125,-55.344,0.9969,-0.0002,-0.0001,0.0784,0.01,0.00,0.00,0.00,90677.2,0,0.00,0.00,2
164486,-0.001,-0.001,0.995,0.061,0.000,-0.000,-27.622,8.848,-57.090,0.9969,-0.0002,-0.0001,0.0786,0.01,-0.00,0.00,0.00,90682.7,0,0.00,0.00,2
164686,-0.000,0.001,0.997,0.061,-0.061,0.183,-27.281,9.209,-56.042,0.9969,-0.0001,-0.0000,0.0788,0.01,-0.00,0.00,0.00,90682.7,0,0.00,0.00,2
164886,-0.000,0.000,0.997,0.122,0.000,-0.061,-27.452,10.112,-54.820,0.9969,-0.0001,-0.0000,0.0790,0.01,-0.00,0.00,0.00,90684.8,0,0.00,0.00,2
165086,0.000,-0.000,0.995,0.122,0.000,0.183,-26.770,7.584,-55.170,0.9969,-0.0001,0.0000,0.0791,0.01,-0.00,0.00,0.00,90684.8,0,0.00,0.00,2
165286,0.001,0.000,0.997,0.061,-0.122,0.061,-26.940,7.764,-56.042,0.9969,-0.0002,-0.0001,0.0793,0.01,-0.00,0.00,0.00,90682.7,0,0.00,0.00,2
165486,-0.000,0.000,0.995,-0.000,0.000,0.122,-27.111,8.667,-55.868,0.9968,-0.0002,-0.0000,0.0794,0.01,-0.00,0.00,0.00,90679.9,0,0.00,0.00,2
165686,-0.000,0.000,0.998,0.061,0.000,0.061,-25.917,8.125,-55.693,0.9968,-0.0002,0.0000,0.0795,0.01,-0.00,0.00,0.03,90683.4,0,0.00,0.00,2
165886,-0.001,0.000,0.998,0.061,0.061,0.061,-27.452,6.862,-56.566,0.9968,-0.0003,0.0001,0.0797,0.02,-0.00,0.00,0.00,90679.9,0,0.00,0.00,2
166086,0.001,0.000,0.998,0.061,0.061,0.183,-27.452,8.306,-56.566,0.9968,-0.0003,0.0001,0.0799,0.02,-0.00,0.00,0.02,90680.6,0,0.00,0.00,2
166286,-0.000,-0.001,0.996,0.122,-0.061,-0.000,-27.452,8.667,-55.519,0.9968,-0.0003,0.0001,0.0800,0.01,-0.00,0.00,0.03,90681.3,0,0.00,0.00,2
166486,-0.000,-0.001,0.997,0.061,0.000,0.305,-26.599,8.487,-57.090,0.9968,-0.0003,0.0001,0.0802,0.01,-0.00,0.00,0.00,90677.2,0,0.00,0.00,2
166686,0.000,0.000,0.995,0.061,-0.061,-0.000,-27.963,8.487,-55.693,0.9968,-0.0003,0.0001,0.0803,0.02,-0.00,0.00,0.03,90682.7,0,0.00,0.00,2
166886,0.000,0.001,0.997,0.061,0.000,0.183,-27.793,9.028,-56.217,0.9968,-0.0003,0.0001,0.0805,0.02,-0.00,0.00,0.03,90680.6,0,0.00,0.00,2
167086,-0.000,-0.000,0.997,-0.000,-0.122,0.061,-27.452,9.389,-57.614,0.9967,-0.0003,0.0001,0.0806,0.02,-0.00,0.00,0.03,90678.6,0,0.00,0.00,2
167286,-0.001,-0.000,0.999,0.061,0.000,0.061,-26.258,8.125,-56.392,0.9967,-0.0003,0.0000,0.0808,0.02,-0.00,0.00,0.00,90682.0,0,0.00,0.00,2
167486,0.001,-0.001,0.994,0.122,0.061,-0.061,-27.111,7.945,-55.868,0.9967,-0.0003,0.0001,0.0809,0.02,-0.00,0.00,0.02,90684.8,0,0.00,0.00,2
167686,-0.001,-0.000,0.998,0.061,0.000,0.122,-27.963,8.848,-54.995,0.9967,-0.0003,0.0001,0.0810,0.01,0.00,0.00,0.03,90682.0,0,0.00,0.00,2
167886,-0.000,-0.001,0.996,-0.000,0.000,-0.000,-27.111,9.028,-56.566,0.9967,-0.0003,0.0001,0.0812,0.01,-0.00,0.00,0.03,90683.4,0,0.00,0.00,2
168086,0.000,-0.000,0.996,0.061,0.061,0.122,-28.304,7.764,-56.741,0.9967,-0.0003,0.0001,0.0814,0.01,-0.00,0.00,0.03,90680.6,0,0.00,0.00,2
168286,-0.001,0.000,0.998,0.061,0.000,0.122,-26.940,9.209,-56.042,0.9967,-0.0003,0.0001,0.0816,0.01,0.00,0.00,0.02,90681.3,0,0.00,0.00,2
168486,-0.002,0.000,0.994,0.061,0.000,-0.061,-27.793,8.667,-55.868,0.9967,-0.0003,0.0000,0.0818,0.01,-0.00,0.00,0.02,90681.3,0,0.00,0.00,2
168686,-0.000,-0.001,0.995,-0.000,-0.061,0.122,-26.770,7.945,-55.868,0.9966,-0.0003,0.0000,0.0819,0.01,-0.00,0.00,0.02,90677.8,0,0.00,0.00,2
168886,0.001,-0.001,0.996,0.122,0.000,0.061,-27.963,8.125,-56.392,0.9966,-0.0003,0.0001,0.0821,0.02,-0.00,0.00,0.02,90678.5,0,0.00,0.00,2
169086,0.003,0.000,0.998,0.061,0.000,0.122,-27.111,8.667,-56.217,0.9966,-0.0002,0.0001,0.0823,0.02,-0.00,0.00,0.00,90680.6,0,0.00,0.00,2
169286,0.000,-0.001,0.999,0.122,-0.061,0.122,-26.599,8.848,-54.646,0.9966,-0.0002,0.0000,0.0825,0.02,0.00,0.00,0.00,90679.2,0,0.00,0.00,2
169486,-0.000,-0.001,0.995,-0.000,0.000,0.183,-26.770,8.667,-56.217,0.9966,-0.0002,0.0001,0.0827,0.02,-0.00,0.00,0.03,90680.6,0,0.00,0.00,2
169686,-0.000,-0.002,0.999,0.061,0.061,0.061,-26.088,8.306,-55.170,0.9966,-0.0002,0.0001,0.0829,0.02,-0.00,0.00,0.00,90681.9,0,0.00,0.00,2
169886,-0.000,-0.001,1.000,0.061,0.000,0.061,-28.475,7.223,-55.519,0.9965,-0.0002,0.0000,0.0830,0.02,0.00,0.00,0.00,90679.9,0,0.00,0.00,2
170086,0.000,-0.002,0.998,-0.061,0.000,-0.000,-26.770,9.028,-56.566,0.9965,-0.0002,0.0000,0.0832,0.02,-0.00,0.00,0.02,90681.2,0,0.00,0.00,2
170286,-0.001,0.001,0.996,0.061,-0.061,0.061,-27.963,7.042,-56.042,0.9965,-0.0002,-0.0000,0.0834,0.03,-0.00,0.00,0.00,90678.5,0,0.00,0.00,2
170486,0.000,-0.002,0.999,0.122,0.000,0.122,-26.258,8.487,-54.297,0.9965,-0.0002,-0.0000,0.0836,0.03,-0.00,0.00,0.00,90676.5,0,0.00,0.00,2
170686,0.000,-0.000,0.997,0.122,-0.061,0.061,-26.429,8.306,-56.915,0.9965,-0.0002,-0.0001,0.0837,0.03,-0.00,0.00,0.00,90683.3,0,0.00,0.00,2
170886,0.000,0.000,0.996,0.061,0.000,0.183,-28.645,9.209,-54.646,0.9965,-0.0001,-0.0001,0.0839,0.03,-0.00,0.00,0.00,90681.9,0,0.00,0.00,2
171086,-0.001,-0.000,0.996,0.061,-0.061,0.061,-26.770,7.945,-56.217,0.9965,-0.0001,-0.0001,0.0840,0.03,-0.00,0.00,0.00,90683.3,0,0.00,0.00,2
171286,0.001,0.000,0.996,0.061,0.061,0.122,-26.770,7.945,-55.868,0.9965,-0.0001,-0.0001,0.0840,0.03,-0.00,0.00,0.00,90683.3,0,0.00,0.00,2
171486,0.000,0.002,0.998,0.061,0.061,-0.061,-27.111,9.028,-56.566,0.9964,-0.0001,-0.0001,0.0843,0.03,-0.00,0.00,0.00,90682.6,0,0.00,0.00,2
171686,0.000,0.001,0.997,0.122,0.000,-0.061,-25.917,8.487,-56.042,0.9964,-0.0001,-0.0000,0.0843,0.03,-0.00,0.00,0.00,90681.2,0,0.00,0.00,2
171886,-0.000,0.000,0.994,0.061,0.000,0.061,-27.111,9.389,-56.217,0.9964,-0.0002,0.0000,0.0844,0.03,-0.00,0.00,0.00,90678.5,0,0.00,0.00,2
172086,0.001,-0.000,0.998,0.061,0.061,-0.122,-27.452,8.306,-55.868,0.9964,-0.0002,-0.0000,0.0845,0.03,-0.00,0.00,0.03,90679.2,0,0.00,0.00,2
172286,0.001,-0.002,0.998,0.122,0.061,0.122,-27.281,9.209,-55.693,0.9964,-0.0002,-0.0000,0.0847,0.03,-0.00,0.00,0.00,90681.2,0,0.00,0.00,2
172486,0.000,-0.001,0.996,0.061,-0.061,-0.061,-27.963,7.764,-53.947,0.9964,-0.0002,-0.0001,0.0848,0.03,-0.00,0.00,0.00,90682.6,0,0.00,0.00,2
172686,0.001,0.000,0.997,0.061,-0.061,0.122,-26.258,7.764,-54.995,0.9964,-0.0002,-0.0001,0.0850,0.03,-0.00,0.00,0.00,90679.2,0,0.00,0.00,2
172886,-0.000,-0.001,0.999,0.061,0.000,-0.061,-27.281,8.125,-56.042,0.9964,-0.0002,-0.0001,0.0851,0.03,-0.00,0.00,0.00,90677.8,0,0.00,0.00,2
173086,0.001,-0.001,1.000,0.061,-0.061,-0.000,-27.622,7.764,-55.693,0.9964,-0.0002,-0.0002,0.0852,0.03,0.00,0.00,0.03,90680.6,0,0.00,0.00,2
173286,-0.001,0.000,0.997,-0.000,0.000,0.183,-27.452,8.306,-56.217,0.9963,-0.0002,-0.0002,0.0855,0.03,-0.00,0.00,0.03,90684.0,0,0.00,0.00,2
173486,-0.000,-0.001,0.996,0.061,0.000,0.122,-26.258,8.487,-56.392,0.9963,-0.0002,-0.0002,0.0856,0.03,-0.00,0.00,0.03,90680.5,0,0.00,0.00,2
173686,0.000,-0.001,0.999,-0.000,0.000,0.061,-27.281,9.570,-56.392,0.9963,-0.0003,-0.0002,0.0858,0.03,-0.00,0.00,0.03,90682.6,0,0.00,0.00,2
173886,-0.000,-0.001,0.998,0.122,-0.061,0.183,-26.940,8.848,-55.693,0.9963,-0.0003,-0.0002,0.0860,0.03,-0.00,0.00,0.03,90679.2,0,0.00,0.00,2
174086,-0.001,-0.001,0.996,0.061,-0.061,-0.000,-27.281,8.848,-56.042,0.9963,-0.0002,-0.0002,0.0861,0.02,-0.00,0.00,0.03,90683.3,0,0.00,0.00,2
174286,0.000,-0.001,0.995,0.061,-0.061,0.061,-26.770,8.306,-56.217,0.9963,-0.0002,-0.0002,0.0863,0.02,-0.00,0.00,0.04,90679.2,0,0.00,0.00,2
174486,-0.001,0.000,0.999,0.122,0.000,0.122,-26.940,6.320,-54.995,0.9963,-0.0002,-0.0002,0.0864,0.02,0.00,0.00,0.04,90681.2,0,0.00,0.00,2
174686,0.001,0.000,0.994,-0.000,-0.061,0.244,-26.599,8.487,-54.646,0.9962,-0.0003,-0.0002,0.0866,0.02,-0.00,0.00,0.04,90679.2,0,0.00,0.00,2
174886,0.001,0.000,0.997,0.061,-0.061,-0.000,-27.963,7.764,-55.344,0.9962,-0.0003,-0.0002,0.0867,0.03,-0.00,0.00,0.04,90680.5,0,0.00,0.00,2
175086,0.002,-0.000,0.995,0.061,-0.061,0.061,-26.258,8.125,-53.947,0.9962,-0.0003,-0.0001,0.0868,0.03,-0.00,0.00,0.03,90681.9,0,0.00,0.00,2
175286,0.000,-0.000,0.997,0.061,-0.061,0.061,-26.599,8.487,-56.042,0.9962,-0.0004,-0.0002,0.0869,0.03,-0.00,0.00,0.04,90678.5,0,0.00,0.00,2
175486,-0.000,0.000,0.999,-0.000,0.000,-0.183,-27.622,8.848,-56.392,0.9962,-0.0004,-0.0002,0.0870,0.02,-0.00,0.00,0.03,90684.7,0,0.00,0.00,2
175686,-0.001,0.001,0.997,0.061,0.000,0.061,-26.258,9.570,-54.995,0.9962,-0.0004,-0.0001,0.0872,0.02,-0.00,0.00,0.04,90684.0,0,0.00,0.00,2
175886,-0.001,-0.000,0.996,-0.000,0.000,-0.061,-25.406,7.223,-55.170,0.9962,-0.0004,-0.0001,0.0872,0.01,-0.00,0.00,0.04,90680.5,0,0.00,0.00,2
176086,-0.000,-0.000,0.998,0.061,0.061,-0.000,-27.111,9.389,-54.820,0.9962,-0.0004,-0.0001,0.0874,0.01,0.00,0.00,0.04,90680.6,0,0.00,0.00,2
176286,0.001,0.000,0.997,0.061,0.000,0.183,-27.622,8.487,-56.042,0.9962,-0.0004,-0.0001,0.0876,0.01,0.00,0.00,0.04,90682.6,0,0.00,0.00,2
176486,0.000,0.000,0.998,0.061,0.000,-0.000,-28.304,9.209,-55.344,0.9961,-0.0004,-0.0001,0.0877,0.01,0.00,0.00,0.04,90683.3,0,0.00,0.00,2
176686,-0.000,-0.001,0.998,0.061,0.000,0.183,-25.917,8.487,-54.995,0.9961,-0.0004,-0.0001,0.0879,0.00,0.00,0.00,0.03,90683.3,0,0.00,0.00,2
176886,-0.000,0.000,1.000,0.061,-0.061,0.061,-25.747,7.223,-56.915,0.9961,-0.0004,-0.0000,0.0881,-0.00,0.00,0.00,0.04,90685.4,0,0.00,0.00,2
177086,-0.000,0.001,0.995,0.061,0.061,0.061,-27.281,8.487,-56.392,0.9961,-0.0003,-0.0001,0.0882,-0.00,-0.00,0.00,0.03,90683.3,0,0.00,0.00,2
177286,-0.001,0.000,0.998,0.061,0.000,-0.000,-26.429,8.306,-55.519,0.9961,-0.0003,-0.0001,0.0883,-0.01,0.00,0.00,0.03,90681.9,0,0.00,0.00,2
177486,0.001,-0.001,0.999,0.061,-0.061,-0.061,-26.429,7.945,-56.566,0.9961,-0.0004,-0.0001,0.0884,-0.01,0.00,0.00,0.03,90684.0,0,0.00,0.00,2
177686,0.002,-0.001,0.996,-0.000,0.061,0.122,-27.452,7.945,-55.868,0.9961,-0.0004,-0.0000,0.0886,-0.00,-0.00,0.00,0.04,90682.6,0,0.00,0.00,2
177886,-0.001,0.000,0.997,0.122,0.000,0.183,-27.963,8.125,-56.392,0.9961,-0.0004,0.0000,0.0887,-0.00,0.00,0.00,0.04,90682.6,0,0.00,0.00,2
178086,0.000,0.000,0.996,0.122,0.061,0.061,-26.429,8.306,-55.170,0.9960,-0.0004,0.0001,0.0889,-0.00,0.00,0.00,0.03,90681.2,0,0.00,0.00,2
178286,0.000,-0.002,0.998,0.061,0.000,0.183,-26.088,8.667,-56.217,0.9960,-0.0004,0.0000,0.0891,0.00,0.00,0.00,0.03,90683.3,0,0.00,0.00,2
178486,-0.000,-0.001,0.998,0.122,-0.061,-0.000,-27.622,8.125,-55.344,0.9960,-0.0004,0.0000,0.0892,0.00,0.00,0.00,0.03,90681.9,0,0.00,0.00,2
178686,-0.000,-0.000,0.997,0.061,0.061,0.061,-27.622,7.403,-55.344,0.9960,-0.0004,0.0000,0.0894,0.00,-0.00,0.00,0.04,90681.9,0,0.00,0.00,2
178886,-0.002,0.001,0.995,0.122,0.000,-0.000,-26.258,8.487,-55.693,0.9960,-0.0004,0.0000,0.0895,0.01,-0.00,0.00,0.04,90681.2,0,0.00,0.00,2
179086,-0.000,0.000,0.996,0.061,0.000,0.061,-27.622,8.125,-56.741,0.9960,-0.0004,-0.0000,0.0896,0.00,-0.00,0.00,0.04,90682.6,0,0.00,0.00,2
179286,0.001,-0.001,0.997,-0.000,0.000,0.061,-28.816,9.389,-55.868,0.9960,-0.0004,-0.0000,0.0898,0.00,0.00,0.00,0.03,90681.9,0,0.00,0.00,2
179486,0.001,-0.001,0.999,-0.000,0.000,0.122,-27.452,9.751,-55.170,0.9959,-0.0003,-0.0000,0.0900,0.00,0.00,0.00,0.02,90684.6,0,0.00,0.00,2
179686,-0.000,0.000,0.997,0.061,0.000,0.244,-25.576,9.209,-54.297,0.9959,-0.0004,-0.0000,0.0901,0.00,-0.00,0.00,0.04,90684.0,0,0.00,0.00,2
179886,-0.001,0.000,0.996,-0.000,-0.122,-0.000,-26.770,9.751,-57.265,0.9959,-0.0003,-0.0000,0.0903,0.00,-0.00,0.00,0.03,90677.0,0,0.00,0.00,2
180086,-0.001,-0.001,0.997,0.061,0.000,0.244,-26.940,9.209,-55.693,0.9959,-0.0004,-0.0000,0.0904,0.01,0.00,0.00,0.03,90681.2,0,0.00,0.00,2
180286,-0.000,-0.001,0.997,0.122,0.000,-0.122,-26.258,8.125,-55.344,0.9959,-0.0004,-0.0000,0.0906,0.01,0.00,0.00,0.04,90677.7,0,0.00,0.00,2
180486,0.001,-0.000,0.998,0.122,0.000,0.244,-28.304,8.487,-55.693,0.9959,-0.0003,0.0000,0.0908,0.02,0.00,0.00,0.03,90681.9,0,0.00,0.00,2
180686,-0.000,0.000,0.997,-0.000,0.000,-0.000,-27.281,9.570,-55.344,0.9959,-0.0003,0.0001,0.0909,0.01,-0.00,0.00,0.02,90681.9,0,0.00,0.00,2
180886,-0.002,-0.000,0.997,0.061,0.000,0.244,-26.599,7.403,-55.344,0.9958,-0.0004,0.0001,0.0910,0.01,-0.00,0.00,0.03,90681.2,0,0.00,0.00,2
181086,0.001,0.000,0.996,0.061,-0.061,-0.000,-27.111,7.945,-56.217,0.9958,-0.0004,0.0001,0.0911,0.01,-0.00,0.00,0.03,90685.3,0,0.00,0.00,2
181286,-0.000,-0.001,0.997,0.061,-0.061,0.061,-27.281,8.487,-55.693,0.9958,-0.0003,0.0001,0.0913,0.01,-0.00,0.00,0.03,90681.2,0,0.00,0.00,2
181486,-0.000,-0.002,0.998,0.122,-0.061,0.183,-27.111,9.751,-56.915,0.9958,-0.0004,0.0001,0.0914,0.01,0.00,0.00,0.03,90681.9,0,0.00,0.00,2
181686,0.000,-0.000,0.996,0.122,0.000,0.122,-26.599,8.848,-55.344,0.9958,-0.0003,0.0001,0.0916,0.01,-0.00,0.00,0.03,90685.3,0,0.00,0.00,2
181886,0.000,-0.001,0.997,0.061,0.000,0.183,-28.304,8.848,-56.042,0.9958,-0.0004,0.0001,0.0917,0.01,0.00,0.00,0.04,90679.8,0,0.00,0.00,2
182086,0.000,-0.002,0.997,0.122,0.000,0.061,-26.599,7.764,-56.392,0.9958,-0.0004,0.0001,0.0919,0.01,-0.00,0.00,0.04,90681.9,0,0.00,0.00,2
182286,0.000,0.000,1.000,0.061,-0.122,0.366,-26.088,8.306,-56.217,0.9958,-0.0003,0.0001,0.0920,0.01,0.00,0.00,0.03,90679.8,0,0.00,0.00,2
182486,-0.000,-0.002,0.996,-0.000,0.000,-0.122,-27.793,9.028,-55.519,0.9957,-0.0004,0.0001,0.0921,0.02,-0.00,0.00,0.04,90681.2,0,0.00,0.00,2
182686,-0.000,0.000,0.998,0.122,0.000,0.427,-27.622,9.209,-54.995,0.9957,-0.0004,0.0000,0.0923,0.02,-0.00,0.00,0.04,90686.0,0,0.00,0.00,2
182886,0.002,-0.000,0.996,0.061,0.000,-0.061,-28.816,7.945,-54.122,0.9957,-0.0003,0.0000,0.0925,0.02,-0.00,0.00,0.02,90681.8,0,0.00,0.00,2
183086,0.002,0.000,0.999,-0.000,0.061,0.183,-26.599,8.487,-57.788,0.9957,-0.0004,0.0000,0.0928,0.02,0.00,0.00,0.04,90679.8,0,0.00,0.00,2
183286,-0.000,0.000,0.998,0.122,-0.061,0.183,-26.770,8.667,-56.915,0.9957,-0.0003,0.0000,0.0929,0.01,0.00,0.00,0.03,90681.9,0,0.00,0.00,2
183486,-0.000,0.000,0.998,0.061,0.000,0.061,-27.793,9.389,-55.868,0.9957,-0.0003,0.0001,0.0932,0.02,0.00,0.00,0.03,90677.0,0,0.00,0.00,2
183686,-0.000,0.000,0.996,0.061,0.061,0.061,-26.770,7.945,-55.519,0.9956,-0.0004,0.0001,0.0932,0.02,-0.00,0.00,0.03,90680.5,0,0.00,0.00,2
183886,0.001,0.000,0.999,0.061,-0.061,0.061,-27.111,7.584,-55.519,0.9956,-0.0003,0.0000,0.0934,0.02,0.00,0.00,0.03,90682.5,0,0.00,0.00,2
184086,0.001,-0.000,1.000,0.061,0.000,-0.122,-27.452,9.389,-55.519,0.9956,-0.0003,0.0000,0.0936,0.01,0.00,0.00,0.04,90682.6,0,0.00,0.00,2
184286,-0.001,0.001,0.995,-0.000,-0.061,0.122,-27.111,8.667,-55.519,0.9956,-0.0004,0.0001,0.0939,0.01,-0.00,0.00,0.03,90685.3,0,0.00,0.00,2
184486,-0.000,0.000,0.996,0.061,0.000,0.061,-26.429,9.389,-55.868,0.9956,-0.0005,-0.0000,0.0940,0.01,0.00,0.00,0.05,90678.4,0,0.00,0.00,2
184686,0.002,0.000,0.997,-0.000,0.000,-0.061,-25.917,8.487,-56.042,0.9956,-0.0004,-0.0000,0.0941,0.01,-0.00,0.00,0.05,90681.1,0,0.00,0.00,2
184886,0.003,-0.001,0.995,0.061,0.000,0.366,-27.111,8.667,-55.519,0.9956,-0.0005,-0.0000,0.0942,0.01,-0.00,0.00,0.06,90679.8,0,0.00,0.00,2
185086,0.002,0.000,0.996,0.122,0.000,0.122,-27.111,7.945,-55.170,0.9955,-0.0004,-0.0000,0.0944,0.01,-0.00,0.00,0.05,90681.8,0,0.00,0.00,2
185286,-0.003,0.001,0.996,0.061,0.000,0.305,-27.111,7.584,-55.519,0.9955,-0.0004,-0.0000,0.0946,0.01,-0.00,0.00,0.04,90680.5,0,0.00,0.00,2
185486,-0.001,0.001,0.997,0.122,0.061,-0.000,-26.770,7.945,-56.566,0.9955,-0.0004,-0.0000,0.0947,0.02,-0.00,0.00,0.04,90681.8,0,0.00,0.00,2
185686,0.002,-0.001,0.998,-0.000,0.061,0.061,-26.940,7.403,-55.344,0.9955,-0.0004,-0.0000,0.0949,0.02,-0.00,0.00,0.04,90681.8,0,0.00,0.00,2
185886,0.001,0.000,0.999,-0.000,0.000,0.061,-26.429,9.389,-56.217,0.9955,-0.0004,-0.0000,0.0950,0.02,0.00,0.00,0.04,90677.7,0,0.00,0.00,2
186086,-0.000,0.001,0.998,-0.061,-0.061,0.183,-26.599,9.209,-56.042,0.9955,-0.0005,-0.0000,0.0951,0.03,-0.00,0.00,0.04,90679.8,0,0.00,0.00,2
186286,-0.000,0.003,0.995,0.061,0.000,0.244,-26.599,7.403,-55.693,0.9954,-0.0005,-0.0000,0.0953,0.02,-0.00,0.00,0.05,90679.8,0,0.00,0.00,2
186486,-0.000,-0.001,0.998,-0.000,-0.122,-0.000,-25.747,7.945,-55.868,0.9954,-0.0005,-0.0001,0.0954,0.03,0.00,0.00,0.05,90677.0,0,0.00,0.00,2
186686,0.000,-0.000,0.996,0.061,-0.061,0.305,-27.111,7.223,-55.519,0.9954,-0.0005,-0.0000,0.0956,0.03,-0.00,0.00,0.04,90679.1,0,0.00,0.00,2
186886,-0.000,0.001,0.996,0.061,0.000,0.244,-27.452,7.945,-55.170,0.9954,-0.0005,-0.0001,0.0958,0.03,-0.00,0.00,0.06,90677.7,0,0.00,0.00,2
187086,-0.002,0.001,0.999,-0.000,0.000,0.061,-27.622,8.487,-56.741,0.9954,-0.0005,-0.0001,0.0959,0.04,-0.00,0.00,0.06,90679.8,0,0.00,0.00,2
187286,-0.001,0.000,0.997,0.122,0.000,0.122,-27.622,9.931,-56.042,0.9954,-0.0005,-0.0000,0.0961,0.04,-0.00,0.00,0.05,90679.8,0,0.00,0.00,2
187486,0.000,-0.002,0.998,0.061,0.061,0.183,-26.429,7.945,-56.217,0.9954,-0.0005,-0.0000,0.0962,0.04,-0.00,0.00,0.06,90679.8,0,0.00,0.00,2
187686,0.000,-0.002,0.997,0.061,0.000,0.061,-26.770,8.667,-56.217,0.9953,-0.0004,-0.0000,0.0964,0.04,-0.00,0.00,0.04,90677.7,0,0.00,0.00,2
187886,-0.000,-0.001,0.996,-0.000,0.000,0.244,-27.963,7.764,-56.392,0.9953,-0.0005,-0.0000,0.0964,0.05,-0.00,0.00,0.05,90679.8,0,0.00,0.00,2
188086,-0.000,-0.000,0.997,0.061,0.000,0.061,-28.645,8.487,-55.693,0.9953,-0.0005,-0.0000,0.0965,0.04,-0.00,0.00,0.05,90678.4,0,0.00,0.00,2
188286,0.002,-0.002,0.996,0.061,0.000,0.122,-26.940,8.848,-55.344,0.9953,-0.0005,-0.0000,0.0967,0.04,-0.00,0.00,0.04,90677.7,0,0.00,0.00,2
188486,0.003,-0.002,0.997,0.061,-0.122,0.061,-27.281,8.487,-56.392,0.9953,-0.0005,-0.0001,0.0969,0.04,-0.00,0.00,0.05,90681.1,0,0.00,0.00,2
188686,-0.001,-0.001,0.998,0.061,0.000,0.244,-26.599,9.209,-56.042,0.9953,-0.0004,-0.0001,0.0971,0.04,-0.00,0.00,0.05,90678.4,0,0.00,0.00,2
188886,-0.002,-0.000,0.998,-0.000,0.000,-0.000,-28.134,9.751,-55.519,0.9953,-0.0004,-0.0000,0.0972,0.04,-0.00,0.00,0.04,90677.7,0,0.00,0.00,2
189086,-0.002,-0.001,0.998,-0.000,0.061,0.244,-26.088,9.389,-55.170,0.9952,-0.0005,-0.0000,0.0974,0.04,-0.00,0.00,0.04,90681.1,0,0.00,0.00,2
189286,0.002,-0.003,0.997,0.122,0.000,-0.000,-25.065,8.306,-55.170,0.9952,-0.0004,-0.0000,0.0975,0.04,-0.00,0.00,0.03,90681.1,0,0.00,0.00,2
189486,0.001,-0.000,0.998,0.061,0.000,0.183,-26.599,7.764,-56.392,0.9952,-0.0004,-0.0000,0.0977,0.04,-0.00,0.00,0.04,90679.1,0,0.00,0.00,2
189686,-0.000,0.000,0.998,-0.000,-0.061,0.366,-27.281,8.487,-56.042,0.9952,-0.0004,-0.0000,0.0978,0.04,-0.00,0.00,0.04,90677.0,0,0.00,0.00,2
189886,-0.000,0.000,0.996,0.061,0.000,-0.000,-27.452,8.667,-56.217,0.9952,-0.0004,-0.0001,0.0979,0.04,-0.00,0.00,0.03,90679.7,0,0.00,0.00,2
190086,-0.001,-0.001,0.997,0.061,0.000,0.244,-28.304,9.931,-54.995,0.9952,-0.0004,-0.0001,0.0980,0.04,-0.00,0.00,0.05,90682.5,0,0.00,0.00,2
190286,-0.000,-0.001,0.997,0.061,-0.122,0.305,-28.475,8.667,-55.170,0.9952,-0.0004,-0.0001,0.0981,0.03,-0.00,0.00,0.04,90681.8,0,0.00,0.00,2
190486,-0.000,0.001,0.997,0.061,0.000,0.122,-27.452,8.306,-55.868,0.9952,-0.0004,-0.0001,0.0984,0.03,-0.00,0.00,0.04,90681.1,0,0.00,0.00,2
190686,-0.001,0.000,0.997,0.061,0.000,0.366,-27.281,8.848,-54.995,0.9951,-0.0004,-0.0001,0.0985,0.03,-0.00,0.00,0.04,90681.8,0,0.00,0.00,2
190886,0.000,-0.001,0.997,0.122,0.000,0.061,-27.452,8.306,-55.868,0.9951,-0.0004,-0.0001,0.0987,0.03,-0.00,0.00,0.04,90678.4,0,0.00,0.00,2
191086,0.002,-0.000,0.998,0.061,-0.061,0.183,-27.793,7.945,-54.820,0.9951,-0.0004,-0.0001,0.0989,0.03,-0.00,0.00,0.04,90681.8,0,0.00,0.00,2
191286,0.001,-0.002,0.997,0.122,-0.061,0.061,-27.622,7.403,-54.646,0.9951,-0.0004,-0.0001,0.0989,0.03,-0.00,0.00,0.04,90675.6,0,0.00,0.00,2
191486,-0.002,0.001,0.996,0.061,-0.061,0.366,-25.917,8.125,-54.995,0.9951,-0.0004,-0.0001,0.0991,0.03,-0.00,0.00,0.04,90676.3,0,0.00,0.00,2
191686,-0.002,0.002,0.995,-0.000,0.000,-0.061,-26.940,8.487,-55.693,0.9951,-0.0003,-0.0002,0.0992,0.03,-0.00,0.00,0.04,90681.8,0,0.00,0.00,2
191886,0.003,-0.003,0.995,0.122,0.061,-0.061,-26.599,8.125,-56.042,0.9951,-0.0004,-0.0002,0.0993,0.03,-0.00,0.00,0.06,90682.5,0,0.00,0.00,2
192086,0.003,-0.003,0.998,0.061,0.061,0.183,-27.622,9.209,-55.344,0.9950,-0.0004,-0.0001,0.0995,0.03,-0.00,0.00,0.05,90685.2,0,0.00,0.00,2
192286,0.002,-0.001,0.998,0.061,-0.061,0.122,-26.599,8.848,-55.344,0.9950,-0.0004,-0.0001,0.0996,0.03,-0.00,0.00,0.04,90682.5,0,0.00,0.00,2
192486,-0.003,0.002,0.998,0.122,0.000,0.122,-26.940,7.764,-56.042,0.9950,-0.0004,-0.0001,0.0997,0.02,0.00,0.00,0.04,90683.2,0,0.00,0.00,2
192686,-0.000,0.000,0.998,0.122,0.000,-0.183,-26.770,7.945,-55.868,0.9950,-0.0004,-0.0001,0.0999,0.02,0.00,0.00,0.05,90683.2,0,0.00,0.00,2
192886,0.003,-0.000,0.997,0.061,-0.061,0.122,-27.963,9.931,-57.439,0.9950,-0.0004,-0.0002,0.1001,0.01,-0.00,0.00,0.05,90681.1,0,0.00,0.00,2
193086,0.003,-0.002,0.999,0.122,-0.061,0.061,-26.770,7.945,-55.868,0.9950,-0.0004,-0.0002,0.1002,0.01,0.00,0.00,0.05,90681.1,0,0.00,0.00,2
193286,-0.002,0.000,0.996,0.061,0.000,0.122,-25.917,8.848,-55.344,0.9950,-0.0004,-0.0001,0.1003,0.01,-0.00,0.00,0.04,90682.5,0,0.00,0.00,2
193486,-0.001,0.001,0.998,0.061,0.061,0.183,-27.622,8.487,-55.344,0.9949,-0.0004,-0.0002,0.1005,0.01,0.00,0.00,0.04,90681.8,0,0.00,0.00,2
193686,-0.000,-0.002,0.998,-0.000,0.000,0.244,-28.304,9.931,-56.392,0.9949,-0.0004,-0.0001,0.1006,0.01,0.00,0.00,0.03,90680.4,0,0.00,0.00,2
193886,-0.001,-0.002,0.997,0.061,-0.061,-0.000,-27.963,8.848,-57.090,0.9949,-0.0004,-0.0001,0.1007,0.01,0.00,0.00,0.04,90681.1,0,0.00,0.00,2
194086,-0.002,-0.001,0.998,-0.000,0.000,0.305,-27.111,8.306,-55.170,0.9949,-0.0004,-0.0001,0.1010,0.01,0.00,0.00,0.03,90683.9,0,0.00,0.00,2
194286,-0.002,-0.001,0.997,0.061,0.000,0.061,-28.986,8.848,-56.392,0.9949,-0.0004,-0.0001,0.1010,0.00,-0.00,0.00,0.04,90683.9,0,0.00,0.00,2
194486,0.002,-0.004,0.998,0.061,0.000,-0.000,-27.793,8.306,-56.217,0.9949,-0.0004,-0.0002,0.1013,-0.00,0.00,0.00,0.05,90682.5,0,0.00,0.00,2
194686,0.004,0.000,0.995,0.122,0.000,0.183,-27.111,8.667,-54.471,0.9948,-0.0004,-0.0002,0.1015,-0.00,-0.00,0.00,0.05,90683.9,0,0.00,0.00,2
194886,-0.001,0.000,0.997,0.061,-0.061,-0.061,-27.111,7.945,-55.519,0.9948,-0.0004,-0.0001,0.1016,-0.00,0.00,0.00,0.02,90681.1,0,0.00,0.00,2
195086,-0.003,0.000,0.998,0.061,-0.061,0.183,-26.599,7.764,-55.344,0.9948,-0.0004,-0.0002,0.1018,0.00,0.00,0.00,0.04,90679.0,0,0.00,0.00,2
195286,-0.001,0.000,0.996,0.061,0.061,-0.000,-28.986,8.125,-56.042,0.9948,-0.0003,-0.0002,0.1020,0.00,-0.00,0.00,0.05,90683.2,0,0.00,0.00,2
195486,0.000,-0.003,0.999,0.061,0.000,0.183,-28.134,9.751,-56.566,0.9948,-0.0003,-0.0002,0.1021,0.01,0.00,0.00,0.04,90682.5,0,0.00,0.00,2
195686,0.003,-0.003,0.999,0.122,0.000,-0.000,-27.452,8.306,-55.519,0.9947,-0.0002,-0.0002,0.1024,0.00,0.00,0.00,0.03,90678.3,0,0.00,0.00,2
195886,0.001,-0.001,0.997,0.061,0.000,-0.000,-26.770,7.584,-55.868,0.9947,-0.0002,-0.0002,0.1026,0.01,0.00,0.00,0.03,90680.4,0,0.00,0.00,2
196086,-0.001,-0.000,0.998,0.122,0.061,-0.244,-27.111,8.306,-55.170,0.9947,-0.0002,-0.0002,0.1028,0.01,0.00,0.00,0.03,90676.9,0,0.00,0.00,2
196286,-0.003,-0.003,0.996,-0.000,0.000,0.061,-27.622,8.487,-56.042,0.9947,-0.0002,-0.0001,0.1029,0.02,-0.00,0.00,0.02,90677.6,0,0.00,0.00,2
196486,-0.004,-0.004,0.996,0.122,0.000,0.183,-28.304,8.487,-55.344,0.9947,-0.0001,-0.0002,0.1031,0.03,-0.00,0.00,0.00,90674.2,0,0.00,0.00,2
196686,0.000,-0.004,0.995,0.122,-0.061,-0.000,-26.429,7.584,-55.170,0.9947,-0.0001,-0.0002,0.1032,0.04,-0.00,0.00,0.00,90674.9,0,0.00,0.00,2
196886,-0.000,0.000,0.997,0.061,-0.183,0.305,-29.498,7.945,-56.566,0.9946,-0.0001,-0.0002,0.1035,0.05,-0.00,0.00,0.03,90673.5,0,0.00,0.00,2
197086,-0.000,-0.001,0.997,0.061,0.061,-0.000,-27.793,9.389,-55.519,0.9946,-0.0001,-0.0002,0.1037,0.05,-0.00,0.00,0.00,90672.8,0,0.00,0.00,2
197286,-0.002,-0.000,0.996,-0.000,0.061,-0.183,-29.327,7.764,-56.392,0.9946,-0.0001,-0.0003,0.1036,0.06,-0.00,0.00,0.02,90677.0,0,0.00,0.00,2
197486,-0.004,0.002,0.996,0.122,-0.061,-0.061,-28.645,9.931,-55.344,0.9946,-0.0002,-0.0003,0.1038,0.06,-0.00,0.00,0.03,90674.9,0,0.00,0.00,2
197686,-0.006,0.004,0.997,0.122,0.061,0.061,-27.622,9.209,-56.741,0.9946,-0.0002,-0.0003,0.1039,0.07,-0.00,0.00,0.03,90675.6,0,0.00,0.00,2
197886,0.005,0.000,0.997,0.061,0.000,-0.183,-27.111,7.223,-54.820,0.9946,-0.0002,-0.0003,0.1041,0.07,-0.00,0.00,0.02,90678.3,0,0.00,0.00,2
198086,0.007,-0.003,0.998,0.061,0.000,0.305,-26.940,7.764,-56.042,0.9946,-0.0002,-0.0002,0.1042,0.07,-0.00,0.00,0.03,90679.7,0,0.00,0.00,2
198286,0.001,0.005,0.997,-0.000,0.061,-0.122,-27.452,6.862,-56.217,0.9945,-0.0002,-0.0003,0.1044,0.06,-0.00,0.00,0.02,90682.5,0,0.00,0.00,2
198486,-0.002,0.008,0.995,0.061,-0.061,0.305,-27.793,7.584,-56.217,0.9945,-0.0002,-0.0002,0.1046,0.06,-0.00,0.00,0.03,90677.6,0,0.00,0.00,2
198686,-0.001,0.002,0.997,0.061,0.000,0.488,-28.304,9.209,-55.344,0.9945,-0.0003,-0.0003,0.1046,0.06,-0.00,0.00,0.03,90676.2,0,0.00,0.00,2
198886,0.004,0.001,0.999,-0.061,-0.061,-0.122,-27.281,9.570,-57.090,0.9945,-0.0003,-0.0003,0.1047,0.06,-0.00,0.00,0.04,90674.2,0,0.00,0.00,2
199086,0.002,-0.001,0.997,-0.000,-0.061,0.488,-27.622,7.764,-55.344,0.9945,-0.0004,-0.0003,0.1047,0.06,-0.00,0.00,0.05,90681.0,0,0.00,0.00,2
199286,-0.000,0.001,0.997,0.061,0.000,0.122,-27.622,9.570,-57.090,0.9945,-0.0004,-0.0003,0.1049,0.06,-0.00,0.00,0.04,90674.9,0,0.00,0.00,2
199486,-0.001,0.004,0.998,-0.000,-0.061,-0.061,-26.770,9.389,-55.868,0.9944,-0.0003,-0.0003,0.1052,0.06,-0.00,0.00,0.03,90677.6,0,0.00,0.00,2
199686,-0.003,0.000,0.994,-0.000,-0.061,0.183,-27.793,7.945,-55.519,0.9945,-0.0004,-0.0003,0.1052,0.06,-0.00,0.00,0.04,90680.4,0,0.00,0.00,2
199886,0.001,0.001,0.997,0.122,-0.061,0.305,-27.793,9.389,-55.868,0.9944,-0.0003,-0.0002,0.1055,0.06,-0.00,0.00,0.04,90681.1,0,0.00,0.00,2
200086,0.000,0.001,0.998,0.061,0.061,0.061,-27.452,9.751,-55.868,0.9944,-0.0002,-0.0002,0.1057,0.05,-0.00,0.00,0.03,90676.9,0,0.00,0.00,2
200286,0.001,-0.001,0.998,-0.000,0.000,0.183,-26.940,8.125,-54.995,0.9944,-0.0002,-0.0002,0.1057,0.05,-0.00,0.00,0.03,90679.0,0,0.00,0.00,2
200486,0.004,0.000,0.996,0.122,-0.122,0.732,-27.452,7.584,-55.170,0.9944,-0.0002,-0.0003,0.1060,0.05,-0.00,0.00,0.03,90675.6,0,0.00,0.00,2
200686,-0.001,0.003,0.997,-0.000,0.000,0.122,-26.429,8.306,-55.519,0.9943,-0.0001,-0.0003,0.1063,0.05,-0.00,0.00,0.03,90681.1,0,0.00,0.00,2
200886,0.002,-0.004,0.998,0.061,0.061,0.244,-27.111,9.389,-55.519,0.9943,-0.0002,-0.0003,0.1062,0.05,-0.00,0.00,0.02,90675.6,0,0.00,0.00,2
201086,0.001,0.000,0.997,0.122,-0.061,0.549,-27.281,8.125,-55.344,0.9943,-0.0001,-0.0002,0.1067,0.05,-0.00,0.00,0.03,90678.3,0,0.00,0.00,2
201286,0.002,-0.002,0.998,0.061,0.000,0.183,-25.917,8.125,-56.042,0.9943,-0.0001,-0.0003,0.1068,0.05,-0.00,0.00,0.03,90679.7,0,0.00,0.00,2
201486,0.001,-0.000,0.998,-0.000,-0.061,0.183,-27.963,8.125,-55.693,0.9943,-0.0001,-0.0002,0.1068,0.04,-0.00,0.00,0.00,90684.5,0,0.00,0.00,2
201686,-0.002,0.000,0.995,0.061,0.000,0.366,-27.963,8.848,-56.392,0.9943,-0.0000,-0.0002,0.1069,0.03,-0.00,0.00,0.00,90679.0,0,0.00,0.00,2
201886,-0.004,-0.000,0.997,-0.000,0.061,0.183,-27.452,9.028,-55.519,0.9942,0.0000,-0.0003,0.1071,0.02,-0.00,0.00,0.03,90685.9,0,0.00,0.00,2
202086,0.002,-0.001,0.997,0.061,0.061,-0.183,-27.622,8.848,-54.995,0.9942,-0.0000,-0.0002,0.1071,0.03,0.00,0.00,0.02,90673.4,0,0.00,0.00,2
202286,0.004,0.000,0.997,0.122,-0.061,0.549,-26.770,7.945,-55.868,0.9942,-0.0000,-0.0002,0.1075,0.03,-0.00,0.00,0.03,90674.1,0,0.00,0.00,2
202486,-0.000,-0.002,0.998,0.122,0.000,-0.305,-26.770,9.028,-55.868,0.9942,0.0001,-0.0002,0.1076,0.04,-0.00,0.00,0.02,90679.7,0,0.00,0.00,2
202686,-0.007,0.004,0.995,0.061,0.061,0.366,-27.452,7.945,-55.868,0.9942,0.0002,-0.0002,0.1078,0.05,-0.00,0.00,0.02,90676.2,0,0.00,0.00,2
202886,-0.004,-0.002,0.996,0.122,0.000,0.122,-28.134,7.945,-56.217,0.9942,0.0001,-0.0002,0.1077,0.06,-0.00,0.00,0.03,90674.8,0,0.00,0.00,2
203086,-0.001,-0.001,0.995,0.061,0.000,0.122,-26.429,7.584,-55.868,0.9941,0.0001,-0.0003,0.1081,0.07,-0.00,0.00,0.02,90670.7,0,0.00,0.00,2
203286,0.004,-0.002,0.999,0.061,-0.061,0.122,-26.770,8.667,-55.170,0.9941,0.0001,-0.0003,0.1081,0.06,-0.00,0.00,0.02,90679.0,0,0.00,0.00,2
203486,-0.003,-0.001,0.996,-0.000,-0.122,0.427,-27.111,8.667,-56.217,0.9941,0.0001,-0.0002,0.1082,0.07,-0.00,0.00,0.03,90674.2,0,0.00,0.00,2
203686,-0.003,0.001,0.997,0.061,0.000,0.061,-27.793,7.945,-55.868,0.9941,0.0001,-0.0003,0.1085,0.08,-0.00,0.00,0.03,90669.3,0,0.00,0.00,2
203886,0.001,0.001,0.996,0.122,0.122,0.427,-26.770,7.945,-55.170,0.9941,0.0001,-0.0003,0.1086,0.08,-0.00,0.00,0.03,90673.4,0,0.00,0.00,2
204086,0.002,-0.002,0.996,-0.000,0.000,0.549,-27.622,7.764,-57.788,0.9941,0.0001,-0.0003,0.1086,0.08,-0.00,0.00,0.04,90673.4,0,0.00,0.00,2
204286,0.001,0.003,0.998,0.061,0.000,-0.122,-25.747,7.945,-55.519,0.9940,0.0001,-0.0003,0.1089,0.09,-0.00,0.00,0.02,90671.4,0,0.00,0.00,2
204486,0.001,0.000,0.997,0.061,0.000,0.061,-28.475,7.945,-55.868,0.9940,0.0001,-0.0003,0.1090,0.10,-0.00,0.00,0.02,90665.9,0,0.00,0.00,2
204686,-0.000,-0.003,1.000,0.061,0.000,-0.366,-26.258,8.125,-55.344,0.9940,0.0001,-0.0002,0.1090,0.11,-0.00,0.00,0.00,90667.9,0,0.00,0.00,2
204886,0.000,-0.001,0.998,0.061,0.000,0.122,-26.770,9.028,-56.217,0.9940,0.0001,-0.0002,0.1093,0.12,-0.00,0.00,0.03,90672.1,0,0.00,0.00,2
205086,-0.000,-0.002,0.998,0.061,0.000,-0.122,-27.111,8.667,-55.868,0.9940,0.0001,-0.0002,0.1093,0.12,-0.00,0.00,0.03,90669.3,0,0.00,0.00,2
205286,-0.000,-0.002,0.998,0.061,-0.061,-0.305,-26.429,8.306,-55.519,0.9940,0.0000,-0.0002,0.1095,0.12,-0.00,0.00,0.00,90674.1,0,0.00,0.00,2
205486,-0.000,0.001,0.997,0.061,-0.061,0.122,-27.793,8.667,-55.519,0.9940,0.0000,-0.0002,0.1096,0.12,-0.00,0.00,0.02,90676.9,0,0.00,0.00,2
205686,-0.001,-0.002,0.997,0.061,0.000,-0.122,-26.770,8.667,-55.868,0.9940,0.0000,-0.0002,0.1094,0.11,-0.00,0.00,0.02,90677.6,0,0.00,0.00,2
205886,-0.001,-0.002,0.996,-0.061,0.000,-0.000,-27.281,8.487,-55.693,0.9940,-0.0000,-0.0002,0.1096,0.10,-0.00,0.00,0.00,90677.6,0,0.00,0.00,2
206086,0.003,0.000,0.996,0.061,-0.061,0.549,-26.940,8.487,-55.693,0.9939,-0.0000,-0.0002,0.1099,0.09,-0.00,0.00,0.02,90676.9,0,0.00,0.00,2
206286,0.000,-0.000,0.998,-0.000,0.000,-0.183,-28.304,9.209,-56.741,0.9940,-0.0000,-0.0002,0.1098,0.09,-0.00,0.00,0.00,90674.2,0,0.00,0.00,2
206486,0.003,0.000,1.001,0.061,0.000,0.305,-27.452,9.028,-56.217,0.9939,-0.0001,-0.0001,0.1099,0.09,-0.00,0.00,0.00,90673.5,0,0.00,0.00,2
206686,0.002,-0.000,0.997,0.061,-0.122,-0.061,-27.622,7.403,-56.741,0.9939,-0.0001,-0.0002,0.1101,0.08,-0.00,0.00,0.00,90681.1,0,0.00,0.00,2
206886,0.001,0.002,0.994,-0.000,0.000,-0.183,-28.475,7.584,-56.217,0.9939,-0.0001,-0.0002,0.1101,0.07,-0.00,0.00,0.00,90678.3,0,0.00,0.00,2
207086,0.000,0.003,0.997,0.061,-0.061,0.061,-28.134,8.306,-56.566,0.9939,-0.0001,-0.0002,0.1104,0.06,-0.00,0.00,0.00,90675.5,0,0.00,0.00,2
207286,0.003,-0.001,0.997,0.122,-0.061,-0.000,-26.599,7.403,-56.741,0.9939,-0.0001,-0.0002,0.1102,0.05,-0.00,0.00,0.03,90682.4,0,0.00,0.00,2
207486,0.001,0.004,0.996,-0.000,0.061,-0.183,-27.622,8.487,-54.297,0.9939,-0.0001,-0.0002,0.1105,0.05,-0.00,0.00,0.02,90681.1,0,0.00,0.00,2
207686,0.001,0.003,0.999,0.122,0.061,0.183,-27.452,9.028,-56.915,0.9939,-0.0003,-0.0001,0.1103,0.04,0.00,0.00,0.02,90677.6,0,0.00,0.00,2
207886,-0.000,0.000,0.997,-0.000,0.000,0.183,-26.258,8.848,-56.042,0.9939,-0.0003,-0.0001,0.1107,0.04,-0.00,0.00,0.03,90676.9,0,0.00,0.00,2
208086,0.002,0.001,0.997,-0.000,0.000,0.061,-26.770,8.667,-55.170,0.9938,-0.0002,-0.0001,0.1107,0.04,-0.00,0.00,0.00,90673.4,0,0.00,0.00,2
208286,-0.002,-0.003,0.997,0.061,-0.061,0.061,-26.258,8.487,-55.344,0.9938,-0.0003,-0.0001,0.1109,0.04,0.00,0.00,0.03,90676.2,0,0.00,0.00,2
208486,0.000,0.001,0.996,0.061,0.000,0.305,-27.281,7.403,-55.693,0.9938,-0.0002,-0.0002,0.1111,0.03,-0.00,0.00,0.03,90685.2,0,0.00,0.00,2
208686,0.006,-0.001,0.998,0.122,0.000,-0.305,-28.134,7.945,-57.265,0.9938,-0.0002,-0.0002,0.1112,0.02,-0.00,0.00,0.03,90683.1,0,0.00,0.00,2
208886,-0.000,0.001,0.997,-0.000,0.000,0.793,-27.963,7.764,-54.995,0.9938,-0.0003,-0.0002,0.1112,0.01,0.00,0.00,0.03,90681.7,0,0.00,0.00,2
209086,-0.001,0.004,0.998,0.122,0.000,-0.427,-26.940,7.764,-56.042,0.9938,-0.0002,-0.0001,0.1114,0.00,0.00,0.00,0.00,90682.5,0,0.00,0.00,2
209286,0.001,0.002,0.998,-0.000,0.061,0.244,-26.599,7.764,-54.995,0.9937,-0.0003,-0.0001,0.1116,-0.01,0.00,0.00,0.03,90680.4,0,0.00,0.00,2
209486,0.005,-0.001,1.000,0.183,0.000,-0.061,-27.452,7.945,-54.122,0.9937,-0.0003,-0.0002,0.1117,-0.01,0.00,0.00,0.03,90683.1,0,0.00,0.00,2
209686,-0.000,0.000,0.995,0.061,0.000,0.183,-27.281,7.764,-56.042,0.9937,-0.0002,-0.0001,0.1120,-0.02,0.00,0.00,0.02,90683.8,0,0.00,0.00,2
209886,0.001,-0.000,0.998,0.061,0.000,-0.061,-27.281,7.042,-55.344,0.9937,-0.0002,-0.0002,0.1121,-0.02,0.00,0.00,0.02,90682.5,0,0.00,0.00,2
210086,0.001,-0.002,1.000,-0.000,0.061,0.183,-27.793,7.945,-56.566,0.9937,-0.0002,-0.0002,0.1122,-0.03,0.00,0.00,0.02,90682.4,0,0.00,0.00,2
210286,0.001,-0.004,0.998,0.061,-0.061,0.244,-27.281,9.209,-56.392,0.9937,-0.0002,-0.0002,0.1123,-0.02,0.00,0.00,0.00,90677.6,0,0.00,0.00,2
210486,0.002,-0.002,0.995,0.061,0.000,0.305,-27.793,8.667,-56.915,0.9937,-0.0002,-0.0002,0.1123,-0.02,0.00,0.00,0.00,90681.0,0,0.00,0.00,2
210686,-0.003,0.000,0.998,0.122,-0.061,-0.427,-27.963,7.403,-56.741,0.9937,-0.0002,-0.0002,0.1124,-0.02,0.00,0.00,0.03,90676.2,0,0.00,0.00,2
210886,-0.003,-0.001,0.999,-0.000,0.000,0.244,-26.770,8.306,-54.820,0.9937,-0.0003,-0.0001,0.1123,-0.02,0.00,0.00,0.03,90676.2,0,0.00,0.00,2
211086,0.000,-0.004,0.998,0.122,0.000,-0.000,-27.452,7.945,-56.566,0.9937,-0.0003,-0.0001,0.1123,-0.02,0.00,0.00,0.02,90680.4,0,0.00,0.00,2
211286,0.001,0.001,0.998,-0.000,-0.061,0.732,-26.770,7.945,-55.519,0.9936,-0.0003,-0.0002,0.1126,-0.03,0.00,0.00,0.03,90686.6,0,0.00,0.00,2
211486,-0.002,-0.001,0.998,0.122,-0.061,0.183,-27.793,8.667,-56.566,0.9936,-0.0002,-0.0001,0.1125,-0.04,0.00,0.00,0.00,90686.6,0,0.00,0.00,2
211686,-0.004,-0.004,0.996,-0.000,0.000,0.305,-27.281,9.570,-54.995,0.9936,-0.0002,-0.0002,0.1126,-0.04,0.00,0.00,0.02,90681.8,0,0.00,0.00,2
211886,-0.000,-0.002,0.998,-0.000,0.061,0.183,-27.622,8.487,-57.090,0.9936,-0.0003,-0.0001,0.1127,-0.05,0.00,0.00,0.04,90684.5,0,0.00,0.00,2
212086,0.003,-0.000,0.996,0.122,-0.061,0.732,-26.088,10.473,-55.170,0.9936,-0.0003,-0.0001,0.1131,-0.05,0.00,0.00,0.03,90683.2,0,0.00,0.00,2
212286,0.001,-0.003,1.000,0.061,0.000,0.244,-27.281,8.125,-55.344,0.9936,-0.0002,-0.0001,0.1131,-0.05,0.00,0.00,0.00,90679.7,0,0.00,0.00,2
212486,-0.003,0.004,0.996,0.061,0.061,0.427,-26.940,7.403,-55.344,0.9935,-0.0003,-0.0001,0.1135,-0.05,0.00,0.00,0.03,90680.4,0,0.00,0.00,2
212686,0.002,0.000,0.996,0.061,-0.061,0.366,-27.622,8.487,-56.741,0.9935,-0.0003,-0.0002,0.1137,-0.06,0.00,0.00,0.03,90685.2,0,0.00,0.00,2
212886,-0.000,-0.005,0.998,-0.000,0.000,-0.061,-27.111,9.028,-55.868,0.9935,-0.0003,-0.0002,0.1137,-0.06,0.00,0.00,0.03,90682.4,0,0.00,0.00,2
213086,0.001,0.002,0.998,0.122,0.000,-0.122,-27.111,8.306,-56.217,0.9935,-0.0003,-0.0001,0.1140,-0.07,0.00,0.00,0.02,90684.5,0,0.00,0.00,2
213286,-0.000,0.000,1.000,0.122,0.000,0.305,-26.770,9.389,-56.915,0.9935,-0.0002,-0.0002,0.1142,-0.07,0.00,0.00,0.02,90680.4,0,0.00,0.00,2
213486,-0.001,-0.001,0.997,-0.000,0.061,-0.366,-26.770,7.945,-56.217,0.9935,-0.0002,-0.0002,0.1141,-0.06,0.00,0.00,0.03,90680.4,0,0.00,0.00,2
213686,0.004,0.002,0.998,0.061,-0.061,0.122,-27.793,8.667,-56.217,0.9934,-0.0002,-0.0002,0.1147,-0.07,0.00,0.00,0.03,90683.1,0,0.00,0.00,2
213886,0.004,-0.000,0.997,0.122,-0.122,0.122,-27.111,8.306,-56.566,0.9934,-0.0001,-0.0003,0.1148,-0.06,0.00,0.00,0.02,90681.7,0,0.00,0.00,2
214086,0.001,0.001,0.999,-0.000,0.061,-0.305,-27.111,9.389,-55.519,0.9934,-0.0001,-0.0003,0.1149,-0.06,0.00,0.00,0.02,90685.2,0,0.00,0.00,2
214286,-0.002,0.004,0.997,0.183,-0.061,-0.000,-26.429,7.945,-56.217,0.9933,-0.0002,-0.0002,0.1153,-0.06,0.00,0.00,0.03,90680.4,0,0.00,0.00,2
214486,0.001,0.002,0.998,0.122,-0.061,0.061,-26.770,9.751,-55.170,0.9933,-0.0001,-0.0003,0.1154,-0.06,0.00,0.00,0.03,90681.7,0,0.00,0.00,2
214686,0.006,-0.001,0.996,0.061,0.122,-0.427,-26.770,8.306,-55.868,0.9933,-0.0001,-0.0003,0.1153,-0.06,0.00,0.00,0.03,90681.7,0,0.00,0.00,2
214886,-0.003,-0.003,0.998,0.122,-0.061,0.488,-27.622,8.487,-55.693,0.9933,-0.0003,-0.0002,0.1154,-0.06,0.00,0.00,0.03,90684.5,0,0.00,0.00,2
215086,-0.008,-0.001,0.994,0.122,0.000,-0.122,-27.622,7.403,-56.741,0.9933,-0.0001,-0.0003,0.1156,-0.06,0.00,0.00,0.03,90678.3,0,0.00,0.00,2
215286,-0.001,0.000,0.999,0.061,0.061,-0.366,-27.281,8.848,-57.439,0.9932,-0.0001,-0.0004,0.1160,-0.06,0.00,0.00,0.03,90676.9,0,0.00,0.00,2
215486,-0.002,-0.005,0.999,0.061,-0.122,0.061,-27.452,8.667,-55.170,0.9933,-0.0002,-0.0002,0.1158,-0.05,0.00,0.00,0.02,90676.9,0,0.00,0.00,2
215686,0.005,-0.000,0.998,0.183,0.000,-0.427,-27.111,7.945,-56.217,0.9932,-0.0001,-0.0003,0.1161,-0.04,0.00,0.00,0.03,90681.0,0,0.00,0.00,2
215886,0.004,-0.002,0.996,0.122,0.061,-0.427,-25.576,7.764,-54.995,0.9932,-0.0001,-0.0003,0.1161,-0.04,0.00,0.00,0.03,90682.4,0,0.00,0.00,2
216086,-0.006,0.000,0.996,-0.000,0.000,-0.244,-27.111,9.389,-54.820,0.9932,-0.0002,-0.0002,0.1160,-0.04,0.00,0.00,0.02,90683.8,0,0.00,0.00,2
216286,0.003,0.000,0.998,0.122,-0.061,-0.549,-26.088,7.584,-55.519,0.9932,-0.0002,-0.0002,0.1165,-0.05,0.00,0.00,0.03,90683.8,0,0.00,0.00,2
216486,-0.000,0.001,0.997,-0.000,0.122,0.122,-27.963,9.209,-56.042,0.9932,-0.0002,-0.0002,0.1167,-0.05,0.00,0.00,0.03,90683.8,0,0.00,0.00,2
216686,0.002,-0.005,0.997,-0.000,0.000,-0.488,-26.599,9.209,-54.995,0.9932,-0.0003,-0.0002,0.1164,-0.05,0.00,0.00,0.03,90683.1,0,0.00,0.00,2
216886,0.005,-0.002,0.996,0.244,-0.061,-0.061,-26.088,9.028,-55.519,0.9931,-0.0003,-0.0002,0.1169,-0.05,0.00,0.00,0.04,90681.0,0,0.00,0.00,2
217086,-0.002,0.002,0.996,0.061,0.061,-0.183,-27.111,7.945,-55.519,0.9931,-0.0003,-0.0003,0.1171,-0.05,0.00,0.00,0.02,90681.7,0,0.00,0.00,2
217286,-0.000,-0.001,0.997,-0.000,0.000,-0.244,-27.452,9.751,-56.217,0.9931,-0.0003,-0.0002,0.1171,-0.05,0.00,0.00,0.04,90681.0,0,0.00,0.00,2
217486,0.004,0.001,0.997,0.122,0.000,0.610,-26.258,8.487,-56.042,0.9931,-0.0004,-0.0003,0.1176,-0.04,0.00,0.00,0.04,90681.0,0,0.00,0.00,2
217686,-0.003,0.001,0.998,0.061,0.061,-0.183,-26.770,9.389,-55.868,0.9930,-0.0002,-0.0003,0.1178,-0.03,0.00,0.00,0.04,90680.3,0,0.00,0.00,2
217886,0.001,-0.002,0.996,0.061,0.061,-0.305,-27.622,9.570,-57.439,0.9931,-0.0003,-0.0003,0.1176,-0.02,0.00,0.00,0.02,90677.6,0,0.00,0.00,2
218086,0.003,0.000,0.997,0.122,-0.061,0.549,-28.134,9.389,-55.170,0.9930,-0.0003,-0.0002,0.1178,-0.02,0.00,0.00,0.02,90687.2,0,0.00,0.00,2
218286,0.001,0.004,0.998,-0.000,-0.061,-0.122,-27.793,7.945,-55.868,0.9930,-0.0001,-0.0002,0.1177,-0.03,0.00,0.00,0.02,90681.7,0,0.00,0.00,2
218486,-0.002,0.001,0.997,0.183,0.122,-0.183,-24.894,7.764,-55.693,0.9931,-0.0003,-0.0002,0.1177,-0.02,0.00,0.00,0.03,90680.3,0,0.00,0.00,2
218686,0.001,0.001,0.997,0.061,-0.122,0.427,-26.770,9.389,-56.915,0.9930,-0.0003,-0.0002,0.1180,-0.03,0.00,0.00,0.03,90678.9,0,0.00,0.00,2
218886,0.002,0.001,0.997,-0.000,0.000,-0.305,-28.134,8.667,-55.868,0.9930,-0.0002,-0.0002,0.1181,-0.03,0.00,0.00,0.03,90685.1,0,0.00,0.00,2
219086,-0.003,-0.003,0.996,0.061,-0.061,0.122,-26.770,7.945,-55.868,0.9930,-0.0004,-0.0002,0.1179,-0.03,0.00,0.00,0.03,90679.6,0,0.00,0.00,2
219286,-0.000,0.003,0.998,0.122,0.000,0.061,-25.576,8.125,-56.042,0.9930,-0.0003,-0.0002,0.1184,-0.03,0.00,0.00,0.03,90683.1,0,0.00,0.00,2
219486,0.005,0.004,0.999,-0.000,0.061,-0.183,-26.770,8.306,-57.614,0.9929,-0.0002,-0.0002,0.1186,-0.02,0.00,0.00,0.03,90674.8,0,0.00,0.00,2
219686,-0.001,0.000,0.997,0.122,-0.122,0.122,-27.622,7.764,-56.042,0.9930,-0.0004,-0.0001,0.1185,-0.01,0.00,0.00,0.03,90680.3,0,0.00,0.00,2
219886,-0.004,0.001,0.996,0.122,-0.122,0.244,-27.111,9.751,-55.519,0.9929,-0.0002,-0.0002,0.1188,-0.01,-0.00,0.00,0.02,90683.0,0,0.00,0.00,2
220086,0.001,0.002,0.995,-0.000,-0.061,0.061,-27.111,9.751,-55.519,0.9929,-0.0002,-0.0003,0.1191,-0.01,0.00,0.00,0.02,90681.0,0,0.00,0.00,2
220286,0.001,-0.001,1.000,0.122,0.061,0.122,-26.258,7.403,-56.042,0.9929,-0.0003,-0.0002,0.1191,-0.01,0.00,0.00,0.03,90676.2,0,0.00,0.00,2
220486,0.004,0.001,0.999,0.183,-0.122,-0.549,-26.770,8.667,-55.519,0.9929,-0.0001,-0.0002,0.1193,0.01,0.00,0.00,0.02,90677.5,0,0.00,0.00,2
220686,0.000,0.001,0.997,-0.000,0.000,-0.000,-27.111,7.945,-55.519,0.9928,-0.0002,-0.0003,0.1194,0.01,0.00,0.00,0.03,90678.2,0,0.00,0.00,2
220886,-0.005,0.000,0.998,0.061,0.000,-0.427,-25.406,7.223,-54.820,0.9928,-0.0002,-0.0003,0.1194,0.01,0.00,0.00,0.03,90678.9,0,0.00,0.00,2
221086,0.002,0.002,0.999,-0.000,-0.122,-0.000,-27.111,7.945,-55.868,0.9928,-0.0002,-0.0003,0.1198,0.01,-0.00,0.00,0.02,90681.0,0,0.00,0.00,2
221286,0.004,-0.002,0.999,0.061,0.000,-0.183,-27.622,7.403,-55.344,0.9928,-0.0002,-0.0004,0.1200,0.01,0.00,0.00,0.05,90679.5,0,0.00,0.00,2
221486,-0.004,0.001,0.994,0.061,0.061,-0.183,-27.281,9.209,-54.995,0.9928,-0.0002,-0.0003,0.1202,0.02,-0.00,0.00,0.03,90676.8,0,0.00,0.00,2
221686,0.001,0.002,0.998,0.061,0.000,-0.183,-27.281,8.487,-55.693,0.9927,-0.0001,-0.0003,0.1205,0.03,0.00,0.00,0.00,90673.4,0,0.00,0.00,2
221886,0.005,-0.003,0.999,0.122,0.122,-0.427,-27.281,9.209,-56.392,0.9927,-0.0002,-0.0004,0.1205,0.04,0.00,0.00,0.05,90667.8,0,0.00,0.00,2
222086,0.002,-0.005,1.001,-0.000,0.122,-0.061,-27.452,9.751,-56.217,0.9927,-0.0002,-0.0003,0.1206,0.06,0.00,0.00,0.03,90671.3,0,0.00,0.00,2
222286,-0.000,0.001,0.997,0.061,-0.122,-0.427,-26.429,7.945,-54.820,0.9927,-0.0001,-0.0003,0.1208,0.07,-0.00,0.00,0.03,90675.4,0,0.00,0.00,2
222486,-0.002,0.003,0.995,-0.000,0.000,-0.122,-27.281,9.570,-57.090,0.9927,-0.0001,-0.0004,0.1209,0.06,-0.00,0.00,0.04,90678.2,0,0.00,0.00,2
222686,0.005,-0.003,0.996,-0.000,0.061,-0.671,-26.258,8.848,-56.042,0.9927,-0.0001,-0.0004,0.1209,0.07,-0.00,0.00,0.03,90670.6,0,0.00,0.00,2
222886,0.004,-0.002,0.999,0.061,-0.061,0.366,-26.940,9.931,-55.344,0.9927,-0.0002,-0.0003,0.1209,0.07,-0.00,0.00,0.04,90675.4,0,0.00,0.00,2
223086,-0.003,0.002,0.994,0.122,0.061,-0.366,-26.088,7.945,-55.170,0.9926,-0.0001,-0.0003,0.1210,0.07,-0.00,0.00,0.03,90676.1,0,0.00,0.00,2
223286,-0.005,0.002,0.994,0.061,0.000,0.122,-28.134,8.306,-57.265,0.9926,-0.0002,-0.0003,0.1212,0.07,-0.00,0.00,0.03,90672.0,0,0.00,0.00,2
223486,0.001,-0.004,0.998,0.122,0.000,-0.366,-26.599,9.209,-56.042,0.9926,-0.0001,-0.0003,0.1211,0.07,-0.00,0.00,0.02,90678.2,0,0.00,0.00,2
223686,0.007,-0.001,0.998,-0.000,0.000,-0.061,-27.111,8.306,-55.868,0.9926,-0.0001,-0.0003,0.1215,0.07,-0.00,0.00,0.02,90678.9,0,0.00,0.00,2
223886,-0.000,-0.003,0.996,-0.000,-0.061,0.061,-27.963,9.209,-56.042,0.9926,-0.0001,-0.0003,0.1214,0.06,-0.00,0.00,0.03,90674.8,0,0.00,0.00,2
224086,-0.003,-0.001,0.996,-0.000,0.000,-0.000,-25.235,8.125,-56.741,0.9926,-0.0002,-0.0003,0.1215,0.06,-0.00,0.00,0.03,90678.2,0,0.00,0.00,2
224286,0.001,-0.000,0.997,0.061,-0.061,-0.061,-27.963,8.487,-56.042,0.9926,-0.0001,-0.0002,0.1217,0.06,-0.00,0.00,0.00,90680.2,0,0.00,0.00,2
224486,0.005,-0.003,0.998,0.061,0.000,-0.305,-28.304,9.570,-56.392,0.9926,-0.0001,-0.0003,0.1217,0.06,-0.00,0.00,0.00,90676.1,0,0.00,0.00,2
224686,-0.002,0.002,0.996,0.061,-0.061,0.122,-27.281,9.209,-54.646,0.9925,-0.0001,-0.0002,0.1219,0.05,-0.00,0.00,0.00,90676.8,0,0.00,0.00,2
224886,-0.003,0.005,0.996,0.061,0.000,-0.244,-27.452,7.584,-56.217,0.9925,-0.0001,-0.0003,0.1221,0.04,-0.00,0.00,0.03,90683.7,0,0.00,0.00,2
225086,0.005,-0.001,0.998,0.122,0.000,-0.122,-28.134,9.751,-55.170,0.9925,-0.0001,-0.0003,0.1222,0.03,-0.00,0.00,0.02,90681.6,0,0.00,0.00,2
225286,0.006,-0.000,0.997,-0.000,0.000,0.122,-27.111,8.306,-54.820,0.9925,-0.0001,-0.0003,0.1224,0.04,-0.00,0.00,0.02,90672.7,0,0.00,0.00,2
225486,0.000,0.002,0.997,-0.000,0.000,0.122,-27.793,9.028,-56.217,0.9925,-0.0001,-0.0003,0.1225,0.04,-0.00,0.00,0.02,90676.1,0,0.00,0.00,2
225686,-0.000,0.001,0.995,0.122,0.000,0.061,-26.429,7.945,-54.820,0.9925,-0.0001,-0.0003,0.1225,0.04,-0.00,0.00,0.03,90674.0,0,0.00,0.00,2
225886,0.006,0.003,0.999,0.061,-0.061,0.244,-27.111,7.945,-55.868,0.9924,-0.0001,-0.0003,0.1228,0.05,0.00,0.00,0.03,90672.7,0,0.00,0.00,2
226086,0.007,-0.001,0.997,-0.000,-0.061,0.061,-27.111,9.751,-56.217,0.9924,0.0000,-0.0003,0.1228,0.05,-0.00,0.00,0.02,90674.8,0,0.00,0.00,2
226286,0.002,-0.001,0.999,0.061,0.000,0.061,-28.304,8.125,-56.392,0.9924,0.0000,-0.0002,0.1229,0.05,-0.00,0.00,0.03,90676.1,0,0.00,0.00,2
226486,-0.002,0.002,0.998,0.061,0.000,0.305,-27.281,8.125,-55.344,0.9924,0.0000,-0.0002,0.1230,0.05,-0.00,0.00,0.00,90677.5,0,0.00,0.00,2
226686,0.002,-0.003,0.997,-0.000,0.000,-0.854,-27.963,8.125,-57.090,0.9924,0.0001,-0.0003,0.1230,0.05,-0.00,0.00,0.03,90676.1,0,0.00,0.00,2
226886,0.003,-0.005,0.996,0.183,0.061,-0.244,-27.111,7.584,-56.217,0.9924,0.0000,-0.0004,0.1231,0.05,-0.00,0.00,0.04,90674.0,0,0.00,0.00,2
227086,-0.001,0.001,0.996,0.061,0.000,-0.366,-27.452,7.584,-53.424,0.9923,0.0001,-0.0003,0.1235,0.05,-0.00,0.00,0.00,90674.0,0,0.00,0.00,2
227286,0.002,-0.000,0.998,0.061,-0.122,-0.366,-27.793,7.945,-55.868,0.9923,0.0001,-0.0004,0.1239,0.06,-0.00,0.00,0.04,90671.9,0,0.00,0.00,2
227486,0.002,-0.001,0.998,0.122,0.000,-0.427,-27.111,9.751,-55.519,0.9923,0.0000,-0.0004,0.1237,0.07,-0.00,0.00,0.03,90672.6,0,0.00,0.00,2
227686,-0.000,-0.000,0.996,0.122,0.000,-0.000,-27.622,9.209,-56.392,0.9923,0.0000,-0.0004,0.1241,0.06,-0.00,0.00,0.04,90678.8,0,0.00,0.00,2
227886,0.004,-0.004,0.999,0.061,0.000,-0.549,-27.963,8.125,-55.693,0.9923,-0.0000,-0.0005,0.1242,0.06,-0.00,0.00,0.04,90673.3,0,0.00,0.00,2
228086,0.001,-0.001,1.000,0.061,0.000,-0.366,-27.963,8.487,-55.344,0.9922,0.0001,-0.0005,0.1245,0.06,-0.00,0.00,0.05,90671.9,0,0.00,0.00,2
228286,-0.005,-0.000,0.998,0.061,-0.061,-0.427,-26.940,7.403,-55.693,0.9922,0.0001,-0.0004,0.1246,0.07,-0.00,0.00,0.04,90674.0,0,0.00,0.00,2
228486,-0.003,0.002,0.997,0.061,0.122,-0.427,-27.452,8.667,-54.820,0.9922,0.0000,-0.0004,0.1249,0.07,-0.00,0.00,0.04,90671.9,0,0.00,0.00,2
228686,0.002,-0.000,0.995,0.061,0.061,-0.549,-26.770,7.584,-55.170,0.9922,0.0000,-0.0005,0.1250,0.08,-0.00,0.00,0.06,90669.8,0,0.00,0.00,2
228886,0.002,-0.002,0.999,0.061,0.061,-0.122,-27.622,8.125,-56.392,0.9922,-0.0000,-0.0004,0.1250,0.08,-0.00,0.00,0.03,90673.3,0,0.00,0.00,2
229086,-0.002,0.001,0.997,0.122,-0.061,-0.000,-27.111,8.667,-56.915,0.9921,0.0000,-0.0003,0.1252,0.08,-0.00,0.00,0.03,90674.0,0,0.00,0.00,2
229286,-0.011,0.004,0.996,-0.000,0.000,0.122,-27.281,9.931,-56.042,0.9921,0.0001,-0.0004,0.1254,0.08,-0.00,0.00,0.04,90674.7,0,0.00,0.00,2
229486,-0.006,-0.000,0.994,0.061,0.061,0.244,-27.281,8.125,-56.042,0.9921,0.0000,-0.0003,0.1254,0.08,-0.00,0.00,0.04,90674.0,0,0.00,0.00,2
229686,0.005,-0.001,0.998,0.122,0.000,0.244,-28.134,8.667,-55.868,0.9920,0.0001,-0.0004,0.1260,0.08,-0.00,0.00,0.04,90671.9,0,0.00,0.00,2
229886,0.006,-0.002,0.999,-0.000,-0.061,0.244,-28.304,8.487,-56.392,0.9920,0.0001,-0.0004,0.1261,0.08,-0.00,0.00,0.05,90671.2,0,0.00,0.00,2
230086,-0.001,-0.002,0.998,-0.000,-0.061,0.732,-27.793,8.306,-57.614,0.9920,0.0001,-0.0004,0.1260,0.09,-0.00,0.00,0.03,90673.3,0,0.00,0.00,2
230286,-0.006,0.000,0.996,0.061,0.000,0.366,-27.452,9.751,-54.820,0.9920,0.0000,-0.0003,0.1259,0.09,-0.00,0.00,0.04,90670.5,0,0.00,0.00,2
230486,0.001,-0.001,0.997,0.061,0.122,0.244,-27.111,9.751,-55.170,0.9920,0.0002,-0.0003,0.1260,0.09,-0.00,0.00,0.03,90674.0,0,0.00,0.00,2
230686,0.007,-0.008,1.001,0.061,0.061,0.305,-27.452,7.584,-55.868,0.9920,0.0001,-0.0003,0.1260,0.09,-0.00,0.00,0.03,90681.6,0,0.00,0.00,2
230886,0.001,-0.003,0.995,-0.000,0.000,0.183,-27.452,8.306,-56.566,0.9920,0.0001,-0.0002,0.1261,0.08,-0.00,0.00,0.00,90677.5,0,0.00,0.00,2
231086,-0.006,-0.000,0.996,0.122,0.000,-0.305,-25.747,9.028,-55.519,0.9920,0.0001,-0.0001,0.1262,0.07,-0.00,0.00,0.00,90675.4,0,0.00,0.00,2
231286,-0.000,-0.004,0.994,0.122,0.061,-0.061,-27.452,8.667,-55.868,0.9920,0.0001,-0.0003,0.1264,0.07,-0.00,0.00,0.00,90678.1,0,0.00,0.00,2
231486,0.005,-0.006,1.000,0.122,0.000,-0.000,-26.770,8.667,-55.519,0.9919,0.0001,-0.0003,0.1267,0.06,0.00,0.00,0.03,90675.4,0,0.00,0.00,2
231686,0.005,-0.003,0.997,0.061,0.000,-0.000,-27.622,7.403,-56.741,0.9919,0.0001,-0.0002,0.1269,0.06,-0.00,0.00,0.00,90676.0,0,0.00,0.00,2
231886,-0.005,0.002,0.994,0.061,-0.061,-0.122,-25.576,9.209,-57.090,0.9919,0.0001,-0.0003,0.1269,0.06,-0.00,0.00,0.02,90670.5,0,0.00,0.00,2
232086,-0.008,0.002,0.996,0.122,-0.061,-0.366,-28.134,9.389,-56.566,0.9919,0.0000,-0.0003,0.1272,0.06,-0.00,0.00,0.03,90676.1,0,0.00,0.00,2
232286,0.009,-0.005,1.000,0.183,0.061,0.061,-27.452,7.945,-56.915,0.9918,0.0000,-0.0003,0.1274,0.07,-0.00,0.00,0.03,90671.2,0,0.00,0.00,2
232486,0.007,-0.003,1.000,-0.000,0.000,-0.305,-26.088,7.945,-56.217,0.9918,0.0000,-0.0003,0.1276,0.07,-0.00,0.00,0.03,90673.3,0,0.00,0.00,2
232686,-0.005,-0.000,0.996,-0.000,-0.122,0.427,-27.281,9.931,-56.392,0.9918,-0.0000,-0.0003,0.1275,0.07,-0.00,0.00,0.03,90676.8,0,0.00,0.00,2
232886,-0.009,0.002,0.995,0.183,-0.061,-0.244,-27.793,6.862,-55.170,0.9918,-0.0000,-0.0003,0.1277,0.06,-0.00,0.00,0.03,90674.7,0,0.00,0.00,2
233086,-0.008,0.001,0.999,0.061,0.061,0.488,-27.111,8.667,-55.519,0.9918,0.0000,-0.0002,0.1279,0.06,-0.00,0.00,0.02,90674.7,0,0.00,0.00,2
233286,0.004,-0.002,0.998,0.122,0.000,-0.244,-27.111,8.667,-55.170,0.9918,0.0001,-0.0003,0.1282,0.06,-0.00,0.00,0.00,90673.3,0,0.00,0.00,2
233486,0.006,-0.006,0.997,0.122,-0.061,-0.000,-27.452,9.751,-57.265,0.9917,0.0001,-0.0003,0.1283,0.06,-0.00,0.00,0.02,90672.6,0,0.00,0.00,2
233686,-0.001,-0.001,0.999,-0.000,-0.061,0.183,-27.793,9.389,-54.820,0.9917,0.0001,-0.0002,0.1284,0.06,-0.00,0.00,0.02,90676.7,0,0.00,0.00,2
233886,-0.008,0.002,0.997,0.061,0.061,0.061,-28.304,9.209,-54.646,0.9917,0.0001,-0.0002,0.1287,0.06,-0.00,0.00,0.02,90672.6,0,0.00,0.00,2
234086,-0.006,0.000,0.997,0.122,0.000,-0.366,-27.281,7.403,-55.693,0.9917,0.0002,-0.0003,0.1286,0.07,-0.00,0.00,0.03,90669.1,0,0.00,0.00,2
234286,-0.002,0.004,0.995,-0.061,-0.061,-0.122,-27.281,7.042,-55.344,0.9917,0.0002,-0.0002,0.1287,0.08,-0.00,0.00,0.04,90670.5,0,0.00,0.00,2
234486,0.006,-0.001,0.998,0.122,-0.061,-0.183,-27.281,7.403,-55.693,0.9917,0.0001,-0.0002,0.1288,0.09,-0.00,0.00,0.00,90669.8,0,0.00,0.00,2
234686,0.003,-0.002,0.997,0.061,0.061,0.183,-26.940,8.848,-55.344,0.9917,0.0002,-0.0002,0.1288,0.09,-0.00,0.00,0.04,90673.3,0,0.00,0.00,2
234886,0.004,-0.000,0.998,0.122,0.000,-0.244,-26.940,8.848,-57.090,0.9917,0.0002,-0.0001,0.1289,0.08,-0.00,0.00,0.00,90674.7,0,0.00,0.00,2
235086,-0.000,0.001,0.997,-0.000,-0.061,0.549,-27.622,7.403,-54.995,0.9916,0.0001,-0.0001,0.1293,0.08,-0.00,0.00,0.00,90678.1,0,0.00,0.00,2
235286,-0.004,0.005,0.997,0.061,0.122,-0.183,-27.281,7.042,-55.693,0.9916,0.0002,-0.0002,0.1293,0.07,-0.00,0.00,0.03,90674.0,0,0.00,0.00,2
235486,-0.004,0.007,0.997,0.061,0.061,-0.183,-28.816,8.667,-56.566,0.9916,0.0001,-0.0002,0.1295,0.07,-0.00,0.00,0.00,90674.0,0,0.00,0.00,2
235686,0.004,-0.001,0.998,0.061,-0.061,0.366,-28.134,7.584,-55.170,0.9916,0.0000,-0.0002,0.1297,0.07,-0.00,0.00,0.00,90674.7,0,0.00,0.00,2
235886,0.004,0.001,0.997,-0.000,0.061,-0.000,-27.111,7.945,-56.217,0.9916,0.0001,-0.0002,0.1297,0.06,-0.00,0.00,0.00,90678.1,0,0.00,0.00,2
236086,0.000,0.002,0.998,-0.000,0.000,0.427,-27.622,8.125,-56.042,0.9915,-0.0000,-0.0003,0.1297,0.05,-0.00,0.00,0.03,90677.5,0,0.00,0.00,2
236286,0.001,0.001,0.997,0.061,-0.061,0.244,-26.770,6.862,-56.217,0.9915,-0.0001,-0.0002,0.1299,0.05,-0.00,0.00,0.02,90677.4,0,0.00,0.00,2
236486,0.003,0.001,0.996,0.061,0.000,-0.122,-26.599,8.125,-55.693,0.9915,0.0001,-0.0002,0.1300,0.05,-0.00,0.00,0.00,90671.2,0,0.00,0.00,2
236686,0.001,0.002,0.998,0.061,0.000,0.183,-25.747,8.306,-55.519,0.9915,0.0000,-0.0002,0.1300,0.04,-0.00,0.00,0.02,90671.2,0,0.00,0.00,2
236886,-0.001,0.001,0.997,0.061,-0.061,0.244,-26.599,8.125,-56.741,0.9915,0.0000,-0.0002,0.1302,0.04,-0.00,0.00,0.00,90678.8,0,0.00,0.00,2
237086,0.001,0.004,0.998,0.061,0.061,-0.122,-26.088,8.306,-56.217,0.9915,0.0001,-0.0003,0.1304,0.04,-0.00,0.00,0.00,90677.4,0,0.00,0.00,2
237286,0.006,0.000,0.999,0.061,0.000,0.488,-27.963,8.125,-55.344,0.9915,0.0001,-0.0003,0.1305,0.03,0.00,0.00,0.03,90676.0,0,0.00,0.00,2
237486,0.002,0.001,0.998,0.122,-0.122,0.061,-27.963,8.125,-55.344,0.9914,0.0001,-0.0003,0.1307,0.03,0.00,0.00,0.00,90673.3,0,0.00,0.00,2
237686,-0.002,0.002,0.997,0.061,0.000,0.244,-27.622,7.764,-55.344,0.9914,0.0002,-0.0003,0.1310,0.03,-0.00,0.00,0.03,90673.3,0,0.00,0.00,2
237886,-0.002,0.001,0.994,-0.000,0.061,0.305,-27.452,8.306,-55.868,0.9914,0.0001,-0.0003,0.1310,0.04,-0.00,0.00,0.02,90672.6,0,0.00,0.00,2
238086,0.005,-0.002,0.996,0.061,0.000,0.427,-27.452,7.584,-57.614,0.9914,0.0001,-0.0002,0.1310,0.04,-0.00,0.00,0.02,90676.7,0,0.00,0.00,2
238286,0.000,0.003,0.997,-0.000,-0.122,0.061,-27.111,8.306,-55.868,0.9913,0.0001,-0.0002,0.1314,0.03,-0.00,0.00,0.02,90680.8,0,0.00,0.00,2
238486,-0.003,-0.004,0.997,-0.122,0.061,0.244,-27.281,9.931,-55.344,0.9914,-0.0001,-0.0003,0.1310,0.02,0.00,0.00,0.03,90676.0,0,0.00,0.00,2
238686,-0.004,-0.003,0.996,0.122,0.061,-0.427,-26.088,7.945,-56.915,0.9913,-0.0002,-0.0003,0.1313,0.02,-0.00,0.00,0.05,90679.5,0,0.00,0.00,2
238886,0.005,0.001,0.998,0.183,0.000,0.671,-26.258,8.487,-54.646,0.9913,-0.0001,-0.0004,0.1319,0.02,0.00,0.00,0.02,90677.4,0,0.00,0.00,2
239086,0.005,0.001,0.998,0.122,-0.061,-0.061,-28.475,8.667,-55.170,0.9913,0.0000,-0.0002,0.1319,0.01,0.00,0.00,0.00,90675.3,0,0.00,0.00,2
239286,-0.000,0.007,0.998,0.061,-0.061,0.549,-25.917,8.125,-55.693,0.9912,0.0001,-0.0001,0.1322,0.01,0.00,0.00,0.00,90674.0,0,0.00,0.00,2
239486,-0.003,0.010,0.996,-0.000,-0.122,0.549,-26.770,8.306,-55.170,0.9912,0.0002,-0.0002,0.1325,0.02,0.00,0.00,0.03,90672.6,0,0.00,0.00,2
239686,-0.001,-0.004,0.998,0.122,0.061,0.793,-27.111,9.389,-56.566,0.9912,-0.0000,-0.0003,0.1323,0.03,0.00,0.00,0.02,90669.8,0,0.00,0.00,2
239886,0.006,0.003,0.997,0.061,0.000,0.488,-25.747,8.667,-55.868,0.9912,0.0002,-0.0002,0.1327,0.04,0.00,0.00,0.00,90672.6,0,0.00,0.00,2
240086,0.005,-0.002,0.997,-0.061,-0.061,0.854,-27.963,8.848,-56.392,0.9912,0.0001,-0.0002,0.1327,0.04,-0.00,0.00,0.00,90669.8,0,0.00,0.00,2
240286,-0.003,-0.005,0.996,0.122,0.000,0.061,-27.452,6.862,-56.915,0.9912,0.0001,-0.0003,0.1326,0.05,-0.00,0.00,0.02,90670.5,0,0.00,0.00,2
240486,-0.002,0.002,0.999,0.122,0.061,0.488,-27.111,7.945,-56.566,0.9911,0.0001,-0.0001,0.1331,0.05,0.00,0.00,0.00,90671.2,0,0.00,0.00,2
240686,0.000,-0.009,0.996,-0.061,-0.122,0.366,-27.793,8.306,-56.915,0.9912,0.0001,-0.0002,0.1327,0.06,-0.00,0.00,0.02,90667.7,0,0.00,0.00,2
240886,0.002,-0.002,0.997,0.122,0.061,0.122,-26.258,8.487,-56.392,0.9911,0.0001,-0.0002,0.1333,0.06,-0.00,0.00,0.02,90678.1,0,0.00,0.00,2
241086,-0.000,0.003,0.998,-0.000,-0.122,1.282,-26.770,7.945,-56.915,0.9910,0.0002,-0.0001,0.1335,0.05,-0.00,0.00,0.00,90680.9,0,0.00,0.00,2
241286,-0.001,-0.003,0.997,-0.000,0.000,-0.366,-28.986,9.209,-54.995,0.9911,0.0002,-0.0002,0.1333,0.04,-0.00,0.00,0.04,90674.7,0,0.00,0.00,2
241486,-0.001,0.002,0.996,0.061,0.122,1.160,-27.622,7.764,-55.344,0.9910,0.0000,-0.0002,0.1336,0.03,-0.00,0.00,0.00,90679.5,0,0.00,0.00,2
241686,0.006,-0.002,1.000,-0.000,-0.061,0.427,-25.917,9.570,-55.693,0.9910,0.0001,-0.0002,0.1338,0.03,0.00,0.00,0.00,90676.0,0,0.00,0.00,2
241886,0.004,-0.007,0.998,-0.000,0.000,0.427,-27.622,8.848,-56.392,0.9910,0.0001,-0.0003,0.1336,0.02,-0.00,0.00,0.02,90677.4,0,0.00,0.00,2
242086,-0.007,0.001,0.994,0.061,0.000,0.793,-25.917,7.764,-56.042,0.9910,0.0001,-0.0002,0.1340,0.02,-0.00,0.00,0.00,90674.7,0,0.00,0.00,2
242286,-0.008,0.003,0.995,0.061,-0.061,0.305,-26.940,8.487,-55.344,0.9910,0.0002,-0.0002,0.1342,0.02,0.00,0.00,0.03,90670.5,0,0.00,0.00,2
242486,0.005,-0.003,0.999,0.061,0.061,0.244,-26.429,8.306,-55.170,0.9910,0.0001,-0.0003,0.1342,0.01,0.00,0.00,0.02,90676.0,0,0.00,0.00,2
242686,0.007,-0.005,0.999,0.061,0.000,0.549,-26.088,7.945,-55.519,0.9909,0.0001,-0.0001,0.1344,0.01,0.00,0.00,0.00,90678.0,0,0.00,0.00,2
242886,-0.005,0.003,0.995,-0.061,-0.122,0.854,-27.793,8.667,-56.915,0.9909,0.0002,-0.0001,0.1346,0.01,-0.00,0.00,0.00,90676.0,0,0.00,0.00,2
243086,-0.008,0.004,0.997,0.061,0.000,0.366,-26.258,8.125,-55.693,0.9909,0.0001,-0.0002,0.1347,0.01,0.00,0.00,0.00,90673.9,0,0.00,0.00,2
243286,0.001,0.002,0.998,0.122,0.061,0.427,-26.940,7.403,-55.344,0.9908,0.0001,-0.0001,0.1351,0.01,0.00,0.00,0.00,90674.6,0,0.00,0.00,2
243486,0.010,-0.006,0.999,0.061,0.000,0.305,-25.576,9.570,-56.042,0.9909,0.0002,-0.0001,0.1348,0.01,0.00,0.00,0.00,90671.1,0,0.00,0.00,2
243686,0.000,0.000,0.996,-0.000,0.000,0.366,-27.452,7.945,-57.265,0.9908,0.0001,-0.0000,0.1350,0.01,-0.00,0.00,0.00,90673.9,0,0.00,0.00,2
243886,-0.009,0.003,0.995,0.122,-0.061,0.305,-26.088,8.667,-56.566,0.9908,0.0002,0.0000,0.1351,0.02,-0.00,0.00,0.00,90674.0,0,0.00,0.00,2
244086,-0.002,-0.002,0.996,-0.000,0.061,-0.488,-26.258,8.487,-56.042,0.9908,0.0001,-0.0001,0.1352,0.02,0.00,0.00,0.00,90672.5,0,0.00,0.00,2
244286,0.003,-0.003,0.998,0.061,0.000,0.305,-27.281,9.209,-53.947,0.9908,0.0000,-0.0001,0.1353,0.02,0.00,0.00,0.00,90678.7,0,0.00,0.00,2
244486,0.002,-0.002,0.997,0.061,-0.061,-0.305,-28.816,9.751,-55.170,0.9908,0.0001,-0.0001,0.1356,0.01,0.00,0.00,0.00,90676.7,0,0.00,0.00,2
244686,0.000,-0.001,0.999,0.061,-0.061,0.061,-27.793,8.306,-55.519,0.9907,0.0001,-0.0002,0.1358,0.01,0.00,0.00,0.02,90680.1,0,0.00,0.00,2
244886,-0.003,0.002,0.996,0.122,-0.061,-0.000,-26.088,8.306,-55.170,0.9907,0.0000,-0.0003,0.1362,0.00,0.00,0.00,0.00,90677.4,0,0.00,0.00,2
245086,-0.003,-0.001,0.993,-0.000,-0.061,0.122,-26.599,8.848,-56.042,0.9907,0.0001,-0.0003,0.1361,0.01,-0.00,0.00,0.00,90679.4,0,0.00,0.00,2
245286,0.002,-0.003,0.999,0.061,0.061,-0.671,-26.088,7.584,-55.868,0.9907,0.0000,-0.0003,0.1359,0.01,0.00,0.00,0.00,90670.5,0,0.00,0.00,2
245486,0.004,-0.004,1.000,0.122,0.000,-0.000,-26.599,7.764,-55.693,0.9907,-0.0000,-0.0002,0.1360,0.00,0.00,0.00,0.02,90678.0,0,0.00,0.00,2
245686,-0.002,-0.002,0.996,-0.000,-0.061,-0.488,-26.258,9.209,-55.344,0.9907,0.0001,-0.0002,0.1361,-0.00,0.00,0.00,0.02,90677.4,0,0.00,0.00,2
245886,-0.002,0.001,0.998,0.061,-0.061,-0.427,-28.816,9.751,-55.170,0.9907,0.0000,-0.0003,0.1364,-0.01,0.00,0.00,0.03,90675.3,0,0.00,0.00,2
246086,-0.001,-0.000,0.997,0.122,-0.061,-0.488,-27.793,9.389,-56.217,0.9907,0.0000,-0.0002,0.1364,-0.01,0.00,0.00,0.03,90680.1,0,0.00,0.00,2
246286,0.003,-0.002,0.996,0.061,-0.061,-0.732,-26.429,8.306,-55.170,0.9906,0.0001,-0.0003,0.1366,-0.02,0.00,0.00,0.02,90678.1,0,0.00,0.00,2
246486,0.001,0.002,0.997,0.122,-0.122,-0.305,-28.304,8.848,-55.693,0.9906,0.0000,-0.0002,0.1367,-0.02,0.00,0.00,0.00,90676.0,0,0.00,0.00,2
246686,-0.002,0.001,0.996,-0.000,-0.061,-0.244,-26.429,8.306,-56.217,0.9906,0.0000,-0.0002,0.1369,-0.02,0.00,0.00,0.00,90677.4,0,0.00,0.00,2
246886,0.003,0.000,0.997,0.122,0.061,-0.427,-27.281,8.487,-55.344,0.9906,0.0001,-0.0003,0.1371,-0.02,0.00,0.00,0.02,90671.8,0,0.00,0.00,2
247086,0.002,-0.001,0.997,0.122,0.000,-0.122,-27.111,9.028,-56.217,0.9906,-0.0000,-0.0002,0.1371,-0.01,0.00,0.00,0.00,90678.0,0,0.00,0.00,2
247286,-0.001,0.001,0.996,0.061,-0.061,0.183,-26.940,8.125,-56.042,0.9905,0.0001,-0.0002,0.1373,-0.01,0.00,0.00,0.02,90671.8,0,0.00,0.00,2
247486,-0.004,0.002,0.997,0.061,0.000,-0.305,-27.622,8.487,-56.741,0.9905,0.0000,-0.0002,0.1375,-0.01,0.00,0.00,0.00,90675.3,0,0.00,0.00,2
247686,0.001,0.000,0.996,0.122,0.061,0.244,-25.747,8.667,-56.217,0.9905,-0.0001,-0.0003,0.1376,0.00,0.00,0.00,0.03,90669.8,0,0.00,0.00,2
247886,0.001,0.002,0.998,-0.000,0.000,0.244,-26.429,9.028,-56.217,0.9904,-0.0000,-0.0003,0.1379,0.01,0.00,0.00,0.03,90670.4,0,0.00,0.00,2
248086,0.002,0.002,0.998,-0.000,0.061,0.183,-28.304,8.125,-56.042,0.9904,-0.0001,-0.0002,0.1380,0.02,0.00,0.00,0.00,90671.8,0,0.00,0.00,2
248286,0.000,0.002,0.996,0.061,-0.061,0.610,-27.111,7.584,-55.868,0.9904,-0.0001,-0.0002,0.1381,0.03,0.00,0.00,0.00,90664.9,0,0.00,0.00,2
248486,-0.000,0.005,0.997,0.061,0.000,0.244,-26.770,6.862,-55.519,0.9904,-0.0000,-0.0002,0.1384,0.04,0.00,0.00,0.02,90671.1,0,0.00,0.00,2
248686,0.002,0.001,0.997,-0.000,0.000,0.244,-27.963,7.764,-53.947,0.9904,-0.0001,-0.0003,0.1383,0.04,-0.00,0.00,0.03,90673.2,0,0.00,0.00,2
248886,0.002,0.002,0.998,0.061,-0.122,-0.000,-27.452,7.945,-56.566,0.9904,-0.0000,-0.0003,0.1385,0.04,-0.00,0.00,0.03,90672.5,0,0.00,0.00,2
249086,0.001,0.003,0.998,-0.000,-0.061,0.366,-27.281,7.764,-55.344,0.9903,0.0000,-0.0003,0.1388,0.05,-0.00,0.00,0.02,90669.1,0,0.00,0.00,2
249286,-0.001,-0.002,0.996,0.061,0.000,-0.183,-27.963,7.764,-56.741,0.9903,-0.0001,-0.0003,0.1387,0.05,-0.00,0.00,0.02,90670.4,0,0.00,0.00,2
249486,0.001,-0.000,0.999,-0.000,0.000,0.244,-26.599,7.042,-57.090,0.9903,-0.0000,-0.0004,0.1390,0.06,-0.00,0.00,0.03,90670.4,0,0.00,0.00,2
249686,-0.000,-0.002,0.997,0.061,-0.061,0.183,-26.940,8.848,-55.344,0.9903,-0.0001,-0.0003,0.1390,0.05,-0.00,0.00,0.04,90676.0,0,0.00,0.00,2
249886,-0.003,-0.000,0.998,0.061,0.061,0.366,-28.304,8.848,-56.392,0.9903,-0.0001,-0.0003,0.1390,0.05,-0.00,0.00,0.02,90672.5,0,0.00,0.00,2
250086,-0.002,0.003,0.998,0.061,0.000,-0.183,-26.429,9.028,-56.217,0.9903,-0.0001,-0.0003,0.1391,0.04,-0.00,0.00,0.03,90674.6,0,0.00,0.00,2
250286,0.001,0.001,0.997,0.061,-0.061,0.427,-27.452,7.223,-55.519,0.9903,-0.0001,-0.0003,0.1393,0.04,-0.00,0.00,0.04,90676.0,0,0.00,0.00,2
250486,0.003,-0.001,0.998,0.061,-0.122,-0.000,-27.452,7.584,-54.820,0.9902,-0.0002,-0.0003,0.1393,0.03,-0.00,0.00,0.03,90678.0,0,0.00,0.00,2
250686,0.000,0.002,0.998,0.061,0.000,0.122,-27.452,9.028,-56.915,0.9902,-0.0001,-0.0003,0.1398,0.02,0.00,0.00,0.02,90676.7,0,0.00,0.00,2
250886,0.000,-0.000,0.999,-0.000,0.061,-0.122,-27.963,8.848,-55.693,0.9902,-0.0002,-0.0003,0.1397,0.01,0.00,0.00,0.03,90677.4,0,0.00,0.00,2
251086,-0.001,0.000,0.998,-0.061,0.000,-0.061,-26.258,8.487,-55.693,0.9902,-0.0002,-0.0003,0.1399,0.01,0.00,0.00,0.04,90673.9,0,0.00,0.00,2
251286,-0.000,-0.002,0.997,0.122,-0.061,-0.183,-26.770,6.862,-55.868,0.9901,-0.0002,-0.0003,0.1400,0.01,0.00,0.00,0.03,90678.1,0,0.00,0.00,2
251486,-0.000,-0.004,0.996,-0.000,-0.061,-0.122,-28.304,7.764,-54.646,0.9902,-0.0002,-0.0004,0.1400,0.01,0.00,0.00,0.04,90677.4,0,0.00,0.00,2
251686,-0.001,-0.002,0.997,-0.000,0.000,-0.000,-27.452,9.028,-55.519,0.9901,-0.0002,-0.0004,0.1401,0.00,0.00,0.00,0.04,90673.9,0,0.00,0.00,2
251886,0.000,-0.002,0.996,0.061,0.000,-0.061,-25.406,9.028,-55.868,0.9901,-0.0002,-0.0003,0.1402,0.00,0.00,0.00,0.04,90676.0,0,0.00,0.00,2
252086,-0.002,-0.016,0.974,0.061,0.000,2.747,-27.793,7.584,-55.868,0.9901,-0.0006,-0.0002,0.1406,-0.01,-0.00,-0.26,0.06,90681.5,0,0.00,0.00,2
252286,-0.003,0.010,1.002,0.122,-0.183,0.671,-27.281,8.125,-56.042,0.9900,-0.0004,-0.0001,0.1409,-0.01,0.00,0.00,0.04,90680.1,0,0.00,0.00,2
252486,0.010,0.010,0.997,0.122,0.000,-0.305,-27.622,8.487,-56.392,0.9900,-0.0005,-0.0001,0.1408,-0.02,0.00,0.00,0.05,90682.2,0,0.00,0.00,2
252686,0.008,0.009,0.999,0.061,-0.061,-0.793,-26.940,7.042,-54.995,0.9900,-0.0004,-0.0001,0.1411,-0.03,0.00,0.00,0.05,90678.0,0,0.00,0.00,2
252886,0.006,0.008,0.997,0.122,0.000,-0.732,-27.963,8.848,-56.392,0.9900,-0.0004,-0.0001,0.1413,-0.03,0.00,0.00,0.03,90676.7,0,0.00,0.00,2
253086,0.001,0.002,0.998,0.061,0.000,-0.854,-26.940,7.042,-54.646,0.9900,-0.0005,-0.0002,0.1413,-0.03,0.00,0.00,0.04,90673.9,0,0.00,0.00,2
253286,0.009,-0.015,1.007,0.122,0.244,0.061,-27.281,8.125,-55.344,0.9899,-0.0001,-0.0003,0.1416,-0.02,0.00,0.00,0.03,90674.6,0,0.00,0.00,2
253486,-0.043,0.000,0.983,-0.000,-0.366,0.061,-27.793,8.306,-55.519,0.9899,0.0001,0.0000,0.1417,-0.02,-0.00,0.00,0.00,90675.3,0,0.00,0.00,2
253686,0.011,-0.008,0.992,0.061,-0.061,0.549,-26.599,8.487,-55.693,0.9899,0.0001,-0.0001,0.1419,-0.02,0.00,0.00,0.00,90674.6,0,0.00,0.00,2
253886,0.004,-0.002,0.999,0.183,0.000,-0.244,-27.281,9.209,-56.042,0.9898,0.0009,-0.0000,0.1422,-0.02,-0.00,0.00,0.09,90683.6,0,0.00,0.00,2
254086,-0.019,-0.016,0.999,0.122,-0.061,-0.427,-27.622,7.403,-54.646,0.9898,0.0009,-0.0001,0.1422,-0.02,0.00,0.00,0.10,90680.1,0,0.00,0.00,2
254286,-0.000,-0.013,0.998,0.061,-0.061,0.305,-27.793,9.028,-55.868,0.9898,0.0007,-0.0001,0.1424,-0.02,0.00,0.00,0.08,90673.2,0,0.00,0.00,2
254486,-0.010,0.016,1.008,0.244,-0.122,0.122,-27.281,9.931,-54.646,0.9898,0.0005,-0.0003,0.1422,-0.02,0.00,0.00,0.07,90673.9,0,0.00,0.00,2
254686,-0.005,0.020,0.994,0.183,0.122,-1.038,-27.963,7.764,-56.042,0.9898,0.0003,-0.0003,0.1423,-0.02,-0.00,0.00,0.04,90675.9,0,0.00,0.00,2
254886,0.009,0.009,1.001,-0.000,0.061,0.122,-26.429,8.306,-56.566,0.9898,0.0008,-0.0012,0.1422,-0.02,0.00,0.00,0.16,90677.4,0,0.00,0.00,2
255086,-0.062,0.008,0.993,0.061,0.183,0.061,-26.940,8.848,-56.042,0.9898,0.0006,-0.0001,0.1428,-0.02,-0.00,0.00,0.07,90680.1,0,0.00,0.00,2
255286,-0.092,-0.000,0.936,0.122,-1.099,-0.488,-27.452,8.306,-54.820,0.9898,0.0003,-0.0001,0.1425,-0.02,-0.01,-0.63,0.03,90673.9,0,0.00,0.00,2
255486,-0.074,0.002,0.956,-0.000,0.000,-0.122,-25.747,8.306,-55.519,0.9898,0.0006,0.0004,0.1428,-0.01,-0.00,-0.44,0.09,90673.9,0,0.00,0.00,2
255686,0.064,-0.083,1.102,0.183,-0.488,-0.610,-27.622,9.209,-54.995,0.9897,-0.0001,-0.0017,0.1429,-0.01,0.01,1.00,0.19,90676.6,0,0.00,0.00,2
255886,0.005,-0.010,1.011,0.122,-0.122,0.061,-28.475,8.306,-55.868,0.9897,-0.0005,0.0008,0.1433,-0.01,0.00,0.00,0.11,90679.4,0,0.00,0.00,2
256086,-0.113,0.019,1.079,-0.061,0.610,-0.671,-28.304,8.125,-57.090,0.9897,-0.0005,0.0012,0.1432,-0.01,0.01,0.77,0.15,90677.3,0,0.00,0.00,2
256286,-0.025,0.001,0.996,-0.000,-0.244,-0.610,-26.940,8.487,-55.344,0.9896,-0.0007,0.0009,0.1436,-0.01,0.00,0.00,0.13,90675.2,0,0.00,0.00,2
256486,0.024,-0.023,1.001,0.122,0.061,0.244,-26.940,8.125,-55.693,0.9896,-0.0007,0.0008,0.1437,-0.00,0.00,0.00,0.12,90673.9,0,0.00,0.00,2
256686,-0.027,0.011,0.989,-0.000,0.061,0.488,-26.599,7.764,-56.741,0.9896,-0.0007,0.0008,0.1438,-0.01,-0.00,0.00,0.12,90679.4,0,0.00,0.00,2
256886,-0.015,0.011,0.994,-0.061,-0.122,0.549,-28.134,7.945,-54.820,0.9896,-0.0006,0.0006,0.1439,-0.01,0.00,0.00,0.10,90680.1,0,0.00,0.00,2
257086,0.032,0.116,1.014,2.258,0.061,-28.870,-28.986,8.125,-55.344,0.9914,0.0012,0.0007,0.1309,-0.01,0.00,0.00,0.16,90676.7,0,0.00,0.00,2
257286,0.007,-0.010,0.998,-0.061,-0.305,10.864,-26.429,6.139,-56.566,0.9936,-0.0001,0.0016,0.1129,-0.01,0.00,0.00,0.18,90677.4,0,0.00,0.00,2
257486,0.033,0.021,0.999,0.061,-0.061,-0.427,-27.793,7.945,-56.217,0.9923,-0.0005,0.0013,0.1241,-0.01,0.00,0.00,0.16,90680.1,0,0.00,0.00,2
257686,0.001,-0.002,0.998,-0.427,0.122,6.287,-27.452,7.945,-55.170,0.9923,-0.0009,0.0012,0.1240,-0.01,0.00,0.00,0.17,90676.7,0,0.00,0.00,2
257886,-0.007,-0.012,0.995,0.488,0.061,-6.470,-28.134,6.862,-56.217,0.9924,-0.0008,0.0012,0.1229,-0.01,0.00,0.00,0.16,90677.3,0,0.00,0.00,2
258086,0.020,0.005,0.999,0.244,-0.183,0.732,-27.963,8.125,-56.042,0.9922,-0.0011,0.0011,0.1248,-0.01,0.00,0.00,0.17,90676.6,0,0.00,0.00,2
258286,-0.004,-0.013,0.997,-0.244,-0.061,2.625,-27.111,6.862,-55.519,0.9922,-0.0011,0.0010,0.1244,-0.01,0.00,0.00,0.17,90678.7,0,0.00,0.00,2
258486,-0.018,0.006,0.991,0.061,0.061,-2.808,-26.940,8.487,-54.297,0.9922,-0.0011,0.0010,0.1243,-0.02,-0.00,0.00,0.17,90679.4,0,0.00,0.00,2
258686,0.000,0.000,0.998,0.061,-0.061,2.380,-27.793,7.945,-55.170,0.9922,-0.0015,0.0010,0.1244,-0.02,0.00,0.00,0.20,90677.3,0,0.00,0.00,2
258886,0.007,-0.015,1.000,-0.061,0.000,-0.488,-27.793,8.306,-54.820,0.9922,-0.0013,0.0008,0.1244,-0.03,0.00,0.00,0.17,90681.5,0,0.00,0.00,2
259086,0.004,0.001,0.998,0.122,0.061,-1.038,-29.157,6.500,-54.471,0.9922,-0.0014,0.0009,0.1250,-0.03,0.00,0.00,0.18,90680.8,0,0.00,0.00,2
259286,-0.002,-0.003,0.996,0.061,-0.122,1.465,-27.281,8.487,-56.042,0.9922,-0.0015,0.0009,0.1248,-0.03,0.00,0.00,0.20,90675.9,0,0.00,0.00,2
259486,0.007,-0.005,1.001,-0.000,0.061,-1.282,-26.940,6.681,-56.392,0.9921,-0.0014,0.0007,0.1253,-0.03,0.00,0.00,0.18,90680.1,0,0.00,0.00,2
259686,0.007,-0.002,0.999,0.122,0.000,-0.000,-28.986,7.764,-56.042,0.9921,-0.0015,0.0007,0.1255,-0.03,0.00,0.00,0.19,90676.6,0,0.00,0.00,2
259886,-0.005,-0.008,0.996,0.061,-0.061,0.549,-28.134,9.028,-55.170,0.9922,-0.0016,0.0007,0.1250,-0.02,0.00,0.00,0.20,90673.9,0,0.00,0.00,2
260086,-0.004,0.003,0.994,0.061,-0.061,-1.038,-26.599,7.042,-56.741,0.9920,-0.0015,0.0005,0.1260,-0.02,0.00,0.00,0.18,90675.9,0,0.00,0.00,2
260286,-0.007,-0.002,0.995,-0.000,0.000,0.366,-26.599,7.403,-56.042,0.9921,-0.0017,0.0006,0.1255,-0.01,0.00,0.00,0.20,90672.5,0,0.00,0.00,2
260486,-0.006,-0.008,0.996,0.122,-0.122,-0.061,-26.770,7.945,-55.868,0.9921,-0.0017,0.0007,0.1255,-0.00,0.00,0.00,0.21,90673.9,0,0.00,0.00,2
260686,0.000,0.001,0.998,0.122,0.000,-0.061,-28.475,6.500,-55.170,0.9920,-0.0016,0.0005,0.1262,-0.00,0.00,0.00,0.19,90675.2,0,0.00,0.00,2
260886,-0.002,-0.003,0.997,-0.000,0.122,0.427,-27.793,7.945,-56.566,0.9921,-0.0016,0.0006,0.1257,-0.00,0.00,0.00,0.20,90673.2,0,0.00,0.00,2
261086,0.002,-0.005,0.997,0.122,-0.061,-0.244,-27.452,6.862,-56.217,0.9920,-0.0017,0.0006,0.1259,-0.00,0.00,0.00,0.20,90677.3,0,0.00,0.00,2
261286,0.007,-0.002,1.001,-0.000,0.061,0.061,-27.622,8.125,-56.741,0.9920,-0.0016,0.0006,0.1263,-0.00,0.00,0.00,0.19,90673.9,0,0.00,0.00,2
261486,-0.001,-0.004,0.997,-0.000,0.061,0.122,-27.281,8.487,-56.042,0.9920,-0.0017,0.0006,0.1259,-0.00,0.00,0.00,0.21,90674.5,0,0.00,0.00,2
261686,-0.007,-0.001,0.995,0.122,-0.122,-0.183,-27.281,7.403,-55.693,0.9920,-0.0018,0.0007,0.1261,0.00,0.00,0.00,0.21,90673.9,0,0.00,0.00,2
261886,-0.001,-0.001,0.998,0.122,0.000,0.183,-26.770,6.862,-56.217,0.9920,-0.0017,0.0005,0.1264,0.01,0.00,0.00,0.21,90675.2,0,0.00,0.00,2
262086,-0.000,-0.006,0.994,0.061,0.000,-0.427,-26.088,6.862,-56.217,0.9920,-0.0017,0.0006,0.1262,0.01,-0.00,0.00,0.21,90673.2,0,0.00,0.00,2
262286,-0.005,-0.002,0.997,0.061,-0.122,0.061,-27.281,7.403,-55.344,0.9920,-0.0019,0.0006,0.1263,0.01,-0.00,0.00,0.23,90679.4,0,0.00,0.00,2
262486,-0.003,-0.001,0.997,0.061,0.061,0.366,-28.475,6.862,-56.217,0.9919,-0.0019,0.0005,0.1268,0.01,0.00,0.00,0.22,90674.5,0,0.00,0.00,2
262686,0.001,-0.004,1.000,-0.000,0.061,-0.427,-26.940,8.125,-55.344,0.9920,-0.0018,0.0005,0.1266,0.02,0.00,0.00,0.22,90678.0,0,0.00,0.00,2
262886,0.003,-0.006,0.999,0.061,0.000,0.305,-27.111,7.945,-55.519,0.9919,-0.0019,0.0006,0.1267,0.02,0.00,0.00,0.23,90671.1,0,0.00,0.00,2
263086,-0.002,-0.003,0.997,0.122,0.000,0.427,-27.622,7.042,-56.042,0.9919,-0.0019,0.0005,0.1270,0.02,0.00,0.00,0.22,90672.5,0,0.00,0.00,2
263286,-0.005,-0.001,0.995,-0.061,-0.061,0.305,-27.622,7.764,-54.995,0.9919,-0.0018,0.0005,0.1270,0.02,-0.00,0.00,0.21,90673.2,0,0.00,0.00,2
263486,-0.000,-0.006,0.999,0.061,0.000,-0.000,-27.793,8.306,-56.217,0.9919,-0.0019,0.0005,0.1268,0.02,0.00,0.00,0.22,90673.9,0,0.00,0.00,2
263686,0.002,-0.001,0.997,0.122,0.000,0.122,-26.088,7.223,-55.868,0.9919,-0.0018,0.0004,0.1274,0.03,-0.00,0.00,0.21,90675.9,0,0.00,0.00,2
263886,-0.001,-0.002,0.996,-0.061,-0.061,-0.183,-28.134,7.945,-55.170,0.9918,-0.0018,0.0004,0.1275,0.03,-0.00,0.00,0.21,90669.0,0,0.00,0.00,2
264086,-0.006,-0.002,0.998,0.122,-0.122,-0.122,-26.429,7.945,-55.519,0.9919,-0.0019,0.0005,0.1274,0.03,-0.00,0.00,0.22,90675.9,0,0.00,0.00,2
264286,0.000,-0.004,0.997,0.061,-0.122,0.244,-27.622,6.681,-55.693,0.9918,-0.0018,0.0004,0.1279,0.03,-0.00,0.00,0.21,90673.9,0,0.00,0.00,2
264486,-0.000,-0.005,0.997,0.122,0.000,-0.366,-27.622,7.764,-53.598,0.9918,-0.0017,0.0004,0.1280,0.03,0.00,0.00,0.20,90671.8,0,0.00,0.00,2
264686,-0.001,-0.006,0.996,0.061,0.061,-0.000,-26.088,7.945,-55.519,0.9918,-0.0018,0.0005,0.1280,0.03,-0.00,0.00,0.21,90675.2,0,0.00,0.00,2
264886,-0.003,-0.002,0.996,0.122,0.000,0.305,-27.111,7.223,-55.170,0.9917,-0.0017,0.0005,0.1284,0.02,-0.00,0.00,0.21,90671.8,0,0.00,0.00,2
265086,-0.001,-0.003,0.997,0.061,0.000,-0.244,-26.429,6.862,-55.519,0.9917,-0.0017,0.0005,0.1284,0.03,-0.00,0.00,0.20,90674.5,0,0.00,0.00,2
265286,0.000,-0.004,0.998,-0.000,-0.061,0.122,-26.429,7.945,-56.217,0.9917,-0.0017,0.0004,0.1284,0.03,-0.00,0.00,0.20,90675.9,0,0.00,0.00,2
265486,-0.002,0.000,0.998,0.122,-0.061,0.732,-27.793,8.667,-55.868,0.9916,-0.0017,0.0004,0.1290,0.03,-0.00,0.00,0.20,90672.5,0,0.00,0.00,2
265686,-0.001,-0.000,0.999,-0.000,0.000,0.061,-26.940,8.125,-54.995,0.9916,-0.0016,0.0004,0.1290,0.03,0.00,0.00,0.18,90671.8,0,0.00,0.00,2
265886,-0.000,-0.002,0.997,0.061,-0.061,0.244,-28.816,6.862,-56.217,0.9916,-0.0016,0.0004,0.1292,0.03,-0.00,0.00,0.19,90676.6,0,0.00,0.00,2
266086,-0.003,-0.007,0.996,0.061,-0.061,-0.061,-26.770,7.223,-56.566,0.9916,-0.0016,0.0004,0.1293,0.03,-0.00,0.00,0.18,90671.1,0,0.00,0.00,2
266286,-0.001,-0.003,0.997,0.061,0.000,-1.221,-27.452,8.306,-55.519,0.9916,-0.0015,0.0003,0.1297,0.04,-0.00,0.00,0.18,90671.1,0,0.00,0.00,2
266486,-0.002,-0.004,0.999,0.061,-0.061,0.122,-27.963,7.403,-54.646,0.9915,-0.0017,0.0004,0.1301,0.04,-0.00,0.00,0.20,90678.7,0,0.00,0.00,2
266686,0.002,-0.002,0.997,-0.000,0.000,0.549,-26.429,7.584,-56.566,0.9914,-0.0017,0.0004,0.1305,0.03,-0.00,0.00,0.19,90675.2,0,0.00,0.00,2
266886,-0.000,0.000,0.999,-0.000,0.000,0.549,-26.599,7.403,-57.090,0.9914,-0.0016,0.0003,0.1308,0.04,0.00,0.00,0.19,90666.2,0,0.00,0.00,2
267086,-0.001,-0.006,0.997,-0.061,0.000,1.038,-28.304,7.403,-56.042,0.9915,-0.0017,0.0004,0.1302,0.05,-0.00,0.00,0.19,90669.0,0,0.00,0.00,2
267286,-0.002,-0.007,0.997,0.122,-0.122,0.427,-26.429,6.862,-55.868,0.9914,-0.0016,0.0004,0.1308,0.05,-0.00,0.00,0.19,90669.6,0,0.00,0.00,2
267486,-0.001,-0.004,0.996,0.061,-0.122,-1.038,-28.475,6.500,-55.868,0.9914,-0.0014,0.0003,0.1308,0.06,-0.00,0.00,0.17,90675.2,0,0.00,0.00,2
267686,-0.002,-0.002,0.999,0.122,0.000,-0.366,-27.281,8.125,-54.995,0.9913,-0.0016,0.0003,0.1314,0.06,-0.00,0.00,0.18,90669.0,0,0.00,0.00,2
267886,0.001,-0.001,1.000,0.061,-0.061,0.244,-27.963,7.764,-56.741,0.9912,-0.0016,0.0003,0.1323,0.05,-0.00,0.00,0.18,90679.3,0,0.00,0.00,2
268086,0.001,-0.002,0.997,-0.000,0.061,-0.061,-29.157,7.223,-55.868,0.9912,-0.0014,0.0003,0.1325,0.05,-0.00,0.00,0.17,90669.0,0,0.00,0.00,2
268286,-0.002,-0.006,0.999,-0.000,0.061,0.061,-26.770,7.584,-55.170,0.9912,-0.0015,0.0004,0.1322,0.05,-0.00,0.00,0.17,90671.1,0,0.00,0.00,2
268486,-0.001,-0.006,0.998,0.122,-0.061,-0.122,-27.452,8.667,-56.915,0.9913,-0.0015,0.0004,0.1319,0.05,-0.00,0.00,0.17,90676.6,0,0.00,0.00,2
268686,0.004,0.003,0.999,-0.000,0.000,0.671,-27.793,8.306,-55.868,0.9912,-0.0014,0.0003,0.1327,0.05,-0.00,0.00,0.17,90671.7,0,0.00,0.00,2
268886,-0.001,-0.007,0.997,0.061,-0.061,0.366,-27.963,7.403,-54.995,0.9912,-0.0015,0.0004,0.1324,0.06,-0.00,0.00,0.17,90670.3,0,0.00,0.00,2
269086,-0.000,-0.002,0.998,0.122,-0.122,-0.671,-28.134,7.584,-56.217,0.9911,-0.0013,0.0004,0.1329,0.06,-0.00,0.00,0.16,90669.0,0,0.00,0.00,2
269286,-0.003,0.006,0.996,0.061,0.000,0.488,-26.429,8.306,-55.868,0.9910,-0.0013,0.0003,0.1337,0.06,-0.00,0.00,0.15,90675.2,0,0.00,0.00,2
269486,-0.002,-0.002,0.997,-0.000,0.000,0.427,-27.793,7.223,-55.519,0.9911,-0.0014,0.0003,0.1335,0.06,-0.00,0.00,0.16,90669.7,0,0.00,0.00,2
269686,0.005,-0.001,0.998,-0.061,-0.061,-0.549,-27.111,6.862,-55.170,0.9910,-0.0013,0.0004,0.1342,0.06,-0.00,0.00,0.15,90669.7,0,0.00,0.00,2
269886,0.005,-0.004,1.000,0.061,-0.061,0.061,-27.111,6.500,-54.820,0.9910,-0.0013,0.0003,0.1341,0.05,-0.00,0.00,0.15,90674.5,0,0.00,0.00,2
270086,-0.003,-0.007,0.996,-0.061,0.122,-0.793,-25.406,9.028,-55.519,0.9911,-0.0013,0.0004,0.1333,0.05,-0.00,0.00,0.15,90673.2,0,0.00,0.00,2
270286,-0.004,0.002,0.993,0.122,-0.061,0.061,-27.793,6.500,-55.170,0.9910,-0.0014,0.0004,0.1341,0.05,-0.00,0.00,0.16,90669.6,0,0.00,0.00,2
270486,0.006,-0.006,0.998,-0.061,-0.122,1.404,-26.770,7.223,-54.471,0.9911,-0.0014,0.0003,0.1334,0.05,-0.00,0.00,0.16,90670.3,0,0.00,0.00,2
270686,0.002,-0.006,0.996,-0.061,0.061,0.061,-26.599,8.487,-56.042,0.9910,-0.0013,0.0003,0.1337,0.05,-0.00,0.00,0.15,90676.6,0,0.00,0.00,2
270886,-0.004,-0.001,0.996,0.122,-0.061,1.099,-27.111,7.584,-55.868,0.9910,-0.0014,0.0004,0.1335,0.03,-0.00,0.00,0.16,90677.2,0,0.00,0.00,2
271086,-0.007,0.000,0.996,-0.000,0.000,0.427,-27.111,8.306,-55.519,0.9910,-0.0013,0.0003,0.1339,0.03,-0.00,0.00,0.15,90673.1,0,0.00,0.00,2
271286,0.006,0.000,1.000,0.122,0.122,-1.526,-27.622,7.764,-55.344,0.9910,-0.0012,0.0002,0.1341,0.02,0.00,0.00,0.14,90677.2,0,0.00,0.00,2
271486,0.003,-0.006,0.993,0.061,-0.061,0.549,-26.599,6.681,-54.995,0.9910,-0.0014,0.0003,0.1341,0.02,-0.00,0.00,0.16,90674.5,0,0.00,0.00,2
271686,-0.008,-0.004,0.999,0.061,-0.061,-0.122,-27.111,6.500,-56.217,0.9910,-0.0014,0.0003,0.1336,0.01,-0.00,0.00,0.16,90680.7,0,0.00,0.00,2
271886,0.000,0.005,0.997,-0.000,0.183,0.427,-26.429,6.862,-55.519,0.9909,-0.0014,0.0002,0.1343,0.00,0.00,0.00,0.16,90675.2,0,0.00,0.00,2
272086,0.000,-0.008,0.996,0.061,0.000,1.282,-28.816,6.862,-55.868,0.9910,-0.0015,0.0003,0.1338,0.01,0.00,0.00,0.18,90676.6,0,0.00,0.00,2
272286,0.000,-0.006,0.996,-0.000,0.000,-0.671,-27.793,8.667,-54.820,0.9910,-0.0013,0.0004,0.1338,0.01,-0.00,0.00,0.16,90678.6,0,0.00,0.00,2
272486,-0.000,0.002,0.998,0.061,-0.122,0.122,-27.111,6.862,-56.217,0.9909,-0.0014,0.0003,0.1344,0.01,0.00,0.00,0.16,90675.9,0,0.00,0.00,2
272686,-0.002,-0.005,0.997,0.122,-0.061,0.549,-27.963,7.042,-56.741,0.9910,-0.0015,0.0003,0.1342,0.01,0.00,0.00,0.17,90672.4,0,0.00,0.00,2
272886,0.003,0.001,0.996,-0.000,0.000,-0.061,-27.452,7.584,-55.170,0.9908,-0.0013,0.0003,0.1351,0.01,-0.00,0.00,0.16,90673.1,0,0.00,0.00,2
273086,-0.002,0.001,0.997,0.122,0.000,0.671,-27.793,7.584,-56.566,0.9907,-0.0015,0.0002,0.1357,0.02,0.00,0.00,0.17,90664.8,0,0.00,0.00,2
273286,-0.003,-0.004,0.998,0.061,0.000,-0.122,-26.088,8.667,-55.868,0.9907,-0.0013,0.0002,0.1360,0.04,0.00,0.00,0.15,90663.4,0,0.00,0.00,2
273486,-0.002,0.000,0.998,-0.061,-0.061,0.549,-27.622,7.042,-55.693,0.9906,-0.0012,0.0002,0.1369,0.06,-0.00,0.00,0.14,90662.0,0,0.00,0.00,2
273686,-0.001,-0.008,0.997,-0.000,-0.061,0.488,-26.258,8.125,-55.693,0.9907,-0.0013,0.0002,0.1359,0.07,-0.00,0.00,0.15,90667.6,0,0.00,0.00,2
273886,-0.003,-0.007,0.998,0.061,0.000,-0.732,-28.645,8.125,-55.344,0.9907,-0.0012,0.0002,0.1358,0.07,-0.00,0.00,0.14,90672.4,0,0.00,0.00,2
274086,-0.001,-0.002,0.996,-0.000,0.000,-0.061,-27.622,7.764,-54.995,0.9907,-0.0013,0.0001,0.1359,0.08,-0.00,0.00,0.15,90667.6,0,0.00,0.00,2
274286,-0.005,-0.005,0.995,-0.000,0.000,0.122,-27.281,7.764,-56.392,0.9908,-0.0013,0.0002,0.1354,0.08,-0.00,0.00,0.15,90673.1,0,0.00,0.00,2
274486,-0.001,-0.003,0.997,0.122,0.000,-1.343,-28.304,8.125,-56.392,0.9908,-0.0012,0.0003,0.1353,0.06,-0.00,0.00,0.15,90672.4,0,0.00,0.00,2
274686,-0.000,-0.002,0.995,0.061,0.000,-0.000,-28.134,9.389,-56.217,0.9908,-0.0014,0.0003,0.1355,0.06,-0.00,0.00,0.16,90675.2,0,0.00,0.00,2
274886,-0.003,-0.005,0.998,0.061,0.061,-0.732,-27.452,7.945,-55.868,0.9908,-0.0013,0.0003,0.1356,0.05,-0.00,0.00,0.15,90674.5,0,0.00,0.00,2
275086,-0.002,-0.001,0.999,-0.000,0.000,-0.061,-27.963,7.764,-54.995,0.9907,-0.0014,0.0003,0.1359,0.04,-0.00,0.00,0.16,90676.5,0,0.00,0.00,2
275286,-0.001,-0.003,0.997,0.061,-0.061,0.671,-27.452,8.667,-55.519,0.9907,-0.0014,0.0003,0.1359,0.03,-0.00,0.00,0.16,90674.5,0,0.00,0.00,2
275486,0.002,-0.004,0.997,0.061,0.000,-0.244,-27.452,7.584,-56.566,0.9907,-0.0013,0.0003,0.1358,0.02,-0.00,0.00,0.15,90677.3,0,0.00,0.00,2
275686,-0.000,-0.002,0.998,-0.061,0.000,0.244,-27.111,6.862,-55.519,0.9907,-0.0014,0.0003,0.1359,0.01,-0.00,0.00,0.16,90680.7,0,0.00,0.00,2
275886,-0.003,-0.003,0.997,0.061,-0.061,0.427,-28.134,7.945,-55.170,0.9907,-0.0015,0.0003,0.1360,-0.00,0.00,0.00,0.17,90681.4,0,0.00,0.00,2
276086,0.001,-0.003,0.997,-0.000,-0.061,-0.000,-27.111,6.862,-55.868,0.9907,-0.0013,0.0002,0.1362,-0.02,0.00,0.00,0.15,90681.4,0,0.00,0.00,2
276286,-0.004,-0.001,0.994,0.061,-0.061,-0.183,-27.622,7.042,-56.741,0.9907,-0.0013,0.0002,0.1363,-0.02,0.00,0.00,0.15,90677.9,0,0.00,0.00,2
276486,-0.005,-0.000,0.996,0.061,-0.061,-0.061,-26.429,7.223,-56.566,0.9907,-0.0014,0.0002,0.1363,-0.03,0.00,0.00,0.16,90681.4,0,0.00,0.00,2
276686,-0.000,-0.001,0.997,-0.000,0.061,-0.000,-27.452,7.223,-55.519,0.9906,-0.0013,0.0002,0.1366,-0.03,0.00,0.00,0.15,90673.8,0,0.00,0.00,2
276886,0.003,-0.004,0.997,-0.061,0.000,-0.000,-27.281,7.403,-56.392,0.9906,-0.0013,0.0003,0.1366,-0.03,0.00,0.00,0.15,90677.2,0,0.00,0.00,2
277086,-0.003,-0.004,0.997,-0.000,0.061,0.366,-28.645,8.125,-56.042,0.9906,-0.0014,0.0004,0.1365,-0.03,0.00,0.00,0.16,90675.8,0,0.00,0.00,2
277286,-0.007,-0.002,0.999,0.122,0.000,0.366,-27.963,6.320,-55.693,0.9906,-0.0014,0.0003,0.1370,-0.04,0.00,0.00,0.16,90680.0,0,0.00,0.00,2
277486,0.002,-0.007,0.999,-0.000,0.000,0.244,-27.452,7.584,-55.170,0.9906,-0.0014,0.0003,0.1367,-0.04,0.00,0.00,0.16,90681.4,0,0.00,0.00,2
277686,0.003,-0.007,0.998,0.061,-0.061,0.244,-27.452,7.945,-55.519,0.9906,-0.0014,0.0003,0.1371,-0.05,0.00,0.00,0.16,90680.0,0,0.00,0.00,2
277886,0.000,-0.002,0.996,0.061,-0.061,-0.122,-26.770,7.584,-56.566,0.9905,-0.0013,0.0003,0.1374,-0.05,0.00,0.00,0.15,90681.4,0,0.00,0.00,2
278086,-0.001,-0.003,0.996,-0.000,-0.061,0.183,-27.452,7.945,-55.519,0.9904,-0.0013,0.0002,0.1380,-0.05,0.00,0.00,0.15,90680.0,0,0.00,0.00,2
278286,-0.003,-0.001,0.998,0.061,0.000,-0.183,-27.793,7.945,-56.217,0.9904,-0.0013,0.0002,0.1381,-0.05,0.00,0.00,0.15,90677.2,0,0.00,0.00,2
278486,0.001,-0.002,0.997,0.122,0.061,-1.038,-27.622,7.403,-54.995,0.9904,-0.0014,0.0002,0.1384,-0.04,0.00,0.00,0.16,90671.0,0,0.00,0.00,2
278686,0.000,0.000,0.996,0.122,0.061,0.244,-26.258,8.125,-54.995,0.9903,-0.0014,0.0003,0.1387,-0.03,0.00,0.00,0.16,90671.0,0,0.00,0.00,2
278886,-0.001,0.003,1.000,-0.000,0.000,-0.000,-27.622,7.764,-55.693,0.9903,-0.0012,0.0003,0.1389,-0.03,0.00,0.00,0.14,90673.1,0,0.00,0.00,2
279086,-0.001,-0.002,0.997,-0.000,-0.061,1.831,-27.281,7.764,-54.646,0.9903,-0.0014,0.0003,0.1389,-0.03,0.00,0.00,0.16,90680.0,0,0.00,0.00,2
279286,-0.001,-0.012,0.996,0.122,-0.061,0.305,-26.429,7.223,-54.122,0.9904,-0.0012,0.0003,0.1384,-0.02,0.00,0.00,0.15,90677.9,0,0.00,0.00,2
279486,0.004,0.001,0.999,0.061,-0.122,-0.000,-26.599,8.125,-56.042,0.9902,-0.0011,0.0002,0.1396,-0.02,0.00,0.00,0.12,90675.1,0,0.00,0.00,2
279686,-0.000,-0.006,0.996,0.061,0.061,-0.671,-26.599,8.125,-57.090,0.9903,-0.0012,0.0002,0.1389,-0.01,0.00,0.00,0.13,90672.4,0,0.00,0.00,2
279886,-0.000,-0.001,1.000,0.183,0.000,-1.160,-26.770,7.945,-54.122,0.9903,-0.0012,0.0003,0.1391,-0.00,0.00,0.00,0.14,90674.4,0,0.00,0.00,2
280086,-0.003,0.005,0.999,-0.000,-0.183,2.075,-26.429,7.584,-54.820,0.9900,-0.0013,0.0002,0.1407,0.00,0.00,0.00,0.14,90671.0,0,0.00,0.00,2
280286,0.003,-0.006,0.999,-0.000,0.000,0.305,-27.963,7.764,-56.042,0.9902,-0.0012,0.0001,0.1400,0.01,0.00,0.00,0.13,90671.0,0,0.00,0.00,2
280486,-0.001,-0.007,0.996,0.061,0.122,0.305,-27.111,6.862,-56.566,0.9902,-0.0013,0.0002,0.1399,0.02,-0.00,0.00,0.15,90665.5,0,0.00,0.00,2
280686,-0.005,-0.005,0.998,0.183,-0.122,-0.000,-26.770,7.223,-56.915,0.9901,-0.0013,0.0002,0.1404,0.03,0.00,0.00,0.14,90670.3,0,0.00,0.00,2
280886,0.001,-0.001,0.997,-0.000,0.000,-0.977,-27.281,7.764,-55.344,0.9901,-0.0011,0.0000,0.1406,0.04,-0.00,0.00,0.12,90664.1,0,0.00,0.00,2
281086,-0.000,0.000,0.998,-0.000,0.000,1.404,-27.963,7.403,-54.297,0.9900,-0.0013,0.0002,0.1410,0.04,-0.00,0.00,0.16,90675.8,0,0.00,0.00,2
281286,0.001,-0.002,0.998,0.061,-0.122,1.343,-27.281,7.403,-56.042,0.9901,-0.0013,0.0002,0.1407,0.05,-0.00,0.00,0.15,90668.2,0,0.00,0.00,2
281486,0.005,-0.005,0.996,-0.183,0.061,0.366,-27.281,5.598,-55.344,0.9901,-0.0011,0.0001,0.1406,0.05,-0.00,0.00,0.13,90674.4,0,0.00,0.00,2
281686,-0.007,-0.006,0.997,0.061,-0.061,1.282,-26.088,7.584,-54.471,0.9902,-0.0013,0.0003,0.1397,0.05,-0.00,0.00,0.15,90676.5,0,0.00,0.00,2
281886,-0.004,-0.003,0.995,0.122,-0.061,-1.038,-28.816,8.667,-56.217,0.9902,-0.0011,0.0003,0.1398,0.05,-0.00,0.00,0.12,90669.6,0,0.00,0.00,2
282086,0.004,0.000,0.999,-0.000,0.000,-0.122,-27.622,7.764,-56.741,0.9901,-0.0011,0.0002,0.1405,0.04,-0.00,0.00,0.13,90675.8,0,0.00,0.00,2
282286,-0.004,-0.006,0.993,0.061,0.061,-0.000,-27.281,6.320,-56.042,0.9902,-0.0012,0.0003,0.1400,0.03,-0.00,0.00,0.14,90677.9,0,0.00,0.00,2
282486,0.001,0.001,0.998,0.122,0.000,-1.099,-26.770,8.306,-55.170,0.9900,-0.0011,0.0003,0.1409,0.02,0.00,0.00,0.13,90675.8,0,0.00,0.00,2
282686,0.001,0.002,0.996,-0.061,0.000,-0.000,-26.429,6.862,-55.519,0.9899,-0.0012,0.0002,0.1416,0.01,-0.00,0.00,0.14,90678.6,0,0.00,0.00,2
282886,-0.007,-0.004,0.997,-0.000,0.061,0.671,-27.281,7.403,-55.693,0.9900,-0.0013,0.0004,0.1414,0.01,-0.00,0.00,0.16,90677.9,0,0.00,0.00,2
283086,-0.005,0.000,0.993,0.061,-0.122,0.671,-27.793,7.223,-55.519,0.9899,-0.0013,0.0003,0.1417,0.01,-0.00,0.00,0.15,90675.8,0,0.00,0.00,2
283286,0.003,-0.009,0.999,0.061,0.000,1.099,-28.304,8.487,-55.693,0.9899,-0.0012,0.0002,0.1419,0.01,0.00,0.00,0.14,90675.1,0,0.00,0.00,2
283486,-0.005,-0.011,0.996,0.183,0.061,-1.160,-26.940,7.403,-54.995,0.9899,-0.0011,0.0003,0.1419,0.00,-0.00,0.00,0.13,90676.5,0,0.00,0.00,2
283686,-0.000,0.003,0.997,0.183,-0.183,0.183,-27.111,6.139,-54.820,0.9897,-0.0012,0.0003,0.1432,0.01,0.00,0.00,0.14,90669.6,0,0.00,0.00,2
283886,0.002,-0.005,0.997,-0.061,0.061,0.244,-27.963,7.403,-57.090,0.9898,-0.0011,0.0002,0.1427,0.02,0.00,0.00,0.13,90670.3,0,0.00,0.00,2
284086,0.001,-0.001,0.997,0.122,0.122,-1.465,-27.622,7.764,-55.693,0.9898,-0.0011,0.0004,0.1426,0.03,0.00,0.00,0.13,90669.6,0,0.00,0.00,2
284286,-0.000,-0.007,0.998,0.061,-0.183,1.709,-26.940,7.764,-56.042,0.9898,-0.0013,0.0004,0.1426,0.03,-0.00,0.00,0.16,90673.7,0,0.00,0.00,2
284486,-0.004,-0.004,0.997,0.061,-0.061,-0.793,-27.281,8.487,-53.947,0.9897,-0.0010,0.0002,0.1433,0.03,-0.00,0.00,0.11,90678.6,0,0.00,0.00,2
284686,-0.001,-0.005,0.997,0.061,0.061,-1.221,-26.088,7.584,-56.566,0.9897,-0.0009,0.0003,0.1434,0.02,-0.00,0.00,0.11,90675.8,0,0.00,0.00,2
284886,-0.001,-0.008,0.999,0.122,0.000,-0.732,-28.134,8.667,-55.170,0.9896,-0.0011,0.0003,0.1440,0.04,0.00,0.00,0.13,90662.0,0,0.00,0.00,2
285086,-0.000,0.004,0.998,0.122,0.000,-1.160,-27.622,7.403,-55.344,0.9895,-0.0010,0.0002,0.1448,0.06,-0.00,0.00,0.12,90660.6,0,0.00,0.00,2
285286,-0.002,0.003,0.996,-0.122,0.061,-0.366,-28.304,8.125,-56.042,0.9896,-0.0011,0.0003,0.1442,0.08,-0.00,0.00,0.13,90668.2,0,0.00,0.00,2
285486,0.000,-0.008,0.998,-0.000,-0.122,1.526,-27.452,7.945,-55.868,0.9897,-0.0013,0.0005,0.1433,0.09,-0.00,0.00,0.15,90672.3,0,0.00,0.00,2
285686,0.001,-0.008,0.999,0.061,-0.122,0.427,-27.281,8.848,-55.344,0.9897,-0.0011,0.0004,0.1430,0.09,-0.00,0.00,0.13,90673.7,0,0.00,0.00,2
285886,-0.004,0.001,0.996,-0.000,0.000,0.366,-25.917,7.042,-54.995,0.9896,-0.0011,0.0004,0.1435,0.09,-0.00,0.00,0.13,90673.7,0,0.00,0.00,2
286086,-0.004,-0.006,0.997,0.122,-0.122,-0.122,-27.452,7.223,-54.471,0.9896,-0.0012,0.0004,0.1436,0.07,-0.00,0.00,0.14,90676.5,0,0.00,0.00,2
286286,0.007,-0.001,1.000,0.183,-0.061,-0.977,-26.770,7.584,-57.614,0.9895,-0.0010,0.0003,0.1443,0.06,-0.00,0.00,0.12,90676.5,0,0.00,0.00,2
286486,-0.000,-0.001,0.998,-0.061,0.061,1.038,-26.770,7.223,-55.868,0.9895,-0.0011,0.0004,0.1445,0.06,-0.00,0.00,0.13,90675.1,0,0.00,0.00,2
286686,-0.005,-0.006,0.998,0.122,0.000,0.366,-25.235,7.764,-55.693,0.9895,-0.0011,0.0004,0.1445,0.06,-0.00,0.00,0.14,90661.3,0,0.00,0.00,2
286886,0.002,-0.000,0.997,0.122,-0.061,0.488,-26.429,7.945,-56.915,0.9893,-0.0011,0.0003,0.1457,0.07,-0.00,0.00,0.13,90662.7,0,0.00,0.00,2
287086,-0.002,-0.002,0.997,-0.000,0.000,1.038,-27.963,7.764,-56.042,0.9893,-0.0011,0.0004,0.1459,0.09,-0.00,0.00,0.13,90659.9,0,0.00,0.00,2
287286,-0.006,-0.005,0.997,0.122,0.061,-0.122,-27.793,8.306,-54.820,0.9894,-0.0010,0.0004,0.1454,0.11,-0.00,0.00,0.12,90665.4,0,0.00,0.00,2
287486,-0.001,0.000,0.996,0.122,0.061,0.488,-28.475,6.862,-54.820,0.9893,-0.0010,0.0004,0.1456,0.12,-0.00,0.00,0.12,90662.0,0,0.00,0.00,2
287686,0.006,-0.004,1.000,0.122,0.061,-0.366,-27.793,6.500,-54.820,0.9893,-0.0009,0.0003,0.1456,0.12,-0.00,0.00,0.10,90666.1,0,0.00,0.00,2
287886,0.004,-0.001,0.996,-0.000,0.000,-0.977,-27.793,8.667,-54.820,0.9893,-0.0009,0.0003,0.1458,0.13,-0.00,0.00,0.10,90666.1,0,0.00,0.00,2
288086,-0.005,0.004,0.996,0.122,-0.122,0.366,-27.963,8.125,-55.344,0.9893,-0.0010,0.0003,0.1460,0.13,-0.00,0.00,0.13,90657.8,0,0.00,0.00,2
288286,-0.000,-0.005,0.995,-0.000,-0.061,0.732,-27.793,6.139,-56.217,0.9893,-0.0011,0.0002,0.1458,0.13,-0.00,0.00,0.12,90667.5,0,0.00,0.00,2
288486,0.000,-0.008,0.996,0.061,0.122,-1.160,-28.134,7.223,-55.519,0.9894,-0.0010,0.0003,0.1452,0.12,-0.00,0.00,0.11,90666.1,0,0.00,0.00,2
288686,-0.004,-0.006,0.998,0.061,-0.061,1.099,-27.963,8.125,-54.646,0.9895,-0.0011,0.0004,0.1448,0.11,-0.00,0.00,0.13,90676.5,0,0.00,0.00,2
288886,-0.004,0.000,0.995,0.183,-0.061,-0.854,-26.429,7.945,-55.519,0.9893,-0.0010,0.0003,0.1458,0.09,-0.00,0.00,0.12,90673.7,0,0.00,0.00,2
289086,0.000,0.004,0.995,0.183,0.000,-0.549,-27.452,7.584,-54.820,0.9892,-0.0009,0.0002,0.1464,0.07,-0.00,0.00,0.11,90684.1,0,0.00,0.00,2
289286,0.001,-0.005,0.997,-0.122,-0.061,1.465,-27.963,8.848,-56.741,0.9892,-0.0009,0.0003,0.1465,0.05,-0.00,0.00,0.11,90673.1,0,0.00,0.00,2
289486,0.001,0.002,0.997,0.061,-0.061,-0.488,-26.770,8.306,-55.868,0.9891,-0.0009,0.0003,0.1472,0.04,-0.00,0.00,0.11,90671.7,0,0.00,0.00,2
289686,0.002,-0.006,0.999,-0.000,0.000,1.831,-26.770,7.945,-55.868,0.9891,-0.0011,0.0002,0.1471,0.04,0.00,0.00,0.12,90673.0,0,0.00,0.00,2
289886,-0.002,-0.003,0.993,-0.061,-0.061,0.122,-27.622,8.487,-56.392,0.9891,-0.0009,0.0003,0.1475,0.02,-0.00,0.00,0.11,90674.4,0,0.00,0.00,2
290086,0.002,-0.002,1.000,0.122,-0.061,0.793,-27.963,7.042,-56.741,0.9890,-0.0010,0.0002,0.1476,0.02,0.00,0.00,0.12,90673.7,0,0.00,0.00,2
290286,-0.002,-0.007,0.997,0.061,-0.061,0.488,-27.111,6.139,-56.217,0.9891,-0.0009,0.0002,0.1475,0.02,0.00,0.00,0.10,90674.4,0,0.00,0.00,2
290486,-0.004,-0.000,0.996,0.061,-0.061,-0.610,-27.452,8.306,-57.265,0.9889,-0.0008,0.0002,0.1484,0.02,0.00,0.00,0.10,90664.1,0,0.00,0.00,2
290686,-0.004,-0.000,0.998,0.061,0.000,0.610,-26.599,7.042,-56.392,0.9888,-0.0009,0.0001,0.1489,0.03,0.00,0.00,0.09,90668.2,0,0.00,0.00,2
290886,0.005,-0.010,0.997,0.122,0.000,-0.122,-26.088,8.667,-54.471,0.9888,-0.0008,0.0002,0.1490,0.04,0.00,0.00,0.10,90664.1,0,0.00,0.00,2
291086,0.006,-0.005,0.997,-0.000,-0.061,0.305,-27.793,7.223,-54.820,0.9888,-0.0008,0.0003,0.1493,0.05,-0.00,0.00,0.09,90665.4,0,0.00,0.00,2
291286,-0.010,0.008,0.997,-0.000,0.000,1.282,-26.770,7.584,-55.519,0.9888,-0.0008,0.0003,0.1495,0.08,-0.00,0.00,0.10,90664.1,0,0.00,0.00,2
291486,-0.000,0.000,0.994,0.122,-0.061,0.488,-27.963,8.848,-54.646,0.9888,-0.0008,0.0002,0.1490,0.10,-0.00,0.00,0.10,90657.2,0,0.00,0.00,2
291686,0.010,-0.010,0.999,0.061,-0.061,0.977,-28.304,7.403,-55.693,0.9887,-0.0008,0.0002,0.1500,0.11,-0.00,0.00,0.09,90653.7,0,0.00,0.00,2
291886,0.005,0.008,0.996,-0.000,-0.061,1.526,-26.770,7.584,-55.868,0.9885,-0.0007,0.0001,0.1512,0.13,-0.00,0.00,0.08,90661.3,0,0.00,0.00,2
292086,-0.010,0.005,0.997,-0.244,0.000,1.038,-26.940,6.681,-56.042,0.9886,-0.0007,0.0002,0.1509,0.14,-0.00,0.00,0.08,90660.6,0,0.00,0.00,2
292286,-0.004,-0.001,0.995,0.305,-0.061,-1.465,-27.793,7.584,-55.519,0.9887,-0.0008,0.0004,0.1501,0.14,-0.00,0.00,0.10,90665.4,0,0.00,0.00,2
292486,0.006,-0.002,1.001,0.122,-0.122,0.977,-26.770,8.306,-56.915,0.9886,-0.0007,0.0002,0.1507,0.14,-0.00,0.00,0.08,90662.0,0,0.00,0.00,2
292686,0.000,-0.000,0.998,-0.000,0.122,-0.916,-27.281,7.403,-55.693,0.9886,-0.0005,0.0001,0.1507,0.14,-0.00,0.00,0.05,90665.4,0,0.00,0.00,2
292886,-0.004,0.002,0.995,0.061,0.000,-0.366,-27.793,7.584,-55.519,0.9886,-0.0007,0.0002,0.1506,0.14,-0.00,0.00,0.09,90663.4,0,0.00,0.00,2
293086,-0.000,-0.002,0.997,0.122,-0.061,0.549,-27.793,8.306,-55.519,0.9886,-0.0008,0.0002,0.1507,0.13,-0.00,0.00,0.09,90675.8,0,0.00,0.00,2
293286,-0.000,-0.002,0.999,-0.061,0.122,-0.488,-27.793,7.584,-55.868,0.9887,-0.0007,0.0001,0.1500,0.11,-0.00,0.00,0.07,90664.1,0,0.00,0.00,2
293486,-0.003,-0.003,0.995,0.061,-0.061,1.709,-27.793,8.667,-54.471,0.9886,-0.0009,0.0002,0.1506,0.11,-0.00,0.00,0.11,90673.8,0,0.00,0.00,2
293686,-0.000,-0.010,0.998,-0.000,-0.122,0.061,-26.429,9.751,-56.217,0.9887,-0.0008,0.0002,0.1501,0.10,-0.00,0.00,0.09,90671.7,0,0.00,0.00,2
293886,0.001,-0.004,0.998,-0.061,0.122,-0.122,-27.111,7.945,-55.868,0.9886,-0.0008,0.0001,0.1506,0.10,-0.00,0.00,0.09,90662.0,0,0.00,0.00,2
294086,-0.002,-0.003,0.998,0.122,-0.183,0.366,-26.770,7.945,-55.519,0.9886,-0.0010,0.0003,0.1505,0.09,-0.00,0.00,0.12,90668.2,0,0.00,0.00,2
294286,0.005,0.008,1.001,-0.000,-0.061,1.099,-26.599,7.403,-54.995,0.9884,-0.0009,0.0001,0.1522,0.09,-0.00,0.00,0.09,90663.4,0,0.00,0.00,2
