Time,AccX,AccY,AccZ,GyroX,GyroY,GyroZ,MagX,MagY,MagZ,QW,QX,QY,QZ,AltFilt,VelFilt,AccVertLiq,Tilt,Pressao,Servo,Gain1,Gain2,Estado
4484,-0.047,0.032,1.002,-0.061,0.305,0.183,0.000,0.000,0.000,1.0000,0.0000,0.0000,0.0000,-0.08,0.00,0.019,0.0,96035.7,0.00,0.000,0.000,2
4684,-0.048,0.031,1.007,-0.061,0.122,0.244,0.000,0.000,0.000,1.0000,0.0000,0.0000,0.0000,-0.07,0.01,0.067,0.0,96038.3,0.00,0.000,0.000,2
4884,-0.046,0.032,1.003,-0.061,0.244,0.122,0.000,0.000,0.000,1.0000,0.0000,0.0000,0.0000,-0.03,0.02,0.029,0.0,96039.0,0.00,0.000,0.000,2
5084,-0.048,0.031,1.003,-0.061,0.183,0.183,0.000,0.000,0.000,1.0000,0.0000,0.0000,0.0000,-0.04,0.02,0.029,0.0,96037.6,0.00,0.000,0.000,2
5284,-0.049,0.030,1.002,-0.061,0.305,0.244,0.000,0.000,0.000,1.0000,0.0000,0.0000,0.0000,-0.06,0.02,0.024,0.0,96039.0,0.00,0.000,0.000,2
5484,-0.045,0.031,1.005,-0.061,0.183,0.183,0.000,0.000,0.000,1.0000,0.0000,0.0000,0.0000,-0.08,-0.00,0.048,0.0,96039.1,0.00,0.000,0.000,2
5684,-0.048,0.032,1.000,0.000,0.244,0.183,0.000,0.000,0.000,1.0000,0.0000,0.0000,0.0000,-0.11,-0.02,0.005,0.0,96036.2,0.00,0.000,0.000,2
5884,-0.046,0.031,1.002,0.000,0.427,0.244,0.000,0.000,0.000,1.0000,0.0000,0.0000,0.0000,-0.08,0.02,0.019,0.0,96039.1,0.00,0.000,0.000,2
6084,-0.047,0.030,1.004,-0.061,0.183,0.244,-62.036,273.054,144.836,0.9993,0.0193,-0.0126,-0.0282,-0.10,-0.01,0.056,2.6,96039.1,0.00,0.000,0.000,2
6284,-0.047,0.030,1.003,-0.061,0.122,0.183,-62.036,273.054,144.836,0.9940,0.0124,-0.0283,-0.1046,-0.10,0.00,0.044,3.5,96040.5,0.00,0.000,0.000,2
6484,-0.046,0.031,1.002,0.000,0.305,0.305,-62.036,273.054,144.836,0.9941,0.0091,-0.0227,-0.1054,-0.02,0.09,0.039,2.8,96033.3,0.00,0.000,0.000,2
6684,-0.046,0.032,1.003,-0.061,0.183,0.244,-62.036,273.054,144.836,0.9942,0.0095,-0.0230,-0.1050,0.03,0.12,0.049,2.9,96036.2,0.00,0.000,0.000,2
6884,-0.049,0.032,1.002,-0.122,0.244,0.244,-62.036,273.054,144.836,0.9941,0.0089,-0.0248,-0.1051,0.02,0.10,0.040,3.0,96039.7,0.00,0.000,0.000,2
7084,-0.048,0.032,1.003,-0.122,0.061,0.183,-62.036,273.054,144.836,0.9941,0.0088,-0.0259,-0.1050,0.01,0.08,0.045,3.1,96037.7,0.00,0.000,0.000,2
7284,-0.047,0.032,1.000,-0.061,0.183,0.183,-62.036,273.054,144.836,0.9941,0.0091,-0.0240,-0.1050,-0.03,0.04,0.020,2.9,96039.1,0.00,0.000,0.000,2
7484,-0.047,0.032,1.005,-0.122,0.244,0.305,-62.036,273.054,144.836,0.9942,0.0092,-0.0235,-0.1050,-0.08,-0.00,0.063,2.9,96036.9,0.00,0.000,0.000,2
7684,-0.049,0.032,1.001,-0.061,0.244,0.305,-62.036,273.054,144.836,0.9941,0.0088,-0.0252,-0.1050,-0.06,0.02,0.026,3.1,96038.5,0.00,0.000,0.000,2
7884,-0.046,0.032,1.003,-0.122,0.244,0.305,-62.036,273.054,144.836,0.9941,0.0089,-0.0246,-0.1049,-0.02,0.06,0.044,3.0,96034.2,0.00,0.000,0.000,2
8084,-0.049,0.031,1.002,-0.122,0.366,0.183,-62.036,273.054,144.836,0.9940,0.0089,-0.0272,-0.1051,0.00,0.08,0.040,3.3,96034.3,0.00,0.000,0.000,2
8284,-0.048,0.031,1.000,-0.061,0.305,0.183,-70.898,268.978,153.356,0.9921,0.0089,-0.0257,-0.1224,0.06,0.12,0.021,3.1,96037.7,0.00,0.000,0.000,2
8484,-0.047,0.031,1.006,-0.061,0.183,0.244,-70.898,268.978,153.356,0.9921,0.0087,-0.0261,-0.1225,0.07,0.12,0.078,3.1,96036.2,0.00,0.000,0.000,2
8684,-0.046,0.030,1.003,0.000,0.183,0.122,-70.898,268.978,153.356,0.9921,0.0084,-0.0255,-0.1225,0.08,0.12,0.043,3.1,96036.4,0.00,0.000,0.000,2
8884,-0.046,0.031,1.005,0.000,0.305,0.244,-70.898,268.978,153.356,0.9922,0.0088,-0.0240,-0.1224,0.08,0.10,0.063,2.9,96037.1,0.00,0.000,0.000,2
9084,-0.047,0.029,1.006,0.000,0.183,0.183,-70.898,268.978,153.356,0.9921,0.0080,-0.0261,-0.1228,0.13,0.14,0.072,3.1,96033.6,0.00,0.000,0.000,2
9284,-0.047,0.031,1.002,-0.061,0.244,0.183,-70.898,268.978,153.356,0.9921,0.0087,-0.0259,-0.1223,0.14,0.13,0.034,3.1,96036.3,0.00,0.000,0.000,2
9484,-0.047,0.032,1.002,-0.061,0.244,0.244,-70.898,268.978,153.356,0.9921,0.0096,-0.0269,-0.1223,0.13,0.10,0.035,3.3,96034.3,0.00,0.000,0.000,2
9684,-0.049,0.032,1.003,0.000,0.244,0.305,-70.898,268.978,153.356,0.9921,0.0089,-0.0265,-0.1223,0.09,0.07,0.050,3.2,96036.4,0.00,0.000,0.000,2
9884,-0.047,0.032,1.003,0.000,0.305,0.183,-70.898,268.978,153.356,0.9921,0.0096,-0.0268,-0.1222,0.10,0.06,0.044,3.3,96040.8,0.00,0.000,0.000,2
10084,-0.047,0.030,1.004,-0.122,0.305,0.183,-70.898,268.978,153.356,0.9921,0.0084,-0.0264,-0.1227,0.08,0.05,0.053,3.2,96039.2,0.00,0.000,0.000,2
10284,-0.048,0.031,1.001,-0.122,0.244,0.183,-60.264,268.978,176.075,0.9938,0.0130,-0.0264,-0.1077,0.05,0.02,0.025,3.4,96035.5,0.00,0.000,0.000,2
10484,-0.050,0.032,1.005,-0.244,0.305,0.183,-60.264,268.978,176.075,0.9940,0.0160,-0.0268,-0.1044,-0.03,-0.04,0.065,3.6,96039.9,0.00,0.000,0.000,2
10684,-0.047,0.029,1.001,-0.122,0.244,0.183,-60.264,268.978,176.075,0.9941,0.0161,-0.0246,-0.1047,0.04,0.03,0.024,3.4,96037.8,0.00,0.000,0.000,2
10884,-0.047,0.031,1.002,-0.061,0.183,0.183,-60.264,268.978,176.075,0.9941,0.0161,-0.0236,-0.1045,0.06,0.05,0.034,3.3,96034.9,0.00,0.000,0.000,2
11084,-0.047,0.032,1.004,-0.061,0.183,0.305,-60.264,268.978,176.075,0.9941,0.0167,-0.0243,-0.1045,0.07,0.06,0.059,3.4,96037.1,0.00,0.000,0.000,2
11284,-0.046,0.031,1.004,-0.122,0.305,0.183,-60.264,268.978,176.075,0.9942,0.0160,-0.0231,-0.1043,0.10,0.08,0.058,3.2,96032.8,0.00,0.000,0.000,2
11484,-0.047,0.031,1.006,-0.183,0.305,0.183,-60.264,268.978,176.075,0.9941,0.0163,-0.0245,-0.1047,0.12,0.10,0.073,3.4,96032.8,0.00,0.000,0.000,2
11684,-0.049,0.031,1.000,0.000,0.305,0.244,-60.264,268.978,176.075,0.9940,0.0162,-0.0266,-0.1044,0.16,0.12,0.016,3.6,96038.5,0.00,0.000,0.000,2
11884,-0.048,0.031,0.999,-0.061,0.305,0.183,-60.264,268.978,176.075,0.9941,0.0166,-0.0258,-0.1043,0.13,0.09,0.006,3.5,96034.2,0.00,0.000,0.000,2
12084,-0.048,0.031,1.001,-0.061,0.305,0.244,-60.264,268.978,176.075,0.9941,0.0165,-0.0250,-0.1046,0.16,0.11,0.025,3.4,96038.6,0.00,0.000,0.000,2
12284,-0.048,0.032,1.001,-0.061,0.244,0.183,-60.264,268.978,176.075,0.9941,0.0165,-0.0241,-0.1044,0.19,0.12,0.030,3.3,96037.8,0.00,0.000,0.000,2
12484,-0.047,0.031,1.006,-0.061,0.122,0.183,-60.264,268.978,176.075,0.9941,0.0164,-0.0247,-0.1046,0.14,0.06,0.078,3.4,96036.4,0.00,0.000,0.000,2
12684,-0.048,0.031,1.004,-0.061,0.244,0.244,-60.264,268.978,176.075,0.9941,0.0163,-0.0251,-0.1046,0.07,-0.00,0.054,3.4,96037.8,0.00,0.000,0.000,2
12884,-0.046,0.031,1.001,-0.122,0.244,0.244,-60.264,268.978,176.075,0.9941,0.0168,-0.0245,-0.1043,-0.02,-0.06,0.024,3.4,96034.9,0.00,0.000,0.000,2
13084,-0.047,0.030,1.001,-0.122,0.305,0.305,-60.264,268.978,176.075,0.9941,0.0161,-0.0238,-0.1046,-0.03,-0.05,0.024,3.3,96037.8,0.00,0.000,0.000,2
13284,-0.047,0.032,1.002,-0.061,0.305,0.244,-60.264,268.978,176.075,0.9941,0.0168,-0.0245,-0.1042,-0.03,-0.03,0.035,3.4,96036.4,0.00,0.000,0.000,2
13484,-0.047,0.032,1.002,-0.061,0.305,0.244,-60.264,268.978,176.075,0.9941,0.0163,-0.0252,-0.1045,-0.03,-0.03,0.035,3.4,96038.5,0.00,0.000,0.000,2
13684,-0.047,0.032,1.004,-0.061,0.244,0.183,-60.264,268.978,176.075,0.9941,0.0163,-0.0245,-0.1045,-0.01,0.00,0.054,3.4,96037.8,0.00,0.000,0.000,2
13884,-0.049,0.032,1.004,-0.122,0.244,0.244,-60.264,268.978,176.075,0.9941,0.0167,-0.0254,-0.1043,-0.05,-0.02,0.055,3.5,96037.9,0.00,0.000,0.000,2
14084,-0.045,0.030,1.000,-0.061,0.305,0.244,-60.264,268.978,176.075,0.9941,0.0158,-0.0231,-0.1048,-0.07,-0.02,0.014,3.2,96037.1,0.00,0.000,0.000,2
14284,-0.048,0.031,1.002,-0.061,0.244,0.305,-60.264,268.978,176.075,0.9941,0.0166,-0.0244,-0.1045,-0.12,-0.05,0.035,3.4,96038.7,0.00,0.000,0.000,2
14484,-0.049,0.032,1.003,0.000,0.244,0.244,-60.264,268.978,176.075,0.9941,0.0167,-0.0259,-0.1043,-0.15,-0.06,0.045,3.5,96040.8,0.00,0.000,0.000,2
14684,-0.046,0.030,1.002,-0.061,0.244,0.183,-60.264,258.111,159.036,0.9936,0.0156,-0.0231,-0.1095,-0.15,-0.04,0.034,3.2,96042.2,0.00,0.000,0.000,2
14884,-0.047,0.031,1.004,-0.122,0.305,0.244,-60.264,258.111,159.036,0.9936,0.0162,-0.0259,-0.1091,-0.12,0.00,0.053,3.5,96042.2,0.00,0.000,0.000,2
15084,-0.045,0.030,1.004,0.000,0.244,0.183,-60.264,258.111,159.036,0.9936,0.0162,-0.0234,-0.1095,-0.12,0.01,0.052,3.3,96035.9,0.00,0.000,0.000,2
15284,-0.048,0.029,1.004,-0.061,0.183,0.244,-60.264,258.111,159.036,0.9935,0.0154,-0.0262,-0.1099,-0.09,0.04,0.053,3.5,96037.3,0.00,0.000,0.000,2
15484,-0.047,0.032,1.000,-0.061,0.183,0.122,-60.264,258.111,159.036,0.9936,0.0163,-0.0247,-0.1094,-0.04,0.09,0.016,3.4,96035.2,0.00,0.000,0.000,2
15684,-0.047,0.031,1.004,-0.061,0.305,0.183,-60.264,258.111,159.036,0.9936,0.0164,-0.0255,-0.1092,-0.03,0.09,0.054,3.5,96041.5,0.00,0.000,0.000,2
15884,-0.047,0.030,1.002,-0.061,0.244,0.244,-60.264,258.111,159.036,0.9935,0.0155,-0.0264,-0.1093,-0.02,0.08,0.039,3.5,96043.8,0.00,0.000,0.000,2
16084,-0.045,0.029,1.003,-0.122,0.122,0.122,-60.264,258.111,159.036,0.9936,0.0160,-0.0238,-0.1095,-0.05,0.05,0.043,3.3,96041.7,0.00,0.000,0.000,2
16284,-0.048,0.029,1.003,-0.061,0.244,0.244,-60.264,258.111,159.036,0.9935,0.0157,-0.0263,-0.1096,-0.03,0.07,0.044,3.5,96037.3,0.00,0.000,0.000,2
16484,-0.049,0.029,1.004,-0.061,0.305,0.244,-60.264,258.111,159.036,0.9935,0.0155,-0.0265,-0.1096,-0.03,0.07,0.054,3.5,96037.3,0.00,0.000,0.000,2
16684,-0.048,0.031,1.002,-0.061,0.366,0.244,-60.264,258.111,159.036,0.9935,0.0161,-0.0258,-0.1094,-0.06,0.03,0.035,3.5,96041.0,0.00,0.000,0.000,2
16884,-0.049,0.030,1.003,-0.061,0.122,0.244,-60.264,258.111,159.036,0.9935,0.0162,-0.0250,-0.1095,-0.02,0.07,0.049,3.4,96038.7,0.00,0.000,0.000,2
17084,-0.046,0.030,1.002,0.000,0.244,0.244,-60.264,258.111,159.036,0.9936,0.0155,-0.0233,-0.1096,0.00,0.09,0.034,3.2,96033.1,0.00,0.000,0.000,2
17284,-0.046,0.032,1.003,0.000,0.305,0.244,-60.264,258.111,159.036,0.9936,0.0164,-0.0234,-0.1092,0.03,0.10,0.048,3.3,96041.0,0.00,0.000,0.000,2
17484,-0.046,0.030,1.003,-0.061,0.244,0.244,-60.264,258.111,159.036,0.9936,0.0166,-0.0251,-0.1092,0.06,0.12,0.043,3.4,96036.6,0.00,0.000,0.000,2
17684,-0.047,0.031,1.001,0.000,0.122,0.183,-60.264,258.111,159.036,0.9936,0.0164,-0.0256,-0.1091,0.07,0.11,0.030,3.5,96039.6,0.00,0.000,0.000,2
17884,-0.047,0.031,1.001,-0.061,0.244,0.244,-60.264,258.111,159.036,0.9936,0.0161,-0.0245,-0.1095,0.06,0.10,0.025,3.4,96036.8,0.00,0.000,0.000,2
18084,-0.048,0.030,1.006,-0.122,0.244,0.183,-60.264,258.111,159.036,0.9935,0.0159,-0.0250,-0.1096,0.05,0.08,0.078,3.4,96040.3,0.00,0.000,0.000,2
18284,-0.048,0.029,1.006,-0.061,0.305,0.244,-60.264,258.111,159.036,0.9936,0.0147,-0.0224,-0.1095,0.01,0.04,0.077,3.1,96038.1,0.00,0.000,0.000,2
18484,-0.048,0.030,1.005,-0.061,0.305,0.183,-60.264,258.111,159.036,0.9935,0.0161,-0.0255,-0.1096,0.04,0.07,0.063,3.5,96035.3,0.00,0.000,0.000,2
18684,-0.047,0.031,1.003,-0.183,0.244,0.244,-60.264,258.111,159.036,0.9935,0.0162,-0.0250,-0.1095,0.09,0.11,0.049,3.4,96041.6,0.00,0.000,0.000,2
18884,-0.046,0.030,1.003,-0.122,0.305,0.244,-60.264,258.111,159.036,0.9936,0.0160,-0.0240,-0.1096,0.07,0.08,0.043,3.3,96041.7,0.00,0.000,0.000,2
19084,-0.047,0.033,1.002,-0.061,0.244,0.122,-60.264,258.111,159.036,0.9936,0.0168,-0.0237,-0.1089,0.04,0.05,0.040,3.3,96042.3,0.00,0.000,0.000,2
19284,-0.048,0.031,1.003,-0.061,0.305,0.244,-60.264,258.111,159.036,0.9936,0.0163,-0.0244,-0.1095,0.04,0.05,0.044,3.4,96039.5,0.00,0.000,0.000,2
19484,-0.048,0.030,1.004,-0.061,0.122,0.122,-60.264,258.111,159.036,0.9935,0.0160,-0.0252,-0.1096,0.03,0.04,0.059,3.4,96040.3,0.00,0.000,0.000,2
19684,-0.048,0.032,1.000,0.000,0.183,0.305,-60.264,258.111,159.036,0.9935,0.0161,-0.0256,-0.1095,-0.00,0.01,0.021,3.5,96036.6,0.00,0.000,0.000,2
19884,-0.044,0.031,1.003,-0.061,0.183,0.244,-60.264,258.111,159.036,0.9936,0.0151,-0.0221,-0.1093,-0.07,-0.04,0.047,3.1,96041.6,0.00,0.000,0.000,2
20084,-0.047,0.030,1.004,-0.061,0.366,0.183,-60.264,258.111,159.036,0.9935,0.0160,-0.0249,-0.1095,-0.09,-0.05,0.053,3.4,96037.5,0.00,0.000,0.000,2
20284,-0.047,0.032,1.005,0.000,0.244,0.183,-60.264,258.111,159.036,0.9936,0.0163,-0.0252,-0.1093,-0.07,-0.01,0.064,3.4,96040.3,0.00,0.000,0.000,2
20484,-0.047,0.030,1.006,-0.061,0.244,0.305,-60.264,258.111,159.036,0.9935,0.0159,-0.0247,-0.1096,-0.07,-0.00,0.072,3.4,96040.2,0.00,0.000,0.000,2
20684,-0.047,0.031,1.004,0.000,0.305,0.244,-60.264,258.111,159.036,0.9936,0.0165,-0.0247,-0.1093,-0.08,-0.00,0.054,3.4,96040.2,0.00,0.000,0.000,2
20884,-0.045,0.031,1.002,-0.061,0.183,0.244,-81.533,271.695,147.676,0.9904,0.0128,-0.0234,-0.1360,-0.13,-0.03,0.034,3.1,96041.0,0.00,0.000,0.000,2
21084,-0.048,0.031,1.002,-0.061,0.244,0.244,-81.533,271.695,147.676,0.9895,0.0139,-0.0270,-0.1416,-0.08,0.02,0.035,3.5,96038.3,0.00,0.000,0.000,2
21284,-0.048,0.031,1.003,-0.061,0.305,0.244,-81.533,271.695,147.676,0.9895,0.0140,-0.0249,-0.1415,-0.01,0.09,0.044,3.3,96036.6,0.00,0.000,0.000,2
21484,-0.046,0.034,1.005,-0.122,0.305,0.183,-81.533,271.695,147.676,0.9895,0.0156,-0.0254,-0.1411,0.01,0.10,0.064,3.4,96040.4,0.00,0.000,0.000,2
21684,-0.046,0.033,1.007,0.000,0.183,0.183,-81.533,271.695,147.676,0.9898,0.0111,-0.0261,-0.1399,0.02,0.10,0.087,3.2,96039.5,0.00,0.000,0.000,2
21884,-0.046,0.032,1.004,-0.061,0.183,0.183,-81.533,271.695,147.676,0.9898,0.0103,-0.0232,-0.1404,0.11,0.16,0.053,2.9,96038.8,0.00,0.000,0.000,2
22084,-0.047,0.031,1.007,-0.122,0.305,0.122,-81.533,271.695,147.676,0.9898,0.0095,-0.0266,-0.1399,0.12,0.15,0.083,3.2,96037.4,0.00,0.000,0.000,2
22284,-0.047,0.032,1.003,-0.122,0.244,0.183,-81.533,271.695,147.676,0.9898,0.0097,-0.0251,-0.1401,0.11,0.13,0.049,3.1,96038.1,0.00,0.000,0.000,2
22484,-0.047,0.030,1.004,0.000,0.244,0.244,-81.533,271.695,147.676,0.9898,0.0088,-0.0252,-0.1402,0.08,0.09,0.054,3.1,96038.2,0.00,0.000,0.000,2
22684,-0.047,0.030,1.001,-0.122,0.183,0.244,-81.533,271.695,147.676,0.9897,0.0097,-0.0263,-0.1405,0.06,0.07,0.030,3.2,96038.8,0.00,0.000,0.000,2
22884,-0.047,0.031,1.001,0.000,0.244,0.183,-81.533,271.695,147.676,0.9898,0.0091,-0.0257,-0.1401,0.04,0.04,0.030,3.1,96038.2,0.00,0.000,0.000,2
23084,-0.047,0.030,1.001,-0.122,0.244,0.244,-63.809,268.978,153.356,0.9933,0.0153,-0.0235,-0.1120,0.08,0.08,0.024,3.2,96038.9,0.00,0.000,0.000,2
23284,-0.047,0.030,1.000,-0.122,0.244,0.244,-63.809,268.978,153.356,0.9934,0.0157,-0.0236,-0.1116,0.03,0.03,0.020,3.3,96040.9,0.00,0.000,0.000,2
23484,-0.048,0.029,1.001,-0.061,0.244,0.183,-63.809,268.978,153.356,0.9933,0.0155,-0.0247,-0.1119,0.04,0.05,0.029,3.3,96035.4,0.00,0.000,0.000,2
23684,-0.048,0.030,1.002,-0.061,0.305,0.244,-63.809,268.978,153.356,0.9933,0.0160,-0.0253,-0.1117,0.03,0.04,0.035,3.4,96040.3,0.00,0.000,0.000,2
23884,-0.049,0.031,1.004,-0.122,0.183,0.244,-63.809,268.978,153.356,0.9933,0.0160,-0.0271,-0.1113,-0.03,-0.01,0.059,3.6,96041.0,0.00,0.000,0.000,2
24084,-0.047,0.030,1.001,0.000,0.244,0.244,-63.809,268.978,153.356,0.9933,0.0160,-0.0251,-0.1117,0.00,0.03,0.030,3.4,96035.3,0.00,0.000,0.000,2
24284,-0.047,0.032,1.003,-0.061,0.305,0.244,-63.809,268.978,153.356,0.9933,0.0156,-0.0262,-0.1116,0.02,0.05,0.044,3.5,96037.5,0.00,0.000,0.000,2
24484,-0.050,0.030,1.000,-0.061,0.244,0.122,-63.809,268.978,153.356,0.9933,0.0162,-0.0264,-0.1116,0.07,0.09,0.021,3.6,96035.4,0.00,0.000,0.000,2
24684,-0.049,0.033,1.005,0.000,0.183,0.183,-63.809,268.978,153.356,0.9933,0.0164,-0.0264,-0.1112,0.11,0.12,0.069,3.6,96035.3,0.00,0.000,0.000,2
24884,-0.050,0.032,1.005,-0.061,0.305,0.244,-63.809,268.978,153.356,0.9933,0.0163,-0.0266,-0.1115,0.10,0.09,0.065,3.6,96038.9,0.00,0.000,0.000,2
25084,-0.049,0.030,1.002,-0.122,0.244,0.244,-63.809,268.978,153.356,0.9933,0.0160,-0.0263,-0.1116,0.08,0.07,0.040,3.5,96038.2,0.00,0.000,0.000,2
25284,-0.048,0.030,1.007,-0.122,0.244,0.183,-63.809,268.978,153.356,0.9933,0.0154,-0.0271,-0.1114,0.07,0.06,0.082,3.6,96037.4,0.00,0.000,0.000,2
25484,-0.049,0.031,1.003,0.061,0.244,0.183,-63.809,268.978,153.356,0.9933,0.0161,-0.0255,-0.1117,0.07,0.06,0.045,3.5,96038.2,0.00,0.000,0.000,2
25684,-0.048,0.031,1.002,-0.061,0.122,0.366,-63.809,268.978,153.356,0.9933,0.0162,-0.0258,-0.1116,0.10,0.08,0.035,3.5,96036.0,0.00,0.000,0.000,2
25884,-0.048,0.031,1.003,-0.061,0.305,0.061,-63.809,268.978,153.356,0.9933,0.0163,-0.0262,-0.1112,0.11,0.08,0.049,3.5,96039.6,0.00,0.000,0.000,2
26084,-0.046,0.030,1.005,0.000,0.183,0.244,-63.809,268.978,153.356,0.9933,0.0160,-0.0238,-0.1116,0.12,0.09,0.067,3.3,96037.5,0.00,0.000,0.000,2
26284,-0.047,0.033,1.002,-0.122,0.244,0.244,-63.809,268.978,153.356,0.9933,0.0167,-0.0250,-0.1113,0.07,0.04,0.040,3.4,96038.9,0.00,0.000,0.000,2
26484,-0.048,0.032,1.002,-0.061,0.183,0.244,-63.809,268.978,153.356,0.9933,0.0164,-0.0257,-0.1114,0.09,0.05,0.040,3.5,96035.9,0.00,0.000,0.000,2
26684,-0.047,0.030,1.004,-0.122,0.244,0.244,-63.809,268.978,153.356,0.9933,0.0160,-0.0244,-0.1116,0.10,0.06,0.053,3.3,96038.9,0.00,0.000,0.000,2
26884,-0.047,0.029,1.002,-0.061,0.183,0.122,-63.809,268.978,153.356,0.9933,0.0155,-0.0236,-0.1118,0.12,0.07,0.038,3.2,96037.4,0.00,0.000,0.000,2
27084,-0.046,0.031,1.001,-0.122,0.183,0.122,-63.809,268.978,153.356,0.9933,0.0158,-0.0242,-0.1117,0.16,0.11,0.029,3.3,96033.3,0.00,0.000,0.000,2
27284,-0.047,0.030,1.003,0.000,0.244,0.183,-67.353,282.563,159.036,0.9932,0.0157,-0.0248,-0.1124,0.16,0.10,0.048,3.4,96036.1,0.00,0.000,0.000,2
27484,-0.045,0.032,1.001,-0.061,0.183,0.244,-67.353,282.563,159.036,0.9933,0.0164,-0.0245,-0.1120,0.23,0.15,0.024,3.4,96033.1,0.00,0.000,0.000,2
27684,-0.048,0.031,1.001,-0.122,0.183,0.183,-67.353,282.563,159.036,0.9932,0.0160,-0.0263,-0.1121,0.21,0.11,0.025,3.5,96035.4,0.00,0.000,0.000,2
27884,-0.047,0.032,1.004,-0.061,0.183,0.183,-67.353,282.563,159.036,0.9932,0.0160,-0.0248,-0.1122,0.15,0.05,0.054,3.4,96037.5,0.00,0.000,0.000,2
28084,-0.048,0.031,1.001,-0.122,0.244,0.244,-67.353,282.563,159.036,0.9932,0.0159,-0.0249,-0.1123,0.14,0.05,0.030,3.4,96038.9,0.00,0.000,0.000,2
28284,-0.049,0.029,1.002,0.000,0.244,0.244,-67.353,282.563,159.036,0.9932,0.0156,-0.0248,-0.1125,0.07,-0.02,0.039,3.4,96037.5,0.00,0.000,0.000,2
28484,-0.049,0.031,1.004,-0.061,0.366,0.183,-67.353,282.563,159.036,0.9932,0.0161,-0.0260,-0.1122,0.09,0.01,0.059,3.5,96034.0,0.00,0.000,0.000,2
28684,-0.048,0.032,1.004,-0.061,0.305,0.183,-67.353,282.563,159.036,0.9932,0.0166,-0.0259,-0.1119,0.06,-0.00,0.054,3.5,96036.1,0.00,0.000,0.000,2
28884,-0.045,0.031,1.000,-0.061,0.244,0.366,-67.353,282.563,159.036,0.9933,0.0161,-0.0237,-0.1122,0.03,-0.03,0.019,3.3,96037.6,0.00,0.000,0.000,2
29084,-0.047,0.030,1.004,-0.061,0.183,0.122,-67.353,282.563,159.036,0.9932,0.0156,-0.0246,-0.1125,0.01,-0.03,0.058,3.3,96036.8,0.00,0.000,0.000,2
29284,-0.048,0.032,1.003,-0.061,0.366,0.183,-67.353,282.563,159.036,0.9932,0.0161,-0.0260,-0.1120,0.06,0.02,0.050,3.5,96035.4,0.00,0.000,0.000,2
29484,-0.044,0.031,1.006,-0.183,0.305,0.122,-49.629,271.695,159.036,0.9963,0.0093,-0.0219,-0.0826,0.05,0.02,0.071,2.7,96039.6,0.00,0.000,0.000,2
29684,-0.048,0.031,1.002,-0.122,0.305,0.183,-49.629,271.695,159.036,0.9962,0.0087,-0.0262,-0.0824,0.03,0.01,0.040,3.2,96033.3,0.00,0.000,0.000,2
29884,-0.046,0.031,1.001,0.000,0.122,0.244,-49.629,271.695,159.036,0.9963,0.0089,-0.0238,-0.0822,0.07,0.05,0.024,2.9,96036.8,0.00,0.000,0.000,2
30084,-0.051,0.031,1.003,0.000,0.305,0.244,-49.629,271.695,159.036,0.9962,0.0095,-0.0280,-0.0822,0.07,0.05,0.051,3.4,96038.2,0.00,0.000,0.000,2
30284,-0.044,0.031,1.001,-0.061,0.244,0.183,-49.629,271.695,159.036,0.9963,0.0088,-0.0226,-0.0820,0.01,-0.00,0.028,2.8,96038.2,0.00,0.000,0.000,2
30484,-0.048,0.031,1.001,0.000,0.061,0.122,-49.629,271.695,159.036,0.9962,0.0097,-0.0273,-0.0824,0.02,0.02,0.030,3.3,96033.3,0.00,0.000,0.000,2
30684,-0.046,0.031,1.001,-0.122,0.122,0.183,-49.629,271.695,159.036,0.9962,0.0096,-0.0269,-0.0823,0.04,0.04,0.024,3.3,96036.1,0.00,0.000,0.000,2
30884,-0.046,0.031,1.005,-0.061,0.183,0.244,-49.629,271.695,159.036,0.9961,0.0103,-0.0277,-0.0826,0.02,0.02,0.063,3.4,96039.7,0.00,0.000,0.000,2
31084,-0.047,0.033,1.003,-0.122,0.183,0.244,-49.629,271.695,159.036,0.9963,0.0093,-0.0245,-0.0816,-0.01,-0.00,0.049,3.0,96036.1,0.00,0.000,0.000,2
31284,-0.048,0.033,1.002,-0.061,0.183,0.244,-49.629,271.695,159.036,0.9963,0.0096,-0.0265,-0.0816,-0.05,-0.03,0.040,3.2,96036.8,0.00,0.000,0.000,2
31484,-0.047,0.031,1.000,-0.122,0.305,0.183,-49.629,271.695,159.036,0.9963,0.0092,-0.0234,-0.0819,-0.09,-0.05,0.020,2.9,96038.2,0.00,0.000,0.000,2
31684,-0.047,0.031,1.006,-0.122,0.244,0.305,-60.264,268.978,147.676,0.9943,0.0087,-0.0251,-0.1031,-0.08,-0.03,0.073,3.0,96040.3,0.00,0.000,0.000,2
31884,-0.047,0.032,1.000,-0.061,0.366,0.122,-60.264,268.978,147.676,0.9943,0.0088,-0.0248,-0.1029,-0.06,0.01,0.015,3.0,96038.8,0.00,0.000,0.000,2
32084,-0.048,0.030,1.002,-0.061,0.366,0.244,-60.264,268.978,147.676,0.9943,0.0089,-0.0264,-0.1032,-0.05,0.02,0.035,3.2,96037.5,0.00,0.000,0.000,2
32284,-0.047,0.031,1.005,0.000,0.305,0.244,-60.264,268.978,147.676,0.9943,0.0088,-0.0255,-0.1030,-0.02,0.05,0.063,3.1,96036.0,0.00,0.000,0.000,2
32484,-0.047,0.030,1.000,-0.183,0.122,0.244,-60.264,268.978,147.676,0.9943,0.0085,-0.0249,-0.1032,0.01,0.07,0.020,3.0,96040.3,0.00,0.000,0.000,2
32684,-0.047,0.032,1.005,-0.122,0.183,0.244,-60.264,268.978,147.676,0.9943,0.0089,-0.0262,-0.1030,0.02,0.08,0.063,3.2,96040.3,0.00,0.000,0.000,2
32884,-0.047,0.032,1.002,-0.122,0.366,0.183,-60.264,268.978,147.676,0.9943,0.0090,-0.0256,-0.1029,-0.00,0.06,0.039,3.1,96038.2,0.00,0.000,0.000,2
33084,-0.046,0.030,1.004,0.000,0.244,0.244,-60.264,268.978,147.676,0.9943,0.0092,-0.0220,-0.1036,0.02,0.07,0.058,2.7,96038.2,0.00,0.000,0.000,2
33284,-0.048,0.032,1.000,-0.122,0.122,0.183,-60.264,268.978,147.676,0.9943,0.0091,-0.0267,-0.1030,-0.04,0.02,0.016,3.2,96041.0,0.00,0.000,0.000,2
33484,-0.048,0.032,1.001,-0.061,0.244,0.305,-60.264,268.978,147.676,0.9943,0.0089,-0.0265,-0.1030,-0.02,0.04,0.030,3.2,96037.5,0.00,0.000,0.000,2
33684,-0.048,0.029,1.003,-0.061,0.122,0.244,-60.264,268.978,147.676,0.9942,0.0086,-0.0271,-0.1037,0.02,0.08,0.044,3.3,96037.5,0.00,0.000,0.000,2
33884,-0.048,0.030,1.003,-0.061,0.244,0.305,-60.264,268.978,147.676,0.9943,0.0087,-0.0266,-0.1033,0.08,0.11,0.044,3.2,96038.9,0.00,0.000,0.000,2
34084,-0.047,0.030,1.001,-0.061,0.305,0.183,-60.264,268.978,147.676,0.9943,0.0085,-0.0255,-0.1031,0.10,0.12,0.029,3.1,96035.4,0.00,0.000,0.000,2
34284,-0.050,0.031,1.003,0.000,0.305,0.244,-60.264,268.978,147.676,0.9942,0.0089,-0.0275,-0.1032,0.14,0.14,0.045,3.3,96035.4,0.00,0.000,0.000,2
34484,-0.046,0.034,1.001,-0.122,0.305,0.183,-60.264,268.978,147.676,0.9943,0.0101,-0.0264,-0.1025,0.15,0.14,0.030,3.2,96038.9,0.00,0.000,0.000,2
34684,-0.046,0.030,1.005,-0.061,0.183,0.183,-60.264,268.978,147.676,0.9943,0.0086,-0.0247,-0.1031,0.16,0.13,0.063,3.0,96038.9,0.00,0.000,0.000,2
34884,-0.048,0.032,1.001,-0.061,0.122,0.244,-60.264,268.978,147.676,0.9943,0.0088,-0.0247,-0.1030,0.10,0.07,0.025,3.0,96039.7,0.00,0.000,0.000,2
35084,-0.047,0.031,1.001,-0.183,0.122,0.244,-60.264,268.978,147.676,0.9943,0.0088,-0.0257,-0.1030,0.07,0.03,0.025,3.1,96034.0,0.00,0.000,0.000,2
35284,-0.048,0.032,1.002,0.000,0.244,0.183,-60.264,268.978,147.676,0.9943,0.0096,-0.0270,-0.1030,0.03,0.00,0.035,3.3,96043.0,0.00,0.000,0.000,2
35484,-0.047,0.030,1.004,0.061,0.183,0.183,-60.264,268.978,147.676,0.9943,0.0087,-0.0258,-0.1031,-0.01,-0.02,0.058,3.1,96035.4,0.00,0.000,0.000,2
35684,-0.048,0.033,1.003,0.000,0.244,0.366,-60.264,268.978,147.676,0.9942,0.0103,-0.0282,-0.1032,0.05,0.04,0.045,3.4,96035.4,0.00,0.000,0.000,2
35884,-0.048,0.031,1.001,-0.061,0.244,0.183,-67.353,282.563,164.716,0.9937,0.0098,-0.0262,-0.1089,0.09,0.08,0.030,3.2,96034.7,0.00,0.000,0.000,2
36084,-0.047,0.032,1.000,0.000,0.183,0.244,-67.353,282.563,164.716,0.9936,0.0089,-0.0253,-0.1096,0.05,0.04,0.011,3.1,96039.6,0.00,0.000,0.000,2
36284,-0.046,0.031,1.004,0.000,0.244,0.244,-67.353,282.563,164.716,0.9936,0.0090,-0.0242,-0.1096,0.03,0.02,0.058,3.0,96036.8,0.00,0.000,0.000,2
36484,-0.047,0.032,1.003,-0.061,0.244,0.244,-67.353,282.563,164.716,0.9936,0.0093,-0.0234,-0.1098,-0.02,-0.02,0.049,2.9,96039.6,0.00,0.000,0.000,2
36684,-0.047,0.031,1.004,-0.061,0.244,0.183,-67.353,282.563,164.716,0.9936,0.0087,-0.0242,-0.1098,-0.08,-0.06,0.054,3.0,96040.3,0.00,0.000,0.000,2
36884,-0.047,0.029,1.007,-0.122,0.244,0.183,-67.353,282.563,164.716,0.9936,0.0085,-0.0253,-0.1099,-0.09,-0.05,0.087,3.1,96040.3,0.00,0.000,0.000,2
37084,-0.046,0.030,1.004,-0.122,0.244,0.244,-67.353,282.563,164.716,0.9936,0.0087,-0.0250,-0.1096,-0.10,-0.04,0.053,3.0,96039.5,0.00,0.000,0.000,2
37284,-0.047,0.030,1.002,-0.061,0.305,0.305,-67.353,282.563,164.716,0.9936,0.0085,-0.0242,-0.1099,-0.07,-0.00,0.034,2.9,96038.9,0.00,0.000,0.000,2
37484,-0.048,0.031,1.003,-0.061,0.183,0.122,-67.353,282.563,164.716,0.9935,0.0087,-0.0270,-0.1100,-0.02,0.05,0.044,3.3,96034.7,0.00,0.000,0.000,2
37684,-0.047,0.030,1.002,-0.061,0.244,0.183,-67.353,282.563,164.716,0.9936,0.0086,-0.0253,-0.1097,0.02,0.09,0.039,3.1,96038.1,0.00,0.000,0.000,2
37884,-0.046,0.033,1.003,-0.061,0.183,0.183,-67.353,282.563,164.716,0.9937,0.0095,-0.0236,-0.1094,0.07,0.13,0.044,2.9,96038.9,0.00,0.000,0.000,2
38084,-0.046,0.032,1.002,-0.061,0.244,0.244,-74.443,263.544,159.036,0.9911,0.0157,-0.0231,-0.1299,0.08,0.12,0.034,3.2,96036.7,0.00,0.000,0.000,2
38284,-0.049,0.030,1.004,0.000,0.244,0.244,-74.443,263.544,159.036,0.9907,0.0140,-0.0276,-0.1329,0.05,0.08,0.059,3.5,96039.6,0.00,0.000,0.000,2
38484,-0.047,0.032,1.003,-0.061,0.244,0.244,-74.443,263.544,159.036,0.9907,0.0153,-0.0245,-0.1329,-0.06,-0.02,0.044,3.3,96044.0,0.00,0.000,0.000,2
38684,-0.050,0.030,1.005,0.061,0.305,0.305,-74.443,263.544,159.036,0.9906,0.0147,-0.0264,-0.1333,-0.12,-0.06,0.069,3.5,96038.9,0.00,0.000,0.000,2
38884,-0.047,0.030,1.002,0.000,0.183,0.244,-74.443,263.544,159.036,0.9907,0.0149,-0.0247,-0.1330,-0.13,-0.05,0.039,3.3,96039.8,0.00,0.000,0.000,2
39084,-0.046,0.029,1.001,-0.061,0.244,0.183,-74.443,263.544,159.036,0.9907,0.0146,-0.0244,-0.1329,-0.06,0.02,0.024,3.3,96035.4,0.00,0.000,0.000,2
39284,-0.048,0.031,1.001,0.000,0.305,0.183,-74.443,263.544,159.036,0.9907,0.0140,-0.0276,-0.1325,0.02,0.10,0.030,3.5,96034.7,0.00,0.000,0.000,2
39484,-0.049,0.031,1.003,-0.061,0.366,0.183,-74.443,263.544,159.036,0.9907,0.0151,-0.0255,-0.1330,0.05,0.11,0.050,3.4,96039.6,0.00,0.000,0.000,2
39684,-0.048,0.031,1.002,-0.061,0.305,0.183,-74.443,263.544,159.036,0.9907,0.0148,-0.0271,-0.1326,0.10,0.14,0.035,3.5,96034.0,0.00,0.000,0.000,2
39884,-0.047,0.033,1.002,-0.061,0.122,0.244,-74.443,263.544,159.036,0.9907,0.0157,-0.0245,-0.1327,0.11,0.14,0.040,3.3,96036.2,0.00,0.000,0.000,2
40084,-0.048,0.033,1.003,-0.061,0.244,0.244,-74.443,263.544,159.036,0.9907,0.0155,-0.0258,-0.1329,0.07,0.08,0.050,3.5,96042.5,0.00,0.000,0.000,2
40284,-0.047,0.032,1.007,-0.061,0.183,0.183,-74.443,263.544,159.036,0.9907,0.0156,-0.0250,-0.1328,0.04,0.05,0.088,3.4,96038.3,0.00,0.000,0.000,2
40484,-0.048,0.029,1.001,-0.061,0.122,0.244,-74.443,263.544,159.036,0.9906,0.0140,-0.0263,-0.1333,0.02,0.04,0.025,3.4,96038.3,0.00,0.000,0.000,2
40684,-0.047,0.031,1.003,-0.061,0.244,0.122,-74.443,263.544,159.036,0.9907,0.0151,-0.0252,-0.1329,-0.02,0.00,0.049,3.4,96041.0,0.00,0.000,0.000,2
40884,-0.046,0.031,1.000,-0.061,0.122,0.122,-74.443,263.544,159.036,0.9907,0.0151,-0.0249,-0.1332,-0.04,-0.00,0.015,3.3,96038.2,0.00,0.000,0.000,2
41084,-0.048,0.031,1.007,-0.061,0.244,0.305,-74.443,263.544,159.036,0.9907,0.0152,-0.0259,-0.1329,-0.02,0.02,0.083,3.4,96037.6,0.00,0.000,0.000,2
41284,-0.048,0.032,1.007,-0.122,0.183,0.183,-74.443,263.544,159.036,0.9908,0.0146,-0.0239,-0.1324,-0.01,0.03,0.083,3.2,96039.1,0.00,0.000,0.000,2
41484,-0.048,0.031,1.002,-0.061,0.244,0.183,-74.443,263.544,159.036,0.9906,0.0147,-0.0261,-0.1331,-0.02,0.03,0.040,3.4,96039.8,0.00,0.000,0.000,2
41684,-0.047,0.029,1.005,0.000,0.244,0.305,-74.443,263.544,159.036,0.9907,0.0142,-0.0248,-0.1333,0.04,0.08,0.063,3.3,96036.7,0.00,0.000,0.000,2
41884,-0.048,0.029,1.003,-0.183,0.122,0.244,-74.443,263.544,159.036,0.9906,0.0144,-0.0252,-0.1334,0.01,0.05,0.049,3.3,96037.6,0.00,0.000,0.000,2
42084,-0.047,0.030,1.002,-0.061,0.244,0.244,-74.443,263.544,159.036,0.9907,0.0146,-0.0244,-0.1332,-0.01,0.03,0.034,3.3,96041.2,0.00,0.000,0.000,2
42284,-0.049,0.031,1.000,0.000,0.183,0.183,-74.443,263.544,159.036,0.9907,0.0151,-0.0258,-0.1329,0.00,0.04,0.016,3.4,96043.2,0.00,0.000,0.000,2
42484,-0.048,0.030,1.002,-0.061,0.305,0.244,-56.719,266.261,147.676,0.9948,0.0085,-0.0265,-0.0978,-0.04,0.01,0.039,3.2,96037.7,0.00,0.000,0.000,2
42684,-0.049,0.028,1.001,-0.122,0.244,0.305,-56.719,266.261,147.676,0.9948,0.0082,-0.0266,-0.0982,-0.02,0.03,0.030,3.2,96038.3,0.00,0.000,0.000,2
42884,-0.048,0.031,1.003,-0.061,0.183,0.183,-56.719,266.261,147.676,0.9949,0.0087,-0.0261,-0.0975,0.04,0.08,0.049,3.2,96036.2,0.00,0.000,0.000,2
43084,-0.048,0.030,1.001,0.000,0.244,0.244,-56.719,266.261,147.676,0.9948,0.0082,-0.0259,-0.0977,0.03,0.07,0.030,3.1,96040.4,0.00,0.000,0.000,2
43284,-0.048,0.032,1.003,-0.061,0.183,0.244,-56.719,266.261,147.676,0.9949,0.0092,-0.0259,-0.0972,0.06,0.09,0.045,3.2,96036.1,0.00,0.000,0.000,2
43484,-0.048,0.031,1.001,0.000,0.244,0.183,-56.719,266.261,147.676,0.9949,0.0086,-0.0255,-0.0975,0.06,0.09,0.025,3.1,96040.6,0.00,0.000,0.000,2
43684,-0.048,0.029,1.001,-0.061,0.305,0.244,-56.719,266.261,147.676,0.9948,0.0082,-0.0265,-0.0980,0.04,0.07,0.025,3.2,96038.4,0.00,0.000,0.000,2
43884,-0.048,0.031,1.002,0.061,0.183,0.244,-56.719,266.261,147.676,0.9949,0.0091,-0.0226,-0.0980,0.02,0.04,0.035,2.8,96039.8,0.00,0.000,0.000,2
44084,-0.048,0.029,1.002,0.000,0.183,0.183,-56.719,266.261,147.676,0.9948,0.0085,-0.0262,-0.0978,0.05,0.07,0.034,3.2,96037.7,0.00,0.000,0.000,2
44284,-0.047,0.031,1.001,-0.122,0.244,0.183,-56.719,266.261,147.676,0.9949,0.0088,-0.0249,-0.0973,0.09,0.10,0.030,3.0,96038.3,0.00,0.000,0.000,2
44484,-0.049,0.031,1.000,-0.122,0.183,0.183,-56.719,266.261,147.676,0.9948,0.0103,-0.0279,-0.0976,-0.01,0.01,0.016,3.4,96037.0,0.00,0.000,0.000,2
44684,-0.047,0.030,1.001,-0.061,0.305,0.183,-56.719,266.261,147.676,0.9949,0.0085,-0.0250,-0.0977,-0.01,0.01,0.029,3.0,96041.8,0.00,0.000,0.000,2
44884,-0.047,0.032,0.999,-0.061,0.183,0.244,-56.719,266.261,147.676,0.9948,0.0093,-0.0269,-0.0975,-0.06,-0.03,0.001,3.3,96041.2,0.00,0.000,0.000,2
45084,-0.048,0.031,1.000,-0.061,0.122,0.244,-56.719,266.261,147.676,0.9949,0.0090,-0.0263,-0.0974,-0.15,-0.10,0.021,3.2,96040.5,0.00,0.000,0.000,2
45284,-0.047,0.031,1.001,-0.061,0.122,0.183,-56.719,266.261,147.676,0.9949,0.0089,-0.0243,-0.0974,-0.16,-0.08,0.030,3.0,96042.6,0.00,0.000,0.000,2
45484,-0.046,0.031,1.005,0.000,0.183,0.122,-56.719,266.261,147.676,0.9949,0.0087,-0.0243,-0.0974,-0.16,-0.06,0.067,3.0,96046.1,0.00,0.000,0.000,2
45684,-0.047,0.030,1.005,-0.122,0.244,0.183,-56.719,266.261,147.676,0.9949,0.0082,-0.0249,-0.0977,-0.14,-0.02,0.063,3.0,96039.1,0.00,0.000,0.000,2
45884,-0.048,0.031,1.003,-0.122,0.183,0.244,-56.719,266.261,147.676,0.9949,0.0087,-0.0258,-0.0975,-0.06,0.05,0.049,3.1,96045.4,0.00,0.000,0.000,2
46084,-0.047,0.030,1.004,-0.061,0.183,0.122,-56.719,266.261,147.676,0.9949,0.0086,-0.0244,-0.0975,0.00,0.11,0.053,3.0,96037.7,0.00,0.000,0.000,2
46284,-0.047,0.031,1.000,-0.183,0.244,0.305,-56.719,266.261,147.676,0.9949,0.0088,-0.0234,-0.0977,0.09,0.18,0.010,2.9,96037.0,0.00,0.000,0.000,2
46484,-0.048,0.033,1.004,-0.061,0.244,0.244,-56.719,266.261,147.676,0.9949,0.0097,-0.0267,-0.0970,0.13,0.19,0.054,3.3,96036.3,0.00,0.000,0.000,2
46684,-0.048,0.030,1.002,-0.122,0.122,0.244,-60.264,268.978,159.036,0.9944,0.0110,-0.0282,-0.1010,0.19,0.21,0.040,3.5,96035.6,0.00,0.000,0.000,2
46884,-0.049,0.029,1.002,-0.061,0.305,0.244,-60.264,268.978,159.036,0.9943,0.0081,-0.0264,-0.1030,0.22,0.21,0.039,3.2,96037.7,0.00,0.000,0.000,2
47084,-0.048,0.030,1.005,0.000,0.305,0.244,-60.264,268.978,159.036,0.9943,0.0080,-0.0252,-0.1029,0.24,0.20,0.063,3.0,96037.7,0.00,0.000,0.000,2
47284,-0.048,0.031,1.002,-0.061,0.244,0.244,-60.264,268.978,159.036,0.9944,0.0085,-0.0253,-0.1026,0.24,0.17,0.040,3.1,96039.2,0.00,0.000,0.000,2
47484,-0.048,0.032,1.002,0.000,0.183,0.183,-60.264,268.978,159.036,0.9944,0.0088,-0.0257,-0.1025,0.17,0.09,0.040,3.1,96040.0,0.00,0.000,0.000,2
47684,-0.048,0.031,1.004,-0.122,0.244,0.244,-60.264,268.978,159.036,0.9943,0.0084,-0.0257,-0.1027,0.06,-0.02,0.054,3.1,96042.7,0.00,0.000,0.000,2
47884,-0.047,0.031,1.004,-0.122,0.244,0.244,-60.264,268.978,159.036,0.9944,0.0085,-0.0244,-0.1027,-0.00,-0.05,0.058,3.0,96039.1,0.00,0.000,0.000,2
48084,-0.047,0.030,1.002,-0.061,0.244,0.244,-60.264,268.978,159.036,0.9943,0.0084,-0.0258,-0.1028,-0.07,-0.09,0.034,3.1,96042.6,0.00,0.000,0.000,2
48284,-0.048,0.030,1.003,0.000,0.305,0.244,-60.264,268.978,159.036,0.9943,0.0085,-0.0268,-0.1029,-0.05,-0.05,0.049,3.2,96038.3,0.00,0.000,0.000,2
48484,-0.048,0.030,1.002,-0.061,0.244,0.122,-60.264,268.978,159.036,0.9943,0.0082,-0.0256,-0.1028,-0.07,-0.06,0.035,3.1,96040.5,0.00,0.000,0.000,2
48684,-0.047,0.031,1.005,0.000,0.244,0.305,-60.264,268.978,159.036,0.9943,0.0094,-0.0273,-0.1028,-0.13,-0.09,0.063,3.3,96042.6,0.00,0.000,0.000,2
48884,-0.046,0.030,1.005,0.061,0.244,0.305,-74.443,271.695,141.996,0.9918,0.0142,-0.0237,-0.1250,-0.12,-0.06,0.063,3.2,96037.7,0.00,0.000,0.000,2
49084,-0.045,0.032,1.001,-0.061,0.244,0.305,-74.443,271.695,141.996,0.9911,0.0156,-0.0243,-0.1296,-0.07,0.00,0.029,3.3,96039.3,0.00,0.000,0.000,2
49284,-0.049,0.031,1.001,-0.061,0.183,0.183,-74.443,271.695,141.996,0.9911,0.0153,-0.0262,-0.1295,-0.05,0.02,0.031,3.5,96041.3,0.00,0.000,0.000,2
49484,-0.048,0.032,1.004,-0.061,0.122,0.183,-74.443,271.695,141.996,0.9912,0.0154,-0.0241,-0.1294,0.02,0.08,0.054,3.3,96042.8,0.00,0.000,0.000,2
49684,-0.046,0.030,1.002,-0.122,0.122,0.244,-74.443,271.695,141.996,0.9912,0.0145,-0.0244,-0.1293,0.04,0.10,0.034,3.3,96039.8,0.00,0.000,0.000,2
49884,-0.047,0.030,1.004,-0.061,0.305,0.183,-74.443,271.695,141.996,0.9911,0.0149,-0.0249,-0.1297,0.07,0.11,0.054,3.3,96036.4,0.00,0.000,0.000,2
50084,-0.048,0.032,0.999,0.000,0.244,0.244,-74.443,271.695,141.996,0.9912,0.0153,-0.0242,-0.1296,0.14,0.16,0.002,3.3,96035.0,0.00,0.000,0.000,2
50284,-0.047,0.031,1.004,-0.122,0.183,0.183,-74.443,271.695,141.996,0.9911,0.0150,-0.0258,-0.1297,0.20,0.20,0.054,3.4,96035.7,0.00,0.000,0.000,2
50484,-0.046,0.031,1.000,-0.183,0.183,0.305,-74.443,271.695,141.996,0.9911,0.0151,-0.0251,-0.1298,0.17,0.14,0.015,3.4,96040.6,0.00,0.000,0.000,2
50684,-0.045,0.031,1.003,-0.061,0.244,0.183,-74.443,271.695,141.996,0.9911,0.0145,-0.0240,-0.1300,0.13,0.09,0.043,3.2,96037.9,0.00,0.000,0.000,2
50884,-0.049,0.032,1.003,-0.122,0.244,0.244,-74.443,271.695,141.996,0.9911,0.0154,-0.0263,-0.1295,0.12,0.07,0.050,3.5,96040.6,0.00,0.000,0.000,2
51084,-0.047,0.031,1.003,-0.122,0.183,0.122,-56.719,271.695,153.356,0.9951,0.0086,-0.0246,-0.0952,0.12,0.07,0.044,3.0,96037.2,0.00,0.000,0.000,2
51284,-0.047,0.031,0.999,0.000,0.305,0.122,-56.719,271.695,153.356,0.9951,0.0088,-0.0254,-0.0951,0.15,0.10,0.006,3.1,96038.6,0.00,0.000,0.000,2
51484,-0.048,0.030,1.004,-0.061,0.244,0.244,-56.719,271.695,153.356,0.9951,0.0086,-0.0260,-0.0954,0.20,0.13,0.054,3.1,96037.2,0.00,0.000,0.000,2
51684,-0.048,0.032,1.003,-0.061,0.122,0.244,-56.719,271.695,153.356,0.9951,0.0090,-0.0241,-0.0951,0.19,0.11,0.050,3.0,96035.8,0.00,0.000,0.000,2
51884,-0.046,0.029,1.003,-0.061,0.305,0.122,-56.719,271.695,153.356,0.9950,0.0089,-0.0263,-0.0957,0.23,0.13,0.048,3.2,96033.6,0.00,0.000,0.000,2
52084,-0.047,0.030,1.004,0.000,0.244,0.183,-56.719,271.695,153.356,0.9951,0.0085,-0.0248,-0.0955,0.23,0.11,0.058,3.0,96030.9,0.00,0.000,0.000,2
52284,-0.048,0.031,1.005,0.000,0.183,0.122,-56.719,271.695,153.356,0.9951,0.0088,-0.0264,-0.0953,0.18,0.06,0.068,3.2,96035.8,0.00,0.000,0.000,2
52484,-0.047,0.030,1.004,0.000,0.244,0.244,-56.719,271.695,153.356,0.9951,0.0087,-0.0254,-0.0953,0.17,0.05,0.053,3.1,96037.1,0.00,0.000,0.000,2
52684,-0.049,0.030,1.003,-0.061,0.305,0.244,-56.719,271.695,153.356,0.9951,0.0086,-0.0260,-0.0954,0.08,-0.03,0.045,3.1,96039.3,0.00,0.000,0.000,2
52884,-0.050,0.030,1.003,-0.122,0.183,0.305,-56.719,271.695,153.356,0.9950,0.0084,-0.0266,-0.0955,-0.00,-0.08,0.050,3.2,96039.3,0.00,0.000,0.000,2
53084,-0.047,0.030,1.000,-0.122,0.305,0.183,-53.174,274.412,164.716,0.9958,0.0087,-0.0243,-0.0878,0.00,-0.06,0.020,3.0,96034.4,0.00,0.000,0.000,2
53284,-0.049,0.030,1.001,-0.122,0.183,0.366,-53.174,274.412,164.716,0.9958,0.0083,-0.0255,-0.0877,-0.00,-0.04,0.025,3.1,96040.0,0.00,0.000,0.000,2
53484,-0.050,0.031,1.003,-0.122,0.122,0.183,-53.174,274.412,164.716,0.9958,0.0083,-0.0261,-0.0875,-0.01,-0.04,0.045,3.1,96041.4,0.00,0.000,0.000,2
53684,-0.047,0.032,1.003,-0.061,0.183,0.183,-53.174,274.412,164.716,0.9958,0.0095,-0.0264,-0.0875,-0.05,-0.06,0.044,3.2,96039.3,0.00,0.000,0.000,2
53884,-0.049,0.029,1.000,-0.122,0.183,0.244,-53.174,274.412,164.716,0.9957,0.0085,-0.0267,-0.0879,-0.05,-0.04,0.020,3.2,96035.8,0.00,0.000,0.000,2
54084,-0.048,0.031,1.003,-0.061,0.244,0.183,-53.174,274.412,164.716,0.9958,0.0091,-0.0259,-0.0874,-0.02,0.00,0.049,3.1,96035.8,0.00,0.000,0.000,2
54284,-0.047,0.032,1.002,-0.061,0.183,0.183,-53.174,274.412,164.716,0.9958,0.0091,-0.0256,-0.0872,-0.05,-0.02,0.034,3.1,96039.3,0.00,0.000,0.000,2
54484,-0.048,0.031,1.001,-0.122,0.305,0.244,-63.809,266.261,159.036,0.9935,0.0094,-0.0276,-0.1103,-0.09,-0.05,0.025,3.3,96037.2,0.00,0.000,0.000,2
54684,-0.047,0.032,1.005,0.000,0.244,0.183,-63.809,266.261,159.036,0.9935,0.0090,-0.0260,-0.1100,-0.06,-0.01,0.068,3.2,96036.5,0.00,0.000,0.000,2
54884,-0.046,0.033,1.001,-0.122,0.244,0.183,-63.809,266.261,159.036,0.9936,0.0093,-0.0244,-0.1099,-0.08,-0.01,0.025,3.0,96039.3,0.00,0.000,0.000,2
55084,-0.050,0.033,1.005,0.000,0.305,0.183,-51.401,273.054,156.196,0.9960,0.0089,-0.0268,-0.0846,-0.15,-0.06,0.069,3.2,96039.3,0.00,0.000,0.000,2
55284,-0.047,0.031,1.001,-0.122,0.305,0.244,-51.401,273.054,156.196,0.9960,0.0085,-0.0248,-0.0851,-0.16,-0.05,0.029,3.0,96035.7,0.00,0.000,0.000,2
55484,-0.047,0.031,1.005,0.000,0.305,0.244,-51.401,273.054,156.196,0.9960,0.0085,-0.0238,-0.0852,-0.15,-0.02,0.063,2.9,96037.2,0.00,0.000,0.000,2
55684,-0.048,0.030,1.003,-0.122,0.244,0.244,-51.401,273.054,156.196,0.9960,0.0085,-0.0252,-0.0851,-0.13,0.01,0.049,3.0,96037.8,0.00,0.000,0.000,2
55884,-0.048,0.032,1.001,0.000,0.244,0.244,-51.401,273.054,156.196,0.9960,0.0087,-0.0249,-0.0849,-0.12,0.02,0.025,3.0,96040.0,0.00,0.000,0.000,2
56186,-0.050,0.030,1.004,0.000,0.122,0.183,-51.401,273.054,156.196,0.9932,0.0600,-0.0062,-0.0992,-0.10,0.04,0.003,6.9,96041.4,0.00,0.000,0.000,2
56284,-0.048,0.031,1.004,-0.122,0.122,0.183,-54.946,273.054,156.196,0.9953,0.0193,-0.0218,-0.0918,-0.05,0.09,0.053,3.3,96038.6,0.00,0.000,0.000,2
56484,-0.048,0.030,1.004,-0.061,0.183,0.183,-54.946,273.054,156.196,0.9954,0.0085,-0.0258,-0.0917,0.00,0.12,0.058,3.1,96039.4,0.00,0.000,0.000,2
56684,-0.048,0.032,1.004,-0.122,0.183,0.305,-54.946,273.054,156.196,0.9955,0.0087,-0.0245,-0.0914,-0.00,0.11,0.059,3.0,96035.1,0.00,0.000,0.000,2
56884,-0.049,0.030,1.003,-0.061,0.244,0.244,-54.946,273.054,156.196,0.9954,0.0092,-0.0274,-0.0919,0.07,0.16,0.049,3.3,96037.3,0.00,0.000,0.000,2
57084,-0.047,0.031,1.000,-0.122,0.183,0.244,-62.036,267.620,156.196,0.9937,0.0161,-0.0240,-0.1087,0.03,0.11,0.020,3.3,96039.3,0.00,0.000,0.000,2
57284,-0.047,0.033,1.004,-0.061,0.244,0.244,-62.036,267.620,156.196,0.9936,0.0169,-0.0253,-0.1084,-0.01,0.07,0.059,3.5,96038.0,0.00,0.000,0.000,2
57484,-0.048,0.030,1.003,-0.122,0.183,0.244,-62.036,267.620,156.196,0.9936,0.0160,-0.0249,-0.1089,0.01,0.07,0.044,3.4,96040.0,0.00,0.000,0.000,2
57684,-0.045,0.033,1.003,-0.122,0.244,0.183,-62.036,267.620,156.196,0.9937,0.0162,-0.0233,-0.1086,0.04,0.09,0.044,3.3,96039.5,0.00,0.000,0.000,2
57884,-0.049,0.031,1.003,0.000,0.244,0.305,-62.036,267.620,156.196,0.9936,0.0162,-0.0266,-0.1085,0.08,0.12,0.045,3.6,96036.5,0.00,0.000,0.000,2
58084,-0.046,0.029,1.001,-0.061,0.305,0.183,-62.036,267.620,156.196,0.9937,0.0156,-0.0230,-0.1088,0.10,0.12,0.029,3.2,96039.4,0.00,0.000,0.000,2
58284,-0.046,0.032,0.998,0.000,0.183,0.183,-62.036,267.620,156.196,0.9936,0.0159,-0.0236,-0.1089,0.11,0.13,-0.004,3.3,96033.8,0.00,0.000,0.000,2
58484,-0.046,0.030,1.003,-0.061,0.183,0.244,-62.036,267.620,156.196,0.9937,0.0154,-0.0219,-0.1087,0.15,0.14,0.048,3.1,96035.2,0.00,0.000,0.000,2
58684,-0.049,0.030,1.001,-0.061,0.305,0.183,-62.036,267.620,156.196,0.9936,0.0160,-0.0246,-0.1090,0.14,0.12,0.025,3.4,96037.3,0.00,0.000,0.000,2
58884,-0.049,0.030,1.003,-0.061,0.183,0.244,-62.036,267.620,156.196,0.9936,0.0156,-0.0261,-0.1090,0.17,0.13,0.045,3.5,96038.1,0.00,0.000,0.000,2
59084,-0.045,0.030,1.004,-0.122,0.305,0.244,-47.856,259.469,173.235,0.9961,0.0084,-0.0214,-0.0850,0.13,0.08,0.052,2.6,96038.0,0.00,0.000,0.000,2
59284,-0.048,0.030,1.002,-0.061,0.244,0.183,-47.856,259.469,173.235,0.9963,0.0083,-0.0250,-0.0823,0.12,0.06,0.039,3.0,96035.9,0.00,0.000,0.000,2
59484,-0.047,0.031,1.004,0.000,0.244,0.183,-47.856,259.469,173.235,0.9963,0.0086,-0.0255,-0.0820,0.06,0.02,0.058,3.1,96041.6,0.00,0.000,0.000,2
59684,-0.047,0.032,1.006,-0.061,0.305,0.244,-47.856,259.469,173.235,0.9963,0.0089,-0.0233,-0.0820,0.04,0.01,0.077,2.9,96037.4,0.00,0.000,0.000,2
59884,-0.049,0.032,1.002,-0.061,0.244,0.122,-47.856,259.469,173.235,0.9962,0.0093,-0.0273,-0.0820,0.01,-0.01,0.035,3.3,96036.7,0.00,0.000,0.000,2
60084,-0.047,0.033,1.002,-0.122,0.183,0.244,-47.856,259.469,173.235,0.9963,0.0093,-0.0251,-0.0815,0.01,-0.00,0.039,3.1,96036.7,0.00,0.000,0.000,2
60284,-0.047,0.032,1.007,0.000,0.305,0.122,-47.856,259.469,173.235,0.9963,0.0090,-0.0235,-0.0818,0.01,0.00,0.082,2.9,96040.1,0.00,0.000,0.000,2
60484,-0.048,0.031,1.004,-0.061,0.305,0.183,-47.856,259.469,173.235,0.9963,0.0085,-0.0248,-0.0820,-0.06,-0.05,0.054,3.0,96042.1,0.00,0.000,0.000,2
60684,-0.048,0.029,1.004,0.000,0.244,0.244,-47.856,259.469,173.235,0.9962,0.0086,-0.0260,-0.0824,-0.09,-0.05,0.053,3.1,96040.2,0.00,0.000,0.000,2
60884,-0.047,0.029,1.004,-0.061,0.305,0.244,-47.856,259.469,173.235,0.9963,0.0089,-0.0240,-0.0821,-0.12,-0.06,0.053,2.9,96040.1,0.00,0.000,0.000,2
61084,-0.048,0.031,1.001,-0.061,0.183,0.122,-47.856,259.469,173.235,0.9963,0.0091,-0.0261,-0.0819,-0.09,-0.02,0.030,3.2,96038.8,0.00,0.000,0.000,2
61284,-0.048,0.031,1.003,-0.244,0.244,0.244,-58.491,270.337,156.196,0.9944,0.0165,-0.0249,-0.1012,-0.01,0.06,0.045,3.4,96036.5,0.00,0.000,0.000,2
61484,-0.047,0.031,1.000,-0.061,0.244,0.122,-58.491,270.337,156.196,0.9944,0.0163,-0.0240,-0.1013,0.02,0.08,0.020,3.3,96037.3,0.00,0.000,0.000,2
61684,-0.048,0.033,1.000,-0.122,0.183,0.244,-58.491,270.337,156.196,0.9944,0.0164,-0.0264,-0.1009,0.05,0.10,0.016,3.6,96035.3,0.00,0.000,0.000,2
61884,-0.048,0.030,1.004,-0.061,0.244,0.183,-58.491,270.337,156.196,0.9944,0.0163,-0.0248,-0.1014,-0.00,0.05,0.054,3.4,96038.8,0.00,0.000,0.000,2
62084,-0.049,0.030,1.003,-0.061,0.305,0.305,-58.491,270.337,156.196,0.9944,0.0163,-0.0255,-0.1015,0.04,0.09,0.050,3.5,96036.7,0.00,0.000,0.000,2
62284,-0.046,0.030,1.001,0.000,0.183,0.183,-58.491,270.337,156.196,0.9944,0.0165,-0.0245,-0.1012,0.04,0.08,0.024,3.4,96039.5,0.00,0.000,0.000,2
62484,-0.048,0.031,1.002,-0.122,0.122,0.244,-58.491,270.337,156.196,0.9944,0.0163,-0.0263,-0.1012,0.07,0.10,0.040,3.5,96040.9,0.00,0.000,0.000,2
62684,-0.047,0.033,0.999,0.000,0.183,0.305,-58.491,270.337,156.196,0.9945,0.0167,-0.0230,-0.1008,-0.00,0.03,0.002,3.3,96043.7,0.00,0.000,0.000,2
62884,-0.047,0.031,1.004,-0.122,0.305,0.305,-58.491,270.337,156.196,0.9944,0.0166,-0.0246,-0.1012,0.01,0.04,0.054,3.4,96039.5,0.00,0.000,0.000,2
63084,-0.048,0.031,1.004,-0.122,0.305,0.183,-58.491,270.337,156.196,0.9944,0.0166,-0.0248,-0.1012,0.03,0.06,0.054,3.4,96038.1,0.00,0.000,0.000,2
63284,-0.047,0.032,1.004,-0.122,0.244,0.183,-58.491,270.337,156.196,0.9944,0.0165,-0.0242,-0.1012,0.04,0.07,0.054,3.4,96039.5,0.00,0.000,0.000,2
63484,-0.047,0.030,1.002,-0.061,0.305,0.183,-70.898,271.695,164.716,0.9924,0.0086,-0.0247,-0.1205,0.07,0.09,0.039,3.0,96039.5,0.00,0.000,0.000,2
63684,-0.047,0.030,1.003,-0.122,0.305,0.305,-70.898,271.695,164.716,0.9924,0.0084,-0.0251,-0.1206,0.10,0.11,0.048,3.0,96035.3,0.00,0.000,0.000,2
63884,-0.046,0.031,1.001,0.000,0.183,0.244,-70.898,271.695,164.716,0.9924,0.0087,-0.0239,-0.1207,0.07,0.07,0.024,2.9,96040.2,0.00,0.000,0.000,2
64084,-0.047,0.029,1.005,-0.061,0.244,0.183,-70.898,271.695,164.716,0.9923,0.0080,-0.0256,-0.1208,0.07,0.07,0.063,3.1,96036.7,0.00,0.000,0.000,2
64284,-0.047,0.031,1.001,-0.061,0.183,0.305,-70.898,271.695,164.716,0.9923,0.0088,-0.0265,-0.1206,0.09,0.08,0.025,3.2,96033.2,0.00,0.000,0.000,2
64484,-0.047,0.031,1.003,-0.122,0.244,0.183,-70.898,271.695,164.716,0.9924,0.0089,-0.0241,-0.1207,0.07,0.06,0.044,2.9,96036.0,0.00,0.000,0.000,2
64684,-0.049,0.030,1.003,-0.061,0.183,0.183,-70.898,271.695,164.716,0.9923,0.0085,-0.0265,-0.1206,0.13,0.11,0.045,3.2,96040.3,0.00,0.000,0.000,2
64884,-0.048,0.031,1.003,-0.183,0.122,0.244,-70.898,271.695,164.716,0.9923,0.0087,-0.0259,-0.1205,0.09,0.07,0.044,3.1,96040.2,0.00,0.000,0.000,2
65084,-0.049,0.030,1.001,-0.061,0.244,0.244,-70.898,271.695,164.716,0.9923,0.0085,-0.0267,-0.1207,0.11,0.08,0.030,3.2,96040.3,0.00,0.000,0.000,2
65284,-0.048,0.032,1.001,0.000,0.305,0.244,-70.898,271.695,164.716,0.9923,0.0092,-0.0269,-0.1204,0.14,0.10,0.030,3.3,96036.7,0.00,0.000,0.000,2
65484,-0.048,0.030,1.002,-0.061,0.305,0.122,-65.581,267.620,161.876,0.9931,0.0079,-0.0246,-0.1140,0.10,0.05,0.039,3.0,96039.5,0.00,0.000,0.000,2
65684,-0.049,0.030,1.001,-0.061,0.183,0.183,-65.581,267.620,161.876,0.9932,0.0085,-0.0260,-0.1128,0.12,0.07,0.030,3.1,96036.0,0.00,0.000,0.000,2
65884,-0.047,0.030,1.007,-0.061,0.305,0.183,-65.581,267.620,161.876,0.9932,0.0081,-0.0253,-0.1131,0.05,0.01,0.082,3.0,96038.1,0.00,0.000,0.000,2
66084,-0.047,0.029,1.002,-0.122,0.244,0.122,-65.581,267.620,161.876,0.9932,0.0081,-0.0249,-0.1130,0.03,-0.01,0.039,3.0,96036.0,0.00,0.000,0.000,2
66284,-0.047,0.029,1.004,-0.061,0.183,0.183,-65.581,267.620,161.876,0.9932,0.0083,-0.0257,-0.1130,0.01,-0.01,0.058,3.1,96041.6,0.00,0.000,0.000,2
66484,-0.047,0.029,1.002,0.000,0.122,0.183,-65.581,267.620,161.876,0.9932,0.0083,-0.0251,-0.1130,-0.05,-0.05,0.034,3.0,96038.1,0.00,0.000,0.000,2
66684,-0.047,0.030,1.002,-0.061,0.244,0.183,-65.581,267.620,161.876,0.9933,0.0081,-0.0245,-0.1131,-0.03,-0.02,0.039,3.0,96039.0,0.00,0.000,0.000,2
66884,-0.047,0.030,1.003,-0.061,0.305,0.244,-65.581,267.620,161.876,0.9933,0.0086,-0.0257,-0.1128,0.05,0.06,0.049,3.1,96038.2,0.00,0.000,0.000,2
67084,-0.049,0.030,1.004,-0.061,0.183,0.244,-65.581,267.620,161.876,0.9932,0.0083,-0.0260,-0.1129,0.02,0.03,0.059,3.1,96044.6,0.00,0.000,0.000,2
67284,-0.049,0.033,1.003,0.000,0.183,0.183,-65.581,267.620,161.876,0.9932,0.0101,-0.0279,-0.1126,0.00,0.02,0.050,3.4,96043.8,0.00,0.000,0.000,2
67484,-0.049,0.032,1.004,-0.122,0.305,0.183,-65.581,267.620,161.876,0.9933,0.0091,-0.0261,-0.1126,-0.08,-0.05,0.059,3.2,96043.8,0.00,0.000,0.000,2
67684,-0.047,0.032,1.002,-0.061,0.244,0.183,-65.581,267.620,161.876,0.9933,0.0090,-0.0256,-0.1126,-0.05,-0.01,0.040,3.1,96037.4,0.00,0.000,0.000,2
67884,-0.049,0.032,1.003,-0.061,0.305,0.244,-65.581,267.620,161.876,0.9931,0.0097,-0.0285,-0.1132,-0.05,0.01,0.050,3.4,96038.3,0.00,0.000,0.000,2
68084,-0.048,0.031,1.002,-0.061,0.244,0.122,-65.581,267.620,161.876,0.9932,0.0092,-0.0270,-0.1127,-0.04,0.02,0.035,3.3,96039.7,0.00,0.000,0.000,2
68284,-0.046,0.030,1.004,0.000,0.366,0.183,-65.581,267.620,161.876,0.9933,0.0082,-0.0243,-0.1130,0.05,0.10,0.053,2.9,96034.0,0.00,0.000,0.000,2
68484,-0.045,0.030,1.003,0.000,0.183,0.244,-65.581,267.620,161.876,0.9933,0.0084,-0.0241,-0.1129,0.08,0.11,0.048,2.9,96041.8,0.00,0.000,0.000,2
68684,-0.048,0.033,1.001,0.061,0.183,0.183,-65.581,267.620,161.876,0.9933,0.0094,-0.0265,-0.1125,0.10,0.12,0.030,3.2,96038.3,0.00,0.000,0.000,2
68884,-0.046,0.030,1.006,-0.061,0.183,0.244,-65.581,267.620,161.876,0.9933,0.0085,-0.0250,-0.1128,0.11,0.12,0.072,3.0,96036.2,0.00,0.000,0.000,2
69084,-0.049,0.033,1.002,-0.122,0.244,0.122,-65.581,267.620,161.876,0.9932,0.0096,-0.0273,-0.1124,0.14,0.13,0.041,3.3,96035.5,0.00,0.000,0.000,2
69284,-0.047,0.032,1.004,-0.061,0.244,0.183,-65.581,267.620,161.876,0.9933,0.0095,-0.0235,-0.1126,0.15,0.12,0.054,2.9,96038.3,0.00,0.000,0.000,2
69484,-0.048,0.034,1.000,-0.061,0.183,0.244,-65.581,267.620,161.876,0.9932,0.0104,-0.0277,-0.1125,0.12,0.08,0.012,3.4,96038.4,0.00,0.000,0.000,2
69684,-0.049,0.032,1.000,-0.122,0.305,0.183,-62.036,273.054,122.117,0.9939,0.0094,-0.0271,-0.1061,0.08,0.05,0.016,3.3,96042.7,0.00,0.000,0.000,2
69884,-0.047,0.032,1.000,0.000,0.244,0.244,-62.036,273.054,122.117,0.9941,0.0094,-0.0244,-0.1056,0.09,0.05,0.021,3.0,96037.0,0.00,0.000,0.000,2
70084,-0.048,0.029,1.004,-0.122,0.305,0.122,-62.036,273.054,122.117,0.9940,0.0085,-0.0252,-0.1058,0.07,0.03,0.053,3.0,96038.3,0.00,0.000,0.000,2
70284,-0.050,0.031,1.003,-0.122,0.305,0.244,-62.036,273.054,122.117,0.9940,0.0094,-0.0276,-0.1057,0.10,0.06,0.050,3.3,96035.5,0.00,0.000,0.000,2
70484,-0.046,0.031,1.004,-0.061,0.366,0.244,-62.036,273.054,122.117,0.9941,0.0098,-0.0222,-0.1059,0.08,0.05,0.058,2.8,96038.3,0.00,0.000,0.000,2
70684,-0.046,0.032,1.004,-0.061,0.305,0.244,-62.036,273.054,122.117,0.9941,0.0091,-0.0241,-0.1056,0.11,0.07,0.058,3.0,96036.9,0.00,0.000,0.000,2
70884,-0.049,0.033,1.000,-0.122,0.244,0.183,-62.036,273.054,122.117,0.9940,0.0104,-0.0279,-0.1054,0.11,0.06,0.017,3.4,96037.6,0.00,0.000,0.000,2
71084,-0.044,0.031,1.005,-0.061,0.305,0.244,-62.036,273.054,122.117,0.9940,0.0117,-0.0257,-0.1061,0.13,0.08,0.067,3.2,96031.2,0.00,0.000,0.000,2
71284,-0.048,0.030,1.006,-0.061,0.122,0.183,-62.036,273.054,122.117,0.9940,0.0088,-0.0253,-0.1057,0.15,0.09,0.077,3.1,96039.0,0.00,0.000,0.000,2
71484,-0.048,0.029,1.003,0.000,0.244,0.244,-62.036,273.054,122.117,0.9940,0.0081,-0.0253,-0.1060,0.17,0.10,0.044,3.0,96035.5,0.00,0.000,0.000,2
71684,-0.045,0.030,1.006,-0.061,0.244,0.183,-67.353,266.261,153.356,0.9934,0.0152,-0.0225,-0.1116,0.16,0.08,0.072,3.1,96036.2,0.00,0.000,0.000,2
71884,-0.047,0.031,1.002,-0.061,0.183,0.183,-67.353,266.261,153.356,0.9925,0.0159,-0.0245,-0.1190,0.17,0.08,0.035,3.3,96035.6,0.00,0.000,0.000,2
72084,-0.050,0.032,1.000,-0.122,0.244,0.183,-67.353,266.261,153.356,0.9924,0.0160,-0.0264,-0.1191,0.15,0.06,0.017,3.5,96034.3,0.00,0.000,0.000,2
72284,-0.047,0.032,0.999,0.061,0.183,0.244,-67.353,266.261,153.356,0.9924,0.0161,-0.0253,-0.1190,0.08,-0.00,0.002,3.4,96040.6,0.00,0.000,0.000,2
72484,-0.055,0.028,1.002,-0.183,0.183,0.244,-67.353,266.261,153.356,0.9923,0.0138,-0.0296,-0.1195,0.06,-0.02,0.038,3.7,96035.7,0.00,0.000,0.000,2
72684,-0.047,0.029,1.003,-0.061,0.122,0.244,-67.353,266.261,153.356,0.9925,0.0144,-0.0231,-0.1189,0.06,-0.00,0.044,3.1,96031.5,0.00,0.000,0.000,2
72884,-0.043,0.033,1.007,-0.061,0.244,0.183,-67.353,266.261,153.356,0.9926,0.0157,-0.0223,-0.1186,0.11,0.05,0.081,3.1,96033.7,0.00,0.000,0.000,2
73084,-0.048,0.029,1.003,-0.183,0.122,0.183,-67.353,266.261,153.356,0.9924,0.0152,-0.0260,-0.1192,0.05,0.01,0.044,3.5,96039.9,0.00,0.000,0.000,2
73284,-0.052,0.030,1.002,-0.061,0.122,0.244,-67.353,266.261,153.356,0.9923,0.0153,-0.0274,-0.1194,-0.02,-0.05,0.036,3.6,96036.4,0.00,0.000,0.000,2
73484,-0.047,0.029,1.001,-0.122,0.183,0.244,-67.353,266.261,153.356,0.9928,0.0096,-0.0223,-0.1173,-0.07,-0.08,0.029,2.8,96040.0,0.00,0.000,0.000,2
73684,-0.046,0.035,1.004,-0.061,0.000,0.244,-67.353,266.261,153.356,0.9928,0.0111,-0.0255,-0.1164,-0.11,-0.09,0.059,3.2,96040.8,0.00,0.000,0.000,2
73884,-0.047,0.030,1.002,-0.122,0.244,0.183,-67.353,266.261,153.356,0.9928,0.0086,-0.0261,-0.1170,-0.08,-0.04,0.034,3.1,96035.1,0.00,0.000,0.000,2
74084,-0.049,0.030,1.003,-0.183,0.244,0.305,-67.353,266.261,153.356,0.9925,0.0130,-0.0256,-0.1192,-0.07,-0.02,0.045,3.3,96037.3,0.00,0.000,0.000,2
74284,-0.048,0.032,1.003,0.000,0.183,0.244,-67.353,266.261,153.356,0.9925,0.0147,-0.0275,-0.1185,-0.01,0.04,0.045,3.6,96038.0,0.00,0.000,0.000,2
74484,-0.046,0.031,1.005,0.000,0.244,0.183,-67.353,266.261,153.356,0.9928,0.0089,-0.0244,-0.1169,0.02,0.07,0.068,3.0,96038.0,0.00,0.000,0.000,2
74684,-0.052,0.034,1.002,-0.122,0.183,0.122,-67.353,266.261,153.356,0.9927,0.0099,-0.0279,-0.1167,0.06,0.10,0.042,3.4,96034.5,0.00,0.000,0.000,2
74884,-0.052,0.031,1.003,-0.061,0.366,0.244,-67.353,266.261,153.356,0.9926,0.0113,-0.0285,-0.1177,0.06,0.09,0.047,3.5,96038.0,0.00,0.000,0.000,2
75084,-0.048,0.030,1.001,-0.122,0.366,0.244,-67.353,266.261,153.356,0.9928,0.0086,-0.0262,-0.1169,0.07,0.09,0.025,3.2,96038.6,0.00,0.000,0.000,2
75284,-0.044,0.032,1.001,0.000,0.244,0.244,-67.353,266.261,153.356,0.9927,0.0126,-0.0211,-0.1178,0.01,0.04,0.029,2.8,96037.9,0.00,0.000,0.000,2
75484,-0.048,0.028,1.007,-0.122,0.366,0.122,-67.353,266.261,153.356,0.9927,0.0093,-0.0275,-0.1175,0.02,0.04,0.087,3.3,96034.3,0.00,0.000,0.000,2
75684,-0.041,0.021,1.006,-0.122,0.122,0.183,-67.353,266.261,153.356,0.9929,0.0054,-0.0207,-0.1174,-0.03,0.00,0.072,2.5,96036.5,0.00,0.000,0.000,2
75884,-0.038,0.031,1.007,0.122,-0.061,0.244,-54.946,270.337,144.836,0.9953,0.0139,-0.0223,-0.0937,-0.02,0.02,0.083,3.0,96038.7,0.00,0.000,0.000,2
76084,-0.050,0.030,1.002,-0.061,0.244,0.122,-54.946,270.337,144.836,0.9953,0.0101,-0.0222,-0.0938,-0.01,0.03,0.035,2.8,96036.6,0.00,0.000,0.000,2
76284,-0.045,0.030,1.005,-0.061,0.244,0.244,-54.946,270.337,144.836,0.9953,0.0090,-0.0224,-0.0934,0.03,0.07,0.062,2.8,96034.5,0.00,0.000,0.000,2
76484,-0.052,0.030,1.002,-0.061,0.244,0.305,-54.946,270.337,144.836,0.9951,0.0115,-0.0304,-0.0936,0.02,0.06,0.042,3.7,96035.2,0.00,0.000,0.000,2
76684,-0.053,0.031,1.002,-0.061,0.244,0.244,-54.946,270.337,144.836,0.9951,0.0102,-0.0294,-0.0934,0.04,0.08,0.037,3.6,96033.1,0.00,0.000,0.000,2
76884,-0.046,0.029,1.003,0.000,0.244,0.122,-54.946,270.337,144.836,0.9952,0.0136,-0.0208,-0.0948,0.04,0.07,0.048,2.8,96040.3,0.00,0.000,0.000,2
77084,-0.050,0.030,1.003,-0.061,0.183,0.183,-54.946,270.337,144.836,0.9949,0.0160,-0.0265,-0.0956,0.02,0.05,0.050,3.5,96038.8,0.00,0.000,0.000,2
77284,-0.049,0.029,1.004,-0.122,0.305,0.305,-54.946,270.337,144.836,0.9950,0.0160,-0.0268,-0.0953,0.07,0.09,0.054,3.6,96038.1,0.00,0.000,0.000,2
77484,-0.047,0.032,1.004,-0.061,0.244,0.244,-54.946,270.337,144.836,0.9950,0.0166,-0.0248,-0.0951,0.12,0.12,0.059,3.4,96033.2,0.00,0.000,0.000,2
77684,-0.047,0.033,1.003,0.000,0.183,0.305,-54.946,270.337,144.836,0.9950,0.0164,-0.0251,-0.0951,0.10,0.09,0.045,3.4,96036.6,0.00,0.000,0.000,2
77884,-0.045,0.032,1.004,-0.061,0.183,0.183,-67.353,274.412,159.036,0.9933,0.0109,-0.0216,-0.1134,0.05,0.04,0.053,2.8,96043.6,0.00,0.000,0.000,2
78084,-0.048,0.031,1.006,0.000,0.183,0.183,-67.353,274.412,159.036,0.9932,0.0092,-0.0237,-0.1133,0.09,0.08,0.073,2.9,96032.4,0.00,0.000,0.000,2
78284,-0.049,0.032,1.001,0.000,0.244,0.183,-67.353,274.412,159.036,0.9932,0.0090,-0.0258,-0.1131,0.11,0.09,0.031,3.1,96038.0,0.00,0.000,0.000,2
78484,-0.049,0.032,1.003,-0.122,0.244,0.244,-67.353,274.412,159.036,0.9931,0.0106,-0.0287,-0.1135,0.10,0.07,0.045,3.5,96035.2,0.00,0.000,0.000,2
78684,-0.048,0.030,1.004,-0.061,0.183,0.244,-67.353,274.412,159.036,0.9931,0.0090,-0.0275,-0.1137,0.12,0.09,0.054,3.3,96034.5,0.00,0.000,0.000,2
78884,-0.047,0.031,1.000,-0.061,0.305,0.244,-67.353,274.412,159.036,0.9932,0.0090,-0.0236,-0.1135,0.08,0.05,0.020,2.9,96038.7,0.00,0.000,0.000,2
79084,-0.048,0.033,1.002,-0.183,0.183,0.244,-67.353,274.412,159.036,0.9931,0.0139,-0.0219,-0.1144,-0.01,-0.03,0.035,3.0,96038.6,0.00,0.000,0.000,2
79284,-0.047,0.029,1.003,0.000,0.183,0.244,-67.353,274.412,159.036,0.9929,0.0156,-0.0254,-0.1156,0.00,-0.01,0.048,3.4,96032.4,0.00,0.000,0.000,2
79484,-0.049,0.031,1.000,-0.122,0.244,0.305,-67.353,274.412,159.036,0.9929,0.0156,-0.0246,-0.1156,-0.06,-0.05,0.021,3.3,96035.8,0.00,0.000,0.000,2
79684,-0.049,0.032,1.000,-0.061,0.122,0.305,-67.353,274.412,159.036,0.9929,0.0158,-0.0238,-0.1152,-0.09,-0.06,0.021,3.3,96040.2,0.00,0.000,0.000,2
79884,-0.046,0.031,1.003,-0.122,0.305,0.305,-72.671,267.620,144.836,0.9925,0.0144,-0.0245,-0.1187,-0.08,-0.03,0.049,3.3,96037.9,0.00,0.000,0.000,2
80084,-0.048,0.033,1.005,-0.122,0.305,0.122,-72.671,267.620,144.836,0.9915,0.0108,-0.0278,-0.1264,-0.07,-0.01,0.069,3.4,96035.8,0.00,0.000,0.000,2
80284,-0.049,0.031,1.002,-0.122,0.244,0.244,-72.671,267.620,144.836,0.9916,0.0090,-0.0272,-0.1263,-0.07,0.00,0.040,3.3,96035.9,0.00,0.000,0.000,2
80484,-0.046,0.031,1.000,0.000,0.244,0.183,-72.671,267.620,144.836,0.9916,0.0102,-0.0226,-0.1266,-0.07,0.01,0.015,2.8,96036.5,0.00,0.000,0.000,2
80684,-0.046,0.031,1.005,0.000,0.244,0.183,-72.671,267.620,144.836,0.9916,0.0094,-0.0234,-0.1265,-0.04,0.04,0.063,2.9,96038.6,0.00,0.000,0.000,2
80884,-0.048,0.032,1.000,-0.061,0.244,0.183,-72.671,267.620,144.836,0.9916,0.0095,-0.0266,-0.1261,-0.07,0.02,0.016,3.2,96038.6,0.00,0.000,0.000,2
81084,-0.048,0.033,1.005,-0.183,0.244,0.305,-72.671,267.620,144.836,0.9917,0.0096,-0.0256,-0.1260,-0.09,0.00,0.069,3.1,96038.7,0.00,0.000,0.000,2
81284,-0.048,0.030,1.002,-0.061,0.244,0.244,-72.671,267.620,144.836,0.9916,0.0085,-0.0259,-0.1264,-0.07,0.03,0.035,3.1,96040.8,0.00,0.000,0.000,2
81484,-0.046,0.030,1.003,0.000,0.183,0.244,-72.671,267.620,144.836,0.9916,0.0092,-0.0264,-0.1264,-0.06,0.04,0.044,3.2,96040.8,0.00,0.000,0.000,2
81684,-0.047,0.033,1.002,-0.061,0.183,0.183,-72.671,267.620,144.836,0.9917,0.0102,-0.0243,-0.1261,-0.08,0.02,0.035,3.0,96040.7,0.00,0.000,0.000,2
81884,-0.047,0.029,1.005,-0.061,0.183,0.244,-72.671,267.620,144.836,0.9916,0.0082,-0.0252,-0.1265,-0.09,0.02,0.063,3.0,96036.6,0.00,0.000,0.000,2
82084,-0.048,0.030,1.003,-0.061,0.244,0.244,-65.581,267.620,144.836,0.9932,0.0089,-0.0262,-0.1135,-0.05,0.06,0.049,3.2,96040.8,0.00,0.000,0.000,2
82284,-0.046,0.032,1.003,-0.061,0.183,0.183,-65.581,267.620,144.836,0.9932,0.0091,-0.0251,-0.1132,-0.05,0.05,0.048,3.1,96040.0,0.00,0.000,0.000,2
82484,-0.048,0.032,1.003,0.000,0.061,0.183,-65.581,267.620,144.836,0.9932,0.0089,-0.0257,-0.1134,-0.03,0.07,0.045,3.1,96037.1,0.00,0.000,0.000,2
82684,-0.048,0.027,1.003,-0.122,0.305,0.183,-65.581,267.620,144.836,0.9931,0.0082,-0.0259,-0.1137,-0.06,0.03,0.048,3.1,96043.6,0.00,0.000,0.000,2
82884,-0.048,0.030,1.002,-0.061,0.183,0.244,-65.581,267.620,144.836,0.9932,0.0085,-0.0255,-0.1136,-0.08,0.03,0.035,3.1,96038.7,0.00,0.000,0.000,2
83084,-0.048,0.032,1.003,-0.061,0.183,0.183,-65.581,267.620,144.836,0.9931,0.0104,-0.0281,-0.1136,-0.05,0.05,0.050,3.4,96035.9,0.00,0.000,0.000,2
83284,-0.048,0.032,1.004,-0.061,0.183,0.183,-65.581,267.620,144.836,0.9932,0.0090,-0.0260,-0.1133,0.01,0.10,0.054,3.1,96043.5,0.00,0.000,0.000,2
83484,-0.048,0.032,1.000,-0.061,0.183,0.244,-65.581,267.620,144.836,0.9932,0.0095,-0.0268,-0.1132,0.04,0.12,0.021,3.3,96035.8,0.00,0.000,0.000,2
83684,-0.046,0.030,1.004,-0.061,0.244,0.244,-65.581,267.620,144.836,0.9932,0.0086,-0.0243,-0.1135,0.07,0.13,0.053,3.0,96037.3,0.00,0.000,0.000,2
83884,-0.048,0.032,1.002,-0.061,0.183,0.244,-65.581,267.620,144.836,0.9931,0.0099,-0.0281,-0.1136,0.11,0.15,0.040,3.4,96034.5,0.00,0.000,0.000,2
84084,-0.046,0.031,1.002,0.000,0.244,0.183,-65.581,267.620,167.556,0.9930,0.0155,-0.0237,-0.1149,0.14,0.16,0.034,3.2,96036.6,0.00,0.000,0.000,2
84284,-0.048,0.032,1.002,0.000,0.183,0.122,-65.581,267.620,167.556,0.9930,0.0162,-0.0251,-0.1146,0.14,0.14,0.040,3.4,96037.9,0.00,0.000,0.000,2
84484,-0.047,0.032,1.003,0.000,0.244,0.122,-65.581,267.620,167.556,0.9930,0.0168,-0.0243,-0.1144,0.15,0.13,0.049,3.4,96035.9,0.00,0.000,0.000,2
84684,-0.047,0.031,1.005,-0.122,0.244,0.183,-65.581,267.620,167.556,0.9929,0.0158,-0.0243,-0.1149,0.14,0.11,0.063,3.3,96037.3,0.00,0.000,0.000,2
84884,-0.046,0.033,1.000,0.000,0.244,0.183,-65.581,267.620,167.556,0.9930,0.0160,-0.0252,-0.1146,0.13,0.10,0.011,3.4,96035.1,0.00,0.000,0.000,2
85084,-0.049,0.032,1.001,-0.122,0.244,0.183,-65.581,267.620,167.556,0.9929,0.0157,-0.0260,-0.1150,0.05,0.01,0.031,3.5,96040.0,0.00,0.000,0.000,2
85284,-0.048,0.032,1.000,-0.061,0.183,0.122,-65.581,267.620,167.556,0.9929,0.0159,-0.0257,-0.1148,0.07,0.04,0.021,3.5,96040.0,0.00,0.000,0.000,2
85484,-0.045,0.034,1.002,-0.061,0.244,0.183,-65.581,267.620,167.556,0.9930,0.0167,-0.0233,-0.1142,0.03,0.01,0.035,3.3,96041.6,0.00,0.000,0.000,2
85684,-0.048,0.029,1.001,-0.183,0.244,0.183,-65.581,267.620,167.556,0.9929,0.0141,-0.0282,-0.1143,-0.00,-0.01,0.030,3.6,96036.5,0.00,0.000,0.000,2
85884,-0.047,0.030,1.004,-0.061,0.244,0.183,-65.581,267.620,167.556,0.9930,0.0155,-0.0237,-0.1148,0.06,0.05,0.053,3.3,96038.0,0.00,0.000,0.000,2
86084,-0.047,0.028,0.999,-0.122,0.244,0.183,-65.581,267.620,167.556,0.9930,0.0141,-0.0221,-0.1147,0.12,0.10,0.005,3.0,96038.0,0.00,0.000,0.000,2
86284,-0.049,0.031,1.003,-0.122,0.244,0.305,-65.581,267.620,167.556,0.9929,0.0160,-0.0259,-0.1148,0.11,0.08,0.050,3.5,96038.7,0.00,0.000,0.000,2
86484,-0.049,0.032,1.002,-0.122,0.183,0.305,-65.581,267.620,167.556,0.9929,0.0163,-0.0257,-0.1147,0.10,0.06,0.036,3.5,96036.6,0.00,0.000,0.000,2
86684,-0.047,0.031,1.003,-0.122,0.244,0.183,-65.581,267.620,167.556,0.9929,0.0157,-0.0250,-0.1149,0.06,0.03,0.044,3.4,96038.7,0.00,0.000,0.000,2
86884,-0.047,0.031,1.004,0.000,0.183,0.305,-65.581,267.620,167.556,0.9930,0.0164,-0.0238,-0.1145,0.04,0.01,0.054,3.3,96037.3,0.00,0.000,0.000,2
87084,-0.047,0.031,1.002,0.000,0.122,0.122,-65.581,267.620,167.556,0.9930,0.0164,-0.0251,-0.1146,0.11,0.08,0.039,3.4,96034.5,0.00,0.000,0.000,2
87284,-0.045,0.030,1.003,-0.061,0.244,0.183,-65.581,267.620,167.556,0.9930,0.0160,-0.0235,-0.1148,0.13,0.09,0.047,3.3,96034.6,0.00,0.000,0.000,2
87484,-0.049,0.031,1.001,-0.122,0.244,0.244,-65.581,267.620,167.556,0.9929,0.0158,-0.0262,-0.1148,0.15,0.11,0.026,3.5,96033.7,0.00,0.000,0.000,2
87684,-0.049,0.032,1.003,-0.061,0.183,0.244,-65.581,267.620,167.556,0.9929,0.0164,-0.0255,-0.1150,0.15,0.09,0.050,3.5,96038.7,0.00,0.000,0.000,2
87884,-0.048,0.031,1.002,-0.061,0.183,0.183,-65.581,267.620,167.556,0.9929,0.0161,-0.0248,-0.1148,0.14,0.08,0.035,3.4,96039.5,0.00,0.000,0.000,2
88084,-0.046,0.029,1.004,-0.122,0.244,0.183,-76.216,264.903,139.156,0.9906,0.0085,-0.0255,-0.1341,0.16,0.09,0.053,3.1,96035.9,0.00,0.000,0.000,2
88284,-0.046,0.029,1.006,-0.122,0.305,0.244,-76.216,264.903,139.156,0.9905,0.0086,-0.0259,-0.1345,0.09,0.02,0.072,3.1,96036.8,0.00,0.000,0.000,2
88484,-0.048,0.031,1.003,0.000,0.244,0.244,-76.216,264.903,139.156,0.9904,0.0120,-0.0281,-0.1350,0.08,0.02,0.045,3.5,96035.2,0.00,0.000,0.000,2
88684,-0.051,0.032,1.002,-0.061,0.305,0.183,-76.216,264.903,139.156,0.9902,0.0151,-0.0266,-0.1360,0.03,-0.02,0.037,3.5,96038.0,0.00,0.000,0.000,2
88884,-0.047,0.032,1.003,-0.122,0.244,0.244,-76.216,264.903,139.156,0.9904,0.0145,-0.0234,-0.1357,0.01,-0.02,0.049,3.2,96036.0,0.00,0.000,0.000,2
89084,-0.045,0.030,1.003,0.000,0.305,0.183,-76.216,264.903,139.156,0.9905,0.0121,-0.0223,-0.1352,-0.04,-0.06,0.048,2.9,96041.6,0.00,0.000,0.000,2
89284,-0.044,0.030,1.004,-0.061,0.244,0.183,-76.216,264.903,139.156,0.9904,0.0140,-0.0239,-0.1357,-0.05,-0.04,0.052,3.2,96037.4,0.00,0.000,0.000,2
89484,-0.047,0.031,1.003,0.000,0.122,0.244,-76.216,264.903,139.156,0.9903,0.0149,-0.0255,-0.1360,0.00,0.01,0.049,3.4,96035.9,0.00,0.000,0.000,2
89684,-0.048,0.033,1.002,0.061,0.183,0.244,-76.216,264.903,139.156,0.9904,0.0146,-0.0241,-0.1356,0.02,0.04,0.036,3.2,96037.3,0.00,0.000,0.000,2
89884,-0.048,0.031,1.000,-0.183,0.183,0.122,-76.216,264.903,139.156,0.9903,0.0147,-0.0246,-0.1359,0.06,0.07,0.021,3.3,96038.2,0.00,0.000,0.000,2
90084,-0.047,0.029,1.000,-0.061,0.244,0.244,-56.719,279.846,164.716,0.9950,0.0098,-0.0261,-0.0957,0.07,0.07,0.015,3.2,96038.9,0.00,0.000,0.000,2
90284,-0.050,0.031,1.001,-0.122,0.244,0.244,-56.719,279.846,164.716,0.9952,0.0107,-0.0287,-0.0926,0.14,0.12,0.026,3.5,96035.3,0.00,0.000,0.000,2
90484,-0.048,0.033,1.002,-0.061,0.305,0.183,-56.719,279.846,164.716,0.9954,0.0093,-0.0245,-0.0917,0.15,0.12,0.035,3.0,96037.5,0.00,0.000,0.000,2
90684,-0.045,0.031,1.001,0.000,0.183,0.183,-56.719,279.846,164.716,0.9954,0.0092,-0.0233,-0.0920,0.08,0.05,0.024,2.9,96038.2,0.00,0.000,0.000,2
90884,-0.043,0.030,1.000,-0.122,0.305,0.183,-56.719,279.846,164.716,0.9955,0.0087,-0.0226,-0.0921,0.08,0.04,0.013,2.8,96035.4,0.00,0.000,0.000,2
91084,-0.051,0.033,1.002,-0.061,0.366,0.305,-56.719,279.846,164.716,0.9953,0.0092,-0.0284,-0.0918,0.04,0.01,0.041,3.4,96039.6,0.00,0.000,0.000,2
91284,-0.047,0.033,1.002,-0.061,0.244,0.183,-56.719,279.846,164.716,0.9954,0.0094,-0.0264,-0.0915,0.02,0.00,0.040,3.2,96036.8,0.00,0.000,0.000,2
91484,-0.048,0.030,1.005,-0.061,0.183,0.122,-56.719,279.846,164.716,0.9954,0.0095,-0.0255,-0.0921,0.05,0.04,0.064,3.1,96034.7,0.00,0.000,0.000,2
91684,-0.048,0.027,1.000,0.000,0.244,0.244,-56.719,279.846,164.716,0.9953,0.0083,-0.0258,-0.0926,0.08,0.06,0.015,3.1,96038.2,0.00,0.000,0.000,2
91884,-0.048,0.031,1.004,-0.061,0.244,0.244,-56.719,279.846,164.716,0.9954,0.0085,-0.0259,-0.0922,0.05,0.03,0.054,3.1,96037.5,0.00,0.000,0.000,2
92084,-0.048,0.032,1.002,-0.061,0.305,0.183,-63.809,268.978,164.716,0.9941,0.0157,-0.0253,-0.1043,0.07,0.05,0.040,3.4,96036.9,0.00,0.000,0.000,2
92284,-0.046,0.027,1.002,-0.061,0.244,0.061,-63.809,268.978,164.716,0.9934,0.0144,-0.0223,-0.1115,0.08,0.05,0.033,3.0,96036.8,0.00,0.000,0.000,2
92484,-0.048,0.031,1.002,-0.061,0.305,0.366,-63.809,268.978,164.716,0.9934,0.0163,-0.0245,-0.1111,0.05,0.03,0.035,3.4,96034.1,0.00,0.000,0.000,2
92684,-0.049,0.031,1.001,-0.122,0.244,0.183,-63.809,268.978,164.716,0.9933,0.0150,-0.0257,-0.1117,0.08,0.06,0.031,3.4,96034.8,0.00,0.000,0.000,2
92884,-0.048,0.029,1.007,-0.122,0.244,0.244,-63.809,268.978,164.716,0.9934,0.0152,-0.0232,-0.1112,0.09,0.07,0.082,3.2,96034.1,0.00,0.000,0.000,2
93084,-0.048,0.031,1.002,-0.061,0.305,0.244,-63.809,268.978,164.716,0.9934,0.0163,-0.0254,-0.1111,0.12,0.09,0.039,3.5,96034.0,0.00,0.000,0.000,2
93284,-0.048,0.032,1.003,-0.061,0.183,0.122,-63.809,268.978,164.716,0.9934,0.0164,-0.0251,-0.1111,0.14,0.10,0.050,3.4,96035.5,0.00,0.000,0.000,2
93484,-0.046,0.030,1.005,-0.122,0.183,0.183,-63.809,268.978,164.716,0.9936,0.0139,-0.0215,-0.1103,0.14,0.09,0.067,2.9,96034.0,0.00,0.000,0.000,2
93684,-0.046,0.029,1.003,-0.061,0.305,0.183,-63.809,268.978,164.716,0.9934,0.0159,-0.0240,-0.1114,0.08,0.03,0.048,3.3,96035.5,0.00,0.000,0.000,2
93884,-0.048,0.034,1.001,-0.061,0.122,0.122,-63.809,268.978,164.716,0.9934,0.0171,-0.0245,-0.1109,0.09,0.04,0.031,3.4,96037.0,0.00,0.000,0.000,2
94084,-0.047,0.029,1.001,-0.061,0.244,0.244,-63.809,268.978,164.716,0.9934,0.0158,-0.0243,-0.1113,0.05,0.01,0.029,3.3,96039.0,0.00,0.000,0.000,2
94284,-0.047,0.028,1.004,-0.122,0.305,0.183,-63.809,268.978,164.716,0.9933,0.0151,-0.0253,-0.1117,0.01,-0.02,0.053,3.4,96036.9,0.00,0.000,0.000,2
94484,-0.049,0.031,1.003,0.000,0.244,0.244,-63.809,268.978,164.716,0.9933,0.0162,-0.0241,-0.1114,-0.05,-0.06,0.049,3.3,96036.3,0.00,0.000,0.000,2
94684,-0.048,0.030,1.004,-0.061,0.244,0.305,-63.809,268.978,164.716,0.9933,0.0161,-0.0253,-0.1112,-0.02,-0.01,0.053,3.4,96034.1,0.00,0.000,0.000,2
94884,-0.047,0.029,1.000,-0.061,0.305,0.244,-63.809,268.978,164.716,0.9933,0.0158,-0.0249,-0.1113,-0.06,-0.04,0.010,3.4,96038.5,0.00,0.000,0.000,2
95084,-0.048,0.035,1.002,-0.122,0.244,0.305,-63.809,268.978,164.716,0.9934,0.0170,-0.0241,-0.1111,-0.09,-0.05,0.036,3.4,96040.5,0.00,0.000,0.000,2
95284,-0.047,0.028,1.005,-0.122,0.183,0.183,-63.809,268.978,164.716,0.9935,0.0133,-0.0217,-0.1110,-0.07,-0.02,0.067,2.9,96034.2,0.00,0.000,0.000,2
95484,-0.046,0.029,1.004,-0.061,0.244,0.305,-63.809,268.978,164.716,0.9934,0.0158,-0.0248,-0.1113,-0.10,-0.03,0.053,3.4,96040.5,0.00,0.000,0.000,2
95684,-0.048,0.035,1.003,-0.061,0.244,0.244,-63.809,268.978,164.716,0.9934,0.0169,-0.0252,-0.1110,-0.10,-0.02,0.051,3.5,96039.8,0.00,0.000,0.000,2
95884,-0.047,0.030,1.004,-0.122,0.244,0.244,-63.809,268.978,164.716,0.9934,0.0153,-0.0228,-0.1111,-0.14,-0.05,0.058,3.1,96041.2,0.00,0.000,0.000,2
96084,-0.050,0.030,1.001,-0.183,0.366,0.305,-63.809,268.978,164.716,0.9933,0.0154,-0.0271,-0.1114,-0.15,-0.04,0.026,3.6,96041.4,0.00,0.000,0.000,2
96284,-0.046,0.032,1.001,-0.122,0.183,0.183,-63.809,274.412,176.075,0.9936,0.0157,-0.0244,-0.1088,-0.15,-0.02,0.025,3.3,96039.9,0.00,0.000,0.000,2
96484,-0.046,0.031,1.004,-0.122,0.366,0.122,-63.809,274.412,176.075,0.9938,0.0156,-0.0224,-0.1082,-0.13,0.00,0.053,3.1,96040.7,0.00,0.000,0.000,2
96684,-0.047,0.030,1.006,-0.061,0.244,0.244,-63.809,274.412,176.075,0.9937,0.0160,-0.0231,-0.1084,-0.06,0.07,0.077,3.2,96036.3,0.00,0.000,0.000,2
96884,-0.048,0.034,1.001,-0.061,0.305,0.244,-63.809,274.412,176.075,0.9936,0.0162,-0.0256,-0.1085,-0.01,0.11,0.031,3.5,96037.1,0.00,0.000,0.000,2
97084,-0.048,0.028,1.002,-0.122,0.244,0.122,-63.809,274.412,176.075,0.9937,0.0142,-0.0223,-0.1085,0.02,0.12,0.039,3.0,96041.2,0.00,0.000,0.000,2
97284,-0.049,0.030,1.002,-0.061,0.183,0.183,-63.809,274.412,176.075,0.9936,0.0155,-0.0267,-0.1086,-0.02,0.07,0.040,3.5,96039.9,0.00,0.000,0.000,2
97484,-0.047,0.032,1.002,-0.061,0.183,0.183,-63.809,274.412,176.075,0.9937,0.0165,-0.0243,-0.1084,-0.01,0.08,0.035,3.4,96036.5,0.00,0.000,0.000,2
97684,-0.048,0.029,1.002,-0.122,0.244,0.244,-63.809,274.412,176.075,0.9936,0.0155,-0.0257,-0.1086,0.01,0.10,0.039,3.4,96038.4,0.00,0.000,0.000,2
97884,-0.047,0.030,1.003,0.000,0.305,0.244,-63.809,274.412,176.075,0.9936,0.0160,-0.0248,-0.1089,0.11,0.17,0.049,3.4,96035.0,0.00,0.000,0.000,2
98084,-0.049,0.031,1.002,0.000,0.244,0.183,-63.809,274.412,176.075,0.9936,0.0167,-0.0246,-0.1087,0.09,0.13,0.040,3.4,96036.4,0.00,0.000,0.000,2
98284,-0.049,0.028,1.004,-0.122,0.244,0.244,-56.719,266.261,159.036,0.9946,0.0133,-0.0257,-0.0997,0.13,0.15,0.054,3.3,96037.9,0.00,0.000,0.000,2
98484,-0.046,0.031,1.003,0.000,0.244,0.305,-56.719,266.261,159.036,0.9946,0.0163,-0.0241,-0.0995,0.14,0.14,0.048,3.3,96037.8,0.00,0.000,0.000,2
98684,-0.047,0.034,1.000,-0.122,0.244,0.244,-56.719,266.261,159.036,0.9946,0.0164,-0.0253,-0.0993,0.15,0.13,0.021,3.5,96035.0,0.00,0.000,0.000,2
98884,-0.048,0.027,1.002,-0.061,0.244,0.244,-56.719,266.261,159.036,0.9946,0.0150,-0.0228,-0.1001,0.13,0.10,0.033,3.1,96039.3,0.00,0.000,0.000,2
99084,-0.048,0.030,1.001,-0.061,0.244,0.244,-56.719,266.261,159.036,0.9946,0.0163,-0.0260,-0.0995,0.17,0.12,0.030,3.5,96037.2,0.00,0.000,0.000,2
99284,-0.048,0.032,1.001,-0.061,0.244,0.183,-56.719,266.261,159.036,0.9948,0.0146,-0.0214,-0.0986,0.13,0.07,0.026,3.0,96040.1,0.00,0.000,0.000,2
99484,-0.048,0.027,1.005,-0.061,0.244,0.183,-56.719,266.261,159.036,0.9946,0.0152,-0.0234,-0.1000,0.13,0.07,0.062,3.2,96036.5,0.00,0.000,0.000,2
99684,-0.047,0.032,1.003,-0.122,0.366,0.183,-56.719,266.261,159.036,0.9946,0.0167,-0.0255,-0.0992,0.08,0.02,0.045,3.5,96036.5,0.00,0.000,0.000,2
99884,-0.048,0.032,1.000,-0.061,0.183,0.244,-56.719,266.261,159.036,0.9947,0.0164,-0.0230,-0.0993,0.10,0.04,0.021,3.2,96033.0,0.00,0.000,0.000,2
100084,-0.049,0.026,1.003,0.000,0.366,0.183,-56.719,266.261,159.036,0.9945,0.0146,-0.0268,-0.1003,0.11,0.06,0.043,3.5,96035.3,0.00,0.000,0.000,2
100284,-0.048,0.035,1.002,-0.061,0.122,0.183,-56.719,266.261,159.036,0.9946,0.0167,-0.0255,-0.0993,0.10,0.04,0.036,3.5,96037.2,0.00,0.000,0.000,2
100484,-0.048,0.029,1.003,-0.061,0.244,0.183,-56.719,266.261,159.036,0.9947,0.0152,-0.0226,-0.0996,0.09,0.03,0.044,3.1,96035.1,0.00,0.000,0.000,2
100684,-0.045,0.025,1.003,-0.061,0.244,0.244,-56.719,266.261,159.036,0.9946,0.0141,-0.0214,-0.1002,0.08,0.03,0.042,2.9,96034.6,0.00,0.000,0.000,2
100884,-0.048,0.033,1.001,-0.061,0.305,0.305,-56.719,266.261,159.036,0.9946,0.0165,-0.0252,-0.0994,0.07,0.03,0.026,3.5,96035.1,0.00,0.000,0.000,2
101084,-0.050,0.030,1.000,-0.061,0.183,0.183,-56.719,266.261,159.036,0.9946,0.0163,-0.0243,-0.0996,0.03,-0.01,0.021,3.4,96040.0,0.00,0.000,0.000,2
101284,-0.046,0.030,1.001,0.061,0.183,0.183,-56.719,266.261,159.036,0.9946,0.0165,-0.0247,-0.0996,0.01,-0.02,0.029,3.4,96038.1,0.00,0.000,0.000,2
101484,-0.048,0.033,1.001,-0.061,0.244,0.183,-56.719,266.261,159.036,0.9946,0.0162,-0.0255,-0.0991,0.02,0.01,0.031,3.5,96033.2,0.00,0.000,0.000,2
101684,-0.048,0.031,1.004,-0.122,0.122,0.183,-56.719,266.261,159.036,0.9947,0.0163,-0.0232,-0.0990,0.05,0.04,0.054,3.2,96035.8,0.00,0.000,0.000,2
101884,-0.045,0.032,1.002,-0.061,0.244,0.244,-56.719,266.261,159.036,0.9946,0.0165,-0.0236,-0.0995,0.07,0.06,0.034,3.3,96032.4,0.00,0.000,0.000,2
102084,-0.047,0.034,1.002,-0.061,0.305,0.183,-56.719,266.261,159.036,0.9946,0.0168,-0.0244,-0.0993,0.08,0.07,0.035,3.4,96035.2,0.00,0.000,0.000,2
102284,-0.047,0.029,0.999,-0.122,0.244,0.244,-56.719,266.261,159.036,0.9948,0.0145,-0.0218,-0.0989,0.02,0.00,0.000,3.0,96043.0,0.00,0.000,0.000,2
102484,-0.048,0.030,1.002,0.000,0.244,0.122,-56.719,266.261,159.036,0.9946,0.0161,-0.0241,-0.0997,-0.05,-0.04,0.035,3.3,96039.5,0.00,0.000,0.000,2
102684,-0.048,0.032,0.999,0.000,0.122,0.305,-56.719,266.261,159.036,0.9946,0.0166,-0.0242,-0.0993,-0.15,-0.12,0.002,3.4,96043.6,0.00,0.000,0.000,2
102884,-0.048,0.028,1.004,-0.122,0.183,0.183,-56.719,266.261,159.036,0.9946,0.0161,-0.0250,-0.0998,-0.16,-0.10,0.053,3.4,96040.2,0.00,0.000,0.000,2
103084,-0.049,0.031,1.003,0.000,0.244,0.244,-56.719,266.261,159.036,0.9946,0.0165,-0.0253,-0.0997,-0.19,-0.10,0.050,3.5,96039.4,0.00,0.000,0.000,2
103284,-0.047,0.036,1.003,-0.122,0.244,0.366,-56.719,266.261,159.036,0.9946,0.0172,-0.0245,-0.0991,-0.22,-0.11,0.046,3.4,96043.0,0.00,0.000,0.000,2
103484,-0.047,0.030,1.004,-0.061,0.305,0.244,-56.719,266.261,159.036,0.9946,0.0158,-0.0235,-0.0994,-0.18,-0.04,0.053,3.2,96041.5,0.00,0.000,0.000,2
103684,-0.048,0.030,1.004,0.000,0.122,0.244,-56.719,266.261,159.036,0.9946,0.0163,-0.0263,-0.0994,-0.17,-0.02,0.059,3.5,96040.1,0.00,0.000,0.000,2
103884,-0.047,0.032,1.005,-0.061,0.244,0.122,-56.719,266.261,159.036,0.9946,0.0167,-0.0251,-0.0992,-0.11,0.05,0.064,3.5,96035.2,0.00,0.000,0.000,2
104084,-0.047,0.029,1.003,-0.061,0.305,0.183,-56.719,266.261,159.036,0.9946,0.0163,-0.0255,-0.0997,-0.10,0.06,0.048,3.5,96039.5,0.00,0.000,0.000,2
104284,-0.049,0.031,1.002,0.000,0.305,0.244,-56.719,266.261,159.036,0.9946,0.0163,-0.0257,-0.0996,-0.02,0.12,0.035,3.5,96038.7,0.00,0.000,0.000,2
104484,-0.048,0.032,1.002,-0.061,0.183,0.244,-65.581,267.620,161.876,0.9936,0.0156,-0.0258,-0.1090,0.02,0.14,0.035,3.4,96037.4,0.00,0.000,0.000,2
104684,-0.048,0.028,1.007,0.000,0.305,0.183,-65.581,267.620,161.876,0.9929,0.0146,-0.0268,-0.1150,0.03,0.14,0.082,3.5,96039.5,0.00,0.000,0.000,2
104884,-0.046,0.031,1.003,-0.061,0.305,0.244,-65.581,267.620,161.876,0.9930,0.0158,-0.0240,-0.1150,0.01,0.10,0.049,3.3,96039.4,0.00,0.000,0.000,2
105084,-0.051,0.031,1.000,-0.183,0.244,0.122,-65.581,267.620,161.876,0.9929,0.0160,-0.0277,-0.1148,0.02,0.10,0.017,3.7,96037.4,0.00,0.000,0.000,2
105284,-0.045,0.028,1.001,-0.061,0.305,0.244,-65.581,267.620,161.876,0.9930,0.0146,-0.0226,-0.1154,0.01,0.08,0.028,3.1,96038.0,0.00,0.000,0.000,2
105484,-0.047,0.030,1.000,-0.061,0.244,0.244,-65.581,267.620,161.876,0.9930,0.0147,-0.0226,-0.1151,0.01,0.07,0.015,3.1,96038.8,0.00,0.000,0.000,2
105684,-0.047,0.031,1.004,-0.122,0.305,0.122,-65.581,267.620,161.876,0.9929,0.0155,-0.0269,-0.1148,0.03,0.09,0.053,3.6,96039.0,0.00,0.000,0.000,2
105884,-0.046,0.028,1.004,-0.061,0.244,0.244,-65.581,267.620,161.876,0.9929,0.0149,-0.0235,-0.1155,0.06,0.11,0.052,3.2,96035.3,0.00,0.000,0.000,2
106084,-0.048,0.035,1.002,-0.061,0.244,0.183,-65.581,267.620,161.876,0.9930,0.0176,-0.0241,-0.1147,0.01,0.05,0.041,3.4,96035.4,0.00,0.000,0.000,2
106284,-0.048,0.029,1.001,-0.061,0.183,0.122,-65.581,267.620,161.876,0.9929,0.0156,-0.0258,-0.1151,0.00,0.04,0.030,3.5,96041.7,0.00,0.000,0.000,2
106484,-0.046,0.033,1.003,0.000,0.305,0.244,-65.581,267.620,161.876,0.9929,0.0164,-0.0247,-0.1149,-0.07,-0.01,0.049,3.4,96040.4,0.00,0.000,0.000,2
106684,-0.049,0.033,1.001,-0.061,0.183,0.183,-65.581,267.620,161.876,0.9929,0.0163,-0.0264,-0.1147,-0.11,-0.03,0.027,3.6,96040.3,0.00,0.000,0.000,2
106884,-0.046,0.030,1.000,-0.061,0.122,0.183,-65.581,267.620,161.876,0.9930,0.0151,-0.0225,-0.1148,-0.14,-0.05,0.015,3.1,96039.5,0.00,0.000,0.000,2
107084,-0.046,0.030,1.005,-0.061,0.183,0.244,-65.581,267.620,161.876,0.9929,0.0154,-0.0240,-0.1154,-0.16,-0.05,0.067,3.3,96041.6,0.00,0.000,0.000,2
107284,-0.047,0.033,1.000,-0.061,0.244,0.183,-65.581,267.620,161.876,0.9929,0.0162,-0.0240,-0.1150,-0.15,-0.03,0.016,3.3,96039.5,0.00,0.000,0.000,2
107484,-0.046,0.028,1.005,-0.183,0.122,0.305,-65.581,267.620,161.876,0.9933,0.0085,-0.0238,-0.1130,-0.13,0.00,0.067,2.9,96039.5,0.00,0.000,0.000,2
107684,-0.045,0.029,1.004,0.000,0.183,0.122,-65.581,267.620,161.876,0.9932,0.0081,-0.0255,-0.1131,-0.07,0.07,0.052,3.1,96037.4,0.00,0.000,0.000,2
107884,-0.047,0.034,1.000,-0.183,0.244,0.244,-65.581,267.620,161.876,0.9933,0.0101,-0.0267,-0.1124,-0.11,0.03,0.021,3.3,96042.4,0.00,0.000,0.000,2
108084,-0.045,0.027,0.999,-0.061,0.183,0.122,-65.581,267.620,161.876,0.9933,0.0086,-0.0237,-0.1132,-0.08,0.06,0.004,2.9,96037.6,0.00,0.000,0.000,2
108284,-0.047,0.031,1.002,-0.061,0.183,0.305,-65.581,267.620,161.876,0.9933,0.0088,-0.0236,-0.1130,-0.04,0.09,0.034,2.9,96038.2,0.00,0.000,0.000,2
108484,-0.048,0.032,1.004,-0.061,0.244,0.183,-65.581,267.620,161.876,0.9933,0.0090,-0.0252,-0.1125,0.04,0.16,0.054,3.1,96038.8,0.00,0.000,0.000,2
108684,-0.047,0.027,1.002,-0.122,0.244,0.244,-65.581,267.620,161.876,0.9933,0.0085,-0.0255,-0.1127,0.11,0.19,0.033,3.1,96037.5,0.00,0.000,0.000,2
108884,-0.048,0.032,1.000,0.061,0.183,0.305,-65.581,267.620,161.876,0.9931,0.0102,-0.0286,-0.1133,0.11,0.17,0.011,3.5,96042.5,0.00,0.000,0.000,2
109084,-0.048,0.032,1.005,-0.061,0.244,0.122,-65.581,267.620,161.876,0.9933,0.0092,-0.0245,-0.1126,0.17,0.20,0.064,3.0,96038.8,0.00,0.000,0.000,2
109284,-0.048,0.027,1.002,-0.061,0.244,0.244,-65.581,267.620,161.876,0.9932,0.0078,-0.0262,-0.1133,0.19,0.19,0.039,3.1,96038.3,0.00,0.000,0.000,2
109484,-0.049,0.033,1.001,-0.122,0.244,0.183,-65.581,267.620,161.876,0.9932,0.0096,-0.0275,-0.1125,0.20,0.17,0.027,3.3,96034.6,0.00,0.000,0.000,2
109684,-0.048,0.031,1.004,-0.061,0.305,0.183,-65.581,267.620,161.876,0.9933,0.0090,-0.0251,-0.1126,0.16,0.12,0.054,3.1,96036.1,0.00,0.000,0.000,2
109884,-0.047,0.028,1.004,-0.061,0.244,0.183,-65.581,267.620,161.876,0.9932,0.0080,-0.0256,-0.1131,0.09,0.04,0.058,3.1,96036.7,0.00,0.000,0.000,2
110084,-0.048,0.034,1.004,-0.061,0.244,0.244,-65.581,267.620,161.876,0.9931,0.0120,-0.0287,-0.1130,0.09,0.05,0.055,3.6,96034.8,0.00,0.000,0.000,2
110284,-0.047,0.032,1.005,0.000,0.244,0.183,-65.581,267.620,161.876,0.9933,0.0089,-0.0252,-0.1125,0.05,0.02,0.063,3.1,96037.4,0.00,0.000,0.000,2
110484,-0.048,0.029,1.005,0.000,0.244,0.244,-65.581,267.620,161.876,0.9932,0.0089,-0.0226,-0.1136,0.01,-0.01,0.068,2.8,96036.2,0.00,0.000,0.000,2
110684,-0.048,0.034,1.002,-0.122,0.244,0.244,-54.946,262.186,150.516,0.9949,0.0122,-0.0286,-0.0961,-0.02,-0.03,0.040,3.6,96042.4,0.00,0.000,0.000,2
110884,-0.050,0.030,1.001,-0.122,0.244,0.061,-54.946,262.186,150.516,0.9950,0.0085,-0.0263,-0.0957,-0.05,-0.04,0.026,3.2,96039.7,0.00,0.000,0.000,2
111084,-0.046,0.031,1.003,-0.122,0.244,0.122,-54.946,262.186,150.516,0.9951,0.0085,-0.0233,-0.0958,-0.03,-0.00,0.048,2.8,96038.9,0.00,0.000,0.000,2
111284,-0.049,0.034,1.002,-0.061,0.305,0.183,-54.946,262.186,150.516,0.9950,0.0099,-0.0280,-0.0952,-0.00,0.03,0.036,3.4,96037.5,0.00,0.000,0.000,2
111484,-0.047,0.026,1.004,-0.061,0.244,0.183,-54.946,262.186,150.516,0.9950,0.0083,-0.0241,-0.0961,0.04,0.07,0.057,2.9,96042.4,0.00,0.000,0.000,2
111684,-0.047,0.031,1.001,-0.061,0.183,0.183,-54.946,262.186,150.516,0.9951,0.0086,-0.0243,-0.0957,0.03,0.06,0.025,3.0,96033.3,0.00,0.000,0.000,2
111884,-0.049,0.033,1.001,0.000,0.366,0.183,-54.946,262.186,150.516,0.9950,0.0096,-0.0276,-0.0955,0.09,0.11,0.031,3.4,96036.7,0.00,0.000,0.000,2
112084,-0.047,0.030,1.004,-0.061,0.183,0.183,-54.946,262.186,150.516,0.9950,0.0093,-0.0260,-0.0956,0.05,0.05,0.058,3.2,96041.8,0.00,0.000,0.000,2
112284,-0.049,0.030,1.001,-0.122,0.183,0.244,-54.946,262.186,150.516,0.9951,0.0087,-0.0254,-0.0956,0.02,0.03,0.025,3.1,96039.0,0.00,0.000,0.000,2
112484,-0.047,0.032,1.002,-0.061,0.183,0.244,-54.946,262.186,150.516,0.9950,0.0096,-0.0264,-0.0954,0.01,0.03,0.040,3.2,96038.2,0.00,0.000,0.000,2
112684,-0.047,0.029,1.005,-0.183,0.183,0.122,-54.946,262.186,150.516,0.9950,0.0090,-0.0257,-0.0956,0.07,0.08,0.062,3.1,96036.8,0.00,0.000,0.000,2
112884,-0.047,0.032,1.003,-0.122,0.244,0.305,-54.946,262.186,150.516,0.9950,0.0098,-0.0271,-0.0956,0.09,0.09,0.044,3.3,96039.8,0.00,0.000,0.000,2
113084,-0.047,0.032,1.004,0.000,0.183,0.244,-54.946,262.186,150.516,0.9951,0.0093,-0.0237,-0.0954,0.13,0.12,0.054,2.9,96034.1,0.00,0.000,0.000,2
113284,-0.045,0.028,1.003,-0.183,0.244,0.244,-54.946,262.186,150.516,0.9951,0.0083,-0.0242,-0.0958,0.09,0.07,0.047,2.9,96038.3,0.00,0.000,0.000,2
113484,-0.047,0.034,1.003,-0.122,0.244,0.183,-54.946,262.186,150.516,0.9951,0.0097,-0.0265,-0.0950,0.00,-0.00,0.050,3.2,96040.5,0.00,0.000,0.000,2
113684,-0.048,0.033,1.004,-0.061,0.305,0.183,-54.946,262.186,150.516,0.9951,0.0093,-0.0246,-0.0953,-0.04,-0.03,0.054,3.0,96037.6,0.00,0.000,0.000,2
113884,-0.048,0.026,1.003,-0.122,0.183,0.122,-54.946,262.186,150.516,0.9950,0.0079,-0.0250,-0.0964,-0.10,-0.06,0.043,3.0,96043.3,0.00,0.000,0.000,2
114084,-0.050,0.032,1.003,-0.122,0.366,0.366,-54.946,262.186,150.516,0.9948,0.0120,-0.0298,-0.0969,-0.15,-0.09,0.045,3.7,96041.1,0.00,0.000,0.000,2
114284,-0.048,0.031,1.003,0.000,0.183,0.183,-54.946,262.186,150.516,0.9951,0.0091,-0.0248,-0.0954,-0.18,-0.09,0.049,3.0,96043.3,0.00,0.000,0.000,2
114484,-0.046,0.029,1.001,-0.061,0.244,0.244,-54.946,262.186,150.516,0.9951,0.0084,-0.0250,-0.0958,-0.14,-0.04,0.029,3.0,96039.1,0.00,0.000,0.000,2
114684,-0.050,0.033,1.001,-0.061,0.183,0.183,-54.946,267.620,161.876,0.9952,0.0106,-0.0290,-0.0930,-0.15,-0.03,0.027,3.5,96037.0,0.00,0.000,0.000,2
114884,-0.048,0.033,1.003,-0.122,0.244,0.122,-54.946,267.620,161.876,0.9953,0.0092,-0.0248,-0.0927,-0.13,0.00,0.045,3.0,96039.8,0.00,0.000,0.000,2
115084,-0.048,0.029,1.003,-0.061,0.122,0.244,-54.946,267.620,161.876,0.9952,0.0082,-0.0260,-0.0936,-0.14,-0.00,0.049,3.1,96041.2,0.00,0.000,0.000,2
115284,-0.049,0.035,1.004,0.061,0.122,0.183,-54.946,267.620,161.876,0.9953,0.0105,-0.0277,-0.0924,-0.10,0.04,0.060,3.4,96039.0,0.00,0.000,0.000,2
115484,-0.046,0.029,1.003,-0.122,0.244,0.183,-54.946,267.620,161.876,0.9953,0.0082,-0.0243,-0.0935,-0.07,0.07,0.048,2.9,96040.5,0.00,0.000,0.000,2
115684,-0.048,0.030,1.003,0.000,0.244,0.244,-54.946,267.620,161.876,0.9952,0.0091,-0.0271,-0.0935,-0.02,0.11,0.049,3.3,96039.8,0.00,0.000,0.000,2
115884,-0.047,0.033,1.002,-0.061,0.183,0.183,-54.946,267.620,161.876,0.9954,0.0093,-0.0240,-0.0928,0.04,0.15,0.035,2.9,96037.7,0.00,0.000,0.000,2
116084,-0.046,0.030,1.002,-0.061,0.244,0.244,-54.946,267.620,161.876,0.9953,0.0088,-0.0244,-0.0930,0.04,0.14,0.034,3.0,96042.0,0.00,0.000,0.000,2
116284,-0.045,0.030,1.002,-0.122,0.305,0.183,-54.946,267.620,161.876,0.9953,0.0082,-0.0230,-0.0937,-0.00,0.08,0.038,2.8,96044.8,0.00,0.000,0.000,2
116484,-0.047,0.034,1.001,-0.061,0.183,0.183,-54.946,267.620,161.876,0.9953,0.0101,-0.0268,-0.0926,-0.02,0.06,0.031,3.3,96040.0,0.00,0.000,0.000,2
116684,-0.047,0.029,1.008,-0.122,0.244,0.183,-54.946,278.488,161.876,0.9955,0.0090,-0.0256,-0.0905,-0.00,0.08,0.091,3.1,96037.0,0.00,0.000,0.000,2
116884,-0.047,0.031,1.003,-0.122,0.366,0.183,-54.946,278.488,161.876,0.9954,0.0119,-0.0288,-0.0904,0.04,0.11,0.044,3.6,96034.3,0.00,0.000,0.000,2
117084,-0.049,0.033,1.001,-0.061,0.244,0.122,-54.946,278.488,161.876,0.9956,0.0104,-0.0282,-0.0892,0.13,0.17,0.031,3.4,96038.5,0.00,0.000,0.000,2
117284,-0.047,0.027,1.007,-0.122,0.183,0.305,-54.946,278.488,161.876,0.9956,0.0082,-0.0244,-0.0899,0.15,0.18,0.081,2.9,96033.5,0.00,0.000,0.000,2
117484,-0.047,0.029,1.002,0.000,0.244,0.244,-54.946,278.488,161.876,0.9956,0.0082,-0.0258,-0.0900,0.18,0.18,0.034,3.1,96038.5,0.00,0.000,0.000,2
117684,-0.049,0.031,1.003,-0.061,0.305,0.305,-54.946,278.488,161.876,0.9956,0.0084,-0.0256,-0.0895,0.17,0.15,0.045,3.1,96037.9,0.00,0.000,0.000,2
117884,-0.048,0.029,1.004,-0.061,0.183,0.122,-54.946,278.488,161.876,0.9956,0.0093,-0.0259,-0.0897,0.15,0.12,0.054,3.1,96039.8,0.00,0.000,0.000,2
118084,-0.049,0.033,1.002,-0.061,0.305,0.183,-54.946,278.488,161.876,0.9956,0.0093,-0.0273,-0.0892,0.16,0.11,0.036,3.3,96036.4,0.00,0.000,0.000,2
118284,-0.047,0.033,1.001,-0.122,0.305,0.183,-54.946,278.488,161.876,0.9957,0.0094,-0.0255,-0.0890,0.16,0.10,0.030,3.1,96037.8,0.00,0.000,0.000,2
118484,-0.046,0.028,1.006,-0.122,0.183,0.183,-54.946,278.488,161.876,0.9957,0.0087,-0.0240,-0.0895,0.13,0.08,0.076,2.9,96035.7,0.00,0.000,0.000,2
118684,-0.049,0.034,1.003,-0.061,0.305,0.183,-54.946,278.488,161.876,0.9957,0.0096,-0.0242,-0.0890,0.11,0.05,0.045,3.0,96039.8,0.00,0.000,0.000,2
118884,-0.049,0.030,1.003,-0.061,0.244,0.183,-62.036,262.186,184.595,0.9936,0.0162,-0.0236,-0.1094,0.10,0.04,0.044,3.3,96037.0,0.00,0.000,0.000,2
119084,-0.046,0.029,1.003,-0.061,0.183,0.244,-62.036,262.186,184.595,0.9935,0.0157,-0.0261,-0.1097,0.09,0.03,0.048,3.5,96038.5,0.00,0.000,0.000,2
119284,-0.046,0.034,1.003,-0.061,0.244,0.244,-62.036,262.186,184.595,0.9935,0.0161,-0.0247,-0.1099,0.09,0.03,0.045,3.4,96039.2,0.00,0.000,0.000,2
119484,-0.048,0.031,1.003,-0.061,0.244,0.244,-62.036,262.186,184.595,0.9935,0.0169,-0.0247,-0.1097,0.10,0.05,0.044,3.4,96035.7,0.00,0.000,0.000,2
119684,-0.045,0.029,1.004,0.000,0.305,0.183,-62.036,262.186,184.595,0.9935,0.0160,-0.0231,-0.1101,0.09,0.04,0.052,3.2,96040.0,0.00,0.000,0.000,2
119884,-0.047,0.035,1.002,-0.061,0.183,0.244,-62.036,262.186,184.595,0.9935,0.0168,-0.0251,-0.1096,0.04,-0.00,0.036,3.5,96041.4,0.00,0.000,0.000,2
120084,-0.047,0.030,1.003,-0.122,0.244,0.183,-62.036,262.186,184.595,0.9935,0.0157,-0.0242,-0.1102,-0.01,-0.03,0.044,3.3,96036.3,0.00,0.000,0.000,2
120284,-0.047,0.029,1.003,0.000,0.305,0.244,-62.036,262.186,184.595,0.9934,0.0157,-0.0256,-0.1104,-0.05,-0.06,0.048,3.4,96041.3,0.00,0.000,0.000,2
120484,-0.047,0.031,1.000,-0.061,0.183,0.183,-62.036,262.186,184.595,0.9935,0.0162,-0.0247,-0.1100,-0.10,-0.08,0.016,3.4,96040.0,0.00,0.000,0.000,2
120684,-0.048,0.031,1.002,0.000,0.183,0.122,-62.036,262.186,184.595,0.9935,0.0168,-0.0257,-0.1097,-0.12,-0.08,0.040,3.5,96037.9,0.00,0.000,0.000,2
120884,-0.047,0.029,1.003,-0.061,0.244,0.244,-65.581,270.337,184.595,0.9932,0.0156,-0.0236,-0.1127,-0.13,-0.06,0.048,3.2,96042.7,0.00,0.000,0.000,2
121084,-0.048,0.033,1.003,-0.122,0.244,0.183,-65.581,270.337,184.595,0.9932,0.0166,-0.0242,-0.1129,-0.14,-0.06,0.045,3.4,96037.8,0.00,0.000,0.000,2
121284,-0.047,0.029,1.002,-0.183,0.183,0.061,-65.581,270.337,184.595,0.9933,0.0139,-0.0213,-0.1123,-0.14,-0.03,0.039,2.9,96040.6,0.00,0.000,0.000,2
121484,-0.048,0.029,1.001,-0.122,0.244,0.183,-65.581,270.337,184.595,0.9931,0.0159,-0.0252,-0.1134,-0.13,-0.02,0.029,3.4,96041.4,0.00,0.000,0.000,2
121684,-0.048,0.032,1.006,-0.061,0.183,0.244,-65.581,270.337,184.595,0.9931,0.0159,-0.0253,-0.1133,-0.09,0.03,0.074,3.4,96042.1,0.00,0.000,0.000,2
121884,-0.047,0.029,1.002,-0.122,0.244,0.244,-65.581,270.337,184.595,0.9932,0.0159,-0.0235,-0.1131,-0.01,0.11,0.039,3.3,96037.8,0.00,0.000,0.000,2
122084,-0.048,0.028,1.002,-0.122,0.244,0.244,-65.581,270.337,184.595,0.9931,0.0155,-0.0257,-0.1134,0.05,0.14,0.039,3.4,96036.4,0.00,0.000,0.000,2
122284,-0.050,0.033,1.000,-0.122,0.244,0.244,-65.581,270.337,184.595,0.9931,0.0163,-0.0263,-0.1131,0.10,0.16,0.022,3.5,96038.5,0.00,0.000,0.000,2
122484,-0.046,0.028,1.005,-0.061,0.183,0.244,-65.581,270.337,184.595,0.9932,0.0150,-0.0225,-0.1133,0.10,0.15,0.062,3.1,96039.2,0.00,0.000,0.000,2
122684,-0.046,0.030,1.003,-0.061,0.183,0.122,-65.581,270.337,184.595,0.9932,0.0160,-0.0241,-0.1131,0.12,0.14,0.043,3.3,96040.7,0.00,0.000,0.000,2
122884,-0.050,0.032,1.001,0.000,0.244,0.305,-65.581,270.337,184.595,0.9931,0.0168,-0.0260,-0.1129,0.08,0.10,0.027,3.5,96040.6,0.00,0.000,0.000,2
123084,-0.048,0.029,1.002,-0.122,0.244,0.183,-53.174,258.111,159.036,0.9953,0.0089,-0.0254,-0.0934,0.06,0.07,0.035,3.1,96039.2,0.00,0.000,0.000,2
123284,-0.048,0.031,1.004,0.061,0.183,0.305,-53.174,258.111,159.036,0.9953,0.0087,-0.0245,-0.0935,0.09,0.09,0.054,3.0,96037.2,0.00,0.000,0.000,2
123484,-0.048,0.031,0.999,-0.061,0.305,0.122,-53.174,258.111,159.036,0.9953,0.0086,-0.0250,-0.0934,0.14,0.13,0.006,3.0,96034.9,0.00,0.000,0.000,2
123684,-0.049,0.026,1.003,-0.122,0.244,0.244,-53.174,258.111,159.036,0.9952,0.0087,-0.0256,-0.0937,0.21,0.17,0.048,3.1,96036.6,0.00,0.000,0.000,2
123884,-0.049,0.030,1.006,-0.122,0.183,0.305,-53.174,258.111,159.036,0.9952,0.0084,-0.0261,-0.0936,0.22,0.16,0.073,3.1,96039.4,0.00,0.000,0.000,2
124084,-0.050,0.032,1.001,-0.122,0.244,0.244,-53.174,258.111,159.036,0.9952,0.0090,-0.0274,-0.0933,0.18,0.10,0.031,3.3,96039.2,0.00,0.000,0.000,2
124284,-0.049,0.029,1.005,-0.061,0.244,0.183,-53.174,258.111,159.036,0.9952,0.0086,-0.0263,-0.0937,0.14,0.06,0.063,3.2,96039.3,0.00,0.000,0.000,2
124484,-0.046,0.030,1.003,-0.061,0.183,0.244,-53.174,258.111,159.036,0.9953,0.0082,-0.0249,-0.0936,0.09,0.01,0.048,3.0,96037.8,0.00,0.000,0.000,2
124684,-0.047,0.032,1.004,-0.061,0.183,0.183,-53.174,258.111,159.036,0.9953,0.0089,-0.0252,-0.0933,0.04,-0.02,0.054,3.1,96038.5,0.00,0.000,0.000,2
124884,-0.049,0.029,1.004,-0.122,0.244,0.305,-53.174,258.111,159.036,0.9952,0.0088,-0.0246,-0.0939,0.01,-0.04,0.059,3.0,96040.0,0.00,0.000,0.000,2
125084,-0.049,0.034,0.999,-0.122,0.305,0.305,-65.581,267.620,150.516,0.9931,0.0172,-0.0272,-0.1130,0.01,-0.02,0.008,3.7,96037.2,0.00,0.000,0.000,2
125284,-0.048,0.034,1.003,-0.122,0.305,0.122,-65.581,267.620,150.516,0.9930,0.0164,-0.0229,-0.1145,-0.00,-0.02,0.045,3.2,96039.2,0.00,0.000,0.000,2
125484,-0.049,0.028,1.008,-0.061,0.305,0.244,-65.581,267.620,150.516,0.9928,0.0137,-0.0280,-0.1153,-0.04,-0.04,0.092,3.6,96038.6,0.00,0.000,0.000,2
125684,-0.046,0.033,1.000,-0.061,0.244,0.244,-65.581,267.620,150.516,0.9929,0.0162,-0.0249,-0.1153,-0.01,-0.00,0.016,3.4,96038.0,0.00,0.000,0.000,2
125884,-0.047,0.029,1.001,-0.061,0.305,0.183,-65.581,267.620,150.516,0.9932,0.0093,-0.0224,-0.1140,0.03,0.05,0.024,2.8,96035.1,0.00,0.000,0.000,2
126084,-0.046,0.028,1.003,-0.122,0.305,0.244,-65.581,267.620,150.516,0.9930,0.0104,-0.0279,-0.1144,0.06,0.07,0.048,3.4,96039.8,0.00,0.000,0.000,2
126284,-0.048,0.032,1.004,-0.061,0.183,0.183,-65.581,267.620,150.516,0.9931,0.0103,-0.0281,-0.1135,0.01,0.02,0.059,3.4,96037.8,0.00,0.000,0.000,2
126484,-0.049,0.030,1.004,-0.122,0.244,0.122,-65.581,267.620,150.516,0.9932,0.0085,-0.0258,-0.1132,-0.04,-0.02,0.054,3.1,96039.2,0.00,0.000,0.000,2
126684,-0.048,0.029,1.007,0.000,0.305,0.122,-65.581,267.620,150.516,0.9931,0.0090,-0.0276,-0.1138,-0.02,0.01,0.087,3.3,96042.1,0.00,0.000,0.000,2
126884,-0.047,0.035,1.002,-0.122,0.244,0.244,-65.581,267.620,150.516,0.9932,0.0117,-0.0273,-0.1128,0.01,0.04,0.036,3.4,96038.5,0.00,0.000,0.000,2
127084,-0.047,0.029,1.001,0.000,0.305,0.183,-65.581,267.620,150.516,0.9932,0.0082,-0.0249,-0.1134,-0.01,0.03,0.029,3.0,96037.9,0.00,0.000,0.000,2
127284,-0.048,0.029,1.005,0.000,0.183,0.183,-65.581,267.620,150.516,0.9932,0.0086,-0.0265,-0.1135,-0.07,-0.02,0.063,3.2,96042.1,0.00,0.000,0.000,2
127484,-0.047,0.032,1.003,-0.061,0.183,0.244,-65.581,267.620,150.516,0.9931,0.0107,-0.0279,-0.1135,-0.09,-0.03,0.049,3.4,96043.5,0.00,0.000,0.000,2
127684,-0.048,0.033,1.003,-0.061,0.122,0.183,-65.581,267.620,150.516,0.9932,0.0097,-0.0272,-0.1131,-0.06,0.01,0.050,3.3,96043.5,0.00,0.000,0.000,2
127884,-0.048,0.033,1.002,-0.122,0.183,0.244,-65.581,267.620,150.516,0.9932,0.0095,-0.0258,-0.1128,-0.05,0.02,0.036,3.1,96035.7,0.00,0.000,0.000,2
128084,-0.049,0.030,1.004,0.000,0.305,0.183,-65.581,267.620,150.516,0.9932,0.0084,-0.0260,-0.1134,-0.02,0.06,0.059,3.1,96039.2,0.00,0.000,0.000,2
128284,-0.048,0.030,1.000,-0.122,0.122,0.244,-65.581,267.620,150.516,0.9932,0.0084,-0.0252,-0.1133,-0.04,0.04,0.020,3.0,96042.8,0.00,0.000,0.000,2
128484,-0.048,0.031,1.002,0.000,0.244,0.183,-65.581,267.620,150.516,0.9932,0.0087,-0.0263,-0.1132,-0.03,0.04,0.035,3.2,96038.4,0.00,0.000,0.000,2
128684,-0.047,0.032,1.003,-0.061,0.183,0.244,-65.581,267.620,150.516,0.9933,0.0092,-0.0238,-0.1131,0.05,0.11,0.044,2.9,96037.9,0.00,0.000,0.000,2
128884,-0.048,0.031,1.005,-0.122,0.183,0.244,-65.581,267.620,150.516,0.9932,0.0084,-0.0260,-0.1134,0.01,0.07,0.064,3.1,96040.7,0.00,0.000,0.000,2
129084,-0.048,0.030,1.000,-0.061,0.244,0.244,-58.491,267.620,173.235,0.9935,0.0082,-0.0260,-0.1101,-0.01,0.05,0.020,3.1,96039.8,0.00,0.000,0.000,2
129284,-0.047,0.030,1.003,-0.122,0.244,0.183,-58.491,267.620,173.235,0.9947,0.0084,-0.0251,-0.0994,0.00,0.05,0.049,3.0,96037.0,0.00,0.000,0.000,2
129484,-0.048,0.031,1.001,-0.061,0.244,0.183,-58.491,267.620,173.235,0.9947,0.0089,-0.0264,-0.0993,-0.01,0.04,0.030,3.2,96035.7,0.00,0.000,0.000,2
129684,-0.049,0.030,1.004,0.000,0.183,0.244,-58.491,267.620,173.235,0.9946,0.0088,-0.0270,-0.0996,0.04,0.09,0.054,3.3,96034.9,0.00,0.000,0.000,2
129884,-0.048,0.030,1.001,0.000,0.366,0.122,-58.491,267.620,173.235,0.9947,0.0084,-0.0255,-0.0994,0.12,0.15,0.025,3.1,96036.3,0.00,0.000,0.000,2
130084,-0.047,0.032,1.003,-0.122,0.305,0.183,-58.491,267.620,173.235,0.9947,0.0088,-0.0260,-0.0991,0.15,0.15,0.044,3.1,96038.5,0.00,0.000,0.000,2
130284,-0.048,0.032,1.004,-0.183,0.183,0.122,-58.491,267.620,173.235,0.9946,0.0092,-0.0275,-0.0994,0.12,0.11,0.054,3.3,96039.2,0.00,0.000,0.000,2
130484,-0.048,0.031,1.000,-0.122,0.183,0.183,-58.491,267.620,173.235,0.9947,0.0090,-0.0270,-0.0993,0.11,0.09,0.021,3.3,96039.0,0.00,0.000,0.000,2
130684,-0.048,0.031,1.001,0.000,0.244,0.244,-58.491,267.620,173.235,0.9947,0.0091,-0.0260,-0.0990,0.07,0.06,0.025,3.2,96038.4,0.00,0.000,0.000,2
130884,-0.049,0.029,1.003,0.000,0.183,0.183,-58.491,267.620,173.235,0.9947,0.0088,-0.0265,-0.0994,0.03,0.01,0.045,3.2,96041.1,0.00,0.000,0.000,2
131084,-0.048,0.030,1.005,-0.061,0.183,0.244,-58.491,267.620,173.235,0.9947,0.0083,-0.0246,-0.0997,0.01,0.00,0.068,3.0,96042.0,0.00,0.000,0.000,2
131284,-0.046,0.031,1.000,-0.061,0.244,0.244,-53.174,258.111,136.316,0.9952,0.0087,-0.0250,-0.0943,0.02,0.02,0.010,3.0,96037.8,0.00,0.000,0.000,2
131484,-0.048,0.030,1.004,-0.061,0.122,0.244,-53.174,258.111,136.316,0.9952,0.0083,-0.0249,-0.0944,0.04,0.04,0.059,3.0,96041.2,0.00,0.000,0.000,2
131684,-0.049,0.033,1.003,-0.061,0.244,0.244,-53.174,258.111,136.316,0.9952,0.0092,-0.0266,-0.0941,0.09,0.08,0.045,3.2,96039.1,0.00,0.000,0.000,2
131884,-0.047,0.032,1.002,0.061,0.183,0.183,-53.174,258.111,136.316,0.9952,0.0088,-0.0248,-0.0942,0.11,0.10,0.039,3.0,96038.5,0.00,0.000,0.000,2
132084,-0.046,0.033,1.003,-0.061,0.305,0.244,-53.174,258.111,136.316,0.9952,0.0094,-0.0231,-0.0941,0.05,0.03,0.044,2.9,96041.9,0.00,0.000,0.000,2
132284,-0.049,0.032,1.003,-0.061,0.305,0.183,-53.174,258.111,136.316,0.9952,0.0090,-0.0258,-0.0940,0.04,0.03,0.045,3.1,96041.3,0.00,0.000,0.000,2
132484,-0.050,0.029,1.003,-0.122,0.244,0.244,-53.174,258.111,136.316,0.9951,0.0088,-0.0267,-0.0947,0.03,0.03,0.045,3.2,96037.7,0.00,0.000,0.000,2
132684,-0.046,0.032,1.003,-0.183,0.122,0.305,-53.174,258.111,136.316,0.9952,0.0091,-0.0232,-0.0943,0.02,0.02,0.044,2.9,96041.9,0.00,0.000,0.000,2
132884,-0.046,0.031,1.000,-0.061,0.244,0.183,-53.174,258.111,136.316,0.9951,0.0119,-0.0211,-0.0954,0.06,0.06,0.015,2.8,96039.1,0.00,0.000,0.000,2
133084,-0.048,0.033,1.001,-0.061,0.305,0.244,-53.174,258.111,136.316,0.9952,0.0094,-0.0260,-0.0939,0.06,0.05,0.026,3.2,96040.6,0.00,0.000,0.000,2
133284,-0.047,0.029,1.003,-0.122,0.244,0.183,-47.856,264.903,150.516,0.9963,0.0090,-0.0252,-0.0815,0.13,0.12,0.044,3.1,96032.1,0.00,0.000,0.000,2
133484,-0.048,0.031,1.002,0.000,0.305,0.183,-47.856,264.903,150.516,0.9963,0.0093,-0.0260,-0.0812,0.20,0.16,0.040,3.2,96037.0,0.00,0.000,0.000,2
133684,-0.048,0.033,1.001,0.000,0.244,0.183,-47.856,264.903,150.516,0.9963,0.0097,-0.0267,-0.0807,0.18,0.12,0.026,3.3,96036.3,0.00,0.000,0.000,2
133884,-0.049,0.032,1.006,-0.061,0.244,0.244,-47.856,264.903,150.516,0.9963,0.0090,-0.0256,-0.0811,0.24,0.17,0.074,3.1,96038.5,0.00,0.000,0.000,2
134084,-0.049,0.030,1.002,-0.122,0.183,0.183,-47.856,264.903,150.516,0.9963,0.0092,-0.0265,-0.0814,0.25,0.15,0.040,3.2,96039.2,0.00,0.000,0.000,2
134284,-0.048,0.031,1.001,-0.061,0.244,0.244,-47.856,264.903,150.516,0.9964,0.0088,-0.0241,-0.0812,0.26,0.14,0.025,2.9,96035.6,0.00,0.000,0.000,2
134484,-0.049,0.031,1.004,0.000,0.183,0.183,-47.856,264.903,150.516,0.9963,0.0091,-0.0267,-0.0814,0.25,0.12,0.055,3.2,96037.0,0.00,0.000,0.000,2
134684,-0.047,0.031,1.001,0.000,0.122,0.183,-47.856,264.903,150.516,0.9963,0.0093,-0.0263,-0.0812,0.20,0.07,0.025,3.2,96034.2,0.00,0.000,0.000,2
134884,-0.047,0.031,1.000,-0.183,0.244,0.183,-47.856,264.903,150.516,0.9963,0.0084,-0.0254,-0.0813,0.16,0.03,0.015,3.1,96038.4,0.00,0.000,0.000,2
135084,-0.048,0.031,1.005,-0.183,0.183,0.244,-47.856,264.903,150.516,0.9963,0.0088,-0.0259,-0.0813,0.13,0.00,0.063,3.1,96038.5,0.00,0.000,0.000,2
135284,-0.048,0.031,1.003,0.000,0.244,0.305,-62.036,281.205,156.196,0.9942,0.0165,-0.0248,-0.1036,0.12,-0.00,0.049,3.4,96035.6,0.00,0.000,0.000,2
135484,-0.048,0.029,1.002,-0.122,0.183,0.122,-62.036,281.205,156.196,0.9942,0.0161,-0.0248,-0.1038,0.09,-0.02,0.034,3.4,96042.0,0.00,0.000,0.000,2
135684,-0.047,0.034,1.001,-0.061,0.183,0.305,-62.036,281.205,156.196,0.9942,0.0165,-0.0251,-0.1034,0.05,-0.04,0.026,3.4,96038.4,0.00,0.000,0.000,2
135884,-0.048,0.031,1.000,-0.061,0.183,0.244,-62.036,281.205,156.196,0.9942,0.0163,-0.0251,-0.1037,0.05,-0.03,0.011,3.4,96037.1,0.00,0.000,0.000,2
136084,-0.048,0.032,1.003,-0.122,0.183,0.244,-62.036,281.205,156.196,0.9942,0.0163,-0.0239,-0.1036,0.09,0.02,0.045,3.3,96036.3,0.00,0.000,0.000,2
136284,-0.047,0.029,1.006,-0.061,0.183,0.183,-62.036,281.205,156.196,0.9941,0.0158,-0.0246,-0.1040,0.10,0.04,0.077,3.4,96032.7,0.00,0.000,0.000,2
136484,-0.048,0.032,1.006,-0.061,0.183,0.183,-62.036,281.205,156.196,0.9942,0.0167,-0.0244,-0.1034,0.05,-0.00,0.073,3.4,96040.5,0.00,0.000,0.000,2
136684,-0.046,0.029,1.003,-0.061,0.244,0.183,-62.036,281.205,156.196,0.9943,0.0144,-0.0215,-0.1034,0.03,-0.01,0.043,3.0,96035.5,0.00,0.000,0.000,2
136884,-0.047,0.033,1.002,-0.122,0.244,0.183,-62.036,281.205,156.196,0.9946,0.0096,-0.0235,-0.1010,0.05,0.01,0.040,2.9,96037.0,0.00,0.000,0.000,2
137084,-0.049,0.030,1.002,-0.061,0.244,0.183,-62.036,281.205,156.196,0.9945,0.0089,-0.0238,-0.1017,0.03,0.00,0.035,2.9,96038.4,0.00,0.000,0.000,2
137284,-0.049,0.031,1.001,-0.183,0.305,0.305,-56.719,268.978,164.716,0.9949,0.0084,-0.0266,-0.0968,0.04,0.01,0.031,3.2,96037.6,0.00,0.000,0.000,2
137484,-0.048,0.032,1.003,-0.061,0.305,0.183,-56.719,268.978,164.716,0.9950,0.0089,-0.0262,-0.0957,0.02,0.01,0.045,3.2,96036.3,0.00,0.000,0.000,2
137684,-0.048,0.031,1.000,-0.061,0.244,0.244,-56.719,268.978,164.716,0.9950,0.0091,-0.0263,-0.0957,0.08,0.06,0.021,3.2,96034.9,0.00,0.000,0.000,2
137884,-0.050,0.031,1.006,0.000,0.305,0.183,-56.719,268.978,164.716,0.9950,0.0091,-0.0273,-0.0959,0.13,0.10,0.074,3.3,96037.8,0.00,0.000,0.000,2
138084,-0.046,0.031,1.002,-0.122,0.305,0.183,-56.719,268.978,164.716,0.9951,0.0088,-0.0243,-0.0958,0.12,0.08,0.039,3.0,96036.4,0.00,0.000,0.000,2
138284,-0.046,0.031,1.004,-0.061,0.244,0.244,-56.719,268.978,164.716,0.9951,0.0085,-0.0238,-0.0959,0.05,0.01,0.053,2.9,96040.5,0.00,0.000,0.000,2
138484,-0.047,0.031,1.003,-0.122,0.244,0.183,-56.719,268.978,164.716,0.9951,0.0085,-0.0247,-0.0958,0.02,0.00,0.049,3.0,96039.0,0.00,0.000,0.000,2
138684,-0.048,0.032,1.006,-0.122,0.244,0.183,-56.719,268.978,164.716,0.9951,0.0090,-0.0246,-0.0956,-0.04,-0.05,0.078,3.0,96039.2,0.00,0.000,0.000,2
138884,-0.049,0.031,1.003,-0.061,0.183,0.183,-56.719,268.978,164.716,0.9950,0.0084,-0.0261,-0.0959,-0.11,-0.09,0.045,3.1,96039.8,0.00,0.000,0.000,2
139084,-0.048,0.031,1.001,-0.061,0.244,0.183,-56.719,268.978,164.716,0.9950,0.0090,-0.0253,-0.0957,-0.04,-0.00,0.030,3.1,96037.0,0.00,0.000,0.000,2
139284,-0.050,0.031,1.004,-0.122,0.305,0.183,-67.353,268.978,124.957,0.9939,0.0162,-0.0259,-0.1061,0.04,0.07,0.060,3.5,96037.8,0.00,0.000,0.000,2
139484,-0.049,0.031,1.003,0.061,0.183,0.183,-67.353,268.978,124.957,0.9927,0.0093,-0.0274,-0.1170,0.07,0.09,0.045,3.3,96035.0,0.00,0.000,0.000,2
139684,-0.049,0.029,1.001,-0.061,0.183,0.183,-67.353,268.978,124.957,0.9927,0.0080,-0.0259,-0.1172,0.10,0.11,0.030,3.1,96034.9,0.00,0.000,0.000,2
139884,-0.047,0.031,1.004,-0.061,0.244,0.183,-67.353,268.978,124.957,0.9927,0.0106,-0.0276,-0.1172,0.08,0.08,0.054,3.4,96034.3,0.00,0.000,0.000,2
140084,-0.049,0.031,1.003,0.000,0.061,0.244,-67.353,268.978,124.957,0.9927,0.0092,-0.0273,-0.1170,0.11,0.10,0.050,3.3,96036.4,0.00,0.000,0.000,2
140284,-0.046,0.031,1.001,-0.183,0.183,0.183,-67.353,268.978,124.957,0.9928,0.0094,-0.0234,-0.1168,0.08,0.06,0.025,2.9,96038.5,0.00,0.000,0.000,2
140484,-0.047,0.030,1.003,0.000,0.122,0.183,-67.353,268.978,124.957,0.9928,0.0084,-0.0255,-0.1171,0.15,0.12,0.049,3.1,96031.4,0.00,0.000,0.000,2
140684,-0.047,0.028,1.004,0.000,0.183,0.122,-67.353,268.978,124.957,0.9928,0.0081,-0.0255,-0.1171,0.14,0.10,0.058,3.1,96034.2,0.00,0.000,0.000,2
140884,-0.047,0.031,1.004,-0.061,0.183,0.183,-67.353,268.978,124.957,0.9928,0.0091,-0.0240,-0.1169,0.10,0.06,0.058,2.9,96039.1,0.00,0.000,0.000,2
141084,-0.049,0.032,1.004,-0.061,0.244,0.183,-67.353,268.978,124.957,0.9928,0.0094,-0.0259,-0.1167,0.07,0.03,0.055,3.2,96034.8,0.00,0.000,0.000,2
141284,-0.047,0.030,1.002,-0.061,0.305,0.122,-67.353,268.978,124.957,0.9928,0.0094,-0.0230,-0.1173,0.09,0.05,0.039,2.9,96034.1,0.00,0.000,0.000,2
141484,-0.048,0.030,1.003,-0.061,0.244,0.244,-67.353,268.978,124.957,0.9927,0.0085,-0.0258,-0.1171,0.11,0.07,0.049,3.1,96032.7,0.00,0.000,0.000,2
141684,-0.050,0.032,1.002,0.000,0.183,0.183,-67.353,268.978,124.957,0.9927,0.0094,-0.0278,-0.1169,0.05,0.01,0.041,3.4,96037.0,0.00,0.000,0.000,2
141884,-0.049,0.030,1.003,0.000,0.183,0.122,-67.353,268.978,124.957,0.9927,0.0091,-0.0274,-0.1170,0.07,0.03,0.045,3.3,96037.0,0.00,0.000,0.000,2
142084,-0.048,0.031,1.003,0.061,0.122,0.244,-67.353,268.978,124.957,0.9928,0.0092,-0.0246,-0.1168,0.04,0.01,0.044,3.0,96036.3,0.00,0.000,0.000,2
142284,-0.048,0.032,1.003,0.000,0.244,0.244,-67.353,268.978,124.957,0.9927,0.0096,-0.0269,-0.1168,0.03,0.01,0.045,3.3,96034.9,0.00,0.000,0.000,2
142484,-0.048,0.032,1.003,-0.061,0.183,0.244,-67.353,268.978,124.957,0.9928,0.0092,-0.0252,-0.1167,-0.00,-0.02,0.045,3.1,96042.6,0.00,0.000,0.000,2
142684,-0.048,0.031,1.002,-0.061,0.244,0.122,-67.353,268.978,124.957,0.9928,0.0090,-0.0245,-0.1170,-0.01,-0.01,0.040,3.0,96034.9,0.00,0.000,0.000,2
142884,-0.048,0.031,1.002,0.000,0.305,0.183,-67.353,268.978,124.957,0.9928,0.0088,-0.0258,-0.1169,-0.02,-0.01,0.039,3.1,96037.0,0.00,0.000,0.000,2
143084,-0.047,0.031,1.000,-0.061,0.183,0.244,-67.353,268.978,124.957,0.9928,0.0088,-0.0253,-0.1169,-0.00,0.02,0.020,3.1,96038.4,0.00,0.000,0.000,2
143284,-0.048,0.031,1.003,0.000,0.244,0.244,-67.353,268.978,124.957,0.9928,0.0087,-0.0255,-0.1169,0.01,0.03,0.049,3.1,96037.8,0.00,0.000,0.000,2
143484,-0.045,0.031,1.004,-0.061,0.244,0.183,-67.353,268.978,124.957,0.9928,0.0097,-0.0223,-0.1172,0.01,0.03,0.058,2.8,96035.5,0.00,0.000,0.000,2
143684,-0.047,0.031,1.004,-0.122,0.305,0.183,-67.353,268.978,124.957,0.9928,0.0090,-0.0258,-0.1169,-0.02,0.01,0.059,3.1,96038.5,0.00,0.000,0.000,2
143884,-0.047,0.031,1.002,-0.122,0.366,0.244,-67.353,268.978,124.957,0.9928,0.0093,-0.0239,-0.1169,-0.01,0.02,0.039,2.9,96034.8,0.00,0.000,0.000,2
144084,-0.047,0.031,1.004,-0.122,0.305,0.244,-67.353,268.978,124.957,0.9928,0.0093,-0.0262,-0.1167,-0.01,0.03,0.054,3.2,96033.5,0.00,0.000,0.000,2
144284,-0.045,0.029,1.001,-0.122,0.366,0.183,-67.353,268.978,124.957,0.9928,0.0091,-0.0223,-0.1173,0.02,0.06,0.024,2.8,96036.3,0.00,0.000,0.000,2
144484,-0.048,0.031,1.003,-0.061,0.244,0.244,-51.401,278.488,190.275,0.9961,0.0109,-0.0286,-0.0826,0.03,0.06,0.044,3.5,96037.6,0.00,0.000,0.000,2
144684,-0.049,0.032,1.004,-0.061,0.244,0.183,-51.401,278.488,190.275,0.9963,0.0092,-0.0267,-0.0817,0.08,0.10,0.055,3.2,96032.8,0.00,0.000,0.000,2
144884,-0.046,0.030,1.004,-0.061,0.183,0.244,-51.401,278.488,190.275,0.9963,0.0090,-0.0227,-0.0823,0.11,0.12,0.053,2.8,96036.3,0.00,0.000,0.000,2
145084,-0.046,0.030,1.002,0.000,0.366,0.122,-51.401,278.488,190.275,0.9963,0.0085,-0.0249,-0.0820,0.10,0.10,0.038,3.0,96036.3,0.00,0.000,0.000,2
145284,-0.050,0.031,1.000,-0.061,0.122,0.183,-51.401,278.488,190.275,0.9963,0.0087,-0.0265,-0.0818,0.08,0.07,0.016,3.2,96033.5,0.00,0.000,0.000,2
145484,-0.049,0.033,1.004,-0.122,0.244,0.244,-51.401,278.488,190.275,0.9963,0.0096,-0.0270,-0.0814,0.04,0.03,0.059,3.3,96035.6,0.00,0.000,0.000,2
145684,-0.047,0.031,1.001,-0.061,0.244,0.244,-51.401,278.488,190.275,0.9963,0.0089,-0.0241,-0.0818,0.01,0.01,0.025,2.9,96034.2,0.00,0.000,0.000,2
145884,-0.049,0.030,1.002,0.061,0.244,0.122,-51.401,278.488,190.275,0.9962,0.0087,-0.0264,-0.0822,0.05,0.05,0.035,3.2,96034.2,0.00,0.000,0.000,2
146084,-0.049,0.031,1.001,-0.122,0.183,0.244,-51.401,278.488,190.275,0.9963,0.0087,-0.0257,-0.0819,0.05,0.05,0.026,3.1,96036.4,0.00,0.000,0.000,2
146284,-0.049,0.031,1.003,-0.061,0.305,0.244,-51.401,278.488,190.275,0.9963,0.0088,-0.0260,-0.0818,0.07,0.06,0.045,3.1,96036.3,0.00,0.000,0.000,2
146484,-0.048,0.032,1.001,-0.061,0.366,0.183,-51.401,278.488,190.275,0.9962,0.0098,-0.0276,-0.0819,0.10,0.08,0.030,3.4,96035.6,0.00,0.000,0.000,2
146684,-0.048,0.028,1.004,-0.122,0.183,0.183,-51.401,278.488,190.275,0.9962,0.0085,-0.0255,-0.0823,0.13,0.11,0.058,3.1,96031.3,0.00,0.000,0.000,2
146884,-0.048,0.031,1.002,-0.061,0.244,0.122,-51.401,278.488,190.275,0.9963,0.0089,-0.0258,-0.0819,0.13,0.09,0.040,3.1,96035.5,0.00,0.000,0.000,2
147084,-0.046,0.030,1.000,-0.061,0.183,0.244,-51.401,278.488,190.275,0.9963,0.0088,-0.0235,-0.0820,0.09,0.06,0.019,2.9,96036.3,0.00,0.000,0.000,2
147284,-0.050,0.032,1.000,-0.061,0.244,0.244,-86.851,259.469,150.516,0.9952,0.0205,-0.0250,-0.0923,0.08,0.04,0.016,3.7,96038.3,0.00,0.000,0.000,2
147484,-0.048,0.033,1.004,-0.061,0.244,0.244,-86.851,259.469,150.516,0.9875,0.0137,-0.0251,-0.1551,0.03,-0.00,0.060,3.3,96035.7,0.00,0.000,0.000,2
147684,-0.050,0.030,1.005,-0.122,0.183,0.244,-86.851,259.469,150.516,0.9871,0.0126,-0.0275,-0.1571,0.04,0.01,0.064,3.5,96035.6,0.00,0.000,0.000,2
147884,-0.048,0.031,1.000,0.000,0.183,0.183,-86.851,259.469,150.516,0.9872,0.0119,-0.0252,-0.1568,0.02,0.00,0.021,3.2,96039.8,0.00,0.000,0.000,2
148084,-0.048,0.033,1.001,-0.061,0.183,0.183,-86.851,259.469,150.516,0.9872,0.0120,-0.0277,-0.1564,-0.03,-0.03,0.031,3.5,96038.3,0.00,0.000,0.000,2
148284,-0.045,0.031,1.004,-0.122,0.183,0.244,-86.851,259.469,150.516,0.9873,0.0114,-0.0227,-0.1566,-0.10,-0.08,0.053,2.9,96034.3,0.00,0.000,0.000,2
148484,-0.048,0.031,1.002,0.000,0.305,0.122,-86.851,259.469,150.516,0.9873,0.0097,-0.0270,-0.1562,-0.09,-0.05,0.035,3.3,96035.6,0.00,0.000,0.000,2
148684,-0.049,0.030,1.001,0.000,0.244,0.244,-86.851,259.469,150.516,0.9872,0.0107,-0.0273,-0.1569,-0.08,-0.02,0.031,3.4,96033.6,0.00,0.000,0.000,2
148884,-0.048,0.031,1.001,-0.122,0.244,0.122,-86.851,259.469,150.516,0.9872,0.0117,-0.0258,-0.1569,-0.03,0.03,0.026,3.2,96034.1,0.00,0.000,0.000,2
149084,-0.047,0.028,1.006,-0.122,0.244,0.244,-86.851,259.469,150.516,0.9872,0.0097,-0.0250,-0.1571,-0.00,0.06,0.077,3.1,96034.1,0.00,0.000,0.000,2
149284,-0.047,0.031,1.005,0.061,0.183,0.183,-86.851,259.469,150.516,0.9873,0.0108,-0.0242,-0.1566,0.03,0.09,0.068,3.0,96034.2,0.00,0.000,0.000,2
149484,-0.047,0.031,1.004,0.000,0.244,0.183,-86.851,259.469,150.516,0.9873,0.0102,-0.0244,-0.1565,-0.03,0.03,0.058,3.0,96037.6,0.00,0.000,0.000,2
149684,-0.049,0.030,1.007,-0.061,0.183,0.244,-86.851,259.469,150.516,0.9872,0.0101,-0.0280,-0.1566,-0.03,0.03,0.088,3.4,96037.0,0.00,0.000,0.000,2
149884,-0.047,0.032,1.001,-0.061,0.244,0.244,-86.851,259.469,150.516,0.9872,0.0124,-0.0259,-0.1567,0.01,0.07,0.030,3.3,96037.0,0.00,0.000,0.000,2
150084,-0.049,0.030,1.005,-0.122,0.244,0.183,-86.851,259.469,150.516,0.9873,0.0099,-0.0263,-0.1565,-0.06,-0.00,0.064,3.2,96042.8,0.00,0.000,0.000,2
150284,-0.049,0.031,1.002,0.000,0.244,0.122,-86.851,259.469,150.516,0.9872,0.0106,-0.0272,-0.1566,-0.04,0.03,0.036,3.3,96030.8,0.00,0.000,0.000,2
150484,-0.048,0.029,1.001,-0.122,0.244,0.122,-86.851,259.469,150.516,0.9873,0.0093,-0.0265,-0.1564,-0.03,0.04,0.030,3.2,96035.0,0.00,0.000,0.000,2
150684,-0.049,0.029,1.004,-0.061,0.244,0.244,-86.851,259.469,150.516,0.9873,0.0089,-0.0266,-0.1565,-0.05,0.03,0.054,3.2,96036.4,0.00,0.000,0.000,2
150884,-0.048,0.031,1.001,0.061,0.244,0.122,-86.851,259.469,150.516,0.9873,0.0101,-0.0252,-0.1563,-0.11,-0.02,0.030,3.1,96040.6,0.00,0.000,0.000,2
151084,-0.045,0.029,1.005,-0.061,0.183,0.122,-86.851,259.469,150.516,0.9874,0.0086,-0.0245,-0.1559,-0.09,0.01,0.067,3.0,96037.8,0.00,0.000,0.000,2
151284,-0.049,0.032,1.004,-0.061,0.183,0.183,-86.851,259.469,150.516,0.9873,0.0108,-0.0270,-0.1564,-0.05,0.05,0.055,3.3,96039.1,0.00,0.000,0.000,2
151484,-0.048,0.032,1.003,-0.061,0.244,0.244,-53.174,263.544,164.716,0.9954,0.0097,-0.0221,-0.0924,-0.05,0.05,0.044,2.8,96041.2,0.00,0.000,0.000,2
151684,-0.048,0.030,1.002,-0.122,0.244,0.244,-53.174,263.544,164.716,0.9954,0.0090,-0.0268,-0.0914,-0.04,0.06,0.040,3.2,96036.4,0.00,0.000,0.000,2
151884,-0.046,0.032,1.001,0.000,0.244,0.244,-53.174,263.544,164.716,0.9955,0.0088,-0.0237,-0.0910,-0.02,0.07,0.029,2.9,96034.3,0.00,0.000,0.000,2
152084,-0.045,0.031,1.004,-0.122,0.183,0.244,-53.174,263.544,164.716,0.9955,0.0090,-0.0226,-0.0912,-0.01,0.07,0.057,2.8,96038.5,0.00,0.000,0.000,2
152284,-0.047,0.030,0.999,-0.122,0.305,0.183,-53.174,263.544,164.716,0.9955,0.0083,-0.0241,-0.0913,0.03,0.10,0.005,2.9,96034.3,0.00,0.000,0.000,2
152484,-0.048,0.032,0.999,0.000,0.122,0.244,-53.174,263.544,164.716,0.9954,0.0095,-0.0271,-0.0912,0.08,0.14,0.006,3.3,96034.4,0.00,0.000,0.000,2
152684,-0.045,0.030,1.003,-0.061,0.305,0.183,-53.174,263.544,164.716,0.9955,0.0086,-0.0233,-0.0914,0.06,0.10,0.043,2.8,96038.7,0.00,0.000,0.000,2
152884,-0.047,0.030,1.003,0.000,0.305,0.305,-53.174,263.544,164.716,0.9954,0.0087,-0.0260,-0.0913,0.09,0.12,0.049,3.1,96035.0,0.00,0.000,0.000,2
153084,-0.048,0.030,1.002,-0.061,0.305,0.244,-53.174,263.544,164.716,0.9954,0.0082,-0.0261,-0.0916,0.11,0.12,0.035,3.1,96036.3,0.00,0.000,0.000,2
153284,-0.049,0.031,1.004,-0.061,0.244,0.244,-53.174,263.544,164.716,0.9955,0.0086,-0.0257,-0.0911,0.11,0.11,0.054,3.1,96031.5,0.00,0.000,0.000,2
153484,-0.046,0.032,1.003,0.000,0.244,0.183,-65.581,262.186,150.516,0.9927,0.0165,-0.0244,-0.1173,0.12,0.11,0.044,3.4,96034.4,0.00,0.000,0.000,2
153684,-0.046,0.031,1.004,-0.061,0.305,0.183,-65.581,262.186,150.516,0.9926,0.0156,-0.0239,-0.1178,0.12,0.10,0.053,3.3,96034.3,0.00,0.000,0.000,2
153884,-0.047,0.031,1.003,-0.061,0.244,0.122,-65.581,262.186,150.516,0.9926,0.0153,-0.0256,-0.1177,0.08,0.05,0.049,3.4,96034.4,0.00,0.000,0.000,2
154084,-0.049,0.030,1.006,-0.061,0.244,0.305,-65.581,262.186,150.516,0.9926,0.0156,-0.0249,-0.1179,0.08,0.05,0.073,3.4,96035.1,0.00,0.000,0.000,2
154284,-0.047,0.031,1.004,0.000,0.305,0.244,-65.581,262.186,150.516,0.9926,0.0162,-0.0255,-0.1175,0.09,0.06,0.054,3.5,96033.6,0.00,0.000,0.000,2
154484,-0.047,0.032,1.002,-0.122,0.244,0.244,-65.581,262.186,150.516,0.9926,0.0160,-0.0246,-0.1176,0.01,-0.01,0.040,3.4,96038.7,0.00,0.000,0.000,2
154684,-0.046,0.032,1.002,0.000,0.183,0.183,-65.581,262.186,150.516,0.9926,0.0159,-0.0249,-0.1176,0.00,-0.01,0.039,3.4,96035.8,0.00,0.000,0.000,2
154884,-0.048,0.031,1.002,-0.061,0.122,0.244,-65.581,262.186,150.516,0.9926,0.0155,-0.0248,-0.1179,0.01,0.01,0.040,3.4,96033.7,0.00,0.000,0.000,2
155084,-0.049,0.030,0.999,0.000,0.183,0.183,-65.581,262.186,150.516,0.9926,0.0158,-0.0260,-0.1178,0.01,0.02,0.006,3.5,96035.2,0.00,0.000,0.000,2
155284,-0.049,0.031,1.000,0.000,0.244,0.244,-65.581,262.186,150.516,0.9926,0.0158,-0.0271,-0.1174,0.03,0.04,0.021,3.6,96035.1,0.00,0.000,0.000,2
155484,-0.047,0.031,1.002,-0.061,0.244,0.244,-65.581,262.186,150.516,0.9926,0.0162,-0.0249,-0.1175,0.06,0.06,0.034,3.4,96037.3,0.00,0.000,0.000,2
155684,-0.049,0.029,1.000,-0.122,0.244,0.244,-65.581,262.186,150.516,0.9926,0.0149,-0.0260,-0.1179,0.07,0.07,0.021,3.4,96036.6,0.00,0.000,0.000,2
155884,-0.046,0.031,1.003,-0.061,0.244,0.305,-65.581,262.186,150.516,0.9926,0.0159,-0.0249,-0.1177,0.07,0.06,0.044,3.4,96032.9,0.00,0.000,0.000,2
156084,-0.047,0.031,1.005,-0.061,0.244,0.244,-65.581,262.186,150.516,0.9926,0.0158,-0.0244,-0.1177,0.05,0.04,0.068,3.3,96041.4,0.00,0.000,0.000,2
156284,-0.049,0.030,0.998,-0.061,0.183,0.183,-65.581,262.186,150.516,0.9927,0.0136,-0.0229,-0.1175,0.09,0.08,-0.003,3.1,96034.5,0.00,0.000,0.000,2
156484,-0.048,0.032,1.004,-0.061,0.244,0.244,-65.581,262.186,150.516,0.9926,0.0164,-0.0244,-0.1175,0.18,0.15,0.059,3.4,96030.9,0.00,0.000,0.000,2
156684,-0.047,0.031,1.001,-0.061,0.244,0.122,-65.581,262.186,150.516,0.9927,0.0145,-0.0226,-0.1175,0.16,0.11,0.025,3.1,96032.3,0.00,0.000,0.000,2
156884,-0.049,0.031,1.002,-0.061,0.183,0.183,-65.581,262.186,150.516,0.9926,0.0161,-0.0258,-0.1177,0.06,0.01,0.040,3.5,96042.0,0.00,0.000,0.000,2
157084,-0.048,0.031,1.005,0.000,0.244,0.244,-65.581,262.186,150.516,0.9926,0.0158,-0.0258,-0.1177,-0.01,-0.04,0.068,3.5,96040.0,0.00,0.000,0.000,2
157284,-0.048,0.030,1.002,-0.122,0.183,0.244,-65.581,262.186,150.516,0.9926,0.0154,-0.0244,-0.1178,-0.01,-0.03,0.040,3.3,96033.8,0.00,0.000,0.000,2
157484,-0.044,0.028,1.002,-0.122,0.122,0.183,-67.353,263.544,136.316,0.9924,0.0136,-0.0212,-0.1204,0.00,-0.00,0.033,2.9,96034.4,0.00,0.000,0.000,2
157684,-0.049,0.030,1.003,-0.061,0.305,0.244,-67.353,263.544,136.316,0.9922,0.0144,-0.0279,-0.1205,-0.06,-0.04,0.045,3.6,96039.9,0.00,0.000,0.000,2
157884,-0.047,0.031,0.999,-0.061,0.122,0.244,-67.353,263.544,136.316,0.9924,0.0123,-0.0281,-0.1196,-0.07,-0.04,0.006,3.5,96042.4,0.00,0.000,0.000,2
158084,-0.049,0.031,1.002,-0.122,0.244,0.244,-67.353,263.544,136.316,0.9925,0.0089,-0.0273,-0.1190,-0.08,-0.03,0.035,3.3,96037.3,0.00,0.000,0.000,2
158284,-0.049,0.030,1.004,-0.122,0.183,0.183,-67.353,263.544,136.316,0.9925,0.0085,-0.0269,-0.1190,-0.07,-0.01,0.054,3.2,96033.8,0.00,0.000,0.000,2
158484,-0.049,0.030,1.001,0.000,0.183,0.122,-67.353,263.544,136.316,0.9925,0.0087,-0.0266,-0.1188,-0.05,0.01,0.025,3.2,96036.7,0.00,0.000,0.000,2
158684,-0.048,0.031,1.005,-0.061,0.244,0.244,-67.353,263.544,136.316,0.9925,0.0089,-0.0269,-0.1190,0.02,0.08,0.068,3.2,96034.5,0.00,0.000,0.000,2
158884,-0.048,0.031,1.000,-0.061,0.183,0.244,-67.353,263.544,136.316,0.9925,0.0087,-0.0259,-0.1190,0.05,0.10,0.011,3.1,96036.0,0.00,0.000,0.000,2
159084,-0.049,0.029,1.005,0.061,0.183,0.244,-67.353,263.544,136.316,0.9925,0.0081,-0.0253,-0.1192,0.06,0.09,0.068,3.0,96035.2,0.00,0.000,0.000,2
159284,-0.047,0.031,1.003,-0.061,0.183,0.183,-67.353,263.544,136.316,0.9925,0.0093,-0.0267,-0.1188,0.04,0.07,0.044,3.2,96036.7,0.00,0.000,0.000,2
159484,-0.047,0.031,1.004,0.000,0.305,0.183,-74.443,268.978,130.637,0.9916,0.0132,-0.0261,-0.1258,0.03,0.06,0.059,3.4,96040.8,0.00,0.000,0.000,2
159684,-0.046,0.030,1.003,-0.061,0.122,0.183,-74.443,268.978,130.637,0.9913,0.0089,-0.0250,-0.1292,0.03,0.05,0.044,3.0,96040.3,0.00,0.000,0.000,2
159884,-0.048,0.030,1.005,-0.122,0.183,0.244,-74.443,268.978,130.637,0.9912,0.0088,-0.0246,-0.1296,-0.03,-0.00,0.068,3.0,96040.8,0.00,0.000,0.000,2
160084,-0.049,0.031,1.002,-0.061,0.366,0.183,-74.443,268.978,130.637,0.9912,0.0090,-0.0262,-0.1293,-0.05,-0.01,0.035,3.2,96038.7,0.00,0.000,0.000,2
160284,-0.048,0.031,1.002,-0.183,0.305,0.183,-74.443,268.978,130.637,0.9909,0.0151,-0.0255,-0.1311,-0.05,0.00,0.040,3.4,96037.4,0.00,0.000,0.000,2
160484,-0.048,0.030,1.002,-0.061,0.183,0.244,-74.443,268.978,130.637,0.9910,0.0139,-0.0239,-0.1310,-0.05,0.01,0.039,3.2,96039.5,0.00,0.000,0.000,2
160684,-0.049,0.032,1.002,-0.061,0.183,0.244,-74.443,268.978,130.637,0.9909,0.0154,-0.0255,-0.1311,-0.02,0.04,0.041,3.4,96036.6,0.00,0.000,0.000,2
160884,-0.048,0.030,1.002,-0.183,0.183,0.244,-74.443,268.978,130.637,0.9910,0.0140,-0.0251,-0.1310,-0.02,0.04,0.035,3.3,96036.2,0.00,0.000,0.000,2
161084,-0.049,0.030,1.004,-0.122,0.305,0.122,-74.443,268.978,130.637,0.9909,0.0146,-0.0261,-0.1311,-0.03,0.03,0.059,3.4,96039.5,0.00,0.000,0.000,2
161284,-0.048,0.031,1.003,-0.061,0.244,0.183,-74.443,268.978,130.637,0.9910,0.0149,-0.0244,-0.1310,-0.03,0.04,0.049,3.3,96037.4,0.00,0.000,0.000,2
161484,-0.048,0.032,1.004,0.000,0.244,0.244,-74.443,268.978,130.637,0.9909,0.0152,-0.0252,-0.1312,-0.03,0.04,0.059,3.4,96036.2,0.00,0.000,0.000,2
161684,-0.047,0.030,1.003,-0.183,0.122,0.244,-74.443,268.978,130.637,0.9910,0.0145,-0.0240,-0.1312,-0.04,0.03,0.049,3.2,96040.4,0.00,0.000,0.000,2
161884,-0.048,0.031,1.003,-0.244,0.305,0.183,-74.443,268.978,130.637,0.9911,0.0109,-0.0279,-0.1296,-0.05,0.02,0.049,3.4,96041.6,0.00,0.000,0.000,2
162084,-0.046,0.033,1.007,-0.122,0.244,0.244,-74.443,268.978,130.637,0.9912,0.0109,-0.0247,-0.1293,-0.03,0.05,0.083,3.1,96035.5,0.00,0.000,0.000,2
162284,-0.045,0.033,1.002,-0.061,0.183,0.244,-74.443,268.978,130.637,0.9912,0.0108,-0.0245,-0.1293,-0.03,0.05,0.039,3.1,96036.9,0.00,0.000,0.000,2
162484,-0.050,0.033,1.002,-0.061,0.183,0.122,-74.443,268.978,130.637,0.9911,0.0140,-0.0250,-0.1304,-0.01,0.06,0.041,3.3,96038.1,0.00,0.000,0.000,2
162684,-0.047,0.032,1.004,-0.183,0.244,0.183,-74.443,268.978,130.637,0.9910,0.0149,-0.0238,-0.1307,0.01,0.08,0.059,3.2,96037.5,0.00,0.000,0.000,2
162884,-0.049,0.032,1.002,-0.061,0.183,0.183,-74.443,268.978,130.637,0.9910,0.0150,-0.0248,-0.1309,0.08,0.13,0.036,3.3,96036.0,0.00,0.000,0.000,2
163084,-0.048,0.032,1.005,-0.122,0.366,0.244,-74.443,268.978,130.637,0.9910,0.0151,-0.0248,-0.1310,0.15,0.18,0.064,3.3,96035.5,0.00,0.000,0.000,2
163284,-0.047,0.032,1.002,0.000,0.183,0.183,-74.443,268.978,130.637,0.9910,0.0156,-0.0246,-0.1309,0.16,0.17,0.040,3.3,96039.1,0.00,0.000,0.000,2
163484,-0.049,0.031,1.006,-0.061,0.244,0.183,-74.443,268.978,130.637,0.9910,0.0138,-0.0243,-0.1310,0.09,0.09,0.078,3.2,96033.4,0.00,0.000,0.000,2
163684,-0.045,0.030,1.001,-0.061,0.305,0.183,-51.401,281.205,161.876,0.9962,0.0101,-0.0263,-0.0828,0.02,0.02,0.024,3.2,96041.9,0.00,0.000,0.000,2
163884,-0.048,0.031,1.001,0.000,0.183,0.305,-51.401,281.205,161.876,0.9963,0.0090,-0.0253,-0.0821,0.01,0.01,0.025,3.1,96038.3,0.00,0.000,0.000,2
164084,-0.047,0.031,1.001,-0.122,0.244,0.244,-51.401,281.205,161.876,0.9962,0.0090,-0.0263,-0.0824,-0.01,0.00,0.025,3.2,96034.7,0.00,0.000,0.000,2
164284,-0.048,0.031,1.001,-0.061,0.183,0.244,-51.401,281.205,161.876,0.9961,0.0150,-0.0212,-0.0845,-0.01,0.01,0.030,3.0,96041.9,0.00,0.000,0.000,2
164484,-0.047,0.032,0.999,-0.061,0.183,0.244,-51.401,281.205,161.876,0.9960,0.0166,-0.0227,-0.0842,0.04,0.05,0.006,3.2,96037.0,0.00,0.000,0.000,2
164684,-0.048,0.033,1.002,-0.122,0.183,0.305,-51.401,281.205,161.876,0.9960,0.0171,-0.0252,-0.0843,0.05,0.06,0.035,3.5,96036.3,0.00,0.000,0.000,2
164884,-0.048,0.030,1.004,-0.061,0.183,0.122,-51.401,281.205,161.876,0.9960,0.0171,-0.0246,-0.0846,0.07,0.08,0.054,3.4,96037.7,0.00,0.000,0.000,2
165084,-0.048,0.030,1.003,-0.061,0.244,0.183,-51.401,281.205,161.876,0.9960,0.0166,-0.0240,-0.0849,0.04,0.04,0.049,3.3,96040.5,0.00,0.000,0.000,2
165284,-0.048,0.031,1.005,0.000,0.244,0.122,-51.401,281.205,161.876,0.9960,0.0171,-0.0241,-0.0845,0.03,0.04,0.069,3.4,96037.7,0.00,0.000,0.000,2
165484,-0.048,0.031,1.000,-0.122,0.183,0.244,-51.401,281.205,161.876,0.9960,0.0166,-0.0247,-0.0845,-0.01,-0.00,0.011,3.4,96040.6,0.00,0.000,0.000,2
165684,-0.047,0.030,1.006,-0.061,0.244,0.183,-51.401,281.205,161.876,0.9960,0.0167,-0.0234,-0.0846,-0.00,0.02,0.077,3.3,96037.0,0.00,0.000,0.000,2
165884,-0.047,0.033,1.002,0.000,0.122,0.244,-51.401,281.205,161.876,0.9961,0.0177,-0.0231,-0.0838,-0.02,0.01,0.040,3.3,96037.7,0.00,0.000,0.000,2
166084,-0.048,0.033,1.000,-0.061,0.244,0.244,-51.401,281.205,161.876,0.9960,0.0172,-0.0247,-0.0844,-0.06,-0.03,0.016,3.5,96037.7,0.00,0.000,0.000,2
166284,-0.049,0.028,1.004,-0.122,0.305,0.244,-51.401,281.205,161.876,0.9959,0.0167,-0.0245,-0.0850,-0.11,-0.05,0.053,3.4,96039.8,0.00,0.000,0.000,2
166484,-0.047,0.032,1.003,-0.061,0.244,0.244,-51.401,281.205,161.876,0.9960,0.0166,-0.0244,-0.0845,-0.09,-0.02,0.044,3.4,96038.4,0.00,0.000,0.000,2
166684,-0.047,0.032,1.001,-0.061,0.244,0.183,-51.401,281.205,161.876,0.9960,0.0170,-0.0245,-0.0843,-0.03,0.04,0.025,3.4,96034.2,0.00,0.000,0.000,2
166884,-0.049,0.032,1.006,0.000,0.183,0.244,-51.401,281.205,161.876,0.9960,0.0169,-0.0258,-0.0842,0.05,0.12,0.074,3.5,96031.4,0.00,0.000,0.000,2
167084,-0.046,0.030,1.002,0.000,0.305,0.244,-51.401,281.205,161.876,0.9960,0.0168,-0.0236,-0.0848,0.07,0.12,0.039,3.3,96044.0,0.00,0.000,0.000,2
167284,-0.048,0.031,1.004,-0.061,0.305,0.183,-51.401,281.205,161.876,0.9960,0.0170,-0.0251,-0.0846,0.10,0.13,0.054,3.5,96036.4,0.00,0.000,0.000,2
167484,-0.048,0.033,1.002,-0.061,0.305,0.183,-51.401,281.205,161.876,0.9960,0.0171,-0.0252,-0.0844,0.02,0.04,0.036,3.5,96041.2,0.00,0.000,0.000,2
167684,-0.049,0.030,1.006,0.000,0.305,0.305,-54.946,270.337,156.196,0.9957,0.0162,-0.0252,-0.0876,0.03,0.05,0.078,3.4,96036.3,0.00,0.000,0.000,2
167884,-0.047,0.030,1.005,0.000,0.244,0.244,-54.946,270.337,156.196,0.9953,0.0086,-0.0250,-0.0927,0.03,0.05,0.063,3.0,96036.3,0.00,0.000,0.000,2
168084,-0.047,0.030,1.002,-0.061,0.183,0.244,-54.946,270.337,156.196,0.9954,0.0083,-0.0244,-0.0927,0.04,0.06,0.039,3.0,96032.1,0.00,0.000,0.000,2
168284,-0.047,0.031,1.001,-0.183,0.244,0.183,-54.946,270.337,156.196,0.9954,0.0085,-0.0249,-0.0924,0.08,0.09,0.029,3.0,96034.9,0.00,0.000,0.000,2
168484,-0.047,0.031,1.002,-0.122,0.305,0.244,-54.946,270.337,156.196,0.9954,0.0085,-0.0255,-0.0925,0.08,0.09,0.039,3.1,96034.2,0.00,0.000,0.000,2
168684,-0.047,0.031,1.001,-0.183,0.244,0.244,-54.946,270.337,156.196,0.9954,0.0086,-0.0247,-0.0924,0.11,0.11,0.029,3.0,96039.2,0.00,0.000,0.000,2
168884,-0.048,0.029,1.003,-0.122,0.305,0.244,-54.946,270.337,156.196,0.9953,0.0084,-0.0253,-0.0927,0.09,0.08,0.049,3.1,96039.8,0.00,0.000,0.000,2
169084,-0.050,0.030,1.002,-0.061,0.122,0.122,-54.946,270.337,156.196,0.9950,0.0167,-0.0261,-0.0946,0.02,0.01,0.040,3.6,96038.4,0.00,0.000,0.000,2
169284,-0.049,0.030,1.003,-0.061,0.305,0.183,-54.946,270.337,156.196,0.9950,0.0167,-0.0252,-0.0948,-0.08,-0.07,0.049,3.5,96042.0,0.00,0.000,0.000,2
169484,-0.048,0.029,1.002,-0.061,0.244,0.244,-54.946,270.337,156.196,0.9951,0.0157,-0.0229,-0.0950,-0.15,-0.11,0.034,3.2,96042.6,0.00,0.000,0.000,2
169684,-0.047,0.031,1.004,-0.122,0.305,0.183,-54.946,270.337,156.196,0.9950,0.0167,-0.0250,-0.0948,-0.11,-0.05,0.059,3.4,96037.7,0.00,0.000,0.000,2
169884,-0.047,0.028,1.007,-0.061,0.183,0.183,-54.946,270.337,156.196,0.9951,0.0152,-0.0223,-0.0950,-0.09,-0.02,0.086,3.1,96041.2,0.00,0.000,0.000,2
170084,-0.045,0.033,1.006,-0.061,0.183,0.183,-54.946,270.337,156.196,0.9954,0.0104,-0.0213,-0.0926,-0.11,-0.03,0.077,2.7,96038.4,0.00,0.000,0.000,2
170284,-0.050,0.031,1.002,-0.122,0.305,0.183,-54.946,270.337,156.196,0.9950,0.0168,-0.0256,-0.0951,-0.10,-0.01,0.036,3.5,96038.4,0.00,0.000,0.000,2
170484,-0.048,0.034,0.999,-0.122,0.244,0.183,-54.946,270.337,156.196,0.9951,0.0171,-0.0254,-0.0945,-0.08,0.02,0.007,3.5,96040.0,0.00,0.000,0.000,2
170684,-0.046,0.030,1.003,-0.122,0.244,0.183,-54.946,270.337,156.196,0.9951,0.0157,-0.0224,-0.0947,-0.07,0.03,0.048,3.1,96040.5,0.00,0.000,0.000,2
170884,-0.046,0.032,1.004,0.000,0.183,0.183,-54.946,270.337,156.196,0.9954,0.0107,-0.0212,-0.0928,-0.09,0.02,0.058,2.7,96041.2,0.00,0.000,0.000,2
171084,-0.049,0.032,1.004,-0.061,0.244,0.183,-54.946,270.337,156.196,0.9951,0.0152,-0.0284,-0.0940,-0.13,-0.01,0.055,3.7,96039.8,0.00,0.000,0.000,2
171284,-0.049,0.029,1.003,-0.061,0.366,0.183,-54.946,270.337,156.196,0.9950,0.0160,-0.0237,-0.0952,-0.12,0.00,0.044,3.3,96044.2,0.00,0.000,0.000,2
171484,-0.047,0.030,1.001,0.000,0.305,0.244,-54.946,270.337,156.196,0.9951,0.0158,-0.0228,-0.0948,-0.16,-0.02,0.025,3.2,96040.6,0.00,0.000,0.000,2
171684,-0.050,0.031,1.002,-0.061,0.244,0.183,-62.036,270.337,156.196,0.9948,0.0165,-0.0258,-0.0973,-0.12,0.02,0.040,3.5,96041.2,0.00,0.000,0.000,2
171884,-0.050,0.032,0.999,-0.061,0.183,0.305,-62.036,270.337,156.196,0.9938,0.0169,-0.0246,-0.1074,-0.04,0.09,0.008,3.4,96041.9,0.00,0.000,0.000,2
172084,-0.050,0.030,1.005,-0.061,0.305,0.122,-62.036,270.337,156.196,0.9937,0.0141,-0.0288,-0.1073,0.02,0.13,0.064,3.7,96042.7,0.00,0.000,0.000,2
172284,-0.049,0.029,1.007,-0.061,0.305,0.122,-62.036,270.337,156.196,0.9940,0.0087,-0.0267,-0.1057,0.03,0.13,0.083,3.2,96039.2,0.00,0.000,0.000,2
172484,-0.050,0.033,0.999,-0.061,0.122,0.122,-62.036,270.337,156.196,0.9940,0.0100,-0.0285,-0.1052,0.10,0.17,0.003,3.5,96033.7,0.00,0.000,0.000,2
172684,-0.048,0.031,1.003,0.000,0.183,0.183,-62.036,270.337,156.196,0.9940,0.0083,-0.0258,-0.1055,0.12,0.17,0.049,3.1,96037.8,0.00,0.000,0.000,2
172884,-0.046,0.029,1.004,-0.061,0.244,0.244,-62.036,270.337,156.196,0.9941,0.0084,-0.0241,-0.1057,0.09,0.12,0.053,2.9,96040.7,0.00,0.000,0.000,2
173084,-0.051,0.029,1.004,-0.061,0.244,0.305,-62.036,270.337,156.196,0.9940,0.0084,-0.0270,-0.1058,0.04,0.07,0.060,3.2,96041.4,0.00,0.000,0.000,2
173284,-0.049,0.031,1.003,-0.061,0.183,0.305,-62.036,270.337,156.196,0.9940,0.0085,-0.0258,-0.1056,0.03,0.06,0.049,3.1,96039.9,0.00,0.000,0.000,2
173484,-0.048,0.032,1.003,0.000,0.305,0.183,-62.036,270.337,156.196,0.9941,0.0091,-0.0255,-0.1051,0.09,0.11,0.049,3.1,96037.7,0.00,0.000,0.000,2
173684,-0.048,0.032,1.005,0.000,0.183,0.244,-79.761,264.903,173.235,0.9921,0.0180,-0.0249,-0.1218,0.11,0.12,0.063,3.5,96036.4,0.00,0.000,0.000,2
173884,-0.049,0.033,1.004,-0.061,0.244,0.122,-79.761,264.903,173.235,0.9897,0.0134,-0.0243,-0.1403,0.09,0.08,0.055,3.2,96040.7,0.00,0.000,0.000,2
174084,-0.049,0.031,1.001,-0.122,0.122,0.305,-79.761,264.903,173.235,0.9898,0.0099,-0.0282,-0.1396,0.02,0.02,0.026,3.4,96037.9,0.00,0.000,0.000,2
174284,-0.046,0.031,0.999,-0.061,0.305,0.244,-79.761,264.903,173.235,0.9896,0.0150,-0.0241,-0.1410,-0.03,-0.02,0.001,3.3,96036.5,0.00,0.000,0.000,2
174484,-0.047,0.030,1.003,-0.122,0.244,0.183,-79.761,264.903,173.235,0.9896,0.0141,-0.0240,-0.1412,-0.02,-0.00,0.044,3.2,96038.6,0.00,0.000,0.000,2
174684,-0.047,0.029,1.006,-0.061,0.305,0.183,-79.761,264.903,173.235,0.9896,0.0133,-0.0243,-0.1413,-0.00,0.03,0.072,3.2,96034.4,0.00,0.000,0.000,2
174884,-0.047,0.033,1.001,-0.061,0.305,0.183,-79.761,264.903,173.235,0.9895,0.0152,-0.0256,-0.1412,0.06,0.08,0.030,3.4,96034.4,0.00,0.000,0.000,2
175084,-0.047,0.033,1.000,0.000,0.305,0.244,-79.761,264.903,173.235,0.9895,0.0154,-0.0252,-0.1412,0.09,0.10,0.011,3.4,96039.3,0.00,0.000,0.000,2
175284,-0.051,0.030,0.999,-0.061,0.183,0.244,-79.761,264.903,173.235,0.9896,0.0115,-0.0289,-0.1403,0.13,0.12,0.003,3.6,96040.8,0.00,0.000,0.000,2
175484,-0.051,0.032,0.999,-0.122,0.183,0.183,-79.761,264.903,173.235,0.9897,0.0116,-0.0288,-0.1400,0.20,0.17,0.008,3.6,96033.7,0.00,0.000,0.000,2
175684,-0.044,0.032,1.005,0.000,0.122,0.122,-79.761,264.903,173.235,0.9897,0.0134,-0.0218,-0.1408,0.27,0.21,0.067,2.9,96033.8,0.00,0.000,0.000,2
175884,-0.049,0.030,1.000,-0.061,0.183,0.183,-79.761,264.903,173.235,0.9896,0.0133,-0.0247,-0.1413,0.22,0.13,0.011,3.2,96038.7,0.00,0.000,0.000,2
176084,-0.049,0.030,1.000,-0.061,0.183,0.183,-79.761,264.903,173.235,0.9895,0.0134,-0.0282,-0.1410,0.16,0.06,0.011,3.6,96038.6,0.00,0.000,0.000,2
176284,-0.046,0.031,1.003,-0.061,0.305,0.305,-79.761,264.903,173.235,0.9897,0.0116,-0.0266,-0.1402,0.12,0.03,0.044,3.3,96037.2,0.00,0.000,0.000,2
176484,-0.048,0.032,1.003,-0.122,0.183,0.183,-79.761,264.903,173.235,0.9895,0.0151,-0.0256,-0.1414,0.06,-0.03,0.049,3.4,96037.3,0.00,0.000,0.000,2
176684,-0.058,0.033,1.005,0.122,0.366,0.183,-79.761,264.903,173.235,0.9897,0.0119,-0.0326,-0.1386,0.02,-0.05,0.074,4.0,96036.5,0.00,0.000,0.000,2
176884,-0.048,0.030,0.999,-0.061,0.244,0.183,-79.761,264.903,173.235,0.9897,0.0101,-0.0280,-0.1403,-0.01,-0.07,0.006,3.4,96039.3,0.00,0.000,0.000,2
177084,-0.046,0.029,1.006,-0.061,0.183,0.244,-79.761,264.903,173.235,0.9896,0.0131,-0.0229,-0.1414,-0.07,-0.10,0.072,3.0,96040.8,0.00,0.000,0.000,2
177284,-0.049,0.029,1.005,-0.061,0.366,0.183,-79.761,264.903,173.235,0.9895,0.0138,-0.0261,-0.1415,-0.06,-0.07,0.064,3.4,96036.5,0.00,0.000,0.000,2
177484,-0.048,0.032,1.002,0.000,0.305,0.183,-79.761,264.903,173.235,0.9895,0.0149,-0.0264,-0.1414,-0.02,-0.01,0.040,3.5,96036.5,0.00,0.000,0.000,2
177684,-0.051,0.029,0.992,-0.183,0.305,0.183,-79.761,264.903,173.235,0.9895,0.0134,-0.0284,-0.1412,-0.01,0.01,-0.065,3.6,96037.3,0.00,0.000,0.000,2
177884,-0.048,0.031,1.003,-0.061,0.122,0.183,-58.491,275.771,161.876,0.9946,0.0161,-0.0241,-0.0996,-0.02,-0.01,0.045,3.3,96037.9,0.00,0.000,0.000,2
178084,-0.049,0.032,1.002,-0.061,0.305,0.244,-58.491,275.771,161.876,0.9946,0.0164,-0.0264,-0.0988,-0.06,-0.03,0.036,3.6,96040.7,0.00,0.000,0.000,2
178284,-0.047,0.030,1.000,0.061,0.183,0.122,-58.491,275.771,161.876,0.9946,0.0162,-0.0242,-0.0992,-0.09,-0.04,0.020,3.3,96040.7,0.00,0.000,0.000,2
178484,-0.049,0.030,1.002,-0.061,0.183,0.183,-58.491,275.771,161.876,0.9946,0.0160,-0.0266,-0.0991,-0.08,-0.02,0.040,3.6,96038.0,0.00,0.000,0.000,2
178684,-0.047,0.032,1.001,-0.061,0.183,0.183,-58.491,275.771,161.876,0.9947,0.0165,-0.0246,-0.0990,-0.03,0.03,0.030,3.4,96037.4,0.00,0.000,0.000,2
178884,-0.047,0.032,1.003,-0.061,0.183,0.244,-58.491,275.771,161.876,0.9946,0.0165,-0.0246,-0.0990,-0.05,0.02,0.049,3.4,96040.7,0.00,0.000,0.000,2
179084,-0.047,0.030,1.005,-0.061,0.244,0.183,-58.491,275.771,161.876,0.9946,0.0162,-0.0242,-0.0993,-0.08,-0.00,0.063,3.3,96039.5,0.00,0.000,0.000,2
179284,-0.047,0.031,1.004,-0.061,0.366,0.244,-58.491,275.771,161.876,0.9946,0.0166,-0.0258,-0.0987,-0.11,-0.02,0.058,3.5,96045.1,0.00,0.000,0.000,2
179484,-0.049,0.030,1.003,-0.061,0.244,0.244,-58.491,275.771,161.876,0.9946,0.0159,-0.0266,-0.0990,-0.11,-0.00,0.049,3.5,96039.5,0.00,0.000,0.000,2
179684,-0.046,0.030,1.002,-0.061,0.183,0.244,-58.491,275.771,161.876,0.9946,0.0162,-0.0239,-0.0992,-0.03,0.07,0.034,3.3,96036.0,0.00,0.000,0.000,2
179884,-0.047,0.029,1.003,-0.122,0.305,0.244,-58.491,267.620,150.516,0.9943,0.0160,-0.0239,-0.1027,0.06,0.14,0.048,3.3,96035.1,0.00,0.000,0.000,2
180084,-0.049,0.032,1.000,-0.183,0.183,0.244,-58.491,267.620,150.516,0.9943,0.0162,-0.0266,-0.1021,0.03,0.10,0.012,3.6,96038.1,0.00,0.000,0.000,2
180284,-0.046,0.031,1.001,-0.061,0.244,0.244,-58.491,267.620,150.516,0.9943,0.0166,-0.0236,-0.1022,0.01,0.07,0.025,3.3,96039.5,0.00,0.000,0.000,2
180484,-0.047,0.032,1.001,-0.061,0.305,0.183,-58.491,267.620,150.516,0.9943,0.0166,-0.0248,-0.1024,0.00,0.06,0.025,3.4,96042.2,0.00,0.000,0.000,2
180684,-0.047,0.031,1.001,-0.061,0.244,0.244,-58.491,267.620,150.516,0.9943,0.0163,-0.0243,-0.1025,0.01,0.06,0.030,3.4,96041.1,0.00,0.000,0.000,2
180884,-0.047,0.031,0.998,-0.061,0.244,0.122,-58.491,267.620,150.516,0.9943,0.0164,-0.0256,-0.1024,0.03,0.07,-0.009,3.5,96038.8,0.00,0.000,0.000,2
181084,-0.048,0.034,1.004,-0.122,0.244,0.122,-58.491,267.620,150.516,0.9943,0.0174,-0.0258,-0.1017,-0.00,0.04,0.055,3.6,96040.2,0.00,0.000,0.000,2
181284,-0.045,0.031,0.999,0.000,0.244,0.244,-58.491,267.620,150.516,0.9943,0.0164,-0.0237,-0.1024,-0.04,0.02,0.005,3.3,96041.6,0.00,0.000,0.000,2
181484,-0.047,0.029,1.003,-0.122,0.183,0.122,-58.491,267.620,150.516,0.9943,0.0155,-0.0229,-0.1026,-0.02,0.04,0.048,3.2,96038.1,0.00,0.000,0.000,2
181684,-0.049,0.031,1.003,-0.061,0.305,0.183,-58.491,267.620,150.516,0.9943,0.0150,-0.0274,-0.1020,-0.04,0.02,0.050,3.6,96041.6,0.00,0.000,0.000,2
181884,-0.049,0.031,1.003,0.061,0.305,0.122,-69.126,264.903,161.876,0.9928,0.0132,-0.0267,-0.1158,-0.05,0.02,0.045,3.4,96040.2,0.00,0.000,0.000,2
182084,-0.049,0.031,1.002,0.000,0.244,0.244,-69.126,264.903,161.876,0.9920,0.0156,-0.0261,-0.1227,-0.06,0.01,0.035,3.5,96040.4,0.00,0.000,0.000,2
182284,-0.046,0.032,1.003,-0.061,0.183,0.183,-69.126,264.903,161.876,0.9921,0.0156,-0.0238,-0.1225,-0.04,0.03,0.044,3.3,96040.4,0.00,0.000,0.000,2
182484,-0.047,0.030,1.003,-0.061,0.305,0.183,-69.126,264.903,161.876,0.9921,0.0152,-0.0234,-0.1224,-0.05,0.03,0.048,3.2,96036.1,0.00,0.000,0.000,2
182684,-0.049,0.032,1.003,-0.061,0.366,0.244,-69.126,264.903,161.876,0.9920,0.0156,-0.0258,-0.1227,-0.04,0.04,0.050,3.5,96039.6,0.00,0.000,0.000,2
182884,-0.047,0.031,1.001,0.000,0.183,0.183,-69.126,264.903,161.876,0.9921,0.0156,-0.0241,-0.1225,-0.07,0.01,0.025,3.3,96046.7,0.00,0.000,0.000,2
183185,-0.047,0.030,0.999,-0.183,0.244,0.305,-69.126,264.903,161.876,0.9901,0.0494,0.0049,-0.1315,0.01,0.09,-0.040,5.7,96035.3,0.00,0.000,0.000,2
183284,-0.046,0.031,1.000,-0.061,0.183,0.305,-44.311,264.903,139.156,0.9937,0.0131,-0.0192,-0.1094,0.04,0.11,0.020,2.7,96036.0,0.00,0.000,0.000,2
183484,-0.048,0.031,1.002,-0.061,0.305,0.366,-44.311,264.903,139.156,0.9968,0.0097,-0.0231,-0.0753,0.05,0.10,0.035,2.9,96042.5,0.00,0.000,0.000,2
183684,-0.049,0.032,1.003,-0.061,0.305,0.244,-44.311,264.903,139.156,0.9968,0.0094,-0.0265,-0.0747,0.02,0.07,0.050,3.2,96037.4,0.00,0.000,0.000,2
183884,-0.048,0.029,1.001,-0.122,0.305,0.244,-44.311,264.903,139.156,0.9968,0.0090,-0.0254,-0.0754,0.03,0.07,0.025,3.1,96041.8,0.00,0.000,0.000,2
184084,-0.046,0.031,1.005,-0.122,0.244,0.244,-54.946,264.903,167.556,0.9949,0.0169,-0.0237,-0.0961,0.03,0.07,0.068,3.3,96036.2,0.00,0.000,0.000,2
184284,-0.047,0.031,1.000,-0.061,0.244,0.244,-54.946,264.903,167.556,0.9949,0.0167,-0.0239,-0.0962,0.07,0.10,0.011,3.3,96039.0,0.00,0.000,0.000,2
184484,-0.048,0.029,1.002,-0.061,0.244,0.244,-63.809,260.827,159.036,0.9929,0.0147,-0.0272,-0.1144,0.05,0.07,0.034,3.5,96039.0,0.00,0.000,0.000,2
184684,-0.045,0.030,1.000,0.061,0.305,0.244,-63.809,260.827,159.036,0.9930,0.0157,-0.0230,-0.1146,0.05,0.07,0.014,3.2,96041.1,0.00,0.000,0.000,2
184884,-0.047,0.031,1.005,-0.061,0.244,0.183,-63.809,260.827,159.036,0.9930,0.0154,-0.0232,-0.1148,0.05,0.06,0.068,3.2,96042.4,0.00,0.000,0.000,2
185084,-0.049,0.033,1.003,-0.122,0.244,0.244,-63.809,260.827,159.036,0.9929,0.0163,-0.0261,-0.1146,0.06,0.06,0.046,3.5,96042.5,0.00,0.000,0.000,2
185284,-0.045,0.031,1.002,-0.061,0.244,0.244,-63.809,260.827,159.036,0.9930,0.0163,-0.0248,-0.1145,0.06,0.06,0.034,3.4,96039.0,0.00,0.000,0.000,2
185484,-0.048,0.031,1.001,-0.122,0.183,0.244,-63.809,260.827,159.036,0.9929,0.0155,-0.0268,-0.1145,0.04,0.04,0.025,3.5,96041.2,0.00,0.000,0.000,2
185684,-0.050,0.032,1.003,-0.061,0.305,0.122,-63.809,260.827,159.036,0.9929,0.0163,-0.0265,-0.1147,0.06,0.06,0.051,3.6,96041.9,0.00,0.000,0.000,2
185884,-0.046,0.030,1.002,-0.061,0.427,0.183,-63.809,260.827,159.036,0.9930,0.0156,-0.0239,-0.1149,0.03,0.03,0.039,3.3,96042.7,0.00,0.000,0.000,2
186084,-0.048,0.031,1.001,-0.061,0.244,0.244,-63.809,260.827,159.036,0.9929,0.0159,-0.0254,-0.1148,-0.01,-0.00,0.030,3.4,96039.0,0.00,0.000,0.000,2
186284,-0.048,0.032,1.000,-0.061,0.305,0.305,-63.809,260.827,159.036,0.9929,0.0161,-0.0256,-0.1147,-0.03,-0.01,0.016,3.5,96037.6,0.00,0.000,0.000,2
186484,-0.048,0.031,1.005,-0.061,0.244,0.305,-63.809,260.827,159.036,0.9930,0.0160,-0.0266,-0.1144,-0.01,0.02,0.064,3.6,96038.2,0.00,0.000,0.000,2
186684,-0.045,0.031,1.002,-0.061,0.183,0.244,-63.809,260.827,159.036,0.9930,0.0164,-0.0248,-0.1145,0.06,0.08,0.039,3.4,96037.5,0.00,0.000,0.000,2
186884,-0.047,0.028,1.006,-0.122,0.183,0.244,-63.809,260.827,159.036,0.9930,0.0147,-0.0233,-0.1150,0.07,0.08,0.077,3.2,96040.6,0.00,0.000,0.000,2
187084,-0.049,0.031,1.006,0.000,0.244,0.183,-63.809,260.827,159.036,0.9929,0.0162,-0.0244,-0.1149,0.11,0.12,0.074,3.4,96036.2,0.00,0.000,0.000,2
187284,-0.047,0.030,1.004,-0.122,0.244,0.122,-63.809,260.827,159.036,0.9930,0.0157,-0.0263,-0.1145,0.16,0.14,0.053,3.5,96039.8,0.00,0.000,0.000,2
187484,-0.051,0.032,1.002,-0.061,0.305,0.183,-63.809,260.827,159.036,0.9929,0.0163,-0.0275,-0.1146,0.14,0.11,0.042,3.7,96035.5,0.00,0.000,0.000,2
187684,-0.050,0.029,1.002,-0.061,0.305,0.244,-63.809,260.827,159.036,0.9929,0.0154,-0.0257,-0.1151,0.08,0.05,0.035,3.4,96038.3,0.00,0.000,0.000,2
187884,-0.047,0.031,1.001,-0.061,0.305,0.183,-63.809,260.827,159.036,0.9930,0.0160,-0.0248,-0.1148,0.09,0.05,0.025,3.4,96037.0,0.00,0.000,0.000,2
188084,-0.048,0.031,1.002,-0.061,0.000,0.244,-63.809,260.827,159.036,0.9931,0.0123,-0.0284,-0.1133,0.13,0.09,0.040,3.6,96037.8,0.00,0.000,0.000,2
188284,-0.049,0.031,1.004,-0.061,0.183,0.244,-63.809,260.827,159.036,0.9932,0.0088,-0.0273,-0.1126,0.12,0.08,0.055,3.3,96039.9,0.00,0.000,0.000,2
188484,-0.047,0.030,1.002,-0.061,0.122,0.244,-63.809,260.827,159.036,0.9933,0.0084,-0.0257,-0.1127,0.10,0.05,0.034,3.1,96035.5,0.00,0.000,0.000,2
188684,-0.049,0.032,1.004,0.000,0.244,0.305,-63.809,260.827,159.036,0.9932,0.0100,-0.0284,-0.1128,0.07,0.03,0.055,3.5,96037.6,0.00,0.000,0.000,2
188884,-0.047,0.030,1.000,-0.061,0.305,0.244,-63.809,260.827,159.036,0.9933,0.0081,-0.0252,-0.1128,0.08,0.04,0.015,3.0,96033.5,0.00,0.000,0.000,2
189084,-0.047,0.032,1.003,-0.061,0.244,0.183,-63.809,260.827,159.036,0.9933,0.0099,-0.0223,-0.1130,0.03,-0.00,0.049,2.8,96038.4,0.00,0.000,0.000,2
189284,-0.048,0.031,1.005,-0.061,0.366,0.183,-63.809,260.827,159.036,0.9933,0.0084,-0.0255,-0.1126,0.06,0.03,0.068,3.1,96038.4,0.00,0.000,0.000,2
189484,-0.047,0.030,1.002,0.000,0.183,0.244,-63.809,260.827,159.036,0.9933,0.0082,-0.0255,-0.1128,0.03,0.01,0.034,3.1,96039.9,0.00,0.000,0.000,2
189684,-0.049,0.029,0.999,-0.061,0.244,0.183,-63.809,260.827,159.036,0.9933,0.0081,-0.0248,-0.1129,-0.05,-0.05,0.006,3.0,96040.7,0.00,0.000,0.000,2
189884,-0.046,0.030,1.003,-0.061,0.244,0.183,-63.809,260.827,159.036,0.9933,0.0091,-0.0225,-0.1132,-0.05,-0.04,0.043,2.8,96039.2,0.00,0.000,0.000,2
190084,-0.048,0.030,1.008,-0.061,0.244,0.183,-63.809,260.827,159.036,0.9933,0.0082,-0.0242,-0.1129,-0.03,-0.01,0.097,2.9,96043.5,0.00,0.000,0.000,2
190284,-0.048,0.033,1.006,-0.122,0.244,0.183,-63.809,260.827,159.036,0.9933,0.0093,-0.0266,-0.1122,-0.07,-0.03,0.074,3.2,96044.2,0.00,0.000,0.000,2
190484,-0.048,0.029,1.003,-0.061,0.244,0.183,-63.809,260.827,159.036,0.9933,0.0080,-0.0250,-0.1128,-0.09,-0.03,0.049,3.0,96041.3,0.00,0.000,0.000,2
190684,-0.047,0.029,1.005,0.000,0.244,0.244,-63.809,260.827,159.036,0.9933,0.0080,-0.0246,-0.1128,-0.06,0.00,0.062,3.0,96040.0,0.00,0.000,0.000,2
190884,-0.047,0.031,1.001,-0.061,0.122,0.244,-63.809,260.827,159.036,0.9933,0.0088,-0.0238,-0.1126,-0.06,0.01,0.025,2.9,96039.9,0.00,0.000,0.000,2
191084,-0.048,0.030,1.005,-0.061,0.122,0.122,-63.809,260.827,159.036,0.9933,0.0081,-0.0252,-0.1128,-0.00,0.07,0.063,3.0,96036.7,0.00,0.000,0.000,2
191284,-0.049,0.032,1.003,-0.061,0.244,0.183,-63.809,260.827,159.036,0.9932,0.0093,-0.0277,-0.1126,0.03,0.09,0.050,3.3,96038.6,0.00,0.000,0.000,2
191484,-0.047,0.030,1.003,0.000,0.183,0.244,-63.809,260.827,159.036,0.9933,0.0083,-0.0255,-0.1127,0.08,0.12,0.044,3.1,96038.7,0.00,0.000,0.000,2
191684,-0.046,0.032,1.002,-0.061,0.305,0.183,-63.809,260.827,159.036,0.9933,0.0089,-0.0252,-0.1123,0.10,0.13,0.034,3.1,96039.4,0.00,0.000,0.000,2
191884,-0.049,0.031,1.003,0.000,0.122,0.183,-63.809,260.827,159.036,0.9933,0.0084,-0.0263,-0.1127,0.07,0.09,0.049,3.2,96039.5,0.00,0.000,0.000,2
192084,-0.047,0.028,1.006,0.000,0.305,0.183,-63.809,260.827,159.036,0.9933,0.0083,-0.0251,-0.1127,0.07,0.08,0.072,3.0,96039.2,0.00,0.000,0.000,2
192284,-0.047,0.032,1.004,-0.122,0.244,0.183,-63.809,260.827,159.036,0.9933,0.0090,-0.0243,-0.1125,0.09,0.09,0.054,3.0,96037.2,0.00,0.000,0.000,2
192484,-0.046,0.031,1.003,-0.061,0.244,0.244,-63.809,260.827,159.036,0.9933,0.0086,-0.0247,-0.1126,0.06,0.05,0.048,3.0,96038.6,0.00,0.000,0.000,2
192684,-0.049,0.030,1.006,-0.122,0.305,0.122,-63.809,260.827,159.036,0.9931,0.0093,-0.0281,-0.1133,0.05,0.05,0.073,3.4,96038.5,0.00,0.000,0.000,2
192884,-0.046,0.032,1.004,-0.061,0.305,0.183,-63.809,260.827,159.036,0.9933,0.0097,-0.0226,-0.1128,0.03,0.03,0.054,2.8,96037.3,0.00,0.000,0.000,2
193084,-0.051,0.031,1.002,-0.061,0.305,0.183,-63.809,260.827,159.036,0.9932,0.0096,-0.0286,-0.1127,0.02,0.02,0.041,3.5,96040.9,0.00,0.000,0.000,2
193284,-0.049,0.031,1.003,-0.061,0.122,0.244,-63.809,260.827,159.036,0.9930,0.0133,-0.0288,-0.1137,-0.01,0.00,0.050,3.6,96040.7,0.00,0.000,0.000,2
193484,-0.049,0.031,1.005,-0.061,0.244,0.244,-63.809,260.827,159.036,0.9933,0.0084,-0.0255,-0.1126,-0.03,-0.00,0.069,3.1,96042.2,0.00,0.000,0.000,2
193684,-0.048,0.032,1.005,-0.061,0.183,0.244,-63.809,260.827,159.036,0.9932,0.0093,-0.0275,-0.1126,-0.04,-0.00,0.064,3.3,96039.2,0.00,0.000,0.000,2
193884,-0.049,0.030,1.001,-0.061,0.183,0.244,-63.809,260.827,159.036,0.9932,0.0094,-0.0278,-0.1128,-0.07,-0.02,0.025,3.4,96042.9,0.00,0.000,0.000,2
194084,-0.048,0.030,1.003,-0.061,0.244,0.183,-63.809,260.827,159.036,0.9933,0.0084,-0.0261,-0.1126,-0.04,0.02,0.049,3.1,96036.6,0.00,0.000,0.000,2
194284,-0.048,0.031,1.006,-0.122,0.305,0.244,-63.809,260.827,159.036,0.9933,0.0084,-0.0260,-0.1126,-0.09,-0.01,0.073,3.1,96040.2,0.00,0.000,0.000,2
194484,-0.047,0.031,1.002,-0.122,0.305,0.183,-67.353,268.978,141.996,0.9929,0.0089,-0.0252,-0.1160,-0.08,-0.00,0.039,3.1,96040.9,0.00,0.000,0.000,2
194684,-0.049,0.030,1.000,-0.061,0.305,0.183,-67.353,268.978,141.996,0.9928,0.0093,-0.0280,-0.1165,-0.09,0.00,0.016,3.4,96040.9,0.00,0.000,0.000,2
194884,-0.047,0.031,1.006,0.000,0.183,0.183,-67.353,268.978,141.996,0.9929,0.0086,-0.0253,-0.1162,-0.07,0.03,0.073,3.1,96040.0,0.00,0.000,0.000,2
195084,-0.048,0.030,1.005,0.000,0.366,0.244,-67.353,268.978,141.996,0.9928,0.0085,-0.0259,-0.1162,-0.05,0.05,0.063,3.1,96042.2,0.00,0.000,0.000,2
195284,-0.049,0.029,1.001,-0.061,0.305,0.183,-67.353,268.978,141.996,0.9928,0.0082,-0.0269,-0.1166,0.03,0.11,0.025,3.2,96038.5,0.00,0.000,0.000,2
195484,-0.047,0.030,1.004,-0.061,0.183,0.183,-67.353,268.978,141.996,0.9926,0.0120,-0.0281,-0.1174,0.03,0.10,0.053,3.5,96039.3,0.00,0.000,0.000,2
195684,-0.046,0.030,1.004,-0.122,0.305,0.183,-67.353,268.978,141.996,0.9928,0.0099,-0.0274,-0.1166,-0.01,0.06,0.053,3.3,96042.2,0.00,0.000,0.000,2
195884,-0.049,0.031,1.003,-0.183,0.244,0.244,-67.353,268.978,141.996,0.9926,0.0119,-0.0289,-0.1172,-0.02,0.04,0.050,3.6,96043.7,0.00,0.000,0.000,2
196084,-0.047,0.030,1.006,-0.122,0.183,0.244,-67.353,268.978,141.996,0.9925,0.0152,-0.0258,-0.1183,0.02,0.08,0.077,3.4,96039.5,0.00,0.000,0.000,2
196284,-0.048,0.031,1.001,-0.061,0.305,0.244,-67.353,268.978,141.996,0.9925,0.0156,-0.0257,-0.1183,0.00,0.06,0.025,3.4,96039.5,0.00,0.000,0.000,2
196484,-0.049,0.030,1.002,0.000,0.183,0.183,-67.353,268.978,141.996,0.9925,0.0150,-0.0244,-0.1185,-0.04,0.01,0.040,3.3,96042.2,0.00,0.000,0.000,2
196684,-0.047,0.031,1.003,-0.122,0.305,0.244,-63.809,268.978,159.036,0.9933,0.0154,-0.0269,-0.1110,-0.04,0.03,0.049,3.5,96040.7,0.00,0.000,0.000,2
196884,-0.045,0.032,1.004,-0.061,0.366,0.183,-63.809,268.978,159.036,0.9934,0.0162,-0.0235,-0.1111,-0.04,0.03,0.053,3.3,96039.5,0.00,0.000,0.000,2
197084,-0.047,0.032,1.000,-0.061,0.366,0.244,-63.809,268.978,159.036,0.9934,0.0164,-0.0250,-0.1111,-0.01,0.05,0.021,3.4,96040.2,0.00,0.000,0.000,2
197284,-0.048,0.029,1.002,-0.061,0.244,0.244,-63.809,268.978,159.036,0.9933,0.0157,-0.0245,-0.1116,0.02,0.08,0.039,3.3,96041.5,0.00,0.000,0.000,2
197484,-0.047,0.031,1.001,0.061,0.183,0.183,-63.809,268.978,159.036,0.9933,0.0157,-0.0250,-0.1116,0.07,0.11,0.030,3.4,96041.6,0.00,0.000,0.000,2
197684,-0.047,0.031,1.003,-0.061,0.305,0.183,-63.809,268.978,159.036,0.9934,0.0163,-0.0249,-0.1112,-0.01,0.04,0.044,3.4,96041.5,0.00,0.000,0.000,2
197884,-0.049,0.031,1.001,-0.061,0.244,0.244,-63.809,268.978,159.036,0.9933,0.0158,-0.0260,-0.1115,0.03,0.07,0.026,3.5,96038.8,0.00,0.000,0.000,2
198084,-0.048,0.030,1.001,-0.061,0.183,0.244,-63.809,268.978,159.036,0.9933,0.0160,-0.0259,-0.1113,0.01,0.05,0.030,3.5,96041.5,0.00,0.000,0.000,2
198284,-0.047,0.030,1.002,-0.122,0.244,0.244,-63.809,268.978,159.036,0.9933,0.0155,-0.0245,-0.1117,0.04,0.07,0.039,3.3,96037.4,0.00,0.000,0.000,2
198484,-0.047,0.031,1.005,-0.061,0.183,0.244,-63.809,268.978,159.036,0.9933,0.0161,-0.0257,-0.1113,0.06,0.08,0.063,3.5,96039.5,0.00,0.000,0.000,2
198684,-0.050,0.033,1.001,-0.122,0.183,0.183,-65.581,270.337,156.196,0.9930,0.0161,-0.0271,-0.1136,0.06,0.08,0.032,3.6,96040.9,0.00,0.000,0.000,2
198884,-0.048,0.031,1.000,-0.061,0.305,0.183,-65.581,270.337,156.196,0.9930,0.0159,-0.0244,-0.1141,0.02,0.04,0.020,3.3,96037.4,0.00,0.000,0.000,2
199084,-0.046,0.031,1.003,0.000,0.244,0.122,-65.581,270.337,156.196,0.9931,0.0154,-0.0229,-0.1140,0.00,0.02,0.048,3.2,96041.5,0.00,0.000,0.000,2
199284,-0.047,0.030,1.001,-0.061,0.305,0.183,-65.581,270.337,156.196,0.9930,0.0157,-0.0248,-0.1142,-0.04,-0.01,0.025,3.4,96040.2,0.00,0.000,0.000,2
199484,-0.049,0.030,1.000,-0.061,0.244,0.183,-65.581,270.337,156.196,0.9930,0.0152,-0.0273,-0.1139,0.01,0.03,0.016,3.6,96040.9,0.00,0.000,0.000,2
199684,-0.045,0.031,1.004,-0.122,0.183,0.122,-65.581,270.337,156.196,0.9931,0.0158,-0.0230,-0.1139,0.03,0.05,0.058,3.2,96034.6,0.00,0.000,0.000,2
199884,-0.047,0.031,1.005,-0.122,0.244,0.183,-65.581,270.337,156.196,0.9931,0.0156,-0.0236,-0.1140,0.03,0.05,0.068,3.2,96039.6,0.00,0.000,0.000,2
200084,-0.047,0.030,1.002,-0.122,0.183,0.244,-65.581,270.337,156.196,0.9931,0.0154,-0.0236,-0.1141,0.00,0.03,0.034,3.2,96036.7,0.00,0.000,0.000,2
200284,-0.048,0.029,1.004,-0.061,0.122,0.305,-65.581,270.337,156.196,0.9930,0.0152,-0.0256,-0.1145,0.03,0.05,0.058,3.4,96039.6,0.00,0.000,0.000,2
200484,-0.049,0.031,1.003,-0.061,0.183,0.244,-65.581,270.337,156.196,0.9930,0.0161,-0.0263,-0.1141,0.00,0.03,0.050,3.5,96037.4,0.00,0.000,0.000,2
200684,-0.048,0.030,1.003,-0.122,0.244,0.305,-65.581,270.337,156.196,0.9930,0.0156,-0.0258,-0.1143,0.01,0.04,0.044,3.5,96040.3,0.00,0.000,0.000,2
200884,-0.047,0.032,1.004,0.000,0.183,0.183,-62.036,283.922,144.836,0.9943,0.0160,-0.0242,-0.1030,0.02,0.04,0.054,3.3,96039.0,0.00,0.000,0.000,2
201084,-0.048,0.030,1.001,0.000,0.305,0.183,-62.036,283.922,144.836,0.9942,0.0163,-0.0249,-0.1031,0.05,0.07,0.025,3.4,96038.2,0.00,0.000,0.000,2
201284,-0.049,0.028,1.001,-0.183,0.305,0.183,-62.036,283.922,144.836,0.9942,0.0155,-0.0261,-0.1034,0.04,0.06,0.025,3.5,96040.3,0.00,0.000,0.000,2
201484,-0.047,0.029,1.002,-0.122,0.305,0.183,-62.036,283.922,144.836,0.9942,0.0157,-0.0258,-0.1032,0.03,0.05,0.039,3.5,96038.2,0.00,0.000,0.000,2
201684,-0.049,0.032,1.000,-0.061,0.244,0.244,-62.036,283.922,144.836,0.9943,0.0157,-0.0277,-0.1022,0.07,0.08,0.021,3.7,96037.5,0.00,0.000,0.000,2
201884,-0.047,0.029,1.001,-0.061,0.183,0.122,-62.036,283.922,144.836,0.9942,0.0158,-0.0253,-0.1033,0.12,0.11,0.024,3.4,96039.0,0.00,0.000,0.000,2
202084,-0.049,0.029,1.001,-0.061,0.122,0.244,-62.036,283.922,144.836,0.9942,0.0157,-0.0259,-0.1034,0.11,0.09,0.030,3.5,96042.5,0.00,0.000,0.000,2
202284,-0.048,0.033,1.001,0.061,0.244,0.244,-62.036,283.922,144.836,0.9943,0.0169,-0.0241,-0.1027,0.08,0.05,0.031,3.4,96039.5,0.00,0.000,0.000,2
202484,-0.048,0.031,1.002,-0.061,0.122,0.244,-62.036,283.922,144.836,0.9942,0.0162,-0.0245,-0.1032,0.09,0.06,0.035,3.4,96040.3,0.00,0.000,0.000,2
202684,-0.049,0.033,0.999,-0.122,0.183,0.244,-62.036,283.922,144.836,0.9942,0.0162,-0.0272,-0.1025,0.07,0.04,0.003,3.6,96039.6,0.00,0.000,0.000,2
202884,-0.051,0.032,1.003,-0.122,0.183,0.122,-62.036,283.922,144.836,0.9942,0.0166,-0.0272,-0.1027,0.04,0.01,0.051,3.7,96038.9,0.00,0.000,0.000,2
203084,-0.047,0.032,1.002,-0.061,0.244,0.183,-56.719,285.280,164.716,0.9953,0.0167,-0.0247,-0.0926,0.02,0.00,0.035,3.4,96042.5,0.00,0.000,0.000,2
203284,-0.047,0.030,1.002,-0.122,0.244,0.183,-56.719,285.280,164.716,0.9953,0.0165,-0.0234,-0.0924,0.02,0.02,0.034,3.3,96036.9,0.00,0.000,0.000,2
203484,-0.050,0.029,1.003,-0.061,0.122,0.244,-56.719,285.280,164.716,0.9952,0.0164,-0.0260,-0.0932,0.04,0.03,0.045,3.5,96042.5,0.00,0.000,0.000,2
203684,-0.048,0.030,1.002,-0.122,0.305,0.244,-56.719,285.280,164.716,0.9952,0.0155,-0.0272,-0.0922,0.05,0.05,0.039,3.6,96039.8,0.00,0.000,0.000,2
203884,-0.048,0.032,1.005,-0.061,0.183,0.183,-56.719,285.280,164.716,0.9953,0.0166,-0.0247,-0.0926,0.06,0.05,0.064,3.4,96036.1,0.00,0.000,0.000,2
204084,-0.048,0.029,1.004,0.000,0.244,0.183,-56.719,285.280,164.716,0.9953,0.0156,-0.0224,-0.0927,0.04,0.03,0.053,3.1,96039.7,0.00,0.000,0.000,2
204284,-0.046,0.030,1.002,-0.122,0.305,0.183,-56.719,285.280,164.716,0.9953,0.0165,-0.0231,-0.0926,0.02,0.02,0.039,3.3,96039.7,0.00,0.000,0.000,2
204484,-0.049,0.031,1.003,0.000,0.244,0.183,-56.719,285.280,164.716,0.9952,0.0164,-0.0263,-0.0925,0.01,0.02,0.045,3.5,96039.8,0.00,0.000,0.000,2
204684,-0.046,0.031,1.007,-0.061,0.244,0.244,-56.719,285.280,164.716,0.9955,0.0093,-0.0268,-0.0904,0.02,0.03,0.081,3.3,96037.0,0.00,0.000,0.000,2
204884,-0.046,0.030,1.004,0.000,0.183,0.183,-56.719,285.280,164.716,0.9956,0.0087,-0.0227,-0.0907,0.02,0.04,0.053,2.8,96039.9,0.00,0.000,0.000,2
205084,-0.047,0.032,1.003,-0.061,0.183,0.183,-67.353,268.978,159.036,0.9946,0.0183,-0.0250,-0.0989,0.00,0.02,0.049,3.5,96042.0,0.00,0.000,0.000,2
205284,-0.048,0.030,1.001,0.000,0.183,0.183,-67.353,268.978,159.036,0.9929,0.0086,-0.0270,-0.1159,-0.01,0.02,0.030,3.2,96042.6,0.00,0.000,0.000,2
205484,-0.049,0.030,1.003,0.000,0.122,0.244,-67.353,268.978,159.036,0.9929,0.0086,-0.0271,-0.1158,0.01,0.04,0.050,3.3,96038.4,0.00,0.000,0.000,2
205684,-0.050,0.030,1.000,-0.061,0.305,0.183,-67.353,268.978,159.036,0.9928,0.0086,-0.0278,-0.1159,0.02,0.05,0.012,3.3,96035.5,0.00,0.000,0.000,2
205884,-0.044,0.030,1.004,0.000,0.244,0.244,-67.353,268.978,159.036,0.9930,0.0085,-0.0225,-0.1160,0.06,0.08,0.052,2.8,96037.0,0.00,0.000,0.000,2
206084,-0.047,0.028,1.002,-0.061,0.305,0.183,-67.353,268.978,159.036,0.9929,0.0086,-0.0254,-0.1155,0.07,0.08,0.038,3.1,96042.1,0.00,0.000,0.000,2
206284,-0.050,0.030,1.004,-0.061,0.244,0.122,-67.353,268.978,159.036,0.9929,0.0084,-0.0274,-0.1158,0.02,0.03,0.055,3.3,96041.4,0.00,0.000,0.000,2
206484,-0.050,0.029,1.002,-0.122,0.305,0.183,-67.353,268.978,159.036,0.9929,0.0086,-0.0269,-0.1156,0.07,0.08,0.035,3.2,96034.1,0.00,0.000,0.000,2
206684,-0.048,0.031,1.000,-0.061,0.305,0.183,-67.353,268.978,159.036,0.9929,0.0091,-0.0272,-0.1156,0.10,0.10,0.021,3.3,96037.7,0.00,0.000,0.000,2
206884,-0.047,0.032,1.000,0.000,0.122,0.122,-67.353,268.978,159.036,0.9929,0.0094,-0.0267,-0.1154,0.09,0.08,0.016,3.2,96037.6,0.00,0.000,0.000,2
207084,-0.049,0.032,1.003,-0.061,0.183,0.305,-67.353,268.978,159.036,0.9928,0.0098,-0.0284,-0.1160,0.04,0.03,0.045,3.4,96041.2,0.00,0.000,0.000,2
207284,-0.050,0.032,1.001,-0.183,0.244,0.244,-56.719,274.412,130.637,0.9943,0.0142,-0.0270,-0.1019,-0.00,0.00,0.027,3.5,96043.5,0.00,0.000,0.000,2
207484,-0.047,0.030,1.003,-0.061,0.244,0.244,-56.719,274.412,130.637,0.9948,0.0145,-0.0279,-0.0970,-0.01,-0.00,0.044,3.6,96039.8,0.00,0.000,0.000,2
207684,-0.048,0.029,1.002,0.000,0.183,0.244,-56.719,274.412,130.637,0.9947,0.0155,-0.0275,-0.0975,-0.02,0.00,0.039,3.6,96038.6,0.00,0.000,0.000,2
207884,-0.048,0.029,1.006,-0.061,0.183,0.305,-56.719,274.412,130.637,0.9948,0.0156,-0.0234,-0.0979,-0.03,0.00,0.072,3.2,96042.8,0.00,0.000,0.000,2
208084,-0.048,0.031,1.003,0.000,0.183,0.183,-56.719,274.412,130.637,0.9948,0.0167,-0.0243,-0.0975,-0.05,-0.01,0.044,3.4,96037.8,0.00,0.000,0.000,2
208284,-0.046,0.030,1.002,-0.122,0.183,0.305,-56.719,274.412,130.637,0.9948,0.0164,-0.0235,-0.0977,-0.06,-0.01,0.033,3.3,96039.3,0.00,0.000,0.000,2
208484,-0.050,0.032,1.006,0.000,0.305,0.244,-56.719,274.412,130.637,0.9947,0.0165,-0.0264,-0.0977,-0.05,0.02,0.074,3.6,96038.6,0.00,0.000,0.000,2
208684,-0.049,0.031,1.003,0.000,0.122,0.183,-56.719,274.412,130.637,0.9948,0.0167,-0.0260,-0.0974,0.02,0.08,0.050,3.5,96040.7,0.00,0.000,0.000,2
208884,-0.047,0.030,1.004,-0.061,0.305,0.244,-56.719,274.412,130.637,0.9949,0.0156,-0.0228,-0.0975,0.03,0.08,0.058,3.2,96040.0,0.00,0.000,0.000,2
209084,-0.048,0.030,1.004,-0.061,0.183,0.183,-56.719,274.412,130.637,0.9948,0.0163,-0.0251,-0.0978,0.08,0.12,0.058,3.4,96036.5,0.00,0.000,0.000,2
209284,-0.049,0.031,1.003,0.000,0.183,0.305,-56.719,274.412,130.637,0.9948,0.0167,-0.0254,-0.0975,0.07,0.10,0.045,3.5,96041.4,0.00,0.000,0.000,2
209484,-0.049,0.031,1.000,-0.061,0.305,0.305,-63.809,268.978,164.716,0.9936,0.0142,-0.0277,-0.1088,0.06,0.07,0.021,3.6,96040.0,0.00,0.000,0.000,2
209684,-0.048,0.028,1.002,-0.122,0.244,0.122,-63.809,268.978,164.716,0.9934,0.0147,-0.0235,-0.1117,0.02,0.04,0.034,3.2,96043.5,0.00,0.000,0.000,2
209884,-0.048,0.032,1.003,-0.122,0.244,0.305,-63.809,268.978,164.716,0.9934,0.0160,-0.0246,-0.1112,0.01,0.03,0.045,3.4,96040.8,0.00,0.000,0.000,2
210084,-0.048,0.029,1.005,-0.061,0.183,0.244,-63.809,268.978,164.716,0.9934,0.0156,-0.0241,-0.1113,0.04,0.06,0.068,3.3,96035.0,0.00,0.000,0.000,2
210284,-0.047,0.031,1.002,-0.061,0.244,0.244,-63.809,268.978,164.716,0.9934,0.0157,-0.0229,-0.1108,0.03,0.05,0.034,3.2,96039.3,0.00,0.000,0.000,2
210484,-0.048,0.031,1.002,0.000,0.305,0.244,-63.809,268.978,164.716,0.9934,0.0163,-0.0253,-0.1111,0.09,0.10,0.040,3.4,96037.2,0.00,0.000,0.000,2
210684,-0.047,0.031,1.002,0.000,0.061,0.244,-63.809,268.978,164.716,0.9934,0.0160,-0.0241,-0.1112,0.12,0.12,0.039,3.3,96037.2,0.00,0.000,0.000,2
210884,-0.049,0.030,1.003,0.061,0.244,0.305,-63.809,268.978,164.716,0.9933,0.0161,-0.0261,-0.1111,0.13,0.11,0.049,3.5,96040.8,0.00,0.000,0.000,2
211084,-0.050,0.030,1.004,0.000,0.183,0.183,-63.809,268.978,164.716,0.9933,0.0158,-0.0251,-0.1114,0.14,0.11,0.059,3.4,96034.4,0.00,0.000,0.000,2
211284,-0.048,0.029,1.002,-0.061,0.183,0.305,-63.809,268.978,164.716,0.9934,0.0152,-0.0239,-0.1116,0.23,0.17,0.034,3.2,96034.4,0.00,0.000,0.000,2
211484,-0.049,0.034,1.003,0.000,0.366,0.183,-63.809,268.978,164.716,0.9934,0.0168,-0.0263,-0.1107,0.21,0.13,0.046,3.6,96039.3,0.00,0.000,0.000,2
211684,-0.047,0.031,1.005,-0.122,0.244,0.244,-69.126,267.620,161.876,0.9924,0.0097,-0.0276,-0.1194,0.14,0.06,0.063,3.4,96042.1,0.00,0.000,0.000,2
211884,-0.046,0.032,1.002,-0.122,0.183,0.244,-69.126,267.620,161.876,0.9925,0.0095,-0.0233,-0.1192,0.12,0.03,0.034,2.9,96038.7,0.00,0.000,0.000,2
212084,-0.046,0.031,1.000,-0.122,0.244,0.244,-69.126,267.620,161.876,0.9925,0.0084,-0.0249,-0.1195,0.06,-0.01,0.010,3.0,96038.1,0.00,0.000,0.000,2
212284,-0.047,0.030,1.001,-0.122,0.244,0.183,-69.126,267.620,161.876,0.9924,0.0086,-0.0265,-0.1196,0.04,-0.02,0.025,3.2,96037.3,0.00,0.000,0.000,2
212484,-0.048,0.031,1.002,-0.061,0.244,0.244,-69.126,267.620,161.876,0.9925,0.0087,-0.0249,-0.1193,0.03,-0.01,0.040,3.0,96039.3,0.00,0.000,0.000,2
212684,-0.047,0.034,1.006,-0.061,0.366,0.244,-69.126,267.620,161.876,0.9925,0.0104,-0.0267,-0.1190,0.02,-0.01,0.073,3.3,96039.4,0.00,0.000,0.000,2
212884,-0.047,0.031,1.004,-0.061,0.244,0.244,-69.126,267.620,161.876,0.9924,0.0100,-0.0278,-0.1197,0.03,-0.00,0.054,3.4,96040.2,0.00,0.000,0.000,2
213084,-0.049,0.030,1.003,-0.122,0.244,0.244,-69.126,267.620,161.876,0.9923,0.0090,-0.0283,-0.1198,-0.02,-0.03,0.045,3.4,96040.2,0.00,0.000,0.000,2
213284,-0.046,0.033,1.002,0.000,0.244,0.122,-69.126,267.620,161.876,0.9926,0.0098,-0.0241,-0.1190,-0.06,-0.06,0.035,3.0,96039.4,0.00,0.000,0.000,2
213484,-0.046,0.032,1.005,0.000,0.244,0.183,-69.126,267.620,161.876,0.9925,0.0094,-0.0235,-0.1192,-0.03,-0.01,0.068,2.9,96035.9,0.00,0.000,0.000,2
213684,-0.049,0.031,1.005,-0.244,0.305,0.183,-69.126,267.620,161.876,0.9925,0.0087,-0.0270,-0.1193,-0.07,-0.04,0.069,3.2,96039.3,0.00,0.000,0.000,2
213884,-0.048,0.031,1.002,-0.061,0.183,0.122,-63.809,266.261,141.996,0.9935,0.0087,-0.0255,-0.1108,-0.12,-0.06,0.039,3.1,96045.1,0.00,0.000,0.000,2
214084,-0.049,0.031,1.003,-0.061,0.183,0.122,-63.809,266.261,141.996,0.9933,0.0094,-0.0284,-0.1114,-0.11,-0.04,0.045,3.4,96038.0,0.00,0.000,0.000,2
214284,-0.051,0.032,1.000,-0.061,0.244,0.244,-63.809,266.261,141.996,0.9933,0.0098,-0.0291,-0.1111,-0.09,-0.01,0.022,3.5,96042.9,0.00,0.000,0.000,2
214484,-0.048,0.032,1.004,0.000,0.244,0.183,-63.809,266.261,141.996,0.9934,0.0099,-0.0275,-0.1108,-0.07,0.02,0.054,3.3,96045.0,0.00,0.000,0.000,2
214684,-0.047,0.032,1.000,-0.061,0.244,0.183,-63.809,266.261,141.996,0.9935,0.0093,-0.0263,-0.1107,-0.09,0.00,0.021,3.2,96038.6,0.00,0.000,0.000,2
214884,-0.048,0.031,1.001,0.061,0.305,0.183,-63.809,266.261,141.996,0.9934,0.0087,-0.0268,-0.1110,-0.10,0.01,0.030,3.2,96039.3,0.00,0.000,0.000,2
215084,-0.047,0.031,1.005,-0.061,0.183,0.183,-63.809,266.261,141.996,0.9935,0.0086,-0.0248,-0.1109,-0.05,0.06,0.063,3.0,96037.2,0.00,0.000,0.000,2
215284,-0.045,0.032,1.000,-0.122,0.183,0.183,-63.809,266.261,141.996,0.9935,0.0099,-0.0223,-0.1111,0.01,0.11,0.015,2.8,96038.6,0.00,0.000,0.000,2
215484,-0.048,0.032,1.004,-0.061,0.183,0.305,-63.809,266.261,141.996,0.9935,0.0097,-0.0235,-0.1109,0.08,0.16,0.059,2.9,96039.2,0.00,0.000,0.000,2
215684,-0.046,0.029,1.002,0.000,0.122,0.244,-63.809,266.261,141.996,0.9935,0.0085,-0.0240,-0.1110,0.06,0.12,0.033,2.9,96041.4,0.00,0.000,0.000,2
215884,-0.048,0.032,1.003,-0.122,0.244,0.244,-63.809,266.261,141.996,0.9935,0.0092,-0.0249,-0.1108,0.01,0.06,0.050,3.0,96041.5,0.00,0.000,0.000,2
216084,-0.048,0.032,1.000,-0.122,0.244,0.305,-62.036,262.186,167.556,0.9937,0.0100,-0.0280,-0.1084,-0.03,0.02,0.016,3.4,96043.6,0.00,0.000,0.000,2
216284,-0.046,0.034,1.003,-0.061,0.305,0.244,-62.036,262.186,167.556,0.9938,0.0103,-0.0260,-0.1076,-0.06,0.01,0.044,3.2,96044.4,0.00,0.000,0.000,2
216484,-0.048,0.031,1.003,0.000,0.183,0.305,-62.036,262.186,167.556,0.9937,0.0085,-0.0258,-0.1083,-0.04,0.03,0.049,3.1,96040.0,0.00,0.000,0.000,2
216684,-0.049,0.029,1.001,-0.061,0.244,0.183,-62.036,262.186,167.556,0.9937,0.0081,-0.0270,-0.1088,-0.03,0.04,0.030,3.2,96038.6,0.00,0.000,0.000,2
216884,-0.048,0.030,1.000,0.000,0.244,0.183,-62.036,262.186,167.556,0.9937,0.0083,-0.0260,-0.1085,0.01,0.08,0.011,3.1,96041.5,0.00,0.000,0.000,2
217084,-0.048,0.030,1.001,-0.061,0.366,0.244,-62.036,262.186,167.556,0.9937,0.0083,-0.0261,-0.1085,0.03,0.09,0.025,3.1,96039.4,0.00,0.000,0.000,2
217284,-0.049,0.030,1.004,-0.061,0.183,0.122,-62.036,262.186,167.556,0.9937,0.0082,-0.0263,-0.1085,0.02,0.07,0.059,3.2,96044.3,0.00,0.000,0.000,2
217484,-0.048,0.029,1.002,-0.122,0.122,0.183,-62.036,262.186,167.556,0.9937,0.0080,-0.0253,-0.1086,0.08,0.12,0.034,3.0,96043.6,0.00,0.000,0.000,2
217684,-0.047,0.031,1.001,-0.061,0.183,0.244,-62.036,262.186,167.556,0.9938,0.0091,-0.0232,-0.1085,0.10,0.12,0.025,2.9,96040.0,0.00,0.000,0.000,2
217884,-0.047,0.031,1.000,0.000,0.244,0.366,-62.036,262.186,167.556,0.9937,0.0089,-0.0269,-0.1085,0.14,0.14,0.020,3.2,96031.6,0.00,0.000,0.000,2
218084,-0.047,0.032,1.001,-0.122,0.183,0.305,-62.036,262.186,167.556,0.9938,0.0087,-0.0250,-0.1082,0.13,0.12,0.025,3.0,96039.4,0.00,0.000,0.000,2
218284,-0.047,0.032,1.003,0.000,0.244,0.183,-62.036,262.186,167.556,0.9938,0.0090,-0.0255,-0.1079,0.11,0.09,0.049,3.1,96036.6,0.00,0.000,0.000,2
218484,-0.049,0.031,1.003,-0.061,0.244,0.366,-62.036,262.186,167.556,0.9937,0.0089,-0.0261,-0.1082,0.14,0.11,0.050,3.2,96039.5,0.00,0.000,0.000,2
218684,-0.049,0.030,1.003,-0.061,0.244,0.244,-62.036,262.186,167.556,0.9937,0.0085,-0.0262,-0.1083,0.14,0.10,0.049,3.2,96040.1,0.00,0.000,0.000,2
218884,-0.046,0.030,1.006,-0.061,0.244,0.244,-62.036,262.186,167.556,0.9937,0.0078,-0.0246,-0.1087,0.12,0.07,0.077,3.0,96035.1,0.00,0.000,0.000,2
219084,-0.048,0.031,1.003,0.000,0.244,0.244,-62.036,262.186,167.556,0.9937,0.0084,-0.0262,-0.1085,0.13,0.07,0.044,3.2,96033.7,0.00,0.000,0.000,2
219284,-0.049,0.032,1.003,-0.061,0.366,0.183,-62.036,262.186,167.556,0.9937,0.0085,-0.0261,-0.1083,0.12,0.06,0.045,3.1,96038.0,0.00,0.000,0.000,2
219484,-0.046,0.029,1.004,-0.061,0.305,0.183,-62.036,262.186,167.556,0.9938,0.0083,-0.0242,-0.1085,0.14,0.07,0.053,2.9,96034.4,0.00,0.000,0.000,2
219750,-0.049,0.031,1.004,-0.061,0.244,0.244,-56.719,268.978,164.716,0.9909,0.0530,-0.0366,-0.1182,0.13,0.06,0.020,7.4,96038.7,0.00,0.000,0.000,2
219884,-0.048,0.031,1.001,-0.061,0.183,0.305,-56.719,268.978,164.716,0.9950,0.0088,-0.0262,-0.0960,0.04,-0.03,0.025,3.2,96042.9,0.00,0.000,0.000,2
220084,-0.049,0.031,1.004,-0.061,0.305,0.183,-56.719,268.978,164.716,0.9950,0.0088,-0.0270,-0.0959,-0.08,-0.12,0.055,3.3,96042.9,0.00,0.000,0.000,2
220284,-0.046,0.030,1.004,0.000,0.244,0.183,-63.809,271.695,176.075,0.9935,0.0162,-0.0239,-0.1097,-0.12,-0.13,0.053,3.3,96041.6,0.00,0.000,0.000,2
220484,-0.049,0.032,1.004,-0.183,0.183,0.244,-63.809,271.695,176.075,0.9935,0.0166,-0.0258,-0.1095,-0.15,-0.12,0.055,3.5,96038.7,0.00,0.000,0.000,2
220684,-0.048,0.031,1.005,-0.122,0.244,0.183,-63.809,271.695,176.075,0.9936,0.0161,-0.0238,-0.1096,-0.08,-0.03,0.068,3.3,96036.7,0.00,0.000,0.000,2
220884,-0.049,0.029,1.003,-0.122,0.183,0.244,-63.809,271.695,176.075,0.9935,0.0160,-0.0252,-0.1098,-0.05,0.00,0.044,3.4,96038.7,0.00,0.000,0.000,2
221084,-0.048,0.029,1.003,-0.122,0.305,0.305,-63.809,271.695,176.075,0.9936,0.0152,-0.0228,-0.1096,-0.05,0.01,0.044,3.1,96042.3,0.00,0.000,0.000,2
221284,-0.049,0.030,1.003,-0.061,0.183,0.305,-63.809,271.695,176.075,0.9935,0.0154,-0.0275,-0.1094,-0.05,0.01,0.049,3.6,96043.7,0.00,0.000,0.000,2
221484,-0.050,0.030,1.000,-0.122,0.305,0.183,-63.809,271.695,176.075,0.9935,0.0157,-0.0273,-0.1096,-0.06,0.02,0.021,3.6,96035.9,0.00,0.000,0.000,2
221684,-0.049,0.030,1.003,-0.061,0.305,0.183,-63.809,271.695,176.075,0.9935,0.0164,-0.0254,-0.1095,-0.10,-0.02,0.049,3.5,96040.8,0.00,0.000,0.000,2
221884,-0.048,0.031,1.003,0.000,0.244,0.122,-63.809,271.695,176.075,0.9935,0.0161,-0.0256,-0.1097,-0.07,0.03,0.044,3.5,96039.5,0.00,0.000,0.000,2
222084,-0.051,0.029,1.004,-0.122,0.244,0.183,-63.809,271.695,176.075,0.9934,0.0150,-0.0280,-0.1098,-0.01,0.07,0.060,3.6,96040.9,0.00,0.000,0.000,2
222284,-0.049,0.029,1.005,-0.183,0.244,0.244,-65.581,270.337,173.235,0.9932,0.0149,-0.0237,-0.1133,-0.02,0.07,0.063,3.2,96039.5,0.00,0.000,0.000,2
222484,-0.049,0.031,1.002,-0.122,0.305,0.244,-65.581,270.337,173.235,0.9931,0.0161,-0.0259,-0.1136,-0.00,0.08,0.036,3.5,96038.8,0.00,0.000,0.000,2
222684,-0.048,0.031,1.004,0.000,0.183,0.183,-65.581,270.337,173.235,0.9931,0.0156,-0.0259,-0.1136,-0.04,0.04,0.054,3.5,96040.2,0.00,0.000,0.000,2
222884,-0.049,0.032,1.003,0.000,0.244,0.244,-65.581,270.337,173.235,0.9931,0.0156,-0.0272,-0.1132,-0.07,0.02,0.045,3.6,96043.6,0.00,0.000,0.000,2
223084,-0.049,0.033,1.003,-0.122,0.244,0.183,-65.581,270.337,173.235,0.9931,0.0167,-0.0245,-0.1132,-0.13,-0.02,0.050,3.4,96042.2,0.00,0.000,0.000,2
223284,-0.048,0.030,1.003,-0.183,0.305,0.183,-65.581,270.337,173.235,0.9931,0.0157,-0.0245,-0.1136,-0.10,0.01,0.044,3.3,96044.3,0.00,0.000,0.000,2
223484,-0.046,0.031,1.002,-0.122,0.305,0.244,-65.581,270.337,173.235,0.9931,0.0161,-0.0243,-0.1134,-0.11,0.00,0.034,3.3,96042.9,0.00,0.000,0.000,2
223684,-0.047,0.033,1.005,0.000,0.305,0.305,-65.581,270.337,173.235,0.9931,0.0163,-0.0252,-0.1134,-0.02,0.09,0.064,3.4,96039.4,0.00,0.000,0.000,2
223884,-0.048,0.033,1.005,-0.122,0.305,0.183,-65.581,270.337,173.235,0.9931,0.0164,-0.0251,-0.1133,0.02,0.12,0.069,3.4,96037.3,0.00,0.000,0.000,2
224084,-0.048,0.032,1.003,0.000,0.305,0.183,-65.581,270.337,173.235,0.9931,0.0159,-0.0258,-0.1135,0.07,0.14,0.045,3.5,96043.6,0.00,0.000,0.000,2
224284,-0.048,0.032,1.004,-0.183,0.244,0.183,-65.581,270.337,173.235,0.9931,0.0163,-0.0251,-0.1134,0.04,0.11,0.054,3.4,96041.6,0.00,0.000,0.000,2
224484,-0.046,0.030,1.006,-0.122,0.305,0.122,-53.174,268.978,176.075,0.9956,0.0079,-0.0262,-0.0893,-0.01,0.05,0.072,3.1,96043.0,0.00,0.000,0.000,2
224684,-0.048,0.031,1.002,-0.122,0.244,0.183,-53.174,268.978,176.075,0.9956,0.0090,-0.0270,-0.0889,0.02,0.08,0.035,3.3,96035.1,0.00,0.000,0.000,2
224884,-0.049,0.031,1.001,0.061,0.244,0.244,-53.174,268.978,176.075,0.9957,0.0086,-0.0249,-0.0888,0.07,0.12,0.025,3.0,96040.2,0.00,0.000,0.000,2
225084,-0.046,0.031,1.000,0.000,0.183,0.183,-53.174,268.978,176.075,0.9957,0.0089,-0.0246,-0.0886,0.05,0.09,0.019,3.0,96043.0,0.00,0.000,0.000,2
225284,-0.048,0.030,1.005,-0.122,0.366,0.183,-53.174,268.978,176.075,0.9957,0.0084,-0.0260,-0.0890,0.07,0.09,0.063,3.1,96038.7,0.00,0.000,0.000,2
225484,-0.047,0.032,1.003,-0.061,0.183,0.183,-53.174,268.978,176.075,0.9957,0.0088,-0.0232,-0.0889,0.12,0.13,0.049,2.8,96040.1,0.00,0.000,0.000,2
225684,-0.046,0.030,0.999,-0.061,0.305,0.244,-53.174,268.978,176.075,0.9957,0.0085,-0.0246,-0.0889,0.18,0.17,0.000,3.0,96040.2,0.00,0.000,0.000,2
225884,-0.047,0.031,1.001,-0.122,0.183,0.183,-53.174,268.978,176.075,0.9957,0.0086,-0.0245,-0.0887,0.26,0.21,0.025,3.0,96039.4,0.00,0.000,0.000,2
226084,-0.048,0.029,1.007,0.000,0.183,0.305,-53.174,268.978,176.075,0.9956,0.0087,-0.0265,-0.0891,0.18,0.12,0.082,3.2,96042.2,0.00,0.000,0.000,2
226284,-0.047,0.029,1.007,-0.061,0.244,0.305,-53.174,268.978,176.075,0.9957,0.0083,-0.0245,-0.0892,0.16,0.08,0.082,3.0,96037.3,0.00,0.000,0.000,2
226547,-0.047,0.030,1.003,0.000,0.244,0.183,-69.126,264.903,161.876,0.9966,-0.0228,-0.0244,-0.0753,0.17,0.09,0.023,3.8,96038.6,0.00,0.000,0.000,2
226684,-0.050,0.032,1.003,-0.061,0.183,0.366,-58.491,273.054,156.196,0.9946,0.0172,-0.0260,-0.0995,0.15,0.06,0.045,3.6,96037.9,0.00,0.000,0.000,2
226884,-0.049,0.031,1.002,-0.061,0.183,0.183,-58.491,273.054,156.196,0.9945,0.0165,-0.0263,-0.1000,0.16,0.06,0.035,3.6,96035.3,0.00,0.000,0.000,2
227084,-0.046,0.031,1.006,-0.061,0.244,0.244,-58.491,273.054,156.196,0.9945,0.0165,-0.0236,-0.1002,0.08,-0.01,0.072,3.3,96040.8,0.00,0.000,0.000,2
227284,-0.048,0.029,1.002,-0.061,0.305,0.122,-58.491,273.054,156.196,0.9945,0.0160,-0.0235,-0.1004,0.08,0.01,0.034,3.3,96035.1,0.00,0.000,0.000,2
227484,-0.047,0.031,1.000,-0.122,0.244,0.244,-58.491,273.054,156.196,0.9945,0.0163,-0.0254,-0.1003,0.12,0.04,0.015,3.5,96036.5,0.00,0.000,0.000,2
227684,-0.048,0.029,1.004,-0.061,0.244,0.183,-58.491,273.054,156.196,0.9945,0.0159,-0.0250,-0.1006,0.11,0.03,0.053,3.4,96040.9,0.00,0.000,0.000,2
227884,-0.049,0.029,1.005,-0.061,0.183,0.183,-58.491,273.054,156.196,0.9945,0.0160,-0.0248,-0.1007,0.09,0.01,0.068,3.4,96039.4,0.00,0.000,0.000,2
228084,-0.046,0.032,1.002,-0.061,0.305,0.244,-58.491,273.054,156.196,0.9945,0.0163,-0.0238,-0.1003,0.03,-0.03,0.034,3.3,96040.8,0.00,0.000,0.000,2
228284,-0.047,0.030,1.002,-0.122,0.244,0.183,-58.491,273.054,156.196,0.9945,0.0162,-0.0260,-0.1003,-0.02,-0.07,0.039,3.5,96043.6,0.00,0.000,0.000,2
228484,-0.047,0.033,1.004,-0.061,0.183,0.244,-58.491,273.054,156.196,0.9945,0.0170,-0.0255,-0.0999,0.01,-0.02,0.059,3.5,96038.0,0.00,0.000,0.000,2
228684,-0.049,0.031,1.005,0.000,0.305,0.244,-54.946,275.771,167.556,0.9952,0.0155,-0.0257,-0.0929,-0.03,-0.04,0.069,3.4,96040.1,0.00,0.000,0.000,2
228884,-0.048,0.030,1.002,-0.061,0.122,0.244,-54.946,275.771,167.556,0.9953,0.0167,-0.0243,-0.0925,-0.02,-0.02,0.040,3.4,96035.1,0.00,0.000,0.000,2
229084,-0.048,0.029,1.002,-0.061,0.244,0.183,-54.946,275.771,167.556,0.9953,0.0163,-0.0242,-0.0926,-0.00,0.01,0.034,3.3,96040.1,0.00,0.000,0.000,2
229284,-0.050,0.031,1.004,-0.061,0.244,0.183,-54.946,275.771,167.556,0.9952,0.0166,-0.0260,-0.0927,-0.01,0.01,0.060,3.5,96039.4,0.00,0.000,0.000,2
229484,-0.048,0.032,1.003,-0.061,0.244,0.183,-54.946,275.771,167.556,0.9953,0.0171,-0.0251,-0.0922,-0.04,-0.01,0.045,3.5,96038.7,0.00,0.000,0.000,2
229684,-0.046,0.031,1.003,-0.122,0.366,0.244,-54.946,275.771,167.556,0.9953,0.0163,-0.0236,-0.0925,-0.08,-0.04,0.048,3.3,96042.2,0.00,0.000,0.000,2
229884,-0.049,0.030,1.001,0.000,0.305,0.122,-54.946,275.771,167.556,0.9952,0.0164,-0.0252,-0.0929,-0.01,0.04,0.025,3.4,96037.3,0.00,0.000,0.000,2
230084,-0.050,0.030,1.001,-0.061,0.305,0.305,-54.946,275.771,167.556,0.9952,0.0165,-0.0264,-0.0926,0.04,0.08,0.026,3.6,96035.2,0.00,0.000,0.000,2
230284,-0.047,0.029,1.002,-0.061,0.183,0.244,-54.946,275.771,167.556,0.9953,0.0164,-0.0236,-0.0928,0.09,0.12,0.034,3.3,96037.4,0.00,0.000,0.000,2
230484,-0.046,0.031,1.003,-0.061,0.244,0.183,-54.946,275.771,167.556,0.9953,0.0164,-0.0232,-0.0925,0.14,0.14,0.044,3.3,96037.4,0.00,0.000,0.000,2
230684,-0.048,0.030,1.005,0.000,0.244,0.183,-54.946,275.771,167.556,0.9953,0.0164,-0.0244,-0.0927,0.11,0.10,0.063,3.4,96036.6,0.00,0.000,0.000,2
230884,-0.050,0.031,1.002,-0.061,0.244,0.244,-69.126,275.771,161.876,0.9929,0.0086,-0.0268,-0.1156,0.15,0.13,0.041,3.2,96039.4,0.00,0.000,0.000,2
231084,-0.050,0.030,1.004,-0.061,0.305,0.244,-69.126,275.771,161.876,0.9929,0.0083,-0.0266,-0.1159,0.13,0.10,0.055,3.2,96040.9,0.00,0.000,0.000,2
231284,-0.049,0.030,1.000,-0.061,0.244,0.305,-69.126,275.771,161.876,0.9929,0.0080,-0.0265,-0.1160,0.11,0.06,0.016,3.2,96037.3,0.00,0.000,0.000,2
231484,-0.048,0.032,1.002,-0.061,0.305,0.183,-69.126,275.771,161.876,0.9929,0.0090,-0.0266,-0.1157,0.08,0.04,0.040,3.2,96040.1,0.00,0.000,0.000,2
231684,-0.048,0.031,1.002,-0.122,0.244,0.183,-69.126,275.771,161.876,0.9928,0.0091,-0.0273,-0.1160,0.06,0.02,0.040,3.3,96036.5,0.00,0.000,0.000,2
231884,-0.049,0.029,1.004,0.000,0.305,0.305,-69.126,275.771,161.876,0.9929,0.0078,-0.0250,-0.1162,0.02,-0.00,0.054,3.0,96038.8,0.00,0.000,0.000,2
232084,-0.046,0.030,1.001,0.000,0.305,0.244,-69.126,275.771,161.876,0.9929,0.0084,-0.0251,-0.1158,0.04,0.02,0.024,3.0,96036.6,0.00,0.000,0.000,2
232284,-0.046,0.030,1.004,-0.061,0.122,0.183,-69.126,275.771,161.876,0.9929,0.0084,-0.0236,-0.1161,0.04,0.02,0.053,2.9,96040.9,0.00,0.000,0.000,2
232484,-0.046,0.030,1.003,0.000,0.244,0.244,-69.126,275.771,161.876,0.9929,0.0084,-0.0243,-0.1159,0.06,0.04,0.043,2.9,96033.8,0.00,0.000,0.000,2
232684,-0.046,0.031,0.999,-0.061,0.244,0.305,-69.126,275.771,161.876,0.9929,0.0088,-0.0245,-0.1157,0.01,0.00,0.005,3.0,96040.9,0.00,0.000,0.000,2
232884,-0.049,0.029,1.003,-0.122,0.305,0.183,-46.084,268.978,159.036,0.9962,0.0083,-0.0260,-0.0824,0.02,0.01,0.049,3.1,96039.5,0.00,0.000,0.000,2
233084,-0.047,0.031,1.003,-0.061,0.244,0.305,-46.084,268.978,159.036,0.9967,0.0088,-0.0260,-0.0762,-0.04,-0.03,0.048,3.1,96042.3,0.00,0.000,0.000,2
233284,-0.049,0.029,1.001,-0.061,0.244,0.183,-46.084,268.978,159.036,0.9967,0.0090,-0.0262,-0.0765,-0.12,-0.08,0.025,3.2,96043.0,0.00,0.000,0.000,2
233484,-0.049,0.026,1.000,-0.122,0.244,0.244,-46.084,268.978,159.036,0.9966,0.0089,-0.0259,-0.0771,-0.13,-0.07,0.010,3.1,96039.5,0.00,0.000,0.000,2
233684,-0.050,0.031,1.002,-0.061,0.244,0.244,-46.084,268.978,159.036,0.9964,0.0163,-0.0267,-0.0785,-0.15,-0.06,0.036,3.6,96041.6,0.00,0.000,0.000,2
233884,-0.046,0.031,1.001,-0.122,0.244,0.183,-46.084,268.978,159.036,0.9965,0.0165,-0.0225,-0.0784,-0.14,-0.04,0.029,3.2,96039.5,0.00,0.000,0.000,2
234084,-0.045,0.031,1.002,-0.061,0.183,0.244,-46.084,268.978,159.036,0.9966,0.0160,-0.0217,-0.0784,-0.08,0.02,0.038,3.1,96038.8,0.00,0.000,0.000,2
234284,-0.047,0.032,1.004,-0.122,0.244,0.244,-46.084,268.978,159.036,0.9965,0.0170,-0.0227,-0.0785,-0.03,0.07,0.058,3.3,96038.1,0.00,0.000,0.000,2
234484,-0.047,0.031,1.002,-0.061,0.244,0.244,-46.084,268.978,159.036,0.9964,0.0171,-0.0249,-0.0788,-0.01,0.09,0.034,3.5,96041.6,0.00,0.000,0.000,2
234684,-0.047,0.032,1.000,-0.061,0.183,0.244,-46.084,268.978,159.036,0.9965,0.0171,-0.0238,-0.0786,-0.00,0.08,0.011,3.4,96040.3,0.00,0.000,0.000,2
234884,-0.046,0.032,1.000,-0.061,0.305,0.183,-46.084,268.978,159.036,0.9965,0.0174,-0.0240,-0.0784,0.04,0.11,0.015,3.4,96039.6,0.00,0.000,0.000,2
235084,-0.049,0.031,1.005,-0.061,0.183,0.183,-46.084,268.978,159.036,0.9964,0.0172,-0.0251,-0.0787,0.08,0.14,0.069,3.5,96037.5,0.00,0.000,0.000,2
235284,-0.049,0.030,1.003,-0.061,0.183,0.183,-46.084,268.978,159.036,0.9964,0.0169,-0.0251,-0.0788,0.13,0.17,0.049,3.5,96036.1,0.00,0.000,0.000,2
235484,-0.050,0.030,1.003,-0.122,0.305,0.305,-46.084,268.978,159.036,0.9964,0.0167,-0.0265,-0.0788,0.14,0.15,0.045,3.6,96038.8,0.00,0.000,0.000,2
235684,-0.048,0.032,0.999,-0.122,0.366,0.183,-46.084,268.978,159.036,0.9965,0.0172,-0.0250,-0.0785,0.14,0.13,0.006,3.5,96038.2,0.00,0.000,0.000,2
235884,-0.046,0.030,1.005,0.000,0.244,0.183,-46.084,268.978,159.036,0.9965,0.0167,-0.0237,-0.0788,0.15,0.12,0.063,3.3,96039.6,0.00,0.000,0.000,2
236084,-0.048,0.030,1.003,0.000,0.366,0.244,-46.084,268.978,159.036,0.9964,0.0164,-0.0260,-0.0785,0.11,0.08,0.044,3.5,96038.2,0.00,0.000,0.000,2
236284,-0.048,0.032,1.002,0.000,0.183,0.183,-46.084,268.978,159.036,0.9965,0.0169,-0.0247,-0.0786,0.04,0.01,0.035,3.4,96041.7,0.00,0.000,0.000,2
236484,-0.046,0.032,1.001,0.000,0.244,0.244,-46.084,268.978,159.036,0.9965,0.0169,-0.0238,-0.0786,0.06,0.03,0.030,3.3,96034.1,0.00,0.000,0.000,2
236684,-0.046,0.031,1.002,-0.061,0.244,0.183,-46.084,268.978,159.036,0.9965,0.0171,-0.0236,-0.0785,0.07,0.04,0.034,3.3,96037.5,0.00,0.000,0.000,2
236884,-0.047,0.032,1.003,-0.061,0.183,0.305,-46.084,268.978,159.036,0.9965,0.0169,-0.0237,-0.0786,0.07,0.04,0.049,3.3,96041.8,0.00,0.000,0.000,2
237084,-0.047,0.030,1.002,-0.061,0.305,0.122,-46.084,268.978,159.036,0.9964,0.0171,-0.0247,-0.0787,0.06,0.03,0.034,3.4,96039.6,0.00,0.000,0.000,2
237284,-0.049,0.032,1.004,0.000,0.183,0.183,-46.084,268.978,159.036,0.9964,0.0169,-0.0251,-0.0786,0.09,0.06,0.060,3.5,96036.2,0.00,0.000,0.000,2
237484,-0.048,0.027,1.005,-0.061,0.305,0.244,-46.084,268.978,159.036,0.9964,0.0162,-0.0252,-0.0797,0.13,0.09,0.067,3.4,96036.8,0.00,0.000,0.000,2
237684,-0.049,0.030,1.006,-0.061,0.244,0.305,-46.084,268.978,159.036,0.9964,0.0166,-0.0260,-0.0787,0.10,0.06,0.074,3.5,96039.7,0.00,0.000,0.000,2
237884,-0.048,0.031,1.011,-0.244,0.305,0.244,-46.084,268.978,159.036,0.9964,0.0162,-0.0239,-0.0795,0.14,0.11,0.126,3.3,96036.1,0.00,0.000,0.000,2
238084,-0.051,0.028,0.998,-0.122,0.305,0.183,-46.084,268.978,159.036,0.9965,0.0111,-0.0284,-0.0774,0.11,0.07,-0.003,3.5,96038.4,0.00,0.000,0.000,2
238284,-0.048,0.031,1.007,-0.122,0.244,0.122,-46.084,268.978,159.036,0.9967,0.0084,-0.0253,-0.0764,0.10,0.06,0.082,3.1,96034.8,0.00,0.000,0.000,2
238484,-0.049,0.031,1.002,0.000,0.183,0.183,-46.084,268.978,159.036,0.9967,0.0086,-0.0266,-0.0763,0.05,0.01,0.040,3.2,96042.6,0.00,0.000,0.000,2
238684,-0.049,0.031,1.003,-0.061,0.183,0.244,-46.084,268.978,159.036,0.9967,0.0086,-0.0265,-0.0764,0.08,0.04,0.050,3.2,96039.0,0.00,0.000,0.000,2
238884,-0.049,0.031,1.003,-0.061,0.305,0.244,-46.084,268.978,159.036,0.9967,0.0097,-0.0272,-0.0765,0.09,0.05,0.050,3.3,96036.3,0.00,0.000,0.000,2
239084,-0.049,0.029,1.000,0.000,0.244,0.122,-60.264,266.261,136.316,0.9941,0.0080,-0.0263,-0.1050,0.06,0.02,0.020,3.2,96041.2,0.00,0.000,0.000,2
239284,-0.049,0.032,1.000,-0.122,0.244,0.183,-60.264,266.261,136.316,0.9941,0.0090,-0.0263,-0.1044,0.08,0.05,0.017,3.2,96039.0,0.00,0.000,0.000,2
239484,-0.048,0.031,1.005,0.000,0.305,0.183,-60.264,266.261,136.316,0.9941,0.0089,-0.0265,-0.1046,0.12,0.08,0.068,3.2,96035.5,0.00,0.000,0.000,2
239684,-0.048,0.031,1.000,-0.122,0.244,0.183,-60.264,266.261,136.316,0.9941,0.0089,-0.0267,-0.1046,0.08,0.04,0.021,3.2,96037.6,0.00,0.000,0.000,2
239884,-0.047,0.032,1.001,-0.061,0.366,0.183,-60.264,266.261,136.316,0.9942,0.0101,-0.0226,-0.1047,0.05,0.01,0.025,2.8,96036.9,0.00,0.000,0.000,2
240084,-0.046,0.031,1.002,-0.122,0.183,0.244,-60.264,266.261,136.316,0.9942,0.0089,-0.0252,-0.1044,0.03,0.00,0.034,3.1,96037.7,0.00,0.000,0.000,2
240284,-0.047,0.032,1.001,-0.122,0.305,0.183,-60.264,266.261,136.316,0.9942,0.0093,-0.0244,-0.1043,0.03,0.00,0.030,3.0,96039.0,0.00,0.000,0.000,2
240484,-0.047,0.033,1.004,-0.122,0.183,0.305,-60.264,266.261,136.316,0.9941,0.0095,-0.0263,-0.1044,0.06,0.04,0.059,3.2,96036.2,0.00,0.000,0.000,2
240684,-0.047,0.031,1.002,-0.061,0.183,0.183,-60.264,266.261,136.316,0.9941,0.0088,-0.0259,-0.1046,0.04,0.03,0.035,3.1,96040.4,0.00,0.000,0.000,2
240884,-0.047,0.031,1.005,0.000,0.183,0.244,-60.264,266.261,136.316,0.9942,0.0086,-0.0252,-0.1046,-0.04,-0.04,0.063,3.1,96038.5,0.00,0.000,0.000,2
241084,-0.049,0.031,1.008,-0.061,0.183,0.244,-60.264,266.261,136.316,0.9941,0.0083,-0.0255,-0.1048,0.00,0.02,0.092,3.1,96035.6,0.00,0.000,0.000,2
241284,-0.049,0.030,1.003,-0.061,0.244,0.122,-60.264,266.261,136.316,0.9941,0.0085,-0.0263,-0.1047,0.11,0.11,0.045,3.2,96034.2,0.00,0.000,0.000,2
241484,-0.049,0.031,1.005,-0.122,0.183,0.122,-60.264,266.261,136.316,0.9941,0.0085,-0.0261,-0.1047,0.17,0.15,0.064,3.1,96033.4,0.00,0.000,0.000,2
241684,-0.049,0.031,1.002,-0.061,0.122,0.305,-60.264,266.261,136.316,0.9941,0.0091,-0.0269,-0.1046,0.23,0.18,0.040,3.3,96035.0,0.00,0.000,0.000,2
241884,-0.049,0.030,1.004,-0.061,0.183,0.244,-60.264,266.261,136.316,0.9941,0.0087,-0.0263,-0.1047,0.21,0.14,0.054,3.2,96036.2,0.00,0.000,0.000,2
242084,-0.048,0.033,1.003,-0.061,0.183,0.244,-60.264,266.261,136.316,0.9942,0.0094,-0.0258,-0.1042,0.14,0.07,0.050,3.1,96037.7,0.00,0.000,0.000,2
242284,-0.050,0.031,1.002,-0.061,0.244,0.244,-60.264,266.261,136.316,0.9941,0.0093,-0.0278,-0.1047,0.13,0.05,0.040,3.4,96039.9,0.00,0.000,0.000,2
242484,-0.048,0.030,1.001,-0.122,0.305,0.305,-60.264,266.261,136.316,0.9941,0.0086,-0.0260,-0.1047,0.10,0.03,0.025,3.1,96034.1,0.00,0.000,0.000,2
242684,-0.046,0.029,1.005,-0.122,0.244,0.244,-60.264,266.261,136.316,0.9942,0.0088,-0.0223,-0.1051,0.14,0.06,0.067,2.8,96034.3,0.00,0.000,0.000,2
242884,-0.048,0.031,0.999,-0.061,0.244,0.244,-60.264,266.261,136.316,0.9941,0.0087,-0.0261,-0.1046,0.09,0.02,0.001,3.1,96034.2,0.00,0.000,0.000,2
243084,-0.047,0.031,1.006,0.000,0.244,0.183,-60.264,266.261,136.316,0.9942,0.0085,-0.0251,-0.1046,0.09,0.03,0.077,3.0,96037.0,0.00,0.000,0.000,2
243284,-0.049,0.032,1.001,-0.061,0.305,0.183,-46.084,266.261,159.036,0.9962,0.0157,-0.0269,-0.0808,0.02,-0.03,0.026,3.6,96039.3,0.00,0.000,0.000,2
243484,-0.046,0.032,1.004,-0.061,0.244,0.183,-46.084,266.261,159.036,0.9964,0.0168,-0.0237,-0.0794,0.06,0.01,0.058,3.3,96036.3,0.00,0.000,0.000,2
243684,-0.048,0.029,1.001,-0.061,0.183,0.122,-46.084,266.261,159.036,0.9964,0.0166,-0.0241,-0.0798,0.04,0.00,0.029,3.3,96039.2,0.00,0.000,0.000,2
243884,-0.047,0.029,1.002,-0.122,0.183,0.244,-46.084,266.261,159.036,0.9964,0.0164,-0.0233,-0.0797,-0.02,-0.05,0.034,3.3,96041.3,0.00,0.000,0.000,2
244084,-0.050,0.029,1.003,-0.122,0.244,0.244,-46.084,266.261,159.036,0.9963,0.0157,-0.0277,-0.0792,-0.00,-0.01,0.045,3.6,96034.9,0.00,0.000,0.000,2
244284,-0.050,0.029,1.002,0.000,0.244,0.244,-46.084,266.261,159.036,0.9963,0.0166,-0.0265,-0.0798,0.02,0.01,0.040,3.6,96042.0,0.00,0.000,0.000,2
244484,-0.047,0.029,1.001,-0.061,0.305,0.244,-46.084,266.261,159.036,0.9964,0.0166,-0.0240,-0.0801,0.04,0.04,0.029,3.3,96037.8,0.00,0.000,0.000,2
244684,-0.052,0.030,1.003,-0.183,0.183,0.244,-46.084,266.261,159.036,0.9964,0.0154,-0.0282,-0.0789,0.14,0.12,0.051,3.7,96035.0,0.00,0.000,0.000,2
244884,-0.046,0.030,1.003,-0.122,0.183,0.244,-46.084,266.261,159.036,0.9964,0.0169,-0.0239,-0.0797,0.11,0.08,0.048,3.3,96031.5,0.00,0.000,0.000,2
245084,-0.046,0.031,1.003,0.000,0.183,0.305,-46.084,266.261,159.036,0.9964,0.0162,-0.0225,-0.0797,0.05,0.03,0.048,3.2,96036.4,0.00,0.000,0.000,2
245284,-0.046,0.028,1.003,-0.061,0.183,0.122,-46.084,266.261,159.036,0.9964,0.0164,-0.0230,-0.0799,0.02,0.01,0.048,3.2,96037.2,0.00,0.000,0.000,2
245484,-0.047,0.031,1.003,-0.122,0.122,0.183,-58.491,275.771,133.476,0.9948,0.0114,-0.0209,-0.0989,0.06,0.04,0.044,2.7,96033.6,0.00,0.000,0.000,2
245684,-0.051,0.030,1.001,0.000,0.244,0.122,-58.491,275.771,133.476,0.9947,0.0096,-0.0286,-0.0984,0.05,0.03,0.026,3.5,96032.9,0.00,0.000,0.000,2
245884,-0.047,0.029,1.003,-0.061,0.305,0.183,-58.491,275.771,133.476,0.9948,0.0085,-0.0268,-0.0984,0.08,0.06,0.048,3.2,96032.2,0.00,0.000,0.000,2
246084,-0.047,0.031,1.006,0.000,0.305,0.305,-58.491,275.771,133.476,0.9948,0.0096,-0.0269,-0.0980,0.08,0.07,0.073,3.3,96035.2,0.00,0.000,0.000,2
246284,-0.049,0.031,1.002,-0.122,0.122,0.122,-58.491,275.771,133.476,0.9947,0.0105,-0.0284,-0.0985,0.07,0.05,0.040,3.5,96031.5,0.00,0.000,0.000,2
246484,-0.049,0.030,1.000,-0.061,0.244,0.244,-58.491,275.771,133.476,0.9948,0.0096,-0.0271,-0.0981,0.02,0.01,0.021,3.3,96037.1,0.00,0.000,0.000,2
246684,-0.050,0.033,1.004,-0.061,0.183,0.244,-58.491,275.771,133.476,0.9947,0.0099,-0.0286,-0.0979,0.02,0.01,0.055,3.5,96033.0,0.00,0.000,0.000,2
246884,-0.047,0.032,1.002,0.000,0.305,0.305,-58.491,275.771,133.476,0.9949,0.0091,-0.0243,-0.0977,-0.06,-0.05,0.040,3.0,96042.2,0.00,0.000,0.000,2
247084,-0.049,0.031,1.001,-0.061,0.305,0.183,-58.491,275.771,133.476,0.9948,0.0089,-0.0273,-0.0979,-0.10,-0.07,0.031,3.3,96039.3,0.00,0.000,0.000,2
247284,-0.048,0.030,1.003,-0.061,0.427,0.183,-58.491,275.771,133.476,0.9948,0.0082,-0.0247,-0.0980,-0.03,0.01,0.049,3.0,96039.2,0.00,0.000,0.000,2
247484,-0.051,0.030,1.002,-0.061,0.183,0.244,-46.084,268.978,164.716,0.9959,0.0129,-0.0289,-0.0842,0.04,0.08,0.036,3.6,96031.6,0.00,0.000,0.000,2
247684,-0.049,0.029,1.003,0.000,0.244,0.122,-46.084,268.978,164.716,0.9964,0.0167,-0.0244,-0.0789,0.06,0.09,0.049,3.4,96034.3,0.00,0.000,0.000,2
247884,-0.047,0.030,1.004,-0.061,0.122,0.244,-46.084,268.978,164.716,0.9965,0.0169,-0.0240,-0.0786,0.02,0.05,0.053,3.4,96035.2,0.00,0.000,0.000,2
248084,-0.046,0.032,1.003,-0.061,0.244,0.244,-46.084,268.978,164.716,0.9965,0.0174,-0.0244,-0.0780,0.06,0.08,0.049,3.4,96036.6,0.00,0.000,0.000,2
248284,-0.049,0.029,1.002,-0.061,0.122,0.244,-46.084,268.978,164.716,0.9964,0.0166,-0.0246,-0.0789,0.10,0.11,0.035,3.4,96036.4,0.00,0.000,0.000,2
248484,-0.049,0.033,1.003,-0.061,0.183,0.244,-46.084,268.978,164.716,0.9965,0.0169,-0.0258,-0.0781,0.10,0.09,0.050,3.5,96039.3,0.00,0.000,0.000,2
248684,-0.047,0.030,1.002,0.061,0.183,0.122,-46.084,268.978,164.716,0.9965,0.0168,-0.0247,-0.0786,-0.06,-0.05,0.034,3.4,96045.0,0.00,0.000,0.000,2
248884,-0.050,0.030,1.001,-0.061,0.244,0.244,-46.084,268.978,164.716,0.9964,0.0155,-0.0274,-0.0786,-0.08,-0.05,0.026,3.6,96035.9,0.00,0.000,0.000,2
249084,-0.050,0.029,1.003,-0.061,0.244,0.244,-46.084,268.978,164.716,0.9964,0.0149,-0.0286,-0.0779,-0.12,-0.07,0.049,3.7,96041.5,0.00,0.000,0.000,2
249284,-0.045,0.032,1.001,-0.061,0.244,0.244,-46.084,268.978,164.716,0.9965,0.0164,-0.0224,-0.0782,-0.15,-0.08,0.024,3.2,96038.0,0.00,0.000,0.000,2
249484,-0.049,0.032,1.003,-0.061,0.122,0.183,-46.084,268.978,164.716,0.9964,0.0167,-0.0259,-0.0784,-0.11,-0.02,0.050,3.5,96037.9,0.00,0.000,0.000,2
249684,-0.050,0.029,1.001,-0.061,0.305,0.183,-51.401,270.337,167.556,0.9959,0.0087,-0.0266,-0.0860,-0.19,-0.08,0.030,3.2,96041.3,0.00,0.000,0.000,2
249884,-0.050,0.029,1.004,-0.061,0.305,0.244,-51.401,270.337,167.556,0.9959,0.0093,-0.0271,-0.0856,-0.27,-0.12,0.054,3.3,96044.3,0.00,0.000,0.000,2
250084,-0.048,0.030,1.003,-0.061,0.183,0.244,-51.401,270.337,167.556,0.9960,0.0084,-0.0248,-0.0855,-0.26,-0.08,0.044,3.0,96040.8,0.00,0.000,0.000,2
250284,-0.047,0.030,1.003,-0.061,0.244,0.122,-51.401,270.337,167.556,0.9960,0.0089,-0.0239,-0.0854,-0.29,-0.09,0.048,2.9,96042.2,0.00,0.000,0.000,2
250484,-0.049,0.031,1.003,-0.122,0.183,0.244,-51.401,270.337,167.556,0.9960,0.0084,-0.0248,-0.0855,-0.29,-0.07,0.049,3.0,96043.6,0.00,0.000,0.000,2
250684,-0.046,0.030,1.002,-0.061,0.244,0.244,-51.401,270.337,167.556,0.9959,0.0086,-0.0259,-0.0857,-0.25,-0.01,0.034,3.1,96040.7,0.00,0.000,0.000,2
250884,-0.048,0.031,1.005,-0.122,0.244,0.183,-51.401,270.337,167.556,0.9959,0.0091,-0.0269,-0.0856,-0.17,0.06,0.064,3.2,96042.0,0.00,0.000,0.000,2
251084,-0.048,0.032,1.005,-0.061,0.244,0.122,-51.401,270.337,167.556,0.9960,0.0090,-0.0264,-0.0853,-0.10,0.12,0.064,3.2,96041.6,0.00,0.000,0.000,2
251284,-0.048,0.030,1.000,-0.061,0.183,0.183,-51.401,270.337,167.556,0.9960,0.0084,-0.0248,-0.0857,-0.01,0.19,0.020,3.0,96037.3,0.00,0.000,0.000,2
251484,-0.048,0.030,1.001,-0.122,0.305,0.183,-51.401,270.337,167.556,0.9960,0.0082,-0.0257,-0.0857,0.02,0.19,0.025,3.1,96037.3,0.00,0.000,0.000,2
251684,-0.047,0.031,1.002,-0.122,0.305,0.244,-51.401,270.337,167.556,0.9960,0.0087,-0.0243,-0.0855,0.05,0.19,0.034,3.0,96037.1,0.00,0.000,0.000,2
251884,-0.047,0.031,1.002,-0.061,0.122,0.183,-51.401,270.337,167.556,0.9960,0.0086,-0.0250,-0.0853,0.11,0.22,0.034,3.0,96035.8,0.00,0.000,0.000,2
252084,-0.048,0.030,1.001,-0.061,0.244,0.244,-51.401,270.337,167.556,0.9959,0.0087,-0.0263,-0.0858,0.13,0.21,0.025,3.2,96034.5,0.00,0.000,0.000,2
252284,-0.048,0.032,1.004,-0.061,0.305,0.244,-51.401,270.337,167.556,0.9960,0.0089,-0.0256,-0.0853,0.21,0.25,0.054,3.1,96033.7,0.00,0.000,0.000,2
252484,-0.048,0.030,1.003,-0.061,0.122,0.183,-51.401,270.337,167.556,0.9960,0.0083,-0.0251,-0.0858,0.20,0.21,0.044,3.0,96035.8,0.00,0.000,0.000,2
252684,-0.050,0.029,1.002,0.000,0.183,0.244,-51.401,270.337,167.556,0.9959,0.0082,-0.0259,-0.0857,0.15,0.13,0.035,3.1,96040.0,0.00,0.000,0.000,2
252884,-0.050,0.029,1.004,-0.061,0.183,0.244,-51.401,270.337,167.556,0.9959,0.0087,-0.0270,-0.0858,0.09,0.07,0.054,3.2,96040.1,0.00,0.000,0.000,2
253084,-0.047,0.031,1.004,0.000,0.244,0.244,-51.401,270.337,167.556,0.9960,0.0085,-0.0251,-0.0856,0.11,0.08,0.058,3.0,96036.5,0.00,0.000,0.000,2
253284,-0.049,0.028,1.004,0.000,0.244,0.244,-51.401,270.337,167.556,0.9959,0.0084,-0.0260,-0.0859,0.16,0.12,0.054,3.1,96033.0,0.00,0.000,0.000,2
253484,-0.048,0.031,1.004,-0.061,0.183,0.244,-51.401,270.337,167.556,0.9960,0.0086,-0.0254,-0.0855,0.12,0.06,0.054,3.1,96040.7,0.00,0.000,0.000,2
253684,-0.047,0.031,1.001,-0.061,0.183,0.305,-51.401,270.337,167.556,0.9960,0.0087,-0.0235,-0.0856,0.11,0.05,0.030,2.9,96035.8,0.00,0.000,0.000,2
253884,-0.048,0.032,1.003,-0.061,0.244,0.305,-56.719,266.261,170.395,0.9946,0.0169,-0.0243,-0.0991,0.11,0.05,0.050,3.4,96034.3,0.00,0.000,0.000,2
254084,-0.048,0.029,1.002,0.000,0.061,0.122,-56.719,266.261,170.395,0.9946,0.0159,-0.0239,-0.0994,0.11,0.05,0.034,3.3,96035.9,0.00,0.000,0.000,2
254284,-0.047,0.031,1.002,-0.061,0.305,0.244,-56.719,266.261,170.395,0.9946,0.0162,-0.0248,-0.0993,0.15,0.08,0.039,3.4,96036.6,0.00,0.000,0.000,2
254484,-0.047,0.030,1.004,-0.061,0.244,0.305,-56.719,266.261,170.395,0.9946,0.0162,-0.0239,-0.0992,0.14,0.06,0.053,3.3,96039.3,0.00,0.000,0.000,2
254684,-0.046,0.030,1.001,-0.122,0.122,0.183,-56.719,266.261,170.395,0.9947,0.0155,-0.0224,-0.0991,0.15,0.07,0.024,3.1,96035.2,0.00,0.000,0.000,2
254884,-0.049,0.030,1.001,-0.061,0.244,0.244,-56.719,266.261,170.395,0.9946,0.0163,-0.0255,-0.0993,0.13,0.05,0.026,3.5,96038.7,0.00,0.000,0.000,2
255084,-0.048,0.031,1.003,0.000,0.183,0.183,-56.719,266.261,170.395,0.9946,0.0162,-0.0252,-0.0991,0.01,-0.06,0.049,3.4,96041.5,0.00,0.000,0.000,2
255284,-0.048,0.031,1.004,-0.061,0.183,0.244,-56.719,266.261,170.395,0.9947,0.0165,-0.0238,-0.0991,0.05,-0.00,0.054,3.3,96032.3,0.00,0.000,0.000,2
255484,-0.047,0.030,1.002,-0.061,0.244,0.183,-56.719,266.261,170.395,0.9946,0.0162,-0.0239,-0.0992,0.13,0.07,0.039,3.3,96034.5,0.00,0.000,0.000,2
255684,-0.047,0.033,1.004,-0.061,0.183,0.244,-56.719,266.261,170.395,0.9947,0.0165,-0.0239,-0.0990,0.09,0.03,0.059,3.3,96036.6,0.00,0.000,0.000,2
255884,-0.048,0.030,1.002,-0.061,0.244,0.305,-56.719,266.261,170.395,0.9946,0.0163,-0.0248,-0.0992,0.08,0.03,0.039,3.4,96038.0,0.00,0.000,0.000,2
256084,-0.047,0.029,1.000,-0.061,0.183,0.244,-56.719,266.261,170.395,0.9946,0.0160,-0.0240,-0.0994,0.15,0.09,0.015,3.3,96034.4,0.00,0.000,0.000,2
256284,-0.050,0.031,1.004,-0.122,0.183,0.244,-56.719,266.261,170.395,0.9946,0.0158,-0.0276,-0.0988,0.18,0.11,0.060,3.6,96030.2,0.00,0.000,0.000,2
256484,-0.048,0.030,1.003,-0.122,0.244,0.305,-56.719,266.261,170.395,0.9947,0.0155,-0.0229,-0.0992,0.13,0.06,0.044,3.2,96038.6,0.00,0.000,0.000,2
256684,-0.048,0.031,1.002,-0.061,0.244,0.305,-56.719,266.261,170.395,0.9946,0.0164,-0.0247,-0.0991,0.00,-0.05,0.035,3.4,96038.7,0.00,0.000,0.000,2
256884,-0.047,0.031,1.005,-0.122,0.305,0.183,-56.719,266.261,170.395,0.9947,0.0162,-0.0240,-0.0990,0.05,0.02,0.063,3.3,96031.7,0.00,0.000,0.000,2
257084,-0.048,0.030,1.002,0.000,0.122,0.244,-56.719,266.261,170.395,0.9948,0.0105,-0.0280,-0.0972,0.05,0.02,0.040,3.4,96039.9,0.00,0.000,0.000,2
257284,-0.047,0.031,1.004,0.000,0.305,0.183,-56.719,266.261,170.395,0.9950,0.0094,-0.0223,-0.0970,-0.03,-0.04,0.058,2.8,96040.6,0.00,0.000,0.000,2
257484,-0.048,0.030,1.004,-0.061,0.183,0.183,-56.719,266.261,170.395,0.9949,0.0083,-0.0260,-0.0969,-0.05,-0.04,0.054,3.1,96039.4,0.00,0.000,0.000,2
257684,-0.048,0.031,1.001,0.000,0.244,0.244,-56.719,266.261,170.395,0.9949,0.0090,-0.0272,-0.0970,-0.03,-0.02,0.030,3.3,96032.9,0.00,0.000,0.000,2
257884,-0.048,0.030,1.003,-0.122,0.244,0.183,-56.719,266.261,170.395,0.9949,0.0083,-0.0264,-0.0970,-0.07,-0.03,0.044,3.2,96034.5,0.00,0.000,0.000,2
258084,-0.046,0.031,1.003,-0.061,0.244,0.183,-56.719,266.261,170.395,0.9950,0.0089,-0.0234,-0.0966,-0.09,-0.04,0.044,2.9,96040.0,0.00,0.000,0.000,2
258284,-0.047,0.031,1.005,0.000,0.305,0.244,-56.719,266.261,170.395,0.9950,0.0087,-0.0248,-0.0966,-0.09,-0.02,0.063,3.0,96036.4,0.00,0.000,0.000,2
258484,-0.049,0.031,1.003,0.000,0.183,0.122,-56.719,266.261,170.395,0.9949,0.0088,-0.0273,-0.0969,-0.10,-0.02,0.045,3.3,96039.2,0.00,0.000,0.000,2
258684,-0.049,0.031,1.003,-0.122,0.244,0.244,-56.719,266.261,170.395,0.9949,0.0094,-0.0276,-0.0967,-0.08,0.01,0.050,3.3,96040.7,0.00,0.000,0.000,2
258884,-0.049,0.030,1.005,0.000,0.244,0.244,-56.719,266.261,170.395,0.9949,0.0088,-0.0273,-0.0971,-0.05,0.04,0.069,3.3,96040.1,0.00,0.000,0.000,2
259084,-0.047,0.032,1.002,0.000,0.244,0.183,-56.719,266.261,170.395,0.9950,0.0090,-0.0257,-0.0963,-0.02,0.07,0.035,3.1,96040.7,0.00,0.000,0.000,2
259284,-0.045,0.030,1.004,0.061,0.305,0.122,-56.719,266.261,170.395,0.9950,0.0092,-0.0219,-0.0974,0.01,0.09,0.052,2.7,96035.8,0.00,0.000,0.000,2
259484,-0.051,0.032,1.001,-0.061,0.244,0.305,-56.719,266.261,170.395,0.9950,0.0085,-0.0258,-0.0966,0.02,0.08,0.027,3.1,96037.2,0.00,0.000,0.000,2
259684,-0.047,0.029,1.001,-0.061,0.183,0.244,-56.719,266.261,170.395,0.9949,0.0080,-0.0255,-0.0971,0.01,0.07,0.029,3.1,96036.4,0.00,0.000,0.000,2
259884,-0.047,0.030,1.005,-0.122,0.244,0.183,-56.719,266.261,170.395,0.9949,0.0084,-0.0253,-0.0968,0.03,0.09,0.063,3.1,96031.5,0.00,0.000,0.000,2
260084,-0.049,0.029,1.003,-0.061,0.305,0.244,-53.174,263.544,176.075,0.9953,0.0089,-0.0264,-0.0926,0.07,0.11,0.044,3.2,96038.5,0.00,0.000,0.000,2
260284,-0.048,0.031,1.002,0.000,0.183,0.244,-53.174,263.544,176.075,0.9955,0.0089,-0.0269,-0.0910,0.01,0.05,0.035,3.2,96039.9,0.00,0.000,0.000,2
260484,-0.048,0.031,1.004,-0.061,0.244,0.183,-53.174,263.544,176.075,0.9955,0.0085,-0.0260,-0.0908,-0.03,0.01,0.054,3.1,96042.1,0.00,0.000,0.000,2
260684,-0.049,0.030,1.004,0.000,0.183,0.183,-53.174,263.544,176.075,0.9955,0.0084,-0.0260,-0.0909,0.06,0.10,0.054,3.1,96033.4,0.00,0.000,0.000,2
260884,-0.047,0.030,1.002,-0.122,0.183,0.122,-53.174,263.544,176.075,0.9955,0.0082,-0.0244,-0.0912,0.13,0.15,0.039,2.9,96037.1,0.00,0.000,0.000,2
261084,-0.051,0.031,1.001,-0.061,0.305,0.244,-53.174,263.544,176.075,0.9954,0.0083,-0.0267,-0.0911,0.10,0.11,0.031,3.2,96037.8,0.00,0.000,0.000,2
261284,-0.049,0.032,1.001,-0.061,0.061,0.183,-53.174,263.544,176.075,0.9955,0.0091,-0.0260,-0.0905,0.08,0.07,0.031,3.2,96039.9,0.00,0.000,0.000,2
261484,-0.048,0.030,1.003,-0.061,0.244,0.305,-53.174,263.544,176.075,0.9954,0.0085,-0.0264,-0.0912,0.01,0.01,0.044,3.2,96039.1,0.00,0.000,0.000,2
261684,-0.049,0.032,1.002,-0.061,0.305,0.183,-53.174,263.544,176.075,0.9954,0.0099,-0.0283,-0.0908,-0.00,0.01,0.041,3.4,96039.1,0.00,0.000,0.000,2
261884,-0.046,0.031,1.002,0.000,0.122,0.244,-53.174,263.544,176.075,0.9955,0.0089,-0.0245,-0.0907,-0.03,-0.01,0.034,3.0,96041.3,0.00,0.000,0.000,2
262084,-0.047,0.034,1.004,0.000,0.244,0.244,-53.174,263.544,176.075,0.9956,0.0100,-0.0226,-0.0905,-0.06,-0.02,0.059,2.8,96037.6,0.00,0.000,0.000,2
262284,-0.050,0.029,1.000,-0.061,0.366,0.244,-67.353,268.978,170.395,0.9928,0.0090,-0.0283,-0.1156,-0.04,0.00,0.011,3.4,96039.9,0.00,0.000,0.000,2
262484,-0.050,0.031,1.001,-0.122,0.244,0.183,-67.353,268.978,170.395,0.9929,0.0084,-0.0271,-0.1151,-0.05,-0.00,0.026,3.2,96040.5,0.00,0.000,0.000,2
262684,-0.046,0.031,1.001,-0.061,0.244,0.305,-67.353,268.978,170.395,0.9930,0.0088,-0.0236,-0.1153,-0.11,-0.04,0.025,2.9,96038.5,0.00,0.000,0.000,2
262884,-0.050,0.028,1.003,-0.122,0.183,0.183,-67.353,268.978,170.395,0.9929,0.0085,-0.0276,-0.1157,-0.10,-0.01,0.045,3.3,96038.4,0.00,0.000,0.000,2
263084,-0.048,0.030,1.003,-0.061,0.122,0.305,-67.353,268.978,170.395,0.9929,0.0122,-0.0218,-0.1166,0.01,0.08,0.044,2.9,96036.3,0.00,0.000,0.000,2
263284,-0.048,0.032,1.000,-0.061,0.183,0.244,-67.353,268.978,170.395,0.9930,0.0109,-0.0225,-0.1158,0.04,0.10,0.011,2.9,96037.8,0.00,0.000,0.000,2
263484,-0.049,0.028,1.002,-0.061,0.183,0.244,-67.353,268.978,170.395,0.9929,0.0076,-0.0262,-0.1157,0.05,0.10,0.035,3.1,96035.7,0.00,0.000,0.000,2
263684,-0.045,0.032,1.001,-0.061,0.305,0.244,-67.353,268.978,170.395,0.9930,0.0090,-0.0237,-0.1150,0.14,0.16,0.029,2.9,96036.4,0.00,0.000,0.000,2
263884,-0.049,0.032,1.001,-0.122,0.366,0.244,-67.353,268.978,170.395,0.9929,0.0088,-0.0270,-0.1151,0.17,0.17,0.031,3.3,96037.0,0.00,0.000,0.000,2
264084,-0.048,0.033,1.005,-0.061,0.183,0.244,-67.353,268.978,170.395,0.9930,0.0091,-0.0264,-0.1150,0.06,0.06,0.069,3.2,96037.7,0.00,0.000,0.000,2
264284,-0.048,0.031,1.003,-0.061,0.244,0.122,-92.168,277.129,153.356,0.9911,0.0171,-0.0243,-0.1296,0.07,0.06,0.044,3.4,96034.2,0.00,0.000,0.000,2
264484,-0.047,0.031,1.000,-0.061,0.244,0.244,-92.168,277.129,153.356,0.9874,0.0103,-0.0260,-0.1555,0.11,0.09,0.016,3.2,96032.8,0.00,0.000,0.000,2
264684,-0.048,0.030,1.003,-0.061,0.244,0.305,-92.168,277.129,153.356,0.9875,0.0090,-0.0254,-0.1554,0.14,0.11,0.044,3.1,96037.1,0.00,0.000,0.000,2
264884,-0.048,0.029,1.004,0.000,0.122,0.244,-92.168,277.129,153.356,0.9874,0.0085,-0.0263,-0.1558,0.16,0.11,0.053,3.2,96035.6,0.00,0.000,0.000,2
265084,-0.047,0.031,1.001,0.000,0.244,0.183,-92.168,277.129,153.356,0.9875,0.0098,-0.0265,-0.1553,0.08,0.04,0.030,3.2,96033.6,0.00,0.000,0.000,2
265284,-0.049,0.030,1.001,-0.122,0.183,0.183,-92.168,277.129,153.356,0.9873,0.0106,-0.0271,-0.1561,0.10,0.06,0.026,3.3,96035.7,0.00,0.000,0.000,2
265484,-0.047,0.031,1.000,0.000,0.244,0.244,-92.168,277.129,153.356,0.9874,0.0108,-0.0263,-0.1555,0.08,0.03,0.011,3.3,96035.6,0.00,0.000,0.000,2
265684,-0.048,0.030,1.002,0.061,0.061,0.305,-92.168,277.129,153.356,0.9874,0.0109,-0.0261,-0.1558,0.05,0.01,0.035,3.2,96036.2,0.00,0.000,0.000,2
265884,-0.049,0.032,1.002,-0.122,0.183,0.244,-92.168,277.129,153.356,0.9873,0.0127,-0.0276,-0.1562,0.04,0.01,0.040,3.5,96037.0,0.00,0.000,0.000,2
266084,-0.046,0.032,1.003,-0.061,0.305,0.244,-92.168,277.129,153.356,0.9874,0.0124,-0.0237,-0.1561,0.03,0.01,0.044,3.1,96034.9,0.00,0.000,0.000,2
266284,-0.046,0.031,1.000,-0.122,0.244,0.305,-92.168,277.129,153.356,0.9872,0.0132,-0.0244,-0.1568,0.03,0.01,0.010,3.2,96044.8,0.00,0.000,0.000,2
266484,-0.048,0.030,1.000,-0.061,0.183,0.244,-92.168,277.129,153.356,0.9872,0.0126,-0.0256,-0.1567,0.01,0.00,0.011,3.3,96039.1,0.00,0.000,0.000,2
266684,-0.048,0.031,1.000,-0.122,0.183,0.183,-92.168,277.129,153.356,0.9874,0.0114,-0.0266,-0.1558,0.04,0.03,0.021,3.3,96038.3,0.00,0.000,0.000,2
266884,-0.048,0.031,1.006,-0.061,0.122,0.244,-92.168,277.129,153.356,0.9873,0.0125,-0.0249,-0.1561,-0.01,-0.01,0.078,3.2,96038.3,0.00,0.000,0.000,2
267084,-0.045,0.031,1.002,-0.061,0.305,0.122,-92.168,277.129,153.356,0.9873,0.0131,-0.0251,-0.1564,-0.08,-0.06,0.039,3.2,96039.8,0.00,0.000,0.000,2
267284,-0.050,0.030,1.000,-0.122,0.183,0.183,-92.168,277.129,153.356,0.9874,0.0089,-0.0278,-0.1555,-0.09,-0.04,0.022,3.3,96040.4,0.00,0.000,0.000,2
267484,-0.047,0.030,1.001,0.000,0.244,0.183,-92.168,277.129,153.356,0.9874,0.0095,-0.0259,-0.1556,-0.02,0.03,0.025,3.2,96036.9,0.00,0.000,0.000,2
267684,-0.049,0.029,1.004,-0.061,0.244,0.183,-92.168,277.129,153.356,0.9874,0.0099,-0.0275,-0.1557,0.05,0.09,0.059,3.3,96034.8,0.00,0.000,0.000,2
267884,-0.047,0.030,1.003,-0.061,0.305,0.183,-92.168,277.129,153.356,0.9874,0.0109,-0.0243,-0.1560,0.13,0.15,0.044,3.1,96037.7,0.00,0.000,0.000,2
268084,-0.049,0.029,1.001,-0.122,0.244,0.244,-92.168,277.129,153.356,0.9874,0.0102,-0.0270,-0.1558,0.12,0.12,0.030,3.3,96039.7,0.00,0.000,0.000,2
268284,-0.048,0.031,1.003,-0.183,0.122,0.183,-92.168,277.129,153.356,0.9874,0.0117,-0.0265,-0.1558,0.09,0.09,0.045,3.3,96034.1,0.00,0.000,0.000,2
268484,-0.048,0.030,1.000,-0.061,0.305,0.183,-92.168,277.129,153.356,0.9873,0.0121,-0.0250,-0.1563,0.08,0.07,0.020,3.2,96036.9,0.00,0.000,0.000,2
268684,-0.048,0.032,1.004,-0.061,0.244,0.244,-81.533,263.544,141.996,0.9890,0.0122,-0.0254,-0.1452,0.04,0.04,0.060,3.2,96037.6,0.00,0.000,0.000,2
268884,-0.049,0.032,1.004,0.000,0.244,0.183,-81.533,263.544,141.996,0.9888,0.0144,-0.0264,-0.1461,0.03,0.02,0.055,3.4,96037.0,0.00,0.000,0.000,2
269084,-0.048,0.029,1.003,-0.061,0.183,0.183,-81.533,263.544,141.996,0.9891,0.0086,-0.0269,-0.1447,0.04,0.03,0.044,3.2,96037.6,0.00,0.000,0.000,2
269284,-0.047,0.031,1.004,0.000,0.305,0.183,-81.533,263.544,141.996,0.9891,0.0094,-0.0247,-0.1447,0.07,0.06,0.054,3.0,96035.0,0.00,0.000,0.000,2
269484,-0.047,0.029,1.002,-0.061,0.183,0.183,-81.533,263.544,141.996,0.9891,0.0091,-0.0254,-0.1449,0.00,0.00,0.039,3.1,96038.4,0.00,0.000,0.000,2
269684,-0.047,0.031,1.002,-0.061,0.366,0.305,-81.533,263.544,141.996,0.9890,0.0109,-0.0270,-0.1451,-0.05,-0.03,0.040,3.3,96036.2,0.00,0.000,0.000,2
269884,-0.047,0.029,1.004,-0.061,0.305,0.183,-81.533,263.544,141.996,0.9891,0.0085,-0.0248,-0.1447,-0.05,-0.02,0.058,3.0,96036.0,0.00,0.000,0.000,2
270084,-0.050,0.032,1.003,0.000,0.305,0.183,-81.533,263.544,141.996,0.9890,0.0105,-0.0279,-0.1448,-0.07,-0.02,0.046,3.4,96039.7,0.00,0.000,0.000,2
270284,-0.048,0.032,1.002,-0.061,0.244,0.244,-81.533,263.544,141.996,0.9890,0.0133,-0.0242,-0.1454,-0.05,0.00,0.035,3.2,96036.8,0.00,0.000,0.000,2
270484,-0.048,0.031,1.003,-0.061,0.305,0.183,-81.533,263.544,141.996,0.9888,0.0140,-0.0254,-0.1461,-0.01,0.04,0.049,3.3,96038.3,0.00,0.000,0.000,2
270684,-0.047,0.032,1.006,-0.061,0.244,0.305,-81.533,263.544,141.996,0.9889,0.0143,-0.0249,-0.1458,-0.01,0.05,0.073,3.3,96041.2,0.00,0.000,0.000,2
270884,-0.046,0.029,1.002,-0.061,0.244,0.183,-81.533,263.544,141.996,0.9890,0.0117,-0.0260,-0.1454,-0.00,0.05,0.034,3.3,96036.2,0.00,0.000,0.000,2
271084,-0.048,0.029,1.000,-0.061,0.183,0.244,-81.533,263.544,141.996,0.9888,0.0133,-0.0253,-0.1462,0.00,0.06,0.020,3.3,96032.8,0.00,0.000,0.000,2
271284,-0.047,0.030,1.002,-0.122,0.183,0.122,-81.533,263.544,141.996,0.9889,0.0132,-0.0243,-0.1461,-0.04,0.02,0.034,3.2,96041.2,0.00,0.000,0.000,2
271484,-0.046,0.031,1.004,-0.061,0.183,0.244,-81.533,263.544,141.996,0.9889,0.0139,-0.0247,-0.1460,-0.08,-0.01,0.058,3.3,96042.6,0.00,0.000,0.000,2
271684,-0.049,0.029,1.003,0.000,0.244,0.183,-81.533,263.544,141.996,0.9889,0.0104,-0.0275,-0.1454,-0.05,0.03,0.049,3.4,96038.3,0.00,0.000,0.000,2
271884,-0.045,0.031,1.005,0.000,0.244,0.183,-81.533,263.544,141.996,0.9891,0.0106,-0.0226,-0.1450,0.01,0.08,0.067,2.9,96036.2,0.00,0.000,0.000,2
272084,-0.047,0.030,1.001,0.000,0.244,0.183,-81.533,263.544,141.996,0.9889,0.0131,-0.0251,-0.1457,0.01,0.08,0.029,3.2,96036.2,0.00,0.000,0.000,2
272284,-0.050,0.029,1.003,-0.122,0.427,0.244,-81.533,263.544,141.996,0.9890,0.0089,-0.0280,-0.1448,0.02,0.08,0.045,3.4,96036.9,0.00,0.000,0.000,2
272484,-0.048,0.031,1.003,-0.122,0.122,0.183,-81.533,263.544,141.996,0.9891,0.0094,-0.0257,-0.1446,0.03,0.08,0.045,3.1,96033.4,0.00,0.000,0.000,2
272684,-0.041,0.031,1.000,0.244,0.122,0.183,-81.533,263.544,141.996,0.9891,0.0129,-0.0208,-0.1454,0.03,0.08,0.013,2.8,96039.6,0.00,0.000,0.000,2
272884,-0.044,0.032,1.002,0.000,0.122,0.244,-76.216,270.337,167.556,0.9902,0.0138,-0.0234,-0.1372,0.01,0.05,0.034,3.1,96039.0,0.00,0.000,0.000,2
273084,-0.050,0.030,1.002,-0.122,0.305,0.244,-76.216,270.337,167.556,0.9907,0.0135,-0.0281,-0.1323,0.07,0.10,0.035,3.6,96034.1,0.00,0.000,0.000,2
273284,-0.050,0.032,1.001,-0.061,0.305,0.305,-76.216,270.337,167.556,0.9910,0.0094,-0.0268,-0.1308,0.11,0.13,0.027,3.3,96036.9,0.00,0.000,0.000,2
273484,-0.046,0.031,1.002,0.000,0.305,0.183,-76.216,270.337,167.556,0.9911,0.0090,-0.0239,-0.1306,0.09,0.10,0.039,2.9,96036.9,0.00,0.000,0.000,2
273684,-0.048,0.032,1.003,-0.061,0.305,0.183,-76.216,270.337,167.556,0.9911,0.0098,-0.0251,-0.1307,0.09,0.08,0.045,3.1,96038.9,0.00,0.000,0.000,2
273884,-0.046,0.030,1.004,-0.061,0.183,0.183,-76.216,270.337,167.556,0.9911,0.0084,-0.0251,-0.1307,0.12,0.10,0.053,3.0,96037.0,0.00,0.000,0.000,2
274084,-0.049,0.029,1.001,-0.061,0.244,0.122,-76.216,270.337,167.556,0.9910,0.0083,-0.0262,-0.1307,0.12,0.09,0.030,3.2,96036.2,0.00,0.000,0.000,2
274284,-0.049,0.030,0.999,-0.061,0.244,0.122,-76.216,270.337,167.556,0.9910,0.0085,-0.0273,-0.1308,0.07,0.04,0.006,3.3,96036.2,0.00,0.000,0.000,2
274484,-0.046,0.032,1.004,-0.061,0.305,0.183,-76.216,270.337,167.556,0.9911,0.0094,-0.0236,-0.1309,0.03,0.01,0.053,2.9,96037.6,0.00,0.000,0.000,2
274684,-0.048,0.031,1.005,-0.061,0.244,0.305,-76.216,270.337,167.556,0.9910,0.0088,-0.0264,-0.1306,0.02,0.01,0.068,3.2,96036.2,0.00,0.000,0.000,2
274884,-0.049,0.030,1.001,-0.122,0.183,0.244,-76.216,270.337,167.556,0.9910,0.0087,-0.0275,-0.1307,-0.01,-0.02,0.030,3.3,96039.0,0.00,0.000,0.000,2
275084,-0.048,0.030,1.002,-0.122,0.183,0.183,-76.216,270.337,167.556,0.9909,0.0113,-0.0235,-0.1318,-0.00,0.00,0.035,3.0,96036.9,0.00,0.000,0.000,2
275284,-0.049,0.031,1.002,-0.061,0.305,0.183,-76.216,270.337,167.556,0.9910,0.0087,-0.0271,-0.1306,-0.05,-0.03,0.035,3.3,96043.2,0.00,0.000,0.000,2
275484,-0.049,0.031,1.000,-0.061,0.183,0.183,-76.216,270.337,167.556,0.9910,0.0092,-0.0281,-0.1308,-0.04,-0.01,0.012,3.4,96038.3,0.00,0.000,0.000,2
275684,-0.049,0.031,1.001,-0.122,0.183,0.183,-76.216,270.337,167.556,0.9910,0.0089,-0.0274,-0.1307,0.02,0.04,0.031,3.3,96034.8,0.00,0.000,0.000,2
275884,-0.048,0.030,1.002,0.000,0.183,0.244,-76.216,270.337,167.556,0.9909,0.0095,-0.0277,-0.1310,0.07,0.09,0.035,3.4,96031.3,0.00,0.000,0.000,2
276084,-0.049,0.030,1.003,-0.061,0.183,0.183,-76.216,270.337,167.556,0.9910,0.0085,-0.0274,-0.1307,0.09,0.10,0.045,3.3,96038.3,0.00,0.000,0.000,2
276284,-0.048,0.030,1.002,0.061,0.183,0.244,-76.216,270.337,167.556,0.9910,0.0084,-0.0264,-0.1307,0.01,0.02,0.035,3.2,96039.7,0.00,0.000,0.000,2
276484,-0.047,0.032,1.001,-0.061,0.183,0.305,-76.216,270.337,167.556,0.9911,0.0095,-0.0261,-0.1305,0.05,0.06,0.030,3.2,96034.8,0.00,0.000,0.000,2
276684,-0.049,0.030,1.003,-0.061,0.244,0.244,-76.216,270.337,167.556,0.9911,0.0084,-0.0263,-0.1306,0.08,0.08,0.045,3.2,96037.6,0.00,0.000,0.000,2
276884,-0.048,0.029,1.004,-0.061,0.244,0.183,-76.216,270.337,167.556,0.9908,0.0127,-0.0228,-0.1326,0.11,0.10,0.058,3.0,96036.9,0.00,0.000,0.000,2
277084,-0.047,0.030,1.004,-0.122,0.366,0.183,-76.216,270.337,167.556,0.9908,0.0145,-0.0237,-0.1325,0.10,0.07,0.058,3.2,96038.3,0.00,0.000,0.000,2
277284,-0.049,0.029,1.002,0.000,0.183,0.244,-69.126,262.186,167.556,0.9921,0.0082,-0.0272,-0.1220,0.06,0.04,0.035,3.3,96037.6,0.00,0.000,0.000,2
277484,-0.050,0.032,1.003,0.000,0.244,0.183,-69.126,262.186,167.556,0.9922,0.0087,-0.0273,-0.1215,0.08,0.06,0.050,3.3,96032.7,0.00,0.000,0.000,2
277684,-0.046,0.032,1.002,0.000,0.244,0.122,-69.126,262.186,167.556,0.9923,0.0103,-0.0224,-0.1216,0.04,0.02,0.034,2.8,96036.7,0.00,0.000,0.000,2
277884,-0.049,0.030,1.000,0.000,0.183,0.183,-69.126,262.186,167.556,0.9922,0.0082,-0.0255,-0.1217,-0.00,-0.01,0.011,3.1,96036.3,0.00,0.000,0.000,2
278084,-0.047,0.030,1.001,-0.061,0.183,0.244,-69.126,262.186,167.556,0.9922,0.0083,-0.0256,-0.1216,-0.06,-0.05,0.029,3.1,96036.9,0.00,0.000,0.000,2
278284,-0.048,0.030,1.000,-0.061,0.183,0.244,-69.126,262.186,167.556,0.9921,0.0083,-0.0270,-0.1219,-0.08,-0.05,0.016,3.2,96038.3,0.00,0.000,0.000,2
278484,-0.048,0.031,1.002,-0.122,0.244,0.183,-69.126,262.186,167.556,0.9922,0.0086,-0.0269,-0.1218,-0.10,-0.05,0.039,3.2,96041.9,0.00,0.000,0.000,2
278684,-0.048,0.031,1.004,0.000,0.366,0.183,-69.126,262.186,167.556,0.9922,0.0084,-0.0259,-0.1217,-0.11,-0.04,0.059,3.1,96041.1,0.00,0.000,0.000,2
278884,-0.049,0.030,1.002,0.000,0.183,0.183,-69.126,262.186,167.556,0.9922,0.0080,-0.0253,-0.1218,-0.08,0.00,0.035,3.0,96040.4,0.00,0.000,0.000,2
279084,-0.050,0.031,1.004,-0.061,0.305,0.183,-69.126,262.186,167.556,0.9921,0.0090,-0.0282,-0.1218,-0.04,0.05,0.060,3.4,96034.8,0.00,0.000,0.000,2
279284,-0.050,0.029,0.998,-0.183,0.183,0.183,-67.353,268.978,136.316,0.9926,0.0092,-0.0283,-0.1179,-0.05,0.03,-0.003,3.4,96038.9,0.00,0.000,0.000,2
279484,-0.049,0.028,1.003,0.000,0.122,0.244,-67.353,268.978,136.316,0.9927,0.0075,-0.0265,-0.1170,-0.05,0.04,0.049,3.2,96036.1,0.00,0.000,0.000,2
279684,-0.047,0.032,1.003,-0.061,0.244,0.183,-67.353,268.978,136.316,0.9929,0.0095,-0.0236,-0.1165,-0.09,0.00,0.044,2.9,96042.0,0.00,0.000,0.000,2
279884,-0.049,0.030,1.002,-0.061,0.244,0.183,-67.353,268.978,136.316,0.9928,0.0092,-0.0274,-0.1164,-0.02,0.07,0.040,3.3,96035.4,0.00,0.000,0.000,2
280084,-0.048,0.030,1.002,0.000,0.244,0.244,-67.353,268.978,136.316,0.9928,0.0086,-0.0257,-0.1164,0.07,0.14,0.039,3.1,96038.3,0.00,0.000,0.000,2
280284,-0.048,0.030,1.001,-0.122,0.122,0.244,-67.353,268.978,136.316,0.9928,0.0084,-0.0256,-0.1166,0.10,0.15,0.025,3.1,96039.0,0.00,0.000,0.000,2
280484,-0.049,0.029,1.001,0.000,0.183,0.244,-67.353,268.978,136.316,0.9928,0.0084,-0.0269,-0.1166,0.14,0.17,0.030,3.2,96037.6,0.00,0.000,0.000,2
280684,-0.049,0.032,1.000,-0.122,0.244,0.305,-67.353,268.978,136.316,0.9928,0.0096,-0.0276,-0.1162,0.13,0.13,0.021,3.3,96036.9,0.00,0.000,0.000,2
280884,-0.047,0.031,0.998,-0.061,0.305,0.183,-67.353,268.978,136.316,0.9929,0.0093,-0.0247,-0.1164,0.13,0.11,-0.004,3.0,96040.4,0.00,0.000,0.000,2
281084,-0.050,0.031,1.001,0.000,0.183,0.244,-67.353,268.978,136.316,0.9928,0.0091,-0.0271,-0.1166,0.09,0.07,0.026,3.3,96036.8,0.00,0.000,0.000,2
281284,-0.048,0.033,1.002,-0.061,0.244,0.244,-67.353,268.978,136.316,0.9929,0.0098,-0.0253,-0.1159,0.01,-0.00,0.035,3.1,96041.1,0.00,0.000,0.000,2
281484,-0.049,0.029,1.003,0.000,0.183,0.244,-70.898,266.261,159.036,0.9919,0.0082,-0.0271,-0.1235,-0.00,-0.01,0.049,3.2,96041.9,0.00,0.000,0.000,2
281684,-0.048,0.032,1.002,-0.122,0.244,0.122,-70.898,266.261,159.036,0.9920,0.0090,-0.0251,-0.1232,-0.01,-0.01,0.035,3.1,96036.2,0.00,0.000,0.000,2
281884,-0.046,0.029,1.001,-0.122,0.183,0.244,-70.898,266.261,159.036,0.9920,0.0101,-0.0221,-0.1242,-0.00,0.01,0.029,2.8,96039.7,0.00,0.000,0.000,2
282084,-0.048,0.031,1.001,0.000,0.061,0.244,-70.898,266.261,159.036,0.9917,0.0154,-0.0250,-0.1253,-0.01,0.01,0.025,3.4,96036.3,0.00,0.000,0.000,2
282284,-0.048,0.030,1.000,-0.122,0.183,0.244,-70.898,266.261,159.036,0.9919,0.0103,-0.0285,-0.1236,0.01,0.04,0.021,3.5,96034.8,0.00,0.000,0.000,2
282484,-0.049,0.031,1.002,-0.061,0.244,0.183,-70.898,266.261,159.036,0.9919,0.0085,-0.0269,-0.1235,0.05,0.07,0.035,3.2,96037.6,0.00,0.000,0.000,2
282684,-0.045,0.030,1.002,-0.183,0.244,0.183,-70.898,266.261,159.036,0.9920,0.0083,-0.0235,-0.1235,-0.02,0.01,0.033,2.9,96041.2,0.00,0.000,0.000,2
282884,-0.049,0.032,1.001,0.000,0.244,0.183,-70.898,266.261,159.036,0.9920,0.0092,-0.0276,-0.1232,0.01,0.04,0.026,3.3,96036.9,0.00,0.000,0.000,2
283084,-0.048,0.031,1.005,-0.061,0.305,0.244,-70.898,266.261,159.036,0.9920,0.0086,-0.0244,-0.1235,0.07,0.09,0.068,3.0,96037.6,0.00,0.000,0.000,2
283284,-0.048,0.031,1.000,-0.122,0.305,0.244,-70.898,266.261,159.036,0.9920,0.0087,-0.0260,-0.1231,0.11,0.12,0.016,3.1,96033.5,0.00,0.000,0.000,2
283484,-0.047,0.029,1.002,-0.061,0.183,0.183,-70.898,266.261,159.036,0.9920,0.0083,-0.0259,-0.1233,0.11,0.11,0.039,3.1,96035.6,0.00,0.000,0.000,2
283684,-0.052,0.029,1.004,-0.122,0.305,0.244,-76.216,259.469,178.915,0.9902,0.0086,-0.0290,-0.1362,0.12,0.10,0.060,3.5,96036.9,0.00,0.000,0.000,2
283884,-0.045,0.031,1.002,0.000,0.244,0.183,-76.216,259.469,178.915,0.9904,0.0087,-0.0246,-0.1357,0.10,0.08,0.039,3.0,96034.3,0.00,0.000,0.000,2
284084,-0.047,0.033,1.003,-0.122,0.244,0.183,-76.216,259.469,178.915,0.9901,0.0154,-0.0242,-0.1375,0.12,0.09,0.050,3.3,96034.2,0.00,0.000,0.000,2
284284,-0.051,0.030,1.003,-0.061,0.122,0.244,-76.216,259.469,178.915,0.9900,0.0143,-0.0279,-0.1377,0.12,0.08,0.046,3.6,96038.4,0.00,0.000,0.000,2
284484,-0.051,0.031,1.003,0.000,0.183,0.122,-76.216,259.469,178.915,0.9901,0.0113,-0.0294,-0.1365,0.15,0.10,0.051,3.6,96032.8,0.00,0.000,0.000,2
284684,-0.046,0.030,1.002,-0.122,0.305,0.244,-76.216,259.469,178.915,0.9904,0.0080,-0.0250,-0.1359,0.19,0.12,0.034,3.0,96032.8,0.00,0.000,0.000,2
284884,-0.047,0.029,1.001,-0.061,0.183,0.244,-76.216,259.469,178.915,0.9904,0.0092,-0.0231,-0.1362,0.18,0.10,0.025,2.9,96038.4,0.00,0.000,0.000,2
285084,-0.046,0.029,1.003,0.000,0.122,0.183,-76.216,259.469,178.915,0.9904,0.0082,-0.0243,-0.1358,0.12,0.04,0.043,2.9,96035.8,0.00,0.000,0.000,2
285284,-0.048,0.030,1.000,-0.061,0.183,0.244,-76.216,259.469,178.915,0.9904,0.0085,-0.0268,-0.1357,0.12,0.04,0.021,3.2,96032.1,0.00,0.000,0.000,2
285484,-0.049,0.032,1.000,-0.061,0.244,0.122,-76.216,259.469,178.915,0.9904,0.0090,-0.0274,-0.1354,0.06,-0.01,0.021,3.3,96033.5,0.00,0.000,0.000,2
285684,-0.048,0.031,1.003,-0.122,0.183,0.183,-65.581,262.186,144.836,0.9910,0.0091,-0.0261,-0.1310,0.02,-0.04,0.049,3.2,96036.2,0.00,0.000,0.000,2
285884,-0.048,0.030,1.001,0.000,0.305,0.305,-65.581,262.186,144.836,0.9926,0.0156,-0.0245,-0.1180,0.03,-0.02,0.030,3.3,96039.9,0.00,0.000,0.000,2
286084,-0.048,0.031,1.003,0.000,0.244,0.244,-65.581,262.186,144.836,0.9926,0.0155,-0.0243,-0.1180,-0.00,-0.03,0.049,3.3,96032.8,0.00,0.000,0.000,2
286284,-0.048,0.032,1.003,-0.061,0.183,0.183,-65.581,262.186,144.836,0.9926,0.0159,-0.0245,-0.1179,-0.01,-0.02,0.045,3.4,96040.6,0.00,0.000,0.000,2
286484,-0.048,0.029,1.003,0.000,0.183,0.183,-65.581,262.186,144.836,0.9926,0.0150,-0.0245,-0.1182,-0.02,-0.03,0.044,3.3,96037.0,0.00,0.000,0.000,2
286684,-0.047,0.033,1.003,-0.122,0.183,0.305,-65.581,262.186,144.836,0.9926,0.0158,-0.0245,-0.1179,0.03,0.03,0.045,3.3,96036.3,0.00,0.000,0.000,2
286884,-0.048,0.030,1.002,-0.061,0.183,0.244,-65.581,262.186,144.836,0.9926,0.0158,-0.0259,-0.1178,-0.03,-0.02,0.035,3.5,96039.9,0.00,0.000,0.000,2
287084,-0.049,0.031,1.001,0.000,0.244,0.244,-65.581,262.186,144.836,0.9926,0.0159,-0.0251,-0.1178,-0.05,-0.02,0.030,3.4,96039.9,0.00,0.000,0.000,2
287284,-0.048,0.031,1.003,-0.061,0.122,0.244,-65.581,262.186,144.836,0.9926,0.0153,-0.0266,-0.1178,-0.11,-0.06,0.045,3.5,96040.5,0.00,0.000,0.000,2
287484,-0.046,0.031,1.002,0.000,0.183,0.244,-65.581,262.186,144.836,0.9926,0.0153,-0.0235,-0.1179,-0.14,-0.07,0.039,3.2,96040.6,0.00,0.000,0.000,2
287684,-0.047,0.031,1.004,-0.122,0.244,0.122,-65.581,262.186,144.836,0.9926,0.0158,-0.0239,-0.1178,-0.13,-0.04,0.058,3.3,96039.9,0.00,0.000,0.000,2
287884,-0.050,0.030,1.002,-0.061,0.244,0.305,-67.353,274.412,170.395,0.9929,0.0158,-0.0265,-0.1152,-0.20,-0.09,0.035,3.5,96044.2,0.00,0.000,0.000,2
288084,-0.049,0.029,1.002,-0.122,0.244,0.244,-67.353,274.412,170.395,0.9929,0.0153,-0.0256,-0.1154,-0.25,-0.11,0.039,3.4,96036.3,0.00,0.000,0.000,2
288284,-0.048,0.028,1.002,-0.122,0.244,0.244,-67.353,274.412,170.395,0.9929,0.0152,-0.0254,-0.1155,-0.23,-0.06,0.039,3.4,96035.7,0.00,0.000,0.000,2
288484,-0.048,0.032,1.002,-0.061,0.244,0.183,-67.353,274.412,170.395,0.9929,0.0162,-0.0250,-0.1150,-0.19,-0.01,0.040,3.4,96039.9,0.00,0.000,0.000,2
288684,-0.048,0.032,1.001,-0.061,0.122,0.183,-67.353,274.412,170.395,0.9929,0.0164,-0.0250,-0.1149,-0.23,-0.03,0.030,3.4,96041.3,0.00,0.000,0.000,2
288884,-0.048,0.031,1.003,-0.061,0.122,0.244,-67.353,274.412,170.395,0.9929,0.0158,-0.0240,-0.1150,-0.19,0.02,0.049,3.3,96037.0,0.00,0.000,0.000,2
289084,-0.048,0.032,1.004,-0.061,0.183,0.244,-67.353,274.412,170.395,0.9929,0.0162,-0.0248,-0.1149,-0.10,0.09,0.054,3.4,96039.9,0.00,0.000,0.000,2
289284,-0.048,0.031,1.005,-0.061,0.244,0.244,-67.353,274.412,170.395,0.9929,0.0158,-0.0248,-0.1151,-0.04,0.14,0.064,3.4,96039.2,0.00,0.000,0.000,2
289484,-0.050,0.031,1.003,0.000,0.244,0.244,-67.353,274.412,170.395,0.9929,0.0161,-0.0255,-0.1151,-0.02,0.14,0.045,3.5,96039.2,0.00,0.000,0.000,2
289684,-0.049,0.031,1.005,-0.122,0.244,0.244,-67.353,274.412,170.395,0.9929,0.0159,-0.0262,-0.1151,-0.06,0.09,0.069,3.5,96039.9,0.00,0.000,0.000,2
289884,-0.049,0.031,1.000,-0.183,0.183,0.183,-67.353,274.412,170.395,0.9929,0.0152,-0.0272,-0.1148,-0.00,0.13,0.021,3.6,96039.2,0.00,0.000,0.000,2
290084,-0.051,0.029,1.001,0.000,0.244,0.244,-63.809,266.261,153.356,0.9931,0.0153,-0.0261,-0.1131,0.04,0.15,0.031,3.5,96040.6,0.00,0.000,0.000,2
290284,-0.049,0.032,1.004,0.000,0.305,0.183,-63.809,266.261,153.356,0.9932,0.0162,-0.0275,-0.1121,0.09,0.17,0.055,3.7,96042.0,0.00,0.000,0.000,2
290484,-0.047,0.030,1.006,-0.061,0.183,0.244,-63.809,266.261,153.356,0.9932,0.0157,-0.0241,-0.1128,0.09,0.14,0.073,3.3,96039.2,0.00,0.000,0.000,2
290684,-0.048,0.030,1.005,-0.122,0.305,0.244,-63.809,266.261,153.356,0.9932,0.0155,-0.0237,-0.1127,0.19,0.22,0.063,3.2,96032.8,0.00,0.000,0.000,2
290884,-0.048,0.030,1.006,0.000,0.244,0.183,-63.809,266.261,153.356,0.9932,0.0156,-0.0253,-0.1129,0.14,0.14,0.073,3.4,96039.9,0.00,0.000,0.000,2
291084,-0.047,0.029,1.005,-0.061,0.244,0.183,-63.809,266.261,153.356,0.9932,0.0155,-0.0244,-0.1129,0.11,0.10,0.068,3.3,96040.0,0.00,0.000,0.000,2
291284,-0.049,0.030,1.003,0.000,0.305,0.183,-63.809,266.261,153.356,0.9932,0.0156,-0.0258,-0.1129,0.16,0.14,0.044,3.5,96035.8,0.00,0.000,0.000,2
291484,-0.050,0.031,1.003,0.000,0.305,0.305,-63.809,266.261,153.356,0.9931,0.0158,-0.0266,-0.1127,0.18,0.14,0.045,3.5,96035.6,0.00,0.000,0.000,2
291684,-0.046,0.029,1.002,0.000,0.244,0.244,-63.809,266.261,153.356,0.9932,0.0154,-0.0247,-0.1131,0.10,0.05,0.038,3.3,96041.3,0.00,0.000,0.000,2
291884,-0.048,0.032,1.003,-0.122,0.183,0.244,-63.809,266.261,153.356,0.9932,0.0161,-0.0255,-0.1126,0.05,0.01,0.050,3.5,96039.3,0.00,0.000,0.000,2
292084,-0.048,0.030,1.000,-0.061,0.244,0.244,-62.036,273.054,150.516,0.9938,0.0152,-0.0232,-0.1074,0.09,0.04,0.011,3.2,96035.8,0.00,0.000,0.000,2
292284,-0.049,0.032,1.003,-0.061,0.183,0.244,-62.036,273.054,150.516,0.9938,0.0163,-0.0256,-0.1067,-0.02,-0.05,0.050,3.5,96042.1,0.00,0.000,0.000,2
292484,-0.047,0.032,1.002,0.000,0.183,0.183,-62.036,273.054,150.516,0.9938,0.0165,-0.0255,-0.1065,-0.13,-0.12,0.040,3.5,96044.3,0.00,0.000,0.000,2
292684,-0.049,0.031,1.001,-0.061,0.183,0.305,-62.036,273.054,150.516,0.9938,0.0157,-0.0252,-0.1071,-0.09,-0.06,0.026,3.4,96032.3,0.00,0.000,0.000,2
292884,-0.050,0.029,1.003,0.000,0.244,0.305,-62.036,273.054,150.516,0.9938,0.0153,-0.0277,-0.1069,-0.02,0.02,0.050,3.6,96040.7,0.00,0.000,0.000,2
293084,-0.048,0.029,1.000,0.000,0.183,0.305,-62.036,273.054,150.516,0.9939,0.0153,-0.0234,-0.1069,-0.03,0.01,0.015,3.2,96033.6,0.00,0.000,0.000,2
293284,-0.049,0.030,1.002,-0.061,0.183,0.183,-62.036,273.054,150.516,0.9938,0.0158,-0.0252,-0.1071,-0.05,0.00,0.035,3.4,96037.8,0.00,0.000,0.000,2
293484,-0.048,0.030,1.000,-0.061,0.183,0.122,-62.036,273.054,150.516,0.9938,0.0158,-0.0251,-0.1071,-0.07,-0.01,0.016,3.4,96035.0,0.00,0.000,0.000,2
293684,-0.047,0.031,1.001,-0.122,0.244,0.244,-62.036,273.054,150.516,0.9938,0.0165,-0.0250,-0.1067,-0.07,-0.00,0.025,3.4,96040.1,0.00,0.000,0.000,2
293884,-0.047,0.031,0.998,-0.122,0.183,0.183,-62.036,273.054,150.516,0.9939,0.0165,-0.0243,-0.1066,-0.05,0.02,-0.004,3.4,96041.3,0.00,0.000,0.000,2
294084,-0.046,0.031,1.006,-0.122,0.183,0.183,-62.036,273.054,150.516,0.9939,0.0162,-0.0239,-0.1068,-0.01,0.06,0.077,3.3,96037.2,0.00,0.000,0.000,2
294284,-0.049,0.029,1.001,0.000,0.061,0.183,-62.036,273.054,150.516,0.9938,0.0160,-0.0259,-0.1070,-0.01,0.06,0.030,3.5,96035.8,0.00,0.000,0.000,2
294484,-0.049,0.030,1.005,-0.061,0.244,0.244,-62.036,273.054,150.516,0.9938,0.0157,-0.0246,-0.1071,0.04,0.10,0.069,3.3,96037.9,0.00,0.000,0.000,2
294684,-0.049,0.030,1.006,-0.122,0.244,0.244,-62.036,273.054,150.516,0.9938,0.0157,-0.0258,-0.1071,0.04,0.09,0.073,3.5,96037.1,0.00,0.000,0.000,2
294884,-0.051,0.031,1.002,0.000,0.244,0.244,-62.036,273.054,150.516,0.9938,0.0154,-0.0282,-0.1066,0.04,0.08,0.041,3.7,96039.2,0.00,0.000,0.000,2
295084,-0.049,0.030,1.003,0.000,0.244,0.305,-62.036,273.054,150.516,0.9939,0.0150,-0.0228,-0.1070,0.07,0.10,0.045,3.1,96036.4,0.00,0.000,0.000,2
295284,-0.049,0.031,1.003,0.000,0.183,0.244,-62.036,273.054,150.516,0.9938,0.0155,-0.0268,-0.1067,0.12,0.14,0.050,3.5,96039.2,0.00,0.000,0.000,2
295484,-0.046,0.030,1.001,-0.061,0.244,0.244,-62.036,273.054,150.516,0.9939,0.0156,-0.0230,-0.1069,0.11,0.11,0.029,3.2,96039.3,0.00,0.000,0.000,2
295684,-0.048,0.029,1.006,-0.061,0.183,0.244,-62.036,273.054,150.516,0.9938,0.0155,-0.0236,-0.1072,0.13,0.12,0.073,3.2,96039.3,0.00,0.000,0.000,2
295884,-0.048,0.033,1.002,-0.061,0.061,0.305,-62.036,273.054,150.516,0.9938,0.0160,-0.0251,-0.1069,0.09,0.07,0.035,3.4,96040.6,0.00,0.000,0.000,2
296084,-0.051,0.031,1.004,0.000,0.305,0.244,-62.036,273.054,150.516,0.9938,0.0157,-0.0283,-0.1063,0.04,0.02,0.060,3.7,96039.2,0.00,0.000,0.000,2
296284,-0.050,0.032,1.004,-0.122,0.183,0.244,-53.174,263.544,164.716,0.9951,0.0167,-0.0266,-0.0939,0.03,0.02,0.055,3.6,96036.5,0.00,0.000,0.000,2
296484,-0.050,0.030,1.001,0.000,0.183,0.244,-53.174,263.544,164.716,0.9951,0.0165,-0.0268,-0.0935,0.01,0.01,0.031,3.6,96041.4,0.00,0.000,0.000,2
296684,-0.046,0.031,1.002,0.000,0.122,0.305,-53.174,263.544,164.716,0.9952,0.0166,-0.0244,-0.0935,0.05,0.05,0.039,3.4,96040.8,0.00,0.000,0.000,2
296884,-0.049,0.031,1.001,-0.061,0.183,0.305,-53.174,263.544,164.716,0.9952,0.0170,-0.0253,-0.0935,0.07,0.06,0.031,3.5,96037.2,0.00,0.000,0.000,2
297084,-0.048,0.031,1.005,0.000,0.244,0.244,-53.174,263.544,164.716,0.9952,0.0166,-0.0243,-0.0936,0.12,0.10,0.064,3.4,96034.3,0.00,0.000,0.000,2
297284,-0.048,0.030,1.002,-0.061,0.122,0.244,-53.174,263.544,164.716,0.9951,0.0161,-0.0246,-0.0939,0.12,0.10,0.034,3.4,96032.9,0.00,0.000,0.000,2
297484,-0.050,0.029,1.005,0.000,0.305,0.183,-53.174,263.544,164.716,0.9951,0.0159,-0.0243,-0.0942,0.06,0.04,0.064,3.3,96039.2,0.00,0.000,0.000,2
297684,-0.047,0.031,1.004,-0.061,0.061,0.244,-53.174,263.544,164.716,0.9952,0.0163,-0.0250,-0.0936,0.08,0.06,0.053,3.4,96033.6,0.00,0.000,0.000,2
297884,-0.047,0.031,1.004,-0.061,0.305,0.244,-53.174,263.544,164.716,0.9952,0.0163,-0.0247,-0.0937,0.07,0.05,0.058,3.4,96035.0,0.00,0.000,0.000,2
298084,-0.049,0.032,1.001,0.061,0.244,0.122,-53.174,263.544,164.716,0.9952,0.0168,-0.0263,-0.0933,0.05,0.03,0.026,3.6,96037.9,0.00,0.000,0.000,2
298284,-0.047,0.030,1.004,-0.122,0.305,0.183,-53.174,263.544,164.716,0.9952,0.0163,-0.0242,-0.0935,0.09,0.07,0.058,3.3,96037.1,0.00,0.000,0.000,2
298484,-0.048,0.031,1.003,-0.122,0.244,0.244,-53.174,263.544,164.716,0.9952,0.0165,-0.0237,-0.0935,0.07,0.05,0.044,3.3,96038.5,0.00,0.000,0.000,2
298684,-0.049,0.031,1.000,-0.061,0.305,0.183,-53.174,263.544,164.716,0.9951,0.0165,-0.0260,-0.0934,0.09,0.06,0.011,3.5,96032.9,0.00,0.000,0.000,2
298884,-0.047,0.030,1.006,-0.122,0.305,0.244,-53.174,263.544,164.716,0.9953,0.0152,-0.0222,-0.0934,0.14,0.10,0.072,3.1,96035.8,0.00,0.000,0.000,2
299084,-0.046,0.032,1.004,-0.183,0.305,0.183,-53.174,263.544,164.716,0.9952,0.0163,-0.0227,-0.0934,0.15,0.10,0.058,3.2,96037.1,0.00,0.000,0.000,2
299284,-0.048,0.032,1.004,-0.122,0.305,0.244,-53.174,263.544,164.716,0.9952,0.0166,-0.0249,-0.0935,0.20,0.14,0.059,3.4,96038.5,0.00,0.000,0.000,2
299484,-0.048,0.033,1.004,-0.122,0.183,0.183,-53.174,263.544,164.716,0.9952,0.0165,-0.0251,-0.0935,0.16,0.08,0.055,3.4,96040.0,0.00,0.000,0.000,2
299684,-0.048,0.029,1.004,0.000,0.244,0.305,-53.174,263.544,164.716,0.9951,0.0162,-0.0254,-0.0941,0.09,0.02,0.058,3.5,96039.5,0.00,0.000,0.000,2
299884,-0.049,0.031,1.003,-0.061,0.183,0.122,-53.174,263.544,164.716,0.9951,0.0163,-0.0257,-0.0937,0.09,0.02,0.050,3.5,96037.2,0.00,0.000,0.000,2
300084,-0.048,0.031,1.006,-0.061,0.061,0.183,-53.174,263.544,164.716,0.9952,0.0163,-0.0244,-0.0937,0.04,-0.02,0.073,3.4,96035.0,0.00,0.000,0.000,2
300284,-0.049,0.030,1.004,-0.061,0.305,0.244,-53.174,263.544,164.716,0.9951,0.0167,-0.0243,-0.0939,0.00,-0.04,0.059,3.4,96036.4,0.00,0.000,0.000,2
300484,-0.047,0.032,1.008,-0.122,0.244,0.244,-53.174,263.544,164.716,0.9952,0.0163,-0.0236,-0.0936,0.01,-0.01,0.092,3.3,96037.3,0.00,0.000,0.000,2
300684,-0.048,0.031,1.002,-0.061,0.183,0.244,-53.174,263.544,164.716,0.9952,0.0170,-0.0253,-0.0934,-0.02,-0.02,0.039,3.5,96037.8,0.00,0.000,0.000,2
300884,-0.048,0.030,1.002,-0.061,0.305,0.183,-53.174,263.544,164.716,0.9952,0.0136,-0.0285,-0.0926,-0.02,-0.01,0.035,3.6,96034.4,0.00,0.000,0.000,2
301084,-0.047,0.029,1.004,-0.122,0.244,0.183,-53.174,263.544,164.716,0.9955,0.0087,-0.0252,-0.0913,0.01,0.02,0.058,3.1,96040.7,0.00,0.000,0.000,2
301284,-0.047,0.032,1.002,-0.061,0.305,0.122,-53.174,263.544,164.716,0.9955,0.0091,-0.0230,-0.0912,-0.03,-0.00,0.035,2.8,96038.7,0.00,0.000,0.000,2
301484,-0.046,0.029,1.003,-0.061,0.183,0.244,-53.174,263.544,164.716,0.9955,0.0088,-0.0232,-0.0915,-0.02,0.01,0.048,2.8,96040.7,0.00,0.000,0.000,2
301684,-0.049,0.033,1.005,0.000,0.061,0.183,-53.174,263.544,164.716,0.9954,0.0093,-0.0278,-0.0911,-0.12,-0.07,0.069,3.4,96038.5,0.00,0.000,0.000,2
301884,-0.048,0.032,1.004,-0.061,0.122,0.244,-53.174,263.544,164.716,0.9955,0.0090,-0.0260,-0.0909,-0.16,-0.08,0.059,3.2,96039.1,0.00,0.000,0.000,2
302084,-0.047,0.030,1.003,0.000,0.122,0.244,-53.174,263.544,164.716,0.9955,0.0086,-0.0253,-0.0912,-0.12,-0.02,0.049,3.1,96035.6,0.00,0.000,0.000,2
302284,-0.047,0.030,1.002,-0.061,0.183,0.244,-53.174,263.544,164.716,0.9955,0.0083,-0.0256,-0.0914,-0.09,0.01,0.034,3.1,96039.9,0.00,0.000,0.000,2
302484,-0.048,0.031,1.003,-0.122,0.305,0.183,-53.174,263.544,164.716,0.9955,0.0088,-0.0262,-0.0911,-0.14,-0.02,0.049,3.2,96038.5,0.00,0.000,0.000,2
302684,-0.048,0.031,1.000,0.000,0.244,0.244,-65.581,264.903,161.876,0.9941,0.0175,-0.0247,-0.1045,-0.08,0.04,0.016,3.5,96039.3,0.00,0.000,0.000,2
302884,-0.050,0.030,1.005,-0.061,0.305,0.244,-65.581,264.903,161.876,0.9927,0.0152,-0.0273,-0.1163,-0.08,0.04,0.069,3.6,96039.1,0.00,0.000,0.000,2
303084,-0.047,0.030,1.004,-0.122,0.366,0.244,-65.581,264.903,161.876,0.9928,0.0154,-0.0264,-0.1160,-0.06,0.06,0.053,3.5,96039.9,0.00,0.000,0.000,2
303284,-0.048,0.029,1.004,0.000,0.122,0.244,-65.581,264.903,161.876,0.9927,0.0155,-0.0260,-0.1164,0.03,0.13,0.054,3.5,96040.6,0.00,0.000,0.000,2
303484,-0.046,0.030,1.002,-0.122,0.244,0.244,-65.581,264.903,161.876,0.9928,0.0156,-0.0239,-0.1163,0.06,0.14,0.039,3.3,96033.0,0.00,0.000,0.000,2
303684,-0.045,0.030,1.002,-0.061,0.244,0.244,-65.581,264.903,161.876,0.9928,0.0155,-0.0230,-0.1162,0.09,0.15,0.038,3.2,96038.5,0.00,0.000,0.000,2
303884,-0.049,0.030,1.005,-0.061,0.305,0.244,-65.581,264.903,161.876,0.9927,0.0154,-0.0265,-0.1163,0.11,0.15,0.064,3.5,96038.0,0.00,0.000,0.000,2
304084,-0.051,0.031,1.005,0.000,0.183,0.244,-65.581,264.903,161.876,0.9927,0.0155,-0.0274,-0.1162,0.21,0.22,0.070,3.6,96030.9,0.00,0.000,0.000,2
304284,-0.048,0.032,1.003,-0.061,0.244,0.244,-65.581,264.903,161.876,0.9928,0.0163,-0.0251,-0.1160,0.24,0.21,0.050,3.4,96037.8,0.00,0.000,0.000,2
304484,-0.049,0.030,1.003,-0.183,0.244,0.183,-65.581,264.903,161.876,0.9928,0.0158,-0.0250,-0.1163,0.24,0.19,0.045,3.4,96039.4,0.00,0.000,0.000,2
304684,-0.049,0.032,1.000,-0.061,0.305,0.244,-65.581,264.903,161.876,0.9928,0.0161,-0.0261,-0.1162,0.23,0.15,0.017,3.5,96035.1,0.00,0.000,0.000,2
304884,-0.050,0.032,1.003,-0.061,0.305,0.244,-74.443,271.695,159.036,0.9915,0.0159,-0.0269,-0.1262,0.27,0.17,0.046,3.6,96032.3,0.00,0.000,0.000,2
305084,-0.046,0.032,1.002,-0.061,0.244,0.183,-74.443,271.695,159.036,0.9914,0.0119,-0.0263,-0.1274,0.27,0.15,0.034,3.3,96035.0,0.00,0.000,0.000,2
305284,-0.046,0.032,0.998,-0.122,0.366,0.244,-74.443,271.695,159.036,0.9916,0.0098,-0.0237,-0.1271,0.26,0.12,-0.004,2.9,96038.6,0.00,0.000,0.000,2
305484,-0.048,0.033,1.002,-0.061,0.183,0.305,-74.443,271.695,159.036,0.9915,0.0100,-0.0276,-0.1271,0.27,0.12,0.036,3.4,96032.9,0.00,0.000,0.000,2
305684,-0.048,0.032,1.002,-0.061,0.183,0.183,-74.443,271.695,159.036,0.9914,0.0102,-0.0282,-0.1274,0.32,0.14,0.040,3.4,96035.2,0.00,0.000,0.000,2
305884,-0.048,0.031,1.002,-0.122,0.244,0.244,-74.443,271.695,159.036,0.9914,0.0096,-0.0279,-0.1273,0.28,0.08,0.035,3.4,96037.3,0.00,0.000,0.000,2
306084,-0.050,0.032,1.003,-0.122,0.000,0.244,-74.443,271.695,159.036,0.9914,0.0096,-0.0283,-0.1273,0.18,-0.01,0.050,3.4,96034.3,0.00,0.000,0.000,2
306284,-0.047,0.032,1.002,-0.061,0.244,0.183,-74.443,271.695,159.036,0.9915,0.0094,-0.0264,-0.1268,0.12,-0.05,0.040,3.2,96039.9,0.00,0.000,0.000,2
306484,-0.047,0.031,1.004,-0.183,0.183,0.183,-74.443,271.695,159.036,0.9915,0.0089,-0.0240,-0.1273,-0.05,-0.17,0.054,2.9,96036.4,0.00,0.000,0.000,2
306684,-0.049,0.031,0.998,0.000,0.244,0.305,-74.443,271.695,159.036,0.9915,0.0087,-0.0268,-0.1271,-0.13,-0.21,-0.003,3.2,96033.6,0.00,0.000,0.000,2
306884,-0.046,0.031,1.001,-0.061,0.244,0.122,-74.443,271.695,159.036,0.9915,0.0089,-0.0235,-0.1273,-0.13,-0.16,0.024,2.9,96039.3,0.00,0.000,0.000,2
307084,-0.049,0.029,1.002,-0.122,0.305,0.244,-58.491,267.620,173.235,0.9943,0.0163,-0.0266,-0.1023,-0.14,-0.13,0.035,3.6,96035.9,0.00,0.000,0.000,2
307284,-0.044,0.030,1.003,0.000,0.244,0.305,-58.491,267.620,173.235,0.9944,0.0169,-0.0230,-0.1014,-0.15,-0.11,0.043,3.3,96037.2,0.00,0.000,0.000,2
307484,-0.049,0.030,1.004,-0.061,0.305,0.244,-58.491,267.620,173.235,0.9944,0.0168,-0.0261,-0.1015,-0.16,-0.10,0.054,3.6,96037.2,0.00,0.000,0.000,2
307684,-0.047,0.028,1.003,0.000,0.183,0.183,-58.491,267.620,173.235,0.9943,0.0162,-0.0249,-0.1020,-0.17,-0.09,0.043,3.4,96034.3,0.00,0.000,0.000,2
307884,-0.046,0.032,1.005,-0.061,0.183,0.183,-58.491,267.620,173.235,0.9944,0.0165,-0.0241,-0.1017,-0.20,-0.09,0.063,3.4,96039.2,0.00,0.000,0.000,2
308084,-0.050,0.032,1.002,0.000,0.244,0.122,-58.491,267.620,173.235,0.9944,0.0156,-0.0271,-0.1014,-0.19,-0.06,0.036,3.6,96036.5,0.00,0.000,0.000,2
308284,-0.049,0.030,1.000,-0.122,0.244,0.244,-58.491,267.620,173.235,0.9943,0.0158,-0.0266,-0.1016,-0.25,-0.09,0.021,3.6,96040.1,0.00,0.000,0.000,2
308484,-0.046,0.031,1.000,-0.122,0.244,0.244,-58.491,267.620,173.235,0.9944,0.0164,-0.0239,-0.1015,-0.23,-0.05,0.010,3.3,96043.5,0.00,0.000,0.000,2
308684,-0.048,0.029,1.001,-0.061,0.183,0.183,-58.491,267.620,173.235,0.9944,0.0159,-0.0241,-0.1020,-0.17,0.02,0.025,3.3,96037.9,0.00,0.000,0.000,2
308884,-0.047,0.030,1.005,0.000,0.183,0.305,-58.491,267.620,173.235,0.9944,0.0162,-0.0244,-0.1018,-0.13,0.05,0.063,3.3,96040.1,0.00,0.000,0.000,2
309084,-0.047,0.033,1.003,-0.061,0.305,0.244,-58.491,267.620,173.235,0.9944,0.0164,-0.0242,-0.1016,-0.12,0.06,0.050,3.3,96040.0,0.00,0.000,0.000,2
309284,-0.048,0.030,1.003,0.061,0.244,0.244,-58.491,267.620,173.235,0.9943,0.0159,-0.0262,-0.1018,-0.07,0.10,0.044,3.5,96038.0,0.00,0.000,0.000,2
309484,-0.048,0.031,1.004,-0.122,0.061,0.366,-58.491,267.620,173.235,0.9944,0.0166,-0.0248,-0.1016,0.02,0.17,0.054,3.4,96035.8,0.00,0.000,0.000,2
309684,-0.048,0.030,1.002,-0.061,0.244,0.183,-58.491,267.620,173.235,0.9944,0.0160,-0.0245,-0.1019,0.07,0.19,0.040,3.4,96037.1,0.00,0.000,0.000,2
309884,-0.048,0.031,1.001,0.000,0.183,0.305,-58.491,267.620,173.235,0.9944,0.0166,-0.0243,-0.1015,0.12,0.20,0.025,3.4,96037.1,0.00,0.000,0.000,2
310084,-0.047,0.029,1.004,0.000,0.183,0.244,-58.491,267.620,173.235,0.9944,0.0160,-0.0243,-0.1021,0.21,0.26,0.053,3.3,96034.3,0.00,0.000,0.000,2
310284,-0.047,0.031,1.000,0.000,0.183,0.183,-58.491,267.620,173.235,0.9944,0.0165,-0.0244,-0.1015,0.18,0.20,0.015,3.4,96037.1,0.00,0.000,0.000,2
310484,-0.050,0.031,1.001,-0.061,0.305,0.244,-58.491,267.620,173.235,0.9943,0.0169,-0.0261,-0.1016,0.15,0.15,0.031,3.6,96034.4,0.00,0.000,0.000,2
310684,-0.049,0.032,1.002,-0.061,0.244,0.244,-58.491,267.620,173.235,0.9943,0.0164,-0.0253,-0.1018,0.16,0.14,0.040,3.5,96036.5,0.00,0.000,0.000,2
310884,-0.048,0.033,1.001,-0.122,0.305,0.244,-58.491,267.620,173.235,0.9944,0.0166,-0.0252,-0.1015,0.09,0.06,0.026,3.5,96037.8,0.00,0.000,0.000,2
311084,-0.049,0.032,1.002,0.000,0.183,0.305,-58.491,267.620,173.235,0.9943,0.0163,-0.0262,-0.1016,0.11,0.07,0.036,3.5,96033.6,0.00,0.000,0.000,2
311284,-0.047,0.032,1.000,-0.122,0.183,0.305,-77.988,268.978,159.036,0.9909,0.0156,-0.0238,-0.1315,0.07,0.03,0.020,3.3,96039.9,0.00,0.000,0.000,2
311484,-0.046,0.032,1.002,-0.122,0.305,0.305,-77.988,268.978,159.036,0.9902,0.0155,-0.0246,-0.1364,0.01,-0.02,0.035,3.3,96038.6,0.00,0.000,0.000,2
311684,-0.049,0.030,0.999,-0.061,0.244,0.244,-77.988,268.978,159.036,0.9901,0.0142,-0.0269,-0.1367,-0.01,-0.02,0.002,3.5,96037.3,0.00,0.000,0.000,2
311884,-0.047,0.030,1.003,-0.061,0.244,0.244,-77.988,268.978,159.036,0.9902,0.0141,-0.0256,-0.1364,-0.07,-0.07,0.049,3.3,96039.9,0.00,0.000,0.000,2
312084,-0.048,0.032,1.002,-0.122,0.122,0.244,-77.988,268.978,159.036,0.9902,0.0152,-0.0258,-0.1365,-0.15,-0.11,0.040,3.4,96040.7,0.00,0.000,0.000,2
312284,-0.048,0.029,1.000,0.000,0.183,0.244,-77.988,268.978,159.036,0.9902,0.0138,-0.0246,-0.1367,-0.19,-0.11,0.011,3.2,96040.1,0.00,0.000,0.000,2
312484,-0.048,0.029,1.002,-0.061,0.244,0.183,-77.988,268.978,159.036,0.9902,0.0134,-0.0269,-0.1364,-0.09,-0.01,0.039,3.4,96037.3,0.00,0.000,0.000,2
312684,-0.047,0.030,1.002,0.000,0.122,0.305,-77.988,268.978,159.036,0.9902,0.0143,-0.0240,-0.1366,-0.03,0.05,0.039,3.2,96038.7,0.00,0.000,0.000,2
312884,-0.047,0.029,1.004,0.000,0.305,0.183,-77.988,268.978,159.036,0.9903,0.0132,-0.0236,-0.1366,-0.02,0.06,0.053,3.1,96038.7,0.00,0.000,0.000,2
313084,-0.048,0.030,1.000,-0.061,0.305,0.244,-77.988,268.978,159.036,0.9902,0.0142,-0.0266,-0.1366,-0.06,0.03,0.020,3.5,96041.3,0.00,0.000,0.000,2
313284,-0.047,0.030,1.002,0.000,0.244,0.244,-77.988,268.978,159.036,0.9902,0.0144,-0.0247,-0.1366,-0.04,0.04,0.034,3.3,96037.1,0.00,0.000,0.000,2
313484,-0.047,0.030,1.003,-0.061,0.244,0.183,-77.988,268.978,159.036,0.9902,0.0145,-0.0246,-0.1367,-0.01,0.07,0.044,3.3,96037.2,0.00,0.000,0.000,2
313684,-0.047,0.030,1.004,-0.061,0.366,0.244,-77.988,268.978,159.036,0.9902,0.0138,-0.0235,-0.1366,0.05,0.11,0.054,3.1,96038.0,0.00,0.000,0.000,2
313884,-0.047,0.030,1.003,-0.122,0.183,0.244,-77.988,268.978,159.036,0.9904,0.0121,-0.0230,-0.1359,0.09,0.14,0.049,3.0,96038.5,0.00,0.000,0.000,2
314084,-0.048,0.030,1.000,-0.061,0.244,0.183,-77.988,268.978,159.036,0.9902,0.0141,-0.0244,-0.1367,0.13,0.16,0.020,3.2,96038.0,0.00,0.000,0.000,2
314284,-0.048,0.032,1.004,-0.061,0.183,0.244,-77.988,268.978,159.036,0.9902,0.0152,-0.0262,-0.1365,0.15,0.15,0.059,3.5,96035.8,0.00,0.000,0.000,2
314484,-0.048,0.029,1.000,-0.061,0.183,0.244,-77.988,268.978,159.036,0.9904,0.0098,-0.0264,-0.1352,0.20,0.18,0.011,3.2,96033.8,0.00,0.000,0.000,2
314684,-0.046,0.030,1.005,0.000,0.122,0.305,-77.988,268.978,159.036,0.9902,0.0145,-0.0249,-0.1367,0.21,0.16,0.063,3.3,96034.4,0.00,0.000,0.000,2
314884,-0.048,0.030,1.005,-0.061,0.122,0.244,-77.988,268.978,159.036,0.9903,0.0129,-0.0235,-0.1363,0.20,0.14,0.064,3.1,96041.4,0.00,0.000,0.000,2
315084,-0.048,0.031,1.002,-0.061,0.305,0.244,-77.988,268.978,159.036,0.9905,0.0090,-0.0250,-0.1347,0.15,0.07,0.035,3.0,96040.6,0.00,0.000,0.000,2
315284,-0.049,0.032,1.005,-0.122,0.305,0.244,-77.988,268.978,159.036,0.9904,0.0093,-0.0275,-0.1349,0.08,0.01,0.069,3.3,96037.9,0.00,0.000,0.000,2
315484,-0.047,0.032,1.006,-0.061,0.366,0.244,-63.809,260.827,164.716,0.9930,0.0161,-0.0253,-0.1145,0.04,-0.02,0.073,3.4,96035.9,0.00,0.000,0.000,2
315684,-0.048,0.031,0.999,-0.061,0.122,0.183,-63.809,260.827,164.716,0.9930,0.0161,-0.0257,-0.1145,0.01,-0.03,0.006,3.5,96038.7,0.00,0.000,0.000,2
315884,-0.048,0.030,1.003,-0.122,0.183,0.122,-63.809,260.827,164.716,0.9930,0.0159,-0.0252,-0.1146,-0.00,-0.03,0.044,3.4,96037.3,0.00,0.000,0.000,2
316084,-0.048,0.031,1.000,-0.061,0.122,0.183,-63.809,260.827,164.716,0.9929,0.0156,-0.0255,-0.1148,-0.02,-0.03,0.011,3.4,96038.7,0.00,0.000,0.000,2
316284,-0.047,0.031,0.998,-0.061,0.183,0.244,-63.809,260.827,164.716,0.9930,0.0160,-0.0256,-0.1144,0.01,0.00,-0.009,3.5,96033.8,0.00,0.000,0.000,2
316484,-0.049,0.031,1.002,0.000,0.244,0.244,-63.809,260.827,164.716,0.9930,0.0161,-0.0262,-0.1144,-0.03,-0.02,0.040,3.5,96037.2,0.00,0.000,0.000,2
316684,-0.047,0.028,1.006,-0.061,0.183,0.183,-63.809,260.827,164.716,0.9930,0.0154,-0.0247,-0.1149,-0.01,0.01,0.072,3.3,96038.7,0.00,0.000,0.000,2
316884,-0.048,0.032,1.002,-0.061,0.183,0.244,-63.809,260.827,164.716,0.9930,0.0168,-0.0248,-0.1141,0.10,0.11,0.035,3.4,96033.1,0.00,0.000,0.000,2
317084,-0.047,0.031,1.004,-0.061,0.183,0.244,-63.809,260.827,164.716,0.9931,0.0152,-0.0226,-0.1140,0.16,0.15,0.058,3.1,96033.1,0.00,0.000,0.000,2
317284,-0.049,0.033,1.000,-0.122,0.244,0.244,-63.809,260.827,164.716,0.9930,0.0163,-0.0261,-0.1145,0.18,0.16,0.017,3.5,96036.6,0.00,0.000,0.000,2
317484,-0.048,0.032,1.004,-0.061,0.244,0.183,-63.809,260.827,164.716,0.9930,0.0161,-0.0257,-0.1144,0.15,0.11,0.054,3.5,96036.6,0.00,0.000,0.000,2
317684,-0.047,0.031,1.003,-0.122,0.244,0.183,-65.581,278.488,156.196,0.9934,0.0160,-0.0248,-0.1108,0.08,0.03,0.049,3.4,96038.6,0.00,0.000,0.000,2
317884,-0.047,0.031,1.002,-0.061,0.183,0.244,-65.581,278.488,156.196,0.9934,0.0160,-0.0248,-0.1109,0.06,0.02,0.039,3.4,96037.2,0.00,0.000,0.000,2
318084,-0.051,0.030,1.000,-0.183,0.244,0.305,-65.581,278.488,156.196,0.9933,0.0155,-0.0275,-0.1109,0.07,0.04,0.022,3.6,96037.3,0.00,0.000,0.000,2
318284,-0.049,0.032,1.002,-0.122,0.305,0.244,-65.581,278.488,156.196,0.9934,0.0158,-0.0264,-0.1109,0.04,0.01,0.036,3.5,96043.6,0.00,0.000,0.000,2
318484,-0.049,0.029,0.999,0.000,0.183,0.244,-65.581,278.488,156.196,0.9934,0.0158,-0.0252,-0.1109,0.06,0.03,0.006,3.4,96039.4,0.00,0.000,0.000,2
318684,-0.048,0.032,1.005,-0.061,0.305,0.244,-65.581,278.488,156.196,0.9934,0.0162,-0.0254,-0.1107,0.01,-0.01,0.069,3.5,96040.8,0.00,0.000,0.000,2
318884,-0.049,0.029,1.002,-0.061,0.183,0.244,-65.581,278.488,156.196,0.9933,0.0154,-0.0257,-0.1112,0.03,0.01,0.040,3.4,96037.3,0.00,0.000,0.000,2
319084,-0.048,0.030,1.001,-0.061,0.244,0.183,-65.581,278.488,156.196,0.9934,0.0157,-0.0246,-0.1110,-0.00,-0.01,0.030,3.3,96038.8,0.00,0.000,0.000,2
319284,-0.048,0.033,1.004,0.000,0.122,0.244,-65.581,278.488,156.196,0.9934,0.0165,-0.0245,-0.1106,0.02,0.02,0.055,3.4,96032.4,0.00,0.000,0.000,2
319484,-0.049,0.031,1.001,-0.061,0.244,0.305,-65.581,278.488,156.196,0.9934,0.0149,-0.0286,-0.1101,-0.03,-0.02,0.026,3.7,96040.1,0.00,0.000,0.000,2
319684,-0.049,0.030,1.001,-0.122,0.244,0.244,-65.581,278.488,156.196,0.9934,0.0157,-0.0260,-0.1110,-0.04,-0.02,0.031,3.5,96045.0,0.00,0.000,0.000,2
319884,-0.048,0.029,1.005,-0.122,0.183,0.244,-65.581,278.488,156.196,0.9934,0.0153,-0.0265,-0.1110,-0.03,0.00,0.063,3.5,96035.9,0.00,0.000,0.000,2
320084,-0.049,0.032,1.001,0.000,0.244,0.244,-65.581,278.488,156.196,0.9934,0.0163,-0.0249,-0.1107,-0.04,-0.00,0.031,3.4,96042.2,0.00,0.000,0.000,2
320284,-0.047,0.029,1.005,-0.061,0.305,0.244,-65.581,278.488,156.196,0.9934,0.0154,-0.0243,-0.1111,-0.05,-0.00,0.068,3.3,96039.4,0.00,0.000,0.000,2
320484,-0.046,0.031,1.001,0.000,0.183,0.244,-65.581,278.488,156.196,0.9935,0.0157,-0.0231,-0.1106,-0.08,-0.02,0.029,3.2,96037.4,0.00,0.000,0.000,2
320684,-0.048,0.031,1.001,-0.061,0.183,0.244,-65.581,278.488,156.196,0.9934,0.0159,-0.0246,-0.1108,-0.09,-0.02,0.025,3.4,96035.2,0.00,0.000,0.000,2
320884,-0.050,0.030,1.004,0.000,0.244,0.244,-65.581,278.488,156.196,0.9933,0.0156,-0.0269,-0.1109,-0.03,0.05,0.055,3.6,96034.5,0.00,0.000,0.000,2
321084,-0.047,0.030,1.004,-0.061,0.244,0.244,-65.581,278.488,156.196,0.9935,0.0150,-0.0221,-0.1106,-0.00,0.07,0.053,3.1,96042.2,0.00,0.000,0.000,2
321284,-0.049,0.031,1.002,-0.061,0.244,0.244,-65.581,278.488,156.196,0.9934,0.0163,-0.0260,-0.1107,0.02,0.08,0.040,3.5,96042.9,0.00,0.000,0.000,2
321484,-0.047,0.029,1.001,0.000,0.244,0.183,-65.581,278.488,156.196,0.9934,0.0151,-0.0270,-0.1107,-0.05,0.01,0.029,3.5,96041.4,0.00,0.000,0.000,2
321684,-0.046,0.032,1.000,-0.061,0.244,0.305,-65.581,278.488,156.196,0.9935,0.0162,-0.0239,-0.1106,-0.03,0.04,0.020,3.3,96035.9,0.00,0.000,0.000,2
321884,-0.046,0.032,1.003,-0.122,0.183,0.183,-65.581,270.337,127.797,0.9930,0.0167,-0.0248,-0.1146,-0.05,0.02,0.044,3.4,96035.2,0.00,0.000,0.000,2
322084,-0.048,0.032,0.999,0.000,0.183,0.305,-65.581,270.337,127.797,0.9929,0.0158,-0.0260,-0.1150,0.04,0.10,0.002,3.5,96039.3,0.00,0.000,0.000,2
322284,-0.048,0.031,1.002,-0.061,0.305,0.122,-65.581,270.337,127.797,0.9929,0.0155,-0.0262,-0.1151,-0.02,0.04,0.035,3.5,96039.3,0.00,0.000,0.000,2
322484,-0.049,0.029,1.002,-0.061,0.183,0.244,-65.581,270.337,127.797,0.9929,0.0147,-0.0272,-0.1151,-0.01,0.05,0.035,3.5,96039.3,0.00,0.000,0.000,2
322684,-0.048,0.031,1.003,-0.122,0.305,0.244,-65.581,270.337,127.797,0.9929,0.0158,-0.0260,-0.1150,0.01,0.06,0.049,3.5,96041.5,0.00,0.000,0.000,2
322884,-0.048,0.027,1.005,-0.061,0.244,0.183,-65.581,270.337,127.797,0.9930,0.0137,-0.0232,-0.1154,-0.01,0.04,0.062,3.1,96037.1,0.00,0.000,0.000,2
323084,-0.048,0.033,1.002,-0.122,0.183,0.183,-65.581,270.337,127.797,0.9931,0.0149,-0.0228,-0.1143,0.02,0.07,0.035,3.1,96037.2,0.00,0.000,0.000,2
323284,-0.048,0.029,1.000,0.000,0.244,0.183,-65.581,270.337,127.797,0.9929,0.0150,-0.0249,-0.1154,-0.01,0.04,0.020,3.3,96039.2,0.00,0.000,0.000,2
323484,-0.048,0.029,1.000,-0.061,0.305,0.305,-65.581,270.337,127.797,0.9929,0.0151,-0.0249,-0.1152,-0.01,0.04,0.020,3.3,96035.8,0.00,0.000,0.000,2
323684,-0.046,0.030,1.004,-0.061,0.244,0.183,-65.581,270.337,127.797,0.9930,0.0151,-0.0229,-0.1150,0.08,0.11,0.058,3.1,96035.9,0.00,0.000,0.000,2
323884,-0.048,0.031,1.003,-0.061,0.244,0.183,-69.126,264.903,167.556,0.9921,0.0155,-0.0238,-0.1224,0.00,0.03,0.044,3.3,96043.6,0.00,0.000,0.000,2
324084,-0.049,0.032,1.003,-0.122,0.183,0.244,-69.126,264.903,167.556,0.9920,0.0161,-0.0263,-0.1223,-0.04,-0.00,0.045,3.5,96040.0,0.00,0.000,0.000,2
324284,-0.049,0.029,1.003,-0.061,0.183,0.244,-69.126,264.903,167.556,0.9920,0.0146,-0.0272,-0.1223,-0.08,-0.03,0.045,3.5,96040.1,0.00,0.000,0.000,2
324484,-0.048,0.031,1.000,0.000,0.122,0.305,-69.126,264.903,167.556,0.9920,0.0160,-0.0248,-0.1223,-0.12,-0.05,0.011,3.4,96039.2,0.00,0.000,0.000,2
324684,-0.048,0.031,1.003,-0.061,0.183,0.244,-69.126,264.903,167.556,0.9920,0.0153,-0.0263,-0.1225,-0.06,0.01,0.045,3.5,96037.9,0.00,0.000,0.000,2
324884,-0.050,0.029,1.003,-0.122,0.183,0.244,-69.126,264.903,167.556,0.9920,0.0149,-0.0264,-0.1229,-0.02,0.05,0.050,3.5,96036.6,0.00,0.000,0.000,2
325084,-0.048,0.030,1.002,-0.061,0.183,0.183,-69.126,264.903,167.556,0.9920,0.0154,-0.0258,-0.1225,0.05,0.12,0.040,3.4,96038.5,0.00,0.000,0.000,2
325284,-0.047,0.032,1.006,-0.122,0.183,0.244,-69.126,264.903,167.556,0.9921,0.0160,-0.0245,-0.1223,0.07,0.12,0.078,3.4,96035.0,0.00,0.000,0.000,2
325484,-0.047,0.034,1.002,0.000,0.183,0.183,-69.126,264.903,167.556,0.9921,0.0164,-0.0243,-0.1221,0.06,0.09,0.040,3.4,96038.7,0.00,0.000,0.000,2
325684,-0.050,0.032,0.998,-0.061,0.183,0.244,-69.126,264.903,167.556,0.9920,0.0154,-0.0276,-0.1220,0.08,0.10,-0.002,3.6,96032.3,0.00,0.000,0.000,2
325884,-0.047,0.031,1.002,-0.061,0.305,0.183,-62.036,270.337,156.196,0.9939,0.0136,-0.0215,-0.1075,0.14,0.15,0.034,2.9,96037.2,0.00,0.000,0.000,2
326084,-0.046,0.030,1.005,-0.061,0.244,0.244,-62.036,270.337,156.196,0.9939,0.0137,-0.0215,-0.1073,0.13,0.13,0.067,2.9,96037.3,0.00,0.000,0.000,2
326284,-0.048,0.032,1.003,-0.061,0.244,0.122,-62.036,270.337,156.196,0.9941,0.0091,-0.0243,-0.1052,0.09,0.08,0.045,3.0,96037.2,0.00,0.000,0.000,2
326484,-0.047,0.031,1.002,-0.122,0.305,0.183,-62.036,270.337,156.196,0.9939,0.0106,-0.0283,-0.1059,0.13,0.10,0.039,3.5,96040.8,0.00,0.000,0.000,2
326684,-0.048,0.030,1.002,0.061,0.244,0.244,-62.036,270.337,156.196,0.9941,0.0091,-0.0229,-0.1058,0.03,0.01,0.039,2.8,96040.0,0.00,0.000,0.000,2
326884,-0.048,0.030,1.001,0.000,0.244,0.244,-62.036,270.337,156.196,0.9940,0.0082,-0.0254,-0.1056,-0.00,-0.02,0.025,3.1,96036.7,0.00,0.000,0.000,2
327084,-0.048,0.030,1.002,0.000,0.305,0.183,-62.036,270.337,156.196,0.9940,0.0084,-0.0267,-0.1058,0.03,0.02,0.039,3.2,96040.1,0.00,0.000,0.000,2
327284,-0.047,0.030,1.000,0.000,0.244,0.183,-62.036,270.337,156.196,0.9940,0.0086,-0.0264,-0.1056,0.03,0.02,0.020,3.2,96041.6,0.00,0.000,0.000,2
327484,-0.050,0.030,1.000,0.000,0.183,0.244,-62.036,270.337,156.196,0.9940,0.0084,-0.0277,-0.1058,-0.02,-0.02,0.021,3.3,96039.4,0.00,0.000,0.000,2
327684,-0.047,0.029,1.002,-0.122,0.305,0.183,-62.036,270.337,156.196,0.9940,0.0080,-0.0253,-0.1058,0.01,0.01,0.034,3.0,96038.0,0.00,0.000,0.000,2
327884,-0.048,0.029,1.003,-0.061,0.305,0.244,-62.036,270.337,156.196,0.9940,0.0080,-0.0249,-0.1058,-0.03,-0.02,0.048,3.0,96036.7,0.00,0.000,0.000,2
328084,-0.050,0.030,1.002,-0.061,0.244,0.244,-63.809,266.261,153.356,0.9935,0.0084,-0.0269,-0.1106,-0.01,0.01,0.040,3.2,96034.5,0.00,0.000,0.000,2
328284,-0.050,0.029,1.007,-0.061,0.183,0.183,-63.809,266.261,153.356,0.9935,0.0084,-0.0270,-0.1106,0.07,0.09,0.088,3.2,96035.1,0.00,0.000,0.000,2
328484,-0.048,0.029,1.001,0.000,0.244,0.244,-63.809,266.261,153.356,0.9935,0.0082,-0.0257,-0.1106,0.06,0.07,0.030,3.1,96041.5,0.00,0.000,0.000,2
328684,-0.046,0.031,0.999,-0.061,0.244,0.244,-63.809,266.261,153.356,0.9936,0.0090,-0.0240,-0.1103,0.11,0.11,0.005,2.9,96035.9,0.00,0.000,0.000,2
328884,-0.049,0.029,1.003,0.000,0.183,0.183,-63.809,266.261,153.356,0.9935,0.0080,-0.0258,-0.1108,0.03,0.03,0.049,3.1,96038.0,0.00,0.000,0.000,2
329084,-0.048,0.031,1.001,-0.061,0.305,0.183,-63.809,266.261,153.356,0.9935,0.0085,-0.0254,-0.1105,-0.02,-0.01,0.030,3.1,96041.5,0.00,0.000,0.000,2
329284,-0.048,0.030,1.001,-0.122,0.183,0.244,-63.809,266.261,153.356,0.9934,0.0089,-0.0274,-0.1107,-0.03,-0.01,0.030,3.3,96039.5,0.00,0.000,0.000,2
329484,-0.049,0.030,1.001,-0.061,0.122,0.244,-63.809,266.261,153.356,0.9935,0.0081,-0.0260,-0.1106,0.04,0.06,0.026,3.1,96033.3,0.00,0.000,0.000,2
329684,-0.047,0.030,1.003,-0.061,0.244,0.183,-63.809,266.261,153.356,0.9935,0.0082,-0.0250,-0.1106,0.14,0.14,0.043,3.0,96038.0,0.00,0.000,0.000,2
329884,-0.049,0.032,1.004,-0.122,0.305,0.183,-63.809,266.261,153.356,0.9935,0.0092,-0.0270,-0.1103,0.22,0.19,0.059,3.3,96033.8,0.00,0.000,0.000,2
330084,-0.048,0.029,1.006,-0.061,0.183,0.244,-63.809,268.978,159.036,0.9936,0.0080,-0.0258,-0.1099,0.13,0.09,0.077,3.1,96043.7,0.00,0.000,0.000,2
330284,-0.047,0.032,1.003,-0.122,0.244,0.244,-63.809,268.978,159.036,0.9937,0.0091,-0.0257,-0.1088,0.09,0.04,0.049,3.1,96041.6,0.00,0.000,0.000,2
330484,-0.047,0.032,1.003,0.000,0.183,0.305,-63.809,268.978,159.036,0.9937,0.0090,-0.0259,-0.1090,0.06,0.02,0.044,3.1,96036.6,0.00,0.000,0.000,2
330684,-0.051,0.030,1.002,-0.061,0.244,0.244,-63.809,268.978,159.036,0.9936,0.0081,-0.0275,-0.1094,0.05,0.02,0.036,3.3,96038.2,0.00,0.000,0.000,2
330884,-0.048,0.033,0.997,0.061,0.183,0.305,-63.809,268.978,159.036,0.9937,0.0093,-0.0267,-0.1088,0.07,0.04,-0.012,3.2,96033.8,0.00,0.000,0.000,2
331084,-0.047,0.030,1.001,0.000,0.244,0.244,-63.809,268.978,159.036,0.9936,0.0084,-0.0263,-0.1093,0.09,0.05,0.029,3.2,96038.0,0.00,0.000,0.000,2
331284,-0.049,0.035,1.001,0.000,0.183,0.305,-63.809,268.978,159.036,0.9936,0.0111,-0.0280,-0.1086,0.01,-0.02,0.027,3.5,96039.4,0.00,0.000,0.000,2
331484,-0.048,0.030,1.001,-0.061,0.183,0.183,-63.809,268.978,159.036,0.9936,0.0092,-0.0278,-0.1095,-0.06,-0.07,0.030,3.4,96043.6,0.00,0.000,0.000,2
331684,-0.046,0.032,1.003,-0.061,0.244,0.183,-63.809,268.978,159.036,0.9937,0.0115,-0.0212,-0.1098,-0.09,-0.07,0.044,2.8,96038.0,0.00,0.000,0.000,2
331884,-0.051,0.032,1.003,-0.061,0.244,0.244,-63.809,268.978,159.036,0.9933,0.0165,-0.0266,-0.1114,-0.13,-0.09,0.046,3.6,96040.1,0.00,0.000,0.000,2
332084,-0.049,0.030,1.004,-0.122,0.183,0.183,-63.809,268.978,159.036,0.9933,0.0157,-0.0261,-0.1116,-0.20,-0.13,0.054,3.5,96042.9,0.00,0.000,0.000,2
332284,-0.050,0.032,1.003,0.000,0.244,0.122,-63.809,268.978,159.036,0.9933,0.0153,-0.0280,-0.1109,-0.17,-0.07,0.051,3.7,96036.6,0.00,0.000,0.000,2
332484,-0.049,0.028,1.005,-0.122,0.183,0.244,-63.809,268.978,159.036,0.9933,0.0148,-0.0270,-0.1116,-0.14,-0.02,0.063,3.5,96036.0,0.00,0.000,0.000,2
332684,-0.049,0.032,1.004,-0.061,0.305,0.183,-63.809,268.978,159.036,0.9933,0.0161,-0.0259,-0.1113,-0.08,0.05,0.055,3.5,96038.0,0.00,0.000,0.000,2
332884,-0.048,0.031,1.001,-0.061,0.244,0.244,-63.809,268.978,159.036,0.9933,0.0158,-0.0260,-0.1116,-0.03,0.08,0.025,3.5,96044.3,0.00,0.000,0.000,2
333084,-0.049,0.030,1.002,-0.061,0.183,0.305,-63.809,268.978,159.036,0.9933,0.0157,-0.0264,-0.1115,0.03,0.12,0.040,3.5,96039.4,0.00,0.000,0.000,2
333284,-0.049,0.030,1.001,0.000,0.183,0.244,-63.809,268.978,159.036,0.9933,0.0159,-0.0250,-0.1115,0.03,0.11,0.030,3.4,96035.2,0.00,0.000,0.000,2
333484,-0.048,0.029,1.001,-0.122,0.244,0.244,-63.809,268.978,159.036,0.9933,0.0141,-0.0279,-0.1110,0.04,0.11,0.030,3.6,96037.5,0.00,0.000,0.000,2
333684,-0.048,0.032,1.000,-0.061,0.244,0.183,-63.809,268.978,159.036,0.9934,0.0162,-0.0244,-0.1112,0.07,0.12,0.021,3.4,96034.5,0.00,0.000,0.000,2
333884,-0.049,0.032,1.000,-0.061,0.244,0.244,-63.809,268.978,159.036,0.9933,0.0159,-0.0262,-0.1113,0.03,0.07,0.021,3.5,96042.2,0.00,0.000,0.000,2
334084,-0.047,0.032,1.000,-0.061,0.305,0.183,-62.036,270.337,167.556,0.9935,0.0164,-0.0254,-0.1093,0.10,0.13,0.016,3.5,96037.3,0.00,0.000,0.000,2
334284,-0.050,0.031,1.001,-0.061,0.244,0.183,-62.036,270.337,167.556,0.9937,0.0162,-0.0255,-0.1075,0.12,0.13,0.031,3.5,96037.3,0.00,0.000,0.000,2
334484,-0.048,0.030,1.000,-0.061,0.183,0.183,-62.036,270.337,167.556,0.9938,0.0159,-0.0254,-0.1075,0.16,0.14,0.020,3.4,96041.5,0.00,0.000,0.000,2
334684,-0.049,0.031,1.002,0.061,0.244,0.244,-62.036,270.337,167.556,0.9938,0.0163,-0.0260,-0.1073,0.10,0.08,0.040,3.5,96036.6,0.00,0.000,0.000,2
334884,-0.049,0.028,1.003,-0.122,0.244,0.244,-62.036,270.337,167.556,0.9937,0.0157,-0.0258,-0.1076,0.10,0.07,0.049,3.5,96038.2,0.00,0.000,0.000,2
335084,-0.049,0.030,1.002,-0.061,0.305,0.122,-62.036,270.337,167.556,0.9938,0.0157,-0.0275,-0.1069,0.11,0.07,0.035,3.6,96041.5,0.00,0.000,0.000,2
335284,-0.048,0.031,1.001,-0.061,0.244,0.244,-62.036,270.337,167.556,0.9939,0.0157,-0.0226,-0.1070,0.06,0.02,0.025,3.2,96035.9,0.00,0.000,0.000,2
335484,-0.049,0.029,1.004,-0.061,0.122,0.183,-62.036,270.337,167.556,0.9937,0.0156,-0.0265,-0.1075,0.02,-0.00,0.059,3.5,96033.7,0.00,0.000,0.000,2
335684,-0.051,0.027,1.000,-0.061,0.183,0.183,-62.036,270.337,167.556,0.9937,0.0146,-0.0284,-0.1076,0.03,0.02,0.021,3.7,96035.8,0.00,0.000,0.000,2
335884,-0.047,0.031,1.000,-0.061,0.244,0.183,-62.036,270.337,167.556,0.9938,0.0154,-0.0278,-0.1070,0.11,0.09,0.020,3.6,96040.8,0.00,0.000,0.000,2
336084,-0.048,0.031,1.001,0.000,0.244,0.305,-62.036,270.337,167.556,0.9939,0.0145,-0.0220,-0.1071,0.16,0.12,0.030,3.0,96035.9,0.00,0.000,0.000,2
336284,-0.050,0.032,1.000,-0.061,0.183,0.183,-72.671,259.469,150.516,0.9911,0.0100,-0.0265,-0.1300,0.18,0.12,0.017,3.2,96039.6,0.00,0.000,0.000,2
336484,-0.047,0.032,1.002,-0.061,0.366,0.183,-72.671,259.469,150.516,0.9909,0.0138,-0.0277,-0.1313,0.13,0.06,0.040,3.6,96040.1,0.00,0.000,0.000,2
336684,-0.047,0.034,1.003,-0.061,0.305,0.183,-72.671,259.469,150.516,0.9909,0.0157,-0.0245,-0.1317,0.07,0.01,0.050,3.3,96039.3,0.00,0.000,0.000,2
336884,-0.047,0.032,1.002,0.000,0.183,0.183,-72.671,259.469,150.516,0.9909,0.0154,-0.0241,-0.1318,0.05,-0.00,0.039,3.3,96040.9,0.00,0.000,0.000,2
337084,-0.049,0.030,1.002,-0.061,0.244,0.183,-72.671,259.469,150.516,0.9908,0.0136,-0.0281,-0.1317,-0.02,-0.06,0.040,3.6,96038.7,0.00,0.000,0.000,2
337284,-0.047,0.031,1.002,-0.061,0.183,0.244,-72.671,259.469,150.516,0.9911,0.0092,-0.0262,-0.1302,-0.08,-0.09,0.034,3.2,96042.3,0.00,0.000,0.000,2
337484,-0.047,0.030,1.003,-0.061,0.183,0.244,-72.671,259.469,150.516,0.9911,0.0088,-0.0243,-0.1302,-0.08,-0.06,0.049,3.0,96038.0,0.00,0.000,0.000,2
337684,-0.049,0.032,1.001,0.000,0.183,0.183,-72.671,259.469,150.516,0.9911,0.0095,-0.0276,-0.1300,-0.05,-0.02,0.031,3.3,96036.6,0.00,0.000,0.000,2
337884,-0.048,0.031,1.002,-0.061,0.183,0.183,-72.671,259.469,150.516,0.9908,0.0132,-0.0284,-0.1314,0.00,0.04,0.040,3.6,96034.5,0.00,0.000,0.000,2
338084,-0.049,0.029,1.004,-0.061,0.244,0.244,-72.671,259.469,150.516,0.9911,0.0083,-0.0271,-0.1304,0.05,0.08,0.059,3.2,96042.2,0.00,0.000,0.000,2
338284,-0.049,0.028,1.001,-0.122,0.183,0.183,-72.671,259.469,150.516,0.9911,0.0076,-0.0250,-0.1305,0.02,0.04,0.030,3.0,96039.4,0.00,0.000,0.000,2
338484,-0.048,0.030,1.002,-0.061,0.061,0.244,-72.671,259.469,150.516,0.9911,0.0086,-0.0245,-0.1304,-0.05,-0.02,0.039,3.0,96041.6,0.00,0.000,0.000,2
338684,-0.050,0.030,1.001,0.000,0.244,0.183,-72.671,259.469,150.516,0.9910,0.0088,-0.0279,-0.1304,-0.09,-0.04,0.031,3.3,96041.5,0.00,0.000,0.000,2
338884,-0.049,0.029,1.006,-0.061,0.366,0.122,-72.671,259.469,150.516,0.9911,0.0078,-0.0268,-0.1304,-0.16,-0.09,0.078,3.2,96042.9,0.00,0.000,0.000,2
339084,-0.049,0.030,1.004,-0.061,0.244,0.183,-72.671,259.469,150.516,0.9910,0.0092,-0.0279,-0.1303,-0.20,-0.10,0.059,3.4,96042.1,0.00,0.000,0.000,2
339284,-0.048,0.031,1.002,-0.061,0.183,0.244,-72.671,259.469,150.516,0.9911,0.0091,-0.0270,-0.1301,-0.17,-0.05,0.035,3.3,96037.3,0.00,0.000,0.000,2
339484,-0.048,0.030,1.000,-0.061,0.366,0.244,-72.671,259.469,150.516,0.9910,0.0088,-0.0274,-0.1304,-0.07,0.05,0.020,3.3,96034.5,0.00,0.000,0.000,2
339684,-0.048,0.031,1.001,-0.061,0.183,0.183,-72.671,259.469,150.516,0.9908,0.0145,-0.0256,-0.1318,-0.07,0.05,0.026,3.4,96039.4,0.00,0.000,0.000,2
339884,-0.048,0.032,1.002,0.000,0.122,0.244,-72.671,259.469,150.516,0.9908,0.0153,-0.0268,-0.1317,-0.02,0.10,0.040,3.5,96036.7,0.00,0.000,0.000,2
340084,-0.048,0.030,1.005,-0.061,0.122,0.305,-72.671,259.469,150.516,0.9908,0.0148,-0.0259,-0.1322,0.04,0.14,0.063,3.4,96038.8,0.00,0.000,0.000,2
340284,-0.047,0.030,1.000,0.061,0.183,0.183,-72.671,259.469,150.516,0.9908,0.0148,-0.0241,-0.1322,-0.01,0.08,0.020,3.2,96038.7,0.00,0.000,0.000,2
340484,-0.046,0.032,1.002,-0.122,0.183,0.244,-70.898,263.544,187.435,0.9917,0.0154,-0.0241,-0.1256,0.02,0.10,0.035,3.3,96042.3,0.00,0.000,0.000,2
340684,-0.048,0.033,1.001,-0.122,0.244,0.244,-70.898,263.544,187.435,0.9916,0.0159,-0.0260,-0.1255,0.08,0.13,0.026,3.5,96038.0,0.00,0.000,0.000,2
340884,-0.049,0.032,1.002,-0.061,0.244,0.122,-70.898,263.544,187.435,0.9916,0.0154,-0.0274,-0.1253,0.14,0.17,0.040,3.6,96034.5,0.00,0.000,0.000,2
341084,-0.048,0.030,1.002,-0.061,0.244,0.305,-70.898,263.544,187.435,0.9917,0.0154,-0.0247,-0.1256,0.19,0.19,0.035,3.3,96036.6,0.00,0.000,0.000,2
341284,-0.048,0.030,1.004,0.000,0.122,0.183,-70.898,263.544,187.435,0.9916,0.0153,-0.0254,-0.1259,0.16,0.15,0.054,3.4,96036.6,0.00,0.000,0.000,2
341484,-0.046,0.031,1.003,-0.061,0.244,0.183,-70.898,263.544,187.435,0.9917,0.0150,-0.0239,-0.1258,0.19,0.15,0.048,3.2,96038.0,0.00,0.000,0.000,2
341684,-0.049,0.030,1.004,-0.122,0.244,0.244,-70.898,263.544,187.435,0.9916,0.0155,-0.0262,-0.1257,0.15,0.09,0.059,3.5,96038.0,0.00,0.000,0.000,2
341884,-0.050,0.030,1.001,0.000,0.122,0.244,-70.898,263.544,187.435,0.9916,0.0151,-0.0272,-0.1257,0.20,0.13,0.026,3.6,96032.5,0.00,0.000,0.000,2
342084,-0.046,0.034,1.005,-0.122,0.244,0.305,-70.898,263.544,187.435,0.9917,0.0160,-0.0247,-0.1254,0.29,0.19,0.064,3.4,96032.4,0.00,0.000,0.000,2
342284,-0.048,0.032,1.002,-0.061,0.183,0.244,-70.898,263.544,187.435,0.9916,0.0159,-0.0254,-0.1256,0.25,0.13,0.040,3.4,96040.1,0.00,0.000,0.000,2
342484,-0.047,0.033,1.001,0.000,0.244,0.244,-70.898,263.544,187.435,0.9917,0.0162,-0.0249,-0.1253,0.24,0.11,0.031,3.4,96034.4,0.00,0.000,0.000,2
342684,-0.048,0.028,1.002,-0.122,0.244,0.183,-70.898,263.544,187.435,0.9916,0.0148,-0.0247,-0.1259,0.23,0.09,0.034,3.3,96037.3,0.00,0.000,0.000,2
342884,-0.048,0.032,1.004,-0.061,0.183,0.183,-70.898,263.544,187.435,0.9917,0.0161,-0.0252,-0.1254,0.27,0.11,0.054,3.4,96033.1,0.00,0.000,0.000,2
343084,-0.046,0.028,1.004,-0.061,0.122,0.305,-70.898,263.544,187.435,0.9916,0.0147,-0.0239,-0.1262,0.32,0.15,0.052,3.2,96035.2,0.00,0.000,0.000,2
343284,-0.049,0.030,1.002,0.000,0.244,0.183,-70.898,263.544,187.435,0.9916,0.0148,-0.0272,-0.1255,0.27,0.09,0.035,3.5,96040.9,0.00,0.000,0.000,2
343484,-0.047,0.029,1.004,-0.061,0.244,0.244,-70.898,263.544,187.435,0.9916,0.0146,-0.0264,-0.1257,0.32,0.12,0.053,3.5,96031.6,0.00,0.000,0.000,2
343684,-0.047,0.031,1.000,-0.061,0.244,0.244,-70.898,263.544,187.435,0.9917,0.0156,-0.0245,-0.1256,0.25,0.05,0.011,3.3,96038.7,0.00,0.000,0.000,2
343884,-0.049,0.030,1.000,-0.122,0.122,0.183,-70.898,263.544,187.435,0.9916,0.0154,-0.0269,-0.1254,0.20,0.00,0.021,3.6,96034.4,0.00,0.000,0.000,2
344084,-0.049,0.028,1.001,-0.122,0.244,0.244,-70.898,263.544,187.435,0.9916,0.0147,-0.0250,-0.1259,0.13,-0.05,0.030,3.3,96037.3,0.00,0.000,0.000,2
344284,-0.047,0.031,1.005,-0.122,0.305,0.183,-70.898,263.544,187.435,0.9916,0.0158,-0.0250,-0.1256,0.08,-0.08,0.063,3.4,96032.6,0.00,0.000,0.000,2
344484,-0.050,0.030,1.002,-0.122,0.183,0.244,-70.898,263.544,187.435,0.9916,0.0153,-0.0256,-0.1259,0.03,-0.10,0.040,3.4,96036.7,0.00,0.000,0.000,2
344684,-0.047,0.032,1.001,0.000,0.244,0.244,-70.898,263.544,187.435,0.9917,0.0156,-0.0263,-0.1252,-0.02,-0.12,0.025,3.5,96036.1,0.00,0.000,0.000,2
344884,-0.049,0.032,1.002,-0.122,0.244,0.305,-70.898,263.544,187.435,0.9916,0.0161,-0.0257,-0.1254,-0.05,-0.12,0.036,3.5,96039.4,0.00,0.000,0.000,2
345084,-0.049,0.031,1.007,-0.122,0.183,0.122,-70.898,263.544,187.435,0.9917,0.0146,-0.0279,-0.1249,-0.04,-0.09,0.083,3.6,96038.3,0.00,0.000,0.000,2
345284,-0.047,0.032,1.000,-0.061,0.183,0.183,-70.898,263.544,187.435,0.9917,0.0160,-0.0251,-0.1253,-0.05,-0.07,0.016,3.4,96036.1,0.00,0.000,0.000,2
345484,-0.048,0.030,1.001,-0.061,0.244,0.305,-70.898,263.544,187.435,0.9916,0.0154,-0.0250,-0.1258,-0.01,-0.02,0.025,3.4,96036.7,0.00,0.000,0.000,2
345684,-0.046,0.032,1.001,0.061,0.305,0.122,-70.898,263.544,187.435,0.9917,0.0160,-0.0249,-0.1254,-0.00,-0.01,0.029,3.4,96041.7,0.00,0.000,0.000,2
345884,-0.046,0.030,1.004,-0.122,0.183,0.183,-70.898,263.544,187.435,0.9917,0.0152,-0.0239,-0.1258,0.06,0.06,0.053,3.3,96030.3,0.00,0.000,0.000,2
346084,-0.049,0.032,1.003,-0.061,0.305,0.183,-70.898,263.544,187.435,0.9916,0.0159,-0.0261,-0.1253,0.09,0.08,0.050,3.5,96038.2,0.00,0.000,0.000,2
346284,-0.047,0.031,1.002,-0.122,0.244,0.183,-70.898,263.544,187.435,0.9917,0.0155,-0.0244,-0.1257,0.04,0.03,0.039,3.3,96034.6,0.00,0.000,0.000,2
346484,-0.047,0.032,1.001,-0.061,0.183,0.183,-54.946,267.620,144.836,0.9930,0.0076,-0.0259,-0.1148,-0.08,-0.07,0.025,3.1,96044.4,0.00,0.000,0.000,2
346684,-0.050,0.030,1.002,0.000,0.244,0.183,-54.946,267.620,144.836,0.9949,0.0160,-0.0273,-0.0963,-0.12,-0.08,0.035,3.6,96038.2,0.00,0.000,0.000,2
346884,-0.047,0.030,1.000,-0.183,0.183,0.183,-54.946,267.620,144.836,0.9949,0.0159,-0.0267,-0.0961,-0.15,-0.09,0.015,3.6,96033.8,0.00,0.000,0.000,2
347084,-0.049,0.030,1.001,-0.122,0.305,0.305,-54.946,267.620,144.836,0.9949,0.0160,-0.0259,-0.0965,-0.05,0.02,0.025,3.5,96033.2,0.00,0.000,0.000,2
347284,-0.049,0.029,1.005,0.000,0.244,0.305,-54.946,267.620,144.836,0.9949,0.0164,-0.0249,-0.0965,0.09,0.15,0.068,3.4,96036.0,0.00,0.000,0.000,2
347484,-0.046,0.030,1.002,0.000,0.183,0.244,-54.946,267.620,144.836,0.9949,0.0166,-0.0251,-0.0962,0.12,0.16,0.034,3.5,96038.7,0.00,0.000,0.000,2
347684,-0.048,0.030,1.004,0.000,0.244,0.244,-54.946,267.620,144.836,0.9950,0.0156,-0.0225,-0.0961,0.11,0.13,0.058,3.1,96033.1,0.00,0.000,0.000,2
347884,-0.049,0.029,1.006,-0.061,0.305,0.183,-54.946,267.620,144.836,0.9949,0.0160,-0.0265,-0.0965,0.14,0.14,0.073,3.5,96033.9,0.00,0.000,0.000,2
348084,-0.049,0.030,1.002,-0.061,0.183,0.183,-54.946,267.620,144.836,0.9949,0.0167,-0.0255,-0.0962,0.11,0.09,0.035,3.5,96038.2,0.00,0.000,0.000,2
348284,-0.050,0.030,1.002,0.000,0.244,0.183,-54.946,267.620,144.836,0.9950,0.0151,-0.0225,-0.0962,0.02,0.01,0.040,3.1,96037.4,0.00,0.000,0.000,2
348484,-0.050,0.031,1.002,0.000,0.305,0.183,-54.946,267.620,144.836,0.9949,0.0170,-0.0261,-0.0960,-0.07,-0.05,0.036,3.6,96037.3,0.00,0.000,0.000,2
348684,-0.049,0.028,1.000,-0.122,0.244,0.305,-67.353,263.544,159.036,0.9923,0.0146,-0.0246,-0.1204,-0.10,-0.07,0.015,3.3,96040.9,0.00,0.000,0.000,2
348884,-0.049,0.029,1.001,-0.061,0.244,0.244,-67.353,263.544,159.036,0.9923,0.0149,-0.0266,-0.1202,-0.08,-0.04,0.025,3.5,96039.5,0.00,0.000,0.000,2
349084,-0.048,0.030,1.001,-0.122,0.183,0.183,-67.353,263.544,159.036,0.9923,0.0152,-0.0259,-0.1202,-0.12,-0.06,0.030,3.4,96036.8,0.00,0.000,0.000,2
349284,-0.050,0.030,1.001,0.000,0.122,0.305,-67.353,263.544,159.036,0.9923,0.0156,-0.0268,-0.1202,-0.18,-0.09,0.031,3.5,96043.0,0.00,0.000,0.000,2
349484,-0.048,0.030,1.005,-0.122,0.183,0.183,-67.353,263.544,159.036,0.9923,0.0153,-0.0262,-0.1202,-0.14,-0.03,0.064,3.5,96035.2,0.00,0.000,0.000,2
349684,-0.047,0.030,1.004,0.000,0.244,0.183,-67.353,263.544,159.036,0.9923,0.0151,-0.0255,-0.1203,-0.12,-0.00,0.058,3.4,96038.7,0.00,0.000,0.000,2
349884,-0.047,0.032,1.002,-0.061,0.122,0.244,-67.353,263.544,159.036,0.9924,0.0137,-0.0285,-0.1189,-0.11,0.01,0.035,3.6,96037.4,0.00,0.000,0.000,2
350084,-0.047,0.032,1.003,-0.061,0.244,0.244,-67.353,263.544,159.036,0.9923,0.0157,-0.0248,-0.1201,-0.14,-0.01,0.045,3.4,96038.2,0.00,0.000,0.000,2
350284,-0.047,0.031,1.001,-0.061,0.305,0.305,-67.353,263.544,159.036,0.9923,0.0155,-0.0240,-0.1201,-0.11,0.03,0.030,3.3,96037.4,0.00,0.000,0.000,2
350484,-0.048,0.030,1.005,-0.122,0.244,0.244,-67.353,263.544,159.036,0.9923,0.0155,-0.0250,-0.1203,-0.02,0.10,0.063,3.4,96035.2,0.00,0.000,0.000,2
350684,-0.048,0.030,1.002,-0.122,0.244,0.244,-76.216,267.620,150.516,0.9907,0.0098,-0.0278,-0.1326,-0.00,0.10,0.035,3.4,96038.8,0.00,0.000,0.000,2
350884,-0.050,0.030,1.002,-0.061,0.244,0.244,-76.216,267.620,150.516,0.9907,0.0094,-0.0285,-0.1329,-0.07,0.03,0.040,3.4,96041.6,0.00,0.000,0.000,2
351084,-0.047,0.033,1.001,-0.061,0.244,0.244,-76.216,267.620,150.516,0.9907,0.0113,-0.0279,-0.1328,-0.08,0.03,0.026,3.4,96035.3,0.00,0.000,0.000,2
351340,-0.045,0.031,1.006,-0.122,0.366,0.305,-47.856,256.752,184.595,0.9923,-0.0096,-0.0197,-0.1215,-0.06,0.05,0.062,2.5,96031.0,0.00,0.000,0.000,2
351484,-0.049,0.030,1.000,-0.061,0.183,0.244,-47.856,256.752,184.595,0.9961,0.0084,-0.0262,-0.0837,-0.06,0.05,0.021,3.2,96036.6,0.00,0.000,0.000,2
351684,-0.047,0.031,1.002,-0.061,0.183,0.244,-47.856,256.752,184.595,0.9962,0.0092,-0.0264,-0.0822,-0.04,0.06,0.034,3.2,96040.1,0.00,0.000,0.000,2
351884,-0.049,0.031,1.004,-0.061,0.244,0.244,-47.856,256.752,184.595,0.9962,0.0088,-0.0263,-0.0823,-0.04,0.05,0.054,3.2,96040.0,0.00,0.000,0.000,2
352084,-0.048,0.031,1.005,-0.061,0.183,0.244,-47.856,256.752,184.595,0.9962,0.0088,-0.0257,-0.0822,-0.02,0.08,0.063,3.1,96038.7,0.00,0.000,0.000,2
352284,-0.048,0.031,1.003,-0.061,0.244,0.244,-47.856,256.752,184.595,0.9962,0.0087,-0.0261,-0.0822,-0.01,0.08,0.044,3.2,96039.5,0.00,0.000,0.000,2
352484,-0.050,0.032,1.000,-0.061,0.183,0.183,-47.856,256.752,184.595,0.9962,0.0093,-0.0279,-0.0823,-0.02,0.06,0.012,3.4,96043.0,0.00,0.000,0.000,2
352684,-0.050,0.031,1.004,-0.061,0.183,0.183,-65.581,267.620,139.156,0.9932,0.0087,-0.0251,-0.1138,-0.04,0.04,0.055,3.1,96035.3,0.00,0.000,0.000,2
352884,-0.049,0.034,1.000,0.061,0.183,0.244,-65.581,267.620,139.156,0.9932,0.0116,-0.0243,-0.1135,-0.03,0.05,0.017,3.1,96036.7,0.00,0.000,0.000,2
353084,-0.046,0.029,1.001,-0.061,0.122,0.244,-65.581,267.620,139.156,0.9931,0.0082,-0.0253,-0.1139,-0.03,0.04,0.024,3.1,96038.0,0.00,0.000,0.000,2
353284,-0.048,0.031,1.005,0.000,0.183,0.183,-65.581,267.620,139.156,0.9931,0.0085,-0.0257,-0.1138,0.01,0.08,0.063,3.1,96039.6,0.00,0.000,0.000,2
353484,-0.047,0.031,1.002,-0.122,0.244,0.305,-65.581,267.620,139.156,0.9931,0.0086,-0.0259,-0.1138,0.02,0.09,0.034,3.1,96040.3,0.00,0.000,0.000,2
353684,-0.048,0.032,1.001,0.000,0.244,0.122,-65.581,267.620,139.156,0.9931,0.0097,-0.0274,-0.1137,0.02,0.08,0.030,3.3,96038.9,0.00,0.000,0.000,2
353884,-0.048,0.032,1.002,-0.061,0.183,0.305,-65.581,267.620,139.156,0.9929,0.0134,-0.0288,-0.1151,0.12,0.16,0.040,3.6,96031.8,0.00,0.000,0.000,2
354084,-0.048,0.030,1.005,-0.122,0.244,0.305,-65.581,267.620,139.156,0.9931,0.0087,-0.0269,-0.1139,0.14,0.15,0.063,3.2,96039.5,0.00,0.000,0.000,2
354284,-0.047,0.032,1.003,-0.061,0.122,0.183,-65.581,267.620,139.156,0.9932,0.0092,-0.0250,-0.1135,0.11,0.12,0.044,3.0,96032.4,0.00,0.000,0.000,2
354484,-0.050,0.032,1.000,0.000,0.244,0.244,-65.581,267.620,139.156,0.9931,0.0096,-0.0283,-0.1137,0.08,0.08,0.022,3.4,96039.4,0.00,0.000,0.000,2
354684,-0.047,0.031,1.000,-0.122,0.427,0.183,-65.581,267.620,139.156,0.9932,0.0091,-0.0238,-0.1137,0.05,0.04,0.010,2.9,96041.0,0.00,0.000,0.000,2
354884,-0.047,0.029,1.002,0.000,0.122,0.183,-65.581,267.620,139.156,0.9931,0.0076,-0.0251,-0.1142,0.02,0.01,0.034,3.0,96040.2,0.00,0.000,0.000,2
355084,-0.048,0.031,1.002,-0.122,0.183,0.305,-65.581,267.620,139.156,0.9932,0.0086,-0.0255,-0.1136,0.07,0.06,0.035,3.1,96038.9,0.00,0.000,0.000,2
355284,-0.046,0.033,1.000,-0.122,0.122,0.183,-65.581,267.620,139.156,0.9932,0.0103,-0.0230,-0.1135,0.08,0.07,0.020,2.9,96038.7,0.00,0.000,0.000,2
355484,-0.047,0.031,1.002,0.000,0.244,0.305,-65.581,267.620,139.156,0.9929,0.0156,-0.0240,-0.1158,0.14,0.11,0.039,3.3,96031.2,0.00,0.000,0.000,2
355684,-0.050,0.031,1.001,-0.061,0.305,0.244,-65.581,267.620,139.156,0.9928,0.0149,-0.0275,-0.1156,0.21,0.16,0.026,3.6,96036.0,0.00,0.000,0.000,2
355884,-0.047,0.032,1.001,0.000,0.305,0.244,-65.581,267.620,139.156,0.9929,0.0156,-0.0240,-0.1158,0.22,0.15,0.030,3.3,96035.3,0.00,0.000,0.000,2
356084,-0.048,0.031,1.003,-0.061,0.183,0.244,-65.581,267.620,139.156,0.9929,0.0153,-0.0234,-0.1158,0.28,0.18,0.049,3.2,96036.8,0.00,0.000,0.000,2
356284,-0.049,0.031,1.002,-0.122,0.244,0.244,-65.581,267.620,139.156,0.9928,0.0161,-0.0260,-0.1157,0.25,0.13,0.035,3.5,96036.7,0.00,0.000,0.000,2
356484,-0.048,0.031,1.003,-0.061,0.244,0.305,-65.581,267.620,139.156,0.9928,0.0153,-0.0272,-0.1154,0.21,0.08,0.049,3.6,96036.6,0.00,0.000,0.000,2
356684,-0.049,0.030,1.001,-0.061,0.183,0.183,-58.491,267.620,173.235,0.9944,0.0133,-0.0291,-0.1010,0.20,0.07,0.030,3.7,96037.4,0.00,0.000,0.000,2
356884,-0.047,0.032,0.999,0.000,0.244,0.183,-58.491,267.620,173.235,0.9947,0.0088,-0.0249,-0.0992,0.16,0.03,0.006,3.0,96035.4,0.00,0.000,0.000,2
357084,-0.048,0.032,1.005,0.000,0.244,0.183,-58.491,267.620,173.235,0.9947,0.0087,-0.0260,-0.0992,0.11,-0.01,0.064,3.1,96038.0,0.00,0.000,0.000,2
357284,-0.048,0.031,1.003,0.000,0.183,0.183,-58.491,267.620,173.235,0.9947,0.0088,-0.0266,-0.0991,0.09,-0.02,0.044,3.2,96036.6,0.00,0.000,0.000,2
357484,-0.049,0.032,1.003,-0.061,0.244,0.244,-58.491,267.620,173.235,0.9946,0.0093,-0.0278,-0.0995,0.05,-0.04,0.045,3.4,96039.6,0.00,0.000,0.000,2
357684,-0.049,0.030,1.001,-0.061,0.122,0.183,-58.491,267.620,173.235,0.9947,0.0082,-0.0259,-0.0996,-0.02,-0.09,0.025,3.1,96043.1,0.00,0.000,0.000,2
357884,-0.049,0.030,1.000,-0.061,0.305,0.183,-58.491,267.620,173.235,0.9946,0.0090,-0.0279,-0.0997,-0.09,-0.13,0.021,3.4,96041.0,0.00,0.000,0.000,2
358084,-0.047,0.033,1.003,-0.061,0.183,0.122,-58.491,267.620,173.235,0.9948,0.0093,-0.0235,-0.0990,-0.13,-0.13,0.049,2.9,96039.6,0.00,0.000,0.000,2
358284,-0.049,0.032,1.001,-0.122,0.122,0.244,-58.491,267.620,173.235,0.9946,0.0092,-0.0277,-0.0992,-0.07,-0.05,0.026,3.4,96033.1,0.00,0.000,0.000,2
358484,-0.049,0.029,1.002,0.122,0.305,0.122,-58.491,267.620,173.235,0.9946,0.0087,-0.0267,-0.0996,-0.04,-0.01,0.035,3.2,96031.9,0.00,0.000,0.000,2
358684,-0.049,0.032,1.001,-0.122,0.183,0.305,-58.491,267.620,173.235,0.9946,0.0090,-0.0275,-0.0992,-0.04,-0.00,0.026,3.3,96032.6,0.00,0.000,0.000,2
358884,-0.048,0.031,1.002,-0.122,0.183,0.244,-58.491,267.620,173.235,0.9947,0.0086,-0.0257,-0.0992,-0.01,0.03,0.035,3.1,96037.5,0.00,0.000,0.000,2
359084,-0.048,0.030,1.001,0.000,0.244,0.244,-58.491,267.620,173.235,0.9947,0.0083,-0.0258,-0.0996,-0.01,0.03,0.030,3.1,96036.0,0.00,0.000,0.000,2
359284,-0.049,0.030,1.004,0.000,0.244,0.244,-58.491,267.620,173.235,0.9946,0.0083,-0.0265,-0.0995,0.03,0.07,0.059,3.2,96031.9,0.00,0.000,0.000,2
359484,-0.048,0.032,1.005,-0.061,0.183,0.122,-58.491,267.620,173.235,0.9947,0.0085,-0.0249,-0.0991,0.08,0.11,0.068,3.0,96034.6,0.00,0.000,0.000,2
359684,-0.047,0.028,1.003,0.000,0.305,0.244,-58.491,267.620,173.235,0.9947,0.0080,-0.0243,-0.0998,0.10,0.10,0.048,2.9,96038.1,0.00,0.000,0.000,2
359884,-0.047,0.030,1.005,-0.061,0.244,0.244,-58.491,267.620,173.235,0.9947,0.0082,-0.0249,-0.0995,0.01,0.01,0.063,3.0,96043.2,0.00,0.000,0.000,2
360084,-0.048,0.031,1.003,-0.061,0.183,0.244,-58.491,267.620,173.235,0.9946,0.0091,-0.0269,-0.0993,-0.04,-0.03,0.049,3.3,96037.5,0.00,0.000,0.000,2
360284,-0.048,0.030,1.005,-0.061,0.183,0.244,-58.491,267.620,173.235,0.9946,0.0083,-0.0268,-0.0998,-0.08,-0.04,0.063,3.2,96036.7,0.00,0.000,0.000,2
360484,-0.047,0.032,1.001,-0.061,0.305,0.122,-58.491,267.620,173.235,0.9946,0.0109,-0.0283,-0.0996,-0.10,-0.05,0.025,3.5,96041.0,0.00,0.000,0.000,2
360684,-0.048,0.030,1.000,0.000,0.366,0.244,-58.491,267.620,173.235,0.9947,0.0083,-0.0262,-0.0995,-0.13,-0.06,0.011,3.2,96038.9,0.00,0.000,0.000,2
360884,-0.049,0.031,1.001,-0.061,0.122,0.183,-58.491,267.620,173.235,0.9946,0.0084,-0.0270,-0.0995,-0.19,-0.09,0.030,3.2,96038.8,0.00,0.000,0.000,2
361084,-0.048,0.030,1.000,-0.061,0.244,0.122,-58.491,267.620,173.235,0.9946,0.0090,-0.0273,-0.0996,-0.25,-0.12,0.020,3.3,96038.2,0.00,0.000,0.000,2
361284,-0.047,0.028,1.003,-0.061,0.122,0.183,-58.491,267.620,173.235,0.9947,0.0081,-0.0249,-0.0998,-0.17,-0.02,0.043,3.0,96038.3,0.00,0.000,0.000,2
361484,-0.047,0.030,1.003,-0.122,0.183,0.183,-58.491,267.620,173.235,0.9947,0.0084,-0.0247,-0.0993,-0.11,0.04,0.044,3.0,96036.1,0.00,0.000,0.000,2
361684,-0.046,0.030,1.002,0.000,0.244,0.244,-58.491,267.620,173.235,0.9947,0.0082,-0.0240,-0.0996,-0.11,0.04,0.038,2.9,96044.5,0.00,0.000,0.000,2
361884,-0.049,0.030,1.000,-0.122,0.305,0.244,-58.491,267.620,173.235,0.9947,0.0089,-0.0267,-0.0994,0.01,0.14,0.016,3.2,96034.0,0.00,0.000,0.000,2
362084,-0.049,0.031,1.004,-0.061,0.183,0.244,-58.491,267.620,173.235,0.9947,0.0089,-0.0267,-0.0992,0.07,0.18,0.059,3.2,96034.0,0.00,0.000,0.000,2
362284,-0.049,0.031,1.002,-0.122,0.244,0.183,-58.491,267.620,173.235,0.9947,0.0086,-0.0264,-0.0993,0.07,0.15,0.040,3.2,96036.1,0.00,0.000,0.000,2
362484,-0.046,0.030,1.005,-0.122,0.305,0.183,-76.216,262.186,161.876,0.9935,0.0186,-0.0241,-0.1097,0.06,0.13,0.062,3.5,96034.0,0.00,0.000,0.000,2
362684,-0.047,0.030,1.000,0.000,0.244,0.305,-76.216,262.186,161.876,0.9904,0.0084,-0.0263,-0.1352,0.13,0.17,0.020,3.2,96034.0,0.00,0.000,0.000,2
362884,-0.048,0.030,1.002,0.000,0.244,0.244,-76.216,262.186,161.876,0.9905,0.0086,-0.0248,-0.1351,0.13,0.14,0.039,3.0,96033.3,0.00,0.000,0.000,2
363084,-0.047,0.032,1.002,-0.061,0.305,0.305,-76.216,262.186,161.876,0.9904,0.0104,-0.0273,-0.1349,0.05,0.06,0.040,3.4,96040.3,0.00,0.000,0.000,2
363284,-0.049,0.031,0.999,-0.061,0.305,0.183,-76.216,262.186,161.876,0.9904,0.0098,-0.0286,-0.1352,0.02,0.03,0.002,3.5,96036.7,0.00,0.000,0.000,2
363484,-0.046,0.031,1.001,-0.061,0.122,0.244,-76.216,262.186,161.876,0.9905,0.0089,-0.0245,-0.1349,0.00,0.02,0.024,3.0,96038.2,0.00,0.000,0.000,2
363684,-0.048,0.031,1.003,-0.122,0.244,0.183,-76.216,262.186,161.876,0.9905,0.0089,-0.0267,-0.1348,-0.03,-0.01,0.045,3.2,96041.7,0.00,0.000,0.000,2
363884,-0.048,0.032,1.003,-0.061,0.183,0.183,-76.216,262.186,161.876,0.9904,0.0100,-0.0276,-0.1349,-0.04,-0.01,0.045,3.4,96039.8,0.00,0.000,0.000,2
364084,-0.047,0.032,1.001,0.000,0.122,0.305,-76.216,262.186,161.876,0.9904,0.0100,-0.0275,-0.1351,-0.05,-0.01,0.025,3.4,96036.9,0.00,0.000,0.000,2
364284,-0.048,0.031,1.001,0.000,0.244,0.183,-76.216,262.186,161.876,0.9904,0.0096,-0.0268,-0.1351,-0.04,0.00,0.030,3.3,96034.7,0.00,0.000,0.000,2
364484,-0.047,0.031,1.005,0.000,0.366,0.183,-76.216,262.186,161.876,0.9905,0.0088,-0.0261,-0.1346,-0.04,0.01,0.063,3.2,96034.1,0.00,0.000,0.000,2
364684,-0.047,0.031,1.001,-0.061,0.183,0.305,-76.216,262.186,161.876,0.9905,0.0090,-0.0240,-0.1351,0.01,0.06,0.025,2.9,96036.2,0.00,0.000,0.000,2
364884,-0.047,0.030,1.003,0.000,0.122,0.183,-76.216,262.186,161.876,0.9905,0.0084,-0.0252,-0.1349,0.02,0.07,0.044,3.0,96034.8,0.00,0.000,0.000,2
365084,-0.049,0.032,1.002,-0.061,0.244,0.244,-76.216,262.186,161.876,0.9905,0.0093,-0.0256,-0.1349,0.05,0.09,0.036,3.1,96039.1,0.00,0.000,0.000,2
365284,-0.047,0.033,1.003,0.000,0.183,0.305,-76.216,262.186,161.876,0.9905,0.0103,-0.0265,-0.1346,0.10,0.12,0.050,3.3,96032.6,0.00,0.000,0.000,2
365484,-0.049,0.030,1.001,-0.122,0.183,0.244,-76.216,262.186,161.876,0.9903,0.0097,-0.0284,-0.1354,0.09,0.10,0.026,3.4,96037.6,0.00,0.000,0.000,2
365684,-0.048,0.030,1.004,-0.122,0.305,0.244,-76.216,262.186,161.876,0.9901,0.0138,-0.0269,-0.1367,0.07,0.07,0.058,3.5,96037.7,0.00,0.000,0.000,2
365884,-0.048,0.031,1.002,0.000,0.244,0.244,-76.216,262.186,161.876,0.9902,0.0151,-0.0251,-0.1366,0.01,0.01,0.040,3.4,96041.9,0.00,0.000,0.000,2
366084,-0.046,0.031,1.007,-0.061,0.244,0.244,-76.216,262.186,161.876,0.9902,0.0151,-0.0247,-0.1367,0.07,0.07,0.082,3.3,96033.4,0.00,0.000,0.000,2
366284,-0.047,0.031,1.000,0.000,0.183,0.183,-76.216,262.186,161.876,0.9902,0.0147,-0.0245,-0.1367,0.15,0.13,0.011,3.3,96032.8,0.00,0.000,0.000,2
366484,-0.050,0.030,1.004,-0.183,0.244,0.183,-60.264,271.695,181.755,0.9941,0.0162,-0.0251,-0.1045,0.24,0.20,0.055,3.4,96029.9,0.00,0.000,0.000,2
366684,-0.047,0.030,1.002,0.000,0.305,0.122,-60.264,271.695,181.755,0.9942,0.0163,-0.0245,-0.1031,0.29,0.21,0.039,3.4,96029.9,0.00,0.000,0.000,2
366884,-0.049,0.030,1.003,0.000,0.305,0.183,-60.264,271.695,181.755,0.9942,0.0163,-0.0258,-0.1032,0.30,0.19,0.045,3.5,96029.1,0.00,0.000,0.000,2
367084,-0.046,0.031,1.001,-0.061,0.305,0.244,-60.264,271.695,181.755,0.9943,0.0164,-0.0236,-0.1027,0.26,0.13,0.024,3.3,96036.9,0.00,0.000,0.000,2
367284,-0.048,0.031,1.003,-0.061,0.244,0.183,-60.264,271.695,181.755,0.9942,0.0160,-0.0258,-0.1032,0.14,0.01,0.045,3.5,96035.5,0.00,0.000,0.000,2
367484,-0.050,0.030,1.003,-0.061,0.183,0.122,-60.264,271.695,181.755,0.9942,0.0165,-0.0259,-0.1031,0.10,-0.02,0.050,3.5,96035.4,0.00,0.000,0.000,2
367684,-0.046,0.030,1.002,-0.061,0.244,0.244,-60.264,271.695,181.755,0.9943,0.0157,-0.0234,-0.1031,0.05,-0.05,0.039,3.2,96038.3,0.00,0.000,0.000,2
367884,-0.050,0.030,1.004,-0.061,0.244,0.244,-60.264,271.695,181.755,0.9942,0.0164,-0.0257,-0.1033,0.04,-0.04,0.055,3.5,96032.7,0.00,0.000,0.000,2
368084,-0.048,0.030,1.002,-0.061,0.305,0.305,-60.264,271.695,181.755,0.9942,0.0163,-0.0259,-0.1032,0.15,0.06,0.035,3.5,96031.9,0.00,0.000,0.000,2
368284,-0.047,0.031,1.003,-0.061,0.122,0.183,-60.264,271.695,181.755,0.9942,0.0162,-0.0244,-0.1030,0.20,0.10,0.044,3.4,96035.5,0.00,0.000,0.000,2
368484,-0.048,0.033,1.002,-0.122,0.244,0.244,-46.084,268.978,147.676,0.9967,0.0093,-0.0264,-0.0766,0.24,0.12,0.040,3.2,96028.4,0.00,0.000,0.000,2
368684,-0.049,0.030,1.002,-0.061,0.183,0.244,-46.084,268.978,147.676,0.9966,0.0088,-0.0268,-0.0770,0.22,0.09,0.040,3.2,96033.4,0.00,0.000,0.000,2
368884,-0.048,0.031,1.000,0.000,0.183,0.244,-46.084,268.978,147.676,0.9967,0.0088,-0.0263,-0.0769,0.12,-0.01,0.020,3.2,96037.7,0.00,0.000,0.000,2
369084,-0.048,0.029,1.002,-0.061,0.305,0.122,-46.084,268.978,147.676,0.9967,0.0085,-0.0250,-0.0770,0.04,-0.07,0.034,3.0,96037.0,0.00,0.000,0.000,2
369284,-0.049,0.032,1.003,-0.061,0.305,0.183,-46.084,268.978,147.676,0.9967,0.0089,-0.0259,-0.0766,-0.04,-0.12,0.050,3.1,96038.4,0.00,0.000,0.000,2
369484,-0.048,0.030,1.002,-0.122,0.244,0.183,-46.084,268.978,147.676,0.9967,0.0086,-0.0254,-0.0771,-0.10,-0.14,0.039,3.1,96036.9,0.00,0.000,0.000,2
369684,-0.047,0.031,1.001,-0.183,0.244,0.183,-46.084,268.978,147.676,0.9967,0.0086,-0.0258,-0.0769,-0.15,-0.15,0.025,3.1,96037.7,0.00,0.000,0.000,2
369884,-0.048,0.030,1.003,-0.061,0.183,0.122,-46.084,268.978,147.676,0.9967,0.0088,-0.0259,-0.0767,-0.15,-0.12,0.044,3.1,96031.9,0.00,0.000,0.000,2
370084,-0.049,0.031,1.005,0.000,0.244,0.244,-46.084,268.978,147.676,0.9967,0.0089,-0.0236,-0.0769,-0.12,-0.06,0.064,2.9,96041.1,0.00,0.000,0.000,2
370284,-0.047,0.030,1.003,-0.061,0.244,0.183,-46.084,268.978,147.676,0.9967,0.0093,-0.0221,-0.0773,-0.11,-0.04,0.044,2.7,96039.1,0.00,0.000,0.000,2
370484,-0.049,0.031,1.002,0.000,0.183,0.244,-46.084,268.978,147.676,0.9966,0.0099,-0.0279,-0.0771,-0.12,-0.03,0.035,3.4,96036.3,0.00,0.000,0.000,2
370684,-0.049,0.032,1.002,-0.061,0.366,0.122,-46.084,268.978,147.676,0.9967,0.0087,-0.0253,-0.0766,-0.10,-0.01,0.035,3.1,96032.7,0.00,0.000,0.000,2
370884,-0.049,0.029,1.005,0.000,0.183,0.244,-46.084,268.978,147.676,0.9967,0.0084,-0.0255,-0.0772,-0.02,0.07,0.063,3.1,96032.1,0.00,0.000,0.000,2
371084,-0.047,0.032,1.002,-0.061,0.244,0.244,-46.084,268.978,147.676,0.9967,0.0093,-0.0234,-0.0767,0.03,0.11,0.039,2.9,96033.4,0.00,0.000,0.000,2
371284,-0.049,0.031,1.003,-0.061,0.183,0.122,-46.084,268.978,147.676,0.9967,0.0087,-0.0258,-0.0766,0.10,0.15,0.045,3.1,96034.9,0.00,0.000,0.000,2
371484,-0.047,0.030,1.002,-0.061,0.183,0.244,-46.084,268.978,147.676,0.9967,0.0089,-0.0250,-0.0769,0.06,0.10,0.039,3.0,96039.1,0.00,0.000,0.000,2
371684,-0.048,0.032,1.003,-0.061,0.183,0.183,-46.084,268.978,147.676,0.9967,0.0095,-0.0263,-0.0763,0.09,0.12,0.050,3.2,96037.7,0.00,0.000,0.000,2
371884,-0.049,0.029,1.001,-0.122,0.183,0.244,-46.084,268.978,147.676,0.9966,0.0087,-0.0269,-0.0774,0.07,0.09,0.030,3.2,96041.2,0.00,0.000,0.000,2
372084,-0.047,0.032,1.004,-0.061,0.122,0.244,-46.084,268.978,147.676,0.9967,0.0088,-0.0231,-0.0767,0.02,0.04,0.054,2.8,96032.0,0.00,0.000,0.000,2
372284,-0.048,0.030,1.003,0.061,0.244,0.305,-72.671,278.488,156.196,0.9953,0.0181,-0.0251,-0.0916,0.02,0.04,0.044,3.5,96036.3,0.00,0.000,0.000,2
372484,-0.048,0.030,1.000,-0.061,0.183,0.244,-72.671,278.488,156.196,0.9920,0.0155,-0.0255,-0.1230,-0.00,0.02,0.015,3.4,96030.7,0.00,0.000,0.000,2
372684,-0.046,0.029,1.003,-0.122,0.122,0.244,-72.671,278.488,156.196,0.9920,0.0150,-0.0240,-0.1233,-0.02,0.02,0.048,3.2,96037.0,0.00,0.000,0.000,2
372884,-0.047,0.031,1.004,-0.122,0.244,0.244,-72.671,278.488,156.196,0.9920,0.0152,-0.0244,-0.1233,-0.11,-0.06,0.054,3.3,96035.6,0.00,0.000,0.000,2
373084,-0.047,0.030,1.002,-0.061,0.183,0.305,-72.671,278.488,156.196,0.9920,0.0148,-0.0237,-0.1232,-0.12,-0.05,0.034,3.2,96033.5,0.00,0.000,0.000,2
373284,-0.050,0.030,1.000,-0.122,0.244,0.244,-72.671,278.488,156.196,0.9919,0.0149,-0.0268,-0.1232,-0.05,0.03,0.021,3.5,96036.3,0.00,0.000,0.000,2
373484,-0.049,0.033,1.004,-0.061,0.244,0.244,-72.671,278.488,156.196,0.9919,0.0155,-0.0265,-0.1230,-0.07,0.01,0.055,3.5,96037.7,0.00,0.000,0.000,2
373684,-0.047,0.031,1.001,-0.061,0.305,0.244,-72.671,278.488,156.196,0.9920,0.0159,-0.0244,-0.1229,-0.06,0.02,0.030,3.3,96034.9,0.00,0.000,0.000,2
373884,-0.047,0.031,1.000,-0.061,0.305,0.122,-72.671,278.488,156.196,0.9920,0.0153,-0.0246,-0.1232,-0.02,0.06,0.020,3.3,96035.6,0.00,0.000,0.000,2
374084,-0.048,0.030,1.004,-0.122,0.244,0.183,-72.671,278.488,156.196,0.9920,0.0148,-0.0240,-0.1232,0.04,0.11,0.059,3.2,96035.7,0.00,0.000,0.000,2
374284,-0.048,0.032,1.002,-0.061,0.305,0.244,-60.264,271.695,170.395,0.9942,0.0161,-0.0246,-0.1036,0.07,0.12,0.040,3.4,96034.2,0.00,0.000,0.000,2
374484,-0.047,0.030,1.003,-0.061,0.244,0.183,-60.264,271.695,170.395,0.9942,0.0162,-0.0241,-0.1035,0.11,0.14,0.049,3.3,96034.9,0.00,0.000,0.000,2
374684,-0.048,0.029,1.002,0.000,0.244,0.305,-60.264,271.695,170.395,0.9941,0.0157,-0.0257,-0.1038,0.18,0.19,0.034,3.4,96032.9,0.00,0.000,0.000,2
374884,-0.046,0.032,1.005,-0.061,0.183,0.183,-60.264,271.695,170.395,0.9942,0.0164,-0.0244,-0.1033,0.18,0.16,0.063,3.4,96034.2,0.00,0.000,0.000,2
375084,-0.047,0.030,1.001,-0.061,0.183,0.244,-60.264,271.695,170.395,0.9942,0.0165,-0.0245,-0.1034,0.18,0.14,0.029,3.4,96032.1,0.00,0.000,0.000,2
375284,-0.047,0.030,1.004,-0.061,0.244,0.244,-60.264,271.695,170.395,0.9942,0.0163,-0.0248,-0.1035,0.27,0.20,0.053,3.4,96029.2,0.00,0.000,0.000,2
375484,-0.047,0.031,1.000,-0.061,0.305,0.183,-60.264,271.695,170.395,0.9942,0.0161,-0.0251,-0.1036,0.21,0.12,0.015,3.4,96038.3,0.00,0.000,0.000,2
375684,-0.049,0.029,1.002,-0.061,0.183,0.244,-60.264,271.695,170.395,0.9942,0.0162,-0.0252,-0.1038,0.16,0.06,0.035,3.4,96034.2,0.00,0.000,0.000,2
375884,-0.049,0.029,1.002,-0.122,0.305,0.183,-60.264,271.695,170.395,0.9942,0.0162,-0.0251,-0.1037,0.09,0.00,0.039,3.4,96036.3,0.00,0.000,0.000,2
376084,-0.047,0.033,1.000,-0.061,0.366,0.183,-60.264,271.695,170.395,0.9942,0.0166,-0.0246,-0.1032,0.05,-0.03,0.011,3.4,96037.0,0.00,0.000,0.000,2
376284,-0.047,0.029,1.001,0.000,0.244,0.244,-60.264,271.695,170.395,0.9942,0.0159,-0.0251,-0.1038,-0.09,-0.13,0.024,3.4,96042.0,0.00,0.000,0.000,2
376484,-0.048,0.030,1.001,0.000,0.244,0.183,-60.264,271.695,170.395,0.9942,0.0156,-0.0249,-0.1038,-0.09,-0.10,0.025,3.4,96033.6,0.00,0.000,0.000,2
376684,-0.047,0.031,1.002,-0.061,0.244,0.244,-60.264,271.695,170.395,0.9942,0.0164,-0.0247,-0.1035,-0.12,-0.11,0.035,3.4,96039.8,0.00,0.000,0.000,2
376884,-0.048,0.031,0.999,-0.061,0.305,0.244,-60.264,271.695,170.395,0.9942,0.0164,-0.0242,-0.1035,-0.11,-0.08,0.001,3.4,96036.3,0.00,0.000,0.000,2
377084,-0.046,0.028,1.001,-0.061,0.183,0.183,-60.264,271.695,170.395,0.9944,0.0133,-0.0215,-0.1030,-0.11,-0.05,0.029,2.9,96037.8,0.00,0.000,0.000,2
377284,-0.047,0.029,0.999,-0.122,0.244,0.305,-60.264,271.695,170.395,0.9945,0.0083,-0.0250,-0.1013,-0.06,0.00,0.005,3.0,96034.2,0.00,0.000,0.000,2
377484,-0.049,0.032,1.000,-0.061,0.305,0.244,-60.264,271.695,170.395,0.9945,0.0090,-0.0272,-0.1011,0.03,0.08,0.021,3.3,96039.2,0.00,0.000,0.000,2
377684,-0.047,0.032,1.004,-0.122,0.244,0.244,-60.264,271.695,170.395,0.9945,0.0089,-0.0252,-0.1009,0.14,0.18,0.059,3.1,96031.4,0.00,0.000,0.000,2
377884,-0.049,0.031,1.002,-0.061,0.305,0.122,-60.264,271.695,170.395,0.9945,0.0089,-0.0264,-0.1009,0.24,0.23,0.035,3.2,96030.7,0.00,0.000,0.000,2
378084,-0.047,0.032,1.002,-0.061,0.366,0.244,-60.264,271.695,170.395,0.9945,0.0091,-0.0263,-0.1010,0.29,0.25,0.035,3.2,96033.6,0.00,0.000,0.000,2
378284,-0.048,0.029,1.005,0.000,0.244,0.183,-60.264,271.695,170.395,0.9945,0.0087,-0.0261,-0.1012,0.26,0.18,0.063,3.2,96032.2,0.00,0.000,0.000,2
378484,-0.045,0.031,1.003,-0.061,0.183,0.244,-60.264,271.695,170.395,0.9945,0.0091,-0.0226,-0.1014,0.22,0.12,0.043,2.8,96035.8,0.00,0.000,0.000,2
378684,-0.049,0.030,1.005,0.000,0.244,0.183,-60.264,271.695,170.395,0.9944,0.0086,-0.0272,-0.1015,0.15,0.06,0.068,3.3,96034.9,0.00,0.000,0.000,2
378884,-0.048,0.033,1.002,-0.061,0.183,0.183,-60.264,271.695,170.395,0.9945,0.0089,-0.0258,-0.1009,0.12,0.02,0.040,3.1,96032.2,0.00,0.000,0.000,2
379084,-0.048,0.031,1.002,0.000,0.305,0.305,-60.264,271.695,170.395,0.9944,0.0095,-0.0277,-0.1013,0.08,-0.01,0.035,3.4,96036.4,0.00,0.000,0.000,2
379284,-0.049,0.032,1.000,-0.061,0.183,0.305,-60.264,271.695,170.395,0.9944,0.0098,-0.0284,-0.1014,0.04,-0.03,0.021,3.4,96031.5,0.00,0.000,0.000,2
379484,-0.046,0.031,1.005,0.000,0.183,0.305,-60.264,271.695,170.395,0.9945,0.0095,-0.0226,-0.1014,0.03,-0.02,0.063,2.8,96036.4,0.00,0.000,0.000,2
379684,-0.048,0.030,1.002,-0.122,0.305,0.305,-60.264,271.695,170.395,0.9945,0.0085,-0.0266,-0.1013,-0.08,-0.10,0.039,3.2,96038.5,0.00,0.000,0.000,2
379884,-0.048,0.031,1.002,-0.122,0.305,0.183,-60.264,271.695,170.395,0.9945,0.0086,-0.0260,-0.1011,-0.10,-0.10,0.040,3.1,96033.6,0.00,0.000,0.000,2
380084,-0.047,0.030,1.002,-0.061,0.183,0.183,-60.264,271.695,170.395,0.9945,0.0083,-0.0253,-0.1012,-0.09,-0.06,0.039,3.1,96034.9,0.00,0.000,0.000,2
380284,-0.048,0.031,1.003,-0.061,0.183,0.244,-60.264,271.695,170.395,0.9945,0.0082,-0.0257,-0.1013,-0.07,-0.03,0.049,3.1,96033.5,0.00,0.000,0.000,2
380484,-0.049,0.031,1.002,-0.061,0.244,0.244,-60.264,271.695,170.395,0.9945,0.0084,-0.0268,-0.1014,-0.03,0.02,0.035,3.2,96036.4,0.00,0.000,0.000,2
380684,-0.050,0.029,1.004,-0.061,0.305,0.244,-60.264,271.695,170.395,0.9944,0.0084,-0.0271,-0.1015,-0.07,-0.01,0.059,3.2,96034.3,0.00,0.000,0.000,2
380884,-0.048,0.030,1.002,-0.122,0.305,0.244,-60.264,271.695,170.395,0.9944,0.0089,-0.0270,-0.1013,-0.09,-0.02,0.035,3.3,96037.1,0.00,0.000,0.000,2
381084,-0.048,0.030,1.005,-0.061,0.244,0.183,-60.264,271.695,170.395,0.9945,0.0082,-0.0256,-0.1014,-0.12,-0.04,0.063,3.1,96038.5,0.00,0.000,0.000,2
381284,-0.048,0.030,1.005,0.000,0.183,0.183,-60.264,271.695,170.395,0.9945,0.0084,-0.0249,-0.1013,-0.13,-0.02,0.068,3.0,96034.4,0.00,0.000,0.000,2
381484,-0.048,0.031,1.004,0.000,0.244,0.244,-60.264,271.695,170.395,0.9945,0.0087,-0.0258,-0.1011,-0.08,0.03,0.059,3.1,96036.4,0.00,0.000,0.000,2
381684,-0.050,0.031,1.002,0.000,0.183,0.244,-60.264,271.695,170.395,0.9945,0.0081,-0.0268,-0.1013,-0.05,0.05,0.040,3.2,96039.2,0.00,0.000,0.000,2
381884,-0.048,0.030,1.004,-0.061,0.305,0.183,-60.264,271.695,170.395,0.9945,0.0083,-0.0252,-0.1014,-0.04,0.06,0.058,3.0,96039.1,0.00,0.000,0.000,2
382084,-0.045,0.034,0.997,0.000,0.244,0.183,-63.809,277.129,153.356,0.9941,0.0112,-0.0222,-0.1057,0.04,0.12,-0.018,2.8,96037.8,0.00,0.000,0.000,2
382284,-0.045,0.032,1.001,0.000,0.244,0.183,-63.809,277.129,153.356,0.9939,0.0141,-0.0213,-0.1073,0.09,0.14,0.024,2.9,96037.0,0.00,0.000,0.000,2
382484,-0.048,0.031,1.003,-0.061,0.183,0.244,-63.809,277.129,153.356,0.9937,0.0164,-0.0271,-0.1078,0.08,0.12,0.045,3.6,96037.1,0.00,0.000,0.000,2
382684,-0.048,0.030,1.001,-0.122,0.244,0.305,-63.809,277.129,153.356,0.9936,0.0158,-0.0254,-0.1085,0.08,0.11,0.025,3.4,96037.1,0.00,0.000,0.000,2
382884,-0.046,0.031,1.003,-0.122,0.244,0.244,-63.809,277.129,153.356,0.9937,0.0157,-0.0236,-0.1084,0.03,0.05,0.049,3.2,96039.9,0.00,0.000,0.000,2
383084,-0.049,0.031,1.004,-0.122,0.305,0.183,-63.809,277.129,153.356,0.9937,0.0162,-0.0256,-0.1083,0.05,0.07,0.059,3.5,96031.5,0.00,0.000,0.000,2
383284,-0.049,0.032,1.001,-0.061,0.122,0.244,-63.809,277.129,153.356,0.9937,0.0170,-0.0255,-0.1079,0.07,0.08,0.026,3.5,96033.6,0.00,0.000,0.000,2
383484,-0.050,0.030,1.005,-0.061,0.122,0.244,-63.809,277.129,153.356,0.9936,0.0157,-0.0274,-0.1081,0.06,0.07,0.064,3.6,96037.8,0.00,0.000,0.000,2
383684,-0.048,0.032,1.001,-0.061,0.244,0.244,-63.809,277.129,153.356,0.9937,0.0162,-0.0255,-0.1082,0.07,0.08,0.026,3.5,96030.8,0.00,0.000,0.000,2
383884,-0.047,0.029,1.001,0.000,0.244,0.244,-63.809,279.846,147.676,0.9938,0.0156,-0.0235,-0.1077,0.13,0.12,0.029,3.2,96030.7,0.00,0.000,0.000,2
384084,-0.050,0.031,1.000,-0.061,0.183,0.183,-63.809,279.846,147.676,0.9937,0.0164,-0.0260,-0.1075,0.16,0.14,0.017,3.5,96032.2,0.00,0.000,0.000,2
384284,-0.048,0.030,1.000,-0.183,0.183,0.244,-63.809,279.846,147.676,0.9937,0.0162,-0.0260,-0.1074,0.17,0.12,0.016,3.5,96033.6,0.00,0.000,0.000,2
384484,-0.050,0.030,1.006,-0.122,0.183,0.183,-63.809,279.846,147.676,0.9937,0.0160,-0.0267,-0.1075,0.09,0.04,0.074,3.6,96038.5,0.00,0.000,0.000,2
384684,-0.049,0.032,1.005,0.000,0.244,0.183,-63.809,279.846,147.676,0.9938,0.0163,-0.0261,-0.1072,0.05,0.01,0.069,3.5,96031.5,0.00,0.000,0.000,2
384884,-0.049,0.032,1.003,-0.061,0.122,0.244,-63.809,279.846,147.676,0.9938,0.0165,-0.0254,-0.1074,0.05,0.02,0.045,3.5,96037.3,0.00,0.000,0.000,2
385084,-0.047,0.033,1.001,-0.122,0.244,0.244,-63.809,279.846,147.676,0.9938,0.0164,-0.0247,-0.1073,0.02,-0.00,0.026,3.4,96039.2,0.00,0.000,0.000,2
385284,-0.047,0.030,1.002,-0.061,0.305,0.305,-63.809,279.846,147.676,0.9937,0.0157,-0.0254,-0.1076,0.00,-0.01,0.034,3.4,96035.8,0.00,0.000,0.000,2
385484,-0.048,0.032,1.002,0.000,0.122,0.244,-63.809,279.846,147.676,0.9938,0.0166,-0.0253,-0.1074,-0.03,-0.03,0.040,3.5,96037.1,0.00,0.000,0.000,2
385684,-0.048,0.033,1.005,-0.061,0.244,0.244,-63.809,279.846,147.676,0.9938,0.0164,-0.0242,-0.1074,-0.07,-0.05,0.064,3.3,96038.7,0.00,0.000,0.000,2
385884,-0.048,0.031,1.002,0.000,0.305,0.183,-53.174,268.978,147.676,0.9955,0.0092,-0.0266,-0.0900,-0.08,-0.04,0.039,3.2,96037.1,0.00,0.000,0.000,2
386084,-0.047,0.029,1.000,0.061,0.183,0.122,-53.174,268.978,147.676,0.9956,0.0083,-0.0241,-0.0904,-0.01,0.03,0.019,2.9,96035.2,0.00,0.000,0.000,2
386284,-0.048,0.030,1.002,0.000,0.305,0.183,-53.174,268.978,147.676,0.9956,0.0084,-0.0260,-0.0901,0.03,0.07,0.034,3.1,96035.9,0.00,0.000,0.000,2
386484,-0.047,0.031,1.002,-0.061,0.183,0.183,-53.174,268.978,147.676,0.9956,0.0086,-0.0251,-0.0900,-0.02,0.02,0.039,3.0,96038.0,0.00,0.000,0.000,2
386684,-0.047,0.032,1.002,-0.061,0.244,0.244,-53.174,268.978,147.676,0.9956,0.0089,-0.0249,-0.0897,-0.03,0.01,0.035,3.0,96035.9,0.00,0.000,0.000,2
386884,-0.047,0.031,1.003,-0.061,0.122,0.183,-53.174,268.978,147.676,0.9956,0.0087,-0.0243,-0.0899,-0.05,-0.00,0.048,3.0,96040.8,0.00,0.000,0.000,2
387084,-0.048,0.030,1.005,-0.061,0.305,0.183,-53.174,268.978,147.676,0.9956,0.0083,-0.0252,-0.0903,-0.08,-0.02,0.063,3.0,96039.4,0.00,0.000,0.000,2
387284,-0.048,0.030,1.001,0.000,0.183,0.244,-53.174,268.978,147.676,0.9955,0.0085,-0.0261,-0.0903,-0.09,-0.02,0.025,3.1,96034.4,0.00,0.000,0.000,2
387484,-0.049,0.028,1.001,-0.061,0.244,0.183,-53.174,268.978,147.676,0.9955,0.0083,-0.0261,-0.0905,-0.13,-0.04,0.030,3.1,96038.0,0.00,0.000,0.000,2
387684,-0.047,0.031,1.001,-0.061,0.244,0.122,-53.174,268.978,147.676,0.9956,0.0095,-0.0224,-0.0902,-0.12,-0.02,0.029,2.8,96036.5,0.00,0.000,0.000,2
387884,-0.048,0.030,1.001,0.000,0.183,0.183,-53.174,268.978,147.676,0.9956,0.0084,-0.0254,-0.0902,-0.09,0.01,0.025,3.1,96036.6,0.00,0.000,0.000,2
388084,-0.049,0.030,1.001,-0.061,0.183,0.244,-53.174,268.978,147.676,0.9955,0.0094,-0.0274,-0.0902,-0.03,0.07,0.026,3.3,96033.0,0.00,0.000,0.000,2
388284,-0.048,0.032,1.002,-0.061,0.366,0.183,-53.174,268.978,147.676,0.9956,0.0086,-0.0255,-0.0899,-0.03,0.07,0.035,3.1,96037.3,0.00,0.000,0.000,2
388484,-0.048,0.032,1.005,-0.061,0.183,0.305,-53.174,268.978,147.676,0.9956,0.0088,-0.0248,-0.0900,-0.02,0.07,0.068,3.0,96036.0,0.00,0.000,0.000,2
388684,-0.048,0.030,1.006,-0.061,0.244,0.244,-53.174,268.978,147.676,0.9956,0.0086,-0.0257,-0.0902,0.00,0.09,0.073,3.1,96036.6,0.00,0.000,0.000,2
388884,-0.049,0.032,1.003,-0.122,0.305,0.122,-53.174,268.978,147.676,0.9956,0.0086,-0.0247,-0.0899,0.04,0.11,0.045,3.0,96036.0,0.00,0.000,0.000,2
389084,-0.048,0.032,1.004,0.000,0.122,0.244,-53.174,268.978,147.676,0.9955,0.0101,-0.0281,-0.0900,0.09,0.14,0.054,3.4,96033.2,0.00,0.000,0.000,2
389284,-0.048,0.031,1.005,-0.122,0.183,0.122,-53.174,268.978,147.676,0.9956,0.0091,-0.0263,-0.0898,0.10,0.14,0.063,3.2,96036.0,0.00,0.000,0.000,2
389484,-0.047,0.030,1.001,-0.183,0.122,0.244,-53.174,268.978,147.676,0.9955,0.0087,-0.0263,-0.0901,0.08,0.10,0.025,3.2,96036.6,0.00,0.000,0.000,2
389684,-0.050,0.029,1.001,-0.061,0.183,0.244,-53.174,268.978,147.676,0.9955,0.0092,-0.0273,-0.0902,0.07,0.09,0.026,3.3,96036.1,0.00,0.000,0.000,2
389884,-0.048,0.031,1.002,0.000,0.305,0.244,-53.174,268.978,147.676,0.9956,0.0083,-0.0251,-0.0902,0.05,0.07,0.035,3.0,96038.9,0.00,0.000,0.000,2
390084,-0.048,0.031,1.001,0.000,0.183,0.183,-53.174,268.978,147.676,0.9956,0.0085,-0.0250,-0.0900,0.06,0.07,0.025,3.0,96037.4,0.00,0.000,0.000,2
390284,-0.048,0.032,1.005,0.000,0.305,0.183,-53.174,268.978,147.676,0.9956,0.0091,-0.0259,-0.0897,0.02,0.03,0.064,3.1,96038.1,0.00,0.000,0.000,2
390484,-0.048,0.031,1.001,-0.122,0.305,0.183,-53.174,268.978,147.676,0.9956,0.0085,-0.0248,-0.0900,0.06,0.07,0.030,3.0,96038.1,0.00,0.000,0.000,2
390684,-0.049,0.030,1.002,-0.122,0.183,0.305,-53.174,268.978,147.676,0.9956,0.0084,-0.0256,-0.0902,0.11,0.11,0.040,3.1,96033.9,0.00,0.000,0.000,2
390884,-0.050,0.032,0.999,-0.122,0.244,0.183,-53.174,268.978,147.676,0.9956,0.0087,-0.0259,-0.0898,0.14,0.12,0.007,3.1,96034.0,0.00,0.000,0.000,2
391084,-0.049,0.030,1.005,-0.061,0.183,0.183,-53.174,268.978,147.676,0.9955,0.0085,-0.0267,-0.0903,0.14,0.11,0.063,3.2,96033.2,0.00,0.000,0.000,2
391284,-0.049,0.032,1.001,-0.061,0.183,0.244,-53.174,268.978,147.676,0.9956,0.0090,-0.0269,-0.0898,0.11,0.07,0.026,3.3,96036.8,0.00,0.000,0.000,2
391484,-0.049,0.033,1.000,0.000,0.183,0.122,-53.174,268.978,147.676,0.9955,0.0104,-0.0284,-0.0900,0.05,0.01,0.017,3.5,96038.9,0.00,0.000,0.000,2
391684,-0.048,0.028,1.004,-0.122,0.305,0.244,-62.036,273.054,178.915,0.9942,0.0078,-0.0248,-0.1045,0.02,-0.01,0.058,3.0,96034.5,0.00,0.000,0.000,2
391884,-0.048,0.029,1.000,-0.061,0.244,0.183,-62.036,273.054,178.915,0.9942,0.0082,-0.0262,-0.1039,0.03,0.01,0.010,3.1,96037.4,0.00,0.000,0.000,2
392084,-0.049,0.030,1.000,-0.122,0.366,0.244,-62.036,273.054,178.915,0.9942,0.0086,-0.0259,-0.1036,-0.01,-0.03,0.011,3.1,96037.4,0.00,0.000,0.000,2
392284,-0.049,0.031,1.002,-0.122,0.183,0.305,-62.036,273.054,178.915,0.9942,0.0089,-0.0275,-0.1037,-0.07,-0.06,0.035,3.3,96041.0,0.00,0.000,0.000,2
392484,-0.052,0.032,1.000,-0.061,0.244,0.244,-62.036,273.054,178.915,0.9942,0.0096,-0.0290,-0.1035,-0.05,-0.02,0.023,3.5,96038.1,0.00,0.000,0.000,2
392684,-0.048,0.030,1.001,0.000,0.305,0.244,-62.036,273.054,178.915,0.9942,0.0083,-0.0271,-0.1039,-0.09,-0.05,0.025,3.2,96040.3,0.00,0.000,0.000,2
392884,-0.050,0.031,1.003,-0.061,0.183,0.244,-62.036,273.054,178.915,0.9942,0.0087,-0.0270,-0.1036,-0.04,0.01,0.045,3.2,96035.2,0.00,0.000,0.000,2
393084,-0.048,0.031,1.006,-0.061,0.244,0.244,-62.036,273.054,178.915,0.9943,0.0083,-0.0244,-0.1037,-0.00,0.05,0.078,3.0,96033.9,0.00,0.000,0.000,2
393284,-0.048,0.031,1.005,-0.061,0.183,0.244,-62.036,273.054,178.915,0.9943,0.0083,-0.0253,-0.1035,0.06,0.10,0.064,3.1,96034.5,0.00,0.000,0.000,2
393484,-0.047,0.029,1.004,0.000,0.305,0.183,-62.036,273.054,178.915,0.9943,0.0080,-0.0244,-0.1039,0.03,0.07,0.058,2.9,96036.6,0.00,0.000,0.000,2
393684,-0.050,0.029,1.002,-0.061,0.122,0.122,-62.036,273.054,178.915,0.9941,0.0084,-0.0277,-0.1041,0.01,0.04,0.035,3.3,96036.6,0.00,0.000,0.000,2
393884,-0.050,0.031,1.001,-0.061,0.244,0.244,-62.036,273.054,178.915,0.9942,0.0086,-0.0270,-0.1035,-0.01,0.03,0.031,3.2,96037.3,0.00,0.000,0.000,2
394084,-0.048,0.032,0.999,-0.122,0.366,0.183,-62.036,273.054,178.915,0.9943,0.0086,-0.0259,-0.1035,-0.05,-0.00,0.006,3.1,96036.7,0.00,0.000,0.000,2
394284,-0.049,0.030,1.001,-0.061,0.183,0.244,-62.036,273.054,178.915,0.9942,0.0084,-0.0270,-0.1039,-0.07,-0.02,0.030,3.2,96035.9,0.00,0.000,0.000,2
394484,-0.048,0.031,1.003,-0.061,0.122,0.183,-62.036,273.054,178.915,0.9942,0.0086,-0.0269,-0.1037,-0.05,0.01,0.044,3.2,96036.6,0.00,0.000,0.000,2
394684,-0.046,0.030,1.003,-0.061,0.183,0.183,-62.036,273.054,178.915,0.9943,0.0084,-0.0255,-0.1036,-0.05,0.02,0.043,3.1,96036.7,0.00,0.000,0.000,2
394884,-0.047,0.031,1.003,-0.061,0.244,0.305,-62.036,273.054,178.915,0.9943,0.0084,-0.0241,-0.1038,-0.04,0.03,0.049,2.9,96036.8,0.00,0.000,0.000,2
395084,-0.050,0.030,1.003,-0.061,0.305,0.244,-62.036,273.054,178.915,0.9942,0.0081,-0.0257,-0.1037,0.02,0.08,0.050,3.1,96032.3,0.00,0.000,0.000,2
395284,-0.050,0.031,1.003,-0.061,0.061,0.244,-62.036,273.054,178.915,0.9942,0.0087,-0.0277,-0.1037,0.07,0.12,0.045,3.3,96033.3,0.00,0.000,0.000,2
395484,-0.049,0.031,1.001,-0.061,0.305,0.183,-62.036,273.054,178.915,0.9942,0.0083,-0.0262,-0.1036,0.08,0.12,0.025,3.1,96036.0,0.00,0.000,0.000,2
395684,-0.048,0.031,1.005,-0.122,0.244,0.244,-62.036,273.054,178.915,0.9942,0.0086,-0.0269,-0.1037,0.12,0.14,0.063,3.2,96037.4,0.00,0.000,0.000,2
395884,-0.048,0.029,1.004,-0.061,0.305,0.183,-62.036,273.054,178.915,0.9942,0.0080,-0.0262,-0.1038,0.06,0.07,0.058,3.1,96039.4,0.00,0.000,0.000,2
396084,-0.050,0.031,1.001,-0.061,0.244,0.305,-62.036,273.054,178.915,0.9942,0.0086,-0.0275,-0.1036,0.02,0.03,0.026,3.3,96038.2,0.00,0.000,0.000,2
396284,-0.047,0.033,0.999,-0.122,0.244,0.183,-62.036,273.054,178.915,0.9943,0.0092,-0.0257,-0.1031,0.07,0.08,0.006,3.1,96032.5,0.00,0.000,0.000,2
396484,-0.048,0.030,1.003,-0.061,0.244,0.305,-62.036,273.054,178.915,0.9942,0.0090,-0.0274,-0.1041,0.11,0.11,0.044,3.3,96035.2,0.00,0.000,0.000,2
396684,-0.046,0.029,1.000,-0.122,0.244,0.183,-62.036,273.054,178.915,0.9943,0.0080,-0.0249,-0.1038,0.13,0.11,0.010,3.0,96033.1,0.00,0.000,0.000,2
396884,-0.048,0.031,1.003,0.000,0.122,0.183,-62.036,273.054,178.915,0.9943,0.0086,-0.0259,-0.1035,0.11,0.08,0.044,3.1,96035.2,0.00,0.000,0.000,2
397084,-0.049,0.033,1.001,0.000,0.244,0.244,-62.036,273.054,178.915,0.9942,0.0090,-0.0270,-0.1033,0.11,0.08,0.026,3.3,96030.4,0.00,0.000,0.000,2
397284,-0.046,0.032,1.003,-0.061,0.122,0.183,-62.036,273.054,178.915,0.9943,0.0089,-0.0249,-0.1031,0.05,0.02,0.048,3.0,96034.5,0.00,0.000,0.000,2
397484,-0.048,0.030,1.004,0.000,0.305,0.183,-62.036,273.054,178.915,0.9943,0.0083,-0.0251,-0.1037,0.04,0.01,0.054,3.0,96037.3,0.00,0.000,0.000,2
397684,-0.048,0.030,1.003,0.000,0.183,0.244,-62.036,273.054,178.915,0.9942,0.0081,-0.0262,-0.1038,0.07,0.04,0.044,3.1,96033.0,0.00,0.000,0.000,2
397884,-0.048,0.030,1.000,-0.061,0.305,0.183,-62.036,273.054,178.915,0.9942,0.0083,-0.0267,-0.1038,0.05,0.03,0.011,3.2,96033.9,0.00,0.000,0.000,2
398084,-0.048,0.031,1.004,-0.061,0.183,0.244,-62.036,273.054,178.915,0.9942,0.0091,-0.0274,-0.1036,0.05,0.03,0.059,3.3,96036.7,0.00,0.000,0.000,2
398284,-0.052,0.032,1.006,-0.061,0.183,0.244,-62.036,273.054,178.915,0.9941,0.0098,-0.0291,-0.1037,0.04,0.02,0.075,3.5,96036.0,0.00,0.000,0.000,2
398484,-0.048,0.033,1.005,-0.061,0.244,0.244,-62.036,273.054,178.915,0.9942,0.0097,-0.0280,-0.1035,0.05,0.03,0.064,3.4,96034.5,0.00,0.000,0.000,2
398684,-0.048,0.031,1.001,-0.061,0.244,0.244,-62.036,273.054,178.915,0.9943,0.0089,-0.0250,-0.1034,0.10,0.08,0.030,3.0,96032.4,0.00,0.000,0.000,2
398884,-0.048,0.031,1.002,-0.183,0.244,0.183,-62.036,273.054,178.915,0.9943,0.0083,-0.0252,-0.1035,0.09,0.06,0.035,3.0,96037.3,0.00,0.000,0.000,2
399084,-0.048,0.030,1.000,-0.183,0.244,0.122,-62.036,273.054,178.915,0.9942,0.0083,-0.0258,-0.1036,0.11,0.07,0.015,3.1,96033.8,0.00,0.000,0.000,2
399284,-0.048,0.031,1.003,-0.122,0.183,0.244,-62.036,273.054,178.915,0.9943,0.0084,-0.0254,-0.1035,0.12,0.08,0.044,3.1,96033.8,0.00,0.000,0.000,2
399484,-0.048,0.032,1.001,-0.122,0.244,0.183,-62.036,273.054,178.915,0.9942,0.0096,-0.0279,-0.1037,0.12,0.08,0.030,3.4,96034.5,0.00,0.000,0.000,2
399684,-0.050,0.030,1.005,-0.122,0.244,0.183,-62.036,273.054,178.915,0.9942,0.0084,-0.0273,-0.1038,0.08,0.04,0.064,3.3,96036.7,0.00,0.000,0.000,2
399884,-0.048,0.033,1.000,0.000,0.183,0.183,-62.036,267.620,144.836,0.9939,0.0097,-0.0271,-0.1067,0.03,-0.01,0.016,3.3,96038.1,0.00,0.000,0.000,2
400084,-0.048,0.030,1.001,0.000,0.183,0.244,-62.036,267.620,144.836,0.9939,0.0085,-0.0253,-0.1071,-0.04,-0.06,0.030,3.1,96038.7,0.00,0.000,0.000,2
400284,-0.048,0.030,1.000,-0.122,0.183,0.183,-62.036,267.620,144.836,0.9939,0.0083,-0.0259,-0.1072,-0.08,-0.08,0.020,3.1,96036.0,0.00,0.000,0.000,2
400484,-0.048,0.030,1.002,0.000,0.183,0.244,-62.036,267.620,144.836,0.9939,0.0088,-0.0264,-0.1070,-0.11,-0.08,0.039,3.2,96036.0,0.00,0.000,0.000,2
400684,-0.048,0.034,1.004,0.061,0.183,0.244,-62.036,267.620,144.836,0.9939,0.0098,-0.0262,-0.1065,-0.08,-0.04,0.055,3.2,96034.6,0.00,0.000,0.000,2
400884,-0.048,0.031,1.002,-0.122,0.244,0.183,-62.036,267.620,144.836,0.9939,0.0086,-0.0260,-0.1070,-0.04,0.01,0.035,3.1,96041.5,0.00,0.000,0.000,2
401084,-0.045,0.031,1.000,-0.122,0.183,0.183,-62.036,267.620,144.836,0.9939,0.0089,-0.0230,-0.1071,0.02,0.06,0.010,2.8,96035.9,0.00,0.000,0.000,2
401284,-0.051,0.031,1.001,-0.061,0.183,0.183,-62.036,267.620,144.836,0.9938,0.0089,-0.0284,-0.1072,0.03,0.06,0.032,3.4,96036.0,0.00,0.000,0.000,2
401484,-0.050,0.029,1.002,-0.122,0.244,0.366,-62.036,267.620,144.836,0.9938,0.0087,-0.0277,-0.1074,0.06,0.09,0.035,3.3,96036.0,0.00,0.000,0.000,2
401684,-0.048,0.030,1.004,0.000,0.244,0.183,-62.036,267.620,144.836,0.9939,0.0084,-0.0248,-0.1071,0.15,0.16,0.054,3.0,96034.6,0.00,0.000,0.000,2
401884,-0.048,0.029,1.005,-0.061,0.183,0.183,-62.036,273.054,150.516,0.9938,0.0153,-0.0272,-0.1069,0.16,0.15,0.068,3.6,96035.3,0.00,0.000,0.000,2
402084,-0.047,0.030,0.999,-0.061,0.305,0.183,-62.036,273.054,150.516,0.9939,0.0131,-0.0284,-0.1056,0.20,0.16,0.005,3.6,96032.6,0.00,0.000,0.000,2
402284,-0.047,0.031,1.001,0.061,0.305,0.244,-62.036,273.054,150.516,0.9939,0.0125,-0.0287,-0.1056,0.18,0.12,0.030,3.6,96035.2,0.00,0.000,0.000,2
402484,-0.049,0.032,1.001,-0.183,0.183,0.122,-62.036,273.054,150.516,0.9938,0.0164,-0.0259,-0.1068,0.14,0.08,0.026,3.5,96036.8,0.00,0.000,0.000,2
402684,-0.048,0.030,1.004,-0.122,0.244,0.183,-62.036,273.054,150.516,0.9938,0.0161,-0.0255,-0.1069,0.10,0.03,0.054,3.4,96033.8,0.00,0.000,0.000,2
402884,-0.048,0.032,1.003,-0.061,0.183,0.244,-62.036,273.054,150.516,0.9938,0.0166,-0.0252,-0.1066,0.10,0.03,0.045,3.5,96031.7,0.00,0.000,0.000,2
403084,-0.048,0.030,1.002,-0.061,0.183,0.183,-62.036,273.054,150.516,0.9938,0.0156,-0.0240,-0.1070,0.13,0.06,0.039,3.3,96033.8,0.00,0.000,0.000,2
403284,-0.049,0.031,1.003,-0.122,0.122,0.122,-62.036,273.054,150.516,0.9938,0.0160,-0.0254,-0.1071,0.12,0.05,0.045,3.4,96036.0,0.00,0.000,0.000,2
403484,-0.044,0.031,1.002,-0.061,0.183,0.305,-62.036,273.054,150.516,0.9939,0.0155,-0.0219,-0.1065,0.10,0.03,0.033,3.1,96035.4,0.00,0.000,0.000,2
403684,-0.050,0.030,1.002,-0.183,0.305,0.244,-62.036,273.054,150.516,0.9938,0.0157,-0.0266,-0.1071,0.06,-0.00,0.035,3.5,96037.4,0.00,0.000,0.000,2
403884,-0.047,0.032,1.003,-0.122,0.122,0.244,-47.856,270.337,167.556,0.9963,0.0174,-0.0231,-0.0808,0.00,-0.05,0.044,3.3,96038.8,0.00,0.000,0.000,2
404084,-0.047,0.031,1.003,-0.061,0.183,0.244,-47.856,270.337,167.556,0.9962,0.0168,-0.0246,-0.0814,-0.04,-0.06,0.049,3.4,96034.6,0.00,0.000,0.000,2
404284,-0.049,0.029,1.001,0.000,0.366,0.244,-47.856,270.337,167.556,0.9962,0.0163,-0.0264,-0.0812,-0.06,-0.06,0.030,3.6,96038.8,0.00,0.000,0.000,2
404570,-0.048,0.032,1.004,0.000,0.305,0.244,-58.491,259.469,144.836,0.9971,-0.0272,0.0007,-0.0711,-0.05,-0.04,0.008,3.1,96036.6,0.00,0.000,0.000,2
404684,-0.050,0.030,1.000,-0.061,0.305,0.244,-49.629,260.827,170.395,0.9960,0.0141,-0.0256,-0.0847,-0.09,-0.07,0.012,3.3,96041.0,0.00,0.000,0.000,2
404884,-0.048,0.031,1.002,-0.061,0.122,0.183,-49.629,260.827,170.395,0.9960,0.0085,-0.0257,-0.0854,-0.06,-0.02,0.039,3.1,96035.2,0.00,0.000,0.000,2
405084,-0.048,0.032,1.003,-0.061,0.183,0.305,-49.629,260.827,170.395,0.9960,0.0089,-0.0261,-0.0847,-0.03,0.02,0.049,3.2,96033.9,0.00,0.000,0.000,2
405284,-0.048,0.030,1.000,-0.061,0.183,0.183,-49.629,260.827,170.395,0.9960,0.0086,-0.0261,-0.0853,-0.05,0.00,0.011,3.1,96031.0,0.00,0.000,0.000,2
405484,-0.049,0.032,1.002,-0.183,0.244,0.183,-49.629,260.827,170.395,0.9960,0.0089,-0.0266,-0.0849,-0.02,0.04,0.040,3.2,96034.4,0.00,0.000,0.000,2
405684,-0.046,0.031,1.003,-0.122,0.305,0.244,-49.629,260.827,170.395,0.9960,0.0088,-0.0228,-0.0854,-0.00,0.05,0.043,2.8,96040.2,0.00,0.000,0.000,2
405884,-0.049,0.030,1.002,-0.122,0.183,0.244,-54.946,275.771,144.836,0.9954,0.0089,-0.0269,-0.0913,0.09,0.13,0.040,3.3,96029.6,0.00,0.000,0.000,2
406084,-0.047,0.032,1.004,-0.061,0.183,0.305,-54.946,275.771,144.836,0.9955,0.0092,-0.0264,-0.0909,0.12,0.13,0.059,3.2,96030.4,0.00,0.000,0.000,2
406284,-0.046,0.029,1.000,-0.061,0.183,0.366,-54.946,275.771,144.836,0.9955,0.0087,-0.0238,-0.0913,0.15,0.14,0.019,2.9,96031.1,0.00,0.000,0.000,2
406484,-0.048,0.032,1.002,0.000,0.183,0.183,-54.946,275.771,144.836,0.9955,0.0090,-0.0258,-0.0908,0.20,0.18,0.040,3.1,96031.1,0.00,0.000,0.000,2
406684,-0.050,0.031,1.000,0.000,0.305,0.183,-54.946,275.771,144.836,0.9954,0.0090,-0.0267,-0.0911,0.19,0.14,0.017,3.2,96031.8,0.00,0.000,0.000,2
406884,-0.049,0.030,1.002,-0.061,0.244,0.244,-54.946,275.771,144.836,0.9955,0.0087,-0.0259,-0.0912,0.17,0.11,0.040,3.1,96030.2,0.00,0.000,0.000,2
407084,-0.048,0.032,1.002,-0.061,0.122,0.183,-54.946,275.771,144.836,0.9955,0.0091,-0.0240,-0.0908,0.23,0.14,0.040,2.9,96031.8,0.00,0.000,0.000,2
407284,-0.050,0.027,1.000,0.000,0.183,0.122,-54.946,275.771,144.836,0.9954,0.0082,-0.0264,-0.0916,0.24,0.14,0.016,3.2,96030.4,0.00,0.000,0.000,2
407484,-0.049,0.031,0.999,-0.061,0.244,0.366,-54.946,275.771,144.836,0.9954,0.0090,-0.0272,-0.0912,0.22,0.10,0.007,3.3,96031.8,0.00,0.000,0.000,2
407684,-0.047,0.030,0.999,-0.061,0.122,0.183,-54.946,275.771,144.836,0.9955,0.0086,-0.0252,-0.0912,0.19,0.07,0.006,3.1,96033.2,0.00,0.000,0.000,2
407884,-0.048,0.031,1.000,-0.122,0.244,0.244,-54.946,275.771,144.836,0.9955,0.0089,-0.0265,-0.0911,0.14,0.02,0.011,3.2,96030.4,0.00,0.000,0.000,2
408084,-0.046,0.030,1.000,-0.061,0.244,0.183,-54.946,275.771,144.836,0.9955,0.0087,-0.0246,-0.0911,0.10,-0.01,0.015,3.0,96034.7,0.00,0.000,0.000,2
408284,-0.048,0.030,1.001,-0.122,0.244,0.183,-54.946,275.771,144.836,0.9955,0.0087,-0.0257,-0.0911,0.13,0.02,0.025,3.1,96032.5,0.00,0.000,0.000,2
408484,-0.048,0.033,1.001,-0.061,0.244,0.305,-54.946,275.771,144.836,0.9955,0.0091,-0.0258,-0.0907,0.10,-0.00,0.031,3.1,96034.6,0.00,0.000,0.000,2
408684,-0.050,0.029,1.001,0.000,0.244,0.183,-54.946,275.771,144.836,0.9954,0.0081,-0.0269,-0.0915,0.01,-0.08,0.026,3.2,96035.4,0.00,0.000,0.000,2
408884,-0.048,0.032,1.001,-0.061,0.244,0.305,-54.946,275.771,144.836,0.9955,0.0094,-0.0267,-0.0909,0.01,-0.05,0.030,3.2,96028.3,0.00,0.000,0.000,2
409084,-0.049,0.029,1.004,0.000,0.244,0.183,-54.946,275.771,144.836,0.9954,0.0087,-0.0271,-0.0915,-0.05,-0.09,0.054,3.3,96032.5,0.00,0.000,0.000,2
409284,-0.048,0.029,1.002,-0.061,0.122,0.183,-54.946,275.771,144.836,0.9955,0.0084,-0.0253,-0.0913,-0.08,-0.09,0.034,3.1,96033.9,0.00,0.000,0.000,2
409484,-0.049,0.030,1.003,0.000,0.244,0.244,-54.946,275.771,144.836,0.9955,0.0085,-0.0256,-0.0913,-0.08,-0.07,0.049,3.1,96033.9,0.00,0.000,0.000,2
409684,-0.050,0.032,1.004,0.000,0.244,0.244,-54.946,275.771,144.836,0.9954,0.0098,-0.0274,-0.0909,-0.04,-0.02,0.055,3.3,96033.9,0.00,0.000,0.000,2
409884,-0.049,0.030,1.002,-0.061,0.183,0.183,-54.946,275.771,144.836,0.9955,0.0087,-0.0259,-0.0911,-0.03,0.00,0.035,3.1,96033.2,0.00,0.000,0.000,2
410084,-0.049,0.034,0.997,-0.061,0.305,0.244,-54.946,275.771,144.836,0.9955,0.0098,-0.0264,-0.0903,-0.03,0.01,-0.017,3.2,96034.6,0.00,0.000,0.000,2
410284,-0.047,0.031,1.002,-0.122,0.244,0.122,-54.946,275.771,144.836,0.9955,0.0088,-0.0258,-0.0910,-0.02,0.02,0.039,3.1,96034.5,0.00,0.000,0.000,2
410484,-0.050,0.029,1.003,-0.061,0.244,0.244,-54.946,275.771,144.836,0.9954,0.0087,-0.0271,-0.0915,-0.06,-0.01,0.045,3.3,96031.1,0.00,0.000,0.000,2
410684,-0.049,0.032,0.999,0.000,0.244,0.183,-54.946,275.771,144.836,0.9955,0.0091,-0.0265,-0.0909,-0.02,0.03,0.007,3.2,96032.4,0.00,0.000,0.000,2
410884,-0.046,0.031,1.004,-0.061,0.183,0.183,-54.946,275.771,144.836,0.9955,0.0090,-0.0233,-0.0911,-0.00,0.04,0.053,2.9,96035.2,0.00,0.000,0.000,2
411084,-0.047,0.032,1.003,-0.061,0.183,0.244,-54.946,275.771,144.836,0.9955,0.0091,-0.0243,-0.0908,0.00,0.05,0.044,3.0,96029.7,0.00,0.000,0.000,2
411284,-0.050,0.031,1.004,-0.061,0.366,0.244,-54.946,275.771,144.836,0.9954,0.0091,-0.0279,-0.0911,0.02,0.06,0.055,3.4,96032.5,0.00,0.000,0.000,2
411484,-0.045,0.033,1.003,-0.061,0.305,0.183,-54.946,275.771,144.836,0.9956,0.0104,-0.0212,-0.0910,0.03,0.07,0.048,2.7,96034.7,0.00,0.000,0.000,2
411684,-0.048,0.031,0.999,-0.061,0.183,0.244,-54.946,275.771,144.836,0.9953,0.0148,-0.0215,-0.0932,0.00,0.04,0.006,3.0,96034.0,0.00,0.000,0.000,2
411884,-0.047,0.030,1.004,0.000,0.183,0.244,-54.946,275.771,144.836,0.9952,0.0166,-0.0249,-0.0935,-0.03,0.01,0.053,3.4,96036.0,0.00,0.000,0.000,2
412084,-0.047,0.029,1.001,0.000,0.244,0.305,-54.946,275.771,144.836,0.9952,0.0161,-0.0235,-0.0936,-0.08,-0.03,0.029,3.3,96034.6,0.00,0.000,0.000,2
412284,-0.048,0.030,1.000,-0.061,0.305,0.244,-54.946,275.771,144.836,0.9951,0.0160,-0.0269,-0.0933,-0.04,0.02,0.011,3.6,96031.1,0.00,0.000,0.000,2
412484,-0.048,0.030,1.001,-0.061,0.183,0.183,-54.946,275.771,144.836,0.9952,0.0165,-0.0253,-0.0935,-0.04,0.02,0.030,3.5,96036.9,0.00,0.000,0.000,2
412684,-0.048,0.032,1.002,-0.122,0.244,0.183,-54.946,275.771,144.836,0.9952,0.0166,-0.0261,-0.0930,-0.01,0.04,0.035,3.5,96033.4,0.00,0.000,0.000,2
412884,-0.049,0.031,1.002,0.000,0.244,0.244,-54.946,275.771,144.836,0.9952,0.0171,-0.0254,-0.0933,0.00,0.06,0.036,3.5,96033.9,0.00,0.000,0.000,2
413084,-0.048,0.031,0.999,-0.061,0.244,0.183,-54.946,275.771,144.836,0.9952,0.0167,-0.0252,-0.0934,-0.05,0.01,0.001,3.5,96034.0,0.00,0.000,0.000,2
413284,-0.048,0.031,1.004,0.000,0.183,0.183,-54.946,275.771,144.836,0.9952,0.0165,-0.0247,-0.0935,-0.06,0.01,0.059,3.4,96032.5,0.00,0.000,0.000,2
413484,-0.048,0.032,1.001,-0.061,0.244,0.244,-54.946,275.771,144.836,0.9952,0.0165,-0.0255,-0.0934,-0.02,0.05,0.026,3.5,96031.8,0.00,0.000,0.000,2
413684,-0.048,0.032,1.004,-0.122,0.305,0.183,-54.946,275.771,144.836,0.9952,0.0170,-0.0261,-0.0930,-0.02,0.05,0.054,3.6,96038.9,0.00,0.000,0.000,2
413884,-0.049,0.030,1.000,-0.061,0.305,0.183,-54.946,275.771,144.836,0.9951,0.0166,-0.0263,-0.0934,-0.04,0.02,0.011,3.6,96032.7,0.00,0.000,0.000,2
414084,-0.048,0.030,1.002,0.061,0.183,0.244,-54.946,275.771,144.836,0.9952,0.0163,-0.0246,-0.0937,-0.06,0.01,0.039,3.4,96031.3,0.00,0.000,0.000,2
414284,-0.050,0.031,1.000,-0.061,0.305,0.183,-54.946,275.771,144.836,0.9951,0.0172,-0.0259,-0.0934,-0.06,0.01,0.012,3.6,96033.2,0.00,0.000,0.000,2
414484,-0.049,0.032,1.003,-0.061,0.183,0.244,-54.946,275.771,144.836,0.9952,0.0166,-0.0253,-0.0935,-0.06,0.02,0.045,3.5,96033.3,0.00,0.000,0.000,2
414684,-0.048,0.030,1.002,-0.122,0.244,0.244,-54.946,275.771,144.836,0.9952,0.0159,-0.0239,-0.0938,0.00,0.08,0.040,3.3,96029.8,0.00,0.000,0.000,2
414884,-0.048,0.030,1.004,-0.061,0.183,0.122,-54.946,275.771,144.836,0.9952,0.0164,-0.0238,-0.0935,0.05,0.12,0.058,3.3,96033.3,0.00,0.000,0.000,2
415084,-0.048,0.031,1.002,-0.122,0.244,0.244,-54.946,275.771,144.836,0.9952,0.0167,-0.0258,-0.0934,-0.03,0.03,0.040,3.5,96040.3,0.00,0.000,0.000,2
415284,-0.048,0.030,1.003,-0.061,0.244,0.244,-54.946,275.771,144.836,0.9952,0.0162,-0.0242,-0.0937,-0.07,-0.00,0.049,3.3,96036.1,0.00,0.000,0.000,2
415484,-0.049,0.030,1.001,-0.061,0.244,0.183,-54.946,275.771,144.836,0.9951,0.0164,-0.0262,-0.0936,-0.08,-0.00,0.030,3.5,96034.7,0.00,0.000,0.000,2
415684,-0.047,0.032,1.003,-0.061,0.183,0.244,-67.353,263.544,176.075,0.9935,0.0143,-0.0244,-0.1107,-0.07,0.01,0.045,3.2,96034.0,0.00,0.000,0.000,2
415884,-0.047,0.030,1.002,-0.122,0.183,0.244,-67.353,263.544,176.075,0.9927,0.0081,-0.0251,-0.1175,-0.07,0.02,0.034,3.0,96034.7,0.00,0.000,0.000,2
416084,-0.049,0.032,1.002,-0.061,0.305,0.244,-67.353,263.544,176.075,0.9927,0.0087,-0.0270,-0.1174,-0.03,0.06,0.040,3.2,96036.8,0.00,0.000,0.000,2
416284,-0.052,0.030,1.004,-0.061,0.366,0.244,-67.353,263.544,176.075,0.9925,0.0098,-0.0293,-0.1179,-0.01,0.07,0.056,3.5,96035.5,0.00,0.000,0.000,2
416484,-0.046,0.031,1.003,-0.061,0.183,0.183,-67.353,263.544,176.075,0.9928,0.0087,-0.0235,-0.1175,0.06,0.13,0.048,2.9,96029.0,0.00,0.000,0.000,2
416684,-0.048,0.032,1.003,-0.061,0.244,0.244,-67.353,263.544,176.075,0.9927,0.0086,-0.0249,-0.1173,0.13,0.17,0.049,3.0,96031.9,0.00,0.000,0.000,2
416884,-0.049,0.031,0.998,-0.061,0.366,0.122,-67.353,263.544,176.075,0.9927,0.0084,-0.0263,-0.1174,0.18,0.19,-0.008,3.2,96034.7,0.00,0.000,0.000,2
417084,-0.049,0.029,1.003,-0.061,0.244,0.244,-67.353,263.544,176.075,0.9927,0.0079,-0.0260,-0.1177,0.12,0.12,0.049,3.1,96031.8,0.00,0.000,0.000,2
417284,-0.048,0.029,1.004,-0.122,0.183,0.183,-67.353,263.544,176.075,0.9927,0.0079,-0.0265,-0.1178,0.09,0.07,0.058,3.2,96034.0,0.00,0.000,0.000,2
417484,-0.046,0.030,1.005,0.000,0.244,0.183,-67.353,263.544,176.075,0.9927,0.0082,-0.0238,-0.1176,0.05,0.03,0.067,2.9,96031.3,0.00,0.000,0.000,2
417684,-0.047,0.031,1.001,-0.122,0.244,0.183,-67.353,263.544,176.075,0.9927,0.0084,-0.0252,-0.1174,0.00,-0.00,0.030,3.0,96036.2,0.00,0.000,0.000,2
417884,-0.049,0.032,1.004,-0.061,0.244,0.183,-67.353,263.544,176.075,0.9927,0.0090,-0.0272,-0.1172,-0.01,-0.01,0.055,3.3,96034.0,0.00,0.000,0.000,2
418084,-0.046,0.029,1.000,0.000,0.305,0.183,-67.353,263.544,176.075,0.9927,0.0079,-0.0248,-0.1176,-0.04,-0.03,0.019,3.0,96037.5,0.00,0.000,0.000,2
418284,-0.047,0.033,1.005,-0.122,0.305,0.183,-67.353,263.544,176.075,0.9928,0.0090,-0.0250,-0.1170,-0.06,-0.03,0.068,3.1,96034.6,0.00,0.000,0.000,2
418484,-0.048,0.030,1.003,-0.122,0.244,0.244,-67.353,263.544,176.075,0.9927,0.0085,-0.0264,-0.1174,-0.11,-0.06,0.049,3.2,96036.9,0.00,0.000,0.000,2
418684,-0.049,0.029,1.000,0.000,0.183,0.244,-67.353,263.544,176.075,0.9927,0.0081,-0.0265,-0.1176,-0.11,-0.05,0.011,3.2,96033.4,0.00,0.000,0.000,2
418884,-0.048,0.032,1.000,-0.061,0.183,0.183,-67.353,263.544,176.075,0.9927,0.0088,-0.0257,-0.1172,-0.08,0.00,0.016,3.1,96029.8,0.00,0.000,0.000,2
419084,-0.050,0.030,1.002,0.000,0.183,0.244,-67.353,263.544,176.075,0.9927,0.0090,-0.0276,-0.1175,-0.10,-0.01,0.036,3.3,96037.5,0.00,0.000,0.000,2
419284,-0.048,0.031,1.005,-0.061,0.183,0.183,-67.353,263.544,176.075,0.9927,0.0090,-0.0269,-0.1173,-0.07,0.02,0.064,3.2,96035.5,0.00,0.000,0.000,2
419484,-0.047,0.032,1.000,-0.122,0.122,0.244,-67.353,263.544,176.075,0.9927,0.0087,-0.0246,-0.1173,-0.01,0.07,0.015,3.0,96034.0,0.00,0.000,0.000,2
419684,-0.046,0.031,1.002,0.000,0.183,0.244,-67.353,263.544,176.075,0.9927,0.0086,-0.0258,-0.1174,0.04,0.12,0.039,3.1,96030.6,0.00,0.000,0.000,2
419884,-0.049,0.033,1.000,-0.183,0.244,0.244,-60.264,268.978,153.356,0.9943,0.0091,-0.0264,-0.1025,0.07,0.13,0.022,3.2,96033.3,0.00,0.000,0.000,2
420084,-0.046,0.032,1.001,0.061,0.183,0.122,-60.264,268.978,153.356,0.9944,0.0092,-0.0243,-0.1025,0.08,0.12,0.025,3.0,96035.4,0.00,0.000,0.000,2
420284,-0.050,0.031,1.002,0.000,0.122,0.122,-60.264,268.978,153.356,0.9942,0.0103,-0.0286,-0.1032,0.13,0.15,0.036,3.5,96031.3,0.00,0.000,0.000,2
420484,-0.046,0.031,1.000,-0.061,0.183,0.183,-60.264,268.978,153.356,0.9944,0.0089,-0.0242,-0.1027,0.16,0.16,0.010,3.0,96033.4,0.00,0.000,0.000,2
420684,-0.047,0.030,1.005,-0.122,0.244,0.244,-60.264,268.978,153.356,0.9943,0.0087,-0.0237,-0.1033,0.14,0.11,0.063,2.9,96034.0,0.00,0.000,0.000,2
420884,-0.048,0.029,1.001,-0.061,0.305,0.244,-60.264,268.978,153.356,0.9943,0.0083,-0.0254,-0.1030,0.12,0.08,0.025,3.1,96037.0,0.00,0.000,0.000,2
421084,-0.049,0.029,1.003,0.000,0.183,0.183,-60.264,268.978,153.356,0.9943,0.0082,-0.0260,-0.1032,0.07,0.04,0.049,3.1,96031.3,0.00,0.000,0.000,2
421284,-0.048,0.032,1.003,-0.061,0.183,0.244,-60.264,268.978,153.356,0.9943,0.0092,-0.0267,-0.1026,0.09,0.05,0.045,3.2,96031.3,0.00,0.000,0.000,2
421484,-0.048,0.032,0.999,-0.183,0.305,0.183,-60.264,268.978,153.356,0.9942,0.0095,-0.0280,-0.1030,0.08,0.04,0.002,3.4,96032.7,0.00,0.000,0.000,2
421684,-0.048,0.030,1.006,0.000,0.305,0.244,-60.264,268.978,153.356,0.9943,0.0087,-0.0263,-0.1030,0.05,0.02,0.073,3.2,96036.9,0.00,0.000,0.000,2
421884,-0.047,0.031,1.001,-0.061,0.244,0.244,-49.629,274.412,159.036,0.9960,0.0176,-0.0255,-0.0837,0.02,-0.00,0.030,3.6,96033.5,0.00,0.000,0.000,2
422084,-0.047,0.030,1.003,-0.061,0.244,0.183,-49.629,274.412,159.036,0.9961,0.0166,-0.0234,-0.0838,0.06,0.04,0.048,3.3,96029.8,0.00,0.000,0.000,2
422284,-0.048,0.031,1.002,0.000,0.244,0.183,-49.629,274.412,159.036,0.9960,0.0173,-0.0254,-0.0835,0.10,0.07,0.035,3.5,96034.0,0.00,0.000,0.000,2
422484,-0.049,0.031,1.006,-0.061,0.244,0.244,-49.629,274.412,159.036,0.9960,0.0169,-0.0252,-0.0838,0.08,0.05,0.073,3.5,96032.7,0.00,0.000,0.000,2
422684,-0.047,0.031,1.000,-0.061,0.244,0.244,-49.629,274.412,159.036,0.9961,0.0166,-0.0239,-0.0836,0.09,0.05,0.020,3.3,96030.5,0.00,0.000,0.000,2
422884,-0.047,0.030,1.003,-0.061,0.183,0.305,-49.629,274.412,159.036,0.9960,0.0169,-0.0246,-0.0838,0.06,0.03,0.048,3.4,96036.1,0.00,0.000,0.000,2
423084,-0.049,0.030,1.000,-0.061,0.305,0.122,-49.629,274.412,159.036,0.9960,0.0167,-0.0260,-0.0838,0.08,0.04,0.016,3.5,96034.0,0.00,0.000,0.000,2
423284,-0.051,0.030,1.000,-0.122,0.244,0.244,-49.629,274.412,159.036,0.9960,0.0165,-0.0266,-0.0838,0.03,0.00,0.017,3.6,96034.7,0.00,0.000,0.000,2
423484,-0.047,0.032,1.001,-0.061,0.183,0.183,-49.629,274.412,159.036,0.9961,0.0171,-0.0245,-0.0835,-0.00,-0.02,0.025,3.4,96037.5,0.00,0.000,0.000,2
423684,-0.048,0.032,1.001,0.000,0.183,0.183,-49.629,274.412,159.036,0.9961,0.0176,-0.0249,-0.0832,-0.04,-0.04,0.030,3.5,96031.9,0.00,0.000,0.000,2
423884,-0.047,0.031,1.003,-0.122,0.183,0.183,-49.629,274.412,159.036,0.9961,0.0169,-0.0232,-0.0833,-0.01,-0.00,0.044,3.3,96033.3,0.00,0.000,0.000,2
424084,-0.048,0.029,1.002,0.000,0.183,0.183,-49.629,274.412,159.036,0.9961,0.0162,-0.0233,-0.0839,-0.02,-0.00,0.034,3.2,96034.7,0.00,0.000,0.000,2
424284,-0.048,0.030,1.004,0.000,0.244,0.305,-49.629,274.412,159.036,0.9960,0.0168,-0.0250,-0.0839,-0.01,0.01,0.054,3.5,96035.4,0.00,0.000,0.000,2
424484,-0.047,0.031,1.002,-0.061,0.305,0.183,-49.629,274.412,159.036,0.9961,0.0169,-0.0236,-0.0835,0.05,0.07,0.034,3.3,96033.3,0.00,0.000,0.000,2
424684,-0.047,0.031,1.003,-0.061,0.122,0.244,-49.629,274.412,159.036,0.9961,0.0171,-0.0238,-0.0835,0.05,0.06,0.049,3.4,96035.5,0.00,0.000,0.000,2
424884,-0.049,0.031,1.003,-0.061,0.244,0.183,-49.629,274.412,159.036,0.9960,0.0169,-0.0259,-0.0838,-0.04,-0.02,0.045,3.5,96036.8,0.00,0.000,0.000,2
425084,-0.047,0.030,1.004,-0.061,0.122,0.244,-49.629,274.412,159.036,0.9961,0.0165,-0.0232,-0.0839,-0.01,0.02,0.058,3.3,96033.3,0.00,0.000,0.000,2
425284,-0.048,0.032,1.001,-0.122,0.244,0.244,-49.629,274.412,159.036,0.9961,0.0169,-0.0234,-0.0835,0.01,0.04,0.025,3.3,96036.2,0.00,0.000,0.000,2
425484,-0.048,0.031,1.002,-0.122,0.183,0.183,-49.629,274.412,159.036,0.9960,0.0171,-0.0251,-0.0837,0.01,0.04,0.040,3.5,96034.0,0.00,0.000,0.000,2
425684,-0.047,0.030,1.001,-0.061,0.183,0.305,-49.629,274.412,159.036,0.9961,0.0167,-0.0234,-0.0837,0.02,0.06,0.029,3.3,96033.4,0.00,0.000,0.000,2
425884,-0.049,0.030,1.005,-0.061,0.244,0.122,-65.581,264.903,139.156,0.9931,0.0131,-0.0235,-0.1141,0.06,0.09,0.069,3.1,96032.0,0.00,0.000,0.000,2
426084,-0.048,0.029,1.004,-0.061,0.305,0.244,-65.581,264.903,139.156,0.9927,0.0149,-0.0244,-0.1172,0.10,0.11,0.053,3.3,96031.9,0.00,0.000,0.000,2
426284,-0.048,0.031,1.003,0.000,0.183,0.183,-65.581,264.903,139.156,0.9927,0.0155,-0.0262,-0.1168,0.11,0.11,0.045,3.5,96032.7,0.00,0.000,0.000,2
426484,-0.047,0.032,1.002,-0.122,0.122,0.244,-65.581,264.903,139.156,0.9927,0.0161,-0.0248,-0.1168,0.11,0.09,0.040,3.4,96034.8,0.00,0.000,0.000,2
426684,-0.047,0.032,1.000,-0.061,0.183,0.244,-65.581,264.903,139.156,0.9927,0.0157,-0.0248,-0.1170,0.11,0.08,0.011,3.4,96034.1,0.00,0.000,0.000,2
426884,-0.049,0.029,1.002,0.000,0.244,0.183,-65.581,264.903,139.156,0.9927,0.0150,-0.0248,-0.1172,0.09,0.06,0.039,3.3,96032.7,0.00,0.000,0.000,2
427084,-0.048,0.028,1.005,-0.061,0.183,0.183,-65.581,264.903,139.156,0.9927,0.0141,-0.0234,-0.1173,0.06,0.04,0.068,3.1,96031.4,0.00,0.000,0.000,2
427284,-0.048,0.031,1.002,0.000,0.244,0.183,-65.581,264.903,139.156,0.9927,0.0160,-0.0250,-0.1169,0.08,0.06,0.035,3.4,96032.0,0.00,0.000,0.000,2
427484,-0.047,0.030,1.003,-0.061,0.183,0.183,-65.581,264.903,139.156,0.9927,0.0157,-0.0244,-0.1170,0.12,0.08,0.044,3.3,96032.7,0.00,0.000,0.000,2
427684,-0.049,0.028,1.003,0.000,0.244,0.244,-65.581,264.903,139.156,0.9926,0.0147,-0.0253,-0.1176,0.11,0.07,0.044,3.4,96032.7,0.00,0.000,0.000,2
427884,-0.050,0.033,1.006,0.061,0.183,0.244,-76.216,275.771,150.516,0.9912,0.0111,-0.0289,-0.1284,0.11,0.06,0.075,3.5,96029.2,0.00,0.000,0.000,2
428084,-0.047,0.030,1.000,-0.061,0.244,0.244,-76.216,275.771,150.516,0.9910,0.0149,-0.0250,-0.1303,0.14,0.09,0.020,3.3,96031.3,0.00,0.000,0.000,2
428284,-0.049,0.030,1.002,0.000,0.244,0.244,-76.216,275.771,150.516,0.9911,0.0135,-0.0244,-0.1305,0.12,0.06,0.040,3.2,96034.1,0.00,0.000,0.000,2
428484,-0.048,0.029,1.002,0.000,0.183,0.244,-76.216,275.771,150.516,0.9912,0.0117,-0.0232,-0.1301,0.11,0.04,0.039,3.0,96034.1,0.00,0.000,0.000,2
428684,-0.046,0.032,1.001,-0.061,0.183,0.244,-76.216,275.771,150.516,0.9913,0.0117,-0.0228,-0.1292,0.05,-0.01,0.025,2.9,96035.6,0.00,0.000,0.000,2
428884,-0.048,0.033,1.004,-0.061,0.183,0.122,-76.216,275.771,150.516,0.9910,0.0157,-0.0251,-0.1303,0.07,0.02,0.055,3.4,96029.8,0.00,0.000,0.000,2
429084,-0.047,0.032,1.002,-0.061,0.244,0.305,-76.216,275.771,150.516,0.9910,0.0154,-0.0263,-0.1304,0.06,0.02,0.035,3.5,96034.8,0.00,0.000,0.000,2
429284,-0.048,0.030,1.002,-0.122,0.244,0.122,-76.216,275.771,150.516,0.9910,0.0142,-0.0269,-0.1302,-0.02,-0.05,0.035,3.5,96034.0,0.00,0.000,0.000,2
429484,-0.048,0.029,1.003,-0.061,0.305,0.244,-76.216,275.771,150.516,0.9910,0.0131,-0.0274,-0.1304,-0.07,-0.07,0.044,3.5,96034.2,0.00,0.000,0.000,2
429684,-0.048,0.031,1.002,0.000,0.305,0.183,-76.216,275.771,150.516,0.9910,0.0149,-0.0264,-0.1306,-0.09,-0.07,0.035,3.5,96032.0,0.00,0.000,0.000,2
429884,-0.047,0.032,1.002,-0.122,0.183,0.244,-76.216,275.771,150.516,0.9910,0.0152,-0.0254,-0.1306,-0.09,-0.05,0.035,3.4,96037.0,0.00,0.000,0.000,2
430084,-0.048,0.031,1.000,0.000,0.244,0.305,-76.216,275.771,150.516,0.9910,0.0152,-0.0262,-0.1305,-0.12,-0.07,0.011,3.5,96032.1,0.00,0.000,0.000,2
430284,-0.047,0.031,1.004,-0.061,0.244,0.244,-76.216,275.771,150.516,0.9911,0.0152,-0.0244,-0.1302,-0.16,-0.08,0.054,3.3,96035.5,0.00,0.000,0.000,2
430484,-0.047,0.031,1.004,-0.061,0.183,0.244,-76.216,275.771,150.516,0.9911,0.0152,-0.0242,-0.1303,-0.13,-0.04,0.054,3.3,96034.1,0.00,0.000,0.000,2
430684,-0.049,0.030,1.002,-0.122,0.244,0.244,-76.216,275.771,150.516,0.9910,0.0145,-0.0253,-0.1308,-0.12,-0.02,0.040,3.3,96037.7,0.00,0.000,0.000,2
430884,-0.049,0.032,1.002,0.000,0.305,0.183,-76.216,275.771,150.516,0.9910,0.0154,-0.0265,-0.1305,-0.11,0.00,0.036,3.5,96029.3,0.00,0.000,0.000,2
431084,-0.047,0.033,1.004,-0.122,0.305,0.244,-76.216,275.771,150.516,0.9910,0.0158,-0.0254,-0.1303,-0.09,0.03,0.054,3.4,96032.0,0.00,0.000,0.000,2
431284,-0.046,0.030,1.002,-0.061,0.244,0.244,-76.216,275.771,150.516,0.9910,0.0148,-0.0247,-0.1304,-0.06,0.06,0.034,3.3,96036.3,0.00,0.000,0.000,2
431484,-0.048,0.031,1.002,-0.061,0.244,0.244,-76.216,275.771,150.516,0.9911,0.0140,-0.0235,-0.1302,-0.08,0.03,0.035,3.1,96031.9,0.00,0.000,0.000,2
431684,-0.049,0.032,1.003,-0.061,0.183,0.244,-76.216,275.771,150.516,0.9910,0.0153,-0.0268,-0.1303,-0.05,0.06,0.050,3.5,96032.7,0.00,0.000,0.000,2
431884,-0.049,0.030,1.000,-0.061,0.183,0.305,-60.264,263.544,159.036,0.9941,0.0088,-0.0265,-0.1049,0.03,0.13,0.021,3.2,96033.5,0.00,0.000,0.000,2
432084,-0.047,0.031,1.001,-0.122,0.183,0.305,-60.264,263.544,159.036,0.9941,0.0091,-0.0267,-0.1048,0.08,0.16,0.029,3.2,96031.9,0.00,0.000,0.000,2
432284,-0.046,0.030,1.002,-0.183,0.183,0.244,-60.264,263.544,159.036,0.9941,0.0087,-0.0262,-0.1048,0.07,0.13,0.038,3.2,96033.4,0.00,0.000,0.000,2
432484,-0.051,0.030,1.001,0.000,0.305,0.183,-60.264,263.544,159.036,0.9940,0.0086,-0.0279,-0.1050,0.06,0.10,0.026,3.3,96032.7,0.00,0.000,0.000,2
432684,-0.049,0.029,1.004,-0.061,0.244,0.183,-60.264,263.544,159.036,0.9941,0.0086,-0.0264,-0.1049,0.06,0.09,0.059,3.2,96033.4,0.00,0.000,0.000,2
432884,-0.046,0.030,1.006,-0.061,0.244,0.183,-60.264,263.544,159.036,0.9942,0.0083,-0.0249,-0.1046,0.01,0.04,0.077,3.0,96037.7,0.00,0.000,0.000,2
433084,-0.048,0.033,1.002,0.000,0.183,0.244,-60.264,263.544,159.036,0.9942,0.0091,-0.0257,-0.1045,-0.02,0.02,0.035,3.1,96034.8,0.00,0.000,0.000,2
433284,-0.049,0.031,1.002,0.000,0.244,0.244,-60.264,263.544,159.036,0.9941,0.0090,-0.0275,-0.1048,0.00,0.04,0.035,3.3,96036.8,0.00,0.000,0.000,2
433484,-0.046,0.031,1.002,0.061,0.183,0.244,-60.264,263.544,159.036,0.9941,0.0089,-0.0257,-0.1046,-0.02,0.03,0.034,3.1,96034.8,0.00,0.000,0.000,2
433684,-0.048,0.029,1.006,-0.122,0.183,0.244,-60.264,263.544,159.036,0.9941,0.0083,-0.0244,-0.1050,-0.02,0.03,0.073,3.0,96034.9,0.00,0.000,0.000,2
433884,-0.047,0.032,1.006,-0.061,0.305,0.183,-54.946,267.620,156.196,0.9953,0.0087,-0.0254,-0.0934,0.03,0.08,0.073,3.1,96034.2,0.00,0.000,0.000,2
434084,-0.048,0.031,1.002,0.000,0.183,0.183,-54.946,267.620,156.196,0.9952,0.0084,-0.0260,-0.0936,0.04,0.08,0.040,3.1,96035.4,0.00,0.000,0.000,2
434284,-0.047,0.031,1.003,-0.061,0.244,0.244,-54.946,267.620,156.196,0.9953,0.0088,-0.0242,-0.0934,0.08,0.10,0.049,2.9,96032.7,0.00,0.000,0.000,2
434484,-0.049,0.031,0.997,-0.122,0.183,0.122,-54.946,267.620,156.196,0.9953,0.0087,-0.0252,-0.0934,0.15,0.15,-0.017,3.1,96028.5,0.00,0.000,0.000,2
434684,-0.048,0.031,1.004,-0.122,0.183,0.183,-54.946,267.620,156.196,0.9952,0.0096,-0.0276,-0.0937,0.22,0.20,0.059,3.3,96029.2,0.00,0.000,0.000,2
434884,-0.047,0.030,1.002,0.000,0.183,0.305,-54.946,267.620,156.196,0.9953,0.0084,-0.0253,-0.0936,0.24,0.18,0.034,3.1,96031.3,0.00,0.000,0.000,2
435084,-0.048,0.029,1.003,0.000,0.061,0.244,-54.946,267.620,156.196,0.9952,0.0082,-0.0253,-0.0937,0.21,0.14,0.044,3.0,96031.3,0.00,0.000,0.000,2
435284,-0.047,0.030,1.003,-0.061,0.122,0.305,-54.946,267.620,156.196,0.9953,0.0086,-0.0248,-0.0934,0.18,0.10,0.048,3.0,96034.1,0.00,0.000,0.000,2
435484,-0.048,0.032,1.006,-0.061,0.122,0.183,-54.946,267.620,156.196,0.9953,0.0089,-0.0247,-0.0932,0.13,0.04,0.078,3.0,96036.8,0.00,0.000,0.000,2
435684,-0.047,0.030,1.000,-0.061,0.183,0.244,-54.946,267.620,156.196,0.9952,0.0089,-0.0263,-0.0937,0.04,-0.04,0.010,3.2,96037.6,0.00,0.000,0.000,2
435884,-0.048,0.033,1.001,-0.061,0.244,0.183,-65.581,256.752,150.516,0.9927,0.0096,-0.0247,-0.1178,0.01,-0.05,0.026,3.0,96034.1,0.00,0.000,0.000,2
436084,-0.046,0.032,1.003,-0.061,0.183,0.183,-65.581,256.752,150.516,0.9927,0.0093,-0.0236,-0.1180,-0.06,-0.09,0.049,2.9,96035.5,0.00,0.000,0.000,2
436284,-0.049,0.031,1.004,-0.122,0.244,0.244,-65.581,256.752,150.516,0.9926,0.0087,-0.0263,-0.1180,-0.04,-0.05,0.054,3.2,96035.7,0.00,0.000,0.000,2
436484,-0.048,0.031,1.003,0.000,0.244,0.183,-65.581,256.752,150.516,0.9926,0.0088,-0.0267,-0.1181,-0.03,-0.03,0.049,3.2,96038.4,0.00,0.000,0.000,2
436684,-0.047,0.030,1.001,-0.061,0.244,0.183,-65.581,256.752,150.516,0.9926,0.0085,-0.0257,-0.1181,-0.04,-0.02,0.029,3.1,96037.0,0.00,0.000,0.000,2
436884,-0.047,0.031,1.005,-0.061,0.122,0.305,-65.581,256.752,150.516,0.9926,0.0084,-0.0256,-0.1182,-0.03,-0.01,0.063,3.1,96034.9,0.00,0.000,0.000,2
437084,-0.048,0.032,1.004,-0.061,0.244,0.183,-65.581,256.752,150.516,0.9927,0.0091,-0.0250,-0.1180,-0.03,0.00,0.054,3.1,96033.6,0.00,0.000,0.000,2
437284,-0.050,0.031,1.003,0.000,0.244,0.183,-65.581,256.752,150.516,0.9926,0.0092,-0.0277,-0.1181,0.01,0.04,0.050,3.3,96037.8,0.00,0.000,0.000,2
437484,-0.046,0.031,1.001,0.000,0.244,0.244,-65.581,256.752,150.516,0.9927,0.0090,-0.0235,-0.1183,0.02,0.05,0.029,2.9,96034.8,0.00,0.000,0.000,2
437684,-0.049,0.030,1.002,-0.122,0.183,0.305,-65.581,256.752,150.516,0.9926,0.0088,-0.0273,-0.1183,-0.03,0.01,0.035,3.3,96037.6,0.00,0.000,0.000,2
437884,-0.050,0.032,1.002,-0.061,0.244,0.183,-72.671,270.337,156.196,0.9918,0.0092,-0.0274,-0.1247,-0.05,-0.00,0.041,3.3,96032.8,0.00,0.000,0.000,2
438084,-0.049,0.030,1.000,-0.061,0.183,0.244,-72.671,270.337,156.196,0.9918,0.0089,-0.0274,-0.1247,-0.05,0.00,0.016,3.3,96038.2,0.00,0.000,0.000,2
438284,-0.046,0.032,1.003,-0.061,0.122,0.122,-72.671,270.337,156.196,0.9918,0.0095,-0.0232,-0.1249,-0.11,-0.04,0.044,2.9,96038.5,0.00,0.000,0.000,2
438484,-0.047,0.030,0.999,-0.061,0.122,0.244,-72.671,270.337,156.196,0.9918,0.0085,-0.0258,-0.1248,-0.09,-0.01,0.005,3.1,96036.3,0.00,0.000,0.000,2
438684,-0.049,0.030,1.004,0.000,0.244,0.244,-72.671,270.337,156.196,0.9918,0.0087,-0.0271,-0.1247,-0.06,0.02,0.059,3.3,96035.7,0.00,0.000,0.000,2
438884,-0.047,0.029,1.001,-0.061,0.183,0.244,-72.671,270.337,156.196,0.9918,0.0079,-0.0258,-0.1249,-0.09,-0.01,0.029,3.1,96038.5,0.00,0.000,0.000,2
439084,-0.047,0.030,1.003,-0.183,0.244,0.183,-72.671,270.337,156.196,0.9918,0.0083,-0.0254,-0.1249,-0.08,0.01,0.044,3.1,96037.0,0.00,0.000,0.000,2
439284,-0.048,0.033,1.003,-0.061,0.183,0.244,-72.671,270.337,156.196,0.9918,0.0096,-0.0264,-0.1244,-0.08,0.01,0.045,3.2,96039.2,0.00,0.000,0.000,2
439484,-0.048,0.033,1.006,-0.122,0.244,0.305,-72.671,270.337,156.196,0.9918,0.0098,-0.0259,-0.1244,-0.02,0.07,0.074,3.2,96037.8,0.00,0.000,0.000,2
439684,-0.048,0.031,1.001,-0.183,0.183,0.183,-72.671,270.337,156.196,0.9919,0.0087,-0.0250,-0.1246,0.02,0.10,0.030,3.0,96034.2,0.00,0.000,0.000,2
439884,-0.049,0.033,1.003,-0.122,0.244,0.244,-65.581,275.771,167.556,0.9933,0.0162,-0.0262,-0.1114,0.02,0.09,0.046,3.5,96034.3,0.00,0.000,0.000,2
440084,-0.049,0.029,1.002,-0.061,0.305,0.244,-65.581,275.771,167.556,0.9933,0.0153,-0.0247,-0.1120,0.01,0.07,0.035,3.3,96032.9,0.00,0.000,0.000,2
440284,-0.050,0.032,1.000,0.000,0.244,0.061,-65.581,275.771,167.556,0.9933,0.0160,-0.0270,-0.1112,-0.06,0.01,0.022,3.6,96040.6,0.00,0.000,0.000,2
440484,-0.049,0.029,1.004,-0.061,0.244,0.244,-65.581,275.771,167.556,0.9933,0.0159,-0.0262,-0.1116,-0.05,0.03,0.054,3.5,96030.7,0.00,0.000,0.000,2
440684,-0.047,0.030,1.004,0.000,0.244,0.244,-65.581,275.771,167.556,0.9934,0.0157,-0.0237,-0.1115,0.00,0.07,0.053,3.3,96034.2,0.00,0.000,0.000,2
440884,-0.046,0.034,1.002,0.061,0.183,0.244,-65.581,275.771,167.556,0.9934,0.0166,-0.0243,-0.1110,0.07,0.13,0.035,3.4,96030.8,0.00,0.000,0.000,2
441084,-0.048,0.031,1.001,-0.061,0.183,0.305,-65.581,275.771,167.556,0.9934,0.0167,-0.0241,-0.1111,0.10,0.13,0.030,3.4,96034.0,0.00,0.000,0.000,2
441284,-0.048,0.031,1.002,0.000,0.244,0.183,-65.581,275.771,167.556,0.9933,0.0159,-0.0253,-0.1116,0.09,0.11,0.040,3.4,96034.9,0.00,0.000,0.000,2
441484,-0.049,0.029,1.003,-0.061,0.244,0.183,-65.581,275.771,167.556,0.9933,0.0155,-0.0251,-0.1119,0.03,0.05,0.049,3.4,96034.9,0.00,0.000,0.000,2
441684,-0.048,0.032,1.003,-0.061,0.244,0.244,-65.581,275.771,167.556,0.9933,0.0164,-0.0251,-0.1113,0.05,0.07,0.045,3.4,96037.0,0.00,0.000,0.000,2
441884,-0.050,0.031,1.003,-0.061,0.244,0.244,-60.264,271.695,153.356,0.9941,0.0165,-0.0265,-0.1041,0.05,0.07,0.045,3.6,96031.4,0.00,0.000,0.000,2
442084,-0.048,0.030,1.000,-0.122,0.183,0.244,-60.264,271.695,153.356,0.9941,0.0162,-0.0248,-0.1042,0.10,0.10,0.010,3.4,96034.9,0.00,0.000,0.000,2
442284,-0.047,0.032,1.000,-0.122,0.244,0.183,-60.264,271.695,153.356,0.9941,0.0164,-0.0244,-0.1040,0.11,0.09,0.016,3.4,96034.1,0.00,0.000,0.000,2
442484,-0.048,0.033,1.000,0.000,0.122,0.122,-60.264,271.695,153.356,0.9941,0.0165,-0.0254,-0.1040,0.12,0.09,0.017,3.5,96030.6,0.00,0.000,0.000,2
442684,-0.048,0.029,1.002,-0.061,0.183,0.183,-60.264,271.695,153.356,0.9941,0.0158,-0.0251,-0.1045,0.12,0.09,0.039,3.4,96034.8,0.00,0.000,0.000,2
442884,-0.046,0.033,1.003,-0.061,0.183,0.183,-60.264,271.695,153.356,0.9942,0.0167,-0.0235,-0.1037,0.10,0.06,0.044,3.3,96034.9,0.00,0.000,0.000,2
443084,-0.047,0.031,1.002,-0.061,0.183,0.305,-60.264,271.695,153.356,0.9941,0.0163,-0.0239,-0.1041,0.08,0.03,0.035,3.3,96034.2,0.00,0.000,0.000,2
443284,-0.048,0.030,1.000,-0.061,0.183,0.244,-60.264,271.695,153.356,0.9941,0.0161,-0.0243,-0.1042,0.04,0.00,0.020,3.3,96036.2,0.00,0.000,0.000,2
443484,-0.048,0.031,1.002,-0.122,0.122,0.305,-60.264,271.695,153.356,0.9942,0.0164,-0.0239,-0.1040,0.02,-0.01,0.040,3.3,96035.5,0.00,0.000,0.000,2
443684,-0.045,0.031,0.999,-0.061,0.183,0.122,-60.264,271.695,153.356,0.9942,0.0165,-0.0235,-0.1040,0.01,-0.01,0.000,3.3,96034.9,0.00,0.000,0.000,2
443884,-0.046,0.030,1.004,0.061,0.244,0.305,-51.401,267.620,156.196,0.9956,0.0168,-0.0225,-0.0893,0.03,0.02,0.058,3.2,96032.0,0.00,0.000,0.000,2
444084,-0.048,0.032,1.006,0.000,0.183,0.244,-51.401,267.620,156.196,0.9956,0.0167,-0.0247,-0.0892,0.04,0.03,0.074,3.4,96034.1,0.00,0.000,0.000,2
444284,-0.049,0.032,1.002,0.000,0.183,0.183,-51.401,267.620,156.196,0.9955,0.0164,-0.0257,-0.0892,-0.02,-0.02,0.036,3.5,96039.1,0.00,0.000,0.000,2
444484,-0.048,0.030,1.000,0.000,0.244,0.183,-51.401,267.620,156.196,0.9955,0.0163,-0.0251,-0.0896,-0.01,0.00,0.011,3.4,96034.8,0.00,0.000,0.000,2
444684,-0.048,0.030,1.004,-0.122,0.244,0.305,-51.401,267.620,156.196,0.9955,0.0162,-0.0260,-0.0893,0.02,0.03,0.054,3.5,96034.2,0.00,0.000,0.000,2
444884,-0.048,0.029,1.002,0.000,0.183,0.183,-51.401,267.620,156.196,0.9955,0.0164,-0.0262,-0.0892,0.03,0.04,0.039,3.5,96033.6,0.00,0.000,0.000,2
445084,-0.048,0.030,1.002,0.000,0.244,0.244,-51.401,267.620,156.196,0.9956,0.0169,-0.0249,-0.0893,0.07,0.08,0.039,3.4,96033.4,0.00,0.000,0.000,2
445284,-0.047,0.030,1.002,-0.122,0.244,0.183,-51.401,267.620,156.196,0.9955,0.0160,-0.0259,-0.0892,0.10,0.09,0.034,3.5,96034.9,0.00,0.000,0.000,2
445484,-0.049,0.032,1.004,-0.061,0.183,0.244,-51.401,267.620,156.196,0.9956,0.0164,-0.0261,-0.0889,0.06,0.05,0.055,3.5,96034.0,0.00,0.000,0.000,2
445684,-0.049,0.032,1.003,-0.122,0.183,0.244,-51.401,267.620,156.196,0.9956,0.0168,-0.0260,-0.0890,0.09,0.07,0.046,3.6,96032.7,0.00,0.000,0.000,2
445884,-0.048,0.031,1.000,0.000,0.183,0.244,-56.719,266.261,147.676,0.9946,0.0156,-0.0234,-0.0996,0.09,0.06,0.011,3.2,96029.4,0.00,0.000,0.000,2
446084,-0.049,0.029,1.005,0.000,0.366,0.305,-56.719,266.261,147.676,0.9945,0.0162,-0.0252,-0.1003,0.03,0.01,0.068,3.4,96035.0,0.00,0.000,0.000,2
446284,-0.049,0.030,1.002,-0.061,0.244,0.183,-56.719,266.261,147.676,0.9945,0.0163,-0.0257,-0.1000,0.06,0.03,0.035,3.5,96032.7,0.00,0.000,0.000,2
446484,-0.047,0.031,1.001,0.000,0.244,0.305,-56.719,266.261,147.676,0.9946,0.0166,-0.0244,-0.0998,0.08,0.06,0.030,3.4,96035.7,0.00,0.000,0.000,2
446684,-0.050,0.032,1.005,0.000,0.122,0.183,-56.719,266.261,147.676,0.9945,0.0164,-0.0260,-0.0997,0.12,0.08,0.065,3.5,96032.2,0.00,0.000,0.000,2
446884,-0.048,0.029,1.003,-0.061,0.305,0.244,-56.719,266.261,147.676,0.9946,0.0159,-0.0236,-0.1001,0.16,0.11,0.044,3.3,96032.0,0.00,0.000,0.000,2
447084,-0.049,0.031,1.003,-0.061,0.244,0.244,-56.719,266.261,147.676,0.9945,0.0166,-0.0256,-0.0999,0.17,0.11,0.045,3.5,96035.5,0.00,0.000,0.000,2
447284,-0.050,0.032,1.003,0.000,0.183,0.244,-56.719,266.261,147.676,0.9945,0.0164,-0.0268,-0.0997,0.16,0.09,0.046,3.6,96031.3,0.00,0.000,0.000,2
447484,-0.049,0.032,1.003,-0.061,0.244,0.244,-56.719,266.261,147.676,0.9945,0.0162,-0.0263,-0.0997,0.16,0.08,0.045,3.5,96035.5,0.00,0.000,0.000,2
447684,-0.047,0.029,1.002,-0.061,0.244,0.183,-56.719,266.261,147.676,0.9945,0.0159,-0.0242,-0.1002,0.10,0.03,0.034,3.3,96035.6,0.00,0.000,0.000,2
447884,-0.047,0.032,1.003,-0.122,0.183,0.183,-62.036,267.620,156.196,0.9940,0.0098,-0.0227,-0.1066,0.10,0.02,0.049,2.8,96035.0,0.00,0.000,0.000,2
448084,-0.047,0.031,1.004,0.000,0.183,0.244,-62.036,267.620,156.196,0.9940,0.0086,-0.0248,-0.1065,0.07,0.00,0.053,3.0,96034.8,0.00,0.000,0.000,2
448284,-0.049,0.029,1.002,0.000,0.244,0.122,-62.036,267.620,156.196,0.9938,0.0081,-0.0271,-0.1071,0.05,-0.01,0.039,3.2,96034.1,0.00,0.000,0.000,2
448484,-0.048,0.031,1.000,-0.122,0.122,0.183,-62.036,267.620,156.196,0.9940,0.0086,-0.0246,-0.1066,0.03,-0.02,0.011,3.0,96035.6,0.00,0.000,0.000,2
448684,-0.047,0.030,1.002,-0.061,0.183,0.244,-62.036,267.620,156.196,0.9939,0.0086,-0.0262,-0.1066,-0.03,-0.06,0.034,3.2,96035.5,0.00,0.000,0.000,2
448884,-0.049,0.030,1.007,-0.061,0.244,0.244,-62.036,267.620,156.196,0.9939,0.0084,-0.0264,-0.1067,-0.05,-0.06,0.083,3.2,96037.0,0.00,0.000,0.000,2
449084,-0.045,0.030,1.005,-0.061,0.244,0.244,-62.036,267.620,156.196,0.9940,0.0085,-0.0240,-0.1064,-0.04,-0.03,0.062,2.9,96034.8,0.00,0.000,0.000,2
449284,-0.049,0.032,1.002,0.000,0.122,0.244,-62.036,267.620,156.196,0.9939,0.0091,-0.0265,-0.1062,-0.10,-0.07,0.036,3.2,96039.1,0.00,0.000,0.000,2
449484,-0.047,0.032,1.004,-0.061,0.122,0.183,-62.036,267.620,156.196,0.9940,0.0093,-0.0236,-0.1064,-0.10,-0.06,0.054,2.9,96036.9,0.00,0.000,0.000,2
449684,-0.049,0.028,1.001,0.000,0.122,0.244,-62.036,267.620,156.196,0.9939,0.0080,-0.0261,-0.1070,-0.09,-0.03,0.025,3.1,96039.8,0.00,0.000,0.000,2
449884,-0.048,0.032,1.000,-0.061,0.122,0.244,-58.491,270.337,161.876,0.9948,0.0089,-0.0254,-0.0985,-0.10,-0.03,0.021,3.1,96036.5,0.00,0.000,0.000,2
450084,-0.047,0.030,1.002,0.000,0.061,0.183,-58.491,270.337,161.876,0.9948,0.0088,-0.0251,-0.0987,-0.05,0.02,0.039,3.0,96039.9,0.00,0.000,0.000,2
450284,-0.046,0.033,1.000,-0.061,0.244,0.183,-58.491,270.337,161.876,0.9948,0.0092,-0.0244,-0.0983,-0.05,0.02,0.020,3.0,96038.3,0.00,0.000,0.000,2
450484,-0.048,0.029,1.004,0.000,0.244,0.183,-58.491,270.337,161.876,0.9947,0.0080,-0.0249,-0.0992,-0.08,0.01,0.054,3.0,96033.4,0.00,0.000,0.000,2
450684,-0.048,0.032,1.001,0.061,0.183,0.244,-58.491,270.337,161.876,0.9948,0.0089,-0.0255,-0.0985,-0.06,0.03,0.030,3.1,96035.6,0.00,0.000,0.000,2
450884,-0.049,0.031,1.001,-0.122,0.244,0.183,-58.491,270.337,161.876,0.9947,0.0087,-0.0273,-0.0989,-0.03,0.05,0.031,3.3,96039.2,0.00,0.000,0.000,2
451084,-0.050,0.031,0.999,-0.061,0.183,0.244,-58.491,270.337,161.876,0.9947,0.0091,-0.0277,-0.0989,-0.02,0.06,0.007,3.3,96033.5,0.00,0.000,0.000,2
451284,-0.047,0.033,1.000,-0.061,0.244,0.244,-58.491,270.337,161.876,0.9948,0.0099,-0.0225,-0.0989,-0.05,0.03,0.011,2.8,96039.8,0.00,0.000,0.000,2
451484,-0.048,0.032,1.002,-0.122,0.244,0.183,-58.491,270.337,161.876,0.9948,0.0088,-0.0251,-0.0985,-0.08,0.01,0.035,3.0,96034.1,0.00,0.000,0.000,2
451684,-0.049,0.032,1.000,-0.061,0.244,0.244,-56.719,266.261,170.395,0.9949,0.0086,-0.0255,-0.0976,-0.02,0.06,0.016,3.1,96032.7,0.00,0.000,0.000,2
451884,-0.048,0.029,1.000,0.000,0.183,0.244,-56.719,266.261,170.395,0.9949,0.0087,-0.0255,-0.0968,0.00,0.07,0.020,3.1,96034.8,0.00,0.000,0.000,2
452084,-0.049,0.029,1.001,0.000,0.244,0.183,-56.719,266.261,170.395,0.9949,0.0084,-0.0260,-0.0969,0.04,0.10,0.030,3.1,96032.6,0.00,0.000,0.000,2
452284,-0.046,0.032,1.002,-0.061,0.183,0.305,-56.719,266.261,170.395,0.9950,0.0093,-0.0231,-0.0965,0.05,0.10,0.039,2.9,96033.5,0.00,0.000,0.000,2
452484,-0.047,0.030,1.003,0.000,0.183,0.183,-56.719,266.261,170.395,0.9949,0.0083,-0.0256,-0.0968,0.12,0.14,0.044,3.1,96034.8,0.00,0.000,0.000,2
452684,-0.051,0.032,1.005,0.000,0.183,0.305,-56.719,266.261,170.395,0.9948,0.0106,-0.0293,-0.0972,0.15,0.16,0.065,3.6,96033.4,0.00,0.000,0.000,2
452884,-0.049,0.029,1.000,-0.122,0.305,0.244,-56.719,266.261,170.395,0.9949,0.0084,-0.0267,-0.0970,0.12,0.11,0.011,3.2,96032.8,0.00,0.000,0.000,2
453084,-0.047,0.029,1.001,-0.183,0.305,0.183,-56.719,266.261,170.395,0.9949,0.0080,-0.0256,-0.0972,0.20,0.17,0.024,3.1,96031.3,0.00,0.000,0.000,2
453284,-0.046,0.030,1.001,-0.122,0.183,0.183,-56.719,266.261,170.395,0.9950,0.0090,-0.0227,-0.0969,0.23,0.17,0.024,2.8,96032.7,0.00,0.000,0.000,2
453484,-0.048,0.031,1.003,-0.061,0.183,0.244,-56.719,266.261,170.395,0.9950,0.0086,-0.0242,-0.0967,0.20,0.12,0.044,2.9,96035.0,0.00,0.000,0.000,2
453684,-0.049,0.030,1.004,-0.061,0.244,0.244,-56.719,266.261,170.395,0.9950,0.0085,-0.0247,-0.0968,0.19,0.10,0.054,3.0,96032.0,0.00,0.000,0.000,2
453884,-0.049,0.031,1.003,-0.061,0.244,0.244,-56.719,266.261,170.395,0.9948,0.0090,-0.0280,-0.0970,0.19,0.09,0.045,3.4,96033.4,0.00,0.000,0.000,2
454084,-0.047,0.030,1.001,0.000,0.305,0.122,-56.719,266.261,170.395,0.9950,0.0083,-0.0245,-0.0968,0.15,0.05,0.024,3.0,96032.8,0.00,0.000,0.000,2
454284,-0.045,0.029,1.000,0.000,0.244,0.244,-56.719,266.261,170.395,0.9950,0.0094,-0.0225,-0.0970,0.20,0.09,0.019,2.8,96031.4,0.00,0.000,0.000,2
454484,-0.048,0.030,1.000,-0.061,0.244,0.183,-56.719,266.261,170.395,0.9949,0.0083,-0.0257,-0.0969,0.22,0.10,0.015,3.1,96032.7,0.00,0.000,0.000,2
454684,-0.050,0.030,1.003,-0.061,0.183,0.183,-56.719,266.261,170.395,0.9949,0.0078,-0.0268,-0.0971,0.17,0.05,0.050,3.2,96034.1,0.00,0.000,0.000,2
454884,-0.048,0.031,1.001,-0.122,0.305,0.305,-56.719,266.261,170.395,0.9950,0.0086,-0.0251,-0.0967,0.16,0.04,0.025,3.0,96032.0,0.00,0.000,0.000,2
455084,-0.048,0.030,1.002,0.061,0.183,0.244,-56.719,266.261,170.395,0.9949,0.0086,-0.0260,-0.0968,0.18,0.05,0.035,3.1,96032.0,0.00,0.000,0.000,2
455284,-0.049,0.031,1.001,0.061,0.183,0.244,-56.719,266.261,170.395,0.9950,0.0087,-0.0260,-0.0965,0.20,0.07,0.030,3.1,96029.3,0.00,0.000,0.000,2
455484,-0.048,0.030,1.003,-0.061,0.244,0.183,-56.719,266.261,170.395,0.9949,0.0083,-0.0260,-0.0967,0.18,0.06,0.044,3.1,96032.8,0.00,0.000,0.000,2
455684,-0.047,0.030,0.998,-0.061,0.183,0.305,-70.898,277.129,159.036,0.9923,0.0153,-0.0248,-0.1207,0.18,0.05,-0.004,3.3,96029.9,0.00,0.000,0.000,2
455884,-0.048,0.029,1.001,0.061,0.183,0.305,-70.898,277.129,159.036,0.9923,0.0151,-0.0250,-0.1208,0.17,0.04,0.025,3.3,96030.5,0.00,0.000,0.000,2
456084,-0.049,0.030,1.002,-0.061,0.183,0.244,-70.898,277.129,159.036,0.9923,0.0155,-0.0249,-0.1206,0.11,-0.01,0.035,3.4,96028.5,0.00,0.000,0.000,2
456284,-0.047,0.031,1.003,0.000,0.183,0.183,-70.898,277.129,159.036,0.9923,0.0157,-0.0250,-0.1206,0.12,0.01,0.044,3.4,96028.5,0.00,0.000,0.000,2
456484,-0.046,0.033,1.007,0.061,0.244,0.183,-70.898,277.129,159.036,0.9923,0.0154,-0.0245,-0.1206,0.11,0.01,0.083,3.3,96030.6,0.00,0.000,0.000,2
456684,-0.048,0.030,1.002,-0.061,0.305,0.183,-70.898,277.129,159.036,0.9923,0.0149,-0.0238,-0.1206,0.07,-0.02,0.034,3.2,96035.6,0.00,0.000,0.000,2
456884,-0.049,0.029,1.004,-0.183,0.244,0.183,-70.898,277.129,159.036,0.9922,0.0149,-0.0263,-0.1207,-0.02,-0.08,0.059,3.5,96034.2,0.00,0.000,0.000,2
457084,-0.048,0.031,1.002,-0.061,0.305,0.244,-70.898,277.129,159.036,0.9923,0.0158,-0.0254,-0.1206,-0.09,-0.12,0.035,3.4,96038.5,0.00,0.000,0.000,2
457284,-0.048,0.032,1.002,-0.183,0.244,0.244,-70.898,277.129,159.036,0.9923,0.0160,-0.0268,-0.1201,-0.13,-0.13,0.035,3.6,96034.2,0.00,0.000,0.000,2
457484,-0.049,0.031,1.005,-0.061,0.183,0.305,-67.353,260.827,170.395,0.9922,0.0156,-0.0262,-0.1209,-0.11,-0.09,0.064,3.5,96035.0,0.00,0.000,0.000,2
457684,-0.048,0.032,1.001,-0.061,0.244,0.244,-67.353,260.827,170.395,0.9922,0.0161,-0.0263,-0.1206,-0.12,-0.07,0.026,3.5,96038.4,0.00,0.000,0.000,2
457884,-0.047,0.030,1.001,-0.122,0.244,0.183,-67.353,260.827,170.395,0.9922,0.0152,-0.0240,-0.1212,-0.10,-0.04,0.030,3.3,96032.0,0.00,0.000,0.000,2
458084,-0.049,0.032,1.003,-0.122,0.305,0.244,-67.353,260.827,170.395,0.9922,0.0161,-0.0263,-0.1207,-0.12,-0.04,0.050,3.5,96036.4,0.00,0.000,0.000,2
458284,-0.049,0.031,1.004,0.000,0.183,0.305,-67.353,260.827,170.395,0.9922,0.0161,-0.0253,-0.1209,-0.06,0.03,0.059,3.4,96033.6,0.00,0.000,0.000,2
458484,-0.050,0.029,1.000,-0.061,0.244,0.244,-67.353,260.827,170.395,0.9922,0.0154,-0.0260,-0.1212,-0.06,0.03,0.011,3.5,96032.9,0.00,0.000,0.000,2
458684,-0.048,0.031,1.003,0.000,0.183,0.305,-67.353,260.827,170.395,0.9922,0.0156,-0.0253,-0.1211,-0.09,0.01,0.049,3.4,96035.0,0.00,0.000,0.000,2
458884,-0.047,0.029,1.004,0.000,0.244,0.244,-67.353,260.827,170.395,0.9922,0.0152,-0.0245,-0.1213,-0.12,-0.02,0.053,3.3,96035.0,0.00,0.000,0.000,2
459084,-0.048,0.032,1.000,-0.183,0.244,0.244,-67.353,260.827,170.395,0.9922,0.0161,-0.0255,-0.1207,-0.11,-0.00,0.021,3.5,96037.0,0.00,0.000,0.000,2
459284,-0.047,0.029,1.002,-0.061,0.244,0.305,-67.353,260.827,170.395,0.9922,0.0154,-0.0254,-0.1211,-0.07,0.04,0.034,3.4,96035.0,0.00,0.000,0.000,2
459484,-0.048,0.031,1.002,-0.061,0.183,0.122,-67.353,260.827,170.395,0.9922,0.0160,-0.0258,-0.1208,-0.06,0.05,0.035,3.5,96036.3,0.00,0.000,0.000,2
459684,-0.046,0.030,1.000,-0.122,0.183,0.183,-67.353,260.827,170.395,0.9923,0.0156,-0.0236,-0.1209,-0.03,0.07,0.019,3.2,96038.5,0.00,0.000,0.000,2
459884,-0.047,0.031,1.004,-0.061,0.183,0.244,-67.353,260.827,170.395,0.9922,0.0154,-0.0239,-0.1210,-0.03,0.07,0.054,3.3,96034.2,0.00,0.000,0.000,2
460084,-0.046,0.029,1.004,-0.061,0.305,0.244,-67.353,260.827,170.395,0.9922,0.0155,-0.0244,-0.1211,-0.03,0.06,0.053,3.3,96036.4,0.00,0.000,0.000,2
460284,-0.047,0.030,1.000,-0.061,0.244,0.183,-67.353,260.827,170.395,0.9922,0.0156,-0.0245,-0.1210,-0.01,0.07,0.015,3.3,96033.6,0.00,0.000,0.000,2
460484,-0.047,0.030,1.001,0.000,0.122,0.244,-67.353,260.827,170.395,0.9922,0.0159,-0.0247,-0.1208,0.06,0.13,0.030,3.4,96029.3,0.00,0.000,0.000,2
460684,-0.048,0.030,1.003,-0.122,0.305,0.305,-67.353,260.827,170.395,0.9922,0.0153,-0.0261,-0.1212,0.11,0.16,0.049,3.5,96027.2,0.00,0.000,0.000,2
460884,-0.049,0.031,1.002,0.000,0.244,0.183,-67.353,260.827,170.395,0.9922,0.0158,-0.0259,-0.1210,0.14,0.16,0.036,3.5,96032.2,0.00,0.000,0.000,2
461084,-0.048,0.031,1.005,-0.061,0.122,0.183,-67.353,260.827,170.395,0.9922,0.0159,-0.0249,-0.1209,0.16,0.17,0.064,3.4,96030.0,0.00,0.000,0.000,2
461284,-0.049,0.030,0.999,-0.061,0.244,0.183,-56.719,268.978,153.356,0.9948,0.0105,-0.0285,-0.0969,0.19,0.16,0.002,3.5,96031.5,0.00,0.000,0.000,2
461484,-0.048,0.030,1.001,0.000,0.122,0.183,-56.719,268.978,153.356,0.9949,0.0084,-0.0262,-0.0965,0.13,0.10,0.025,3.2,96032.2,0.00,0.000,0.000,2
461684,-0.048,0.032,1.004,-0.183,0.244,0.183,-56.719,268.978,153.356,0.9950,0.0085,-0.0252,-0.0963,0.12,0.07,0.059,3.1,96033.6,0.00,0.000,0.000,2
461884,-0.048,0.029,1.001,-0.061,0.122,0.183,-56.719,268.978,153.356,0.9949,0.0086,-0.0270,-0.0968,0.08,0.03,0.030,3.2,96037.8,0.00,0.000,0.000,2
462084,-0.049,0.029,1.001,-0.061,0.366,0.183,-56.719,268.978,153.356,0.9949,0.0090,-0.0278,-0.0967,0.12,0.06,0.025,3.3,96033.5,0.00,0.000,0.000,2
462284,-0.046,0.030,0.998,0.000,0.366,0.244,-56.719,268.978,153.356,0.9950,0.0085,-0.0241,-0.0965,0.08,0.03,-0.005,2.9,96030.8,0.00,0.000,0.000,2
462484,-0.049,0.031,1.001,-0.061,0.183,0.305,-56.719,268.978,153.356,0.9950,0.0085,-0.0263,-0.0964,0.04,-0.01,0.025,3.2,96033.5,0.00,0.000,0.000,2
462684,-0.050,0.031,1.003,-0.061,0.183,0.244,-56.719,268.978,153.356,0.9949,0.0094,-0.0279,-0.0965,0.05,0.01,0.045,3.4,96035.0,0.00,0.000,0.000,2
462884,-0.047,0.031,1.002,0.061,0.183,0.244,-56.719,268.978,153.356,0.9950,0.0087,-0.0245,-0.0963,0.03,-0.01,0.034,3.0,96037.8,0.00,0.000,0.000,2
463084,-0.049,0.031,1.001,-0.122,0.244,0.183,-69.126,270.337,178.915,0.9936,0.0168,-0.0253,-0.1090,0.01,-0.01,0.030,3.5,96036.4,0.00,0.000,0.000,2
463284,-0.049,0.033,1.003,-0.061,0.305,0.244,-69.126,270.337,178.915,0.9924,0.0162,-0.0257,-0.1196,-0.01,-0.02,0.050,3.5,96034.4,0.00,0.000,0.000,2
463484,-0.047,0.029,1.002,-0.122,0.244,0.305,-69.126,270.337,178.915,0.9924,0.0143,-0.0229,-0.1198,-0.06,-0.05,0.034,3.1,96032.2,0.00,0.000,0.000,2
463684,-0.048,0.027,1.000,-0.061,0.244,0.305,-69.126,270.337,178.915,0.9923,0.0144,-0.0253,-0.1204,-0.09,-0.06,0.010,3.3,96032.9,0.00,0.000,0.000,2
463884,-0.049,0.032,0.999,-0.061,0.183,0.183,-69.126,270.337,178.915,0.9923,0.0157,-0.0261,-0.1197,-0.08,-0.03,0.002,3.5,96033.7,0.00,0.000,0.000,2
464084,-0.048,0.030,1.000,-0.061,0.183,0.244,-69.126,270.337,178.915,0.9924,0.0154,-0.0246,-0.1199,0.02,0.06,0.011,3.3,96033.6,0.00,0.000,0.000,2
464284,-0.048,0.030,1.005,-0.061,0.183,0.244,-69.126,270.337,178.915,0.9924,0.0154,-0.0249,-0.1199,-0.01,0.03,0.063,3.4,96032.2,0.00,0.000,0.000,2
464484,-0.048,0.030,1.005,-0.061,0.244,0.183,-69.126,270.337,178.915,0.9924,0.0160,-0.0253,-0.1194,-0.01,0.04,0.063,3.4,96036.4,0.00,0.000,0.000,2
464684,-0.049,0.033,1.003,-0.122,0.244,0.305,-69.126,270.337,178.915,0.9923,0.0158,-0.0261,-0.1197,-0.03,0.01,0.050,3.5,96038.6,0.00,0.000,0.000,2
464884,-0.045,0.029,1.002,-0.061,0.305,0.122,-69.126,270.337,178.915,0.9925,0.0150,-0.0225,-0.1196,-0.02,0.03,0.033,3.1,96035.0,0.00,0.000,0.000,2
465084,-0.049,0.029,1.003,0.000,0.183,0.244,-58.491,267.620,144.836,0.9942,0.0148,-0.0285,-0.1027,-0.06,-0.00,0.049,3.7,96040.0,0.00,0.000,0.000,2
465284,-0.047,0.029,1.000,-0.061,0.244,0.183,-58.491,267.620,144.836,0.9943,0.0157,-0.0240,-0.1031,-0.06,-0.00,0.010,3.3,96038.6,0.00,0.000,0.000,2
465484,-0.047,0.031,1.003,-0.061,0.183,0.244,-58.491,267.620,144.836,0.9943,0.0166,-0.0241,-0.1026,-0.11,-0.03,0.044,3.3,96036.4,0.00,0.000,0.000,2
465684,-0.047,0.031,1.003,-0.122,0.244,0.183,-58.491,267.620,144.836,0.9943,0.0163,-0.0242,-0.1027,-0.08,0.00,0.044,3.3,96033.6,0.00,0.000,0.000,2
465884,-0.049,0.029,1.003,-0.122,0.244,0.305,-58.491,267.620,144.836,0.9942,0.0160,-0.0258,-0.1030,-0.06,0.03,0.044,3.5,96035.7,0.00,0.000,0.000,2
466084,-0.048,0.030,1.005,0.000,0.183,0.183,-58.491,267.620,144.836,0.9943,0.0159,-0.0244,-0.1029,0.05,0.12,0.063,3.3,96028.0,0.00,0.000,0.000,2
466284,-0.048,0.031,1.008,0.000,0.183,0.122,-58.491,267.620,144.836,0.9943,0.0167,-0.0255,-0.1026,0.06,0.11,0.092,3.5,96036.5,0.00,0.000,0.000,2
466484,-0.048,0.032,1.001,-0.061,0.183,0.305,-58.491,267.620,144.836,0.9942,0.0168,-0.0255,-0.1027,0.04,0.09,0.031,3.5,96030.0,0.00,0.000,0.000,2
466684,-0.047,0.030,0.998,0.000,0.183,0.244,-58.491,267.620,144.836,0.9942,0.0160,-0.0248,-0.1030,0.05,0.09,-0.009,3.4,96033.8,0.00,0.000,0.000,2
466884,-0.048,0.031,1.003,0.000,0.122,0.183,-58.491,267.620,144.836,0.9943,0.0167,-0.0240,-0.1025,0.09,0.11,0.044,3.4,96034.4,0.00,0.000,0.000,2
467084,-0.047,0.032,1.001,-0.061,0.183,0.244,-70.898,268.978,141.996,0.9920,0.0100,-0.0271,-0.1227,0.09,0.10,0.025,3.3,96035.8,0.00,0.000,0.000,2
467284,-0.050,0.029,1.001,-0.122,0.183,0.183,-70.898,268.978,141.996,0.9920,0.0086,-0.0278,-0.1229,0.08,0.07,0.031,3.3,96036.5,0.00,0.000,0.000,2
467484,-0.048,0.028,1.002,-0.061,0.305,0.305,-70.898,268.978,141.996,0.9921,0.0084,-0.0259,-0.1226,0.04,0.04,0.034,3.1,96035.8,0.00,0.000,0.000,2
467684,-0.047,0.033,1.002,-0.061,0.244,0.305,-70.898,268.978,141.996,0.9921,0.0096,-0.0256,-0.1223,0.07,0.06,0.040,3.1,96037.2,0.00,0.000,0.000,2
467884,-0.047,0.029,1.000,-0.061,0.183,0.183,-70.898,268.978,141.996,0.9921,0.0084,-0.0261,-0.1228,0.07,0.05,0.015,3.1,96034.4,0.00,0.000,0.000,2
468084,-0.050,0.032,1.002,-0.061,0.244,0.244,-70.898,268.978,141.996,0.9920,0.0096,-0.0278,-0.1226,0.02,0.00,0.036,3.4,96037.2,0.00,0.000,0.000,2
468284,-0.048,0.032,0.998,-0.183,0.244,0.244,-70.898,268.978,141.996,0.9921,0.0093,-0.0266,-0.1225,0.01,0.00,-0.003,3.2,96035.8,0.00,0.000,0.000,2
468484,-0.048,0.031,1.000,-0.061,0.183,0.183,-70.898,268.978,141.996,0.9921,0.0092,-0.0269,-0.1226,0.07,0.06,0.011,3.3,96034.4,0.00,0.000,0.000,2
468684,-0.046,0.030,1.003,-0.061,0.244,0.305,-70.898,268.978,141.996,0.9921,0.0087,-0.0259,-0.1227,0.13,0.11,0.048,3.1,96033.0,0.00,0.000,0.000,2
468884,-0.050,0.030,1.000,-0.061,0.122,0.305,-70.898,268.978,141.996,0.9920,0.0083,-0.0257,-0.1230,0.12,0.09,0.011,3.1,96031.5,0.00,0.000,0.000,2
469084,-0.047,0.031,1.000,-0.122,0.183,0.183,-70.898,268.978,141.996,0.9921,0.0088,-0.0253,-0.1226,0.10,0.05,0.011,3.1,96035.0,0.00,0.000,0.000,2
469284,-0.047,0.030,1.005,-0.061,0.183,0.183,-70.898,268.978,141.996,0.9921,0.0084,-0.0246,-0.1227,0.07,0.03,0.067,3.0,96033.7,0.00,0.000,0.000,2
469484,-0.049,0.030,1.002,0.061,0.305,0.122,-70.898,268.978,141.996,0.9921,0.0084,-0.0258,-0.1229,0.09,0.05,0.035,3.1,96031.5,0.00,0.000,0.000,2
469684,-0.050,0.032,1.003,0.000,0.183,0.244,-70.898,268.978,141.996,0.9919,0.0103,-0.0289,-0.1229,0.11,0.07,0.046,3.5,96033.6,0.00,0.000,0.000,2
469884,-0.049,0.031,1.003,-0.061,0.244,0.122,-70.898,268.978,141.996,0.9920,0.0092,-0.0278,-0.1227,0.10,0.05,0.045,3.4,96035.8,0.00,0.000,0.000,2
470084,-0.051,0.031,1.000,-0.122,0.183,0.244,-70.898,268.978,141.996,0.9919,0.0098,-0.0291,-0.1229,0.08,0.03,0.017,3.5,96030.9,0.00,0.000,0.000,2
470284,-0.046,0.030,1.000,-0.061,0.305,0.183,-70.898,268.978,141.996,0.9921,0.0089,-0.0237,-0.1227,0.10,0.05,0.020,2.9,96037.2,0.00,0.000,0.000,2
470484,-0.049,0.031,1.001,-0.122,0.183,0.122,-70.898,268.978,141.996,0.9921,0.0093,-0.0244,-0.1231,0.08,0.03,0.026,3.0,96033.7,0.00,0.000,0.000,2
470684,-0.047,0.029,1.003,-0.122,0.305,0.305,-70.898,268.978,141.996,0.9921,0.0079,-0.0249,-0.1231,0.04,-0.00,0.048,3.0,96033.6,0.00,0.000,0.000,2
470884,-0.048,0.030,1.000,-0.061,0.244,0.183,-63.809,255.394,176.075,0.9930,0.0086,-0.0248,-0.1149,0.02,-0.02,0.015,3.0,96036.4,0.00,0.000,0.000,2
471084,-0.049,0.030,1.005,0.000,0.122,0.305,-63.809,255.394,176.075,0.9930,0.0084,-0.0273,-0.1148,-0.05,-0.06,0.064,3.3,96039.3,0.00,0.000,0.000,2
471284,-0.048,0.031,1.001,-0.061,0.366,0.183,-63.809,255.394,176.075,0.9930,0.0085,-0.0271,-0.1145,-0.01,-0.01,0.030,3.2,96033.8,0.00,0.000,0.000,2
471484,-0.047,0.032,1.004,0.000,0.244,0.244,-63.809,255.394,176.075,0.9930,0.0095,-0.0276,-0.1145,-0.02,-0.01,0.059,3.3,96031.6,0.00,0.000,0.000,2
471684,-0.049,0.030,1.001,-0.061,0.183,0.244,-63.809,255.394,176.075,0.9930,0.0081,-0.0260,-0.1146,-0.03,-0.01,0.026,3.1,96038.0,0.00,0.000,0.000,2
471884,-0.047,0.031,1.002,-0.122,0.183,0.244,-63.809,255.394,176.075,0.9931,0.0086,-0.0233,-0.1147,-0.06,-0.03,0.039,2.8,96034.4,0.00,0.000,0.000,2
472084,-0.048,0.031,1.000,-0.061,0.305,0.244,-63.809,255.394,176.075,0.9931,0.0083,-0.0254,-0.1145,-0.09,-0.04,0.016,3.1,96036.5,0.00,0.000,0.000,2
472284,-0.048,0.030,1.003,0.000,0.244,0.244,-63.809,255.394,176.075,0.9930,0.0082,-0.0266,-0.1146,-0.07,-0.01,0.044,3.2,96037.1,0.00,0.000,0.000,2
472484,-0.046,0.031,1.000,-0.061,0.183,0.244,-63.809,255.394,176.075,0.9931,0.0089,-0.0232,-0.1146,-0.09,-0.02,0.015,2.8,96035.1,0.00,0.000,0.000,2
472684,-0.047,0.029,1.002,-0.061,0.244,0.244,-63.809,255.394,176.075,0.9930,0.0075,-0.0243,-0.1150,-0.10,-0.02,0.038,2.9,96033.8,0.00,0.000,0.000,2
472884,-0.047,0.029,1.003,0.000,0.244,0.183,-65.581,267.620,161.876,0.9932,0.0081,-0.0245,-0.1131,-0.10,-0.01,0.048,3.0,96035.0,0.00,0.000,0.000,2
473084,-0.047,0.028,1.003,-0.061,0.305,0.305,-65.581,267.620,161.876,0.9932,0.0079,-0.0247,-0.1133,-0.05,0.05,0.043,3.0,96032.4,0.00,0.000,0.000,2
473284,-0.047,0.033,0.981,0.244,0.244,0.305,-65.581,267.620,161.876,0.9934,0.0124,-0.0257,-0.1108,0.03,0.10,-0.170,3.3,96029.5,0.00,0.000,0.000,2
473484,-0.045,0.033,1.005,0.000,0.244,0.305,-65.581,267.620,161.876,0.9933,0.0094,-0.0232,-0.1125,0.09,0.15,0.067,2.9,96029.6,0.00,0.000,0.000,2
473684,-0.051,0.030,1.000,-0.061,0.244,0.244,-65.581,267.620,161.876,0.9930,0.0116,-0.0286,-0.1137,0.12,0.15,0.012,3.5,96035.0,0.00,0.000,0.000,2
473884,-0.048,0.028,1.000,-0.122,0.366,0.183,-65.581,267.620,161.876,0.9929,0.0149,-0.0264,-0.1154,0.13,0.15,0.015,3.5,96035.0,0.00,0.000,0.000,2
474084,-0.048,0.030,1.000,-0.122,0.305,0.183,-65.581,267.620,161.876,0.9930,0.0134,-0.0224,-0.1148,0.13,0.13,0.020,3.0,96032.9,0.00,0.000,0.000,2
474284,-0.047,0.032,1.001,0.000,0.183,0.122,-65.581,267.620,161.876,0.9930,0.0161,-0.0242,-0.1149,0.11,0.09,0.030,3.3,96035.1,0.00,0.000,0.000,2
474484,-0.050,0.029,1.000,0.000,0.244,0.244,-65.581,267.620,161.876,0.9928,0.0142,-0.0280,-0.1152,0.07,0.05,0.012,3.6,96035.0,0.00,0.000,0.000,2
474684,-0.048,0.030,1.004,-0.122,0.305,0.183,-56.719,260.827,164.716,0.9941,0.0151,-0.0266,-0.1044,0.06,0.04,0.054,3.5,96033.7,0.00,0.000,0.000,2
474884,-0.046,0.030,1.003,-0.122,0.244,0.183,-56.719,260.827,164.716,0.9945,0.0156,-0.0229,-0.1014,0.07,0.06,0.048,3.2,96030.2,0.00,0.000,0.000,2
475084,-0.050,0.031,1.003,-0.061,0.366,0.183,-56.719,260.827,164.716,0.9944,0.0165,-0.0267,-0.1013,0.06,0.04,0.046,3.6,96031.7,0.00,0.000,0.000,2
475284,-0.050,0.034,0.999,-0.061,0.183,0.244,-56.719,260.827,164.716,0.9947,0.0097,-0.0274,-0.0983,0.03,0.01,0.003,3.3,96035.2,0.00,0.000,0.000,2
475484,-0.047,0.032,1.003,0.000,0.122,0.244,-56.719,260.827,164.716,0.9948,0.0092,-0.0234,-0.0989,0.01,0.00,0.049,2.9,96033.8,0.00,0.000,0.000,2
475684,-0.047,0.030,1.002,-0.183,0.244,0.183,-56.719,260.827,164.716,0.9947,0.0080,-0.0252,-0.0992,0.02,0.02,0.039,3.0,96034.2,0.00,0.000,0.000,2
475884,-0.048,0.029,1.003,-0.061,0.183,0.244,-56.719,260.827,164.716,0.9947,0.0083,-0.0251,-0.0992,0.05,0.05,0.044,3.0,96032.2,0.00,0.000,0.000,2
476084,-0.048,0.029,1.000,-0.122,0.244,0.244,-56.719,260.827,164.716,0.9946,0.0089,-0.0280,-0.0995,0.06,0.05,0.020,3.4,96034.4,0.00,0.000,0.000,2
476284,-0.049,0.032,1.005,0.000,0.183,0.183,-56.719,260.827,164.716,0.9947,0.0087,-0.0260,-0.0988,0.07,0.06,0.064,3.1,96033.6,0.00,0.000,0.000,2
476484,-0.048,0.030,1.002,-0.122,0.305,0.183,-56.719,260.827,164.716,0.9947,0.0085,-0.0260,-0.0990,0.08,0.07,0.039,3.1,96035.7,0.00,0.000,0.000,2
476684,-0.048,0.031,1.003,0.061,0.183,0.183,-65.581,262.186,139.156,0.9926,0.0159,-0.0252,-0.1181,0.08,0.07,0.049,3.4,96031.5,0.00,0.000,0.000,2
476884,-0.048,0.029,1.000,0.000,0.183,0.305,-65.581,262.186,139.156,0.9926,0.0142,-0.0235,-0.1183,0.01,-0.00,0.015,3.1,96033.6,0.00,0.000,0.000,2
477084,-0.048,0.032,1.002,0.000,0.305,0.183,-65.581,262.186,139.156,0.9926,0.0159,-0.0267,-0.1178,0.09,0.07,0.035,3.6,96033.6,0.00,0.000,0.000,2
477284,-0.045,0.032,1.000,0.000,0.244,0.244,-65.581,262.186,139.156,0.9927,0.0154,-0.0230,-0.1178,0.07,0.05,0.020,3.2,96035.1,0.00,0.000,0.000,2
477484,-0.049,0.032,1.002,0.000,0.122,0.122,-65.581,262.186,139.156,0.9925,0.0157,-0.0252,-0.1182,0.07,0.04,0.040,3.4,96031.5,0.00,0.000,0.000,2
477684,-0.048,0.030,1.002,0.000,0.244,0.183,-65.581,262.186,139.156,0.9925,0.0154,-0.0258,-0.1182,0.04,0.02,0.035,3.4,96035.8,0.00,0.000,0.000,2
477884,-0.047,0.031,1.003,-0.061,0.183,0.183,-65.581,262.186,139.156,0.9926,0.0157,-0.0239,-0.1180,-0.02,-0.03,0.049,3.3,96037.1,0.00,0.000,0.000,2
478084,-0.047,0.033,0.998,-0.061,0.244,0.366,-65.581,262.186,139.156,0.9926,0.0163,-0.0240,-0.1180,-0.01,-0.01,-0.003,3.3,96033.6,0.00,0.000,0.000,2
478408,-0.050,0.030,1.004,-0.061,0.122,0.244,-65.581,262.186,139.156,0.9891,0.0519,-0.0471,-0.1294,-0.02,-0.01,0.015,8.0,96037.8,0.00,0.000,0.000,2
478484,-0.047,0.032,1.002,-0.122,0.244,0.244,-56.719,274.412,159.036,0.9924,0.0229,-0.0342,-0.1159,-0.00,0.01,0.032,4.7,96032.9,0.00,0.000,0.000,2
478684,-0.051,0.031,1.002,-0.061,0.183,0.122,-56.719,274.412,159.036,0.9951,0.0087,-0.0278,-0.0944,0.04,0.05,0.036,3.3,96030.9,0.00,0.000,0.000,2
478884,-0.049,0.030,1.001,-0.061,0.183,0.183,-56.719,274.412,159.036,0.9952,0.0085,-0.0261,-0.0943,0.03,0.04,0.030,3.1,96029.6,0.00,0.000,0.000,2
479084,-0.047,0.029,1.004,-0.061,0.305,0.183,-56.719,274.412,159.036,0.9952,0.0081,-0.0247,-0.0946,0.07,0.07,0.053,3.0,96035.2,0.00,0.000,0.000,2
479284,-0.050,0.030,1.003,-0.061,0.305,0.244,-56.719,274.412,159.036,0.9952,0.0086,-0.0265,-0.0942,0.06,0.06,0.045,3.2,96035.8,0.00,0.000,0.000,2
479484,-0.048,0.032,1.004,-0.061,0.244,0.183,-56.719,274.412,159.036,0.9952,0.0088,-0.0245,-0.0940,0.06,0.05,0.054,3.0,96034.3,0.00,0.000,0.000,2
479684,-0.049,0.032,1.005,0.000,0.305,0.244,-56.719,274.412,159.036,0.9952,0.0088,-0.0267,-0.0939,0.05,0.04,0.069,3.2,96031.5,0.00,0.000,0.000,2
479884,-0.047,0.030,1.006,-0.061,0.305,0.244,-56.719,274.412,159.036,0.9952,0.0086,-0.0243,-0.0943,0.06,0.05,0.072,3.0,96036.4,0.00,0.000,0.000,2
480084,-0.047,0.029,1.001,0.000,0.305,0.244,-56.719,274.412,159.036,0.9952,0.0083,-0.0258,-0.0944,0.08,0.07,0.029,3.1,96034.4,0.00,0.000,0.000,2
480284,-0.049,0.030,1.003,-0.122,0.244,0.183,-67.353,274.412,159.036,0.9941,0.0155,-0.0251,-0.1039,0.03,0.02,0.044,3.4,96034.4,0.00,0.000,0.000,2
480484,-0.047,0.029,1.001,-0.061,0.305,0.244,-67.353,274.412,159.036,0.9932,0.0087,-0.0238,-0.1137,0.03,0.02,0.029,2.9,96035.8,0.00,0.000,0.000,2
480684,-0.047,0.030,1.004,0.000,0.183,0.244,-67.353,274.412,159.036,0.9932,0.0082,-0.0248,-0.1135,-0.02,-0.02,0.058,3.0,96037.1,0.00,0.000,0.000,2
480884,-0.047,0.030,1.005,-0.122,0.305,0.183,-67.353,274.412,159.036,0.9932,0.0080,-0.0252,-0.1136,-0.04,-0.03,0.063,3.0,96035.9,0.00,0.000,0.000,2
481084,-0.048,0.031,1.000,0.061,0.183,0.244,-67.353,274.412,159.036,0.9931,0.0090,-0.0271,-0.1134,-0.09,-0.06,0.016,3.3,96035.2,0.00,0.000,0.000,2
481284,-0.048,0.032,1.002,-0.061,0.183,0.183,-67.353,274.412,159.036,0.9931,0.0093,-0.0273,-0.1132,-0.07,-0.03,0.040,3.3,96035.9,0.00,0.000,0.000,2
481484,-0.047,0.029,1.003,-0.061,0.183,0.305,-67.353,274.412,159.036,0.9932,0.0085,-0.0242,-0.1135,-0.01,0.04,0.048,2.9,96035.9,0.00,0.000,0.000,2
481684,-0.048,0.030,1.002,-0.061,0.183,0.183,-67.353,274.412,159.036,0.9932,0.0080,-0.0252,-0.1135,-0.04,0.01,0.039,3.0,96035.7,0.00,0.000,0.000,2
481884,-0.047,0.031,1.002,0.000,0.244,0.183,-67.353,274.412,159.036,0.9932,0.0088,-0.0240,-0.1134,0.01,0.06,0.039,2.9,96033.8,0.00,0.000,0.000,2
482084,-0.049,0.029,1.003,-0.122,0.244,0.244,-67.353,274.412,159.036,0.9931,0.0078,-0.0265,-0.1138,0.02,0.06,0.044,3.2,96033.1,0.00,0.000,0.000,2
482284,-0.047,0.031,1.003,0.000,0.305,0.183,-70.898,255.394,147.676,0.9911,0.0122,-0.0276,-0.1297,0.04,0.08,0.044,3.5,96034.5,0.00,0.000,0.000,2
482484,-0.049,0.031,1.001,-0.061,0.244,0.244,-70.898,255.394,147.676,0.9909,0.0144,-0.0267,-0.1313,0.01,0.04,0.031,3.5,96034.4,0.00,0.000,0.000,2
482684,-0.047,0.030,1.001,-0.122,0.183,0.244,-70.898,255.394,147.676,0.9910,0.0150,-0.0255,-0.1308,-0.01,0.02,0.029,3.4,96037.3,0.00,0.000,0.000,2
482884,-0.049,0.030,1.002,-0.122,0.183,0.183,-70.898,255.394,147.676,0.9909,0.0147,-0.0264,-0.1309,0.01,0.04,0.040,3.5,96031.7,0.00,0.000,0.000,2
483084,-0.047,0.030,1.005,0.000,0.122,0.183,-70.898,255.394,147.676,0.9910,0.0145,-0.0236,-0.1308,0.01,0.04,0.063,3.2,96033.0,0.00,0.000,0.000,2
483284,-0.048,0.032,1.001,0.000,0.244,0.183,-70.898,255.394,147.676,0.9910,0.0154,-0.0250,-0.1309,0.00,0.03,0.030,3.4,96033.8,0.00,0.000,0.000,2
483484,-0.049,0.032,1.005,-0.061,0.122,0.183,-70.898,255.394,147.676,0.9910,0.0158,-0.0255,-0.1306,0.01,0.04,0.064,3.4,96036.5,0.00,0.000,0.000,2
483684,-0.049,0.031,1.002,-0.061,0.183,0.305,-70.898,255.394,147.676,0.9909,0.0148,-0.0253,-0.1311,0.03,0.06,0.040,3.4,96033.1,0.00,0.000,0.000,2
483884,-0.050,0.031,0.999,-0.061,0.183,0.244,-70.898,255.394,147.676,0.9909,0.0151,-0.0271,-0.1309,0.05,0.08,0.002,3.5,96029.5,0.00,0.000,0.000,2
484084,-0.049,0.030,1.002,-0.061,0.183,0.183,-70.898,255.394,147.676,0.9910,0.0144,-0.0249,-0.1307,0.08,0.09,0.035,3.3,96037.2,0.00,0.000,0.000,2
484284,-0.047,0.032,1.001,-0.061,0.183,0.244,-77.988,274.412,170.395,0.9907,0.0155,-0.0243,-0.1333,0.08,0.09,0.025,3.3,96033.1,0.00,0.000,0.000,2
484484,-0.048,0.029,1.001,-0.122,0.305,0.244,-77.988,274.412,170.395,0.9905,0.0140,-0.0267,-0.1338,0.12,0.11,0.030,3.5,96037.2,0.00,0.000,0.000,2
484684,-0.048,0.033,1.000,-0.122,0.366,0.183,-77.988,274.412,170.395,0.9906,0.0155,-0.0257,-0.1337,0.13,0.10,0.017,3.4,96034.5,0.00,0.000,0.000,2
484884,-0.048,0.030,1.001,-0.061,0.183,0.244,-77.988,274.412,170.395,0.9906,0.0147,-0.0266,-0.1336,0.10,0.07,0.030,3.5,96033.1,0.00,0.000,0.000,2
485084,-0.048,0.031,1.000,0.061,0.183,0.305,-77.988,274.412,170.395,0.9906,0.0150,-0.0249,-0.1337,0.12,0.08,0.021,3.3,96032.3,0.00,0.000,0.000,2
485284,-0.051,0.031,1.005,-0.061,0.244,0.244,-77.988,274.412,170.395,0.9905,0.0147,-0.0282,-0.1335,0.15,0.10,0.065,3.6,96028.7,0.00,0.000,0.000,2
485484,-0.049,0.030,1.002,0.000,0.244,0.244,-77.988,274.412,170.395,0.9906,0.0145,-0.0268,-0.1336,0.14,0.08,0.040,3.5,96038.1,0.00,0.000,0.000,2
485684,-0.049,0.031,1.004,0.000,0.305,0.244,-77.988,274.412,170.395,0.9906,0.0151,-0.0268,-0.1335,0.06,0.00,0.059,3.5,96035.9,0.00,0.000,0.000,2
485884,-0.051,0.031,1.001,-0.122,0.061,0.305,-77.988,274.412,170.395,0.9905,0.0143,-0.0279,-0.1337,-0.00,-0.04,0.031,3.6,96032.4,0.00,0.000,0.000,2
486084,-0.046,0.032,1.000,0.000,0.244,0.244,-77.988,274.412,170.395,0.9906,0.0152,-0.0245,-0.1336,-0.02,-0.04,0.015,3.3,96035.9,0.00,0.000,0.000,2
486284,-0.047,0.030,1.004,0.000,0.244,0.305,-77.988,274.412,170.395,0.9907,0.0145,-0.0238,-0.1334,-0.05,-0.06,0.054,3.2,96038.7,0.00,0.000,0.000,2
