Time,AccX,AccY,AccZ,GyroX,GyroY,GyroZ,MagX,MagY,MagZ,QW,QX,QY,QZ,AltFilt,VelFilt,AccVertLiq,Tilt,Pressao,Servo,Gain1,Gain2,Estado
4481,-0.048,0.032,1.004,-0.061,0.122,0.183,0.000,0.000,0.000,1.0000,0.0000,0.0000,0.0000,0.14,0.00,0.043,0.0,96035.1,0.00,0.000,0.000,2
4681,-0.049,0.032,1.002,-0.122,0.244,0.183,0.000,0.000,0.000,1.0000,0.0000,0.0000,0.0000,0.16,0.01,0.019,0.0,96033.1,0.00,0.000,0.000,2
4881,-0.047,0.028,1.000,-0.061,0.183,0.183,0.000,0.000,0.000,1.0000,0.0000,0.0000,0.0000,0.13,0.01,-0.005,0.0,96036.5,0.00,0.000,0.000,2
5081,-0.048,0.031,1.001,-0.122,0.305,0.305,0.000,0.000,0.000,1.0000,0.0000,0.0000,0.0000,0.15,0.01,0.010,0.0,96034.5,0.00,0.000,0.000,2
5281,-0.047,0.031,1.004,0.000,0.244,0.183,0.000,0.000,0.000,1.0000,0.0000,0.0000,0.0000,0.12,-0.00,0.043,0.0,96038.8,0.00,0.000,0.000,2
5481,-0.049,0.029,1.005,-0.122,0.244,0.244,0.000,0.000,0.000,1.0000,0.0000,0.0000,0.0000,0.07,-0.03,0.048,0.0,96035.1,0.00,0.000,0.000,2
5681,-0.048,0.029,1.003,-0.061,0.244,0.244,0.000,0.000,0.000,1.0000,0.0000,0.0000,0.0000,0.08,-0.01,0.029,0.0,96033.1,0.00,0.000,0.000,2
5881,-0.050,0.031,0.998,-0.061,0.122,0.183,-54.946,259.469,167.556,1.0000,0.0009,-0.0007,-0.0012,0.05,-0.04,-0.023,0.1,96034.4,0.00,0.000,0.000,2
6081,-0.048,0.031,1.000,-0.122,0.183,0.244,-54.946,259.469,167.556,1.0000,0.0028,-0.0023,-0.0035,0.03,-0.05,-0.001,0.4,96034.3,0.00,0.000,0.000,2
6281,-0.048,0.031,1.001,-0.122,0.244,0.183,-54.946,259.469,167.556,1.0000,0.0046,-0.0039,-0.0059,0.01,-0.05,0.020,0.7,96041.5,0.00,0.000,0.000,2
6481,-0.048,0.031,1.000,-0.122,0.244,0.183,-54.946,259.469,167.556,0.9999,0.0063,-0.0054,-0.0084,0.02,-0.04,0.012,1.0,96035.1,0.00,0.000,0.000,2
6681,-0.050,0.032,1.000,-0.122,0.366,0.244,-54.946,259.469,167.556,0.9999,0.0081,-0.0069,-0.0109,0.01,-0.03,0.014,1.2,96037.9,0.00,0.000,0.000,2
6881,-0.050,0.031,1.001,0.000,0.244,0.183,-54.946,259.469,167.556,0.9998,0.0098,-0.0084,-0.0135,0.06,0.01,0.025,1.5,96035.9,0.00,0.000,0.000,2
7081,-0.048,0.030,0.999,-0.061,0.183,0.244,-54.946,259.469,167.556,0.9998,0.0114,-0.0099,-0.0161,0.06,0.01,0.002,1.7,96039.3,0.00,0.000,0.000,2
7281,-0.048,0.031,0.999,-0.122,0.305,0.183,-54.946,259.469,167.556,0.9997,0.0130,-0.0113,-0.0187,0.07,0.03,-0.002,2.0,96033.1,0.00,0.000,0.000,2
7481,-0.049,0.030,1.003,-0.122,0.244,0.305,-54.946,259.469,167.556,0.9996,0.0145,-0.0127,-0.0215,0.05,0.01,0.042,2.2,96031.5,0.00,0.000,0.000,2
7681,-0.048,0.029,1.001,-0.122,0.183,0.183,-54.946,259.469,167.556,0.9995,0.0159,-0.0141,-0.0243,0.08,0.04,0.023,2.4,96034.5,0.00,0.000,0.000,2
7881,-0.049,0.031,1.000,-0.122,0.305,0.305,-54.946,281.205,156.196,0.9994,0.0171,-0.0155,-0.0273,0.09,0.05,0.010,2.6,96035.2,0.00,0.000,0.000,2
8081,-0.048,0.032,1.002,-0.061,0.305,0.244,-54.946,281.205,156.196,0.9992,0.0181,-0.0168,-0.0304,0.08,0.03,0.039,2.8,96036.5,0.00,0.000,0.000,2
8281,-0.048,0.032,1.004,-0.122,0.305,0.244,-54.946,281.205,156.196,0.9991,0.0190,-0.0180,-0.0335,0.12,0.06,0.058,3.0,96033.0,0.00,0.000,0.000,2
8481,-0.049,0.033,1.001,-0.122,0.244,0.244,-54.946,281.205,156.196,0.9989,0.0197,-0.0192,-0.0367,0.16,0.09,0.030,3.2,96032.3,0.00,0.000,0.000,2
8681,-0.047,0.030,0.996,-0.122,0.305,0.183,-54.946,281.205,156.196,0.9988,0.0203,-0.0203,-0.0399,0.20,0.12,-0.024,3.3,96034.5,0.00,0.000,0.000,2
8881,-0.049,0.032,1.002,-0.122,0.305,0.183,-54.946,281.205,156.196,0.9986,0.0208,-0.0213,-0.0431,0.22,0.12,0.035,3.4,96035.2,0.00,0.000,0.000,2
9081,-0.045,0.029,0.999,0.000,0.305,0.183,-54.946,281.205,156.196,0.9985,0.0210,-0.0222,-0.0464,0.15,0.04,0.003,3.5,96040.0,0.00,0.000,0.000,2
9281,-0.048,0.031,1.004,-0.061,0.305,0.244,-54.946,281.205,156.196,0.9983,0.0210,-0.0231,-0.0498,0.13,0.02,0.053,3.6,96035.2,0.00,0.000,0.000,2
9481,-0.049,0.031,1.002,-0.122,0.122,0.244,-54.946,281.205,156.196,0.9981,0.0209,-0.0237,-0.0531,0.09,-0.01,0.039,3.6,96037.3,0.00,0.000,0.000,2
9681,-0.046,0.031,1.002,-0.061,0.305,0.183,-54.946,281.205,156.196,0.9979,0.0207,-0.0242,-0.0565,0.06,-0.03,0.034,3.7,96039.2,0.00,0.000,0.000,2
9881,-0.050,0.030,0.997,-0.061,0.183,0.244,-53.174,260.827,164.716,0.9977,0.0207,-0.0248,-0.0598,0.03,-0.05,-0.013,3.7,96035.2,0.00,0.000,0.000,2
10081,-0.046,0.029,1.000,-0.061,0.244,0.183,-53.174,260.827,164.716,0.9975,0.0204,-0.0250,-0.0631,0.01,-0.05,0.018,3.7,96033.0,0.00,0.000,0.000,2
10281,-0.046,0.032,1.007,-0.122,0.244,0.183,-53.174,260.827,164.716,0.9973,0.0199,-0.0251,-0.0664,0.01,-0.04,0.082,3.7,96033.1,0.00,0.000,0.000,2
10481,-0.049,0.030,1.001,0.000,0.183,0.183,-53.174,260.827,164.716,0.9971,0.0193,-0.0254,-0.0696,-0.01,-0.05,0.030,3.7,96030.8,0.00,0.000,0.000,2
10681,-0.048,0.030,1.000,-0.122,0.244,0.244,-53.174,260.827,164.716,0.9968,0.0186,-0.0256,-0.0728,-0.02,-0.04,0.015,3.6,96037.2,0.00,0.000,0.000,2
10881,-0.047,0.029,1.001,-0.061,0.183,0.244,-53.174,260.827,164.716,0.9966,0.0178,-0.0256,-0.0759,-0.02,-0.02,0.029,3.6,96031.0,0.00,0.000,0.000,2
11081,-0.049,0.032,1.004,0.000,0.244,0.122,-53.174,260.827,164.716,0.9964,0.0171,-0.0257,-0.0789,-0.06,-0.05,0.060,3.5,96038.0,0.00,0.000,0.000,2
11281,-0.047,0.032,0.996,0.000,0.244,0.305,-53.174,260.827,164.716,0.9962,0.0163,-0.0260,-0.0819,-0.08,-0.05,-0.022,3.5,96040.1,0.00,0.000,0.000,2
11481,-0.049,0.031,1.001,-0.183,0.183,0.244,-53.174,260.827,164.716,0.9960,0.0155,-0.0259,-0.0846,-0.07,-0.04,0.031,3.5,96035.7,0.00,0.000,0.000,2
11681,-0.046,0.032,1.002,-0.183,0.305,0.183,-53.174,260.827,164.716,0.9958,0.0149,-0.0257,-0.0871,-0.02,0.01,0.035,3.4,96033.7,0.00,0.000,0.000,2
11881,-0.048,0.028,1.005,-0.061,0.244,0.244,-58.491,281.205,161.876,0.9955,0.0146,-0.0259,-0.0895,-0.02,0.02,0.063,3.4,96036.5,0.00,0.000,0.000,2
12081,-0.049,0.032,1.000,-0.061,0.244,0.244,-58.491,281.205,161.876,0.9953,0.0141,-0.0261,-0.0918,-0.00,0.04,0.017,3.4,96035.2,0.00,0.000,0.000,2
12281,-0.049,0.030,1.000,-0.061,0.244,0.183,-58.491,281.205,161.876,0.9952,0.0136,-0.0258,-0.0934,-0.02,0.02,0.021,3.3,96037.2,0.00,0.000,0.000,2
12481,-0.050,0.032,1.002,-0.061,0.244,0.183,-58.491,281.205,161.876,0.9951,0.0134,-0.0259,-0.0947,0.04,0.07,0.041,3.3,96033.8,0.00,0.000,0.000,2
12681,-0.050,0.030,1.004,-0.122,0.183,0.244,-58.491,281.205,161.876,0.9950,0.0129,-0.0260,-0.0955,0.02,0.05,0.060,3.3,96035.2,0.00,0.000,0.000,2
12881,-0.048,0.028,0.999,-0.061,0.244,0.183,-58.491,281.205,161.876,0.9949,0.0128,-0.0261,-0.0961,0.02,0.04,0.006,3.3,96036.5,0.00,0.000,0.000,2
13081,-0.048,0.030,1.000,-0.122,0.244,0.305,-58.491,281.205,161.876,0.9949,0.0127,-0.0260,-0.0965,0.06,0.08,0.021,3.3,96029.4,0.00,0.000,0.000,2
13281,-0.049,0.033,1.000,-0.122,0.305,0.244,-58.491,281.205,161.876,0.9949,0.0127,-0.0261,-0.0968,0.08,0.09,0.022,3.3,96033.1,0.00,0.000,0.000,2
13481,-0.048,0.032,1.005,-0.061,0.122,0.183,-58.491,281.205,161.876,0.9949,0.0126,-0.0259,-0.0970,0.05,0.05,0.069,3.3,96032.3,0.00,0.000,0.000,2
13681,-0.048,0.030,1.002,-0.061,0.305,0.244,-58.491,281.205,161.876,0.9949,0.0124,-0.0259,-0.0971,0.10,0.09,0.040,3.3,96034.4,0.00,0.000,0.000,2
13881,-0.049,0.031,1.003,-0.122,0.366,0.122,-53.174,266.261,147.676,0.9950,0.0121,-0.0260,-0.0962,0.11,0.09,0.050,3.3,96033.1,0.00,0.000,0.000,2
14081,-0.046,0.030,0.999,-0.061,0.244,0.183,-53.174,266.261,147.676,0.9950,0.0121,-0.0260,-0.0953,0.08,0.06,0.000,3.3,96036.0,0.00,0.000,0.000,2
14281,-0.049,0.030,1.000,-0.061,0.305,0.122,-53.174,266.261,147.676,0.9951,0.0121,-0.0257,-0.0946,0.02,-0.00,0.016,3.3,96040.7,0.00,0.000,0.000,2
14481,-0.049,0.031,1.001,0.000,0.183,0.244,-53.174,266.261,147.676,0.9951,0.0124,-0.0258,-0.0942,-0.04,-0.05,0.026,3.3,96037.2,0.00,0.000,0.000,2
14681,-0.048,0.031,1.001,0.061,0.244,0.366,-53.174,266.261,147.676,0.9952,0.0126,-0.0259,-0.0939,-0.11,-0.09,0.030,3.3,96035.2,0.00,0.000,0.000,2
14881,-0.049,0.031,0.996,-0.061,0.183,0.305,-53.174,266.261,147.676,0.9952,0.0125,-0.0261,-0.0937,-0.12,-0.09,-0.022,3.3,96039.4,0.00,0.000,0.000,2
15081,-0.048,0.032,1.002,-0.122,0.305,0.244,-53.174,266.261,147.676,0.9952,0.0125,-0.0257,-0.0936,-0.11,-0.06,0.040,3.3,96038.7,0.00,0.000,0.000,2
15281,-0.049,0.030,1.003,-0.061,0.244,0.183,-53.174,266.261,147.676,0.9952,0.0126,-0.0259,-0.0935,-0.05,0.02,0.045,3.3,96034.4,0.00,0.000,0.000,2
15481,-0.049,0.031,1.000,-0.061,0.244,0.183,-53.174,266.261,147.676,0.9952,0.0126,-0.0260,-0.0934,-0.01,0.05,0.012,3.3,96035.9,0.00,0.000,0.000,2
15681,-0.049,0.032,1.003,-0.061,0.244,0.183,-53.174,266.261,147.676,0.9952,0.0126,-0.0259,-0.0934,0.04,0.09,0.050,3.3,96036.5,0.00,0.000,0.000,2
15881,-0.048,0.031,1.001,-0.244,0.244,0.244,-62.036,262.186,144.836,0.9950,0.0135,-0.0261,-0.0959,0.11,0.14,0.030,3.4,96034.5,0.00,0.000,0.000,2
16081,-0.049,0.027,1.000,-0.061,0.305,0.183,-62.036,262.186,144.836,0.9947,0.0141,-0.0262,-0.0986,0.13,0.13,0.015,3.4,96038.6,0.00,0.000,0.000,2
16281,-0.049,0.032,0.998,-0.183,0.366,0.183,-62.036,262.186,144.836,0.9944,0.0142,-0.0262,-0.1012,0.12,0.11,-0.007,3.4,96033.0,0.00,0.000,0.000,2
16481,-0.048,0.031,1.000,-0.061,0.244,0.305,-62.036,262.186,144.836,0.9942,0.0142,-0.0260,-0.1036,0.10,0.08,0.016,3.4,96030.8,0.00,0.000,0.000,2
16681,-0.051,0.031,1.000,-0.122,0.366,0.244,-62.036,262.186,144.836,0.9940,0.0138,-0.0261,-0.1056,0.06,0.03,0.022,3.4,96035.8,0.00,0.000,0.000,2
16881,-0.047,0.031,1.000,0.000,0.305,0.244,-62.036,262.186,144.836,0.9938,0.0133,-0.0260,-0.1072,0.02,0.00,0.011,3.3,96040.1,0.00,0.000,0.000,2
17081,-0.046,0.029,1.002,-0.061,0.244,0.244,-62.036,262.186,144.836,0.9937,0.0130,-0.0259,-0.1085,-0.02,-0.03,0.038,3.3,96032.9,0.00,0.000,0.000,2
17281,-0.049,0.030,1.000,0.061,0.183,0.244,-62.036,262.186,144.836,0.9936,0.0125,-0.0259,-0.1094,-0.03,-0.03,0.021,3.3,96037.2,0.00,0.000,0.000,2
17481,-0.048,0.031,1.000,-0.061,0.183,0.183,-62.036,262.186,144.836,0.9935,0.0125,-0.0257,-0.1101,-0.04,-0.03,0.021,3.3,96034.3,0.00,0.000,0.000,2
17681,-0.048,0.030,1.002,0.000,0.244,0.183,-62.036,262.186,144.836,0.9934,0.0123,-0.0261,-0.1106,-0.02,-0.00,0.035,3.3,96035.7,0.00,0.000,0.000,2
17881,-0.050,0.030,1.004,-0.122,0.244,0.244,-74.443,268.978,164.716,0.9933,0.0128,-0.0261,-0.1121,-0.02,0.01,0.055,3.3,96035.2,0.00,0.000,0.000,2
18081,-0.050,0.032,1.000,-0.061,0.244,0.244,-74.443,268.978,164.716,0.9930,0.0137,-0.0261,-0.1147,-0.04,-0.00,0.013,3.4,96035.9,0.00,0.000,0.000,2
18281,-0.048,0.031,0.997,0.000,0.122,0.244,-74.443,268.978,164.716,0.9926,0.0142,-0.0262,-0.1173,-0.04,-0.00,-0.018,3.4,96038.6,0.00,0.000,0.000,2
18481,-0.050,0.030,1.002,-0.061,0.244,0.183,-74.443,268.978,164.716,0.9924,0.0140,-0.0262,-0.1197,-0.10,-0.04,0.036,3.4,96037.2,0.00,0.000,0.000,2
18681,-0.047,0.031,1.005,-0.061,0.244,0.244,-74.443,268.978,164.716,0.9921,0.0138,-0.0260,-0.1218,-0.16,-0.09,0.063,3.4,96042.0,0.00,0.000,0.000,2
18881,-0.048,0.030,0.999,-0.061,0.366,0.244,-74.443,268.978,164.716,0.9919,0.0134,-0.0262,-0.1236,-0.16,-0.06,0.006,3.4,96036.4,0.00,0.000,0.000,2
19081,-0.049,0.029,1.004,-0.061,0.183,0.183,-74.443,268.978,164.716,0.9917,0.0131,-0.0262,-0.1251,-0.12,-0.01,0.054,3.4,96033.6,0.00,0.000,0.000,2
19281,-0.048,0.029,1.002,-0.061,0.244,0.244,-74.443,268.978,164.716,0.9916,0.0127,-0.0262,-0.1264,-0.02,0.08,0.039,3.3,96035.0,0.00,0.000,0.000,2
19481,-0.047,0.030,1.000,-0.122,0.183,0.183,-74.443,268.978,164.716,0.9914,0.0124,-0.0261,-0.1274,0.04,0.12,0.010,3.3,96038.5,0.00,0.000,0.000,2
19681,-0.049,0.031,1.000,-0.061,0.244,0.244,-74.443,268.978,164.716,0.9913,0.0122,-0.0263,-0.1282,0.07,0.13,0.021,3.3,96034.3,0.00,0.000,0.000,2
19881,-0.049,0.030,1.001,-0.061,0.305,0.244,-58.491,262.186,156.196,0.9916,0.0107,-0.0267,-0.1263,0.10,0.14,0.026,3.3,96037.8,0.00,0.000,0.000,2
20081,-0.048,0.030,1.000,0.000,0.183,0.244,-58.491,262.186,156.196,0.9919,0.0096,-0.0268,-0.1240,0.07,0.10,0.020,3.3,96034.3,0.00,0.000,0.000,2
20281,-0.048,0.030,1.005,-0.061,0.305,0.183,-58.491,262.186,156.196,0.9922,0.0089,-0.0269,-0.1215,0.11,0.12,0.063,3.3,96035.0,0.00,0.000,0.000,2
20481,-0.047,0.029,1.001,-0.061,0.183,0.244,-58.491,262.186,156.196,0.9925,0.0086,-0.0269,-0.1192,0.11,0.10,0.029,3.2,96035.7,0.00,0.000,0.000,2
20681,-0.049,0.031,1.001,0.000,0.244,0.244,-58.491,262.186,156.196,0.9927,0.0089,-0.0268,-0.1169,0.05,0.04,0.026,3.2,96036.4,0.00,0.000,0.000,2
20881,-0.047,0.031,1.001,-0.061,0.183,0.183,-58.491,262.186,156.196,0.9930,0.0092,-0.0265,-0.1148,-0.05,-0.04,0.030,3.2,96040.0,0.00,0.000,0.000,2
21081,-0.047,0.030,1.000,-0.122,0.183,0.305,-58.491,262.186,156.196,0.9932,0.0096,-0.0264,-0.1129,-0.05,-0.03,0.015,3.2,96036.5,0.00,0.000,0.000,2
21281,-0.048,0.029,1.003,-0.061,0.244,0.305,-58.491,262.186,156.196,0.9934,0.0101,-0.0263,-0.1111,0.01,0.02,0.049,3.2,96036.5,0.00,0.000,0.000,2
21481,-0.049,0.031,1.003,-0.061,0.183,0.122,-58.491,262.186,156.196,0.9936,0.0106,-0.0265,-0.1096,0.00,0.02,0.045,3.3,96035.2,0.00,0.000,0.000,2
21681,-0.048,0.031,0.998,0.000,0.183,0.183,-58.491,262.186,156.196,0.9937,0.0111,-0.0263,-0.1084,0.01,0.03,-0.003,3.3,96035.8,0.00,0.000,0.000,2
21881,-0.047,0.030,1.000,-0.183,0.244,0.305,-58.491,262.186,156.196,0.9938,0.0115,-0.0261,-0.1074,0.04,0.05,0.011,3.3,96035.9,0.00,0.000,0.000,2
22081,-0.048,0.031,1.001,0.000,0.183,0.244,-58.491,262.186,156.196,0.9939,0.0116,-0.0259,-0.1067,-0.01,0.01,0.030,3.3,96038.7,0.00,0.000,0.000,2
22281,-0.049,0.030,1.000,-0.061,0.305,0.183,-58.491,262.186,156.196,0.9939,0.0115,-0.0261,-0.1061,0.00,0.02,0.016,3.3,96038.0,0.00,0.000,0.000,2
22481,-0.047,0.032,0.998,-0.061,0.244,0.183,-58.491,262.186,156.196,0.9940,0.0119,-0.0258,-0.1057,0.00,0.02,-0.003,3.3,96034.4,0.00,0.000,0.000,2
22681,-0.050,0.030,1.001,-0.061,0.183,0.183,-58.491,262.186,156.196,0.9940,0.0120,-0.0258,-0.1054,-0.05,-0.02,0.026,3.3,96038.0,0.00,0.000,0.000,2
22881,-0.048,0.030,0.999,-0.061,0.183,0.122,-58.491,262.186,156.196,0.9940,0.0120,-0.0259,-0.1052,-0.00,0.03,0.002,3.3,96037.2,0.00,0.000,0.000,2
23081,-0.050,0.031,1.001,-0.061,0.244,0.305,-58.491,262.186,156.196,0.9941,0.0120,-0.0260,-0.1051,-0.00,0.03,0.031,3.3,96035.8,0.00,0.000,0.000,2
23281,-0.050,0.030,0.999,-0.061,0.183,0.122,-58.491,262.186,156.196,0.9941,0.0121,-0.0259,-0.1050,0.02,0.05,0.002,3.3,96037.1,0.00,0.000,0.000,2
23481,-0.049,0.031,1.003,-0.061,0.305,0.305,-58.491,262.186,156.196,0.9941,0.0123,-0.0260,-0.1050,0.00,0.03,0.045,3.3,96039.9,0.00,0.000,0.000,2
23681,-0.048,0.033,1.002,-0.061,0.366,0.244,-58.491,262.186,156.196,0.9941,0.0122,-0.0262,-0.1048,-0.00,0.02,0.036,3.3,96036.6,0.00,0.000,0.000,2
23881,-0.050,0.031,1.003,-0.122,0.305,0.183,-58.491,262.186,156.196,0.9941,0.0122,-0.0260,-0.1048,-0.04,-0.01,0.046,3.3,96036.4,0.00,0.000,0.000,2
24081,-0.050,0.030,1.002,-0.061,0.244,0.183,-58.491,262.186,156.196,0.9941,0.0121,-0.0263,-0.1048,-0.04,-0.00,0.041,3.3,96034.5,0.00,0.000,0.000,2
24281,-0.048,0.030,1.002,0.000,0.305,0.183,-58.491,262.186,156.196,0.9941,0.0123,-0.0263,-0.1048,-0.08,-0.03,0.040,3.3,96039.9,0.00,0.000,0.000,2
24481,-0.050,0.030,1.004,-0.061,0.122,0.366,-58.491,262.186,156.196,0.9941,0.0122,-0.0264,-0.1048,-0.18,-0.11,0.055,3.3,96041.5,0.00,0.000,0.000,2
24681,-0.049,0.030,1.000,-0.122,0.305,0.244,-58.491,262.186,156.196,0.9941,0.0124,-0.0262,-0.1047,-0.12,-0.03,0.016,3.3,96038.0,0.00,0.000,0.000,2
24881,-0.048,0.030,1.001,-0.061,0.366,0.183,-58.491,262.186,156.196,0.9941,0.0123,-0.0259,-0.1047,-0.08,0.01,0.030,3.3,96032.3,0.00,0.000,0.000,2
25081,-0.047,0.030,1.002,0.061,0.305,0.183,-58.491,262.186,156.196,0.9941,0.0122,-0.0260,-0.1047,-0.03,0.06,0.034,3.3,96037.9,0.00,0.000,0.000,2
25281,-0.048,0.031,1.003,-0.122,0.305,0.183,-58.491,262.186,156.196,0.9941,0.0121,-0.0259,-0.1047,0.03,0.11,0.050,3.3,96034.4,0.00,0.000,0.000,2
25481,-0.050,0.030,1.001,-0.061,0.366,0.244,-58.491,262.186,156.196,0.9941,0.0121,-0.0261,-0.1047,0.00,0.06,0.026,3.3,96040.0,0.00,0.000,0.000,2
25681,-0.048,0.030,1.003,-0.061,0.244,0.244,-58.491,262.186,156.196,0.9941,0.0122,-0.0259,-0.1047,0.01,0.07,0.045,3.3,96039.4,0.00,0.000,0.000,2
25881,-0.050,0.029,1.000,-0.061,0.244,0.244,-58.491,262.186,156.196,0.9941,0.0120,-0.0260,-0.1047,-0.01,0.04,0.016,3.3,96037.2,0.00,0.000,0.000,2
26081,-0.050,0.031,1.000,-0.122,0.366,0.244,-58.491,262.186,156.196,0.9941,0.0121,-0.0261,-0.1048,-0.03,0.03,0.022,3.3,96035.1,0.00,0.000,0.000,2
26281,-0.051,0.031,0.998,-0.122,0.305,0.305,-58.491,262.186,156.196,0.9941,0.0123,-0.0264,-0.1048,-0.10,-0.03,-0.001,3.3,96041.5,0.00,0.000,0.000,2
26481,-0.048,0.032,1.001,-0.122,0.183,0.122,-58.491,262.186,156.196,0.9941,0.0123,-0.0263,-0.1047,-0.11,-0.03,0.031,3.3,96042.3,0.00,0.000,0.000,2
26681,-0.048,0.030,1.004,-0.122,0.366,0.244,-58.491,262.186,156.196,0.9941,0.0122,-0.0260,-0.1048,-0.11,-0.02,0.054,3.3,96034.4,0.00,0.000,0.000,2
26881,-0.049,0.032,1.002,-0.183,0.244,0.244,-58.491,262.186,156.196,0.9941,0.0122,-0.0259,-0.1048,-0.02,0.06,0.036,3.3,96037.1,0.00,0.000,0.000,2
27081,-0.048,0.030,1.003,0.000,0.244,0.183,-58.491,262.186,156.196,0.9941,0.0122,-0.0260,-0.1048,0.06,0.12,0.044,3.3,96034.5,0.00,0.000,0.000,2
27281,-0.052,0.031,1.001,0.000,0.305,0.244,-58.491,262.186,156.196,0.9941,0.0122,-0.0262,-0.1047,0.09,0.13,0.032,3.3,96033.7,0.00,0.000,0.000,2
27481,-0.049,0.032,1.002,-0.061,0.305,0.244,-58.491,262.186,156.196,0.9941,0.0122,-0.0261,-0.1047,0.13,0.15,0.036,3.3,96032.3,0.00,0.000,0.000,2
27681,-0.049,0.029,0.999,-0.183,0.305,0.244,-58.491,262.186,156.196,0.9941,0.0121,-0.0260,-0.1047,0.23,0.21,0.006,3.3,96032.9,0.00,0.000,0.000,2
27881,-0.049,0.032,1.000,0.000,0.183,0.244,-58.491,262.186,156.196,0.9941,0.0122,-0.0261,-0.1048,0.17,0.13,0.017,3.3,96038.7,0.00,0.000,0.000,2
28081,-0.050,0.030,1.002,-0.122,0.183,0.244,-58.491,262.186,156.196,0.9941,0.0123,-0.0262,-0.1048,0.13,0.08,0.036,3.3,96038.7,0.00,0.000,0.000,2
28281,-0.049,0.030,0.999,0.061,0.305,0.244,-58.491,262.186,156.196,0.9941,0.0123,-0.0261,-0.1048,0.07,0.02,0.002,3.3,96036.0,0.00,0.000,0.000,2
28481,-0.049,0.030,1.000,-0.061,0.244,0.183,-58.491,262.186,156.196,0.9941,0.0122,-0.0262,-0.1047,0.07,0.02,0.021,3.3,96037.1,0.00,0.000,0.000,2
28681,-0.049,0.032,1.002,-0.122,0.244,0.183,-58.491,262.186,156.196,0.9941,0.0123,-0.0258,-0.1047,0.03,-0.01,0.041,3.3,96035.1,0.00,0.000,0.000,2
28881,-0.049,0.031,1.003,0.000,0.244,0.244,-58.491,262.186,156.196,0.9941,0.0124,-0.0259,-0.1047,0.06,0.02,0.045,3.3,96036.5,0.00,0.000,0.000,2
29081,-0.048,0.030,1.003,0.000,0.305,0.183,-58.491,262.186,156.196,0.9941,0.0123,-0.0258,-0.1046,0.13,0.09,0.044,3.3,96030.1,0.00,0.000,0.000,2
29281,-0.049,0.031,1.000,-0.061,0.244,0.244,-58.491,262.186,156.196,0.9941,0.0123,-0.0261,-0.1047,0.12,0.07,0.021,3.3,96035.9,0.00,0.000,0.000,2
29481,-0.049,0.030,1.002,-0.061,0.244,0.183,-58.491,262.186,156.196,0.9941,0.0123,-0.0262,-0.1046,0.14,0.08,0.040,3.3,96036.5,0.00,0.000,0.000,2
29681,-0.049,0.032,1.000,0.000,0.244,0.244,-58.491,262.186,156.196,0.9941,0.0124,-0.0260,-0.1046,0.14,0.07,0.022,3.3,96034.6,0.00,0.000,0.000,2
29881,-0.048,0.033,1.003,-0.183,0.183,0.183,-58.491,262.186,156.196,0.9941,0.0124,-0.0260,-0.1046,0.16,0.07,0.050,3.3,96035.8,0.00,0.000,0.000,2
30081,-0.049,0.031,1.000,-0.061,0.305,0.183,-58.491,262.186,156.196,0.9941,0.0120,-0.0262,-0.1047,0.16,0.07,0.017,3.3,96038.0,0.00,0.000,0.000,2
30281,-0.050,0.030,1.002,-0.061,0.244,0.244,-58.491,262.186,156.196,0.9941,0.0122,-0.0261,-0.1047,0.11,0.02,0.036,3.3,96036.6,0.00,0.000,0.000,2
30481,-0.049,0.029,1.004,-0.061,0.305,0.183,-58.491,262.186,156.196,0.9941,0.0119,-0.0263,-0.1048,0.12,0.03,0.059,3.3,96033.1,0.00,0.000,0.000,2
30681,-0.047,0.029,1.001,-0.122,0.183,0.244,-58.491,262.186,156.196,0.9941,0.0119,-0.0261,-0.1049,0.13,0.04,0.025,3.3,96035.7,0.00,0.000,0.000,2
30881,-0.047,0.033,1.001,-0.061,0.244,0.305,-58.491,262.186,156.196,0.9941,0.0123,-0.0262,-0.1049,0.11,0.02,0.031,3.3,96037.2,0.00,0.000,0.000,2
31081,-0.047,0.030,1.000,-0.061,0.183,0.244,-58.491,262.186,156.196,0.9941,0.0122,-0.0260,-0.1049,0.10,0.02,0.015,3.3,96035.8,0.00,0.000,0.000,2
31281,-0.050,0.030,1.001,-0.061,0.244,0.183,-58.491,262.186,156.196,0.9941,0.0123,-0.0262,-0.1048,0.05,-0.03,0.031,3.3,96041.5,0.00,0.000,0.000,2
31481,-0.049,0.030,1.003,-0.122,0.305,0.183,-58.491,262.186,156.196,0.9941,0.0123,-0.0260,-0.1048,-0.03,-0.08,0.049,3.3,96038.7,0.00,0.000,0.000,2
31681,-0.048,0.029,1.004,-0.061,0.183,0.244,-58.491,262.186,156.196,0.9941,0.0120,-0.0259,-0.1048,-0.08,-0.10,0.059,3.3,96037.2,0.00,0.000,0.000,2
31881,-0.048,0.030,1.002,-0.061,0.244,0.244,-58.491,262.186,156.196,0.9941,0.0123,-0.0258,-0.1047,-0.01,-0.03,0.035,3.3,96035.8,0.00,0.000,0.000,2
32081,-0.049,0.031,1.003,-0.122,0.305,0.244,-58.491,262.186,156.196,0.9941,0.0124,-0.0257,-0.1047,0.04,0.03,0.050,3.3,96036.5,0.00,0.000,0.000,2
32281,-0.048,0.030,1.000,-0.122,0.244,0.305,-58.491,262.186,156.196,0.9941,0.0123,-0.0260,-0.1047,0.09,0.07,0.021,3.3,96035.1,0.00,0.000,0.000,2
32481,-0.049,0.031,1.002,-0.122,0.183,0.244,-58.491,262.186,156.196,0.9941,0.0123,-0.0262,-0.1047,0.13,0.10,0.036,3.3,96038.0,0.00,0.000,0.000,2
32681,-0.047,0.031,1.001,-0.122,0.244,0.305,-58.491,262.186,156.196,0.9941,0.0125,-0.0261,-0.1047,0.06,0.03,0.030,3.3,96038.0,0.00,0.000,0.000,2
32881,-0.049,0.030,1.003,-0.061,0.183,0.305,-58.491,262.186,156.196,0.9941,0.0122,-0.0259,-0.1047,0.02,-0.00,0.049,3.3,96035.9,0.00,0.000,0.000,2
33081,-0.047,0.032,0.999,-0.061,0.244,0.305,-58.491,262.186,156.196,0.9941,0.0124,-0.0258,-0.1047,0.03,0.01,0.006,3.3,96034.3,0.00,0.000,0.000,2
33281,-0.048,0.031,1.000,-0.061,0.366,0.183,-58.491,262.186,156.196,0.9941,0.0123,-0.0260,-0.1047,0.09,0.07,0.011,3.3,96031.5,0.00,0.000,0.000,2
33481,-0.049,0.030,1.003,-0.061,0.183,0.366,-56.719,266.261,164.716,0.9942,0.0118,-0.0260,-0.1040,0.08,0.05,0.050,3.3,96037.3,0.00,0.000,0.000,2
33681,-0.050,0.030,1.000,-0.122,0.244,0.183,-56.719,266.261,164.716,0.9943,0.0116,-0.0262,-0.1026,0.04,0.01,0.022,3.3,96038.1,0.00,0.000,0.000,2
33881,-0.049,0.031,1.001,-0.061,0.183,0.183,-56.719,266.261,164.716,0.9944,0.0118,-0.0260,-0.1017,-0.04,-0.06,0.026,3.3,96035.2,0.00,0.000,0.000,2
34081,-0.049,0.029,1.001,-0.122,0.305,0.183,-56.719,266.261,164.716,0.9945,0.0117,-0.0260,-0.1010,-0.12,-0.11,0.025,3.3,96040.2,0.00,0.000,0.000,2
34281,-0.050,0.030,1.004,-0.122,0.244,0.305,-56.719,266.261,164.716,0.9945,0.0119,-0.0260,-0.1006,-0.17,-0.13,0.055,3.3,96038.1,0.00,0.000,0.000,2
34481,-0.049,0.031,0.999,0.000,0.183,0.122,-56.719,266.261,164.716,0.9945,0.0121,-0.0262,-0.1003,-0.11,-0.05,0.007,3.3,96033.8,0.00,0.000,0.000,2
34681,-0.047,0.031,1.000,0.061,0.244,0.183,-56.719,266.261,164.716,0.9946,0.0122,-0.0260,-0.1001,-0.04,0.02,0.020,3.3,96035.8,0.00,0.000,0.000,2
34881,-0.047,0.032,1.000,-0.122,0.244,0.183,-56.719,266.261,164.716,0.9946,0.0124,-0.0258,-0.0999,-0.03,0.03,0.021,3.3,96036.5,0.00,0.000,0.000,2
35081,-0.049,0.031,1.002,-0.183,0.305,0.305,-56.719,266.261,164.716,0.9946,0.0125,-0.0261,-0.0998,-0.00,0.05,0.040,3.3,96035.1,0.00,0.000,0.000,2
35281,-0.049,0.031,1.004,-0.183,0.183,0.305,-56.719,266.261,164.716,0.9946,0.0125,-0.0261,-0.0997,0.03,0.08,0.055,3.3,96035.8,0.00,0.000,0.000,2
35481,-0.048,0.029,1.001,-0.122,0.122,0.244,-63.809,268.978,170.395,0.9944,0.0134,-0.0261,-0.1018,0.10,0.12,0.030,3.4,96033.7,0.00,0.000,0.000,2
35681,-0.049,0.029,1.001,0.000,0.244,0.305,-63.809,268.978,170.395,0.9941,0.0136,-0.0262,-0.1041,0.16,0.16,0.030,3.4,96032.4,0.00,0.000,0.000,2
35881,-0.047,0.030,0.998,-0.122,0.183,0.183,-63.809,268.978,170.395,0.9939,0.0135,-0.0261,-0.1059,0.16,0.14,-0.004,3.4,96037.3,0.00,0.000,0.000,2
36081,-0.050,0.030,1.000,-0.061,0.183,0.122,-63.809,268.978,170.395,0.9938,0.0130,-0.0260,-0.1073,0.16,0.12,0.012,3.3,96037.2,0.00,0.000,0.000,2
36281,-0.050,0.030,1.002,-0.061,0.305,0.244,-63.809,268.978,170.395,0.9937,0.0128,-0.0261,-0.1085,0.16,0.10,0.036,3.3,96036.5,0.00,0.000,0.000,2
36481,-0.050,0.031,1.003,-0.061,0.183,0.183,-63.809,268.978,170.395,0.9936,0.0127,-0.0263,-0.1093,0.10,0.04,0.046,3.3,96038.6,0.00,0.000,0.000,2
36681,-0.048,0.029,1.002,-0.122,0.122,0.244,-63.809,268.978,170.395,0.9935,0.0123,-0.0262,-0.1098,0.02,-0.04,0.035,3.3,96039.3,0.00,0.000,0.000,2
36881,-0.048,0.030,1.000,-0.122,0.183,0.244,-63.809,268.978,170.395,0.9935,0.0122,-0.0262,-0.1103,0.01,-0.03,0.020,3.3,96034.5,0.00,0.000,0.000,2
37081,-0.049,0.030,1.001,0.000,0.244,0.183,-63.809,268.978,170.395,0.9934,0.0123,-0.0262,-0.1107,0.02,-0.01,0.030,3.3,96034.5,0.00,0.000,0.000,2
37281,-0.047,0.030,1.002,0.000,0.183,0.244,-63.809,268.978,170.395,0.9934,0.0122,-0.0260,-0.1109,-0.02,-0.04,0.035,3.3,96032.3,0.00,0.000,0.000,2
37481,-0.048,0.032,1.003,-0.061,0.305,0.183,-63.809,268.978,170.395,0.9934,0.0124,-0.0262,-0.1110,0.02,0.01,0.045,3.3,96035.9,0.00,0.000,0.000,2
37681,-0.047,0.030,1.006,-0.061,0.183,0.244,-63.809,268.978,170.395,0.9934,0.0121,-0.0261,-0.1111,0.01,0.00,0.073,3.3,96037.2,0.00,0.000,0.000,2
37881,-0.049,0.029,1.000,-0.061,0.244,0.244,-63.809,268.978,170.395,0.9934,0.0119,-0.0262,-0.1112,-0.01,-0.01,0.011,3.3,96036.5,0.00,0.000,0.000,2
38081,-0.047,0.030,1.004,0.000,0.244,0.244,-63.809,268.978,170.395,0.9934,0.0121,-0.0261,-0.1113,-0.04,-0.03,0.054,3.3,96036.6,0.00,0.000,0.000,2
38281,-0.048,0.029,1.000,-0.122,0.366,0.244,-63.809,268.978,170.395,0.9934,0.0119,-0.0259,-0.1113,-0.02,-0.00,0.020,3.3,96034.5,0.00,0.000,0.000,2
38481,-0.048,0.032,1.001,-0.122,0.305,0.244,-63.809,268.978,170.395,0.9934,0.0120,-0.0259,-0.1114,0.03,0.05,0.026,3.3,96032.3,0.00,0.000,0.000,2
38681,-0.049,0.030,1.000,0.061,0.244,0.244,-63.809,268.978,170.395,0.9934,0.0120,-0.0260,-0.1114,0.07,0.07,0.016,3.3,96034.7,0.00,0.000,0.000,2
38881,-0.047,0.030,1.001,-0.061,0.183,0.183,-63.809,268.978,170.395,0.9934,0.0121,-0.0260,-0.1114,0.09,0.08,0.030,3.3,96035.2,0.00,0.000,0.000,2
39081,-0.050,0.030,1.001,-0.183,0.244,0.183,-63.809,268.978,170.395,0.9934,0.0118,-0.0262,-0.1114,0.05,0.04,0.026,3.3,96035.2,0.00,0.000,0.000,2
39281,-0.049,0.031,1.004,-0.061,0.183,0.244,-58.491,267.620,178.915,0.9934,0.0116,-0.0262,-0.1108,0.03,0.03,0.055,3.3,96037.3,0.00,0.000,0.000,2
39481,-0.046,0.030,1.001,0.000,0.244,0.244,-58.491,267.620,178.915,0.9936,0.0109,-0.0263,-0.1089,-0.06,-0.06,0.024,3.3,96038.7,0.00,0.000,0.000,2
39681,-0.049,0.028,1.002,-0.061,0.305,0.244,-58.491,267.620,178.915,0.9938,0.0109,-0.0263,-0.1073,-0.08,-0.06,0.040,3.3,96035.2,0.00,0.000,0.000,2
39881,-0.048,0.031,1.002,0.000,0.366,0.122,-58.491,267.620,178.915,0.9940,0.0112,-0.0262,-0.1059,-0.06,-0.02,0.035,3.3,96037.2,0.00,0.000,0.000,2
40081,-0.046,0.031,1.003,-0.122,0.305,0.305,-58.491,267.620,178.915,0.9941,0.0114,-0.0258,-0.1048,-0.04,0.00,0.044,3.2,96035.2,0.00,0.000,0.000,2
40281,-0.048,0.028,1.000,-0.061,0.183,0.305,-58.491,267.620,178.915,0.9942,0.0112,-0.0260,-0.1040,0.01,0.05,0.020,3.2,96033.0,0.00,0.000,0.000,2
40481,-0.047,0.030,1.003,-0.122,0.122,0.244,-58.491,267.620,178.915,0.9942,0.0117,-0.0259,-0.1035,0.02,0.06,0.044,3.3,96036.5,0.00,0.000,0.000,2
40681,-0.046,0.031,1.005,-0.122,0.244,0.244,-58.491,267.620,178.915,0.9943,0.0121,-0.0258,-0.1030,0.07,0.10,0.063,3.3,96033.7,0.00,0.000,0.000,2
40881,-0.046,0.030,1.001,-0.061,0.305,0.305,-58.491,267.620,178.915,0.9943,0.0121,-0.0259,-0.1026,0.17,0.17,0.029,3.3,96032.3,0.00,0.000,0.000,2
41081,-0.047,0.028,1.000,-0.183,0.244,0.183,-58.491,267.620,178.915,0.9943,0.0120,-0.0258,-0.1023,0.22,0.19,0.019,3.3,96035.2,0.00,0.000,0.000,2
41281,-0.049,0.031,1.001,-0.122,0.244,0.183,-62.036,267.620,161.876,0.9943,0.0124,-0.0261,-0.1031,0.25,0.19,0.026,3.3,96034.3,0.00,0.000,0.000,2
41481,-0.050,0.030,1.002,0.000,0.122,0.244,-62.036,267.620,161.876,0.9941,0.0128,-0.0261,-0.1047,0.19,0.11,0.036,3.3,96036.5,0.00,0.000,0.000,2
41681,-0.049,0.031,0.999,0.000,0.244,0.244,-62.036,267.620,161.876,0.9939,0.0130,-0.0260,-0.1060,0.17,0.07,0.007,3.3,96033.1,0.00,0.000,0.000,2
41881,-0.049,0.031,1.000,-0.061,0.244,0.244,-62.036,267.620,161.876,0.9939,0.0126,-0.0261,-0.1068,0.18,0.07,0.017,3.3,96031.6,0.00,0.000,0.000,2
42081,-0.049,0.032,1.000,-0.183,0.244,0.244,-62.036,267.620,161.876,0.9938,0.0126,-0.0261,-0.1075,0.15,0.04,0.017,3.3,96033.8,0.00,0.000,0.000,2
42281,-0.048,0.029,1.001,-0.061,0.366,0.183,-62.036,267.620,161.876,0.9937,0.0124,-0.0260,-0.1079,0.12,0.01,0.030,3.3,96034.4,0.00,0.000,0.000,2
42481,-0.050,0.031,1.001,0.000,0.183,0.244,-62.036,267.620,161.876,0.9937,0.0123,-0.0261,-0.1082,0.07,-0.03,0.027,3.3,96037.2,0.00,0.000,0.000,2
42681,-0.048,0.030,1.003,-0.122,0.244,0.183,-62.036,267.620,161.876,0.9937,0.0123,-0.0260,-0.1084,0.01,-0.07,0.044,3.3,96039.4,0.00,0.000,0.000,2
42881,-0.048,0.031,0.998,-0.122,0.305,0.183,-62.036,267.620,161.876,0.9937,0.0123,-0.0263,-0.1086,-0.04,-0.09,-0.008,3.3,96037.2,0.00,0.000,0.000,2
43081,-0.048,0.030,1.000,-0.122,0.244,0.244,-62.036,267.620,161.876,0.9937,0.0122,-0.0260,-0.1087,-0.05,-0.08,0.021,3.3,96036.0,0.00,0.000,0.000,2
43281,-0.048,0.030,1.000,-0.061,0.305,0.183,-54.946,267.620,178.915,0.9938,0.0112,-0.0262,-0.1077,-0.05,-0.06,0.011,3.3,96037.2,0.00,0.000,0.000,2
43481,-0.049,0.031,0.999,0.000,0.305,0.183,-54.946,267.620,178.915,0.9940,0.0103,-0.0263,-0.1055,-0.03,-0.03,0.007,3.2,96035.2,0.00,0.000,0.000,2
43681,-0.051,0.031,1.003,-0.061,0.122,0.305,-54.946,267.620,178.915,0.9942,0.0103,-0.0264,-0.1034,-0.10,-0.08,0.051,3.2,96035.3,0.00,0.000,0.000,2
43881,-0.049,0.029,1.002,-0.061,0.244,0.244,-54.946,267.620,178.915,0.9944,0.0104,-0.0262,-0.1015,-0.11,-0.07,0.035,3.2,96037.1,0.00,0.000,0.000,2
44081,-0.047,0.031,1.002,-0.122,0.244,0.244,-54.946,267.620,178.915,0.9946,0.0110,-0.0261,-0.1000,-0.11,-0.05,0.035,3.3,96036.7,0.00,0.000,0.000,2
44281,-0.047,0.029,0.999,-0.061,0.305,0.244,-54.946,267.620,178.915,0.9947,0.0115,-0.0259,-0.0987,-0.07,-0.00,0.006,3.3,96035.1,0.00,0.000,0.000,2
44481,-0.049,0.028,1.001,0.000,0.183,0.183,-54.946,267.620,178.915,0.9948,0.0116,-0.0257,-0.0976,-0.05,0.02,0.030,3.2,96037.2,0.00,0.000,0.000,2
44681,-0.046,0.031,1.000,-0.122,0.244,0.183,-54.946,267.620,178.915,0.9949,0.0119,-0.0256,-0.0969,-0.03,0.04,0.010,3.2,96033.0,0.00,0.000,0.000,2
44881,-0.048,0.029,1.003,-0.122,0.244,0.183,-54.946,267.620,178.915,0.9949,0.0121,-0.0258,-0.0963,0.03,0.09,0.044,3.3,96031.7,0.00,0.000,0.000,2
45081,-0.050,0.030,1.000,-0.122,0.305,0.244,-54.946,267.620,178.915,0.9950,0.0121,-0.0259,-0.0959,0.01,0.06,0.016,3.3,96035.9,0.00,0.000,0.000,2
45281,-0.048,0.031,1.002,0.000,0.122,0.244,-63.809,266.261,176.075,0.9947,0.0134,-0.0259,-0.0982,-0.00,0.04,0.040,3.3,96037.2,0.00,0.000,0.000,2
45481,-0.049,0.031,1.002,-0.061,0.183,0.183,-63.809,266.261,176.075,0.9945,0.0141,-0.0260,-0.1009,-0.05,0.00,0.036,3.4,96036.5,0.00,0.000,0.000,2
45681,-0.047,0.031,0.999,-0.061,0.183,0.244,-63.809,266.261,176.075,0.9942,0.0141,-0.0260,-0.1033,-0.08,-0.02,0.001,3.4,96036.6,0.00,0.000,0.000,2
45881,-0.048,0.031,0.999,-0.061,0.122,0.305,-63.809,266.261,176.075,0.9940,0.0140,-0.0260,-0.1054,-0.08,-0.01,0.002,3.4,96034.4,0.00,0.000,0.000,2
46081,-0.048,0.032,1.001,-0.122,0.122,0.183,-63.809,266.261,176.075,0.9938,0.0135,-0.0259,-0.1071,-0.11,-0.02,0.031,3.3,96036.6,0.00,0.000,0.000,2
46281,-0.052,0.032,1.000,0.000,0.183,0.305,-63.809,266.261,176.075,0.9937,0.0132,-0.0262,-0.1084,-0.14,-0.05,0.023,3.4,96041.5,0.00,0.000,0.000,2
46481,-0.049,0.031,1.000,-0.122,0.244,0.244,-63.809,266.261,176.075,0.9936,0.0129,-0.0261,-0.1094,-0.15,-0.04,0.016,3.3,96037.4,0.00,0.000,0.000,2
46681,-0.048,0.031,1.003,0.000,0.244,0.244,-63.809,266.261,176.075,0.9935,0.0128,-0.0262,-0.1102,-0.09,0.03,0.050,3.3,96031.6,0.00,0.000,0.000,2
46881,-0.048,0.031,1.002,-0.122,0.244,0.244,-63.809,266.261,176.075,0.9934,0.0127,-0.0261,-0.1107,-0.11,0.00,0.040,3.3,96040.8,0.00,0.000,0.000,2
47081,-0.048,0.033,1.003,-0.122,0.183,0.183,-63.809,266.261,176.075,0.9934,0.0126,-0.0259,-0.1111,-0.16,-0.03,0.045,3.3,96038.7,0.00,0.000,0.000,2
47281,-0.048,0.033,1.002,-0.061,0.305,0.244,-63.809,266.261,176.075,0.9934,0.0125,-0.0259,-0.1114,-0.16,-0.02,0.036,3.3,96035.2,0.00,0.000,0.000,2
47481,-0.050,0.029,0.998,-0.122,0.183,0.244,-63.809,266.261,176.075,0.9933,0.0123,-0.0261,-0.1116,-0.11,0.04,-0.008,3.3,96035.2,0.00,0.000,0.000,2
47681,-0.050,0.029,1.005,-0.061,0.122,0.122,-63.809,266.261,176.075,0.9933,0.0123,-0.0261,-0.1118,-0.08,0.06,0.069,3.3,96035.9,0.00,0.000,0.000,2
47881,-0.049,0.032,0.999,0.061,0.244,0.244,-63.809,266.261,176.075,0.9933,0.0123,-0.0260,-0.1119,-0.07,0.07,0.007,3.3,96033.8,0.00,0.000,0.000,2
48081,-0.047,0.030,1.002,-0.061,0.305,0.183,-63.809,266.261,176.075,0.9933,0.0121,-0.0258,-0.1120,-0.02,0.10,0.034,3.3,96034.5,0.00,0.000,0.000,2
48281,-0.050,0.032,1.001,-0.061,0.244,0.183,-63.809,266.261,176.075,0.9933,0.0122,-0.0262,-0.1120,-0.04,0.07,0.027,3.3,96040.1,0.00,0.000,0.000,2
48481,-0.047,0.030,1.003,-0.122,0.244,0.305,-63.809,266.261,176.075,0.9933,0.0122,-0.0260,-0.1120,-0.08,0.04,0.044,3.3,96039.3,0.00,0.000,0.000,2
48681,-0.049,0.031,0.999,-0.061,0.244,0.244,-63.809,266.261,176.075,0.9933,0.0123,-0.0262,-0.1121,-0.04,0.06,0.002,3.3,96036.0,0.00,0.000,0.000,2
48881,-0.048,0.030,1.003,0.000,0.183,0.183,-63.809,266.261,176.075,0.9933,0.0122,-0.0261,-0.1121,-0.05,0.06,0.044,3.3,96037.2,0.00,0.000,0.000,2
49081,-0.051,0.035,1.001,0.000,0.122,0.244,-69.126,275.771,150.516,0.9932,0.0125,-0.0261,-0.1126,0.01,0.10,0.033,3.3,96035.2,0.00,0.000,0.000,2
49281,-0.046,0.029,1.002,-0.061,0.183,0.183,-69.126,275.771,150.516,0.9930,0.0126,-0.0261,-0.1142,0.05,0.12,0.038,3.3,96038.7,0.00,0.000,0.000,2
49481,-0.049,0.031,1.000,-0.122,0.183,0.244,-69.126,275.771,150.516,0.9929,0.0127,-0.0262,-0.1154,0.11,0.16,0.016,3.3,96038.2,0.00,0.000,0.000,2
49681,-0.048,0.031,1.003,-0.061,0.183,0.244,-69.126,275.771,150.516,0.9928,0.0126,-0.0262,-0.1163,0.17,0.18,0.045,3.3,96035.9,0.00,0.000,0.000,2
49881,-0.049,0.030,1.002,-0.122,0.183,0.244,-69.126,275.771,150.516,0.9927,0.0124,-0.0261,-0.1169,0.15,0.14,0.035,3.3,96040.1,0.00,0.000,0.000,2
50081,-0.049,0.030,1.006,-0.061,0.244,0.183,-69.126,275.771,150.516,0.9927,0.0122,-0.0261,-0.1174,0.12,0.10,0.074,3.3,96036.7,0.00,0.000,0.000,2
50281,-0.048,0.033,1.002,-0.122,0.244,0.244,-69.126,275.771,150.516,0.9926,0.0120,-0.0260,-0.1178,0.08,0.05,0.036,3.3,96038.1,0.00,0.000,0.000,2
50481,-0.049,0.030,1.003,-0.061,0.183,0.244,-69.126,275.771,150.516,0.9926,0.0121,-0.0261,-0.1180,0.06,0.04,0.050,3.3,96032.4,0.00,0.000,0.000,2
50681,-0.047,0.029,1.000,-0.061,0.244,0.244,-69.126,275.771,150.516,0.9926,0.0119,-0.0261,-0.1182,0.05,0.02,0.015,3.3,96038.8,0.00,0.000,0.000,2
50881,-0.048,0.030,1.003,0.000,0.244,0.244,-69.126,275.771,150.516,0.9925,0.0118,-0.0262,-0.1184,0.01,-0.01,0.049,3.3,96036.7,0.00,0.000,0.000,2
51081,-0.048,0.033,1.001,-0.061,0.244,0.305,-69.126,275.771,150.516,0.9925,0.0120,-0.0263,-0.1186,-0.00,-0.01,0.026,3.3,96038.1,0.00,0.000,0.000,2
51281,-0.048,0.031,1.003,-0.122,0.122,0.183,-69.126,275.771,150.516,0.9925,0.0120,-0.0262,-0.1186,-0.05,-0.04,0.045,3.3,96039.5,0.00,0.000,0.000,2
51481,-0.048,0.030,1.003,-0.061,0.305,0.183,-69.126,275.771,150.516,0.9925,0.0120,-0.0263,-0.1186,-0.04,-0.03,0.049,3.3,96040.3,0.00,0.000,0.000,2
51681,-0.049,0.029,1.004,-0.061,0.244,0.122,-69.126,275.771,150.516,0.9925,0.0120,-0.0264,-0.1186,-0.02,0.01,0.059,3.3,96036.7,0.00,0.000,0.000,2
51881,-0.050,0.029,1.000,-0.061,0.122,0.244,-69.126,275.771,150.516,0.9925,0.0119,-0.0263,-0.1187,-0.01,0.01,0.016,3.3,96038.9,0.00,0.000,0.000,2
52081,-0.049,0.032,1.002,-0.061,0.244,0.244,-69.126,275.771,150.516,0.9925,0.0119,-0.0264,-0.1187,-0.01,0.02,0.040,3.3,96038.8,0.00,0.000,0.000,2
52281,-0.048,0.031,1.002,-0.061,0.305,0.183,-69.126,275.771,150.516,0.9925,0.0118,-0.0263,-0.1187,0.05,0.07,0.035,3.3,96033.8,0.00,0.000,0.000,2
52481,-0.049,0.030,1.001,-0.122,0.244,0.183,-69.126,275.771,150.516,0.9925,0.0119,-0.0264,-0.1187,0.10,0.11,0.026,3.3,96035.3,0.00,0.000,0.000,2
52681,-0.048,0.030,1.000,-0.061,0.305,0.305,-69.126,275.771,150.516,0.9925,0.0117,-0.0263,-0.1187,0.10,0.09,0.011,3.3,96038.2,0.00,0.000,0.000,2
52881,-0.049,0.032,1.002,0.000,0.244,0.183,-69.126,275.771,150.516,0.9925,0.0118,-0.0263,-0.1188,0.13,0.11,0.036,3.3,96037.4,0.00,0.000,0.000,2
53081,-0.048,0.030,1.000,-0.061,0.244,0.244,-69.126,275.771,150.516,0.9925,0.0120,-0.0262,-0.1188,0.15,0.11,0.016,3.3,96036.1,0.00,0.000,0.000,2
53281,-0.049,0.031,0.998,0.000,0.244,0.244,-69.126,275.771,150.516,0.9925,0.0120,-0.0263,-0.1187,0.13,0.08,-0.003,3.3,96033.3,0.00,0.000,0.000,2
53481,-0.050,0.030,1.000,-0.061,0.122,0.183,-69.126,275.771,150.516,0.9925,0.0119,-0.0264,-0.1187,0.10,0.05,0.022,3.3,96034.7,0.00,0.000,0.000,2
53681,-0.047,0.031,1.000,0.000,0.305,0.183,-69.126,275.771,150.516,0.9925,0.0120,-0.0265,-0.1187,0.13,0.06,0.020,3.3,96038.2,0.00,0.000,0.000,2
53881,-0.050,0.028,1.000,0.000,0.183,0.183,-69.126,275.771,150.516,0.9925,0.0118,-0.0264,-0.1187,0.08,0.02,0.011,3.3,96038.9,0.00,0.000,0.000,2
54081,-0.049,0.029,1.002,0.000,0.244,0.183,-69.126,275.771,150.516,0.9925,0.0117,-0.0262,-0.1188,0.07,0.01,0.035,3.3,96037.5,0.00,0.000,0.000,2
54281,-0.048,0.031,1.002,-0.061,0.305,0.244,-69.126,275.771,150.516,0.9925,0.0118,-0.0264,-0.1188,0.00,-0.04,0.035,3.3,96033.2,0.00,0.000,0.000,2
54481,-0.050,0.030,1.002,-0.122,0.305,0.244,-69.126,275.771,150.516,0.9925,0.0115,-0.0263,-0.1189,-0.07,-0.09,0.041,3.3,96042.3,0.00,0.000,0.000,2
54681,-0.049,0.032,0.999,-0.122,0.244,0.244,-69.126,275.771,150.516,0.9925,0.0118,-0.0263,-0.1190,-0.04,-0.04,0.007,3.3,96033.9,0.00,0.000,0.000,2
54881,-0.047,0.032,1.000,0.061,0.244,0.244,-69.126,275.771,150.516,0.9925,0.0120,-0.0264,-0.1189,0.01,0.02,0.020,3.3,96036.1,0.00,0.000,0.000,2
55081,-0.049,0.031,1.003,0.000,0.183,0.183,-42.539,268.978,164.716,0.9927,0.0106,-0.0268,-0.1170,0.07,0.07,0.050,3.3,96033.3,0.00,0.000,0.000,2
55281,-0.049,0.031,1.002,-0.122,0.305,0.183,-42.539,268.978,164.716,0.9930,0.0091,-0.0271,-0.1147,0.04,0.04,0.035,3.3,96036.8,0.00,0.000,0.000,2
55481,-0.048,0.030,1.000,-0.061,0.183,0.366,-42.539,268.978,164.716,0.9933,0.0078,-0.0274,-0.1124,-0.05,-0.04,0.020,3.3,96039.6,0.00,0.000,0.000,2
55681,-0.048,0.029,1.001,-0.122,0.183,0.183,-42.539,268.978,164.716,0.9935,0.0069,-0.0276,-0.1099,-0.09,-0.06,0.025,3.3,96036.0,0.00,0.000,0.000,2
55881,-0.047,0.032,1.000,0.000,0.244,0.122,-42.539,268.978,164.716,0.9938,0.0064,-0.0275,-0.1073,-0.03,0.01,0.010,3.2,96035.3,0.00,0.000,0.000,2
56081,-0.050,0.030,1.002,-0.122,0.061,0.244,-42.539,268.978,164.716,0.9941,0.0061,-0.0275,-0.1047,0.01,0.05,0.040,3.2,96037.5,0.00,0.000,0.000,2
56281,-0.050,0.031,1.002,-0.061,0.244,0.183,-42.539,268.978,164.716,0.9944,0.0060,-0.0275,-0.1022,0.02,0.05,0.040,3.2,96043.1,0.00,0.000,0.000,2
56481,-0.049,0.030,1.000,-0.061,0.244,0.244,-42.539,268.978,164.716,0.9946,0.0060,-0.0275,-0.0996,0.02,0.05,0.020,3.2,96036.1,0.00,0.000,0.000,2
56681,-0.050,0.030,1.000,-0.122,0.244,0.305,-42.539,268.978,164.716,0.9949,0.0064,-0.0273,-0.0971,0.07,0.09,0.021,3.2,96033.2,0.00,0.000,0.000,2
56881,-0.047,0.030,1.000,-0.122,0.183,0.244,-42.539,268.978,164.716,0.9951,0.0068,-0.0271,-0.0947,0.07,0.08,0.015,3.2,96035.4,0.00,0.000,0.000,2
57081,-0.047,0.031,1.000,-0.061,0.183,0.244,-42.539,268.978,164.716,0.9953,0.0073,-0.0268,-0.0922,0.03,0.03,0.020,3.2,96039.6,0.00,0.000,0.000,2
57281,-0.050,0.030,1.003,-0.061,0.183,0.244,-42.539,268.978,164.716,0.9956,0.0079,-0.0267,-0.0898,0.00,0.01,0.045,3.2,96036.8,0.00,0.000,0.000,2
57481,-0.048,0.030,1.001,-0.122,0.305,0.305,-42.539,268.978,164.716,0.9958,0.0085,-0.0266,-0.0874,0.05,0.05,0.025,3.2,96038.8,0.00,0.000,0.000,2
57681,-0.050,0.028,1.003,-0.061,0.244,0.305,-42.539,268.978,164.716,0.9960,0.0091,-0.0263,-0.0851,0.04,0.04,0.044,3.2,96035.4,0.00,0.000,0.000,2
57881,-0.048,0.031,1.002,0.000,0.305,0.244,-42.539,268.978,164.716,0.9962,0.0099,-0.0263,-0.0828,0.09,0.08,0.040,3.2,96034.7,0.00,0.000,0.000,2
58081,-0.050,0.031,1.001,-0.061,0.244,0.305,-42.539,268.978,164.716,0.9963,0.0106,-0.0261,-0.0807,0.13,0.11,0.031,3.2,96038.2,0.00,0.000,0.000,2
58281,-0.049,0.031,1.001,-0.122,0.305,0.183,-42.539,268.978,164.716,0.9965,0.0111,-0.0259,-0.0785,0.09,0.06,0.026,3.2,96035.4,0.00,0.000,0.000,2
58481,-0.049,0.031,1.003,-0.122,0.183,0.244,-42.539,268.978,164.716,0.9967,0.0119,-0.0257,-0.0766,0.06,0.04,0.050,3.2,96037.5,0.00,0.000,0.000,2
58681,-0.048,0.029,1.000,-0.061,0.366,0.183,-42.539,268.978,164.716,0.9968,0.0123,-0.0255,-0.0749,0.07,0.04,0.015,3.2,96039.4,0.00,0.000,0.000,2
58881,-0.047,0.030,1.002,0.061,0.305,0.305,-42.539,268.978,164.716,0.9969,0.0125,-0.0253,-0.0737,0.05,0.02,0.039,3.2,96033.2,0.00,0.000,0.000,2
59081,-0.048,0.030,1.002,-0.061,0.244,0.366,-67.353,258.111,159.036,0.9968,0.0133,-0.0255,-0.0744,0.01,-0.02,0.040,3.3,96043.2,0.00,0.000,0.000,2
59281,-0.049,0.031,1.000,-0.061,0.305,0.244,-67.353,258.111,159.036,0.9966,0.0146,-0.0257,-0.0774,-0.03,-0.04,0.021,3.4,96037.4,0.00,0.000,0.000,2
59481,-0.050,0.030,1.000,-0.061,0.305,0.183,-67.353,258.111,159.036,0.9963,0.0158,-0.0259,-0.0804,-0.06,-0.06,0.016,3.5,96035.3,0.00,0.000,0.000,2
59681,-0.048,0.031,1.000,-0.061,0.244,0.244,-67.353,258.111,159.036,0.9960,0.0167,-0.0261,-0.0835,-0.08,-0.06,0.016,3.5,96035.4,0.00,0.000,0.000,2
59881,-0.049,0.029,1.001,-0.061,0.305,0.183,-67.353,258.111,159.036,0.9957,0.0174,-0.0261,-0.0866,-0.11,-0.07,0.030,3.6,96036.7,0.00,0.000,0.000,2
60081,-0.048,0.032,1.002,0.061,0.305,0.183,-67.353,258.111,159.036,0.9955,0.0179,-0.0262,-0.0898,-0.08,-0.03,0.040,3.6,96037.5,0.00,0.000,0.000,2
60281,-0.047,0.030,1.005,-0.061,0.244,0.244,-67.353,258.111,159.036,0.9952,0.0180,-0.0261,-0.0929,-0.07,-0.00,0.062,3.6,96033.9,0.00,0.000,0.000,2
60481,-0.051,0.029,1.003,-0.122,0.183,0.183,-67.353,258.111,159.036,0.9949,0.0178,-0.0261,-0.0961,-0.09,-0.01,0.045,3.6,96038.9,0.00,0.000,0.000,2
60681,-0.048,0.030,1.001,0.000,0.183,0.183,-67.353,258.111,159.036,0.9946,0.0175,-0.0260,-0.0991,-0.09,-0.00,0.025,3.6,96034.0,0.00,0.000,0.000,2
60881,-0.050,0.030,1.004,-0.061,0.244,0.183,-67.353,258.111,159.036,0.9943,0.0172,-0.0262,-0.1021,-0.04,0.04,0.055,3.6,96040.2,0.00,0.000,0.000,2
61081,-0.049,0.030,1.001,-0.122,0.061,0.244,-51.401,267.620,161.876,0.9941,0.0163,-0.0264,-0.1040,-0.10,-0.01,0.025,3.6,96037.5,0.00,0.000,0.000,2
61281,-0.047,0.032,1.000,0.000,0.244,0.244,-51.401,267.620,161.876,0.9943,0.0140,-0.0265,-0.1024,-0.06,0.03,0.016,3.4,96037.7,0.00,0.000,0.000,2
61481,-0.050,0.031,0.999,-0.122,0.244,0.183,-51.401,267.620,161.876,0.9945,0.0121,-0.0267,-0.1004,-0.11,-0.02,0.008,3.4,96044.6,0.00,0.000,0.000,2
61681,-0.049,0.031,1.003,-0.061,0.244,0.183,-51.401,267.620,161.876,0.9948,0.0111,-0.0263,-0.0981,-0.11,-0.00,0.045,3.3,96036.1,0.00,0.000,0.000,2
61881,-0.047,0.030,1.001,-0.183,0.183,0.244,-51.401,267.620,161.876,0.9950,0.0112,-0.0261,-0.0961,-0.05,0.06,0.025,3.3,96036.1,0.00,0.000,0.000,2
62081,-0.049,0.032,0.998,-0.122,0.305,0.183,-51.401,267.620,161.876,0.9951,0.0115,-0.0260,-0.0942,0.04,0.12,-0.002,3.3,96035.4,0.00,0.000,0.000,2
62281,-0.049,0.032,0.995,-0.122,0.244,0.183,-51.401,267.620,161.876,0.9953,0.0119,-0.0258,-0.0927,0.10,0.16,-0.031,3.3,96038.2,0.00,0.000,0.000,2
62481,-0.047,0.031,1.006,-0.122,0.244,0.183,-51.401,267.620,161.876,0.9954,0.0121,-0.0255,-0.0915,0.07,0.11,0.078,3.2,96037.4,0.00,0.000,0.000,2
62681,-0.047,0.030,1.000,-0.061,0.244,0.305,-51.401,267.620,161.876,0.9955,0.0121,-0.0255,-0.0906,0.03,0.07,0.020,3.2,96036.7,0.00,0.000,0.000,2
62881,-0.048,0.031,1.000,-0.061,0.183,0.183,-51.401,267.620,161.876,0.9955,0.0126,-0.0258,-0.0901,0.02,0.05,0.011,3.3,96034.5,0.00,0.000,0.000,2
63081,-0.049,0.032,1.001,-0.061,0.183,0.244,-51.401,267.620,161.876,0.9955,0.0128,-0.0259,-0.0897,0.01,0.03,0.026,3.3,96041.7,0.00,0.000,0.000,2
63281,-0.048,0.032,1.000,-0.061,0.305,0.244,-60.264,263.544,147.676,0.9953,0.0138,-0.0259,-0.0922,-0.00,0.02,0.016,3.4,96038.2,0.00,0.000,0.000,2
63481,-0.048,0.029,0.999,-0.122,0.305,0.244,-60.264,263.544,147.676,0.9950,0.0144,-0.0259,-0.0950,0.03,0.05,0.006,3.4,96034.5,0.00,0.000,0.000,2
63681,-0.048,0.030,1.003,-0.122,0.305,0.244,-60.264,263.544,147.676,0.9948,0.0144,-0.0260,-0.0976,0.05,0.07,0.045,3.4,96034.0,0.00,0.000,0.000,2
63881,-0.047,0.029,1.002,-0.061,0.305,0.244,-60.264,263.544,147.676,0.9945,0.0143,-0.0259,-0.1001,0.08,0.09,0.039,3.4,96036.1,0.00,0.000,0.000,2
64081,-0.048,0.030,1.003,-0.061,0.244,0.244,-60.264,263.544,147.676,0.9943,0.0138,-0.0258,-0.1021,0.11,0.10,0.044,3.4,96036.8,0.00,0.000,0.000,2
64281,-0.048,0.029,1.002,-0.122,0.244,0.183,-60.264,263.544,147.676,0.9942,0.0131,-0.0258,-0.1036,0.12,0.10,0.040,3.3,96036.8,0.00,0.000,0.000,2
64481,-0.046,0.032,1.000,-0.061,0.366,0.183,-60.264,263.544,147.676,0.9941,0.0131,-0.0258,-0.1048,0.18,0.14,0.020,3.3,96036.1,0.00,0.000,0.000,2
64681,-0.047,0.030,1.000,-0.122,0.244,0.244,-60.264,263.544,147.676,0.9940,0.0128,-0.0258,-0.1057,0.18,0.12,0.015,3.3,96040.2,0.00,0.000,0.000,2
64881,-0.048,0.032,1.006,-0.122,0.244,0.183,-60.264,263.544,147.676,0.9939,0.0128,-0.0258,-0.1062,0.20,0.12,0.074,3.3,96033.5,0.00,0.000,0.000,2
65081,-0.050,0.029,1.001,0.000,0.244,0.183,-60.264,263.544,147.676,0.9939,0.0125,-0.0260,-0.1066,0.22,0.12,0.026,3.3,96036.9,0.00,0.000,0.000,2
65281,-0.048,0.029,0.999,-0.183,0.183,0.305,-60.264,263.544,176.075,0.9939,0.0119,-0.0258,-0.1068,0.19,0.07,0.006,3.3,96034.0,0.00,0.000,0.000,2
65481,-0.049,0.033,1.004,-0.122,0.305,0.244,-60.264,263.544,176.075,0.9939,0.0121,-0.0261,-0.1069,0.11,0.01,0.060,3.3,96037.6,0.00,0.000,0.000,2
65681,-0.049,0.030,0.999,-0.122,0.183,0.183,-60.264,263.544,176.075,0.9939,0.0121,-0.0259,-0.1068,0.07,-0.02,0.006,3.3,96039.8,0.00,0.000,0.000,2
65881,-0.047,0.032,1.002,-0.061,0.183,0.244,-60.264,263.544,176.075,0.9938,0.0121,-0.0262,-0.1069,-0.00,-0.08,0.035,3.3,96040.4,0.00,0.000,0.000,2
66081,-0.046,0.031,1.000,-0.061,0.244,0.183,-60.264,263.544,176.075,0.9939,0.0124,-0.0261,-0.1069,-0.01,-0.06,0.020,3.3,96036.3,0.00,0.000,0.000,2
66281,-0.047,0.031,0.998,-0.061,0.244,0.244,-60.264,263.544,176.075,0.9939,0.0123,-0.0259,-0.1069,-0.02,-0.06,-0.004,3.3,96036.1,0.00,0.000,0.000,2
66481,-0.050,0.031,1.003,0.000,0.244,0.244,-60.264,263.544,176.075,0.9939,0.0122,-0.0261,-0.1069,0.03,0.00,0.050,3.3,96033.4,0.00,0.000,0.000,2
66681,-0.050,0.031,1.001,-0.122,0.244,0.061,-60.264,263.544,176.075,0.9939,0.0119,-0.0260,-0.1069,0.04,0.01,0.031,3.3,96033.5,0.00,0.000,0.000,2
66881,-0.046,0.028,1.004,0.061,0.244,0.122,-60.264,263.544,176.075,0.9939,0.0121,-0.0261,-0.1068,0.04,0.01,0.053,3.3,96034.0,0.00,0.000,0.000,2
67081,-0.051,0.029,1.000,0.000,0.244,0.183,-60.264,263.544,176.075,0.9939,0.0123,-0.0261,-0.1069,0.10,0.07,0.017,3.3,96034.7,0.00,0.000,0.000,2
67281,-0.050,0.028,1.002,-0.061,0.122,0.244,-76.216,270.337,156.196,0.9938,0.0127,-0.0263,-0.1077,0.07,0.03,0.040,3.3,96039.6,0.00,0.000,0.000,2
67481,-0.047,0.030,1.000,-0.122,0.244,0.244,-76.216,270.337,156.196,0.9934,0.0138,-0.0263,-0.1104,0.11,0.07,0.011,3.4,96036.8,0.00,0.000,0.000,2
67681,-0.049,0.030,1.002,-0.122,0.305,0.244,-76.216,270.337,156.196,0.9931,0.0145,-0.0263,-0.1132,0.07,0.03,0.040,3.4,96034.9,0.00,0.000,0.000,2
67881,-0.048,0.031,1.003,0.000,0.244,0.244,-76.216,270.337,156.196,0.9928,0.0147,-0.0264,-0.1161,0.02,-0.01,0.049,3.5,96037.5,0.00,0.000,0.000,2
68081,-0.048,0.029,1.003,-0.122,0.183,0.122,-76.216,270.337,156.196,0.9925,0.0147,-0.0263,-0.1187,-0.03,-0.05,0.049,3.5,96040.4,0.00,0.000,0.000,2
68281,-0.048,0.031,1.000,-0.061,0.183,0.244,-76.216,270.337,156.196,0.9922,0.0145,-0.0263,-0.1212,-0.07,-0.07,0.016,3.4,96037.5,0.00,0.000,0.000,2
68481,-0.048,0.030,1.002,-0.122,0.244,0.244,-76.216,270.337,156.196,0.9919,0.0140,-0.0262,-0.1235,-0.08,-0.06,0.035,3.4,96039.6,0.00,0.000,0.000,2
68681,-0.048,0.030,1.000,0.061,0.244,0.244,-76.216,270.337,156.196,0.9917,0.0136,-0.0263,-0.1254,-0.10,-0.07,0.016,3.4,96040.4,0.00,0.000,0.000,2
68881,-0.050,0.031,1.003,-0.122,0.183,0.244,-76.216,270.337,156.196,0.9915,0.0131,-0.0263,-0.1271,-0.07,-0.02,0.046,3.4,96034.7,0.00,0.000,0.000,2
69081,-0.047,0.031,1.002,0.000,0.061,0.122,-76.216,270.337,156.196,0.9913,0.0127,-0.0262,-0.1285,-0.05,0.01,0.039,3.3,96034.0,0.00,0.000,0.000,2
69281,-0.049,0.031,1.000,-0.061,0.305,0.183,-67.353,268.978,153.356,0.9912,0.0121,-0.0265,-0.1290,-0.08,-0.01,0.012,3.3,96038.2,0.00,0.000,0.000,2
69481,-0.048,0.032,1.000,-0.183,0.244,0.183,-67.353,268.978,153.356,0.9915,0.0110,-0.0267,-0.1271,-0.04,0.03,0.016,3.3,96034.0,0.00,0.000,0.000,2
69681,-0.048,0.031,1.001,-0.061,0.244,0.183,-67.353,268.978,153.356,0.9917,0.0106,-0.0266,-0.1252,-0.01,0.06,0.025,3.3,96037.5,0.00,0.000,0.000,2
69881,-0.049,0.030,0.999,-0.122,0.305,0.305,-67.353,268.978,153.356,0.9919,0.0103,-0.0267,-0.1238,0.02,0.07,0.007,3.3,96036.1,0.00,0.000,0.000,2
70081,-0.049,0.031,1.000,-0.122,0.183,0.183,-67.353,268.978,153.356,0.9920,0.0106,-0.0263,-0.1226,0.01,0.06,0.012,3.3,96036.1,0.00,0.000,0.000,2
70281,-0.048,0.032,1.000,0.000,0.305,0.244,-67.353,268.978,153.356,0.9922,0.0109,-0.0263,-0.1216,0.01,0.05,0.016,3.3,96035.5,0.00,0.000,0.000,2
70481,-0.050,0.030,1.000,-0.061,0.244,0.183,-67.353,268.978,153.356,0.9923,0.0109,-0.0264,-0.1208,0.02,0.06,0.021,3.3,96036.9,0.00,0.000,0.000,2
70681,-0.049,0.030,1.003,0.000,0.183,0.244,-67.353,268.978,153.356,0.9923,0.0113,-0.0262,-0.1202,0.05,0.08,0.045,3.3,96038.3,0.00,0.000,0.000,2
70881,-0.049,0.033,1.000,-0.122,0.183,0.244,-67.353,268.978,153.356,0.9924,0.0116,-0.0262,-0.1198,0.04,0.07,0.022,3.3,96037.6,0.00,0.000,0.000,2
71081,-0.048,0.029,1.006,0.000,0.305,0.244,-67.353,268.978,153.356,0.9924,0.0115,-0.0261,-0.1194,0.06,0.08,0.078,3.3,96036.8,0.00,0.000,0.000,2
71281,-0.048,0.029,1.004,-0.061,0.122,0.244,-67.353,268.978,153.356,0.9925,0.0114,-0.0260,-0.1192,0.03,0.05,0.054,3.3,96036.8,0.00,0.000,0.000,2
71481,-0.048,0.031,1.000,0.000,0.244,0.244,-67.353,268.978,153.356,0.9925,0.0118,-0.0263,-0.1190,0.06,0.07,0.011,3.3,96037.7,0.00,0.000,0.000,2
71681,-0.048,0.030,1.000,-0.061,0.183,0.183,-67.353,268.978,153.356,0.9925,0.0118,-0.0264,-0.1188,0.03,0.04,0.011,3.3,96034.7,0.00,0.000,0.000,2
71881,-0.047,0.031,1.002,-0.122,0.061,0.305,-67.353,268.978,153.356,0.9925,0.0119,-0.0261,-0.1187,-0.00,0.01,0.039,3.3,96037.6,0.00,0.000,0.000,2
72081,-0.049,0.030,1.000,0.000,0.244,0.305,-67.353,268.978,153.356,0.9925,0.0118,-0.0260,-0.1187,-0.05,-0.03,0.016,3.3,96040.5,0.00,0.000,0.000,2
72281,-0.050,0.032,1.000,-0.061,0.183,0.183,-67.353,268.978,153.356,0.9925,0.0118,-0.0263,-0.1186,-0.11,-0.07,0.017,3.3,96040.3,0.00,0.000,0.000,2
72481,-0.049,0.030,1.004,-0.061,0.244,0.183,-67.353,268.978,153.356,0.9925,0.0117,-0.0262,-0.1186,-0.05,0.00,0.054,3.3,96032.6,0.00,0.000,0.000,2
72681,-0.047,0.030,1.003,-0.122,0.183,0.305,-67.353,268.978,153.356,0.9925,0.0118,-0.0261,-0.1186,-0.03,0.02,0.044,3.3,96038.3,0.00,0.000,0.000,2
72881,-0.049,0.028,1.001,-0.122,0.244,0.244,-67.353,268.978,153.356,0.9925,0.0116,-0.0261,-0.1186,-0.03,0.02,0.030,3.3,96038.2,0.00,0.000,0.000,2
73081,-0.048,0.031,1.000,0.061,0.244,0.305,-67.353,268.978,153.356,0.9925,0.0118,-0.0264,-0.1186,-0.00,0.05,0.021,3.3,96036.1,0.00,0.000,0.000,2
73281,-0.048,0.030,1.003,-0.122,0.183,0.305,-67.353,268.978,153.356,0.9925,0.0119,-0.0263,-0.1186,0.05,0.09,0.049,3.3,96033.3,0.00,0.000,0.000,2
73481,-0.048,0.030,1.003,-0.061,0.122,0.244,-67.353,268.978,153.356,0.9925,0.0119,-0.0261,-0.1185,0.04,0.07,0.044,3.3,96041.8,0.00,0.000,0.000,2
73681,-0.048,0.031,1.001,-0.061,0.122,0.244,-67.353,268.978,153.356,0.9926,0.0118,-0.0260,-0.1184,0.02,0.05,0.031,3.3,96036.8,0.00,0.000,0.000,2
73881,-0.050,0.028,1.001,-0.061,0.244,0.183,-67.353,268.978,153.356,0.9925,0.0117,-0.0261,-0.1185,-0.04,-0.01,0.026,3.3,96038.2,0.00,0.000,0.000,2
74081,-0.050,0.032,1.001,-0.061,0.305,0.183,-67.353,268.978,153.356,0.9925,0.0118,-0.0262,-0.1185,-0.06,-0.02,0.027,3.3,96039.8,0.00,0.000,0.000,2
74281,-0.048,0.030,0.999,-0.122,0.183,0.366,-67.353,268.978,153.356,0.9925,0.0118,-0.0263,-0.1185,-0.06,-0.01,0.006,3.3,96040.2,0.00,0.000,0.000,2
74481,-0.048,0.032,1.002,-0.061,0.183,0.244,-67.353,268.978,153.356,0.9925,0.0118,-0.0259,-0.1185,-0.05,0.01,0.035,3.3,96039.0,0.00,0.000,0.000,2
74681,-0.048,0.030,1.002,-0.122,0.061,0.244,-67.353,268.978,153.356,0.9925,0.0117,-0.0260,-0.1185,-0.05,0.01,0.039,3.3,96036.8,0.00,0.000,0.000,2
74881,-0.048,0.030,1.002,-0.183,0.183,0.305,-67.353,268.978,153.356,0.9925,0.0118,-0.0261,-0.1185,0.04,0.09,0.039,3.3,96034.8,0.00,0.000,0.000,2
75081,-0.048,0.030,1.000,-0.122,0.305,0.305,-67.353,268.978,153.356,0.9925,0.0119,-0.0261,-0.1185,0.07,0.11,0.011,3.3,96038.9,0.00,0.000,0.000,2
75281,-0.049,0.030,1.002,-0.122,0.244,0.183,-67.353,268.978,153.356,0.9925,0.0118,-0.0262,-0.1185,0.06,0.08,0.040,3.3,96037.5,0.00,0.000,0.000,2
75481,-0.049,0.029,1.000,-0.061,0.305,0.305,-74.443,266.261,159.036,0.9923,0.0128,-0.0263,-0.1206,0.07,0.08,0.021,3.4,96039.1,0.00,0.000,0.000,2
75681,-0.050,0.030,1.003,-0.061,0.244,0.305,-74.443,266.261,159.036,0.9920,0.0133,-0.0264,-0.1228,0.11,0.11,0.046,3.4,96035.4,0.00,0.000,0.000,2
75881,-0.048,0.030,1.000,-0.061,0.244,0.244,-74.443,266.261,159.036,0.9918,0.0133,-0.0264,-0.1247,0.20,0.17,0.016,3.4,96032.6,0.00,0.000,0.000,2
76081,-0.047,0.031,1.002,-0.061,0.244,0.305,-74.443,266.261,159.036,0.9916,0.0129,-0.0263,-0.1263,0.22,0.16,0.040,3.4,96039.8,0.00,0.000,0.000,2
76281,-0.049,0.029,1.003,0.000,0.244,0.305,-74.443,266.261,159.036,0.9914,0.0127,-0.0263,-0.1277,0.20,0.12,0.045,3.4,96037.5,0.00,0.000,0.000,2
76481,-0.049,0.031,1.001,-0.061,0.244,0.244,-74.443,266.261,159.036,0.9913,0.0125,-0.0263,-0.1287,0.16,0.07,0.031,3.3,96038.2,0.00,0.000,0.000,2
76681,-0.048,0.031,1.000,0.000,0.305,0.122,-74.443,266.261,159.036,0.9912,0.0123,-0.0262,-0.1295,0.09,-0.00,0.016,3.3,96040.2,0.00,0.000,0.000,2
76881,-0.049,0.030,0.999,-0.061,0.305,0.183,-74.443,266.261,159.036,0.9911,0.0120,-0.0264,-0.1302,0.03,-0.04,0.006,3.3,96040.3,0.00,0.000,0.000,2
77081,-0.047,0.031,1.000,0.000,0.244,0.183,-74.443,266.261,159.036,0.9910,0.0120,-0.0263,-0.1307,0.00,-0.05,0.020,3.3,96038.4,0.00,0.000,0.000,2
77281,-0.049,0.031,1.000,0.000,0.244,0.183,-74.443,266.261,159.036,0.9910,0.0118,-0.0265,-0.1310,0.01,-0.03,0.021,3.3,96037.5,0.00,0.000,0.000,2
77481,-0.048,0.030,1.001,-0.061,0.305,0.244,-56.719,274.412,187.435,0.9911,0.0107,-0.0267,-0.1300,0.01,-0.02,0.030,3.3,96037.5,0.00,0.000,0.000,2
77681,-0.048,0.031,1.002,0.061,0.244,0.244,-56.719,274.412,187.435,0.9914,0.0092,-0.0270,-0.1277,-0.05,-0.06,0.040,3.3,96039.0,0.00,0.000,0.000,2
77881,-0.048,0.029,1.002,-0.061,0.244,0.183,-56.719,274.412,187.435,0.9917,0.0080,-0.0273,-0.1253,-0.05,-0.04,0.039,3.3,96036.1,0.00,0.000,0.000,2
78081,-0.049,0.029,1.001,-0.061,0.244,0.305,-56.719,274.412,187.435,0.9920,0.0074,-0.0274,-0.1227,-0.01,-0.00,0.030,3.3,96036.8,0.00,0.000,0.000,2
78281,-0.050,0.029,1.000,-0.061,0.305,0.244,-56.719,274.412,187.435,0.9923,0.0070,-0.0275,-0.1203,0.02,0.03,0.011,3.3,96035.4,0.00,0.000,0.000,2
78481,-0.050,0.033,1.001,-0.061,0.183,0.305,-56.719,274.412,187.435,0.9926,0.0071,-0.0275,-0.1178,0.07,0.07,0.026,3.3,96036.1,0.00,0.000,0.000,2
78681,-0.050,0.031,0.997,-0.061,0.183,0.244,-56.719,274.412,187.435,0.9929,0.0073,-0.0274,-0.1153,0.10,0.09,-0.017,3.3,96036.1,0.00,0.000,0.000,2
78881,-0.049,0.031,1.000,-0.061,0.183,0.183,-56.719,274.412,187.435,0.9932,0.0078,-0.0271,-0.1129,0.11,0.09,0.021,3.2,96034.7,0.00,0.000,0.000,2
79081,-0.047,0.030,1.000,-0.061,0.366,0.305,-56.719,274.412,187.435,0.9935,0.0083,-0.0269,-0.1106,0.05,0.03,0.020,3.2,96036.1,0.00,0.000,0.000,2
79281,-0.049,0.030,0.998,-0.061,0.183,0.183,-56.719,274.412,187.435,0.9937,0.0089,-0.0267,-0.1084,-0.03,-0.04,-0.008,3.2,96040.5,0.00,0.000,0.000,2
79481,-0.049,0.031,1.000,-0.061,0.183,0.244,-79.761,262.186,178.915,0.9937,0.0102,-0.0267,-0.1086,-0.04,-0.04,0.021,3.3,96036.9,0.00,0.000,0.000,2
79681,-0.048,0.030,1.001,-0.122,0.244,0.244,-79.761,262.186,178.915,0.9934,0.0119,-0.0267,-0.1112,-0.05,-0.04,0.030,3.4,96038.9,0.00,0.000,0.000,2
79881,-0.048,0.031,0.998,-0.183,0.244,0.305,-79.761,262.186,178.915,0.9930,0.0133,-0.0267,-0.1139,-0.08,-0.05,-0.003,3.4,96040.3,0.00,0.000,0.000,2
80081,-0.050,0.031,1.000,-0.122,0.244,0.305,-79.761,262.186,178.915,0.9927,0.0144,-0.0266,-0.1167,-0.07,-0.03,0.022,3.5,96036.0,0.00,0.000,0.000,2
80281,-0.050,0.030,1.001,-0.061,0.183,0.244,-79.761,262.186,178.915,0.9924,0.0151,-0.0265,-0.1195,-0.09,-0.04,0.026,3.5,96038.3,0.00,0.000,0.000,2
80481,-0.050,0.029,1.000,-0.122,0.183,0.244,-79.761,262.186,178.915,0.9920,0.0154,-0.0265,-0.1222,-0.08,-0.01,0.016,3.5,96037.5,0.00,0.000,0.000,2
80681,-0.050,0.030,1.002,-0.061,0.183,0.305,-79.761,262.186,178.915,0.9917,0.0154,-0.0263,-0.1249,-0.07,0.00,0.036,3.5,96035.4,0.00,0.000,0.000,2
80881,-0.049,0.030,1.002,0.000,0.183,0.244,-79.761,262.186,178.915,0.9914,0.0152,-0.0262,-0.1275,-0.05,0.02,0.040,3.5,96036.2,0.00,0.000,0.000,2
81081,-0.046,0.032,1.002,-0.122,0.305,0.183,-79.761,262.186,178.915,0.9911,0.0149,-0.0263,-0.1298,-0.02,0.05,0.034,3.5,96038.9,0.00,0.000,0.000,2
81281,-0.046,0.030,1.001,0.000,0.305,0.183,-79.761,262.186,178.915,0.9908,0.0145,-0.0264,-0.1319,-0.00,0.06,0.024,3.4,96038.4,0.00,0.000,0.000,2
81481,-0.048,0.030,1.001,-0.061,0.183,0.244,-79.761,262.186,178.915,0.9906,0.0141,-0.0263,-0.1338,0.01,0.07,0.025,3.4,96038.8,0.00,0.000,0.000,2
81681,-0.048,0.030,1.001,0.000,0.305,0.244,-79.761,262.186,178.915,0.9903,0.0135,-0.0263,-0.1354,0.02,0.07,0.030,3.4,96036.1,0.00,0.000,0.000,2
81881,-0.049,0.029,1.001,-0.061,0.305,0.122,-79.761,262.186,178.915,0.9901,0.0130,-0.0266,-0.1368,0.07,0.10,0.030,3.4,96038.3,0.00,0.000,0.000,2
82081,-0.050,0.029,1.003,-0.061,0.183,0.244,-79.761,262.186,178.915,0.9900,0.0124,-0.0266,-0.1381,0.08,0.09,0.050,3.4,96035.4,0.00,0.000,0.000,2
82281,-0.047,0.029,1.001,0.061,0.244,0.183,-79.761,262.186,178.915,0.9898,0.0122,-0.0265,-0.1391,0.03,0.04,0.025,3.3,96040.4,0.00,0.000,0.000,2
82481,-0.047,0.029,1.002,0.000,0.183,0.244,-79.761,262.186,178.915,0.9897,0.0120,-0.0264,-0.1400,0.03,0.04,0.039,3.3,96039.1,0.00,0.000,0.000,2
82681,-0.051,0.030,0.999,-0.244,0.183,0.305,-79.761,262.186,178.915,0.9896,0.0119,-0.0265,-0.1407,0.04,0.05,0.008,3.3,96034.8,0.00,0.000,0.000,2
82881,-0.048,0.030,1.003,-0.061,0.244,0.122,-79.761,262.186,178.915,0.9895,0.0115,-0.0266,-0.1413,0.00,0.01,0.044,3.3,96034.8,0.00,0.000,0.000,2
83081,-0.049,0.030,1.000,-0.061,0.305,0.305,-79.761,262.186,178.915,0.9895,0.0115,-0.0266,-0.1419,-0.05,-0.03,0.016,3.3,96041.2,0.00,0.000,0.000,2
83281,-0.049,0.027,1.004,0.000,0.305,0.244,-79.761,262.186,178.915,0.9894,0.0114,-0.0265,-0.1423,-0.11,-0.07,0.058,3.3,96042.5,0.00,0.000,0.000,2
83481,-0.047,0.031,1.002,0.000,0.183,0.244,-60.264,277.129,181.755,0.9894,0.0112,-0.0265,-0.1423,-0.11,-0.05,0.040,3.3,96036.2,0.00,0.000,0.000,2
83681,-0.048,0.030,1.003,-0.061,0.305,0.305,-60.264,277.129,181.755,0.9897,0.0095,-0.0270,-0.1401,-0.06,0.01,0.049,3.3,96036.1,0.00,0.000,0.000,2
83881,-0.047,0.031,1.000,-0.122,0.244,0.244,-60.264,277.129,181.755,0.9901,0.0080,-0.0273,-0.1378,-0.05,0.02,0.015,3.3,96038.9,0.00,0.000,0.000,2
84081,-0.048,0.030,1.004,-0.122,0.244,0.305,-60.264,277.129,181.755,0.9904,0.0069,-0.0276,-0.1353,-0.04,0.03,0.058,3.3,96038.9,0.00,0.000,0.000,2
84281,-0.049,0.030,1.001,0.000,0.183,0.244,-60.264,277.129,181.755,0.9907,0.0062,-0.0277,-0.1328,0.02,0.08,0.030,3.3,96040.4,0.00,0.000,0.000,2
84481,-0.048,0.031,1.000,0.000,0.305,0.244,-60.264,277.129,181.755,0.9911,0.0060,-0.0277,-0.1303,0.06,0.10,0.010,3.3,96039.7,0.00,0.000,0.000,2
84681,-0.048,0.029,1.002,-0.122,0.305,0.305,-60.264,277.129,181.755,0.9914,0.0059,-0.0276,-0.1278,0.05,0.09,0.039,3.2,96038.3,0.00,0.000,0.000,2
84881,-0.047,0.030,0.998,0.000,0.366,0.244,-60.264,277.129,181.755,0.9917,0.0060,-0.0276,-0.1253,0.03,0.05,-0.009,3.2,96038.4,0.00,0.000,0.000,2
85081,-0.048,0.033,1.000,-0.122,0.183,0.305,-60.264,277.129,181.755,0.9920,0.0064,-0.0275,-0.1229,-0.02,0.01,0.011,3.2,96040.5,0.00,0.000,0.000,2
85281,-0.050,0.031,1.001,0.000,0.183,0.305,-60.264,277.129,181.755,0.9923,0.0068,-0.0273,-0.1206,0.07,0.09,0.026,3.2,96034.8,0.00,0.000,0.000,2
85481,-0.049,0.031,1.002,-0.061,0.122,0.183,-60.264,277.129,181.755,0.9926,0.0075,-0.0272,-0.1183,0.11,0.12,0.040,3.2,96034.0,0.00,0.000,0.000,2
85681,-0.048,0.030,0.999,0.061,0.122,0.244,-60.264,277.129,181.755,0.9929,0.0080,-0.0270,-0.1159,0.15,0.14,0.006,3.2,96037.6,0.00,0.000,0.000,2
85881,-0.050,0.031,0.998,-0.061,0.183,0.183,-60.264,277.129,181.755,0.9931,0.0087,-0.0268,-0.1138,0.15,0.12,-0.007,3.2,96038.2,0.00,0.000,0.000,2
86081,-0.048,0.030,1.000,-0.061,0.244,0.244,-60.264,277.129,181.755,0.9933,0.0093,-0.0267,-0.1117,0.14,0.09,0.016,3.2,96037.5,0.00,0.000,0.000,2
86281,-0.048,0.029,1.001,-0.122,0.305,0.183,-60.264,277.129,181.755,0.9936,0.0100,-0.0266,-0.1098,0.11,0.05,0.030,3.3,96036.9,0.00,0.000,0.000,2
86481,-0.049,0.030,1.000,-0.061,0.244,0.183,-60.264,277.129,181.755,0.9938,0.0105,-0.0264,-0.1079,0.11,0.05,0.016,3.3,96036.3,0.00,0.000,0.000,2
86681,-0.048,0.030,1.003,-0.061,0.244,0.244,-60.264,277.129,181.755,0.9939,0.0109,-0.0262,-0.1064,0.07,0.01,0.044,3.3,96039.6,0.00,0.000,0.000,2
86881,-0.047,0.030,1.003,-0.244,0.244,0.183,-60.264,277.129,181.755,0.9941,0.0113,-0.0260,-0.1051,-0.02,-0.06,0.044,3.2,96038.2,0.00,0.000,0.000,2
87081,-0.048,0.030,0.999,-0.122,0.427,0.183,-60.264,277.129,181.755,0.9942,0.0115,-0.0261,-0.1040,-0.08,-0.10,0.001,3.3,96037.7,0.00,0.000,0.000,2
87281,-0.048,0.030,1.000,0.000,0.305,0.183,-60.264,277.129,181.755,0.9943,0.0119,-0.0259,-0.1032,-0.17,-0.15,0.011,3.3,96044.0,0.00,0.000,0.000,2
87481,-0.049,0.032,1.002,-0.122,0.244,0.305,-60.264,277.129,181.755,0.9943,0.0120,-0.0261,-0.1026,-0.17,-0.12,0.041,3.3,96037.7,0.00,0.000,0.000,2
87681,-0.049,0.032,1.000,-0.183,0.244,0.305,-60.264,277.129,181.755,0.9943,0.0124,-0.0260,-0.1022,-0.12,-0.05,0.017,3.3,96041.2,0.00,0.000,0.000,2
87881,-0.050,0.031,1.001,-0.122,0.305,0.305,-60.264,277.129,181.755,0.9944,0.0122,-0.0260,-0.1019,-0.13,-0.05,0.026,3.3,96039.8,0.00,0.000,0.000,2
88081,-0.048,0.030,1.001,-0.061,0.244,0.183,-60.264,277.129,181.755,0.9944,0.0120,-0.0260,-0.1017,-0.08,0.00,0.030,3.3,96038.4,0.00,0.000,0.000,2
88281,-0.047,0.031,1.002,-0.061,0.305,0.244,-60.264,277.129,181.755,0.9944,0.0121,-0.0259,-0.1017,-0.07,0.02,0.035,3.3,96038.4,0.00,0.000,0.000,2
88481,-0.048,0.030,0.998,0.000,0.244,0.183,-60.264,277.129,181.755,0.9944,0.0124,-0.0258,-0.1016,-0.01,0.08,-0.003,3.3,96036.4,0.00,0.000,0.000,2
88681,-0.048,0.031,0.997,-0.061,0.183,0.244,-60.264,277.129,181.755,0.9944,0.0124,-0.0259,-0.1015,0.04,0.10,-0.013,3.3,96036.3,0.00,0.000,0.000,2
88881,-0.049,0.030,1.004,-0.061,0.122,0.244,-60.264,277.129,181.755,0.9944,0.0123,-0.0259,-0.1014,0.06,0.11,0.055,3.3,96037.7,0.00,0.000,0.000,2
89081,-0.050,0.029,1.000,-0.122,0.244,0.244,-60.264,277.129,181.755,0.9944,0.0123,-0.0263,-0.1014,0.14,0.16,0.017,3.3,96034.2,0.00,0.000,0.000,2
89281,-0.047,0.032,1.001,-0.122,0.244,0.244,-60.264,277.129,181.755,0.9944,0.0122,-0.0259,-0.1013,0.11,0.12,0.030,3.3,96036.3,0.00,0.000,0.000,2
89481,-0.049,0.029,1.004,-0.122,0.183,0.305,-67.353,263.544,164.716,0.9943,0.0129,-0.0261,-0.1024,0.10,0.09,0.054,3.3,96037.0,0.00,0.000,0.000,2
89681,-0.047,0.030,1.002,-0.061,0.305,0.244,-67.353,263.544,164.716,0.9940,0.0139,-0.0262,-0.1050,0.07,0.06,0.034,3.4,96036.5,0.00,0.000,0.000,2
89881,-0.047,0.030,1.000,-0.122,0.183,0.183,-67.353,263.544,164.716,0.9937,0.0142,-0.0263,-0.1077,0.08,0.06,0.020,3.4,96035.6,0.00,0.000,0.000,2
90081,-0.048,0.032,1.003,-0.061,0.305,0.122,-67.353,263.544,164.716,0.9935,0.0141,-0.0262,-0.1102,0.08,0.05,0.045,3.4,96043.4,0.00,0.000,0.000,2
90281,-0.048,0.030,1.001,-0.061,0.305,0.244,-67.353,263.544,164.716,0.9932,0.0138,-0.0260,-0.1123,0.06,0.03,0.025,3.4,96037.1,0.00,0.000,0.000,2
90481,-0.047,0.030,1.000,0.000,0.305,0.244,-67.353,263.544,164.716,0.9930,0.0136,-0.0259,-0.1141,0.07,0.04,0.020,3.4,96037.7,0.00,0.000,0.000,2
90681,-0.048,0.031,1.004,-0.061,0.183,0.244,-67.353,263.544,164.716,0.9929,0.0133,-0.0257,-0.1156,0.05,0.03,0.054,3.3,96036.3,0.00,0.000,0.000,2
90881,-0.049,0.030,1.001,0.000,0.244,0.183,-67.353,263.544,164.716,0.9927,0.0130,-0.0261,-0.1167,0.06,0.04,0.030,3.3,96035.6,0.00,0.000,0.000,2
91081,-0.048,0.031,1.004,-0.122,0.244,0.183,-67.353,263.544,164.716,0.9926,0.0126,-0.0261,-0.1176,0.11,0.08,0.054,3.3,96036.5,0.00,0.000,0.000,2
91281,-0.049,0.030,1.000,-0.061,0.305,0.305,-67.353,263.544,164.716,0.9925,0.0122,-0.0263,-0.1183,0.15,0.10,0.016,3.3,96035.0,0.00,0.000,0.000,2
91481,-0.048,0.030,1.000,-0.122,0.244,0.244,-67.353,263.544,164.716,0.9925,0.0121,-0.0263,-0.1189,0.12,0.07,0.016,3.3,96032.9,0.00,0.000,0.000,2
91681,-0.048,0.032,1.000,-0.061,0.244,0.183,-67.353,263.544,164.716,0.9924,0.0121,-0.0262,-0.1194,0.11,0.05,0.021,3.3,96037.0,0.00,0.000,0.000,2
91881,-0.048,0.030,1.002,-0.122,0.244,0.244,-67.353,263.544,164.716,0.9924,0.0120,-0.0263,-0.1197,0.11,0.05,0.040,3.3,96038.5,0.00,0.000,0.000,2
92081,-0.048,0.031,1.001,-0.122,0.183,0.244,-67.353,263.544,164.716,0.9924,0.0119,-0.0262,-0.1199,0.13,0.06,0.030,3.3,96036.5,0.00,0.000,0.000,2
92281,-0.050,0.030,1.000,-0.061,0.244,0.244,-67.353,263.544,164.716,0.9924,0.0118,-0.0261,-0.1200,0.16,0.08,0.021,3.3,96036.5,0.00,0.000,0.000,2
92481,-0.047,0.030,1.000,-0.122,0.244,0.305,-67.353,263.544,164.716,0.9923,0.0120,-0.0261,-0.1202,0.12,0.03,0.010,3.3,96040.6,0.00,0.000,0.000,2
92681,-0.049,0.031,0.999,-0.122,0.305,0.305,-67.353,263.544,164.716,0.9923,0.0119,-0.0262,-0.1203,0.07,-0.01,0.002,3.3,96037.0,0.00,0.000,0.000,2
92881,-0.048,0.030,1.003,0.061,0.183,0.183,-67.353,263.544,164.716,0.9923,0.0118,-0.0264,-0.1203,0.06,-0.01,0.049,3.3,96035.7,0.00,0.000,0.000,2
93081,-0.050,0.029,1.001,0.000,0.183,0.244,-67.353,263.544,164.716,0.9923,0.0116,-0.0263,-0.1204,0.01,-0.04,0.031,3.3,96041.4,0.00,0.000,0.000,2
93281,-0.050,0.030,1.001,-0.061,0.244,0.183,-69.126,267.620,150.516,0.9923,0.0119,-0.0264,-0.1208,0.02,-0.03,0.031,3.3,96034.3,0.00,0.000,0.000,2
93481,-0.049,0.031,1.000,-0.061,0.244,0.305,-69.126,267.620,150.516,0.9922,0.0120,-0.0263,-0.1212,0.02,-0.01,0.021,3.3,96042.0,0.00,0.000,0.000,2
93681,-0.050,0.031,1.002,-0.183,0.244,0.183,-69.126,267.620,150.516,0.9922,0.0120,-0.0264,-0.1215,0.03,-0.00,0.036,3.3,96035.7,0.00,0.000,0.000,2
93881,-0.049,0.031,1.000,-0.061,0.305,0.305,-69.126,267.620,150.516,0.9921,0.0120,-0.0264,-0.1217,0.01,-0.01,0.012,3.3,96038.5,0.00,0.000,0.000,2
94081,-0.047,0.029,0.999,-0.061,0.122,0.183,-69.126,267.620,150.516,0.9921,0.0118,-0.0262,-0.1219,-0.04,-0.04,0.001,3.3,96039.9,0.00,0.000,0.000,2
94281,-0.049,0.031,1.000,0.000,0.122,0.244,-69.126,267.620,150.516,0.9921,0.0118,-0.0261,-0.1221,-0.02,-0.02,0.012,3.3,96037.1,0.00,0.000,0.000,2
94481,-0.050,0.031,1.000,-0.061,0.183,0.244,-69.126,267.620,150.516,0.9921,0.0116,-0.0264,-0.1222,0.07,0.07,0.022,3.3,96034.3,0.00,0.000,0.000,2
94681,-0.047,0.031,1.000,-0.122,0.305,0.244,-69.126,267.620,150.516,0.9921,0.0116,-0.0263,-0.1223,0.16,0.14,0.011,3.3,96032.1,0.00,0.000,0.000,2
94881,-0.049,0.031,0.998,-0.061,0.183,0.244,-69.126,267.620,150.516,0.9921,0.0119,-0.0263,-0.1223,0.21,0.16,-0.003,3.3,96034.9,0.00,0.000,0.000,2
95081,-0.048,0.030,1.000,-0.061,0.305,0.366,-69.126,267.620,150.516,0.9921,0.0118,-0.0264,-0.1224,0.19,0.12,0.016,3.3,96033.5,0.00,0.000,0.000,2
95281,-0.049,0.031,1.000,-0.122,0.305,0.244,-69.126,267.620,150.516,0.9921,0.0119,-0.0264,-0.1224,0.19,0.09,0.016,3.3,96037.9,0.00,0.000,0.000,2
95481,-0.049,0.031,1.000,-0.122,0.122,0.183,-69.126,267.620,150.516,0.9921,0.0119,-0.0264,-0.1224,0.16,0.06,0.017,3.3,96039.3,0.00,0.000,0.000,2
95681,-0.048,0.030,1.000,-0.061,0.366,0.244,-69.126,267.620,150.516,0.9921,0.0117,-0.0263,-0.1224,0.13,0.03,0.020,3.3,96035.0,0.00,0.000,0.000,2
95881,-0.050,0.031,1.001,-0.122,0.183,0.244,-69.126,267.620,150.516,0.9921,0.0118,-0.0262,-0.1224,0.06,-0.03,0.031,3.3,96034.4,0.00,0.000,0.000,2
96081,-0.048,0.031,0.999,-0.061,0.305,0.122,-69.126,267.620,150.516,0.9921,0.0118,-0.0262,-0.1223,-0.01,-0.08,0.001,3.3,96036.3,0.00,0.000,0.000,2
96281,-0.049,0.029,1.000,-0.122,0.244,0.305,-69.126,267.620,150.516,0.9921,0.0117,-0.0263,-0.1223,-0.09,-0.13,0.021,3.3,96040.7,0.00,0.000,0.000,2
96481,-0.048,0.031,1.001,0.000,0.366,0.183,-69.126,267.620,150.516,0.9921,0.0116,-0.0264,-0.1223,-0.10,-0.11,0.030,3.3,96039.3,0.00,0.000,0.000,2
96681,-0.048,0.030,1.003,-0.061,0.244,0.183,-69.126,267.620,150.516,0.9921,0.0115,-0.0263,-0.1224,-0.06,-0.05,0.049,3.3,96033.6,0.00,0.000,0.000,2
96881,-0.047,0.032,1.002,-0.061,0.244,0.244,-69.126,267.620,150.516,0.9921,0.0117,-0.0262,-0.1224,-0.06,-0.03,0.040,3.3,96035.6,0.00,0.000,0.000,2
97081,-0.048,0.031,0.999,-0.061,0.366,0.183,-69.126,267.620,150.516,0.9921,0.0118,-0.0263,-0.1224,0.00,0.03,0.002,3.3,96035.7,0.00,0.000,0.000,2
97281,-0.048,0.031,1.001,-0.122,0.183,0.244,-69.126,267.620,150.516,0.9921,0.0116,-0.0263,-0.1224,0.03,0.05,0.026,3.3,96033.6,0.00,0.000,0.000,2
97481,-0.050,0.029,1.001,-0.122,0.244,0.183,-69.126,267.620,150.516,0.9921,0.0117,-0.0262,-0.1224,0.07,0.08,0.026,3.3,96038.6,0.00,0.000,0.000,2
97681,-0.049,0.029,1.000,-0.061,0.122,0.244,-69.126,267.620,150.516,0.9921,0.0116,-0.0264,-0.1225,0.08,0.07,0.011,3.3,96034.9,0.00,0.000,0.000,2
97881,-0.046,0.030,0.999,-0.122,0.244,0.244,-69.126,267.620,150.516,0.9921,0.0117,-0.0261,-0.1225,0.02,0.02,0.001,3.3,96037.1,0.00,0.000,0.000,2
98081,-0.048,0.032,1.001,-0.061,0.183,0.244,-69.126,267.620,150.516,0.9921,0.0119,-0.0262,-0.1224,0.02,0.01,0.026,3.3,96037.0,0.00,0.000,0.000,2
98281,-0.050,0.030,1.001,-0.122,0.183,0.244,-69.126,267.620,150.516,0.9921,0.0117,-0.0263,-0.1224,0.01,0.01,0.031,3.3,96039.8,0.00,0.000,0.000,2
98481,-0.051,0.030,0.997,0.000,0.244,0.244,-69.126,267.620,150.516,0.9921,0.0119,-0.0264,-0.1224,0.01,0.01,-0.016,3.3,96036.3,0.00,0.000,0.000,2
98681,-0.049,0.032,0.999,-0.061,0.061,0.183,-69.126,267.620,150.516,0.9921,0.0119,-0.0265,-0.1224,0.00,0.01,0.002,3.3,96036.3,0.00,0.000,0.000,2
98881,-0.048,0.031,1.000,-0.061,0.244,0.244,-60.264,268.978,170.395,0.9923,0.0106,-0.0266,-0.1205,0.01,0.02,0.016,3.3,96035.0,0.00,0.000,0.000,2
99081,-0.050,0.031,1.000,-0.122,0.183,0.183,-60.264,268.978,170.395,0.9926,0.0098,-0.0268,-0.1181,-0.02,-0.01,0.012,3.3,96037.8,0.00,0.000,0.000,2
99281,-0.049,0.031,1.004,-0.061,0.244,0.244,-60.264,268.978,170.395,0.9929,0.0096,-0.0267,-0.1159,-0.01,0.01,0.054,3.3,96034.2,0.00,0.000,0.000,2
99481,-0.048,0.030,1.001,-0.122,0.122,0.244,-60.264,268.978,170.395,0.9931,0.0098,-0.0265,-0.1139,0.00,0.03,0.025,3.2,96034.9,0.00,0.000,0.000,2
99681,-0.047,0.030,1.000,0.000,0.183,0.244,-60.264,268.978,170.395,0.9933,0.0102,-0.0264,-0.1120,-0.01,0.01,0.015,3.2,96034.3,0.00,0.000,0.000,2
99881,-0.049,0.032,1.003,-0.122,0.305,0.183,-60.264,268.978,170.395,0.9935,0.0106,-0.0262,-0.1105,0.03,0.05,0.050,3.2,96037.0,0.00,0.000,0.000,2
100081,-0.048,0.030,1.005,-0.061,0.244,0.244,-60.264,268.978,170.395,0.9936,0.0111,-0.0261,-0.1091,0.00,0.02,0.068,3.3,96037.8,0.00,0.000,0.000,2
100281,-0.048,0.032,1.000,-0.122,0.183,0.244,-60.264,268.978,170.395,0.9937,0.0113,-0.0261,-0.1080,0.01,0.03,0.021,3.3,96037.0,0.00,0.000,0.000,2
100481,-0.049,0.029,1.001,-0.061,0.366,0.244,-60.264,268.978,170.395,0.9938,0.0114,-0.0261,-0.1072,-0.03,-0.00,0.025,3.3,96039.9,0.00,0.000,0.000,2
100681,-0.048,0.029,1.001,0.000,0.183,0.305,-60.264,268.978,170.395,0.9939,0.0117,-0.0260,-0.1066,0.01,0.04,0.030,3.3,96035.7,0.00,0.000,0.000,2
100881,-0.049,0.030,1.001,-0.061,0.183,0.305,-65.581,275.771,161.876,0.9937,0.0127,-0.0260,-0.1079,0.02,0.04,0.031,3.3,96039.2,0.00,0.000,0.000,2
101081,-0.050,0.032,0.999,0.000,0.244,0.244,-65.581,275.771,161.876,0.9936,0.0128,-0.0262,-0.1091,-0.03,0.00,0.008,3.3,96039.1,0.00,0.000,0.000,2
101281,-0.048,0.032,0.999,-0.122,0.244,0.244,-65.581,275.771,161.876,0.9935,0.0128,-0.0261,-0.1099,-0.05,-0.02,0.002,3.3,96036.4,0.00,0.000,0.000,2
101481,-0.048,0.033,1.001,0.000,0.305,0.244,-65.581,275.771,161.876,0.9935,0.0124,-0.0259,-0.1105,-0.08,-0.03,0.031,3.3,96037.0,0.00,0.000,0.000,2
101681,-0.048,0.030,1.002,-0.183,0.488,0.244,-65.581,275.771,161.876,0.9934,0.0120,-0.0260,-0.1110,-0.12,-0.06,0.035,3.3,96036.3,0.00,0.000,0.000,2
101881,-0.048,0.032,1.002,-0.122,0.183,0.244,-65.581,275.771,161.876,0.9934,0.0121,-0.0260,-0.1114,-0.12,-0.04,0.035,3.3,96040.0,0.00,0.000,0.000,2
102081,-0.049,0.031,1.003,-0.122,0.366,0.244,-65.581,275.771,161.876,0.9933,0.0120,-0.0262,-0.1116,-0.10,-0.01,0.050,3.3,96037.8,0.00,0.000,0.000,2
102281,-0.049,0.031,0.997,0.061,0.183,0.305,-65.581,275.771,161.876,0.9933,0.0123,-0.0262,-0.1118,-0.00,0.08,-0.012,3.3,96036.3,0.00,0.000,0.000,2
102481,-0.050,0.030,1.001,0.000,0.305,0.244,-65.581,275.771,161.876,0.9933,0.0120,-0.0262,-0.1118,0.08,0.14,0.031,3.3,96036.3,0.00,0.000,0.000,2
102681,-0.047,0.028,1.001,-0.061,0.183,0.305,-65.581,275.771,161.876,0.9933,0.0119,-0.0261,-0.1119,0.05,0.10,0.029,3.3,96035.0,0.00,0.000,0.000,2
102881,-0.050,0.030,1.000,-0.122,0.244,0.244,-65.581,275.771,161.876,0.9933,0.0120,-0.0262,-0.1120,0.00,0.04,0.021,3.3,96037.2,0.00,0.000,0.000,2
103081,-0.048,0.031,1.004,-0.122,0.305,0.305,-65.581,275.771,161.876,0.9933,0.0120,-0.0261,-0.1120,0.05,0.08,0.054,3.3,96035.0,0.00,0.000,0.000,2
103281,-0.050,0.030,0.999,-0.061,0.305,0.244,-65.581,275.771,161.876,0.9933,0.0120,-0.0263,-0.1121,0.04,0.06,0.002,3.3,96037.8,0.00,0.000,0.000,2
103481,-0.047,0.030,1.000,-0.061,0.244,0.244,-65.581,275.771,161.876,0.9933,0.0119,-0.0262,-0.1121,0.00,0.02,0.015,3.3,96040.6,0.00,0.000,0.000,2
103681,-0.048,0.030,1.000,-0.061,0.244,0.183,-65.581,275.771,161.876,0.9933,0.0122,-0.0259,-0.1121,0.01,0.03,0.021,3.3,96036.4,0.00,0.000,0.000,2
103881,-0.047,0.030,1.000,-0.061,0.122,0.244,-65.581,275.771,161.876,0.9933,0.0121,-0.0261,-0.1121,0.00,0.02,0.015,3.3,96037.1,0.00,0.000,0.000,2
104081,-0.047,0.032,1.003,-0.061,0.244,0.305,-65.581,275.771,161.876,0.9933,0.0123,-0.0261,-0.1121,0.00,0.02,0.049,3.3,96037.9,0.00,0.000,0.000,2
104281,-0.048,0.031,1.002,-0.061,0.305,0.244,-65.581,275.771,161.876,0.9933,0.0120,-0.0262,-0.1121,0.01,0.04,0.035,3.3,96033.5,0.00,0.000,0.000,2
104481,-0.048,0.031,1.000,0.000,0.183,0.183,-65.581,275.771,161.876,0.9933,0.0122,-0.0261,-0.1121,0.08,0.10,0.011,3.3,96037.2,0.00,0.000,0.000,2
104681,-0.046,0.032,1.003,-0.061,0.183,0.183,-54.946,270.337,173.235,0.9933,0.0117,-0.0261,-0.1117,0.15,0.15,0.044,3.3,96031.4,0.00,0.000,0.000,2
104881,-0.048,0.031,1.003,-0.061,0.244,0.183,-54.946,270.337,173.235,0.9936,0.0105,-0.0265,-0.1093,0.13,0.11,0.045,3.3,96037.8,0.00,0.000,0.000,2
105081,-0.047,0.028,1.000,-0.244,0.244,0.305,-54.946,270.337,173.235,0.9939,0.0099,-0.0264,-0.1070,0.10,0.06,0.010,3.2,96034.9,0.00,0.000,0.000,2
105281,-0.049,0.031,1.004,0.000,0.244,0.244,-54.946,270.337,173.235,0.9941,0.0099,-0.0264,-0.1048,0.09,0.05,0.059,3.2,96035.6,0.00,0.000,0.000,2
105481,-0.049,0.033,1.000,-0.122,0.183,0.183,-54.946,270.337,173.235,0.9943,0.0103,-0.0263,-0.1027,0.03,-0.00,0.021,3.2,96040.7,0.00,0.000,0.000,2
105681,-0.048,0.031,1.001,-0.061,0.305,0.244,-54.946,270.337,173.235,0.9945,0.0106,-0.0264,-0.1008,0.04,0.01,0.030,3.3,96035.8,0.00,0.000,0.000,2
105881,-0.049,0.029,1.000,-0.061,0.183,0.122,-54.946,270.337,173.235,0.9947,0.0111,-0.0260,-0.0991,0.04,0.02,0.021,3.2,96034.9,0.00,0.000,0.000,2
106081,-0.049,0.030,1.000,-0.061,0.366,0.305,-54.946,270.337,173.235,0.9948,0.0114,-0.0260,-0.0978,0.07,0.05,0.021,3.3,96034.9,0.00,0.000,0.000,2
106281,-0.049,0.030,1.004,-0.122,0.305,0.244,-54.946,270.337,173.235,0.9949,0.0119,-0.0259,-0.0968,0.07,0.04,0.059,3.3,96036.4,0.00,0.000,0.000,2
106481,-0.050,0.031,1.001,-0.061,0.244,0.244,-54.946,270.337,173.235,0.9950,0.0120,-0.0260,-0.0960,0.04,0.02,0.031,3.3,96036.4,0.00,0.000,0.000,2
106681,-0.050,0.031,1.001,-0.122,0.244,0.122,-67.353,268.978,147.676,0.9947,0.0131,-0.0263,-0.0984,0.10,0.07,0.031,3.4,96032.2,0.00,0.000,0.000,2
106881,-0.048,0.029,0.998,-0.061,0.183,0.244,-67.353,268.978,147.676,0.9944,0.0140,-0.0262,-0.1012,0.07,0.04,-0.004,3.4,96037.8,0.00,0.000,0.000,2
107081,-0.048,0.031,1.001,-0.122,0.305,0.183,-67.353,268.978,147.676,0.9941,0.0145,-0.0263,-0.1040,-0.01,-0.03,0.026,3.4,96038.4,0.00,0.000,0.000,2
107281,-0.049,0.032,1.000,-0.061,0.183,0.244,-67.353,268.978,147.676,0.9938,0.0145,-0.0262,-0.1067,-0.04,-0.04,0.017,3.4,96035.6,0.00,0.000,0.000,2
107481,-0.047,0.034,1.001,-0.061,0.305,0.183,-67.353,268.978,147.676,0.9936,0.0144,-0.0261,-0.1091,-0.07,-0.06,0.026,3.4,96036.4,0.00,0.000,0.000,2
107681,-0.049,0.031,1.000,0.000,0.305,0.244,-67.353,268.978,147.676,0.9934,0.0141,-0.0261,-0.1112,-0.05,-0.03,0.021,3.4,96036.5,0.00,0.000,0.000,2
107881,-0.049,0.030,1.000,-0.061,0.183,0.244,-67.353,268.978,147.676,0.9932,0.0136,-0.0261,-0.1130,-0.06,-0.02,0.021,3.4,96038.6,0.00,0.000,0.000,2
108081,-0.048,0.032,0.998,-0.122,0.305,0.183,-67.353,268.978,147.676,0.9930,0.0130,-0.0263,-0.1144,-0.06,-0.02,-0.008,3.4,96034.4,0.00,0.000,0.000,2
108281,-0.048,0.031,1.000,0.000,0.366,0.244,-67.353,268.978,147.676,0.9929,0.0129,-0.0263,-0.1155,-0.04,0.02,0.021,3.4,96037.1,0.00,0.000,0.000,2
108481,-0.047,0.030,0.999,-0.122,0.183,0.122,-67.353,268.978,147.676,0.9928,0.0127,-0.0262,-0.1162,-0.01,0.04,0.006,3.3,96035.1,0.00,0.000,0.000,2
108681,-0.048,0.032,1.004,-0.061,0.244,0.305,-67.353,268.978,147.676,0.9927,0.0124,-0.0261,-0.1169,-0.05,0.00,0.055,3.3,96037.2,0.00,0.000,0.000,2
108881,-0.047,0.033,1.000,-0.061,0.183,0.244,-67.353,268.978,147.676,0.9927,0.0123,-0.0261,-0.1173,-0.01,0.04,0.016,3.3,96034.9,0.00,0.000,0.000,2
109081,-0.048,0.031,1.000,-0.061,0.244,0.244,-67.353,268.978,147.676,0.9926,0.0122,-0.0263,-0.1177,-0.04,0.02,0.011,3.3,96039.3,0.00,0.000,0.000,2
109281,-0.050,0.031,1.003,-0.183,0.305,0.305,-67.353,268.978,147.676,0.9926,0.0123,-0.0264,-0.1179,-0.08,-0.02,0.046,3.3,96041.4,0.00,0.000,0.000,2
109481,-0.051,0.030,0.999,-0.061,0.061,0.244,-67.353,268.978,147.676,0.9926,0.0122,-0.0264,-0.1180,-0.06,0.01,0.008,3.3,96032.9,0.00,0.000,0.000,2
109681,-0.049,0.029,1.002,-0.183,0.183,0.305,-67.353,268.978,147.676,0.9926,0.0120,-0.0263,-0.1182,-0.03,0.04,0.035,3.3,96037.2,0.00,0.000,0.000,2
109881,-0.048,0.032,1.000,0.000,0.244,0.305,-67.353,268.978,147.676,0.9926,0.0121,-0.0263,-0.1184,-0.01,0.06,0.021,3.3,96037.9,0.00,0.000,0.000,2
110081,-0.049,0.033,1.000,-0.061,0.244,0.183,-67.353,268.978,147.676,0.9925,0.0120,-0.0263,-0.1184,-0.03,0.04,0.012,3.3,96039.3,0.00,0.000,0.000,2
110281,-0.050,0.031,0.997,0.000,0.122,0.183,-67.353,268.978,147.676,0.9925,0.0121,-0.0262,-0.1184,-0.02,0.05,-0.017,3.3,96034.4,0.00,0.000,0.000,2
110481,-0.050,0.033,1.004,-0.122,0.305,0.183,-47.856,275.771,178.915,0.9928,0.0105,-0.0265,-0.1164,0.03,0.09,0.056,3.3,96036.6,0.00,0.000,0.000,2
110681,-0.048,0.029,1.003,-0.061,0.244,0.305,-47.856,275.771,178.915,0.9931,0.0091,-0.0269,-0.1142,0.01,0.06,0.044,3.3,96040.7,0.00,0.000,0.000,2
110881,-0.048,0.032,1.002,-0.061,0.183,0.183,-47.856,275.771,178.915,0.9933,0.0080,-0.0271,-0.1117,0.04,0.08,0.035,3.2,96037.9,0.00,0.000,0.000,2
111081,-0.048,0.032,1.003,-0.061,0.244,0.183,-47.856,275.771,178.915,0.9936,0.0074,-0.0271,-0.1092,0.07,0.10,0.049,3.2,96036.5,0.00,0.000,0.000,2
111281,-0.046,0.030,1.000,-0.122,0.183,0.244,-47.856,275.771,178.915,0.9939,0.0070,-0.0271,-0.1066,0.08,0.10,0.014,3.2,96035.1,0.00,0.000,0.000,2
111481,-0.048,0.032,1.003,-0.183,0.305,0.244,-47.856,275.771,178.915,0.9942,0.0070,-0.0271,-0.1041,0.10,0.10,0.044,3.2,96035.8,0.00,0.000,0.000,2
111681,-0.048,0.030,0.998,-0.122,0.183,0.183,-47.856,275.771,178.915,0.9944,0.0071,-0.0270,-0.1015,0.12,0.11,-0.004,3.2,96037.9,0.00,0.000,0.000,2
111881,-0.048,0.032,1.001,-0.061,0.244,0.183,-47.856,275.771,178.915,0.9947,0.0076,-0.0268,-0.0991,0.12,0.10,0.030,3.2,96035.1,0.00,0.000,0.000,2
112081,-0.050,0.031,1.003,-0.061,0.122,0.305,-47.856,275.771,178.915,0.9949,0.0081,-0.0268,-0.0967,0.11,0.08,0.050,3.2,96035.7,0.00,0.000,0.000,2
112281,-0.050,0.031,1.000,-0.122,0.244,0.183,-69.126,259.469,150.516,0.9951,0.0087,-0.0267,-0.0948,0.13,0.09,0.012,3.2,96035.9,0.00,0.000,0.000,2
112481,-0.049,0.031,1.003,-0.061,0.244,0.244,-69.126,259.469,150.516,0.9948,0.0105,-0.0268,-0.0973,0.13,0.07,0.045,3.3,96033.7,0.00,0.000,0.000,2
112681,-0.049,0.029,1.002,-0.061,0.183,0.183,-69.126,259.469,150.516,0.9946,0.0119,-0.0268,-0.0999,0.13,0.07,0.035,3.4,96037.2,0.00,0.000,0.000,2
112881,-0.049,0.031,1.005,-0.122,0.183,0.244,-69.126,259.469,150.516,0.9943,0.0132,-0.0266,-0.1027,0.05,-0.00,0.069,3.4,96039.4,0.00,0.000,0.000,2
113081,-0.048,0.032,1.002,-0.061,0.244,0.183,-69.126,259.469,150.516,0.9940,0.0142,-0.0265,-0.1055,0.01,-0.04,0.040,3.4,96039.4,0.00,0.000,0.000,2
113281,-0.049,0.031,1.001,0.000,0.122,0.183,-69.126,259.469,150.516,0.9937,0.0148,-0.0264,-0.1083,-0.06,-0.09,0.026,3.5,96038.7,0.00,0.000,0.000,2
113481,-0.048,0.031,1.005,0.000,0.244,0.183,-69.126,259.469,150.516,0.9934,0.0149,-0.0265,-0.1111,-0.06,-0.06,0.064,3.5,96036.7,0.00,0.000,0.000,2
113681,-0.047,0.031,1.001,-0.061,0.183,0.183,-69.126,259.469,150.516,0.9931,0.0147,-0.0263,-0.1136,-0.06,-0.05,0.030,3.5,96035.1,0.00,0.000,0.000,2
113881,-0.049,0.032,1.002,-0.061,0.305,0.244,-69.126,259.469,150.516,0.9928,0.0144,-0.0263,-0.1160,-0.07,-0.05,0.040,3.4,96039.3,0.00,0.000,0.000,2
114081,-0.047,0.031,1.003,0.000,0.244,0.305,-69.126,259.469,150.516,0.9926,0.0140,-0.0261,-0.1180,-0.05,-0.02,0.044,3.4,96040.9,0.00,0.000,0.000,2
114281,-0.049,0.032,1.000,-0.122,0.122,0.244,-67.353,266.261,170.395,0.9924,0.0133,-0.0260,-0.1193,-0.08,-0.03,0.017,3.3,96037.9,0.00,0.000,0.000,2
114481,-0.048,0.032,1.002,-0.061,0.244,0.244,-67.353,266.261,170.395,0.9925,0.0123,-0.0262,-0.1191,-0.04,0.01,0.040,3.3,96038.6,0.00,0.000,0.000,2
114681,-0.048,0.030,1.004,0.000,0.305,0.183,-67.353,266.261,170.395,0.9925,0.0119,-0.0262,-0.1190,-0.07,-0.01,0.054,3.3,96037.9,0.00,0.000,0.000,2
114881,-0.048,0.031,1.000,-0.061,0.183,0.305,-67.353,266.261,170.395,0.9925,0.0119,-0.0262,-0.1191,-0.04,0.02,0.021,3.3,96039.3,0.00,0.000,0.000,2
115081,-0.047,0.031,1.003,-0.122,0.244,0.244,-67.353,266.261,170.395,0.9925,0.0120,-0.0260,-0.1191,-0.04,0.03,0.049,3.3,96035.8,0.00,0.000,0.000,2
115281,-0.047,0.030,1.000,-0.122,0.183,0.183,-67.353,266.261,170.395,0.9925,0.0118,-0.0259,-0.1191,-0.00,0.06,0.015,3.3,96037.8,0.00,0.000,0.000,2
115481,-0.048,0.031,1.001,-0.061,0.305,0.183,-67.353,266.261,170.395,0.9925,0.0118,-0.0260,-0.1191,0.01,0.06,0.026,3.3,96036.4,0.00,0.000,0.000,2
115681,-0.047,0.028,1.001,-0.061,0.305,0.244,-67.353,266.261,170.395,0.9925,0.0117,-0.0259,-0.1191,0.05,0.09,0.024,3.3,96036.5,0.00,0.000,0.000,2
115881,-0.049,0.032,1.004,-0.061,0.183,0.122,-67.353,266.261,170.395,0.9925,0.0121,-0.0262,-0.1190,0.06,0.09,0.055,3.3,96037.1,0.00,0.000,0.000,2
116081,-0.049,0.031,1.003,-0.061,0.183,0.305,-67.353,266.261,170.395,0.9925,0.0119,-0.0261,-0.1190,0.03,0.05,0.045,3.3,96039.4,0.00,0.000,0.000,2
116281,-0.048,0.029,1.002,-0.122,0.183,0.366,-65.581,267.620,150.516,0.9925,0.0118,-0.0261,-0.1188,0.00,0.03,0.039,3.3,96040.6,0.00,0.000,0.000,2
116481,-0.049,0.033,1.000,-0.061,0.183,0.305,-65.581,267.620,150.516,0.9926,0.0116,-0.0263,-0.1180,-0.05,-0.02,0.017,3.3,96038.1,0.00,0.000,0.000,2
116681,-0.047,0.030,1.003,-0.061,0.244,0.183,-65.581,267.620,150.516,0.9927,0.0117,-0.0259,-0.1174,-0.04,-0.00,0.044,3.3,96035.8,0.00,0.000,0.000,2
116881,-0.049,0.032,1.001,0.000,0.183,0.244,-65.581,267.620,150.516,0.9927,0.0117,-0.0260,-0.1170,-0.00,0.04,0.026,3.3,96035.1,0.00,0.000,0.000,2
117081,-0.048,0.029,1.000,-0.061,0.183,0.183,-65.581,267.620,150.516,0.9928,0.0118,-0.0261,-0.1167,0.09,0.12,0.015,3.3,96032.3,0.00,0.000,0.000,2
117281,-0.048,0.031,1.000,-0.061,0.244,0.305,-65.581,267.620,150.516,0.9928,0.0117,-0.0261,-0.1165,0.08,0.09,0.021,3.3,96039.4,0.00,0.000,0.000,2
117481,-0.045,0.031,1.002,-0.122,0.183,0.183,-65.581,267.620,150.516,0.9928,0.0119,-0.0262,-0.1163,0.04,0.05,0.039,3.3,96040.0,0.00,0.000,0.000,2
117681,-0.048,0.030,1.005,-0.122,0.305,0.244,-65.581,267.620,150.516,0.9928,0.0118,-0.0262,-0.1162,0.05,0.05,0.064,3.3,96039.4,0.00,0.000,0.000,2
117881,-0.048,0.030,1.001,-0.061,0.183,0.244,-65.581,267.620,150.516,0.9928,0.0119,-0.0260,-0.1161,0.08,0.07,0.030,3.3,96035.1,0.00,0.000,0.000,2
118081,-0.047,0.031,1.001,-0.061,0.244,0.305,-65.581,267.620,150.516,0.9928,0.0119,-0.0260,-0.1161,0.06,0.05,0.030,3.3,96034.5,0.00,0.000,0.000,2
118281,-0.049,0.031,1.000,-0.061,0.183,0.305,-62.036,262.186,144.836,0.9929,0.0118,-0.0263,-0.1156,0.04,0.03,0.012,3.3,96038.6,0.00,0.000,0.000,2
118481,-0.050,0.033,1.000,-0.122,0.183,0.183,-62.036,262.186,144.836,0.9930,0.0117,-0.0264,-0.1145,0.05,0.04,0.018,3.3,96040.1,0.00,0.000,0.000,2
118681,-0.050,0.030,0.997,0.000,0.183,0.122,-62.036,262.186,144.836,0.9931,0.0117,-0.0263,-0.1137,0.02,0.01,-0.012,3.3,96040.0,0.00,0.000,0.000,2
118881,-0.046,0.030,0.997,0.000,0.244,0.183,-62.036,262.186,144.836,0.9932,0.0116,-0.0261,-0.1132,-0.02,-0.02,-0.014,3.3,96038.7,0.00,0.000,0.000,2
119081,-0.047,0.030,1.003,-0.122,0.244,0.122,-62.036,262.186,144.836,0.9932,0.0117,-0.0259,-0.1128,-0.04,-0.03,0.049,3.3,96038.6,0.00,0.000,0.000,2
119281,-0.050,0.030,1.000,-0.122,0.244,0.244,-62.036,262.186,144.836,0.9932,0.0117,-0.0259,-0.1125,-0.08,-0.06,0.017,3.3,96039.3,0.00,0.000,0.000,2
119481,-0.047,0.029,1.004,-0.061,0.183,0.183,-62.036,262.186,144.836,0.9933,0.0118,-0.0259,-0.1123,-0.08,-0.04,0.053,3.3,96038.0,0.00,0.000,0.000,2
119681,-0.048,0.031,1.002,-0.122,0.305,0.244,-62.036,262.186,144.836,0.9933,0.0119,-0.0261,-0.1122,-0.07,-0.02,0.035,3.3,96036.5,0.00,0.000,0.000,2
119881,-0.047,0.029,1.002,-0.061,0.183,0.244,-62.036,262.186,144.836,0.9933,0.0120,-0.0261,-0.1121,-0.04,0.02,0.034,3.3,96035.8,0.00,0.000,0.000,2
120081,-0.046,0.031,1.001,0.000,0.244,0.183,-62.036,262.186,144.836,0.9933,0.0120,-0.0259,-0.1120,0.01,0.06,0.025,3.3,96037.3,0.00,0.000,0.000,2
120281,-0.047,0.031,1.002,-0.122,0.183,0.183,-62.036,262.186,144.836,0.9933,0.0120,-0.0259,-0.1119,0.01,0.06,0.039,3.3,96035.2,0.00,0.000,0.000,2
120481,-0.049,0.032,1.001,0.000,0.244,0.244,-62.036,262.186,144.836,0.9933,0.0122,-0.0260,-0.1119,-0.02,0.03,0.026,3.3,96038.8,0.00,0.000,0.000,2
120681,-0.046,0.030,0.999,-0.061,0.244,0.122,-62.036,262.186,144.836,0.9933,0.0121,-0.0260,-0.1118,-0.00,0.04,0.005,3.3,96037.3,0.00,0.000,0.000,2
120881,-0.050,0.029,1.007,0.000,0.183,0.305,-62.036,262.186,144.836,0.9933,0.0120,-0.0262,-0.1118,0.03,0.07,0.084,3.3,96037.4,0.00,0.000,0.000,2
121081,-0.047,0.031,1.002,-0.061,0.244,0.244,-62.036,262.186,144.836,0.9933,0.0120,-0.0260,-0.1118,0.05,0.08,0.035,3.3,96034.4,0.00,0.000,0.000,2
121281,-0.049,0.030,1.000,0.000,0.183,0.244,-62.036,262.186,144.836,0.9933,0.0121,-0.0261,-0.1118,0.07,0.09,0.021,3.3,96037.9,0.00,0.000,0.000,2
121481,-0.052,0.031,1.002,-0.122,0.305,0.183,-62.036,262.186,144.836,0.9933,0.0120,-0.0263,-0.1118,0.04,0.05,0.042,3.3,96038.8,0.00,0.000,0.000,2
121681,-0.048,0.029,1.003,0.000,0.305,0.244,-62.036,262.186,144.836,0.9933,0.0120,-0.0261,-0.1118,-0.00,0.01,0.049,3.3,96043.0,0.00,0.000,0.000,2
121881,-0.048,0.032,1.003,-0.122,0.305,0.244,-62.036,262.186,144.836,0.9933,0.0120,-0.0261,-0.1118,-0.02,-0.00,0.045,3.3,96038.1,0.00,0.000,0.000,2
122081,-0.048,0.028,0.998,0.000,0.183,0.244,-62.036,262.186,144.836,0.9933,0.0119,-0.0260,-0.1118,-0.05,-0.02,-0.009,3.3,96035.2,0.00,0.000,0.000,2
122281,-0.048,0.030,1.001,-0.061,0.244,0.183,-62.036,262.186,144.836,0.9933,0.0119,-0.0261,-0.1118,0.02,0.04,0.030,3.3,96040.9,0.00,0.000,0.000,2
122481,-0.048,0.031,1.002,-0.061,0.366,0.244,-62.036,262.186,144.836,0.9933,0.0121,-0.0260,-0.1118,0.03,0.05,0.040,3.3,96035.8,0.00,0.000,0.000,2
122681,-0.046,0.030,1.002,-0.122,0.183,0.122,-62.036,262.186,144.836,0.9933,0.0121,-0.0258,-0.1117,0.06,0.08,0.039,3.3,96036.0,0.00,0.000,0.000,2
122881,-0.047,0.031,1.000,-0.122,0.244,0.305,-62.036,262.186,144.836,0.9933,0.0120,-0.0261,-0.1118,0.04,0.05,0.016,3.3,96040.9,0.00,0.000,0.000,2
123081,-0.048,0.033,1.004,-0.061,0.244,0.183,-62.036,262.186,144.836,0.9933,0.0124,-0.0263,-0.1118,0.02,0.03,0.055,3.3,96038.0,0.00,0.000,0.000,2
123281,-0.049,0.030,1.001,-0.061,0.244,0.183,-62.036,262.186,144.836,0.9933,0.0122,-0.0261,-0.1117,0.03,0.04,0.026,3.3,96035.2,0.00,0.000,0.000,2
123481,-0.049,0.030,1.001,-0.061,0.305,0.244,-62.036,262.186,144.836,0.9933,0.0122,-0.0263,-0.1117,0.01,0.02,0.026,3.3,96043.0,0.00,0.000,0.000,2
123681,-0.049,0.030,1.000,-0.122,0.183,0.122,-62.036,262.186,144.836,0.9933,0.0121,-0.0261,-0.1117,-0.01,0.00,0.021,3.3,96037.2,0.00,0.000,0.000,2
123881,-0.048,0.032,1.004,-0.122,0.244,0.244,-62.036,262.186,144.836,0.9933,0.0121,-0.0263,-0.1117,-0.05,-0.02,0.059,3.3,96036.6,0.00,0.000,0.000,2
124081,-0.048,0.031,0.999,-0.122,0.244,0.244,-62.036,262.186,144.836,0.9933,0.0121,-0.0259,-0.1117,0.02,0.05,0.002,3.3,96035.9,0.00,0.000,0.000,2
124281,-0.048,0.029,1.000,-0.122,0.244,0.244,-62.036,262.186,144.836,0.9933,0.0121,-0.0259,-0.1118,0.03,0.05,0.020,3.3,96035.3,0.00,0.000,0.000,2
124481,-0.050,0.030,0.999,-0.122,0.183,0.183,-62.036,262.186,144.836,0.9933,0.0118,-0.0262,-0.1118,-0.01,0.02,0.007,3.3,96038.7,0.00,0.000,0.000,2
124681,-0.049,0.031,1.003,-0.122,0.305,0.183,-62.036,262.186,144.836,0.9933,0.0121,-0.0263,-0.1118,0.00,0.03,0.045,3.3,96035.3,0.00,0.000,0.000,2
124881,-0.049,0.032,1.004,0.000,0.244,0.122,-62.036,262.186,144.836,0.9933,0.0120,-0.0263,-0.1117,0.01,0.03,0.060,3.3,96036.6,0.00,0.000,0.000,2
125081,-0.047,0.028,1.000,-0.061,0.244,0.244,-62.036,262.186,144.836,0.9933,0.0121,-0.0261,-0.1117,-0.02,0.01,0.020,3.3,96040.9,0.00,0.000,0.000,2
125281,-0.048,0.029,1.001,-0.061,0.305,0.122,-62.036,262.186,144.836,0.9933,0.0121,-0.0259,-0.1117,-0.06,-0.02,0.025,3.3,96037.4,0.00,0.000,0.000,2
125481,-0.049,0.030,1.001,-0.122,0.183,0.244,-62.036,262.186,144.836,0.9933,0.0121,-0.0263,-0.1117,-0.07,-0.02,0.031,3.3,96037.4,0.00,0.000,0.000,2
125681,-0.046,0.033,1.003,-0.061,0.183,0.183,-62.036,262.186,144.836,0.9933,0.0122,-0.0259,-0.1118,-0.08,-0.02,0.049,3.3,96040.2,0.00,0.000,0.000,2
125881,-0.048,0.032,0.997,-0.122,0.244,0.183,-62.036,262.186,144.836,0.9933,0.0122,-0.0260,-0.1117,-0.10,-0.03,-0.012,3.3,96040.8,0.00,0.000,0.000,2
126081,-0.048,0.030,1.001,-0.122,0.183,0.244,-62.036,262.186,144.836,0.9933,0.0121,-0.0259,-0.1117,-0.13,-0.03,0.025,3.3,96038.2,0.00,0.000,0.000,2
126281,-0.048,0.028,0.999,-0.061,0.244,0.183,-62.036,262.186,144.836,0.9933,0.0121,-0.0260,-0.1117,-0.09,0.01,0.005,3.3,96038.8,0.00,0.000,0.000,2
126481,-0.048,0.029,1.002,-0.061,0.244,0.244,-62.036,262.186,144.836,0.9933,0.0120,-0.0260,-0.1118,-0.07,0.02,0.040,3.3,96039.4,0.00,0.000,0.000,2
126681,-0.049,0.032,1.002,-0.061,0.244,0.244,-62.036,262.186,144.836,0.9933,0.0121,-0.0261,-0.1118,-0.01,0.08,0.036,3.3,96035.9,0.00,0.000,0.000,2
126881,-0.048,0.028,1.001,-0.061,0.244,0.244,-62.036,262.186,144.836,0.9933,0.0120,-0.0263,-0.1118,0.05,0.12,0.025,3.3,96038.8,0.00,0.000,0.000,2
127081,-0.050,0.030,1.002,-0.061,0.305,0.183,-62.036,262.186,144.836,0.9933,0.0119,-0.0262,-0.1118,0.10,0.15,0.040,3.3,96038.1,0.00,0.000,0.000,2
127281,-0.049,0.030,1.004,-0.122,0.305,0.366,-62.036,262.186,144.836,0.9933,0.0121,-0.0262,-0.1118,0.10,0.12,0.059,3.3,96039.5,0.00,0.000,0.000,2
127481,-0.046,0.032,1.000,0.000,0.183,0.305,-62.036,262.186,144.836,0.9933,0.0122,-0.0259,-0.1118,0.08,0.09,0.020,3.3,96036.0,0.00,0.000,0.000,2
127681,-0.048,0.031,1.003,-0.122,0.183,0.244,-62.036,262.186,144.836,0.9933,0.0121,-0.0260,-0.1117,0.06,0.07,0.049,3.3,96040.3,0.00,0.000,0.000,2
127881,-0.049,0.033,1.000,-0.183,0.122,0.183,-62.036,262.186,144.836,0.9933,0.0121,-0.0264,-0.1117,0.10,0.09,0.017,3.3,96038.1,0.00,0.000,0.000,2
128081,-0.047,0.030,1.001,-0.061,0.122,0.244,-67.353,279.846,153.356,0.9932,0.0123,-0.0262,-0.1125,0.12,0.10,0.030,3.3,96038.9,0.00,0.000,0.000,2
128281,-0.049,0.030,1.004,-0.183,0.183,0.244,-67.353,279.846,153.356,0.9932,0.0122,-0.0261,-0.1128,0.13,0.09,0.055,3.3,96037.4,0.00,0.000,0.000,2
128481,-0.048,0.031,1.001,0.000,0.244,0.244,-67.353,279.846,153.356,0.9932,0.0122,-0.0259,-0.1131,0.12,0.08,0.030,3.3,96037.5,0.00,0.000,0.000,2
128681,-0.049,0.031,1.003,-0.061,0.244,0.244,-67.353,279.846,153.356,0.9931,0.0122,-0.0262,-0.1133,0.06,0.02,0.050,3.3,96038.8,0.00,0.000,0.000,2
128881,-0.047,0.031,1.003,-0.061,0.183,0.244,-67.353,279.846,153.356,0.9931,0.0121,-0.0260,-0.1134,0.01,-0.02,0.049,3.3,96035.2,0.00,0.000,0.000,2
129081,-0.047,0.032,1.004,-0.183,0.305,0.183,-67.353,279.846,153.356,0.9931,0.0123,-0.0260,-0.1135,-0.01,-0.02,0.054,3.3,96038.1,0.00,0.000,0.000,2
129281,-0.048,0.033,1.003,-0.122,0.244,0.183,-67.353,279.846,153.356,0.9931,0.0122,-0.0259,-0.1136,-0.01,-0.02,0.050,3.3,96038.9,0.00,0.000,0.000,2
129481,-0.051,0.032,1.004,-0.061,0.244,0.183,-67.353,279.846,153.356,0.9931,0.0121,-0.0261,-0.1136,-0.04,-0.03,0.061,3.3,96038.8,0.00,0.000,0.000,2
129681,-0.046,0.030,1.000,-0.122,0.305,0.305,-67.353,279.846,153.356,0.9931,0.0120,-0.0261,-0.1137,-0.07,-0.05,0.015,3.3,96038.2,0.00,0.000,0.000,2
129881,-0.048,0.033,1.004,-0.061,0.305,0.244,-49.629,260.827,170.395,0.9932,0.0116,-0.0260,-0.1133,-0.07,-0.03,0.059,3.3,96039.5,0.00,0.000,0.000,2
130081,-0.049,0.032,1.003,-0.122,0.244,0.183,-49.629,260.827,170.395,0.9934,0.0101,-0.0264,-0.1110,-0.04,0.01,0.045,3.2,96037.4,0.00,0.000,0.000,2
130281,-0.046,0.033,1.001,-0.061,0.244,0.183,-49.629,260.827,170.395,0.9937,0.0091,-0.0267,-0.1086,-0.07,-0.02,0.030,3.2,96043.0,0.00,0.000,0.000,2
130481,-0.050,0.030,1.001,-0.061,0.183,0.244,-49.629,260.827,170.395,0.9940,0.0086,-0.0268,-0.1061,-0.09,-0.03,0.031,3.2,96040.9,0.00,0.000,0.000,2
130681,-0.047,0.032,1.001,-0.122,0.183,0.183,-49.629,260.827,170.395,0.9942,0.0088,-0.0266,-0.1036,-0.10,-0.02,0.030,3.2,96040.2,0.00,0.000,0.000,2
130881,-0.048,0.030,1.004,-0.183,0.366,0.305,-49.629,260.827,170.395,0.9945,0.0090,-0.0266,-0.1012,-0.05,0.03,0.054,3.2,96036.0,0.00,0.000,0.000,2
131081,-0.048,0.033,1.001,-0.122,0.244,0.244,-49.629,260.827,170.395,0.9947,0.0096,-0.0264,-0.0990,-0.00,0.07,0.031,3.2,96038.9,0.00,0.000,0.000,2
131281,-0.048,0.032,1.002,-0.061,0.305,0.244,-49.629,260.827,170.395,0.9949,0.0102,-0.0263,-0.0969,-0.02,0.05,0.035,3.2,96038.1,0.00,0.000,0.000,2
131481,-0.048,0.031,1.000,-0.122,0.183,0.183,-49.629,260.827,170.395,0.9951,0.0108,-0.0262,-0.0949,-0.06,0.01,0.021,3.2,96042.2,0.00,0.000,0.000,2
131681,-0.049,0.031,1.003,-0.122,0.305,0.183,-49.629,260.827,170.395,0.9953,0.0112,-0.0262,-0.0930,-0.09,-0.01,0.045,3.3,96042.2,0.00,0.000,0.000,2
131881,-0.047,0.030,1.002,-0.061,0.305,0.244,-63.809,271.695,153.356,0.9952,0.0121,-0.0259,-0.0931,-0.04,0.04,0.039,3.3,96035.3,0.00,0.000,0.000,2
132081,-0.048,0.029,1.001,-0.061,0.244,0.122,-63.809,271.695,153.356,0.9950,0.0134,-0.0261,-0.0957,0.02,0.09,0.030,3.4,96035.3,0.00,0.000,0.000,2
132281,-0.048,0.031,1.000,-0.122,0.244,0.244,-63.809,271.695,153.356,0.9947,0.0140,-0.0261,-0.0985,0.02,0.09,0.016,3.4,96039.5,0.00,0.000,0.000,2
132481,-0.047,0.030,1.002,-0.061,0.183,0.183,-63.809,271.695,153.356,0.9944,0.0141,-0.0259,-0.1011,0.07,0.12,0.035,3.4,96036.0,0.00,0.000,0.000,2
132681,-0.047,0.029,1.001,0.000,0.183,0.183,-63.809,271.695,153.356,0.9942,0.0140,-0.0258,-0.1033,0.11,0.14,0.024,3.4,96036.7,0.00,0.000,0.000,2
132881,-0.048,0.031,0.999,-0.061,0.305,0.183,-63.809,271.695,153.356,0.9940,0.0135,-0.0258,-0.1052,0.07,0.09,0.006,3.3,96039.5,0.00,0.000,0.000,2
133081,-0.048,0.031,0.996,-0.122,0.244,0.183,-63.809,271.695,153.356,0.9939,0.0132,-0.0258,-0.1067,0.08,0.08,-0.022,3.3,96038.8,0.00,0.000,0.000,2
133281,-0.048,0.030,1.003,-0.122,0.244,0.122,-63.809,271.695,153.356,0.9937,0.0129,-0.0258,-0.1079,0.08,0.07,0.049,3.3,96036.7,0.00,0.000,0.000,2
133481,-0.048,0.030,1.000,-0.061,0.244,0.183,-63.809,271.695,153.356,0.9937,0.0126,-0.0261,-0.1087,0.03,0.03,0.011,3.3,96040.2,0.00,0.000,0.000,2
133681,-0.050,0.031,1.001,-0.061,0.244,0.122,-63.809,271.695,153.356,0.9936,0.0127,-0.0262,-0.1093,-0.03,-0.02,0.031,3.3,96039.5,0.00,0.000,0.000,2
133881,-0.047,0.032,1.001,-0.061,0.183,0.305,-62.036,270.337,150.516,0.9936,0.0125,-0.0260,-0.1093,-0.07,-0.05,0.030,3.3,96039.4,0.00,0.000,0.000,2
134081,-0.046,0.032,0.999,-0.061,0.244,0.183,-62.036,270.337,150.516,0.9936,0.0122,-0.0261,-0.1089,-0.08,-0.05,0.006,3.3,96039.5,0.00,0.000,0.000,2
134281,-0.049,0.031,1.001,-0.061,0.305,0.244,-62.036,270.337,150.516,0.9937,0.0122,-0.0260,-0.1087,-0.09,-0.04,0.026,3.3,96038.6,0.00,0.000,0.000,2
134481,-0.049,0.033,0.997,-0.061,0.366,0.122,-62.036,270.337,150.516,0.9937,0.0123,-0.0261,-0.1085,-0.08,-0.03,-0.017,3.3,96040.2,0.00,0.000,0.000,2
134681,-0.048,0.033,0.999,-0.122,0.244,0.183,-62.036,270.337,150.516,0.9937,0.0124,-0.0262,-0.1084,-0.09,-0.02,0.007,3.3,96038.8,0.00,0.000,0.000,2
134881,-0.048,0.030,1.005,-0.061,0.183,0.244,-62.036,270.337,150.516,0.9937,0.0123,-0.0259,-0.1083,-0.11,-0.04,0.068,3.3,96038.8,0.00,0.000,0.000,2
135081,-0.047,0.029,1.001,-0.061,0.244,0.244,-62.036,270.337,150.516,0.9937,0.0120,-0.0257,-0.1082,-0.07,0.01,0.029,3.3,96040.2,0.00,0.000,0.000,2
135281,-0.050,0.032,0.999,-0.183,0.183,0.183,-62.036,270.337,150.516,0.9937,0.0120,-0.0261,-0.1083,-0.03,0.04,0.003,3.3,96040.8,0.00,0.000,0.000,2
135481,-0.047,0.030,1.003,-0.061,0.366,0.305,-62.036,270.337,150.516,0.9937,0.0121,-0.0262,-0.1083,-0.02,0.06,0.049,3.3,96034.5,0.00,0.000,0.000,2
135681,-0.049,0.029,0.998,-0.122,0.244,0.244,-62.036,270.337,150.516,0.9937,0.0120,-0.0261,-0.1083,-0.01,0.06,-0.008,3.3,96040.9,0.00,0.000,0.000,2
135881,-0.050,0.030,1.010,0.061,0.244,0.183,-62.036,270.337,150.516,0.9937,0.0120,-0.0262,-0.1083,0.02,0.08,0.112,3.3,96039.5,0.00,0.000,0.000,2
136081,-0.047,0.030,1.000,-0.061,0.305,0.244,-62.036,270.337,150.516,0.9937,0.0122,-0.0263,-0.1083,-0.00,0.05,0.020,3.3,96043.7,0.00,0.000,0.000,2
136281,-0.047,0.030,0.998,-0.061,0.122,0.183,-62.036,270.337,150.516,0.9937,0.0122,-0.0262,-0.1082,0.09,0.13,-0.009,3.3,96035.3,0.00,0.000,0.000,2
136481,-0.050,0.030,1.000,0.000,0.183,0.244,-62.036,270.337,150.516,0.9937,0.0120,-0.0262,-0.1083,0.12,0.14,0.017,3.3,96042.4,0.00,0.000,0.000,2
136681,-0.048,0.032,1.002,0.000,0.244,0.183,-62.036,270.337,150.516,0.9937,0.0122,-0.0261,-0.1083,0.13,0.13,0.040,3.3,96038.8,0.00,0.000,0.000,2
136881,-0.049,0.033,1.000,-0.061,0.305,0.305,-62.036,270.337,150.516,0.9937,0.0123,-0.0260,-0.1082,0.14,0.11,0.022,3.3,96040.3,0.00,0.000,0.000,2
137081,-0.047,0.032,1.001,-0.061,0.244,0.244,-62.036,270.337,150.516,0.9937,0.0122,-0.0262,-0.1083,0.07,0.04,0.030,3.3,96038.8,0.00,0.000,0.000,2
137281,-0.050,0.031,1.002,-0.061,0.305,0.244,-62.036,270.337,150.516,0.9937,0.0122,-0.0264,-0.1082,0.08,0.05,0.036,3.3,96038.2,0.00,0.000,0.000,2
137481,-0.049,0.032,0.997,-0.061,0.244,0.244,-62.036,270.337,150.516,0.9937,0.0121,-0.0262,-0.1082,0.11,0.07,-0.017,3.3,96036.7,0.00,0.000,0.000,2
137681,-0.052,0.029,1.002,-0.122,0.183,0.244,-62.036,270.337,150.516,0.9937,0.0120,-0.0263,-0.1082,0.11,0.07,0.036,3.3,96035.4,0.00,0.000,0.000,2
137881,-0.048,0.031,1.003,-0.122,0.305,0.244,-62.036,270.337,150.516,0.9937,0.0121,-0.0260,-0.1083,0.11,0.06,0.045,3.3,96034.6,0.00,0.000,0.000,2
138081,-0.048,0.030,1.000,-0.061,0.244,0.244,-62.036,270.337,150.516,0.9937,0.0122,-0.0261,-0.1083,0.11,0.05,0.011,3.3,96038.9,0.00,0.000,0.000,2
138281,-0.048,0.031,1.001,-0.122,0.244,0.183,-62.036,270.337,150.516,0.9937,0.0122,-0.0262,-0.1082,0.10,0.04,0.031,3.3,96040.4,0.00,0.000,0.000,2
138481,-0.048,0.032,1.005,0.000,0.305,0.244,-62.036,270.337,150.516,0.9937,0.0122,-0.0263,-0.1083,0.08,0.03,0.069,3.3,96039.6,0.00,0.000,0.000,2
138681,-0.049,0.031,1.006,-0.122,0.366,0.183,-62.036,270.337,150.516,0.9937,0.0121,-0.0261,-0.1082,0.07,0.02,0.078,3.3,96037.5,0.00,0.000,0.000,2
138881,-0.047,0.030,1.004,-0.183,0.244,0.244,-62.036,270.337,150.516,0.9937,0.0120,-0.0259,-0.1082,0.05,0.00,0.053,3.3,96039.5,0.00,0.000,0.000,2
139081,-0.048,0.030,1.000,-0.122,0.244,0.244,-62.036,270.337,150.516,0.9937,0.0120,-0.0261,-0.1082,-0.00,-0.03,0.021,3.3,96038.9,0.00,0.000,0.000,2
139281,-0.047,0.030,1.004,-0.122,0.244,0.183,-62.036,270.337,150.516,0.9937,0.0118,-0.0258,-0.1082,0.03,0.01,0.058,3.2,96038.1,0.00,0.000,0.000,2
139481,-0.049,0.030,1.000,-0.061,0.244,0.244,-62.036,270.337,150.516,0.9937,0.0120,-0.0260,-0.1082,0.09,0.06,0.021,3.3,96038.2,0.00,0.000,0.000,2
139681,-0.048,0.031,1.000,-0.061,0.122,0.305,-62.036,270.337,150.516,0.9937,0.0119,-0.0261,-0.1083,0.05,0.02,0.011,3.3,96039.6,0.00,0.000,0.000,2
139881,-0.049,0.030,1.002,-0.061,0.244,0.183,-62.036,270.337,150.516,0.9937,0.0119,-0.0261,-0.1083,0.11,0.08,0.040,3.3,96034.6,0.00,0.000,0.000,2
140081,-0.048,0.030,1.000,-0.061,0.183,0.244,-62.036,270.337,150.516,0.9937,0.0120,-0.0261,-0.1083,0.09,0.05,0.021,3.3,96038.8,0.00,0.000,0.000,2
140281,-0.047,0.031,1.001,-0.122,0.305,0.305,-62.036,270.337,150.516,0.9937,0.0123,-0.0262,-0.1083,0.08,0.03,0.025,3.3,96039.6,0.00,0.000,0.000,2
140481,-0.050,0.032,1.004,0.000,0.305,0.183,-62.036,270.337,150.516,0.9937,0.0122,-0.0262,-0.1082,0.02,-0.01,0.056,3.3,96038.2,0.00,0.000,0.000,2
140681,-0.047,0.030,1.005,-0.061,0.305,0.305,-62.036,270.337,150.516,0.9937,0.0124,-0.0261,-0.1083,0.07,0.03,0.063,3.3,96038.2,0.00,0.000,0.000,2
140881,-0.049,0.030,1.003,0.000,0.305,0.244,-62.036,270.337,150.516,0.9937,0.0120,-0.0260,-0.1083,0.06,0.03,0.049,3.3,96033.9,0.00,0.000,0.000,2
141081,-0.047,0.033,1.000,0.061,0.305,0.305,-62.036,270.337,150.516,0.9937,0.0123,-0.0259,-0.1083,0.03,-0.00,0.016,3.3,96036.7,0.00,0.000,0.000,2
141281,-0.050,0.031,1.002,-0.122,0.305,0.244,-62.036,270.337,150.516,0.9937,0.0123,-0.0263,-0.1083,0.01,-0.01,0.036,3.3,96035.3,0.00,0.000,0.000,2
141481,-0.050,0.029,1.001,-0.061,0.305,0.244,-62.036,270.337,150.516,0.9937,0.0123,-0.0263,-0.1083,0.00,-0.02,0.026,3.3,96041.1,0.00,0.000,0.000,2
141681,-0.050,0.032,1.000,-0.061,0.244,0.183,-62.036,270.337,150.516,0.9937,0.0124,-0.0263,-0.1082,0.06,0.04,0.022,3.3,96038.2,0.00,0.000,0.000,2
141881,-0.049,0.031,1.004,0.000,0.244,0.244,-62.036,270.337,150.516,0.9937,0.0123,-0.0262,-0.1083,0.08,0.07,0.059,3.3,96034.8,0.00,0.000,0.000,2
142081,-0.049,0.033,1.001,-0.061,0.244,0.244,-69.126,273.054,161.876,0.9935,0.0129,-0.0264,-0.1099,0.13,0.10,0.031,3.4,96041.0,0.00,0.000,0.000,2
142281,-0.049,0.031,1.004,-0.122,0.244,0.183,-69.126,273.054,161.876,0.9933,0.0133,-0.0264,-0.1120,0.07,0.03,0.059,3.4,96038.1,0.00,0.000,0.000,2
142481,-0.048,0.031,0.999,-0.122,0.244,0.183,-69.126,273.054,161.876,0.9931,0.0133,-0.0263,-0.1138,0.03,0.00,0.007,3.4,96038.9,0.00,0.000,0.000,2
142681,-0.048,0.032,1.001,-0.061,0.244,0.183,-69.126,273.054,161.876,0.9929,0.0129,-0.0262,-0.1152,-0.03,-0.05,0.026,3.3,96036.7,0.00,0.000,0.000,2
142881,-0.050,0.029,0.999,-0.061,0.183,0.305,-69.126,273.054,161.876,0.9928,0.0125,-0.0262,-0.1164,-0.09,-0.09,0.007,3.3,96043.0,0.00,0.000,0.000,2
143081,-0.050,0.031,1.002,-0.061,0.244,0.183,-69.126,273.054,161.876,0.9927,0.0126,-0.0263,-0.1172,-0.09,-0.07,0.041,3.3,96039.0,0.00,0.000,0.000,2
143281,-0.049,0.029,1.000,-0.122,0.305,0.183,-69.126,273.054,161.876,0.9926,0.0123,-0.0264,-0.1178,-0.10,-0.06,0.016,3.3,96040.3,0.00,0.000,0.000,2
143481,-0.048,0.029,1.004,-0.061,0.427,0.244,-69.126,273.054,161.876,0.9926,0.0121,-0.0262,-0.1183,-0.15,-0.09,0.054,3.3,96043.2,0.00,0.000,0.000,2
143681,-0.048,0.031,1.003,-0.122,0.305,0.183,-69.126,273.054,161.876,0.9925,0.0120,-0.0262,-0.1187,-0.11,-0.03,0.045,3.3,96036.7,0.00,0.000,0.000,2
143881,-0.048,0.033,1.000,-0.061,0.244,0.244,-69.126,273.054,161.876,0.9925,0.0122,-0.0261,-0.1189,-0.05,0.03,0.012,3.3,96039.0,0.00,0.000,0.000,2
144081,-0.050,0.033,1.004,-0.061,0.244,0.183,-54.946,267.620,167.556,0.9926,0.0113,-0.0265,-0.1179,0.03,0.10,0.061,3.3,96037.5,0.00,0.000,0.000,2
144281,-0.049,0.030,1.003,-0.061,0.305,0.183,-54.946,267.620,167.556,0.9929,0.0100,-0.0268,-0.1156,0.06,0.11,0.050,3.3,96036.8,0.00,0.000,0.000,2
144481,-0.049,0.029,1.000,-0.122,0.244,0.244,-54.946,267.620,167.556,0.9932,0.0092,-0.0269,-0.1131,0.06,0.10,0.016,3.3,96037.5,0.00,0.000,0.000,2
144681,-0.048,0.031,1.003,-0.061,0.244,0.305,-54.946,267.620,167.556,0.9935,0.0090,-0.0269,-0.1107,0.07,0.10,0.049,3.3,96035.3,0.00,0.000,0.000,2
144881,-0.049,0.030,1.001,-0.061,0.244,0.183,-54.946,267.620,167.556,0.9937,0.0092,-0.0268,-0.1083,0.08,0.09,0.025,3.2,96040.9,0.00,0.000,0.000,2
145081,-0.049,0.031,1.001,-0.061,0.366,0.183,-54.946,267.620,167.556,0.9939,0.0098,-0.0267,-0.1062,0.04,0.05,0.031,3.3,96037.6,0.00,0.000,0.000,2
145281,-0.049,0.032,1.002,-0.061,0.305,0.183,-54.946,267.620,167.556,0.9942,0.0102,-0.0266,-0.1041,0.05,0.06,0.036,3.3,96038.1,0.00,0.000,0.000,2
145481,-0.050,0.032,1.001,-0.061,0.244,0.183,-54.946,267.620,167.556,0.9944,0.0107,-0.0265,-0.1022,0.03,0.03,0.027,3.3,96041.7,0.00,0.000,0.000,2
145681,-0.048,0.032,1.002,0.000,0.305,0.183,-54.946,267.620,167.556,0.9945,0.0112,-0.0262,-0.1006,-0.07,-0.05,0.040,3.3,96039.6,0.00,0.000,0.000,2
145881,-0.048,0.030,1.000,-0.122,0.122,0.183,-54.946,267.620,167.556,0.9947,0.0116,-0.0260,-0.0992,-0.10,-0.07,0.016,3.3,96037.5,0.00,0.000,0.000,2
146081,-0.049,0.029,1.003,-0.122,0.366,0.183,-60.264,266.261,159.036,0.9947,0.0122,-0.0259,-0.0990,-0.11,-0.05,0.045,3.3,96036.9,0.00,0.000,0.000,2
146281,-0.049,0.029,1.002,-0.122,0.244,0.305,-60.264,266.261,159.036,0.9945,0.0130,-0.0259,-0.1010,-0.06,0.00,0.040,3.3,96038.8,0.00,0.000,0.000,2
146481,-0.047,0.033,1.002,0.000,0.244,0.305,-60.264,266.261,159.036,0.9943,0.0134,-0.0258,-0.1024,0.02,0.07,0.040,3.3,96037.6,0.00,0.000,0.000,2
146681,-0.049,0.032,1.001,-0.061,0.244,0.183,-60.264,266.261,159.036,0.9942,0.0132,-0.0257,-0.1035,0.08,0.13,0.026,3.3,96033.4,0.00,0.000,0.000,2
146881,-0.046,0.032,1.001,-0.061,0.122,0.244,-60.264,266.261,159.036,0.9941,0.0129,-0.0258,-0.1043,0.11,0.13,0.025,3.3,96036.9,0.00,0.000,0.000,2
147081,-0.049,0.028,1.002,0.000,0.183,0.183,-60.264,266.261,159.036,0.9941,0.0125,-0.0260,-0.1049,0.09,0.10,0.039,3.3,96037.6,0.00,0.000,0.000,2
147281,-0.048,0.029,0.998,-0.061,0.366,0.244,-60.264,266.261,159.036,0.9940,0.0124,-0.0259,-0.1053,0.06,0.06,-0.004,3.3,96041.1,0.00,0.000,0.000,2
147481,-0.048,0.031,1.002,-0.122,0.183,0.244,-60.264,266.261,159.036,0.9940,0.0123,-0.0259,-0.1056,-0.00,-0.00,0.035,3.3,96042.4,0.00,0.000,0.000,2
147681,-0.047,0.033,1.000,-0.122,0.183,0.244,-60.264,266.261,159.036,0.9940,0.0122,-0.0260,-0.1059,-0.04,-0.02,0.011,3.3,96040.4,0.00,0.000,0.000,2
147881,-0.048,0.030,1.003,-0.061,0.183,0.244,-60.264,266.261,159.036,0.9939,0.0123,-0.0259,-0.1061,-0.05,-0.02,0.044,3.3,96036.2,0.00,0.000,0.000,2
148081,-0.047,0.030,1.001,-0.122,0.244,0.305,-67.353,277.129,141.996,0.9939,0.0123,-0.0260,-0.1063,-0.06,-0.02,0.030,3.3,96041.2,0.00,0.000,0.000,2
148281,-0.050,0.031,1.002,-0.061,0.244,0.183,-67.353,277.129,141.996,0.9937,0.0130,-0.0261,-0.1085,-0.10,-0.05,0.036,3.3,96041.8,0.00,0.000,0.000,2
148481,-0.048,0.033,1.001,-0.061,0.244,0.305,-67.353,277.129,141.996,0.9935,0.0132,-0.0260,-0.1102,-0.10,-0.03,0.026,3.3,96037.6,0.00,0.000,0.000,2
148681,-0.050,0.031,1.002,-0.122,0.244,0.244,-67.353,277.129,141.996,0.9933,0.0131,-0.0261,-0.1115,-0.11,-0.03,0.036,3.3,96036.2,0.00,0.000,0.000,2
148881,-0.050,0.030,1.002,-0.061,0.244,0.305,-67.353,277.129,141.996,0.9932,0.0127,-0.0261,-0.1126,-0.11,-0.02,0.041,3.3,96041.1,0.00,0.000,0.000,2
149081,-0.048,0.030,1.000,0.000,0.244,0.183,-67.353,277.129,141.996,0.9931,0.0124,-0.0261,-0.1133,-0.11,-0.00,0.011,3.3,96039.0,0.00,0.000,0.000,2
149281,-0.049,0.032,1.000,-0.061,0.244,0.305,-67.353,277.129,141.996,0.9931,0.0124,-0.0262,-0.1139,-0.07,0.04,0.012,3.3,96037.6,0.00,0.000,0.000,2
149481,-0.047,0.033,1.002,-0.122,0.305,0.183,-67.353,277.129,141.996,0.9930,0.0123,-0.0262,-0.1143,-0.08,0.03,0.035,3.3,96041.1,0.00,0.000,0.000,2
149681,-0.049,0.031,1.000,-0.061,0.305,0.122,-67.353,277.129,141.996,0.9930,0.0123,-0.0262,-0.1146,-0.05,0.06,0.021,3.3,96039.0,0.00,0.000,0.000,2
149881,-0.048,0.030,1.000,0.000,0.305,0.183,-67.353,277.129,141.996,0.9930,0.0122,-0.0261,-0.1148,-0.05,0.05,0.021,3.3,96037.6,0.00,0.000,0.000,2
150081,-0.048,0.030,1.000,0.000,0.305,0.244,-67.353,277.129,141.996,0.9930,0.0121,-0.0260,-0.1149,-0.07,0.03,0.021,3.3,96041.9,0.00,0.000,0.000,2
150281,-0.049,0.032,1.000,-0.061,0.183,0.244,-58.491,267.620,161.876,0.9932,0.0112,-0.0263,-0.1130,-0.07,0.02,0.022,3.3,96039.1,0.00,0.000,0.000,2
150481,-0.045,0.030,1.003,-0.122,0.305,0.183,-58.491,267.620,161.876,0.9934,0.0107,-0.0261,-0.1110,-0.05,0.05,0.043,3.2,96036.2,0.00,0.000,0.000,2
150681,-0.049,0.029,1.000,-0.122,0.305,0.183,-58.491,267.620,161.876,0.9936,0.0106,-0.0261,-0.1090,-0.09,0.00,0.021,3.2,96044.6,0.00,0.000,0.000,2
150881,-0.048,0.030,1.001,-0.061,0.183,0.305,-58.491,267.620,161.876,0.9938,0.0108,-0.0261,-0.1074,-0.10,0.00,0.030,3.2,96036.9,0.00,0.000,0.000,2
151081,-0.049,0.033,1.000,-0.122,0.305,0.244,-58.491,267.620,161.876,0.9939,0.0113,-0.0262,-0.1062,-0.13,-0.02,0.012,3.3,96041.8,0.00,0.000,0.000,2
151281,-0.048,0.029,1.002,-0.122,0.183,0.183,-58.491,267.620,161.876,0.9940,0.0114,-0.0260,-0.1052,-0.11,0.01,0.039,3.3,96042.6,0.00,0.000,0.000,2
151481,-0.047,0.030,0.999,-0.122,0.305,0.244,-58.491,267.620,161.876,0.9941,0.0119,-0.0259,-0.1045,-0.09,0.03,0.006,3.3,96039.1,0.00,0.000,0.000,2
151681,-0.047,0.033,1.003,0.000,0.244,0.244,-58.491,267.620,161.876,0.9942,0.0119,-0.0258,-0.1039,-0.08,0.04,0.050,3.3,96042.7,0.00,0.000,0.000,2
151881,-0.049,0.028,1.001,-0.183,0.244,0.122,-58.491,267.620,161.876,0.9942,0.0118,-0.0259,-0.1035,-0.06,0.06,0.030,3.3,96041.1,0.00,0.000,0.000,2
152081,-0.049,0.031,1.002,-0.122,0.244,0.244,-58.491,267.620,161.876,0.9942,0.0119,-0.0261,-0.1033,-0.06,0.05,0.036,3.3,96039.7,0.00,0.000,0.000,2
152281,-0.048,0.034,1.001,-0.061,0.305,0.305,-58.491,267.620,161.876,0.9943,0.0122,-0.0259,-0.1030,-0.04,0.07,0.031,3.3,96040.5,0.00,0.000,0.000,2
152481,-0.049,0.029,1.003,-0.061,0.244,0.244,-58.491,267.620,161.876,0.9943,0.0124,-0.0261,-0.1028,0.04,0.12,0.045,3.3,96037.6,0.00,0.000,0.000,2
152681,-0.051,0.028,1.000,0.000,0.183,0.305,-58.491,267.620,161.876,0.9943,0.0123,-0.0261,-0.1027,0.06,0.12,0.016,3.3,96043.2,0.00,0.000,0.000,2
152881,-0.049,0.031,1.002,0.000,0.183,0.305,-58.491,267.620,161.876,0.9943,0.0124,-0.0262,-0.1025,0.00,0.06,0.041,3.3,96044.0,0.00,0.000,0.000,2
153081,-0.049,0.032,1.002,-0.061,0.244,0.244,-58.491,267.620,161.876,0.9943,0.0124,-0.0263,-0.1025,0.06,0.10,0.041,3.3,96040.4,0.00,0.000,0.000,2
153281,-0.048,0.029,0.997,-0.061,0.305,0.244,-58.491,267.620,161.876,0.9943,0.0123,-0.0262,-0.1024,0.11,0.13,-0.013,3.3,96035.5,0.00,0.000,0.000,2
153481,-0.050,0.033,0.999,0.000,0.244,0.183,-58.491,267.620,161.876,0.9943,0.0124,-0.0261,-0.1024,0.08,0.09,0.003,3.3,96038.3,0.00,0.000,0.000,2
153681,-0.048,0.031,1.002,-0.061,0.183,0.122,-58.491,267.620,161.876,0.9943,0.0125,-0.0261,-0.1024,0.08,0.08,0.040,3.3,96039.1,0.00,0.000,0.000,2
153881,-0.048,0.027,1.003,-0.061,0.305,0.244,-58.491,267.620,161.876,0.9943,0.0123,-0.0259,-0.1023,0.00,0.01,0.049,3.3,96042.6,0.00,0.000,0.000,2
154081,-0.049,0.033,0.998,0.000,0.183,0.183,-58.491,267.620,161.876,0.9943,0.0124,-0.0261,-0.1024,-0.02,-0.01,-0.007,3.3,96039.1,0.00,0.000,0.000,2
154281,-0.048,0.032,0.991,0.000,0.183,0.183,-58.491,267.620,161.876,0.9943,0.0124,-0.0260,-0.1024,-0.04,-0.02,-0.070,3.3,96040.5,0.00,0.000,0.000,2
154481,-0.047,0.027,1.002,-0.122,0.183,0.244,-58.491,267.620,161.876,0.9943,0.0123,-0.0259,-0.1024,-0.06,-0.02,0.038,3.3,96040.4,0.00,0.000,0.000,2
154681,-0.049,0.033,1.001,-0.183,0.183,0.183,-58.491,267.620,161.876,0.9943,0.0124,-0.0258,-0.1023,0.01,0.04,0.027,3.3,96041.9,0.00,0.000,0.000,2
154881,-0.049,0.030,1.003,-0.061,0.244,0.183,-58.491,267.620,161.876,0.9943,0.0125,-0.0259,-0.1023,0.05,0.08,0.045,3.3,96043.2,0.00,0.000,0.000,2
155081,-0.049,0.029,1.000,-0.122,0.305,0.244,-58.491,267.620,161.876,0.9943,0.0122,-0.0260,-0.1024,0.02,0.04,0.016,3.3,96041.3,0.00,0.000,0.000,2
155281,-0.048,0.034,1.003,-0.122,0.183,0.183,-58.491,267.620,161.876,0.9943,0.0124,-0.0261,-0.1024,0.02,0.04,0.045,3.3,96039.8,0.00,0.000,0.000,2
155481,-0.050,0.030,1.002,0.000,0.244,0.244,-58.491,267.620,161.876,0.9943,0.0124,-0.0261,-0.1023,0.02,0.03,0.041,3.3,96036.3,0.00,0.000,0.000,2
155681,-0.046,0.032,0.998,-0.061,0.244,0.183,-58.491,267.620,161.876,0.9943,0.0123,-0.0260,-0.1024,0.05,0.06,-0.004,3.3,96038.4,0.00,0.000,0.000,2
155881,-0.048,0.033,0.999,0.000,0.244,0.244,-58.491,267.620,161.876,0.9943,0.0126,-0.0260,-0.1023,0.09,0.09,0.002,3.3,96034.2,0.00,0.000,0.000,2
156081,-0.049,0.030,0.999,-0.061,0.122,0.183,-58.491,267.620,161.876,0.9943,0.0123,-0.0259,-0.1023,0.10,0.09,0.006,3.3,96037.1,0.00,0.000,0.000,2
156281,-0.046,0.030,1.003,-0.122,0.305,0.183,-58.491,267.620,161.876,0.9943,0.0123,-0.0259,-0.1023,0.15,0.12,0.044,3.3,96039.2,0.00,0.000,0.000,2
156481,-0.049,0.033,1.002,-0.122,0.366,0.305,-56.719,271.695,159.036,0.9944,0.0120,-0.0261,-0.1016,0.13,0.09,0.041,3.3,96039.1,0.00,0.000,0.000,2
156681,-0.048,0.028,0.999,0.000,0.244,0.183,-56.719,271.695,159.036,0.9945,0.0115,-0.0261,-0.1005,0.17,0.11,0.006,3.3,96037.0,0.00,0.000,0.000,2
156881,-0.047,0.028,1.000,-0.122,0.244,0.305,-56.719,271.695,159.036,0.9946,0.0116,-0.0260,-0.0998,0.11,0.05,0.015,3.3,96038.4,0.00,0.000,0.000,2
157081,-0.050,0.034,1.000,-0.061,0.305,0.244,-56.719,271.695,159.036,0.9947,0.0121,-0.0260,-0.0992,0.11,0.05,0.013,3.3,96038.5,0.00,0.000,0.000,2
157281,-0.049,0.030,1.004,-0.122,0.183,0.183,-56.719,271.695,159.036,0.9947,0.0120,-0.0258,-0.0988,0.03,-0.02,0.059,3.3,96042.6,0.00,0.000,0.000,2
157481,-0.047,0.029,1.003,-0.061,0.244,0.183,-56.719,271.695,159.036,0.9947,0.0122,-0.0257,-0.0984,-0.00,-0.04,0.049,3.3,96038.4,0.00,0.000,0.000,2
157681,-0.048,0.032,1.000,0.000,0.183,0.244,-56.719,271.695,159.036,0.9948,0.0124,-0.0257,-0.0982,-0.02,-0.04,0.017,3.3,96040.5,0.00,0.000,0.000,2
157881,-0.047,0.028,1.004,-0.061,0.244,0.183,-56.719,271.695,159.036,0.9948,0.0125,-0.0257,-0.0980,-0.02,-0.03,0.058,3.3,96041.8,0.00,0.000,0.000,2
158081,-0.047,0.031,1.005,-0.061,0.366,0.183,-56.719,271.695,159.036,0.9948,0.0124,-0.0256,-0.0979,-0.04,-0.03,0.063,3.3,96038.4,0.00,0.000,0.000,2
158281,-0.050,0.032,1.000,-0.061,0.183,0.183,-56.719,271.695,159.036,0.9948,0.0124,-0.0258,-0.0978,-0.00,0.01,0.017,3.3,96036.3,0.00,0.000,0.000,2
158481,-0.048,0.026,1.000,-0.061,0.122,0.244,-69.126,264.903,178.915,0.9947,0.0125,-0.0256,-0.0984,0.07,0.08,0.010,3.3,96038.4,0.00,0.000,0.000,2
158681,-0.048,0.029,1.002,-0.061,0.305,0.183,-69.126,264.903,178.915,0.9944,0.0138,-0.0258,-0.1011,0.07,0.07,0.039,3.4,96039.2,0.00,0.000,0.000,2
158881,-0.051,0.031,0.999,-0.122,0.244,0.305,-69.126,264.903,178.915,0.9941,0.0147,-0.0260,-0.1039,0.04,0.03,0.003,3.4,96039.1,0.00,0.000,0.000,2
159081,-0.049,0.029,1.003,-0.122,0.183,0.244,-69.126,264.903,178.915,0.9938,0.0149,-0.0261,-0.1067,-0.00,-0.01,0.049,3.4,96038.4,0.00,0.000,0.000,2
159281,-0.048,0.029,1.000,-0.061,0.244,0.244,-69.126,264.903,178.915,0.9935,0.0147,-0.0261,-0.1094,-0.02,-0.02,0.010,3.4,96045.5,0.00,0.000,0.000,2
159481,-0.047,0.030,1.003,-0.061,0.244,0.244,-69.126,264.903,178.915,0.9933,0.0146,-0.0259,-0.1118,-0.00,0.01,0.044,3.4,96041.2,0.00,0.000,0.000,2
159681,-0.045,0.028,1.002,-0.061,0.305,0.183,-69.126,264.903,178.915,0.9931,0.0142,-0.0257,-0.1139,0.02,0.03,0.038,3.4,96038.4,0.00,0.000,0.000,2
159881,-0.050,0.032,0.999,-0.122,0.183,0.183,-69.126,264.903,178.915,0.9929,0.0137,-0.0259,-0.1157,-0.04,-0.02,0.003,3.4,96039.2,0.00,0.000,0.000,2
160081,-0.052,0.032,1.000,0.000,0.305,0.183,-69.126,264.903,178.915,0.9927,0.0132,-0.0262,-0.1171,-0.09,-0.05,0.018,3.4,96035.5,0.00,0.000,0.000,2
160281,-0.049,0.026,1.006,-0.061,0.305,0.305,-69.126,264.903,178.915,0.9925,0.0129,-0.0262,-0.1184,-0.04,0.00,0.072,3.3,96037.7,0.00,0.000,0.000,2
160481,-0.049,0.036,1.003,-0.122,0.244,0.305,-69.126,264.903,178.915,0.9924,0.0129,-0.0263,-0.1193,0.01,0.05,0.047,3.4,96041.9,0.00,0.000,0.000,2
160681,-0.051,0.030,1.000,-0.061,0.183,0.244,-62.036,262.186,144.836,0.9926,0.0115,-0.0267,-0.1179,0.01,0.05,0.012,3.3,96038.5,0.00,0.000,0.000,2
160881,-0.047,0.030,0.996,-0.122,0.244,0.183,-62.036,262.186,144.836,0.9928,0.0110,-0.0264,-0.1164,0.00,0.03,-0.023,3.3,96040.5,0.00,0.000,0.000,2
161081,-0.048,0.032,1.002,-0.061,0.244,0.244,-62.036,262.186,144.836,0.9929,0.0111,-0.0263,-0.1153,0.03,0.06,0.040,3.3,96036.9,0.00,0.000,0.000,2
161281,-0.051,0.031,1.002,-0.122,0.244,0.244,-62.036,262.186,144.836,0.9930,0.0114,-0.0264,-0.1144,0.03,0.05,0.036,3.3,96036.3,0.00,0.000,0.000,2
161481,-0.046,0.030,1.001,-0.061,0.244,0.183,-62.036,262.186,144.836,0.9931,0.0114,-0.0264,-0.1137,0.03,0.04,0.029,3.3,96044.0,0.00,0.000,0.000,2
161681,-0.048,0.031,1.002,0.061,0.244,0.183,-62.036,262.186,144.836,0.9932,0.0116,-0.0262,-0.1132,0.05,0.06,0.035,3.3,96038.3,0.00,0.000,0.000,2
161881,-0.048,0.031,1.000,-0.061,0.183,0.244,-62.036,262.186,144.836,0.9932,0.0117,-0.0262,-0.1129,0.02,0.03,0.016,3.3,96041.9,0.00,0.000,0.000,2
162081,-0.047,0.029,1.004,-0.061,0.183,0.244,-62.036,262.186,144.836,0.9932,0.0118,-0.0263,-0.1127,-0.03,-0.02,0.058,3.3,96041.2,0.00,0.000,0.000,2
162281,-0.047,0.033,1.003,0.061,0.183,0.244,-62.036,262.186,144.836,0.9932,0.0119,-0.0261,-0.1125,-0.06,-0.03,0.045,3.3,96037.0,0.00,0.000,0.000,2
162481,-0.048,0.029,1.003,-0.061,0.305,0.244,-62.036,262.186,144.836,0.9933,0.0121,-0.0263,-0.1123,-0.08,-0.04,0.044,3.3,96042.6,0.00,0.000,0.000,2
162681,-0.050,0.030,1.002,-0.122,0.305,0.244,-76.216,267.620,139.156,0.9931,0.0129,-0.0263,-0.1139,-0.10,-0.04,0.041,3.4,96043.3,0.00,0.000,0.000,2
162881,-0.049,0.031,1.000,-0.061,0.183,0.244,-76.216,267.620,139.156,0.9927,0.0136,-0.0263,-0.1166,-0.09,-0.02,0.017,3.4,96042.0,0.00,0.000,0.000,2
163081,-0.049,0.028,1.002,-0.061,0.244,0.122,-76.216,267.620,139.156,0.9924,0.0139,-0.0263,-0.1193,-0.07,0.01,0.039,3.4,96039.1,0.00,0.000,0.000,2
163281,-0.047,0.030,1.000,-0.061,0.305,0.244,-76.216,267.620,139.156,0.9921,0.0140,-0.0264,-0.1218,-0.00,0.07,0.011,3.4,96036.2,0.00,0.000,0.000,2
163481,-0.051,0.032,1.001,0.061,0.183,0.305,-76.216,267.620,139.156,0.9918,0.0141,-0.0265,-0.1242,0.00,0.07,0.032,3.4,96043.3,0.00,0.000,0.000,2
163681,-0.048,0.029,1.004,0.061,0.244,0.244,-76.216,267.620,139.156,0.9915,0.0138,-0.0264,-0.1263,0.03,0.08,0.058,3.4,96038.4,0.00,0.000,0.000,2
163881,-0.050,0.030,1.000,-0.122,0.244,0.183,-76.216,267.620,139.156,0.9913,0.0134,-0.0264,-0.1281,0.02,0.07,0.017,3.4,96037.7,0.00,0.000,0.000,2
164081,-0.050,0.031,1.002,-0.061,0.244,0.244,-76.216,267.620,139.156,0.9911,0.0131,-0.0265,-0.1296,0.06,0.09,0.041,3.4,96039.1,0.00,0.000,0.000,2
164281,-0.048,0.028,1.005,-0.122,0.244,0.305,-76.216,267.620,139.156,0.9910,0.0127,-0.0264,-0.1308,0.09,0.10,0.063,3.4,96039.9,0.00,0.000,0.000,2
164481,-0.049,0.032,1.001,-0.061,0.305,0.244,-76.216,267.620,139.156,0.9908,0.0125,-0.0264,-0.1318,0.11,0.11,0.027,3.3,96039.9,0.00,0.000,0.000,2
164681,-0.050,0.029,1.002,-0.122,0.305,0.244,-76.216,267.620,139.156,0.9907,0.0121,-0.0266,-0.1326,0.14,0.13,0.040,3.4,96036.3,0.00,0.000,0.000,2
164881,-0.049,0.029,1.000,-0.122,0.183,0.244,-76.216,267.620,139.156,0.9906,0.0119,-0.0266,-0.1333,0.09,0.07,0.016,3.3,96040.6,0.00,0.000,0.000,2
165081,-0.047,0.031,0.999,0.000,0.183,0.244,-76.216,267.620,139.156,0.9906,0.0118,-0.0265,-0.1338,0.11,0.08,0.006,3.3,96037.8,0.00,0.000,0.000,2
165281,-0.050,0.029,1.003,-0.061,0.305,0.122,-76.216,267.620,139.156,0.9905,0.0117,-0.0265,-0.1342,0.09,0.05,0.045,3.3,96039.8,0.00,0.000,0.000,2
165481,-0.047,0.029,1.000,-0.122,0.244,0.244,-76.216,267.620,139.156,0.9905,0.0117,-0.0267,-0.1345,0.07,0.04,0.015,3.3,96039.2,0.00,0.000,0.000,2
165681,-0.049,0.031,1.000,-0.183,0.183,0.305,-76.216,267.620,139.156,0.9905,0.0115,-0.0266,-0.1348,0.05,0.01,0.017,3.3,96041.3,0.00,0.000,0.000,2
165881,-0.047,0.030,1.001,-0.061,0.305,0.244,-76.216,267.620,139.156,0.9904,0.0114,-0.0265,-0.1350,0.02,-0.01,0.025,3.3,96040.6,0.00,0.000,0.000,2
166081,-0.047,0.031,1.004,0.000,0.244,0.244,-76.216,267.620,139.156,0.9904,0.0113,-0.0266,-0.1351,-0.03,-0.04,0.054,3.3,96038.6,0.00,0.000,0.000,2
166281,-0.048,0.031,0.999,0.000,0.244,0.244,-76.216,267.620,139.156,0.9904,0.0114,-0.0266,-0.1353,-0.03,-0.04,0.002,3.3,96040.6,0.00,0.000,0.000,2
166481,-0.047,0.030,0.998,-0.061,0.244,0.183,-76.216,267.620,139.156,0.9904,0.0113,-0.0265,-0.1354,0.01,0.01,-0.009,3.3,96036.4,0.00,0.000,0.000,2
166681,-0.046,0.031,1.000,-0.122,0.305,0.366,-76.216,267.620,139.156,0.9904,0.0112,-0.0264,-0.1355,0.01,0.01,0.015,3.3,96042.0,0.00,0.000,0.000,2
166881,-0.049,0.033,1.000,-0.183,0.305,0.244,-76.216,267.620,139.156,0.9903,0.0113,-0.0266,-0.1356,-0.02,-0.01,0.012,3.3,96042.7,0.00,0.000,0.000,2
167081,-0.051,0.029,1.000,-0.061,0.183,0.244,-76.216,267.620,139.156,0.9903,0.0113,-0.0267,-0.1356,-0.09,-0.06,0.012,3.3,96042.8,0.00,0.000,0.000,2
167281,-0.051,0.029,1.006,-0.061,0.244,0.244,-76.216,267.620,139.156,0.9903,0.0112,-0.0266,-0.1357,-0.09,-0.04,0.074,3.3,96037.9,0.00,0.000,0.000,2
167481,-0.050,0.032,1.000,-0.183,0.244,0.183,-76.216,267.620,139.156,0.9903,0.0114,-0.0267,-0.1356,-0.04,0.02,0.012,3.3,96038.6,0.00,0.000,0.000,2
167681,-0.050,0.028,1.000,-0.061,0.244,0.183,-76.216,267.620,139.156,0.9903,0.0112,-0.0268,-0.1357,-0.05,0.01,0.016,3.3,96038.6,0.00,0.000,0.000,2
167881,-0.049,0.029,1.006,-0.122,0.122,0.244,-76.216,267.620,139.156,0.9903,0.0112,-0.0266,-0.1357,-0.10,-0.03,0.073,3.3,96042.2,0.00,0.000,0.000,2
168081,-0.048,0.036,1.006,-0.061,0.183,0.244,-76.216,267.620,139.156,0.9903,0.0114,-0.0266,-0.1357,-0.05,0.03,0.075,3.3,96038.5,0.00,0.000,0.000,2
168281,-0.047,0.030,1.000,0.122,0.183,0.244,-76.216,267.620,139.156,0.9903,0.0116,-0.0264,-0.1358,-0.01,0.06,0.020,3.3,96044.8,0.00,0.000,0.000,2
168481,-0.048,0.032,1.006,-0.061,0.244,0.305,-76.216,267.620,139.156,0.9903,0.0114,-0.0264,-0.1357,-0.01,0.06,0.074,3.3,96039.3,0.00,0.000,0.000,2
168681,-0.051,0.033,1.000,-0.061,0.244,0.122,-76.216,267.620,139.156,0.9903,0.0113,-0.0266,-0.1357,0.00,0.07,0.018,3.3,96039.9,0.00,0.000,0.000,2
168881,-0.049,0.027,1.001,0.061,0.305,0.183,-76.216,267.620,139.156,0.9903,0.0114,-0.0267,-0.1357,0.00,0.06,0.030,3.3,96039.1,0.00,0.000,0.000,2
169081,-0.048,0.032,1.005,-0.061,0.366,0.183,-76.216,267.620,139.156,0.9903,0.0114,-0.0268,-0.1357,0.05,0.11,0.064,3.3,96035.8,0.00,0.000,0.000,2
169281,-0.049,0.032,1.000,0.000,0.183,0.183,-76.216,267.620,139.156,0.9903,0.0114,-0.0269,-0.1357,0.05,0.09,0.012,3.4,96036.4,0.00,0.000,0.000,2
169481,-0.048,0.027,1.000,-0.244,0.244,0.244,-76.216,267.620,139.156,0.9903,0.0113,-0.0267,-0.1357,0.10,0.13,0.015,3.3,96040.7,0.00,0.000,0.000,2
169681,-0.049,0.032,1.004,-0.061,0.244,0.244,-76.216,267.620,139.156,0.9903,0.0111,-0.0268,-0.1357,0.16,0.16,0.060,3.3,96037.0,0.00,0.000,0.000,2
169881,-0.051,0.032,1.005,0.061,0.061,0.244,-76.216,267.620,139.156,0.9903,0.0113,-0.0267,-0.1357,0.19,0.16,0.070,3.3,96037.9,0.00,0.000,0.000,2
170081,-0.048,0.029,1.005,0.061,0.244,0.183,-76.216,267.620,139.156,0.9903,0.0112,-0.0267,-0.1357,0.19,0.14,0.068,3.3,96040.7,0.00,0.000,0.000,2
170281,-0.047,0.030,1.004,-0.061,0.183,0.244,-76.216,267.620,139.156,0.9903,0.0112,-0.0268,-0.1357,0.13,0.07,0.054,3.3,96037.9,0.00,0.000,0.000,2
170481,-0.048,0.029,1.001,-0.122,0.244,0.183,-76.216,267.620,139.156,0.9903,0.0112,-0.0267,-0.1356,0.16,0.09,0.030,3.3,96038.7,0.00,0.000,0.000,2
170681,-0.048,0.031,1.001,0.000,0.305,0.244,-76.216,267.620,139.156,0.9903,0.0112,-0.0267,-0.1356,0.13,0.06,0.025,3.3,96039.4,0.00,0.000,0.000,2
170881,-0.050,0.033,1.000,0.000,0.244,0.305,-72.671,270.337,178.915,0.9905,0.0105,-0.0267,-0.1342,0.16,0.07,0.022,3.3,96037.9,0.00,0.000,0.000,2
171081,-0.047,0.031,1.001,-0.122,0.244,0.244,-72.671,270.337,178.915,0.9907,0.0101,-0.0267,-0.1327,0.12,0.03,0.025,3.3,96042.2,0.00,0.000,0.000,2
171281,-0.047,0.027,0.997,0.000,0.183,0.183,-72.671,270.337,178.915,0.9909,0.0102,-0.0265,-0.1316,0.06,-0.01,-0.014,3.3,96039.4,0.00,0.000,0.000,2
171481,-0.047,0.031,0.999,-0.122,0.183,0.244,-72.671,270.337,178.915,0.9910,0.0104,-0.0264,-0.1306,-0.01,-0.07,0.006,3.2,96038.6,0.00,0.000,0.000,2
171681,-0.049,0.029,1.005,-0.061,0.183,0.244,-72.671,270.337,178.915,0.9911,0.0105,-0.0263,-0.1298,-0.06,-0.09,0.064,3.2,96041.5,0.00,0.000,0.000,2
171881,-0.049,0.030,1.003,-0.061,0.244,0.305,-72.671,270.337,178.915,0.9912,0.0106,-0.0264,-0.1292,-0.08,-0.09,0.045,3.3,96039.4,0.00,0.000,0.000,2
172081,-0.047,0.033,0.999,-0.061,0.244,0.244,-72.671,270.337,178.915,0.9913,0.0111,-0.0264,-0.1288,-0.10,-0.08,0.002,3.3,96044.3,0.00,0.000,0.000,2
172281,-0.048,0.028,1.000,-0.061,0.244,0.183,-72.671,270.337,178.915,0.9913,0.0110,-0.0264,-0.1283,-0.11,-0.07,0.015,3.3,96040.0,0.00,0.000,0.000,2
172481,-0.048,0.030,0.997,-0.122,0.244,0.244,-72.671,270.337,178.915,0.9914,0.0112,-0.0263,-0.1280,-0.08,-0.03,-0.018,3.3,96039.2,0.00,0.000,0.000,2
172681,-0.048,0.032,1.001,-0.122,0.244,0.183,-72.671,270.337,178.915,0.9914,0.0114,-0.0262,-0.1277,-0.11,-0.05,0.026,3.3,96046.4,0.00,0.000,0.000,2
172881,-0.048,0.029,1.000,-0.061,0.122,0.244,-72.671,270.337,178.915,0.9914,0.0114,-0.0266,-0.1275,-0.10,-0.03,0.020,3.3,96040.1,0.00,0.000,0.000,2
173081,-0.048,0.030,1.004,-0.061,0.305,0.305,-72.671,270.337,178.915,0.9914,0.0115,-0.0264,-0.1274,-0.08,0.00,0.054,3.3,96037.9,0.00,0.000,0.000,2
173281,-0.052,0.031,1.001,-0.061,0.244,0.305,-72.671,270.337,178.915,0.9914,0.0115,-0.0266,-0.1273,-0.11,-0.02,0.032,3.3,96040.1,0.00,0.000,0.000,2
173481,-0.048,0.032,1.000,-0.061,0.244,0.244,-72.671,270.337,178.915,0.9915,0.0115,-0.0264,-0.1272,-0.13,-0.03,0.021,3.3,96046.5,0.00,0.000,0.000,2
173681,-0.047,0.029,1.003,-0.061,0.183,0.183,-72.671,270.337,178.915,0.9915,0.0115,-0.0266,-0.1271,-0.16,-0.04,0.049,3.3,96045.0,0.00,0.000,0.000,2
174013,-0.049,0.029,1.000,-0.122,0.305,0.244,-72.671,270.337,178.915,0.9915,0.0110,-0.0265,-0.1269,-0.11,0.01,0.016,3.3,96042.2,0.00,0.000,0.000,2
174091,-0.049,0.028,1.001,0.000,0.244,0.244,-65.581,259.469,184.595,0.9916,0.0107,-0.0266,-0.1264,-0.06,0.06,0.025,3.3,96041.5,0.00,0.000,0.000,2
174281,-0.049,0.031,1.002,-0.061,0.305,0.244,-65.581,259.469,184.595,0.9918,0.0104,-0.0266,-0.1248,-0.03,0.08,0.040,3.3,96041.7,0.00,0.000,0.000,2
174481,-0.049,0.031,1.002,-0.061,0.183,0.244,-65.581,259.469,184.595,0.9919,0.0107,-0.0264,-0.1235,0.03,0.13,0.041,3.3,96038.8,0.00,0.000,0.000,2
174681,-0.049,0.031,1.001,-0.061,0.244,0.183,-65.581,259.469,184.595,0.9921,0.0108,-0.0265,-0.1224,0.02,0.10,0.026,3.3,96042.2,0.00,0.000,0.000,2
174881,-0.047,0.031,1.000,-0.061,0.305,0.183,-67.353,266.261,141.996,0.9921,0.0112,-0.0266,-0.1219,0.06,0.11,0.011,3.3,96040.2,0.00,0.000,0.000,2
175081,-0.050,0.031,1.000,-0.061,0.244,0.183,-67.353,266.261,141.996,0.9922,0.0114,-0.0266,-0.1215,0.10,0.13,0.022,3.3,96037.4,0.00,0.000,0.000,2
175281,-0.048,0.030,1.002,-0.061,0.305,0.244,-67.353,266.261,141.996,0.9922,0.0116,-0.0265,-0.1211,0.13,0.15,0.035,3.3,96039.6,0.00,0.000,0.000,2
175481,-0.045,0.033,0.997,0.000,0.305,0.244,-67.353,266.261,141.996,0.9922,0.0115,-0.0263,-0.1209,0.20,0.18,-0.018,3.3,96037.9,0.00,0.000,0.000,2
175681,-0.049,0.030,1.001,-0.061,0.305,0.244,-67.353,266.261,141.996,0.9923,0.0114,-0.0263,-0.1207,0.17,0.13,0.026,3.3,96040.9,0.00,0.000,0.000,2
175881,-0.047,0.030,1.000,-0.061,0.305,0.183,-67.353,266.261,141.996,0.9923,0.0114,-0.0264,-0.1205,0.17,0.11,0.020,3.3,96043.0,0.00,0.000,0.000,2
176081,-0.046,0.034,0.996,0.000,0.244,0.183,-67.353,266.261,141.996,0.9923,0.0116,-0.0263,-0.1204,0.16,0.09,-0.027,3.3,96040.2,0.00,0.000,0.000,2
176281,-0.050,0.029,0.998,-0.122,0.183,0.305,-67.353,266.261,141.996,0.9923,0.0116,-0.0263,-0.1203,0.12,0.05,-0.003,3.3,96039.5,0.00,0.000,0.000,2
176481,-0.048,0.029,1.000,0.061,0.305,0.244,-67.353,266.261,141.996,0.9923,0.0115,-0.0263,-0.1203,0.01,-0.06,0.020,3.3,96042.2,0.00,0.000,0.000,2
176681,-0.050,0.033,1.004,-0.061,0.122,0.183,-67.353,266.261,141.996,0.9923,0.0117,-0.0263,-0.1203,-0.02,-0.07,0.056,3.3,96040.9,0.00,0.000,0.000,2
176881,-0.050,0.030,1.003,-0.122,0.183,0.305,-58.491,270.337,167.556,0.9926,0.0103,-0.0266,-0.1183,-0.09,-0.10,0.050,3.3,96045.2,0.00,0.000,0.000,2
177081,-0.048,0.030,1.007,-0.061,0.244,0.183,-58.491,270.337,167.556,0.9928,0.0094,-0.0267,-0.1160,-0.09,-0.08,0.082,3.2,96037.9,0.00,0.000,0.000,2
177281,-0.049,0.032,1.001,-0.061,0.366,0.183,-58.491,270.337,167.556,0.9931,0.0093,-0.0267,-0.1136,-0.09,-0.06,0.031,3.2,96039.5,0.00,0.000,0.000,2
177481,-0.050,0.031,1.003,-0.122,0.183,0.183,-58.491,270.337,167.556,0.9934,0.0096,-0.0266,-0.1114,-0.05,-0.01,0.045,3.2,96035.9,0.00,0.000,0.000,2
177681,-0.050,0.030,1.002,-0.061,0.061,0.244,-58.491,270.337,167.556,0.9936,0.0099,-0.0265,-0.1094,-0.02,0.02,0.036,3.2,96044.3,0.00,0.000,0.000,2
177881,-0.048,0.032,1.003,0.000,0.183,0.244,-58.491,270.337,167.556,0.9938,0.0105,-0.0262,-0.1077,-0.00,0.04,0.045,3.2,96040.2,0.00,0.000,0.000,2
178081,-0.049,0.030,1.003,-0.061,0.183,0.183,-58.491,270.337,167.556,0.9939,0.0110,-0.0262,-0.1061,0.02,0.05,0.050,3.3,96038.1,0.00,0.000,0.000,2
178281,-0.047,0.033,0.999,-0.061,0.244,0.183,-58.491,270.337,167.556,0.9941,0.0113,-0.0260,-0.1049,0.03,0.06,0.002,3.3,96035.2,0.00,0.000,0.000,2
178481,-0.049,0.031,1.000,0.061,0.305,0.122,-58.491,270.337,167.556,0.9942,0.0115,-0.0260,-0.1038,0.06,0.08,0.012,3.3,96038.1,0.00,0.000,0.000,2
178681,-0.048,0.029,1.004,-0.122,0.183,0.183,-58.491,270.337,167.556,0.9943,0.0118,-0.0260,-0.1030,0.10,0.11,0.054,3.3,96038.3,0.00,0.000,0.000,2
178881,-0.046,0.031,1.000,-0.122,0.183,0.244,-70.898,274.412,153.356,0.9940,0.0129,-0.0260,-0.1054,0.10,0.09,0.015,3.3,96042.4,0.00,0.000,0.000,2
179081,-0.051,0.030,1.000,-0.061,0.305,0.244,-70.898,274.412,153.356,0.9937,0.0138,-0.0261,-0.1080,0.10,0.08,0.017,3.4,96040.9,0.00,0.000,0.000,2
179281,-0.049,0.027,1.002,0.000,0.244,0.244,-70.898,274.412,153.356,0.9934,0.0140,-0.0261,-0.1106,0.10,0.07,0.039,3.4,96036.7,0.00,0.000,0.000,2
179481,-0.048,0.029,1.005,-0.061,0.244,0.244,-70.898,274.412,153.356,0.9932,0.0139,-0.0261,-0.1130,0.09,0.06,0.063,3.4,96039.5,0.00,0.000,0.000,2
179681,-0.048,0.030,1.002,-0.061,0.061,0.183,-70.898,274.412,153.356,0.9929,0.0135,-0.0261,-0.1150,0.08,0.04,0.035,3.4,96037.6,0.00,0.000,0.000,2
179881,-0.047,0.029,1.001,-0.061,0.244,0.183,-70.898,274.412,153.356,0.9927,0.0134,-0.0262,-0.1167,0.10,0.06,0.029,3.4,96039.5,0.00,0.000,0.000,2
180081,-0.048,0.031,1.000,-0.183,0.244,0.244,-70.898,274.412,153.356,0.9926,0.0130,-0.0264,-0.1180,0.11,0.06,0.016,3.4,96039.6,0.00,0.000,0.000,2
180281,-0.049,0.032,1.000,-0.061,0.183,0.244,-70.898,274.412,153.356,0.9925,0.0127,-0.0264,-0.1191,0.10,0.05,0.012,3.4,96037.6,0.00,0.000,0.000,2
180481,-0.046,0.029,1.004,-0.061,0.366,0.244,-70.898,274.412,153.356,0.9924,0.0122,-0.0263,-0.1200,0.07,0.02,0.053,3.3,96040.9,0.00,0.000,0.000,2
180681,-0.050,0.034,1.002,-0.061,0.183,0.183,-70.898,274.412,153.356,0.9923,0.0121,-0.0265,-0.1206,0.07,0.02,0.037,3.3,96038.8,0.00,0.000,0.000,2
180881,-0.049,0.029,1.003,-0.122,0.244,0.244,-70.898,268.978,176.075,0.9922,0.0122,-0.0263,-0.1213,0.05,0.01,0.045,3.3,96037.6,0.00,0.000,0.000,2
181081,-0.048,0.026,1.003,-0.061,0.244,0.122,-70.898,268.978,176.075,0.9921,0.0121,-0.0263,-0.1220,0.04,0.00,0.043,3.3,96039.7,0.00,0.000,0.000,2
181281,-0.049,0.033,0.999,-0.122,0.244,0.183,-70.898,268.978,176.075,0.9920,0.0120,-0.0263,-0.1225,-0.01,-0.04,0.007,3.3,96043.9,0.00,0.000,0.000,2
181481,-0.048,0.031,1.003,-0.061,0.305,0.244,-70.898,268.978,176.075,0.9920,0.0120,-0.0264,-0.1229,-0.06,-0.07,0.045,3.3,96041.8,0.00,0.000,0.000,2
181681,-0.048,0.030,1.002,-0.122,0.244,0.305,-70.898,268.978,176.075,0.9920,0.0118,-0.0263,-0.1233,-0.10,-0.09,0.035,3.3,96039.5,0.00,0.000,0.000,2
181881,-0.049,0.033,1.002,-0.061,0.305,0.244,-70.898,268.978,176.075,0.9919,0.0118,-0.0262,-0.1235,-0.12,-0.08,0.036,3.3,96038.2,0.00,0.000,0.000,2
182081,-0.050,0.028,1.000,-0.061,0.244,0.122,-70.898,268.978,176.075,0.9919,0.0117,-0.0263,-0.1237,-0.13,-0.07,0.012,3.3,96045.2,0.00,0.000,0.000,2
182281,-0.049,0.032,0.999,-0.061,0.244,0.244,-70.898,268.978,176.075,0.9919,0.0118,-0.0261,-0.1238,-0.08,-0.02,0.007,3.3,96038.1,0.00,0.000,0.000,2
182481,-0.048,0.033,1.002,-0.122,0.183,0.305,-70.898,268.978,176.075,0.9919,0.0118,-0.0263,-0.1240,-0.03,0.04,0.040,3.3,96041.0,0.00,0.000,0.000,2
182681,-0.048,0.032,1.000,-0.061,0.244,0.183,-70.898,268.978,176.075,0.9919,0.0117,-0.0263,-0.1240,0.01,0.07,0.016,3.3,96041.7,0.00,0.000,0.000,2
182881,-0.050,0.030,1.000,0.000,0.305,0.183,-53.174,266.261,141.996,0.9919,0.0115,-0.0262,-0.1236,0.02,0.07,0.021,3.3,96038.2,0.00,0.000,0.000,2
183081,-0.050,0.033,1.001,-0.061,0.183,0.183,-53.174,266.261,141.996,0.9922,0.0102,-0.0266,-0.1212,0.03,0.08,0.027,3.3,96041.1,0.00,0.000,0.000,2
183281,-0.049,0.029,1.003,0.000,0.122,0.244,-53.174,266.261,141.996,0.9925,0.0092,-0.0268,-0.1188,0.02,0.06,0.045,3.2,96041.0,0.00,0.000,0.000,2
183481,-0.047,0.032,1.000,-0.061,0.183,0.305,-53.174,266.261,141.996,0.9928,0.0086,-0.0270,-0.1162,0.06,0.08,0.016,3.2,96040.4,0.00,0.000,0.000,2
183681,-0.048,0.029,0.998,-0.061,0.122,0.244,-53.174,266.261,141.996,0.9931,0.0082,-0.0271,-0.1137,0.05,0.07,-0.004,3.2,96041.7,0.00,0.000,0.000,2
183881,-0.049,0.029,1.005,0.000,0.183,0.244,-53.174,266.261,141.996,0.9934,0.0083,-0.0271,-0.1112,0.00,0.02,0.068,3.2,96041.2,0.00,0.000,0.000,2
184081,-0.048,0.033,1.003,-0.061,0.244,0.183,-53.174,266.261,141.996,0.9937,0.0086,-0.0269,-0.1088,0.02,0.04,0.045,3.2,96038.2,0.00,0.000,0.000,2
184281,-0.047,0.032,0.999,-0.061,0.244,0.183,-53.174,266.261,141.996,0.9939,0.0091,-0.0267,-0.1065,-0.02,0.01,0.001,3.2,96041.0,0.00,0.000,0.000,2
184481,-0.048,0.028,1.001,-0.122,0.244,0.244,-53.174,266.261,141.996,0.9941,0.0096,-0.0264,-0.1044,-0.09,-0.05,0.025,3.2,96042.4,0.00,0.000,0.000,2
184681,-0.046,0.032,1.002,-0.122,0.305,0.244,-53.174,266.261,141.996,0.9944,0.0100,-0.0264,-0.1022,-0.11,-0.06,0.039,3.2,96043.2,0.00,0.000,0.000,2
184881,-0.049,0.031,1.001,-0.061,0.244,0.183,-56.719,266.261,176.075,0.9945,0.0107,-0.0264,-0.1005,-0.08,-0.01,0.026,3.3,96039.7,0.00,0.000,0.000,2
185081,-0.047,0.030,1.001,-0.061,0.305,0.183,-56.719,266.261,176.075,0.9945,0.0118,-0.0262,-0.1003,-0.05,0.02,0.030,3.3,96038.4,0.00,0.000,0.000,2
185281,-0.046,0.032,0.999,-0.061,0.305,0.183,-56.719,266.261,176.075,0.9946,0.0121,-0.0258,-0.1000,-0.04,0.03,0.006,3.3,96041.8,0.00,0.000,0.000,2
185481,-0.048,0.031,0.998,-0.061,0.183,0.244,-56.719,266.261,176.075,0.9946,0.0123,-0.0258,-0.0997,-0.09,-0.01,-0.003,3.3,96044.6,0.00,0.000,0.000,2
185681,-0.049,0.029,1.003,-0.183,0.244,0.244,-56.719,266.261,176.075,0.9946,0.0121,-0.0258,-0.0996,-0.04,0.04,0.045,3.3,96034.1,0.00,0.000,0.000,2
185881,-0.049,0.032,1.001,-0.061,0.305,0.183,-56.719,266.261,176.075,0.9946,0.0123,-0.0260,-0.0994,-0.03,0.04,0.027,3.3,96042.6,0.00,0.000,0.000,2
186081,-0.050,0.031,1.001,0.061,0.305,0.183,-56.719,266.261,176.075,0.9946,0.0123,-0.0263,-0.0993,-0.06,0.02,0.027,3.3,96039.7,0.00,0.000,0.000,2
186281,-0.049,0.029,1.000,-0.061,0.305,0.244,-56.719,266.261,176.075,0.9946,0.0123,-0.0260,-0.0993,-0.06,0.02,0.011,3.3,96043.2,0.00,0.000,0.000,2
186481,-0.049,0.030,1.001,-0.061,0.244,0.244,-56.719,266.261,176.075,0.9946,0.0123,-0.0260,-0.0992,-0.06,0.02,0.030,3.3,96041.1,0.00,0.000,0.000,2
186681,-0.050,0.030,1.001,-0.061,0.244,0.122,-56.719,266.261,176.075,0.9947,0.0123,-0.0258,-0.0992,-0.03,0.05,0.031,3.3,96041.2,0.00,0.000,0.000,2
186881,-0.048,0.032,1.001,0.000,0.183,0.366,-65.581,267.620,156.196,0.9946,0.0128,-0.0260,-0.0999,0.01,0.08,0.026,3.3,96039.9,0.00,0.000,0.000,2
187081,-0.050,0.031,1.000,-0.061,0.305,0.244,-65.581,267.620,156.196,0.9943,0.0137,-0.0261,-0.1026,0.02,0.09,0.017,3.4,96038.5,0.00,0.000,0.000,2
187281,-0.048,0.030,1.000,-0.122,0.305,0.244,-65.581,267.620,156.196,0.9940,0.0140,-0.0263,-0.1052,0.04,0.09,0.011,3.4,96037.6,0.00,0.000,0.000,2
187481,-0.051,0.029,1.000,-0.122,0.244,0.244,-65.581,267.620,156.196,0.9938,0.0139,-0.0263,-0.1075,0.03,0.07,0.012,3.4,96039.8,0.00,0.000,0.000,2
187681,-0.047,0.031,1.001,0.000,0.183,0.183,-65.581,267.620,156.196,0.9936,0.0136,-0.0262,-0.1094,0.02,0.05,0.030,3.4,96041.2,0.00,0.000,0.000,2
187881,-0.049,0.031,0.999,-0.061,0.305,0.122,-65.581,267.620,156.196,0.9934,0.0133,-0.0264,-0.1109,-0.01,0.02,0.002,3.4,96044.8,0.00,0.000,0.000,2
188081,-0.049,0.030,1.003,-0.122,0.305,0.122,-65.581,267.620,156.196,0.9933,0.0129,-0.0262,-0.1121,0.02,0.05,0.050,3.4,96042.7,0.00,0.000,0.000,2
188281,-0.047,0.029,1.004,-0.061,0.244,0.244,-65.581,267.620,156.196,0.9932,0.0125,-0.0261,-0.1131,0.05,0.07,0.053,3.3,96039.9,0.00,0.000,0.000,2
188481,-0.049,0.030,1.002,-0.061,0.244,0.244,-65.581,267.620,156.196,0.9931,0.0124,-0.0264,-0.1138,0.08,0.09,0.035,3.3,96040.6,0.00,0.000,0.000,2
188681,-0.047,0.033,1.004,-0.061,0.305,0.183,-65.581,267.620,156.196,0.9930,0.0126,-0.0263,-0.1143,0.13,0.12,0.055,3.3,96039.2,0.00,0.000,0.000,2
188881,-0.048,0.031,1.003,-0.061,0.305,0.183,-65.581,273.054,173.235,0.9930,0.0121,-0.0262,-0.1143,0.08,0.07,0.045,3.3,96040.6,0.00,0.000,0.000,2
189081,-0.048,0.030,1.000,-0.061,0.305,0.244,-65.581,273.054,173.235,0.9931,0.0118,-0.0264,-0.1139,0.06,0.04,0.020,3.3,96040.6,0.00,0.000,0.000,2
189281,-0.049,0.030,1.002,-0.061,0.366,0.305,-65.581,273.054,173.235,0.9931,0.0118,-0.0263,-0.1137,0.03,0.01,0.040,3.3,96042.1,0.00,0.000,0.000,2
189481,-0.046,0.032,1.004,0.000,0.244,0.244,-65.581,273.054,173.235,0.9931,0.0119,-0.0260,-0.1135,0.03,0.01,0.054,3.3,96041.4,0.00,0.000,0.000,2
189681,-0.049,0.029,1.000,-0.061,0.183,0.244,-65.581,273.054,173.235,0.9931,0.0118,-0.0261,-0.1133,0.07,0.05,0.016,3.3,96037.1,0.00,0.000,0.000,2
189881,-0.049,0.029,1.003,0.061,0.366,0.244,-65.581,273.054,173.235,0.9932,0.0119,-0.0262,-0.1132,0.04,0.02,0.050,3.3,96043.4,0.00,0.000,0.000,2
190081,-0.048,0.030,1.001,-0.061,0.305,0.244,-65.581,273.054,173.235,0.9932,0.0119,-0.0262,-0.1131,0.10,0.07,0.030,3.3,96039.2,0.00,0.000,0.000,2
190281,-0.049,0.032,0.998,-0.061,0.244,0.305,-65.581,273.054,173.235,0.9932,0.0122,-0.0263,-0.1131,0.04,0.02,-0.007,3.3,96041.9,0.00,0.000,0.000,2
190481,-0.048,0.029,1.000,-0.122,0.305,0.244,-65.581,273.054,173.235,0.9932,0.0119,-0.0263,-0.1130,0.03,0.01,0.020,3.3,96040.6,0.00,0.000,0.000,2
190681,-0.050,0.032,1.000,-0.122,0.183,0.183,-65.581,273.054,173.235,0.9932,0.0121,-0.0260,-0.1129,0.05,0.03,0.017,3.3,96040.0,0.00,0.000,0.000,2
190881,-0.048,0.031,0.997,0.000,0.244,0.183,-51.401,267.620,144.836,0.9933,0.0115,-0.0260,-0.1122,0.05,0.03,-0.013,3.3,96039.9,0.00,0.000,0.000,2
191081,-0.050,0.030,1.000,-0.122,0.305,0.183,-51.401,267.620,144.836,0.9935,0.0103,-0.0264,-0.1098,0.01,-0.01,0.012,3.3,96043.5,0.00,0.000,0.000,2
191281,-0.047,0.029,1.000,0.000,0.305,0.183,-51.401,267.620,144.836,0.9938,0.0096,-0.0266,-0.1073,0.02,0.01,0.015,3.2,96042.0,0.00,0.000,0.000,2
191481,-0.048,0.030,1.003,0.000,0.244,0.305,-51.401,267.620,144.836,0.9941,0.0093,-0.0267,-0.1049,0.05,0.04,0.049,3.2,96037.8,0.00,0.000,0.000,2
191681,-0.048,0.031,1.006,0.000,0.244,0.183,-51.401,267.620,144.836,0.9943,0.0095,-0.0266,-0.1025,0.07,0.06,0.073,3.2,96040.7,0.00,0.000,0.000,2
191881,-0.048,0.032,1.002,-0.122,0.244,0.244,-51.401,267.620,144.836,0.9946,0.0098,-0.0265,-0.1002,0.09,0.07,0.035,3.2,96036.4,0.00,0.000,0.000,2
192081,-0.049,0.032,1.001,-0.061,0.305,0.183,-51.401,267.620,144.836,0.9948,0.0102,-0.0263,-0.0981,0.13,0.10,0.031,3.2,96039.9,0.00,0.000,0.000,2
192281,-0.050,0.031,1.000,-0.061,0.305,0.244,-51.401,267.620,144.836,0.9950,0.0108,-0.0264,-0.0961,0.07,0.03,0.012,3.3,96043.4,0.00,0.000,0.000,2
192481,-0.048,0.029,1.002,-0.061,0.244,0.305,-51.401,267.620,144.836,0.9951,0.0110,-0.0260,-0.0944,0.07,0.03,0.034,3.2,96041.4,0.00,0.000,0.000,2
192681,-0.048,0.031,1.000,-0.061,0.183,0.183,-51.401,267.620,144.836,0.9953,0.0117,-0.0260,-0.0930,0.06,0.02,0.021,3.3,96039.9,0.00,0.000,0.000,2
192881,-0.049,0.031,1.001,-0.122,0.244,0.183,-60.264,266.261,147.676,0.9952,0.0125,-0.0260,-0.0934,0.08,0.04,0.031,3.3,96040.6,0.00,0.000,0.000,2
193081,-0.046,0.030,1.001,0.000,0.305,0.244,-60.264,266.261,147.676,0.9950,0.0136,-0.0259,-0.0960,0.07,0.03,0.025,3.4,96037.7,0.00,0.000,0.000,2
193281,-0.048,0.031,1.000,-0.183,0.244,0.305,-60.264,266.261,147.676,0.9947,0.0140,-0.0258,-0.0985,0.03,-0.01,0.016,3.4,96044.0,0.00,0.000,0.000,2
193481,-0.049,0.030,1.000,-0.122,0.244,0.244,-60.264,266.261,147.676,0.9945,0.0137,-0.0261,-0.1006,0.02,-0.02,0.016,3.4,96040.6,0.00,0.000,0.000,2
193681,-0.048,0.031,1.000,-0.061,0.244,0.244,-60.264,266.261,147.676,0.9943,0.0134,-0.0260,-0.1023,0.01,-0.01,0.016,3.3,96039.2,0.00,0.000,0.000,2
193881,-0.053,0.031,1.002,-0.061,0.244,0.183,-60.264,266.261,147.676,0.9942,0.0131,-0.0262,-0.1036,0.00,-0.01,0.038,3.4,96037.7,0.00,0.000,0.000,2
194081,-0.050,0.032,1.004,-0.061,0.244,0.305,-60.264,266.261,147.676,0.9941,0.0128,-0.0261,-0.1045,-0.04,-0.04,0.060,3.3,96038.5,0.00,0.000,0.000,2
194281,-0.049,0.030,0.996,-0.061,0.183,0.183,-60.264,266.261,147.676,0.9940,0.0125,-0.0262,-0.1051,-0.06,-0.05,-0.022,3.3,96045.5,0.00,0.000,0.000,2
194481,-0.051,0.031,0.999,-0.122,0.183,0.183,-60.264,266.261,147.676,0.9940,0.0126,-0.0264,-0.1056,-0.08,-0.05,0.003,3.4,96039.8,0.00,0.000,0.000,2
194681,-0.047,0.030,1.005,-0.061,0.183,0.183,-60.264,266.261,147.676,0.9940,0.0125,-0.0261,-0.1059,-0.08,-0.04,0.063,3.3,96043.4,0.00,0.000,0.000,2
194881,-0.049,0.029,1.000,-0.061,0.305,0.183,-67.353,252.677,153.356,0.9938,0.0130,-0.0260,-0.1071,-0.11,-0.05,0.021,3.3,96045.5,0.00,0.000,0.000,2
195081,-0.049,0.031,1.001,-0.061,0.305,0.244,-67.353,252.677,153.356,0.9935,0.0139,-0.0262,-0.1099,-0.10,-0.03,0.031,3.4,96041.2,0.00,0.000,0.000,2
195281,-0.048,0.029,1.001,0.000,0.183,0.244,-67.353,252.677,153.356,0.9932,0.0143,-0.0261,-0.1124,-0.08,-0.00,0.030,3.4,96042.6,0.00,0.000,0.000,2
195481,-0.047,0.030,1.000,-0.061,0.244,0.244,-67.353,252.677,153.356,0.9929,0.0144,-0.0261,-0.1149,-0.07,0.01,0.011,3.4,96039.0,0.00,0.000,0.000,2
195681,-0.050,0.031,0.999,0.000,0.183,0.183,-67.353,252.677,153.356,0.9927,0.0142,-0.0263,-0.1171,-0.03,0.05,0.003,3.4,96040.5,0.00,0.000,0.000,2
195881,-0.049,0.031,1.001,-0.061,0.366,0.183,-67.353,252.677,153.356,0.9925,0.0137,-0.0262,-0.1189,0.01,0.08,0.031,3.4,96037.7,0.00,0.000,0.000,2
196081,-0.051,0.031,1.000,0.000,0.244,0.244,-67.353,252.677,153.356,0.9923,0.0132,-0.0262,-0.1205,0.07,0.13,0.017,3.4,96041.2,0.00,0.000,0.000,2
196281,-0.049,0.030,1.002,0.000,0.244,0.183,-67.353,252.677,153.356,0.9921,0.0128,-0.0263,-0.1217,0.10,0.13,0.035,3.4,96039.2,0.00,0.000,0.000,2
196481,-0.048,0.029,1.002,-0.122,0.244,0.305,-67.353,252.677,153.356,0.9920,0.0127,-0.0263,-0.1228,0.15,0.16,0.039,3.3,96038.5,0.00,0.000,0.000,2
196681,-0.048,0.029,1.002,0.000,0.183,0.183,-67.353,252.677,153.356,0.9919,0.0124,-0.0262,-0.1235,0.17,0.15,0.040,3.3,96039.1,0.00,0.000,0.000,2
196881,-0.050,0.030,1.000,-0.122,0.366,0.183,-67.353,252.677,153.356,0.9918,0.0120,-0.0264,-0.1241,0.16,0.12,0.012,3.3,96041.2,0.00,0.000,0.000,2
197081,-0.048,0.030,1.000,-0.122,0.183,0.244,-67.353,252.677,153.356,0.9918,0.0121,-0.0264,-0.1246,0.17,0.12,0.016,3.3,96041.2,0.00,0.000,0.000,2
197281,-0.049,0.031,1.002,0.000,0.183,0.122,-67.353,252.677,153.356,0.9917,0.0119,-0.0264,-0.1250,0.16,0.09,0.036,3.3,96034.1,0.00,0.000,0.000,2
197481,-0.050,0.030,1.002,-0.061,0.244,0.244,-67.353,252.677,153.356,0.9917,0.0119,-0.0266,-0.1253,0.12,0.05,0.041,3.3,96040.4,0.00,0.000,0.000,2
197681,-0.048,0.028,1.001,0.000,0.122,0.183,-67.353,252.677,153.356,0.9917,0.0118,-0.0266,-0.1254,0.12,0.04,0.025,3.3,96039.0,0.00,0.000,0.000,2
197881,-0.049,0.032,1.004,-0.122,0.183,0.244,-67.353,252.677,153.356,0.9917,0.0118,-0.0265,-0.1256,0.09,0.02,0.060,3.3,96039.9,0.00,0.000,0.000,2
198081,-0.049,0.031,1.001,-0.122,0.183,0.244,-67.353,252.677,153.356,0.9916,0.0118,-0.0265,-0.1257,0.04,-0.02,0.031,3.3,96040.4,0.00,0.000,0.000,2
198281,-0.048,0.029,1.001,0.000,0.244,0.305,-67.353,252.677,153.356,0.9916,0.0118,-0.0264,-0.1258,-0.04,-0.09,0.025,3.3,96047.5,0.00,0.000,0.000,2
198481,-0.048,0.030,1.001,-0.061,0.305,0.183,-67.353,252.677,153.356,0.9916,0.0117,-0.0266,-0.1259,-0.08,-0.09,0.030,3.3,96035.3,0.00,0.000,0.000,2
198681,-0.049,0.030,1.002,0.000,0.244,0.244,-67.353,252.677,153.356,0.9916,0.0117,-0.0265,-0.1259,-0.04,-0.04,0.040,3.3,96039.0,0.00,0.000,0.000,2
198881,-0.049,0.030,1.001,-0.061,0.244,0.244,-67.353,252.677,153.356,0.9916,0.0116,-0.0265,-0.1259,-0.04,-0.03,0.031,3.3,96040.4,0.00,0.000,0.000,2
199081,-0.048,0.031,1.000,-0.122,0.244,0.122,-67.353,252.677,153.356,0.9916,0.0116,-0.0265,-0.1260,-0.05,-0.03,0.021,3.3,96045.5,0.00,0.000,0.000,2
199281,-0.048,0.030,1.003,0.000,0.244,0.305,-67.353,252.677,153.356,0.9916,0.0115,-0.0265,-0.1260,-0.05,-0.02,0.049,3.3,96039.1,0.00,0.000,0.000,2
199481,-0.048,0.032,1.000,-0.183,0.122,0.183,-67.353,252.677,153.356,0.9916,0.0117,-0.0263,-0.1260,-0.04,0.00,0.021,3.3,96042.0,0.00,0.000,0.000,2
199681,-0.046,0.029,1.005,0.000,0.305,0.244,-67.353,252.677,153.356,0.9916,0.0115,-0.0262,-0.1260,-0.06,-0.02,0.067,3.3,96042.6,0.00,0.000,0.000,2
199881,-0.049,0.031,1.000,-0.061,0.183,0.244,-67.353,252.677,153.356,0.9916,0.0116,-0.0262,-0.1260,-0.11,-0.05,0.021,3.3,96042.6,0.00,0.000,0.000,2
200081,-0.048,0.030,1.001,-0.061,0.244,0.183,-67.353,252.677,153.356,0.9916,0.0116,-0.0263,-0.1260,-0.03,0.04,0.025,3.3,96038.5,0.00,0.000,0.000,2
200281,-0.049,0.029,1.001,-0.061,0.183,0.183,-67.353,252.677,153.356,0.9916,0.0117,-0.0262,-0.1260,0.04,0.09,0.025,3.3,96041.8,0.00,0.000,0.000,2
200481,-0.049,0.029,1.000,-0.061,0.244,0.244,-67.353,252.677,153.356,0.9916,0.0117,-0.0263,-0.1260,0.07,0.10,0.021,3.3,96040.4,0.00,0.000,0.000,2
200681,-0.046,0.032,1.000,-0.122,0.183,0.244,-67.353,252.677,153.356,0.9916,0.0115,-0.0261,-0.1261,0.06,0.08,0.020,3.3,96035.5,0.00,0.000,0.000,2
200881,-0.049,0.028,1.002,0.000,0.244,0.183,-65.581,267.620,167.556,0.9917,0.0107,-0.0265,-0.1251,0.08,0.09,0.035,3.3,96036.9,0.00,0.000,0.000,2
201081,-0.049,0.030,1.000,-0.061,0.122,0.183,-65.581,267.620,167.556,0.9920,0.0103,-0.0265,-0.1232,0.06,0.06,0.012,3.3,96039.8,0.00,0.000,0.000,2
201281,-0.048,0.031,1.003,-0.122,0.305,0.122,-65.581,267.620,167.556,0.9922,0.0104,-0.0265,-0.1215,0.05,0.05,0.045,3.3,96040.5,0.00,0.000,0.000,2
201481,-0.046,0.029,1.001,0.061,0.305,0.244,-65.581,267.620,167.556,0.9924,0.0106,-0.0261,-0.1201,0.08,0.08,0.029,3.2,96041.9,0.00,0.000,0.000,2
201681,-0.047,0.029,1.000,-0.061,0.183,0.122,-65.581,267.620,167.556,0.9925,0.0108,-0.0261,-0.1189,0.14,0.12,0.020,3.2,96037.6,0.00,0.000,0.000,2
201881,-0.050,0.032,0.999,-0.122,0.244,0.183,-65.581,267.620,167.556,0.9926,0.0110,-0.0262,-0.1181,0.13,0.09,0.003,3.3,96041.1,0.00,0.000,0.000,2
202081,-0.049,0.031,1.005,0.000,0.244,0.305,-65.581,267.620,167.556,0.9927,0.0114,-0.0262,-0.1174,0.15,0.10,0.064,3.3,96040.4,0.00,0.000,0.000,2
202281,-0.048,0.029,1.003,-0.122,0.183,0.122,-65.581,267.620,167.556,0.9927,0.0114,-0.0263,-0.1169,0.16,0.09,0.049,3.3,96041.1,0.00,0.000,0.000,2
202481,-0.048,0.032,1.002,-0.061,0.244,0.244,-65.581,267.620,167.556,0.9928,0.0118,-0.0262,-0.1164,0.14,0.07,0.036,3.3,96034.2,0.00,0.000,0.000,2
202681,-0.050,0.032,1.000,-0.183,0.244,0.183,-65.581,267.620,167.556,0.9928,0.0120,-0.0262,-0.1161,0.19,0.10,0.012,3.3,96035.5,0.00,0.000,0.000,2
202881,-0.048,0.031,1.003,-0.061,0.244,0.244,-51.401,273.054,156.196,0.9931,0.0107,-0.0266,-0.1140,0.20,0.09,0.044,3.3,96039.1,0.00,0.000,0.000,2
203081,-0.047,0.032,0.999,0.000,0.183,0.244,-51.401,273.054,156.196,0.9933,0.0096,-0.0268,-0.1116,0.21,0.09,0.001,3.3,96037.6,0.00,0.000,0.000,2
203281,-0.049,0.031,1.002,-0.061,0.183,0.244,-51.401,273.054,156.196,0.9936,0.0089,-0.0270,-0.1090,0.22,0.09,0.040,3.3,96036.2,0.00,0.000,0.000,2
203481,-0.049,0.031,1.000,-0.122,0.244,0.244,-51.401,273.054,156.196,0.9939,0.0087,-0.0270,-0.1064,0.17,0.03,0.012,3.3,96038.4,0.00,0.000,0.000,2
203681,-0.049,0.032,1.002,-0.061,0.244,0.244,-51.401,273.054,156.196,0.9942,0.0088,-0.0270,-0.1039,0.18,0.04,0.036,3.3,96038.2,0.00,0.000,0.000,2
203881,-0.051,0.028,1.002,0.000,0.366,0.122,-51.401,273.054,156.196,0.9944,0.0089,-0.0268,-0.1015,0.15,0.02,0.036,3.2,96036.2,0.00,0.000,0.000,2
204081,-0.050,0.032,0.999,-0.061,0.244,0.183,-51.401,273.054,156.196,0.9947,0.0096,-0.0267,-0.0992,0.07,-0.05,0.007,3.3,96039.0,0.00,0.000,0.000,2
204281,-0.049,0.030,1.002,-0.122,0.427,0.183,-51.401,273.054,156.196,0.9949,0.0100,-0.0264,-0.0970,0.04,-0.06,0.035,3.2,96034.1,0.00,0.000,0.000,2
204481,-0.048,0.029,0.999,-0.061,0.305,0.244,-51.401,273.054,156.196,0.9951,0.0106,-0.0263,-0.0949,0.02,-0.07,0.006,3.2,96039.7,0.00,0.000,0.000,2
204681,-0.047,0.032,1.003,-0.061,0.305,0.122,-51.401,273.054,156.196,0.9953,0.0110,-0.0261,-0.0931,-0.01,-0.07,0.049,3.2,96038.3,0.00,0.000,0.000,2
204881,-0.048,0.032,1.000,0.000,0.244,0.244,-51.401,273.054,156.196,0.9954,0.0117,-0.0259,-0.0915,0.00,-0.05,0.016,3.3,96036.9,0.00,0.000,0.000,2
205081,-0.048,0.030,1.001,-0.061,0.183,0.183,-51.401,273.054,156.196,0.9955,0.0121,-0.0258,-0.0902,0.01,-0.03,0.030,3.3,96040.3,0.00,0.000,0.000,2
205281,-0.048,0.030,1.004,-0.122,0.183,0.122,-51.401,273.054,156.196,0.9956,0.0122,-0.0258,-0.0892,0.03,0.00,0.054,3.3,96036.9,0.00,0.000,0.000,2
205481,-0.050,0.030,0.999,-0.183,0.305,0.183,-51.401,273.054,156.196,0.9957,0.0123,-0.0259,-0.0886,0.08,0.04,0.007,3.3,96036.4,0.00,0.000,0.000,2
205681,-0.048,0.030,1.002,-0.061,0.183,0.244,-51.401,273.054,156.196,0.9957,0.0122,-0.0258,-0.0882,0.08,0.05,0.035,3.3,96038.3,0.00,0.000,0.000,2
205881,-0.049,0.031,1.002,-0.061,0.244,0.183,-51.401,273.054,156.196,0.9957,0.0126,-0.0257,-0.0880,0.11,0.07,0.040,3.3,96038.3,0.00,0.000,0.000,2
206081,-0.047,0.029,1.000,-0.122,0.305,0.183,-51.401,273.054,156.196,0.9957,0.0126,-0.0254,-0.0877,0.07,0.02,0.010,3.2,96039.7,0.00,0.000,0.000,2
206281,-0.049,0.032,1.001,-0.061,0.305,0.183,-51.401,273.054,156.196,0.9957,0.0129,-0.0254,-0.0877,-0.02,-0.05,0.031,3.3,96042.4,0.00,0.000,0.000,2
206481,-0.048,0.032,0.999,-0.061,0.305,0.183,-51.401,273.054,156.196,0.9957,0.0127,-0.0256,-0.0876,-0.07,-0.08,0.007,3.3,96041.1,0.00,0.000,0.000,2
206681,-0.050,0.031,1.000,-0.122,0.183,0.183,-67.353,268.978,153.356,0.9956,0.0135,-0.0259,-0.0892,-0.06,-0.06,0.022,3.3,96043.2,0.00,0.000,0.000,2
206881,-0.048,0.031,1.002,-0.061,0.183,0.244,-67.353,268.978,153.356,0.9953,0.0146,-0.0261,-0.0921,-0.07,-0.04,0.040,3.4,96039.0,0.00,0.000,0.000,2
207081,-0.048,0.032,1.000,-0.061,0.244,0.244,-67.353,268.978,153.356,0.9950,0.0153,-0.0261,-0.0951,-0.04,-0.01,0.021,3.5,96041.8,0.00,0.000,0.000,2
207281,-0.049,0.030,1.002,-0.061,0.305,0.244,-67.353,268.978,153.356,0.9947,0.0158,-0.0262,-0.0981,-0.03,0.00,0.040,3.5,96036.2,0.00,0.000,0.000,2
207481,-0.048,0.029,1.000,-0.061,0.122,0.244,-67.353,268.978,153.356,0.9944,0.0158,-0.0262,-0.1010,-0.04,-0.01,0.015,3.5,96040.4,0.00,0.000,0.000,2
207681,-0.048,0.031,1.000,-0.061,0.122,0.183,-67.353,268.978,153.356,0.9941,0.0155,-0.0263,-0.1038,-0.05,-0.00,0.021,3.5,96038.3,0.00,0.000,0.000,2
207881,-0.048,0.031,1.001,-0.061,0.244,0.244,-67.353,268.978,153.356,0.9939,0.0151,-0.0263,-0.1064,-0.04,0.00,0.030,3.5,96044.0,0.00,0.000,0.000,2
208081,-0.047,0.027,1.000,-0.122,0.244,0.305,-67.353,268.978,153.356,0.9936,0.0145,-0.0261,-0.1088,-0.08,-0.02,0.014,3.4,96038.3,0.00,0.000,0.000,2
208281,-0.046,0.029,1.002,0.000,0.183,0.305,-67.353,268.978,153.356,0.9934,0.0140,-0.0261,-0.1109,-0.09,-0.02,0.038,3.4,96041.1,0.00,0.000,0.000,2
208481,-0.049,0.030,1.000,0.000,0.183,0.183,-51.401,273.054,173.235,0.9933,0.0131,-0.0262,-0.1119,-0.11,-0.02,0.021,3.4,96041.8,0.00,0.000,0.000,2
208681,-0.048,0.033,1.005,-0.122,0.183,0.183,-51.401,273.054,173.235,0.9935,0.0114,-0.0264,-0.1098,-0.09,0.00,0.064,3.3,96042.6,0.00,0.000,0.000,2
208881,-0.047,0.029,1.001,-0.061,0.244,0.183,-51.401,273.054,173.235,0.9938,0.0101,-0.0268,-0.1074,-0.03,0.05,0.025,3.3,96037.6,0.00,0.000,0.000,2
209081,-0.048,0.030,1.001,-0.061,0.183,0.183,-51.401,273.054,173.235,0.9941,0.0092,-0.0268,-0.1050,-0.03,0.05,0.025,3.3,96041.8,0.00,0.000,0.000,2
209281,-0.046,0.032,1.003,-0.061,0.244,0.244,-51.401,273.054,173.235,0.9943,0.0090,-0.0267,-0.1025,-0.06,0.03,0.044,3.2,96041.2,0.00,0.000,0.000,2
209481,-0.048,0.030,1.001,-0.122,0.244,0.244,-51.401,273.054,173.235,0.9946,0.0093,-0.0266,-0.1001,-0.06,0.03,0.025,3.2,96039.8,0.00,0.000,0.000,2
209681,-0.048,0.029,0.999,-0.061,0.122,0.244,-51.401,273.054,173.235,0.9948,0.0097,-0.0265,-0.0978,-0.04,0.04,0.001,3.2,96038.9,0.00,0.000,0.000,2
209881,-0.047,0.030,0.995,-0.122,0.183,0.244,-51.401,273.054,173.235,0.9950,0.0102,-0.0262,-0.0957,-0.10,-0.02,-0.038,3.2,96040.5,0.00,0.000,0.000,2
210081,-0.049,0.032,1.000,-0.122,0.183,0.244,-51.401,273.054,173.235,0.9952,0.0109,-0.0261,-0.0937,-0.09,-0.01,0.021,3.2,96037.6,0.00,0.000,0.000,2
210281,-0.049,0.029,1.001,-0.061,0.183,0.183,-51.401,273.054,173.235,0.9954,0.0111,-0.0260,-0.0919,-0.07,0.02,0.025,3.2,96041.1,0.00,0.000,0.000,2
210481,-0.048,0.031,1.000,-0.122,0.244,0.183,-62.036,270.337,156.196,0.9951,0.0125,-0.0262,-0.0940,-0.10,-0.00,0.021,3.3,96039.8,0.00,0.000,0.000,2
210681,-0.050,0.031,1.002,-0.061,0.305,0.305,-62.036,270.337,156.196,0.9949,0.0134,-0.0262,-0.0967,-0.10,0.01,0.036,3.4,96041.1,0.00,0.000,0.000,2
210881,-0.050,0.031,1.003,0.061,0.366,0.183,-62.036,270.337,156.196,0.9946,0.0138,-0.0261,-0.0992,-0.09,0.02,0.045,3.4,96042.5,0.00,0.000,0.000,2
211081,-0.049,0.029,1.000,-0.122,0.244,0.305,-62.036,270.337,156.196,0.9944,0.0135,-0.0261,-0.1015,-0.08,0.03,0.021,3.4,96043.3,0.00,0.000,0.000,2
211281,-0.048,0.030,1.004,-0.061,0.244,0.305,-62.036,270.337,156.196,0.9942,0.0133,-0.0262,-0.1033,-0.12,-0.01,0.054,3.4,96042.5,0.00,0.000,0.000,2
211481,-0.050,0.031,1.003,-0.061,0.244,0.244,-62.036,270.337,156.196,0.9941,0.0129,-0.0262,-0.1047,-0.09,0.03,0.050,3.3,96042.0,0.00,0.000,0.000,2
211681,-0.048,0.032,1.000,-0.061,0.244,0.183,-62.036,270.337,156.196,0.9940,0.0127,-0.0263,-0.1057,-0.08,0.04,0.016,3.3,96041.0,0.00,0.000,0.000,2
211881,-0.049,0.031,1.002,-0.061,0.244,0.183,-62.036,270.337,156.196,0.9939,0.0125,-0.0261,-0.1064,-0.08,0.04,0.036,3.3,96039.0,0.00,0.000,0.000,2
212081,-0.049,0.031,1.001,-0.122,0.244,0.122,-62.036,270.337,156.196,0.9938,0.0124,-0.0261,-0.1069,-0.07,0.05,0.026,3.3,96040.4,0.00,0.000,0.000,2
212281,-0.050,0.031,1.004,-0.061,0.244,0.244,-62.036,270.337,156.196,0.9938,0.0124,-0.0263,-0.1073,-0.08,0.03,0.060,3.3,96043.2,0.00,0.000,0.000,2
212481,-0.049,0.030,1.003,-0.061,0.183,0.244,-65.581,267.620,156.196,0.9936,0.0131,-0.0262,-0.1092,-0.11,0.01,0.050,3.4,96044.0,0.00,0.000,0.000,2
212681,-0.050,0.031,1.001,0.000,0.305,0.244,-65.581,267.620,156.196,0.9934,0.0132,-0.0264,-0.1108,-0.14,-0.01,0.026,3.4,96043.2,0.00,0.000,0.000,2
212881,-0.050,0.030,1.001,-0.061,0.244,0.244,-65.581,267.620,156.196,0.9933,0.0129,-0.0263,-0.1121,-0.06,0.07,0.026,3.4,96041.8,0.00,0.000,0.000,2
213081,-0.049,0.031,1.000,-0.061,0.244,0.305,-65.581,267.620,156.196,0.9932,0.0128,-0.0264,-0.1130,-0.03,0.08,0.012,3.4,96039.1,0.00,0.000,0.000,2
213281,-0.051,0.032,1.002,-0.061,0.366,0.183,-65.581,267.620,156.196,0.9931,0.0125,-0.0264,-0.1137,0.00,0.10,0.042,3.3,96040.4,0.00,0.000,0.000,2
213481,-0.049,0.032,1.001,-0.122,0.244,0.244,-65.581,267.620,156.196,0.9930,0.0124,-0.0263,-0.1142,0.00,0.09,0.031,3.3,96039.8,0.00,0.000,0.000,2
213681,-0.048,0.032,1.001,-0.122,0.244,0.061,-65.581,267.620,156.196,0.9930,0.0123,-0.0263,-0.1146,0.06,0.13,0.026,3.3,96039.6,0.00,0.000,0.000,2
213881,-0.048,0.029,1.002,-0.061,0.183,0.244,-65.581,267.620,156.196,0.9930,0.0122,-0.0262,-0.1149,0.05,0.10,0.035,3.3,96042.5,0.00,0.000,0.000,2
214081,-0.047,0.030,1.005,-0.061,0.244,0.183,-65.581,267.620,156.196,0.9929,0.0122,-0.0260,-0.1151,0.06,0.09,0.063,3.3,96039.7,0.00,0.000,0.000,2
214281,-0.048,0.030,1.000,-0.122,0.183,0.244,-65.581,267.620,156.196,0.9929,0.0121,-0.0262,-0.1153,0.03,0.06,0.021,3.3,96045.3,0.00,0.000,0.000,2
214481,-0.050,0.029,0.996,0.000,0.244,0.305,-65.581,267.620,156.196,0.9929,0.0118,-0.0263,-0.1154,0.03,0.05,-0.022,3.3,96042.7,0.00,0.000,0.000,2
214681,-0.047,0.030,1.001,-0.061,0.244,0.244,-65.581,267.620,156.196,0.9929,0.0120,-0.0263,-0.1155,0.03,0.04,0.029,3.3,96045.4,0.00,0.000,0.000,2
214881,-0.048,0.032,0.999,0.000,0.305,0.183,-65.581,267.620,156.196,0.9929,0.0120,-0.0265,-0.1156,0.05,0.05,0.007,3.3,96038.3,0.00,0.000,0.000,2
215081,-0.049,0.028,1.002,-0.061,0.183,0.183,-65.581,267.620,156.196,0.9929,0.0119,-0.0264,-0.1156,0.02,0.03,0.035,3.3,96041.9,0.00,0.000,0.000,2
215281,-0.048,0.031,1.002,-0.061,0.183,0.183,-65.581,267.620,156.196,0.9929,0.0119,-0.0263,-0.1156,0.06,0.06,0.035,3.3,96039.0,0.00,0.000,0.000,2
215481,-0.048,0.030,1.003,-0.122,0.183,0.244,-65.581,267.620,156.196,0.9929,0.0118,-0.0261,-0.1157,0.04,0.04,0.049,3.3,96045.3,0.00,0.000,0.000,2
215681,-0.050,0.030,1.000,-0.122,0.244,0.244,-65.581,267.620,156.196,0.9929,0.0119,-0.0264,-0.1157,-0.02,-0.01,0.017,3.3,96042.5,0.00,0.000,0.000,2
215881,-0.049,0.031,1.001,-0.122,0.183,0.183,-65.581,267.620,156.196,0.9929,0.0119,-0.0262,-0.1157,0.01,0.02,0.031,3.3,96043.2,0.00,0.000,0.000,2
216081,-0.050,0.031,1.004,0.000,0.244,0.183,-65.581,267.620,156.196,0.9929,0.0118,-0.0264,-0.1157,-0.01,0.00,0.055,3.3,96044.6,0.00,0.000,0.000,2
216281,-0.047,0.029,1.002,-0.061,0.244,0.183,-62.036,264.903,156.196,0.9929,0.0116,-0.0264,-0.1153,-0.03,-0.01,0.034,3.3,96044.7,0.00,0.000,0.000,2
216481,-0.048,0.032,1.000,-0.183,0.305,0.244,-62.036,264.903,156.196,0.9931,0.0112,-0.0263,-0.1140,-0.06,-0.04,0.016,3.3,96044.6,0.00,0.000,0.000,2
216681,-0.048,0.032,1.002,0.000,0.244,0.183,-62.036,264.903,156.196,0.9932,0.0114,-0.0263,-0.1130,-0.05,-0.01,0.040,3.3,96042.5,0.00,0.000,0.000,2
216881,-0.047,0.029,1.001,-0.061,0.183,0.305,-62.036,264.903,156.196,0.9933,0.0116,-0.0262,-0.1122,-0.05,-0.00,0.025,3.3,96042.5,0.00,0.000,0.000,2
217081,-0.050,0.032,1.001,0.000,0.244,0.244,-62.036,264.903,156.196,0.9933,0.0117,-0.0263,-0.1117,-0.02,0.03,0.027,3.3,96044.0,0.00,0.000,0.000,2
217281,-0.049,0.030,1.003,-0.061,0.183,0.122,-62.036,264.903,156.196,0.9934,0.0118,-0.0261,-0.1113,-0.01,0.03,0.045,3.3,96043.8,0.00,0.000,0.000,2
217481,-0.049,0.030,1.001,0.000,0.183,0.183,-62.036,264.903,156.196,0.9934,0.0119,-0.0261,-0.1111,-0.03,0.02,0.031,3.3,96043.2,0.00,0.000,0.000,2
217681,-0.048,0.031,1.003,-0.061,0.244,0.244,-62.036,264.903,156.196,0.9934,0.0118,-0.0262,-0.1109,-0.04,0.01,0.050,3.3,96045.2,0.00,0.000,0.000,2
217881,-0.048,0.029,1.001,-0.122,0.305,0.183,-62.036,264.903,156.196,0.9934,0.0118,-0.0263,-0.1107,-0.05,0.00,0.030,3.3,96042.5,0.00,0.000,0.000,2
218081,-0.048,0.030,1.003,-0.061,0.427,0.244,-62.036,264.903,156.196,0.9935,0.0119,-0.0262,-0.1106,-0.02,0.04,0.049,3.3,96046.7,0.00,0.000,0.000,2
218281,-0.051,0.029,1.002,0.000,0.183,0.305,-69.126,267.620,184.595,0.9933,0.0125,-0.0264,-0.1117,-0.01,0.04,0.036,3.3,96043.8,0.00,0.000,0.000,2
218481,-0.049,0.030,0.999,-0.061,0.122,0.244,-69.126,267.620,184.595,0.9931,0.0131,-0.0261,-0.1138,-0.02,0.03,0.007,3.3,96042.6,0.00,0.000,0.000,2
218681,-0.048,0.030,1.001,-0.061,0.244,0.244,-69.126,267.620,184.595,0.9929,0.0131,-0.0262,-0.1155,0.02,0.07,0.030,3.4,96041.0,0.00,0.000,0.000,2
218881,-0.049,0.030,1.002,-0.061,0.183,0.183,-69.126,267.620,184.595,0.9927,0.0130,-0.0262,-0.1169,0.10,0.13,0.040,3.4,96039.6,0.00,0.000,0.000,2
219081,-0.047,0.029,1.001,-0.061,0.244,0.244,-69.126,267.620,184.595,0.9926,0.0127,-0.0262,-0.1179,0.09,0.11,0.025,3.3,96040.9,0.00,0.000,0.000,2
219281,-0.049,0.030,1.003,-0.122,0.183,0.183,-69.126,267.620,184.595,0.9925,0.0125,-0.0264,-0.1187,0.12,0.12,0.050,3.3,96038.1,0.00,0.000,0.000,2
219481,-0.048,0.031,0.997,0.000,0.244,0.244,-69.126,267.620,184.595,0.9924,0.0124,-0.0262,-0.1193,0.09,0.07,-0.017,3.3,96044.5,0.00,0.000,0.000,2
219681,-0.049,0.029,1.004,-0.061,0.305,0.183,-69.126,267.620,184.595,0.9924,0.0123,-0.0263,-0.1197,0.10,0.07,0.054,3.3,96039.7,0.00,0.000,0.000,2
219881,-0.050,0.031,0.999,-0.183,0.305,0.244,-69.126,267.620,184.595,0.9923,0.0119,-0.0264,-0.1201,0.15,0.11,0.007,3.3,96039.0,0.00,0.000,0.000,2
220081,-0.049,0.030,1.004,-0.122,0.244,0.244,-62.036,259.469,173.235,0.9923,0.0118,-0.0264,-0.1203,0.21,0.15,0.059,3.3,96038.3,0.00,0.000,0.000,2
220281,-0.048,0.030,1.002,-0.061,0.366,0.244,-62.036,259.469,173.235,0.9925,0.0107,-0.0265,-0.1186,0.19,0.11,0.040,3.3,96043.2,0.00,0.000,0.000,2
220481,-0.048,0.031,1.000,-0.061,0.305,0.244,-62.036,259.469,173.235,0.9927,0.0109,-0.0266,-0.1170,0.13,0.04,0.011,3.3,96041.7,0.00,0.000,0.000,2
220681,-0.047,0.029,1.002,-0.061,0.244,0.183,-62.036,259.469,173.235,0.9929,0.0111,-0.0265,-0.1158,0.06,-0.02,0.034,3.3,96041.0,0.00,0.000,0.000,2
220881,-0.049,0.031,1.001,-0.061,0.305,0.244,-62.036,259.469,173.235,0.9930,0.0111,-0.0264,-0.1149,0.02,-0.04,0.026,3.3,96041.0,0.00,0.000,0.000,2
221081,-0.048,0.031,1.000,-0.122,0.244,0.183,-62.036,259.469,173.235,0.9930,0.0114,-0.0263,-0.1142,-0.03,-0.07,0.011,3.3,96041.0,0.00,0.000,0.000,2
221281,-0.049,0.029,0.999,-0.061,0.244,0.183,-62.036,259.469,173.235,0.9931,0.0114,-0.0262,-0.1136,-0.07,-0.09,0.006,3.3,96042.3,0.00,0.000,0.000,2
221481,-0.049,0.030,1.002,0.000,0.122,0.244,-62.036,259.469,173.235,0.9932,0.0118,-0.0262,-0.1132,-0.05,-0.05,0.040,3.3,96040.9,0.00,0.000,0.000,2
221681,-0.046,0.033,1.000,-0.061,0.244,0.183,-62.036,259.469,173.235,0.9932,0.0118,-0.0261,-0.1129,-0.01,-0.00,0.020,3.3,96045.1,0.00,0.000,0.000,2
221881,-0.049,0.031,1.002,-0.061,0.305,0.244,-62.036,259.469,173.235,0.9932,0.0120,-0.0262,-0.1126,-0.00,0.01,0.036,3.3,96039.7,0.00,0.000,0.000,2
222081,-0.048,0.033,0.998,-0.061,0.244,0.183,-69.126,270.337,161.876,0.9932,0.0121,-0.0262,-0.1130,0.00,0.02,-0.007,3.3,96041.7,0.00,0.000,0.000,2
222281,-0.049,0.030,1.003,-0.183,0.244,0.244,-69.126,270.337,161.876,0.9929,0.0126,-0.0262,-0.1149,0.05,0.05,0.045,3.3,96040.2,0.00,0.000,0.000,2
222481,-0.048,0.030,1.001,0.000,0.244,0.305,-69.126,270.337,161.876,0.9928,0.0128,-0.0264,-0.1164,0.05,0.05,0.030,3.4,96042.3,0.00,0.000,0.000,2
222681,-0.049,0.032,1.004,-0.122,0.183,0.244,-69.126,270.337,161.876,0.9926,0.0128,-0.0263,-0.1175,0.05,0.05,0.055,3.4,96043.8,0.00,0.000,0.000,2
222881,-0.050,0.029,1.001,-0.061,0.183,0.244,-69.126,270.337,161.876,0.9926,0.0124,-0.0262,-0.1183,0.08,0.07,0.026,3.3,96038.2,0.00,0.000,0.000,2
223081,-0.048,0.030,1.005,-0.061,0.366,0.244,-69.126,270.337,161.876,0.9925,0.0122,-0.0261,-0.1189,0.09,0.08,0.063,3.3,96037.4,0.00,0.000,0.000,2
223281,-0.048,0.030,0.998,-0.122,0.183,0.122,-69.126,270.337,161.876,0.9924,0.0122,-0.0261,-0.1194,0.07,0.05,-0.004,3.3,96042.5,0.00,0.000,0.000,2
223481,-0.048,0.031,1.002,-0.061,0.244,0.183,-69.126,270.337,161.876,0.9924,0.0121,-0.0263,-0.1198,0.13,0.10,0.040,3.3,96039.6,0.00,0.000,0.000,2
223681,-0.047,0.032,1.001,-0.061,0.183,0.183,-69.126,270.337,161.876,0.9924,0.0121,-0.0261,-0.1200,0.21,0.16,0.030,3.3,96034.7,0.00,0.000,0.000,2
223881,-0.048,0.030,1.001,-0.122,0.183,0.244,-69.126,270.337,161.876,0.9923,0.0120,-0.0263,-0.1202,0.23,0.14,0.025,3.3,96038.2,0.00,0.000,0.000,2
224081,-0.049,0.033,0.999,-0.061,0.366,0.183,-74.443,268.978,159.036,0.9923,0.0121,-0.0261,-0.1205,0.19,0.09,0.003,3.3,96040.9,0.00,0.000,0.000,2
224281,-0.049,0.030,1.000,-0.061,0.122,0.183,-74.443,268.978,159.036,0.9920,0.0127,-0.0262,-0.1226,0.15,0.05,0.021,3.3,96041.0,0.00,0.000,0.000,2
224481,-0.048,0.031,1.000,-0.122,0.305,0.244,-74.443,268.978,159.036,0.9918,0.0129,-0.0263,-0.1244,0.12,0.02,0.016,3.4,96044.4,0.00,0.000,0.000,2
224681,-0.047,0.029,1.002,0.000,0.183,0.305,-74.443,268.978,159.036,0.9916,0.0128,-0.0261,-0.1258,0.09,-0.01,0.039,3.3,96040.2,0.00,0.000,0.000,2
224881,-0.048,0.029,1.002,-0.122,0.244,0.183,-74.443,268.978,159.036,0.9915,0.0126,-0.0262,-0.1270,0.00,-0.07,0.035,3.3,96043.8,0.00,0.000,0.000,2
225081,-0.049,0.030,1.000,-0.122,0.244,0.183,-74.443,268.978,159.036,0.9914,0.0124,-0.0265,-0.1279,-0.06,-0.11,0.016,3.4,96041.0,0.00,0.000,0.000,2
225281,-0.047,0.032,1.001,0.000,0.244,0.244,-74.443,268.978,159.036,0.9913,0.0123,-0.0262,-0.1286,-0.09,-0.11,0.030,3.3,96041.8,0.00,0.000,0.000,2
225481,-0.047,0.032,1.001,-0.122,0.183,0.244,-74.443,268.978,159.036,0.9912,0.0120,-0.0263,-0.1292,-0.06,-0.06,0.025,3.3,96038.8,0.00,0.000,0.000,2
225681,-0.047,0.032,1.001,0.000,0.183,0.244,-74.443,268.978,159.036,0.9911,0.0120,-0.0262,-0.1296,0.02,0.02,0.030,3.3,96036.0,0.00,0.000,0.000,2
225881,-0.047,0.030,1.000,-0.122,0.183,0.244,-74.443,268.978,159.036,0.9911,0.0119,-0.0261,-0.1299,0.10,0.09,0.020,3.3,96037.5,0.00,0.000,0.000,2
226081,-0.046,0.029,0.998,-0.061,0.244,0.244,-74.443,268.978,159.036,0.9911,0.0117,-0.0262,-0.1302,0.11,0.08,-0.009,3.3,96036.9,0.00,0.000,0.000,2
226281,-0.049,0.031,1.000,0.000,0.122,0.305,-44.311,278.488,173.235,0.9913,0.0103,-0.0265,-0.1283,0.14,0.10,0.021,3.3,96037.4,0.00,0.000,0.000,2
226481,-0.051,0.033,1.003,-0.122,0.305,0.183,-44.311,278.488,173.235,0.9916,0.0088,-0.0270,-0.1260,0.09,0.05,0.051,3.2,96042.5,0.00,0.000,0.000,2
226681,-0.050,0.030,1.005,-0.061,0.244,0.305,-44.311,278.488,173.235,0.9919,0.0074,-0.0274,-0.1237,0.04,0.00,0.064,3.3,96043.8,0.00,0.000,0.000,2
226881,-0.048,0.031,1.001,-0.061,0.244,0.244,-44.311,278.488,173.235,0.9922,0.0064,-0.0276,-0.1212,-0.03,-0.05,0.030,3.2,96042.5,0.00,0.000,0.000,2
227081,-0.049,0.028,1.000,-0.122,0.244,0.305,-44.311,278.488,173.235,0.9925,0.0055,-0.0278,-0.1188,-0.02,-0.03,0.015,3.2,96041.0,0.00,0.000,0.000,2
227281,-0.052,0.030,1.000,0.000,0.183,0.183,-44.311,278.488,173.235,0.9928,0.0048,-0.0279,-0.1162,-0.02,-0.02,0.017,3.2,96037.5,0.00,0.000,0.000,2
227481,-0.047,0.030,1.000,0.000,0.183,0.122,-44.311,278.488,173.235,0.9931,0.0045,-0.0279,-0.1136,-0.03,-0.02,0.014,3.2,96040.3,0.00,0.000,0.000,2
227681,-0.048,0.031,1.002,-0.061,0.244,0.244,-44.311,278.488,173.235,0.9934,0.0042,-0.0280,-0.1110,0.02,0.03,0.034,3.2,96045.2,0.00,0.000,0.000,2
227881,-0.048,0.030,1.000,-0.122,0.244,0.183,-44.311,278.488,173.235,0.9937,0.0043,-0.0279,-0.1085,0.05,0.06,0.019,3.2,96038.2,0.00,0.000,0.000,2
228081,-0.049,0.031,1.000,-0.122,0.305,0.244,-44.311,278.488,173.235,0.9940,0.0044,-0.0279,-0.1059,0.05,0.05,0.010,3.2,96043.9,0.00,0.000,0.000,2
228281,-0.049,0.031,0.999,-0.061,0.244,0.183,-58.491,264.903,156.196,0.9941,0.0057,-0.0277,-0.1046,0.08,0.06,0.006,3.2,96042.5,0.00,0.000,0.000,2
228481,-0.050,0.031,0.998,-0.061,0.244,0.183,-58.491,264.903,156.196,0.9940,0.0082,-0.0274,-0.1053,0.08,0.06,-0.007,3.3,96045.2,0.00,0.000,0.000,2
228681,-0.049,0.030,0.999,-0.183,0.244,0.305,-58.491,264.903,156.196,0.9940,0.0103,-0.0268,-0.1055,0.16,0.12,0.007,3.3,96036.9,0.00,0.000,0.000,2
228881,-0.050,0.031,1.000,0.000,0.183,0.183,-58.491,264.903,156.196,0.9940,0.0115,-0.0263,-0.1052,0.17,0.12,0.022,3.3,96038.3,0.00,0.000,0.000,2
229081,-0.049,0.032,1.001,-0.061,0.183,0.244,-58.491,264.903,156.196,0.9941,0.0121,-0.0262,-0.1048,0.19,0.11,0.031,3.3,96037.4,0.00,0.000,0.000,2
229281,-0.049,0.032,1.000,-0.061,0.122,0.183,-58.491,264.903,156.196,0.9941,0.0122,-0.0260,-0.1044,0.16,0.07,0.022,3.3,96041.1,0.00,0.000,0.000,2
229481,-0.049,0.031,1.001,-0.061,0.305,0.244,-58.491,264.903,156.196,0.9941,0.0123,-0.0263,-0.1041,0.09,0.00,0.031,3.3,96041.6,0.00,0.000,0.000,2
229681,-0.049,0.033,1.003,-0.061,0.183,0.305,-58.491,264.903,156.196,0.9942,0.0126,-0.0262,-0.1039,-0.03,-0.09,0.046,3.3,96044.5,0.00,0.000,0.000,2
229881,-0.048,0.029,1.000,-0.122,0.366,0.122,-58.491,264.903,156.196,0.9942,0.0121,-0.0259,-0.1038,-0.06,-0.10,0.020,3.3,96041.7,0.00,0.000,0.000,2
230081,-0.048,0.029,1.001,-0.061,0.183,0.244,-58.491,264.903,156.196,0.9942,0.0123,-0.0258,-0.1038,-0.10,-0.11,0.030,3.3,96041.7,0.00,0.000,0.000,2
230281,-0.049,0.030,1.000,-0.122,0.244,0.244,-58.491,264.903,156.196,0.9942,0.0121,-0.0257,-0.1038,-0.12,-0.10,0.011,3.3,96041.5,0.00,0.000,0.000,2
230481,-0.047,0.030,1.002,-0.061,0.244,0.244,-58.491,273.054,167.556,0.9943,0.0119,-0.0258,-0.1027,-0.13,-0.09,0.039,3.3,96042.3,0.00,0.000,0.000,2
230681,-0.048,0.029,1.001,0.000,0.366,0.183,-58.491,273.054,167.556,0.9944,0.0120,-0.0258,-0.1018,-0.15,-0.09,0.030,3.3,96039.5,0.00,0.000,0.000,2
230881,-0.048,0.032,0.999,-0.061,0.183,0.183,-58.491,273.054,167.556,0.9944,0.0121,-0.0260,-0.1013,-0.15,-0.07,0.002,3.3,96045.2,0.00,0.000,0.000,2
231081,-0.048,0.030,0.999,-0.061,0.183,0.183,-58.491,273.054,167.556,0.9945,0.0122,-0.0259,-0.1008,-0.04,0.04,0.006,3.3,96039.7,0.00,0.000,0.000,2
231281,-0.048,0.029,1.003,-0.061,0.244,0.244,-58.491,273.054,167.556,0.9945,0.0122,-0.0257,-0.1006,0.07,0.13,0.044,3.3,96039.0,0.00,0.000,0.000,2
231481,-0.050,0.030,1.003,-0.122,0.183,0.244,-58.491,273.054,167.556,0.9945,0.0123,-0.0258,-0.1004,0.11,0.15,0.045,3.3,96039.7,0.00,0.000,0.000,2
231681,-0.048,0.030,1.004,0.000,0.183,0.183,-58.491,273.054,167.556,0.9946,0.0124,-0.0259,-0.1002,0.10,0.13,0.054,3.3,96036.9,0.00,0.000,0.000,2
231881,-0.050,0.030,1.001,-0.122,0.122,0.305,-58.491,273.054,167.556,0.9945,0.0123,-0.0261,-0.1002,0.15,0.15,0.026,3.3,96039.0,0.00,0.000,0.000,2
232081,-0.050,0.032,1.000,-0.061,0.244,0.244,-58.491,273.054,167.556,0.9946,0.0126,-0.0260,-0.1002,0.15,0.13,0.017,3.3,96034.7,0.00,0.000,0.000,2
232281,-0.047,0.030,1.000,-0.122,0.183,0.244,-58.491,273.054,167.556,0.9946,0.0126,-0.0259,-0.1001,0.13,0.09,0.015,3.3,96041.9,0.00,0.000,0.000,2
232481,-0.048,0.031,1.001,0.000,0.305,0.183,-62.036,262.186,150.516,0.9943,0.0134,-0.0260,-0.1024,0.12,0.07,0.030,3.3,96041.0,0.00,0.000,0.000,2
232681,-0.047,0.032,1.000,-0.183,0.244,0.244,-62.036,262.186,150.516,0.9941,0.0138,-0.0259,-0.1046,0.12,0.07,0.021,3.4,96039.7,0.00,0.000,0.000,2
232881,-0.050,0.032,1.002,-0.183,0.183,0.305,-62.036,262.186,150.516,0.9939,0.0137,-0.0261,-0.1064,0.10,0.04,0.041,3.4,96041.0,0.00,0.000,0.000,2
233081,-0.048,0.031,1.003,0.000,0.366,0.305,-62.036,262.186,150.516,0.9937,0.0133,-0.0261,-0.1078,0.06,0.00,0.050,3.4,96040.3,0.00,0.000,0.000,2
233281,-0.051,0.031,0.999,-0.061,0.183,0.244,-62.036,262.186,150.516,0.9936,0.0127,-0.0261,-0.1088,0.01,-0.03,0.008,3.3,96043.9,0.00,0.000,0.000,2
233481,-0.047,0.029,1.002,-0.061,0.244,0.244,-62.036,262.186,150.516,0.9936,0.0129,-0.0259,-0.1096,-0.01,-0.03,0.039,3.3,96036.0,0.00,0.000,0.000,2
233681,-0.048,0.032,1.004,0.000,0.244,0.183,-62.036,262.186,150.516,0.9935,0.0126,-0.0263,-0.1101,0.02,0.00,0.054,3.3,96036.0,0.00,0.000,0.000,2
233881,-0.048,0.030,1.000,0.000,0.244,0.244,-62.036,262.186,150.516,0.9935,0.0126,-0.0262,-0.1105,0.05,0.03,0.011,3.3,96041.0,0.00,0.000,0.000,2
234081,-0.050,0.030,1.002,-0.061,0.183,0.305,-62.036,262.186,150.516,0.9934,0.0122,-0.0262,-0.1108,0.09,0.07,0.040,3.3,96039.5,0.00,0.000,0.000,2
234281,-0.049,0.029,1.002,-0.122,0.122,0.244,-62.036,262.186,150.516,0.9934,0.0121,-0.0260,-0.1111,0.12,0.09,0.035,3.3,96038.8,0.00,0.000,0.000,2
234481,-0.049,0.032,1.001,-0.061,0.244,0.305,-56.719,258.111,153.356,0.9936,0.0114,-0.0263,-0.1094,0.06,0.02,0.026,3.3,96041.8,0.00,0.000,0.000,2
234681,-0.047,0.029,1.000,-0.061,0.244,0.305,-56.719,258.111,153.356,0.9938,0.0112,-0.0262,-0.1077,0.04,0.00,0.015,3.3,96040.4,0.00,0.000,0.000,2
234881,-0.049,0.033,1.000,-0.122,0.183,0.183,-56.719,258.111,153.356,0.9939,0.0116,-0.0263,-0.1065,-0.01,-0.04,0.022,3.3,96042.5,0.00,0.000,0.000,2
235081,-0.051,0.032,1.001,-0.061,0.244,0.244,-56.719,258.111,153.356,0.9940,0.0117,-0.0263,-0.1054,-0.04,-0.05,0.032,3.3,96041.7,0.00,0.000,0.000,2
235281,-0.049,0.030,1.003,-0.061,0.305,0.183,-56.719,258.111,153.356,0.9941,0.0119,-0.0263,-0.1047,-0.08,-0.06,0.045,3.3,96041.0,0.00,0.000,0.000,2
235481,-0.050,0.030,1.002,-0.061,0.183,0.183,-56.719,258.111,153.356,0.9941,0.0118,-0.0262,-0.1043,-0.06,-0.03,0.041,3.3,96041.0,0.00,0.000,0.000,2
235681,-0.050,0.030,1.000,-0.061,0.183,0.244,-56.719,258.111,153.356,0.9942,0.0120,-0.0263,-0.1039,-0.07,-0.03,0.017,3.3,96043.1,0.00,0.000,0.000,2
235881,-0.048,0.031,1.000,-0.122,0.305,0.244,-56.719,258.111,153.356,0.9942,0.0120,-0.0262,-0.1037,-0.01,0.03,0.011,3.3,96038.9,0.00,0.000,0.000,2
236081,-0.050,0.030,1.000,-0.122,0.305,0.244,-56.719,258.111,153.356,0.9942,0.0119,-0.0264,-0.1035,0.03,0.06,0.021,3.3,96039.6,0.00,0.000,0.000,2
236281,-0.051,0.028,0.999,0.000,0.305,0.244,-56.719,258.111,153.356,0.9942,0.0120,-0.0266,-0.1034,0.02,0.05,0.002,3.3,96041.6,0.00,0.000,0.000,2
236481,-0.049,0.029,0.998,-0.061,0.244,0.183,-69.126,273.054,167.556,0.9941,0.0125,-0.0263,-0.1044,0.02,0.04,-0.003,3.3,96041.1,0.00,0.000,0.000,2
236681,-0.048,0.028,1.002,-0.061,0.305,0.244,-69.126,273.054,167.556,0.9938,0.0134,-0.0262,-0.1070,0.03,0.05,0.039,3.4,96039.7,0.00,0.000,0.000,2
236881,-0.050,0.030,1.000,-0.061,0.305,0.305,-69.126,273.054,167.556,0.9936,0.0138,-0.0262,-0.1094,-0.01,0.01,0.012,3.4,96042.5,0.00,0.000,0.000,2
237081,-0.049,0.029,1.000,0.000,0.183,0.244,-69.126,273.054,167.556,0.9933,0.0138,-0.0261,-0.1115,0.01,0.03,0.016,3.4,96040.3,0.00,0.000,0.000,2
237281,-0.046,0.032,1.001,0.000,0.244,0.244,-69.126,273.054,167.556,0.9931,0.0136,-0.0260,-0.1133,-0.01,0.01,0.030,3.4,96042.5,0.00,0.000,0.000,2
237481,-0.047,0.030,1.001,0.000,0.183,0.244,-69.126,273.054,167.556,0.9930,0.0131,-0.0260,-0.1148,0.03,0.05,0.025,3.3,96039.7,0.00,0.000,0.000,2
237681,-0.048,0.030,0.999,-0.061,0.122,0.244,-69.126,273.054,167.556,0.9928,0.0127,-0.0261,-0.1159,0.07,0.08,0.006,3.3,96036.9,0.00,0.000,0.000,2
237881,-0.050,0.030,1.000,-0.061,0.305,0.183,-69.126,273.054,167.556,0.9927,0.0124,-0.0263,-0.1168,0.10,0.09,0.017,3.3,96043.2,0.00,0.000,0.000,2
238081,-0.046,0.032,1.001,-0.122,0.305,0.305,-69.126,273.054,167.556,0.9926,0.0124,-0.0262,-0.1175,0.06,0.05,0.030,3.3,96041.8,0.00,0.000,0.000,2
238281,-0.049,0.031,1.001,-0.061,0.305,0.244,-69.126,273.054,167.556,0.9926,0.0124,-0.0262,-0.1180,0.00,-0.00,0.026,3.3,96041.8,0.00,0.000,0.000,2
238481,-0.048,0.031,1.004,-0.061,0.244,0.122,-69.126,273.054,167.556,0.9926,0.0122,-0.0261,-0.1183,-0.06,-0.05,0.054,3.3,96043.8,0.00,0.000,0.000,2
238681,-0.049,0.031,0.999,0.000,0.244,0.244,-69.126,273.054,167.556,0.9925,0.0121,-0.0262,-0.1186,-0.11,-0.08,0.002,3.3,96042.4,0.00,0.000,0.000,2
238881,-0.045,0.030,1.000,-0.122,0.244,0.244,-69.126,273.054,167.556,0.9925,0.0118,-0.0263,-0.1188,-0.13,-0.08,0.019,3.3,96043.1,0.00,0.000,0.000,2
239081,-0.048,0.030,1.001,-0.061,0.183,0.183,-69.126,273.054,167.556,0.9925,0.0119,-0.0262,-0.1190,-0.05,0.01,0.030,3.3,96039.6,0.00,0.000,0.000,2
239281,-0.049,0.030,0.997,-0.061,0.305,0.122,-69.126,273.054,167.556,0.9925,0.0118,-0.0263,-0.1191,0.02,0.07,-0.017,3.3,96038.1,0.00,0.000,0.000,2
239481,-0.049,0.031,1.000,-0.122,0.244,0.244,-69.126,273.054,167.556,0.9925,0.0118,-0.0264,-0.1192,0.01,0.06,0.021,3.3,96039.7,0.00,0.000,0.000,2
239681,-0.048,0.030,0.999,-0.122,0.244,0.183,-69.126,273.054,167.556,0.9924,0.0115,-0.0264,-0.1193,0.09,0.12,0.001,3.3,96041.7,0.00,0.000,0.000,2
239881,-0.050,0.031,1.000,-0.183,0.244,0.183,-69.126,273.054,167.556,0.9924,0.0118,-0.0265,-0.1193,0.07,0.08,0.017,3.3,96041.9,0.00,0.000,0.000,2
240183,-0.049,0.031,0.995,-0.061,0.244,0.305,-65.581,270.337,161.876,0.9926,0.0117,-0.0253,-0.1180,0.02,0.03,-0.036,3.2,96046.7,0.00,0.000,0.000,2
240281,-0.047,0.029,1.000,0.000,0.244,0.183,-67.353,271.695,153.356,0.9927,0.0115,-0.0255,-0.1176,0.01,0.02,0.010,3.2,96042.5,0.00,0.000,0.000,2
240481,-0.048,0.030,1.001,-0.061,0.305,0.244,-69.126,270.337,156.196,0.9926,0.0118,-0.0260,-0.1178,-0.03,-0.01,0.030,3.3,96041.8,0.00,0.000,0.000,2
240681,-0.048,0.029,1.001,-0.061,0.305,0.183,-69.126,270.337,156.196,0.9925,0.0121,-0.0261,-0.1187,-0.02,0.00,0.025,3.3,96037.4,0.00,0.000,0.000,2
240881,-0.050,0.031,1.004,-0.061,0.244,0.122,-69.126,270.337,156.196,0.9924,0.0122,-0.0263,-0.1193,0.06,0.07,0.055,3.3,96037.5,0.00,0.000,0.000,2
241081,-0.049,0.030,1.002,0.000,0.305,0.122,-69.126,270.337,156.196,0.9924,0.0119,-0.0264,-0.1197,0.06,0.07,0.040,3.3,96043.2,0.00,0.000,0.000,2
241281,-0.046,0.031,1.002,-0.061,0.183,0.244,-69.126,270.337,156.196,0.9923,0.0120,-0.0262,-0.1201,0.02,0.03,0.034,3.3,96044.0,0.00,0.000,0.000,2
241481,-0.048,0.031,1.000,-0.061,0.183,0.305,-69.126,270.337,156.196,0.9923,0.0119,-0.0262,-0.1203,0.03,0.04,0.021,3.3,96039.7,0.00,0.000,0.000,2
241681,-0.049,0.033,1.000,-0.122,0.183,0.244,-69.126,270.337,156.196,0.9923,0.0121,-0.0262,-0.1205,0.04,0.04,0.022,3.3,96037.7,0.00,0.000,0.000,2
241881,-0.049,0.029,1.003,-0.122,0.305,0.183,-69.126,270.337,156.196,0.9923,0.0117,-0.0261,-0.1205,0.05,0.05,0.045,3.3,96043.2,0.00,0.000,0.000,2
242081,-0.049,0.032,1.001,0.000,0.244,0.244,-69.126,270.337,156.196,0.9923,0.0119,-0.0263,-0.1207,0.04,0.04,0.026,3.3,96041.8,0.00,0.000,0.000,2
242281,-0.047,0.030,1.000,-0.122,0.244,0.183,-69.126,270.337,156.196,0.9923,0.0117,-0.0263,-0.1207,0.04,0.04,0.011,3.3,96040.4,0.00,0.000,0.000,2
242481,-0.051,0.030,1.000,-0.061,0.183,0.305,-69.126,270.337,156.196,0.9923,0.0116,-0.0264,-0.1208,0.02,0.02,0.012,3.3,96041.1,0.00,0.000,0.000,2
242681,-0.048,0.030,0.996,-0.061,0.183,0.183,-69.126,270.337,156.196,0.9923,0.0118,-0.0263,-0.1208,0.04,0.04,-0.027,3.3,96039.7,0.00,0.000,0.000,2
242881,-0.047,0.032,0.997,-0.061,0.183,0.183,-69.126,270.337,156.196,0.9922,0.0118,-0.0264,-0.1209,-0.01,-0.01,-0.013,3.3,96045.4,0.00,0.000,0.000,2
243081,-0.047,0.030,0.999,-0.122,0.183,0.183,-69.126,270.337,156.196,0.9922,0.0117,-0.0263,-0.1209,0.01,0.02,0.006,3.3,96039.7,0.00,0.000,0.000,2
243281,-0.050,0.030,1.000,-0.061,0.244,0.244,-69.126,270.337,156.196,0.9922,0.0116,-0.0262,-0.1209,0.00,0.01,0.012,3.3,96042.0,0.00,0.000,0.000,2
243481,-0.049,0.033,0.999,-0.122,0.183,0.305,-69.126,270.337,156.196,0.9922,0.0118,-0.0262,-0.1210,0.04,0.04,0.003,3.3,96041.8,0.00,0.000,0.000,2
243681,-0.049,0.031,0.998,-0.122,0.183,0.183,-69.126,270.337,156.196,0.9922,0.0117,-0.0263,-0.1210,0.03,0.03,-0.003,3.3,96038.3,0.00,0.000,0.000,2
243881,-0.050,0.031,1.004,-0.122,0.244,0.244,-69.126,270.337,156.196,0.9922,0.0116,-0.0265,-0.1210,-0.01,-0.00,0.060,3.3,96036.2,0.00,0.000,0.000,2
244081,-0.048,0.031,1.004,-0.061,0.244,0.183,-69.126,270.337,156.196,0.9922,0.0117,-0.0264,-0.1210,0.03,0.04,0.054,3.3,96039.0,0.00,0.000,0.000,2
244281,-0.049,0.031,1.000,-0.061,0.244,0.183,-69.126,270.337,156.196,0.9922,0.0117,-0.0263,-0.1211,0.05,0.05,0.021,3.3,96037.6,0.00,0.000,0.000,2
244481,-0.047,0.027,0.999,0.000,0.183,0.244,-69.126,270.337,156.196,0.9922,0.0116,-0.0260,-0.1210,0.09,0.08,0.000,3.3,96039.6,0.00,0.000,0.000,2
244681,-0.049,0.029,1.000,-0.061,0.244,0.244,-69.126,270.337,156.196,0.9922,0.0114,-0.0262,-0.1210,0.07,0.05,0.021,3.3,96039.7,0.00,0.000,0.000,2
244881,-0.047,0.032,1.000,-0.122,0.183,0.244,-69.126,270.337,156.196,0.9922,0.0116,-0.0260,-0.1211,0.07,0.04,0.016,3.3,96041.0,0.00,0.000,0.000,2
245081,-0.051,0.029,0.998,-0.061,0.305,0.183,-69.126,270.337,156.196,0.9922,0.0114,-0.0263,-0.1210,0.07,0.04,-0.002,3.3,96036.9,0.00,0.000,0.000,2
245281,-0.049,0.031,0.999,0.000,0.244,0.183,-69.126,270.337,156.196,0.9922,0.0117,-0.0264,-0.1211,0.00,-0.02,0.007,3.3,96042.5,0.00,0.000,0.000,2
245481,-0.048,0.031,1.002,-0.122,0.183,0.183,-69.126,270.337,156.196,0.9922,0.0117,-0.0262,-0.1210,-0.03,-0.04,0.035,3.3,96041.0,0.00,0.000,0.000,2
245681,-0.048,0.032,1.001,-0.061,0.244,0.183,-69.126,270.337,156.196,0.9922,0.0118,-0.0265,-0.1210,0.06,0.05,0.031,3.3,96034.1,0.00,0.000,0.000,2
245881,-0.048,0.030,1.002,-0.061,0.366,0.183,-69.126,270.337,156.196,0.9922,0.0117,-0.0264,-0.1210,0.09,0.07,0.035,3.3,96037.5,0.00,0.000,0.000,2
246081,-0.050,0.028,1.001,-0.061,0.244,0.183,-69.126,270.337,156.196,0.9922,0.0118,-0.0265,-0.1210,0.05,0.03,0.025,3.3,96041.8,0.00,0.000,0.000,2
246281,-0.048,0.030,1.001,-0.061,0.305,0.183,-69.126,270.337,156.196,0.9922,0.0118,-0.0264,-0.1210,0.05,0.03,0.025,3.3,96039.0,0.00,0.000,0.000,2
246481,-0.050,0.031,1.001,-0.061,0.244,0.183,-69.126,270.337,156.196,0.9922,0.0118,-0.0264,-0.1210,0.07,0.05,0.031,3.3,96039.0,0.00,0.000,0.000,2
246681,-0.048,0.031,1.002,0.000,0.244,0.183,-62.036,267.620,167.556,0.9923,0.0115,-0.0264,-0.1203,0.10,0.07,0.035,3.3,96039.7,0.00,0.000,0.000,2
246881,-0.050,0.031,1.000,-0.061,0.244,0.305,-62.036,267.620,167.556,0.9926,0.0106,-0.0267,-0.1182,0.07,0.03,0.022,3.3,96039.0,0.00,0.000,0.000,2
247081,-0.050,0.030,1.000,0.000,0.305,0.305,-62.036,267.620,167.556,0.9928,0.0104,-0.0267,-0.1162,0.07,0.03,0.016,3.3,96041.2,0.00,0.000,0.000,2
247281,-0.046,0.031,1.003,0.000,0.305,0.244,-62.036,267.620,167.556,0.9930,0.0105,-0.0264,-0.1146,0.09,0.05,0.044,3.3,96039.0,0.00,0.000,0.000,2
247481,-0.047,0.031,1.000,-0.061,0.183,0.183,-62.036,267.620,167.556,0.9932,0.0109,-0.0263,-0.1132,0.06,0.01,0.020,3.3,96041.0,0.00,0.000,0.000,2
247681,-0.047,0.029,1.004,-0.061,0.183,0.183,-62.036,267.620,167.556,0.9933,0.0111,-0.0261,-0.1121,0.04,0.00,0.053,3.2,96037.6,0.00,0.000,0.000,2
247881,-0.049,0.030,1.003,-0.061,0.244,0.244,-62.036,267.620,167.556,0.9934,0.0112,-0.0262,-0.1112,0.01,-0.02,0.050,3.3,96040.4,0.00,0.000,0.000,2
248081,-0.047,0.032,0.999,-0.061,0.244,0.244,-62.036,267.620,167.556,0.9934,0.0115,-0.0262,-0.1106,-0.05,-0.06,0.006,3.3,96044.0,0.00,0.000,0.000,2
248281,-0.047,0.030,0.998,-0.061,0.305,0.244,-62.036,267.620,167.556,0.9935,0.0117,-0.0261,-0.1101,-0.07,-0.07,-0.004,3.3,96039.7,0.00,0.000,0.000,2
248481,-0.050,0.030,1.001,-0.061,0.183,0.183,-62.036,267.620,167.556,0.9935,0.0116,-0.0261,-0.1098,-0.04,-0.02,0.026,3.3,96042.5,0.00,0.000,0.000,2
248681,-0.048,0.030,1.000,-0.061,0.244,0.244,-62.036,267.620,167.556,0.9936,0.0119,-0.0262,-0.1095,-0.01,0.01,0.020,3.3,96041.1,0.00,0.000,0.000,2
248881,-0.051,0.032,0.999,-0.061,0.305,0.305,-62.036,267.620,167.556,0.9936,0.0120,-0.0264,-0.1093,-0.03,-0.01,0.003,3.3,96046.8,0.00,0.000,0.000,2
249081,-0.049,0.031,1.002,-0.122,0.366,0.122,-62.036,267.620,167.556,0.9936,0.0121,-0.0261,-0.1091,-0.07,-0.03,0.036,3.3,96039.0,0.00,0.000,0.000,2
249281,-0.049,0.031,1.005,-0.183,0.244,0.122,-62.036,267.620,167.556,0.9936,0.0122,-0.0263,-0.1090,-0.08,-0.03,0.069,3.3,96037.0,0.00,0.000,0.000,2
249481,-0.050,0.028,1.001,-0.122,0.183,0.305,-62.036,267.620,167.556,0.9936,0.0120,-0.0262,-0.1089,-0.01,0.04,0.026,3.3,96039.7,0.00,0.000,0.000,2
249681,-0.048,0.029,1.001,-0.061,0.183,0.244,-62.036,267.620,167.556,0.9936,0.0122,-0.0261,-0.1089,-0.00,0.05,0.025,3.3,96042.5,0.00,0.000,0.000,2
249881,-0.047,0.030,1.000,-0.122,0.122,0.244,-62.036,267.620,167.556,0.9936,0.0122,-0.0263,-0.1088,-0.06,-0.01,0.015,3.3,96039.1,0.00,0.000,0.000,2
250081,-0.050,0.030,1.001,-0.061,0.244,0.183,-62.036,267.620,167.556,0.9936,0.0122,-0.0262,-0.1088,-0.09,-0.03,0.026,3.3,96041.2,0.00,0.000,0.000,2
250281,-0.048,0.031,1.001,0.000,0.244,0.183,-62.036,267.620,167.556,0.9936,0.0121,-0.0265,-0.1088,-0.05,0.02,0.025,3.3,96038.4,0.00,0.000,0.000,2
250481,-0.049,0.033,1.001,0.000,0.183,0.183,-62.036,267.620,167.556,0.9936,0.0123,-0.0263,-0.1088,0.01,0.08,0.031,3.3,96040.4,0.00,0.000,0.000,2
250681,-0.048,0.030,1.000,-0.122,0.244,0.244,-62.036,267.620,167.556,0.9937,0.0120,-0.0259,-0.1088,0.07,0.12,0.020,3.3,96039.8,0.00,0.000,0.000,2
250881,-0.051,0.030,0.998,-0.122,0.183,0.183,-51.401,267.620,156.196,0.9939,0.0107,-0.0262,-0.1068,0.04,0.08,-0.002,3.2,96042.5,0.00,0.000,0.000,2
251081,-0.048,0.032,1.001,0.000,0.244,0.183,-51.401,267.620,156.196,0.9941,0.0100,-0.0264,-0.1043,-0.00,0.03,0.030,3.2,96042.0,0.00,0.000,0.000,2
251281,-0.051,0.031,1.000,-0.061,0.244,0.244,-51.401,267.620,156.196,0.9944,0.0097,-0.0266,-0.1019,0.03,0.05,0.012,3.2,96039.9,0.00,0.000,0.000,2
251481,-0.048,0.030,1.002,-0.122,0.244,0.244,-51.401,267.620,156.196,0.9946,0.0099,-0.0266,-0.0996,-0.01,0.01,0.040,3.3,96039.9,0.00,0.000,0.000,2
251681,-0.048,0.031,1.001,-0.122,0.183,0.183,-51.401,267.620,156.196,0.9948,0.0103,-0.0264,-0.0974,-0.00,0.02,0.030,3.2,96041.2,0.00,0.000,0.000,2
251881,-0.050,0.029,1.000,-0.061,0.244,0.183,-51.401,267.620,156.196,0.9950,0.0107,-0.0263,-0.0954,0.02,0.04,0.021,3.3,96039.2,0.00,0.000,0.000,2
252081,-0.050,0.030,1.001,-0.061,0.244,0.244,-51.401,267.620,156.196,0.9952,0.0112,-0.0261,-0.0938,0.03,0.05,0.026,3.2,96039.0,0.00,0.000,0.000,2
252281,-0.049,0.031,1.002,0.000,0.244,0.305,-51.401,267.620,156.196,0.9953,0.0118,-0.0262,-0.0925,0.08,0.09,0.040,3.3,96035.7,0.00,0.000,0.000,2
252481,-0.049,0.030,1.000,-0.122,0.305,0.183,-51.401,267.620,156.196,0.9954,0.0121,-0.0260,-0.0914,0.10,0.10,0.021,3.3,96044.0,0.00,0.000,0.000,2
252681,-0.050,0.033,1.002,-0.122,0.183,0.244,-51.401,267.620,156.196,0.9955,0.0125,-0.0259,-0.0907,0.14,0.13,0.036,3.3,96035.5,0.00,0.000,0.000,2
252881,-0.049,0.030,0.999,-0.122,0.244,0.244,-51.401,267.620,156.196,0.9955,0.0125,-0.0259,-0.0901,0.18,0.14,0.007,3.3,96039.7,0.00,0.000,0.000,2
253081,-0.049,0.029,1.001,0.000,0.305,0.244,-51.401,267.620,156.196,0.9955,0.0125,-0.0258,-0.0898,0.15,0.09,0.030,3.3,96040.5,0.00,0.000,0.000,2
253281,-0.047,0.031,1.005,-0.061,0.244,0.183,-51.401,267.620,156.196,0.9956,0.0127,-0.0258,-0.0897,0.07,0.01,0.064,3.3,96038.3,0.00,0.000,0.000,2
253481,-0.048,0.031,1.000,-0.122,0.305,0.244,-51.401,267.620,156.196,0.9956,0.0124,-0.0257,-0.0896,-0.02,-0.06,0.011,3.3,96044.5,0.00,0.000,0.000,2
253681,-0.048,0.031,1.000,-0.061,0.183,0.305,-51.401,267.620,156.196,0.9956,0.0127,-0.0254,-0.0895,0.02,-0.01,0.016,3.3,96036.2,0.00,0.000,0.000,2
253881,-0.047,0.030,1.001,-0.122,0.305,0.244,-51.401,267.620,156.196,0.9956,0.0126,-0.0254,-0.0894,0.03,0.01,0.030,3.3,96041.2,0.00,0.000,0.000,2
254081,-0.048,0.030,1.000,-0.122,0.183,0.122,-51.401,267.620,156.196,0.9956,0.0126,-0.0257,-0.0893,0.03,0.01,0.021,3.3,96039.7,0.00,0.000,0.000,2
254281,-0.049,0.032,1.003,0.000,0.244,0.244,-51.401,267.620,156.196,0.9956,0.0131,-0.0260,-0.0893,-0.01,-0.02,0.050,3.3,96040.6,0.00,0.000,0.000,2
254481,-0.049,0.029,1.003,-0.122,0.244,0.244,-51.401,267.620,156.196,0.9956,0.0129,-0.0259,-0.0891,-0.03,-0.02,0.049,3.3,96041.2,0.00,0.000,0.000,2
254681,-0.050,0.033,1.000,-0.061,0.305,0.244,-51.401,267.620,156.196,0.9956,0.0129,-0.0260,-0.0891,0.03,0.04,0.022,3.3,96040.5,0.00,0.000,0.000,2
254881,-0.048,0.029,0.999,-0.061,0.122,0.305,-51.401,267.620,156.196,0.9956,0.0127,-0.0258,-0.0891,0.02,0.03,0.006,3.3,96041.2,0.00,0.000,0.000,2
255081,-0.049,0.032,1.000,-0.061,0.244,0.244,-51.401,267.620,156.196,0.9956,0.0129,-0.0256,-0.0892,0.04,0.04,0.017,3.3,96039.1,0.00,0.000,0.000,2
255281,-0.048,0.029,1.001,-0.183,0.183,0.244,-51.401,267.620,156.196,0.9956,0.0126,-0.0256,-0.0892,0.10,0.09,0.025,3.3,96037.1,0.00,0.000,0.000,2
255481,-0.048,0.029,1.000,-0.061,0.183,0.122,-51.401,267.620,156.196,0.9956,0.0127,-0.0258,-0.0892,0.11,0.09,0.011,3.3,96040.6,0.00,0.000,0.000,2
255681,-0.047,0.029,1.000,-0.061,0.244,0.244,-51.401,267.620,156.196,0.9956,0.0127,-0.0259,-0.0892,0.08,0.05,0.015,3.3,96038.4,0.00,0.000,0.000,2
255881,-0.050,0.031,1.003,-0.061,0.244,0.183,-51.401,267.620,156.196,0.9956,0.0127,-0.0259,-0.0892,0.04,0.02,0.046,3.3,96041.1,0.00,0.000,0.000,2
256081,-0.048,0.032,1.003,-0.122,0.183,0.183,-51.401,267.620,156.196,0.9956,0.0128,-0.0259,-0.0892,-0.02,-0.04,0.050,3.3,96045.3,0.00,0.000,0.000,2
256281,-0.049,0.031,1.002,-0.122,0.122,0.305,-51.401,267.620,156.196,0.9956,0.0130,-0.0259,-0.0892,-0.09,-0.09,0.035,3.3,96042.7,0.00,0.000,0.000,2
256481,-0.048,0.029,1.002,0.000,0.183,0.183,-51.401,267.620,156.196,0.9956,0.0126,-0.0257,-0.0892,-0.18,-0.14,0.040,3.3,96042.5,0.00,0.000,0.000,2
256681,-0.048,0.031,1.000,-0.122,0.244,0.305,-51.401,267.620,156.196,0.9956,0.0127,-0.0256,-0.0892,-0.15,-0.08,0.021,3.3,96040.4,0.00,0.000,0.000,2
256881,-0.046,0.031,1.000,-0.061,0.244,0.122,-51.401,267.620,156.196,0.9956,0.0126,-0.0254,-0.0893,-0.13,-0.04,0.010,3.3,96035.6,0.00,0.000,0.000,2
257081,-0.048,0.030,1.000,-0.061,0.305,0.183,-51.401,267.620,156.196,0.9956,0.0127,-0.0256,-0.0893,-0.01,0.07,0.021,3.3,96034.1,0.00,0.000,0.000,2
257281,-0.050,0.032,1.000,-0.061,0.366,0.244,-51.401,267.620,156.196,0.9956,0.0131,-0.0259,-0.0892,0.03,0.10,0.022,3.3,96039.6,0.00,0.000,0.000,2
257481,-0.048,0.029,1.002,0.000,0.244,0.244,-51.401,267.620,156.196,0.9956,0.0129,-0.0260,-0.0891,0.06,0.11,0.040,3.3,96041.1,0.00,0.000,0.000,2
257681,-0.050,0.029,0.999,-0.122,0.122,0.244,-51.401,267.620,156.196,0.9956,0.0127,-0.0259,-0.0891,0.12,0.15,0.002,3.3,96036.2,0.00,0.000,0.000,2
257881,-0.048,0.030,1.004,-0.122,0.244,0.244,-51.401,267.620,156.196,0.9956,0.0128,-0.0257,-0.0892,0.14,0.14,0.054,3.3,96037.6,0.00,0.000,0.000,2
258081,-0.050,0.032,0.999,-0.122,0.183,0.244,-51.401,267.620,156.196,0.9956,0.0126,-0.0260,-0.0893,0.16,0.14,0.008,3.3,96035.4,0.00,0.000,0.000,2
258281,-0.051,0.030,1.001,-0.122,0.244,0.244,-51.401,267.620,156.196,0.9956,0.0129,-0.0261,-0.0892,0.11,0.09,0.027,3.3,96039.0,0.00,0.000,0.000,2
258481,-0.046,0.033,1.003,0.000,0.183,0.244,-51.401,267.620,156.196,0.9956,0.0128,-0.0257,-0.0893,0.13,0.09,0.049,3.3,96040.5,0.00,0.000,0.000,2
258681,-0.049,0.029,1.003,0.000,0.183,0.244,-51.401,267.620,156.196,0.9956,0.0127,-0.0259,-0.0893,0.11,0.06,0.044,3.3,96042.7,0.00,0.000,0.000,2
258881,-0.048,0.031,1.002,-0.061,0.244,0.183,-56.719,271.695,170.395,0.9954,0.0136,-0.0258,-0.0912,0.06,0.02,0.035,3.3,96041.1,0.00,0.000,0.000,2
259081,-0.049,0.031,1.001,-0.122,0.305,0.244,-56.719,271.695,170.395,0.9952,0.0135,-0.0258,-0.0931,0.05,0.01,0.026,3.3,96036.9,0.00,0.000,0.000,2
259281,-0.049,0.030,1.003,-0.122,0.244,0.244,-56.719,271.695,170.395,0.9951,0.0132,-0.0258,-0.0944,0.03,-0.01,0.045,3.3,96039.1,0.00,0.000,0.000,2
259481,-0.048,0.031,1.000,-0.122,0.183,0.183,-56.719,271.695,170.395,0.9950,0.0133,-0.0257,-0.0953,0.02,-0.01,0.021,3.3,96042.6,0.00,0.000,0.000,2
259681,-0.050,0.032,0.997,-0.061,0.183,0.244,-56.719,271.695,170.395,0.9950,0.0132,-0.0259,-0.0958,0.06,0.03,-0.016,3.3,96039.8,0.00,0.000,0.000,2
259881,-0.047,0.031,1.002,-0.061,0.305,0.305,-56.719,271.695,170.395,0.9949,0.0130,-0.0258,-0.0962,0.04,0.01,0.040,3.3,96044.0,0.00,0.000,0.000,2
260081,-0.050,0.031,0.999,-0.061,0.122,0.183,-56.719,271.695,170.395,0.9949,0.0128,-0.0261,-0.0964,0.04,0.02,0.007,3.3,96041.2,0.00,0.000,0.000,2
260281,-0.050,0.029,1.000,-0.061,0.305,0.122,-56.719,271.695,170.395,0.9949,0.0125,-0.0261,-0.0966,0.06,0.04,0.021,3.3,96039.2,0.00,0.000,0.000,2
260481,-0.050,0.030,1.000,-0.061,0.183,0.244,-56.719,271.695,170.395,0.9949,0.0126,-0.0259,-0.0968,0.07,0.03,0.017,3.3,96041.8,0.00,0.000,0.000,2
260681,-0.048,0.029,1.003,-0.061,0.305,0.244,-56.719,271.695,170.395,0.9949,0.0126,-0.0258,-0.0970,0.04,0.01,0.044,3.3,96041.2,0.00,0.000,0.000,2
260881,-0.049,0.031,1.001,-0.061,0.244,0.244,-65.581,281.205,150.516,0.9946,0.0135,-0.0260,-0.0993,0.06,0.03,0.026,3.4,96039.8,0.00,0.000,0.000,2
261081,-0.047,0.031,1.001,-0.122,0.305,0.183,-65.581,281.205,150.516,0.9944,0.0139,-0.0260,-0.1018,0.00,-0.02,0.030,3.4,96041.2,0.00,0.000,0.000,2
261281,-0.048,0.032,1.000,-0.061,0.305,0.244,-65.581,281.205,150.516,0.9942,0.0136,-0.0260,-0.1039,0.02,0.00,0.016,3.4,96039.0,0.00,0.000,0.000,2
261481,-0.049,0.031,0.999,0.061,0.244,0.244,-65.581,281.205,150.516,0.9940,0.0136,-0.0262,-0.1056,-0.02,-0.03,0.002,3.4,96042.5,0.00,0.000,0.000,2
261681,-0.049,0.031,0.997,-0.061,0.366,0.244,-65.581,281.205,150.516,0.9938,0.0131,-0.0262,-0.1069,-0.03,-0.02,-0.012,3.4,96036.9,0.00,0.000,0.000,2
261881,-0.050,0.030,1.000,-0.061,0.183,0.183,-65.581,281.205,150.516,0.9937,0.0127,-0.0262,-0.1079,-0.02,-0.00,0.017,3.3,96039.1,0.00,0.000,0.000,2
262081,-0.049,0.031,1.000,0.000,0.183,0.183,-65.581,281.205,150.516,0.9937,0.0128,-0.0260,-0.1085,-0.04,-0.02,0.012,3.3,96038.3,0.00,0.000,0.000,2
262281,-0.049,0.030,1.000,-0.061,0.244,0.244,-65.581,281.205,150.516,0.9936,0.0125,-0.0259,-0.1090,-0.01,0.02,0.016,3.3,96038.3,0.00,0.000,0.000,2
262481,-0.048,0.033,1.000,-0.061,0.244,0.183,-65.581,281.205,150.516,0.9936,0.0126,-0.0261,-0.1093,0.01,0.04,0.021,3.3,96036.9,0.00,0.000,0.000,2
262681,-0.046,0.030,1.003,-0.061,0.183,0.305,-65.581,281.205,150.516,0.9936,0.0123,-0.0259,-0.1095,0.04,0.06,0.044,3.3,96036.2,0.00,0.000,0.000,2
262881,-0.048,0.032,0.999,-0.061,0.183,0.244,-54.946,267.620,173.235,0.9938,0.0110,-0.0262,-0.1076,0.03,0.04,0.002,3.3,96039.7,0.00,0.000,0.000,2
263081,-0.047,0.031,1.003,-0.061,0.244,0.305,-54.946,267.620,173.235,0.9940,0.0104,-0.0264,-0.1054,0.01,0.03,0.044,3.3,96041.8,0.00,0.000,0.000,2
263281,-0.050,0.032,1.001,-0.061,0.183,0.244,-54.946,267.620,173.235,0.9942,0.0106,-0.0264,-0.1033,0.01,0.03,0.027,3.3,96040.6,0.00,0.000,0.000,2
263481,-0.049,0.033,1.000,-0.061,0.183,0.244,-54.946,267.620,173.235,0.9944,0.0109,-0.0262,-0.1014,-0.09,-0.06,0.012,3.2,96041.2,0.00,0.000,0.000,2
263681,-0.049,0.030,1.000,-0.122,0.305,0.183,-54.946,267.620,173.235,0.9946,0.0112,-0.0261,-0.0999,-0.13,-0.08,0.021,3.3,96042.0,0.00,0.000,0.000,2
263881,-0.049,0.031,1.002,-0.061,0.244,0.244,-54.946,267.620,173.235,0.9947,0.0115,-0.0261,-0.0986,-0.07,-0.01,0.036,3.3,96037.6,0.00,0.000,0.000,2
264081,-0.048,0.030,1.001,-0.122,0.305,0.244,-54.946,267.620,173.235,0.9948,0.0120,-0.0262,-0.0977,-0.06,-0.00,0.030,3.3,96041.2,0.00,0.000,0.000,2
264281,-0.048,0.029,1.000,0.000,0.305,0.244,-54.946,267.620,173.235,0.9949,0.0121,-0.0262,-0.0969,-0.06,0.01,0.010,3.3,96039.1,0.00,0.000,0.000,2
264481,-0.050,0.030,1.001,-0.061,0.183,0.183,-54.946,267.620,173.235,0.9949,0.0121,-0.0261,-0.0963,-0.07,-0.00,0.026,3.3,96040.4,0.00,0.000,0.000,2
264681,-0.049,0.032,0.999,0.000,0.183,0.183,-86.851,270.337,156.196,0.9949,0.0122,-0.0258,-0.0964,-0.06,0.01,0.003,3.3,96042.7,0.00,0.000,0.000,2
264881,-0.050,0.031,1.000,0.000,0.183,0.244,-86.851,270.337,156.196,0.9946,0.0136,-0.0260,-0.0993,-0.06,0.01,0.012,3.4,96041.2,0.00,0.000,0.000,2
265081,-0.049,0.030,0.999,-0.061,0.244,0.244,-86.851,270.337,156.196,0.9943,0.0147,-0.0261,-0.1022,-0.00,0.07,0.007,3.4,96037.0,0.00,0.000,0.000,2
265281,-0.048,0.033,1.000,-0.061,0.061,0.244,-86.851,270.337,156.196,0.9940,0.0157,-0.0261,-0.1052,-0.00,0.06,0.012,3.5,96039.7,0.00,0.000,0.000,2
265481,-0.050,0.029,1.000,-0.061,0.183,0.122,-86.851,270.337,156.196,0.9936,0.0166,-0.0262,-0.1082,0.04,0.09,0.021,3.6,96038.3,0.00,0.000,0.000,2
265681,-0.049,0.032,0.998,-0.061,0.305,0.244,-86.851,270.337,156.196,0.9933,0.0171,-0.0263,-0.1113,0.05,0.09,-0.007,3.6,96037.7,0.00,0.000,0.000,2
265881,-0.047,0.030,1.000,-0.061,0.061,0.183,-86.851,270.337,156.196,0.9929,0.0175,-0.0263,-0.1144,0.01,0.05,0.019,3.6,96041.8,0.00,0.000,0.000,2
266081,-0.049,0.030,1.000,-0.061,0.244,0.244,-86.851,270.337,156.196,0.9926,0.0177,-0.0264,-0.1174,0.06,0.08,0.016,3.6,96039.7,0.00,0.000,0.000,2
266281,-0.049,0.030,1.001,-0.061,0.244,0.244,-86.851,270.337,156.196,0.9922,0.0177,-0.0264,-0.1204,0.04,0.06,0.030,3.6,96036.9,0.00,0.000,0.000,2
266481,-0.049,0.030,1.003,-0.061,0.183,0.305,-86.851,270.337,156.196,0.9919,0.0175,-0.0264,-0.1233,0.01,0.02,0.049,3.6,96037.7,0.00,0.000,0.000,2
266681,-0.048,0.030,1.002,-0.061,0.305,0.183,-86.851,270.337,156.196,0.9915,0.0171,-0.0265,-0.1262,0.01,0.02,0.034,3.6,96041.8,0.00,0.000,0.000,2
266881,-0.048,0.031,0.999,-0.061,0.183,0.183,-63.809,260.827,164.716,0.9916,0.0148,-0.0268,-0.1253,0.00,0.02,0.006,3.5,96039.0,0.00,0.000,0.000,2
267081,-0.048,0.031,1.000,-0.061,0.305,0.305,-63.809,260.827,164.716,0.9919,0.0126,-0.0269,-0.1238,-0.02,-0.00,0.011,3.4,96041.2,0.00,0.000,0.000,2
267281,-0.049,0.030,1.003,-0.183,0.122,0.183,-63.809,260.827,164.716,0.9921,0.0113,-0.0268,-0.1220,-0.05,-0.02,0.045,3.3,96043.9,0.00,0.000,0.000,2
267481,-0.048,0.031,1.003,0.000,0.244,0.122,-63.809,260.827,164.716,0.9923,0.0107,-0.0268,-0.1205,0.02,0.04,0.044,3.3,96038.4,0.00,0.000,0.000,2
267681,-0.049,0.030,1.001,-0.122,0.183,0.244,-63.809,260.827,164.716,0.9925,0.0108,-0.0265,-0.1193,0.08,0.10,0.030,3.3,96037.1,0.00,0.000,0.000,2
267881,-0.049,0.030,1.001,-0.061,0.244,0.183,-63.809,260.827,164.716,0.9926,0.0109,-0.0267,-0.1183,0.03,0.04,0.030,3.3,96040.5,0.00,0.000,0.000,2
268081,-0.048,0.028,1.001,-0.061,0.244,0.183,-63.809,260.827,164.716,0.9927,0.0112,-0.0265,-0.1175,0.00,0.01,0.025,3.3,96038.3,0.00,0.000,0.000,2
268281,-0.048,0.031,0.999,-0.122,0.244,0.244,-63.809,260.827,164.716,0.9927,0.0115,-0.0264,-0.1169,0.00,0.01,0.002,3.3,96041.1,0.00,0.000,0.000,2
268481,-0.048,0.031,0.998,0.000,0.183,0.183,-63.809,260.827,164.716,0.9928,0.0116,-0.0261,-0.1164,0.05,0.06,-0.008,3.3,96037.1,0.00,0.000,0.000,2
268681,-0.048,0.033,1.003,-0.061,0.122,0.244,-63.809,260.827,164.716,0.9928,0.0119,-0.0261,-0.1160,0.04,0.04,0.045,3.3,96042.7,0.00,0.000,0.000,2
268881,-0.050,0.029,1.002,0.000,0.366,0.183,-62.036,262.186,167.556,0.9929,0.0115,-0.0264,-0.1150,0.00,0.00,0.035,3.3,96039.8,0.00,0.000,0.000,2
269081,-0.050,0.031,1.002,-0.061,0.244,0.183,-62.036,262.186,167.556,0.9931,0.0114,-0.0266,-0.1140,0.07,0.07,0.036,3.3,96037.0,0.00,0.000,0.000,2
269281,-0.049,0.029,1.004,-0.061,0.244,0.366,-62.036,262.186,167.556,0.9932,0.0114,-0.0261,-0.1132,0.06,0.05,0.059,3.3,96041.2,0.00,0.000,0.000,2
269481,-0.050,0.031,1.001,-0.122,0.305,0.183,-62.036,262.186,167.556,0.9932,0.0116,-0.0264,-0.1127,0.04,0.03,0.027,3.3,96039.8,0.00,0.000,0.000,2
269681,-0.049,0.030,0.998,-0.061,0.244,0.183,-62.036,262.186,167.556,0.9933,0.0117,-0.0262,-0.1122,-0.02,-0.03,-0.003,3.3,96043.4,0.00,0.000,0.000,2
269881,-0.047,0.031,1.002,-0.061,0.244,0.244,-62.036,262.186,167.556,0.9933,0.0121,-0.0259,-0.1119,-0.10,-0.09,0.035,3.3,96044.0,0.00,0.000,0.000,2
270081,-0.049,0.029,1.000,0.000,0.183,0.183,-62.036,262.186,167.556,0.9933,0.0120,-0.0260,-0.1116,-0.04,-0.01,0.011,3.3,96039.1,0.00,0.000,0.000,2
270281,-0.049,0.030,1.001,-0.122,0.183,0.244,-62.036,262.186,167.556,0.9934,0.0121,-0.0261,-0.1114,-0.03,0.00,0.030,3.3,96042.6,0.00,0.000,0.000,2
270481,-0.046,0.030,1.000,-0.061,0.305,0.122,-62.036,262.186,167.556,0.9934,0.0119,-0.0261,-0.1113,-0.01,0.02,0.015,3.3,96039.2,0.00,0.000,0.000,2
270681,-0.049,0.030,0.999,-0.122,0.305,0.244,-62.036,262.186,167.556,0.9934,0.0120,-0.0262,-0.1113,-0.01,0.02,0.007,3.3,96042.6,0.00,0.000,0.000,2
270881,-0.047,0.031,1.000,-0.061,0.305,0.122,-62.036,262.186,167.556,0.9934,0.0121,-0.0263,-0.1112,0.05,0.07,0.011,3.3,96038.4,0.00,0.000,0.000,2
271081,-0.047,0.031,0.998,0.000,0.366,0.122,-62.036,262.186,167.556,0.9934,0.0120,-0.0263,-0.1111,0.03,0.05,-0.008,3.3,96044.7,0.00,0.000,0.000,2
271281,-0.051,0.031,1.001,-0.061,0.244,0.244,-62.036,262.186,167.556,0.9934,0.0122,-0.0264,-0.1111,-0.02,0.01,0.032,3.3,96043.3,0.00,0.000,0.000,2
271481,-0.049,0.030,1.001,-0.183,0.183,0.183,-62.036,262.186,167.556,0.9934,0.0120,-0.0263,-0.1111,-0.01,0.01,0.031,3.3,96039.1,0.00,0.000,0.000,2
271681,-0.048,0.030,1.003,-0.061,0.244,0.244,-62.036,262.186,167.556,0.9934,0.0118,-0.0264,-0.1111,0.02,0.04,0.049,3.3,96035.5,0.00,0.000,0.000,2
271881,-0.049,0.029,1.000,-0.061,0.183,0.183,-62.036,262.186,167.556,0.9934,0.0117,-0.0262,-0.1111,0.01,0.03,0.021,3.3,96042.0,0.00,0.000,0.000,2
272081,-0.050,0.028,1.001,-0.122,0.183,0.305,-62.036,262.186,167.556,0.9934,0.0118,-0.0262,-0.1111,0.02,0.04,0.025,3.3,96039.1,0.00,0.000,0.000,2
272281,-0.050,0.032,1.001,-0.122,0.183,0.183,-62.036,262.186,167.556,0.9934,0.0121,-0.0263,-0.1111,-0.04,-0.01,0.027,3.3,96043.4,0.00,0.000,0.000,2
272481,-0.048,0.030,1.000,-0.061,0.305,0.305,-62.036,262.186,167.556,0.9934,0.0119,-0.0260,-0.1111,-0.05,-0.02,0.020,3.3,96041.2,0.00,0.000,0.000,2
272681,-0.050,0.029,1.000,-0.061,0.244,0.183,-62.036,262.186,167.556,0.9934,0.0119,-0.0262,-0.1111,-0.02,0.02,0.021,3.3,96037.0,0.00,0.000,0.000,2
272881,-0.048,0.032,1.004,-0.061,0.244,0.244,-62.036,278.488,156.196,0.9934,0.0119,-0.0263,-0.1109,0.01,0.04,0.059,3.3,96040.5,0.00,0.000,0.000,2
273081,-0.050,0.030,1.001,0.000,0.244,0.244,-62.036,278.488,156.196,0.9936,0.0115,-0.0263,-0.1093,0.05,0.07,0.026,3.3,96039.2,0.00,0.000,0.000,2
273281,-0.050,0.031,1.005,-0.061,0.305,0.183,-62.036,278.488,156.196,0.9937,0.0114,-0.0263,-0.1081,0.11,0.12,0.065,3.3,96037.8,0.00,0.000,0.000,2
273481,-0.049,0.030,1.000,-0.061,0.244,0.244,-62.036,278.488,156.196,0.9938,0.0118,-0.0262,-0.1071,0.19,0.17,0.011,3.3,96037.8,0.00,0.000,0.000,2
273681,-0.049,0.031,1.001,-0.122,0.183,0.244,-62.036,278.488,156.196,0.9939,0.0118,-0.0260,-0.1065,0.18,0.14,0.026,3.3,96037.1,0.00,0.000,0.000,2
273881,-0.052,0.031,0.999,-0.061,0.244,0.244,-62.036,278.488,156.196,0.9939,0.0118,-0.0263,-0.1060,0.16,0.10,0.008,3.3,96042.8,0.00,0.000,0.000,2
274081,-0.048,0.031,1.003,-0.122,0.305,0.244,-62.036,278.488,156.196,0.9940,0.0121,-0.0262,-0.1057,0.13,0.06,0.049,3.3,96037.1,0.00,0.000,0.000,2
274281,-0.050,0.031,0.998,-0.061,0.183,0.244,-62.036,278.488,156.196,0.9940,0.0120,-0.0262,-0.1054,0.14,0.06,-0.007,3.3,96038.0,0.00,0.000,0.000,2
274481,-0.049,0.031,1.001,-0.122,0.183,0.183,-67.353,277.129,170.395,0.9938,0.0129,-0.0262,-0.1072,0.16,0.08,0.031,3.3,96035.8,0.00,0.000,0.000,2
274681,-0.051,0.030,1.000,-0.061,0.305,0.244,-67.353,277.129,170.395,0.9936,0.0131,-0.0262,-0.1091,0.12,0.04,0.017,3.4,96035.7,0.00,0.000,0.000,2
274881,-0.049,0.032,1.001,-0.061,0.183,0.244,-67.353,277.129,170.395,0.9935,0.0130,-0.0262,-0.1104,0.10,0.01,0.031,3.3,96042.7,0.00,0.000,0.000,2
275081,-0.049,0.031,1.003,-0.061,0.244,0.122,-69.126,254.035,161.876,0.9932,0.0137,-0.0262,-0.1129,0.01,-0.06,0.050,3.4,96042.0,0.00,0.000,0.000,2
275281,-0.049,0.029,1.001,-0.061,0.183,0.183,-69.126,254.035,161.876,0.9929,0.0140,-0.0263,-0.1155,-0.04,-0.08,0.030,3.4,96040.7,0.00,0.000,0.000,2
275481,-0.049,0.031,0.998,-0.122,0.244,0.183,-69.126,254.035,161.876,0.9926,0.0141,-0.0265,-0.1178,-0.02,-0.05,-0.003,3.4,96041.4,0.00,0.000,0.000,2
275681,-0.049,0.030,1.001,-0.061,0.244,0.305,-69.126,254.035,161.876,0.9923,0.0137,-0.0264,-0.1199,-0.09,-0.10,0.030,3.4,96040.6,0.00,0.000,0.000,2
275881,-0.048,0.032,1.000,-0.122,0.244,0.244,-69.126,254.035,161.876,0.9921,0.0134,-0.0263,-0.1217,-0.14,-0.11,0.016,3.4,96039.9,0.00,0.000,0.000,2
276081,-0.047,0.031,1.000,-0.183,0.244,0.244,-69.126,254.035,161.876,0.9920,0.0131,-0.0263,-0.1232,-0.14,-0.09,0.015,3.4,96037.8,0.00,0.000,0.000,2
276281,-0.048,0.032,1.001,-0.061,0.183,0.305,-69.126,254.035,161.876,0.9918,0.0127,-0.0261,-0.1244,-0.17,-0.10,0.030,3.3,96044.1,0.00,0.000,0.000,2
276481,-0.047,0.031,0.997,-0.061,0.244,0.244,-69.126,254.035,161.876,0.9917,0.0125,-0.0262,-0.1253,-0.20,-0.10,-0.013,3.3,96040.7,0.00,0.000,0.000,2
276681,-0.049,0.030,1.002,0.000,0.183,0.244,-69.126,254.035,161.876,0.9916,0.0123,-0.0262,-0.1260,-0.16,-0.04,0.035,3.3,96040.6,0.00,0.000,0.000,2
276881,-0.048,0.031,0.997,-0.061,0.183,0.305,-69.126,254.035,161.876,0.9915,0.0122,-0.0262,-0.1265,-0.13,-0.01,-0.017,3.3,96042.7,0.00,0.000,0.000,2
277081,-0.048,0.029,0.999,0.000,0.244,0.305,-65.581,273.054,178.915,0.9918,0.0108,-0.0265,-0.1247,-0.12,0.00,0.006,3.3,96043.5,0.00,0.000,0.000,2
277281,-0.048,0.030,1.003,-0.061,0.183,0.183,-65.581,273.054,178.915,0.9921,0.0102,-0.0266,-0.1226,-0.12,0.01,0.044,3.3,96042.0,0.00,0.000,0.000,2
277481,-0.049,0.032,1.000,-0.061,0.183,0.122,-65.581,273.054,178.915,0.9923,0.0101,-0.0266,-0.1206,-0.08,0.04,0.021,3.3,96041.3,0.00,0.000,0.000,2
277681,-0.050,0.031,1.000,-0.061,0.244,0.122,-65.581,273.054,178.915,0.9925,0.0105,-0.0267,-0.1188,-0.04,0.08,0.022,3.3,96038.6,0.00,0.000,0.000,2
277881,-0.048,0.031,1.002,-0.061,0.183,0.366,-65.581,273.054,178.915,0.9927,0.0108,-0.0264,-0.1174,-0.01,0.10,0.035,3.3,96042.8,0.00,0.000,0.000,2
278081,-0.049,0.030,1.000,-0.061,0.183,0.183,-65.581,273.054,178.915,0.9928,0.0109,-0.0262,-0.1163,-0.02,0.07,0.021,3.3,96037.2,0.00,0.000,0.000,2
278281,-0.048,0.031,1.000,0.000,0.244,0.183,-65.581,273.054,178.915,0.9929,0.0113,-0.0262,-0.1155,0.01,0.09,0.021,3.3,96042.7,0.00,0.000,0.000,2
278481,-0.049,0.028,1.000,-0.122,0.305,0.244,-65.581,273.054,178.915,0.9930,0.0115,-0.0262,-0.1147,0.06,0.12,0.016,3.3,96040.6,0.00,0.000,0.000,2
278681,-0.049,0.030,1.000,-0.061,0.183,0.244,-65.581,273.054,178.915,0.9930,0.0115,-0.0261,-0.1143,0.04,0.09,0.016,3.3,96041.3,0.00,0.000,0.000,2
278881,-0.048,0.030,1.002,-0.061,0.244,0.183,-65.581,273.054,178.915,0.9931,0.0114,-0.0263,-0.1139,0.04,0.08,0.040,3.3,96040.6,0.00,0.000,0.000,2
279081,-0.048,0.031,0.999,-0.122,0.183,0.244,-63.809,274.412,147.676,0.9932,0.0114,-0.0261,-0.1132,0.03,0.06,0.002,3.3,96040.6,0.00,0.000,0.000,2
279281,-0.048,0.030,1.001,-0.122,0.122,0.244,-63.809,274.412,147.676,0.9933,0.0115,-0.0261,-0.1123,0.01,0.04,0.025,3.3,96042.2,0.00,0.000,0.000,2
279481,-0.047,0.029,1.001,-0.061,0.305,0.183,-63.809,274.412,147.676,0.9933,0.0116,-0.0260,-0.1116,0.06,0.08,0.030,3.3,96039.2,0.00,0.000,0.000,2
279681,-0.048,0.030,1.002,-0.122,0.183,0.244,-63.809,274.412,147.676,0.9934,0.0116,-0.0261,-0.1112,0.05,0.07,0.035,3.3,96036.4,0.00,0.000,0.000,2
279881,-0.049,0.030,0.999,-0.061,0.183,0.183,-63.809,274.412,147.676,0.9934,0.0118,-0.0262,-0.1107,0.07,0.08,0.002,3.3,96038.5,0.00,0.000,0.000,2
280081,-0.049,0.028,1.001,-0.061,0.305,0.244,-63.809,274.412,147.676,0.9935,0.0118,-0.0262,-0.1105,0.07,0.07,0.030,3.3,96037.7,0.00,0.000,0.000,2
280281,-0.048,0.032,1.002,0.000,0.305,0.244,-63.809,274.412,147.676,0.9935,0.0120,-0.0263,-0.1104,0.05,0.04,0.040,3.3,96044.8,0.00,0.000,0.000,2
280481,-0.050,0.032,0.998,-0.122,0.244,0.244,-63.809,274.412,147.676,0.9935,0.0123,-0.0263,-0.1103,-0.01,-0.01,-0.002,3.3,96042.0,0.00,0.000,0.000,2
280681,-0.047,0.030,1.001,-0.061,0.244,0.183,-63.809,274.412,147.676,0.9935,0.0120,-0.0260,-0.1101,-0.04,-0.03,0.030,3.3,96042.5,0.00,0.000,0.000,2
280881,-0.048,0.032,1.001,0.000,0.122,0.183,-63.809,274.412,147.676,0.9935,0.0123,-0.0261,-0.1100,-0.05,-0.03,0.030,3.3,96038.4,0.00,0.000,0.000,2
281081,-0.048,0.030,1.003,-0.061,0.122,0.244,-63.809,274.412,147.676,0.9935,0.0124,-0.0261,-0.1099,-0.06,-0.03,0.049,3.3,96046.2,0.00,0.000,0.000,2
281281,-0.047,0.031,1.000,0.000,0.244,0.305,-65.581,273.054,167.556,0.9934,0.0125,-0.0261,-0.1108,-0.05,-0.01,0.011,3.3,96040.5,0.00,0.000,0.000,2
281481,-0.047,0.031,1.000,-0.061,0.244,0.366,-65.581,273.054,167.556,0.9934,0.0125,-0.0259,-0.1114,-0.10,-0.05,0.021,3.3,96042.0,0.00,0.000,0.000,2
281681,-0.048,0.031,1.004,-0.061,0.244,0.244,-65.581,273.054,167.556,0.9933,0.0125,-0.0262,-0.1118,-0.06,-0.00,0.054,3.3,96040.4,0.00,0.000,0.000,2
281881,-0.050,0.032,0.997,-0.061,0.183,0.183,-65.581,273.054,167.556,0.9933,0.0125,-0.0262,-0.1121,-0.04,0.02,-0.011,3.3,96037.8,0.00,0.000,0.000,2
282081,-0.050,0.031,1.000,-0.061,0.183,0.183,-65.581,273.054,167.556,0.9933,0.0124,-0.0262,-0.1123,-0.03,0.03,0.022,3.3,96042.7,0.00,0.000,0.000,2
282281,-0.049,0.032,1.000,-0.122,0.244,0.061,-65.581,273.054,167.556,0.9932,0.0123,-0.0260,-0.1124,-0.00,0.05,0.012,3.3,96044.1,0.00,0.000,0.000,2
282481,-0.049,0.030,0.999,-0.061,0.305,0.244,-65.581,273.054,167.556,0.9932,0.0121,-0.0261,-0.1126,0.01,0.06,0.007,3.3,96040.7,0.00,0.000,0.000,2
282681,-0.049,0.031,1.000,0.000,0.305,0.244,-65.581,273.054,167.556,0.9932,0.0118,-0.0260,-0.1128,0.00,0.04,0.016,3.3,96041.3,0.00,0.000,0.000,2
282881,-0.050,0.030,1.000,-0.122,0.244,0.183,-65.581,273.054,167.556,0.9932,0.0119,-0.0261,-0.1129,-0.01,0.03,0.017,3.3,96044.8,0.00,0.000,0.000,2
283081,-0.048,0.031,1.000,-0.061,0.122,0.305,-65.581,273.054,167.556,0.9932,0.0120,-0.0263,-0.1130,0.02,0.06,0.011,3.3,96042.7,0.00,0.000,0.000,2
283281,-0.049,0.031,1.001,-0.061,0.244,0.244,-65.581,273.054,167.556,0.9932,0.0122,-0.0263,-0.1130,-0.00,0.03,0.026,3.3,96040.6,0.00,0.000,0.000,2
283481,-0.047,0.031,1.000,-0.061,0.183,0.183,-65.581,273.054,167.556,0.9932,0.0120,-0.0263,-0.1130,-0.04,-0.01,0.011,3.3,96045.5,0.00,0.000,0.000,2
283681,-0.049,0.030,1.000,-0.061,0.244,0.183,-65.581,273.054,167.556,0.9932,0.0120,-0.0263,-0.1130,-0.12,-0.06,0.021,3.3,96042.0,0.00,0.000,0.000,2
283881,-0.049,0.030,1.001,-0.061,0.305,0.183,-65.581,273.054,167.556,0.9932,0.0119,-0.0263,-0.1130,-0.07,-0.01,0.031,3.3,96037.8,0.00,0.000,0.000,2
284081,-0.048,0.032,0.999,-0.061,0.244,0.122,-65.581,273.054,167.556,0.9932,0.0121,-0.0264,-0.1130,-0.01,0.05,0.002,3.3,96040.6,0.00,0.000,0.000,2
284281,-0.049,0.029,1.002,-0.122,0.305,0.183,-65.581,273.054,167.556,0.9932,0.0119,-0.0263,-0.1130,0.03,0.08,0.040,3.3,96042.0,0.00,0.000,0.000,2
284481,-0.048,0.031,1.001,-0.061,0.183,0.244,-65.581,273.054,167.556,0.9932,0.0121,-0.0263,-0.1130,0.08,0.11,0.026,3.3,96045.5,0.00,0.000,0.000,2
284681,-0.049,0.031,1.001,-0.183,0.244,0.244,-65.581,273.054,167.556,0.9932,0.0119,-0.0263,-0.1131,0.04,0.06,0.031,3.3,96043.4,0.00,0.000,0.000,2
284881,-0.047,0.030,1.000,-0.122,0.122,0.244,-65.581,273.054,167.556,0.9932,0.0120,-0.0263,-0.1130,0.02,0.03,0.020,3.3,96041.2,0.00,0.000,0.000,2
285081,-0.051,0.032,1.000,-0.061,0.183,0.244,-65.581,273.054,167.556,0.9932,0.0120,-0.0265,-0.1131,0.00,0.02,0.018,3.3,96044.9,0.00,0.000,0.000,2
285281,-0.050,0.033,1.000,-0.061,0.305,0.183,-65.581,273.054,167.556,0.9932,0.0121,-0.0264,-0.1130,-0.03,-0.01,0.017,3.3,96042.8,0.00,0.000,0.000,2
285481,-0.050,0.028,1.000,-0.061,0.244,0.244,-76.216,270.337,139.156,0.9929,0.0129,-0.0264,-0.1155,-0.05,-0.02,0.011,3.4,96039.2,0.00,0.000,0.000,2
285681,-0.049,0.034,1.000,0.000,0.366,0.305,-76.216,270.337,139.156,0.9925,0.0137,-0.0266,-0.1181,0.02,0.05,0.017,3.4,96037.1,0.00,0.000,0.000,2
285881,-0.050,0.032,1.002,-0.061,0.244,0.122,-76.216,270.337,139.156,0.9922,0.0139,-0.0266,-0.1206,0.07,0.09,0.041,3.4,96037.1,0.00,0.000,0.000,2
286081,-0.050,0.032,1.000,-0.122,0.122,0.183,-76.216,270.337,139.156,0.9920,0.0140,-0.0266,-0.1230,0.07,0.08,0.017,3.4,96042.7,0.00,0.000,0.000,2
286281,-0.047,0.030,1.002,-0.061,0.244,0.183,-76.216,270.337,139.156,0.9917,0.0137,-0.0264,-0.1251,0.06,0.06,0.039,3.4,96044.2,0.00,0.000,0.000,2
286481,-0.049,0.031,1.000,-0.122,0.244,0.183,-76.216,270.337,139.156,0.9915,0.0136,-0.0265,-0.1269,0.00,0.01,0.017,3.4,96044.2,0.00,0.000,0.000,2
286681,-0.050,0.030,1.001,-0.061,0.244,0.183,-76.216,270.337,139.156,0.9913,0.0131,-0.0267,-0.1283,0.01,0.01,0.031,3.4,96042.9,0.00,0.000,0.000,2
286881,-0.049,0.030,1.002,-0.061,0.244,0.244,-76.216,270.337,139.156,0.9911,0.0127,-0.0266,-0.1296,-0.04,-0.03,0.040,3.4,96045.0,0.00,0.000,0.000,2
287081,-0.050,0.030,1.003,-0.183,0.244,0.244,-76.216,270.337,139.156,0.9910,0.0122,-0.0266,-0.1306,-0.08,-0.05,0.045,3.4,96042.0,0.00,0.000,0.000,2
287281,-0.048,0.032,0.999,-0.061,0.305,0.244,-76.216,270.337,139.156,0.9909,0.0122,-0.0266,-0.1314,-0.11,-0.06,0.007,3.4,96042.9,0.00,0.000,0.000,2
287481,-0.048,0.030,1.000,0.000,0.244,0.244,-56.719,266.261,147.676,0.9910,0.0112,-0.0268,-0.1307,-0.08,-0.03,0.020,3.3,96044.2,0.00,0.000,0.000,2
287681,-0.046,0.032,1.001,0.000,0.305,0.244,-56.719,266.261,147.676,0.9913,0.0099,-0.0271,-0.1283,-0.09,-0.03,0.025,3.3,96045.6,0.00,0.000,0.000,2
287881,-0.051,0.028,1.001,-0.061,0.305,0.244,-56.719,266.261,147.676,0.9916,0.0088,-0.0274,-0.1259,-0.08,-0.00,0.026,3.3,96041.5,0.00,0.000,0.000,2
288081,-0.048,0.030,1.000,-0.061,0.244,0.305,-56.719,266.261,147.676,0.9919,0.0082,-0.0274,-0.1234,-0.04,0.03,0.016,3.3,96044.1,0.00,0.000,0.000,2
288281,-0.051,0.029,1.000,0.000,0.305,0.183,-56.719,266.261,147.676,0.9923,0.0078,-0.0275,-0.1209,-0.06,0.01,0.021,3.3,96043.5,0.00,0.000,0.000,2
288481,-0.049,0.030,1.000,-0.122,0.244,0.305,-56.719,266.261,147.676,0.9926,0.0078,-0.0274,-0.1185,-0.08,0.00,0.020,3.3,96041.3,0.00,0.000,0.000,2
288681,-0.046,0.032,1.000,0.000,0.244,0.305,-56.719,266.261,147.676,0.9928,0.0081,-0.0272,-0.1161,-0.06,0.02,0.019,3.3,96042.2,0.00,0.000,0.000,2
288881,-0.046,0.031,1.000,-0.061,0.183,0.244,-56.719,266.261,147.676,0.9931,0.0086,-0.0270,-0.1138,-0.05,0.03,0.010,3.2,96044.1,0.00,0.000,0.000,2
289081,-0.047,0.029,1.000,-0.061,0.244,0.183,-56.719,266.261,147.676,0.9934,0.0090,-0.0268,-0.1115,-0.07,0.01,0.015,3.2,96042.2,0.00,0.000,0.000,2
289281,-0.048,0.029,1.001,-0.061,0.183,0.183,-56.719,266.261,147.676,0.9936,0.0096,-0.0266,-0.1094,-0.02,0.05,0.025,3.2,96042.2,0.00,0.000,0.000,2
289481,-0.049,0.031,1.000,0.000,0.244,0.244,-76.216,264.903,156.196,0.9937,0.0104,-0.0267,-0.1079,-0.04,0.04,0.012,3.3,96040.8,0.00,0.000,0.000,2
289681,-0.051,0.030,1.000,0.000,0.183,0.122,-76.216,264.903,156.196,0.9934,0.0119,-0.0267,-0.1105,-0.03,0.04,0.022,3.4,96044.2,0.00,0.000,0.000,2
289881,-0.049,0.032,1.002,-0.061,0.305,0.183,-76.216,264.903,156.196,0.9931,0.0132,-0.0268,-0.1132,0.01,0.07,0.036,3.4,96041.4,0.00,0.000,0.000,2
290081,-0.047,0.031,0.999,0.000,0.244,0.183,-76.216,264.903,156.196,0.9928,0.0141,-0.0266,-0.1159,0.10,0.14,0.006,3.5,96039.2,0.00,0.000,0.000,2
290281,-0.048,0.029,1.000,-0.061,0.244,0.183,-76.216,264.903,156.196,0.9925,0.0144,-0.0265,-0.1187,0.13,0.15,0.015,3.5,96042.2,0.00,0.000,0.000,2
290481,-0.049,0.030,1.002,-0.061,0.183,0.244,-76.216,264.903,156.196,0.9922,0.0146,-0.0264,-0.1213,0.18,0.17,0.035,3.5,96042.1,0.00,0.000,0.000,2
290681,-0.047,0.029,1.000,-0.061,0.183,0.244,-76.216,264.903,156.196,0.9919,0.0144,-0.0265,-0.1237,0.18,0.14,0.010,3.5,96040.6,0.00,0.000,0.000,2
290881,-0.048,0.029,1.000,0.000,0.305,0.244,-76.216,264.903,156.196,0.9916,0.0139,-0.0265,-0.1259,0.13,0.08,0.020,3.4,96040.7,0.00,0.000,0.000,2
291081,-0.049,0.029,1.002,-0.122,0.244,0.366,-76.216,264.903,156.196,0.9914,0.0135,-0.0265,-0.1278,0.12,0.06,0.035,3.4,96043.5,0.00,0.000,0.000,2
291281,-0.047,0.031,1.001,-0.122,0.183,0.244,-76.216,264.903,156.196,0.9911,0.0130,-0.0265,-0.1295,0.06,0.01,0.025,3.4,96044.2,0.00,0.000,0.000,2
291481,-0.047,0.030,1.001,-0.061,0.244,0.244,-76.216,264.903,156.196,0.9910,0.0126,-0.0264,-0.1309,0.02,-0.02,0.029,3.4,96042.1,0.00,0.000,0.000,2
291681,-0.048,0.030,1.000,-0.122,0.183,0.183,-67.353,266.261,159.036,0.9912,0.0112,-0.0268,-0.1293,0.04,0.00,0.020,3.3,96045.0,0.00,0.000,0.000,2
291881,-0.050,0.032,1.001,0.000,0.183,0.244,-67.353,266.261,159.036,0.9914,0.0104,-0.0268,-0.1274,0.03,-0.00,0.027,3.3,96044.2,0.00,0.000,0.000,2
292081,-0.046,0.030,1.001,-0.061,0.183,0.183,-67.353,266.261,159.036,0.9917,0.0102,-0.0266,-0.1257,0.06,0.03,0.024,3.3,96040.6,0.00,0.000,0.000,2
292281,-0.047,0.030,1.001,-0.061,0.122,0.244,-67.353,266.261,159.036,0.9918,0.0104,-0.0266,-0.1243,0.03,-0.00,0.025,3.3,96044.2,0.00,0.000,0.000,2
292481,-0.051,0.030,1.004,-0.061,0.183,0.244,-67.353,266.261,159.036,0.9920,0.0105,-0.0267,-0.1233,0.01,-0.02,0.055,3.3,96045.0,0.00,0.000,0.000,2
292681,-0.049,0.029,0.999,-0.061,0.244,0.183,-67.353,266.261,159.036,0.9921,0.0109,-0.0265,-0.1224,-0.04,-0.06,0.007,3.3,96044.9,0.00,0.000,0.000,2
292881,-0.049,0.030,0.999,0.000,0.244,0.244,-67.353,266.261,159.036,0.9922,0.0111,-0.0265,-0.1217,-0.04,-0.04,0.002,3.3,96043.5,0.00,0.000,0.000,2
293081,-0.047,0.029,1.002,-0.122,0.305,0.183,-67.353,266.261,159.036,0.9922,0.0113,-0.0265,-0.1211,-0.04,-0.02,0.039,3.3,96042.8,0.00,0.000,0.000,2
293281,-0.046,0.030,1.000,-0.061,0.244,0.183,-67.353,266.261,159.036,0.9923,0.0113,-0.0262,-0.1207,-0.07,-0.04,0.015,3.3,96040.8,0.00,0.000,0.000,2
293481,-0.047,0.031,1.003,-0.061,0.244,0.305,-67.353,266.261,159.036,0.9923,0.0116,-0.0265,-0.1204,-0.05,-0.01,0.044,3.3,96039.9,0.00,0.000,0.000,2
293681,-0.049,0.032,1.001,-0.061,0.183,0.244,-62.036,275.771,184.595,0.9925,0.0109,-0.0266,-0.1192,-0.03,0.02,0.031,3.3,96041.5,0.00,0.000,0.000,2
293881,-0.050,0.030,1.000,0.000,0.183,0.244,-62.036,275.771,184.595,0.9927,0.0100,-0.0267,-0.1169,0.02,0.06,0.021,3.3,96040.2,0.00,0.000,0.000,2
294081,-0.050,0.031,1.003,0.000,0.244,0.244,-62.036,275.771,184.595,0.9930,0.0097,-0.0267,-0.1147,-0.00,0.04,0.050,3.3,96043.6,0.00,0.000,0.000,2
294281,-0.049,0.028,0.999,0.000,0.183,0.244,-62.036,275.771,184.595,0.9932,0.0101,-0.0266,-0.1128,0.00,0.04,0.006,3.3,96040.8,0.00,0.000,0.000,2
294481,-0.048,0.029,1.001,0.000,0.305,0.244,-62.036,275.771,184.595,0.9934,0.0106,-0.0265,-0.1111,0.01,0.04,0.030,3.3,96040.6,0.00,0.000,0.000,2
294681,-0.047,0.031,1.002,-0.061,0.244,0.244,-62.036,275.771,184.595,0.9936,0.0110,-0.0262,-0.1096,0.03,0.05,0.035,3.3,96040.8,0.00,0.000,0.000,2
294881,-0.048,0.029,1.002,0.000,0.244,0.183,-62.036,275.771,184.595,0.9937,0.0112,-0.0263,-0.1084,0.10,0.11,0.035,3.3,96037.2,0.00,0.000,0.000,2
295081,-0.051,0.031,1.001,-0.061,0.244,0.061,-62.036,275.771,184.595,0.9938,0.0114,-0.0264,-0.1075,0.19,0.17,0.027,3.3,96037.2,0.00,0.000,0.000,2
295281,-0.049,0.031,1.000,-0.061,0.305,0.244,-62.036,275.771,184.595,0.9939,0.0117,-0.0263,-0.1068,0.24,0.19,0.017,3.3,96043.5,0.00,0.000,0.000,2
295481,-0.047,0.032,0.999,0.000,0.244,0.244,-62.036,275.771,184.595,0.9939,0.0121,-0.0260,-0.1062,0.27,0.18,0.006,3.3,96035.8,0.00,0.000,0.000,2
295681,-0.051,0.030,1.000,-0.061,0.183,0.183,-65.581,270.337,161.876,0.9939,0.0122,-0.0262,-0.1069,0.26,0.15,0.012,3.3,96037.3,0.00,0.000,0.000,2
295881,-0.047,0.031,0.999,-0.061,0.366,0.122,-65.581,270.337,161.876,0.9937,0.0131,-0.0260,-0.1087,0.25,0.12,0.006,3.3,96038.0,0.00,0.000,0.000,2
296081,-0.049,0.031,1.002,-0.061,0.305,0.244,-65.581,270.337,161.876,0.9935,0.0131,-0.0263,-0.1101,0.24,0.10,0.035,3.4,96038.7,0.00,0.000,0.000,2
296281,-0.049,0.030,1.003,-0.122,0.305,0.244,-65.581,270.337,161.876,0.9934,0.0131,-0.0262,-0.1112,0.20,0.05,0.045,3.4,96036.6,0.00,0.000,0.000,2
296481,-0.049,0.029,1.000,-0.122,0.244,0.183,-65.581,270.337,161.876,0.9933,0.0126,-0.0262,-0.1120,0.13,-0.01,0.011,3.3,96040.1,0.00,0.000,0.000,2
296681,-0.047,0.032,1.003,-0.122,0.183,0.183,-65.581,270.337,161.876,0.9932,0.0124,-0.0262,-0.1127,0.08,-0.04,0.044,3.3,96042.9,0.00,0.000,0.000,2
296881,-0.048,0.030,1.000,-0.061,0.305,0.183,-65.581,270.337,161.876,0.9932,0.0122,-0.0262,-0.1131,-0.02,-0.12,0.016,3.3,96040.8,0.00,0.000,0.000,2
297081,-0.051,0.032,0.998,0.000,0.305,0.244,-65.581,270.337,161.876,0.9931,0.0121,-0.0267,-0.1134,-0.09,-0.16,-0.006,3.4,96043.5,0.00,0.000,0.000,2
297281,-0.050,0.027,1.002,-0.061,0.183,0.244,-65.581,270.337,161.876,0.9931,0.0119,-0.0263,-0.1137,-0.12,-0.15,0.040,3.3,96045.7,0.00,0.000,0.000,2
297481,-0.049,0.032,0.999,-0.122,0.183,0.244,-65.581,270.337,161.876,0.9931,0.0121,-0.0264,-0.1139,-0.15,-0.15,0.007,3.3,96038.7,0.00,0.000,0.000,2
297681,-0.049,0.030,1.001,-0.122,0.244,0.305,-62.036,267.620,156.196,0.9931,0.0117,-0.0263,-0.1134,-0.14,-0.10,0.026,3.3,96041.6,0.00,0.000,0.000,2
297881,-0.047,0.030,1.000,-0.122,0.244,0.244,-62.036,267.620,156.196,0.9933,0.0115,-0.0263,-0.1122,-0.15,-0.09,0.011,3.3,96044.4,0.00,0.000,0.000,2
298081,-0.050,0.032,0.998,0.000,0.183,0.183,-62.036,267.620,156.196,0.9934,0.0116,-0.0262,-0.1114,-0.10,-0.03,-0.002,3.3,96040.8,0.00,0.000,0.000,2
298281,-0.049,0.030,1.000,-0.061,0.183,0.305,-62.036,267.620,156.196,0.9934,0.0115,-0.0263,-0.1108,-0.03,0.04,0.011,3.3,96038.7,0.00,0.000,0.000,2
298481,-0.048,0.030,1.000,-0.122,0.305,0.183,-62.036,267.620,156.196,0.9935,0.0117,-0.0261,-0.1103,0.05,0.11,0.020,3.3,96034.5,0.00,0.000,0.000,2
298681,-0.047,0.029,0.999,-0.061,0.122,0.183,-62.036,267.620,156.196,0.9935,0.0118,-0.0260,-0.1100,0.12,0.16,0.005,3.3,96038.1,0.00,0.000,0.000,2
298881,-0.049,0.031,1.002,-0.122,0.183,0.183,-62.036,267.620,156.196,0.9935,0.0120,-0.0264,-0.1098,0.15,0.16,0.036,3.3,96036.7,0.00,0.000,0.000,2
299081,-0.047,0.030,0.999,-0.061,0.244,0.122,-62.036,267.620,156.196,0.9936,0.0118,-0.0263,-0.1095,0.18,0.16,0.006,3.3,96036.0,0.00,0.000,0.000,2
299281,-0.050,0.031,1.001,-0.061,0.244,0.244,-62.036,267.620,156.196,0.9936,0.0120,-0.0261,-0.1095,0.21,0.16,0.032,3.3,96038.8,0.00,0.000,0.000,2
299481,-0.047,0.032,1.002,-0.061,0.366,0.244,-62.036,267.620,156.196,0.9936,0.0123,-0.0262,-0.1093,0.21,0.14,0.035,3.3,96038.1,0.00,0.000,0.000,2
299681,-0.048,0.032,1.005,-0.061,0.244,0.244,-62.036,267.620,156.196,0.9936,0.0122,-0.0261,-0.1092,0.24,0.15,0.064,3.3,96035.3,0.00,0.000,0.000,2
299881,-0.049,0.035,1.001,0.000,0.366,0.183,-62.036,267.620,156.196,0.9936,0.0124,-0.0262,-0.1092,0.21,0.10,0.032,3.3,96036.7,0.00,0.000,0.000,2
300081,-0.047,0.031,1.002,-0.061,0.122,0.183,-62.036,267.620,156.196,0.9936,0.0125,-0.0263,-0.1091,0.15,0.04,0.035,3.3,96041.6,0.00,0.000,0.000,2
300281,-0.048,0.029,1.000,-0.061,0.244,0.183,-62.036,267.620,156.196,0.9936,0.0122,-0.0261,-0.1091,0.09,-0.02,0.011,3.3,96041.6,0.00,0.000,0.000,2
300481,-0.048,0.031,1.000,-0.122,0.305,0.183,-62.036,267.620,156.196,0.9936,0.0121,-0.0261,-0.1091,0.03,-0.06,0.016,3.3,96043.1,0.00,0.000,0.000,2
300681,-0.041,0.036,0.990,-0.061,0.366,0.244,-62.036,267.620,156.196,0.9936,0.0122,-0.0261,-0.1091,0.03,-0.05,-0.086,3.3,96037.3,0.00,0.000,0.000,2
300881,-0.049,0.030,1.000,-0.061,0.244,0.305,-62.036,267.620,156.196,0.9936,0.0122,-0.0264,-0.1091,-0.07,-0.12,0.021,3.3,96041.6,0.00,0.000,0.000,2
301081,-0.048,0.029,1.004,-0.122,0.244,0.244,-62.036,267.620,156.196,0.9936,0.0121,-0.0262,-0.1091,-0.08,-0.11,0.054,3.3,96039.5,0.00,0.000,0.000,2
301281,-0.048,0.031,1.003,-0.061,0.183,0.244,-62.036,267.620,156.196,0.9936,0.0120,-0.0262,-0.1091,-0.08,-0.09,0.045,3.3,96042.9,0.00,0.000,0.000,2
301481,-0.050,0.034,1.000,-0.061,0.183,0.183,-62.036,267.620,156.196,0.9936,0.0121,-0.0260,-0.1091,-0.06,-0.04,0.018,3.3,96038.0,0.00,0.000,0.000,2
301681,-0.050,0.032,1.002,0.000,0.183,0.305,-62.036,267.620,156.196,0.9936,0.0122,-0.0261,-0.1092,-0.04,-0.01,0.036,3.3,96033.8,0.00,0.000,0.000,2
301881,-0.049,0.032,1.000,-0.061,0.305,0.244,-67.353,268.978,170.395,0.9934,0.0131,-0.0262,-0.1110,-0.03,0.00,0.012,3.4,96038.0,0.00,0.000,0.000,2
302081,-0.048,0.033,1.003,-0.122,0.183,0.183,-67.353,268.978,170.395,0.9932,0.0131,-0.0260,-0.1126,-0.05,-0.01,0.045,3.3,96038.7,0.00,0.000,0.000,2
302281,-0.048,0.029,1.002,-0.183,0.366,0.183,-67.353,268.978,170.395,0.9931,0.0129,-0.0260,-0.1139,-0.06,-0.01,0.039,3.3,96038.2,0.00,0.000,0.000,2
302481,-0.049,0.031,1.002,-0.122,0.122,0.244,-67.353,268.978,170.395,0.9930,0.0127,-0.0261,-0.1149,-0.01,0.04,0.040,3.3,96038.0,0.00,0.000,0.000,2
302681,-0.048,0.030,1.001,0.061,0.305,0.183,-67.353,268.978,170.395,0.9929,0.0126,-0.0261,-0.1156,0.01,0.05,0.025,3.3,96035.0,0.00,0.000,0.000,2
302881,-0.047,0.029,1.003,-0.122,0.183,0.183,-67.353,268.978,170.395,0.9928,0.0122,-0.0261,-0.1161,0.03,0.07,0.049,3.3,96037.3,0.00,0.000,0.000,2
303081,-0.049,0.029,1.003,-0.061,0.183,0.244,-67.353,268.978,170.395,0.9928,0.0120,-0.0263,-0.1166,0.07,0.09,0.045,3.3,96035.9,0.00,0.000,0.000,2
303281,-0.049,0.030,1.003,0.000,0.244,0.183,-67.353,268.978,170.395,0.9927,0.0121,-0.0262,-0.1169,0.08,0.09,0.045,3.3,96042.9,0.00,0.000,0.000,2
303481,-0.049,0.032,1.000,0.000,0.244,0.305,-67.353,268.978,170.395,0.9927,0.0121,-0.0262,-0.1172,0.07,0.07,0.017,3.3,96040.0,0.00,0.000,0.000,2
303681,-0.048,0.030,1.000,-0.122,0.244,0.183,-67.353,268.978,170.395,0.9927,0.0122,-0.0261,-0.1174,0.00,0.01,0.016,3.3,96044.2,0.00,0.000,0.000,2
303881,-0.050,0.031,1.001,-0.061,0.244,0.244,-67.353,268.978,170.395,0.9926,0.0120,-0.0263,-0.1175,-0.05,-0.03,0.027,3.3,96041.5,0.00,0.000,0.000,2
304081,-0.047,0.032,1.000,0.000,0.183,0.305,-67.353,268.978,170.395,0.9926,0.0120,-0.0263,-0.1177,-0.04,-0.02,0.016,3.3,96039.4,0.00,0.000,0.000,2
304281,-0.048,0.030,1.001,0.000,0.305,0.183,-67.353,268.978,170.395,0.9926,0.0120,-0.0263,-0.1177,-0.01,0.02,0.030,3.3,96042.2,0.00,0.000,0.000,2
304481,-0.050,0.032,0.999,-0.061,0.244,0.244,-67.353,268.978,170.395,0.9926,0.0119,-0.0263,-0.1178,0.02,0.04,0.003,3.3,96038.7,0.00,0.000,0.000,2
304681,-0.050,0.030,1.004,-0.061,0.183,0.183,-67.353,268.978,170.395,0.9926,0.0118,-0.0263,-0.1178,0.08,0.09,0.060,3.3,96034.5,0.00,0.000,0.000,2
304881,-0.050,0.031,1.000,-0.061,0.183,0.183,-67.353,268.978,170.395,0.9926,0.0118,-0.0265,-0.1179,0.07,0.07,0.012,3.3,96038.7,0.00,0.000,0.000,2
305081,-0.049,0.029,1.003,-0.122,0.244,0.244,-67.353,268.978,170.395,0.9926,0.0118,-0.0263,-0.1179,0.03,0.03,0.045,3.3,96041.6,0.00,0.000,0.000,2
305281,-0.049,0.031,0.999,0.000,0.305,0.183,-67.353,268.978,170.395,0.9926,0.0118,-0.0263,-0.1179,0.02,0.02,0.007,3.3,96043.0,0.00,0.000,0.000,2
305481,-0.049,0.033,1.004,-0.122,0.183,0.305,-67.353,268.978,170.395,0.9926,0.0120,-0.0262,-0.1179,0.01,0.02,0.055,3.3,96039.4,0.00,0.000,0.000,2
305681,-0.047,0.031,1.000,-0.122,0.305,0.244,-67.353,268.978,170.395,0.9926,0.0118,-0.0260,-0.1179,-0.02,-0.00,0.016,3.3,96035.2,0.00,0.000,0.000,2
305881,-0.047,0.029,1.000,-0.122,0.244,0.183,-54.946,267.620,144.836,0.9926,0.0118,-0.0263,-0.1177,-0.01,0.01,0.010,3.3,96038.0,0.00,0.000,0.000,2
306081,-0.049,0.031,1.000,-0.122,0.305,0.244,-54.946,267.620,144.836,0.9929,0.0105,-0.0266,-0.1153,-0.06,-0.02,0.016,3.3,96040.2,0.00,0.000,0.000,2
306281,-0.049,0.030,1.001,0.000,0.305,0.183,-54.946,267.620,144.836,0.9932,0.0096,-0.0268,-0.1129,0.00,0.04,0.026,3.3,96036.6,0.00,0.000,0.000,2
306481,-0.050,0.031,0.999,0.000,0.244,0.244,-54.946,267.620,144.836,0.9935,0.0093,-0.0269,-0.1104,0.01,0.04,0.002,3.3,96038.0,0.00,0.000,0.000,2
306681,-0.049,0.030,1.000,-0.183,0.244,0.244,-54.946,267.620,144.836,0.9937,0.0094,-0.0267,-0.1081,-0.01,0.02,0.021,3.2,96038.7,0.00,0.000,0.000,2
306881,-0.049,0.031,0.999,-0.061,0.183,0.305,-54.946,267.620,144.836,0.9940,0.0097,-0.0264,-0.1060,-0.02,0.02,0.007,3.2,96038.1,0.00,0.000,0.000,2
307081,-0.049,0.030,1.000,-0.122,0.183,0.305,-54.946,267.620,144.836,0.9942,0.0103,-0.0262,-0.1039,-0.02,0.01,0.016,3.2,96043.7,0.00,0.000,0.000,2
307396,-0.048,0.029,1.000,-0.122,0.305,0.183,-56.719,277.129,153.356,0.9945,0.0106,-0.0266,-0.1010,-0.05,-0.00,0.020,3.3,96040.7,0.00,0.000,0.000,2
307481,-0.048,0.031,1.002,-0.122,0.244,0.244,-63.809,266.261,147.676,0.9944,0.0113,-0.0265,-0.1016,-0.01,0.03,0.035,3.3,96038.0,0.00,0.000,0.000,2
307681,-0.048,0.032,1.004,0.061,0.183,0.183,-63.809,266.261,147.676,0.9942,0.0126,-0.0263,-0.1039,-0.04,0.01,0.059,3.3,96044.3,0.00,0.000,0.000,2
307881,-0.051,0.031,1.001,-0.061,0.305,0.183,-63.809,266.261,147.676,0.9939,0.0131,-0.0263,-0.1062,-0.09,-0.04,0.032,3.4,96043.7,0.00,0.000,0.000,2
308081,-0.050,0.030,0.999,0.000,0.183,0.183,-63.809,266.261,147.676,0.9937,0.0132,-0.0262,-0.1080,-0.10,-0.03,0.007,3.4,96040.2,0.00,0.000,0.000,2
308281,-0.049,0.030,1.001,0.000,0.183,0.244,-63.809,266.261,147.676,0.9936,0.0130,-0.0263,-0.1095,-0.10,-0.02,0.030,3.4,96043.6,0.00,0.000,0.000,2
308481,-0.046,0.030,1.000,-0.122,0.305,0.244,-63.809,266.261,147.676,0.9935,0.0127,-0.0261,-0.1105,-0.11,-0.02,0.015,3.3,96040.8,0.00,0.000,0.000,2
308681,-0.049,0.031,1.000,-0.122,0.244,0.244,-63.809,266.261,147.676,0.9934,0.0124,-0.0263,-0.1113,-0.13,-0.03,0.017,3.3,96036.5,0.00,0.000,0.000,2
308881,-0.048,0.029,1.004,0.000,0.244,0.122,-63.809,266.261,147.676,0.9933,0.0120,-0.0261,-0.1118,-0.16,-0.04,0.059,3.3,96043.0,0.00,0.000,0.000,2
309081,-0.049,0.030,1.000,-0.061,0.122,0.244,-63.809,266.261,147.676,0.9933,0.0118,-0.0261,-0.1123,-0.11,0.01,0.011,3.3,96039.4,0.00,0.000,0.000,2
309281,-0.049,0.030,1.000,0.000,0.244,0.183,-63.809,266.261,147.676,0.9932,0.0121,-0.0263,-0.1126,-0.07,0.05,0.021,3.3,96042.9,0.00,0.000,0.000,2
309481,-0.050,0.032,1.002,0.000,0.183,0.244,-63.809,266.261,147.676,0.9932,0.0123,-0.0263,-0.1128,-0.02,0.09,0.041,3.3,96041.6,0.00,0.000,0.000,2
309681,-0.048,0.030,1.002,-0.061,0.305,0.122,-63.809,266.261,147.676,0.9932,0.0121,-0.0262,-0.1129,0.05,0.14,0.035,3.3,96035.2,0.00,0.000,0.000,2
309881,-0.049,0.030,1.002,-0.122,0.183,0.183,-63.809,266.261,147.676,0.9932,0.0120,-0.0260,-0.1130,0.13,0.19,0.040,3.3,96039.4,0.00,0.000,0.000,2
310081,-0.049,0.031,0.999,-0.061,0.244,0.244,-63.809,266.261,147.676,0.9932,0.0121,-0.0261,-0.1131,0.17,0.19,0.002,3.3,96037.4,0.00,0.000,0.000,2
310281,-0.049,0.030,0.997,-0.122,0.366,0.305,-63.809,266.261,147.676,0.9932,0.0119,-0.0261,-0.1132,0.14,0.14,-0.012,3.3,96041.7,0.00,0.000,0.000,2
310481,-0.049,0.030,0.998,-0.061,0.183,0.244,-63.809,266.261,147.676,0.9931,0.0121,-0.0262,-0.1132,0.10,0.08,-0.003,3.3,96040.1,0.00,0.000,0.000,2
310681,-0.051,0.030,0.999,0.000,0.244,0.244,-63.809,266.261,147.676,0.9932,0.0119,-0.0263,-0.1132,0.14,0.10,0.008,3.3,96039.6,0.00,0.000,0.000,2
310881,-0.049,0.031,1.004,-0.061,0.183,0.244,-63.809,266.261,147.676,0.9931,0.0120,-0.0261,-0.1133,0.16,0.11,0.055,3.3,96040.9,0.00,0.000,0.000,2
311081,-0.049,0.030,1.004,-0.061,0.183,0.183,-63.809,266.261,147.676,0.9931,0.0119,-0.0263,-0.1133,0.09,0.03,0.059,3.3,96043.7,0.00,0.000,0.000,2
311281,-0.047,0.031,1.003,-0.122,0.366,0.244,-63.809,266.261,147.676,0.9931,0.0120,-0.0261,-0.1133,0.02,-0.03,0.044,3.3,96042.3,0.00,0.000,0.000,2
311481,-0.046,0.031,1.000,0.000,0.183,0.244,-63.809,266.261,147.676,0.9931,0.0118,-0.0260,-0.1133,-0.02,-0.05,0.015,3.3,96045.1,0.00,0.000,0.000,2
311681,-0.050,0.032,0.998,0.000,0.183,0.305,-63.809,266.261,147.676,0.9931,0.0120,-0.0264,-0.1134,0.01,-0.01,-0.007,3.3,96038.9,0.00,0.000,0.000,2
311881,-0.048,0.031,1.000,-0.061,0.305,0.244,-63.809,266.261,147.676,0.9931,0.0122,-0.0262,-0.1133,0.07,0.05,0.016,3.3,96038.9,0.00,0.000,0.000,2
312081,-0.050,0.031,1.000,-0.122,0.244,0.305,-62.036,259.469,150.516,0.9931,0.0122,-0.0263,-0.1133,0.05,0.02,0.022,3.3,96044.5,0.00,0.000,0.000,2
312281,-0.046,0.031,1.001,-0.061,0.244,0.122,-62.036,259.469,150.516,0.9932,0.0121,-0.0261,-0.1131,0.04,0.02,0.029,3.3,96039.6,0.00,0.000,0.000,2
312481,-0.049,0.033,1.004,-0.061,0.244,0.244,-62.036,259.469,150.516,0.9932,0.0121,-0.0261,-0.1130,-0.01,-0.03,0.060,3.3,96041.7,0.00,0.000,0.000,2
312681,-0.048,0.029,1.003,-0.061,0.244,0.305,-62.036,259.469,150.516,0.9932,0.0119,-0.0260,-0.1130,-0.04,-0.04,0.044,3.3,96039.6,0.00,0.000,0.000,2
312881,-0.049,0.030,1.001,-0.183,0.244,0.183,-62.036,259.469,150.516,0.9932,0.0118,-0.0260,-0.1129,-0.07,-0.05,0.031,3.3,96040.4,0.00,0.000,0.000,2
313081,-0.050,0.029,1.004,-0.061,0.183,0.305,-62.036,259.469,150.516,0.9932,0.0118,-0.0262,-0.1129,-0.10,-0.06,0.059,3.3,96038.9,0.00,0.000,0.000,2
313281,-0.048,0.032,1.002,-0.061,0.244,0.305,-62.036,259.469,150.516,0.9932,0.0119,-0.0260,-0.1129,-0.12,-0.06,0.040,3.3,96040.9,0.00,0.000,0.000,2
313481,-0.048,0.031,1.000,-0.061,0.305,0.183,-62.036,259.469,150.516,0.9932,0.0121,-0.0261,-0.1129,-0.16,-0.08,0.011,3.3,96043.1,0.00,0.000,0.000,2
313681,-0.048,0.030,1.002,-0.061,0.244,0.244,-62.036,259.469,150.516,0.9932,0.0120,-0.0261,-0.1129,-0.21,-0.10,0.035,3.3,96045.9,0.00,0.000,0.000,2
313881,-0.045,0.029,1.002,-0.061,0.244,0.183,-62.036,259.469,150.516,0.9932,0.0119,-0.0259,-0.1129,-0.18,-0.06,0.038,3.3,96041.7,0.00,0.000,0.000,2
314081,-0.049,0.033,0.999,-0.122,0.305,0.244,-65.581,259.469,167.556,0.9931,0.0121,-0.0260,-0.1136,-0.12,0.01,0.008,3.3,96043.8,0.00,0.000,0.000,2
314281,-0.048,0.031,1.000,-0.122,0.183,0.183,-65.581,259.469,167.556,0.9929,0.0127,-0.0262,-0.1149,-0.11,0.02,0.021,3.3,96045.1,0.00,0.000,0.000,2
314481,-0.048,0.031,1.000,-0.122,0.183,0.244,-65.581,259.469,167.556,0.9928,0.0124,-0.0263,-0.1160,-0.08,0.05,0.021,3.3,96043.9,0.00,0.000,0.000,2
314681,-0.050,0.029,1.004,-0.061,0.244,0.183,-65.581,259.469,167.556,0.9927,0.0122,-0.0263,-0.1167,-0.08,0.04,0.055,3.3,96043.1,0.00,0.000,0.000,2
314881,-0.047,0.030,1.000,-0.122,0.244,0.244,-65.581,259.469,167.556,0.9927,0.0121,-0.0261,-0.1173,-0.14,-0.02,0.020,3.3,96048.0,0.00,0.000,0.000,2
315081,-0.047,0.030,1.000,0.000,0.183,0.183,-65.581,259.469,167.556,0.9926,0.0122,-0.0260,-0.1177,-0.15,-0.02,0.020,3.3,96045.9,0.00,0.000,0.000,2
315281,-0.048,0.029,1.000,0.000,0.305,0.244,-65.581,259.469,167.556,0.9926,0.0119,-0.0260,-0.1180,-0.17,-0.03,0.015,3.3,96042.4,0.00,0.000,0.000,2
315481,-0.047,0.032,1.005,-0.183,0.244,0.244,-65.581,259.469,167.556,0.9926,0.0120,-0.0263,-0.1183,-0.19,-0.04,0.068,3.3,96045.1,0.00,0.000,0.000,2
315681,-0.049,0.029,1.003,-0.061,0.244,0.244,-65.581,259.469,167.556,0.9925,0.0118,-0.0264,-0.1184,-0.17,-0.00,0.045,3.3,96044.5,0.00,0.000,0.000,2
315881,-0.050,0.031,0.998,-0.061,0.244,0.305,-65.581,259.469,167.556,0.9925,0.0119,-0.0264,-0.1186,-0.22,-0.05,-0.002,3.3,96048.0,0.00,0.000,0.000,2
316081,-0.049,0.028,1.002,-0.061,0.244,0.305,-65.581,259.469,167.556,0.9925,0.0118,-0.0264,-0.1187,-0.18,0.01,0.035,3.3,96041.2,0.00,0.000,0.000,2
316281,-0.050,0.031,1.000,-0.061,0.305,0.183,-60.264,268.978,164.716,0.9927,0.0108,-0.0267,-0.1167,-0.15,0.04,0.022,3.3,96043.2,0.00,0.000,0.000,2
316481,-0.049,0.031,1.003,-0.061,0.244,0.183,-60.264,268.978,164.716,0.9930,0.0102,-0.0267,-0.1146,-0.17,0.02,0.045,3.3,96041.7,0.00,0.000,0.000,2
316681,-0.050,0.028,1.001,-0.061,0.183,0.183,-60.264,268.978,164.716,0.9932,0.0102,-0.0265,-0.1126,-0.12,0.06,0.030,3.3,96043.2,0.00,0.000,0.000,2
316881,-0.049,0.031,1.000,-0.061,0.183,0.305,-60.264,268.978,164.716,0.9934,0.0106,-0.0265,-0.1110,-0.07,0.11,0.021,3.3,96045.4,0.00,0.000,0.000,2
317081,-0.047,0.029,1.002,-0.061,0.183,0.122,-60.264,268.978,164.716,0.9936,0.0108,-0.0263,-0.1095,-0.03,0.12,0.039,3.3,96044.6,0.00,0.000,0.000,2
317281,-0.048,0.031,1.003,0.000,0.244,0.244,-60.264,268.978,164.716,0.9937,0.0114,-0.0264,-0.1083,0.03,0.16,0.050,3.3,96037.7,0.00,0.000,0.000,2
317481,-0.048,0.030,1.003,-0.061,0.305,0.183,-60.264,268.978,164.716,0.9938,0.0114,-0.0263,-0.1074,0.08,0.18,0.049,3.3,96046.0,0.00,0.000,0.000,2
317681,-0.047,0.030,1.005,-0.122,0.305,0.244,-60.264,268.978,164.716,0.9939,0.0116,-0.0262,-0.1068,0.16,0.22,0.068,3.3,96040.5,0.00,0.000,0.000,2
317881,-0.049,0.031,1.001,-0.122,0.244,0.244,-60.264,268.978,164.716,0.9939,0.0119,-0.0260,-0.1063,0.19,0.22,0.031,3.3,96039.8,0.00,0.000,0.000,2
318081,-0.046,0.028,1.004,-0.183,0.244,0.244,-60.264,268.978,164.716,0.9940,0.0117,-0.0258,-0.1060,0.18,0.17,0.057,3.2,96041.2,0.00,0.000,0.000,2
318281,-0.050,0.032,1.000,-0.061,0.244,0.183,-62.036,267.620,161.876,0.9939,0.0121,-0.0260,-0.1065,0.15,0.13,0.022,3.3,96042.7,0.00,0.000,0.000,2
318481,-0.049,0.029,1.000,0.000,0.305,0.183,-62.036,267.620,161.876,0.9938,0.0125,-0.0261,-0.1073,0.12,0.08,0.021,3.3,96042.5,0.00,0.000,0.000,2
318681,-0.049,0.030,1.001,0.000,0.244,0.183,-62.036,267.620,161.876,0.9938,0.0124,-0.0260,-0.1078,0.07,0.03,0.026,3.3,96047.5,0.00,0.000,0.000,2
318881,-0.050,0.029,1.002,-0.061,0.183,0.244,-62.036,267.620,161.876,0.9937,0.0122,-0.0260,-0.1081,0.08,0.04,0.035,3.3,96039.8,0.00,0.000,0.000,2
319081,-0.048,0.030,1.000,-0.122,0.244,0.183,-62.036,267.620,161.876,0.9937,0.0121,-0.0260,-0.1084,0.07,0.02,0.021,3.3,96039.7,0.00,0.000,0.000,2
319281,-0.047,0.031,1.006,-0.061,0.183,0.244,-62.036,267.620,161.876,0.9937,0.0122,-0.0260,-0.1085,-0.02,-0.05,0.073,3.3,96045.5,0.00,0.000,0.000,2
319481,-0.049,0.029,1.002,-0.061,0.244,0.244,-62.036,267.620,161.876,0.9937,0.0120,-0.0259,-0.1087,-0.06,-0.07,0.035,3.3,96049.0,0.00,0.000,0.000,2
319681,-0.050,0.030,1.002,-0.122,0.244,0.244,-62.036,267.620,161.876,0.9937,0.0121,-0.0260,-0.1088,-0.06,-0.05,0.036,3.3,96040.5,0.00,0.000,0.000,2
319881,-0.049,0.029,1.000,-0.122,0.244,0.244,-62.036,267.620,161.876,0.9936,0.0121,-0.0261,-0.1088,-0.03,-0.02,0.021,3.3,96044.0,0.00,0.000,0.000,2
320081,-0.048,0.032,1.001,0.000,0.183,0.122,-62.036,267.620,161.876,0.9936,0.0121,-0.0261,-0.1089,-0.04,-0.01,0.031,3.3,96043.3,0.00,0.000,0.000,2
320281,-0.048,0.031,1.003,-0.061,0.183,0.305,-62.036,267.620,161.876,0.9936,0.0122,-0.0262,-0.1089,-0.02,0.01,0.045,3.3,96044.1,0.00,0.000,0.000,2
320481,-0.049,0.031,1.001,0.000,0.305,0.366,-62.036,267.620,161.876,0.9936,0.0120,-0.0260,-0.1089,-0.01,0.02,0.026,3.3,96043.4,0.00,0.000,0.000,2
320681,-0.049,0.025,1.000,-0.122,0.244,0.244,-62.036,267.620,161.876,0.9936,0.0118,-0.0263,-0.1090,0.02,0.05,0.015,3.3,96040.5,0.00,0.000,0.000,2
320881,-0.049,0.031,1.003,-0.061,0.244,0.183,-62.036,267.620,161.876,0.9936,0.0120,-0.0265,-0.1090,0.06,0.08,0.045,3.3,96040.7,0.00,0.000,0.000,2
321081,-0.047,0.030,1.001,-0.061,0.183,0.244,-62.036,267.620,161.876,0.9936,0.0121,-0.0261,-0.1090,0.12,0.13,0.029,3.3,96040.5,0.00,0.000,0.000,2
321281,-0.052,0.030,1.002,-0.061,0.183,0.183,-62.036,267.620,161.876,0.9936,0.0119,-0.0265,-0.1090,0.17,0.15,0.037,3.3,96042.6,0.00,0.000,0.000,2
321481,-0.050,0.032,1.002,-0.061,0.305,0.244,-62.036,267.620,161.876,0.9936,0.0122,-0.0263,-0.1090,0.16,0.12,0.041,3.3,96038.4,0.00,0.000,0.000,2
321681,-0.048,0.030,1.000,-0.061,0.305,0.183,-62.036,267.620,161.876,0.9936,0.0122,-0.0261,-0.1090,0.15,0.10,0.016,3.3,96045.4,0.00,0.000,0.000,2
321881,-0.049,0.032,1.000,0.000,0.183,0.244,-62.036,267.620,161.876,0.9936,0.0122,-0.0259,-0.1089,0.10,0.04,0.012,3.3,96045.4,0.00,0.000,0.000,2
322081,-0.049,0.030,1.002,-0.061,0.244,0.183,-62.036,267.620,161.876,0.9936,0.0122,-0.0258,-0.1089,0.08,0.02,0.035,3.3,96043.3,0.00,0.000,0.000,2
322281,-0.050,0.031,1.000,0.000,0.305,0.183,-62.036,267.620,161.876,0.9936,0.0121,-0.0261,-0.1089,0.08,0.02,0.017,3.3,96042.0,0.00,0.000,0.000,2
322481,-0.050,0.030,0.998,0.000,0.183,0.244,-62.036,267.620,161.876,0.9936,0.0123,-0.0264,-0.1089,0.10,0.04,-0.007,3.3,96042.7,0.00,0.000,0.000,2
322681,-0.050,0.031,1.002,0.000,0.244,0.244,-62.036,267.620,161.876,0.9936,0.0123,-0.0265,-0.1089,0.11,0.04,0.036,3.3,96041.3,0.00,0.000,0.000,2
322881,-0.050,0.031,0.999,0.000,0.305,0.183,-62.036,267.620,161.876,0.9936,0.0122,-0.0264,-0.1089,0.15,0.08,0.003,3.3,96039.1,0.00,0.000,0.000,2
323081,-0.048,0.029,1.000,0.000,0.244,0.183,-62.036,267.620,161.876,0.9936,0.0121,-0.0262,-0.1089,0.17,0.09,0.016,3.3,96041.2,0.00,0.000,0.000,2
323281,-0.048,0.030,1.002,0.061,0.305,0.183,-62.036,267.620,161.876,0.9936,0.0120,-0.0262,-0.1090,0.14,0.05,0.040,3.3,96040.6,0.00,0.000,0.000,2
323481,-0.049,0.031,1.003,-0.061,0.244,0.122,-62.036,267.620,161.876,0.9936,0.0122,-0.0264,-0.1090,0.15,0.05,0.045,3.3,96041.3,0.00,0.000,0.000,2
323681,-0.047,0.030,0.997,-0.061,0.305,0.244,-62.036,267.620,161.876,0.9936,0.0122,-0.0259,-0.1090,0.13,0.04,-0.018,3.3,96042.7,0.00,0.000,0.000,2
323881,-0.046,0.031,1.000,-0.061,0.183,0.183,-62.036,267.620,161.876,0.9936,0.0122,-0.0260,-0.1090,0.10,0.00,0.015,3.3,96042.0,0.00,0.000,0.000,2
324081,-0.049,0.030,0.997,-0.122,0.244,0.183,-62.036,267.620,161.876,0.9936,0.0121,-0.0261,-0.1089,0.05,-0.03,-0.012,3.3,96041.9,0.00,0.000,0.000,2
324281,-0.047,0.030,1.002,0.000,0.244,0.305,-62.036,270.337,156.196,0.9936,0.0123,-0.0262,-0.1089,0.05,-0.02,0.035,3.3,96039.9,0.00,0.000,0.000,2
324481,-0.049,0.030,1.001,-0.122,0.183,0.183,-51.401,270.337,173.235,0.9938,0.0110,-0.0264,-0.1070,0.08,0.01,0.026,3.3,96041.9,0.00,0.000,0.000,2
324681,-0.047,0.031,1.001,-0.061,0.183,0.244,-51.401,270.337,173.235,0.9941,0.0100,-0.0265,-0.1046,0.07,0.00,0.030,3.2,96041.3,0.00,0.000,0.000,2
324881,-0.048,0.031,1.001,0.000,0.183,0.122,-51.401,270.337,173.235,0.9944,0.0096,-0.0266,-0.1021,0.08,0.02,0.030,3.2,96039.7,0.00,0.000,0.000,2
325081,-0.049,0.032,1.003,-0.061,0.122,0.183,-51.401,270.337,173.235,0.9946,0.0098,-0.0265,-0.0996,0.06,0.00,0.050,3.2,96039.3,0.00,0.000,0.000,2
325281,-0.048,0.028,1.002,-0.122,0.244,0.122,-51.401,270.337,173.235,0.9948,0.0099,-0.0264,-0.0973,0.01,-0.04,0.034,3.2,96043.2,0.00,0.000,0.000,2
325481,-0.046,0.029,1.002,-0.061,0.122,0.244,-51.401,270.337,173.235,0.9950,0.0106,-0.0262,-0.0953,0.01,-0.02,0.034,3.2,96045.5,0.00,0.000,0.000,2
325681,-0.049,0.031,1.000,-0.061,0.305,0.122,-51.401,270.337,173.235,0.9952,0.0110,-0.0261,-0.0934,0.03,0.00,0.021,3.2,96038.5,0.00,0.000,0.000,2
325881,-0.049,0.030,1.003,-0.061,0.183,0.244,-51.401,270.337,173.235,0.9954,0.0114,-0.0259,-0.0918,0.09,0.06,0.045,3.2,96036.3,0.00,0.000,0.000,2
326081,-0.051,0.031,1.004,-0.122,0.183,0.244,-51.401,270.337,173.235,0.9955,0.0118,-0.0261,-0.0906,0.10,0.06,0.056,3.3,96039.8,0.00,0.000,0.000,2
326281,-0.047,0.028,1.001,0.000,0.183,0.183,-51.401,270.337,173.235,0.9956,0.0121,-0.0256,-0.0897,0.04,0.01,0.024,3.2,96042.6,0.00,0.000,0.000,2
326481,-0.049,0.030,1.001,0.000,0.244,0.183,-51.401,270.337,173.235,0.9956,0.0122,-0.0258,-0.0890,-0.01,-0.03,0.030,3.3,96042.0,0.00,0.000,0.000,2
326681,-0.048,0.029,1.000,-0.061,0.244,0.244,-51.401,270.337,173.235,0.9957,0.0125,-0.0256,-0.0886,-0.05,-0.05,0.011,3.3,96041.9,0.00,0.000,0.000,2
326881,-0.049,0.034,0.999,-0.061,0.183,0.183,-51.401,270.337,173.235,0.9957,0.0126,-0.0259,-0.0883,-0.06,-0.04,0.008,3.3,96042.0,0.00,0.000,0.000,2
327081,-0.048,0.030,1.000,-0.183,0.183,0.183,-51.401,270.337,173.235,0.9957,0.0128,-0.0257,-0.0880,-0.05,-0.02,0.016,3.3,96042.7,0.00,0.000,0.000,2
327281,-0.049,0.030,1.003,-0.061,0.244,0.244,-51.401,270.337,173.235,0.9957,0.0128,-0.0258,-0.0879,-0.08,-0.04,0.049,3.3,96043.3,0.00,0.000,0.000,2
327481,-0.049,0.029,1.001,0.000,0.305,0.244,-51.401,270.337,173.235,0.9957,0.0126,-0.0258,-0.0878,-0.08,-0.03,0.025,3.3,96043.4,0.00,0.000,0.000,2
327681,-0.047,0.030,1.000,-0.061,0.305,0.183,-51.401,270.337,173.235,0.9957,0.0129,-0.0260,-0.0878,-0.08,-0.02,0.015,3.3,96044.8,0.00,0.000,0.000,2
327881,-0.050,0.030,1.000,-0.122,0.305,0.244,-51.401,270.337,173.235,0.9957,0.0128,-0.0259,-0.0877,-0.07,-0.01,0.012,3.3,96041.9,0.00,0.000,0.000,2
328081,-0.051,0.029,1.000,-0.061,0.244,0.244,-51.401,270.337,173.235,0.9957,0.0128,-0.0260,-0.0876,-0.04,0.03,0.022,3.3,96039.7,0.00,0.000,0.000,2
328281,-0.049,0.029,1.001,-0.061,0.244,0.122,-69.126,275.771,144.836,0.9957,0.0131,-0.0258,-0.0882,0.06,0.11,0.030,3.3,96041.3,0.00,0.000,0.000,2
328481,-0.050,0.031,1.000,-0.061,0.244,0.183,-69.126,275.771,144.836,0.9954,0.0142,-0.0260,-0.0911,0.08,0.11,0.012,3.4,96042.6,0.00,0.000,0.000,2
328681,-0.049,0.031,1.001,-0.122,0.244,0.244,-69.126,275.771,144.836,0.9951,0.0150,-0.0261,-0.0941,0.14,0.15,0.026,3.4,96039.9,0.00,0.000,0.000,2
328881,-0.050,0.033,1.000,-0.122,0.061,0.305,-69.126,275.771,144.836,0.9948,0.0155,-0.0262,-0.0972,0.16,0.15,0.023,3.5,96040.5,0.00,0.000,0.000,2
329081,-0.050,0.030,1.000,-0.122,0.183,0.244,-69.126,275.771,144.836,0.9945,0.0156,-0.0263,-0.1002,0.16,0.13,0.012,3.5,96042.0,0.00,0.000,0.000,2
329281,-0.049,0.029,1.001,0.000,0.122,0.244,-69.126,275.771,144.836,0.9942,0.0155,-0.0263,-0.1030,0.10,0.06,0.030,3.5,96043.4,0.00,0.000,0.000,2
329481,-0.048,0.031,1.001,-0.061,0.244,0.244,-69.126,275.771,144.836,0.9939,0.0152,-0.0263,-0.1057,0.04,-0.00,0.026,3.5,96044.0,0.00,0.000,0.000,2
329681,-0.048,0.032,1.002,-0.061,0.244,0.244,-69.126,275.771,144.836,0.9937,0.0148,-0.0263,-0.1082,-0.02,-0.04,0.035,3.5,96039.9,0.00,0.000,0.000,2
329881,-0.049,0.030,1.000,-0.061,0.244,0.183,-69.126,275.771,144.836,0.9934,0.0143,-0.0263,-0.1105,-0.04,-0.05,0.021,3.4,96044.9,0.00,0.000,0.000,2
330081,-0.048,0.031,1.000,-0.061,0.244,0.244,-69.126,275.771,144.836,0.9932,0.0137,-0.0264,-0.1124,-0.11,-0.10,0.011,3.4,96040.6,0.00,0.000,0.000,2
330281,-0.048,0.029,1.001,-0.061,0.122,0.244,-69.126,275.771,144.836,0.9931,0.0132,-0.0263,-0.1140,-0.10,-0.07,0.025,3.4,96041.3,0.00,0.000,0.000,2
330481,-0.049,0.029,0.999,-0.122,0.183,0.183,-69.126,275.771,144.836,0.9929,0.0128,-0.0262,-0.1152,-0.11,-0.06,0.006,3.3,96044.8,0.00,0.000,0.000,2
330681,-0.049,0.032,1.003,-0.244,0.244,0.244,-69.126,275.771,144.836,0.9928,0.0127,-0.0262,-0.1162,-0.04,0.01,0.046,3.3,96039.2,0.00,0.000,0.000,2
330881,-0.049,0.031,1.001,-0.122,0.305,0.244,-69.126,275.771,144.836,0.9927,0.0124,-0.0262,-0.1169,-0.06,0.01,0.026,3.3,96038.5,0.00,0.000,0.000,2
331081,-0.050,0.031,1.001,-0.061,0.244,0.244,-69.126,275.771,144.836,0.9927,0.0124,-0.0261,-0.1174,-0.00,0.06,0.031,3.3,96041.9,0.00,0.000,0.000,2
331281,-0.048,0.030,1.002,-0.061,0.244,0.183,-69.126,275.771,144.836,0.9926,0.0121,-0.0262,-0.1178,0.04,0.09,0.040,3.3,96038.4,0.00,0.000,0.000,2
331481,-0.047,0.032,1.002,0.000,0.244,0.183,-69.126,275.771,144.836,0.9926,0.0121,-0.0263,-0.1181,0.08,0.11,0.035,3.3,96039.9,0.00,0.000,0.000,2
331681,-0.049,0.032,1.000,-0.061,0.122,0.183,-69.126,275.771,144.836,0.9926,0.0121,-0.0262,-0.1184,0.10,0.12,0.012,3.3,96040.5,0.00,0.000,0.000,2
331881,-0.048,0.032,1.001,-0.122,0.366,0.305,-69.126,275.771,144.836,0.9925,0.0120,-0.0263,-0.1185,0.14,0.13,0.030,3.3,96042.7,0.00,0.000,0.000,2
332081,-0.050,0.033,1.000,-0.061,0.305,0.305,-69.126,275.771,144.836,0.9925,0.0119,-0.0264,-0.1187,0.19,0.16,0.017,3.3,96038.5,0.00,0.000,0.000,2
332281,-0.047,0.032,1.001,-0.061,0.244,0.183,-69.126,275.771,144.836,0.9925,0.0119,-0.0262,-0.1188,0.21,0.16,0.025,3.3,96039.2,0.00,0.000,0.000,2
332481,-0.049,0.030,1.002,-0.122,0.244,0.244,-69.126,273.054,156.196,0.9925,0.0118,-0.0263,-0.1189,0.24,0.16,0.040,3.3,96038.4,0.00,0.000,0.000,2
332681,-0.048,0.030,1.003,-0.061,0.305,0.183,-69.126,273.054,156.196,0.9925,0.0119,-0.0262,-0.1192,0.23,0.13,0.044,3.3,96041.2,0.00,0.000,0.000,2
332881,-0.050,0.032,1.002,-0.061,0.305,0.244,-69.126,273.054,156.196,0.9924,0.0119,-0.0264,-0.1193,0.25,0.13,0.041,3.3,96037.7,0.00,0.000,0.000,2
333081,-0.048,0.029,1.002,-0.061,0.305,0.305,-69.126,273.054,156.196,0.9924,0.0118,-0.0263,-0.1195,0.24,0.10,0.039,3.3,96035.6,0.00,0.000,0.000,2
333281,-0.051,0.029,1.001,-0.061,0.244,0.244,-69.126,273.054,156.196,0.9924,0.0119,-0.0263,-0.1195,0.25,0.10,0.031,3.3,96039.1,0.00,0.000,0.000,2
333481,-0.048,0.029,1.004,-0.122,0.305,0.122,-69.126,273.054,156.196,0.9924,0.0116,-0.0262,-0.1196,0.26,0.10,0.054,3.3,96039.1,0.00,0.000,0.000,2
333681,-0.048,0.029,1.002,-0.061,0.244,0.122,-69.126,273.054,156.196,0.9924,0.0117,-0.0263,-0.1197,0.21,0.04,0.039,3.3,96042.6,0.00,0.000,0.000,2
333881,-0.049,0.031,1.003,-0.061,0.305,0.244,-69.126,273.054,156.196,0.9924,0.0119,-0.0263,-0.1197,0.13,-0.03,0.045,3.3,96042.6,0.00,0.000,0.000,2
334081,-0.051,0.030,1.004,-0.122,0.244,0.305,-69.126,273.054,156.196,0.9924,0.0119,-0.0266,-0.1197,0.03,-0.11,0.060,3.3,96043.4,0.00,0.000,0.000,2
334281,-0.049,0.030,1.002,-0.061,0.183,0.244,-69.126,273.054,156.196,0.9924,0.0119,-0.0264,-0.1197,-0.02,-0.12,0.036,3.3,96042.0,0.00,0.000,0.000,2
334481,-0.049,0.033,1.001,-0.061,0.183,0.244,-65.581,264.903,161.876,0.9925,0.0115,-0.0264,-0.1189,-0.06,-0.13,0.031,3.3,96041.4,0.00,0.000,0.000,2
334681,-0.047,0.030,0.999,0.000,0.244,0.244,-65.581,264.903,161.876,0.9926,0.0116,-0.0264,-0.1183,-0.09,-0.13,0.006,3.3,96042.8,0.00,0.000,0.000,2
334881,-0.048,0.031,1.000,-0.061,0.366,0.183,-65.581,264.903,161.876,0.9926,0.0115,-0.0263,-0.1179,-0.04,-0.06,0.016,3.3,96040.6,0.00,0.000,0.000,2
335081,-0.049,0.030,0.999,-0.122,0.244,0.305,-65.581,264.903,161.876,0.9926,0.0116,-0.0263,-0.1176,0.01,-0.01,0.007,3.3,96039.9,0.00,0.000,0.000,2
335281,-0.048,0.031,0.999,-0.061,0.244,0.244,-65.581,264.903,161.876,0.9927,0.0118,-0.0263,-0.1174,0.02,0.00,0.002,3.3,96039.8,0.00,0.000,0.000,2
335481,-0.048,0.030,1.003,-0.122,0.305,0.183,-65.581,264.903,161.876,0.9927,0.0118,-0.0262,-0.1172,-0.01,-0.02,0.049,3.3,96039.9,0.00,0.000,0.000,2
335681,-0.050,0.032,1.002,-0.061,0.183,0.183,-65.581,264.903,161.876,0.9927,0.0119,-0.0264,-0.1170,0.02,0.01,0.036,3.3,96037.0,0.00,0.000,0.000,2
335881,-0.046,0.029,0.999,-0.061,0.183,0.244,-65.581,264.903,161.876,0.9927,0.0117,-0.0263,-0.1169,-0.04,-0.03,0.005,3.3,96041.2,0.00,0.000,0.000,2
336081,-0.048,0.033,1.000,-0.061,0.366,0.244,-65.581,264.903,161.876,0.9927,0.0119,-0.0262,-0.1169,-0.07,-0.05,0.021,3.3,96042.6,0.00,0.000,0.000,2
336281,-0.047,0.031,1.002,0.000,0.183,0.183,-65.581,264.903,161.876,0.9927,0.0120,-0.0260,-0.1168,-0.09,-0.06,0.035,3.3,96042.6,0.00,0.000,0.000,2
336481,-0.049,0.030,1.000,0.000,0.244,0.244,-56.719,268.978,176.075,0.9930,0.0106,-0.0263,-0.1148,-0.13,-0.08,0.021,3.3,96039.9,0.00,0.000,0.000,2
336681,-0.047,0.030,1.001,-0.061,0.244,0.183,-56.719,268.978,176.075,0.9933,0.0098,-0.0265,-0.1124,-0.11,-0.04,0.030,3.2,96042.0,0.00,0.000,0.000,2
336881,-0.049,0.031,1.002,-0.061,0.244,0.305,-56.719,268.978,176.075,0.9935,0.0096,-0.0266,-0.1100,-0.07,0.00,0.036,3.2,96041.3,0.00,0.000,0.000,2
337081,-0.051,0.031,1.002,-0.244,0.122,0.244,-56.719,268.978,176.075,0.9938,0.0097,-0.0267,-0.1079,-0.04,0.04,0.037,3.3,96040.6,0.00,0.000,0.000,2
337281,-0.050,0.029,1.001,-0.183,0.366,0.244,-56.719,268.978,176.075,0.9940,0.0101,-0.0266,-0.1059,0.02,0.09,0.026,3.3,96037.0,0.00,0.000,0.000,2
337481,-0.046,0.029,1.002,-0.061,0.244,0.244,-56.719,268.978,176.075,0.9942,0.0105,-0.0261,-0.1042,0.01,0.07,0.039,3.2,96042.0,0.00,0.000,0.000,2
337681,-0.049,0.030,1.002,-0.061,0.366,0.183,-56.719,268.978,176.075,0.9943,0.0109,-0.0260,-0.1026,0.05,0.10,0.035,3.2,96039.3,0.00,0.000,0.000,2
337881,-0.048,0.031,1.001,-0.061,0.244,0.183,-56.719,268.978,176.075,0.9944,0.0114,-0.0261,-0.1014,0.06,0.10,0.030,3.3,96040.6,0.00,0.000,0.000,2
338081,-0.048,0.032,1.001,-0.122,0.305,0.183,-56.719,268.978,176.075,0.9945,0.0118,-0.0259,-0.1005,0.07,0.09,0.030,3.3,96040.6,0.00,0.000,0.000,2
338281,-0.050,0.029,1.001,-0.061,0.305,0.305,-56.719,268.978,176.075,0.9946,0.0119,-0.0262,-0.0997,0.10,0.10,0.026,3.3,96039.2,0.00,0.000,0.000,2
338481,-0.048,0.029,1.001,-0.122,0.244,0.183,-58.491,264.903,156.196,0.9945,0.0123,-0.0258,-0.1004,0.06,0.06,0.025,3.3,96039.2,0.00,0.000,0.000,2
338681,-0.049,0.032,1.001,-0.061,0.305,0.183,-58.491,264.903,156.196,0.9944,0.0127,-0.0261,-0.1015,0.03,0.03,0.026,3.3,96043.4,0.00,0.000,0.000,2
338881,-0.049,0.031,1.002,0.000,0.183,0.183,-58.491,264.903,156.196,0.9944,0.0127,-0.0260,-0.1021,-0.00,0.00,0.035,3.3,96042.0,0.00,0.000,0.000,2
339081,-0.049,0.031,1.000,-0.122,0.244,0.122,-58.491,264.903,156.196,0.9943,0.0126,-0.0261,-0.1025,-0.02,-0.01,0.021,3.3,96039.9,0.00,0.000,0.000,2
339281,-0.050,0.031,1.002,-0.122,0.305,0.305,-58.491,264.903,156.196,0.9943,0.0124,-0.0261,-0.1029,-0.06,-0.04,0.041,3.3,96045.4,0.00,0.000,0.000,2
339481,-0.048,0.029,1.001,-0.061,0.305,0.244,-58.491,264.903,156.196,0.9943,0.0124,-0.0261,-0.1031,-0.06,-0.03,0.030,3.3,96043.4,0.00,0.000,0.000,2
339681,-0.050,0.030,1.000,-0.061,0.305,0.122,-58.491,264.903,156.196,0.9942,0.0123,-0.0262,-0.1032,0.01,0.03,0.017,3.3,96041.2,0.00,0.000,0.000,2
339881,-0.047,0.030,1.003,-0.122,0.305,0.244,-58.491,264.903,156.196,0.9942,0.0123,-0.0260,-0.1033,0.01,0.04,0.044,3.3,96043.4,0.00,0.000,0.000,2
340081,-0.051,0.031,0.999,-0.122,0.183,0.183,-58.491,264.903,156.196,0.9942,0.0123,-0.0260,-0.1034,0.06,0.07,0.003,3.3,96040.6,0.00,0.000,0.000,2
340281,-0.049,0.032,1.002,-0.122,0.244,0.183,-58.491,264.903,156.196,0.9942,0.0124,-0.0260,-0.1035,0.11,0.11,0.036,3.3,96037.8,0.00,0.000,0.000,2
340481,-0.048,0.031,1.000,0.000,0.183,0.244,-62.036,278.488,184.595,0.9942,0.0124,-0.0262,-0.1036,0.10,0.09,0.021,3.3,96037.7,0.00,0.000,0.000,2
340681,-0.048,0.030,0.999,0.000,0.244,0.122,-62.036,278.488,184.595,0.9942,0.0124,-0.0261,-0.1036,0.05,0.04,0.006,3.3,96039.2,0.00,0.000,0.000,2
340881,-0.049,0.030,1.002,-0.061,0.305,0.183,-62.036,278.488,184.595,0.9942,0.0124,-0.0261,-0.1037,0.07,0.06,0.035,3.3,96041.2,0.00,0.000,0.000,2
341081,-0.049,0.031,0.998,-0.061,0.183,0.183,-62.036,278.488,184.595,0.9942,0.0120,-0.0261,-0.1038,0.06,0.04,-0.003,3.3,96042.0,0.00,0.000,0.000,2
341281,-0.048,0.030,0.999,-0.122,0.244,0.244,-62.036,278.488,184.595,0.9942,0.0124,-0.0262,-0.1039,0.03,0.01,0.006,3.3,96041.3,0.00,0.000,0.000,2
341481,-0.049,0.030,0.999,0.000,0.122,0.183,-62.036,278.488,184.595,0.9942,0.0124,-0.0263,-0.1039,0.03,0.01,0.007,3.3,96039.2,0.00,0.000,0.000,2
341681,-0.049,0.029,1.001,-0.122,0.305,0.305,-62.036,278.488,184.595,0.9942,0.0123,-0.0262,-0.1039,0.03,0.02,0.030,3.3,96038.5,0.00,0.000,0.000,2
341881,-0.048,0.032,1.002,0.000,0.305,0.122,-62.036,278.488,184.595,0.9942,0.0124,-0.0262,-0.1039,0.06,0.04,0.035,3.3,96039.9,0.00,0.000,0.000,2
342081,-0.050,0.031,0.998,-0.061,0.244,0.244,-62.036,278.488,184.595,0.9942,0.0121,-0.0261,-0.1039,0.05,0.03,-0.007,3.3,96041.4,0.00,0.000,0.000,2
342281,-0.049,0.029,1.000,-0.122,0.366,0.244,-62.036,278.488,184.595,0.9942,0.0120,-0.0262,-0.1039,-0.02,-0.03,0.011,3.3,96042.0,0.00,0.000,0.000,2
342481,-0.050,0.030,1.003,-0.061,0.183,0.244,-70.898,263.544,181.755,0.9939,0.0132,-0.0265,-0.1063,-0.05,-0.04,0.045,3.4,96041.3,0.00,0.000,0.000,2
342681,-0.050,0.030,1.000,-0.122,0.244,0.244,-70.898,263.544,181.755,0.9936,0.0142,-0.0265,-0.1090,-0.05,-0.04,0.021,3.4,96042.0,0.00,0.000,0.000,2
342881,-0.048,0.032,1.000,-0.183,0.305,0.183,-70.898,263.544,181.755,0.9933,0.0146,-0.0264,-0.1116,-0.08,-0.05,0.021,3.5,96043.4,0.00,0.000,0.000,2
343081,-0.050,0.031,1.002,-0.183,0.305,0.244,-70.898,263.544,181.755,0.9930,0.0145,-0.0264,-0.1141,-0.09,-0.04,0.036,3.5,96039.2,0.00,0.000,0.000,2
343281,-0.049,0.031,1.003,0.000,0.305,0.183,-70.898,263.544,181.755,0.9928,0.0143,-0.0265,-0.1163,-0.09,-0.03,0.045,3.4,96039.9,0.00,0.000,0.000,2
343481,-0.048,0.032,0.998,-0.122,0.244,0.244,-70.898,263.544,181.755,0.9925,0.0140,-0.0264,-0.1183,-0.07,-0.00,-0.003,3.4,96042.0,0.00,0.000,0.000,2
343681,-0.049,0.029,0.998,-0.122,0.244,0.183,-70.898,263.544,181.755,0.9923,0.0134,-0.0264,-0.1200,-0.03,0.03,-0.003,3.4,96037.8,0.00,0.000,0.000,2
343881,-0.049,0.029,1.000,-0.061,0.183,0.183,-70.898,263.544,181.755,0.9922,0.0130,-0.0263,-0.1213,0.00,0.06,0.021,3.4,96040.7,0.00,0.000,0.000,2
344081,-0.049,0.031,1.002,0.000,0.244,0.183,-70.898,263.544,181.755,0.9920,0.0126,-0.0263,-0.1225,0.04,0.09,0.035,3.3,96036.4,0.00,0.000,0.000,2
344281,-0.049,0.032,1.000,-0.061,0.122,0.244,-56.719,268.978,153.356,0.9920,0.0123,-0.0262,-0.1231,0.05,0.08,0.021,3.3,96041.3,0.00,0.000,0.000,2
344481,-0.050,0.029,1.004,-0.122,0.244,0.183,-56.719,268.978,153.356,0.9923,0.0108,-0.0267,-0.1209,-0.00,0.03,0.060,3.3,96043.4,0.00,0.000,0.000,2
344681,-0.049,0.030,1.002,-0.122,0.122,0.183,-56.719,268.978,153.356,0.9925,0.0096,-0.0270,-0.1185,0.01,0.04,0.035,3.3,96039.9,0.00,0.000,0.000,2
344881,-0.048,0.030,0.999,-0.122,0.183,0.183,-56.719,268.978,153.356,0.9928,0.0088,-0.0270,-0.1160,0.00,0.03,0.001,3.3,96040.6,0.00,0.000,0.000,2
345081,-0.047,0.028,1.002,-0.122,0.366,0.122,-56.719,268.978,153.356,0.9931,0.0087,-0.0269,-0.1135,-0.02,0.01,0.039,3.2,96042.7,0.00,0.000,0.000,2
345281,-0.050,0.030,1.001,-0.183,0.183,0.244,-56.719,268.978,153.356,0.9934,0.0090,-0.0270,-0.1112,-0.05,-0.01,0.026,3.3,96042.1,0.00,0.000,0.000,2
345481,-0.050,0.031,0.998,0.000,0.244,0.183,-56.719,268.978,153.356,0.9936,0.0095,-0.0268,-0.1091,-0.02,0.02,-0.002,3.3,96042.1,0.00,0.000,0.000,2
345681,-0.048,0.032,0.999,-0.061,0.244,0.244,-56.719,268.978,153.356,0.9938,0.0101,-0.0266,-0.1071,-0.02,0.01,0.007,3.3,96042.7,0.00,0.000,0.000,2
345881,-0.049,0.031,0.995,-0.122,0.305,0.122,-56.719,268.978,153.356,0.9940,0.0106,-0.0266,-0.1052,-0.08,-0.04,-0.036,3.3,96044.2,0.00,0.000,0.000,2
346081,-0.047,0.029,1.000,0.061,0.061,0.305,-56.719,268.978,153.356,0.9942,0.0109,-0.0265,-0.1036,-0.07,-0.02,0.015,3.3,96044.3,0.00,0.000,0.000,2
346281,-0.049,0.029,1.002,0.000,0.183,0.183,-56.719,271.695,153.356,0.9944,0.0111,-0.0264,-0.1022,-0.05,0.01,0.035,3.3,96040.1,0.00,0.000,0.000,2
346481,-0.047,0.031,1.000,-0.122,0.244,0.183,-56.719,271.695,153.356,0.9945,0.0115,-0.0261,-0.1010,-0.04,0.02,0.020,3.3,96044.9,0.00,0.000,0.000,2
346681,-0.048,0.030,1.005,0.000,0.244,0.244,-56.719,271.695,153.356,0.9946,0.0116,-0.0260,-0.1000,-0.01,0.04,0.064,3.3,96044.2,0.00,0.000,0.000,2
346881,-0.048,0.032,1.000,-0.122,0.305,0.244,-56.719,271.695,153.356,0.9946,0.0121,-0.0261,-0.0993,-0.05,0.01,0.016,3.3,96042.9,0.00,0.000,0.000,2
347081,-0.049,0.031,1.005,-0.061,0.244,0.244,-56.719,271.695,153.356,0.9947,0.0122,-0.0259,-0.0988,-0.05,0.01,0.069,3.3,96042.2,0.00,0.000,0.000,2
347281,-0.049,0.030,1.000,-0.061,0.244,0.305,-56.719,271.695,153.356,0.9947,0.0121,-0.0261,-0.0985,-0.01,0.04,0.016,3.3,96041.5,0.00,0.000,0.000,2
347481,-0.049,0.031,1.003,-0.061,0.244,0.122,-56.719,271.695,153.356,0.9947,0.0123,-0.0263,-0.0983,-0.02,0.03,0.045,3.3,96043.5,0.00,0.000,0.000,2
347681,-0.049,0.030,1.003,-0.183,0.244,0.244,-56.719,271.695,153.356,0.9948,0.0122,-0.0261,-0.0981,-0.02,0.03,0.049,3.3,96042.1,0.00,0.000,0.000,2
347881,-0.048,0.031,1.002,-0.122,0.183,0.122,-56.719,271.695,153.356,0.9948,0.0124,-0.0262,-0.0981,-0.03,0.02,0.035,3.3,96042.1,0.00,0.000,0.000,2
348081,-0.049,0.030,1.002,-0.061,0.183,0.183,-56.719,271.695,153.356,0.9948,0.0124,-0.0260,-0.0980,-0.06,-0.00,0.035,3.3,96042.0,0.00,0.000,0.000,2
348281,-0.049,0.030,1.002,-0.061,0.244,0.244,-47.856,278.488,156.196,0.9948,0.0118,-0.0262,-0.0973,-0.08,-0.02,0.040,3.3,96043.5,0.00,0.000,0.000,2
348481,-0.047,0.029,1.001,-0.122,0.122,0.183,-47.856,278.488,156.196,0.9951,0.0107,-0.0263,-0.0949,-0.07,0.00,0.029,3.3,96042.0,0.00,0.000,0.000,2
348681,-0.048,0.031,1.000,-0.061,0.244,0.183,-47.856,278.488,156.196,0.9953,0.0103,-0.0264,-0.0924,-0.07,0.01,0.021,3.3,96041.4,0.00,0.000,0.000,2
348881,-0.050,0.030,1.001,-0.061,0.244,0.244,-47.856,278.488,156.196,0.9955,0.0103,-0.0265,-0.0900,-0.09,-0.01,0.031,3.3,96043.5,0.00,0.000,0.000,2
349081,-0.047,0.029,1.001,-0.061,0.244,0.183,-47.856,278.488,156.196,0.9957,0.0106,-0.0262,-0.0877,-0.06,0.02,0.029,3.2,96042.8,0.00,0.000,0.000,2
349281,-0.048,0.030,0.997,-0.122,0.305,0.122,-47.856,278.488,156.196,0.9959,0.0111,-0.0262,-0.0856,-0.05,0.03,-0.013,3.3,96042.8,0.00,0.000,0.000,2
349481,-0.050,0.030,1.002,-0.061,0.122,0.183,-47.856,278.488,156.196,0.9961,0.0116,-0.0262,-0.0837,0.01,0.09,0.041,3.3,96039.4,0.00,0.000,0.000,2
349681,-0.047,0.031,1.003,0.000,0.061,0.183,-47.856,278.488,156.196,0.9962,0.0121,-0.0259,-0.0823,0.07,0.12,0.049,3.3,96040.8,0.00,0.000,0.000,2
349881,-0.047,0.031,1.000,0.000,0.244,0.244,-47.856,278.488,156.196,0.9963,0.0126,-0.0257,-0.0812,0.04,0.08,0.011,3.3,96043.6,0.00,0.000,0.000,2
350081,-0.050,0.031,1.001,-0.122,0.183,0.244,-47.856,278.488,156.196,0.9963,0.0128,-0.0258,-0.0804,0.04,0.07,0.026,3.3,96039.4,0.00,0.000,0.000,2
350281,-0.051,0.030,1.000,-0.061,0.244,0.183,-65.581,273.054,161.876,0.9963,0.0131,-0.0254,-0.0806,0.04,0.06,0.022,3.3,96042.2,0.00,0.000,0.000,2
350481,-0.050,0.031,1.002,-0.061,0.305,0.244,-65.581,273.054,161.876,0.9961,0.0143,-0.0257,-0.0835,-0.02,0.01,0.041,3.4,96044.3,0.00,0.000,0.000,2
350681,-0.050,0.031,1.001,-0.122,0.244,0.244,-65.581,273.054,161.876,0.9958,0.0153,-0.0259,-0.0865,0.01,0.04,0.027,3.4,96040.1,0.00,0.000,0.000,2
350881,-0.049,0.031,1.000,0.000,0.244,0.305,-65.581,273.054,161.876,0.9955,0.0159,-0.0260,-0.0896,0.06,0.07,0.016,3.5,96040.6,0.00,0.000,0.000,2
351081,-0.049,0.031,1.000,-0.122,0.244,0.244,-65.581,273.054,161.876,0.9952,0.0162,-0.0262,-0.0928,0.08,0.08,0.021,3.5,96037.2,0.00,0.000,0.000,2
351281,-0.049,0.031,1.002,-0.061,0.183,0.183,-65.581,273.054,161.876,0.9949,0.0161,-0.0261,-0.0958,0.11,0.10,0.040,3.5,96040.8,0.00,0.000,0.000,2
351481,-0.046,0.030,0.997,-0.061,0.244,0.244,-65.581,273.054,161.876,0.9947,0.0158,-0.0260,-0.0986,0.14,0.11,-0.019,3.5,96040.1,0.00,0.000,0.000,2
351681,-0.050,0.031,1.000,-0.061,0.122,0.183,-65.581,273.054,161.876,0.9944,0.0152,-0.0259,-0.1012,0.11,0.08,0.012,3.4,96042.9,0.00,0.000,0.000,2
351881,-0.051,0.028,0.998,0.000,0.183,0.183,-65.581,273.054,161.876,0.9942,0.0145,-0.0261,-0.1037,0.09,0.05,-0.003,3.4,96042.9,0.00,0.000,0.000,2
352081,-0.050,0.030,0.997,-0.061,0.244,0.244,-65.581,273.054,161.876,0.9939,0.0139,-0.0261,-0.1058,0.09,0.04,-0.012,3.4,96040.7,0.00,0.000,0.000,2
352281,-0.047,0.030,1.002,-0.122,0.183,0.305,-65.581,273.054,161.876,0.9938,0.0135,-0.0260,-0.1077,0.12,0.07,0.034,3.4,96040.7,0.00,0.000,0.000,2
352481,-0.047,0.030,1.000,-0.122,0.244,0.244,-65.581,273.054,161.876,0.9936,0.0132,-0.0260,-0.1091,0.10,0.05,0.011,3.3,96040.8,0.00,0.000,0.000,2
352681,-0.049,0.032,1.000,-0.061,0.244,0.305,-65.581,273.054,161.876,0.9935,0.0128,-0.0262,-0.1103,0.08,0.02,0.017,3.3,96040.8,0.00,0.000,0.000,2
352881,-0.050,0.029,1.000,-0.061,0.183,0.183,-65.581,273.054,161.876,0.9934,0.0125,-0.0261,-0.1110,0.08,0.02,0.016,3.3,96037.2,0.00,0.000,0.000,2
353081,-0.050,0.029,1.002,-0.061,0.244,0.244,-65.581,273.054,161.876,0.9933,0.0122,-0.0261,-0.1116,0.08,0.03,0.035,3.3,96041.4,0.00,0.000,0.000,2
353281,-0.050,0.030,0.999,-0.061,0.305,0.183,-65.581,273.054,161.876,0.9933,0.0123,-0.0261,-0.1121,0.09,0.03,0.007,3.3,96040.0,0.00,0.000,0.000,2
353481,-0.048,0.028,1.000,-0.122,0.305,0.183,-65.581,273.054,161.876,0.9932,0.0121,-0.0262,-0.1124,0.06,0.01,0.010,3.3,96040.8,0.00,0.000,0.000,2
353681,-0.048,0.030,1.000,-0.122,0.183,0.244,-65.581,273.054,161.876,0.9932,0.0122,-0.0262,-0.1126,-0.01,-0.05,0.011,3.3,96045.7,0.00,0.000,0.000,2
353881,-0.048,0.030,1.001,-0.122,0.305,0.305,-65.581,273.054,161.876,0.9932,0.0120,-0.0261,-0.1128,-0.01,-0.03,0.025,3.3,96040.8,0.00,0.000,0.000,2
354081,-0.051,0.030,1.000,-0.122,0.305,0.244,-65.581,273.054,161.876,0.9932,0.0122,-0.0264,-0.1129,0.02,0.00,0.017,3.3,96037.9,0.00,0.000,0.000,2
354281,-0.050,0.031,1.002,-0.061,0.183,0.305,-65.581,273.054,161.876,0.9932,0.0120,-0.0262,-0.1130,0.01,0.00,0.036,3.3,96042.1,0.00,0.000,0.000,2
354481,-0.047,0.033,1.000,-0.122,0.366,0.244,-65.581,273.054,161.876,0.9932,0.0120,-0.0261,-0.1131,0.03,0.02,0.016,3.3,96039.9,0.00,0.000,0.000,2
354681,-0.047,0.032,1.001,-0.122,0.305,0.183,-65.581,273.054,161.876,0.9932,0.0121,-0.0262,-0.1131,0.02,0.02,0.025,3.3,96043.5,0.00,0.000,0.000,2
354881,-0.047,0.029,1.001,-0.061,0.244,0.183,-65.581,273.054,161.876,0.9932,0.0119,-0.0259,-0.1131,0.03,0.03,0.030,3.3,96041.5,0.00,0.000,0.000,2
355081,-0.049,0.030,1.000,0.000,0.122,0.183,-65.581,273.054,161.876,0.9932,0.0120,-0.0260,-0.1132,0.04,0.03,0.021,3.3,96042.0,0.00,0.000,0.000,2
355281,-0.049,0.032,1.002,-0.122,0.183,0.244,-65.581,273.054,161.876,0.9932,0.0121,-0.0262,-0.1132,0.06,0.05,0.036,3.3,96042.2,0.00,0.000,0.000,2
355481,-0.048,0.030,1.002,-0.122,0.244,0.244,-65.581,273.054,161.876,0.9932,0.0120,-0.0264,-0.1132,0.00,-0.01,0.035,3.3,96042.1,0.00,0.000,0.000,2
355681,-0.049,0.027,1.001,-0.122,0.244,0.305,-65.581,273.054,161.876,0.9932,0.0117,-0.0264,-0.1132,0.04,0.03,0.030,3.3,96040.1,0.00,0.000,0.000,2
355881,-0.050,0.032,1.002,-0.122,0.122,0.244,-65.581,273.054,161.876,0.9931,0.0119,-0.0263,-0.1133,0.02,0.01,0.041,3.3,96041.4,0.00,0.000,0.000,2
356081,-0.049,0.031,1.000,-0.061,0.122,0.183,-65.581,273.054,161.876,0.9931,0.0119,-0.0262,-0.1133,0.05,0.05,0.012,3.3,96040.8,0.00,0.000,0.000,2
356281,-0.050,0.031,1.002,-0.183,0.244,0.183,-65.581,267.620,161.876,0.9931,0.0123,-0.0261,-0.1136,0.10,0.09,0.041,3.3,96038.6,0.00,0.000,0.000,2
356481,-0.048,0.030,1.002,-0.061,0.244,0.122,-65.581,267.620,161.876,0.9930,0.0121,-0.0261,-0.1141,0.13,0.10,0.035,3.3,96039.3,0.00,0.000,0.000,2
356681,-0.049,0.030,1.000,0.000,0.244,0.244,-65.581,267.620,161.876,0.9930,0.0120,-0.0263,-0.1145,0.14,0.10,0.021,3.3,96041.4,0.00,0.000,0.000,2
356881,-0.049,0.031,1.002,-0.061,0.122,0.183,-65.581,267.620,161.876,0.9930,0.0121,-0.0260,-0.1148,0.08,0.03,0.035,3.3,96041.4,0.00,0.000,0.000,2
357081,-0.048,0.029,1.002,-0.061,0.305,0.305,-65.581,267.620,161.876,0.9930,0.0119,-0.0261,-0.1150,0.09,0.04,0.035,3.3,96042.2,0.00,0.000,0.000,2
357281,-0.048,0.030,1.000,-0.122,0.244,0.305,-65.581,267.620,161.876,0.9929,0.0119,-0.0262,-0.1152,0.07,0.02,0.016,3.3,96041.4,0.00,0.000,0.000,2
357481,-0.050,0.030,1.000,-0.061,0.305,0.183,-65.581,267.620,161.876,0.9929,0.0120,-0.0264,-0.1153,-0.00,-0.04,0.012,3.3,96042.2,0.00,0.000,0.000,2
357681,-0.047,0.031,1.004,-0.122,0.305,0.183,-65.581,267.620,161.876,0.9929,0.0119,-0.0261,-0.1154,-0.02,-0.05,0.054,3.3,96038.0,0.00,0.000,0.000,2
357881,-0.049,0.032,1.002,-0.183,0.183,0.183,-65.581,267.620,161.876,0.9929,0.0119,-0.0262,-0.1154,-0.00,-0.01,0.036,3.3,96040.7,0.00,0.000,0.000,2
358081,-0.048,0.029,0.999,-0.122,0.244,0.305,-65.581,267.620,161.876,0.9929,0.0116,-0.0260,-0.1155,0.01,0.00,0.001,3.3,96043.8,0.00,0.000,0.000,2
358281,-0.049,0.029,1.001,-0.061,0.305,0.183,-63.809,274.412,164.716,0.9930,0.0114,-0.0263,-0.1145,-0.01,-0.01,0.025,3.3,96040.1,0.00,0.000,0.000,2
358481,-0.048,0.031,1.000,-0.061,0.366,0.305,-63.809,274.412,164.716,0.9932,0.0113,-0.0262,-0.1131,0.01,0.01,0.016,3.3,96040.7,0.00,0.000,0.000,2
358681,-0.051,0.029,1.001,0.000,0.183,0.244,-63.809,274.412,164.716,0.9933,0.0112,-0.0263,-0.1121,0.04,0.04,0.031,3.3,96036.5,0.00,0.000,0.000,2
358881,-0.050,0.031,1.000,-0.122,0.366,0.244,-63.809,274.412,164.716,0.9934,0.0117,-0.0263,-0.1114,0.02,0.02,0.017,3.3,96042.2,0.00,0.000,0.000,2
359081,-0.050,0.031,1.002,-0.061,0.183,0.183,-63.809,274.412,164.716,0.9934,0.0119,-0.0261,-0.1108,0.02,0.02,0.041,3.3,96036.5,0.00,0.000,0.000,2
359281,-0.050,0.032,0.999,-0.061,0.305,0.244,-63.809,274.412,164.716,0.9935,0.0118,-0.0260,-0.1104,-0.02,-0.01,0.007,3.3,96040.1,0.00,0.000,0.000,2
359481,-0.049,0.030,1.002,0.000,0.244,0.122,-63.809,274.412,164.716,0.9935,0.0119,-0.0261,-0.1100,-0.05,-0.02,0.035,3.3,96039.9,0.00,0.000,0.000,2
359681,-0.049,0.030,1.001,-0.122,0.244,0.244,-63.809,274.412,164.716,0.9935,0.0119,-0.0258,-0.1098,-0.02,0.01,0.030,3.3,96042.9,0.00,0.000,0.000,2
359881,-0.048,0.031,1.000,-0.061,0.305,0.183,-63.809,274.412,164.716,0.9936,0.0121,-0.0258,-0.1097,-0.04,-0.01,0.016,3.3,96044.4,0.00,0.000,0.000,2
360081,-0.047,0.031,1.000,-0.061,0.305,0.244,-63.809,274.412,164.716,0.9936,0.0122,-0.0260,-0.1096,-0.02,0.02,0.016,3.3,96040.8,0.00,0.000,0.000,2
360281,-0.048,0.031,1.000,-0.122,0.305,0.305,-63.809,274.412,164.716,0.9936,0.0121,-0.0262,-0.1095,-0.04,-0.00,0.011,3.3,96043.0,0.00,0.000,0.000,2
360481,-0.045,0.032,1.000,-0.061,0.305,0.305,-63.809,274.412,164.716,0.9936,0.0121,-0.0259,-0.1095,-0.09,-0.04,0.020,3.3,96040.9,0.00,0.000,0.000,2
360681,-0.047,0.030,1.000,-0.122,0.244,0.183,-63.809,274.412,164.716,0.9936,0.0119,-0.0260,-0.1094,-0.10,-0.03,0.020,3.3,96047.1,0.00,0.000,0.000,2
360881,-0.047,0.030,1.001,-0.061,0.305,0.244,-63.809,274.412,164.716,0.9936,0.0120,-0.0259,-0.1094,-0.02,0.04,0.025,3.3,96038.0,0.00,0.000,0.000,2
361081,-0.048,0.031,1.000,0.000,0.183,0.305,-63.809,274.412,164.716,0.9936,0.0122,-0.0259,-0.1094,0.05,0.10,0.016,3.3,96040.1,0.00,0.000,0.000,2
361281,-0.049,0.033,1.000,-0.061,0.244,0.183,-63.809,274.412,164.716,0.9936,0.0122,-0.0262,-0.1094,0.09,0.12,0.017,3.3,96043.0,0.00,0.000,0.000,2
361481,-0.048,0.032,1.003,-0.183,0.305,0.244,-63.809,274.412,164.716,0.9936,0.0121,-0.0261,-0.1093,0.08,0.10,0.045,3.3,96041.6,0.00,0.000,0.000,2
361681,-0.051,0.032,1.001,0.000,0.244,0.183,-63.809,274.412,164.716,0.9936,0.0123,-0.0262,-0.1093,0.04,0.05,0.027,3.3,96042.4,0.00,0.000,0.000,2
361881,-0.051,0.030,1.003,-0.061,0.244,0.183,-63.809,274.412,164.716,0.9936,0.0120,-0.0262,-0.1093,0.02,0.03,0.051,3.3,96040.1,0.00,0.000,0.000,2
362081,-0.049,0.031,1.000,-0.061,0.244,0.183,-63.809,274.412,164.716,0.9936,0.0122,-0.0262,-0.1093,0.04,0.05,0.021,3.3,96039.5,0.00,0.000,0.000,2
362281,-0.047,0.032,0.999,-0.122,0.183,0.183,-63.809,274.412,164.716,0.9936,0.0122,-0.0260,-0.1093,0.05,0.05,0.006,3.3,96040.8,0.00,0.000,0.000,2
362481,-0.048,0.030,1.001,-0.122,0.183,0.244,-67.353,258.111,136.316,0.9933,0.0130,-0.0261,-0.1116,0.03,0.03,0.030,3.3,96041.5,0.00,0.000,0.000,2
362681,-0.050,0.029,1.001,-0.061,0.244,0.183,-67.353,258.111,136.316,0.9930,0.0134,-0.0261,-0.1140,0.02,0.02,0.026,3.4,96038.1,0.00,0.000,0.000,2
362881,-0.047,0.032,1.003,-0.061,0.305,0.183,-67.353,258.111,136.316,0.9928,0.0135,-0.0262,-0.1162,0.03,0.03,0.049,3.4,96040.1,0.00,0.000,0.000,2
363081,-0.048,0.030,1.003,-0.061,0.305,0.244,-67.353,258.111,136.316,0.9926,0.0132,-0.0261,-0.1180,-0.02,-0.02,0.044,3.4,96045.9,0.00,0.000,0.000,2
363281,-0.051,0.028,1.000,-0.061,0.244,0.244,-67.353,258.111,136.316,0.9924,0.0129,-0.0262,-0.1194,-0.02,-0.00,0.016,3.3,96040.9,0.00,0.000,0.000,2
363481,-0.048,0.031,1.005,-0.122,0.244,0.305,-67.353,258.111,136.316,0.9923,0.0127,-0.0261,-0.1205,-0.02,0.00,0.064,3.3,96038.7,0.00,0.000,0.000,2
363681,-0.048,0.032,1.003,0.000,0.183,0.244,-67.353,258.111,136.316,0.9922,0.0124,-0.0262,-0.1214,0.05,0.07,0.050,3.3,96035.2,0.00,0.000,0.000,2
363881,-0.048,0.030,1.003,-0.061,0.183,0.183,-67.353,258.111,136.316,0.9921,0.0121,-0.0263,-0.1221,0.15,0.14,0.044,3.3,96035.9,0.00,0.000,0.000,2
364081,-0.047,0.030,1.002,-0.061,0.244,0.244,-67.353,258.111,136.316,0.9920,0.0121,-0.0260,-0.1225,0.16,0.14,0.034,3.3,96036.5,0.00,0.000,0.000,2
364281,-0.051,0.031,0.998,-0.122,0.122,0.244,-67.353,258.111,136.316,0.9920,0.0120,-0.0263,-0.1229,0.16,0.12,-0.002,3.3,96038.0,0.00,0.000,0.000,2
364481,-0.048,0.028,1.001,-0.122,0.366,0.244,-67.353,258.111,136.316,0.9920,0.0119,-0.0264,-0.1231,0.16,0.10,0.025,3.3,96037.3,0.00,0.000,0.000,2
364681,-0.049,0.030,0.998,-0.061,0.244,0.244,-67.353,258.111,136.316,0.9919,0.0117,-0.0264,-0.1233,0.14,0.08,-0.007,3.3,96038.8,0.00,0.000,0.000,2
364881,-0.048,0.030,0.998,0.000,0.122,0.244,-67.353,258.111,136.316,0.9919,0.0118,-0.0264,-0.1235,0.06,-0.01,-0.003,3.3,96042.2,0.00,0.000,0.000,2
365081,-0.049,0.034,0.997,-0.061,0.305,0.183,-67.353,258.111,136.316,0.9919,0.0120,-0.0264,-0.1236,0.06,0.00,-0.011,3.3,96040.8,0.00,0.000,0.000,2
365281,-0.050,0.030,1.000,-0.122,0.244,0.183,-67.353,258.111,136.316,0.9919,0.0121,-0.0266,-0.1236,0.04,-0.02,0.021,3.3,96038.0,0.00,0.000,0.000,2
365481,-0.050,0.029,1.000,-0.061,0.183,0.183,-67.353,258.111,136.316,0.9919,0.0117,-0.0267,-0.1237,-0.05,-0.09,0.011,3.3,96043.1,0.00,0.000,0.000,2
365681,-0.048,0.029,1.002,0.000,0.183,0.183,-67.353,258.111,136.316,0.9919,0.0116,-0.0266,-0.1237,-0.11,-0.12,0.035,3.3,96042.4,0.00,0.000,0.000,2
365881,-0.047,0.030,1.001,-0.061,0.183,0.183,-67.353,258.111,136.316,0.9919,0.0117,-0.0264,-0.1238,-0.08,-0.07,0.025,3.3,96040.3,0.00,0.000,0.000,2
366081,-0.048,0.029,1.003,-0.061,0.244,0.122,-67.353,258.111,136.316,0.9919,0.0115,-0.0265,-0.1238,-0.02,-0.00,0.044,3.3,96039.5,0.00,0.000,0.000,2
366281,-0.049,0.031,1.001,-0.122,0.305,0.244,-67.353,258.111,136.316,0.9919,0.0116,-0.0263,-0.1239,0.00,0.02,0.026,3.3,96043.2,0.00,0.000,0.000,2
366481,-0.050,0.031,1.003,-0.122,0.183,0.244,-65.581,256.752,167.556,0.9920,0.0113,-0.0263,-0.1230,0.02,0.04,0.050,3.3,96040.3,0.00,0.000,0.000,2
366681,-0.048,0.029,1.003,0.000,0.183,0.183,-65.581,256.752,167.556,0.9921,0.0111,-0.0262,-0.1223,0.05,0.06,0.044,3.3,96039.6,0.00,0.000,0.000,2
366881,-0.047,0.030,1.005,-0.061,0.244,0.183,-65.581,256.752,167.556,0.9921,0.0112,-0.0262,-0.1218,0.03,0.04,0.063,3.3,96039.5,0.00,0.000,0.000,2
367081,-0.047,0.028,1.001,-0.061,0.244,0.305,-65.581,256.752,167.556,0.9922,0.0114,-0.0262,-0.1215,-0.00,0.01,0.029,3.3,96039.7,0.00,0.000,0.000,2
367281,-0.047,0.030,1.002,-0.061,0.183,0.305,-65.581,256.752,167.556,0.9922,0.0114,-0.0263,-0.1211,-0.04,-0.02,0.035,3.3,96042.5,0.00,0.000,0.000,2
367481,-0.049,0.031,1.001,-0.122,0.244,0.183,-65.581,256.752,167.556,0.9922,0.0116,-0.0263,-0.1209,-0.08,-0.04,0.026,3.3,96039.6,0.00,0.000,0.000,2
367681,-0.050,0.031,1.000,-0.061,0.183,0.183,-65.581,256.752,167.556,0.9923,0.0116,-0.0263,-0.1208,-0.01,0.03,0.017,3.3,96038.9,0.00,0.000,0.000,2
367881,-0.047,0.033,1.007,-0.061,0.122,0.061,-65.581,256.752,167.556,0.9923,0.0118,-0.0263,-0.1207,0.00,0.04,0.083,3.3,96038.3,0.00,0.000,0.000,2
368081,-0.049,0.030,1.000,-0.061,0.183,0.122,-65.581,256.752,167.556,0.9923,0.0117,-0.0265,-0.1205,0.01,0.05,0.016,3.3,96039.6,0.00,0.000,0.000,2
368281,-0.050,0.030,1.000,-0.061,0.244,0.305,-65.581,256.752,167.556,0.9923,0.0117,-0.0264,-0.1205,0.00,0.03,0.022,3.3,96041.7,0.00,0.000,0.000,2
368481,-0.050,0.030,1.003,-0.122,0.244,0.305,-65.581,256.752,167.556,0.9923,0.0115,-0.0264,-0.1204,0.02,0.04,0.050,3.3,96041.0,0.00,0.000,0.000,2
368681,-0.048,0.029,1.000,-0.061,0.305,0.244,-65.581,256.752,167.556,0.9923,0.0116,-0.0263,-0.1204,-0.05,-0.01,0.016,3.3,96039.5,0.00,0.000,0.000,2
368881,-0.048,0.030,1.000,-0.061,0.244,0.366,-65.581,256.752,167.556,0.9923,0.0117,-0.0262,-0.1205,-0.07,-0.02,0.020,3.3,96040.3,0.00,0.000,0.000,2
369081,-0.049,0.029,1.004,-0.061,0.244,0.122,-65.581,256.752,167.556,0.9923,0.0116,-0.0262,-0.1204,-0.10,-0.04,0.054,3.3,96041.7,0.00,0.000,0.000,2
369281,-0.050,0.031,1.003,-0.061,0.305,0.183,-65.581,256.752,167.556,0.9923,0.0117,-0.0264,-0.1203,-0.08,-0.01,0.050,3.3,96041.7,0.00,0.000,0.000,2
369481,-0.048,0.029,0.999,-0.061,0.244,0.244,-65.581,256.752,167.556,0.9923,0.0117,-0.0265,-0.1203,-0.11,-0.03,0.006,3.3,96039.7,0.00,0.000,0.000,2
369681,-0.047,0.032,1.002,-0.061,0.244,0.183,-65.581,256.752,167.556,0.9923,0.0118,-0.0264,-0.1203,-0.09,0.00,0.040,3.3,96040.4,0.00,0.000,0.000,2
369881,-0.048,0.031,1.000,0.000,0.305,0.183,-65.581,256.752,167.556,0.9923,0.0119,-0.0264,-0.1202,-0.05,0.04,0.021,3.3,96041.1,0.00,0.000,0.000,2
370081,-0.050,0.030,1.004,-0.061,0.183,0.183,-65.581,256.752,167.556,0.9923,0.0120,-0.0264,-0.1202,-0.00,0.08,0.060,3.3,96039.7,0.00,0.000,0.000,2
370281,-0.050,0.032,1.003,-0.183,0.305,0.244,-65.581,256.752,167.556,0.9923,0.0118,-0.0264,-0.1202,0.04,0.11,0.046,3.3,96041.1,0.00,0.000,0.000,2
370481,-0.047,0.030,0.999,-0.122,0.244,0.244,-63.809,279.846,141.996,0.9926,0.0108,-0.0263,-0.1182,0.04,0.09,0.001,3.3,96039.6,0.00,0.000,0.000,2
370681,-0.050,0.031,1.001,-0.061,0.183,0.244,-63.809,279.846,141.996,0.9928,0.0106,-0.0265,-0.1161,0.06,0.10,0.026,3.3,96039.6,0.00,0.000,0.000,2
370881,-0.050,0.032,1.003,0.000,0.305,0.305,-63.809,279.846,141.996,0.9930,0.0106,-0.0267,-0.1143,0.03,0.06,0.051,3.3,96038.2,0.00,0.000,0.000,2
371081,-0.047,0.030,1.002,-0.061,0.244,0.183,-63.809,279.846,141.996,0.9932,0.0106,-0.0264,-0.1127,-0.05,-0.01,0.034,3.3,96045.3,0.00,0.000,0.000,2
371281,-0.047,0.031,1.003,-0.061,0.305,0.183,-63.809,279.846,141.996,0.9934,0.0110,-0.0262,-0.1114,-0.07,-0.02,0.044,3.3,96043.2,0.00,0.000,0.000,2
371481,-0.047,0.030,1.001,-0.122,0.305,0.244,-63.809,279.846,141.996,0.9935,0.0115,-0.0262,-0.1105,-0.09,-0.04,0.025,3.3,96044.0,0.00,0.000,0.000,2
371681,-0.047,0.029,0.999,-0.061,0.244,0.183,-63.809,279.846,141.996,0.9936,0.0114,-0.0260,-0.1098,-0.06,-0.00,0.001,3.3,96043.8,0.00,0.000,0.000,2
371881,-0.048,0.029,1.002,-0.122,0.183,0.183,-63.809,279.846,141.996,0.9936,0.0115,-0.0259,-0.1092,-0.01,0.05,0.035,3.3,96041.1,0.00,0.000,0.000,2
372081,-0.047,0.029,1.001,-0.061,0.305,0.183,-63.809,279.846,141.996,0.9936,0.0118,-0.0260,-0.1089,0.03,0.07,0.029,3.3,96046.0,0.00,0.000,0.000,2
372281,-0.049,0.030,1.002,-0.122,0.244,0.183,-63.809,279.846,141.996,0.9937,0.0121,-0.0260,-0.1086,0.01,0.05,0.040,3.3,96038.2,0.00,0.000,0.000,2
372481,-0.050,0.032,0.999,-0.122,0.305,0.305,-65.581,262.186,161.876,0.9935,0.0125,-0.0261,-0.1097,0.04,0.08,0.008,3.3,96041.8,0.00,0.000,0.000,2
372681,-0.047,0.029,1.002,-0.061,0.183,0.244,-65.581,262.186,161.876,0.9933,0.0130,-0.0260,-0.1117,0.06,0.08,0.034,3.3,96038.3,0.00,0.000,0.000,2
372881,-0.050,0.032,1.002,-0.061,0.244,0.244,-65.581,262.186,161.876,0.9931,0.0129,-0.0261,-0.1133,0.03,0.05,0.036,3.3,96039.6,0.00,0.000,0.000,2
373081,-0.047,0.030,1.000,-0.061,0.183,0.183,-65.581,262.186,161.876,0.9930,0.0126,-0.0261,-0.1145,0.07,0.08,0.020,3.3,96041.1,0.00,0.000,0.000,2
373281,-0.049,0.029,0.998,-0.061,0.244,0.244,-65.581,262.186,161.876,0.9929,0.0125,-0.0262,-0.1154,0.09,0.08,-0.003,3.3,96042.5,0.00,0.000,0.000,2
373481,-0.048,0.031,1.002,0.000,0.244,0.244,-65.581,262.186,161.876,0.9928,0.0126,-0.0261,-0.1160,0.09,0.08,0.035,3.3,96040.5,0.00,0.000,0.000,2
373681,-0.048,0.028,1.000,-0.061,0.305,0.244,-65.581,262.186,161.876,0.9928,0.0122,-0.0260,-0.1164,0.11,0.09,0.015,3.3,96038.3,0.00,0.000,0.000,2
373881,-0.050,0.030,1.005,0.000,0.244,0.305,-65.581,262.186,161.876,0.9927,0.0121,-0.0262,-0.1168,0.21,0.16,0.069,3.3,96034.8,0.00,0.000,0.000,2
374081,-0.049,0.030,1.000,-0.122,0.244,0.122,-65.581,262.186,161.876,0.9927,0.0121,-0.0262,-0.1171,0.20,0.13,0.021,3.3,96038.3,0.00,0.000,0.000,2
374281,-0.048,0.031,1.002,-0.122,0.183,0.305,-65.581,262.186,161.876,0.9927,0.0121,-0.0261,-0.1173,0.15,0.07,0.035,3.3,96042.5,0.00,0.000,0.000,2
374481,-0.049,0.030,1.000,-0.122,0.244,0.244,-58.491,273.054,161.876,0.9929,0.0107,-0.0264,-0.1153,0.07,-0.01,0.011,3.3,96045.3,0.00,0.000,0.000,2
374681,-0.050,0.030,1.001,-0.061,0.366,0.183,-58.491,273.054,161.876,0.9932,0.0101,-0.0265,-0.1130,0.02,-0.04,0.026,3.3,96040.4,0.00,0.000,0.000,2
374881,-0.048,0.031,1.001,-0.061,0.183,0.122,-58.491,273.054,161.876,0.9935,0.0099,-0.0266,-0.1107,0.01,-0.04,0.025,3.2,96039.7,0.00,0.000,0.000,2
375081,-0.048,0.031,1.000,0.000,0.183,0.244,-58.491,273.054,161.876,0.9937,0.0102,-0.0264,-0.1086,-0.02,-0.06,0.011,3.2,96043.9,0.00,0.000,0.000,2
375281,-0.049,0.031,1.000,-0.061,0.122,0.244,-58.491,273.054,161.876,0.9939,0.0106,-0.0262,-0.1067,-0.04,-0.06,0.016,3.2,96042.5,0.00,0.000,0.000,2
375481,-0.047,0.029,1.004,-0.122,0.244,0.244,-58.491,273.054,161.876,0.9941,0.0109,-0.0260,-0.1051,-0.05,-0.05,0.053,3.2,96043.2,0.00,0.000,0.000,2
375681,-0.047,0.030,1.000,-0.122,0.305,0.244,-58.491,273.054,161.876,0.9942,0.0114,-0.0259,-0.1039,-0.06,-0.05,0.015,3.2,96042.6,0.00,0.000,0.000,2
375881,-0.049,0.030,1.002,0.000,0.183,0.183,-58.491,273.054,161.876,0.9943,0.0117,-0.0261,-0.1028,-0.12,-0.09,0.040,3.3,96047.4,0.00,0.000,0.000,2
376081,-0.052,0.031,1.003,-0.122,0.244,0.183,-58.491,273.054,161.876,0.9944,0.0118,-0.0264,-0.1019,-0.09,-0.05,0.051,3.3,96039.6,0.00,0.000,0.000,2
376281,-0.048,0.029,1.001,0.000,0.305,0.244,-58.491,273.054,161.876,0.9944,0.0119,-0.0260,-0.1014,-0.11,-0.05,0.030,3.3,96043.1,0.00,0.000,0.000,2
376481,-0.048,0.029,1.002,-0.061,0.183,0.183,-58.491,267.620,150.516,0.9944,0.0121,-0.0259,-0.1017,-0.14,-0.06,0.035,3.3,96043.2,0.00,0.000,0.000,2
376681,-0.047,0.031,0.999,-0.061,0.122,0.244,-58.491,267.620,150.516,0.9944,0.0125,-0.0258,-0.1020,-0.10,-0.01,0.006,3.3,96044.0,0.00,0.000,0.000,2
376881,-0.048,0.032,1.002,-0.122,0.305,0.305,-58.491,267.620,150.516,0.9943,0.0124,-0.0258,-0.1023,0.04,0.11,0.035,3.3,96032.7,0.00,0.000,0.000,2
377081,-0.051,0.031,0.998,-0.122,0.305,0.244,-58.491,267.620,150.516,0.9943,0.0124,-0.0261,-0.1025,0.15,0.20,-0.002,3.3,96034.1,0.00,0.000,0.000,2
377281,-0.046,0.030,1.001,-0.061,0.305,0.183,-58.491,267.620,150.516,0.9943,0.0123,-0.0259,-0.1025,0.24,0.25,0.029,3.3,96036.1,0.00,0.000,0.000,2
377481,-0.048,0.032,1.004,0.000,0.244,0.183,-58.491,267.620,150.516,0.9943,0.0121,-0.0261,-0.1026,0.25,0.21,0.055,3.3,96041.1,0.00,0.000,0.000,2
377681,-0.049,0.029,1.000,-0.061,0.122,0.183,-58.491,267.620,150.516,0.9943,0.0121,-0.0260,-0.1027,0.21,0.15,0.011,3.3,96040.5,0.00,0.000,0.000,2
377881,-0.048,0.029,1.002,-0.122,0.305,0.183,-58.491,267.620,150.516,0.9943,0.0122,-0.0259,-0.1027,0.17,0.09,0.034,3.3,96036.8,0.00,0.000,0.000,2
378081,-0.049,0.031,0.998,-0.122,0.183,0.244,-58.491,267.620,150.516,0.9943,0.0122,-0.0261,-0.1027,0.13,0.04,-0.008,3.3,96036.1,0.00,0.000,0.000,2
378281,-0.049,0.029,1.000,-0.061,0.183,0.244,-58.491,267.620,150.516,0.9943,0.0123,-0.0262,-0.1027,0.13,0.05,0.011,3.3,96032.6,0.00,0.000,0.000,2
378589,-0.048,0.031,1.000,-0.061,0.427,0.244,-58.491,267.620,150.516,0.9943,0.0120,-0.0257,-0.1028,0.11,0.03,0.011,3.2,96037.6,0.00,0.000,0.000,2
378681,-0.049,0.030,1.001,-0.122,0.244,0.244,-54.946,256.752,150.516,0.9943,0.0121,-0.0259,-0.1030,0.14,0.05,0.026,3.3,96038.9,0.00,0.000,0.000,2
378881,-0.049,0.032,1.000,0.000,0.122,0.244,-54.946,256.752,150.516,0.9944,0.0121,-0.0259,-0.1021,0.11,0.02,0.017,3.3,96040.4,0.00,0.000,0.000,2
379081,-0.049,0.031,1.000,-0.122,0.305,0.122,-54.946,256.752,150.516,0.9944,0.0123,-0.0262,-0.1015,0.07,-0.01,0.012,3.3,96043.9,0.00,0.000,0.000,2
379281,-0.050,0.029,1.002,-0.061,0.244,0.244,-54.946,256.752,150.516,0.9945,0.0120,-0.0260,-0.1011,0.03,-0.04,0.040,3.3,96039.0,0.00,0.000,0.000,2
379481,-0.049,0.030,1.002,-0.061,0.305,0.244,-54.946,256.752,150.516,0.9945,0.0121,-0.0259,-0.1008,-0.02,-0.08,0.035,3.3,96039.8,0.00,0.000,0.000,2
379681,-0.046,0.033,1.002,-0.061,0.183,0.183,-54.946,256.752,150.516,0.9945,0.0124,-0.0259,-0.1006,-0.05,-0.08,0.040,3.3,96039.8,0.00,0.000,0.000,2
379881,-0.046,0.032,1.001,-0.122,0.244,0.183,-54.946,256.752,150.516,0.9945,0.0126,-0.0259,-0.1005,-0.05,-0.06,0.025,3.3,96039.1,0.00,0.000,0.000,2
380081,-0.049,0.030,1.002,-0.061,0.244,0.244,-54.946,256.752,150.516,0.9945,0.0123,-0.0258,-0.1003,-0.08,-0.07,0.035,3.3,96039.0,0.00,0.000,0.000,2
380281,-0.050,0.031,1.000,0.000,0.183,0.244,-54.946,256.752,150.516,0.9945,0.0124,-0.0258,-0.1003,-0.12,-0.08,0.012,3.3,96041.8,0.00,0.000,0.000,2
380481,-0.047,0.032,1.000,-0.061,0.366,0.244,-72.671,264.903,178.915,0.9943,0.0136,-0.0260,-0.1027,-0.13,-0.07,0.020,3.4,96040.3,0.00,0.000,0.000,2
380681,-0.048,0.033,1.002,0.000,0.244,0.122,-72.671,264.903,178.915,0.9940,0.0147,-0.0260,-0.1055,-0.17,-0.09,0.036,3.4,96046.0,0.00,0.000,0.000,2
380881,-0.048,0.031,0.997,-0.061,0.122,0.122,-72.671,264.903,178.915,0.9936,0.0152,-0.0261,-0.1084,-0.20,-0.10,-0.013,3.5,96040.3,0.00,0.000,0.000,2
381081,-0.049,0.030,1.001,-0.061,0.244,0.305,-72.671,264.903,178.915,0.9933,0.0155,-0.0260,-0.1113,-0.17,-0.05,0.030,3.5,96039.8,0.00,0.000,0.000,2
381281,-0.048,0.031,1.001,-0.061,0.305,0.244,-72.671,264.903,178.915,0.9930,0.0154,-0.0261,-0.1139,-0.15,-0.02,0.030,3.5,96039.6,0.00,0.000,0.000,2
381481,-0.049,0.031,1.001,0.000,0.183,0.305,-72.671,264.903,178.915,0.9927,0.0149,-0.0262,-0.1164,-0.16,-0.02,0.026,3.5,96043.2,0.00,0.000,0.000,2
381681,-0.046,0.030,1.000,-0.061,0.244,0.183,-72.671,264.903,178.915,0.9925,0.0146,-0.0262,-0.1186,-0.05,0.08,0.015,3.4,96041.0,0.00,0.000,0.000,2
381881,-0.047,0.032,1.002,-0.061,0.183,0.183,-72.671,264.903,178.915,0.9923,0.0140,-0.0262,-0.1205,-0.05,0.07,0.035,3.4,96042.5,0.00,0.000,0.000,2
382081,-0.047,0.033,1.004,-0.183,0.122,0.305,-72.671,264.903,178.915,0.9921,0.0135,-0.0261,-0.1222,-0.05,0.07,0.055,3.4,96043.9,0.00,0.000,0.000,2
382281,-0.047,0.030,1.001,-0.061,0.244,0.244,-72.671,264.903,178.915,0.9919,0.0130,-0.0262,-0.1237,-0.05,0.06,0.025,3.4,96039.7,0.00,0.000,0.000,2
382481,-0.048,0.031,1.000,-0.061,0.244,0.183,-72.671,264.903,178.915,0.9917,0.0127,-0.0261,-0.1249,-0.09,0.02,0.011,3.3,96043.2,0.00,0.000,0.000,2
382681,-0.046,0.031,1.001,-0.122,0.183,0.183,-72.671,264.903,178.915,0.9916,0.0124,-0.0261,-0.1259,-0.10,0.01,0.025,3.3,96042.6,0.00,0.000,0.000,2
382881,-0.050,0.029,1.003,-0.244,0.061,0.305,-72.671,264.903,178.915,0.9915,0.0120,-0.0262,-0.1267,-0.15,-0.03,0.050,3.3,96043.2,0.00,0.000,0.000,2
383081,-0.048,0.032,1.003,-0.122,0.183,0.183,-72.671,264.903,178.915,0.9914,0.0119,-0.0264,-0.1273,-0.15,-0.01,0.050,3.3,96040.5,0.00,0.000,0.000,2
383281,-0.045,0.031,1.001,-0.061,0.305,0.244,-72.671,264.903,178.915,0.9914,0.0121,-0.0263,-0.1277,-0.16,-0.02,0.024,3.3,96043.2,0.00,0.000,0.000,2
383481,-0.048,0.029,0.998,-0.183,0.244,0.244,-72.671,264.903,178.915,0.9913,0.0117,-0.0263,-0.1281,-0.09,0.05,-0.004,3.3,96041.8,0.00,0.000,0.000,2
383681,-0.049,0.030,1.002,-0.183,0.183,0.244,-72.671,264.903,178.915,0.9913,0.0117,-0.0264,-0.1284,-0.05,0.08,0.035,3.3,96042.5,0.00,0.000,0.000,2
383881,-0.047,0.031,1.002,-0.061,0.305,0.244,-72.671,264.903,178.915,0.9913,0.0115,-0.0265,-0.1286,-0.03,0.09,0.034,3.3,96037.5,0.00,0.000,0.000,2
384081,-0.049,0.029,1.000,-0.061,0.183,0.244,-72.671,264.903,178.915,0.9912,0.0114,-0.0265,-0.1288,-0.01,0.10,0.021,3.3,96046.8,0.00,0.000,0.000,2
384281,-0.047,0.030,1.003,-0.061,0.244,0.244,-72.671,264.903,178.915,0.9912,0.0115,-0.0264,-0.1289,0.00,0.10,0.044,3.3,96045.4,0.00,0.000,0.000,2
384481,-0.049,0.030,1.002,-0.122,0.244,0.122,-72.671,264.903,178.915,0.9912,0.0114,-0.0263,-0.1290,0.01,0.09,0.035,3.3,96041.8,0.00,0.000,0.000,2
384681,-0.047,0.032,1.002,-0.061,0.305,0.305,-72.671,264.903,178.915,0.9912,0.0117,-0.0264,-0.1292,0.01,0.08,0.035,3.3,96042.6,0.00,0.000,0.000,2
384881,-0.051,0.030,1.004,0.061,0.244,0.183,-72.671,264.903,178.915,0.9912,0.0115,-0.0266,-0.1292,-0.05,0.02,0.060,3.3,96045.5,0.00,0.000,0.000,2
385081,-0.048,0.028,1.001,-0.061,0.305,0.183,-72.671,264.903,178.915,0.9912,0.0116,-0.0264,-0.1292,-0.04,0.03,0.025,3.3,96046.1,0.00,0.000,0.000,2
385281,-0.047,0.032,1.002,-0.122,0.183,0.244,-72.671,264.903,178.915,0.9912,0.0117,-0.0262,-0.1292,-0.02,0.04,0.035,3.3,96041.8,0.00,0.000,0.000,2
385481,-0.048,0.030,1.000,-0.122,0.183,0.305,-72.671,264.903,178.915,0.9912,0.0115,-0.0263,-0.1293,0.02,0.07,0.016,3.3,96039.7,0.00,0.000,0.000,2
385681,-0.048,0.029,1.002,-0.122,0.244,0.244,-72.671,264.903,178.915,0.9912,0.0114,-0.0262,-0.1293,0.02,0.07,0.035,3.3,96041.2,0.00,0.000,0.000,2
385881,-0.050,0.031,1.003,-0.183,0.244,0.244,-72.671,264.903,178.915,0.9912,0.0114,-0.0263,-0.1293,0.02,0.06,0.051,3.3,96039.0,0.00,0.000,0.000,2
386081,-0.049,0.032,1.002,-0.122,0.183,0.305,-72.671,264.903,178.915,0.9912,0.0114,-0.0262,-0.1294,0.02,0.05,0.036,3.3,96039.8,0.00,0.000,0.000,2
386281,-0.048,0.032,1.002,-0.122,0.183,0.183,-62.036,275.771,161.876,0.9912,0.0114,-0.0262,-0.1292,0.02,0.05,0.040,3.3,96041.9,0.00,0.000,0.000,2
386481,-0.047,0.031,1.000,-0.122,0.183,0.244,-62.036,275.771,161.876,0.9915,0.0101,-0.0266,-0.1269,0.03,0.06,0.015,3.3,96041.1,0.00,0.000,0.000,2
386681,-0.047,0.031,1.001,-0.061,0.183,0.305,-62.036,275.771,161.876,0.9918,0.0091,-0.0268,-0.1245,-0.03,0.00,0.025,3.2,96044.7,0.00,0.000,0.000,2
386881,-0.047,0.033,1.003,-0.061,0.305,0.122,-62.036,275.771,161.876,0.9921,0.0088,-0.0269,-0.1220,-0.01,0.02,0.044,3.2,96035.5,0.00,0.000,0.000,2
387081,-0.048,0.030,0.999,-0.061,0.305,0.183,-62.036,275.771,161.876,0.9924,0.0089,-0.0268,-0.1196,0.04,0.07,0.006,3.2,96039.0,0.00,0.000,0.000,2
387281,-0.046,0.030,1.000,-0.061,0.183,0.305,-62.036,275.771,161.876,0.9927,0.0091,-0.0268,-0.1174,0.03,0.05,0.010,3.2,96041.2,0.00,0.000,0.000,2
387481,-0.048,0.029,1.003,-0.061,0.183,0.305,-62.036,275.771,161.876,0.9929,0.0094,-0.0268,-0.1153,0.03,0.04,0.049,3.3,96039.7,0.00,0.000,0.000,2
387681,-0.046,0.029,1.000,-0.061,0.244,0.244,-62.036,275.771,161.876,0.9931,0.0099,-0.0265,-0.1134,0.07,0.08,0.010,3.2,96036.2,0.00,0.000,0.000,2
387881,-0.049,0.032,1.000,-0.061,0.244,0.244,-62.036,275.771,161.876,0.9933,0.0104,-0.0265,-0.1117,0.10,0.10,0.017,3.3,96044.0,0.00,0.000,0.000,2
388081,-0.049,0.032,0.999,0.000,0.183,0.244,-62.036,275.771,161.876,0.9935,0.0109,-0.0264,-0.1103,0.09,0.07,0.007,3.3,96043.2,0.00,0.000,0.000,2
388281,-0.049,0.031,0.999,-0.061,0.122,0.244,-49.629,271.695,164.716,0.9937,0.0106,-0.0263,-0.1088,0.08,0.06,0.007,3.2,96042.5,0.00,0.000,0.000,2
388481,-0.049,0.029,0.999,0.000,0.244,0.244,-49.629,271.695,164.716,0.9939,0.0095,-0.0265,-0.1064,0.09,0.06,0.006,3.2,96041.8,0.00,0.000,0.000,2
388681,-0.050,0.029,0.999,0.000,0.183,0.183,-49.629,271.695,164.716,0.9942,0.0089,-0.0267,-0.1039,0.12,0.09,0.007,3.2,96039.0,0.00,0.000,0.000,2
388881,-0.047,0.029,1.001,-0.061,0.244,0.244,-49.629,271.695,164.716,0.9945,0.0088,-0.0267,-0.1013,0.14,0.09,0.029,3.2,96041.1,0.00,0.000,0.000,2
389081,-0.049,0.033,1.000,-0.122,0.183,0.244,-49.629,271.695,164.716,0.9947,0.0089,-0.0267,-0.0989,0.14,0.08,0.021,3.2,96041.2,0.00,0.000,0.000,2
389281,-0.047,0.030,1.002,-0.122,0.244,0.244,-49.629,271.695,164.716,0.9949,0.0094,-0.0265,-0.0966,0.15,0.08,0.039,3.2,96039.0,0.00,0.000,0.000,2
389481,-0.049,0.030,1.000,0.000,0.183,0.305,-49.629,271.695,164.716,0.9951,0.0100,-0.0263,-0.0943,0.09,0.02,0.016,3.2,96042.5,0.00,0.000,0.000,2
389681,-0.049,0.031,0.996,0.000,0.305,0.244,-49.629,271.695,164.716,0.9953,0.0105,-0.0263,-0.0922,0.03,-0.03,-0.027,3.2,96044.0,0.00,0.000,0.000,2
389881,-0.049,0.030,1.000,-0.061,0.366,0.122,-49.629,271.695,164.716,0.9955,0.0110,-0.0261,-0.0902,0.02,-0.03,0.016,3.2,96045.3,0.00,0.000,0.000,2
390081,-0.046,0.030,0.999,-0.122,0.183,0.244,-49.629,271.695,164.716,0.9957,0.0116,-0.0259,-0.0885,0.03,-0.01,0.005,3.2,96038.3,0.00,0.000,0.000,2
390281,-0.049,0.030,1.005,-0.122,0.244,0.183,-63.809,263.544,170.395,0.9956,0.0126,-0.0260,-0.0890,0.05,0.01,0.064,3.3,96038.3,0.00,0.000,0.000,2
390481,-0.049,0.029,0.999,-0.061,0.244,0.183,-63.809,263.544,170.395,0.9953,0.0139,-0.0261,-0.0918,0.08,0.04,0.006,3.4,96036.9,0.00,0.000,0.000,2
390681,-0.049,0.032,1.001,-0.122,0.183,0.183,-63.809,263.544,170.395,0.9951,0.0148,-0.0261,-0.0947,0.09,0.05,0.026,3.4,96040.4,0.00,0.000,0.000,2
390881,-0.046,0.031,1.002,-0.122,0.305,0.244,-63.809,263.544,170.395,0.9948,0.0152,-0.0259,-0.0976,0.06,0.02,0.034,3.4,96040.5,0.00,0.000,0.000,2
391081,-0.050,0.029,1.000,-0.122,0.244,0.122,-63.809,263.544,170.395,0.9945,0.0152,-0.0260,-0.1003,0.03,-0.00,0.016,3.5,96042.5,0.00,0.000,0.000,2
391281,-0.048,0.030,1.000,0.000,0.244,0.305,-63.809,263.544,170.395,0.9942,0.0149,-0.0260,-0.1029,-0.06,-0.07,0.016,3.4,96045.4,0.00,0.000,0.000,2
391481,-0.046,0.030,1.001,-0.122,0.122,0.183,-63.809,263.544,170.395,0.9940,0.0143,-0.0258,-0.1052,-0.09,-0.08,0.025,3.4,96038.2,0.00,0.000,0.000,2
391681,-0.047,0.030,1.000,-0.122,0.183,0.183,-63.809,263.544,170.395,0.9938,0.0138,-0.0259,-0.1071,-0.03,-0.01,0.015,3.4,96036.1,0.00,0.000,0.000,2
391881,-0.048,0.031,0.998,-0.061,0.305,0.183,-63.809,263.544,170.395,0.9936,0.0134,-0.0259,-0.1088,-0.01,0.01,-0.008,3.3,96044.7,0.00,0.000,0.000,2
392081,-0.049,0.031,1.002,-0.122,0.244,0.183,-63.809,263.544,170.395,0.9935,0.0132,-0.0261,-0.1100,0.01,0.03,0.036,3.4,96042.7,0.00,0.000,0.000,2
392281,-0.048,0.031,1.002,-0.061,0.244,0.244,-62.036,281.205,167.556,0.9937,0.0119,-0.0261,-0.1086,-0.02,0.00,0.035,3.3,96039.7,0.00,0.000,0.000,2
392481,-0.048,0.031,0.998,-0.122,0.183,0.183,-62.036,281.205,167.556,0.9938,0.0114,-0.0261,-0.1071,0.01,0.03,-0.008,3.3,96042.6,0.00,0.000,0.000,2
392681,-0.049,0.029,1.002,-0.122,0.244,0.305,-62.036,281.205,167.556,0.9940,0.0115,-0.0259,-0.1061,0.02,0.05,0.035,3.2,96039.0,0.00,0.000,0.000,2
392881,-0.047,0.030,1.005,-0.061,0.366,0.122,-62.036,281.205,167.556,0.9940,0.0117,-0.0259,-0.1053,0.08,0.09,0.068,3.3,96039.8,0.00,0.000,0.000,2
393081,-0.049,0.029,1.000,0.000,0.183,0.183,-62.036,281.205,167.556,0.9941,0.0117,-0.0258,-0.1048,0.07,0.08,0.011,3.3,96039.8,0.00,0.000,0.000,2
393281,-0.047,0.030,1.001,-0.061,0.244,0.244,-62.036,281.205,167.556,0.9941,0.0120,-0.0261,-0.1044,0.07,0.07,0.030,3.3,96040.5,0.00,0.000,0.000,2
393481,-0.046,0.031,0.999,-0.061,0.183,0.122,-62.036,281.205,167.556,0.9942,0.0122,-0.0257,-0.1041,0.05,0.05,0.001,3.3,96043.2,0.00,0.000,0.000,2
393681,-0.050,0.032,1.000,0.000,0.244,0.183,-62.036,281.205,167.556,0.9942,0.0122,-0.0260,-0.1039,-0.01,-0.01,0.017,3.3,96041.8,0.00,0.000,0.000,2
393881,-0.048,0.028,1.003,-0.122,0.244,0.305,-62.036,281.205,167.556,0.9942,0.0120,-0.0260,-0.1037,0.01,0.02,0.044,3.3,96041.2,0.00,0.000,0.000,2
394081,-0.050,0.031,1.001,-0.122,0.183,0.183,-62.036,281.205,167.556,0.9942,0.0122,-0.0262,-0.1037,0.04,0.04,0.031,3.3,96041.8,0.00,0.000,0.000,2
394281,-0.049,0.031,1.001,-0.061,0.183,0.244,-58.491,270.337,161.876,0.9943,0.0121,-0.0261,-0.1030,0.08,0.08,0.031,3.3,96037.7,0.00,0.000,0.000,2
394481,-0.045,0.030,1.001,-0.122,0.305,0.244,-58.491,270.337,161.876,0.9943,0.0121,-0.0259,-0.1025,0.11,0.09,0.024,3.3,96041.1,0.00,0.000,0.000,2
394681,-0.048,0.029,1.002,-0.061,0.305,0.183,-58.491,270.337,161.876,0.9944,0.0121,-0.0261,-0.1021,0.10,0.07,0.035,3.3,96039.8,0.00,0.000,0.000,2
394881,-0.047,0.029,1.005,-0.122,0.183,0.244,-58.491,270.337,161.876,0.9944,0.0121,-0.0259,-0.1019,0.09,0.06,0.063,3.3,96041.3,0.00,0.000,0.000,2
395081,-0.049,0.031,1.001,-0.061,0.305,0.183,-58.491,270.337,161.876,0.9944,0.0123,-0.0263,-0.1016,0.09,0.06,0.026,3.3,96041.8,0.00,0.000,0.000,2
395281,-0.049,0.029,1.002,-0.061,0.366,0.244,-58.491,270.337,161.876,0.9944,0.0123,-0.0261,-0.1015,0.08,0.04,0.040,3.3,96041.8,0.00,0.000,0.000,2
395481,-0.049,0.029,0.999,-0.061,0.305,0.244,-58.491,270.337,161.876,0.9944,0.0125,-0.0262,-0.1015,0.01,-0.02,0.006,3.3,96041.2,0.00,0.000,0.000,2
395681,-0.050,0.030,1.002,-0.183,0.366,0.183,-58.491,270.337,161.876,0.9944,0.0122,-0.0262,-0.1014,0.03,0.01,0.040,3.3,96041.1,0.00,0.000,0.000,2
395881,-0.047,0.029,1.000,-0.122,0.183,0.244,-58.491,270.337,161.876,0.9944,0.0122,-0.0259,-0.1014,0.08,0.05,0.015,3.3,96039.1,0.00,0.000,0.000,2
396081,-0.049,0.032,1.004,-0.061,0.305,0.305,-58.491,270.337,161.876,0.9944,0.0124,-0.0261,-0.1014,0.00,-0.02,0.055,3.3,96039.8,0.00,0.000,0.000,2
396281,-0.050,0.030,1.001,-0.061,0.183,0.244,-49.629,258.111,147.676,0.9946,0.0116,-0.0263,-0.1002,-0.02,-0.03,0.026,3.3,96040.5,0.00,0.000,0.000,2
396481,-0.046,0.030,1.000,-0.122,0.305,0.244,-49.629,258.111,147.676,0.9948,0.0110,-0.0261,-0.0980,-0.06,-0.05,0.019,3.2,96043.4,0.00,0.000,0.000,2
396681,-0.048,0.032,0.999,-0.122,0.183,0.244,-49.629,258.111,147.676,0.9950,0.0111,-0.0262,-0.0959,-0.12,-0.09,0.002,3.3,96043.9,0.00,0.000,0.000,2
396881,-0.049,0.031,0.998,-0.122,0.305,0.244,-49.629,258.111,147.676,0.9952,0.0113,-0.0260,-0.0942,-0.11,-0.06,-0.008,3.3,96041.9,0.00,0.000,0.000,2
397081,-0.050,0.031,1.003,-0.061,0.244,0.244,-49.629,258.111,147.676,0.9953,0.0117,-0.0259,-0.0928,-0.05,0.00,0.046,3.3,96041.9,0.00,0.000,0.000,2
397281,-0.046,0.030,0.999,-0.061,0.244,0.244,-49.629,258.111,147.676,0.9954,0.0119,-0.0255,-0.0918,0.00,0.05,0.005,3.2,96039.1,0.00,0.000,0.000,2
397481,-0.049,0.031,1.000,-0.061,0.244,0.244,-49.629,258.111,147.676,0.9954,0.0123,-0.0257,-0.0910,-0.00,0.04,0.012,3.3,96041.2,0.00,0.000,0.000,2
397681,-0.049,0.031,1.000,-0.061,0.244,0.305,-49.629,258.111,147.676,0.9955,0.0127,-0.0256,-0.0904,0.00,0.04,0.016,3.3,96042.6,0.00,0.000,0.000,2
397881,-0.048,0.031,1.004,-0.061,0.183,0.183,-49.629,258.111,147.676,0.9955,0.0126,-0.0256,-0.0900,0.03,0.06,0.054,3.3,96039.1,0.00,0.000,0.000,2
398081,-0.051,0.030,1.001,-0.122,0.244,0.183,-49.629,258.111,147.676,0.9955,0.0126,-0.0261,-0.0898,0.03,0.06,0.027,3.3,96039.8,0.00,0.000,0.000,2
398281,-0.050,0.029,1.001,-0.061,0.305,0.244,-79.761,273.054,173.235,0.9954,0.0134,-0.0261,-0.0911,0.06,0.08,0.031,3.4,96042.0,0.00,0.000,0.000,2
398481,-0.051,0.032,1.005,-0.122,0.183,0.122,-79.761,273.054,173.235,0.9951,0.0147,-0.0261,-0.0940,0.05,0.06,0.070,3.4,96040.7,0.00,0.000,0.000,2
398681,-0.049,0.029,1.000,-0.122,0.305,0.183,-79.761,273.054,173.235,0.9948,0.0157,-0.0262,-0.0970,0.02,0.03,0.011,3.5,96044.8,0.00,0.000,0.000,2
398881,-0.049,0.030,1.001,-0.122,0.244,0.183,-79.761,273.054,173.235,0.9945,0.0165,-0.0263,-0.1000,-0.04,-0.02,0.025,3.6,96043.4,0.00,0.000,0.000,2
399081,-0.048,0.029,1.000,0.000,0.244,0.305,-79.761,273.054,173.235,0.9942,0.0171,-0.0263,-0.1030,-0.07,-0.04,0.010,3.6,96042.7,0.00,0.000,0.000,2
399281,-0.048,0.029,1.002,-0.122,0.122,0.183,-79.761,273.054,173.235,0.9939,0.0174,-0.0262,-0.1061,-0.10,-0.05,0.034,3.6,96041.3,0.00,0.000,0.000,2
399481,-0.047,0.031,1.004,-0.061,0.244,0.183,-79.761,273.054,173.235,0.9935,0.0176,-0.0262,-0.1092,-0.07,-0.01,0.053,3.6,96037.0,0.00,0.000,0.000,2
399681,-0.049,0.029,1.001,-0.122,0.183,0.183,-79.761,273.054,173.235,0.9932,0.0174,-0.0261,-0.1122,-0.02,0.04,0.025,3.6,96041.3,0.00,0.000,0.000,2
399881,-0.048,0.031,1.000,0.000,0.305,0.305,-79.761,273.054,173.235,0.9929,0.0171,-0.0262,-0.1151,-0.02,0.04,0.020,3.6,96039.8,0.00,0.000,0.000,2
400081,-0.048,0.031,0.999,-0.122,0.244,0.244,-79.761,273.054,173.235,0.9925,0.0166,-0.0262,-0.1179,0.00,0.06,0.006,3.6,96042.1,0.00,0.000,0.000,2
400281,-0.049,0.030,1.002,-0.061,0.183,0.305,-79.761,273.054,173.235,0.9922,0.0162,-0.0260,-0.1205,0.01,0.06,0.035,3.5,96040.0,0.00,0.000,0.000,2
400481,-0.048,0.029,1.001,-0.122,0.244,0.183,-79.761,273.054,173.235,0.9919,0.0156,-0.0262,-0.1230,0.06,0.10,0.025,3.5,96039.9,0.00,0.000,0.000,2
400681,-0.047,0.031,1.002,0.000,0.244,0.183,-79.761,273.054,173.235,0.9917,0.0150,-0.0263,-0.1253,0.07,0.09,0.035,3.5,96042.0,0.00,0.000,0.000,2
400881,-0.047,0.028,1.000,-0.122,0.183,0.244,-79.761,273.054,173.235,0.9914,0.0144,-0.0262,-0.1274,0.08,0.10,0.015,3.4,96041.3,0.00,0.000,0.000,2
401081,-0.048,0.030,1.005,-0.122,0.366,0.183,-79.761,273.054,173.235,0.9912,0.0138,-0.0264,-0.1293,0.10,0.10,0.068,3.4,96039.9,0.00,0.000,0.000,2
401281,-0.048,0.030,1.003,-0.061,0.244,0.244,-79.761,273.054,173.235,0.9909,0.0133,-0.0263,-0.1310,0.17,0.14,0.044,3.4,96039.2,0.00,0.000,0.000,2
401481,-0.050,0.030,0.999,-0.061,0.183,0.183,-79.761,273.054,173.235,0.9908,0.0130,-0.0264,-0.1323,0.18,0.13,0.007,3.4,96042.8,0.00,0.000,0.000,2
401681,-0.049,0.032,1.000,-0.061,0.244,0.244,-79.761,273.054,173.235,0.9906,0.0127,-0.0263,-0.1334,0.17,0.11,0.012,3.3,96037.8,0.00,0.000,0.000,2
401881,-0.048,0.030,1.000,-0.061,0.183,0.183,-79.761,273.054,173.235,0.9905,0.0123,-0.0262,-0.1344,0.11,0.05,0.011,3.3,96042.8,0.00,0.000,0.000,2
402081,-0.049,0.031,1.000,0.000,0.305,0.122,-79.761,273.054,173.235,0.9904,0.0122,-0.0264,-0.1351,0.12,0.05,0.021,3.3,96039.1,0.00,0.000,0.000,2
402281,-0.048,0.030,1.000,-0.183,0.244,0.244,-62.036,270.337,173.235,0.9904,0.0116,-0.0265,-0.1353,0.10,0.03,0.016,3.3,96041.3,0.00,0.000,0.000,2
402481,-0.048,0.028,1.001,-0.061,0.183,0.183,-62.036,270.337,173.235,0.9907,0.0100,-0.0269,-0.1330,0.12,0.04,0.030,3.3,96042.0,0.00,0.000,0.000,2
402681,-0.048,0.031,0.999,-0.061,0.183,0.244,-62.036,270.337,173.235,0.9910,0.0087,-0.0271,-0.1307,0.08,0.00,0.002,3.3,96041.9,0.00,0.000,0.000,2
402881,-0.049,0.031,1.000,-0.061,0.244,0.183,-62.036,270.337,173.235,0.9913,0.0080,-0.0272,-0.1282,-0.00,-0.06,0.011,3.2,96044.8,0.00,0.000,0.000,2
403081,-0.049,0.028,1.002,0.000,0.305,0.122,-62.036,270.337,173.235,0.9917,0.0078,-0.0272,-0.1257,-0.06,-0.10,0.035,3.2,96043.5,0.00,0.000,0.000,2
403281,-0.048,0.030,0.998,-0.122,0.244,0.183,-62.036,270.337,173.235,0.9920,0.0080,-0.0271,-0.1233,-0.08,-0.10,-0.004,3.2,96043.5,0.00,0.000,0.000,2
403481,-0.047,0.030,1.001,-0.122,0.305,0.244,-62.036,270.337,173.235,0.9922,0.0083,-0.0268,-0.1211,-0.07,-0.06,0.029,3.2,96042.0,0.00,0.000,0.000,2
403681,-0.049,0.030,1.003,-0.183,0.244,0.183,-62.036,270.337,173.235,0.9925,0.0089,-0.0267,-0.1190,-0.10,-0.08,0.045,3.2,96045.6,0.00,0.000,0.000,2
403881,-0.047,0.031,1.001,-0.061,0.244,0.183,-62.036,270.337,173.235,0.9927,0.0095,-0.0266,-0.1170,-0.08,-0.04,0.025,3.2,96042.1,0.00,0.000,0.000,2
404081,-0.048,0.030,1.003,-0.122,0.244,0.183,-62.036,270.337,173.235,0.9930,0.0099,-0.0262,-0.1152,-0.06,-0.00,0.049,3.2,96039.2,0.00,0.000,0.000,2
404281,-0.049,0.030,1.002,-0.061,0.305,0.122,-62.036,270.337,173.235,0.9931,0.0103,-0.0263,-0.1135,0.01,0.06,0.035,3.2,96040.0,0.00,0.000,0.000,2
404481,-0.048,0.029,1.004,-0.122,0.183,0.122,-62.036,270.337,173.235,0.9933,0.0109,-0.0262,-0.1121,0.02,0.06,0.054,3.2,96044.9,0.00,0.000,0.000,2
404681,-0.048,0.030,1.000,-0.122,0.244,0.244,-62.036,270.337,173.235,0.9934,0.0112,-0.0262,-0.1109,-0.01,0.03,0.016,3.3,96040.7,0.00,0.000,0.000,2
404881,-0.047,0.030,1.000,-0.061,0.244,0.122,-62.036,270.337,173.235,0.9935,0.0114,-0.0263,-0.1100,0.05,0.08,0.020,3.3,96039.2,0.00,0.000,0.000,2
405081,-0.048,0.030,1.000,-0.061,0.122,0.305,-62.036,270.337,173.235,0.9936,0.0117,-0.0264,-0.1093,0.06,0.08,0.021,3.3,96046.4,0.00,0.000,0.000,2
405281,-0.049,0.031,1.003,-0.061,0.122,0.183,-62.036,270.337,173.235,0.9936,0.0118,-0.0264,-0.1088,0.09,0.10,0.050,3.3,96043.5,0.00,0.000,0.000,2
405481,-0.050,0.030,1.002,-0.122,0.183,0.183,-62.036,270.337,173.235,0.9937,0.0121,-0.0264,-0.1084,0.12,0.11,0.041,3.3,96043.6,0.00,0.000,0.000,2
405681,-0.048,0.031,1.000,0.000,0.183,0.244,-62.036,270.337,173.235,0.9937,0.0120,-0.0263,-0.1081,0.10,0.08,0.021,3.3,96039.2,0.00,0.000,0.000,2
405881,-0.048,0.030,1.002,-0.061,0.244,0.305,-62.036,270.337,173.235,0.9937,0.0120,-0.0262,-0.1079,0.15,0.11,0.035,3.3,96039.3,0.00,0.000,0.000,2
406081,-0.050,0.029,1.002,-0.061,0.183,0.244,-62.036,270.337,173.235,0.9938,0.0120,-0.0261,-0.1078,0.17,0.12,0.040,3.3,96037.3,0.00,0.000,0.000,2
406281,-0.048,0.031,1.002,-0.183,0.366,0.244,-70.898,266.261,164.716,0.9937,0.0126,-0.0259,-0.1085,0.22,0.15,0.040,3.3,96037.4,0.00,0.000,0.000,2
406481,-0.048,0.029,1.002,-0.061,0.122,0.183,-70.898,266.261,164.716,0.9934,0.0136,-0.0260,-0.1112,0.20,0.11,0.039,3.4,96043.5,0.00,0.000,0.000,2
406681,-0.048,0.031,1.002,-0.061,0.183,0.183,-70.898,266.261,164.716,0.9931,0.0141,-0.0262,-0.1137,0.13,0.03,0.035,3.4,96038.7,0.00,0.000,0.000,2
406881,-0.050,0.030,1.003,-0.061,0.244,0.244,-70.898,266.261,164.716,0.9928,0.0140,-0.0261,-0.1160,0.01,-0.07,0.045,3.4,96045.8,0.00,0.000,0.000,2
407081,-0.050,0.031,1.003,-0.122,0.183,0.183,-70.898,266.261,164.716,0.9926,0.0137,-0.0261,-0.1180,-0.07,-0.12,0.046,3.4,96043.0,0.00,0.000,0.000,2
407281,-0.048,0.028,1.001,0.000,0.244,0.305,-70.898,266.261,164.716,0.9924,0.0131,-0.0263,-0.1197,-0.07,-0.09,0.025,3.4,96043.0,0.00,0.000,0.000,2
407481,-0.048,0.031,1.000,-0.061,0.244,0.183,-70.898,266.261,164.716,0.9922,0.0128,-0.0262,-0.1211,-0.07,-0.07,0.011,3.3,96040.3,0.00,0.000,0.000,2
407681,-0.048,0.030,1.001,0.000,0.244,0.183,-70.898,266.261,164.716,0.9921,0.0125,-0.0263,-0.1222,-0.07,-0.05,0.030,3.3,96039.5,0.00,0.000,0.000,2
407881,-0.048,0.027,1.003,-0.061,0.122,0.244,-70.898,266.261,164.716,0.9920,0.0122,-0.0262,-0.1231,-0.04,-0.01,0.044,3.3,96040.2,0.00,0.000,0.000,2
408081,-0.047,0.032,1.000,-0.122,0.183,0.122,-70.898,266.261,164.716,0.9919,0.0121,-0.0263,-0.1238,-0.06,-0.02,0.020,3.3,96044.5,0.00,0.000,0.000,2
408281,-0.047,0.029,1.001,0.000,0.244,0.183,-70.898,266.261,164.716,0.9918,0.0119,-0.0263,-0.1242,-0.09,-0.04,0.025,3.3,96039.5,0.00,0.000,0.000,2
408481,-0.049,0.032,1.000,-0.061,0.244,0.183,-70.898,266.261,164.716,0.9918,0.0121,-0.0263,-0.1246,-0.13,-0.06,0.017,3.3,96047.4,0.00,0.000,0.000,2
408681,-0.048,0.031,0.998,-0.061,0.244,0.244,-70.898,266.261,164.716,0.9918,0.0118,-0.0262,-0.1249,-0.14,-0.05,-0.003,3.3,96044.5,0.00,0.000,0.000,2
408881,-0.047,0.031,1.001,-0.061,0.183,0.244,-70.898,266.261,164.716,0.9917,0.0118,-0.0262,-0.1251,-0.11,-0.01,0.030,3.3,96040.3,0.00,0.000,0.000,2
409081,-0.048,0.031,1.000,0.000,0.244,0.183,-70.898,266.261,164.716,0.9917,0.0118,-0.0262,-0.1253,-0.10,0.01,0.016,3.3,96041.8,0.00,0.000,0.000,2
409281,-0.049,0.033,1.002,-0.061,0.305,0.244,-70.898,266.261,164.716,0.9917,0.0118,-0.0262,-0.1254,-0.02,0.08,0.036,3.3,96038.1,0.00,0.000,0.000,2
409481,-0.047,0.028,1.002,0.000,0.183,0.183,-70.898,266.261,164.716,0.9917,0.0117,-0.0263,-0.1255,-0.01,0.07,0.034,3.3,96040.3,0.00,0.000,0.000,2
409681,-0.047,0.031,1.000,0.000,0.305,0.244,-70.898,266.261,164.716,0.9917,0.0117,-0.0261,-0.1256,0.04,0.11,0.020,3.3,96042.5,0.00,0.000,0.000,2
409881,-0.050,0.030,1.000,-0.183,0.244,0.305,-70.898,266.261,164.716,0.9917,0.0115,-0.0264,-0.1257,0.03,0.09,0.017,3.3,96045.2,0.00,0.000,0.000,2
410081,-0.050,0.029,0.999,0.000,0.244,0.183,-70.898,266.261,164.716,0.9916,0.0114,-0.0264,-0.1257,-0.01,0.04,0.002,3.3,96045.2,0.00,0.000,0.000,2
410281,-0.050,0.032,1.001,-0.122,0.183,0.122,-70.898,266.261,164.716,0.9916,0.0116,-0.0264,-0.1258,-0.04,0.02,0.027,3.3,96043.1,0.00,0.000,0.000,2
410481,-0.046,0.032,1.002,-0.061,0.305,0.183,-70.898,266.261,164.716,0.9916,0.0116,-0.0263,-0.1258,-0.03,0.03,0.034,3.3,96043.9,0.00,0.000,0.000,2
410681,-0.048,0.032,1.001,-0.061,0.183,0.244,-70.898,266.261,164.716,0.9916,0.0118,-0.0264,-0.1258,-0.01,0.05,0.030,3.3,96040.9,0.00,0.000,0.000,2
410881,-0.050,0.031,1.002,-0.122,0.122,0.122,-70.898,266.261,164.716,0.9916,0.0118,-0.0264,-0.1258,0.03,0.08,0.041,3.3,96039.7,0.00,0.000,0.000,2
411081,-0.049,0.029,1.004,-0.061,0.244,0.183,-70.898,266.261,164.716,0.9916,0.0115,-0.0261,-0.1258,0.09,0.12,0.059,3.3,96041.6,0.00,0.000,0.000,2
411281,-0.048,0.030,1.002,-0.061,0.122,0.183,-70.898,266.261,164.716,0.9916,0.0115,-0.0262,-0.1258,0.17,0.17,0.035,3.3,96036.7,0.00,0.000,0.000,2
411481,-0.049,0.031,1.000,0.000,0.183,0.244,-70.898,266.261,164.716,0.9916,0.0116,-0.0263,-0.1258,0.24,0.21,0.012,3.3,96041.6,0.00,0.000,0.000,2
411681,-0.048,0.032,1.005,-0.122,0.122,0.366,-70.898,266.261,164.716,0.9916,0.0117,-0.0261,-0.1258,0.25,0.19,0.064,3.3,96041.1,0.00,0.000,0.000,2
411881,-0.049,0.030,1.003,-0.061,0.244,0.183,-70.898,266.261,164.716,0.9916,0.0117,-0.0262,-0.1258,0.30,0.20,0.045,3.3,96036.2,0.00,0.000,0.000,2
412081,-0.049,0.030,1.000,0.000,0.183,0.305,-70.898,266.261,164.716,0.9916,0.0116,-0.0263,-0.1258,0.25,0.13,0.021,3.3,96041.0,0.00,0.000,0.000,2
412281,-0.049,0.031,1.004,-0.061,0.183,0.183,-70.898,266.261,164.716,0.9916,0.0117,-0.0264,-0.1258,0.19,0.06,0.060,3.3,96038.3,0.00,0.000,0.000,2
412481,-0.048,0.031,1.000,-0.183,0.183,0.244,-70.898,266.261,164.716,0.9916,0.0117,-0.0264,-0.1258,0.14,0.01,0.021,3.3,96037.3,0.00,0.000,0.000,2
412681,-0.049,0.030,1.002,-0.122,0.244,0.183,-70.898,266.261,164.716,0.9916,0.0117,-0.0264,-0.1258,0.12,-0.00,0.040,3.3,96036.0,0.00,0.000,0.000,2
412881,-0.047,0.029,0.998,0.000,0.244,0.183,-70.898,266.261,164.716,0.9916,0.0116,-0.0263,-0.1258,0.13,0.02,-0.009,3.3,96040.3,0.00,0.000,0.000,2
413081,-0.047,0.029,1.002,-0.061,0.305,0.183,-70.898,266.261,164.716,0.9916,0.0116,-0.0263,-0.1258,0.08,-0.03,0.039,3.3,96038.1,0.00,0.000,0.000,2
413281,-0.047,0.030,1.000,-0.061,0.183,0.244,-70.898,266.261,164.716,0.9916,0.0116,-0.0262,-0.1258,-0.00,-0.09,0.015,3.3,96039.7,0.00,0.000,0.000,2
413481,-0.049,0.032,1.004,0.000,0.244,0.305,-70.898,266.261,164.716,0.9916,0.0116,-0.0263,-0.1259,0.03,-0.04,0.060,3.3,96038.0,0.00,0.000,0.000,2
413681,-0.050,0.031,1.001,-0.061,0.183,0.244,-70.898,266.261,164.716,0.9916,0.0114,-0.0264,-0.1258,-0.01,-0.06,0.031,3.3,96043.2,0.00,0.000,0.000,2
413881,-0.048,0.030,1.000,-0.061,0.305,0.244,-70.898,266.261,164.716,0.9916,0.0116,-0.0263,-0.1259,-0.06,-0.09,0.011,3.3,96043.8,0.00,0.000,0.000,2
414081,-0.049,0.032,1.003,-0.061,0.183,0.305,-70.898,266.261,164.716,0.9916,0.0116,-0.0262,-0.1259,-0.11,-0.11,0.045,3.3,96042.4,0.00,0.000,0.000,2
414281,-0.048,0.031,1.002,-0.061,0.244,0.183,-72.671,270.337,173.235,0.9916,0.0115,-0.0262,-0.1258,-0.08,-0.06,0.040,3.3,96037.5,0.00,0.000,0.000,2
414481,-0.049,0.032,1.003,-0.061,0.244,0.244,-79.761,270.337,167.556,0.9914,0.0124,-0.0263,-0.1277,-0.09,-0.05,0.050,3.3,96038.3,0.00,0.000,0.000,2
414681,-0.049,0.030,1.000,-0.061,0.244,0.244,-79.761,270.337,167.556,0.9911,0.0129,-0.0262,-0.1298,-0.03,0.01,0.011,3.3,96039.5,0.00,0.000,0.000,2
414881,-0.050,0.030,1.003,-0.061,0.183,0.244,-79.761,270.337,167.556,0.9909,0.0129,-0.0262,-0.1317,-0.00,0.05,0.045,3.3,96036.7,0.00,0.000,0.000,2
415081,-0.048,0.030,0.999,-0.122,0.183,0.244,-79.761,270.337,167.556,0.9907,0.0128,-0.0262,-0.1332,0.07,0.11,0.002,3.3,96036.6,0.00,0.000,0.000,2
415281,-0.049,0.031,1.000,-0.061,0.244,0.183,-79.761,270.337,167.556,0.9905,0.0127,-0.0263,-0.1344,0.09,0.11,0.017,3.4,96041.0,0.00,0.000,0.000,2
415481,-0.047,0.031,1.000,-0.061,0.305,0.244,-79.761,270.337,167.556,0.9903,0.0125,-0.0264,-0.1355,0.10,0.11,0.021,3.3,96039.5,0.00,0.000,0.000,2
415681,-0.049,0.028,1.000,-0.122,0.183,0.183,-79.761,270.337,167.556,0.9902,0.0120,-0.0264,-0.1363,0.08,0.07,0.011,3.3,96042.3,0.00,0.000,0.000,2
415881,-0.048,0.031,1.001,-0.061,0.244,0.244,-79.761,270.337,167.556,0.9901,0.0119,-0.0266,-0.1371,0.07,0.06,0.026,3.3,96043.8,0.00,0.000,0.000,2
416081,-0.050,0.032,1.000,-0.061,0.244,0.244,-79.761,270.337,167.556,0.9900,0.0117,-0.0267,-0.1377,-0.00,-0.01,0.017,3.3,96045.9,0.00,0.000,0.000,2
416281,-0.048,0.030,1.001,-0.061,0.244,0.183,-79.761,273.054,173.235,0.9901,0.0116,-0.0266,-0.1377,-0.03,-0.03,0.025,3.3,96042.3,0.00,0.000,0.000,2
416481,-0.049,0.030,0.999,-0.061,0.244,0.183,-79.761,273.054,173.235,0.9900,0.0114,-0.0266,-0.1378,-0.11,-0.08,0.006,3.3,96042.2,0.00,0.000,0.000,2
416681,-0.049,0.027,1.000,-0.061,0.244,0.183,-79.761,273.054,173.235,0.9900,0.0111,-0.0265,-0.1379,-0.11,-0.07,0.016,3.3,96041.5,0.00,0.000,0.000,2
416881,-0.049,0.030,1.000,0.000,0.305,0.305,-79.761,273.054,173.235,0.9900,0.0113,-0.0265,-0.1380,-0.04,0.01,0.021,3.3,96035.5,0.00,0.000,0.000,2
417081,-0.050,0.029,1.002,-0.061,0.244,0.305,-79.761,273.054,173.235,0.9900,0.0111,-0.0265,-0.1380,-0.07,-0.01,0.040,3.3,96045.9,0.00,0.000,0.000,2
417281,-0.049,0.032,1.001,0.000,0.122,0.183,-79.761,273.054,173.235,0.9900,0.0111,-0.0266,-0.1381,-0.04,0.02,0.026,3.3,96040.9,0.00,0.000,0.000,2
417481,-0.048,0.030,1.001,0.000,0.183,0.305,-79.761,273.054,173.235,0.9900,0.0111,-0.0265,-0.1382,-0.03,0.03,0.030,3.3,96038.8,0.00,0.000,0.000,2
417681,-0.046,0.030,1.002,0.000,0.183,0.305,-79.761,273.054,173.235,0.9900,0.0110,-0.0265,-0.1382,0.01,0.06,0.034,3.3,96038.8,0.00,0.000,0.000,2
417881,-0.049,0.032,1.000,-0.122,0.244,0.183,-79.761,273.054,173.235,0.9900,0.0112,-0.0267,-0.1383,0.01,0.06,0.012,3.3,96038.2,0.00,0.000,0.000,2
418081,-0.048,0.031,1.001,0.000,0.244,0.183,-79.761,273.054,173.235,0.9900,0.0110,-0.0267,-0.1383,-0.03,0.02,0.026,3.3,96042.5,0.00,0.000,0.000,2
418281,-0.049,0.030,1.000,-0.061,0.244,0.305,-72.671,270.337,156.196,0.9902,0.0101,-0.0267,-0.1366,-0.06,-0.01,0.021,3.3,96043.9,0.00,0.000,0.000,2
418481,-0.050,0.032,1.001,-0.061,0.183,0.244,-72.671,270.337,156.196,0.9905,0.0099,-0.0266,-0.1349,-0.07,-0.00,0.027,3.3,96045.3,0.00,0.000,0.000,2
418681,-0.050,0.030,1.001,-0.122,0.122,0.244,-72.671,270.337,156.196,0.9906,0.0101,-0.0268,-0.1334,-0.07,0.00,0.031,3.3,96040.9,0.00,0.000,0.000,2
418881,-0.048,0.031,0.997,-0.122,0.244,0.244,-72.671,270.337,156.196,0.9908,0.0103,-0.0266,-0.1322,-0.09,-0.01,-0.017,3.3,96042.5,0.00,0.000,0.000,2
419081,-0.046,0.030,1.001,-0.061,0.244,0.244,-72.671,270.337,156.196,0.9910,0.0105,-0.0263,-0.1311,-0.01,0.07,0.025,3.2,96035.3,0.00,0.000,0.000,2
419281,-0.048,0.030,1.003,-0.061,0.183,0.244,-72.671,270.337,156.196,0.9911,0.0107,-0.0264,-0.1303,0.06,0.11,0.044,3.3,96041.8,0.00,0.000,0.000,2
419481,-0.046,0.029,1.002,-0.061,0.305,0.183,-72.671,270.337,156.196,0.9911,0.0106,-0.0263,-0.1297,0.03,0.08,0.034,3.2,96042.3,0.00,0.000,0.000,2
419681,-0.049,0.032,1.000,-0.122,0.366,0.244,-72.671,270.337,156.196,0.9912,0.0109,-0.0264,-0.1293,0.05,0.09,0.012,3.3,96040.4,0.00,0.000,0.000,2
419881,-0.048,0.030,1.000,-0.061,0.305,0.183,-72.671,270.337,156.196,0.9913,0.0109,-0.0263,-0.1288,0.06,0.09,0.021,3.3,96038.8,0.00,0.000,0.000,2
420081,-0.048,0.031,1.000,-0.122,0.244,0.305,-72.671,270.337,156.196,0.9913,0.0111,-0.0263,-0.1286,0.04,0.06,0.021,3.3,96041.6,0.00,0.000,0.000,2
420281,-0.048,0.029,1.000,-0.061,0.183,0.244,-70.898,277.129,159.036,0.9915,0.0106,-0.0264,-0.1270,0.06,0.07,0.020,3.3,96038.2,0.00,0.000,0.000,2
420481,-0.048,0.030,1.002,-0.122,0.244,0.183,-70.898,277.129,159.036,0.9917,0.0107,-0.0264,-0.1257,0.05,0.06,0.035,3.3,96042.5,0.00,0.000,0.000,2
420681,-0.048,0.030,1.002,-0.122,0.183,0.122,-70.898,277.129,159.036,0.9918,0.0108,-0.0264,-0.1245,0.08,0.07,0.040,3.3,96039.8,0.00,0.000,0.000,2
420881,-0.048,0.029,0.997,-0.183,0.244,0.244,-70.898,277.129,159.036,0.9919,0.0110,-0.0263,-0.1238,0.09,0.07,-0.013,3.3,96039.7,0.00,0.000,0.000,2
421081,-0.049,0.030,1.000,-0.183,0.244,0.244,-70.898,277.129,159.036,0.9920,0.0112,-0.0263,-0.1232,0.05,0.03,0.016,3.3,96041.2,0.00,0.000,0.000,2
421281,-0.048,0.030,1.000,-0.122,0.305,0.244,-70.898,277.129,159.036,0.9920,0.0113,-0.0263,-0.1226,0.04,0.02,0.016,3.3,96039.0,0.00,0.000,0.000,2
421481,-0.048,0.031,1.002,-0.122,0.305,0.244,-70.898,277.129,159.036,0.9921,0.0114,-0.0261,-0.1222,0.04,0.02,0.035,3.3,96040.5,0.00,0.000,0.000,2
421681,-0.049,0.031,1.001,0.000,0.305,0.183,-70.898,277.129,159.036,0.9921,0.0116,-0.0264,-0.1219,0.02,0.01,0.026,3.3,96042.6,0.00,0.000,0.000,2
421881,-0.050,0.031,1.000,-0.061,0.244,0.244,-70.898,277.129,159.036,0.9922,0.0114,-0.0262,-0.1217,-0.00,-0.01,0.022,3.3,96040.5,0.00,0.000,0.000,2
422081,-0.048,0.031,0.999,0.061,0.183,0.244,-70.898,277.129,159.036,0.9922,0.0116,-0.0262,-0.1216,-0.06,-0.05,0.007,3.3,96043.3,0.00,0.000,0.000,2
422281,-0.048,0.031,1.002,0.000,0.244,0.244,-70.898,277.129,159.036,0.9922,0.0116,-0.0263,-0.1215,-0.04,-0.02,0.035,3.3,96041.9,0.00,0.000,0.000,2
422481,-0.048,0.030,0.999,-0.122,0.244,0.244,-70.898,277.129,159.036,0.9922,0.0115,-0.0262,-0.1214,0.02,0.04,0.006,3.3,96039.1,0.00,0.000,0.000,2
422681,-0.049,0.030,1.001,-0.061,0.244,0.061,-70.898,277.129,159.036,0.9922,0.0116,-0.0263,-0.1213,0.05,0.07,0.026,3.3,96038.4,0.00,0.000,0.000,2
422881,-0.049,0.029,0.999,-0.122,0.366,0.183,-70.898,277.129,159.036,0.9922,0.0115,-0.0264,-0.1213,0.03,0.04,0.006,3.3,96044.0,0.00,0.000,0.000,2
423081,-0.049,0.031,1.002,-0.122,0.244,0.244,-70.898,277.129,159.036,0.9922,0.0117,-0.0264,-0.1213,0.03,0.03,0.040,3.3,96042.6,0.00,0.000,0.000,2
423281,-0.047,0.030,1.004,0.000,0.244,0.183,-70.898,277.129,159.036,0.9922,0.0117,-0.0262,-0.1213,0.04,0.05,0.054,3.3,96037.5,0.00,0.000,0.000,2
423481,-0.050,0.032,1.003,-0.061,0.183,0.183,-70.898,277.129,159.036,0.9922,0.0118,-0.0264,-0.1212,0.06,0.06,0.046,3.3,96040.4,0.00,0.000,0.000,2
423681,-0.048,0.031,0.999,-0.122,0.244,0.244,-70.898,277.129,159.036,0.9922,0.0117,-0.0262,-0.1211,0.08,0.07,0.007,3.3,96041.2,0.00,0.000,0.000,2
423881,-0.047,0.029,1.003,0.000,0.305,0.305,-70.898,277.129,159.036,0.9922,0.0117,-0.0261,-0.1211,0.06,0.04,0.044,3.3,96044.8,0.00,0.000,0.000,2
424081,-0.048,0.032,1.001,-0.061,0.183,0.244,-54.946,273.054,161.876,0.9923,0.0114,-0.0263,-0.1209,0.06,0.04,0.030,3.3,96038.4,0.00,0.000,0.000,2
424281,-0.050,0.031,0.999,-0.061,0.244,0.244,-54.946,273.054,161.876,0.9925,0.0100,-0.0267,-0.1186,0.06,0.04,0.003,3.3,96041.0,0.00,0.000,0.000,2
424481,-0.049,0.030,1.000,0.000,0.244,0.366,-54.946,273.054,161.876,0.9928,0.0090,-0.0268,-0.1162,0.08,0.05,0.021,3.2,96040.3,0.00,0.000,0.000,2
424681,-0.047,0.032,1.000,-0.061,0.183,0.244,-54.946,273.054,161.876,0.9931,0.0086,-0.0269,-0.1137,0.14,0.09,0.015,3.2,96041.1,0.00,0.000,0.000,2
424881,-0.048,0.032,1.001,0.000,0.305,0.183,-54.946,273.054,161.876,0.9934,0.0085,-0.0268,-0.1112,0.17,0.11,0.030,3.2,96035.5,0.00,0.000,0.000,2
425081,-0.047,0.030,1.000,0.000,0.183,0.244,-54.946,273.054,161.876,0.9937,0.0086,-0.0267,-0.1087,0.21,0.13,0.015,3.2,96040.5,0.00,0.000,0.000,2
425281,-0.048,0.031,1.002,-0.122,0.305,0.183,-54.946,273.054,161.876,0.9939,0.0091,-0.0265,-0.1064,0.23,0.14,0.039,3.2,96039.1,0.00,0.000,0.000,2
425481,-0.047,0.032,1.000,0.000,0.244,0.244,-54.946,273.054,161.876,0.9942,0.0098,-0.0264,-0.1042,0.26,0.13,0.020,3.2,96039.7,0.00,0.000,0.000,2
425681,-0.051,0.029,1.000,-0.061,0.244,0.244,-54.946,273.054,161.876,0.9944,0.0100,-0.0264,-0.1021,0.20,0.07,0.022,3.2,96038.4,0.00,0.000,0.000,2
425881,-0.049,0.029,0.998,-0.061,0.305,0.244,-54.946,273.054,161.876,0.9946,0.0105,-0.0263,-0.1002,0.17,0.04,-0.003,3.2,96037.7,0.00,0.000,0.000,2
426081,-0.049,0.029,0.996,-0.061,0.183,0.244,-81.533,268.978,164.716,0.9946,0.0112,-0.0261,-0.0999,0.12,-0.01,-0.027,3.3,96035.5,0.00,0.000,0.000,2
426281,-0.048,0.030,1.002,0.000,0.305,0.183,-81.533,268.978,164.716,0.9943,0.0126,-0.0262,-0.1027,0.10,-0.02,0.035,3.3,96041.2,0.00,0.000,0.000,2
426481,-0.048,0.030,1.002,-0.122,0.183,0.305,-81.533,268.978,164.716,0.9940,0.0139,-0.0262,-0.1055,0.07,-0.04,0.035,3.4,96039.0,0.00,0.000,0.000,2
426681,-0.050,0.033,0.999,-0.122,0.305,0.244,-81.533,268.978,164.716,0.9936,0.0149,-0.0263,-0.1084,0.02,-0.07,0.003,3.5,96036.7,0.00,0.000,0.000,2
426881,-0.048,0.029,1.000,-0.061,0.244,0.244,-81.533,268.978,164.716,0.9933,0.0157,-0.0264,-0.1113,-0.02,-0.08,0.015,3.5,96040.4,0.00,0.000,0.000,2
427081,-0.049,0.030,1.003,-0.061,0.244,0.305,-81.533,268.978,164.716,0.9930,0.0162,-0.0265,-0.1143,-0.06,-0.10,0.049,3.6,96039.1,0.00,0.000,0.000,2
427281,-0.050,0.031,1.000,-0.061,0.244,0.244,-81.533,268.978,164.716,0.9926,0.0166,-0.0264,-0.1172,-0.07,-0.08,0.022,3.6,96037.6,0.00,0.000,0.000,2
427481,-0.048,0.030,1.001,-0.122,0.244,0.305,-81.533,268.978,164.716,0.9923,0.0165,-0.0262,-0.1201,-0.07,-0.06,0.030,3.6,96038.3,0.00,0.000,0.000,2
427681,-0.047,0.030,1.002,0.000,0.244,0.183,-81.533,268.978,164.716,0.9919,0.0162,-0.0262,-0.1229,-0.08,-0.06,0.034,3.5,96040.4,0.00,0.000,0.000,2
427881,-0.046,0.030,1.003,-0.061,0.183,0.305,-81.533,268.978,164.716,0.9916,0.0158,-0.0261,-0.1255,-0.10,-0.05,0.043,3.5,96042.6,0.00,0.000,0.000,2
428081,-0.047,0.030,1.005,-0.122,0.183,0.183,-70.898,266.261,159.036,0.9914,0.0146,-0.0262,-0.1271,-0.07,-0.01,0.063,3.4,96040.6,0.00,0.000,0.000,2
428281,-0.048,0.030,1.001,0.000,0.244,0.183,-70.898,266.261,159.036,0.9915,0.0128,-0.0263,-0.1266,-0.10,-0.03,0.025,3.3,96044.6,0.00,0.000,0.000,2
428481,-0.048,0.029,1.004,-0.061,0.244,0.244,-70.898,266.261,159.036,0.9916,0.0119,-0.0262,-0.1263,-0.09,-0.02,0.059,3.3,96040.4,0.00,0.000,0.000,2
428681,-0.049,0.030,1.002,-0.061,0.183,0.244,-70.898,266.261,159.036,0.9916,0.0117,-0.0263,-0.1262,-0.06,0.02,0.036,3.3,96039.2,0.00,0.000,0.000,2
428881,-0.048,0.031,1.001,-0.122,0.305,0.183,-70.898,266.261,159.036,0.9916,0.0116,-0.0262,-0.1261,0.01,0.09,0.030,3.3,96036.2,0.00,0.000,0.000,2
429209,-0.050,0.032,1.001,-0.122,0.183,0.244,-70.898,266.261,159.036,0.9916,0.0120,-0.0267,-0.1261,0.02,0.09,0.027,3.4,96040.4,0.00,0.000,0.000,2
429289,-0.048,0.030,1.002,-0.122,0.305,0.244,-56.719,266.261,164.716,0.9917,0.0114,-0.0268,-0.1255,0.03,0.09,0.039,3.3,96039.1,0.00,0.000,0.000,2
429481,-0.047,0.031,1.000,-0.061,0.244,0.183,-56.719,266.261,164.716,0.9920,0.0100,-0.0270,-0.1232,-0.01,0.04,0.020,3.3,96037.8,0.00,0.000,0.000,2
429681,-0.049,0.029,1.002,-0.061,0.244,0.183,-56.719,266.261,164.716,0.9923,0.0089,-0.0270,-0.1208,-0.00,0.05,0.035,3.3,96036.2,0.00,0.000,0.000,2
429881,-0.049,0.031,1.006,-0.061,0.244,0.305,-56.719,266.261,164.716,0.9926,0.0085,-0.0270,-0.1184,0.03,0.08,0.074,3.2,96039.7,0.00,0.000,0.000,2
430081,-0.049,0.030,1.006,-0.061,0.244,0.183,-56.719,271.695,147.676,0.9929,0.0085,-0.0268,-0.1159,0.03,0.07,0.073,3.2,96039.7,0.00,0.000,0.000,2
430281,-0.049,0.030,1.000,-0.061,0.305,0.183,-56.719,271.695,147.676,0.9931,0.0086,-0.0268,-0.1134,0.06,0.09,0.021,3.2,96040.5,0.00,0.000,0.000,2
430481,-0.045,0.031,1.002,-0.183,0.305,0.244,-56.719,271.695,147.676,0.9934,0.0089,-0.0264,-0.1111,0.10,0.11,0.033,3.2,96036.8,0.00,0.000,0.000,2
430681,-0.047,0.029,1.002,-0.061,0.183,0.244,-56.719,271.695,147.676,0.9937,0.0093,-0.0264,-0.1089,0.08,0.09,0.034,3.2,96038.5,0.00,0.000,0.000,2
430881,-0.049,0.029,1.000,-0.122,0.122,0.244,-56.719,271.695,147.676,0.9939,0.0097,-0.0262,-0.1068,0.10,0.09,0.011,3.2,96041.8,0.00,0.000,0.000,2
431081,-0.049,0.031,1.003,-0.122,0.244,0.244,-56.719,271.695,147.676,0.9941,0.0104,-0.0262,-0.1049,0.11,0.09,0.045,3.2,96037.0,0.00,0.000,0.000,2
431281,-0.049,0.031,1.001,0.000,0.305,0.183,-56.719,271.695,147.676,0.9943,0.0111,-0.0261,-0.1032,0.02,0.01,0.026,3.3,96044.8,0.00,0.000,0.000,2
431481,-0.050,0.031,1.002,-0.122,0.183,0.305,-56.719,271.695,147.676,0.9944,0.0114,-0.0261,-0.1018,-0.02,-0.03,0.041,3.3,96042.6,0.00,0.000,0.000,2
431681,-0.050,0.030,1.002,-0.122,0.183,0.183,-56.719,271.695,147.676,0.9945,0.0116,-0.0259,-0.1006,-0.08,-0.06,0.036,3.2,96042.1,0.00,0.000,0.000,2
431881,-0.048,0.030,1.003,0.000,0.183,0.244,-56.719,271.695,147.676,0.9946,0.0120,-0.0257,-0.0998,-0.04,-0.01,0.044,3.3,96036.2,0.00,0.000,0.000,2
432081,-0.047,0.029,1.002,0.000,0.183,0.183,-58.491,275.771,173.235,0.9946,0.0123,-0.0258,-0.0994,-0.03,0.00,0.039,3.3,96040.5,0.00,0.000,0.000,2
432281,-0.046,0.031,1.000,-0.061,0.183,0.244,-58.491,275.771,173.235,0.9947,0.0124,-0.0255,-0.0993,-0.04,0.01,0.020,3.3,96038.3,0.00,0.000,0.000,2
432481,-0.050,0.030,1.004,-0.122,0.244,0.183,-58.491,275.771,173.235,0.9947,0.0121,-0.0257,-0.0992,-0.07,-0.02,0.060,3.3,96042.6,0.00,0.000,0.000,2
432681,-0.052,0.033,1.004,-0.061,0.366,0.122,-58.491,275.771,173.235,0.9947,0.0125,-0.0260,-0.0991,-0.05,0.01,0.057,3.3,96044.0,0.00,0.000,0.000,2
432881,-0.046,0.032,1.002,-0.061,0.244,0.244,-58.491,275.771,173.235,0.9947,0.0124,-0.0257,-0.0991,-0.01,0.05,0.035,3.3,96038.4,0.00,0.000,0.000,2
433081,-0.048,0.031,1.004,0.000,0.244,0.122,-58.491,275.771,173.235,0.9947,0.0123,-0.0257,-0.0990,0.04,0.09,0.054,3.3,96039.7,0.00,0.000,0.000,2
433281,-0.050,0.030,1.003,-0.122,0.122,0.244,-58.491,275.771,173.235,0.9947,0.0123,-0.0259,-0.0990,0.03,0.07,0.050,3.3,96040.5,0.00,0.000,0.000,2
433481,-0.049,0.029,1.002,-0.061,0.183,0.305,-58.491,275.771,173.235,0.9947,0.0125,-0.0258,-0.0990,0.01,0.04,0.035,3.3,96039.8,0.00,0.000,0.000,2
433681,-0.051,0.029,1.000,-0.061,0.244,0.244,-58.491,275.771,173.235,0.9947,0.0122,-0.0260,-0.0990,-0.02,0.02,0.022,3.3,96042.6,0.00,0.000,0.000,2
433881,-0.047,0.030,1.001,-0.061,0.183,0.183,-58.491,275.771,173.235,0.9947,0.0124,-0.0257,-0.0990,-0.07,-0.02,0.029,3.3,96038.2,0.00,0.000,0.000,2
434081,-0.050,0.030,0.998,-0.122,0.305,0.244,-53.174,268.978,159.036,0.9948,0.0118,-0.0264,-0.0974,-0.04,0.01,-0.007,3.3,96038.4,0.00,0.000,0.000,2
434281,-0.048,0.028,1.003,-0.061,0.244,0.305,-53.174,268.978,159.036,0.9950,0.0116,-0.0260,-0.0959,-0.03,0.03,0.049,3.3,96040.7,0.00,0.000,0.000,2
434481,-0.049,0.030,1.002,-0.122,0.183,0.244,-53.174,268.978,159.036,0.9951,0.0117,-0.0258,-0.0947,-0.05,0.01,0.040,3.3,96044.1,0.00,0.000,0.000,2
434681,-0.049,0.030,1.003,-0.061,0.183,0.183,-53.174,268.978,159.036,0.9952,0.0121,-0.0259,-0.0938,-0.02,0.03,0.050,3.3,96042.0,0.00,0.000,0.000,2
434881,-0.048,0.031,1.000,-0.122,0.244,0.183,-53.174,268.978,159.036,0.9952,0.0124,-0.0261,-0.0932,-0.03,0.03,0.016,3.3,96042.7,0.00,0.000,0.000,2
435081,-0.048,0.030,1.004,-0.122,0.183,0.305,-53.174,268.978,159.036,0.9953,0.0125,-0.0256,-0.0928,0.02,0.07,0.054,3.3,96041.2,0.00,0.000,0.000,2
435281,-0.048,0.030,1.001,-0.061,0.244,0.244,-53.174,268.978,159.036,0.9953,0.0125,-0.0258,-0.0925,0.05,0.09,0.030,3.3,96039.2,0.00,0.000,0.000,2
435481,-0.046,0.032,1.002,-0.122,0.183,0.244,-53.174,268.978,159.036,0.9953,0.0126,-0.0257,-0.0923,0.12,0.14,0.035,3.3,96040.7,0.00,0.000,0.000,2
435681,-0.049,0.032,1.002,-0.122,0.244,0.183,-53.174,268.978,159.036,0.9953,0.0124,-0.0256,-0.0922,0.16,0.16,0.036,3.3,96037.9,0.00,0.000,0.000,2
435881,-0.049,0.033,1.000,-0.061,0.244,0.244,-53.174,268.978,159.036,0.9953,0.0128,-0.0257,-0.0922,0.11,0.10,0.017,3.3,96042.1,0.00,0.000,0.000,2
436081,-0.048,0.030,1.003,-0.061,0.183,0.122,-60.264,266.261,176.075,0.9951,0.0137,-0.0259,-0.0945,0.11,0.08,0.049,3.4,96039.8,0.00,0.000,0.000,2
436281,-0.047,0.031,1.001,-0.061,0.305,0.244,-60.264,266.261,176.075,0.9949,0.0141,-0.0258,-0.0970,0.04,0.02,0.025,3.4,96042.8,0.00,0.000,0.000,2
436481,-0.046,0.030,1.001,0.000,0.244,0.183,-60.264,266.261,176.075,0.9946,0.0138,-0.0256,-0.0991,-0.03,-0.04,0.024,3.3,96042.1,0.00,0.000,0.000,2
436681,-0.049,0.031,0.999,-0.061,0.305,0.183,-60.264,266.261,176.075,0.9945,0.0135,-0.0257,-0.1009,-0.03,-0.03,0.007,3.3,96039.3,0.00,0.000,0.000,2
436881,-0.048,0.032,1.000,-0.122,0.244,0.183,-60.264,266.261,176.075,0.9943,0.0133,-0.0256,-0.1023,-0.08,-0.06,0.012,3.3,96043.6,0.00,0.000,0.000,2
437081,-0.049,0.030,1.003,-0.061,0.183,0.305,-60.264,266.261,176.075,0.9942,0.0127,-0.0256,-0.1033,-0.00,0.02,0.050,3.3,96037.2,0.00,0.000,0.000,2
437281,-0.050,0.030,1.000,0.000,0.244,0.183,-60.264,266.261,176.075,0.9942,0.0126,-0.0258,-0.1040,0.01,0.03,0.021,3.3,96041.5,0.00,0.000,0.000,2
437481,-0.049,0.031,1.002,-0.122,0.183,0.183,-60.264,266.261,176.075,0.9941,0.0126,-0.0259,-0.1045,0.02,0.04,0.036,3.3,96044.3,0.00,0.000,0.000,2
437681,-0.046,0.031,1.000,0.000,0.244,0.244,-60.264,266.261,176.075,0.9941,0.0126,-0.0257,-0.1049,0.05,0.06,0.020,3.3,96039.9,0.00,0.000,0.000,2
437881,-0.048,0.032,1.001,-0.122,0.183,0.183,-60.264,266.261,176.075,0.9940,0.0126,-0.0257,-0.1051,0.03,0.04,0.026,3.3,96039.3,0.00,0.000,0.000,2
438081,-0.047,0.032,1.001,-0.122,0.244,0.244,-56.719,274.412,153.356,0.9942,0.0116,-0.0260,-0.1033,0.02,0.03,0.025,3.3,96038.7,0.00,0.000,0.000,2
438281,-0.049,0.031,1.001,-0.061,0.366,0.183,-56.719,274.412,153.356,0.9944,0.0111,-0.0262,-0.1015,-0.06,-0.04,0.031,3.3,96047.8,0.00,0.000,0.000,2
438481,-0.049,0.030,1.000,-0.061,0.244,0.183,-56.719,274.412,153.356,0.9946,0.0115,-0.0261,-0.1002,-0.08,-0.05,0.016,3.3,96043.6,0.00,0.000,0.000,2
438681,-0.050,0.031,1.000,-0.061,0.305,0.244,-56.719,274.412,153.356,0.9947,0.0118,-0.0261,-0.0992,-0.08,-0.03,0.017,3.3,96040.0,0.00,0.000,0.000,2
438881,-0.047,0.030,0.999,-0.061,0.061,0.244,-56.719,274.412,153.356,0.9947,0.0122,-0.0257,-0.0984,-0.02,0.03,0.001,3.3,96038.0,0.00,0.000,0.000,2
