Time[ms],AccX[g],AccY[g],AccZ[g],GyroX[°/s],GyroY[°/s],GyroZ[°/s],MagX[uT],MagY[uT],MagZ[uT],qW,qX,qY,qZ,AltFilt[m],VelFilt[m/s],AccVert[m/s^2],Tilt[°],PressBMP[Pa],Servo[%],PID_Gain,Cd_Gain,Estado
16501,0.048,0.048,-0.998,0.000,0.000,0.000,0.000,0.000,0.000,1.0000,0.0011,-0.0011,0.0000,0.00,-0.00,-19.59,0.17,-0.998,-0.998,86161.6,0,0.00,0.00,3
16521,0.048,0.048,-0.998,0.000,0.000,0.000,0.000,0.000,0.000,1.0000,0.0011,-0.0011,0.0000,-0.00,-0.39,-19.59,0.17,-0.998,-0.998,86161.6,0,0.00,0.00,3
16541,0.048,0.048,-0.998,0.000,0.000,0.000,0.000,0.000,0.000,1.0000,0.0011,-0.0011,0.0000,-0.01,-0.78,-19.59,0.17,-0.998,-0.998,86161.6,0,0.00,0.00,3
16561,0.048,0.048,-0.998,0.000,0.000,0.000,0.000,0.000,0.000,1.0000,0.0011,-0.0011,0.0000,-0.02,-1.18,-19.59,0.17,-0.998,-0.998,86161.6,0,0.00,0.00,3
16581,0.048,0.048,-0.998,0.000,0.000,0.000,0.000,0.000,0.000,1.0000,0.0011,-0.0011,0.0000,-0.04,-1.57,-19.59,0.17,-0.998,-0.998,86161.6,0,0.00,0.00,3
16601,0.048,0.048,-0.998,0.000,0.000,0.000,0.000,0.000,0.000,1.0000,0.0011,-0.0011,0.0000,-0.07,-1.96,-19.59,0.17,-0.998,-0.998,86161.6,0,0.00,0.00,3
16621,0.048,0.048,-0.998,0.000,0.000,0.000,0.000,0.000,0.000,1.0000,0.0011,-0.0011,0.0000,-0.10,-2.35,-19.59,0.17,-0.998,-0.998,86161.6,0,0.00,0.00,3
16641,0.048,0.048,-0.998,0.000,0.000,0.000,0.000,0.000,0.000,1.0000,0.0011,-0.0011,0.0000,-0.13,-2.74,-19.59,0.17,-0.998,-0.998,86161.6,0,0.00,0.00,3
16661,0.048,0.048,-0.998,0.000,0.000,0.000,0.000,0.000,0.000,1.0000,0.0011,-0.0011,0.0000,-0.17,-3.13,-19.59,0.17,-0.998,-0.998,86161.6,0,0.00,0.00,3
16681,0.048,0.048,-0.998,0.000,0.000,0.000,0.000,0.000,0.000,1.0000,0.0011,-0.0011,0.0000,-0.22,-3.53,-19.59,0.17,-0.998,-0.998,86161.6,0,0.00,0.00,3
16701,0.048,0.048,-0.998,0.000,0.000,0.000,0.000,0.000,0.000,1.0000,0.0011,-0.0011,0.0000,-0.27,-3.92,-19.59,0.17,-0.998,-0.998,86161.6,0,0.00,0.00,3
16721,0.048,0.048,-0.998,0.000,0.000,0.000,0.000,0.000,0.000,1.0000,0.0011,-0.0011,0.0000,-0.32,-4.31,-19.59,0.17,-0.998,-0.998,86161.6,0,0.00,0.00,3
16741,0.048,0.048,-0.998,0.000,0.000,0.000,0.000,0.000,0.000,1.0000,0.0011,-0.0011,0.0000,-0.38,-4.70,-19.59,0.17,-0.998,-0.998,86161.6,0,0.00,0.00,3
16761,0.048,0.048,-0.998,0.000,0.000,0.000,0.000,0.000,0.000,1.0000,0.0011,-0.0011,0.0000,-0.45,-5.09,-19.59,0.17,-0.998,-0.998,86161.6,0,0.00,0.00,3
16781,0.048,0.048,-0.998,0.000,0.000,0.000,0.000,0.000,0.000,1.0000,0.0011,-0.0011,0.0000,-0.52,-5.48,-19.59,0.17,-0.998,-0.998,86161.6,0,0.00,0.00,3
16801,0.048,0.048,-0.998,0.000,0.000,0.000,0.000,0.000,0.000,1.0000,0.0011,-0.0011,0.0000,-0.60,-5.87,-19.59,0.17,-0.998,-0.998,86161.6,0,0.00,0.00,3
16821,0.048,0.048,-0.998,0.000,0.000,0.000,0.000,0.000,0.000,1.0000,0.0011,-0.0011,0.0000,-0.68,-6.26,-19.59,0.17,-0.998,-0.998,86161.6,0,0.00,0.00,3
16841,0.048,0.048,-0.998,0.000,0.000,0.000,0.000,0.000,0.000,1.0000,0.0011,-0.0011,0.0000,-0.76,-6.65,-19.59,0.17,-0.998,-0.998,86161.6,0,0.00,0.00,3
16861,0.048,0.048,-0.998,0.000,0.000,0.000,0.000,0.000,0.000,1.0000,0.0011,-0.0011,0.0000,-0.85,-7.04,-19.59,0.17,-0.998,-0.998,86161.6,0,0.00,0.00,3
16881,0.048,0.048,-0.998,0.000,0.000,0.000,0.000,0.000,0.000,1.0000,0.0011,-0.0011,0.0000,-0.95,-7.43,-19.59,0.17,-0.998,-0.998,86161.6,0,0.00,0.00,3
16901,0.048,0.048,-0.998,0.000,0.000,0.000,0.000,0.000,0.000,1.0000,0.0011,-0.0011,0.0000,-1.05,-7.82,-19.59,0.17,-0.998,-0.998,86161.6,0,0.00,0.00,3
16921,0.048,0.048,-0.998,0.000,0.000,0.000,0.000,0.000,0.000,1.0000,0.0011,-0.0011,0.0000,-1.16,-8.21,-19.59,0.17,-0.998,-0.998,86161.6,0,0.00,0.00,3
16941,0.048,0.048,-0.998,0.000,0.000,0.000,0.000,0.000,0.000,1.0000,0.0011,-0.0011,0.0000,-1.27,-8.60,-19.59,0.17,-0.998,-0.998,86161.6,0,0.00,0.00,3
16961,0.048,0.048,-0.998,0.000,0.000,0.000,0.000,0.000,0.000,1.0000,0.0011,-0.0011,0.0000,-1.39,-8.98,-19.59,0.17,-0.998,-0.998,86161.6,0,0.00,0.00,3
16981,0.048,0.048,-0.998,0.000,0.000,0.000,0.000,0.000,0.000,1.0000,0.0011,-0.0011,0.0000,-1.51,-9.37,-19.59,0.17,-0.998,-0.998,86161.6,0,0.00,0.00,3
17001,0.048,0.048,-0.998,0.000,0.000,0.000,0.000,0.000,0.000,1.0000,0.0011,-0.0011,0.0000,-1.64,-9.75,-19.59,0.17,-0.998,-0.998,86161.6,0,0.00,0.00,3
17021,0.048,0.048,-0.998,0.000,0.000,0.000,0.000,0.000,0.000,1.0000,0.0011,-0.0011,0.0000,-1.77,-10.13,-19.59,0.17,-0.998,-0.998,86161.6,0,0.00,0.00,3
17041,0.048,0.048,-0.998,0.000,0.000,0.000,0.000,0.000,0.000,1.0000,0.0011,-0.0011,0.0000,-1.90,-10.51,-19.59,0.17,-0.998,-0.998,86161.6,0,0.00,0.00,3
17061,0.048,0.048,-0.998,0.000,0.000,0.000,0.000,0.000,0.000,1.0000,0.0011,-0.0011,0.0000,-2.04,-10.89,-19.59,0.17,-0.998,-0.998,86161.6,0,0.00,0.00,3
17081,0.048,0.048,-0.998,0.000,0.000,0.000,0.000,0.000,0.000,1.0000,0.0011,-0.0011,0.0000,-2.19,-11.27,-19.59,0.17,-0.998,-0.998,86161.6,0,0.00,0.00,3
17101,0.048,0.048,-0.998,0.000,0.000,0.000,0.000,0.000,0.000,1.0000,0.0011,-0.0011,0.0000,-2.34,-11.64,-19.59,0.17,-0.998,-0.998,86161.6,0,0.00,0.00,3
17121,0.048,0.048,-0.998,0.000,0.000,0.000,0.000,0.000,0.000,1.0000,0.0011,-0.0011,0.0000,-2.49,-12.02,-19.59,0.17,-0.998,-0.998,86161.6,0,0.00,0.00,3
17141,0.048,0.048,-0.998,0.000,0.000,0.000,0.000,0.000,0.000,1.0000,0.0011,-0.0011,0.0000,-2.65,-12.39,-19.59,0.17,-0.998,-0.998,86161.6,0,0.00,0.00,3
17161,0.048,0.048,-0.998,0.000,0.000,0.000,0.000,0.000,0.000,1.0000,0.0011,-0.0011,0.0000,-2.81,-12.75,-19.59,0.17,-0.998,-0.998,86161.6,0,0.00,0.00,3
17181,0.048,0.048,-0.998,0.000,0.000,0.000,0.000,0.000,0.000,1.0000,0.0011,-0.0011,0.0000,-2.98,-13.12,-19.59,0.17,-0.998,-0.998,86161.6,0,0.00,0.00,3
17201,0.048,0.048,-0.998,0.000,0.000,0.000,0.000,0.000,0.000,1.0000,0.0011,-0.0011,0.0000,-3.15,-13.48,-19.59,0.17,-0.998,-0.998,86161.6,0,0.00,0.00,3
17221,0.048,0.048,-0.998,0.000,0.000,0.000,0.000,0.000,0.000,1.0000,0.0011,-0.0011,0.0000,-3.32,-13.84,-19.59,0.17,-0.998,-0.998,86161.6,0,0.00,0.00,3
17241,0.048,0.048,-0.998,0.000,0.000,0.000,0.000,0.000,0.000,1.0000,0.0011,-0.0011,0.0000,-3.50,-14.19,-19.59,0.17,-0.998,-0.998,86161.6,0,0.00,0.00,3
17261,0.048,0.048,-0.998,0.000,0.000,0.000,0.000,0.000,0.000,1.0000,0.0011,-0.0011,0.0000,-3.68,-14.54,-19.59,0.17,-0.998,-0.998,86161.6,0,0.00,0.00,3
17281,0.048,0.048,-0.998,0.000,0.000,0.000,0.000,0.000,0.000,1.0000,0.0011,-0.0011,0.0000,-3.86,-14.88,-19.59,0.17,-0.998,-0.998,86161.6,0,0.00,0.00,3
17301,0.048,0.048,-0.998,0.000,0.000,0.000,0.000,0.000,0.000,1.0000,0.0011,-0.0011,0.0000,-4.05,-15.22,-19.59,0.17,-0.998,-0.998,86161.6,0,0.00,0.00,3
17321,0.048,0.048,-0.998,0.000,0.000,0.000,0.000,0.000,0.000,1.0000,0.0011,-0.0011,0.0000,-4.24,-15.56,-19.59,0.17,-0.998,-0.998,86161.6,0,0.00,0.00,3
17341,0.048,0.048,-0.998,0.000,0.000,0.000,0.000,0.000,0.000,1.0000,0.0011,-0.0011,0.0000,-4.43,-15.89,-19.59,0.17,-0.998,-0.998,86161.6,0,0.00,0.00,3
17361,0.048,0.048,-0.998,0.000,0.000,0.000,0.000,0.000,0.000,1.0000,0.0011,-0.0011,0.0000,-4.62,-16.22,-19.59,0.17,-0.998,-0.998,86161.6,0,0.00,0.00,3
17381,0.048,0.048,-0.998,0.000,0.000,0.000,0.000,0.000,0.000,1.0000,0.0011,-0.0011,0.0000,-4.82,-16.54,-19.59,0.17,-0.998,-0.998,86161.6,0,0.00,0.00,3
17401,0.048,0.048,-0.998,0.000,0.000,0.000,0.000,0.000,0.000,1.0000,0.0011,-0.0011,0.0000,-5.01,-16.85,-19.59,0.17,-0.998,-0.998,86161.6,0,0.00,0.00,3
17421,0.048,0.048,-0.998,0.000,0.000,0.000,0.000,0.000,0.000,1.0000,0.0011,-0.0011,0.0000,-5.21,-17.16,-19.59,0.17,-0.998,-0.998,86161.6,0,0.00,0.00,3
17441,0.048,0.048,-0.998,0.000,0.000,0.000,0.000,0.000,0.000,1.0000,0.0011,-0.0011,0.0000,-5.41,-17.46,-19.59,0.17,-0.998,-0.998,86161.6,0,0.00,0.00,3
17461,0.048,0.048,-0.998,0.000,0.000,0.000,0.000,0.000,0.000,1.0000,0.0011,-0.0011,0.0000,-5.61,-17.75,-19.59,0.17,-0.998,-0.998,86161.6,0,0.00,0.00,3
17481,0.048,0.048,-0.998,0.000,0.000,0.000,0.000,0.000,0.000,1.0000,0.0011,-0.0011,0.0000,-5.81,-18.04,-19.59,0.17,-0.998,-0.998,86161.6,0,0.00,0.00,3
17501,0.048,0.048,-0.998,0.000,0.000,0.000,0.000,0.000,0.000,1.0000,0.0011,-0.0011,0.0000,-6.01,-18.32,-19.59,0.17,-0.998,-0.998,86161.6,0,0.00,0.00,3
17521,0.048,0.048,-0.998,0.000,0.000,0.000,0.000,0.000,0.000,1.0000,0.0011,-0.0011,0.0000,-6.21,-18.59,-19.59,0.17,-0.998,-0.998,86161.6,0,0.00,0.00,3
17541,0.048,0.048,-0.998,0.000,0.000,0.000,0.000,0.000,0.000,1.0000,0.0011,-0.0011,0.0000,-6.41,-18.85,-19.59,0.17,-0.998,-0.998,86161.6,0,0.00,0.00,3
17561,0.048,0.048,-0.998,0.000,0.000,0.000,0.000,0.000,0.000,1.0000,0.0011,-0.0011,0.0000,-6.61,-19.11,-19.59,0.17,-0.998,-0.998,86161.6,0,0.00,0.00,3
17581,0.048,0.048,-0.998,0.000,0.000,0.000,0.000,0.000,0.000,1.0000,0.0011,-0.0011,0.0000,-6.81,-19.36,-19.59,0.17,-0.998,-0.998,86161.6,0,0.00,0.00,3
17601,0.048,0.048,-0.998,0.000,0.000,0.000,0.000,0.000,0.000,1.0000,0.0011,-0.0011,0.0000,-7.01,-19.59,-19.59,0.17,-0.998,-0.998,86161.6,0,0.00,0.00,3
17621,0.048,0.048,-0.998,0.000,0.000,0.000,0.000,0.000,0.000,1.0000,0.0011,-0.0011,0.0000,-7.21,-19.82,-19.59,0.17,-0.998,-0.998,86161.6,0,0.00,0.00,3
17641,0.048,0.048,-0.998,0.000,0.000,0.000,0.000,0.000,0.000,1.0000,0.0011,-0.0011,0.0000,-7.40,-20.04,-19.59,0.17,-0.998,-0.998,86161.6,0,0.00,0.00,3
17661,0.048,0.048,-0.998,0.000,0.000,0.000,0.000,0.000,0.000,1.0000,0.0011,-0.0011,0.0000,-7.59,-20.26,-19.59,0.17,-0.998,-0.998,86161.6,0,0.00,0.00,3
17681,0.048,0.048,-0.998,0.000,0.000,0.000,0.000,0.000,0.000,1.0000,0.0011,-0.0011,0.0000,-7.78,-20.46,-19.59,0.17,-0.998,-0.998,86161.6,0,0.00,0.00,3
17701,0.048,0.048,-0.998,0.000,0.000,0.000,0.000,0.000,0.000,1.0000,0.0011,-0.0011,0.0000,-7.97,-20.65,-19.59,0.17,-0.998,-0.998,86161.6,0,0.00,0.00,3
17721,0.048,0.048,-0.998,0.000,0.000,0.000,0.000,0.000,0.000,1.0000,0.0011,-0.0011,0.0000,-8.15,-20.84,-19.59,0.17,-0.998,-0.998,86161.6,0,0.00,0.00,3
17741,0.048,0.048,-0.998,0.000,0.000,0.000,0.000,0.000,0.000,1.0000,0.0011,-0.0011,0.0000,-8.33,-21.01,-19.59,0.17,-0.998,-0.998,86161.6,0,0.00,0.00,3
17761,0.048,0.048,-0.998,0.000,0.000,0.000,0.000,0.000,0.000,1.0000,0.0011,-0.0011,0.0000,-8.51,-21.18,-19.59,0.17,-0.998,-0.998,86161.6,0,0.00,0.00,3
17781,0.048,0.048,-0.998,0.000,0.000,0.000,0.000,0.000,0.000,1.0000,0.0011,-0.0011,0.0000,-8.68,-21.33,-19.59,0.17,-0.998,-0.998,86161.6,0,0.00,0.00,3
17801,0.048,0.048,-0.998,0.000,0.000,0.000,0.000,0.000,0.000,1.0000,0.0011,-0.0011,0.0000,-8.85,-21.48,-19.59,0.17,-0.998,-0.998,86161.6,0,0.00,0.00,3
17821,0.048,0.048,-0.998,0.000,0.000,0.000,0.000,0.000,0.000,1.0000,0.0011,-0.0011,0.0000,-9.01,-21.62,-19.59,0.17,-0.998,-0.998,86161.6,0,0.00,0.00,3
17841,0.048,0.048,-0.998,0.000,0.000,0.000,0.000,0.000,0.000,1.0000,0.0011,-0.0011,0.0000,-9.17,-21.75,-19.59,0.17,-0.998,-0.998,86161.6,0,0.00,0.00,3
17861,0.048,0.048,-0.998,0.000,0.000,0.000,0.000,0.000,0.000,1.0000,0.0011,-0.0011,0.0000,-9.33,-21.86,-19.59,0.17,-0.998,-0.998,86161.6,0,0.00,0.00,3
17881,0.048,0.048,-0.998,0.000,0.000,0.000,0.000,0.000,0.000,1.0000,0.0011,-0.0011,0.0000,-9.48,-21.97,-19.59,0.17,-0.998,-0.998,86161.6,0,0.00,0.00,3
17901,0.048,0.048,-0.998,0.000,0.000,0.000,0.000,0.000,0.000,1.0000,0.0011,-0.0011,0.0000,-9.63,-22.08,-19.59,0.17,-0.998,-0.998,86161.6,0,0.00,0.00,3
17921,0.048,0.048,-0.998,0.000,0.000,0.000,0.000,0.000,0.000,1.0000,0.0011,-0.0011,0.0000,-9.77,-22.17,-19.59,0.17,-0.998,-0.998,86161.6,0,0.00,0.00,3
17941,0.048,0.048,-0.998,0.000,0.000,0.000,0.000,0.000,0.000,1.0000,0.0011,-0.0011,0.0000,-9.90,-22.25,-19.59,0.17,-0.998,-0.998,86161.6,0,0.00,0.00,3
17961,0.048,0.048,-0.998,0.000,0.000,0.000,0.000,0.000,0.000,1.0000,0.0011,-0.0011,0.0000,-10.04,-22.33,-19.59,0.17,-0.998,-0.998,86161.6,0,0.00,0.00,3
17981,0.048,0.048,-0.998,0.000,0.000,0.000,0.000,0.000,0.000,1.0000,0.0011,-0.0011,0.0000,-10.16,-22.40,-19.59,0.17,-0.998,-0.998,86161.6,0,0.00,0.00,3
18001,0.048,0.048,-0.998,0.000,0.000,0.000,0.000,0.000,0.000,1.0000,0.0011,-0.0011,0.0000,-10.28,-22.45,-19.59,0.17,-0.998,-0.998,86161.6,0,0.00,0.00,3
18021,0.048,0.048,-0.998,0.000,0.000,0.000,0.000,0.000,0.000,1.0000,0.0011,-0.0011,0.0000,-10.40,-22.51,-19.59,0.17,-0.998,-0.998,86161.6,0,0.00,0.00,3
18041,0.048,0.048,-0.998,0.000,0.000,0.000,0.000,0.000,0.000,1.0000,0.0011,-0.0011,0.0000,-10.51,-22.55,-19.59,0.17,-0.998,-0.998,86161.6,0,0.00,0.00,3
18061,0.048,0.048,-0.998,0.000,0.000,0.000,0.000,0.000,0.000,1.0000,0.0011,-0.0011,0.0000,-10.61,-22.59,-19.59,0.17,-0.998,-0.998,86161.6,0,0.00,0.00,3
18081,0.048,0.048,-0.998,0.000,0.000,0.000,0.000,0.000,0.000,1.0000,0.0011,-0.0011,0.0000,-10.71,-22.62,-19.59,0.17,-0.998,-0.998,86161.6,0,0.00,0.00,3
18101,0.048,0.048,-0.998,0.000,0.000,0.000,0.000,0.000,0.000,1.0000,0.0011,-0.0011,0.0000,-10.80,-22.65,-19.59,0.17,-0.998,-0.998,86161.6,0,0.00,0.00,3
18121,0.048,0.048,-0.998,0.000,0.000,0.000,0.000,0.000,0.000,1.0000,0.0011,-0.0011,0.0000,-10.89,-22.66,-19.59,0.17,-0.998,-0.998,86161.6,0,0.00,0.00,3
18141,0.048,0.048,-0.998,0.000,0.000,0.000,0.000,0.000,0.000,1.0000,0.0011,-0.0011,0.0000,-10.97,-22.68,-19.59,0.17,-0.998,-0.998,86161.6,0,0.00,0.00,3
18161,0.048,0.048,-0.998,0.000,0.000,0.000,0.000,0.000,0.000,1.0000,0.0011,-0.0011,0.0000,-11.05,-22.68,-19.59,0.17,-0.998,-0.998,86161.6,0,0.00,0.00,3
18181,0.048,0.048,-0.998,0.000,0.000,0.000,0.000,0.000,0.000,1.0000,0.0011,-0.0011,0.0000,-11.12,-22.68,-19.59,0.17,-0.998,-0.998,86161.6,0,0.00,0.00,3
18201,0.048,0.048,-0.998,0.000,0.000,0.000,0.000,0.000,0.000,1.0000,0.0011,-0.0011,0.0000,-11.19,-22.68,-19.59,0.17,-0.998,-0.998,86161.6,0,0.00,0.00,3
18221,0.048,0.048,-0.998,0.000,0.000,0.000,0.000,0.000,0.000,1.0000,0.0011,-0.0011,0.0000,-11.26,-22.67,-19.59,0.17,-0.998,-0.998,86161.6,0,0.00,0.00,3
18241,0.048,0.048,-0.998,0.000,0.000,0.000,0.000,0.000,0.000,1.0000,0.0011,-0.0011,0.0000,-11.31,-22.66,-19.59,0.17,-0.998,-0.998,86161.6,0,0.00,0.00,3
18261,0.048,0.048,-0.998,0.000,0.000,0.000,0.000,0.000,0.000,1.0000,0.0011,-0.0011,0.0000,-11.37,-22.65,-19.59,0.17,-0.998,-0.998,86161.6,0,0.00,0.00,3
18281,0.048,0.048,-0.998,0.000,0.000,0.000,0.000,0.000,0.000,1.0000,0.0011,-0.0011,0.0000,-11.42,-22.63,-19.59,0.17,-0.998,-0.998,86161.6,0,0.00,0.00,3
18301,0.048,0.048,-0.998,0.000,0.000,0.000,0.000,0.000,0.000,1.0000,0.0011,-0.0011,0.0000,-11.46,-22.60,-19.59,0.17,-0.998,-0.998,86161.6,0,0.00,0.00,3
18321,0.048,0.048,-0.998,0.000,0.000,0.000,0.000,0.000,0.000,1.0000,0.0011,-0.0011,0.0000,-11.51,-22.58,-19.59,0.17,-0.998,-0.998,86161.6,0,0.00,0.00,3
18341,0.048,0.048,-0.998,0.000,0.000,0.000,0.000,0.000,0.000,1.0000,0.0011,-0.0011,0.0000,-11.54,-22.55,-19.59,0.17,-0.998,-0.998,86161.6,0,0.00,0.00,3
18361,0.048,0.048,-0.998,0.000,0.000,0.000,0.000,0.000,0.000,1.0000,0.0011,-0.0011,0.0000,-11.58,-22.51,-19.59,0.17,-0.998,-0.998,86161.6,0,0.00,0.00,3
18381,0.048,0.048,-0.998,0.000,0.000,0.000,0.000,0.000,0.000,1.0000,0.0011,-0.0011,0.0000,-11.61,-22.48,-19.59,0.17,-0.998,-0.998,86161.6,0,0.00,0.00,3
18401,0.048,0.048,-0.998,0.000,0.000,0.000,0.000,0.000,0.000,1.0000,0.0011,-0.0011,0.0000,-11.63,-22.44,-19.59,0.17,-0.998,-0.998,86161.6,0,0.00,0.00,3
18421,0.048,0.048,-0.998,0.000,0.000,0.000,0.000,0.000,0.000,1.0000,0.0011,-0.0011,0.0000,-11.66,-22.41,-19.59,0.17,-0.998,-0.998,86161.6,0,0.00,0.00,3
18441,0.048,0.048,-0.998,0.000,0.000,0.000,0.000,0.000,0.000,1.0000,0.0011,-0.0011,0.0000,-11.68,-22.37,-19.59,0.17,-0.998,-0.998,86161.6,0,0.00,0.00,3
18461,0.048,0.048,-0.998,0.000,0.000,0.000,0.000,0.000,0.000,1.0000,0.0011,-0.0011,0.0000,-11.69,-22.33,-19.59,0.17,-0.998,-0.998,86161.6,0,0.00,0.00,3
18481,0.048,0.048,-0.998,0.000,0.000,0.000,0.000,0.000,0.000,1.0000,0.0011,-0.0011,0.0000,-11.71,-22.28,-19.59,0.17,-0.998,-0.998,86161.6,0,0.00,0.00,3
18501,0.048,0.048,-0.998,0.000,0.000,0.000,0.000,0.000,0.000,1.0000,0.0011,-0.0011,0.0000,-11.72,-22.24,-19.59,0.17,-0.998,-0.998,86161.6,0,0.00,0.00,3
18521,0.048,0.048,-0.998,0.000,0.000,0.000,0.000,0.000,0.000,1.0000,0.0011,-0.0011,0.0000,-11.73,-22.20,-19.59,0.17,-0.998,-0.998,86161.6,0,0.00,0.00,3
18541,0.048,0.048,-0.998,0.000,0.000,0.000,0.000,0.000,0.000,1.0000,0.0011,-0.0011,0.0000,-11.74,-22.15,-19.59,0.17,-0.998,-0.998,86161.6,0,0.00,0.00,3
18561,0.048,0.048,-0.998,0.000,0.000,0.000,0.000,0.000,0.000,1.0000,0.0011,-0.0011,0.0000,-11.74,-22.11,-19.59,0.17,-0.998,-0.998,86161.6,0,0.00,0.00,3
18581,0.048,0.048,-0.998,0.000,0.000,0.000,0.000,0.000,0.000,1.0000,0.0011,-0.0011,0.0000,-11.74,-22.06,-19.59,0.17,-0.998,-0.998,86161.6,0,0.00,0.00,3
18601,0.048,0.048,-0.998,0.000,0.000,0.000,0.000,0.000,0.000,1.0000,0.0011,-0.0011,0.0000,-11.74,-22.02,-19.59,0.17,-0.998,-0.998,86161.6,0,0.00,0.00,3
18621,0.048,0.048,-0.998,0.000,0.000,0.000,0.000,0.000,0.000,1.0000,0.0011,-0.0011,0.0000,-11.74,-21.97,-19.59,0.17,-0.998,-0.998,86161.6,0,0.00,0.00,3
18641,0.048,0.048,-0.998,0.000,0.000,0.000,0.000,0.000,0.000,1.0000,0.0011,-0.0011,0.0000,-11.74,-21.93,-19.59,0.17,-0.998,-0.998,86161.6,0,0.00,0.00,3
18661,0.048,0.048,-0.998,0.000,0.000,0.000,0.000,0.000,0.000,1.0000,0.0011,-0.0011,0.0000,-11.74,-21.88,-19.59,0.17,-0.998,-0.998,86161.6,0,0.00,0.00,3
18681,0.048,0.048,-0.998,0.000,0.000,0.000,0.000,0.000,0.000,1.0000,0.0011,-0.0011,0.0000,-11.73,-21.84,-19.59,0.17,-0.998,-0.998,86161.6,0,0.00,0.00,3
18701,0.048,0.048,-0.998,0.000,0.000,0.000,0.000,0.000,0.000,1.0000,0.0011,-0.0011,0.0000,-11.72,-21.79,-19.59,0.17,-0.998,-0.998,86161.6,0,0.00,0.00,3
18721,0.048,0.048,-0.998,0.000,0.000,0.000,0.000,0.000,0.000,1.0000,0.0011,-0.0011,0.0000,-11.71,-21.75,-19.59,0.17,-0.998,-0.998,86161.6,0,0.00,0.00,3
18741,0.048,0.048,-0.998,0.000,0.000,0.000,0.000,0.000,0.000,1.0000,0.0011,-0.0011,0.0000,-11.71,-21.71,-19.59,0.17,-0.998,-0.998,86161.6,0,0.00,0.00,3
18761,0.048,0.048,-0.998,0.000,0.000,0.000,0.000,0.000,0.000,1.0000,0.0011,-0.0011,0.0000,-11.69,-21.67,-19.59,0.17,-0.998,-0.998,86161.6,0,0.00,0.00,3
18781,0.048,0.048,-0.998,0.000,0.000,0.000,0.000,0.000,0.000,1.0000,0.0011,-0.0011,0.0000,-11.68,-21.62,-19.59,0.17,-0.998,-0.998,86161.6,0,0.00,0.00,3
18801,0.048,0.048,-0.998,0.000,0.000,0.000,0.000,0.000,0.000,1.0000,0.0011,-0.0011,0.0000,-11.67,-21.58,-19.59,0.17,-0.998,-0.998,86161.6,0,0.00,0.00,3
18821,0.048,0.048,-0.998,0.000,0.000,0.000,0.000,0.000,0.000,1.0000,0.0011,-0.0011,0.0000,-11.66,-21.54,-19.59,0.17,-0.998,-0.998,86161.6,0,0.00,0.00,3
18841,0.048,0.048,-0.998,0.000,0.000,0.000,0.000,0.000,0.000,1.0000,0.0011,-0.0011,0.0000,-11.65,-21.51,-19.59,0.17,-0.998,-0.998,86161.6,0,0.00,0.00,3
18861,0.048,0.048,-0.998,0.000,0.000,0.000,0.000,0.000,0.000,1.0000,0.0011,-0.0011,0.0000,-11.63,-21.47,-19.59,0.17,-0.998,-0.998,86161.6,0,0.00,0.00,3
18881,0.048,0.048,-0.998,0.000,0.000,0.000,0.000,0.000,0.000,1.0000,0.0011,-0.0011,0.0000,-11.62,-21.43,-19.59,0.17,-0.998,-0.998,86161.6,0,0.00,0.00,3
18901,0.048,0.048,-0.998,0.000,0.000,0.000,0.000,0.000,0.000,1.0000,0.0011,-0.0011,0.0000,-11.60,-21.40,-19.59,0.17,-0.998,-0.998,86161.6,0,0.00,0.00,3
18921,0.048,0.048,-0.998,0.000,0.000,0.000,0.000,0.000,0.000,1.0000,0.0011,-0.0011,0.0000,-11.59,-21.36,-19.59,0.17,-0.998,-0.998,86161.6,0,0.00,0.00,3
18941,0.048,0.048,-0.998,0.000,0.000,0.000,0.000,0.000,0.000,1.0000,0.0011,-0.0011,0.0000,-11.57,-21.33,-19.59,0.17,-0.998,-0.998,86161.6,0,0.00,0.00,3
18961,0.048,0.048,-0.998,0.000,0.000,0.000,0.000,0.000,0.000,1.0000,0.0011,-0.0011,0.0000,-11.56,-21.30,-19.59,0.17,-0.998,-0.998,86161.6,0,0.00,0.00,3
18981,0.048,0.048,-0.998,0.000,0.000,0.000,0.000,0.000,0.000,1.0000,0.0011,-0.0011,0.0000,-11.54,-21.27,-19.59,0.17,-0.998,-0.998,86161.6,0,0.00,0.00,3
19001,0.048,0.048,-0.998,0.000,0.000,0.000,0.000,0.000,0.000,1.0000,0.0011,-0.0011,0.0000,-11.53,-21.24,-19.59,0.17,-0.998,-0.998,86161.6,0,0.00,0.00,3
19021,0.048,0.048,-0.998,0.000,0.000,0.000,0.000,0.000,0.000,1.0000,0.0011,-0.0011,0.0000,-11.51,-21.21,-19.59,0.17,-0.998,-0.998,86161.6,0,0.00,0.00,3
19041,0.048,0.048,-0.998,0.000,0.000,0.000,0.000,0.000,0.000,1.0000,0.0011,-0.0011,0.0000,-11.49,-21.18,-19.59,0.17,-0.998,-0.998,86161.6,0,0.00,0.00,3
19061,0.048,0.048,-0.998,0.000,0.000,0.000,0.000,0.000,0.000,1.0000,0.0011,-0.0011,0.0000,-11.48,-21.15,-19.59,0.17,-0.998,-0.998,86161.6,0,0.00,0.00,3
19081,0.048,0.048,-0.998,0.000,0.000,0.000,0.000,0.000,0.000,1.0000,0.0011,-0.0011,0.0000,-11.46,-21.13,-19.59,0.17,-0.998,-0.998,86161.6,0,0.00,0.00,3
19101,0.048,0.048,-0.998,0.000,0.000,0.000,0.000,0.000,0.000,1.0000,0.0011,-0.0011,0.0000,-11.45,-21.10,-19.59,0.17,-0.998,-0.998,86161.6,0,0.00,0.00,3
19121,0.048,0.048,-0.998,0.000,0.000,0.000,0.000,0.000,0.000,1.0000,0.0011,-0.0011,0.0000,-11.43,-21.08,-19.59,0.17,-0.998,-0.998,86161.6,0,0.00,0.00,3
19141,0.048,0.048,-0.998,0.000,0.000,0.000,0.000,0.000,0.000,1.0000,0.0011,-0.0011,0.0000,-11.42,-21.06,-19.59,0.17,-0.998,-0.998,86161.6,0,0.00,0.00,3
19161,0.048,0.048,-0.998,0.000,0.000,0.000,0.000,0.000,0.000,1.0000,0.0011,-0.0011,0.0000,-11.40,-21.04,-19.59,0.17,-0.998,-0.998,86161.6,0,0.00,0.00,3
19181,0.048,0.048,-0.998,0.000,0.000,0.000,0.000,0.000,0.000,1.0000,0.0011,-0.0011,0.0000,-11.39,-21.02,-19.59,0.17,-0.998,-0.998,86161.6,0,0.00,0.00,3
19201,0.048,0.048,-0.998,0.000,0.000,0.000,0.000,0.000,0.000,1.0000,0.0011,-0.0011,0.0000,-11.38,-21.00,-19.59,0.17,-0.998,-0.998,86161.6,0,0.00,0.00,3
19221,0.048,0.048,-0.998,0.000,0.000,0.000,0.000,0.000,0.000,1.0000,0.0011,-0.0011,0.0000,-11.36,-20.98,-19.59,0.17,-0.998,-0.998,86161.6,0,0.00,0.00,3
19241,0.048,0.048,-0.998,0.000,0.000,0.000,0.000,0.000,0.000,1.0000,0.0011,-0.0011,0.0000,-11.35,-20.96,-19.59,0.17,-0.998,-0.998,86161.6,0,0.00,0.00,3
19261,0.048,0.048,-0.998,0.000,0.000,0.000,0.000,0.000,0.000,1.0000,0.0011,-0.0011,0.0000,-11.33,-20.94,-19.59,0.17,-0.998,-0.998,86161.6,0,0.00,0.00,3
19281,0.048,0.048,-0.998,0.000,0.000,0.000,0.000,0.000,0.000,1.0000,0.0011,-0.0011,0.0000,-11.32,-20.93,-19.59,0.17,-0.998,-0.998,86161.6,0,0.00,0.00,3
19301,0.048,0.048,-0.998,0.000,0.000,0.000,0.000,0.000,0.000,1.0000,0.0011,-0.0011,0.0000,-11.31,-20.91,-19.59,0.17,-0.998,-0.998,86161.6,0,0.00,0.00,3
19321,0.048,0.048,-0.998,0.000,0.000,0.000,0.000,0.000,0.000,1.0000,0.0011,-0.0011,0.0000,-11.30,-20.90,-19.59,0.17,-0.998,-0.998,86161.6,0,0.00,0.00,3
19341,0.048,0.048,-0.998,0.000,0.000,0.000,0.000,0.000,0.000,1.0000,0.0011,-0.0011,0.0000,-11.29,-20.89,-19.59,0.17,-0.998,-0.998,86161.6,0,0.00,0.00,3
19361,0.048,0.048,-0.998,0.000,0.000,0.000,0.000,0.000,0.000,1.0000,0.0011,-0.0011,0.0000,-11.27,-20.88,-19.59,0.17,-0.998,-0.998,86161.6,0,0.00,0.00,3
19381,0.048,0.048,-0.998,0.000,0.000,0.000,0.000,0.000,0.000,1.0000,0.0011,-0.0011,0.0000,-11.26,-20.86,-19.59,0.17,-0.998,-0.998,86161.6,0,0.00,0.00,3
19401,0.048,0.048,-0.998,0.000,0.000,0.000,0.000,0.000,0.000,1.0000,0.0011,-0.0011,0.0000,-11.25,-20.85,-19.59,0.17,-0.998,-0.998,86161.6,0,0.00,0.00,3
19421,0.048,0.048,-0.998,0.000,0.000,0.000,0.000,0.000,0.000,1.0000,0.0011,-0.0011,0.0000,-11.24,-20.84,-19.59,0.17,-0.998,-0.998,86161.6,0,0.00,0.00,3
19441,0.048,0.048,-0.998,0.000,0.000,0.000,0.000,0.000,0.000,1.0000,0.0011,-0.0011,0.0000,-11.23,-20.83,-19.59,0.17,-0.998,-0.998,86161.6,0,0.00,0.00,3
19461,0.048,0.048,-0.998,0.000,0.000,0.000,0.000,0.000,0.000,1.0000,0.0011,-0.0011,0.0000,-11.22,-20.83,-19.59,0.17,-0.998,-0.998,86161.6,0,0.00,0.00,3
19481,0.048,0.048,-0.998,0.000,0.000,0.000,0.000,0.000,0.000,1.0000,0.0011,-0.0011,0.0000,-11.21,-20.82,-19.59,0.17,-0.998,-0.998,86161.6,0,0.00,0.00,3
19501,0.048,0.048,-0.998,0.000,0.000,0.000,0.000,0.000,0.000,1.0000,0.0011,-0.0011,0.0000,-11.20,-20.81,-19.59,0.17,-0.998,-0.998,86161.6,0,0.00,0.00,3
19521,0.048,0.048,-0.998,0.000,0.000,0.000,0.000,0.000,0.000,1.0000,0.0011,-0.0011,0.0000,-11.20,-20.80,-19.59,0.17,-0.998,-0.998,86161.6,0,0.00,0.00,3
19541,0.048,0.048,-0.998,0.000,0.000,0.000,0.000,0.000,0.000,1.0000,0.0011,-0.0011,0.0000,-11.19,-20.80,-19.59,0.17,-0.998,-0.998,86161.6,0,0.00,0.00,3
19561,0.048,0.048,-0.998,0.000,0.000,0.000,0.000,0.000,0.000,1.0000,0.0011,-0.0011,0.0000,-11.18,-20.79,-19.59,0.17,-0.998,-0.998,86161.6,0,0.00,0.00,3
19581,0.048,0.048,-0.998,0.000,0.000,0.000,0.000,0.000,0.000,1.0000,0.0011,-0.0011,0.0000,-11.17,-20.79,-19.59,0.17,-0.998,-0.998,86161.6,0,0.00,0.00,3
19601,0.048,0.048,-0.998,0.000,0.000,0.000,0.000,0.000,0.000,1.0000,0.0011,-0.0011,0.0000,-11.16,-20.78,-19.59,0.17,-0.998,-0.998,86161.6,0,0.00,0.00,3
19621,0.048,0.048,-0.998,0.000,0.000,0.000,0.000,0.000,0.000,1.0000,0.0011,-0.0011,0.0000,-11.16,-20.78,-19.59,0.17,-0.998,-0.998,86161.6,0,0.00,0.00,3
19641,0.048,0.048,-0.998,0.000,0.000,0.000,0.000,0.000,0.000,1.0000,0.0011,-0.0011,0.0000,-11.15,-20.78,-19.59,0.17,-0.998,-0.998,86161.6,0,0.00,0.00,3
19661,0.048,0.048,-0.998,0.000,0.000,0.000,0.000,0.000,0.000,1.0000,0.0011,-0.0011,0.0000,-11.15,-20.77,-19.59,0.17,-0.998,-0.998,86161.6,0,0.00,0.00,3
19681,0.048,0.048,-0.998,0.000,0.000,0.000,0.000,0.000,0.000,1.0000,0.0011,-0.0011,0.0000,-11.14,-20.77,-19.59,0.17,-0.998,-0.998,86161.6,0,0.00,0.00,3
19701,0.048,0.048,-0.998,0.000,0.000,0.000,0.000,0.000,0.000,1.0000,0.0011,-0.0011,0.0000,-11.13,-20.77,-19.59,0.17,-0.998,-0.998,86161.6,0,0.00,0.00,3
19721,0.048,0.048,-0.998,0.000,0.000,0.000,0.000,0.000,0.000,1.0000,0.0011,-0.0011,0.0000,-11.13,-20.77,-19.59,0.17,-0.998,-0.998,86161.6,0,0.00,0.00,3
19741,0.048,0.048,-0.998,0.000,0.000,0.000,0.000,0.000,0.000,1.0000,0.0011,-0.0011,0.0000,-11.12,-20.77,-19.59,0.17,-0.998,-0.998,86161.6,0,0.00,0.00,3
19761,0.048,0.048,-0.998,0.000,0.000,0.000,0.000,0.000,0.000,1.0000,0.0011,-0.0011,0.0000,-11.12,-20.76,-19.59,0.17,-0.998,-0.998,86161.6,0,0.00,0.00,3
19781,0.048,0.048,-0.998,0.000,0.000,0.000,0.000,0.000,0.000,1.0000,0.0011,-0.0011,0.0000,-11.11,-20.76,-19.59,0.17,-0.998,-0.998,86161.6,0,0.00,0.00,3
19801,0.048,0.048,-0.998,0.000,0.000,0.000,0.000,0.000,0.000,1.0000,0.0011,-0.0011,0.0000,-11.11,-20.76,-19.59,0.17,-0.998,-0.998,86161.6,0,0.00,0.00,3
19821,0.048,0.048,-0.998,0.000,0.000,0.000,0.000,0.000,0.000,1.0000,0.0011,-0.0011,0.0000,-11.11,-20.76,-19.59,0.17,-0.998,-0.998,86161.6,0,0.00,0.00,3
19841,0.048,0.048,-0.998,0.000,0.000,0.000,0.000,0.000,0.000,1.0000,0.0011,-0.0011,0.0000,-11.10,-20.76,-19.59,0.17,-0.998,-0.998,86161.6,0,0.00,0.00,3
19861,0.048,0.048,-0.998,0.000,0.000,0.000,0.000,0.000,0.000,1.0000,0.0011,-0.0011,0.0000,-11.10,-20.76,-19.59,0.17,-0.998,-0.998,86161.6,0,0.00,0.00,3
19881,0.048,0.048,-0.998,0.000,0.000,0.000,0.000,0.000,0.000,1.0000,0.0011,-0.0011,0.0000,-11.10,-20.76,-19.59,0.17,-0.998,-0.998,86161.6,0,0.00,0.00,3
19901,0.048,0.048,-0.998,0.000,0.000,0.000,0.000,0.000,0.000,1.0000,0.0011,-0.0011,0.0000,-11.09,-20.76,-19.59,0.17,-0.998,-0.998,86161.6,0,0.00,0.00,3
19921,0.048,0.048,-0.998,0.000,0.000,0.000,0.000,0.000,0.000,1.0000,0.0011,-0.0011,0.0000,-11.09,-20.76,-19.59,0.17,-0.998,-0.998,86161.6,0,0.00,0.00,3
19941,0.048,0.048,-0.998,0.000,0.000,0.000,0.000,0.000,0.000,1.0000,0.0011,-0.0011,0.0000,-11.09,-20.77,-19.59,0.17,-0.998,-0.998,86161.6,0,0.00,0.00,3
19961,0.048,0.048,-0.998,0.000,0.000,0.000,0.000,0.000,0.000,1.0000,0.0011,-0.0011,0.0000,-11.09,-20.77,-19.59,0.17,-0.998,-0.998,86161.6,0,0.00,0.00,3
19981,0.048,0.048,-0.998,0.000,0.000,0.000,0.000,0.000,0.000,1.0000,0.0011,-0.0011,0.0000,-11.08,-20.77,-19.59,0.17,-0.998,-0.998,86161.6,0,0.00,0.00,3
20001,0.048,0.048,-0.998,0.000,0.000,0.000,0.000,0.000,0.000,1.0000,0.0011,-0.0011,0.0000,-11.08,-20.77,-19.59,0.17,-0.998,-0.998,86161.6,0,0.00,0.00,3
20021,0.048,0.048,-0.998,0.000,0.000,0.000,0.000,0.000,0.000,1.0000,0.0011,-0.0011,0.0000,-11.08,-20.77,-19.59,0.17,-0.998,-0.998,86161.6,0,0.00,0.00,3
20041,0.048,0.048,-0.998,0.000,0.000,0.000,0.000,0.000,0.000,1.0000,0.0011,-0.0011,0.0000,-11.08,-20.77,-19.59,0.17,-0.998,-0.998,86161.6,0,0.00,0.00,3
20061,0.048,0.048,-0.998,0.000,0.000,0.000,0.000,0.000,0.000,1.0000,0.0011,-0.0011,0.0000,-11.08,-20.77,-19.59,0.17,-0.998,-0.998,86161.6,0,0.00,0.00,3
20081,0.048,0.048,-0.998,0.000,0.000,0.000,0.000,0.000,0.000,1.0000,0.0011,-0.0011,0.0000,-11.08,-20.78,-19.59,0.17,-0.998,-0.998,86161.6,0,0.00,0.00,3
20101,0.048,0.048,-0.998,0.000,0.000,0.000,0.000,0.000,0.000,1.0000,0.0011,-0.0011,0.0000,-11.08,-20.78,-19.59,0.17,-0.998,-0.998,86161.6,0,0.00,0.00,3
20121,0.048,0.048,-0.998,0.000,0.000,0.000,0.000,0.000,0.000,1.0000,0.0011,-0.0011,0.0000,-11.08,-20.78,-19.59,0.17,-0.998,-0.998,86161.6,0,0.00,0.00,3
20141,0.048,0.048,-0.998,0.000,0.000,0.000,0.000,0.000,0.000,1.0000,0.0011,-0.0011,0.0000,-11.07,-20.78,-19.59,0.17,-0.998,-0.998,86161.6,0,0.00,0.00,3
20161,0.048,0.048,-0.998,0.000,0.000,0.000,0.000,0.000,0.000,1.0000,0.0011,-0.0011,0.0000,-11.07,-20.78,-19.59,0.17,-0.998,-0.998,86161.6,0,0.00,0.00,3
20181,0.048,0.048,-0.998,0.000,0.000,0.000,0.000,0.000,0.000,1.0000,0.0011,-0.0011,0.0000,-11.07,-20.79,-19.59,0.17,-0.998,-0.998,86161.6,0,0.00,0.00,3
20201,0.048,0.048,-0.998,0.000,0.000,0.000,0.000,0.000,0.000,1.0000,0.0011,-0.0011,0.0000,-11.07,-20.79,-19.59,0.17,-0.998,-0.998,86161.6,0,0.00,0.00,3
20221,0.048,0.048,-0.998,0.000,0.000,0.000,0.000,0.000,0.000,1.0000,0.0011,-0.0011,0.0000,-11.07,-20.79,-19.59,0.17,-0.998,-0.998,86161.6,0,0.00,0.00,3
20241,0.048,0.048,-0.998,0.000,0.000,0.000,0.000,0.000,0.000,1.0000,0.0011,-0.0011,0.0000,-11.07,-20.79,-19.59,0.17,-0.998,-0.998,86161.6,0,0.00,0.00,3
20261,0.048,0.048,-0.998,0.000,0.000,0.000,0.000,0.000,0.000,1.0000,0.0011,-0.0011,0.0000,-11.07,-20.79,-19.59,0.17,-0.998,-0.998,86161.6,0,0.00,0.00,3
20281,0.048,0.048,-0.998,0.000,0.000,0.000,0.000,0.000,0.000,1.0000,0.0011,-0.0011,0.0000,-11.07,-20.80,-19.59,0.17,-0.998,-0.998,86161.6,0,0.00,0.00,3
20301,0.048,0.048,-0.998,0.000,0.000,0.000,0.000,0.000,0.000,1.0000,0.0011,-0.0011,0.0000,-11.07,-20.80,-19.59,0.17,-0.998,-0.998,86161.6,0,0.00,0.00,3
20321,0.048,0.048,-0.998,0.000,0.000,0.000,0.000,0.000,0.000,1.0000,0.0011,-0.0011,0.0000,-11.07,-20.80,-19.59,0.17,-0.998,-0.998,86161.6,0,0.00,0.00,3
20341,0.048,0.048,-0.998,0.000,0.000,0.000,0.000,0.000,0.000,1.0000,0.0011,-0.0011,0.0000,-11.07,-20.80,-19.59,0.17,-0.998,-0.998,86161.6,0,0.00,0.00,3
20361,0.048,0.048,-0.998,0.000,0.000,0.000,0.000,0.000,0.000,1.0000,0.0011,-0.0011,0.0000,-11.07,-20.80,-19.59,0.17,-0.998,-0.998,86161.6,0,0.00,0.00,3
20381,0.048,0.048,-0.998,0.000,0.000,0.000,0.000,0.000,0.000,1.0000,0.0011,-0.0011,0.0000,-11.07,-20.81,-19.59,0.17,-0.998,-0.998,86161.6,0,0.00,0.00,3
20401,0.048,0.048,-0.998,0.000,0.000,0.000,0.000,0.000,0.000,1.0000,0.0011,-0.0011,0.0000,-11.07,-20.81,-19.59,0.17,-0.998,-0.998,86161.6,0,0.00,0.00,3
20421,0.048,0.048,-0.998,0.000,0.000,0.000,0.000,0.000,0.000,1.0000,0.0011,-0.0011,0.0000,-11.07,-20.81,-19.59,0.17,-0.998,-0.998,86161.6,0,0.00,0.00,3
20441,0.048,0.048,-0.998,0.000,0.000,0.000,0.000,0.000,0.000,1.0000,0.0011,-0.0011,0.0000,-11.07,-20.81,-19.59,0.17,-0.998,-0.998,86161.6,0,0.00,0.00,3
20461,0.048,0.048,-0.998,0.000,0.000,0.000,0.000,0.000,0.000,1.0000,0.0011,-0.0011,0.0000,-11.07,-20.81,-19.59,0.17,-0.998,-0.998,86161.6,0,0.00,0.00,3
20481,0.048,0.048,-0.998,0.000,0.000,0.000,0.000,0.000,0.000,1.0000,0.0011,-0.0011,0.0000,-11.07,-20.82,-19.59,0.17,-0.998,-0.998,86161.6,0,0.00,0.00,3
20501,0.048,0.048,-0.998,0.000,0.000,0.000,0.000,0.000,0.000,1.0000,0.0011,-0.0011,0.0000,-11.07,-20.82,-19.59,0.17,-0.998,-0.998,86161.6,0,0.00,0.00,3
20521,0.048,0.048,-0.998,0.000,0.000,0.000,0.000,0.000,0.000,1.0000,0.0011,-0.0011,0.0000,-11.08,-20.82,-19.59,0.17,-0.998,-0.998,86161.6,0,0.00,0.00,3
20541,0.048,0.048,-0.998,0.000,0.000,0.000,0.000,0.000,0.000,1.0000,0.0011,-0.0011,0.0000,-11.08,-20.82,-19.59,0.17,-0.998,-0.998,86161.6,0,0.00,0.00,3
20561,0.048,0.048,-0.998,0.000,0.000,0.000,0.000,0.000,0.000,1.0000,0.0011,-0.0011,0.0000,-11.08,-20.82,-19.59,0.17,-0.998,-0.998,86161.6,0,0.00,0.00,3
20581,0.048,0.048,-0.998,0.000,0.000,0.000,0.000,0.000,0.000,1.0000,0.0011,-0.0011,0.0000,-11.08,-20.82,-19.59,0.17,-0.998,-0.998,86161.6,0,0.00,0.00,3
20601,0.048,0.048,-0.998,0.000,0.000,0.000,0.000,0.000,0.000,1.0000,0.0011,-0.0011,0.0000,-11.08,-20.83,-19.59,0.17,-0.998,-0.998,86161.6,0,0.00,0.00,3
20621,0.048,0.048,-0.998,0.000,0.000,0.000,0.000,0.000,0.000,1.0000,0.0011,-0.0011,0.0000,-11.08,-20.83,-19.59,0.17,-0.998,-0.998,86161.6,0,0.00,0.00,3
20641,0.048,0.048,-0.998,0.000,0.000,0.000,0.000,0.000,0.000,1.0000,0.0011,-0.0011,0.0000,-11.08,-20.83,-19.59,0.17,-0.998,-0.998,86161.6,0,0.00,0.00,3
20661,0.048,0.048,-0.998,0.000,0.000,0.000,0.000,0.000,0.000,1.0000,0.0011,-0.0011,0.0000,-11.08,-20.83,-19.59,0.17,-0.998,-0.998,86161.6,0,0.00,0.00,3
20681,0.048,0.048,-0.998,0.000,0.000,0.000,0.000,0.000,0.000,1.0000,0.0011,-0.0011,0.0000,-11.08,-20.83,-19.59,0.17,-0.998,-0.998,86161.6,0,0.00,0.00,3
20701,0.048,0.048,-0.998,0.000,0.000,0.000,0.000,0.000,0.000,1.0000,0.0011,-0.0011,0.0000,-11.08,-20.83,-19.59,0.17,-0.998,-0.998,86161.6,0,0.00,0.00,3
20721,0.048,0.048,-0.998,0.000,0.000,0.000,0.000,0.000,0.000,1.0000,0.0011,-0.0011,0.0000,-11.08,-20.84,-19.59,0.17,-0.998,-0.998,86161.6,0,0.00,0.00,3
20741,0.048,0.048,-0.998,0.000,0.000,0.000,0.000,0.000,0.000,1.0000,0.0011,-0.0011,0.0000,-11.08,-20.84,-19.59,0.17,-0.998,-0.998,86161.6,0,0.00,0.00,3
20761,0.048,0.048,-0.998,0.000,0.000,0.000,0.000,0.000,0.000,1.0000,0.0011,-0.0011,0.0000,-11.08,-20.84,-19.59,0.17,-0.998,-0.998,86161.6,0,0.00,0.00,3
20781,0.048,0.048,-0.998,0.000,0.000,0.000,0.000,0.000,0.000,1.0000,0.0011,-0.0011,0.0000,-11.08,-20.84,-19.59,0.17,-0.998,-0.998,86161.6,0,0.00,0.00,3
20801,0.048,0.048,-0.998,0.000,0.000,0.000,0.000,0.000,0.000,1.0000,0.0011,-0.0011,0.0000,-11.08,-20.84,-19.59,0.17,-0.998,-0.998,86161.6,0,0.00,0.00,3
20821,0.048,0.048,-0.998,0.000,0.000,0.000,0.000,0.000,0.000,1.0000,0.0011,-0.0011,0.0000,-11.09,-20.84,-19.59,0.17,-0.998,-0.998,86161.6,0,0.00,0.00,3
20841,0.048,0.048,-0.998,0.000,0.000,0.000,0.000,0.000,0.000,1.0000,0.0011,-0.0011,0.0000,-11.09,-20.84,-19.59,0.17,-0.998,-0.998,86161.6,0,0.00,0.00,3
20861,0.048,0.048,-0.998,0.000,0.000,0.000,0.000,0.000,0.000,1.0000,0.0011,-0.0011,0.0000,-11.09,-20.84,-19.59,0.17,-0.998,-0.998,86161.6,0,0.00,0.00,3
20881,0.048,0.048,-0.998,0.000,0.000,0.000,0.000,0.000,0.000,1.0000,0.0011,-0.0011,0.0000,-11.09,-20.84,-19.59,0.17,-0.998,-0.998,86161.6,0,0.00,0.00,3
20901,0.048,0.048,-0.998,0.000,0.000,0.000,0.000,0.000,0.000,1.0000,0.0011,-0.0011,0.0000,-11.09,-20.85,-19.59,0.17,-0.998,-0.998,86161.6,0,0.00,0.00,3
20921,0.048,0.048,-0.998,0.000,0.000,0.000,0.000,0.000,0.000,1.0000,0.0011,-0.0011,0.0000,-11.09,-20.85,-19.59,0.17,-0.998,-0.998,86161.6,0,0.00,0.00,3
20941,0.048,0.048,-0.998,0.000,0.000,0.000,0.000,0.000,0.000,1.0000,0.0011,-0.0011,0.0000,-11.09,-20.85,-19.59,0.17,-0.998,-0.998,86161.6,0,0.00,0.00,3
20961,0.048,0.048,-0.998,0.000,0.000,0.000,0.000,0.000,0.000,1.0000,0.0011,-0.0011,0.0000,-11.09,-20.85,-19.59,0.17,-0.998,-0.998,86161.6,0,0.00,0.00,3
20981,0.048,0.048,-0.998,0.000,0.000,0.000,0.000,0.000,0.000,1.0000,0.0011,-0.0011,0.0000,-11.09,-20.85,-19.59,0.17,-0.998,-0.998,86161.6,0,0.00,0.00,3
21001,0.048,0.048,-0.998,0.000,0.000,0.000,0.000,0.000,0.000,1.0000,0.0011,-0.0011,0.0000,-11.09,-20.85,-19.59,0.17,-0.998,-0.998,86161.6,0,0.00,0.00,3
21021,0.048,0.048,-0.998,0.000,0.000,0.000,0.000,0.000,0.000,1.0000,0.0011,-0.0011,0.0000,-11.09,-20.85,-19.59,0.17,-0.998,-0.998,86161.6,0,0.00,0.00,3
21041,0.048,0.048,-0.998,0.000,0.000,0.000,0.000,0.000,0.000,1.0000,0.0011,-0.0011,0.0000,-11.09,-20.85,-19.59,0.17,-0.998,-0.998,86161.6,0,0.00,0.00,3
21061,0.048,0.048,-0.998,0.000,0.000,0.000,0.000,0.000,0.000,1.0000,0.0011,-0.0011,0.0000,-11.09,-20.85,-19.59,0.17,-0.998,-0.998,86161.6,0,0.00,0.00,3
21081,0.048,0.048,-0.998,0.000,0.000,0.000,0.000,0.000,0.000,1.0000,0.0011,-0.0011,0.0000,-11.09,-20.85,-19.59,0.17,-0.998,-0.998,86161.6,0,0.00,0.00,3
21101,0.048,0.048,-0.998,0.000,0.000,0.000,0.000,0.000,0.000,1.0000,0.0011,-0.0011,0.0000,-11.09,-20.85,-19.59,0.17,-0.998,-0.998,86161.6,0,0.00,0.00,3
21121,0.048,0.048,-0.998,0.000,0.000,0.000,0.000,0.000,0.000,1.0000,0.0011,-0.0011,0.0000,-11.09,-20.85,-19.59,0.17,-0.998,-0.998,86161.6,0,0.00,0.00,3
21141,0.048,0.048,-0.998,0.000,0.000,0.000,0.000,0.000,0.000,1.0000,0.0011,-0.0011,0.0000,-11.09,-20.85,-19.59,0.17,-0.998,-0.998,86161.6,0,0.00,0.00,3
21161,0.048,0.048,-0.998,0.000,0.000,0.000,0.000,0.000,0.000,1.0000,0.0011,-0.0011,0.0000,-11.09,-20.85,-19.59,0.17,-0.998,-0.998,86161.6,0,0.00,0.00,3
21181,0.048,0.048,-0.998,0.000,0.000,0.000,0.000,0.000,0.000,1.0000,0.0011,-0.0011,0.0000,-11.09,-20.86,-19.59,0.17,-0.998,-0.998,86161.6,0,0.00,0.00,3
21201,0.048,0.048,-0.998,0.000,0.000,0.000,0.000,0.000,0.000,1.0000,0.0011,-0.0011,0.0000,-11.10,-20.86,-19.59,0.17,-0.998,-0.998,86161.6,0,0.00,0.00,3
21221,0.048,0.048,-0.998,0.000,0.000,0.000,0.000,0.000,0.000,1.0000,0.0011,-0.0011,0.0000,-11.10,-20.86,-19.59,0.17,-0.998,-0.998,86161.6,0,0.00,0.00,3
21241,0.048,0.048,-0.998,0.000,0.000,0.000,0.000,0.000,0.000,1.0000,0.0011,-0.0011,0.0000,-11.10,-20.86,-19.59,0.17,-0.998,-0.998,86161.6,0,0.00,0.00,3
21261,0.048,0.048,-0.998,0.000,0.000,0.000,0.000,0.000,0.000,1.0000,0.0011,-0.0011,0.0000,-11.10,-20.86,-19.59,0.17,-0.998,-0.998,86161.6,0,0.00,0.00,3
21281,0.048,0.048,-0.998,0.000,0.000,0.000,0.000,0.000,0.000,1.0000,0.0011,-0.0011,0.0000,-11.10,-20.86,-19.59,0.17,-0.998,-0.998,86161.6,0,0.00,0.00,3
21301,0.048,0.048,-0.998,0.000,0.000,0.000,0.000,0.000,0.000,1.0000,0.0011,-0.0011,0.0000,-11.10,-20.86,-19.59,0.17,-0.998,-0.998,86161.6,0,0.00,0.00,3
21321,0.048,0.048,-0.998,0.000,0.000,0.000,0.000,0.000,0.000,1.0000,0.0011,-0.0011,0.0000,-11.10,-20.86,-19.59,0.17,-0.998,-0.998,86161.6,0,0.00,0.00,3
21341,0.048,0.048,-0.998,0.000,0.000,0.000,0.000,0.000,0.000,1.0000,0.0011,-0.0011,0.0000,-11.10,-20.86,-19.59,0.17,-0.998,-0.998,86161.6,0,0.00,0.00,3
21361,0.048,0.048,-0.998,0.000,0.000,0.000,0.000,0.000,0.000,1.0000,0.0011,-0.0011,0.0000,-11.10,-20.86,-19.59,0.17,-0.998,-0.998,86161.6,0,0.00,0.00,3
21381,0.048,0.048,-0.998,0.000,0.000,0.000,0.000,0.000,0.000,1.0000,0.0011,-0.0011,0.0000,-11.10,-20.86,-19.59,0.17,-0.998,-0.998,86161.6,0,0.00,0.00,3
21401,0.048,0.048,-0.998,0.000,0.000,0.000,0.000,0.000,0.000,1.0000,0.0011,-0.0011,0.0000,-11.10,-20.86,-19.59,0.17,-0.998,-0.998,86161.6,0,0.00,0.00,3
21421,0.048,0.048,-0.998,0.000,0.000,0.000,0.000,0.000,0.000,1.0000,0.0011,-0.0011,0.0000,-11.10,-20.86,-19.59,0.17,-0.998,-0.998,86161.6,0,0.00,0.00,3
21441,0.048,0.048,-0.998,0.000,0.000,0.000,0.000,0.000,0.000,1.0000,0.0011,-0.0011,0.0000,-11.10,-20.86,-19.59,0.17,-0.998,-0.998,86161.6,0,0.00,0.00,3
21461,0.048,0.048,-0.998,0.000,0.000,0.000,0.000,0.000,0.000,1.0000,0.0011,-0.0011,0.0000,-11.10,-20.86,-19.59,0.17,-0.998,-0.998,86161.6,0,0.00,0.00,3
21481,0.048,0.048,-0.998,0.000,0.000,0.000,0.000,0.000,0.000,1.0000,0.0011,-0.0011,0.0000,-11.10,-20.86,-19.59,0.17,-0.998,-0.998,86161.6,0,0.00,0.00,3
21501,0.048,0.048,-0.998,0.000,0.000,0.000,0.000,0.000,0.000,1.0000,0.0011,-0.0011,0.0000,-11.10,-20.86,-19.59,0.17,-0.998,-0.998,86161.6,0,0.00,0.00,3
21521,0.048,0.048,-0.998,0.000,0.000,0.000,0.000,0.000,0.000,1.0000,0.0011,-0.0011,0.0000,-11.10,-20.86,-19.59,0.17,-0.998,-0.998,86161.6,0,0.00,0.00,3
21541,0.048,0.048,-0.998,0.000,0.000,0.000,0.000,0.000,0.000,1.0000,0.0011,-0.0011,0.0000,-11.10,-20.86,-19.59,0.17,-0.998,-0.998,86161.6,0,0.00,0.00,3
21561,0.048,0.048,-0.998,0.000,0.000,0.000,0.000,0.000,0.000,1.0000,0.0011,-0.0011,0.0000,-11.10,-20.86,-19.59,0.17,-0.998,-0.998,86161.6,0,0.00,0.00,3
21581,0.048,0.048,-0.998,0.000,0.000,0.000,0.000,0.000,0.000,1.0000,0.0011,-0.0011,0.0000,-11.10,-20.86,-19.59,0.17,-0.998,-0.998,86161.6,0,0.00,0.00,3
21601,0.048,0.048,-0.998,0.000,0.000,0.000,0.000,0.000,0.000,1.0000,0.0011,-0.0011,0.0000,-11.10,-20.86,-19.59,0.17,-0.998,-0.998,86161.6,0,0.00,0.00,3
21621,0.048,0.048,-0.998,0.000,0.000,0.000,0.000,0.000,0.000,1.0000,0.0011,-0.0011,0.0000,-11.10,-20.86,-19.59,0.17,-0.998,-0.998,86161.6,0,0.00,0.00,3
21641,0.048,0.048,-0.998,0.000,0.000,0.000,0.000,0.000,0.000,1.0000,0.0011,-0.0011,0.0000,-11.10,-20.86,-19.59,0.17,-0.998,-0.998,86161.6,0,0.00,0.00,3
21661,0.048,0.048,-0.998,0.000,0.000,0.000,0.000,0.000,0.000,1.0000,0.0011,-0.0011,0.0000,-11.10,-20.86,-19.59,0.17,-0.998,-0.998,86161.6,0,0.00,0.00,3
21681,0.048,0.048,-0.998,0.000,0.000,0.000,0.000,0.000,0.000,1.0000,0.0011,-0.0011,0.0000,-11.10,-20.86,-19.59,0.17,-0.998,-0.998,86161.6,0,0.00,0.00,3
21701,0.048,0.048,-0.998,0.000,0.000,0.000,0.000,0.000,0.000,1.0000,0.0011,-0.0011,0.0000,-11.10,-20.86,-19.59,0.17,-0.998,-0.998,86161.6,0,0.00,0.00,3
21720,0.048,0.048,-0.998,0.000,0.000,0.000,0.000,0.000,0.000,1.0000,0.0011,-0.0011,0.0000,-11.10,-20.86,-19.59,0.17,-0.998,-0.998,86161.6,0,0.00,0.00,3
21741,0.048,0.048,-0.998,0.000,0.000,0.000,0.000,0.000,0.000,1.0000,0.0011,-0.0011,0.0000,-11.10,-20.86,-19.59,0.17,-0.998,-0.998,86161.6,0,0.00,0.00,3
21761,0.048,0.048,-0.998,0.000,0.000,0.000,0.000,0.000,0.000,1.0000,0.0011,-0.0011,0.0000,-11.10,-20.86,-19.59,0.17,-0.998,-0.998,86161.6,0,0.00,0.00,3
21781,0.048,0.048,-0.998,0.000,0.000,0.000,0.000,0.000,0.000,1.0000,0.0011,-0.0011,0.0000,-11.10,-20.86,-19.59,0.17,-0.998,-0.998,86161.6,0,0.00,0.00,3
21801,0.048,0.048,-0.998,0.000,0.000,0.000,0.000,0.000,0.000,1.0000,0.0011,-0.0011,0.0000,-11.10,-20.86,-19.59,0.17,-0.998,-0.998,86161.6,0,0.00,0.00,3
21821,0.048,0.048,-0.998,0.000,0.000,0.000,0.000,0.000,0.000,1.0000,0.0011,-0.0011,0.0000,-11.10,-20.86,-19.59,0.17,-0.998,-0.998,86161.6,0,0.00,0.00,3
21841,0.048,0.048,-0.998,0.000,0.000,0.000,0.000,0.000,0.000,1.0000,0.0011,-0.0011,0.0000,-11.10,-20.86,-19.59,0.17,-0.998,-0.998,86161.6,0,0.00,0.00,3
21861,0.048,0.048,-0.998,0.000,0.000,0.000,0.000,0.000,0.000,1.0000,0.0011,-0.0011,0.0000,-11.10,-20.86,-19.59,0.17,-0.998,-0.998,86161.6,0,0.00,0.00,3
21881,0.048,0.048,-0.998,0.000,0.000,0.000,0.000,0.000,0.000,1.0000,0.0011,-0.0011,0.0000,-11.10,-20.86,-19.59,0.17,-0.998,-0.998,86161.6,0,0.00,0.00,3
21901,0.048,0.048,-0.998,0.000,0.000,0.000,0.000,0.000,0.000,1.0000,0.0011,-0.0011,0.0000,-11.10,-20.86,-19.59,0.17,-0.998,-0.998,86161.6,0,0.00,0.00,3
21920,0.048,0.048,-0.998,0.000,0.000,0.000,0.000,0.000,0.000,1.0000,0.0011,-0.0011,0.0000,-11.10,-20.86,-19.59,0.17,-0.998,-0.998,86161.6,0,0.00,0.00,3
21941,0.048,0.048,-0.998,0.000,0.000,0.000,0.000,0.000,0.000,1.0000,0.0011,-0.0011,0.0000,-11.10,-20.86,-19.59,0.17,-0.998,-0.998,86161.6,0,0.00,0.00,3
21961,0.048,0.048,-0.998,0.000,0.000,0.000,0.000,0.000,0.000,1.0000,0.0011,-0.0011,0.0000,-11.10,-20.86,-19.59,0.17,-0.998,-0.998,86161.6,0,0.00,0.00,3
21981,0.048,0.048,-0.998,0.000,0.000,0.000,0.000,0.000,0.000,1.0000,0.0011,-0.0011,0.0000,-11.10,-20.86,-19.59,0.17,-0.998,-0.998,86161.6,0,0.00,0.00,3
22001,0.048,0.048,-0.998,0.000,0.000,0.000,0.000,0.000,0.000,1.0000,0.0011,-0.0011,0.0000,-11.10,-20.86,-19.59,0.17,-0.998,-0.998,86161.6,0,0.00,0.00,3
22021,0.048,0.048,-0.998,0.000,0.000,0.000,0.000,0.000,0.000,1.0000,0.0011,-0.0011,0.0000,-11.10,-20.86,-19.59,0.17,-0.998,-0.998,86161.6,0,0.00,0.00,3
22041,0.048,0.048,-0.998,0.000,0.000,0.000,0.000,0.000,0.000,1.0000,0.0011,-0.0011,0.0000,-11.10,-20.86,-19.59,0.17,-0.998,-0.998,86161.6,0,0.00,0.00,3
22061,0.048,0.048,-0.998,0.000,0.000,0.000,0.000,0.000,0.000,1.0000,0.0011,-0.0011,0.0000,-11.10,-20.86,-19.59,0.17,-0.998,-0.998,86161.6,0,0.00,0.00,3
22081,0.048,0.048,-0.998,0.000,0.000,0.000,0.000,0.000,0.000,1.0000,0.0011,-0.0011,0.0000,-11.10,-20.86,-19.59,0.17,-0.998,-0.998,86161.6,0,0.00,0.00,3
22101,0.048,0.048,-0.998,0.000,0.000,0.000,0.000,0.000,0.000,1.0000,0.0011,-0.0011,0.0000,-11.10,-20.86,-19.59,0.17,-0.998,-0.998,86161.6,0,0.00,0.00,3
22120,0.048,0.048,-0.998,0.000,0.000,0.000,0.000,0.000,0.000,1.0000,0.0011,-0.0011,0.0000,-11.10,-20.86,-19.59,0.17,-0.998,-0.998,86161.6,0,0.00,0.00,3
22141,0.048,0.048,-0.998,0.000,0.000,0.000,0.000,0.000,0.000,1.0000,0.0011,-0.0011,0.0000,-11.10,-20.86,-19.59,0.17,-0.998,-0.998,86161.6,0,0.00,0.00,3
22161,0.048,0.048,-0.998,0.000,0.000,0.000,0.000,0.000,0.000,1.0000,0.0011,-0.0011,0.0000,-11.10,-20.86,-19.59,0.17,-0.998,-0.998,86161.6,0,0.00,0.00,3
22181,0.048,0.048,-0.998,0.000,0.000,0.000,0.000,0.000,0.000,1.0000,0.0011,-0.0011,0.0000,-11.10,-20.86,-19.59,0.17,-0.998,-0.998,86161.6,0,0.00,0.00,3
22201,0.048,0.048,-0.998,0.000,0.000,0.000,0.000,0.000,0.000,1.0000,0.0011,-0.0011,0.0000,-11.10,-20.86,-19.59,0.17,-0.998,-0.998,86161.6,0,0.00,0.00,3
22221,0.048,0.048,-0.998,0.000,0.000,0.000,0.000,0.000,0.000,1.0000,0.0011,-0.0011,0.0000,-11.10,-20.86,-19.59,0.17,-0.998,-0.998,86161.6,0,0.00,0.00,3
22241,0.048,0.048,-0.998,0.000,0.000,0.000,0.000,0.000,0.000,1.0000,0.0011,-0.0011,0.0000,-11.10,-20.86,-19.59,0.17,-0.998,-0.998,86161.6,0,0.00,0.00,3
22261,0.048,0.048,-0.998,0.000,0.000,0.000,0.000,0.000,0.000,1.0000,0.0011,-0.0011,0.0000,-11.10,-20.86,-19.59,0.17,-0.998,-0.998,86161.6,0,0.00,0.00,3
22281,0.048,0.048,-0.998,0.000,0.000,0.000,0.000,0.000,0.000,1.0000,0.0011,-0.0011,0.0000,-11.10,-20.86,-19.59,0.17,-0.998,-0.998,86161.6,0,0.00,0.00,3
22301,0.048,0.048,-0.998,0.000,0.000,0.000,0.000,0.000,0.000,1.0000,0.0011,-0.0011,0.0000,-11.10,-20.86,-19.59,0.17,-0.998,-0.998,86161.6,0,0.00,0.00,3
22320,0.048,0.048,-0.998,0.000,0.000,0.000,0.000,0.000,0.000,1.0000,0.0011,-0.0011,0.0000,-11.10,-20.86,-19.59,0.17,-0.998,-0.998,86161.6,0,0.00,0.00,3
22341,0.048,0.048,-0.998,0.000,0.000,0.000,0.000,0.000,0.000,1.0000,0.0011,-0.0011,0.0000,-11.10,-20.86,-19.59,0.17,-0.998,-0.998,86161.6,0,0.00,0.00,3
22361,0.048,0.048,-0.998,0.000,0.000,0.000,0.000,0.000,0.000,1.0000,0.0011,-0.0011,0.0000,-11.10,-20.86,-19.59,0.17,-0.998,-0.998,86161.6,0,0.00,0.00,3
22381,0.048,0.048,-0.998,0.000,0.000,0.000,0.000,0.000,0.000,1.0000,0.0011,-0.0011,0.0000,-11.10,-20.86,-19.59,0.17,-0.998,-0.998,86161.6,0,0.00,0.00,3
22401,0.048,0.048,-0.998,0.000,0.000,0.000,0.000,0.000,0.000,1.0000,0.0011,-0.0011,0.0000,-11.10,-20.86,-19.59,0.17,-0.998,-0.998,86161.6,0,0.00,0.00,3
22421,0.048,0.048,-0.998,0.000,0.000,0.000,0.000,0.000,0.000,1.0000,0.0011,-0.0011,0.0000,-11.10,-20.86,-19.59,0.17,-0.998,-0.998,86161.6,0,0.00,0.00,3
22441,0.048,0.048,-0.998,0.000,0.000,0.000,0.000,0.000,0.000,1.0000,0.0011,-0.0011,0.0000,-11.10,-20.86,-19.59,0.17,-0.998,-0.998,86161.6,0,0.00,0.00,3
22461,0.048,0.048,-0.998,0.000,0.000,0.000,0.000,0.000,0.000,1.0000,0.0011,-0.0011,0.0000,-11.10,-20.86,-19.59,0.17,-0.998,-0.998,86161.6,0,0.00,0.00,3
22481,0.048,0.048,-0.998,0.000,0.000,0.000,0.000,0.000,0.000,1.0000,0.0011,-0.0011,0.0000,-11.10,-20.86,-19.59,0.17,-0.998,-0.998,86161.6,0,0.00,0.00,3
22501,0.048,0.048,-0.998,0.000,0.000,0.000,0.000,0.000,0.000,1.0000,0.0011,-0.0011,0.0000,-11.10,-20.86,-19.59,0.17,-0.998,-0.998,86161.6,0,0.00,0.00,3
22520,0.048,0.048,-0.998,0.000,0.000,0.000,0.000,0.000,0.000,1.0000,0.0011,-0.0011,0.0000,-11.10,-20.86,-19.59,0.17,-0.998,-0.998,86161.6,0,0.00,0.00,3
22541,0.048,0.048,-0.998,0.000,0.000,0.000,0.000,0.000,0.000,1.0000,0.0011,-0.0011,0.0000,-11.10,-20.86,-19.59,0.17,-0.998,-0.998,86161.6,0,0.00,0.00,3
22561,0.048,0.048,-0.998,0.000,0.000,0.000,0.000,0.000,0.000,1.0000,0.0011,-0.0011,0.0000,-11.10,-20.86,-19.59,0.17,-0.998,-0.998,86161.6,0,0.00,0.00,3
22581,0.048,0.048,-0.998,0.000,0.000,0.000,0.000,0.000,0.000,1.0000,0.0011,-0.0011,0.0000,-11.10,-20.86,-19.59,0.17,-0.998,-0.998,86161.6,0,0.00,0.00,3
22601,0.048,0.048,-0.998,0.000,0.000,0.000,0.000,0.000,0.000,1.0000,0.0011,-0.0011,0.0000,-11.10,-20.86,-19.59,0.17,-0.998,-0.998,86161.6,0,0.00,0.00,3
22621,0.048,0.048,-0.998,0.000,0.000,0.000,0.000,0.000,0.000,1.0000,0.0011,-0.0011,0.0000,-11.10,-20.86,-19.59,0.17,-0.998,-0.998,86161.6,0,0.00,0.00,3
22641,0.048,0.048,-0.998,0.000,0.000,0.000,0.000,0.000,0.000,1.0000,0.0011,-0.0011,0.0000,-11.10,-20.86,-19.59,0.17,-0.998,-0.998,86161.6,0,0.00,0.00,3
22661,0.048,0.048,-0.998,0.000,0.000,0.000,0.000,0.000,0.000,1.0000,0.0011,-0.0011,0.0000,-11.10,-20.86,-19.59,0.17,-0.998,-0.998,86161.6,0,0.00,0.00,3
22681,0.048,0.048,-0.998,0.000,0.000,0.000,0.000,0.000,0.000,1.0000,0.0011,-0.0011,0.0000,-11.10,-20.86,-19.59,0.17,-0.998,-0.998,86161.6,0,0.00,0.00,3
22701,0.048,0.048,-0.998,0.000,0.000,0.000,0.000,0.000,0.000,1.0000,0.0011,-0.0011,0.0000,-11.10,-20.86,-19.59,0.17,-0.998,-0.998,86161.6,0,0.00,0.00,3
22720,0.048,0.048,-0.998,0.000,0.000,0.000,0.000,0.000,0.000,1.0000,0.0011,-0.0011,0.0000,-11.10,-20.86,-19.59,0.17,-0.998,-0.998,86161.6,0,0.00,0.00,3
22741,0.048,0.048,-0.998,0.000,0.000,0.000,0.000,0.000,0.000,1.0000,0.0011,-0.0011,0.0000,-11.10,-20.86,-19.59,0.17,-0.998,-0.998,86161.6,0,0.00,0.00,3
22761,0.048,0.048,-0.998,0.000,0.000,0.000,0.000,0.000,0.000,1.0000,0.0011,-0.0011,0.0000,-11.10,-20.86,-19.59,0.17,-0.998,-0.998,86161.6,0,0.00,0.00,3
22781,0.048,0.048,-0.998,0.000,0.000,0.000,0.000,0.000,0.000,1.0000,0.0011,-0.0011,0.0000,-11.10,-20.86,-19.59,0.17,-0.998,-0.998,86161.6,0,0.00,0.00,3
22801,0.048,0.048,-0.998,0.000,0.000,0.000,0.000,0.000,0.000,1.0000,0.0011,-0.0011,0.0000,-11.10,-20.86,-19.59,0.17,-0.998,-0.998,86161.6,0,0.00,0.00,3
22821,0.048,0.048,-0.998,0.000,0.000,0.000,0.000,0.000,0.000,1.0000,0.0011,-0.0011,0.0000,-11.10,-20.86,-19.59,0.17,-0.998,-0.998,86161.6,0,0.00,0.00,3
22841,0.048,0.048,-0.998,0.000,0.000,0.000,0.000,0.000,0.000,1.0000,0.0011,-0.0011,0.0000,-11.10,-20.86,-19.59,0.17,-0.998,-0.998,86161.6,0,0.00,0.00,3
22861,0.048,0.048,-0.998,0.000,0.000,0.000,0.000,0.000,0.000,1.0000,0.0011,-0.0011,0.0000,-11.10,-20.86,-19.59,0.17,-0.998,-0.998,86161.6,0,0.00,0.00,3
22881,0.048,0.048,-0.998,0.000,0.000,0.000,0.000,0.000,0.000,1.0000,0.0011,-0.0011,0.0000,-11.10,-20.86,-19.59,0.17,-0.998,-0.998,86161.6,0,0.00,0.00,3
22901,0.048,0.048,-0.998,0.000,0.000,0.000,0.000,0.000,0.000,1.0000,0.0011,-0.0011,0.0000,-11.10,-20.86,-19.59,0.17,-0.998,-0.998,86161.6,0,0.00,0.00,3
22920,0.048,0.048,-0.998,0.000,0.000,0.000,0.000,0.000,0.000,1.0000,0.0011,-0.0011,0.0000,-11.10,-20.86,-19.59,0.17,-0.998,-0.998,86161.6,0,0.00,0.00,3
22941,0.048,0.048,-0.998,0.000,0.000,0.000,0.000,0.000,0.000,1.0000,0.0011,-0.0011,0.0000,-11.10,-20.86,-19.59,0.17,-0.998,-0.998,86161.6,0,0.00,0.00,3
22961,0.048,0.048,-0.998,0.000,0.000,0.000,0.000,0.000,0.000,1.0000,0.0011,-0.0011,0.0000,-11.10,-20.86,-19.59,0.17,-0.998,-0.998,86161.6,0,0.00,0.00,3
22981,0.048,0.048,-0.998,0.000,0.000,0.000,0.000,0.000,0.000,1.0000,0.0011,-0.0011,0.0000,-11.10,-20.86,-19.59,0.17,-0.998,-0.998,86161.6,0,0.00,0.00,3
23001,0.048,0.048,-0.998,0.000,0.000,0.000,0.000,0.000,0.000,1.0000,0.0011,-0.0011,0.0000,-11.10,-20.86,-19.59,0.17,-0.998,-0.998,86161.6,0,0.00,0.00,3
23021,0.048,0.048,-0.998,0.000,0.000,0.000,0.000,0.000,0.000,1.0000,0.0011,-0.0011,0.0000,-11.10,-20.86,-19.59,0.17,-0.998,-0.998,86161.6,0,0.00,0.00,3
23041,0.048,0.048,-0.998,0.000,0.000,0.000,0.000,0.000,0.000,1.0000,0.0011,-0.0011,0.0000,-11.10,-20.86,-19.59,0.17,-0.998,-0.998,86161.6,0,0.00,0.00,3
23061,0.048,0.048,-0.998,0.000,0.000,0.000,0.000,0.000,0.000,1.0000,0.0011,-0.0011,0.0000,-11.10,-20.86,-19.59,0.17,-0.998,-0.998,86161.6,0,0.00,0.00,3
23081,0.048,0.048,-0.998,0.000,0.000,0.000,0.000,0.000,0.000,1.0000,0.0011,-0.0011,0.0000,-11.10,-20.86,-19.59,0.17,-0.998,-0.998,86161.6,0,0.00,0.00,3
23101,0.048,0.048,-0.998,0.000,0.000,0.000,0.000,0.000,0.000,1.0000,0.0011,-0.0011,0.0000,-11.10,-20.86,-19.59,0.17,-0.998,-0.998,86161.6,0,0.00,0.00,3
23121,0.048,0.048,-0.998,0.000,0.000,0.000,0.000,0.000,0.000,1.0000,0.0011,-0.0011,0.0000,-11.10,-20.86,-19.59,0.17,-0.998,-0.998,86161.6,0,0.00,0.00,3
23141,0.048,0.048,-0.998,0.000,0.000,0.000,0.000,0.000,0.000,1.0000,0.0011,-0.0011,0.0000,-11.10,-20.86,-19.59,0.17,-0.998,-0.998,86161.6,0,0.00,0.00,3
23161,0.048,0.048,-0.998,0.000,0.000,0.000,0.000,0.000,0.000,1.0000,0.0011,-0.0011,0.0000,-11.10,-20.86,-19.59,0.17,-0.998,-0.998,86161.6,0,0.00,0.00,3
23181,0.048,0.048,-0.998,0.000,0.000,0.000,0.000,0.000,0.000,1.0000,0.0011,-0.0011,0.0000,-11.10,-20.86,-19.59,0.17,-0.998,-0.998,86161.6,0,0.00,0.00,3
23201,0.048,0.048,-0.998,0.000,0.000,0.000,0.000,0.000,0.000,1.0000,0.0011,-0.0011,0.0000,-11.10,-20.86,-19.59,0.17,-0.998,-0.998,86161.6,0,0.00,0.00,3
23221,0.048,0.048,-0.998,0.000,0.000,0.000,0.000,0.000,0.000,1.0000,0.0011,-0.0011,0.0000,-11.10,-20.86,-19.59,0.17,-0.998,-0.998,86161.6,0,0.00,0.00,3
23241,0.048,0.048,-0.998,0.000,0.000,0.000,0.000,0.000,0.000,1.0000,0.0011,-0.0011,0.0000,-11.10,-20.86,-19.59,0.17,-0.998,-0.998,86161.6,0,0.00,0.00,3
23261,0.048,0.048,-0.998,0.000,0.000,0.000,0.000,0.000,0.000,1.0000,0.0011,-0.0011,0.0000,-11.10,-20.86,-19.59,0.17,-0.998,-0.998,86161.6,0,0.00,0.00,3
23281,0.048,0.048,-0.998,0.000,0.000,0.000,0.000,0.000,0.000,1.0000,0.0011,-0.0011,0.0000,-11.10,-20.86,-19.59,0.17,-0.998,-0.998,86161.6,0,0.00,0.00,3
23301,0.048,0.048,-0.998,0.000,0.000,0.000,0.000,0.000,0.000,1.0000,0.0011,-0.0011,0.0000,-11.10,-20.86,-19.59,0.17,-0.998,-0.998,86161.6,0,0.00,0.00,3
23320,0.048,0.048,-0.998,0.000,0.000,0.000,0.000,0.000,0.000,1.0000,0.0011,-0.0011,0.0000,-11.10,-20.86,-19.59,0.17,-0.998,-0.998,86161.6,0,0.00,0.00,3
23341,0.048,0.048,-0.998,0.000,0.000,0.000,0.000,0.000,0.000,1.0000,0.0011,-0.0011,0.0000,-11.10,-20.86,-19.59,0.17,-0.998,-0.998,86161.6,0,0.00,0.00,3
23361,0.048,0.048,-0.998,0.000,0.000,0.000,0.000,0.000,0.000,1.0000,0.0011,-0.0011,0.0000,-11.10,-20.86,-19.59,0.17,-0.998,-0.998,86161.6,0,0.00,0.00,3
23381,0.048,0.048,-0.998,0.000,0.000,0.000,0.000,0.000,0.000,1.0000,0.0011,-0.0011,0.0000,-11.10,-20.86,-19.59,0.17,-0.998,-0.998,86161.6,0,0.00,0.00,3
23401,0.048,0.048,-0.998,0.000,0.000,0.000,0.000,0.000,0.000,1.0000,0.0011,-0.0011,0.0000,-11.10,-20.86,-19.59,0.17,-0.998,-0.998,86161.6,0,0.00,0.00,3
23421,0.048,0.048,-0.998,0.000,0.000,0.000,0.000,0.000,0.000,1.0000,0.0011,-0.0011,0.0000,-11.10,-20.86,-19.59,0.17,-0.998,-0.998,86161.6,0,0.00,0.00,3
23441,0.048,0.048,-0.998,0.000,0.000,0.000,0.000,0.000,0.000,1.0000,0.0011,-0.0011,0.0000,-11.10,-20.86,-19.59,0.17,-0.998,-0.998,86161.6,0,0.00,0.00,3
23461,0.048,0.048,-0.998,0.000,0.000,0.000,0.000,0.000,0.000,1.0000,0.0011,-0.0011,0.0000,-11.10,-20.86,-19.59,0.17,-0.998,-0.998,86161.6,0,0.00,0.00,3
23481,0.048,0.048,-0.998,0.000,0.000,0.000,0.000,0.000,0.000,1.0000,0.0011,-0.0011,0.0000,-11.10,-20.86,-19.59,0.17,-0.998,-0.998,86161.6,0,0.00,0.00,3
23501,0.048,0.048,-0.998,0.000,0.000,0.000,0.000,0.000,0.000,1.0000,0.0011,-0.0011,0.0000,-11.10,-20.86,-19.59,0.17,-0.998,-0.998,86161.6,0,0.00,0.00,3
23520,0.048,0.048,-0.998,0.000,0.000,0.000,0.000,0.000,0.000,1.0000,0.0011,-0.0011,0.0000,-11.10,-20.86,-19.59,0.17,-0.998,-0.998,86161.6,0,0.00,0.00,3
23541,0.048,0.048,-0.998,0.000,0.000,0.000,0.000,0.000,0.000,1.0000,0.0011,-0.0011,0.0000,-11.10,-20.86,-19.59,0.17,-0.998,-0.998,86161.6,0,0.00,0.00,3
23561,0.048,0.048,-0.998,0.000,0.000,0.000,0.000,0.000,0.000,1.0000,0.0011,-0.0011,0.0000,-11.10,-20.86,-19.59,0.17,-0.998,-0.998,86161.6,0,0.00,0.00,3
23581,0.048,0.048,-0.998,0.000,0.000,0.000,0.000,0.000,0.000,1.0000,0.0011,-0.0011,0.0000,-11.10,-20.86,-19.59,0.17,-0.998,-0.998,86161.6,0,0.00,0.00,3
23601,0.048,0.048,-0.998,0.000,0.000,0.000,0.000,0.000,0.000,1.0000,0.0011,-0.0011,0.0000,-11.10,-20.86,-19.59,0.17,-0.998,-0.998,86161.6,0,0.00,0.00,3
23621,0.048,0.048,-0.998,0.000,0.000,0.000,0.000,0.000,0.000,1.0000,0.0011,-0.0011,0.0000,-11.10,-20.86,-19.59,0.17,-0.998,-0.998,86161.6,0,0.00,0.00,3
23641,0.048,0.048,-0.998,0.000,0.000,0.000,0.000,0.000,0.000,1.0000,0.0011,-0.0011,0.0000,-11.10,-20.86,-19.59,0.17,-0.998,-0.998,86161.6,0,0.00,0.00,3
23661,0.048,0.048,-0.998,0.000,0.000,0.000,0.000,0.000,0.000,1.0000,0.0011,-0.0011,0.0000,-11.10,-20.86,-19.59,0.17,-0.998,-0.998,86161.6,0,0.00,0.00,3
23681,0.048,0.048,-0.998,0.000,0.000,0.000,0.000,0.000,0.000,1.0000,0.0011,-0.0011,0.0000,-11.10,-20.86,-19.59,0.17,-0.998,-0.998,86161.6,0,0.00,0.00,3
23701,0.048,0.048,-0.998,0.000,0.000,0.000,0.000,0.000,0.000,1.0000,0.0011,-0.0011,0.0000,-11.10,-20.86,-19.59,0.17,-0.998,-0.998,86161.6,0,0.00,0.00,3
23720,0.048,0.048,-0.998,0.000,0.000,0.000,0.000,0.000,0.000,1.0000,0.0011,-0.0011,0.0000,-11.10,-20.86,-19.59,0.17,-0.998,-0.998,86161.6,0,0.00,0.00,3
23741,0.048,0.048,-0.998,0.000,0.000,0.000,0.000,0.000,0.000,1.0000,0.0011,-0.0011,0.0000,-11.10,-20.86,-19.59,0.17,-0.998,-0.998,86161.6,0,0.00,0.00,3
23761,0.048,0.048,-0.998,0.000,0.000,0.000,0.000,0.000,0.000,1.0000,0.0011,-0.0011,0.0000,-11.10,-20.86,-19.59,0.17,-0.998,-0.998,86161.6,0,0.00,0.00,3
23781,0.048,0.048,-0.998,0.000,0.000,0.000,0.000,0.000,0.000,1.0000,0.0011,-0.0011,0.0000,-11.10,-20.86,-19.59,0.17,-0.998,-0.998,86161.6,0,0.00,0.00,3
23801,0.048,0.048,-0.998,0.000,0.000,0.000,0.000,0.000,0.000,1.0000,0.0011,-0.0011,0.0000,-11.10,-20.86,-19.59,0.17,-0.998,-0.998,86161.6,0,0.00,0.00,3
23821,0.048,0.048,-0.998,0.000,0.000,0.000,0.000,0.000,0.000,1.0000,0.0011,-0.0011,0.0000,-11.10,-20.86,-19.59,0.17,-0.998,-0.998,86161.6,0,0.00,0.00,3
23841,0.048,0.048,-0.998,0.000,0.000,0.000,0.000,0.000,0.000,1.0000,0.0011,-0.0011,0.0000,-11.10,-20.86,-19.59,0.17,-0.998,-0.998,86161.6,0,0.00,0.00,3
23861,0.048,0.048,-0.998,0.000,0.000,0.000,0.000,0.000,0.000,1.0000,0.0011,-0.0011,0.0000,-11.10,-20.86,-19.59,0.17,-0.998,-0.998,86161.6,0,0.00,0.00,3
23881,0.048,0.048,-0.998,0.000,0.000,0.000,0.000,0.000,0.000,1.0000,0.0011,-0.0011,0.0000,-11.10,-20.86,-19.59,0.17,-0.998,-0.998,86161.6,0,0.00,0.00,3
23901,0.048,0.048,-0.998,0.000,0.000,0.000,0.000,0.000,0.000,1.0000,0.0011,-0.0011,0.0000,-11.10,-20.86,-19.59,0.17,-0.998,-0.998,86161.6,0,0.00,0.00,3
23920,0.048,0.048,-0.998,0.000,0.000,0.000,0.000,0.000,0.000,1.0000,0.0011,-0.0011,0.0000,-11.10,-20.86,-19.59,0.17,-0.998,-0.998,86161.6,0,0.00,0.00,3
23941,0.048,0.048,-0.998,0.000,0.000,0.000,0.000,0.000,0.000,1.0000,0.0011,-0.0011,0.0000,-11.10,-20.86,-19.59,0.17,-0.998,-0.998,86161.6,0,0.00,0.00,3
23961,0.048,0.048,-0.998,0.000,0.000,0.000,0.000,0.000,0.000,1.0000,0.0011,-0.0011,0.0000,-11.10,-20.86,-19.59,0.17,-0.998,-0.998,86161.6,0,0.00,0.00,3
23981,0.048,0.048,-0.998,0.000,0.000,0.000,0.000,0.000,0.000,1.0000,0.0011,-0.0011,0.0000,-11.10,-20.86,-19.59,0.17,-0.998,-0.998,86161.6,0,0.00,0.00,3
24001,0.048,0.048,-0.998,0.000,0.000,0.000,0.000,0.000,0.000,1.0000,0.0011,-0.0011,0.0000,-11.10,-20.86,-19.59,0.17,-0.998,-0.998,86161.6,0,0.00,0.00,3
24021,0.048,0.048,-0.998,0.000,0.000,0.000,0.000,0.000,0.000,1.0000,0.0011,-0.0011,0.0000,-11.10,-20.86,-19.59,0.17,-0.998,-0.998,86161.6,0,0.00,0.00,3
24041,0.048,0.048,-0.998,0.000,0.000,0.000,0.000,0.000,0.000,1.0000,0.0011,-0.0011,0.0000,-11.10,-20.86,-19.59,0.17,-0.998,-0.998,86161.6,0,0.00,0.00,3
24061,0.048,0.048,-0.998,0.000,0.000,0.000,0.000,0.000,0.000,1.0000,0.0011,-0.0011,0.0000,-11.10,-20.86,-19.59,0.17,-0.998,-0.998,86161.6,0,0.00,0.00,3
24081,0.048,0.048,-0.998,0.000,0.000,0.000,0.000,0.000,0.000,1.0000,0.0011,-0.0011,0.0000,-11.10,-20.86,-19.59,0.17,-0.998,-0.998,86161.6,0,0.00,0.00,3
24101,0.048,0.048,-0.998,0.000,0.000,0.000,0.000,0.000,0.000,1.0000,0.0011,-0.0011,0.0000,-11.10,-20.86,-19.59,0.17,-0.998,-0.998,86161.6,0,0.00,0.00,3
24120,0.048,0.048,-0.998,0.000,0.000,0.000,0.000,0.000,0.000,1.0000,0.0011,-0.0011,0.0000,-11.10,-20.86,-19.59,0.17,-0.998,-0.998,86161.6,0,0.00,0.00,3
24141,0.048,0.048,-0.998,0.000,0.000,0.000,0.000,0.000,0.000,1.0000,0.0011,-0.0011,0.0000,-11.10,-20.86,-19.59,0.17,-0.998,-0.998,86161.6,0,0.00,0.00,3
24161,0.048,0.048,-0.998,0.000,0.000,0.000,0.000,0.000,0.000,1.0000,0.0011,-0.0011,0.0000,-11.10,-20.86,-19.59,0.17,-0.998,-0.998,86161.6,0,0.00,0.00,3
24181,0.048,0.048,-0.998,0.000,0.000,0.000,0.000,0.000,0.000,1.0000,0.0011,-0.0011,0.0000,-11.10,-20.86,-19.59,0.17,-0.998,-0.998,86161.6,0,0.00,0.00,3
24201,0.048,0.048,-0.998,0.000,0.000,0.000,0.000,0.000,0.000,1.0000,0.0011,-0.0011,0.0000,-11.10,-20.86,-19.59,0.17,-0.998,-0.998,86161.6,0,0.00,0.00,3
24221,0.048,0.048,-0.998,0.000,0.000,0.000,0.000,0.000,0.000,1.0000,0.0011,-0.0011,0.0000,-11.10,-20.86,-19.59,0.17,-0.998,-0.998,86161.6,0,0.00,0.00,3
24241,0.048,0.048,-0.998,0.000,0.000,0.000,0.000,0.000,0.000,1.0000,0.0011,-0.0011,0.0000,-11.10,-20.86,-19.59,0.17,-0.998,-0.998,86161.6,0,0.00,0.00,3
24261,0.048,0.048,-0.998,0.000,0.000,0.000,0.000,0.000,0.000,1.0000,0.0011,-0.0011,0.0000,-11.10,-20.86,-19.59,0.17,-0.998,-0.998,86161.6,0,0.00,0.00,3
24281,0.048,0.048,-0.998,0.000,0.000,0.000,0.000,0.000,0.000,1.0000,0.0011,-0.0011,0.0000,-11.10,-20.86,-19.59,0.17,-0.998,-0.998,86161.6,0,0.00,0.00,3
24301,0.048,0.048,-0.998,0.000,0.000,0.000,0.000,0.000,0.000,1.0000,0.0011,-0.0011,0.0000,-11.10,-20.86,-19.59,0.17,-0.998,-0.998,86161.6,0,0.00,0.00,3
24321,0.048,0.048,-0.998,0.000,0.000,0.000,0.000,0.000,0.000,1.0000,0.0011,-0.0011,0.0000,-11.10,-20.86,-19.59,0.17,-0.998,-0.998,86161.6,0,0.00,0.00,3
24341,0.048,0.048,-0.998,0.000,0.000,0.000,0.000,0.000,0.000,1.0000,0.0011,-0.0011,0.0000,-11.10,-20.86,-19.59,0.17,-0.998,-0.998,86161.6,0,0.00,0.00,3
24361,0.048,0.048,-0.998,0.000,0.000,0.000,0.000,0.000,0.000,1.0000,0.0011,-0.0011,0.0000,-11.10,-20.86,-19.59,0.17,-0.998,-0.998,86161.6,0,0.00,0.00,3
24381,0.048,0.048,-0.998,0.000,0.000,0.000,0.000,0.000,0.000,1.0000,0.0011,-0.0011,0.0000,-11.10,-20.86,-19.59,0.17,-0.998,-0.998,86161.6,0,0.00,0.00,3
24401,0.048,0.048,-0.998,0.000,0.000,0.000,0.000,0.000,0.000,1.0000,0.0011,-0.0011,0.0000,-11.10,-20.86,-19.59,0.17,-0.998,-0.998,86161.6,0,0.00,0.00,3
24421,0.048,0.048,-0.998,0.000,0.000,0.000,0.000,0.000,0.000,1.0000,0.0011,-0.0011,0.0000,-11.10,-20.86,-19.59,0.17,-0.998,-0.998,86161.6,0,0.00,0.00,3
24441,0.048,0.048,-0.998,0.000,0.000,0.000,0.000,0.000,0.000,1.0000,0.0011,-0.0011,0.0000,-11.10,-20.86,-19.59,0.17,-0.998,-0.998,86161.6,0,0.00,0.00,3
24461,0.048,0.048,-0.998,0.000,0.000,0.000,0.000,0.000,0.000,1.0000,0.0011,-0.0011,0.0000,-11.10,-20.86,-19.59,0.17,-0.998,-0.998,86161.6,0,0.00,0.00,3
24481,0.048,0.048,-0.998,0.000,0.000,0.000,0.000,0.000,0.000,1.0000,0.0011,-0.0011,0.0000,-11.10,-20.86,-19.59,0.17,-0.998,-0.998,86161.6,0,0.00,0.00,3
24501,0.048,0.048,-0.998,0.000,0.000,0.000,0.000,0.000,0.000,1.0000,0.0011,-0.0011,0.0000,-11.10,-20.86,-19.59,0.17,-0.998,-0.998,86161.6,0,0.00,0.00,3
24520,0.048,0.048,-0.998,0.000,0.000,0.000,0.000,0.000,0.000,1.0000,0.0011,-0.0011,0.0000,-11.10,-20.86,-19.59,0.17,-0.998,-0.998,86161.6,0,0.00,0.00,3
24541,0.048,0.048,-0.998,0.000,0.000,0.000,0.000,0.000,0.000,1.0000,0.0011,-0.0011,0.0000,-11.10,-20.86,-19.59,0.17,-0.998,-0.998,86161.6,0,0.00,0.00,3
24561,0.048,0.048,-0.998,0.000,0.000,0.000,0.000,0.000,0.000,1.0000,0.0011,-0.0011,0.0000,-11.10,-20.86,-19.59,0.17,-0.998,-0.998,86161.6,0,0.00,0.00,3
24581,0.048,0.048,-0.998,0.000,0.000,0.000,0.000,0.000,0.000,1.0000,0.0011,-0.0011,0.0000,-11.10,-20.86,-19.59,0.17,-0.998,-0.998,86161.6,0,0.00,0.00,3
24601,0.048,0.048,-0.998,0.000,0.000,0.000,0.000,0.000,0.000,1.0000,0.0011,-0.0011,0.0000,-11.10,-20.86,-19.59,0.17,-0.998,-0.998,86161.6,0,0.00,0.00,3
24621,0.048,0.048,-0.998,0.000,0.000,0.000,0.000,0.000,0.000,1.0000,0.0011,-0.0011,0.0000,-11.10,-20.86,-19.59,0.17,-0.998,-0.998,86161.6,0,0.00,0.00,3
24641,0.048,0.048,-0.998,0.000,0.000,0.000,0.000,0.000,0.000,1.0000,0.0011,-0.0011,0.0000,-11.10,-20.86,-19.59,0.17,-0.998,-0.998,86161.6,0,0.00,0.00,3
24661,0.048,0.048,-0.998,0.000,0.000,0.000,0.000,0.000,0.000,1.0000,0.0011,-0.0011,0.0000,-11.10,-20.86,-19.59,0.17,-0.998,-0.998,86161.6,0,0.00,0.00,3
24681,0.048,0.048,-0.998,0.000,0.000,0.000,0.000,0.000,0.000,1.0000,0.0011,-0.0011,0.0000,-11.10,-20.86,-19.59,0.17,-0.998,-0.998,86161.6,0,0.00,0.00,3
24701,0.048,0.048,-0.998,0.000,0.000,0.000,0.000,0.000,0.000,1.0000,0.0011,-0.0011,0.0000,-11.10,-20.86,-19.59,0.17,-0.998,-0.998,86161.6,0,0.00,0.00,3
24720,0.048,0.048,-0.998,0.000,0.000,0.000,0.000,0.000,0.000,1.0000,0.0011,-0.0011,0.0000,-11.10,-20.86,-19.59,0.17,-0.998,-0.998,86161.6,0,0.00,0.00,3
24741,0.048,0.048,-0.998,0.000,0.000,0.000,0.000,0.000,0.000,1.0000,0.0011,-0.0011,0.0000,-11.10,-20.86,-19.59,0.17,-0.998,-0.998,86161.6,0,0.00,0.00,3
24761,0.048,0.048,-0.998,0.000,0.000,0.000,0.000,0.000,0.000,1.0000,0.0011,-0.0011,0.0000,-11.10,-20.86,-19.59,0.17,-0.998,-0.998,86161.6,0,0.00,0.00,3
24781,0.048,0.048,-0.998,0.000,0.000,0.000,0.000,0.000,0.000,1.0000,0.0011,-0.0011,0.0000,-11.10,-20.86,-19.59,0.17,-0.998,-0.998,86161.6,0,0.00,0.00,3
24801,0.048,0.048,-0.998,0.000,0.000,0.000,0.000,0.000,0.000,1.0000,0.0011,-0.0011,0.0000,-11.10,-20.86,-19.59,0.17,-0.998,-0.998,86161.6,0,0.00,0.00,3
24821,0.048,0.048,-0.998,0.000,0.000,0.000,0.000,0.000,0.000,1.0000,0.0011,-0.0011,0.0000,-11.10,-20.86,-19.59,0.17,-0.998,-0.998,86161.6,0,0.00,0.00,3
24841,0.048,0.048,-0.998,0.000,0.000,0.000,0.000,0.000,0.000,1.0000,0.0011,-0.0011,0.0000,-11.10,-20.86,-19.59,0.17,-0.998,-0.998,86161.6,0,0.00,0.00,3
24861,0.048,0.048,-0.998,0.000,0.000,0.000,0.000,0.000,0.000,1.0000,0.0011,-0.0011,0.0000,-11.10,-20.86,-19.59,0.17,-0.998,-0.998,86161.6,0,0.00,0.00,3
24881,0.048,0.048,-0.998,0.000,0.000,0.000,0.000,0.000,0.000,1.0000,0.0011,-0.0011,0.0000,-11.10,-20.86,-19.59,0.17,-0.998,-0.998,86161.6,0,0.00,0.00,3
24901,0.048,0.048,-0.998,0.000,0.000,0.000,0.000,0.000,0.000,1.0000,0.0011,-0.0011,0.0000,-11.10,-20.86,-19.59,0.17,-0.998,-0.998,86161.6,0,0.00,0.00,3
24920,0.048,0.048,-0.998,0.000,0.000,0.000,0.000,0.000,0.000,1.0000,0.0011,-0.0011,0.0000,-11.10,-20.86,-19.59,0.17,-0.998,-0.998,86161.6,0,0.00,0.00,3
24941,0.048,0.048,-0.998,0.000,0.000,0.000,0.000,0.000,0.000,1.0000,0.0011,-0.0011,0.0000,-11.10,-20.86,-19.59,0.17,-0.998,-0.998,86161.6,0,0.00,0.00,3
24961,0.048,0.048,-0.998,0.000,0.000,0.000,0.000,0.000,0.000,1.0000,0.0011,-0.0011,0.0000,-11.10,-20.86,-19.59,0.17,-0.998,-0.998,86161.6,0,0.00,0.00,3
24981,0.048,0.048,-0.998,0.000,0.000,0.000,0.000,0.000,0.000,1.0000,0.0011,-0.0011,0.0000,-11.10,-20.86,-19.59,0.17,-0.998,-0.998,86161.6,0,0.00,0.00,3
25001,0.048,0.048,-0.998,0.000,0.000,0.000,0.000,0.000,0.000,1.0000,0.0011,-0.0011,0.0000,-11.10,-20.86,-19.59,0.17,-0.998,-0.998,86161.6,0,0.00,0.00,3
25021,0.048,0.048,-0.998,0.000,0.000,0.000,0.000,0.000,0.000,1.0000,0.0011,-0.0011,0.0000,-11.10,-20.86,-19.59,0.17,-0.998,-0.998,86161.6,0,0.00,0.00,3
25041,0.048,0.048,-0.998,0.000,0.000,0.000,0.000,0.000,0.000,1.0000,0.0011,-0.0011,0.0000,-11.10,-20.86,-19.59,0.17,-0.998,-0.998,86161.6,0,0.00,0.00,3
25061,0.048,0.048,-0.998,0.000,0.000,0.000,0.000,0.000,0.000,1.0000,0.0011,-0.0011,0.0000,-11.10,-20.86,-19.59,0.17,-0.998,-0.998,86161.6,0,0.00,0.00,3
25081,0.048,0.048,-0.998,0.000,0.000,0.000,0.000,0.000,0.000,1.0000,0.0011,-0.0011,0.0000,-11.10,-20.86,-19.59,0.17,-0.998,-0.998,86161.6,0,0.00,0.00,3
25101,0.048,0.048,-0.998,0.000,0.000,0.000,0.000,0.000,0.000,1.0000,0.0011,-0.0011,0.0000,-11.10,-20.86,-19.59,0.17,-0.998,-0.998,86161.6,0,0.00,0.00,3
25121,0.048,0.048,-0.998,0.000,0.000,0.000,0.000,0.000,0.000,1.0000,0.0011,-0.0011,0.0000,-11.10,-20.86,-19.59,0.17,-0.998,-0.998,86161.6,0,0.00,0.00,3
25141,0.048,0.048,-0.998,0.000,0.000,0.000,0.000,0.000,0.000,1.0000,0.0011,-0.0011,0.0000,-11.10,-20.86,-19.59,0.17,-0.998,-0.998,86161.6,0,0.00,0.00,3
25161,0.048,0.048,-0.998,0.000,0.000,0.000,0.000,0.000,0.000,1.0000,0.0011,-0.0011,0.0000,-11.10,-20.86,-19.59,0.17,-0.998,-0.998,86161.6,0,0.00,0.00,3
25181,0.048,0.048,-0.998,0.000,0.000,0.000,0.000,0.000,0.000,1.0000,0.0011,-0.0011,0.0000,-11.10,-20.86,-19.59,0.17,-0.998,-0.998,86161.6,0,0.00,0.00,3
25201,0.048,0.048,-0.998,0.000,0.000,0.000,0.000,0.000,0.000,1.0000,0.0011,-0.0011,0.0000,-11.10,-20.86,-19.59,0.17,-0.998,-0.998,86161.6,0,0.00,0.00,3
25221,0.048,0.048,-0.998,0.000,0.000,0.000,0.000,0.000,0.000,1.0000,0.0011,-0.0011,0.0000,-11.10,-20.86,-19.59,0.17,-0.998,-0.998,86161.6,0,0.00,0.00,3
25241,0.048,0.048,-0.998,0.000,0.000,0.000,0.000,0.000,0.000,1.0000,0.0011,-0.0011,0.0000,-11.10,-20.86,-19.59,0.17,-0.998,-0.998,86161.6,0,0.00,0.00,3
25261,0.048,0.048,-0.998,0.000,0.000,0.000,0.000,0.000,0.000,1.0000,0.0011,-0.0011,0.0000,-11.10,-20.86,-19.59,0.17,-0.998,-0.998,86161.6,0,0.00,0.00,3
25281,0.048,0.048,-0.998,0.000,0.000,0.000,0.000,0.000,0.000,1.0000,0.0011,-0.0011,0.0000,-11.10,-20.86,-19.59,0.17,-0.998,-0.998,86161.6,0,0.00,0.00,3
25301,0.048,0.048,-0.998,0.000,0.000,0.000,0.000,0.000,0.000,1.0000,0.0011,-0.0011,0.0000,-11.10,-20.86,-19.59,0.17,-0.998,-0.998,86161.6,0,0.00,0.00,3
25321,0.048,0.048,-0.998,0.000,0.000,0.000,0.000,0.000,0.000,1.0000,0.0011,-0.0011,0.0000,-11.10,-20.86,-19.59,0.17,-0.998,-0.998,86161.6,0,0.00,0.00,3
25341,0.048,0.048,-0.998,0.000,0.000,0.000,0.000,0.000,0.000,1.0000,0.0011,-0.0011,0.0000,-11.10,-20.86,-19.59,0.17,-0.998,-0.998,86161.6,0,0.00,0.00,3
25361,0.048,0.048,-0.998,0.000,0.000,0.000,0.000,0.000,0.000,1.0000,0.0011,-0.0011,0.0000,-11.10,-20.86,-19.59,0.17,-0.998,-0.998,86161.6,0,0.00,0.00,3
25381,0.048,0.048,-0.998,0.000,0.000,0.000,0.000,0.000,0.000,1.0000,0.0011,-0.0011,0.0000,-11.10,-20.86,-19.59,0.17,-0.998,-0.998,86161.6,0,0.00,0.00,3
25401,0.048,0.048,-0.998,0.000,0.000,0.000,0.000,0.000,0.000,1.0000,0.0011,-0.0011,0.0000,-11.10,-20.86,-19.59,0.17,-0.998,-0.998,86161.6,0,0.00,0.00,3
25421,0.048,0.048,-0.998,0.000,0.000,0.000,0.000,0.000,0.000,1.0000,0.0011,-0.0011,0.0000,-11.10,-20.86,-19.59,0.17,-0.998,-0.998,86161.6,0,0.00,0.00,3
25441,0.048,0.048,-0.998,0.000,0.000,0.000,0.000,0.000,0.000,1.0000,0.0011,-0.0011,0.0000,-11.10,-20.86,-19.59,0.17,-0.998,-0.998,86161.6,0,0.00,0.00,3
25461,0.048,0.048,-0.998,0.000,0.000,0.000,0.000,0.000,0.000,1.0000,0.0011,-0.0011,0.0000,-11.10,-20.86,-19.59,0.17,-0.998,-0.998,86161.6,0,0.00,0.00,3
25481,0.048,0.048,-0.998,0.000,0.000,0.000,0.000,0.000,0.000,1.0000,0.0011,-0.0011,0.0000,-11.10,-20.86,-19.59,0.17,-0.998,-0.998,86161.6,0,0.00,0.00,3
25501,0.048,0.048,-0.998,0.000,0.000,0.000,0.000,0.000,0.000,1.0000,0.0011,-0.0011,0.0000,-11.10,-20.86,-19.59,0.17,-0.998,-0.998,86161.6,0,0.00,0.00,3
25520,0.048,0.048,-0.998,0.000,0.000,0.000,0.000,0.000,0.000,1.0000,0.0011,-0.0011,0.0000,-11.10,-20.86,-19.59,0.17,-0.998,-0.998,86161.6,0,0.00,0.00,3
25541,0.048,0.048,-0.998,0.000,0.000,0.000,0.000,0.000,0.000,1.0000,0.0011,-0.0011,0.0000,-11.10,-20.86,-19.59,0.17,-0.998,-0.998,86161.6,0,0.00,0.00,3
25561,0.048,0.048,-0.998,0.000,0.000,0.000,0.000,0.000,0.000,1.0000,0.0011,-0.0011,0.0000,-11.10,-20.86,-19.59,0.17,-0.998,-0.998,86161.6,0,0.00,0.00,3
25582,0.048,0.048,-0.998,0.061,-0.122,0.183,0.000,0.000,0.000,1.0000,0.0011,-0.0011,0.0000,-11.10,-20.86,-19.59,0.17,-0.998,-0.998,86161.6,0,0.00,0.00,3
25602,0.051,0.048,-0.998,-0.061,-0.122,0.183,0.000,0.000,0.000,1.0000,0.0011,-0.0011,0.0001,-11.12,-20.88,-19.59,0.17,-0.998,-0.998,86167.4,0,0.00,0.00,3
25622,0.047,0.048,-0.999,0.000,-0.061,0.122,0.000,0.000,0.000,1.0000,0.0011,-0.0011,0.0001,-11.14,-20.89,-19.60,0.17,-0.999,-0.999,86165.1,0,0.00,0.00,3
25642,0.048,0.047,-1.002,0.000,0.061,0.183,0.000,0.000,0.000,1.0000,0.0011,-0.0011,0.0001,-11.16,-20.92,-19.63,0.17,-1.002,-1.002,86169.1,0,0.00,0.00,3
25662,0.046,0.047,-1.001,0.061,-0.122,0.183,0.000,0.000,0.000,1.0000,0.0011,-0.0011,0.0001,-11.17,-20.92,-19.63,0.17,-1.001,-1.001,86164.2,0,0.00,0.00,3
25682,0.047,0.051,-0.998,0.061,0.000,0.122,0.000,0.000,0.000,1.0000,0.0011,-0.0011,0.0001,-11.14,-20.89,-19.59,0.17,-0.998,-0.998,86152.3,0,0.00,0.00,3
25702,0.047,0.049,-0.997,0.061,-0.061,0.122,0.000,0.000,0.000,1.0000,0.0011,-0.0011,0.0001,-11.15,-20.90,-19.58,0.17,-0.997,-0.997,86164.6,0,0.00,0.00,3
25722,0.049,0.048,-0.998,0.061,0.000,0.122,0.000,0.000,0.000,1.0000,0.0011,-0.0011,0.0001,-11.14,-20.89,-19.59,0.17,-0.998,-0.998,86158.6,0,0.00,0.00,3
25742,0.048,0.048,-0.995,0.000,-0.244,0.122,0.000,0.000,0.000,1.0000,0.0011,-0.0011,0.0001,-11.18,-20.92,-19.56,0.18,-0.995,-0.995,86173.0,0,0.00,0.00,3
25762,0.049,0.048,-0.996,0.000,0.000,0.061,0.000,0.000,0.000,1.0000,0.0011,-0.0011,0.0001,-11.19,-20.94,-19.57,0.18,-0.996,-0.996,86166.9,0,0.00,0.00,3
25782,0.043,0.049,-0.997,0.000,-0.061,0.061,0.000,0.000,0.000,1.0000,0.0011,-0.0011,0.0001,-11.20,-20.94,-19.58,0.18,-0.997,-0.997,86163.4,0,0.00,0.00,3
25802,0.048,0.048,-0.997,0.061,0.000,0.122,0.000,0.000,0.000,1.0000,0.0011,-0.0011,0.0001,-11.15,-20.89,-19.58,0.18,-0.997,-0.997,86148.0,0,0.00,0.00,3
25822,0.047,0.048,-0.997,0.061,-0.061,0.000,0.000,0.000,0.000,1.0000,0.0011,-0.0011,0.0001,-11.15,-20.89,-19.58,0.18,-0.997,-0.997,86161.9,0,0.00,0.00,3
25842,0.048,0.047,-1.000,0.000,-0.061,0.122,0.000,0.000,0.000,1.0000,0.0011,-0.0011,0.0001,-11.13,-20.88,-19.62,0.18,-1.000,-1.000,86158.1,0,0.00,0.00,3
25862,0.049,0.048,-0.999,0.000,0.061,0.244,0.000,0.000,0.000,1.0000,0.0011,-0.0011,0.0002,-11.12,-20.87,-19.60,0.18,-0.999,-0.999,86158.9,0,0.00,0.00,3
25882,0.048,0.050,-0.996,-0.061,0.000,0.183,0.000,0.000,0.000,1.0000,0.0011,-0.0011,0.0002,-11.11,-20.85,-19.57,0.18,-0.996,-0.996,86158.1,0,0.00,0.00,3
25902,0.047,0.049,-0.997,0.061,-0.061,0.122,0.000,0.000,0.000,1.0000,0.0011,-0.0011,0.0002,-11.11,-20.86,-19.58,0.18,-0.997,-0.997,86163.2,0,0.00,0.00,3
25922,0.048,0.049,-1.000,-0.061,-0.122,0.122,0.000,0.000,0.000,1.0000,0.0011,-0.0011,0.0002,-11.14,-20.88,-19.62,0.18,-1.000,-1.000,86169.3,0,0.00,0.00,3
25942,0.047,0.050,-0.998,0.000,0.000,0.183,0.000,0.000,0.000,1.0000,0.0011,-0.0011,0.0002,-11.15,-20.89,-19.59,0.18,-0.998,-0.998,86162.9,0,0.00,0.00,3
25962,0.046,0.051,-0.994,0.000,-0.061,0.122,0.000,0.000,0.000,1.0000,0.0011,-0.0011,0.0002,-11.12,-20.86,-19.55,0.18,-0.994,-0.994,86154.1,0,0.00,0.00,3
25982,0.051,0.048,-0.995,0.000,0.061,0.183,0.000,0.000,0.000,1.0000,0.0011,-0.0011,0.0003,-11.14,-20.88,-19.56,0.18,-0.995,-0.995,86167.0,0,0.00,0.00,3
26002,0.050,0.048,-0.995,0.000,-0.122,0.122,0.000,0.000,0.000,1.0000,0.0011,-0.0011,0.0003,-11.13,-20.87,-19.56,0.18,-0.995,-0.995,86159.5,0,0.00,0.00,3
26022,0.048,0.048,-1.001,0.061,0.000,0.061,0.000,0.000,0.000,1.0000,0.0011,-0.0011,0.0003,-11.16,-20.89,-19.63,0.18,-1.001,-1.001,86169.3,0,0.00,0.00,3
26042,0.047,0.048,-0.998,0.000,-0.183,0.122,0.000,0.000,0.000,1.0000,0.0011,-0.0011,0.0003,-11.20,-20.93,-19.59,0.18,-0.998,-0.998,86173.4,0,0.00,0.00,3
26062,0.049,0.049,-0.996,0.000,-0.183,0.183,0.000,0.000,0.000,1.0000,0.0011,-0.0012,0.0003,-11.25,-20.98,-19.57,0.18,-0.996,-0.996,86175.4,0,0.00,0.00,3
26082,0.047,0.049,-0.995,-0.061,-0.061,0.122,0.000,0.000,0.000,1.0000,0.0011,-0.0012,0.0003,-11.25,-20.98,-19.56,0.18,-0.995,-0.995,86162.9,0,0.00,0.00,3
26102,0.048,0.050,-0.997,0.061,0.000,0.183,0.000,0.000,0.000,1.0000,0.0011,-0.0012,0.0003,-11.24,-20.96,-19.58,0.18,-0.997,-0.997,86159.0,0,0.00,0.00,3
26122,0.048,0.048,-0.999,0.061,-0.061,0.244,0.000,0.000,0.000,1.0000,0.0011,-0.0012,0.0004,-11.22,-20.95,-19.60,0.18,-0.999,-0.999,86158.9,0,0.00,0.00,3
26142,0.046,0.049,-0.995,0.000,-0.061,0.183,0.000,0.000,0.000,1.0000,0.0011,-0.0012,0.0004,-11.26,-20.98,-19.56,0.18,-0.995,-0.995,86171.0,0,0.00,0.00,3
26162,0.048,0.049,-0.701,0.000,-0.061,0.183,0.000,0.000,0.000,1.0000,0.0011,-0.0012,0.0004,-11.26,-20.92,-16.68,0.18,-0.701,-0.701,86163.5,0,0.00,0.00,3
26182,0.046,0.049,-0.125,-0.061,0.000,0.244,0.000,0.000,0.000,1.0000,0.0011,-0.0012,0.0005,-11.26,-20.75,-11.03,0.18,-0.125,-0.125,86164.3,0,0.00,0.00,3
26202,0.048,0.049,0.453,0.000,0.000,0.183,0.000,0.000,0.000,1.0000,0.0011,-0.0012,0.0005,-11.28,-20.49,-5.37,0.18,0.453,0.453,86169.4,0,0.00,0.00,3
26222,0.048,0.049,1.029,0.061,-0.122,0.244,0.000,0.000,0.000,1.0000,0.0011,-0.0012,0.0006,-11.24,-20.07,0.29,0.18,1.029,1.029,86155.8,0,0.00,0.00,3
26242,0.048,0.049,1.609,0.061,-0.061,0.427,0.000,0.000,0.000,1.0000,0.0011,-0.0012,0.0006,-11.19,-19.53,5.97,0.18,1.609,1.609,86154.9,0,0.00,0.00,3
26262,0.047,0.050,2.189,0.000,0.061,0.488,0.000,0.000,0.000,1.0000,0.0011,-0.0012,0.0007,-11.15,-18.89,11.66,0.18,2.189,2.189,86159.7,0,0.00,0.00,3
26282,0.048,0.047,2.771,0.061,-0.122,0.488,0.000,0.000,0.000,1.0000,0.0011,-0.0012,0.0008,-11.13,-18.18,17.36,0.18,2.771,2.771,86169.3,0,0.00,0.00,3
26305,0.049,0.048,2.767,0.000,-0.122,0.549,0.000,0.000,0.000,1.0000,0.0011,-0.0012,0.0009,-11.10,-17.47,17.33,0.18,2.767,2.767,86169.9,0,0.00,0.00,3
26322,0.048,0.047,2.766,-0.061,-0.122,0.488,0.000,0.000,0.000,1.0000,0.0011,-0.0012,0.0010,-11.03,-16.74,17.32,0.18,2.766,2.766,86162.6,0,0.00,0.00,3
26342,0.048,0.047,2.770,0.061,0.061,0.488,0.000,0.000,0.000,1.0000,0.0011,-0.0012,0.0011,-10.94,-16.00,17.36,0.18,2.770,2.770,86158.6,0,0.00,0.00,3
26362,0.048,0.048,2.762,0.061,0.000,0.427,0.000,0.000,0.000,1.0000,0.0011,-0.0012,0.0011,-10.82,-15.25,17.28,0.18,2.762,2.762,86156.0,0,0.00,0.00,3
26382,0.046,0.049,2.763,0.061,-0.183,0.549,0.000,0.000,0.000,1.0000,0.0011,-0.0012,0.0012,-10.70,-14.51,17.29,0.19,2.763,2.763,86156.6,0,0.00,0.00,3
26402,0.047,0.048,2.764,0.122,0.000,0.488,0.000,0.000,0.000,1.0000,0.0011,-0.0012,0.0013,-10.58,-13.78,17.30,0.18,2.764,2.764,86160.3,0,0.00,0.00,3
26422,0.046,0.048,2.764,0.000,-0.244,0.488,0.000,0.000,0.000,1.0000,0.0011,-0.0013,0.0014,-10.44,-13.06,17.30,0.19,2.764,2.764,86157.9,0,0.00,0.00,3
26442,0.050,0.049,2.755,0.000,-0.061,0.488,0.000,0.000,0.000,1.0000,0.0011,-0.0013,0.0015,-10.26,-12.30,17.22,0.19,2.755,2.755,86147.7,0,0.00,0.00,3
26462,0.048,0.050,2.755,0.000,-0.122,0.549,0.000,0.000,0.000,1.0000,0.0011,-0.0013,0.0016,-10.09,-11.58,17.21,0.19,2.755,2.755,86155.0,0,0.00,0.00,4
26482,0.048,0.050,2.752,-0.061,-0.061,0.549,0.000,0.000,0.000,1.0000,0.0011,-0.0013,0.0017,-9.91,-10.85,17.18,0.19,2.752,2.752,86153.3,0,0.00,0.00,4
26502,0.046,0.047,2.754,0.061,-0.061,0.427,0.000,0.000,0.000,1.0000,0.0011,-0.0013,0.0018,-9.75,-10.16,17.20,0.19,2.754,2.754,86160.6,0,0.00,0.00,4
26522,0.045,0.048,2.753,0.122,-0.061,0.549,0.000,0.000,0.000,1.0000,0.0011,-0.0013,0.0019,-9.59,-9.48,17.20,0.19,2.753,2.753,86162.4,0,0.00,0.00,4
26542,0.045,0.049,2.754,0.061,-0.061,0.488,0.000,0.000,0.000,1.0000,0.0011,-0.0013,0.0019,-9.34,-8.73,17.20,0.19,2.754,2.754,86140.6,0,0.00,0.00,4
26562,0.046,0.047,2.750,0.061,-0.122,0.427,0.000,0.000,0.000,1.0000,0.0011,-0.0013,0.0020,-9.08,-7.98,17.16,0.19,2.750,2.750,86137.6,0,0.00,0.00,4
26582,0.045,0.047,2.745,0.061,0.000,0.366,0.000,0.000,0.000,1.0000,0.0011,-0.0013,0.0021,-8.85,-7.28,17.11,0.19,2.745,2.745,86148.6,0,0.00,0.00,4
26602,0.049,0.049,2.745,-0.061,0.000,0.427,0.000,0.000,0.000,1.0000,0.0011,-0.0013,0.0022,-8.56,-6.54,17.11,0.19,2.745,2.745,86133.8,0,0.00,0.00,4
26622,0.046,0.050,2.747,-0.061,-0.061,0.549,0.000,0.000,0.000,1.0000,0.0011,-0.0013,0.0022,-8.26,-5.80,17.13,0.19,2.747,2.747,86132.0,0,0.00,0.00,4
26642,0.047,0.048,2.747,0.122,-0.122,0.488,0.000,0.000,0.000,1.0000,0.0011,-0.0013,0.0023,-7.94,-5.05,17.13,0.19,2.747,2.747,86126.2,0,0.00,0.00,4
26662,0.048,0.049,2.749,0.000,-0.183,0.427,0.000,0.000,0.000,1.0000,0.0011,-0.0013,0.0024,-7.60,-4.30,17.15,0.19,2.749,2.749,86122.9,0,0.00,0.00,4
26682,0.047,0.047,2.745,0.000,-0.183,0.488,0.000,0.000,0.000,1.0000,0.0011,-0.0013,0.0025,-7.24,-3.55,17.12,0.19,2.745,2.745,86119.8,0,0.00,0.00,4
26702,0.011,0.152,2.745,0.061,0.000,0.488,0.000,0.000,0.000,1.0000,0.0011,-0.0013,0.0026,-6.93,-2.85,17.11,0.19,2.745,2.745,86129.9,0,0.00,0.00,4
26722,0.008,0.151,2.740,1.160,-0.366,1.282,0.000,0.000,0.000,1.0000,0.0013,-0.0014,0.0028,-6.57,-2.13,17.07,0.21,2.740,2.740,86120.6,0,0.00,0.00,4
26742,0.012,0.153,2.738,2.441,-0.977,2.380,0.000,0.000,0.000,1.0000,0.0017,-0.0015,0.0032,-6.20,-1.40,17.05,0.26,2.738,2.738,86114.6,0,0.00,0.00,4
26762,0.007,0.150,2.742,3.662,-1.160,3.296,0.000,0.000,0.000,1.0000,0.0023,-0.0018,0.0038,-5.80,-0.67,17.09,0.33,2.742,2.742,86109.4,0,0.00,0.00,4
26782,0.005,0.150,2.743,5.005,-1.465,4.334,0.000,0.000,0.000,1.0000,0.0032,-0.0020,0.0046,-5.42,0.03,17.10,0.43,2.743,2.743,86113.4,0,0.00,0.00,4
26802,0.000,0.150,2.741,6.165,-2.197,5.249,0.000,0.000,0.000,1.0000,0.0043,-0.0024,0.0055,-5.00,0.76,17.08,0.56,2.741,2.741,86103.7,0,0.00,0.00,4
26822,-0.002,0.145,2.743,7.446,-2.380,6.287,0.000,0.000,0.000,1.0000,0.0056,-0.0028,0.0066,-4.54,1.51,17.11,0.72,2.743,2.743,86090.9,0,0.00,0.00,4
26842,-0.002,0.141,2.744,8.789,-2.808,7.446,0.000,0.000,0.000,0.9999,0.0071,-0.0033,0.0079,-4.09,2.25,17.12,0.90,2.744,2.744,86092.5,0,0.00,0.00,4
26862,-0.005,0.135,2.751,10.071,-3.418,8.423,0.000,0.000,0.000,0.9999,0.0089,-0.0039,0.0093,-3.64,2.96,17.19,1.11,2.751,2.751,86094.9,0,0.00,0.00,4
26882,-0.008,0.128,2.753,11.414,-3.662,9.521,0.000,0.000,0.000,0.9999,0.0109,-0.0045,0.0110,-3.12,3.73,17.21,1.35,2.753,2.753,86072.0,0,0.00,0.00,4
26902,-0.011,0.122,2.750,12.695,-4.150,10.620,0.000,0.000,0.000,0.9998,0.0131,-0.0052,0.0129,-2.65,4.45,17.18,1.61,2.750,2.750,86084.8,0,0.00,0.00,4
26922,-0.012,0.112,2.751,13.977,-4.700,11.597,0.000,0.000,0.000,0.9998,0.0155,-0.0061,0.0149,-2.14,5.17,17.19,1.91,2.751,2.751,86075.8,0,0.00,0.00,4
26942,-0.014,0.104,2.755,15.320,-5.188,12.756,0.000,0.000,0.000,0.9997,0.0182,-0.0070,0.0171,-1.59,5.93,17.23,2.23,2.755,2.755,86060.5,0,0.00,0.00,4
26962,-0.020,0.093,2.761,16.663,-5.615,13.794,0.000,0.000,0.000,0.9996,0.0211,-0.0079,0.0195,-1.01,6.70,17.27,2.58,2.761,2.761,86054.2,0,0.00,0.00,4
26982,-0.019,0.081,2.762,17.822,-6.165,14.954,0.000,0.000,0.000,0.9994,0.0242,-0.0090,0.0221,-0.49,7.41,17.27,2.96,2.762,2.762,86065.6,0,0.00,0.00,4
27002,-0.023,0.069,2.764,19.165,-6.775,16.052,0.000,0.000,0.000,0.9993,0.0276,-0.0102,0.0249,0.07,8.13,17.29,3.37,2.764,2.764,86053.9,0,0.00,0.00,4
27022,-0.024,0.052,2.771,20.325,-7.263,17.090,0.000,0.000,0.000,0.9991,0.0311,-0.0114,0.0279,0.68,8.89,17.33,3.80,2.771,2.771,86041.1,0,0.00,0.00,4
27042,-0.028,0.038,2.771,21.484,-7.874,18.311,0.000,0.000,0.000,0.9988,0.0348,-0.0128,0.0311,1.30,9.64,17.32,4.25,2.771,2.771,86034.2,0,0.00,0.00,4
27064,-0.032,0.021,2.776,22.644,-8.240,19.409,0.000,0.000,0.000,0.9986,0.0388,-0.0142,0.0345,1.94,10.40,17.33,4.74,2.776,2.776,86026.6,0,0.00,0.00,4
27082,-0.031,0.003,2.777,23.682,-8.972,20.508,0.000,0.000,0.000,0.9982,0.0429,-0.0158,0.0381,2.60,11.17,17.30,5.24,2.777,2.777,86019.8,0,0.00,0.00,4
27102,-0.036,-0.014,2.784,24.780,-9.460,21.790,0.000,0.000,0.000,0.9979,0.0472,-0.0174,0.0419,3.28,11.94,17.33,5.77,2.784,2.784,86010.2,0,0.00,0.00,4
27122,-0.038,-0.035,2.789,25.513,-10.071,22.766,0.000,0.000,0.000,0.9974,0.0517,-0.0192,0.0458,3.93,12.66,17.32,6.32,2.789,2.789,86016.5,0,0.00,0.00,4
27142,-0.039,-0.054,2.792,26.489,-10.620,23.804,0.000,0.000,0.000,0.9969,0.0563,-0.0210,0.0499,4.60,13.39,17.29,6.89,2.792,2.792,86010.9,0,0.00,0.00,4
27162,-0.043,-0.076,2.801,27.283,-11.108,24.963,0.000,0.000,0.000,0.9964,0.0611,-0.0230,0.0543,5.31,14.15,17.31,7.48,2.801,2.801,85992.8,0,0.00,0.00,4
27182,-0.045,-0.100,2.801,27.893,-11.597,26.062,0.000,0.000,0.000,0.9958,0.0659,-0.0250,0.0588,6.03,14.89,17.24,8.08,2.801,2.801,85990.7,0,0.00,0.00,4
27202,-0.047,-0.125,2.807,28.381,-12.207,27.222,0.000,0.000,0.000,0.9951,0.0708,-0.0272,0.0635,6.74,15.62,17.20,8.70,2.807,2.807,85988.6,0,0.00,0.00,4
27222,-0.049,-0.150,2.808,28.992,-12.695,28.320,0.000,0.000,0.000,0.9943,0.0759,-0.0294,0.0684,7.50,16.37,17.11,9.34,2.808,2.808,85973.3,0,0.00,0.00,4
27242,-0.052,-0.177,2.818,29.236,-13.062,29.480,0.000,0.000,0.000,0.9935,0.0810,-0.0317,0.0735,8.25,17.10,17.10,9.98,2.818,2.818,85971.4,0,0.00,0.00,4
27262,-0.055,-0.204,2.821,29.419,-13.550,30.518,0.000,0.000,0.000,0.9926,0.0861,-0.0341,0.0788,9.07,17.89,17.01,10.62,2.821,2.821,85946.4,0,0.00,0.00,4
27282,-0.058,-0.229,2.826,29.541,-13.916,31.738,0.000,0.000,0.000,0.9916,0.0912,-0.0366,0.0842,9.84,18.61,16.93,11.28,2.826,2.826,85958.1,0,0.00,0.00,4
27303,-0.065,-0.259,2.833,29.541,-14.343,32.715,0.000,0.000,0.000,0.9905,0.0963,-0.0391,0.0898,10.63,19.33,16.85,11.93,2.833,2.833,85949.6,0,0.00,0.00,4
27322,-0.067,-0.289,2.833,29.175,-14.587,33.752,0.000,0.000,0.000,0.9894,0.1013,-0.0418,0.0956,11.42,20.03,16.69,12.59,2.833,2.833,85946.6,0,0.00,0.00,4
27342,-0.073,-0.318,2.836,28.992,-14.709,34.851,0.000,0.000,0.000,0.9881,0.1063,-0.0444,0.1016,12.25,20.76,16.56,13.24,2.836,2.836,85929.8,0,0.00,0.00,4
27362,-0.082,-0.349,2.842,28.442,-14.954,35.950,0.000,0.000,0.000,0.9868,0.1112,-0.0472,0.1077,13.14,21.53,16.44,13.88,2.842,2.842,85909.4,0,0.00,0.00,4
27382,-0.083,-0.381,2.845,27.893,-14.954,36.987,0.000,0.000,0.000,0.9854,0.1160,-0.0500,0.1140,13.98,22.23,16.29,14.51,2.845,2.845,85918.7,0,0.00,0.00,4
27402,-0.092,-0.409,2.850,27.161,-15.076,37.964,0.000,0.000,0.000,0.9839,0.1206,-0.0528,0.1205,14.87,22.97,16.15,15.13,2.850,2.850,85897.8,0,0.00,0.00,4
27422,-0.100,-0.442,2.857,26.184,-14.954,39.185,0.000,0.000,0.000,0.9824,0.1251,-0.0556,0.1271,15.77,23.70,16.02,15.73,2.857,2.857,85892.2,0,0.00,0.00,4
27442,-0.110,-0.471,2.859,25.146,-14.709,40.222,0.000,0.000,0.000,0.9808,0.1293,-0.0585,0.1340,16.70,24.44,15.85,16.32,2.859,2.859,85880.0,0,0.00,0.00,4
27462,-0.118,-0.502,2.865,24.048,-14.465,41.199,0.000,0.000,0.000,0.9791,0.1333,-0.0613,0.1409,17.62,25.14,15.69,16.88,2.865,2.865,85878.2,0,0.00,0.00,4
27482,-0.128,-0.529,2.865,22.583,-14.038,42.175,0.000,0.000,0.000,0.9773,0.1371,-0.0641,0.1480,18.56,25.86,15.50,17.41,2.865,2.865,85865.1,0,0.00,0.00,4
27502,-0.137,-0.555,2.870,21.240,-13.550,43.335,0.000,0.000,0.000,0.9755,0.1406,-0.0669,0.1553,19.49,26.55,15.36,17.91,2.870,2.870,85861.9,0,0.00,0.00,4
27522,-0.153,-0.586,2.870,19.775,-12.939,44.189,0.000,0.000,0.000,0.9736,0.1438,-0.0697,0.1628,20.48,27.27,15.15,18.39,2.870,2.870,85842.4,0,0.00,0.00,4
27542,-0.167,-0.608,2.876,18.127,-12.146,45.349,0.000,0.000,0.000,0.9717,0.1466,-0.0723,0.1704,21.47,27.99,15.02,18.82,2.876,2.876,85834.9,0,0.00,0.00,4
27562,-0.181,-0.636,2.881,16.479,-11.414,46.265,0.000,0.000,0.000,0.9697,0.1492,-0.0750,0.1781,22.45,28.67,14.89,19.22,2.881,2.881,85831.4,0,0.00,0.00,4
27582,-0.197,-0.658,2.884,14.587,-10.437,47.180,0.000,0.000,0.000,0.9677,0.1514,-0.0775,0.1860,23.43,29.34,14.74,19.58,2.884,2.884,85827.0,0,0.00,0.00,4
27602,-0.213,-0.674,2.889,12.756,-9.338,48.279,0.000,0.000,0.000,0.9656,0.1532,-0.0799,0.1941,24.46,30.05,14.64,19.90,2.889,2.889,85805.4,0,0.00,0.00,4
27622,-0.229,-0.688,2.888,10.803,-8.240,49.316,0.000,0.000,0.000,0.9635,0.1546,-0.0823,0.2023,25.50,30.74,14.49,20.17,2.888,2.888,85796.5,0,0.00,0.00,4
27642,-0.246,-0.704,2.893,9.033,-6.836,50.232,0.000,0.000,0.000,0.9614,0.1556,-0.0845,0.2107,26.51,31.40,14.41,20.39,2.893,2.893,85798.6,0,0.00,0.00,4
27662,-0.262,-0.711,2.895,7.141,-5.371,51.086,0.000,0.000,0.000,0.9592,0.1562,-0.0865,0.2193,27.55,32.06,14.34,20.57,2.895,2.895,85783.8,0,0.00,0.00,4
27682,-0.279,-0.720,2.893,5.066,-3.845,52.185,0.000,0.000,0.000,0.9570,0.1564,-0.0884,0.2280,28.62,32.74,14.25,20.70,2.893,2.893,85769.4,0,0.00,0.00,4
27702,-0.298,-0.722,2.900,3.418,-2.441,53.101,0.000,0.000,0.000,0.9547,0.1563,-0.0901,0.2368,29.74,33.46,14.26,20.78,2.900,2.900,85747.7,0,0.00,0.00,4
27722,-0.320,-0.719,2.900,1.587,-0.855,54.016,0.000,0.000,0.000,0.9523,0.1557,-0.0916,0.2458,30.85,34.15,14.22,20.82,2.900,2.900,85743.5,0,0.00,0.00,4
27742,-0.333,-0.715,2.903,-0.183,0.977,54.993,0.000,0.000,0.000,0.9500,0.1548,-0.0930,0.2549,31.95,34.82,14.25,20.80,2.903,2.903,85739.7,0,0.00,0.00,4
27762,-0.351,-0.706,2.900,-1.709,2.686,55.847,0.000,0.000,0.000,0.9475,0.1534,-0.0941,0.2642,33.07,35.50,14.23,20.74,2.900,2.900,85727.2,0,0.00,0.00,4
27782,-0.368,-0.688,2.905,-3.296,4.334,56.763,0.000,0.000,0.000,0.9450,0.1518,-0.0950,0.2737,34.19,36.16,14.32,20.63,2.905,2.905,85718.6,0,0.00,0.00,4
27804,-0.378,-0.670,2.906,-4.639,6.042,57.617,0.000,0.000,0.000,0.9424,0.1497,-0.0958,0.2832,35.33,36.84,14.41,20.48,2.906,2.906,85705.3,0,0.00,0.00,4
27822,-0.394,-0.649,2.903,-5.920,7.690,58.777,0.000,0.000,0.000,0.9398,0.1474,-0.0963,0.2930,36.53,37.55,14.46,20.28,2.903,2.903,85682.6,0,0.00,0.00,4
27842,-0.401,-0.623,2.903,-6.897,9.216,59.570,0.000,0.000,0.000,0.9370,0.1448,-0.0967,0.3029,37.72,38.25,14.58,20.05,2.903,2.903,85676.5,0,0.00,0.00,4
27862,-0.407,-0.592,2.902,-7.751,10.681,60.486,0.000,0.000,0.000,0.9341,0.1419,-0.0969,0.3129,38.91,38.94,14.71,19.79,2.902,2.902,85669.4,0,0.00,0.00,4
27882,-0.415,-0.558,2.896,-8.606,12.268,61.279,0.000,0.000,0.000,0.9311,0.1388,-0.0969,0.3230,40.09,39.60,14.79,19.49,2.896,2.896,85663.5,0,0.00,0.00,4
27902,-0.418,-0.521,2.897,-9.094,13.550,62.378,0.000,0.000,0.000,0.9280,0.1355,-0.0967,0.3333,41.33,40.32,14.97,19.16,2.897,2.897,85637.8,0,0.00,0.00,4
27922,-0.418,-0.481,2.891,-9.460,14.404,63.171,0.000,0.000,0.000,0.9247,0.1321,-0.0964,0.3437,42.57,41.02,15.08,18.82,2.891,2.891,85630.4,0,0.00,0.00,4
27942,-0.411,-0.438,2.890,-9.705,15.625,64.148,0.000,0.000,0.000,0.9213,0.1285,-0.0959,0.3542,43.84,41.74,15.27,18.45,2.890,2.890,85615.5,0,0.00,0.00,4
27962,-0.407,-0.395,2.882,-9.705,16.296,64.941,0.000,0.000,0.000,0.9177,0.1248,-0.0954,0.3648,45.10,42.44,15.38,18.07,2.882,2.882,85606.6,0,0.00,0.00,4
27982,-0.395,-0.350,2.876,-9.521,16.785,65.979,0.000,0.000,0.000,0.9139,0.1211,-0.0947,0.3756,46.36,43.13,15.53,17.69,2.876,2.876,85600.6,0,0.00,0.00,4
28002,-0.381,-0.303,2.872,-9.216,17.029,66.772,0.000,0.000,0.000,0.9100,0.1174,-0.0940,0.3864,47.68,43.87,15.69,17.30,2.872,2.872,85574.2,0,0.00,0.00,4
28022,-0.366,-0.258,2.863,-8.728,16.968,67.627,0.000,0.000,0.000,0.9058,0.1137,-0.0933,0.3973,48.98,44.58,15.79,16.92,2.863,2.863,85569.1,0,0.00,0.00,4
28042,-0.345,-0.213,2.855,-8.240,16.907,68.604,0.000,0.000,0.000,0.9014,0.1101,-0.0925,0.4083,50.29,45.28,15.91,16.54,2.855,2.855,85559.5,0,0.00,0.00,4
28062,-0.323,-0.172,2.851,-7.507,16.296,69.458,0.000,0.000,0.000,0.8968,0.1067,-0.0918,0.4194,51.63,46.00,16.04,16.18,2.851,2.851,85540.6,0,0.00,0.00,4
28082,-0.300,-0.132,2.844,-6.775,15.625,70.374,0.000,0.000,0.000,0.8920,0.1033,-0.0912,0.4306,52.98,46.72,16.15,15.84,2.844,2.844,85530.1,0,0.00,0.00,4
28102,-0.273,-0.094,2.835,-5.920,14.526,71.228,0.000,0.000,0.000,0.8869,0.1002,-0.0906,0.4418,54.39,47.49,16.23,15.53,2.835,2.835,85502.9,0,0.00,0.00,4
28122,-0.251,-0.060,2.826,-5.005,13.245,72.205,0.000,0.000,0.000,0.8815,0.0972,-0.0902,0.4531,55.79,48.22,16.27,15.25,2.826,2.826,85498.4,0,0.00,0.00,4
28142,-0.226,-0.028,2.826,-4.028,11.719,73.059,0.000,0.000,0.000,0.8759,0.0945,-0.0900,0.4644,57.19,48.96,16.39,15.00,2.826,2.826,85484.3,0,0.00,0.00,4
28162,-0.202,-0.005,2.818,-3.174,9.949,73.975,0.000,0.000,0.000,0.8701,0.0921,-0.0899,0.4758,58.60,49.69,16.43,14.79,2.818,2.818,85474.6,0,0.00,0.00,4
28182,-0.178,0.018,2.814,-2.441,7.996,74.829,0.000,0.000,0.000,0.8639,0.0898,-0.0901,0.4872,60.07,50.45,16.49,14.62,2.814,2.814,85449.0,0,0.00,0.00,4
28202,-0.158,0.031,2.813,-1.648,5.859,75.623,0.000,0.000,0.000,0.8576,0.0879,-0.0905,0.4987,61.54,51.21,16.55,14.50,2.813,2.813,85437.6,0,0.00,0.00,4
28222,-0.139,0.043,2.810,-0.916,3.540,76.477,0.000,0.000,0.000,0.8509,0.0862,-0.0913,0.5101,63.03,51.97,16.57,14.43,2.810,2.810,85421.4,0,0.00,0.00,4
28242,-0.127,0.051,2.811,-0.366,1.221,77.454,0.000,0.000,0.000,0.8439,0.0848,-0.0923,0.5216,64.48,52.68,16.61,14.40,2.811,2.811,85421.1,0,0.00,0.00,4
28262,-0.119,0.054,2.813,0.061,-1.160,78.247,0.000,0.000,0.000,0.8367,0.0837,-0.0936,0.5330,65.99,53.44,16.64,14.42,2.813,2.813,85395.5,0,0.00,0.00,4
28282,-0.116,0.048,2.813,0.488,-3.601,79.163,0.000,0.000,0.000,0.8292,0.0828,-0.0952,0.5445,67.50,54.18,16.63,14.50,2.813,2.813,85383.0,0,0.00,0.00,4
28302,-0.124,0.046,2.812,0.732,-5.981,79.956,0.000,0.000,0.000,0.8214,0.0821,-0.0972,0.5559,69.00,54.89,16.59,14.62,2.812,2.812,85377.1,0,0.00,0.00,4
28322,-0.134,0.037,2.818,0.855,-8.179,80.811,0.000,0.000,0.000,0.8134,0.0817,-0.0994,0.5674,70.54,55.64,16.59,14.78,2.818,2.818,85352.3,0,0.00,0.00,4
28342,-0.152,0.026,2.821,0.549,-10.437,81.787,0.000,0.000,0.000,0.8050,0.0813,-0.1020,0.5788,72.09,56.37,16.53,14.99,2.821,2.821,85339.8,0,0.00,0.00,4
28362,-0.176,0.019,2.830,0.549,-12.329,82.642,0.000,0.000,0.000,0.7963,0.0812,-0.1048,0.5902,73.64,57.09,16.51,15.24,2.830,2.830,85329.9,0,0.00,0.00,4
28382,-0.209,0.008,2.836,0.244,-14.038,83.618,0.000,0.000,0.000,0.7874,0.0811,-0.1079,0.6015,75.23,57.83,16.44,15.52,2.836,2.836,85306.1,0,0.00,0.00,4
28402,-0.249,-0.001,2.846,-0.183,-15.442,84.351,0.000,0.000,0.000,0.7781,0.0811,-0.1112,0.6128,76.85,58.59,16.38,15.83,2.846,2.846,85286.4,0,0.00,0.00,4
28422,-0.292,-0.008,2.855,-0.732,-16.602,85.083,0.000,0.000,0.000,0.7686,0.0811,-0.1148,0.6241,78.45,59.31,16.29,16.16,2.855,2.855,85281.1,0,0.00,0.00,4
28442,-0.345,-0.011,2.868,-1.282,-17.578,86.121,0.000,0.000,0.000,0.7588,0.0811,-0.1185,0.6353,80.07,60.04,16.20,16.51,2.868,2.868,85261.9,0,0.00,0.00,4
28462,-0.398,-0.011,2.877,-1.770,-18.005,86.914,0.000,0.000,0.000,0.7488,0.0811,-0.1223,0.6464,81.71,60.76,16.07,16.87,2.877,2.877,85247.2,0,0.00,0.00,4
28482,-0.452,-0.008,2.889,-2.380,-18.127,87.769,0.000,0.000,0.000,0.7384,0.0810,-0.1261,0.6575,83.35,61.47,15.96,17.24,2.889,2.889,85232.2,0,0.00,0.00,4
28502,-0.509,0.002,2.895,-2.808,-17.883,88.684,0.000,0.000,0.000,0.7278,0.0807,-0.1300,0.6685,84.99,62.17,15.76,17.60,2.895,2.895,85220.8,0,0.00,0.00,4
28522,-0.565,0.015,2.912,-3.357,-17.395,89.416,0.000,0.000,0.000,0.7169,0.0802,-0.1338,0.6795,86.66,62.87,15.68,17.96,2.912,2.912,85200.0,0,0.00,0.00,4
28544,-0.617,0.037,2.920,-3.662,-16.479,90.393,0.000,0.000,0.000,0.7058,0.0796,-0.1376,0.6904,88.32,63.56,15.51,18.29,2.920,2.920,85189.3,0,0.00,0.00,4
28562,-0.671,0.059,2.925,-3.845,-15.381,91.309,0.000,0.000,0.000,0.6944,0.0788,-0.1412,0.7012,90.06,64.29,15.31,18.61,2.925,2.925,85157.6,0,0.00,0.00,4
28582,-0.714,0.089,2.939,-3.967,-13.855,92.041,0.000,0.000,0.000,0.6827,0.0777,-0.1446,0.7120,91.76,64.99,15.22,18.90,2.939,2.939,85151.2,0,0.00,0.00,4
28602,-0.751,0.122,2.943,-3.906,-12.146,93.018,0.000,0.000,0.000,0.6708,0.0764,-0.1478,0.7227,93.55,65.74,15.05,19.15,2.943,2.943,85118.1,0,0.00,0.00,4
28622,-0.783,0.158,2.946,-3.601,-10.254,93.872,0.000,0.000,0.000,0.6587,0.0749,-0.1507,0.7334,95.30,66.44,14.89,19.37,2.946,2.946,85112.6,0,0.00,0.00,4
28642,-0.806,0.195,2.957,-3.296,-8.240,94.727,0.000,0.000,0.000,0.6463,0.0730,-0.1532,0.7440,97.11,67.18,14.84,19.55,2.957,2.957,85084.5,0,0.00,0.00,4
28662,-0.817,0.233,2.957,-2.563,-6.165,95.581,0.000,0.000,0.000,0.6337,0.0710,-0.1555,0.7545,98.92,67.90,14.73,19.68,2.957,2.957,85070.2,0,0.00,0.00,4
28682,-0.818,0.268,2.963,-1.770,-4.211,96.436,0.000,0.000,0.000,0.6208,0.0687,-0.1573,0.7650,100.65,68.54,14.72,19.77,2.963,2.963,85077.9,0,0.00,0.00,4
28702,-0.811,0.303,2.966,-0.977,-2.075,97.290,0.000,0.000,0.000,0.6077,0.0662,-0.1588,0.7753,102.48,69.26,14.71,19.82,2.966,2.966,85037.4,0,0.00,0.00,4
28722,-0.791,0.333,2.967,0.122,-0.244,98.083,0.000,0.000,0.000,0.5943,0.0635,-0.1600,0.7856,104.36,70.01,14.74,19.82,2.967,2.967,85009.0,0,0.00,0.00,4
28742,-0.764,0.355,2.965,1.221,1.648,98.938,0.000,0.000,0.000,0.5807,0.0606,-0.1607,0.7958,106.23,70.74,14.79,19.78,2.965,2.965,84998.1,0,0.00,0.00,4
28762,-0.729,0.374,2.965,2.319,3.235,99.792,0.000,0.000,0.000,0.5668,0.0576,-0.1611,0.8059,108.06,71.42,14.88,19.70,2.965,2.965,84993.8,0,0.00,0.00,4
28782,-0.685,0.385,2.957,3.357,4.700,100.708,0.000,0.000,0.000,0.5526,0.0544,-0.1611,0.8159,109.95,72.15,14.96,19.59,2.957,2.957,84963.8,0,0.00,0.00,4
28802,-0.641,0.389,2.951,4.517,5.676,101.562,0.000,0.000,0.000,0.5382,0.0512,-0.1609,0.8257,111.87,72.90,15.06,19.44,2.951,2.951,84938.7,0,0.00,0.00,4
28822,-0.590,0.386,2.943,5.554,6.470,102.417,0.000,0.000,0.000,0.5235,0.0479,-0.1604,0.8354,113.79,73.62,15.18,19.27,2.943,2.943,84928.3,0,0.00,0.00,4
28842,-0.537,0.375,2.936,6.409,6.897,103.271,0.000,0.000,0.000,0.5085,0.0446,-0.1596,0.8450,115.69,74.33,15.33,19.08,2.936,2.936,84915.0,0,0.00,0.00,4
28862,-0.486,0.358,2.924,7.080,7.202,104.187,0.000,0.000,0.000,0.4932,0.0413,-0.1588,0.8543,117.64,75.06,15.44,18.88,2.924,2.924,84888.5,0,0.00,0.00,4
28882,-0.437,0.331,2.918,7.568,7.080,104.980,0.000,0.000,0.000,0.4776,0.0379,-0.1577,0.8635,119.63,75.83,15.61,18.67,2.918,2.918,84860.6,0,0.00,0.00,4
28902,-0.392,0.305,2.907,7.874,6.714,105.835,0.000,0.000,0.000,0.4617,0.0347,-0.1567,0.8724,121.58,76.54,15.73,18.47,2.907,2.907,84858.4,0,0.00,0.00,4
28922,-0.349,0.274,2.898,7.751,6.103,106.628,0.000,0.000,0.000,0.4455,0.0314,-0.1556,0.8811,123.55,77.27,15.86,18.27,2.898,2.898,84835.8,0,0.00,0.00,4
28942,-0.319,0.245,2.896,7.324,5.371,107.544,0.000,0.000,0.000,0.4290,0.0282,-0.1546,0.8895,125.53,77.99,16.02,18.09,2.896,2.896,84818.6,0,0.00,0.00,4
28962,-0.290,0.211,2.883,6.653,4.456,108.582,0.000,0.000,0.000,0.4122,0.0251,-0.1538,0.8977,127.50,78.69,16.08,17.93,2.883,2.883,84805.4,0,0.00,0.00,4
28982,-0.268,0.186,2.875,5.676,3.479,109.253,0.000,0.000,0.000,0.3950,0.0220,-0.1531,0.9056,129.47,79.38,16.14,17.79,2.875,2.875,84790.4,0,0.00,0.00,4
29002,-0.255,0.164,2.874,4.517,2.380,109.985,0.000,0.000,0.000,0.3776,0.0190,-0.1526,0.9131,131.50,80.11,16.25,17.69,2.874,2.874,84758.7,0,0.00,0.00,4
29022,-0.247,0.152,2.870,3.113,1.282,110.962,0.000,0.000,0.000,0.3599,0.0161,-0.1524,0.9203,133.53,80.83,16.28,17.63,2.870,2.870,84742.6,0,0.00,0.00,4
29042,-0.241,0.144,2.868,1.587,0.366,111.877,0.000,0.000,0.000,0.3419,0.0131,-0.1524,0.9272,135.58,81.56,16.31,17.59,2.868,2.868,84720.5,0,0.00,0.00,4
29062,-0.243,0.149,2.865,-0.122,-0.610,112.732,0.000,0.000,0.000,0.3235,0.0102,-0.1526,0.9338,137.63,82.27,16.28,17.60,2.865,2.865,84706.2,0,0.00,0.00,4
29082,-0.241,0.163,2.871,-1.953,-1.343,113.586,0.000,0.000,0.000,0.3049,0.0073,-0.1532,0.9399,139.68,82.97,16.31,17.65,2.871,2.871,84687.0,0,0.00,0.00,4
29102,-0.243,0.187,2.873,-3.662,-1.831,114.380,0.000,0.000,0.000,0.2861,0.0044,-0.1540,0.9457,141.74,83.66,16.27,17.73,2.873,2.873,84671.0,0,0.00,0.00,4
29122,-0.237,0.220,2.875,-5.371,-2.075,115.295,0.000,0.000,0.000,0.2669,0.0013,-0.1551,0.9512,143.82,84.37,16.20,17.84,2.875,2.875,84645.3,0,0.00,0.00,4
29142,-0.231,0.263,2.877,-6.958,-2.502,116.089,0.000,0.000,0.000,0.2476,-0.0017,-0.1563,0.9562,145.93,85.07,16.09,17.99,2.877,2.877,84625.1,0,0.00,0.00,4
29162,-0.220,0.312,2.887,-8.240,-2.380,116.943,0.000,0.000,0.000,0.2279,-0.0049,-0.1577,0.9608,148.03,85.77,16.03,18.16,2.887,2.887,84606.7,0,0.00,0.00,4
29182,-0.204,0.364,2.887,-9.338,-2.197,117.859,0.000,0.000,0.000,0.2080,-0.0081,-0.1593,0.9650,150.14,86.44,15.85,18.35,2.887,2.887,84591.0,0,0.00,0.00,4
29202,-0.175,0.420,2.894,-10.132,-2.014,118.591,0.000,0.000,0.000,0.1880,-0.0114,-0.1608,0.9689,152.30,87.16,15.73,18.56,2.894,2.894,84558.6,0,0.00,0.00,4
29222,-0.148,0.476,2.907,-10.498,-1.648,119.568,0.000,0.000,0.000,0.1676,-0.0148,-0.1624,0.9723,154.42,87.82,15.65,18.77,2.907,2.907,84550.7,0,0.00,0.00,4
29242,-0.107,0.527,2.911,-10.498,-1.099,120.239,0.000,0.000,0.000,0.1471,-0.0184,-0.1639,0.9753,156.59,88.51,15.49,18.98,2.911,2.911,84523.2,0,0.00,0.00,4
29262,-0.065,0.573,2.912,-10.193,-0.671,121.155,0.000,0.000,0.000,0.1264,-0.0220,-0.1652,0.9779,158.77,89.19,15.32,19.18,2.912,2.912,84501.1,0,0.00,0.00,4
29282,-0.022,0.616,2.918,-9.705,-0.244,122.070,0.000,0.000,0.000,0.1055,-0.0257,-0.1663,0.9801,160.97,89.88,15.19,19.38,2.918,2.918,84478.2,0,0.00,0.00,4
29304,0.028,0.646,2.917,-8.606,0.122,122.925,0.000,0.000,0.000,0.0845,-0.0294,-0.1672,0.9819,163.12,90.51,15.03,19.55,2.917,2.917,84474.1,0,0.00,0.00,4
29322,0.077,0.667,2.921,-7.446,0.488,123.657,0.000,0.000,0.000,0.0632,-0.0332,-0.1678,0.9832,165.32,91.17,14.94,19.70,2.921,2.921,84442.9,0,0.00,0.00,4
29342,0.123,0.680,2.921,-6.226,0.549,124.512,0.000,0.000,0.000,0.0418,-0.0370,-0.1681,0.9842,167.51,91.81,14.84,19.82,2.921,2.921,84425.9,0,0.00,0.00,4
29362,0.163,0.681,2.919,-4.517,0.427,125.366,0.000,0.000,0.000,0.0203,-0.0407,-0.1680,0.9847,169.70,92.42,14.77,19.91,2.919,2.919,84411.0,0,0.00,0.00,4
29382,0.199,0.676,2.919,-2.991,0.488,126.160,0.000,0.000,0.000,-0.0014,-0.0445,-0.1676,0.9848,171.96,93.10,14.74,19.97,2.919,2.919,84371.5,0,0.00,0.00,4
29402,0.225,0.663,2.917,-1.343,0.061,127.075,0.000,0.000,0.000,-0.0233,-0.0482,-0.1668,0.9845,174.23,93.78,14.73,20.00,2.917,2.917,84351.0,0,0.00,0.00,4
29422,0.248,0.643,2.908,0.000,-0.366,127.869,0.000,0.000,0.000,-0.0452,-0.0519,-0.1657,0.9838,176.49,94.42,14.68,20.00,2.908,2.908,84336.8,0,0.00,0.00,4
29442,0.263,0.620,2.910,1.465,-0.855,128.723,0.000,0.000,0.000,-0.0673,-0.0555,-0.1642,0.9826,178.79,95.10,14.76,19.96,2.910,2.910,84305.8,0,0.00,0.00,4
29462,0.267,0.594,2.901,2.563,-1.343,129.517,0.000,0.000,0.000,-0.0895,-0.0590,-0.1625,0.9809,181.10,95.77,14.77,19.91,2.901,2.901,84286.2,0,0.00,0.00,4
29482,0.265,0.570,2.899,3.479,-2.014,130.432,0.000,0.000,0.000,-0.1119,-0.0623,-0.1605,0.9787,183.39,96.41,14.85,19.83,2.899,2.899,84270.4,0,0.00,0.00,4
29503,0.256,0.544,2.898,4.028,-2.380,131.226,0.000,0.000,0.000,-0.1343,-0.0657,-0.1583,0.9760,185.68,97.05,14.96,19.73,2.898,2.898,84251.8,0,0.00,0.00,4
29522,0.245,0.523,2.887,4.272,-2.869,132.080,0.000,0.000,0.000,-0.1568,-0.0689,-0.1559,0.9728,188.03,97.72,14.98,19.63,2.887,2.887,84217.8,0,0.00,0.00,4
29542,0.232,0.506,2.883,4.272,-3.174,132.935,0.000,0.000,0.000,-0.1793,-0.0721,-0.1535,0.9691,190.38,98.39,15.05,19.52,2.883,2.883,84198.7,0,0.00,0.00,4
29562,0.225,0.490,2.883,4.028,-3.418,133.728,0.000,0.000,0.000,-0.2019,-0.0752,-0.1510,0.9648,192.78,99.09,15.15,19.42,2.883,2.883,84167.0,0,0.00,0.00,4
29582,0.219,0.481,2.876,3.418,-3.296,134.521,0.000,0.000,0.000,-0.2245,-0.0783,-0.1485,0.9599,195.16,99.76,15.17,19.32,2.876,2.876,84150.1,0,0.00,0.00,4
29602,0.213,0.474,2.874,2.747,-2.991,135.620,0.000,0.000,0.000,-0.2472,-0.0814,-0.1460,0.9544,197.54,100.42,15.22,19.24,2.874,2.874,84130.7,0,0.00,0.00,4
29622,0.214,0.468,2.869,1.892,-2.563,136.291,0.000,0.000,0.000,-0.2699,-0.0845,-0.1436,0.9484,199.96,101.10,15.23,19.18,2.869,2.869,84103.0,0,0.00,0.00,4
29642,0.223,0.463,2.869,0.977,-1.831,137.085,0.000,0.000,0.000,-0.2925,-0.0876,-0.1413,0.9417,202.43,101.82,15.25,19.14,2.869,2.869,84068.2,0,0.00,0.00,4
29662,0.240,0.457,2.866,0.122,-0.916,137.939,0.000,0.000,0.000,-0.3151,-0.0909,-0.1391,0.9344,204.85,102.48,15.23,19.13,2.866,2.866,84061.6,0,0.00,0.00,4
29682,0.264,0.444,2.866,-0.855,0.244,138.916,0.000,0.000,0.000,-0.3377,-0.0942,-0.1370,0.9265,207.27,103.13,15.22,19.14,2.866,2.866,84039.0,0,0.00,0.00,4
29702,0.293,0.429,2.867,-1.465,1.343,139.709,0.000,0.000,0.000,-0.3602,-0.0977,-0.1350,0.9179,209.72,103.79,15.21,19.18,2.867,2.867,84015.5,0,0.00,0.00,4
29722,0.328,0.411,2.863,-2.014,2.441,140.503,0.000,0.000,0.000,-0.3825,-0.1012,-0.1330,0.9087,212.19,104.45,15.12,19.24,2.863,2.863,83987.2,0,0.00,0.00,4
29742,0.363,0.388,2.861,-2.563,3.418,141.235,0.000,0.000,0.000,-0.4048,-0.1048,-0.1311,0.8989,214.68,105.13,15.05,19.33,2.861,2.861,83959.8,0,0.00,0.00,4
29762,0.400,0.358,2.858,-2.686,4.456,142.212,0.000,0.000,0.000,-0.4269,-0.1085,-0.1292,0.8884,217.19,105.80,14.96,19.43,2.858,2.858,83937.6,0,0.00,0.00,4
29782,0.431,0.322,2.852,-2.808,5.127,143.005,0.000,0.000,0.000,-0.4489,-0.1123,-0.1273,0.8773,219.68,106.45,14.84,19.55,2.852,2.852,83918.2,0,0.00,0.00,4
29802,0.464,0.286,2.842,-2.808,5.798,143.799,0.000,0.000,0.000,-0.4707,-0.1161,-0.1253,0.8656,222.18,107.08,14.69,19.67,2.842,2.842,83897.9,0,0.00,0.00,4
29822,0.489,0.246,2.835,-2.380,6.226,144.592,0.000,0.000,0.000,-0.4923,-0.1200,-0.1232,0.8533,224.71,107.73,14.57,19.81,2.835,2.835,83869.0,0,0.00,0.00,4
29842,0.516,0.209,2.827,-2.075,6.103,145.447,0.000,0.000,0.000,-0.5137,-0.1238,-0.1209,0.8403,227.26,108.39,14.41,19.94,2.827,2.827,83839.4,0,0.00,0.00,4
29862,0.534,0.166,2.818,-1.648,5.920,146.301,0.000,0.000,0.000,-0.5349,-0.1276,-0.1185,0.8268,229.81,109.03,14.29,20.06,2.818,2.818,83820.6,0,0.00,0.00,4
29882,0.547,0.128,2.810,-1.221,5.310,147.156,0.000,0.000,0.000,-0.5559,-0.1313,-0.1159,0.8126,232.41,109.69,14.17,20.17,2.810,2.810,83787.5,0,0.00,0.00,4
29902,0.556,0.093,2.802,-0.977,4.517,147.949,0.000,0.000,0.000,-0.5766,-0.1347,-0.1130,0.7979,235.01,110.35,14.07,20.26,2.802,2.802,83763.7,0,0.00,0.00,4
29922,0.560,0.061,2.795,-0.549,3.662,148.743,0.000,0.000,0.000,-0.5970,-0.1381,-0.1099,0.7826,237.60,110.99,13.98,20.33,2.795,2.795,83743.8,0,0.00,0.00,4
29942,0.563,0.029,2.785,-0.244,2.624,149.536,0.000,0.000,0.000,-0.6172,-0.1412,-0.1066,0.7667,240.17,111.59,13.88,20.38,2.785,2.785,83728.8,0,0.00,0.00,4
29962,0.562,0.005,2.778,-0.305,1.465,150.452,0.000,0.000,0.000,-0.6371,-0.1442,-0.1031,0.7501,242.83,112.26,13.81,20.41,2.778,2.778,83682.9,0,0.00,0.00,4
29982,0.564,-0.018,2.775,-0.305,0.488,151.245,0.000,0.000,0.000,-0.6567,-0.1469,-0.0993,0.7331,245.40,112.84,13.78,20.42,2.775,2.775,83682.9,0,0.00,0.00,4
30002,0.563,-0.037,2.767,-0.549,-0.427,152.039,0.000,0.000,0.000,-0.6759,-0.1493,-0.0954,0.7154,248.02,113.45,13.70,20.41,2.767,2.767,83649.3,0,0.00,0.00,4
30022,0.566,-0.057,2.768,-0.671,-1.221,152.832,0.000,0.000,0.000,-0.6948,-0.1516,-0.0913,0.6971,250.68,114.08,13.71,20.39,2.768,2.768,83618.6,0,0.00,0.00,4
30042,0.562,-0.080,2.767,-0.855,-1.831,153.626,0.000,0.000,0.000,-0.7133,-0.1536,-0.0871,0.6783,253.38,114.74,13.72,20.35,2.767,2.767,83582.2,0,0.00,0.00,4
30064,0.564,-0.102,16.000,-2.747,-1.404,160.767,0.000,0.000,0.000,-0.7321,-0.1555,-0.0829,0.6580,256.13,117.85,135.43,20.30,16.000,16.000,83554.1,0,0.00,0.00,4
30082,0.563,-0.126,2.766,-1.343,-2.441,155.212,0.000,0.000,0.000,-0.7497,-0.1573,-0.0785,0.6380,258.90,118.50,13.72,20.25,2.766,2.766,83532.5,0,0.00,0.00,4
30102,0.560,-0.155,2.771,-1.526,-2.197,156.067,0.000,0.000,0.000,-0.7669,-0.1589,-0.0741,0.6174,261.65,119.13,13.77,20.19,2.771,2.771,83515.0,0,0.00,0.00,4
30122,0.553,-0.185,2.769,-1.465,-1.953,156.982,0.000,0.000,0.000,-0.7836,-0.1605,-0.0696,0.5962,264.38,119.72,13.75,20.15,2.769,2.769,83495.4,0,0.00,0.00,4
30142,0.546,-0.215,2.770,-1.343,-1.404,157.715,0.000,0.000,0.000,-0.7997,-0.1620,-0.0651,0.5744,267.14,120.34,13.75,20.11,2.770,2.770,83463.5,0,0.00,0.00,4
30162,0.535,-0.247,2.770,-1.099,-0.916,158.508,0.000,0.000,0.000,-0.8154,-0.1635,-0.0606,0.5521,269.95,120.98,13.75,20.08,2.770,2.770,83429.8,0,0.00,0.00,4
30182,0.517,-0.280,2.761,-0.671,-0.061,159.302,0.000,0.000,0.000,-0.8304,-0.1650,-0.0561,0.5292,272.80,121.66,13.68,20.07,2.761,2.761,83392.6,0,0.00,0.00,4
30202,0.499,-0.310,2.762,-0.122,0.549,160.095,0.000,0.000,0.000,-0.8449,-0.1665,-0.0515,0.5058,275.65,122.32,13.68,20.08,2.762,2.762,83369.1,0,0.00,0.00,4
30222,0.477,-0.340,2.759,0.549,1.160,160.889,0.000,0.000,0.000,-0.8587,-0.1681,-0.0470,0.4819,278.51,122.97,13.66,20.10,2.759,2.759,83344.3,0,0.00,0.00,4
30242,0.452,-0.369,2.755,1.160,1.648,161.743,0.000,0.000,0.000,-0.8719,-0.1697,-0.0423,0.4574,281.35,123.60,13.61,20.14,2.755,2.755,83323.0,0,0.00,0.00,4
30262,0.429,-0.391,2.750,1.831,2.197,162.598,0.000,0.000,0.000,-0.8845,-0.1713,-0.0377,0.4324,284.18,124.19,13.57,20.20,2.750,2.750,83304.5,0,0.00,0.00,4
30282,0.406,-0.416,2.748,2.319,2.502,163.330,0.000,0.000,0.000,-0.8963,-0.1728,-0.0330,0.4070,287.02,124.80,13.52,20.27,2.748,2.748,83274.4,0,0.00,0.00,4
30302,0.383,-0.434,2.740,2.991,2.563,164.124,0.000,0.000,0.000,-0.9075,-0.1743,-0.0282,0.3811,289.91,125.43,13.44,20.35,2.740,2.740,83238.4,0,0.00,0.00,4
30322,0.360,-0.449,2.735,3.235,2.502,164.917,0.000,0.000,0.000,-0.9180,-0.1758,-0.0234,0.3548,292.77,126.02,13.39,20.43,2.735,2.735,83222.9,0,0.00,0.00,4
30342,0.341,-0.466,2.731,3.479,2.319,165.710,0.000,0.000,0.000,-0.9277,-0.1771,-0.0185,0.3280,295.68,126.65,13.33,20.51,2.731,2.731,83183.7,0,0.00,0.00,4
30362,0.322,-0.481,2.723,3.418,1.953,166.626,0.000,0.000,0.000,-0.9368,-0.1782,-0.0134,0.3009,298.62,127.29,13.24,20.59,2.723,2.723,83150.7,0,0.00,0.00,4
30382,0.303,-0.498,2.719,3.235,1.648,167.358,0.000,0.000,0.000,-0.9451,-0.1791,-0.0083,0.2733,301.58,127.94,13.17,20.66,2.719,2.719,83123.2,0,0.00,0.00,4
30402,0.285,-0.517,2.713,2.686,1.282,168.091,0.000,0.000,0.000,-0.9526,-0.1798,-0.0032,0.2455,304.53,128.56,13.09,20.72,2.713,2.713,83097.6,0,0.00,0.00,4
30422,0.261,-0.533,2.708,2.319,0.855,168.945,0.000,0.000,0.000,-0.9593,-0.1802,0.0021,0.2173,307.48,129.17,13.03,20.77,2.708,2.708,83074.6,0,0.00,0.00,4
30442,0.234,-0.552,2.709,1.526,0.610,169.678,0.000,0.000,0.000,-0.9653,-0.1804,0.0074,0.1887,310.45,129.79,13.00,20.80,2.709,2.709,83043.4,0,0.00,0.00,4
30462,0.206,-0.565,2.706,0.855,0.427,170.349,0.000,0.000,0.000,-0.9704,-0.1802,0.0127,0.1600,313.46,130.43,12.96,20.82,2.706,2.706,83007.0,0,0.00,0.00,4
30482,0.170,-0.583,2.714,0.305,0.244,171.204,0.000,0.000,0.000,-0.9748,-0.1798,0.0181,0.1309,316.47,131.07,13.02,20.82,2.714,2.714,82981.6,0,0.00,0.00,4
30502,0.129,-0.597,2.702,-0.244,0.183,172.180,0.000,0.000,0.000,-0.9783,-0.1792,0.0234,0.1016,319.48,131.68,12.89,20.82,2.702,2.702,82956.2,0,0.00,0.00,4
30522,0.085,-0.600,2.700,-0.610,0.183,172.913,0.000,0.000,0.000,-0.9809,-0.1783,0.0288,0.0720,322.53,132.32,12.89,20.81,2.700,2.700,82921.8,0,0.00,0.00,4
30542,0.037,-0.603,2.702,-1.038,0.305,173.645,0.000,0.000,0.000,-0.9827,-0.1772,0.0341,0.0422,325.57,132.95,12.91,20.79,2.702,2.702,82895.5,0,0.00,0.00,4
30562,-0.012,-0.599,2.695,-1.160,0.488,174.561,0.000,0.000,0.000,-0.9836,-0.1758,0.0394,0.0123,328.60,133.55,12.86,20.76,2.695,2.695,82874.1,0,0.00,0.00,4
30582,-0.060,-0.591,2.693,-1.038,0.488,175.232,0.000,0.000,0.000,-0.9835,-0.1744,0.0446,-0.0178,331.66,134.16,12.86,20.74,2.693,2.693,82841.3,0,0.00,0.00,4
30602,-0.105,-0.577,2.688,-0.793,0.488,176.086,0.000,0.000,0.000,-0.9825,-0.1728,0.0499,-0.0480,334.70,134.75,12.84,20.72,2.688,2.688,82816.6,0,0.00,0.00,4
30622,-0.146,-0.557,2.682,-0.488,0.366,176.941,0.000,0.000,0.000,-0.9806,-0.1711,0.0551,-0.0783,337.79,135.37,12.82,20.71,2.682,2.682,82780.8,0,0.00,0.00,4
30642,-0.187,-0.538,2.675,0.061,0.305,177.612,0.000,0.000,0.000,-0.9777,-0.1693,0.0604,-0.1087,340.91,136.00,12.77,20.71,2.675,2.675,82746.4,0,0.00,0.00,4
30662,-0.221,-0.520,2.673,0.549,0.122,178.406,0.000,0.000,0.000,-0.9738,-0.1674,0.0656,-0.1390,344.02,136.62,12.77,20.72,2.673,2.673,82720.8,0,0.00,0.00,4
30682,-0.252,-0.500,2.667,0.977,-0.244,179.260,0.000,0.000,0.000,-0.9690,-0.1654,0.0708,-0.1694,347.13,137.22,12.71,20.74,2.667,2.667,82695.4,0,0.00,0.00,4
30702,-0.278,-0.487,2.660,1.404,-0.610,179.993,0.000,0.000,0.000,-0.9631,-0.1634,0.0760,-0.1998,350.22,137.79,12.65,20.77,2.660,2.660,82673.4,0,0.00,0.00,4
30722,-0.306,-0.475,2.657,1.831,-1.038,180.786,0.000,0.000,0.000,-0.9563,-0.1613,0.0813,-0.2300,353.41,138.45,12.60,20.81,2.657,2.657,82620.3,0,0.00,0.00,4
30742,-0.333,-0.464,2.650,1.831,-1.282,181.519,0.000,0.000,0.000,-0.9484,-0.1590,0.0865,-0.2602,356.55,139.05,12.51,20.85,2.650,2.650,82605.0,0,0.00,0.00,4
30762,-0.356,-0.458,2.650,2.075,-1.770,182.251,0.000,0.000,0.000,-0.9396,-0.1566,0.0917,-0.2902,359.70,139.63,12.47,20.91,2.650,2.650,82579.0,0,0.00,0.00,4
30782,-0.386,-0.451,2.648,2.014,-1.953,183.167,0.000,0.000,0.000,-0.9298,-0.1540,0.0969,-0.3201,362.92,140.28,12.40,20.96,2.648,2.648,82529.8,0,0.00,0.00,4
30804,-0.418,-0.443,2.642,1.892,-2.075,183.899,0.000,0.000,0.000,-0.9189,-0.1512,0.1020,-0.3497,366.09,140.86,12.28,21.02,2.642,2.642,82516.6,0,0.00,0.00,4
30822,-0.451,-0.435,2.642,1.587,-2.014,184.753,0.000,0.000,0.000,-0.9071,-0.1482,0.1070,-0.3791,369.33,141.49,12.21,21.07,2.642,2.642,82473.0,0,0.00,0.00,4
30842,-0.481,-0.417,2.639,1.282,-1.953,185.425,0.000,0.000,0.000,-0.8943,-0.1450,0.1120,-0.4082,372.58,142.13,12.14,21.12,2.639,2.639,82440.8,0,0.00,0.00,4
30862,-0.519,-0.394,2.632,0.916,-1.648,186.218,0.000,0.000,0.000,-0.8805,-0.1416,0.1168,-0.4370,375.86,142.77,12.02,21.15,2.632,2.632,82405.6,0,0.00,0.00,4
30882,-0.550,-0.362,2.630,0.855,-1.343,186.890,0.000,0.000,0.000,-0.8658,-0.1379,0.1215,-0.4655,379.13,143.40,11.97,21.18,2.630,2.630,82379.8,0,0.00,0.00,4
30902,-0.575,-0.327,2.629,0.427,-1.038,187.683,0.000,0.000,0.000,-0.8500,-0.1340,0.1261,-0.4936,382.41,144.02,11.95,21.21,2.629,2.629,82350.1,0,0.00,0.00,4
30922,-0.595,-0.283,2.621,0.244,-0.488,188.538,0.000,0.000,0.000,-0.8333,-0.1299,0.1305,-0.5213,385.67,144.60,11.87,21.22,2.621,2.621,82327.2,0,0.00,0.00,4
30942,-0.606,-0.237,2.609,0.183,-0.244,189.209,0.000,0.000,0.000,-0.8156,-0.1255,0.1347,-0.5485,388.96,145.21,11.79,21.22,2.609,2.609,82290.1,0,0.00,0.00,4
30962,-0.614,-0.187,2.607,0.061,0.000,190.063,0.000,0.000,0.000,-0.7970,-0.1210,0.1388,-0.5752,392.28,145.82,11.79,21.22,2.607,2.607,82257.1,0,0.00,0.00,4
30982,-0.616,-0.138,2.596,0.183,0.183,190.857,0.000,0.000,0.000,-0.7774,-0.1163,0.1427,-0.6014,395.57,146.41,11.73,21.22,2.596,2.596,82232.5,0,0.00,0.00,4
31002,-0.605,-0.091,2.593,0.061,0.183,191.650,0.000,0.000,0.000,-0.7569,-0.1115,0.1465,-0.6271,398.92,147.03,11.76,21.22,2.593,2.593,82191.4,0,0.00,0.00,4
31022,-0.594,-0.048,2.586,0.122,0.122,192.383,0.000,0.000,0.000,-0.7354,-0.1065,0.1502,-0.6521,402.20,147.58,11.76,21.22,2.586,2.586,82179.7,0,0.00,0.00,4
31042,-0.582,-0.004,2.575,0.061,-0.183,193.176,0.000,0.000,0.000,-0.7130,-0.1014,0.1537,-0.6765,405.55,148.19,11.70,21.22,2.575,2.575,82132.3,0,0.00,0.00,4
31062,-0.571,0.034,2.568,0.061,-0.427,193.787,0.000,0.000,0.000,-0.6897,-0.0962,0.1571,-0.7003,408.94,148.81,11.67,21.23,2.568,2.568,82094.6,0,0.00,0.00,4
31082,-0.563,0.070,2.557,0.000,-0.610,194.702,0.000,0.000,0.000,-0.6655,-0.0909,0.1603,-0.7233,412.34,149.44,11.58,21.24,2.557,2.557,82061.8,0,0.00,0.00,4
31102,-0.555,0.106,2.552,-0.122,-1.099,195.435,0.000,0.000,0.000,-0.6405,-0.0855,0.1635,-0.7455,415.73,150.04,11.54,21.26,2.552,2.552,82037.1,0,0.00,0.00,4
31122,-0.549,0.142,2.544,-0.366,-1.160,196.350,0.000,0.000,0.000,-0.6145,-0.0800,0.1665,-0.7670,419.17,150.68,11.46,21.28,2.544,2.544,81992.2,0,0.00,0.00,4
31142,-0.546,0.182,2.541,-0.549,-1.648,197.021,0.000,0.000,0.000,-0.5878,-0.0743,0.1694,-0.7876,422.57,151.26,11.39,21.32,2.541,2.541,81976.6,0,0.00,0.00,4
31162,-0.543,0.219,2.535,-0.732,-1.770,197.693,0.000,0.000,0.000,-0.5602,-0.0686,0.1721,-0.8074,426.00,151.86,11.29,21.36,2.535,2.535,81936.2,0,0.00,0.00,4
31182,-0.543,0.260,2.534,-1.038,-1.892,198.608,0.000,0.000,0.000,-0.5319,-0.0628,0.1747,-0.8262,429.47,152.49,11.22,21.40,2.534,2.534,81896.6,0,0.00,0.00,4
31202,-0.532,0.310,2.526,-1.099,-1.770,199.341,0.000,0.000,0.000,-0.5028,-0.0568,0.1771,-0.8442,432.94,153.09,11.09,21.44,2.526,2.526,81869.4,0,0.00,0.00,4
31222,-0.524,0.355,2.519,-1.343,-1.770,200.012,0.000,0.000,0.000,-0.4730,-0.0508,0.1793,-0.8611,436.46,153.74,10.95,21.48,2.519,2.519,81825.6,0,0.00,0.00,4
31242,-0.501,0.402,2.510,-1.282,-1.587,200.623,0.000,0.000,0.000,-0.4425,-0.0446,0.1813,-0.8771,439.95,154.34,10.82,21.53,2.510,2.510,81802.4,0,0.00,0.00,4
31262,-0.478,0.443,2.506,-1.221,-1.221,201.477,0.000,0.000,0.000,-0.4114,-0.0383,0.1831,-0.8921,443.49,154.97,10.74,21.56,2.506,2.506,81760.3,0,0.00,0.00,4
31282,-0.449,0.482,2.497,-1.160,-0.916,202.148,0.000,0.000,0.000,-0.3796,-0.0319,0.1846,-0.9060,447.04,155.60,10.63,21.59,2.497,2.497,81726.4,0,0.00,0.00,4
31302,-0.408,0.515,2.485,-0.977,-0.916,202.942,0.000,0.000,0.000,-0.3473,-0.0254,0.1858,-0.9188,450.61,156.24,10.52,21.62,2.485,2.485,81689.6,0,0.00,0.00,4
31322,-0.373,0.541,2.478,-0.732,-0.732,203.735,0.000,0.000,0.000,-0.3144,-0.0188,0.1867,-0.9305,454.15,156.83,10.44,21.63,2.478,2.478,81669.1,0,0.00,0.00,4
31342,-0.333,0.561,2.468,-0.610,-0.549,204.407,0.000,0.000,0.000,-0.2810,-0.0122,0.1874,-0.9411,457.73,157.45,10.37,21.65,2.468,2.468,81626.7,0,0.00,0.00,4
31362,-0.289,0.576,2.464,-0.427,-0.366,205.139,0.000,0.000,0.000,-0.2472,-0.0056,0.1878,-0.9506,461.33,158.07,10.36,21.66,2.464,2.464,81593.6,0,0.00,0.00,4
31382,-0.248,0.583,2.454,-0.427,-0.366,205.933,0.000,0.000,0.000,-0.2128,0.0012,0.1880,-0.9588,464.92,158.68,10.30,21.67,2.454,2.454,81563.0,0,0.00,0.00,4
31402,-0.208,0.590,2.447,-0.427,-0.427,206.604,0.000,0.000,0.000,-0.1781,0.0079,0.1879,-0.9659,468.54,159.29,10.27,21.68,2.447,2.447,81524.8,0,0.00,0.00,4
31422,-0.170,0.594,2.437,-0.427,-0.305,207.397,0.000,0.000,0.000,-0.1431,0.0146,0.1876,-0.9717,472.14,159.89,10.21,21.69,2.437,2.437,81497.0,0,0.00,0.00,4
31442,-0.131,0.597,2.428,-0.549,-0.305,208.130,0.000,0.000,0.000,-0.1077,0.0214,0.1870,-0.9762,475.76,160.48,10.15,21.70,2.428,2.428,81464.3,0,0.00,0.00,4
31462,-0.088,0.599,2.421,-0.793,-0.244,208.801,0.000,0.000,0.000,-0.0721,0.0282,0.1863,-0.9794,479.39,161.07,10.11,21.72,2.421,2.421,81427.4,0,0.00,0.00,4
31482,-0.049,0.605,2.412,-0.977,-0.183,209.595,0.000,0.000,0.000,-0.0362,0.0349,0.1853,-0.9814,483.06,161.69,10.01,21.74,2.412,2.412,81386.9,0,0.00,0.00,4
31503,-0.007,0.608,2.401,-1.221,-0.183,210.388,0.000,0.000,0.000,-0.0001,0.0417,0.1841,-0.9820,486.78,162.33,9.91,21.76,2.401,2.401,81343.7,0,0.00,0.00,4
31522,0.042,0.608,2.396,-1.343,0.000,210.938,0.000,0.000,0.000,0.0360,0.0484,0.1827,-0.9813,490.46,162.93,9.86,21.78,2.396,2.396,81321.8,0,0.00,0.00,4
31542,0.091,0.610,2.391,-1.465,0.061,211.731,0.000,0.000,0.000,0.0722,0.0551,0.1810,-0.9793,494.17,163.55,9.77,21.81,2.391,2.391,81280.2,0,0.00,0.00,4
31565,0.143,0.606,2.384,-1.587,0.305,212.463,0.000,0.000,0.000,0.1085,0.0618,0.1791,-0.9759,497.91,164.17,9.67,21.84,2.384,2.384,81244.0,0,0.00,0.00,4
31582,0.194,0.597,2.374,-1.709,0.488,213.135,0.000,0.000,0.000,0.1447,0.0685,0.1770,-0.9711,501.62,164.76,9.55,21.88,2.374,2.374,81216.3,0,0.00,0.00,5
31602,0.247,0.583,2.368,-1.587,0.671,213.867,0.000,0.000,0.000,0.1808,0.0751,0.1746,-0.9650,505.32,165.32,9.46,21.91,2.368,2.368,81190.2,0,0.00,0.00,5
31622,0.293,0.563,2.358,-1.587,0.732,214.661,0.000,0.000,0.000,0.2168,0.0817,0.1719,-0.9575,509.07,165.92,9.35,21.95,2.358,2.358,81142.6,0,0.00,0.00,5
31642,0.341,0.541,2.349,-1.343,0.671,215.332,0.000,0.000,0.000,0.2526,0.0881,0.1690,-0.9486,512.84,166.53,9.24,21.98,2.349,2.349,81105.9,0,0.00,0.00,5
31662,0.381,0.513,2.339,-1.099,0.732,216.064,0.000,0.000,0.000,0.2882,0.0945,0.1658,-0.9384,516.66,167.16,9.15,22.00,2.339,2.339,81061.4,0,0.00,0.00,5
31682,0.418,0.484,2.329,-1.038,0.610,216.736,0.000,0.000,0.000,0.3234,0.1008,0.1623,-0.9268,520.47,167.78,9.05,22.02,2.329,2.329,81029.8,0,0.00,0.00,5
31702,0.452,0.450,2.315,-0.855,0.427,217.468,0.000,0.000,0.000,0.3583,0.1069,0.1585,-0.9138,524.28,168.38,8.93,22.04,2.315,2.315,80997.4,0,0.00,0.00,5
31722,0.484,0.416,2.312,-0.732,0.610,218.201,0.000,0.000,0.000,0.3929,0.1129,0.1545,-0.8995,528.09,168.96,8.90,22.06,2.312,2.312,80966.1,0,0.00,0.00,5
31742,0.509,0.381,2.298,-0.671,0.488,218.811,0.000,0.000,0.000,0.4269,0.1187,0.1502,-0.8838,531.92,169.56,8.78,22.08,2.298,2.298,80927.2,0,0.00,0.00,5
31762,0.536,0.345,2.286,-0.549,0.488,219.543,0.000,0.000,0.000,0.4604,0.1244,0.1457,-0.8668,535.83,170.21,8.66,22.09,2.286,2.286,80873.8,0,0.00,0.00,5
31782,0.557,0.305,2.278,-0.610,0.427,220.154,0.000,0.000,0.000,0.4934,0.1299,0.1409,-0.8484,539.69,170.81,8.60,22.10,2.278,2.278,80851.5,0,0.00,0.00,5
31802,0.581,0.262,2.263,-0.549,0.549,220.947,0.000,0.000,0.000,0.5257,0.1353,0.1359,-0.8288,543.54,171.37,8.45,22.11,2.263,2.263,80823.5,0,0.00,0.00,5
31822,0.595,0.218,2.249,-0.610,0.610,221.619,0.000,0.000,0.000,0.5573,0.1405,0.1307,-0.8078,547.42,171.96,8.33,22.13,2.249,2.249,80781.3,0,0.00,0.00,5
31842,0.614,0.174,2.244,-0.610,0.855,222.351,0.000,0.000,0.000,0.5882,0.1455,0.1254,-0.7856,551.34,172.58,8.27,22.15,2.244,2.244,80735.7,0,0.00,0.00,5
31862,0.625,0.124,2.226,-0.305,0.916,223.084,0.000,0.000,0.000,0.6183,0.1504,0.1197,-0.7620,555.26,173.17,8.10,22.16,2.226,2.226,80704.5,0,0.00,0.00,5
31882,0.636,0.077,2.214,-0.305,1.160,223.633,0.000,0.000,0.000,0.6476,0.1550,0.1139,-0.7373,559.17,173.75,7.97,22.19,2.214,2.214,80671.5,0,0.00,0.00,5
31902,0.640,0.024,2.209,-0.244,1.221,224.426,0.000,0.000,0.000,0.6759,0.1595,0.1080,-0.7114,563.08,174.30,7.92,22.21,2.209,2.209,80641.1,0,0.00,0.00,5
31922,0.641,-0.028,2.203,-0.122,1.282,225.098,0.000,0.000,0.000,0.7033,0.1638,0.1018,-0.6842,567.01,174.88,7.85,22.24,2.203,2.203,80597.9,0,0.00,0.00,5
31942,0.636,-0.080,2.192,-0.061,1.343,225.830,0.000,0.000,0.000,0.7297,0.1678,0.0954,-0.6560,570.94,175.43,7.76,22.26,2.192,2.192,80566.9,0,0.00,0.00,5
31962,0.627,-0.131,2.187,0.122,1.343,226.440,0.000,0.000,0.000,0.7550,0.1716,0.0889,-0.6266,574.87,175.98,7.70,22.29,2.187,2.187,80531.0,0,0.00,0.00,5
31982,0.617,-0.180,2.179,0.122,1.282,227.051,0.000,0.000,0.000,0.7792,0.1751,0.0822,-0.5962,578.86,176.57,7.61,22.31,2.179,2.179,80482.2,0,0.00,0.00,5
32002,0.599,-0.229,2.178,0.305,1.221,227.844,0.000,0.000,0.000,0.8022,0.1784,0.0753,-0.5647,582.86,177.15,7.61,22.33,2.178,2.178,80446.1,0,0.00,0.00,5
32022,0.579,-0.277,2.168,0.366,1.038,228.516,0.000,0.000,0.000,0.8241,0.1815,0.0682,-0.5323,586.89,177.75,7.51,22.36,2.168,2.168,80404.8,0,0.00,0.00,5
32042,0.560,-0.320,2.163,0.427,0.977,229.126,0.000,0.000,0.000,0.8447,0.1842,0.0610,-0.4989,590.92,178.35,7.44,22.38,2.163,2.163,80367.5,0,0.00,0.00,5
32062,0.531,-0.364,2.154,0.244,0.855,229.858,0.000,0.000,0.000,0.8640,0.1866,0.0537,-0.4646,594.99,178.95,7.37,22.39,2.154,2.154,80325.4,0,0.00,0.00,5
32082,0.504,-0.410,2.150,0.427,0.732,230.469,0.000,0.000,0.000,0.8819,0.1887,0.0462,-0.4295,599.08,179.58,7.30,22.41,2.150,2.150,80283.7,0,0.00,0.00,5
32102,0.471,-0.447,2.142,0.488,0.671,231.140,0.000,0.000,0.000,0.8985,0.1906,0.0386,-0.3936,603.16,180.18,7.23,22.42,2.142,2.142,80250.6,0,0.00,0.00,5
32122,0.433,-0.486,2.137,0.427,0.610,231.812,0.000,0.000,0.000,0.9137,0.1921,0.0310,-0.3569,607.22,180.74,7.17,22.44,2.137,2.137,80221.8,0,0.00,0.00,5
32142,0.389,-0.520,2.129,0.549,0.732,232.422,0.000,0.000,0.000,0.9273,0.1933,0.0232,-0.3196,611.29,181.31,7.10,22.45,2.129,2.129,80184.0,0,0.00,0.00,5
32162,0.347,-0.551,2.122,0.427,0.488,233.154,0.000,0.000,0.000,0.9396,0.1942,0.0154,-0.2816,615.41,181.91,7.02,22.47,2.122,2.122,80135.7,0,0.00,0.00,5
32182,0.299,-0.578,2.108,0.549,0.610,233.826,0.000,0.000,0.000,0.9502,0.1948,0.0076,-0.2430,619.54,182.50,6.90,22.48,2.108,2.108,80096.8,0,0.00,0.00,5
32202,0.250,-0.602,2.096,0.671,0.427,234.497,0.000,0.000,0.000,0.9594,0.1951,-0.0004,-0.2039,623.62,183.04,6.78,22.50,2.096,2.096,80075.0,0,0.00,0.00,5
32222,0.199,-0.619,2.085,0.916,0.305,235.046,0.000,0.000,0.000,0.9669,0.1950,-0.0083,-0.1644,627.78,183.63,6.68,22.51,2.085,2.085,80020.0,0,0.00,0.00,5
32242,0.151,-0.634,2.075,0.916,0.305,235.779,0.000,0.000,0.000,0.9728,0.1947,-0.0163,-0.1245,631.92,184.20,6.59,22.53,2.075,2.075,79988.6,0,0.00,0.00,5
32262,0.104,-0.646,2.063,0.977,0.183,236.389,0.000,0.000,0.000,0.9771,0.1940,-0.0243,-0.0843,636.06,184.75,6.46,22.55,2.063,2.063,79954.9,0,0.00,0.00,5
32282,0.052,-0.656,2.053,0.977,0.122,237.061,0.000,0.000,0.000,0.9797,0.1930,-0.0323,-0.0438,640.21,185.30,6.36,22.57,2.053,2.053,79914.4,0,0.00,0.00,5
32305,0.002,-0.660,2.037,0.732,0.122,237.793,0.000,0.000,0.000,0.9806,0.1916,-0.0403,-0.0032,644.36,185.84,6.20,22.59,2.037,2.037,79877.6,0,0.00,0.00,5
32322,-0.050,-0.661,2.025,0.732,0.122,238.281,0.000,0.000,0.000,0.9799,0.1899,-0.0483,0.0376,648.51,186.36,6.09,22.60,2.025,2.025,79842.7,0,0.00,0.00,5
32342,-0.104,-0.657,2.021,0.488,0.000,239.014,0.000,0.000,0.000,0.9775,0.1878,-0.0561,0.0784,652.69,186.90,6.03,22.61,2.021,2.021,79799.5,0,0.00,0.00,5
32362,-0.161,-0.648,2.004,0.366,0.000,239.563,0.000,0.000,0.000,0.9733,0.1854,-0.0639,0.1192,656.85,187.41,5.87,22.62,2.004,2.004,79769.4,0,0.00,0.00,5
32382,-0.214,-0.630,1.997,0.305,0.000,240.234,0.000,0.000,0.000,0.9675,0.1826,-0.0716,0.1598,661.02,187.91,5.81,22.62,1.997,1.997,79729.9,0,0.00,0.00,5
32402,-0.270,-0.609,1.987,0.244,-0.061,240.845,0.000,0.000,0.000,0.9599,0.1795,-0.0792,0.2003,665.18,188.40,5.72,22.63,1.987,1.987,79696.5,0,0.00,0.00,5
32422,-0.322,-0.581,1.976,0.183,-0.061,241.577,0.000,0.000,0.000,0.9506,0.1760,-0.0867,0.2406,669.39,188.92,5.62,22.63,1.976,1.976,79647.0,0,0.00,0.00,5
32442,-0.370,-0.545,1.965,0.366,-0.183,242.187,0.000,0.000,0.000,0.9396,0.1723,-0.0941,0.2805,673.57,189.41,5.54,22.64,1.965,1.965,79617.8,0,0.00,0.00,5
32462,-0.414,-0.507,1.951,0.366,-0.122,242.676,0.000,0.000,0.000,0.9268,0.1682,-0.1013,0.3200,677.74,189.88,5.43,22.64,1.951,1.951,79584.0,0,0.00,0.00,5
32482,-0.455,-0.468,1.946,0.305,-0.061,243.408,0.000,0.000,0.000,0.9124,0.1638,-0.1083,0.3591,681.94,190.35,5.38,22.65,1.946,1.946,79542.4,0,0.00,0.00,5
32502,-0.491,-0.424,1.934,0.427,-0.427,244.080,0.000,0.000,0.000,0.8963,0.1591,-0.1152,0.3976,686.15,190.84,5.29,22.66,1.934,1.934,79499.7,0,0.00,0.00,5
32522,-0.527,-0.383,1.919,0.488,-0.610,244.568,0.000,0.000,0.000,0.8785,0.1542,-0.1219,0.4354,690.33,191.28,5.14,22.67,1.919,1.919,79473.1,0,0.00,0.00,5
32542,-0.556,-0.338,1.912,0.427,-0.549,245.178,0.000,0.000,0.000,0.8590,0.1489,-0.1285,0.4726,694.54,191.73,5.07,22.69,1.912,1.912,79429.8,0,0.00,0.00,5
32562,-0.586,-0.295,1.904,0.366,-0.671,245.728,0.000,0.000,0.000,0.8380,0.1434,-0.1348,0.5090,698.75,192.18,4.98,22.70,1.904,1.904,79392.3,0,0.00,0.00,5
32582,-0.612,-0.250,1.893,0.366,-0.916,246.399,0.000,0.000,0.000,0.8153,0.1376,-0.1410,0.5445,702.97,192.63,4.87,22.72,1.893,1.893,79350.9,0,0.00,0.00,5
32602,-0.638,-0.201,1.879,0.366,-0.855,247.009,0.000,0.000,0.000,0.7913,0.1305,-0.1459,0.5793,707.18,193.05,4.75,22.58,1.879,1.879,79320.3,0,0.00,0.00,5
32622,-0.658,-0.144,1.867,0.183,-0.855,247.681,0.000,0.000,0.000,0.7657,0.1232,-0.1506,0.6131,711.41,193.49,4.65,22.44,1.867,1.867,79274.7,0,0.00,0.00,5
32642,-0.669,-0.089,1.853,0.183,-0.793,248.169,0.000,0.000,0.000,0.7386,0.1158,-0.1548,0.6458,715.64,193.91,4.54,22.29,1.853,1.853,79240.0,0,0.00,0.00,5
32662,-0.677,-0.032,1.838,0.183,-0.793,248.840,0.000,0.000,0.000,0.7100,0.1082,-0.1587,0.6775,719.82,194.28,4.44,22.15,1.838,1.838,79214.7,0,0.00,0.00,5
32682,-0.677,0.028,1.824,0.061,-0.671,249.451,0.000,0.000,0.000,0.6800,0.1004,-0.1623,0.7079,724.09,194.72,4.34,22.00,1.824,1.824,79157.3,0,0.00,0.00,5
32703,-0.673,0.088,1.811,0.000,-0.671,249.939,0.000,0.000,0.000,0.6487,0.0925,-0.1655,0.7371,728.31,195.11,4.25,21.86,1.811,1.811,79131.2,0,0.00,0.00,5
32723,-0.658,0.145,1.795,0.000,-0.549,250.671,0.000,0.000,0.000,0.6160,0.0845,-0.1683,0.7649,732.54,195.50,4.16,21.71,1.795,1.795,79090.7,0,0.00,0.00,5
32742,-0.637,0.203,1.777,-0.061,-0.305,251.221,0.000,0.000,0.000,0.5820,0.0764,-0.1707,0.7914,736.80,195.91,4.05,21.55,1.777,1.777,79046.1,0,0.00,0.00,5
32762,-0.615,0.255,1.761,-0.122,-0.366,251.648,0.000,0.000,0.000,0.5468,0.0682,-0.1727,0.8164,741.03,196.27,3.94,21.40,1.761,1.761,79019.4,0,0.00,0.00,5
32782,-0.585,0.305,1.746,-0.122,-0.488,252.380,0.000,0.000,0.000,0.5105,0.0600,-0.1743,0.8399,745.29,196.66,3.86,21.25,1.746,1.746,78971.5,0,0.00,0.00,5
32802,-0.556,0.354,1.726,-0.244,-0.488,252.869,0.000,0.000,0.000,0.4730,0.0518,-0.1756,0.8618,749.59,197.08,3.71,21.10,1.726,1.726,78924.6,0,0.00,0.00,5
32822,-0.522,0.398,1.708,-0.305,-0.549,253.540,0.000,0.000,0.000,0.4345,0.0436,-0.1765,0.8821,753.87,197.46,3.58,20.95,1.708,1.708,78894.2,0,0.00,0.00,5
32842,-0.485,0.447,1.691,-0.427,-0.610,254.028,0.000,0.000,0.000,0.3951,0.0353,-0.1770,0.9007,758.13,197.82,3.45,20.80,1.691,1.691,78859.4,0,0.00,0.00,5
32862,-0.447,0.488,1.677,-0.549,-0.549,254.517,0.000,0.000,0.000,0.3548,0.0271,-0.1772,0.9176,762.43,198.20,3.35,20.66,1.677,1.677,78814.2,0,0.00,0.00,5
32882,-0.406,0.527,1.638,-0.610,-0.610,255.066,0.000,0.000,0.000,0.3136,0.0190,-0.1770,0.9327,766.74,198.58,3.01,20.51,1.638,1.638,78772.8,0,0.00,0.00,5
32902,-0.356,0.565,1.607,-0.671,-0.549,255.676,0.000,0.000,0.000,0.2718,0.0108,-0.1765,0.9460,771.07,198.97,2.74,20.37,1.607,1.607,78729.4,0,0.00,0.00,5
32922,-0.308,0.599,1.572,-0.671,-0.366,256.165,0.000,0.000,0.000,0.2293,0.0028,-0.1755,0.9574,775.37,199.32,2.44,20.22,1.572,1.572,78699.5,0,0.00,0.00,5
32942,-0.253,0.626,1.538,-0.732,-0.488,256.775,0.000,0.000,0.000,0.1862,-0.0052,-0.1742,0.9669,779.67,199.66,2.14,20.08,1.538,1.538,78661.4,0,0.00,0.00,5
32962,-0.193,0.648,1.501,-0.793,-0.305,257.324,0.000,0.000,0.000,0.1426,-0.0130,-0.1726,0.9745,783.98,199.99,1.83,19.93,1.501,1.501,78621.4,0,0.00,0.00,5
32982,-0.132,0.661,1.468,-0.793,-0.305,257.812,0.000,0.000,0.000,0.0986,-0.0207,-0.1705,0.9802,788.32,200.34,1.55,19.78,1.468,1.468,78575.7,0,0.00,0.00,5
33002,-0.071,0.672,1.436,-0.671,-0.244,258.362,0.000,0.000,0.000,0.0544,-0.0283,-0.1682,0.9839,792.63,200.64,1.28,19.64,1.436,1.436,78545.6,0,0.00,0.00,5
33022,-0.014,0.673,1.374,-0.671,-0.183,258.911,0.000,0.000,0.000,0.0098,-0.0357,-0.1654,0.9855,796.99,200.98,0.75,19.49,1.374,1.374,78495.8,0,0.00,0.00,5
33042,0.046,0.670,1.314,-0.671,-0.183,259.399,0.000,0.000,0.000,-0.0348,-0.0430,-0.1624,0.9852,801.31,201.27,0.23,19.34,1.314,1.314,78465.1,0,0.00,0.00,5
33065,0.105,0.664,1.247,-0.671,-0.061,259.766,0.000,0.000,0.000,-0.0794,-0.0500,-0.1590,0.9828,805.68,201.58,-0.37,19.19,1.247,1.247,78417.4,0,0.00,0.00,5
33082,0.164,0.651,1.184,-0.671,-0.061,260.254,0.000,0.000,0.000,-0.1240,-0.0569,-0.1553,0.9784,810.02,201.84,-0.92,19.04,1.184,1.184,78385.0,0,0.00,0.00,5
33102,0.220,0.634,1.126,-0.671,0.000,260.742,0.000,0.000,0.000,-0.1684,-0.0635,-0.1513,0.9720,814.31,202.06,-1.43,18.89,1.126,1.126,78357.9,0,0.00,0.00,5
33123,0.276,0.611,1.065,-0.732,0.122,261.169,0.000,0.000,0.000,-0.2126,-0.0699,-0.1470,0.9635,818.70,202.34,-1.97,18.74,1.065,1.065,78297.6,0,0.00,0.00,5
33142,0.331,0.583,0.996,-0.671,0.122,261.536,0.000,0.000,0.000,-0.2564,-0.0761,-0.1425,0.9530,823.07,202.59,-2.59,18.59,0.996,0.996,78260.3,0,0.00,0.00,5
33162,0.380,0.552,0.896,-0.671,0.183,262.024,0.000,0.000,0.000,-0.2998,-0.0820,-0.1377,0.9405,827.45,202.83,-3.49,18.44,0.896,0.896,78221.3,0,0.00,0.00,5
33182,0.433,0.513,0.795,-0.671,0.305,262.390,0.000,0.000,0.000,-0.3426,-0.0876,-0.1326,0.9259,831.84,203.05,-4.41,18.29,0.795,0.795,78179.0,0,0.00,0.00,5
33202,0.480,0.473,0.687,-0.610,0.305,262.756,0.000,0.000,0.000,-0.3848,-0.0930,-0.1273,0.9094,836.21,203.23,-5.40,18.14,0.687,0.687,78146.7,0,0.00,0.00,5
33222,0.521,0.426,0.582,-0.610,0.366,263.184,0.000,0.000,0.000,-0.4263,-0.0980,-0.1218,0.8910,840.60,203.40,-6.36,17.99,0.582,0.582,78101.0,0,0.00,0.00,5
33242,0.561,0.374,0.483,-0.549,0.366,263.550,0.000,0.000,0.000,-0.4669,-0.1028,-0.1161,0.8706,844.99,203.56,-7.27,17.84,0.483,0.483,78061.1,0,0.00,0.00,5
33262,0.594,0.322,0.373,-0.549,0.427,263.794,0.000,0.000,0.000,-0.5066,-0.1073,-0.1102,0.8484,849.42,203.73,-8.28,17.69,0.373,0.373,78014.4,0,0.00,0.00,5
33282,0.621,0.266,0.269,-0.549,0.549,264.221,0.000,0.000,0.000,-0.5453,-0.1114,-0.1041,0.8243,853.85,203.88,-9.23,17.54,0.269,0.269,77971.5,0,0.00,0.00,5
33302,0.642,0.209,0.187,-0.366,0.549,264.465,0.000,0.000,0.000,-0.5829,-0.1153,-0.0979,0.7984,858.28,204.01,-9.98,17.39,0.187,0.187,77934.4,0,0.00,0.00,5
33322,0.660,0.149,0.115,-0.427,0.488,264.648,0.000,0.000,0.000,-0.6193,-0.1187,-0.0915,0.7707,862.74,204.16,-10.64,17.24,0.115,0.115,77885.9,0,0.00,0.00,5
33342,0.671,0.088,0.044,-0.244,0.610,264.893,0.000,0.000,0.000,-0.6544,-0.1219,-0.0850,0.7414,867.15,204.23,-11.28,17.09,0.044,0.044,77860.0,0,0.00,0.00,5
33362,0.678,0.024,-0.031,-0.244,0.427,264.954,0.000,0.000,0.000,-0.6881,-0.1247,-0.0783,0.7105,871.59,204.32,-11.98,16.94,-0.031,-0.031,77812.3,0,0.00,0.00,5
33382,0.677,-0.036,-0.100,-0.122,0.488,265.320,0.000,0.000,0.000,-0.7204,-0.1272,-0.0716,0.6780,876.00,204.38,-12.60,16.79,-0.100,-0.100,77778.4,0,0.00,0.00,5
33402,0.670,-0.099,-0.180,-0.061,0.610,265.442,0.000,0.000,0.000,-0.7512,-0.1294,-0.0648,0.6440,880.44,204.44,-13.34,16.64,-0.180,-0.180,77731.8,0,0.00,0.00,5
33422,0.657,-0.161,-0.251,-0.061,0.610,265.625,0.000,0.000,0.000,-0.7804,-0.1312,-0.0580,0.6086,884.90,204.51,-14.00,16.50,-0.251,-0.251,77687.8,0,0.00,0.00,5
33442,0.643,-0.223,-0.298,-0.061,0.610,265.808,0.000,0.000,0.000,-0.8079,-0.1327,-0.0511,0.5719,889.29,204.50,-14.43,16.35,-0.298,-0.298,77664.0,0,0.00,0.00,5
33462,0.617,-0.278,-0.347,0.000,0.549,266.052,0.000,0.000,0.000,-0.8338,-0.1338,-0.0442,0.5338,893.73,204.54,-14.87,16.20,-0.347,-0.347,77611.0,0,0.00,0.00,5
33482,0.590,-0.339,-0.398,0.000,0.427,266.052,0.000,0.000,0.000,-0.8578,-0.1345,-0.0373,0.4946,898.19,204.57,-15.34,16.05,-0.398,-0.398,77568.0,0,0.00,0.00,5
33502,0.557,-0.390,-0.447,0.244,0.549,266.174,0.000,0.000,0.000,-0.8800,-0.1350,-0.0305,0.4543,902.60,204.56,-15.79,15.90,-0.447,-0.447,77538.1,0,0.00,0.00,5
33523,0.519,-0.441,-0.491,0.244,0.488,266.357,0.000,0.000,0.000,-0.9004,-0.1350,-0.0236,0.4129,907.06,204.58,-16.19,15.76,-0.491,-0.491,77486.4,0,0.00,0.00,5
33542,0.476,-0.487,-0.542,0.427,0.549,266.418,0.000,0.000,0.000,-0.9188,-0.1348,-0.0168,0.3707,911.51,204.59,-16.66,15.62,-0.542,-0.542,77448.2,0,0.00,0.00,5
33562,0.430,-0.526,-0.590,0.427,0.488,266.480,0.000,0.000,0.000,-0.9352,-0.1342,-0.0101,0.3276,915.95,204.57,-17.10,15.47,-0.590,-0.590,77411.5,0,0.00,0.00,5
33582,0.379,-0.567,-0.629,0.366,0.427,266.541,0.000,0.000,0.000,-0.9496,-0.1333,-0.0035,0.2838,920.36,204.51,-17.46,15.33,-0.629,-0.629,77379.4,0,0.00,0.00,5
33602,0.325,-0.604,-0.677,0.427,0.427,266.663,0.000,0.000,0.000,-0.9619,-0.1321,0.0031,0.2393,924.82,204.51,-17.91,15.18,-0.677,-0.677,77324.3,0,0.00,0.00,5
33622,0.265,-0.629,-0.722,0.488,0.366,266.663,0.000,0.000,0.000,-0.9722,-0.1305,0.0095,0.1943,929.27,204.48,-18.31,15.04,-0.722,-0.722,77288.0,0,0.00,0.00,5
33642,0.207,-0.653,-0.766,0.488,0.305,266.724,0.000,0.000,0.000,-0.9803,-0.1287,0.0158,0.1488,933.74,204.46,-18.73,14.90,-0.766,-0.766,77242.9,0,0.00,0.00,5
33662,0.148,-0.667,-0.808,0.488,0.183,266.724,0.000,0.000,0.000,-0.9864,-0.1265,0.0220,0.1030,938.19,204.42,-19.11,14.75,-0.808,-0.808,77205.1,0,0.00,0.00,5
33682,0.083,-0.680,-0.857,0.549,0.122,266.724,0.000,0.000,0.000,-0.9902,-0.1241,0.0280,0.0570,942.67,204.40,-19.56,14.61,-0.857,-0.857,77159.0,0,0.00,0.00,5
33703,0.021,-0.685,-0.904,0.610,0.122,266.846,0.000,0.000,0.000,-0.9920,-0.1213,0.0339,0.0107,947.09,204.30,-20.00,14.47,-0.904,-0.904,77134.7,0,0.00,0.00,5
33722,-0.043,-0.686,-0.931,0.549,0.061,266.785,0.000,0.000,0.000,-0.9916,-0.1183,0.0396,-0.0355,951.55,204.26,-20.25,14.33,-0.931,-0.931,77081.1,0,0.00,0.00,5
33743,-0.108,-0.678,-0.966,0.671,0.061,266.907,0.000,0.000,0.000,-0.9890,-0.1151,0.0450,-0.0817,955.99,204.18,-20.57,14.20,-0.966,-0.966,77048.5,0,0.00,0.00,5
33762,-0.168,-0.665,-0.997,0.549,0.061,266.785,0.000,0.000,0.000,-0.9842,-0.1116,0.0503,-0.1277,960.46,204.12,-20.85,14.06,-0.997,-0.997,76998.9,0,0.00,0.00,5
33782,-0.231,-0.648,-1.030,0.855,-0.122,266.846,0.000,0.000,0.000,-0.9774,-0.1079,0.0553,-0.1734,964.96,204.09,-21.16,13.92,-1.030,-1.030,76952.3,0,0.00,0.00,5
33802,-0.292,-0.625,-1.063,0.671,-0.183,266.907,0.000,0.000,0.000,-0.9683,-0.1039,0.0601,-0.2189,969.40,204.00,-21.47,13.79,-1.063,-1.063,76924.6,0,0.00,0.00,5
33825,-0.346,-0.595,-1.097,0.610,-0.305,266.785,0.000,0.000,0.000,-0.9572,-0.0997,0.0646,-0.2638,973.85,203.91,-21.78,13.65,-1.097,-1.097,76882.9,0,0.00,0.00,5
33842,-0.402,-0.562,-1.130,0.671,-0.305,266.846,0.000,0.000,0.000,-0.9440,-0.0954,0.0690,-0.3081,978.29,203.81,-22.09,13.52,-1.130,-1.130,76845.0,0,0.00,0.00,5
33862,-0.453,-0.524,-1.147,0.549,-0.305,266.663,0.000,0.000,0.000,-0.9288,-0.0908,0.0730,-0.3518,982.76,203.73,-22.24,13.38,-1.147,-1.147,76798.2,0,0.00,0.00,5
33882,-0.500,-0.480,-1.172,0.427,-0.549,266.541,0.000,0.000,0.000,-0.9115,-0.0861,0.0768,-0.3947,987.17,203.61,-22.47,13.25,-1.172,-1.172,76769.8,0,0.00,0.00,5
33903,-0.539,-0.432,-1.188,0.488,-0.427,266.541,0.000,0.000,0.000,-0.8923,-0.0812,0.0803,-0.4368,991.64,203.53,-22.60,13.12,-1.188,-1.188,76716.8,0,0.00,0.00,5
33922,-0.577,-0.378,-1.203,0.488,-0.488,266.541,0.000,0.000,0.000,-0.8711,-0.0762,0.0836,-0.4779,996.06,203.40,-22.73,12.99,-1.203,-1.203,76688.3,0,0.00,0.00,5
33942,-0.612,-0.326,-1.221,0.305,-0.488,266.480,0.000,0.000,0.000,-0.8480,-0.0710,0.0865,-0.5180,1000.49,203.28,-22.90,12.85,-1.221,-1.221,76644.5,0,0.00,0.00,5
33962,-0.641,-0.268,-1.241,0.305,-0.549,266.480,0.000,0.000,0.000,-0.8231,-0.0657,0.0892,-0.5570,1004.95,203.20,-23.09,12.72,-1.241,-1.241,76596.2,0,0.00,0.00,5
33982,-0.665,-0.208,-1.258,0.305,-0.549,266.357,0.000,0.000,0.000,-0.7964,-0.0604,0.0915,-0.5948,1009.46,203.15,-23.24,12.59,-1.258,-1.258,76546.2,0,0.00,0.00,5
34002,-0.680,-0.145,-1.277,0.305,-0.671,266.174,0.000,0.000,0.000,-0.7679,-0.0549,0.0936,-0.6313,1013.89,203.03,-23.41,12.46,-1.277,-1.277,76522.1,0,0.00,0.00,5
34022,-0.686,-0.080,-1.290,0.244,-0.610,266.235,0.000,0.000,0.000,-0.7378,-0.0495,0.0953,-0.6664,1018.34,202.92,-23.51,12.33,-1.290,-1.290,76479.2,0,0.00,0.00,5
34042,-0.694,-0.019,-1.306,0.183,-0.732,266.174,0.000,0.000,0.000,-0.7061,-0.0439,0.0967,-0.7001,1022.82,202.84,-23.66,12.20,-1.306,-1.306,76431.8,0,0.00,0.00,5
34062,-0.691,0.044,-1.315,0.122,-0.732,265.991,0.000,0.000,0.000,-0.6729,-0.0383,0.0979,-0.7322,1027.25,202.73,-23.73,12.07,-1.315,-1.315,76401.1,0,0.00,0.00,5
34082,-0.686,0.111,-1.331,0.000,-0.732,265.991,0.000,0.000,0.000,-0.6383,-0.0328,0.0987,-0.7628,1031.73,202.64,-23.88,11.94,-1.331,-1.331,76351.2,0,0.00,0.00,5
34103,-0.671,0.174,-1.346,0.061,-0.793,265.869,0.000,0.000,0.000,-0.6022,-0.0272,0.0993,-0.7917,1036.23,202.59,-24.01,11.82,-1.346,-1.346,76302.6,0,0.00,0.00,5
34122,-0.656,0.236,-1.359,-0.122,-0.732,265.747,0.000,0.000,0.000,-0.5649,-0.0217,0.0995,-0.8189,1040.63,202.44,-24.13,11.69,-1.359,-1.359,76289.0,0,0.00,0.00,5
34142,-0.630,0.295,-1.375,-0.244,-0.671,265.747,0.000,0.000,0.000,-0.5263,-0.0161,0.0994,-0.8443,1045.09,202.33,-24.26,11.56,-1.375,-1.375,76235.5,0,0.00,0.00,5
34162,-0.601,0.352,-1.389,-0.244,-0.610,265.747,0.000,0.000,0.000,-0.4866,-0.0107,0.0991,-0.8679,1049.55,202.24,-24.39,11.44,-1.389,-1.389,76192.5,0,0.00,0.00,5
34182,-0.564,0.406,-1.402,-0.305,-0.610,265.564,0.000,0.000,0.000,-0.4458,-0.0052,0.0984,-0.8897,1053.97,202.10,-24.51,11.31,-1.402,-1.402,76163.7,0,0.00,0.00,5
34202,-0.530,0.457,-1.417,-0.366,-0.610,265.381,0.000,0.000,0.000,-0.4041,0.0001,0.0975,-0.9095,1058.43,202.00,-24.65,11.19,-1.417,-1.417,76112.3,0,0.00,0.00,5
34222,-0.482,0.503,-1.432,-0.366,-0.610,265.320,0.000,0.000,0.000,-0.3616,0.0053,0.0963,-0.9273,1062.91,201.92,-24.77,11.07,-1.432,-1.432,76067.7,0,0.00,0.00,5
34242,-0.435,0.545,-1.448,-0.366,-0.671,265.076,0.000,0.000,0.000,-0.3183,0.0104,0.0948,-0.9432,1067.41,201.85,-24.91,10.94,-1.448,-1.448,76022.7,0,0.00,0.00,5
34262,-0.381,0.583,-1.462,-0.488,-0.488,265.076,0.000,0.000,0.000,-0.2743,0.0154,0.0930,-0.9570,1071.86,201.74,-25.04,10.82,-1.462,-1.462,75994.7,0,0.00,0.00,5
34282,-0.326,0.616,-1.469,-0.488,-0.427,264.954,0.000,0.000,0.000,-0.2297,0.0203,0.0910,-0.9688,1076.33,201.65,-25.09,10.70,-1.469,-1.469,75948.0,0,0.00,0.00,5
34302,-0.269,0.644,-1.481,-0.549,-0.366,264.954,0.000,0.000,0.000,-0.1846,0.0250,0.0888,-0.9785,1080.83,201.58,-25.19,10.58,-1.481,-1.481,75902.7,0,0.00,0.00,5
34322,-0.210,0.667,-1.488,-0.671,-0.366,264.771,0.000,0.000,0.000,-0.1392,0.0295,0.0863,-0.9861,1085.29,201.49,-25.26,10.46,-1.488,-1.488,75869.3,0,0.00,0.00,5
34342,-0.146,0.682,-1.503,-0.610,-0.427,264.648,0.000,0.000,0.000,-0.0934,0.0339,0.0836,-0.9915,1089.74,201.37,-25.39,10.35,-1.503,-1.503,75834.2,0,0.00,0.00,5
34362,-0.083,0.693,-1.513,-0.549,-0.305,264.526,0.000,0.000,0.000,-0.0475,0.0380,0.0806,-0.9949,1094.18,201.26,-25.46,10.23,-1.513,-1.513,75794.6,0,0.00,0.00,5
34382,-0.020,0.700,-1.522,-0.671,-0.305,264.343,0.000,0.000,0.000,-0.0015,0.0420,0.0775,-0.9961,1098.67,201.18,-25.54,10.11,-1.522,-1.522,75744.0,0,0.00,0.00,5
34402,0.043,0.698,-1.534,-0.671,-0.122,264.282,0.000,0.000,0.000,0.0445,0.0458,0.0741,-0.9952,1103.15,201.10,-25.64,10.00,-1.534,-1.534,75704.6,0,0.00,0.00,5
34422,0.112,0.690,-1.543,-0.671,-0.183,264.099,0.000,0.000,0.000,0.0904,0.0493,0.0706,-0.9922,1107.61,201.00,-25.72,9.88,-1.543,-1.543,75669.9,0,0.00,0.00,5
34442,0.173,0.677,-1.552,-0.671,0.061,264.038,0.000,0.000,0.000,0.1361,0.0527,0.0669,-0.9870,1112.11,200.93,-25.79,9.77,-1.552,-1.552,75622.2,0,0.00,0.00,5
34462,0.233,0.659,-1.565,-0.671,0.061,263.916,0.000,0.000,0.000,0.1814,0.0558,0.0631,-0.9798,1116.59,200.85,-25.91,9.66,-1.565,-1.565,75583.7,0,0.00,0.00,5
34482,0.294,0.636,-1.573,-0.671,0.000,263.733,0.000,0.000,0.000,0.2264,0.0586,0.0591,-0.9705,1121.04,200.73,-25.98,9.55,-1.573,-1.573,75551.8,0,0.00,0.00,5
34503,0.354,0.606,-1.583,-0.610,0.244,263.611,0.000,0.000,0.000,0.2709,0.0612,0.0550,-0.9591,1125.47,200.61,-26.06,9.44,-1.583,-1.583,75516.6,0,0.00,0.00,5
34522,0.407,0.571,-1.591,-0.671,0.244,263.428,0.000,0.000,0.000,0.3148,0.0636,0.0508,-0.9457,1129.92,200.50,-26.13,9.34,-1.591,-1.591,75471.5,0,0.00,0.00,5
34542,0.458,0.531,-16.000,0.855,-0.427,259.460,0.000,0.000,0.000,0.3572,0.0658,0.0477,-0.9305,1134.35,197.61,-165.56,9.32,-16.000,-16.000,75430.9,0,0.00,0.00,5
34565,0.506,0.486,-1.615,-0.610,0.366,263.123,0.000,0.000,0.000,0.3997,0.0677,0.0433,-0.9131,1138.73,197.48,-26.35,9.22,-1.615,-1.615,75395.7,0,0.00,0.00,5
34582,0.548,0.439,-1.630,-0.549,0.183,263.000,0.000,0.000,0.000,0.4412,0.0693,0.0388,-0.8939,1143.16,197.40,-26.48,9.11,-1.630,-1.630,75346.4,0,0.00,0.00,5
34602,0.587,0.386,-1.646,-0.488,0.427,262.878,0.000,0.000,0.000,0.4819,0.0707,0.0342,-0.8727,1147.58,197.31,-26.62,9.01,-1.646,-1.646,75307.8,0,0.00,0.00,5
34622,0.621,0.331,-1.661,-0.427,0.427,262.756,0.000,0.000,0.000,0.5215,0.0718,0.0296,-0.8497,1151.96,197.19,-26.75,8.91,-1.661,-1.661,75276.6,0,0.00,0.00,5
34642,0.646,0.274,-1.675,-0.488,0.427,262.512,0.000,0.000,0.000,0.5599,0.0726,0.0250,-0.8250,1156.39,197.11,-26.87,8.81,-1.675,-1.675,75226.1,0,0.00,0.00,5
34662,0.670,0.212,-1.690,-0.244,0.488,262.390,0.000,0.000,0.000,0.5972,0.0732,0.0204,-0.7985,1160.80,197.01,-27.01,8.71,-1.690,-1.690,75192.5,0,0.00,0.00,5
34682,0.687,0.151,-1.708,-0.244,0.488,262.146,0.000,0.000,0.000,0.6332,0.0735,0.0158,-0.7703,1165.20,196.90,-27.17,8.62,-1.708,-1.708,75154.6,0,0.00,0.00,5
34702,0.697,0.088,-1.715,-0.305,0.610,262.268,0.000,0.000,0.000,0.6679,0.0735,0.0112,-0.7405,1169.60,196.78,-27.22,8.53,-1.715,-1.715,75115.5,0,0.00,0.00,5
34723,0.702,0.025,-1.724,-0.244,0.610,261.841,0.000,0.000,0.000,0.7011,0.0733,0.0066,-0.7093,1174.08,196.75,-27.29,8.44,-1.724,-1.724,75055.5,0,0.00,0.00,5
34742,0.703,-0.040,-1.730,-0.061,0.610,261.658,0.000,0.000,0.000,0.7328,0.0728,0.0020,-0.6765,1178.49,196.65,-27.33,8.35,-1.730,-1.730,75034.2,0,0.00,0.00,5
34762,0.695,-0.105,-1.741,-0.122,0.671,261.536,0.000,0.000,0.000,0.7630,0.0721,-0.0024,-0.6423,1182.94,196.59,-27.42,8.27,-1.741,-1.741,74983.8,0,0.00,0.00,5
34782,0.685,-0.168,-1.753,0.061,0.610,261.292,0.000,0.000,0.000,0.7916,0.0711,-0.0068,-0.6068,1187.36,196.50,-27.53,8.19,-1.753,-1.753,74951.4,0,0.00,0.00,5
34802,0.669,-0.230,-1.759,0.061,0.610,261.169,0.000,0.000,0.000,0.8185,0.0698,-0.0111,-0.5701,1191.78,196.41,-27.57,8.11,-1.759,-1.759,74913.0,0,0.00,0.00,5
34822,0.646,-0.287,-1.767,0.061,0.610,260.925,0.000,0.000,0.000,0.8437,0.0683,-0.0153,-0.5322,1196.20,196.32,-27.63,8.03,-1.767,-1.767,74874.1,0,0.00,0.00,5
34842,0.615,-0.348,-1.779,0.122,0.610,260.742,0.000,0.000,0.000,0.8671,0.0666,-0.0194,-0.4933,1200.64,196.25,-27.74,7.95,-1.779,-1.779,74828.8,0,0.00,0.00,5
34862,0.584,-0.402,-1.786,0.244,0.549,260.681,0.000,0.000,0.000,0.8887,0.0646,-0.0234,-0.4533,1205.05,196.15,-27.79,7.88,-1.786,-1.786,74798.1,0,0.00,0.00,5
34882,0.542,-0.454,-1.796,0.305,0.488,260.498,0.000,0.000,0.000,0.9085,0.0625,-0.0272,-0.4124,1209.49,196.08,-27.88,7.81,-1.796,-1.796,74751.2,0,0.00,0.00,5
34902,0.500,-0.501,-1.810,0.305,0.549,260.315,0.000,0.000,0.000,0.9263,0.0601,-0.0309,-0.3706,1213.95,196.03,-27.99,7.75,-1.810,-1.810,74704.6,0,0.00,0.00,5
34923,0.452,-0.546,-1.822,0.366,0.549,260.071,0.000,0.000,0.000,0.9422,0.0575,-0.0344,-0.3281,1218.35,195.92,-28.09,7.69,-1.822,-1.822,74681.9,0,0.00,0.00,5
34942,0.402,-0.585,-1.830,0.488,0.427,259.888,0.000,0.000,0.000,0.9562,0.0547,-0.0378,-0.2850,1222.82,195.87,-28.15,7.63,-1.830,-1.830,74626.4,0,0.00,0.00,5
34962,0.349,-0.621,-1.840,0.488,0.244,259.766,0.000,0.000,0.000,0.9682,0.0518,-0.0410,-0.2413,1227.21,195.75,-28.24,7.57,-1.840,-1.840,74605.0,0,0.00,0.00,5
34982,0.291,-0.649,-1.851,0.427,0.366,259.583,0.000,0.000,0.000,0.9782,0.0487,-0.0440,-0.1972,1231.64,195.66,-28.33,7.52,-1.851,-1.851,74556.6,0,0.00,0.00,5
35002,0.233,-0.673,-1.860,0.610,0.305,259.277,0.000,0.000,0.000,0.9861,0.0454,-0.0468,-0.1526,1236.08,195.60,-28.40,7.47,-1.860,-1.860,74513.6,0,0.00,0.00,5
35022,0.171,-0.693,-1.865,0.671,0.244,259.094,0.000,0.000,0.000,0.9921,0.0420,-0.0493,-0.1078,1240.52,195.52,-28.43,7.43,-1.865,-1.865,74475.4,0,0.00,0.00,5
35042,0.106,-0.705,-1.879,0.732,0.122,258.911,0.000,0.000,0.000,0.9959,0.0398,-0.0512,-0.0629,1244.97,195.46,-28.57,7.44,-1.879,-1.879,74433.0,0,0.00,0.00,5
35062,0.043,-0.712,-1.882,0.671,0.122,258.606,0.000,0.000,0.000,0.9977,0.0376,-0.0530,-0.0180,1249.41,195.39,-28.60,7.45,-1.882,-1.882,74397.3,0,0.00,0.00,5
35082,-0.021,-0.715,-1.886,0.610,0.122,258.545,0.000,0.000,0.000,0.9975,0.0353,-0.0546,0.0270,1253.89,195.35,-28.64,7.45,-1.886,-1.886,74348.5,0,0.00,0.00,5
35102,-0.086,-0.710,-1.901,0.610,-0.061,258.240,0.000,0.000,0.000,0.9953,0.0329,-0.0561,0.0719,1258.29,195.24,-28.79,7.46,-1.901,-1.901,74326.9,0,0.00,0.00,5
35122,-0.147,-0.701,-1.908,0.671,-0.061,258.057,0.000,0.000,0.000,0.9910,0.0305,-0.0575,0.1166,1262.77,195.20,-28.86,7.47,-1.908,-1.908,74271.2,0,0.00,0.00,5
35142,-0.209,-0.685,-1.922,0.732,-0.061,257.812,0.000,0.000,0.000,0.9848,0.0280,-0.0588,0.1611,1267.20,195.12,-28.99,7.47,-1.922,-1.922,74240.6,0,0.00,0.00,5
35162,-0.273,-0.665,-1.931,0.671,-0.183,257.690,0.000,0.000,0.000,0.9766,0.0254,-0.0601,0.2052,1271.68,195.08,-29.08,7.48,-1.931,-1.931,74192.2,0,0.00,0.00,5
35182,-0.330,-0.636,-1.943,0.855,-0.366,257.446,0.000,0.000,0.000,0.9664,0.0228,-0.0612,0.2488,1276.05,194.94,-29.21,7.49,-1.943,-1.943,74177.3,0,0.00,0.00,5
35202,-0.383,-0.605,-1.951,0.610,-0.244,257.324,0.000,0.000,0.000,0.9542,0.0202,-0.0621,0.2919,1280.46,194.83,-29.28,7.49,-1.951,-1.951,74130.2,0,0.00,0.00,5
35222,-0.439,-0.569,-1.961,0.549,-0.305,257.019,0.000,0.000,0.000,0.9402,0.0175,-0.0630,0.3344,1284.93,194.78,-29.38,7.50,-1.961,-1.961,74075.7,0,0.00,0.00,5
35242,-0.490,-0.526,-1.974,0.610,-0.366,256.592,0.000,0.000,0.000,0.9243,0.0148,-0.0638,0.3761,1289.37,194.70,-29.51,7.50,-1.974,-1.974,74044.0,0,0.00,0.00,5
35262,-0.533,-0.483,-1.985,0.610,-0.488,256.531,0.000,0.000,0.000,0.9065,0.0120,-0.0644,0.4171,1293.80,194.61,-29.62,7.51,-1.985,-1.985,74007.5,0,0.00,0.00,5
35282,-0.575,-0.432,-1.995,0.549,-0.488,256.287,0.000,0.000,0.000,0.8870,0.0093,-0.0649,0.4572,1298.24,194.54,-29.72,7.52,-1.995,-1.995,73964.3,0,0.00,0.00,5
35305,-0.614,-0.382,-2.002,0.488,-0.610,256.165,0.000,0.000,0.000,0.8656,0.0065,-0.0653,0.4964,1302.69,194.46,-29.79,7.53,-2.002,-2.002,73925.9,0,0.00,0.00,5
35322,-0.645,-0.326,-2.015,0.427,-0.488,255.798,0.000,0.000,0.000,0.8426,0.0037,-0.0656,0.5345,1307.07,194.34,-29.92,7.53,-2.015,-2.015,73900.0,0,0.00,0.00,5
35342,-0.670,-0.267,-2.023,0.427,-0.732,255.554,0.000,0.000,0.000,0.8180,0.0009,-0.0657,0.5715,1311.53,194.27,-30.00,7.54,-2.023,-2.023,73844.8,0,0.00,0.00,5
35362,-0.690,-0.205,-2.034,0.305,-0.793,255.432,0.000,0.000,0.000,0.7917,-0.0019,-0.0658,0.6074,1315.94,194.17,-30.10,7.55,-2.034,-2.034,73815.8,0,0.00,0.00,5
35382,-0.708,-0.144,-2.041,0.183,-0.793,255.066,0.000,0.000,0.000,0.7639,-0.0047,-0.0657,0.6420,1320.32,194.02,-30.17,7.56,-2.041,-2.041,73786.7,0,0.00,0.00,5
35402,-0.718,-0.082,-2.046,0.244,-0.732,254.883,0.000,0.000,0.000,0.7346,-0.0075,-0.0655,0.6753,1324.80,193.99,-30.22,7.56,-2.046,-2.046,73722.1,0,0.00,0.00,5
35422,-0.725,-0.018,-2.051,0.122,-0.610,254.761,0.000,0.000,0.000,0.7039,-0.0104,-0.0652,0.7072,1329.19,193.86,-30.28,7.57,-2.051,-2.051,73703.7,0,0.00,0.00,5
35442,-0.723,0.045,-2.055,0.061,-0.732,254.395,0.000,0.000,0.000,0.6718,-0.0132,-0.0648,0.7378,1333.60,193.76,-30.31,7.58,-2.055,-2.055,73661.3,0,0.00,0.00,5
35462,-0.718,0.110,-2.061,0.000,-0.671,254.150,0.000,0.000,0.000,0.6384,-0.0159,-0.0642,0.7668,1337.99,193.63,-30.37,7.59,-2.061,-2.061,73627.7,0,0.00,0.00,5
35482,-0.703,0.173,-2.062,0.000,-0.916,253.967,0.000,0.000,0.000,0.6038,-0.0186,-0.0635,0.7943,1342.38,193.52,-30.39,7.59,-2.062,-2.062,73587.8,0,0.00,0.00,5
35502,-0.684,0.234,-2.065,0.000,-0.855,253.784,0.000,0.000,0.000,0.5681,-0.0213,-0.0627,0.8203,1346.78,193.41,-30.41,7.60,-2.065,-2.065,73547.0,0,0.00,0.00,5
35522,-0.663,0.294,-2.071,-0.183,-0.732,253.418,0.000,0.000,0.000,0.5313,-0.0240,-0.0618,0.8446,1351.21,193.33,-30.48,7.61,-2.071,-2.071,73501.1,0,0.00,0.17,5
35542,-0.635,0.352,-2.081,-0.183,-0.855,253.235,0.000,0.000,0.000,0.4935,-0.0266,-0.0608,0.8672,1355.61,193.22,-30.57,7.61,-2.081,-2.081,73470.4,0,0.00,0.17,5
35562,-0.599,0.405,-2.083,-0.244,-0.916,252.869,0.000,0.000,0.000,0.4547,-0.0291,-0.0597,0.8881,1359.97,193.07,-30.59,7.62,-2.083,-2.083,73441.6,0,0.00,0.17,5
35582,-0.563,0.458,-2.097,-0.366,-0.732,252.747,0.000,0.000,0.000,0.4151,-0.0316,-0.0585,0.9073,1364.37,192.96,-30.73,7.62,-2.097,-2.097,73392.5,0,0.00,0.18,5
35602,-0.521,0.506,-2.102,-0.305,-0.549,252.380,0.000,0.000,0.000,0.3748,-0.0341,-0.0571,0.9247,1368.75,192.83,-30.79,7.63,-2.102,-2.102,73359.4,0,0.00,0.18,5
35622,-0.476,0.551,-2.105,-0.488,-0.671,252.136,0.000,0.000,0.000,0.3338,-0.0365,-0.0557,0.9403,1373.17,192.74,-30.82,7.64,-2.105,-2.105,73311.0,0,0.00,0.18,5
35642,-0.426,0.589,-2.112,-0.610,-0.610,252.014,0.000,0.000,0.000,0.2921,-0.0389,-0.0542,0.9541,1377.58,192.65,-30.88,7.64,-2.112,-2.112,73273.3,0,0.00,0.18,5
35662,-0.373,0.624,-2.118,-0.427,-0.549,251.648,0.000,0.000,0.000,0.2500,-0.0411,-0.0525,0.9660,1381.97,192.54,-30.94,7.65,-2.118,-2.118,73239.7,0,0.00,0.18,5
35682,-0.317,0.652,-2.121,-0.549,-0.610,251.465,0.000,0.000,0.000,0.2074,-0.0433,-0.0508,0.9760,1386.34,192.41,-30.97,7.65,-2.121,-2.121,73207.2,0,0.00,0.18,5
35702,-0.258,0.681,-2.130,-0.488,-0.427,251.282,0.000,0.000,0.000,0.1644,-0.0454,-0.0489,0.9841,1390.73,192.30,-31.07,7.66,-2.130,-2.130,73163.5,0,0.00,0.18,5
35722,-0.198,0.700,-2.126,-0.610,-0.366,250.977,0.000,0.000,0.000,0.1212,-0.0475,-0.0470,0.9904,1395.13,192.20,-31.03,7.66,-2.126,-2.126,73123.4,0,0.00,0.18,5
35742,-0.137,0.715,-2.133,-0.671,-0.244,250.732,0.000,0.000,0.000,0.0778,-0.0495,-0.0450,0.9947,1399.53,192.10,-31.10,7.67,-2.133,-2.133,73083.8,0,0.00,0.18,5
35762,-0.074,0.727,-2.136,-0.671,-0.427,250.488,0.000,0.000,0.000,0.0342,-0.0513,-0.0429,0.9972,1403.94,192.01,-31.13,7.67,-2.136,-2.136,73043.7,0,0.00,0.18,5
35782,-0.009,0.729,-2.139,-0.732,-0.183,250.183,0.000,0.000,0.000,-0.0093,-0.0531,-0.0408,0.9977,1408.32,191.90,-31.16,7.68,-2.139,-2.139,73012.3,0,0.00,0.18,5
35802,0.054,0.725,-2.138,-0.732,-0.183,249.939,0.000,0.000,0.000,-0.0528,-0.0548,-0.0385,0.9964,1412.66,191.75,-31.15,7.68,-2.138,-2.138,72982.7,0,0.00,0.18,5
35822,0.116,0.719,-2.142,-0.793,-0.183,249.695,0.000,0.000,0.000,-0.0961,-0.0564,-0.0363,0.9931,1417.04,191.64,-31.19,7.69,-2.142,-2.142,72935.8,0,0.00,0.18,5
35842,0.182,0.708,-2.144,-0.732,0.061,249.329,0.000,0.000,0.000,-0.1392,-0.0579,-0.0339,0.9880,1421.41,191.51,-31.22,7.70,-2.144,-2.144,72901.0,0,0.00,0.19,5
35862,0.240,0.689,-2.141,-0.610,0.000,249.084,0.000,0.000,0.000,-0.1820,-0.0593,-0.0315,0.9810,1425.82,191.44,-31.19,7.70,-2.141,-2.141,72850.4,0,0.00,0.19,5
35882,0.299,0.667,-2.143,-0.671,0.183,248.779,0.000,0.000,0.000,-0.2244,-0.0606,-0.0290,0.9722,1430.18,191.31,-31.20,7.71,-2.143,-2.143,72826.7,0,0.00,0.19,5
35903,0.357,0.640,-2.142,-0.732,0.061,248.657,0.000,0.000,0.000,-0.2664,-0.0618,-0.0264,0.9615,1434.55,191.21,-31.20,7.71,-2.142,-2.142,72784.0,0,0.00,0.19,5
35922,0.409,0.605,-2.141,-0.671,0.244,248.291,0.000,0.000,0.000,-0.3077,-0.0629,-0.0239,0.9491,1438.99,191.16,-31.19,7.72,-2.141,-2.141,72731.4,0,0.00,0.19,5
35942,0.459,0.567,-2.142,-0.610,0.244,248.169,0.000,0.000,0.000,-0.3485,-0.0639,-0.0212,0.9349,1443.32,191.01,-31.20,7.72,-2.142,-2.142,72717.3,0,0.00,0.19,5
35962,0.508,0.525,-2.142,-0.610,0.488,247.742,0.000,0.000,0.000,-0.3886,-0.0648,-0.0186,0.9189,1447.70,190.91,-31.20,7.73,-2.142,-2.142,72669.6,0,0.00,0.19,5
35982,0.554,0.479,-2.145,-0.549,0.366,247.559,0.000,0.000,0.000,-0.4279,-0.0655,-0.0159,0.9013,1452.07,190.81,-31.24,7.73,-2.145,-2.145,72632.2,0,0.00,0.19,5
36002,0.593,0.432,-2.150,-0.610,0.366,247.253,0.000,0.000,0.000,-0.4664,-0.0662,-0.0132,0.8820,1456.47,190.73,-31.29,7.74,-2.150,-2.150,72586.7,0,0.00,0.19,5
36022,0.629,0.378,-2.150,-0.549,0.488,247.131,0.000,0.000,0.000,-0.5039,-0.0667,-0.0104,0.8611,1460.81,190.60,-31.29,7.74,-2.150,-2.150,72563.4,0,0.00,0.19,5
36045,0.657,0.323,-2.153,-0.488,0.610,246.704,0.000,0.000,0.000,-0.5405,-0.0672,-0.0077,0.8386,1465.13,190.45,-31.32,7.75,-2.153,-2.153,72529.9,0,0.00,0.19,5
36062,0.687,0.265,-2.155,-0.427,0.549,246.460,0.000,0.000,0.000,-0.5761,-0.0675,-0.0049,0.8146,1469.48,190.33,-31.35,7.76,-2.155,-2.155,72486.1,0,0.00,0.19,5
36082,0.705,0.205,-2.159,-0.305,0.549,246.277,0.000,0.000,0.000,-0.6105,-0.0677,-0.0021,0.7891,1473.76,190.16,-31.38,7.76,-2.159,-2.159,72462.7,0,0.00,0.20,5
36102,0.719,0.142,-2.163,-0.305,0.732,246.033,0.000,0.000,0.000,-0.6438,-0.0678,0.0007,0.7622,1478.11,190.04,-31.42,7.77,-2.163,-2.163,72409.9,0,0.00,0.20,5
36123,0.732,0.083,-2.166,-0.183,0.671,245.666,0.000,0.000,0.000,-0.6759,-0.0677,0.0035,0.7339,1482.42,189.89,-31.45,7.78,-2.166,-2.166,72381.8,0,0.00,0.20,5
36142,0.733,0.018,-2.168,-0.183,0.671,245.361,0.000,0.000,0.000,-0.7067,-0.0676,0.0063,0.7043,1486.77,189.78,-31.47,7.78,-2.168,-2.168,72334.7,0,0.00,0.20,5
36162,0.734,-0.043,-2.169,-0.061,0.732,245.117,0.000,0.000,0.000,-0.7361,-0.0673,0.0091,0.6734,1491.06,189.61,-31.48,7.79,-2.169,-2.169,72312.0,0,0.00,0.20,5
36182,0.729,-0.108,-2.173,-0.061,0.793,244.934,0.000,0.000,0.000,-0.7642,-0.0670,0.0118,0.6414,1495.36,189.47,-31.53,7.80,-2.173,-2.173,72269.4,0,0.00,0.20,5
36202,0.720,-0.168,-2.178,-0.061,0.732,244.690,0.000,0.000,0.000,-0.7909,-0.0665,0.0146,0.6082,1499.71,189.36,-31.58,7.81,-2.178,-2.178,72222.6,0,0.00,0.20,5
36222,0.700,-0.230,-2.179,0.061,0.732,244.263,0.000,0.000,0.000,-0.8161,-0.0659,0.0173,0.5739,1504.05,189.25,-31.59,7.81,-2.179,-2.179,72186.1,0,0.00,0.20,5
36242,0.682,-0.288,-2.188,0.061,0.671,244.019,0.000,0.000,0.000,-0.8398,-0.0652,0.0200,0.5387,1508.35,189.10,-31.68,7.82,-2.188,-2.188,72157.6,0,0.00,0.20,5
36262,0.653,-0.346,-2.188,0.183,0.732,243.896,0.000,0.000,0.000,-0.8619,-0.0644,0.0227,0.5025,1512.64,188.95,-31.68,7.82,-2.188,-2.188,72123.4,0,0.00,0.20,5
36282,0.620,-0.401,-2.195,0.305,0.732,243.469,0.000,0.000,0.000,-0.8825,-0.0634,0.0253,0.4654,1516.95,188.81,-31.76,7.83,-2.195,-2.195,72081.3,0,0.00,0.20,5
36302,0.584,-0.453,-2.193,0.427,0.671,243.286,0.000,0.000,0.000,-0.9014,-0.0624,0.0279,0.4275,1521.22,188.64,-31.73,7.84,-2.193,-2.193,72054.2,0,0.00,0.20,5
36322,0.548,-0.500,-2.202,0.366,0.610,242.981,0.000,0.000,0.000,-0.9187,-0.0613,0.0304,0.3890,1525.52,188.50,-31.82,7.85,-2.202,-2.202,72007.8,0,0.00,0.20,5
36342,0.503,-0.544,-2.202,0.427,0.549,242.737,0.000,0.000,0.000,-0.9343,-0.0601,0.0330,0.3497,1529.74,188.29,-31.83,7.86,-2.202,-2.202,71989.4,0,0.00,0.20,5
36362,0.453,-0.586,-2.205,0.549,0.488,242.432,0.000,0.000,0.000,-0.9483,-0.0587,0.0354,0.3099,1533.99,188.11,-31.85,7.87,-2.205,-2.205,71946.1,0,0.00,0.20,5
36382,0.403,-0.625,-2.208,0.549,0.610,242.126,0.000,0.000,0.000,-0.9605,-0.0573,0.0378,0.2696,1538.21,187.91,-31.89,7.87,-2.208,-2.208,71916.0,0,0.00,0.20,5
36402,0.350,-0.657,-2.208,0.671,0.488,241.943,0.000,0.000,0.000,-0.9710,-0.0558,0.0401,0.2288,1542.48,187.75,-31.90,7.88,-2.208,-2.208,71867.2,0,0.00,0.21,5
36422,0.295,-0.683,-2.208,0.610,0.427,241.455,0.000,0.000,0.000,-0.9798,-0.0542,0.0424,0.1877,1546.79,187.63,-31.89,7.89,-2.208,-2.208,71822.2,0,0.00,0.21,5
36442,0.235,-0.707,-2.208,0.671,0.305,241.394,0.000,0.000,0.000,-0.9868,-0.0525,0.0446,0.1463,1551.06,187.48,-31.90,7.90,-2.208,-2.208,71792.6,0,0.00,0.21,5
36462,0.175,-0.726,-2.210,0.793,0.305,240.967,0.000,0.000,0.000,-0.9921,-0.0507,0.0467,0.1047,1555.31,187.31,-31.92,7.91,-2.210,-2.210,71761.1,0,0.00,0.21,5
36482,0.115,-0.737,-2.210,0.793,0.183,240.845,0.000,0.000,0.000,-0.9956,-0.0488,0.0488,0.0629,1559.55,187.14,-31.92,7.92,-2.210,-2.210,71726.6,0,0.00,0.21,5
36503,0.049,-0.745,-2.212,0.793,0.244,240.479,0.000,0.000,0.000,-0.9974,-0.0469,0.0508,0.0211,1563.84,187.02,-31.95,7.93,-2.212,-2.212,71677.1,0,0.00,0.21,5
36522,-0.008,-0.750,-2.219,0.793,0.061,240.234,0.000,0.000,0.000,-0.9974,-0.0448,0.0527,-0.0207,1568.09,186.86,-32.01,7.94,-2.219,-2.219,71649.6,0,0.00,0.21,5
36542,-0.076,-0.744,-2.219,0.793,0.000,239.929,0.000,0.000,0.000,-0.9956,-0.0427,0.0545,-0.0624,1572.37,186.73,-32.02,7.95,-2.219,-2.219,71606.4,0,0.00,0.21,5
36562,-0.134,-0.738,-2.230,0.916,-0.061,239.685,0.000,0.000,0.000,-0.9922,-0.0406,0.0563,-0.1040,1576.60,186.55,-32.12,7.96,-2.230,-2.230,71580.5,0,0.00,0.21,5
36582,-0.194,-0.725,-2.230,0.793,-0.061,239.441,0.000,0.000,0.000,-0.9869,-0.0383,0.0579,-0.1453,1580.89,186.43,-32.12,7.96,-2.230,-2.230,71531.7,0,0.00,0.21,5
36602,-0.257,-0.704,-2.235,0.793,-0.183,239.136,0.000,0.000,0.000,-0.9800,-0.0360,0.0595,-0.1864,1585.14,186.28,-32.17,7.97,-2.235,-2.235,71502.6,0,0.00,0.21,5
36622,-0.314,-0.682,-2.241,0.855,-0.366,238.892,0.000,0.000,0.000,-0.9714,-0.0337,0.0609,-0.2271,1589.42,186.16,-32.23,7.98,-2.241,-2.241,71458.6,0,0.00,0.21,5
36642,-0.370,-0.652,-2.243,0.793,-0.366,238.586,0.000,0.000,0.000,-0.9611,-0.0313,0.0623,-0.2673,1593.63,185.98,-32.26,8.00,-2.243,-2.243,71436.8,0,0.00,0.21,5
36662,-0.421,-0.623,-2.242,0.793,-0.427,238.281,0.000,0.000,0.000,-0.9491,-0.0288,0.0636,-0.3070,1597.89,185.84,-32.25,8.01,-2.242,-2.242,71389.8,0,0.00,0.21,5
36682,-0.475,-0.585,-2.243,0.732,-0.366,238.098,0.000,0.000,0.000,-0.9356,-0.0263,0.0648,-0.3461,1602.13,185.68,-32.26,8.01,-2.243,-2.243,71359.2,0,0.00,0.22,5
36703,-0.519,-0.544,-2.244,0.732,-0.610,237.671,0.000,0.000,0.000,-0.9204,-0.0237,0.0658,-0.3846,1606.37,185.54,-32.27,8.03,-2.244,-2.244,71319.7,0,0.00,0.22,5
36722,-0.565,-0.500,-2.244,0.671,-0.610,237.488,0.000,0.000,0.000,-0.9037,-0.0211,0.0668,-0.4224,1610.63,185.41,-32.27,8.04,-2.244,-2.244,71280.8,0,0.00,0.22,5
36742,-0.602,-0.454,-2.243,0.671,-0.549,237.122,0.000,0.000,0.000,-0.8854,-0.0185,0.0677,-0.4594,1614.83,185.22,-32.26,8.05,-2.243,-2.243,71258.7,0,0.00,0.22,5
36762,-0.640,-0.401,-2.248,0.671,-0.671,236.816,0.000,0.000,0.000,-0.8657,-0.0158,0.0684,-0.4956,1619.11,185.12,-32.31,8.06,-2.248,-2.248,71202.4,0,0.00,0.22,5
36785,-0.672,-0.348,-2.243,0.549,-0.793,236.511,0.000,0.000,0.000,-0.8445,-0.0132,0.0691,-0.5309,1623.35,184.98,-32.27,8.07,-2.243,-2.243,71174.1,0,0.00,0.22,5
36802,-0.699,-0.291,-2.244,0.488,-0.732,236.328,0.000,0.000,0.000,-0.8219,-0.0104,0.0696,-0.5653,1627.58,184.83,-32.29,8.08,-2.244,-2.244,71141.8,0,0.00,0.22,5
36822,-0.719,-0.235,-2.245,0.427,-0.855,235.962,0.000,0.000,0.000,-0.7979,-0.0077,0.0701,-0.5986,1631.81,184.70,-32.29,8.09,-2.245,-2.245,71102.7,0,0.00,0.22,5
36842,-0.736,-0.176,-2.239,0.427,-0.793,235.657,0.000,0.000,0.000,-0.7727,-0.0050,0.0704,-0.6309,1635.99,184.50,-32.23,8.10,-2.239,-2.239,71081.8,0,0.00,0.22,5
36862,-0.749,-0.115,-2.241,0.183,-0.855,235.474,0.000,0.000,0.000,-0.7461,-0.0022,0.0707,-0.6621,1640.18,184.33,-32.25,8.11,-2.241,-2.241,71041.1,0,0.00,0.22,5
36882,-0.758,-0.054,-2.240,0.244,-0.855,235.168,0.000,0.000,0.000,-0.7183,0.0006,0.0708,-0.6921,1644.37,184.17,-32.25,8.12,-2.240,-2.240,71003.2,0,0.00,0.22,5
36903,-0.758,0.010,-2.238,0.244,-0.855,234.802,0.000,0.000,0.000,-0.6893,0.0034,0.0708,-0.7210,1648.56,183.99,-32.23,8.13,-2.238,-2.238,70971.2,0,0.00,0.22,5
36922,-0.758,0.071,-2.237,0.122,-0.855,234.619,0.000,0.000,0.000,-0.6593,0.0061,0.0707,-0.7486,1652.72,183.81,-32.23,8.14,-2.237,-2.237,70938.2,0,0.00,0.22,5
36942,-0.748,0.131,-2.239,0.122,-0.977,234.375,0.000,0.000,0.000,-0.6281,0.0089,0.0705,-0.7749,1656.90,183.63,-32.24,8.15,-2.239,-2.239,70900.6,0,0.00,0.22,5
36962,-0.732,0.193,-2.238,-0.061,-0.855,234.070,0.000,0.000,0.000,-0.5959,0.0116,0.0702,-0.7999,1661.04,183.43,-32.24,8.16,-2.238,-2.238,70871.5,0,0.00,0.22,5
36982,-0.716,0.253,-2.241,-0.183,-1.038,233.643,0.000,0.000,0.000,-0.5628,0.0144,0.0698,-0.8235,1665.17,183.22,-32.27,8.17,-2.241,-2.241,70839.4,0,0.00,0.23,5
37002,-0.695,0.311,-2.245,-0.183,-0.977,233.459,0.000,0.000,0.000,-0.5288,0.0171,0.0692,-0.8457,1669.36,183.07,-32.31,8.18,-2.245,-2.245,70789.8,0,0.00,0.23,5
37022,-0.669,0.366,-2.241,-0.244,-0.855,233.215,0.000,0.000,0.000,-0.4940,0.0198,0.0686,-0.8665,1673.52,182.90,-32.28,8.19,-2.241,-2.241,70759.0,0,0.00,0.23,5
37042,-0.638,0.419,-2.247,-0.366,-0.916,232.849,0.000,0.000,0.000,-0.4584,0.0224,0.0679,-0.8859,1677.70,182.74,-32.33,8.20,-2.247,-2.247,70719.8,0,0.00,0.23,5
37062,-0.601,0.469,-2.249,-0.305,-0.671,232.666,0.000,0.000,0.000,-0.4220,0.0251,0.0670,-0.9037,1681.87,182.58,-32.35,8.21,-2.249,-2.249,70686.9,0,0.00,0.23,5
37082,-0.563,0.517,-2.248,-0.366,-0.732,232.300,0.000,0.000,0.000,-0.3851,0.0277,0.0660,-0.9201,1686.06,182.44,-32.35,8.21,-2.248,-2.248,70646.6,0,0.00,0.23,5
37103,-0.520,0.560,-2.249,-0.488,-0.732,232.056,0.000,0.000,0.000,-0.3475,0.0303,0.0650,-0.9349,1690.22,182.28,-32.35,8.22,-2.249,-2.249,70616.6,0,0.00,0.23,5
37122,-0.472,0.599,-2.252,-0.488,-0.793,231.689,0.000,0.000,0.000,-0.3094,0.0328,0.0638,-0.9482,1694.36,182.09,-32.39,8.23,-2.252,-2.252,70586.2,0,0.00,0.23,5
37142,-0.421,0.637,-2.248,-0.610,-0.488,231.506,0.000,0.000,0.000,-0.2709,0.0353,0.0626,-0.9599,1698.51,181.92,-32.35,8.24,-2.248,-2.248,70549.3,0,0.00,0.23,5
37162,-0.371,0.669,-2.250,-0.671,-0.671,231.201,0.000,0.000,0.000,-0.2320,0.0377,0.0613,-0.9701,1702.65,181.75,-32.38,8.25,-2.250,-2.250,70513.4,0,0.00,0.23,5
37182,-0.314,0.697,-2.256,-0.732,-0.488,230.774,0.000,0.000,0.000,-0.1927,0.0401,0.0598,-0.9786,1706.78,181.56,-32.44,8.26,-2.256,-2.256,70483.4,0,0.00,0.23,5
37202,-0.258,0.722,-2.252,-0.855,-0.305,230.652,0.000,0.000,0.000,-0.1532,0.0424,0.0583,-0.9856,1710.90,181.38,-32.40,8.27,-2.252,-2.252,70448.2,0,0.00,0.23,5
37222,-0.199,0.741,-2.256,-0.855,-0.366,230.347,0.000,0.000,0.000,-0.1135,0.0447,0.0568,-0.9909,1715.04,181.21,-32.45,8.28,-2.256,-2.256,70408.5,0,0.00,0.23,5
37242,-0.138,0.751,-2.261,-0.793,-0.366,229.980,0.000,0.000,0.000,-0.0736,0.0469,0.0551,-0.9947,1719.22,181.09,-32.49,8.29,-2.261,-2.261,70363.8,0,0.00,0.23,5
37262,-0.081,0.763,-2.264,-0.793,-0.244,229.736,0.000,0.000,0.000,-0.0337,0.0490,0.0533,-0.9968,1723.37,180.93,-32.52,8.30,-2.264,-2.264,70335.8,0,0.00,0.24,5
37282,-0.018,0.767,-2.266,-0.855,-0.244,229.492,0.000,0.000,0.000,0.0062,0.0511,0.0514,-0.9974,1727.49,180.76,-32.54,8.31,-2.266,-2.266,70305.9,0,0.00,0.24,5
37302,0.044,0.765,-2.271,-0.855,-0.244,229.187,0.000,0.000,0.000,0.0461,0.0530,0.0495,-0.9963,1731.58,180.55,-32.60,8.32,-2.271,-2.271,70279.0,0,0.00,0.24,5
37322,0.107,0.761,-2.271,-0.855,-0.061,228.821,0.000,0.000,0.000,0.0858,0.0550,0.0475,-0.9937,1735.72,180.39,-32.60,8.33,-2.271,-2.271,70232.5,0,0.00,0.24,5
37342,0.166,0.749,-2.283,-0.916,-0.061,228.577,0.000,0.000,0.000,0.1254,0.0568,0.0454,-0.9894,1739.82,180.21,-32.71,8.34,-2.283,-2.283,70204.6,0,0.00,0.24,5
37362,0.226,0.734,-2.280,-0.793,-0.061,228.394,0.000,0.000,0.000,0.1647,0.0585,0.0432,-0.9837,1743.97,180.07,-32.69,8.35,-2.280,-2.280,70158.7,0,0.00,0.24,5
37382,0.282,0.714,-2.279,-0.855,0.122,227.966,0.000,0.000,0.000,0.2037,0.0602,0.0410,-0.9763,1748.05,179.86,-32.68,8.36,-2.279,-2.279,70140.8,0,0.00,0.24,5
37402,0.339,0.690,-2.279,-0.793,0.366,227.600,0.000,0.000,0.000,0.2423,0.0618,0.0388,-0.9675,1752.12,179.65,-32.69,8.37,-2.279,-2.279,70106.9,0,0.00,0.24,5
37422,0.392,0.664,-2.279,-0.855,0.305,227.417,0.000,0.000,0.000,0.2804,0.0633,0.0364,-0.9571,1756.20,179.46,-32.69,8.38,-2.279,-2.279,70068.5,0,0.00,0.24,5
37442,0.445,0.629,-2.280,-0.793,0.244,227.173,0.000,0.000,0.000,0.3182,0.0647,0.0340,-0.9452,1760.28,179.27,-32.70,8.39,-2.280,-2.280,70035.8,0,0.00,0.24,5
37462,0.492,0.592,-2.282,-0.793,0.427,226.685,0.000,0.000,0.000,0.3553,0.0660,0.0316,-0.9319,1764.38,179.10,-32.72,8.40,-2.282,-2.282,69995.5,0,0.00,0.24,5
37482,0.541,0.554,-2.283,-0.671,0.488,226.501,0.000,0.000,0.000,0.3918,0.0673,0.0291,-0.9171,1768.44,178.90,-32.73,8.41,-2.283,-2.283,69968.3,0,0.00,0.24,5
37503,0.583,0.513,-2.277,-0.610,0.610,226.379,0.000,0.000,0.000,0.4277,0.0684,0.0266,-0.9009,1772.48,178.69,-32.68,8.42,-2.277,-2.277,69939.2,0,0.00,0.24,5
37526,0.623,0.466,-2.282,-0.549,0.671,225.952,0.000,0.000,0.000,0.4629,0.0695,0.0240,-0.8834,1776.53,178.47,-32.73,8.43,-2.282,-2.282,69904.6,0,0.00,0.24,5
37542,0.661,0.417,-2.289,-0.488,0.732,225.647,0.000,0.000,0.000,0.4973,0.0704,0.0214,-0.8645,1780.52,178.21,-32.80,8.44,-2.289,-2.289,69881.3,0,0.00,0.24,5
37562,0.689,0.363,-2.288,-0.244,0.793,225.403,0.000,0.000,0.000,0.5309,0.0713,0.0187,-0.8442,1784.50,177.95,-32.79,8.46,-2.288,-2.288,69848.8,0,0.00,0.24,5
37582,0.716,0.307,-2.297,-0.061,0.916,225.098,0.000,0.000,0.000,0.5636,0.0721,0.0160,-0.8227,1788.42,177.64,-32.88,8.47,-2.297,-2.297,69828.8,0,0.00,0.24,5
37602,0.735,0.250,-2.294,0.122,0.855,224.792,0.000,0.000,0.000,0.5954,0.0728,0.0132,-0.8000,1792.37,177.36,-32.85,8.49,-2.294,-2.294,69787.5,0,0.00,0.24,5
37622,0.755,0.188,-2.298,0.305,0.916,224.548,0.000,0.000,0.000,0.6263,0.0735,0.0104,-0.7760,1796.32,177.08,-32.89,8.51,-2.298,-2.298,69755.2,0,0.00,0.24,5
37642,0.766,0.129,-2.299,0.427,0.793,224.121,0.000,0.000,0.000,0.6562,0.0740,0.0076,-0.7510,1800.23,176.77,-32.91,8.53,-2.299,-2.299,69729.0,0,0.00,0.24,5
37662,0.774,0.068,-2.299,0.427,0.855,223.816,0.000,0.000,0.000,0.6850,0.0744,0.0047,-0.7248,1804.09,176.42,-32.91,8.55,-2.299,-2.299,69705.0,0,0.00,0.24,5
37682,0.775,0.007,-2.304,0.488,0.855,223.633,0.000,0.000,0.000,0.7127,0.0747,0.0018,-0.6975,1807.97,176.09,-32.95,8.57,-2.304,-2.304,69669.1,0,0.00,0.24,5
37703,0.775,-0.052,-2.304,0.610,0.732,223.328,0.000,0.000,0.000,0.7393,0.0748,-0.0011,-0.6692,1811.81,175.74,-32.95,8.58,-2.304,-2.304,69643.7,0,0.00,0.24,5
37722,0.770,-0.114,-2.306,0.427,0.671,223.084,0.000,0.000,0.000,0.7648,0.0749,-0.0039,-0.6399,1815.64,175.37,-32.98,8.60,-2.306,-2.306,69612.8,0,0.00,0.24,5
37742,0.756,-0.172,-2.303,0.488,0.793,222.656,0.000,0.000,0.000,0.7891,0.0748,-0.0068,-0.6097,1819.46,175.01,-32.95,8.62,-2.303,-2.303,69581.0,0,0.00,0.24,5
37762,0.744,-0.231,-2.302,0.488,0.671,222.412,0.000,0.000,0.000,0.8121,0.0746,-0.0096,-0.5786,1823.27,174.65,-32.94,8.63,-2.302,-2.302,69549.1,0,0.00,0.24,5
37782,0.725,-0.291,-2.304,0.549,0.732,222.107,0.000,0.000,0.000,0.8339,0.0744,-0.0125,-0.5467,1827.03,174.25,-32.96,8.65,-2.304,-2.304,69529.0,0,0.00,0.24,5
37802,0.700,-0.345,-2.304,0.549,0.671,221.802,0.000,0.000,0.000,0.8544,0.0740,-0.0153,-0.5141,1830.79,173.85,-32.97,8.66,-2.304,-2.304,69496.5,0,0.00,0.23,5
37822,0.672,-0.399,-2.301,0.488,0.671,221.497,0.000,0.000,0.000,0.8736,0.0734,-0.0181,-0.4807,1834.52,173.43,-32.94,8.68,-2.301,-2.301,69469.6,0,0.00,0.23,5
37842,0.637,-0.451,-2.296,0.549,0.671,221.130,0.000,0.000,0.000,0.8915,0.0728,-0.0208,-0.4466,1838.29,173.06,-32.90,8.69,-2.296,-2.296,69427.4,0,0.00,0.23,5
37862,0.603,-0.500,-2.297,0.671,0.671,220.825,0.000,0.000,0.000,0.9081,0.0721,-0.0236,-0.4119,1842.02,172.66,-32.91,8.70,-2.297,-2.297,69403.7,0,0.00,0.23,5
37882,0.560,-0.545,-2.293,0.671,0.549,220.520,0.000,0.000,0.000,0.9232,0.0713,-0.0263,-0.3767,1845.71,172.22,-32.87,8.72,-2.293,-2.293,69380.5,0,0.00,0.23,5
37903,0.516,-0.588,-2.292,0.732,0.366,220.276,0.000,0.000,0.000,0.9370,0.0704,-0.0290,-0.3409,1849.39,171.79,-32.86,8.73,-2.292,-2.292,69349.4,0,0.00,0.23,5
37923,0.468,-0.625,-2.292,0.793,0.427,220.032,0.000,0.000,0.000,0.9494,0.0694,-0.0317,-0.3047,1853.08,171.38,-32.86,8.75,-2.292,-2.292,69314.9,0,0.00,0.23,5
37943,0.423,-0.660,-2.294,0.916,0.244,219.666,0.000,0.000,0.000,0.9604,0.0683,-0.0343,-0.2681,1856.77,170.98,-32.89,8.77,-2.294,-2.294,69282.9,0,0.00,0.22,5
37962,0.375,-0.690,-2.291,0.916,0.122,219.360,0.000,0.000,0.000,0.9699,0.0671,-0.0369,-0.2312,1860.47,170.58,-32.85,8.78,-2.291,-2.291,69249.6,0,0.00,0.22,5
37982,0.318,-0.715,-2.294,1.038,0.061,219.116,0.000,0.000,0.000,0.9780,0.0658,-0.0395,-0.1939,1864.08,170.12,-32.89,8.80,-2.294,-2.294,69234.9,0,0.00,0.22,5
38002,0.262,-0.741,-2.295,1.038,0.000,218.750,0.000,0.000,0.000,0.9847,0.0644,-0.0420,-0.1565,1867.69,169.66,-32.91,8.82,-2.295,-2.295,69204.3,0,0.00,0.22,5
38022,0.203,-0.759,-2.292,0.977,-0.305,218.445,0.000,0.000,0.000,0.9899,0.0629,-0.0445,-0.1188,1871.31,169.22,-32.88,8.84,-2.292,-2.292,69171.4,0,0.00,0.22,5
38042,0.144,-0.776,-2.288,0.977,-0.244,218.262,0.000,0.000,0.000,0.9937,0.0614,-0.0470,-0.0811,1874.92,168.77,-32.84,8.86,-2.288,-2.288,69142.1,0,0.00,0.22,5
38062,0.088,-0.785,-2.294,1.038,-0.366,217.896,0.000,0.000,0.000,0.9961,0.0597,-0.0493,-0.0432,1878.49,168.31,-32.90,8.88,-2.294,-2.294,69117.0,0,0.00,0.21,5
38082,0.027,-0.791,-2.298,0.977,-0.366,217.651,0.000,0.000,0.000,0.9970,0.0579,-0.0516,-0.0054,1882.05,167.83,-32.95,8.90,-2.298,-2.298,69089.8,0,0.00,0.21,5
38103,-0.034,-0.793,-2.293,0.916,-0.366,217.407,0.000,0.000,0.000,0.9964,0.0561,-0.0539,0.0324,1885.64,167.40,-32.90,8.92,-2.293,-2.293,69050.1,0,0.00,0.21,5
38122,-0.095,-0.790,-2.293,0.916,-0.305,217.163,0.000,0.000,0.000,0.9945,0.0542,-0.0560,0.0701,1889.17,166.92,-32.91,8.94,-2.293,-2.293,69032.8,0,0.00,0.21,5
38142,-0.158,-0.782,-2.298,0.916,-0.427,216.736,0.000,0.000,0.000,0.9911,0.0522,-0.0581,0.1077,1892.70,166.44,-32.96,8.96,-2.298,-2.298,69001.4,0,0.00,0.20,5
38162,-0.214,-0.767,-2.300,0.916,-0.488,216.492,0.000,0.000,0.000,0.9863,0.0501,-0.0601,0.1450,1896.22,165.97,-32.98,8.97,-2.300,-2.300,68972.8,0,0.00,0.20,5
38182,-0.274,-0.750,-2.302,0.916,-0.549,216.125,0.000,0.000,0.000,0.9801,0.0480,-0.0620,0.1821,1899.78,165.54,-33.01,8.99,-2.302,-2.302,68932.3,0,0.00,0.20,5
38202,-0.328,-0.725,-2.303,0.793,-0.549,215.881,0.000,0.000,0.000,0.9726,0.0458,-0.0638,0.2189,1903.29,165.07,-33.01,9.01,-2.303,-2.303,68912.0,0,0.00,0.20,5
38222,-0.381,-0.699,-2.302,0.732,-0.610,215.576,0.000,0.000,0.000,0.9637,0.0435,-0.0656,0.2553,1906.81,164.62,-33.00,9.03,-2.302,-2.302,68880.3,0,0.00,0.19,5
38242,-0.429,-0.669,-2.300,0.732,-0.671,215.210,0.000,0.000,0.000,0.9534,0.0412,-0.0672,0.2913,1910.30,164.15,-32.98,9.04,-2.300,-2.300,68855.2,0,0.00,0.19,5
38265,-0.478,-0.638,-2.304,0.793,-0.793,214.844,0.000,0.000,0.000,0.9418,0.0388,-0.0688,0.3268,1913.79,163.68,-33.02,9.06,-2.304,-2.304,68825.6,0,0.00,0.19,5
38282,-0.525,-0.598,-2.305,0.732,-0.793,214.600,0.000,0.000,0.000,0.9289,0.0364,-0.0703,0.3619,1917.34,163.29,-33.03,9.08,-2.305,-2.305,68779.4,0,0.00,0.19,5
38302,-0.567,-0.560,-2.302,0.610,-0.610,214.294,0.000,0.000,0.000,0.9147,0.0338,-0.0717,0.3963,1920.84,162.85,-33.00,9.09,-2.302,-2.302,68761.6,0,0.00,0.19,5
38323,-0.607,-0.515,-2.306,0.488,-0.855,213.989,0.000,0.000,0.000,0.8992,0.0313,-0.0730,0.4302,1924.30,162.38,-33.05,9.11,-2.306,-2.306,68738.9,0,0.00,0.18,5
38342,-0.646,-0.471,-2.307,0.427,-1.099,213.684,0.000,0.000,0.000,0.8826,0.0287,-0.0743,0.4634,1927.75,161.92,-33.06,9.13,-2.307,-2.307,68709.1,0,0.00,0.18,5
38362,-0.678,-0.419,-2.306,0.305,-0.977,213.501,0.000,0.000,0.000,0.8647,0.0260,-0.0754,0.4959,1931.24,161.50,-33.05,9.15,-2.306,-2.306,68672.2,0,0.00,0.18,5
38382,-0.708,-0.370,-2.303,0.183,-1.160,213.074,0.000,0.000,0.000,0.8456,0.0233,-0.0765,0.5277,1934.65,161.01,-33.02,9.17,-2.303,-2.303,68659.5,0,0.00,0.17,5
38402,-0.735,-0.313,-2.304,0.183,-1.099,212.830,0.000,0.000,0.000,0.8255,0.0206,-0.0774,0.5588,1938.06,160.54,-33.03,9.19,-2.304,-2.304,68626.7,0,0.00,0.00,5
38422,-0.759,-0.259,-2.306,0.000,-1.099,212.585,0.000,0.000,0.000,0.8042,0.0178,-0.0783,0.5890,1941.46,160.06,-33.06,9.21,-2.306,-2.306,68601.8,0,0.00,0.00,5
38442,-0.776,-0.202,-2.305,0.000,-1.038,212.219,0.000,0.000,0.000,0.7818,0.0150,-0.0791,0.6183,1944.84,159.56,-33.05,9.23,-2.305,-2.305,68576.3,0,0.00,0.00,5
38462,-0.792,-0.142,-2.301,-0.061,-1.099,211.914,0.000,0.000,0.000,0.7584,0.0122,-0.0797,0.6468,1948.28,159.14,-33.02,9.25,-2.301,-2.301,68532.3,0,0.00,0.00,5
38482,-0.802,-0.083,-2.301,-0.122,-1.221,211.670,0.000,0.000,0.000,0.7340,0.0094,-0.0803,0.6744,1951.66,158.67,-33.02,9.27,-2.301,-2.301,68514.4,0,0.00,0.00,5
38502,-0.807,-0.021,-2.300,-0.244,-1.038,211.426,0.000,0.000,0.000,0.7086,0.0065,-0.0807,0.7010,1955.09,158.25,-33.02,9.29,-2.300,-2.300,68475.7,0,0.00,0.00,5
38523,-0.804,0.037,-2.301,-0.244,-0.916,211.121,0.000,0.000,0.000,0.6823,0.0036,-0.0810,0.7266,1958.47,157.81,-33.03,9.31,-2.301,-2.301,68453.9,0,0.00,0.00,5
38542,-0.802,0.096,-2.299,-0.244,-1.099,210.754,0.000,0.000,0.000,0.6551,0.0008,-0.0813,0.7512,1961.85,157.36,-33.01,9.33,-2.299,-2.299,68427.7,0,0.00,0.00,5
38562,-0.792,0.156,-2.298,-0.366,-1.038,210.510,0.000,0.000,0.000,0.6271,-0.0021,-0.0814,0.7747,1965.17,156.87,-33.01,9.34,-2.298,-2.298,68408.8,0,0.00,0.00,5
38582,-0.776,0.212,-2.295,-0.366,-0.977,210.266,0.000,0.000,0.000,0.5982,-0.0050,-0.0814,0.7972,1968.52,156.41,-32.98,9.36,-2.295,-2.295,68375.5,0,0.00,0.00,5
38602,-0.765,0.270,-2.300,-0.488,-1.038,210.022,0.000,0.000,0.000,0.5686,-0.0079,-0.0814,0.8185,1971.88,155.97,-33.03,9.38,-2.300,-2.300,68340.6,0,0.00,0.00,5
38622,-0.743,0.320,-2.298,-0.488,-0.916,209.656,0.000,0.000,0.000,0.5383,-0.0108,-0.0812,0.8388,1975.20,155.50,-33.01,9.40,-2.298,-2.298,68323.5,0,0.00,0.00,5
38642,-0.714,0.377,-2.292,-0.610,-0.793,209.290,0.000,0.000,0.000,0.5073,-0.0137,-0.0809,0.8579,1978.52,155.04,-32.96,9.41,-2.292,-2.292,68292.8,0,0.00,0.00,5
38662,-0.687,0.423,-2.294,-0.549,-0.855,209.106,0.000,0.000,0.000,0.4756,-0.0166,-0.0805,0.8758,1981.81,154.56,-32.97,9.43,-2.294,-2.294,68270.4,0,0.00,0.00,5
38682,-0.656,0.474,-2.292,-0.671,-0.793,208.740,0.000,0.000,0.000,0.4434,-0.0194,-0.0800,0.8925,1985.09,154.09,-32.95,9.45,-2.292,-2.292,68242.4,0,0.00,0.00,5
38703,-0.619,0.521,-2.287,-0.793,-0.793,208.435,0.000,0.000,0.000,0.4107,-0.0223,-0.0795,0.9080,1988.39,153.64,-32.91,9.47,-2.287,-2.287,68211.4,0,0.00,0.00,5
38722,-0.584,0.567,-2.283,-0.916,-0.732,208.069,0.000,0.000,0.000,0.3774,-0.0251,-0.0788,0.9223,1991.66,153.18,-32.88,9.49,-2.283,-2.283,68186.9,0,0.00,0.00,5
38742,-0.541,0.606,-2.286,-0.855,-0.549,207.764,0.000,0.000,0.000,0.3438,-0.0279,-0.0780,0.9354,1994.96,152.74,-32.90,9.50,-2.286,-2.286,68153.9,0,0.00,0.00,5
38762,-0.495,0.646,-2.285,-0.855,-0.549,207.459,0.000,0.000,0.000,0.3097,-0.0306,-0.0771,0.9472,1998.28,152.34,-32.90,9.52,-2.285,-2.285,68118.6,0,0.00,0.00,5
38782,-0.445,0.679,-2.285,-1.038,-0.427,207.153,0.000,0.000,0.000,0.2752,-0.0334,-0.0762,0.9578,2001.55,151.89,-32.90,9.54,-2.285,-2.285,68101.8,0,0.00,0.00,5
38802,-0.398,0.709,-2.286,-0.977,-0.244,206.970,0.000,0.000,0.000,0.2405,-0.0361,-0.0751,0.9671,2004.78,151.42,-32.91,9.56,-2.286,-2.286,68081.6,0,0.00,0.00,5
38822,-0.343,0.736,-2.281,-1.160,-0.244,206.665,0.000,0.000,0.000,0.2054,-0.0388,-0.0739,0.9751,2008.05,150.99,-32.87,9.58,-2.281,-2.281,68045.1,0,0.00,0.00,5
38842,-0.288,0.763,-2.285,-0.977,-0.244,206.360,0.000,0.000,0.000,0.1702,-0.0415,-0.0727,0.9819,2011.30,150.56,-32.92,9.60,-2.285,-2.285,68020.5,0,0.00,0.00,5
38862,-0.232,0.780,-2.285,-0.977,-0.122,206.177,0.000,0.000,0.000,0.1348,-0.0441,-0.0713,0.9873,2014.56,150.13,-32.91,9.62,-2.285,-2.285,67990.9,0,0.00,0.00,5
38882,-0.174,0.795,-2.280,-1.038,-0.183,205.749,0.000,0.000,0.000,0.0993,-0.0466,-0.0698,0.9915,2017.81,149.72,-32.87,9.63,-2.280,-2.280,67963.0,0,0.00,0.00,5
38903,-0.118,0.806,-2.285,-1.038,-0.061,205.505,0.000,0.000,0.000,0.0636,-0.0491,-0.0683,0.9944,2021.09,149.32,-32.91,9.65,-2.285,-2.285,67930.9,0,0.00,0.00,5
38922,-0.058,0.812,-2.284,-0.916,0.000,205.200,0.000,0.000,0.000,0.0280,-0.0515,-0.0667,0.9961,2024.29,148.88,-32.91,9.67,-2.284,-2.284,67916.6,0,0.00,0.00,5
38942,0.000,0.812,-2.280,-0.916,0.183,204.834,0.000,0.000,0.000,-0.0076,-0.0539,-0.0649,0.9964,2027.54,148.48,-32.87,9.68,-2.280,-2.280,67879.4,0,0.00,0.00,5
38962,0.058,0.815,-2.279,-0.977,0.244,204.529,0.000,0.000,0.000,-0.0432,-0.0562,-0.0632,0.9955,2030.77,148.06,-32.87,9.70,-2.279,-2.279,67857.4,0,0.00,0.00,5
38985,0.117,0.808,-2.280,-0.977,0.305,204.224,0.000,0.000,0.000,-0.0786,-0.0585,-0.0613,0.9933,2033.96,147.63,-32.88,9.72,-2.280,-2.280,67835.5,0,0.00,0.00,5
39002,0.171,0.800,-2.279,-1.099,0.244,203.980,0.000,0.000,0.000,-0.1139,-0.0606,-0.0594,0.9899,2037.18,147.22,-32.87,9.74,-2.279,-2.279,67802.7,0,0.00,0.00,5
39022,0.230,0.786,-2.276,-0.977,0.549,203.735,0.000,0.000,0.000,-0.1490,-0.0628,-0.0573,0.9852,2040.44,146.86,-32.85,9.76,-2.276,-2.276,67765.8,0,0.00,0.00,5
39042,0.285,0.766,-2.277,-0.916,0.305,203.491,0.000,0.000,0.000,-0.1839,-0.0648,-0.0552,0.9793,2043.68,146.50,-32.86,9.77,-2.277,-2.277,67739.7,0,0.00,0.00,5
39062,0.338,0.746,-2.274,-0.916,0.488,203.064,0.000,0.000,0.000,-0.2185,-0.0668,-0.0531,0.9721,2046.90,146.12,-32.83,9.79,-2.274,-2.274,67719.7,0,0.00,0.00,5
39082,0.395,0.721,-2.275,-0.916,0.549,202.820,0.000,0.000,0.000,-0.2527,-0.0687,-0.0509,0.9638,2050.04,145.67,-32.85,9.81,-2.275,-2.275,67708.2,0,0.00,0.00,5
39102,0.441,0.692,-2.271,-0.855,0.671,202.576,0.000,0.000,0.000,-0.2866,-0.0705,-0.0486,0.9542,2053.18,145.23,-32.81,9.82,-2.271,-2.271,67680.5,0,0.00,0.00,5
39123,0.490,0.661,-2.267,-0.732,0.671,202.209,0.000,0.000,0.000,-0.3201,-0.0723,-0.0462,0.9435,2056.41,144.88,-32.77,9.84,-2.267,-2.267,67633.1,0,0.00,0.00,5
39142,0.536,0.622,-2.264,-0.610,0.793,201.843,0.000,0.000,0.000,-0.3531,-0.0739,-0.0438,0.9316,2059.60,144.51,-32.75,9.86,-2.264,-2.264,67615.0,0,0.00,0.00,5
39162,0.583,0.584,-2.266,-0.610,0.732,201.660,0.000,0.000,0.000,-0.3857,-0.0755,-0.0413,0.9186,2062.84,144.18,-32.78,9.87,-2.266,-2.266,67575.8,0,0.00,0.00,5
39182,0.619,0.543,-2.265,-0.488,0.916,201.355,0.000,0.000,0.000,-0.4177,-0.0770,-0.0388,0.9045,2065.99,143.79,-32.76,9.89,-2.265,-2.265,67566.9,0,0.00,0.00,5
39202,0.657,0.499,-2.262,-0.427,0.977,201.050,0.000,0.000,0.000,-0.4492,-0.0785,-0.0362,0.8893,2069.15,143.40,-32.74,9.91,-2.262,-2.262,67539.0,0,0.00,0.00,5
39222,0.690,0.450,-2.260,-0.427,0.977,200.745,0.000,0.000,0.000,-0.4800,-0.0798,-0.0336,0.8730,2072.33,143.04,-32.72,9.93,-2.260,-2.260,67509.1,0,0.00,0.00,5
39242,0.722,0.402,-2.258,-0.305,1.038,200.317,0.000,0.000,0.000,-0.5102,-0.0811,-0.0309,0.8557,2075.54,142.72,-32.71,9.95,-2.258,-2.258,67472.2,0,0.00,0.00,5
39262,0.748,0.350,-2.257,-0.183,1.099,200.073,0.000,0.000,0.000,-0.5398,-0.0822,-0.0282,0.8373,2078.68,142.34,-32.69,9.97,-2.257,-2.257,67461.4,0,0.00,0.00,5
39282,0.772,0.296,-2.254,-0.122,1.038,199.951,0.000,0.000,0.000,-0.5686,-0.0833,-0.0254,0.8180,2081.87,142.01,-32.67,9.99,-2.254,-2.254,67422.7,0,0.00,0.00,5
39303,0.792,0.240,-2.255,0.000,1.038,199.646,0.000,0.000,0.000,-0.5968,-0.0843,-0.0226,0.7976,2085.04,141.66,-32.68,10.01,-2.255,-2.255,67401.9,0,0.00,0.00,5
39323,0.806,0.186,-2.251,-0.061,1.038,199.402,0.000,0.000,0.000,-0.6242,-0.0852,-0.0197,0.7764,2088.22,141.34,-32.65,10.03,-2.251,-2.251,67369.9,0,0.00,0.00,5
39342,0.819,0.131,-2.250,0.061,1.038,198.975,0.000,0.000,0.000,-0.6507,-0.0859,-0.0169,0.7542,2091.34,140.97,-32.63,10.05,-2.250,-2.250,67358.4,0,0.00,0.00,5
39362,0.828,0.072,-2.249,0.122,1.221,198.669,0.000,0.000,0.000,-0.6765,-0.0866,-0.0140,0.7312,2094.48,140.62,-32.63,10.07,-2.249,-2.249,67324.3,0,0.00,0.00,5
39382,0.829,0.015,-2.248,0.183,1.160,198.486,0.000,0.000,0.000,-0.7014,-0.0872,-0.0111,0.7074,2097.63,140.29,-32.62,10.09,-2.248,-2.248,67297.1,0,0.00,0.00,5
39402,0.829,-0.043,-2.245,0.305,1.038,198.181,0.000,0.000,0.000,-0.7254,-0.0877,-0.0082,0.6827,2100.73,139.92,-32.60,10.11,-2.245,-2.245,67281.9,0,0.00,0.00,5
39422,0.824,-0.102,-2.245,0.366,0.916,197.815,0.000,0.000,0.000,-0.7485,-0.0881,-0.0052,0.6572,2103.89,139.61,-32.60,10.13,-2.245,-2.245,67241.1,0,0.00,0.00,5
39442,0.817,-0.157,-2.241,0.427,0.977,197.632,0.000,0.000,0.000,-0.7707,-0.0884,-0.0023,0.6310,2107.04,139.29,-32.57,10.15,-2.241,-2.241,67217.4,0,0.00,0.00,5
39462,0.806,-0.215,-2.243,0.549,0.916,197.327,0.000,0.000,0.000,-0.7920,-0.0886,0.0007,0.6041,2110.16,138.96,-32.59,10.17,-2.243,-2.243,67196.8,0,0.00,0.00,5
39482,0.789,-0.271,-2.240,0.610,1.038,196.960,0.000,0.000,0.000,-0.8122,-0.0887,0.0037,0.5765,2113.29,138.64,-32.56,10.19,-2.240,-2.240,67166.7,0,0.00,0.00,5
39502,0.768,-0.324,-2.234,0.610,0.977,196.838,0.000,0.000,0.000,-0.8316,-0.0887,0.0067,0.5483,2116.39,138.30,-32.51,10.21,-2.234,-2.234,67148.3,0,0.00,0.00,5
39523,0.744,-0.377,-2.230,0.732,0.793,196.472,0.000,0.000,0.000,-0.8498,-0.0886,0.0096,0.5194,2119.53,138.01,-32.48,10.23,-2.230,-2.230,67111.0,0,0.00,0.00,5
39542,0.719,-0.427,-2.233,0.732,0.793,196.106,0.000,0.000,0.000,-0.8671,-0.0884,0.0126,0.4900,2122.64,137.69,-32.51,10.25,-2.233,-2.233,67092.6,0,0.00,0.00,5
39562,0.687,-0.476,-2.232,0.732,0.732,195.862,0.000,0.000,0.000,-0.8833,-0.0881,0.0156,0.4601,2125.76,137.38,-32.50,10.27,-2.232,-2.232,67065.4,0,0.00,0.00,5
39582,0.654,-0.522,-2.230,0.916,0.793,195.618,0.000,0.000,0.000,-0.8985,-0.0878,0.0185,0.4297,2128.86,137.07,-32.49,10.29,-2.230,-2.230,67040.6,0,0.00,0.00,5
39602,0.618,-0.566,-2.228,0.916,0.671,195.251,0.000,0.000,0.000,-0.9126,-0.0873,0.0215,0.3988,2131.99,136.79,-32.46,10.31,-2.228,-2.228,67009.1,0,0.00,0.00,5
39622,0.579,-0.610,-2.226,0.977,0.610,195.007,0.000,0.000,0.000,-0.9256,-0.0867,0.0244,0.3676,2135.09,136.49,-32.45,10.33,-2.226,-2.226,66988.8,0,0.00,0.00,5
39642,0.534,-0.648,-2.224,1.099,0.549,194.763,0.000,0.000,0.000,-0.9376,-0.0860,0.0273,0.3359,2138.20,136.20,-32.44,10.36,-2.224,-2.224,66960.8,0,0.00,0.00,5
39662,0.494,-0.684,-2.223,1.038,0.427,194.458,0.000,0.000,0.000,-0.9484,-0.0852,0.0302,0.3039,2141.32,135.92,-32.43,10.38,-2.223,-2.223,66933.4,0,0.00,0.00,5
39682,0.444,-0.714,-2.224,1.160,0.488,194.153,0.000,0.000,0.000,-0.9581,-0.0844,0.0331,0.2716,2144.47,135.67,-32.44,10.40,-2.224,-2.224,66899.5,0,0.00,0.00,5
39703,0.392,-0.744,-2.222,1.160,0.366,193.848,0.000,0.000,0.000,-0.9668,-0.0834,0.0359,0.2390,2147.55,135.38,-32.42,10.42,-2.222,-2.222,66886.6,0,0.00,0.00,5
39722,0.344,-0.770,-2.220,1.160,0.366,193.481,0.000,0.000,0.000,-0.9743,-0.0824,0.0387,0.2062,2150.68,135.13,-32.41,10.44,-2.220,-2.220,66852.5,0,0.00,0.00,5
39745,0.291,-0.793,-2.218,1.221,0.122,193.237,0.000,0.000,0.000,-0.9806,-0.0812,0.0415,0.1733,2153.79,134.87,-32.39,10.47,-2.218,-2.218,66828.6,0,0.00,0.00,5
39762,0.238,-0.812,-2.214,1.282,0.061,192.871,0.000,0.000,0.000,-0.9859,-0.0800,0.0442,0.1402,2156.91,134.62,-32.36,10.49,-2.214,-2.214,66801.9,0,0.00,0.00,5
39782,0.182,-0.827,-2.211,1.221,-0.061,192.810,0.000,0.000,0.000,-0.9900,-0.0787,0.0469,0.1069,2159.96,134.31,-32.34,10.51,-2.211,-2.211,66790.4,0,0.00,0.00,5
39802,0.128,-0.837,-2.212,1.221,-0.122,192.444,0.000,0.000,0.000,-0.9931,-0.0773,0.0495,0.0736,2163.06,134.06,-32.34,10.53,-2.212,-2.212,66752.8,0,0.00,0.00,5
39822,0.069,-0.845,-2.210,1.221,-0.061,192.139,0.000,0.000,0.000,-0.9949,-0.0758,0.0521,0.0403,2166.15,133.80,-32.34,10.56,-2.210,-2.210,66730.4,0,0.00,0.00,5
39842,0.012,-0.850,-2.211,1.221,-0.183,191.895,0.000,0.000,0.000,-0.9957,-0.0742,0.0547,0.0069,2169.23,133.53,-32.34,10.58,-2.211,-2.211,66707.0,0,0.00,0.00,5
39862,-0.044,-0.849,-2.205,1.282,-0.366,191.467,0.000,0.000,0.000,-0.9954,-0.0726,0.0572,-0.0263,2172.29,133.25,-32.29,10.60,-2.205,-2.205,66684.0,0,0.00,0.00,5
39882,-0.104,-0.845,-2.204,1.221,-0.244,191.284,0.000,0.000,0.000,-0.9939,-0.0708,0.0596,-0.0595,2175.27,132.90,-32.28,10.62,-2.204,-2.204,66677.9,0,0.00,0.00,5
39903,-0.156,-0.838,-2.200,1.160,-0.488,191.040,0.000,0.000,0.000,-0.9914,-0.0690,0.0620,-0.0926,2178.26,132.57,-32.25,10.65,-2.200,-2.200,66649.3,0,0.00,0.00,5
39922,-0.212,-0.825,-2.202,1.160,-0.549,190.735,0.000,0.000,0.000,-0.9877,-0.0671,0.0644,-0.1256,2181.29,132.28,-32.27,10.67,-2.202,-2.202,66615.2,0,0.00,0.00,5
39942,-0.268,-0.812,-2.205,1.099,-0.732,190.430,0.000,0.000,0.000,-0.9830,-0.0652,0.0666,-0.1583,2184.34,132.02,-32.30,10.70,-2.205,-2.205,66584.5,0,0.00,0.00,5
39962,-0.320,-0.792,-2.200,1.038,-0.671,190.186,0.000,0.000,0.000,-0.9772,-0.0631,0.0689,-0.1908,2187.39,131.77,-32.25,10.72,-2.200,-2.200,66559.0,0,0.00,0.00,5
39982,-0.372,-0.770,-2.195,1.099,-0.671,190.002,0.000,0.000,0.000,-0.9703,-0.0610,0.0710,-0.2231,2190.46,131.53,-32.21,10.74,-2.195,-2.195,66530.4,0,0.00,0.00,5
40002,-0.423,-0.745,-2.197,1.038,-0.793,189.758,0.000,0.000,0.000,-0.9623,-0.0588,0.0731,-0.2551,2193.56,131.33,-32.24,10.76,-2.197,-2.197,66497.3,0,0.00,0.00,5
40022,-0.470,-0.715,-2.193,0.977,-0.916,189.392,0.000,0.000,0.000,-0.9534,-0.0566,0.0751,-0.2868,2196.60,131.08,-32.20,10.79,-2.193,-2.193,66484.5,0,0.00,0.00,5
40042,-0.520,-0.684,-2.189,0.916,-0.977,189.148,0.000,0.000,0.000,-0.9434,-0.0543,0.0770,-0.3181,2199.65,130.84,-32.17,10.81,-2.189,-2.189,66457.9,0,0.00,0.00,5
40062,-0.564,-0.647,-2.190,0.793,-0.977,188.843,0.000,0.000,0.000,-0.9324,-0.0519,0.0789,-0.3490,2202.66,130.57,-32.18,10.84,-2.190,-2.190,66440.3,0,0.00,0.00,5
40082,-0.605,-0.611,-2.192,0.732,-1.038,188.538,0.000,0.000,0.000,-0.9204,-0.0494,0.0807,-0.3795,2205.69,130.32,-32.20,10.86,-2.192,-2.192,66410.9,0,0.00,0.00,5
40103,-0.644,-0.568,-2.188,0.732,-1.160,188.232,0.000,0.000,0.000,-0.9074,-0.0470,0.0824,-0.4095,2208.69,130.05,-32.16,10.88,-2.188,-2.188,66392.0,0,0.00,0.00,5
40122,-0.683,-0.525,-2.187,0.610,-1.160,188.049,0.000,0.000,0.000,-0.8934,-0.0444,0.0840,-0.4390,2211.68,129.77,-32.16,10.91,-2.187,-2.187,66369.4,0,0.00,0.00,5
40142,-0.715,-0.480,-2.186,0.549,-1.221,187.683,0.000,0.000,0.000,-0.8786,-0.0418,0.0856,-0.4680,2214.71,129.54,-32.15,10.93,-2.186,-2.186,66335.4,0,0.00,0.00,5
40162,-0.749,-0.434,-2.184,0.549,-1.282,187.378,0.000,0.000,0.000,-0.8628,-0.0392,0.0871,-0.4965,2217.67,129.25,-32.14,10.96,-2.184,-2.184,66326.4,0,0.00,0.00,5
40182,-0.774,-0.386,-2.180,0.366,-1.160,187.134,0.000,0.000,0.000,-0.8461,-0.0365,0.0884,-0.5244,2220.71,129.04,-32.10,10.98,-2.180,-2.180,66283.2,0,0.00,0.00,5
40202,-0.798,-0.334,-2.180,0.244,-1.343,186.829,0.000,0.000,0.000,-0.8285,-0.0337,0.0898,-0.5517,2223.77,128.84,-32.10,11.00,-2.180,-2.180,66254.1,0,0.00,0.00,5
40222,-0.820,-0.280,-2.177,0.183,-1.404,186.584,0.000,0.000,0.000,-0.8101,-0.0310,0.0910,-0.5784,2226.76,128.59,-32.08,11.03,-2.177,-2.177,66243.7,0,0.00,0.00,5
40242,-0.834,-0.226,-2.179,0.122,-1.282,186.340,0.000,0.000,0.000,-0.7909,-0.0281,0.0921,-0.6044,2229.76,128.35,-32.10,11.05,-2.179,-2.179,66217.6,0,0.00,0.00,5
40262,-0.851,-0.170,-2.177,0.000,-1.282,186.157,0.000,0.000,0.000,-0.7708,-0.0252,0.0932,-0.6297,2232.76,128.12,-32.09,11.08,-2.177,-2.177,66192.5,0,0.00,0.00,5
40282,-0.860,-0.117,-2.171,-0.061,-1.282,185.730,0.000,0.000,0.000,-0.7500,-0.0224,0.0941,-0.6544,2235.79,127.92,-32.03,11.10,-2.171,-2.171,66161.0,0,0.00,0.00,5
40302,-0.866,-0.061,-2.170,-0.061,-1.282,185.364,0.000,0.000,0.000,-0.7284,-0.0194,0.0950,-0.6783,2238.77,127.68,-32.02,11.12,-2.170,-2.170,66146.4,0,0.00,0.00,5
40323,-0.868,-0.004,-2.171,-0.183,-1.404,185.120,0.000,0.000,0.000,-0.7061,-0.0165,0.0957,-0.7014,2241.76,127.45,-32.04,11.15,-2.171,-2.171,66118.6,0,0.00,0.00,5
40342,-0.866,0.051,-2.169,-0.122,-1.343,184.937,0.000,0.000,0.000,-0.6831,-0.0136,0.0964,-0.7238,2244.76,127.24,-32.02,11.17,-2.169,-2.169,66091.8,0,0.00,0.00,5
40362,-0.865,0.107,-2.167,-0.366,-1.343,184.631,0.000,0.000,0.000,-0.6594,-0.0106,0.0970,-0.7455,2247.76,127.03,-32.01,11.20,-2.167,-2.167,66068.2,0,0.00,0.00,5
40382,-0.854,0.162,-2.164,-0.305,-1.282,184.448,0.000,0.000,0.000,-0.6350,-0.0076,0.0974,-0.7663,2250.72,126.78,-31.98,11.22,-2.164,-2.164,66051.8,0,0.00,0.00,5
40402,-0.844,0.221,-2.164,-0.488,-1.343,184.082,0.000,0.000,0.000,-0.6101,-0.0046,0.0979,-0.7863,2253.70,126.56,-31.99,11.24,-2.164,-2.164,66023.8,0,0.00,0.00,5
40422,-0.829,0.271,-2.162,-0.610,-1.404,183.899,0.000,0.000,0.000,-0.5845,-0.0016,0.0982,-0.8054,2256.66,126.32,-31.97,11.27,-2.162,-2.162,66002.4,0,0.00,0.00,5
40442,-0.809,0.322,-2.163,-0.732,-1.160,183.533,0.000,0.000,0.000,-0.5584,0.0015,0.0984,-0.8237,2259.62,126.10,-31.97,11.30,-2.163,-2.163,65977.3,0,0.00,0.00,5
40465,-0.788,0.375,-2.161,-0.671,-1.160,183.350,0.000,0.000,0.000,-0.5317,0.0045,0.0985,-0.8411,2262.57,125.87,-31.96,11.32,-2.161,-2.161,65954.7,0,0.00,0.00,5
40482,-0.764,0.426,-2.156,-0.732,-1.099,183.167,0.000,0.000,0.000,-0.5046,0.0076,0.0985,-0.8577,2265.51,125.62,-31.92,11.34,-2.156,-2.156,65934.1,0,0.00,0.00,5
40503,-0.737,0.476,-2.155,-0.793,-1.099,182.922,0.000,0.000,0.000,-0.4769,0.0106,0.0985,-0.8733,2268.45,125.39,-31.92,11.37,-2.155,-2.155,65909.6,0,0.00,0.00,5
40522,-0.703,0.521,-2.152,-0.977,-1.038,182.434,0.000,0.000,0.000,-0.4489,0.0137,0.0983,-0.8881,2271.44,125.20,-31.89,11.39,-2.152,-2.152,65873.3,0,0.00,0.00,5
40542,-0.670,0.563,-2.155,-1.038,-0.855,182.312,0.000,0.000,0.000,-0.4204,0.0167,0.0980,-0.9019,2274.36,124.96,-31.92,11.42,-2.155,-2.155,65865.0,0,0.00,0.00,5
40562,-0.631,0.607,-2.153,-1.038,-0.855,182.007,0.000,0.000,0.000,-0.3915,0.0198,0.0977,-0.9148,2277.31,124.75,-31.91,11.44,-2.153,-2.153,65832.3,0,0.00,0.00,5
40582,-0.592,0.646,-2.152,-1.160,-0.732,181.763,0.000,0.000,0.000,-0.3623,0.0228,0.0973,-0.9267,2280.21,124.49,-31.90,11.47,-2.152,-2.152,65820.6,0,0.00,0.00,5
40602,-0.551,0.685,-2.150,-0.977,-0.793,181.458,0.000,0.000,0.000,-0.3328,0.0258,0.0967,-0.9377,2283.17,124.30,-31.89,11.49,-2.150,-2.150,65783.5,0,0.00,0.00,5
40622,-0.510,0.716,-2.145,-1.221,-0.671,181.152,0.000,0.000,0.000,-0.3030,0.0288,0.0961,-0.9477,2286.15,124.13,-31.84,11.51,-2.145,-2.145,65754.7,0,0.00,0.00,5
40642,-0.463,0.750,-2.146,-1.221,-0.549,180.908,0.000,0.000,0.000,-0.2729,0.0318,0.0953,-0.9568,2289.08,123.91,-31.86,11.54,-2.146,-2.146,65740.8,0,0.00,0.00,5
40662,-0.414,0.778,-2.145,-1.282,-0.488,180.603,0.000,0.000,0.000,-0.2426,0.0348,0.0945,-0.9649,2292.08,123.76,-31.84,11.56,-2.145,-2.145,65702.4,0,0.00,0.00,5
40682,-0.364,0.802,-2.142,-1.343,-0.427,180.420,0.000,0.000,0.000,-0.2121,0.0377,0.0936,-0.9720,2295.00,123.55,-31.82,11.59,-2.142,-2.142,65694.4,0,0.00,0.00,5
40703,-0.313,0.824,-2.141,-1.343,-0.244,180.054,0.000,0.000,0.000,-0.1814,0.0407,0.0926,-0.9782,2297.92,123.33,-31.82,11.61,-2.141,-2.141,65671.5,0,0.00,0.00,5
40722,-0.263,0.844,-2.138,-1.404,-0.183,179.871,0.000,0.000,0.000,-0.1506,0.0436,0.0916,-0.9834,2300.90,123.18,-31.79,11.64,-2.138,-2.138,65632.6,0,0.00,0.00,5
40742,-0.208,0.860,-2.136,-1.282,-0.183,179.382,0.000,0.000,0.000,-0.1198,0.0464,0.0904,-0.9876,2303.81,122.97,-31.78,11.66,-2.136,-2.136,65624.6,0,0.00,0.00,5
40762,-0.155,0.869,-2.133,-1.343,-0.122,179.382,0.000,0.000,0.000,-0.0888,0.0492,0.0891,-0.9908,2306.76,122.80,-31.74,11.69,-2.133,-2.133,65591.2,0,0.00,0.00,5
40782,-0.100,0.879,-2.133,-1.343,-0.061,178.955,0.000,0.000,0.000,-0.0578,0.0520,0.0878,-0.9931,2309.70,122.62,-31.75,11.71,-2.133,-2.133,65571.4,0,0.00,0.00,5
40802,-0.044,0.885,-2.133,-1.343,0.000,178.772,0.000,0.000,0.000,-0.0268,0.0548,0.0863,-0.9944,2312.66,122.46,-31.76,11.73,-2.133,-2.133,65541.0,0,0.00,0.00,5
40822,0.010,0.887,-2.130,-1.282,0.244,178.467,0.000,0.000,0.000,0.0042,0.0575,0.0848,-0.9947,2315.55,122.24,-31.74,11.76,-2.130,-2.130,65533.0,0,0.00,0.00,5
40842,0.067,0.883,-2.129,-1.282,0.183,178.162,0.000,0.000,0.000,0.0351,0.0601,0.0832,-0.9941,2318.52,122.10,-31.73,11.78,-2.129,-2.129,65492.8,0,0.00,0.00,5
40862,0.122,0.879,-2.126,-1.282,0.366,177.856,0.000,0.000,0.000,0.0659,0.0627,0.0815,-0.9925,2321.43,121.91,-31.70,11.81,-2.126,-2.126,65478.6,0,0.00,0.00,5
40882,0.174,0.873,-2.125,-1.282,0.366,177.673,0.000,0.000,0.000,0.0967,0.0653,0.0798,-0.9900,2324.35,121.73,-31.70,11.83,-2.125,-2.125,65454.6,0,0.00,0.00,5
40903,0.234,0.859,-2.125,-1.343,0.488,177.490,0.000,0.000,0.000,0.1273,0.0678,0.0779,-0.9865,2327.27,121.55,-31.70,11.86,-2.125,-2.125,65432.0,0,0.00,0.00,5
40922,0.285,0.844,-2.120,-1.221,0.610,177.063,0.000,0.000,0.000,0.1577,0.0702,0.0760,-0.9820,2330.18,121.37,-31.66,11.88,-2.120,-2.120,65409.3,0,0.00,0.00,5
40942,0.333,0.826,-2.123,-1.282,0.610,176.880,0.000,0.000,0.000,0.1879,0.0726,0.0741,-0.9767,2333.08,121.18,-31.68,11.91,-2.123,-2.123,65388.3,0,0.00,0.00,5
40962,0.386,0.806,-2.120,-1.099,0.671,176.636,0.000,0.000,0.000,0.2179,0.0749,0.0720,-0.9704,2335.97,120.99,-31.66,11.93,-2.120,-2.120,65364.8,0,0.00,0.00,5
40982,0.436,0.780,-2.120,-1.099,0.610,176.331,0.000,0.000,0.000,0.2477,0.0772,0.0699,-0.9632,2338.83,120.77,-31.67,11.95,-2.120,-2.120,65349.3,0,0.00,0.00,5
41002,0.485,0.752,-2.116,-1.038,0.855,176.086,0.000,0.000,0.000,0.2772,0.0794,0.0677,-0.9551,2341.77,120.64,-31.63,11.97,-2.116,-2.116,65307.4,0,0.00,0.00,5
41022,0.528,0.722,-2.119,-0.977,0.916,175.781,0.000,0.000,0.000,0.3063,0.0815,0.0654,-0.9462,2344.63,120.42,-31.66,12.00,-2.119,-2.119,65303.0,0,0.00,0.00,5
41042,0.573,0.687,-2.113,-0.855,0.977,175.537,0.000,0.000,0.000,0.3352,0.0836,0.0631,-0.9363,2347.46,120.19,-31.61,12.02,-2.113,-2.113,65285.1,0,0.00,0.00,5
41062,0.614,0.650,-2.109,-0.855,1.099,175.293,0.000,0.000,0.000,0.3636,0.0856,0.0607,-0.9256,2350.32,119.99,-31.58,12.05,-2.109,-2.109,65254.2,0,0.00,0.00,5
41082,0.655,0.612,-2.109,-0.732,1.160,175.049,0.000,0.000,0.000,0.3917,0.0876,0.0583,-0.9140,2353.16,119.77,-31.58,12.07,-2.109,-2.109,65235.4,0,0.00,0.00,5
41103,0.691,0.575,-2.110,-0.732,1.221,174.744,0.000,0.000,0.000,0.4194,0.0894,0.0558,-0.9017,2356.01,119.56,-31.60,12.10,-2.110,-2.110,65212.2,0,0.00,0.00,5
41122,0.725,0.530,-2.104,-0.549,1.160,174.561,0.000,0.000,0.000,0.4467,0.0912,0.0532,-0.8884,2358.84,119.35,-31.54,12.12,-2.104,-2.104,65190.7,0,0.00,0.00,5
41142,0.759,0.485,-2.105,-0.549,1.221,174.194,0.000,0.000,0.000,0.4735,0.0930,0.0506,-0.8744,2361.67,119.14,-31.56,12.15,-2.105,-2.105,65168.3,0,0.00,0.00,5
41162,0.787,0.437,-2.108,-0.488,1.282,173.950,0.000,0.000,0.000,0.4998,0.0946,0.0479,-0.8596,2364.49,118.92,-31.59,12.17,-2.108,-2.108,65147.8,0,0.00,0.00,5
41182,0.813,0.391,-2.104,-0.427,1.221,173.889,0.000,0.000,0.000,0.5256,0.0962,0.0452,-0.8441,2367.35,118.74,-31.55,12.20,-2.104,-2.104,65115.5,0,0.00,0.00,5
41205,0.835,0.340,-2.103,-0.244,1.343,173.462,0.000,0.000,0.000,0.5509,0.0977,0.0424,-0.8277,2370.17,118.53,-31.54,12.22,-2.103,-2.103,65100.6,0,0.00,0.00,5
41222,0.854,0.288,-2.099,-0.183,1.343,173.157,0.000,0.000,0.000,0.5757,0.0991,0.0396,-0.8107,2373.05,118.38,-31.51,12.25,-2.099,-2.099,65065.1,0,0.00,0.00,5
41242,0.875,0.237,-2.098,-0.183,1.404,173.035,0.000,0.000,0.000,0.5999,0.1004,0.0368,-0.7929,2375.94,118.24,-31.51,12.28,-2.098,-2.098,65039.4,0,0.00,0.00,5
41262,0.888,0.182,-2.093,-0.122,1.343,172.729,0.000,0.000,0.000,0.6235,0.1017,0.0339,-0.7745,2378.72,118.01,-31.47,12.30,-2.093,-2.093,65040.0,0,0.00,0.00,5
41282,0.895,0.130,-2.096,0.000,1.465,172.424,0.000,0.000,0.000,0.6465,0.1028,0.0309,-0.7553,2381.51,117.78,-31.49,12.33,-2.096,-2.096,65015.5,0,0.00,0.00,5
41302,0.901,0.074,-2.098,0.244,1.465,172.058,0.000,0.000,0.000,0.6689,0.1039,0.0280,-0.7356,2384.33,117.59,-31.51,12.36,-2.098,-2.098,64985.8,0,0.00,0.00,5
41323,0.907,0.020,-2.095,0.183,1.404,171.875,0.000,0.000,0.000,0.6906,0.1049,0.0250,-0.7151,2387.15,117.40,-31.50,12.38,-2.095,-2.095,64962.9,0,0.00,0.00,5
41342,0.909,-0.032,-2.093,0.305,1.343,171.570,0.000,0.000,0.000,0.7117,0.1058,0.0220,-0.6941,2389.98,117.22,-31.48,12.41,-2.093,-2.093,64937.4,0,0.00,0.00,5
41362,0.904,-0.089,-2.091,0.366,1.282,171.387,0.000,0.000,0.000,0.7321,0.1066,0.0189,-0.6725,2392.74,116.99,-31.47,12.43,-2.091,-2.091,64928.6,0,0.00,0.00,5
41382,0.898,-0.143,-2.087,0.427,1.404,171.143,0.000,0.000,0.000,0.7519,0.1074,0.0158,-0.6503,2395.51,116.77,-31.43,12.46,-2.087,-2.087,64905.0,0,0.00,0.00,5
41402,0.888,-0.197,-2.088,0.488,1.404,171.021,0.000,0.000,0.000,0.7709,0.1080,0.0128,-0.6276,2398.31,116.58,-31.45,12.49,-2.088,-2.088,64875.4,0,0.00,0.00,5
41422,0.877,-0.252,-2.085,0.671,1.343,170.532,0.000,0.000,0.000,0.7892,0.1086,0.0096,-0.6044,2401.12,116.40,-31.42,12.52,-2.085,-2.085,64851.8,0,0.00,0.00,5
41442,0.863,-0.300,-2.084,0.732,1.221,170.349,0.000,0.000,0.000,0.8068,0.1091,0.0065,-0.5806,2403.89,116.19,-31.42,12.54,-2.084,-2.084,64836.3,0,0.00,0.00,5
41462,0.843,-0.354,-2.081,0.732,1.160,170.105,0.000,0.000,0.000,0.8237,0.1094,0.0033,-0.5564,2406.70,116.02,-31.39,12.57,-2.081,-2.081,64806.7,0,0.00,0.00,5
41482,0.823,-0.405,-2.080,0.855,1.282,169.922,0.000,0.000,0.000,0.8398,0.1097,0.0002,-0.5317,2409.51,115.85,-31.39,12.60,-2.080,-2.080,64782.7,0,0.00,0.00,5
41503,0.798,-0.454,-2.079,0.977,1.099,169.556,0.000,0.000,0.000,0.8551,0.1099,-0.0030,-0.5066,2412.27,115.64,-31.38,12.63,-2.079,-2.079,64771.4,0,0.00,0.00,5
41522,0.770,-0.500,-2.081,1.099,0.977,169.373,0.000,0.000,0.000,0.8697,0.1100,-0.0062,-0.4811,2415.05,115.46,-31.41,12.65,-2.081,-2.081,64743.0,0,0.00,0.00,5
41542,0.738,-0.546,-2.072,1.160,1.038,169.006,0.000,0.000,0.000,0.8835,0.1101,-0.0094,-0.4552,2417.84,115.28,-31.33,12.68,-2.072,-2.072,64720.5,0,0.00,0.00,5
41562,0.706,-0.589,-2.076,1.099,0.977,168.823,0.000,0.000,0.000,0.8965,0.1100,-0.0125,-0.4290,2420.61,115.09,-31.37,12.71,-2.076,-2.076,64700.0,0,0.00,0.00,5
41582,0.672,-0.627,-2.075,1.221,0.916,168.579,0.000,0.000,0.000,0.9087,0.1098,-0.0157,-0.4024,2423.32,114.85,-31.35,12.74,-2.075,-2.075,64692.5,0,0.00,0.00,5
41602,0.635,-0.669,-2.073,1.221,0.916,168.335,0.000,0.000,0.000,0.9201,0.1096,-0.0189,-0.3755,2426.08,114.66,-31.34,12.77,-2.073,-2.073,64658.2,0,0.00,0.00,5
41622,0.594,-0.708,-2.071,1.343,0.671,167.969,0.000,0.000,0.000,0.9307,0.1092,-0.0220,-0.3484,2428.82,114.45,-31.34,12.80,-2.071,-2.071,64641.0,0,0.00,0.00,5
41642,0.551,-0.741,-2.071,1.343,0.793,167.786,0.000,0.000,0.000,0.9405,0.1088,-0.0252,-0.3210,2431.59,114.28,-31.33,12.83,-2.071,-2.071,64611.2,0,0.00,0.00,5
41662,0.510,-0.772,-2.069,1.404,0.549,167.419,0.000,0.000,0.000,0.9494,0.1083,-0.0283,-0.2934,2434.34,114.10,-31.32,12.86,-2.069,-2.069,64593.0,0,0.00,0.00,5
41682,0.464,-0.802,-2.064,1.404,0.427,167.236,0.000,0.000,0.000,0.9576,0.1077,-0.0315,-0.2655,2437.07,113.90,-31.28,12.88,-2.064,-2.064,64575.4,0,0.00,0.00,5
41703,0.418,-0.829,-2.065,1.526,0.366,167.053,0.000,0.000,0.000,0.9649,0.1070,-0.0346,-0.2375,2439.81,113.70,-31.29,12.91,-2.065,-2.065,64552.6,0,0.00,0.00,5
41722,0.367,-0.850,-2.063,1.587,0.427,166.870,0.000,0.000,0.000,0.9713,0.1062,-0.0377,-0.2093,2442.56,113.53,-31.27,12.94,-2.063,-2.063,64526.4,0,0.00,0.00,5
41742,0.316,-0.875,-2.062,1.526,0.366,166.504,0.000,0.000,0.000,0.9770,0.1054,-0.0408,-0.1810,2445.30,113.34,-31.27,12.97,-2.062,-2.062,64507.4,0,0.00,0.00,5
41762,0.263,-0.892,-2.062,1.648,0.305,166.260,0.000,0.000,0.000,0.9818,0.1044,-0.0438,-0.1525,2448.03,113.16,-31.28,13.00,-2.062,-2.062,64486.1,0,0.00,0.00,5
41782,0.215,-0.906,-2.060,1.587,0.122,166.016,0.000,0.000,0.000,0.9858,0.1034,-0.0469,-0.1240,2450.76,112.97,-31.26,13.03,-2.060,-2.060,64465.9,0,0.00,0.00,5
41802,0.162,-0.917,-2.057,1.587,-0.061,165.833,0.000,0.000,0.000,0.9889,0.1022,-0.0499,-0.0954,2453.47,112.77,-31.24,13.06,-2.057,-2.057,64447.7,0,0.00,0.00,5
41822,0.108,-0.927,-2.056,1.587,-0.122,165.527,0.000,0.000,0.000,0.9912,0.1010,-0.0528,-0.0668,2456.19,112.58,-31.23,13.09,-2.056,-2.056,64422.7,0,0.00,0.00,5
41842,0.054,-0.935,-2.053,1.587,-0.305,165.283,0.000,0.000,0.000,0.9927,0.0997,-0.0558,-0.0382,2458.91,112.40,-31.21,13.13,-2.053,-2.053,64401.0,0,0.00,0.00,5
41862,0.000,-0.934,-2.053,1.526,-0.061,164.917,0.000,0.000,0.000,0.9934,0.0984,-0.0587,-0.0096,2461.60,112.19,-31.21,13.15,-2.053,-2.053,64385.9,0,0.00,0.00,5
41882,-0.056,-0.935,-2.055,1.526,-0.305,164.734,0.000,0.000,0.000,0.9932,0.0969,-0.0615,0.0190,2464.30,112.00,-31.24,13.18,-2.055,-2.055,64360.3,0,0.00,0.00,5
41903,-0.108,-0.932,-2.049,1.526,-0.488,164.429,0.000,0.000,0.000,0.9922,0.0954,-0.0643,0.0474,2467.03,111.84,-31.19,13.21,-2.049,-2.049,64333.0,0,0.00,0.00,5
41922,-0.163,-0.925,-2.048,1.587,-0.488,164.185,0.000,0.000,0.000,0.9904,0.0938,-0.0671,0.0759,2469.76,111.68,-31.18,13.24,-2.048,-2.048,64311.7,0,0.00,0.00,5
41945,-0.215,-0.915,-2.044,1.465,-0.671,163.818,0.000,0.000,0.000,0.9878,0.0921,-0.0699,0.1041,2472.44,111.48,-31.15,13.27,-2.044,-2.044,64300.0,0,0.00,0.00,5
41962,-0.266,-0.902,-2.047,1.465,-0.671,163.818,0.000,0.000,0.000,0.9844,0.0903,-0.0726,0.1323,2475.11,111.27,-31.18,13.30,-2.047,-2.047,64280.5,0,0.00,0.00,5
41982,-0.318,-0.886,-2.046,1.465,-0.855,163.391,0.000,0.000,0.000,0.9802,0.0885,-0.0752,0.1603,2477.79,111.07,-31.18,13.34,-2.046,-2.046,64258.2,0,0.00,0.00,5
42002,-0.367,-0.867,-2.044,1.465,-0.916,163.208,0.000,0.000,0.000,0.9752,0.0866,-0.0778,0.1882,2480.51,110.92,-31.16,13.37,-2.044,-2.044,64226.4,0,0.00,0.00,5
42022,-0.416,-0.847,-2.042,1.465,-0.977,163.025,0.000,0.000,0.000,0.9694,0.0846,-0.0804,0.2159,2483.15,110.70,-31.14,13.40,-2.042,-2.042,64221.3,0,0.00,0.00,5
42042,-0.465,-0.823,-2.041,1.343,-1.038,162.720,0.000,0.000,0.000,0.9629,0.0825,-0.0829,0.2433,2485.81,110.50,-31.14,13.43,-2.041,-2.041,64195.8,0,0.00,0.00,5
42062,-0.515,-0.796,-2.036,1.221,-1.038,162.537,0.000,0.000,0.000,0.9556,0.0804,-0.0853,0.2705,2488.47,110.30,-31.10,13.46,-2.036,-2.036,64174.1,0,0.00,0.00,5
42082,-0.556,-0.765,-2.037,1.221,-1.160,162.292,0.000,0.000,0.000,0.9475,0.0782,-0.0877,0.2975,2491.16,110.13,-31.11,13.49,-2.037,-2.037,64147.5,0,0.00,0.00,5
42102,-0.601,-0.732,-2.033,1.099,-1.282,161.987,0.000,0.000,0.000,0.9387,0.0760,-0.0900,0.3241,2493.83,109.95,-31.08,13.53,-2.033,-2.033,64128.5,0,0.00,0.00,5
42123,-0.641,-0.700,-2.033,1.038,-1.282,161.682,0.000,0.000,0.000,0.9291,0.0736,-0.0923,0.3505,2496.45,109.73,-31.08,13.56,-2.033,-2.033,64118.7,0,0.00,0.00,5
42142,-0.680,-0.663,-2.029,0.977,-1.404,161.499,0.000,0.000,0.000,0.9188,0.0712,-0.0945,0.3765,2499.09,109.52,-31.05,13.59,-2.029,-2.029,64093.6,0,0.00,0.00,5
42162,-0.717,-0.624,-2.032,0.916,-1.526,161.194,0.000,0.000,0.000,0.9078,0.0688,-0.0966,0.4022,2501.73,109.33,-31.08,13.62,-2.032,-2.032,64071.0,0,0.00,0.00,5
42182,-0.754,-0.585,-2.030,0.916,-1.465,161.011,0.000,0.000,0.000,0.8962,0.0663,-0.0987,0.4275,2504.36,109.13,-31.08,13.66,-2.030,-2.030,64051.8,0,0.00,0.00,5
42202,-0.784,-0.542,-2.026,0.793,-1.526,160.706,0.000,0.000,0.000,0.8838,0.0638,-0.1007,0.4525,2507.02,108.95,-31.04,13.69,-2.026,-2.026,64026.7,0,0.00,0.00,5
42222,-0.817,-0.497,-2.027,0.793,-1.526,160.645,0.000,0.000,0.000,0.8707,0.0612,-0.1026,0.4771,2509.62,108.73,-31.06,13.72,-2.027,-2.027,64015.2,0,0.00,0.00,5
42242,-0.840,-0.451,-2.024,0.549,-1.587,160.278,0.000,0.000,0.000,0.8570,0.0585,-0.1045,0.5012,2512.22,108.52,-31.02,13.75,-2.024,-2.024,63994.4,0,0.00,0.00,5
42262,-0.866,-0.404,-2.024,0.549,-1.770,159.973,0.000,0.000,0.000,0.8426,0.0558,-0.1063,0.5249,2514.85,108.32,-31.04,13.79,-2.024,-2.024,63969.4,0,0.00,0.00,5
42282,-0.888,-0.354,-2.024,0.427,-1.709,159.729,0.000,0.000,0.000,0.8276,0.0530,-0.1080,0.5482,2517.53,108.18,-31.04,13.82,-2.024,-2.024,63936.2,0,0.00,0.00,5
42302,-0.909,-0.304,-2.019,0.366,-1.892,159.546,0.000,0.000,0.000,0.8120,0.0502,-0.1097,0.5710,2520.13,107.98,-31.00,13.86,-2.019,-2.019,63931.0,0,0.00,0.00,5
42323,-0.924,-0.255,-2.022,0.244,-1.770,159.241,0.000,0.000,0.000,0.7958,0.0474,-0.1113,0.5933,2522.71,107.75,-31.03,13.89,-2.022,-2.022,63914.4,0,0.00,0.00,5
42342,-0.939,-0.203,-2.020,0.183,-1.953,159.058,0.000,0.000,0.000,0.7790,0.0445,-0.1128,0.6152,2525.34,107.59,-31.01,13.93,-2.020,-2.020,63882.6,0,0.00,0.00,5
42362,-0.951,-0.151,-2.016,0.061,-1.648,158.813,0.000,0.000,0.000,0.7616,0.0415,-0.1142,0.6365,2527.89,107.34,-30.98,13.96,-2.016,-2.016,63879.4,0,0.00,0.00,5
42382,-0.957,-0.098,-2.015,0.000,-1.648,158.447,0.000,0.000,0.000,0.7437,0.0385,-0.1155,0.6573,2530.48,107.14,-30.98,13.99,-2.015,-2.015,63850.2,0,0.00,0.00,5
42402,-0.962,-0.047,-2.015,-0.122,-1.831,158.264,0.000,0.000,0.000,0.7252,0.0355,-0.1168,0.6776,2533.07,106.94,-30.98,14.02,-2.015,-2.015,63829.3,0,0.00,0.00,5
42422,-0.964,0.008,-2.011,-0.122,-1.770,157.959,0.000,0.000,0.000,0.7062,0.0325,-0.1179,0.6973,2535.63,106.72,-30.95,14.05,-2.011,-2.011,63815.2,0,0.00,0.00,5
42442,-0.964,0.064,-2.012,-0.305,-1.770,157.837,0.000,0.000,0.000,0.6867,0.0294,-0.1190,0.7165,2538.19,106.50,-30.97,14.09,-2.012,-2.012,63793.4,0,0.00,0.00,5
42462,-0.958,0.114,-2.008,-0.427,-1.831,157.593,0.000,0.000,0.000,0.6667,0.0263,-0.1201,0.7351,2540.83,106.37,-30.93,14.12,-2.008,-2.008,63755.2,0,0.00,0.00,5
42482,-0.954,0.167,-2.012,-0.610,-1.770,157.227,0.000,0.000,0.000,0.6463,0.0232,-0.1210,0.7531,2543.36,106.13,-30.98,14.16,-2.012,-2.012,63758.4,0,0.00,0.00,5
42503,-0.941,0.221,-2.010,-0.488,-1.709,156.982,0.000,0.000,0.000,0.6254,0.0200,-0.1219,0.7705,2545.91,105.90,-30.96,14.19,-2.010,-2.010,63735.5,0,0.00,0.00,5
42522,-0.933,0.272,-2.006,-0.610,-1.587,156.860,0.000,0.000,0.000,0.6040,0.0168,-0.1226,0.7873,2548.50,105.73,-30.94,14.22,-2.006,-2.006,63703.8,0,0.00,0.00,5
42542,-0.914,0.319,-2.003,-0.793,-1.648,156.494,0.000,0.000,0.000,0.5823,0.0136,-0.1233,0.8035,2551.06,105.53,-30.90,14.26,-2.003,-2.003,63691.0,0,0.00,0.00,5
42562,-0.899,0.373,-1.999,-0.916,-1.648,156.250,0.000,0.000,0.000,0.5601,0.0104,-0.1240,0.8190,2553.60,105.33,-30.87,14.29,-1.999,-1.999,63672.8,0,0.00,0.00,5
42582,-0.876,0.421,-2.003,-0.916,-1.526,156.067,0.000,0.000,0.000,0.5376,0.0071,-0.1245,0.8339,2556.18,105.15,-30.92,14.32,-2.003,-2.003,63644.8,0,0.00,0.00,5
42602,-0.853,0.468,-2.001,-1.038,-1.465,155.823,0.000,0.000,0.000,0.5147,0.0039,-0.1249,0.8482,2558.73,104.95,-30.91,14.36,-2.001,-2.001,63631.8,0,0.00,0.00,5
42622,-0.828,0.515,-1.998,-1.099,-1.343,155.640,0.000,0.000,0.000,0.4914,0.0006,-0.1252,0.8619,2561.30,104.78,-30.88,14.39,-1.998,-1.998,63605.0,0,0.00,0.00,5
42642,-0.800,0.559,-1.999,-1.221,-1.404,155.395,0.000,0.000,0.000,0.4679,-0.0027,-0.1255,0.8748,2563.80,104.54,-30.89,14.43,-1.999,-1.999,63601.0,0,0.00,0.00,5
42662,-0.768,0.600,-1.996,-1.160,-1.404,155.090,0.000,0.000,0.000,0.4440,-0.0060,-0.1257,0.8871,2566.30,104.31,-30.87,14.46,-1.996,-1.996,63580.5,0,0.00,0.00,5
42685,-0.734,0.644,-1.995,-1.343,-1.282,154.907,0.000,0.000,0.000,0.4198,-0.0093,-0.1258,0.8988,2568.84,104.12,-30.86,14.49,-1.995,-1.995,63551.5,0,0.00,0.00,5
42702,-0.699,0.682,-1.991,-1.404,-1.221,154.663,0.000,0.000,0.000,0.3954,-0.0126,-0.1258,0.9098,2571.39,103.95,-30.83,14.53,-1.991,-1.991,63527.4,0,0.00,0.00,5
42723,-0.662,0.720,-1.992,-1.465,-1.160,154.419,0.000,0.000,0.000,0.3707,-0.0159,-0.1257,0.9201,2573.95,103.78,-30.85,14.56,-1.992,-1.992,63507.4,0,0.00,0.00,5
42742,-0.623,0.756,-1.990,-1.465,-0.977,154.114,0.000,0.000,0.000,0.3458,-0.0192,-0.1256,0.9297,2576.52,103.63,-30.84,14.59,-1.990,-1.990,63483.4,0,0.00,0.00,5
42762,-0.582,0.792,-1.989,-1.648,-1.099,153.870,0.000,0.000,0.000,0.3207,-0.0225,-0.1253,0.9386,2579.03,103.43,-30.83,14.63,-1.989,-1.989,63475.7,0,0.00,0.00,5
42782,-0.542,0.820,-1.985,-1.587,-0.916,153.687,0.000,0.000,0.000,0.2954,-0.0258,-0.1250,0.9468,2581.54,103.23,-30.80,14.66,-1.985,-1.985,63456.2,0,0.00,0.00,5
42802,-0.495,0.850,-1.988,-1.648,-0.916,153.320,0.000,0.000,0.000,0.2699,-0.0291,-0.1246,0.9543,2583.99,102.98,-30.84,14.70,-1.988,-1.988,63447.8,0,0.00,0.00,5
42822,-0.450,0.876,-1.985,-1.709,-0.732,153.137,0.000,0.000,0.000,0.2443,-0.0323,-0.1241,0.9612,2586.49,102.77,-30.81,14.73,-1.985,-1.985,63419.2,0,0.00,0.00,5
42842,-0.403,0.898,-1.983,-1.709,-0.549,152.954,0.000,0.000,0.000,0.2186,-0.0356,-0.1235,0.9673,2588.98,102.57,-30.79,14.77,-1.983,-1.983,63398.4,0,0.00,0.00,5
42862,-0.352,0.920,-1.979,-1.709,-0.488,152.710,0.000,0.000,0.000,0.1927,-0.0389,-0.1228,0.9728,2591.50,102.40,-30.76,14.80,-1.979,-1.979,63374.7,0,0.00,0.00,5
42882,-0.303,0.939,-1.977,-1.831,-0.427,152.527,0.000,0.000,0.000,0.1667,-0.0421,-0.1220,0.9775,2593.95,102.16,-30.75,14.84,-1.977,-1.977,63368.5,0,0.00,0.00,5
42903,-0.254,0.955,-1.981,-1.892,-0.305,152.161,0.000,0.000,0.000,0.1407,-0.0453,-0.1212,0.9816,2596.43,101.95,-30.80,14.87,-1.981,-1.981,63342.4,0,0.00,0.00,5
42922,-0.203,0.967,-1.979,-1.831,-0.244,152.039,0.000,0.000,0.000,0.1146,-0.0485,-0.1203,0.9849,2598.90,101.75,-30.78,14.91,-1.979,-1.979,63322.9,0,0.00,0.00,5
42942,-0.154,0.977,-1.974,-1.892,-0.122,151.733,0.000,0.000,0.000,0.0884,-0.0517,-0.1193,0.9876,2601.36,101.53,-30.73,14.94,-1.974,-1.974,63307.5,0,0.00,0.00,5
42962,-0.102,0.988,-1.973,-1.770,0.000,151.550,0.000,0.000,0.000,0.0623,-0.0549,-0.1182,0.9895,2603.81,101.32,-30.73,14.98,-1.973,-1.973,63287.8,0,0.00,0.00,5
42982,-0.050,0.991,-1.971,-1.892,-0.061,151.245,0.000,0.000,0.000,0.0361,-0.0580,-0.1170,0.9908,2606.23,101.08,-30.72,15.01,-1.971,-1.971,63275.4,0,0.00,0.00,5
43002,0.004,0.994,-1.968,-1.831,0.244,151.062,0.000,0.000,0.000,0.0100,-0.0611,-0.1158,0.9913,2608.69,100.87,-30.70,15.05,-1.968,-1.968,63248.8,0,0.00,0.00,5
43022,0.057,0.993,-1.969,-1.953,0.244,150.757,0.000,0.000,0.000,-0.0161,-0.0642,-0.1145,0.9912,2611.14,100.67,-30.72,15.08,-1.969,-1.969,63228.5,0,0.00,0.00,5
43042,0.110,0.988,-1.968,-1.831,0.366,150.574,0.000,0.000,0.000,-0.0422,-0.0673,-0.1130,0.9904,2613.62,100.50,-30.71,15.12,-1.968,-1.968,63204.2,0,0.00,0.00,5
43062,0.160,0.983,-1.968,-1.770,0.427,150.208,0.000,0.000,0.000,-0.0681,-0.0703,-0.1115,0.9889,2616.12,100.34,-30.71,15.15,-1.968,-1.968,63179.8,0,0.00,0.00,5
43082,0.212,0.974,-1.965,-1.770,0.610,150.024,0.000,0.000,0.000,-0.0940,-0.0732,-0.1100,0.9868,2618.57,100.15,-30.69,15.19,-1.965,-1.965,63170.9,0,0.00,0.00,5
43103,0.262,0.964,-1.965,-1.770,0.610,149.719,0.000,0.000,0.000,-0.1197,-0.0762,-0.1083,0.9839,2620.97,99.91,-30.69,15.22,-1.965,-1.965,63161.4,0,0.00,0.00,5
43122,0.312,0.948,-1.966,-1.770,0.793,149.658,0.000,0.000,0.000,-0.1454,-0.0791,-0.1066,0.9804,2623.41,99.71,-30.71,15.26,-1.966,-1.966,63134.6,0,0.00,0.00,5
43142,0.365,0.933,-1.962,-1.709,0.855,149.353,0.000,0.000,0.000,-0.1709,-0.0819,-0.1049,0.9763,2625.86,99.52,-30.68,15.29,-1.962,-1.962,63112.0,0,0.00,0.00,5
43162,0.414,0.914,-1.958,-1.526,0.916,149.170,0.000,0.000,0.000,-0.1963,-0.0847,-0.1030,0.9714,2628.30,99.33,-30.65,15.33,-1.958,-1.958,63095.4,0,0.00,0.00,5
43182,0.459,0.889,-1.954,-1.587,0.916,148.926,0.000,0.000,0.000,-0.2214,-0.0875,-0.1010,0.9660,2630.72,99.13,-30.61,15.36,-1.954,-1.954,63078.6,0,0.00,0.00,5
43202,0.506,0.866,-1.959,-1.526,1.221,148.621,0.000,0.000,0.000,-0.2464,-0.0902,-0.0990,0.9599,2633.19,98.98,-30.67,15.40,-1.959,-1.959,63049.0,0,0.00,0.00,5
43222,0.553,0.840,-1.954,-1.404,1.221,148.438,0.000,0.000,0.000,-0.2712,-0.0929,-0.0970,0.9531,2635.60,98.77,-30.63,15.43,-1.954,-1.954,63043.5,0,0.00,0.00,5
43242,0.594,0.811,-1.953,-1.404,1.282,148.254,0.000,0.000,0.000,-0.2958,-0.0955,-0.0948,0.9457,2637.98,98.55,-30.62,15.47,-1.953,-1.953,63028.2,0,0.00,0.00,5
43262,0.640,0.779,-1.952,-1.465,1.343,147.949,0.000,0.000,0.000,-0.3201,-0.0981,-0.0926,0.9377,2640.41,98.36,-30.63,15.51,-1.952,-1.952,63000.3,0,0.00,0.00,5
43282,0.678,0.746,-1.950,-1.282,1.282,147.766,0.000,0.000,0.000,-0.3441,-0.1006,-0.0904,0.9291,2642.82,98.16,-30.61,15.54,-1.950,-1.950,62986.1,0,0.00,0.00,5
43303,0.713,0.710,-1.948,-1.343,1.404,147.522,0.000,0.000,0.000,-0.3679,-0.1030,-0.0880,0.9199,2645.22,97.97,-30.59,15.58,-1.948,-1.948,62966.2,0,0.00,0.00,5
43322,0.753,0.674,-1.950,-1.282,1.648,147.339,0.000,0.000,0.000,-0.3915,-0.1054,-0.0857,0.9101,2647.64,97.79,-30.62,15.62,-1.950,-1.950,62945.3,0,0.00,0.00,5
43342,0.788,0.636,-1.945,-1.099,1.709,147.034,0.000,0.000,0.000,-0.4147,-0.1078,-0.0832,0.8997,2650.01,97.57,-30.58,15.65,-1.945,-1.945,62934.2,0,0.00,0.00,5
43362,0.821,0.596,-1.944,-1.038,1.648,146.790,0.000,0.000,0.000,-0.4376,-0.1101,-0.0807,0.8888,2652.40,97.37,-30.58,15.69,-1.944,-1.944,62913.8,0,0.00,0.00,5
43382,0.852,0.549,-1.945,-0.793,1.709,146.545,0.000,0.000,0.000,-0.4602,-0.1123,-0.0781,0.8772,2654.76,97.15,-30.60,15.73,-1.945,-1.945,62898.4,0,0.00,0.00,5
43402,0.878,0.508,-1.944,-0.793,1.709,146.423,0.000,0.000,0.000,-0.4824,-0.1145,-0.0755,0.8651,2657.12,96.93,-30.59,15.76,-1.944,-1.944,62880.5,0,0.00,0.00,5
43425,0.903,0.460,-1.942,-0.732,1.831,146.118,0.000,0.000,0.000,-0.5043,-0.1166,-0.0728,0.8525,2659.50,96.74,-30.58,15.80,-1.942,-1.942,62856.6,0,0.00,0.00,5
43442,0.929,0.418,-1.936,-0.610,1.648,145.813,0.000,0.000,0.000,-0.5258,-0.1186,-0.0701,0.8394,2661.94,96.60,-30.53,15.83,-1.936,-1.936,62825.9,0,0.00,0.00,5
43462,0.947,0.369,-1.938,-0.549,1.892,145.569,0.000,0.000,0.000,-0.5470,-0.1205,-0.0673,0.8257,2664.31,96.40,-30.55,15.87,-1.938,-1.938,62822.4,0,0.00,0.00,5
43482,0.967,0.322,-1.938,-0.366,1.953,145.447,0.000,0.000,0.000,-0.5677,-0.1225,-0.0645,0.8115,2666.71,96.24,-30.55,15.91,-1.938,-1.938,62795.0,0,0.00,0.00,5
43502,0.985,0.271,-1.935,-0.366,1.770,145.142,0.000,0.000,0.000,-0.5881,-0.1243,-0.0616,0.7968,2669.07,96.04,-30.53,15.94,-1.935,-1.935,62785.6,0,0.00,0.00,5
43522,0.999,0.221,-1.930,-0.122,2.014,144.897,0.000,0.000,0.000,-0.6080,-0.1261,-0.0586,0.7817,2671.49,95.90,-30.49,15.98,-1.930,-1.930,62753.9,0,0.00,0.00,5
43542,1.011,0.172,-1.931,0.000,1.892,144.653,0.000,0.000,0.000,-0.6275,-0.1278,-0.0556,0.7660,2673.83,95.69,-30.51,16.02,-1.931,-1.931,62752.2,0,0.00,0.00,5
43562,1.019,0.119,-1.933,-0.061,1.953,144.409,0.000,0.000,0.000,-0.6466,-0.1294,-0.0526,0.7499,2676.21,95.51,-30.54,16.06,-1.933,-1.933,62725.4,0,0.00,0.00,5
43582,1.025,0.069,-1.928,0.122,2.014,144.226,0.000,0.000,0.000,-0.6653,-0.1309,-0.0495,0.7334,2678.51,95.27,-30.50,16.09,-1.928,-1.928,62721.4,0,0.00,0.00,5
43602,1.028,0.015,-1.928,0.122,1.953,143.982,0.000,0.000,0.000,-0.6835,-0.1324,-0.0465,0.7164,2680.89,95.11,-30.50,16.13,-1.928,-1.928,62687.0,0,0.00,0.00,5
43622,1.029,-0.033,-1.926,0.305,1.953,143.799,0.000,0.000,0.000,-0.7012,-0.1338,-0.0433,0.6990,2683.26,94.94,-30.49,16.17,-1.926,-1.926,62670.4,0,0.00,0.00,5
43642,1.027,-0.088,-1.920,0.305,1.953,143.555,0.000,0.000,0.000,-0.7185,-0.1351,-0.0402,0.6811,2685.52,94.68,-30.44,16.20,-1.920,-1.920,62674.7,0,0.00,0.00,5
43662,1.020,-0.139,-1.923,0.427,1.953,143.372,0.000,0.000,0.000,-0.7352,-0.1363,-0.0370,0.6629,2687.85,94.48,-30.47,16.24,-1.923,-1.923,62642.4,0,0.00,0.00,5
43682,1.014,-0.190,-1.923,0.610,1.892,143.066,0.000,0.000,0.000,-0.7515,-0.1375,-0.0337,0.6443,2690.17,94.27,-30.48,16.28,-1.923,-1.923,62626.1,0,0.00,0.00,5
43703,1.002,-0.243,-1.918,0.793,1.892,142.822,0.000,0.000,0.000,-0.7673,-0.1386,-0.0304,0.6254,2692.55,94.13,-30.44,16.32,-1.918,-1.918,62593.8,0,0.00,0.00,5
43722,0.994,-0.289,-1.918,0.793,1.892,142.578,0.000,0.000,0.000,-0.7826,-0.1397,-0.0271,0.6060,2694.86,93.93,-30.44,16.36,-1.918,-1.918,62589.8,0,0.00,0.00,5
43742,0.979,-0.340,-1.918,0.916,1.831,142.395,0.000,0.000,0.000,-0.7974,-0.1406,-0.0238,0.5864,2697.12,93.68,-30.46,16.40,-1.918,-1.918,62581.4,0,0.00,0.00,5
43762,0.960,-0.389,-1.916,0.977,1.770,142.212,0.000,0.000,0.000,-0.8117,-0.1415,-0.0205,0.5663,2699.37,93.43,-30.44,16.44,-1.916,-1.916,62566.7,0,0.00,0.00,5
43782,0.942,-0.440,-1.912,1.160,1.709,141.907,0.000,0.000,0.000,-0.8254,-0.1423,-0.0171,0.5460,2701.64,93.19,-30.42,16.48,-1.912,-1.912,62544.6,0,0.00,0.00,5
43802,0.921,-0.486,-1.911,1.282,1.709,141.724,0.000,0.000,0.000,-0.8386,-0.1430,-0.0137,0.5254,2703.95,93.01,-30.41,16.52,-1.911,-1.911,62516.8,0,0.00,0.00,5
43822,0.895,-0.533,-1.909,1.221,1.648,141.418,0.000,0.000,0.000,-0.8513,-0.1436,-0.0103,0.5045,2706.23,92.79,-30.40,16.56,-1.909,-1.909,62505.4,0,0.00,0.00,5
43842,0.871,-0.575,-1.907,1.221,1.648,141.174,0.000,0.000,0.000,-0.8634,-0.1442,-0.0069,0.4834,2708.51,92.58,-30.39,16.60,-1.907,-1.907,62487.2,0,0.00,0.00,5
43862,0.841,-0.621,-1.907,1.343,1.648,141.052,0.000,0.000,0.000,-0.8750,-0.1446,-0.0035,0.4619,2710.82,92.42,-30.40,16.64,-1.907,-1.907,62461.1,0,0.00,0.00,5
43882,0.811,-0.660,-1.905,1.587,1.343,140.808,0.000,0.000,0.000,-0.8861,-0.1450,0.0000,0.4403,2713.09,92.20,-30.38,16.68,-1.905,-1.905,62453.3,0,0.00,0.00,5
43903,0.778,-0.701,-1.906,1.587,1.404,140.564,0.000,0.000,0.000,-0.8966,-0.1453,0.0035,0.4184,2715.38,92.01,-30.40,16.72,-1.906,-1.906,62431.0,0,0.00,0.00,5
43922,0.744,-0.739,-1.898,1.648,1.282,140.320,0.000,0.000,0.000,-0.9065,-0.1455,0.0070,0.3963,2717.70,91.86,-30.33,16.76,-1.898,-1.898,62405.9,0,0.00,0.00,5
43942,0.708,-0.777,-1.900,1.709,1.221,140.076,0.000,0.000,0.000,-0.9159,-0.1457,0.0104,0.3739,2719.95,91.64,-30.36,16.80,-1.900,-1.900,62401.3,0,0.00,0.00,5
43962,0.669,-0.812,-1.898,1.892,1.221,139.893,0.000,0.000,0.000,-0.9247,-0.1458,0.0139,0.3514,2722.23,91.45,-30.35,16.84,-1.898,-1.898,62378.7,0,0.00,0.00,5
43982,0.631,-0.844,-1.900,1.831,1.038,139.709,0.000,0.000,0.000,-0.9329,-0.1458,0.0174,0.3288,2724.51,91.27,-30.38,16.88,-1.900,-1.900,62359.7,0,0.00,0.00,5
44002,0.585,-0.876,-1.894,1.892,1.038,139.404,0.000,0.000,0.000,-0.9406,-0.1457,0.0209,0.3060,2726.74,91.05,-30.32,16.92,-1.894,-1.894,62351.0,0,0.00,0.00,5
44022,0.544,-0.904,-1.896,1.953,0.793,139.160,0.000,0.000,0.000,-0.9477,-0.1455,0.0244,0.2830,2729.00,90.86,-30.35,16.96,-1.896,-1.896,62329.3,0,0.00,0.00,5
44042,0.501,-0.931,-1.896,2.075,0.855,138.977,0.000,0.000,0.000,-0.9542,-0.1452,0.0279,0.2599,2731.24,90.65,-30.35,17.01,-1.896,-1.896,62314.1,0,0.00,0.00,5
44062,0.454,-0.955,-1.890,2.136,0.610,138.672,0.000,0.000,0.000,-0.9602,-0.1449,0.0314,0.2367,2733.46,90.43,-30.31,17.05,-1.890,-1.890,62300.8,0,0.00,0.00,5
44082,0.409,-0.977,-1.889,2.197,0.732,138.489,0.000,0.000,0.000,-0.9656,-0.1445,0.0348,0.2134,2735.71,90.24,-30.30,17.09,-1.889,-1.889,62276.5,0,0.00,0.00,5
44103,0.363,-0.997,-1.888,2.197,0.549,138.306,0.000,0.000,0.000,-0.9704,-0.1440,0.0383,0.1900,2737.92,90.02,-30.30,17.14,-1.888,-1.888,62267.0,0,0.00,0.00,5
44122,0.316,-1.016,-1.889,2.258,0.427,138.123,0.000,0.000,0.000,-0.9747,-0.1434,0.0418,0.1665,2740.10,89.77,-30.32,17.18,-1.889,-1.889,62255.7,0,0.00,0.00,5
44142,0.267,-1.031,-1.886,2.136,0.366,137.817,0.000,0.000,0.000,-0.9783,-0.1427,0.0452,0.1430,2742.27,89.52,-30.30,17.22,-1.886,-1.886,62240.3,0,0.00,0.00,5
44165,0.213,-1.043,-1.884,2.258,0.183,137.634,0.000,0.000,0.000,-0.9814,-0.1420,0.0486,0.1195,2744.48,89.31,-30.29,17.27,-1.884,-1.884,62214.6,0,0.00,0.00,5
44182,0.166,-1.053,-1.882,2.258,0.122,137.512,0.000,0.000,0.000,-0.9840,-0.1412,0.0521,0.0959,2746.71,89.12,-30.28,17.31,-1.882,-1.882,62192.8,0,0.00,0.00,5
44202,0.116,-1.064,-1.877,2.258,-0.061,137.268,0.000,0.000,0.000,-0.9859,-0.1403,0.0555,0.0723,2748.91,88.91,-30.25,17.35,-1.877,-1.877,62180.5,0,0.00,0.00,5
44222,0.063,-1.066,-1.880,2.197,-0.122,136.902,0.000,0.000,0.000,-0.9873,-0.1393,0.0588,0.0487,2751.13,88.72,-30.27,17.40,-1.880,-1.880,62159.7,0,0.00,0.00,5
44242,0.012,-1.071,-1.879,2.258,-0.305,136.658,0.000,0.000,0.000,-0.9881,-0.1382,0.0622,0.0251,2753.33,88.51,-30.27,17.44,-1.879,-1.879,62147.5,0,0.00,0.00,5
44262,-0.038,-1.071,-1.878,2.197,-0.366,136.475,0.000,0.000,0.000,-0.9884,-0.1371,0.0656,0.0015,2755.54,88.33,-30.27,17.48,-1.878,-1.878,62124.8,0,0.00,0.00,5
44282,-0.090,-1.068,-1.878,2.197,-0.366,136.291,0.000,0.000,0.000,-0.9881,-0.1359,0.0689,-0.0220,2757.71,88.10,-30.27,17.53,-1.878,-1.878,62119.2,0,0.00,0.00,5
44303,-0.141,-1.066,-1.876,2.197,-0.549,136.108,0.000,0.000,0.000,-0.9872,-0.1346,0.0722,-0.0454,2759.91,87.91,-30.27,17.57,-1.876,-1.876,62093.4,0,0.00,0.00,5
44322,-0.188,-1.061,-1.875,2.258,-0.732,135.925,0.000,0.000,0.000,-0.9858,-0.1332,0.0754,-0.0689,2762.11,87.73,-30.27,17.62,-1.875,-1.875,62075.5,0,0.00,0.00,5
44342,-0.242,-1.051,-1.867,2.258,-0.855,135.620,0.000,0.000,0.000,-0.9838,-0.1318,0.0787,-0.0922,2764.30,87.53,-30.20,17.66,-1.867,-1.867,62062.1,0,0.00,0.00,5
44362,-0.291,-1.038,-1.868,2.258,-0.855,135.376,0.000,0.000,0.000,-0.9813,-0.1303,0.0819,-0.1154,2766.47,87.32,-30.21,17.71,-1.868,-1.868,62048.5,0,0.00,0.00,5
44382,-0.337,-1.024,-1.866,2.197,-0.977,135.193,0.000,0.000,0.000,-0.9783,-0.1287,0.0851,-0.1385,2768.61,87.09,-30.19,17.75,-1.866,-1.866,62036.2,0,0.00,0.00,5
44402,-0.390,-1.010,-1.866,2.075,-1.099,135.010,0.000,0.000,0.000,-0.9747,-0.1271,0.0882,-0.1615,2770.80,86.91,-30.21,17.80,-1.866,-1.866,62008.5,0,0.00,0.00,5
44422,-0.434,-0.990,-1.865,1.953,-1.221,134.766,0.000,0.000,0.000,-0.9705,-0.1253,0.0913,-0.1844,2772.98,86.72,-30.20,17.84,-1.865,-1.865,61995.4,0,0.00,0.00,5
44442,-0.484,-0.971,-1.863,2.014,-1.343,134.583,0.000,0.000,0.000,-0.9659,-0.1235,0.0944,-0.2072,2775.18,86.56,-30.20,17.89,-1.863,-1.863,61972.5,0,0.00,0.00,5
44462,-0.531,-0.950,-1.860,2.014,-1.282,134.399,0.000,0.000,0.000,-0.9607,-0.1217,0.0974,-0.2298,2777.38,86.39,-30.19,17.94,-1.860,-1.860,61956.2,0,0.00,0.00,5
44482,-0.575,-0.924,-1.863,1.892,-1.404,134.155,0.000,0.000,0.000,-0.9550,-0.1197,0.1004,-0.2522,2779.54,86.19,-30.22,17.98,-1.863,-1.863,61946.9,0,0.00,0.00,5
44503,-0.619,-0.897,-1.860,1.770,-1.648,133.850,0.000,0.000,0.000,-0.9488,-0.1177,0.1034,-0.2744,2781.75,86.05,-30.20,18.03,-1.860,-1.860,61918.1,0,0.00,0.00,5
44522,-0.658,-0.868,-1.856,1.770,-1.648,133.728,0.000,0.000,0.000,-0.9420,-0.1157,0.1063,-0.2965,2783.95,85.90,-30.16,18.08,-1.856,-1.856,61904.0,0,0.00,0.00,5
44542,-0.701,-0.837,-1.857,1.770,-1.648,133.484,0.000,0.000,0.000,-0.9348,-0.1135,0.1091,-0.3183,2786.09,85.69,-30.18,18.12,-1.857,-1.857,61899.2,0,0.00,0.00,5
44562,-0.738,-0.805,-1.851,1.770,-1.770,133.179,0.000,0.000,0.000,-0.9271,-0.1114,0.1119,-0.3400,2788.27,85.53,-30.13,18.17,-1.851,-1.851,61874.2,0,0.00,0.00,5
44582,-0.779,-0.771,-1.853,1.526,-1.831,132.996,0.000,0.000,0.000,-0.9189,-0.1091,0.1147,-0.3614,2790.47,85.39,-30.17,18.21,-1.853,-1.853,61851.7,0,0.00,0.00,5
44602,-0.812,-0.735,-1.853,1.587,-1.831,132.751,0.000,0.000,0.000,-0.9102,-0.1068,0.1174,-0.3826,2792.64,85.22,-30.17,18.26,-1.853,-1.853,61842.9,0,0.00,0.00,5
44622,-0.848,-0.698,-1.852,1.526,-2.136,132.507,0.000,0.000,0.000,-0.9010,-0.1044,0.1201,-0.4035,2794.69,84.94,-30.17,18.31,-1.852,-1.852,61849.0,0,0.00,0.00,5
44642,-0.879,-0.657,-1.852,1.282,-2.197,132.446,0.000,0.000,0.000,-0.8914,-0.1020,0.1227,-0.4242,2796.80,84.73,-30.18,18.36,-1.852,-1.852,61819.4,0,0.00,0.00,5
44662,-0.911,-0.619,-1.845,1.160,-2.136,132.202,0.000,0.000,0.000,-0.8813,-0.0994,0.1253,-0.4446,2798.92,84.53,-30.12,18.41,-1.845,-1.845,61803.2,0,0.00,0.00,5
44682,-0.941,-0.578,-1.845,1.160,-2.197,131.897,0.000,0.000,0.000,-0.8708,-0.0969,0.1278,-0.4648,2800.99,84.28,-30.14,18.45,-1.845,-1.845,61794.2,0,0.00,0.00,5
44703,-0.965,-0.532,-1.843,1.099,-2.258,131.653,0.000,0.000,0.000,-0.8598,-0.0943,0.1302,-0.4847,2803.06,84.05,-30.12,18.50,-1.843,-1.843,61777.6,0,0.00,0.00,5
44722,-0.988,-0.489,-1.845,0.855,-2.502,131.531,0.000,0.000,0.000,-0.8484,-0.0916,0.1326,-0.5042,2805.13,83.81,-30.14,18.55,-1.845,-1.845,61763.0,0,0.00,0.00,5
44742,-1.013,-0.444,-1.843,0.855,-2.441,131.287,0.000,0.000,0.000,-0.8365,-0.0889,0.1350,-0.5235,2807.22,83.59,-30.13,18.60,-1.843,-1.843,61742.1,0,0.00,0.00,5
44762,-1.029,-0.398,-1.837,0.671,-2.380,131.042,0.000,0.000,0.000,-0.8243,-0.0861,0.1373,-0.5425,2809.36,83.44,-30.08,18.65,-1.837,-1.837,61714.1,0,0.00,0.00,5
44782,-1.051,-0.351,-1.838,0.549,-2.380,130.920,0.000,0.000,0.000,-0.8116,-0.0832,0.1395,-0.5612,2811.45,83.23,-30.11,18.70,-1.838,-1.838,61707.4,0,0.00,0.00,5
44802,-1.067,-0.301,-1.836,0.488,-2.502,130.615,0.000,0.000,0.000,-0.7985,-0.0803,0.1417,-0.5795,2813.51,83.01,-30.09,18.75,-1.836,-1.836,61696.8,0,0.00,0.00,5
44822,-1.081,-0.251,-1.836,0.366,-2.563,130.310,0.000,0.000,0.000,-0.7851,-0.0774,0.1438,-0.5975,2815.58,82.79,-30.11,18.80,-1.836,-1.836,61679.2,0,0.00,0.00,5
44842,-1.092,-0.205,-1.834,0.183,-2.686,130.188,0.000,0.000,0.000,-0.7712,-0.0744,0.1458,-0.6151,2817.65,82.58,-30.09,18.85,-1.834,-1.834,61662.7,0,0.00,0.00,5
44862,-1.102,-0.155,-1.829,0.183,-2.686,129.883,0.000,0.000,0.000,-0.7570,-0.0714,0.1478,-0.6324,2819.73,82.38,-30.05,18.90,-1.829,-1.829,61645.3,0,0.00,0.00,5
44885,-1.110,-0.106,-1.830,0.061,-2.624,129.822,0.000,0.000,0.000,-0.7424,-0.0683,0.1498,-0.6494,2821.77,82.15,-30.07,18.95,-1.830,-1.830,61635.0,0,0.00,0.00,5
44902,-1.115,-0.054,-1.831,-0.061,-2.563,129.578,0.000,0.000,0.000,-0.7275,-0.0652,0.1516,-0.6660,2823.85,81.96,-30.09,19.00,-1.831,-1.831,61612.2,0,0.00,0.00,5
44923,-1.117,-0.004,-1.823,-0.183,-2.624,129.272,0.000,0.000,0.000,-0.7122,-0.0621,0.1534,-0.6822,2825.95,81.79,-30.02,19.05,-1.823,-1.823,61591.0,0,0.00,0.00,5
44942,-1.118,0.046,-1.828,-0.366,-2.502,129.028,0.000,0.000,0.000,-0.6966,-0.0589,0.1551,-0.6980,2827.99,81.58,-30.08,19.10,-1.828,-1.828,61586.2,0,0.00,0.00,5
44962,-1.117,0.096,-1.826,-0.427,-2.563,128.845,0.000,0.000,0.000,-0.6807,-0.0556,0.1567,-0.7134,2830.00,81.34,-30.07,19.15,-1.826,-1.826,61576.3,0,0.00,0.00,5
44982,-1.112,0.147,-1.822,-0.610,-2.441,128.723,0.000,0.000,0.000,-0.6644,-0.0523,0.1583,-0.7285,2832.05,81.13,-30.04,19.20,-1.822,-1.822,61552.5,0,0.00,0.00,5
45002,-1.107,0.198,-1.821,-0.671,-2.502,128.479,0.000,0.000,0.000,-0.6479,-0.0490,0.1598,-0.7432,2834.12,80.95,-30.05,19.25,-1.821,-1.821,61533.0,0,0.00,0.00,5
45022,-1.097,0.247,-1.819,-0.793,-2.502,128.235,0.000,0.000,0.000,-0.6310,-0.0456,0.1613,-0.7574,2836.15,80.74,-30.03,19.30,-1.819,-1.819,61523.7,0,0.00,0.00,5
45042,-1.085,0.298,-1.816,-0.916,-2.441,128.052,0.000,0.000,0.000,-0.6139,-0.0422,0.1626,-0.7713,2838.16,80.52,-30.01,19.35,-1.816,-1.816,61511.7,0,0.00,0.00,5
45062,-1.072,0.345,-1.814,-1.038,-2.441,127.747,0.000,0.000,0.000,-0.5965,-0.0388,0.1639,-0.7847,2840.17,80.29,-30.00,19.40,-1.814,-1.814,61496.3,0,0.00,0.00,5
45082,-1.057,0.393,-1.812,-1.038,-2.380,127.563,0.000,0.000,0.000,-0.5788,-0.0354,0.1652,-0.7978,2842.16,80.06,-29.99,19.45,-1.812,-1.812,61483.8,0,0.00,0.00,5
45103,-1.041,0.439,-1.814,-1.160,-2.380,127.441,0.000,0.000,0.000,-0.5609,-0.0319,0.1663,-0.8104,2844.26,79.92,-30.02,19.50,-1.814,-1.814,61446.6,0,0.00,0.00,5
45122,-1.022,0.485,-1.811,-1.221,-2.380,127.197,0.000,0.000,0.000,-0.5427,-0.0284,0.1674,-0.8226,2846.37,79.81,-29.99,19.55,-1.811,-1.811,61427.0,0,0.00,0.00,5
45142,-1.003,0.532,-1.810,-1.282,-2.197,126.953,0.000,0.000,0.000,-0.5243,-0.0249,0.1684,-0.8344,2848.36,79.57,-30.00,19.60,-1.810,-1.810,61437.1,0,0.00,0.00,5
45162,-0.975,0.576,-1.806,-1.465,-2.136,126.709,0.000,0.000,0.000,-0.5056,-0.0214,0.1693,-0.8457,2850.33,79.33,-29.96,19.65,-1.806,-1.806,61423.5,0,0.00,0.00,5
45182,-0.952,0.617,-1.807,-1.526,-2.197,126.465,0.000,0.000,0.000,-0.4868,-0.0178,0.1701,-0.8566,2852.36,79.15,-29.98,19.70,-1.807,-1.807,61396.2,0,0.00,0.00,5
45202,-0.924,0.664,-1.802,-1.648,-2.136,126.343,0.000,0.000,0.000,-0.4677,-0.0142,0.1709,-0.8671,2854.35,78.94,-29.96,19.75,-1.802,-1.802,61387.4,0,0.00,0.00,5
45222,-0.895,0.703,-1.800,-1.770,-2.014,126.099,0.000,0.000,0.000,-0.4485,-0.0106,0.1716,-0.8771,2856.32,78.71,-29.94,19.80,-1.800,-1.800,61376.8,0,0.00,0.00,5
45242,-0.863,0.743,-1.798,-1.831,-1.953,125.916,0.000,0.000,0.000,-0.4290,-0.0070,0.1722,-0.8867,2858.32,78.51,-29.93,19.85,-1.798,-1.798,61355.2,0,0.00,0.00,5
45262,-0.831,0.781,-1.798,-1.953,-1.892,125.671,0.000,0.000,0.000,-0.4094,-0.0034,0.1728,-0.8958,2860.30,78.30,-29.94,19.90,-1.798,-1.798,61342.4,0,0.00,0.00,5
45282,-0.798,0.818,-1.795,-2.014,-1.831,125.549,0.000,0.000,0.000,-0.3897,0.0003,0.1733,-0.9045,2862.24,78.06,-29.92,19.96,-1.795,-1.795,61335.5,0,0.00,0.00,5
45303,-0.762,0.854,-1.796,-2.136,-1.587,125.305,0.000,0.000,0.000,-0.3697,0.0039,0.1737,-0.9128,2864.29,77.92,-29.94,20.01,-1.796,-1.796,61297.0,0,0.00,0.00,5
45322,-0.727,0.887,-1.796,-2.136,-1.526,125.000,0.000,0.000,0.000,-0.3497,0.0076,0.1740,-0.9205,2866.25,77.70,-29.95,20.06,-1.796,-1.796,61300.5,0,0.00,0.00,5
45342,-0.688,0.921,-1.792,-2.197,-1.465,124.878,0.000,0.000,0.000,-0.3295,0.0113,0.1742,-0.9279,2868.25,77.53,-29.93,20.11,-1.792,-1.792,61275.8,0,0.00,0.00,5
45362,-0.646,0.950,-1.793,-2.319,-1.404,124.634,0.000,0.000,0.000,-0.3092,0.0150,0.1744,-0.9348,2870.24,77.34,-29.95,20.16,-1.793,-1.793,61263.8,0,0.00,0.00,5
45382,-0.606,0.979,-1.792,-2.441,-1.343,124.390,0.000,0.000,0.000,-0.2888,0.0187,0.1745,-0.9412,2872.16,77.09,-29.94,20.21,-1.792,-1.792,61261.4,0,0.00,0.00,5
45402,-0.563,1.004,-1.788,-2.380,-1.282,124.146,0.000,0.000,0.000,-0.2683,0.0224,0.1745,-0.9471,2874.15,76.91,-29.91,20.26,-1.788,-1.788,61232.2,0,0.00,0.00,5
45422,-0.522,1.028,-1.784,-2.441,-1.160,123.901,0.000,0.000,0.000,-0.2477,0.0261,0.1744,-0.9526,2876.06,76.67,-29.88,20.32,-1.784,-1.784,61232.3,0,0.00,0.00,5
45442,-0.474,1.051,-1.789,-2.624,-1.099,123.718,0.000,0.000,0.000,-0.2270,0.0298,0.1743,-0.9577,2878.00,76.45,-29.94,20.37,-1.789,-1.789,61211.2,0,0.00,0.00,5
45462,-0.430,1.075,-1.783,-2.624,-1.038,123.535,0.000,0.000,0.000,-0.2063,0.0334,0.1741,-0.9623,2879.96,76.26,-29.90,20.42,-1.783,-1.783,61191.5,0,0.00,0.00,5
45482,-0.384,1.094,-1.782,-2.624,-0.732,123.474,0.000,0.000,0.000,-0.1855,0.0372,0.1738,-0.9664,2881.91,76.07,-29.90,20.48,-1.782,-1.782,61177.9,0,0.00,0.00,5
45503,-0.338,1.110,-1.778,-2.686,-0.671,123.291,0.000,0.000,0.000,-0.1646,0.0409,0.1734,-0.9701,2883.84,75.86,-29.87,20.53,-1.778,-1.778,61165.9,0,0.00,0.00,5
45522,-0.290,1.124,-1.775,-2.747,-0.671,122.925,0.000,0.000,0.000,-0.1437,0.0445,0.1730,-0.9734,2885.77,75.64,-29.85,20.58,-1.775,-1.775,61153.4,0,0.00,0.00,5
45542,-0.243,1.138,-1.777,-2.747,-0.427,122.742,0.000,0.000,0.000,-0.1228,0.0482,0.1725,-0.9761,2887.66,75.40,-29.88,20.64,-1.777,-1.777,61144.3,0,0.00,0.00,5
45562,-0.192,1.148,-1.776,-2.869,-0.366,122.620,0.000,0.000,0.000,-0.1019,0.0519,0.1719,-0.9785,2889.54,75.16,-29.88,20.69,-1.776,-1.776,61132.0,0,0.00,0.00,5
45582,-0.142,1.158,-1.771,-2.747,-0.244,122.314,0.000,0.000,0.000,-0.0809,0.0556,0.1712,-0.9803,2891.44,74.94,-29.85,20.74,-1.771,-1.771,61111.5,0,0.00,0.00,5
45602,-0.093,1.162,-1.768,-2.747,-0.061,122.131,0.000,0.000,0.000,-0.0600,0.0593,0.1705,-0.9817,2893.35,74.73,-29.82,20.80,-1.768,-1.768,61095.8,0,0.00,0.00,5
45625,-0.042,1.166,-1.770,-2.808,0.000,121.887,0.000,0.000,0.000,-0.0391,0.0629,0.1697,-0.9827,2895.34,74.60,-29.85,20.85,-1.770,-1.770,61064.0,0,0.00,0.00,5
45642,0.006,1.169,-1.768,-2.808,0.244,121.704,0.000,0.000,0.000,-0.0182,0.0665,0.1688,-0.9832,2897.22,74.37,-29.85,20.91,-1.768,-1.768,61071.0,0,0.00,0.00,5
45662,0.055,1.170,-1.766,-2.808,0.305,121.399,0.000,0.000,0.000,0.0027,0.0702,0.1678,-0.9833,2899.06,74.11,-29.84,20.96,-1.766,-1.766,61063.4,0,0.00,0.00,5
45682,0.105,1.167,-1.766,-2.808,0.366,121.277,0.000,0.000,0.000,0.0235,0.0738,0.1668,-0.9830,2901.00,73.94,-29.84,21.01,-1.766,-1.766,61029.8,0,0.00,0.00,5
45703,0.157,1.166,-1.765,-2.808,0.427,121.094,0.000,0.000,0.000,0.0443,0.0773,0.1657,-0.9821,2902.91,73.75,-29.85,21.07,-1.765,-1.765,61020.3,0,0.00,0.00,5
45722,0.203,1.158,-1.762,-2.869,0.610,120.850,0.000,0.000,0.000,0.0650,0.0809,0.1645,-0.9809,2904.80,73.54,-29.83,21.12,-1.762,-1.762,61009.3,0,0.00,0.00,5
45742,0.252,1.152,-1.762,-2.686,0.793,120.667,0.000,0.000,0.000,0.0857,0.0844,0.1632,-0.9792,2906.65,73.31,-29.84,21.18,-1.762,-1.762,61002.1,0,0.00,0.00,5
45762,0.301,1.141,-1.758,-2.747,0.855,120.544,0.000,0.000,0.000,0.1063,0.0880,0.1619,-0.9771,2908.48,73.06,-29.82,21.23,-1.758,-1.758,60990.6,0,0.00,0.00,5
45782,0.350,1.127,-1.752,-2.686,1.038,120.361,0.000,0.000,0.000,0.1268,0.0915,0.1605,-0.9746,2910.29,72.79,-29.77,21.29,-1.752,-1.752,60981.0,0,0.00,0.00,5
45802,0.400,1.113,-1.753,-2.686,1.038,120.117,0.000,0.000,0.000,0.1472,0.0949,0.1590,-0.9716,2912.23,72.65,-29.80,21.34,-1.753,-1.753,60941.0,0,0.00,0.00,5
45822,0.444,1.096,-1.757,-2.624,1.221,119.812,0.000,0.000,0.000,0.1675,0.0984,0.1575,-0.9682,2914.10,72.44,-29.84,21.40,-1.757,-1.757,60940.2,0,0.00,0.00,5
45842,0.491,1.080,-1.752,-2.502,1.343,119.629,0.000,0.000,0.000,0.1877,0.1018,0.1558,-0.9644,2915.99,72.27,-29.80,21.46,-1.752,-1.752,60919.7,0,0.00,0.00,5
45862,0.539,1.058,-1.748,-2.502,1.465,119.507,0.000,0.000,0.000,0.2078,0.1052,0.1542,-0.9602,2917.85,72.06,-29.77,21.51,-1.748,-1.748,60912.8,0,0.00,0.00,5
45882,0.583,1.038,-1.747,-2.502,1.526,119.263,0.000,0.000,0.000,0.2277,0.1085,0.1524,-0.9556,2919.71,71.86,-29.78,21.57,-1.747,-1.747,60896.3,0,0.00,0.00,5
45903,0.626,1.011,-1.746,-2.380,1.770,119.019,0.000,0.000,0.000,0.2475,0.1119,0.1506,-0.9506,2921.54,71.63,-29.77,21.63,-1.746,-1.746,60889.6,0,0.00,0.00,5
45922,0.665,0.986,-1.746,-2.380,1.709,118.835,0.000,0.000,0.000,0.2672,0.1152,0.1487,-0.9451,2923.39,71.43,-29.77,21.68,-1.746,-1.746,60869.6,0,0.00,0.00,5
45942,0.708,0.961,-1.745,-2.197,1.892,118.652,0.000,0.000,0.000,0.2867,0.1184,0.1467,-0.9393,2925.28,71.28,-29.79,21.74,-1.745,-1.745,60846.4,0,0.00,0.00,5
45962,0.749,0.930,-1.744,-2.075,2.075,118.469,0.000,0.000,0.000,0.3060,0.1217,0.1447,-0.9331,2927.11,71.06,-29.79,21.80,-1.744,-1.744,60846.1,0,0.00,0.00,5
45982,0.788,0.901,-1.738,-2.014,2.075,118.225,0.000,0.000,0.000,0.3252,0.1249,0.1426,-0.9265,2928.94,70.85,-29.75,21.85,-1.738,-1.738,60828.8,0,0.00,0.00,5
46002,0.824,0.869,-1.736,-2.075,2.014,117.981,0.000,0.000,0.000,0.3442,0.1280,0.1405,-0.9195,2930.79,70.66,-29.74,21.91,-1.736,-1.736,60813.1,0,0.00,0.00,5
46022,0.862,0.833,-1.734,-1.953,2.197,117.859,0.000,0.000,0.000,0.3630,0.1311,0.1382,-0.9121,2932.60,70.44,-29.73,21.96,-1.734,-1.734,60805.6,0,0.00,0.00,5
46042,0.898,0.799,-1.733,-1.831,2.380,117.798,0.000,0.000,0.000,0.3817,0.1341,0.1360,-0.9044,2934.41,70.23,-29.74,22.02,-1.733,-1.733,60791.0,0,0.00,0.00,5
46062,0.934,0.764,-1.732,-1.770,2.441,117.493,0.000,0.000,0.000,0.4001,0.1372,0.1336,-0.8962,2936.18,69.98,-29.75,22.08,-1.732,-1.732,60784.3,0,0.00,0.00,5
46082,0.960,0.725,-1.728,-1.587,2.441,117.310,0.000,0.000,0.000,0.4184,0.1401,0.1312,-0.8878,2938.01,69.79,-29.70,22.14,-1.728,-1.728,60759.5,0,0.00,0.00,5
46103,0.993,0.688,-1.726,-1.465,2.563,116.943,0.000,0.000,0.000,0.4364,0.1431,0.1287,-0.8789,2939.81,69.58,-29.71,22.19,-1.726,-1.726,60749.1,0,0.00,0.00,5
46122,1.021,0.646,-1.723,-1.465,2.563,116.821,0.000,0.000,0.000,0.4542,0.1460,0.1262,-0.8698,2941.54,69.31,-29.68,22.25,-1.723,-1.723,60749.9,0,0.00,0.00,5
46142,1.049,0.604,-1.721,-1.343,2.624,116.699,0.000,0.000,0.000,0.4718,0.1488,0.1236,-0.8602,2943.40,69.16,-29.68,22.31,-1.721,-1.721,60709.9,0,0.00,0.00,5
46162,1.076,0.564,-1.722,-1.221,2.869,116.455,0.000,0.000,0.000,0.4891,0.1516,0.1210,-0.8504,2945.17,68.93,-29.71,22.37,-1.722,-1.722,60714.1,0,0.00,0.00,5
46182,1.098,0.518,-1.721,-1.099,2.747,116.272,0.000,0.000,0.000,0.5062,0.1543,0.1183,-0.8402,2946.96,68.73,-29.70,22.43,-1.721,-1.721,60695.8,0,0.00,0.00,5
46202,1.121,0.471,-1.718,-1.038,2.808,116.028,0.000,0.000,0.000,0.5231,0.1570,0.1155,-0.8297,2948.71,68.48,-29.69,22.48,-1.718,-1.718,60691.4,0,0.00,0.00,5
46222,1.139,0.428,-1.719,-0.916,2.869,115.723,0.000,0.000,0.000,0.5397,0.1597,0.1127,-0.8188,2950.45,68.24,-29.71,22.54,-1.719,-1.719,60676.6,0,0.00,0.00,5
46242,1.157,0.381,-1.713,-0.610,2.991,115.662,0.000,0.000,0.000,0.5561,0.1623,0.1099,-0.8077,2952.21,68.02,-29.66,22.60,-1.713,-1.713,60660.6,0,0.00,0.00,5
46262,1.172,0.336,-1.712,-0.610,3.174,115.356,0.000,0.000,0.000,0.5722,0.1648,0.1070,-0.7962,2953.98,67.82,-29.66,22.66,-1.712,-1.712,60643.2,0,0.00,0.00,5
46282,1.188,0.288,-1.709,-0.610,2.991,115.234,0.000,0.000,0.000,0.5881,0.1673,0.1040,-0.7845,2955.71,67.58,-29.66,22.72,-1.709,-1.709,60637.8,0,0.00,0.00,5
46303,1.198,0.240,-1.709,-0.427,3.113,114.990,0.000,0.000,0.000,0.6036,0.1697,0.1010,-0.7724,2957.48,67.38,-29.66,22.78,-1.709,-1.709,60616.8,0,0.00,0.00,5
46322,1.210,0.192,-1.707,-0.305,3.052,114.929,0.000,0.000,0.000,0.6190,0.1721,0.0979,-0.7600,2959.24,67.17,-29.66,22.84,-1.707,-1.707,60604.6,0,0.00,0.00,5
46342,1.217,0.144,-1.703,-0.183,3.113,114.563,0.000,0.000,0.000,0.6340,0.1744,0.0948,-0.7474,2960.99,66.96,-29.62,22.90,-1.703,-1.703,60592.6,0,0.00,0.00,5
46365,1.223,0.093,-1.707,0.061,3.052,114.441,0.000,0.000,0.000,0.6487,0.1767,0.0917,-0.7345,2962.70,66.72,-29.67,22.96,-1.707,-1.707,60586.9,0,0.00,0.00,5
46382,1.230,0.046,-1.704,0.000,3.113,114.258,0.000,0.000,0.000,0.6632,0.1789,0.0885,-0.7213,2964.44,66.51,-29.66,23.02,-1.704,-1.704,60566.7,0,0.00,0.00,5
46402,1.232,-0.004,-1.702,0.122,3.235,114.014,0.000,0.000,0.000,0.6774,0.1810,0.0853,-0.7079,2966.11,66.24,-29.66,23.09,-1.702,-1.702,60567.2,0,0.00,0.00,5
46422,1.232,-0.053,-1.698,0.366,3.113,113.770,0.000,0.000,0.000,0.6912,0.1831,0.0820,-0.6942,2967.84,66.03,-29.63,23.15,-1.698,-1.698,60541.4,0,0.00,0.00,5
46442,1.233,-0.102,-1.695,0.549,2.991,113.647,0.000,0.000,0.000,0.7048,0.1851,0.0787,-0.6803,2969.56,65.81,-29.62,23.21,-1.695,-1.695,60531.2,0,0.00,0.00,5
46462,1.229,-0.152,-1.694,0.488,3.174,113.464,0.000,0.000,0.000,0.7181,0.1871,0.0753,-0.6661,2971.30,65.62,-29.63,23.27,-1.694,-1.694,60512.5,0,0.00,0.00,5
46482,1.222,-0.199,-1.693,0.793,3.052,113.281,0.000,0.000,0.000,0.7310,0.1890,0.0719,-0.6517,2973.01,65.40,-29.62,23.33,-1.693,-1.693,60505.0,0,0.00,0.00,5
46503,1.217,-0.249,-1.689,0.793,3.052,113.037,0.000,0.000,0.000,0.7437,0.1908,0.0684,-0.6371,2974.72,65.19,-29.60,23.39,-1.689,-1.689,60490.7,0,0.00,0.00,5
46522,1.206,-0.298,-1.686,0.977,3.113,112.915,0.000,0.000,0.000,0.7560,0.1926,0.0650,-0.6222,2976.47,65.02,-29.59,23.45,-1.686,-1.686,60469.8,0,0.00,0.00,5
46542,1.197,-0.347,-1.687,1.160,2.991,112.610,0.000,0.000,0.000,0.7680,0.1943,0.0614,-0.6071,2978.17,64.81,-29.61,23.52,-1.687,-1.687,60466.6,0,0.00,0.00,5
46562,1.183,-0.394,-1.686,1.160,2.991,112.488,0.000,0.000,0.000,0.7797,0.1960,0.0579,-0.5918,2979.83,64.56,-29.61,23.58,-1.686,-1.686,60461.9,0,0.00,0.00,5
46582,1.170,-0.440,-1.681,1.343,2.930,112.305,0.000,0.000,0.000,0.7911,0.1975,0.0543,-0.5764,2981.54,64.36,-29.59,23.64,-1.681,-1.681,60437.1,0,0.00,0.00,5
46602,1.151,-0.486,-1.681,1.465,2.930,112.061,0.000,0.000,0.000,0.8021,0.1991,0.0507,-0.5607,2983.26,64.18,-29.59,23.71,-1.681,-1.681,60422.1,0,0.00,0.00,5
46622,1.131,-0.531,-1.680,1.648,2.869,111.877,0.000,0.000,0.000,0.8129,0.2005,0.0470,-0.5448,2984.95,63.97,-29.58,23.77,-1.680,-1.680,60416.0,0,0.00,0.00,5
46642,1.113,-0.576,-1.677,1.587,2.808,111.755,0.000,0.000,0.000,0.8232,0.2019,0.0433,-0.5288,2986.62,63.75,-29.57,23.83,-1.677,-1.677,60404.2,0,0.00,0.00,5
46662,1.093,-0.623,-1.672,1.831,2.686,111.572,0.000,0.000,0.000,0.8333,0.2032,0.0396,-0.5126,2988.29,63.53,-29.56,23.90,-1.672,-1.672,60393.6,0,0.00,0.00,5
46682,1.068,-0.665,-1.669,1.953,2.563,111.267,0.000,0.000,0.000,0.8430,0.2044,0.0359,-0.4962,2989.98,63.33,-29.54,23.96,-1.669,-1.669,60374.6,0,0.00,0.00,5
46703,1.044,-0.705,-1.671,2.014,2.563,111.206,0.000,0.000,0.000,0.8524,0.2056,0.0321,-0.4797,2991.67,63.14,-29.57,24.02,-1.671,-1.671,60361.1,0,0.00,0.00,5
46722,1.016,-0.748,-1.671,2.075,2.686,110.962,0.000,0.000,0.000,0.8614,0.2067,0.0283,-0.4630,2993.32,62.92,-29.58,24.09,-1.671,-1.671,60356.6,0,0.00,0.00,5
46742,0.987,-0.790,-1.668,2.197,2.502,110.779,0.000,0.000,0.000,0.8701,0.2078,0.0245,-0.4462,2994.98,62.70,-29.57,24.15,-1.668,-1.668,60341.6,0,0.00,0.00,5
46762,0.959,-0.826,-1.665,2.380,2.319,110.535,0.000,0.000,0.000,0.8785,0.2088,0.0207,-0.4293,2996.61,62.46,-29.55,24.22,-1.665,-1.665,60335.8,0,0.00,0.00,5
46782,0.929,-0.865,-1.667,2.502,2.380,110.352,0.000,0.000,0.000,0.8865,0.2097,0.0168,-0.4122,2998.26,62.25,-29.59,24.29,-1.667,-1.667,60316.8,0,0.00,0.00,5
46802,0.895,-0.901,-1.662,2.502,2.258,110.168,0.000,0.000,0.000,0.8941,0.2105,0.0130,-0.3950,2999.93,62.06,-29.55,24.35,-1.662,-1.662,60299.8,0,0.00,0.00,5
46822,0.860,-0.936,-1.663,2.747,2.075,109.924,0.000,0.000,0.000,0.9014,0.2113,0.0091,-0.3777,3001.60,61.87,-29.57,24.42,-1.663,-1.663,60288.0,0,0.00,0.00,5
46842,0.825,-0.967,-1.659,2.686,2.014,109.802,0.000,0.000,0.000,0.9084,0.2120,0.0052,-0.3603,3003.25,61.68,-29.54,24.49,-1.659,-1.659,60277.6,0,0.00,0.00,5
46862,0.786,-1.002,-1.655,2.869,1.892,109.558,0.000,0.000,0.000,0.9150,0.2126,0.0012,-0.3428,3004.85,61.43,-29.53,24.55,-1.655,-1.655,60275.2,0,0.00,0.00,5
46882,0.748,-1.035,-1.655,2.930,1.831,109.375,0.000,0.000,0.000,0.9213,0.2132,-0.0027,-0.3252,3006.48,61.22,-29.55,24.62,-1.655,-1.655,60257.8,0,0.00,0.00,5
46903,0.712,-1.062,-1.651,2.991,1.770,109.314,0.000,0.000,0.000,0.9272,0.2137,-0.0067,-0.3075,3008.17,61.07,-29.52,24.69,-1.651,-1.651,60230.9,0,0.00,0.00,5
46922,0.670,-1.088,-1.652,3.113,1.648,109.070,0.000,0.000,0.000,0.9328,0.2141,-0.0106,-0.2897,3009.83,60.89,-29.54,24.76,-1.652,-1.652,60224.3,0,0.00,0.00,5
46942,0.631,-1.117,-1.652,3.113,1.465,108.826,0.000,0.000,0.000,0.9380,0.2144,-0.0146,-0.2719,3011.46,60.69,-29.56,24.82,-1.652,-1.652,60217.3,0,0.00,0.00,5
46962,0.586,-1.142,-1.646,3.174,1.465,108.704,0.000,0.000,0.000,0.9429,0.2147,-0.0186,-0.2540,3013.09,60.49,-29.52,24.89,-1.646,-1.646,60205.0,0,0.00,0.00,5
46982,0.544,-1.163,-1.645,3.357,1.221,108.398,0.000,0.000,0.000,0.9474,0.2149,-0.0226,-0.2361,3014.74,60.31,-29.51,24.96,-1.645,-1.645,60188.5,0,0.00,0.00,5
47002,0.500,-1.187,-1.637,3.357,1.221,108.276,0.000,0.000,0.000,0.9516,0.2151,-0.0266,-0.2181,3016.38,60.14,-29.46,25.03,-1.637,-1.637,60176.5,0,0.00,0.00,5
47022,0.458,-1.208,-1.638,3.357,1.099,107.971,0.000,0.000,0.000,0.9554,0.2151,-0.0306,-0.2000,3018.03,59.97,-29.49,25.10,-1.638,-1.638,60162.9,0,0.00,0.00,5
47042,0.409,-1.228,-1.637,3.418,0.855,107.910,0.000,0.000,0.000,0.9589,0.2151,-0.0346,-0.1820,3019.62,59.74,-29.50,25.17,-1.637,-1.637,60162.4,0,0.00,0.00,5
47062,0.366,-1.241,-1.634,3.479,0.855,107.788,0.000,0.000,0.000,0.9620,0.2150,-0.0386,-0.1638,3021.25,59.57,-29.48,25.24,-1.634,-1.634,60140.0,0,0.00,0.00,5
47082,0.318,-1.256,-1.633,3.540,0.671,107.483,0.000,0.000,0.000,0.9648,0.2149,-0.0426,-0.1457,3022.80,59.31,-29.48,25.31,-1.633,-1.633,60145.1,0,0.00,0.00,5
47105,0.271,-1.271,-1.631,3.601,0.549,107.300,0.000,0.000,0.000,0.9672,0.2147,-0.0466,-0.1276,3024.37,59.09,-29.48,25.38,-1.631,-1.631,60126.6,0,0.00,0.00,5
47122,0.224,-1.281,-1.628,3.540,0.488,107.056,0.000,0.000,0.000,0.9693,0.2144,-0.0506,-0.1094,3025.89,58.82,-29.47,25.45,-1.628,-1.628,60125.8,0,0.00,0.00,5
47142,0.178,-1.289,-1.629,3.540,0.427,106.995,0.000,0.000,0.000,0.9710,0.2140,-0.0546,-0.0913,3027.47,58.61,-29.49,25.52,-1.629,-1.629,60101.0,0,0.00,0.00,5
47162,0.130,-1.300,-1.627,3.662,0.000,106.750,0.000,0.000,0.000,0.9724,0.2136,-0.0587,-0.0731,3029.09,58.44,-29.50,25.59,-1.627,-1.627,60081.4,0,0.00,0.00,5
47182,0.077,-1.303,-1.623,3.784,-0.122,106.445,0.000,0.000,0.000,0.9735,0.2131,-0.0627,-0.0550,3030.74,58.30,-29.46,25.67,-1.623,-1.623,60062.4,0,0.00,0.00,5
47202,0.031,-1.305,-1.622,3.662,-0.122,106.323,0.000,0.000,0.000,0.9742,0.2125,-0.0666,-0.0369,3032.33,58.12,-29.46,25.74,-1.622,-1.622,60061.0,0,0.00,0.00,5
47222,-0.017,-1.310,-1.616,3.723,-0.183,106.323,0.000,0.000,0.000,0.9746,0.2119,-0.0706,-0.0188,3033.88,57.90,-29.43,25.81,-1.616,-1.616,60056.6,0,0.00,0.00,5
47242,-0.064,-1.309,-1.615,3.662,-0.549,106.079,0.000,0.000,0.000,0.9746,0.2111,-0.0746,-0.0007,3035.43,57.68,-29.43,25.88,-1.615,-1.615,60044.0,0,0.00,0.00,5
47262,-0.117,-1.308,-1.615,3.723,-0.488,105.774,0.000,0.000,0.000,0.9743,0.2104,-0.0786,0.0173,3036.96,57.44,-29.45,25.95,-1.615,-1.615,60037.8,0,0.00,0.00,5
47282,-0.161,-1.305,-1.615,3.540,-0.732,105.591,0.000,0.000,0.000,0.9737,0.2095,-0.0826,0.0353,3038.52,57.24,-29.46,26.03,-1.615,-1.615,60018.1,0,0.00,0.00,5
47303,-0.211,-1.300,-1.613,3.662,-0.977,105.469,0.000,0.000,0.000,0.9727,0.2085,-0.0866,0.0532,3040.11,57.07,-29.46,26.10,-1.613,-1.613,60000.3,0,0.00,0.00,5
47322,-0.260,-1.294,-1.610,3.662,-0.916,105.225,0.000,0.000,0.000,0.9714,0.2076,-0.0905,0.0711,3041.62,56.84,-29.46,26.17,-1.610,-1.610,60002.1,0,0.00,0.00,5
47342,-0.307,-1.286,-1.608,3.540,-1.160,105.164,0.000,0.000,0.000,0.9698,0.2065,-0.0945,0.0889,3043.17,56.63,-29.45,26.25,-1.608,-1.608,59985.3,0,0.00,0.00,5
47362,-0.355,-1.274,-1.607,3.601,-1.221,105.041,0.000,0.000,0.000,0.9679,0.2053,-0.0984,0.1067,3044.70,56.42,-29.45,26.32,-1.607,-1.607,59973.8,0,0.00,0.00,5
47382,-0.403,-1.261,-1.600,3.479,-1.221,104.675,0.000,0.000,0.000,0.9656,0.2041,-0.1023,0.1244,3046.20,56.18,-29.40,26.39,-1.600,-1.600,59970.9,0,0.00,0.00,5
47402,-0.450,-1.249,-1.598,3.418,-1.404,104.553,0.000,0.000,0.000,0.9630,0.2028,-0.1061,0.1420,3047.68,55.93,-29.40,26.47,-1.598,-1.598,59960.0,0,0.00,0.00,5
47422,-0.496,-1.235,-1.597,3.479,-1.587,104.370,0.000,0.000,0.000,0.9601,0.2015,-0.1100,0.1595,3049.19,55.71,-29.42,26.54,-1.597,-1.597,59945.0,0,0.00,0.00,5
47442,-0.542,-1.218,-1.595,3.418,-1.709,104.065,0.000,0.000,0.000,0.9569,0.2001,-0.1138,0.1769,3050.64,55.44,-29.42,26.61,-1.595,-1.595,59943.4,0,0.00,0.00,5
47462,-0.588,-1.199,-1.592,3.479,-1.770,103.943,0.000,0.000,0.000,0.9534,0.1986,-0.1176,0.1942,3052.08,55.16,-29.41,26.69,-1.592,-1.592,59934.1,0,0.00,0.00,5
47482,-0.632,-1.178,-1.587,3.357,-1.953,103.760,0.000,0.000,0.000,0.9496,0.1971,-0.1214,0.2115,3053.57,54.95,-29.38,26.77,-1.587,-1.587,59910.7,0,0.00,0.00,5
47503,-0.674,-1.156,-1.590,3.357,-1.953,103.516,0.000,0.000,0.000,0.9455,0.1955,-0.1251,0.2286,3054.96,54.63,-29.41,26.84,-1.590,-1.590,59922.2,0,0.00,0.00,5
47522,-0.716,-1.132,-1.587,3.296,-2.075,103.394,0.000,0.000,0.000,0.9410,0.1938,-0.1289,0.2456,3056.42,54.39,-29.40,26.92,-1.587,-1.587,59894.9,0,0.00,0.00,5
47542,-0.759,-1.108,-1.584,3.357,-2.319,103.271,0.000,0.000,0.000,0.9363,0.1921,-0.1326,0.2625,3057.82,54.10,-29.40,27.00,-1.584,-1.584,59894.1,0,0.00,0.00,5
47562,-0.799,-1.082,-1.583,3.235,-2.319,103.149,0.000,0.000,0.000,0.9312,0.1903,-0.1362,0.2793,3059.25,53.84,-29.41,27.07,-1.583,-1.583,59879.0,0,0.00,0.00,5
47582,-0.840,-1.054,-1.579,3.113,-2.502,102.844,0.000,0.000,0.000,0.9259,0.1885,-0.1399,0.2960,3060.63,53.54,-29.39,27.15,-1.579,-1.579,59876.2,0,0.00,0.00,5
47602,-0.876,-1.024,-1.577,3.113,-2.624,102.722,0.000,0.000,0.000,0.9203,0.1866,-0.1435,0.3125,3062.02,53.26,-29.38,27.23,-1.577,-1.577,59862.2,0,0.00,0.00,5
47622,-0.915,-0.996,-1.573,2.991,-2.502,102.539,0.000,0.000,0.000,0.9144,0.1846,-0.1471,0.3289,3063.42,52.98,-29.36,27.30,-1.573,-1.573,59851.0,0,0.00,0.00,5
47642,-0.952,-0.961,-1.575,2.991,-2.747,102.295,0.000,0.000,0.000,0.9082,0.1826,-0.1506,0.3452,3064.69,52.60,-29.39,27.38,-1.575,-1.575,59864.5,0,0.00,0.00,5
47662,-0.985,-0.928,-1.572,2.869,-2.930,102.112,0.000,0.000,0.000,0.9017,0.1805,-0.1541,0.3613,3066.14,52.38,-29.38,27.46,-1.572,-1.572,59817.8,0,0.00,0.00,5
47682,-1.020,-0.896,-1.566,2.686,-2.930,101.990,0.000,0.000,0.000,0.8950,0.1783,-0.1576,0.3773,3067.49,52.09,-29.35,27.54,-1.566,-1.566,59825.1,0,0.00,0.00,5
47703,-1.052,-0.856,-1.564,2.686,-2.991,101.807,0.000,0.000,0.000,0.8880,0.1761,-0.1610,0.3931,3068.84,51.79,-29.34,27.61,-1.564,-1.564,59815.7,0,0.00,0.00,5
47722,-1.079,-0.825,-1.564,2.563,-3.052,101.624,0.000,0.000,0.000,0.8807,0.1738,-0.1644,0.4088,3070.22,51.53,-29.35,27.69,-1.564,-1.564,59798.6,0,0.00,0.00,5
47742,-1.114,-0.786,-1.565,2.563,-3.174,101.562,0.000,0.000,0.000,0.8732,0.1715,-0.1678,0.4243,3071.59,51.27,-29.39,27.77,-1.565,-1.565,59787.8,0,0.00,0.00,5
47762,-1.142,-0.746,-1.559,2.441,-3.418,101.318,0.000,0.000,0.000,0.8653,0.1692,-0.1711,0.4396,3072.93,50.97,-29.35,27.85,-1.559,-1.559,59785.3,0,0.00,0.00,5
47782,-1.167,-0.708,-1.561,2.319,-3.235,101.074,0.000,0.000,0.000,0.8573,0.1667,-0.1744,0.4548,3074.29,50.71,-29.37,27.92,-1.561,-1.561,59767.5,0,0.00,0.00,5
47802,-1.194,-0.669,-1.556,2.197,-3.418,100.891,0.000,0.000,0.000,0.8490,0.1642,-0.1776,0.4698,3075.63,50.43,-29.35,28.00,-1.556,-1.556,59762.2,0,0.00,0.00,5
47825,-1.217,-0.628,-1.554,2.136,-3.540,100.708,0.000,0.000,0.000,0.8404,0.1617,-0.1808,0.4846,3076.85,50.05,-29.35,28.08,-1.554,-1.554,59774.9,0,0.00,0.00,5
47842,-1.241,-0.585,-1.553,1.892,-3.662,100.525,0.000,0.000,0.000,0.8316,0.1591,-0.1840,0.4992,3078.13,49.73,-29.35,28.16,-1.553,-1.553,59752.5,0,0.00,0.00,5
47862,-1.262,-0.542,-1.553,1.892,-3.601,100.403,0.000,0.000,0.000,0.8226,0.1564,-0.1871,0.5137,3079.42,49.42,-29.37,28.23,-1.553,-1.553,59740.0,0,0.00,0.00,5
47882,-1.281,-0.500,-1.548,1.770,-3.784,100.281,0.000,0.000,0.000,0.8133,0.1537,-0.1902,0.5280,3080.75,49.16,-29.34,28.31,-1.548,-1.548,59721.1,0,0.00,0.00,5
47903,-1.300,-0.456,-1.546,1.526,-3.906,100.098,0.000,0.000,0.000,0.8038,0.1509,-0.1933,0.5420,3082.00,48.82,-29.34,28.39,-1.546,-1.546,59727.8,0,0.00,0.00,5
47922,-1.318,-0.412,-1.545,1.404,-3.967,99.915,0.000,0.000,0.000,0.7940,0.1481,-0.1963,0.5559,3083.22,48.46,-29.35,28.47,-1.545,-1.545,59722.1,0,0.00,0.00,5
47942,-1.332,-0.366,-1.535,1.221,-4.089,99.609,0.000,0.000,0.000,0.7841,0.1452,-0.1993,0.5696,3084.51,48.18,-29.27,28.56,-1.535,-1.535,59697.4,0,0.00,0.00,5
47962,-1.345,-0.319,-1.538,1.099,-4.028,99.487,0.000,0.000,0.000,0.7739,0.1423,-0.2023,0.5830,3085.76,47.87,-29.31,28.64,-1.538,-1.538,59694.2,0,0.00,0.00,5
47982,-1.357,-0.274,-1.535,0.855,-4.089,99.365,0.000,0.000,0.000,0.7635,0.1393,-0.2052,0.5963,3086.98,47.53,-29.30,28.72,-1.535,-1.535,59691.5,0,0.00,0.00,5
48002,-1.369,-0.228,-1.532,0.732,-4.150,99.182,0.000,0.000,0.000,0.7529,0.1363,-0.2080,0.6093,3088.26,47.26,-29.30,28.80,-1.532,-1.532,59667.7,0,0.00,0.00,5
48022,-1.380,-0.180,-1.533,0.610,-4.334,98.938,0.000,0.000,0.000,0.7421,0.1332,-0.2108,0.6222,3089.48,46.94,-29.33,28.88,-1.533,-1.533,59669.9,0,0.00,0.00,5
48042,-1.387,-0.133,-1.527,0.427,-4.334,98.755,0.000,0.000,0.000,0.7311,0.1301,-0.2136,0.6348,3090.73,46.64,-29.30,28.97,-1.527,-1.527,59655.2,0,0.00,0.00,5
48062,-1.392,-0.086,-1.528,0.244,-4.272,98.572,0.000,0.000,0.000,0.7199,0.1269,-0.2163,0.6472,3091.93,46.31,-29.32,29.05,-1.528,-1.528,59653.8,0,0.00,0.00,5
48082,-1.394,-0.038,-1.522,0.244,-4.395,98.389,0.000,0.000,0.000,0.7085,0.1237,-0.2190,0.6593,3093.15,46.01,-29.27,29.14,-1.522,-1.522,59638.2,0,0.00,0.00,5
48103,-1.401,0.011,-1.522,-0.061,-4.334,98.206,0.000,0.000,0.000,0.6970,0.1204,-0.2216,0.6713,3094.29,45.63,-29.32,29.22,-1.522,-1.522,59646.1,0,0.00,0.00,5
48122,-1.400,0.061,-1.522,-0.122,-4.334,98.145,0.000,0.000,0.000,0.6852,0.1171,-0.2242,0.6830,3095.51,45.33,-29.32,29.30,-1.522,-1.522,59620.2,0,0.00,0.00,5
48142,-1.396,0.106,-1.515,-0.366,-4.272,98.022,0.000,0.000,0.000,0.6732,0.1137,-0.2267,0.6946,3096.71,45.03,-29.26,29.39,-1.515,-1.515,59613.6,0,0.00,0.00,5
48162,-1.397,0.155,-1.509,-0.549,-4.395,97.839,0.000,0.000,0.000,0.6611,0.1103,-0.2292,0.7058,3097.91,44.73,-29.25,29.47,-1.509,-1.509,59602.9,0,0.00,0.00,5
48182,-1.394,0.204,-1.512,-0.610,-4.334,97.595,0.000,0.000,0.000,0.6488,0.1068,-0.2316,0.7169,3099.04,44.36,-29.30,29.56,-1.512,-1.512,59608.2,0,0.00,0.00,5
48202,-1.384,0.250,-1.510,-0.793,-4.272,97.412,0.000,0.000,0.000,0.6364,0.1033,-0.2340,0.7277,3100.22,44.06,-29.28,29.64,-1.510,-1.510,59587.7,0,0.00,0.00,5
48222,-1.378,0.298,-1.507,-1.099,-4.334,97.229,0.000,0.000,0.000,0.6238,0.0998,-0.2363,0.7383,3101.35,43.70,-29.27,29.73,-1.507,-1.507,59589.1,0,0.00,0.00,5
48242,-1.371,0.345,-1.500,-1.099,-4.334,97.046,0.000,0.000,0.000,0.6111,0.0962,-0.2386,0.7486,3102.51,43.40,-29.23,29.82,-1.500,-1.500,59571.5,0,0.00,0.00,5
48262,-1.359,0.391,-1.501,-1.282,-4.272,96.863,0.000,0.000,0.000,0.5982,0.0926,-0.2408,0.7587,3103.63,43.05,-29.26,29.90,-1.501,-1.501,59571.5,0,0.00,0.00,5
48282,-1.347,0.442,-1.494,-1.404,-4.211,96.680,0.000,0.000,0.000,0.5851,0.0889,-0.2430,0.7686,3104.77,42.73,-29.23,29.99,-1.494,-1.494,59556.5,0,0.00,0.00,5
48303,-1.334,0.485,-1.495,-1.526,-4.150,96.619,0.000,0.000,0.000,0.5719,0.0852,-0.2451,0.7782,3105.86,42.37,-29.25,30.07,-1.495,-1.495,59558.4,0,0.00,0.00,5
48322,-1.316,0.534,-1.495,-1.648,-4.089,96.313,0.000,0.000,0.000,0.5586,0.0814,-0.2471,0.7876,3107.04,42.10,-29.26,30.16,-1.495,-1.495,59530.2,0,0.00,0.00,5
48342,-1.305,0.575,-1.493,-1.892,-4.028,96.191,0.000,0.000,0.000,0.5452,0.0776,-0.2491,0.7967,3108.16,41.78,-29.28,30.25,-1.493,-1.493,59532.3,0,0.00,0.00,5
48362,-1.283,0.620,-1.488,-2.075,-4.028,96.069,0.000,0.000,0.000,0.5316,0.0738,-0.2510,0.8056,3109.27,41.46,-29.24,30.34,-1.488,-1.488,59524.5,0,0.00,0.00,5
48382,-1.263,0.665,-1.485,-2.075,-4.089,95.886,0.000,0.000,0.000,0.5179,0.0700,-0.2529,0.8142,3110.40,41.15,-29.24,30.43,-1.485,-1.485,59513.3,0,0.00,0.00,5
48402,-1.241,0.708,-1.483,-2.197,-3.967,95.764,0.000,0.000,0.000,0.5041,0.0661,-0.2547,0.8226,3111.52,40.85,-29.24,30.51,-1.483,-1.483,59504.6,0,0.00,0.00,5
48422,-1.220,0.750,-1.481,-2.319,-3.967,95.520,0.000,0.000,0.000,0.4901,0.0622,-0.2564,0.8307,3112.65,40.56,-29.24,30.60,-1.481,-1.481,59493.3,0,0.00,0.00,5
48442,-1.195,0.791,-1.475,-2.502,-3.784,95.276,0.000,0.000,0.000,0.4761,0.0583,-0.2581,0.8386,3113.76,40.27,-29.20,30.69,-1.475,-1.475,59486.2,0,0.00,0.00,5
48462,-1.168,0.832,-1.475,-2.563,-3.723,95.276,0.000,0.000,0.000,0.4620,0.0543,-0.2598,0.8463,3114.84,39.94,-29.21,30.78,-1.475,-1.475,59485.4,0,0.00,0.00,5
48482,-1.146,0.873,-1.476,-2.808,-3.662,95.032,0.000,0.000,0.000,0.4477,0.0503,-0.2613,0.8537,3115.97,39.67,-29.26,30.87,-1.476,-1.476,59464.5,0,0.00,0.00,5
48503,-1.116,0.911,-1.464,-2.930,-3.662,94.849,0.000,0.000,0.000,0.4334,0.0463,-0.2628,0.8608,3117.07,39.37,-29.17,30.96,-1.464,-1.464,59463.2,0,0.00,0.00,5
48522,-1.087,0.948,-1.468,-2.991,-3.540,94.788,0.000,0.000,0.000,0.4189,0.0423,-0.2643,0.8677,3118.18,39.10,-29.22,31.05,-1.468,-1.468,59450.2,0,0.00,0.00,5
48545,-1.056,0.985,-1.467,-3.052,-3.479,94.666,0.000,0.000,0.000,0.4044,0.0382,-0.2657,0.8743,3119.25,38.79,-29.22,31.14,-1.467,-1.467,59449.4,0,0.00,0.00,5
48562,-1.026,1.022,-1.459,-3.235,-3.418,94.421,0.000,0.000,0.000,0.3898,0.0341,-0.2670,0.8807,3120.36,38.52,-29.19,31.23,-1.459,-1.459,59432.2,0,0.00,0.00,5
48582,-0.994,1.056,-1.459,-3.357,-3.296,94.238,0.000,0.000,0.000,0.3752,0.0300,-0.2683,0.8868,3121.42,38.21,-29.21,31.32,-1.459,-1.459,59434.6,0,0.00,0.00,5
48602,-0.958,1.089,-1.456,-3.479,-3.174,94.116,0.000,0.000,0.000,0.3604,0.0258,-0.2695,0.8927,3122.52,37.94,-29.19,31.41,-1.456,-1.456,59416.5,0,0.00,0.00,5
48622,-0.925,1.121,-1.455,-3.540,-3.174,93.933,0.000,0.000,0.000,0.3456,0.0217,-0.2706,0.8983,3123.54,37.61,-29.20,31.50,-1.455,-1.455,59422.1,0,0.00,0.00,5
48642,-0.890,1.152,-1.450,-3.723,-2.991,93.689,0.000,0.000,0.000,0.3307,0.0175,-0.2717,0.9036,3124.59,37.31,-29.18,31.60,-1.450,-1.450,59409.6,0,0.00,0.00,5
48662,-0.852,1.183,-1.445,-3.723,-2.930,93.567,0.000,0.000,0.000,0.3158,0.0133,-0.2727,0.9087,3125.65,37.02,-29.16,31.69,-1.445,-1.445,59397.4,0,0.00,0.00,5
48682,-0.817,1.210,-1.445,-3.784,-2.869,93.323,0.000,0.000,0.000,0.3008,0.0091,-0.2736,0.9135,3126.69,36.72,-29.17,31.78,-1.445,-1.445,59393.0,0,0.00,0.00,5
48703,-0.775,1.239,-1.447,-3.906,-2.747,93.201,0.000,0.000,0.000,0.2858,0.0049,-0.2745,0.9181,3127.75,36.44,-29.21,31.87,-1.447,-1.447,59381.3,0,0.00,0.00,5
48722,-0.737,1.265,-1.440,-3.967,-2.686,93.018,0.000,0.000,0.000,0.2707,0.0007,-0.2753,0.9224,3128.81,36.18,-29.17,31.96,-1.440,-1.440,59371.2,0,0.00,0.00,5
48742,-0.699,1.290,-1.438,-4.089,-2.502,92.895,0.000,0.000,0.000,0.2556,-0.0036,-0.2761,0.9265,3129.88,35.92,-29.17,32.05,-1.438,-1.438,59360.8,0,0.00,0.00,5
48762,-0.656,1.313,-1.435,-4.211,-2.258,92.834,0.000,0.000,0.000,0.2405,-0.0079,-0.2768,0.9303,3130.93,35.65,-29.16,32.15,-1.435,-1.435,59356.5,0,0.00,0.00,5
48782,-0.617,1.334,-1.432,-4.272,-2.258,92.590,0.000,0.000,0.000,0.2253,-0.0122,-0.2774,0.9339,3131.90,35.32,-29.15,32.24,-1.432,-1.432,59361.3,0,0.00,0.00,5
48802,-0.573,1.358,-1.429,-4.395,-2.075,92.346,0.000,0.000,0.000,0.2101,-0.0165,-0.2780,0.9372,3132.96,35.07,-29.16,32.33,-1.429,-1.429,59337.4,0,0.00,0.00,5
48822,-0.532,1.377,-1.426,-4.517,-1.953,92.224,0.000,0.000,0.000,0.1949,-0.0208,-0.2785,0.9402,3133.93,34.74,-29.15,32.43,-1.426,-1.426,59346.7,0,0.00,0.00,5
48842,-0.486,1.396,-1.423,-4.639,-1.770,92.163,0.000,0.000,0.000,0.1796,-0.0251,-0.2789,0.9430,3134.94,34.46,-29.15,32.53,-1.423,-1.423,59329.0,0,0.00,0.00,5
48862,-0.440,1.413,-1.419,-4.639,-1.648,91.919,0.000,0.000,0.000,0.1644,-0.0295,-0.2793,0.9456,3136.03,34.25,-29.13,32.62,-1.419,-1.419,59306.6,0,0.00,0.00,5
48882,-0.395,1.428,-1.420,-4.700,-1.587,91.736,0.000,0.000,0.000,0.1491,-0.0338,-0.2796,0.9479,3137.03,33.97,-29.16,32.72,-1.420,-1.420,59313.3,0,0.00,0.00,5
48903,-0.354,1.443,-1.417,-4.700,-1.221,91.614,0.000,0.000,0.000,0.1339,-0.0382,-0.2798,0.9499,3138.01,33.66,-29.17,32.81,-1.417,-1.417,59311.7,0,0.00,0.00,5
48922,-0.308,1.455,-1.412,-4.883,-1.282,91.370,0.000,0.000,0.000,0.1186,-0.0425,-0.2800,0.9517,3138.94,33.33,-29.13,32.91,-1.412,-1.412,59310.6,0,0.00,0.00,5
48942,-0.262,1.467,-1.407,-4.822,-0.916,91.187,0.000,0.000,0.000,0.1034,-0.0469,-0.2801,0.9532,3139.93,33.05,-29.12,33.00,-1.407,-1.407,59292.8,0,0.00,0.00,5
48962,-0.215,1.476,-1.406,-4.944,-0.855,91.126,0.000,0.000,0.000,0.0881,-0.0513,-0.2802,0.9545,3140.95,32.81,-29.13,33.10,-1.406,-1.406,59276.5,0,0.00,0.00,5
48982,-0.169,1.484,-1.404,-5.005,-0.671,90.942,0.000,0.000,0.000,0.0729,-0.0557,-0.2802,0.9555,3141.95,32.55,-29.13,33.20,-1.404,-1.404,59274.2,0,0.00,0.00,5
49002,-0.120,1.491,-1.397,-4.883,-0.488,90.820,0.000,0.000,0.000,0.0577,-0.0602,-0.2801,0.9564,3142.96,32.31,-29.10,33.29,-1.397,-1.397,59262.7,0,0.00,0.00,5
49022,-0.072,1.497,-1.398,-5.005,-0.366,90.637,0.000,0.000,0.000,0.0425,-0.0646,-0.2799,0.9569,3143.96,32.06,-29.13,33.39,-1.398,-1.398,59256.5,0,0.00,0.00,5
49042,-0.027,1.500,-1.393,-5.005,-0.183,90.454,0.000,0.000,0.000,0.0273,-0.0690,-0.2797,0.9572,3144.91,31.78,-29.10,33.49,-1.393,-1.393,59257.4,0,0.00,0.00,5
49062,0.021,1.503,-1.391,-5.127,0.000,90.271,0.000,0.000,0.000,0.0121,-0.0734,-0.2795,0.9573,3145.87,31.50,-29.11,33.59,-1.391,-1.391,59248.8,0,0.00,0.00,5
49082,0.070,1.505,-1.388,-5.005,0.244,90.271,0.000,0.000,0.000,-0.0030,-0.0779,-0.2791,0.9571,3146.84,31.24,-29.11,33.69,-1.388,-1.388,59237.9,0,0.00,0.00,5
49103,0.117,1.502,-1.386,-5.066,0.183,89.905,0.000,0.000,0.000,-0.0181,-0.0823,-0.2787,0.9567,3147.81,30.98,-29.10,33.79,-1.386,-1.386,59231.2,0,0.00,0.00,5
49122,0.164,1.501,-1.382,-4.883,0.488,89.722,0.000,0.000,0.000,-0.0331,-0.0867,-0.2782,0.9560,3148.76,30.72,-29.10,33.88,-1.382,-1.382,59224.8,0,0.00,0.00,5
49142,0.213,1.495,-1.376,-5.005,0.732,89.722,0.000,0.000,0.000,-0.0481,-0.0911,-0.2776,0.9551,3149.73,30.46,-29.06,33.98,-1.376,-1.376,59215.4,0,0.00,0.00,5
49162,0.261,1.492,-1.375,-5.066,0.855,89.478,0.000,0.000,0.000,-0.0630,-0.0955,-0.2770,0.9540,3150.67,30.20,-29.09,34.08,-1.375,-1.375,59210.9,0,0.00,0.00,5
49182,0.305,1.484,-1.375,-5.066,1.038,89.233,0.000,0.000,0.000,-0.0779,-0.1000,-0.2764,0.9527,3151.67,29.99,-29.09,34.18,-1.375,-1.375,59193.6,0,0.00,0.00,5
49202,0.351,1.478,-1.370,-4.944,1.160,89.233,0.000,0.000,0.000,-0.0928,-0.1044,-0.2756,0.9511,3152.56,29.69,-29.08,34.28,-1.370,-1.370,59204.6,0,0.00,0.00,5
49222,0.398,1.469,-1.367,-5.066,1.343,89.050,0.000,0.000,0.000,-0.1076,-0.1088,-0.2748,0.9492,3153.46,29.39,-29.09,34.38,-1.367,-1.367,59197.4,0,0.00,0.00,5
49242,0.445,1.455,-1.364,-4.944,1.465,88.928,0.000,0.000,0.000,-0.1223,-0.1132,-0.2739,0.9472,3154.44,29.18,-29.07,34.48,-1.364,-1.364,59173.4,0,0.00,0.00,5
49262,0.489,1.443,-1.365,-4.883,1.709,88.684,0.000,0.000,0.000,-0.1370,-0.1176,-0.2730,0.9449,3155.35,28.91,-29.09,34.59,-1.365,-1.365,59177.9,0,0.00,0.00,5
49285,0.538,1.429,-1.360,-4.822,1.770,88.501,0.000,0.000,0.000,-0.1516,-0.1220,-0.2720,0.9424,3156.34,28.71,-29.09,34.69,-1.360,-1.360,59156.0,0,0.00,0.00,5
49302,0.581,1.417,-1.355,-4.822,1.953,88.379,0.000,0.000,0.000,-0.1661,-0.1263,-0.2709,0.9397,3157.30,28.50,-29.08,34.79,-1.355,-1.355,59152.8,0,0.00,0.00,5
49323,0.623,1.400,-1.349,-4.822,1.953,88.318,0.000,0.000,0.000,-0.1806,-0.1307,-0.2698,0.9368,3158.23,28.26,-29.04,34.89,-1.349,-1.349,59151.8,0,0.00,0.00,5
49342,0.668,1.379,-1.347,-4.761,2.197,88.135,0.000,0.000,0.000,-0.1950,-0.1350,-0.2686,0.9336,3159.14,28.00,-29.04,34.99,-1.347,-1.347,59147.2,0,0.00,0.00,5
49362,0.711,1.361,-1.346,-4.700,2.502,88.013,0.000,0.000,0.000,-0.2093,-0.1394,-0.2673,0.9302,3160.09,27.80,-29.05,35.09,-1.346,-1.346,59131.0,0,0.00,0.00,5
49382,0.756,1.342,-1.344,-4.639,2.563,87.830,0.000,0.000,0.000,-0.2235,-0.1437,-0.2660,0.9266,3161.03,27.57,-29.07,35.20,-1.344,-1.344,59127.4,0,0.00,0.00,5
49402,0.796,1.319,-1.340,-4.517,2.624,87.646,0.000,0.000,0.000,-0.2376,-0.1480,-0.2646,0.9228,3161.89,27.29,-29.05,35.30,-1.340,-1.340,59134.6,0,0.00,0.00,5
49422,0.837,1.296,-1.333,-4.456,2.808,87.463,0.000,0.000,0.000,-0.2517,-0.1523,-0.2632,0.9188,3162.75,27.01,-29.02,35.40,-1.333,-1.333,59126.4,0,0.00,0.00,5
49442,0.878,1.271,-1.330,-4.456,2.930,87.341,0.000,0.000,0.000,-0.2657,-0.1566,-0.2617,0.9146,3163.69,26.81,-29.01,35.51,-1.330,-1.330,59103.8,0,0.00,0.00,5
49462,0.916,1.245,-1.330,-4.334,3.113,87.158,0.000,0.000,0.000,-0.2795,-0.1608,-0.2601,0.9101,3164.68,26.65,-29.03,35.61,-1.330,-1.330,59087.5,0,0.00,0.00,5
49482,0.957,1.219,-1.325,-4.211,3.357,87.097,0.000,0.000,0.000,-0.2933,-0.1651,-0.2584,0.9055,3165.62,26.46,-29.02,35.72,-1.325,-1.325,59087.5,0,0.00,0.00,5
49503,0.995,1.192,-1.322,-4.272,3.357,86.914,0.000,0.000,0.000,-0.3069,-0.1693,-0.2568,0.9007,3166.52,26.22,-29.02,35.82,-1.322,-1.322,59090.6,0,0.00,0.00,5
49522,1.033,1.163,-1.316,-4.028,3.601,86.792,0.000,0.000,0.000,-0.3205,-0.1735,-0.2550,0.8956,3167.38,25.96,-29.00,35.93,-1.316,-1.316,59089.1,0,0.00,0.00,5
49542,1.066,1.133,-1.314,-4.028,3.662,86.609,0.000,0.000,0.000,-0.3340,-0.1777,-0.2532,0.8904,3168.29,25.75,-28.99,36.04,-1.314,-1.314,59072.6,0,0.00,0.00,5
49562,1.103,1.101,-1.318,-3.845,3.723,86.548,0.000,0.000,0.000,-0.3473,-0.1819,-0.2513,0.8850,3169.21,25.55,-29.06,36.14,-1.318,-1.318,59062.2,0,0.00,0.00,5
49582,1.139,1.068,-1.307,-3.723,3.967,86.365,0.000,0.000,0.000,-0.3606,-0.1860,-0.2493,0.8793,3170.14,25.37,-28.99,36.25,-1.307,-1.307,59053.3,0,0.00,0.00,5
49602,1.170,1.034,-1.310,-3.723,4.028,86.182,0.000,0.000,0.000,-0.3737,-0.1901,-0.2473,0.8735,3171.04,25.16,-29.03,36.35,-1.310,-1.310,59051.4,0,0.00,0.00,5
49622,1.205,0.998,-1.304,-3.601,4.150,85.937,0.000,0.000,0.000,-0.3867,-0.1942,-0.2453,0.8675,3171.90,24.92,-29.01,36.46,-1.304,-1.304,59053.0,0,0.00,0.00,5
49642,1.236,0.968,-1.298,-3.479,4.334,85.937,0.000,0.000,0.000,-0.3996,-0.1983,-0.2431,0.8613,3172.71,24.63,-29.00,36.57,-1.298,-1.298,59055.5,0,0.00,0.00,5
49662,1.268,0.932,-1.299,-3.357,4.334,85.693,0.000,0.000,0.000,-0.4124,-0.2023,-0.2409,0.8550,3173.64,24.46,-29.04,36.68,-1.299,-1.299,59024.3,0,0.00,0.00,5
49682,1.294,0.893,-1.292,-3.235,4.517,85.693,0.000,0.000,0.000,-0.4250,-0.2063,-0.2387,0.8484,3174.60,24.32,-28.98,36.79,-1.292,-1.292,59012.3,0,0.00,0.00,5
49702,1.323,0.855,-1.291,-3.113,4.517,85.449,0.000,0.000,0.000,-0.4376,-0.2103,-0.2364,0.8417,3175.41,24.05,-29.00,36.89,-1.291,-1.291,59032.3,0,0.00,0.00,5
49722,1.352,0.818,-1.286,-2.991,4.700,85.205,0.000,0.000,0.000,-0.4499,-0.2143,-0.2340,0.8348,3176.34,23.90,-29.00,37.00,-1.286,-1.286,59001.9,0,0.00,0.00,5
49742,1.375,0.777,-1.280,-2.869,4.822,85.205,0.000,0.000,0.000,-0.4622,-0.2182,-0.2316,0.8277,3177.21,23.69,-28.97,37.11,-1.280,-1.280,59008.0,0,0.00,0.00,5
49762,1.402,0.737,-1.283,-2.747,4.883,85.022,0.000,0.000,0.000,-0.4744,-0.2221,-0.2292,0.8205,3178.08,23.48,-29.02,37.22,-1.283,-1.283,58999.5,0,0.00,0.00,5
49782,1.422,0.698,-1.275,-2.563,4.944,84.717,0.000,0.000,0.000,-0.4863,-0.2260,-0.2266,0.8131,3178.91,23.24,-28.97,37.33,-1.275,-1.275,59001.1,0,0.00,0.00,5
49802,1.444,0.657,-1.271,-2.380,5.066,84.717,0.000,0.000,0.000,-0.4982,-0.2298,-0.2240,0.8055,3179.77,23.03,-28.96,37.44,-1.271,-1.271,58988.5,0,0.00,0.00,5
49822,1.466,0.615,-1.271,-2.319,5.127,84.595,0.000,0.000,0.000,-0.5099,-0.2336,-0.2214,0.7977,3180.59,22.80,-28.99,37.55,-1.271,-1.271,58988.0,0,0.00,0.00,5
49842,1.487,0.571,-1.263,-2.136,5.371,84.412,0.000,0.000,0.000,-0.5215,-0.2374,-0.2187,0.7898,3181.50,22.65,-28.95,37.66,-1.263,-1.263,58964.5,0,0.00,0.00,5
49862,1.507,0.527,-1.264,-1.892,5.371,84.290,0.000,0.000,0.000,-0.5329,-0.2412,-0.2159,0.7818,3182.36,22.45,-28.99,37.77,-1.264,-1.264,58966.7,0,0.00,0.00,5
49882,1.524,0.485,-1.255,-1.892,5.493,84.106,0.000,0.000,0.000,-0.5442,-0.2449,-0.2131,0.7736,3183.22,22.26,-28.96,37.89,-1.255,-1.255,58960.5,0,0.00,0.00,5
49903,1.540,0.438,-1.251,-1.709,5.493,83.801,0.000,0.000,0.000,-0.5554,-0.2485,-0.2103,0.7652,3184.02,22.01,-28.94,38.00,-1.251,-1.251,58965.8,0,0.00,0.00,5
49922,1.552,0.396,-1.251,-1.526,5.554,83.923,0.000,0.000,0.000,-0.5664,-0.2522,-0.2074,0.7567,3184.89,21.84,-28.96,38.11,-1.251,-1.251,58944.0,0,0.00,0.00,5
49942,1.564,0.348,-1.250,-1.404,5.676,83.618,0.000,0.000,0.000,-0.5772,-0.2558,-0.2044,0.7481,3185.68,21.59,-28.96,38.23,-1.250,-1.250,58953.0,0,0.00,0.00,5
49962,1.579,0.307,-1.246,-1.099,5.554,83.557,0.000,0.000,0.000,-0.5879,-0.2594,-0.2014,0.7393,3186.56,21.44,-28.97,38.34,-1.246,-1.246,58927.5,0,0.00,0.00,5
49982,1.590,0.259,-1.243,-0.916,5.798,83.374,0.000,0.000,0.000,-0.5984,-0.2629,-0.1983,0.7304,3187.34,21.19,-28.98,38.45,-1.243,-1.243,58942.1,0,0.00,0.00,5
50002,1.597,0.212,-1.239,-0.793,5.737,83.069,0.000,0.000,0.000,-0.6088,-0.2664,-0.1951,0.7213,3188.19,21.02,-28.95,38.57,-1.239,-1.239,58920.3,0,0.00,0.00,5
50025,1.605,0.166,-1.232,-0.671,5.859,83.069,0.000,0.000,0.000,-0.6190,-0.2699,-0.1920,0.7121,3189.03,20.83,-28.94,38.68,-1.232,-1.232,58917.0,0,0.00,0.00,5
50042,1.614,0.119,-1.227,-0.427,5.920,82.886,0.000,0.000,0.000,-0.6291,-0.2733,-0.1887,0.7028,3189.85,20.64,-28.93,38.80,-1.227,-1.227,58912.2,0,0.00,0.00,5
50062,1.619,0.073,-1.223,-0.305,5.737,82.825,0.000,0.000,0.000,-0.6390,-0.2767,-0.1854,0.6934,3190.63,20.40,-28.92,38.91,-1.223,-1.223,58916.3,0,0.00,0.00,5
50082,1.623,0.027,-1.222,-0.061,5.981,82.764,0.000,0.000,0.000,-0.6487,-0.2801,-0.1821,0.6838,3191.51,20.27,-28.94,39.03,-1.222,-1.222,58887.4,0,0.00,0.00,5
50103,1.625,-0.021,-1.217,0.061,5.798,82.581,0.000,0.000,0.000,-0.6583,-0.2833,-0.1787,0.6741,3192.34,20.09,-28.93,39.14,-1.217,-1.217,58891.5,0,0.00,0.00,5
50122,1.624,-0.069,-1.213,0.244,5.859,82.336,0.000,0.000,0.000,-0.6678,-0.2866,-0.1752,0.6643,3193.12,19.87,-28.91,39.26,-1.213,-1.213,58893.1,0,0.00,0.00,5
50142,1.624,-0.114,-1.212,0.366,6.042,82.275,0.000,0.000,0.000,-0.6770,-0.2898,-0.1718,0.6543,3193.97,19.71,-28.93,39.38,-1.212,-1.212,58875.4,0,0.00,0.00,5
50162,1.622,-0.162,-1.208,0.671,6.042,82.153,0.000,0.000,0.000,-0.6861,-0.2930,-0.1682,0.6442,3194.78,19.53,-28.92,39.50,-1.208,-1.208,58873.6,0,0.00,0.00,5
50182,1.625,-0.207,-1.208,0.855,5.981,82.031,0.000,0.000,0.000,-0.6951,-0.2962,-0.1646,0.6341,3195.60,19.35,-28.97,39.62,-1.208,-1.208,58867.7,0,0.00,0.00,5
50202,1.618,-0.254,-1.198,0.977,5.920,81.909,0.000,0.000,0.000,-0.7038,-0.2993,-0.1610,0.6238,3196.37,19.14,-28.91,39.73,-1.198,-1.198,58869.3,0,0.00,0.00,5
50222,1.613,-0.301,-1.196,1.099,5.859,81.665,0.000,0.000,0.000,-0.7124,-0.3023,-0.1573,0.6134,3197.19,18.97,-28.93,39.85,-1.196,-1.196,58854.6,0,0.00,0.00,5
50242,1.605,-0.349,-1.197,1.221,5.859,81.543,0.000,0.000,0.000,-0.7209,-0.3053,-0.1536,0.6030,3197.94,18.75,-28.96,39.97,-1.197,-1.197,58859.4,0,0.00,0.00,5
50262,1.598,-0.394,-1.189,1.587,5.859,81.421,0.000,0.000,0.000,-0.7291,-0.3083,-0.1498,0.5924,3198.71,18.54,-28.93,40.09,-1.189,-1.189,58852.0,0,0.00,0.00,5
50282,1.589,-0.440,-1.188,1.648,5.798,81.360,0.000,0.000,0.000,-0.7372,-0.3112,-0.1460,0.5817,3199.47,18.33,-28.95,40.21,-1.188,-1.188,58845.9,0,0.00,0.00,5
50302,1.576,-0.486,-1.187,1.770,5.981,81.238,0.000,0.000,0.000,-0.7451,-0.3141,-0.1421,0.5709,3200.26,18.15,-28.95,40.33,-1.187,-1.187,58833.4,0,0.00,0.00,5
50323,1.562,-0.532,-1.179,1.953,5.859,81.116,0.000,0.000,0.000,-0.7529,-0.3169,-0.1383,0.5600,3201.06,17.98,-28.91,40.45,-1.179,-1.179,58826.2,0,0.00,0.00,5
50342,1.550,-0.577,-1.176,2.136,5.676,80.872,0.000,0.000,0.000,-0.7605,-0.3196,-0.1343,0.5491,3201.79,17.75,-28.92,40.57,-1.176,-1.176,58832.2,0,0.00,0.00,5
50362,1.536,-0.619,-1.174,2.380,5.615,80.811,0.000,0.000,0.000,-0.7679,-0.3223,-0.1303,0.5380,3202.56,17.57,-28.93,40.69,-1.174,-1.174,58818.7,0,0.00,0.00,5
50382,1.521,-0.662,-1.169,2.502,5.798,80.750,0.000,0.000,0.000,-0.7751,-0.3250,-0.1263,0.5269,3203.32,17.38,-28.92,40.82,-1.169,-1.169,58814.7,0,0.00,0.00,5
50402,1.503,-0.708,-1.167,2.747,5.554,80.505,0.000,0.000,0.000,-0.7821,-0.3277,-0.1222,0.5157,3204.12,17.22,-28.94,40.94,-1.167,-1.167,58801.0,0,0.00,0.00,5
50422,1.485,-0.752,-1.157,2.869,5.676,80.383,0.000,0.000,0.000,-0.7890,-0.3302,-0.1181,0.5044,3204.87,17.03,-28.89,41.06,-1.157,-1.157,58803.0,0,0.00,0.00,5
50442,1.465,-0.794,-1.155,3.052,5.493,80.261,0.000,0.000,0.000,-0.7957,-0.3328,-0.1140,0.4931,3205.58,16.79,-28.90,41.19,-1.155,-1.155,58806.9,0,0.00,0.00,5
50462,1.444,-0.838,-1.152,3.235,5.432,80.078,0.000,0.000,0.000,-0.8022,-0.3352,-0.1098,0.4816,3206.37,16.64,-28.91,41.31,-1.152,-1.152,58784.0,0,0.00,0.00,5
50482,1.422,-0.875,-1.149,3.357,5.249,80.017,0.000,0.000,0.000,-0.8086,-0.3376,-0.1055,0.4702,3207.10,16.45,-28.90,41.43,-1.149,-1.149,58788.3,0,0.00,0.00,5
50503,1.398,-0.918,-1.139,3.479,5.371,79.834,0.000,0.000,0.000,-0.8148,-0.3400,-0.1013,0.4586,3207.93,16.34,-28.86,41.56,-1.139,-1.139,58764.2,0,0.00,0.00,5
50522,1.372,-0.958,-1.143,3.540,5.188,79.773,0.000,0.000,0.000,-0.8208,-0.3423,-0.0970,0.4470,3208.67,16.16,-28.90,41.68,-1.143,-1.143,58773.6,0,0.00,0.00,5
50542,1.349,-0.996,-1.134,3.784,5.066,79.529,0.000,0.000,0.000,-0.8266,-0.3446,-0.0927,0.4353,3209.38,15.94,-28.87,41.81,-1.134,-1.134,58774.9,0,0.00,0.00,5
50562,1.323,-1.035,-1.134,3.967,5.005,79.468,0.000,0.000,0.000,-0.8322,-0.3468,-0.0883,0.4235,3210.14,15.78,-28.90,41.93,-1.134,-1.134,58760.2,0,0.00,0.00,5
50582,1.296,-1.073,-1.128,4.089,4.822,79.346,0.000,0.000,0.000,-0.8377,-0.3489,-0.0839,0.4117,3210.85,15.58,-28.88,42.06,-1.128,-1.128,58761.3,0,0.00,0.00,5
50602,1.268,-1.110,-1.121,4.272,4.822,79.224,0.000,0.000,0.000,-0.8429,-0.3510,-0.0795,0.3999,3211.56,15.37,-28.86,42.19,-1.121,-1.121,58757.6,0,0.00,0.00,5
50622,1.239,-1.146,-1.117,4.334,4.761,79.040,0.000,0.000,0.000,-0.8481,-0.3530,-0.0750,0.3880,3212.35,15.25,-28.85,42.31,-1.117,-1.117,58735.7,0,0.00,0.00,5
50642,1.207,-1.182,-1.114,4.456,4.639,78.979,0.000,0.000,0.000,-0.8530,-0.3550,-0.0705,0.3760,3213.08,15.08,-28.86,42.44,-1.114,-1.114,58739.4,0,0.00,0.00,5
50662,1.175,-1.215,-1.108,4.700,4.456,78.857,0.000,0.000,0.000,-0.8577,-0.3569,-0.0660,0.3641,3213.77,14.86,-28.83,42.57,-1.108,-1.108,58744.2,0,0.00,0.00,5
50682,1.143,-1.251,-1.106,4.883,4.395,78.735,0.000,0.000,0.000,-0.8623,-0.3588,-0.0614,0.3520,3214.45,14.65,-28.86,42.70,-1.106,-1.106,58738.7,0,0.00,0.00,5
50703,1.111,-1.283,-1.102,5.005,4.211,78.613,0.000,0.000,0.000,-0.8667,-0.3606,-0.0568,0.3399,3215.14,14.44,-28.85,42.83,-1.102,-1.102,58731.7,0,0.00,0.00,5
50722,1.079,-1.314,-1.104,5.188,4.089,78.369,0.000,0.000,0.000,-0.8709,-0.3624,-0.0522,0.3279,3215.85,14.27,-28.90,42.96,-1.104,-1.104,58720.3,0,0.00,0.00,5
50742,1.042,-1.346,-1.093,5.188,4.028,78.247,0.000,0.000,0.000,-0.8749,-0.3641,-0.0476,0.3157,3216.56,14.09,-28.85,43.09,-1.093,-1.093,58715.0,0,0.00,0.00,5
50765,1.007,-1.378,-1.090,5.310,3.906,78.247,0.000,0.000,0.000,-0.8788,-0.3658,-0.0429,0.3035,3217.26,13.91,-28.87,43.22,-1.090,-1.090,58712.0,0,0.00,0.00,5
50782,0.966,-1.405,-1.086,5.432,3.845,78.064,0.000,0.000,0.000,-0.8825,-0.3673,-0.0382,0.2913,3217.96,13.72,-28.85,43.35,-1.086,-1.086,58707.4,0,0.00,0.00,5
50802,0.932,-1.433,-1.081,5.615,3.540,77.942,0.000,0.000,0.000,-0.8860,-0.3689,-0.0335,0.2791,3218.67,13.57,-28.85,43.48,-1.081,-1.081,58696.8,0,0.00,0.00,5
50822,0.895,-1.460,-1.078,5.615,3.418,77.759,0.000,0.000,0.000,-0.8893,-0.3703,-0.0287,0.2669,3219.31,13.33,-28.85,43.61,-1.078,-1.078,58707.8,0,0.00,0.00,5
50842,0.855,-1.485,-1.076,5.859,3.418,77.759,0.000,0.000,0.000,-0.8924,-0.3717,-0.0239,0.2546,3219.96,13.12,-28.86,43.74,-1.076,-1.076,58698.9,0,0.00,0.00,5
50862,0.816,-1.510,-1.070,5.798,3.357,77.576,0.000,0.000,0.000,-0.8954,-0.3731,-0.0192,0.2423,3220.64,12.94,-28.85,43.87,-1.070,-1.070,58686.7,0,0.00,0.00,5
50882,0.774,-1.533,-1.067,5.920,3.174,77.393,0.000,0.000,0.000,-0.8982,-0.3744,-0.0144,0.2300,3221.32,12.76,-28.85,44.01,-1.067,-1.067,58681.6,0,0.00,0.00,5
50903,0.735,-1.560,-1.063,6.103,2.930,77.271,0.000,0.000,0.000,-0.9008,-0.3756,-0.0095,0.2177,3221.90,12.48,-28.88,44.14,-1.063,-1.063,58697.1,0,0.00,0.00,5
50922,0.694,-1.579,-1.059,6.226,2.747,77.210,0.000,0.000,0.000,-0.9032,-0.3768,-0.0047,0.2054,3222.57,12.30,-28.86,44.27,-1.059,-1.059,58672.6,0,0.00,0.00,5
50942,0.651,-1.598,-1.054,6.287,2.563,76.965,0.000,0.000,0.000,-0.9055,-0.3779,0.0002,0.1930,3223.24,12.13,-28.85,44.41,-1.054,-1.054,58667.4,0,0.00,0.00,5
50962,0.609,-1.619,-1.050,6.409,2.441,77.026,0.000,0.000,0.000,-0.9076,-0.3790,0.0051,0.1807,3223.93,11.97,-28.86,44.54,-1.050,-1.050,58657.6,0,0.00,0.00,5
50982,0.567,-1.635,-1.042,6.470,2.136,76.843,0.000,0.000,0.000,-0.9095,-0.3799,0.0101,0.1684,3224.59,11.79,-28.82,44.68,-1.042,-1.042,58658.7,0,0.00,0.00,5
51002,0.523,-1.654,-1.039,6.592,2.075,76.599,0.000,0.000,0.000,-0.9112,-0.3809,0.0150,0.1560,3225.26,11.63,-28.84,44.81,-1.039,-1.039,58650.2,0,0.00,0.00,5
51022,0.480,-1.668,-1.032,6.592,1.892,76.538,0.000,0.000,0.000,-0.9128,-0.3817,0.0200,0.1437,3225.90,11.44,-28.81,44.95,-1.032,-1.032,58651.4,0,0.00,0.00,5
51042,0.435,-1.682,-1.032,6.653,1.831,76.599,0.000,0.000,0.000,-0.9142,-0.3826,0.0250,0.1313,3226.51,11.22,-28.83,45.08,-1.032,-1.032,58652.5,0,0.00,0.00,5
51062,0.391,-1.695,-1.027,6.653,1.648,76.416,0.000,0.000,0.000,-0.9154,-0.3833,0.0299,0.1190,3227.14,11.02,-28.82,45.22,-1.027,-1.027,58643.0,0,0.00,0.00,5
51082,0.347,-1.706,-1.022,6.836,1.465,76.233,0.000,0.000,0.000,-0.9165,-0.3840,0.0349,0.1067,3227.75,10.81,-28.81,45.36,-1.022,-1.022,58641.3,0,0.00,0.00,5
51103,0.301,-1.718,-1.017,7.019,1.160,76.050,0.000,0.000,0.000,-0.9174,-0.3846,0.0400,0.0944,3228.41,10.66,-28.81,45.50,-1.017,-1.017,58625.0,0,0.00,0.00,5
51122,0.257,-1.728,-1.014,6.836,1.038,76.050,0.000,0.000,0.000,-0.9181,-0.3852,0.0450,0.0821,3229.07,10.50,-28.82,45.63,-1.014,-1.014,58621.9,0,0.00,0.00,5
51142,0.208,-1.738,-1.012,7.080,0.977,75.867,0.000,0.000,0.000,-0.9186,-0.3857,0.0501,0.0698,3229.70,10.32,-28.84,45.77,-1.012,-1.012,58621.6,0,0.00,0.00,5
51162,0.163,-1.745,-1.002,6.958,0.549,75.745,0.000,0.000,0.000,-0.9190,-0.3861,0.0552,0.0576,3230.41,10.22,-28.81,45.91,-1.002,-1.002,58600.3,0,0.00,0.00,5
51182,0.119,-1.749,-1.003,7.019,0.488,75.623,0.000,0.000,0.000,-0.9192,-0.3865,0.0602,0.0453,3231.01,10.02,-28.83,46.05,-1.003,-1.003,58616.6,0,0.00,0.00,5
51202,0.069,-1.756,-0.996,7.080,0.244,75.623,0.000,0.000,0.000,-0.9193,-0.3868,0.0654,0.0331,3231.52,9.73,-28.82,46.19,-0.996,-0.996,58629.3,0,0.00,0.00,5
51222,0.024,-1.759,-0.989,7.141,0.244,75.317,0.000,0.000,0.000,-0.9191,-0.3870,0.0704,0.0209,3232.17,9.59,-28.80,46.33,-0.989,-0.989,58596.0,0,0.00,0.00,5
51242,-0.019,-1.761,-0.985,7.080,-0.061,75.256,0.000,0.000,0.000,-0.9188,-0.3872,0.0755,0.0087,3232.79,9.42,-28.80,46.47,-0.985,-0.985,58597.8,0,0.00,0.00,5
51262,-0.066,-1.761,-0.981,7.080,-0.366,75.134,0.000,0.000,0.000,-0.9184,-0.3873,0.0807,-0.0034,3233.39,9.23,-28.79,46.61,-0.981,-0.981,58596.3,0,0.00,0.00,5
51282,-0.114,-1.763,-0.978,7.202,-0.488,75.073,0.000,0.000,0.000,-0.9178,-0.3874,0.0858,-0.0155,3233.99,9.05,-28.81,46.75,-0.978,-0.978,58591.7,0,0.00,0.00,5
51303,-0.161,-1.761,-0.972,7.202,-0.671,74.890,0.000,0.000,0.000,-0.9170,-0.3874,0.0910,-0.0275,3234.59,8.86,-28.80,46.90,-0.972,-0.972,58586.6,0,0.01,0.00,5
51322,-0.207,-1.759,-0.966,7.263,-0.977,74.829,0.000,0.000,0.000,-0.9161,-0.3873,0.0961,-0.0395,3235.21,8.71,-28.80,47.04,-0.966,-0.966,58577.4,0,0.00,0.00,5
51342,-0.251,-1.757,-0.963,7.202,-1.038,74.707,0.000,0.000,0.000,-0.9150,-0.3872,0.1013,-0.0515,3235.77,8.49,-28.81,47.19,-0.963,-0.963,58584.5,0,0.00,0.00,5
51362,-0.300,-1.750,-0.959,7.202,-1.221,74.585,0.000,0.000,0.000,-0.9137,-0.3870,0.1065,-0.0635,3236.32,8.28,-28.80,47.33,-0.959,-0.959,58580.2,0,0.00,0.00,5
51382,-0.345,-1.743,-0.955,7.141,-1.343,74.524,0.000,0.000,0.000,-0.9123,-0.3868,0.1116,-0.0754,3236.92,8.11,-28.80,47.47,-0.955,-0.955,58566.6,0,0.06,0.00,5
51402,-0.391,-1.737,-0.950,7.202,-1.587,74.280,0.000,0.000,0.000,-0.9107,-0.3864,0.1168,-0.0873,3237.49,7.92,-28.80,47.62,-0.950,-0.950,58568.3,0,0.00,0.00,5
51422,-0.432,-1.730,-0.947,7.141,-1.831,74.219,0.000,0.000,0.000,-0.9090,-0.3861,0.1220,-0.0991,3238.10,7.77,-28.81,47.77,-0.947,-0.947,58555.2,0,0.10,0.00,5
51442,-0.480,-1.719,-0.945,7.141,-2.014,74.219,0.000,0.000,0.000,-0.9071,-0.3856,0.1271,-0.1109,3238.71,7.62,-28.82,47.91,-0.945,-0.945,58550.2,0,0.13,0.00,5
51462,-0.525,-1.708,-0.936,7.019,-2.258,74.158,0.000,0.000,0.000,-0.9051,-0.3851,0.1323,-0.1226,3239.24,7.40,-28.79,48.06,-0.936,-0.936,58560.5,0,0.00,0.00,5
51485,-0.569,-1.696,-0.930,7.019,-2.441,73.853,0.000,0.000,0.000,-0.9029,-0.3845,0.1375,-0.1342,3239.78,7.20,-28.78,48.21,-0.930,-0.930,58552.5,0,0.11,0.00,5
51502,-0.612,-1.681,-0.925,6.897,-2.563,73.792,0.000,0.000,0.000,-0.9006,-0.3839,0.1427,-0.1459,3240.34,7.01,-28.76,48.35,-0.925,-0.925,58546.7,0,0.00,0.00,5
51523,-0.661,-1.671,-0.925,6.897,-2.869,73.792,0.000,0.000,0.000,-0.8981,-0.3831,0.1479,-0.1574,3240.88,6.82,-28.84,48.50,-0.925,-0.925,58544.0,0,0.14,0.00,5
51542,-0.703,-1.654,-0.915,6.775,-2.930,73.608,0.000,0.000,0.000,-0.8954,-0.3824,0.1531,-0.1689,3241.41,6.61,-28.78,48.65,-0.915,-0.915,58541.9,0,0.00,0.00,5
51562,-0.745,-1.638,-0.913,6.836,-3.174,73.547,0.000,0.000,0.000,-0.8927,-0.3815,0.1583,-0.1804,3241.92,6.39,-28.80,48.79,-0.913,-0.913,58541.4,0,0.15,0.00,5
51582,-0.787,-1.621,-0.907,6.775,-3.418,73.486,0.000,0.000,0.000,-0.8897,-0.3806,0.1635,-0.1918,3242.54,6.28,-28.79,48.94,-0.907,-0.907,58514.1,0,0.30,0.00,5
51602,-0.831,-1.601,-0.903,6.592,-3.540,73.364,0.000,0.000,0.000,-0.8867,-0.3796,0.1687,-0.2031,3243.14,6.15,-28.79,49.09,-0.903,-0.903,58514.4,0,0.00,0.00,5
51622,-0.873,-1.580,-0.896,6.592,-3.601,73.303,0.000,0.000,0.000,-0.8835,-0.3786,0.1739,-0.2144,3243.65,5.94,-28.77,49.24,-0.896,-0.896,58528.5,0,0.24,0.00,5
51642,-0.914,-1.558,-0.892,6.531,-3.845,73.059,0.000,0.000,0.000,-0.8801,-0.3775,0.1790,-0.2256,3244.17,5.75,-28.77,49.39,-0.892,-0.892,58519.4,0,0.00,0.00,5
51662,-0.952,-1.540,-0.887,6.531,-4.150,72.998,0.000,0.000,0.000,-0.8766,-0.3764,0.1842,-0.2367,3244.73,5.59,-28.77,49.54,-0.887,-0.887,58508.2,0,0.35,0.00,5
51682,-0.995,-1.516,-0.882,6.287,-4.211,72.937,0.000,0.000,0.000,-0.8730,-0.3751,0.1893,-0.2477,3245.26,5.41,-28.78,49.69,-0.882,-0.882,58509.3,0,0.00,0.00,5
51702,-1.032,-1.493,-0.875,6.287,-4.272,72.815,0.000,0.000,0.000,-0.8692,-0.3738,0.1945,-0.2588,3245.75,5.19,-28.76,49.84,-0.875,-0.875,58513.9,0,0.34,0.00,5
51723,-1.073,-1.466,-0.876,6.103,-4.395,72.754,0.000,0.000,0.000,-0.8653,-0.3724,0.1996,-0.2697,3246.31,5.05,-28.80,49.99,-0.876,-0.876,58493.0,0,0.00,0.00,5
51742,-1.110,-1.441,-0.865,6.042,-4.639,72.571,0.000,0.000,0.000,-0.8612,-0.3710,0.2047,-0.2805,3246.88,4.91,-28.76,50.14,-0.865,-0.865,58489.4,20,0.50,0.00,5
51762,-1.148,-1.414,-0.861,5.981,-4.822,72.571,0.000,0.000,0.000,-0.8571,-0.3695,0.2098,-0.2913,3247.44,4.77,-28.76,50.30,-0.861,-0.861,58485.4,0,0.00,0.00,5
51782,-1.184,-1.385,-0.859,5.798,-5.005,72.327,0.000,0.000,0.000,-0.8528,-0.3680,0.2149,-0.3020,3247.90,4.55,-28.77,50.45,-0.859,-0.859,58499.5,20,0.50,0.00,5
51802,-1.220,-1.356,-0.851,5.676,-5.188,72.205,0.000,0.000,0.000,-0.8483,-0.3664,0.2200,-0.3126,3248.43,4.38,-28.75,50.60,-0.851,-0.851,58483.0,0,0.00,0.00,5
51822,-1.256,-1.328,-0.850,5.615,-5.493,72.205,0.000,0.000,0.000,-0.8437,-0.3647,0.2251,-0.3231,3248.98,4.24,-28.78,50.75,-0.850,-0.850,58475.4,40,0.69,0.00,5
51842,-1.291,-1.299,-0.842,5.554,-5.554,72.205,0.000,0.000,0.000,-0.8390,-0.3629,0.2302,-0.3336,3249.46,4.04,-28.77,50.91,-0.842,-0.842,58483.5,0,0.00,0.00,5
51862,-1.322,-1.267,-0.840,5.371,-5.615,72.021,0.000,0.000,0.000,-0.8342,-0.3611,0.2353,-0.3440,3249.97,3.87,-28.77,51.06,-0.840,-0.840,58473.0,60,0.82,0.00,5
51882,-1.356,-1.235,-0.837,5.310,-5.798,72.021,0.000,0.000,0.000,-0.8292,-0.3593,0.2403,-0.3543,3250.47,3.69,-28.79,51.22,-0.837,-0.837,58470.2,0,0.00,0.00,5
51903,-1.390,-1.201,-0.831,5.127,-5.859,71.838,0.000,0.000,0.000,-0.8242,-0.3573,0.2453,-0.3645,3250.98,3.53,-28.79,51.37,-0.831,-0.831,58465.6,80,1.00,0.00,5
51922,-1.417,-1.167,-0.823,4.944,-6.042,71.655,0.000,0.000,0.000,-0.8190,-0.3553,0.2503,-0.3746,3251.45,3.33,-28.73,51.53,-0.823,-0.823,58468.5,0,0.00,0.00,5
51942,-1.449,-1.131,-0.817,4.944,-6.287,71.655,0.000,0.000,0.000,-0.8136,-0.3533,0.2553,-0.3847,3251.92,3.14,-28.74,51.69,-0.817,-0.817,58462.7,80,1.00,0.00,5
51962,-1.480,-1.097,-0.809,4.761,-6.348,71.533,0.000,0.000,0.000,-0.8082,-0.3512,0.2603,-0.3946,3252.41,2.96,-28.74,51.84,-0.809,-0.809,58457.8,0,0.00,0.00,5
51982,-1.508,-1.060,-0.805,4.578,-6.592,71.411,0.000,0.000,0.000,-0.8026,-0.3490,0.2653,-0.4045,3252.86,2.76,-28.74,52.00,-0.805,-0.805,58458.2,80,1.00,0.00,5
52002,-1.535,-1.025,-0.803,4.395,-6.714,71.289,0.000,0.000,0.000,-0.7970,-0.3468,0.2702,-0.4142,3253.36,2.61,-28.75,52.16,-0.803,-0.803,58446.4,0,0.00,0.00,5
52022,-1.562,-0.989,-0.797,4.334,-6.958,71.289,0.000,0.000,0.000,-0.7912,-0.3445,0.2752,-0.4239,3253.79,2.39,-28.75,52.32,-0.797,-0.797,58455.5,0,0.00,0.00,5
52042,-1.587,-0.951,-0.793,4.150,-6.958,71.167,0.000,0.000,0.000,-0.7853,-0.3421,0.2801,-0.4334,3254.22,2.17,-28.75,52.48,-0.793,-0.793,58452.3,0,0.00,0.00,5
52062,-1.613,-0.910,-0.783,4.028,-7.019,70.984,0.000,0.000,0.000,-0.7792,-0.3397,0.2850,-0.4429,3254.61,1.92,-28.72,52.64,-0.783,-0.783,58456.5,0,0.00,0.00,5
52082,-1.635,-0.872,-0.783,3.845,-7.019,70.923,0.000,0.000,0.000,-0.7731,-0.3372,0.2898,-0.4523,3255.11,1.78,-28.74,52.80,-0.783,-0.783,58430.1,0,0.00,0.00,5
52103,-1.660,-0.830,-0.776,3.601,-7.202,70.862,0.000,0.000,0.000,-0.7669,-0.3347,0.2946,-0.4616,3255.59,1.63,-28.74,52.96,-0.776,-0.776,58430.1,0,0.00,0.00,5
52122,-1.683,-0.791,-0.770,3.479,-7.263,70.740,0.000,0.000,0.000,-0.7606,-0.3321,0.2994,-0.4708,3256.01,1.42,-28.74,53.12,-0.770,-0.770,58437.3,0,0.00,0.00,5
52142,-1.701,-0.750,-0.761,3.296,-7.324,70.679,0.000,0.000,0.000,-0.7541,-0.3294,0.3042,-0.4799,3256.44,1.23,-28.70,53.28,-0.761,-0.761,58431.2,0,0.00,0.00,5
52162,-1.721,-0.709,-0.758,3.113,-7.568,70.557,0.000,0.000,0.000,-0.7476,-0.3267,0.3090,-0.4888,3256.87,1.03,-28.72,53.44,-0.758,-0.758,58428.8,0,0.00,0.00,5
52182,-1.741,-0.666,-0.752,2.869,-7.568,70.557,0.000,0.000,0.000,-0.7409,-0.3238,0.3137,-0.4977,3257.34,0.89,-28.72,53.60,-0.752,-0.752,58415.5,0,0.00,0.00,5
52202,-1.759,-0.625,-0.748,2.747,-7.751,70.557,0.000,0.000,0.000,-0.7342,-0.3210,0.3184,-0.5065,3257.75,0.68,-28.73,53.76,-0.748,-0.748,58425.3,0,0.00,0.00,5
52225,-1.772,-0.584,-0.748,2.563,-7.874,70.435,0.000,0.000,0.000,-0.7273,-0.3181,0.3231,-0.5152,3258.17,0.49,-28.73,53.93,-0.748,-0.748,58417.9,0,0.00,0.00,5
52242,-1.789,-0.540,-0.737,2.441,-7.874,70.190,0.000,0.000,0.000,-0.7203,-0.3151,0.3278,-0.5238,3258.55,0.26,-28.71,54.09,-0.737,-0.737,58423.8,0,0.00,0.00,5
52262,-1.806,-0.495,-0.731,2.197,-7.996,70.068,0.000,0.000,0.000,-0.7133,-0.3121,0.3324,-0.5322,3258.96,0.07,-28.72,54.25,-0.731,-0.731,58412.2,0,0.00,0.00,5
52282,-1.820,-0.450,-0.729,2.014,-8.057,70.007,0.000,0.000,0.000,-0.7062,-0.3090,0.3370,-0.5406,3259.31,-0.18,-28.74,54.42,-0.729,-0.729,58422.6,0,0.00,0.00,5
52302,-1.831,-0.406,-0.721,1.770,-8.118,69.946,0.000,0.000,0.000,-0.6990,-0.3058,0.3416,-0.5488,3259.75,-0.33,-28.72,54.58,-0.721,-0.721,58399.0,0,0.00,0.00,5
52323,-1.843,-0.363,-0.715,1.648,-8.057,70.007,0.000,0.000,0.000,-0.6916,-0.3026,0.3462,-0.5570,3260.21,-0.46,-28.72,54.75,-0.715,-0.715,58392.5,0,0.00,0.00,5
52342,-1.851,-0.320,-0.711,1.465,-8.179,69.824,0.000,0.000,0.000,-0.6842,-0.2993,0.3507,-0.5651,3260.63,-0.63,-28.70,54.91,-0.711,-0.711,58396.2,0,0.00,0.00,5
52362,-1.861,-0.274,-0.704,1.343,-8.179,69.702,0.000,0.000,0.000,-0.6767,-0.2960,0.3551,-0.5730,3261.08,-0.77,-28.70,55.07,-0.704,-0.704,58387.0,0,0.00,0.00,5
52382,-1.869,-0.229,-0.700,1.160,-8.179,69.580,0.000,0.000,0.000,-0.6691,-0.2926,0.3595,-0.5808,3261.48,-0.96,-28.71,55.24,-0.700,-0.700,58393.9,0,0.00,0.00,5
52402,-1.876,-0.186,-0.695,0.855,-8.301,69.580,0.000,0.000,0.000,-0.6615,-0.2892,0.3639,-0.5885,3261.90,-1.12,-28.71,55.40,-0.695,-0.695,58385.4,0,0.00,0.00,5
52422,-1.879,-0.139,-0.689,0.732,-8.301,69.458,0.000,0.000,0.000,-0.6537,-0.2857,0.3683,-0.5961,3262.31,-1.28,-28.69,55.57,-0.689,-0.689,58382.7,0,0.00,0.00,5
52442,-1.884,-0.095,-0.685,0.549,-8.423,69.519,0.000,0.000,0.000,-0.6459,-0.2822,0.3726,-0.6036,3262.69,-1.47,-28.69,55.73,-0.685,-0.685,58386.7,0,0.00,0.00,5
52462,-1.888,-0.048,-0.678,0.305,-8.484,69.336,0.000,0.000,0.000,-0.6380,-0.2786,0.3770,-0.6110,3263.09,-1.64,-28.69,55.90,-0.678,-0.678,58379.0,0,0.00,0.00,5
52482,-1.893,-0.003,-0.669,-0.061,-8.362,69.214,0.000,0.000,0.000,-0.6300,-0.2749,0.3812,-0.6183,3263.47,-1.82,-28.69,56.07,-0.669,-0.669,58378.2,0,0.00,0.00,5
52503,-1.893,0.042,-0.668,-0.122,-8.484,69.214,0.000,0.000,0.000,-0.6219,-0.2712,0.3855,-0.6254,3263.83,-2.03,-28.70,56.23,-0.668,-0.668,58381.0,0,0.00,0.00,5
52522,-1.894,0.088,-0.663,-0.366,-8.423,69.153,0.000,0.000,0.000,-0.6138,-0.2674,0.3897,-0.6324,3264.13,-2.28,-28.71,56.40,-0.663,-0.663,58388.5,0,0.00,0.00,5
52542,-1.895,0.134,-0.656,-0.610,-8.423,69.031,0.000,0.000,0.000,-0.6055,-0.2635,0.3938,-0.6394,3264.52,-2.44,-28.71,56.57,-0.656,-0.656,58365.8,0,0.00,0.00,5
52562,-1.889,0.180,-0.645,-0.732,-8.423,68.909,0.000,0.000,0.000,-0.5973,-0.2596,0.3979,-0.6462,3264.91,-2.60,-28.66,56.74,-0.645,-0.645,58365.1,0,0.00,0.00,5
52582,-1.886,0.224,-0.643,-1.038,-8.362,68.848,0.000,0.000,0.000,-0.5889,-0.2557,0.4020,-0.6528,3265.25,-2.80,-28.67,56.90,-0.643,-0.643,58370.1,0,0.00,0.00,5
52602,-1.882,0.271,-0.636,-1.160,-8.423,68.726,0.000,0.000,0.000,-0.5805,-0.2517,0.4060,-0.6594,3265.59,-3.00,-28.67,57.07,-0.636,-0.636,58366.4,0,0.00,0.00,5
52622,-1.875,0.316,-0.633,-1.404,-8.423,68.604,0.000,0.000,0.000,-0.5720,-0.2476,0.4100,-0.6658,3265.94,-3.19,-28.67,57.24,-0.633,-0.633,58362.4,0,0.00,1.50,5
52642,-1.872,0.361,-0.626,-1.587,-8.545,68.604,0.000,0.000,0.000,-0.5635,-0.2435,0.4140,-0.6721,3266.33,-3.34,-28.69,57.41,-0.626,-0.626,58351.7,0,0.00,1.50,5
52662,-1.864,0.404,-0.622,-1.770,-8.423,68.542,0.000,0.000,0.000,-0.5549,-0.2394,0.4179,-0.6783,3266.65,-3.54,-28.68,57.58,-0.622,-0.622,58359.8,0,0.00,1.50,5
52682,-1.858,0.452,-0.614,-1.953,-8.423,68.481,0.000,0.000,0.000,-0.5462,-0.2352,0.4218,-0.6844,3266.93,-3.79,-28.70,57.75,-0.614,-0.614,58367.4,0,0.00,1.50,5
52702,-1.844,0.496,-0.612,-2.197,-8.301,68.420,0.000,0.000,0.000,-0.5375,-0.2309,0.4256,-0.6904,3267.30,-3.94,-28.69,57.92,-0.612,-0.612,58344.6,0,0.00,1.50,5
52723,-1.835,0.541,-0.600,-2.380,-8.301,68.359,0.000,0.000,0.000,-0.5287,-0.2266,0.4294,-0.6963,3267.64,-4.12,-28.67,58.09,-0.600,-0.600,58348.5,0,0.00,1.50,5
52742,-1.822,0.585,-0.595,-2.624,-8.301,68.298,0.000,0.000,0.000,-0.5198,-0.2222,0.4332,-0.7020,3268.01,-4.27,-28.66,58.27,-0.595,-0.595,58339.5,0,0.00,1.50,5
52762,-1.810,0.630,-0.590,-2.869,-8.240,68.054,0.000,0.000,0.000,-0.5109,-0.2178,0.4369,-0.7076,3268.31,-4.48,-28.67,58.44,-0.590,-0.590,58349.1,0,0.00,1.50,5
52782,-1.795,0.672,-0.586,-2.991,-8.057,68.054,0.000,0.000,0.000,-0.5020,-0.2133,0.4405,-0.7131,3268.67,-4.63,-28.67,58.61,-0.586,-0.586,58335.4,0,0.00,1.50,5
52802,-1.782,0.715,-0.580,-3.235,-8.118,68.054,0.000,0.000,0.000,-0.4930,-0.2088,0.4441,-0.7184,3269.00,-4.80,-28.68,58.78,-0.580,-0.580,58336.2,0,0.00,1.50,5
52822,-1.766,0.757,-0.570,-3.357,-7.935,67.993,0.000,0.000,0.000,-0.4839,-0.2042,0.4477,-0.7237,3269.35,-4.95,-28.66,58.95,-0.570,-0.570,58331.5,0,0.00,1.50,5
52842,-1.750,0.798,-0.570,-3.601,-7.996,67.932,0.000,0.000,0.000,-0.4748,-0.1996,0.4512,-0.7288,3269.65,-5.15,-28.68,59.13,-0.570,-0.570,58337.0,0,0.00,1.50,5
52862,-1.729,0.839,-0.558,-3.845,-7.874,67.749,0.000,0.000,0.000,-0.4657,-0.1949,0.4547,-0.7338,3269.98,-5.32,-28.63,59.30,-0.558,-0.558,58329.6,0,0.00,1.50,5
52882,-1.711,0.882,-0.557,-4.028,-7.996,67.688,0.000,0.000,0.000,-0.4565,-0.1902,0.4581,-0.7386,3270.26,-5.52,-28.66,59.48,-0.557,-0.557,58334.4,0,0.00,1.50,5
52902,-1.692,0.921,-0.551,-4.150,-7.690,67.627,0.000,0.000,0.000,-0.4472,-0.1855,0.4615,-0.7434,3270.55,-5.72,-28.66,59.65,-0.551,-0.551,58331.5,0,0.00,1.50,5
52922,-1.668,0.966,-0.548,-4.456,-7.690,67.627,0.000,0.000,0.000,-0.4380,-0.1807,0.4648,-0.7480,3270.82,-5.92,-28.68,59.83,-0.548,-0.548,58330.1,0,0.00,1.50,5
52942,-1.647,1.001,-0.538,-4.578,-7.568,67.566,0.000,0.000,0.000,-0.4286,-0.1758,0.4681,-0.7525,3271.08,-6.15,-28.64,60.00,-0.538,-0.538,58332.0,0,0.00,1.50,5
52965,-1.626,1.043,-0.534,-4.700,-7.446,67.444,0.000,0.000,0.000,-0.4193,-0.1709,0.4713,-0.7569,3271.35,-6.35,-28.67,60.18,-0.534,-0.534,58326.6,0,0.00,1.50,5
52982,-1.604,1.081,-0.525,-4.944,-7.385,67.383,0.000,0.000,0.000,-0.4099,-0.1660,0.4745,-0.7611,3271.66,-6.51,-28.66,60.35,-0.525,-0.525,58315.2,0,0.00,1.50,5
53002,-1.579,1.118,-0.519,-5.066,-7.324,67.322,0.000,0.000,0.000,-0.4005,-0.1610,0.4776,-0.7653,3271.98,-6.66,-28.65,60.53,-0.519,-0.519,58311.5,0,0.00,1.50,5
53022,-1.551,1.158,-0.514,-5.249,-7.019,67.200,0.000,0.000,0.000,-0.3910,-0.1560,0.4806,-0.7693,3272.23,-6.87,-28.65,60.70,-0.514,-0.514,58320.8,0,0.00,1.50,5
53042,-1.523,1.193,-0.508,-5.493,-7.019,67.261,0.000,0.000,0.000,-0.3815,-0.1509,0.4836,-0.7731,3272.59,-6.97,-28.63,60.88,-0.508,-0.508,58297.4,0,0.00,1.50,5
53062,-1.498,1.230,-0.501,-5.554,-6.897,67.078,0.000,0.000,0.000,-0.3720,-0.1458,0.4866,-0.7769,3272.84,-7.18,-28.65,61.05,-0.501,-0.501,58316.8,0,0.00,1.50,5
53082,-1.470,1.265,-0.495,-5.798,-6.714,67.139,0.000,0.000,0.000,-0.3625,-0.1406,0.4895,-0.7806,3273.20,-7.28,-28.64,61.23,-0.495,-0.495,58292.6,0,0.00,1.50,5
53103,-1.438,1.301,-0.490,-5.920,-6.653,66.956,0.000,0.000,0.000,-0.3529,-0.1354,0.4923,-0.7841,3273.42,-7.51,-28.63,61.41,-0.490,-0.490,58316.5,0,0.00,1.50,5
53122,-1.412,1.336,-0.484,-6.165,-6.531,66.895,0.000,0.000,0.000,-0.3433,-0.1301,0.4951,-0.7874,3273.65,-7.71,-28.66,61.58,-0.484,-0.484,58310.7,0,0.00,1.50,5
53142,-1.381,1.370,-0.479,-6.226,-6.531,66.834,0.000,0.000,0.000,-0.3337,-0.1249,0.4978,-0.7907,3273.86,-7.95,-28.66,61.76,-0.479,-0.479,58315.2,0,0.00,1.50,5
53162,-1.351,1.402,-0.471,-6.409,-6.287,66.895,0.000,0.000,0.000,-0.3240,-0.1196,0.5005,-0.7939,3274.09,-8.15,-28.65,61.94,-0.471,-0.471,58306.1,0,0.00,1.50,5
53182,-1.315,1.435,-0.465,-6.653,-6.226,66.895,0.000,0.000,0.000,-0.3143,-0.1142,0.5031,-0.7969,3274.33,-8.34,-28.64,62.12,-0.465,-0.465,58303.0,0,0.00,1.50,5
53202,-1.282,1.464,-0.460,-6.775,-5.981,66.711,0.000,0.000,0.000,-0.3046,-0.1086,0.5055,-0.7999,3274.55,-8.55,-28.62,62.27,-0.460,-0.460,58304.3,0,0.00,1.50,5
53222,-1.250,1.495,-0.450,-6.897,-5.798,66.711,0.000,0.000,0.000,-0.2949,-0.1032,0.5080,-0.8027,3274.78,-8.75,-28.62,62.45,-0.450,-0.450,58301.1,0,0.00,1.50,5
53242,-1.215,1.522,-0.449,-6.958,-5.615,66.589,0.000,0.000,0.000,-0.2851,-0.0975,0.5102,-0.8055,3274.97,-8.97,-28.61,62.59,-0.449,-0.449,58304.0,0,0.00,1.50,5
53262,-1.180,1.553,-0.437,-7.080,-5.371,66.650,0.000,0.000,0.000,-0.2754,-0.0918,0.5124,-0.8082,3275.17,-9.19,-28.59,62.73,-0.437,-0.437,58302.4,0,0.00,1.50,5
53282,-1.146,1.581,-0.433,-7.263,-5.310,66.406,0.000,0.000,0.000,-0.2656,-0.0863,0.5147,-0.8106,3275.31,-9.45,-28.61,62.91,-0.433,-0.433,58310.1,0,0.00,1.50,5
53302,-1.110,1.609,-0.431,-7.385,-5.249,66.406,0.000,0.000,0.000,-0.2558,-0.0807,0.5169,-0.8129,3275.53,-9.64,-28.63,63.09,-0.431,-0.431,58292.6,0,0.00,1.50,5
53322,-1.072,1.633,-0.420,-7.507,-5.066,66.345,0.000,0.000,0.000,-0.2460,-0.0749,0.5189,-0.8152,3275.75,-9.82,-28.59,63.24,-0.420,-0.420,58292.2,0,0.00,1.50,5
53342,-1.035,1.659,-0.417,-7.568,-4.883,66.284,0.000,0.000,0.000,-0.2362,-0.0691,0.5208,-0.8174,3275.98,-9.99,-28.60,63.38,-0.417,-0.417,58285.6,0,0.00,1.50,5
53362,-0.996,1.684,-0.411,-7.751,-4.639,66.345,0.000,0.000,0.000,-0.2263,-0.0633,0.5226,-0.8195,3276.18,-10.19,-28.60,63.53,-0.411,-0.411,58290.6,0,0.00,1.50,5
53382,-0.959,1.706,-0.403,-7.935,-4.517,66.162,0.000,0.000,0.000,-0.2165,-0.0574,0.5244,-0.8215,3276.38,-10.38,-28.58,63.68,-0.403,-0.403,58288.0,0,0.00,1.50,5
53402,-0.918,1.731,-0.400,-7.996,-4.089,66.101,0.000,0.000,0.000,-0.2067,-0.0517,0.5263,-0.8232,3276.52,-10.62,-28.61,63.86,-0.400,-0.400,58297.0,0,0.00,1.50,5
53422,-0.878,1.751,-0.390,-8.057,-4.089,66.162,0.000,0.000,0.000,-0.1969,-0.0457,0.5280,-0.8249,3276.73,-10.80,-28.57,64.00,-0.390,-0.390,58283.2,0,0.00,1.50,5
53442,-0.837,1.772,-0.386,-8.179,-3.906,65.918,0.000,0.000,0.000,-0.1870,-0.0398,0.5295,-0.8265,3276.89,-11.01,-28.57,64.15,-0.386,-0.386,58288.5,0,0.00,1.50,5
53462,-0.796,1.791,-0.379,-8.362,-3.723,65.979,0.000,0.000,0.000,-0.1771,-0.0338,0.5311,-0.8279,3277.20,-11.08,-28.56,64.30,-0.379,-0.379,58257.9,0,0.00,1.50,5
53482,-0.760,1.811,-0.375,-8.423,-3.662,65.918,0.000,0.000,0.000,-0.1673,-0.0278,0.5325,-0.8293,3277.46,-11.20,-28.59,64.45,-0.375,-0.375,58266.7,0,0.00,1.50,5
53503,-0.718,1.831,-0.365,-8.484,-3.296,65.857,0.000,0.000,0.000,-0.1575,-0.0219,0.5341,-0.8303,3277.65,-11.38,-28.58,64.63,-0.365,-0.365,58276.2,0,0.00,1.50,5
53522,-0.673,1.847,-0.361,-8.667,-3.235,65.918,0.000,0.000,0.000,-0.1476,-0.0159,0.5355,-0.8314,3277.81,-11.59,-28.57,64.78,-0.361,-0.361,58281.4,0,0.00,1.50,5
53542,-0.632,1.861,-0.351,-8.667,-2.930,65.796,0.000,0.000,0.000,-0.1377,-0.0098,0.5367,-0.8324,3278.00,-11.76,-28.54,64.93,-0.351,-0.351,58273.3,0,0.00,1.50,5
53562,-0.588,1.877,-0.349,-8.667,-2.747,65.796,0.000,0.000,0.000,-0.1278,-0.0037,0.5379,-0.8333,3278.19,-11.93,-28.56,65.08,-0.349,-0.349,58269.6,0,0.00,1.50,5
53582,-0.545,1.890,-0.340,-8.911,-2.563,65.674,0.000,0.000,0.000,-0.1180,0.0024,0.5390,-0.8340,3278.37,-12.11,-28.53,65.23,-0.340,-0.340,58272.2,0,0.00,1.50,5
53602,-0.503,1.904,-0.338,-8.789,-2.441,65.613,0.000,0.000,0.000,-0.1081,0.0085,0.5400,-0.8346,3278.54,-12.29,-28.56,65.38,-0.338,-0.338,58269.6,0,0.00,1.50,5
53622,-0.459,1.917,-0.328,-9.033,-2.075,65.552,0.000,0.000,0.000,-0.0983,0.0147,0.5410,-0.8351,3278.66,-12.51,-28.55,65.53,-0.328,-0.328,58279.2,0,0.00,1.50,5
53642,-0.417,1.926,-0.321,-9.033,-2.014,65.613,0.000,0.000,0.000,-0.0884,0.0208,0.5419,-0.8355,3278.89,-12.64,-28.53,65.69,-0.321,-0.321,58256.2,0,0.00,1.50,5
53662,-0.369,1.938,-0.314,-8.972,-1.831,65.552,0.000,0.000,0.000,-0.0786,0.0270,0.5428,-0.8358,3279.00,-12.87,-28.54,65.84,-0.314,-0.314,58277.6,0,0.00,1.50,5
53682,-0.326,1.946,-0.305,-9.033,-1.587,65.552,0.000,0.000,0.000,-0.0688,0.0332,0.5435,-0.8359,3279.20,-13.00,-28.51,65.99,-0.305,-0.305,58257.1,0,0.00,1.50,5
53705,-0.284,1.953,-0.300,-9.094,-1.404,65.430,0.000,0.000,0.000,-0.0590,0.0394,0.5442,-0.8359,3279.35,-13.19,-28.51,66.14,-0.300,-0.300,58265.8,0,0.00,1.50,5
53723,-0.238,1.961,-0.293,-9.277,-1.038,65.430,0.000,0.000,0.000,-0.0492,0.0457,0.5448,-0.8358,3279.42,-13.43,-28.51,66.29,-0.293,-0.293,58277.8,0,0.00,1.50,5
53742,-0.193,1.966,-0.290,-9.216,-0.916,65.369,0.000,0.000,0.000,-0.0394,0.0519,0.5454,-0.8356,3279.52,-13.66,-28.51,66.44,-0.290,-0.290,58272.5,0,0.00,1.50,5
53762,-0.149,1.968,-0.280,-9.216,-0.916,65.369,0.000,0.000,0.000,-0.0296,0.0582,0.5459,-0.8353,3279.64,-13.86,-28.47,66.59,-0.280,-0.280,58266.9,0,0.00,1.50,5
53782,-0.104,1.974,-0.275,-9.277,-0.610,65.369,0.000,0.000,0.000,-0.0199,0.0644,0.5463,-0.8349,3279.78,-14.04,-28.49,66.75,-0.275,-0.275,58261.8,0,0.00,1.50,5
53802,-0.058,1.976,-0.264,-9.216,-0.244,65.308,0.000,0.000,0.000,-0.0101,0.0707,0.5466,-0.8343,3279.91,-14.21,-28.46,66.90,-0.264,-0.264,58259.8,0,0.00,1.50,5
53822,-0.012,1.979,-0.260,-9.338,-0.061,65.247,0.000,0.000,0.000,-0.0004,0.0771,0.5469,-0.8336,3280.05,-14.39,-28.49,67.05,-0.260,-0.260,58259.2,0,0.00,1.50,5
53842,0.033,1.977,-0.254,-9.338,0.000,65.125,0.000,0.000,0.000,0.0092,0.0834,0.5471,-0.8328,3280.12,-14.61,-28.46,67.21,-0.254,-0.254,58268.5,0,0.00,1.50,5
53862,0.076,1.979,-0.251,-9.277,0.366,65.186,0.000,0.000,0.000,0.0189,0.0897,0.5472,-0.8319,3280.21,-14.83,-28.49,67.36,-0.251,-0.251,58265.9,0,0.00,1.50,5
53882,0.122,1.976,-0.244,-9.277,0.549,65.125,0.000,0.000,0.000,0.0285,0.0960,0.5473,-0.8309,3280.27,-15.06,-28.46,67.51,-0.244,-0.244,58267.5,0,0.00,1.50,5
53903,0.166,1.971,-0.237,-9.338,0.855,65.002,0.000,0.000,0.000,0.0381,0.1024,0.5473,-0.8298,3280.45,-15.18,-28.44,67.67,-0.237,-0.237,58245.4,0,0.00,1.50,5
53922,0.210,1.968,-0.229,-9.277,0.916,64.941,0.000,0.000,0.000,0.0477,0.1087,0.5472,-0.8285,3280.56,-15.35,-28.43,67.82,-0.229,-0.229,58254.9,0,0.00,1.50,5
53942,0.254,1.965,-0.224,-9.216,1.160,65.063,0.000,0.000,0.000,0.0573,0.1151,0.5470,-0.8272,3280.71,-15.49,-28.45,67.97,-0.224,-0.224,58247.2,0,0.00,1.50,5
53962,0.299,1.959,-0.215,-9.338,1.282,65.063,0.000,0.000,0.000,0.0668,0.1214,0.5468,-0.8257,3280.86,-15.63,-28.44,68.13,-0.215,-0.215,58245.1,0,0.00,1.50,5
53982,0.345,1.952,-0.209,-9.277,1.526,64.941,0.000,0.000,0.000,0.0763,0.1278,0.5465,-0.8241,3281.01,-15.76,-28.43,68.28,-0.209,-0.209,58244.2,0,0.00,1.50,5
54002,0.387,1.946,-0.204,-9.216,1.831,64.880,0.000,0.000,0.000,0.0858,0.1342,0.5461,-0.8224,3281.16,-15.89,-28.44,68.44,-0.204,-0.204,58241.3,0,0.00,1.50,5
54022,0.434,1.936,-0.197,-9.216,2.014,64.941,0.000,0.000,0.000,0.0952,0.1406,0.5457,-0.8206,3281.21,-16.11,-28.43,68.60,-0.197,-0.197,58260.6,0,0.00,1.50,5
54042,0.476,1.925,-0.188,-9.033,2.136,64.758,0.000,0.000,0.000,0.1046,0.1469,0.5451,-0.8187,3281.29,-16.30,-28.40,68.75,-0.188,-0.188,58253.6,0,0.00,1.50,5
54062,0.521,1.917,-0.183,-8.972,2.441,64.819,0.000,0.000,0.000,0.1139,0.1533,0.5445,-0.8167,3281.33,-16.52,-28.43,68.90,-0.183,-0.183,58258.9,0,0.00,1.50,5
54082,0.564,1.903,-0.179,-9.033,2.502,64.758,0.000,0.000,0.000,0.1233,0.1597,0.5439,-0.8146,3281.43,-16.69,-28.42,69.06,-0.179,-0.179,58246.9,0,0.00,1.50,5
54103,0.608,1.891,-0.167,-8.911,2.747,64.697,0.000,0.000,0.000,0.1325,0.1661,0.5431,-0.8123,3281.52,-16.85,-28.40,69.21,-0.167,-0.167,58246.4,0,0.00,1.50,5
54122,0.649,1.875,-0.165,-8.911,2.991,64.697,0.000,0.000,0.000,0.1418,0.1725,0.5423,-0.8100,3281.64,-16.99,-28.38,69.37,-0.165,-0.165,58240.5,0,0.00,1.50,5
54142,0.692,1.862,-0.158,-8.850,3.235,64.697,0.000,0.000,0.000,0.1510,0.1788,0.5414,-0.8075,3281.68,-17.20,-28.40,69.52,-0.158,-0.158,58254.9,0,0.00,1.50,5
54162,0.735,1.847,-0.150,-8.728,3.540,64.697,0.000,0.000,0.000,0.1601,0.1852,0.5404,-0.8050,3281.78,-17.35,-28.40,69.68,-0.150,-0.150,58242.1,0,0.00,1.50,5
54182,0.776,1.828,-0.140,-8.667,3.540,64.697,0.000,0.000,0.000,0.1693,0.1916,0.5394,-0.8023,3281.89,-17.49,-28.36,69.83,-0.140,-0.140,58237.0,0,0.00,1.50,5
54202,0.817,1.813,-0.136,-8.545,3.845,64.636,0.000,0.000,0.000,0.1784,0.1980,0.5382,-0.7996,3281.99,-17.64,-28.38,69.99,-0.136,-0.136,58240.3,0,0.00,1.50,5
54222,0.857,1.792,-0.132,-8.423,4.028,64.636,0.000,0.000,0.000,0.1874,0.2044,0.5370,-0.7967,3282.00,-17.86,-28.37,70.14,-0.132,-0.132,58255.2,0,0.00,1.50,5
54242,0.898,1.772,-0.123,-8.423,4.211,64.575,0.000,0.000,0.000,0.1964,0.2108,0.5358,-0.7937,3282.09,-18.00,-28.35,70.30,-0.123,-0.123,58238.2,0,0.00,1.50,5
54262,0.935,1.754,-0.122,-8.362,4.334,64.514,0.000,0.000,0.000,0.2053,0.2171,0.5344,-0.7906,3282.16,-18.16,-28.37,70.46,-0.122,-0.122,58240.8,0,0.00,1.50,5
54282,0.978,1.731,-0.108,-8.179,4.578,64.514,0.000,0.000,0.000,0.2142,0.2235,0.5330,-0.7875,3282.26,-18.29,-28.35,70.61,-0.108,-0.108,58234.9,0,0.00,1.50,5
54302,1.018,1.709,-0.105,-8.057,4.700,64.453,0.000,0.000,0.000,0.2231,0.2298,0.5315,-0.7842,3282.35,-18.44,-28.36,70.77,-0.105,-0.105,58235.8,0,0.00,1.50,5
54323,1.053,1.684,-0.100,-7.996,4.822,64.514,0.000,0.000,0.000,0.2319,0.2361,0.5299,-0.7808,3282.38,-18.62,-28.33,70.92,-0.100,-0.100,58245.3,0,0.00,1.50,5
54342,1.091,1.662,-0.095,-7.874,5.066,64.514,0.000,0.000,0.000,0.2406,0.2425,0.5283,-0.7773,3282.40,-18.82,-28.34,71.08,-0.095,-0.095,58246.9,0,0.00,1.50,5
54362,1.130,1.635,-0.082,-7.813,5.249,64.392,0.000,0.000,0.000,0.2493,0.2488,0.5265,-0.7738,3282.44,-18.99,-28.31,71.23,-0.082,-0.082,58241.1,0,0.00,1.50,5
54382,1.167,1.611,-0.083,-7.690,5.493,64.392,0.000,0.000,0.000,0.2579,0.2551,0.5247,-0.7701,3282.49,-19.15,-28.35,71.39,-0.083,-0.083,58239.7,0,0.00,1.50,5
54402,1.202,1.584,-0.072,-7.446,5.493,64.392,0.000,0.000,0.000,0.2665,0.2614,0.5229,-0.7663,3282.50,-19.35,-28.32,71.54,-0.072,-0.072,58247.0,0,0.00,1.50,5
54422,1.238,1.556,-0.065,-7.446,5.798,64.392,0.000,0.000,0.000,0.2751,0.2677,0.5209,-0.7625,3282.55,-19.50,-28.32,71.70,-0.065,-0.065,58236.0,0,0.00,1.50,5
54443,1.272,1.527,-0.055,-7.202,5.981,64.514,0.000,0.000,0.000,0.2836,0.2740,0.5189,-0.7585,3282.54,-19.71,-28.29,71.86,-0.055,-0.055,58248.2,0,0.00,1.50,5
54462,1.306,1.498,-0.051,-7.080,6.226,64.392,0.000,0.000,0.000,0.2920,0.2803,0.5168,-0.7544,3282.57,-19.87,-28.29,72.01,-0.051,-0.051,58239.5,0,0.00,1.50,5
