Time[ms],AccX[g],AccY[g],AccZ[g],GyroX[°/s],GyroY[°/s],GyroZ[°/s],MagX[uT],MagY[uT],MagZ[uT],qW,qX,qY,qZ,AltFilt[m],VelFilt[m/s],AccVert[m/s^2],Tilt[°],PressBMP[Pa],Servo[%],PID_Gain,Cd_Gain,Estado
2571,0.051,0.049,-1.000,0.000,0.000,0.000,-13.000,-19.000,-44.000,0.0001,1.0000,0.0000,-0.0002,0.00,0.00,0.00,0.00,86792.8,0,0.00,0.00,2
2590,0.051,0.049,-1.000,0.000,0.000,0.000,-13.000,-19.000,-44.000,0.0002,1.0000,0.0001,-0.0004,0.00,0.00,0.00,0.04,86792.8,0,0.00,0.00,2
2610,0.051,0.049,-1.000,0.000,0.000,0.000,-13.000,-19.000,-44.000,0.0003,1.0000,0.0001,-0.0005,0.00,0.00,0.00,0.07,86792.8,0,0.00,0.00,2
2630,0.051,0.049,-1.000,0.000,0.000,0.000,-13.000,-19.000,-44.000,0.0004,1.0000,0.0001,-0.0007,0.00,0.00,0.00,0.10,86792.8,0,0.00,0.00,2
2650,0.051,0.049,-1.000,0.000,0.000,0.000,-13.000,-19.000,-44.000,0.0005,1.0000,0.0002,-0.0009,0.00,0.00,0.00,0.12,86792.8,0,0.00,0.00,2
2670,0.051,0.049,-1.000,0.000,0.000,0.000,-13.000,-19.000,-44.000,0.0006,1.0000,0.0002,-0.0011,0.00,0.00,0.00,0.14,86792.8,0,0.00,0.00,2
2690,0.051,0.049,-1.000,0.000,0.000,0.000,-13.000,-19.000,-44.000,0.0006,1.0000,0.0002,-0.0013,0.00,0.00,0.00,0.17,86792.8,0,0.00,0.00,2
2710,0.051,0.049,-1.000,0.000,0.000,0.000,-13.000,-19.000,-44.000,0.0007,1.0000,0.0003,-0.0015,0.00,0.00,0.00,0.19,86792.8,0,0.00,0.00,2
2730,0.051,0.049,-1.000,0.000,0.000,0.000,-13.000,-19.000,-44.000,0.0008,1.0000,0.0003,-0.0016,0.00,0.00,0.00,0.21,86792.8,0,0.00,0.00,2
2750,0.051,0.049,-1.000,0.000,0.000,0.000,-13.000,-19.000,-44.000,0.0009,1.0000,0.0003,-0.0018,0.00,0.00,0.00,0.23,86792.8,0,0.00,0.00,2
2770,0.051,0.049,-1.000,0.000,0.000,0.000,-13.000,-19.000,-44.000,0.0010,1.0000,0.0004,-0.0020,0.00,0.00,0.00,0.26,86792.8,0,0.00,0.00,2
2790,0.051,0.049,-1.000,0.000,0.000,0.000,-13.000,-19.000,-44.000,0.0011,1.0000,0.0004,-0.0022,0.00,0.00,0.00,0.28,86792.8,0,0.00,0.00,2
2810,0.051,0.049,-1.000,0.000,0.000,0.000,-13.000,-19.000,-44.000,0.0012,1.0000,0.0004,-0.0024,0.00,0.00,0.00,0.31,86792.8,0,0.00,0.00,2
2830,0.051,0.049,-1.000,0.000,0.000,0.000,-13.000,-19.000,-44.000,0.0013,1.0000,0.0005,-0.0025,0.00,0.00,0.00,0.33,86792.8,0,0.00,0.00,2
2850,0.051,0.049,-1.000,0.000,0.000,0.000,-13.000,-19.000,-44.000,0.0014,1.0000,0.0005,-0.0027,0.00,0.00,0.00,0.35,86792.8,0,0.00,0.00,2
2870,0.051,0.049,-1.000,0.000,0.000,0.000,-13.000,-19.000,-44.000,0.0015,1.0000,0.0005,-0.0029,0.00,0.00,0.00,0.37,86792.8,0,0.00,0.00,2
2890,0.051,0.049,-1.000,0.000,0.000,0.000,-13.000,-19.000,-44.000,0.0016,1.0000,0.0006,-0.0031,0.00,0.00,0.00,0.40,86792.8,0,0.00,0.00,2
2910,0.051,0.049,-1.000,0.000,0.000,0.000,-13.000,-19.000,-44.000,0.0017,1.0000,0.0006,-0.0033,0.00,0.00,0.00,0.42,86792.8,0,0.00,0.00,2
2930,0.051,0.049,-1.000,0.000,0.000,0.000,-13.000,-19.000,-44.000,0.0018,1.0000,0.0006,-0.0034,0.00,0.00,0.00,0.44,86792.8,0,0.00,0.00,2
2950,0.051,0.049,-1.000,0.000,0.000,0.000,-13.000,-19.000,-44.000,0.0018,1.0000,0.0007,-0.0036,0.00,0.00,0.00,0.47,86792.8,0,0.00,0.00,2
2970,0.051,0.049,-1.000,0.000,0.000,0.000,-13.000,-19.000,-44.000,0.0019,1.0000,0.0007,-0.0038,0.00,0.00,0.00,0.49,86792.8,0,0.00,0.00,2
2990,0.051,0.049,-1.000,0.000,0.000,0.000,-13.000,-19.000,-44.000,0.0020,1.0000,0.0007,-0.0040,0.00,0.00,0.00,0.51,86792.8,0,0.00,0.00,2
3010,0.051,0.049,-1.000,0.000,0.000,0.000,-13.000,-19.000,-44.000,0.0021,1.0000,0.0008,-0.0042,0.00,0.00,0.00,0.54,86792.8,0,0.00,0.00,2
3030,0.051,0.049,-1.000,0.000,0.000,0.000,-13.000,-19.000,-44.000,0.0022,1.0000,0.0008,-0.0043,0.00,0.00,0.00,0.56,86792.8,0,0.00,0.00,2
3050,0.051,0.049,-1.000,0.000,0.000,0.000,-13.000,-19.000,-44.000,0.0023,1.0000,0.0009,-0.0045,0.00,0.00,0.00,0.58,86792.8,0,0.00,0.00,2
3070,0.051,0.049,-1.000,0.000,0.000,0.000,-13.000,-19.000,-44.000,0.0024,1.0000,0.0009,-0.0047,0.00,0.00,0.00,0.60,86792.8,0,0.00,0.00,2
3090,0.051,0.049,-1.000,0.000,0.000,0.000,-13.000,-19.000,-44.000,0.0025,1.0000,0.0009,-0.0049,0.00,0.00,0.00,0.63,86792.8,0,0.00,0.00,2
3110,0.051,0.049,-1.000,0.000,0.000,0.000,-13.000,-19.000,-44.000,0.0026,1.0000,0.0010,-0.0051,0.00,0.00,0.00,0.65,86792.8,0,0.00,0.00,2
3130,0.051,0.049,-1.000,0.000,0.000,0.000,-13.000,-19.000,-44.000,0.0027,1.0000,0.0010,-0.0052,0.00,0.00,0.00,0.67,86792.8,0,0.00,0.00,2
3150,0.051,0.049,-1.000,0.000,0.000,0.000,-13.000,-19.000,-44.000,0.0028,1.0000,0.0010,-0.0054,0.00,0.00,0.00,0.70,86792.8,0,0.00,0.00,2
3170,0.051,0.049,-1.000,0.000,0.000,0.000,-13.000,-19.000,-44.000,0.0029,1.0000,0.0011,-0.0056,0.00,0.00,0.00,0.72,86792.8,0,0.00,0.00,2
3190,0.051,0.049,-1.000,0.000,0.000,0.000,-13.000,-19.000,-44.000,0.0029,1.0000,0.0011,-0.0058,0.00,0.00,0.00,0.74,86792.8,0,0.00,0.00,2
3210,0.051,0.049,-1.000,0.000,0.000,0.000,-13.000,-19.000,-44.000,0.0030,1.0000,0.0011,-0.0059,0.00,0.00,0.00,0.76,86792.8,0,0.00,0.00,2
3230,0.051,0.049,-1.000,0.000,0.000,0.000,-13.000,-19.000,-44.000,0.0031,1.0000,0.0012,-0.0061,0.00,0.00,0.00,0.79,86792.8,0,0.00,0.00,2
3250,0.051,0.049,-1.000,0.000,0.000,0.000,-13.000,-19.000,-44.000,0.0032,1.0000,0.0012,-0.0063,0.00,0.00,0.00,0.81,86792.8,0,0.00,0.00,2
3270,0.051,0.049,-1.000,0.000,0.000,0.000,-13.000,-19.000,-44.000,0.0033,1.0000,0.0012,-0.0065,0.00,0.00,0.00,0.83,86792.8,0,0.00,0.00,2
3290,0.051,0.049,-1.000,0.000,0.000,0.000,-13.000,-19.000,-44.000,0.0034,1.0000,0.0013,-0.0066,0.00,0.00,0.00,0.86,86792.8,0,0.00,0.00,2
3310,0.051,0.049,-1.000,0.000,0.000,0.000,-13.000,-19.000,-44.000,0.0035,1.0000,0.0013,-0.0068,0.00,0.00,0.00,0.88,86792.8,0,0.00,0.00,2
3330,0.051,0.049,-1.000,0.000,0.000,0.000,-13.000,-19.000,-44.000,0.0036,1.0000,0.0013,-0.0070,0.00,0.00,0.00,0.90,86792.8,0,0.00,0.00,2
3350,0.051,0.049,-1.000,0.000,0.000,0.000,-13.000,-19.000,-44.000,0.0037,1.0000,0.0014,-0.0072,0.00,0.00,0.00,0.92,86792.8,0,0.00,0.00,2
3370,0.051,0.049,-1.000,0.000,0.000,0.000,-13.000,-19.000,-44.000,0.0038,1.0000,0.0014,-0.0073,0.00,0.00,0.00,0.95,86792.8,0,0.00,0.00,2
3390,0.051,0.049,-1.000,0.000,0.000,0.000,-13.000,-19.000,-44.000,0.0039,1.0000,0.0014,-0.0075,0.00,0.00,0.00,0.97,86792.8,0,0.00,0.00,2
3410,0.051,0.049,-1.000,0.000,0.000,0.000,-13.000,-19.000,-44.000,0.0039,1.0000,0.0015,-0.0077,0.00,0.00,0.00,0.99,86792.8,0,0.00,0.00,2
3430,0.051,0.049,-1.000,0.000,0.000,0.000,-13.000,-19.000,-44.000,0.0040,1.0000,0.0015,-0.0079,0.00,0.00,0.00,1.01,86792.8,0,0.00,0.00,2
3450,0.051,0.049,-1.000,0.000,0.000,0.000,-13.000,-19.000,-44.000,0.0041,1.0000,0.0015,-0.0080,0.00,0.00,0.00,1.04,86792.8,0,0.00,0.00,2
3470,0.051,0.049,-1.000,0.000,0.000,0.000,-13.000,-19.000,-44.000,0.0042,1.0000,0.0016,-0.0082,0.00,0.00,0.00,1.06,86792.8,0,0.00,0.00,2
3490,0.051,0.049,-1.000,0.000,0.000,0.000,-13.000,-19.000,-44.000,0.0043,1.0000,0.0016,-0.0084,0.00,0.00,0.00,1.08,86792.8,0,0.00,0.00,2
3510,0.051,0.049,-1.000,0.000,0.000,0.000,-13.000,-19.000,-44.000,0.0044,1.0000,0.0016,-0.0086,0.00,0.00,0.00,1.10,86792.8,0,0.00,0.00,2
3530,0.051,0.049,-1.000,0.000,0.000,0.000,-13.000,-19.000,-44.000,0.0045,1.0000,0.0017,-0.0087,0.00,0.00,0.00,1.12,86792.8,0,0.00,0.00,2
3550,0.051,0.049,-1.000,0.000,0.000,0.000,-13.000,-19.000,-44.000,0.0046,0.9999,0.0017,-0.0089,0.00,0.00,0.00,1.15,86792.8,0,0.00,0.00,2
3570,0.051,0.049,-1.000,0.000,0.000,0.000,-13.000,-19.000,-44.000,0.0047,0.9999,0.0017,-0.0091,0.00,0.00,0.00,1.17,86792.8,0,0.00,0.00,2
3590,0.051,0.049,-1.000,0.000,0.000,0.000,-13.000,-19.000,-44.000,0.0048,0.9999,0.0018,-0.0092,0.00,0.00,0.00,1.19,86792.8,0,0.00,0.00,2
3610,0.051,0.049,-1.000,0.000,0.000,0.000,-13.000,-19.000,-44.000,0.0048,0.9999,0.0018,-0.0094,0.00,0.00,0.00,1.21,86792.8,0,0.00,0.00,2
3630,0.051,0.049,-1.000,0.000,0.000,0.000,-13.000,-19.000,-44.000,0.0049,0.9999,0.0018,-0.0096,0.00,0.00,0.00,1.24,86792.8,0,0.00,0.00,2
3650,0.051,0.049,-1.000,0.000,0.000,0.000,-13.000,-19.000,-44.000,0.0050,0.9999,0.0019,-0.0098,0.00,0.00,0.00,1.26,86792.8,0,0.00,0.00,2
3670,0.051,0.049,-1.000,0.000,0.000,0.000,-13.000,-19.000,-44.000,0.0051,0.9999,0.0019,-0.0099,0.00,0.00,0.00,1.28,86792.8,0,0.00,0.00,2
3690,0.051,0.049,-1.000,0.000,0.000,0.000,-13.000,-19.000,-44.000,0.0052,0.9999,0.0019,-0.0101,0.00,0.00,0.00,1.30,86792.8,0,0.00,0.00,2
3710,0.051,0.049,-1.000,0.000,0.000,0.000,-13.000,-19.000,-44.000,0.0053,0.9999,0.0020,-0.0103,0.00,0.00,0.00,1.32,86792.8,0,0.00,0.00,2
3730,0.051,0.049,-1.000,0.000,0.000,0.000,-13.000,-19.000,-44.000,0.0054,0.9999,0.0020,-0.0104,0.00,0.00,0.00,1.35,86792.8,0,0.00,0.00,2
3750,0.051,0.049,-1.000,0.000,0.000,0.000,-13.000,-19.000,-44.000,0.0055,0.9999,0.0020,-0.0106,0.00,0.00,0.00,1.37,86792.8,0,0.00,0.00,2
3770,0.051,0.049,-1.000,0.000,0.000,0.000,-13.000,-19.000,-44.000,0.0056,0.9999,0.0021,-0.0108,0.00,0.00,0.00,1.39,86792.8,0,0.00,0.00,2
3790,0.051,0.049,-1.000,0.000,0.000,0.000,-13.000,-19.000,-44.000,0.0056,0.9999,0.0021,-0.0110,0.00,0.00,0.00,1.41,86792.8,0,0.00,0.00,2
3810,0.051,0.049,-1.000,0.000,0.000,0.000,-13.000,-19.000,-44.000,0.0057,0.9999,0.0021,-0.0111,0.00,0.00,0.00,1.43,86792.8,0,0.00,0.00,2
3830,0.051,0.049,-1.000,0.000,0.000,0.000,-13.000,-19.000,-44.000,0.0058,0.9999,0.0022,-0.0113,0.00,0.00,0.00,1.46,86792.8,0,0.00,0.00,2
3850,0.051,0.049,-1.000,0.000,0.000,0.000,-13.000,-19.000,-44.000,0.0059,0.9999,0.0022,-0.0115,0.00,0.00,0.00,1.48,86792.8,0,0.00,0.00,2
3870,0.051,0.049,-1.000,0.000,0.000,0.000,-13.000,-19.000,-44.000,0.0060,0.9999,0.0022,-0.0116,0.00,0.00,0.00,1.50,86792.8,0,0.00,0.00,2
3890,0.051,0.049,-1.000,0.000,0.000,0.000,-13.000,-19.000,-44.000,0.0061,0.9999,0.0023,-0.0118,0.00,0.00,0.00,1.52,86792.8,0,0.00,0.00,2
3910,0.051,0.049,-1.000,0.000,0.000,0.000,-13.000,-19.000,-44.000,0.0062,0.9999,0.0023,-0.0120,0.00,0.00,0.00,1.54,86792.8,0,0.00,0.00,2
3930,0.051,0.049,-1.000,0.000,0.000,0.000,-13.000,-19.000,-44.000,0.0063,0.9999,0.0023,-0.0121,0.00,0.00,0.00,1.57,86792.8,0,0.00,0.00,2
3950,0.051,0.049,-1.000,0.000,0.000,0.000,-13.000,-19.000,-44.000,0.0064,0.9999,0.0023,-0.0123,0.00,0.00,0.00,1.59,86792.8,0,0.00,0.00,2
3970,0.051,0.049,-1.000,0.000,0.000,0.000,-13.000,-19.000,-44.000,0.0064,0.9999,0.0024,-0.0125,0.00,0.00,0.00,1.61,86792.8,0,0.00,0.00,2
3990,0.051,0.049,-1.000,0.000,0.000,0.000,-13.000,-19.000,-44.000,0.0065,0.9999,0.0024,-0.0126,0.00,0.00,0.00,1.63,86792.8,0,0.00,0.00,2
4010,0.051,0.049,-1.000,0.000,0.000,0.000,-13.000,-19.000,-44.000,0.0066,0.9999,0.0024,-0.0128,0.00,0.00,0.00,1.65,86792.8,0,0.00,0.00,2
4030,0.051,0.049,-1.000,0.000,0.000,0.000,-13.000,-19.000,-44.000,0.0067,0.9999,0.0025,-0.0130,0.00,0.00,0.00,1.67,86792.8,0,0.00,0.00,2
4050,0.051,0.049,-1.000,0.000,0.000,0.000,-13.000,-19.000,-44.000,0.0068,0.9999,0.0025,-0.0131,0.00,0.00,0.00,1.70,86792.8,0,0.00,0.00,2
4070,0.051,0.049,-1.000,0.000,0.000,0.000,-13.000,-19.000,-44.000,0.0069,0.9999,0.0025,-0.0133,0.00,0.00,0.00,1.72,86792.8,0,0.00,0.00,2
4090,0.051,0.049,-1.000,0.000,0.000,0.000,-13.000,-19.000,-44.000,0.0070,0.9999,0.0026,-0.0135,0.00,0.00,0.00,1.74,86792.8,0,0.00,0.00,2
4110,0.051,0.049,-1.000,0.000,0.000,0.000,-13.000,-19.000,-44.000,0.0071,0.9999,0.0026,-0.0136,0.00,0.00,0.00,1.76,86792.8,0,0.00,0.00,2
4130,0.051,0.049,-1.000,0.000,0.000,0.000,-13.000,-19.000,-44.000,0.0071,0.9999,0.0026,-0.0138,0.00,0.00,0.00,1.78,86792.8,0,0.00,0.00,2
4150,0.051,0.049,-1.000,0.000,0.000,0.000,-13.000,-19.000,-44.000,0.0072,0.9999,0.0027,-0.0140,0.00,0.00,0.00,1.80,86792.8,0,0.00,0.00,2
4170,0.051,0.049,-1.000,0.000,0.000,0.000,-13.000,-19.000,-44.000,0.0073,0.9999,0.0027,-0.0141,0.00,0.00,0.00,1.82,86792.8,0,0.00,0.00,2
4190,0.051,0.049,-1.000,0.000,0.000,0.000,-13.000,-19.000,-44.000,0.0074,0.9999,0.0027,-0.0143,0.00,0.00,0.00,1.85,86792.8,0,0.00,0.00,2
4210,0.051,0.049,-1.000,0.000,0.000,0.000,-13.000,-19.000,-44.000,0.0075,0.9999,0.0028,-0.0145,0.00,0.00,0.00,1.87,86792.8,0,0.00,0.00,2
4230,0.051,0.049,-1.000,0.000,0.000,0.000,-13.000,-19.000,-44.000,0.0076,0.9999,0.0028,-0.0146,0.00,0.00,0.00,1.89,86792.8,0,0.00,0.00,2
4250,0.051,0.049,-1.000,0.000,0.000,0.000,-13.000,-19.000,-44.000,0.0077,0.9999,0.0028,-0.0148,0.00,0.00,0.00,1.91,86792.8,0,0.00,0.00,2
4270,0.051,0.049,-1.000,0.000,0.000,0.000,-13.000,-19.000,-44.000,0.0078,0.9999,0.0029,-0.0150,0.00,0.00,0.00,1.93,86792.8,0,0.00,0.00,2
4290,0.051,0.049,-1.000,0.000,0.000,0.000,-13.000,-19.000,-44.000,0.0078,0.9999,0.0029,-0.0151,0.00,0.00,0.00,1.95,86792.8,0,0.00,0.00,2
4310,0.051,0.049,-1.000,0.000,0.000,0.000,-13.000,-19.000,-44.000,0.0079,0.9998,0.0029,-0.0153,0.00,0.00,0.00,1.97,86792.8,0,0.00,0.00,2
4330,0.051,0.049,-1.000,0.000,0.000,0.000,-13.000,-19.000,-44.000,0.0080,0.9998,0.0030,-0.0155,0.00,0.00,0.00,2.00,86792.8,0,0.00,0.00,2
4350,0.051,0.049,-1.000,0.000,0.000,0.000,-13.000,-19.000,-44.000,0.0081,0.9998,0.0030,-0.0156,0.00,0.00,0.00,2.02,86792.8,0,0.00,0.00,2
4370,0.051,0.049,-1.000,0.000,0.000,0.000,-13.000,-19.000,-44.000,0.0082,0.9998,0.0030,-0.0158,0.00,0.00,0.00,2.04,86792.8,0,0.00,0.00,2
4390,0.051,0.049,-1.000,0.000,0.000,0.000,-13.000,-19.000,-44.000,0.0083,0.9998,0.0031,-0.0159,0.00,0.00,0.00,2.06,86792.8,0,0.00,0.00,2
4410,0.051,0.049,-1.000,0.000,0.000,0.000,-13.000,-19.000,-44.000,0.0084,0.9998,0.0031,-0.0161,0.00,0.00,0.00,2.08,86792.8,0,0.00,0.00,2
4430,0.051,0.049,-1.000,0.000,0.000,0.000,-13.000,-19.000,-44.000,0.0085,0.9998,0.0031,-0.0163,0.00,0.00,0.00,2.10,86792.8,0,0.00,0.00,2
4450,0.051,0.049,-1.000,0.000,0.000,0.000,-13.000,-19.000,-44.000,0.0085,0.9998,0.0032,-0.0164,0.00,0.00,0.00,2.12,86792.8,0,0.00,0.00,2
4470,0.051,0.049,-1.000,0.000,0.000,0.000,-13.000,-19.000,-44.000,0.0086,0.9998,0.0032,-0.0166,0.00,0.00,0.00,2.14,86792.8,0,0.00,0.00,2
4490,0.051,0.049,-1.000,0.000,0.000,0.000,-13.000,-19.000,-44.000,0.0087,0.9998,0.0032,-0.0168,0.00,0.00,0.00,2.17,86792.8,0,0.00,0.00,2
4510,0.051,0.049,-1.000,0.000,0.000,0.000,-13.000,-19.000,-44.000,0.0088,0.9998,0.0033,-0.0169,0.00,0.00,0.00,2.19,86792.8,0,0.00,0.00,2
4530,0.051,0.049,-1.000,0.000,0.000,0.000,-13.000,-19.000,-44.000,0.0089,0.9998,0.0033,-0.0171,0.00,0.00,0.00,2.21,86792.8,0,0.00,0.00,2
4550,0.051,0.049,-1.000,0.000,0.000,0.000,-13.000,-19.000,-44.000,0.0090,0.9998,0.0033,-0.0172,0.00,0.00,0.00,2.23,86792.8,0,0.00,0.00,2
4570,0.051,0.049,-1.000,0.000,0.000,0.000,-13.000,-19.000,-44.000,0.0091,0.9998,0.0034,-0.0174,0.00,0.00,0.00,2.25,86792.8,0,0.00,0.00,2
4590,0.051,0.049,-1.000,0.000,0.000,0.000,-13.000,-19.000,-44.000,0.0091,0.9998,0.0034,-0.0176,0.00,0.00,0.00,2.27,86792.8,0,0.00,0.00,2
4610,0.051,0.049,-1.000,0.000,0.000,0.000,-13.000,-19.000,-44.000,0.0092,0.9998,0.0034,-0.0177,0.00,0.00,0.00,2.29,86792.8,0,0.00,0.00,2
4630,0.051,0.049,-1.000,0.000,0.000,0.000,-13.000,-19.000,-44.000,0.0093,0.9998,0.0035,-0.0179,0.00,0.00,0.00,2.31,86792.8,0,0.00,0.00,2
4650,0.051,0.049,-1.000,0.000,0.000,0.000,-13.000,-19.000,-44.000,0.0094,0.9998,0.0035,-0.0181,0.00,0.00,0.00,2.33,86792.8,0,0.00,0.00,2
4670,0.051,0.049,-1.000,0.000,0.000,0.000,-13.000,-19.000,-44.000,0.0095,0.9998,0.0035,-0.0182,0.00,0.00,0.00,2.35,86792.8,0,0.00,0.00,2
4690,0.051,0.049,-1.000,0.000,0.000,0.000,-13.000,-19.000,-44.000,0.0096,0.9998,0.0035,-0.0184,0.00,0.00,0.00,2.37,86792.8,0,0.00,0.00,2
4710,0.051,0.049,-1.000,0.000,0.000,0.000,-13.000,-19.000,-44.000,0.0097,0.9998,0.0036,-0.0185,0.00,0.00,0.00,2.39,86792.8,0,0.00,0.00,2
4730,0.051,0.049,-1.000,0.000,0.000,0.000,-13.000,-19.000,-44.000,0.0097,0.9998,0.0036,-0.0187,0.00,0.00,0.00,2.42,86792.8,0,0.00,0.00,2
4750,0.051,0.049,-1.000,0.000,0.000,0.000,-13.000,-19.000,-44.000,0.0098,0.9998,0.0036,-0.0188,0.00,0.00,0.00,2.44,86792.8,0,0.00,0.00,2
4770,0.051,0.049,-1.000,0.000,0.000,0.000,-13.000,-19.000,-44.000,0.0099,0.9998,0.0037,-0.0190,0.00,0.00,0.00,2.46,86792.8,0,0.00,0.00,2
4790,0.051,0.049,-1.000,0.000,0.000,0.000,-13.000,-19.000,-44.000,0.0100,0.9998,0.0037,-0.0192,0.00,0.00,0.00,2.48,86792.8,0,0.00,0.00,2
4810,0.051,0.049,-1.000,0.000,0.000,0.000,-13.000,-19.000,-44.000,0.0101,0.9998,0.0037,-0.0193,0.00,0.00,0.00,2.50,86792.8,0,0.00,0.00,2
4830,0.051,0.049,-1.000,0.000,0.000,0.000,-13.000,-19.000,-44.000,0.0102,0.9998,0.0038,-0.0195,0.00,0.00,0.00,2.52,86792.8,0,0.00,0.00,2
4850,0.051,0.049,-1.000,0.000,0.000,0.000,-13.000,-19.000,-44.000,0.0103,0.9997,0.0038,-0.0196,0.00,0.00,0.00,2.54,86792.8,0,0.00,0.00,2
4870,0.051,0.049,-1.000,0.000,0.000,0.000,-13.000,-19.000,-44.000,0.0103,0.9997,0.0038,-0.0198,0.00,0.00,0.00,2.56,86792.8,0,0.00,0.00,2
4890,0.051,0.049,-1.000,0.000,0.000,0.000,-13.000,-19.000,-44.000,0.0104,0.9997,0.0039,-0.0200,0.00,0.00,0.00,2.58,86792.8,0,0.00,0.00,2
4910,0.051,0.049,-1.000,0.000,0.000,0.000,-13.000,-19.000,-44.000,0.0105,0.9997,0.0039,-0.0201,0.00,0.00,0.00,2.60,86792.8,0,0.00,0.00,2
4930,0.051,0.049,-1.000,0.000,0.000,0.000,-13.000,-19.000,-44.000,0.0106,0.9997,0.0039,-0.0203,0.00,0.00,0.00,2.62,86792.8,0,0.00,0.00,2
4950,0.051,0.049,-1.000,0.000,0.000,0.000,-13.000,-19.000,-44.000,0.0107,0.9997,0.0040,-0.0204,0.00,0.00,0.00,2.64,86792.8,0,0.00,0.00,2
4970,0.051,0.049,-1.000,0.000,0.000,0.000,-13.000,-19.000,-44.000,0.0108,0.9997,0.0040,-0.0206,0.00,0.00,0.00,2.66,86792.8,0,0.00,0.00,2
4990,0.051,0.049,-1.000,0.000,0.000,0.000,-13.000,-19.000,-44.000,0.0108,0.9997,0.0040,-0.0207,0.00,0.00,0.00,2.68,86792.8,0,0.00,0.00,2
5010,0.051,0.049,-1.000,0.000,0.000,0.000,-13.000,-19.000,-44.000,0.0109,0.9997,0.0041,-0.0209,0.00,0.00,0.00,2.70,86792.8,0,0.00,0.00,2
5030,0.051,0.049,-1.000,0.000,0.000,0.000,-13.000,-19.000,-44.000,0.0110,0.9997,0.0041,-0.0210,0.00,0.00,0.00,2.72,86792.8,0,0.00,0.00,2
5050,0.051,0.049,-1.000,0.000,0.000,0.000,-13.000,-19.000,-44.000,0.0111,0.9997,0.0041,-0.0212,0.00,0.00,0.00,2.74,86792.8,0,0.00,0.00,2
5070,0.051,0.049,-1.000,0.000,0.000,0.000,-13.000,-19.000,-44.000,0.0112,0.9997,0.0042,-0.0214,0.00,0.00,0.00,2.76,86792.8,0,0.00,0.00,2
5090,0.051,0.049,-1.000,0.000,0.000,0.000,-13.000,-19.000,-44.000,0.0113,0.9997,0.0042,-0.0215,0.00,0.00,0.00,2.78,86792.8,0,0.00,0.00,2
5110,0.051,0.049,-1.000,0.000,0.000,0.000,-13.000,-19.000,-44.000,0.0114,0.9997,0.0042,-0.0217,0.00,0.00,0.00,2.80,86792.8,0,0.00,0.00,2
5130,0.051,0.049,-1.000,0.000,0.000,0.000,-13.000,-19.000,-44.000,0.0114,0.9997,0.0042,-0.0218,0.00,0.00,0.00,2.82,86792.8,0,0.00,0.00,2
5150,0.051,0.049,-1.000,0.000,0.000,0.000,-13.000,-19.000,-44.000,0.0115,0.9997,0.0043,-0.0220,0.00,0.00,0.00,2.84,86792.8,0,0.00,0.00,2
5170,0.051,0.049,-1.000,0.000,0.000,0.000,-13.000,-19.000,-44.000,0.0116,0.9997,0.0043,-0.0221,0.00,0.00,0.00,2.86,86792.8,0,0.00,0.00,2
5190,0.051,0.049,-1.000,0.000,0.000,0.000,-13.000,-19.000,-44.000,0.0117,0.9997,0.0043,-0.0223,0.00,0.00,0.00,2.88,86792.8,0,0.00,0.00,2
5210,0.051,0.049,-1.000,0.000,0.000,0.000,-13.000,-19.000,-44.000,0.0118,0.9997,0.0044,-0.0224,0.00,0.00,0.00,2.90,86792.8,0,0.00,0.00,2
5230,0.051,0.049,-1.000,0.000,0.000,0.000,-13.000,-19.000,-44.000,0.0119,0.9997,0.0044,-0.0226,0.00,0.00,0.00,2.92,86792.8,0,0.00,0.00,2
5250,0.051,0.049,-1.000,0.000,0.000,0.000,-13.000,-19.000,-44.000,0.0119,0.9997,0.0044,-0.0227,0.00,0.00,0.00,2.94,86792.8,0,0.00,0.00,2
5270,0.051,0.049,-1.000,0.000,0.000,0.000,-13.000,-19.000,-44.000,0.0120,0.9997,0.0045,-0.0229,0.00,0.00,0.00,2.96,86792.8,0,0.00,0.00,2
5290,0.051,0.049,-1.000,0.000,0.000,0.000,-13.000,-19.000,-44.000,0.0121,0.9997,0.0045,-0.0231,0.00,0.00,0.00,2.98,86792.8,0,0.00,0.00,2
5310,0.051,0.049,-1.000,0.000,0.000,0.000,-13.000,-19.000,-44.000,0.0122,0.9996,0.0045,-0.0232,0.00,0.00,0.00,3.00,86792.8,0,0.00,0.00,2
5330,0.051,0.049,-1.000,0.000,0.000,0.000,-13.000,-19.000,-44.000,0.0123,0.9996,0.0046,-0.0234,0.00,0.00,0.00,3.02,86792.8,0,0.00,0.00,2
5350,0.051,0.049,-1.000,0.000,0.000,0.000,-13.000,-19.000,-44.000,0.0124,0.9996,0.0046,-0.0235,0.00,0.00,0.00,3.04,86792.8,0,0.00,0.00,2
5370,0.051,0.049,-1.000,0.000,0.000,0.000,-13.000,-19.000,-44.000,0.0124,0.9996,0.0046,-0.0237,0.00,0.00,0.00,3.06,86792.8,0,0.00,0.00,2
5390,0.051,0.049,-1.000,0.000,0.000,0.000,-13.000,-19.000,-44.000,0.0125,0.9996,0.0047,-0.0238,0.00,0.00,0.00,3.08,86792.8,0,0.00,0.00,2
5410,0.051,0.049,-1.000,0.000,0.000,0.000,-13.000,-19.000,-44.000,0.0126,0.9996,0.0047,-0.0240,0.00,0.00,0.00,3.10,86792.8,0,0.00,0.00,2
5430,0.051,0.049,-1.000,0.000,0.000,0.000,-13.000,-19.000,-44.000,0.0127,0.9996,0.0047,-0.0241,0.00,0.00,0.00,3.12,86792.8,0,0.00,0.00,2
5450,0.051,0.049,-1.000,0.000,0.000,0.000,-13.000,-19.000,-44.000,0.0128,0.9996,0.0047,-0.0243,0.00,0.00,0.00,3.14,86792.8,0,0.00,0.00,2
5470,0.051,0.049,-1.000,0.000,0.000,0.000,-13.000,-19.000,-44.000,0.0129,0.9996,0.0048,-0.0244,0.00,0.00,0.00,3.16,86792.8,0,0.00,0.00,2
5490,0.051,0.049,-1.000,0.000,0.000,0.000,-13.000,-19.000,-44.000,0.0129,0.9996,0.0048,-0.0246,0.00,0.00,0.00,3.18,86792.8,0,0.00,0.00,2
5510,0.051,0.049,-1.000,0.000,0.000,0.000,-13.000,-19.000,-44.000,0.0130,0.9996,0.0048,-0.0247,0.00,0.00,0.00,3.20,86792.8,0,0.00,0.00,2
5530,0.051,0.049,-1.000,0.000,0.000,0.000,-13.000,-19.000,-44.000,0.0131,0.9996,0.0049,-0.0249,0.00,0.00,0.00,3.22,86792.8,0,0.00,0.00,2
5550,0.051,0.049,-1.000,0.000,0.000,0.000,-13.000,-19.000,-44.000,0.0132,0.9996,0.0049,-0.0250,0.00,0.00,0.00,3.24,86792.8,0,0.00,0.00,2
5570,0.051,0.049,-1.000,0.000,0.000,0.000,-13.000,-19.000,-44.000,0.0133,0.9996,0.0049,-0.0252,0.00,0.00,0.00,3.26,86792.8,0,0.00,0.00,2
5590,0.051,0.049,-1.000,0.000,0.000,0.000,-13.000,-19.000,-44.000,0.0133,0.9996,0.0050,-0.0253,0.00,0.00,0.00,3.28,86792.8,0,0.00,0.00,2
5610,0.051,0.049,-1.000,0.000,0.000,0.000,-13.000,-19.000,-44.000,0.0134,0.9996,0.0050,-0.0255,0.00,0.00,0.00,3.30,86792.8,0,0.00,0.00,2
5630,0.051,0.049,-1.000,0.000,0.000,0.000,-13.000,-19.000,-44.000,0.0135,0.9996,0.0050,-0.0256,0.00,0.00,0.00,3.32,86792.8,0,0.00,0.00,2
5650,0.051,0.049,-1.000,0.000,0.000,0.000,-13.000,-19.000,-44.000,0.0136,0.9996,0.0051,-0.0258,0.00,0.00,0.00,3.34,86792.8,0,0.00,0.00,2
5670,0.051,0.049,-1.000,0.000,0.000,0.000,-13.000,-19.000,-44.000,0.0137,0.9996,0.0051,-0.0259,0.00,0.00,0.00,3.36,86792.8,0,0.00,0.00,2
5690,0.051,0.049,-1.000,0.000,0.000,0.000,-13.000,-19.000,-44.000,0.0138,0.9996,0.0051,-0.0261,0.00,0.00,0.00,3.38,86792.8,0,0.00,0.00,2
5710,0.051,0.049,-1.000,0.000,0.000,0.000,-13.000,-19.000,-44.000,0.0138,0.9995,0.0051,-0.0262,0.00,0.00,0.00,3.40,86792.8,0,0.00,0.00,2
5730,0.051,0.049,-1.000,0.000,0.000,0.000,-13.000,-19.000,-44.000,0.0139,0.9995,0.0052,-0.0263,0.00,0.00,0.00,3.42,86792.8,0,0.00,0.00,2
5750,0.051,0.049,-1.000,0.000,0.000,0.000,-13.000,-19.000,-44.000,0.0140,0.9995,0.0052,-0.0265,0.00,0.00,0.00,3.43,86792.8,0,0.00,0.00,2
5770,0.051,0.049,-1.000,0.000,0.000,0.000,-13.000,-19.000,-44.000,0.0141,0.9995,0.0052,-0.0266,0.00,0.00,0.00,3.45,86792.8,0,0.00,0.00,2
5790,0.051,0.049,-1.000,0.000,0.000,0.000,-13.000,-19.000,-44.000,0.0142,0.9995,0.0053,-0.0268,0.00,0.00,0.00,3.47,86792.8,0,0.00,0.00,2
5810,0.051,0.049,-1.000,0.000,0.000,0.000,-13.000,-19.000,-44.000,0.0142,0.9995,0.0053,-0.0269,0.00,0.00,0.00,3.49,86792.8,0,0.00,0.00,2
5830,0.051,0.049,-1.000,0.000,0.000,0.000,-13.000,-19.000,-44.000,0.0143,0.9995,0.0053,-0.0271,0.00,0.00,0.00,3.51,86792.8,0,0.00,0.00,2
5850,0.051,0.049,-1.000,0.000,0.000,0.000,-13.000,-19.000,-44.000,0.0144,0.9995,0.0054,-0.0272,0.00,0.00,0.00,3.53,86792.8,0,0.00,0.00,2
5870,0.051,0.049,-1.000,0.000,0.000,0.000,-13.000,-19.000,-44.000,0.0145,0.9995,0.0054,-0.0274,0.00,0.00,0.00,3.55,86792.8,0,0.00,0.00,2
5890,0.051,0.049,-1.000,0.000,0.000,0.000,-13.000,-19.000,-44.000,0.0146,0.9995,0.0054,-0.0275,0.00,0.00,0.00,3.57,86792.8,0,0.00,0.00,2
5910,0.051,0.049,-1.000,0.000,0.000,0.000,-13.000,-19.000,-44.000,0.0146,0.9995,0.0055,-0.0277,0.00,0.00,0.00,3.59,86792.8,0,0.00,0.00,2
5930,0.051,0.049,-1.000,0.000,0.000,0.000,-13.000,-19.000,-44.000,0.0147,0.9995,0.0055,-0.0278,0.00,0.00,0.00,3.61,86792.8,0,0.00,0.00,2
5950,0.051,0.049,-1.000,0.000,0.000,0.000,-13.000,-19.000,-44.000,0.0148,0.9995,0.0055,-0.0280,0.00,0.00,0.00,3.63,86792.8,0,0.00,0.00,2
5970,0.051,0.049,-1.000,0.000,0.000,0.000,-13.000,-19.000,-44.000,0.0149,0.9995,0.0055,-0.0281,0.00,0.00,0.00,3.64,86792.8,0,0.00,0.00,2
5990,0.051,0.049,-1.000,0.000,0.000,0.000,-13.000,-19.000,-44.000,0.0150,0.9995,0.0056,-0.0282,0.00,0.00,0.00,3.66,86792.8,0,0.00,0.00,2
6010,0.051,0.049,-1.000,0.000,0.000,0.000,-13.000,-19.000,-44.000,0.0150,0.9995,0.0056,-0.0284,0.00,0.00,0.00,3.68,86792.8,0,0.00,0.00,2
6030,0.051,0.049,-1.000,0.000,0.000,0.000,-13.000,-19.000,-44.000,0.0151,0.9995,0.0056,-0.0285,0.00,0.00,0.00,3.70,86792.8,0,0.00,0.00,2
6050,0.051,0.049,-1.000,0.000,0.000,0.000,-13.000,-19.000,-44.000,0.0152,0.9995,0.0057,-0.0287,0.00,0.00,0.00,3.72,86792.8,0,0.00,0.00,2
6070,0.051,0.049,-1.000,0.000,0.000,0.000,-13.000,-19.000,-44.000,0.0153,0.9995,0.0057,-0.0288,0.00,0.00,0.00,3.74,86792.8,0,0.00,0.00,2
6090,0.051,0.049,-1.000,0.000,0.000,0.000,-13.000,-19.000,-44.000,0.0154,0.9994,0.0057,-0.0290,0.00,0.00,0.00,3.76,86792.8,0,0.00,0.00,2
6110,0.051,0.049,-1.000,0.000,0.000,0.000,-13.000,-19.000,-44.000,0.0154,0.9994,0.0058,-0.0291,0.00,0.00,0.00,3.78,86792.8,0,0.00,0.00,2
6130,0.051,0.049,-1.000,0.000,0.000,0.000,-13.000,-19.000,-44.000,0.0155,0.9994,0.0058,-0.0292,0.00,0.00,0.00,3.79,86792.8,0,0.00,0.00,2
6150,0.051,0.049,-1.000,0.000,0.000,0.000,-13.000,-19.000,-44.000,0.0156,0.9994,0.0058,-0.0294,0.00,0.00,0.00,3.81,86792.8,0,0.00,0.00,2
6170,0.051,0.049,-1.000,0.000,0.000,0.000,-13.000,-19.000,-44.000,0.0157,0.9994,0.0059,-0.0295,0.00,0.00,0.00,3.83,86792.8,0,0.00,0.00,2
6190,0.051,0.049,-1.000,0.000,0.000,0.000,-13.000,-19.000,-44.000,0.0158,0.9994,0.0059,-0.0297,0.00,0.00,0.00,3.85,86792.8,0,0.00,0.00,2
6210,0.051,0.049,-1.000,0.000,0.000,0.000,-13.000,-19.000,-44.000,0.0158,0.9994,0.0059,-0.0298,0.00,0.00,0.00,3.87,86792.8,0,0.00,0.00,2
6230,0.051,0.049,-1.000,0.000,0.000,0.000,-13.000,-19.000,-44.000,0.0159,0.9994,0.0059,-0.0300,0.00,0.00,0.00,3.89,86792.8,0,0.00,0.00,2
6250,0.051,0.049,-1.000,0.000,0.000,0.000,-13.000,-19.000,-44.000,0.0160,0.9994,0.0060,-0.0301,0.00,0.00,0.00,3.91,86792.8,0,0.00,0.00,2
6270,0.051,0.049,-1.000,0.000,0.000,0.000,-13.000,-19.000,-44.000,0.0161,0.9994,0.0060,-0.0302,0.00,0.00,0.00,3.92,86792.8,0,0.00,0.00,2
6290,0.051,0.049,-1.000,0.000,0.000,0.000,-13.000,-19.000,-44.000,0.0162,0.9994,0.0060,-0.0304,0.00,0.00,0.00,3.94,86792.8,0,0.00,0.00,2
6310,0.051,0.049,-1.000,0.000,0.000,0.000,-13.000,-19.000,-44.000,0.0162,0.9994,0.0061,-0.0305,0.00,0.00,0.00,3.96,86792.8,0,0.00,0.00,2
6330,0.051,0.049,-1.000,0.000,0.000,0.000,-13.000,-19.000,-44.000,0.0163,0.9994,0.0061,-0.0307,0.00,0.00,0.00,3.98,86792.8,0,0.00,0.00,2
6350,0.051,0.049,-1.000,0.000,0.000,0.000,-13.000,-19.000,-44.000,0.0164,0.9994,0.0061,-0.0308,0.00,0.00,0.00,4.00,86792.8,0,0.00,0.00,2
6370,0.051,0.049,-1.000,0.000,0.000,0.000,-13.000,-19.000,-44.000,0.0165,0.9994,0.0062,-0.0309,0.00,0.00,0.00,4.02,86792.8,0,0.00,0.00,2
6390,0.051,0.049,-1.000,0.000,0.000,0.000,-13.000,-19.000,-44.000,0.0165,0.9994,0.0062,-0.0311,0.00,0.00,0.00,4.04,86792.8,0,0.00,0.00,2
6410,0.051,0.049,-1.000,0.000,0.000,0.000,-13.000,-19.000,-44.000,0.0166,0.9994,0.0062,-0.0312,0.00,0.00,0.00,4.05,86792.8,0,0.00,0.00,2
6430,0.051,0.049,-1.000,0.000,0.000,0.000,-13.000,-19.000,-44.000,0.0167,0.9993,0.0062,-0.0314,0.00,0.00,0.00,4.07,86792.8,0,0.00,0.00,2
6450,0.051,0.049,-1.000,0.000,0.000,0.000,-13.000,-19.000,-44.000,0.0168,0.9993,0.0063,-0.0315,0.00,0.00,0.00,4.09,86792.8,0,0.00,0.00,2
6470,0.051,0.049,-1.000,0.000,0.000,0.000,-13.000,-19.000,-44.000,0.0169,0.9993,0.0063,-0.0316,0.00,0.00,0.00,4.11,86792.8,0,0.00,0.00,2
6490,0.051,0.049,-1.000,0.000,0.000,0.000,-13.000,-19.000,-44.000,0.0169,0.9993,0.0063,-0.0318,0.00,0.00,0.00,4.13,86792.8,0,0.00,0.00,2
6510,0.051,0.049,-1.000,0.000,0.000,0.000,-13.000,-19.000,-44.000,0.0170,0.9993,0.0064,-0.0319,0.00,0.00,0.00,4.14,86792.8,0,0.00,0.00,2
6530,0.051,0.049,-1.000,0.000,0.000,0.000,-13.000,-19.000,-44.000,0.0171,0.9993,0.0064,-0.0320,0.00,0.00,0.00,4.16,86792.8,0,0.00,0.00,2
6550,0.051,0.049,-1.000,0.000,0.000,0.000,-13.000,-19.000,-44.000,0.0172,0.9993,0.0064,-0.0322,0.00,0.00,0.00,4.18,86792.8,0,0.00,0.00,2
6570,0.051,0.049,-1.000,0.000,0.000,0.000,-13.000,-19.000,-44.000,0.0172,0.9993,0.0065,-0.0323,0.00,0.00,0.00,4.20,86792.8,0,0.00,0.00,2
6590,0.051,0.049,-1.000,0.000,0.000,0.000,-13.000,-19.000,-44.000,0.0173,0.9993,0.0065,-0.0325,0.00,0.00,0.00,4.22,86792.8,0,0.00,0.00,2
6610,0.051,0.049,-1.000,0.000,0.000,0.000,-13.000,-19.000,-44.000,0.0174,0.9993,0.0065,-0.0326,0.00,0.00,0.00,4.23,86792.8,0,0.00,0.00,2
6630,0.051,0.049,-1.000,0.000,0.000,0.000,-13.000,-19.000,-44.000,0.0175,0.9993,0.0065,-0.0327,0.00,0.00,0.00,4.25,86792.8,0,0.00,0.00,2
6650,0.051,0.049,-1.000,0.000,0.000,0.000,-13.000,-19.000,-44.000,0.0176,0.9993,0.0066,-0.0329,0.00,0.00,0.00,4.27,86792.8,0,0.00,0.00,2
6670,0.051,0.049,-1.000,0.000,0.000,0.000,-13.000,-19.000,-44.000,0.0176,0.9993,0.0066,-0.0330,0.00,0.00,0.00,4.29,86792.8,0,0.00,0.00,2
6690,0.051,0.049,-1.000,0.000,0.000,0.000,-13.000,-19.000,-44.000,0.0177,0.9993,0.0066,-0.0331,0.00,0.00,0.00,4.31,86792.8,0,0.00,0.00,2
6710,0.051,0.049,-1.000,0.000,0.000,0.000,-13.000,-19.000,-44.000,0.0178,0.9993,0.0067,-0.0333,0.00,0.00,0.00,4.32,86792.8,0,0.00,0.00,2
6730,0.051,0.049,-1.000,0.000,0.000,0.000,-13.000,-19.000,-44.000,0.0179,0.9993,0.0067,-0.0334,0.00,0.00,0.00,4.34,86792.8,0,0.00,0.00,2
6750,0.051,0.049,-1.000,0.000,0.000,0.000,-13.000,-19.000,-44.000,0.0179,0.9993,0.0067,-0.0335,0.00,0.00,0.00,4.36,86792.8,0,0.00,0.00,2
6770,0.051,0.049,-1.000,0.000,0.000,0.000,-13.000,-19.000,-44.000,0.0180,0.9992,0.0067,-0.0337,0.00,0.00,0.00,4.38,86792.8,0,0.00,0.00,2
6790,0.051,0.049,-1.000,0.000,0.000,0.000,-13.000,-19.000,-44.000,0.0181,0.9992,0.0068,-0.0338,0.00,0.00,0.00,4.40,86792.8,0,0.00,0.00,2
6810,0.051,0.049,-1.000,0.000,0.000,0.000,-13.000,-19.000,-44.000,0.0182,0.9992,0.0068,-0.0339,0.00,0.00,0.00,4.41,86792.8,0,0.00,0.00,2
6830,0.051,0.049,-1.000,0.000,0.000,0.000,-13.000,-19.000,-44.000,0.0182,0.9992,0.0068,-0.0341,0.00,0.00,0.00,4.43,86792.8,0,0.00,0.00,2
6850,0.051,0.049,-1.000,0.000,0.000,0.000,-13.000,-19.000,-44.000,0.0183,0.9992,0.0069,-0.0342,0.00,0.00,0.00,4.45,86792.8,0,0.00,0.00,2
6870,0.051,0.049,-1.000,0.000,0.000,0.000,-13.000,-19.000,-44.000,0.0184,0.9992,0.0069,-0.0343,0.00,0.00,0.00,4.47,86792.8,0,0.00,0.00,2
6890,0.051,0.049,-1.000,0.000,0.000,0.000,-13.000,-19.000,-44.000,0.0185,0.9992,0.0069,-0.0345,0.00,0.00,0.00,4.48,86792.8,0,0.00,0.00,2
6910,0.051,0.049,-1.000,0.000,0.000,0.000,-13.000,-19.000,-44.000,0.0186,0.9992,0.0070,-0.0346,0.00,0.00,0.00,4.50,86792.8,0,0.00,0.00,2
6930,0.051,0.049,-1.000,0.000,0.000,0.000,-13.000,-19.000,-44.000,0.0186,0.9992,0.0070,-0.0347,0.00,0.00,0.00,4.52,86792.8,0,0.00,0.00,2
6950,0.051,0.049,-1.000,0.000,0.000,0.000,-13.000,-19.000,-44.000,0.0187,0.9992,0.0070,-0.0349,0.00,0.00,0.00,4.54,86792.8,0,0.00,0.00,2
6970,0.051,0.049,-1.000,0.000,0.000,0.000,-13.000,-19.000,-44.000,0.0188,0.9992,0.0070,-0.0350,0.00,0.00,0.00,4.55,86792.8,0,0.00,0.00,2
6990,0.051,0.049,-1.000,0.000,0.000,0.000,-13.000,-19.000,-44.000,0.0189,0.9992,0.0071,-0.0351,0.00,0.00,0.00,4.57,86792.8,0,0.00,0.00,2
7010,0.051,0.049,-1.000,0.000,0.000,0.000,-13.000,-19.000,-44.000,0.0189,0.9992,0.0071,-0.0353,0.00,0.00,0.00,4.59,86792.8,0,0.00,0.00,2
7030,0.051,0.049,-1.000,0.000,0.000,0.000,-13.000,-19.000,-44.000,0.0190,0.9992,0.0071,-0.0354,0.00,0.00,0.00,4.61,86792.8,0,0.00,0.00,2
7050,0.051,0.049,-1.000,0.000,0.000,0.000,-13.000,-19.000,-44.000,0.0191,0.9992,0.0072,-0.0355,0.00,0.00,0.00,4.62,86792.8,0,0.00,0.00,2
7070,0.051,0.049,-1.000,0.000,0.000,0.000,-13.000,-19.000,-44.000,0.0192,0.9992,0.0072,-0.0357,0.00,0.00,0.00,4.64,86792.8,0,0.00,0.00,2
7090,0.051,0.049,-1.000,0.000,0.000,0.000,-13.000,-19.000,-44.000,0.0192,0.9991,0.0072,-0.0358,0.00,0.00,0.00,4.66,86792.8,0,0.00,0.00,2
7110,0.051,0.049,-1.000,0.000,0.000,0.000,-13.000,-19.000,-44.000,0.0193,0.9991,0.0072,-0.0359,0.00,0.00,0.00,4.68,86792.8,0,0.00,0.00,2
7130,0.051,0.049,-1.000,0.000,0.000,0.000,-13.000,-19.000,-44.000,0.0194,0.9991,0.0073,-0.0361,0.00,0.00,0.00,4.69,86792.8,0,0.00,0.00,2
7150,0.051,0.049,-1.000,0.000,0.000,0.000,-13.000,-19.000,-44.000,0.0195,0.9991,0.0073,-0.0362,0.00,0.00,0.00,4.71,86792.8,0,0.00,0.00,2
7170,0.051,0.049,-1.000,0.000,0.000,0.000,-13.000,-19.000,-44.000,0.0195,0.9991,0.0073,-0.0363,0.00,0.00,0.00,4.73,86792.8,0,0.00,0.00,2
7190,0.051,0.049,-1.000,0.000,0.000,0.000,-13.000,-19.000,-44.000,0.0196,0.9991,0.0074,-0.0365,0.00,0.00,0.00,4.74,86792.8,0,0.00,0.00,2
7210,0.051,0.049,-1.000,0.000,0.000,0.000,-13.000,-19.000,-44.000,0.0197,0.9991,0.0074,-0.0366,0.00,0.00,0.00,4.76,86792.8,0,0.00,0.00,2
7230,0.051,0.049,-1.000,0.000,0.000,0.000,-13.000,-19.000,-44.000,0.0198,0.9991,0.0074,-0.0367,0.00,0.00,0.00,4.78,86792.8,0,0.00,0.00,2
7250,0.051,0.049,-1.000,0.000,0.000,0.000,-13.000,-19.000,-44.000,0.0198,0.9991,0.0075,-0.0368,0.00,0.00,0.00,4.80,86792.8,0,0.00,0.00,2
7270,0.051,0.049,-1.000,0.000,0.000,0.000,-13.000,-19.000,-44.000,0.0199,0.9991,0.0075,-0.0370,0.00,0.00,0.00,4.81,86792.8,0,0.00,0.00,2
7290,0.051,0.049,-1.000,0.000,0.000,0.000,-13.000,-19.000,-44.000,0.0200,0.9991,0.0075,-0.0371,0.00,0.00,0.00,4.83,86792.8,0,0.00,0.00,2
7310,0.051,0.049,-1.000,0.000,0.000,0.000,-13.000,-19.000,-44.000,0.0201,0.9991,0.0075,-0.0372,0.00,0.00,0.00,4.85,86792.8,0,0.00,0.00,2
7330,0.051,0.049,-1.000,0.000,0.000,0.000,-13.000,-19.000,-44.000,0.0201,0.9991,0.0076,-0.0374,0.00,0.00,0.00,4.86,86792.8,0,0.00,0.00,2
7350,0.051,0.049,-1.000,0.000,0.000,0.000,-13.000,-19.000,-44.000,0.0202,0.9991,0.0076,-0.0375,0.00,0.00,0.00,4.88,86792.8,0,0.00,0.00,2
7370,0.051,0.049,-1.000,0.000,0.000,0.000,-13.000,-19.000,-44.000,0.0203,0.9991,0.0076,-0.0376,0.00,0.00,0.00,4.90,86792.8,0,0.00,0.00,2
7390,0.051,0.049,-1.000,0.000,0.000,0.000,-13.000,-19.000,-44.000,0.0203,0.9991,0.0077,-0.0377,0.00,0.00,0.00,4.91,86792.8,0,0.00,0.00,2
7410,0.051,0.049,-1.000,0.000,0.000,0.000,-13.000,-19.000,-44.000,0.0204,0.9990,0.0077,-0.0379,0.00,0.00,0.00,4.93,86792.8,0,0.00,0.00,2
7430,0.051,0.049,-1.000,0.000,0.000,0.000,-13.000,-19.000,-44.000,0.0205,0.9990,0.0077,-0.0380,0.00,0.00,0.00,4.95,86792.8,0,0.00,0.00,2
7450,0.051,0.049,-1.000,0.000,0.000,0.000,-13.000,-19.000,-44.000,0.0206,0.9990,0.0077,-0.0381,0.00,0.00,0.00,4.96,86792.8,0,0.00,0.00,2
7470,0.051,0.049,-1.000,0.000,0.000,0.000,-13.000,-19.000,-44.000,0.0206,0.9990,0.0078,-0.0382,0.00,0.00,0.00,4.98,86792.8,0,0.00,0.00,2
7490,0.051,0.049,-1.000,0.000,0.000,0.000,-13.000,-19.000,-44.000,0.0207,0.9990,0.0078,-0.0384,0.00,0.00,0.00,5.00,86792.8,0,0.00,0.00,2
7510,0.051,0.049,-1.000,0.000,0.000,0.000,-13.000,-19.000,-44.000,0.0208,0.9990,0.0078,-0.0385,0.00,0.00,0.00,5.02,86792.8,0,0.00,0.00,2
7530,0.051,0.049,-1.000,0.000,0.000,0.000,-13.000,-19.000,-44.000,0.0209,0.9990,0.0079,-0.0386,0.00,0.00,0.00,5.03,86792.8,0,0.00,0.00,2
7550,0.051,0.049,-1.000,0.000,0.000,0.000,-13.000,-19.000,-44.000,0.0209,0.9990,0.0079,-0.0387,0.00,0.00,0.00,5.05,86792.8,0,0.00,0.00,2
7570,0.051,0.049,-1.000,0.000,0.000,0.000,-13.000,-19.000,-44.000,0.0210,0.9990,0.0079,-0.0389,0.00,0.00,0.00,5.06,86792.8,0,0.00,0.00,2
7590,0.051,0.049,-1.000,0.000,0.000,0.000,-13.000,-19.000,-44.000,0.0211,0.9990,0.0079,-0.0390,0.00,0.00,0.00,5.08,86792.8,0,0.00,0.00,2
7610,0.051,0.049,-1.000,0.000,0.000,0.000,-13.000,-19.000,-44.000,0.0212,0.9990,0.0080,-0.0391,0.00,0.00,0.00,5.10,86792.8,0,0.00,0.00,2
7630,0.051,0.049,-1.000,0.000,0.000,0.000,-13.000,-19.000,-44.000,0.0212,0.9990,0.0080,-0.0392,0.00,0.00,0.00,5.11,86792.8,0,0.00,0.00,2
7650,0.051,0.049,-1.000,0.000,0.000,0.000,-13.000,-19.000,-44.000,0.0213,0.9990,0.0080,-0.0394,0.00,0.00,0.00,5.13,86792.8,0,0.00,0.00,2
7670,0.051,0.049,-1.000,0.000,0.000,0.000,-13.000,-19.000,-44.000,0.0214,0.9990,0.0081,-0.0395,0.00,0.00,0.00,5.15,86792.8,0,0.00,0.00,2
7690,0.051,0.049,-1.000,0.000,0.000,0.000,-13.000,-19.000,-44.000,0.0214,0.9990,0.0081,-0.0396,0.00,0.00,0.00,5.16,86792.8,0,0.00,0.00,2
7710,0.051,0.049,-1.000,0.000,0.000,0.000,-13.000,-19.000,-44.000,0.0215,0.9989,0.0081,-0.0397,0.00,0.00,0.00,5.18,86792.8,0,0.00,0.00,2
7730,0.051,0.049,-1.000,0.000,0.000,0.000,-13.000,-19.000,-44.000,0.0216,0.9989,0.0081,-0.0399,0.00,0.00,0.00,5.20,86792.8,0,0.00,0.00,2
7750,0.051,0.049,-1.000,0.000,0.000,0.000,-13.000,-19.000,-44.000,0.0217,0.9989,0.0082,-0.0400,0.00,0.00,0.00,5.21,86792.8,0,0.00,0.00,2
7770,0.051,0.049,-1.000,0.000,0.000,0.000,-13.000,-19.000,-44.000,0.0217,0.9989,0.0082,-0.0401,0.00,0.00,0.00,5.23,86792.8,0,0.00,0.00,2
7790,0.051,0.049,-1.000,0.000,0.000,0.000,-13.000,-19.000,-44.000,0.0218,0.9989,0.0082,-0.0402,0.00,0.00,0.00,5.25,86792.8,0,0.00,0.00,2
7810,0.051,0.049,-1.000,0.000,0.000,0.000,-13.000,-19.000,-44.000,0.0219,0.9989,0.0083,-0.0404,0.00,0.00,0.00,5.26,86792.8,0,0.00,0.00,2
7830,0.051,0.049,-1.000,0.000,0.000,0.000,-13.000,-19.000,-44.000,0.0219,0.9989,0.0083,-0.0405,0.00,0.00,0.00,5.28,86792.8,0,0.00,0.00,2
7850,0.051,0.049,-1.000,0.000,0.000,0.000,-13.000,-19.000,-44.000,0.0220,0.9989,0.0083,-0.0406,0.00,0.00,0.00,5.29,86792.8,0,0.00,0.00,2
7870,0.051,0.049,-1.000,0.000,0.000,0.000,-13.000,-19.000,-44.000,0.0221,0.9989,0.0083,-0.0407,0.00,0.00,0.00,5.31,86792.8,0,0.00,0.00,2
7890,0.051,0.049,-1.000,0.000,0.000,0.000,-13.000,-19.000,-44.000,0.0222,0.9989,0.0084,-0.0408,0.00,0.00,0.00,5.33,86792.8,0,0.00,0.00,2
7910,0.051,0.049,-1.000,0.000,0.000,0.000,-13.000,-19.000,-44.000,0.0222,0.9989,0.0084,-0.0410,0.00,0.00,0.00,5.34,86792.8,0,0.00,0.00,2
7930,0.051,0.049,-1.000,0.000,0.000,0.000,-13.000,-19.000,-44.000,0.0223,0.9989,0.0084,-0.0411,0.00,0.00,0.00,5.36,86792.8,0,0.00,0.00,2
7950,0.051,0.049,-1.000,0.000,0.000,0.000,-13.000,-19.000,-44.000,0.0224,0.9989,0.0084,-0.0412,0.00,0.00,0.00,5.37,86792.8,0,0.00,0.00,2
7970,0.051,0.049,-1.000,0.000,0.000,0.000,-13.000,-19.000,-44.000,0.0224,0.9989,0.0085,-0.0413,0.00,0.00,0.00,5.39,86792.8,0,0.00,0.00,2
7990,0.051,0.049,-1.000,0.000,0.000,0.000,-13.000,-19.000,-44.000,0.0225,0.9989,0.0085,-0.0414,0.00,0.00,0.00,5.41,86792.8,0,0.00,0.00,2
8010,0.051,0.049,-1.000,0.000,0.000,0.000,-13.000,-19.000,-44.000,0.0226,0.9988,0.0085,-0.0416,0.00,0.00,0.00,5.42,86792.8,0,0.00,0.00,2
8030,0.051,0.049,-1.000,0.000,0.000,0.000,-13.000,-19.000,-44.000,0.0227,0.9988,0.0086,-0.0417,0.00,0.00,0.00,5.44,86792.8,0,0.00,0.00,2
8050,0.051,0.049,-1.000,0.000,0.000,0.000,-13.000,-19.000,-44.000,0.0227,0.9988,0.0086,-0.0418,0.00,0.00,0.00,5.45,86792.8,0,0.00,0.00,2
8070,0.051,0.049,-1.000,0.000,0.000,0.000,-13.000,-19.000,-44.000,0.0228,0.9988,0.0086,-0.0419,0.00,0.00,0.00,5.47,86792.8,0,0.00,0.00,2
8090,0.051,0.049,-1.000,0.000,0.000,0.000,-13.000,-19.000,-44.000,0.0229,0.9988,0.0086,-0.0420,0.00,0.00,0.00,5.49,86792.8,0,0.00,0.00,2
8110,0.051,0.049,-1.000,0.000,0.000,0.000,-13.000,-19.000,-44.000,0.0229,0.9988,0.0087,-0.0422,0.00,0.00,0.00,5.50,86792.8,0,0.00,0.00,2
8130,0.051,0.049,-1.000,0.000,0.000,0.000,-13.000,-19.000,-44.000,0.0230,0.9988,0.0087,-0.0423,0.00,0.00,0.00,5.52,86792.8,0,0.00,0.00,2
8150,0.051,0.049,-1.000,0.000,0.000,0.000,-13.000,-19.000,-44.000,0.0231,0.9988,0.0087,-0.0424,0.00,0.00,0.00,5.53,86792.8,0,0.00,0.00,2
8170,0.051,0.049,-1.000,0.000,0.000,0.000,-13.000,-19.000,-44.000,0.0232,0.9988,0.0088,-0.0425,0.00,0.00,0.00,5.55,86792.8,0,0.00,0.00,2
8190,0.051,0.049,-1.000,0.000,0.000,0.000,-13.000,-19.000,-44.000,0.0232,0.9988,0.0088,-0.0426,0.00,0.00,0.00,5.57,86792.8,0,0.00,0.00,2
8210,0.051,0.049,-1.000,0.000,0.000,0.000,-13.000,-19.000,-44.000,0.0233,0.9988,0.0088,-0.0427,0.00,0.00,0.00,5.58,86792.8,0,0.00,0.00,2
8230,0.051,0.049,-1.000,0.000,0.000,0.000,-13.000,-19.000,-44.000,0.0234,0.9988,0.0088,-0.0429,0.00,0.00,0.00,5.60,86792.8,0,0.00,0.00,2
8250,0.051,0.049,-1.000,0.000,0.000,0.000,-13.000,-19.000,-44.000,0.0234,0.9988,0.0089,-0.0430,0.00,0.00,0.00,5.61,86792.8,0,0.00,0.00,2
8270,0.051,0.049,-1.000,0.000,0.000,0.000,-13.000,-19.000,-44.000,0.0235,0.9988,0.0089,-0.0431,0.00,0.00,0.00,5.63,86792.8,0,0.00,0.00,2
8290,0.051,0.049,-1.000,0.000,0.000,0.000,-13.000,-19.000,-44.000,0.0236,0.9987,0.0089,-0.0432,0.00,0.00,0.00,5.64,86792.8,0,0.00,0.00,2
8310,0.051,0.049,-1.000,0.000,0.000,0.000,-13.000,-19.000,-44.000,0.0236,0.9987,0.0090,-0.0433,0.00,0.00,0.00,5.66,86792.8,0,0.00,0.00,2
8330,0.051,0.049,-1.000,0.000,0.000,0.000,-13.000,-19.000,-44.000,0.0237,0.9987,0.0090,-0.0434,0.00,0.00,0.00,5.67,86792.8,0,0.00,0.00,2
8350,0.051,0.049,-1.000,0.000,0.000,0.000,-13.000,-19.000,-44.000,0.0238,0.9987,0.0090,-0.0436,0.00,0.00,0.00,5.69,86792.8,0,0.00,0.00,2
8370,0.051,0.049,-1.000,0.000,0.000,0.000,-13.000,-19.000,-44.000,0.0238,0.9987,0.0090,-0.0437,0.00,0.00,0.00,5.71,86792.8,0,0.00,0.00,2
8390,0.051,0.049,-1.000,0.000,0.000,0.000,-13.000,-19.000,-44.000,0.0239,0.9987,0.0091,-0.0438,0.00,0.00,0.00,5.72,86792.8,0,0.00,0.00,2
8410,0.051,0.049,-1.000,0.000,0.000,0.000,-13.000,-19.000,-44.000,0.0240,0.9987,0.0091,-0.0439,0.00,0.00,0.00,5.74,86792.8,0,0.00,0.00,2
8430,0.051,0.049,-1.000,0.000,0.000,0.000,-13.000,-19.000,-44.000,0.0241,0.9987,0.0091,-0.0440,0.00,0.00,0.00,5.75,86792.8,0,0.00,0.00,2
8450,0.051,0.049,-1.000,0.000,0.000,0.000,-13.000,-19.000,-44.000,0.0241,0.9987,0.0091,-0.0441,0.00,0.00,0.00,5.77,86792.8,0,0.00,0.00,2
8470,0.051,0.049,-1.000,0.000,0.000,0.000,-13.000,-19.000,-44.000,0.0242,0.9987,0.0092,-0.0443,0.00,0.00,0.00,5.78,86792.8,0,0.00,0.00,2
8490,0.051,0.049,-1.000,0.000,0.000,0.000,-13.000,-19.000,-44.000,0.0243,0.9987,0.0092,-0.0444,0.00,0.00,0.00,5.80,86792.8,0,0.00,0.00,2
8510,0.051,0.049,-1.000,0.000,0.000,0.000,-13.000,-19.000,-44.000,0.0243,0.9987,0.0092,-0.0445,0.00,0.00,0.00,5.81,86792.8,0,0.00,0.00,2
8530,0.051,0.049,-1.000,0.000,0.000,0.000,-13.000,-19.000,-44.000,0.0244,0.9987,0.0093,-0.0446,0.00,0.00,0.00,5.83,86792.8,0,0.00,0.00,2
8550,0.051,0.049,-1.000,0.000,0.000,0.000,-13.000,-19.000,-44.000,0.0245,0.9987,0.0093,-0.0447,0.00,0.00,0.00,5.84,86792.8,0,0.00,0.00,2
8570,0.051,0.049,-1.000,0.000,0.000,0.000,-13.000,-19.000,-44.000,0.0245,0.9987,0.0093,-0.0448,0.00,0.00,0.00,5.86,86792.8,0,0.00,0.00,2
8590,0.051,0.049,-1.000,0.000,0.000,0.000,-13.000,-19.000,-44.000,0.0246,0.9986,0.0093,-0.0449,0.00,0.00,0.00,5.87,86792.8,0,0.00,0.00,2
8610,0.051,0.049,-1.000,0.000,0.000,0.000,-13.000,-19.000,-44.000,0.0247,0.9986,0.0094,-0.0451,0.00,0.00,0.00,5.89,86792.8,0,0.00,0.00,2
8630,0.051,0.049,-1.000,0.000,0.000,0.000,-13.000,-19.000,-44.000,0.0247,0.9986,0.0094,-0.0452,0.00,0.00,0.00,5.90,86792.8,0,0.00,0.00,2
8650,0.051,0.049,-1.000,0.000,0.000,0.000,-13.000,-19.000,-44.000,0.0248,0.9986,0.0094,-0.0453,0.00,0.00,0.00,5.92,86792.8,0,0.00,0.00,2
8670,0.051,0.049,-1.000,0.000,0.000,0.000,-13.000,-19.000,-44.000,0.0249,0.9986,0.0094,-0.0454,0.00,0.00,0.00,5.93,86792.8,0,0.00,0.00,2
8690,0.051,0.049,-1.000,0.000,0.000,0.000,-13.000,-19.000,-44.000,0.0249,0.9986,0.0095,-0.0455,0.00,0.00,0.00,5.95,86792.8,0,0.00,0.00,2
8710,0.051,0.049,-1.000,0.000,0.000,0.000,-13.000,-19.000,-44.000,0.0250,0.9986,0.0095,-0.0456,0.00,0.00,0.00,5.96,86792.8,0,0.00,0.00,2
8730,0.051,0.049,-1.000,0.000,0.000,0.000,-13.000,-19.000,-44.000,0.0251,0.9986,0.0095,-0.0457,0.00,0.00,0.00,5.98,86792.8,0,0.00,0.00,2
8750,0.051,0.049,-1.000,0.000,0.000,0.000,-13.000,-19.000,-44.000,0.0251,0.9986,0.0096,-0.0458,0.00,0.00,0.00,5.99,86792.8,0,0.00,0.00,2
8770,0.051,0.049,-1.000,0.000,0.000,0.000,-13.000,-19.000,-44.000,0.0252,0.9986,0.0096,-0.0459,0.00,0.00,0.00,6.01,86792.8,0,0.00,0.00,2
8790,0.051,0.049,-1.000,0.000,0.000,0.000,-13.000,-19.000,-44.000,0.0253,0.9986,0.0096,-0.0461,0.00,0.00,0.00,6.02,86792.8,0,0.00,0.00,2
8810,0.051,0.049,-1.000,0.000,0.000,0.000,-13.000,-19.000,-44.000,0.0253,0.9986,0.0096,-0.0462,0.00,0.00,0.00,6.04,86792.8,0,0.00,0.00,2
8830,0.051,0.049,-1.000,0.000,0.000,0.000,-13.000,-19.000,-44.000,0.0254,0.9986,0.0097,-0.0463,0.00,0.00,0.00,6.05,86792.8,0,0.00,0.00,2
8850,0.051,0.049,-1.000,0.000,0.000,0.000,-13.000,-19.000,-44.000,0.0255,0.9986,0.0097,-0.0464,0.00,0.00,0.00,6.07,86792.8,0,0.00,0.00,2
8870,0.051,0.049,-1.000,0.000,0.000,0.000,-13.000,-19.000,-44.000,0.0255,0.9985,0.0097,-0.0465,0.00,0.00,0.00,6.08,86792.8,0,0.00,0.00,2
8890,0.051,0.049,-1.000,0.000,0.000,0.000,-13.000,-19.000,-44.000,0.0256,0.9985,0.0097,-0.0466,0.00,0.00,0.00,6.10,86792.8,0,0.00,0.00,2
8910,0.051,0.049,-1.000,0.000,0.000,0.000,-13.000,-19.000,-44.000,0.0257,0.9985,0.0098,-0.0467,0.00,0.00,0.00,6.11,86792.8,0,0.00,0.00,2
8930,0.051,0.049,-1.000,0.000,0.000,0.000,-13.000,-19.000,-44.000,0.0257,0.9985,0.0098,-0.0468,0.00,0.00,0.00,6.13,86792.8,0,0.00,0.00,2
8950,0.051,0.049,-1.000,0.000,0.000,0.000,-13.000,-19.000,-44.000,0.0258,0.9985,0.0098,-0.0469,0.00,0.00,0.00,6.14,86792.8,0,0.00,0.00,2
8970,0.051,0.049,-1.000,0.000,0.000,0.000,-13.000,-19.000,-44.000,0.0259,0.9985,0.0099,-0.0470,0.00,0.00,0.00,6.15,86792.8,0,0.00,0.00,2
8990,0.051,0.049,-1.000,0.000,0.000,0.000,-13.000,-19.000,-44.000,0.0259,0.9985,0.0099,-0.0471,0.00,0.00,0.00,6.17,86792.8,0,0.00,0.00,2
9010,0.051,0.049,-1.000,0.000,0.000,0.000,-13.000,-19.000,-44.000,0.0260,0.9985,0.0099,-0.0473,0.00,0.00,0.00,6.18,86792.8,0,0.00,0.00,2
9030,0.051,0.049,-1.000,0.000,0.000,0.000,-13.000,-19.000,-44.000,0.0261,0.9985,0.0099,-0.0474,0.00,0.00,0.00,6.20,86792.8,0,0.00,0.00,2
9050,0.051,0.049,-1.000,0.000,0.000,0.000,-13.000,-19.000,-44.000,0.0261,0.9985,0.0100,-0.0475,0.00,0.00,0.00,6.21,86792.8,0,0.00,0.00,2
9070,0.051,0.049,-1.000,0.000,0.000,0.000,-13.000,-19.000,-44.000,0.0262,0.9985,0.0100,-0.0476,0.00,0.00,0.00,6.23,86792.8,0,0.00,0.00,2
9090,0.051,0.049,-1.000,0.000,0.000,0.000,-13.000,-19.000,-44.000,0.0263,0.9985,0.0100,-0.0477,0.00,0.00,0.00,6.24,86792.8,0,0.00,0.00,2
9110,0.051,0.049,-1.000,0.000,0.000,0.000,-13.000,-19.000,-44.000,0.0263,0.9985,0.0100,-0.0478,0.00,0.00,0.00,6.26,86792.8,0,0.00,0.00,2
9130,0.051,0.049,-1.000,0.000,0.000,0.000,-13.000,-19.000,-44.000,0.0264,0.9985,0.0101,-0.0479,0.00,0.00,0.00,6.27,86792.8,0,0.00,0.00,2
9150,0.051,0.049,-1.000,0.000,0.000,0.000,-13.000,-19.000,-44.000,0.0265,0.9984,0.0101,-0.0480,0.00,0.00,0.00,6.28,86792.8,0,0.00,0.00,2
9170,0.051,0.049,-1.000,0.000,0.000,0.000,-13.000,-19.000,-44.000,0.0265,0.9984,0.0101,-0.0481,0.00,0.00,0.00,6.30,86792.8,0,0.00,0.00,2
9190,0.051,0.049,-1.000,0.000,0.000,0.000,-13.000,-19.000,-44.000,0.0266,0.9984,0.0101,-0.0482,0.00,0.00,0.00,6.31,86792.8,0,0.00,0.00,2
9210,0.051,0.049,-1.000,0.000,0.000,0.000,-13.000,-19.000,-44.000,0.0267,0.9984,0.0102,-0.0483,0.00,0.00,0.00,6.33,86792.8,0,0.00,0.00,2
9230,0.051,0.049,-1.000,0.000,0.000,0.000,-13.000,-19.000,-44.000,0.0267,0.9984,0.0102,-0.0484,0.00,0.00,0.00,6.34,86792.8,0,0.00,0.00,2
9250,0.051,0.049,-1.000,0.000,0.000,0.000,-13.000,-19.000,-44.000,0.0268,0.9984,0.0102,-0.0485,0.00,0.00,0.00,6.36,86792.8,0,0.00,0.00,2
9270,0.051,0.049,-1.000,0.000,0.000,0.000,-13.000,-19.000,-44.000,0.0269,0.9984,0.0103,-0.0486,0.00,0.00,0.00,6.37,86792.8,0,0.00,0.00,2
9290,0.051,0.049,-1.000,0.000,0.000,0.000,-13.000,-19.000,-44.000,0.0269,0.9984,0.0103,-0.0487,0.00,0.00,0.00,6.38,86792.8,0,0.00,0.00,2
9310,0.051,0.049,-1.000,0.000,0.000,0.000,-13.000,-19.000,-44.000,0.0270,0.9984,0.0103,-0.0489,0.00,0.00,0.00,6.40,86792.8,0,0.00,0.00,2
9330,0.051,0.049,-1.000,0.000,0.000,0.000,-13.000,-19.000,-44.000,0.0270,0.9984,0.0103,-0.0490,0.00,0.00,0.00,6.41,86792.8,0,0.00,0.00,2
9350,0.051,0.049,-1.000,0.000,0.000,0.000,-13.000,-19.000,-44.000,0.0271,0.9984,0.0104,-0.0491,0.00,0.00,0.00,6.43,86792.8,0,0.00,0.00,2
9370,0.051,0.049,-1.000,0.000,0.000,0.000,-13.000,-19.000,-44.000,0.0272,0.9984,0.0104,-0.0492,0.00,0.00,0.00,6.44,86792.8,0,0.00,0.00,2
9390,0.051,0.049,-1.000,0.000,0.000,0.000,-13.000,-19.000,-44.000,0.0272,0.9984,0.0104,-0.0493,0.00,0.00,0.00,6.45,86792.8,0,0.00,0.00,2
9410,0.051,0.049,-1.000,0.000,0.000,0.000,-13.000,-19.000,-44.000,0.0273,0.9984,0.0104,-0.0494,0.00,0.00,0.00,6.47,86792.8,0,0.00,0.00,2
9430,0.051,0.049,-1.000,0.000,0.000,0.000,-13.000,-19.000,-44.000,0.0274,0.9983,0.0105,-0.0495,0.00,0.00,0.00,6.48,86792.8,0,0.00,0.00,2
9450,0.051,0.049,-1.000,0.000,0.000,0.000,-13.000,-19.000,-44.000,0.0274,0.9983,0.0105,-0.0496,0.00,0.00,0.00,6.50,86792.8,0,0.00,0.00,2
9470,0.051,0.049,-1.000,0.000,0.000,0.000,-13.000,-19.000,-44.000,0.0275,0.9983,0.0105,-0.0497,0.00,0.00,0.00,6.51,86792.8,0,0.00,0.00,2
9490,0.051,0.049,-1.000,0.000,0.000,0.000,-13.000,-19.000,-44.000,0.0276,0.9983,0.0105,-0.0498,0.00,0.00,0.00,6.52,86792.8,0,0.00,0.00,2
9510,0.051,0.049,-1.000,0.000,0.000,0.000,-13.000,-19.000,-44.000,0.0276,0.9983,0.0106,-0.0499,0.00,0.00,0.00,6.54,86792.8,0,0.00,0.00,2
9530,0.051,0.049,-1.000,0.000,0.000,0.000,-13.000,-19.000,-44.000,0.0277,0.9983,0.0106,-0.0500,0.00,0.00,0.00,6.55,86792.8,0,0.00,0.00,2
9550,0.051,0.049,-1.000,0.000,0.000,0.000,-13.000,-19.000,-44.000,0.0277,0.9983,0.0106,-0.0501,0.00,0.00,0.00,6.57,86792.8,0,0.00,0.00,2
9570,0.051,0.049,-1.000,0.000,0.000,0.000,-13.000,-19.000,-44.000,0.0278,0.9983,0.0107,-0.0502,0.00,0.00,0.00,6.58,86792.8,0,0.00,0.00,2
9590,0.051,0.049,-1.000,0.000,0.000,0.000,-13.000,-19.000,-44.000,0.0279,0.9983,0.0107,-0.0503,0.00,0.00,0.00,6.59,86792.8,0,0.00,0.00,2
9610,0.051,0.049,-1.000,0.000,0.000,0.000,-13.000,-19.000,-44.000,0.0279,0.9983,0.0107,-0.0504,0.00,0.00,0.00,6.61,86792.8,0,0.00,0.00,2
9630,0.051,0.049,-1.000,0.000,0.000,0.000,-13.000,-19.000,-44.000,0.0280,0.9983,0.0107,-0.0505,0.00,0.00,0.00,6.62,86792.8,0,0.00,0.00,2
9650,0.051,0.049,-1.000,0.000,0.000,0.000,-13.000,-19.000,-44.000,0.0281,0.9983,0.0108,-0.0506,0.00,0.00,0.00,6.63,86792.8,0,0.00,0.00,2
9670,0.051,0.049,-1.000,0.000,0.000,0.000,-13.000,-19.000,-44.000,0.0281,0.9983,0.0108,-0.0507,0.00,0.00,0.00,6.65,86792.8,0,0.00,0.00,2
9690,0.051,0.049,-1.000,0.000,0.000,0.000,-13.000,-19.000,-44.000,0.0282,0.9983,0.0108,-0.0508,0.00,0.00,0.00,6.66,86792.8,0,0.00,0.00,2
9710,0.051,0.049,-1.000,0.000,0.000,0.000,-13.000,-19.000,-44.000,0.0283,0.9982,0.0108,-0.0509,0.00,0.00,0.00,6.67,86792.8,0,0.00,0.00,2
9730,0.051,0.049,-1.000,0.000,0.000,0.000,-13.000,-19.000,-44.000,0.0283,0.9982,0.0109,-0.0510,0.00,0.00,0.00,6.69,86792.8,0,0.00,0.00,2
9750,0.051,0.049,-1.000,0.000,0.000,0.000,-13.000,-19.000,-44.000,0.0284,0.9982,0.0109,-0.0511,0.00,0.00,0.00,6.70,86792.8,0,0.00,0.00,2
9770,0.051,0.049,-1.000,0.000,0.000,0.000,-13.000,-19.000,-44.000,0.0284,0.9982,0.0109,-0.0512,0.00,0.00,0.00,6.72,86792.8,0,0.00,0.00,2
9790,0.051,0.049,-1.000,0.000,0.000,0.000,-13.000,-19.000,-44.000,0.0285,0.9982,0.0109,-0.0513,0.00,0.00,0.00,6.73,86792.8,0,0.00,0.00,2
9810,0.051,0.049,-1.000,0.000,0.000,0.000,-13.000,-19.000,-44.000,0.0286,0.9982,0.0110,-0.0514,0.00,0.00,0.00,6.74,86792.8,0,0.00,0.00,2
9830,0.051,0.049,-1.000,0.000,0.000,0.000,-13.000,-19.000,-44.000,0.0286,0.9982,0.0110,-0.0515,0.00,0.00,0.00,6.76,86792.8,0,0.00,0.00,2
9850,0.051,0.049,-1.000,0.000,0.000,0.000,-13.000,-19.000,-44.000,0.0287,0.9982,0.0110,-0.0516,0.00,0.00,0.00,6.77,86792.8,0,0.00,0.00,2
9870,0.051,0.049,-1.000,0.000,0.000,0.000,-13.000,-19.000,-44.000,0.0287,0.9982,0.0110,-0.0517,0.00,0.00,0.00,6.78,86792.8,0,0.00,0.00,2
9890,0.051,0.049,-1.000,0.000,0.000,0.000,-13.000,-19.000,-44.000,0.0288,0.9982,0.0111,-0.0518,0.00,0.00,0.00,6.80,86792.8,0,0.00,0.00,2
9910,0.051,0.049,-1.000,0.000,0.000,0.000,-13.000,-19.000,-44.000,0.0289,0.9982,0.0111,-0.0519,0.00,0.00,0.00,6.81,86792.8,0,0.00,0.00,2
9930,0.051,0.049,-1.000,0.000,0.000,0.000,-13.000,-19.000,-44.000,0.0289,0.9982,0.0111,-0.0520,0.00,0.00,0.00,6.82,86792.8,0,0.00,0.00,2
9950,0.051,0.049,-1.000,0.000,0.000,0.000,-13.000,-19.000,-44.000,0.0290,0.9982,0.0111,-0.0521,0.00,0.00,0.00,6.84,86792.8,0,0.00,0.00,2
9970,0.051,0.049,-1.000,0.000,0.000,0.000,-13.000,-19.000,-44.000,0.0291,0.9982,0.0112,-0.0522,0.00,0.00,0.00,6.85,86792.8,0,0.00,0.00,2
9990,0.051,0.049,-1.000,0.000,0.000,0.000,-13.000,-19.000,-44.000,0.0291,0.9981,0.0112,-0.0523,0.00,0.00,0.00,6.86,86792.8,0,0.00,0.00,2
10010,0.051,0.049,-1.000,0.000,0.000,0.000,-13.000,-19.000,-44.000,0.0292,0.9981,0.0112,-0.0524,0.00,0.00,0.00,6.87,86792.8,0,0.00,0.00,2
10030,0.051,0.049,-1.000,0.000,0.000,0.000,-13.000,-19.000,-44.000,0.0292,0.9981,0.0112,-0.0525,0.00,0.00,0.00,6.89,86792.8,0,0.00,0.00,2
10050,0.051,0.049,-1.000,0.000,0.000,0.000,-13.000,-19.000,-44.000,0.0293,0.9981,0.0113,-0.0526,0.00,0.00,0.00,6.90,86792.8,0,0.00,0.00,2
10070,0.051,0.049,-1.000,0.000,0.000,0.000,-13.000,-19.000,-44.000,0.0294,0.9981,0.0113,-0.0527,0.00,0.00,0.00,6.91,86792.8,0,0.00,0.00,2
10090,0.051,0.049,-1.000,0.000,0.000,0.000,-13.000,-19.000,-44.000,0.0294,0.9981,0.0113,-0.0528,0.00,0.00,0.00,6.93,86792.8,0,0.00,0.00,2
10110,0.051,0.049,-1.000,0.000,0.000,0.000,-13.000,-19.000,-44.000,0.0295,0.9981,0.0113,-0.0529,0.00,0.00,0.00,6.94,86792.8,0,0.00,0.00,2
10130,0.051,0.049,-1.000,0.000,0.000,0.000,-13.000,-19.000,-44.000,0.0295,0.9981,0.0114,-0.0530,0.00,0.00,0.00,6.95,86792.8,0,0.00,0.00,2
10150,0.051,0.049,-1.000,0.000,0.000,0.000,-13.000,-19.000,-44.000,0.0296,0.9981,0.0114,-0.0531,0.00,0.00,0.00,6.97,86792.8,0,0.00,0.00,2
10170,0.051,0.049,-1.000,0.000,0.000,0.000,-13.000,-19.000,-44.000,0.0297,0.9981,0.0114,-0.0531,0.00,0.00,0.00,6.98,86792.8,0,0.00,0.00,2
10190,0.051,0.049,-1.000,0.000,0.000,0.000,-13.000,-19.000,-44.000,0.0297,0.9981,0.0115,-0.0532,0.00,0.00,0.00,6.99,86792.8,0,0.00,0.00,2
10210,0.051,0.049,-1.000,0.000,0.000,0.000,-13.000,-19.000,-44.000,0.0298,0.9981,0.0115,-0.0533,0.00,0.00,0.00,7.00,86792.8,0,0.00,0.00,2
10230,0.051,0.049,-1.000,0.000,0.000,0.000,-13.000,-19.000,-44.000,0.0298,0.9981,0.0115,-0.0534,0.00,0.00,0.00,7.02,86792.8,0,0.00,0.00,2
10250,0.051,0.049,-1.000,0.000,0.000,0.000,-13.000,-19.000,-44.000,0.0299,0.9981,0.0115,-0.0535,0.00,0.00,0.00,7.03,86792.8,0,0.00,0.00,2
10270,0.051,0.049,-1.000,0.000,0.000,0.000,-13.000,-19.000,-44.000,0.0300,0.9980,0.0116,-0.0536,0.00,0.00,0.00,7.04,86792.8,0,0.00,0.00,2
10290,0.051,0.049,-1.000,0.000,0.000,0.000,-13.000,-19.000,-44.000,0.0300,0.9980,0.0116,-0.0537,0.00,0.00,0.00,7.06,86792.8,0,0.00,0.00,2
10310,0.051,0.049,-1.000,0.000,0.000,0.000,-13.000,-19.000,-44.000,0.0301,0.9980,0.0116,-0.0538,0.00,0.00,0.00,7.07,86792.8,0,0.00,0.00,2
10330,0.051,0.049,-1.000,0.000,0.000,0.000,-13.000,-19.000,-44.000,0.0301,0.9980,0.0116,-0.0539,0.00,0.00,0.00,7.08,86792.8,0,0.00,0.00,2
10350,0.051,0.049,-1.000,0.000,0.000,0.000,-13.000,-19.000,-44.000,0.0302,0.9980,0.0117,-0.0540,0.00,0.00,0.00,7.09,86792.8,0,0.00,0.00,2
10370,0.051,0.049,-1.000,0.000,0.000,0.000,-13.000,-19.000,-44.000,0.0303,0.9980,0.0117,-0.0541,0.00,0.00,0.00,7.11,86792.8,0,0.00,0.00,2
10390,0.051,0.049,-1.000,0.000,0.000,0.000,-13.000,-19.000,-44.000,0.0303,0.9980,0.0117,-0.0542,0.00,0.00,0.00,7.12,86792.8,0,0.00,0.00,2
10410,0.051,0.049,-1.000,0.000,0.000,0.000,-13.000,-19.000,-44.000,0.0304,0.9980,0.0117,-0.0543,0.00,0.00,0.00,7.13,86792.8,0,0.00,0.00,2
10430,0.051,0.049,-1.000,0.000,0.000,0.000,-13.000,-19.000,-44.000,0.0304,0.9980,0.0118,-0.0544,0.00,0.00,0.00,7.14,86792.8,0,0.00,0.00,2
10450,0.051,0.049,-1.000,0.000,0.000,0.000,-13.000,-19.000,-44.000,0.0305,0.9980,0.0118,-0.0545,0.00,0.00,0.00,7.16,86792.8,0,0.00,0.00,2
10470,0.051,0.049,-1.000,0.000,0.000,0.000,-13.000,-19.000,-44.000,0.0306,0.9980,0.0118,-0.0545,0.00,0.00,0.00,7.17,86792.8,0,0.00,0.00,2
10490,0.051,0.049,-1.000,0.000,0.000,0.000,-13.000,-19.000,-44.000,0.0306,0.9980,0.0118,-0.0546,0.00,0.00,0.00,7.18,86792.8,0,0.00,0.00,2
10510,0.051,0.049,-1.000,0.000,0.000,0.000,-13.000,-19.000,-44.000,0.0307,0.9980,0.0119,-0.0547,0.00,0.00,0.00,7.19,86792.8,0,0.00,0.00,2
10530,0.051,0.049,-1.000,0.000,0.000,0.000,-13.000,-19.000,-44.000,0.0307,0.9980,0.0119,-0.0548,0.00,0.00,0.00,7.21,86792.8,0,0.00,0.00,2
10550,0.051,0.049,-1.000,0.000,0.000,0.000,-13.000,-19.000,-44.000,0.0308,0.9979,0.0119,-0.0549,0.00,0.00,0.00,7.22,86792.8,0,0.00,0.00,2
10570,0.051,0.049,-1.000,0.000,0.000,0.000,-13.000,-19.000,-44.000,0.0309,0.9979,0.0119,-0.0550,0.00,0.00,0.00,7.23,86792.8,0,0.00,0.00,2
10590,0.051,0.049,-1.000,0.000,0.000,0.000,-13.000,-19.000,-44.000,0.0309,0.9979,0.0120,-0.0551,0.00,0.00,0.00,7.24,86792.8,0,0.00,0.00,2
10610,0.051,0.049,-1.000,0.000,0.000,0.000,-13.000,-19.000,-44.000,0.0310,0.9979,0.0120,-0.0552,0.00,0.00,0.00,7.26,86792.8,0,0.00,0.00,2
10630,0.051,0.049,-1.000,0.000,0.000,0.000,-13.000,-19.000,-44.000,0.0310,0.9979,0.0120,-0.0553,0.00,0.00,0.00,7.27,86792.8,0,0.00,0.00,2
10650,0.051,0.049,-1.000,0.000,0.000,0.000,-13.000,-19.000,-44.000,0.0311,0.9979,0.0120,-0.0554,0.00,0.00,0.00,7.28,86792.8,0,0.00,0.00,2
10670,0.051,0.049,-1.000,0.000,0.000,0.000,-13.000,-19.000,-44.000,0.0311,0.9979,0.0121,-0.0555,0.00,0.00,0.00,7.29,86792.8,0,0.00,0.00,2
10690,0.051,0.049,-1.000,0.000,0.000,0.000,-13.000,-19.000,-44.000,0.0312,0.9979,0.0121,-0.0555,0.00,0.00,0.00,7.31,86792.8,0,0.00,0.00,2
10710,0.051,0.049,-1.000,0.000,0.000,0.000,-13.000,-19.000,-44.000,0.0313,0.9979,0.0121,-0.0556,0.00,0.00,0.00,7.32,86792.8,0,0.00,0.00,2
10730,0.051,0.049,-1.000,0.000,0.000,0.000,-13.000,-19.000,-44.000,0.0313,0.9979,0.0121,-0.0557,0.00,0.00,0.00,7.33,86792.8,0,0.00,0.00,2
10750,0.051,0.049,-1.000,0.000,0.000,0.000,-13.000,-19.000,-44.000,0.0314,0.9979,0.0122,-0.0558,0.00,0.00,0.00,7.34,86792.8,0,0.00,0.00,2
10770,0.051,0.049,-1.000,0.000,0.000,0.000,-13.000,-19.000,-44.000,0.0314,0.9979,0.0122,-0.0559,0.00,0.00,0.00,7.35,86792.8,0,0.00,0.00,2
10790,0.051,0.049,-1.000,0.000,0.000,0.000,-13.000,-19.000,-44.000,0.0315,0.9979,0.0122,-0.0560,0.00,0.00,0.00,7.37,86792.8,0,0.00,0.00,2
10810,0.051,0.049,-1.000,0.000,0.000,0.000,-13.000,-19.000,-44.000,0.0315,0.9979,0.0122,-0.0561,0.00,0.00,0.00,7.38,86792.8,0,0.00,0.00,2
10830,0.051,0.049,-1.000,0.000,0.000,0.000,-13.000,-19.000,-44.000,0.0316,0.9978,0.0123,-0.0562,0.00,0.00,0.00,7.39,86792.8,0,0.00,0.00,2
10850,0.051,0.049,-1.000,0.000,0.000,0.000,-13.000,-19.000,-44.000,0.0317,0.9978,0.0123,-0.0563,0.00,0.00,0.00,7.40,86792.8,0,0.00,0.00,2
10870,0.051,0.049,-1.000,0.000,0.000,0.000,-13.000,-19.000,-44.000,0.0317,0.9978,0.0123,-0.0563,0.00,0.00,0.00,7.41,86792.8,0,0.00,0.00,2
10890,0.051,0.049,-1.000,0.000,0.000,0.000,-13.000,-19.000,-44.000,0.0318,0.9978,0.0123,-0.0564,0.00,0.00,0.00,7.43,86792.8,0,0.00,0.00,2
10910,0.051,0.049,-1.000,0.000,0.000,0.000,-13.000,-19.000,-44.000,0.0318,0.9978,0.0124,-0.0565,0.00,0.00,0.00,7.44,86792.8,0,0.00,0.00,2
10930,0.051,0.049,-1.000,0.000,0.000,0.000,-13.000,-19.000,-44.000,0.0319,0.9978,0.0124,-0.0566,0.00,0.00,0.00,7.45,86792.8,0,0.00,0.00,2
10950,0.051,0.049,-1.000,0.000,0.000,0.000,-13.000,-19.000,-44.000,0.0319,0.9978,0.0124,-0.0567,0.00,0.00,0.00,7.46,86792.8,0,0.00,0.00,2
10970,0.051,0.049,-1.000,0.000,0.000,0.000,-13.000,-19.000,-44.000,0.0320,0.9978,0.0124,-0.0568,0.00,0.00,0.00,7.47,86792.8,0,0.00,0.00,2
10990,0.051,0.049,-1.000,0.000,0.000,0.000,-13.000,-19.000,-44.000,0.0321,0.9978,0.0125,-0.0569,0.00,0.00,0.00,7.49,86792.8,0,0.00,0.00,2
11010,0.051,0.049,-1.000,0.000,0.000,0.000,-13.000,-19.000,-44.000,0.0321,0.9978,0.0125,-0.0570,0.00,0.00,0.00,7.50,86792.8,0,0.00,0.00,2
11030,0.051,0.049,-1.000,0.000,0.000,0.000,-13.000,-19.000,-44.000,0.0322,0.9978,0.0125,-0.0570,0.00,0.00,0.00,7.51,86792.8,0,0.00,0.00,2
11050,0.051,0.049,-1.000,0.000,0.000,0.000,-13.000,-19.000,-44.000,0.0322,0.9978,0.0125,-0.0571,0.00,0.00,0.00,7.52,86792.8,0,0.00,0.00,2
11070,0.051,0.049,-1.000,0.000,0.000,0.000,-13.000,-19.000,-44.000,0.0323,0.9978,0.0126,-0.0572,0.00,0.00,0.00,7.53,86792.8,0,0.00,0.00,2
11090,0.051,0.049,-1.000,0.000,0.000,0.000,-13.000,-19.000,-44.000,0.0323,0.9978,0.0126,-0.0573,0.00,0.00,0.00,7.54,86792.8,0,0.00,0.00,2
11110,0.051,0.049,-1.000,0.000,0.000,0.000,-13.000,-19.000,-44.000,0.0324,0.9977,0.0126,-0.0574,0.00,0.00,0.00,7.56,86792.8,0,0.00,0.00,2
11130,0.051,0.049,-1.000,0.000,0.000,0.000,-13.000,-19.000,-44.000,0.0324,0.9977,0.0126,-0.0575,0.00,0.00,0.00,7.57,86792.8,0,0.00,0.00,2
11150,0.051,0.049,-1.000,0.000,0.000,0.000,-13.000,-19.000,-44.000,0.0325,0.9977,0.0127,-0.0576,0.00,0.00,0.00,7.58,86792.8,0,0.00,0.00,2
11170,0.051,0.049,-1.000,0.000,0.000,0.000,-13.000,-19.000,-44.000,0.0326,0.9977,0.0127,-0.0576,0.00,0.00,0.00,7.59,86792.8,0,0.00,0.00,2
11190,0.051,0.049,-1.000,0.000,0.000,0.000,-13.000,-19.000,-44.000,0.0326,0.9977,0.0127,-0.0577,0.00,0.00,0.00,7.60,86792.8,0,0.00,0.00,2
11210,0.051,0.049,-1.000,0.000,0.000,0.000,-13.000,-19.000,-44.000,0.0327,0.9977,0.0127,-0.0578,0.00,0.00,0.00,7.61,86792.8,0,0.00,0.00,2
11230,0.051,0.049,-1.000,0.000,0.000,0.000,-13.000,-19.000,-44.000,0.0327,0.9977,0.0128,-0.0579,0.00,0.00,0.00,7.63,86792.8,0,0.00,0.00,2
11250,0.051,0.049,-1.000,0.000,0.000,0.000,-13.000,-19.000,-44.000,0.0328,0.9977,0.0128,-0.0580,0.00,0.00,0.00,7.64,86792.8,0,0.00,0.00,2
11270,0.051,0.049,-1.000,0.000,0.000,0.000,-13.000,-19.000,-44.000,0.0328,0.9977,0.0128,-0.0581,0.00,0.00,0.00,7.65,86792.8,0,0.00,0.00,2
11290,0.051,0.049,-1.000,0.000,0.000,0.000,-13.000,-19.000,-44.000,0.0329,0.9977,0.0128,-0.0581,0.00,0.00,0.00,7.66,86792.8,0,0.00,0.00,2
11310,0.051,0.049,-1.000,0.000,0.000,0.000,-13.000,-19.000,-44.000,0.0329,0.9977,0.0128,-0.0582,0.00,0.00,0.00,7.67,86792.8,0,0.00,0.00,2
11330,0.051,0.049,-1.000,0.000,0.000,0.000,-13.000,-19.000,-44.000,0.0330,0.9977,0.0129,-0.0583,0.00,0.00,0.00,7.68,86792.8,0,0.00,0.00,2
11350,0.051,0.049,-1.000,0.000,0.000,0.000,-13.000,-19.000,-44.000,0.0331,0.9977,0.0129,-0.0584,0.00,0.00,0.00,7.69,86792.8,0,0.00,0.00,2
11370,0.051,0.049,-1.000,0.000,0.000,0.000,-13.000,-19.000,-44.000,0.0331,0.9977,0.0129,-0.0585,0.00,0.00,0.00,7.71,86792.8,0,0.00,0.00,2
11390,0.051,0.049,-1.000,0.000,0.000,0.000,-13.000,-19.000,-44.000,0.0332,0.9976,0.0129,-0.0586,0.00,0.00,0.00,7.72,86792.8,0,0.00,0.00,2
11410,0.051,0.049,-1.000,0.000,0.000,0.000,-13.000,-19.000,-44.000,0.0332,0.9976,0.0130,-0.0586,0.00,0.00,0.00,7.73,86792.8,0,0.00,0.00,2
11430,0.051,0.049,-1.000,0.000,0.000,0.000,-13.000,-19.000,-44.000,0.0333,0.9976,0.0130,-0.0587,0.00,0.00,0.00,7.74,86792.8,0,0.00,0.00,2
11450,0.051,0.049,-1.000,0.000,0.000,0.000,-13.000,-19.000,-44.000,0.0333,0.9976,0.0130,-0.0588,0.00,0.00,0.00,7.75,86792.8,0,0.00,0.00,2
11470,0.051,0.049,-1.000,0.000,0.000,0.000,-13.000,-19.000,-44.000,0.0334,0.9976,0.0130,-0.0589,0.00,0.00,0.00,7.76,86792.8,0,0.00,0.00,2
11490,0.051,0.049,-1.000,0.000,0.000,0.000,-13.000,-19.000,-44.000,0.0334,0.9976,0.0131,-0.0590,0.00,0.00,0.00,7.77,86792.8,0,0.00,0.00,2
11510,0.051,0.049,-1.000,0.000,0.000,0.000,-13.000,-19.000,-44.000,0.0335,0.9976,0.0131,-0.0590,0.00,0.00,0.00,7.79,86792.8,0,0.00,0.00,2
11530,0.051,0.049,-1.000,0.000,0.000,0.000,-13.000,-19.000,-44.000,0.0335,0.9976,0.0131,-0.0591,0.00,0.00,0.00,7.80,86792.8,0,0.00,0.00,2
11550,0.051,0.049,-1.000,0.000,0.000,0.000,-13.000,-19.000,-44.000,0.0336,0.9976,0.0131,-0.0592,0.00,0.00,0.00,7.81,86792.8,0,0.00,0.00,2
11570,0.051,0.049,-1.000,0.000,0.000,0.000,-13.000,-19.000,-44.000,0.0337,0.9976,0.0132,-0.0593,0.00,0.00,0.00,7.82,86792.8,0,0.00,0.00,2
11590,0.051,0.049,-1.000,0.000,0.000,0.000,-13.000,-19.000,-44.000,0.0337,0.9976,0.0132,-0.0594,0.00,0.00,0.00,7.83,86792.8,0,0.00,0.00,2
11610,0.051,0.049,-1.000,0.000,0.000,0.000,-13.000,-19.000,-44.000,0.0338,0.9976,0.0132,-0.0595,0.00,0.00,0.00,7.84,86792.8,0,0.00,0.00,2
11630,0.051,0.049,-1.000,0.000,0.000,0.000,-13.000,-19.000,-44.000,0.0338,0.9976,0.0132,-0.0595,0.00,0.00,0.00,7.85,86792.8,0,0.00,0.00,2
11650,0.051,0.049,-1.000,0.000,0.000,0.000,-13.000,-19.000,-44.000,0.0339,0.9976,0.0133,-0.0596,0.00,0.00,0.00,7.86,86792.8,0,0.00,0.00,2
11670,0.051,0.049,-1.000,0.000,0.000,0.000,-13.000,-19.000,-44.000,0.0339,0.9976,0.0133,-0.0597,0.00,0.00,0.00,7.87,86792.8,0,0.00,0.00,2
11690,0.051,0.049,-1.000,0.000,0.000,0.000,-13.000,-19.000,-44.000,0.0340,0.9975,0.0133,-0.0598,0.00,0.00,0.00,7.88,86792.8,0,0.00,0.00,2
11710,0.051,0.049,-1.000,0.000,0.000,0.000,-13.000,-19.000,-44.000,0.0340,0.9975,0.0133,-0.0599,0.00,0.00,0.00,7.90,86792.8,0,0.00,0.00,2
11730,0.051,0.049,-1.000,0.000,0.000,0.000,-13.000,-19.000,-44.000,0.0341,0.9975,0.0134,-0.0599,0.00,0.00,0.00,7.91,86792.8,0,0.00,0.00,2
11750,0.051,0.049,-1.000,0.000,0.000,0.000,-13.000,-19.000,-44.000,0.0341,0.9975,0.0134,-0.0600,0.00,0.00,0.00,7.92,86792.8,0,0.00,0.00,2
11770,0.051,0.049,-1.000,0.000,0.000,0.000,-13.000,-19.000,-44.000,0.0342,0.9975,0.0134,-0.0601,0.00,0.00,0.00,7.93,86792.8,0,0.00,0.00,2
11790,0.051,0.049,-1.000,0.000,0.000,0.000,-13.000,-19.000,-44.000,0.0342,0.9975,0.0134,-0.0602,0.00,0.00,0.00,7.94,86792.8,0,0.00,0.00,2
11810,0.051,0.049,-1.000,0.000,0.000,0.000,-13.000,-19.000,-44.000,0.0343,0.9975,0.0135,-0.0602,0.00,0.00,0.00,7.95,86792.8,0,0.00,0.00,2
11830,0.051,0.049,-1.000,0.000,0.000,0.000,-13.000,-19.000,-44.000,0.0343,0.9975,0.0135,-0.0603,0.00,0.00,0.00,7.96,86792.8,0,0.00,0.00,2
11850,0.051,0.049,-1.000,0.000,0.000,0.000,-13.000,-19.000,-44.000,0.0344,0.9975,0.0135,-0.0604,0.00,0.00,0.00,7.97,86792.8,0,0.00,0.00,2
11870,0.051,0.049,-1.000,0.000,0.000,0.000,-13.000,-19.000,-44.000,0.0344,0.9975,0.0135,-0.0605,0.00,0.00,0.00,7.98,86792.8,0,0.00,0.00,2
11890,0.051,0.049,-1.000,0.000,0.000,0.000,-13.000,-19.000,-44.000,0.0345,0.9975,0.0135,-0.0606,0.00,0.00,0.00,7.99,86792.8,0,0.00,0.00,2
11910,0.051,0.049,-1.000,0.000,0.000,0.000,-13.000,-19.000,-44.000,0.0346,0.9975,0.0136,-0.0606,0.00,0.00,0.00,8.00,86792.8,0,0.00,0.00,2
11930,0.051,0.049,-1.000,0.000,0.000,0.000,-13.000,-19.000,-44.000,0.0346,0.9975,0.0136,-0.0607,0.00,0.00,0.00,8.01,86792.8,0,0.00,0.00,2
11950,0.051,0.049,-1.000,0.000,0.000,0.000,-13.000,-19.000,-44.000,0.0347,0.9975,0.0136,-0.0608,0.00,0.00,0.00,8.03,86792.8,0,0.00,0.00,2
11970,0.051,0.049,-1.000,0.000,0.000,0.000,-13.000,-19.000,-44.000,0.0347,0.9974,0.0136,-0.0609,0.00,0.00,0.00,8.04,86792.8,0,0.00,0.00,2
11990,0.051,0.049,-1.000,0.000,0.000,0.000,-13.000,-19.000,-44.000,0.0348,0.9974,0.0137,-0.0609,0.00,0.00,0.00,8.05,86792.8,0,0.00,0.00,2
12010,0.051,0.049,-1.000,0.000,0.000,0.000,-13.000,-19.000,-44.000,0.0348,0.9974,0.0137,-0.0610,0.00,0.00,0.00,8.06,86792.8,0,0.00,0.00,2
12030,0.051,0.049,-1.000,0.000,0.000,0.000,-13.000,-19.000,-44.000,0.0349,0.9974,0.0137,-0.0611,0.00,0.00,0.00,8.07,86792.8,0,0.00,0.00,2
12050,0.051,0.049,-1.000,0.000,0.000,0.000,-13.000,-19.000,-44.000,0.0349,0.9974,0.0137,-0.0612,0.00,0.00,0.00,8.08,86792.8,0,0.00,0.00,2
12070,0.051,0.049,-1.000,0.000,0.000,0.000,-13.000,-19.000,-44.000,0.0350,0.9974,0.0138,-0.0613,0.00,0.00,0.00,8.09,86792.8,0,0.00,0.00,2
12090,0.051,0.049,-1.000,0.000,0.000,0.000,-13.000,-19.000,-44.000,0.0350,0.9974,0.0138,-0.0613,0.00,0.00,0.00,8.10,86792.8,0,0.00,0.00,2
12110,0.051,0.049,-1.000,0.000,0.000,0.000,-13.000,-19.000,-44.000,0.0351,0.9974,0.0138,-0.0614,0.00,0.00,0.00,8.11,86792.8,0,0.00,0.00,2
12130,0.051,0.049,-1.000,0.000,0.000,0.000,-13.000,-19.000,-44.000,0.0351,0.9974,0.0138,-0.0615,0.00,0.00,0.00,8.12,86792.8,0,0.00,0.00,2
12150,0.051,0.049,-1.000,0.000,0.000,0.000,-13.000,-19.000,-44.000,0.0352,0.9974,0.0139,-0.0616,0.00,0.00,0.00,8.13,86792.8,0,0.00,0.00,2
12170,0.051,0.049,-1.000,0.000,0.000,0.000,-13.000,-19.000,-44.000,0.0352,0.9974,0.0139,-0.0616,0.00,0.00,0.00,8.14,86792.8,0,0.00,0.00,2
12190,0.051,0.049,-1.000,0.000,0.000,0.000,-13.000,-19.000,-44.000,0.0353,0.9974,0.0139,-0.0617,0.00,0.00,0.00,8.15,86792.8,0,0.00,0.00,2
12210,0.051,0.049,-1.000,0.000,0.000,0.000,-13.000,-19.000,-44.000,0.0353,0.9974,0.0139,-0.0618,0.00,0.00,0.00,8.16,86792.8,0,0.00,0.00,2
12230,0.051,0.049,-1.000,0.000,0.000,0.000,-13.000,-19.000,-44.000,0.0354,0.9974,0.0139,-0.0619,0.00,0.00,0.00,8.17,86792.8,0,0.00,0.00,2
12250,0.051,0.049,-1.000,0.000,0.000,0.000,-13.000,-19.000,-44.000,0.0354,0.9974,0.0140,-0.0619,0.00,0.00,0.00,8.18,86792.8,0,0.00,0.00,2
12270,0.051,0.049,-1.000,0.000,0.000,0.000,-13.000,-19.000,-44.000,0.0355,0.9973,0.0140,-0.0620,0.00,0.00,0.00,8.19,86792.8,0,0.00,0.00,2
12290,0.051,0.049,-1.000,0.000,0.000,0.000,-13.000,-19.000,-44.000,0.0355,0.9973,0.0140,-0.0621,0.00,0.00,0.00,8.20,86792.8,0,0.00,0.00,2
12310,0.051,0.049,-1.000,0.000,0.000,0.000,-13.000,-19.000,-44.000,0.0356,0.9973,0.0140,-0.0621,0.00,0.00,0.00,8.21,86792.8,0,0.00,0.00,2
12330,0.051,0.049,-1.000,0.000,0.000,0.000,-13.000,-19.000,-44.000,0.0356,0.9973,0.0141,-0.0622,0.00,0.00,0.00,8.22,86792.8,0,0.00,0.00,2
12350,0.051,0.049,-1.000,0.000,0.000,0.000,-13.000,-19.000,-44.000,0.0357,0.9973,0.0141,-0.0623,0.00,0.00,0.00,8.23,86792.8,0,0.00,0.00,2
12370,0.051,0.049,-1.000,0.000,0.000,0.000,-13.000,-19.000,-44.000,0.0357,0.9973,0.0141,-0.0624,0.00,0.00,0.00,8.24,86792.8,0,0.00,0.00,2
12390,0.051,0.049,-1.000,0.000,0.000,0.000,-13.000,-19.000,-44.000,0.0358,0.9973,0.0141,-0.0624,0.00,0.00,0.00,8.25,86792.8,0,0.00,0.00,2
12410,0.051,0.049,-1.000,0.000,0.000,0.000,-13.000,-19.000,-44.000,0.0358,0.9973,0.0142,-0.0625,0.00,0.00,0.00,8.26,86792.8,0,0.00,0.00,2
12430,0.051,0.049,-1.000,0.000,0.000,0.000,-13.000,-19.000,-44.000,0.0359,0.9973,0.0142,-0.0626,0.00,0.00,0.00,8.27,86792.8,0,0.00,0.00,2
12450,0.051,0.049,-1.000,0.000,0.000,0.000,-13.000,-19.000,-44.000,0.0359,0.9973,0.0142,-0.0627,0.00,0.00,0.00,8.28,86792.8,0,0.00,0.00,2
12470,0.051,0.049,-1.000,0.000,0.000,0.000,-13.000,-19.000,-44.000,0.0360,0.9973,0.0142,-0.0627,0.00,0.00,0.00,8.29,86792.8,0,0.00,0.00,2
12490,0.051,0.049,-1.000,0.000,0.000,0.000,-13.000,-19.000,-44.000,0.0360,0.9973,0.0142,-0.0628,0.00,0.00,0.00,8.30,86792.8,0,0.00,0.00,2
12510,0.051,0.049,-1.000,0.000,0.000,0.000,-13.000,-19.000,-44.000,0.0361,0.9973,0.0143,-0.0629,0.00,0.00,0.00,8.31,86792.8,0,0.00,0.00,2
12530,0.051,0.049,-1.000,0.000,0.000,0.000,-13.000,-19.000,-44.000,0.0361,0.9973,0.0143,-0.0630,0.00,0.00,0.00,8.32,86792.8,0,0.00,0.00,2
12550,0.051,0.049,-1.000,0.000,0.000,0.000,-13.000,-19.000,-44.000,0.0362,0.9973,0.0143,-0.0630,0.00,0.00,0.00,8.33,86792.8,0,0.00,0.00,2
12570,0.051,0.049,-1.000,0.000,0.000,0.000,-13.000,-19.000,-44.000,0.0362,0.9972,0.0143,-0.0631,0.00,0.00,0.00,8.34,86792.8,0,0.00,0.00,2
12590,0.051,0.049,-1.000,0.000,0.000,0.000,-13.000,-19.000,-44.000,0.0363,0.9972,0.0144,-0.0632,0.00,0.00,0.00,8.35,86792.8,0,0.00,0.00,2
12610,0.051,0.049,-1.000,0.000,0.000,0.000,-13.000,-19.000,-44.000,0.0363,0.9972,0.0144,-0.0632,0.00,0.00,0.00,8.36,86792.8,0,0.00,0.00,2
12630,0.051,0.049,-1.000,0.000,0.000,0.000,-13.000,-19.000,-44.000,0.0364,0.9972,0.0144,-0.0633,0.00,0.00,0.00,8.37,86792.8,0,0.00,0.00,2
12650,0.051,0.049,-1.000,0.000,0.000,0.000,-13.000,-19.000,-44.000,0.0364,0.9972,0.0144,-0.0634,0.00,0.00,0.00,8.38,86792.8,0,0.00,0.00,2
12670,0.051,0.049,-1.000,0.000,0.000,0.000,-13.000,-19.000,-44.000,0.0365,0.9972,0.0145,-0.0634,0.00,0.00,0.00,8.39,86792.8,0,0.00,0.00,2
12690,0.051,0.049,-1.000,0.000,0.000,0.000,-13.000,-19.000,-44.000,0.0365,0.9972,0.0145,-0.0635,0.00,0.00,0.00,8.40,86792.8,0,0.00,0.00,2
12710,0.051,0.049,-1.000,0.000,0.000,0.000,-13.000,-19.000,-44.000,0.0366,0.9972,0.0145,-0.0636,0.00,0.00,0.00,8.41,86792.8,0,0.00,0.00,2
12730,0.051,0.049,-1.000,0.000,0.000,0.000,-13.000,-19.000,-44.000,0.0366,0.9972,0.0145,-0.0637,0.00,0.00,0.00,8.42,86792.8,0,0.00,0.00,2
12750,0.051,0.049,-1.000,0.000,0.000,0.000,-13.000,-19.000,-44.000,0.0367,0.9972,0.0145,-0.0637,0.00,0.00,0.00,8.43,86792.8,0,0.00,0.00,2
12770,0.051,0.049,-1.000,0.000,0.000,0.000,-13.000,-19.000,-44.000,0.0367,0.9972,0.0146,-0.0638,0.00,0.00,0.00,8.44,86792.8,0,0.00,0.00,2
12790,0.051,0.049,-1.000,0.000,0.000,0.000,-13.000,-19.000,-44.000,0.0368,0.9972,0.0146,-0.0639,0.00,0.00,0.00,8.45,86792.8,0,0.00,0.00,2
12810,0.051,0.049,-1.000,0.000,0.000,0.000,-13.000,-19.000,-44.000,0.0368,0.9972,0.0146,-0.0639,0.00,0.00,0.00,8.46,86792.8,0,0.00,0.00,2
12830,0.051,0.049,-1.000,0.000,0.000,0.000,-13.000,-19.000,-44.000,0.0369,0.9972,0.0146,-0.0640,0.00,0.00,0.00,8.47,86792.8,0,0.00,0.00,2
12850,0.051,0.049,-1.000,0.000,0.000,0.000,-13.000,-19.000,-44.000,0.0369,0.9972,0.0147,-0.0641,0.00,0.00,0.00,8.48,86792.8,0,0.00,0.00,2
12870,0.051,0.049,-1.000,0.000,0.000,0.000,-13.000,-19.000,-44.000,0.0370,0.9971,0.0147,-0.0641,0.00,0.00,0.00,8.49,86792.8,0,0.00,0.00,2
12890,0.051,0.049,-1.000,0.000,0.000,0.000,-13.000,-19.000,-44.000,0.0370,0.9971,0.0147,-0.0642,0.00,0.00,0.00,8.50,86792.8,0,0.00,0.00,2
12910,0.051,0.049,-1.000,0.000,0.000,0.000,-13.000,-19.000,-44.000,0.0371,0.9971,0.0147,-0.0643,0.00,0.00,0.00,8.51,86792.8,0,0.00,0.00,2
12930,0.051,0.049,-1.000,0.000,0.000,0.000,-13.000,-19.000,-44.000,0.0371,0.9971,0.0148,-0.0644,0.00,0.00,0.00,8.52,86792.8,0,0.00,0.00,2
12950,0.051,0.049,-1.000,0.000,0.000,0.000,-13.000,-19.000,-44.000,0.0371,0.9971,0.0148,-0.0644,0.00,0.00,0.00,8.53,86792.8,0,0.00,0.00,2
12970,0.051,0.049,-1.000,0.000,0.000,0.000,-13.000,-19.000,-44.000,0.0372,0.9971,0.0148,-0.0645,0.00,0.00,0.00,8.54,86792.8,0,0.00,0.00,2
12990,0.051,0.049,-1.000,0.000,0.000,0.000,-13.000,-19.000,-44.000,0.0372,0.9971,0.0148,-0.0646,0.00,0.00,0.00,8.55,86792.8,0,0.00,0.00,2
13010,0.051,0.049,-1.000,0.000,0.000,0.000,-13.000,-19.000,-44.000,0.0373,0.9971,0.0148,-0.0646,0.00,0.00,0.00,8.56,86792.8,0,0.00,0.00,2
13030,0.051,0.049,-1.000,0.000,0.000,0.000,-13.000,-19.000,-44.000,0.0373,0.9971,0.0149,-0.0647,0.00,0.00,0.00,8.57,86792.8,0,0.00,0.00,2
13050,0.051,0.049,-1.000,0.000,0.000,0.000,-13.000,-19.000,-44.000,0.0374,0.9971,0.0149,-0.0648,0.00,0.00,0.00,8.58,86792.8,0,0.00,0.00,2
13070,0.051,0.049,-1.000,0.000,0.000,0.000,-13.000,-19.000,-44.000,0.0374,0.9971,0.0149,-0.0648,0.00,0.00,0.00,8.59,86792.8,0,0.00,0.00,2
13090,0.051,0.049,-1.000,0.000,0.000,0.000,-13.000,-19.000,-44.000,0.0375,0.9971,0.0149,-0.0649,0.00,0.00,0.00,8.60,86792.8,0,0.00,0.00,2
13110,0.051,0.049,-1.000,0.000,0.000,0.000,-13.000,-19.000,-44.000,0.0375,0.9971,0.0150,-0.0650,0.00,0.00,0.00,8.60,86792.8,0,0.00,0.00,2
13130,0.051,0.049,-1.000,0.000,0.000,0.000,-13.000,-19.000,-44.000,0.0376,0.9971,0.0150,-0.0650,0.00,0.00,0.00,8.61,86792.8,0,0.00,0.00,2
13150,0.051,0.049,-1.000,0.000,0.000,0.000,-13.000,-19.000,-44.000,0.0376,0.9971,0.0150,-0.0651,0.00,0.00,0.00,8.62,86792.8,0,0.00,0.00,2
13170,0.051,0.049,-1.000,0.000,0.000,0.000,-13.000,-19.000,-44.000,0.0377,0.9971,0.0150,-0.0652,0.00,0.00,0.00,8.63,86792.8,0,0.00,0.00,2
13190,0.051,0.049,-1.000,0.000,0.000,0.000,-13.000,-19.000,-44.000,0.0377,0.9970,0.0151,-0.0652,0.00,0.00,0.00,8.64,86792.8,0,0.00,0.00,2
13210,0.051,0.049,-1.000,0.000,0.000,0.000,-13.000,-19.000,-44.000,0.0378,0.9970,0.0151,-0.0653,0.00,0.00,0.00,8.65,86792.8,0,0.00,0.00,2
13230,0.051,0.049,-1.000,0.000,0.000,0.000,-13.000,-19.000,-44.000,0.0378,0.9970,0.0151,-0.0654,0.00,0.00,0.00,8.66,86792.8,0,0.00,0.00,2
13250,0.051,0.049,-1.000,0.000,0.000,0.000,-13.000,-19.000,-44.000,0.0379,0.9970,0.0151,-0.0654,0.00,0.00,0.00,8.67,86792.8,0,0.00,0.00,2
13270,0.051,0.049,-1.000,0.000,0.000,0.000,-13.000,-19.000,-44.000,0.0379,0.9970,0.0151,-0.0655,0.00,0.00,0.00,8.68,86792.8,0,0.00,0.00,2
13290,0.051,0.049,-1.000,0.000,0.000,0.000,-13.000,-19.000,-44.000,0.0379,0.9970,0.0152,-0.0656,0.00,0.00,0.00,8.69,86792.8,0,0.00,0.00,2
13310,0.051,0.049,-1.000,0.000,0.000,0.000,-13.000,-19.000,-44.000,0.0380,0.9970,0.0152,-0.0656,0.00,0.00,0.00,8.70,86792.8,0,0.00,0.00,2
13330,0.051,0.049,-1.000,0.000,0.000,0.000,-13.000,-19.000,-44.000,0.0380,0.9970,0.0152,-0.0657,0.00,0.00,0.00,8.71,86792.8,0,0.00,0.00,2
13350,0.051,0.049,-1.000,0.000,0.000,0.000,-13.000,-19.000,-44.000,0.0381,0.9970,0.0152,-0.0657,0.00,0.00,0.00,8.72,86792.8,0,0.00,0.00,2
13370,0.051,0.049,-1.000,0.000,0.000,0.000,-13.000,-19.000,-44.000,0.0381,0.9970,0.0153,-0.0658,0.00,0.00,0.00,8.72,86792.8,0,0.00,0.00,2
13390,0.051,0.049,-1.000,0.000,0.000,0.000,-13.000,-19.000,-44.000,0.0382,0.9970,0.0153,-0.0659,0.00,0.00,0.00,8.73,86792.8,0,0.00,0.00,2
13410,0.051,0.049,-1.000,0.000,0.000,0.000,-13.000,-19.000,-44.000,0.0382,0.9970,0.0153,-0.0659,0.00,0.00,0.00,8.74,86792.8,0,0.00,0.00,2
13430,0.051,0.049,-1.000,0.000,0.000,0.000,-13.000,-19.000,-44.000,0.0383,0.9970,0.0153,-0.0660,0.00,0.00,0.00,8.75,86792.8,0,0.00,0.00,2
13450,0.051,0.049,-1.000,0.000,0.000,0.000,-13.000,-19.000,-44.000,0.0383,0.9970,0.0153,-0.0661,0.00,0.00,0.00,8.76,86792.8,0,0.00,0.00,2
13470,0.051,0.049,-1.000,0.000,0.000,0.000,-13.000,-19.000,-44.000,0.0384,0.9970,0.0154,-0.0661,0.00,0.00,0.00,8.77,86792.8,0,0.00,0.00,2
13490,0.051,0.049,-1.000,0.000,0.000,0.000,-13.000,-19.000,-44.000,0.0384,0.9969,0.0154,-0.0662,0.00,0.00,0.00,8.78,86792.8,0,0.00,0.00,2
13510,0.051,0.049,-1.000,0.000,0.000,0.000,-13.000,-19.000,-44.000,0.0384,0.9969,0.0154,-0.0663,0.00,0.00,0.00,8.79,86792.8,0,0.00,0.00,2
13530,0.051,0.049,-1.000,0.000,0.000,0.000,-13.000,-19.000,-44.000,0.0385,0.9969,0.0154,-0.0663,0.00,0.00,0.00,8.80,86792.8,0,0.00,0.00,2
13550,0.051,0.049,-1.000,0.000,0.000,0.000,-13.000,-19.000,-44.000,0.0385,0.9969,0.0155,-0.0664,0.00,0.00,0.00,8.80,86792.8,0,0.00,0.00,2
13570,0.051,0.049,-1.000,0.000,0.000,0.000,-13.000,-19.000,-44.000,0.0386,0.9969,0.0155,-0.0664,0.00,0.00,0.00,8.81,86792.8,0,0.00,0.00,2
13590,0.051,0.049,-1.000,0.000,0.000,0.000,-13.000,-19.000,-44.000,0.0386,0.9969,0.0155,-0.0665,0.00,0.00,0.00,8.82,86792.8,0,0.00,0.00,2
13610,0.051,0.049,-1.000,0.000,0.000,0.000,-13.000,-19.000,-44.000,0.0387,0.9969,0.0155,-0.0666,0.00,0.00,0.00,8.83,86792.8,0,0.00,0.00,2
13630,0.051,0.049,-1.000,0.000,0.000,0.000,-13.000,-19.000,-44.000,0.0387,0.9969,0.0155,-0.0666,0.00,0.00,0.00,8.84,86792.8,0,0.00,0.00,2
13650,0.051,0.049,-1.000,0.000,0.000,0.000,-13.000,-19.000,-44.000,0.0388,0.9969,0.0156,-0.0667,0.00,0.00,0.00,8.85,86792.8,0,0.00,0.00,2
13670,0.051,0.049,-1.000,0.000,0.000,0.000,-13.000,-19.000,-44.000,0.0388,0.9969,0.0156,-0.0668,0.00,0.00,0.00,8.86,86792.8,0,0.00,0.00,2
13690,0.051,0.049,-1.000,0.000,0.000,0.000,-13.000,-19.000,-44.000,0.0389,0.9969,0.0156,-0.0668,0.00,0.00,0.00,8.87,86792.8,0,0.00,0.00,2
13710,0.051,0.049,-1.000,0.000,0.000,0.000,-13.000,-19.000,-44.000,0.0389,0.9969,0.0156,-0.0669,0.00,0.00,0.00,8.88,86792.8,0,0.00,0.00,2
13730,0.051,0.049,-1.000,0.000,0.000,0.000,-13.000,-19.000,-44.000,0.0389,0.9969,0.0157,-0.0669,0.00,0.00,0.00,8.88,86792.8,0,0.00,0.00,2
13750,0.051,0.049,-1.000,0.000,0.000,0.000,-13.000,-19.000,-44.000,0.0390,0.9969,0.0157,-0.0670,0.00,0.00,0.00,8.89,86792.8,0,0.00,0.00,2
13770,0.051,0.049,-1.000,0.000,0.000,0.000,-13.000,-19.000,-44.000,0.0390,0.9969,0.0157,-0.0671,0.00,0.00,0.00,8.90,86792.8,0,0.00,0.00,2
13790,0.051,0.049,-1.000,0.000,0.000,0.000,-13.000,-19.000,-44.000,0.0391,0.9969,0.0157,-0.0671,0.00,0.00,0.00,8.91,86792.8,0,0.00,0.00,2
13810,0.051,0.049,-1.000,0.000,0.000,0.000,-13.000,-19.000,-44.000,0.0391,0.9968,0.0157,-0.0672,0.00,0.00,0.00,8.92,86792.8,0,0.00,0.00,2
13830,0.051,0.049,-1.000,0.000,0.000,0.000,-13.000,-19.000,-44.000,0.0392,0.9968,0.0158,-0.0673,0.00,0.00,0.00,8.93,86792.8,0,0.00,0.00,2
13850,0.051,0.049,-1.000,0.000,0.000,0.000,-13.000,-19.000,-44.000,0.0392,0.9968,0.0158,-0.0673,0.00,0.00,0.00,8.94,86792.8,0,0.00,0.00,2
13870,0.051,0.049,-1.000,0.000,0.000,0.000,-13.000,-19.000,-44.000,0.0392,0.9968,0.0158,-0.0674,0.00,0.00,0.00,8.94,86792.8,0,0.00,0.00,2
13890,0.051,0.049,-1.000,0.000,0.000,0.000,-13.000,-19.000,-44.000,0.0393,0.9968,0.0158,-0.0674,0.00,0.00,0.00,8.95,86792.8,0,0.00,0.00,2
13910,0.051,0.049,-1.000,0.000,0.000,0.000,-13.000,-19.000,-44.000,0.0393,0.9968,0.0159,-0.0675,0.00,0.00,0.00,8.96,86792.8,0,0.00,0.00,2
13930,0.051,0.049,-1.000,0.000,0.000,0.000,-13.000,-19.000,-44.000,0.0394,0.9968,0.0159,-0.0676,0.00,0.00,0.00,8.97,86792.8,0,0.00,0.00,2
13950,0.051,0.049,-1.000,0.000,0.000,0.000,-13.000,-19.000,-44.000,0.0394,0.9968,0.0159,-0.0676,0.00,0.00,0.00,8.98,86792.8,0,0.00,0.00,2
13970,0.051,0.049,-1.000,0.000,0.000,0.000,-13.000,-19.000,-44.000,0.0395,0.9968,0.0159,-0.0677,0.00,0.00,0.00,8.99,86792.8,0,0.00,0.00,2
13990,0.051,0.049,-1.000,0.000,0.000,0.000,-13.000,-19.000,-44.000,0.0395,0.9968,0.0159,-0.0677,0.00,0.00,0.00,8.99,86792.8,0,0.00,0.00,2
14010,0.051,0.049,-1.000,0.000,0.000,0.000,-13.000,-19.000,-44.000,0.0396,0.9968,0.0160,-0.0678,0.00,0.00,0.00,9.00,86792.8,0,0.00,0.00,2
14030,0.051,0.049,-1.000,0.000,0.000,0.000,-13.000,-19.000,-44.000,0.0396,0.9968,0.0160,-0.0679,0.00,0.00,0.00,9.01,86792.8,0,0.00,0.00,2
14050,0.051,0.049,-1.000,0.000,0.000,0.000,-13.000,-19.000,-44.000,0.0396,0.9968,0.0160,-0.0679,0.00,0.00,0.00,9.02,86792.8,0,0.00,0.00,2
14070,0.051,0.049,-1.000,0.000,0.000,0.000,-13.000,-19.000,-44.000,0.0397,0.9968,0.0160,-0.0680,0.00,0.00,0.00,9.03,86792.8,0,0.00,0.00,2
14090,0.051,0.049,-1.000,0.000,0.000,0.000,-13.000,-19.000,-44.000,0.0397,0.9968,0.0160,-0.0680,0.00,0.00,0.00,9.04,86792.8,0,0.00,0.00,2
14110,0.051,0.049,-1.000,0.000,0.000,0.000,-13.000,-19.000,-44.000,0.0398,0.9968,0.0161,-0.0681,0.00,0.00,0.00,9.05,86792.8,0,0.00,0.00,2
14130,0.051,0.049,-1.000,0.000,0.000,0.000,-13.000,-19.000,-44.000,0.0398,0.9968,0.0161,-0.0681,0.00,0.00,0.00,9.05,86792.8,0,0.00,0.00,2
14150,0.051,0.049,-1.000,0.000,0.000,0.000,-13.000,-19.000,-44.000,0.0399,0.9967,0.0161,-0.0682,0.00,0.00,0.00,9.06,86792.8,0,0.00,0.00,2
14170,0.051,0.049,-1.000,0.000,0.000,0.000,-13.000,-19.000,-44.000,0.0399,0.9967,0.0161,-0.0683,0.00,0.00,0.00,9.07,86792.8,0,0.00,0.00,2
14190,0.051,0.049,-1.000,0.000,0.000,0.000,-13.000,-19.000,-44.000,0.0399,0.9967,0.0162,-0.0683,0.00,0.00,0.00,9.08,86792.8,0,0.00,0.00,2
14210,0.051,0.049,-1.000,0.000,0.000,0.000,-13.000,-19.000,-44.000,0.0400,0.9967,0.0162,-0.0684,0.00,0.00,0.00,9.09,86792.8,0,0.00,0.00,2
14230,0.051,0.049,-1.000,0.000,0.000,0.000,-13.000,-19.000,-44.000,0.0400,0.9967,0.0162,-0.0684,0.00,0.00,0.00,9.09,86792.8,0,0.00,0.00,2
14250,0.051,0.049,-1.000,0.000,0.000,0.000,-13.000,-19.000,-44.000,0.0401,0.9967,0.0162,-0.0685,0.00,0.00,0.00,9.10,86792.8,0,0.00,0.00,2
14270,0.051,0.049,-1.000,0.000,0.000,0.000,-13.000,-19.000,-44.000,0.0401,0.9967,0.0162,-0.0686,0.00,0.00,0.00,9.11,86792.8,0,0.00,0.00,2
14290,0.051,0.049,-1.000,0.000,0.000,0.000,-13.000,-19.000,-44.000,0.0402,0.9967,0.0163,-0.0686,0.00,0.00,0.00,9.12,86792.8,0,0.00,0.00,2
14310,0.051,0.049,-1.000,0.000,0.000,0.000,-13.000,-19.000,-44.000,0.0402,0.9967,0.0163,-0.0687,0.00,0.00,0.00,9.13,86792.8,0,0.00,0.00,2
14330,0.051,0.049,-1.000,0.000,0.000,0.000,-13.000,-19.000,-44.000,0.0402,0.9967,0.0163,-0.0687,0.00,0.00,0.00,9.14,86792.8,0,0.00,0.00,2
14350,0.051,0.049,-1.000,0.000,0.000,0.000,-13.000,-19.000,-44.000,0.0403,0.9967,0.0163,-0.0688,0.00,0.00,0.00,9.14,86792.8,0,0.00,0.00,2
14370,0.051,0.049,-1.000,0.000,0.000,0.000,-13.000,-19.000,-44.000,0.0403,0.9967,0.0164,-0.0688,0.00,0.00,0.00,9.15,86792.8,0,0.00,0.00,2
14390,0.051,0.049,-1.000,0.000,0.000,0.000,-13.000,-19.000,-44.000,0.0404,0.9967,0.0164,-0.0689,0.00,0.00,0.00,9.16,86792.8,0,0.00,0.00,2
14410,0.051,0.049,-1.000,0.000,0.000,0.000,-13.000,-19.000,-44.000,0.0404,0.9967,0.0164,-0.0690,0.00,0.00,0.00,9.17,86792.8,0,0.00,0.00,2
14430,0.051,0.049,-1.000,0.000,0.000,0.000,-13.000,-19.000,-44.000,0.0404,0.9967,0.0164,-0.0690,0.00,0.00,0.00,9.18,86792.8,0,0.00,0.00,2
14450,0.051,0.049,-1.000,0.000,0.000,0.000,-13.000,-19.000,-44.000,0.0405,0.9967,0.0164,-0.0691,0.00,0.00,0.00,9.18,86792.8,0,0.00,0.00,2
14470,0.051,0.049,-1.000,0.000,0.000,0.000,-13.000,-19.000,-44.000,0.0405,0.9966,0.0165,-0.0691,0.00,0.00,0.00,9.19,86792.8,0,0.00,0.00,2
14490,0.051,0.049,-1.000,0.000,0.000,0.000,-13.000,-19.000,-44.000,0.0406,0.9966,0.0165,-0.0692,0.00,0.00,0.00,9.20,86792.8,0,0.00,0.00,2
14510,0.051,0.049,-1.000,0.000,0.000,0.000,-13.000,-19.000,-44.000,0.0406,0.9966,0.0165,-0.0692,0.00,0.00,0.00,9.21,86792.8,0,0.00,0.00,2
14530,0.051,0.049,-1.000,0.000,0.000,0.000,-13.000,-19.000,-44.000,0.0407,0.9966,0.0165,-0.0693,0.00,0.00,0.00,9.22,86792.8,0,0.00,0.00,2
14550,0.051,0.049,-1.000,0.000,0.000,0.000,-13.000,-19.000,-44.000,0.0407,0.9966,0.0165,-0.0693,0.00,0.00,0.00,9.22,86792.8,0,0.00,0.00,2
14570,0.051,0.049,-1.000,0.000,0.000,0.000,-13.000,-19.000,-44.000,0.0407,0.9966,0.0166,-0.0694,0.00,0.00,0.00,9.23,86792.8,0,0.00,0.00,2
14590,0.051,0.049,-1.000,0.000,0.000,0.000,-13.000,-19.000,-44.000,0.0408,0.9966,0.0166,-0.0695,0.00,0.00,0.00,9.24,86792.8,0,0.00,0.00,2
14610,0.051,0.049,-1.000,0.000,0.000,0.000,-13.000,-19.000,-44.000,0.0408,0.9966,0.0166,-0.0695,0.00,0.00,0.00,9.25,86792.8,0,0.00,0.00,2
14630,0.051,0.049,-1.000,0.000,0.000,0.000,-13.000,-19.000,-44.000,0.0409,0.9966,0.0166,-0.0696,0.00,0.00,0.00,9.25,86792.8,0,0.00,0.00,2
14650,0.051,0.049,-1.000,0.000,0.000,0.000,-13.000,-19.000,-44.000,0.0409,0.9966,0.0167,-0.0696,0.00,0.00,0.00,9.26,86792.8,0,0.00,0.00,2
14670,0.051,0.049,-1.000,0.000,0.000,0.000,-13.000,-19.000,-44.000,0.0409,0.9966,0.0167,-0.0697,0.00,0.00,0.00,9.27,86792.8,0,0.00,0.00,2
14690,0.051,0.049,-1.000,0.000,0.000,0.000,-13.000,-19.000,-44.000,0.0410,0.9966,0.0167,-0.0697,0.00,0.00,0.00,9.28,86792.8,0,0.00,0.00,2
14710,0.051,0.049,-1.000,0.000,0.000,0.000,-13.000,-19.000,-44.000,0.0410,0.9966,0.0167,-0.0698,0.00,0.00,0.00,9.29,86792.8,0,0.00,0.00,2
14730,0.051,0.049,-1.000,0.000,0.000,0.000,-13.000,-19.000,-44.000,0.0411,0.9966,0.0167,-0.0698,0.00,0.00,0.00,9.29,86792.8,0,0.00,0.00,2
14750,0.051,0.049,-1.000,0.000,0.000,0.000,-13.000,-19.000,-44.000,0.0411,0.9966,0.0168,-0.0699,0.00,0.00,0.00,9.30,86792.8,0,0.00,0.00,2
14770,0.051,0.049,-1.000,0.000,0.000,0.000,-13.000,-19.000,-44.000,0.0411,0.9966,0.0168,-0.0699,0.00,0.00,0.00,9.31,86792.8,0,0.00,0.00,2
14790,0.051,0.049,-1.000,0.000,0.000,0.000,-13.000,-19.000,-44.000,0.0412,0.9966,0.0168,-0.0700,0.00,0.00,0.00,9.32,86792.8,0,0.00,0.00,2
14810,0.051,0.049,-1.000,0.000,0.000,0.000,-13.000,-19.000,-44.000,0.0412,0.9965,0.0168,-0.0700,0.00,0.00,0.00,9.32,86792.8,0,0.00,0.00,2
14830,0.051,0.049,-1.000,0.000,0.000,0.000,-13.000,-19.000,-44.000,0.0413,0.9965,0.0168,-0.0701,0.00,0.00,0.00,9.33,86792.8,0,0.00,0.00,2
14850,0.051,0.049,-1.000,0.000,0.000,0.000,-13.000,-19.000,-44.000,0.0413,0.9965,0.0169,-0.0702,0.00,0.00,0.00,9.34,86792.8,0,0.00,0.00,2
14870,0.051,0.049,-1.000,0.000,0.000,0.000,-13.000,-19.000,-44.000,0.0413,0.9965,0.0169,-0.0702,0.00,0.00,0.00,9.35,86792.8,0,0.00,0.00,2
14890,0.051,0.049,-1.000,0.000,0.000,0.000,-13.000,-19.000,-44.000,0.0414,0.9965,0.0169,-0.0703,0.00,0.00,0.00,9.35,86792.8,0,0.00,0.00,2
14910,0.051,0.049,-1.000,0.000,0.000,0.000,-13.000,-19.000,-44.000,0.0414,0.9965,0.0169,-0.0703,0.00,0.00,0.00,9.36,86792.8,0,0.00,0.00,2
14930,0.051,0.049,-1.000,0.000,0.000,0.000,-13.000,-19.000,-44.000,0.0415,0.9965,0.0169,-0.0704,0.00,0.00,0.00,9.37,86792.8,0,0.00,0.00,2
14950,0.051,0.049,-1.000,0.000,0.000,0.000,-13.000,-19.000,-44.000,0.0415,0.9965,0.0170,-0.0704,0.00,0.00,0.00,9.38,86792.8,0,0.00,0.00,2
14970,0.051,0.049,-1.000,0.000,0.000,0.000,-13.000,-19.000,-44.000,0.0415,0.9965,0.0170,-0.0705,0.00,0.00,0.00,9.38,86792.8,0,0.00,0.00,2
14990,0.051,0.049,-1.000,0.000,0.000,0.000,-13.000,-19.000,-44.000,0.0416,0.9965,0.0170,-0.0705,0.00,0.00,0.00,9.39,86792.8,0,0.00,0.00,2
15010,0.051,0.049,-1.000,0.000,0.000,0.000,-13.000,-19.000,-44.000,0.0416,0.9965,0.0170,-0.0706,0.00,0.00,0.00,9.40,86792.8,0,0.00,0.00,2
15030,0.051,0.049,-1.000,0.000,0.000,0.000,-13.000,-19.000,-44.000,0.0417,0.9965,0.0171,-0.0706,0.00,0.00,0.00,9.41,86792.8,0,0.00,0.00,2
15050,0.051,0.049,-1.000,0.000,0.000,0.000,-13.000,-19.000,-44.000,0.0417,0.9965,0.0171,-0.0707,0.00,0.00,0.00,9.41,86792.8,0,0.00,0.00,2
15070,0.051,0.049,-1.000,0.000,0.000,0.000,-13.000,-19.000,-44.000,0.0417,0.9965,0.0171,-0.0707,0.00,0.00,0.00,9.42,86792.8,0,0.00,0.00,2
15090,0.051,0.049,-1.000,0.000,0.000,0.000,-13.000,-19.000,-44.000,0.0418,0.9965,0.0171,-0.0708,0.00,0.00,0.00,9.43,86792.8,0,0.00,0.00,2
15110,0.051,0.049,-1.000,0.000,0.000,0.000,-13.000,-19.000,-44.000,0.0418,0.9965,0.0171,-0.0708,0.00,0.00,0.00,9.44,86792.8,0,0.00,0.00,2
15130,0.051,0.049,-1.000,0.000,0.000,0.000,-13.000,-19.000,-44.000,0.0419,0.9965,0.0172,-0.0709,0.00,0.00,0.00,9.44,86792.8,0,0.00,0.00,2
15150,0.051,0.049,-1.000,0.000,0.000,0.000,-13.000,-19.000,-44.000,0.0419,0.9965,0.0172,-0.0709,0.00,0.00,0.00,9.45,86792.8,0,0.00,0.00,2
15170,0.051,0.049,-1.000,0.000,0.000,0.000,-13.000,-19.000,-44.000,0.0419,0.9964,0.0172,-0.0710,0.00,0.00,0.00,9.46,86792.8,0,0.00,0.00,2
15190,0.051,0.049,-1.000,0.000,0.000,0.000,-13.000,-19.000,-44.000,0.0420,0.9964,0.0172,-0.0710,0.00,0.00,0.00,9.47,86792.8,0,0.00,0.00,2
15210,0.051,0.049,-1.000,0.000,0.000,0.000,-13.000,-19.000,-44.000,0.0420,0.9964,0.0172,-0.0711,0.00,0.00,0.00,9.47,86792.8,0,0.00,0.00,2
15230,0.051,0.049,-1.000,0.000,0.000,0.000,-13.000,-19.000,-44.000,0.0420,0.9964,0.0173,-0.0711,0.00,0.00,0.00,9.48,86792.8,0,0.00,0.00,2
15250,0.051,0.049,-1.000,0.000,0.000,0.000,-13.000,-19.000,-44.000,0.0421,0.9964,0.0173,-0.0712,0.00,0.00,0.00,9.49,86792.8,0,0.00,0.00,2
15270,0.051,0.049,-1.000,0.000,0.000,0.000,-13.000,-19.000,-44.000,0.0421,0.9964,0.0173,-0.0712,0.00,0.00,0.00,9.50,86792.8,0,0.00,0.00,2
15290,0.051,0.049,-1.000,0.000,0.000,0.000,-13.000,-19.000,-44.000,0.0422,0.9964,0.0173,-0.0713,0.00,0.00,0.00,9.50,86792.8,0,0.00,0.00,2
15310,0.051,0.049,-1.000,0.000,0.000,0.000,-13.000,-19.000,-44.000,0.0422,0.9964,0.0173,-0.0713,0.00,0.00,0.00,9.51,86792.8,0,0.00,0.00,2
15330,0.051,0.049,-1.000,0.000,0.000,0.000,-13.000,-19.000,-44.000,0.0422,0.9964,0.0174,-0.0714,0.00,0.00,0.00,9.52,86792.8,0,0.00,0.00,2
15350,0.051,0.049,-1.000,0.000,0.000,0.000,-13.000,-19.000,-44.000,0.0423,0.9964,0.0174,-0.0714,0.00,0.00,0.00,9.52,86792.8,0,0.00,0.00,2
15370,0.051,0.049,-1.000,0.000,0.000,0.000,-13.000,-19.000,-44.000,0.0423,0.9964,0.0174,-0.0715,0.00,0.00,0.00,9.53,86792.8,0,0.00,0.00,2
15390,0.051,0.049,-1.000,0.000,0.000,0.000,-13.000,-19.000,-44.000,0.0424,0.9964,0.0174,-0.0715,0.00,0.00,0.00,9.54,86792.8,0,0.00,0.00,2
15410,0.051,0.049,-1.000,0.000,0.000,0.000,-13.000,-19.000,-44.000,0.0424,0.9964,0.0175,-0.0716,0.00,0.00,0.00,9.55,86792.8,0,0.00,0.00,2
15430,0.051,0.049,-1.000,0.000,0.000,0.000,-13.000,-19.000,-44.000,0.0424,0.9964,0.0175,-0.0716,0.00,0.00,0.00,9.55,86792.8,0,0.00,0.00,2
15450,0.051,0.049,-1.000,0.000,0.000,0.000,-13.000,-19.000,-44.000,0.0425,0.9964,0.0175,-0.0717,0.00,0.00,0.00,9.56,86792.8,0,0.00,0.00,2
15470,0.051,0.049,-1.000,0.000,0.000,0.000,-13.000,-19.000,-44.000,0.0425,0.9964,0.0175,-0.0717,0.00,0.00,0.00,9.57,86792.8,0,0.00,0.00,2
15490,0.051,0.049,-1.000,0.000,0.000,0.000,-13.000,-19.000,-44.000,0.0425,0.9964,0.0175,-0.0718,0.00,0.00,0.00,9.57,86792.8,0,0.00,0.00,2
15510,0.051,0.049,-1.000,0.000,0.000,0.000,-13.000,-19.000,-44.000,0.0426,0.9964,0.0176,-0.0718,0.00,0.00,0.00,9.58,86792.8,0,0.00,0.00,2
15530,0.051,0.049,-1.000,0.000,0.000,0.000,-13.000,-19.000,-44.000,0.0426,0.9963,0.0176,-0.0719,0.00,0.00,0.00,9.59,86792.8,0,0.00,0.00,2
15550,0.051,0.049,-1.000,0.000,0.000,0.000,-13.000,-19.000,-44.000,0.0427,0.9963,0.0176,-0.0719,0.00,0.00,0.00,9.59,86792.8,0,0.00,0.00,2
15570,0.051,0.049,-1.000,0.000,0.000,0.000,-13.000,-19.000,-44.000,0.0427,0.9963,0.0176,-0.0720,0.00,0.00,0.00,9.60,86792.8,0,0.00,0.00,2
15590,0.051,0.049,-1.000,0.000,0.000,0.000,-13.000,-19.000,-44.000,0.0427,0.9963,0.0176,-0.0720,0.00,0.00,0.00,9.61,86792.8,0,0.00,0.00,2
15610,0.051,0.049,-1.000,0.000,0.000,0.000,-13.000,-19.000,-44.000,0.0428,0.9963,0.0177,-0.0721,0.00,0.00,0.00,9.62,86792.8,0,0.00,0.00,2
15630,0.051,0.049,-1.000,0.000,0.000,0.000,-13.000,-19.000,-44.000,0.0428,0.9963,0.0177,-0.0721,0.00,0.00,0.00,9.62,86792.8,0,0.00,0.00,2
15650,0.051,0.049,-1.000,0.000,0.000,0.000,-13.000,-19.000,-44.000,0.0428,0.9963,0.0177,-0.0722,0.00,0.00,0.00,9.63,86792.8,0,0.00,0.00,2
15670,0.051,0.049,-1.000,0.000,0.000,0.000,-13.000,-19.000,-44.000,0.0429,0.9963,0.0177,-0.0722,0.00,0.00,0.00,9.64,86792.8,0,0.00,0.00,2
15690,0.051,0.049,-1.000,0.000,0.000,0.000,-13.000,-19.000,-44.000,0.0429,0.9963,0.0177,-0.0723,0.00,0.00,0.00,9.64,86792.8,0,0.00,0.00,2
15710,0.051,0.049,-1.000,0.000,0.000,0.000,-13.000,-19.000,-44.000,0.0430,0.9963,0.0178,-0.0723,0.00,0.00,0.00,9.65,86792.8,0,0.00,0.00,2
15730,0.051,0.049,-1.000,0.000,0.000,0.000,-13.000,-19.000,-44.000,0.0430,0.9963,0.0178,-0.0724,0.00,0.00,0.00,9.66,86792.8,0,0.00,0.00,2
15750,0.051,0.049,-1.000,0.000,0.000,0.000,-13.000,-19.000,-44.000,0.0430,0.9963,0.0178,-0.0724,0.00,0.00,0.00,9.66,86792.8,0,0.00,0.00,2
15770,0.051,0.049,-1.000,0.000,0.000,0.000,-13.000,-19.000,-44.000,0.0431,0.9963,0.0178,-0.0725,0.00,0.00,0.00,9.67,86792.8,0,0.00,0.00,2
15790,0.051,0.049,-1.000,0.000,0.000,0.000,-13.000,-19.000,-44.000,0.0431,0.9963,0.0178,-0.0725,0.00,0.00,0.00,9.68,86792.8,0,0.00,0.00,2
15810,0.051,0.049,-1.000,0.000,0.000,0.000,-13.000,-19.000,-44.000,0.0431,0.9963,0.0179,-0.0726,0.00,0.00,0.00,9.68,86792.8,0,0.00,0.00,2
15830,0.051,0.049,-1.000,0.000,0.000,0.000,-13.000,-19.000,-44.000,0.0432,0.9963,0.0179,-0.0726,0.00,0.00,0.00,9.69,86792.8,0,0.00,0.00,2
15850,0.051,0.049,-1.000,0.000,0.000,0.000,-13.000,-19.000,-44.000,0.0432,0.9963,0.0179,-0.0726,0.00,0.00,0.00,9.70,86792.8,0,0.00,0.00,2
15870,0.051,0.049,-1.000,0.000,0.000,0.000,-13.000,-19.000,-44.000,0.0432,0.9963,0.0179,-0.0727,0.00,0.00,0.00,9.70,86792.8,0,0.00,0.00,2
15890,0.051,0.049,-1.000,0.000,0.000,0.000,-13.000,-19.000,-44.000,0.0433,0.9962,0.0179,-0.0727,0.00,0.00,0.00,9.71,86792.8,0,0.00,0.00,2
15910,0.051,0.049,-1.000,0.000,0.000,0.000,-13.000,-19.000,-44.000,0.0433,0.9962,0.0180,-0.0728,0.00,0.00,0.00,9.72,86792.8,0,0.00,0.00,2
15930,0.051,0.049,-1.000,0.000,0.000,0.000,-13.000,-19.000,-44.000,0.0434,0.9962,0.0180,-0.0728,0.00,0.00,0.00,9.72,86792.8,0,0.00,0.00,2
15950,0.051,0.049,-1.000,0.000,0.000,0.000,-13.000,-19.000,-44.000,0.0434,0.9962,0.0180,-0.0729,0.00,0.00,0.00,9.73,86792.8,0,0.00,0.00,2
15970,0.051,0.049,-1.000,0.000,0.000,0.000,-13.000,-19.000,-44.000,0.0434,0.9962,0.0180,-0.0729,0.00,0.00,0.00,9.74,86792.8,0,0.00,0.00,2
15990,0.051,0.049,-1.000,0.000,0.000,0.000,-13.000,-19.000,-44.000,0.0435,0.9962,0.0181,-0.0730,0.00,0.00,0.00,9.74,86792.8,0,0.00,0.00,2
16010,0.051,0.049,-1.000,0.000,0.000,0.000,-13.000,-19.000,-44.000,0.0435,0.9962,0.0181,-0.0730,0.00,0.00,0.00,9.75,86792.8,0,0.00,0.00,2
16030,0.051,0.049,-1.000,0.000,0.000,0.000,-13.000,-19.000,-44.000,0.0435,0.9962,0.0181,-0.0731,0.00,0.00,0.00,9.76,86792.8,0,0.00,0.00,2
16050,0.051,0.049,-1.000,0.000,0.000,0.000,-13.000,-19.000,-44.000,0.0436,0.9962,0.0181,-0.0731,0.00,0.00,0.00,9.76,86792.8,0,0.00,0.00,2
16070,0.051,0.049,-1.000,0.000,0.000,0.000,-13.000,-19.000,-44.000,0.0436,0.9962,0.0181,-0.0732,0.00,0.00,0.00,9.77,86792.8,0,0.00,0.00,2
16090,0.051,0.049,-1.000,0.000,0.000,0.000,-13.000,-19.000,-44.000,0.0436,0.9962,0.0182,-0.0732,0.00,0.00,0.00,9.78,86792.8,0,0.00,0.00,2
16110,0.051,0.049,-1.000,0.000,0.000,0.000,-13.000,-19.000,-44.000,0.0437,0.9962,0.0182,-0.0732,0.00,0.00,0.00,9.78,86792.8,0,0.00,0.00,2
16130,0.051,0.049,-1.000,0.000,0.000,0.000,-13.000,-19.000,-44.000,0.0437,0.9962,0.0182,-0.0733,0.00,0.00,0.00,9.79,86792.8,0,0.00,0.00,2
16150,0.051,0.049,-1.000,0.000,0.000,0.000,-13.000,-19.000,-44.000,0.0437,0.9962,0.0182,-0.0733,0.00,0.00,0.00,9.80,86792.8,0,0.00,0.00,2
16170,0.051,0.049,-1.000,0.000,0.000,0.000,-13.000,-19.000,-44.000,0.0438,0.9962,0.0182,-0.0734,0.00,0.00,0.00,9.80,86792.8,0,0.00,0.00,2
16190,0.051,0.049,-1.000,0.000,0.000,0.000,-13.000,-19.000,-44.000,0.0438,0.9962,0.0183,-0.0734,0.00,0.00,0.00,9.81,86792.8,0,0.00,0.00,2
16210,0.051,0.049,-1.000,0.000,0.000,0.000,-13.000,-19.000,-44.000,0.0439,0.9962,0.0183,-0.0735,0.00,0.00,0.00,9.82,86792.8,0,0.00,0.00,2
16230,0.051,0.049,-1.000,0.000,0.000,0.000,-13.000,-19.000,-44.000,0.0439,0.9962,0.0183,-0.0735,0.00,0.00,0.00,9.82,86792.8,0,0.00,0.00,2
16250,0.051,0.049,-1.000,0.000,0.000,0.000,-13.000,-19.000,-44.000,0.0439,0.9962,0.0183,-0.0736,0.00,0.00,0.00,9.83,86792.8,0,0.00,0.00,2
16270,0.051,0.049,-1.000,0.000,0.000,0.000,-13.000,-19.000,-44.000,0.0440,0.9962,0.0183,-0.0736,0.00,0.00,0.00,9.84,86792.8,0,0.00,0.00,2
16290,0.051,0.049,-1.000,0.000,0.000,0.000,-13.000,-19.000,-44.000,0.0440,0.9961,0.0184,-0.0736,0.00,0.00,0.00,9.84,86792.8,0,0.00,0.00,2
16310,0.051,0.049,-1.000,0.000,0.000,0.000,-13.000,-19.000,-44.000,0.0440,0.9961,0.0184,-0.0737,0.00,0.00,0.00,9.85,86792.8,0,0.00,0.00,2
16330,0.051,0.049,-1.000,0.000,0.000,0.000,-13.000,-19.000,-44.000,0.0441,0.9961,0.0184,-0.0737,0.00,0.00,0.00,9.85,86792.8,0,0.00,0.00,2
16350,0.051,0.049,-1.000,0.000,0.000,0.000,-13.000,-19.000,-44.000,0.0441,0.9961,0.0184,-0.0738,0.00,0.00,0.00,9.86,86792.8,0,0.00,0.00,2
16370,0.051,0.049,-1.000,0.000,0.000,0.000,-13.000,-19.000,-44.000,0.0441,0.9961,0.0184,-0.0738,0.00,0.00,0.00,9.87,86792.8,0,0.00,0.00,2
16390,0.051,0.049,-1.000,0.000,0.000,0.000,-13.000,-19.000,-44.000,0.0442,0.9961,0.0185,-0.0739,0.00,0.00,0.00,9.87,86792.8,0,0.00,0.00,2
16410,0.051,0.049,-1.000,0.000,0.000,0.000,-13.000,-19.000,-44.000,0.0442,0.9961,0.0185,-0.0739,0.00,0.00,0.00,9.88,86792.8,0,0.00,0.00,2
16430,0.051,0.049,-1.000,0.000,0.000,0.000,-13.000,-19.000,-44.000,0.0442,0.9961,0.0185,-0.0739,0.00,0.00,0.00,9.89,86792.8,0,0.00,0.00,2
16450,0.051,0.049,-1.000,0.000,0.000,0.000,-13.000,-19.000,-44.000,0.0443,0.9961,0.0185,-0.0740,0.00,0.00,0.00,9.89,86792.8,0,0.00,0.00,2
16470,0.051,0.049,-1.000,0.000,0.000,0.000,-13.000,-19.000,-44.000,0.0443,0.9961,0.0185,-0.0740,0.00,0.00,0.00,9.90,86792.8,0,0.00,0.00,2
16490,0.051,0.049,-1.000,0.000,0.000,0.000,-13.000,-19.000,-44.000,0.0443,0.9961,0.0186,-0.0741,0.00,0.00,0.00,9.90,86792.8,0,0.00,0.00,2
16510,0.051,0.049,-1.000,0.000,0.000,0.000,-13.000,-19.000,-44.000,0.0444,0.9961,0.0186,-0.0741,0.00,0.00,0.00,9.91,86792.8,0,0.00,0.00,2
16530,0.051,0.049,-1.000,0.000,0.000,0.000,-13.000,-19.000,-44.000,0.0444,0.9961,0.0186,-0.0742,0.00,0.00,0.00,9.92,86792.8,0,0.00,0.00,2
16550,0.051,0.049,-1.000,0.000,0.000,0.000,-13.000,-19.000,-44.000,0.0444,0.9961,0.0186,-0.0742,0.00,0.00,0.00,9.92,86792.8,0,0.00,0.00,2
16570,0.051,0.049,-1.000,0.000,0.000,0.000,-13.000,-19.000,-44.000,0.0445,0.9961,0.0186,-0.0742,0.00,0.00,0.00,9.93,86792.8,0,0.00,0.00,2
16590,0.051,0.049,-1.000,0.000,0.000,0.000,-13.000,-19.000,-44.000,0.0445,0.9961,0.0187,-0.0743,0.00,0.00,0.00,9.94,86792.8,0,0.00,0.00,2
16610,0.051,0.049,-1.000,0.000,0.000,0.000,-13.000,-19.000,-44.000,0.0445,0.9961,0.0187,-0.0743,0.00,0.00,0.00,9.94,86792.8,0,0.00,0.00,2
16630,0.051,0.049,-1.000,0.000,0.000,0.000,-13.000,-19.000,-44.000,0.0446,0.9961,0.0187,-0.0744,0.00,0.00,0.00,9.95,86792.8,0,0.00,0.00,2
16650,0.051,0.049,-1.000,0.000,0.000,0.000,-13.000,-19.000,-44.000,0.0446,0.9961,0.0187,-0.0744,0.00,0.00,0.00,9.95,86792.8,0,0.00,0.00,2
16670,0.051,0.049,-1.000,0.000,0.000,0.000,-13.000,-19.000,-44.000,0.0446,0.9960,0.0187,-0.0745,0.00,0.00,0.00,9.96,86792.8,0,0.00,0.00,2
16690,0.051,0.049,-1.000,0.000,0.000,0.000,-13.000,-19.000,-44.000,0.0447,0.9960,0.0188,-0.0745,0.00,0.00,0.00,9.97,86792.8,0,0.00,0.00,2
16710,0.051,0.049,-1.000,0.000,0.000,0.000,-13.000,-19.000,-44.000,0.0447,0.9960,0.0188,-0.0745,0.00,0.00,0.00,9.97,86792.8,0,0.00,0.00,2
16730,0.051,0.049,-1.000,0.000,0.000,0.000,-13.000,-19.000,-44.000,0.0447,0.9960,0.0188,-0.0746,0.00,0.00,0.00,9.98,86792.8,0,0.00,0.00,2
16750,0.051,0.049,-1.000,0.000,0.000,0.000,-13.000,-19.000,-44.000,0.0448,0.9960,0.0188,-0.0746,0.00,0.00,0.00,9.98,86792.8,0,0.00,0.00,2
16770,0.051,0.049,-1.000,0.000,0.000,0.000,-13.000,-19.000,-44.000,0.0448,0.9960,0.0188,-0.0747,0.00,0.00,0.00,9.99,86792.8,0,0.00,0.00,2
16790,0.051,0.049,-1.000,0.000,0.000,0.000,-13.000,-19.000,-44.000,0.0448,0.9960,0.0189,-0.0747,0.00,0.00,0.00,10.00,86792.8,0,0.00,0.00,2
16810,0.051,0.049,-1.000,0.000,0.000,0.000,-13.000,-19.000,-44.000,0.0449,0.9960,0.0189,-0.0747,0.00,0.00,0.00,10.00,86792.8,0,0.00,0.00,2
16830,0.051,0.049,-1.000,0.000,0.000,0.000,-13.000,-19.000,-44.000,0.0449,0.9960,0.0189,-0.0748,0.00,0.00,0.00,10.01,86792.8,0,0.00,0.00,2
16850,0.051,0.049,-1.000,0.000,0.000,0.000,-13.000,-19.000,-44.000,0.0449,0.9960,0.0189,-0.0748,0.00,0.00,0.00,10.01,86792.8,0,0.00,0.00,2
16870,0.051,0.049,-1.000,0.000,0.000,0.000,-13.000,-19.000,-44.000,0.0450,0.9960,0.0189,-0.0749,0.00,0.00,0.00,10.02,86792.8,0,0.00,0.00,2
16890,0.051,0.049,-1.000,0.000,0.000,0.000,-13.000,-19.000,-44.000,0.0450,0.9960,0.0190,-0.0749,0.00,0.00,0.00,10.03,86792.8,0,0.00,0.00,2
16910,0.051,0.049,-1.000,0.000,0.000,0.000,-13.000,-19.000,-44.000,0.0450,0.9960,0.0190,-0.0749,0.00,0.00,0.00,10.03,86792.8,0,0.00,0.00,2
16930,0.051,0.049,-1.000,0.000,0.000,0.000,-13.000,-19.000,-44.000,0.0451,0.9960,0.0190,-0.0750,0.00,0.00,0.00,10.04,86792.8,0,0.00,0.00,2
16950,0.051,0.049,-1.000,0.000,0.000,0.000,-13.000,-19.000,-44.000,0.0451,0.9960,0.0190,-0.0750,0.00,0.00,0.00,10.04,86792.8,0,0.00,0.00,2
16970,0.051,0.049,-1.000,0.000,0.000,0.000,-13.000,-19.000,-44.000,0.0451,0.9960,0.0190,-0.0751,0.00,0.00,0.00,10.05,86792.8,0,0.00,0.00,2
16990,0.051,0.049,-1.000,0.000,0.000,0.000,-13.000,-19.000,-44.000,0.0452,0.9960,0.0191,-0.0751,0.00,0.00,0.00,10.06,86792.8,0,0.00,0.00,2
17010,0.051,0.049,-1.000,0.000,0.000,0.000,-13.000,-19.000,-44.000,0.0452,0.9960,0.0191,-0.0751,0.00,0.00,0.00,10.06,86792.8,0,0.00,0.00,2
17030,0.051,0.049,-1.000,0.000,0.000,0.000,-13.000,-19.000,-44.000,0.0452,0.9960,0.0191,-0.0752,0.00,0.00,0.00,10.07,86792.8,0,0.00,0.00,2
17050,0.051,0.049,-1.000,0.000,0.000,0.000,-13.000,-19.000,-44.000,0.0453,0.9960,0.0191,-0.0752,0.00,0.00,0.00,10.07,86792.8,0,0.00,0.00,2
17070,0.051,0.049,-1.000,0.000,0.000,0.000,-13.000,-19.000,-44.000,0.0453,0.9960,0.0191,-0.0753,0.00,0.00,0.00,10.08,86792.8,0,0.00,0.00,2
17090,0.051,0.049,-1.000,0.000,0.000,0.000,-13.000,-19.000,-44.000,0.0453,0.9959,0.0192,-0.0753,0.00,0.00,0.00,10.08,86792.8,0,0.00,0.00,2
17110,0.051,0.049,-1.000,0.000,0.000,0.000,-13.000,-19.000,-44.000,0.0454,0.9959,0.0192,-0.0753,0.00,0.00,0.00,10.09,86792.8,0,0.00,0.00,2
17130,0.051,0.049,-1.000,0.000,0.000,0.000,-13.000,-19.000,-44.000,0.0454,0.9959,0.0192,-0.0754,0.00,0.00,0.00,10.10,86792.8,0,0.00,0.00,2
17150,0.051,0.049,-1.000,0.000,0.000,0.000,-13.000,-19.000,-44.000,0.0454,0.9959,0.0192,-0.0754,0.00,0.00,0.00,10.10,86792.8,0,0.00,0.00,2
17170,0.051,0.049,-1.000,0.000,0.000,0.000,-13.000,-19.000,-44.000,0.0455,0.9959,0.0192,-0.0755,0.00,0.00,0.00,10.11,86792.8,0,0.00,0.00,2
17190,0.051,0.049,-1.000,0.000,0.000,0.000,-13.000,-19.000,-44.000,0.0455,0.9959,0.0193,-0.0755,0.00,0.00,0.00,10.11,86792.8,0,0.00,0.00,2
17210,0.051,0.049,-1.000,0.000,0.000,0.000,-13.000,-19.000,-44.000,0.0455,0.9959,0.0193,-0.0755,0.00,0.00,0.00,10.12,86792.8,0,0.00,0.00,2
17230,0.051,0.049,-1.000,0.000,0.000,0.000,-13.000,-19.000,-44.000,0.0456,0.9959,0.0193,-0.0756,0.00,0.00,0.00,10.13,86792.8,0,0.00,0.00,2
17250,0.051,0.049,-1.000,0.000,0.000,0.000,-13.000,-19.000,-44.000,0.0456,0.9959,0.0193,-0.0756,0.00,0.00,0.00,10.13,86792.8,0,0.00,0.00,2
17270,0.051,0.049,-1.000,0.000,0.000,0.000,-13.000,-19.000,-44.000,0.0456,0.9959,0.0193,-0.0756,0.00,0.00,0.00,10.14,86792.8,0,0.00,0.00,2
17290,0.051,0.049,-1.000,0.000,0.000,0.000,-13.000,-19.000,-44.000,0.0457,0.9959,0.0194,-0.0757,0.00,0.00,0.00,10.14,86792.8,0,0.00,0.00,2
17310,0.051,0.049,-1.000,0.000,0.000,0.000,-13.000,-19.000,-44.000,0.0457,0.9959,0.0194,-0.0757,0.00,0.00,0.00,10.15,86792.8,0,0.00,0.00,2
17330,0.051,0.049,-1.000,0.000,0.000,0.000,-13.000,-19.000,-44.000,0.0457,0.9959,0.0194,-0.0758,0.00,0.00,0.00,10.15,86792.8,0,0.00,0.00,2
17350,0.051,0.049,-1.000,0.000,0.000,0.000,-13.000,-19.000,-44.000,0.0457,0.9959,0.0194,-0.0758,0.00,0.00,0.00,10.16,86792.8,0,0.00,0.00,2
17370,0.051,0.049,-1.000,0.000,0.000,0.000,-13.000,-19.000,-44.000,0.0458,0.9959,0.0194,-0.0758,0.00,0.00,0.00,10.16,86792.8,0,0.00,0.00,2
17390,0.051,0.049,-1.000,0.000,0.000,0.000,-13.000,-19.000,-44.000,0.0458,0.9959,0.0194,-0.0759,0.00,0.00,0.00,10.17,86792.8,0,0.00,0.00,2
17410,0.051,0.049,-1.000,0.000,0.000,0.000,-13.000,-19.000,-44.000,0.0458,0.9959,0.0195,-0.0759,0.00,0.00,0.00,10.18,86792.8,0,0.00,0.00,2
17430,0.051,0.049,-1.000,0.000,0.000,0.000,-13.000,-19.000,-44.000,0.0459,0.9959,0.0195,-0.0760,0.00,0.00,0.00,10.18,86792.8,0,0.00,0.00,2
17450,0.051,0.049,-1.000,0.000,0.000,0.000,-13.000,-19.000,-44.000,0.0459,0.9959,0.0195,-0.0760,0.00,0.00,0.00,10.19,86792.8,0,0.00,0.00,2
17470,0.051,0.049,-1.000,0.000,0.000,0.000,-13.000,-19.000,-44.000,0.0459,0.9959,0.0195,-0.0760,0.00,0.00,0.00,10.19,86792.8,0,0.00,0.00,2
17490,0.051,0.049,-1.000,0.000,0.000,0.000,-13.000,-19.000,-44.000,0.0460,0.9959,0.0195,-0.0761,0.00,0.00,0.00,10.20,86792.8,0,0.00,0.00,2
17510,0.051,0.049,-1.000,0.000,0.000,0.000,-13.000,-19.000,-44.000,0.0460,0.9958,0.0196,-0.0761,0.00,0.00,0.00,10.20,86792.8,0,0.00,0.00,2
17530,0.051,0.049,-1.000,0.000,0.000,0.000,-13.000,-19.000,-44.000,0.0460,0.9958,0.0196,-0.0761,0.00,0.00,0.00,10.21,86792.8,0,0.00,0.00,2
17550,0.051,0.049,-1.000,0.000,0.000,0.000,-13.000,-19.000,-44.000,0.0461,0.9958,0.0196,-0.0762,0.00,0.00,0.00,10.21,86792.8,0,0.00,0.00,2
17570,0.051,0.049,-1.000,0.000,0.000,0.000,-13.000,-19.000,-44.000,0.0461,0.9958,0.0196,-0.0762,0.00,0.00,0.00,10.22,86792.8,0,0.00,0.00,2
17590,0.051,0.049,-1.000,0.000,0.000,0.000,-13.000,-19.000,-44.000,0.0461,0.9958,0.0196,-0.0762,0.00,0.00,0.00,10.23,86792.8,0,0.00,0.00,2
17610,0.051,0.049,-1.000,0.000,0.000,0.000,-13.000,-19.000,-44.000,0.0462,0.9958,0.0197,-0.0763,0.00,0.00,0.00,10.23,86792.8,0,0.00,0.00,2
17630,0.051,0.049,-1.000,0.000,0.000,0.000,-13.000,-19.000,-44.000,0.0462,0.9958,0.0197,-0.0763,0.00,0.00,0.00,10.24,86792.8,0,0.00,0.00,2
17650,0.051,0.049,-1.000,0.000,0.000,0.000,-13.000,-19.000,-44.000,0.0462,0.9958,0.0197,-0.0764,0.00,0.00,0.00,10.24,86792.8,0,0.00,0.00,2
17670,0.051,0.049,-1.000,0.000,0.000,0.000,-13.000,-19.000,-44.000,0.0462,0.9958,0.0197,-0.0764,0.00,0.00,0.00,10.25,86792.8,0,0.00,0.00,2
17690,0.051,0.049,-1.000,0.000,0.000,0.000,-13.000,-19.000,-44.000,0.0463,0.9958,0.0197,-0.0764,0.00,0.00,0.00,10.25,86792.8,0,0.00,0.00,2
17710,0.051,0.049,-1.000,0.000,0.000,0.000,-13.000,-19.000,-44.000,0.0463,0.9958,0.0198,-0.0765,0.00,0.00,0.00,10.26,86792.8,0,0.00,0.00,2
17730,0.051,0.049,-1.000,0.000,0.000,0.000,-13.000,-19.000,-44.000,0.0463,0.9958,0.0198,-0.0765,0.00,0.00,0.00,10.26,86792.8,0,0.00,0.00,2
17750,0.051,0.049,-1.000,0.000,0.000,0.000,-13.000,-19.000,-44.000,0.0464,0.9958,0.0198,-0.0765,0.00,0.00,0.00,10.27,86792.8,0,0.00,0.00,2
17770,0.051,0.049,-1.000,0.000,0.000,0.000,-13.000,-19.000,-44.000,0.0464,0.9958,0.0198,-0.0766,0.00,0.00,0.00,10.27,86792.8,0,0.00,0.00,2
17790,0.051,0.049,-1.000,0.000,0.000,0.000,-13.000,-19.000,-44.000,0.0464,0.9958,0.0198,-0.0766,0.00,0.00,0.00,10.28,86792.8,0,0.00,0.00,2
17810,0.051,0.049,-1.000,0.000,0.000,0.000,-13.000,-19.000,-44.000,0.0465,0.9958,0.0199,-0.0766,0.00,0.00,0.00,10.28,86792.8,0,0.00,0.00,2
17830,0.051,0.049,-1.000,0.000,0.000,0.000,-13.000,-19.000,-44.000,0.0465,0.9958,0.0199,-0.0767,0.00,0.00,0.00,10.29,86792.8,0,0.00,0.00,2
17850,0.051,0.049,-1.000,0.000,0.000,0.000,-13.000,-19.000,-44.000,0.0465,0.9958,0.0199,-0.0767,0.00,0.00,0.00,10.29,86792.8,0,0.00,0.00,2
17870,0.051,0.049,-1.000,0.000,0.000,0.000,-13.000,-19.000,-44.000,0.0465,0.9958,0.0199,-0.0768,0.00,0.00,0.00,10.30,86792.8,0,0.00,0.00,2
17890,0.051,0.049,-1.000,0.000,0.000,0.000,-13.000,-19.000,-44.000,0.0466,0.9958,0.0199,-0.0768,0.00,0.00,0.00,10.31,86792.8,0,0.00,0.00,2
17910,0.051,0.049,-1.000,0.000,0.000,0.000,-13.000,-19.000,-44.000,0.0466,0.9958,0.0200,-0.0768,0.00,0.00,0.00,10.31,86792.8,0,0.00,0.00,2
17930,0.051,0.049,-1.000,0.000,0.000,0.000,-13.000,-19.000,-44.000,0.0466,0.9958,0.0200,-0.0769,0.00,0.00,0.00,10.32,86792.8,0,0.00,0.00,2
17950,0.051,0.049,-1.000,0.000,0.000,0.000,-13.000,-19.000,-44.000,0.0467,0.9957,0.0200,-0.0769,0.00,0.00,0.00,10.32,86792.8,0,0.00,0.00,2
17970,0.051,0.049,-1.000,0.000,0.000,0.000,-13.000,-19.000,-44.000,0.0467,0.9957,0.0200,-0.0769,0.00,0.00,0.00,10.33,86792.8,0,0.00,0.00,2
17990,0.051,0.049,-1.000,0.000,0.000,0.000,-13.000,-19.000,-44.000,0.0467,0.9957,0.0200,-0.0770,0.00,0.00,0.00,10.33,86792.8,0,0.00,0.00,2
18010,0.051,0.049,-1.000,0.000,0.000,0.000,-13.000,-19.000,-44.000,0.0468,0.9957,0.0201,-0.0770,0.00,0.00,0.00,10.34,86792.8,0,0.00,0.00,2
18030,0.051,0.049,-1.000,0.000,0.000,0.000,-13.000,-19.000,-44.000,0.0468,0.9957,0.0201,-0.0770,0.00,0.00,0.00,10.34,86792.8,0,0.00,0.00,2
18050,0.051,0.049,-1.000,0.000,0.000,0.000,-13.000,-19.000,-44.000,0.0468,0.9957,0.0201,-0.0771,0.00,0.00,0.00,10.35,86792.8,0,0.00,0.00,2
18070,0.051,0.049,-1.000,0.000,0.000,0.000,-13.000,-19.000,-44.000,0.0468,0.9957,0.0201,-0.0771,0.00,0.00,0.00,10.35,86792.8,0,0.00,0.00,2
18090,0.051,0.049,-1.000,0.000,0.000,0.000,-13.000,-19.000,-44.000,0.0469,0.9957,0.0201,-0.0771,0.00,0.00,0.00,10.36,86792.8,0,0.00,0.00,2
18110,0.051,0.049,-1.000,0.000,0.000,0.000,-13.000,-19.000,-44.000,0.0469,0.9957,0.0201,-0.0772,0.00,0.00,0.00,10.36,86792.8,0,0.00,0.00,2
18130,0.051,0.049,-1.000,0.000,0.000,0.000,-13.000,-19.000,-44.000,0.0469,0.9957,0.0202,-0.0772,0.00,0.00,0.00,10.37,86792.8,0,0.00,0.00,2
18150,0.051,0.049,-1.000,0.000,0.000,0.000,-13.000,-19.000,-44.000,0.0470,0.9957,0.0202,-0.0772,0.00,0.00,0.00,10.37,86792.8,0,0.00,0.00,2
18170,0.051,0.049,-1.000,0.000,0.000,0.000,-13.000,-19.000,-44.000,0.0470,0.9957,0.0202,-0.0773,0.00,0.00,0.00,10.38,86792.8,0,0.00,0.00,2
18190,0.051,0.049,-1.000,0.000,0.000,0.000,-13.000,-19.000,-44.000,0.0470,0.9957,0.0202,-0.0773,0.00,0.00,0.00,10.38,86792.8,0,0.00,0.00,2
18210,0.051,0.049,-1.000,0.000,0.000,0.000,-13.000,-19.000,-44.000,0.0470,0.9957,0.0202,-0.0773,0.00,0.00,0.00,10.39,86792.8,0,0.00,0.00,2
18230,0.051,0.049,-1.000,0.000,0.000,0.000,-13.000,-19.000,-44.000,0.0471,0.9957,0.0203,-0.0774,0.00,0.00,0.00,10.39,86792.8,0,0.00,0.00,2
18250,0.051,0.049,-1.000,0.000,0.000,0.000,-13.000,-19.000,-44.000,0.0471,0.9957,0.0203,-0.0774,0.00,0.00,0.00,10.40,86792.8,0,0.00,0.00,2
18270,0.051,0.049,-1.000,0.000,0.000,0.000,-13.000,-19.000,-44.000,0.0471,0.9957,0.0203,-0.0774,0.00,0.00,0.00,10.40,86792.8,0,0.00,0.00,2
18290,0.051,0.049,-1.000,0.000,0.000,0.000,-13.000,-19.000,-44.000,0.0472,0.9957,0.0203,-0.0775,0.00,0.00,0.00,10.41,86792.8,0,0.00,0.00,2
18310,0.051,0.049,-1.000,0.000,0.000,0.000,-13.000,-19.000,-44.000,0.0472,0.9957,0.0203,-0.0775,0.00,0.00,0.00,10.41,86792.8,0,0.00,0.00,2
18330,0.051,0.049,-1.000,0.000,0.000,0.000,-13.000,-19.000,-44.000,0.0472,0.9957,0.0204,-0.0775,0.00,0.00,0.00,10.42,86792.8,0,0.00,0.00,2
18350,0.051,0.049,-1.000,0.000,0.000,0.000,-13.000,-19.000,-44.000,0.0472,0.9957,0.0204,-0.0776,0.00,0.00,0.00,10.42,86792.8,0,0.00,0.00,2
18370,0.051,0.049,-1.000,0.000,0.000,0.000,-13.000,-19.000,-44.000,0.0473,0.9957,0.0204,-0.0776,0.00,0.00,0.00,10.43,86792.8,0,0.00,0.00,2
18390,0.051,0.049,-1.000,0.000,0.000,0.000,-13.000,-19.000,-44.000,0.0473,0.9956,0.0204,-0.0776,0.00,0.00,0.00,10.43,86792.8,0,0.00,0.00,2
18410,0.051,0.049,-1.000,0.000,0.000,0.000,-13.000,-19.000,-44.000,0.0473,0.9956,0.0204,-0.0777,0.00,0.00,0.00,10.44,86792.8,0,0.00,0.00,2
18430,0.051,0.049,-1.000,0.000,0.000,0.000,-13.000,-19.000,-44.000,0.0474,0.9956,0.0205,-0.0777,0.00,0.00,0.00,10.44,86792.8,0,0.00,0.00,2
18450,0.051,0.049,-1.000,0.000,0.000,0.000,-13.000,-19.000,-44.000,0.0474,0.9956,0.0205,-0.0777,0.00,0.00,0.00,10.45,86792.8,0,0.00,0.00,2
18470,0.051,0.049,-1.000,0.000,0.000,0.000,-13.000,-19.000,-44.000,0.0474,0.9956,0.0205,-0.0778,0.00,0.00,0.00,10.45,86792.8,0,0.00,0.00,2
18490,0.051,0.049,-1.000,0.000,0.000,0.000,-13.000,-19.000,-44.000,0.0474,0.9956,0.0205,-0.0778,0.00,0.00,0.00,10.46,86792.8,0,0.00,0.00,2
18510,0.051,0.049,-1.000,0.000,0.000,0.000,-13.000,-19.000,-44.000,0.0475,0.9956,0.0205,-0.0778,0.00,0.00,0.00,10.46,86792.8,0,0.00,0.00,2
18530,0.051,0.049,-1.000,0.000,0.000,0.000,-13.000,-19.000,-44.000,0.0475,0.9956,0.0205,-0.0779,0.00,0.00,0.00,10.47,86792.8,0,0.00,0.00,2
18550,0.051,0.049,-1.000,0.000,0.000,0.000,-13.000,-19.000,-44.000,0.0475,0.9956,0.0206,-0.0779,0.00,0.00,0.00,10.47,86792.8,0,0.00,0.00,2
18570,0.051,0.049,-1.000,0.000,0.000,0.000,-13.000,-19.000,-44.000,0.0476,0.9956,0.0206,-0.0779,0.00,0.00,0.00,10.48,86792.8,0,0.00,0.00,2
18590,0.051,0.049,-1.000,0.000,0.000,0.000,-13.000,-19.000,-44.000,0.0476,0.9956,0.0206,-0.0780,0.00,0.00,0.00,10.48,86792.8,0,0.00,0.00,2
18610,0.051,0.049,-1.000,0.000,0.000,0.000,-13.000,-19.000,-44.000,0.0476,0.9956,0.0206,-0.0780,0.00,0.00,0.00,10.49,86792.8,0,0.00,0.00,2
18630,0.051,0.049,-1.000,0.000,0.000,0.000,-13.000,-19.000,-44.000,0.0476,0.9956,0.0206,-0.0780,0.00,0.00,0.00,10.49,86792.8,0,0.00,0.00,2
18650,0.051,0.049,-1.000,0.000,0.000,0.000,-13.000,-19.000,-44.000,0.0477,0.9956,0.0207,-0.0781,0.00,0.00,0.00,10.50,86792.8,0,0.00,0.00,2
18670,0.051,0.049,-1.000,0.000,0.000,0.000,-13.000,-19.000,-44.000,0.0477,0.9956,0.0207,-0.0781,0.00,0.00,0.00,10.50,86792.8,0,0.00,0.00,2
18690,0.051,0.049,-1.000,0.000,0.000,0.000,-13.000,-19.000,-44.000,0.0477,0.9956,0.0207,-0.0781,0.00,0.00,0.00,10.50,86792.8,0,0.00,0.00,2
18710,0.051,0.049,-1.000,0.000,0.000,0.000,-13.000,-19.000,-44.000,0.0478,0.9956,0.0207,-0.0781,0.00,0.00,0.00,10.51,86792.8,0,0.00,0.00,2
18730,0.051,0.049,-1.000,0.000,0.000,0.000,-13.000,-19.000,-44.000,0.0478,0.9956,0.0207,-0.0782,0.00,0.00,0.00,10.51,86792.8,0,0.00,0.00,2
18750,0.051,0.049,-1.000,0.000,0.000,0.000,-13.000,-19.000,-44.000,0.0478,0.9956,0.0208,-0.0782,0.00,0.00,0.00,10.52,86792.8,0,0.00,0.00,2
18770,0.051,0.049,-1.000,0.000,0.000,0.000,-13.000,-19.000,-44.000,0.0478,0.9956,0.0208,-0.0782,0.00,0.00,0.00,10.52,86792.8,0,0.00,0.00,2
18790,0.051,0.049,-1.000,0.000,0.000,0.000,-13.000,-19.000,-44.000,0.0479,0.9956,0.0208,-0.0783,0.00,0.00,0.00,10.53,86792.8,0,0.00,0.00,2
18810,0.051,0.049,-1.000,0.000,0.000,0.000,-13.000,-19.000,-44.000,0.0479,0.9956,0.0208,-0.0783,0.00,0.00,0.00,10.53,86792.8,0,0.00,0.00,2
18830,0.051,0.049,-1.000,0.000,0.000,0.000,-13.000,-19.000,-44.000,0.0479,0.9956,0.0208,-0.0783,0.00,0.00,0.00,10.54,86792.8,0,0.00,0.00,2
18850,0.051,0.049,-1.000,0.000,0.000,0.000,-13.000,-19.000,-44.000,0.0479,0.9956,0.0209,-0.0784,0.00,0.00,0.00,10.54,86792.8,0,0.00,0.00,2
18870,0.051,0.049,-1.000,0.000,0.000,0.000,-13.000,-19.000,-44.000,0.0480,0.9955,0.0209,-0.0784,0.00,0.00,0.00,10.55,86792.8,0,0.00,0.00,2
18890,0.051,0.049,-1.000,0.000,0.000,0.000,-13.000,-19.000,-44.000,0.0480,0.9955,0.0209,-0.0784,0.00,0.00,0.00,10.55,86792.8,0,0.00,0.00,2
18910,0.051,0.049,-1.000,0.000,0.000,0.000,-13.000,-19.000,-44.000,0.0480,0.9955,0.0209,-0.0785,0.00,0.00,0.00,10.56,86792.8,0,0.00,0.00,2
18930,0.051,0.049,-1.000,0.000,0.000,0.000,-13.000,-19.000,-44.000,0.0481,0.9955,0.0209,-0.0785,0.00,0.00,0.00,10.56,86792.8,0,0.00,0.00,2
18950,0.051,0.049,-1.000,0.000,0.000,0.000,-13.000,-19.000,-44.000,0.0481,0.9955,0.0209,-0.0785,0.00,0.00,0.00,10.57,86792.8,0,0.00,0.00,2
18970,0.051,0.049,-1.000,0.000,0.000,0.000,-13.000,-19.000,-44.000,0.0481,0.9955,0.0210,-0.0785,0.00,0.00,0.00,10.57,86792.8,0,0.00,0.00,2
18990,0.051,0.049,-1.000,0.000,0.000,0.000,-13.000,-19.000,-44.000,0.0481,0.9955,0.0210,-0.0786,0.00,0.00,0.00,10.57,86792.8,0,0.00,0.00,2
19010,0.051,0.049,-1.000,0.000,0.000,0.000,-13.000,-19.000,-44.000,0.0482,0.9955,0.0210,-0.0786,0.00,0.00,0.00,10.58,86792.8,0,0.00,0.00,2
19030,0.051,0.049,-1.000,0.000,0.000,0.000,-13.000,-19.000,-44.000,0.0482,0.9955,0.0210,-0.0786,0.00,0.00,0.00,10.58,86792.8,0,0.00,0.00,2
19050,0.051,0.049,-1.000,0.000,0.000,0.000,-13.000,-19.000,-44.000,0.0482,0.9955,0.0210,-0.0787,0.00,0.00,0.00,10.59,86792.8,0,0.00,0.00,2
19070,0.051,0.049,-1.000,0.000,0.000,0.000,-13.000,-19.000,-44.000,0.0482,0.9955,0.0211,-0.0787,0.00,0.00,0.00,10.59,86792.8,0,0.00,0.00,2
19090,0.051,0.049,-1.000,0.000,0.000,0.000,-13.000,-19.000,-44.000,0.0483,0.9955,0.0211,-0.0787,0.00,0.00,0.00,10.60,86792.8,0,0.00,0.00,2
19110,0.051,0.049,-1.000,0.000,0.000,0.000,-13.000,-19.000,-44.000,0.0483,0.9955,0.0211,-0.0788,0.00,0.00,0.00,10.60,86792.8,0,0.00,0.00,2
19130,0.051,0.049,-1.000,0.000,0.000,0.000,-13.000,-19.000,-44.000,0.0483,0.9955,0.0211,-0.0788,0.00,0.00,0.00,10.61,86792.8,0,0.00,0.00,2
19150,0.051,0.049,-1.000,0.000,0.000,0.000,-13.000,-19.000,-44.000,0.0483,0.9955,0.0211,-0.0788,0.00,0.00,0.00,10.61,86792.8,0,0.00,0.00,2
19170,0.051,0.049,-1.000,0.000,0.000,0.000,-13.000,-19.000,-44.000,0.0484,0.9955,0.0212,-0.0788,0.00,0.00,0.00,10.61,86792.8,0,0.00,0.00,2
19190,0.051,0.049,-1.000,0.000,0.000,0.000,-13.000,-19.000,-44.000,0.0484,0.9955,0.0212,-0.0789,0.00,0.00,0.00,10.62,86792.8,0,0.00,0.00,2
19210,0.051,0.049,-1.000,0.000,0.000,0.000,-13.000,-19.000,-44.000,0.0484,0.9955,0.0212,-0.0789,0.00,0.00,0.00,10.62,86792.8,0,0.00,0.00,2
19230,0.051,0.049,-1.000,0.000,0.000,0.000,-13.000,-19.000,-44.000,0.0485,0.9955,0.0212,-0.0789,0.00,0.00,0.00,10.63,86792.8,0,0.00,0.00,2
19250,0.051,0.049,-1.000,0.000,0.000,0.000,-13.000,-19.000,-44.000,0.0485,0.9955,0.0212,-0.0790,0.00,0.00,0.00,10.63,86792.8,0,0.00,0.00,2
19270,0.051,0.049,-1.000,0.000,0.000,0.000,-13.000,-19.000,-44.000,0.0485,0.9955,0.0212,-0.0790,0.00,0.00,0.00,10.64,86792.8,0,0.00,0.00,2
19290,0.051,0.049,-1.000,0.000,0.000,0.000,-13.000,-19.000,-44.000,0.0485,0.9955,0.0213,-0.0790,0.00,0.00,0.00,10.64,86792.8,0,0.00,0.00,2
19310,0.051,0.049,-1.000,0.000,0.000,0.000,-13.000,-19.000,-44.000,0.0486,0.9955,0.0213,-0.0790,0.00,0.00,0.00,10.65,86792.8,0,0.00,0.00,2
19330,0.051,0.049,-1.000,0.000,0.000,0.000,-13.000,-19.000,-44.000,0.0486,0.9955,0.0213,-0.0791,0.00,0.00,0.00,10.65,86792.8,0,0.00,0.00,2
19350,0.051,0.049,-1.000,0.000,0.000,0.000,-13.000,-19.000,-44.000,0.0486,0.9955,0.0213,-0.0791,0.00,0.00,0.00,10.65,86792.8,0,0.00,0.00,2
19370,0.051,0.049,-1.000,0.000,0.000,0.000,-13.000,-19.000,-44.000,0.0486,0.9954,0.0213,-0.0791,0.00,0.00,0.00,10.66,86792.8,0,0.00,0.00,2
19390,0.051,0.049,-1.000,0.000,0.000,0.000,-13.000,-19.000,-44.000,0.0487,0.9954,0.0214,-0.0792,0.00,0.00,0.00,10.66,86792.8,0,0.00,0.00,2
19410,0.051,0.049,-1.000,0.000,0.000,0.000,-13.000,-19.000,-44.000,0.0487,0.9954,0.0214,-0.0792,0.00,0.00,0.00,10.67,86792.8,0,0.00,0.00,2
19430,0.051,0.049,-1.000,0.000,0.000,0.000,-13.000,-19.000,-44.000,0.0487,0.9954,0.0214,-0.0792,0.00,0.00,0.00,10.67,86792.8,0,0.00,0.00,2
19450,0.051,0.049,-1.000,0.000,0.000,0.000,-13.000,-19.000,-44.000,0.0487,0.9954,0.0214,-0.0792,0.00,0.00,0.00,10.68,86792.8,0,0.00,0.00,2
19470,0.051,0.049,-1.000,0.000,0.000,0.000,-13.000,-19.000,-44.000,0.0488,0.9954,0.0214,-0.0793,0.00,0.00,0.00,10.68,86792.8,0,0.00,0.00,2
19490,0.051,0.049,-1.000,0.000,0.000,0.000,-13.000,-19.000,-44.000,0.0488,0.9954,0.0214,-0.0793,0.00,0.00,0.20,10.68,86792.8,0,0.00,0.00,2
19510,0.051,0.049,-1.000,0.000,0.000,0.000,-13.000,-19.000,-44.000,0.0488,0.9954,0.0215,-0.0793,0.00,0.00,0.20,10.69,86792.8,0,0.00,0.00,2
19530,0.051,0.049,-1.000,0.000,0.000,0.000,-13.000,-19.000,-44.000,0.0488,0.9954,0.0215,-0.0794,0.00,0.00,0.20,10.69,86792.8,0,0.00,0.00,2
19550,0.051,0.049,-1.000,0.000,0.000,0.000,-13.000,-19.000,-44.000,0.0489,0.9954,0.0215,-0.0794,0.00,0.00,0.20,10.70,86792.8,0,0.00,0.00,2
19570,0.051,0.049,-1.000,0.000,0.000,0.000,-13.000,-19.000,-44.000,0.0489,0.9954,0.0215,-0.0794,0.00,0.00,0.20,10.70,86792.8,0,0.00,0.00,2
19590,0.051,0.049,-1.000,0.000,0.000,0.000,-13.000,-19.000,-44.000,0.0489,0.9954,0.0215,-0.0794,0.00,0.00,0.20,10.71,86792.8,0,0.00,0.00,2
19610,0.051,0.049,-1.000,0.000,0.000,0.000,-13.000,-19.000,-44.000,0.0489,0.9954,0.0216,-0.0795,0.00,0.00,0.20,10.71,86792.8,0,0.00,0.00,2
19630,0.051,0.049,-1.000,0.000,0.000,0.000,-13.000,-19.000,-44.000,0.0490,0.9954,0.0216,-0.0795,0.00,0.00,0.20,10.71,86792.8,0,0.00,0.00,2
19650,0.051,0.049,-1.000,0.000,0.000,0.000,-13.000,-19.000,-44.000,0.0490,0.9954,0.0216,-0.0795,0.00,0.00,0.20,10.72,86792.8,0,0.00,0.00,2
19670,0.051,0.049,-1.000,0.000,0.000,0.000,-13.000,-19.000,-44.000,0.0490,0.9954,0.0216,-0.0796,0.00,0.00,0.20,10.72,86792.8,0,0.00,0.00,2
19690,0.051,0.049,-1.000,0.000,0.000,0.000,-13.000,-19.000,-44.000,0.0490,0.9954,0.0216,-0.0796,0.00,0.00,0.20,10.73,86792.8,0,0.00,0.00,2
19710,0.051,0.049,-1.000,0.000,0.000,0.000,-13.000,-19.000,-44.000,0.0491,0.9954,0.0217,-0.0796,0.00,0.00,0.20,10.73,86792.8,0,0.00,0.00,2
19730,0.051,0.049,-1.000,0.000,0.000,0.000,-13.000,-19.000,-44.000,0.0491,0.9954,0.0217,-0.0796,0.00,0.00,0.20,10.74,86792.8,0,0.00,0.00,2
19750,0.051,0.049,-1.000,0.000,0.000,0.000,-13.000,-19.000,-44.000,0.0491,0.9954,0.0217,-0.0797,0.00,0.00,0.20,10.74,86792.8,0,0.00,0.00,2
19770,0.051,0.049,-1.000,0.000,0.000,0.000,-13.000,-19.000,-44.000,0.0491,0.9954,0.0217,-0.0797,0.00,0.00,0.20,10.74,86792.8,0,0.00,0.00,2
19790,0.051,0.049,-1.000,0.000,0.000,0.000,-13.000,-19.000,-44.000,0.0492,0.9954,0.0217,-0.0797,0.00,0.00,0.20,10.75,86792.8,0,0.00,0.00,2
19810,0.051,0.049,-1.000,0.000,0.000,0.000,-13.000,-19.000,-44.000,0.0492,0.9954,0.0217,-0.0797,0.00,0.00,0.20,10.75,86792.8,0,0.00,0.00,2
19830,0.051,0.049,-1.000,0.000,0.000,0.000,-13.000,-19.000,-44.000,0.0492,0.9954,0.0218,-0.0798,0.00,0.00,0.20,10.76,86792.8,0,0.00,0.00,2
19850,0.051,0.049,-1.000,0.000,0.000,0.000,-13.000,-19.000,-44.000,0.0492,0.9954,0.0218,-0.0798,0.00,0.00,0.20,10.76,86792.8,0,0.00,0.00,2
19870,0.051,0.049,-1.000,0.000,0.000,0.000,-13.000,-19.000,-44.000,0.0493,0.9954,0.0218,-0.0798,0.00,0.00,0.20,10.76,86792.8,0,0.00,0.00,2
19890,0.051,0.049,-1.000,0.000,0.000,0.000,-13.000,-19.000,-44.000,0.0493,0.9953,0.0218,-0.0798,0.00,0.00,0.20,10.77,86792.8,0,0.00,0.00,2
19910,0.051,0.049,-1.000,0.000,0.000,0.000,-13.000,-19.000,-44.000,0.0493,0.9953,0.0218,-0.0799,0.00,0.00,0.20,10.77,86792.8,0,0.00,0.00,2
19930,0.051,0.049,-1.000,0.000,0.000,0.000,-13.000,-19.000,-44.000,0.0493,0.9953,0.0219,-0.0799,0.00,0.00,0.20,10.78,86792.8,0,0.00,0.00,2
19950,0.051,0.049,-1.000,0.000,0.000,0.000,-13.000,-19.000,-44.000,0.0494,0.9953,0.0219,-0.0799,0.00,0.00,0.20,10.78,86792.8,0,0.00,0.00,2
19970,0.051,0.049,-1.000,0.000,0.000,0.000,-13.000,-19.000,-44.000,0.0494,0.9953,0.0219,-0.0800,0.00,0.00,0.20,10.78,86792.8,0,0.00,0.00,2
19990,0.051,0.049,-1.000,0.000,0.000,0.000,-13.000,-19.000,-44.000,0.0494,0.9953,0.0219,-0.0800,0.00,0.00,0.20,10.79,86792.8,0,0.00,0.00,2
20010,0.051,0.049,-1.000,0.000,0.000,0.000,-13.000,-19.000,-44.000,0.0494,0.9953,0.0219,-0.0800,0.00,0.00,0.20,10.79,86792.8,0,0.00,0.00,2
20030,0.051,0.049,-1.000,0.000,0.000,0.000,-13.000,-19.000,-44.000,0.0495,0.9953,0.0219,-0.0800,0.00,0.00,0.20,10.80,86792.8,0,0.00,0.00,2
20050,0.051,0.049,-1.000,0.000,0.000,0.000,-13.000,-19.000,-44.000,0.0495,0.9953,0.0220,-0.0801,0.00,0.00,0.20,10.80,86792.8,0,0.00,0.00,2
20070,0.051,0.049,-1.000,0.000,0.000,0.000,-13.000,-19.000,-44.000,0.0495,0.9953,0.0220,-0.0801,0.00,0.00,0.20,10.80,86792.8,0,0.00,0.00,2
20090,0.051,0.049,-1.000,0.000,0.000,0.000,-13.000,-19.000,-44.000,0.0495,0.9953,0.0220,-0.0801,0.00,0.00,0.20,10.81,86792.8,0,0.00,0.00,2
20110,0.051,0.049,-1.000,0.000,0.000,0.000,-13.000,-19.000,-44.000,0.0496,0.9953,0.0220,-0.0801,0.00,0.00,0.20,10.81,86792.8,0,0.00,0.00,2
20130,0.051,0.049,-1.000,0.000,0.000,0.000,-13.000,-19.000,-44.000,0.0496,0.9953,0.0220,-0.0802,0.00,0.00,0.20,10.82,86792.8,0,0.00,0.00,2
20150,0.051,0.049,-1.000,0.000,0.000,0.000,-13.000,-19.000,-44.000,0.0496,0.9953,0.0221,-0.0802,0.00,0.00,0.20,10.82,86792.8,0,0.00,0.00,2
20170,0.051,0.049,-1.000,0.000,0.000,0.000,-13.000,-19.000,-44.000,0.0496,0.9953,0.0221,-0.0802,0.00,0.00,0.20,10.82,86792.8,0,0.00,0.00,2
20190,0.051,0.049,-1.000,0.000,0.000,0.000,-13.000,-19.000,-44.000,0.0497,0.9953,0.0221,-0.0802,0.00,0.00,0.20,10.83,86792.8,0,0.00,0.00,2
20210,0.051,0.049,-1.000,0.000,0.000,0.000,-13.000,-19.000,-44.000,0.0497,0.9953,0.0221,-0.0803,0.00,0.00,0.21,10.83,86792.8,0,0.00,0.00,2
20230,0.051,0.049,-1.000,0.000,0.000,0.000,-13.000,-19.000,-44.000,0.0497,0.9953,0.0221,-0.0803,0.00,0.00,0.21,10.84,86792.8,0,0.00,0.00,2
20250,0.051,0.049,-1.000,0.000,0.000,0.000,-13.000,-19.000,-44.000,0.0497,0.9953,0.0221,-0.0803,0.00,0.00,0.21,10.84,86792.8,0,0.00,0.00,2
20270,0.051,0.049,-1.000,0.000,0.000,0.000,-13.000,-19.000,-44.000,0.0497,0.9953,0.0222,-0.0803,0.00,0.00,0.21,10.84,86792.8,0,0.00,0.00,2
20290,0.051,0.049,-1.000,0.000,0.000,0.000,-13.000,-19.000,-44.000,0.0498,0.9953,0.0222,-0.0804,0.00,0.00,0.21,10.85,86792.8,0,0.00,0.00,2
20310,0.051,0.049,-1.000,0.000,0.000,0.000,-13.000,-19.000,-44.000,0.0498,0.9953,0.0222,-0.0804,0.00,0.00,0.21,10.85,86792.8,0,0.00,0.00,2
20330,0.051,0.049,-1.000,0.000,0.000,0.000,-13.000,-19.000,-44.000,0.0498,0.9953,0.0222,-0.0804,0.00,0.00,0.21,10.86,86792.8,0,0.00,0.00,2
20350,0.051,0.049,-1.000,0.000,0.000,0.000,-13.000,-19.000,-44.000,0.0498,0.9953,0.0222,-0.0804,0.00,0.00,0.21,10.86,86792.8,0,0.00,0.00,2
20370,0.051,0.049,-1.000,0.000,0.000,0.000,-13.000,-19.000,-44.000,0.0499,0.9953,0.0223,-0.0805,0.00,0.00,0.21,10.86,86792.8,0,0.00,0.00,2
20390,0.051,0.049,-1.000,0.000,0.000,0.000,-13.000,-19.000,-44.000,0.0499,0.9953,0.0223,-0.0805,0.00,0.00,0.21,10.87,86792.8,0,0.00,0.00,2
20410,0.051,0.049,-1.000,0.000,0.000,0.000,-13.000,-19.000,-44.000,0.0499,0.9953,0.0223,-0.0805,0.00,0.00,0.21,10.87,86792.8,0,0.00,0.00,2
20430,0.051,0.049,-1.000,0.000,0.000,0.000,-13.000,-19.000,-44.000,0.0499,0.9953,0.0223,-0.0805,0.00,0.00,0.21,10.87,86792.8,0,0.00,0.00,2
20450,0.051,0.049,-1.000,0.000,0.000,0.000,-13.000,-19.000,-44.000,0.0500,0.9952,0.0223,-0.0806,0.00,0.00,0.21,10.88,86792.8,0,0.00,0.00,2
20470,0.051,0.049,-1.000,0.000,0.000,0.000,-13.000,-19.000,-44.000,0.0500,0.9952,0.0223,-0.0806,0.00,0.00,0.21,10.88,86792.8,0,0.00,0.00,2
20490,0.051,0.049,-1.000,0.000,0.000,0.000,-13.000,-19.000,-44.000,0.0500,0.9952,0.0224,-0.0806,0.00,0.00,0.21,10.89,86792.8,0,0.00,0.00,2
20510,0.051,0.049,-1.000,0.000,0.000,0.000,-13.000,-19.000,-44.000,0.0500,0.9952,0.0224,-0.0806,0.00,0.00,0.21,10.89,86792.8,0,0.00,0.00,2
20530,0.051,0.049,-1.000,0.000,0.000,0.000,-13.000,-19.000,-44.000,0.0500,0.9952,0.0224,-0.0807,0.00,0.00,0.21,10.89,86792.8,0,0.00,0.00,2
20550,0.051,0.049,-1.000,0.000,0.000,0.000,-13.000,-19.000,-44.000,0.0501,0.9952,0.0224,-0.0807,0.00,0.00,0.21,10.90,86792.8,0,0.00,0.00,2
20570,0.051,0.049,-1.000,0.000,0.000,0.000,-13.000,-19.000,-44.000,0.0501,0.9952,0.0224,-0.0807,0.00,0.00,0.21,10.90,86792.8,0,0.00,0.00,2
20590,0.051,0.049,-1.000,0.000,0.000,0.000,-13.000,-19.000,-44.000,0.0501,0.9952,0.0225,-0.0807,0.00,0.00,0.21,10.90,86792.8,0,0.00,0.00,2
20610,0.051,0.049,-1.000,0.000,0.000,0.000,-13.000,-19.000,-44.000,0.0501,0.9952,0.0225,-0.0808,0.00,0.00,0.21,10.91,86792.8,0,0.00,0.00,2
20630,0.051,0.049,-1.000,0.000,0.000,0.000,-13.000,-19.000,-44.000,0.0502,0.9952,0.0225,-0.0808,0.00,0.00,0.21,10.91,86792.8,0,0.00,0.00,2
20650,0.051,0.049,-1.000,0.000,0.000,0.000,-13.000,-19.000,-44.000,0.0502,0.9952,0.0225,-0.0808,0.00,0.00,0.21,10.92,86792.8,0,0.00,0.00,2
20670,0.051,0.049,-1.000,0.000,0.000,0.000,-13.000,-19.000,-44.000,0.0502,0.9952,0.0225,-0.0808,0.00,0.00,0.21,10.92,86792.8,0,0.00,0.00,2
20690,0.051,0.049,-1.000,0.000,0.000,0.000,-13.000,-19.000,-44.000,0.0502,0.9952,0.0225,-0.0808,0.00,0.00,0.21,10.92,86792.8,0,0.00,0.00,2
20710,0.051,0.049,-1.000,0.000,0.000,0.000,-13.000,-19.000,-44.000,0.0503,0.9952,0.0226,-0.0809,0.00,0.00,0.21,10.93,86792.8,0,0.00,0.00,2
20730,0.051,0.049,-1.000,0.000,0.000,0.000,-13.000,-19.000,-44.000,0.0503,0.9952,0.0226,-0.0809,0.00,0.00,0.21,10.93,86792.8,0,0.00,0.00,2
20750,0.051,0.049,-1.000,0.000,0.000,0.000,-13.000,-19.000,-44.000,0.0503,0.9952,0.0226,-0.0809,0.00,0.00,0.21,10.93,86792.8,0,0.00,0.00,2
20770,0.051,0.049,-1.000,0.000,0.000,0.000,-13.000,-19.000,-44.000,0.0503,0.9952,0.0226,-0.0809,0.00,0.00,0.21,10.94,86792.8,0,0.00,0.00,2
20790,0.051,0.049,-1.000,0.000,0.000,0.000,-13.000,-19.000,-44.000,0.0503,0.9952,0.0226,-0.0810,0.00,0.00,0.21,10.94,86792.8,0,0.00,0.00,2
20810,0.051,0.049,-1.000,0.000,0.000,0.000,-13.000,-19.000,-44.000,0.0504,0.9952,0.0227,-0.0810,0.00,0.00,0.21,10.95,86792.8,0,0.00,0.00,2
20830,0.051,0.049,-1.000,0.000,0.000,0.000,-13.000,-19.000,-44.000,0.0504,0.9952,0.0227,-0.0810,0.00,0.00,0.21,10.95,86792.8,0,0.00,0.00,2
20850,0.051,0.049,-1.000,0.000,0.000,0.000,-13.000,-19.000,-44.000,0.0504,0.9952,0.0227,-0.0810,0.00,0.00,0.21,10.95,86792.8,0,0.00,0.00,2
20870,0.051,0.049,-1.000,0.000,0.000,0.000,-13.000,-19.000,-44.000,0.0504,0.9952,0.0227,-0.0811,0.00,0.00,0.21,10.96,86792.8,0,0.00,0.00,2
20890,0.051,0.049,-1.000,0.000,0.000,0.000,-13.000,-19.000,-44.000,0.0505,0.9952,0.0227,-0.0811,0.00,0.00,0.21,10.96,86792.8,0,0.00,0.00,2
20910,0.051,0.049,-1.000,0.000,0.000,0.000,-13.000,-19.000,-44.000,0.0505,0.9952,0.0227,-0.0811,0.00,0.00,0.21,10.96,86792.8,0,0.00,0.00,2
20930,0.051,0.049,-1.000,0.000,0.000,0.000,-13.000,-19.000,-44.000,0.0505,0.9952,0.0228,-0.0811,0.00,0.00,0.21,10.97,86792.8,0,0.00,0.00,2
20950,0.051,0.049,-1.000,0.000,0.000,0.000,-13.000,-19.000,-44.000,0.0505,0.9952,0.0228,-0.0811,0.00,0.00,0.21,10.97,86792.8,0,0.00,0.00,2
20970,0.051,0.049,-1.000,0.000,0.000,0.000,-13.000,-19.000,-44.000,0.0505,0.9952,0.0228,-0.0812,0.00,0.00,0.21,10.97,86792.8,0,0.00,0.00,2
20990,0.051,0.049,-1.000,0.000,0.000,0.000,-13.000,-19.000,-44.000,0.0506,0.9952,0.0228,-0.0812,0.00,0.00,0.21,10.98,86792.8,0,0.00,0.00,2
21010,0.051,0.049,-1.000,0.000,0.000,0.000,-13.000,-19.000,-44.000,0.0506,0.9951,0.0228,-0.0812,0.00,0.00,0.21,10.98,86792.8,0,0.00,0.00,2
21030,0.051,0.049,-1.000,0.000,0.000,0.000,-13.000,-19.000,-44.000,0.0506,0.9951,0.0229,-0.0812,0.00,0.00,0.21,10.98,86792.8,0,0.00,0.00,2
21050,0.051,0.049,-1.000,0.000,0.000,0.000,-13.000,-19.000,-44.000,0.0506,0.9951,0.0229,-0.0813,0.00,0.00,0.21,10.99,86792.8,0,0.00,0.00,2
21070,0.051,0.049,-1.000,0.000,0.000,0.000,-13.000,-19.000,-44.000,0.0507,0.9951,0.0229,-0.0813,0.00,0.00,0.21,10.99,86792.8,0,0.00,0.00,2
21090,0.051,0.049,-1.000,0.000,0.000,0.000,-13.000,-19.000,-44.000,0.0507,0.9951,0.0229,-0.0813,0.00,0.00,0.21,11.00,86792.8,0,0.00,0.00,2
21110,0.051,0.049,-1.000,0.000,0.000,0.000,-13.000,-19.000,-44.000,0.0507,0.9951,0.0229,-0.0813,0.00,0.00,0.21,11.00,86792.8,0,0.00,0.00,2
21130,0.051,0.049,-1.000,0.000,0.000,0.000,-13.000,-19.000,-44.000,0.0507,0.9951,0.0229,-0.0813,0.00,0.00,0.21,11.00,86792.8,0,0.00,0.00,2
21150,0.051,0.049,-1.000,0.000,0.000,0.000,-13.000,-19.000,-44.000,0.0507,0.9951,0.0230,-0.0814,0.00,0.00,0.21,11.01,86792.8,0,0.00,0.00,2
21170,0.051,0.049,-1.000,0.000,0.000,0.000,-13.000,-19.000,-44.000,0.0508,0.9951,0.0230,-0.0814,0.00,0.00,0.21,11.01,86792.8,0,0.00,0.00,2
21190,0.051,0.049,-1.000,0.000,0.000,0.000,-13.000,-19.000,-44.000,0.0508,0.9951,0.0230,-0.0814,0.00,0.00,0.21,11.01,86792.8,0,0.00,0.00,2
21210,0.051,0.049,-1.000,0.000,0.000,0.000,-13.000,-19.000,-44.000,0.0508,0.9951,0.0230,-0.0814,0.00,0.00,0.21,11.02,86792.8,0,0.00,0.00,2
21230,0.051,0.049,-1.000,0.000,0.000,0.000,-13.000,-19.000,-44.000,0.0508,0.9951,0.0230,-0.0815,0.00,0.00,0.21,11.02,86792.8,0,0.00,0.00,2
21250,0.051,0.049,-1.000,0.000,0.000,0.000,-13.000,-19.000,-44.000,0.0508,0.9951,0.0231,-0.0815,0.00,0.00,0.21,11.02,86792.8,0,0.00,0.00,2
21270,0.051,0.049,-1.000,0.000,0.000,0.000,-13.000,-19.000,-44.000,0.0509,0.9951,0.0231,-0.0815,0.00,0.00,0.21,11.03,86792.8,0,0.00,0.00,2
21290,0.051,0.049,-1.000,0.000,0.000,0.000,-13.000,-19.000,-44.000,0.0509,0.9951,0.0231,-0.0815,0.00,0.00,0.21,11.03,86792.8,0,0.00,0.00,2
21310,0.051,0.049,-1.000,0.000,0.000,0.000,-13.000,-19.000,-44.000,0.0509,0.9951,0.0231,-0.0815,0.00,0.00,0.21,11.03,86792.8,0,0.00,0.00,2
21330,0.051,0.049,-1.000,0.000,0.000,0.000,-13.000,-19.000,-44.000,0.0509,0.9951,0.0231,-0.0816,0.00,0.00,0.21,11.04,86792.8,0,0.00,0.00,2
21350,0.051,0.049,-1.000,0.000,0.000,0.000,-13.000,-19.000,-44.000,0.0510,0.9951,0.0231,-0.0816,0.00,0.00,0.21,11.04,86792.8,0,0.00,0.00,2
21370,0.051,0.049,-1.000,0.000,0.000,0.000,-13.000,-19.000,-44.000,0.0510,0.9951,0.0232,-0.0816,0.00,0.00,0.21,11.04,86792.8,0,0.00,0.00,2
21390,0.051,0.049,-1.000,0.000,0.000,0.000,-13.000,-19.000,-44.000,0.0510,0.9951,0.0232,-0.0816,0.00,0.00,0.21,11.05,86792.8,0,0.00,0.00,2
21410,0.051,0.049,-1.000,0.000,0.000,0.000,-13.000,-19.000,-44.000,0.0510,0.9951,0.0232,-0.0817,0.00,0.00,0.21,11.05,86792.8,0,0.00,0.00,2
21430,0.051,0.049,-1.000,0.000,0.000,0.000,-13.000,-19.000,-44.000,0.0510,0.9951,0.0232,-0.0817,0.00,0.00,0.21,11.05,86792.8,0,0.00,0.00,2
21450,0.051,0.049,-1.000,0.000,0.000,0.000,-13.000,-19.000,-44.000,0.0511,0.9951,0.0232,-0.0817,0.00,0.00,0.21,11.06,86792.8,0,0.00,0.00,2
21470,0.051,0.049,-1.000,0.000,0.000,0.000,-13.000,-19.000,-44.000,0.0511,0.9951,0.0232,-0.0817,0.00,0.00,0.21,11.06,86792.8,0,0.00,0.00,2
21490,0.051,0.049,-1.000,0.000,0.000,0.000,-13.000,-19.000,-44.000,0.0511,0.9951,0.0233,-0.0817,0.00,0.00,0.21,11.06,86792.8,0,0.00,0.00,2
21510,0.051,0.049,-1.000,0.000,0.000,0.000,-13.000,-19.000,-44.000,0.0511,0.9951,0.0233,-0.0818,0.00,0.00,0.21,11.07,86792.8,0,0.00,0.00,2
21530,0.051,0.049,-1.000,0.000,0.000,0.000,-13.000,-19.000,-44.000,0.0511,0.9951,0.0233,-0.0818,0.00,0.00,0.21,11.07,86792.8,0,0.00,0.00,2
21550,0.051,0.049,-1.000,0.000,0.000,0.000,-13.000,-19.000,-44.000,0.0512,0.9951,0.0233,-0.0818,0.00,0.00,0.21,11.07,86792.8,0,0.00,0.00,2
21570,0.051,0.049,-1.000,0.000,0.000,0.000,-13.000,-19.000,-44.000,0.0512,0.9951,0.0233,-0.0818,0.00,0.00,0.21,11.08,86792.8,0,0.00,0.00,2
21590,0.051,0.049,-1.000,0.000,0.000,0.000,-13.000,-19.000,-44.000,0.0512,0.9951,0.0234,-0.0818,0.00,0.00,0.21,11.08,86792.8,0,0.00,0.00,2
21610,0.051,0.049,-1.000,0.000,0.000,0.000,-13.000,-19.000,-44.000,0.0512,0.9951,0.0234,-0.0819,0.00,0.00,0.21,11.08,86792.8,0,0.00,0.00,2
21630,0.051,0.049,-1.000,0.000,0.000,0.000,-13.000,-19.000,-44.000,0.0512,0.9950,0.0234,-0.0819,0.00,0.00,0.21,11.09,86792.8,0,0.00,0.00,2
21650,0.051,0.049,-1.000,0.000,0.000,0.000,-13.000,-19.000,-44.000,0.0513,0.9950,0.0234,-0.0819,0.00,0.00,0.21,11.09,86792.8,0,0.00,0.00,2
21670,0.051,0.049,-1.000,0.000,0.000,0.000,-13.000,-19.000,-44.000,0.0513,0.9950,0.0234,-0.0819,0.00,0.00,0.21,11.09,86792.8,0,0.00,0.00,2
21690,0.051,0.049,-1.000,0.000,0.000,0.000,-13.000,-19.000,-44.000,0.0513,0.9950,0.0234,-0.0819,0.00,0.00,0.21,11.10,86792.8,0,0.00,0.00,2
21710,0.051,0.049,-1.000,0.000,0.000,0.000,-13.000,-19.000,-44.000,0.0513,0.9950,0.0235,-0.0820,0.00,0.00,0.21,11.10,86792.8,0,0.00,0.00,2
21730,0.051,0.049,-1.000,0.000,0.000,0.000,-13.000,-19.000,-44.000,0.0514,0.9950,0.0235,-0.0820,0.00,0.00,0.21,11.10,86792.8,0,0.00,0.00,2
21750,0.051,0.049,-1.000,0.000,0.000,0.000,-13.000,-19.000,-44.000,0.0514,0.9950,0.0235,-0.0820,0.00,0.00,0.21,11.11,86792.8,0,0.00,0.00,2
21770,0.051,0.049,-1.000,0.000,0.000,0.000,-13.000,-19.000,-44.000,0.0514,0.9950,0.0235,-0.0820,0.00,0.00,0.21,11.11,86792.8,0,0.00,0.00,2
21790,0.051,0.049,-1.000,0.000,0.000,0.000,-13.000,-19.000,-44.000,0.0514,0.9950,0.0235,-0.0820,0.00,0.00,0.21,11.11,86792.8,0,0.00,0.00,2
21810,0.051,0.049,-1.000,0.000,0.000,0.000,-13.000,-19.000,-44.000,0.0514,0.9950,0.0236,-0.0821,0.00,0.00,0.21,11.12,86792.8,0,0.00,0.00,2
21830,0.051,0.049,-1.000,0.000,0.000,0.000,-13.000,-19.000,-44.000,0.0515,0.9950,0.0236,-0.0821,0.00,0.00,0.21,11.12,86792.8,0,0.00,0.00,2
21850,0.051,0.049,-1.000,0.000,0.000,0.000,-13.000,-19.000,-44.000,0.0515,0.9950,0.0236,-0.0821,0.00,0.00,0.21,11.12,86792.8,0,0.00,0.00,2
21870,0.051,0.049,-1.000,0.000,0.000,0.000,-13.000,-19.000,-44.000,0.0515,0.9950,0.0236,-0.0821,0.00,0.00,0.21,11.13,86792.8,0,0.00,0.00,2
21890,0.051,0.049,-1.000,0.000,0.000,0.000,-13.000,-19.000,-44.000,0.0515,0.9950,0.0236,-0.0821,0.00,0.00,0.22,11.13,86792.8,0,0.00,0.00,2
21910,0.051,0.049,-1.000,0.000,0.000,0.000,-13.000,-19.000,-44.000,0.0515,0.9950,0.0236,-0.0822,0.00,0.00,0.22,11.13,86792.8,0,0.00,0.00,2
21932,0.051,0.049,-1.000,0.000,-0.183,0.000,-13.000,-19.000,-44.000,0.0516,0.9950,0.0237,-0.0822,0.00,0.00,0.22,11.13,86792.8,0,0.00,0.00,2
21952,0.047,0.049,-0.999,0.061,0.000,0.122,-11.000,-18.000,-43.000,0.0515,0.9950,0.0237,-0.0822,0.00,0.00,0.22,11.13,86781.8,0,0.00,0.00,2
21972,0.048,0.049,-0.997,-0.061,-0.061,0.061,-10.000,-16.000,-43.000,0.0516,0.9950,0.0237,-0.0821,0.00,0.00,0.24,11.13,86791.5,0,0.00,0.00,2
21993,0.048,0.050,-0.998,0.061,-0.061,0.122,-11.000,-17.000,-44.000,0.0516,0.9950,0.0237,-0.0821,0.00,0.00,0.24,11.13,86791.2,0,0.00,0.00,2
22012,0.045,0.049,-0.995,0.000,-0.061,0.061,-10.000,-17.000,-44.000,0.0516,0.9950,0.0238,-0.0821,0.00,0.00,0.26,11.13,86793.0,0,0.00,0.00,2
22032,0.049,0.046,-0.995,-0.061,-0.061,0.122,-8.000,-19.000,-43.000,0.0516,0.9950,0.0238,-0.0821,0.01,0.00,0.27,11.13,86773.0,0,0.00,0.00,2
22052,0.050,0.049,-0.999,0.061,0.000,0.122,-12.000,-16.000,-43.000,0.0516,0.9950,0.0238,-0.0821,0.01,0.00,0.23,11.13,86788.2,0,0.00,0.00,2
22072,0.047,0.049,-1.000,0.000,-0.122,0.122,-12.000,-16.000,-44.000,0.0516,0.9950,0.0239,-0.0821,0.01,0.00,0.21,11.13,86791.4,0,0.00,0.00,2
22092,0.044,0.049,-0.997,0.000,0.122,0.061,-12.000,-17.000,-44.000,0.0516,0.9950,0.0239,-0.0821,0.01,0.00,0.24,11.13,86787.7,0,0.00,0.00,2
22113,0.048,0.050,-0.995,-0.061,-0.122,0.122,-12.000,-17.000,-44.000,0.0516,0.9950,0.0239,-0.0821,0.01,0.00,0.27,11.13,86794.7,0,0.00,0.00,2
22132,0.047,0.049,-0.995,-0.061,-0.061,0.122,-13.000,-17.000,-44.000,0.0516,0.9950,0.0240,-0.0821,0.01,0.00,0.26,11.13,86803.0,0,0.00,0.00,2
22152,0.045,0.050,-0.998,0.061,0.000,0.122,-11.000,-16.000,-44.000,0.0516,0.9950,0.0240,-0.0821,0.01,0.00,0.23,11.13,86786.6,0,0.00,0.00,2
22172,0.049,0.048,-0.997,0.000,-0.122,0.122,-11.000,-17.000,-43.000,0.0516,0.9950,0.0240,-0.0820,0.01,0.00,0.25,11.13,86779.2,0,0.00,0.00,2
22192,0.046,0.050,-0.997,0.061,-0.122,0.061,-13.000,-17.000,-45.000,0.0516,0.9950,0.0240,-0.0820,0.01,0.00,0.24,11.12,86793.6,0,0.00,0.00,2
22212,0.046,0.052,-0.996,0.000,-0.061,0.122,-11.000,-17.000,-44.000,0.0517,0.9950,0.0241,-0.0820,0.01,0.00,0.25,11.12,86785.8,0,0.00,0.00,2
22232,0.048,0.048,-1.000,0.000,-0.061,0.122,-11.000,-17.000,-43.000,0.0517,0.9950,0.0241,-0.0820,0.01,0.00,0.21,11.12,86781.3,0,0.00,0.00,2
22252,0.047,0.048,-0.998,0.000,0.122,0.061,-10.000,-17.000,-43.000,0.0517,0.9950,0.0241,-0.0820,0.01,0.00,0.23,11.13,86794.9,0,0.00,0.00,2
22272,0.046,0.048,-0.998,0.061,-0.122,0.061,-11.000,-16.000,-43.000,0.0517,0.9950,0.0242,-0.0820,0.01,0.00,0.23,11.12,86781.0,0,0.00,0.00,2
22292,0.047,0.049,-0.993,0.061,0.061,0.122,-12.000,-17.000,-44.000,0.0517,0.9950,0.0242,-0.0820,0.01,0.00,0.28,11.12,86792.6,0,0.00,0.00,2
22312,0.048,0.047,-1.003,0.061,0.061,0.122,-13.000,-16.000,-43.000,0.0517,0.9950,0.0242,-0.0820,0.01,0.00,0.00,11.12,86792.6,0,0.00,0.00,2
22332,0.050,0.048,-0.999,-0.061,0.061,0.061,-11.000,-16.000,-43.000,0.0517,0.9950,0.0242,-0.0820,0.01,0.00,0.23,11.13,86783.0,0,0.00,0.00,2
22352,0.047,0.047,-0.999,0.000,0.000,0.061,-10.000,-17.000,-43.000,0.0517,0.9950,0.0243,-0.0820,0.01,0.00,0.23,11.13,86805.8,0,0.00,0.00,2
22372,0.049,0.050,-0.997,0.000,-0.061,0.061,-10.000,-16.000,-44.000,0.0517,0.9950,0.0243,-0.0820,0.01,0.00,0.24,11.12,86782.9,0,0.00,0.00,2
22392,0.046,0.048,-0.998,0.000,0.000,0.122,-12.000,-16.000,-42.000,0.0517,0.9950,0.0243,-0.0820,0.01,0.00,0.23,11.12,86798.6,0,0.00,0.00,2
22412,0.049,0.049,-0.998,0.000,-0.061,0.122,-11.000,-16.000,-44.000,0.0517,0.9950,0.0243,-0.0820,0.01,0.00,0.24,11.12,86801.6,0,0.00,0.00,2
22432,0.045,0.047,-0.999,-0.061,-0.061,0.061,-11.000,-18.000,-43.000,0.0517,0.9950,0.0244,-0.0820,0.01,0.00,0.23,11.12,86793.1,0,0.00,0.00,2
22452,0.046,0.048,-0.997,0.061,-0.122,0.061,-10.000,-15.000,-43.000,0.0517,0.9950,0.0244,-0.0819,0.01,0.00,0.24,11.12,86787.0,0,0.00,0.00,2
22472,0.047,0.050,-0.996,0.000,0.000,0.061,-11.000,-19.000,-44.000,0.0517,0.9950,0.0244,-0.0819,0.01,0.00,0.25,11.12,86795.5,0,0.00,0.00,2
22492,0.045,0.048,-1.000,0.000,0.000,0.122,-13.000,-17.000,-42.000,0.0517,0.9950,0.0245,-0.0820,0.01,0.00,0.22,11.12,86780.8,0,0.00,0.00,2
22512,0.048,0.047,-0.701,-0.061,-0.122,0.061,-12.000,-17.000,-43.000,0.0518,0.9950,0.0245,-0.0819,0.01,0.00,3.10,11.12,86781.8,0,0.00,0.00,2
22532,0.046,0.050,-0.125,0.000,-0.061,0.183,-10.000,-17.000,-45.000,0.0520,0.9950,0.0245,-0.0817,0.01,0.00,8.63,11.12,86799.5,0,0.00,0.00,2
22552,0.047,0.049,0.454,0.000,0.000,0.183,-10.000,-17.000,-45.000,0.0520,0.9950,0.0245,-0.0817,0.02,0.00,14.20,11.12,86788.3,0,0.00,0.00,2
22572,0.044,0.048,1.032,0.000,0.061,0.244,-12.000,-17.000,-44.000,0.0520,0.9950,0.0246,-0.0818,0.02,0.00,19.76,11.12,86788.5,0,0.00,0.00,3
22592,0.047,0.048,1.609,-0.061,-0.122,0.244,-11.000,-17.000,-43.000,0.0520,0.9950,0.0246,-0.0818,0.03,0.51,25.32,11.12,86787.5,0,0.00,0.00,3
22612,0.049,0.049,2.189,0.061,-0.122,0.427,-10.000,-15.000,-44.000,0.0520,0.9950,0.0246,-0.0818,0.04,1.12,30.90,11.12,86786.6,0,0.00,0.00,3
22632,0.047,0.049,2.768,0.000,-0.061,0.427,-11.000,-17.000,-43.000,0.0520,0.9950,0.0246,-0.0818,0.07,1.85,36.47,11.12,86782.4,0,0.00,0.00,3
22656,0.047,0.049,2.766,0.000,-0.122,0.549,-11.000,-16.000,-43.000,0.0520,0.9950,0.0246,-0.0818,0.12,2.58,36.45,11.12,86777.8,0,0.00,0.00,3
22672,0.047,0.052,2.769,0.000,-0.183,0.610,-11.000,-16.000,-43.000,0.0520,0.9950,0.0246,-0.0818,0.18,3.31,36.47,11.12,86799.0,0,0.00,0.00,3
22692,0.048,0.048,2.763,0.000,-0.061,0.549,-11.000,-18.000,-43.000,0.0520,0.9950,0.0246,-0.0818,0.25,4.04,36.43,11.12,86791.2,0,0.00,0.00,3
22712,0.047,0.049,2.764,0.061,-0.122,0.427,-10.000,-16.000,-43.000,0.0520,0.9950,0.0246,-0.0818,0.34,4.77,36.43,11.12,86776.6,0,0.00,0.00,3
22732,0.046,0.047,2.764,0.061,-0.061,0.366,-11.000,-17.000,-43.000,0.0520,0.9950,0.0246,-0.0818,0.44,5.50,36.43,11.12,86783.0,0,0.00,0.00,3
22752,0.048,0.049,2.761,0.000,0.122,0.427,-11.000,-17.000,-43.000,0.0520,0.9950,0.0246,-0.0818,0.56,6.23,36.40,11.12,86782.9,0,0.00,0.00,3
22772,0.047,0.047,2.757,-0.061,-0.061,0.366,-12.000,-18.000,-44.000,0.0520,0.9950,0.0246,-0.0818,0.69,6.96,36.37,11.12,86773.8,0,0.00,0.00,3
22792,0.048,0.048,2.761,0.000,-0.061,0.427,-11.000,-17.000,-44.000,0.0520,0.9950,0.0246,-0.0818,0.84,7.68,36.40,11.12,86790.1,0,0.00,0.00,3
22812,0.046,0.049,2.758,0.061,-0.122,0.427,-11.000,-18.000,-43.000,0.0520,0.9950,0.0246,-0.0818,1.00,8.41,36.38,11.12,86774.4,0,0.00,0.00,3
22832,0.051,0.049,2.755,0.000,0.000,0.488,-12.000,-16.000,-45.000,0.0520,0.9950,0.0246,-0.0818,1.18,9.14,36.35,11.12,86780.2,0,0.00,0.00,3
22852,0.046,0.047,2.757,0.061,0.000,0.549,-10.000,-16.000,-44.000,0.0520,0.9950,0.0246,-0.0818,1.37,9.87,36.36,11.12,86767.7,0,0.00,0.00,3
22872,0.048,0.048,2.750,-0.122,-0.122,0.427,-11.000,-17.000,-44.000,0.0520,0.9950,0.0246,-0.0818,1.57,10.60,36.29,11.12,86777.8,0,0.00,0.00,3
22892,0.047,0.048,2.752,0.061,-0.061,0.488,-13.000,-17.000,-43.000,0.0520,0.9950,0.0246,-0.0818,1.79,11.33,36.32,11.12,86763.7,0,0.00,0.00,3
22912,0.047,0.048,2.750,0.061,-0.061,0.549,-11.000,-16.000,-44.000,0.0520,0.9950,0.0246,-0.0818,2.03,12.06,36.29,11.12,86750.7,0,0.00,0.00,3
22932,0.048,0.049,2.749,0.061,-0.183,0.488,-11.000,-16.000,-43.000,0.0520,0.9950,0.0246,-0.0818,2.28,12.79,36.29,11.12,86762.4,0,0.00,0.00,3
22952,0.048,0.050,2.753,0.061,-0.122,0.549,-10.000,-17.000,-44.000,0.0520,0.9950,0.0246,-0.0818,2.55,13.52,36.33,11.12,86757.9,0,0.00,0.00,3
22972,0.049,0.048,2.744,-0.183,-0.061,0.427,-13.000,-16.000,-43.000,0.0520,0.9950,0.0246,-0.0818,2.83,14.25,36.24,11.12,86744.0,0,0.00,0.00,3
22992,0.047,0.049,2.750,0.000,-0.061,0.366,-11.000,-16.000,-43.000,0.0520,0.9950,0.0246,-0.0818,3.12,14.98,36.30,11.12,86753.8,0,0.00,0.00,3
23012,0.046,0.049,2.745,0.000,-0.061,0.488,-11.000,-16.000,-43.000,0.0520,0.9950,0.0246,-0.0818,3.43,15.71,36.24,11.12,86749.0,0,0.00,0.00,3
23032,0.048,0.047,2.745,-0.061,-0.183,0.488,-13.000,-15.000,-44.000,0.0520,0.9950,0.0246,-0.0818,3.76,16.45,36.25,11.12,86735.5,0,0.00,0.00,3
23052,0.210,0.066,2.755,-0.061,-0.061,0.427,-12.000,-15.000,-44.000,0.0520,0.9950,0.0246,-0.0818,4.10,17.19,36.60,11.12,86735.7,0,0.00,0.00,3
23072,0.213,0.065,2.752,-1.465,-0.122,1.587,-11.000,-17.000,-44.000,0.0520,0.9950,0.0246,-0.0818,4.46,17.93,36.57,11.12,86734.1,0,0.00,0.00,3
23092,0.215,0.067,2.753,-2.991,-0.183,2.686,-11.000,-16.000,-44.000,0.0520,0.9950,0.0246,-0.0818,4.82,18.67,36.58,11.12,86741.1,0,0.00,0.00,3
23112,0.218,0.068,2.753,-4.517,-0.061,3.845,-13.000,-17.000,-44.000,0.0520,0.9950,0.0246,-0.0818,5.21,19.41,36.58,11.12,86726.2,0,0.00,0.00,3
23132,0.221,0.071,2.756,-6.042,-0.183,5.005,-12.000,-16.000,-43.000,0.0520,0.9950,0.0246,-0.0818,5.61,20.15,36.62,11.12,86727.5,0,0.00,0.00,3
23152,0.222,0.074,2.760,-7.690,0.000,6.165,-12.000,-18.000,-43.000,0.0520,0.9950,0.0246,-0.0818,6.02,20.89,36.66,11.12,86729.6,0,0.00,0.00,3
23172,0.226,0.075,2.767,-9.277,-0.061,7.324,-11.000,-17.000,-44.000,0.0520,0.9950,0.0246,-0.0818,6.44,21.62,36.72,11.12,86734.1,0,0.00,0.00,3
23192,0.227,0.081,2.765,-10.864,0.061,8.484,-11.000,-16.000,-43.000,0.0520,0.9950,0.0246,-0.0818,6.90,22.38,36.70,11.12,86694.4,0,0.00,0.00,3
23212,0.229,0.085,2.767,-12.451,-0.061,9.766,-11.000,-16.000,-42.000,0.0520,0.9950,0.0246,-0.0818,7.36,23.13,36.72,11.12,86704.3,0,0.00,0.00,3
23232,0.229,0.095,2.768,-14.221,0.122,10.864,-12.000,-14.000,-43.000,0.0520,0.9950,0.0246,-0.0818,7.85,23.89,36.72,11.12,86695.2,0,0.00,0.00,3
23252,0.229,0.103,2.776,-15.808,0.244,12.024,-11.000,-16.000,-43.000,0.0520,0.9950,0.0246,-0.0818,8.34,24.65,36.79,11.12,86694.1,0,0.00,0.00,3
23272,0.231,0.109,2.779,-17.395,0.366,13.245,-11.000,-16.000,-44.000,0.0520,0.9950,0.0246,-0.0818,8.85,25.41,36.81,11.12,86685.3,0,0.00,0.00,3
23292,0.229,0.121,2.778,-19.165,0.427,14.465,-11.000,-16.000,-44.000,0.0520,0.9950,0.0246,-0.0818,9.39,26.18,36.79,11.12,86677.3,0,0.00,0.00,3
23312,0.228,0.135,2.787,-20.752,0.549,15.564,-11.000,-16.000,-44.000,0.0520,0.9950,0.0246,-0.0818,9.93,26.93,36.86,11.12,86682.9,0,0.00,0.00,3
23332,0.229,0.145,2.789,-22.400,0.793,16.724,-12.000,-14.000,-45.000,0.0520,0.9950,0.0246,-0.0818,10.48,27.68,36.87,11.12,86683.0,0,0.00,0.00,3
23352,0.226,0.159,2.793,-23.926,0.855,18.066,-11.000,-14.000,-45.000,0.0520,0.9950,0.0246,-0.0818,11.05,28.44,36.90,11.12,86668.8,0,0.00,0.00,3
23372,0.229,0.174,2.804,-25.574,1.282,19.165,-12.000,-14.000,-44.000,0.0520,0.9950,0.0246,-0.0818,11.65,29.21,36.99,11.12,86657.9,0,0.00,0.00,3
23392,0.225,0.191,2.806,-26.917,1.465,20.447,-11.000,-13.000,-45.000,0.0520,0.9950,0.0246,-0.0818,12.25,29.97,36.99,11.12,86658.4,0,0.00,0.00,3
23415,0.221,0.206,2.815,-28.381,1.892,21.484,-12.000,-14.000,-45.000,0.0520,0.9950,0.0246,-0.0818,12.89,30.76,37.05,11.12,86638.6,0,0.00,0.00,3
23432,0.221,0.226,2.818,-29.724,2.197,22.766,-10.000,-13.000,-46.000,0.0520,0.9950,0.0246,-0.0818,13.55,31.57,37.06,11.12,86622.9,0,0.00,0.00,3
23452,0.218,0.245,2.826,-31.006,2.686,23.743,-11.000,-12.000,-46.000,0.0520,0.9950,0.0246,-0.0818,14.21,32.35,37.12,11.12,86630.9,0,0.00,0.00,3
23472,0.213,0.267,2.833,-32.166,2.930,25.146,-10.000,-11.000,-44.000,0.0520,0.9950,0.0246,-0.0818,14.89,33.13,37.16,11.12,86629.0,0,0.00,0.00,3
23492,0.210,0.287,2.837,-33.081,3.418,26.184,-10.000,-13.000,-46.000,0.0520,0.9950,0.0246,-0.0818,15.58,33.90,37.17,11.12,86621.9,0,0.00,0.00,3
23512,0.207,0.312,2.849,-33.936,3.784,27.344,-10.000,-13.000,-46.000,0.0520,0.9950,0.0246,-0.0818,16.29,34.68,37.25,11.12,86616.0,0,0.00,0.00,3
23532,0.202,0.335,2.854,-34.912,4.211,28.503,-10.000,-12.000,-46.000,0.0520,0.9950,0.0246,-0.0818,17.03,35.49,37.27,11.12,86595.4,0,0.00,0.00,3
23552,0.197,0.360,2.863,-35.522,4.761,29.663,-8.000,-10.000,-44.000,0.0520,0.9950,0.0246,-0.0818,17.77,36.28,37.32,11.12,86599.5,0,0.00,0.00,3
23572,0.195,0.388,2.867,-36.072,5.249,30.762,-12.000,-10.000,-46.000,0.0520,0.9950,0.0246,-0.0818,18.53,37.06,37.33,11.12,86594.2,0,0.00,0.00,3
23592,0.192,0.417,2.874,-36.560,5.737,31.860,-10.000,-10.000,-45.000,0.0520,0.9950,0.0246,-0.0818,19.30,37.84,37.36,11.12,86587.2,0,0.00,0.00,3
23612,0.189,0.445,2.880,-36.682,6.165,32.837,-11.000,-9.000,-47.000,0.0520,0.9950,0.0246,-0.0818,20.08,38.60,37.39,11.12,86584.5,0,0.00,0.00,3
23632,0.183,0.475,2.888,-36.621,6.775,34.119,-9.000,-7.000,-47.000,0.0520,0.9950,0.0246,-0.0818,20.90,39.42,37.43,11.12,86560.5,0,0.00,0.00,3
23652,0.180,0.504,2.895,-36.560,7.263,35.156,-11.000,-8.000,-46.000,0.0520,0.9950,0.0246,-0.0818,21.78,40.28,37.46,11.12,86533.1,0,0.00,0.00,3
23672,0.180,0.538,2.899,-36.133,7.690,36.255,-10.000,-9.000,-46.000,0.0520,0.9950,0.0246,-0.0818,22.62,41.07,37.47,11.12,86551.7,0,0.00,0.00,3
23692,0.177,0.571,2.909,-35.645,8.240,37.293,-13.000,-7.000,-47.000,0.0520,0.9950,0.0246,-0.0818,23.51,41.90,37.53,11.12,86529.9,0,0.00,0.00,3
23712,0.179,0.603,2.912,-34.973,8.606,38.391,-10.000,-8.000,-46.000,0.0520,0.9950,0.0246,-0.0818,24.42,42.73,37.53,11.12,86521.6,0,0.00,0.00,3
23732,0.174,0.637,2.919,-34.058,8.911,39.429,-10.000,-7.000,-47.000,0.0520,0.9950,0.0246,-0.0818,25.34,43.57,37.56,11.12,86510.9,0,0.00,0.00,3
23752,0.178,0.670,2.927,-32.776,9.033,40.588,-10.000,-7.000,-47.000,0.0520,0.9950,0.0246,-0.0818,26.28,44.40,37.60,11.12,86505.9,0,0.00,0.00,3
23772,0.181,0.703,2.931,-31.433,9.277,41.382,-10.000,-7.000,-47.000,0.0520,0.9950,0.0246,-0.0818,27.22,45.20,37.62,11.12,86504.6,0,0.00,0.00,3
23792,0.183,0.738,2.937,-29.968,9.583,42.541,-11.000,-6.000,-47.000,0.0520,0.9950,0.0246,-0.0818,28.19,46.04,37.64,11.12,86484.5,0,0.00,0.00,3
23812,0.190,0.771,2.942,-28.320,9.460,43.640,-10.000,-4.000,-47.000,0.0520,0.9950,0.0246,-0.0818,29.18,46.86,37.67,11.12,86477.4,0,0.00,0.00,3
23832,0.195,0.802,2.942,-26.367,9.460,44.495,-10.000,-4.000,-47.000,0.0520,0.9950,0.0246,-0.0818,30.17,47.67,37.65,11.12,86475.4,0,0.00,0.00,3
23852,0.210,0.830,2.953,-24.475,9.277,45.532,-11.000,-5.000,-47.000,0.0520,0.9950,0.0246,-0.0818,31.18,48.48,37.75,11.12,86464.8,0,0.00,0.00,3
23872,0.220,0.858,2.956,-22.278,9.033,46.570,-12.000,-3.000,-45.000,0.0520,0.9950,0.0246,-0.0818,32.24,49.34,37.77,11.12,86440.2,0,0.00,0.00,3
23892,0.231,0.886,2.963,-19.897,8.606,47.546,-11.000,-5.000,-47.000,0.0520,0.9950,0.0246,-0.0818,33.28,50.15,37.83,11.12,86444.5,0,0.00,0.00,3
23912,0.247,0.909,2.965,-17.517,8.118,48.645,-10.000,-5.000,-47.000,0.0520,0.9950,0.0246,-0.0818,34.35,50.98,37.85,11.12,86426.7,0,0.00,0.00,3
23932,0.262,0.931,2.973,-14.954,7.446,49.561,-12.000,-5.000,-47.000,0.0520,0.9950,0.0246,-0.0818,35.43,51.80,37.93,11.12,86420.2,0,0.00,0.00,3
23952,0.280,0.947,2.977,-12.451,6.714,50.598,-12.000,-3.000,-47.000,0.0520,0.9950,0.0246,-0.0818,36.54,52.63,37.98,11.12,86408.6,0,0.00,0.00,3
23972,0.302,0.962,2.979,-9.888,5.920,51.514,-11.000,-4.000,-46.000,0.0520,0.9950,0.0246,-0.0818,37.66,53.47,38.02,11.12,86394.4,0,0.00,0.00,3
23992,0.323,0.970,2.986,-7.263,5.005,52.368,-10.000,-4.000,-46.000,0.0520,0.9950,0.0246,-0.0818,38.80,54.30,38.12,11.12,86385.9,0,0.00,0.00,3
24012,0.345,0.976,2.989,-4.639,3.784,53.345,-11.000,-5.000,-46.000,0.0520,0.9950,0.0246,-0.0818,39.98,55.16,38.18,11.12,86366.7,0,0.00,0.00,3
24032,0.371,0.973,2.987,-2.136,2.624,54.260,-10.000,-5.000,-46.000,0.0520,0.9950,0.0246,-0.0818,41.14,55.97,38.20,11.12,86368.0,0,0.00,0.00,3
24052,0.392,0.969,2.991,0.366,1.404,55.176,-11.000,-5.000,-46.000,0.0520,0.9950,0.0246,-0.0818,42.36,56.84,38.28,11.12,86341.3,0,0.00,0.00,3
24072,0.421,0.957,2.997,2.869,-0.061,56.091,-12.000,-4.000,-47.000,0.0520,0.9950,0.0246,-0.0818,43.54,57.65,38.39,11.12,86346.6,0,0.00,0.00,3
24092,0.448,0.941,3.000,4.944,-1.282,57.007,-10.000,-5.000,-47.000,0.0520,0.9950,0.0246,-0.0818,44.77,58.50,38.48,11.12,86324.5,0,0.00,0.00,3
24112,0.470,0.921,2.999,7.141,-2.808,57.922,-11.000,-7.000,-46.000,0.0520,0.9950,0.0246,-0.0818,46.02,59.34,38.52,11.12,86313.4,0,0.00,0.00,3
24132,0.495,0.894,2.997,8.972,-4.211,58.899,-11.000,-7.000,-46.000,0.0520,0.9950,0.0246,-0.0818,47.28,60.18,38.58,11.12,86301.0,0,0.00,0.00,3
24156,0.520,0.861,2.998,10.742,-5.737,59.814,-11.000,-6.000,-48.000,0.0520,0.9950,0.0246,-0.0818,48.52,60.99,38.65,11.12,86299.5,0,0.00,0.00,3
24172,0.542,0.824,3.000,12.207,-7.141,60.791,-10.000,-5.000,-47.000,0.0520,0.9950,0.0246,-0.0818,49.80,61.81,38.75,11.12,86283.2,0,0.00,0.00,3
24192,0.564,0.779,2.991,13.367,-8.545,61.584,-11.000,-7.000,-47.000,0.0520,0.9950,0.0246,-0.0818,51.09,62.64,38.74,11.12,86270.1,0,0.00,0.00,3
24212,0.582,0.732,2.996,14.404,-9.766,62.500,-9.000,-7.000,-47.000,0.0520,0.9950,0.0246,-0.0818,52.38,63.45,38.86,11.12,86262.4,0,0.00,0.00,3
24232,0.597,0.678,2.989,14.954,-10.925,63.477,-9.000,-7.000,-46.000,0.0520,0.9950,0.0246,-0.0818,53.71,64.28,38.88,11.12,86242.1,0,0.00,0.00,3
24252,0.609,0.624,2.982,15.564,-11.902,64.331,-10.000,-8.000,-47.000,0.0520,0.9950,0.0246,-0.0818,55.01,65.07,38.88,11.12,86241.6,0,0.00,0.00,3
24272,0.620,0.564,2.974,15.625,-12.634,65.308,-8.000,-7.000,-46.000,0.0520,0.9950,0.0246,-0.0818,56.37,65.89,38.87,11.12,86218.7,0,0.00,0.00,3
24292,0.625,0.504,2.965,15.503,-13.367,66.101,-10.000,-9.000,-48.000,0.0520,0.9950,0.0246,-0.0818,57.73,66.70,38.86,11.12,86208.3,0,0.00,0.00,3
24312,0.626,0.440,2.954,15.137,-13.855,67.017,-8.000,-10.000,-47.000,0.0520,0.9950,0.0246,-0.0818,59.10,67.51,38.82,11.12,86194.1,0,0.00,0.00,3
24332,0.624,0.377,2.948,14.465,-13.916,67.932,-7.000,-10.000,-45.000,0.0520,0.9950,0.0246,-0.0818,60.47,68.30,38.82,11.12,86187.4,0,0.00,0.00,3
24352,0.618,0.316,2.939,13.611,-13.794,68.848,-6.000,-11.000,-47.000,0.0520,0.9950,0.0246,-0.0818,61.91,69.14,38.78,11.12,86158.9,0,0.00,0.00,3
24372,0.609,0.255,2.931,12.634,-13.367,69.824,-6.000,-10.000,-47.000,0.0520,0.9950,0.0246,-0.0818,63.31,69.93,38.75,11.12,86158.4,0,0.00,0.00,3
24392,0.597,0.195,2.921,11.292,-12.756,70.740,-6.000,-11.000,-46.000,0.0520,0.9950,0.0246,-0.0818,64.76,70.74,38.69,11.12,86136.5,0,0.00,0.00,3
24412,0.584,0.141,2.912,9.949,-11.841,71.533,-7.000,-12.000,-46.000,0.0520,0.9950,0.0246,-0.0818,66.21,71.54,38.64,11.12,86126.1,0,0.00,0.00,3
24432,0.568,0.088,2.905,8.423,-10.681,72.449,-3.000,-11.000,-47.000,0.0520,0.9950,0.0246,-0.0818,67.63,72.30,38.59,11.12,86123.8,0,0.00,0.00,3
24452,0.550,0.044,2.895,6.836,-9.094,73.242,-4.000,-11.000,-46.000,0.0520,0.9950,0.0246,-0.0818,69.14,73.12,38.51,11.12,86090.1,0,0.00,0.00,3
24472,0.529,0.002,2.890,5.188,-7.324,74.219,-4.000,-12.000,-46.000,0.0520,0.9950,0.0246,-0.0818,70.59,73.87,38.47,11.12,86096.2,0,0.00,0.00,3
24492,0.513,-0.029,2.881,3.601,-5.493,75.134,-5.000,-12.000,-47.000,0.0520,0.9950,0.0246,-0.0818,72.09,74.65,38.39,11.12,86069.8,0,0.00,0.00,3
24512,0.498,-0.059,2.871,2.075,-3.418,75.989,-1.000,-11.000,-46.000,0.0520,0.9950,0.0246,-0.0818,73.59,75.41,38.30,11.12,86062.7,0,0.00,0.00,3
24532,0.482,-0.079,2.875,0.610,-1.160,76.843,-3.000,-12.000,-46.000,0.0520,0.9950,0.0246,-0.0818,75.12,76.20,38.33,11.12,86039.5,0,0.00,0.00,3
24552,0.469,-0.095,2.874,-0.732,1.221,77.637,-2.000,-11.000,-46.000,0.0520,0.9950,0.0246,-0.0818,76.66,76.97,38.31,11.12,86028.0,0,0.00,0.00,3
24572,0.461,-0.100,2.875,-2.075,3.723,78.552,-2.000,-13.000,-46.000,0.0520,0.9950,0.0246,-0.0818,78.22,77.75,38.31,11.12,86011.4,0,0.00,0.00,3
24592,0.461,-0.101,2.876,-3.174,6.348,79.346,-2.000,-13.000,-46.000,0.0520,0.9950,0.0246,-0.0818,79.82,78.55,38.33,11.12,85988.5,0,0.00,0.00,3
24612,0.468,-0.094,2.879,-3.967,8.667,80.383,-4.000,-11.000,-47.000,0.0520,0.9950,0.0246,-0.0818,81.38,79.30,38.36,11.12,85987.2,0,0.00,0.00,3
24632,0.480,-0.083,2.885,-4.578,10.925,81.360,-2.000,-13.000,-46.000,0.0520,0.9950,0.0246,-0.0818,83.03,80.12,38.42,11.12,85953.6,0,0.00,0.00,3
24652,0.498,-0.069,2.888,-4.944,13.184,82.092,-1.000,-13.000,-47.000,0.0520,0.9950,0.0246,-0.0818,84.64,80.89,38.47,11.12,85950.2,0,0.00,0.00,3
24672,0.527,-0.053,2.899,-5.127,15.137,83.008,-2.000,-11.000,-47.000,0.0520,0.9950,0.0246,-0.0818,86.30,81.70,38.61,11.12,85923.8,0,0.00,0.00,3
24692,0.559,-0.035,2.915,-5.066,16.785,83.740,-1.000,-12.000,-45.000,0.0520,0.9950,0.0246,-0.0818,87.96,82.48,38.79,11.12,85915.5,0,0.00,0.00,3
24712,0.600,-0.019,2.923,-5.005,18.127,84.656,-1.000,-13.000,-47.000,0.0520,0.9950,0.0246,-0.0818,89.62,83.27,38.93,11.12,85900.6,0,0.00,0.00,3
24732,0.645,-0.002,2.940,-4.517,19.226,85.510,-1.000,-13.000,-47.000,0.0520,0.9950,0.0246,-0.0818,91.25,84.01,39.15,11.12,85895.5,0,0.00,0.00,3
24752,0.696,0.012,2.956,-3.967,19.958,86.426,-1.000,-11.000,-47.000,0.0520,0.9950,0.0246,-0.0818,92.94,84.80,39.37,11.12,85868.6,0,0.00,0.00,3
24772,0.752,0.019,2.973,-3.296,20.203,87.219,-2.000,-13.000,-46.000,0.0520,0.9950,0.0246,-0.0818,94.64,85.59,39.62,11.12,85853.4,0,0.00,0.00,3
24792,0.812,0.022,2.986,-2.502,19.958,88.196,-1.000,-11.000,-47.000,0.0520,0.9950,0.0246,-0.0818,96.39,86.41,39.84,11.12,85825.8,0,0.00,0.00,3
24812,0.873,0.019,3.006,-1.770,19.470,89.050,-2.000,-12.000,-46.000,0.0520,0.9950,0.0246,-0.0818,98.10,87.20,40.13,11.12,85823.5,0,0.00,0.00,3
24832,0.929,0.009,3.023,-1.038,18.494,89.905,0.000,-13.000,-46.000,0.0520,0.9950,0.0246,-0.0818,99.88,88.02,40.40,11.12,85793.9,0,0.00,0.00,3
24852,0.986,-0.009,3.039,-0.244,17.090,90.881,-1.000,-13.000,-46.000,0.0520,0.9950,0.0246,-0.0818,101.64,88.83,40.66,11.12,85785.0,0,0.00,0.00,3
24872,1.036,-0.033,3.057,0.427,15.442,91.614,-1.000,-10.000,-46.000,0.0520,0.9950,0.0246,-0.0818,103.42,89.65,40.93,11.12,85765.6,0,0.00,0.00,3
24892,1.079,-0.065,3.069,1.038,13.367,92.407,-1.000,-11.000,-46.000,0.0520,0.9950,0.0246,-0.0818,105.19,90.44,41.15,11.12,85754.7,0,0.00,0.00,3
24915,1.114,-0.101,3.083,1.465,11.292,93.384,-1.000,-12.000,-47.000,0.0520,0.9950,0.0246,-0.0818,107.07,91.32,41.38,11.12,85714.4,0,0.00,0.00,3
24932,1.138,-0.144,3.088,1.770,8.911,94.238,1.000,-11.000,-47.000,0.0520,0.9950,0.0246,-0.0818,108.88,92.13,41.50,11.12,85716.2,0,0.00,0.00,3
24952,1.151,-0.190,3.094,1.831,6.287,95.032,-1.000,-10.000,-47.000,0.0520,0.9950,0.0246,-0.0818,110.72,92.95,41.63,11.12,85697.0,0,0.00,0.00,3
24972,1.153,-0.236,3.093,1.709,3.662,96.130,-1.000,-13.000,-47.000,0.0520,0.9950,0.0246,-0.0818,112.57,93.77,41.67,11.12,85678.6,0,0.00,0.00,3
24992,1.139,-0.285,3.094,1.404,1.282,96.863,2.000,-11.000,-46.000,0.0520,0.9950,0.0246,-0.0818,114.45,94.60,41.70,11.12,85656.2,0,0.00,0.00,3
25012,1.114,-0.330,3.089,1.038,-1.160,97.595,1.000,-13.000,-47.000,0.0520,0.9950,0.0246,-0.0818,116.33,95.42,41.66,11.12,85641.6,0,0.00,0.00,3
25032,1.079,-0.375,3.087,0.427,-3.296,98.572,2.000,-13.000,-46.000,0.0520,0.9950,0.0246,-0.0818,118.25,96.26,41.62,11.12,85617.9,0,0.00,0.00,3
25052,1.029,-0.412,3.078,-0.183,-5.127,99.426,3.000,-12.000,-47.000,0.0520,0.9950,0.0246,-0.0818,120.15,97.05,41.50,11.12,85610.1,0,0.00,0.00,3
25072,0.972,-0.442,3.070,-0.977,-6.836,100.281,2.000,-12.000,-46.000,0.0520,0.9950,0.0246,-0.0818,122.01,97.80,41.36,11.12,85602.9,0,0.00,0.00,3
25092,0.910,-0.470,3.057,-1.709,-8.118,101.135,3.000,-12.000,-46.000,0.0520,0.9950,0.0246,-0.0818,123.99,98.64,41.15,11.12,85557.4,0,0.00,0.00,3
25112,0.839,-0.485,3.040,-2.441,-9.216,102.112,2.000,-12.000,-47.000,0.0520,0.9950,0.0246,-0.0818,125.92,99.40,40.89,11.12,85557.6,0,0.00,0.00,3
25132,0.769,-0.496,3.027,-3.174,-9.644,102.905,5.000,-11.000,-46.000,0.0520,0.9950,0.0246,-0.0818,127.89,100.19,40.67,11.12,85531.0,0,0.00,0.00,3
25152,0.697,-0.496,3.012,-3.662,-9.888,103.760,5.000,-12.000,-46.000,0.0520,0.9950,0.0246,-0.0818,129.88,100.99,40.40,11.12,85507.0,0,0.00,0.00,3
25172,0.627,-0.491,2.996,-4.028,-9.583,104.614,5.000,-11.000,-45.000,0.0520,0.9950,0.0246,-0.0818,131.87,101.75,40.13,11.12,85496.2,0,0.00,0.00,3
25192,0.561,-0.481,2.982,-4.211,-8.850,105.530,7.000,-11.000,-46.000,0.0520,0.9950,0.0246,-0.0818,133.91,102.54,39.88,11.12,85464.5,0,0.00,0.00,3
25212,0.499,-0.465,2.964,-4.272,-7.813,106.323,8.000,-10.000,-46.000,0.0520,0.9950,0.0246,-0.0818,135.98,103.35,39.59,11.12,85439.5,0,0.00,0.00,3
25232,0.448,-0.451,2.952,-3.906,-6.653,107.300,8.000,-10.000,-46.000,0.0520,0.9950,0.0246,-0.0818,137.99,104.08,39.38,11.12,85440.5,0,0.00,0.00,3
25252,0.406,-0.434,2.939,-3.235,-5.127,108.093,9.000,-11.000,-48.000,0.0520,0.9950,0.0246,-0.0818,140.05,104.84,39.17,11.12,85410.2,0,0.00,0.00,3
25272,0.368,-0.422,2.931,-2.380,-3.601,109.009,8.000,-8.000,-47.000,0.0520,0.9950,0.0246,-0.0818,142.14,105.60,39.02,11.12,85388.5,0,0.00,0.00,3
25292,0.344,-0.411,2.928,-1.221,-2.014,109.802,8.000,-10.000,-47.000,0.0520,0.9950,0.0246,-0.0818,144.22,106.34,38.94,11.12,85371.4,0,0.00,0.00,3
25312,0.326,-0.414,2.922,0.061,-0.366,110.657,7.000,-9.000,-46.000,0.0520,0.9950,0.0246,-0.0818,146.35,107.12,38.86,11.12,85342.1,0,0.00,0.00,3
25332,0.316,-0.422,2.923,1.526,1.221,111.633,9.000,-7.000,-47.000,0.0520,0.9950,0.0246,-0.0818,148.48,107.87,38.86,11.12,85325.9,0,0.00,0.00,3
25352,0.312,-0.439,2.927,3.052,2.624,112.427,9.000,-7.000,-46.000,0.0520,0.9950,0.0246,-0.0818,150.61,108.62,38.91,11.12,85308.0,0,0.00,0.00,3
25372,0.309,-0.466,2.930,4.700,3.784,113.220,8.000,-7.000,-46.000,0.0520,0.9950,0.0246,-0.0818,152.79,109.40,38.95,11.12,85279.4,0,0.00,0.00,3
25392,0.313,-0.505,2.941,6.287,4.761,114.197,9.000,-8.000,-47.000,0.0520,0.9950,0.0246,-0.0818,154.97,110.17,39.11,11.12,85258.6,0,0.00,0.00,3
25412,0.308,-0.554,2.956,7.751,5.432,114.990,10.000,-7.000,-48.000,0.0520,0.9950,0.0246,-0.0818,157.13,110.91,39.29,11.12,85249.4,0,0.00,0.00,3
25432,0.302,-0.608,2.965,9.094,5.859,115.845,10.000,-6.000,-46.000,0.0520,0.9950,0.0246,-0.0818,159.31,111.65,39.42,11.12,85225.1,0,0.00,0.00,3
25452,0.292,-0.670,2.981,10.071,5.737,116.760,10.000,-6.000,-46.000,0.0520,0.9950,0.0246,-0.0818,161.55,112.44,39.62,11.12,85192.3,0,0.00,0.00,3
25472,0.276,-0.735,2.999,10.864,5.615,117.615,11.000,-6.000,-47.000,0.0520,0.9950,0.0246,-0.0818,163.79,113.22,39.83,11.12,85173.9,0,0.00,0.00,3
25492,0.250,-0.802,3.011,11.414,5.127,118.408,11.000,-6.000,-47.000,0.0520,0.9950,0.0246,-0.0818,165.99,113.96,39.97,11.12,85166.4,0,0.00,0.00,3
25512,0.216,-0.865,3.021,11.353,4.517,119.324,10.000,-5.000,-46.000,0.0520,0.9950,0.0246,-0.0818,168.26,114.74,40.07,11.12,85131.8,0,0.00,0.00,3
25532,0.178,-0.927,3.036,10.925,3.845,120.178,11.000,-5.000,-47.000,0.0520,0.9950,0.0246,-0.0818,170.51,115.49,40.21,11.12,85117.3,0,0.00,0.00,3
25552,0.127,-0.979,3.047,10.254,2.930,121.033,11.000,-7.000,-46.000,0.0520,0.9950,0.0246,-0.0818,172.75,116.23,40.29,11.12,85100.3,0,0.00,0.00,3
25572,0.077,-1.021,3.055,9.155,2.136,121.887,11.000,-6.000,-46.000,0.0520,0.9950,0.0246,-0.0818,175.06,117.02,40.32,11.12,85065.3,0,0.00,0.00,3
25592,0.020,-1.049,3.060,7.813,1.160,122.803,12.000,-5.000,-47.000,0.0520,0.9950,0.0246,-0.0818,177.35,117.77,40.31,11.12,85051.5,0,0.00,0.00,3
25612,-0.035,-1.068,3.060,6.226,0.427,123.596,13.000,-5.000,-46.000,0.0520,0.9950,0.0246,-0.0818,179.68,118.54,40.24,11.12,85022.4,0,0.00,0.00,3
25632,-0.085,-1.072,3.056,4.578,-0.061,124.451,11.000,-3.000,-47.000,0.0520,0.9950,0.0246,-0.0818,182.00,119.29,40.12,11.12,85006.9,0,0.00,0.00,3
25655,-0.138,-1.068,3.052,2.808,-0.488,125.366,13.000,-5.000,-47.000,0.0520,0.9950,0.0246,-0.0818,184.34,120.04,40.00,11.12,84981.4,0,0.00,0.00,3
25672,-0.187,-1.052,3.049,1.038,-0.855,126.160,11.000,-3.000,-46.000,0.0520,0.9950,0.0246,-0.0818,186.74,120.83,39.87,11.12,84945.3,0,0.00,0.00,3
25692,-0.229,-1.025,3.043,-0.732,-0.855,127.075,12.000,-1.000,-46.000,0.0520,0.9950,0.0246,-0.0818,189.10,121.57,39.72,11.12,84937.4,0,0.00,0.00,3
25712,-0.260,-0.994,3.037,-2.319,-0.855,127.869,13.000,-3.000,-46.000,0.0520,0.9950,0.0246,-0.0818,191.49,122.31,39.58,11.12,84911.4,0,0.00,0.00,3
25732,-0.285,-0.955,3.027,-3.601,-0.610,128.784,13.000,-1.000,-47.000,0.0520,0.9950,0.0246,-0.0818,193.88,123.05,39.41,11.12,84889.0,0,0.00,0.00,3
25752,-0.303,-0.913,3.018,-4.578,-0.366,129.639,11.000,1.000,-46.000,0.0520,0.9950,0.0246,-0.0818,196.32,123.80,39.25,11.12,84857.9,0,0.00,0.00,3
25772,-0.314,-0.873,3.005,-5.249,0.061,130.432,13.000,2.000,-47.000,0.0520,0.9950,0.0246,-0.0818,198.73,124.51,39.06,11.12,84847.2,0,0.00,0.00,3
25792,-0.321,-0.833,2.997,-5.432,0.427,131.287,13.000,1.000,-46.000,0.0520,0.9950,0.0246,-0.0818,201.10,125.18,38.94,11.12,84835.4,0,0.00,0.00,3
25812,-0.324,-0.797,2.997,-5.432,0.793,132.141,13.000,1.000,-45.000,0.0520,0.9950,0.0246,-0.0818,203.53,125.87,38.89,11.12,84802.6,0,0.00,0.00,3
25832,-0.324,-0.767,2.987,-5.005,0.916,132.935,12.000,2.000,-46.000,0.0520,0.9950,0.0246,-0.0818,205.97,126.57,38.77,11.12,84776.6,0,0.00,0.00,3
25852,-0.331,-0.740,2.979,-4.150,1.221,133.789,12.000,2.000,-46.000,0.0520,0.9950,0.0246,-0.0818,208.36,127.21,38.66,11.12,84769.9,0,0.00,0.00,3
25872,-0.337,-0.721,2.973,-3.235,0.977,134.644,12.000,4.000,-45.000,0.0520,0.9950,0.0246,-0.0818,210.86,127.94,38.57,11.12,84721.0,0,0.00,0.00,3
25892,-0.355,-0.701,2.966,-2.075,0.855,135.437,11.000,5.000,-46.000,0.0520,0.9950,0.0246,-0.0818,213.36,128.64,38.46,11.12,84701.0,0,0.00,0.00,3
25912,-0.376,-0.688,2.966,-0.732,0.366,136.230,13.000,5.000,-47.000,0.0520,0.9950,0.0246,-0.0818,215.83,129.30,38.41,11.12,84688.5,0,0.00,0.00,3
25932,-0.410,-0.672,2.965,0.427,-0.427,137.207,13.000,5.000,-47.000,0.0520,0.9950,0.0246,-0.0818,218.31,129.97,38.33,11.12,84663.2,0,0.00,0.00,3
25952,-0.447,-0.657,2.965,1.831,-1.160,137.939,11.000,4.000,-45.000,0.0520,0.9950,0.0246,-0.0818,220.80,130.63,38.25,11.12,84640.8,0,0.00,0.00,3
25972,-0.490,-0.639,2.964,2.869,-1.831,138.916,10.000,7.000,-46.000,0.0520,0.9950,0.0246,-0.0818,223.29,131.26,38.16,11.12,84621.4,0,0.00,0.00,3
25992,-0.542,-0.611,2.967,3.845,-2.808,139.648,11.000,8.000,-46.000,0.0520,0.9950,0.0246,-0.0818,225.80,131.91,38.07,11.12,84592.2,0,0.00,0.00,3
26012,-0.596,-0.584,2.956,4.456,-3.662,140.442,10.000,6.000,-47.000,0.0520,0.9950,0.0246,-0.0818,228.30,132.53,37.85,11.12,84575.8,0,0.00,0.00,3
26032,-0.649,-0.549,2.965,4.822,-4.395,141.296,10.000,8.000,-47.000,0.0520,0.9950,0.0246,-0.0818,230.83,133.17,37.82,11.12,84544.8,0,0.00,0.00,3
26052,-0.700,-0.506,2.955,4.822,-5.066,141.968,11.000,7.000,-47.000,0.0520,0.9950,0.0246,-0.0818,233.38,133.81,37.60,11.12,84519.2,0,0.00,0.00,3
26072,-0.754,-0.463,2.955,4.639,-5.432,142.944,8.000,8.000,-45.000,0.0520,0.9950,0.0246,-0.0818,235.95,134.45,37.47,11.12,84492.2,0,0.00,0.00,3
26092,-0.794,-0.415,2.953,4.211,-5.676,143.677,8.000,10.000,-46.000,0.0520,0.9950,0.0246,-0.0818,238.57,135.13,37.34,11.12,84456.8,0,0.00,0.00,3
26112,-0.832,-0.359,2.945,3.601,-5.310,144.409,10.000,8.000,-47.000,0.0520,0.9950,0.0246,-0.0818,241.15,135.75,37.15,11.12,84445.4,0,0.00,0.00,3
26132,-0.860,-0.308,2.937,2.930,-5.127,145.325,8.000,11.000,-47.000,0.0520,0.9950,0.0246,-0.0818,243.73,136.36,36.97,11.12,84421.3,0,0.00,0.00,3
26152,-0.882,-0.257,2.927,2.136,-4.578,146.179,7.000,9.000,-47.000,0.0520,0.9950,0.0246,-0.0818,246.31,136.95,36.79,11.12,84401.8,0,0.00,0.00,3
26172,-0.897,-0.208,2.919,1.343,-3.601,146.973,8.000,10.000,-46.000,0.0520,0.9950,0.0246,-0.0818,248.97,137.60,36.65,11.12,84358.1,0,0.00,0.00,3
26192,-0.904,-0.162,2.909,0.610,-2.563,147.827,8.000,12.000,-48.000,0.0520,0.9950,0.0246,-0.0818,251.61,138.23,36.49,11.12,84338.7,0,0.00,0.00,3
26212,-0.911,-0.120,2.904,0.061,-1.526,148.743,5.000,10.000,-48.000,0.0520,0.9950,0.0246,-0.0818,254.20,138.78,36.39,11.12,84331.8,0,0.00,0.00,3
26232,-0.910,-0.079,2.897,-0.366,-0.427,149.353,7.000,11.000,-45.000,0.0520,0.9950,0.0246,-0.0818,256.86,139.40,36.29,11.12,84290.1,0,0.00,0.00,3
26252,-0.909,-0.042,2.892,-0.610,0.488,150.269,5.000,11.000,-46.000,0.0520,0.9950,0.0246,-0.0818,259.54,140.01,36.20,11.12,84262.1,0,0.00,0.00,3
26272,-0.905,-0.007,2.890,-0.671,1.343,151.123,5.000,11.000,-48.000,0.0520,0.9950,0.0246,-0.0818,262.18,140.58,36.16,11.12,84248.3,0,0.00,0.00,3
26292,-0.906,0.029,2.889,-0.671,2.075,151.978,4.000,11.000,-46.000,0.0520,0.9950,0.0246,-0.0818,264.84,141.16,36.11,11.12,84221.9,0,0.00,0.00,3
26312,-0.903,0.063,2.894,-0.427,2.441,152.649,3.000,13.000,-45.000,0.0520,0.9950,0.0246,-0.0818,267.49,141.71,36.12,11.12,84201.1,0,0.00,0.00,3
26332,-0.897,0.104,2.894,-0.305,2.563,153.442,4.000,13.000,-46.000,0.0520,0.9950,0.0246,-0.0818,270.18,142.29,36.10,11.12,84169.0,0,0.00,0.00,3
26352,-0.893,0.140,2.898,-0.061,2.258,154.358,4.000,12.000,-47.000,0.0520,0.9950,0.0246,-0.0818,272.85,142.84,36.11,11.12,84147.5,0,0.00,0.00,3
26372,-0.887,0.187,2.899,0.061,1.953,155.212,1.000,14.000,-46.000,0.0520,0.9950,0.0246,-0.0818,275.60,143.45,36.08,11.12,84107.4,0,0.00,0.00,3
26392,-0.878,0.231,2.895,0.122,1.465,155.945,0.000,12.000,-46.000,0.0520,0.9950,0.0246,-0.0818,278.34,144.05,36.01,11.12,84081.8,0,0.00,0.00,3
26415,-0.864,0.277,16.000,2.808,-0.916,162.598,-2.000,14.000,-46.000,0.0520,0.9950,0.0246,-0.0818,281.13,147.18,162.09,11.12,84054.2,0,0.00,0.00,3
26432,-0.846,0.331,2.892,0.122,-0.427,157.593,1.000,13.000,-46.000,0.0520,0.9950,0.0246,-0.0818,283.93,147.75,35.94,11.12,84034.1,0,0.00,0.00,3
26452,-0.827,0.382,2.892,-0.122,-1.221,158.386,1.000,12.000,-47.000,0.0520,0.9950,0.0246,-0.0818,286.72,148.32,35.92,11.12,84010.7,0,0.00,0.00,3
26472,-0.801,0.433,2.884,-0.427,-2.075,159.180,-2.000,12.000,-47.000,0.0520,0.9950,0.0246,-0.0818,289.55,148.89,35.84,11.12,83978.7,0,0.00,0.00,3
26492,-0.771,0.480,2.882,-0.855,-2.808,160.034,-3.000,14.000,-46.000,0.0520,0.9950,0.0246,-0.0818,292.40,149.48,35.82,11.12,83946.7,0,0.00,0.00,3
26512,-0.742,0.522,2.872,-1.404,-3.418,160.706,-4.000,13.000,-46.000,0.0520,0.9950,0.0246,-0.0818,295.25,150.07,35.73,11.12,83920.5,0,0.00,0.00,3
26532,-0.708,0.565,2.859,-1.709,-3.723,161.499,-2.000,11.000,-47.000,0.0520,0.9950,0.0246,-0.0818,298.10,150.63,35.62,11.12,83899.4,0,0.00,0.00,3
26552,-0.674,0.600,2.845,-2.136,-3.723,162.353,-7.000,12.000,-48.000,0.0520,0.9950,0.0246,-0.0818,300.94,151.17,35.51,11.12,83874.7,0,0.00,0.00,3
26572,-0.637,0.633,2.834,-2.441,-3.662,163.208,-6.000,11.000,-46.000,0.0520,0.9950,0.0246,-0.0818,303.82,151.74,35.43,11.12,83839.4,0,0.00,0.00,3
26592,-0.604,0.665,2.827,-2.563,-3.235,163.879,-5.000,11.000,-46.000,0.0520,0.9950,0.0246,-0.0818,306.67,152.27,35.38,11.12,83824.5,0,0.00,0.00,3
26612,-0.575,0.693,2.819,-2.502,-2.808,164.734,-7.000,11.000,-46.000,0.0520,0.9950,0.0246,-0.0818,309.55,152.81,35.32,11.12,83789.9,0,0.00,0.00,3
26632,-0.536,0.720,2.811,-2.319,-2.136,165.466,-9.000,11.000,-47.000,0.0520,0.9950,0.0246,-0.0818,312.45,153.37,35.28,11.12,83759.4,0,0.00,0.00,3
26652,-0.502,0.751,2.803,-1.770,-1.587,166.260,-8.000,11.000,-46.000,0.0520,0.9950,0.0246,-0.0818,315.37,153.93,35.23,11.12,83728.6,0,0.00,0.00,3
26672,-0.464,0.776,2.801,-1.526,-0.977,167.114,-8.000,12.000,-47.000,0.0520,0.9950,0.0246,-0.0818,318.26,154.45,35.25,11.12,83711.0,0,0.00,0.00,3
26692,-0.423,0.805,2.804,-0.855,-0.488,167.969,-9.000,11.000,-47.000,0.0520,0.9950,0.0246,-0.0818,321.23,155.04,35.32,11.12,83663.5,0,0.00,0.00,3
26712,-0.379,0.832,2.804,-0.305,-0.122,168.640,-9.000,8.000,-46.000,0.0520,0.9950,0.0246,-0.0818,324.18,155.61,35.36,11.12,83643.7,0,0.00,0.00,3
26732,-0.328,0.857,2.806,0.122,0.427,169.495,-11.000,8.000,-47.000,0.0520,0.9950,0.0246,-0.0818,327.15,156.17,35.44,11.12,83615.5,0,0.00,0.00,3
26752,-0.271,0.879,2.810,0.671,0.488,170.288,-10.000,8.000,-45.000,0.0520,0.9950,0.0246,-0.0818,330.12,156.73,35.55,11.12,83586.7,0,0.00,0.00,3
26772,-0.207,0.897,2.814,0.916,0.427,170.959,-11.000,8.000,-46.000,0.0520,0.9950,0.0246,-0.0818,333.08,157.28,35.67,11.12,83563.2,0,0.00,0.00,3
26792,-0.141,0.911,2.818,1.038,0.366,171.814,-12.000,8.000,-47.000,0.0520,0.9950,0.0246,-0.0818,336.09,157.87,35.80,11.12,83524.5,0,0.00,0.00,3
26812,-0.073,0.917,2.819,1.099,0.305,172.546,-13.000,6.000,-47.000,0.0520,0.9950,0.0246,-0.0818,339.08,158.41,35.92,11.12,83506.1,0,0.00,0.00,3
26832,-0.004,0.915,2.816,0.855,0.244,173.340,-13.000,4.000,-46.000,0.0520,0.9950,0.0246,-0.0818,342.09,158.99,36.00,11.12,83470.9,0,0.00,0.00,3
26852,0.063,0.911,2.815,0.610,0.000,174.255,-13.000,3.000,-46.000,0.0520,0.9950,0.0246,-0.0818,345.09,159.54,36.11,11.12,83449.1,0,0.00,0.00,3
26872,0.124,0.903,2.811,0.000,0.000,174.927,-12.000,1.000,-47.000,0.0520,0.9950,0.0246,-0.0818,348.15,160.13,36.18,11.12,83408.5,0,0.00,0.00,3
26892,0.186,0.888,2.808,-0.488,0.000,175.720,-11.000,2.000,-45.000,0.0520,0.9950,0.0246,-0.0818,351.20,160.70,36.26,11.12,83383.2,0,0.00,0.00,3
26912,0.238,0.872,2.801,-1.160,-0.061,176.575,-13.000,2.000,-46.000,0.0520,0.9950,0.0246,-0.0818,354.26,161.28,36.29,11.12,83352.8,0,0.00,0.00,3
26932,0.288,0.853,2.794,-1.587,0.061,177.185,-12.000,2.000,-47.000,0.0520,0.9950,0.0246,-0.0818,357.33,161.85,36.32,11.12,83325.3,0,0.00,0.00,3
26952,0.334,0.837,2.787,-2.014,0.305,177.979,-13.000,-1.000,-47.000,0.0520,0.9950,0.0246,-0.0818,360.42,162.44,36.35,11.12,83293.1,0,0.00,0.00,3
26972,0.373,0.822,2.779,-2.319,0.488,178.894,-13.000,-2.000,-45.000,0.0520,0.9950,0.0246,-0.0818,363.47,162.97,36.35,11.12,83275.8,0,0.00,0.00,3
26992,0.417,0.808,2.773,-2.441,0.793,179.565,-14.000,-1.000,-45.000,0.0520,0.9950,0.0246,-0.0818,366.58,163.55,36.38,11.12,83234.1,0,0.00,0.00,3
27012,0.460,0.795,2.768,-2.441,0.916,180.298,-15.000,-2.000,-46.000,0.0520,0.9950,0.0246,-0.0818,369.68,164.11,36.41,11.12,83210.2,0,0.00,0.00,3
27032,0.501,0.782,2.760,-2.319,1.099,181.091,-13.000,-2.000,-47.000,0.0520,0.9950,0.0246,-0.0818,372.81,164.69,36.42,11.12,83174.4,0,0.00,0.00,3
27052,0.545,0.763,2.761,-1.953,1.221,181.946,-12.000,-2.000,-46.000,0.0520,0.9950,0.0246,-0.0818,375.95,165.28,36.51,11.12,83142.2,0,0.00,0.00,3
27072,0.590,0.738,2.754,-1.709,1.221,182.678,-11.000,-5.000,-46.000,0.0520,0.9950,0.0246,-0.0818,379.11,165.86,36.54,11.12,83113.9,0,0.00,0.00,3
27092,0.638,0.709,2.753,-1.038,1.038,183.411,-11.000,-5.000,-45.000,0.0520,0.9950,0.0246,-0.0818,382.30,166.47,36.64,11.12,83076.2,0,0.00,0.00,3
27112,0.688,0.673,2.753,-0.732,0.855,184.265,-10.000,-6.000,-47.000,0.0520,0.9950,0.0246,-0.0818,385.52,167.10,36.76,11.12,83040.2,0,0.00,0.00,3
27132,0.731,0.623,2.750,-0.183,0.610,184.937,-11.000,-7.000,-47.000,0.0520,0.9950,0.0246,-0.0818,388.73,167.70,36.85,11.12,83016.3,0,0.00,0.00,3
27156,0.773,0.568,2.744,0.122,0.366,185.791,-11.000,-7.000,-46.000,0.0520,0.9950,0.0246,-0.0818,391.91,168.27,36.91,11.12,82996.8,0,0.00,0.00,3
27172,0.810,0.506,2.737,0.366,0.061,186.584,-11.000,-7.000,-46.000,0.0520,0.9950,0.0246,-0.0818,395.11,168.85,36.96,11.12,82961.9,0,0.00,0.00,3
27192,0.840,0.438,2.730,0.488,0.000,187.256,-11.000,-9.000,-47.000,0.0520,0.9950,0.0246,-0.0818,398.35,169.46,37.01,11.12,82923.0,0,0.00,0.00,3
27212,0.858,0.367,2.728,0.488,-0.244,188.110,-11.000,-9.000,-47.000,0.0520,0.9950,0.0246,-0.0818,401.63,170.09,37.09,11.12,82887.8,0,0.00,0.00,3
27232,0.874,0.296,2.719,0.427,-0.061,188.843,-9.000,-9.000,-46.000,0.0520,0.9950,0.0246,-0.0818,404.86,170.66,37.10,11.12,82870.1,0,0.00,0.00,3
27252,0.885,0.225,2.713,0.366,-0.183,189.575,-10.000,-10.000,-46.000,0.0520,0.9950,0.0246,-0.0818,408.15,171.29,37.13,11.12,82825.8,0,0.00,0.00,3
27272,0.889,0.159,2.697,0.366,0.183,190.369,-8.000,-11.000,-46.000,0.0520,0.9950,0.0246,-0.0818,411.38,171.84,37.05,11.12,82815.0,0,0.00,0.00,3
27292,0.894,0.096,2.688,0.061,0.427,191.101,-6.000,-12.000,-47.000,0.0520,0.9950,0.0246,-0.0818,414.67,172.43,37.03,11.12,82770.2,0,0.00,0.00,3
27312,0.890,0.036,2.683,0.061,0.793,191.833,-6.000,-13.000,-46.000,0.0520,0.9950,0.0246,-0.0818,417.99,173.05,37.03,11.12,82733.6,0,0.00,0.00,3
27332,0.892,-0.020,2.682,0.183,1.099,192.688,-4.000,-10.000,-46.000,0.0520,0.9950,0.0246,-0.0818,421.35,173.69,37.08,11.12,82694.1,0,0.00,0.00,3
27352,0.895,-0.072,2.673,0.061,1.282,193.298,-3.000,-11.000,-47.000,0.0520,0.9950,0.0246,-0.0818,424.63,174.25,37.05,11.12,82683.8,0,0.00,0.00,3
27372,0.897,-0.129,2.672,0.244,1.587,194.153,-3.000,-13.000,-46.000,0.0520,0.9950,0.0246,-0.0818,427.98,174.86,37.10,11.12,82639.7,0,0.00,0.00,3
27392,0.899,-0.185,2.671,0.488,1.770,194.885,-2.000,-13.000,-47.000,0.0520,0.9950,0.0246,-0.0818,431.37,175.49,37.15,11.12,82599.7,0,0.00,0.00,3
27412,0.899,-0.242,2.667,0.427,1.892,195.557,-2.000,-13.000,-46.000,0.0520,0.9950,0.0246,-0.0818,434.70,176.06,37.16,11.12,82586.6,0,0.00,0.00,3
27432,0.895,-0.302,2.662,0.671,1.770,196.411,-1.000,-14.000,-46.000,0.0520,0.9950,0.0246,-0.0818,438.05,176.64,37.17,11.12,82550.9,0,0.00,0.00,3
27452,0.885,-0.368,2.661,0.855,1.526,197.144,0.000,-13.000,-46.000,0.0520,0.9950,0.0246,-0.0818,441.40,177.21,37.20,11.12,82522.2,0,0.00,0.00,3
27472,0.868,-0.430,2.657,0.855,1.404,197.876,1.000,-14.000,-46.000,0.0520,0.9950,0.0246,-0.0818,444.81,177.82,37.20,11.12,82478.1,0,0.00,0.00,3
27492,0.841,-0.496,2.655,0.977,1.038,198.608,1.000,-14.000,-46.000,0.0520,0.9950,0.0246,-0.0818,448.24,178.43,37.20,11.12,82443.2,0,0.00,0.00,3
27512,0.805,-0.554,2.647,0.855,0.732,199.341,2.000,-13.000,-47.000,0.0520,0.9950,0.0246,-0.0818,451.70,179.07,37.12,11.12,82405.6,0,0.00,0.00,3
27532,0.759,-0.611,2.636,0.855,0.366,200.012,4.000,-11.000,-47.000,0.0520,0.9950,0.0246,-0.0818,455.19,179.72,37.00,11.12,82366.2,0,0.00,0.00,3
27552,0.711,-0.659,2.629,0.671,0.244,200.928,5.000,-14.000,-45.000,0.0520,0.9950,0.0246,-0.0818,458.65,180.32,36.90,11.12,82345.3,0,0.00,0.00,3
27572,0.653,-0.702,2.614,0.671,0.061,201.538,5.000,-12.000,-46.000,0.0520,0.9950,0.0246,-0.0818,462.12,180.93,36.70,11.12,82311.0,0,0.00,0.00,3
27592,0.598,-0.740,2.600,0.488,-0.122,202.270,6.000,-12.000,-46.000,0.0520,0.9950,0.0246,-0.0818,465.59,181.51,36.52,11.12,82282.1,0,0.00,0.00,3
27612,0.536,-0.774,2.588,0.610,-0.122,203.003,6.000,-10.000,-46.000,0.0520,0.9950,0.0246,-0.0818,469.10,182.12,36.34,11.12,82242.2,0,0.00,0.00,3
27632,0.475,-0.799,2.572,0.549,-0.183,203.796,7.000,-11.000,-47.000,0.0520,0.9950,0.0246,-0.0818,472.63,182.73,36.10,11.12,82205.1,0,0.00,0.00,3
27652,0.419,-0.825,2.564,0.732,0.061,204.407,9.000,-10.000,-48.000,0.0520,0.9950,0.0246,-0.0818,476.17,183.34,35.96,11.12,82172.3,0,0.00,0.00,3
27672,0.357,-0.845,2.556,0.855,0.061,205.200,9.000,-9.000,-46.000,0.0520,0.9950,0.0246,-0.0818,479.71,183.93,35.80,11.12,82141.3,0,0.00,0.00,3
27692,0.294,-0.871,2.549,0.977,0.183,205.994,10.000,-8.000,-46.000,0.0520,0.9950,0.0246,-0.0818,483.32,184.57,35.66,11.12,82093.9,0,0.00,0.00,3
27712,0.237,-0.890,2.541,1.160,0.061,206.787,10.000,-8.000,-46.000,0.0520,0.9950,0.0246,-0.0818,486.89,185.16,35.51,11.12,82069.8,0,0.00,0.00,3
27732,0.171,-0.911,2.535,1.343,0.183,207.397,11.000,-7.000,-46.000,0.0520,0.9950,0.0246,-0.0818,490.53,185.80,35.36,11.12,82023.4,0,0.00,0.00,3
27752,0.104,-0.928,2.533,1.526,0.061,208.191,11.000,-7.000,-47.000,0.0520,0.9950,0.0246,-0.0818,494.17,186.43,35.25,11.12,81990.2,0,0.00,0.00,3
27772,0.035,-0.939,2.527,1.587,0.061,208.862,11.000,-4.000,-46.000,0.0520,0.9950,0.0246,-0.0818,497.80,187.03,35.10,11.12,81962.6,0,0.00,0.00,3
27792,-0.036,-0.949,2.522,1.648,-0.122,209.473,12.000,-4.000,-46.000,0.0520,0.9950,0.0246,-0.0818,501.43,187.62,34.95,11.12,81929.9,0,0.00,0.00,3
27812,-0.108,-0.951,2.519,1.587,-0.366,210.205,13.000,-4.000,-47.000,0.0520,0.9950,0.0246,-0.0818,505.09,188.22,34.79,11.12,81892.2,0,0.00,0.00,3
27832,-0.183,-0.944,2.510,1.587,-0.366,210.999,13.000,-4.000,-46.000,0.0520,0.9950,0.0246,-0.0818,508.75,188.81,34.59,11.12,81858.9,0,0.00,0.00,3
27852,-0.256,-0.932,2.502,1.404,-0.488,211.731,14.000,-5.000,-44.000,0.0520,0.9950,0.0246,-0.0818,512.42,189.40,34.38,11.12,81823.7,0,0.00,0.00,3
27872,-0.329,-0.909,2.494,1.221,-0.549,212.402,13.000,-1.000,-46.000,0.0520,0.9950,0.0246,-0.0818,516.10,189.97,34.16,11.12,81790.4,0,0.00,0.00,3
27892,-0.390,-0.884,2.484,1.038,-0.610,213.257,13.000,-2.000,-46.000,0.0520,0.9950,0.0246,-0.0818,519.81,190.56,33.94,11.12,81749.0,0,0.00,0.00,3
27916,-0.453,-0.853,2.474,0.732,-0.610,213.806,15.000,1.000,-45.000,0.0520,0.9950,0.0246,-0.0818,523.53,191.14,33.71,11.12,81716.0,0,0.00,0.00,3
27932,-0.513,-0.812,2.464,0.732,-0.671,214.417,13.000,3.000,-46.000,0.0520,0.9950,0.0246,-0.0818,527.28,191.74,33.48,11.12,81673.4,0,0.00,0.00,3
27952,-0.566,-0.771,2.456,0.671,-0.671,215.210,12.000,2.000,-46.000,0.0520,0.9950,0.0246,-0.0818,530.97,192.27,33.27,11.12,81658.1,0,0.00,0.00,3
27972,-0.618,-0.728,2.446,0.549,-0.610,215.881,13.000,2.000,-47.000,0.0520,0.9950,0.0246,-0.0818,534.73,192.84,33.05,11.12,81606.4,0,0.00,0.00,3
27992,-0.668,-0.682,2.438,0.549,-0.671,216.553,13.000,4.000,-47.000,0.0520,0.9950,0.0246,-0.0818,538.49,193.40,32.85,11.12,81575.0,0,0.00,0.00,3
28012,-0.715,-0.630,2.428,0.549,-0.671,217.346,13.000,5.000,-46.000,0.0520,0.9950,0.0246,-0.0818,542.25,193.95,32.63,11.12,81541.3,0,0.00,0.00,3
28032,-0.758,-0.576,2.420,0.610,-0.671,218.079,12.000,5.000,-47.000,0.0520,0.9950,0.0246,-0.0818,546.03,194.49,32.43,11.12,81504.0,0,0.00,0.00,3
28052,-0.799,-0.516,2.406,0.610,-0.916,218.567,11.000,7.000,-46.000,0.0520,0.9950,0.0246,-0.0818,549.83,195.05,32.17,11.12,81464.5,0,0.00,0.00,3
28072,-0.838,-0.454,2.401,0.671,-1.099,219.421,12.000,8.000,-47.000,0.0520,0.9950,0.0246,-0.0818,553.60,195.56,31.99,11.12,81439.0,0,0.00,0.00,3
28092,-0.874,-0.389,2.389,0.732,-1.160,220.032,9.000,8.000,-47.000,0.0520,0.9950,0.0246,-0.0818,557.40,196.09,31.76,11.12,81397.4,0,0.00,0.00,3
28112,-0.906,-0.317,2.378,0.671,-1.160,220.764,10.000,10.000,-44.000,0.0520,0.9950,0.0246,-0.0818,561.24,196.64,31.53,11.12,81354.9,0,0.00,0.00,3
28132,-0.926,-0.246,2.364,0.488,-1.343,221.375,9.000,11.000,-46.000,0.0520,0.9950,0.0246,-0.0818,565.10,197.19,31.29,11.12,81315.5,0,0.00,0.00,3
28152,-0.946,-0.170,2.352,0.427,-1.404,222.107,8.000,10.000,-47.000,0.0520,0.9950,0.0246,-0.0818,568.95,197.71,31.07,11.12,81285.3,0,0.00,0.00,3
28172,-0.958,-0.095,2.339,0.305,-1.282,222.778,7.000,10.000,-46.000,0.0520,0.9950,0.0246,-0.0818,572.76,198.19,30.86,11.12,81260.0,0,0.00,0.00,3
28192,-0.964,-0.023,2.325,0.244,-1.343,223.572,7.000,11.000,-46.000,0.0520,0.9950,0.0246,-0.0818,576.63,198.72,30.63,11.12,81210.7,0,0.00,0.00,3
28212,-0.962,0.053,2.309,0.122,-1.160,224.182,4.000,13.000,-46.000,0.0520,0.9950,0.0246,-0.0818,580.57,199.28,30.41,11.12,81160.8,0,0.00,0.00,3
28232,-0.954,0.129,2.294,0.061,-1.099,224.854,5.000,12.000,-47.000,0.0520,0.9950,0.0246,-0.0818,584.44,199.77,30.21,11.12,81143.7,0,0.00,0.00,3
28252,-0.943,0.202,2.291,-0.061,-1.099,225.525,3.000,14.000,-46.000,0.0520,0.9950,0.0246,-0.0818,588.35,200.29,30.13,11.12,81097.4,0,0.00,0.00,3
28272,-0.925,0.274,2.285,-0.244,-0.855,226.074,3.000,11.000,-46.000,0.0520,0.9950,0.0246,-0.0818,592.23,200.77,30.02,11.12,81073.3,0,0.00,0.00,3
28292,-0.897,0.346,2.283,-0.183,-0.977,226.807,-1.000,14.000,-46.000,0.0520,0.9950,0.0246,-0.0818,596.21,201.33,29.98,11.12,81011.2,0,0.00,0.00,3
28312,-0.874,0.415,2.274,-0.061,-0.732,227.539,1.000,13.000,-47.000,0.0520,0.9950,0.0246,-0.0818,600.11,201.81,29.87,11.12,80996.6,0,0.00,0.00,3
28332,-0.836,0.485,2.271,-0.122,-0.793,228.088,-1.000,13.000,-46.000,0.0520,0.9950,0.0246,-0.0818,604.10,202.35,29.83,11.12,80941.1,0,0.00,0.00,3
28352,-0.795,0.548,2.266,-0.183,-0.732,228.638,-1.000,12.000,-46.000,0.0520,0.9950,0.0246,-0.0818,608.07,202.88,29.79,11.12,80909.4,0,0.00,0.00,3
28372,-0.749,0.610,2.261,-0.244,-0.610,229.370,-4.000,13.000,-46.000,0.0520,0.9950,0.0246,-0.0818,612.08,203.42,29.75,11.12,80866.9,0,0.00,0.00,3
28392,-0.699,0.672,2.253,-0.427,-0.793,230.042,-4.000,14.000,-46.000,0.0520,0.9950,0.0246,-0.0818,616.12,203.99,29.70,11.12,80820.3,0,0.00,0.00,3
28412,-0.640,0.724,2.249,-0.488,-0.793,230.713,-4.000,13.000,-46.000,0.0520,0.9950,0.0246,-0.0818,620.20,204.57,29.70,11.12,80777.9,0,0.00,0.00,3
28432,-0.582,0.773,2.241,-0.549,-0.793,231.445,-7.000,13.000,-45.000,0.0520,0.9950,0.0246,-0.0818,624.21,205.08,29.67,11.12,80758.6,0,0.00,0.00,3
28452,-0.517,0.817,2.230,-0.732,-0.671,232.056,-7.000,11.000,-46.000,0.0520,0.9950,0.0246,-0.0818,628.22,205.59,29.63,11.12,80723.7,0,0.00,0.00,3
28472,-0.451,0.856,2.221,-0.732,-0.610,232.666,-9.000,11.000,-46.000,0.0520,0.9950,0.0246,-0.0818,632.26,206.11,29.61,11.12,80681.1,0,0.00,0.00,3
28492,-0.381,0.890,2.212,-0.855,-0.671,233.398,-8.000,10.000,-46.000,0.0520,0.9950,0.0246,-0.0818,636.32,206.63,29.61,11.12,80641.4,0,0.00,0.00,3
28512,-0.308,0.918,2.201,-0.793,-0.366,234.009,-11.000,9.000,-47.000,0.0520,0.9950,0.0246,-0.0818,640.37,207.14,29.59,11.12,80607.5,0,0.00,0.00,3
28532,-0.234,0.941,2.188,-0.793,-0.427,234.619,-11.000,8.000,-46.000,0.0520,0.9950,0.0246,-0.0818,644.48,207.70,29.56,11.12,80556.8,0,0.00,0.00,3
28552,-0.155,0.957,2.182,-0.671,-0.183,235.168,-10.000,7.000,-46.000,0.0520,0.9950,0.0246,-0.0818,648.58,208.24,29.62,11.12,80521.8,0,0.00,0.00,3
28572,-0.076,0.966,2.171,-0.732,-0.183,235.962,-11.000,8.000,-47.000,0.0520,0.9950,0.0246,-0.0818,652.64,208.73,29.63,11.12,80497.6,0,0.00,0.00,3
28592,0.000,0.972,2.160,-0.671,-0.183,236.572,-12.000,8.000,-46.000,0.0520,0.9950,0.0246,-0.0818,656.76,209.26,29.64,11.12,80448.2,0,0.00,0.00,3
28612,0.084,0.968,2.146,-0.610,-0.061,237.122,-13.000,4.000,-47.000,0.0520,0.9950,0.0246,-0.0818,660.86,209.77,29.65,11.12,80414.4,0,0.00,0.00,3
28632,0.164,0.958,2.133,-0.610,0.000,237.732,-13.000,4.000,-46.000,0.0520,0.9950,0.0246,-0.0818,665.00,210.30,29.66,11.12,80370.2,0,0.00,0.00,3
28655,0.243,0.941,2.125,-0.488,0.122,238.342,-13.000,4.000,-47.000,0.0520,0.9950,0.0246,-0.0818,669.15,210.84,29.73,11.12,80328.8,0,0.00,0.00,3
28672,0.320,0.915,2.112,-0.549,-0.061,239.014,-14.000,1.000,-46.000,0.0520,0.9950,0.0246,-0.0818,673.31,211.38,29.75,11.12,80292.5,0,0.00,0.00,3
28692,0.402,0.884,2.110,-0.549,0.122,239.746,-14.000,1.000,-46.000,0.0520,0.9950,0.0246,-0.0818,677.47,211.91,29.90,11.12,80255.0,0,0.00,0.00,3
28712,0.474,0.847,2.096,-0.549,0.305,240.295,-14.000,0.000,-46.000,0.0520,0.9950,0.0246,-0.0818,681.66,212.46,29.91,11.12,80211.5,0,0.00,0.00,3
28732,0.545,0.805,2.083,-0.549,0.305,240.967,-12.000,0.000,-46.000,0.0520,0.9950,0.0246,-0.0818,685.83,212.97,29.95,11.12,80180.6,0,0.00,0.00,3
28752,0.609,0.757,2.073,-0.549,0.244,241.516,-13.000,-4.000,-47.000,0.0520,0.9950,0.0246,-0.0818,690.05,213.53,30.00,11.12,80130.4,0,0.00,0.00,3
28772,0.670,0.705,2.060,-0.427,0.549,242.065,-14.000,-4.000,-47.000,0.0520,0.9950,0.0246,-0.0818,694.26,214.07,30.02,11.12,80095.4,0,0.00,0.00,3
28792,0.726,0.645,2.051,-0.488,0.610,242.676,-14.000,-5.000,-46.000,0.0520,0.9950,0.0246,-0.0818,698.46,214.59,30.09,11.12,80062.9,0,0.00,0.00,3
28812,0.779,0.586,2.039,-0.427,0.610,243.286,-11.000,-5.000,-46.000,0.0520,0.9950,0.0246,-0.0818,702.69,215.13,30.12,11.12,80017.3,0,0.00,0.00,3
28832,0.830,0.523,2.033,-0.305,0.610,243.958,-11.000,-8.000,-46.000,0.0520,0.9950,0.0246,-0.0818,706.97,215.71,30.20,11.12,79968.5,0,0.00,0.00,3
28852,0.877,0.456,2.025,-0.183,0.549,244.507,-10.000,-9.000,-46.000,0.0520,0.9950,0.0246,-0.0818,711.24,216.27,30.27,11.12,79933.1,0,0.00,0.00,3
28872,0.917,0.381,2.017,-0.183,0.366,245.178,-11.000,-8.000,-46.000,0.0520,0.9950,0.0246,-0.0818,715.54,216.85,30.33,11.12,79888.8,0,0.00,0.00,3
28892,0.950,0.303,2.006,-0.122,0.244,245.850,-10.000,-11.000,-46.000,0.0520,0.9950,0.0246,-0.0818,719.79,217.37,30.35,11.12,79864.8,0,0.00,0.00,3
28912,0.974,0.217,1.998,0.000,0.061,246.338,-10.000,-11.000,-46.000,0.0520,0.9950,0.0246,-0.0818,724.02,217.86,30.40,11.12,79831.8,0,0.00,0.00,3
28932,0.984,0.131,1.986,0.122,0.000,246.826,-9.000,-11.000,-46.000,0.0520,0.9950,0.0246,-0.0818,728.27,218.36,30.38,11.12,79790.1,0,0.00,0.00,3
28952,0.986,0.043,1.971,0.000,0.061,247.437,-5.000,-11.000,-46.000,0.0520,0.9950,0.0246,-0.0818,732.54,218.87,30.33,11.12,79749.3,0,0.00,0.00,3
28972,0.979,-0.044,1.954,0.000,-0.061,247.864,-5.000,-11.000,-46.000,0.0520,0.9950,0.0246,-0.0818,736.81,219.37,30.24,11.12,79710.1,0,0.00,0.00,3
28992,0.966,-0.128,1.935,-0.061,0.000,248.657,-4.000,-13.000,-46.000,0.0520,0.9950,0.0246,-0.0818,741.08,219.86,30.12,11.12,79672.8,0,0.00,0.00,3
29012,0.944,-0.208,1.922,0.122,0.061,249.207,-4.000,-14.000,-46.000,0.0520,0.9950,0.0246,-0.0818,745.33,220.32,30.03,11.12,79640.5,0,0.00,0.00,3
29032,0.921,-0.288,1.904,0.122,0.183,249.634,-2.000,-13.000,-46.000,0.0520,0.9950,0.0246,-0.0818,749.55,220.74,29.90,11.12,79611.4,0,0.00,0.00,3
29052,0.889,-0.363,1.890,0.244,0.366,250.305,-2.000,-13.000,-47.000,0.0520,0.9950,0.0246,-0.0818,753.80,221.17,29.79,11.12,79565.9,0,0.00,0.00,3
29072,0.856,-0.440,1.875,0.366,0.305,250.793,0.000,-13.000,-46.000,0.0520,0.9950,0.0246,-0.0818,758.03,221.58,29.66,11.12,79533.6,0,0.00,0.00,3
29092,0.821,-0.518,1.858,0.366,0.366,251.404,1.000,-13.000,-46.000,0.0520,0.9950,0.0246,-0.0818,762.26,221.98,29.52,11.12,79496.6,0,0.00,0.00,3
29112,0.778,-0.593,1.846,0.549,0.427,251.953,1.000,-14.000,-46.000,0.0520,0.9950,0.0246,-0.0818,766.53,222.40,29.41,11.12,79451.5,0,0.00,0.00,3
29132,0.724,-0.664,1.831,0.549,0.366,252.563,4.000,-12.000,-45.000,0.0520,0.9950,0.0246,-0.0818,770.77,222.79,29.24,11.12,79417.4,0,0.00,0.00,3
29152,0.665,-0.731,1.813,0.610,0.366,253.052,5.000,-11.000,-44.000,0.0520,0.9950,0.0246,-0.0818,774.99,223.14,29.04,11.12,79387.4,0,0.00,0.00,3
29172,0.598,-0.792,1.800,0.549,0.244,253.601,5.000,-13.000,-46.000,0.0520,0.9950,0.0246,-0.0818,779.26,223.54,28.87,11.12,79335.0,0,0.00,0.00,3
29192,0.527,-0.844,1.780,0.488,0.244,254.028,8.000,-12.000,-46.000,0.0520,0.9950,0.0246,-0.0818,783.52,223.91,28.62,11.12,79301.8,0,0.00,0.00,3
29212,0.449,-0.887,1.768,0.488,0.183,254.578,7.000,-11.000,-46.000,0.0520,0.9950,0.0246,-0.0818,787.81,224.30,28.41,11.12,79255.5,0,0.00,0.00,3
29232,0.368,-0.923,1.729,0.305,0.061,255.188,7.000,-11.000,-44.000,0.0520,0.9950,0.0246,-0.0818,792.07,224.63,27.94,11.12,79227.7,0,0.00,0.00,3
29252,0.286,-0.948,1.693,0.366,0.061,255.615,10.000,-7.000,-47.000,0.0520,0.9950,0.0246,-0.0818,796.33,224.96,27.49,11.12,79187.8,0,0.00,0.00,3
29272,0.202,-0.965,1.658,0.366,0.061,256.165,11.000,-8.000,-46.000,0.0520,0.9950,0.0246,-0.0818,800.62,225.31,27.03,11.12,79140.6,0,0.00,0.00,3
29292,0.118,-0.978,1.624,0.427,0.183,256.714,10.000,-7.000,-46.000,0.0520,0.9950,0.0246,-0.0818,804.88,225.60,26.58,11.12,79112.5,0,0.00,0.00,3
29312,0.031,-0.983,1.589,0.427,0.122,257.263,11.000,-7.000,-45.000,0.0520,0.9950,0.0246,-0.0818,809.14,225.89,26.11,11.12,79073.6,0,0.00,0.00,3
29332,-0.054,-0.979,1.556,0.366,0.000,257.629,14.000,-5.000,-44.000,0.0520,0.9950,0.0246,-0.0818,813.44,226.20,25.65,11.12,79024.8,0,0.00,0.00,3
29352,-0.138,-0.969,1.522,0.549,-0.122,258.179,12.000,-4.000,-47.000,0.0520,0.9950,0.0246,-0.0818,817.70,226.45,25.18,11.12,78997.3,0,0.00,0.00,3
29372,-0.226,-0.955,1.459,0.549,-0.183,258.728,13.000,-3.000,-47.000,0.0520,0.9950,0.0246,-0.0818,821.91,226.63,24.42,11.12,78973.8,0,0.00,0.00,3
29392,-0.313,-0.932,1.399,0.610,-0.244,259.155,13.000,-2.000,-46.000,0.0520,0.9950,0.0246,-0.0818,826.18,226.86,23.67,11.12,78916.5,0,0.00,0.00,3
29415,-0.399,-0.902,1.337,0.610,-0.305,259.644,13.000,0.000,-45.000,0.0520,0.9950,0.0246,-0.0818,830.45,227.06,22.91,11.12,78881.6,0,0.00,0.00,3
29432,-0.482,-0.861,1.271,0.671,-0.305,260.010,14.000,0.000,-46.000,0.0520,0.9950,0.0246,-0.0818,834.69,227.22,22.10,11.12,78848.3,0,0.00,0.00,3
29452,-0.563,-0.815,1.208,0.671,-0.366,260.437,12.000,2.000,-46.000,0.0520,0.9950,0.0246,-0.0818,838.96,227.39,21.32,11.12,78802.2,0,0.00,0.00,3
29472,-0.635,-0.761,1.145,0.671,-0.366,260.864,14.000,4.000,-45.000,0.0520,0.9950,0.0246,-0.0818,843.21,227.52,20.54,11.12,78769.8,0,0.00,0.00,3
29492,-0.704,-0.698,1.079,0.488,-0.549,261.230,13.000,4.000,-47.000,0.0520,0.9950,0.0246,-0.0818,847.48,227.65,19.73,11.12,78726.6,0,0.00,0.00,3
29512,-0.765,-0.632,0.980,0.549,-0.366,261.658,13.000,4.000,-46.000,0.0520,0.9950,0.0246,-0.0818,851.74,227.74,18.61,11.12,78689.4,0,0.00,0.00,3
29532,-0.819,-0.562,0.876,0.488,-0.366,262.085,13.000,7.000,-45.000,0.0520,0.9950,0.0246,-0.0818,855.99,227.81,17.46,11.12,78652.3,0,0.00,0.00,3
29552,-0.864,-0.485,0.767,0.305,-0.305,262.451,11.000,7.000,-46.000,0.0520,0.9950,0.0246,-0.0818,860.26,227.86,16.26,11.12,78610.9,0,0.00,0.00,3
29572,-0.904,-0.406,0.670,0.305,-0.366,262.756,13.000,8.000,-46.000,0.0520,0.9950,0.0246,-0.0818,864.55,227.92,15.18,11.12,78564.0,0,0.00,0.00,3
29592,-0.936,-0.323,0.563,0.366,-0.244,262.939,8.000,10.000,-46.000,0.0520,0.9950,0.0246,-0.0818,868.77,227.88,14.02,11.12,78543.0,0,0.00,0.00,3
29612,-0.962,-0.239,0.456,0.244,-0.427,263.245,8.000,11.000,-46.000,0.0520,0.9950,0.0246,-0.0818,873.00,227.83,12.86,11.12,78502.6,0,0.00,0.00,3
29632,-0.980,-0.147,0.354,0.244,-0.488,263.550,8.000,10.000,-46.000,0.0520,0.9950,0.0246,-0.0818,877.31,227.83,11.77,11.12,78442.7,0,0.00,0.00,3
29652,-0.991,-0.060,0.277,0.122,-0.610,263.794,7.000,12.000,-47.000,0.0520,0.9950,0.0246,-0.0818,881.57,227.78,10.92,11.12,78413.8,0,0.00,0.00,3
29672,-0.991,0.032,0.202,0.244,-0.427,264.099,7.000,10.000,-46.000,0.0520,0.9950,0.0246,-0.0818,885.84,227.71,10.11,11.12,78373.3,0,0.00,0.00,3
29692,-0.983,0.126,0.128,0.122,-0.671,264.282,4.000,13.000,-45.000,0.0520,0.9950,0.0246,-0.0818,890.10,227.61,9.33,11.12,78338.2,0,0.00,0.00,3
29712,-0.968,0.213,0.058,0.061,-0.549,264.465,4.000,13.000,-47.000,0.0520,0.9950,0.0246,-0.0818,894.29,227.45,8.59,11.12,78312.2,0,0.00,0.00,3
29732,-0.946,0.302,-0.019,0.000,-0.549,264.526,4.000,14.000,-46.000,0.0520,0.9950,0.0246,-0.0818,898.54,227.33,7.80,11.12,78260.6,0,0.00,0.00,3
29752,-0.912,0.389,-0.092,-0.061,-0.549,264.648,2.000,13.000,-46.000,0.0520,0.9950,0.0246,-0.0818,902.81,227.21,7.06,11.12,78215.8,0,0.00,0.00,3
29772,-0.872,0.472,-0.167,-0.122,-0.610,264.832,0.000,13.000,-46.000,0.0520,0.9950,0.0246,-0.0818,907.04,227.05,6.33,11.12,78183.8,0,0.00,0.00,3
29792,-0.827,0.548,-0.218,-0.061,-0.427,265.076,-2.000,14.000,-47.000,0.0520,0.9950,0.0246,-0.0818,911.32,226.92,5.83,11.12,78133.4,0,0.00,0.00,3
29812,-0.772,0.623,-0.264,-0.122,-0.549,265.076,-3.000,14.000,-47.000,0.0520,0.9950,0.0246,-0.0818,915.57,226.75,5.41,11.12,78101.9,0,0.00,0.00,3
29832,-0.710,0.694,-0.311,-0.183,-0.427,265.198,-4.000,13.000,-46.000,0.0520,0.9950,0.0246,-0.0818,919.80,226.57,4.99,11.12,78066.1,0,0.00,0.00,3
29852,-0.646,0.754,-0.357,-0.122,-0.305,265.259,-5.000,12.000,-46.000,0.0520,0.9950,0.0246,-0.0818,924.03,226.38,4.58,11.12,78026.6,0,0.00,0.00,3
29872,-0.571,0.811,-0.404,-0.183,-0.366,265.320,-6.000,13.000,-45.000,0.0520,0.9950,0.0246,-0.0818,928.28,226.20,4.20,11.12,77981.4,0,0.00,0.00,3
29892,-0.495,0.861,-0.452,-0.183,-0.427,265.442,-7.000,13.000,-46.000,0.0520,0.9950,0.0246,-0.0818,932.45,225.95,3.81,11.12,77961.8,0,0.00,0.00,3
29912,-0.412,0.903,-0.499,-0.244,-0.305,265.442,-8.000,11.000,-45.000,0.0520,0.9950,0.0246,-0.0818,936.73,225.79,3.46,11.12,77895.2,0,0.00,0.00,3
29932,-0.327,0.935,-0.544,-0.244,-0.305,265.564,-10.000,8.000,-45.000,0.0520,0.9950,0.0246,-0.0818,940.96,225.59,3.13,11.12,77866.6,0,0.00,0.00,3
29952,-0.236,0.965,-0.591,-0.305,-0.427,265.564,-11.000,10.000,-46.000,0.0520,0.9950,0.0246,-0.0818,945.22,225.42,2.79,11.12,77819.8,0,0.00,0.00,3
29972,-0.150,0.981,-0.632,-0.244,-0.183,265.625,-11.000,6.000,-47.000,0.0520,0.9950,0.0246,-0.0818,949.44,225.20,2.52,11.12,77791.4,0,0.00,0.00,3
29992,-0.056,0.990,-0.679,-0.305,-0.183,265.503,-11.000,7.000,-47.000,0.0520,0.9950,0.0246,-0.0818,953.68,225.00,2.21,11.12,77745.3,0,0.00,0.00,3
30012,0.033,0.991,-0.724,-0.427,-0.366,265.625,-13.000,6.000,-45.000,0.0520,0.9950,0.0246,-0.0818,957.91,224.78,1.93,11.12,77710.2,0,0.00,0.00,3
30032,0.124,0.985,-0.769,-0.366,-0.061,265.747,-11.000,7.000,-46.000,0.0520,0.9950,0.0246,-0.0818,962.10,224.53,1.65,11.12,77678.7,0,0.00,0.00,3
30052,0.215,0.969,-0.809,-0.427,-0.122,265.564,-13.000,3.000,-46.000,0.0520,0.9950,0.0246,-0.0818,966.37,224.35,1.43,11.12,77619.2,0,0.00,0.00,3
30072,0.308,0.945,-0.842,-0.427,-0.183,265.625,-13.000,2.000,-47.000,0.0520,0.9950,0.0246,-0.0818,970.61,224.15,1.28,11.12,77587.7,0,0.00,0.00,3
30092,0.391,0.915,-0.876,-0.366,-0.061,265.503,-14.000,1.000,-46.000,0.0520,0.9950,0.0246,-0.0818,974.89,223.98,1.11,11.12,77538.6,0,0.00,0.00,3
30112,0.475,0.876,-0.910,-0.366,0.061,265.625,-14.000,1.000,-46.000,0.0520,0.9950,0.0246,-0.0818,979.09,223.74,0.96,11.12,77517.1,0,0.00,0.00,3
30132,0.554,0.827,-0.939,-0.366,0.122,265.503,-14.000,-1.000,-46.000,0.0520,0.9950,0.0246,-0.0818,983.32,223.53,0.86,11.12,77470.4,0,0.00,0.00,3
30152,0.627,0.771,-0.972,-0.366,0.061,265.503,-14.000,-1.000,-46.000,0.0520,0.9950,0.0246,-0.0818,987.53,223.30,0.72,11.12,77435.7,0,0.00,0.00,3
30175,0.697,0.710,-1.006,-0.305,0.061,265.320,-13.000,-4.000,-45.000,0.0520,0.9950,0.0246,-0.0818,991.77,223.10,0.56,11.12,77390.4,0,0.00,0.00,3
30192,0.758,0.639,-1.038,-0.305,0.061,265.259,-11.000,-5.000,-46.000,0.0520,0.9950,0.0246,-0.0818,996.02,222.91,0.42,11.12,77348.0,0,0.00,0.00,3
30212,0.815,0.569,-1.058,-0.183,0.122,265.259,-12.000,-7.000,-45.000,0.0520,0.9950,0.0246,-0.0818,1000.27,222.73,0.40,11.12,77306.7,0,0.00,0.00,3
30232,0.862,0.491,-1.074,-0.305,0.183,265.198,-11.000,-8.000,-45.000,0.0520,0.9950,0.0246,-0.0818,1004.48,222.50,0.39,11.12,77279.5,0,0.00,0.00,3
30252,0.905,0.406,-1.097,-0.244,0.305,265.076,-11.000,-7.000,-46.000,0.0520,0.9950,0.0246,-0.0818,1008.72,222.32,0.32,11.12,77229.9,0,0.00,0.00,3
30272,0.939,0.324,-1.110,-0.244,0.244,265.015,-10.000,-8.000,-46.000,0.0520,0.9950,0.0246,-0.0818,1012.91,222.09,0.33,11.12,77204.8,0,0.00,0.00,3
30292,0.965,0.237,-1.126,-0.183,0.366,264.954,-10.000,-10.000,-46.000,0.0520,0.9950,0.0246,-0.0818,1017.15,221.90,0.31,11.12,77153.6,0,0.00,0.00,3
30312,0.985,0.147,-1.145,-0.244,0.366,264.709,-8.000,-11.000,-46.000,0.0520,0.9950,0.0246,-0.0818,1021.41,221.74,0.25,11.12,77109.1,0,0.00,0.00,3
30332,0.993,0.053,-1.164,-0.061,0.244,264.648,-8.000,-13.000,-46.000,0.0520,0.9950,0.0246,-0.0818,1025.61,221.53,0.00,11.12,77082.7,0,0.00,0.00,3
30352,0.998,-0.039,-1.178,-0.061,0.244,264.587,-5.000,-13.000,-45.000,0.0520,0.9950,0.0246,-0.0818,1029.87,221.37,0.00,11.12,77029.4,0,0.00,0.00,3
30372,0.990,-0.129,-1.195,0.000,0.305,264.587,-4.000,-14.000,-46.000,0.0520,0.9950,0.0246,-0.0818,1034.11,221.19,0.00,11.12,76996.5,0,0.00,0.00,3
30392,0.975,-0.219,-1.206,0.000,0.427,264.404,-4.000,-14.000,-46.000,0.0520,0.9950,0.0246,-0.0818,1038.34,221.02,0.00,11.12,76957.8,0,0.00,0.00,3
30412,0.949,-0.311,-1.219,0.061,0.305,264.343,-3.000,-13.000,-47.000,0.0520,0.9950,0.0246,-0.0818,1042.59,220.85,0.00,11.12,76915.5,0,0.00,0.00,3
30432,0.913,-0.396,-1.236,0.061,0.366,264.221,-2.000,-16.000,-46.000,0.0520,0.9950,0.0246,-0.0818,1046.84,220.70,-0.22,11.12,76874.9,0,0.00,0.00,3
30452,0.877,-0.478,-1.250,0.061,0.366,264.038,1.000,-14.000,-46.000,0.0520,0.9950,0.0246,-0.0818,1051.04,220.49,-0.33,11.12,76849.3,0,0.00,0.00,3
30472,0.826,-0.555,-1.263,0.183,0.366,264.038,2.000,-13.000,-47.000,0.0520,0.9950,0.0246,-0.0818,1055.22,220.26,-0.46,11.12,76815.2,0,0.00,0.00,3
30492,0.776,-0.630,-1.277,0.244,0.305,263.794,2.000,-14.000,-46.000,0.0520,0.9950,0.0246,-0.0818,1059.42,220.06,-0.61,11.12,76770.7,0,0.00,0.00,3
30512,0.713,-0.698,-1.289,0.305,0.305,263.733,2.000,-13.000,-46.000,0.0520,0.9950,0.0246,-0.0818,1063.63,219.87,-0.76,11.12,76729.4,0,0.00,0.00,3
30532,0.647,-0.761,-1.306,0.244,0.244,263.611,2.000,-13.000,-46.000,0.0520,0.9950,0.0246,-0.0818,1067.89,219.72,-0.96,11.12,76678.6,0,0.00,0.00,3
30552,0.575,-0.820,-1.318,0.244,0.366,263.489,7.000,-12.000,-45.000,0.0520,0.9950,0.0246,-0.0818,1072.13,219.56,-1.14,11.12,76641.9,0,0.00,0.00,3
30572,0.493,-0.866,-1.333,0.305,0.122,263.428,7.000,-12.000,-45.000,0.0520,0.9950,0.0246,-0.0818,1076.31,219.33,-1.38,11.12,76620.6,0,0.00,0.00,3
30592,0.416,-0.911,-1.348,0.427,0.122,263.123,8.000,-10.000,-47.000,0.0520,0.9950,0.0246,-0.0818,1080.54,219.15,-1.60,11.12,76569.1,0,0.00,0.00,3
30612,0.329,-0.944,-1.362,0.427,0.183,263.000,8.000,-11.000,-45.000,0.0520,0.9950,0.0246,-0.0818,1084.78,218.98,-1.84,11.12,76526.6,0,0.00,0.00,3
30632,0.239,-0.970,-1.370,0.427,0.122,262.878,8.000,-8.000,-45.000,0.0520,0.9950,0.0246,-0.0818,1088.99,218.79,-2.04,11.12,76494.2,0,0.00,0.00,3
30652,0.151,-0.990,-1.380,0.366,0.122,262.756,10.000,-8.000,-47.000,0.0520,0.9950,0.0246,-0.0818,1093.20,218.59,-2.27,11.12,76455.7,0,0.00,0.00,3
30672,0.059,-1.002,-1.388,0.488,0.000,262.634,11.000,-7.000,-46.000,0.0520,0.9950,0.0246,-0.0818,1097.41,218.39,-2.48,11.12,76418.4,0,0.00,0.00,3
30692,-0.035,-1.002,-1.400,0.427,0.061,262.451,11.000,-5.000,-46.000,0.0520,0.9950,0.0246,-0.0818,1101.59,218.16,-2.75,11.12,76386.2,0,0.00,0.00,3
30712,-0.125,-0.994,-1.411,0.427,0.061,262.451,11.000,-6.000,-46.000,0.0520,0.9950,0.0246,-0.0818,1105.77,217.93,-3.00,11.12,76346.9,0,0.00,0.00,4
30743,-0.212,-0.981,-1.419,0.366,-0.183,262.207,14.000,-5.000,-46.000,0.0480,0.9928,0.0700,-0.0841,1109.93,217.68,-3.40,11.11,76312.5,0,0.00,0.00,5
30753,-0.300,-0.956,-1.429,0.488,-0.183,262.024,14.000,-3.000,-46.000,0.0439,0.9886,0.1153,-0.0862,1114.15,217.48,-3.85,11.10,76260.3,0,0.00,0.23,5
30773,-0.387,-0.926,-1.439,0.488,-0.183,261.780,14.000,-1.000,-46.000,0.0397,0.9823,0.1603,-0.0881,1118.40,217.29,-4.30,11.09,76215.0,0,0.00,0.23,5
30793,-0.472,-0.889,-1.451,0.427,-0.061,261.658,14.000,-1.000,-47.000,0.0354,0.9740,0.2049,-0.0899,1122.58,217.05,-4.75,11.09,76191.0,0,0.00,0.23,5
30812,-0.551,-0.840,-1.458,0.427,-0.183,261.536,13.000,1.000,-47.000,0.0311,0.9636,0.2491,-0.0915,1126.82,216.85,-5.14,11.09,76138.9,0,0.00,0.23,5
30833,-0.625,-0.788,-1.467,0.427,-0.244,261.353,14.000,2.000,-46.000,0.0266,0.9513,0.2928,-0.0929,1131.07,216.67,-5.52,11.09,76094.9,0,0.00,0.23,5
30852,-0.691,-0.728,-1.475,0.488,-0.244,261.230,13.000,4.000,-46.000,0.0222,0.9370,0.3358,-0.0941,1135.28,216.44,-5.84,11.09,76068.0,0,0.00,0.23,5
30873,-0.757,-0.663,-1.487,0.427,-0.305,261.047,11.000,3.000,-45.000,0.0177,0.9207,0.3781,-0.0951,1139.48,216.19,-6.16,11.10,76033.0,0,0.00,0.23,5
30893,-0.816,-0.591,-16.000,-1.404,0.610,257.385,13.000,7.000,-47.000,0.0136,0.9028,0.4190,-0.0957,1143.64,213.15,-145.96,11.10,75993.6,0,0.00,0.22,5
30916,-0.865,-0.517,-1.509,0.427,-0.366,260.681,13.000,8.000,-47.000,0.0090,0.8828,0.4596,-0.0964,1147.75,212.88,-6.59,11.11,75963.2,0,0.00,0.22,5
30933,-0.908,-0.433,-1.527,0.305,-0.305,260.681,13.000,8.000,-47.000,0.0045,0.8610,0.4992,-0.0968,1151.91,212.64,-6.79,11.12,75913.8,0,0.00,0.22,5
30953,-0.945,-0.350,-1.541,0.244,-0.427,260.315,10.000,8.000,-46.000,-0.0000,0.8375,0.5378,-0.0970,1156.09,212.44,-6.88,11.13,75869.0,0,0.00,0.22,5
30973,-0.972,-0.262,-1.553,0.183,-0.366,260.193,8.000,11.000,-44.000,-0.0045,0.8123,0.5752,-0.0970,1160.27,212.24,-6.89,11.14,75830.7,0,0.00,0.22,5
30993,-0.992,-0.175,-1.567,0.244,-0.549,259.949,10.000,11.000,-47.000,-0.0090,0.7854,0.6114,-0.0967,1164.43,212.03,-6.87,11.15,75796.5,0,0.00,0.22,5
31013,-1.003,-0.084,-1.581,0.122,-0.549,259.766,8.000,11.000,-47.000,-0.0134,0.7569,0.6463,-0.0963,1168.56,211.79,-6.78,11.16,75766.7,0,0.00,0.22,5
31033,-1.007,0.004,-1.598,0.183,-0.427,259.583,6.000,10.000,-46.000,-0.0177,0.7269,0.6798,-0.0957,1172.69,211.56,-6.70,11.17,75728.3,0,0.00,0.22,5
31052,-1.004,0.097,-1.606,0.122,-0.549,259.521,6.000,14.000,-46.000,-0.0220,0.6954,0.7120,-0.0948,1176.85,211.37,-6.48,11.17,75681.9,0,0.00,0.22,5
31073,-0.993,0.188,-1.613,-0.122,-0.549,259.216,3.000,12.000,-46.000,-0.0262,0.6626,0.7426,-0.0937,1181.01,211.18,-6.22,11.17,75644.3,0,0.00,0.22,5
31092,-0.970,0.274,-1.624,0.000,-0.549,259.033,1.000,13.000,-46.000,-0.0303,0.6284,0.7718,-0.0924,1185.16,210.99,-5.99,11.16,75610.2,0,0.00,0.22,5
31112,-0.941,0.363,-1.629,0.000,-0.488,258.850,1.000,13.000,-46.000,-0.0344,0.5930,0.7993,-0.0908,1189.29,210.79,-5.70,11.15,75576.8,0,0.00,0.22,5
31133,-0.906,0.445,-1.642,-0.183,-0.488,258.728,1.000,13.000,-46.000,-0.0384,0.5564,0.8253,-0.0891,1193.47,210.65,-5.48,11.13,75527.0,0,0.00,0.22,5
31153,-0.864,0.527,-1.651,-0.122,-0.427,258.484,-2.000,13.000,-46.000,-0.0423,0.5187,0.8495,-0.0871,1197.61,210.48,-5.25,11.11,75496.3,0,0.00,0.22,5
31173,-0.811,0.602,-1.656,-0.183,-0.488,258.301,-2.000,14.000,-47.000,-0.0461,0.4799,0.8720,-0.0850,1201.81,210.37,-5.01,11.09,75446.7,0,0.00,0.22,5
31193,-0.754,0.671,-1.668,-0.183,-0.549,258.057,-3.000,13.000,-46.000,-0.0498,0.4402,0.8927,-0.0826,1205.97,210.23,-4.87,11.07,75417.9,0,0.00,0.22,5
31213,-0.690,0.736,-1.682,-0.183,-0.549,257.812,-5.000,13.000,-47.000,-0.0535,0.3997,0.9116,-0.0801,1210.15,210.11,-4.79,11.05,75375.4,0,0.00,0.22,5
31233,-0.623,0.795,-1.689,-0.305,-0.549,257.568,-4.000,11.000,-45.000,-0.0570,0.3584,0.9286,-0.0774,1214.27,209.95,-4.70,11.03,75349.9,0,0.00,0.22,5
31253,-0.545,0.847,-1.697,-0.183,-0.305,257.385,-5.000,11.000,-46.000,-0.0604,0.3164,0.9438,-0.0746,1218.37,209.76,-4.69,11.02,75320.3,0,0.00,0.22,5
31273,-0.472,0.896,-1.711,-0.244,-0.427,257.263,-7.000,11.000,-47.000,-0.0636,0.2738,0.9570,-0.0716,1222.57,209.67,-4.77,11.00,75257.9,0,0.00,0.22,5
31293,-0.388,0.934,-1.719,-0.366,-0.305,257.019,-10.000,11.000,-46.000,-0.0668,0.2306,0.9683,-0.0685,1226.75,209.56,-4.87,10.98,75223.2,0,0.00,0.23,5
31312,-0.303,0.964,-1.730,-0.366,-0.366,256.775,-10.000,10.000,-46.000,-0.0698,0.1870,0.9777,-0.0652,1230.92,209.44,-5.06,10.96,75189.8,0,0.00,0.23,5
31332,-0.215,0.986,-1.739,-0.427,-0.244,256.592,-10.000,9.000,-46.000,-0.0726,0.1431,0.9851,-0.0618,1235.07,209.30,-5.29,10.94,75156.8,0,0.00,0.23,5
31353,-0.127,1.004,-1.743,-0.488,-0.183,256.226,-11.000,8.000,-47.000,-0.0753,0.0990,0.9905,-0.0583,1239.23,209.17,-5.52,10.93,75116.0,0,0.00,0.23,5
31374,-0.037,1.009,-1.755,-0.488,-0.122,256.104,-11.000,7.000,-44.000,-0.0778,0.0547,0.9940,-0.0546,1243.38,209.01,-5.88,10.91,75082.6,0,0.00,0.23,5
31393,0.051,1.010,-1.757,-0.488,-0.061,255.981,-13.000,7.000,-46.000,-0.0802,0.0103,0.9954,-0.0508,1247.52,208.86,-6.18,10.90,75044.6,0,0.00,0.23,5
31413,0.142,1.001,-1.767,-0.549,-0.061,255.554,-11.000,5.000,-46.000,-0.0824,-0.0341,0.9949,-0.0470,1251.68,208.72,-6.58,10.89,75003.4,0,0.00,0.23,5
31433,0.230,0.985,-1.777,-0.427,-0.061,255.249,-12.000,4.000,-45.000,-0.0845,-0.0783,0.9924,-0.0430,1255.86,208.58,-7.01,10.88,74961.3,0,0.00,0.23,5
31453,0.320,0.962,-1.783,-0.488,0.061,255.127,-11.000,5.000,-46.000,-0.0863,-0.1224,0.9879,-0.0390,1260.00,208.41,-7.40,10.87,74933.8,0,0.00,0.23,5
31473,0.403,0.927,-1.792,-0.488,0.000,254.944,-12.000,0.000,-46.000,-0.0880,-0.1662,0.9815,-0.0349,1264.18,208.26,-7.82,10.87,74887.2,0,0.00,0.23,5
31494,0.483,0.888,-1.804,-0.549,0.122,254.639,-14.000,0.000,-45.000,-0.0896,-0.2096,0.9732,-0.0307,1268.34,208.09,-8.26,10.87,74853.8,0,0.00,0.23,5
31513,0.560,0.843,-1.817,-0.366,0.305,254.395,-13.000,0.000,-46.000,-0.0909,-0.2525,0.9629,-0.0265,1272.46,207.88,-8.69,10.86,74825.3,0,0.00,0.23,5
31533,0.632,0.791,-1.824,-0.427,0.183,254.150,-13.000,-2.000,-47.000,-0.0920,-0.2950,0.9508,-0.0223,1276.60,207.68,-9.02,10.86,74782.6,0,0.00,0.23,5
31553,0.700,0.728,-1.835,-0.427,0.244,253.967,-13.000,-2.000,-46.000,-0.0930,-0.3368,0.9368,-0.0180,1280.77,207.52,-9.35,10.87,74737.0,0,0.00,0.23,5
31573,0.763,0.665,-1.846,-0.427,0.305,253.784,-14.000,-3.000,-47.000,-0.0937,-0.3779,0.9210,-0.0137,1284.97,207.37,-9.64,10.87,74694.1,0,0.00,0.23,5
31593,0.820,0.595,-1.857,-0.427,0.244,253.479,-13.000,-5.000,-46.000,-0.0943,-0.4182,0.9034,-0.0093,1289.09,207.14,-9.87,10.88,74675.5,0,0.00,0.23,5
31614,0.868,0.520,-1.866,-0.366,0.244,253.296,-12.000,-7.000,-46.000,-0.0947,-0.4577,0.8841,-0.0050,1293.24,206.95,-10.03,10.89,74629.8,0,0.00,0.23,5
31633,0.912,0.441,-1.877,-0.366,0.305,253.052,-11.000,-8.000,-46.000,-0.0950,-0.4962,0.8630,-0.0007,1297.40,206.77,-10.14,10.90,74589.9,0,0.00,0.23,5
31657,0.947,0.361,-1.889,-0.244,0.305,252.747,-12.000,-10.000,-46.000,-0.0950,-0.5337,0.8403,0.0036,1301.55,206.59,-10.21,10.91,74554.2,0,0.00,0.23,5
31673,0.976,0.276,-1.897,-0.244,0.488,252.563,-8.000,-11.000,-46.000,-0.0948,-0.5702,0.8160,0.0079,1305.67,206.37,-10.18,10.91,74525.6,0,0.00,0.23,5
31693,0.997,0.187,-1.909,-0.244,0.549,252.319,-9.000,-11.000,-46.000,-0.0944,-0.6055,0.7902,0.0122,1309.80,206.18,-10.13,10.92,74482.6,0,0.00,0.23,5
31713,1.008,0.100,-1.914,-0.244,0.366,251.953,-8.000,-11.000,-46.000,-0.0938,-0.6396,0.7628,0.0164,1313.91,205.97,-9.97,10.93,74453.0,0,0.00,0.23,5
31734,1.012,0.010,-1.925,-0.183,0.427,251.770,-7.000,-11.000,-46.000,-0.0931,-0.6724,0.7340,0.0205,1318.07,205.81,-9.82,10.94,74402.2,0,0.00,0.23,5
31753,1.011,-0.078,-1.928,0.000,0.488,251.465,-6.000,-13.000,-46.000,-0.0921,-0.7039,0.7039,0.0246,1322.23,205.66,-9.57,10.93,74366.2,0,0.00,0.23,5
31773,1.001,-0.166,-1.933,0.000,0.488,251.221,-5.000,-14.000,-47.000,-0.0909,-0.7340,0.6724,0.0285,1326.42,205.55,-9.32,10.93,74320.5,0,0.00,0.23,5
31793,0.984,-0.252,-1.933,0.061,0.488,250.977,-4.000,-13.000,-47.000,-0.0895,-0.7627,0.6397,0.0325,1330.58,205.42,-8.99,10.92,74291.2,0,0.00,0.23,5
31813,0.958,-0.340,-1.941,0.000,0.549,250.671,-2.000,-14.000,-46.000,-0.0879,-0.7899,0.6058,0.0363,1334.71,205.26,-8.73,10.91,74261.4,0,0.00,0.23,5
31833,0.923,-0.421,-1.946,0.183,0.305,250.488,-1.000,-14.000,-46.000,-0.0861,-0.8156,0.5707,0.0400,1338.80,205.08,-8.46,10.90,74233.1,0,0.00,0.24,5
31854,0.885,-0.501,-1.948,0.122,0.549,250.183,0.000,-14.000,-46.000,-0.0842,-0.8397,0.5346,0.0437,1342.94,204.95,-8.17,10.89,74186.4,0,0.00,0.24,5
31873,0.839,-0.578,-1.951,0.061,0.488,249.939,1.000,-14.000,-46.000,-0.0821,-0.8622,0.4976,0.0473,1347.09,204.84,-7.91,10.87,74144.5,0,0.00,0.24,5
31893,0.786,-0.647,-1.959,0.305,0.366,249.573,2.000,-14.000,-46.000,-0.0798,-0.8831,0.4596,0.0507,1351.22,204.72,-7.74,10.85,74112.6,0,0.00,0.24,5
31913,0.727,-0.713,-1.966,0.244,0.366,249.451,2.000,-13.000,-45.000,-0.0773,-0.9022,0.4208,0.0541,1355.42,204.67,-7.61,10.83,74059.5,0,0.00,0.24,5
31933,0.660,-0.776,-1.972,0.244,0.366,249.084,5.000,-13.000,-47.000,-0.0747,-0.9197,0.3813,0.0574,1359.56,204.56,-7.50,10.81,74037.3,0,0.00,0.24,5
31953,0.593,-0.831,-1.979,0.427,0.305,248.718,5.000,-13.000,-44.000,-0.0719,-0.9353,0.3410,0.0605,1363.65,204.41,-7.45,10.79,74011.4,0,0.00,0.24,5
31974,0.516,-0.878,-1.984,0.305,0.305,248.474,7.000,-13.000,-46.000,-0.0691,-0.9492,0.3002,0.0635,1367.78,204.30,-7.45,10.77,73966.7,0,0.00,0.24,5
31993,0.440,-0.919,-1.991,0.488,0.305,248.291,7.000,-11.000,-46.000,-0.0660,-0.9614,0.2589,0.0664,1371.87,204.16,-7.52,10.75,73937.3,0,0.00,0.24,5
32013,0.358,-0.956,-2.000,0.488,0.305,248.108,8.000,-11.000,-46.000,-0.0628,-0.9717,0.2171,0.0692,1375.99,204.04,-7.66,10.73,73895.4,0,0.00,0.24,5
32033,0.275,-0.984,-2.002,0.488,0.183,247.803,10.000,-10.000,-46.000,-0.0596,-0.9802,0.1749,0.0718,1380.08,203.90,-7.79,10.71,73865.3,0,0.00,0.24,5
32053,0.189,-1.003,-2.004,0.427,0.183,247.437,11.000,-10.000,-47.000,-0.0562,-0.9868,0.1325,0.0743,1384.18,203.76,-7.98,10.69,73827.4,0,0.00,0.24,5
32073,0.099,-1.017,-2.007,0.549,0.122,247.070,12.000,-8.000,-46.000,-0.0527,-0.9916,0.0898,0.0767,1388.29,203.63,-8.22,10.68,73785.4,0,0.00,0.24,5
32094,0.013,-1.021,-2.011,0.488,0.061,246.826,11.000,-7.000,-46.000,-0.0491,-0.9946,0.0471,0.0789,1392.37,203.47,-8.50,10.66,73758.1,0,0.00,0.24,5
32113,-0.072,-1.022,-2.015,0.549,0.061,246.521,11.000,-5.000,-45.000,-0.0454,-0.9957,0.0043,0.0809,1396.50,203.35,-8.81,10.65,73710.9,0,0.00,0.24,5
32133,-0.161,-1.010,-2.017,0.549,0.061,246.399,13.000,-7.000,-46.000,-0.0417,-0.9949,-0.0385,0.0828,1400.61,203.21,-9.14,10.64,73676.3,0,0.00,0.25,5
32153,-0.247,-0.995,-2.019,0.549,-0.122,246.094,12.000,-4.000,-46.000,-0.0378,-0.9924,-0.0811,0.0846,1404.71,203.06,-9.48,10.63,73643.8,0,0.00,0.25,5
32173,-0.333,-0.970,-2.015,0.549,-0.122,245.728,14.000,-2.000,-46.000,-0.0339,-0.9880,-0.1236,0.0861,1408.84,202.92,-9.76,10.62,73601.0,0,0.00,0.25,5
32193,-0.414,-0.938,-2.017,0.610,-0.061,245.483,15.000,-2.000,-47.000,-0.0300,-0.9818,-0.1657,0.0875,1412.90,202.73,-10.09,10.62,73578.2,0,0.00,0.25,5
32214,-0.492,-0.901,-2.015,0.549,-0.305,245.239,15.000,-1.000,-46.000,-0.0260,-0.9738,-0.2075,0.0888,1416.99,202.56,-10.38,10.61,73536.8,0,0.00,0.25,5
32233,-0.567,-0.855,-2.016,0.488,-0.244,244.995,14.000,0.000,-47.000,-0.0219,-0.9641,-0.2490,0.0898,1421.09,202.38,-10.67,10.61,73498.6,0,0.00,0.25,5
32253,-0.636,-0.806,-2.017,0.488,-0.183,244.629,14.000,1.000,-46.000,-0.0179,-0.9526,-0.2898,0.0907,1425.24,202.26,-10.92,10.61,73449.1,0,0.00,0.25,5
32273,-0.705,-0.747,-2.011,0.549,-0.244,244.385,13.000,4.000,-46.000,-0.0138,-0.9394,-0.3302,0.0915,1429.28,202.04,-11.08,10.62,73436.8,0,0.00,0.25,5
32293,-0.765,-0.686,-2.014,0.427,-0.305,244.141,13.000,2.000,-45.000,-0.0097,-0.9245,-0.3698,0.0920,1433.39,201.88,-11.28,10.62,73385.9,0,0.00,0.25,5
32313,-0.821,-0.618,-2.014,0.427,-0.427,243.774,13.000,4.000,-46.000,-0.0056,-0.9079,-0.4088,0.0924,1437.45,201.67,-11.39,10.63,73361.9,0,0.00,0.25,5
32334,-0.872,-0.546,-2.020,0.427,-0.366,243.469,11.000,5.000,-46.000,-0.0015,-0.8898,-0.4469,0.0927,1441.55,201.51,-11.51,10.63,73313.8,0,0.00,0.25,5
32353,-0.914,-0.471,-2.024,0.244,-0.488,243.225,12.000,5.000,-46.000,0.0026,-0.8700,-0.4842,0.0927,1445.64,201.34,-11.56,10.64,73281.4,0,0.00,0.25,5
32373,-0.951,-0.391,-2.022,0.305,-0.488,242.981,11.000,7.000,-45.000,0.0067,-0.8487,-0.5207,0.0925,1449.72,201.16,-11.50,10.65,73245.1,0,0.00,0.25,5
32397,-0.982,-0.311,-2.024,0.305,-0.671,242.737,11.000,10.000,-46.000,0.0107,-0.8259,-0.5561,0.0922,1453.77,200.96,-11.42,10.65,73218.7,0,0.00,0.25,5
32413,-1.004,-0.225,-2.029,0.244,-0.610,242.493,10.000,10.000,-46.000,0.0147,-0.8017,-0.5905,0.0917,1457.88,200.82,-11.31,10.66,73167.8,0,0.00,0.25,5
32433,-1.021,-0.142,-2.031,0.122,-0.671,242.126,7.000,11.000,-45.000,0.0186,-0.7761,-0.6238,0.0911,1461.95,200.65,-11.14,10.67,73138.6,0,0.00,0.25,5
32454,-1.030,-0.056,-2.032,0.122,-0.671,241.821,8.000,10.000,-46.000,0.0225,-0.7491,-0.6559,0.0902,1466.01,200.48,-10.92,10.67,73106.9,0,0.00,0.25,5
32473,-1.029,0.033,-2.034,0.122,-0.610,241.516,7.000,11.000,-45.000,0.0263,-0.7209,-0.6868,0.0892,1470.05,200.29,-10.68,10.67,73075.4,0,0.00,0.25,5
32493,-1.022,0.119,-2.042,0.061,-0.610,241.333,6.000,13.000,-46.000,0.0300,-0.6914,-0.7165,0.0880,1474.12,200.14,-10.46,10.67,73033.4,0,0.00,0.25,5
32513,-1.009,0.204,-2.043,-0.061,-0.671,240.967,5.000,13.000,-46.000,0.0337,-0.6607,-0.7449,0.0866,1478.15,199.97,-10.18,10.66,73004.6,0,0.00,0.25,5
32533,-0.989,0.290,-2.047,-0.061,-0.610,240.601,5.000,13.000,-46.000,0.0372,-0.6289,-0.7719,0.0851,1482.19,199.81,-9.89,10.65,72968.8,0,0.00,0.25,5
32553,-0.962,0.371,-2.049,-0.122,-0.671,240.479,3.000,14.000,-47.000,0.0407,-0.5960,-0.7976,0.0833,1486.25,199.68,-9.61,10.64,72925.3,0,0.00,0.26,5
32574,-0.931,0.451,-2.052,-0.122,-0.610,240.112,1.000,13.000,-46.000,0.0441,-0.5621,-0.8218,0.0814,1490.28,199.52,-9.33,10.62,72900.2,0,0.00,0.26,5
32593,-0.890,0.525,-2.056,-0.122,-0.610,239.868,1.000,14.000,-46.000,0.0474,-0.5273,-0.8446,0.0793,1494.34,199.41,-9.09,10.61,72855.0,0,0.00,0.26,5
32613,-0.841,0.599,-2.058,-0.305,-0.549,239.624,-1.000,14.000,-47.000,0.0506,-0.4916,-0.8659,0.0771,1498.38,199.28,-8.86,10.59,72824.5,0,0.00,0.26,5
32633,-0.788,0.666,-2.061,-0.305,-0.549,239.197,-2.000,14.000,-45.000,0.0538,-0.4551,-0.8857,0.0747,1502.38,199.12,-8.66,10.56,72798.7,0,0.00,0.26,5
32653,-0.731,0.730,-2.063,-0.366,-0.610,238.953,-4.000,14.000,-45.000,0.0568,-0.4178,-0.9039,0.0722,1506.42,199.01,-8.50,10.54,72754.4,0,0.00,0.26,5
32673,-0.672,0.788,-2.064,-0.488,-0.610,238.586,-3.000,14.000,-44.000,0.0597,-0.3799,-0.9205,0.0695,1510.47,198.91,-8.38,10.52,72714.6,0,0.00,0.26,5
32694,-0.602,0.840,-2.068,-0.305,-0.488,238.342,-5.000,12.000,-45.000,0.0625,-0.3414,-0.9355,0.0668,1514.50,198.80,-8.33,10.50,72684.2,0,0.02,0.26,5
32713,-0.529,0.888,-2.071,-0.549,-0.488,238.098,-7.000,13.000,-47.000,0.0652,-0.3022,-0.9488,0.0639,1518.57,198.72,-8.33,10.48,72640.6,0,0.00,0.26,5
32733,-0.452,0.929,-2.071,-0.488,-0.366,237.793,-8.000,11.000,-45.000,0.0678,-0.2627,-0.9606,0.0609,1522.62,198.62,-8.34,10.46,72611.2,0,0.00,0.26,5
32753,-0.374,0.965,-2.073,-0.610,-0.488,237.549,-9.000,10.000,-46.000,0.0703,-0.2227,-0.9706,0.0578,1526.64,198.50,-8.42,10.44,72579.0,0,0.00,0.26,5
32773,-0.296,0.991,-2.075,-0.488,-0.244,237.183,-8.000,9.000,-47.000,0.0726,-0.1823,-0.9790,0.0546,1530.66,198.38,-8.56,10.42,72546.1,0,0.00,0.26,5
32793,-0.211,1.011,-2.080,-0.610,-0.305,236.938,-10.000,12.000,-46.000,0.0748,-0.1418,-0.9857,0.0513,1534.70,198.27,-8.76,10.40,72507.2,0,0.00,0.27,5
32814,-0.126,1.025,-2.075,-0.732,-0.244,236.572,-10.000,8.000,-46.000,0.0768,-0.1010,-0.9908,0.0479,1538.72,198.14,-8.92,10.39,72475.5,0,0.00,0.27,5
32833,-0.042,1.032,-2.077,-0.793,-0.244,236.328,-11.000,8.000,-46.000,0.0788,-0.0601,-0.9941,0.0444,1542.70,197.98,-9.18,10.37,72448.5,0,0.00,0.27,5
32853,0.042,1.035,-2.079,-0.610,-0.183,235.962,-11.000,7.000,-46.000,0.0806,-0.0191,-0.9957,0.0408,1546.73,197.85,-9.45,10.36,72403.0,0,0.00,0.27,5
32873,0.129,1.026,-2.081,-0.610,-0.183,235.779,-13.000,5.000,-46.000,0.0822,0.0218,-0.9957,0.0372,1550.69,197.67,-9.77,10.36,72382.9,0,0.00,0.27,5
32893,0.213,1.012,-2.089,-0.610,-0.122,235.352,-13.000,3.000,-47.000,0.0837,0.0626,-0.9940,0.0336,1554.69,197.51,-10.15,10.35,72339.8,0,0.00,0.27,5
32913,0.297,0.995,-2.092,-0.671,0.122,235.168,-14.000,4.000,-46.000,0.0850,0.1033,-0.9906,0.0299,1558.66,197.31,-10.48,10.34,72311.5,0,0.00,0.27,5
32934,0.375,0.965,-2.098,-0.610,0.183,234.863,-14.000,3.000,-46.000,0.0862,0.1438,-0.9855,0.0261,1562.68,197.17,-10.83,10.33,72262.7,0,0.00,0.27,5
32953,0.452,0.931,-2.100,-0.671,0.122,234.497,-15.000,1.000,-46.000,0.0872,0.1840,-0.9788,0.0223,1566.68,197.00,-11.14,10.33,72234.7,0,0.00,0.27,5
32973,0.527,0.890,-2.104,-0.671,0.244,234.253,-14.000,1.000,-44.000,0.0881,0.2238,-0.9705,0.0185,1570.68,196.84,-11.45,10.33,72197.4,0,0.00,0.27,5
32993,0.601,0.847,-2.106,-0.671,0.183,233.826,-13.000,-2.000,-46.000,0.0888,0.2632,-0.9605,0.0146,1574.59,196.58,-11.72,10.33,72184.6,0,0.00,0.27,5
33013,0.665,0.792,-2.106,-0.610,0.305,233.521,-15.000,-2.000,-46.000,0.0894,0.3020,-0.9490,0.0108,1578.60,196.41,-11.93,10.33,72126.6,0,0.00,0.27,5
33033,0.728,0.737,-2.109,-0.549,0.244,233.337,-12.000,-4.000,-46.000,0.0898,0.3404,-0.9360,0.0069,1582.56,196.20,-12.13,10.34,72102.6,0,0.00,0.27,5
33054,0.789,0.674,-2.109,-0.610,0.549,233.154,-13.000,-5.000,-47.000,0.0901,0.3781,-0.9213,0.0030,1586.53,196.01,-12.26,10.34,72064.3,0,0.00,0.27,5
33073,0.836,0.610,-2.109,-0.549,0.305,232.727,-12.000,-4.000,-46.000,0.0902,0.4152,-0.9052,-0.0008,1590.53,195.83,-12.33,10.35,72024.5,0,0.00,0.27,5
33093,0.885,0.539,-2.107,-0.427,0.488,232.361,-11.000,-5.000,-46.000,0.0901,0.4515,-0.8877,-0.0047,1594.50,195.64,-12.35,10.36,71995.4,0,0.00,0.27,5
33113,0.930,0.465,-2.106,-0.427,0.488,232.117,-13.000,-7.000,-47.000,0.0899,0.4871,-0.8687,-0.0085,1598.45,195.42,-12.33,10.37,71965.3,0,0.00,0.27,5
33137,0.962,0.390,-2.108,-0.488,0.549,231.873,-13.000,-8.000,-47.000,0.0896,0.5218,-0.8483,-0.0123,1602.36,195.19,-12.28,10.38,71937.8,0,0.00,0.27,5
33153,0.990,0.311,-2.104,-0.366,0.610,231.628,-10.000,-10.000,-47.000,0.0891,0.5556,-0.8265,-0.0160,1606.36,195.04,-12.13,10.38,71883.7,0,0.00,0.27,5
33174,1.010,0.232,-2.106,-0.305,0.366,231.201,-11.000,-10.000,-46.000,0.0884,0.5884,-0.8035,-0.0197,1610.28,194.82,-11.99,10.39,71867.5,0,0.00,0.27,5
33193,1.031,0.146,-2.104,-0.244,0.671,230.957,-9.000,-11.000,-46.000,0.0876,0.6203,-0.7791,-0.0233,1614.22,194.62,-11.78,10.40,71829.3,0,0.00,0.28,5
33213,1.036,0.063,-2.101,-0.183,0.610,230.652,-10.000,-13.000,-46.000,0.0866,0.6511,-0.7536,-0.0269,1618.14,194.42,-11.52,10.41,71797.9,0,0.00,0.28,5
33233,1.043,-0.021,-2.100,-0.061,0.610,230.347,-8.000,-11.000,-45.000,0.0854,0.6808,-0.7269,-0.0304,1622.08,194.24,-11.26,10.41,71760.5,0,0.00,0.28,5
33253,1.037,-0.102,-2.096,-0.122,0.610,230.042,-7.000,-13.000,-46.000,0.0841,0.7094,-0.6990,-0.0338,1625.97,194.03,-10.95,10.41,71736.0,0,0.00,0.28,5
33273,1.025,-0.186,-2.100,-0.061,0.549,229.736,-5.000,-13.000,-46.000,0.0827,0.7368,-0.6700,-0.0371,1629.84,193.81,-10.70,10.40,71707.4,0,0.00,0.28,5
33294,1.008,-0.268,-2.099,0.122,0.549,229.370,-5.000,-13.000,-47.000,0.0811,0.7630,-0.6401,-0.0404,1633.75,193.64,-10.40,10.39,71662.6,0,0.00,0.28,5
33313,0.982,-0.345,-2.102,0.122,0.610,229.187,-4.000,-14.000,-47.000,0.0793,0.7879,-0.6091,-0.0435,1637.67,193.48,-10.14,10.38,71627.5,0,0.00,0.28,5
33333,0.953,-0.425,-2.104,0.061,0.549,228.821,-2.000,-15.000,-45.000,0.0774,0.8116,-0.5772,-0.0466,1641.51,193.25,-9.87,10.37,71611.4,0,0.00,0.28,5
33353,0.914,-0.498,-2.104,0.305,0.610,228.577,1.000,-14.000,-47.000,0.0753,0.8339,-0.5445,-0.0496,1645.38,193.07,-9.61,10.35,71569.3,0,0.00,0.28,5
33373,0.873,-0.573,-2.103,0.366,0.549,228.271,0.000,-14.000,-46.000,0.0731,0.8549,-0.5109,-0.0525,1649.30,192.94,-9.35,10.33,71526.1,0,0.02,0.28,5
33393,0.825,-0.638,-2.104,0.366,0.671,227.966,1.000,-14.000,-45.000,0.0708,0.8746,-0.4765,-0.0554,1653.20,192.80,-9.15,10.31,71494.2,0,0.03,0.28,5
33414,0.773,-0.704,-2.106,0.427,0.610,227.722,2.000,-13.000,-47.000,0.0683,0.8928,-0.4414,-0.0581,1657.12,192.68,-8.99,10.29,71457.8,0,0.05,0.28,5
33433,0.714,-0.764,-2.108,0.427,0.488,227.356,2.000,-13.000,-45.000,0.0658,0.9096,-0.4057,-0.0607,1660.98,192.51,-8.87,10.27,71437.9,0,0.00,0.28,5
33453,0.653,-0.817,-2.106,0.488,0.427,227.051,4.000,-13.000,-46.000,0.0631,0.9250,-0.3694,-0.0632,1664.88,192.38,-8.76,10.25,71394.1,0,0.05,0.28,5
33473,0.586,-0.867,-2.109,0.488,0.427,226.685,5.000,-13.000,-47.000,0.0603,0.9389,-0.3326,-0.0656,1668.76,192.23,-8.73,10.23,71365.1,0,0.04,0.28,5
33493,0.518,-0.910,-2.110,0.549,0.366,226.318,5.000,-12.000,-47.000,0.0575,0.9513,-0.2953,-0.0679,1672.64,192.10,-8.74,10.21,71330.4,0,0.05,0.28,5
33513,0.443,-0.948,-2.110,0.549,0.244,226.135,7.000,-12.000,-46.000,0.0545,0.9622,-0.2576,-0.0701,1676.49,191.93,-8.79,10.18,71303.5,0,0.00,0.29,5
33534,0.365,-0.982,-2.111,0.549,0.244,225.830,9.000,-11.000,-47.000,0.0515,0.9716,-0.2195,-0.0721,1680.33,191.76,-8.88,10.17,71273.3,0,0.01,0.29,5
33553,0.288,-1.007,-2.111,0.671,0.305,225.586,8.000,-11.000,-46.000,0.0483,0.9795,-0.1811,-0.0741,1684.20,191.61,-9.01,10.15,71233.9,0,0.04,0.29,5
33573,0.208,-1.029,-2.114,0.732,0.244,225.159,10.000,-11.000,-46.000,0.0451,0.9858,-0.1425,-0.0759,1688.05,191.45,-9.21,10.13,71202.6,0,0.04,0.29,5
33593,0.127,-1.041,-2.118,0.732,0.183,224.976,12.000,-8.000,-45.000,0.0418,0.9907,-0.1038,-0.0776,1691.88,191.26,-9.45,10.12,71176.0,0,0.01,0.29,5
33613,0.047,-1.048,-2.120,0.793,0.183,224.670,11.000,-9.000,-46.000,0.0385,0.9940,-0.0649,-0.0792,1695.72,191.08,-9.70,10.10,71138.9,0,0.03,0.29,5
33633,-0.037,-1.050,-2.124,0.610,0.061,224.365,11.000,-8.000,-46.000,0.0351,0.9958,-0.0260,-0.0807,1699.55,190.89,-9.99,10.09,71109.8,0,0.01,0.29,5
33654,-0.117,-1.045,-2.127,0.732,-0.061,223.938,13.000,-6.000,-45.000,0.0316,0.9960,0.0129,-0.0820,1703.39,190.70,-10.30,10.08,71072.0,0,0.00,0.29,5
33673,-0.200,-1.032,-2.129,0.671,-0.061,223.755,13.000,-6.000,-44.000,0.0282,0.9948,0.0518,-0.0831,1707.21,190.50,-10.60,10.07,71044.2,0,0.00,0.29,5
33693,-0.278,-1.015,-2.135,0.732,0.000,223.328,13.000,-5.000,-46.000,0.0246,0.9920,0.0905,-0.0842,1711.08,190.34,-10.94,10.07,70997.8,0,0.06,0.29,5
33713,-0.355,-0.991,-2.136,0.671,-0.183,223.145,14.000,-2.000,-46.000,0.0211,0.9878,0.1290,-0.0851,1714.86,190.09,-11.23,10.06,70986.9,0,0.00,0.29,5
33733,-0.434,-0.959,-2.138,0.732,-0.183,222.778,14.000,-4.000,-46.000,0.0175,0.9820,0.1673,-0.0859,1718.64,189.84,-11.53,10.06,70952.3,0,0.00,0.29,5
33753,-0.508,-0.925,-2.136,0.671,-0.305,222.473,14.000,-4.000,-46.000,0.0139,0.9748,0.2052,-0.0865,1722.44,189.61,-11.77,10.06,70914.6,0,0.00,0.29,5
33774,-0.580,-0.884,-2.137,0.671,-0.305,222.229,15.000,0.000,-47.000,0.0103,0.9661,0.2429,-0.0870,1726.23,189.37,-12.01,10.06,70884.5,0,0.00,0.29,5
33793,-0.643,-0.834,-2.141,0.671,-0.366,221.924,14.000,0.000,-46.000,0.0067,0.9560,0.2800,-0.0874,1730.02,189.13,-12.24,10.06,70851.4,0,0.00,0.29,5
33813,-0.709,-0.785,-2.141,0.610,-0.488,221.619,13.000,4.000,-47.000,0.0030,0.9444,0.3168,-0.0876,1733.85,188.94,-12.41,10.06,70806.6,0,0.03,0.29,5
33833,-0.767,-0.728,-2.137,0.549,-0.488,221.252,14.000,4.000,-46.000,-0.0006,0.9315,0.3530,-0.0877,1737.63,188.69,-12.51,10.06,70786.6,0,0.00,0.29,5
33853,-0.822,-0.666,-2.141,0.610,-0.610,220.947,13.000,2.000,-46.000,-0.0042,0.9172,0.3886,-0.0877,1741.38,188.42,-12.63,10.07,70760.3,0,0.00,0.29,5
33878,-0.869,-0.603,-2.142,0.549,-0.732,220.642,13.000,6.000,-47.000,-0.0078,0.9016,0.4236,-0.0874,1745.16,188.18,-12.68,10.07,70720.6,0,0.00,0.29,5
33894,-0.915,-0.534,-2.150,0.488,-0.610,220.398,13.000,7.000,-46.000,-0.0113,0.8847,0.4579,-0.0871,1748.95,187.94,-12.76,10.08,70686.6,0,0.00,0.29,5
33913,-0.954,-0.464,-2.146,0.427,-0.671,220.154,13.000,7.000,-45.000,-0.0148,0.8664,0.4915,-0.0867,1752.72,187.71,-12.69,10.09,70655.4,0,0.00,0.29,5
33933,-0.986,-0.388,-2.153,0.488,-0.671,219.788,14.000,8.000,-46.000,-0.0183,0.8470,0.5243,-0.0861,1756.50,187.48,-12.66,10.10,70622.1,0,0.00,0.29,5
33953,-1.014,-0.313,-2.153,0.244,-0.671,219.421,10.000,9.000,-46.000,-0.0217,0.8263,0.5563,-0.0854,1760.26,187.23,-12.54,10.11,70594.6,0,0.00,0.29,5
33973,-1.035,-0.234,-2.157,0.244,-0.855,219.055,9.000,10.000,-47.000,-0.0251,0.8045,0.5874,-0.0845,1764.04,187.02,-12.42,10.11,70555.7,0,0.02,0.30,5
33993,-1.048,-0.155,-2.156,0.244,-0.732,218.750,10.000,10.000,-44.000,-0.0284,0.7815,0.6176,-0.0835,1767.77,186.77,-12.21,10.12,70533.3,0,0.00,0.30,5
34014,-1.059,-0.075,-2.158,0.061,-0.793,218.628,8.000,10.000,-46.000,-0.0316,0.7574,0.6470,-0.0823,1771.52,186.55,-12.01,10.12,70496.6,0,0.02,0.30,5
34033,-1.059,0.006,-2.155,0.122,-0.793,218.201,9.000,10.000,-46.000,-0.0347,0.7323,0.6753,-0.0811,1775.22,186.29,-11.74,10.12,70476.5,0,0.00,0.30,5
34053,-1.056,0.085,-2.156,0.061,-1.038,217.896,7.000,13.000,-46.000,-0.0378,0.7061,0.7026,-0.0796,1779.01,186.12,-11.49,10.12,70423.2,0,0.07,0.30,5
34073,-1.050,0.167,-2.157,0.000,-0.793,217.590,9.000,13.000,-46.000,-0.0408,0.6790,0.7288,-0.0781,1782.75,185.91,-11.22,10.11,70402.1,0,0.04,0.30,5
34093,-1.033,0.247,-2.159,0.000,-0.916,217.285,4.000,13.000,-46.000,-0.0437,0.6509,0.7540,-0.0764,1786.46,185.69,-10.96,10.10,70376.2,0,0.00,0.30,5
34113,-1.012,0.324,-2.158,-0.244,-0.793,216.980,5.000,15.000,-47.000,-0.0466,0.6220,0.7781,-0.0746,1790.20,185.50,-10.68,10.09,70338.1,0,0.06,0.30,5
34134,-0.986,0.400,-2.152,-0.183,-0.793,216.675,3.000,14.000,-46.000,-0.0493,0.5922,0.8010,-0.0727,1793.92,185.31,-10.35,10.08,70308.2,0,0.06,0.30,5
34153,-0.954,0.471,-2.155,-0.305,-0.793,216.370,1.000,14.000,-44.000,-0.0520,0.5616,0.8228,-0.0706,1797.63,185.11,-10.14,10.06,70280.5,0,0.06,0.30,5
34173,-0.916,0.542,-2.153,-0.305,-0.732,216.003,3.000,14.000,-46.000,-0.0545,0.5302,0.8433,-0.0684,1801.36,184.94,-9.89,10.04,70243.5,0,0.01,0.30,5
34193,-0.872,0.610,-2.150,-0.366,-0.732,215.759,1.000,14.000,-45.000,-0.0570,0.4981,0.8627,-0.0661,1805.07,184.76,-9.66,10.02,70214.6,0,0.09,0.30,5
34213,-0.825,0.675,-2.144,-0.488,-0.732,215.454,-1.000,14.000,-45.000,-0.0594,0.4654,0.8808,-0.0637,1808.81,184.61,-9.42,9.99,70177.6,0,0.12,0.30,5
34233,-0.772,0.732,-2.147,-0.488,-0.671,215.088,-2.000,13.000,-45.000,-0.0617,0.4321,0.8976,-0.0612,1812.50,184.42,-9.32,9.97,70155.7,0,0.01,0.30,5
34254,-0.715,0.790,-2.145,-0.549,-0.610,214.783,-5.000,14.000,-46.000,-0.0639,0.3982,0.9132,-0.0586,1816.18,184.23,-9.20,9.95,70126.1,0,0.09,0.30,5
34273,-0.655,0.842,-2.143,-0.549,-0.610,214.417,-3.000,14.000,-46.000,-0.0660,0.3638,0.9275,-0.0559,1819.91,184.10,-9.11,9.93,70082.6,20,0.15,0.30,5
34293,-0.590,0.889,-2.146,-0.610,-0.610,214.294,-7.000,16.000,-46.000,-0.0681,0.3289,0.9404,-0.0532,1823.58,183.91,-9.12,9.91,70064.6,0,0.10,0.30,5
34313,-0.522,0.932,-2.141,-0.671,-0.610,213.928,-7.000,11.000,-45.000,-0.0700,0.2936,0.9520,-0.0503,1827.27,183.74,-9.10,9.89,70028.3,0,0.05,0.31,5
34333,-0.450,0.964,-2.142,-0.610,-0.427,213.562,-7.000,12.000,-46.000,-0.0718,0.2580,0.9623,-0.0474,1831.01,183.62,-9.17,9.87,69985.8,20,0.18,0.31,5
34353,-0.374,0.998,-2.144,-0.732,-0.488,213.257,-7.000,13.000,-45.000,-0.0735,0.2220,0.9713,-0.0444,1834.71,183.45,-9.29,9.85,69964.2,20,0.15,0.31,5
34374,-0.294,1.023,-2.137,-0.855,-0.549,213.013,-7.000,11.000,-46.000,-0.0751,0.1858,0.9788,-0.0414,1838.36,183.25,-9.37,9.84,69942.7,0,0.03,0.31,5
34393,-0.213,1.039,-2.139,-1.099,-0.488,212.830,-8.000,13.000,-45.000,-0.0766,0.1493,0.9851,-0.0382,1841.98,183.02,-9.57,9.82,69917.9,0,0.09,0.31,5
34413,-0.132,1.053,-2.142,-1.404,-0.366,212.341,-11.000,9.000,-47.000,-0.0780,0.1128,0.9899,-0.0349,1845.58,182.77,-9.80,9.80,69890.6,0,0.08,0.31,5
34433,-0.055,1.059,-2.138,-1.648,-0.183,212.097,-10.000,8.000,-46.000,-0.0792,0.0761,0.9934,-0.0316,1849.19,182.53,-10.00,9.78,69857.4,0,0.01,0.31,5
34453,0.022,1.060,-2.143,-1.770,-0.122,211.853,-13.000,8.000,-47.000,-0.0803,0.0394,0.9956,-0.0282,1852.70,182.19,-10.29,9.76,69849.6,0,0.00,0.31,5
34473,0.102,1.056,-2.146,-2.014,0.000,211.609,-11.000,8.000,-46.000,-0.0813,0.0026,0.9964,-0.0247,1856.26,181.91,-10.58,9.75,69806.6,0,0.00,0.31,5
34494,0.175,1.049,-2.147,-2.136,0.244,211.426,-12.000,7.000,-46.000,-0.0821,-0.0341,0.9958,-0.0212,1859.80,181.61,-10.85,9.73,69779.5,0,0.03,0.31,5
34513,0.245,1.037,-2.147,-2.258,0.305,211.121,-14.000,7.000,-45.000,-0.0828,-0.0707,0.9939,-0.0176,1863.29,181.25,-11.11,9.71,69760.8,0,0.00,0.31,5
34533,0.322,1.023,-2.151,-2.136,0.488,210.815,-12.000,5.000,-46.000,-0.0834,-0.1072,0.9906,-0.0140,1866.80,180.92,-11.42,9.70,69726.1,0,0.00,0.31,5
34553,0.390,1.003,-2.149,-2.136,0.671,210.510,-14.000,4.000,-46.000,-0.0838,-0.1434,0.9860,-0.0104,1870.28,180.56,-11.64,9.69,69700.5,0,0.00,0.31,5
34573,0.462,0.979,-2.150,-1.892,0.793,210.205,-15.000,4.000,-46.000,-0.0841,-0.1795,0.9801,-0.0069,1873.78,180.22,-11.89,9.68,69667.7,0,0.00,0.31,5
34593,0.528,0.946,-2.146,-1.831,0.916,209.900,-15.000,2.000,-45.000,-0.0843,-0.2152,0.9729,-0.0033,1877.20,179.81,-12.08,9.67,69653.3,0,0.00,0.30,5
34618,0.600,0.910,-2.153,-1.648,0.855,209.778,-14.000,1.000,-46.000,-0.0843,-0.2506,0.9644,0.0002,1880.59,179.37,-12.35,9.67,69630.9,0,0.00,0.30,5
34633,0.664,0.864,-2.147,-1.465,0.977,209.473,-14.000,-1.000,-46.000,-0.0842,-0.2857,0.9546,0.0037,1883.97,178.94,-12.45,9.67,69600.6,0,0.00,0.30,5
34653,0.730,0.812,-2.149,-1.343,0.855,209.228,-14.000,0.000,-46.000,-0.0840,-0.3203,0.9436,0.0071,1887.37,178.52,-12.61,9.68,69568.2,0,0.00,0.30,5
34673,0.790,0.752,-2.146,-1.099,0.855,208.862,-14.000,-4.000,-46.000,-0.0837,-0.3544,0.9313,0.0105,1890.71,178.05,-12.67,9.68,69552.2,0,0.00,0.30,5
34693,0.839,0.688,-2.149,-0.977,1.038,208.618,-14.000,-2.000,-46.000,-0.0833,-0.3880,0.9178,0.0138,1894.01,177.56,-12.75,9.69,69529.0,0,0.00,0.30,5
34713,0.890,0.624,-2.144,-0.793,0.977,208.374,-14.000,-5.000,-46.000,-0.0827,-0.4211,0.9031,0.0171,1897.32,177.08,-12.71,9.69,69498.9,0,0.00,0.30,5
34734,0.927,0.553,-2.150,-0.793,0.855,208.069,-14.000,-6.000,-44.000,-0.0821,-0.4536,0.8872,0.0204,1900.61,176.59,-12.74,9.70,69474.1,0,0.00,0.29,5
34753,0.967,0.480,-2.150,-0.793,1.099,207.825,-14.000,-5.000,-46.000,-0.0813,-0.4854,0.8702,0.0236,1903.89,176.11,-12.67,9.71,69443.8,0,0.00,0.29,5
34773,0.996,0.404,-2.151,-0.671,1.099,207.520,-14.000,-7.000,-46.000,-0.0804,-0.5165,0.8521,0.0267,1907.14,175.61,-12.56,9.72,69423.2,0,0.00,0.29,5
34793,1.019,0.327,-2.154,-0.549,1.343,207.275,-13.000,-8.000,-46.000,-0.0793,-0.5470,0.8328,0.0299,1910.41,175.13,-12.44,9.72,69390.9,0,0.00,0.29,5
34813,1.039,0.252,-2.152,-0.549,1.404,207.031,-10.000,-8.000,-46.000,-0.0781,-0.5767,0.8126,0.0329,1913.63,174.63,-12.26,9.73,69369.6,0,0.00,0.29,5
34833,1.057,0.176,-2.151,-0.488,1.648,206.726,-11.000,-10.000,-46.000,-0.0768,-0.6055,0.7913,0.0359,1916.85,174.13,-12.06,9.73,69344.2,0,0.00,0.28,5
34854,1.066,0.103,-2.151,-0.305,1.770,206.482,-11.000,-9.000,-46.000,-0.0754,-0.6336,0.7690,0.0388,1920.04,173.62,-11.84,9.73,69320.3,0,0.00,0.28,5
34873,1.078,0.026,-2.148,-0.244,1.648,206.177,-8.000,-11.000,-44.000,-0.0738,-0.6608,0.7457,0.0417,1923.22,173.13,-11.58,9.73,69292.8,0,0.00,0.28,5
34893,1.079,-0.049,-2.144,-0.061,2.014,205.933,-8.000,-12.000,-46.000,-0.0721,-0.6871,0.7216,0.0445,1926.44,172.68,-11.29,9.72,69256.2,0,0.00,0.28,5
34913,1.078,-0.127,-2.142,0.061,2.014,205.627,-8.000,-13.000,-44.000,-0.0703,-0.7125,0.6965,0.0472,1929.66,172.24,-11.02,9.71,69226.6,0,0.00,0.28,5
34933,1.070,-0.202,-2.141,0.305,2.014,205.383,-7.000,-13.000,-46.000,-0.0683,-0.7370,0.6706,0.0498,1932.82,171.77,-10.74,9.69,69212.0,0,0.00,0.27,5
34953,1.062,-0.279,-2.137,0.427,2.075,205.078,-5.000,-14.000,-46.000,-0.0662,-0.7605,0.6439,0.0523,1935.98,171.30,-10.45,9.68,69185.0,0,0.00,0.27,5
34974,1.040,-0.356,-2.139,0.488,1.953,204.834,-4.000,-13.000,-45.000,-0.0640,-0.7830,0.6163,0.0547,1939.11,170.82,-10.22,9.66,69161.4,0,0.00,0.27,5
34993,1.018,-0.430,-2.132,0.549,1.892,204.590,-2.000,-13.000,-45.000,-0.0617,-0.8044,0.5881,0.0570,1942.23,170.35,-9.92,9.64,69138.4,0,0.00,0.27,5
35013,0.987,-0.504,-2.131,0.671,1.709,204.224,-4.000,-14.000,-46.000,-0.0594,-0.8249,0.5591,0.0592,1945.38,169.92,-9.68,9.62,69101.6,0,0.00,0.27,5
35033,0.950,-0.574,-2.131,0.793,1.404,203.980,-1.000,-14.000,-46.000,-0.0569,-0.8442,0.5294,0.0613,1948.49,169.46,-9.49,9.60,69082.1,0,0.00,0.26,5
35053,0.906,-0.641,-2.124,0.977,1.404,203.674,-1.000,-13.000,-46.000,-0.0544,-0.8625,0.4991,0.0633,1951.61,169.03,-9.25,9.57,69053.6,0,0.00,0.26,5
35073,0.858,-0.702,-2.126,0.916,1.343,203.430,-1.000,-13.000,-44.000,-0.0518,-0.8797,0.4683,0.0652,1954.75,168.62,-9.15,9.55,69019.8,0,0.00,0.26,5
35094,0.804,-0.761,-2.126,0.916,1.221,203.186,0.000,-16.000,-45.000,-0.0491,-0.8957,0.4368,0.0670,1957.81,168.15,-9.06,9.53,69012.0,0,0.00,0.26,5
35113,0.746,-0.814,-2.128,1.038,1.282,202.942,2.000,-16.000,-46.000,-0.0464,-0.9106,0.4049,0.0687,1960.83,167.66,-9.02,9.51,68990.7,0,0.00,0.26,5
35133,0.686,-0.864,-2.123,0.977,0.916,202.698,2.000,-16.000,-44.000,-0.0436,-0.9243,0.3725,0.0703,1963.85,167.17,-8.94,9.49,68965.6,0,0.00,0.25,5
35153,0.626,-0.908,-2.124,1.099,0.916,202.454,5.000,-15.000,-46.000,-0.0407,-0.9369,0.3396,0.0718,1966.95,166.76,-8.97,9.46,68920.5,0,0.00,0.25,5
35173,0.558,-0.949,-2.123,1.221,0.855,202.148,5.000,-15.000,-46.000,-0.0378,-0.9483,0.3064,0.0731,1970.00,166.32,-9.01,9.44,68903.5,0,0.00,0.25,5
35193,0.490,-0.984,-2.123,1.404,0.793,201.904,7.000,-14.000,-46.000,-0.0348,-0.9585,0.2729,0.0744,1973.04,165.88,-9.10,9.42,68878.1,0,0.00,0.25,5
35214,0.420,-1.015,-2.124,1.465,0.671,201.599,7.000,-14.000,-46.000,-0.0317,-0.9675,0.2390,0.0756,1976.08,165.44,-9.23,9.40,68851.8,0,0.00,0.24,5
35233,0.350,-1.043,-2.121,1.648,0.549,201.355,7.000,-13.000,-46.000,-0.0286,-0.9754,0.2049,0.0766,1979.11,164.98,-9.35,9.38,68828.6,0,0.00,0.24,5
35253,0.277,-1.067,-2.124,1.587,0.549,200.989,8.000,-10.000,-46.000,-0.0255,-0.9819,0.1706,0.0776,1982.10,164.51,-9.55,9.37,68807.7,0,0.00,0.24,5
35273,0.198,-1.084,-2.120,1.770,0.427,200.867,9.000,-13.000,-45.000,-0.0223,-0.9873,0.1362,0.0784,1985.10,164.04,-9.72,9.35,68781.6,0,0.00,0.24,5
35293,0.122,-1.101,-2.118,1.831,0.366,200.562,11.000,-13.000,-46.000,-0.0191,-0.9915,0.1016,0.0791,1988.05,163.55,-9.93,9.34,68762.4,0,0.00,0.23,5
35313,0.045,-1.108,-2.112,1.892,0.183,200.256,11.000,-8.000,-46.000,-0.0158,-0.9944,0.0669,0.0797,1991.01,163.05,-10.10,9.33,68736.3,0,0.00,0.23,5
35334,-0.033,-1.111,-2.112,1.892,0.000,199.951,11.000,-9.000,-47.000,-0.0126,-0.9962,0.0322,0.0802,1993.97,162.56,-10.35,9.31,68709.9,0,0.00,0.23,5
35357,-0.109,-1.110,-2.115,2.014,-0.122,199.707,14.000,-10.000,-46.000,-0.0093,-0.9967,-0.0025,0.0806,1996.90,162.06,-10.64,9.31,68687.8,0,0.00,0.22,5
35373,-0.191,-1.102,-2.111,2.075,-0.244,199.463,13.000,-7.000,-46.000,-0.0060,-0.9960,-0.0371,0.0808,1999.83,161.55,-10.87,9.30,68663.2,0,0.00,0.22,5
35393,-0.267,-1.089,-2.110,1.892,-0.549,199.219,14.000,-8.000,-44.000,-0.0027,-0.9941,-0.0717,0.0809,2002.79,161.08,-11.11,9.29,68629.9,0,0.00,0.22,5
35413,-0.344,-1.068,-2.107,1.831,-0.549,198.914,13.000,-7.000,-45.000,0.0006,-0.9911,-0.1061,0.0810,2005.78,160.64,-11.32,9.29,68594.9,0,0.00,0.22,5
35433,-0.418,-1.044,-2.110,1.770,-0.549,198.669,13.000,-5.000,-44.000,0.0038,-0.9868,-0.1404,0.0809,2008.71,160.15,-11.57,9.29,68583.0,0,0.00,0.21,5
35454,-0.488,-1.014,-2.105,1.709,-0.793,198.425,13.000,-4.000,-47.000,0.0071,-0.9813,-0.1744,0.0806,2011.60,159.62,-11.73,9.29,68567.4,0,0.00,0.21,5
35473,-0.556,-0.978,-2.102,1.648,-0.793,198.120,16.000,-1.000,-46.000,0.0103,-0.9747,-0.2082,0.0803,2014.49,159.11,-11.88,9.29,68538.7,0,0.00,0.21,5
35493,-0.625,-0.939,-2.100,1.526,-0.977,197.815,14.000,-3.000,-46.000,0.0135,-0.9670,-0.2417,0.0799,2017.40,158.62,-12.02,9.29,68509.4,0,0.00,0.20,5
35513,-0.688,-0.894,-2.100,1.404,-1.099,197.632,15.000,1.000,-45.000,0.0166,-0.9581,-0.2748,0.0793,2020.32,158.15,-12.14,9.30,68479.7,0,0.00,0.20,5
35533,-0.745,-0.845,-2.099,1.282,-1.038,197.266,17.000,-1.000,-46.000,0.0197,-0.9480,-0.3076,0.0787,2023.23,157.67,-12.22,9.31,68457.0,0,0.00,0.20,5
35553,-0.802,-0.792,-2.097,1.221,-1.160,196.960,16.000,0.000,-46.000,0.0227,-0.9369,-0.3400,0.0779,2026.09,157.15,-12.26,9.31,68442.6,0,0.00,0.19,5
35574,-0.855,-0.738,-2.091,1.160,-1.282,196.899,14.000,1.000,-46.000,0.0257,-0.9247,-0.3719,0.0771,2028.95,156.65,-12.23,9.32,68415.7,0,0.00,0.19,5
35593,-0.902,-0.679,-2.091,1.099,-1.343,196.472,14.000,3.000,-46.000,0.0287,-0.9114,-0.4034,0.0761,2031.76,156.10,-12.21,9.33,68403.5,0,0.00,0.18,5
35613,-0.944,-0.616,-2.086,1.099,-1.404,196.289,15.000,5.000,-46.000,0.0316,-0.8971,-0.4343,0.0751,2034.58,155.58,-12.11,9.34,68372.6,0,0.00,0.18,5
35633,-0.986,-0.550,-2.086,0.916,-1.526,196.045,15.000,6.000,-44.000,0.0345,-0.8817,-0.4647,0.0739,2037.49,155.15,-12.03,9.35,68328.6,0,0.00,0.18,5
35653,-1.024,-0.483,-2.084,0.855,-1.587,195.740,14.000,7.000,-46.000,0.0373,-0.8654,-0.4945,0.0726,2040.31,154.66,-11.90,9.36,68322.2,0,0.00,0.00,5
35673,-1.053,-0.412,-2.083,0.732,-1.770,195.374,13.000,8.000,-44.000,0.0400,-0.8480,-0.5236,0.0712,2043.11,154.15,-11.73,9.37,68301.6,0,0.00,0.00,5
35694,-1.082,-0.340,-2.077,0.671,-1.770,195.190,12.000,9.000,-46.000,0.0427,-0.8297,-0.5522,0.0698,2045.94,153.68,-11.51,9.38,68272.0,0,0.00,0.00,5
35713,-1.104,-0.264,-2.077,0.610,-1.831,194.885,13.000,8.000,-45.000,0.0453,-0.8105,-0.5800,0.0682,2048.80,153.26,-11.31,9.39,68237.1,0,0.00,0.00,5
35733,-1.121,-0.189,-2.077,0.427,-2.014,194.763,11.000,9.000,-46.000,0.0478,-0.7904,-0.6072,0.0665,2051.61,152.80,-11.10,9.39,68223.7,0,0.00,0.00,5
35753,-1.135,-0.111,-2.071,0.305,-1.953,194.519,10.000,11.000,-45.000,0.0502,-0.7693,-0.6336,0.0647,2054.41,152.35,-10.80,9.40,68200.6,0,0.00,0.00,5
35773,-1.137,-0.035,-2.071,0.183,-2.014,194.214,10.000,12.000,-45.000,0.0525,-0.7475,-0.6592,0.0628,2057.18,151.88,-10.56,9.40,68183.5,0,0.00,0.00,5
35793,-1.139,0.042,-2.071,0.000,-1.953,193.909,10.000,11.000,-44.000,0.0548,-0.7248,-0.6841,0.0609,2059.95,151.43,-10.31,9.39,68158.9,0,0.00,0.00,5
35814,-1.136,0.119,-2.067,-0.122,-2.197,193.604,9.000,11.000,-46.000,0.0569,-0.7013,-0.7082,0.0588,2062.73,151.00,-10.03,9.39,68130.9,0,0.00,0.00,5
35833,-1.125,0.196,-2.067,-0.183,-1.953,193.298,9.000,13.000,-45.000,0.0590,-0.6771,-0.7314,0.0566,2065.48,150.55,-9.77,9.38,68113.3,0,0.00,0.00,5
35853,-1.110,0.271,-2.067,-0.366,-2.014,193.054,7.000,14.000,-46.000,0.0609,-0.6521,-0.7537,0.0544,2068.27,150.16,-9.54,9.37,68079.7,0,0.00,0.00,5
35873,-1.091,0.346,-2.062,-0.549,-1.831,192.871,7.000,14.000,-46.000,0.0628,-0.6264,-0.7752,0.0521,2071.07,149.79,-9.26,9.35,68053.0,0,0.00,0.00,5
35893,-1.066,0.418,-2.062,-0.549,-1.831,192.627,7.000,14.000,-45.000,0.0645,-0.6001,-0.7958,0.0497,2073.81,149.37,-9.05,9.34,68040.8,0,0.00,0.00,5
35913,-1.037,0.489,-2.057,-0.793,-1.953,192.322,4.000,13.000,-46.000,0.0662,-0.5731,-0.8155,0.0472,2076.57,148.99,-8.82,9.32,68013.1,0,0.00,0.00,5
35934,-1.003,0.559,-2.058,-0.793,-1.648,192.078,5.000,16.000,-46.000,0.0677,-0.5455,-0.8342,0.0446,2079.27,148.56,-8.66,9.31,68001.6,0,0.00,0.00,5
35953,-0.964,0.623,-2.056,-0.977,-1.709,192.017,3.000,15.000,-45.000,0.0692,-0.5173,-0.8520,0.0420,2082.05,148.20,-8.51,9.29,67962.2,0,0.00,0.00,5
35973,-0.919,0.686,-2.053,-1.038,-1.526,191.528,2.000,15.000,-45.000,0.0706,-0.4886,-0.8688,0.0393,2084.81,147.85,-8.38,9.27,67940.2,0,0.00,0.00,5
35993,-0.875,0.750,-2.050,-1.099,-1.465,191.345,0.000,16.000,-45.000,0.0718,-0.4593,-0.8846,0.0366,2087.58,147.51,-8.28,9.25,67914.6,0,0.00,0.00,5
36013,-0.821,0.805,-2.048,-1.221,-1.404,191.040,1.000,15.000,-46.000,0.0730,-0.4297,-0.8994,0.0338,2090.33,147.17,-8.22,9.23,67892.5,0,0.00,0.00,5
36033,-0.769,0.858,-2.045,-1.282,-1.404,190.735,-2.000,15.000,-44.000,0.0741,-0.3995,-0.9132,0.0309,2093.06,146.80,-8.18,9.21,67876.6,0,0.00,0.00,5
36054,-0.710,0.908,-2.046,-1.526,-1.282,190.613,-2.000,16.000,-44.000,0.0751,-0.3690,-0.9260,0.0280,2095.81,146.47,-8.22,9.19,67846.4,0,0.00,0.00,5
36077,-0.647,0.955,-2.042,-1.587,-1.343,190.247,-4.000,14.000,-46.000,0.0760,-0.3381,-0.9377,0.0251,2098.53,146.11,-8.24,9.18,67829.0,0,0.00,0.00,5
36093,-0.583,0.998,-2.039,-1.648,-1.160,190.063,-5.000,14.000,-46.000,0.0768,-0.3068,-0.9484,0.0221,2101.27,145.77,-8.30,9.16,67801.9,0,0.00,0.00,5
36113,-0.516,1.035,-2.032,-1.709,-0.977,189.758,-5.000,14.000,-44.000,0.0774,-0.2753,-0.9580,0.0191,2104.03,145.47,-8.37,9.15,67771.7,0,0.00,0.00,5
36133,-0.446,1.068,-2.034,-1.831,-0.916,189.514,-7.000,14.000,-44.000,0.0780,-0.2435,-0.9666,0.0160,2106.75,145.12,-8.54,9.14,67757.9,0,0.00,0.00,5
36153,-0.374,1.095,-2.035,-1.831,-0.732,189.331,-7.000,13.000,-46.000,0.0785,-0.2115,-0.9741,0.0129,2109.47,144.78,-8.73,9.13,67734.6,0,0.00,0.00,5
36174,-0.302,1.119,-2.034,-1.953,-0.793,189.087,-8.000,13.000,-47.000,0.0789,-0.1793,-0.9806,0.0098,2112.21,144.46,-8.92,9.12,67706.1,0,0.00,0.00,5
36193,-0.230,1.138,-2.026,-2.014,-0.549,188.843,-10.000,14.000,-44.000,0.0792,-0.1469,-0.9860,0.0067,2114.89,144.09,-9.06,9.11,67694.4,0,0.00,0.00,5
36213,-0.156,1.151,-2.027,-2.075,-0.427,188.599,-8.000,14.000,-44.000,0.0793,-0.1144,-0.9903,0.0036,2117.57,143.71,-9.30,9.11,67672.8,0,0.00,0.00,5
36233,-0.076,1.160,-2.026,-2.075,-0.305,188.354,-11.000,11.000,-46.000,0.0794,-0.0818,-0.9935,0.0005,2120.25,143.34,-9.53,9.11,67649.8,0,0.00,0.00,5
36253,-0.005,1.165,-2.023,-2.136,-0.122,188.049,-13.000,10.000,-44.000,0.0794,-0.0492,-0.9956,-0.0026,2122.96,143.00,-9.75,9.11,67617.9,0,0.00,0.00,5
36273,0.073,1.161,-2.023,-2.075,0.000,187.744,-11.000,8.000,-45.000,0.0792,-0.0166,-0.9967,-0.0057,2125.62,142.61,-10.00,9.11,67606.6,0,0.00,0.00,5
36294,0.148,1.156,-2.020,-2.075,0.000,187.500,-13.000,11.000,-46.000,0.0790,0.0159,-0.9967,-0.0088,2128.24,142.20,-10.21,9.12,67591.2,0,0.00,0.00,5
36313,0.223,1.145,-2.017,-2.014,0.183,187.195,-13.000,10.000,-46.000,0.0787,0.0485,-0.9957,-0.0119,2130.93,141.85,-10.42,9.13,67552.0,0,0.00,0.00,5
36333,0.296,1.129,-2.015,-2.014,0.427,187.073,-14.000,7.000,-46.000,0.0782,0.0809,-0.9935,-0.0150,2133.62,141.50,-10.61,9.14,67530.7,0,0.00,0.00,5
36353,0.371,1.107,-2.015,-2.014,0.549,186.829,-15.000,7.000,-44.000,0.0777,0.1132,-0.9904,-0.0180,2136.28,141.13,-10.82,9.15,67511.4,0,0.00,0.00,5
36373,0.443,1.082,-2.013,-1.831,0.549,186.584,-14.000,7.000,-46.000,0.0770,0.1454,-0.9862,-0.0210,2139.01,140.82,-10.99,9.16,67474.4,0,0.00,0.00,5
36393,0.511,1.054,-2.012,-1.770,0.610,186.218,-14.000,4.000,-46.000,0.0763,0.1773,-0.9809,-0.0239,2141.62,140.42,-11.14,9.18,67475.5,0,0.00,0.00,5
36414,0.580,1.019,-2.007,-1.770,0.793,185.974,-16.000,4.000,-44.000,0.0755,0.2090,-0.9746,-0.0268,2144.33,140.10,-11.23,9.19,67432.3,0,0.00,0.00,5
36433,0.648,0.979,-2.004,-1.709,1.038,185.730,-16.000,2.000,-44.000,0.0746,0.2404,-0.9673,-0.0297,2146.99,139.74,-11.32,9.21,67420.2,0,0.00,0.00,5
36453,0.708,0.934,-2.002,-1.770,1.038,185.608,-16.000,1.000,-46.000,0.0736,0.2716,-0.9591,-0.0326,2149.67,139.41,-11.37,9.23,67391.0,0,0.00,0.00,5
36473,0.770,0.886,-2.002,-1.587,1.221,185.242,-17.000,2.000,-45.000,0.0724,0.3024,-0.9498,-0.0353,2152.33,139.06,-11.42,9.25,67373.6,0,0.00,0.00,5
36493,0.829,0.837,-2.003,-1.465,1.343,184.998,-16.000,1.000,-46.000,0.0712,0.3328,-0.9395,-0.0381,2155.03,138.77,-11.44,9.26,67339.7,0,0.00,0.00,5
36513,0.877,0.781,-1.996,-1.343,1.343,184.692,-15.000,-1.000,-46.000,0.0699,0.3629,-0.9283,-0.0407,2157.72,138.46,-11.34,9.28,67321.3,0,0.00,0.00,5
36534,0.929,0.724,-1.993,-1.404,1.404,184.631,-16.000,-1.000,-45.000,0.0686,0.3926,-0.9161,-0.0433,2160.35,138.11,-11.26,9.30,67309.1,0,0.00,0.00,5
36553,0.974,0.664,-1.995,-1.282,1.648,184.265,-15.000,-2.000,-45.000,0.0671,0.4218,-0.9031,-0.0459,2163.02,137.80,-11.19,9.32,67278.7,0,0.00,0.00,5
36573,1.015,0.601,-1.991,-1.160,1.709,183.960,-14.000,-4.000,-44.000,0.0655,0.4505,-0.8891,-0.0483,2165.64,137.45,-11.04,9.34,67266.9,0,0.00,0.00,5
36593,1.053,0.535,-1.993,-1.099,1.770,183.777,-15.000,-7.000,-45.000,0.0639,0.4787,-0.8742,-0.0507,2168.29,137.14,-10.91,9.36,67237.3,0,0.00,0.00,5
36613,1.085,0.465,-1.993,-0.916,1.892,183.472,-15.000,-8.000,-45.000,0.0622,0.5064,-0.8584,-0.0531,2170.95,136.86,-10.74,9.38,67210.4,0,0.00,0.00,5
36633,1.112,0.398,-1.986,-0.732,1.770,183.289,-14.000,-7.000,-46.000,0.0604,0.5335,-0.8418,-0.0553,2173.60,136.57,-10.49,9.39,67190.9,0,0.00,0.00,5
36654,1.138,0.325,-1.980,-0.732,1.831,183.044,-14.000,-8.000,-44.000,0.0585,0.5601,-0.8244,-0.0575,2176.21,136.25,-10.22,9.41,67178.6,0,0.00,0.00,5
36673,1.158,0.251,-1.981,-0.488,2.014,182.800,-16.000,-11.000,-46.000,0.0565,0.5861,-0.8061,-0.0595,2178.84,135.96,-10.00,9.42,67150.6,0,0.00,0.00,5
36693,1.174,0.177,-1.981,-0.427,2.014,182.495,-14.000,-10.000,-46.000,0.0545,0.6114,-0.7871,-0.0615,2181.41,135.64,-9.77,9.43,67140.2,0,0.00,0.00,5
36713,1.184,0.104,-1.983,-0.244,2.014,182.373,-12.000,-10.000,-45.000,0.0524,0.6361,-0.7672,-0.0634,2184.06,135.38,-9.54,9.43,67102.7,0,0.00,0.00,5
36733,1.190,0.028,-1.975,-0.183,2.197,182.068,-11.000,-11.000,-46.000,0.0502,0.6601,-0.7467,-0.0652,2186.71,135.15,-9.21,9.44,67077.6,0,0.00,0.00,5
36753,1.190,-0.049,-1.973,0.000,2.014,181.885,-11.000,-13.000,-45.000,0.0479,0.6834,-0.7254,-0.0669,2189.30,134.87,-8.94,9.44,67070.2,0,0.00,0.00,5
36774,1.185,-0.125,-1.972,0.061,2.136,181.519,-10.000,-12.000,-46.000,0.0456,0.7060,-0.7034,-0.0685,2191.94,134.64,-8.69,9.44,67036.8,0,0.00,0.00,5
36793,1.178,-0.201,-1.968,0.305,1.953,181.335,-10.000,-13.000,-45.000,0.0432,0.7278,-0.6808,-0.0700,2194.51,134.36,-8.42,9.44,67029.9,0,0.00,0.00,5
36817,1.164,-0.274,-1.969,0.366,2.014,181.030,-10.000,-13.000,-44.000,0.0408,0.7489,-0.6575,-0.0715,2197.14,134.14,-8.21,9.44,66993.4,0,0.00,0.00,5
36833,1.143,-0.346,-1.967,0.549,2.197,180.847,-9.000,-15.000,-45.000,0.0382,0.7693,-0.6336,-0.0728,2199.72,133.89,-7.99,9.43,66983.5,0,0.00,0.00,5
36853,1.122,-0.418,-1.964,0.671,1.953,180.603,-9.000,-15.000,-44.000,0.0356,0.7888,-0.6091,-0.0740,2202.30,133.64,-7.79,9.42,66961.6,0,0.00,0.00,5
36873,1.094,-0.488,-1.960,0.671,1.892,180.298,-7.000,-15.000,-46.000,0.0330,0.8076,-0.5840,-0.0751,2204.88,133.41,-7.59,9.42,66937.9,0,0.00,0.00,5
36894,1.061,-0.556,-1.965,0.916,1.892,180.115,-5.000,-16.000,-45.000,0.0303,0.8255,-0.5584,-0.0762,2207.45,133.16,-7.51,9.40,66920.8,0,0.00,0.00,5
36913,1.025,-0.625,-1.958,1.038,1.709,179.871,-5.000,-16.000,-44.000,0.0276,0.8426,-0.5323,-0.0771,2210.08,132.99,-7.34,9.39,66882.9,0,0.00,0.00,5
36933,0.987,-0.686,-1.957,1.099,1.770,179.687,-4.000,-17.000,-44.000,0.0248,0.8589,-0.5056,-0.0779,2212.64,132.76,-7.25,9.38,66877.8,0,0.00,0.00,5
36953,0.941,-0.747,-1.955,1.221,1.648,179.321,-4.000,-16.000,-44.000,0.0220,0.8743,-0.4785,-0.0787,2215.24,132.56,-7.20,9.37,66848.6,0,0.00,0.00,5
36973,0.894,-0.805,-1.953,1.282,1.648,179.138,-2.000,-17.000,-46.000,0.0191,0.8888,-0.4510,-0.0793,2217.79,132.32,-7.17,9.36,66836.8,0,0.00,0.00,5
36993,0.844,-0.860,-1.949,1.526,1.526,178.955,-1.000,-18.000,-44.000,0.0162,0.9024,-0.4231,-0.0799,2220.40,132.14,-7.15,9.35,66801.8,0,0.00,0.00,5
37014,0.786,-0.910,-1.947,1.526,1.404,178.650,2.000,-17.000,-46.000,0.0133,0.9152,-0.3948,-0.0803,2223.00,131.96,-7.20,9.34,66781.9,0,0.00,0.00,5
37033,0.729,-0.961,-1.945,1.648,1.282,178.406,2.000,-17.000,-45.000,0.0103,0.9270,-0.3662,-0.0807,2225.61,131.79,-7.26,9.33,66757.1,0,0.00,0.00,5
37053,0.667,-1.003,-1.945,1.709,1.221,178.223,1.000,-17.000,-45.000,0.0074,0.9379,-0.3372,-0.0809,2228.16,131.57,-7.39,9.32,66748.8,0,0.00,0.00,5
37073,0.609,-1.047,-1.946,1.770,1.099,177.917,3.000,-17.000,-46.000,0.0044,0.9479,-0.3080,-0.0811,2230.71,131.34,-7.52,9.32,66729.4,0,0.00,0.00,5
37093,0.541,-1.082,-1.942,1.892,0.977,177.673,5.000,-17.000,-45.000,0.0014,0.9570,-0.2785,-0.0812,2233.26,131.12,-7.66,9.31,66706.7,0,0.00,0.00,5
37113,0.471,-1.117,-1.937,2.014,0.916,177.429,5.000,-15.000,-44.000,-0.0016,0.9652,-0.2487,-0.0811,2235.80,130.89,-7.80,9.31,66686.7,0,0.00,0.00,5
37134,0.402,-1.145,-1.937,2.014,0.916,177.124,7.000,-15.000,-46.000,-0.0047,0.9724,-0.2188,-0.0811,2238.40,130.71,-8.01,9.31,66652.2,0,0.00,0.00,5
37153,0.334,-1.169,-1.938,2.075,0.610,177.002,9.000,-16.000,-46.000,-0.0077,0.9787,-0.1887,-0.0808,2240.93,130.47,-8.25,9.32,66646.6,0,0.00,0.00,5
37173,0.263,-1.187,-1.929,2.136,0.427,176.819,9.000,-15.000,-44.000,-0.0107,0.9840,-0.1585,-0.0805,2243.50,130.27,-8.39,9.32,66614.9,0,0.00,0.00,5
37193,0.189,-1.204,-1.933,2.136,0.549,176.514,9.000,-15.000,-44.000,-0.0137,0.9884,-0.1281,-0.0802,2246.00,129.99,-8.68,9.33,66610.6,0,0.00,0.00,5
37213,0.112,-1.214,-1.930,2.197,0.366,176.270,9.000,-12.000,-44.000,-0.0167,0.9919,-0.0977,-0.0797,2248.60,129.82,-8.90,9.34,66566.6,0,0.00,0.00,5
37233,0.040,-1.220,-1.928,2.197,0.061,176.025,10.000,-14.000,-44.000,-0.0196,0.9944,-0.0672,-0.0791,2251.14,129.59,-9.12,9.35,66556.2,0,0.00,0.00,5
37254,-0.036,-1.222,-1.924,2.197,0.061,175.781,12.000,-13.000,-44.000,-0.0226,0.9960,-0.0367,-0.0785,2253.68,129.35,-9.33,9.37,66538.1,0,0.00,0.00,5
37273,-0.111,-1.219,-1.924,2.258,0.000,175.598,12.000,-10.000,-46.000,-0.0255,0.9966,-0.0062,-0.0777,2256.24,129.14,-9.58,9.38,66508.6,0,0.00,0.00,5
37293,-0.186,-1.212,-1.919,2.136,-0.244,175.232,13.000,-12.000,-46.000,-0.0284,0.9963,0.0242,-0.0769,2258.79,128.91,-9.75,9.40,66493.1,0,0.00,0.00,5
37313,-0.258,-1.199,-1.926,2.136,-0.366,175.232,14.000,-11.000,-46.000,-0.0312,0.9951,0.0547,-0.0760,2261.30,128.65,-10.03,9.42,66478.2,0,0.00,0.00,5
37333,-0.333,-1.183,-1.916,2.136,-0.549,174.866,15.000,-10.000,-45.000,-0.0340,0.9930,0.0850,-0.0750,2263.79,128.38,-10.12,9.44,66460.0,0,0.00,0.00,5
37353,-0.405,-1.161,-1.911,2.136,-0.610,174.561,16.000,-7.000,-45.000,-0.0368,0.9899,0.1151,-0.0739,2266.33,128.15,-10.25,9.47,66429.4,0,0.00,0.00,5
37374,-0.475,-1.136,-1.913,2.197,-0.732,174.377,16.000,-7.000,-44.000,-0.0396,0.9859,0.1451,-0.0727,2268.80,127.85,-10.41,9.50,66424.5,0,0.00,0.00,5
37393,-0.542,-1.108,-1.906,1.953,-0.916,174.255,16.000,-7.000,-45.000,-0.0422,0.9811,0.1750,-0.0714,2271.29,127.58,-10.46,9.52,66398.1,0,0.00,0.00,5
37413,-0.610,-1.069,-1.911,2.075,-1.038,173.950,16.000,-5.000,-44.000,-0.0449,0.9753,0.2047,-0.0701,2273.80,127.33,-10.60,9.55,66372.8,0,0.00,0.00,5
37433,-0.676,-1.034,-1.905,1.892,-1.160,173.706,16.000,-6.000,-44.000,-0.0475,0.9686,0.2341,-0.0686,2276.25,127.04,-10.61,9.57,66363.2,0,0.00,0.00,5
37453,-0.737,-0.994,-1.906,1.953,-1.160,173.523,17.000,-3.000,-44.000,-0.0500,0.9611,0.2633,-0.0672,2278.75,126.79,-10.65,9.61,66333.1,0,0.00,0.00,5
37473,-0.795,-0.945,-1.901,1.770,-1.343,173.157,18.000,-3.000,-44.000,-0.0525,0.9527,0.2921,-0.0656,2281.30,126.60,-10.59,9.64,66298.6,0,0.00,0.00,5
37494,-0.852,-0.899,-1.899,1.770,-1.404,172.974,17.000,-1.000,-45.000,-0.0549,0.9434,0.3207,-0.0639,2283.77,126.32,-10.54,9.67,66298.6,0,0.00,0.00,5
37513,-0.906,-0.846,-1.897,1.526,-1.648,172.852,17.000,0.000,-45.000,-0.0572,0.9333,0.3490,-0.0622,2286.25,126.07,-10.45,9.69,66272.8,0,0.00,0.00,5
37533,-0.955,-0.793,-1.894,1.526,-1.770,172.607,17.000,2.000,-45.000,-0.0594,0.9224,0.3769,-0.0604,2288.74,125.84,-10.33,9.72,66249.3,0,0.00,0.00,5
37557,-1.002,-0.733,-1.894,1.526,-1.770,172.302,17.000,0.000,-44.000,-0.0616,0.9106,0.4044,-0.0585,2291.26,125.65,-10.20,9.75,66222.1,0,0.00,0.00,5
37573,-1.045,-0.675,-1.895,1.343,-2.014,171.997,17.000,2.000,-46.000,-0.0638,0.8981,0.4315,-0.0566,2293.74,125.41,-10.07,9.78,66210.7,0,0.00,0.00,5
37593,-1.085,-0.612,-1.894,1.160,-2.136,171.875,17.000,5.000,-44.000,-0.0658,0.8848,0.4581,-0.0545,2296.19,125.16,-9.88,9.80,66197.1,0,0.00,0.00,5
37614,-1.121,-0.543,-1.887,1.160,-2.136,171.631,17.000,5.000,-44.000,-0.0678,0.8707,0.4844,-0.0524,2298.63,124.91,-9.60,9.83,66177.3,0,0.00,0.00,5
37633,-1.153,-0.478,-1.884,0.977,-2.136,171.387,17.000,5.000,-44.000,-0.0696,0.8558,0.5101,-0.0503,2301.09,124.69,-9.37,9.85,66152.2,0,0.00,0.00,5
37653,-1.182,-0.409,-1.888,0.855,-2.197,171.143,16.000,7.000,-46.000,-0.0714,0.8402,0.5354,-0.0481,2303.55,124.48,-9.17,9.88,66131.8,0,0.00,0.00,5
37673,-1.202,-0.336,-1.882,0.671,-2.319,170.837,16.000,9.000,-44.000,-0.0731,0.8239,0.5601,-0.0458,2305.98,124.25,-8.86,9.90,66118.7,0,0.00,0.00,5
37693,-1.224,-0.266,-1.879,0.610,-2.258,170.715,16.000,7.000,-46.000,-0.0747,0.8069,0.5844,-0.0435,2308.43,124.05,-8.59,9.91,66092.2,0,0.00,0.00,5
37713,-1.239,-0.192,-1.876,0.488,-2.319,170.532,14.000,8.000,-44.000,-0.0762,0.7891,0.6081,-0.0411,2310.88,123.85,-8.30,9.93,66073.1,0,0.00,0.00,5
37734,-1.250,-0.119,-1.875,0.366,-2.319,170.288,14.000,10.000,-45.000,-0.0776,0.7708,0.6312,-0.0387,2313.29,123.63,-8.03,9.95,66061.0,0,0.00,0.00,5
37753,-1.254,-0.044,-1.875,0.183,-2.380,169.983,14.000,11.000,-44.000,-0.0789,0.7517,0.6537,-0.0362,2315.68,123.40,-7.78,9.96,66044.6,0,0.00,0.00,5
37773,-1.256,0.032,-1.871,0.061,-2.258,169.739,14.000,12.000,-44.000,-0.0801,0.7321,0.6757,-0.0336,2318.22,123.32,-7.49,9.97,65992.8,0,0.00,0.00,5
37793,-1.254,0.106,-1.872,-0.244,-2.319,169.556,12.000,11.000,-44.000,-0.0812,0.7118,0.6970,-0.0310,2320.61,123.10,-7.26,9.98,66005.8,0,0.00,0.00,5
37813,-1.245,0.177,-1.867,-0.183,-2.380,169.250,13.000,11.000,-45.000,-0.0822,0.6909,0.7177,-0.0284,2323.02,122.92,-6.99,9.98,65978.2,0,0.00,0.00,5
37833,-1.235,0.252,-1.865,-0.427,-2.380,169.128,11.000,15.000,-44.000,-0.0832,0.6695,0.7377,-0.0257,2325.43,122.73,-6.77,9.99,65961.8,0,0.00,0.00,5
37854,-1.221,0.324,-1.866,-0.549,-2.380,168.884,10.000,15.000,-44.000,-0.0840,0.6475,0.7571,-0.0230,2327.88,122.60,-6.59,9.99,65930.2,0,0.00,0.00,5
37873,-1.199,0.394,-1.864,-0.610,-2.319,168.579,9.000,16.000,-44.000,-0.0847,0.6250,0.7757,-0.0202,2330.26,122.40,-6.41,10.00,65927.0,0,0.00,0.00,5
37893,-1.175,0.465,-1.864,-0.732,-2.319,168.396,9.000,15.000,-44.000,-0.0854,0.6020,0.7937,-0.0174,2332.65,122.23,-6.28,10.00,65904.0,0,0.00,0.00,5
37913,-1.146,0.534,-1.857,-0.977,-2.197,168.213,6.000,16.000,-45.000,-0.0859,0.5785,0.8110,-0.0146,2334.98,122.00,-6.11,10.00,65896.8,0,0.00,0.00,5
37933,-1.113,0.600,-1.855,-1.038,-2.197,167.969,6.000,16.000,-45.000,-0.0864,0.5545,0.8276,-0.0117,2337.34,121.81,-6.01,10.00,65871.7,0,0.00,0.00,5
37953,-1.077,0.665,-1.855,-1.160,-2.197,167.786,7.000,16.000,-44.000,-0.0867,0.5301,0.8435,-0.0088,2339.77,121.69,-5.97,10.00,65836.0,0,0.00,0.00,5
37974,-1.040,0.729,-1.852,-1.282,-2.014,167.542,4.000,18.000,-45.000,-0.0870,0.5052,0.8586,-0.0058,2342.17,121.53,-5.91,10.00,65824.5,0,0.00,0.00,5
37993,-0.994,0.788,-1.850,-1.404,-1.953,167.236,4.000,18.000,-45.000,-0.0871,0.4800,0.8729,-0.0029,2344.58,121.40,-5.92,10.00,65801.6,0,0.00,0.00,5
38013,-0.947,0.846,-1.850,-1.404,-1.892,167.053,1.000,19.000,-45.000,-0.0872,0.4544,0.8865,0.0001,2346.98,121.26,-5.96,10.01,65782.7,0,0.00,0.00,5
38033,-0.900,0.900,-1.847,-1.709,-1.831,166.809,2.000,17.000,-44.000,-0.0872,0.4284,0.8994,0.0031,2349.37,121.10,-6.01,10.01,65767.2,0,0.00,0.00,5
38053,-0.845,0.952,-1.844,-1.770,-1.709,166.687,-1.000,20.000,-45.000,-0.0871,0.4021,0.9114,0.0061,2351.82,121.01,-6.10,10.01,65731.2,0,0.00,0.00,5
38073,-0.791,1.000,-1.845,-1.831,-1.648,166.504,-1.000,19.000,-45.000,-0.0869,0.3755,0.9227,0.0091,2354.18,120.83,-6.24,10.02,65733.0,0,0.00,0.00,5
38094,-0.730,1.045,-1.841,-1.953,-1.526,166.199,-4.000,18.000,-44.000,-0.0866,0.3486,0.9332,0.0121,2356.59,120.70,-6.37,10.03,65703.0,0,0.00,0.00,5
38113,-0.669,1.087,-1.837,-2.014,-1.404,165.955,-2.000,18.000,-45.000,-0.0862,0.3215,0.9429,0.0151,2358.97,120.53,-6.52,10.04,65690.1,0,0.00,0.00,5
38133,-0.605,1.126,-1.839,-2.014,-1.404,165.833,-4.000,17.000,-45.000,-0.0857,0.2941,0.9518,0.0181,2361.35,120.37,-6.75,10.05,65668.8,0,0.00,0.00,5
38153,-0.541,1.160,-1.836,-2.136,-0.977,165.527,-5.000,17.000,-45.000,-0.0851,0.2665,0.9598,0.0211,2363.69,120.17,-6.94,10.06,65658.7,0,0.00,0.00,5
38173,-0.476,1.189,-1.830,-2.197,-1.038,165.222,-5.000,18.000,-44.000,-0.0845,0.2388,0.9671,0.0241,2366.05,119.99,-7.12,10.08,65635.7,0,0.00,0.00,5
38193,-0.402,1.216,-1.833,-2.319,-0.977,165.039,-6.000,18.000,-45.000,-0.0837,0.2108,0.9736,0.0271,2368.42,119.82,-7.41,10.10,65612.2,0,0.00,0.00,5
38214,-0.333,1.240,-1.829,-2.319,-0.671,164.856,-9.000,16.000,-44.000,-0.0829,0.1828,0.9792,0.0301,2370.82,119.67,-7.63,10.12,65586.7,0,0.00,0.00,5
38233,-0.263,1.256,-1.827,-2.441,-0.549,164.551,-7.000,18.000,-43.000,-0.0820,0.1546,0.9840,0.0330,2373.18,119.48,-7.88,10.14,65575.5,0,0.00,0.00,5
38253,-0.189,1.271,-1.826,-2.441,-0.549,164.490,-9.000,17.000,-45.000,-0.0810,0.1263,0.9880,0.0359,2375.55,119.31,-8.14,10.17,65553.8,0,0.00,0.00,5
38277,-0.117,1.281,-1.821,-2.380,-0.427,164.185,-11.000,17.000,-43.000,-0.0799,0.0980,0.9912,0.0388,2377.92,119.12,-8.35,10.20,65535.5,0,0.00,0.00,5
38293,-0.044,1.284,-1.825,-2.441,-0.122,164.001,-11.000,15.000,-44.000,-0.0788,0.0696,0.9936,0.0417,2380.28,118.93,-8.64,10.22,65517.3,0,0.00,0.00,5
38313,0.030,1.288,-1.816,-2.502,-0.061,163.696,-13.000,14.000,-43.000,-0.0775,0.0413,0.9951,0.0445,2382.64,118.74,-8.81,10.25,65497.6,0,0.00,0.00,5
38334,0.102,1.287,-1.818,-2.563,0.122,163.574,-14.000,13.000,-44.000,-0.0762,0.0129,0.9959,0.0473,2384.95,118.50,-9.05,10.29,65488.2,0,0.00,0.00,5
38353,0.173,1.279,-1.814,-2.441,0.122,163.391,-13.000,13.000,-44.000,-0.0748,-0.0155,0.9958,0.0500,2387.28,118.28,-9.22,10.32,65465.1,0,0.00,0.00,5
38373,0.249,1.268,-1.814,-2.502,0.366,163.086,-14.000,13.000,-45.000,-0.0733,-0.0438,0.9950,0.0527,2389.63,118.08,-9.42,10.36,65440.3,0,0.00,0.00,5
38393,0.321,1.253,-1.811,-2.441,0.427,162.842,-14.000,11.000,-44.000,-0.0718,-0.0720,0.9933,0.0553,2391.94,117.84,-9.56,10.40,65431.5,0,0.00,0.00,5
38413,0.391,1.234,-1.811,-2.502,0.610,162.659,-16.000,10.000,-44.000,-0.0702,-0.1001,0.9908,0.0579,2394.30,117.65,-9.70,10.44,65401.0,0,0.00,0.00,5
38433,0.461,1.211,-1.809,-2.441,0.732,162.353,-16.000,11.000,-43.000,-0.0685,-0.1281,0.9875,0.0604,2396.63,117.44,-9.81,10.48,65385.6,0,0.00,0.00,5
38454,0.529,1.183,-1.807,-2.258,0.916,162.292,-16.000,9.000,-44.000,-0.0668,-0.1560,0.9835,0.0629,2398.99,117.25,-9.87,10.52,65361.9,0,0.00,0.00,5
38473,0.597,1.152,-1.804,-2.319,1.038,161.987,-16.000,7.000,-44.000,-0.0649,-0.1837,0.9787,0.0653,2401.29,117.01,-9.90,10.57,65355.5,0,0.00,0.00,5
38493,0.663,1.120,-1.800,-2.197,1.160,161.743,-17.000,7.000,-44.000,-0.0630,-0.2112,0.9731,0.0676,2403.54,116.74,-9.90,10.61,65345.0,0,0.00,0.00,5
38513,0.727,1.079,-1.800,-2.197,1.221,161.499,-17.000,4.000,-44.000,-0.0611,-0.2384,0.9667,0.0699,2405.85,116.52,-9.88,10.65,65314.2,0,0.00,0.00,5
38533,0.783,1.040,-1.798,-2.136,1.282,161.438,-18.000,6.000,-44.000,-0.0591,-0.2655,0.9596,0.0721,2408.11,116.25,-9.83,10.69,65307.2,0,0.00,0.00,5
38553,0.843,0.994,-1.794,-2.075,1.526,161.011,-18.000,4.000,-44.000,-0.0570,-0.2923,0.9517,0.0742,2410.40,116.02,-9.72,10.74,65281.0,0,0.00,0.00,5
38574,0.896,0.944,-1.795,-1.953,1.587,160.950,-17.000,3.000,-43.000,-0.0549,-0.3189,0.9431,0.0762,2412.67,115.79,-9.62,10.78,65265.8,0,0.00,0.00,5
38593,0.951,0.895,-1.793,-1.892,1.892,160.645,-20.000,2.000,-44.000,-0.0526,-0.3451,0.9338,0.0782,2414.96,115.58,-9.48,10.82,65241.6,0,0.00,0.00,5
38613,0.999,0.841,-1.790,-1.709,1.831,160.400,-19.000,1.000,-43.000,-0.0504,-0.3711,0.9238,0.0801,2417.25,115.38,-9.29,10.86,65223.0,0,0.00,0.00,5
38633,1.047,0.784,-1.784,-1.648,2.014,160.156,-20.000,1.000,-44.000,-0.0480,-0.3967,0.9130,0.0819,2419.49,115.13,-9.05,10.90,65215.0,0,0.00,0.00,5
38653,1.089,0.728,-1.789,-1.587,1.953,160.095,-19.000,-2.000,-44.000,-0.0457,-0.4220,0.9016,0.0836,2421.74,114.91,-8.89,10.94,65194.7,0,0.00,0.00,5
38673,1.131,0.666,-1.783,-1.343,2.197,159.729,-20.000,-3.000,-44.000,-0.0432,-0.4469,0.8895,0.0853,2424.03,114.73,-8.61,10.97,65166.7,0,0.00,0.00,5
38694,1.167,0.601,-1.783,-1.282,2.197,159.546,-19.000,-3.000,-43.000,-0.0407,-0.4714,0.8767,0.0868,2426.28,114.52,-8.36,11.01,65156.3,0,0.00,0.00,5
38713,1.203,0.535,-1.782,-1.099,2.258,159.363,-19.000,-4.000,-44.000,-0.0382,-0.4955,0.8633,0.0883,2428.60,114.39,-8.09,11.04,65124.0,0,0.00,0.00,5
38733,1.228,0.468,-1.777,-0.916,2.380,159.241,-19.000,-7.000,-46.000,-0.0356,-0.5193,0.8492,0.0896,2430.87,114.21,-7.77,11.07,65115.0,0,0.00,0.00,5
38753,1.253,0.399,-1.775,-0.916,2.380,158.936,-18.000,-7.000,-45.000,-0.0330,-0.5425,0.8344,0.0909,2433.12,114.04,-7.48,11.10,65099.4,0,0.00,0.00,5
38773,1.278,0.333,-1.772,-0.732,2.502,158.630,-19.000,-7.000,-45.000,-0.0303,-0.5654,0.8191,0.0921,2435.40,113.90,-7.17,11.13,65074.7,0,0.00,0.00,5
38793,1.295,0.261,-1.771,-0.732,2.624,158.508,-18.000,-8.000,-45.000,-0.0276,-0.5877,0.8032,0.0932,2437.60,113.69,-6.88,11.16,65075.4,0,0.00,0.00,5
38814,1.306,0.187,-1.769,-0.549,2.502,158.325,-16.000,-8.000,-45.000,-0.0248,-0.6096,0.7867,0.0942,2439.90,113.58,-6.57,11.18,65033.9,0,0.00,0.00,5
38833,1.317,0.114,-1.764,-0.366,2.502,158.081,-17.000,-8.000,-44.000,-0.0221,-0.6311,0.7696,0.0951,2442.19,113.48,-6.25,11.20,65017.4,0,0.00,0.00,5
38853,1.323,0.044,-1.766,-0.183,2.624,157.898,-14.000,-10.000,-43.000,-0.0192,-0.6520,0.7519,0.0959,2444.43,113.33,-6.00,11.22,65010.9,0,0.00,0.00,5
38873,1.324,-0.030,-1.763,-0.061,2.441,157.776,-16.000,-10.000,-44.000,-0.0164,-0.6724,0.7337,0.0966,2446.64,113.16,-5.73,11.24,64998.7,0,0.00,0.00,5
38893,1.322,-0.104,-1.766,0.061,2.624,157.349,-15.000,-13.000,-44.000,-0.0135,-0.6922,0.7150,0.0972,2448.84,113.00,-5.52,11.26,64981.0,0,0.00,0.00,5
38913,1.314,-0.175,-1.761,0.244,2.502,157.288,-14.000,-13.000,-44.000,-0.0106,-0.7115,0.6958,0.0977,2451.03,112.82,-5.27,11.28,64967.7,0,0.00,0.00,5
38934,1.306,-0.248,-1.760,0.427,2.624,157.043,-15.000,-12.000,-44.000,-0.0076,-0.7303,0.6760,0.0981,2453.23,112.67,-5.07,11.29,64944.8,0,0.00,0.00,5
38953,1.291,-0.322,-1.755,0.549,2.502,156.860,-11.000,-13.000,-43.000,-0.0047,-0.7485,0.6558,0.0984,2455.44,112.54,-4.85,11.31,64926.2,0,0.00,0.00,5
38973,1.272,-0.390,-1.757,0.671,2.380,156.494,-11.000,-14.000,-46.000,-0.0017,-0.7660,0.6352,0.0986,2457.63,112.39,-4.74,11.32,64912.0,0,0.00,0.00,5
38993,1.252,-0.460,-1.750,0.793,2.563,156.311,-11.000,-16.000,-44.000,0.0013,-0.7830,0.6141,0.0987,2459.83,112.25,-4.56,11.33,64893.0,0,0.00,0.00,5
39017,1.226,-0.528,-1.747,1.099,2.502,156.250,-10.000,-18.000,-44.000,0.0044,-0.7995,0.5925,0.0987,2462.04,112.13,-4.46,11.34,64871.4,0,0.00,0.00,5
39033,1.198,-0.594,-1.745,1.038,2.441,156.006,-10.000,-17.000,-43.000,0.0074,-0.8152,0.5706,0.0987,2464.23,111.99,-4.40,11.36,64860.2,0,0.00,0.00,5
39054,1.163,-0.660,-1.749,1.160,2.380,155.762,-8.000,-17.000,-44.000,0.0105,-0.8304,0.5483,0.0985,2466.45,111.88,-4.42,11.37,64834.4,0,0.00,0.00,5
39073,1.128,-0.722,-1.745,1.404,2.258,155.640,-8.000,-19.000,-43.000,0.0136,-0.8450,0.5255,0.0982,2468.66,111.78,-4.40,11.38,64817.1,0,0.00,0.00,5
39093,1.085,-0.784,-1.746,1.526,2.136,155.334,-5.000,-19.000,-43.000,0.0166,-0.8589,0.5025,0.0978,2470.85,111.64,-4.47,11.39,64804.8,0,0.00,0.00,5
39113,1.045,-0.841,-1.739,1.648,2.197,155.212,-5.000,-18.000,-45.000,0.0197,-0.8721,0.4791,0.0974,2473.06,111.53,-4.49,11.41,64783.5,0,0.00,0.00,5
39133,0.999,-0.901,-1.734,1.709,1.953,154.968,-4.000,-19.000,-43.000,0.0228,-0.8847,0.4553,0.0968,2475.24,111.40,-4.56,11.42,64770.9,0,0.00,0.00,5
39153,0.947,-0.952,-1.734,1.892,1.831,154.724,-4.000,-21.000,-44.000,0.0259,-0.8967,0.4313,0.0962,2477.41,111.24,-4.71,11.43,64756.6,0,0.00,0.00,5
39174,0.899,-1.003,-1.731,1.892,1.892,154.541,-4.000,-20.000,-43.000,0.0290,-0.9080,0.4070,0.0955,2479.59,111.11,-4.85,11.45,64735.2,0,0.00,0.00,5
39193,0.843,-1.052,-1.732,2.014,1.770,154.358,-2.000,-20.000,-44.000,0.0320,-0.9186,0.3824,0.0946,2481.78,110.98,-5.06,11.47,64716.6,0,0.00,0.00,5
39213,0.785,-1.096,-1.729,2.258,1.526,154.114,-1.000,-22.000,-44.000,0.0351,-0.9285,0.3576,0.0937,2483.96,110.83,-5.25,11.49,64700.8,0,0.00,0.00,5
39233,0.729,-1.137,-1.728,2.319,1.587,153.870,2.000,-19.000,-44.000,0.0382,-0.9377,0.3326,0.0927,2486.11,110.67,-5.49,11.51,64687.4,0,0.00,0.00,5
39253,0.667,-1.177,-1.723,2.258,1.526,153.748,1.000,-19.000,-43.000,0.0412,-0.9463,0.3073,0.0917,2488.31,110.54,-5.70,11.54,64662.2,0,0.00,0.00,5
39273,0.601,-1.214,-1.722,2.441,1.221,153.564,3.000,-20.000,-44.000,0.0442,-0.9541,0.2819,0.0905,2490.45,110.35,-5.97,11.56,64655.8,0,0.00,0.00,5
39294,0.537,-1.244,-1.717,2.563,1.282,153.259,3.000,-20.000,-43.000,0.0473,-0.9613,0.2563,0.0893,2492.60,110.18,-6.21,11.60,64635.7,0,0.00,0.00,5
39313,0.469,-1.274,-1.715,2.563,0.977,153.137,3.000,-20.000,-44.000,0.0502,-0.9678,0.2306,0.0880,2494.70,109.96,-6.49,11.63,64629.0,0,0.00,0.00,5
39333,0.402,-1.297,-1.719,2.624,0.855,152.954,6.000,-19.000,-44.000,0.0532,-0.9735,0.2047,0.0866,2496.85,109.78,-6.82,11.66,64600.5,0,0.00,0.00,5
39353,0.332,-1.318,-1.713,2.563,0.793,152.588,7.000,-20.000,-44.000,0.0561,-0.9786,0.1787,0.0851,2498.99,109.59,-7.06,11.70,64584.6,0,0.00,0.00,5
39373,0.264,-1.334,-1.708,2.624,0.488,152.466,6.000,-19.000,-44.000,0.0589,-0.9830,0.1526,0.0835,2501.06,109.33,-7.31,11.73,64583.7,0,0.00,0.00,5
39393,0.193,-1.351,-1.710,2.747,0.488,152.344,10.000,-18.000,-44.000,0.0617,-0.9867,0.1265,0.0819,2503.21,109.14,-7.62,11.77,64547.5,0,0.00,0.00,5
39414,0.120,-1.359,-1.709,2.747,0.305,152.161,11.000,-17.000,-43.000,0.0645,-0.9896,0.1003,0.0802,2505.31,108.91,-7.89,11.82,64541.9,0,0.00,0.00,5
39433,0.048,-1.364,-1.705,2.930,0.122,151.916,10.000,-16.000,-43.000,0.0673,-0.9919,0.0740,0.0784,2507.42,108.69,-8.11,11.86,64521.1,0,0.00,0.00,5
39453,-0.022,-1.368,-1.704,2.869,0.000,151.611,11.000,-17.000,-43.000,0.0700,-0.9935,0.0478,0.0766,2509.54,108.47,-8.34,11.91,64502.4,0,0.00,0.00,5
39473,-0.096,-1.367,-1.700,2.869,-0.244,151.428,13.000,-16.000,-43.000,0.0726,-0.9943,0.0216,0.0747,2511.70,108.29,-8.54,11.96,64476.0,0,0.00,0.00,5
39493,-0.167,-1.361,-1.703,2.808,-0.305,151.306,14.000,-16.000,-43.000,0.0752,-0.9945,-0.0046,0.0727,2513.83,108.09,-8.77,12.01,64463.8,0,0.00,0.00,5
39513,-0.241,-1.353,-1.700,2.808,-0.366,151.062,14.000,-16.000,-44.000,0.0777,-0.9940,-0.0308,0.0707,2515.96,107.87,-8.92,12.06,64449.0,0,0.00,0.00,5
39534,-0.310,-1.339,-1.696,2.747,-0.549,150.940,16.000,-14.000,-45.000,0.0802,-0.9928,-0.0569,0.0686,2518.05,107.64,-9.04,12.11,64437.3,0,0.00,0.00,5
39553,-0.381,-1.323,-1.691,2.686,-0.732,150.574,17.000,-14.000,-44.000,0.0825,-0.9909,-0.0830,0.0665,2520.11,107.37,-9.11,12.16,64427.0,0,0.00,0.00,5
39573,-0.449,-1.302,-1.693,2.686,-0.916,150.513,16.000,-12.000,-43.000,0.0849,-0.9883,-0.1089,0.0642,2522.14,107.08,-9.22,12.22,64416.5,0,0.00,0.00,5
39593,-0.519,-1.279,-1.689,2.686,-1.099,150.208,17.000,-12.000,-44.000,0.0871,-0.9851,-0.1347,0.0619,2524.22,106.84,-9.24,12.27,64387.5,0,0.00,0.00,5
39613,-0.584,-1.250,-1.690,2.624,-1.099,149.963,16.000,-10.000,-43.000,0.0893,-0.9812,-0.1604,0.0596,2526.24,106.54,-9.27,12.32,64385.1,0,0.00,0.00,5
39633,-0.650,-1.221,-1.684,2.747,-1.343,149.780,19.000,-10.000,-44.000,0.0914,-0.9766,-0.1859,0.0572,2528.32,106.32,-9.21,12.38,64352.6,0,0.00,0.00,5
39654,-0.715,-1.185,-1.679,2.502,-1.526,149.658,18.000,-10.000,-44.000,0.0935,-0.9714,-0.2113,0.0547,2530.38,106.07,-9.12,12.43,64341.9,0,0.00,0.00,5
39673,-0.772,-1.146,-1.683,2.441,-1.526,149.475,19.000,-8.000,-44.000,0.0954,-0.9655,-0.2365,0.0522,2532.42,105.81,-9.08,12.49,64329.3,0,0.00,0.00,5
39693,-0.832,-1.107,-1.678,2.319,-1.709,149.170,20.000,-7.000,-44.000,0.0973,-0.9590,-0.2615,0.0496,2534.45,105.56,-8.93,12.54,64312.0,0,0.00,0.00,5
39713,-0.893,-1.063,-1.674,2.258,-1.953,148.987,21.000,-8.000,-43.000,0.0991,-0.9519,-0.2862,0.0470,2536.47,105.30,-8.75,12.59,64299.4,0,0.00,0.00,5
39738,-0.948,-1.018,-1.673,2.258,-2.014,148.804,19.000,-5.000,-44.000,0.1008,-0.9441,-0.3108,0.0443,2538.45,105.01,-8.57,12.64,64290.2,0,0.00,0.00,5
39753,-1.000,-0.966,-1.670,2.136,-2.075,148.621,19.000,-4.000,-43.000,0.1024,-0.9357,-0.3351,0.0416,2540.48,104.79,-8.34,12.69,64262.2,0,0.00,0.00,5
39774,-1.050,-0.917,-1.671,1.953,-2.197,148.438,21.000,-2.000,-43.000,0.1039,-0.9267,-0.3591,0.0389,2542.51,104.56,-8.13,12.74,64247.2,0,0.00,0.00,5
39793,-1.100,-0.862,-1.668,1.892,-2.319,148.132,20.000,-1.000,-43.000,0.1054,-0.9170,-0.3829,0.0360,2544.57,104.38,-7.86,12.79,64222.2,0,0.00,0.00,5
39813,-1.142,-0.804,-1.661,1.770,-2.380,148.193,22.000,-2.000,-42.000,0.1068,-0.9068,-0.4064,0.0332,2546.60,104.17,-7.51,12.84,64212.6,0,0.00,0.00,5
39833,-1.182,-0.743,-1.662,1.648,-2.441,147.827,20.000,1.000,-43.000,0.1080,-0.8960,-0.4296,0.0303,2548.66,104.01,-7.24,12.88,64189.4,0,0.00,0.00,5
39853,-1.220,-0.682,-1.667,1.526,-2.624,147.644,19.000,0.000,-43.000,0.1092,-0.8847,-0.4525,0.0274,2550.66,103.80,-6.98,12.93,64183.5,0,0.00,0.00,5
39873,-1.254,-0.621,-1.659,1.343,-2.563,147.461,21.000,2.000,-43.000,0.1103,-0.8727,-0.4750,0.0244,2552.70,103.63,-6.60,12.97,64160.8,0,0.00,0.00,5
39894,-1.284,-0.556,-1.658,1.221,-2.747,147.278,20.000,5.000,-43.000,0.1113,-0.8602,-0.4972,0.0214,2554.68,103.42,-6.27,13.01,64157.4,0,0.00,0.00,5
39913,-1.314,-0.490,-1.655,1.160,-2.930,147.156,20.000,4.000,-43.000,0.1122,-0.8472,-0.5190,0.0183,2556.67,103.23,-5.91,13.05,64138.1,0,0.00,0.00,5
39933,-1.340,-0.421,-1.653,0.977,-2.930,146.912,21.000,5.000,-44.000,0.1130,-0.8336,-0.5405,0.0153,2558.70,103.09,-5.56,13.09,64112.6,0,0.00,0.00,5
39953,-1.360,-0.353,-1.649,0.855,-2.808,146.606,20.000,7.000,-43.000,0.1137,-0.8195,-0.5616,0.0122,2560.70,102.93,-5.20,13.13,64102.7,0,0.00,0.00,5
39973,-1.376,-0.284,-1.650,0.610,-2.991,146.545,19.000,7.000,-42.000,0.1143,-0.8049,-0.5823,0.0090,2562.66,102.74,-4.89,13.17,64094.7,0,0.00,0.00,5
39993,-1.393,-0.215,-1.643,0.549,-3.052,146.301,20.000,8.000,-42.000,0.1148,-0.7898,-0.6025,0.0059,2564.67,102.61,-4.51,13.20,64069.8,0,0.00,0.00,5
40014,-1.403,-0.143,-1.640,0.366,-2.991,146.179,20.000,10.000,-43.000,0.1152,-0.7741,-0.6224,0.0027,2566.66,102.46,-4.19,13.24,64057.4,0,0.00,0.00,5
40033,-1.410,-0.070,-1.640,0.244,-3.052,145.813,19.000,12.000,-43.000,0.1156,-0.7581,-0.6418,-0.0005,2568.61,102.30,-3.90,13.27,64047.0,0,0.00,0.00,5
40053,-1.413,0.000,-1.638,0.122,-3.052,145.691,18.000,13.000,-41.000,0.1158,-0.7415,-0.6608,-0.0037,2570.58,102.15,-3.63,13.31,64030.6,0,0.00,0.00,5
40073,-1.412,0.073,-1.639,-0.122,-2.930,145.447,19.000,13.000,-42.000,0.1159,-0.7245,-0.6794,-0.0069,2572.50,101.97,-3.40,13.34,64023.7,0,0.00,0.00,5
40093,-1.409,0.145,-1.640,-0.183,-3.174,145.386,16.000,13.000,-43.000,0.1160,-0.7071,-0.6975,-0.0101,2574.45,101.83,-3.19,13.37,63999.8,0,0.00,0.00,5
40113,-1.401,0.215,-1.635,-0.305,-3.052,145.020,17.000,14.000,-44.000,0.1159,-0.6892,-0.7151,-0.0134,2576.39,101.67,-2.97,13.40,63989.8,0,0.00,0.00,5
40134,-1.390,0.285,-1.633,-0.549,-3.113,144.897,16.000,15.000,-42.000,0.1157,-0.6710,-0.7322,-0.0167,2578.36,101.56,-2.79,13.43,63965.4,0,0.00,0.00,5
40153,-1.375,0.355,-1.625,-0.671,-3.052,144.714,15.000,14.000,-43.000,0.1155,-0.6523,-0.7489,-0.0199,2580.31,101.43,-2.59,13.46,63954.1,0,0.00,0.00,5
40173,-1.355,0.424,-1.627,-0.793,-3.052,144.592,14.000,17.000,-43.000,0.1151,-0.6332,-0.7650,-0.0232,2582.22,101.28,-2.52,13.49,63946.6,0,0.00,0.00,5
40193,-1.334,0.494,-1.622,-1.038,-3.052,144.348,13.000,17.000,-42.000,0.1147,-0.6138,-0.7807,-0.0265,2584.17,101.16,-2.41,13.52,63922.9,0,0.00,0.00,5
40213,-1.309,0.560,-1.623,-1.160,-2.991,144.165,14.000,18.000,-43.000,0.1142,-0.5939,-0.7958,-0.0298,2586.12,101.05,-2.39,13.55,63906.1,0,0.00,0.00,5
40233,-1.280,0.627,-1.623,-1.282,-2.930,143.921,11.000,19.000,-41.000,0.1135,-0.5738,-0.8104,-0.0331,2588.04,100.90,-2.41,13.58,63898.2,0,0.00,0.00,5
40254,-1.250,0.693,-1.622,-1.404,-2.747,143.738,11.000,19.000,-43.000,0.1128,-0.5533,-0.8245,-0.0364,2589.97,100.78,-2.44,13.61,63879.8,0,0.00,0.00,5
40273,-1.215,0.752,-1.614,-1.526,-2.808,143.494,9.000,19.000,-43.000,0.1120,-0.5325,-0.8380,-0.0396,2591.89,100.64,-2.45,13.64,63867.0,0,0.00,0.00,5
40293,-1.176,0.814,-1.614,-1.770,-2.563,143.372,9.000,20.000,-43.000,0.1110,-0.5114,-0.8511,-0.0429,2593.82,100.51,-2.57,13.67,63849.0,0,0.00,0.00,5
40313,-1.136,0.873,-1.611,-1.831,-2.563,143.127,8.000,20.000,-43.000,0.1100,-0.4900,-0.8635,-0.0462,2595.73,100.36,-2.68,13.70,63838.2,0,0.00,0.00,5
40333,-1.091,0.930,-1.610,-2.014,-2.441,143.005,5.000,21.000,-43.000,0.1089,-0.4683,-0.8754,-0.0494,2597.66,100.23,-2.85,13.73,63819.0,0,0.00,0.00,5
40353,-1.049,0.984,-1.609,-2.136,-2.502,142.761,4.000,20.000,-43.000,0.1077,-0.4464,-0.8868,-0.0526,2599.54,100.05,-3.04,13.77,63812.8,0,0.00,0.00,5
40374,-0.995,1.033,-1.604,-2.136,-2.136,142.700,5.000,22.000,-43.000,0.1063,-0.4242,-0.8976,-0.0558,2601.48,99.94,-3.25,13.80,63784.5,0,0.00,0.00,5
40393,-0.945,1.084,-1.604,-2.380,-2.136,142.456,4.000,22.000,-42.000,0.1050,-0.4018,-0.9078,-0.0590,2603.46,99.85,-3.50,13.83,63760.2,0,0.00,0.00,5
40413,-0.888,1.130,-1.603,-2.502,-2.075,142.273,3.000,21.000,-44.000,0.1035,-0.3792,-0.9174,-0.0622,2605.34,99.66,-3.79,13.87,63767.4,0,0.00,0.00,5
40433,-0.836,1.173,-1.599,-2.563,-2.014,142.029,2.000,23.000,-43.000,0.1019,-0.3563,-0.9265,-0.0654,2607.26,99.52,-4.04,13.91,63742.2,0,0.00,0.00,5
40453,-0.774,1.218,-1.596,-2.624,-1.831,141.785,1.000,23.000,-43.000,0.1003,-0.3333,-0.9350,-0.0685,2609.13,99.31,-4.34,13.95,63738.9,0,0.00,0.00,5
40477,-0.715,1.253,-1.592,-2.747,-1.648,141.663,1.000,23.000,-42.000,0.0986,-0.3101,-0.9429,-0.0715,2611.03,99.15,-4.63,13.99,63714.9,0,0.00,0.00,5
40494,-0.653,1.288,-1.591,-2.869,-1.587,141.480,-1.000,22.000,-42.000,0.0968,-0.2868,-0.9502,-0.0746,2612.88,98.92,-4.97,14.04,63710.7,0,0.00,0.00,5
40513,-0.587,1.323,-1.588,-2.869,-1.343,141.296,-1.000,21.000,-43.000,0.0949,-0.2633,-0.9569,-0.0776,2614.78,98.75,-5.30,14.08,63684.5,0,0.00,0.00,5
40533,-0.522,1.349,-1.584,-3.052,-1.282,141.113,-4.000,22.000,-43.000,0.0930,-0.2396,-0.9630,-0.0806,2616.66,98.54,-5.61,14.14,63675.0,0,0.00,0.00,5
40553,-0.458,1.374,-1.587,-3.113,-1.160,140.869,-4.000,22.000,-41.000,0.0909,-0.2159,-0.9686,-0.0836,2618.47,98.28,-5.98,14.19,63672.5,0,0.00,0.00,5
40573,-0.389,1.398,-1.584,-3.052,-0.916,140.747,-5.000,20.000,-42.000,0.0888,-0.1921,-0.9735,-0.0865,2620.36,98.08,-6.31,14.24,63641.9,0,0.00,0.00,5
40593,-0.319,1.417,-1.576,-3.113,-0.855,140.564,-8.000,22.000,-41.000,0.0867,-0.1682,-0.9779,-0.0893,2622.27,97.91,-6.57,14.30,63620.5,0,0.00,0.00,5
40614,-0.255,1.431,-1.577,-3.113,-0.793,140.381,-8.000,20.000,-42.000,0.0845,-0.1442,-0.9816,-0.0921,2624.11,97.66,-6.89,14.36,63621.4,0,0.00,0.00,5
40633,-0.182,1.443,-1.577,-3.174,-0.488,140.137,-8.000,20.000,-42.000,0.0822,-0.1202,-0.9848,-0.0948,2625.99,97.44,-7.20,14.42,63597.1,0,0.00,0.00,5
40653,-0.109,1.451,-1.574,-3.235,-0.366,140.015,-8.000,20.000,-43.000,0.0798,-0.0961,-0.9874,-0.0975,2627.82,97.19,-7.47,14.48,63590.6,0,0.00,0.00,5
40673,-0.038,1.457,-1.572,-3.235,-0.122,139.893,-11.000,20.000,-42.000,0.0774,-0.0720,-0.9893,-0.1002,2629.60,96.89,-7.73,14.54,63587.4,0,0.00,0.00,5
40693,0.031,1.458,-1.571,-3.235,0.061,139.648,-11.000,19.000,-43.000,0.0749,-0.0479,-0.9907,-0.1027,2631.48,96.67,-7.96,14.61,63551.2,0,0.00,0.00,5
40713,0.103,1.457,-1.563,-3.296,0.122,139.404,-11.000,16.000,-43.000,0.0723,-0.0239,-0.9915,-0.1052,2633.27,96.38,-8.10,14.67,63554.4,0,0.00,0.00,5
40734,0.173,1.450,-1.568,-3.235,0.244,139.221,-13.000,19.000,-42.000,0.0698,0.0002,-0.9917,-0.1077,2635.10,96.12,-8.33,14.74,63531.5,0,0.00,0.00,5
40753,0.243,1.443,-1.563,-3.235,0.366,138.977,-14.000,17.000,-40.000,0.0671,0.0242,-0.9914,-0.1100,2636.90,95.84,-8.45,14.81,63522.9,0,0.00,0.00,5
40773,0.313,1.430,-1.557,-3.296,0.671,138.977,-16.000,17.000,-43.000,0.0644,0.0482,-0.9904,-0.1123,2638.70,95.56,-8.52,14.88,63506.1,0,0.00,0.00,5
40793,0.383,1.415,-1.554,-3.235,0.732,138.794,-16.000,16.000,-41.000,0.0617,0.0721,-0.9889,-0.1145,2640.50,95.29,-8.58,14.95,63491.8,0,0.00,0.00,5
40813,0.454,1.394,-1.555,-3.235,0.732,138.489,-16.000,14.000,-43.000,0.0589,0.0959,-0.9868,-0.1167,2642.25,94.97,-8.64,15.02,63489.0,0,0.00,0.00,5
40833,0.520,1.374,-1.549,-3.174,1.038,138.428,-17.000,14.000,-43.000,0.0560,0.1197,-0.9841,-0.1187,2644.02,94.68,-8.60,15.09,63468.5,0,0.00,0.00,5
40854,0.584,1.347,-1.549,-3.113,1.221,138.123,-19.000,14.000,-41.000,0.0531,0.1433,-0.9809,-0.1207,2645.82,94.43,-8.59,15.16,63445.9,0,0.00,0.00,5
40873,0.649,1.323,-1.550,-3.052,1.343,138.062,-20.000,14.000,-41.000,0.0501,0.1668,-0.9771,-0.1226,2647.60,94.15,-8.55,15.22,63437.6,0,0.00,0.00,5
40893,0.715,1.290,-1.546,-2.930,1.465,137.817,-19.000,11.000,-41.000,0.0471,0.1902,-0.9727,-0.1244,2649.35,93.86,-8.42,15.29,63427.7,0,0.00,0.00,5
40913,0.777,1.254,-1.542,-2.869,1.648,137.573,-20.000,11.000,-43.000,0.0441,0.2134,-0.9678,-0.1261,2651.14,93.62,-8.25,15.36,63403.8,0,0.00,0.00,5
40933,0.835,1.217,-1.542,-2.869,1.831,137.390,-20.000,9.000,-43.000,0.0410,0.2364,-0.9623,-0.1278,2652.93,93.39,-8.08,15.42,63389.1,0,0.00,0.00,5
40953,0.896,1.178,-1.540,-2.686,1.831,137.268,-20.000,11.000,-42.000,0.0378,0.2593,-0.9563,-0.1293,2654.68,93.12,-7.87,15.49,63383.5,0,0.00,0.00,5
40974,0.950,1.132,-1.537,-2.624,2.014,137.146,-22.000,8.000,-41.000,0.0346,0.2821,-0.9498,-0.1308,2656.41,92.84,-7.61,15.55,63373.6,0,0.00,0.00,5
40993,1.005,1.087,-1.536,-2.563,2.197,136.963,-22.000,8.000,-39.000,0.0314,0.3046,-0.9427,-0.1321,2658.16,92.60,-7.35,15.61,63353.6,0,0.00,0.00,5
41013,1.057,1.038,-1.532,-2.502,2.319,136.719,-21.000,7.000,-42.000,0.0281,0.3269,-0.9352,-0.1334,2659.91,92.36,-7.03,15.67,63340.6,0,0.00,0.00,5
41033,1.107,0.988,-1.533,-2.319,2.441,136.536,-23.000,4.000,-42.000,0.0248,0.3490,-0.9271,-0.1346,2661.68,92.16,-6.73,15.73,63321.0,0,0.00,0.00,5
41053,1.155,0.934,-1.528,-2.258,2.441,136.353,-24.000,5.000,-41.000,0.0215,0.3709,-0.9185,-0.1357,2663.43,91.94,-6.35,15.79,63311.4,0,0.00,0.00,5
41073,1.197,0.879,-1.523,-2.136,2.686,136.108,-23.000,5.000,-42.000,0.0181,0.3925,-0.9094,-0.1367,2665.16,91.73,-5.96,15.85,63300.2,0,0.00,0.00,5
41094,1.240,0.823,-1.524,-2.075,2.686,135.925,-24.000,0.000,-42.000,0.0148,0.4139,-0.8998,-0.1376,2666.91,91.54,-5.60,15.91,63281.6,0,0.00,0.00,5
41113,1.279,0.765,-1.521,-1.892,2.808,135.864,-25.000,3.000,-43.000,0.0113,0.4350,-0.8897,-0.1384,2668.59,91.30,-5.19,15.97,63282.6,0,0.00,0.00,5
41133,1.314,0.703,-1.521,-1.648,2.869,135.681,-24.000,-1.000,-43.000,0.0079,0.4558,-0.8791,-0.1391,2670.36,91.15,-4.81,16.02,63249.6,0,0.00,0.00,5
41153,1.349,0.643,-1.514,-1.648,2.991,135.437,-25.000,-3.000,-41.000,0.0044,0.4764,-0.8681,-0.1398,2672.05,90.94,-4.35,16.08,63252.3,0,0.00,0.00,5
41173,1.377,0.577,-1.513,-1.404,3.113,135.254,-23.000,-4.000,-42.000,0.0009,0.4966,-0.8565,-0.1403,2673.75,90.75,-3.95,16.13,63237.6,0,0.00,0.00,5
41193,1.404,0.513,-1.512,-1.343,3.174,135.071,-23.000,-4.000,-41.000,-0.0026,0.5166,-0.8446,-0.1407,2675.45,90.57,-3.55,16.18,63221.1,0,0.00,0.00,5
41218,1.428,0.447,-1.507,-1.099,3.296,134.949,-24.000,-5.000,-41.000,-0.0062,0.5362,-0.8322,-0.1410,2677.15,90.40,-3.12,16.23,63209.8,0,0.00,0.00,5
41233,1.449,0.381,-1.506,-0.977,3.235,134.766,-23.000,-6.000,-42.000,-0.0097,0.5556,-0.8193,-0.1413,2678.85,90.25,-2.74,16.28,63194.2,0,0.00,0.00,5
41253,1.467,0.307,-1.502,-0.793,3.235,134.705,-23.000,-6.000,-41.000,-0.0133,0.5746,-0.8060,-0.1414,2680.59,90.14,-2.33,16.33,63173.4,0,0.00,0.00,5
41273,1.484,0.241,-1.501,-0.732,3.418,134.460,-22.000,-10.000,-42.000,-0.0169,0.5932,-0.7923,-0.1414,2682.30,90.02,-1.97,16.38,63164.6,0,0.00,0.00,5
41293,1.494,0.174,-1.500,-0.427,3.357,134.216,-21.000,-7.000,-41.000,-0.0205,0.6115,-0.7782,-0.1413,2684.02,89.91,-1.64,16.42,63149.3,0,0.00,0.00,5
41313,1.501,0.102,-1.499,-0.305,3.479,134.033,-22.000,-10.000,-41.000,-0.0241,0.6295,-0.7637,-0.1412,2685.69,89.76,-1.31,16.47,63146.6,0,0.00,0.00,5
41334,1.507,0.032,-1.494,-0.183,3.479,133.850,-21.000,-10.000,-41.000,-0.0277,0.6471,-0.7488,-0.1409,2687.44,89.70,-0.99,16.51,63115.4,0,0.00,0.00,5
41353,1.508,-0.039,-1.494,0.061,3.418,133.667,-22.000,-12.000,-42.000,-0.0313,0.6643,-0.7335,-0.1405,2689.15,89.61,-0.73,16.56,63109.8,0,0.00,0.00,5
41373,1.508,-0.108,-1.488,0.122,3.601,133.484,-20.000,-12.000,-41.000,-0.0350,0.6811,-0.7178,-0.1401,2690.81,89.48,-0.45,16.60,63108.5,0,0.00,0.00,5
41393,1.502,-0.179,-1.486,0.366,3.479,133.423,-20.000,-13.000,-40.000,-0.0386,0.6975,-0.7018,-0.1395,2692.44,89.33,-0.24,16.65,63098.9,0,0.00,0.00,5
41413,1.494,-0.248,-1.483,0.488,3.479,133.057,-18.000,-15.000,-41.000,-0.0422,0.7135,-0.6854,-0.1389,2694.16,89.27,0.00,16.69,63068.8,0,0.00,0.00,5
41433,1.482,-0.320,-1.482,0.610,3.418,133.057,-19.000,-16.000,-40.000,-0.0458,0.7292,-0.6687,-0.1381,2695.79,89.12,0.00,16.73,63073.6,0,0.00,0.00,5
41454,1.466,-0.387,-1.479,0.855,3.418,132.874,-17.000,-16.000,-41.000,-0.0494,0.7444,-0.6516,-0.1372,2697.50,89.05,0.00,16.78,63043.7,0,0.00,0.00,5
41473,1.447,-0.456,-1.477,0.977,3.540,132.568,-16.000,-17.000,-42.000,-0.0530,0.7592,-0.6342,-0.1363,2699.17,88.96,0.25,16.82,63038.7,0,0.00,0.00,5
41493,1.427,-0.522,-1.476,1.099,3.357,132.446,-18.000,-17.000,-43.000,-0.0566,0.7736,-0.6165,-0.1353,2700.86,88.88,0.26,16.86,63021.9,0,0.00,0.00,5
41513,1.402,-0.590,-1.472,1.343,3.296,132.324,-15.000,-19.000,-42.000,-0.0602,0.7875,-0.5985,-0.1341,2702.47,88.73,0.27,16.90,63024.2,0,0.00,0.00,5
41533,1.377,-0.653,-1.473,1.404,3.174,132.202,-14.000,-19.000,-41.000,-0.0637,0.8010,-0.5802,-0.1329,2704.11,88.60,0.00,16.95,63005.8,0,0.00,0.00,5
41553,1.347,-0.716,-1.470,1.587,3.174,131.897,-15.000,-20.000,-41.000,-0.0672,0.8141,-0.5616,-0.1315,2705.82,88.54,0.00,16.99,62978.6,0,0.00,0.00,5
41574,1.313,-0.780,-1.468,1.831,3.052,131.714,-14.000,-23.000,-41.000,-0.0708,0.8267,-0.5428,-0.1301,2707.48,88.44,0.00,17.03,62974.1,0,0.00,0.00,5
41593,1.277,-0.841,-1.461,1.892,3.052,131.653,-12.000,-20.000,-40.000,-0.0742,0.8389,-0.5236,-0.1286,2709.15,88.35,0.00,17.08,62959.4,0,0.00,0.00,5
41613,1.239,-0.897,-1.463,2.136,2.808,131.409,-11.000,-22.000,-40.000,-0.0777,0.8506,-0.5043,-0.1269,2710.79,88.22,-0.37,17.12,62952.8,0,0.00,0.00,5
41633,1.198,-0.954,-1.458,2.136,2.869,131.287,-11.000,-23.000,-41.000,-0.0811,0.8619,-0.4847,-0.1252,2712.44,88.11,-0.57,17.16,62936.2,0,0.00,0.00,5
41653,1.155,-1.010,-1.454,2.319,2.808,131.104,-8.000,-23.000,-41.000,-0.0846,0.8727,-0.4649,-0.1234,2714.10,87.99,-0.81,17.21,62923.0,0,0.00,0.00,5
41673,1.108,-1.064,-1.453,2.441,2.686,130.859,-8.000,-24.000,-42.000,-0.0880,0.8830,-0.4448,-0.1215,2715.67,87.80,-1.11,17.26,62925.8,0,0.00,0.00,5
41694,1.061,-1.114,-1.452,2.563,2.502,130.859,-7.000,-24.000,-40.000,-0.0913,0.8928,-0.4246,-0.1196,2717.28,87.63,-1.44,17.30,62907.2,0,0.00,0.00,5
41713,1.008,-1.162,-1.445,2.686,2.441,130.554,-7.000,-23.000,-40.000,-0.0946,0.9022,-0.4041,-0.1175,2718.85,87.43,-1.73,17.35,62901.0,0,0.00,0.00,5
41733,0.957,-1.206,-1.445,2.747,2.258,130.432,-4.000,-24.000,-41.000,-0.0979,0.9111,-0.3835,-0.1153,2720.52,87.31,-2.10,17.40,62868.0,0,0.00,0.00,5
41753,0.900,-1.252,-1.445,2.930,2.197,130.310,-4.000,-23.000,-41.000,-0.1011,0.9195,-0.3627,-0.1131,2722.14,87.15,-2.51,17.46,62864.2,0,0.00,0.00,5
41773,0.847,-1.292,-1.443,2.930,1.953,130.005,-4.000,-25.000,-41.000,-0.1043,0.9274,-0.3417,-0.1108,2723.72,86.94,-2.88,17.51,62860.6,0,0.00,0.00,5
41793,0.784,-1.332,-1.439,3.052,1.831,129.944,-1.000,-25.000,-40.000,-0.1075,0.9348,-0.3206,-0.1084,2725.33,86.75,-3.27,17.56,62841.6,0,0.00,0.00,5
41814,0.723,-1.368,-1.438,3.235,1.648,129.761,-1.000,-25.000,-40.000,-0.1106,0.9418,-0.2994,-0.1059,2726.94,86.56,-3.70,17.62,62827.4,0,0.00,0.00,5
41833,0.661,-1.399,-1.436,3.357,1.709,129.639,1.000,-26.000,-42.000,-0.1137,0.9482,-0.2780,-0.1034,2728.53,86.35,-4.09,17.68,62817.8,0,0.00,0.00,5
41853,0.602,-1.431,-1.432,3.479,1.465,129.456,2.000,-25.000,-40.000,-0.1168,0.9541,-0.2566,-0.1008,2730.12,86.13,-4.48,17.75,62806.1,0,0.00,0.00,5
41873,0.535,-1.457,-1.433,3.418,1.343,129.211,4.000,-25.000,-41.000,-0.1198,0.9596,-0.2350,-0.0981,2731.79,85.98,-4.91,17.81,62776.0,0,0.00,0.00,5
41893,0.470,-1.483,-1.426,3.540,1.160,129.089,3.000,-25.000,-41.000,-0.1227,0.9645,-0.2133,-0.0954,2733.36,85.74,-5.27,17.88,62783.0,0,0.00,0.00,5
41913,0.406,-1.503,-1.426,3.540,0.977,128.967,4.000,-23.000,-41.000,-0.1256,0.9690,-0.1916,-0.0925,2734.94,85.51,-5.65,17.95,62767.0,0,0.00,0.00,5
41937,0.337,-1.521,-1.423,3.540,0.732,128.784,6.000,-24.000,-41.000,-0.1284,0.9730,-0.1698,-0.0897,2736.53,85.27,-6.02,18.02,62754.1,0,0.00,0.00,5
41953,0.269,-1.536,-1.417,3.723,0.732,128.662,7.000,-25.000,-41.000,-0.1312,0.9764,-0.1479,-0.0867,2738.13,85.05,-6.32,18.10,62737.0,0,0.00,0.00,5
41973,0.199,-1.549,-1.415,3.723,0.488,128.357,8.000,-22.000,-40.000,-0.1339,0.9794,-0.1260,-0.0838,2739.70,84.80,-6.65,18.17,62730.9,0,0.00,0.00,5
41993,0.128,-1.556,-1.414,3.723,0.244,128.296,10.000,-24.000,-40.000,-0.1365,0.9818,-0.1041,-0.0807,2741.26,84.54,-6.96,18.25,62719.0,0,0.00,0.00,5
42013,0.059,-1.563,-1.410,3.784,0.244,128.113,10.000,-24.000,-41.000,-0.1391,0.9838,-0.0822,-0.0776,2742.82,84.27,-7.22,18.33,62706.7,0,0.00,0.00,5
42033,-0.012,-1.566,-1.407,3.784,0.000,127.808,11.000,-23.000,-41.000,-0.1416,0.9853,-0.0603,-0.0745,2744.44,84.06,-7.45,18.41,62681.9,0,0.00,0.00,5
42054,-0.082,-1.566,-1.405,3.845,-0.122,127.747,14.000,-23.000,-41.000,-0.1440,0.9863,-0.0384,-0.0713,2745.98,83.77,-7.66,18.49,62685.0,0,0.00,0.00,5
42073,-0.149,-1.562,-1.403,3.784,-0.366,127.502,14.000,-23.000,-40.000,-0.1463,0.9868,-0.0165,-0.0680,2747.51,83.48,-7.83,18.57,62673.9,0,0.00,0.00,5
42093,-0.221,-1.556,-1.401,3.723,-0.488,127.502,14.000,-22.000,-41.000,-0.1486,0.9868,0.0054,-0.0647,2749.03,83.19,-7.97,18.66,62661.4,0,0.00,0.00,5
42113,-0.288,-1.546,-1.399,3.845,-0.549,127.319,16.000,-19.000,-39.000,-0.1508,0.9863,0.0273,-0.0614,2750.57,82.91,-8.06,18.74,62645.8,0,0.00,0.00,5
42133,-0.354,-1.533,-1.400,3.784,-0.793,127.136,16.000,-21.000,-41.000,-0.1529,0.9853,0.0491,-0.0580,2752.12,82.65,-8.15,18.82,62631.7,0,0.00,0.00,5
42153,-0.425,-1.516,-1.396,3.662,-0.977,126.892,16.000,-20.000,-41.000,-0.1549,0.9839,0.0708,-0.0546,2753.59,82.32,-8.15,18.90,62633.9,0,0.00,0.00,5
42174,-0.492,-1.500,-1.392,3.662,-1.160,126.770,19.000,-19.000,-40.000,-0.1568,0.9820,0.0925,-0.0511,2755.11,82.04,-8.11,18.98,62610.7,0,0.00,0.00,5
42193,-0.558,-1.479,-1.385,3.662,-1.404,126.648,19.000,-18.000,-41.000,-0.1586,0.9796,0.1141,-0.0476,2756.64,81.78,-8.00,19.06,62597.3,0,0.00,0.00,5
42213,-0.624,-1.455,-1.385,3.601,-1.587,126.404,18.000,-17.000,-40.000,-0.1604,0.9767,0.1356,-0.0440,2758.16,81.51,-7.92,19.14,62586.7,0,0.00,0.00,5
42233,-0.688,-1.426,-1.383,3.601,-1.587,126.282,20.000,-16.000,-40.000,-0.1620,0.9734,0.1570,-0.0404,2759.62,81.20,-7.77,19.23,62585.3,0,0.00,0.00,5
42253,-0.751,-1.396,-1.380,3.479,-1.831,126.160,23.000,-16.000,-41.000,-0.1636,0.9696,0.1783,-0.0367,2761.13,80.95,-7.59,19.31,62562.6,0,0.00,0.00,5
42273,-0.812,-1.364,-1.377,3.357,-1.953,125.916,20.000,-14.000,-40.000,-0.1651,0.9653,0.1994,-0.0330,2762.64,80.70,-7.36,19.38,62551.0,0,0.00,0.00,5
42294,-0.872,-1.326,-1.375,3.296,-2.136,125.732,23.000,-14.000,-42.000,-0.1664,0.9606,0.2205,-0.0293,2764.09,80.41,-7.09,19.46,62548.8,0,0.00,0.00,5
42313,-0.929,-1.291,-1.368,3.174,-2.319,125.549,23.000,-11.000,-40.000,-0.1677,0.9555,0.2413,-0.0255,2765.61,80.19,-6.76,19.54,62524.8,0,0.00,0.00,5
42333,-0.989,-1.250,-1.369,3.052,-2.380,125.366,23.000,-13.000,-40.000,-0.1689,0.9499,0.2621,-0.0217,2767.07,79.93,-6.46,19.61,62522.7,0,0.00,0.00,5
42353,-1.044,-1.207,-1.370,2.991,-2.747,125.366,25.000,-11.000,-40.000,-0.1700,0.9439,0.2827,-0.0178,2768.55,79.70,-6.12,19.68,62506.6,0,0.00,0.00,5
42373,-1.095,-1.159,-1.366,2.930,-2.686,125.244,26.000,-10.000,-40.000,-0.1710,0.9374,0.3031,-0.0139,2769.95,79.40,-5.70,19.76,62511.5,0,0.00,0.00,5
42393,-1.145,-1.113,-1.355,2.808,-2.747,124.878,25.000,-8.000,-40.000,-0.1719,0.9305,0.3234,-0.0100,2771.42,79.19,-5.22,19.83,62485.1,0,0.00,0.00,5
42414,-1.194,-1.064,-1.359,2.686,-2.930,124.817,26.000,-8.000,-40.000,-0.1727,0.9231,0.3434,-0.0061,2772.88,78.98,-4.84,19.90,62474.4,0,0.00,0.00,5
42433,-1.241,-1.011,-1.358,2.441,-3.113,124.695,26.000,-7.000,-40.000,-0.1734,0.9154,0.3633,-0.0021,2774.39,78.83,-4.39,19.97,62452.3,0,0.00,0.00,5
42453,-1.285,-0.958,-1.353,2.380,-3.235,124.573,26.000,-2.000,-41.000,-0.1740,0.9072,0.3830,0.0019,2775.85,78.65,-3.89,20.04,62450.7,0,0.00,0.00,5
42473,-1.327,-0.899,-1.348,2.197,-3.357,124.329,26.000,-4.000,-39.000,-0.1745,0.8986,0.4025,0.0059,2777.28,78.45,-3.36,20.11,62445.4,0,0.00,0.00,5
42493,-1.367,-0.844,-1.346,2.136,-3.357,124.146,26.000,-2.000,-40.000,-0.1749,0.8896,0.4217,0.0099,2778.76,78.30,-2.87,20.18,62423.8,0,0.00,0.00,5
42513,-1.402,-0.787,-1.345,2.014,-3.601,123.962,26.000,-3.000,-39.000,-0.1752,0.8803,0.4407,0.0139,2780.20,78.14,-2.39,20.25,62419.5,0,0.00,0.00,5
42534,-1.436,-0.724,-1.339,1.831,-3.540,123.840,28.000,-2.000,-41.000,-0.1754,0.8705,0.4595,0.0180,2781.60,77.95,-1.85,20.31,62416.3,0,0.00,0.00,5
42553,-1.466,-0.663,-1.342,1.648,-3.723,123.718,27.000,1.000,-39.000,-0.1755,0.8603,0.4781,0.0221,2783.02,77.79,-1.40,20.38,62400.2,0,0.00,0.00,5
42573,-1.495,-0.599,-1.340,1.465,-3.845,123.657,28.000,1.000,-38.000,-0.1755,0.8498,0.4964,0.0262,2784.46,77.66,-0.90,20.45,62385.9,0,0.00,0.00,5
42593,-1.520,-0.534,-1.332,1.465,-3.845,123.352,28.000,2.000,-40.000,-0.1755,0.8388,0.5145,0.0302,2785.91,77.56,-0.36,20.51,62370.9,0,0.00,0.00,5
42613,-1.544,-0.470,-1.333,1.343,-3.906,123.291,25.000,3.000,-40.000,-0.1753,0.8275,0.5323,0.0343,2787.34,77.45,0.00,20.58,62364.2,0,0.00,0.00,5
42633,-1.562,-0.401,-1.326,1.099,-3.967,123.108,26.000,4.000,-40.000,-0.1750,0.8159,0.5498,0.0384,2788.70,77.29,0.59,20.64,62366.4,0,0.00,0.00,5
42654,-1.581,-0.335,-1.329,0.916,-3.906,122.986,27.000,7.000,-39.000,-0.1746,0.8038,0.5670,0.0425,2790.10,77.17,0.98,20.71,62348.8,0,0.00,0.00,5
42677,-1.599,-0.267,-1.322,0.671,-4.028,122.864,27.000,5.000,-40.000,-0.1741,0.7915,0.5840,0.0466,2791.43,77.00,1.45,20.77,62350.4,0,0.00,0.00,5
42693,-1.608,-0.199,-1.320,0.549,-4.028,122.681,25.000,8.000,-40.000,-0.1735,0.7788,0.6007,0.0507,2792.87,76.94,1.83,20.83,62318.6,0,0.00,0.00,5
42713,-1.620,-0.131,-1.315,0.488,-4.089,122.436,28.000,9.000,-40.000,-0.1729,0.7657,0.6171,0.0548,2794.25,76.84,2.22,20.89,62319.5,0,0.00,0.00,5
42733,-1.624,-0.063,-1.317,0.183,-4.150,122.314,25.000,11.000,-39.000,-0.1721,0.7524,0.6332,0.0589,2795.65,76.77,2.51,20.96,62302.4,0,0.00,0.00,5
42753,-1.626,0.007,-1.312,0.061,-4.211,122.131,25.000,10.000,-39.000,-0.1712,0.7387,0.6489,0.0630,2797.03,76.67,2.84,21.02,62297.9,0,0.00,0.00,5
42774,-1.626,0.077,-1.309,-0.122,-4.211,122.009,25.000,13.000,-39.000,-0.1702,0.7247,0.6644,0.0671,2798.43,76.61,3.11,21.08,62281.8,0,0.00,0.00,5
42793,-1.626,0.146,-1.309,-0.122,-4.150,121.765,24.000,14.000,-39.000,-0.1691,0.7104,0.6795,0.0711,2799.82,76.55,3.31,21.15,62272.2,0,0.00,0.00,5
42813,-1.617,0.216,-1.303,-0.488,-4.272,121.704,25.000,16.000,-38.000,-0.1680,0.6958,0.6943,0.0752,2801.19,76.47,3.53,21.21,62266.4,0,0.00,0.00,5
42833,-1.611,0.282,-1.298,-0.610,-4.211,121.521,24.000,15.000,-40.000,-0.1667,0.6809,0.7088,0.0792,2802.56,76.39,3.70,21.27,62255.8,0,0.00,0.00,5
42853,-1.597,0.352,-1.299,-0.793,-4.150,121.460,25.000,16.000,-39.000,-0.1654,0.6657,0.7229,0.0832,2803.95,76.33,3.76,21.34,62242.4,0,0.00,0.00,5
42873,-1.583,0.418,-1.296,-0.916,-4.028,121.277,22.000,18.000,-39.000,-0.1639,0.6502,0.7367,0.0872,2805.32,76.27,3.83,21.40,62233.3,0,0.00,0.00,5
42894,-1.565,0.487,-1.290,-1.221,-3.967,121.094,22.000,17.000,-39.000,-0.1623,0.6345,0.7502,0.0912,2806.70,76.21,3.88,21.46,62220.5,0,0.00,0.00,5
42913,-1.543,0.552,-1.287,-1.404,-4.028,120.911,19.000,19.000,-40.000,-0.1606,0.6185,0.7633,0.0952,2808.10,76.17,3.85,21.52,62206.2,0,0.00,0.00,5
42933,-1.520,0.617,-1.289,-1.587,-3.845,120.911,20.000,20.000,-39.000,-0.1588,0.6023,0.7760,0.0991,2809.48,76.11,3.74,21.58,62201.0,0,0.00,0.00,5
42953,-1.495,0.683,-1.284,-1.709,-3.906,120.605,19.000,22.000,-40.000,-0.1570,0.5858,0.7884,0.1030,2810.84,76.03,3.65,21.64,62192.0,0,0.00,0.00,5
42973,-1.466,0.744,-1.280,-1.892,-3.784,120.544,17.000,21.000,-38.000,-0.1550,0.5691,0.8004,0.1068,2812.25,75.99,3.50,21.71,62173.3,0,0.00,0.00,5
42993,-1.435,0.807,-1.281,-2.014,-3.662,120.361,17.000,22.000,-39.000,-0.1530,0.5521,0.8121,0.1107,2813.56,75.87,3.27,21.77,62180.2,0,0.00,0.00,5
43014,-1.402,0.868,-1.278,-2.136,-3.662,120.178,16.000,23.000,-40.000,-0.1508,0.5350,0.8234,0.1145,2814.88,75.74,3.04,21.83,62171.0,0,0.00,0.00,5
43033,-1.366,0.927,-1.273,-2.319,-3.601,119.934,16.000,23.000,-40.000,-0.1486,0.5176,0.8343,0.1182,2816.21,75.62,2.78,21.90,62156.3,0,0.00,0.00,5
43053,-1.328,0.984,-1.270,-2.441,-3.540,119.995,14.000,27.000,-39.000,-0.1463,0.5000,0.8448,0.1220,2817.58,75.55,2.49,21.96,62136.5,0,0.00,0.00,5
43073,-1.286,1.039,-1.268,-2.624,-3.418,119.812,13.000,24.000,-38.000,-0.1439,0.4822,0.8550,0.1256,2818.94,75.44,2.14,22.03,62130.6,0,0.00,0.00,5
43093,-1.242,1.091,-1.266,-2.686,-3.357,119.568,11.000,24.000,-39.000,-0.1414,0.4643,0.8647,0.1293,2820.29,75.34,1.76,22.10,62118.6,0,0.00,0.00,5
43113,-1.196,1.144,-1.261,-2.930,-3.174,119.446,10.000,26.000,-39.000,-0.1389,0.4462,0.8741,0.1329,2821.66,75.23,1.38,22.16,62106.4,0,0.00,0.00,5
43134,-1.150,1.194,-1.257,-2.991,-3.052,119.324,10.000,26.000,-38.000,-0.1362,0.4279,0.8830,0.1364,2823.01,75.11,0.97,22.23,62098.2,0,0.00,0.00,5
43153,-1.097,1.243,-1.255,-3.113,-2.808,119.202,8.000,26.000,-38.000,-0.1334,0.4094,0.8916,0.1399,2824.31,74.93,0.50,22.30,62097.9,0,0.00,0.00,5
43173,-1.049,1.286,-1.252,-3.296,-2.747,118.957,7.000,26.000,-37.000,-0.1306,0.3908,0.8998,0.1434,2825.66,74.79,0.00,22.37,62078.7,0,0.00,0.00,5
43193,-0.994,1.332,-1.249,-3.357,-2.686,118.896,6.000,26.000,-39.000,-0.1277,0.3720,0.9076,0.1468,2826.99,74.62,-0.42,22.44,62070.7,0,0.00,0.00,5
43213,-0.939,1.372,-1.247,-3.540,-2.563,118.774,5.000,28.000,-38.000,-0.1247,0.3532,0.9150,0.1502,2828.29,74.43,-0.92,22.51,62065.6,0,0.00,0.00,5
43233,-0.884,1.413,-1.245,-3.662,-2.319,118.591,5.000,28.000,-38.000,-0.1216,0.3341,0.9219,0.1535,2829.66,74.29,-1.42,22.59,62040.8,0,0.00,0.00,5
43254,-0.824,1.448,-1.240,-3.723,-2.136,118.469,4.000,28.000,-40.000,-0.1185,0.3150,0.9285,0.1567,2830.94,74.07,-1.92,22.66,62047.2,0,0.00,0.00,5
43273,-0.765,1.483,-1.238,-3.784,-2.075,118.347,1.000,28.000,-38.000,-0.1153,0.2958,0.9347,0.1599,2832.29,73.89,-2.42,22.74,62024.5,0,0.00,0.00,5
43293,-0.705,1.513,-1.232,-4.028,-1.953,118.164,0.000,28.000,-38.000,-0.1120,0.2764,0.9404,0.1631,2833.59,73.67,-2.88,22.82,62021.9,0,0.00,0.00,5
43313,-0.641,1.543,-1.231,-4.028,-1.770,118.164,1.000,29.000,-39.000,-0.1086,0.2570,0.9458,0.1662,2834.89,73.44,-3.40,22.90,62011.7,0,0.00,0.00,5
43333,-0.576,1.572,-1.227,-4.150,-1.648,117.798,-2.000,28.000,-38.000,-0.1052,0.2375,0.9507,0.1692,2836.17,73.19,-3.87,22.99,62006.4,0,0.00,0.00,5
43353,-0.512,1.596,-1.228,-4.211,-1.404,117.676,-2.000,28.000,-38.000,-0.1017,0.2180,0.9552,0.1722,2837.41,72.90,-4.37,23.07,62001.9,0,0.00,0.00,5
43374,-0.445,1.616,-1.224,-4.211,-1.282,117.554,-3.000,28.000,-37.000,-0.0982,0.1983,0.9594,0.1751,2838.63,72.57,-4.81,23.16,61997.4,0,0.00,0.00,5
43397,-0.382,1.633,-1.218,-4.272,-1.160,117.432,-5.000,28.000,-38.000,-0.0946,0.1787,0.9631,0.1779,2839.92,72.33,-5.19,23.25,61969.8,0,0.00,0.00,5
43413,-0.317,1.651,-1.220,-4.334,-0.977,117.371,-5.000,29.000,-38.000,-0.0910,0.1589,0.9664,0.1806,2841.20,72.06,-5.64,23.34,61963.5,0,0.00,0.00,5
43433,-0.246,1.665,-1.211,-4.334,-0.793,117.188,-8.000,29.000,-38.000,-0.0873,0.1392,0.9692,0.1833,2842.49,71.80,-5.96,23.43,61948.2,0,0.00,0.00,5
43453,-0.179,1.670,-1.210,-4.395,-0.549,117.004,-8.000,28.000,-38.000,-0.0835,0.1194,0.9717,0.1859,2843.71,71.48,-6.31,23.52,61953.1,0,0.00,0.00,5
43473,-0.108,1.681,-1.209,-4.395,-0.488,116.821,-10.000,29.000,-37.000,-0.0797,0.0996,0.9738,0.1885,2844.95,71.16,-6.65,23.61,61940.3,0,0.00,0.00,5
43494,-0.042,1.684,-1.205,-4.456,-0.183,116.760,-11.000,26.000,-37.000,-0.0759,0.0798,0.9754,0.1909,2846.22,70.89,-6.89,23.71,61920.6,0,0.00,0.00,5
43513,0.027,1.689,-1.204,-4.456,0.061,116.577,-12.000,28.000,-40.000,-0.0719,0.0600,0.9767,0.1933,2847.39,70.52,-7.15,23.80,61930.6,0,0.00,0.00,5
43533,0.097,1.685,-1.199,-4.456,0.183,116.394,-14.000,27.000,-38.000,-0.0680,0.0402,0.9775,0.1956,2848.60,70.18,-7.31,23.90,61914.1,0,0.00,0.00,5
43553,0.165,1.682,-1.202,-4.395,0.366,116.272,-14.000,26.000,-37.000,-0.0640,0.0204,0.9779,0.1978,2849.79,69.84,-7.52,23.99,61905.9,0,0.00,0.00,5
43573,0.232,1.675,-1.193,-4.456,0.488,116.272,-13.000,25.000,-38.000,-0.0599,0.0006,0.9780,0.1999,2851.02,69.53,-7.56,24.09,61887.7,0,0.00,0.00,5
43593,0.302,1.665,-1.190,-4.456,0.671,116.028,-17.000,25.000,-37.000,-0.0558,-0.0191,0.9776,0.2019,2852.23,69.21,-7.62,24.18,61881.6,0,0.00,0.00,5
43614,0.370,1.654,-1.189,-4.456,0.916,115.906,-17.000,26.000,-40.000,-0.0517,-0.0388,0.9769,0.2038,2853.41,68.87,-7.66,24.28,61876.8,0,0.00,0.00,5
43633,0.437,1.638,-1.185,-4.334,1.099,115.723,-18.000,23.000,-38.000,-0.0475,-0.0584,0.9757,0.2057,2854.57,68.52,-7.61,24.37,61870.9,0,0.00,0.00,5
43653,0.502,1.621,-1.182,-4.334,1.221,115.662,-19.000,23.000,-38.000,-0.0433,-0.0780,0.9742,0.2074,2855.79,68.23,-7.53,24.47,61849.0,0,0.00,0.00,5
43673,0.568,1.603,-1.180,-4.395,1.282,115.540,-20.000,22.000,-38.000,-0.0390,-0.0975,0.9722,0.2091,2856.94,67.88,-7.43,24.56,61852.2,0,0.00,0.00,5
43693,0.632,1.579,-1.176,-4.395,1.526,115.356,-21.000,21.000,-38.000,-0.0347,-0.1170,0.9699,0.2107,2858.07,67.53,-7.24,24.66,61846.1,0,0.00,0.00,5
43713,0.696,1.555,-1.172,-4.211,1.648,115.295,-22.000,21.000,-37.000,-0.0304,-0.1363,0.9672,0.2122,2859.26,67.24,-7.02,24.75,61824.5,0,0.00,0.00,5
43734,0.759,1.526,-1.172,-4.028,1.953,115.051,-22.000,19.000,-37.000,-0.0260,-0.1556,0.9641,0.2135,2860.41,66.92,-6.78,24.84,61823.2,0,0.00,0.00,5
43753,0.820,1.495,-1.164,-3.906,2.197,114.929,-23.000,19.000,-37.000,-0.0216,-0.1748,0.9607,0.2148,2861.57,66.63,-6.44,24.93,61809.6,0,0.00,0.00,5
43773,0.878,1.462,-1.163,-3.967,2.258,114.807,-24.000,18.000,-37.000,-0.0171,-0.1939,0.9568,0.2160,2862.72,66.33,-6.11,25.02,61802.2,0,0.00,0.00,5
43793,0.939,1.429,-1.166,-3.906,2.319,114.685,-25.000,17.000,-38.000,-0.0127,-0.2129,0.9526,0.2170,2863.92,66.10,-5.79,25.11,61782.1,0,0.00,0.00,5
43813,0.993,1.390,-1.158,-3.784,2.563,114.563,-26.000,17.000,-37.000,-0.0082,-0.2317,0.9480,0.2180,2865.01,65.78,-5.32,25.20,61795.0,0,0.00,0.00,5
43833,1.052,1.351,-1.154,-3.723,2.747,114.380,-26.000,14.000,-37.000,-0.0037,-0.2505,0.9430,0.2189,2866.13,65.51,-4.86,25.29,61777.6,0,0.00,0.00,5
43854,1.104,1.310,-1.152,-3.540,2.930,114.319,-25.000,16.000,-37.000,0.0009,-0.2691,0.9377,0.2197,2867.23,65.22,-4.38,25.38,61774.4,0,0.00,0.00,5
43873,1.158,1.263,-1.150,-3.418,2.930,114.136,-28.000,14.000,-38.000,0.0055,-0.2876,0.9321,0.2203,2868.33,64.96,-3.87,25.46,61763.0,0,0.00,0.00,5
43893,1.209,1.218,-1.144,-3.296,3.235,114.014,-29.000,11.000,-37.000,0.0101,-0.3059,0.9260,0.2209,2869.43,64.71,-3.30,25.55,61755.0,0,0.00,0.00,5
43913,1.259,1.172,-1.142,-3.235,3.357,113.892,-29.000,11.000,-37.000,0.0147,-0.3241,0.9196,0.2214,2870.51,64.45,-2.75,25.64,61749.8,0,0.00,0.00,5
43933,1.303,1.120,-1.140,-3.113,3.418,113.770,-30.000,11.000,-37.000,0.0193,-0.3421,0.9129,0.2218,2871.56,64.19,-2.18,25.72,61746.6,0,0.00,0.00,5
43953,1.344,1.069,-1.134,-2.930,3.540,113.647,-31.000,9.000,-38.000,0.0240,-0.3600,0.9058,0.2220,2872.65,63.97,-1.56,25.81,61730.6,0,0.00,0.00,5
43974,1.391,1.016,-1.134,-2.869,3.723,113.403,-31.000,6.000,-37.000,0.0287,-0.3777,0.8984,0.2222,2873.76,63.80,-0.97,25.89,61715.2,0,0.00,0.00,5
43993,1.432,0.961,-1.131,-2.686,3.906,113.281,-29.000,7.000,-37.000,0.0334,-0.3952,0.8907,0.2223,2874.85,63.61,-0.35,25.98,61711.8,0,0.00,0.00,5
44013,1.470,0.906,-1.123,-2.441,3.784,113.159,-30.000,4.000,-36.000,0.0380,-0.4126,0.8826,0.2222,2875.96,63.47,0.32,26.06,61697.0,0,0.00,0.00,5
44033,1.505,0.845,-1.123,-2.319,3.906,113.159,-30.000,5.000,-37.000,0.0427,-0.4298,0.8742,0.2221,2877.01,63.29,0.93,26.14,61701.6,0,0.00,0.00,5
44053,1.540,0.788,-1.120,-2.258,4.211,112.915,-31.000,2.000,-36.000,0.0475,-0.4468,0.8654,0.2218,2878.12,63.17,1.55,26.22,61681.4,0,0.00,0.00,5
44073,1.569,0.729,-1.118,-2.075,4.150,112.793,-30.000,2.000,-37.000,0.0522,-0.4635,0.8564,0.2215,2879.16,63.01,2.15,26.30,61684.6,0,0.00,0.00,5
44094,1.600,0.664,-1.115,-1.892,4.395,112.732,-31.000,0.000,-35.000,0.0569,-0.4801,0.8470,0.2210,2880.23,62.88,2.77,26.39,61672.8,0,0.00,0.00,5
44113,1.626,0.602,-1.110,-1.831,4.334,112.549,-32.000,-2.000,-36.000,0.0616,-0.4965,0.8373,0.2205,2881.33,62.80,3.38,26.47,61656.6,0,0.00,0.00,5
44137,1.648,0.540,-1.107,-1.465,4.578,112.366,-31.000,-1.000,-38.000,0.0663,-0.5127,0.8273,0.2198,2882.41,62.72,3.95,26.55,61651.8,0,0.00,0.00,5
44153,1.670,0.473,-1.103,-1.404,4.395,112.305,-32.000,-5.000,-38.000,0.0710,-0.5286,0.8170,0.2191,2883.47,62.63,4.52,26.63,61647.7,0,0.00,0.00,5
44173,1.690,0.409,-1.097,-1.221,4.578,112.183,-31.000,-4.000,-35.000,0.0757,-0.5443,0.8064,0.2182,2884.54,62.56,5.08,26.71,61637.0,0,0.00,0.00,5
44193,1.704,0.342,-1.095,-1.038,4.578,111.999,-30.000,-5.000,-36.000,0.0804,-0.5598,0.7956,0.2173,2885.60,62.49,5.57,26.79,61630.6,0,0.00,0.00,5
44214,1.721,0.277,-1.093,-0.793,4.761,111.877,-30.000,-4.000,-37.000,0.0851,-0.5751,0.7844,0.2162,2886.67,62.44,6.04,26.87,61621.6,0,0.00,0.00,5
44233,1.729,0.208,-1.092,-0.610,4.761,111.816,-29.000,-8.000,-36.000,0.0898,-0.5901,0.7730,0.2150,2887.76,62.42,6.45,26.95,61608.5,0,0.00,0.00,5
44253,1.739,0.140,-1.089,-0.488,4.700,111.572,-30.000,-8.000,-35.000,0.0944,-0.6049,0.7613,0.2137,2888.82,62.39,6.86,27.03,61605.1,0,0.00,0.00,5
44273,1.746,0.074,-1.083,-0.305,4.822,111.572,-31.000,-10.000,-36.000,0.0991,-0.6194,0.7493,0.2124,2889.87,62.34,7.25,27.11,61601.3,0,0.00,0.00,5
44293,1.748,0.005,-1.084,-0.122,4.822,111.328,-30.000,-10.000,-34.000,0.1037,-0.6336,0.7371,0.2109,2890.96,62.35,7.54,27.19,61583.2,0,0.00,0.00,5
44313,1.749,-0.064,-1.075,0.061,4.761,111.267,-28.000,-11.000,-36.000,0.1083,-0.6477,0.7246,0.2093,2892.06,62.37,7.88,27.26,61572.3,0,0.00,0.00,5
44334,1.746,-0.130,-1.075,0.427,4.883,111.145,-30.000,-14.000,-36.000,0.1129,-0.6614,0.7118,0.2076,2893.15,62.38,8.08,27.34,61568.0,0,0.00,0.00,5
44353,1.739,-0.200,-1.074,0.488,4.822,111.084,-28.000,-14.000,-36.000,0.1175,-0.6749,0.6988,0.2059,2894.19,62.35,8.25,27.42,61568.8,0,0.00,0.00,5
44373,1.735,-0.268,-1.070,0.732,4.700,110.779,-26.000,-16.000,-35.000,0.1220,-0.6881,0.6856,0.2040,2895.27,62.36,8.42,27.50,61554.2,0,0.00,0.00,5
44393,1.722,-0.334,-1.063,0.855,4.761,110.718,-26.000,-17.000,-35.000,0.1265,-0.7011,0.6721,0.2020,2896.31,62.34,8.53,27.58,61553.0,0,0.00,0.00,5
44413,1.711,-0.400,-1.066,1.099,4.639,110.596,-24.000,-16.000,-37.000,0.1310,-0.7137,0.6584,0.1999,2897.35,62.32,8.53,27.65,61544.5,0,0.00,0.00,5
44433,1.696,-0.466,-1.057,1.221,4.639,110.535,-28.000,-19.000,-37.000,0.1354,-0.7261,0.6445,0.1977,2898.38,62.28,8.58,27.73,61540.2,0,0.00,0.00,5
44454,1.680,-0.532,-1.058,1.465,4.578,110.413,-25.000,-19.000,-35.000,0.1398,-0.7382,0.6303,0.1954,2899.50,62.34,8.49,27.81,61512.3,0,0.00,0.00,5
44473,1.660,-0.596,-1.053,1.648,4.639,110.168,-24.000,-22.000,-37.000,0.1442,-0.7500,0.6160,0.1930,2900.53,62.30,8.41,27.89,61524.8,0,0.00,0.00,5
44493,1.637,-0.661,-1.049,1.709,4.517,110.168,-23.000,-22.000,-35.000,0.1486,-0.7615,0.6014,0.1906,2901.53,62.24,8.26,27.96,61520.2,0,0.00,0.00,5
44513,1.614,-0.724,-1.042,1.953,4.517,109.985,-23.000,-24.000,-35.000,0.1529,-0.7728,0.5866,0.1880,2902.59,62.22,8.11,28.05,61501.9,0,0.00,0.00,5
44533,1.584,-0.786,-1.041,2.075,4.456,109.924,-21.000,-23.000,-36.000,0.1571,-0.7837,0.5717,0.1854,2903.67,62.23,7.85,28.13,61489.0,0,0.00,0.00,5
44553,1.555,-0.845,-1.040,2.258,4.272,109.741,-22.000,-25.000,-35.000,0.1613,-0.7943,0.5565,0.1826,2904.74,62.21,7.55,28.20,61483.0,0,0.00,0.00,5
44574,1.523,-0.905,-1.037,2.502,4.272,109.741,-19.000,-25.000,-36.000,0.1655,-0.8046,0.5412,0.1797,2905.74,62.13,7.21,28.28,61488.8,0,0.00,0.00,5
44593,1.487,-0.965,-1.030,2.686,4.211,109.497,-20.000,-25.000,-35.000,0.1696,-0.8146,0.5257,0.1768,2906.82,62.11,6.86,28.37,61465.4,0,0.00,0.00,5
44613,1.449,-1.022,-1.026,2.747,4.150,109.253,-19.000,-26.000,-37.000,0.1737,-0.8243,0.5100,0.1738,2907.85,62.04,6.46,28.45,61467.5,0,0.00,0.00,5
44633,1.412,-1.080,-1.020,2.991,3.845,109.314,-18.000,-28.000,-35.000,0.1777,-0.8337,0.4942,0.1707,2908.94,62.03,6.04,28.53,61445.4,0,0.00,0.00,5
44653,1.371,-1.130,-1.025,3.174,3.845,109.131,-17.000,-28.000,-37.000,0.1817,-0.8428,0.4782,0.1675,2909.97,61.94,5.49,28.61,61450.6,0,0.00,0.00,5
44673,1.327,-1.184,-1.016,3.296,3.723,109.070,-16.000,-28.000,-37.000,0.1856,-0.8516,0.4620,0.1642,2910.99,61.83,5.03,28.69,61445.6,0,0.00,0.00,5
44694,1.284,-1.234,-1.016,3.479,3.601,108.948,-14.000,-29.000,-36.000,0.1895,-0.8600,0.4457,0.1608,2911.98,61.69,4.47,28.78,61441.9,0,0.00,0.00,5
44713,1.235,-1.284,-1.011,3.601,3.479,108.765,-14.000,-30.000,-37.000,0.1933,-0.8681,0.4293,0.1573,2912.98,61.55,3.92,28.86,61432.3,0,0.00,0.00,5
44733,1.185,-1.329,-1.009,3.723,3.357,108.704,-11.000,-30.000,-35.000,0.1971,-0.8759,0.4127,0.1537,2914.03,61.45,3.32,28.95,61414.6,0,0.00,0.00,5
44753,1.139,-1.376,-1.002,3.784,3.174,108.521,-11.000,-31.000,-34.000,0.2008,-0.8834,0.3960,0.1501,2915.05,61.31,2.77,29.04,61412.2,0,0.00,0.00,5
44773,1.085,-1.419,-0.997,4.089,3.052,108.459,-10.000,-31.000,-35.000,0.2044,-0.8905,0.3792,0.1464,2916.04,61.13,2.17,29.12,61410.7,0,0.00,0.00,5
44793,1.032,-1.460,-1.000,4.089,2.930,108.337,-9.000,-33.000,-35.000,0.2080,-0.8973,0.3623,0.1426,2917.05,60.97,1.49,29.21,61395.5,0,0.00,0.00,5
44814,0.976,-1.500,-0.993,4.211,2.869,108.276,-8.000,-32.000,-35.000,0.2115,-0.9038,0.3453,0.1388,2918.05,60.78,0.90,29.30,61391.2,0,0.00,0.00,5
44833,0.921,-1.540,-0.989,4.211,2.502,108.093,-8.000,-32.000,-35.000,0.2149,-0.9099,0.3281,0.1348,2919.04,60.57,0.28,29.39,61386.9,0,0.00,0.00,5
44857,0.860,-1.571,-0.988,4.456,2.380,108.032,-6.000,-32.000,-34.000,0.2183,-0.9157,0.3109,0.1308,2920.02,60.35,-0.37,29.49,61378.1,0,0.00,0.00,5
44873,0.806,-1.607,-0.982,4.456,2.258,107.849,-4.000,-32.000,-34.000,0.2216,-0.9212,0.2936,0.1267,2920.96,60.08,-0.96,29.58,61378.1,0,0.00,0.00,5
44893,0.744,-1.635,-0.980,4.639,2.075,107.727,-4.000,-31.000,-35.000,0.2249,-0.9263,0.2762,0.1225,2921.89,59.80,-1.58,29.67,61373.6,0,0.00,0.00,5
44913,0.682,-1.664,-0.978,4.761,1.953,107.605,-2.000,-32.000,-34.000,0.2280,-0.9311,0.2588,0.1183,2922.90,59.58,-2.18,29.77,61347.7,0,0.00,0.00,5
44934,0.619,-1.691,-0.974,4.822,1.770,107.422,-1.000,-34.000,-35.000,0.2312,-0.9356,0.2413,0.1140,2923.85,59.30,-2.77,29.87,61351.4,0,0.00,0.00,5
44953,0.558,-1.713,-0.973,4.822,1.526,107.361,1.000,-34.000,-35.000,0.2342,-0.9397,0.2237,0.1097,2924.79,59.01,-3.33,29.97,61345.8,0,0.00,0.00,5
44973,0.491,-1.735,-0.967,5.005,1.404,107.361,2.000,-33.000,-33.000,0.2372,-0.9435,0.2061,0.1053,2925.66,58.64,-3.85,30.08,61352.0,0,0.00,0.00,5
44993,0.426,-1.753,-0.964,5.005,1.221,107.117,4.000,-33.000,-35.000,0.2401,-0.9469,0.1884,0.1008,2926.54,58.28,-4.35,30.19,61341.3,0,0.00,0.00,5
45013,0.363,-1.771,-0.963,5.066,1.038,107.117,6.000,-33.000,-35.000,0.2429,-0.9500,0.1707,0.0963,2927.49,57.99,-4.84,30.29,61318.6,0,0.00,0.00,5
45033,0.295,-1.784,-0.956,5.066,0.977,106.934,7.000,-35.000,-34.000,0.2456,-0.9528,0.1530,0.0918,2928.36,57.62,-5.25,30.40,61327.2,0,0.00,0.00,5
45054,0.227,-1.795,-0.954,5.127,0.732,106.873,7.000,-34.000,-34.000,0.2483,-0.9552,0.1352,0.0872,2929.23,57.24,-5.67,30.52,61319.2,0,0.00,0.00,5
45073,0.164,-1.804,-0.950,5.066,0.549,106.750,7.000,-32.000,-34.000,0.2509,-0.9573,0.1174,0.0825,2930.12,56.88,-6.01,30.63,61307.8,0,0.00,0.00,5
45093,0.093,-1.812,-0.943,5.249,0.305,106.628,11.000,-32.000,-34.000,0.2534,-0.9591,0.0997,0.0778,2930.93,56.46,-6.32,30.74,61313.9,0,0.00,0.00,5
45113,0.028,-1.814,-0.944,5.188,0.183,106.567,11.000,-31.000,-34.000,0.2557,-0.9605,0.0819,0.0731,2931.81,56.09,-6.62,30.85,61294.7,0,0.00,0.00,5
45133,-0.040,-1.814,-0.940,5.127,-0.244,106.323,11.000,-32.000,-33.000,0.2580,-0.9616,0.0641,0.0683,2932.69,55.72,-6.84,30.96,61285.1,0,0.00,0.00,5
45153,-0.105,-1.815,-0.935,5.249,-0.366,106.262,13.000,-31.000,-34.000,0.2602,-0.9623,0.0464,0.0635,2933.54,55.34,-7.00,31.07,61283.2,0,0.00,0.00,5
45174,-0.175,-1.810,-0.932,5.188,-0.427,106.262,16.000,-30.000,-33.000,0.2623,-0.9628,0.0286,0.0586,2934.45,55.02,-7.13,31.19,61262.4,0,0.00,0.00,5
45193,-0.245,-1.804,-0.931,5.188,-0.610,106.018,16.000,-30.000,-35.000,0.2644,-0.9629,0.0109,0.0537,2935.30,54.64,-7.24,31.30,61266.6,0,0.00,0.00,5
45213,-0.310,-1.794,-0.923,5.249,-0.855,106.018,17.000,-30.000,-32.000,0.2663,-0.9626,-0.0068,0.0488,2936.10,54.23,-7.23,31.41,61269.3,0,0.00,0.00,5
45233,-0.376,-1.782,-0.918,5.188,-1.099,105.835,19.000,-30.000,-34.000,0.2681,-0.9621,-0.0245,0.0438,2936.95,53.87,-7.18,31.52,61251.4,0,0.00,0.00,5
45253,-0.444,-1.771,-0.915,5.127,-1.160,105.774,17.000,-29.000,-35.000,0.2698,-0.9612,-0.0421,0.0387,2937.79,53.51,-7.13,31.64,61245.8,0,0.00,0.00,5
45273,-0.506,-1.753,-0.913,5.066,-1.526,105.591,18.000,-29.000,-34.000,0.2714,-0.9600,-0.0597,0.0337,2938.62,53.15,-6.99,31.74,61239.2,0,0.00,0.00,5
45294,-0.572,-1.736,-0.909,5.005,-1.587,105.530,20.000,-28.000,-34.000,0.2729,-0.9585,-0.0772,0.0286,2939.42,52.76,-6.81,31.85,61239.5,0,0.00,0.00,5
45313,-0.635,-1.718,-0.902,5.005,-1.709,105.408,22.000,-26.000,-34.000,0.2743,-0.9567,-0.0947,0.0234,2940.25,52.43,-6.57,31.96,61223.5,0,0.00,0.00,5
45333,-0.696,-1.695,-0.902,4.883,-2.014,105.347,22.000,-25.000,-32.000,0.2756,-0.9545,-0.1121,0.0183,2941.05,52.07,-6.32,32.07,61224.5,0,0.00,0.00,5
45353,-0.761,-1.669,-0.899,4.883,-2.197,105.286,22.000,-26.000,-33.000,0.2768,-0.9521,-0.1295,0.0131,2941.85,51.72,-5.99,32.18,61216.6,0,0.00,0.00,5
45373,-0.819,-1.641,-0.895,4.761,-2.441,105.103,26.000,-26.000,-33.000,0.2779,-0.9493,-0.1468,0.0078,2942.64,51.39,-5.60,32.29,61209.4,0,0.00,0.00,5
45393,-0.884,-1.611,-0.891,4.700,-2.624,104.980,23.000,-25.000,-34.000,0.2789,-0.9462,-0.1640,0.0025,2943.42,51.06,-5.17,32.39,61205.3,0,0.00,0.00,5
45414,-0.940,-1.578,-0.881,4.578,-2.869,104.858,26.000,-23.000,-34.000,0.2798,-0.9428,-0.1811,-0.0028,2944.18,50.72,-4.65,32.50,61202.9,0,0.00,0.00,5
45433,-1.000,-1.544,-0.883,4.517,-2.747,104.858,27.000,-22.000,-34.000,0.2806,-0.9391,-0.1982,-0.0081,2944.94,50.39,-4.18,32.60,61196.3,0,0.00,0.00,5
45453,-1.058,-1.508,-0.879,4.456,-2.991,104.675,27.000,-20.000,-34.000,0.2813,-0.9351,-0.2151,-0.0134,2945.67,50.07,-3.63,32.71,61194.1,0,0.00,0.00,5
45473,-1.109,-1.471,-0.875,4.334,-3.174,104.553,29.000,-21.000,-33.000,0.2818,-0.9308,-0.2319,-0.0188,2946.41,49.76,-3.05,32.81,61185.4,0,0.00,0.00,5
45493,-1.164,-1.427,-0.874,4.272,-3.479,104.492,28.000,-17.000,-34.000,0.2823,-0.9262,-0.2487,-0.0242,2947.12,49.45,-2.43,32.92,61185.8,0,0.00,0.00,5
45513,-1.215,-1.387,-0.867,4.028,-3.540,104.309,29.000,-18.000,-32.000,0.2827,-0.9213,-0.2653,-0.0296,2947.91,49.23,-1.76,33.02,61162.4,0,0.00,0.00,5
45534,-1.266,-1.343,-0.864,3.845,-3.784,104.126,29.000,-16.000,-33.000,0.2829,-0.9162,-0.2818,-0.0350,2948.67,49.00,-1.08,33.12,61160.8,0,0.00,0.00,5
45553,-1.316,-1.298,-0.860,3.845,-3.784,104.126,32.000,-16.000,-32.000,0.2830,-0.9107,-0.2982,-0.0404,2949.42,48.78,-0.38,33.23,61157.4,0,0.00,0.00,5
45573,-1.364,-1.251,-0.853,3.784,-4.028,104.065,31.000,-14.000,-33.000,0.2831,-0.9049,-0.3145,-0.0459,2950.15,48.56,0.38,33.33,61154.1,0,0.00,0.00,5
45598,-1.409,-1.200,-0.851,3.540,-4.211,103.943,32.000,-13.000,-32.000,0.2830,-0.8989,-0.3306,-0.0513,2950.88,48.35,1.12,33.43,61149.1,0,0.00,0.00,5
45613,-1.452,-1.149,-0.850,3.357,-4.272,103.882,34.000,-11.000,-32.000,0.2828,-0.8925,-0.3467,-0.0568,2951.59,48.15,1.85,33.53,61146.1,0,0.00,0.00,5
45633,-1.495,-1.097,-0.841,3.174,-4.272,103.699,34.000,-11.000,-32.000,0.2825,-0.8859,-0.3626,-0.0623,2952.34,48.01,2.66,33.63,61131.2,0,0.00,0.00,5
45654,-1.534,-1.041,-0.842,3.174,-4.639,103.577,34.000,-9.000,-33.000,0.2821,-0.8790,-0.3783,-0.0678,2953.04,47.83,3.41,33.74,61135.2,0,0.00,0.00,5
45673,-1.572,-0.987,-0.836,2.930,-4.578,103.577,34.000,-7.000,-31.000,0.2816,-0.8719,-0.3939,-0.0732,2953.77,47.71,4.19,33.84,61123.4,0,0.00,0.00,5
45693,-1.608,-0.930,-0.834,2.808,-4.822,103.394,34.000,-8.000,-34.000,0.2810,-0.8644,-0.4093,-0.0787,2954.51,47.61,4.95,33.94,61116.2,0,0.00,0.00,5
45713,-1.642,-0.871,-0.827,2.563,-4.761,103.333,35.000,-7.000,-32.000,0.2803,-0.8568,-0.4246,-0.0842,2955.25,47.52,5.75,34.04,61109.9,0,0.00,0.00,5
45733,-1.675,-0.813,-0.825,2.380,-5.066,103.149,35.000,-5.000,-32.000,0.2795,-0.8488,-0.4398,-0.0897,2956.01,47.47,6.49,34.14,61101.1,0,0.00,0.00,5
45753,-1.702,-0.753,-0.827,2.258,-5.066,103.210,36.000,-2.000,-33.000,0.2785,-0.8406,-0.4547,-0.0952,2956.69,47.36,7.19,34.24,61109.9,0,0.00,0.00,5
45774,-1.729,-0.692,-0.818,2.197,-5.066,103.088,37.000,-5.000,-31.000,0.2775,-0.8321,-0.4696,-0.1006,2957.35,47.26,7.95,34.34,61107.7,0,0.00,0.00,5
45793,-1.756,-0.631,-0.812,1.892,-5.310,102.905,38.000,1.000,-31.000,0.2763,-0.8234,-0.4842,-0.1061,2958.04,47.19,8.67,34.44,61098.1,0,0.00,0.00,5
45813,-1.777,-0.567,-0.812,1.709,-5.371,102.844,35.000,2.000,-31.000,0.2751,-0.8144,-0.4986,-0.1116,2958.78,47.19,9.33,34.54,61081.1,0,0.00,0.00,5
45833,-1.796,-0.502,-0.807,1.526,-5.371,102.661,36.000,2.000,-31.000,0.2737,-0.8052,-0.5129,-0.1170,2959.44,47.12,9.98,34.64,61093.4,0,0.00,0.00,5
45853,-1.818,-0.440,-0.802,1.343,-5.371,102.661,35.000,2.000,-31.000,0.2722,-0.7957,-0.5270,-0.1224,2960.19,47.15,10.62,34.73,61069.1,0,0.00,0.00,5
45873,-1.832,-0.375,-0.801,1.160,-5.554,102.539,36.000,3.000,-31.000,0.2706,-0.7860,-0.5409,-0.1279,2960.94,47.19,11.17,34.83,61064.5,0,0.00,0.00,5
45894,-1.847,-0.310,-0.797,0.916,-5.615,102.417,36.000,5.000,-31.000,0.2690,-0.7761,-0.5546,-0.1333,2961.64,47.19,11.73,34.93,61067.7,0,0.00,0.00,5
45913,-1.858,-0.241,-0.789,0.732,-5.554,102.356,35.000,6.000,-31.000,0.2671,-0.7659,-0.5681,-0.1386,2962.33,47.20,12.28,35.03,61065.4,0,0.00,0.00,5
45933,-1.867,-0.176,-0.788,0.610,-5.554,102.295,35.000,7.000,-31.000,0.2652,-0.7555,-0.5815,-0.1440,2963.01,47.21,12.71,35.13,61061.9,0,0.00,0.00,5
45953,-1.873,-0.111,-0.782,0.305,-5.615,102.173,35.000,10.000,-30.000,0.2632,-0.7449,-0.5946,-0.1493,2963.71,47.24,13.14,35.23,61052.6,0,0.00,0.00,5
45973,-1.876,-0.043,-0.779,0.183,-5.798,102.112,35.000,11.000,-32.000,0.2611,-0.7340,-0.6075,-0.1546,2964.43,47.30,13.51,35.33,61042.9,0,0.00,0.00,5
45993,-1.879,0.024,-0.779,0.000,-5.676,101.868,34.000,12.000,-31.000,0.2589,-0.7230,-0.6202,-0.1599,2965.18,47.39,13.80,35.43,61033.8,0,0.00,0.00,5
46014,-1.879,0.088,-0.774,-0.244,-5.554,101.868,35.000,14.000,-31.000,0.2566,-0.7117,-0.6327,-0.1651,2965.90,47.45,14.08,35.53,61033.4,0,0.00,0.00,5
46033,-1.874,0.154,-0.767,-0.488,-5.676,101.746,34.000,13.000,-31.000,0.2541,-0.7003,-0.6450,-0.1703,2966.61,47.52,14.31,35.63,61029.3,0,0.00,0.00,5
46053,-1.867,0.226,-0.763,-0.610,-5.615,101.685,32.000,14.000,-31.000,0.2516,-0.6886,-0.6571,-0.1755,2967.32,47.58,14.47,35.73,61025.8,0,0.00,0.00,5
46073,-1.862,0.291,-0.760,-0.793,-5.554,101.562,34.000,17.000,-32.000,0.2489,-0.6767,-0.6689,-0.1806,2968.04,47.66,14.58,35.82,61016.6,0,0.00,0.00,5
46093,-1.850,0.355,-0.757,-1.038,-5.615,101.501,32.000,19.000,-30.000,0.2462,-0.6647,-0.6805,-0.1857,2968.75,47.72,14.61,35.92,61016.0,0,0.00,0.00,5
46113,-1.837,0.421,-0.753,-1.221,-5.615,101.501,31.000,17.000,-31.000,0.2434,-0.6524,-0.6919,-0.1908,2969.47,47.79,14.61,36.03,61007.4,0,0.00,0.00,5
46134,-1.822,0.485,-0.747,-1.404,-5.493,101.318,32.000,22.000,-31.000,0.2404,-0.6400,-0.7031,-0.1958,2970.18,47.85,14.57,36.12,61004.5,0,0.00,0.00,5
46153,-1.806,0.551,-0.746,-1.587,-5.432,101.196,31.000,20.000,-31.000,0.2374,-0.6273,-0.7140,-0.2007,2970.85,47.87,14.43,36.22,61008.2,0,0.00,0.00,5
46173,-1.786,0.614,-0.738,-1.892,-5.432,101.196,29.000,21.000,-31.000,0.2342,-0.6145,-0.7247,-0.2057,2971.53,47.89,14.29,36.32,61001.3,0,0.00,0.00,5
46193,-1.766,0.676,-0.735,-2.075,-5.432,101.074,29.000,22.000,-29.000,0.2310,-0.6016,-0.7351,-0.2106,2972.24,47.94,14.06,36.43,60989.9,0,0.00,0.00,5
46213,-1.741,0.740,-0.730,-2.258,-5.432,101.013,28.000,24.000,-31.000,0.2277,-0.5884,-0.7453,-0.2154,2972.91,47.95,13.79,36.53,60991.5,0,0.00,0.00,5
46233,-1.714,0.800,-0.726,-2.441,-5.127,100.891,28.000,26.000,-31.000,0.2242,-0.5751,-0.7553,-0.2202,2973.58,47.94,13.46,36.63,60988.5,0,0.00,0.00,5
46254,-1.687,0.861,-0.722,-2.563,-5.249,100.769,28.000,25.000,-31.000,0.2207,-0.5616,-0.7650,-0.2249,2974.27,47.96,13.08,36.74,60977.3,0,0.00,0.00,5
46273,-1.655,0.921,-0.724,-2.808,-5.249,100.708,26.000,28.000,-31.000,0.2171,-0.5480,-0.7745,-0.2296,2974.98,47.97,12.61,36.84,60970.9,0,0.00,0.00,5
46293,-1.623,0.979,-0.718,-2.869,-5.066,100.647,23.000,28.000,-31.000,0.2134,-0.5342,-0.7837,-0.2342,2975.72,48.00,12.15,36.95,60957.6,0,0.00,0.00,5
46313,-1.592,1.036,-0.710,-3.113,-4.822,100.525,23.000,29.000,-31.000,0.2095,-0.5203,-0.7927,-0.2388,2976.41,47.99,11.68,37.05,60961.8,0,0.00,0.00,5
46337,-1.552,1.093,-0.706,-3.296,-4.822,100.464,21.000,29.000,-30.000,0.2056,-0.5063,-0.8014,-0.2433,2977.13,47.99,11.11,37.15,60950.9,0,0.00,0.00,5
46353,-1.517,1.147,-0.703,-3.479,-4.761,100.342,22.000,31.000,-31.000,0.2017,-0.4921,-0.8098,-0.2478,2977.81,47.93,10.53,37.26,60954.4,0,0.00,0.00,5
46374,-1.474,1.200,-0.698,-3.662,-4.456,100.281,22.000,32.000,-31.000,0.1976,-0.4778,-0.8180,-0.2521,2978.49,47.87,9.89,37.36,60948.0,0,0.00,0.00,5
46393,-1.431,1.250,-0.699,-3.723,-4.456,100.281,20.000,31.000,-29.000,0.1934,-0.4633,-0.8259,-0.2564,2979.19,47.81,9.18,37.47,60940.5,0,0.00,0.00,5
46413,-1.391,1.300,-0.694,-3.967,-4.272,100.098,17.000,34.000,-30.000,0.1891,-0.4488,-0.8336,-0.2607,2979.85,47.70,8.52,37.58,60941.9,0,0.00,0.00,5
46433,-1.341,1.348,-0.689,-4.150,-4.272,100.098,19.000,32.000,-29.000,0.1848,-0.4341,-0.8410,-0.2649,2980.53,47.61,7.80,37.69,60931.2,0,0.00,0.00,5
46453,-1.297,1.397,-0.690,-4.272,-3.967,99.915,16.000,35.000,-29.000,0.1804,-0.4193,-0.8481,-0.2690,2981.21,47.49,7.04,37.79,60928.6,0,0.00,0.00,5
46473,-1.247,1.442,-0.681,-4.334,-3.845,99.854,14.000,35.000,-30.000,0.1759,-0.4044,-0.8550,-0.2730,2981.80,47.28,6.32,37.90,60938.6,0,0.00,0.00,5
46494,-1.196,1.484,-0.679,-4.456,-3.601,99.792,14.000,34.000,-29.000,0.1713,-0.3894,-0.8616,-0.2769,2982.48,47.15,5.55,38.01,60915.8,0,0.00,0.00,5
46513,-1.146,1.527,-0.669,-4.700,-3.540,99.670,11.000,35.000,-28.000,0.1666,-0.3743,-0.8679,-0.2808,2983.16,47.00,4.82,38.12,60909.8,0,0.00,0.00,5
46533,-1.093,1.567,-0.668,-4.822,-3.479,99.670,13.000,35.000,-29.000,0.1618,-0.3591,-0.8740,-0.2846,2983.83,46.82,4.03,38.23,60907.5,0,0.00,0.00,5
46553,-1.039,1.607,-0.665,-4.944,-3.296,99.609,10.000,39.000,-30.000,0.1570,-0.3438,-0.8798,-0.2884,2984.44,46.58,3.23,38.34,60913.6,0,0.00,0.00,5
46573,-0.981,1.641,-0.662,-4.944,-2.991,99.426,8.000,37.000,-29.000,0.1521,-0.3284,-0.8853,-0.2920,2984.96,46.25,2.45,38.45,60926.6,0,0.00,0.00,5
46593,-0.924,1.674,-0.654,-5.188,-2.930,99.426,9.000,39.000,-28.000,0.1471,-0.3130,-0.8905,-0.2956,2985.51,45.94,1.71,38.56,60913.0,0,0.00,0.00,5
46614,-0.869,1.707,-0.654,-5.188,-2.808,99.304,8.000,38.000,-28.000,0.1421,-0.2975,-0.8955,-0.2991,2986.11,45.66,0.94,38.68,60899.7,0,0.00,0.00,5
46633,-0.810,1.737,-0.646,-5.371,-2.686,99.243,8.000,38.000,-29.000,0.1370,-0.2819,-0.9001,-0.3025,2986.69,45.35,0.22,38.79,60898.7,0,0.00,0.00,5
46653,-0.750,1.766,-0.644,-5.432,-2.319,99.060,4.000,38.000,-29.000,0.1318,-0.2663,-0.9045,-0.3058,2987.30,45.06,-0.51,38.91,60885.3,0,0.00,0.00,5
46673,-0.687,1.791,-0.642,-5.493,-2.136,99.060,2.000,38.000,-28.000,0.1266,-0.2506,-0.9086,-0.3091,2987.90,44.75,-1.24,39.02,60882.9,0,0.00,0.00,5
46693,-0.625,1.814,-0.633,-5.615,-2.075,99.060,2.000,40.000,-27.000,0.1213,-0.2349,-0.9125,-0.3122,2988.45,44.40,-1.87,39.14,60886.2,0,0.00,0.00,5
46713,-0.562,1.836,-0.632,-5.615,-1.831,98.999,1.000,38.000,-28.000,0.1159,-0.2191,-0.9161,-0.3153,2988.99,44.02,-2.55,39.26,60883.4,0,0.00,0.00,5
46734,-0.497,1.855,-0.625,-5.798,-1.465,98.938,-2.000,39.000,-29.000,0.1105,-0.2032,-0.9193,-0.3183,2989.54,43.66,-3.14,39.37,60874.9,0,0.00,0.00,5
46753,-0.435,1.872,-0.624,-5.859,-1.404,98.755,-2.000,38.000,-27.000,0.1050,-0.1874,-0.9223,-0.3211,2990.06,43.25,-3.72,39.49,60876.0,0,0.00,0.00,5
46773,-0.373,1.887,-0.621,-5.859,-1.099,98.694,-5.000,40.000,-29.000,0.0994,-0.1715,-0.9251,-0.3239,2990.59,42.86,-4.27,39.61,60868.6,0,0.00,0.00,5
46793,-0.306,1.900,-0.613,-5.920,-1.160,98.572,-5.000,40.000,-28.000,0.0939,-0.1556,-0.9275,-0.3266,2991.07,42.42,-4.73,39.74,60872.8,0,0.00,0.00,5
46813,-0.240,1.909,-0.613,-5.859,-0.793,98.450,-7.000,38.000,-28.000,0.0882,-0.1397,-0.9297,-0.3292,2991.58,41.99,-5.20,39.86,60862.9,0,0.00,0.00,5
46833,-0.173,1.917,-0.609,-5.981,-0.610,98.389,-7.000,38.000,-28.000,0.0825,-0.1237,-0.9316,-0.3317,2992.05,41.54,-5.60,39.98,60863.2,0,0.00,0.00,5
46854,-0.109,1.921,-0.603,-6.042,-0.427,98.328,-8.000,37.000,-28.000,0.0768,-0.1078,-0.9332,-0.3341,2992.57,41.13,-5.92,40.10,60849.3,0,0.00,0.00,5
46873,-0.040,1.927,-0.598,-5.981,-0.305,98.267,-10.000,38.000,-28.000,0.0710,-0.0918,-0.9345,-0.3364,2993.09,40.73,-6.23,40.22,60844.0,0,0.00,0.00,5
46893,0.024,1.929,-0.596,-5.981,0.061,98.206,-12.000,37.000,-28.000,0.0652,-0.0759,-0.9356,-0.3386,2993.58,40.30,-6.48,40.34,60843.2,0,0.00,0.00,5
46913,0.090,1.927,-0.588,-5.981,0.122,98.022,-14.000,35.000,-28.000,0.0593,-0.0600,-0.9364,-0.3407,2994.07,39.88,-6.64,40.47,60838.1,0,0.00,0.00,5
46933,0.156,1.923,-0.584,-5.920,0.427,98.083,-13.000,37.000,-27.000,0.0534,-0.0440,-0.9369,-0.3427,2994.57,39.46,-6.77,40.59,60831.7,0,0.00,0.00,5
46953,0.222,1.919,-0.579,-6.042,0.610,98.022,-14.000,37.000,-29.000,0.0474,-0.0281,-0.9371,-0.3446,2995.02,39.01,-6.83,40.71,60836.0,0,0.00,0.00,5
46974,0.286,1.911,-0.579,-5.920,0.916,97.961,-16.000,35.000,-26.000,0.0414,-0.0122,-0.9371,-0.3464,2995.46,38.56,-6.88,40.83,60833.6,0,0.00,0.00,5
46993,0.354,1.899,-0.569,-5.920,0.977,97.778,-18.000,35.000,-28.000,0.0354,0.0037,-0.9368,-0.3481,2995.92,38.13,-6.78,40.96,60823.4,0,0.00,0.00,5
47013,0.418,1.887,-0.566,-5.920,1.038,97.839,-19.000,35.000,-28.000,0.0293,0.0196,-0.9362,-0.3496,2996.32,37.66,-6.68,41.08,60831.4,0,0.00,0.00,5
47033,0.482,1.875,-0.566,-5.920,1.404,97.717,-19.000,34.000,-27.000,0.0232,0.0354,-0.9354,-0.3511,2996.75,37.23,-6.56,41.20,60819.7,0,0.00,0.00,5
47053,0.547,1.858,-0.561,-5.798,1.648,97.717,-21.000,34.000,-27.000,0.0171,0.0512,-0.9343,-0.3524,2997.15,36.79,-6.33,41.32,60821.0,0,0.00,0.00,5
47077,0.607,1.840,-0.556,-5.798,1.770,97.656,-23.000,33.000,-27.000,0.0109,0.0670,-0.9329,-0.3537,2997.57,36.37,-6.06,41.45,60813.3,0,0.00,0.00,5
47094,0.675,1.816,-0.549,-5.737,2.136,97.473,-25.000,31.000,-26.000,0.0047,0.0826,-0.9313,-0.3548,2997.97,35.96,-5.68,41.57,60810.4,0,0.00,0.00,5
47113,0.735,1.796,-0.546,-5.737,2.197,97.473,-23.000,31.000,-28.000,-0.0015,0.0983,-0.9294,-0.3559,2998.38,35.56,-5.31,41.69,60805.4,0,0.00,0.00,5
47133,0.794,1.770,-0.545,-5.615,2.380,97.351,-25.000,29.000,-26.000,-0.0078,0.1139,-0.9272,-0.3568,2998.72,35.12,-4.88,41.82,60814.1,0,0.00,0.00,5
47153,0.856,1.741,-0.538,-5.493,2.563,97.229,-28.000,29.000,-26.000,-0.0140,0.1294,-0.9248,-0.3576,2999.08,34.72,-4.35,41.94,60806.7,0,0.00,0.00,5
47173,0.914,1.713,-0.537,-5.371,2.747,97.229,-28.000,28.000,-26.000,-0.0203,0.1449,-0.9221,-0.3583,2999.47,34.36,-3.84,42.06,60796.2,0,0.00,0.00,5
47193,0.973,1.683,-0.529,-5.310,2.991,97.107,-30.000,26.000,-26.000,-0.0267,0.1603,-0.9191,-0.3588,2999.82,33.98,-3.22,42.18,60800.5,0,0.00,0.00,5
47214,1.028,1.648,-0.528,-5.249,3.113,97.046,-30.000,27.000,-27.000,-0.0330,0.1757,-0.9160,-0.3593,3000.13,33.58,-2.60,42.30,60804.0,0,0.00,0.00,5
47233,1.084,1.613,-0.523,-5.127,3.296,97.046,-30.000,26.000,-26.000,-0.0394,0.1909,-0.9125,-0.3596,3000.51,33.28,-1.90,42.42,60784.6,0,0.00,0.00,5
47253,1.137,1.575,-0.519,-5.005,3.418,96.985,-30.000,25.000,-26.000,-0.0457,0.2061,-0.9088,-0.3598,3000.91,33.00,-1.18,42.54,60778.6,0,0.00,0.00,5
47273,1.193,1.538,-0.513,-4.761,3.723,96.863,-31.000,22.000,-26.000,-0.0521,0.2212,-0.9049,-0.3599,3001.27,32.71,-0.40,42.65,60782.4,0,0.00,0.00,5
47293,1.245,1.496,-0.505,-4.822,3.845,96.802,-35.000,23.000,-26.000,-0.0585,0.2363,-0.9007,-0.3599,3001.58,32.40,0.43,42.78,60788.5,0,0.00,0.00,5
47313,1.294,1.456,-0.504,-4.639,4.089,96.802,-34.000,20.000,-26.000,-0.0650,0.2512,-0.8962,-0.3598,3001.98,32.20,1.21,42.89,60764.6,0,0.00,0.00,5
47334,1.345,1.412,-0.500,-4.517,4.089,96.680,-34.000,20.000,-27.000,-0.0714,0.2660,-0.8915,-0.3596,3002.34,31.98,2.07,43.01,60771.2,0,0.00,0.00,5
47353,1.389,1.364,-0.497,-4.334,4.334,96.680,-35.000,20.000,-26.000,-0.0778,0.2808,-0.8866,-0.3592,3002.63,31.71,2.94,43.13,60781.9,0,0.00,0.00,5
47373,1.435,1.318,-0.491,-4.211,4.395,96.558,-36.000,17.000,-25.000,-0.0842,0.2955,-0.8814,-0.3588,3002.98,31.52,3.84,43.25,60766.2,0,0.00,0.00,5
47393,1.481,1.270,-0.488,-4.028,4.639,96.497,-38.000,19.000,-26.000,-0.0907,0.3100,-0.8760,-0.3582,3003.32,31.34,4.75,43.37,60765.1,0,0.00,0.00,5
47413,1.525,1.219,-0.485,-3.845,4.639,96.375,-36.000,17.000,-26.000,-0.0971,0.3244,-0.8704,-0.3574,3003.67,31.20,5.67,43.48,60759.5,0,0.00,0.00,5
47433,1.563,1.168,-0.481,-3.723,4.944,96.313,-38.000,14.000,-26.000,-0.1035,0.3387,-0.8645,-0.3566,3004.01,31.07,6.58,43.60,60757.0,0,0.00,0.00,5
47454,1.604,1.114,-0.472,-3.601,5.066,96.252,-38.000,14.000,-25.000,-0.1100,0.3529,-0.8584,-0.3557,3004.38,30.98,7.56,43.72,60749.1,0,0.00,0.00,5
47473,1.638,1.060,-0.469,-3.357,5.127,96.130,-40.000,13.000,-26.000,-0.1164,0.3670,-0.8521,-0.3546,3004.68,30.85,8.46,43.83,60761.1,0,0.00,0.00,5
47493,1.677,1.005,-0.459,-3.235,5.188,96.252,-41.000,11.000,-26.000,-0.1228,0.3810,-0.8455,-0.3535,3005.01,30.77,9.44,43.95,60752.3,0,0.00,0.00,5
47513,1.710,0.948,-0.460,-2.991,5.493,96.130,-40.000,10.000,-26.000,-0.1292,0.3948,-0.8387,-0.3522,3005.34,30.71,10.32,44.06,60747.8,0,0.00,0.00,5
47533,1.740,0.890,-0.458,-2.808,5.371,96.191,-40.000,7.000,-25.000,-0.1356,0.4085,-0.8317,-0.3507,3005.66,30.66,11.21,44.18,60748.8,0,0.00,0.00,5
47553,1.772,0.833,-0.457,-2.624,5.493,96.008,-41.000,7.000,-26.000,-0.1420,0.4221,-0.8244,-0.3492,3005.97,30.61,12.07,44.29,60747.8,0,0.00,0.00,5
47574,1.797,0.774,-0.450,-2.502,5.615,95.947,-41.000,5.000,-25.000,-0.1484,0.4356,-0.8170,-0.3475,3006.32,30.63,12.93,44.41,60736.5,0,0.00,0.00,5
47593,1.825,0.712,-0.442,-2.197,5.737,95.886,-41.000,5.000,-25.000,-0.1548,0.4489,-0.8093,-0.3458,3006.63,30.62,13.81,44.52,60744.0,0,0.00,0.00,5
47613,1.846,0.650,-0.441,-2.197,5.737,95.825,-41.000,4.000,-25.000,-0.1611,0.4620,-0.8014,-0.3439,3006.93,30.61,14.59,44.64,60742.4,0,0.00,0.00,5
47633,1.869,0.590,-0.436,-1.892,5.920,95.764,-41.000,1.000,-25.000,-0.1674,0.4750,-0.7934,-0.3419,3007.32,30.72,15.38,44.75,60720.3,0,0.00,0.00,5
47653,1.887,0.527,-0.433,-1.831,5.920,95.764,-42.000,0.000,-26.000,-0.1737,0.4879,-0.7851,-0.3398,3007.64,30.76,16.10,44.87,60735.4,0,0.00,0.00,5
47673,1.903,0.463,-0.423,-1.526,5.920,95.581,-41.000,1.000,-25.000,-0.1799,0.5006,-0.7766,-0.3376,3007.95,30.81,16.83,44.98,60733.4,0,0.00,0.00,5
47694,1.921,0.398,-0.419,-1.282,6.042,95.581,-42.000,-4.000,-24.000,-0.1862,0.5132,-0.7679,-0.3352,3008.26,30.88,17.51,45.09,60729.8,0,0.00,0.00,5
47713,1.931,0.335,-0.418,-1.160,6.103,95.581,-40.000,-4.000,-24.000,-0.1924,0.5256,-0.7590,-0.3328,3008.53,30.91,18.07,45.21,60738.1,0,0.00,0.00,5
47733,1.944,0.271,-0.416,-0.855,6.165,95.398,-40.000,-5.000,-24.000,-0.1986,0.5378,-0.7499,-0.3302,3008.90,31.05,18.64,45.32,60714.7,0,0.00,0.00,5
47753,1.953,0.207,-0.409,-0.671,6.165,95.398,-41.000,-8.000,-25.000,-0.2047,0.5499,-0.7406,-0.3275,3009.29,31.21,19.17,45.44,60710.6,0,0.00,0.00,5
47773,1.958,0.141,-0.404,-0.488,6.165,95.337,-41.000,-8.000,-24.000,-0.2108,0.5618,-0.7311,-0.3247,3009.60,31.30,19.63,45.55,60723.0,0,0.00,0.00,5
47793,1.961,0.079,-0.401,-0.305,6.287,95.337,-41.000,-10.000,-23.000,-0.2169,0.5735,-0.7214,-0.3218,3009.93,31.43,20.01,45.67,60715.5,0,0.00,0.00,5
47817,1.963,0.009,-0.396,-0.061,6.226,95.337,-41.000,-11.000,-23.000,-0.2229,0.5851,-0.7116,-0.3187,3010.29,31.58,20.37,45.78,60709.6,0,0.00,0.00,5
47833,1.965,-0.053,-0.394,0.183,6.165,95.154,-39.000,-12.000,-26.000,-0.2289,0.5965,-0.7016,-0.3156,3010.61,31.70,20.65,45.89,60714.4,0,0.00,0.00,5
47853,1.964,-0.120,-0.389,0.366,6.287,95.154,-40.000,-13.000,-22.000,-0.2349,0.6077,-0.6913,-0.3123,3010.94,31.83,20.90,46.01,60711.4,0,0.00,0.00,5
47873,1.959,-0.185,-0.380,0.488,6.287,95.093,-39.000,-15.000,-23.000,-0.2408,0.6187,-0.6810,-0.3090,3011.30,31.99,21.10,46.13,60703.8,0,0.00,0.00,5
47893,1.953,-0.251,-0.376,0.732,6.348,95.093,-39.000,-16.000,-24.000,-0.2467,0.6296,-0.6704,-0.3055,3011.59,32.09,21.20,46.24,60714.1,0,0.00,0.00,5
47913,1.942,-0.316,-0.370,0.916,6.165,94.971,-37.000,-18.000,-24.000,-0.2525,0.6403,-0.6597,-0.3020,3011.87,32.17,21.24,46.36,60715.5,0,0.00,0.00,5
47934,1.932,-0.380,-0.372,1.160,6.165,95.032,-38.000,-20.000,-23.000,-0.2582,0.6507,-0.6488,-0.2983,3012.19,32.29,21.18,46.47,60706.2,0,0.00,0.00,5
47953,1.919,-0.442,-0.361,1.343,6.165,94.849,-37.000,-20.000,-25.000,-0.2640,0.6610,-0.6377,-0.2945,3012.51,32.41,21.15,46.59,60703.8,0,0.00,0.00,5
47973,1.904,-0.505,-0.362,1.587,6.226,94.849,-37.000,-22.000,-23.000,-0.2696,0.6711,-0.6265,-0.2906,3012.82,32.51,20.98,46.71,60703.8,0,0.00,0.00,5
47993,1.888,-0.571,-0.354,1.770,5.981,94.788,-34.000,-22.000,-24.000,-0.2752,0.6810,-0.6151,-0.2866,3013.18,32.65,20.80,46.82,60690.9,0,0.00,0.00,5
48013,1.869,-0.633,-0.351,2.014,5.859,94.788,-35.000,-23.000,-23.000,-0.2807,0.6907,-0.6036,-0.2824,3013.51,32.76,20.53,46.93,60695.4,0,0.00,0.00,5
48033,1.847,-0.694,-0.352,2.258,5.920,94.727,-34.000,-25.000,-22.000,-0.2862,0.7002,-0.5919,-0.2782,3013.80,32.81,20.17,47.05,60702.9,0,0.00,0.00,5
48054,1.825,-0.753,-0.336,2.441,5.920,94.666,-34.000,-25.000,-25.000,-0.2917,0.7095,-0.5801,-0.2739,3014.11,32.89,19.86,47.17,60695.5,0,0.00,0.00,5
48073,1.799,-0.817,-0.336,2.624,5.676,94.666,-32.000,-27.000,-23.000,-0.2970,0.7186,-0.5682,-0.2694,3014.48,33.00,19.39,47.28,60681.8,0,0.00,0.00,5
48093,1.772,-0.875,-0.335,2.808,5.737,94.543,-31.000,-28.000,-22.000,-0.3023,0.7275,-0.5561,-0.2649,3014.80,33.06,18.87,47.40,60688.8,0,0.00,0.00,5
48113,1.740,-0.935,-0.329,2.930,5.615,94.543,-31.000,-28.000,-23.000,-0.3075,0.7361,-0.5438,-0.2603,3015.16,33.14,18.32,47.52,60679.2,0,0.00,0.00,5
48133,1.708,-0.988,-0.328,3.235,5.432,94.360,-30.000,-30.000,-24.000,-0.3127,0.7446,-0.5315,-0.2555,3015.46,33.16,17.71,47.63,60688.6,0,0.00,0.00,5
48153,1.677,-1.048,-0.316,3.296,5.371,94.482,-28.000,-31.000,-23.000,-0.3178,0.7529,-0.5190,-0.2507,3015.75,33.15,17.11,47.75,60688.5,0,0.00,0.00,5
48174,1.641,-1.102,-0.313,3.601,5.249,94.421,-27.000,-32.000,-22.000,-0.3228,0.7609,-0.5064,-0.2457,3016.06,33.14,16.41,47.87,60682.6,0,0.00,0.00,5
48193,1.605,-1.155,-0.308,3.723,5.188,94.421,-27.000,-33.000,-22.000,-0.3277,0.7687,-0.4937,-0.2407,3016.31,33.07,15.69,47.99,60692.0,0,0.00,0.00,5
48213,1.566,-1.207,-0.305,3.845,5.005,94.238,-25.000,-35.000,-22.000,-0.3326,0.7763,-0.4808,-0.2356,3016.61,33.03,14.91,48.10,60680.0,0,0.00,0.00,5
48233,1.527,-1.256,-0.299,4.150,4.883,94.238,-25.000,-34.000,-22.000,-0.3374,0.7837,-0.4679,-0.2304,3016.89,32.95,14.13,48.22,60681.4,0,0.00,0.00,5
48253,1.484,-1.310,-0.298,4.272,4.822,94.238,-22.000,-37.000,-22.000,-0.3421,0.7909,-0.4548,-0.2250,3017.21,32.91,13.25,48.34,60669.8,0,0.00,0.00,5
48273,1.440,-1.358,-0.293,4.456,4.578,94.116,-23.000,-35.000,-22.000,-0.3467,0.7978,-0.4416,-0.2196,3017.46,32.77,12.39,48.46,60682.2,0,0.00,0.00,5
48294,1.397,-1.404,-0.288,4.517,4.456,94.116,-22.000,-37.000,-22.000,-0.3512,0.8045,-0.4284,-0.2141,3017.80,32.70,11.53,48.58,60663.4,0,0.00,0.00,5
48313,1.350,-1.451,-0.287,4.700,4.272,94.116,-21.000,-37.000,-21.000,-0.3557,0.8110,-0.4150,-0.2085,3018.10,32.58,10.59,48.70,60666.7,0,0.00,0.00,5
48333,1.301,-1.495,-0.280,4.883,4.150,94.055,-19.000,-39.000,-22.000,-0.3601,0.8173,-0.4015,-0.2029,3018.41,32.46,9.68,48.82,60662.4,0,0.00,0.00,5
48353,1.252,-1.535,-0.275,4.883,4.089,94.055,-17.000,-37.000,-22.000,-0.3643,0.8233,-0.3879,-0.1971,3018.72,32.32,8.77,48.94,60658.9,0,0.00,0.00,5
48373,1.201,-1.576,-0.270,5.127,3.784,93.994,-19.000,-40.000,-21.000,-0.3685,0.8292,-0.3743,-0.1913,3019.00,32.13,7.82,49.07,60662.7,0,0.00,0.00,5
48393,1.147,-1.615,-0.266,5.371,3.662,93.872,-16.000,-40.000,-20.000,-0.3727,0.8347,-0.3606,-0.1853,3019.24,31.89,6.87,49.19,60668.3,0,0.00,0.00,5
48414,1.095,-1.652,-0.259,5.371,3.479,93.872,-14.000,-40.000,-22.000,-0.3767,0.8401,-0.3468,-0.1793,3019.42,31.58,5.95,49.31,60677.1,0,0.00,0.00,5
48433,1.041,-1.686,-0.257,5.493,3.357,93.872,-13.000,-42.000,-20.000,-0.3806,0.8452,-0.3329,-0.1733,3019.63,31.30,5.02,49.44,60667.4,0,0.00,0.00,5
48453,0.986,-1.722,-0.250,5.554,3.174,93.750,-11.000,-41.000,-22.000,-0.3844,0.8500,-0.3190,-0.1671,3019.88,31.03,4.10,49.56,60658.1,0,0.00,0.00,5
48473,0.930,-1.752,-0.249,5.676,3.052,93.811,-9.000,-43.000,-20.000,-0.3881,0.8547,-0.3049,-0.1609,3020.13,30.75,3.18,49.69,60654.4,0,0.00,0.00,5
48493,0.872,-1.782,-0.243,5.676,2.747,93.811,-8.000,-43.000,-20.000,-0.3917,0.8591,-0.2908,-0.1546,3020.38,30.45,2.30,49.81,60652.2,0,0.00,0.00,5
48513,0.812,-1.810,-0.236,5.920,2.563,93.750,-8.000,-43.000,-21.000,-0.3953,0.8633,-0.2767,-0.1482,3020.53,30.05,1.44,49.94,60669.6,0,0.00,0.00,5
48534,0.753,-1.836,-0.230,5.981,2.380,93.567,-5.000,-42.000,-20.000,-0.3987,0.8672,-0.2625,-0.1418,3020.73,29.69,0.61,50.07,60656.8,0,0.00,0.00,5
48557,0.691,-1.862,-0.229,5.981,2.197,93.567,-5.000,-41.000,-20.000,-0.4020,0.8709,-0.2483,-0.1353,3020.88,29.27,-0.24,50.19,60662.4,0,0.00,0.00,5
48573,0.633,-1.881,-0.224,5.981,2.014,93.567,-2.000,-41.000,-20.000,-0.4052,0.8743,-0.2340,-0.1287,3021.12,28.93,-0.98,50.32,60642.6,0,0.00,0.00,5
48593,0.568,-1.902,-0.219,6.103,1.831,93.567,-1.000,-44.000,-21.000,-0.4083,0.8776,-0.2197,-0.1221,3021.22,28.45,-1.73,50.45,60667.8,0,0.00,0.00,5
48613,0.508,-1.920,-0.215,6.348,1.526,93.506,-1.000,-44.000,-21.000,-0.4114,0.8805,-0.2053,-0.1154,3021.40,28.04,-2.43,50.58,60649.1,0,0.00,0.00,5
48633,0.445,-1.935,-0.210,6.348,1.404,93.445,2.000,-42.000,-20.000,-0.4143,0.8832,-0.1909,-0.1086,3021.56,27.60,-3.07,50.72,60650.6,0,0.00,0.00,5
48654,0.383,-1.950,-0.207,6.348,1.221,93.445,4.000,-43.000,-20.000,-0.4171,0.8857,-0.1765,-0.1018,3021.67,27.12,-3.69,50.85,60657.3,0,0.00,0.00,5
48673,0.319,-1.962,-0.202,6.470,0.977,93.384,4.000,-44.000,-20.000,-0.4198,0.8880,-0.1621,-0.0950,3021.78,26.64,-4.24,50.99,60653.1,0,0.00,0.00,5
48693,0.255,-1.971,-0.197,6.470,0.855,93.384,5.000,-43.000,-20.000,-0.4224,0.8900,-0.1476,-0.0881,3021.92,26.17,-4.73,51.12,60646.4,0,0.00,0.00,5
48713,0.188,-1.979,-0.194,6.348,0.610,93.384,8.000,-43.000,-20.000,-0.4248,0.8917,-0.1331,-0.0811,3022.00,25.66,-5.20,51.26,60654.1,0,0.00,0.00,5
48733,0.127,-1.985,-0.190,6.348,0.488,93.323,10.000,-43.000,-21.000,-0.4272,0.8933,-0.1187,-0.0742,3022.07,25.14,-5.58,51.39,60653.9,0,0.00,0.00,5
48753,0.062,-1.989,-0.186,6.409,0.183,93.262,10.000,-43.000,-19.000,-0.4294,0.8946,-0.1042,-0.0672,3022.11,24.59,-5.91,51.53,60657.3,0,0.00,0.00,5
48774,-0.003,-1.988,-0.176,6.409,0.061,93.323,11.000,-43.000,-19.000,-0.4316,0.8956,-0.0897,-0.0601,3022.21,24.10,-6.13,51.66,60644.2,0,0.00,0.00,5
48793,-0.068,-1.987,-0.173,6.470,-0.366,93.262,13.000,-43.000,-20.000,-0.4336,0.8964,-0.0752,-0.0530,3022.30,23.61,-6.34,51.80,60642.6,0,0.00,0.00,5
48813,-0.134,-1.984,-0.169,6.409,-0.427,93.140,13.000,-41.000,-20.000,-0.4354,0.8970,-0.0607,-0.0458,3022.34,23.08,-6.49,51.93,60650.1,0,0.00,0.00,5
48833,-0.198,-1.979,-0.167,6.531,-0.855,93.140,15.000,-41.000,-20.000,-0.4372,0.8973,-0.0463,-0.0386,3022.36,22.54,-6.57,52.07,60652.6,0,0.00,0.00,5
48853,-0.263,-1.973,-0.163,6.348,-0.855,93.079,16.000,-41.000,-18.000,-0.4389,0.8974,-0.0318,-0.0314,3022.42,22.04,-6.59,52.20,60641.0,0,0.00,0.00,5
48873,-0.325,-1.964,-0.155,6.470,-1.038,93.140,18.000,-41.000,-20.000,-0.4404,0.8973,-0.0174,-0.0241,3022.46,21.54,-6.52,52.34,60642.6,0,0.00,0.00,5
48894,-0.390,-1.953,-0.153,6.348,-1.404,93.079,17.000,-38.000,-19.000,-0.4418,0.8970,-0.0030,-0.0168,3022.46,21.02,-6.41,52.48,60648.3,0,0.00,0.00,5
48913,-0.452,-1.938,-0.148,6.287,-1.404,92.957,20.000,-40.000,-19.000,-0.4430,0.8964,0.0114,-0.0095,3022.45,20.49,-6.21,52.61,60650.4,0,0.00,0.00,5
48933,-0.515,-1.923,-0.142,6.165,-1.709,93.018,23.000,-38.000,-20.000,-0.4442,0.8956,0.0258,-0.0022,3022.42,19.96,-5.95,52.74,60650.9,0,0.00,0.00,6
