Time[ms],AccX[g],AccY[g],AccZ[g],GyroX[°/s],GyroY[°/s],GyroZ[°/s],MagX[uT],MagY[uT],MagZ[uT],qW,qX,qY,qZ,AltFilt[m],VelFilt[m/s],AccVert[m/s^2],Tilt[°],PressBMP[Pa],Servo[%],PID_Gain,Cd_Gain,Estado
16711,0.051,-0.997,-0.052,-0.000,0.000,-0.000,0.000,-0.000,0.000,0.7526,-0.6576,-0.0338,0.0000,-0.00,-0.00,0.00,82.36,86133.1,0,0.00,0.00,2
16911,0.051,-0.997,-0.052,-0.000,0.000,-0.000,0.000,-0.000,0.000,0.6965,-0.7166,-0.0368,0.0000,-0.00,0.00,0.00,91.70,86133.1,0,0.00,0.00,2
17111,0.051,-0.997,-0.052,-0.000,0.000,-0.000,0.000,-0.000,0.000,0.6787,-0.7334,-0.0377,0.0000,-0.00,0.00,0.00,94.51,86133.1,0,0.00,0.00,2
17311,0.051,-0.997,-0.052,-0.000,0.000,-0.000,0.000,-0.000,0.000,0.6751,-0.7368,-0.0379,0.0000,-0.00,0.00,0.00,95.08,86133.1,0,0.00,0.00,2
17511,0.051,-0.997,-0.052,-0.000,0.000,-0.000,0.000,-0.000,0.000,0.6759,-0.7360,-0.0378,0.0000,-0.00,0.00,0.00,94.95,86133.1,0,0.00,0.00,2
17711,0.051,-0.997,-0.052,-0.000,0.000,-0.000,0.000,-0.000,0.000,0.6778,-0.7343,-0.0378,0.0000,-0.00,0.00,0.00,94.66,86133.1,0,0.00,0.00,2
17911,0.051,-0.997,-0.052,-0.000,0.000,-0.000,0.000,-0.000,0.000,0.6797,-0.7326,-0.0377,0.0000,-0.00,0.00,0.00,94.37,86133.1,0,0.00,0.00,2
18111,0.051,-0.997,-0.052,-0.000,0.000,-0.000,0.000,-0.000,0.000,0.6813,-0.7311,-0.0376,0.0000,-0.00,0.00,0.00,94.11,86133.1,0,0.00,0.00,2
18311,0.051,-0.997,-0.052,-0.000,0.000,-0.000,0.000,-0.000,0.000,0.6826,-0.7298,-0.0375,0.0000,-0.00,0.00,0.00,93.90,86133.1,0,0.00,0.00,2
18511,0.051,-0.997,-0.052,-0.000,0.000,-0.000,0.000,-0.000,0.000,0.6837,-0.7288,-0.0375,0.0000,-0.00,0.00,0.00,93.73,86133.1,0,0.00,0.00,2
18711,0.051,-0.997,-0.052,-0.000,0.000,-0.000,0.000,-0.000,0.000,0.6846,-0.7280,-0.0374,0.0000,-0.00,0.00,0.00,93.59,86133.1,0,0.00,0.00,2
18911,0.051,-0.997,-0.052,-0.000,0.000,-0.000,0.000,-0.000,0.000,0.6853,-0.7273,-0.0374,0.0000,-0.00,0.00,0.00,93.48,86133.1,0,0.00,0.00,2
19111,0.051,-0.997,-0.052,-0.000,0.000,-0.000,0.000,-0.000,0.000,0.6859,-0.7268,-0.0374,0.0000,-0.00,0.00,0.00,93.39,86133.1,0,0.00,0.00,2
19311,0.051,-0.997,-0.052,-0.000,0.000,-0.000,0.000,-0.000,0.000,0.6863,-0.7263,-0.0373,-0.0000,-0.00,0.00,0.00,93.32,86133.1,0,0.00,0.00,2
19511,0.051,-0.997,-0.052,-0.000,0.000,-0.000,0.000,-0.000,0.000,0.6867,-0.7260,-0.0373,-0.0000,-0.00,0.00,0.00,93.26,86133.1,0,0.00,0.00,2
19711,0.051,-0.997,-0.052,-0.000,0.000,-0.000,0.000,-0.000,0.000,0.6870,-0.7257,-0.0373,-0.0000,-0.00,0.00,0.00,93.21,86133.1,0,0.00,0.00,2
19911,0.051,-0.997,-0.052,-0.000,0.000,-0.000,0.000,-0.000,0.000,0.6873,-0.7254,-0.0373,-0.0000,-0.00,0.00,0.00,93.17,86133.1,0,0.00,0.00,2
20111,0.051,-0.997,-0.052,-0.000,0.000,-0.000,0.000,-0.000,0.000,0.6875,-0.7252,-0.0373,-0.0000,-0.00,0.00,0.00,93.14,86133.1,0,0.00,0.00,2
20311,0.051,-0.997,-0.052,-0.000,0.000,-0.000,0.000,-0.000,0.000,0.6876,-0.7251,-0.0373,-0.0000,-0.00,0.00,0.00,93.11,86133.1,0,0.00,0.00,2
20511,0.051,-0.997,-0.052,-0.000,0.000,-0.000,0.000,-0.000,0.000,0.6878,-0.7250,-0.0373,-0.0000,-0.00,0.00,0.00,93.09,86133.1,0,0.00,0.00,2
20711,0.051,-0.997,-0.052,-0.000,0.000,-0.000,0.000,-0.000,0.000,0.6879,-0.7249,-0.0373,-0.0000,-0.00,0.00,0.00,93.07,86133.1,0,0.00,0.00,2
20911,0.051,-0.997,-0.052,-0.000,0.000,-0.000,0.000,-0.000,0.000,0.6880,-0.7248,-0.0373,-0.0000,-0.00,0.00,0.00,93.06,86133.1,0,0.00,0.00,2
21111,0.051,-0.997,-0.052,-0.000,0.000,-0.000,0.000,-0.000,0.000,0.6881,-0.7247,-0.0373,0.0000,-0.00,0.00,0.00,93.05,86133.1,0,0.00,0.00,2
21311,0.051,-0.997,-0.052,-0.000,0.000,-0.000,0.000,-0.000,0.000,0.6881,-0.7246,-0.0373,0.0000,-0.00,0.00,0.00,93.04,86133.1,0,0.00,0.00,2
21511,0.051,-0.997,-0.052,-0.000,0.000,-0.000,0.000,-0.000,0.000,0.6882,-0.7246,-0.0373,0.0000,-0.00,0.00,0.00,93.03,86133.1,0,0.00,0.00,2
21711,0.051,-0.997,-0.052,-0.000,0.000,-0.000,0.000,-0.000,0.000,0.6882,-0.7246,-0.0373,0.0000,-0.00,0.00,0.00,93.02,86133.1,0,0.00,0.00,2
21911,0.051,-0.997,-0.052,-0.000,0.000,-0.000,0.000,-0.000,0.000,0.6882,-0.7245,-0.0373,0.0000,-0.00,0.00,0.00,93.02,86133.1,0,0.00,0.00,2
22111,0.051,-0.997,-0.052,-0.000,0.000,-0.000,0.000,-0.000,0.000,0.6883,-0.7245,-0.0373,0.0000,-0.00,0.00,0.00,93.01,86133.1,0,0.00,0.00,2
22311,0.051,-0.997,-0.052,-0.000,0.000,-0.000,0.000,-0.000,0.000,0.6883,-0.7245,-0.0373,0.0000,-0.00,0.00,0.00,93.01,86133.1,0,0.00,0.00,2
22511,0.051,-0.997,-0.052,-0.000,0.000,-0.000,0.000,-0.000,0.000,0.6883,-0.7245,-0.0373,0.0000,-0.00,0.00,0.00,93.01,86133.1,0,0.00,0.00,2
22711,0.051,-0.997,-0.052,-0.000,0.000,-0.000,0.000,-0.000,0.000,0.6883,-0.7245,-0.0373,0.0000,-0.00,0.00,0.00,93.01,86133.1,0,0.00,0.00,2
22911,0.051,-0.997,-0.052,-0.000,0.000,-0.000,0.000,-0.000,0.000,0.6883,-0.7244,-0.0373,0.0000,-0.00,0.00,0.00,93.00,86133.1,0,0.00,0.00,2
23111,0.051,-0.997,-0.052,-0.000,0.000,-0.000,0.000,-0.000,0.000,0.6883,-0.7244,-0.0373,0.0000,-0.00,0.00,0.00,93.00,86133.1,0,0.00,0.00,2
23311,0.051,-0.997,-0.052,-0.000,0.000,-0.000,0.000,-0.000,0.000,0.6883,-0.7244,-0.0372,0.0000,-0.00,0.00,0.00,93.00,86133.1,0,0.00,0.00,2
23511,0.051,-0.997,-0.052,-0.000,0.000,-0.000,0.000,-0.000,0.000,0.6884,-0.7244,-0.0372,0.0000,-0.00,0.00,0.00,93.00,86133.1,0,0.00,0.00,2
23711,0.051,-0.997,-0.052,-0.000,0.000,-0.000,0.000,-0.000,0.000,0.6884,-0.7244,-0.0372,0.0000,-0.00,0.00,0.00,93.00,86133.1,0,0.00,0.00,2
23911,0.051,-0.997,-0.052,-0.000,0.000,-0.000,0.000,-0.000,0.000,0.6884,-0.7244,-0.0372,0.0000,-0.00,0.00,0.00,93.00,86133.1,0,0.00,0.00,2
24111,0.051,-0.997,-0.052,-0.000,0.000,-0.000,0.000,-0.000,0.000,0.6884,-0.7244,-0.0372,0.0000,-0.00,0.00,0.00,93.00,86133.1,0,0.00,0.00,2
24311,0.051,-0.997,-0.052,-0.000,0.000,-0.000,0.000,-0.000,0.000,0.6884,-0.7244,-0.0372,0.0000,-0.00,0.00,0.00,93.00,86133.1,0,0.00,0.00,2
24511,0.051,-0.997,-0.052,-0.000,0.000,-0.000,0.000,-0.000,0.000,0.6884,-0.7244,-0.0372,0.0000,-0.00,0.00,0.00,93.00,86133.1,0,0.00,0.00,2
24711,0.051,-0.997,-0.052,-0.000,0.000,-0.000,0.000,-0.000,0.000,0.6884,-0.7244,-0.0372,0.0000,-0.00,0.00,0.00,93.00,86133.1,0,0.00,0.00,2
24911,0.051,-0.997,-0.052,-0.000,0.000,-0.000,0.000,-0.000,0.000,0.6884,-0.7244,-0.0372,0.0000,-0.00,0.00,0.00,93.00,86133.1,0,0.00,0.00,2
25111,0.051,-0.997,-0.052,-0.000,0.000,-0.000,0.000,-0.000,0.000,0.6884,-0.7244,-0.0372,0.0000,-0.00,0.00,0.00,93.00,86133.1,0,0.00,0.00,2
25311,0.051,-0.997,-0.052,-0.000,0.000,-0.000,0.000,-0.000,0.000,0.6884,-0.7244,-0.0372,0.0000,-0.00,0.00,0.00,93.00,86133.1,0,0.00,0.00,2
25511,0.051,-0.997,-0.052,-0.000,0.000,-0.000,0.000,-0.000,0.000,0.6884,-0.7244,-0.0372,0.0000,-0.00,0.00,0.00,93.00,86133.1,0,0.00,0.00,2
25711,0.051,-0.997,-0.052,-0.000,0.000,-0.000,0.000,-0.000,0.000,0.6884,-0.7244,-0.0372,0.0000,-0.00,0.00,0.00,93.00,86133.1,0,0.00,0.00,2
25911,0.051,-0.997,-0.052,-0.000,0.000,-0.000,0.000,-0.000,0.000,0.6884,-0.7244,-0.0372,0.0000,-0.00,0.00,0.00,93.00,86133.1,0,0.00,0.00,2
26111,0.051,-0.997,-0.052,-0.000,0.000,-0.000,0.000,-0.000,0.000,0.6884,-0.7244,-0.0372,0.0000,-0.00,0.00,0.00,93.00,86133.1,0,0.00,0.00,2
26311,0.051,-0.997,-0.052,-0.000,0.000,-0.000,0.000,-0.000,0.000,0.6884,-0.7244,-0.0372,0.0000,-0.00,0.00,0.00,93.00,86133.1,0,0.00,0.00,2
26511,0.051,-0.997,-0.052,-0.000,0.000,-0.000,0.000,-0.000,0.000,0.6884,-0.7244,-0.0372,0.0000,-0.00,0.00,0.00,93.00,86133.1,0,0.00,0.00,2
26711,0.051,-0.997,-0.052,-0.000,0.000,-0.000,0.000,-0.000,0.000,0.6884,-0.7244,-0.0372,0.0000,-0.00,0.00,0.00,93.00,86133.1,0,0.00,0.00,2
26911,0.051,-0.997,-0.052,-0.000,0.000,-0.000,0.000,-0.000,0.000,0.6884,-0.7244,-0.0372,0.0000,-0.00,0.00,0.00,93.00,86133.1,0,0.00,0.00,2
27111,0.051,-0.997,-0.052,-0.000,0.000,-0.000,0.000,-0.000,0.000,0.6884,-0.7244,-0.0372,0.0000,-0.00,0.00,0.00,93.00,86133.1,0,0.00,0.00,2
27311,0.051,-0.997,-0.052,-0.000,0.000,-0.000,0.000,-0.000,0.000,0.6884,-0.7244,-0.0372,0.0000,-0.00,0.00,0.00,93.00,86133.1,0,0.00,0.00,2
27511,0.051,-0.997,-0.052,-0.000,0.000,-0.000,0.000,-0.000,0.000,0.6884,-0.7244,-0.0372,0.0000,-0.00,0.00,0.00,93.00,86133.1,0,0.00,0.00,2
27711,0.051,-0.997,-0.052,-0.000,0.000,-0.000,0.000,-0.000,0.000,0.6884,-0.7244,-0.0372,0.0000,-0.00,0.00,0.00,93.00,86133.1,0,0.00,0.00,2
27911,0.051,-0.997,-0.052,-0.000,0.000,-0.000,0.000,-0.000,0.000,0.6884,-0.7244,-0.0372,0.0000,-0.00,0.00,0.00,93.00,86133.1,0,0.00,0.00,2
28111,0.051,-0.997,-0.052,-0.000,0.000,-0.000,0.000,-0.000,0.000,0.6884,-0.7244,-0.0372,0.0000,-0.00,0.00,0.00,93.00,86133.1,0,0.00,0.00,2
28311,0.051,-0.997,-0.052,-0.000,0.000,-0.000,0.000,-0.000,0.000,0.6884,-0.7244,-0.0372,0.0000,-0.00,0.00,0.00,93.00,86133.1,0,0.00,0.00,2
28511,0.051,-0.997,-0.052,-0.000,0.000,-0.000,0.000,-0.000,0.000,0.6884,-0.7244,-0.0372,0.0000,-0.00,0.00,0.00,93.00,86133.1,0,0.00,0.00,2
28711,0.051,-0.997,-0.052,-0.000,0.000,-0.000,0.000,-0.000,0.000,0.6884,-0.7244,-0.0372,0.0000,-0.00,0.00,0.00,93.00,86133.1,0,0.00,0.00,2
28911,0.051,-0.997,-0.052,-0.000,0.000,-0.000,0.000,-0.000,0.000,0.6884,-0.7244,-0.0372,0.0000,-0.00,0.00,0.00,93.00,86133.1,0,0.00,0.00,2
29111,0.051,-0.997,-0.052,-0.000,0.000,-0.000,0.000,-0.000,0.000,0.6884,-0.7244,-0.0372,0.0000,-0.00,0.00,0.00,93.00,86133.1,0,0.00,0.00,2
29311,0.051,-0.997,-0.052,-0.000,0.000,-0.000,0.000,-0.000,0.000,0.6884,-0.7244,-0.0372,0.0000,-0.00,0.00,0.00,93.00,86133.1,0,0.00,0.00,2
29511,0.051,-0.997,-0.052,-0.000,0.000,-0.000,0.000,-0.000,0.000,0.6884,-0.7244,-0.0372,0.0000,-0.00,0.00,0.00,93.00,86133.1,0,0.00,0.00,2
29711,0.051,-0.997,-0.052,-0.000,0.000,-0.000,0.000,-0.000,0.000,0.6884,-0.7244,-0.0372,0.0000,-0.00,0.00,0.00,93.00,86133.1,0,0.00,0.00,2
29911,0.051,-0.997,-0.052,-0.000,0.000,-0.000,0.000,-0.000,0.000,0.6884,-0.7244,-0.0372,0.0000,-0.00,0.00,0.00,93.00,86133.1,0,0.00,0.00,2
30111,0.051,-0.997,-0.052,-0.000,0.000,-0.000,0.000,-0.000,0.000,0.6884,-0.7244,-0.0372,0.0000,-0.00,0.00,0.00,93.00,86133.1,0,0.00,0.00,2
30311,0.051,-0.997,-0.052,-0.000,0.000,-0.000,0.000,-0.000,0.000,0.6884,-0.7244,-0.0372,0.0000,-0.00,0.00,0.00,93.00,86133.1,0,0.00,0.00,2
30511,0.051,-0.997,-0.052,-0.000,0.000,-0.000,0.000,-0.000,0.000,0.6884,-0.7244,-0.0372,0.0000,-0.00,0.00,0.00,93.00,86133.1,0,0.00,0.00,2
30713,0.051,-0.996,-0.052,0.061,-0.122,0.000,0.000,-0.000,0.000,0.6885,-0.7243,-0.0371,0.0002,-0.00,0.00,0.00,92.98,86128.6,0,0.00,0.00,2
30913,0.050,-0.994,-0.051,-0.000,-0.183,0.000,0.000,-0.000,0.000,0.6888,-0.7239,-0.0377,0.0013,-0.00,-0.00,0.00,92.92,86144.8,0,0.00,0.00,2
31113,0.051,-0.994,-0.052,0.122,-0.061,0.061,0.000,-0.000,0.000,0.6887,-0.7241,-0.0376,0.0013,-0.00,-0.00,0.00,92.95,86138.7,0,0.00,0.00,2
31253,0.048,-3.027,-0.053,0.183,-0.244,0.000,0.000,-0.000,0.000,0.6886,-0.7242,-0.0379,0.0014,0.00,0.00,19.85,92.97,86135.0,0,0.00,0.00,3
31273,0.051,-3.602,-0.052,0.183,-0.366,0.061,0.000,-0.000,0.000,0.6886,-0.7242,-0.0379,0.0015,0.01,0.51,25.48,92.96,86143.5,0,0.00,0.00,3
31293,0.051,-4.186,-0.053,0.061,-0.366,0.000,0.000,-0.000,0.000,0.6886,-0.7241,-0.0380,0.0015,0.02,1.13,31.19,92.96,86128.3,0,0.00,0.00,3
31313,0.050,-4.765,-0.051,0.061,-0.488,0.061,0.000,-0.000,0.000,0.6886,-0.7241,-0.0380,0.0016,0.06,1.87,36.85,92.96,86126.6,0,0.00,0.00,3
31333,0.050,-4.762,-0.051,0.183,-0.488,0.061,0.000,-0.000,0.000,0.6886,-0.7241,-0.0380,0.0017,0.10,2.61,36.82,92.96,86130.9,0,0.00,0.00,3
31353,0.050,-4.760,-0.050,0.061,-0.488,-0.061,0.000,-0.000,0.000,0.6886,-0.7241,-0.0381,0.0018,0.16,3.34,36.80,92.96,86134.6,0,0.00,0.00,3
31373,0.051,-4.757,-0.054,0.061,-0.488,0.000,0.000,-0.000,0.000,0.6886,-0.7241,-0.0382,0.0018,0.23,4.08,36.77,92.96,86130.1,0,0.00,0.00,3
31393,0.050,-4.753,-0.052,0.061,-0.427,0.061,0.000,-0.000,0.000,0.6886,-0.7241,-0.0382,0.0019,0.32,4.81,36.74,92.96,86121.4,0,0.00,0.00,3
31413,0.048,-4.755,-0.050,0.061,-0.427,0.061,0.000,-0.000,0.000,0.6886,-0.7241,-0.0382,0.0020,0.43,5.55,36.75,92.95,86132.3,0,0.00,0.00,3
31433,0.053,-4.753,-0.051,0.061,-0.488,0.061,0.000,-0.000,0.000,0.6886,-0.7241,-0.0383,0.0020,0.54,6.28,36.74,92.95,86130.1,0,0.00,0.00,3
31453,0.050,-4.753,-0.052,-0.000,-0.549,0.061,0.000,-0.000,0.000,0.6886,-0.7241,-0.0383,0.0021,0.68,7.02,36.74,92.95,86138.1,0,0.00,0.00,3
31473,0.048,-4.750,-0.050,-0.000,-0.488,0.061,0.000,-0.000,0.000,0.6886,-0.7241,-0.0384,0.0022,0.82,7.75,36.71,92.96,86123.0,0,0.00,0.00,3
31493,0.049,-4.749,-0.049,0.122,-0.488,0.061,0.000,-0.000,0.000,0.6886,-0.7241,-0.0384,0.0023,0.99,8.49,36.69,92.95,86116.6,0,0.00,0.00,3
31513,0.050,-4.750,-0.051,0.122,-0.488,0.000,0.000,-0.000,0.000,0.6887,-0.7241,-0.0385,0.0023,1.16,9.22,36.71,92.95,86119.8,0,0.00,0.00,3
31533,0.051,-4.749,-0.052,0.122,-0.488,0.061,0.000,-0.000,0.000,0.6887,-0.7240,-0.0385,0.0024,1.36,9.95,36.69,92.95,86119.4,0,0.00,0.00,3
31553,0.053,-4.745,-0.051,-0.061,-0.427,0.000,0.000,-0.000,0.000,0.6887,-0.7241,-0.0386,0.0025,1.56,10.69,36.66,92.95,86118.1,0,0.00,0.00,3
31573,0.050,-4.746,-0.053,0.061,-0.488,0.122,0.000,-0.000,0.000,0.6887,-0.7241,-0.0386,0.0026,1.78,11.42,36.67,92.95,86113.6,0,0.00,0.00,3
31594,0.051,-4.744,-0.050,0.122,-0.427,0.000,0.000,-0.000,0.000,0.6887,-0.7240,-0.0387,0.0026,2.02,12.15,36.64,92.95,86113.9,0,0.00,0.00,3
31614,0.049,-4.740,-0.053,0.183,-0.488,0.061,0.000,-0.000,0.000,0.6887,-0.7240,-0.0387,0.0027,2.27,12.89,36.61,92.95,86098.7,0,0.00,0.00,3
31633,0.051,-4.743,-0.052,0.061,-0.488,0.061,0.000,-0.000,0.000,0.6887,-0.7240,-0.0388,0.0028,2.54,13.63,36.64,92.95,86103.8,0,0.00,0.00,3
31653,0.049,-4.744,-0.051,0.061,-0.549,-0.061,0.000,-0.000,0.000,0.6887,-0.7240,-0.0388,0.0028,2.82,14.36,36.64,92.95,86097.0,0,0.00,0.00,3
31673,0.051,-4.741,-0.050,0.122,-0.427,0.000,0.000,-0.000,0.000,0.6887,-0.7240,-0.0389,0.0029,3.12,15.10,36.62,92.94,86090.9,0,0.00,0.00,3
31693,0.050,-4.740,-0.052,0.183,-0.427,0.000,0.000,-0.000,0.000,0.6887,-0.7240,-0.0389,0.0030,3.42,15.82,36.61,92.94,86117.1,0,0.00,0.00,3
31713,0.049,-4.740,-0.048,-0.000,-0.427,-0.122,0.000,-0.000,0.000,0.6887,-0.7240,-0.0390,0.0030,3.75,16.55,36.61,92.94,86096.0,0,0.00,0.00,3
31733,-0.019,-4.736,-0.017,0.061,-0.549,0.000,0.000,-0.000,0.000,0.6887,-0.7240,-0.0391,0.0031,4.09,17.29,36.52,92.94,86089.8,0,0.00,0.00,3
31753,-0.020,-4.739,-0.016,0.244,-1.282,0.305,0.000,-0.000,0.000,0.6887,-0.7239,-0.0392,0.0033,4.44,18.03,36.55,92.94,86074.4,0,0.00,0.00,3
31773,-0.017,-4.740,-0.017,0.366,-2.197,0.427,0.000,-0.000,0.000,0.6888,-0.7239,-0.0394,0.0036,4.81,18.76,36.56,92.93,86090.2,0,0.00,0.00,3
31793,-0.018,-4.736,-0.017,0.488,-3.052,0.793,0.000,-0.000,0.000,0.6888,-0.7238,-0.0396,0.0041,5.19,19.49,36.52,92.92,86079.7,0,0.00,0.00,3
31815,-0.021,-4.742,-0.015,0.916,-4.150,0.977,0.000,-0.000,0.000,0.6889,-0.7237,-0.0400,0.0048,5.59,20.22,36.58,92.91,86076.6,0,0.00,0.00,3
31833,-0.021,-4.740,-0.017,1.038,-4.944,1.160,0.000,-0.000,0.000,0.6890,-0.7236,-0.0405,0.0055,6.00,20.95,36.56,92.89,86073.4,0,0.00,0.00,3
31853,-0.020,-4.741,-0.015,1.282,-5.859,1.465,0.000,-0.000,0.000,0.6891,-0.7235,-0.0410,0.0065,6.43,21.69,36.58,92.87,86065.8,0,0.00,0.00,3
31873,-0.021,-4.744,-0.019,1.282,-7.019,1.587,0.000,-0.000,0.000,0.6892,-0.7233,-0.0416,0.0076,6.88,22.43,36.60,92.86,86052.6,0,0.00,0.00,3
31893,-0.020,-4.742,-0.015,1.343,-7.996,1.892,0.000,-0.000,0.000,0.6893,-0.7232,-0.0423,0.0088,7.34,23.17,36.59,92.84,86061.1,0,0.00,0.00,3
31913,-0.020,-4.750,-0.015,1.770,-8.972,2.197,0.000,-0.000,0.000,0.6895,-0.7229,-0.0431,0.0102,7.82,23.92,36.67,92.81,86043.0,0,0.00,0.00,3
31933,-0.019,-4.747,-0.017,1.892,-10.071,2.380,0.000,-0.000,0.000,0.6896,-0.7227,-0.0440,0.0118,8.31,24.66,36.65,92.78,86043.8,0,0.00,0.00,3
31953,-0.021,-4.747,-0.016,2.197,-11.047,2.686,0.000,-0.000,0.000,0.6898,-0.7224,-0.0450,0.0136,8.82,25.41,36.65,92.75,86029.3,0,0.00,0.00,3
31973,-0.022,-4.749,-0.016,2.380,-12.268,2.930,0.000,-0.000,0.000,0.6900,-0.7222,-0.0461,0.0155,9.33,26.15,36.67,92.71,86041.6,0,0.00,0.00,3
31993,-0.022,-4.750,-0.018,2.441,-13.367,3.174,0.000,-0.000,0.000,0.6902,-0.7218,-0.0473,0.0176,9.87,26.89,36.69,92.67,86029.9,0,0.00,0.00,3
32013,-0.021,-4.754,-0.015,2.686,-14.404,3.357,0.000,-0.000,0.000,0.6904,-0.7215,-0.0486,0.0198,10.42,27.64,36.73,92.63,86020.2,0,0.00,0.00,3
32033,-0.021,-4.750,-0.013,2.869,-15.503,3.601,0.000,-0.000,0.000,0.6906,-0.7211,-0.0500,0.0222,10.99,28.38,36.69,92.58,86020.8,0,0.00,0.00,3
32053,-0.021,-4.754,-0.016,2.991,-16.663,3.906,0.000,-0.000,0.000,0.6908,-0.7207,-0.0515,0.0248,11.56,29.11,36.74,92.54,86020.6,0,0.00,0.00,3
32073,-0.017,-4.755,-0.013,3.357,-17.761,4.150,0.000,-0.000,0.000,0.6911,-0.7203,-0.0531,0.0276,12.17,29.88,36.75,92.48,85997.1,0,0.00,0.00,3
32093,-0.016,-4.758,-0.014,3.418,-18.921,4.272,0.000,-0.000,0.000,0.6913,-0.7198,-0.0548,0.0305,12.78,30.63,36.79,92.43,85999.2,0,0.00,0.00,3
32113,-0.018,-4.758,-0.012,3.784,-20.081,4.395,0.000,-0.000,0.000,0.6916,-0.7193,-0.0567,0.0336,13.41,31.38,36.79,92.36,85993.4,0,0.00,0.00,3
32133,-0.018,-4.760,-0.013,3.845,-21.118,4.700,0.000,-0.000,0.000,0.6918,-0.7188,-0.0586,0.0369,14.06,32.14,36.82,92.30,85984.0,0,0.00,0.00,3
32153,-0.016,-4.766,-0.011,4.028,-22.278,4.700,0.000,-0.000,0.000,0.6920,-0.7182,-0.0607,0.0403,14.71,32.87,36.88,92.23,85988.8,0,0.00,0.00,3
32173,-0.014,-4.766,-0.011,4.150,-23.499,4.822,0.000,-0.000,0.000,0.6923,-0.7175,-0.0629,0.0439,15.38,33.62,36.88,92.16,85977.4,0,0.00,0.00,3
32193,-0.012,-4.764,-0.009,4.272,-24.597,4.944,0.000,-0.000,0.000,0.6925,-0.7169,-0.0652,0.0476,16.06,34.35,36.87,92.08,85976.8,0,0.00,0.00,3
32213,-0.010,-4.771,-0.006,4.456,-25.757,5.005,0.000,-0.000,0.000,0.6927,-0.7162,-0.0676,0.0515,16.75,35.09,36.94,92.01,85969.0,0,0.00,0.00,3
32233,-0.008,-4.769,-0.004,4.578,-26.611,5.066,0.000,-0.000,0.000,0.6929,-0.7155,-0.0702,0.0555,17.48,35.86,36.92,91.92,85947.7,0,0.00,0.00,3
32253,-0.006,-4.770,-0.003,4.700,-27.954,5.127,0.000,-0.000,0.000,0.6931,-0.7147,-0.0729,0.0597,18.23,36.63,36.94,91.84,85938.6,0,0.00,0.00,3
32273,-0.005,-4.767,-0.003,4.761,-29.053,5.127,0.000,-0.000,0.000,0.6933,-0.7138,-0.0757,0.0640,18.99,37.40,36.91,91.75,85936.3,0,0.00,0.00,3
32293,-0.005,-4.770,-0.002,4.883,-30.090,5.066,0.000,-0.000,0.000,0.6934,-0.7130,-0.0786,0.0684,19.77,38.17,36.94,91.66,85924.6,0,0.00,0.00,3
32313,0.001,-4.775,-0.001,4.883,-31.250,5.188,0.000,-0.000,0.000,0.6935,-0.7121,-0.0817,0.0730,20.57,38.96,37.00,91.57,85911.7,0,0.00,0.00,3
32333,0.004,-4.773,-0.002,4.883,-32.349,5.066,0.000,-0.000,0.000,0.6936,-0.7111,-0.0849,0.0777,21.38,39.72,36.98,91.48,85914.2,0,0.00,0.00,3
32353,0.006,-4.779,-0.001,5.127,-33.447,4.944,0.000,-0.000,0.000,0.6936,-0.7101,-0.0883,0.0825,22.20,40.49,37.05,91.38,85902.9,0,0.00,0.00,3
32373,0.007,-4.777,0.001,4.822,-34.485,4.883,0.000,-0.000,0.000,0.6936,-0.7091,-0.0918,0.0875,23.08,41.31,37.03,91.29,85878.1,0,0.00,0.00,3
32393,0.013,-4.779,0.001,4.761,-35.706,4.639,0.000,-0.000,0.000,0.6935,-0.7080,-0.0955,0.0925,23.95,42.11,37.05,91.20,85879.0,0,0.00,0.00,3
32415,0.015,-4.779,0.005,4.761,-36.621,4.395,0.000,-0.000,0.000,0.6934,-0.7069,-0.0993,0.0977,24.81,42.86,37.05,91.10,85884.5,0,0.00,0.00,3
32433,0.019,-4.778,0.003,4.578,-37.720,4.333,0.000,-0.000,0.000,0.6933,-0.7058,-0.1032,0.1029,25.67,43.60,37.04,91.01,85880.8,0,0.00,0.00,3
32453,0.022,-4.780,0.006,4.395,-38.696,4.089,0.000,-0.000,0.000,0.6930,-0.7046,-0.1073,0.1083,26.58,44.38,37.06,90.92,85857.3,0,0.00,0.00,3
32473,0.028,-4.786,0.002,4.272,-39.734,3.723,0.000,-0.000,0.000,0.6927,-0.7034,-0.1116,0.1137,27.53,45.19,37.12,90.83,85841.9,0,0.00,0.00,3
32493,0.032,-4.785,0.004,4.150,-40.771,3.662,0.000,-0.000,0.000,0.6923,-0.7022,-0.1160,0.1192,28.45,45.94,37.11,90.74,85847.5,0,0.00,0.00,3
32513,0.033,-4.787,0.006,3.784,-41.809,3.296,0.000,-0.000,0.000,0.6919,-0.7009,-0.1205,0.1248,29.40,46.71,37.13,90.66,85835.7,0,0.00,0.00,3
32533,0.038,-4.787,0.004,3.479,-42.847,2.991,0.000,-0.000,0.000,0.6913,-0.6996,-0.1252,0.1305,30.37,47.49,37.13,90.58,85824.2,0,0.00,0.00,3
32553,0.043,-4.789,0.003,3.235,-43.884,2.625,0.000,-0.000,0.000,0.6906,-0.6982,-0.1301,0.1363,31.35,48.26,37.15,90.51,85813.4,0,0.00,0.00,3
32573,0.047,-4.787,0.001,2.808,-44.861,2.441,0.000,-0.000,0.000,0.6899,-0.6968,-0.1352,0.1421,32.36,49.04,37.13,90.44,85802.9,0,0.00,0.00,3
32593,0.049,-4.790,0.000,2.686,-45.837,2.075,0.000,-0.000,0.000,0.6891,-0.6954,-0.1404,0.1480,33.33,49.77,37.15,90.38,85809.4,0,0.00,0.00,3
32613,0.053,-4.794,0.000,2.197,-46.814,1.709,0.000,-0.000,0.000,0.6881,-0.6940,-0.1457,0.1539,34.39,50.58,37.20,90.32,85774.9,0,0.00,0.00,3
32633,0.053,-4.790,-0.002,1.831,-47.852,1.465,0.000,-0.000,0.000,0.6870,-0.6925,-0.1512,0.1599,35.44,51.36,37.16,90.27,85772.0,0,0.00,0.00,3
32653,0.056,-4.790,-0.001,1.343,-48.767,1.099,0.000,-0.000,0.000,0.6859,-0.6910,-0.1569,0.1660,36.53,52.16,37.15,90.23,85757.4,0,0.00,0.00,3
32673,0.059,-4.790,-0.006,0.854,-49.744,0.916,0.000,-0.000,0.000,0.6846,-0.6894,-0.1627,0.1721,37.60,52.93,37.15,90.20,85754.1,0,0.00,0.00,3
32693,0.058,-4.791,-0.008,0.427,-50.720,0.610,0.000,-0.000,0.000,0.6831,-0.6878,-0.1687,0.1783,38.72,53.73,37.16,90.18,85736.5,0,0.00,0.00,3
32713,0.060,-4.795,-0.009,-0.122,-51.636,0.244,0.000,-0.000,0.000,0.6815,-0.6862,-0.1748,0.1845,39.83,54.51,37.21,90.17,85729.9,0,0.00,0.00,3
32733,0.058,-4.794,-0.010,-0.549,-52.612,0.000,0.000,-0.000,0.000,0.6798,-0.6846,-0.1811,0.1908,40.94,55.26,37.19,90.16,85727.8,0,0.00,0.00,3
32753,0.058,-4.797,-0.012,-1.160,-53.589,-0.244,0.000,-0.000,0.000,0.6780,-0.6829,-0.1875,0.1972,42.09,56.05,37.22,90.17,85704.5,0,0.00,0.00,3
32773,0.057,-4.798,-0.013,-1.465,-54.504,-0.488,0.000,-0.000,0.000,0.6760,-0.6811,-0.1940,0.2035,43.26,56.83,37.24,90.18,85697.3,0,0.00,0.00,3
32793,0.056,-4.797,-0.015,-2.197,-55.420,-0.671,0.000,-0.000,0.000,0.6739,-0.6794,-0.2007,0.2100,44.41,57.59,37.23,90.21,85692.8,0,0.00,0.00,3
32813,0.052,-4.796,-0.017,-2.563,-56.274,-0.977,0.000,-0.000,0.000,0.6716,-0.6775,-0.2075,0.2164,45.61,58.38,37.22,90.24,85670.1,0,0.00,0.00,3
32833,0.049,-4.800,-0.017,-3.052,-57.251,-0.977,0.000,-0.000,0.000,0.6692,-0.6757,-0.2144,0.2230,46.83,59.17,37.25,90.29,85661.1,0,0.00,0.00,3
32853,0.044,-4.795,-0.021,-3.296,-58.228,-1.099,0.000,-0.000,0.000,0.6666,-0.6737,-0.2215,0.2296,48.07,59.97,37.21,90.34,85643.2,0,0.00,0.00,3
32873,0.041,-4.796,-0.017,-3.723,-59.021,-1.221,0.000,-0.000,0.000,0.6639,-0.6717,-0.2286,0.2362,49.33,60.77,37.22,90.40,85632.6,0,0.00,0.00,3
32893,0.038,-4.797,-0.018,-4.150,-60.059,-1.160,0.000,-0.000,0.000,0.6610,-0.6696,-0.2359,0.2430,50.63,61.58,37.23,90.46,85613.9,0,0.00,0.00,3
32913,0.031,-4.800,-0.016,-4.456,-60.852,-1.160,0.000,-0.000,0.000,0.6580,-0.6675,-0.2432,0.2498,51.91,62.38,37.25,90.53,85608.3,0,0.00,0.00,3
32933,0.026,-4.798,-0.015,-4.700,-61.829,-1.160,0.000,-0.000,0.000,0.6548,-0.6652,-0.2506,0.2566,53.23,63.18,37.24,90.61,85592.6,0,0.00,0.00,3
32953,0.018,-4.802,-0.013,-4.944,-62.866,-1.038,0.000,-0.000,0.000,0.6515,-0.6629,-0.2581,0.2636,54.57,64.00,37.27,90.70,85575.0,0,0.00,0.00,3
32973,0.014,-4.797,-0.009,-5.066,-63.599,-1.221,0.000,-0.000,0.000,0.6481,-0.6604,-0.2657,0.2706,55.94,64.83,37.23,90.78,85559.4,0,0.00,0.00,3
32993,0.007,-4.797,-0.006,-5.127,-64.453,-1.038,0.000,-0.000,0.000,0.6445,-0.6579,-0.2734,0.2776,57.28,65.61,37.23,90.87,85558.1,0,0.00,0.00,3
33013,0.001,-4.797,-0.000,-5.188,-65.369,-0.854,0.000,-0.000,0.000,0.6408,-0.6552,-0.2810,0.2848,58.66,66.42,37.23,90.95,85539.8,0,0.00,0.00,3
33035,-0.006,-4.800,0.004,-5.249,-66.284,-0.854,0.000,-0.000,0.000,0.6369,-0.6524,-0.2888,0.2920,60.06,67.22,37.25,91.04,85525.8,0,0.00,0.00,3
33053,-0.011,-4.797,0.009,-5.127,-67.322,-0.610,0.000,-0.000,0.000,0.6329,-0.6495,-0.2966,0.2993,61.50,68.06,37.22,91.13,85501.3,0,0.00,0.00,3
33073,-0.017,-4.798,0.014,-4.883,-68.054,-0.549,0.000,-0.000,0.000,0.6288,-0.6464,-0.3044,0.3067,62.88,68.81,37.23,91.20,85511.5,0,0.00,0.00,3
33093,-0.021,-4.795,0.020,-4.639,-69.031,-0.366,0.000,-0.000,0.000,0.6246,-0.6432,-0.3122,0.3142,64.33,69.62,37.20,91.28,85482.9,0,0.00,0.00,3
33113,-0.024,-4.800,0.027,-4.333,-69.702,-0.244,0.000,-0.000,0.000,0.6203,-0.6398,-0.3201,0.3217,65.82,70.45,37.24,91.35,85462.1,0,0.00,0.00,3
33133,-0.027,-4.793,0.033,-3.967,-70.740,-0.183,0.000,-0.000,0.000,0.6159,-0.6362,-0.3279,0.3294,67.25,71.21,37.18,91.40,85466.2,0,0.00,0.00,3
33153,-0.031,-4.797,0.038,-3.540,-71.594,-0.061,0.000,-0.000,0.000,0.6113,-0.6324,-0.3358,0.3371,68.69,71.96,37.21,91.45,85457.1,0,0.00,0.00,3
33173,-0.032,-4.799,0.045,-2.930,-72.449,0.000,0.000,-0.000,0.000,0.6067,-0.6284,-0.3437,0.3449,70.20,72.77,37.23,91.49,85424.2,0,0.00,0.00,3
33193,-0.032,-4.800,0.050,-2.563,-73.425,0.061,0.000,-0.000,0.000,0.6020,-0.6242,-0.3516,0.3528,71.72,73.56,37.24,91.51,85413.6,0,0.00,0.00,3
33213,-0.034,-4.798,0.054,-1.953,-74.341,0.061,0.000,-0.000,0.000,0.5971,-0.6198,-0.3595,0.3607,73.22,74.33,37.22,91.53,85405.4,0,0.00,0.00,3
33233,-0.033,-4.801,0.061,-1.404,-75.012,0.122,0.000,-0.000,0.000,0.5922,-0.6151,-0.3673,0.3687,74.75,75.11,37.24,91.53,85389.9,0,0.00,0.00,3
33253,-0.031,-4.805,0.062,-0.854,-75.928,0.061,0.000,-0.000,0.000,0.5872,-0.6103,-0.3752,0.3768,76.30,75.89,37.28,91.52,85372.2,0,0.00,0.00,3
33273,-0.027,-4.805,0.064,-0.305,-76.843,0.061,0.000,-0.000,0.000,0.5821,-0.6052,-0.3830,0.3849,77.86,76.67,37.28,91.49,85357.3,0,0.00,0.00,3
33293,-0.025,-4.804,0.066,0.366,-77.637,0.000,0.000,-0.000,0.000,0.5768,-0.5999,-0.3909,0.3931,79.49,77.50,37.27,91.45,85328.6,0,0.00,0.00,3
33313,-0.023,-4.802,0.063,0.732,-78.491,-0.122,0.000,-0.000,0.000,0.5715,-0.5944,-0.3987,0.4014,81.08,78.28,37.25,91.41,85326.1,0,0.00,0.00,3
33333,-0.019,-4.805,0.062,1.343,-79.407,-0.244,0.000,-0.000,0.000,0.5661,-0.5886,-0.4065,0.4096,82.72,79.08,37.28,91.35,85302.9,0,0.00,0.00,3
33353,-0.015,-4.806,0.058,2.014,-80.261,-0.366,0.000,-0.000,0.000,0.5606,-0.5826,-0.4143,0.4180,84.35,79.87,37.29,91.27,85293.1,0,0.00,0.00,3
33373,-0.010,-4.807,0.055,2.319,-81.055,-0.427,0.000,-0.000,0.000,0.5549,-0.5764,-0.4220,0.4263,85.98,80.64,37.30,91.19,85281.0,0,0.00,0.00,3
33393,-0.006,-4.813,0.046,2.747,-81.909,-0.732,0.000,-0.000,0.000,0.5492,-0.5699,-0.4298,0.4346,87.63,81.42,37.36,91.09,85262.9,0,0.00,0.00,3
33413,-0.002,-4.812,0.042,3.052,-82.764,-0.916,0.000,-0.000,0.000,0.5433,-0.5632,-0.4375,0.4429,89.31,82.20,37.35,90.99,85244.2,0,0.00,0.00,3
33433,-0.001,-4.812,0.034,3.235,-83.618,-1.099,0.000,-0.000,0.000,0.5372,-0.5563,-0.4453,0.4513,91.00,82.99,37.36,90.89,85228.3,0,0.00,0.00,3
33453,-0.001,-4.812,0.024,3.418,-84.595,-1.160,0.000,-0.000,0.000,0.5310,-0.5492,-0.4530,0.4596,92.71,83.78,37.36,90.78,85210.4,0,0.00,0.00,3
33473,0.000,-4.815,0.013,3.540,-85.388,-1.343,0.000,-0.000,0.000,0.5246,-0.5418,-0.4607,0.4679,94.50,84.61,37.40,90.67,85179.0,0,0.00,0.00,3
33493,-0.001,-4.816,0.000,3.540,-86.121,-1.404,0.000,-0.000,0.000,0.5181,-0.5343,-0.4684,0.4761,96.21,85.38,37.41,90.56,85183.4,0,0.00,0.00,3
33513,-0.002,-4.820,-0.006,3.540,-87.158,-1.526,0.000,-0.000,0.000,0.5114,-0.5266,-0.4761,0.4844,97.99,86.19,37.45,90.45,85153.9,0,0.00,0.00,3
33533,-0.004,-4.823,-0.021,3.357,-87.952,-1.648,0.000,-0.000,0.000,0.5044,-0.5186,-0.4837,0.4925,99.75,86.96,37.48,90.34,85146.4,0,0.00,0.00,3
33553,-0.006,-4.822,-0.030,3.174,-88.806,-1.648,0.000,-0.000,0.000,0.4973,-0.5105,-0.4914,0.5006,101.52,87.74,37.47,90.24,85128.0,0,0.00,0.00,3
33573,-0.012,-4.825,-0.039,2.808,-89.600,-1.465,0.000,-0.000,0.000,0.4899,-0.5023,-0.4990,0.5087,103.30,88.50,37.50,90.14,85115.5,0,0.00,0.00,3
33593,-0.013,-4.825,-0.046,2.563,-90.454,-1.465,0.000,-0.000,0.000,0.4823,-0.4938,-0.5065,0.5166,105.12,89.28,37.50,90.05,85090.1,0,0.00,0.00,3
33613,-0.019,-4.822,-0.052,2.197,-91.309,-1.221,0.000,-0.000,0.000,0.4745,-0.4852,-0.5140,0.5245,106.94,90.07,37.47,89.97,85073.8,0,0.00,0.00,3
33633,-0.026,-4.823,-0.058,1.770,-92.163,-1.038,0.000,-0.000,0.000,0.4664,-0.4765,-0.5215,0.5324,108.81,90.87,37.49,89.89,85048.5,0,0.00,0.00,3
33655,-0.032,-4.821,-0.061,1.465,-93.079,-0.854,0.000,-0.000,0.000,0.4581,-0.4676,-0.5290,0.5401,110.67,91.65,37.46,89.82,85039.4,0,0.00,0.00,3
33673,-0.036,-4.825,-0.065,0.977,-93.933,-0.610,0.000,-0.000,0.000,0.4495,-0.4586,-0.5364,0.5477,112.56,92.45,37.50,89.77,85013.0,0,0.00,0.00,3
33693,-0.038,-4.824,-0.062,0.549,-94.666,-0.305,0.000,-0.000,0.000,0.4406,-0.4494,-0.5437,0.5553,114.44,93.21,37.49,89.72,85005.3,0,0.00,0.00,3
33713,-0.042,-4.822,-0.060,0.305,-95.581,0.122,0.000,-0.000,0.000,0.4315,-0.4400,-0.5509,0.5627,116.34,93.99,37.47,89.67,84983.5,0,0.00,0.00,3
33733,-0.044,-4.827,-0.056,-0.183,-96.436,0.488,0.000,-0.000,0.000,0.4221,-0.4306,-0.5581,0.5701,118.28,94.79,37.53,89.64,84958.9,0,0.00,0.00,3
33753,-0.044,-4.827,-0.053,-0.549,-97.168,0.854,0.000,-0.000,0.000,0.4124,-0.4210,-0.5652,0.5773,120.21,95.57,37.52,89.61,84944.3,0,0.00,0.00,3
33773,-0.042,-4.832,-0.045,-0.793,-98.206,1.160,0.000,-0.000,0.000,0.4025,-0.4112,-0.5721,0.5844,122.17,96.36,37.57,89.59,84923.2,0,0.00,0.00,3
33794,-0.039,-4.834,-0.038,-0.977,-99.060,1.526,0.000,-0.000,0.000,0.3923,-0.4012,-0.5790,0.5915,124.13,97.13,37.60,89.57,84910.9,0,0.00,0.00,3
33813,-0.034,-4.837,-0.031,-1.221,-99.854,1.892,0.000,-0.000,0.000,0.3819,-0.3912,-0.5857,0.5984,126.05,97.85,37.62,89.55,84904.2,0,0.00,0.00,3
33833,-0.027,-4.837,-0.025,-1.221,-100.708,2.075,0.000,-0.000,0.000,0.3712,-0.3809,-0.5923,0.6052,128.04,98.63,37.62,89.53,84869.0,0,0.00,0.00,3
33853,-0.020,-4.835,-0.018,-1.282,-101.440,2.319,0.000,-0.000,0.000,0.3604,-0.3704,-0.5988,0.6119,130.05,99.41,37.60,89.52,84850.9,0,0.00,0.00,3
33873,-0.009,-4.837,-0.009,-1.221,-102.356,2.563,0.000,-0.000,0.000,0.3492,-0.3598,-0.6051,0.6184,132.02,100.14,37.61,89.50,84842.9,0,0.00,0.00,3
33893,-0.000,-4.836,-0.005,-1.282,-103.149,2.625,0.000,-0.000,0.000,0.3379,-0.3490,-0.6113,0.6248,134.04,100.90,37.60,89.48,84817.0,0,0.00,0.00,3
33913,0.012,-4.838,-0.002,-1.038,-104.065,2.625,0.000,-0.000,0.000,0.3264,-0.3379,-0.6173,0.6311,136.04,101.63,37.62,89.45,84804.2,0,0.00,0.00,3
33933,0.023,-4.839,0.000,-0.977,-104.736,2.563,0.000,-0.000,0.000,0.3147,-0.3266,-0.6231,0.6372,138.10,102.40,37.62,89.42,84773.9,0,0.00,0.00,3
33953,0.032,-4.837,0.004,-0.732,-105.713,2.319,0.000,-0.000,0.000,0.3029,-0.3151,-0.6287,0.6432,140.16,103.15,37.61,89.38,84759.2,0,0.00,0.00,3
33973,0.041,-4.842,0.002,-0.610,-106.628,2.197,0.000,-0.000,0.000,0.2908,-0.3034,-0.6342,0.6490,142.22,103.90,37.65,89.34,84742.2,0,0.00,0.00,3
33993,0.049,-4.839,0.003,-0.427,-107.544,1.831,0.000,-0.000,0.000,0.2786,-0.2914,-0.6395,0.6546,144.27,104.62,37.62,89.30,84727.2,0,0.00,0.00,3
34013,0.056,-4.840,-0.001,-0.122,-108.276,1.526,0.000,-0.000,0.000,0.2663,-0.2791,-0.6446,0.6601,146.35,105.36,37.63,89.24,84702.1,0,0.00,0.00,3
34033,0.059,-4.842,-0.003,0.061,-109.131,0.977,0.000,-0.000,0.000,0.2539,-0.2666,-0.6495,0.6653,148.44,106.09,37.64,89.19,84685.0,0,0.00,0.00,3
34053,0.063,-4.837,-0.008,0.061,-109.985,0.610,0.000,-0.000,0.000,0.2413,-0.2539,-0.6542,0.6703,150.53,106.80,37.60,89.13,84668.5,0,0.00,0.00,3
34073,0.060,-4.837,-0.008,0.061,-110.840,0.244,0.000,-0.000,0.000,0.2286,-0.2409,-0.6587,0.6751,152.69,107.57,37.59,89.08,84633.1,0,0.00,0.00,3
34093,0.060,-4.838,-0.011,0.122,-111.633,-0.244,0.000,-0.000,0.000,0.2157,-0.2277,-0.6630,0.6797,154.82,108.29,37.60,89.02,84623.4,0,0.00,0.00,3
34113,0.057,-4.835,-0.015,0.244,-112.427,-0.793,0.000,-0.000,0.000,0.2028,-0.2142,-0.6672,0.6840,156.98,109.03,37.57,88.96,84598.7,0,0.00,0.00,3
34133,0.049,-4.835,-0.019,0.122,-113.281,-1.221,0.000,-0.000,0.000,0.1897,-0.2005,-0.6711,0.6881,159.16,109.77,37.58,88.91,84577.0,0,0.00,0.00,3
34153,0.041,-4.833,-0.017,0.122,-114.136,-1.465,0.000,-0.000,0.000,0.1764,-0.1865,-0.6747,0.6919,161.34,110.51,37.56,88.86,84557.6,0,0.00,0.00,3
34173,0.035,-4.836,-0.015,-0.061,-114.990,-1.770,0.000,-0.000,0.000,0.1631,-0.1724,-0.6782,0.6955,163.54,111.24,37.59,88.82,84535.4,0,0.00,0.00,3
34193,0.024,-4.833,-0.013,0.061,-115.784,-2.014,0.000,-0.000,0.000,0.1496,-0.1581,-0.6814,0.6988,165.75,111.97,37.56,88.78,84516.6,0,0.00,0.00,3
34213,0.011,-4.834,-0.010,-0.122,-116.638,-2.136,0.000,-0.000,0.000,0.1359,-0.1436,-0.6844,0.7018,167.99,112.72,37.58,88.74,84488.6,0,0.00,0.00,3
34233,0.006,-4.828,-0.003,-0.183,-117.493,-2.197,0.000,-0.000,0.000,0.1221,-0.1289,-0.6871,0.7045,170.22,113.44,37.52,88.71,84475.0,0,0.00,0.00,3
34255,-0.004,-4.828,0.003,-0.244,-118.469,-2.136,0.000,-0.000,0.000,0.1081,-0.1141,-0.6896,0.7069,172.48,114.17,37.53,88.69,84450.1,0,0.00,0.00,3
34273,-0.011,-4.826,0.010,-0.427,-119.202,-2.075,0.000,-0.000,0.000,0.0940,-0.0991,-0.6918,0.7091,174.69,114.85,37.51,88.67,84443.7,0,0.00,0.00,3
34293,-0.015,-4.825,0.019,-0.427,-119.934,-1.953,0.000,-0.000,0.000,0.0797,-0.0840,-0.6937,0.7109,176.98,115.59,37.50,88.65,84403.4,0,0.00,0.00,3
34313,-0.020,-4.824,0.024,-0.427,-120.850,-1.587,0.000,-0.000,0.000,0.0653,-0.0688,-0.6953,0.7125,179.27,116.31,37.49,88.64,84385.4,0,0.00,0.00,3
34333,-0.022,-4.827,0.030,-0.244,-121.704,-1.404,0.000,-0.000,0.000,0.0507,-0.0535,-0.6966,0.7137,181.64,117.09,37.52,88.63,84347.8,0,0.00,0.00,3
34353,-0.022,-4.826,0.035,-0.244,-122.559,-1.099,0.000,-0.000,0.000,0.0359,-0.0381,-0.6975,0.7147,183.98,117.84,37.51,88.62,84333.8,0,0.00,0.00,3
34373,-0.021,-4.824,0.038,-0.244,-123.413,-0.793,0.000,-0.000,0.000,0.0209,-0.0226,-0.6982,0.7153,186.31,118.56,37.50,88.62,84318.7,0,0.00,0.00,3
34393,-0.017,-4.823,0.038,-0.061,-124.268,-0.427,0.000,-0.000,0.000,0.0058,-0.0070,-0.6985,0.7156,188.66,119.28,37.49,88.61,84294.9,0,0.00,0.00,3
34413,-0.018,-4.819,0.040,0.183,-125.061,0.000,0.000,-0.000,0.000,-0.0094,0.0086,-0.6984,0.7156,191.04,120.02,37.45,88.61,84267.4,0,0.00,0.00,3
34433,-0.013,-4.822,0.038,0.366,-125.854,0.244,0.000,-0.000,0.000,-0.0248,0.0242,-0.6980,0.7153,193.42,120.74,37.48,88.60,84249.3,0,0.00,0.00,3
34453,-0.009,-4.822,0.033,0.549,-126.709,0.488,0.000,-0.000,0.000,-0.0403,0.0400,-0.6972,0.7146,195.81,121.46,37.48,88.59,84226.9,0,0.00,0.00,3
34473,-0.005,-4.816,0.028,0.793,-127.502,0.793,0.000,-0.000,0.000,-0.0559,0.0558,-0.6960,0.7136,198.27,122.22,37.41,88.58,84189.3,0,0.00,0.00,3
34493,-0.003,-4.818,0.021,0.977,-128.418,0.854,0.000,-0.000,0.000,-0.0716,0.0716,-0.6945,0.7123,200.68,122.94,37.43,88.56,84180.6,0,0.00,0.00,3
34513,-0.003,-4.811,0.014,0.977,-129.272,1.038,0.000,-0.000,0.000,-0.0874,0.0876,-0.6926,0.7106,203.07,123.61,37.36,88.55,84167.4,0,0.00,0.00,3
34533,-0.002,-4.810,0.004,1.343,-130.066,1.038,0.000,-0.000,0.000,-0.1033,0.1035,-0.6903,0.7086,205.55,124.36,37.34,88.53,84123.7,0,0.00,0.00,3
34553,-0.005,-4.812,-0.003,1.343,-130.981,0.977,0.000,-0.000,0.000,-0.1192,0.1195,-0.6876,0.7062,208.03,125.09,37.36,88.52,84104.5,0,0.00,0.00,3
34573,-0.005,-4.805,-0.010,1.343,-131.714,0.916,0.000,-0.000,0.000,-0.1351,0.1356,-0.6845,0.7034,210.53,125.84,37.29,88.51,84075.8,0,0.00,0.00,3
34593,-0.008,-4.803,-0.016,1.282,-132.446,0.793,0.000,-0.000,0.000,-0.1510,0.1517,-0.6811,0.7002,213.03,126.55,37.27,88.50,84059.5,0,0.00,0.00,3
34613,-0.008,-4.796,-0.019,1.160,-133.301,0.610,0.000,-0.000,0.000,-0.1669,0.1678,-0.6773,0.6966,215.50,127.24,37.20,88.49,84043.4,0,0.00,0.00,3
34633,-0.013,-4.791,-0.022,0.977,-134.155,0.366,0.000,-0.000,0.000,-0.1828,0.1840,-0.6731,0.6926,218.00,127.93,37.15,88.50,84017.9,0,0.00,0.00,3
34653,-0.016,-4.788,-0.024,0.854,-135.132,0.366,0.000,-0.000,0.000,-0.1987,0.2002,-0.6685,0.6882,220.52,128.63,37.12,88.51,83989.8,0,0.00,0.00,3
34673,-0.018,-4.783,-0.025,0.427,-135.742,0.061,0.000,-0.000,0.000,-0.2145,0.2164,-0.6635,0.6833,223.10,129.37,37.07,88.53,83955.4,0,0.00,0.00,3
34693,-0.019,-4.777,-0.026,0.122,-136.597,-0.061,0.000,-0.000,0.000,-0.2303,0.2327,-0.6582,0.6779,225.65,130.07,37.02,88.56,83939.2,0,0.00,0.00,3
34713,-0.021,-4.775,-0.021,-0.244,-137.573,-0.122,0.000,-0.000,0.000,-0.2460,0.2489,-0.6525,0.6721,228.24,130.79,37.00,88.60,83909.8,0,0.00,0.00,3
34733,-0.021,-4.776,-0.017,-0.366,-138.184,-0.122,0.000,-0.000,0.000,-0.2616,0.2651,-0.6464,0.6659,230.82,131.49,37.00,88.64,83890.4,0,0.00,0.00,3
34753,-0.020,-4.772,-0.013,-0.671,-139.038,-0.305,0.000,-0.000,0.000,-0.2772,0.2812,-0.6400,0.6592,233.46,132.24,36.97,88.70,83853.0,0,0.00,0.00,3
34773,-0.013,-4.768,-0.008,-0.793,-139.893,-0.244,0.000,-0.000,0.000,-0.2927,0.2973,-0.6331,0.6520,236.11,132.97,36.93,88.76,83829.1,0,0.00,0.00,3
34793,-0.011,-4.765,-0.007,-1.038,-140.808,-0.183,0.000,-0.000,0.000,-0.3081,0.3133,-0.6258,0.6444,238.74,133.68,36.90,88.83,83811.7,0,0.00,0.00,3
34813,-0.005,-4.765,-0.004,-1.221,-141.602,-0.183,0.000,-0.000,0.000,-0.3234,0.3292,-0.6181,0.6364,241.42,134.41,36.90,88.91,83778.4,0,0.00,0.00,3
34833,-0.000,-4.760,-0.002,-1.160,-142.456,-0.061,0.000,-0.000,0.000,-0.3386,0.3450,-0.6100,0.6279,244.05,135.09,36.85,88.99,83766.7,0,0.00,0.00,3
34853,0.004,-4.752,-0.000,-1.282,-143.250,0.000,0.000,-0.000,0.000,-0.3536,0.3606,-0.6015,0.6189,246.76,135.82,36.78,89.07,83726.4,0,0.00,0.00,3
34873,0.007,-4.746,-0.003,-1.099,-144.043,0.061,0.000,-0.000,0.000,-0.3686,0.3761,-0.5926,0.6095,249.46,136.53,36.72,89.16,83706.7,0,0.00,0.00,3
34895,0.011,-4.741,-0.001,-0.916,-144.836,0.122,0.000,-0.000,0.000,-0.3834,0.3915,-0.5832,0.5997,252.17,137.24,36.67,89.24,83680.6,0,0.00,0.00,3
34913,0.014,-4.737,-0.001,-0.732,-145.630,0.061,0.000,-0.000,0.000,-0.3981,0.4066,-0.5733,0.5895,254.88,137.93,36.63,89.32,83657.4,0,0.00,0.00,3
34933,0.012,-4.729,-0.009,-0.488,-146.423,0.000,0.000,-0.000,0.000,-0.4125,0.4216,-0.5630,0.5788,257.64,138.66,36.56,89.40,83622.7,0,0.00,0.00,3
34953,0.014,-4.727,-0.008,-0.183,-147.278,0.000,0.000,-0.000,0.000,-0.4269,0.4363,-0.5523,0.5678,260.38,139.36,36.53,89.47,83602.6,0,0.00,0.00,3
34973,0.011,-4.716,-0.006,-0.000,-148.010,0.000,0.000,-0.000,0.000,-0.4410,0.4509,-0.5411,0.5563,263.19,140.10,36.43,89.54,83562.9,0,0.00,0.00,3
34993,0.009,-4.713,-0.006,0.244,-148.804,-0.061,0.000,-0.000,0.000,-0.4549,0.4651,-0.5294,0.5445,265.97,140.80,36.40,89.61,83549.6,0,0.00,0.00,3
35013,0.008,-4.710,-0.007,0.244,-149.597,-0.183,0.000,-0.000,0.000,-0.4686,0.4792,-0.5173,0.5322,268.76,141.50,36.37,89.68,83521.3,0,0.00,0.00,3
35033,0.006,-4.702,-0.007,0.610,-150.513,-0.427,0.000,-0.000,0.000,-0.4820,0.4930,-0.5047,0.5195,271.56,142.19,36.29,89.75,83496.6,0,0.00,0.00,3
35053,0.004,-4.698,-0.004,0.671,-151.306,-0.427,0.000,-0.000,0.000,-0.4952,0.5065,-0.4917,0.5064,274.39,142.89,36.25,89.81,83465.0,0,0.00,0.00,3
35073,0.002,-4.688,-0.001,0.732,-152.161,-0.488,0.000,-0.000,0.000,-0.5081,0.5198,-0.4783,0.4928,277.23,143.59,36.15,89.88,83438.2,0,0.00,0.00,3
35093,0.002,-16.000,-0.000,0.854,-159.424,-0.610,0.000,-0.000,0.000,-0.5213,0.5332,-0.4639,0.4783,280.09,146.50,147.04,89.94,83413.4,0,0.00,0.00,3
35113,-0.000,-4.681,0.000,0.671,-153.625,-0.427,0.000,-0.000,0.000,-0.5335,0.5458,-0.4496,0.4639,283.03,147.22,36.08,90.01,83377.3,0,0.00,0.00,3
35133,0.003,-4.678,0.006,0.671,-154.480,-0.488,0.000,-0.000,0.000,-0.5455,0.5581,-0.4350,0.4491,285.93,147.89,36.06,90.08,83361.0,0,0.00,0.00,3
35153,-0.000,-4.667,0.003,0.549,-155.273,-0.549,0.000,-0.000,0.000,-0.5571,0.5701,-0.4199,0.4339,288.88,148.60,35.95,90.15,83323.5,0,0.00,0.00,3
35173,0.000,-4.669,0.004,0.427,-156.128,-0.366,0.000,-0.000,0.000,-0.5683,0.5817,-0.4045,0.4183,291.82,149.28,35.96,90.23,83302.9,0,0.00,0.00,3
35193,0.005,-4.662,0.007,0.061,-156.921,-0.305,0.000,-0.000,0.000,-0.5792,0.5929,-0.3888,0.4023,294.81,150.00,35.89,90.31,83262.2,0,0.00,0.00,3
35213,0.004,-4.658,0.003,0.061,-157.532,-0.183,0.000,-0.000,0.000,-0.5897,0.6038,-0.3727,0.3858,297.77,150.67,35.86,90.39,83247.5,0,0.00,0.00,3
35233,0.004,-4.659,0.002,-0.061,-158.508,0.000,0.000,-0.000,0.000,-0.5997,0.6142,-0.3563,0.3690,300.73,151.33,35.87,90.48,83220.3,0,0.00,0.00,3
35253,0.005,-4.654,-0.000,-0.122,-159.241,0.305,0.000,-0.000,0.000,-0.6094,0.6242,-0.3395,0.3517,303.69,151.98,35.82,90.56,83196.8,0,0.00,0.00,3
35273,0.004,-4.652,-0.000,-0.305,-159.973,0.366,0.000,-0.000,0.000,-0.6187,0.6338,-0.3224,0.3341,306.70,152.66,35.80,90.65,83160.0,0,0.00,0.00,3
35293,0.003,-4.651,-0.004,-0.244,-160.828,0.549,0.000,-0.000,0.000,-0.6275,0.6429,-0.3050,0.3161,309.72,153.34,35.79,90.73,83128.8,0,0.00,0.00,3
35313,0.004,-4.646,-0.001,-0.305,-161.682,0.671,0.000,-0.000,0.000,-0.6358,0.6516,-0.2873,0.2977,312.77,154.03,35.74,90.81,83096.3,0,0.00,0.00,3
35333,0.002,-4.646,-0.000,-0.244,-162.476,0.793,0.000,-0.000,0.000,-0.6437,0.6597,-0.2692,0.2790,315.85,154.74,35.73,90.89,83064.2,0,0.00,0.00,3
35353,-0.001,-4.642,0.000,-0.305,-163.208,0.793,0.000,-0.000,0.000,-0.6511,0.6674,-0.2509,0.2600,318.91,155.42,35.70,90.96,83041.6,0,0.00,0.00,3
35373,-0.001,-4.641,-0.000,-0.183,-163.940,0.793,0.000,-0.000,0.000,-0.6581,0.6746,-0.2323,0.2407,322.01,156.11,35.69,91.03,83007.4,0,0.00,0.00,3
35393,-0.000,-4.635,0.002,-0.122,-164.795,0.671,0.000,-0.000,0.000,-0.6645,0.6812,-0.2133,0.2211,325.11,156.80,35.63,91.09,82978.6,0,0.00,0.00,3
35413,-0.004,-4.635,0.005,-0.061,-165.588,0.488,0.000,-0.000,0.000,-0.6704,0.6873,-0.1941,0.2013,328.22,157.48,35.63,91.15,82952.6,0,0.00,0.00,3
35433,-0.001,-4.634,0.003,-0.000,-166.321,0.366,0.000,-0.000,0.000,-0.6758,0.6928,-0.1746,0.1812,331.42,158.23,35.62,91.21,82901.4,0,0.00,0.00,3
35453,-0.001,-4.631,0.009,-0.061,-167.053,0.183,0.000,-0.000,0.000,-0.6806,0.6978,-0.1549,0.1609,334.58,158.93,35.59,91.25,82885.1,0,0.00,0.00,3
35473,-0.001,-4.625,0.008,-0.061,-167.847,0.061,0.000,-0.000,0.000,-0.6848,0.7022,-0.1349,0.1404,337.74,159.62,35.54,91.30,82857.6,0,0.00,0.00,3
35496,0.005,-4.620,0.009,-0.000,-168.701,0.000,0.000,-0.000,0.000,-0.6885,0.7061,-0.1147,0.1196,340.91,160.30,35.48,91.34,82828.0,0,0.00,0.00,3
35513,0.002,-4.620,0.008,-0.061,-169.434,-0.183,0.000,-0.000,0.000,-0.6916,0.7093,-0.0943,0.0987,344.06,160.95,35.48,91.38,82808.3,0,0.00,0.00,3
35533,0.003,-4.617,0.004,-0.122,-170.227,-0.305,0.000,-0.000,0.000,-0.6940,0.7120,-0.0736,0.0776,347.26,161.64,35.45,91.41,82765.8,0,0.00,0.00,3
35553,0.006,-4.613,0.004,-0.122,-171.021,-0.366,0.000,-0.000,0.000,-0.6959,0.7140,-0.0529,0.0564,350.46,162.31,35.41,91.44,82740.5,0,0.00,0.00,3
35573,0.004,-4.609,0.000,-0.122,-171.753,-0.366,0.000,-0.000,0.000,-0.6972,0.7154,-0.0319,0.0350,353.70,163.00,35.38,91.46,82704.2,0,0.00,0.00,3
35594,0.001,-4.602,-0.001,-0.122,-172.607,-0.366,0.000,-0.000,0.000,-0.6978,0.7161,-0.0109,0.0135,356.93,163.68,35.30,91.48,82676.2,0,0.00,0.00,3
35614,-0.000,-4.599,-0.005,-0.183,-173.340,-0.305,0.000,-0.000,0.000,-0.6978,0.7162,0.0103,-0.0082,360.23,164.40,35.28,91.50,82632.3,0,0.00,0.00,3
35633,-0.003,-4.594,-0.006,-0.183,-174.072,-0.244,0.000,-0.000,0.000,-0.6971,0.7157,0.0315,-0.0299,363.51,165.09,35.23,91.51,82609.4,0,0.00,0.00,3
35653,-0.005,-4.590,-0.008,-0.061,-174.866,-0.122,0.000,-0.000,0.000,-0.6958,0.7144,0.0528,-0.0517,366.80,165.78,35.19,91.51,82578.4,0,0.00,0.00,3
35673,-0.007,-4.583,-0.007,-0.000,-175.659,0.000,0.000,-0.000,0.000,-0.6939,0.7125,0.0741,-0.0736,370.13,166.49,35.13,91.50,82540.0,0,0.00,0.00,3
35693,-0.008,-4.582,-0.006,-0.000,-176.514,0.183,0.000,-0.000,0.000,-0.6913,0.7099,0.0954,-0.0955,373.44,167.16,35.11,91.49,82518.2,0,0.00,0.00,3
35713,-0.010,-4.575,-0.003,0.183,-177.246,0.122,0.000,-0.000,0.000,-0.6880,0.7066,0.1167,-0.1175,376.69,167.77,35.04,91.47,82504.2,0,0.00,0.00,3
35733,-0.006,-4.572,-0.002,0.305,-178.040,0.366,0.000,-0.000,0.000,-0.6841,0.7026,0.1379,-0.1394,380.01,168.43,35.01,91.45,82459.8,0,0.00,0.00,3
35753,-0.006,-4.566,-0.004,0.305,-178.711,0.244,0.000,-0.000,0.000,-0.6795,0.6978,0.1592,-0.1613,383.35,169.10,34.96,91.41,82425.0,0,0.00,0.00,3
35773,-0.002,-4.566,-0.002,0.427,-179.626,0.305,0.000,-0.000,0.000,-0.6742,0.6924,0.1803,-0.1832,386.73,169.78,34.96,91.37,82387.7,0,0.00,0.00,3
35793,-0.000,-4.559,-0.001,0.366,-180.298,0.305,0.000,-0.000,0.000,-0.6682,0.6863,0.2014,-0.2049,390.11,170.46,34.88,91.32,82357.8,0,0.00,0.00,3
35813,0.003,-4.551,-0.003,0.549,-181.091,0.244,0.000,-0.000,0.000,-0.6616,0.6794,0.2224,-0.2265,393.56,171.20,34.81,91.26,82309.0,0,0.00,0.00,3
35833,0.007,-4.546,-0.005,0.427,-181.946,0.244,0.000,-0.000,0.000,-0.6542,0.6718,0.2432,-0.2480,396.99,171.88,34.76,91.20,82289.0,0,0.00,0.00,3
35853,0.010,-4.543,-0.006,0.427,-182.678,0.305,0.000,-0.000,0.000,-0.6462,0.6635,0.2639,-0.2694,400.47,172.62,34.73,91.14,82242.2,0,0.00,0.00,3
35873,0.013,-4.538,-0.008,0.427,-183.411,0.061,0.000,-0.000,0.000,-0.6374,0.6545,0.2844,-0.2905,403.91,173.29,34.68,91.07,82225.9,0,0.00,0.00,3
35893,0.011,-4.531,-0.010,0.244,-184.204,0.061,0.000,-0.000,0.000,-0.6280,0.6448,0.3047,-0.3114,407.37,173.97,34.61,90.99,82191.2,0,0.00,0.00,3
35913,0.010,-4.526,-0.010,0.244,-184.814,0.122,0.000,-0.000,0.000,-0.6178,0.6344,0.3248,-0.3321,410.83,174.64,34.56,90.92,82161.6,0,0.00,0.00,3
35933,0.010,-4.523,-0.011,0.122,-185.608,0.061,0.000,-0.000,0.000,-0.6070,0.6233,0.3446,-0.3525,414.32,175.32,34.53,90.84,82125.1,0,0.00,0.00,3
35953,0.007,-4.515,-0.012,-0.000,-186.401,0.061,0.000,-0.000,0.000,-0.5955,0.6115,0.3642,-0.3726,417.86,176.03,34.45,90.76,82082.7,0,0.00,0.00,3
35973,0.005,-4.511,-0.010,-0.061,-187.256,0.061,0.000,-0.000,0.000,-0.5832,0.5991,0.3834,-0.3924,421.41,176.74,34.41,90.67,82048.8,0,0.00,0.00,3
35994,0.006,-4.505,-0.009,-0.183,-187.927,0.122,0.000,-0.000,0.000,-0.5703,0.5859,0.4023,-0.4118,424.93,177.40,34.36,90.59,82026.9,0,0.00,0.00,3
36013,0.002,-4.500,-0.003,-0.183,-188.660,0.061,0.000,-0.000,0.000,-0.5567,0.5720,0.4209,-0.4309,428.51,178.12,34.31,90.50,81978.9,0,0.00,0.00,3
36033,0.002,-4.496,0.002,-0.061,-189.453,0.061,0.000,-0.000,0.000,-0.5425,0.5575,0.4391,-0.4496,432.06,178.79,34.26,90.41,81958.9,0,0.00,0.00,3
36053,0.001,-4.488,0.001,-0.061,-190.186,0.122,0.000,-0.000,0.000,-0.5276,0.5423,0.4568,-0.4678,435.67,179.50,34.19,90.32,81912.3,0,0.00,0.00,3
36073,0.004,-4.481,0.006,0.061,-190.796,0.183,0.000,-0.000,0.000,-0.5121,0.5264,0.4741,-0.4857,439.24,180.15,34.13,90.22,81893.3,0,0.00,0.00,3
36093,0.002,-4.474,0.007,0.061,-191.711,0.000,0.000,-0.000,0.000,-0.4959,0.5099,0.4910,-0.5030,442.85,180.84,34.05,90.12,81849.6,0,0.00,0.00,3
36115,0.005,-4.467,0.009,0.061,-192.322,0.000,0.000,-0.000,0.000,-0.4792,0.4927,0.5073,-0.5198,446.54,181.57,33.99,90.02,81801.8,0,0.00,0.00,3
36133,0.007,-4.458,0.009,0.244,-193.054,0.061,0.000,-0.000,0.000,-0.4618,0.4749,0.5232,-0.5362,450.19,182.26,33.89,89.91,81778.9,0,0.00,0.00,3
36153,0.005,-4.456,0.002,0.305,-193.848,0.000,0.000,-0.000,0.000,-0.4439,0.4565,0.5384,-0.5520,453.84,182.94,33.88,89.80,81747.8,0,0.00,0.00,3
36173,0.007,-4.451,0.002,0.366,-194.702,-0.183,0.000,-0.000,0.000,-0.4254,0.4374,0.5532,-0.5672,457.53,183.64,33.82,89.70,81704.5,0,0.00,0.00,3
36193,0.006,-4.439,-0.000,0.427,-195.374,-0.122,0.000,-0.000,0.000,-0.4063,0.4178,0.5673,-0.5818,461.22,184.33,33.71,89.59,81675.0,0,0.00,0.00,3
36213,0.002,-4.435,-0.003,0.427,-196.167,-0.183,0.000,-0.000,0.000,-0.3867,0.3976,0.5809,-0.5958,464.92,185.00,33.67,89.48,81641.9,0,0.00,0.00,3
36233,-0.000,-4.427,-0.004,0.305,-196.899,-0.183,0.000,-0.000,0.000,-0.3665,0.3768,0.5938,-0.6091,468.63,185.67,33.59,89.38,81607.4,0,0.00,0.00,3
36253,-0.003,-4.415,-0.008,0.244,-197.693,-0.183,0.000,-0.000,0.000,-0.3459,0.3556,0.6061,-0.6218,472.35,186.34,33.48,89.29,81573.0,0,0.00,0.00,3
36273,-0.007,-4.406,-0.007,0.366,-198.303,-0.244,0.000,-0.000,0.000,-0.3247,0.3338,0.6177,-0.6337,476.09,187.02,33.39,89.19,81533.9,0,0.00,0.00,3
36293,-0.009,-4.401,-0.006,0.244,-199.097,-0.122,0.000,-0.000,0.000,-0.3031,0.3116,0.6285,-0.6450,479.85,187.70,33.34,89.10,81499.0,0,0.00,0.00,3
36313,-0.008,-4.389,-0.005,0.183,-199.829,0.000,0.000,-0.000,0.000,-0.2810,0.2889,0.6387,-0.6555,483.62,188.37,33.22,89.01,81464.5,0,0.00,0.00,3
36333,-0.008,-4.376,-0.005,0.122,-200.562,0.061,0.000,-0.000,0.000,-0.2585,0.2658,0.6481,-0.6652,487.38,189.02,33.10,88.94,81434.1,0,0.00,0.00,3
36353,-0.007,-4.373,-0.006,0.244,-201.233,0.061,0.000,-0.000,0.000,-0.2356,0.2422,0.6568,-0.6741,491.21,189.72,33.06,88.86,81383.7,0,0.00,0.00,3
36373,-0.006,-4.363,-0.006,0.183,-202.087,0.061,0.000,-0.000,0.000,-0.2122,0.2183,0.6647,-0.6823,494.99,190.36,32.97,88.79,81363.4,0,0.00,0.00,3
36393,-0.001,-4.354,-0.002,0.122,-202.759,0.122,0.000,-0.000,0.000,-0.1886,0.1941,0.6717,-0.6896,498.82,191.03,32.88,88.73,81319.5,0,0.00,0.00,3
36413,-0.002,-4.348,-0.000,0.122,-203.430,0.000,0.000,-0.000,0.000,-0.1646,0.1694,0.6780,-0.6961,502.62,191.66,32.82,88.67,81292.8,0,0.00,0.00,3
36433,0.001,-4.342,-0.005,0.061,-204.163,0.000,0.000,-0.000,0.000,-0.1403,0.1445,0.6834,-0.7017,506.48,192.34,32.76,88.62,81245.8,0,0.00,0.00,3
36453,0.002,-4.334,-0.003,0.122,-204.834,0.061,0.000,-0.000,0.000,-0.1158,0.1194,0.6880,-0.7064,510.36,193.02,32.68,88.57,81206.4,0,0.00,0.00,3
36473,0.003,-4.329,-0.006,0.244,-205.688,0.061,0.000,-0.000,0.000,-0.0910,0.0940,0.6917,-0.7103,514.26,193.70,32.63,88.53,81170.6,0,0.00,0.00,3
36493,0.004,-4.318,-0.010,0.122,-206.299,-0.122,0.000,-0.000,0.000,-0.0661,0.0683,0.6945,-0.7132,518.16,194.37,32.52,88.51,81134.7,0,0.00,0.00,3
36513,0.003,-4.314,-0.011,0.122,-207.031,-0.122,0.000,-0.000,0.000,-0.0410,0.0425,0.6964,-0.7152,522.11,195.07,32.48,88.48,81090.2,0,0.00,0.00,3
36533,0.002,-4.303,-0.008,0.122,-207.764,-0.122,0.000,-0.000,0.000,-0.0157,0.0165,0.6974,-0.7163,526.04,195.74,32.38,88.47,81061.9,0,0.00,0.00,3
36553,0.000,-4.298,-0.008,-0.061,-208.496,-0.122,0.000,-0.000,0.000,0.0097,-0.0096,0.6975,-0.7164,529.99,196.42,32.33,88.47,81020.5,0,0.00,0.00,3
36573,0.001,-4.290,-0.006,0.061,-209.167,-0.244,0.000,-0.000,0.000,0.0351,-0.0357,0.6967,-0.7156,533.97,197.10,32.25,88.47,80983.0,0,0.00,0.00,3
36594,-0.000,-4.282,-0.004,-0.000,-209.900,-0.122,0.000,-0.000,0.000,0.0606,-0.0619,0.6949,-0.7138,537.95,197.78,32.17,88.49,80944.5,0,0.00,0.00,3
36613,-0.002,-4.274,-0.002,-0.000,-210.571,-0.244,0.000,-0.000,0.000,0.0860,-0.0881,0.6923,-0.7111,541.91,198.42,32.10,88.51,80918.6,0,0.00,0.00,3
36633,-0.003,-4.260,0.000,-0.061,-211.182,-0.244,0.000,-0.000,0.000,0.1115,-0.1143,0.6886,-0.7073,545.94,199.10,31.96,88.54,80868.0,0,0.00,0.00,3
36653,-0.002,-4.253,0.001,0.061,-211.914,-0.183,0.000,-0.000,0.000,0.1368,-0.1404,0.6840,-0.7026,549.95,199.76,31.89,88.58,80836.3,0,0.00,0.00,3
36673,-0.001,-4.242,0.002,-0.000,-212.769,-0.183,0.000,-0.000,0.000,0.1621,-0.1664,0.6785,-0.6969,553.96,200.40,31.78,88.62,80801.9,0,0.00,0.00,3
36693,0.001,-4.234,0.001,-0.000,-213.440,-0.061,0.000,-0.000,0.000,0.1873,-0.1923,0.6719,-0.6903,558.05,201.11,31.70,88.68,80748.2,0,0.00,0.00,3
36713,0.001,-4.225,0.003,0.061,-214.111,-0.122,0.000,-0.000,0.000,0.2122,-0.2179,0.6645,-0.6826,562.12,201.78,31.61,88.74,80718.1,0,0.00,0.00,3
36735,0.001,-4.216,0.001,0.122,-214.722,-0.061,0.000,-0.000,0.000,0.2370,-0.2433,0.6560,-0.6740,566.18,202.43,31.52,88.81,80683.7,0,0.00,0.00,3
36753,-0.001,-4.204,-0.001,-0.061,-215.454,0.000,0.000,-0.000,0.000,0.2615,-0.2685,0.6467,-0.6643,570.31,203.12,31.41,88.89,80635.0,0,0.00,0.00,3
36773,-0.001,-4.197,0.000,-0.061,-216.064,-0.061,0.000,-0.000,0.000,0.2857,-0.2934,0.6364,-0.6537,574.48,203.84,31.33,88.97,80587.4,0,0.00,0.00,3
36793,-0.001,-4.182,-0.001,-0.122,-216.858,0.000,0.000,-0.000,0.000,0.3096,-0.3179,0.6251,-0.6421,578.60,204.50,31.19,89.06,80564.3,0,0.00,0.00,3
36813,-0.004,-4.172,-0.001,0.061,-217.590,0.000,0.000,-0.000,0.000,0.3331,-0.3420,0.6129,-0.6296,582.77,205.19,31.09,89.16,80517.0,0,0.00,0.00,3
36833,-0.004,-4.154,-0.001,0.122,-218.201,0.000,0.000,-0.000,0.000,0.3562,-0.3658,0.5998,-0.6161,586.94,205.87,30.91,89.25,80480.5,0,0.00,0.00,3
36853,-0.003,-4.149,0.000,-0.061,-218.750,0.000,0.000,-0.000,0.000,0.3788,-0.3890,0.5857,-0.6017,591.09,206.51,30.87,89.36,80450.2,0,0.00,0.00,3
36873,-0.002,-4.133,-0.000,-0.000,-219.543,-0.061,0.000,-0.000,0.000,0.4010,-0.4118,0.5708,-0.5864,595.26,207.16,30.71,89.47,80410.9,0,0.00,0.00,3
36893,-0.004,-4.118,0.000,-0.122,-220.215,0.000,0.000,-0.000,0.000,0.4226,-0.4340,0.5550,-0.5701,599.48,207.84,30.56,89.58,80361.0,0,0.00,0.00,3
36913,-0.002,-4.109,-0.001,-0.061,-221.008,0.000,0.000,-0.000,0.000,0.4437,-0.4557,0.5383,-0.5529,603.69,208.49,30.48,89.70,80328.6,0,0.00,0.00,3
36933,-0.002,-4.096,0.001,-0.061,-221.558,0.061,0.000,-0.000,0.000,0.4642,-0.4767,0.5207,-0.5349,607.91,209.13,30.35,89.82,80290.4,0,0.00,0.00,3
36953,-0.001,-4.095,0.001,-0.183,-222.290,0.061,0.000,-0.000,0.000,0.4840,-0.4971,0.5024,-0.5160,612.16,209.80,30.34,89.94,80243.5,0,0.00,0.00,3
36973,0.000,-4.088,-0.000,-0.183,-222.839,0.061,0.000,-0.000,0.000,0.5032,-0.5168,0.4832,-0.4962,616.45,210.49,30.27,90.06,80200.2,0,0.00,0.00,3
36993,-0.001,-4.086,0.001,-0.122,-223.511,0.061,0.000,-0.000,0.000,0.5216,-0.5358,0.4632,-0.4757,620.74,211.16,30.25,90.19,80162.7,0,0.00,0.00,3
37013,0.001,-4.076,0.001,-0.183,-224.182,0.000,0.000,-0.000,0.000,0.5394,-0.5540,0.4425,-0.4543,625.03,211.82,30.15,90.31,80125.1,0,0.00,0.00,3
37033,-0.000,-4.072,-0.001,-0.000,-224.731,0.122,0.000,-0.000,0.000,0.5563,-0.5714,0.4210,-0.4322,629.31,212.46,30.11,90.42,80092.5,0,0.00,0.00,3
37053,0.001,-4.064,-0.001,-0.000,-225.586,0.122,0.000,-0.000,0.000,0.5725,-0.5879,0.3988,-0.4094,633.63,213.11,30.03,90.54,80045.3,0,0.00,0.00,3
37073,0.000,-4.057,0.001,-0.000,-226.196,0.122,0.000,-0.000,0.000,0.5878,-0.6036,0.3759,-0.3859,637.97,213.78,29.97,90.65,80001.8,0,0.00,0.00,3
37093,-0.000,-4.051,-0.001,-0.061,-226.807,-0.061,0.000,-0.000,0.000,0.6022,-0.6184,0.3524,-0.3617,642.34,214.46,29.91,90.75,79959.4,0,0.00,0.00,3
37113,-0.001,-4.041,-0.000,0.122,-227.478,0.000,0.000,-0.000,0.000,0.6157,-0.6323,0.3282,-0.3368,646.64,215.07,29.81,90.85,79936.2,0,0.00,0.00,3
37133,-0.000,-4.036,0.003,-0.000,-228.088,0.061,0.000,-0.000,0.000,0.6283,-0.6452,0.3034,-0.3114,650.96,215.67,29.76,90.95,79898.6,0,0.00,0.00,3
37153,0.001,-4.024,0.000,0.061,-228.699,0.000,0.000,-0.000,0.000,0.6399,-0.6571,0.2781,-0.2854,655.35,216.33,29.65,91.04,79841.9,0,0.00,0.00,3
37173,0.000,-4.018,0.000,0.122,-229.431,-0.061,0.000,-0.000,0.000,0.6505,-0.6680,0.2523,-0.2589,659.68,216.92,29.58,91.12,79817.8,0,0.00,0.00,3
37193,0.001,-4.012,0.002,0.122,-230.225,-0.183,0.000,-0.000,0.000,0.6601,-0.6778,0.2259,-0.2319,664.07,217.55,29.53,91.20,79767.0,0,0.00,0.00,3
37213,0.003,-4.000,0.001,0.061,-230.774,-0.183,0.000,-0.000,0.000,0.6687,-0.6866,0.1991,-0.2044,668.42,218.13,29.40,91.27,79739.7,0,0.00,0.00,3
37233,0.002,-3.984,0.001,0.061,-231.384,-0.183,0.000,-0.000,0.000,0.6762,-0.6943,0.1719,-0.1765,672.76,218.69,29.25,91.33,79705.4,0,0.00,0.00,3
37253,0.002,-3.976,-0.003,0.122,-231.995,-0.061,0.000,-0.000,0.000,0.6826,-0.7008,0.1444,-0.1483,677.09,219.23,29.17,91.38,79668.5,0,0.00,0.00,3
37273,0.004,-3.965,-0.001,0.122,-232.605,-0.061,0.000,-0.000,0.000,0.6879,-0.7063,0.1166,-0.1197,681.43,219.76,29.06,91.42,79629.8,0,0.00,0.00,3
37293,0.002,-3.951,-0.000,-0.000,-233.337,-0.061,0.000,-0.000,0.000,0.6921,-0.7106,0.0885,-0.0909,685.81,220.32,28.92,91.46,79582.1,0,0.00,0.00,3
37313,0.001,-3.939,-0.005,-0.000,-233.887,0.000,0.000,-0.000,0.000,0.6951,-0.7137,0.0602,-0.0618,690.15,220.84,28.81,91.49,79551.8,0,0.00,0.00,3
37333,0.002,-3.927,-0.002,-0.000,-234.497,0.000,0.000,-0.000,0.000,0.6970,-0.7156,0.0317,-0.0325,694.49,221.33,28.69,91.50,79517.8,0,0.00,0.00,3
37355,0.002,-3.924,0.000,0.122,-235.168,0.061,0.000,-0.000,0.000,0.6977,-0.7163,0.0031,-0.0031,698.90,221.89,28.66,91.51,79459.5,0,0.00,0.00,3
37373,0.002,-3.908,-0.003,0.122,-235.840,0.000,0.000,-0.000,0.000,0.6973,-0.7158,-0.0257,0.0264,703.30,222.41,28.50,91.50,79427.4,0,0.00,0.00,3
37393,0.003,-3.901,-0.001,0.061,-236.511,0.122,0.000,-0.000,0.000,0.6957,-0.7141,-0.0544,0.0559,707.69,222.92,28.43,91.48,79388.5,0,0.00,0.00,3
37413,0.006,-3.889,0.000,0.061,-237.061,0.000,0.000,-0.000,0.000,0.6928,-0.7112,-0.0831,0.0854,712.08,223.42,28.32,91.46,79352.8,0,0.00,0.00,3
37433,0.005,-3.879,0.001,0.122,-237.671,0.122,0.000,-0.000,0.000,0.6888,-0.7070,-0.1118,0.1148,716.46,223.89,28.22,91.42,79316.0,0,0.00,0.00,3
37453,0.006,-3.865,0.000,0.122,-238.342,0.000,0.000,-0.000,0.000,0.6836,-0.7016,-0.1403,0.1442,720.87,224.39,28.08,91.37,79270.6,0,0.00,0.00,3
37473,0.006,-3.854,0.000,-0.000,-238.892,0.061,0.000,-0.000,0.000,0.6771,-0.6950,-0.1687,0.1733,725.23,224.82,27.97,91.32,79244.0,0,0.00,0.00,3
37493,0.006,-3.844,0.000,-0.061,-239.502,0.061,0.000,-0.000,0.000,0.6695,-0.6872,-0.1968,0.2022,729.62,225.28,27.87,91.25,79198.6,0,0.00,0.00,3
37513,0.006,-3.832,-0.003,-0.000,-240.234,-0.122,0.000,-0.000,0.000,0.6606,-0.6781,-0.2247,0.2308,733.98,225.69,27.75,91.18,79168.5,0,0.00,0.00,3
37533,0.006,-3.822,-0.000,-0.000,-240.723,0.061,0.000,-0.000,0.000,0.6506,-0.6678,-0.2522,0.2591,738.42,226.17,27.66,91.10,79111.7,0,0.00,0.00,3
37553,0.005,-3.813,-0.002,-0.061,-241.333,-0.061,0.000,-0.000,0.000,0.6394,-0.6563,-0.2794,0.2870,742.86,226.64,27.58,91.01,79070.9,0,0.00,0.00,3
37573,0.003,-3.807,-0.002,-0.000,-241.943,-0.183,0.000,-0.000,0.000,0.6270,-0.6436,-0.3062,0.3144,747.29,227.09,27.51,90.91,79034.9,0,0.00,0.00,3
37594,0.002,-3.794,-0.002,0.122,-242.554,0.000,0.000,-0.000,0.000,0.6135,-0.6297,-0.3324,0.3414,751.77,227.58,27.39,90.81,78983.7,0,0.00,0.00,3
37613,0.001,-3.784,-0.003,0.122,-243.164,0.000,0.000,-0.000,0.000,0.5989,-0.6147,-0.3581,0.3678,756.23,228.03,27.29,90.69,78952.0,0,0.00,0.00,3
37633,0.002,-3.768,-0.002,-0.000,-243.774,0.061,0.000,-0.000,0.000,0.5831,-0.5985,-0.3833,0.3936,760.69,228.48,27.13,90.58,78909.8,0,0.00,0.00,3
37653,0.002,-3.756,-0.002,0.122,-244.324,0.000,0.000,-0.000,0.000,0.5662,-0.5811,-0.4078,0.4188,765.13,228.89,27.02,90.46,78879.4,0,0.00,0.00,3
37673,0.002,-3.740,-0.003,0.122,-244.934,0.061,0.000,-0.000,0.000,0.5483,-0.5627,-0.4316,0.4433,769.58,229.30,26.86,90.33,78836.5,0,0.00,0.00,3
37693,0.000,-3.727,-0.003,0.183,-245.605,0.061,0.000,-0.000,0.000,0.5293,-0.5432,-0.4547,0.4670,774.05,229.73,26.73,90.20,78791.0,0,0.00,0.00,3
37713,-0.000,-3.711,-0.005,0.061,-246.155,-0.122,0.000,-0.000,0.000,0.5093,-0.5226,-0.4770,0.4899,778.54,230.15,26.58,90.07,78749.0,0,0.00,0.00,3
37733,0.004,-3.697,-0.005,0.061,-246.765,-0.061,0.000,-0.000,0.000,0.4883,-0.5010,-0.4985,0.5119,783.07,230.61,26.44,89.94,78699.5,0,0.00,0.00,3
37753,0.002,-3.686,-0.005,0.061,-247.253,0.061,0.000,-0.000,0.000,0.4663,-0.4785,-0.5191,0.5331,787.58,231.03,26.32,89.81,78665.3,0,0.00,0.00,3
37773,-0.000,-3.671,-0.007,0.122,-247.864,0.061,0.000,-0.000,0.000,0.4434,-0.4550,-0.5387,0.5533,792.01,231.38,26.18,89.68,78644.2,0,0.00,0.00,3
37793,0.001,-3.651,-0.009,-0.061,-248.413,-0.061,0.000,-0.000,0.000,0.4197,-0.4306,-0.5574,0.5725,796.51,231.77,25.98,89.55,78591.4,0,0.00,0.00,3
37813,0.000,-3.629,-0.009,0.061,-248.962,0.000,0.000,-0.000,0.000,0.3951,-0.4053,-0.5751,0.5907,801.04,232.19,25.77,89.43,78540.2,0,0.00,0.00,3
37833,-0.000,-3.619,-0.007,0.244,-249.573,0.000,0.000,-0.000,0.000,0.3697,-0.3792,-0.5918,0.6078,805.59,232.61,25.67,89.31,78499.7,0,0.00,0.00,3
37853,0.001,-3.597,-0.008,-0.122,-250.122,0.000,0.000,-0.000,0.000,0.3435,-0.3523,-0.6073,0.6237,810.11,232.99,25.46,89.19,78465.0,0,0.00,0.00,3
37873,-0.000,-3.583,-0.005,-0.000,-250.793,-0.061,0.000,-0.000,0.000,0.3166,-0.3246,-0.6218,0.6386,814.64,233.37,25.31,89.09,78424.6,0,0.00,0.00,3
37893,-0.000,-3.566,-0.005,-0.000,-251.221,0.061,0.000,-0.000,0.000,0.2890,-0.2964,-0.6351,0.6522,819.20,233.77,25.15,88.98,78376.5,0,0.00,0.00,3
37913,0.001,-3.528,-0.005,0.122,-251.831,0.000,0.000,-0.000,0.000,0.2608,-0.2674,-0.6471,0.6646,823.77,234.16,24.78,88.89,78333.6,0,0.00,0.00,3
37933,0.001,-3.495,-0.005,0.061,-252.258,0.122,0.000,-0.000,0.000,0.2321,-0.2379,-0.6580,0.6757,828.34,234.54,24.45,88.80,78293.9,0,0.00,0.00,3
37955,-0.000,-3.464,-0.006,0.061,-252.808,-0.061,0.000,-0.000,0.000,0.2028,-0.2079,-0.6676,0.6856,832.88,234.88,24.15,88.72,78263.4,0,0.00,0.00,3
37973,0.003,-3.426,-0.006,0.122,-253.296,0.061,0.000,-0.000,0.000,0.1731,-0.1774,-0.6759,0.6941,837.47,235.25,23.78,88.65,78208.3,0,0.00,0.00,3
37993,0.001,-3.396,-0.006,-0.000,-253.967,-0.061,0.000,-0.000,0.000,0.1430,-0.1464,-0.6829,0.7013,842.10,235.65,23.48,88.60,78159.5,0,0.00,0.00,3
38013,-0.001,-3.354,-0.005,-0.000,-254.456,0.000,0.000,-0.000,0.000,0.1125,-0.1152,-0.6885,0.7071,846.74,236.03,23.07,88.55,78118.9,0,0.00,0.00,3
38033,-0.002,-3.329,-0.003,0.122,-255.066,0.000,0.000,-0.000,0.000,0.0818,-0.0836,-0.6929,0.7115,851.30,236.34,22.82,88.51,78094.7,0,0.00,0.00,3
38053,-0.003,-3.267,-0.003,-0.000,-255.432,0.000,0.000,-0.000,0.000,0.0508,-0.0518,-0.6958,0.7146,855.90,236.66,22.22,88.49,78047.2,0,0.00,0.00,3
38073,-0.004,-3.196,-0.002,-0.000,-256.042,0.000,0.000,-0.000,0.000,0.0197,-0.0198,-0.6974,0.7162,860.53,236.99,21.53,88.48,77997.6,0,0.00,0.00,3
38093,-0.003,-3.135,-0.005,-0.000,-256.409,0.000,0.000,-0.000,0.000,-0.0116,0.0122,-0.6976,0.7163,865.09,237.23,20.92,88.48,77976.3,0,0.00,0.00,3
38113,-0.003,-3.072,-0.003,0.061,-256.897,0.122,0.000,-0.000,0.000,-0.0428,0.0443,-0.6963,0.7151,869.73,237.54,20.31,88.49,77914.7,0,0.00,0.00,3
38133,-0.001,-3.012,-0.001,0.122,-257.263,-0.061,0.000,-0.000,0.000,-0.0741,0.0764,-0.6937,0.7124,874.33,237.80,19.72,88.52,77882.2,0,0.00,0.00,3
38153,-0.003,-2.951,-0.002,-0.000,-257.812,0.061,0.000,-0.000,0.000,-0.1052,0.1083,-0.6897,0.7082,879.00,238.09,19.12,88.55,77827.7,0,0.00,0.00,3
38173,-0.004,-2.883,0.000,0.244,-258.240,0.000,0.000,-0.000,0.000,-0.1362,0.1401,-0.6842,0.7026,883.60,238.31,18.46,88.60,77800.6,0,0.00,0.00,3
38193,-0.003,-2.783,-0.003,0.122,-258.484,0.000,0.000,-0.000,0.000,-0.1669,0.1716,-0.6773,0.6956,888.27,238.57,17.48,88.65,77744.5,0,0.00,0.00,3
38213,-0.002,-2.679,-0.002,-0.000,-259.094,0.000,0.000,-0.000,0.000,-0.1974,0.2029,-0.6691,0.6871,892.92,238.78,16.46,88.73,77707.5,0,0.00,0.00,3
38233,-0.003,-2.570,-0.002,0.183,-259.338,0.000,0.000,-0.000,0.000,-0.2274,0.2338,-0.6595,0.6773,897.60,239.00,15.39,88.80,77658.9,0,0.00,0.00,3
38253,-0.002,-2.469,-0.002,-0.000,-259.705,0.122,0.000,-0.000,0.000,-0.2571,0.2642,-0.6485,0.6660,902.29,239.19,14.39,88.90,77617.6,0,0.00,0.00,3
38273,-0.003,-2.361,-0.000,0.061,-260.071,0.061,0.000,-0.000,0.000,-0.2863,0.2942,-0.6362,0.6533,906.96,239.35,13.34,88.99,77577.1,0,0.00,0.00,3
38293,-0.003,-2.262,0.001,-0.000,-260.498,-0.061,0.000,-0.000,0.000,-0.3149,0.3235,-0.6225,0.6393,911.64,239.50,12.36,89.10,77534.2,0,0.00,0.00,3
38313,-0.003,-2.151,0.000,0.122,-260.681,0.061,0.000,-0.000,0.000,-0.3429,0.3523,-0.6075,0.6239,916.34,239.63,11.28,89.22,77489.3,0,0.00,0.00,3
38333,-0.002,-2.075,-0.001,-0.000,-260.925,0.122,0.000,-0.000,0.000,-0.3702,0.3803,-0.5913,0.6072,921.04,239.76,10.54,89.34,77444.8,0,0.00,0.00,3
38353,0.000,-2.005,-0.004,0.122,-261.169,0.000,0.000,-0.000,0.000,-0.3968,0.4076,-0.5738,0.5893,925.72,239.85,9.85,89.47,77408.3,0,0.00,0.00,3
38373,-0.001,-1.927,0.003,0.122,-261.414,0.122,0.000,-0.000,0.000,-0.4226,0.4340,-0.5551,0.5700,930.42,239.94,9.08,89.60,77362.1,0,0.00,0.00,3
38393,-0.001,-1.857,0.002,0.061,-261.597,0.000,0.000,-0.000,0.000,-0.4475,0.4595,-0.5352,0.5496,935.12,240.01,8.40,89.73,77320.2,0,0.00,0.00,3
38413,-0.001,-1.783,0.001,0.061,-261.841,0.000,0.000,-0.000,0.000,-0.4715,0.4842,-0.5142,0.5281,939.84,240.09,7.67,89.87,77271.2,0,0.00,0.00,3
38433,-0.002,-1.707,0.002,0.122,-261.902,0.122,0.000,-0.000,0.000,-0.4945,0.5078,-0.4921,0.5054,944.56,240.15,6.93,90.00,77231.4,0,0.00,0.00,3
38453,-0.001,-1.635,0.002,0.122,-262.146,0.000,0.000,-0.000,0.000,-0.5165,0.5303,-0.4690,0.4817,949.30,240.21,6.22,90.14,77183.5,0,0.00,0.00,3
38473,0.001,-1.587,0.001,0.122,-262.329,0.000,0.000,-0.000,0.000,-0.5375,0.5518,-0.4449,0.4569,954.03,240.26,5.76,90.27,77141.4,0,0.00,0.00,3
38493,0.000,-1.539,0.001,0.122,-262.451,0.061,0.000,-0.000,0.000,-0.5573,0.5721,-0.4198,0.4311,958.76,240.30,5.28,90.41,77100.2,0,0.00,0.00,3
38513,-0.001,-1.491,0.000,0.122,-262.573,0.000,0.000,-0.000,0.000,-0.5759,0.5913,-0.3938,0.4045,963.52,240.35,4.81,90.54,77051.5,0,0.00,0.00,3
38533,-0.001,-1.439,0.001,0.122,-262.695,-0.061,0.000,-0.000,0.000,-0.5934,0.6092,-0.3670,0.3770,968.32,240.42,4.30,90.66,76998.4,0,0.00,0.00,3
38553,-0.000,-1.395,0.000,0.183,-262.817,0.000,0.000,-0.000,0.000,-0.6096,0.6258,-0.3394,0.3486,973.04,240.42,3.86,90.78,76973.8,0,0.00,0.00,3
38575,0.001,-1.345,0.003,0.122,-262.878,0.000,0.000,-0.000,0.000,-0.6246,0.6411,-0.3111,0.3196,977.78,240.42,3.38,90.89,76927.5,0,0.00,0.00,3
38593,0.003,-1.301,0.002,0.061,-263.000,0.000,0.000,-0.000,0.000,-0.6382,0.6551,-0.2821,0.2898,982.55,240.45,2.95,91.00,76876.3,0,0.00,0.00,3
38613,0.000,-1.252,0.001,-0.061,-263.000,0.122,0.000,-0.000,0.000,-0.6505,0.6677,-0.2525,0.2594,987.32,240.46,2.47,91.10,76835.4,0,0.00,0.00,3
38633,0.002,-1.209,0.000,0.122,-263.062,0.000,0.000,-0.000,0.000,-0.6614,0.6789,-0.2224,0.2285,992.07,240.45,2.05,91.19,76795.2,0,0.00,0.00,3
38653,0.002,-1.162,-0.000,0.122,-263.062,0.000,0.000,-0.000,0.000,-0.6709,0.6887,-0.1918,0.1971,996.83,240.43,1.58,91.26,76753.0,0,0.00,0.00,3
38673,0.003,-1.121,0.000,0.061,-263.184,0.000,0.000,-0.000,0.000,-0.6790,0.6970,-0.1608,0.1653,1001.57,240.39,1.18,91.33,76711.2,0,0.00,0.00,3
38693,0.003,-1.076,0.004,0.183,-263.184,-0.061,0.000,-0.000,0.000,-0.6857,0.7038,-0.1294,0.1331,1006.37,240.40,0.74,91.39,76657.3,0,0.00,0.00,3
38713,0.002,-1.029,0.002,0.061,-263.428,-0.122,0.000,-0.000,0.000,-0.6909,0.7092,-0.0978,0.1006,1011.09,240.32,0.28,91.43,76631.8,0,0.00,0.00,3
38733,0.001,-0.985,-0.000,-0.000,-263.245,0.000,0.000,-0.000,0.000,-0.6947,0.7130,-0.0659,0.0679,1015.83,240.25,0.00,91.46,76585.6,0,0.00,0.00,3
38753,0.003,-0.951,0.002,-0.061,-263.245,0.061,0.000,-0.000,0.000,-0.6970,0.7154,-0.0340,0.0351,1020.57,240.19,-0.48,91.49,76540.0,0,0.00,0.00,3
38773,0.003,-0.919,0.001,-0.122,-263.184,0.000,0.000,-0.000,0.000,-0.6978,0.7163,-0.0019,0.0022,1025.35,240.15,-0.80,91.50,76489.3,0,0.00,0.00,3
38794,0.001,-0.890,-0.001,0.122,-263.306,-0.061,0.000,-0.000,0.000,-0.6972,0.7156,0.0301,-0.0307,1030.13,240.11,-1.08,91.49,76445.1,0,0.00,0.00,4
38814,0.004,-0.854,-0.000,-0.000,-263.184,-0.122,0.000,-0.000,0.000,-0.7034,0.7043,0.0698,-0.0666,1034.89,240.04,-1.43,90.10,76409.4,0,0.00,0.00,4
38833,0.004,-0.820,-0.002,0.061,-263.184,-0.061,0.000,-0.000,0.000,-0.6994,0.7004,0.1020,-0.0988,1039.64,239.96,-1.76,90.12,76366.4,0,0.00,0.00,4
38853,0.003,-0.790,-0.000,-0.061,-263.184,-0.061,0.000,-0.000,0.000,-0.6940,0.6951,0.1341,-0.1309,1044.41,239.89,-2.06,90.14,76320.3,0,0.00,0.00,4
38873,0.003,-0.757,-0.002,0.061,-263.123,0.000,0.000,-0.000,0.000,-0.6872,0.6884,0.1658,-0.1626,1049.17,239.81,-2.38,90.15,76277.6,0,0.00,0.00,4
38893,0.005,-0.734,-0.001,0.061,-263.000,0.061,0.000,-0.000,0.000,-0.6789,0.6802,0.1971,-0.1941,1053.96,239.75,-2.60,90.17,76229.9,0,0.00,0.00,4
38913,0.004,-0.715,-0.005,-0.000,-263.000,0.000,0.000,-0.000,0.000,-0.6691,0.6705,0.2281,-0.2251,1058.73,239.67,-2.79,90.19,76191.2,0,0.00,0.00,4
38933,0.002,-0.702,-0.004,0.061,-263.000,-0.061,0.000,-0.000,0.000,-0.6580,0.6595,0.2586,-0.2556,1063.54,239.63,-2.93,90.20,76136.5,0,0.00,0.00,4
38953,0.005,-0.683,-0.001,0.122,-262.817,-0.061,0.000,-0.000,0.000,-0.6455,0.6470,0.2885,-0.2856,1068.31,239.55,-3.11,90.21,76104.3,0,0.00,0.00,4
38973,0.005,-0.664,-0.004,0.061,-262.756,-0.061,0.000,-0.000,0.000,-0.6316,0.6332,0.3178,-0.3149,1073.09,239.47,-3.29,90.22,76058.2,0,0.00,0.00,4
38993,0.003,-0.646,-0.002,-0.000,-262.756,-0.061,0.000,-0.000,0.000,-0.6164,0.6181,0.3464,-0.3436,1077.90,239.42,-3.47,90.23,76009.6,0,0.00,0.00,4
39013,0.003,-0.628,-0.005,0.061,-262.695,0.000,0.000,-0.000,0.000,-0.5999,0.6017,0.3743,-0.3716,1082.66,239.32,-3.64,90.24,75977.9,0,0.00,0.00,4
39033,0.003,-0.611,-0.003,-0.000,-262.573,0.000,0.000,-0.000,0.000,-0.5821,0.5840,0.4014,-0.3988,1087.43,239.23,-3.82,90.25,75932.5,0,0.00,0.00,4
39053,0.006,-0.596,-0.002,-0.061,-262.512,0.000,0.000,-0.000,0.000,-0.5631,0.5651,0.4277,-0.4251,1092.22,239.16,-3.96,90.25,75884.2,0,0.00,0.00,4
39073,0.002,-0.582,-0.001,0.061,-262.512,0.000,0.000,-0.000,0.000,-0.5429,0.5450,0.4530,-0.4505,1096.98,239.05,-4.10,90.26,75849.1,0,0.00,0.00,4
39093,0.003,-0.567,-0.004,0.061,-262.512,0.000,0.000,-0.000,0.000,-0.5217,0.5238,0.4774,-0.4750,1101.77,238.98,-4.25,90.26,75797.3,0,0.00,0.00,4
39113,0.001,-0.553,-0.004,0.061,-262.268,0.000,0.000,-0.000,0.000,-0.4993,0.5014,0.5008,-0.4985,1106.58,238.92,-4.38,90.25,75752.0,0,0.00,0.00,4
39133,0.002,-0.543,-0.004,0.061,-262.146,-0.061,0.000,-0.000,0.000,-0.4759,0.4781,0.5231,-0.5209,1111.38,238.86,-4.48,90.25,75708.8,0,0.00,0.00,4
39153,0.002,-0.522,-0.005,-0.000,-262.146,0.000,0.000,-0.000,0.000,-0.4515,0.4537,0.5443,-0.5422,1116.18,238.78,-4.69,90.25,75667.2,0,0.00,0.00,4
39173,0.003,-0.509,-0.006,0.183,-262.085,0.061,0.000,-0.000,0.000,-0.4261,0.4284,0.5644,-0.5625,1121.00,238.73,-4.81,90.24,75620.3,0,0.00,0.00,4
39195,0.001,-0.495,-0.007,0.061,-261.841,-0.122,0.000,-0.000,0.000,-0.3999,0.4022,0.5832,-0.5814,1125.79,238.64,-4.95,90.23,75584.2,0,0.00,0.00,4
39213,0.001,-0.483,-0.007,-0.000,-261.841,0.061,0.000,-0.000,0.000,-0.3729,0.3752,0.6009,-0.5992,1130.59,238.57,-5.07,90.22,75537.0,0,0.00,0.00,4
39233,0.002,-0.470,-0.004,0.061,-261.780,0.122,0.000,-0.000,0.000,-0.3450,0.3475,0.6173,-0.6158,1135.34,238.45,-5.20,90.20,75506.7,0,0.00,0.00,4
39253,-0.000,-0.454,-0.004,0.061,-261.658,0.061,0.000,-0.000,0.000,-0.3165,0.3190,0.6324,-0.6310,1140.14,238.37,-5.35,90.19,75453.0,0,0.00,0.00,4
39273,-0.000,-0.442,-0.007,0.061,-261.536,0.061,0.000,-0.000,0.000,-0.2873,0.2898,0.6462,-0.6449,1144.94,238.29,-5.47,90.17,75409.6,0,0.00,0.00,4
39293,-0.002,-0.423,-0.004,-0.000,-261.353,0.000,0.000,-0.000,0.000,-0.2576,0.2601,0.6586,-0.6575,1149.75,238.22,-5.65,90.16,75365.6,0,0.00,0.00,4
39313,-0.001,-0.417,-0.004,0.061,-261.230,-0.061,0.000,-0.000,0.000,-0.2273,0.2298,0.6696,-0.6687,1154.52,238.11,-5.72,90.14,75330.4,0,0.00,0.00,4
39333,-0.002,-0.403,-0.005,0.061,-261.047,0.000,0.000,-0.000,0.000,-0.1966,0.1991,0.6793,-0.6785,1159.32,238.03,-5.86,90.12,75281.9,0,0.00,0.00,4
39353,-0.001,-0.392,-0.004,-0.000,-260.986,0.061,0.000,-0.000,0.000,-0.1655,0.1680,0.6875,-0.6868,1164.10,237.93,-5.96,90.10,75242.4,0,0.00,0.00,4
39373,-0.000,-0.383,-0.003,-0.061,-260.864,0.000,0.000,-0.000,0.000,-0.1340,0.1365,0.6943,-0.6938,1168.89,237.84,-6.05,90.08,75197.1,0,0.00,0.00,4
39393,-0.001,-0.375,-0.003,0.061,-260.742,0.000,0.000,-0.000,0.000,-0.1023,0.1048,0.6997,-0.6993,1173.71,237.77,-6.13,90.06,75149.0,0,0.00,0.00,4
39413,-0.002,-0.362,-0.003,-0.000,-260.742,0.000,0.000,-0.000,0.000,-0.0704,0.0729,0.7036,-0.7033,1178.53,237.71,-6.25,90.04,75104.5,0,0.00,0.00,4
39433,-0.002,-0.351,-0.005,-0.000,-260.437,0.000,0.000,-0.000,0.000,-0.0383,0.0408,0.7061,-0.7059,1183.36,237.66,-6.37,90.02,75059.0,0,0.00,0.00,4
39453,-0.001,-0.342,-0.003,0.061,-260.376,0.000,0.000,-0.000,0.000,-0.0062,0.0087,0.7070,-0.7071,1188.18,237.59,-6.45,90.00,75020.8,0,0.00,0.00,4
39473,-0.002,-0.326,-0.003,0.061,-260.132,0.000,0.000,-0.000,0.000,0.0259,-0.0234,0.7066,-0.7068,1193.01,237.53,-6.61,89.98,74973.1,0,0.00,0.00,4
39493,-0.002,-0.323,-0.001,0.183,-260.132,0.000,0.000,-0.000,0.000,0.0579,-0.0555,0.7046,-0.7050,1197.82,237.45,-6.64,89.95,74936.8,0,0.00,0.00,4
39513,-0.004,-0.312,-0.004,-0.000,-259.888,0.000,0.000,-0.000,0.000,0.0898,-0.0874,0.7013,-0.7018,1202.59,237.35,-6.75,89.93,74901.1,0,0.00,0.00,4
39533,-0.002,-0.303,-0.000,0.061,-259.827,0.000,0.000,-0.000,0.000,0.1215,-0.1192,0.6965,-0.6971,1207.36,237.23,-6.83,89.91,74860.0,0,0.00,0.00,4
39553,-0.003,-0.292,0.000,0.122,-259.705,0.000,0.000,-0.000,0.000,0.1529,-0.1507,0.6902,-0.6910,1212.18,237.16,-6.94,89.89,74806.9,0,0.00,0.00,4
39573,-0.004,16.000,-0.003,0.061,-255.554,0.061,0.000,-0.000,0.000,0.1835,-0.1813,0.6827,-0.6837,1217.01,233.94,-166.71,89.88,74752.3,0,0.00,0.00,5
39594,-0.001,-0.267,-0.003,0.122,-259.338,0.061,0.000,-0.000,0.000,0.2142,-0.2121,0.6736,-0.6748,1221.79,233.89,-7.19,89.86,74715.2,0,1.00,0.15,5
39613,-0.005,-0.249,-0.001,0.122,-259.216,0.000,0.000,-0.000,0.000,0.2445,-0.2424,0.6632,-0.6645,1226.51,233.79,-7.36,89.84,74686.9,0,0.46,0.15,5
39633,-0.001,-0.238,0.001,0.183,-258.911,0.122,0.000,-0.000,0.000,0.2742,-0.2721,0.6515,-0.6529,1231.26,233.71,-7.47,89.82,74637.9,0,0.43,0.15,5
39653,-0.002,-0.224,-0.004,-0.000,-258.850,0.061,0.000,-0.000,0.000,0.3034,-0.3014,0.6384,-0.6400,1236.03,233.65,-7.61,89.81,74591.0,0,0.54,0.15,5
39673,-0.002,-0.209,0.000,-0.000,-258.728,0.122,0.000,-0.000,0.000,0.3319,-0.3299,0.6240,-0.6257,1240.84,233.62,-7.76,89.80,74539.8,0,0.59,0.16,5
39693,-0.002,-0.191,0.001,0.061,-258.606,0.061,0.000,-0.000,0.000,0.3597,-0.3578,0.6084,-0.6102,1245.56,233.50,-7.93,89.79,74520.2,0,0.52,0.16,5
39713,-0.001,-0.179,0.001,0.061,-258.362,0.000,0.000,-0.000,0.000,0.3868,-0.3850,0.5915,-0.5935,1250.33,233.43,-8.05,89.79,74464.5,0,0.51,0.16,5
39733,0.000,-0.167,-0.000,-0.000,-258.179,0.000,0.000,-0.000,0.000,0.4130,-0.4113,0.5735,-0.5756,1255.04,233.31,-8.16,89.78,74436.0,0,0.54,0.16,5
39753,-0.000,-0.159,-0.001,0.122,-257.996,0.061,0.000,-0.000,0.000,0.4385,-0.4368,0.5543,-0.5565,1259.82,233.25,-8.25,89.78,74379.4,0,0.61,0.16,5
39773,-0.004,-0.147,0.000,-0.000,-257.874,-0.061,0.000,-0.000,0.000,0.4630,-0.4614,0.5340,-0.5363,1264.59,233.19,-8.37,89.78,74337.9,0,0.61,0.16,5
39793,-0.000,-0.144,-0.000,-0.061,-257.690,0.000,0.000,-0.000,0.000,0.4865,-0.4851,0.5126,-0.5150,1269.39,233.15,-8.39,89.78,74288.0,0,0.57,0.16,5
39815,0.000,-0.132,0.000,0.183,-257.507,-0.061,0.000,-0.000,0.000,0.5090,-0.5077,0.4902,-0.4928,1274.12,233.04,-8.51,89.78,74265.6,0,0.57,0.16,5
39833,-0.002,-0.125,0.001,0.122,-257.324,0.061,0.000,-0.000,0.000,0.5306,-0.5293,0.4668,-0.4695,1278.87,232.95,-8.59,89.78,74216.3,0,0.61,0.16,5
39853,-0.000,-0.114,0.001,0.122,-257.202,0.061,0.000,-0.000,0.000,0.5510,-0.5498,0.4425,-0.4453,1283.63,232.88,-8.69,89.79,74172.0,0,0.63,0.16,5
39873,-0.001,-0.103,0.000,0.183,-257.019,-0.061,0.000,-0.000,0.000,0.5703,-0.5693,0.4173,-0.4202,1288.41,232.81,-8.80,89.79,74127.7,0,0.57,0.17,5
39893,-0.000,-0.094,0.002,-0.061,-256.775,0.000,0.000,-0.000,0.000,0.5884,-0.5875,0.3913,-0.3943,1293.25,232.81,-8.88,89.80,74067.8,0,0.72,0.17,5
39913,0.002,-0.082,0.001,0.061,-256.531,-0.061,0.000,-0.000,0.000,0.6054,-0.6046,0.3645,-0.3676,1298.06,232.78,-9.01,89.82,74034.1,0,0.69,0.17,5
39933,0.000,-0.069,0.002,0.061,-256.348,-0.061,0.000,-0.000,0.000,0.6211,-0.6204,0.3371,-0.3402,1302.86,232.73,-9.13,89.83,73995.2,0,0.68,0.17,5
39953,0.001,-0.061,0.003,0.122,-256.104,0.061,0.000,-0.000,0.000,0.6355,-0.6350,0.3090,-0.3122,1307.63,232.65,-9.21,89.84,73961.1,0,0.66,0.17,5
39973,-0.000,-0.050,0.002,0.061,-256.042,0.061,0.000,-0.000,0.000,0.6487,-0.6483,0.2802,-0.2835,1312.36,232.54,-9.31,89.86,73926.1,0,0.56,0.17,5
39993,-0.000,-0.036,0.002,0.061,-255.798,0.000,0.000,-0.000,0.000,0.6606,-0.6603,0.2510,-0.2543,1317.21,232.54,-9.45,89.88,73857.3,0,0.75,0.17,5
40013,0.002,-0.032,0.000,0.061,-255.615,0.000,0.000,-0.000,0.000,0.6712,-0.6709,0.2212,-0.2246,1322.01,232.49,-9.50,89.89,73827.5,0,0.71,0.17,5
40033,0.000,-0.021,0.002,0.183,-255.310,0.000,0.000,-0.000,0.000,0.6804,-0.6802,0.1911,-0.1945,1326.77,232.40,-9.60,89.91,73793.9,0,0.68,0.18,5
40053,0.002,-0.015,0.000,-0.000,-255.127,0.000,0.000,-0.000,0.000,0.6882,-0.6882,0.1606,-0.1641,1331.58,232.36,-9.66,89.93,73739.5,0,0.74,0.18,5
40073,0.005,-0.006,0.001,-0.000,-255.005,0.061,0.000,-0.000,0.000,0.6947,-0.6948,0.1298,-0.1333,1336.39,232.32,-9.74,89.96,73698.9,0,0.67,0.18,5
40093,0.001,0.001,0.001,0.061,-254.700,0.061,0.000,-0.000,0.000,0.6998,-0.7000,0.0988,-0.1023,1341.12,232.20,-9.82,89.98,73675.4,0,0.67,0.18,5
40113,0.004,0.006,0.001,0.061,-254.517,0.000,0.000,-0.000,0.000,0.7035,-0.7039,0.0676,-0.0711,1345.93,232.16,-9.87,90.00,73614.4,0,0.76,0.18,5
40133,0.003,0.011,-0.001,-0.000,-254.395,0.061,0.000,-0.000,0.000,0.7058,-0.7063,0.0363,-0.0398,1350.70,232.08,-9.92,90.02,73582.4,0,0.73,0.18,5
40153,0.004,0.031,-0.003,0.183,-254.150,0.000,0.000,-0.000,0.000,0.7068,-0.7073,0.0049,-0.0085,1355.52,232.05,-10.11,90.04,73527.7,0,0.78,0.18,5
40173,0.002,0.041,0.001,0.061,-253.967,0.061,0.000,-0.000,0.000,0.7063,-0.7070,-0.0264,0.0229,1360.31,231.99,-10.20,90.06,73493.3,0,0.68,0.18,5
40193,0.004,0.049,0.000,0.061,-253.662,-0.061,0.000,-0.000,0.000,0.7045,-0.7053,-0.0577,0.0542,1365.14,231.96,-10.29,90.08,73444.3,0,0.79,0.19,5
40213,0.004,0.062,0.000,0.183,-253.540,0.061,0.000,-0.000,0.000,0.7013,-0.7021,-0.0888,0.0853,1369.94,231.90,-10.41,90.10,73407.7,0,0.78,0.19,5
40233,0.003,0.073,0.001,0.061,-253.235,-0.061,0.000,-0.000,0.000,0.6967,-0.6977,-0.1197,0.1162,1374.74,231.84,-10.52,90.12,73365.3,0,0.79,0.19,5
40253,0.003,0.081,-0.001,-0.061,-252.991,0.000,0.000,-0.000,0.000,0.6908,-0.6918,-0.1504,0.1469,1379.52,231.77,-10.60,90.14,73327.0,0,0.78,0.19,5
40273,0.003,0.094,-0.003,0.061,-252.747,0.061,0.000,-0.000,0.000,0.6835,-0.6847,-0.1807,0.1773,1384.31,231.70,-10.73,90.16,73284.3,0,0.71,0.19,5
40293,0.003,0.101,-0.003,-0.000,-252.563,0.061,0.000,-0.000,0.000,0.6749,-0.6762,-0.2106,0.2073,1389.13,231.66,-10.80,90.18,73236.5,0,0.82,0.19,5
40313,0.005,0.114,-0.002,0.061,-252.319,0.000,0.000,-0.000,0.000,0.6650,-0.6664,-0.2402,0.2369,1393.89,231.56,-10.93,90.20,73206.7,0,0.78,0.19,5
40333,0.002,0.123,-0.002,-0.000,-252.014,0.122,0.000,-0.000,0.000,0.6538,-0.6553,-0.2692,0.2659,1398.70,231.51,-11.01,90.21,73155.2,0,0.82,0.20,5
40353,0.002,0.131,-0.001,0.061,-251.831,0.061,0.000,-0.000,0.000,0.6413,-0.6429,-0.2976,0.2945,1403.44,231.39,-11.09,90.23,73127.8,0,0.70,0.20,5
40373,0.004,0.141,-0.002,0.061,-251.648,0.061,0.000,-0.000,0.000,0.6277,-0.6294,-0.3255,0.3224,1408.22,231.31,-11.19,90.24,73078.7,0,0.81,0.20,5
40393,0.003,0.156,-0.003,-0.000,-251.404,0.061,0.000,-0.000,0.000,0.6128,-0.6146,-0.3527,0.3497,1412.95,231.19,-11.34,90.25,73047.0,0,0.77,0.20,5
40413,0.003,0.163,-0.002,0.061,-251.221,0.000,0.000,-0.000,0.000,0.5968,-0.5987,-0.3793,0.3764,1417.71,231.09,-11.40,90.25,73000.2,0,0.80,0.20,5
40436,0.002,0.165,-0.002,-0.000,-250.977,0.000,0.000,-0.000,0.000,0.5796,-0.5816,-0.4050,0.4022,1422.48,231.00,-11.42,90.26,72954.9,0,0.75,0.20,5
40453,0.004,0.173,-0.002,0.122,-250.671,0.000,0.000,-0.000,0.000,0.5614,-0.5634,-0.4300,0.4273,1427.27,230.92,-11.51,90.26,72911.7,0,0.84,0.20,5
40473,0.003,0.174,-0.004,0.122,-250.366,-0.061,0.000,-0.000,0.000,0.5421,-0.5442,-0.4541,0.4515,1432.03,230.83,-11.51,90.27,72873.6,0,0.83,0.20,5
40493,0.003,0.179,-0.004,0.061,-250.183,0.122,0.000,-0.000,0.000,0.5217,-0.5239,-0.4773,0.4748,1436.84,230.78,-11.56,90.27,72822.6,0,0.88,0.21,5
40513,0.003,0.187,-0.003,0.061,-249.939,0.061,0.000,-0.000,0.000,0.5004,-0.5027,-0.4996,0.4972,1441.66,230.74,-11.64,90.26,72776.2,0,0.91,0.21,5
40533,0.001,0.190,-0.005,0.061,-249.695,0.000,0.000,-0.000,0.000,0.4782,-0.4805,-0.5209,0.5187,1446.38,230.60,-11.67,90.26,72761.4,0,0.73,0.21,5
40553,0.001,0.193,-0.004,0.061,-249.390,0.000,0.000,-0.000,0.000,0.4551,-0.4575,-0.5413,0.5391,1451.16,230.53,-11.70,90.25,72703.2,0,0.88,0.21,5
40573,-0.000,0.200,-0.005,0.061,-249.207,0.061,0.000,-0.000,0.000,0.4312,-0.4336,-0.5605,0.5585,1455.90,230.42,-11.76,90.25,72672.3,0,0.85,0.21,5
40594,0.001,0.207,-0.005,-0.000,-248.962,0.061,0.000,-0.000,0.000,0.4064,-0.4089,-0.5787,0.5768,1460.71,230.37,-11.83,90.24,72614.4,0,0.92,0.21,5
40615,0.000,0.213,-0.004,0.122,-248.657,0.061,0.000,-0.000,0.000,0.3810,-0.3834,-0.5958,0.5940,1465.48,230.28,-11.89,90.23,72583.2,0,0.81,0.21,5
40633,0.000,0.219,-0.005,-0.000,-248.413,0.000,0.000,-0.000,0.000,0.3548,-0.3573,-0.6117,0.6101,1470.26,230.21,-11.95,90.22,72537.1,0,0.91,0.22,5
40653,0.002,0.226,-0.003,0.061,-248.108,0.000,0.000,-0.000,0.000,0.3280,-0.3305,-0.6265,0.6250,1475.00,230.10,-12.02,90.20,72506.2,0,0.88,0.22,5
40673,0.003,0.237,-0.002,0.061,-247.986,0.061,0.000,-0.000,0.000,0.3006,-0.3031,-0.6401,0.6388,1479.84,230.08,-12.13,90.19,72443.5,0,0.97,0.22,5
40693,-0.003,0.242,-0.004,-0.061,-247.620,0.122,0.000,-0.000,0.000,0.2726,-0.2753,-0.6525,0.6513,1484.63,230.02,-12.18,90.17,72410.2,0,0.94,0.22,5
40713,-0.003,0.244,-0.004,0.061,-247.375,0.122,0.000,-0.000,0.000,0.2442,-0.2469,-0.6636,0.6626,1489.33,229.86,-12.20,90.16,72393.9,0,0.77,0.39,5
40733,-0.000,0.249,-0.005,0.122,-247.070,0.000,0.000,-0.000,0.000,0.2154,-0.2181,-0.6735,0.6726,1494.13,229.81,-12.25,90.13,72326.2,0,0.97,0.39,5
40753,-0.000,0.251,-0.005,0.183,-246.887,0.061,0.000,-0.000,0.000,0.1862,-0.1889,-0.6821,0.6814,1498.91,229.74,-12.27,90.11,72289.9,0,0.95,0.39,5
40773,-0.001,0.254,-0.004,-0.000,-246.521,-0.061,0.000,-0.000,0.000,0.1567,-0.1593,-0.6895,0.6889,1503.71,229.69,-12.30,90.09,72245.8,0,0.97,0.39,5
40793,0.000,0.256,-0.005,0.061,-246.277,0.122,0.000,-0.000,0.000,0.1269,-0.1296,-0.6956,0.6952,1508.44,229.57,-12.32,90.07,72220.0,0,0.84,0.40,5
40813,-0.001,0.260,-0.004,0.061,-246.094,0.061,0.000,-0.000,0.000,0.0969,-0.0996,-0.7004,0.7001,1513.19,229.47,-12.36,90.05,72173.6,0,0.95,0.40,5
40833,-0.002,0.265,-0.006,0.061,-245.789,-0.061,0.000,-0.000,0.000,0.0668,-0.0695,-0.7039,0.7038,1517.97,229.41,-12.41,90.03,72126.2,0,0.98,0.40,5
40853,-0.002,0.261,-0.002,0.122,-245.483,-0.061,0.000,-0.000,0.000,0.0366,-0.0392,-0.7061,0.7061,1522.74,229.33,-12.36,90.01,72087.8,0,0.98,0.40,5
40873,-0.001,0.265,-0.001,0.061,-245.239,0.061,0.000,-0.000,0.000,0.0064,-0.0090,-0.7070,0.7072,1527.49,229.23,-12.41,89.98,72050.7,0,0.89,0.40,5
40893,-0.001,0.262,-0.003,-0.000,-244.934,-0.061,0.000,-0.000,0.000,-0.0238,0.0213,-0.7066,0.7069,1532.24,229.14,-12.37,89.96,72009.9,0,0.98,0.40,5
40913,-0.003,0.264,-0.003,-0.122,-244.690,0.000,0.000,-0.000,0.000,-0.0539,0.0515,-0.7049,0.7054,1536.97,229.03,-12.40,89.95,71974.2,0,0.96,0.40,5
40933,-0.001,0.264,-0.002,0.183,-244.507,0.061,0.000,-0.000,0.000,-0.0840,0.0815,-0.7019,0.7026,1541.70,228.93,-12.40,89.93,71931.7,0,0.98,0.40,5
40953,-0.002,0.263,-0.002,0.122,-244.080,0.061,0.000,-0.000,0.000,-0.1138,0.1114,-0.6977,0.6985,1546.39,228.79,-12.38,89.90,71901.1,0,0.87,0.41,5
40973,-0.003,0.262,-0.003,0.122,-243.835,-0.061,0.000,-0.000,0.000,-0.1434,0.1410,-0.6922,0.6931,1551.15,228.71,-12.38,89.88,71845.3,0,1.00,0.41,5
40993,-0.002,0.265,-0.001,0.122,-243.530,0.000,0.000,-0.000,0.000,-0.1726,0.1704,-0.6854,0.6866,1555.86,228.59,-12.41,89.87,71815.2,0,0.98,0.41,5
41013,-0.002,0.268,-0.004,0.183,-243.408,0.000,0.000,-0.000,0.000,-0.2016,0.1994,-0.6774,0.6787,1560.63,228.53,-12.44,89.85,71760.6,0,1.00,0.41,5
41033,-0.002,0.273,-0.004,-0.000,-243.103,0.000,0.000,-0.000,0.000,-0.2302,0.2280,-0.6683,0.6697,1565.35,228.42,-12.49,89.83,71731.0,0,0.93,0.41,5
41056,-0.002,0.275,-0.003,0.061,-242.737,-0.061,0.000,-0.000,0.000,-0.2582,0.2562,-0.6579,0.6595,1570.06,228.31,-12.51,89.82,71691.4,0,1.00,0.41,5
41073,-0.001,0.278,-0.002,0.061,-242.554,0.000,0.000,-0.000,0.000,-0.2859,0.2839,-0.6463,0.6480,1574.78,228.20,-12.54,89.81,71651.4,0,1.00,0.41,5
41093,-0.001,0.281,0.000,0.061,-242.310,0.000,0.000,-0.000,0.000,-0.3129,0.3110,-0.6336,0.6355,1579.52,228.11,-12.56,89.80,71605.1,0,1.00,0.42,5
41113,-0.000,0.283,0.000,0.061,-241.943,0.122,0.000,-0.000,0.000,-0.3394,0.3376,-0.6198,0.6218,1584.25,228.02,-12.58,89.79,71566.4,0,0.97,0.42,5
41133,-0.001,0.289,0.001,0.061,-241.760,0.000,0.000,-0.000,0.000,-0.3653,0.3635,-0.6049,0.6070,1588.91,227.87,-12.64,89.78,71540.3,0,0.99,0.42,5
41153,-0.001,0.291,0.001,0.122,-241.455,0.000,0.000,-0.000,0.000,-0.3904,0.3887,-0.5890,0.5912,1593.63,227.76,-12.66,89.77,71489.6,0,1.00,0.42,5
41173,-0.004,0.295,0.001,0.061,-241.211,-0.061,0.000,-0.000,0.000,-0.4149,0.4133,-0.5720,0.5744,1598.41,227.72,-12.70,89.77,71433.1,0,1.00,0.42,5
41193,-0.001,0.295,0.001,0.183,-240.967,-0.061,0.000,-0.000,0.000,-0.4386,0.4371,-0.5540,0.5565,1603.10,227.60,-12.70,89.77,71414.1,0,1.00,0.42,5
41213,-0.000,0.301,0.001,0.061,-240.601,0.000,0.000,-0.000,0.000,-0.4614,0.4601,-0.5351,0.5377,1607.79,227.48,-12.76,89.77,71372.0,0,1.00,0.42,5
41233,-0.001,0.301,0.000,-0.000,-240.479,0.061,0.000,-0.000,0.000,-0.4835,0.4822,-0.5152,0.5179,1612.42,227.30,-12.76,89.77,71346.9,0,0.92,0.42,5
41253,-0.001,0.311,0.001,0.244,-240.112,-0.061,0.000,-0.000,0.000,-0.5047,0.5035,-0.4945,0.4973,1617.07,227.13,-12.85,89.77,71303.8,0,1.00,0.43,5
41273,-0.002,0.308,0.000,0.183,-239.807,0.000,0.000,-0.000,0.000,-0.5250,0.5238,-0.4729,0.4758,1621.75,227.02,-12.82,89.77,71253.3,0,1.00,0.43,5
41293,-0.000,0.312,0.001,0.183,-239.563,-0.122,0.000,-0.000,0.000,-0.5443,0.5433,-0.4505,0.4536,1626.40,226.86,-12.87,89.78,71223.4,0,0.96,0.43,5
41313,-0.000,0.315,0.002,-0.000,-239.258,-0.061,0.000,-0.000,0.000,-0.5626,0.5617,-0.4273,0.4305,1631.13,226.78,-12.90,89.79,71164.2,0,1.00,0.43,5
41333,-0.000,0.316,0.001,-0.000,-238.953,-0.061,0.000,-0.000,0.000,-0.5799,0.5792,-0.4035,0.4067,1635.80,226.65,-12.90,89.80,71135.7,0,1.00,0.43,5
41353,0.001,0.323,0.000,0.061,-238.708,0.061,0.000,-0.000,0.000,-0.5963,0.5956,-0.3789,0.3823,1640.49,226.54,-12.98,89.81,71092.6,0,1.00,0.43,5
41373,0.001,0.325,0.003,0.122,-238.464,0.000,0.000,-0.000,0.000,-0.6115,0.6110,-0.3538,0.3572,1645.17,226.43,-12.99,89.82,71053.6,0,1.00,0.43,5
41393,0.001,0.332,0.002,0.061,-238.098,0.000,0.000,-0.000,0.000,-0.6257,0.6253,-0.3280,0.3315,1649.87,226.33,-13.06,89.84,71010.6,0,1.00,0.44,5
41413,0.002,0.329,-0.001,0.061,-237.976,0.061,0.000,-0.000,0.000,-0.6388,0.6385,-0.3017,0.3053,1654.55,226.21,-13.03,89.85,70973.9,0,1.00,0.44,5
41433,-0.000,0.333,0.000,0.122,-237.610,0.000,0.000,-0.000,0.000,-0.6508,0.6506,-0.2750,0.2786,1659.20,226.06,-13.08,89.87,70943.2,0,1.00,0.44,5
41453,0.001,0.334,0.002,-0.000,-237.305,0.000,0.000,-0.000,0.000,-0.6616,0.6616,-0.2478,0.2514,1663.87,225.95,-13.08,89.89,70895.2,0,1.00,0.44,5
41473,0.002,0.333,0.002,-0.000,-237.061,0.000,0.000,-0.000,0.000,-0.6713,0.6714,-0.2202,0.2238,1668.52,225.81,-13.08,89.91,70861.9,0,1.00,0.44,5
41493,0.003,0.337,0.002,-0.000,-236.877,-0.122,0.000,-0.000,0.000,-0.6799,0.6801,-0.1922,0.1959,1673.14,225.65,-13.11,89.93,70828.2,0,1.00,0.44,5
41513,0.000,0.342,0.004,-0.000,-236.450,-0.061,0.000,-0.000,0.000,-0.6872,0.6875,-0.1639,0.1677,1677.86,225.57,-13.16,89.95,70767.5,0,1.00,0.44,5
41533,0.002,0.340,0.000,0.122,-236.206,-0.061,0.000,-0.000,0.000,-0.6934,0.6939,-0.1354,0.1392,1682.54,225.47,-13.14,89.97,70734.4,0,1.00,0.45,5
41553,0.001,0.348,-0.001,-0.000,-235.962,-0.061,0.000,-0.000,0.000,-0.6984,0.6990,-0.1068,0.1106,1687.19,225.34,-13.22,90.00,70703.2,0,1.00,0.45,5
41573,0.003,0.351,0.000,0.122,-235.718,0.000,0.000,-0.000,0.000,-0.7022,0.7029,-0.0779,0.0817,1691.85,225.22,-13.25,90.02,70661.0,0,1.00,0.45,5
41593,0.003,0.355,-0.001,-0.000,-235.352,0.000,0.000,-0.000,0.000,-0.7049,0.7057,-0.0490,0.0528,1696.48,225.08,-13.29,90.04,70625.4,0,1.00,0.45,5
41613,0.004,0.362,0.001,0.122,-235.046,-0.061,0.000,-0.000,0.000,-0.7063,0.7072,-0.0200,0.0238,1701.14,224.96,-13.35,90.06,70582.6,0,1.00,0.45,5
41633,0.003,0.365,0.001,0.122,-234.680,0.000,0.000,-0.000,0.000,-0.7066,0.7076,0.0089,-0.0051,1705.70,224.75,-13.38,90.08,70563.0,0,1.00,0.45,5
41653,0.003,0.370,-0.000,0.122,-234.497,0.000,0.000,-0.000,0.000,-0.7056,0.7067,0.0379,-0.0341,1710.33,224.61,-13.43,90.10,70509.9,0,1.00,0.46,5
41676,0.000,0.374,-0.001,0.061,-234.131,0.000,0.000,-0.000,0.000,-0.7035,0.7047,0.0667,-0.0629,1714.95,224.46,-13.47,90.12,70472.5,0,1.00,0.46,5
41693,0.003,0.376,0.001,0.061,-233.826,0.061,0.000,-0.000,0.000,-0.7002,0.7016,0.0953,-0.0916,1719.53,224.28,-13.49,90.14,70441.6,0,1.00,0.46,5
41713,0.004,0.376,0.001,0.061,-233.643,-0.122,0.000,-0.000,0.000,-0.6958,0.6972,0.1238,-0.1201,1724.11,224.10,-13.49,90.16,70401.6,0,1.00,0.46,5
41733,0.005,0.375,0.000,0.061,-233.215,0.000,0.000,-0.000,0.000,-0.6902,0.6917,0.1521,-0.1484,1728.68,223.91,-13.48,90.18,70366.1,0,1.00,0.46,5
41753,0.004,0.375,-0.003,-0.000,-233.032,0.122,0.000,-0.000,0.000,-0.6835,0.6851,0.1800,-0.1764,1733.28,223.76,-13.49,90.20,70320.3,0,1.00,0.46,5
41773,0.001,0.374,-0.002,-0.000,-232.849,0.000,0.000,-0.000,0.000,-0.6756,0.6773,0.2076,-0.2041,1737.93,223.66,-13.47,90.22,70268.2,0,1.00,0.46,5
41794,0.002,0.374,-0.003,0.061,-232.422,0.000,0.000,-0.000,0.000,-0.6667,0.6685,0.2349,-0.2314,1742.52,223.50,-13.47,90.23,70243.5,0,1.00,0.47,5
41815,0.002,0.373,-0.003,-0.061,-232.056,-0.061,0.000,-0.000,0.000,-0.6566,0.6585,0.2617,-0.2583,1747.12,223.35,-13.46,90.25,70203.2,0,1.00,0.47,5
41833,0.003,0.374,-0.004,0.061,-231.873,0.000,0.000,-0.000,0.000,-0.6455,0.6475,0.2881,-0.2847,1751.69,223.18,-13.47,90.26,70167.7,0,1.00,0.47,5
41853,0.004,0.371,-0.001,0.183,-231.567,0.061,0.000,-0.000,0.000,-0.6334,0.6355,0.3139,-0.3106,1756.25,223.00,-13.45,90.27,70134.9,0,1.00,0.47,5
41873,0.003,0.374,0.000,-0.000,-231.323,0.000,0.000,-0.000,0.000,-0.6202,0.6224,0.3392,-0.3360,1760.87,222.88,-13.47,90.28,70080.8,0,1.00,0.47,5
41893,0.002,0.369,-0.003,0.183,-231.079,0.000,0.000,-0.000,0.000,-0.6061,0.6083,0.3639,-0.3609,1765.41,222.70,-13.42,90.28,70057.6,0,1.00,0.47,5
41913,0.001,0.374,-0.003,0.183,-230.774,0.000,0.000,-0.000,0.000,-0.5909,0.5932,0.3881,-0.3851,1769.99,222.55,-13.47,90.29,70012.8,0,1.00,0.47,5
41933,0.001,0.369,-0.009,0.061,-230.408,0.000,0.000,-0.000,0.000,-0.5749,0.5772,0.4115,-0.4086,1774.56,222.39,-13.42,90.29,69976.0,0,1.00,0.48,5
41953,-0.005,0.372,-0.010,-0.061,-230.225,-0.061,0.000,-0.000,0.000,-0.5579,0.5603,0.4343,-0.4315,1779.11,222.22,-13.45,90.29,69940.0,0,1.00,0.48,5
41973,-0.005,0.371,-0.014,0.061,-229.919,0.122,0.000,-0.000,0.000,-0.5400,0.5425,0.4563,-0.4536,1783.64,222.03,-13.45,90.29,69908.2,0,1.00,0.48,5
41993,-0.009,0.371,-0.015,-0.000,-229.675,0.183,0.000,-0.000,0.000,-0.5213,0.5239,0.4776,-0.4750,1788.15,221.83,-13.45,90.29,69871.0,0,1.00,0.48,5
42013,-0.010,0.372,-0.014,-0.183,-229.309,0.305,0.000,-0.000,0.000,-0.5018,0.5045,0.4980,-0.4956,1792.60,221.58,-13.45,90.29,69847.8,0,1.00,0.48,5
42033,-0.009,0.376,-0.012,-0.061,-229.004,0.427,0.000,-0.000,0.000,-0.4814,0.4843,0.5177,-0.5154,1797.08,221.36,-13.50,90.29,69803.4,0,1.00,0.48,5
42053,-0.010,0.375,-0.007,-0.000,-228.760,0.549,0.000,-0.000,0.000,-0.4604,0.4634,0.5364,-0.5344,1801.54,221.12,-13.48,90.28,69770.1,0,1.00,0.48,5
42073,-0.007,0.376,-0.006,-0.061,-228.455,0.427,0.000,-0.000,0.000,-0.4386,0.4417,0.5543,-0.5525,1805.97,220.86,-13.50,90.27,69737.6,0,1.00,0.48,5
42093,-0.004,0.374,-0.005,0.122,-228.088,0.610,0.000,-0.000,0.000,-0.4161,0.4194,0.5713,-0.5697,1810.38,220.58,-13.47,90.26,69705.8,0,1.00,0.49,5
42113,0.002,0.378,-0.003,0.061,-227.783,0.610,0.000,-0.000,0.000,-0.3931,0.3965,0.5873,-0.5860,1814.78,220.31,-13.51,90.24,69668.0,0,1.00,0.49,5
42133,0.006,0.378,-0.007,0.122,-227.478,0.488,0.000,-0.000,0.000,-0.3694,0.3729,0.6024,-0.6013,1819.12,219.97,-13.52,90.22,69645.8,0,0.98,0.49,5
42153,0.008,0.383,-0.004,0.122,-227.356,0.366,0.000,-0.000,0.000,-0.3452,0.3488,0.6165,-0.6157,1823.46,219.66,-13.57,90.20,69606.1,0,0.99,0.49,5
42173,0.007,0.383,-0.010,0.183,-226.929,0.366,0.000,-0.000,0.000,-0.3205,0.3241,0.6297,-0.6291,1827.75,219.28,-13.57,90.18,69583.2,0,1.00,0.49,5
42193,0.007,0.382,-0.010,0.244,-226.624,0.305,0.000,-0.000,0.000,-0.2954,0.2990,0.6418,-0.6414,1832.10,218.99,-13.56,90.15,69529.6,0,1.00,0.49,5
42213,0.008,0.382,-0.012,0.244,-226.318,0.183,0.000,-0.000,0.000,-0.2698,0.2734,0.6529,-0.6528,1836.43,218.67,-13.56,90.12,69498.2,0,1.00,0.49,5
42233,0.005,0.385,-0.011,0.244,-226.013,0.244,0.000,-0.000,0.000,-0.2438,0.2475,0.6630,-0.6631,1840.69,218.29,-13.58,90.10,69475.8,0,1.00,0.49,5
42253,0.002,0.392,-0.007,0.183,-225.769,0.183,0.000,-0.000,0.000,-0.2175,0.2211,0.6721,-0.6724,1844.94,217.91,-13.65,90.07,69441.9,0,0.93,0.49,5
42273,-0.000,0.391,-0.004,0.122,-225.403,0.122,0.000,-0.000,0.000,-0.1909,0.1945,0.6801,-0.6806,1849.18,217.54,-13.64,90.04,69405.8,0,0.93,0.49,5
42296,-0.003,0.397,-0.003,0.183,-225.220,0.244,0.000,-0.000,0.000,-0.1640,0.1676,0.6870,-0.6878,1853.38,217.13,-13.70,90.01,69378.6,0,0.90,0.49,5
42313,-0.003,0.403,-0.003,0.183,-224.915,0.183,0.000,-0.000,0.000,-0.1369,0.1405,0.6929,-0.6938,1857.60,216.74,-13.76,89.98,69338.1,0,1.00,0.49,5
42333,-0.002,0.405,0.002,0.244,-224.548,0.122,0.000,-0.000,0.000,-0.1097,0.1132,0.6977,-0.6989,1861.77,216.31,-13.78,89.95,69314.4,0,0.87,0.50,5
42353,-0.003,0.411,0.003,0.366,-224.365,0.183,0.000,-0.000,0.000,-0.0823,0.0857,0.7014,-0.7028,1865.91,215.86,-13.83,89.92,69283.4,0,0.85,0.50,5
42373,-0.002,0.412,0.005,0.366,-223.999,0.244,0.000,-0.000,0.000,-0.0548,0.0582,0.7040,-0.7057,1870.10,215.47,-13.85,89.88,69235.0,0,0.91,0.50,5
42393,-0.003,0.414,0.006,0.366,-223.694,0.183,0.000,-0.000,0.000,-0.0272,0.0306,0.7055,-0.7075,1874.26,215.06,-13.86,89.85,69206.4,0,0.88,0.50,5
42413,-0.001,0.418,0.003,0.549,-223.572,0.122,0.000,-0.000,0.000,0.0003,0.0030,0.7060,-0.7082,1878.34,214.57,-13.91,89.82,69188.3,0,0.81,0.50,5
42433,-0.002,0.417,0.003,0.549,-223.206,0.122,0.000,-0.000,0.000,0.0278,-0.0246,0.7053,-0.7079,1882.46,214.14,-13.89,89.78,69141.9,0,0.86,0.50,5
42453,-0.000,0.416,-0.000,0.549,-222.839,0.122,0.000,-0.000,0.000,0.0552,-0.0521,0.7036,-0.7065,1886.53,213.66,-13.89,89.75,69120.0,0,0.89,0.50,5
42473,-0.001,0.418,-0.001,0.549,-222.534,0.061,0.000,-0.000,0.000,0.0825,-0.0795,0.7009,-0.7040,1890.66,213.26,-13.91,89.72,69067.7,0,0.88,0.50,5
42493,-0.004,0.419,-0.000,0.549,-222.168,0.000,0.000,-0.000,0.000,0.1096,-0.1068,0.6971,-0.7005,1894.75,212.82,-13.92,89.69,69042.7,0,0.84,0.50,5
42513,-0.005,0.419,-0.004,0.610,-221.985,-0.061,0.000,-0.000,0.000,0.1365,-0.1338,0.6922,-0.6959,1898.87,212.42,-13.92,89.66,69000.0,0,0.88,0.50,5
42533,-0.007,0.426,-0.004,0.549,-221.619,0.000,0.000,-0.000,0.000,0.1632,-0.1606,0.6863,-0.6903,1902.85,211.89,-13.98,89.64,68995.8,0,0.75,0.50,5
42553,-0.005,0.427,-0.003,0.366,-221.436,-0.183,0.000,-0.000,0.000,0.1896,-0.1872,0.6794,-0.6836,1906.88,211.42,-13.99,89.62,68950.2,0,0.80,0.50,5
42573,-0.008,0.425,-0.003,0.488,-221.069,-0.122,0.000,-0.000,0.000,0.2157,-0.2135,0.6715,-0.6760,1910.92,210.97,-13.97,89.60,68912.6,0,0.81,0.50,5
42593,-0.004,0.430,0.002,0.305,-220.703,-0.061,0.000,-0.000,0.000,0.2414,-0.2393,0.6627,-0.6673,1914.91,210.48,-14.02,89.59,68886.7,0,0.78,0.50,5
42613,-0.003,0.432,-0.002,0.366,-220.398,-0.244,0.000,-0.000,0.000,0.2667,-0.2648,0.6528,-0.6577,1918.93,210.02,-14.04,89.58,68847.2,0,0.80,0.50,5
42633,-0.003,0.436,0.001,0.305,-220.032,-0.122,0.000,-0.000,0.000,0.2915,-0.2899,0.6421,-0.6471,1922.91,209.54,-14.08,89.57,68819.8,0,0.77,0.50,5
42653,-0.002,0.440,-0.001,0.305,-219.788,-0.061,0.000,-0.000,0.000,0.3160,-0.3145,0.6303,-0.6355,1926.95,209.12,-14.13,89.57,68770.7,0,0.84,0.50,5
42673,-0.001,0.438,0.001,0.244,-219.666,-0.122,0.000,-0.000,0.000,0.3399,-0.3387,0.6177,-0.6231,1930.90,208.63,-14.10,89.57,68757.4,0,0.75,0.50,5
42693,-0.000,0.442,0.000,0.122,-219.238,-0.122,0.000,-0.000,0.000,0.3633,-0.3623,0.6042,-0.6097,1934.88,208.16,-14.14,89.58,68717.0,0,0.78,0.50,5
42713,-0.001,0.441,0.000,0.366,-218.872,-0.122,0.000,-0.000,0.000,0.3861,-0.3853,0.5898,-0.5955,1938.81,207.67,-14.14,89.58,68690.7,0,0.75,0.50,5
42733,0.001,0.444,-0.001,0.244,-218.628,-0.183,0.000,-0.000,0.000,0.4083,-0.4077,0.5746,-0.5804,1942.72,207.16,-14.16,89.59,68663.4,0,0.73,0.50,5
42753,-0.001,0.445,0.001,0.122,-218.323,-0.305,0.000,-0.000,0.000,0.4299,-0.4296,0.5586,-0.5645,1946.70,206.72,-14.17,89.60,68613.3,0,0.80,0.50,5
42773,0.000,0.449,-0.001,0.183,-218.079,-0.366,0.000,-0.000,0.000,0.4508,-0.4508,0.5418,-0.5478,1950.60,206.23,-14.21,89.62,68594.4,0,0.74,0.50,5
42794,-0.000,0.447,-0.001,0.183,-217.712,-0.305,0.000,-0.000,0.000,0.4710,-0.4713,0.5242,-0.5303,1954.51,205.75,-14.19,89.64,68559.0,0,0.75,0.50,5
42815,0.001,0.443,-0.000,0.183,-217.346,-0.427,0.000,-0.000,0.000,0.4906,-0.4911,0.5059,-0.5122,1958.45,205.30,-14.15,89.66,68519.5,0,0.69,0.50,5
42833,-0.000,0.444,-0.003,0.244,-217.102,-0.488,0.000,-0.000,0.000,0.5094,-0.5102,0.4868,-0.4933,1962.32,204.80,-14.16,89.68,68499.8,0,0.72,0.50,5
42853,-0.001,0.439,0.001,0.122,-216.797,-0.427,0.000,-0.000,0.000,0.5274,-0.5285,0.4671,-0.4737,1966.19,204.32,-14.11,89.71,68465.1,0,0.73,0.50,5
42873,-0.001,0.440,0.001,0.183,-216.492,-0.488,0.000,-0.000,0.000,0.5446,-0.5460,0.4468,-0.4534,1970.17,203.93,-14.13,89.74,68409.3,0,0.82,0.50,5
42893,0.001,0.438,0.002,-0.000,-216.187,-0.427,0.000,-0.000,0.000,0.5611,-0.5628,0.4259,-0.4326,1974.04,203.46,-14.11,89.78,68397.6,0,0.73,0.50,5
42916,0.002,0.436,0.000,-0.000,-215.881,-0.427,0.000,-0.000,0.000,0.5767,-0.5787,0.4044,-0.4111,1977.86,202.95,-14.08,89.82,68375.2,0,0.69,0.50,5
42933,-0.000,0.435,0.001,-0.000,-215.576,-0.427,0.000,-0.000,0.000,0.5915,-0.5938,0.3823,-0.3891,1981.76,202.52,-14.07,89.85,68323.2,0,0.78,0.50,5
42953,0.002,0.434,0.000,0.061,-215.271,-0.549,0.000,-0.000,0.000,0.6054,-0.6080,0.3597,-0.3666,1985.62,202.06,-14.06,89.89,68300.5,0,0.73,0.50,5
42973,0.002,0.436,0.000,-0.000,-215.027,-0.305,0.000,-0.000,0.000,0.6185,-0.6213,0.3367,-0.3436,1989.43,201.57,-14.08,89.94,68275.8,0,0.62,0.50,5
42993,0.001,0.435,-0.001,0.122,-214.661,-0.305,0.000,-0.000,0.000,0.6306,-0.6338,0.3132,-0.3201,1993.29,201.14,-14.07,89.98,68232.2,0,0.75,0.50,5
43013,0.003,0.436,0.000,-0.061,-214.417,-0.366,0.000,-0.000,0.000,0.6419,-0.6453,0.2894,-0.2962,1997.09,200.65,-14.08,90.02,68213.1,0,0.69,0.50,5
43033,0.003,0.438,-0.000,-0.061,-214.111,-0.244,0.000,-0.000,0.000,0.6523,-0.6560,0.2651,-0.2720,2000.91,200.19,-14.10,90.07,68175.4,0,0.72,0.50,5
43053,0.002,0.433,0.001,-0.061,-213.806,-0.244,0.000,-0.000,0.000,0.6617,-0.6657,0.2406,-0.2473,2004.75,199.76,-14.05,90.11,68136.3,0,0.75,0.51,5
43073,0.002,0.438,0.000,-0.122,-213.440,-0.305,0.000,-0.000,0.000,0.6702,-0.6744,0.2157,-0.2224,2008.58,199.33,-14.11,90.16,68106.7,0,0.74,0.51,5
43093,0.004,0.436,0.002,-0.061,-213.196,-0.244,0.000,-0.000,0.000,0.6777,-0.6823,0.1906,-0.1972,2012.44,198.93,-14.08,90.20,68065.6,0,0.70,0.51,5
43113,0.004,0.441,0.001,-0.061,-212.830,-0.244,0.000,-0.000,0.000,0.6843,-0.6891,0.1652,-0.1718,2016.20,198.45,-14.13,90.25,68055.8,0,0.68,0.51,5
43133,0.003,0.438,0.000,-0.183,-212.708,-0.305,0.000,-0.000,0.000,0.6900,-0.6950,0.1397,-0.1461,2019.99,198.00,-14.10,90.29,68016.3,0,0.72,0.51,5
43153,0.004,0.443,-0.001,-0.183,-212.158,-0.183,0.000,-0.000,0.000,0.6947,-0.7000,0.1140,-0.1203,2023.76,197.54,-14.15,90.34,67987.8,0,0.70,0.51,5
43173,0.004,0.447,-0.002,-0.244,-211.975,-0.183,0.000,-0.000,0.000,0.6984,-0.7040,0.0882,-0.0944,2027.53,197.09,-14.19,90.38,67955.7,0,0.70,0.51,5
43193,0.003,0.448,0.003,-0.244,-211.609,-0.122,0.000,-0.000,0.000,0.7011,-0.7070,0.0623,-0.0683,2031.26,196.61,-14.20,90.43,67932.2,0,0.59,0.51,5
43213,0.002,0.451,-0.001,-0.305,-211.243,-0.122,0.000,-0.000,0.000,0.7029,-0.7091,0.0364,-0.0422,2034.99,196.14,-14.23,90.47,67898.2,0,0.68,0.51,5
43233,0.005,0.448,-0.001,-0.244,-210.999,-0.183,0.000,-0.000,0.000,0.7038,-0.7102,0.0104,-0.0161,2038.76,195.72,-14.20,90.51,67857.8,0,0.72,0.51,5
43253,0.003,0.448,-0.000,-0.305,-210.754,-0.061,0.000,-0.000,0.000,0.7037,-0.7103,-0.0155,0.0100,2042.51,195.28,-14.20,90.54,67829.9,0,0.71,0.51,5
43273,0.003,0.449,-0.002,-0.244,-210.388,-0.061,0.000,-0.000,0.000,0.7026,-0.7095,-0.0413,0.0360,2046.25,194.85,-14.21,90.58,67798.7,0,0.63,0.51,5
43293,0.003,0.451,-0.003,-0.366,-210.144,-0.122,0.000,-0.000,0.000,0.7006,-0.7077,-0.0671,0.0620,2049.96,194.39,-14.23,90.61,67775.2,0,0.67,0.51,5
43313,0.002,0.450,-0.003,-0.244,-209.778,-0.122,0.000,-0.000,0.000,0.6977,-0.7050,-0.0927,0.0878,2053.69,193.97,-14.22,90.64,67736.3,0,0.71,0.51,5
43333,0.002,0.452,-0.002,-0.305,-209.534,-0.122,0.000,-0.000,0.000,0.6938,-0.7013,-0.1182,0.1135,2057.42,193.54,-14.24,90.66,67705.4,0,0.63,0.51,5
43353,0.001,0.451,0.000,-0.244,-209.229,0.061,0.000,-0.000,0.000,0.6890,-0.6967,-0.1435,0.1391,2061.13,193.11,-14.23,90.68,67677.6,0,0.69,0.51,5
43373,0.003,0.455,-0.000,-0.244,-209.045,0.061,0.000,-0.000,0.000,0.6833,-0.6912,-0.1685,0.1644,2064.78,192.64,-14.26,90.70,67657.8,0,0.65,0.51,5
43393,0.003,0.455,-0.004,-0.244,-208.557,0.061,0.000,-0.000,0.000,0.6767,-0.6847,-0.1933,0.1894,2068.47,192.20,-14.27,90.71,67619.0,0,0.60,0.51,5
43413,0.005,0.452,-0.003,-0.183,-208.252,0.061,0.000,-0.000,0.000,0.6692,-0.6774,-0.2178,0.2142,2072.16,191.77,-14.24,90.72,67587.0,0,0.69,0.51,5
43433,0.002,0.453,-0.002,-0.244,-208.008,0.122,0.000,-0.000,0.000,0.6608,-0.6692,-0.2419,0.2386,2075.84,191.35,-14.25,90.73,67556.2,0,0.69,0.51,5
43453,0.001,0.452,-0.004,-0.366,-207.642,0.122,0.000,-0.000,0.000,0.6516,-0.6601,-0.2657,0.2627,2079.54,190.95,-14.24,90.73,67522.1,0,0.71,0.51,5
43473,0.004,0.452,-0.004,-0.183,-207.275,0.122,0.000,-0.000,0.000,0.6415,-0.6502,-0.2891,0.2864,2083.17,190.49,-14.24,90.73,67504.0,0,0.57,0.51,5
43493,0.002,0.452,-0.005,-0.244,-207.031,0.183,0.000,-0.000,0.000,0.6307,-0.6395,-0.3121,0.3097,2086.84,190.08,-14.23,90.72,67465.0,0,0.69,0.51,5
43513,0.001,0.452,-0.005,-0.244,-206.787,0.183,0.000,-0.000,0.000,0.6190,-0.6279,-0.3347,0.3326,2090.51,189.67,-14.24,90.72,67433.6,0,0.69,0.51,5
43536,0.000,0.455,-0.005,-0.244,-206.421,0.305,0.000,-0.000,0.000,0.6065,-0.6155,-0.3568,0.3550,2094.16,189.25,-14.26,90.70,67406.4,0,0.60,0.51,5
43553,0.002,0.449,-0.004,-0.244,-206.116,0.366,0.000,-0.000,0.000,0.5932,-0.6024,-0.3783,0.3770,2097.82,188.86,-14.21,90.68,67372.0,0,0.70,0.51,5
43573,0.002,0.454,-0.006,-0.122,-205.811,0.305,0.000,-0.000,0.000,0.5792,-0.5885,-0.3994,0.3984,2101.54,188.52,-14.26,90.66,67328.0,0,0.76,0.51,5
43593,-0.000,0.451,-0.001,-0.183,-205.566,0.183,0.000,-0.000,0.000,0.5645,-0.5738,-0.4199,0.4192,2105.23,188.17,-14.23,90.64,67302.9,0,0.66,0.51,5
43613,-0.000,0.452,-0.004,-0.183,-205.322,0.244,0.000,-0.000,0.000,0.5491,-0.5584,-0.4398,0.4396,2108.91,187.81,-14.24,90.61,67274.1,0,0.73,0.51,5
43633,0.000,0.451,-0.005,-0.122,-204.895,0.244,0.000,-0.000,0.000,0.5330,-0.5423,-0.4592,0.4593,2112.56,187.42,-14.23,90.57,67250.1,0,0.71,0.51,5
43653,-0.001,0.449,-0.005,-0.061,-204.468,0.366,0.000,-0.000,0.000,0.5163,-0.5256,-0.4779,0.4783,2116.18,187.03,-14.21,90.53,67224.3,0,0.61,0.51,5
43673,0.001,0.444,-0.004,-0.183,-204.224,0.366,0.000,-0.000,0.000,0.4989,-0.5083,-0.4960,0.4968,2119.76,186.59,-14.16,90.49,67203.5,0,0.65,0.51,5
43693,0.002,0.446,-0.007,-0.000,-204.102,0.427,0.000,-0.000,0.000,0.4809,-0.4903,-0.5134,0.5146,2123.43,186.26,-14.18,90.45,67152.0,0,0.66,0.52,5
43713,0.002,0.445,-0.004,-0.183,-203.735,0.366,0.000,-0.000,0.000,0.4623,-0.4717,-0.5301,0.5318,2127.05,185.88,-14.17,90.41,67132.0,0,0.70,0.52,5
43733,0.001,0.439,-0.005,0.061,-203.430,0.488,0.000,-0.000,0.000,0.4431,-0.4525,-0.5462,0.5482,2130.67,185.51,-14.12,90.35,67101.3,0,0.71,0.52,5
43753,0.000,0.441,-0.000,-0.000,-203.064,0.366,0.000,-0.000,0.000,0.4235,-0.4328,-0.5615,0.5639,2134.31,185.16,-14.13,90.30,67066.2,0,0.65,0.52,5
43773,0.000,0.439,-0.003,-0.000,-202.820,0.366,0.000,-0.000,0.000,0.4033,-0.4126,-0.5761,0.5789,2137.98,184.85,-14.12,90.25,67028.6,0,0.77,0.52,5
43794,0.001,0.440,-0.006,0.061,-202.515,0.366,0.000,-0.000,0.000,0.3827,-0.3919,-0.5900,0.5932,2141.62,184.52,-14.13,90.19,67006.1,0,0.74,0.52,5
43815,0.003,0.440,-0.003,0.183,-202.209,0.427,0.000,-0.000,0.000,0.3616,-0.3707,-0.6031,0.6067,2145.27,184.20,-14.13,90.13,66971.0,0,0.68,0.52,5
43833,-0.002,0.440,-0.003,0.122,-201.843,0.305,0.000,-0.000,0.000,0.3402,-0.3491,-0.6154,0.6194,2148.92,183.89,-14.12,90.07,66941.6,0,0.76,0.52,5
43853,-0.001,0.440,-0.005,0.061,-201.538,0.305,0.000,-0.000,0.000,0.3183,-0.3271,-0.6269,0.6314,2152.54,183.55,-14.13,90.01,66916.6,0,0.75,0.52,5
43873,-0.001,0.438,-0.004,0.183,-201.294,0.183,0.000,-0.000,0.000,0.2961,-0.3048,-0.6377,0.6425,2156.14,183.21,-14.10,89.95,66891.0,0,0.65,0.52,5
43893,-0.000,0.438,-0.005,0.183,-200.989,0.305,0.000,-0.000,0.000,0.2735,-0.2820,-0.6476,0.6528,2159.75,182.89,-14.11,89.88,66856.3,0,0.75,0.52,5
43913,-0.001,0.438,-0.002,0.305,-200.684,0.244,0.000,-0.000,0.000,0.2507,-0.2590,-0.6568,0.6624,2163.35,182.55,-14.10,89.82,66829.8,0,0.66,0.52,5
43933,-0.002,0.434,-0.004,0.061,-200.378,0.305,0.000,-0.000,0.000,0.2275,-0.2357,-0.6651,0.6711,2166.97,182.24,-14.06,89.76,66797.1,0,0.76,0.53,5
43953,-0.004,0.437,-0.001,0.244,-200.134,0.244,0.000,-0.000,0.000,0.2042,-0.2121,-0.6726,0.6789,2170.57,181.92,-14.09,89.70,66767.8,0,0.76,0.53,5
43973,-0.000,0.438,-0.004,0.305,-199.768,0.244,0.000,-0.000,0.000,0.1806,-0.1883,-0.6793,0.6860,2174.16,181.60,-14.10,89.64,66741.6,0,0.67,0.53,5
43993,-0.001,0.433,-0.003,0.305,-199.402,0.305,0.000,-0.000,0.000,0.1568,-0.1643,-0.6851,0.6922,2177.75,181.28,-14.05,89.58,66709.8,0,0.76,0.53,5
44013,-0.003,0.436,-0.002,0.244,-199.219,0.244,0.000,-0.000,0.000,0.1329,-0.1402,-0.6901,0.6975,2181.31,180.94,-14.08,89.52,66688.2,0,0.65,0.53,5
44033,-0.002,0.435,-0.002,0.427,-198.914,0.244,0.000,-0.000,0.000,0.1088,-0.1159,-0.6942,0.7020,2184.91,180.64,-14.07,89.46,66649.3,0,0.77,0.53,5
44053,-0.002,0.438,-0.000,0.427,-198.608,0.244,0.000,-0.000,0.000,0.0847,-0.0915,-0.6975,0.7057,2188.47,180.32,-14.10,89.41,66626.6,0,0.66,0.53,5
44073,0.001,0.434,-0.004,0.366,-198.242,0.183,0.000,-0.000,0.000,0.0605,-0.0670,-0.6999,0.7085,2192.07,180.03,-14.06,89.36,66589.0,0,0.79,0.53,5
44093,-0.001,0.430,-0.003,0.549,-197.937,0.122,0.000,-0.000,0.000,0.0363,-0.0425,-0.7015,0.7105,2195.62,179.71,-14.02,89.30,66569.6,0,0.75,0.53,5
44113,-0.001,0.430,-0.003,0.427,-197.571,0.000,0.000,-0.000,0.000,0.0121,-0.0179,-0.7023,0.7116,2199.14,179.36,-14.03,89.26,66546.2,0,0.64,0.53,5
44133,-0.001,0.429,-0.000,0.427,-197.327,0.122,0.000,-0.000,0.000,-0.0121,0.0066,-0.7022,0.7118,2202.69,179.05,-14.01,89.21,66510.4,0,0.76,0.53,5
44156,-0.004,0.429,-0.001,0.488,-196.960,0.061,0.000,-0.000,0.000,-0.0362,0.0311,-0.7013,0.7113,2206.24,178.74,-14.01,89.17,66480.5,0,0.68,0.54,5
44173,-0.002,0.426,-0.004,0.305,-196.655,0.061,0.000,-0.000,0.000,-0.0603,0.0555,-0.6996,0.7098,2209.73,178.39,-13.99,89.14,66462.6,0,0.72,0.54,5
44193,-0.002,0.428,-0.001,0.488,-196.533,0.061,0.000,-0.000,0.000,-0.0842,0.0798,-0.6970,0.7076,2213.25,178.07,-14.00,89.11,66427.7,0,0.66,0.54,5
44213,-0.003,0.423,-0.002,0.549,-196.106,0.000,0.000,-0.000,0.000,-0.1080,0.1040,-0.6937,0.7045,2216.79,177.77,-13.96,89.08,66394.7,0,0.77,0.54,5
44233,-0.001,0.423,-0.003,0.305,-195.923,0.061,0.000,-0.000,0.000,-0.1317,0.1280,-0.6895,0.7006,2220.29,177.44,-13.95,89.06,66373.4,0,0.66,0.54,5
44253,-0.001,0.420,0.000,0.366,-195.496,-0.061,0.000,-0.000,0.000,-0.1551,0.1518,-0.6846,0.6959,2223.79,177.11,-13.93,89.05,66344.8,0,0.74,0.54,5
44273,-0.002,0.420,-0.000,0.488,-195.190,-0.061,0.000,-0.000,0.000,-0.1784,0.1754,-0.6788,0.6904,2227.25,176.77,-13.93,89.03,66321.3,0,0.64,0.54,5
44293,-0.001,0.419,0.000,0.488,-194.885,-0.122,0.000,-0.000,0.000,-0.2013,0.1988,-0.6723,0.6841,2230.78,176.48,-13.92,89.02,66279.8,0,0.78,0.54,5
44313,-0.001,0.418,-0.000,0.427,-194.580,-0.061,0.000,-0.000,0.000,-0.2241,0.2220,-0.6650,0.6770,2234.30,176.20,-13.91,89.02,66252.2,0,0.70,0.54,5
44333,-0.001,0.417,0.001,0.427,-194.275,-0.122,0.000,-0.000,0.000,-0.2465,0.2448,-0.6569,0.6692,2237.81,175.91,-13.89,89.02,66223.5,0,0.78,0.55,5
44353,-0.000,0.413,0.001,0.366,-194.153,-0.183,0.000,-0.000,0.000,-0.2686,0.2673,-0.6481,0.6606,2241.35,175.65,-13.86,89.03,66189.4,0,0.73,0.55,5
44373,-0.000,0.407,-0.000,0.366,-193.726,-0.061,0.000,-0.000,0.000,-0.2903,0.2895,-0.6386,0.6512,2244.85,175.37,-13.80,89.04,66167.7,0,0.79,0.55,5
44393,-0.000,0.412,-0.002,0.366,-193.481,-0.244,0.000,-0.000,0.000,-0.3117,0.3114,-0.6283,0.6411,2248.38,175.11,-13.84,89.06,66134.1,0,0.73,0.55,5
44413,0.002,0.408,-0.001,0.366,-193.176,-0.122,0.000,-0.000,0.000,-0.3327,0.3328,-0.6174,0.6303,2251.93,174.89,-13.81,89.08,66097.9,0,0.85,0.55,5
44433,-0.001,0.410,-0.000,0.366,-192.810,-0.183,0.000,-0.000,0.000,-0.3533,0.3538,-0.6058,0.6189,2255.43,174.61,-13.83,89.10,66081.6,0,0.71,0.55,5
44453,-0.002,0.409,0.000,0.366,-192.566,-0.244,0.000,-0.000,0.000,-0.3735,0.3744,-0.5935,0.6067,2258.91,174.33,-13.81,89.13,66056.3,0,0.79,0.55,5
44473,-0.001,0.407,-0.001,0.244,-192.261,-0.305,0.000,-0.000,0.000,-0.3932,0.3946,-0.5806,0.5938,2262.42,174.08,-13.79,89.17,66020.3,0,0.74,0.56,5
44493,-0.001,0.407,0.001,0.183,-192.017,-0.305,0.000,-0.000,0.000,-0.4124,0.4143,-0.5670,0.5803,2265.92,173.83,-13.79,89.21,65992.2,0,0.83,0.56,5
44513,0.001,0.402,0.000,0.305,-191.650,-0.366,0.000,-0.000,0.000,-0.4311,0.4335,-0.5528,0.5662,2269.40,173.56,-13.75,89.26,65969.6,0,0.72,0.56,5
44533,-0.000,0.402,-0.000,0.244,-191.284,-0.366,0.000,-0.000,0.000,-0.4493,0.4522,-0.5380,0.5515,2272.96,173.37,-13.75,89.31,65922.7,0,0.89,0.56,5
44553,0.000,0.395,0.001,0.183,-191.040,-0.366,0.000,-0.000,0.000,-0.4670,0.4703,-0.5227,0.5362,2276.45,173.12,-13.67,89.36,65909.1,0,0.75,0.56,5
44573,0.001,0.399,0.000,0.061,-190.796,-0.427,0.000,-0.000,0.000,-0.4841,0.4880,-0.5068,0.5203,2279.91,172.84,-13.72,89.42,65888.3,0,0.80,0.56,5
44593,0.000,0.396,-0.002,0.122,-190.430,-0.366,0.000,-0.000,0.000,-0.5006,0.5050,-0.4904,0.5038,2283.39,172.59,-13.69,89.48,65854.6,0,0.75,0.57,5
44613,0.001,0.396,0.001,0.183,-190.186,-0.366,0.000,-0.000,0.000,-0.5166,0.5215,-0.4734,0.4869,2286.88,172.35,-13.68,89.55,65823.4,0,0.85,0.57,5
44633,-0.001,0.398,0.000,0.183,-189.880,-0.366,0.000,-0.000,0.000,-0.5320,0.5373,-0.4560,0.4694,2290.34,172.10,-13.71,89.61,65799.7,0,0.75,0.57,5
44653,0.002,0.395,-0.001,0.122,-189.575,-0.305,0.000,-0.000,0.000,-0.5468,0.5526,-0.4380,0.4514,2293.81,171.85,-13.67,89.68,65769.6,0,0.85,0.57,5
44673,0.002,0.396,-0.000,0.183,-189.270,-0.427,0.000,-0.000,0.000,-0.5610,0.5672,-0.4197,0.4330,2297.28,171.61,-13.68,89.75,65742.1,0,0.76,0.57,5
44693,0.001,0.389,-0.001,0.061,-189.026,-0.366,0.000,-0.000,0.000,-0.5745,0.5812,-0.4009,0.4141,2300.74,171.36,-13.62,89.83,65716.2,0,0.85,0.57,5
44713,0.001,0.389,-0.000,0.061,-188.660,-0.427,0.000,-0.000,0.000,-0.5874,0.5945,-0.3817,0.3948,2304.18,171.11,-13.62,89.90,65689.9,0,0.76,0.58,5
44733,-0.000,0.391,-0.001,-0.061,-188.416,-0.366,0.000,-0.000,0.000,-0.5996,0.6072,-0.3621,0.3751,2307.65,170.88,-13.64,89.98,65657.6,0,0.87,0.58,5
44753,0.001,0.388,-0.001,-0.061,-188.171,-0.366,0.000,-0.000,0.000,-0.6111,0.6192,-0.3421,0.3550,2311.12,170.66,-13.61,90.06,65627.4,0,0.80,0.58,5
44776,0.001,0.389,0.002,-0.122,-187.866,-0.427,0.000,-0.000,0.000,-0.6220,0.6306,-0.3219,0.3345,2314.59,170.44,-13.62,90.14,65600.8,0,0.88,0.58,5
44795,0.001,0.384,0.001,-0.061,-187.439,-0.305,0.000,-0.000,0.000,-0.6322,0.6412,-0.3013,0.3138,2318.07,170.24,-13.57,90.22,65567.5,0,0.82,0.58,5
44815,0.002,0.384,0.001,-0.122,-187.256,-0.427,0.000,-0.000,0.000,-0.6416,0.6512,-0.2804,0.2927,2321.51,170.00,-13.57,90.30,65551.0,0,0.86,0.59,5
44833,0.001,0.382,-0.000,-0.244,-186.951,-0.366,0.000,-0.000,0.000,-0.6504,0.6604,-0.2593,0.2713,2324.91,169.74,-13.55,90.38,65529.0,0,0.76,0.59,5
44854,0.001,0.378,0.001,-0.183,-186.707,-0.366,0.000,-0.000,0.000,-0.6585,0.6689,-0.2379,0.2497,2328.41,169.56,-13.51,90.46,65480.5,0,0.85,0.59,5
44873,0.003,0.379,-0.002,-0.122,-186.401,-0.366,0.000,-0.000,0.000,-0.6659,0.6767,-0.2163,0.2279,2331.85,169.35,-13.53,90.54,65463.5,0,0.90,0.59,5
44893,0.004,0.373,-0.000,-0.122,-186.157,-0.427,0.000,-0.000,0.000,-0.6725,0.6838,-0.1945,0.2058,2335.29,169.12,-13.46,90.61,65438.4,0,0.80,0.60,5
44913,0.001,0.381,-0.001,-0.183,-185.852,-0.305,0.000,-0.000,0.000,-0.6784,0.6901,-0.1725,0.1836,2338.65,168.84,-13.54,90.69,65425.0,0,0.83,0.60,5
44933,0.003,0.374,0.000,-0.183,-185.486,-0.183,0.000,-0.000,0.000,-0.6837,0.6957,-0.1504,0.1612,2342.13,168.66,-13.47,90.76,65372.8,0,0.86,0.60,5
44953,0.001,0.375,-0.001,-0.244,-185.181,-0.183,0.000,-0.000,0.000,-0.6881,0.7006,-0.1282,0.1386,2345.58,168.47,-13.48,90.83,65350.2,0,0.93,0.60,5
44973,0.002,0.374,-0.001,-0.244,-184.937,-0.305,0.000,-0.000,0.000,-0.6919,0.7047,-0.1059,0.1160,2349.02,168.27,-13.47,90.90,65324.5,0,0.84,0.60,5
44993,0.002,0.370,0.000,-0.244,-184.692,-0.183,0.000,-0.000,0.000,-0.6949,0.7081,-0.0835,0.0933,2352.42,168.04,-13.43,90.96,65305.1,0,0.81,0.61,5
45013,0.004,0.373,-0.001,-0.305,-184.387,-0.183,0.000,-0.000,0.000,-0.6972,0.7108,-0.0611,0.0705,2355.85,167.83,-13.46,91.02,65270.9,0,0.93,0.61,5
45033,0.004,0.369,-0.002,-0.366,-184.082,-0.183,0.000,-0.000,0.000,-0.6988,0.7127,-0.0386,0.0476,2359.32,167.67,-13.42,91.08,65234.9,0,0.88,0.61,5
45053,0.003,0.367,-0.004,-0.366,-183.777,-0.183,0.000,-0.000,0.000,-0.6996,0.7139,-0.0161,0.0248,2362.68,167.41,-13.40,91.13,65230.2,0,0.88,0.61,5
45073,0.002,0.367,-0.000,-0.366,-183.533,-0.122,0.000,-0.000,0.000,-0.6998,0.7143,0.0063,0.0019,2366.08,167.20,-13.41,91.18,65193.1,0,0.84,0.62,5
45093,0.005,0.364,-0.002,-0.305,-183.228,-0.061,0.000,-0.000,0.000,-0.6992,0.7141,0.0287,-0.0209,2369.50,167.00,-13.38,91.23,65162.9,0,0.85,0.62,5
45113,0.000,0.367,0.000,-0.366,-182.922,-0.061,0.000,-0.000,0.000,-0.6979,0.7131,0.0511,-0.0437,2372.92,166.81,-13.41,91.27,65135.2,0,0.95,0.62,5
45133,0.004,0.361,-0.001,-0.366,-182.678,-0.122,0.000,-0.000,0.000,-0.6959,0.7113,0.0733,-0.0664,2376.29,166.58,-13.34,91.30,65115.5,0,0.83,0.62,5
45153,0.004,0.362,-0.001,-0.244,-182.373,-0.061,0.000,-0.000,0.000,-0.6932,0.7089,0.0955,-0.0890,2379.73,166.41,-13.35,91.33,65076.8,0,0.98,0.63,5
45173,0.003,0.360,-0.003,-0.488,-182.068,-0.061,0.000,-0.000,0.000,-0.6897,0.7057,0.1175,-0.1114,2383.10,166.19,-13.34,91.36,65060.2,0,0.85,0.63,5
45193,0.003,0.358,-0.002,-0.305,-181.702,0.061,0.000,-0.000,0.000,-0.6856,0.7019,0.1393,-0.1337,2386.46,165.96,-13.31,91.38,65037.4,0,0.83,0.63,5
45213,0.003,0.357,-0.002,-0.244,-181.458,0.000,0.000,-0.000,0.000,-0.6809,0.6973,0.1610,-0.1559,2389.92,165.82,-13.31,91.39,64989.1,0,1.00,0.63,5
45233,0.003,0.355,-0.003,-0.366,-181.213,-0.061,0.000,-0.000,0.000,-0.6754,0.6920,0.1824,-0.1778,2393.33,165.65,-13.29,91.40,64969.8,0,0.90,0.64,5
45253,0.002,0.355,-0.003,-0.244,-180.969,0.122,0.000,-0.000,0.000,-0.6693,0.6861,0.2037,-0.1996,2396.68,165.42,-13.29,91.40,64957.0,0,0.93,0.64,5
45273,0.001,0.353,-0.002,-0.427,-180.664,0.061,0.000,-0.000,0.000,-0.6625,0.6795,0.2247,-0.2211,2400.06,165.22,-13.27,91.40,64923.4,0,0.88,0.64,5
45293,0.002,0.353,-0.002,-0.305,-180.359,0.122,0.000,-0.000,0.000,-0.6551,0.6722,0.2455,-0.2424,2403.46,165.05,-13.27,91.39,64891.4,0,0.91,0.64,5
45313,0.001,0.352,-0.003,-0.305,-179.993,0.122,0.000,-0.000,0.000,-0.6470,0.6643,0.2659,-0.2634,2406.79,164.81,-13.25,91.37,64878.6,0,0.94,0.65,5
45333,0.001,0.346,-0.004,-0.244,-179.749,0.183,0.000,-0.000,0.000,-0.6383,0.6557,0.2861,-0.2841,2410.13,164.59,-13.19,91.35,64849.3,0,0.87,0.65,5
45353,0.001,0.349,-0.000,-0.244,-179.443,0.122,0.000,-0.000,0.000,-0.6291,0.6465,0.3059,-0.3045,2413.47,164.38,-13.23,91.32,64821.8,0,0.87,0.65,5
45373,0.002,0.345,-0.001,-0.305,-179.199,0.244,0.000,-0.000,0.000,-0.6191,0.6367,0.3255,-0.3246,2416.88,164.23,-13.19,91.29,64780.8,0,1.00,0.66,5
45396,0.002,0.348,-0.006,-0.305,-178.955,0.244,0.000,-0.000,0.000,-0.6086,0.6263,0.3446,-0.3443,2420.23,164.03,-13.21,91.26,64765.1,0,0.90,0.66,5
45413,0.002,0.346,-0.005,-0.244,-178.650,0.244,0.000,-0.000,0.000,-0.5976,0.6152,0.3634,-0.3637,2423.61,163.86,-13.20,91.22,64732.6,0,1.00,0.66,5
45433,0.000,0.345,-0.005,-0.305,-178.345,0.305,0.000,-0.000,0.000,-0.5859,0.6037,0.3819,-0.3827,2426.92,163.63,-13.19,91.17,64719.7,0,0.87,0.66,5
45453,0.001,0.343,-0.002,-0.061,-177.979,0.183,0.000,-0.000,0.000,-0.5738,0.5915,0.3999,-0.4013,2430.26,163.43,-13.17,91.12,64687.5,0,0.90,0.67,5
45473,0.001,0.341,-0.002,-0.122,-177.856,0.305,0.000,-0.000,0.000,-0.5611,0.5787,0.4175,-0.4195,2433.60,163.24,-13.15,91.06,64660.0,0,1.00,0.67,5
45493,0.000,0.339,-0.004,-0.244,-177.551,0.366,0.000,-0.000,0.000,-0.5479,0.5655,0.4346,-0.4372,2436.94,163.04,-13.13,91.00,64633.4,0,0.92,0.67,5
45513,0.002,0.341,-0.005,-0.122,-177.246,0.366,0.000,-0.000,0.000,-0.5341,0.5517,0.4514,-0.4545,2440.32,162.90,-13.15,90.93,64597.3,0,0.96,0.68,5
45533,0.001,0.339,-0.002,-0.122,-176.880,0.305,0.000,-0.000,0.000,-0.5199,0.5374,0.4676,-0.4714,2443.69,162.74,-13.13,90.86,64571.8,0,1.00,0.68,5
45553,0.001,0.337,-0.006,-0.122,-176.758,0.427,0.000,-0.000,0.000,-0.5052,0.5227,0.4834,-0.4878,2446.99,162.52,-13.11,90.79,64561.4,0,0.90,0.68,5
45573,-0.000,0.333,-0.004,-0.000,-176.392,0.305,0.000,-0.000,0.000,-0.4901,0.5074,0.4987,-0.5036,2450.28,162.30,-13.07,90.71,64535.2,0,0.90,0.68,5
45593,0.001,0.333,-0.003,-0.000,-176.147,0.488,0.000,-0.000,0.000,-0.4745,0.4917,0.5135,-0.5190,2453.63,162.14,-13.08,90.62,64497.0,0,1.00,0.69,5
45613,0.001,0.336,-0.005,-0.000,-175.842,0.427,0.000,-0.000,0.000,-0.4585,0.4756,0.5278,-0.5339,2456.92,161.92,-13.10,90.54,64483.7,0,0.91,0.69,5
45633,-0.000,0.332,-0.004,-0.000,-175.415,0.427,0.000,-0.000,0.000,-0.4421,0.4590,0.5415,-0.5483,2460.16,161.66,-13.06,90.45,64466.7,0,0.87,0.69,5
45653,0.001,0.331,-0.003,-0.061,-175.171,0.488,0.000,-0.000,0.000,-0.4253,0.4421,0.5548,-0.5621,2463.43,161.44,-13.05,90.36,64433.6,0,0.91,0.70,5
45673,-0.001,0.330,-0.005,0.122,-175.049,0.366,0.000,-0.000,0.000,-0.4081,0.4247,0.5674,-0.5754,2466.75,161.27,-13.04,90.27,64395.8,0,1.00,0.70,5
45693,0.001,0.327,-0.003,0.122,-174.683,0.366,0.000,-0.000,0.000,-0.3906,0.4070,0.5796,-0.5881,2470.02,161.06,-13.01,90.18,64381.0,0,0.92,0.70,5
45713,0.001,0.331,-0.002,0.122,-174.500,0.427,0.000,-0.000,0.000,-0.3728,0.3889,0.5912,-0.6003,2473.29,160.84,-13.05,90.08,64354.7,0,0.93,0.70,5
45733,-0.001,0.329,-0.005,0.183,-174.072,0.488,0.000,-0.000,0.000,-0.3546,0.3705,0.6022,-0.6119,2476.59,160.66,-13.03,89.98,64322.1,0,1.00,0.71,5
45753,-0.004,0.325,-0.005,0.122,-173.828,0.366,0.000,-0.000,0.000,-0.3362,0.3517,0.6126,-0.6229,2479.83,160.43,-12.99,89.89,64308.5,0,0.91,0.71,5
45773,-0.001,0.325,-0.004,0.244,-173.584,0.366,0.000,-0.000,0.000,-0.3175,0.3327,0.6225,-0.6333,2483.09,160.22,-12.99,89.79,64278.1,0,0.94,0.71,5
45793,-0.000,0.321,-0.004,0.183,-173.279,0.305,0.000,-0.000,0.000,-0.2985,0.3134,0.6317,-0.6431,2486.36,160.02,-12.96,89.69,64249.4,0,0.96,0.72,5
45813,-0.001,0.322,-0.003,0.183,-173.157,0.366,0.000,-0.000,0.000,-0.2792,0.2938,0.6404,-0.6523,2489.61,159.81,-12.97,89.60,64226.6,0,1.00,0.72,5
45833,-0.001,0.322,-0.001,0.244,-172.729,0.366,0.000,-0.000,0.000,-0.2598,0.2741,0.6485,-0.6610,2492.88,159.62,-12.96,89.50,64197.0,0,0.97,0.72,5
45853,-0.000,0.318,-0.002,0.183,-172.485,0.305,0.000,-0.000,0.000,-0.2401,0.2540,0.6560,-0.6690,2496.09,159.38,-12.92,89.41,64184.0,0,0.92,0.73,5
45873,-0.000,0.320,-0.000,0.305,-172.058,0.366,0.000,-0.000,0.000,-0.2203,0.2338,0.6628,-0.6763,2499.29,159.13,-12.95,89.31,64160.6,0,0.91,0.73,5
45893,-0.002,0.315,0.000,0.305,-171.936,0.366,0.000,-0.000,0.000,-0.2003,0.2135,0.6691,-0.6831,2502.51,158.92,-12.89,89.22,64128.8,0,1.00,0.73,5
45913,-0.001,0.314,-0.004,0.244,-171.692,0.305,0.000,-0.000,0.000,-0.1802,0.1929,0.6747,-0.6893,2505.79,158.75,-12.89,89.14,64091.7,0,1.00,0.74,5
45933,0.000,0.313,-0.003,0.305,-171.326,0.244,0.000,-0.000,0.000,-0.1599,0.1722,0.6798,-0.6948,2509.02,158.55,-12.88,89.05,64074.2,0,0.97,0.74,5
45953,-0.002,0.315,-0.002,0.305,-171.082,0.366,0.000,-0.000,0.000,-0.1395,0.1514,0.6842,-0.6997,2512.26,158.36,-12.90,88.97,64048.0,0,0.98,0.74,5
45973,0.001,0.312,-0.002,0.305,-170.715,0.244,0.000,-0.000,0.000,-0.1191,0.1305,0.6880,-0.7039,2515.49,158.16,-12.86,88.89,64023.2,0,0.98,0.75,5
45993,-0.001,0.312,-0.004,0.427,-170.532,0.183,0.000,-0.000,0.000,-0.0985,0.1095,0.6911,-0.7076,2518.70,157.96,-12.86,88.81,64001.3,0,1.00,0.75,5
46016,-0.003,0.308,-0.002,0.366,-170.227,0.122,0.000,-0.000,0.000,-0.0779,0.0884,0.6937,-0.7106,2521.95,157.78,-12.83,88.74,63968.0,0,1.00,0.75,5
46033,-0.000,0.311,-0.003,0.366,-169.983,0.183,0.000,-0.000,0.000,-0.0573,0.0673,0.6956,-0.7129,2525.14,157.56,-12.86,88.68,63954.4,0,0.96,0.76,5
46053,-0.001,0.309,-0.003,0.610,-169.678,0.122,0.000,-0.000,0.000,-0.0367,0.0461,0.6970,-0.7147,2528.31,157.33,-12.83,88.61,63932.3,0,0.95,0.76,5
46073,-0.002,0.312,-0.002,0.549,-169.373,0.183,0.000,-0.000,0.000,-0.0161,0.0250,0.6976,-0.7158,2531.52,157.13,-12.87,88.55,63900.2,0,1.00,0.76,5
46093,-0.002,0.304,-0.001,0.488,-169.128,0.122,0.000,-0.000,0.000,0.0045,0.0038,0.6977,-0.7163,2534.70,156.91,-12.79,88.49,63878.6,0,0.98,0.77,5
46113,-0.003,0.302,-0.001,0.305,-168.884,0.122,0.000,-0.000,0.000,0.0251,-0.0173,0.6973,-0.7162,2537.92,156.74,-12.76,88.45,63845.9,0,1.00,0.77,5
46133,0.000,0.305,-0.001,0.488,-168.518,0.122,0.000,-0.000,0.000,0.0456,-0.0383,0.6961,-0.7154,2541.14,156.56,-12.79,88.40,63820.6,0,1.00,0.77,5
46153,-0.001,0.304,-0.002,0.488,-168.396,0.000,0.000,-0.000,0.000,0.0660,-0.0594,0.6944,-0.7141,2544.35,156.38,-12.79,88.37,63797.1,0,1.00,0.78,5
46173,-0.000,0.301,-0.000,0.427,-167.969,0.061,0.000,-0.000,0.000,0.0864,-0.0803,0.6921,-0.7121,2547.50,156.15,-12.76,88.33,63783.5,0,1.00,0.78,5
46193,-0.000,0.305,-0.001,0.427,-167.847,0.061,0.000,-0.000,0.000,0.1066,-0.1011,0.6892,-0.7095,2550.70,155.96,-12.79,88.31,63748.0,0,1.00,0.78,5
46213,-0.001,0.298,-0.001,0.549,-167.542,0.000,0.000,-0.000,0.000,0.1267,-0.1218,0.6857,-0.7063,2553.84,155.74,-12.73,88.29,63734.1,0,0.98,0.79,5
46233,-0.002,0.304,0.002,0.427,-167.175,-0.061,0.000,-0.000,0.000,0.1467,-0.1424,0.6817,-0.7025,2557.07,155.59,-12.79,88.27,63690.6,0,1.00,0.79,5
46253,-0.001,0.296,-0.002,0.488,-166.931,-0.122,0.000,-0.000,0.000,0.1665,-0.1628,0.6770,-0.6982,2560.25,155.40,-12.71,88.26,63675.8,0,1.00,0.80,5
46273,-0.000,0.300,-0.000,0.427,-166.748,-0.061,0.000,-0.000,0.000,0.1861,-0.1831,0.6718,-0.6932,2563.46,155.24,-12.75,88.26,63645.8,0,1.00,0.80,5
46293,-0.001,0.295,-0.002,0.488,-166.504,-0.183,0.000,-0.000,0.000,0.2055,-0.2031,0.6660,-0.6877,2566.64,155.05,-12.70,88.27,63625.3,0,1.00,0.80,5
46313,-0.001,0.295,-0.003,0.366,-166.016,-0.122,0.000,-0.000,0.000,0.2247,-0.2230,0.6597,-0.6816,2569.77,154.83,-12.70,88.28,63610.1,0,1.00,0.81,5
46333,-0.002,0.295,-0.001,0.488,-166.016,-0.183,0.000,-0.000,0.000,0.2437,-0.2427,0.6529,-0.6749,2572.90,154.61,-12.70,88.29,63585.4,0,1.00,0.81,5
46353,0.002,0.293,-0.001,0.488,-165.527,-0.183,0.000,-0.000,0.000,0.2625,-0.2621,0.6455,-0.6677,2576.11,154.47,-12.68,88.32,63542.7,0,1.00,0.82,5
46373,-0.001,0.290,0.001,0.427,-165.283,-0.244,0.000,-0.000,0.000,0.2810,-0.2812,0.6375,-0.6599,2579.27,154.28,-12.65,88.34,63528.3,0,1.00,0.82,5
46393,-0.001,0.292,-0.002,0.488,-165.039,-0.305,0.000,-0.000,0.000,0.2992,-0.3001,0.6291,-0.6516,2582.46,154.13,-12.67,88.38,63497.0,0,1.00,0.82,5
46413,0.000,0.290,0.001,0.488,-164.795,-0.183,0.000,-0.000,0.000,0.3172,-0.3188,0.6201,-0.6428,2585.58,153.92,-12.65,88.42,63486.2,0,1.00,0.83,5
46433,-0.000,0.288,-0.000,0.366,-164.490,-0.183,0.000,-0.000,0.000,0.3349,-0.3371,0.6107,-0.6335,2588.68,153.68,-12.63,88.46,63466.4,0,1.00,0.83,5
46453,-0.001,0.288,-0.003,0.366,-164.246,-0.305,0.000,-0.000,0.000,0.3522,-0.3551,0.6008,-0.6236,2591.78,153.46,-12.63,88.52,63439.8,0,1.00,0.84,5
46473,-0.000,0.287,-0.001,0.366,-163.879,-0.244,0.000,-0.000,0.000,0.3693,-0.3728,0.5904,-0.6133,2594.98,153.33,-12.62,88.57,63396.8,0,1.00,0.84,5
46493,-0.000,0.290,0.000,0.366,-163.696,-0.427,0.000,-0.000,0.000,0.3860,-0.3902,0.5795,-0.6024,2598.11,153.14,-12.65,88.64,63383.7,0,1.00,0.85,5
46513,-0.000,0.280,0.000,0.366,-163.391,-0.305,0.000,-0.000,0.000,0.4023,-0.4073,0.5682,-0.5911,2601.28,152.99,-12.55,88.70,63350.7,0,1.00,0.85,5
46533,-0.000,0.281,-0.001,0.244,-163.208,-0.366,0.000,-0.000,0.000,0.4183,-0.4240,0.5564,-0.5794,2604.36,152.76,-12.56,88.78,63345.8,0,1.00,0.85,5
46553,0.001,0.283,-0.001,0.427,-162.903,-0.488,0.000,-0.000,0.000,0.4340,-0.4403,0.5442,-0.5672,2607.46,152.56,-12.58,88.85,63316.3,0,1.00,0.86,5
46573,-0.000,0.284,-0.001,0.183,-162.537,-0.488,0.000,-0.000,0.000,0.4492,-0.4562,0.5316,-0.5545,2610.59,152.38,-12.59,88.94,63286.1,0,1.00,0.86,5
46593,0.002,0.281,-0.001,0.183,-162.354,-0.427,0.000,-0.000,0.000,0.4640,-0.4718,0.5186,-0.5414,2613.77,152.25,-12.56,89.03,63250.9,0,1.00,0.87,5
46613,0.001,0.279,0.000,0.122,-162.048,-0.488,0.000,-0.000,0.000,0.4785,-0.4870,0.5052,-0.5280,2616.87,152.05,-12.54,89.12,63241.9,0,1.00,0.87,5
46636,-0.000,0.277,0.001,0.305,-161.926,-0.305,0.000,-0.000,0.000,0.4926,-0.5017,0.4914,-0.5140,2620.01,151.90,-12.52,89.21,63209.3,0,1.00,0.88,5
46653,-0.002,0.281,0.000,0.122,-161.499,-0.427,0.000,-0.000,0.000,0.5062,-0.5160,0.4772,-0.4998,2623.10,151.70,-12.56,89.31,63194.4,0,1.00,0.88,5
46673,-0.001,0.277,0.000,0.122,-161.316,-0.366,0.000,-0.000,0.000,0.5194,-0.5299,0.4627,-0.4851,2626.28,151.58,-12.52,89.41,63152.5,0,1.00,0.89,5
46693,-0.001,0.277,-0.001,0.122,-161.011,-0.549,0.000,-0.000,0.000,0.5322,-0.5433,0.4478,-0.4701,2629.34,151.36,-12.52,89.52,63150.6,0,1.00,0.89,5
46713,0.000,0.272,0.000,0.183,-160.767,-0.488,0.000,-0.000,0.000,0.5445,-0.5563,0.4326,-0.4547,2632.49,151.23,-12.48,89.62,63109.8,0,1.00,0.90,5
46733,-0.000,0.274,-0.000,0.061,-160.522,-0.427,0.000,-0.000,0.000,0.5564,-0.5689,0.4172,-0.4390,2635.61,151.07,-12.49,89.73,63090.1,0,1.00,0.90,5
46753,0.002,0.270,0.001,-0.000,-160.217,-0.488,0.000,-0.000,0.000,0.5678,-0.5810,0.4014,-0.4230,2638.73,150.91,-12.45,89.84,63065.4,0,1.00,0.91,5
46773,0.000,0.272,0.002,0.061,-160.034,-0.488,0.000,-0.000,0.000,0.5788,-0.5926,0.3853,-0.4067,2641.86,150.77,-12.47,89.95,63038.7,0,1.00,0.91,5
46793,0.002,0.273,-0.001,-0.000,-159.668,-0.549,0.000,-0.000,0.000,0.5893,-0.6037,0.3689,-0.3901,2644.92,150.57,-12.49,90.07,63027.5,0,1.00,0.92,5
46813,0.003,0.270,-0.002,-0.061,-159.424,-0.488,0.000,-0.000,0.000,0.5993,-0.6144,0.3523,-0.3732,2648.00,150.39,-12.45,90.18,63000.6,0,1.00,0.92,5
46833,-0.000,0.266,0.001,-0.000,-159.180,-0.488,0.000,-0.000,0.000,0.6088,-0.6245,0.3354,-0.3561,2651.07,150.20,-12.41,90.29,62978.9,0,1.00,0.93,5
46853,0.001,0.271,0.000,-0.061,-158.875,-0.488,0.000,-0.000,0.000,0.6179,-0.6342,0.3184,-0.3387,2654.14,150.01,-12.46,90.41,62954.2,0,1.00,0.93,5
46873,0.003,0.264,0.000,-0.061,-158.691,-0.427,0.000,-0.000,0.000,0.6264,-0.6434,0.3011,-0.3210,2657.20,149.82,-12.39,90.52,62932.2,0,1.00,0.94,5
46893,0.001,0.264,0.000,-0.122,-158.264,-0.488,0.000,-0.000,0.000,0.6345,-0.6520,0.2836,-0.3032,2660.23,149.60,-12.39,90.63,62914.1,0,1.00,0.94,5
46913,-0.001,0.267,-0.001,-0.183,-158.081,-0.549,0.000,-0.000,0.000,0.6420,-0.6602,0.2659,-0.2852,2663.27,149.41,-12.42,90.75,62886.7,0,1.00,0.95,5
46933,-0.001,0.265,0.000,-0.061,-157.837,-0.305,0.000,-0.000,0.000,0.6491,-0.6678,0.2480,-0.2669,2666.34,149.23,-12.40,90.86,62858.7,0,1.00,0.95,5
46953,0.001,0.264,-0.002,-0.244,-157.471,-0.488,0.000,-0.000,0.000,0.6556,-0.6749,0.2300,-0.2485,2669.36,149.02,-12.39,90.97,62843.4,0,1.00,0.96,5
46973,0.001,0.266,-0.003,-0.244,-157.227,-0.366,0.000,-0.000,0.000,0.6616,-0.6815,0.2119,-0.2299,2672.41,148.85,-12.41,91.07,62812.5,0,1.00,0.96,5
46993,0.003,0.262,-0.000,-0.244,-156.982,-0.427,0.000,-0.000,0.000,0.6672,-0.6876,0.1936,-0.2112,2675.44,148.64,-12.37,91.18,62794.9,0,1.00,0.97,5
47013,0.002,0.258,-0.001,-0.305,-156.799,-0.244,0.000,-0.000,0.000,0.6722,-0.6932,0.1753,-0.1924,2678.45,148.44,-12.33,91.28,62773.1,0,1.00,0.97,5
47033,0.002,0.261,-0.001,-0.244,-156.494,-0.488,0.000,-0.000,0.000,0.6767,-0.6982,0.1568,-0.1734,2681.45,148.22,-12.37,91.38,62753.1,0,1.00,0.98,5
47053,0.003,0.259,-0.002,-0.305,-156.250,-0.305,0.000,-0.000,0.000,0.6807,-0.7027,0.1382,-0.1544,2684.43,147.99,-12.35,91.47,62733.1,0,1.00,0.98,5
47073,0.002,0.255,0.000,-0.427,-155.945,-0.488,0.000,-0.000,0.000,0.6841,-0.7067,0.1196,-0.1352,2687.39,147.74,-12.31,91.57,62713.0,0,1.00,0.99,5
47093,0.000,0.259,0.001,-0.427,-155.640,-0.244,0.000,-0.000,0.000,0.6871,-0.7101,0.1009,-0.1160,2690.38,147.53,-12.35,91.66,62682.7,0,1.00,0.99,5
47113,0.001,0.254,-0.000,-0.305,-155.396,-0.244,0.000,-0.000,0.000,0.6895,-0.7130,0.0822,-0.0967,2693.34,147.30,-12.29,91.74,62665.6,0,1.00,1.00,5
47133,0.002,0.253,-0.003,-0.305,-155.151,-0.122,0.000,-0.000,0.000,0.6915,-0.7154,0.0635,-0.0774,2696.28,147.06,-12.28,91.82,62645.4,0,1.00,1.00,5
47153,0.001,0.253,-0.001,-0.366,-154.846,-0.244,0.000,-0.000,0.000,0.6929,-0.7173,0.0447,-0.0581,2699.30,146.88,-12.28,91.89,62607.0,0,1.00,1.01,5
47173,0.003,0.252,0.000,-0.488,-154.602,-0.244,0.000,-0.000,0.000,0.6938,-0.7187,0.0259,-0.0388,2702.25,146.64,-12.28,91.96,62598.7,0,1.00,1.02,5
47193,0.003,0.253,-0.003,-0.488,-154.297,-0.122,0.000,-0.000,0.000,0.6942,-0.7195,0.0072,-0.0194,2705.25,146.47,-12.28,92.03,62563.0,0,1.00,1.02,5
47213,0.002,0.248,-0.002,-0.366,-154.236,-0.183,0.000,-0.000,0.000,0.6941,-0.7198,-0.0115,-0.0001,2708.20,146.24,-12.23,92.09,62550.6,0,1.00,1.03,5
47233,0.003,0.251,-0.003,-0.488,-153.931,-0.183,0.000,-0.000,0.000,0.6935,-0.7196,-0.0302,0.0192,2711.14,146.01,-12.26,92.14,62528.6,0,1.00,1.04,5
47253,0.002,0.250,-0.002,-0.366,-153.442,-0.061,0.000,-0.000,0.000,0.6924,-0.7188,-0.0488,0.0385,2714.12,145.83,-12.25,92.19,62496.3,0,1.00,1.05,5
47276,0.003,0.247,-0.003,-0.549,-153.320,-0.061,0.000,-0.000,0.000,0.6908,-0.7176,-0.0673,0.0577,2717.10,145.64,-12.23,92.23,62475.2,0,1.00,1.06,5
47293,0.003,0.249,-0.004,-0.366,-153.137,-0.122,0.000,-0.000,0.000,0.6887,-0.7158,-0.0858,0.0768,2720.08,145.46,-12.24,92.26,62450.7,0,1.00,1.07,5
47313,0.001,0.242,-0.002,-0.366,-152.771,0.061,0.000,-0.000,0.000,0.6862,-0.7135,-0.1041,0.0959,2722.99,145.22,-12.18,92.29,62442.1,0,1.00,1.08,5
47333,0.003,0.247,-0.004,-0.488,-152.527,0.000,0.000,-0.000,0.000,0.6831,-0.7108,-0.1224,0.1148,2725.99,145.07,-12.23,92.31,62398.2,0,1.00,1.09,5
47353,0.003,0.244,-0.002,-0.366,-152.283,0.061,0.000,-0.000,0.000,0.6796,-0.7075,-0.1405,0.1337,2728.97,144.90,-12.19,92.33,62381.0,0,1.00,1.10,5
47373,0.001,0.244,-0.007,-0.488,-152.039,0.122,0.000,-0.000,0.000,0.6756,-0.7037,-0.1585,0.1524,2731.89,144.68,-12.20,92.34,62369.6,0,1.00,1.10,5
47393,0.003,0.245,-0.002,-0.549,-151.672,0.122,0.000,-0.000,0.000,0.6711,-0.6995,-0.1764,0.1710,2734.77,144.43,-12.21,92.34,62354.9,0,1.00,1.11,5
47413,0.001,0.239,-0.001,-0.488,-151.489,0.122,0.000,-0.000,0.000,0.6661,-0.6948,-0.1940,0.1894,2737.66,144.18,-12.15,92.34,62331.8,0,1.00,1.12,5
47433,0.001,0.242,-0.000,-0.488,-151.245,0.122,0.000,-0.000,0.000,0.6607,-0.6896,-0.2116,0.2077,2740.62,144.02,-12.18,92.33,62292.0,0,1.00,1.13,5
47453,0.001,0.246,-0.004,-0.488,-151.001,0.061,0.000,-0.000,0.000,0.6549,-0.6839,-0.2289,0.2257,2743.56,143.83,-12.21,92.31,62274.4,0,1.00,1.14,5
47473,0.001,0.236,-0.002,-0.549,-150.635,0.122,0.000,-0.000,0.000,0.6486,-0.6778,-0.2461,0.2436,2746.42,143.58,-12.12,92.29,62266.1,0,1.00,1.15,5
47493,0.000,0.237,-0.004,-0.427,-150.452,0.244,0.000,-0.000,0.000,0.6419,-0.6712,-0.2630,0.2614,2749.32,143.36,-12.13,92.26,62236.8,0,1.00,1.16,5
47513,0.000,0.236,-0.002,-0.427,-150.146,0.244,0.000,-0.000,0.000,0.6347,-0.6642,-0.2798,0.2789,2752.27,143.20,-12.12,92.22,62201.6,0,1.00,1.17,5
47533,0.002,0.238,-0.004,-0.366,-149.963,0.183,0.000,-0.000,0.000,0.6271,-0.6567,-0.2963,0.2962,2755.21,143.03,-12.14,92.18,62183.5,0,1.00,1.18,5
47553,0.002,0.239,-0.003,-0.305,-149.658,0.244,0.000,-0.000,0.000,0.6191,-0.6487,-0.3126,0.3132,2758.10,142.82,-12.15,92.13,62168.3,0,1.00,1.19,5
47573,0.001,0.236,-0.002,-0.488,-149.475,0.244,0.000,-0.000,0.000,0.6107,-0.6404,-0.3286,0.3300,2760.97,142.58,-12.12,92.07,62152.0,0,1.00,1.20,5
47593,0.000,0.234,-0.002,-0.305,-149.048,0.427,0.000,-0.000,0.000,0.6019,-0.6316,-0.3444,0.3466,2763.83,142.36,-12.10,92.01,62129.6,0,1.00,1.21,5
47613,0.000,0.231,-0.001,-0.366,-148.865,0.366,0.000,-0.000,0.000,0.5927,-0.6224,-0.3599,0.3629,2766.73,142.17,-12.07,91.94,62099.0,0,1.00,1.22,5
47633,0.001,0.233,-0.005,-0.244,-148.621,0.427,0.000,-0.000,0.000,0.5832,-0.6128,-0.3751,0.3790,2769.60,141.95,-12.09,91.87,62082.9,0,1.00,1.23,5
47653,0.002,0.230,-0.003,-0.122,-148.438,0.488,0.000,-0.000,0.000,0.5732,-0.6028,-0.3901,0.3948,2772.58,141.85,-12.06,91.78,62036.8,0,1.00,1.24,5
47673,-0.001,0.232,-0.002,-0.244,-148.010,0.427,0.000,-0.000,0.000,0.5629,-0.5925,-0.4047,0.4102,2775.49,141.67,-12.08,91.70,62030.9,0,1.00,1.26,5
47693,0.003,0.229,-0.004,-0.305,-147.888,0.488,0.000,-0.000,0.000,0.5522,-0.5817,-0.4191,0.4254,2778.31,141.42,-12.06,91.61,62023.2,0,1.00,1.27,5
47713,0.001,0.227,-0.003,-0.244,-147.522,0.366,0.000,-0.000,0.000,0.5412,-0.5706,-0.4332,0.4403,2781.21,141.25,-12.03,91.52,61985.8,0,1.00,1.28,5
47733,0.002,0.228,-0.003,-0.183,-147.217,0.488,0.000,-0.000,0.000,0.5299,-0.5591,-0.4469,0.4548,2784.11,141.08,-12.04,91.42,61964.3,0,1.00,1.29,5
47753,0.001,0.228,-0.004,-0.183,-147.034,0.366,0.000,-0.000,0.000,0.5182,-0.5473,-0.4603,0.4690,2786.93,140.84,-12.04,91.31,61958.4,0,1.00,1.30,5
47773,0.001,0.226,-0.002,-0.061,-146.729,0.488,0.000,-0.000,0.000,0.5062,-0.5351,-0.4734,0.4830,2789.82,140.67,-12.02,91.20,61920.3,0,1.00,1.31,5
47793,0.001,0.225,-0.004,-0.122,-146.484,0.488,0.000,-0.000,0.000,0.4939,-0.5227,-0.4862,0.4965,2792.70,140.49,-12.01,91.09,61899.8,0,1.00,1.33,5
47813,0.001,0.219,-0.004,-0.122,-146.362,0.488,0.000,-0.000,0.000,0.4813,-0.5098,-0.4986,0.5097,2795.56,140.30,-11.95,90.98,61881.9,0,1.00,1.34,5
47833,-0.001,0.222,-0.004,-0.061,-146.118,0.488,0.000,-0.000,0.000,0.4684,-0.4967,-0.5107,0.5226,2798.39,140.09,-11.98,90.86,61865.9,0,1.00,1.35,5
47853,0.001,0.223,-0.003,-0.122,-145.874,0.488,0.000,-0.000,0.000,0.4552,-0.4833,-0.5224,0.5351,2801.21,139.87,-11.99,90.74,61845.0,0,1.00,1.36,5
47876,0.001,0.220,-0.003,-0.000,-145.508,0.549,0.000,-0.000,0.000,0.4418,-0.4695,-0.5337,0.5473,2804.00,139.63,-11.96,90.61,61829.1,0,1.00,1.37,5
47893,-0.000,0.220,-0.007,0.061,-145.264,0.549,0.000,-0.000,0.000,0.4280,-0.4555,-0.5447,0.5591,2806.85,139.44,-11.96,90.48,61796.0,0,1.00,1.39,5
47913,-0.001,0.215,-0.002,0.122,-144.958,0.488,0.000,-0.000,0.000,0.4141,-0.4413,-0.5553,0.5705,2809.55,139.12,-11.92,90.35,61803.5,0,1.00,1.40,5
47933,0.002,0.220,-0.004,-0.122,-144.775,0.488,0.000,-0.000,0.000,0.3999,-0.4267,-0.5656,0.5815,2812.39,138.93,-11.96,90.23,61754.9,0,1.00,1.41,5
47953,-0.000,0.220,-0.003,0.061,-144.531,0.549,0.000,-0.000,0.000,0.3855,-0.4120,-0.5754,0.5921,2815.20,138.73,-11.96,90.10,61736.3,0,1.00,1.42,5
47973,0.000,0.220,-0.002,-0.000,-144.226,0.427,0.000,-0.000,0.000,0.3708,-0.3969,-0.5849,0.6023,2818.01,138.53,-11.96,89.97,61715.4,0,1.00,1.44,5
47994,-0.001,0.218,-0.003,0.244,-143.982,0.610,0.000,-0.000,0.000,0.3560,-0.3817,-0.5940,0.6122,2820.80,138.30,-11.94,89.83,61698.9,0,1.00,1.45,5
48013,0.001,0.215,-0.004,0.183,-143.799,0.427,0.000,-0.000,0.000,0.3409,-0.3662,-0.6027,0.6216,2823.67,138.16,-11.92,89.70,61659.2,0,1.00,1.46,5
48033,-0.001,0.214,-0.003,0.122,-143.433,0.549,0.000,-0.000,0.000,0.3257,-0.3506,-0.6110,0.6306,2826.48,137.98,-11.91,89.57,61648.3,0,1.00,1.48,5
48053,-0.000,0.217,-0.002,0.244,-143.188,0.427,0.000,-0.000,0.000,0.3103,-0.3347,-0.6189,0.6393,2829.30,137.79,-11.93,89.43,61626.6,0,1.00,1.49,5
48073,0.001,0.211,-0.002,0.244,-143.005,0.549,0.000,-0.000,0.000,0.2948,-0.3187,-0.6264,0.6475,2832.13,137.63,-11.88,89.30,61601.0,0,1.00,1.50,5
48093,-0.001,0.213,-0.003,0.122,-142.822,0.488,0.000,-0.000,0.000,0.2790,-0.3025,-0.6335,0.6553,2834.88,137.39,-11.89,89.17,61596.6,0,1.00,1.50,5
48113,-0.002,0.214,-0.002,0.305,-142.517,0.610,0.000,-0.000,0.000,0.2631,-0.2861,-0.6401,0.6627,2837.65,137.18,-11.90,89.04,61569.6,0,1.00,1.50,5
48133,-0.001,0.212,-0.003,0.244,-142.212,0.427,0.000,-0.000,0.000,0.2471,-0.2696,-0.6464,0.6696,2840.42,136.96,-11.88,88.92,61549.0,0,1.00,1.50,5
48153,-0.001,0.208,-0.001,0.366,-141.907,0.488,0.000,-0.000,0.000,0.2310,-0.2529,-0.6523,0.6762,2843.23,136.80,-11.84,88.79,61518.4,0,1.00,1.50,5
48173,0.001,0.207,-0.004,0.305,-141.785,0.549,0.000,-0.000,0.000,0.2148,-0.2362,-0.6577,0.6823,2846.01,136.61,-11.83,88.67,61502.1,0,1.00,1.50,5
48193,-0.001,0.210,-0.003,0.427,-141.418,0.427,0.000,-0.000,0.000,0.1985,-0.2193,-0.6627,0.6880,2848.82,136.44,-11.86,88.54,61475.8,0,1.00,1.50,5
48213,-0.000,0.207,-0.003,0.366,-141.174,0.488,0.000,-0.000,0.000,0.1820,-0.2023,-0.6674,0.6932,2851.58,136.23,-11.84,88.43,61465.0,0,1.00,1.50,5
48233,-0.001,0.209,-0.000,0.366,-140.869,0.488,0.000,-0.000,0.000,0.1655,-0.1852,-0.6716,0.6981,2854.38,136.07,-11.85,88.31,61434.1,0,1.00,1.50,5
48253,-0.000,0.209,-0.003,0.488,-140.747,0.427,0.000,-0.000,0.000,0.1490,-0.1680,-0.6753,0.7025,2857.13,135.86,-11.86,88.20,61421.9,0,1.00,1.50,5
48273,-0.001,0.208,-0.005,0.549,-140.381,0.427,0.000,-0.000,0.000,0.1324,-0.1508,-0.6787,0.7065,2859.83,135.61,-11.84,88.09,61412.2,0,1.00,1.50,5
48293,-0.003,0.203,-0.005,0.549,-140.137,0.366,0.000,-0.000,0.000,0.1157,-0.1334,-0.6816,0.7101,2862.57,135.40,-11.80,87.99,61381.6,0,1.00,1.50,5
48313,-0.000,0.203,-0.004,0.549,-139.832,0.366,0.000,-0.000,0.000,0.0990,-0.1161,-0.6842,0.7132,2865.37,135.25,-11.79,87.89,61348.5,0,1.00,1.50,5
48333,-0.002,0.201,-0.002,0.549,-139.648,0.305,0.000,-0.000,0.000,0.0823,-0.0987,-0.6863,0.7159,2868.10,135.04,-11.78,87.79,61341.4,0,1.00,1.50,5
48353,-0.002,0.206,-0.003,0.610,-139.465,0.244,0.000,-0.000,0.000,0.0655,-0.0812,-0.6880,0.7182,2870.84,134.85,-11.82,87.70,61316.5,0,1.00,1.50,5
48373,-0.003,0.200,-0.002,0.549,-139.099,0.244,0.000,-0.000,0.000,0.0488,-0.0638,-0.6893,0.7200,2873.62,134.69,-11.76,87.62,61289.1,0,1.00,1.50,5
48393,0.001,0.198,0.000,0.549,-138.916,0.305,0.000,-0.000,0.000,0.0321,-0.0463,-0.6902,0.7214,2876.30,134.45,-11.74,87.54,61285.9,0,1.00,1.50,5
48413,-0.003,0.197,-0.001,0.610,-138.672,0.183,0.000,-0.000,0.000,0.0153,-0.0288,-0.6907,0.7224,2879.03,134.25,-11.74,87.46,61256.5,0,1.00,1.50,5
48433,-0.003,0.201,-0.001,0.610,-138.428,0.183,0.000,-0.000,0.000,-0.0014,-0.0114,-0.6908,0.7230,2881.76,134.06,-11.77,87.39,61236.0,0,1.00,1.50,5
48453,-0.001,0.196,-0.000,0.488,-138.123,0.183,0.000,-0.000,0.000,-0.0180,0.0060,-0.6904,0.7231,2884.48,133.86,-11.72,87.33,61215.0,0,1.00,1.50,5
48473,-0.002,0.198,-0.001,0.488,-138.000,0.183,0.000,-0.000,0.000,-0.0347,0.0235,-0.6897,0.7229,2887.23,133.70,-11.74,87.28,61188.2,0,1.00,1.50,5
48496,-0.002,0.199,-0.003,0.671,-137.634,0.000,0.000,-0.000,0.000,-0.0512,0.0408,-0.6886,0.7222,2889.98,133.54,-11.75,87.23,61167.7,0,1.00,1.50,5
48513,-0.002,0.195,0.000,0.610,-137.390,0.000,0.000,-0.000,0.000,-0.0677,0.0581,-0.6871,0.7211,2892.64,133.30,-11.72,87.19,61163.8,0,1.00,1.50,5
48533,-0.001,0.197,-0.003,0.610,-137.085,0.122,0.000,-0.000,0.000,-0.0842,0.0754,-0.6852,0.7196,2895.28,133.04,-11.74,87.15,61148.0,0,1.00,1.50,5
48553,-0.002,0.194,-0.002,0.671,-136.902,0.000,0.000,-0.000,0.000,-0.1005,0.0926,-0.6829,0.7177,2898.04,132.90,-11.71,87.12,61102.7,0,1.00,1.50,5
48573,-0.000,0.198,-0.002,0.610,-136.597,0.061,0.000,-0.000,0.000,-0.1168,0.1096,-0.6802,0.7153,2900.74,132.71,-11.75,87.09,61091.7,0,1.00,1.50,5
48593,0.000,0.195,-0.000,0.488,-136.353,-0.122,0.000,-0.000,0.000,-0.1329,0.1266,-0.6771,0.7126,2903.48,132.55,-11.71,87.08,61066.1,0,1.00,1.50,5
48613,-0.000,0.190,0.001,0.610,-136.047,-0.061,0.000,-0.000,0.000,-0.1490,0.1435,-0.6737,0.7095,2906.17,132.36,-11.67,87.07,61053.1,0,1.00,1.50,5
48633,-0.001,0.190,-0.004,0.610,-135.986,-0.183,0.000,-0.000,0.000,-0.1649,0.1604,-0.6699,0.7060,2908.84,132.15,-11.67,87.07,61036.6,0,1.00,1.50,5
48653,-0.000,0.191,-0.000,0.549,-135.742,-0.061,0.000,-0.000,0.000,-0.1807,0.1770,-0.6657,0.7021,2911.47,131.91,-11.68,87.07,61023.2,0,1.00,1.50,5
48673,-0.002,0.188,-0.000,0.671,-135.437,-0.122,0.000,-0.000,0.000,-0.1964,0.1936,-0.6611,0.6978,2914.12,131.69,-11.65,87.08,60999.8,0,1.00,1.50,5
48693,0.000,0.186,-0.000,0.549,-135.132,-0.183,0.000,-0.000,0.000,-0.2119,0.2100,-0.6562,0.6931,2916.75,131.45,-11.63,87.10,60982.4,0,1.00,1.50,5
48713,-0.001,0.187,-0.001,0.671,-134.949,-0.183,0.000,-0.000,0.000,-0.2273,0.2263,-0.6509,0.6881,2919.41,131.25,-11.63,87.12,60956.0,0,1.00,1.50,5
48733,-0.000,0.189,0.000,0.549,-134.766,-0.183,0.000,-0.000,0.000,-0.2426,0.2424,-0.6453,0.6826,2922.10,131.08,-11.66,87.15,60929.1,0,1.00,1.50,5
48753,-0.000,0.190,-0.001,0.671,-134.399,-0.366,0.000,-0.000,0.000,-0.2576,0.2584,-0.6393,0.6769,2924.72,130.85,-11.67,87.19,60924.5,0,1.00,1.50,5
48773,-0.002,0.186,0.001,0.610,-134.277,-0.244,0.000,-0.000,0.000,-0.2725,0.2742,-0.6330,0.6707,2927.31,130.59,-11.62,87.23,60907.7,0,1.00,1.50,5
48793,-0.001,0.183,0.000,0.671,-133.850,-0.366,0.000,-0.000,0.000,-0.2872,0.2898,-0.6263,0.6642,2929.91,130.35,-11.59,87.28,60886.6,0,1.00,1.50,5
48813,-0.001,0.184,0.000,0.488,-133.728,-0.305,0.000,-0.000,0.000,-0.3018,0.3052,-0.6194,0.6574,2932.47,130.07,-11.61,87.34,60875.2,0,1.00,1.50,5
48833,-0.001,0.183,-0.002,0.427,-133.362,-0.427,0.000,-0.000,0.000,-0.3161,0.3205,-0.6121,0.6502,2935.08,129.86,-11.60,87.41,60842.4,0,1.00,1.50,5
48853,-0.002,0.187,0.002,0.549,-133.118,-0.427,0.000,-0.000,0.000,-0.3302,0.3355,-0.6045,0.6427,2937.76,129.71,-11.64,87.48,60809.3,0,1.00,1.50,5
48873,0.001,0.183,0.000,0.549,-132.935,-0.366,0.000,-0.000,0.000,-0.3441,0.3504,-0.5965,0.6348,2940.41,129.52,-11.60,87.55,60795.5,0,1.00,1.50,5
48893,-0.002,0.180,-0.002,0.488,-132.629,-0.427,0.000,-0.000,0.000,-0.3578,0.3650,-0.5883,0.6266,2943.01,129.30,-11.57,87.63,60784.6,0,1.00,1.50,5
48913,0.001,0.178,-0.000,0.488,-132.385,-0.549,0.000,-0.000,0.000,-0.3713,0.3794,-0.5798,0.6181,2945.65,129.12,-11.55,87.72,60756.2,0,1.00,1.50,5
48933,-0.000,0.179,-0.000,0.488,-132.202,-0.366,0.000,-0.000,0.000,-0.3846,0.3936,-0.5710,0.6093,2948.24,128.90,-11.56,87.81,60746.9,0,1.00,1.50,5
48953,-0.000,0.176,0.001,0.305,-131.958,-0.549,0.000,-0.000,0.000,-0.3976,0.4075,-0.5619,0.6001,2950.82,128.68,-11.53,87.91,60727.0,0,1.00,1.50,5
48973,0.001,0.180,0.002,0.427,-131.592,-0.427,0.000,-0.000,0.000,-0.4104,0.4212,-0.5525,0.5907,2953.41,128.47,-11.56,88.02,60705.0,0,1.00,1.50,5
48993,-0.002,0.178,-0.002,0.183,-131.470,-0.549,0.000,-0.000,0.000,-0.4229,0.4347,-0.5428,0.5809,2956.04,128.29,-11.55,88.13,60677.8,0,1.00,1.50,5
49013,0.001,0.176,0.000,0.366,-131.226,-0.549,0.000,-0.000,0.000,-0.4352,0.4480,-0.5329,0.5709,2958.68,128.13,-11.53,88.24,60656.0,0,1.00,1.50,5
49033,0.002,0.176,-0.001,0.427,-130.981,-0.549,0.000,-0.000,0.000,-0.4472,0.4609,-0.5227,0.5606,2961.26,127.92,-11.53,88.36,60647.7,0,1.00,1.50,5
49053,0.001,0.175,-0.001,0.244,-130.676,-0.549,0.000,-0.000,0.000,-0.4590,0.4736,-0.5123,0.5501,2963.88,127.74,-11.52,88.48,60620.2,0,1.00,1.50,5
49073,0.000,0.177,0.003,0.305,-130.493,-0.610,0.000,-0.000,0.000,-0.4705,0.4861,-0.5016,0.5392,2966.47,127.55,-11.54,88.61,60603.4,0,1.00,1.50,5
49093,-0.001,0.173,0.001,0.305,-130.249,-0.549,0.000,-0.000,0.000,-0.4818,0.4982,-0.4907,0.5281,2969.02,127.32,-11.50,88.74,60593.9,0,1.00,1.50,5
49113,0.001,0.176,-0.001,0.305,-130.005,-0.610,0.000,-0.000,0.000,-0.4928,0.5101,-0.4795,0.5168,2971.59,127.12,-11.53,88.87,60569.4,0,1.00,1.50,5
49136,-0.000,0.174,0.002,0.122,-129.761,-0.488,0.000,-0.000,0.000,-0.5035,0.5217,-0.4682,0.5052,2974.21,126.96,-11.51,89.01,60540.3,0,1.00,1.50,5
49153,0.002,0.172,-0.001,0.183,-129.456,-0.610,0.000,-0.000,0.000,-0.5139,0.5330,-0.4566,0.4933,2976.80,126.78,-11.49,89.15,60523.8,0,1.00,1.50,5
49173,0.000,0.173,-0.001,0.122,-129.272,-0.610,0.000,-0.000,0.000,-0.5240,0.5440,-0.4448,0.4813,2979.38,126.59,-11.50,89.29,60509.1,0,1.00,1.50,5
49193,0.002,0.172,-0.001,0.122,-129.028,-0.610,0.000,-0.000,0.000,-0.5339,0.5548,-0.4328,0.4690,2981.88,126.34,-11.49,89.43,60502.4,0,1.00,1.50,5
49213,0.001,0.172,0.000,0.061,-128.845,-0.610,0.000,-0.000,0.000,-0.5434,0.5652,-0.4206,0.4564,2984.37,126.08,-11.49,89.58,60486.7,0,1.00,1.50,5
49233,0.002,0.173,-0.001,0.061,-128.418,-0.671,0.000,-0.000,0.000,-0.5527,0.5754,-0.4082,0.4437,2986.92,125.87,-11.50,89.73,60456.0,0,1.00,1.50,5
49253,0.002,0.171,0.000,0.061,-128.235,-0.549,0.000,-0.000,0.000,-0.5616,0.5852,-0.3956,0.4308,2989.45,125.66,-11.48,89.88,60438.7,0,1.00,1.50,5
49273,0.003,0.172,0.000,0.061,-128.052,-0.732,0.000,-0.000,0.000,-0.5703,0.5947,-0.3829,0.4177,2991.98,125.45,-11.49,90.03,60418.6,0,1.00,1.50,5
49293,0.000,0.168,-0.001,-0.061,-127.747,-0.671,0.000,-0.000,0.000,-0.5787,0.6039,-0.3700,0.4044,2994.52,125.25,-11.45,90.18,60398.9,0,1.00,1.50,5
49313,0.001,0.171,0.000,-0.061,-127.441,-0.610,0.000,-0.000,0.000,-0.5867,0.6128,-0.3569,0.3910,2997.00,124.99,-11.48,90.34,60390.7,0,1.00,1.50,5
49333,0.001,0.167,0.000,-0.122,-127.258,-0.610,0.000,-0.000,0.000,-0.5944,0.6214,-0.3437,0.3773,2999.51,124.77,-11.44,90.49,60365.9,0,1.00,1.50,5
49353,0.000,0.166,0.000,-0.061,-127.014,-0.671,0.000,-0.000,0.000,-0.6019,0.6296,-0.3304,0.3635,3002.09,124.63,-11.43,90.64,60331.7,0,1.00,1.50,5
49373,0.001,0.165,-0.001,-0.183,-126.831,-0.671,0.000,-0.000,0.000,-0.6090,0.6376,-0.3169,0.3496,3004.62,124.44,-11.42,90.79,60321.4,0,1.00,1.50,5
49393,0.000,0.166,-0.001,-0.183,-126.648,-0.610,0.000,-0.000,0.000,-0.6158,0.6452,-0.3033,0.3355,3007.04,124.15,-11.43,90.95,60324.6,0,1.00,1.50,5
49413,0.001,0.158,0.001,-0.305,-126.343,-0.671,0.000,-0.000,0.000,-0.6223,0.6525,-0.2895,0.3212,3009.51,123.91,-11.35,91.10,60296.3,0,1.00,1.50,5
49433,-0.000,0.165,-0.003,-0.305,-126.038,-0.610,0.000,-0.000,0.000,-0.6284,0.6595,-0.2757,0.3069,3012.03,123.73,-11.42,91.25,60265.1,0,1.00,1.50,5
49453,0.002,0.167,-0.003,-0.366,-125.793,-0.549,0.000,-0.000,0.000,-0.6343,0.6661,-0.2618,0.2924,3014.57,123.56,-11.44,91.40,60244.0,0,1.00,1.50,5
49473,0.001,0.163,-0.002,-0.305,-125.549,-0.610,0.000,-0.000,0.000,-0.6398,0.6724,-0.2477,0.2778,3017.10,123.39,-11.40,91.55,60224.8,0,1.00,1.50,5
49493,0.001,0.160,-0.002,-0.244,-125.305,-0.610,0.000,-0.000,0.000,-0.6450,0.6784,-0.2336,0.2631,3019.62,123.21,-11.37,91.69,60207.7,0,1.00,1.50,5
49513,0.004,0.160,-0.001,-0.366,-125.122,-0.610,0.000,-0.000,0.000,-0.6499,0.6840,-0.2194,0.2483,3022.06,122.97,-11.37,91.84,60205.3,0,1.00,1.50,5
49533,0.003,0.158,-0.002,-0.366,-124.817,-0.610,0.000,-0.000,0.000,-0.6545,0.6893,-0.2051,0.2334,3024.48,122.70,-11.35,91.98,60191.4,0,1.00,1.50,5
49553,0.001,0.158,0.000,-0.427,-124.512,-0.549,0.000,-0.000,0.000,-0.6587,0.6943,-0.1907,0.2184,3026.90,122.44,-11.35,92.11,60170.7,0,1.00,1.50,5
49573,0.003,0.158,0.000,-0.427,-124.329,-0.610,0.000,-0.000,0.000,-0.6626,0.6989,-0.1763,0.2033,3029.36,122.23,-11.35,92.25,60143.8,0,1.00,1.50,5
49593,0.002,0.158,-0.000,-0.427,-124.146,-0.549,0.000,-0.000,0.000,-0.6662,0.7032,-0.1619,0.1882,3031.85,122.05,-11.35,92.38,60119.8,0,1.00,1.50,5
49613,0.002,0.156,0.002,-0.488,-123.962,-0.488,0.000,-0.000,0.000,-0.6695,0.7072,-0.1473,0.1730,3034.35,121.88,-11.33,92.50,60097.8,0,1.00,1.50,5
49633,-0.001,0.150,-0.002,-0.488,-123.718,-0.488,0.000,-0.000,0.000,-0.6725,0.7108,-0.1328,0.1577,3036.78,121.65,-11.28,92.63,60093.4,0,1.00,1.50,5
49653,0.001,0.159,-0.001,-0.427,-123.413,-0.366,0.000,-0.000,0.000,-0.6751,0.7141,-0.1182,0.1424,3039.24,121.44,-11.36,92.74,60069.8,0,1.00,1.50,5
49673,0.002,0.155,-0.004,-0.427,-123.108,-0.427,0.000,-0.000,0.000,-0.6775,0.7171,-0.1036,0.1271,3041.72,121.27,-11.32,92.85,60045.0,0,1.00,1.50,5
49693,0.002,0.158,-0.000,-0.427,-122.925,-0.366,0.000,-0.000,0.000,-0.6795,0.7197,-0.0890,0.1117,3044.17,121.07,-11.35,92.96,60032.5,0,1.00,1.50,5
49713,0.003,0.157,-0.001,-0.488,-122.681,-0.488,0.000,-0.000,0.000,-0.6812,0.7219,-0.0744,0.0964,3046.59,120.84,-11.34,93.06,60019.7,0,1.00,1.50,5
49733,0.001,0.155,-0.002,-0.549,-122.498,-0.427,0.000,-0.000,0.000,-0.6825,0.7239,-0.0597,0.0810,3049.01,120.62,-11.32,93.16,60000.0,0,1.00,1.50,5
49756,0.002,0.153,-0.001,-0.610,-122.192,-0.366,0.000,-0.000,0.000,-0.6836,0.7255,-0.0451,0.0656,3051.45,120.43,-11.31,93.26,59978.2,0,1.00,1.50,5
49773,0.004,0.155,-0.004,-0.549,-121.765,-0.305,0.000,-0.000,0.000,-0.6843,0.7268,-0.0305,0.0502,3053.85,120.19,-11.32,93.35,59968.8,0,1.00,1.50,5
49793,0.004,0.151,-0.003,-0.610,-121.643,-0.244,0.000,-0.000,0.000,-0.6848,0.7278,-0.0159,0.0348,3056.24,119.95,-11.28,93.43,59951.0,0,1.00,1.50,5
49813,0.003,0.150,-0.004,-0.549,-121.521,-0.244,0.000,-0.000,0.000,-0.6849,0.7284,-0.0013,0.0193,3058.61,119.71,-11.27,93.50,59935.7,0,1.00,1.50,5
49833,0.003,0.151,-0.002,-0.610,-121.277,-0.244,0.000,-0.000,0.000,-0.6847,0.7287,0.0132,0.0040,3060.96,119.44,-11.29,93.58,59922.2,0,1.00,1.50,5
49853,0.003,0.150,-0.004,-0.549,-120.911,-0.244,0.000,-0.000,0.000,-0.6842,0.7287,0.0277,-0.0114,3063.26,119.13,-11.27,93.64,59915.2,0,1.00,1.50,5
49873,0.004,0.150,-0.004,-0.549,-120.667,-0.122,0.000,-0.000,0.000,-0.6834,0.7283,0.0421,-0.0267,3065.57,118.84,-11.27,93.70,59894.1,0,1.00,1.50,5
49893,0.000,0.145,-0.004,-0.610,-120.422,-0.183,0.000,-0.000,0.000,-0.6823,0.7277,0.0565,-0.0420,3067.90,118.57,-11.22,93.75,59871.7,0,1.00,1.50,5
49913,0.002,0.147,-0.002,-0.671,-120.239,-0.061,0.000,-0.000,0.000,-0.6809,0.7267,0.0709,-0.0572,3070.18,118.27,-11.25,93.79,59862.9,0,1.00,1.50,5
49933,0.005,0.143,-0.001,-0.671,-119.995,-0.061,0.000,-0.000,0.000,-0.6792,0.7254,0.0851,-0.0724,3072.39,117.90,-11.21,93.83,59859.8,0,1.00,1.50,5
49953,0.001,0.146,-0.003,-0.671,-119.812,-0.061,0.000,-0.000,0.000,-0.6772,0.7238,0.0994,-0.0875,3074.68,117.62,-11.24,93.87,59825.9,0,1.00,1.50,5
49973,0.004,0.143,0.000,-0.610,-119.568,0.000,0.000,-0.000,0.000,-0.6749,0.7218,0.1135,-0.1026,3076.96,117.33,-11.20,93.89,59810.6,0,1.00,1.50,5
49993,0.001,0.144,-0.002,-0.488,-119.324,-0.061,0.000,-0.000,0.000,-0.6724,0.7196,0.1276,-0.1176,3079.27,117.07,-11.21,93.91,59785.4,0,1.00,1.50,5
50013,0.000,0.146,-0.002,-0.610,-119.019,-0.061,0.000,-0.000,0.000,-0.6695,0.7170,0.1415,-0.1325,3081.46,116.70,-11.23,93.92,59793.8,0,1.00,1.50,5
50033,0.002,0.144,-0.002,-0.732,-118.774,0.000,0.000,-0.000,0.000,-0.6664,0.7142,0.1554,-0.1473,3083.74,116.43,-11.21,93.93,59756.0,0,1.00,1.50,5
50053,0.003,0.143,-0.001,-0.732,-118.652,0.061,0.000,-0.000,0.000,-0.6629,0.7111,0.1692,-0.1620,3085.88,116.04,-11.21,93.93,59767.4,0,1.00,1.50,5
50073,0.001,0.144,-0.002,-0.732,-118.286,0.061,0.000,-0.000,0.000,-0.6592,0.7076,0.1829,-0.1767,3088.06,115.68,-11.21,93.92,59742.2,0,1.00,1.50,5
50093,0.003,0.144,-0.004,-0.610,-118.103,0.122,0.000,-0.000,0.000,-0.6552,0.7039,0.1965,-0.1912,3090.24,115.34,-11.21,93.91,59723.8,0,1.00,1.50,5
50113,0.002,0.141,-0.005,-0.610,-117.981,0.122,0.000,-0.000,0.000,-0.6510,0.6999,0.2099,-0.2057,3092.40,114.98,-11.18,93.89,59712.0,0,1.00,1.50,5
50133,0.001,0.138,-0.003,-0.549,-117.676,0.183,0.000,-0.000,0.000,-0.6465,0.6956,0.2233,-0.2200,3094.55,114.62,-11.16,93.86,59695.2,0,1.00,1.50,5
50153,-0.000,0.141,-0.004,-0.610,-117.310,0.244,0.000,-0.000,0.000,-0.6417,0.6910,0.2365,-0.2342,3096.75,114.31,-11.18,93.82,59670.2,0,1.00,1.50,5
50173,0.001,0.137,-0.001,-0.610,-117.249,0.305,0.000,-0.000,0.000,-0.6367,0.6861,0.2495,-0.2483,3098.89,113.96,-11.14,93.78,59661.6,0,1.00,1.50,5
50194,0.001,0.139,-0.004,-0.610,-116.943,0.305,0.000,-0.000,0.000,-0.6314,0.6809,0.2625,-0.2622,3101.02,113.59,-11.17,93.74,59649.1,0,1.00,1.50,5
50213,0.001,0.139,-0.003,-0.732,-116.760,0.244,0.000,-0.000,0.000,-0.6258,0.6755,0.2753,-0.2761,3103.18,113.27,-11.16,93.69,59625.0,0,1.00,1.50,5
50233,0.001,0.136,-0.005,-0.610,-116.516,0.427,0.000,-0.000,0.000,-0.6200,0.6698,0.2880,-0.2898,3105.28,112.89,-11.14,93.63,59621.0,0,1.00,1.50,5
50253,0.002,0.134,-0.000,-0.488,-116.150,0.366,0.000,-0.000,0.000,-0.6140,0.6639,0.3005,-0.3033,3107.32,112.47,-11.12,93.56,59614.9,0,1.00,1.50,5
50273,-0.001,0.137,-0.000,-0.549,-115.967,0.366,0.000,-0.000,0.000,-0.6077,0.6577,0.3128,-0.3167,3109.41,112.10,-11.15,93.48,59590.4,0,1.00,1.50,5
50293,0.000,0.135,-0.004,-0.549,-115.723,0.427,0.000,-0.000,0.000,-0.6012,0.6512,0.3250,-0.3299,3111.52,111.76,-11.13,93.41,59567.5,0,1.00,1.50,5
50313,0.001,0.134,-0.004,-0.549,-115.417,0.427,0.000,-0.000,0.000,-0.5945,0.6445,0.3371,-0.3430,3113.58,111.37,-11.12,93.32,59562.2,0,1.00,1.50,5
50333,0.003,0.134,-0.004,-0.549,-115.234,0.427,0.000,-0.000,0.000,-0.5875,0.6375,0.3490,-0.3559,3115.60,110.97,-11.12,93.23,59551.2,0,1.00,1.50,5
50353,0.002,0.135,-0.001,-0.427,-115.051,0.549,0.000,-0.000,0.000,-0.5803,0.6303,0.3607,-0.3686,3117.62,110.56,-11.12,93.14,59537.0,0,1.00,1.50,5
50376,-0.002,0.135,-0.002,-0.488,-114.807,0.610,0.000,-0.000,0.000,-0.5729,0.6228,0.3722,-0.3812,3119.71,110.22,-11.13,93.03,59507.7,0,1.00,1.50,5
50394,0.000,0.133,-0.004,-0.366,-114.502,0.488,0.000,-0.000,0.000,-0.5653,0.6151,0.3835,-0.3936,3121.79,109.89,-11.10,92.92,59490.2,0,1.00,1.50,5
50413,0.000,0.129,-0.006,-0.427,-114.319,0.488,0.000,-0.000,0.000,-0.5575,0.6072,0.3947,-0.4058,3123.81,109.51,-11.06,92.81,59486.6,0,1.00,1.50,5
50433,0.001,0.133,-0.004,-0.488,-114.136,0.610,0.000,-0.000,0.000,-0.5494,0.5991,0.4057,-0.4179,3125.81,109.10,-11.10,92.70,59476.6,0,1.00,1.50,5
50453,-0.000,0.130,-0.004,-0.305,-113.892,0.671,0.000,-0.000,0.000,-0.5412,0.5907,0.4165,-0.4298,3127.91,108.80,-11.08,92.57,59438.7,0,1.00,1.50,5
50473,0.001,0.131,-0.002,-0.366,-113.586,0.671,0.000,-0.000,0.000,-0.5327,0.5821,0.4271,-0.4414,3129.96,108.47,-11.09,92.45,59432.2,0,1.00,1.50,5
50493,-0.000,0.130,-0.003,-0.244,-113.342,0.732,0.000,-0.000,0.000,-0.5241,0.5734,0.4375,-0.4529,3132.01,108.14,-11.08,92.31,59415.5,0,1.00,1.50,5
50513,0.000,0.131,-0.002,-0.305,-113.220,0.610,0.000,-0.000,0.000,-0.5153,0.5643,0.4478,-0.4642,3134.05,107.81,-11.09,92.18,59401.4,0,1.00,1.50,5
50533,-0.000,0.131,-0.003,-0.244,-112.854,0.732,0.000,-0.000,0.000,-0.5063,0.5551,0.4578,-0.4753,3136.05,107.44,-11.09,92.04,59393.9,0,1.00,1.50,5
50553,0.002,0.128,-0.004,-0.122,-112.671,0.793,0.000,-0.000,0.000,-0.4971,0.5457,0.4676,-0.4862,3138.02,107.06,-11.06,91.89,59382.2,0,1.00,1.50,5
50573,0.001,0.128,-0.006,-0.183,-112.427,0.732,0.000,-0.000,0.000,-0.4878,0.5362,0.4772,-0.4968,3140.01,106.69,-11.06,91.74,59365.1,0,1.00,1.50,5
50593,-0.000,0.130,-0.005,-0.122,-112.244,0.732,0.000,-0.000,0.000,-0.4783,0.5264,0.4866,-0.5073,3141.93,106.28,-11.08,91.59,59361.0,0,1.00,1.50,5
50613,-0.000,0.125,-0.001,-0.244,-112.000,0.732,0.000,-0.000,0.000,-0.4686,0.5164,0.4958,-0.5175,3143.88,105.90,-11.03,91.44,59339.8,0,1.00,1.50,5
50633,-0.001,0.124,-0.005,-0.244,-111.694,0.793,0.000,-0.000,0.000,-0.4588,0.5063,0.5048,-0.5276,3145.82,105.51,-11.01,91.28,59326.2,0,1.00,1.50,5
50653,-0.000,0.129,-0.005,-0.122,-111.450,0.732,0.000,-0.000,0.000,-0.4488,0.4960,0.5136,-0.5374,3147.76,105.13,-11.07,91.12,59311.5,0,1.00,1.50,5
50673,-0.000,0.129,-0.004,-0.122,-111.328,0.671,0.000,-0.000,0.000,-0.4387,0.4855,0.5222,-0.5469,3149.71,104.77,-11.07,90.96,59293.6,0,1.00,1.50,5
50693,-0.000,0.123,-0.003,-0.061,-111.084,0.854,0.000,-0.000,0.000,-0.4284,0.4749,0.5305,-0.5563,3151.62,104.39,-11.00,90.80,59283.8,0,1.00,1.50,5
50713,-0.001,0.123,-0.003,-0.000,-110.840,0.671,0.000,-0.000,0.000,-0.4180,0.4640,0.5387,-0.5655,3153.61,104.08,-11.00,90.63,59254.4,0,1.00,1.50,5
50733,0.001,0.125,-0.003,-0.061,-110.596,0.916,0.000,-0.000,0.000,-0.4075,0.4531,0.5466,-0.5744,3155.52,103.70,-11.03,90.46,59254.2,0,1.00,1.50,5
50753,-0.000,0.125,-0.004,0.061,-110.352,0.793,0.000,-0.000,0.000,-0.3968,0.4420,0.5542,-0.5831,3157.42,103.32,-11.03,90.29,59240.8,0,1.00,1.50,5
50773,0.001,0.124,-0.005,0.061,-110.046,0.793,0.000,-0.000,0.000,-0.3860,0.4308,0.5617,-0.5915,3159.27,102.89,-11.02,90.12,59237.3,0,1.00,1.50,5
50793,-0.000,0.120,-0.004,0.061,-109.985,0.793,0.000,-0.000,0.000,-0.3751,0.4194,0.5689,-0.5997,3161.15,102.51,-10.98,89.95,59213.6,0,1.00,1.50,5
50813,-0.001,0.125,-0.005,0.244,-109.680,0.793,0.000,-0.000,0.000,-0.3641,0.4079,0.5759,-0.6077,3163.10,102.20,-11.02,89.78,59185.1,0,1.00,1.50,5
50833,-0.002,0.118,-0.003,0.122,-109.375,0.793,0.000,-0.000,0.000,-0.3530,0.3963,0.5827,-0.6155,3164.93,101.79,-10.96,89.61,59194.2,0,1.00,1.50,5
50853,-0.000,0.124,-0.001,0.122,-109.253,0.793,0.000,-0.000,0.000,-0.3418,0.3845,0.5893,-0.6230,3166.83,101.44,-11.02,89.43,59165.9,0,1.00,1.50,5
50873,-0.002,0.123,-0.000,0.183,-109.009,0.732,0.000,-0.000,0.000,-0.3304,0.3726,0.5956,-0.6303,3168.72,101.10,-11.01,89.26,59150.6,0,1.00,1.50,5
50893,-0.001,0.117,-0.005,0.183,-108.704,0.793,0.000,-0.000,0.000,-0.3190,0.3606,0.6017,-0.6373,3170.58,100.73,-10.95,89.09,59143.2,0,1.00,1.50,5
50913,0.001,0.116,-0.006,0.244,-108.398,0.793,0.000,-0.000,0.000,-0.3075,0.3486,0.6075,-0.6441,3172.52,100.44,-10.94,88.92,59112.6,0,1.00,1.50,5
50933,-0.001,0.119,-0.003,0.244,-108.276,0.732,0.000,-0.000,0.000,-0.2959,0.3364,0.6131,-0.6506,3174.37,100.08,-10.97,88.75,59113.3,0,1.00,1.50,5
50953,-0.001,0.120,-0.001,0.366,-107.971,0.793,0.000,-0.000,0.000,-0.2843,0.3241,0.6185,-0.6570,3176.25,99.75,-10.98,88.58,59094.1,0,1.00,1.50,5
50973,-0.000,0.116,-0.001,0.305,-107.727,0.793,0.000,-0.000,0.000,-0.2725,0.3117,0.6237,-0.6630,3178.08,99.37,-10.94,88.41,59090.4,0,1.00,1.50,5
50995,-0.001,0.114,-0.002,0.244,-107.605,0.793,0.000,-0.000,0.000,-0.2607,0.2993,0.6286,-0.6688,3179.94,99.04,-10.92,88.25,59067.2,0,1.00,1.50,5
51013,-0.001,0.115,-0.004,0.366,-107.300,0.793,0.000,-0.000,0.000,-0.2488,0.2868,0.6333,-0.6744,3181.80,98.70,-10.93,88.08,59054.2,0,1.00,1.50,5
51033,-0.001,0.116,-0.002,0.427,-106.934,0.732,0.000,-0.000,0.000,-0.2369,0.2742,0.6377,-0.6797,3183.64,98.37,-10.94,87.92,59041.4,0,1.00,1.50,5
51053,0.001,0.117,-0.001,0.488,-106.812,0.732,0.000,-0.000,0.000,-0.2249,0.2615,0.6419,-0.6848,3185.49,98.04,-10.95,87.76,59026.9,0,1.00,1.50,5
51073,-0.001,0.111,-0.004,0.549,-106.689,0.732,0.000,-0.000,0.000,-0.2129,0.2487,0.6459,-0.6897,3187.35,97.74,-10.89,87.60,59007.4,0,1.00,1.50,5
51093,0.000,0.112,-0.002,0.671,-106.262,0.671,0.000,-0.000,0.000,-0.2008,0.2359,0.6496,-0.6943,3189.22,97.44,-10.90,87.44,58992.5,0,1.00,1.50,5
51113,-0.003,0.119,-0.000,0.427,-106.079,0.732,0.000,-0.000,0.000,-0.1887,0.2231,0.6531,-0.6986,3191.05,97.11,-10.96,87.29,58986.9,0,1.00,1.50,5
51133,-0.000,0.113,-0.001,0.549,-105.957,0.549,0.000,-0.000,0.000,-0.1766,0.2101,0.6564,-0.7027,3192.88,96.79,-10.91,87.14,58971.4,0,1.00,1.50,5
51153,0.001,0.112,-0.001,0.671,-105.652,0.671,0.000,-0.000,0.000,-0.1644,0.1972,0.6594,-0.7066,3194.72,96.48,-10.91,86.99,58954.4,0,1.00,1.50,5
51173,-0.000,0.106,-0.003,0.488,-105.530,0.610,0.000,-0.000,0.000,-0.1522,0.1842,0.6623,-0.7102,3196.56,96.18,-10.84,86.85,58940.3,0,1.00,1.50,5
51193,0.001,0.109,-0.002,0.549,-105.286,0.610,0.000,-0.000,0.000,-0.1399,0.1711,0.6648,-0.7135,3198.36,95.85,-10.87,86.71,58933.3,0,1.00,1.50,5
51213,-0.000,0.111,-0.003,0.671,-104.980,0.732,0.000,-0.000,0.000,-0.1277,0.1581,0.6672,-0.7167,3200.17,95.54,-10.89,86.57,58917.3,0,1.00,1.50,5
51233,-0.001,0.108,-0.002,0.610,-104.736,0.549,0.000,-0.000,0.000,-0.1154,0.1450,0.6693,-0.7195,3201.98,95.23,-10.86,86.44,58903.0,0,1.00,1.50,5
51253,-0.001,0.107,-0.001,0.793,-104.553,0.549,0.000,-0.000,0.000,-0.1031,0.1318,0.6712,-0.7222,3203.70,94.85,-10.86,86.31,58905.4,0,1.00,1.50,5
51273,-0.000,0.108,0.000,0.854,-104.248,0.488,0.000,-0.000,0.000,-0.0909,0.1187,0.6728,-0.7246,3205.55,94.58,-10.87,86.19,58868.3,0,1.00,1.50,5
51293,-0.000,0.109,0.000,0.854,-104.065,0.488,0.000,-0.000,0.000,-0.0786,0.1055,0.6742,-0.7267,3207.34,94.27,-10.88,86.07,58864.0,0,1.00,1.50,5
51313,-0.002,0.108,-0.001,0.793,-103.882,0.488,0.000,-0.000,0.000,-0.0663,0.0924,0.6754,-0.7286,3209.11,93.95,-10.87,85.95,58853.6,0,1.00,1.50,5
51333,-0.001,0.106,-0.001,0.854,-103.638,0.427,0.000,-0.000,0.000,-0.0541,0.0792,0.6764,-0.7303,3210.88,93.63,-10.85,85.84,58840.2,0,1.00,1.50,5
51353,-0.002,0.107,-0.000,0.854,-103.333,0.366,0.000,-0.000,0.000,-0.0418,0.0660,0.6771,-0.7317,3212.64,93.32,-10.86,85.74,58827.2,0,1.00,1.50,5
51373,-0.000,0.105,-0.000,0.793,-103.210,0.366,0.000,-0.000,0.000,-0.0296,0.0529,0.6776,-0.7329,3214.41,93.01,-10.83,85.64,58812.2,0,1.00,1.50,5
51393,-0.001,0.105,-0.002,0.793,-102.905,0.305,0.000,-0.000,0.000,-0.0174,0.0397,0.6779,-0.7338,3216.18,92.71,-10.84,85.54,58798.1,0,1.00,1.50,5
51413,-0.000,0.103,-0.001,0.916,-102.661,0.366,0.000,-0.000,0.000,-0.0052,0.0266,0.6780,-0.7346,3217.91,92.38,-10.81,85.46,58791.8,0,1.00,1.50,5
51433,-0.001,0.104,0.000,0.977,-102.417,0.305,0.000,-0.000,0.000,0.0069,0.0135,0.6778,-0.7351,3219.65,92.07,-10.83,85.37,58775.5,0,1.00,1.50,5
51453,-0.001,0.103,-0.001,0.977,-102.173,0.305,0.000,-0.000,0.000,0.0190,0.0004,0.6775,-0.7353,3221.42,91.79,-10.81,85.29,58757.3,0,1.00,1.50,5
51473,-0.002,0.103,-0.002,0.916,-102.112,0.244,0.000,-0.000,0.000,0.0311,-0.0127,0.6769,-0.7353,3223.18,91.51,-10.81,85.22,58743.5,0,1.00,1.50,5
51493,0.001,0.100,0.000,0.916,-101.746,0.183,0.000,-0.000,0.000,0.0432,-0.0258,0.6761,-0.7351,3224.99,91.27,-10.78,85.15,58722.1,0,1.00,1.50,5
51513,-0.001,0.099,-0.000,0.977,-101.562,0.183,0.000,-0.000,0.000,0.0552,-0.0388,0.6751,-0.7347,3226.73,90.98,-10.77,85.09,58719.8,0,1.00,1.50,5
51533,0.001,0.102,0.000,0.854,-101.379,0.183,0.000,-0.000,0.000,0.0671,-0.0518,0.6739,-0.7340,3228.48,90.70,-10.80,85.04,58705.1,0,1.00,1.50,5
51553,-0.000,0.103,-0.000,0.977,-101.074,0.122,0.000,-0.000,0.000,0.0790,-0.0647,0.6724,-0.7331,3230.28,90.47,-10.81,84.99,58681.4,0,1.00,1.50,5
51573,0.000,0.101,-0.000,0.916,-100.952,0.183,0.000,-0.000,0.000,0.0909,-0.0776,0.6708,-0.7319,3232.02,90.19,-10.79,84.95,58679.8,0,1.00,1.50,5
51593,0.001,0.103,-0.001,0.977,-100.708,0.061,0.000,-0.000,0.000,0.1027,-0.0904,0.6690,-0.7306,3233.73,89.89,-10.81,84.92,58670.9,0,1.00,1.50,5
51616,-0.001,0.098,0.000,1.038,-100.403,0.000,0.000,-0.000,0.000,0.1144,-0.1032,0.6669,-0.7290,3235.44,89.60,-10.77,84.89,58657.8,0,1.00,1.50,5
51633,0.000,0.101,-0.002,0.977,-100.098,0.000,0.000,-0.000,0.000,0.1260,-0.1159,0.6647,-0.7272,3237.14,89.30,-10.79,84.86,58646.4,0,1.00,1.50,5
51653,0.001,0.096,-0.000,1.038,-99.976,-0.061,0.000,-0.000,0.000,0.1376,-0.1286,0.6622,-0.7252,3238.87,89.03,-10.74,84.85,58628.0,0,1.00,1.50,5
51673,-0.000,0.100,0.001,1.038,-99.731,-0.061,0.000,-0.000,0.000,0.1491,-0.1412,0.6596,-0.7230,3240.55,88.73,-10.78,84.83,58623.4,0,1.00,1.50,5
51693,0.001,0.099,-0.000,1.038,-99.426,-0.122,0.000,-0.000,0.000,0.1606,-0.1537,0.6567,-0.7206,3242.27,88.46,-10.77,84.83,58602.2,0,1.00,1.50,5
51713,0.003,0.099,0.000,1.038,-99.304,-0.122,0.000,-0.000,0.000,0.1719,-0.1662,0.6537,-0.7180,3244.00,88.22,-10.77,84.83,58586.4,0,1.00,1.50,5
51733,0.001,0.100,-0.003,1.038,-98.999,-0.122,0.000,-0.000,0.000,0.1832,-0.1786,0.6505,-0.7151,3245.75,87.98,-10.79,84.84,58571.0,0,1.00,1.50,5
51753,0.000,0.095,-0.003,0.916,-98.816,-0.122,0.000,-0.000,0.000,0.1944,-0.1909,0.6471,-0.7121,3247.44,87.71,-10.73,84.86,58566.6,0,1.00,1.50,5
51773,-0.001,0.096,-0.001,0.977,-98.633,-0.183,0.000,-0.000,0.000,0.2055,-0.2031,0.6435,-0.7088,3249.14,87.44,-10.75,84.88,58553.3,0,1.00,1.50,5
51793,0.000,0.098,-0.003,0.916,-98.389,-0.244,0.000,-0.000,0.000,0.2166,-0.2153,0.6397,-0.7053,3250.85,87.20,-10.76,84.91,58536.6,0,1.00,1.50,5
51813,-0.000,0.093,-0.001,1.099,-98.206,-0.366,0.000,-0.000,0.000,0.2275,-0.2273,0.6358,-0.7017,3252.54,86.93,-10.72,84.94,58529.9,0,1.00,1.50,5
51833,0.001,0.093,-0.000,1.038,-97.900,-0.305,0.000,-0.000,0.000,0.2383,-0.2393,0.6316,-0.6979,3254.26,86.70,-10.72,84.97,58508.2,0,1.00,1.50,5
51853,-0.000,0.094,-0.002,0.916,-97.595,-0.366,0.000,-0.000,0.000,0.2490,-0.2512,0.6273,-0.6938,3255.98,86.47,-10.72,85.02,58496.3,0,1.00,1.50,5
51873,0.002,0.094,-0.000,1.038,-97.534,-0.305,0.000,-0.000,0.000,0.2597,-0.2629,0.6228,-0.6896,3257.71,86.26,-10.73,85.07,58480.5,0,1.00,1.50,5
51893,-0.000,0.089,0.001,0.916,-97.290,-0.366,0.000,-0.000,0.000,0.2702,-0.2746,0.6182,-0.6851,3259.35,85.98,-10.68,85.13,58484.0,0,1.00,1.50,5
51913,0.001,0.093,-0.002,0.977,-96.924,-0.427,0.000,-0.000,0.000,0.2806,-0.2862,0.6134,-0.6805,3261.04,85.73,-10.71,85.19,58462.6,0,1.00,1.50,5
51933,0.001,0.090,-0.001,0.916,-96.741,-0.488,0.000,-0.000,0.000,0.2909,-0.2976,0.6084,-0.6757,3262.70,85.47,-10.69,85.26,58454.7,0,1.00,1.50,5
51953,0.001,0.096,0.000,0.916,-96.497,-0.488,0.000,-0.000,0.000,0.3011,-0.3090,0.6032,-0.6708,3264.34,85.19,-10.74,85.34,58445.9,0,1.00,1.50,5
51973,0.000,0.093,-0.001,0.854,-96.252,-0.488,0.000,-0.000,0.000,0.3112,-0.3202,0.5979,-0.6656,3265.99,84.93,-10.72,85.42,58431.7,0,1.00,1.50,5
51993,0.001,0.093,-0.001,0.916,-96.069,-0.610,0.000,-0.000,0.000,0.3212,-0.3314,0.5925,-0.6603,3267.74,84.77,-10.72,85.51,58397.8,0,1.00,1.50,5
52013,0.001,0.093,0.001,0.854,-95.886,-0.671,0.000,-0.000,0.000,0.3310,-0.3424,0.5869,-0.6548,3269.47,84.58,-10.71,85.60,58389.9,0,1.00,1.50,5
52033,0.001,0.096,0.000,0.916,-95.581,-0.610,0.000,-0.000,0.000,0.3407,-0.3533,0.5811,-0.6491,3271.10,84.31,-10.74,85.70,58396.0,0,1.00,1.50,5
52053,0.001,0.090,-0.002,0.732,-95.459,-0.732,0.000,-0.000,0.000,0.3503,-0.3641,0.5752,-0.6433,3272.70,84.03,-10.68,85.81,58387.2,0,1.00,1.50,5
52073,0.001,0.090,0.000,0.854,-95.215,-0.732,0.000,-0.000,0.000,0.3598,-0.3748,0.5691,-0.6373,3274.37,83.80,-10.69,85.91,58364.2,0,1.00,1.50,5
52093,0.002,0.092,0.001,0.549,-94.971,-0.732,0.000,-0.000,0.000,0.3692,-0.3853,0.5630,-0.6311,3276.00,83.55,-10.70,86.03,58355.8,0,1.00,1.50,5
52113,0.001,0.087,-0.001,0.793,-94.727,-0.732,0.000,-0.000,0.000,0.3784,-0.3958,0.5566,-0.6248,3277.61,83.28,-10.65,86.15,58349.9,0,1.00,1.50,5
52133,-0.000,0.086,-0.002,0.793,-94.482,-0.732,0.000,-0.000,0.000,0.3875,-0.4060,0.5501,-0.6183,3279.25,83.05,-10.65,86.27,58329.6,0,1.00,1.50,5
52153,0.000,0.093,-0.001,0.732,-94.238,-0.732,0.000,-0.000,0.000,0.3965,-0.4162,0.5435,-0.6117,3280.89,82.82,-10.71,86.40,58317.0,0,1.00,1.50,5
52173,0.000,0.086,-0.001,0.610,-94.116,-0.793,0.000,-0.000,0.000,0.4053,-0.4262,0.5368,-0.6049,3282.55,82.60,-10.65,86.54,58302.2,0,1.00,1.50,5
52193,0.001,0.087,-0.001,0.549,-93.750,-0.854,0.000,-0.000,0.000,0.4140,-0.4361,0.5300,-0.5980,3284.25,82.44,-10.66,86.68,58280.0,0,1.00,1.50,5
52213,0.001,0.085,-0.001,0.732,-93.689,-0.916,0.000,-0.000,0.000,0.4226,-0.4459,0.5229,-0.5909,3285.85,82.18,-10.64,86.82,58287.4,0,1.00,1.50,5
52236,0.001,0.090,0.000,0.610,-93.384,-0.854,0.000,-0.000,0.000,0.4310,-0.4555,0.5158,-0.5837,3287.45,81.93,-10.69,86.97,58274.9,0,1.00,1.50,5
52253,0.002,0.086,-0.000,0.610,-93.140,-0.854,0.000,-0.000,0.000,0.4393,-0.4649,0.5086,-0.5764,3289.05,81.68,-10.65,87.11,58261.8,0,1.00,1.50,5
52273,0.001,0.088,0.000,0.610,-92.896,-0.977,0.000,-0.000,0.000,0.4474,-0.4743,0.5012,-0.5689,3290.70,81.49,-10.66,87.27,58240.3,0,1.00,1.50,5
52293,0.003,0.083,-0.000,0.549,-92.712,-1.038,0.000,-0.000,0.000,0.4554,-0.4835,0.4938,-0.5613,3292.27,81.23,-10.61,87.43,58241.3,0,1.00,1.50,5
52313,0.003,0.081,0.001,0.488,-92.468,-1.038,0.000,-0.000,0.000,0.4633,-0.4925,0.4862,-0.5536,3293.85,80.97,-10.59,87.59,58230.6,0,1.00,1.50,5
52333,0.000,0.085,-0.000,0.488,-92.285,-0.916,0.000,-0.000,0.000,0.4710,-0.5014,0.4785,-0.5457,3295.44,80.73,-10.64,87.75,58214.2,0,1.00,1.50,5
52353,0.002,0.082,-0.002,0.305,-92.102,-0.977,0.000,-0.000,0.000,0.4786,-0.5102,0.4708,-0.5377,3297.01,80.48,-10.60,87.92,58205.1,0,1.00,1.50,5
52373,0.001,0.086,0.000,0.366,-91.797,-1.038,0.000,-0.000,0.000,0.4860,-0.5188,0.4629,-0.5296,3298.57,80.23,-10.65,88.09,58195.4,0,1.00,1.50,5
52393,0.002,0.084,-0.001,0.244,-91.553,-0.977,0.000,-0.000,0.000,0.4933,-0.5272,0.4549,-0.5213,3300.23,80.06,-10.63,88.27,58165.6,0,1.00,1.50,5
52413,-0.000,0.079,-0.001,0.366,-91.370,-1.160,0.000,-0.000,0.000,0.5004,-0.5355,0.4468,-0.5130,3301.82,79.84,-10.58,88.45,58165.1,0,1.00,1.50,5
52433,0.002,0.082,-0.003,0.366,-91.248,-0.977,0.000,-0.000,0.000,0.5074,-0.5437,0.4387,-0.5045,3303.43,79.65,-10.60,88.63,58148.2,0,1.00,1.50,5
52453,0.001,0.081,0.000,0.305,-90.881,-1.038,0.000,-0.000,0.000,0.5142,-0.5517,0.4304,-0.4960,3305.07,79.48,-10.60,88.81,58131.2,0,1.00,1.50,5
52473,0.001,0.083,-0.001,0.183,-90.759,-1.099,0.000,-0.000,0.000,0.5209,-0.5595,0.4221,-0.4873,3306.62,79.24,-10.62,88.99,58135.0,0,1.00,1.50,5
52493,0.002,0.079,0.000,0.244,-90.515,-1.038,0.000,-0.000,0.000,0.5275,-0.5672,0.4136,-0.4785,3308.27,79.09,-10.58,89.18,58105.3,0,1.00,1.50,5
52513,-0.001,0.082,0.000,0.183,-90.210,-1.099,0.000,-0.000,0.000,0.5338,-0.5747,0.4051,-0.4697,3309.83,78.86,-10.60,89.36,58109.9,0,1.00,1.50,5
52533,0.002,0.079,-0.002,0.305,-90.027,-1.160,0.000,-0.000,0.000,0.5401,-0.5821,0.3965,-0.4607,3311.42,78.66,-10.57,89.55,58090.7,0,1.00,1.50,5
52553,0.000,0.076,-0.004,0.183,-89.844,-1.099,0.000,-0.000,0.000,0.5462,-0.5893,0.3879,-0.4517,3313.01,78.47,-10.55,89.74,58079.7,0,1.00,1.50,5
52573,0.002,0.083,-0.001,0.122,-89.600,-1.099,0.000,-0.000,0.000,0.5521,-0.5964,0.3791,-0.4425,3314.57,78.25,-10.61,89.93,58073.3,0,1.00,1.50,5
52594,0.002,0.083,0.000,-0.000,-89.355,-1.160,0.000,-0.000,0.000,0.5579,-0.6033,0.3703,-0.4333,3316.08,77.98,-10.61,90.12,58072.0,0,1.00,1.50,5
52613,0.002,0.080,-0.001,0.122,-89.233,-1.160,0.000,-0.000,0.000,0.5635,-0.6100,0.3614,-0.4240,3317.66,77.80,-10.59,90.31,58045.1,0,1.00,1.50,5
52633,-0.000,0.078,-0.001,-0.061,-88.867,-1.160,0.000,-0.000,0.000,0.5690,-0.6166,0.3525,-0.4146,3319.23,77.60,-10.56,90.51,58036.0,0,1.00,1.50,5
52653,0.001,0.078,-0.000,-0.061,-88.684,-1.160,0.000,-0.000,0.000,0.5743,-0.6230,0.3435,-0.4051,3320.89,77.49,-10.57,90.70,58006.1,0,1.00,1.50,5
52673,0.001,0.075,-0.003,-0.061,-88.501,-1.221,0.000,-0.000,0.000,0.5794,-0.6293,0.3344,-0.3956,3322.44,77.28,-10.54,90.90,58015.4,0,1.00,1.50,5
52693,0.001,0.077,0.000,-0.122,-88.257,-1.160,0.000,-0.000,0.000,0.5844,-0.6354,0.3253,-0.3859,3323.94,77.03,-10.56,91.09,58012.8,0,1.00,1.50,5
52713,0.003,0.074,-0.001,-0.122,-88.013,-1.221,0.000,-0.000,0.000,0.5892,-0.6413,0.3162,-0.3763,3325.45,76.79,-10.53,91.28,57998.7,0,1.00,1.50,5
52733,0.002,0.078,-0.002,-0.244,-87.769,-1.160,0.000,-0.000,0.000,0.5939,-0.6471,0.3070,-0.3665,3327.03,76.62,-10.56,91.48,57974.6,0,1.00,1.50,5
52753,0.003,0.076,0.001,-0.244,-87.646,-1.099,0.000,-0.000,0.000,0.5985,-0.6527,0.2977,-0.3567,3328.55,76.40,-10.54,91.67,57973.3,0,1.00,1.50,5
52773,-0.000,0.074,0.000,-0.244,-87.341,-1.099,0.000,-0.000,0.000,0.6028,-0.6581,0.2884,-0.3468,3330.02,76.14,-10.53,91.87,57971.2,0,1.00,1.50,5
52793,0.000,0.079,0.000,-0.244,-87.097,-1.221,0.000,-0.000,0.000,0.6071,-0.6634,0.2791,-0.3369,3331.57,75.96,-10.57,92.06,57944.6,0,1.00,1.50,5
52813,0.002,0.071,-0.001,-0.366,-86.975,-1.099,0.000,-0.000,0.000,0.6111,-0.6685,0.2697,-0.3269,3333.13,75.78,-10.50,92.25,57932.0,0,1.00,1.50,5
52833,0.002,0.071,-0.000,-0.488,-86.609,-1.099,0.000,-0.000,0.000,0.6150,-0.6735,0.2603,-0.3169,3334.69,75.62,-10.49,92.44,57918.4,0,1.00,1.50,5
52856,0.002,0.075,-0.002,-0.366,-86.487,-1.038,0.000,-0.000,0.000,0.6188,-0.6783,0.2509,-0.3068,3336.24,75.44,-10.53,92.63,57910.1,0,1.00,1.50,5
52873,0.000,0.073,0.001,-0.427,-86.243,-1.038,0.000,-0.000,0.000,0.6224,-0.6829,0.2414,-0.2966,3337.71,75.20,-10.52,92.82,57912.5,0,1.00,1.50,5
52893,0.000,0.074,-0.001,-0.488,-85.999,-1.160,0.000,-0.000,0.000,0.6259,-0.6874,0.2319,-0.2865,3339.24,75.01,-10.53,93.01,57890.7,0,1.00,1.50,5
52913,0.002,0.075,-0.000,-0.549,-85.815,-1.099,0.000,-0.000,0.000,0.6292,-0.6917,0.2224,-0.2762,3340.79,74.85,-10.54,93.19,57874.4,0,1.00,1.50,5
52933,0.002,0.068,-0.000,-0.427,-85.510,-1.038,0.000,-0.000,0.000,0.6323,-0.6958,0.2128,-0.2660,3342.28,74.64,-10.47,93.37,57873.1,0,1.00,1.50,5
52953,0.001,0.069,-0.000,-0.671,-85.388,-1.099,0.000,-0.000,0.000,0.6353,-0.6998,0.2032,-0.2557,3343.77,74.44,-10.48,93.56,57862.7,0,1.00,1.50,5
52973,0.002,0.073,0.001,-0.671,-85.327,-1.038,0.000,-0.000,0.000,0.6381,-0.7036,0.1936,-0.2453,3345.25,74.21,-10.51,93.74,57855.0,0,1.00,1.50,5
52993,0.002,0.072,-0.002,-0.610,-84.900,-1.038,0.000,-0.000,0.000,0.6408,-0.7073,0.1840,-0.2350,3346.73,74.00,-10.51,93.91,57841.3,0,1.00,1.50,5
53013,0.003,0.071,-0.002,-0.671,-84.717,-0.977,0.000,-0.000,0.000,0.6434,-0.7108,0.1744,-0.2246,3348.16,73.75,-10.50,94.09,57841.0,0,1.00,1.50,5
53033,0.002,0.072,-0.004,-0.793,-84.534,-1.038,0.000,-0.000,0.000,0.6457,-0.7141,0.1648,-0.2142,3349.68,73.58,-10.51,94.26,57811.4,0,1.00,1.50,5
53053,0.003,0.068,-0.003,-0.732,-84.290,-0.977,0.000,-0.000,0.000,0.6480,-0.7173,0.1552,-0.2038,3351.16,73.39,-10.47,94.43,57807.2,0,1.00,1.50,5
53073,0.002,0.069,0.000,-0.793,-84.106,-0.916,0.000,-0.000,0.000,0.6501,-0.7203,0.1455,-0.1933,3352.71,73.25,-10.48,94.59,57783.4,0,1.00,1.50,5
53093,0.001,0.068,-0.003,-0.793,-83.862,-0.977,0.000,-0.000,0.000,0.6520,-0.7232,0.1359,-0.1828,3354.20,73.07,-10.46,94.75,57783.8,0,1.00,1.50,5
53113,0.003,0.067,-0.000,-0.977,-83.618,-0.854,0.000,-0.000,0.000,0.6538,-0.7259,0.1262,-0.1724,3355.69,72.89,-10.45,94.92,57771.2,0,1.00,1.50,5
53133,0.002,0.067,0.000,-0.732,-83.374,-0.854,0.000,-0.000,0.000,0.6555,-0.7284,0.1166,-0.1619,3357.07,72.61,-10.46,95.07,57781.8,0,1.00,1.50,5
53153,0.002,0.065,-0.001,-1.038,-83.130,-0.854,0.000,-0.000,0.000,0.6569,-0.7308,0.1070,-0.1514,3358.56,72.44,-10.44,95.22,57750.7,0,1.00,1.50,5
53173,0.001,0.064,-0.005,-0.916,-82.947,-0.854,0.000,-0.000,0.000,0.6583,-0.7330,0.0974,-0.1409,3360.00,72.22,-10.43,95.37,57748.0,0,1.00,1.50,5
53193,0.001,0.069,-0.000,-1.038,-82.764,-0.916,0.000,-0.000,0.000,0.6595,-0.7351,0.0877,-0.1303,3361.48,72.05,-10.48,95.52,57728.3,0,1.00,1.50,5
53213,0.003,0.066,0.000,-1.038,-82.520,-0.793,0.000,-0.000,0.000,0.6605,-0.7370,0.0781,-0.1198,3362.96,71.88,-10.45,95.66,57717.8,0,1.00,1.50,5
53233,0.002,0.068,-0.005,-1.038,-82.275,-0.732,0.000,-0.000,0.000,0.6615,-0.7388,0.0685,-0.1093,3364.45,71.72,-10.46,95.80,57706.2,0,1.00,1.50,5
53253,0.001,0.066,0.000,-1.099,-82.031,-0.732,0.000,-0.000,0.000,0.6622,-0.7404,0.0590,-0.0988,3365.89,71.52,-10.45,95.93,57702.9,0,1.00,1.50,5
53273,0.002,0.068,-0.001,-1.099,-81.787,-0.732,0.000,-0.000,0.000,0.6629,-0.7419,0.0494,-0.0883,3367.32,71.30,-10.47,96.06,57695.2,0,1.00,1.50,5
53293,0.000,0.064,-0.002,-1.099,-81.665,-0.793,0.000,-0.000,0.000,0.6634,-0.7432,0.0398,-0.0778,3368.77,71.13,-10.43,96.19,57678.4,0,1.00,1.50,5
53313,0.001,0.063,-0.003,-1.160,-81.421,-0.610,0.000,-0.000,0.000,0.6637,-0.7443,0.0303,-0.0673,3370.23,70.95,-10.42,96.31,57666.7,0,1.00,1.50,5
53333,0.002,0.071,0.000,-1.099,-81.238,-0.549,0.000,-0.000,0.000,0.6639,-0.7453,0.0208,-0.0568,3371.66,70.75,-10.49,96.43,57661.3,0,1.00,1.50,5
53353,-0.000,0.066,0.000,-1.160,-81.116,-0.549,0.000,-0.000,0.000,0.6640,-0.7462,0.0114,-0.0463,3373.06,70.53,-10.45,96.54,57656.3,0,1.00,1.50,5
53373,0.001,0.063,-0.003,-1.282,-80.750,-0.549,0.000,-0.000,0.000,0.6640,-0.7469,0.0019,-0.0359,3374.45,70.31,-10.42,96.65,57647.0,0,1.00,1.50,5
53393,0.000,0.065,-0.002,-1.282,-80.505,-0.549,0.000,-0.000,0.000,0.6638,-0.7475,-0.0075,-0.0254,3375.90,70.14,-10.44,96.75,57625.3,0,1.00,1.50,5
53413,0.002,0.062,-0.001,-1.221,-80.383,-0.488,0.000,-0.000,0.000,0.6635,-0.7479,-0.0169,-0.0150,3377.27,69.90,-10.41,96.85,57629.4,0,1.00,1.50,5
53433,0.003,0.063,-0.005,-1.221,-80.200,-0.488,0.000,-0.000,0.000,0.6630,-0.7481,-0.0263,-0.0046,3378.67,69.70,-10.41,96.94,57613.3,0,1.00,1.50,5
53453,0.003,0.060,-0.001,-1.221,-79.834,-0.427,0.000,-0.000,0.000,0.6624,-0.7483,-0.0356,0.0058,3380.06,69.49,-10.39,97.02,57603.4,0,1.00,1.50,5
53476,0.001,0.062,-0.000,-1.160,-79.590,-0.366,0.000,-0.000,0.000,0.6617,-0.7482,-0.0448,0.0161,3381.44,69.28,-10.40,97.10,57595.5,0,1.00,1.50,5
53493,0.004,0.061,-0.004,-1.282,-79.468,-0.366,0.000,-0.000,0.000,0.6609,-0.7481,-0.0541,0.0264,3382.83,69.08,-10.39,97.18,57582.2,0,1.00,1.50,5
53513,0.002,0.061,-0.005,-1.282,-79.224,-0.366,0.000,-0.000,0.000,0.6599,-0.7477,-0.0633,0.0367,3384.23,68.89,-10.39,97.25,57570.4,0,1.00,1.50,5
53533,0.002,0.060,-0.003,-1.404,-78.979,-0.305,0.000,-0.000,0.000,0.6588,-0.7473,-0.0724,0.0470,3385.61,68.68,-10.39,97.32,57563.8,0,1.00,1.50,5
53553,0.002,0.058,-0.002,-1.404,-78.735,-0.122,0.000,-0.000,0.000,0.6576,-0.7467,-0.0815,0.0572,3387.01,68.50,-10.36,97.38,57549.3,0,1.00,1.50,5
53573,0.002,0.057,-0.002,-1.343,-78.491,-0.244,0.000,-0.000,0.000,0.6563,-0.7460,-0.0906,0.0674,3388.41,68.33,-10.36,97.44,57537.0,0,1.00,1.50,5
53593,0.003,0.061,-0.003,-1.343,-78.430,-0.061,0.000,-0.000,0.000,0.6548,-0.7452,-0.0996,0.0775,3389.83,68.17,-10.40,97.49,57523.8,0,1.00,1.50,5
53613,0.002,0.058,-0.003,-1.343,-78.247,-0.122,0.000,-0.000,0.000,0.6532,-0.7442,-0.1086,0.0877,3391.29,68.05,-10.36,97.54,57506.6,0,1.00,1.50,5
53633,0.004,0.061,-0.007,-1.465,-77.881,-0.061,0.000,-0.000,0.000,0.6515,-0.7431,-0.1175,0.0977,3392.72,67.91,-10.39,97.58,57500.6,0,1.00,1.50,5
53653,0.005,0.059,-0.004,-1.343,-77.759,-0.061,0.000,-0.000,0.000,0.6497,-0.7418,-0.1264,0.1078,3394.12,67.75,-10.37,97.61,57494.4,0,1.00,1.50,5
53673,0.000,0.057,-0.002,-1.343,-77.515,0.000,0.000,-0.000,0.000,0.6478,-0.7404,-0.1352,0.1178,3395.44,67.51,-10.36,97.64,57500.8,0,1.00,1.50,5
53693,0.002,0.058,-0.004,-1.404,-77.271,0.183,0.000,-0.000,0.000,0.6457,-0.7389,-0.1440,0.1277,3396.82,67.33,-10.37,97.67,57478.2,0,1.00,1.50,5
53713,0.001,0.058,-0.003,-1.404,-76.965,0.122,0.000,-0.000,0.000,0.6436,-0.7373,-0.1526,0.1376,3398.21,67.17,-10.36,97.68,57465.6,0,1.00,1.50,5
53733,0.001,0.058,-0.003,-1.404,-76.904,0.122,0.000,-0.000,0.000,0.6413,-0.7355,-0.1613,0.1475,3399.58,66.98,-10.37,97.70,57461.0,0,1.00,1.50,5
53753,0.002,0.056,-0.000,-1.587,-76.721,0.183,0.000,-0.000,0.000,0.6389,-0.7336,-0.1699,0.1573,3400.99,66.84,-10.35,97.71,57440.5,0,1.00,1.50,5
53773,0.001,0.058,-0.005,-1.465,-76.416,0.183,0.000,-0.000,0.000,0.6364,-0.7316,-0.1784,0.1670,3402.35,66.66,-10.36,97.71,57441.3,0,1.00,1.50,5
53793,0.002,0.058,-0.004,-1.404,-76.172,0.244,0.000,-0.000,0.000,0.6338,-0.7295,-0.1869,0.1767,3403.74,66.50,-10.37,97.71,57424.5,0,1.00,1.50,5
53813,0.001,0.054,-0.006,-1.343,-75.989,0.305,0.000,-0.000,0.000,0.6311,-0.7272,-0.1953,0.1864,3405.11,66.34,-10.32,97.70,57416.8,0,1.00,1.50,5
53833,0.002,0.057,-0.004,-1.343,-75.745,0.305,0.000,-0.000,0.000,0.6283,-0.7248,-0.2037,0.1959,3406.44,66.14,-10.35,97.68,57414.7,0,1.00,1.50,5
53853,0.002,0.057,-0.002,-1.404,-75.562,0.366,0.000,-0.000,0.000,0.6254,-0.7223,-0.2120,0.2055,3407.79,65.96,-10.36,97.66,57401.1,0,1.00,1.50,5
53873,0.002,0.055,-0.004,-1.404,-75.256,0.427,0.000,-0.000,0.000,0.6224,-0.7197,-0.2202,0.2149,3409.11,65.76,-10.34,97.64,57396.3,0,1.00,1.50,5
53893,0.002,0.056,-0.003,-1.404,-75.195,0.488,0.000,-0.000,0.000,0.6193,-0.7170,-0.2283,0.2244,3410.40,65.53,-10.34,97.61,57392.3,0,1.00,1.50,5
53913,0.002,0.054,-0.004,-1.404,-74.951,0.488,0.000,-0.000,0.000,0.6160,-0.7141,-0.2364,0.2337,3411.74,65.35,-10.33,97.57,57372.3,0,1.00,1.50,5
53933,0.003,0.055,-0.001,-1.404,-74.646,0.549,0.000,-0.000,0.000,0.6127,-0.7112,-0.2444,0.2430,3413.05,65.15,-10.34,97.53,57368.6,0,1.00,1.50,5
53953,0.001,0.050,-0.003,-1.526,-74.524,0.610,0.000,-0.000,0.000,0.6093,-0.7081,-0.2524,0.2522,3414.32,64.91,-10.29,97.48,57367.2,0,1.00,1.50,5
53973,-0.000,0.051,-0.006,-1.526,-74.341,0.549,0.000,-0.000,0.000,0.6058,-0.7050,-0.2603,0.2614,3415.70,64.78,-10.29,97.44,57333.4,0,1.00,1.50,5
53993,0.002,0.049,-0.004,-1.465,-74.036,0.610,0.000,-0.000,0.000,0.6022,-0.7017,-0.2681,0.2705,3417.06,64.64,-10.28,97.38,57328.3,0,1.00,1.50,5
54013,0.001,0.053,-0.003,-1.465,-73.730,0.732,0.000,-0.000,0.000,0.5985,-0.6983,-0.2758,0.2795,3418.32,64.41,-10.32,97.32,57336.8,0,1.00,1.50,5
54033,0.001,0.052,-0.003,-1.343,-73.608,0.732,0.000,-0.000,0.000,0.5947,-0.6948,-0.2834,0.2885,3419.57,64.16,-10.31,97.25,57330.6,0,1.00,1.50,5
54053,-0.001,0.050,-0.004,-1.282,-73.425,0.793,0.000,-0.000,0.000,0.5908,-0.6912,-0.2910,0.2974,3420.85,63.96,-10.29,97.18,57313.4,0,1.00,1.50,5
54073,0.001,0.053,-0.006,-1.282,-73.120,0.854,0.000,-0.000,0.000,0.5869,-0.6875,-0.2985,0.3062,3422.12,63.75,-10.32,97.10,57305.6,0,1.00,1.50,5
54096,0.001,0.050,-0.007,-1.404,-73.059,0.977,0.000,-0.000,0.000,0.5828,-0.6837,-0.3059,0.3150,3423.44,63.59,-10.28,97.02,57286.7,0,1.00,1.50,5
54113,0.001,0.050,-0.004,-1.282,-72.754,0.916,0.000,-0.000,0.000,0.5787,-0.6798,-0.3133,0.3236,3424.73,63.40,-10.29,96.93,57282.4,0,1.00,1.50,5
54133,0.000,0.049,-0.003,-1.282,-72.571,0.916,0.000,-0.000,0.000,0.5745,-0.6758,-0.3206,0.3323,3425.97,63.16,-10.28,96.84,57283.8,0,1.00,1.50,5
54153,-0.000,0.050,-0.004,-1.282,-72.327,1.038,0.000,-0.000,0.000,0.5702,-0.6718,-0.3278,0.3408,3427.26,62.99,-10.29,96.74,57262.2,0,1.00,1.50,5
54173,0.001,0.047,-0.005,-1.221,-72.144,1.038,0.000,-0.000,0.000,0.5659,-0.6676,-0.3349,0.3493,3428.51,62.77,-10.26,96.64,57260.6,0,1.00,1.50,5
54193,0.000,0.052,-0.004,-1.282,-71.899,1.160,0.000,-0.000,0.000,0.5614,-0.6633,-0.3419,0.3576,3429.78,62.58,-10.31,96.53,57247.0,0,1.00,1.50,5
54213,-0.001,0.052,-0.007,-1.160,-71.777,1.099,0.000,-0.000,0.000,0.5569,-0.6589,-0.3489,0.3660,3431.09,62.43,-10.30,96.42,57230.1,0,1.00,1.50,5
54233,0.001,0.049,-0.005,-1.099,-71.411,1.160,0.000,-0.000,0.000,0.5523,-0.6545,-0.3557,0.3742,3432.33,62.22,-10.28,96.30,57234.2,0,1.00,1.50,5
54253,-0.000,0.048,-0.005,-1.160,-71.289,1.160,0.000,-0.000,0.000,0.5477,-0.6499,-0.3625,0.3824,3433.64,62.08,-10.27,96.18,57210.6,0,1.00,1.50,5
54273,-0.000,0.048,-0.005,-1.160,-71.106,1.160,0.000,-0.000,0.000,0.5429,-0.6453,-0.3692,0.3904,3434.92,61.91,-10.27,96.06,57205.6,0,1.00,1.50,5
54293,-0.000,0.047,-0.004,-1.160,-70.923,1.221,0.000,-0.000,0.000,0.5381,-0.6406,-0.3759,0.3984,3436.17,61.72,-10.26,95.93,57201.9,0,1.00,1.50,5
54313,-0.001,0.048,-0.006,-1.038,-70.618,1.282,0.000,-0.000,0.000,0.5333,-0.6358,-0.3824,0.4064,3437.45,61.56,-10.26,95.80,57188.3,0,1.00,1.50,5
54333,-0.000,0.046,-0.004,-1.038,-70.374,1.404,0.000,-0.000,0.000,0.5283,-0.6309,-0.3889,0.4142,3438.72,61.39,-10.25,95.66,57179.4,0,1.00,1.50,5
54353,-0.001,0.044,-0.004,-0.977,-70.190,1.404,0.000,-0.000,0.000,0.5233,-0.6260,-0.3952,0.4220,3439.96,61.20,-10.23,95.51,57174.9,0,1.00,1.50,5
54373,-0.000,0.051,-0.006,-1.038,-70.007,1.404,0.000,-0.000,0.000,0.5183,-0.6209,-0.4015,0.4297,3441.18,60.99,-10.29,95.37,57170.7,0,1.00,1.50,5
54393,0.000,0.045,-0.004,-0.977,-69.763,1.343,0.000,-0.000,0.000,0.5132,-0.6158,-0.4077,0.4372,3442.44,60.82,-10.24,95.22,57152.8,0,1.00,1.50,5
54413,-0.001,0.045,-0.005,-0.916,-69.519,1.465,0.000,-0.000,0.000,0.5080,-0.6106,-0.4139,0.4447,3443.63,60.59,-10.24,95.07,57157.4,0,1.00,1.50,5
54433,-0.000,0.045,-0.002,-0.854,-69.336,1.587,0.000,-0.000,0.000,0.5027,-0.6054,-0.4199,0.4522,3444.85,60.40,-10.24,94.91,57141.1,0,1.00,1.50,5
54453,-0.001,0.042,-0.002,-0.793,-69.153,1.526,0.000,-0.000,0.000,0.4974,-0.6000,-0.4258,0.4595,3446.03,60.17,-10.22,94.75,57140.2,0,1.00,1.50,5
54473,-0.003,0.046,-0.006,-0.793,-68.909,1.465,0.000,-0.000,0.000,0.4921,-0.5946,-0.4317,0.4668,3447.26,60.00,-10.25,94.58,57120.5,0,1.00,1.50,5
54493,-0.000,0.045,-0.001,-0.854,-68.726,1.587,0.000,-0.000,0.000,0.4867,-0.5891,-0.4375,0.4740,3448.49,59.82,-10.24,94.41,57113.1,0,1.00,1.50,5
54513,0.001,0.049,-0.003,-0.854,-68.604,1.587,0.000,-0.000,0.000,0.4812,-0.5836,-0.4432,0.4811,3449.73,59.66,-10.28,94.24,57099.8,0,1.00,1.50,5
54533,0.000,0.045,-0.003,-0.732,-68.298,1.648,0.000,-0.000,0.000,0.4757,-0.5780,-0.4488,0.4881,3450.99,59.52,-10.24,94.07,57087.5,0,1.00,1.50,5
54553,-0.000,0.046,-0.006,-0.732,-67.932,1.648,0.000,-0.000,0.000,0.4702,-0.5723,-0.4543,0.4950,3452.18,59.31,-10.25,93.89,57091.7,0,1.00,1.50,5
54573,-0.002,0.040,-0.003,-0.610,-67.871,1.709,0.000,-0.000,0.000,0.4645,-0.5666,-0.4597,0.5018,3453.33,59.08,-10.19,93.71,57089.8,0,1.00,1.50,5
54593,-0.002,0.047,-0.003,-0.671,-67.688,1.770,0.000,-0.000,0.000,0.4589,-0.5608,-0.4651,0.5086,3454.55,58.91,-10.26,93.53,57067.2,0,1.00,1.50,5
54613,-0.001,0.045,-0.006,-0.610,-67.505,1.648,0.000,-0.000,0.000,0.4532,-0.5549,-0.4703,0.5152,3455.72,58.70,-10.24,93.34,57067.8,0,1.00,1.50,5
54633,-0.002,0.042,-0.003,-0.549,-67.261,1.770,0.000,-0.000,0.000,0.4474,-0.5490,-0.4755,0.5218,3456.86,58.47,-10.20,93.15,57064.6,0,1.00,1.50,5
54653,-0.002,0.043,-0.004,-0.671,-66.956,1.831,0.000,-0.000,0.000,0.4416,-0.5431,-0.4806,0.5283,3458.02,58.26,-10.22,92.97,57051.7,0,1.00,1.50,5
54673,-0.001,0.038,-0.004,-0.488,-66.833,1.892,0.000,-0.000,0.000,0.4358,-0.5370,-0.4856,0.5347,3459.21,58.08,-10.17,92.77,57037.3,0,1.00,1.50,5
54693,-0.000,0.039,-0.002,-0.549,-66.589,1.831,0.000,-0.000,0.000,0.4299,-0.5310,-0.4905,0.5410,3460.38,57.88,-10.18,92.58,57032.2,0,1.00,1.50,5
54716,-0.001,0.042,-0.004,-0.488,-66.406,1.953,0.000,-0.000,0.000,0.4240,-0.5248,-0.4953,0.5472,3461.53,57.67,-10.21,92.38,57027.0,0,1.00,1.50,5
54733,-0.002,0.040,-0.004,-0.427,-66.223,1.770,0.000,-0.000,0.000,0.4180,-0.5186,-0.5000,0.5534,3462.66,57.45,-10.18,92.18,57020.8,0,1.00,1.50,5
54753,-0.002,0.035,-0.000,-0.244,-66.040,1.892,0.000,-0.000,0.000,0.4121,-0.5124,-0.5047,0.5594,3463.86,57.29,-10.14,91.98,57000.2,0,1.00,1.50,5
54773,-0.002,0.039,-0.004,-0.244,-65.735,2.075,0.000,-0.000,0.000,0.4060,-0.5061,-0.5092,0.5654,3465.01,57.10,-10.18,91.77,56999.4,0,1.00,1.50,5
54793,-0.001,0.042,-0.004,-0.244,-65.552,1.892,0.000,-0.000,0.000,0.4000,-0.4998,-0.5137,0.5713,3466.23,56.97,-10.21,91.56,56977.8,0,1.00,1.50,5
54813,-0.003,0.040,-0.002,-0.244,-65.369,2.075,0.000,-0.000,0.000,0.3939,-0.4934,-0.5181,0.5771,3467.44,56.83,-10.18,91.36,56970.4,0,1.00,1.50,5
54833,-0.001,0.038,-0.003,-0.183,-65.125,2.014,0.000,-0.000,0.000,0.3878,-0.4870,-0.5224,0.5828,3468.56,56.61,-10.17,91.15,56979.0,0,1.00,1.50,5
54853,-0.004,0.042,-0.002,-0.122,-64.880,2.014,0.000,-0.000,0.000,0.3816,-0.4805,-0.5266,0.5884,3469.68,56.40,-10.20,90.93,56969.3,0,1.00,1.50,5
54873,-0.003,0.038,-0.002,-0.061,-64.758,2.014,0.000,-0.000,0.000,0.3755,-0.4740,-0.5307,0.5939,3470.86,56.25,-10.17,90.72,56950.1,0,1.00,1.50,5
54893,-0.001,0.038,-0.002,0.061,-64.453,2.075,0.000,-0.000,0.000,0.3693,-0.4675,-0.5347,0.5994,3471.96,56.02,-10.17,90.50,56957.1,0,1.00,1.50,5
54913,-0.001,0.042,-0.002,0.061,-64.209,2.014,0.000,-0.000,0.000,0.3631,-0.4609,-0.5386,0.6047,3473.13,55.87,-10.21,90.29,56933.6,0,1.00,1.50,5
54933,-0.004,0.039,-0.001,0.061,-64.087,2.014,0.000,-0.000,0.000,0.3568,-0.4542,-0.5425,0.6100,3474.26,55.67,-10.17,90.07,56933.1,0,1.00,1.50,5
54953,-0.003,0.038,-0.003,0.183,-63.782,2.075,0.000,-0.000,0.000,0.3506,-0.4476,-0.5462,0.6151,3475.39,55.49,-10.17,89.85,56923.8,0,1.00,1.50,5
54973,-0.000,0.042,-0.003,0.122,-63.660,2.014,0.000,-0.000,0.000,0.3443,-0.4409,-0.5499,0.6202,3476.53,55.32,-10.21,89.63,56913.6,0,1.00,1.50,5
54993,-0.003,0.039,-0.003,0.244,-63.538,2.075,0.000,-0.000,0.000,0.3380,-0.4341,-0.5535,0.6252,3477.66,55.14,-10.18,89.41,56907.5,0,1.00,1.50,5
55013,-0.001,0.035,-0.005,0.122,-63.232,2.075,0.000,-0.000,0.000,0.3317,-0.4274,-0.5570,0.6301,3478.79,54.96,-10.14,89.19,56898.7,0,1.00,1.50,5
55033,-0.002,0.037,-0.001,0.244,-63.049,2.197,0.000,-0.000,0.000,0.3253,-0.4206,-0.5605,0.6350,3479.88,54.75,-10.16,88.97,56896.6,0,1.00,1.50,5
55053,-0.002,0.040,-0.004,0.305,-62.805,2.014,0.000,-0.000,0.000,0.3189,-0.4138,-0.5638,0.6397,3480.96,54.54,-10.19,88.75,56890.7,0,1.00,1.50,5
55073,-0.001,0.038,-0.001,0.305,-62.683,2.075,0.000,-0.000,0.000,0.3126,-0.4069,-0.5671,0.6443,3482.06,54.34,-10.17,88.53,56878.6,0,1.00,1.50,5
55093,-0.002,0.036,-0.004,0.427,-62.439,2.197,0.000,-0.000,0.000,0.3062,-0.4000,-0.5702,0.6489,3483.21,54.19,-10.15,88.30,56861.9,0,1.00,1.50,5
55113,-0.003,0.035,-0.003,0.427,-62.317,2.136,0.000,-0.000,0.000,0.2997,-0.3931,-0.5733,0.6534,3484.31,54.02,-10.14,88.08,56860.0,0,1.00,1.50,5
55133,-0.004,0.035,-0.001,0.549,-62.012,2.014,0.000,-0.000,0.000,0.2933,-0.3862,-0.5763,0.6578,3485.44,53.86,-10.14,87.86,56847.7,0,1.00,1.50,5
55153,-0.001,0.037,-0.002,0.549,-61.829,2.136,0.000,-0.000,0.000,0.2869,-0.3792,-0.5793,0.6621,3486.48,53.63,-10.16,87.63,56855.5,0,1.00,1.50,5
55173,-0.002,0.037,-0.001,0.732,-61.584,2.197,0.000,-0.000,0.000,0.2805,-0.3722,-0.5821,0.6663,3487.57,53.43,-10.16,87.41,56839.5,0,1.00,1.50,5
55193,-0.002,0.035,0.000,0.671,-61.462,2.075,0.000,-0.000,0.000,0.2740,-0.3652,-0.5848,0.6704,3488.65,53.25,-10.14,87.18,56831.0,0,1.00,1.50,5
55213,-0.003,0.036,-0.000,0.610,-61.157,2.075,0.000,-0.000,0.000,0.2676,-0.3582,-0.5875,0.6745,3489.72,53.05,-10.15,86.96,56825.1,0,1.00,1.50,5
55233,-0.003,0.037,-0.001,0.732,-60.913,2.075,0.000,-0.000,0.000,0.2611,-0.3512,-0.5901,0.6784,3490.85,52.91,-10.15,86.74,56805.9,0,1.00,1.50,5
55253,-0.003,0.036,-0.002,0.732,-60.730,2.075,0.000,-0.000,0.000,0.2547,-0.3441,-0.5926,0.6823,3491.94,52.75,-10.15,86.52,56804.2,0,1.00,1.50,5
55273,-0.000,0.034,-0.001,0.854,-60.486,2.075,0.000,-0.000,0.000,0.2482,-0.3371,-0.5950,0.6861,3493.01,52.56,-10.14,86.29,56801.0,0,1.00,1.50,5
55293,-0.002,0.033,-0.000,1.038,-60.425,2.136,0.000,-0.000,0.000,0.2418,-0.3300,-0.5974,0.6898,3494.08,52.38,-10.12,86.07,56791.4,0,1.00,1.50,5
55313,-0.002,0.037,0.000,0.977,-60.120,2.075,0.000,-0.000,0.000,0.2353,-0.3229,-0.5996,0.6934,3495.18,52.22,-10.16,85.85,56778.4,0,1.00,1.50,5
55336,-0.003,0.033,0.000,1.038,-59.998,2.014,0.000,-0.000,0.000,0.2288,-0.3157,-0.6018,0.6970,3496.25,52.05,-10.12,85.63,56775.4,0,1.00,1.50,5
55353,-0.001,0.031,-0.002,1.038,-59.753,2.075,0.000,-0.000,0.000,0.2224,-0.3086,-0.6039,0.7004,3497.33,51.88,-10.10,85.41,56766.7,0,1.00,1.50,5
55373,-0.001,0.031,-0.002,1.099,-59.387,2.075,0.000,-0.000,0.000,0.2159,-0.3015,-0.6059,0.7038,3498.37,51.68,-10.10,85.19,56764.0,0,1.00,1.50,5
55393,-0.002,0.033,-0.002,1.221,-59.265,2.075,0.000,-0.000,0.000,0.2095,-0.2943,-0.6079,0.7071,3499.39,51.46,-10.12,84.97,56761.9,0,1.00,1.50,5
55413,-0.003,0.035,-0.001,1.221,-59.082,2.014,0.000,-0.000,0.000,0.2030,-0.2872,-0.6097,0.7103,3500.41,51.26,-10.14,84.75,56751.8,0,1.00,1.50,5
55433,-0.001,0.035,0.001,1.282,-58.899,2.014,0.000,-0.000,0.000,0.1966,-0.2800,-0.6115,0.7134,3501.42,51.04,-10.14,84.53,56747.4,0,1.00,1.50,5
55453,-0.000,0.030,-0.002,1.160,-58.716,1.953,0.000,-0.000,0.000,0.1901,-0.2728,-0.6133,0.7165,3502.46,50.86,-10.10,84.32,56733.6,0,1.00,1.50,5
55473,-0.003,0.030,-0.001,1.404,-58.533,2.014,0.000,-0.000,0.000,0.1837,-0.2656,-0.6149,0.7195,3503.49,50.67,-10.09,84.11,56726.4,0,1.00,1.50,5
55493,-0.002,0.032,0.002,1.404,-58.289,2.014,0.000,-0.000,0.000,0.1772,-0.2585,-0.6165,0.7223,3504.51,50.48,-10.11,83.89,56720.3,0,1.00,1.50,5
55513,-0.001,0.030,0.000,1.404,-58.105,1.953,0.000,-0.000,0.000,0.1708,-0.2513,-0.6179,0.7252,3505.58,50.33,-10.10,83.68,56703.8,0,1.00,1.50,5
55533,-0.003,0.029,0.001,1.465,-57.861,2.014,0.000,-0.000,0.000,0.1644,-0.2441,-0.6194,0.7279,3506.54,50.09,-10.08,83.47,56717.1,0,1.00,1.50,5
55553,-0.000,0.027,0.000,1.526,-57.739,2.014,0.000,-0.000,0.000,0.1579,-0.2369,-0.6207,0.7305,3507.56,49.91,-10.07,83.27,56696.2,0,1.00,1.50,5
55573,-0.000,0.032,-0.001,1.526,-57.495,2.014,0.000,-0.000,0.000,0.1515,-0.2297,-0.6220,0.7331,3508.63,49.77,-10.12,83.06,56681.1,0,1.00,1.50,5
55593,-0.002,0.032,0.001,1.648,-57.312,1.892,0.000,-0.000,0.000,0.1451,-0.2225,-0.6231,0.7356,3509.65,49.59,-10.11,82.86,56681.9,0,1.00,1.50,5
55613,-0.001,0.029,0.002,1.709,-57.007,1.953,0.000,-0.000,0.000,0.1387,-0.2153,-0.6242,0.7380,3510.70,49.45,-10.08,82.65,56667.4,0,1.00,1.50,5
55633,-0.002,0.030,0.002,1.770,-56.946,1.953,0.000,-0.000,0.000,0.1324,-0.2081,-0.6253,0.7404,3511.69,49.25,-10.09,82.45,56671.7,0,1.00,1.50,5
55653,-0.002,0.030,0.001,1.892,-56.641,1.831,0.000,-0.000,0.000,0.1260,-0.2009,-0.6262,0.7427,3512.72,49.10,-10.09,82.25,56655.0,0,1.00,1.50,5
55673,-0.003,0.030,0.000,1.892,-56.458,1.831,0.000,-0.000,0.000,0.1197,-0.1937,-0.6271,0.7449,3513.72,48.91,-10.09,82.05,56655.2,0,1.00,1.50,5
55693,-0.000,0.028,0.000,1.892,-56.274,1.831,0.000,-0.000,0.000,0.1134,-0.1865,-0.6280,0.7470,3514.70,48.71,-10.08,81.85,56649.9,0,1.00,1.50,5
55713,-0.000,0.031,0.002,2.014,-56.030,1.831,0.000,-0.000,0.000,0.1070,-0.1794,-0.6287,0.7491,3515.70,48.53,-10.10,81.66,56639.2,0,1.00,1.50,5
55733,-0.002,0.030,-0.000,2.014,-55.847,1.831,0.000,-0.000,0.000,0.1008,-0.1722,-0.6294,0.7510,3516.71,48.37,-10.09,81.46,56628.3,0,1.00,1.50,5
55753,-0.002,0.028,0.000,1.953,-55.725,1.709,0.000,-0.000,0.000,0.0945,-0.1650,-0.6300,0.7529,3517.69,48.19,-10.08,81.28,56626.9,0,1.00,1.50,5
55773,-0.000,0.027,0.002,2.136,-55.420,1.709,0.000,-0.000,0.000,0.0882,-0.1579,-0.6306,0.7548,3518.58,47.92,-10.07,81.09,56636.8,0,1.00,1.50,5
55793,-0.000,0.028,0.000,2.136,-55.115,1.587,0.000,-0.000,0.000,0.0820,-0.1507,-0.6310,0.7565,3519.56,47.74,-10.07,80.90,56612.0,0,1.00,1.50,5
55813,-0.001,0.028,0.001,2.197,-54.932,1.587,0.000,-0.000,0.000,0.0758,-0.1436,-0.6315,0.7582,3520.56,47.58,-10.08,80.72,56601.0,0,1.00,1.50,5
55833,-0.002,0.025,-0.001,2.136,-54.932,1.648,0.000,-0.000,0.000,0.0696,-0.1364,-0.6318,0.7598,3521.54,47.41,-10.05,80.54,56598.2,0,1.00,1.50,5
55853,-0.000,0.027,0.001,2.380,-54.565,1.526,0.000,-0.000,0.000,0.0635,-0.1293,-0.6321,0.7614,3522.51,47.22,-10.07,80.36,56592.0,0,1.00,1.50,5
55873,0.001,0.026,0.001,2.319,-54.443,1.587,0.000,-0.000,0.000,0.0573,-0.1222,-0.6323,0.7629,3523.46,47.03,-10.06,80.18,56587.5,0,1.00,1.50,5
55893,-0.002,0.029,0.001,2.319,-54.199,1.587,0.000,-0.000,0.000,0.0512,-0.1151,-0.6325,0.7643,3524.41,46.84,-10.08,80.01,56579.8,0,1.00,1.50,5
55913,-0.001,0.024,0.001,2.319,-54.016,1.465,0.000,-0.000,0.000,0.0451,-0.1080,-0.6326,0.7656,3525.39,46.69,-10.03,79.84,56567.5,0,1.00,1.50,5
55933,-0.002,0.023,0.003,2.502,-53.833,1.404,0.000,-0.000,0.000,0.0390,-0.1010,-0.6326,0.7669,3526.32,46.49,-10.02,79.67,56569.1,0,1.00,1.50,5
55956,0.001,0.023,0.003,2.502,-53.650,1.404,0.000,-0.000,0.000,0.0329,-0.0939,-0.6325,0.7681,3527.21,46.25,-10.03,79.51,56569.9,0,1.00,1.50,5
55973,0.001,0.024,0.005,2.686,-53.467,1.404,0.000,-0.000,0.000,0.0269,-0.0868,-0.6324,0.7693,3528.11,46.02,-10.03,79.34,56562.2,0,1.00,1.50,5
55993,-0.000,0.026,0.002,2.563,-53.101,1.404,0.000,-0.000,0.000,0.0209,-0.0798,-0.6323,0.7703,3528.99,45.79,-10.06,79.18,56557.4,0,0.98,1.50,5
56013,-0.000,0.023,0.001,2.625,-52.979,1.282,0.000,-0.000,0.000,0.0149,-0.0728,-0.6321,0.7714,3529.90,45.58,-10.03,79.02,56545.4,0,1.00,1.50,5
56033,-0.000,0.026,0.000,2.747,-52.795,1.160,0.000,-0.000,0.000,0.0090,-0.0658,-0.6318,0.7723,3530.84,45.41,-10.06,78.87,56531.7,0,1.00,1.50,5
56053,0.001,0.024,-0.001,2.747,-52.490,1.221,0.000,-0.000,0.000,0.0031,-0.0588,-0.6314,0.7732,3531.77,45.23,-10.04,78.71,56526.9,0,1.00,1.50,5
56073,0.000,0.023,0.004,2.808,-52.429,1.160,0.000,-0.000,0.000,-0.0028,-0.0519,-0.6310,0.7740,3532.65,45.01,-10.02,78.56,56528.2,0,0.98,1.50,5
56093,-0.000,0.023,0.002,2.869,-52.246,1.160,0.000,-0.000,0.000,-0.0087,-0.0449,-0.6305,0.7748,3533.60,44.86,-10.02,78.42,56508.8,0,1.00,1.50,5
56113,-0.001,0.026,0.001,2.991,-51.941,0.977,0.000,-0.000,0.000,-0.0145,-0.0380,-0.6300,0.7755,3534.45,44.61,-10.06,78.27,56521.0,0,0.95,1.50,5
56133,-0.000,0.025,0.003,2.808,-51.819,1.099,0.000,-0.000,0.000,-0.0203,-0.0311,-0.6295,0.7761,3535.30,44.37,-10.04,78.13,56513.3,0,0.95,1.50,5
56153,-0.000,0.024,-0.001,3.052,-51.636,1.038,0.000,-0.000,0.000,-0.0261,-0.0242,-0.6288,0.7767,3536.21,44.19,-10.04,77.99,56495.8,0,1.00,1.50,5
56173,0.002,0.026,0.002,2.991,-51.331,0.977,0.000,-0.000,0.000,-0.0319,-0.0173,-0.6281,0.7773,3537.14,44.04,-10.06,77.86,56483.8,0,1.00,1.50,5
56193,-0.000,0.022,0.003,3.113,-51.147,0.916,0.000,-0.000,0.000,-0.0376,-0.0105,-0.6274,0.7777,3538.00,43.83,-10.01,77.73,56489.9,0,0.96,1.50,5
56213,0.001,0.022,0.004,3.174,-51.086,0.916,0.000,-0.000,0.000,-0.0433,-0.0037,-0.6266,0.7782,3538.90,43.65,-10.01,77.60,56477.1,0,0.99,1.50,5
56233,0.001,0.023,0.004,3.113,-50.720,0.854,0.000,-0.000,0.000,-0.0489,0.0031,-0.6257,0.7785,3539.73,43.41,-10.02,77.47,56482.7,0,0.92,1.50,5
56253,0.003,0.023,0.005,3.052,-50.720,0.854,0.000,-0.000,0.000,-0.0546,0.0099,-0.6248,0.7788,3540.58,43.19,-10.02,77.35,56471.8,0,0.94,1.50,5
56273,0.002,0.021,0.000,3.235,-50.293,0.732,0.000,-0.000,0.000,-0.0602,0.0167,-0.6239,0.7790,3541.41,42.96,-10.01,77.23,56470.2,0,0.91,1.50,5
56293,0.001,0.017,0.003,3.235,-50.171,0.732,0.000,-0.000,0.000,-0.0657,0.0234,-0.6229,0.7792,3542.29,42.78,-9.96,77.12,56453.1,0,0.97,1.50,5
56313,-0.000,0.021,0.002,3.174,-49.988,0.610,0.000,-0.000,0.000,-0.0712,0.0301,-0.6218,0.7793,3543.18,42.62,-10.00,77.01,56444.2,0,0.97,1.50,5
56333,0.000,0.024,0.002,3.418,-49.805,0.671,0.000,-0.000,0.000,-0.0768,0.0368,-0.6207,0.7794,3544.07,42.45,-10.03,76.89,56437.4,0,0.97,1.50,5
56353,0.001,0.021,0.000,3.418,-49.622,0.549,0.000,-0.000,0.000,-0.0822,0.0434,-0.6195,0.7794,3544.91,42.25,-10.01,76.79,56439.0,0,0.93,1.50,5
56373,0.002,0.023,0.001,3.357,-49.438,0.488,0.000,-0.000,0.000,-0.0876,0.0501,-0.6183,0.7794,3545.77,42.06,-10.03,76.68,56430.2,0,0.94,1.50,5
56393,0.001,0.020,0.003,3.357,-49.133,0.427,0.000,-0.000,0.000,-0.0930,0.0567,-0.6171,0.7793,3546.67,41.92,-9.99,76.59,56415.5,0,0.98,1.50,5
56413,0.003,0.019,0.001,3.357,-49.011,0.366,0.000,-0.000,0.000,-0.0984,0.0632,-0.6158,0.7792,3547.51,41.72,-9.99,76.49,56420.5,0,0.92,1.50,5
56433,0.001,0.019,0.000,3.418,-48.889,0.305,0.000,-0.000,0.000,-0.1037,0.0698,-0.6145,0.7790,3548.34,41.52,-9.99,76.40,56414.9,0,0.91,1.50,5
56453,0.002,0.021,0.002,3.418,-48.645,0.305,0.000,-0.000,0.000,-0.1090,0.0764,-0.6131,0.7787,3549.13,41.29,-10.01,76.31,56415.0,0,0.88,1.50,5
56473,0.003,0.021,0.001,3.540,-48.462,0.244,0.000,-0.000,0.000,-0.1142,0.0829,-0.6116,0.7785,3549.88,41.02,-10.01,76.23,56418.1,0,0.83,1.50,5
56493,0.003,0.020,0.001,3.540,-48.157,0.183,0.000,-0.000,0.000,-0.1194,0.0893,-0.6102,0.7781,3550.65,40.77,-10.00,76.14,56407.7,0,0.85,1.50,5
56513,0.004,0.020,-0.000,3.601,-48.035,0.061,0.000,-0.000,0.000,-0.1246,0.0958,-0.6086,0.7777,3551.44,40.55,-9.99,76.07,56398.4,0,0.86,1.50,5
56533,0.004,0.022,0.002,3.601,-47.852,-0.061,0.000,-0.000,0.000,-0.1297,0.1022,-0.6071,0.7773,3552.24,40.34,-10.01,75.99,56387.8,0,0.88,1.50,5
56553,0.002,0.021,0.001,3.540,-47.607,-0.061,0.000,-0.000,0.000,-0.1348,0.1086,-0.6055,0.7768,3553.02,40.11,-10.00,75.92,56388.0,0,0.85,1.50,5
56576,0.002,0.018,0.003,3.601,-47.363,-0.183,0.000,-0.000,0.000,-0.1399,0.1150,-0.6038,0.7763,3553.81,39.91,-9.97,75.85,56378.2,0,0.86,1.50,5
56593,0.003,0.022,0.002,3.723,-47.241,-0.183,0.000,-0.000,0.000,-0.1449,0.1213,-0.6021,0.7757,3554.67,39.77,-10.01,75.79,56357.9,0,0.93,1.50,5
56613,0.003,0.019,-0.001,3.723,-46.997,-0.244,0.000,-0.000,0.000,-0.1499,0.1276,-0.6004,0.7751,3555.50,39.60,-9.98,75.73,56358.4,0,0.90,1.50,5
56633,0.003,0.017,0.002,3.662,-46.875,-0.305,0.000,-0.000,0.000,-0.1548,0.1339,-0.5986,0.7745,3556.29,39.40,-9.96,75.67,56359.4,0,0.86,1.50,5
56653,0.003,0.018,0.002,3.845,-46.692,-0.366,0.000,-0.000,0.000,-0.1597,0.1402,-0.5968,0.7738,3557.11,39.24,-9.97,75.61,56345.8,0,0.89,1.50,5
56673,0.003,0.017,0.002,3.784,-46.509,-0.488,0.000,-0.000,0.000,-0.1646,0.1464,-0.5949,0.7730,3557.87,39.02,-9.96,75.56,56352.5,0,0.83,1.50,5
56693,0.001,0.020,0.003,3.784,-46.326,-0.488,0.000,-0.000,0.000,-0.1694,0.1526,-0.5930,0.7722,3558.65,38.81,-9.99,75.52,56343.8,0,0.84,1.50,5
56713,0.002,0.019,-0.000,3.784,-45.959,-0.671,0.000,-0.000,0.000,-0.1741,0.1588,-0.5911,0.7714,3559.44,38.63,-9.98,75.47,56332.8,0,0.86,1.50,5
56733,0.002,0.018,0.001,3.845,-45.837,-0.610,0.000,-0.000,0.000,-0.1789,0.1649,-0.5891,0.7705,3560.22,38.44,-9.97,75.43,56331.2,0,0.84,1.50,5
56753,0.003,0.019,0.003,3.906,-45.654,-0.732,0.000,-0.000,0.000,-0.1836,0.1710,-0.5871,0.7696,3560.96,38.21,-9.98,75.40,56331.4,0,0.81,1.50,5
56773,0.004,0.016,-0.001,3.845,-45.471,-0.732,0.000,-0.000,0.000,-0.1883,0.1771,-0.5851,0.7687,3561.77,38.06,-9.96,75.36,56311.5,0,0.87,1.50,5
56793,0.003,0.016,0.002,4.028,-45.166,-0.732,0.000,-0.000,0.000,-0.1929,0.1831,-0.5830,0.7677,3562.53,37.86,-9.95,75.33,56315.4,0,0.82,1.50,5
56813,0.004,0.017,-0.001,3.967,-45.044,-0.854,0.000,-0.000,0.000,-0.1975,0.1891,-0.5809,0.7667,3563.34,37.71,-9.96,75.30,56299.8,0,0.87,1.50,5
56833,0.003,0.014,0.000,3.967,-44.922,-0.854,0.000,-0.000,0.000,-0.2020,0.1950,-0.5787,0.7657,3564.09,37.52,-9.93,75.28,56304.0,0,0.82,1.50,5
56853,0.003,0.014,0.001,3.906,-44.617,-0.977,0.000,-0.000,0.000,-0.2065,0.2010,-0.5766,0.7646,3564.84,37.32,-9.94,75.26,56298.9,0,0.81,1.50,5
56873,0.004,0.019,0.002,3.967,-44.495,-1.160,0.000,-0.000,0.000,-0.2110,0.2069,-0.5743,0.7634,3565.70,37.22,-9.97,75.25,56272.8,0,0.91,1.50,5
56893,0.002,0.017,0.002,3.967,-44.189,-1.160,0.000,-0.000,0.000,-0.2154,0.2127,-0.5721,0.7623,3566.42,37.01,-9.96,75.23,56291.8,0,0.78,1.50,5
56913,0.003,0.014,0.002,4.028,-44.128,-1.404,0.000,-0.000,0.000,-0.2197,0.2186,-0.5698,0.7611,3567.16,36.81,-9.93,75.23,56282.6,0,0.80,1.50,5
56933,0.003,0.018,0.000,4.028,-43.884,-1.282,0.000,-0.000,0.000,-0.2241,0.2244,-0.5675,0.7598,3567.87,36.59,-9.97,75.22,56283.2,0,0.76,1.50,5
56953,0.004,0.014,-0.000,3.967,-43.701,-1.404,0.000,-0.000,0.000,-0.2284,0.2302,-0.5652,0.7586,3568.54,36.33,-9.93,75.22,56285.0,0,0.73,1.50,5
56973,0.004,0.012,0.000,4.028,-43.579,-1.465,0.000,-0.000,0.000,-0.2326,0.2360,-0.5628,0.7573,3569.31,36.18,-9.92,75.22,56258.2,0,0.83,1.50,5
56994,0.004,0.018,-0.000,4.211,-43.335,-1.587,0.000,-0.000,0.000,-0.2368,0.2417,-0.5604,0.7559,3570.03,35.97,-9.97,75.22,56264.2,0,0.77,1.50,5
57013,0.005,0.014,0.000,4.089,-43.152,-1.648,0.000,-0.000,0.000,-0.2410,0.2474,-0.5580,0.7546,3570.75,35.78,-9.93,75.23,56257.9,0,0.77,1.50,5
57033,0.005,0.012,-0.000,4.089,-42.908,-1.770,0.000,-0.000,0.000,-0.2451,0.2530,-0.5555,0.7532,3571.45,35.57,-9.91,75.24,56254.9,0,0.76,1.50,5
57053,0.005,0.012,0.000,4.089,-42.786,-1.709,0.000,-0.000,0.000,-0.2492,0.2586,-0.5530,0.7518,3572.21,35.41,-9.91,75.26,56239.5,0,0.80,1.50,5
57073,0.006,0.014,-0.003,4.150,-42.542,-1.892,0.000,-0.000,0.000,-0.2532,0.2642,-0.5505,0.7503,3572.95,35.25,-9.94,75.27,56236.2,0,0.79,1.50,5
57093,0.003,0.014,-0.003,4.150,-42.358,-1.831,0.000,-0.000,0.000,-0.2573,0.2698,-0.5480,0.7488,3573.67,35.07,-9.94,75.29,56233.1,0,0.78,1.50,5
57113,0.005,0.016,-0.000,4.028,-42.114,-2.014,0.000,-0.000,0.000,-0.2612,0.2753,-0.5454,0.7473,3574.37,34.87,-9.95,75.32,56233.1,0,0.75,1.50,5
57133,0.005,0.010,0.000,4.150,-41.931,-2.075,0.000,-0.000,0.000,-0.2651,0.2808,-0.5428,0.7458,3575.08,34.69,-9.90,75.35,56224.6,0,0.76,1.50,5
57153,0.004,0.015,0.002,4.150,-41.748,-2.136,0.000,-0.000,0.000,-0.2690,0.2862,-0.5402,0.7442,3575.76,34.48,-9.93,75.38,56225.1,0,0.73,1.50,5
57173,0.003,0.013,0.001,4.150,-41.565,-2.258,0.000,-0.000,0.000,-0.2728,0.2916,-0.5376,0.7426,3576.42,34.25,-9.92,75.41,56223.2,0,0.71,1.50,5
57196,0.004,0.014,0.000,4.211,-41.382,-2.319,0.000,-0.000,0.000,-0.2766,0.2970,-0.5349,0.7410,3577.11,34.06,-9.93,75.45,56212.2,0,0.73,1.50,5
57213,0.005,0.013,-0.002,4.089,-41.260,-2.258,0.000,-0.000,0.000,-0.2804,0.3024,-0.5322,0.7394,3577.82,33.89,-9.93,75.49,56204.2,0,0.75,1.50,5
57233,0.004,0.014,-0.000,4.150,-41.016,-2.441,0.000,-0.000,0.000,-0.2841,0.3077,-0.5295,0.7377,3578.43,33.63,-9.93,75.53,56215.0,0,0.66,1.50,5
57253,0.004,0.012,0.000,4.150,-40.771,-2.563,0.000,-0.000,0.000,-0.2877,0.3130,-0.5268,0.7360,3579.16,33.48,-9.91,75.58,56189.6,0,0.76,1.50,5
57273,0.003,0.012,0.001,4.150,-40.649,-2.747,0.000,-0.000,0.000,-0.2913,0.3183,-0.5240,0.7343,3579.80,33.26,-9.91,75.63,56198.7,0,0.69,1.50,5
57293,0.005,0.014,0.000,4.089,-40.405,-2.808,0.000,-0.000,0.000,-0.2949,0.3235,-0.5213,0.7326,3580.43,33.03,-9.93,75.68,56196.5,0,0.67,1.50,5
57313,0.006,0.011,0.000,4.028,-40.222,-2.808,0.000,-0.000,0.000,-0.2984,0.3287,-0.5185,0.7308,3581.05,32.80,-9.90,75.74,56193.3,0,0.66,1.50,5
57333,0.006,0.012,0.001,4.150,-40.100,-2.930,0.000,-0.000,0.000,-0.3019,0.3338,-0.5157,0.7291,3581.76,32.66,-9.90,75.80,56170.4,0,0.75,1.50,5
57353,0.006,0.014,-0.003,4.150,-39.795,-2.991,0.000,-0.000,0.000,-0.3053,0.3390,-0.5128,0.7273,3582.44,32.48,-9.94,75.86,56171.5,0,0.71,1.50,5
57373,0.005,0.012,-0.001,4.089,-39.673,-3.052,0.000,-0.000,0.000,-0.3087,0.3441,-0.5100,0.7254,3583.05,32.25,-9.91,75.93,56179.4,0,0.65,1.50,5
57393,0.005,0.012,-0.002,4.089,-39.612,-3.235,0.000,-0.000,0.000,-0.3121,0.3491,-0.5071,0.7236,3583.71,32.06,-9.91,76.00,56164.6,0,0.69,1.50,5
57413,0.006,0.013,0.000,4.211,-39.368,-3.296,0.000,-0.000,0.000,-0.3154,0.3542,-0.5042,0.7217,3584.33,31.85,-9.91,76.07,56166.4,0,0.66,1.50,5
57433,0.005,0.013,0.001,4.089,-39.124,-3.296,0.000,-0.000,0.000,-0.3186,0.3592,-0.5013,0.7199,3584.92,31.60,-9.91,76.14,56167.7,0,0.62,1.50,5
57453,0.005,0.014,0.000,4.150,-39.001,-3.418,0.000,-0.000,0.000,-0.3219,0.3641,-0.4983,0.7180,3585.53,31.39,-9.92,76.22,56157.8,0,0.65,1.50,5
57473,0.004,0.009,-0.001,4.028,-38.818,-3.418,0.000,-0.000,0.000,-0.3251,0.3691,-0.4954,0.7160,3586.10,31.14,-9.89,76.30,56160.6,0,0.61,1.50,5
57493,0.005,0.013,-0.001,4.089,-38.635,-3.540,0.000,-0.000,0.000,-0.3282,0.3740,-0.4924,0.7141,3586.73,30.95,-9.92,76.39,56145.3,0,0.66,1.50,5
57513,0.004,0.010,0.001,4.089,-38.391,-3.662,0.000,-0.000,0.000,-0.3313,0.3788,-0.4894,0.7122,3587.30,30.71,-9.89,76.47,56151.0,0,0.60,1.50,5
57533,0.006,0.011,0.000,4.150,-38.330,-3.723,0.000,-0.000,0.000,-0.3344,0.3837,-0.4864,0.7102,3587.96,30.56,-9.89,76.56,56128.6,0,0.69,1.50,5
57553,0.004,0.008,-0.003,4.028,-38.147,-3.845,0.000,-0.000,0.000,-0.3374,0.3885,-0.4834,0.7082,3588.65,30.43,-9.88,76.66,56118.7,0,0.71,1.50,5
57573,0.003,0.007,-0.000,4.028,-37.964,-3.845,0.000,-0.000,0.000,-0.3404,0.3933,-0.4804,0.7062,3589.29,30.27,-9.87,76.75,56121.6,0,0.67,1.50,5
57593,0.005,0.010,-0.000,3.967,-37.720,-4.028,0.000,-0.000,0.000,-0.3433,0.3980,-0.4773,0.7042,3589.86,30.04,-9.89,76.85,56130.4,0,0.60,1.50,5
57613,0.004,0.011,-0.002,3.906,-37.476,-4.089,0.000,-0.000,0.000,-0.3462,0.4027,-0.4743,0.7021,3590.43,29.81,-9.90,76.96,56126.4,0,0.59,1.50,5
57633,0.007,0.007,0.000,4.028,-37.415,-4.211,0.000,-0.000,0.000,-0.3491,0.4074,-0.4712,0.7001,3591.12,29.71,-9.86,77.06,56098.1,0,0.71,1.50,5
57653,0.004,0.010,-0.001,4.089,-37.109,-4.272,0.000,-0.000,0.000,-0.3519,0.4121,-0.4681,0.6980,3591.64,29.44,-9.89,77.16,56126.4,0,0.54,1.50,5
57673,0.005,0.010,-0.006,3.906,-36.865,-4.333,0.000,-0.000,0.000,-0.3547,0.4167,-0.4650,0.6960,3592.27,29.29,-9.90,77.27,56098.1,0,0.66,1.50,5
57693,0.006,0.009,0.000,3.967,-36.743,-4.395,0.000,-0.000,0.000,-0.3574,0.4212,-0.4619,0.6939,3592.92,29.15,-9.87,77.38,56092.0,0,0.66,1.50,5
57713,0.004,0.009,-0.005,3.906,-36.621,-4.517,0.000,-0.000,0.000,-0.3601,0.4258,-0.4588,0.6918,3593.46,28.91,-9.89,77.50,56105.9,0,0.57,1.50,5
57733,0.004,0.008,-0.003,3.906,-36.438,-4.639,0.000,-0.000,0.000,-0.3627,0.4303,-0.4556,0.6897,3594.01,28.69,-9.87,77.62,56101.6,0,0.56,1.50,5
57753,0.004,0.008,-0.005,4.028,-36.133,-4.761,0.000,-0.000,0.000,-0.3653,0.4348,-0.4525,0.6876,3594.50,28.42,-9.88,77.73,56106.6,0,0.51,1.50,5
57773,0.005,0.011,-0.004,3.906,-35.950,-4.883,0.000,-0.000,0.000,-0.3679,0.4392,-0.4493,0.6855,3595.08,28.23,-9.91,77.85,56085.0,0,0.60,1.50,5
57793,0.005,0.006,-0.002,3.845,-35.767,-4.944,0.000,-0.000,0.000,-0.3704,0.4436,-0.4461,0.6834,3595.67,28.06,-9.85,77.98,56079.2,0,0.60,1.50,5
57816,0.005,0.011,-0.003,3.784,-35.645,-5.005,0.000,-0.000,0.000,-0.3728,0.4480,-0.4430,0.6812,3596.24,27.87,-9.90,78.11,56078.4,0,0.58,1.50,5
57833,0.005,0.009,-0.003,3.845,-35.400,-5.005,0.000,-0.000,0.000,-0.3753,0.4524,-0.4398,0.6791,3596.83,27.70,-9.88,78.24,56069.9,0,0.60,1.50,5
57853,0.005,0.006,0.000,3.662,-35.278,-5.188,0.000,-0.000,0.000,-0.3776,0.4567,-0.4366,0.6769,3597.41,27.53,-9.85,78.37,56067.0,0,0.59,1.50,5
57873,0.005,0.005,-0.003,3.723,-35.034,-5.249,0.000,-0.000,0.000,-0.3800,0.4610,-0.4334,0.6747,3597.92,27.30,-9.84,78.50,56075.8,0,0.52,1.50,5
57893,0.005,0.007,-0.003,3.662,-34.912,-5.432,0.000,-0.000,0.000,-0.3823,0.4653,-0.4302,0.6726,3598.50,27.13,-9.86,78.64,56057.3,0,0.59,1.50,5
57913,0.005,0.006,-0.002,3.662,-34.790,-5.493,0.000,-0.000,0.000,-0.3845,0.4695,-0.4269,0.6704,3598.98,26.89,-9.85,78.78,56071.0,0,0.50,1.50,5
57933,0.005,0.006,-0.003,3.540,-34.668,-5.676,0.000,-0.000,0.000,-0.3867,0.4738,-0.4237,0.6682,3599.49,26.66,-9.85,78.93,56063.2,0,0.52,1.50,5
57953,0.005,0.008,-0.002,3.601,-34.363,-5.798,0.000,-0.000,0.000,-0.3889,0.4780,-0.4204,0.6660,3600.02,26.46,-9.87,79.07,56054.1,0,0.54,1.50,5
57973,0.004,0.009,-0.003,3.540,-34.119,-5.920,0.000,-0.000,0.000,-0.3910,0.4821,-0.4172,0.6638,3600.54,26.26,-9.88,79.22,56051.0,0,0.53,1.50,5
57993,0.006,0.007,-0.006,3.540,-33.997,-5.920,0.000,-0.000,0.000,-0.3931,0.4862,-0.4139,0.6616,3601.08,26.07,-9.86,79.37,56043.7,0,0.54,1.50,5
58013,0.006,0.007,-0.001,3.418,-33.813,-5.920,0.000,-0.000,0.000,-0.3951,0.4903,-0.4107,0.6594,3601.54,25.82,-9.86,79.52,56053.6,0,0.47,1.50,5
58033,0.005,0.008,-0.002,3.540,-33.569,-6.104,0.000,-0.000,0.000,-0.3971,0.4944,-0.4074,0.6572,3602.09,25.66,-9.87,79.68,56032.8,0,0.55,1.50,5
58053,0.006,0.006,-0.004,3.479,-33.569,-6.104,0.000,-0.000,0.000,-0.3991,0.4984,-0.4041,0.6550,3602.60,25.47,-9.85,79.83,56034.6,0,0.52,1.50,5
58073,0.007,0.001,-0.002,3.357,-33.386,-6.348,0.000,-0.000,0.000,-0.4010,0.5025,-0.4008,0.6527,3603.13,25.29,-9.80,79.99,56028.0,0,0.53,1.50,5
58093,0.004,0.002,-0.003,3.296,-33.081,-6.409,0.000,-0.000,0.000,-0.4029,0.5064,-0.3975,0.6505,3603.73,25.18,-9.82,80.16,56010.7,0,0.59,1.50,5
58113,0.005,0.003,-0.003,3.357,-32.959,-6.531,0.000,-0.000,0.000,-0.4047,0.5104,-0.3942,0.6483,3604.19,24.95,-9.82,80.32,56032.5,0,0.46,1.50,5
58133,0.005,0.007,-0.005,3.296,-32.715,-6.531,0.000,-0.000,0.000,-0.4065,0.5143,-0.3909,0.6461,3604.65,24.71,-9.86,80.48,56028.5,0,0.46,1.50,5
58153,0.007,0.005,-0.002,2.991,-32.593,-6.714,0.000,-0.000,0.000,-0.4083,0.5182,-0.3876,0.6438,3605.13,24.51,-9.83,80.66,56020.0,0,0.48,1.50,5
58173,0.006,0.004,-0.006,3.174,-32.410,-6.775,0.000,-0.000,0.000,-0.4100,0.5221,-0.3843,0.6416,3605.64,24.33,-9.84,80.83,56010.6,0,0.51,1.50,5
58193,0.005,0.004,-0.003,3.052,-32.288,-6.897,0.000,-0.000,0.000,-0.4116,0.5260,-0.3810,0.6393,3606.08,24.09,-9.83,81.00,56019.2,0,0.44,1.50,5
58213,0.005,0.005,-0.006,3.052,-32.043,-7.019,0.000,-0.000,0.000,-0.4133,0.5298,-0.3777,0.6371,3606.62,23.95,-9.85,81.18,55997.4,0,0.53,1.50,5
58233,0.003,0.007,-0.003,3.113,-31.921,-7.141,0.000,-0.000,0.000,-0.4149,0.5336,-0.3744,0.6349,3607.08,23.73,-9.86,81.35,56007.7,0,0.45,1.50,5
58253,0.006,0.003,-0.006,2.991,-31.738,-7.263,0.000,-0.000,0.000,-0.4164,0.5373,-0.3710,0.6326,3607.64,23.63,-9.82,81.53,55983.2,0,0.56,1.50,5
58273,0.004,0.003,-0.002,2.991,-31.555,-7.263,0.000,-0.000,0.000,-0.4179,0.5411,-0.3677,0.6304,3608.10,23.41,-9.82,81.71,56000.5,0,0.45,1.50,5
58293,0.005,-0.000,-0.002,2.808,-31.372,-7.385,0.000,-0.000,0.000,-0.4194,0.5448,-0.3643,0.6282,3608.55,23.20,-9.79,81.90,55997.3,0,0.44,1.50,5
58313,0.006,0.006,-0.005,2.747,-31.311,-7.568,0.000,-0.000,0.000,-0.4208,0.5485,-0.3610,0.6259,3609.06,23.05,-9.85,82.09,55982.4,0,0.50,1.50,5
58333,0.006,0.003,-0.005,2.686,-31.006,-7.690,0.000,-0.000,0.000,-0.4222,0.5522,-0.3577,0.6237,3609.49,22.83,-9.82,82.28,55992.3,0,0.43,1.50,5
58353,0.006,0.005,-0.004,2.686,-30.762,-7.751,0.000,-0.000,0.000,-0.4235,0.5558,-0.3543,0.6215,3609.92,22.61,-9.83,82.47,55988.3,0,0.43,1.50,5
58373,0.005,0.000,-0.002,2.563,-30.762,-7.935,0.000,-0.000,0.000,-0.4248,0.5594,-0.3510,0.6192,3610.33,22.37,-9.79,82.66,55990.9,0,0.39,1.50,5
58393,0.005,0.005,-0.001,2.625,-30.518,-7.874,0.000,-0.000,0.000,-0.4261,0.5630,-0.3476,0.6170,3610.81,22.21,-9.84,82.85,55971.8,0,0.47,1.50,5
58413,0.004,-0.000,-0.003,2.563,-30.273,-8.118,0.000,-0.000,0.000,-0.4273,0.5666,-0.3443,0.6148,3611.29,22.05,-9.79,83.05,55968.0,0,0.47,1.50,5
58436,0.004,0.004,-0.004,2.502,-30.151,-8.240,0.000,-0.000,0.000,-0.4284,0.5701,-0.3409,0.6125,3611.72,21.85,-9.84,83.25,55973.4,0,0.42,1.50,5
58453,0.007,0.004,-0.002,2.502,-30.090,-8.240,0.000,-0.000,0.000,-0.4296,0.5736,-0.3375,0.6103,3612.24,21.73,-9.82,83.45,55953.3,0,0.50,1.50,5
58473,0.003,0.002,-0.004,2.319,-29.907,-8.362,0.000,-0.000,0.000,-0.4307,0.5771,-0.3342,0.6081,3612.69,21.55,-9.81,83.65,55961.1,0,0.44,1.50,5
58493,0.002,0.004,-0.004,2.197,-29.663,-8.484,0.000,-0.000,0.000,-0.4317,0.5806,-0.3308,0.6059,3613.13,21.36,-9.84,83.86,55961.8,0,0.42,1.50,5
58513,0.006,0.002,-0.001,2.197,-29.602,-8.667,0.000,-0.000,0.000,-0.4328,0.5840,-0.3275,0.6037,3613.51,21.12,-9.80,84.07,55967.4,0,0.37,1.50,5
58533,0.003,-0.001,-0.003,2.075,-29.358,-8.789,0.000,-0.000,0.000,-0.4337,0.5875,-0.3241,0.6014,3613.96,20.95,-9.79,84.28,55951.7,0,0.43,1.50,5
58553,0.003,-0.002,-0.005,1.953,-29.114,-8.850,0.000,-0.000,0.000,-0.4346,0.5909,-0.3207,0.5992,3614.36,20.74,-9.78,84.49,55956.5,0,0.38,1.50,5
58573,0.002,0.003,-0.007,2.014,-28.992,-8.911,0.000,-0.000,0.000,-0.4355,0.5942,-0.3174,0.5970,3614.80,20.57,-9.83,84.70,55945.3,0,0.42,1.50,5
58593,0.005,0.001,-0.006,1.953,-28.870,-9.094,0.000,-0.000,0.000,-0.4364,0.5976,-0.3140,0.5948,3615.19,20.36,-9.80,84.92,55952.5,0,0.37,1.50,5
58613,0.004,0.000,-0.003,1.892,-28.625,-9.216,0.000,-0.000,0.000,-0.4372,0.6009,-0.3106,0.5927,3615.59,20.16,-9.79,85.14,55945.4,0,0.38,1.50,5
58633,0.004,0.001,-0.004,1.831,-28.503,-9.216,0.000,-0.000,0.000,-0.4380,0.6042,-0.3073,0.5905,3616.00,19.97,-9.81,85.36,55941.0,0,0.39,1.50,5
58653,0.004,-0.000,-0.004,1.770,-28.381,-9.338,0.000,-0.000,0.000,-0.4387,0.6075,-0.3039,0.5883,3616.34,19.72,-9.79,85.58,55950.4,0,0.32,1.50,5
58673,0.005,0.001,-0.004,1.465,-28.137,-9.583,0.000,-0.000,0.000,-0.4394,0.6108,-0.3006,0.5861,3616.72,19.51,-9.80,85.80,55939.7,0,0.36,1.50,5
58693,0.004,-0.002,-0.004,1.587,-27.954,-9.644,0.000,-0.000,0.000,-0.4400,0.6140,-0.2972,0.5840,3617.08,19.29,-9.77,86.03,55940.6,0,0.33,1.50,5
58713,0.006,-0.002,-0.003,1.404,-27.954,-9.766,0.000,-0.000,0.000,-0.4406,0.6173,-0.2938,0.5818,3617.49,19.12,-9.76,86.26,55926.4,0,0.39,1.50,5
58733,0.005,-0.002,-0.003,1.404,-27.710,-9.888,0.000,-0.000,0.000,-0.4412,0.6205,-0.2905,0.5796,3617.80,18.86,-9.77,86.49,55944.0,0,0.28,1.50,5
58753,0.004,-0.002,-0.003,1.465,-27.527,-10.010,0.000,-0.000,0.000,-0.4417,0.6236,-0.2871,0.5775,3618.10,18.59,-9.77,86.71,55940.8,0,0.28,1.50,5
58773,0.004,-0.000,-0.005,1.221,-27.283,-10.132,0.000,-0.000,0.000,-0.4422,0.6268,-0.2837,0.5754,3618.46,18.39,-9.78,86.95,55926.7,0,0.33,1.50,5
58793,0.005,-0.003,-0.005,1.282,-27.161,-10.315,0.000,-0.000,0.000,-0.4427,0.6299,-0.2803,0.5733,3618.86,18.22,-9.76,87.18,55917.4,0,0.36,1.50,5
58813,0.003,-0.001,-0.005,0.977,-27.100,-10.254,0.000,-0.000,0.000,-0.4431,0.6331,-0.2770,0.5711,3619.24,18.05,-9.78,87.42,55915.4,0,0.35,1.50,5
58833,0.004,-0.002,-0.002,1.038,-26.855,-10.437,0.000,-0.000,0.000,-0.4435,0.6362,-0.2736,0.5690,3619.58,17.83,-9.77,87.66,55921.8,0,0.30,1.50,5
58853,0.006,-0.004,-0.006,0.916,-26.733,-10.681,0.000,-0.000,0.000,-0.4438,0.6392,-0.2702,0.5669,3619.94,17.64,-9.75,87.90,55913.9,0,0.33,1.50,5
58873,0.004,-0.000,-0.002,0.854,-26.550,-10.742,0.000,-0.000,0.000,-0.4441,0.6423,-0.2669,0.5648,3620.30,17.45,-9.78,88.14,55910.9,0,0.32,1.50,5
58893,0.002,-0.005,-0.002,0.732,-26.428,-10.864,0.000,-0.000,0.000,-0.4443,0.6454,-0.2635,0.5627,3620.66,17.27,-9.75,88.39,55908.2,0,0.32,1.50,5
58913,0.004,-0.003,-0.004,0.671,-26.245,-10.986,0.000,-0.000,0.000,-0.4445,0.6484,-0.2601,0.5607,3620.98,17.05,-9.76,88.63,55911.8,0,0.29,1.50,5
58933,0.006,-0.004,-0.006,0.610,-26.123,-11.169,0.000,-0.000,0.000,-0.4447,0.6514,-0.2567,0.5586,3621.32,16.86,-9.75,88.88,55905.6,0,0.30,1.50,5
58953,0.003,-0.000,-0.002,0.427,-25.818,-11.230,0.000,-0.000,0.000,-0.4448,0.6544,-0.2534,0.5566,3621.64,16.65,-9.79,89.13,55904.6,0,0.29,1.50,5
58973,0.004,-0.005,-0.006,0.305,-25.696,-11.292,0.000,-0.000,0.000,-0.4449,0.6573,-0.2500,0.5545,3621.96,16.45,-9.74,89.38,55902.9,0,0.28,1.50,5
58993,0.005,-0.001,-0.005,0.244,-25.635,-11.475,0.000,-0.000,0.000,-0.4449,0.6603,-0.2467,0.5525,3622.30,16.26,-9.77,89.64,55896.3,0,0.30,1.50,5
59013,0.004,-0.003,-0.002,0.122,-25.452,-11.597,0.000,-0.000,0.000,-0.4449,0.6632,-0.2433,0.5505,3622.55,16.00,-9.76,89.89,55911.0,0,0.21,1.50,5
59033,0.006,-0.001,-0.001,0.061,-25.391,-11.658,0.000,-0.000,0.000,-0.4448,0.6661,-0.2400,0.5484,3622.90,15.84,-9.77,90.15,55887.8,0,0.31,1.50,5
59056,0.005,-0.003,-0.001,-0.122,-25.085,-11.841,0.000,-0.000,0.000,-0.4448,0.6690,-0.2366,0.5464,3623.19,15.61,-9.75,90.41,55897.8,0,0.24,1.50,5
59073,0.006,-0.003,-0.008,-0.183,-25.024,-12.024,0.000,-0.000,0.000,-0.4446,0.6719,-0.2333,0.5444,3623.50,15.42,-9.74,90.68,55889.3,0,0.27,1.50,5
59093,0.005,-0.005,-0.001,-0.305,-24.780,-12.085,0.000,-0.000,0.000,-0.4444,0.6748,-0.2299,0.5425,3623.79,15.22,-9.74,90.94,55890.6,0,0.25,1.50,5
59113,0.004,-0.007,-0.001,-0.427,-24.719,-12.207,0.000,-0.000,0.000,-0.4442,0.6776,-0.2266,0.5405,3624.02,14.95,-9.73,91.21,55901.6,0,0.18,1.50,5
59133,0.004,-0.007,-0.004,-0.549,-24.597,-12.390,0.000,-0.000,0.000,-0.4440,0.6805,-0.2232,0.5385,3624.37,14.80,-9.72,91.48,55874.4,0,0.30,1.50,5
59153,0.007,-0.004,-0.004,-0.610,-24.353,-12.512,0.000,-0.000,0.000,-0.4437,0.6833,-0.2199,0.5366,3624.69,14.63,-9.73,91.75,55876.8,0,0.27,1.50,5
59173,0.004,-0.009,-0.002,-0.793,-24.292,-12.573,0.000,-0.000,0.000,-0.4433,0.6861,-0.2166,0.5346,3624.91,14.38,-9.71,92.02,55892.3,0,0.18,1.50,5
59193,0.006,-0.006,-0.006,-0.854,-24.170,-12.878,0.000,-0.000,0.000,-0.4429,0.6889,-0.2132,0.5327,3625.23,14.21,-9.72,92.30,55872.6,0,0.26,1.50,5
59213,0.005,-0.003,-0.003,-1.038,-23.987,-12.939,0.000,-0.000,0.000,-0.4425,0.6917,-0.2099,0.5307,3625.51,14.02,-9.75,92.58,55876.3,0,0.23,1.50,5
59233,0.005,-0.008,-0.004,-1.099,-23.865,-13.000,0.000,-0.000,0.000,-0.4421,0.6945,-0.2065,0.5288,3625.74,13.77,-9.71,92.86,55884.3,0,0.18,1.50,5
59253,0.007,-0.007,-0.002,-1.038,-23.682,-13.123,0.000,-0.000,0.000,-0.4416,0.6972,-0.2032,0.5269,3626.03,13.59,-9.71,93.14,55869.8,0,0.24,1.50,5
59273,0.007,-0.009,-0.004,-1.282,-23.499,-13.245,0.000,-0.000,0.000,-0.4410,0.6999,-0.1998,0.5251,3626.30,13.40,-9.69,93.42,55869.9,0,0.22,1.50,5
59293,0.006,-0.007,-0.004,-1.404,-23.254,-13.245,0.000,-0.000,0.000,-0.4405,0.7026,-0.1965,0.5232,3626.55,13.20,-9.72,93.70,55871.2,0,0.20,1.50,5
59313,0.007,-0.007,-0.004,-1.648,-23.254,-13.550,0.000,-0.000,0.000,-0.4398,0.7053,-0.1932,0.5213,3626.83,13.02,-9.70,93.99,55863.8,0,0.22,1.50,5
59333,0.006,-0.008,-0.002,-1.587,-23.071,-13.550,0.000,-0.000,0.000,-0.4392,0.7080,-0.1899,0.5195,3627.12,12.86,-9.71,94.28,55859.0,0,0.23,1.50,5
59353,0.007,-0.010,-0.005,-1.770,-22.949,-13.733,0.000,-0.000,0.000,-0.4385,0.7106,-0.1865,0.5176,3627.41,12.69,-9.69,94.57,55857.4,0,0.23,1.50,5
59373,0.006,-0.008,-0.002,-1.892,-22.888,-13.977,0.000,-0.000,0.000,-0.4377,0.7133,-0.1832,0.5158,3627.70,12.53,-9.71,94.86,55854.7,0,0.23,1.50,5
59393,0.008,-0.011,-0.004,-2.136,-22.705,-14.038,0.000,-0.000,0.000,-0.4369,0.7160,-0.1799,0.5140,3627.92,12.31,-9.67,95.16,55864.0,0,0.17,1.50,5
59413,0.007,-0.010,-0.002,-2.197,-22.644,-14.160,0.000,-0.000,0.000,-0.4361,0.7186,-0.1765,0.5121,3628.17,12.13,-9.68,95.46,55856.0,0,0.19,1.50,5
59433,0.006,-0.011,-0.004,-2.380,-22.339,-14.343,0.000,-0.000,0.000,-0.4352,0.7212,-0.1732,0.5104,3628.43,11.94,-9.68,95.75,55853.9,0,0.19,1.50,5
59453,0.006,-0.010,-0.003,-2.502,-22.339,-14.404,0.000,-0.000,0.000,-0.4343,0.7238,-0.1699,0.5086,3628.69,11.77,-9.69,96.06,55849.8,0,0.20,1.50,5
59473,0.009,-0.012,-0.004,-2.563,-22.095,-14.526,0.000,-0.000,0.000,-0.4333,0.7264,-0.1666,0.5068,3628.95,11.61,-9.66,96.36,55846.6,0,0.20,1.50,5
59493,0.006,-0.013,-0.001,-2.930,-22.034,-14.771,0.000,-0.000,0.000,-0.4323,0.7290,-0.1633,0.5050,3629.18,11.41,-9.67,96.67,55851.2,0,0.16,1.50,5
59513,0.010,-0.013,-0.006,-2.991,-21.790,-14.893,0.000,-0.000,0.000,-0.4312,0.7315,-0.1600,0.5033,3629.38,11.20,-9.64,96.98,55853.3,0,0.14,1.50,5
59533,0.009,-0.011,-0.002,-3.174,-21.667,-14.954,0.000,-0.000,0.000,-0.4301,0.7341,-0.1567,0.5016,3629.60,11.00,-9.67,97.29,55848.8,0,0.15,1.50,5
59553,0.008,-0.013,-0.003,-3.296,-21.545,-15.198,0.000,-0.000,0.000,-0.4290,0.7366,-0.1534,0.4999,3629.79,10.79,-9.66,97.60,55850.9,0,0.13,1.50,5
59573,0.008,-0.013,-0.005,-3.418,-21.606,-15.320,0.000,-0.000,0.000,-0.4278,0.7392,-0.1501,0.4981,3630.07,10.65,-9.65,97.92,55833.0,0,0.21,1.50,5
59593,0.010,-0.016,-0.002,-3.540,-21.301,-15.381,0.000,-0.000,0.000,-0.4265,0.7417,-0.1468,0.4964,3630.31,10.49,-9.62,98.24,55837.1,0,0.17,1.50,5
59613,0.010,-0.009,-0.005,-3.662,-21.179,-15.625,0.000,-0.000,0.000,-0.4252,0.7442,-0.1435,0.4948,3630.60,10.37,-9.67,98.55,55826.2,0,0.22,1.50,5
59633,0.009,-0.016,-0.006,-3.784,-20.996,-15.625,0.000,-0.000,0.000,-0.4239,0.7466,-0.1402,0.4931,3630.81,10.18,-9.62,98.87,55839.2,0,0.14,1.50,5
59653,0.010,-0.010,-0.003,-4.028,-20.874,-15.808,0.000,-0.000,0.000,-0.4226,0.7491,-0.1369,0.4915,3630.98,9.96,-9.67,99.20,55843.8,0,0.10,1.50,5
59676,0.008,-0.014,-0.003,-4.150,-20.813,-16.174,0.000,-0.000,0.000,-0.4211,0.7516,-0.1336,0.4898,3631.13,9.72,-9.65,99.52,55846.1,0,0.08,1.50,5
59693,0.009,-0.015,-0.005,-4.272,-20.691,-16.052,0.000,-0.000,0.000,-0.4197,0.7540,-0.1303,0.4882,3631.32,9.52,-9.63,99.85,55836.5,0,0.12,1.50,5
59713,0.011,-0.016,-0.002,-4.578,-20.630,-16.174,0.000,-0.000,0.000,-0.4182,0.7565,-0.1270,0.4866,3631.49,9.32,-9.62,100.18,55836.6,0,0.11,1.50,5
59733,0.010,-0.016,-0.004,-4.700,-20.386,-16.418,0.000,-0.000,0.000,-0.4166,0.7589,-0.1237,0.4850,3631.77,9.21,-9.62,100.52,55815.8,0,0.20,1.50,5
59753,0.013,-0.014,-0.005,-4.761,-20.203,-16.541,0.000,-0.000,0.000,-0.4150,0.7613,-0.1204,0.4834,3631.92,8.99,-9.61,100.85,55838.1,0,0.08,1.50,5
59773,0.012,-0.017,-0.003,-5.005,-20.142,-16.663,0.000,-0.000,0.000,-0.4134,0.7637,-0.1171,0.4818,3632.08,8.78,-9.60,101.18,55833.4,0,0.09,1.50,5
59793,0.011,-0.014,-0.003,-5.127,-20.081,-16.785,0.000,-0.000,0.000,-0.4117,0.7661,-0.1139,0.4802,3632.27,8.60,-9.63,101.52,55827.2,0,0.11,1.50,5
59813,0.015,-0.017,-0.003,-5.371,-19.775,-17.029,0.000,-0.000,0.000,-0.4100,0.7685,-0.1106,0.4787,3632.43,8.40,-9.58,101.86,55829.1,0,0.09,1.50,5
59833,0.011,-0.013,-0.004,-5.554,-19.836,-17.151,0.000,-0.000,0.000,-0.4082,0.7709,-0.1073,0.4772,3632.65,8.26,-9.63,102.21,55817.3,0,0.14,1.50,5
59853,0.012,-0.015,-0.004,-5.737,-19.775,-17.212,0.000,-0.000,0.000,-0.4063,0.7732,-0.1040,0.4756,3632.79,8.05,-9.62,102.56,55829.1,0,0.07,1.50,5
59873,0.013,-0.017,-0.004,-5.981,-19.531,-17.395,0.000,-0.000,0.000,-0.4044,0.7756,-0.1008,0.4741,3632.98,7.88,-9.60,102.90,55818.9,0,0.11,1.50,5
59893,0.014,-0.015,-0.006,-6.226,-19.531,-17.517,0.000,-0.000,0.000,-0.4025,0.7779,-0.0975,0.4726,3633.12,7.68,-9.60,103.26,55826.1,0,0.06,1.50,5
59913,0.014,-0.014,-0.003,-6.226,-19.348,-17.700,0.000,-0.000,0.000,-0.4005,0.7802,-0.0942,0.4711,3633.26,7.47,-9.61,103.61,55824.8,0,0.06,1.50,5
59933,0.013,-0.012,-0.002,-6.531,-19.165,-17.883,0.000,-0.000,0.000,-0.3985,0.7826,-0.0910,0.4696,3633.43,7.30,-9.63,103.97,55816.5,0,0.09,1.50,5
59953,0.015,-0.017,-0.004,-6.592,-19.104,-18.005,0.000,-0.000,0.000,-0.3964,0.7849,-0.0877,0.4681,3633.58,7.12,-9.58,104.32,55818.9,0,0.07,1.50,5
59973,0.016,-0.016,-0.003,-6.958,-18.921,-18.188,0.000,-0.000,0.000,-0.3943,0.7872,-0.0844,0.4667,3633.72,6.93,-9.59,104.68,55819.2,0,0.06,1.50,5
59993,0.016,-0.017,-0.003,-7.019,-18.982,-18.250,0.000,-0.000,0.000,-0.3921,0.7894,-0.0812,0.4652,3633.89,6.76,-9.58,105.05,55813.4,0,0.08,1.50,5
60013,0.017,-0.019,-0.003,-7.141,-18.677,-18.494,0.000,-0.000,0.000,-0.3899,0.7917,-0.0779,0.4638,3633.99,6.54,-9.56,105.41,55823.2,0,0.02,1.50,5
60033,0.017,-0.015,-0.005,-7.385,-18.616,-18.494,0.000,-0.000,0.000,-0.3876,0.7939,-0.0746,0.4624,3634.15,6.38,-9.58,105.77,55809.6,0,0.08,1.50,5
60053,0.016,-0.018,-0.005,-7.629,-18.555,-18.799,0.000,-0.000,0.000,-0.3853,0.7962,-0.0714,0.4610,3634.22,6.13,-9.57,106.14,55826.4,0,0.00,1.50,5
60073,0.018,-0.019,-0.003,-7.935,-18.372,-18.921,0.000,-0.000,0.000,-0.3829,0.7984,-0.0681,0.4596,3634.26,5.87,-9.55,106.51,55829.8,0,0.00,1.50,5
60093,0.015,-0.019,-0.004,-8.118,-18.372,-19.043,0.000,-0.000,0.000,-0.3805,0.8007,-0.0648,0.4582,3634.42,5.72,-9.57,106.89,55806.2,0,0.07,1.50,5
60113,0.018,-0.021,-0.004,-8.179,-18.066,-19.165,0.000,-0.000,0.000,-0.3780,0.8029,-0.0616,0.4569,3634.55,5.55,-9.54,107.26,55809.4,0,0.04,1.50,5
60133,0.018,-0.018,-0.001,-8.423,-18.188,-19.409,0.000,-0.000,0.000,-0.3755,0.8051,-0.0583,0.4555,3634.68,5.37,-9.57,107.64,55810.2,0,0.03,1.50,5
60153,0.019,-0.021,-0.006,-8.667,-18.005,-19.592,0.000,-0.000,0.000,-0.3729,0.8072,-0.0550,0.4542,3634.81,5.21,-9.53,108.02,55806.1,0,0.04,1.50,5
60173,0.020,-0.019,-0.007,-8.972,-17.822,-19.714,0.000,-0.000,0.000,-0.3702,0.8094,-0.0518,0.4529,3634.90,5.00,-9.53,108.40,55814.2,0,0.00,1.50,5
60193,0.018,-0.020,-0.006,-9.094,-17.822,-19.775,0.000,-0.000,0.000,-0.3676,0.8116,-0.0485,0.4515,3634.94,4.75,-9.55,108.79,55821.4,0,0.00,1.50,5
60213,0.021,-0.021,-0.007,-9.399,-17.700,-19.958,0.000,-0.000,0.000,-0.3648,0.8137,-0.0453,0.4502,3634.98,4.51,-9.51,109.17,55820.5,0,0.00,1.50,5
60233,0.020,-0.022,-0.008,-9.521,-17.639,-20.203,0.000,-0.000,0.000,-0.3620,0.8159,-0.0420,0.4489,3635.06,4.32,-9.50,109.56,55811.4,0,0.00,1.50,5
60253,0.021,-0.023,-0.007,-9.705,-17.517,-20.325,0.000,-0.000,0.000,-0.3592,0.8180,-0.0387,0.4476,3635.16,4.15,-9.50,109.95,55805.4,0,0.01,1.50,5
60273,0.023,-0.021,-0.006,-10.071,-17.395,-20.447,0.000,-0.000,0.000,-0.3563,0.8201,-0.0355,0.4464,3635.21,3.93,-9.50,110.34,55813.9,0,0.00,1.50,5
60296,0.022,-0.022,-0.007,-10.193,-17.334,-20.630,0.000,-0.000,0.000,-0.3533,0.8222,-0.0322,0.4451,3635.32,3.76,-9.50,110.74,55803.2,0,0.00,1.50,5
60313,0.022,-0.022,-0.006,-10.559,-17.273,-20.752,0.000,-0.000,0.000,-0.3503,0.8243,-0.0290,0.4438,3635.36,3.55,-9.50,111.14,55813.4,0,0.00,1.50,5
60333,0.023,-0.026,-0.006,-10.742,-17.090,-20.996,0.000,-0.000,0.000,-0.3472,0.8264,-0.0257,0.4426,3635.38,3.31,-9.47,111.54,55816.8,0,0.00,1.50,5
60353,0.024,-0.024,-0.006,-11.047,-16.968,-21.057,0.000,-0.000,0.000,-0.3441,0.8284,-0.0225,0.4414,3635.45,3.13,-9.48,111.94,55805.9,0,0.00,0.00,5
60373,0.023,-0.024,-0.009,-11.230,-16.907,-21.301,0.000,-0.000,0.000,-0.3409,0.8305,-0.0192,0.4402,3635.50,2.92,-9.47,112.34,55809.6,0,0.00,0.00,5
60394,0.025,-0.025,-0.009,-11.597,-16.846,-21.362,0.000,-0.000,0.000,-0.3376,0.8325,-0.0160,0.4389,3635.62,2.80,-9.45,112.75,55793.4,0,0.02,0.00,5
60413,0.027,-0.027,-0.005,-11.597,-16.724,-21.545,0.000,-0.000,0.000,-0.3343,0.8345,-0.0127,0.4377,3635.70,2.63,-9.44,113.16,55801.3,0,0.00,0.00,5
60433,0.026,-0.024,-0.008,-11.963,-16.663,-21.729,0.000,-0.000,0.000,-0.3310,0.8365,-0.0095,0.4365,3635.77,2.46,-9.46,113.56,55801.4,0,0.00,0.00,5
60453,0.026,-0.025,-0.009,-12.329,-16.479,-21.973,0.000,-0.000,0.000,-0.3275,0.8385,-0.0062,0.4354,3635.79,2.25,-9.45,113.98,55809.6,0,0.00,0.00,5
60473,0.029,-0.028,-0.011,-12.573,-16.479,-22.156,0.000,-0.000,0.000,-0.3240,0.8405,-0.0030,0.4342,3635.87,2.10,-9.41,114.39,55796.8,0,0.00,0.00,5
60493,0.029,-0.027,-0.008,-12.756,-16.357,-22.339,0.000,-0.000,0.000,-0.3205,0.8425,0.0003,0.4331,3635.91,1.91,-9.42,114.80,55803.4,0,0.00,0.00,5
60513,0.030,-0.030,-0.006,-12.878,-16.235,-22.461,0.000,-0.000,0.000,-0.3169,0.8444,0.0036,0.4319,3635.98,1.75,-9.41,115.22,55798.1,0,0.00,0.00,5
60533,0.030,-0.028,-0.010,-13.306,-16.235,-22.522,0.000,-0.000,0.000,-0.3132,0.8463,0.0068,0.4308,3636.03,1.57,-9.40,115.64,55800.8,0,0.00,0.00,5
60553,0.033,-0.031,-0.011,-13.489,-16.174,-22.827,0.000,-0.000,0.000,-0.3095,0.8482,0.0101,0.4296,3636.07,1.40,-9.36,116.05,55800.0,0,0.00,0.00,5
60573,0.032,-0.034,-0.010,-13.855,-16.113,-23.010,0.000,-0.000,0.000,-0.3057,0.8501,0.0133,0.4285,3636.11,1.23,-9.36,116.48,55799.7,0,0.00,0.00,5
60593,0.033,-0.029,-0.010,-14.160,-15.930,-23.132,0.000,-0.000,0.000,-0.3018,0.8520,0.0166,0.4274,3636.12,1.03,-9.38,116.90,55805.0,0,0.00,0.00,5
60613,0.033,-0.029,-0.013,-14.404,-15.991,-23.315,0.000,-0.000,0.000,-0.2979,0.8539,0.0198,0.4263,3636.16,0.86,-9.37,117.33,55798.4,0,0.00,0.00,5
