Time[ms],AccX[g],AccY[g],AccZ[g],GyroX[°/s],GyroY[°/s],GyroZ[°/s],MagX[uT],MagY[uT],MagZ[uT],qW,qX,qY,qZ,AltFilt[m],VelFilt[m/s],AccVert[m/s^2],Tilt[°],PressBMP[Pa],Servo[%],PID_Gain,Cd_Gain,Estado
16522,0.052,-0.051,-0.997,0.000,0.000,0.000,0.000,-0.000,0.000,0.9998,-0.0129,-0.0131,0.0000,-0.00,0.00,19.55,2.11,86133.1,0,0.00,0.00,3
16541,0.052,-0.051,-0.997,0.000,0.000,0.000,0.000,-0.000,0.000,0.9998,-0.0129,-0.0131,0.0000,0.00,0.39,19.55,2.11,86133.1,0,0.00,0.00,3
16561,0.052,-0.051,-0.997,0.000,0.000,0.000,0.000,-0.000,0.000,0.9998,-0.0129,-0.0131,0.0000,0.01,0.78,19.55,2.11,86133.1,0,0.00,0.00,3
16581,0.052,-0.051,-0.997,0.000,0.000,0.000,0.000,-0.000,0.000,0.9998,-0.0129,-0.0131,0.0000,0.02,1.17,19.55,2.11,86133.1,0,0.00,0.00,3
16601,0.052,-0.051,-0.997,0.000,0.000,0.000,0.000,-0.000,0.000,0.9998,-0.0129,-0.0132,0.0000,0.04,1.56,19.55,2.11,86133.1,0,0.00,0.00,3
16621,0.052,-0.051,-0.997,0.000,0.000,0.000,0.000,-0.000,0.000,0.9998,-0.0129,-0.0132,0.0000,0.07,1.96,19.55,2.11,86133.1,0,0.00,0.00,3
16641,0.052,-0.051,-0.997,0.000,0.000,0.000,0.000,-0.000,0.000,0.9998,-0.0129,-0.0132,0.0000,0.10,2.35,19.55,2.11,86133.1,0,0.00,0.00,3
16661,0.052,-0.051,-0.997,0.000,0.000,0.000,0.000,-0.000,0.000,0.9998,-0.0129,-0.0132,0.0000,0.13,2.74,19.55,2.11,86133.1,0,0.00,0.00,3
16681,0.052,-0.051,-0.997,0.000,0.000,0.000,0.000,-0.000,0.000,0.9998,-0.0129,-0.0132,0.0000,0.17,3.13,19.55,2.11,86133.1,0,0.00,0.00,3
16701,0.052,-0.051,-0.997,0.000,0.000,0.000,0.000,-0.000,0.000,0.9998,-0.0129,-0.0132,0.0000,0.22,3.52,19.55,2.12,86133.1,0,0.00,0.00,3
16721,0.052,-0.051,-0.997,0.000,0.000,0.000,0.000,-0.000,0.000,0.9998,-0.0129,-0.0132,0.0000,0.27,3.91,19.55,2.12,86133.1,0,0.00,0.00,3
16741,0.052,-0.051,-0.997,0.000,0.000,0.000,0.000,-0.000,0.000,0.9998,-0.0129,-0.0132,0.0000,0.32,4.30,19.55,2.12,86133.1,0,0.00,0.00,3
16761,0.052,-0.051,-0.997,0.000,0.000,0.000,0.000,-0.000,0.000,0.9998,-0.0129,-0.0132,0.0000,0.38,4.69,19.55,2.12,86133.1,0,0.00,0.00,3
16781,0.052,-0.051,-0.997,0.000,0.000,0.000,0.000,-0.000,0.000,0.9998,-0.0130,-0.0132,0.0000,0.45,5.08,19.55,2.12,86133.1,0,0.00,0.00,3
16801,0.052,-0.051,-0.997,0.000,0.000,0.000,0.000,-0.000,0.000,0.9998,-0.0130,-0.0132,0.0000,0.52,5.47,19.55,2.12,86133.1,0,0.00,0.00,3
16821,0.052,-0.051,-0.997,0.000,0.000,0.000,0.000,-0.000,0.000,0.9998,-0.0130,-0.0132,0.0000,0.59,5.86,19.55,2.12,86133.1,0,0.00,0.00,3
16841,0.052,-0.051,-0.997,0.000,0.000,0.000,0.000,-0.000,0.000,0.9998,-0.0130,-0.0132,0.0000,0.68,6.25,19.55,2.12,86133.1,0,0.00,0.00,3
16861,0.052,-0.051,-0.997,0.000,0.000,0.000,0.000,-0.000,0.000,0.9998,-0.0130,-0.0132,0.0000,0.76,6.64,19.55,2.12,86133.1,0,0.00,0.00,3
16881,0.052,-0.051,-0.997,0.000,0.000,0.000,0.000,-0.000,0.000,0.9998,-0.0130,-0.0132,0.0000,0.85,7.03,19.55,2.12,86133.1,0,0.00,0.00,3
16901,0.052,-0.051,-0.997,0.000,0.000,0.000,0.000,-0.000,0.000,0.9998,-0.0130,-0.0132,0.0000,0.95,7.42,19.55,2.12,86133.1,0,0.00,0.00,3
16921,0.052,-0.051,-0.997,0.000,0.000,0.000,0.000,-0.000,0.000,0.9998,-0.0130,-0.0132,0.0000,1.05,7.80,19.55,2.12,86133.1,0,0.00,0.00,3
16941,0.052,-0.051,-0.997,0.000,0.000,0.000,0.000,-0.000,0.000,0.9998,-0.0130,-0.0132,0.0000,1.16,8.19,19.55,2.13,86133.1,0,0.00,0.00,3
16961,0.052,-0.051,-0.997,0.000,0.000,0.000,0.000,-0.000,0.000,0.9998,-0.0130,-0.0132,0.0000,1.27,8.58,19.55,2.13,86133.1,0,0.00,0.00,3
16981,0.052,-0.051,-0.997,0.000,0.000,0.000,0.000,-0.000,0.000,0.9998,-0.0130,-0.0132,0.0000,1.39,8.96,19.55,2.13,86133.1,0,0.00,0.00,3
17001,0.052,-0.051,-0.997,0.000,0.000,0.000,0.000,-0.000,0.000,0.9998,-0.0130,-0.0133,0.0000,1.51,9.35,19.55,2.13,86133.1,0,0.00,0.00,3
17021,0.052,-0.051,-0.997,0.000,0.000,0.000,0.000,-0.000,0.000,0.9998,-0.0130,-0.0133,0.0000,1.63,9.73,19.55,2.13,86133.1,0,0.00,0.00,3
17041,0.052,-0.051,-0.997,0.000,0.000,0.000,0.000,-0.000,0.000,0.9998,-0.0130,-0.0133,0.0000,1.76,10.11,19.55,2.13,86133.1,0,0.00,0.00,3
17061,0.052,-0.051,-0.997,0.000,0.000,0.000,0.000,-0.000,0.000,0.9998,-0.0130,-0.0133,0.0000,1.90,10.49,19.55,2.13,86133.1,0,0.00,0.00,3
17081,0.052,-0.051,-0.997,0.000,0.000,0.000,0.000,-0.000,0.000,0.9998,-0.0130,-0.0133,0.0000,2.04,10.87,19.55,2.13,86133.1,0,0.00,0.00,3
17101,0.052,-0.051,-0.997,0.000,0.000,0.000,0.000,-0.000,0.000,0.9998,-0.0130,-0.0133,0.0000,2.19,11.24,19.55,2.13,86133.1,0,0.00,0.00,3
17121,0.052,-0.051,-0.997,0.000,0.000,0.000,0.000,-0.000,0.000,0.9998,-0.0130,-0.0133,0.0000,2.33,11.62,19.55,2.13,86133.1,0,0.00,0.00,3
17141,0.052,-0.051,-0.997,0.000,0.000,0.000,0.000,-0.000,0.000,0.9998,-0.0130,-0.0133,0.0000,2.49,11.99,19.55,2.13,86133.1,0,0.00,0.00,3
17161,0.052,-0.051,-0.997,0.000,0.000,0.000,0.000,-0.000,0.000,0.9998,-0.0130,-0.0133,0.0000,2.65,12.36,19.55,2.13,86133.1,0,0.00,0.00,3
17181,0.052,-0.051,-0.997,0.000,0.000,0.000,0.000,-0.000,0.000,0.9998,-0.0131,-0.0133,0.0000,2.81,12.73,19.55,2.14,86133.1,0,0.00,0.00,3
17201,0.052,-0.051,-0.997,0.000,0.000,0.000,0.000,-0.000,0.000,0.9998,-0.0131,-0.0133,0.0000,2.97,13.09,19.55,2.14,86133.1,0,0.00,0.00,3
17221,0.052,-0.051,-0.997,0.000,0.000,0.000,0.000,-0.000,0.000,0.9998,-0.0131,-0.0133,0.0000,3.14,13.45,19.55,2.14,86133.1,0,0.00,0.00,3
17241,0.052,-0.051,-0.997,0.000,0.000,0.000,0.000,-0.000,0.000,0.9998,-0.0131,-0.0133,0.0000,3.32,13.81,19.55,2.14,86133.1,0,0.00,0.00,3
17261,0.052,-0.051,-0.997,0.000,0.000,0.000,0.000,-0.000,0.000,0.9998,-0.0131,-0.0133,0.0000,3.49,14.16,19.55,2.14,86133.1,0,0.00,0.00,3
17281,0.052,-0.051,-0.997,0.000,0.000,0.000,0.000,-0.000,0.000,0.9998,-0.0131,-0.0133,0.0000,3.67,14.51,19.55,2.14,86133.1,0,0.00,0.00,3
17301,0.052,-0.051,-0.997,0.000,0.000,0.000,0.000,-0.000,0.000,0.9998,-0.0131,-0.0133,0.0000,3.86,14.85,19.55,2.14,86133.1,0,0.00,0.00,3
17321,0.052,-0.051,-0.997,0.000,0.000,0.000,0.000,-0.000,0.000,0.9998,-0.0131,-0.0133,0.0000,4.04,15.19,19.55,2.14,86133.1,0,0.00,0.00,3
17341,0.052,-0.051,-0.997,0.000,0.000,0.000,0.000,-0.000,0.000,0.9998,-0.0131,-0.0133,0.0000,4.23,15.53,19.55,2.14,86133.1,0,0.00,0.00,3
17361,0.052,-0.051,-0.997,0.000,0.000,0.000,0.000,-0.000,0.000,0.9998,-0.0131,-0.0133,0.0000,4.42,15.86,19.55,2.14,86133.1,0,0.00,0.00,3
17381,0.052,-0.051,-0.997,0.000,0.000,0.000,0.000,-0.000,0.000,0.9998,-0.0131,-0.0134,0.0000,4.61,16.18,19.55,2.14,86133.1,0,0.00,0.00,3
17401,0.052,-0.051,-0.997,0.000,0.000,0.000,0.000,-0.000,0.000,0.9998,-0.0131,-0.0134,0.0000,4.81,16.50,19.55,2.14,86133.1,0,0.00,0.00,3
17421,0.052,-0.051,-0.997,0.000,0.000,0.000,0.000,-0.000,0.000,0.9998,-0.0131,-0.0134,0.0000,5.00,16.81,19.55,2.15,86133.1,0,0.00,0.00,3
17441,0.052,-0.051,-0.997,0.000,0.000,0.000,0.000,-0.000,0.000,0.9998,-0.0131,-0.0134,0.0000,5.20,17.12,19.55,2.15,86133.1,0,0.00,0.00,3
17461,0.052,-0.051,-0.997,0.000,0.000,0.000,0.000,-0.000,0.000,0.9998,-0.0131,-0.0134,0.0000,5.40,17.42,19.55,2.15,86133.1,0,0.00,0.00,3
17481,0.052,-0.051,-0.997,0.000,0.000,0.000,0.000,-0.000,0.000,0.9998,-0.0131,-0.0134,0.0000,5.60,17.71,19.55,2.15,86133.1,0,0.00,0.00,3
17501,0.052,-0.051,-0.997,0.000,0.000,0.000,0.000,-0.000,0.000,0.9998,-0.0131,-0.0134,0.0000,5.80,18.00,19.55,2.15,86133.1,0,0.00,0.00,3
17521,0.052,-0.051,-0.997,0.000,0.000,0.000,0.000,-0.000,0.000,0.9998,-0.0131,-0.0134,0.0000,6.00,18.28,19.55,2.15,86133.1,0,0.00,0.00,3
17541,0.052,-0.051,-0.997,0.000,0.000,0.000,0.000,-0.000,0.000,0.9998,-0.0131,-0.0134,0.0000,6.20,18.55,19.55,2.15,86133.1,0,0.00,0.00,3
17561,0.052,-0.051,-0.997,0.000,0.000,0.000,0.000,-0.000,0.000,0.9998,-0.0131,-0.0134,0.0000,6.40,18.81,19.55,2.15,86133.1,0,0.00,0.00,3
17581,0.052,-0.051,-0.997,0.000,0.000,0.000,0.000,-0.000,0.000,0.9998,-0.0132,-0.0134,0.0000,6.60,19.07,19.55,2.15,86133.1,0,0.00,0.00,3
17601,0.052,-0.051,-0.997,0.000,0.000,0.000,0.000,-0.000,0.000,0.9998,-0.0132,-0.0134,0.0000,6.80,19.31,19.55,2.15,86133.1,0,0.00,0.00,3
17621,0.052,-0.051,-0.997,0.000,0.000,0.000,0.000,-0.000,0.000,0.9998,-0.0132,-0.0134,0.0000,7.00,19.55,19.55,2.15,86133.1,0,0.00,0.00,3
17641,0.052,-0.051,-0.997,0.000,0.000,0.000,0.000,-0.000,0.000,0.9998,-0.0132,-0.0134,0.0000,7.19,19.78,19.55,2.15,86133.1,0,0.00,0.00,3
17661,0.052,-0.051,-0.997,0.000,0.000,0.000,0.000,-0.000,0.000,0.9998,-0.0132,-0.0134,0.0000,7.38,20.00,19.55,2.16,86133.1,0,0.00,0.00,3
17681,0.052,-0.051,-0.997,0.000,0.000,0.000,0.000,-0.000,0.000,0.9998,-0.0132,-0.0134,0.0000,7.58,20.21,19.55,2.16,86133.1,0,0.00,0.00,3
17701,0.052,-0.051,-0.997,0.000,0.000,0.000,0.000,-0.000,0.000,0.9998,-0.0132,-0.0134,0.0000,7.77,20.42,19.55,2.16,86133.1,0,0.00,0.00,3
17721,0.052,-0.051,-0.997,0.000,0.000,0.000,0.000,-0.000,0.000,0.9998,-0.0132,-0.0134,0.0000,7.95,20.61,19.55,2.16,86133.1,0,0.00,0.00,3
17741,0.052,-0.051,-0.997,0.000,0.000,0.000,0.000,-0.000,0.000,0.9998,-0.0132,-0.0134,0.0000,8.13,20.79,19.55,2.16,86133.1,0,0.00,0.00,3
17761,0.052,-0.051,-0.997,0.000,0.000,0.000,0.000,-0.000,0.000,0.9998,-0.0132,-0.0135,0.0000,8.31,20.97,19.55,2.16,86133.1,0,0.00,0.00,3
17781,0.052,-0.051,-0.997,0.000,0.000,0.000,0.000,-0.000,0.000,0.9998,-0.0132,-0.0135,0.0000,8.49,21.13,19.55,2.16,86133.1,0,0.00,0.00,3
17801,0.052,-0.051,-0.997,0.000,0.000,0.000,0.000,-0.000,0.000,0.9998,-0.0132,-0.0135,0.0000,8.66,21.29,19.55,2.16,86133.1,0,0.00,0.00,3
17821,0.052,-0.051,-0.997,0.000,0.000,0.000,0.000,-0.000,0.000,0.9998,-0.0132,-0.0135,0.0000,8.83,21.43,19.55,2.16,86133.1,0,0.00,0.00,3
17841,0.052,-0.051,-0.997,0.000,0.000,0.000,0.000,-0.000,0.000,0.9998,-0.0132,-0.0135,0.0000,9.00,21.57,19.55,2.16,86133.1,0,0.00,0.00,3
17861,0.052,-0.051,-0.997,0.000,0.000,0.000,0.000,-0.000,0.000,0.9998,-0.0132,-0.0135,0.0000,9.16,21.70,19.55,2.16,86133.1,0,0.00,0.00,3
17881,0.052,-0.051,-0.997,0.000,0.000,0.000,0.000,-0.000,0.000,0.9998,-0.0132,-0.0135,0.0000,9.31,21.82,19.55,2.16,86133.1,0,0.00,0.00,3
17901,0.052,-0.051,-0.997,0.000,0.000,0.000,0.000,-0.000,0.000,0.9998,-0.0132,-0.0135,0.0000,9.46,21.93,19.55,2.17,86133.1,0,0.00,0.00,3
17921,0.052,-0.051,-0.997,0.000,0.000,0.000,0.000,-0.000,0.000,0.9998,-0.0132,-0.0135,0.0000,9.61,22.03,19.55,2.17,86133.1,0,0.00,0.00,3
17941,0.052,-0.051,-0.997,0.000,0.000,0.000,0.000,-0.000,0.000,0.9998,-0.0132,-0.0135,0.0000,9.75,22.12,19.55,2.17,86133.1,0,0.00,0.00,3
17961,0.052,-0.051,-0.997,0.000,0.000,0.000,0.000,-0.000,0.000,0.9998,-0.0133,-0.0135,0.0000,9.88,22.21,19.55,2.17,86133.1,0,0.00,0.00,3
17981,0.052,-0.051,-0.997,0.000,0.000,0.000,0.000,-0.000,0.000,0.9998,-0.0133,-0.0135,0.0000,10.01,22.28,19.55,2.17,86133.1,0,0.00,0.00,3
18001,0.052,-0.051,-0.997,0.000,0.000,0.000,0.000,-0.000,0.000,0.9998,-0.0133,-0.0135,0.0000,10.14,22.35,19.55,2.17,86133.1,0,0.00,0.00,3
18021,0.052,-0.051,-0.997,0.000,0.000,0.000,0.000,-0.000,0.000,0.9998,-0.0133,-0.0135,0.0000,10.26,22.41,19.55,2.17,86133.1,0,0.00,0.00,3
18041,0.052,-0.051,-0.997,0.000,0.000,0.000,0.000,-0.000,0.000,0.9998,-0.0133,-0.0135,0.0000,10.37,22.46,19.55,2.17,86133.1,0,0.00,0.00,3
18061,0.052,-0.051,-0.997,0.000,0.000,0.000,0.000,-0.000,0.000,0.9998,-0.0133,-0.0135,0.0000,10.48,22.50,19.55,2.17,86133.1,0,0.00,0.00,3
18081,0.052,-0.051,-0.997,0.000,0.000,0.000,0.000,-0.000,0.000,0.9998,-0.0133,-0.0135,0.0000,10.59,22.54,19.55,2.17,86133.1,0,0.00,0.00,3
18101,0.052,-0.051,-0.997,0.000,0.000,0.000,0.000,-0.000,0.000,0.9998,-0.0133,-0.0135,0.0000,10.69,22.57,19.55,2.17,86133.1,0,0.00,0.00,3
18121,0.052,-0.051,-0.997,0.000,0.000,0.000,0.000,-0.000,0.000,0.9998,-0.0133,-0.0135,0.0000,10.78,22.60,19.55,2.17,86133.1,0,0.00,0.00,3
18141,0.052,-0.051,-0.997,0.000,0.000,0.000,0.000,-0.000,0.000,0.9998,-0.0133,-0.0136,0.0000,10.87,22.62,19.55,2.18,86133.1,0,0.00,0.00,3
18161,0.052,-0.051,-0.997,0.000,0.000,0.000,0.000,-0.000,0.000,0.9998,-0.0133,-0.0136,0.0000,10.95,22.63,19.55,2.18,86133.1,0,0.00,0.00,3
18181,0.052,-0.051,-0.997,0.000,0.000,0.000,0.000,-0.000,0.000,0.9998,-0.0133,-0.0136,0.0000,11.03,22.64,19.55,2.18,86133.1,0,0.00,0.00,3
18201,0.052,-0.051,-0.997,0.000,0.000,0.000,0.000,-0.000,0.000,0.9998,-0.0133,-0.0136,0.0000,11.10,22.64,19.55,2.18,86133.1,0,0.00,0.00,3
18221,0.052,-0.051,-0.997,0.000,0.000,0.000,0.000,-0.000,0.000,0.9998,-0.0133,-0.0136,0.0000,11.17,22.63,19.55,2.18,86133.1,0,0.00,0.00,3
18241,0.052,-0.051,-0.997,0.000,0.000,0.000,0.000,-0.000,0.000,0.9998,-0.0133,-0.0136,0.0000,11.23,22.63,19.55,2.18,86133.1,0,0.00,0.00,3
18261,0.052,-0.051,-0.997,0.000,0.000,0.000,0.000,-0.000,0.000,0.9998,-0.0133,-0.0136,0.0000,11.29,22.61,19.55,2.18,86133.1,0,0.00,0.00,3
18281,0.052,-0.051,-0.997,0.000,0.000,0.000,0.000,-0.000,0.000,0.9998,-0.0133,-0.0136,0.0000,11.35,22.60,19.55,2.18,86133.1,0,0.00,0.00,3
18301,0.052,-0.051,-0.997,0.000,0.000,0.000,0.000,-0.000,0.000,0.9998,-0.0133,-0.0136,0.0000,11.39,22.58,19.55,2.18,86133.1,0,0.00,0.00,3
18321,0.052,-0.051,-0.997,0.000,0.000,0.000,0.000,-0.000,0.000,0.9998,-0.0133,-0.0136,0.0000,11.44,22.55,19.55,2.18,86133.1,0,0.00,0.00,3
18341,0.052,-0.051,-0.997,0.000,0.000,0.000,0.000,-0.000,0.000,0.9998,-0.0133,-0.0136,0.0000,11.48,22.53,19.55,2.18,86133.1,0,0.00,0.00,3
18361,0.052,-0.051,-0.997,0.000,0.000,0.000,0.000,-0.000,0.000,0.9998,-0.0134,-0.0136,0.0000,11.52,22.50,19.55,2.18,86133.1,0,0.00,0.00,3
18381,0.052,-0.051,-0.997,0.000,0.000,0.000,0.000,-0.000,0.000,0.9998,-0.0134,-0.0136,0.0000,11.55,22.47,19.55,2.19,86133.1,0,0.00,0.00,3
18401,0.052,-0.051,-0.997,0.000,0.000,0.000,0.000,-0.000,0.000,0.9998,-0.0134,-0.0136,0.0000,11.58,22.43,19.55,2.19,86133.1,0,0.00,0.00,3
18421,0.052,-0.051,-0.997,0.000,0.000,0.000,0.000,-0.000,0.000,0.9998,-0.0134,-0.0136,0.0000,11.61,22.40,19.55,2.19,86133.1,0,0.00,0.00,3
18441,0.052,-0.051,-0.997,0.000,0.000,0.000,0.000,-0.000,0.000,0.9998,-0.0134,-0.0136,0.0000,11.63,22.36,19.55,2.19,86133.1,0,0.00,0.00,3
18461,0.052,-0.051,-0.997,0.000,0.000,0.000,0.000,-0.000,0.000,0.9998,-0.0134,-0.0136,0.0000,11.65,22.32,19.55,2.19,86133.1,0,0.00,0.00,3
18481,0.052,-0.051,-0.997,0.000,0.000,0.000,0.000,-0.000,0.000,0.9998,-0.0134,-0.0136,0.0000,11.67,22.28,19.55,2.19,86133.1,0,0.00,0.00,3
18501,0.052,-0.051,-0.997,0.000,0.000,0.000,0.000,-0.000,0.000,0.9998,-0.0134,-0.0136,0.0000,11.68,22.24,19.55,2.19,86133.1,0,0.00,0.00,3
18521,0.052,-0.051,-0.997,0.000,0.000,0.000,0.000,-0.000,0.000,0.9998,-0.0134,-0.0136,0.0000,11.70,22.19,19.55,2.19,86133.1,0,0.00,0.00,3
18541,0.052,-0.051,-0.997,0.000,0.000,0.000,0.000,-0.000,0.000,0.9998,-0.0134,-0.0137,0.0000,11.71,22.15,19.55,2.19,86133.1,0,0.00,0.00,3
18561,0.052,-0.051,-0.997,0.000,0.000,0.000,0.000,-0.000,0.000,0.9998,-0.0134,-0.0137,0.0000,11.71,22.11,19.55,2.19,86133.1,0,0.00,0.00,3
18581,0.052,-0.051,-0.997,0.000,0.000,0.000,0.000,-0.000,0.000,0.9998,-0.0134,-0.0137,0.0000,11.72,22.06,19.55,2.19,86133.1,0,0.00,0.00,3
18601,0.052,-0.051,-0.997,0.000,0.000,0.000,0.000,-0.000,0.000,0.9998,-0.0134,-0.0137,0.0000,11.72,22.02,19.55,2.19,86133.1,0,0.00,0.00,3
18621,0.052,-0.051,-0.997,0.000,0.000,0.000,0.000,-0.000,0.000,0.9998,-0.0134,-0.0137,0.0000,11.72,21.97,19.55,2.20,86133.1,0,0.00,0.00,3
18641,0.052,-0.051,-0.997,0.000,0.000,0.000,0.000,-0.000,0.000,0.9998,-0.0134,-0.0137,0.0000,11.72,21.93,19.55,2.20,86133.1,0,0.00,0.00,3
18661,0.052,-0.051,-0.997,0.000,0.000,0.000,0.000,-0.000,0.000,0.9998,-0.0134,-0.0137,0.0000,11.72,21.88,19.55,2.20,86133.1,0,0.00,0.00,3
18681,0.052,-0.051,-0.997,0.000,0.000,0.000,0.000,-0.000,0.000,0.9998,-0.0134,-0.0137,0.0000,11.71,21.84,19.55,2.20,86133.1,0,0.00,0.00,3
18701,0.052,-0.051,-0.997,0.000,0.000,0.000,0.000,-0.000,0.000,0.9998,-0.0134,-0.0137,0.0000,11.71,21.79,19.55,2.20,86133.1,0,0.00,0.00,3
18721,0.052,-0.051,-0.997,0.000,0.000,0.000,0.000,-0.000,0.000,0.9998,-0.0134,-0.0137,0.0000,11.70,21.75,19.55,2.20,86133.1,0,0.00,0.00,3
18741,0.052,-0.051,-0.997,0.000,0.000,0.000,0.000,-0.000,0.000,0.9998,-0.0135,-0.0137,0.0000,11.69,21.70,19.55,2.20,86133.1,0,0.00,0.00,3
18761,0.052,-0.051,-0.997,0.000,0.000,0.000,0.000,-0.000,0.000,0.9998,-0.0135,-0.0137,0.0000,11.68,21.66,19.55,2.20,86133.1,0,0.00,0.00,3
18781,0.052,-0.051,-0.997,0.000,0.000,0.000,0.000,-0.000,0.000,0.9998,-0.0135,-0.0137,0.0000,11.67,21.62,19.55,2.20,86133.1,0,0.00,0.00,3
18801,0.052,-0.051,-0.997,0.000,0.000,0.000,0.000,-0.000,0.000,0.9998,-0.0135,-0.0137,0.0000,11.66,21.58,19.55,2.20,86133.1,0,0.00,0.00,3
18821,0.052,-0.051,-0.997,0.000,0.000,0.000,0.000,-0.000,0.000,0.9998,-0.0135,-0.0137,0.0000,11.65,21.54,19.55,2.20,86133.1,0,0.00,0.00,3
18841,0.052,-0.051,-0.997,0.000,0.000,0.000,0.000,-0.000,0.000,0.9998,-0.0135,-0.0137,0.0000,11.63,21.50,19.55,2.20,86133.1,0,0.00,0.00,3
18861,0.052,-0.051,-0.997,0.000,0.000,0.000,0.000,-0.000,0.000,0.9998,-0.0135,-0.0137,0.0000,11.62,21.46,19.55,2.21,86133.1,0,0.00,0.00,3
18881,0.052,-0.051,-0.997,0.000,0.000,0.000,0.000,-0.000,0.000,0.9998,-0.0135,-0.0137,0.0000,11.61,21.42,19.55,2.21,86133.1,0,0.00,0.00,3
18901,0.052,-0.051,-0.997,0.000,0.000,0.000,0.000,-0.000,0.000,0.9998,-0.0135,-0.0137,0.0000,11.59,21.39,19.55,2.21,86133.1,0,0.00,0.00,3
18921,0.052,-0.051,-0.997,0.000,0.000,0.000,0.000,-0.000,0.000,0.9998,-0.0135,-0.0138,0.0000,11.58,21.35,19.55,2.21,86133.1,0,0.00,0.00,3
18941,0.052,-0.051,-0.997,0.000,0.000,0.000,0.000,-0.000,0.000,0.9998,-0.0135,-0.0138,0.0000,11.56,21.32,19.55,2.21,86133.1,0,0.00,0.00,3
18961,0.052,-0.051,-0.997,0.000,0.000,0.000,0.000,-0.000,0.000,0.9998,-0.0135,-0.0138,0.0000,11.55,21.28,19.55,2.21,86133.1,0,0.00,0.00,3
18981,0.052,-0.051,-0.997,0.000,0.000,0.000,0.000,-0.000,0.000,0.9998,-0.0135,-0.0138,0.0000,11.53,21.25,19.55,2.21,86133.1,0,0.00,0.00,3
19001,0.052,-0.051,-0.997,0.000,0.000,0.000,0.000,-0.000,0.000,0.9998,-0.0135,-0.0138,0.0000,11.52,21.22,19.55,2.21,86133.1,0,0.00,0.00,3
19021,0.052,-0.051,-0.997,0.000,0.000,0.000,0.000,-0.000,0.000,0.9998,-0.0135,-0.0138,0.0000,11.50,21.19,19.55,2.21,86133.1,0,0.00,0.00,3
19041,0.052,-0.051,-0.997,0.000,0.000,0.000,0.000,-0.000,0.000,0.9998,-0.0135,-0.0138,0.0000,11.49,21.16,19.55,2.21,86133.1,0,0.00,0.00,3
19061,0.052,-0.051,-0.997,0.000,0.000,0.000,0.000,-0.000,0.000,0.9998,-0.0135,-0.0138,0.0000,11.47,21.13,19.55,2.21,86133.1,0,0.00,0.00,3
19081,0.052,-0.051,-0.997,0.000,0.000,0.000,0.000,-0.000,0.000,0.9998,-0.0135,-0.0138,0.0000,11.46,21.11,19.55,2.21,86133.1,0,0.00,0.00,3
19101,0.052,-0.051,-0.997,0.000,0.000,0.000,0.000,-0.000,0.000,0.9998,-0.0135,-0.0138,0.0000,11.44,21.08,19.55,2.22,86133.1,0,0.00,0.00,3
19121,0.052,-0.051,-0.997,0.000,0.000,0.000,0.000,-0.000,0.000,0.9998,-0.0135,-0.0138,0.0000,11.42,21.06,19.55,2.22,86133.1,0,0.00,0.00,3
19141,0.052,-0.051,-0.997,0.000,0.000,0.000,0.000,-0.000,0.000,0.9998,-0.0136,-0.0138,0.0000,11.41,21.03,19.55,2.22,86133.1,0,0.00,0.00,3
19161,0.052,-0.051,-0.997,0.000,0.000,0.000,0.000,-0.000,0.000,0.9998,-0.0136,-0.0138,0.0000,11.39,21.01,19.55,2.22,86133.1,0,0.00,0.00,3
19181,0.052,-0.051,-0.997,0.000,0.000,0.000,0.000,-0.000,0.000,0.9998,-0.0136,-0.0138,0.0000,11.38,20.99,19.55,2.22,86133.1,0,0.00,0.00,3
19201,0.052,-0.051,-0.997,0.000,0.000,0.000,0.000,-0.000,0.000,0.9998,-0.0136,-0.0138,0.0000,11.37,20.97,19.55,2.22,86133.1,0,0.00,0.00,3
19221,0.052,-0.051,-0.997,0.000,0.000,0.000,0.000,-0.000,0.000,0.9998,-0.0136,-0.0138,0.0000,11.35,20.95,19.55,2.22,86133.1,0,0.00,0.00,3
19241,0.052,-0.051,-0.997,0.000,0.000,0.000,0.000,-0.000,0.000,0.9998,-0.0136,-0.0138,0.0000,11.34,20.93,19.55,2.22,86133.1,0,0.00,0.00,3
19261,0.052,-0.051,-0.997,0.000,0.000,0.000,0.000,-0.000,0.000,0.9998,-0.0136,-0.0138,0.0000,11.32,20.92,19.55,2.22,86133.1,0,0.00,0.00,3
19281,0.052,-0.051,-0.997,0.000,0.000,0.000,0.000,-0.000,0.000,0.9998,-0.0136,-0.0138,0.0000,11.31,20.90,19.55,2.22,86133.1,0,0.00,0.00,3
19301,0.052,-0.051,-0.997,0.000,0.000,0.000,0.000,-0.000,0.000,0.9998,-0.0136,-0.0139,0.0000,11.30,20.88,19.55,2.22,86133.1,0,0.00,0.00,3
19321,0.052,-0.051,-0.997,0.000,0.000,0.000,0.000,-0.000,0.000,0.9998,-0.0136,-0.0139,0.0000,11.29,20.87,19.55,2.22,86133.1,0,0.00,0.00,3
19341,0.052,-0.051,-0.997,0.000,0.000,0.000,0.000,-0.000,0.000,0.9998,-0.0136,-0.0139,0.0000,11.27,20.86,19.55,2.23,86133.1,0,0.00,0.00,3
19361,0.052,-0.051,-0.997,0.000,0.000,0.000,0.000,-0.000,0.000,0.9998,-0.0136,-0.0139,0.0000,11.26,20.84,19.55,2.23,86133.1,0,0.00,0.00,3
19381,0.052,-0.051,-0.997,0.000,0.000,0.000,0.000,-0.000,0.000,0.9998,-0.0136,-0.0139,0.0000,11.25,20.83,19.55,2.23,86133.1,0,0.00,0.00,3
19401,0.052,-0.051,-0.997,0.000,0.000,0.000,0.000,-0.000,0.000,0.9998,-0.0136,-0.0139,0.0000,11.24,20.82,19.55,2.23,86133.1,0,0.00,0.00,3
19421,0.052,-0.051,-0.997,0.000,0.000,0.000,0.000,-0.000,0.000,0.9998,-0.0136,-0.0139,0.0000,11.23,20.81,19.55,2.23,86133.1,0,0.00,0.00,3
19441,0.052,-0.051,-0.997,0.000,0.000,0.000,0.000,-0.000,0.000,0.9998,-0.0136,-0.0139,0.0000,11.22,20.80,19.55,2.23,86133.1,0,0.00,0.00,3
19461,0.052,-0.051,-0.997,0.000,0.000,0.000,0.000,-0.000,0.000,0.9998,-0.0136,-0.0139,0.0000,11.21,20.79,19.55,2.23,86133.1,0,0.00,0.00,3
19481,0.052,-0.051,-0.997,0.000,0.000,0.000,0.000,-0.000,0.000,0.9998,-0.0136,-0.0139,0.0000,11.20,20.78,19.55,2.23,86133.1,0,0.00,0.00,3
19501,0.052,-0.051,-0.997,0.000,0.000,0.000,0.000,-0.000,0.000,0.9998,-0.0136,-0.0139,0.0000,11.19,20.77,19.55,2.23,86133.1,0,0.00,0.00,3
19521,0.052,-0.051,-0.997,0.000,0.000,0.000,0.000,-0.000,0.000,0.9998,-0.0136,-0.0139,0.0000,11.18,20.77,19.55,2.23,86133.1,0,0.00,0.00,3
19541,0.052,-0.051,-0.997,0.000,0.000,0.000,0.000,-0.000,0.000,0.9998,-0.0137,-0.0139,0.0000,11.17,20.76,19.55,2.23,86133.1,0,0.00,0.00,3
19561,0.052,-0.051,-0.997,0.000,0.000,0.000,0.000,-0.000,0.000,0.9998,-0.0137,-0.0139,0.0000,11.16,20.75,19.55,2.24,86133.1,0,0.00,0.00,3
19581,0.052,-0.051,-0.997,0.000,0.000,0.000,0.000,-0.000,0.000,0.9998,-0.0137,-0.0139,0.0000,11.16,20.75,19.55,2.24,86133.1,0,0.00,0.00,3
19601,0.052,-0.051,-0.997,0.000,0.000,0.000,0.000,-0.000,0.000,0.9998,-0.0137,-0.0139,0.0000,11.15,20.74,19.55,2.24,86133.1,0,0.00,0.00,3
19621,0.052,-0.051,-0.997,0.000,0.000,0.000,0.000,-0.000,0.000,0.9998,-0.0137,-0.0139,0.0000,11.14,20.74,19.55,2.24,86133.1,0,0.00,0.00,3
19641,0.052,-0.051,-0.997,0.000,0.000,0.000,0.000,-0.000,0.000,0.9998,-0.0137,-0.0139,0.0000,11.13,20.74,19.55,2.24,86133.1,0,0.00,0.00,3
19661,0.052,-0.051,-0.997,0.000,0.000,0.000,0.000,-0.000,0.000,0.9998,-0.0137,-0.0139,0.0000,11.13,20.73,19.55,2.24,86133.1,0,0.00,0.00,3
19681,0.052,-0.051,-0.997,0.000,0.000,0.000,0.000,-0.000,0.000,0.9998,-0.0137,-0.0140,0.0000,11.12,20.73,19.55,2.24,86133.1,0,0.00,0.00,3
19701,0.052,-0.051,-0.997,0.000,0.000,0.000,0.000,-0.000,0.000,0.9998,-0.0137,-0.0140,0.0000,11.12,20.73,19.55,2.24,86133.1,0,0.00,0.00,3
19721,0.052,-0.051,-0.997,0.000,0.000,0.000,0.000,-0.000,0.000,0.9998,-0.0137,-0.0140,0.0000,11.11,20.72,19.55,2.24,86133.1,0,0.00,0.00,3
19741,0.052,-0.051,-0.997,0.000,0.000,0.000,0.000,-0.000,0.000,0.9998,-0.0137,-0.0140,0.0000,11.10,20.72,19.55,2.24,86133.1,0,0.00,0.00,3
19761,0.052,-0.051,-0.997,0.000,0.000,0.000,0.000,-0.000,0.000,0.9998,-0.0137,-0.0140,0.0000,11.10,20.72,19.55,2.24,86133.1,0,0.00,0.00,3
19781,0.052,-0.051,-0.997,0.000,0.000,0.000,0.000,-0.000,0.000,0.9998,-0.0137,-0.0140,0.0000,11.10,20.72,19.55,2.24,86133.1,0,0.00,0.00,3
19801,0.052,-0.051,-0.997,0.000,0.000,0.000,0.000,-0.000,0.000,0.9998,-0.0137,-0.0140,0.0000,11.09,20.72,19.55,2.24,86133.1,0,0.00,0.00,3
19821,0.052,-0.051,-0.997,0.000,0.000,0.000,0.000,-0.000,0.000,0.9998,-0.0137,-0.0140,0.0000,11.09,20.72,19.55,2.25,86133.1,0,0.00,0.00,3
19841,0.052,-0.051,-0.997,0.000,0.000,0.000,0.000,-0.000,0.000,0.9998,-0.0137,-0.0140,0.0000,11.08,20.72,19.55,2.25,86133.1,0,0.00,0.00,3
19861,0.052,-0.051,-0.997,0.000,0.000,0.000,0.000,-0.000,0.000,0.9998,-0.0137,-0.0140,0.0000,11.08,20.72,19.55,2.25,86133.1,0,0.00,0.00,3
19881,0.052,-0.051,-0.997,0.000,0.000,0.000,0.000,-0.000,0.000,0.9998,-0.0137,-0.0140,0.0000,11.08,20.72,19.55,2.25,86133.1,0,0.00,0.00,3
19901,0.052,-0.051,-0.997,0.000,0.000,0.000,0.000,-0.000,0.000,0.9998,-0.0137,-0.0140,0.0000,11.07,20.72,19.55,2.25,86133.1,0,0.00,0.00,3
19921,0.052,-0.051,-0.997,0.000,0.000,0.000,0.000,-0.000,0.000,0.9998,-0.0138,-0.0140,0.0000,11.07,20.72,19.55,2.25,86133.1,0,0.00,0.00,3
19941,0.052,-0.051,-0.997,0.000,0.000,0.000,0.000,-0.000,0.000,0.9998,-0.0138,-0.0140,0.0000,11.07,20.72,19.55,2.25,86133.1,0,0.00,0.00,3
19961,0.052,-0.051,-0.997,0.000,0.000,0.000,0.000,-0.000,0.000,0.9998,-0.0138,-0.0140,0.0000,11.06,20.72,19.55,2.25,86133.1,0,0.00,0.00,3
19981,0.052,-0.051,-0.997,0.000,0.000,0.000,0.000,-0.000,0.000,0.9998,-0.0138,-0.0140,0.0000,11.06,20.72,19.55,2.25,86133.1,0,0.00,0.00,3
20001,0.052,-0.051,-0.997,0.000,0.000,0.000,0.000,-0.000,0.000,0.9998,-0.0138,-0.0140,0.0000,11.06,20.72,19.55,2.25,86133.1,0,0.00,0.00,3
20021,0.052,-0.051,-0.997,0.000,0.000,0.000,0.000,-0.000,0.000,0.9998,-0.0138,-0.0140,0.0000,11.06,20.72,19.55,2.25,86133.1,0,0.00,0.00,3
20041,0.052,-0.051,-0.997,0.000,0.000,0.000,0.000,-0.000,0.000,0.9998,-0.0138,-0.0140,0.0000,11.06,20.73,19.55,2.26,86133.1,0,0.00,0.00,3
20061,0.052,-0.051,-0.997,0.000,0.000,0.000,0.000,-0.000,0.000,0.9998,-0.0138,-0.0141,0.0000,11.06,20.73,19.55,2.26,86133.1,0,0.00,0.00,3
20081,0.052,-0.051,-0.997,0.000,0.000,0.000,0.000,-0.000,0.000,0.9998,-0.0138,-0.0141,0.0000,11.05,20.73,19.55,2.26,86133.1,0,0.00,0.00,3
20101,0.052,-0.051,-0.997,0.000,0.000,0.000,0.000,-0.000,0.000,0.9998,-0.0138,-0.0141,0.0000,11.05,20.73,19.55,2.26,86133.1,0,0.00,0.00,3
20121,0.052,-0.051,-0.997,0.000,0.000,0.000,0.000,-0.000,0.000,0.9998,-0.0138,-0.0141,0.0000,11.05,20.73,19.55,2.26,86133.1,0,0.00,0.00,3
20141,0.052,-0.051,-0.997,0.000,0.000,0.000,0.000,-0.000,0.000,0.9998,-0.0138,-0.0141,0.0000,11.05,20.73,19.55,2.26,86133.1,0,0.00,0.00,3
20161,0.052,-0.051,-0.997,0.000,0.000,0.000,0.000,-0.000,0.000,0.9998,-0.0138,-0.0141,0.0000,11.05,20.74,19.55,2.26,86133.1,0,0.00,0.00,3
20181,0.052,-0.051,-0.997,0.000,0.000,0.000,0.000,-0.000,0.000,0.9998,-0.0138,-0.0141,0.0000,11.05,20.74,19.55,2.26,86133.1,0,0.00,0.00,3
20201,0.052,-0.051,-0.997,0.000,0.000,0.000,0.000,-0.000,0.000,0.9998,-0.0138,-0.0141,0.0000,11.05,20.74,19.55,2.26,86133.1,0,0.00,0.00,3
20221,0.052,-0.051,-0.997,0.000,0.000,0.000,0.000,-0.000,0.000,0.9998,-0.0138,-0.0141,0.0000,11.05,20.74,19.55,2.26,86133.1,0,0.00,0.00,3
20241,0.052,-0.051,-0.997,0.000,0.000,0.000,0.000,-0.000,0.000,0.9998,-0.0138,-0.0141,0.0000,11.05,20.74,19.55,2.26,86133.1,0,0.00,0.00,3
20261,0.052,-0.051,-0.997,0.000,0.000,0.000,0.000,-0.000,0.000,0.9998,-0.0138,-0.0141,0.0000,11.05,20.75,19.55,2.26,86133.1,0,0.00,0.00,3
20281,0.052,-0.051,-0.997,0.000,0.000,0.000,0.000,-0.000,0.000,0.9998,-0.0138,-0.0141,0.0000,11.05,20.75,19.55,2.26,86133.1,0,0.00,0.00,3
20301,0.052,-0.051,-0.997,0.000,0.000,0.000,0.000,-0.000,0.000,0.9998,-0.0138,-0.0141,0.0000,11.05,20.75,19.55,2.27,86133.1,0,0.00,0.00,3
20321,0.052,-0.051,-0.997,0.000,0.000,0.000,0.000,-0.000,0.000,0.9998,-0.0139,-0.0141,0.0000,11.05,20.75,19.55,2.27,86133.1,0,0.00,0.00,3
20341,0.052,-0.051,-0.997,0.000,0.000,0.000,0.000,-0.000,0.000,0.9998,-0.0139,-0.0141,0.0000,11.05,20.75,19.55,2.27,86133.1,0,0.00,0.00,3
20361,0.052,-0.051,-0.997,0.000,0.000,0.000,0.000,-0.000,0.000,0.9998,-0.0139,-0.0141,0.0000,11.05,20.76,19.55,2.27,86133.1,0,0.00,0.00,3
20381,0.052,-0.051,-0.997,0.000,0.000,0.000,0.000,-0.000,0.000,0.9998,-0.0139,-0.0141,0.0000,11.05,20.76,19.55,2.27,86133.1,0,0.00,0.00,3
20401,0.052,-0.051,-0.997,0.000,0.000,0.000,0.000,-0.000,0.000,0.9998,-0.0139,-0.0141,0.0000,11.05,20.76,19.55,2.27,86133.1,0,0.00,0.00,3
20421,0.052,-0.051,-0.997,0.000,0.000,0.000,0.000,-0.000,0.000,0.9998,-0.0139,-0.0141,0.0000,11.05,20.76,19.55,2.27,86133.1,0,0.00,0.00,3
20441,0.052,-0.051,-0.997,0.000,0.000,0.000,0.000,-0.000,0.000,0.9998,-0.0139,-0.0141,0.0000,11.05,20.76,19.55,2.27,86133.1,0,0.00,0.00,3
20461,0.052,-0.051,-0.997,0.000,0.000,0.000,0.000,-0.000,0.000,0.9998,-0.0139,-0.0142,0.0000,11.05,20.77,19.55,2.27,86133.1,0,0.00,0.00,3
20481,0.052,-0.051,-0.997,0.000,0.000,0.000,0.000,-0.000,0.000,0.9998,-0.0139,-0.0142,0.0000,11.05,20.77,19.55,2.27,86133.1,0,0.00,0.00,3
20501,0.052,-0.051,-0.997,0.000,0.000,0.000,0.000,-0.000,0.000,0.9998,-0.0139,-0.0142,0.0000,11.05,20.77,19.55,2.27,86133.1,0,0.00,0.00,3
20521,0.052,-0.051,-0.997,0.000,0.000,0.000,0.000,-0.000,0.000,0.9998,-0.0139,-0.0142,0.0000,11.05,20.77,19.55,2.27,86133.1,0,0.00,0.00,3
20541,0.052,-0.051,-0.997,0.000,0.000,0.000,0.000,-0.000,0.000,0.9998,-0.0139,-0.0142,0.0000,11.05,20.77,19.55,2.28,86133.1,0,0.00,0.00,3
20561,0.052,-0.051,-0.997,0.000,0.000,0.000,0.000,-0.000,0.000,0.9998,-0.0139,-0.0142,0.0000,11.05,20.78,19.55,2.28,86133.1,0,0.00,0.00,3
20581,0.052,-0.051,-0.997,0.000,0.000,0.000,0.000,-0.000,0.000,0.9998,-0.0139,-0.0142,0.0000,11.05,20.78,19.55,2.28,86133.1,0,0.00,0.00,3
20601,0.052,-0.051,-0.997,0.000,0.000,0.000,0.000,-0.000,0.000,0.9998,-0.0139,-0.0142,0.0000,11.05,20.78,19.55,2.28,86133.1,0,0.00,0.00,3
20621,0.052,-0.051,-0.997,0.000,0.000,0.000,0.000,-0.000,0.000,0.9998,-0.0139,-0.0142,0.0000,11.05,20.78,19.55,2.28,86133.1,0,0.00,0.00,3
20641,0.052,-0.051,-0.997,0.000,0.000,0.000,0.000,-0.000,0.000,0.9998,-0.0139,-0.0142,0.0000,11.05,20.78,19.55,2.28,86133.1,0,0.00,0.00,3
20661,0.052,-0.051,-0.997,0.000,0.000,0.000,0.000,-0.000,0.000,0.9998,-0.0139,-0.0142,0.0000,11.05,20.78,19.55,2.28,86133.1,0,0.00,0.00,3
20681,0.052,-0.051,-0.997,0.000,0.000,0.000,0.000,-0.000,0.000,0.9998,-0.0139,-0.0142,0.0000,11.06,20.78,19.55,2.28,86133.1,0,0.00,0.00,3
20701,0.052,-0.051,-0.997,0.000,0.000,0.000,0.000,-0.000,0.000,0.9998,-0.0140,-0.0142,0.0000,11.06,20.79,19.55,2.28,86133.1,0,0.00,0.00,3
20721,0.052,-0.051,-0.997,0.000,0.000,0.000,0.000,-0.000,0.000,0.9998,-0.0140,-0.0142,0.0000,11.06,20.79,19.55,2.28,86133.1,0,0.00,0.00,3
20741,0.052,-0.051,-0.997,0.000,0.000,0.000,0.000,-0.000,0.000,0.9998,-0.0140,-0.0142,0.0000,11.06,20.79,19.55,2.28,86133.1,0,0.00,0.00,3
20761,0.052,-0.051,-0.997,0.000,0.000,0.000,0.000,-0.000,0.000,0.9998,-0.0140,-0.0142,0.0000,11.06,20.79,19.55,2.28,86133.1,0,0.00,0.00,3
20781,0.052,-0.051,-0.997,0.000,0.000,0.000,0.000,-0.000,0.000,0.9998,-0.0140,-0.0142,0.0000,11.06,20.79,19.55,2.29,86133.1,0,0.00,0.00,3
20801,0.052,-0.051,-0.997,0.000,0.000,0.000,0.000,-0.000,0.000,0.9998,-0.0140,-0.0142,0.0000,11.06,20.79,19.55,2.29,86133.1,0,0.00,0.00,3
20821,0.052,-0.051,-0.997,0.000,0.000,0.000,0.000,-0.000,0.000,0.9998,-0.0140,-0.0142,0.0000,11.06,20.79,19.55,2.29,86133.1,0,0.00,0.00,3
20841,0.052,-0.051,-0.997,0.000,0.000,0.000,0.000,-0.000,0.000,0.9998,-0.0140,-0.0143,0.0000,11.06,20.80,19.55,2.29,86133.1,0,0.00,0.00,3
20861,0.052,-0.051,-0.997,0.000,0.000,0.000,0.000,-0.000,0.000,0.9998,-0.0140,-0.0143,0.0000,11.06,20.80,19.55,2.29,86133.1,0,0.00,0.00,3
20881,0.052,-0.051,-0.997,0.000,0.000,0.000,0.000,-0.000,0.000,0.9998,-0.0140,-0.0143,0.0000,11.06,20.80,19.55,2.29,86133.1,0,0.00,0.00,3
20901,0.052,-0.051,-0.997,0.000,0.000,0.000,0.000,-0.000,0.000,0.9998,-0.0140,-0.0143,0.0000,11.06,20.80,19.55,2.29,86133.1,0,0.00,0.00,3
20921,0.052,-0.051,-0.997,0.000,0.000,0.000,0.000,-0.000,0.000,0.9998,-0.0140,-0.0143,0.0000,11.06,20.80,19.55,2.29,86133.1,0,0.00,0.00,3
20941,0.052,-0.051,-0.997,0.000,0.000,0.000,0.000,-0.000,0.000,0.9998,-0.0140,-0.0143,0.0000,11.06,20.80,19.55,2.29,86133.1,0,0.00,0.00,3
20961,0.052,-0.051,-0.997,0.000,0.000,0.000,0.000,-0.000,0.000,0.9998,-0.0140,-0.0143,0.0000,11.06,20.80,19.55,2.29,86133.1,0,0.00,0.00,3
20981,0.052,-0.051,-0.997,0.000,0.000,0.000,0.000,-0.000,0.000,0.9998,-0.0140,-0.0143,0.0000,11.06,20.80,19.55,2.29,86133.1,0,0.00,0.00,3
21001,0.052,-0.051,-0.997,0.000,0.000,0.000,0.000,-0.000,0.000,0.9998,-0.0140,-0.0143,0.0000,11.07,20.80,19.55,2.30,86133.1,0,0.00,0.00,3
21021,0.052,-0.051,-0.997,0.000,0.000,0.000,0.000,-0.000,0.000,0.9998,-0.0140,-0.0143,0.0000,11.07,20.80,19.55,2.30,86133.1,0,0.00,0.00,3
21041,0.052,-0.051,-0.997,0.000,0.000,0.000,0.000,-0.000,0.000,0.9998,-0.0140,-0.0143,0.0000,11.07,20.80,19.55,2.30,86133.1,0,0.00,0.00,3
21061,0.052,-0.051,-0.997,0.000,0.000,0.000,0.000,-0.000,0.000,0.9998,-0.0140,-0.0143,0.0000,11.07,20.80,19.55,2.30,86133.1,0,0.00,0.00,3
21081,0.052,-0.051,-0.997,0.000,0.000,0.000,0.000,-0.000,0.000,0.9998,-0.0140,-0.0143,0.0000,11.07,20.81,19.55,2.30,86133.1,0,0.00,0.00,3
21101,0.052,-0.051,-0.997,0.000,0.000,0.000,0.000,-0.000,0.000,0.9998,-0.0141,-0.0143,0.0000,11.07,20.81,19.55,2.30,86133.1,0,0.00,0.00,3
21121,0.052,-0.051,-0.997,0.000,0.000,0.000,0.000,-0.000,0.000,0.9998,-0.0141,-0.0143,0.0000,11.07,20.81,19.55,2.30,86133.1,0,0.00,0.00,3
21141,0.052,-0.051,-0.997,0.000,0.000,0.000,0.000,-0.000,0.000,0.9998,-0.0141,-0.0143,0.0000,11.07,20.81,19.55,2.30,86133.1,0,0.00,0.00,3
21161,0.052,-0.051,-0.997,0.000,0.000,0.000,0.000,-0.000,0.000,0.9998,-0.0141,-0.0143,0.0000,11.07,20.81,19.55,2.30,86133.1,0,0.00,0.00,3
21181,0.052,-0.051,-0.997,0.000,0.000,0.000,0.000,-0.000,0.000,0.9998,-0.0141,-0.0143,0.0000,11.07,20.81,19.55,2.30,86133.1,0,0.00,0.00,3
21201,0.052,-0.051,-0.997,0.000,0.000,0.000,0.000,-0.000,0.000,0.9998,-0.0141,-0.0143,0.0000,11.07,20.81,19.55,2.30,86133.1,0,0.00,0.00,3
21221,0.052,-0.051,-0.997,0.000,0.000,0.000,0.000,-0.000,0.000,0.9998,-0.0141,-0.0144,0.0000,11.07,20.81,19.55,2.30,86133.1,0,0.00,0.00,3
21241,0.052,-0.051,-0.997,0.000,0.000,0.000,0.000,-0.000,0.000,0.9998,-0.0141,-0.0144,0.0000,11.07,20.81,19.55,2.31,86133.1,0,0.00,0.00,3
21261,0.052,-0.051,-0.997,0.000,0.000,0.000,0.000,-0.000,0.000,0.9998,-0.0141,-0.0144,0.0000,11.07,20.81,19.55,2.31,86133.1,0,0.00,0.00,3
21281,0.052,-0.051,-0.997,0.000,0.000,0.000,0.000,-0.000,0.000,0.9998,-0.0141,-0.0144,0.0000,11.07,20.81,19.55,2.31,86133.1,0,0.00,0.00,3
21301,0.052,-0.051,-0.997,0.000,0.000,0.000,0.000,-0.000,0.000,0.9998,-0.0141,-0.0144,0.0000,11.07,20.81,19.55,2.31,86133.1,0,0.00,0.00,3
21321,0.052,-0.051,-0.997,0.000,0.000,0.000,0.000,-0.000,0.000,0.9998,-0.0141,-0.0144,0.0000,11.07,20.81,19.55,2.31,86133.1,0,0.00,0.00,3
21341,0.052,-0.051,-0.997,0.000,0.000,0.000,0.000,-0.000,0.000,0.9998,-0.0141,-0.0144,0.0000,11.07,20.81,19.55,2.31,86133.1,0,0.00,0.00,3
21361,0.052,-0.051,-0.997,0.000,0.000,0.000,0.000,-0.000,0.000,0.9998,-0.0141,-0.0144,0.0000,11.07,20.81,19.55,2.31,86133.1,0,0.00,0.00,3
21381,0.052,-0.051,-0.997,0.000,0.000,0.000,0.000,-0.000,0.000,0.9998,-0.0141,-0.0144,0.0000,11.07,20.81,19.55,2.31,86133.1,0,0.00,0.00,3
21401,0.052,-0.051,-0.997,0.000,0.000,0.000,0.000,-0.000,0.000,0.9998,-0.0141,-0.0144,0.0000,11.07,20.81,19.55,2.31,86133.1,0,0.00,0.00,3
21421,0.052,-0.051,-0.997,0.000,0.000,0.000,0.000,-0.000,0.000,0.9998,-0.0141,-0.0144,0.0000,11.07,20.81,19.55,2.31,86133.1,0,0.00,0.00,3
21441,0.052,-0.051,-0.997,0.000,0.000,0.000,0.000,-0.000,0.000,0.9998,-0.0141,-0.0144,0.0000,11.07,20.81,19.55,2.31,86133.1,0,0.00,0.00,3
21461,0.052,-0.051,-0.997,0.000,0.000,0.000,0.000,-0.000,0.000,0.9998,-0.0141,-0.0144,0.0000,11.07,20.81,19.55,2.31,86133.1,0,0.00,0.00,3
21481,0.052,-0.051,-0.997,0.000,0.000,0.000,0.000,-0.000,0.000,0.9998,-0.0141,-0.0144,0.0000,11.07,20.81,19.55,2.31,86133.1,0,0.00,0.00,3
21501,0.052,-0.051,-0.997,0.000,0.000,0.000,0.000,-0.000,0.000,0.9998,-0.0142,-0.0144,0.0000,11.07,20.81,19.55,2.32,86133.1,0,0.00,0.00,3
21521,0.052,-0.051,-0.997,0.000,0.000,0.000,0.000,-0.000,0.000,0.9998,-0.0142,-0.0144,0.0000,11.08,20.81,19.55,2.32,86133.1,0,0.00,0.00,3
21541,0.052,-0.051,-0.997,0.000,0.000,0.000,0.000,-0.000,0.000,0.9998,-0.0142,-0.0144,0.0000,11.08,20.81,19.55,2.32,86133.1,0,0.00,0.00,3
21561,0.052,-0.051,-0.997,0.000,0.000,0.000,0.000,-0.000,0.000,0.9998,-0.0142,-0.0144,0.0000,11.08,20.81,19.55,2.32,86133.1,0,0.00,0.00,3
21581,0.052,-0.051,-0.997,0.000,0.000,0.000,0.000,-0.000,0.000,0.9998,-0.0142,-0.0144,0.0000,11.08,20.81,19.55,2.32,86133.1,0,0.00,0.00,3
21601,0.052,-0.051,-0.997,0.000,0.000,0.000,0.000,-0.000,0.000,0.9998,-0.0142,-0.0145,0.0000,11.08,20.81,19.55,2.32,86133.1,0,0.00,0.00,3
21621,0.052,-0.051,-0.997,0.000,0.000,0.000,0.000,-0.000,0.000,0.9998,-0.0142,-0.0145,0.0000,11.08,20.81,19.55,2.32,86133.1,0,0.00,0.00,3
21641,0.052,-0.051,-0.997,0.000,0.000,0.000,0.000,-0.000,0.000,0.9998,-0.0142,-0.0145,0.0000,11.08,20.81,19.55,2.32,86133.1,0,0.00,0.00,3
21661,0.052,-0.051,-0.997,0.000,0.000,0.000,0.000,-0.000,0.000,0.9998,-0.0142,-0.0145,0.0000,11.08,20.81,19.55,2.32,86133.1,0,0.00,0.00,3
21681,0.052,-0.051,-0.997,0.000,0.000,0.000,0.000,-0.000,0.000,0.9998,-0.0142,-0.0145,0.0000,11.08,20.81,19.55,2.32,86133.1,0,0.00,0.00,3
21701,0.052,-0.051,-0.997,0.000,0.000,0.000,0.000,-0.000,0.000,0.9998,-0.0142,-0.0145,0.0000,11.08,20.81,19.55,2.32,86133.1,0,0.00,0.00,3
21721,0.052,-0.051,-0.997,0.000,0.000,0.000,0.000,-0.000,0.000,0.9998,-0.0142,-0.0145,0.0000,11.08,20.81,19.55,2.32,86133.1,0,0.00,0.00,3
21741,0.052,-0.051,-0.997,0.000,0.000,0.000,0.000,-0.000,0.000,0.9998,-0.0142,-0.0145,0.0000,11.08,20.81,19.55,2.33,86133.1,0,0.00,0.00,3
21761,0.052,-0.051,-0.997,0.000,0.000,0.000,0.000,-0.000,0.000,0.9998,-0.0142,-0.0145,0.0000,11.08,20.81,19.55,2.33,86133.1,0,0.00,0.00,3
21781,0.052,-0.051,-0.997,0.000,0.000,0.000,0.000,-0.000,0.000,0.9998,-0.0142,-0.0145,0.0000,11.08,20.81,19.55,2.33,86133.1,0,0.00,0.00,3
21801,0.052,-0.051,-0.997,0.000,0.000,0.000,0.000,-0.000,0.000,0.9998,-0.0142,-0.0145,0.0000,11.08,20.81,19.55,2.33,86133.1,0,0.00,0.00,3
21821,0.052,-0.051,-0.997,0.000,0.000,0.000,0.000,-0.000,0.000,0.9998,-0.0142,-0.0145,0.0000,11.08,20.81,19.55,2.33,86133.1,0,0.00,0.00,3
21841,0.052,-0.051,-0.997,0.000,0.000,0.000,0.000,-0.000,0.000,0.9998,-0.0142,-0.0145,0.0000,11.08,20.81,19.55,2.33,86133.1,0,0.00,0.00,3
21861,0.052,-0.051,-0.997,0.000,0.000,0.000,0.000,-0.000,0.000,0.9998,-0.0142,-0.0145,0.0000,11.08,20.81,19.55,2.33,86133.1,0,0.00,0.00,3
21881,0.052,-0.051,-0.997,0.000,0.000,0.000,0.000,-0.000,0.000,0.9998,-0.0143,-0.0145,0.0000,11.08,20.81,19.55,2.33,86133.1,0,0.00,0.00,3
21901,0.052,-0.051,-0.997,0.000,0.000,0.000,0.000,-0.000,0.000,0.9998,-0.0143,-0.0145,0.0000,11.08,20.81,19.55,2.33,86133.1,0,0.00,0.00,3
21921,0.052,-0.051,-0.997,0.000,0.000,0.000,0.000,-0.000,0.000,0.9998,-0.0143,-0.0145,0.0000,11.08,20.81,19.55,2.33,86133.1,0,0.00,0.00,3
21941,0.052,-0.051,-0.997,0.000,0.000,0.000,0.000,-0.000,0.000,0.9998,-0.0143,-0.0145,0.0000,11.08,20.81,19.55,2.33,86133.1,0,0.00,0.00,3
21961,0.052,-0.051,-0.997,0.000,0.000,0.000,0.000,-0.000,0.000,0.9998,-0.0143,-0.0145,0.0000,11.08,20.81,19.55,2.34,86133.1,0,0.00,0.00,3
21981,0.052,-0.051,-0.997,0.000,0.000,0.000,0.000,-0.000,0.000,0.9998,-0.0143,-0.0145,0.0000,11.08,20.81,19.55,2.34,86133.1,0,0.00,0.00,3
22001,0.052,-0.051,-0.997,0.000,0.000,0.000,0.000,-0.000,0.000,0.9998,-0.0143,-0.0146,0.0000,11.08,20.81,19.55,2.34,86133.1,0,0.00,0.00,3
22021,0.052,-0.051,-0.997,0.000,0.000,0.000,0.000,-0.000,0.000,0.9998,-0.0143,-0.0146,0.0000,11.08,20.81,19.55,2.34,86133.1,0,0.00,0.00,3
22041,0.052,-0.051,-0.997,0.000,0.000,0.000,0.000,-0.000,0.000,0.9998,-0.0143,-0.0146,0.0000,11.08,20.81,19.55,2.34,86133.1,0,0.00,0.00,3
22061,0.052,-0.051,-0.997,0.000,0.000,0.000,0.000,-0.000,0.000,0.9998,-0.0143,-0.0146,0.0000,11.08,20.81,19.55,2.34,86133.1,0,0.00,0.00,3
22081,0.052,-0.051,-0.997,0.000,0.000,0.000,0.000,-0.000,0.000,0.9998,-0.0143,-0.0146,0.0000,11.08,20.81,19.55,2.34,86133.1,0,0.00,0.00,3
22101,0.052,-0.051,-0.997,0.000,0.000,0.000,0.000,-0.000,0.000,0.9998,-0.0143,-0.0146,0.0000,11.08,20.81,19.55,2.34,86133.1,0,0.00,0.00,3
22121,0.052,-0.051,-0.997,0.000,0.000,0.000,0.000,-0.000,0.000,0.9998,-0.0143,-0.0146,0.0000,11.08,20.81,19.55,2.34,86133.1,0,0.00,0.00,3
22141,0.052,-0.051,-0.997,0.000,0.000,0.000,0.000,-0.000,0.000,0.9998,-0.0143,-0.0146,0.0000,11.08,20.81,19.55,2.34,86133.1,0,0.00,0.00,3
22161,0.052,-0.051,-0.997,0.000,0.000,0.000,0.000,-0.000,0.000,0.9998,-0.0143,-0.0146,0.0000,11.08,20.81,19.55,2.34,86133.1,0,0.00,0.00,3
22181,0.052,-0.051,-0.997,0.000,0.000,0.000,0.000,-0.000,0.000,0.9998,-0.0143,-0.0146,0.0000,11.08,20.81,19.55,2.34,86133.1,0,0.00,0.00,3
22201,0.052,-0.051,-0.997,0.000,0.000,0.000,0.000,-0.000,0.000,0.9998,-0.0143,-0.0146,0.0000,11.08,20.81,19.55,2.35,86133.1,0,0.00,0.00,3
22221,0.052,-0.051,-0.997,0.000,0.000,0.000,0.000,-0.000,0.000,0.9998,-0.0143,-0.0146,0.0000,11.08,20.81,19.55,2.35,86133.1,0,0.00,0.00,3
22241,0.052,-0.051,-0.997,0.000,0.000,0.000,0.000,-0.000,0.000,0.9998,-0.0143,-0.0146,0.0000,11.08,20.81,19.55,2.35,86133.1,0,0.00,0.00,3
22261,0.052,-0.051,-0.997,0.000,0.000,0.000,0.000,-0.000,0.000,0.9998,-0.0143,-0.0146,0.0000,11.08,20.81,19.55,2.35,86133.1,0,0.00,0.00,3
22281,0.052,-0.051,-0.997,0.000,0.000,0.000,0.000,-0.000,0.000,0.9998,-0.0144,-0.0146,0.0000,11.08,20.81,19.55,2.35,86133.1,0,0.00,0.00,3
22301,0.052,-0.051,-0.997,0.000,0.000,0.000,0.000,-0.000,0.000,0.9998,-0.0144,-0.0146,0.0000,11.08,20.81,19.55,2.35,86133.1,0,0.00,0.00,3
22321,0.052,-0.051,-0.997,0.000,0.000,0.000,0.000,-0.000,0.000,0.9998,-0.0144,-0.0146,0.0000,11.08,20.81,19.55,2.35,86133.1,0,0.00,0.00,3
22341,0.052,-0.051,-0.997,0.000,0.000,0.000,0.000,-0.000,0.000,0.9998,-0.0144,-0.0146,0.0000,11.08,20.81,19.55,2.35,86133.1,0,0.00,0.00,3
22361,0.052,-0.051,-0.997,0.000,0.000,0.000,0.000,-0.000,0.000,0.9998,-0.0144,-0.0146,0.0000,11.08,20.81,19.55,2.35,86133.1,0,0.00,0.00,3
22381,0.052,-0.051,-0.997,0.000,0.000,0.000,0.000,-0.000,0.000,0.9998,-0.0144,-0.0147,0.0000,11.08,20.81,19.55,2.35,86133.1,0,0.00,0.00,3
22401,0.052,-0.051,-0.997,0.000,0.000,0.000,0.000,-0.000,0.000,0.9998,-0.0144,-0.0147,0.0000,11.08,20.81,19.55,2.35,86133.1,0,0.00,0.00,3
22421,0.052,-0.051,-0.997,0.000,0.000,0.000,0.000,-0.000,0.000,0.9998,-0.0144,-0.0147,0.0000,11.08,20.81,19.55,2.35,86133.1,0,0.00,0.00,3
22441,0.052,-0.051,-0.997,0.000,0.000,0.000,0.000,-0.000,0.000,0.9998,-0.0144,-0.0147,0.0000,11.08,20.81,19.55,2.36,86133.1,0,0.00,0.00,3
22461,0.052,-0.051,-0.997,0.000,0.000,0.000,0.000,-0.000,0.000,0.9998,-0.0144,-0.0147,0.0000,11.08,20.81,19.55,2.36,86133.1,0,0.00,0.00,3
22481,0.052,-0.051,-0.997,0.000,0.000,0.000,0.000,-0.000,0.000,0.9998,-0.0144,-0.0147,0.0000,11.08,20.81,19.55,2.36,86133.1,0,0.00,0.00,3
22501,0.052,-0.051,-0.997,0.000,0.000,0.000,0.000,-0.000,0.000,0.9998,-0.0144,-0.0147,0.0000,11.08,20.81,19.55,2.36,86133.1,0,0.00,0.00,3
22521,0.052,-0.051,-0.997,0.000,0.000,0.000,0.000,-0.000,0.000,0.9998,-0.0144,-0.0147,0.0000,11.08,20.81,19.55,2.36,86133.1,0,0.00,0.00,3
22541,0.052,-0.051,-0.997,0.000,0.000,0.000,0.000,-0.000,0.000,0.9998,-0.0144,-0.0147,0.0000,11.08,20.81,19.55,2.36,86133.1,0,0.00,0.00,3
22561,0.052,-0.051,-0.997,0.000,0.000,0.000,0.000,-0.000,0.000,0.9998,-0.0144,-0.0147,0.0000,11.08,20.81,19.55,2.36,86133.1,0,0.00,0.00,3
22581,0.052,-0.051,-0.997,0.000,0.000,0.000,0.000,-0.000,0.000,0.9998,-0.0144,-0.0147,0.0000,11.08,20.81,19.55,2.36,86133.1,0,0.00,0.00,3
22601,0.052,-0.051,-0.997,0.000,0.000,0.000,0.000,-0.000,0.000,0.9998,-0.0144,-0.0147,0.0000,11.08,20.81,19.55,2.36,86133.1,0,0.00,0.00,3
22621,0.052,-0.051,-0.997,0.000,0.000,0.000,0.000,-0.000,0.000,0.9998,-0.0144,-0.0147,0.0000,11.08,20.81,19.55,2.36,86133.1,0,0.00,0.00,3
22641,0.052,-0.051,-0.997,0.000,0.000,0.000,0.000,-0.000,0.000,0.9998,-0.0144,-0.0147,0.0000,11.08,20.81,19.55,2.36,86133.1,0,0.00,0.00,3
22661,0.052,-0.051,-0.997,0.000,0.000,0.000,0.000,-0.000,0.000,0.9998,-0.0145,-0.0147,0.0000,11.08,20.81,19.55,2.36,86133.1,0,0.00,0.00,3
22681,0.052,-0.051,-0.997,0.000,0.000,0.000,0.000,-0.000,0.000,0.9998,-0.0145,-0.0147,0.0000,11.08,20.81,19.55,2.37,86133.1,0,0.00,0.00,3
22701,0.052,-0.051,-0.997,0.000,0.000,0.000,0.000,-0.000,0.000,0.9998,-0.0145,-0.0147,0.0000,11.08,20.81,19.55,2.37,86133.1,0,0.00,0.00,3
22721,0.052,-0.051,-0.997,0.000,0.000,0.000,0.000,-0.000,0.000,0.9998,-0.0145,-0.0147,0.0000,11.08,20.81,19.55,2.37,86133.1,0,0.00,0.00,3
22741,0.052,-0.051,-0.997,0.000,0.000,0.000,0.000,-0.000,0.000,0.9998,-0.0145,-0.0147,0.0000,11.08,20.81,19.55,2.37,86133.1,0,0.00,0.00,3
22761,0.052,-0.051,-0.997,0.000,0.000,0.000,0.000,-0.000,0.000,0.9998,-0.0145,-0.0148,0.0000,11.08,20.81,19.55,2.37,86133.1,0,0.00,0.00,3
22781,0.052,-0.051,-0.997,0.000,0.000,0.000,0.000,-0.000,0.000,0.9998,-0.0145,-0.0148,0.0000,11.08,20.81,19.55,2.37,86133.1,0,0.00,0.00,3
22801,0.052,-0.051,-0.997,0.000,0.000,0.000,0.000,-0.000,0.000,0.9998,-0.0145,-0.0148,0.0000,11.08,20.81,19.55,2.37,86133.1,0,0.00,0.00,3
22821,0.052,-0.051,-0.997,0.000,0.000,0.000,0.000,-0.000,0.000,0.9998,-0.0145,-0.0148,0.0000,11.08,20.81,19.55,2.37,86133.1,0,0.00,0.00,3
22841,0.052,-0.051,-0.997,0.000,0.000,0.000,0.000,-0.000,0.000,0.9998,-0.0145,-0.0148,0.0000,11.08,20.81,19.55,2.37,86133.1,0,0.00,0.00,3
22861,0.052,-0.051,-0.997,0.000,0.000,0.000,0.000,-0.000,0.000,0.9998,-0.0145,-0.0148,0.0000,11.08,20.81,19.55,2.37,86133.1,0,0.00,0.00,3
22881,0.052,-0.051,-0.997,0.000,0.000,0.000,0.000,-0.000,0.000,0.9998,-0.0145,-0.0148,0.0000,11.08,20.81,19.55,2.37,86133.1,0,0.00,0.00,3
22901,0.052,-0.051,-0.997,0.000,0.000,0.000,0.000,-0.000,0.000,0.9998,-0.0145,-0.0148,0.0000,11.08,20.81,19.55,2.37,86133.1,0,0.00,0.00,3
22921,0.052,-0.051,-0.997,0.000,0.000,0.000,0.000,-0.000,0.000,0.9998,-0.0145,-0.0148,0.0000,11.08,20.81,19.55,2.38,86133.1,0,0.00,0.00,3
22941,0.052,-0.051,-0.997,0.000,0.000,0.000,0.000,-0.000,0.000,0.9998,-0.0145,-0.0148,0.0000,11.08,20.81,19.55,2.38,86133.1,0,0.00,0.00,3
22961,0.052,-0.051,-0.997,0.000,0.000,0.000,0.000,-0.000,0.000,0.9998,-0.0145,-0.0148,0.0000,11.08,20.81,19.55,2.38,86133.1,0,0.00,0.00,3
22981,0.052,-0.051,-0.997,0.000,0.000,0.000,0.000,-0.000,0.000,0.9998,-0.0145,-0.0148,0.0000,11.08,20.81,19.55,2.38,86133.1,0,0.00,0.00,3
23001,0.052,-0.051,-0.997,0.000,0.000,0.000,0.000,-0.000,0.000,0.9998,-0.0145,-0.0148,0.0000,11.08,20.81,19.55,2.38,86133.1,0,0.00,0.00,3
23021,0.052,-0.051,-0.997,0.000,0.000,0.000,0.000,-0.000,0.000,0.9998,-0.0145,-0.0148,0.0000,11.08,20.81,19.55,2.38,86133.1,0,0.00,0.00,3
23041,0.052,-0.051,-0.997,0.000,0.000,0.000,0.000,-0.000,0.000,0.9998,-0.0145,-0.0148,0.0000,11.08,20.81,19.55,2.38,86133.1,0,0.00,0.00,3
23061,0.052,-0.051,-0.997,0.000,0.000,0.000,0.000,-0.000,0.000,0.9998,-0.0146,-0.0148,0.0000,11.08,20.81,19.55,2.38,86133.1,0,0.00,0.00,3
23081,0.052,-0.051,-0.997,0.000,0.000,0.000,0.000,-0.000,0.000,0.9998,-0.0146,-0.0148,0.0000,11.08,20.81,19.55,2.38,86133.1,0,0.00,0.00,3
23101,0.052,-0.051,-0.997,0.000,0.000,0.000,0.000,-0.000,0.000,0.9998,-0.0146,-0.0148,0.0000,11.08,20.81,19.55,2.38,86133.1,0,0.00,0.00,3
23121,0.052,-0.051,-0.997,0.000,0.000,0.000,0.000,-0.000,0.000,0.9998,-0.0146,-0.0148,0.0000,11.08,20.81,19.55,2.38,86133.1,0,0.00,0.00,3
23141,0.052,-0.051,-0.997,0.000,0.000,0.000,0.000,-0.000,0.000,0.9998,-0.0146,-0.0149,0.0000,11.08,20.81,19.55,2.38,86133.1,0,0.00,0.00,3
23161,0.052,-0.051,-0.997,0.000,0.000,0.000,0.000,-0.000,0.000,0.9998,-0.0146,-0.0149,0.0000,11.08,20.81,19.55,2.38,86133.1,0,0.00,0.00,3
23181,0.052,-0.051,-0.997,0.000,0.000,0.000,0.000,-0.000,0.000,0.9998,-0.0146,-0.0149,0.0000,11.08,20.81,19.55,2.39,86133.1,0,0.00,0.00,3
23201,0.052,-0.051,-0.997,0.000,0.000,0.000,0.000,-0.000,0.000,0.9998,-0.0146,-0.0149,0.0000,11.08,20.81,19.55,2.39,86133.1,0,0.00,0.00,3
23221,0.052,-0.051,-0.997,0.000,0.000,0.000,0.000,-0.000,0.000,0.9998,-0.0146,-0.0149,0.0000,11.08,20.81,19.55,2.39,86133.1,0,0.00,0.00,3
23241,0.052,-0.051,-0.997,0.000,0.000,0.000,0.000,-0.000,0.000,0.9998,-0.0146,-0.0149,0.0000,11.08,20.81,19.55,2.39,86133.1,0,0.00,0.00,3
23261,0.052,-0.051,-0.997,0.000,0.000,0.000,0.000,-0.000,0.000,0.9998,-0.0146,-0.0149,0.0000,11.08,20.81,19.55,2.39,86133.1,0,0.00,0.00,3
23281,0.052,-0.051,-0.997,0.000,0.000,0.000,0.000,-0.000,0.000,0.9998,-0.0146,-0.0149,0.0000,11.08,20.81,19.55,2.39,86133.1,0,0.00,0.00,3
23301,0.052,-0.051,-0.997,0.000,0.000,0.000,0.000,-0.000,0.000,0.9998,-0.0146,-0.0149,0.0000,11.08,20.81,19.55,2.39,86133.1,0,0.00,0.00,3
23321,0.052,-0.051,-0.997,0.000,0.000,0.000,0.000,-0.000,0.000,0.9998,-0.0146,-0.0149,0.0000,11.08,20.81,19.55,2.39,86133.1,0,0.00,0.00,3
23341,0.052,-0.051,-0.997,0.000,0.000,0.000,0.000,-0.000,0.000,0.9998,-0.0146,-0.0149,0.0000,11.08,20.81,19.55,2.39,86133.1,0,0.00,0.00,3
23361,0.052,-0.051,-0.997,0.000,0.000,0.000,0.000,-0.000,0.000,0.9998,-0.0146,-0.0149,0.0000,11.08,20.81,19.55,2.39,86133.1,0,0.00,0.00,3
23381,0.052,-0.051,-0.997,0.000,0.000,0.000,0.000,-0.000,0.000,0.9998,-0.0146,-0.0149,0.0000,11.08,20.81,19.55,2.39,86133.1,0,0.00,0.00,3
23401,0.052,-0.051,-0.997,0.000,0.000,0.000,0.000,-0.000,0.000,0.9998,-0.0146,-0.0149,0.0000,11.08,20.81,19.55,2.40,86133.1,0,0.00,0.00,3
23421,0.052,-0.051,-0.997,0.000,0.000,0.000,0.000,-0.000,0.000,0.9998,-0.0146,-0.0149,0.0000,11.08,20.81,19.55,2.40,86133.1,0,0.00,0.00,3
23441,0.052,-0.051,-0.997,0.000,0.000,0.000,0.000,-0.000,0.000,0.9998,-0.0146,-0.0149,0.0000,11.08,20.81,19.55,2.40,86133.1,0,0.00,0.00,3
23461,0.052,-0.051,-0.997,0.000,0.000,0.000,0.000,-0.000,0.000,0.9998,-0.0147,-0.0149,0.0000,11.08,20.81,19.55,2.40,86133.1,0,0.00,0.00,3
23481,0.052,-0.051,-0.997,0.000,0.000,0.000,0.000,-0.000,0.000,0.9998,-0.0147,-0.0149,0.0000,11.08,20.81,19.55,2.40,86133.1,0,0.00,0.00,3
23501,0.052,-0.051,-0.997,0.000,0.000,0.000,0.000,-0.000,0.000,0.9998,-0.0147,-0.0149,0.0000,11.08,20.81,19.55,2.40,86133.1,0,0.00,0.00,3
23521,0.052,-0.051,-0.997,0.000,0.000,0.000,0.000,-0.000,0.000,0.9998,-0.0147,-0.0149,0.0000,11.08,20.81,19.55,2.40,86133.1,0,0.00,0.00,3
23541,0.052,-0.051,-0.997,0.000,0.000,0.000,0.000,-0.000,0.000,0.9998,-0.0147,-0.0150,0.0000,11.08,20.81,19.55,2.40,86133.1,0,0.00,0.00,3
23561,0.052,-0.051,-0.997,0.000,0.000,0.000,0.000,-0.000,0.000,0.9998,-0.0147,-0.0150,0.0000,11.08,20.81,19.55,2.40,86133.1,0,0.00,0.00,3
23581,0.052,-0.051,-0.997,0.000,0.000,0.000,0.000,-0.000,0.000,0.9998,-0.0147,-0.0150,0.0000,11.08,20.81,19.55,2.40,86133.1,0,0.00,0.00,3
23601,0.052,-0.051,-0.997,0.000,0.000,0.000,0.000,-0.000,0.000,0.9998,-0.0147,-0.0150,0.0000,11.08,20.81,19.55,2.40,86133.1,0,0.00,0.00,3
23621,0.052,-0.051,-0.997,0.000,0.000,0.000,0.000,-0.000,0.000,0.9998,-0.0147,-0.0150,0.0000,11.08,20.81,19.55,2.40,86133.1,0,0.00,0.00,3
23641,0.052,-0.051,-0.997,0.000,0.000,0.000,0.000,-0.000,0.000,0.9998,-0.0147,-0.0150,0.0000,11.08,20.81,19.55,2.41,86133.1,0,0.00,0.00,3
23661,0.052,-0.051,-0.997,0.000,0.000,0.000,0.000,-0.000,0.000,0.9998,-0.0147,-0.0150,0.0000,11.08,20.81,19.55,2.41,86133.1,0,0.00,0.00,3
23681,0.052,-0.051,-0.997,0.000,0.000,0.000,0.000,-0.000,0.000,0.9998,-0.0147,-0.0150,0.0000,11.08,20.81,19.55,2.41,86133.1,0,0.00,0.00,3
23701,0.052,-0.051,-0.997,0.000,0.000,0.000,0.000,-0.000,0.000,0.9998,-0.0147,-0.0150,0.0000,11.08,20.81,19.55,2.41,86133.1,0,0.00,0.00,3
23721,0.052,-0.051,-0.997,0.000,0.000,0.000,0.000,-0.000,0.000,0.9998,-0.0147,-0.0150,0.0000,11.08,20.81,19.55,2.41,86133.1,0,0.00,0.00,3
23741,0.052,-0.051,-0.997,0.000,0.000,0.000,0.000,-0.000,0.000,0.9998,-0.0147,-0.0150,0.0000,11.08,20.81,19.55,2.41,86133.1,0,0.00,0.00,3
23761,0.052,-0.051,-0.997,0.000,0.000,0.000,0.000,-0.000,0.000,0.9998,-0.0147,-0.0150,0.0000,11.08,20.81,19.55,2.41,86133.1,0,0.00,0.00,3
23781,0.052,-0.051,-0.997,0.000,0.000,0.000,0.000,-0.000,0.000,0.9998,-0.0147,-0.0150,0.0000,11.08,20.81,19.55,2.41,86133.1,0,0.00,0.00,3
23801,0.052,-0.051,-0.997,0.000,0.000,0.000,0.000,-0.000,0.000,0.9998,-0.0147,-0.0150,0.0000,11.08,20.81,19.55,2.41,86133.1,0,0.00,0.00,3
23821,0.052,-0.051,-0.997,0.000,0.000,0.000,0.000,-0.000,0.000,0.9998,-0.0147,-0.0150,0.0000,11.08,20.81,19.55,2.41,86133.1,0,0.00,0.00,3
23841,0.052,-0.051,-0.997,0.000,0.000,0.000,0.000,-0.000,0.000,0.9998,-0.0148,-0.0150,0.0000,11.08,20.81,19.55,2.41,86133.1,0,0.00,0.00,3
23861,0.052,-0.051,-0.997,0.000,0.000,0.000,0.000,-0.000,0.000,0.9998,-0.0148,-0.0150,0.0000,11.08,20.81,19.55,2.41,86133.1,0,0.00,0.00,3
23881,0.052,-0.051,-0.997,0.000,0.000,0.000,0.000,-0.000,0.000,0.9998,-0.0148,-0.0150,0.0000,11.08,20.81,19.55,2.42,86133.1,0,0.00,0.00,3
23901,0.052,-0.051,-0.997,0.000,0.000,0.000,0.000,-0.000,0.000,0.9998,-0.0148,-0.0150,0.0000,11.08,20.81,19.55,2.42,86133.1,0,0.00,0.00,3
23921,0.052,-0.051,-0.997,0.000,0.000,0.000,0.000,-0.000,0.000,0.9998,-0.0148,-0.0151,0.0000,11.08,20.81,19.55,2.42,86133.1,0,0.00,0.00,3
23941,0.052,-0.051,-0.997,0.000,0.000,0.000,0.000,-0.000,0.000,0.9998,-0.0148,-0.0151,0.0000,11.08,20.81,19.55,2.42,86133.1,0,0.00,0.00,3
23961,0.052,-0.051,-0.997,0.000,0.000,0.000,0.000,-0.000,0.000,0.9998,-0.0148,-0.0151,0.0000,11.08,20.81,19.55,2.42,86133.1,0,0.00,0.00,3
23981,0.052,-0.051,-0.997,0.000,0.000,0.000,0.000,-0.000,0.000,0.9998,-0.0148,-0.0151,0.0000,11.08,20.81,19.55,2.42,86133.1,0,0.00,0.00,3
24001,0.052,-0.051,-0.997,0.000,0.000,0.000,0.000,-0.000,0.000,0.9998,-0.0148,-0.0151,0.0000,11.08,20.81,19.55,2.42,86133.1,0,0.00,0.00,3
24021,0.052,-0.051,-0.997,0.000,0.000,0.000,0.000,-0.000,0.000,0.9998,-0.0148,-0.0151,0.0000,11.08,20.81,19.55,2.42,86133.1,0,0.00,0.00,3
24041,0.052,-0.051,-0.997,0.000,0.000,0.000,0.000,-0.000,0.000,0.9998,-0.0148,-0.0151,0.0000,11.08,20.81,19.55,2.42,86133.1,0,0.00,0.00,3
24061,0.052,-0.051,-0.997,0.000,0.000,0.000,0.000,-0.000,0.000,0.9998,-0.0148,-0.0151,0.0000,11.08,20.81,19.55,2.42,86133.1,0,0.00,0.00,3
24081,0.052,-0.051,-0.997,0.000,0.000,0.000,0.000,-0.000,0.000,0.9998,-0.0148,-0.0151,0.0000,11.08,20.81,19.55,2.42,86133.1,0,0.00,0.00,3
24101,0.052,-0.051,-0.997,0.000,0.000,0.000,0.000,-0.000,0.000,0.9998,-0.0148,-0.0151,0.0000,11.08,20.81,19.55,2.42,86133.1,0,0.00,0.00,3
24121,0.052,-0.051,-0.997,0.000,0.000,0.000,0.000,-0.000,0.000,0.9998,-0.0148,-0.0151,0.0000,11.08,20.81,19.55,2.43,86133.1,0,0.00,0.00,3
24141,0.052,-0.051,-0.997,0.000,0.000,0.000,0.000,-0.000,0.000,0.9998,-0.0148,-0.0151,0.0000,11.08,20.81,19.55,2.43,86133.1,0,0.00,0.00,3
24161,0.052,-0.051,-0.997,0.000,0.000,0.000,0.000,-0.000,0.000,0.9998,-0.0148,-0.0151,0.0000,11.08,20.81,19.55,2.43,86133.1,0,0.00,0.00,3
24181,0.052,-0.051,-0.997,0.000,0.000,0.000,0.000,-0.000,0.000,0.9998,-0.0148,-0.0151,0.0000,11.08,20.81,19.55,2.43,86133.1,0,0.00,0.00,3
24201,0.052,-0.051,-0.997,0.000,0.000,0.000,0.000,-0.000,0.000,0.9998,-0.0148,-0.0151,0.0000,11.08,20.81,19.55,2.43,86133.1,0,0.00,0.00,3
24221,0.052,-0.051,-0.997,0.000,0.000,0.000,0.000,-0.000,0.000,0.9998,-0.0148,-0.0151,0.0000,11.08,20.81,19.55,2.43,86133.1,0,0.00,0.00,3
24241,0.052,-0.051,-0.997,0.000,0.000,0.000,0.000,-0.000,0.000,0.9998,-0.0149,-0.0151,0.0000,11.08,20.81,19.55,2.43,86133.1,0,0.00,0.00,3
24261,0.052,-0.051,-0.997,0.000,0.000,0.000,0.000,-0.000,0.000,0.9998,-0.0149,-0.0151,0.0000,11.08,20.81,19.55,2.43,86133.1,0,0.00,0.00,3
24281,0.052,-0.051,-0.997,0.000,0.000,0.000,0.000,-0.000,0.000,0.9998,-0.0149,-0.0151,0.0000,11.08,20.81,19.55,2.43,86133.1,0,0.00,0.00,3
24301,0.052,-0.051,-0.997,0.000,0.000,0.000,0.000,-0.000,0.000,0.9998,-0.0149,-0.0152,0.0000,11.08,20.81,19.55,2.43,86133.1,0,0.00,0.00,3
24321,0.052,-0.051,-0.997,0.000,0.000,0.000,0.000,-0.000,0.000,0.9998,-0.0149,-0.0152,0.0000,11.08,20.81,19.55,2.43,86133.1,0,0.00,0.00,3
24341,0.052,-0.051,-0.997,0.000,0.000,0.000,0.000,-0.000,0.000,0.9998,-0.0149,-0.0152,0.0000,11.08,20.81,19.55,2.43,86133.1,0,0.00,0.00,3
24361,0.052,-0.051,-0.997,0.000,0.000,0.000,0.000,-0.000,0.000,0.9998,-0.0149,-0.0152,0.0000,11.08,20.81,19.55,2.44,86133.1,0,0.00,0.00,3
24381,0.052,-0.051,-0.997,0.000,0.000,0.000,0.000,-0.000,0.000,0.9998,-0.0149,-0.0152,0.0000,11.08,20.81,19.55,2.44,86133.1,0,0.00,0.00,3
24401,0.052,-0.051,-0.997,0.000,0.000,0.000,0.000,-0.000,0.000,0.9998,-0.0149,-0.0152,0.0000,11.08,20.81,19.55,2.44,86133.1,0,0.00,0.00,3
24421,0.052,-0.051,-0.997,0.000,0.000,0.000,0.000,-0.000,0.000,0.9998,-0.0149,-0.0152,0.0000,11.08,20.81,19.55,2.44,86133.1,0,0.00,0.00,3
24441,0.052,-0.051,-0.997,0.000,0.000,0.000,0.000,-0.000,0.000,0.9998,-0.0149,-0.0152,0.0000,11.08,20.81,19.55,2.44,86133.1,0,0.00,0.00,3
24461,0.052,-0.051,-0.997,0.000,0.000,0.000,0.000,-0.000,0.000,0.9998,-0.0149,-0.0152,0.0000,11.08,20.81,19.55,2.44,86133.1,0,0.00,0.00,3
24481,0.052,-0.051,-0.997,0.000,0.000,0.000,0.000,-0.000,0.000,0.9998,-0.0149,-0.0152,0.0000,11.08,20.81,19.55,2.44,86133.1,0,0.00,0.00,3
24501,0.052,-0.051,-0.997,0.000,0.000,0.000,0.000,-0.000,0.000,0.9998,-0.0149,-0.0152,0.0000,11.08,20.81,19.55,2.44,86133.1,0,0.00,0.00,3
24521,0.052,-0.051,-0.997,0.000,0.000,0.000,0.000,-0.000,0.000,0.9998,-0.0149,-0.0152,0.0000,11.08,20.81,19.55,2.44,86133.1,0,0.00,0.00,3
24541,0.052,-0.051,-0.997,0.000,0.000,0.000,0.000,-0.000,0.000,0.9998,-0.0149,-0.0152,0.0000,11.08,20.81,19.55,2.44,86133.1,0,0.00,0.00,3
24561,0.052,-0.051,-0.997,0.000,0.000,0.000,0.000,-0.000,0.000,0.9998,-0.0149,-0.0152,0.0000,11.08,20.81,19.55,2.44,86133.1,0,0.00,0.00,3
24581,0.052,-0.051,-0.997,0.000,0.000,0.000,0.000,-0.000,0.000,0.9998,-0.0149,-0.0152,0.0000,11.08,20.81,19.55,2.44,86133.1,0,0.00,0.00,3
24601,0.052,-0.051,-0.997,0.000,0.000,0.000,0.000,-0.000,0.000,0.9998,-0.0149,-0.0152,0.0000,11.08,20.81,19.55,2.45,86133.1,0,0.00,0.00,3
24621,0.052,-0.051,-0.997,0.000,0.000,0.000,0.000,-0.000,0.000,0.9998,-0.0150,-0.0152,0.0000,11.08,20.81,19.55,2.45,86133.1,0,0.00,0.00,3
24641,0.052,-0.051,-0.997,0.000,0.000,0.000,0.000,-0.000,0.000,0.9998,-0.0150,-0.0152,0.0000,11.08,20.81,19.55,2.45,86133.1,0,0.00,0.00,3
24661,0.052,-0.051,-0.997,0.000,0.000,0.000,0.000,-0.000,0.000,0.9998,-0.0150,-0.0152,0.0000,11.08,20.81,19.54,2.45,86133.1,0,0.00,0.00,3
24681,0.052,-0.051,-0.997,0.000,0.000,0.000,0.000,-0.000,0.000,0.9998,-0.0150,-0.0153,0.0000,11.08,20.81,19.54,2.45,86133.1,0,0.00,0.00,3
24701,0.052,-0.051,-0.997,0.000,0.000,0.000,0.000,-0.000,0.000,0.9998,-0.0150,-0.0153,0.0000,11.08,20.81,19.54,2.45,86133.1,0,0.00,0.00,3
24721,0.052,-0.051,-0.997,0.000,0.000,0.000,0.000,-0.000,0.000,0.9998,-0.0150,-0.0153,0.0000,11.08,20.81,19.54,2.45,86133.1,0,0.00,0.00,3
24741,0.052,-0.051,-0.997,0.000,0.000,0.000,0.000,-0.000,0.000,0.9998,-0.0150,-0.0153,0.0000,11.08,20.81,19.54,2.45,86133.1,0,0.00,0.00,3
24761,0.052,-0.051,-0.997,0.000,0.000,0.000,0.000,-0.000,0.000,0.9998,-0.0150,-0.0153,0.0000,11.08,20.81,19.54,2.45,86133.1,0,0.00,0.00,3
24781,0.052,-0.051,-0.997,0.000,0.000,0.000,0.000,-0.000,0.000,0.9998,-0.0150,-0.0153,0.0000,11.08,20.81,19.54,2.45,86133.1,0,0.00,0.00,3
24801,0.052,-0.051,-0.997,0.000,0.000,0.000,0.000,-0.000,0.000,0.9998,-0.0150,-0.0153,0.0000,11.08,20.81,19.54,2.45,86133.1,0,0.00,0.00,3
24821,0.052,-0.051,-0.997,0.000,0.000,0.000,0.000,-0.000,0.000,0.9998,-0.0150,-0.0153,0.0000,11.08,20.81,19.54,2.45,86133.1,0,0.00,0.00,3
24841,0.052,-0.051,-0.997,0.000,0.000,0.000,0.000,-0.000,0.000,0.9998,-0.0150,-0.0153,0.0000,11.08,20.81,19.54,2.46,86133.1,0,0.00,0.00,3
24861,0.052,-0.051,-0.997,0.000,0.000,0.000,0.000,-0.000,0.000,0.9998,-0.0150,-0.0153,0.0000,11.08,20.81,19.54,2.46,86133.1,0,0.00,0.00,3
24881,0.052,-0.051,-0.997,0.000,0.000,0.000,0.000,-0.000,0.000,0.9998,-0.0150,-0.0153,0.0000,11.08,20.81,19.54,2.46,86133.1,0,0.00,0.00,3
24901,0.052,-0.051,-0.997,0.000,0.000,0.000,0.000,-0.000,0.000,0.9998,-0.0150,-0.0153,0.0000,11.08,20.81,19.54,2.46,86133.1,0,0.00,0.00,3
24921,0.052,-0.051,-0.997,0.000,0.000,0.000,0.000,-0.000,0.000,0.9998,-0.0150,-0.0153,0.0000,11.08,20.81,19.54,2.46,86133.1,0,0.00,0.00,3
24941,0.052,-0.051,-0.997,0.000,0.000,0.000,0.000,-0.000,0.000,0.9998,-0.0150,-0.0153,0.0000,11.08,20.81,19.54,2.46,86133.1,0,0.00,0.00,3
24961,0.052,-0.051,-0.997,0.000,0.000,0.000,0.000,-0.000,0.000,0.9998,-0.0150,-0.0153,0.0000,11.08,20.81,19.54,2.46,86133.1,0,0.00,0.00,3
24981,0.052,-0.051,-0.997,0.000,0.000,0.000,0.000,-0.000,0.000,0.9998,-0.0150,-0.0153,0.0000,11.08,20.81,19.54,2.46,86133.1,0,0.00,0.00,3
25001,0.052,-0.051,-0.997,0.000,0.000,0.000,0.000,-0.000,0.000,0.9998,-0.0150,-0.0153,0.0000,11.08,20.81,19.54,2.46,86133.1,0,0.00,0.00,3
25021,0.052,-0.051,-0.997,0.000,0.000,0.000,0.000,-0.000,0.000,0.9998,-0.0151,-0.0153,0.0000,11.08,20.81,19.54,2.46,86133.1,0,0.00,0.00,3
25041,0.052,-0.051,-0.997,0.000,0.000,0.000,0.000,-0.000,0.000,0.9998,-0.0151,-0.0153,0.0000,11.08,20.81,19.54,2.46,86133.1,0,0.00,0.00,3
25061,0.052,-0.051,-0.997,0.000,0.000,0.000,0.000,-0.000,0.000,0.9998,-0.0151,-0.0153,0.0000,11.08,20.81,19.54,2.46,86133.1,0,0.00,0.00,3
25081,0.052,-0.051,-0.997,0.000,0.000,0.000,0.000,-0.000,0.000,0.9998,-0.0151,-0.0154,0.0000,11.08,20.81,19.54,2.47,86133.1,0,0.00,0.00,3
25101,0.052,-0.051,-0.997,0.000,0.000,0.000,0.000,-0.000,0.000,0.9998,-0.0151,-0.0154,0.0000,11.08,20.81,19.54,2.47,86133.1,0,0.00,0.00,3
25121,0.052,-0.051,-0.997,0.000,0.000,0.000,0.000,-0.000,0.000,0.9998,-0.0151,-0.0154,0.0000,11.08,20.81,19.54,2.47,86133.1,0,0.00,0.00,3
25141,0.052,-0.051,-0.997,0.000,0.000,0.000,0.000,-0.000,0.000,0.9998,-0.0151,-0.0154,0.0000,11.08,20.81,19.54,2.47,86133.1,0,0.00,0.00,3
25161,0.052,-0.051,-0.997,0.000,0.000,0.000,0.000,-0.000,0.000,0.9998,-0.0151,-0.0154,0.0000,11.08,20.81,19.54,2.47,86133.1,0,0.00,0.00,3
25181,0.052,-0.051,-0.997,0.000,0.000,0.000,0.000,-0.000,0.000,0.9998,-0.0151,-0.0154,0.0000,11.08,20.81,19.54,2.47,86133.1,0,0.00,0.00,3
25201,0.052,-0.051,-0.997,0.000,0.000,0.000,0.000,-0.000,0.000,0.9998,-0.0151,-0.0154,0.0000,11.08,20.81,19.54,2.47,86133.1,0,0.00,0.00,3
25221,0.052,-0.051,-0.997,0.000,0.000,0.000,0.000,-0.000,0.000,0.9998,-0.0151,-0.0154,0.0000,11.08,20.81,19.54,2.47,86133.1,0,0.00,0.00,3
25241,0.052,-0.051,-0.997,0.000,0.000,0.000,0.000,-0.000,0.000,0.9998,-0.0151,-0.0154,0.0000,11.08,20.81,19.54,2.47,86133.1,0,0.00,0.00,3
25261,0.052,-0.051,-0.997,0.000,0.000,0.000,0.000,-0.000,0.000,0.9998,-0.0151,-0.0154,0.0000,11.08,20.81,19.54,2.47,86133.1,0,0.00,0.00,3
25281,0.052,-0.051,-0.997,0.000,0.000,0.000,0.000,-0.000,0.000,0.9998,-0.0151,-0.0154,0.0000,11.08,20.81,19.54,2.47,86133.1,0,0.00,0.00,3
25301,0.052,-0.051,-0.997,0.000,0.000,0.000,0.000,-0.000,0.000,0.9998,-0.0151,-0.0154,0.0000,11.08,20.81,19.54,2.47,86133.1,0,0.00,0.00,3
25321,0.052,-0.051,-0.997,0.000,0.000,0.000,0.000,-0.000,0.000,0.9998,-0.0151,-0.0154,0.0000,11.08,20.81,19.54,2.48,86133.1,0,0.00,0.00,3
25341,0.052,-0.051,-0.997,0.000,0.000,0.000,0.000,-0.000,0.000,0.9998,-0.0151,-0.0154,0.0000,11.08,20.81,19.54,2.48,86133.1,0,0.00,0.00,3
25361,0.052,-0.051,-0.997,0.000,0.000,0.000,0.000,-0.000,0.000,0.9998,-0.0151,-0.0154,0.0000,11.08,20.81,19.54,2.48,86133.1,0,0.00,0.00,3
25381,0.052,-0.051,-0.997,0.000,0.000,0.000,0.000,-0.000,0.000,0.9998,-0.0151,-0.0154,0.0000,11.08,20.81,19.54,2.48,86133.1,0,0.00,0.00,3
25401,0.052,-0.051,-0.997,0.000,0.000,0.000,0.000,-0.000,0.000,0.9998,-0.0151,-0.0154,0.0000,11.08,20.81,19.54,2.48,86133.1,0,0.00,0.00,3
25421,0.052,-0.051,-0.997,0.000,0.000,0.000,0.000,-0.000,0.000,0.9998,-0.0152,-0.0154,0.0000,11.08,20.81,19.54,2.48,86133.1,0,0.00,0.00,3
25441,0.052,-0.051,-0.997,0.000,0.000,0.000,0.000,-0.000,0.000,0.9998,-0.0152,-0.0154,0.0000,11.08,20.81,19.54,2.48,86133.1,0,0.00,0.00,3
25461,0.052,-0.051,-0.997,0.000,0.000,0.000,0.000,-0.000,0.000,0.9998,-0.0152,-0.0155,0.0000,11.08,20.81,19.54,2.48,86133.1,0,0.00,0.00,3
25481,0.052,-0.051,-0.997,0.000,0.000,0.000,0.000,-0.000,0.000,0.9998,-0.0152,-0.0155,0.0000,11.08,20.81,19.54,2.48,86133.1,0,0.00,0.00,3
25501,0.052,-0.051,-0.997,0.000,0.000,0.000,0.000,-0.000,0.000,0.9998,-0.0152,-0.0155,0.0000,11.08,20.81,19.54,2.48,86133.1,0,0.00,0.00,3
25521,0.052,-0.051,-0.997,0.000,0.000,0.000,0.000,-0.000,0.000,0.9998,-0.0152,-0.0155,0.0000,11.08,20.81,19.54,2.48,86133.1,0,0.00,0.00,3
25541,0.052,-0.051,-0.997,0.000,0.000,0.000,0.000,-0.000,0.000,0.9998,-0.0152,-0.0155,0.0000,11.08,20.81,19.54,2.48,86133.1,0,0.00,0.00,3
25561,0.052,-0.051,-0.997,0.000,0.000,0.000,0.000,-0.000,0.000,0.9998,-0.0152,-0.0155,0.0000,11.08,20.81,19.54,2.49,86133.1,0,0.00,0.00,3
25581,0.052,-0.051,-0.997,0.000,0.000,0.000,0.000,-0.000,0.000,0.9998,-0.0152,-0.0155,0.0000,11.08,20.81,19.54,2.49,86133.1,0,0.00,0.00,3
25601,0.052,-0.051,-0.997,0.000,0.000,0.000,0.000,-0.000,0.000,0.9998,-0.0152,-0.0155,0.0000,11.08,20.81,19.54,2.49,86133.1,0,0.00,0.00,3
25621,0.052,-0.051,-0.997,0.000,0.000,0.000,0.000,-0.000,0.000,0.9998,-0.0152,-0.0155,0.0000,11.08,20.81,19.54,2.49,86133.1,0,0.00,0.00,3
25641,0.052,-0.051,-0.997,0.000,0.000,0.000,0.000,-0.000,0.000,0.9998,-0.0152,-0.0155,0.0000,11.08,20.81,19.54,2.49,86133.1,0,0.00,0.00,3
25661,0.052,-0.051,-0.997,0.000,0.000,0.000,0.000,-0.000,0.000,0.9998,-0.0152,-0.0155,0.0000,11.08,20.81,19.54,2.49,86133.1,0,0.00,0.00,3
25681,0.052,-0.051,-0.997,0.000,0.000,0.000,0.000,-0.000,0.000,0.9998,-0.0152,-0.0155,0.0000,11.08,20.81,19.54,2.49,86133.1,0,0.00,0.00,3
25701,0.052,-0.051,-0.997,0.000,0.000,0.000,0.000,-0.000,0.000,0.9998,-0.0152,-0.0155,0.0000,11.08,20.81,19.54,2.49,86133.1,0,0.00,0.00,3
25721,0.052,-0.051,-0.997,0.000,0.000,0.000,0.000,-0.000,0.000,0.9998,-0.0152,-0.0155,0.0000,11.08,20.81,19.54,2.49,86133.1,0,0.00,0.00,3
25741,0.052,-0.051,-0.997,0.000,0.000,0.000,0.000,-0.000,0.000,0.9998,-0.0152,-0.0155,0.0000,11.08,20.81,19.54,2.49,86133.1,0,0.00,0.00,3
25761,0.052,-0.051,-0.997,0.000,0.000,0.000,0.000,-0.000,0.000,0.9998,-0.0152,-0.0155,0.0000,11.08,20.81,19.54,2.49,86133.1,0,0.00,0.00,3
25781,0.052,-0.051,-0.997,0.000,0.000,0.000,0.000,-0.000,0.000,0.9998,-0.0152,-0.0155,0.0000,11.08,20.81,19.54,2.49,86133.1,0,0.00,0.00,3
25801,0.052,-0.051,-0.997,0.000,0.000,0.000,0.000,-0.000,0.000,0.9998,-0.0153,-0.0155,0.0000,11.08,20.81,19.54,2.50,86133.1,0,0.00,0.00,3
25821,0.052,-0.051,-0.997,0.000,0.000,0.000,0.000,-0.000,0.000,0.9998,-0.0153,-0.0155,0.0000,11.08,20.81,19.54,2.50,86133.1,0,0.00,0.00,3
25841,0.052,-0.051,-0.997,0.000,0.000,0.000,0.000,-0.000,0.000,0.9998,-0.0153,-0.0156,0.0000,11.08,20.81,19.54,2.50,86133.1,0,0.00,0.00,3
25861,0.052,-0.051,-0.997,0.000,0.000,0.000,0.000,-0.000,0.000,0.9998,-0.0153,-0.0156,0.0000,11.08,20.81,19.54,2.50,86133.1,0,0.00,0.00,3
25881,0.052,-0.051,-0.997,0.000,0.000,0.000,0.000,-0.000,0.000,0.9998,-0.0153,-0.0156,0.0000,11.08,20.81,19.54,2.50,86133.1,0,0.00,0.00,3
25901,0.052,-0.051,-0.997,0.000,0.000,0.000,0.000,-0.000,0.000,0.9998,-0.0153,-0.0156,0.0000,11.08,20.81,19.54,2.50,86133.1,0,0.00,0.00,3
25921,0.052,-0.051,-0.997,0.000,0.000,0.000,0.000,-0.000,0.000,0.9998,-0.0153,-0.0156,0.0000,11.08,20.81,19.54,2.50,86133.1,0,0.00,0.00,3
25941,0.052,-0.051,-0.997,0.000,0.000,0.000,0.000,-0.000,0.000,0.9998,-0.0153,-0.0156,0.0000,11.08,20.81,19.54,2.50,86133.1,0,0.00,0.00,3
25961,0.052,-0.051,-0.997,0.000,0.000,0.000,0.000,-0.000,0.000,0.9998,-0.0153,-0.0156,0.0000,11.08,20.81,19.54,2.50,86133.1,0,0.00,0.00,3
25981,0.052,-0.051,-0.997,0.000,0.000,0.000,0.000,-0.000,0.000,0.9998,-0.0153,-0.0156,0.0000,11.08,20.81,19.54,2.50,86133.1,0,0.00,0.00,3
26001,0.052,-0.051,-0.997,0.000,0.000,0.000,0.000,-0.000,0.000,0.9998,-0.0153,-0.0156,0.0000,11.08,20.81,19.54,2.50,86133.1,0,0.00,0.00,3
26021,0.052,-0.051,-0.997,0.000,0.000,0.000,0.000,-0.000,0.000,0.9998,-0.0153,-0.0156,0.0000,11.08,20.81,19.54,2.50,86133.1,0,0.00,0.00,3
26041,0.052,-0.051,-0.997,0.000,0.000,0.000,0.000,-0.000,0.000,0.9998,-0.0153,-0.0156,0.0000,11.08,20.81,19.54,2.51,86133.1,0,0.00,0.00,3
26061,0.052,-0.051,-0.997,0.000,0.000,0.000,0.000,-0.000,0.000,0.9998,-0.0153,-0.0156,0.0000,11.08,20.81,19.54,2.51,86133.1,0,0.00,0.00,3
26081,0.052,-0.051,-0.997,0.000,0.000,0.000,0.000,-0.000,0.000,0.9998,-0.0153,-0.0156,0.0000,11.08,20.81,19.54,2.51,86133.1,0,0.00,0.00,3
26101,0.052,-0.051,-0.997,0.000,0.000,0.000,0.000,-0.000,0.000,0.9998,-0.0153,-0.0156,0.0000,11.08,20.81,19.54,2.51,86133.1,0,0.00,0.00,3
26121,0.052,-0.051,-0.997,0.000,0.000,0.000,0.000,-0.000,0.000,0.9998,-0.0153,-0.0156,0.0000,11.08,20.81,19.54,2.51,86133.1,0,0.00,0.00,3
26141,0.052,-0.051,-0.997,0.000,0.000,0.000,0.000,-0.000,0.000,0.9998,-0.0153,-0.0156,0.0000,11.08,20.81,19.54,2.51,86133.1,0,0.00,0.00,3
26161,0.052,-0.051,-0.997,0.000,0.000,0.000,0.000,-0.000,0.000,0.9998,-0.0153,-0.0156,0.0000,11.08,20.81,19.54,2.51,86133.1,0,0.00,0.00,3
26181,0.052,-0.051,-0.997,0.000,0.000,0.000,0.000,-0.000,0.000,0.9998,-0.0153,-0.0156,0.0000,11.08,20.81,19.54,2.51,86133.1,0,0.00,0.00,3
26201,0.052,-0.051,-0.997,0.000,0.000,0.000,0.000,-0.000,0.000,0.9998,-0.0154,-0.0156,0.0000,11.08,20.81,19.54,2.51,86133.1,0,0.00,0.00,3
26221,0.052,-0.051,-0.997,0.000,0.000,0.000,0.000,-0.000,0.000,0.9998,-0.0154,-0.0157,0.0000,11.08,20.81,19.54,2.51,86133.1,0,0.00,0.00,3
26241,0.052,-0.051,-0.997,0.000,0.000,0.000,0.000,-0.000,0.000,0.9998,-0.0154,-0.0157,0.0000,11.08,20.81,19.54,2.51,86133.1,0,0.00,0.00,3
26261,0.052,-0.051,-0.997,0.000,0.000,0.000,0.000,-0.000,0.000,0.9998,-0.0154,-0.0157,0.0000,11.08,20.81,19.54,2.51,86133.1,0,0.00,0.00,3
26281,0.052,-0.051,-0.997,0.000,0.000,0.000,0.000,-0.000,0.000,0.9998,-0.0154,-0.0157,0.0000,11.08,20.81,19.54,2.52,86133.1,0,0.00,0.00,3
26301,0.052,-0.051,-0.997,0.000,0.000,0.000,0.000,-0.000,0.000,0.9998,-0.0154,-0.0157,0.0000,11.08,20.81,19.54,2.52,86133.1,0,0.00,0.00,3
26321,0.052,-0.051,-0.997,0.000,0.000,0.000,0.000,-0.000,0.000,0.9998,-0.0154,-0.0157,0.0000,11.08,20.81,19.54,2.52,86133.1,0,0.00,0.00,3
26341,0.052,-0.051,-0.997,0.000,0.000,0.000,0.000,-0.000,0.000,0.9998,-0.0154,-0.0157,0.0000,11.08,20.81,19.54,2.52,86133.1,0,0.00,0.00,3
26361,0.052,-0.051,-0.997,0.000,0.000,0.000,0.000,-0.000,0.000,0.9998,-0.0154,-0.0157,0.0000,11.08,20.81,19.54,2.52,86133.1,0,0.00,0.00,3
26381,0.052,-0.051,-0.997,0.000,0.000,0.000,0.000,-0.000,0.000,0.9998,-0.0154,-0.0157,0.0000,11.08,20.81,19.54,2.52,86133.1,0,0.00,0.00,3
26401,0.052,-0.051,-0.997,0.000,0.000,0.000,0.000,-0.000,0.000,0.9998,-0.0154,-0.0157,0.0000,11.08,20.81,19.54,2.52,86133.1,0,0.00,0.00,3
26421,0.052,-0.051,-0.997,0.000,0.000,0.000,0.000,-0.000,0.000,0.9998,-0.0154,-0.0157,0.0000,11.08,20.81,19.54,2.52,86133.1,0,0.00,0.00,3
26441,0.052,-0.051,-0.997,0.000,0.000,0.000,0.000,-0.000,0.000,0.9998,-0.0154,-0.0157,0.0000,11.08,20.81,19.54,2.52,86133.1,0,0.00,0.00,3
26461,0.052,-0.051,-0.997,0.000,0.000,0.000,0.000,-0.000,0.000,0.9998,-0.0154,-0.0157,0.0000,11.08,20.81,19.54,2.52,86133.1,0,0.00,0.00,3
26481,0.052,-0.051,-0.997,0.000,0.000,0.000,0.000,-0.000,0.000,0.9998,-0.0154,-0.0157,0.0000,11.08,20.81,19.54,2.52,86133.1,0,0.00,0.00,3
26501,0.052,-0.051,-0.997,0.000,0.000,0.000,0.000,-0.000,0.000,0.9998,-0.0154,-0.0157,0.0000,11.08,20.81,19.54,2.52,86133.1,0,0.00,0.00,3
26521,0.052,-0.051,-0.997,0.000,0.000,0.000,0.000,-0.000,0.000,0.9998,-0.0154,-0.0157,0.0000,11.08,20.81,19.54,2.53,86133.1,0,0.00,0.00,3
26541,0.052,-0.051,-0.997,0.000,0.000,0.000,0.000,-0.000,0.000,0.9998,-0.0154,-0.0157,0.0000,11.08,20.81,19.54,2.53,86133.1,0,0.00,0.00,3
26561,0.052,-0.051,-0.997,0.000,0.000,0.000,0.000,-0.000,0.000,0.9998,-0.0154,-0.0157,0.0000,11.08,20.81,19.54,2.53,86133.1,0,0.00,0.00,3
26581,0.052,-0.051,-0.997,0.000,0.000,0.000,0.000,-0.000,0.000,0.9998,-0.0155,-0.0157,0.0000,11.08,20.81,19.54,2.53,86133.1,0,0.00,0.00,3
26601,0.052,-0.051,-0.997,0.000,0.000,0.000,0.000,-0.000,0.000,0.9998,-0.0155,-0.0157,0.0000,11.08,20.81,19.54,2.53,86133.1,0,0.00,0.00,3
26621,0.052,-0.051,-0.997,0.000,0.000,0.000,0.000,-0.000,0.000,0.9998,-0.0155,-0.0158,0.0000,11.08,20.81,19.54,2.53,86133.1,0,0.00,0.00,3
26641,0.052,-0.051,-0.997,0.000,0.000,0.000,0.000,-0.000,0.000,0.9998,-0.0155,-0.0158,0.0000,11.08,20.81,19.54,2.53,86133.1,0,0.00,0.00,3
26661,0.052,-0.051,-0.997,0.000,0.000,0.000,0.000,-0.000,0.000,0.9998,-0.0155,-0.0158,0.0000,11.08,20.81,19.54,2.53,86133.1,0,0.00,0.00,3
26681,0.052,-0.051,-0.997,0.000,0.000,0.000,0.000,-0.000,0.000,0.9998,-0.0155,-0.0158,0.0000,11.08,20.81,19.54,2.53,86133.1,0,0.00,0.00,3
26701,0.052,-0.051,-0.997,0.000,0.000,0.000,0.000,-0.000,0.000,0.9998,-0.0155,-0.0158,0.0000,11.08,20.81,19.54,2.53,86133.1,0,0.00,0.00,3
26721,0.052,-0.051,-0.997,0.000,0.000,0.000,0.000,-0.000,0.000,0.9998,-0.0155,-0.0158,0.0000,11.08,20.81,19.54,2.53,86133.1,0,0.00,0.00,3
26741,0.052,-0.051,-0.997,0.000,0.000,0.000,0.000,-0.000,0.000,0.9998,-0.0155,-0.0158,0.0000,11.08,20.81,19.54,2.53,86133.1,0,0.00,0.00,3
26761,0.052,-0.051,-0.997,0.000,0.000,0.000,0.000,-0.000,0.000,0.9998,-0.0155,-0.0158,0.0000,11.08,20.81,19.54,2.54,86133.1,0,0.00,0.00,3
26781,0.052,-0.051,-0.997,0.000,0.000,0.000,0.000,-0.000,0.000,0.9998,-0.0155,-0.0158,0.0000,11.08,20.81,19.54,2.54,86133.1,0,0.00,0.00,3
26801,0.052,-0.051,-0.997,0.000,0.000,0.000,0.000,-0.000,0.000,0.9998,-0.0155,-0.0158,0.0000,11.08,20.81,19.54,2.54,86133.1,0,0.00,0.00,3
26821,0.052,-0.051,-0.997,0.000,0.000,0.000,0.000,-0.000,0.000,0.9998,-0.0155,-0.0158,0.0000,11.08,20.81,19.54,2.54,86133.1,0,0.00,0.00,3
26841,0.052,-0.051,-0.997,0.000,0.000,0.000,0.000,-0.000,0.000,0.9998,-0.0155,-0.0158,0.0000,11.08,20.81,19.54,2.54,86133.1,0,0.00,0.00,3
26861,0.052,-0.051,-0.997,0.000,0.000,0.000,0.000,-0.000,0.000,0.9998,-0.0155,-0.0158,0.0000,11.08,20.81,19.54,2.54,86133.1,0,0.00,0.00,3
26881,0.052,-0.051,-0.997,0.000,0.000,0.000,0.000,-0.000,0.000,0.9998,-0.0155,-0.0158,0.0000,11.08,20.81,19.54,2.54,86133.1,0,0.00,0.00,3
26901,0.052,-0.051,-0.997,0.000,0.000,0.000,0.000,-0.000,0.000,0.9998,-0.0155,-0.0158,0.0000,11.08,20.81,19.54,2.54,86133.1,0,0.00,0.00,3
26921,0.052,-0.051,-0.997,0.000,0.000,0.000,0.000,-0.000,0.000,0.9998,-0.0155,-0.0158,0.0000,11.08,20.81,19.54,2.54,86133.1,0,0.00,0.00,3
26941,0.052,-0.051,-0.997,0.000,0.000,0.000,0.000,-0.000,0.000,0.9998,-0.0155,-0.0158,0.0000,11.08,20.81,19.54,2.54,86133.1,0,0.00,0.00,3
26961,0.052,-0.051,-0.997,0.000,0.000,0.000,0.000,-0.000,0.000,0.9998,-0.0155,-0.0158,0.0000,11.08,20.81,19.54,2.54,86133.1,0,0.00,0.00,3
26981,0.052,-0.051,-0.997,0.000,0.000,0.000,0.000,-0.000,0.000,0.9998,-0.0156,-0.0158,0.0000,11.08,20.81,19.54,2.54,86133.1,0,0.00,0.00,3
27001,0.052,-0.051,-0.997,0.000,0.000,0.000,0.000,-0.000,0.000,0.9998,-0.0156,-0.0159,0.0000,11.08,20.81,19.54,2.55,86133.1,0,0.00,0.00,3
27021,0.052,-0.051,-0.997,0.000,0.000,0.000,0.000,-0.000,0.000,0.9998,-0.0156,-0.0159,0.0000,11.08,20.81,19.54,2.55,86133.1,0,0.00,0.00,3
27041,0.052,-0.051,-0.997,0.000,0.000,0.000,0.000,-0.000,0.000,0.9998,-0.0156,-0.0159,0.0000,11.08,20.81,19.54,2.55,86133.1,0,0.00,0.00,3
27061,0.052,-0.051,-0.997,0.000,0.000,0.000,0.000,-0.000,0.000,0.9998,-0.0156,-0.0159,0.0000,11.08,20.81,19.54,2.55,86133.1,0,0.00,0.00,3
27081,0.052,-0.051,-0.997,0.000,0.000,0.000,0.000,-0.000,0.000,0.9998,-0.0156,-0.0159,0.0000,11.08,20.81,19.54,2.55,86133.1,0,0.00,0.00,3
27101,0.052,-0.051,-0.997,0.000,0.000,0.000,0.000,-0.000,0.000,0.9998,-0.0156,-0.0159,0.0000,11.08,20.81,19.54,2.55,86133.1,0,0.00,0.00,3
27121,0.052,-0.051,-0.997,0.000,0.000,0.000,0.000,-0.000,0.000,0.9998,-0.0156,-0.0159,0.0000,11.08,20.81,19.54,2.55,86133.1,0,0.00,0.00,3
27141,0.052,-0.051,-0.997,0.000,0.000,0.000,0.000,-0.000,0.000,0.9998,-0.0156,-0.0159,0.0000,11.08,20.81,19.54,2.55,86133.1,0,0.00,0.00,3
27161,0.052,-0.051,-0.997,0.000,0.000,0.000,0.000,-0.000,0.000,0.9998,-0.0156,-0.0159,0.0000,11.08,20.81,19.54,2.55,86133.1,0,0.00,0.00,3
27181,0.052,-0.051,-0.997,0.000,0.000,0.000,0.000,-0.000,0.000,0.9998,-0.0156,-0.0159,0.0000,11.08,20.81,19.54,2.55,86133.1,0,0.00,0.00,3
27201,0.052,-0.051,-0.997,0.000,0.000,0.000,0.000,-0.000,0.000,0.9998,-0.0156,-0.0159,0.0000,11.08,20.81,19.54,2.55,86133.1,0,0.00,0.00,3
27221,0.052,-0.051,-0.997,0.000,0.000,0.000,0.000,-0.000,0.000,0.9998,-0.0156,-0.0159,0.0000,11.08,20.81,19.54,2.55,86133.1,0,0.00,0.00,3
27241,0.052,-0.051,-0.997,0.000,0.000,0.000,0.000,-0.000,0.000,0.9998,-0.0156,-0.0159,0.0000,11.08,20.81,19.54,2.56,86133.1,0,0.00,0.00,3
27261,0.052,-0.051,-0.997,0.000,0.000,0.000,0.000,-0.000,0.000,0.9998,-0.0156,-0.0159,0.0000,11.08,20.81,19.54,2.56,86133.1,0,0.00,0.00,3
27281,0.052,-0.051,-0.997,0.000,0.000,0.000,0.000,-0.000,0.000,0.9998,-0.0156,-0.0159,0.0000,11.08,20.81,19.54,2.56,86133.1,0,0.00,0.00,3
27301,0.052,-0.051,-0.997,0.000,0.000,0.000,0.000,-0.000,0.000,0.9998,-0.0156,-0.0159,0.0000,11.08,20.81,19.54,2.56,86133.1,0,0.00,0.00,3
27321,0.052,-0.051,-0.997,0.000,0.000,0.000,0.000,-0.000,0.000,0.9998,-0.0156,-0.0159,0.0000,11.08,20.81,19.54,2.56,86133.1,0,0.00,0.00,3
27341,0.052,-0.051,-0.997,0.000,0.000,0.000,0.000,-0.000,0.000,0.9998,-0.0156,-0.0159,0.0000,11.08,20.81,19.54,2.56,86133.1,0,0.00,0.00,3
27361,0.052,-0.051,-0.997,0.000,0.000,0.000,0.000,-0.000,0.000,0.9998,-0.0156,-0.0159,0.0000,11.08,20.81,19.54,2.56,86133.1,0,0.00,0.00,3
27381,0.052,-0.051,-0.997,0.000,0.000,0.000,0.000,-0.000,0.000,0.9998,-0.0157,-0.0160,0.0000,11.08,20.81,19.54,2.56,86133.1,0,0.00,0.00,3
27401,0.052,-0.051,-0.997,0.000,0.000,0.000,0.000,-0.000,0.000,0.9998,-0.0157,-0.0160,0.0000,11.08,20.81,19.54,2.56,86133.1,0,0.00,0.00,3
27421,0.052,-0.051,-0.997,0.000,0.000,0.000,0.000,-0.000,0.000,0.9997,-0.0157,-0.0160,0.0000,11.08,20.81,19.54,2.56,86133.1,0,0.00,0.00,3
27441,0.052,-0.051,-0.997,0.000,0.000,0.000,0.000,-0.000,0.000,0.9997,-0.0157,-0.0160,0.0000,11.08,20.81,19.54,2.56,86133.1,0,0.00,0.00,3
27461,0.052,-0.051,-0.997,0.000,0.000,0.000,0.000,-0.000,0.000,0.9997,-0.0157,-0.0160,0.0000,11.08,20.81,19.54,2.56,86133.1,0,0.00,0.00,3
27481,0.052,-0.051,-0.997,0.000,0.000,0.000,0.000,-0.000,0.000,0.9997,-0.0157,-0.0160,0.0000,11.08,20.81,19.54,2.57,86133.1,0,0.00,0.00,3
27501,0.052,-0.051,-0.997,0.000,0.000,0.000,0.000,-0.000,0.000,0.9997,-0.0157,-0.0160,0.0000,11.08,20.81,19.54,2.57,86133.1,0,0.00,0.00,3
27521,0.052,-0.051,-0.997,0.000,0.000,0.000,0.000,-0.000,0.000,0.9997,-0.0157,-0.0160,0.0000,11.08,20.81,19.54,2.57,86133.1,0,0.00,0.00,3
27541,0.052,-0.051,-0.997,0.000,0.000,0.000,0.000,-0.000,0.000,0.9997,-0.0157,-0.0160,0.0000,11.08,20.81,19.54,2.57,86133.1,0,0.00,0.00,3
27561,0.052,-0.051,-0.997,0.000,0.000,0.000,0.000,-0.000,0.000,0.9997,-0.0157,-0.0160,0.0000,11.08,20.81,19.54,2.57,86133.1,0,0.00,0.00,3
27581,0.052,-0.051,-0.997,0.000,0.000,0.000,0.000,-0.000,0.000,0.9997,-0.0157,-0.0160,0.0000,11.08,20.81,19.54,2.57,86133.1,0,0.00,0.00,3
27601,0.052,-0.051,-0.997,0.000,0.000,0.000,0.000,-0.000,0.000,0.9997,-0.0157,-0.0160,0.0000,11.08,20.81,19.54,2.57,86133.1,0,0.00,0.00,3
27621,0.052,-0.051,-0.997,0.000,0.000,0.000,0.000,-0.000,0.000,0.9997,-0.0157,-0.0160,0.0000,11.08,20.81,19.54,2.57,86133.1,0,0.00,0.00,3
27641,0.052,-0.051,-0.997,0.000,0.000,0.000,0.000,-0.000,0.000,0.9997,-0.0157,-0.0160,0.0000,11.08,20.81,19.54,2.57,86133.1,0,0.00,0.00,3
27661,0.052,-0.051,-0.997,0.000,0.000,0.000,0.000,-0.000,0.000,0.9997,-0.0157,-0.0160,0.0000,11.08,20.81,19.54,2.57,86133.1,0,0.00,0.00,3
27681,0.052,-0.051,-0.997,0.000,0.000,0.000,0.000,-0.000,0.000,0.9997,-0.0157,-0.0160,0.0000,11.08,20.81,19.54,2.57,86133.1,0,0.00,0.00,3
27701,0.052,-0.051,-0.997,0.000,0.000,0.000,0.000,-0.000,0.000,0.9997,-0.0157,-0.0160,0.0000,11.08,20.81,19.54,2.57,86133.1,0,0.00,0.00,3
27721,0.052,-0.051,-0.997,0.000,0.000,0.000,0.000,-0.000,0.000,0.9997,-0.0157,-0.0160,0.0000,11.08,20.81,19.54,2.58,86133.1,0,0.00,0.00,3
27741,0.052,-0.051,-0.997,0.000,0.000,0.000,0.000,-0.000,0.000,0.9997,-0.0157,-0.0160,0.0000,11.08,20.81,19.54,2.58,86133.1,0,0.00,0.00,3
27761,0.052,-0.051,-0.997,0.000,0.000,0.000,0.000,-0.000,0.000,0.9997,-0.0158,-0.0161,0.0000,11.08,20.81,19.54,2.58,86133.1,0,0.00,0.00,3
27781,0.052,-0.051,-0.997,0.000,0.000,0.000,0.000,-0.000,0.000,0.9997,-0.0158,-0.0161,0.0000,11.08,20.81,19.54,2.58,86133.1,0,0.00,0.00,3
27801,0.052,-0.051,-0.997,0.000,0.000,0.000,0.000,-0.000,0.000,0.9997,-0.0158,-0.0161,0.0000,11.08,20.81,19.54,2.58,86133.1,0,0.00,0.00,3
27821,0.052,-0.051,-0.997,0.000,0.000,0.000,0.000,-0.000,0.000,0.9997,-0.0158,-0.0161,0.0000,11.08,20.81,19.54,2.58,86133.1,0,0.00,0.00,3
27841,0.052,-0.051,-0.997,0.000,0.000,0.000,0.000,-0.000,0.000,0.9997,-0.0158,-0.0161,0.0000,11.08,20.81,19.54,2.58,86133.1,0,0.00,0.00,3
27861,0.052,-0.051,-0.997,0.000,0.000,0.000,0.000,-0.000,0.000,0.9997,-0.0158,-0.0161,0.0000,11.08,20.81,19.54,2.58,86133.1,0,0.00,0.00,3
27881,0.052,-0.051,-0.997,0.000,0.000,0.000,0.000,-0.000,0.000,0.9997,-0.0158,-0.0161,0.0000,11.08,20.81,19.54,2.58,86133.1,0,0.00,0.00,3
27901,0.052,-0.051,-0.997,0.000,0.000,0.000,0.000,-0.000,0.000,0.9997,-0.0158,-0.0161,0.0000,11.08,20.81,19.54,2.58,86133.1,0,0.00,0.00,3
27921,0.052,-0.051,-0.997,0.000,0.000,0.000,0.000,-0.000,0.000,0.9997,-0.0158,-0.0161,0.0000,11.08,20.81,19.54,2.58,86133.1,0,0.00,0.00,3
27941,0.052,-0.051,-0.997,0.000,0.000,0.000,0.000,-0.000,0.000,0.9997,-0.0158,-0.0161,0.0000,11.08,20.81,19.54,2.58,86133.1,0,0.00,0.00,3
27961,0.052,-0.051,-0.997,0.000,0.000,0.000,0.000,-0.000,0.000,0.9997,-0.0158,-0.0161,0.0000,11.08,20.81,19.54,2.59,86133.1,0,0.00,0.00,3
27981,0.052,-0.051,-0.997,0.000,0.000,0.000,0.000,-0.000,0.000,0.9997,-0.0158,-0.0161,0.0000,11.08,20.81,19.54,2.59,86133.1,0,0.00,0.00,3
28001,0.052,-0.051,-0.997,0.000,0.000,0.000,0.000,-0.000,0.000,0.9997,-0.0158,-0.0161,0.0000,11.08,20.81,19.54,2.59,86133.1,0,0.00,0.00,3
28021,0.052,-0.051,-0.997,0.000,0.000,0.000,0.000,-0.000,0.000,0.9997,-0.0158,-0.0161,0.0000,11.08,20.81,19.54,2.59,86133.1,0,0.00,0.00,3
28041,0.052,-0.051,-0.997,0.000,0.000,0.000,0.000,-0.000,0.000,0.9997,-0.0158,-0.0161,0.0000,11.08,20.81,19.54,2.59,86133.1,0,0.00,0.00,3
28061,0.052,-0.051,-0.997,0.000,0.000,0.000,0.000,-0.000,0.000,0.9997,-0.0158,-0.0161,0.0000,11.08,20.81,19.54,2.59,86133.1,0,0.00,0.00,3
28081,0.052,-0.051,-0.997,0.000,0.000,0.000,0.000,-0.000,0.000,0.9997,-0.0158,-0.0161,0.0000,11.08,20.81,19.54,2.59,86133.1,0,0.00,0.00,3
28101,0.052,-0.051,-0.997,0.000,0.000,0.000,0.000,-0.000,0.000,0.9997,-0.0158,-0.0161,0.0000,11.08,20.81,19.54,2.59,86133.1,0,0.00,0.00,3
28121,0.052,-0.051,-0.997,0.000,0.000,0.000,0.000,-0.000,0.000,0.9997,-0.0158,-0.0161,0.0000,11.08,20.81,19.54,2.59,86133.1,0,0.00,0.00,3
28141,0.052,-0.051,-0.997,0.000,0.000,0.000,0.000,-0.000,0.000,0.9997,-0.0158,-0.0161,0.0000,11.08,20.81,19.54,2.59,86133.1,0,0.00,0.00,3
28161,0.052,-0.051,-0.997,0.000,0.000,0.000,0.000,-0.000,0.000,0.9997,-0.0159,-0.0162,0.0000,11.08,20.81,19.54,2.59,86133.1,0,0.00,0.00,3
28181,0.052,-0.051,-0.997,0.000,0.000,0.000,0.000,-0.000,0.000,0.9997,-0.0159,-0.0162,0.0000,11.08,20.81,19.54,2.59,86133.1,0,0.00,0.00,3
28201,0.052,-0.051,-0.997,0.000,0.000,0.000,0.000,-0.000,0.000,0.9997,-0.0159,-0.0162,0.0000,11.08,20.81,19.54,2.60,86133.1,0,0.00,0.00,3
28221,0.052,-0.051,-0.997,0.000,0.000,0.000,0.000,-0.000,0.000,0.9997,-0.0159,-0.0162,0.0000,11.08,20.81,19.54,2.60,86133.1,0,0.00,0.00,3
28241,0.052,-0.051,-0.997,0.000,0.000,0.000,0.000,-0.000,0.000,0.9997,-0.0159,-0.0162,0.0000,11.08,20.81,19.54,2.60,86133.1,0,0.00,0.00,3
28261,0.052,-0.051,-0.997,0.000,0.000,0.000,0.000,-0.000,0.000,0.9997,-0.0159,-0.0162,0.0000,11.08,20.81,19.54,2.60,86133.1,0,0.00,0.00,3
28281,0.052,-0.051,-0.997,0.000,0.000,0.000,0.000,-0.000,0.000,0.9997,-0.0159,-0.0162,0.0000,11.08,20.81,19.54,2.60,86133.1,0,0.00,0.00,3
28301,0.052,-0.051,-0.997,0.000,0.000,0.000,0.000,-0.000,0.000,0.9997,-0.0159,-0.0162,0.0000,11.08,20.81,19.54,2.60,86133.1,0,0.00,0.00,3
28321,0.052,-0.051,-0.997,0.000,0.000,0.000,0.000,-0.000,0.000,0.9997,-0.0159,-0.0162,0.0000,11.07,20.81,19.54,2.60,86133.1,0,0.00,0.00,3
28341,0.052,-0.051,-0.997,0.000,0.000,0.000,0.000,-0.000,0.000,0.9997,-0.0159,-0.0162,0.0000,11.07,20.81,19.54,2.60,86133.1,0,0.00,0.00,3
28361,0.052,-0.051,-0.997,0.000,0.000,0.000,0.000,-0.000,0.000,0.9997,-0.0159,-0.0162,0.0000,11.07,20.81,19.54,2.60,86133.1,0,0.00,0.00,3
28381,0.052,-0.051,-0.997,0.000,0.000,0.000,0.000,-0.000,0.000,0.9997,-0.0159,-0.0162,0.0000,11.07,20.81,19.54,2.60,86133.1,0,0.00,0.00,3
28401,0.052,-0.051,-0.997,0.000,0.000,0.000,0.000,-0.000,0.000,0.9997,-0.0159,-0.0162,0.0000,11.07,20.81,19.54,2.60,86133.1,0,0.00,0.00,3
28421,0.052,-0.051,-0.997,0.000,0.000,0.000,0.000,-0.000,0.000,0.9997,-0.0159,-0.0162,0.0000,11.07,20.81,19.54,2.60,86133.1,0,0.00,0.00,3
28441,0.052,-0.051,-0.997,0.000,0.000,0.000,0.000,-0.000,0.000,0.9997,-0.0159,-0.0162,0.0000,11.07,20.81,19.54,2.61,86133.1,0,0.00,0.00,3
28461,0.052,-0.051,-0.997,0.000,0.000,0.000,0.000,-0.000,0.000,0.9997,-0.0159,-0.0162,0.0000,11.07,20.81,19.54,2.61,86133.1,0,0.00,0.00,3
28481,0.052,-0.051,-0.997,0.000,0.000,0.000,0.000,-0.000,0.000,0.9997,-0.0159,-0.0162,0.0000,11.07,20.81,19.54,2.61,86133.1,0,0.00,0.00,3
28501,0.052,-0.051,-0.997,0.000,0.000,0.000,0.000,-0.000,0.000,0.9997,-0.0159,-0.0162,0.0000,11.07,20.81,19.54,2.61,86133.1,0,0.00,0.00,3
28521,0.052,-0.051,-0.997,0.000,0.000,0.000,0.000,-0.000,0.000,0.9997,-0.0159,-0.0162,0.0000,11.07,20.81,19.54,2.61,86133.1,0,0.00,0.00,3
28541,0.052,-0.051,-0.997,0.000,0.000,0.000,0.000,-0.000,0.000,0.9997,-0.0159,-0.0163,0.0000,11.07,20.81,19.54,2.61,86133.1,0,0.00,0.00,3
28561,0.052,-0.051,-0.997,0.000,0.000,0.000,0.000,-0.000,0.000,0.9997,-0.0160,-0.0163,0.0000,11.07,20.81,19.54,2.61,86133.1,0,0.00,0.00,3
28581,0.052,-0.051,-0.997,0.000,0.000,0.000,0.000,-0.000,0.000,0.9997,-0.0160,-0.0163,0.0000,11.07,20.81,19.54,2.61,86133.1,0,0.00,0.00,3
28601,0.052,-0.051,-0.997,0.000,0.000,0.000,0.000,-0.000,0.000,0.9997,-0.0160,-0.0163,0.0000,11.07,20.81,19.54,2.61,86133.1,0,0.00,0.00,3
28621,0.052,-0.051,-0.997,0.000,0.000,0.000,0.000,-0.000,0.000,0.9997,-0.0160,-0.0163,0.0000,11.07,20.81,19.54,2.61,86133.1,0,0.00,0.00,3
28641,0.052,-0.051,-0.997,0.000,0.000,0.000,0.000,-0.000,0.000,0.9997,-0.0160,-0.0163,0.0000,11.07,20.81,19.54,2.61,86133.1,0,0.00,0.00,3
28661,0.052,-0.051,-0.997,0.000,0.000,0.000,0.000,-0.000,0.000,0.9997,-0.0160,-0.0163,0.0000,11.07,20.81,19.54,2.61,86133.1,0,0.00,0.00,3
28681,0.052,-0.051,-0.997,0.000,0.000,0.000,0.000,-0.000,0.000,0.9997,-0.0160,-0.0163,0.0000,11.07,20.81,19.54,2.62,86133.1,0,0.00,0.00,3
28701,0.052,-0.051,-0.997,0.000,0.000,0.000,0.000,-0.000,0.000,0.9997,-0.0160,-0.0163,0.0000,11.07,20.81,19.54,2.62,86133.1,0,0.00,0.00,3
28721,0.052,-0.051,-0.997,0.000,0.000,0.000,0.000,-0.000,0.000,0.9997,-0.0160,-0.0163,0.0000,11.07,20.81,19.54,2.62,86133.1,0,0.00,0.00,3
28741,0.052,-0.051,-0.997,0.000,0.000,0.000,0.000,-0.000,0.000,0.9997,-0.0160,-0.0163,0.0000,11.07,20.81,19.54,2.62,86133.1,0,0.00,0.00,3
28761,0.052,-0.051,-0.997,0.000,0.000,0.000,0.000,-0.000,0.000,0.9997,-0.0160,-0.0163,0.0000,11.07,20.81,19.54,2.62,86133.1,0,0.00,0.00,3
28781,0.052,-0.051,-0.997,0.000,0.000,0.000,0.000,-0.000,0.000,0.9997,-0.0160,-0.0163,0.0000,11.07,20.81,19.54,2.62,86133.1,0,0.00,0.00,3
28801,0.052,-0.051,-0.997,0.000,0.000,0.000,0.000,-0.000,0.000,0.9997,-0.0160,-0.0163,0.0000,11.07,20.81,19.54,2.62,86133.1,0,0.00,0.00,3
28821,0.052,-0.051,-0.997,0.000,0.000,0.000,0.000,-0.000,0.000,0.9997,-0.0160,-0.0163,0.0000,11.07,20.81,19.54,2.62,86133.1,0,0.00,0.00,3
28841,0.052,-0.051,-0.997,0.000,0.000,0.000,0.000,-0.000,0.000,0.9997,-0.0160,-0.0163,0.0000,11.07,20.81,19.54,2.62,86133.1,0,0.00,0.00,3
28861,0.052,-0.051,-0.997,0.000,0.000,0.000,0.000,-0.000,0.000,0.9997,-0.0160,-0.0163,0.0000,11.07,20.81,19.54,2.62,86133.1,0,0.00,0.00,3
28881,0.052,-0.051,-0.997,0.000,0.000,0.000,0.000,-0.000,0.000,0.9997,-0.0160,-0.0163,0.0000,11.07,20.81,19.54,2.62,86133.1,0,0.00,0.00,3
28901,0.052,-0.051,-0.997,0.000,0.000,0.000,0.000,-0.000,0.000,0.9997,-0.0160,-0.0163,0.0000,11.07,20.81,19.54,2.62,86133.1,0,0.00,0.00,3
28921,0.052,-0.051,-0.997,0.000,0.000,0.000,0.000,-0.000,0.000,0.9997,-0.0160,-0.0164,0.0000,11.07,20.81,19.54,2.63,86133.1,0,0.00,0.00,3
28941,0.052,-0.051,-0.997,0.000,0.000,0.000,0.000,-0.000,0.000,0.9997,-0.0161,-0.0164,0.0000,11.07,20.81,19.54,2.63,86133.1,0,0.00,0.00,3
28961,0.052,-0.051,-0.997,0.000,0.000,0.000,0.000,-0.000,0.000,0.9997,-0.0161,-0.0164,0.0000,11.07,20.81,19.54,2.63,86133.1,0,0.00,0.00,3
28981,0.052,-0.051,-0.997,0.000,0.000,0.000,0.000,-0.000,0.000,0.9997,-0.0161,-0.0164,0.0000,11.07,20.81,19.54,2.63,86133.1,0,0.00,0.00,3
29001,0.052,-0.051,-0.997,0.000,0.000,0.000,0.000,-0.000,0.000,0.9997,-0.0161,-0.0164,0.0000,11.07,20.81,19.54,2.63,86133.1,0,0.00,0.00,3
29021,0.052,-0.051,-0.997,0.000,0.000,0.000,0.000,-0.000,0.000,0.9997,-0.0161,-0.0164,0.0000,11.07,20.81,19.54,2.63,86133.1,0,0.00,0.00,3
29041,0.052,-0.051,-0.997,0.000,0.000,0.000,0.000,-0.000,0.000,0.9997,-0.0161,-0.0164,0.0000,11.07,20.81,19.54,2.63,86133.1,0,0.00,0.00,3
29061,0.052,-0.051,-0.997,0.000,0.000,0.000,0.000,-0.000,0.000,0.9997,-0.0161,-0.0164,0.0000,11.07,20.81,19.54,2.63,86133.1,0,0.00,0.00,3
29081,0.052,-0.051,-0.997,0.000,0.000,0.000,0.000,-0.000,0.000,0.9997,-0.0161,-0.0164,0.0000,11.07,20.81,19.54,2.63,86133.1,0,0.00,0.00,3
29101,0.052,-0.051,-0.997,0.000,0.000,0.000,0.000,-0.000,0.000,0.9997,-0.0161,-0.0164,0.0000,11.07,20.81,19.54,2.63,86133.1,0,0.00,0.00,3
29121,0.052,-0.051,-0.997,0.000,0.000,0.000,0.000,-0.000,0.000,0.9997,-0.0161,-0.0164,0.0000,11.07,20.81,19.54,2.63,86133.1,0,0.00,0.00,3
29141,0.052,-0.051,-0.997,0.000,0.000,0.000,0.000,-0.000,0.000,0.9997,-0.0161,-0.0164,0.0000,11.07,20.81,19.54,2.63,86133.1,0,0.00,0.00,3
29161,0.052,-0.051,-0.997,0.000,0.000,0.000,0.000,-0.000,0.000,0.9997,-0.0161,-0.0164,0.0000,11.07,20.81,19.54,2.64,86133.1,0,0.00,0.00,3
29181,0.052,-0.051,-0.997,0.000,0.000,0.000,0.000,-0.000,0.000,0.9997,-0.0161,-0.0164,0.0000,11.07,20.81,19.54,2.64,86133.1,0,0.00,0.00,3
29201,0.052,-0.051,-0.997,0.000,0.000,0.000,0.000,-0.000,0.000,0.9997,-0.0161,-0.0164,0.0000,11.07,20.80,19.54,2.64,86133.1,0,0.00,0.00,3
29221,0.052,-0.051,-0.997,0.000,0.000,0.000,0.000,-0.000,0.000,0.9997,-0.0161,-0.0164,0.0000,11.07,20.80,19.54,2.64,86133.1,0,0.00,0.00,3
29241,0.052,-0.051,-0.997,0.000,0.000,0.000,0.000,-0.000,0.000,0.9997,-0.0161,-0.0164,0.0000,11.07,20.80,19.54,2.64,86133.1,0,0.00,0.00,3
29261,0.052,-0.051,-0.997,0.000,0.000,0.000,0.000,-0.000,0.000,0.9997,-0.0161,-0.0164,0.0000,11.07,20.80,19.54,2.64,86133.1,0,0.00,0.00,3
29281,0.052,-0.051,-0.997,0.000,0.000,0.000,0.000,-0.000,0.000,0.9997,-0.0161,-0.0164,0.0000,11.07,20.80,19.54,2.64,86133.1,0,0.00,0.00,3
29301,0.052,-0.051,-0.997,0.000,0.000,0.000,0.000,-0.000,0.000,0.9997,-0.0161,-0.0165,0.0000,11.07,20.80,19.54,2.64,86133.1,0,0.00,0.00,3
29321,0.052,-0.051,-0.997,0.000,0.000,0.000,0.000,-0.000,0.000,0.9997,-0.0161,-0.0165,0.0000,11.07,20.80,19.54,2.64,86133.1,0,0.00,0.00,3
29341,0.052,-0.051,-0.997,0.000,0.000,0.000,0.000,-0.000,0.000,0.9997,-0.0162,-0.0165,0.0000,11.07,20.80,19.54,2.64,86133.1,0,0.00,0.00,3
29361,0.052,-0.051,-0.997,0.000,0.000,0.000,0.000,-0.000,0.000,0.9997,-0.0162,-0.0165,0.0000,11.07,20.80,19.54,2.64,86133.1,0,0.00,0.00,3
29381,0.052,-0.051,-0.997,0.000,0.000,0.000,0.000,-0.000,0.000,0.9997,-0.0162,-0.0165,0.0000,11.07,20.80,19.54,2.64,86133.1,0,0.00,0.00,3
29401,0.052,-0.051,-0.997,0.000,0.000,0.000,0.000,-0.000,0.000,0.9997,-0.0162,-0.0165,0.0000,11.07,20.80,19.54,2.65,86133.1,0,0.00,0.00,3
29421,0.052,-0.051,-0.997,0.000,0.000,0.000,0.000,-0.000,0.000,0.9997,-0.0162,-0.0165,0.0000,11.07,20.80,19.54,2.65,86133.1,0,0.00,0.00,3
29441,0.052,-0.051,-0.997,0.000,0.000,0.000,0.000,-0.000,0.000,0.9997,-0.0162,-0.0165,0.0000,11.07,20.80,19.54,2.65,86133.1,0,0.00,0.00,3
29461,0.052,-0.051,-0.997,0.000,0.000,0.000,0.000,-0.000,0.000,0.9997,-0.0162,-0.0165,0.0000,11.07,20.80,19.54,2.65,86133.1,0,0.00,0.00,3
29481,0.052,-0.051,-0.997,0.000,0.000,0.000,0.000,-0.000,0.000,0.9997,-0.0162,-0.0165,0.0000,11.07,20.80,19.54,2.65,86133.1,0,0.00,0.00,3
29501,0.052,-0.051,-0.997,0.000,0.000,0.000,0.000,-0.000,0.000,0.9997,-0.0162,-0.0165,0.0000,11.07,20.80,19.54,2.65,86133.1,0,0.00,0.00,3
29521,0.052,-0.051,-0.997,0.000,0.000,0.000,0.000,-0.000,0.000,0.9997,-0.0162,-0.0165,0.0000,11.07,20.80,19.54,2.65,86133.1,0,0.00,0.00,3
29541,0.052,-0.051,-0.997,0.000,0.000,0.000,0.000,-0.000,0.000,0.9997,-0.0162,-0.0165,0.0000,11.07,20.80,19.54,2.65,86133.1,0,0.00,0.00,3
29561,0.052,-0.051,-0.997,0.000,0.000,0.000,0.000,-0.000,0.000,0.9997,-0.0162,-0.0165,0.0000,11.07,20.80,19.54,2.65,86133.1,0,0.00,0.00,3
29581,0.052,-0.051,-0.997,0.000,0.000,0.000,0.000,-0.000,0.000,0.9997,-0.0162,-0.0165,0.0000,11.07,20.80,19.54,2.65,86133.1,0,0.00,0.00,3
29601,0.052,-0.051,-0.997,0.000,0.000,0.000,0.000,-0.000,0.000,0.9997,-0.0162,-0.0165,0.0000,11.07,20.80,19.54,2.65,86133.1,0,0.00,0.00,3
29621,0.052,-0.051,-0.997,0.000,0.000,0.000,0.000,-0.000,0.000,0.9997,-0.0162,-0.0165,0.0000,11.07,20.80,19.54,2.65,86133.1,0,0.00,0.00,3
29641,0.052,-0.051,-0.997,0.000,0.000,0.000,0.000,-0.000,0.000,0.9997,-0.0162,-0.0165,0.0000,11.07,20.80,19.54,2.66,86133.1,0,0.00,0.00,3
29661,0.052,-0.051,-0.997,0.000,0.000,0.000,0.000,-0.000,0.000,0.9997,-0.0162,-0.0165,0.0000,11.07,20.80,19.54,2.66,86133.1,0,0.00,0.00,3
29681,0.052,-0.051,-0.997,0.000,0.000,0.000,0.000,-0.000,0.000,0.9997,-0.0162,-0.0165,0.0000,11.07,20.80,19.54,2.66,86133.1,0,0.00,0.00,3
29701,0.052,-0.051,-0.997,0.000,0.000,0.000,0.000,-0.000,0.000,0.9997,-0.0162,-0.0166,0.0000,11.07,20.80,19.54,2.66,86133.1,0,0.00,0.00,3
29721,0.052,-0.051,-0.997,0.000,0.000,0.000,0.000,-0.000,0.000,0.9997,-0.0163,-0.0166,0.0000,11.07,20.80,19.54,2.66,86133.1,0,0.00,0.00,3
29741,0.052,-0.051,-0.997,0.000,0.000,0.000,0.000,-0.000,0.000,0.9997,-0.0163,-0.0166,0.0000,11.07,20.80,19.54,2.66,86133.1,0,0.00,0.00,3
29761,0.052,-0.051,-0.997,0.000,0.000,0.000,0.000,-0.000,0.000,0.9997,-0.0163,-0.0166,0.0000,11.07,20.80,19.54,2.66,86133.1,0,0.00,0.00,3
29781,0.052,-0.051,-0.997,0.000,0.000,0.000,0.000,-0.000,0.000,0.9997,-0.0163,-0.0166,0.0000,11.07,20.80,19.54,2.66,86133.1,0,0.00,0.00,3
29801,0.052,-0.051,-0.997,0.000,0.000,0.000,0.000,-0.000,0.000,0.9997,-0.0163,-0.0166,0.0000,11.07,20.80,19.54,2.66,86133.1,0,0.00,0.00,3
29821,0.052,-0.051,-0.997,0.000,0.000,0.000,0.000,-0.000,0.000,0.9997,-0.0163,-0.0166,0.0000,11.07,20.80,19.54,2.66,86133.1,0,0.00,0.00,3
29841,0.052,-0.051,-0.997,0.000,0.000,0.000,0.000,-0.000,0.000,0.9997,-0.0163,-0.0166,0.0000,11.07,20.80,19.54,2.66,86133.1,0,0.00,0.00,3
29861,0.052,-0.051,-0.997,0.000,0.000,0.000,0.000,-0.000,0.000,0.9997,-0.0163,-0.0166,0.0000,11.07,20.80,19.54,2.66,86133.1,0,0.00,0.00,3
29881,0.052,-0.051,-0.997,0.000,0.000,0.000,0.000,-0.000,0.000,0.9997,-0.0163,-0.0166,0.0000,11.07,20.80,19.54,2.67,86133.1,0,0.00,0.00,3
29901,0.052,-0.051,-0.997,0.000,0.000,0.000,0.000,-0.000,0.000,0.9997,-0.0163,-0.0166,0.0000,11.07,20.80,19.54,2.67,86133.1,0,0.00,0.00,3
29921,0.052,-0.051,-0.997,0.000,0.000,0.000,0.000,-0.000,0.000,0.9997,-0.0163,-0.0166,0.0000,11.07,20.80,19.54,2.67,86133.1,0,0.00,0.00,3
29941,0.052,-0.051,-0.997,0.000,0.000,0.000,0.000,-0.000,0.000,0.9997,-0.0163,-0.0166,0.0000,11.07,20.80,19.54,2.67,86133.1,0,0.00,0.00,3
29961,0.052,-0.051,-0.997,0.000,0.000,0.000,0.000,-0.000,0.000,0.9997,-0.0163,-0.0166,0.0000,11.07,20.80,19.54,2.67,86133.1,0,0.00,0.00,3
29981,0.052,-0.051,-0.997,0.000,0.000,0.000,0.000,-0.000,0.000,0.9997,-0.0163,-0.0166,0.0000,11.07,20.80,19.54,2.67,86133.1,0,0.00,0.00,3
30001,0.052,-0.051,-0.997,0.000,0.000,0.000,0.000,-0.000,0.000,0.9997,-0.0163,-0.0166,0.0000,11.07,20.80,19.54,2.67,86133.1,0,0.00,0.00,3
30021,0.052,-0.051,-0.997,0.000,0.000,0.000,0.000,-0.000,0.000,0.9997,-0.0163,-0.0166,0.0000,11.07,20.80,19.54,2.67,86133.1,0,0.00,0.00,3
30041,0.052,-0.051,-0.997,0.000,0.000,0.000,0.000,-0.000,0.000,0.9997,-0.0163,-0.0166,0.0000,11.07,20.80,19.54,2.67,86133.1,0,0.00,0.00,3
30061,0.052,-0.051,-0.997,0.000,0.000,0.000,0.000,-0.000,0.000,0.9997,-0.0163,-0.0166,0.0000,11.07,20.80,19.54,2.67,86133.1,0,0.00,0.00,3
30081,0.052,-0.051,-0.997,0.000,0.000,0.000,0.000,-0.000,0.000,0.9997,-0.0163,-0.0167,0.0000,11.07,20.80,19.54,2.67,86133.1,0,0.00,0.00,3
30101,0.052,-0.051,-0.997,0.000,0.000,0.000,0.000,-0.000,0.000,0.9997,-0.0163,-0.0167,0.0000,11.07,20.80,19.54,2.67,86133.1,0,0.00,0.00,3
30121,0.052,-0.051,-0.997,0.000,0.000,0.000,0.000,-0.000,0.000,0.9997,-0.0164,-0.0167,0.0000,11.07,20.80,19.54,2.68,86133.1,0,0.00,0.00,3
30141,0.052,-0.051,-0.997,0.000,0.000,0.000,0.000,-0.000,0.000,0.9997,-0.0164,-0.0167,0.0000,11.07,20.80,19.54,2.68,86133.1,0,0.00,0.00,3
30161,0.052,-0.051,-0.997,0.000,0.000,0.000,0.000,-0.000,0.000,0.9997,-0.0164,-0.0167,0.0000,11.07,20.80,19.54,2.68,86133.1,0,0.00,0.00,3
30181,0.052,-0.051,-0.997,0.000,0.000,0.000,0.000,-0.000,0.000,0.9997,-0.0164,-0.0167,0.0000,11.07,20.80,19.54,2.68,86133.1,0,0.00,0.00,3
30201,0.052,-0.051,-0.997,0.000,0.000,0.000,0.000,-0.000,0.000,0.9997,-0.0164,-0.0167,0.0000,11.07,20.80,19.54,2.68,86133.1,0,0.00,0.00,3
30221,0.052,-0.051,-0.997,0.000,0.000,0.000,0.000,-0.000,0.000,0.9997,-0.0164,-0.0167,0.0000,11.07,20.80,19.54,2.68,86133.1,0,0.00,0.00,3
30241,0.052,-0.051,-0.997,0.000,0.000,0.000,0.000,-0.000,0.000,0.9997,-0.0164,-0.0167,0.0000,11.07,20.80,19.54,2.68,86133.1,0,0.00,0.00,3
30261,0.052,-0.051,-0.997,0.000,0.000,0.000,0.000,-0.000,0.000,0.9997,-0.0164,-0.0167,0.0000,11.07,20.80,19.54,2.68,86133.1,0,0.00,0.00,3
30281,0.052,-0.051,-0.997,0.000,0.000,0.000,0.000,-0.000,0.000,0.9997,-0.0164,-0.0167,0.0000,11.07,20.80,19.54,2.68,86133.1,0,0.00,0.00,3
30301,0.052,-0.051,-0.997,0.000,0.000,0.000,0.000,-0.000,0.000,0.9997,-0.0164,-0.0167,0.0000,11.07,20.80,19.54,2.68,86133.1,0,0.00,0.00,3
30321,0.052,-0.051,-0.997,0.000,0.000,0.000,0.000,-0.000,0.000,0.9997,-0.0164,-0.0167,0.0000,11.07,20.80,19.54,2.68,86133.1,0,0.00,0.00,3
30341,0.052,-0.051,-0.997,0.000,0.000,0.000,0.000,-0.000,0.000,0.9997,-0.0164,-0.0167,0.0000,11.07,20.80,19.54,2.68,86133.1,0,0.00,0.00,3
30361,0.052,-0.051,-0.997,0.000,0.000,0.000,0.000,-0.000,0.000,0.9997,-0.0164,-0.0167,0.0000,11.07,20.80,19.54,2.69,86133.1,0,0.00,0.00,3
30381,0.052,-0.051,-0.997,0.000,0.000,0.000,0.000,-0.000,0.000,0.9997,-0.0164,-0.0167,0.0000,11.07,20.80,19.54,2.69,86133.1,0,0.00,0.00,3
30401,0.052,-0.051,-0.997,0.000,0.000,0.000,0.000,-0.000,0.000,0.9997,-0.0164,-0.0167,0.0000,11.07,20.80,19.54,2.69,86133.1,0,0.00,0.00,3
30421,0.052,-0.051,-0.997,0.000,0.000,0.000,0.000,-0.000,0.000,0.9997,-0.0164,-0.0167,0.0000,11.07,20.80,19.54,2.69,86133.1,0,0.00,0.00,3
30441,0.052,-0.051,-0.997,0.000,0.000,0.000,0.000,-0.000,0.000,0.9997,-0.0164,-0.0167,0.0000,11.07,20.80,19.54,2.69,86133.1,0,0.00,0.00,3
30461,0.052,-0.051,-0.997,0.000,0.000,0.000,0.000,-0.000,0.000,0.9997,-0.0164,-0.0168,0.0000,11.07,20.80,19.54,2.69,86133.1,0,0.00,0.00,3
30481,0.052,-0.051,-0.997,0.000,0.000,0.000,0.000,-0.000,0.000,0.9997,-0.0164,-0.0168,0.0000,11.07,20.80,19.54,2.69,86133.1,0,0.00,0.00,3
30501,0.052,-0.051,-0.997,0.000,0.000,0.000,0.000,-0.000,0.000,0.9997,-0.0164,-0.0168,0.0000,11.07,20.80,19.54,2.69,86133.1,0,0.00,0.00,3
30521,0.052,-0.051,-0.997,0.000,0.000,0.000,0.000,-0.000,0.000,0.9997,-0.0165,-0.0168,0.0000,11.07,20.80,19.54,2.69,86133.1,0,0.00,0.00,3
30541,0.052,-0.051,-0.997,0.000,0.000,0.000,0.000,-0.000,0.000,0.9997,-0.0165,-0.0168,0.0000,11.07,20.80,19.54,2.69,86133.1,0,0.00,0.00,3
30561,0.052,-0.051,-0.997,0.000,0.000,0.000,0.000,-0.000,0.000,0.9997,-0.0165,-0.0168,0.0000,11.07,20.80,19.54,2.69,86133.1,0,0.00,0.00,3
30581,0.052,-0.051,-0.997,0.000,0.000,0.000,0.000,-0.000,0.000,0.9997,-0.0165,-0.0168,0.0000,11.07,20.80,19.54,2.69,86133.1,0,0.00,0.00,3
30603,0.052,-0.051,-0.997,-0.001,0.000,-0.003,0.000,-0.000,0.000,0.9997,-0.0165,-0.0168,-0.0000,11.07,20.80,19.54,2.70,86133.1,0,0.00,0.00,3
30623,0.050,-0.050,-0.995,-0.000,-0.002,-0.001,0.000,-0.000,0.000,0.9997,-0.0165,-0.0168,-0.0000,11.07,20.80,19.52,2.70,86134.1,0,0.00,0.00,3
30643,0.052,-0.051,-0.992,0.001,-0.001,-0.001,0.000,-0.000,0.000,0.9997,-0.0165,-0.0168,-0.0000,11.03,20.77,19.49,2.70,86142.7,0,0.00,0.00,3
30663,0.053,-0.050,-0.994,-0.000,0.000,-0.002,0.000,-0.000,0.000,0.9997,-0.0165,-0.0168,-0.0000,11.01,20.74,19.51,2.70,86140.0,0,0.00,0.00,3
30683,0.050,-0.048,-0.995,-0.000,0.000,-0.002,0.000,-0.000,0.000,0.9997,-0.0165,-0.0168,-0.0000,11.00,20.74,19.52,2.70,86135.7,0,0.00,0.00,3
30703,0.052,-0.051,-0.996,-0.000,-0.001,-0.002,0.000,-0.000,0.000,0.9997,-0.0165,-0.0168,-0.0000,11.02,20.75,19.53,2.70,86128.6,0,0.00,0.00,3
30723,0.053,-0.052,-0.997,-0.000,0.000,-0.001,0.000,-0.000,0.000,0.9997,-0.0165,-0.0168,-0.0000,11.00,20.73,19.53,2.70,86140.0,0,0.00,0.00,3
30743,0.051,-0.049,-0.997,-0.000,0.000,-0.001,0.000,-0.000,0.000,0.9997,-0.0165,-0.0168,-0.0000,11.01,20.74,19.54,2.70,86130.1,0,0.00,0.00,3
30763,0.051,-0.050,-0.996,-0.001,-0.001,-0.003,0.000,-0.000,0.000,0.9997,-0.0165,-0.0168,-0.0000,11.05,20.79,19.53,2.70,86121.9,0,0.00,0.00,3
30783,0.052,-0.048,-0.994,-0.000,-0.001,-0.002,0.000,-0.000,0.000,0.9997,-0.0165,-0.0168,-0.0000,11.06,20.79,19.51,2.70,86131.0,0,0.00,0.00,3
30803,0.050,-0.049,-0.999,-0.001,0.001,-0.002,0.000,-0.000,0.000,0.9997,-0.0165,-0.0168,-0.0000,11.07,20.80,19.56,2.70,86131.2,0,0.00,0.00,3
30823,0.051,-0.050,-0.992,0.001,-0.002,-0.001,0.000,-0.000,0.000,0.9997,-0.0165,-0.0168,-0.0000,11.08,20.81,19.49,2.70,86128.6,0,0.00,0.00,3
30843,0.052,-0.050,-0.993,0.001,-0.001,-0.002,0.000,-0.000,0.000,0.9997,-0.0165,-0.0169,-0.0000,11.05,20.78,19.50,2.71,86143.2,0,0.00,0.00,3
30863,0.048,-0.048,-1.000,0.001,-0.002,-0.002,0.000,-0.000,0.000,0.9997,-0.0165,-0.0169,-0.0000,11.01,20.75,19.57,2.71,86142.2,0,0.00,0.00,3
30883,0.049,-0.050,-0.997,-0.000,-0.001,-0.004,0.000,-0.000,0.000,0.9997,-0.0165,-0.0169,-0.0000,11.05,20.78,19.54,2.71,86124.5,0,0.00,0.00,3
30903,0.051,-0.050,-0.994,-0.000,0.000,-0.003,0.000,-0.000,0.000,0.9997,-0.0166,-0.0169,-0.0000,11.00,20.74,19.51,2.71,86144.8,0,0.00,0.00,3
30923,0.054,-0.050,-0.989,0.001,0.000,-0.001,0.000,-0.000,0.000,0.9997,-0.0166,-0.0169,-0.0000,11.00,20.74,19.46,2.71,86134.1,0,0.00,0.00,3
30943,0.050,-0.050,-0.994,0.002,-0.001,-0.001,0.000,-0.000,0.000,0.9997,-0.0166,-0.0169,-0.0000,11.01,20.75,19.51,2.71,86130.9,0,0.00,0.00,3
30963,0.051,-0.050,-0.993,-0.000,-0.002,-0.002,0.000,-0.000,0.000,0.9997,-0.0166,-0.0169,-0.0000,11.05,20.79,19.50,2.71,86121.8,0,0.00,0.00,3
30983,0.050,-0.051,-0.996,-0.000,-0.001,-0.002,0.000,-0.000,0.000,0.9997,-0.0166,-0.0169,-0.0000,11.06,20.79,19.53,2.71,86132.3,0,0.00,0.00,3
31003,0.053,-0.048,-0.994,0.001,0.000,-0.001,0.000,-0.000,0.000,0.9997,-0.0166,-0.0169,-0.0000,11.05,20.79,19.51,2.71,86134.7,0,0.00,0.00,3
31023,0.053,-0.049,-0.995,0.001,-0.001,-0.001,0.000,-0.000,0.000,0.9997,-0.0166,-0.0169,-0.0000,11.04,20.78,19.52,2.71,86135.7,0,0.00,0.00,3
31043,0.052,-0.050,-0.993,0.002,0.001,-0.002,0.000,-0.000,0.000,0.9997,-0.0166,-0.0169,-0.0000,11.01,20.75,19.50,2.71,86142.6,0,0.00,0.00,3
31063,0.051,-0.049,-1.000,-0.000,-0.001,-0.004,0.000,-0.000,0.000,0.9997,-0.0166,-0.0169,-0.0000,11.00,20.74,19.57,2.71,86136.2,0,0.00,0.00,3
31083,0.050,-0.049,-0.994,-0.000,0.000,-0.001,0.000,-0.000,0.000,0.9997,-0.0166,-0.0169,-0.0000,11.02,20.76,19.51,2.72,86126.7,0,0.00,0.00,3
31103,0.052,-0.051,-0.994,-0.001,-0.002,-0.001,0.000,-0.000,0.000,0.9997,-0.0166,-0.0169,-0.0000,11.00,20.74,19.51,2.72,86138.7,0,0.00,0.00,3
31123,0.051,-0.051,-0.993,-0.002,-0.001,-0.001,0.000,-0.000,0.000,0.9997,-0.0166,-0.0169,-0.0000,11.06,20.80,19.50,2.72,86117.0,0,0.00,0.00,3
31143,0.052,-0.051,-0.998,-0.000,-0.002,-0.002,0.000,-0.000,0.000,0.9997,-0.0166,-0.0169,-0.0000,11.07,20.80,19.54,2.72,86132.6,0,0.00,0.00,3
31163,0.055,-0.050,-1.000,0.001,0.001,-0.001,0.000,-0.000,0.000,0.9997,-0.0166,-0.0169,-0.0000,11.05,20.78,19.56,2.72,86139.0,0,0.00,0.00,3
31185,0.054,-0.049,-1.292,-0.000,0.000,-0.002,0.000,-0.000,0.000,0.9997,-0.0166,-0.0169,-0.0000,11.04,20.83,22.42,2.72,86135.8,0,0.00,0.00,3
31203,0.051,-0.052,-1.867,0.001,-0.001,-0.005,0.000,-0.000,0.000,0.9997,-0.0166,-0.0169,-0.0000,11.04,21.01,28.06,2.72,86132.5,0,0.00,0.00,3
31223,0.051,-0.050,-2.446,0.001,-0.001,-0.005,0.000,-0.000,0.000,0.9997,-0.0166,-0.0170,-0.0000,11.05,21.29,33.73,2.72,86132.6,0,0.00,0.00,3
31243,0.053,-0.048,-3.027,-0.000,-0.003,-0.004,0.000,-0.000,0.000,0.9997,-0.0166,-0.0170,-0.0000,11.06,21.68,39.42,2.72,86135.0,0,0.00,0.00,3
31263,0.052,-0.051,-3.602,-0.001,-0.003,-0.006,0.000,-0.000,0.000,0.9997,-0.0166,-0.0170,-0.0000,11.04,22.16,45.06,2.72,86143.5,0,0.00,0.00,3
31283,0.053,-0.051,-4.186,-0.000,-0.001,-0.006,0.000,-0.000,0.000,0.9997,-0.0166,-0.0170,-0.0000,11.09,22.80,50.78,2.72,86128.3,0,0.00,0.00,3
31303,0.051,-0.050,-4.765,-0.001,-0.001,-0.009,0.000,-0.000,0.000,0.9997,-0.0167,-0.0170,-0.0000,11.16,23.56,56.45,2.73,86126.6,0,0.00,0.00,3
31323,0.051,-0.050,-4.762,-0.001,-0.003,-0.009,0.000,-0.000,0.000,0.9997,-0.0167,-0.0170,-0.0000,11.23,24.30,56.42,2.73,86130.9,0,0.00,0.00,3
31343,0.050,-0.050,-4.760,0.001,-0.001,-0.009,0.000,-0.000,0.000,0.9997,-0.0167,-0.0170,-0.0000,11.29,25.02,56.40,2.73,86134.6,0,0.00,0.00,3
31363,0.054,-0.051,-4.757,-0.000,-0.001,-0.009,0.000,-0.000,0.000,0.9997,-0.0167,-0.0170,-0.0000,11.38,25.76,56.37,2.73,86130.1,0,0.00,0.00,3
31383,0.052,-0.050,-4.753,-0.001,-0.001,-0.007,0.000,-0.000,0.000,0.9997,-0.0167,-0.0170,-0.0000,11.52,26.52,56.34,2.73,86121.4,0,0.00,0.00,3
31403,0.050,-0.048,-4.755,-0.001,-0.001,-0.007,0.000,-0.000,0.000,0.9997,-0.0167,-0.0170,-0.0000,11.62,27.24,56.35,2.73,86132.3,0,0.00,0.00,3
31423,0.051,-0.053,-4.753,-0.001,-0.001,-0.009,0.000,-0.000,0.000,0.9997,-0.0167,-0.0170,-0.0000,11.74,27.96,56.33,2.73,86130.1,0,0.00,0.00,3
31443,0.052,-0.050,-4.753,-0.001,0.000,-0.010,0.000,-0.000,0.000,0.9997,-0.0167,-0.0170,-0.0000,11.85,28.65,56.34,2.73,86138.1,0,0.00,0.00,3
31463,0.050,-0.048,-4.750,-0.001,0.000,-0.009,0.000,-0.000,0.000,0.9997,-0.0167,-0.0170,-0.0000,12.01,29.39,56.31,2.73,86123.0,0,0.00,0.00,3
31483,0.049,-0.049,-4.749,-0.001,-0.002,-0.009,0.000,-0.000,0.000,0.9997,-0.0167,-0.0170,-0.0000,12.21,30.15,56.29,2.73,86116.6,0,0.00,0.00,3
31503,0.051,-0.050,-4.750,-0.000,-0.002,-0.009,0.000,-0.000,0.000,0.9997,-0.0167,-0.0170,-0.0000,12.41,30.88,56.31,2.73,86119.8,0,0.00,0.00,3
31523,0.052,-0.051,-4.749,-0.001,-0.002,-0.009,0.000,-0.000,0.000,0.9997,-0.0167,-0.0170,-0.0000,12.61,31.61,56.29,2.73,86119.4,0,0.00,0.00,3
31543,0.051,-0.053,-4.745,-0.000,0.001,-0.007,0.000,-0.000,0.000,0.9997,-0.0167,-0.0170,-0.0000,12.83,32.34,56.25,2.74,86118.1,0,0.00,0.00,3
31563,0.053,-0.050,-4.746,-0.002,-0.001,-0.009,0.000,-0.000,0.000,0.9997,-0.0167,-0.0170,-0.0000,13.06,33.07,56.26,2.74,86113.6,0,0.00,0.00,3
31583,0.050,-0.051,-4.744,-0.000,-0.002,-0.007,0.000,-0.000,0.000,0.9997,-0.0167,-0.0171,-0.0000,13.31,33.80,56.24,2.74,86113.9,0,0.00,0.00,3
31603,0.053,-0.049,-4.740,-0.001,-0.003,-0.009,0.000,-0.000,0.000,0.9997,-0.0167,-0.0171,-0.0000,13.61,34.56,56.21,2.74,86098.7,0,0.00,0.00,3
31623,0.052,-0.051,-4.743,-0.001,-0.001,-0.009,0.000,-0.000,0.000,0.9997,-0.0167,-0.0171,-0.0000,13.90,35.30,56.23,2.74,86103.8,0,0.00,0.00,3
31643,0.051,-0.049,-4.744,0.001,-0.001,-0.010,0.000,-0.000,0.000,0.9997,-0.0167,-0.0171,-0.0000,14.21,36.05,56.24,2.74,86097.0,0,0.00,0.00,3
31663,0.050,-0.051,-4.741,-0.000,-0.002,-0.007,0.000,-0.000,0.000,0.9997,-0.0167,-0.0171,-0.0000,14.56,36.82,56.22,2.74,86090.9,0,0.00,0.00,3
31683,0.052,-0.050,-4.740,-0.000,-0.003,-0.007,0.000,-0.000,0.000,0.9997,-0.0168,-0.0171,-0.0000,14.80,37.47,56.21,2.74,86117.1,0,0.00,0.00,3
31703,0.048,-0.049,-4.740,0.002,0.000,-0.007,0.000,-0.000,0.000,0.9997,-0.0168,-0.0171,-0.0000,15.13,38.20,56.21,2.74,86096.0,0,0.00,0.00,3
31723,0.017,0.019,-4.736,-0.000,-0.001,-0.010,0.000,-0.000,0.000,0.9997,-0.0168,-0.0171,-0.0000,15.49,38.93,56.20,2.74,86089.8,0,0.00,0.00,3
31743,0.016,0.020,-4.739,-0.005,-0.004,-0.022,0.000,-0.000,0.000,0.9997,-0.0168,-0.0171,-0.0001,15.90,39.70,56.23,2.74,86074.4,0,0.00,0.00,3
31763,0.017,0.017,-4.740,-0.007,-0.006,-0.038,0.000,-0.000,0.000,0.9997,-0.0168,-0.0171,-0.0001,16.25,40.41,56.23,2.75,86090.2,0,0.00,0.00,3
31783,0.017,0.018,-4.736,-0.014,-0.009,-0.053,0.000,-0.000,0.000,0.9997,-0.0168,-0.0171,-0.0001,16.65,41.14,56.20,2.75,86079.7,0,0.00,0.00,3
31805,0.015,0.021,-4.742,-0.017,-0.016,-0.072,0.000,-0.000,0.000,0.9997,-0.0168,-0.0171,-0.0001,17.05,41.86,56.26,2.75,86076.6,0,0.00,0.00,3
31823,0.017,0.021,-4.740,-0.020,-0.018,-0.086,0.000,-0.000,0.000,0.9997,-0.0168,-0.0171,-0.0001,17.47,42.58,56.24,2.75,86073.4,0,0.00,0.00,3
31843,0.015,0.020,-4.741,-0.026,-0.022,-0.102,0.000,-0.000,0.000,0.9997,-0.0168,-0.0171,-0.0001,17.91,43.32,56.25,2.75,86065.8,0,0.00,0.00,3
31863,0.019,0.021,-4.744,-0.028,-0.022,-0.123,0.000,-0.000,0.000,0.9997,-0.0168,-0.0171,-0.0001,18.40,44.08,56.27,2.75,86052.6,0,0.00,0.00,3
31883,0.015,0.020,-4.742,-0.033,-0.023,-0.140,0.000,-0.000,0.000,0.9997,-0.0168,-0.0172,-0.0002,18.85,44.80,56.25,2.75,86061.1,0,0.00,0.00,3
31903,0.015,0.020,-4.750,-0.038,-0.031,-0.157,0.000,-0.000,0.000,0.9997,-0.0168,-0.0172,-0.0002,19.37,45.56,56.33,2.76,86043.0,0,0.00,0.00,3
31923,0.017,0.019,-4.747,-0.042,-0.033,-0.176,0.000,-0.000,0.000,0.9997,-0.0168,-0.0172,-0.0002,19.88,46.31,56.31,2.76,86043.8,0,0.00,0.00,3
31943,0.016,0.021,-4.747,-0.047,-0.038,-0.193,0.000,-0.000,0.000,0.9997,-0.0169,-0.0172,-0.0002,20.45,47.08,56.31,2.76,86029.3,0,0.00,0.00,3
31963,0.016,0.022,-4.749,-0.051,-0.042,-0.214,0.000,-0.000,0.000,0.9997,-0.0169,-0.0172,-0.0003,20.96,47.80,56.32,2.76,86041.6,0,0.00,0.00,3
31983,0.018,0.022,-4.750,-0.055,-0.043,-0.233,0.000,-0.000,0.000,0.9997,-0.0169,-0.0172,-0.0003,21.50,48.53,56.34,2.76,86029.9,0,0.00,0.00,3
32003,0.015,0.021,-4.754,-0.059,-0.047,-0.251,0.000,-0.000,0.000,0.9997,-0.0169,-0.0172,-0.0004,22.08,49.29,56.38,2.77,86020.2,0,0.00,0.00,3
32023,0.013,0.021,-4.750,-0.063,-0.050,-0.271,0.000,-0.000,0.000,0.9997,-0.0169,-0.0172,-0.0004,22.65,50.02,56.34,2.77,86020.8,0,0.00,0.00,3
32043,0.016,0.021,-4.754,-0.068,-0.052,-0.291,0.000,-0.000,0.000,0.9997,-0.0169,-0.0173,-0.0005,23.22,50.73,56.38,2.77,86020.6,0,0.00,0.00,3
32063,0.013,0.017,-4.755,-0.072,-0.059,-0.310,0.000,-0.000,0.000,0.9997,-0.0170,-0.0173,-0.0005,23.86,51.50,56.38,2.77,85997.1,0,0.00,0.00,3
32083,0.014,0.016,-4.758,-0.075,-0.060,-0.330,0.000,-0.000,0.000,0.9997,-0.0170,-0.0173,-0.0006,24.49,52.24,56.41,2.78,85999.2,0,0.00,0.00,3
32103,0.012,0.018,-4.758,-0.077,-0.066,-0.350,0.000,-0.000,0.000,0.9997,-0.0170,-0.0173,-0.0006,25.13,52.98,56.41,2.78,85993.4,0,0.00,0.00,3
32123,0.013,0.018,-4.760,-0.082,-0.067,-0.369,0.000,-0.000,0.000,0.9997,-0.0170,-0.0173,-0.0007,25.79,53.74,56.44,2.78,85984.0,0,0.00,0.00,3
32143,0.011,0.016,-4.766,-0.082,-0.070,-0.389,0.000,-0.000,0.000,0.9997,-0.0170,-0.0173,-0.0008,26.43,54.45,56.49,2.79,85988.8,0,0.00,0.00,3
32163,0.011,0.014,-4.766,-0.084,-0.072,-0.410,0.000,-0.000,0.000,0.9997,-0.0170,-0.0174,-0.0008,27.10,55.18,56.49,2.79,85977.4,0,0.00,0.00,3
32183,0.009,0.012,-4.764,-0.086,-0.075,-0.429,0.000,-0.000,0.000,0.9997,-0.0171,-0.0174,-0.0009,27.77,55.89,56.47,2.79,85976.8,0,0.00,0.00,3
32203,0.006,0.010,-4.771,-0.087,-0.078,-0.450,0.000,-0.000,0.000,0.9997,-0.0171,-0.0174,-0.0010,28.45,56.60,56.54,2.79,85969.0,0,0.00,0.00,3
32223,0.004,0.008,-4.769,-0.088,-0.080,-0.464,0.000,-0.000,0.000,0.9997,-0.0171,-0.0174,-0.0011,29.20,57.37,56.52,2.80,85947.7,0,0.00,0.00,3
32243,0.003,0.006,-4.770,-0.089,-0.082,-0.488,0.000,-0.000,0.000,0.9997,-0.0171,-0.0174,-0.0012,29.97,58.14,56.53,2.80,85938.6,0,0.00,0.00,3
32263,0.003,0.005,-4.767,-0.089,-0.083,-0.507,0.000,-0.000,0.000,0.9997,-0.0171,-0.0175,-0.0013,30.73,58.88,56.50,2.80,85936.3,0,0.00,0.00,3
32283,0.002,0.005,-4.770,-0.088,-0.085,-0.525,0.000,-0.000,0.000,0.9997,-0.0172,-0.0175,-0.0013,31.53,59.65,56.52,2.81,85924.6,0,0.00,0.00,3
32303,0.001,-0.001,-4.775,-0.091,-0.085,-0.545,0.000,-0.000,0.000,0.9997,-0.0172,-0.0175,-0.0014,32.36,60.43,56.58,2.81,85911.7,0,0.00,0.00,3
32323,0.002,-0.004,-4.773,-0.088,-0.085,-0.565,0.000,-0.000,0.000,0.9997,-0.0172,-0.0175,-0.0015,33.16,61.18,56.55,2.81,85914.2,0,0.00,0.00,3
32343,0.001,-0.006,-4.779,-0.086,-0.089,-0.584,0.000,-0.000,0.000,0.9997,-0.0172,-0.0176,-0.0016,33.99,61.93,56.62,2.82,85902.9,0,0.00,0.00,3
32363,-0.001,-0.007,-4.777,-0.085,-0.084,-0.602,0.000,-0.000,0.000,0.9997,-0.0172,-0.0176,-0.0017,34.90,62.75,56.60,2.82,85878.1,0,0.00,0.00,3
32383,-0.001,-0.013,-4.779,-0.081,-0.083,-0.623,0.000,-0.000,0.000,0.9997,-0.0172,-0.0176,-0.0019,35.79,63.52,56.61,2.82,85879.0,0,0.00,0.00,3
32405,-0.005,-0.015,-4.779,-0.077,-0.083,-0.639,0.000,-0.000,0.000,0.9997,-0.0173,-0.0176,-0.0020,36.64,64.25,56.62,2.83,85884.5,0,0.00,0.00,3
32423,-0.003,-0.019,-4.778,-0.076,-0.080,-0.658,0.000,-0.000,0.000,0.9997,-0.0173,-0.0176,-0.0021,37.48,64.97,56.60,2.83,85880.8,0,0.00,0.00,3
32443,-0.006,-0.022,-4.780,-0.071,-0.077,-0.675,0.000,-0.000,0.000,0.9997,-0.0173,-0.0177,-0.0022,38.40,65.73,56.62,2.83,85857.3,0,0.00,0.00,3
32463,-0.002,-0.028,-4.786,-0.065,-0.075,-0.693,0.000,-0.000,0.000,0.9997,-0.0173,-0.0177,-0.0023,39.35,66.52,56.67,2.84,85841.9,0,0.00,0.00,3
32483,-0.004,-0.032,-4.785,-0.064,-0.072,-0.712,0.000,-0.000,0.000,0.9997,-0.0173,-0.0177,-0.0024,40.26,67.25,56.66,2.84,85847.5,0,0.00,0.00,3
32503,-0.006,-0.033,-4.787,-0.058,-0.066,-0.730,0.000,-0.000,0.000,0.9997,-0.0173,-0.0177,-0.0026,41.20,68.00,56.68,2.84,85835.7,0,0.00,0.00,3
32523,-0.004,-0.038,-4.787,-0.052,-0.061,-0.748,0.000,-0.000,0.000,0.9997,-0.0173,-0.0177,-0.0027,42.16,68.75,56.68,2.84,85824.2,0,0.00,0.00,3
32543,-0.003,-0.043,-4.789,-0.046,-0.056,-0.766,0.000,-0.000,0.000,0.9997,-0.0174,-0.0178,-0.0028,43.14,69.51,56.70,2.85,85813.4,0,0.00,0.00,3
32563,-0.001,-0.047,-4.787,-0.043,-0.049,-0.783,0.000,-0.000,0.000,0.9997,-0.0174,-0.0178,-0.0030,44.14,70.27,56.68,2.85,85802.9,0,0.00,0.00,3
32583,-0.000,-0.049,-4.790,-0.036,-0.047,-0.800,0.000,-0.000,0.000,0.9997,-0.0174,-0.0178,-0.0031,45.09,70.97,56.70,2.85,85809.4,0,0.00,0.00,3
32603,-0.000,-0.053,-4.794,-0.030,-0.038,-0.817,0.000,-0.000,0.000,0.9997,-0.0174,-0.0178,-0.0033,46.15,71.76,56.75,2.85,85774.9,0,0.00,0.00,3
32623,0.002,-0.053,-4.790,-0.026,-0.032,-0.835,0.000,-0.000,0.000,0.9997,-0.0174,-0.0178,-0.0034,47.20,72.52,56.70,2.85,85772.0,0,0.00,0.00,3
32643,0.001,-0.056,-4.790,-0.019,-0.023,-0.851,0.000,-0.000,0.000,0.9997,-0.0174,-0.0178,-0.0035,48.28,73.29,56.70,2.86,85757.4,0,0.00,0.00,3
32663,0.006,-0.059,-4.790,-0.016,-0.015,-0.868,0.000,-0.000,0.000,0.9997,-0.0174,-0.0178,-0.0037,49.34,74.04,56.70,2.86,85754.1,0,0.00,0.00,3
32683,0.008,-0.058,-4.791,-0.011,-0.007,-0.885,0.000,-0.000,0.000,0.9997,-0.0174,-0.0178,-0.0039,50.45,74.82,56.71,2.86,85736.5,0,0.00,0.00,3
32703,0.009,-0.060,-4.795,-0.004,0.002,-0.901,0.000,-0.000,0.000,0.9997,-0.0174,-0.0179,-0.0040,51.55,75.58,56.75,2.86,85729.9,0,0.00,0.00,3
32723,0.010,-0.058,-4.794,-0.000,0.010,-0.918,0.000,-0.000,0.000,0.9997,-0.0174,-0.0179,-0.0042,52.64,76.31,56.74,2.86,85727.8,0,0.00,0.00,3
32743,0.012,-0.058,-4.797,0.004,0.020,-0.935,0.000,-0.000,0.000,0.9997,-0.0174,-0.0179,-0.0043,53.79,77.08,56.77,2.86,85704.5,0,0.00,0.00,3
32763,0.013,-0.057,-4.798,0.009,0.026,-0.951,0.000,-0.000,0.000,0.9997,-0.0174,-0.0179,-0.0045,54.94,77.84,56.78,2.86,85697.3,0,0.00,0.00,3
32783,0.015,-0.056,-4.797,0.012,0.038,-0.967,0.000,-0.000,0.000,0.9997,-0.0174,-0.0179,-0.0047,56.07,78.57,56.77,2.86,85692.8,0,0.00,0.00,3
32803,0.017,-0.052,-4.796,0.017,0.045,-0.982,0.000,-0.000,0.000,0.9997,-0.0174,-0.0179,-0.0048,57.27,79.35,56.76,2.86,85670.1,0,0.00,0.00,3
32823,0.017,-0.049,-4.800,0.017,0.053,-0.999,0.000,-0.000,0.000,0.9997,-0.0174,-0.0179,-0.0050,58.47,80.11,56.80,2.86,85661.1,0,0.00,0.00,3
32843,0.021,-0.044,-4.795,0.019,0.058,-1.016,0.000,-0.000,0.000,0.9997,-0.0174,-0.0179,-0.0052,59.70,80.90,56.75,2.86,85643.2,0,0.00,0.00,3
32863,0.017,-0.041,-4.796,0.021,0.065,-1.030,0.000,-0.000,0.000,0.9997,-0.0174,-0.0179,-0.0054,60.95,81.67,56.76,2.86,85632.6,0,0.00,0.00,3
32883,0.018,-0.038,-4.797,0.020,0.072,-1.048,0.000,-0.000,0.000,0.9997,-0.0174,-0.0179,-0.0056,62.23,82.47,56.78,2.86,85613.9,0,0.00,0.00,3
32903,0.016,-0.031,-4.800,0.020,0.078,-1.062,0.000,-0.000,0.000,0.9997,-0.0174,-0.0179,-0.0057,63.51,83.25,56.80,2.86,85608.3,0,0.00,0.00,3
32923,0.015,-0.026,-4.798,0.020,0.082,-1.079,0.000,-0.000,0.000,0.9997,-0.0174,-0.0179,-0.0059,64.81,84.04,56.79,2.86,85592.6,0,0.00,0.00,3
32943,0.013,-0.018,-4.802,0.018,0.086,-1.097,0.000,-0.000,0.000,0.9997,-0.0174,-0.0178,-0.0061,66.14,84.84,56.83,2.86,85575.0,0,0.00,0.00,3
32963,0.009,-0.014,-4.797,0.021,0.088,-1.110,0.000,-0.000,0.000,0.9997,-0.0174,-0.0178,-0.0063,67.50,85.65,56.78,2.86,85559.4,0,0.00,0.00,3
32983,0.006,-0.007,-4.797,0.018,0.089,-1.125,0.000,-0.000,0.000,0.9997,-0.0174,-0.0178,-0.0065,68.83,86.42,56.79,2.86,85558.1,0,0.00,0.00,3
33003,0.000,-0.001,-4.797,0.015,0.091,-1.141,0.000,-0.000,0.000,0.9997,-0.0174,-0.0178,-0.0067,70.19,87.20,56.79,2.85,85539.8,0,0.00,0.00,3
33025,-0.004,0.006,-4.800,0.015,0.092,-1.157,0.000,-0.000,0.000,0.9997,-0.0174,-0.0178,-0.0069,71.58,87.99,56.82,2.85,85525.8,0,0.00,0.00,3
33043,-0.009,0.011,-4.797,0.011,0.089,-1.175,0.000,-0.000,0.000,0.9997,-0.0174,-0.0178,-0.0071,73.01,88.82,56.80,2.85,85501.3,0,0.00,0.00,3
33063,-0.014,0.017,-4.798,0.010,0.085,-1.188,0.000,-0.000,0.000,0.9997,-0.0174,-0.0178,-0.0073,74.38,89.56,56.81,2.85,85511.5,0,0.00,0.00,3
33083,-0.020,0.021,-4.795,0.006,0.081,-1.205,0.000,-0.000,0.000,0.9997,-0.0174,-0.0178,-0.0075,75.81,90.35,56.78,2.85,85482.9,0,0.00,0.00,3
33103,-0.027,0.024,-4.800,0.004,0.076,-1.217,0.000,-0.000,0.000,0.9997,-0.0174,-0.0178,-0.0077,77.28,91.17,56.84,2.85,85462.1,0,0.00,0.00,3
33123,-0.033,0.027,-4.793,0.003,0.069,-1.235,0.000,-0.000,0.000,0.9997,-0.0174,-0.0178,-0.0080,78.70,91.92,56.78,2.85,85466.2,0,0.00,0.00,3
33143,-0.038,0.031,-4.797,0.001,0.062,-1.250,0.000,-0.000,0.000,0.9997,-0.0174,-0.0178,-0.0082,80.12,92.65,56.81,2.85,85457.1,0,0.00,0.00,3
33163,-0.045,0.032,-4.799,-0.000,0.051,-1.264,0.000,-0.000,0.000,0.9997,-0.0174,-0.0178,-0.0084,81.62,93.45,56.84,2.85,85424.2,0,0.00,0.00,3
33183,-0.050,0.032,-4.800,-0.001,0.045,-1.282,0.000,-0.000,0.000,0.9997,-0.0174,-0.0178,-0.0086,83.13,94.24,56.85,2.85,85413.6,0,0.00,0.00,3
33203,-0.054,0.034,-4.798,-0.001,0.034,-1.297,0.000,-0.000,0.000,0.9997,-0.0174,-0.0178,-0.0089,84.62,95.00,56.83,2.85,85405.4,0,0.00,0.00,3
33223,-0.061,0.033,-4.801,-0.002,0.025,-1.309,0.000,-0.000,0.000,0.9996,-0.0174,-0.0178,-0.0091,86.13,95.76,56.86,2.85,85389.9,0,0.00,0.00,3
33243,-0.062,0.031,-4.805,-0.001,0.015,-1.325,0.000,-0.000,0.000,0.9996,-0.0174,-0.0178,-0.0093,87.67,96.54,56.90,2.85,85372.2,0,0.00,0.00,3
33263,-0.064,0.027,-4.805,-0.001,0.005,-1.341,0.000,-0.000,0.000,0.9996,-0.0174,-0.0178,-0.0095,89.22,97.31,56.90,2.85,85357.3,0,0.00,0.00,3
33283,-0.066,0.025,-4.804,-0.000,-0.006,-1.355,0.000,-0.000,0.000,0.9996,-0.0174,-0.0178,-0.0098,90.83,98.13,56.89,2.86,85328.6,0,0.00,0.00,3
33303,-0.063,0.023,-4.802,0.002,-0.013,-1.370,0.000,-0.000,0.000,0.9996,-0.0174,-0.0178,-0.0100,92.41,98.90,56.87,2.86,85326.1,0,0.00,0.00,3
33323,-0.062,0.019,-4.805,0.004,-0.023,-1.386,0.000,-0.000,0.000,0.9996,-0.0174,-0.0178,-0.0103,94.04,99.70,56.90,2.86,85302.9,0,0.00,0.00,3
33343,-0.058,0.015,-4.806,0.006,-0.035,-1.401,0.000,-0.000,0.000,0.9996,-0.0174,-0.0179,-0.0105,95.66,100.48,56.91,2.86,85293.1,0,0.00,0.00,3
33363,-0.055,0.010,-4.807,0.007,-0.040,-1.415,0.000,-0.000,0.000,0.9996,-0.0174,-0.0179,-0.0108,97.28,101.25,56.91,2.86,85281.0,0,0.00,0.00,3
33383,-0.046,0.006,-4.813,0.013,-0.048,-1.430,0.000,-0.000,0.000,0.9996,-0.0174,-0.0179,-0.0110,98.92,102.02,56.97,2.86,85262.9,0,0.00,0.00,3
33403,-0.042,0.002,-4.812,0.016,-0.053,-1.444,0.000,-0.000,0.000,0.9996,-0.0174,-0.0179,-0.0113,100.59,102.80,56.95,2.86,85244.2,0,0.00,0.00,3
33423,-0.034,0.001,-4.812,0.019,-0.056,-1.459,0.000,-0.000,0.000,0.9996,-0.0174,-0.0179,-0.0115,102.27,103.58,56.95,2.86,85228.3,0,0.00,0.00,3
33443,-0.024,0.001,-4.812,0.020,-0.060,-1.476,0.000,-0.000,0.000,0.9996,-0.0174,-0.0180,-0.0118,103.97,104.36,56.95,2.87,85210.4,0,0.00,0.00,3
33463,-0.013,-0.000,-4.815,0.023,-0.062,-1.490,0.000,-0.000,0.000,0.9996,-0.0174,-0.0180,-0.0120,105.74,105.20,56.98,2.87,85179.0,0,0.00,0.00,3
33483,-0.000,0.001,-4.816,0.025,-0.062,-1.503,0.000,-0.000,0.000,0.9996,-0.0174,-0.0180,-0.0123,107.45,105.96,56.98,2.87,85183.4,0,0.00,0.00,3
33503,0.006,0.002,-4.820,0.027,-0.062,-1.521,0.000,-0.000,0.000,0.9996,-0.0174,-0.0180,-0.0126,109.22,106.76,57.02,2.87,85153.9,0,0.00,0.00,3
33523,0.021,0.004,-4.823,0.029,-0.059,-1.535,0.000,-0.000,0.000,0.9996,-0.0174,-0.0180,-0.0128,110.96,107.53,57.04,2.87,85146.4,0,0.00,0.00,3
33543,0.030,0.006,-4.822,0.029,-0.055,-1.550,0.000,-0.000,0.000,0.9996,-0.0174,-0.0181,-0.0131,112.73,108.30,57.03,2.87,85128.0,0,0.00,0.00,3
33563,0.039,0.012,-4.825,0.026,-0.049,-1.564,0.000,-0.000,0.000,0.9996,-0.0174,-0.0181,-0.0134,114.50,109.06,57.05,2.87,85115.5,0,0.00,0.00,3
33583,0.046,0.013,-4.825,0.026,-0.045,-1.579,0.000,-0.000,0.000,0.9996,-0.0174,-0.0181,-0.0136,116.31,109.85,57.05,2.87,85090.1,0,0.00,0.00,3
33603,0.052,0.019,-4.822,0.021,-0.038,-1.594,0.000,-0.000,0.000,0.9996,-0.0174,-0.0181,-0.0139,118.13,110.62,57.02,2.88,85073.8,0,0.00,0.00,3
33623,0.058,0.026,-4.823,0.018,-0.031,-1.609,0.000,-0.000,0.000,0.9996,-0.0174,-0.0181,-0.0142,119.99,111.43,57.03,2.88,85048.5,0,0.00,0.00,3
33645,0.061,0.032,-4.821,0.015,-0.026,-1.625,0.000,-0.000,0.000,0.9996,-0.0174,-0.0181,-0.0145,121.83,112.20,57.01,2.88,85039.4,0,0.00,0.00,3
33663,0.065,0.036,-4.825,0.011,-0.017,-1.639,0.000,-0.000,0.000,0.9996,-0.0174,-0.0182,-0.0148,123.72,113.00,57.05,2.88,85013.0,0,0.00,0.00,3
33683,0.062,0.038,-4.824,0.005,-0.010,-1.652,0.000,-0.000,0.000,0.9996,-0.0174,-0.0182,-0.0151,125.59,113.77,57.04,2.88,85005.3,0,0.00,0.00,3
33703,0.060,0.042,-4.822,-0.002,-0.005,-1.668,0.000,-0.000,0.000,0.9996,-0.0174,-0.0182,-0.0153,127.48,114.54,57.02,2.88,84983.5,0,0.00,0.00,3
33723,0.056,0.044,-4.827,-0.009,0.003,-1.683,0.000,-0.000,0.000,0.9996,-0.0174,-0.0182,-0.0156,129.41,115.34,57.08,2.88,84958.9,0,0.00,0.00,3
33743,0.053,0.044,-4.827,-0.015,0.010,-1.696,0.000,-0.000,0.000,0.9996,-0.0174,-0.0182,-0.0159,131.34,116.12,57.08,2.88,84944.3,0,0.00,0.00,3
33763,0.045,0.042,-4.832,-0.020,0.014,-1.714,0.000,-0.000,0.000,0.9996,-0.0174,-0.0182,-0.0162,133.30,116.91,57.13,2.88,84923.2,0,0.00,0.00,3
33783,0.038,0.039,-4.834,-0.027,0.017,-1.729,0.000,-0.000,0.000,0.9995,-0.0174,-0.0182,-0.0165,135.24,117.67,57.16,2.88,84910.9,0,0.00,0.00,3
33803,0.031,0.034,-4.837,-0.033,0.021,-1.743,0.000,-0.000,0.000,0.9995,-0.0174,-0.0182,-0.0168,137.16,118.40,57.19,2.88,84904.2,0,0.00,0.00,3
33823,0.025,0.027,-4.837,-0.036,0.021,-1.758,0.000,-0.000,0.000,0.9995,-0.0174,-0.0182,-0.0171,139.15,119.18,57.18,2.89,84869.0,0,0.00,0.00,3
33843,0.018,0.020,-4.835,-0.040,0.022,-1.770,0.000,-0.000,0.000,0.9995,-0.0174,-0.0182,-0.0175,141.15,119.95,57.17,2.89,84850.9,0,0.00,0.00,3
33863,0.009,0.009,-4.837,-0.045,0.021,-1.786,0.000,-0.000,0.000,0.9995,-0.0174,-0.0182,-0.0178,143.12,120.69,57.18,2.89,84842.9,0,0.00,0.00,3
33883,0.005,0.000,-4.836,-0.046,0.022,-1.800,0.000,-0.000,0.000,0.9995,-0.0174,-0.0182,-0.0181,145.13,121.45,57.17,2.89,84817.0,0,0.00,0.00,3
33903,0.002,-0.012,-4.838,-0.046,0.018,-1.816,0.000,-0.000,0.000,0.9995,-0.0174,-0.0183,-0.0184,147.13,122.18,57.19,2.89,84804.2,0,0.00,0.00,3
33923,-0.000,-0.023,-4.839,-0.045,0.017,-1.828,0.000,-0.000,0.000,0.9995,-0.0174,-0.0183,-0.0187,149.18,122.95,57.19,2.89,84773.9,0,0.00,0.00,3
33943,-0.004,-0.032,-4.837,-0.040,0.013,-1.845,0.000,-0.000,0.000,0.9995,-0.0174,-0.0183,-0.0190,151.23,123.70,57.18,2.89,84759.2,0,0.00,0.00,3
33963,-0.002,-0.041,-4.842,-0.038,0.011,-1.861,0.000,-0.000,0.000,0.9995,-0.0174,-0.0183,-0.0194,153.28,124.44,57.22,2.89,84742.2,0,0.00,0.00,3
33983,-0.003,-0.049,-4.839,-0.032,0.007,-1.877,0.000,-0.000,0.000,0.9995,-0.0174,-0.0183,-0.0197,155.33,125.16,57.18,2.90,84727.2,0,0.00,0.00,3
34003,0.001,-0.056,-4.840,-0.027,0.002,-1.890,0.000,-0.000,0.000,0.9995,-0.0174,-0.0183,-0.0200,157.41,125.91,57.19,2.90,84702.1,0,0.00,0.00,3
34023,0.003,-0.059,-4.842,-0.017,-0.001,-1.905,0.000,-0.000,0.000,0.9995,-0.0174,-0.0183,-0.0204,159.49,126.63,57.21,2.90,84685.0,0,0.00,0.00,3
34043,0.008,-0.063,-4.837,-0.011,-0.001,-1.920,0.000,-0.000,0.000,0.9995,-0.0174,-0.0183,-0.0207,161.58,127.35,57.16,2.90,84668.5,0,0.00,0.00,3
34063,0.008,-0.060,-4.837,-0.004,-0.001,-1.935,0.000,-0.000,0.000,0.9995,-0.0174,-0.0183,-0.0210,163.73,128.12,57.16,2.90,84633.1,0,0.00,0.00,3
34083,0.011,-0.060,-4.838,0.004,-0.002,-1.948,0.000,-0.000,0.000,0.9995,-0.0174,-0.0183,-0.0214,165.86,128.84,57.17,2.90,84623.4,0,0.00,0.00,3
34103,0.015,-0.057,-4.835,0.014,-0.004,-1.962,0.000,-0.000,0.000,0.9994,-0.0174,-0.0184,-0.0217,168.01,129.58,57.14,2.90,84598.7,0,0.00,0.00,3
34123,0.019,-0.049,-4.835,0.021,-0.002,-1.977,0.000,-0.000,0.000,0.9994,-0.0174,-0.0184,-0.0221,170.19,130.33,57.14,2.90,84577.0,0,0.00,0.00,3
34143,0.017,-0.041,-4.833,0.026,-0.002,-1.992,0.000,-0.000,0.000,0.9994,-0.0174,-0.0184,-0.0224,172.37,131.06,57.13,2.90,84557.6,0,0.00,0.00,3
34163,0.015,-0.035,-4.836,0.031,0.001,-2.007,0.000,-0.000,0.000,0.9994,-0.0174,-0.0184,-0.0228,174.57,131.80,57.16,2.90,84535.4,0,0.00,0.00,3
34183,0.013,-0.024,-4.833,0.035,-0.001,-2.021,0.000,-0.000,0.000,0.9994,-0.0174,-0.0184,-0.0231,176.77,132.53,57.12,2.90,84516.6,0,0.00,0.00,3
34203,0.010,-0.011,-4.834,0.037,0.002,-2.036,0.000,-0.000,0.000,0.9994,-0.0174,-0.0184,-0.0235,179.01,133.28,57.14,2.90,84488.6,0,0.00,0.00,3
34223,0.003,-0.006,-4.828,0.038,0.003,-2.051,0.000,-0.000,0.000,0.9994,-0.0174,-0.0184,-0.0238,181.24,134.00,57.09,2.90,84475.0,0,0.00,0.00,3
34245,-0.003,0.004,-4.828,0.037,0.004,-2.068,0.000,-0.000,0.000,0.9994,-0.0174,-0.0184,-0.0242,183.49,134.74,57.10,2.90,84450.1,0,0.00,0.00,3
34263,-0.010,0.011,-4.826,0.036,0.007,-2.080,0.000,-0.000,0.000,0.9994,-0.0174,-0.0184,-0.0245,185.70,135.41,57.08,2.90,84443.7,0,0.00,0.00,3
34283,-0.019,0.015,-4.825,0.034,0.007,-2.093,0.000,-0.000,0.000,0.9994,-0.0174,-0.0185,-0.0249,187.99,136.16,57.08,2.90,84403.4,0,0.00,0.00,3
34303,-0.024,0.020,-4.824,0.028,0.007,-2.109,0.000,-0.000,0.000,0.9994,-0.0174,-0.0185,-0.0253,190.28,136.89,57.07,2.90,84385.4,0,0.00,0.00,3
34323,-0.030,0.022,-4.827,0.025,0.004,-2.124,0.000,-0.000,0.000,0.9993,-0.0174,-0.0185,-0.0256,192.64,137.67,57.10,2.90,84347.8,0,0.00,0.00,3
34343,-0.035,0.022,-4.826,0.019,0.004,-2.139,0.000,-0.000,0.000,0.9993,-0.0174,-0.0185,-0.0260,194.98,138.42,57.09,2.91,84333.8,0,0.00,0.00,3
34363,-0.038,0.021,-4.824,0.014,0.004,-2.154,0.000,-0.000,0.000,0.9993,-0.0174,-0.0185,-0.0264,197.31,139.14,57.08,2.91,84318.7,0,0.00,0.00,3
34383,-0.038,0.017,-4.823,0.007,0.001,-2.169,0.000,-0.000,0.000,0.9993,-0.0173,-0.0185,-0.0268,199.66,139.86,57.07,2.91,84294.9,0,0.00,0.00,3
34403,-0.040,0.018,-4.819,-0.000,-0.003,-2.183,0.000,-0.000,0.000,0.9993,-0.0173,-0.0185,-0.0272,202.04,140.61,57.02,2.91,84267.4,0,0.00,0.00,3
34423,-0.038,0.013,-4.822,-0.004,-0.006,-2.197,0.000,-0.000,0.000,0.9993,-0.0173,-0.0185,-0.0275,204.42,141.33,57.05,2.91,84249.3,0,0.00,0.00,3
34443,-0.033,0.009,-4.822,-0.009,-0.010,-2.211,0.000,-0.000,0.000,0.9993,-0.0173,-0.0185,-0.0279,206.80,142.05,57.05,2.91,84226.9,0,0.00,0.00,3
34463,-0.028,0.005,-4.816,-0.014,-0.014,-2.225,0.000,-0.000,0.000,0.9993,-0.0173,-0.0186,-0.0283,209.26,142.82,56.99,2.91,84189.3,0,0.00,0.00,3
34483,-0.021,0.003,-4.818,-0.015,-0.017,-2.241,0.000,-0.000,0.000,0.9993,-0.0173,-0.0186,-0.0287,211.67,143.54,57.00,2.91,84180.6,0,0.00,0.00,3
34503,-0.014,0.003,-4.811,-0.018,-0.017,-2.256,0.000,-0.000,0.000,0.9993,-0.0173,-0.0186,-0.0291,214.06,144.22,56.93,2.91,84167.4,0,0.00,0.00,3
34523,-0.004,0.002,-4.810,-0.018,-0.023,-2.270,0.000,-0.000,0.000,0.9992,-0.0173,-0.0186,-0.0295,216.54,144.97,56.91,2.91,84123.7,0,0.00,0.00,3
34543,0.003,0.005,-4.812,-0.017,-0.023,-2.286,0.000,-0.000,0.000,0.9992,-0.0173,-0.0186,-0.0299,219.01,145.70,56.93,2.92,84104.5,0,0.00,0.00,3
34563,0.010,0.005,-4.805,-0.016,-0.023,-2.299,0.000,-0.000,0.000,0.9992,-0.0173,-0.0186,-0.0303,221.52,146.45,56.86,2.92,84075.8,0,0.00,0.00,3
34583,0.016,0.008,-4.803,-0.014,-0.022,-2.312,0.000,-0.000,0.000,0.9992,-0.0173,-0.0187,-0.0307,224.01,147.17,56.84,2.92,84059.5,0,0.00,0.00,3
34603,0.019,0.008,-4.796,-0.011,-0.020,-2.327,0.000,-0.000,0.000,0.9992,-0.0173,-0.0187,-0.0311,226.49,147.86,56.77,2.92,84043.4,0,0.00,0.00,3
34623,0.022,0.013,-4.791,-0.006,-0.017,-2.341,0.000,-0.000,0.000,0.9992,-0.0173,-0.0187,-0.0315,228.98,148.55,56.73,2.92,84017.9,0,0.00,0.00,3
34643,0.024,0.016,-4.788,-0.006,-0.015,-2.358,0.000,-0.000,0.000,0.9992,-0.0173,-0.0187,-0.0319,231.51,149.26,56.69,2.92,83989.8,0,0.00,0.00,3
34663,0.025,0.018,-4.783,-0.001,-0.007,-2.369,0.000,-0.000,0.000,0.9992,-0.0173,-0.0187,-0.0323,234.08,150.00,56.65,2.92,83955.4,0,0.00,0.00,3
34683,0.026,0.019,-4.777,0.001,-0.002,-2.384,0.000,-0.000,0.000,0.9991,-0.0173,-0.0187,-0.0327,236.64,150.71,56.59,2.92,83939.2,0,0.00,0.00,3
34703,0.021,0.021,-4.775,0.002,0.004,-2.401,0.000,-0.000,0.000,0.9991,-0.0173,-0.0187,-0.0332,239.22,151.43,56.58,2.93,83909.8,0,0.00,0.00,3
34723,0.017,0.021,-4.776,0.002,0.006,-2.412,0.000,-0.000,0.000,0.9991,-0.0173,-0.0187,-0.0336,241.80,152.13,56.58,2.93,83890.4,0,0.00,0.00,3
34743,0.013,0.020,-4.772,0.005,0.012,-2.427,0.000,-0.000,0.000,0.9991,-0.0173,-0.0188,-0.0340,244.44,152.88,56.54,2.93,83853.0,0,0.00,0.00,3
34763,0.008,0.013,-4.768,0.004,0.014,-2.442,0.000,-0.000,0.000,0.9991,-0.0173,-0.0188,-0.0344,247.09,153.62,56.50,2.93,83829.1,0,0.00,0.00,3
34783,0.007,0.011,-4.765,0.003,0.018,-2.458,0.000,-0.000,0.000,0.9991,-0.0173,-0.0188,-0.0349,249.73,154.33,56.48,2.93,83811.7,0,0.00,0.00,3
34803,0.004,0.005,-4.765,0.003,0.021,-2.471,0.000,-0.000,0.000,0.9991,-0.0173,-0.0188,-0.0353,252.40,155.07,56.47,2.93,83778.4,0,0.00,0.00,3
34823,0.002,0.000,-4.760,0.001,0.020,-2.486,0.000,-0.000,0.000,0.9990,-0.0173,-0.0188,-0.0357,255.04,155.75,56.42,2.93,83766.7,0,0.00,0.00,3
34843,0.000,-0.004,-4.752,-0.000,0.022,-2.500,0.000,-0.000,0.000,0.9990,-0.0173,-0.0188,-0.0362,257.74,156.49,56.35,2.93,83726.4,0,0.00,0.00,3
34863,0.003,-0.007,-4.746,-0.001,0.019,-2.514,0.000,-0.000,0.000,0.9990,-0.0173,-0.0188,-0.0366,260.44,157.20,56.28,2.93,83706.7,0,0.00,0.00,3
34885,0.001,-0.011,-4.741,-0.002,0.016,-2.528,0.000,-0.000,0.000,0.9990,-0.0173,-0.0188,-0.0370,263.15,157.91,56.23,2.93,83680.6,0,0.00,0.00,3
34903,0.001,-0.014,-4.737,-0.001,0.013,-2.542,0.000,-0.000,0.000,0.9990,-0.0173,-0.0188,-0.0375,265.86,158.61,56.19,2.93,83657.4,0,0.00,0.00,3
34923,0.009,-0.012,-4.729,-0.000,0.009,-2.556,0.000,-0.000,0.000,0.9990,-0.0173,-0.0188,-0.0379,268.62,159.34,56.12,2.93,83622.7,0,0.00,0.00,3
34943,0.008,-0.014,-4.727,-0.000,0.003,-2.570,0.000,-0.000,0.000,0.9989,-0.0173,-0.0189,-0.0384,271.37,160.04,56.09,2.93,83602.6,0,0.00,0.00,3
34963,0.006,-0.011,-4.716,-0.000,0.000,-2.583,0.000,-0.000,0.000,0.9989,-0.0173,-0.0189,-0.0388,274.18,160.79,55.99,2.93,83562.9,0,0.00,0.00,3
34983,0.006,-0.009,-4.713,0.001,-0.004,-2.597,0.000,-0.000,0.000,0.9989,-0.0173,-0.0189,-0.0393,276.96,161.48,55.96,2.93,83549.6,0,0.00,0.00,3
35003,0.007,-0.008,-4.710,0.003,-0.004,-2.611,0.000,-0.000,0.000,0.9989,-0.0173,-0.0189,-0.0397,279.75,162.19,55.93,2.93,83521.3,0,0.00,0.00,3
35023,0.007,-0.006,-4.702,0.007,-0.011,-2.627,0.000,-0.000,0.000,0.9989,-0.0173,-0.0189,-0.0402,282.55,162.88,55.85,2.94,83496.6,0,0.00,0.00,3
35043,0.004,-0.004,-4.698,0.007,-0.012,-2.641,0.000,-0.000,0.000,0.9988,-0.0173,-0.0189,-0.0407,285.38,163.59,55.82,2.94,83465.0,0,0.00,0.00,3
35063,0.001,-0.002,-4.688,0.009,-0.013,-2.656,0.000,-0.000,0.000,0.9988,-0.0173,-0.0189,-0.0411,288.22,164.29,55.72,2.94,83438.2,0,0.00,0.00,3
35083,0.000,-0.002,-16.000,0.011,-0.015,-2.782,0.000,-0.000,0.000,0.9988,-0.0173,-0.0190,-0.0416,291.09,167.20,166.51,2.94,83413.4,0,0.00,0.00,3
35103,-0.000,0.000,-4.681,0.007,-0.012,-2.681,0.000,-0.000,0.000,0.9988,-0.0173,-0.0190,-0.0421,294.02,167.92,55.65,2.94,83377.3,0,0.00,0.00,3
35123,-0.006,-0.003,-4.678,0.009,-0.012,-2.696,0.000,-0.000,0.000,0.9988,-0.0173,-0.0190,-0.0425,296.92,168.60,55.63,2.94,83361.0,0,0.00,0.00,3
35143,-0.003,0.000,-4.667,0.010,-0.010,-2.710,0.000,-0.000,0.000,0.9987,-0.0173,-0.0190,-0.0430,299.87,169.31,55.52,2.94,83323.5,0,0.00,0.00,3
35163,-0.004,-0.000,-4.669,0.006,-0.007,-2.725,0.000,-0.000,0.000,0.9987,-0.0173,-0.0190,-0.0435,302.81,169.99,55.53,2.94,83302.9,0,0.00,0.00,3
35183,-0.007,-0.005,-4.662,0.005,-0.001,-2.739,0.000,-0.000,0.000,0.9987,-0.0172,-0.0190,-0.0440,305.81,170.71,55.46,2.94,83262.2,0,0.00,0.00,3
35203,-0.003,-0.004,-4.658,0.003,-0.001,-2.749,0.000,-0.000,0.000,0.9987,-0.0172,-0.0190,-0.0444,308.77,171.39,55.43,2.94,83247.5,0,0.00,0.00,3
35223,-0.002,-0.004,-4.659,-0.000,0.001,-2.766,0.000,-0.000,0.000,0.9987,-0.0172,-0.0191,-0.0449,311.73,172.06,55.44,2.94,83220.3,0,0.00,0.00,3
35243,0.000,-0.005,-4.654,-0.005,0.002,-2.779,0.000,-0.000,0.000,0.9986,-0.0172,-0.0191,-0.0454,314.69,172.71,55.39,2.95,83196.8,0,0.00,0.00,3
35263,0.000,-0.004,-4.652,-0.006,0.005,-2.792,0.000,-0.000,0.000,0.9986,-0.0172,-0.0191,-0.0459,317.70,173.38,55.37,2.95,83160.0,0,0.00,0.00,3
35283,0.004,-0.003,-4.651,-0.010,0.004,-2.807,0.000,-0.000,0.000,0.9986,-0.0172,-0.0191,-0.0464,320.72,174.07,55.36,2.95,83128.8,0,0.00,0.00,3
35303,0.001,-0.004,-4.646,-0.012,0.005,-2.822,0.000,-0.000,0.000,0.9986,-0.0172,-0.0191,-0.0469,323.78,174.77,55.31,2.95,83096.3,0,0.00,0.00,3
35323,0.000,-0.002,-4.646,-0.014,0.004,-2.836,0.000,-0.000,0.000,0.9985,-0.0172,-0.0191,-0.0474,326.85,175.48,55.30,2.95,83064.2,0,0.00,0.00,3
35343,-0.000,0.001,-4.642,-0.014,0.005,-2.849,0.000,-0.000,0.000,0.9985,-0.0172,-0.0191,-0.0479,329.92,176.16,55.27,2.95,83041.6,0,0.00,0.00,3
35363,0.000,0.001,-4.641,-0.014,0.003,-2.861,0.000,-0.000,0.000,0.9985,-0.0172,-0.0191,-0.0484,333.01,176.85,55.26,2.95,83007.4,0,0.00,0.00,3
35383,-0.002,0.000,-4.635,-0.012,0.002,-2.876,0.000,-0.000,0.000,0.9985,-0.0172,-0.0192,-0.0489,336.12,177.55,55.20,2.95,82978.6,0,0.00,0.00,3
35403,-0.005,0.004,-4.635,-0.009,0.001,-2.890,0.000,-0.000,0.000,0.9984,-0.0172,-0.0192,-0.0494,339.23,178.23,55.20,2.95,82952.6,0,0.00,0.00,3
35423,-0.003,0.001,-4.634,-0.006,0.000,-2.903,0.000,-0.000,0.000,0.9984,-0.0172,-0.0192,-0.0499,342.43,178.98,55.19,2.95,82901.4,0,0.00,0.00,3
35443,-0.009,0.001,-4.631,-0.003,0.001,-2.916,0.000,-0.000,0.000,0.9984,-0.0172,-0.0192,-0.0504,345.59,179.68,55.16,2.95,82885.1,0,0.00,0.00,3
35463,-0.008,0.001,-4.625,-0.001,0.001,-2.929,0.000,-0.000,0.000,0.9984,-0.0172,-0.0192,-0.0509,348.75,180.38,55.11,2.96,82857.6,0,0.00,0.00,3
35486,-0.009,-0.005,-4.620,-0.000,0.000,-2.944,0.000,-0.000,0.000,0.9983,-0.0172,-0.0192,-0.0514,351.93,181.06,55.06,2.96,82828.0,0,0.00,0.00,3
35503,-0.008,-0.002,-4.620,0.003,0.001,-2.957,0.000,-0.000,0.000,0.9983,-0.0172,-0.0192,-0.0519,355.07,181.71,55.05,2.96,82808.3,0,0.00,0.00,3
35523,-0.004,-0.003,-4.617,0.005,0.002,-2.971,0.000,-0.000,0.000,0.9983,-0.0172,-0.0193,-0.0524,358.28,182.41,55.02,2.96,82765.8,0,0.00,0.00,3
35543,-0.004,-0.006,-4.613,0.006,0.002,-2.985,0.000,-0.000,0.000,0.9983,-0.0172,-0.0193,-0.0530,361.48,183.08,54.98,2.96,82740.5,0,0.00,0.00,3
35563,-0.000,-0.004,-4.609,0.006,0.002,-2.998,0.000,-0.000,0.000,0.9982,-0.0172,-0.0193,-0.0535,364.71,183.77,54.95,2.96,82704.2,0,0.00,0.00,3
35583,0.001,-0.001,-4.602,0.006,0.002,-3.013,0.000,-0.000,0.000,0.9982,-0.0172,-0.0193,-0.0540,367.95,184.45,54.87,2.96,82676.2,0,0.00,0.00,3
35603,0.005,0.000,-4.599,0.005,0.003,-3.025,0.000,-0.000,0.000,0.9982,-0.0172,-0.0193,-0.0545,371.25,185.17,54.84,2.96,82632.3,0,0.00,0.00,3
35623,0.006,0.003,-4.594,0.004,0.003,-3.038,0.000,-0.000,0.000,0.9981,-0.0172,-0.0193,-0.0551,374.53,185.87,54.80,2.96,82609.4,0,0.00,0.00,3
35643,0.008,0.005,-4.590,0.002,0.001,-3.052,0.000,-0.000,0.000,0.9981,-0.0172,-0.0193,-0.0556,377.83,186.56,54.76,2.96,82578.4,0,0.00,0.00,3
35663,0.007,0.007,-4.583,-0.000,0.000,-3.066,0.000,-0.000,0.000,0.9981,-0.0172,-0.0193,-0.0561,381.16,187.27,54.69,2.96,82540.0,0,0.00,0.00,3
35683,0.006,0.008,-4.582,-0.003,0.000,-3.081,0.000,-0.000,0.000,0.9981,-0.0171,-0.0194,-0.0567,384.47,187.95,54.68,2.96,82518.2,0,0.00,0.00,3
35703,0.003,0.010,-4.575,-0.002,-0.003,-3.094,0.000,-0.000,0.000,0.9980,-0.0171,-0.0194,-0.0572,387.72,188.56,54.61,2.96,82504.2,0,0.00,0.00,3
35723,0.002,0.006,-4.572,-0.006,-0.005,-3.107,0.000,-0.000,0.000,0.9980,-0.0171,-0.0194,-0.0578,391.04,189.22,54.58,2.97,82459.8,0,0.00,0.00,3
35743,0.004,0.006,-4.566,-0.004,-0.005,-3.119,0.000,-0.000,0.000,0.9980,-0.0171,-0.0194,-0.0583,394.38,189.89,54.53,2.97,82425.0,0,0.00,0.00,3
35763,0.002,0.002,-4.566,-0.005,-0.007,-3.135,0.000,-0.000,0.000,0.9979,-0.0171,-0.0194,-0.0588,397.76,190.58,54.52,2.97,82387.7,0,0.00,0.00,3
35783,0.001,0.000,-4.559,-0.005,-0.006,-3.147,0.000,-0.000,0.000,0.9979,-0.0171,-0.0194,-0.0594,401.14,191.26,54.45,2.97,82357.8,0,0.00,0.00,3
35803,0.003,-0.003,-4.551,-0.004,-0.010,-3.161,0.000,-0.000,0.000,0.9979,-0.0171,-0.0195,-0.0599,404.60,191.99,54.37,2.97,82309.0,0,0.00,0.00,3
35823,0.005,-0.007,-4.546,-0.004,-0.007,-3.176,0.000,-0.000,0.000,0.9978,-0.0171,-0.0195,-0.0605,408.02,192.68,54.33,2.97,82289.0,0,0.00,0.00,3
35843,0.006,-0.010,-4.543,-0.005,-0.007,-3.188,0.000,-0.000,0.000,0.9978,-0.0171,-0.0195,-0.0610,411.51,193.42,54.30,2.97,82242.2,0,0.00,0.00,3
35863,0.008,-0.013,-4.538,-0.001,-0.007,-3.201,0.000,-0.000,0.000,0.9978,-0.0171,-0.0195,-0.0616,414.95,194.09,54.24,2.97,82225.9,0,0.00,0.00,3
35883,0.010,-0.011,-4.531,-0.001,-0.004,-3.215,0.000,-0.000,0.000,0.9977,-0.0171,-0.0195,-0.0622,418.41,194.78,54.17,2.97,82191.2,0,0.00,0.00,3
35903,0.010,-0.010,-4.526,-0.002,-0.004,-3.226,0.000,-0.000,0.000,0.9977,-0.0171,-0.0195,-0.0627,421.87,195.44,54.12,2.97,82161.6,0,0.00,0.00,3
35923,0.011,-0.010,-4.523,-0.001,-0.002,-3.239,0.000,-0.000,0.000,0.9977,-0.0171,-0.0195,-0.0633,425.36,196.12,54.09,2.98,82125.1,0,0.00,0.00,3
35943,0.012,-0.007,-4.515,-0.001,0.000,-3.253,0.000,-0.000,0.000,0.9976,-0.0171,-0.0196,-0.0639,428.90,196.84,54.01,2.98,82082.7,0,0.00,0.00,3
35963,0.010,-0.005,-4.511,-0.001,0.001,-3.268,0.000,-0.000,0.000,0.9976,-0.0171,-0.0196,-0.0644,432.45,197.55,53.98,2.98,82048.8,0,0.00,0.00,3
35983,0.009,-0.006,-4.505,-0.002,0.003,-3.280,0.000,-0.000,0.000,0.9975,-0.0171,-0.0196,-0.0650,435.97,198.21,53.92,2.98,82026.9,0,0.00,0.00,3
36003,0.003,-0.002,-4.500,-0.001,0.003,-3.293,0.000,-0.000,0.000,0.9975,-0.0171,-0.0196,-0.0656,439.56,198.93,53.87,2.98,81978.9,0,0.00,0.00,3
36023,-0.002,-0.002,-4.496,-0.001,0.001,-3.307,0.000,-0.000,0.000,0.9975,-0.0171,-0.0196,-0.0661,443.11,199.60,53.83,2.98,81958.9,0,0.00,0.00,3
36043,-0.001,-0.001,-4.488,-0.002,0.001,-3.319,0.000,-0.000,0.000,0.9974,-0.0171,-0.0196,-0.0667,446.72,200.31,53.76,2.98,81912.3,0,0.00,0.00,3
36063,-0.006,-0.004,-4.481,-0.003,-0.001,-3.330,0.000,-0.000,0.000,0.9974,-0.0171,-0.0196,-0.0673,450.29,200.97,53.70,2.98,81893.3,0,0.00,0.00,3
36083,-0.007,-0.002,-4.474,-0.000,-0.001,-3.346,0.000,-0.000,0.000,0.9974,-0.0170,-0.0197,-0.0679,453.91,201.66,53.63,2.98,81849.6,0,0.00,0.00,3
36105,-0.009,-0.005,-4.467,-0.000,-0.001,-3.357,0.000,-0.000,0.000,0.9973,-0.0170,-0.0197,-0.0685,457.59,202.39,53.56,2.98,81801.8,0,0.00,0.00,3
36123,-0.009,-0.007,-4.458,-0.001,-0.004,-3.369,0.000,-0.000,0.000,0.9973,-0.0170,-0.0197,-0.0691,461.24,203.08,53.46,2.98,81778.9,0,0.00,0.00,3
36143,-0.002,-0.005,-4.456,-0.000,-0.005,-3.383,0.000,-0.000,0.000,0.9972,-0.0170,-0.0197,-0.0696,464.89,203.76,53.45,2.98,81747.8,0,0.00,0.00,3
36163,-0.002,-0.007,-4.451,0.003,-0.006,-3.398,0.000,-0.000,0.000,0.9972,-0.0170,-0.0197,-0.0702,468.59,204.47,53.39,2.99,81704.5,0,0.00,0.00,3
36183,0.000,-0.006,-4.439,0.002,-0.007,-3.410,0.000,-0.000,0.000,0.9971,-0.0170,-0.0197,-0.0708,472.28,205.15,53.28,2.99,81675.0,0,0.00,0.00,3
36203,0.003,-0.002,-4.435,0.003,-0.007,-3.424,0.000,-0.000,0.000,0.9971,-0.0170,-0.0198,-0.0714,475.98,205.83,53.23,2.99,81641.9,0,0.00,0.00,3
36223,0.004,0.000,-4.427,0.003,-0.005,-3.437,0.000,-0.000,0.000,0.9971,-0.0170,-0.0198,-0.0720,479.69,206.50,53.16,2.99,81607.4,0,0.00,0.00,3
36243,0.008,0.003,-4.415,0.003,-0.004,-3.450,0.000,-0.000,0.000,0.9970,-0.0170,-0.0198,-0.0726,483.41,207.17,53.04,2.99,81573.0,0,0.00,0.00,3
36263,0.007,0.007,-4.406,0.004,-0.006,-3.461,0.000,-0.000,0.000,0.9970,-0.0170,-0.0198,-0.0732,487.15,207.85,52.96,2.99,81533.9,0,0.00,0.00,3
36283,0.006,0.009,-4.401,0.002,-0.004,-3.475,0.000,-0.000,0.000,0.9969,-0.0170,-0.0198,-0.0738,490.91,208.53,52.91,2.99,81499.0,0,0.00,0.00,3
36303,0.005,0.008,-4.389,-0.000,-0.003,-3.488,0.000,-0.000,0.000,0.9969,-0.0170,-0.0198,-0.0744,494.68,209.20,52.79,2.99,81464.5,0,0.00,0.00,3
36323,0.005,0.008,-4.376,-0.001,-0.002,-3.500,0.000,-0.000,0.000,0.9968,-0.0170,-0.0199,-0.0750,498.44,209.85,52.67,2.99,81434.1,0,0.00,0.00,3
36343,0.006,0.007,-4.373,-0.001,-0.004,-3.512,0.000,-0.000,0.000,0.9968,-0.0170,-0.0199,-0.0757,502.27,210.55,52.63,2.99,81383.7,0,0.00,0.00,3
36363,0.006,0.006,-4.363,-0.001,-0.003,-3.527,0.000,-0.000,0.000,0.9967,-0.0170,-0.0199,-0.0763,506.05,211.19,52.54,2.99,81363.4,0,0.00,0.00,3
36383,0.002,0.001,-4.354,-0.002,-0.002,-3.539,0.000,-0.000,0.000,0.9967,-0.0169,-0.0199,-0.0769,509.88,211.86,52.45,3.00,81319.5,0,0.00,0.00,3
36403,0.000,0.002,-4.348,-0.000,-0.002,-3.551,0.000,-0.000,0.000,0.9966,-0.0169,-0.0199,-0.0775,513.69,212.50,52.39,3.00,81292.8,0,0.00,0.00,3
36423,0.005,-0.001,-4.342,-0.000,-0.001,-3.563,0.000,-0.000,0.000,0.9966,-0.0169,-0.0199,-0.0781,517.55,213.17,52.33,3.00,81245.8,0,0.00,0.00,3
36443,0.003,-0.002,-4.334,-0.001,-0.002,-3.575,0.000,-0.000,0.000,0.9966,-0.0169,-0.0199,-0.0787,521.43,213.86,52.25,3.00,81206.4,0,0.00,0.00,3
36463,0.006,-0.003,-4.329,-0.001,-0.004,-3.590,0.000,-0.000,0.000,0.9965,-0.0169,-0.0200,-0.0794,525.33,214.54,52.19,3.00,81170.6,0,0.00,0.00,3
36483,0.010,-0.004,-4.318,0.002,-0.002,-3.601,0.000,-0.000,0.000,0.9965,-0.0169,-0.0200,-0.0800,529.23,215.21,52.09,3.00,81134.7,0,0.00,0.00,3
36503,0.011,-0.003,-4.314,0.002,-0.002,-3.613,0.000,-0.000,0.000,0.9964,-0.0169,-0.0200,-0.0806,533.18,215.91,52.05,3.00,81090.2,0,0.00,0.00,3
36523,0.008,-0.002,-4.303,0.002,-0.002,-3.626,0.000,-0.000,0.000,0.9963,-0.0169,-0.0200,-0.0813,537.11,216.58,51.94,3.00,81061.9,0,0.00,0.00,3
36543,0.008,-0.000,-4.298,0.002,0.001,-3.639,0.000,-0.000,0.000,0.9963,-0.0169,-0.0200,-0.0819,541.07,217.26,51.90,3.00,81020.5,0,0.00,0.00,3
36563,0.006,-0.001,-4.290,0.004,-0.001,-3.651,0.000,-0.000,0.000,0.9962,-0.0169,-0.0200,-0.0825,545.04,217.94,51.82,3.00,80983.0,0,0.00,0.00,3
36583,0.004,0.000,-4.282,0.002,0.000,-3.663,0.000,-0.000,0.000,0.9962,-0.0169,-0.0201,-0.0832,549.03,218.62,51.74,3.00,80944.5,0,0.00,0.00,3
36603,0.002,0.002,-4.274,0.004,0.000,-3.675,0.000,-0.000,0.000,0.9961,-0.0169,-0.0201,-0.0838,552.99,219.26,51.67,3.00,80918.6,0,0.00,0.00,3
36623,-0.000,0.003,-4.260,0.004,0.001,-3.686,0.000,-0.000,0.000,0.9961,-0.0169,-0.0201,-0.0844,557.01,219.94,51.53,3.01,80868.0,0,0.00,0.00,3
36643,-0.001,0.002,-4.253,0.003,-0.001,-3.699,0.000,-0.000,0.000,0.9960,-0.0168,-0.0201,-0.0851,561.02,220.60,51.46,3.01,80836.3,0,0.00,0.00,3
36663,-0.002,0.001,-4.242,0.003,0.000,-3.714,0.000,-0.000,0.000,0.9960,-0.0168,-0.0201,-0.0857,565.04,221.25,51.35,3.01,80801.9,0,0.00,0.00,3
36683,-0.001,-0.001,-4.234,0.001,0.000,-3.725,0.000,-0.000,0.000,0.9959,-0.0168,-0.0201,-0.0864,569.13,221.95,51.27,3.01,80748.2,0,0.00,0.00,3
36703,-0.003,-0.001,-4.225,0.002,-0.001,-3.737,0.000,-0.000,0.000,0.9959,-0.0168,-0.0202,-0.0870,573.20,222.62,51.18,3.01,80718.1,0,0.00,0.00,3
36725,-0.001,-0.001,-4.216,0.001,-0.002,-3.748,0.000,-0.000,0.000,0.9958,-0.0168,-0.0202,-0.0877,577.26,223.28,51.09,3.01,80683.7,0,0.00,0.00,3
36743,0.001,0.001,-4.204,-0.000,0.001,-3.760,0.000,-0.000,0.000,0.9957,-0.0168,-0.0202,-0.0883,581.39,223.97,50.98,3.01,80635.0,0,0.00,0.00,3
36763,-0.000,0.001,-4.197,0.001,0.001,-3.771,0.000,-0.000,0.000,0.9957,-0.0168,-0.0202,-0.0890,585.56,224.69,50.91,3.01,80587.4,0,0.00,0.00,3
36783,0.001,0.001,-4.182,-0.000,0.002,-3.785,0.000,-0.000,0.000,0.9956,-0.0168,-0.0202,-0.0896,589.68,225.35,50.76,3.01,80564.3,0,0.00,0.00,3
36803,0.001,0.004,-4.172,-0.000,-0.001,-3.798,0.000,-0.000,0.000,0.9956,-0.0168,-0.0202,-0.0903,593.85,226.04,50.67,3.01,80517.0,0,0.00,0.00,3
36823,0.001,0.004,-4.154,-0.000,-0.002,-3.808,0.000,-0.000,0.000,0.9955,-0.0168,-0.0202,-0.0910,598.02,226.72,50.49,3.01,80480.5,0,0.00,0.00,3
36843,-0.000,0.003,-4.149,-0.000,0.001,-3.818,0.000,-0.000,0.000,0.9954,-0.0168,-0.0203,-0.0916,602.18,227.36,50.44,3.01,80450.2,0,0.00,0.00,3
36863,0.000,0.002,-4.133,0.001,0.000,-3.832,0.000,-0.000,0.000,0.9954,-0.0168,-0.0203,-0.0923,606.34,228.00,50.28,3.02,80410.9,0,0.00,0.00,3
36883,-0.000,0.004,-4.118,-0.000,0.002,-3.843,0.000,-0.000,0.000,0.9953,-0.0168,-0.0203,-0.0930,610.57,228.68,50.14,3.02,80361.0,0,0.00,0.00,3
36903,0.001,0.002,-4.109,-0.000,0.001,-3.857,0.000,-0.000,0.000,0.9953,-0.0167,-0.0203,-0.0936,614.77,229.33,50.05,3.02,80328.6,0,0.00,0.00,3
36923,-0.001,0.002,-4.096,-0.001,0.001,-3.867,0.000,-0.000,0.000,0.9952,-0.0167,-0.0203,-0.0943,618.99,229.98,49.92,3.02,80290.4,0,0.00,0.00,3
36943,-0.001,0.001,-4.095,-0.001,0.003,-3.880,0.000,-0.000,0.000,0.9951,-0.0167,-0.0203,-0.0950,623.25,230.65,49.91,3.02,80243.5,0,0.00,0.00,3
36963,0.000,-0.000,-4.088,-0.001,0.003,-3.889,0.000,-0.000,0.000,0.9951,-0.0167,-0.0204,-0.0957,627.53,231.33,49.84,3.02,80200.2,0,0.00,0.00,3
36983,-0.001,0.001,-4.086,-0.001,0.002,-3.901,0.000,-0.000,0.000,0.9950,-0.0167,-0.0204,-0.0963,631.82,232.01,49.83,3.02,80162.7,0,0.00,0.00,3
37003,-0.001,-0.001,-4.076,-0.000,0.003,-3.913,0.000,-0.000,0.000,0.9949,-0.0167,-0.0204,-0.0970,636.12,232.67,49.72,3.02,80125.1,0,0.00,0.00,3
37023,0.001,0.000,-4.072,-0.002,0.000,-3.922,0.000,-0.000,0.000,0.9949,-0.0167,-0.0204,-0.0977,640.39,233.30,49.68,3.02,80092.5,0,0.00,0.00,3
37043,0.001,-0.001,-4.064,-0.002,0.000,-3.937,0.000,-0.000,0.000,0.9948,-0.0167,-0.0204,-0.0984,644.71,233.96,49.60,3.02,80045.3,0,0.00,0.00,3
37063,-0.001,-0.000,-4.057,-0.002,0.000,-3.948,0.000,-0.000,0.000,0.9947,-0.0167,-0.0204,-0.0991,649.06,234.63,49.54,3.02,80001.8,0,0.00,0.00,3
37083,0.001,0.000,-4.051,0.001,0.001,-3.959,0.000,-0.000,0.000,0.9947,-0.0167,-0.0205,-0.0998,653.42,235.31,49.48,3.02,79959.4,0,0.00,0.00,3
37103,0.000,0.001,-4.041,-0.000,-0.002,-3.970,0.000,-0.000,0.000,0.9946,-0.0167,-0.0205,-0.1004,657.73,235.92,49.38,3.02,79936.2,0,0.00,0.00,3
37123,-0.003,0.000,-4.036,-0.001,0.000,-3.981,0.000,-0.000,0.000,0.9945,-0.0167,-0.0205,-0.1011,662.05,236.52,49.33,3.03,79898.6,0,0.00,0.00,3
37143,-0.000,-0.001,-4.024,-0.000,-0.001,-3.992,0.000,-0.000,0.000,0.9945,-0.0166,-0.0205,-0.1018,666.43,237.18,49.22,3.03,79841.9,0,0.00,0.00,3
37163,-0.000,-0.000,-4.018,0.001,-0.002,-4.004,0.000,-0.000,0.000,0.9944,-0.0166,-0.0205,-0.1025,670.77,237.77,49.15,3.03,79817.8,0,0.00,0.00,3
37183,-0.002,-0.001,-4.012,0.003,-0.002,-4.018,0.000,-0.000,0.000,0.9943,-0.0166,-0.0205,-0.1032,675.16,238.40,49.10,3.03,79767.0,0,0.00,0.00,3
37203,-0.001,-0.003,-4.000,0.003,-0.001,-4.028,0.000,-0.000,0.000,0.9942,-0.0166,-0.0205,-0.1039,679.51,238.98,48.97,3.03,79739.7,0,0.00,0.00,3
37223,-0.001,-0.002,-3.984,0.003,-0.001,-4.038,0.000,-0.000,0.000,0.9942,-0.0166,-0.0206,-0.1046,683.85,239.54,48.83,3.03,79705.4,0,0.00,0.00,3
37243,0.003,-0.002,-3.976,0.001,-0.002,-4.049,0.000,-0.000,0.000,0.9941,-0.0166,-0.0206,-0.1053,688.18,240.08,48.74,3.03,79668.5,0,0.00,0.00,3
37263,0.001,-0.004,-3.965,0.001,-0.002,-4.060,0.000,-0.000,0.000,0.9940,-0.0166,-0.0206,-0.1060,692.52,240.61,48.63,3.03,79629.8,0,0.00,0.00,3
37283,0.000,-0.002,-3.951,0.001,0.000,-4.073,0.000,-0.000,0.000,0.9939,-0.0166,-0.0206,-0.1067,696.90,241.17,48.49,3.03,79582.1,0,0.00,0.00,3
37303,0.005,-0.001,-3.939,-0.000,0.000,-4.082,0.000,-0.000,0.000,0.9939,-0.0166,-0.0206,-0.1074,701.25,241.69,48.38,3.03,79551.8,0,0.00,0.00,3
37323,0.002,-0.002,-3.927,-0.000,0.000,-4.093,0.000,-0.000,0.000,0.9938,-0.0166,-0.0206,-0.1081,705.58,242.18,48.26,3.03,79517.8,0,0.00,0.00,3
37345,-0.000,-0.002,-3.924,-0.001,-0.002,-4.104,0.000,-0.000,0.000,0.9937,-0.0166,-0.0207,-0.1089,710.00,242.74,48.23,3.03,79459.5,0,0.00,0.00,3
37363,0.003,-0.002,-3.908,-0.000,-0.002,-4.116,0.000,-0.000,0.000,0.9936,-0.0165,-0.0207,-0.1096,714.39,243.26,48.07,3.04,79427.4,0,0.00,0.00,3
37383,0.001,-0.003,-3.901,-0.002,-0.001,-4.128,0.000,-0.000,0.000,0.9935,-0.0165,-0.0207,-0.1103,718.78,243.77,48.01,3.04,79388.5,0,0.00,0.00,3
37403,-0.000,-0.006,-3.889,-0.000,-0.001,-4.137,0.000,-0.000,0.000,0.9935,-0.0165,-0.0207,-0.1110,723.17,244.27,47.89,3.04,79352.8,0,0.00,0.00,3
37423,-0.001,-0.005,-3.879,-0.002,-0.002,-4.148,0.000,-0.000,0.000,0.9934,-0.0165,-0.0207,-0.1117,727.55,244.74,47.79,3.04,79316.0,0,0.00,0.00,3
37443,-0.000,-0.006,-3.865,-0.000,-0.002,-4.160,0.000,-0.000,0.000,0.9933,-0.0165,-0.0208,-0.1124,731.96,245.24,47.65,3.04,79270.6,0,0.00,0.00,3
37463,-0.000,-0.006,-3.854,-0.001,0.000,-4.169,0.000,-0.000,0.000,0.9932,-0.0165,-0.0208,-0.1132,736.32,245.67,47.54,3.04,79244.0,0,0.00,0.00,3
37483,-0.000,-0.006,-3.844,-0.001,0.001,-4.180,0.000,-0.000,0.000,0.9931,-0.0165,-0.0208,-0.1139,740.72,246.13,47.45,3.04,79198.6,0,0.00,0.00,3
37503,0.003,-0.006,-3.832,0.002,0.000,-4.193,0.000,-0.000,0.000,0.9931,-0.0165,-0.0208,-0.1146,745.08,246.54,47.33,3.04,79168.5,0,0.00,0.00,3
37523,0.000,-0.006,-3.822,-0.001,0.000,-4.201,0.000,-0.000,0.000,0.9930,-0.0165,-0.0208,-0.1153,749.51,247.02,47.24,3.04,79111.7,0,0.00,0.00,3
37543,0.002,-0.005,-3.813,0.001,0.001,-4.212,0.000,-0.000,0.000,0.9929,-0.0165,-0.0208,-0.1161,753.95,247.49,47.15,3.04,79070.9,0,0.00,0.00,3
37563,0.002,-0.003,-3.807,0.003,0.000,-4.223,0.000,-0.000,0.000,0.9928,-0.0165,-0.0208,-0.1168,758.38,247.94,47.08,3.04,79034.9,0,0.00,0.00,3
37583,0.002,-0.002,-3.794,-0.000,-0.002,-4.233,0.000,-0.000,0.000,0.9927,-0.0164,-0.0209,-0.1175,762.87,248.43,46.96,3.04,78983.7,0,0.00,0.00,3
37603,0.003,-0.001,-3.784,-0.000,-0.002,-4.244,0.000,-0.000,0.000,0.9926,-0.0164,-0.0209,-0.1183,767.32,248.87,46.86,3.05,78952.0,0,0.00,0.00,3
37623,0.002,-0.002,-3.768,-0.001,0.000,-4.255,0.000,-0.000,0.000,0.9925,-0.0164,-0.0209,-0.1190,771.79,249.33,46.70,3.05,78909.8,0,0.00,0.00,3
37643,0.002,-0.002,-3.756,-0.000,-0.002,-4.264,0.000,-0.000,0.000,0.9924,-0.0164,-0.0209,-0.1198,776.22,249.73,46.59,3.05,78879.4,0,0.00,0.00,3
37663,0.003,-0.002,-3.740,-0.001,-0.002,-4.275,0.000,-0.000,0.000,0.9924,-0.0164,-0.0209,-0.1205,780.67,250.15,46.43,3.05,78836.5,0,0.00,0.00,3
37683,0.003,-0.000,-3.727,-0.001,-0.003,-4.287,0.000,-0.000,0.000,0.9923,-0.0164,-0.0210,-0.1212,785.15,250.57,46.30,3.05,78791.0,0,0.00,0.00,3
37703,0.005,0.000,-3.711,0.002,-0.001,-4.296,0.000,-0.000,0.000,0.9922,-0.0164,-0.0210,-0.1220,789.63,251.00,46.15,3.05,78749.0,0,0.00,0.00,3
37723,0.005,-0.004,-3.697,0.001,-0.001,-4.307,0.000,-0.000,0.000,0.9921,-0.0164,-0.0210,-0.1227,794.16,251.46,46.01,3.05,78699.5,0,0.00,0.00,3
37743,0.005,-0.002,-3.686,-0.001,-0.001,-4.315,0.000,-0.000,0.000,0.9920,-0.0164,-0.0210,-0.1235,798.67,251.88,45.90,3.05,78665.3,0,0.00,0.00,3
37763,0.007,0.000,-3.671,-0.001,-0.002,-4.326,0.000,-0.000,0.000,0.9919,-0.0164,-0.0210,-0.1242,803.11,252.23,45.76,3.05,78644.2,0,0.00,0.00,3
37783,0.009,-0.001,-3.651,0.001,0.001,-4.336,0.000,-0.000,0.000,0.9918,-0.0163,-0.0210,-0.1250,807.60,252.62,45.55,3.05,78591.4,0,0.00,0.00,3
37803,0.009,-0.000,-3.629,-0.000,-0.001,-4.345,0.000,-0.000,0.000,0.9917,-0.0163,-0.0211,-0.1257,812.14,253.04,45.34,3.05,78540.2,0,0.00,0.00,3
37823,0.007,0.000,-3.619,-0.000,-0.004,-4.356,0.000,-0.000,0.000,0.9916,-0.0163,-0.0211,-0.1265,816.68,253.45,45.24,3.05,78499.7,0,0.00,0.00,3
37843,0.008,-0.001,-3.597,-0.000,0.002,-4.365,0.000,-0.000,0.000,0.9915,-0.0163,-0.0211,-0.1272,821.21,253.84,45.03,3.06,78465.0,0,0.00,0.00,3
37863,0.005,0.000,-3.583,0.001,0.000,-4.377,0.000,-0.000,0.000,0.9914,-0.0163,-0.0211,-0.1280,825.73,254.21,44.89,3.06,78424.6,0,0.00,0.00,3
37883,0.005,0.000,-3.566,-0.001,0.000,-4.385,0.000,-0.000,0.000,0.9913,-0.0163,-0.0211,-0.1288,830.29,254.61,44.72,3.06,78376.5,0,0.00,0.00,3
37903,0.005,-0.001,-3.528,-0.000,-0.002,-4.395,0.000,-0.000,0.000,0.9912,-0.0163,-0.0211,-0.1295,834.87,255.01,44.36,3.06,78333.6,0,0.00,0.00,3
37923,0.005,-0.001,-3.495,-0.002,-0.001,-4.403,0.000,-0.000,0.000,0.9911,-0.0163,-0.0212,-0.1303,839.44,255.39,44.03,3.06,78293.9,0,0.00,0.00,3
37945,0.006,0.000,-3.464,0.001,-0.001,-4.412,0.000,-0.000,0.000,0.9910,-0.0163,-0.0212,-0.1310,843.97,255.72,43.73,3.06,78263.4,0,0.00,0.00,3
37963,0.006,-0.003,-3.426,-0.001,-0.002,-4.421,0.000,-0.000,0.000,0.9909,-0.0162,-0.0212,-0.1318,848.57,256.10,43.36,3.06,78208.3,0,0.00,0.00,3
37983,0.006,-0.001,-3.396,0.001,0.000,-4.433,0.000,-0.000,0.000,0.9908,-0.0162,-0.0212,-0.1326,853.20,256.50,43.06,3.06,78159.5,0,0.00,0.00,3
38003,0.005,0.001,-3.354,-0.000,0.000,-4.441,0.000,-0.000,0.000,0.9907,-0.0162,-0.0212,-0.1333,857.83,256.88,42.64,3.06,78118.9,0,0.00,0.00,3
38023,0.003,0.002,-3.329,-0.000,-0.002,-4.452,0.000,-0.000,0.000,0.9906,-0.0162,-0.0212,-0.1341,862.40,257.19,42.40,3.06,78094.7,0,0.00,0.00,3
38043,0.003,0.003,-3.267,-0.000,0.000,-4.458,0.000,-0.000,0.000,0.9905,-0.0162,-0.0213,-0.1349,866.99,257.50,41.79,3.06,78047.2,0,0.00,0.00,3
38063,0.002,0.004,-3.196,-0.000,0.000,-4.469,0.000,-0.000,0.000,0.9904,-0.0162,-0.0213,-0.1356,871.63,257.84,41.11,3.06,77997.6,0,0.00,0.00,3
38083,0.005,0.003,-3.135,-0.000,0.000,-4.475,0.000,-0.000,0.000,0.9903,-0.0162,-0.0213,-0.1364,876.18,258.08,40.50,3.07,77976.3,0,0.00,0.00,3
38103,0.003,0.003,-3.072,-0.002,-0.001,-4.484,0.000,-0.000,0.000,0.9902,-0.0162,-0.0213,-0.1372,880.82,258.39,39.89,3.07,77914.7,0,0.00,0.00,3
38123,0.001,0.001,-3.012,0.001,-0.002,-4.490,0.000,-0.000,0.000,0.9901,-0.0162,-0.0213,-0.1380,885.43,258.64,39.30,3.07,77882.2,0,0.00,0.00,3
38143,0.002,0.003,-2.951,-0.001,0.000,-4.500,0.000,-0.000,0.000,0.9900,-0.0162,-0.0213,-0.1388,890.09,258.94,38.71,3.07,77827.7,0,0.00,0.00,3
38163,-0.000,0.004,-2.883,-0.000,-0.004,-4.507,0.000,-0.000,0.000,0.9899,-0.0161,-0.0214,-0.1395,894.70,259.16,38.04,3.07,77800.6,0,0.00,0.00,3
38183,0.003,0.003,-2.783,-0.000,-0.002,-4.511,0.000,-0.000,0.000,0.9897,-0.0161,-0.0214,-0.1403,899.37,259.41,37.06,3.07,77744.5,0,0.00,0.00,3
38203,0.002,0.002,-2.679,-0.000,0.000,-4.522,0.000,-0.000,0.000,0.9896,-0.0161,-0.0214,-0.1411,904.02,259.63,36.04,3.07,77707.5,0,0.00,0.00,3
38223,0.002,0.003,-2.570,-0.000,-0.003,-4.526,0.000,-0.000,0.000,0.9895,-0.0161,-0.0214,-0.1419,908.70,259.84,34.98,3.07,77658.9,0,0.00,0.00,3
38243,0.002,0.002,-2.469,-0.002,0.000,-4.533,0.000,-0.000,0.000,0.9894,-0.0161,-0.0214,-0.1427,913.38,260.04,33.98,3.07,77617.6,0,0.00,0.00,3
38263,0.000,0.003,-2.361,-0.001,-0.001,-4.539,0.000,-0.000,0.000,0.9893,-0.0161,-0.0215,-0.1434,918.06,260.20,32.93,3.07,77577.1,0,0.00,0.00,3
38283,-0.001,0.003,-2.262,0.001,0.000,-4.547,0.000,-0.000,0.000,0.9892,-0.0161,-0.0215,-0.1442,922.74,260.35,31.96,3.07,77534.2,0,0.00,0.00,3
38303,-0.000,0.003,-2.151,-0.001,-0.002,-4.550,0.000,-0.000,0.000,0.9891,-0.0161,-0.0215,-0.1450,927.43,260.48,30.87,3.07,77489.3,0,0.00,0.00,3
38323,0.001,0.002,-2.075,-0.002,0.000,-4.554,0.000,-0.000,0.000,0.9890,-0.0161,-0.0215,-0.1458,932.14,260.61,30.13,3.08,77444.8,0,0.00,0.00,3
38343,0.004,-0.000,-2.005,-0.000,-0.002,-4.558,0.000,-0.000,0.000,0.9888,-0.0160,-0.0215,-0.1466,936.82,260.70,29.44,3.08,77408.3,0,0.00,0.00,3
38363,-0.003,0.001,-1.927,-0.002,-0.002,-4.563,0.000,-0.000,0.000,0.9887,-0.0160,-0.0215,-0.1474,941.52,260.79,28.68,3.08,77362.1,0,0.00,0.00,3
38383,-0.002,0.001,-1.857,-0.000,-0.001,-4.566,0.000,-0.000,0.000,0.9886,-0.0160,-0.0216,-0.1482,946.21,260.86,28.00,3.08,77320.2,0,0.00,0.00,3
38403,-0.001,0.001,-1.783,-0.000,-0.001,-4.570,0.000,-0.000,0.000,0.9885,-0.0160,-0.0216,-0.1489,950.94,260.94,27.26,3.08,77271.2,0,0.00,0.00,3
38423,-0.002,0.002,-1.707,-0.002,-0.002,-4.571,0.000,-0.000,0.000,0.9884,-0.0160,-0.0216,-0.1497,955.66,261.00,26.52,3.08,77231.4,0,0.00,0.00,3
38443,-0.002,0.001,-1.635,-0.000,-0.002,-4.575,0.000,-0.000,0.000,0.9882,-0.0160,-0.0216,-0.1505,960.39,261.06,25.82,3.08,77183.5,0,0.00,0.00,3
38463,-0.001,-0.001,-1.587,-0.000,-0.002,-4.579,0.000,-0.000,0.000,0.9881,-0.0160,-0.0216,-0.1513,965.13,261.11,25.35,3.08,77141.4,0,0.00,0.00,3
38483,-0.001,-0.000,-1.539,-0.001,-0.002,-4.581,0.000,-0.000,0.000,0.9880,-0.0160,-0.0216,-0.1521,969.86,261.15,24.87,3.08,77100.2,0,0.00,0.00,3
38503,-0.000,0.001,-1.491,-0.000,-0.002,-4.583,0.000,-0.000,0.000,0.9879,-0.0160,-0.0217,-0.1529,974.62,261.20,24.41,3.08,77051.5,0,0.00,0.00,3
38523,-0.001,0.001,-1.439,0.001,-0.002,-4.585,0.000,-0.000,0.000,0.9878,-0.0159,-0.0217,-0.1537,979.41,261.28,23.90,3.08,76998.4,0,0.00,0.00,3
38543,-0.000,0.000,-1.395,-0.000,-0.003,-4.587,0.000,-0.000,0.000,0.9876,-0.0159,-0.0217,-0.1545,984.14,261.27,23.46,3.08,76973.8,0,0.00,0.00,3
38565,-0.003,-0.001,-1.345,-0.000,-0.002,-4.588,0.000,-0.000,0.000,0.9875,-0.0159,-0.0217,-0.1553,988.88,261.28,22.98,3.09,76927.5,0,0.00,0.00,3
38583,-0.002,-0.003,-1.301,-0.000,-0.001,-4.590,0.000,-0.000,0.000,0.9874,-0.0159,-0.0217,-0.1561,993.65,261.30,22.55,3.09,76876.3,0,0.00,0.00,3
38603,-0.001,-0.000,-1.252,-0.002,0.001,-4.590,0.000,-0.000,0.000,0.9873,-0.0159,-0.0217,-0.1568,998.42,261.31,22.07,3.09,76835.4,0,0.00,0.00,3
38623,-0.000,-0.002,-1.209,-0.000,-0.002,-4.591,0.000,-0.000,0.000,0.9871,-0.0159,-0.0218,-0.1576,1003.17,261.30,21.65,3.09,76795.2,0,0.00,0.00,3
38643,0.000,-0.002,-1.162,-0.000,-0.002,-4.591,0.000,-0.000,0.000,0.9870,-0.0159,-0.0218,-0.1584,1007.92,261.28,21.18,3.09,76753.0,0,0.00,0.00,3
38663,-0.000,-0.003,-1.121,-0.000,-0.001,-4.593,0.000,-0.000,0.000,0.9869,-0.0159,-0.0218,-0.1592,1012.67,261.25,20.78,3.09,76711.2,0,0.00,0.00,3
38683,-0.004,-0.003,-1.076,0.001,-0.003,-4.593,0.000,-0.000,0.000,0.9867,-0.0158,-0.0218,-0.1600,1017.47,261.25,20.34,3.09,76657.3,0,0.00,0.00,3
38703,-0.002,-0.002,-1.029,0.002,-0.001,-4.598,0.000,-0.000,0.000,0.9866,-0.0158,-0.0218,-0.1608,1022.19,261.17,19.88,3.09,76631.8,0,0.00,0.00,3
38723,0.000,-0.001,-0.985,-0.000,0.000,-4.594,0.000,-0.000,0.000,0.9865,-0.0158,-0.0219,-0.1616,1026.92,261.11,19.45,3.09,76585.6,0,0.00,0.00,3
38743,-0.002,-0.003,-0.951,-0.001,0.001,-4.594,0.000,-0.000,0.000,0.9864,-0.0158,-0.0219,-0.1624,1031.67,261.04,19.12,3.09,76540.0,0,0.00,0.00,3
38763,-0.001,-0.003,-0.919,-0.000,0.002,-4.593,0.000,-0.000,0.000,0.9862,-0.0158,-0.0219,-0.1632,1036.45,261.00,18.81,3.09,76489.3,0,0.00,0.00,3
38783,0.001,-0.001,-0.890,0.001,-0.002,-4.596,0.000,-0.000,0.000,0.9861,-0.0158,-0.0219,-0.1640,1041.23,260.97,18.52,3.09,76445.1,0,0.00,0.00,3
38803,0.000,-0.004,-0.854,0.002,0.000,-4.593,0.000,-0.000,0.000,0.9860,-0.0158,-0.0219,-0.1648,1045.99,260.89,18.17,3.10,76409.4,0,0.00,0.00,3
38823,0.002,-0.004,-0.820,0.001,-0.001,-4.593,0.000,-0.000,0.000,0.9858,-0.0158,-0.0219,-0.1655,1050.74,260.81,17.84,3.10,76366.4,0,0.00,0.00,3
38843,0.000,-0.003,-0.790,0.001,0.001,-4.593,0.000,-0.000,0.000,0.9857,-0.0158,-0.0220,-0.1663,1055.51,260.74,17.54,3.10,76320.3,0,0.00,0.00,3
38863,0.002,-0.003,-0.757,-0.000,-0.001,-4.592,0.000,-0.000,0.000,0.9856,-0.0157,-0.0220,-0.1671,1060.27,260.67,17.22,3.10,76277.6,0,0.00,0.00,3
38883,0.001,-0.005,-0.734,-0.001,-0.001,-4.590,0.000,-0.000,0.000,0.9854,-0.0157,-0.0220,-0.1679,1065.06,260.60,17.00,3.10,76229.9,0,0.00,0.00,3
38903,0.005,-0.004,-0.715,-0.000,0.000,-4.590,0.000,-0.000,0.000,0.9853,-0.0157,-0.0220,-0.1687,1069.82,260.52,16.81,3.10,76191.2,0,0.00,0.00,3
38923,0.004,-0.002,-0.702,0.001,-0.001,-4.590,0.000,-0.000,0.000,0.9852,-0.0157,-0.0220,-0.1695,1074.64,260.49,16.68,3.10,76136.5,0,0.00,0.00,3
38943,0.001,-0.005,-0.683,0.001,-0.002,-4.587,0.000,-0.000,0.000,0.9850,-0.0157,-0.0220,-0.1703,1079.41,260.40,16.49,3.10,76104.3,0,0.00,0.00,3
38963,0.004,-0.005,-0.664,0.001,-0.001,-4.586,0.000,-0.000,0.000,0.9849,-0.0157,-0.0221,-0.1711,1084.19,260.33,16.31,3.10,76058.2,0,0.00,0.00,3
38983,0.002,-0.003,-0.646,0.001,0.000,-4.586,0.000,-0.000,0.000,0.9847,-0.0157,-0.0221,-0.1719,1089.00,260.28,16.13,3.10,76009.6,0,0.00,0.00,3
39003,0.005,-0.003,-0.628,-0.000,-0.001,-4.585,0.000,-0.000,0.000,0.9846,-0.0157,-0.0221,-0.1727,1093.76,260.18,15.96,3.10,75977.9,0,0.00,0.00,3
39023,0.003,-0.003,-0.611,-0.000,0.000,-4.583,0.000,-0.000,0.000,0.9845,-0.0156,-0.0221,-0.1734,1098.53,260.09,15.79,3.10,75932.5,0,0.00,0.00,3
39043,0.002,-0.006,-0.596,-0.000,0.001,-4.582,0.000,-0.000,0.000,0.9843,-0.0156,-0.0221,-0.1742,1103.32,260.02,15.64,3.10,75884.2,0,0.00,0.00,3
39063,0.001,-0.002,-0.582,-0.000,-0.001,-4.582,0.000,-0.000,0.000,0.9842,-0.0156,-0.0221,-0.1750,1108.08,259.91,15.50,3.11,75849.1,0,0.00,0.00,3
39083,0.004,-0.003,-0.567,-0.000,-0.001,-4.582,0.000,-0.000,0.000,0.9841,-0.0156,-0.0222,-0.1758,1112.87,259.84,15.36,3.11,75797.3,0,0.00,0.00,3
39103,0.004,-0.001,-0.553,-0.000,-0.001,-4.577,0.000,-0.000,0.000,0.9839,-0.0156,-0.0222,-0.1766,1117.68,259.78,15.22,3.11,75752.0,0,0.00,0.00,3
39123,0.004,-0.002,-0.543,0.001,-0.001,-4.575,0.000,-0.000,0.000,0.9838,-0.0156,-0.0222,-0.1774,1122.48,259.72,15.13,3.11,75708.8,0,0.00,0.00,3
39143,0.005,-0.002,-0.522,-0.000,0.000,-4.575,0.000,-0.000,0.000,0.9836,-0.0156,-0.0222,-0.1782,1127.28,259.64,14.92,3.11,75667.2,0,0.00,0.00,3
39163,0.006,-0.003,-0.509,-0.001,-0.003,-4.574,0.000,-0.000,0.000,0.9835,-0.0156,-0.0222,-0.1789,1132.10,259.59,14.79,3.11,75620.3,0,0.00,0.00,3
39185,0.007,-0.001,-0.495,0.002,-0.001,-4.570,0.000,-0.000,0.000,0.9833,-0.0156,-0.0222,-0.1797,1136.89,259.50,14.65,3.11,75584.2,0,0.00,0.00,3
39203,0.007,-0.001,-0.483,-0.001,0.000,-4.570,0.000,-0.000,0.000,0.9832,-0.0155,-0.0223,-0.1805,1141.69,259.43,14.53,3.11,75537.0,0,0.00,0.00,3
39223,0.004,-0.002,-0.470,-0.002,-0.001,-4.569,0.000,-0.000,0.000,0.9831,-0.0155,-0.0223,-0.1813,1146.45,259.31,14.40,3.11,75506.7,0,0.00,0.00,3
39243,0.004,0.000,-0.454,-0.001,-0.001,-4.567,0.000,-0.000,0.000,0.9829,-0.0155,-0.0223,-0.1821,1151.24,259.23,14.25,3.11,75453.0,0,0.00,0.00,3
39263,0.007,0.000,-0.442,-0.001,-0.001,-4.565,0.000,-0.000,0.000,0.9828,-0.0155,-0.0223,-0.1829,1156.04,259.15,14.13,3.11,75409.6,0,0.00,0.00,3
39283,0.004,0.002,-0.423,-0.000,0.000,-4.561,0.000,-0.000,0.000,0.9826,-0.0155,-0.0223,-0.1836,1160.85,259.08,13.95,3.11,75365.6,0,0.00,0.00,3
39303,0.004,0.001,-0.417,0.001,-0.001,-4.559,0.000,-0.000,0.000,0.9825,-0.0155,-0.0223,-0.1844,1165.62,258.97,13.89,3.12,75330.4,0,0.00,0.00,3
39323,0.005,0.002,-0.403,-0.000,-0.001,-4.556,0.000,-0.000,0.000,0.9823,-0.0155,-0.0224,-0.1852,1170.42,258.89,13.75,3.12,75281.9,0,0.00,0.00,3
39343,0.004,0.001,-0.392,-0.001,0.000,-4.555,0.000,-0.000,0.000,0.9822,-0.0155,-0.0224,-0.1860,1175.20,258.79,13.64,3.12,75242.4,0,0.00,0.00,3
39363,0.003,0.000,-0.383,-0.000,0.001,-4.553,0.000,-0.000,0.000,0.9820,-0.0154,-0.0224,-0.1868,1179.99,258.70,13.55,3.12,75197.1,0,0.00,0.00,3
39383,0.003,0.001,-0.375,-0.000,-0.001,-4.551,0.000,-0.000,0.000,0.9819,-0.0154,-0.0224,-0.1875,1184.81,258.64,13.47,3.12,75149.0,0,0.00,0.00,3
39403,0.003,0.002,-0.362,-0.000,0.000,-4.551,0.000,-0.000,0.000,0.9817,-0.0154,-0.0224,-0.1883,1189.63,258.58,13.35,3.12,75104.5,0,0.00,0.00,3
39423,0.005,0.002,-0.351,-0.000,0.000,-4.545,0.000,-0.000,0.000,0.9816,-0.0154,-0.0224,-0.1891,1194.46,258.52,13.24,3.12,75059.0,0,0.00,0.00,3
39443,0.003,0.001,-0.342,-0.000,-0.001,-4.544,0.000,-0.000,0.000,0.9814,-0.0154,-0.0225,-0.1899,1199.28,258.45,13.15,3.12,75020.8,0,0.00,0.00,3
39463,0.003,0.002,-0.326,-0.000,-0.001,-4.540,0.000,-0.000,0.000,0.9813,-0.0154,-0.0225,-0.1907,1204.11,258.40,13.00,3.12,74973.1,0,0.00,0.00,3
39483,0.001,0.002,-0.323,-0.000,-0.003,-4.540,0.000,-0.000,0.000,0.9811,-0.0154,-0.0225,-0.1914,1208.92,258.32,12.97,3.12,74936.8,0,0.00,0.00,3
39503,0.004,0.004,-0.312,-0.000,0.000,-4.536,0.000,-0.000,0.000,0.9810,-0.0154,-0.0225,-0.1922,1213.70,258.21,12.86,3.12,74901.1,0,0.00,0.00,3
39523,0.000,0.002,-0.303,-0.000,-0.001,-4.535,0.000,-0.000,0.000,0.9808,-0.0154,-0.0225,-0.1930,1218.47,258.10,12.78,3.12,74860.0,0,0.00,0.00,3
39543,-0.000,0.003,-0.292,-0.000,-0.002,-4.533,0.000,-0.000,0.000,0.9807,-0.0153,-0.0225,-0.1938,1223.28,258.03,12.67,3.12,74806.9,0,0.00,0.00,3
39563,0.003,0.004,16.000,-0.001,-0.001,-4.460,0.000,-0.000,0.000,0.9805,-0.0153,-0.0226,-0.1945,1228.12,254.81,-146.87,3.13,74752.3,0,0.00,0.00,3
39583,0.003,0.001,-0.267,-0.001,-0.002,-4.526,0.000,-0.000,0.000,0.9804,-0.0153,-0.0226,-0.1953,1232.90,254.76,12.42,3.13,74715.2,0,0.00,0.00,3
39603,0.001,0.005,-0.249,-0.000,-0.002,-4.524,0.000,-0.000,0.000,0.9802,-0.0153,-0.0226,-0.1961,1237.62,254.66,12.25,3.13,74686.9,0,0.00,0.00,3
39623,-0.001,0.001,-0.238,-0.002,-0.003,-4.519,0.000,-0.000,0.000,0.9801,-0.0153,-0.0226,-0.1969,1242.37,254.58,12.14,3.13,74637.9,0,0.00,0.00,3
39643,0.004,0.002,-0.224,-0.001,0.000,-4.518,0.000,-0.000,0.000,0.9799,-0.0153,-0.0226,-0.1976,1247.14,254.52,12.00,3.13,74591.0,0,0.00,0.00,3
39663,-0.000,0.002,-0.209,-0.002,0.000,-4.516,0.000,-0.000,0.000,0.9797,-0.0153,-0.0226,-0.1984,1251.95,254.49,11.85,3.13,74539.8,0,0.00,0.00,3
39683,-0.001,0.002,-0.191,-0.001,-0.001,-4.514,0.000,-0.000,0.000,0.9796,-0.0153,-0.0227,-0.1992,1256.66,254.37,11.68,3.13,74520.2,0,0.00,0.00,3
39703,-0.001,0.001,-0.179,-0.000,-0.001,-4.509,0.000,-0.000,0.000,0.9794,-0.0153,-0.0227,-0.1999,1261.43,254.31,11.56,3.13,74464.5,0,0.00,0.00,3
39723,0.000,-0.000,-0.167,-0.000,0.000,-4.506,0.000,-0.000,0.000,0.9793,-0.0152,-0.0227,-0.2007,1266.15,254.19,11.45,3.13,74436.0,0,0.00,0.00,3
39743,0.001,0.000,-0.159,-0.001,-0.002,-4.503,0.000,-0.000,0.000,0.9791,-0.0152,-0.0227,-0.2015,1270.92,254.13,11.36,3.13,74379.4,0,0.00,0.00,3
39763,-0.000,0.004,-0.147,0.001,0.000,-4.501,0.000,-0.000,0.000,0.9790,-0.0152,-0.0227,-0.2023,1275.69,254.06,11.25,3.13,74337.9,0,0.00,0.00,4
39783,0.000,0.000,-0.144,-0.000,0.001,-4.498,0.000,-0.000,0.000,0.9788,-0.0152,-0.0227,-0.2030,1280.50,254.03,11.22,3.13,74288.0,0,0.00,0.00,4
39805,-0.000,-0.000,-0.132,0.001,-0.003,-4.494,0.000,-0.000,0.000,0.9786,-0.0152,-0.0227,-0.2038,1285.22,253.91,11.10,3.14,74265.6,0,0.00,0.00,4
39823,-0.001,0.002,-0.125,-0.001,-0.002,-4.491,0.000,-0.000,0.000,0.9785,-0.0152,-0.0228,-0.2046,1289.98,253.83,11.03,3.14,74216.3,0,0.00,0.00,4
39843,-0.001,0.000,-0.114,-0.001,-0.002,-4.489,0.000,-0.000,0.000,0.9783,-0.0152,-0.0228,-0.2053,1294.74,253.76,10.92,3.14,74172.0,0,0.00,0.00,4
39863,-0.000,0.001,-0.103,0.001,-0.003,-4.486,0.000,-0.000,0.000,0.9782,-0.0152,-0.0228,-0.2061,1299.51,253.69,10.82,3.14,74127.7,0,0.00,0.00,4
39883,-0.002,0.000,-0.094,-0.000,0.001,-4.482,0.000,-0.000,0.000,0.9780,-0.0151,-0.0228,-0.2069,1304.36,253.69,10.73,3.14,74067.8,0,0.00,0.00,4
39903,-0.001,-0.002,-0.082,0.001,-0.001,-4.477,0.000,-0.000,0.000,0.9778,-0.0151,-0.0228,-0.2076,1309.17,253.66,10.61,3.14,74034.1,0,0.00,0.00,4
39923,-0.002,-0.000,-0.069,0.001,-0.001,-4.474,0.000,-0.000,0.000,0.9777,-0.0151,-0.0228,-0.2084,1313.97,253.61,10.48,3.14,73995.2,0,0.00,0.00,4
39943,-0.003,-0.001,-0.061,-0.001,-0.002,-4.470,0.000,-0.000,0.000,0.9775,-0.0151,-0.0229,-0.2091,1318.73,253.53,10.40,3.14,73961.1,0,0.00,0.00,4
39963,-0.002,0.000,-0.050,-0.001,-0.001,-4.469,0.000,-0.000,0.000,0.9773,-0.0151,-0.0229,-0.2099,1323.47,253.42,10.30,3.14,73926.1,0,0.00,0.00,4
39983,-0.002,0.000,-0.036,-0.000,-0.001,-4.465,0.000,-0.000,0.000,0.9772,-0.0151,-0.0229,-0.2107,1328.32,253.42,10.16,3.14,73857.3,0,0.00,0.00,4
40003,-0.000,-0.002,-0.032,-0.000,-0.001,-4.461,0.000,-0.000,0.000,0.9770,-0.0151,-0.0229,-0.2114,1333.12,253.37,10.12,3.14,73827.5,0,0.00,0.00,4
40023,-0.002,-0.000,-0.021,-0.000,-0.003,-4.456,0.000,-0.000,0.000,0.9768,-0.0151,-0.0229,-0.2122,1337.88,253.28,10.02,3.14,73793.9,0,0.00,0.00,4
40043,-0.000,-0.002,-0.015,-0.000,0.000,-4.453,0.000,-0.000,0.000,0.9767,-0.0151,-0.0229,-0.2129,1342.69,253.24,9.95,3.14,73739.5,0,0.00,0.00,4
40063,-0.001,-0.005,-0.006,-0.001,0.000,-4.451,0.000,-0.000,0.000,0.9765,-0.0150,-0.0230,-0.2137,1347.50,253.20,9.87,3.15,73698.9,0,0.00,0.00,4
40083,-0.001,-0.001,0.001,-0.001,-0.001,-4.445,0.000,-0.000,0.000,0.9763,-0.0150,-0.0230,-0.2145,1352.23,253.08,9.79,3.15,73675.4,0,0.00,0.00,4
40103,-0.001,-0.004,0.006,-0.000,-0.001,-4.442,0.000,-0.000,0.000,0.9762,-0.0150,-0.0230,-0.2152,1357.04,253.04,9.74,3.15,73614.4,0,0.00,0.00,4
40123,0.001,-0.003,0.011,-0.001,0.000,-4.440,0.000,-0.000,0.000,0.9760,-0.0150,-0.0230,-0.2160,1361.81,252.96,9.70,3.15,73582.4,0,0.00,0.00,4
40143,0.003,-0.004,0.031,-0.000,-0.003,-4.436,0.000,-0.000,0.000,0.9758,-0.0150,-0.0230,-0.2167,1366.63,252.93,9.50,3.15,73527.7,0,0.00,0.00,4
40163,-0.001,-0.002,0.041,-0.001,-0.001,-4.433,0.000,-0.000,0.000,0.9757,-0.0150,-0.0230,-0.2175,1371.42,252.87,9.41,3.15,73493.3,0,0.00,0.00,4
40183,-0.000,-0.004,0.049,0.001,-0.001,-4.427,0.000,-0.000,0.000,0.9755,-0.0150,-0.0231,-0.2182,1376.25,252.84,9.32,3.15,73444.3,0,0.00,0.00,4
40203,-0.000,-0.004,0.062,-0.001,-0.003,-4.425,0.000,-0.000,0.000,0.9753,-0.0150,-0.0231,-0.2190,1381.04,252.78,9.20,3.15,73407.7,0,0.00,0.00,4
40223,-0.001,-0.003,0.073,0.001,-0.001,-4.420,0.000,-0.000,0.000,0.9752,-0.0149,-0.0231,-0.2197,1385.85,252.72,9.09,3.15,73365.3,0,0.00,0.00,4
40243,0.001,-0.003,0.081,-0.000,0.001,-4.416,0.000,-0.000,0.000,0.9750,-0.0149,-0.0231,-0.2205,1390.63,252.65,9.02,3.15,73327.0,0,0.00,0.00,4
40263,0.003,-0.003,0.094,-0.001,-0.001,-4.411,0.000,-0.000,0.000,0.9748,-0.0149,-0.0231,-0.2212,1395.42,252.58,8.89,3.15,73284.3,0,0.00,0.00,4
40283,0.003,-0.003,0.101,-0.001,0.000,-4.408,0.000,-0.000,0.000,0.9747,-0.0149,-0.0231,-0.2220,1400.24,252.54,8.81,3.15,73236.5,0,0.00,0.00,4
40303,0.002,-0.005,0.114,-0.000,-0.001,-4.404,0.000,-0.000,0.000,0.9745,-0.0149,-0.0231,-0.2227,1405.00,252.44,8.69,3.15,73206.7,0,0.00,0.00,4
40323,0.002,-0.002,0.123,-0.002,0.000,-4.398,0.000,-0.000,0.000,0.9743,-0.0149,-0.0232,-0.2235,1409.81,252.39,8.61,3.16,73155.2,0,0.00,0.00,4
40343,0.001,-0.002,0.131,-0.001,-0.001,-4.395,0.000,-0.000,0.000,0.9741,-0.0149,-0.0232,-0.2242,1414.55,252.27,8.52,3.16,73127.8,0,0.00,0.00,4
40363,0.002,-0.004,0.141,-0.001,-0.001,-4.392,0.000,-0.000,0.000,0.9740,-0.0149,-0.0232,-0.2250,1419.33,252.19,8.42,3.16,73078.7,0,0.00,0.00,4
40383,0.003,-0.003,0.156,-0.001,0.000,-4.388,0.000,-0.000,0.000,0.9738,-0.0149,-0.0232,-0.2257,1424.06,252.07,8.27,3.16,73047.0,0,0.00,0.00,4
40403,0.002,-0.003,0.163,-0.000,-0.001,-4.385,0.000,-0.000,0.000,0.9736,-0.0148,-0.0232,-0.2265,1428.82,251.97,8.21,3.16,73000.2,0,0.00,0.00,4
40426,0.002,-0.002,0.165,-0.000,0.000,-4.380,0.000,-0.000,0.000,0.9735,-0.0148,-0.0232,-0.2272,1433.60,251.88,8.19,3.16,72954.9,0,0.00,0.00,4
40443,0.002,-0.004,0.173,-0.000,-0.002,-4.375,0.000,-0.000,0.000,0.9733,-0.0148,-0.0233,-0.2280,1438.38,251.80,8.11,3.16,72911.7,0,0.00,0.00,4
40463,0.004,-0.003,0.174,0.001,-0.002,-4.370,0.000,-0.000,0.000,0.9731,-0.0148,-0.0233,-0.2287,1443.14,251.71,8.10,3.16,72873.6,0,0.00,0.00,4
40483,0.004,-0.003,0.179,-0.002,-0.001,-4.367,0.000,-0.000,0.000,0.9729,-0.0148,-0.0233,-0.2295,1447.95,251.66,8.05,3.16,72822.6,0,0.00,0.00,4
40503,0.003,-0.003,0.187,-0.001,-0.001,-4.362,0.000,-0.000,0.000,0.9728,-0.0148,-0.0233,-0.2302,1452.78,251.63,7.98,3.16,72776.2,0,0.00,0.00,4
40523,0.005,-0.001,0.190,-0.000,-0.001,-4.358,0.000,-0.000,0.000,0.9726,-0.0148,-0.0233,-0.2309,1457.49,251.49,7.94,3.16,72761.4,0,0.00,0.00,4
40543,0.004,-0.001,0.193,-0.000,-0.001,-4.353,0.000,-0.000,0.000,0.9724,-0.0148,-0.0233,-0.2317,1462.27,251.41,7.92,3.16,72703.2,0,0.00,0.00,4
40563,0.005,0.000,0.200,-0.001,-0.001,-4.349,0.000,-0.000,0.000,0.9722,-0.0148,-0.0233,-0.2324,1467.01,251.30,7.85,3.16,72672.3,0,0.00,0.00,4
40583,0.005,-0.001,0.207,-0.001,0.000,-4.345,0.000,-0.000,0.000,0.9720,-0.0147,-0.0234,-0.2331,1471.82,251.25,7.78,3.17,72614.4,0,0.00,0.00,4
40603,0.004,-0.000,0.213,-0.001,-0.002,-4.340,0.000,-0.000,0.000,0.9719,-0.0147,-0.0234,-0.2339,1476.59,251.17,7.72,3.17,72583.2,0,0.00,0.00,4
40623,0.005,-0.000,0.219,-0.000,0.000,-4.336,0.000,-0.000,0.000,0.9717,-0.0147,-0.0234,-0.2346,1481.37,251.10,7.66,3.17,72537.1,0,0.00,0.00,4
40643,0.003,-0.002,0.226,-0.000,-0.001,-4.330,0.000,-0.000,0.000,0.9715,-0.0147,-0.0234,-0.2354,1486.12,250.99,7.60,3.17,72506.2,0,0.00,0.00,4
40663,0.002,-0.003,0.237,-0.001,-0.001,-4.328,0.000,-0.000,0.000,0.9713,-0.0147,-0.0234,-0.2361,1490.95,250.96,7.48,3.17,72443.5,0,0.00,0.00,4
40683,0.004,0.003,0.242,-0.002,0.001,-4.322,0.000,-0.000,0.000,0.9712,-0.0147,-0.0234,-0.2368,1495.75,250.90,7.44,3.17,72410.2,0,0.00,0.00,4
40703,0.004,0.003,0.244,-0.002,-0.001,-4.318,0.000,-0.000,0.000,0.9710,-0.0147,-0.0235,-0.2376,1500.44,250.75,7.41,3.17,72393.9,0,0.00,0.00,4
40723,0.005,0.000,0.249,-0.000,-0.002,-4.312,0.000,-0.000,0.000,0.9708,-0.0147,-0.0235,-0.2383,1505.24,250.70,7.37,3.17,72326.2,0,0.00,0.00,4
40743,0.005,0.000,0.251,-0.001,-0.003,-4.309,0.000,-0.000,0.000,0.9706,-0.0146,-0.0235,-0.2390,1510.03,250.63,7.34,3.17,72289.9,0,0.00,0.00,4
40763,0.004,0.001,0.254,0.001,0.000,-4.303,0.000,-0.000,0.000,0.9704,-0.0146,-0.0235,-0.2397,1514.82,250.57,7.32,3.17,72245.8,0,0.00,0.00,4
40783,0.005,-0.000,0.256,-0.002,-0.001,-4.298,0.000,-0.000,0.000,0.9703,-0.0146,-0.0235,-0.2405,1519.55,250.45,7.29,3.17,72220.0,0,0.00,0.00,4
40803,0.004,0.001,0.260,-0.001,-0.001,-4.295,0.000,-0.000,0.000,0.9701,-0.0146,-0.0235,-0.2412,1524.30,250.36,7.26,3.17,72173.6,0,0.00,0.00,4
40823,0.006,0.002,0.265,0.001,-0.001,-4.290,0.000,-0.000,0.000,0.9699,-0.0146,-0.0235,-0.2419,1529.08,250.29,7.21,3.17,72126.2,0,0.00,0.00,4
40843,0.002,0.002,0.261,0.001,-0.002,-4.284,0.000,-0.000,0.000,0.9697,-0.0146,-0.0236,-0.2426,1533.85,250.21,7.25,3.18,72087.8,0,0.00,0.00,4
40863,0.001,0.001,0.265,-0.001,-0.001,-4.280,0.000,-0.000,0.000,0.9695,-0.0146,-0.0236,-0.2434,1538.60,250.12,7.21,3.18,72050.7,0,0.00,0.00,4
40883,0.003,0.001,0.262,0.001,0.000,-4.275,0.000,-0.000,0.000,0.9694,-0.0146,-0.0236,-0.2441,1543.35,250.03,7.24,3.18,72009.9,0,0.00,0.00,4
40903,0.003,0.003,0.264,-0.000,0.002,-4.271,0.000,-0.000,0.000,0.9692,-0.0146,-0.0236,-0.2448,1548.08,249.92,7.22,3.18,71974.2,0,0.00,0.00,4
40923,0.002,0.001,0.264,-0.001,-0.003,-4.267,0.000,-0.000,0.000,0.9690,-0.0145,-0.0236,-0.2455,1552.81,249.81,7.22,3.18,71931.7,0,0.00,0.00,4
40943,0.002,0.002,0.263,-0.001,-0.002,-4.260,0.000,-0.000,0.000,0.9688,-0.0145,-0.0236,-0.2463,1557.51,249.67,7.23,3.18,71901.1,0,0.00,0.00,4
40963,0.003,0.003,0.262,0.001,-0.002,-4.256,0.000,-0.000,0.000,0.9686,-0.0145,-0.0236,-0.2470,1562.26,249.59,7.24,3.18,71845.3,0,0.00,0.00,4
40983,0.001,0.002,0.265,-0.000,-0.002,-4.250,0.000,-0.000,0.000,0.9684,-0.0145,-0.0237,-0.2477,1566.97,249.47,7.21,3.18,71815.2,0,0.00,0.00,4
41003,0.004,0.002,0.268,-0.000,-0.003,-4.248,0.000,-0.000,0.000,0.9683,-0.0145,-0.0237,-0.2484,1571.74,249.41,7.18,3.18,71760.6,0,0.00,0.00,4
41023,0.004,0.002,0.273,-0.000,0.000,-4.243,0.000,-0.000,0.000,0.9681,-0.0145,-0.0237,-0.2491,1576.46,249.30,7.13,3.18,71731.0,0,0.00,0.00,4
41045,0.003,0.002,0.275,0.001,-0.001,-4.237,0.000,-0.000,0.000,0.9679,-0.0145,-0.0237,-0.2498,1581.18,249.19,7.11,3.18,71691.4,0,0.00,0.00,4
41063,0.002,0.001,0.278,-0.000,-0.001,-4.233,0.000,-0.000,0.000,0.9677,-0.0145,-0.0237,-0.2506,1585.89,249.08,7.08,3.18,71651.4,0,0.00,0.00,4
41083,-0.000,0.001,0.281,-0.000,-0.001,-4.229,0.000,-0.000,0.000,0.9675,-0.0145,-0.0237,-0.2513,1590.63,249.00,7.06,3.18,71605.1,0,0.00,0.00,4
41103,-0.000,0.000,0.283,-0.002,-0.001,-4.223,0.000,-0.000,0.000,0.9673,-0.0144,-0.0237,-0.2520,1595.36,248.91,7.03,3.19,71566.4,0,0.00,0.00,4
41124,-0.001,0.001,0.289,-0.000,-0.001,-4.220,0.000,-0.000,0.000,0.9671,-0.0144,-0.0238,-0.2527,1600.03,248.75,6.98,3.19,71540.3,0,0.00,0.00,4
41143,-0.001,0.001,0.291,-0.000,-0.002,-4.214,0.000,-0.000,0.000,0.9670,-0.0144,-0.0238,-0.2534,1604.74,248.65,6.96,3.19,71489.6,0,0.00,0.00,4
41163,-0.001,0.004,0.295,0.001,-0.001,-4.210,0.000,-0.000,0.000,0.9668,-0.0144,-0.0238,-0.2541,1609.52,248.61,6.92,3.19,71433.1,0,0.00,0.00,4
41183,-0.001,0.001,0.295,0.001,-0.003,-4.206,0.000,-0.000,0.000,0.9666,-0.0144,-0.0238,-0.2548,1614.21,248.48,6.92,3.19,71414.1,0,0.00,0.00,4
41203,-0.001,0.000,0.301,-0.000,-0.001,-4.199,0.000,-0.000,0.000,0.9664,-0.0144,-0.0238,-0.2555,1618.91,248.36,6.86,3.19,71372.0,0,0.00,0.00,4
41223,-0.000,0.001,0.301,-0.001,0.000,-4.197,0.000,-0.000,0.000,0.9662,-0.0144,-0.0238,-0.2563,1623.54,248.18,6.86,3.19,71346.9,0,0.00,0.00,4
41243,-0.001,0.001,0.311,0.001,-0.004,-4.191,0.000,-0.000,0.000,0.9660,-0.0144,-0.0239,-0.2570,1628.18,248.02,6.77,3.19,71303.8,0,0.00,0.00,4
41263,-0.000,0.002,0.308,-0.000,-0.003,-4.185,0.000,-0.000,0.000,0.9658,-0.0144,-0.0239,-0.2577,1632.87,247.90,6.80,3.19,71253.3,0,0.00,0.00,4
41283,-0.001,0.000,0.312,0.002,-0.003,-4.181,0.000,-0.000,0.000,0.9656,-0.0143,-0.0239,-0.2584,1637.51,247.74,6.75,3.19,71223.4,0,0.00,0.00,4
41303,-0.002,0.000,0.315,0.001,0.000,-4.176,0.000,-0.000,0.000,0.9655,-0.0143,-0.0239,-0.2591,1642.24,247.66,6.72,3.19,71164.2,0,0.00,0.00,4
41323,-0.001,0.000,0.316,0.001,0.000,-4.171,0.000,-0.000,0.000,0.9653,-0.0143,-0.0239,-0.2598,1646.92,247.54,6.71,3.19,71135.7,0,0.00,0.00,4
41343,-0.000,-0.001,0.323,-0.001,-0.001,-4.166,0.000,-0.000,0.000,0.9651,-0.0143,-0.0239,-0.2605,1651.61,247.43,6.64,3.19,71092.6,0,0.00,0.00,4
41363,-0.003,-0.001,0.325,-0.000,-0.002,-4.162,0.000,-0.000,0.000,0.9649,-0.0143,-0.0239,-0.2612,1656.29,247.31,6.63,3.20,71053.6,0,0.00,0.00,4
41383,-0.002,-0.001,0.332,-0.000,-0.001,-4.156,0.000,-0.000,0.000,0.9647,-0.0143,-0.0240,-0.2619,1660.99,247.21,6.56,3.20,71010.6,0,0.00,0.00,4
41403,0.001,-0.002,0.329,-0.001,-0.001,-4.153,0.000,-0.000,0.000,0.9645,-0.0143,-0.0240,-0.2626,1665.67,247.10,6.58,3.20,70973.9,0,0.00,0.00,4
41423,-0.000,0.000,0.333,-0.000,-0.002,-4.147,0.000,-0.000,0.000,0.9643,-0.0143,-0.0240,-0.2633,1670.31,246.95,6.54,3.20,70943.2,0,0.00,0.00,4
41443,-0.002,-0.001,0.334,-0.000,0.000,-4.142,0.000,-0.000,0.000,0.9641,-0.0143,-0.0240,-0.2640,1674.99,246.83,6.54,3.20,70895.2,0,0.00,0.00,4
41463,-0.002,-0.002,0.333,-0.000,0.000,-4.137,0.000,-0.000,0.000,0.9639,-0.0142,-0.0240,-0.2647,1679.64,246.70,6.54,3.20,70861.9,0,0.00,0.00,4
41483,-0.002,-0.003,0.337,0.002,0.000,-4.134,0.000,-0.000,0.000,0.9637,-0.0142,-0.0240,-0.2654,1684.26,246.53,6.51,3.20,70828.2,0,0.00,0.00,4
41503,-0.004,-0.000,0.342,0.001,0.000,-4.127,0.000,-0.000,0.000,0.9636,-0.0142,-0.0240,-0.2661,1688.97,246.46,6.46,3.20,70767.5,0,0.00,0.00,4
41523,-0.000,-0.002,0.340,0.001,-0.002,-4.123,0.000,-0.000,0.000,0.9634,-0.0142,-0.0240,-0.2668,1693.66,246.36,6.47,3.20,70734.4,0,0.00,0.00,4
41543,0.001,-0.001,0.348,0.001,0.000,-4.118,0.000,-0.000,0.000,0.9632,-0.0142,-0.0241,-0.2674,1698.30,246.23,6.40,3.20,70703.2,0,0.00,0.00,4
41563,-0.000,-0.003,0.351,-0.000,-0.002,-4.114,0.000,-0.000,0.000,0.9630,-0.0142,-0.0241,-0.2681,1702.96,246.10,6.37,3.20,70661.0,0,0.00,0.00,4
41583,0.001,-0.003,0.355,-0.000,0.000,-4.108,0.000,-0.000,0.000,0.9628,-0.0142,-0.0241,-0.2688,1707.60,245.97,6.33,3.20,70625.4,0,0.00,0.00,4
41603,-0.001,-0.004,0.362,0.001,-0.002,-4.102,0.000,-0.000,0.000,0.9626,-0.0142,-0.0241,-0.2695,1712.25,245.84,6.26,3.20,70582.6,0,0.00,0.00,4
41623,-0.001,-0.003,0.365,-0.000,-0.002,-4.096,0.000,-0.000,0.000,0.9624,-0.0142,-0.0241,-0.2702,1716.82,245.64,6.24,3.21,70563.0,0,0.00,0.00,4
41643,0.000,-0.003,0.370,-0.000,-0.002,-4.093,0.000,-0.000,0.000,0.9622,-0.0141,-0.0241,-0.2709,1721.45,245.50,6.19,3.21,70509.9,0,0.00,0.00,4
41665,0.001,-0.000,0.374,-0.000,-0.001,-4.086,0.000,-0.000,0.000,0.9620,-0.0141,-0.0241,-0.2716,1726.06,245.35,6.15,3.21,70472.5,0,0.00,0.00,4
41683,-0.001,-0.003,0.376,-0.001,-0.001,-4.081,0.000,-0.000,0.000,0.9618,-0.0141,-0.0242,-0.2723,1730.65,245.16,6.13,3.21,70441.6,0,0.00,0.00,4
41703,-0.001,-0.004,0.376,0.002,-0.001,-4.078,0.000,-0.000,0.000,0.9616,-0.0141,-0.0242,-0.2729,1735.23,244.99,6.13,3.21,70401.6,0,0.00,0.00,4
41723,-0.000,-0.005,0.375,-0.000,-0.001,-4.070,0.000,-0.000,0.000,0.9614,-0.0141,-0.0242,-0.2736,1739.80,244.80,6.13,3.21,70366.1,0,0.00,0.00,4
41743,0.003,-0.004,0.375,-0.002,0.000,-4.067,0.000,-0.000,0.000,0.9612,-0.0141,-0.0242,-0.2743,1744.39,244.64,6.13,3.21,70320.3,0,0.00,0.00,4
41763,0.002,-0.001,0.374,-0.000,0.000,-4.064,0.000,-0.000,0.000,0.9610,-0.0141,-0.0242,-0.2750,1749.05,244.54,6.14,3.21,70268.2,0,0.00,0.00,4
41783,0.003,-0.002,0.374,-0.000,-0.001,-4.057,0.000,-0.000,0.000,0.9608,-0.0141,-0.0242,-0.2757,1753.64,244.38,6.14,3.21,70243.5,0,0.00,0.00,4
41803,0.003,-0.002,0.373,0.001,0.001,-4.050,0.000,-0.000,0.000,0.9606,-0.0141,-0.0242,-0.2764,1758.23,244.23,6.16,3.21,70203.2,0,0.00,0.00,4
41823,0.004,-0.003,0.374,-0.000,-0.001,-4.047,0.000,-0.000,0.000,0.9605,-0.0140,-0.0243,-0.2770,1762.81,244.07,6.15,3.21,70167.7,0,0.00,0.00,4
41843,0.001,-0.004,0.371,-0.001,-0.003,-4.042,0.000,-0.000,0.000,0.9603,-0.0140,-0.0243,-0.2777,1767.36,243.89,6.17,3.21,70134.9,0,0.00,0.00,4
41863,-0.000,-0.003,0.374,-0.000,0.000,-4.037,0.000,-0.000,0.000,0.9601,-0.0140,-0.0243,-0.2784,1771.98,243.77,6.14,3.21,70080.8,0,0.00,0.00,4
41883,0.003,-0.002,0.369,-0.000,-0.003,-4.033,0.000,-0.000,0.000,0.9599,-0.0140,-0.0243,-0.2791,1776.53,243.59,6.20,3.21,70057.6,0,0.00,0.00,4
41903,0.003,-0.001,0.374,-0.000,-0.003,-4.028,0.000,-0.000,0.000,0.9597,-0.0140,-0.0243,-0.2797,1781.11,243.43,6.15,3.22,70012.8,0,0.00,0.00,4
41923,0.009,-0.001,0.369,-0.000,-0.001,-4.021,0.000,-0.000,0.000,0.9595,-0.0140,-0.0243,-0.2804,1785.67,243.28,6.19,3.22,69976.0,0,0.00,0.00,4
41943,0.010,0.005,0.372,0.001,0.001,-4.018,0.000,-0.000,0.000,0.9593,-0.0140,-0.0243,-0.2811,1790.23,243.11,6.16,3.22,69940.0,0,0.00,0.00,4
41963,0.014,0.005,0.371,-0.002,-0.001,-4.013,0.000,-0.000,0.000,0.9591,-0.0140,-0.0244,-0.2818,1794.75,242.92,6.17,3.22,69908.2,0,0.00,0.00,4
41983,0.015,0.009,0.371,-0.003,0.000,-4.009,0.000,-0.000,0.000,0.9589,-0.0140,-0.0244,-0.2824,1799.27,242.72,6.17,3.22,69871.0,0,0.00,0.00,4
42003,0.014,0.010,0.372,-0.005,0.003,-4.002,0.000,-0.000,0.000,0.9587,-0.0140,-0.0244,-0.2831,1803.72,242.47,6.16,3.22,69847.8,0,0.00,0.00,4
42023,0.012,0.009,0.376,-0.007,0.001,-3.997,0.000,-0.000,0.000,0.9585,-0.0139,-0.0244,-0.2838,1808.20,242.24,6.12,3.22,69803.4,0,0.00,0.00,4
42043,0.007,0.010,0.375,-0.010,0.000,-3.993,0.000,-0.000,0.000,0.9583,-0.0139,-0.0244,-0.2844,1812.66,242.00,6.14,3.22,69770.1,0,0.00,0.00,4
42063,0.006,0.007,0.376,-0.007,0.001,-3.987,0.000,-0.000,0.000,0.9581,-0.0139,-0.0244,-0.2851,1817.09,241.75,6.12,3.22,69737.6,0,0.00,0.00,4
42083,0.005,0.004,0.374,-0.011,-0.002,-3.981,0.000,-0.000,0.000,0.9579,-0.0139,-0.0244,-0.2858,1821.49,241.47,6.15,3.22,69705.8,0,0.00,0.00,4
42103,0.003,-0.002,0.378,-0.011,-0.001,-3.976,0.000,-0.000,0.000,0.9577,-0.0139,-0.0244,-0.2864,1825.90,241.19,6.10,3.22,69668.0,0,0.00,0.00,4
42123,0.007,-0.006,0.378,-0.009,-0.002,-3.970,0.000,-0.000,0.000,0.9575,-0.0139,-0.0245,-0.2871,1830.23,240.86,6.10,3.22,69645.8,0,0.00,0.00,4
42143,0.004,-0.008,0.383,-0.006,-0.002,-3.968,0.000,-0.000,0.000,0.9573,-0.0139,-0.0245,-0.2878,1834.58,240.54,6.05,3.22,69606.1,0,0.00,0.00,4
42163,0.010,-0.007,0.383,-0.006,-0.003,-3.961,0.000,-0.000,0.000,0.9571,-0.0139,-0.0245,-0.2884,1838.86,240.17,6.05,3.23,69583.2,0,0.00,0.00,4
42183,0.010,-0.007,0.382,-0.005,-0.004,-3.955,0.000,-0.000,0.000,0.9569,-0.0139,-0.0245,-0.2891,1843.22,239.87,6.06,3.23,69529.6,0,0.00,0.00,4
42203,0.012,-0.008,0.382,-0.003,-0.004,-3.950,0.000,-0.000,0.000,0.9567,-0.0139,-0.0245,-0.2897,1847.54,239.55,6.06,3.23,69498.2,0,0.00,0.00,4
42223,0.011,-0.005,0.385,-0.004,-0.004,-3.945,0.000,-0.000,0.000,0.9565,-0.0139,-0.0245,-0.2904,1851.81,239.18,6.03,3.23,69475.8,0,0.00,0.00,4
42243,0.007,-0.002,0.392,-0.003,-0.003,-3.940,0.000,-0.000,0.000,0.9563,-0.0138,-0.0245,-0.2911,1856.05,238.80,5.96,3.23,69441.9,0,0.00,0.00,4
42263,0.004,0.000,0.391,-0.002,-0.002,-3.934,0.000,-0.000,0.000,0.9561,-0.0138,-0.0245,-0.2917,1860.30,238.42,5.98,3.23,69405.8,0,0.00,0.00,4
42285,0.003,0.003,0.397,-0.004,-0.003,-3.931,0.000,-0.000,0.000,0.9559,-0.0138,-0.0246,-0.2924,1864.50,238.02,5.92,3.23,69378.6,0,0.00,0.00,4
42303,0.003,0.003,0.403,-0.003,-0.003,-3.925,0.000,-0.000,0.000,0.9557,-0.0138,-0.0246,-0.2930,1868.72,237.63,5.86,3.23,69338.1,0,0.00,0.00,4
42323,-0.002,0.002,0.405,-0.002,-0.004,-3.919,0.000,-0.000,0.000,0.9555,-0.0138,-0.0246,-0.2937,1872.88,237.20,5.84,3.23,69314.4,0,0.00,0.00,4
42343,-0.003,0.003,0.411,-0.003,-0.006,-3.916,0.000,-0.000,0.000,0.9553,-0.0138,-0.0246,-0.2943,1877.02,236.75,5.79,3.23,69283.4,0,0.00,0.00,4
42363,-0.005,0.002,0.412,-0.004,-0.006,-3.910,0.000,-0.000,0.000,0.9551,-0.0138,-0.0246,-0.2950,1881.22,236.36,5.77,3.23,69235.0,0,0.00,0.00,4
42383,-0.006,0.003,0.414,-0.003,-0.006,-3.904,0.000,-0.000,0.000,0.9549,-0.0138,-0.0246,-0.2956,1885.37,235.94,5.76,3.23,69206.4,0,0.00,0.00,4
42403,-0.003,0.001,0.418,-0.002,-0.010,-3.902,0.000,-0.000,0.000,0.9547,-0.0138,-0.0246,-0.2963,1889.45,235.46,5.72,3.24,69188.3,0,0.00,0.00,4
42423,-0.003,0.002,0.417,-0.002,-0.010,-3.896,0.000,-0.000,0.000,0.9545,-0.0138,-0.0247,-0.2969,1893.58,235.03,5.73,3.24,69141.9,0,0.00,0.00,4
42443,0.000,0.000,0.416,-0.002,-0.010,-3.889,0.000,-0.000,0.000,0.9543,-0.0137,-0.0247,-0.2976,1897.64,234.55,5.73,3.24,69120.0,0,0.00,0.00,4
42463,0.001,0.001,0.418,-0.001,-0.010,-3.884,0.000,-0.000,0.000,0.9541,-0.0137,-0.0247,-0.2982,1901.78,234.15,5.71,3.24,69067.7,0,0.00,0.00,5
42483,0.000,0.004,0.419,-0.000,-0.010,-3.878,0.000,-0.000,0.000,0.9539,-0.0137,-0.0247,-0.2989,1905.87,233.71,5.70,3.24,69042.7,100,1.00,0.43,5
42503,0.004,0.005,0.419,0.001,-0.011,-3.874,0.000,-0.000,0.000,0.9537,-0.0137,-0.0247,-0.2995,1909.99,233.31,5.70,3.24,69000.0,100,1.00,0.43,5
42523,0.004,0.007,0.426,-0.000,-0.010,-3.868,0.000,-0.000,0.000,0.9535,-0.0137,-0.0247,-0.3002,1913.97,232.78,5.64,3.24,68995.8,100,1.00,0.43,5
42543,0.003,0.005,0.427,0.003,-0.006,-3.865,0.000,-0.000,0.000,0.9533,-0.0137,-0.0247,-0.3008,1918.00,232.31,5.63,3.24,68950.2,100,1.00,0.43,5
42563,0.003,0.008,0.425,0.002,-0.009,-3.858,0.000,-0.000,0.000,0.9531,-0.0137,-0.0248,-0.3014,1922.03,231.85,5.65,3.24,68912.6,100,1.00,0.44,5
42583,-0.002,0.004,0.430,0.001,-0.005,-3.852,0.000,-0.000,0.000,0.9529,-0.0137,-0.0248,-0.3021,1926.03,231.37,5.60,3.24,68886.7,100,1.00,0.44,5
42603,0.002,0.003,0.432,0.004,-0.006,-3.847,0.000,-0.000,0.000,0.9527,-0.0137,-0.0248,-0.3027,1930.04,230.91,5.57,3.24,68847.2,100,1.00,0.44,5
42623,-0.001,0.003,0.436,0.002,-0.005,-3.840,0.000,-0.000,0.000,0.9525,-0.0137,-0.0248,-0.3034,1934.03,230.43,5.54,3.24,68819.8,100,1.00,0.44,5
42643,0.001,0.002,0.440,0.001,-0.005,-3.836,0.000,-0.000,0.000,0.9523,-0.0136,-0.0248,-0.3040,1938.07,230.01,5.49,3.25,68770.7,100,1.00,0.44,5
42663,-0.001,0.001,0.438,0.002,-0.004,-3.834,0.000,-0.000,0.000,0.9520,-0.0136,-0.0248,-0.3046,1942.02,229.51,5.52,3.25,68757.4,100,1.00,0.58,5
42683,-0.000,0.000,0.442,0.002,-0.002,-3.826,0.000,-0.000,0.000,0.9518,-0.0136,-0.0248,-0.3053,1945.99,229.05,5.48,3.25,68717.0,100,1.00,0.58,5
42703,-0.000,0.001,0.441,0.002,-0.006,-3.820,0.000,-0.000,0.000,0.9516,-0.0136,-0.0249,-0.3059,1949.93,228.56,5.49,3.25,68690.7,100,1.00,0.58,5
42723,0.001,-0.001,0.444,0.003,-0.004,-3.816,0.000,-0.000,0.000,0.9514,-0.0136,-0.0249,-0.3065,1953.84,228.05,5.46,3.25,68663.4,100,1.00,0.59,5
42743,-0.001,0.001,0.445,0.005,-0.002,-3.810,0.000,-0.000,0.000,0.9512,-0.0136,-0.0249,-0.3072,1957.81,227.61,5.45,3.25,68613.3,100,1.00,0.59,5
42763,0.001,-0.000,0.449,0.006,-0.003,-3.806,0.000,-0.000,0.000,0.9510,-0.0136,-0.0249,-0.3078,1961.72,227.12,5.41,3.25,68594.4,100,1.00,0.59,5
42783,0.001,0.000,0.447,0.005,-0.003,-3.800,0.000,-0.000,0.000,0.9508,-0.0136,-0.0249,-0.3084,1965.63,226.64,5.43,3.25,68559.0,100,1.00,0.59,5
42803,0.000,-0.001,0.443,0.007,-0.003,-3.793,0.000,-0.000,0.000,0.9506,-0.0136,-0.0249,-0.3091,1969.57,226.19,5.47,3.25,68519.5,100,1.00,0.59,5
42823,0.003,0.000,0.444,0.009,-0.004,-3.789,0.000,-0.000,0.000,0.9504,-0.0136,-0.0249,-0.3097,1973.44,225.69,5.45,3.25,68499.8,100,1.00,0.59,5
42843,-0.001,0.001,0.439,0.007,-0.002,-3.784,0.000,-0.000,0.000,0.9502,-0.0135,-0.0249,-0.3103,1977.31,225.20,5.51,3.25,68465.1,100,1.00,0.59,5
42863,-0.001,0.001,0.440,0.009,-0.003,-3.778,0.000,-0.000,0.000,0.9500,-0.0135,-0.0250,-0.3110,1981.28,224.82,5.50,3.25,68409.3,100,1.00,0.59,5
42883,-0.002,-0.001,0.438,0.007,0.000,-3.773,0.000,-0.000,0.000,0.9498,-0.0135,-0.0250,-0.3116,1985.15,224.35,5.51,3.25,68397.6,100,1.00,0.59,5
42905,-0.000,-0.002,0.436,0.007,0.000,-3.768,0.000,-0.000,0.000,0.9496,-0.0135,-0.0250,-0.3122,1988.98,223.84,5.54,3.25,68375.2,100,1.00,0.59,5
42923,-0.001,0.000,0.435,0.007,0.000,-3.763,0.000,-0.000,0.000,0.9494,-0.0135,-0.0250,-0.3128,1992.88,223.41,5.55,3.26,68323.2,100,1.00,0.59,5
42943,-0.000,-0.002,0.434,0.010,-0.001,-3.757,0.000,-0.000,0.000,0.9492,-0.0135,-0.0250,-0.3134,1996.73,222.95,5.56,3.26,68300.5,100,1.00,0.59,5
42963,-0.000,-0.002,0.436,0.005,0.000,-3.753,0.000,-0.000,0.000,0.9490,-0.0135,-0.0250,-0.3141,2000.55,222.46,5.54,3.26,68275.8,100,1.00,0.59,5
42983,0.001,-0.001,0.435,0.005,-0.002,-3.747,0.000,-0.000,0.000,0.9488,-0.0135,-0.0250,-0.3147,2004.41,222.03,5.55,3.26,68232.2,100,1.00,0.60,5
43003,-0.000,-0.003,0.436,0.006,0.001,-3.742,0.000,-0.000,0.000,0.9486,-0.0135,-0.0250,-0.3153,2008.21,221.54,5.54,3.26,68213.1,100,1.00,0.60,5
43023,0.000,-0.003,0.438,0.004,0.001,-3.737,0.000,-0.000,0.000,0.9484,-0.0134,-0.0251,-0.3159,2012.03,221.08,5.52,3.26,68175.4,100,1.00,0.60,5
43043,-0.001,-0.002,0.433,0.004,0.001,-3.732,0.000,-0.000,0.000,0.9482,-0.0134,-0.0251,-0.3165,2015.87,220.65,5.57,3.26,68136.3,100,1.00,0.60,5
43063,-0.000,-0.002,0.438,0.005,0.002,-3.725,0.000,-0.000,0.000,0.9479,-0.0134,-0.0251,-0.3172,2019.70,220.21,5.51,3.26,68106.7,100,1.00,0.60,5
43083,-0.002,-0.004,0.436,0.004,0.001,-3.721,0.000,-0.000,0.000,0.9477,-0.0134,-0.0251,-0.3178,2023.56,219.82,5.54,3.26,68065.6,100,1.00,0.60,5
43103,-0.001,-0.004,0.441,0.004,0.001,-3.715,0.000,-0.000,0.000,0.9475,-0.0134,-0.0251,-0.3184,2027.32,219.34,5.49,3.26,68055.8,100,1.00,0.60,5
43124,-0.000,-0.003,0.438,0.005,0.003,-3.712,0.000,-0.000,0.000,0.9473,-0.0134,-0.0251,-0.3190,2031.11,218.89,5.52,3.26,68016.3,100,1.00,0.60,5
43143,0.001,-0.004,0.443,0.003,0.003,-3.703,0.000,-0.000,0.000,0.9471,-0.0134,-0.0251,-0.3196,2034.88,218.43,5.46,3.26,67987.8,100,1.00,0.60,5
43163,0.002,-0.004,0.447,0.003,0.004,-3.700,0.000,-0.000,0.000,0.9469,-0.0134,-0.0251,-0.3202,2038.65,217.98,5.43,3.26,67955.7,100,1.00,0.60,5
43183,-0.003,-0.003,0.448,0.002,0.004,-3.693,0.000,-0.000,0.000,0.9467,-0.0134,-0.0252,-0.3208,2042.37,217.50,5.42,3.26,67932.2,100,1.00,0.60,5
43203,0.001,-0.002,0.451,0.002,0.005,-3.687,0.000,-0.000,0.000,0.9465,-0.0133,-0.0252,-0.3214,2046.11,217.03,5.39,3.26,67898.2,100,1.00,0.60,5
43223,0.001,-0.005,0.448,0.003,0.004,-3.683,0.000,-0.000,0.000,0.9463,-0.0133,-0.0252,-0.3221,2049.88,216.61,5.42,3.27,67857.8,100,1.00,0.60,5
43243,0.000,-0.003,0.448,0.001,0.005,-3.678,0.000,-0.000,0.000,0.9461,-0.0133,-0.0252,-0.3227,2053.62,216.17,5.42,3.27,67829.9,100,1.00,0.61,5
43263,0.002,-0.003,0.449,0.001,0.004,-3.672,0.000,-0.000,0.000,0.9459,-0.0133,-0.0252,-0.3233,2057.37,215.74,5.41,3.27,67798.7,100,1.00,0.61,5
43283,0.003,-0.003,0.451,0.002,0.006,-3.668,0.000,-0.000,0.000,0.9457,-0.0133,-0.0252,-0.3239,2061.07,215.28,5.39,3.27,67775.2,100,1.00,0.61,5
43303,0.003,-0.002,0.450,0.002,0.004,-3.661,0.000,-0.000,0.000,0.9455,-0.0133,-0.0252,-0.3245,2064.81,214.85,5.40,3.27,67736.3,100,1.00,0.61,5
43323,0.002,-0.002,0.452,0.002,0.005,-3.657,0.000,-0.000,0.000,0.9453,-0.0133,-0.0252,-0.3251,2068.54,214.43,5.38,3.27,67705.4,100,1.00,0.61,5
43343,-0.000,-0.001,0.451,-0.001,0.004,-3.652,0.000,-0.000,0.000,0.9450,-0.0133,-0.0252,-0.3257,2072.25,214.00,5.39,3.27,67677.6,100,1.00,0.61,5
43363,0.000,-0.003,0.455,-0.001,0.004,-3.649,0.000,-0.000,0.000,0.9448,-0.0133,-0.0253,-0.3263,2075.90,213.53,5.36,3.27,67657.8,100,1.00,0.61,5
43383,0.004,-0.003,0.455,-0.001,0.004,-3.640,0.000,-0.000,0.000,0.9446,-0.0133,-0.0253,-0.3269,2079.59,213.09,5.35,3.27,67619.0,100,1.00,0.61,5
43403,0.003,-0.005,0.452,-0.001,0.003,-3.635,0.000,-0.000,0.000,0.9444,-0.0132,-0.0253,-0.3275,2083.28,212.66,5.38,3.27,67587.0,100,1.00,0.61,5
43423,0.002,-0.002,0.453,-0.002,0.004,-3.630,0.000,-0.000,0.000,0.9442,-0.0132,-0.0253,-0.3281,2086.96,212.24,5.37,3.27,67556.2,100,1.00,0.61,5
43443,0.004,-0.001,0.452,-0.002,0.006,-3.624,0.000,-0.000,0.000,0.9440,-0.0132,-0.0253,-0.3287,2090.66,211.83,5.38,3.27,67522.1,100,1.00,0.61,5
43463,0.004,-0.004,0.452,-0.002,0.003,-3.618,0.000,-0.000,0.000,0.9438,-0.0132,-0.0253,-0.3293,2094.29,211.38,5.38,3.27,67504.0,100,1.00,0.61,5
43483,0.005,-0.002,0.452,-0.003,0.004,-3.613,0.000,-0.000,0.000,0.9436,-0.0132,-0.0253,-0.3299,2097.96,210.97,5.38,3.27,67465.0,100,1.00,0.62,5
43503,0.005,-0.001,0.452,-0.003,0.004,-3.609,0.000,-0.000,0.000,0.9434,-0.0132,-0.0253,-0.3305,2101.63,210.56,5.38,3.27,67433.6,100,1.00,0.62,5
43526,0.005,-0.000,0.455,-0.005,0.004,-3.603,0.000,-0.000,0.000,0.9432,-0.0132,-0.0253,-0.3311,2105.27,210.14,5.35,3.27,67406.4,100,1.00,0.62,5
43543,0.004,-0.002,0.449,-0.006,0.004,-3.597,0.000,-0.000,0.000,0.9430,-0.0132,-0.0254,-0.3317,2108.94,209.75,5.41,3.27,67372.0,100,1.00,0.62,5
43563,0.006,-0.002,0.454,-0.005,0.002,-3.592,0.000,-0.000,0.000,0.9428,-0.0132,-0.0254,-0.3322,2112.66,209.41,5.36,3.28,67328.0,100,1.00,0.62,5
43583,0.001,0.000,0.451,-0.003,0.003,-3.588,0.000,-0.000,0.000,0.9426,-0.0132,-0.0254,-0.3328,2116.35,209.06,5.39,3.28,67302.9,100,1.00,0.62,5
43603,0.004,0.000,0.452,-0.004,0.003,-3.584,0.000,-0.000,0.000,0.9423,-0.0132,-0.0254,-0.3334,2120.03,208.70,5.38,3.28,67274.1,100,1.00,0.62,5
43623,0.005,-0.000,0.451,-0.004,0.002,-3.576,0.000,-0.000,0.000,0.9421,-0.0131,-0.0254,-0.3340,2123.68,208.31,5.39,3.28,67250.1,100,1.00,0.62,5
43643,0.005,0.001,0.449,-0.006,0.001,-3.569,0.000,-0.000,0.000,0.9419,-0.0131,-0.0254,-0.3346,2127.30,207.92,5.41,3.28,67224.3,100,1.00,0.62,5
43663,0.004,-0.001,0.444,-0.006,0.003,-3.564,0.000,-0.000,0.000,0.9417,-0.0131,-0.0254,-0.3352,2130.88,207.48,5.45,3.28,67203.5,100,1.00,0.63,5
43683,0.007,-0.002,0.446,-0.007,0.000,-3.562,0.000,-0.000,0.000,0.9415,-0.0131,-0.0254,-0.3358,2134.55,207.15,5.43,3.28,67152.0,100,1.00,0.63,5
43703,0.004,-0.002,0.445,-0.006,0.003,-3.556,0.000,-0.000,0.000,0.9413,-0.0131,-0.0254,-0.3364,2138.17,206.77,5.44,3.28,67132.0,100,1.00,0.63,5
43723,0.005,-0.001,0.439,-0.009,-0.001,-3.551,0.000,-0.000,0.000,0.9411,-0.0131,-0.0254,-0.3369,2141.79,206.40,5.50,3.28,67101.3,100,1.00,0.63,5
43744,0.000,-0.000,0.441,-0.006,0.000,-3.544,0.000,-0.000,0.000,0.9409,-0.0131,-0.0255,-0.3375,2145.43,206.05,5.48,3.28,67066.2,100,1.00,0.63,5
43763,0.003,-0.000,0.439,-0.006,0.000,-3.540,0.000,-0.000,0.000,0.9407,-0.0131,-0.0255,-0.3381,2149.10,205.74,5.50,3.28,67028.6,100,1.00,0.63,5
43783,0.006,-0.001,0.440,-0.006,-0.001,-3.535,0.000,-0.000,0.000,0.9405,-0.0131,-0.0255,-0.3387,2152.73,205.40,5.49,3.28,67006.1,100,1.00,0.63,5
43803,0.003,-0.003,0.440,-0.007,-0.003,-3.529,0.000,-0.000,0.000,0.9403,-0.0131,-0.0255,-0.3393,2156.39,205.09,5.49,3.28,66971.0,100,1.00,0.63,5
43823,0.003,0.002,0.440,-0.005,-0.002,-3.523,0.000,-0.000,0.000,0.9400,-0.0131,-0.0255,-0.3398,2160.03,204.78,5.50,3.28,66941.6,100,1.00,0.64,5
43843,0.005,0.001,0.440,-0.005,-0.001,-3.518,0.000,-0.000,0.000,0.9398,-0.0131,-0.0255,-0.3404,2163.66,204.44,5.49,3.28,66916.6,100,1.00,0.64,5
43863,0.004,0.001,0.438,-0.003,-0.003,-3.513,0.000,-0.000,0.000,0.9396,-0.0130,-0.0255,-0.3410,2167.25,204.10,5.52,3.29,66891.0,100,1.00,0.64,5
43883,0.005,0.000,0.438,-0.005,-0.003,-3.508,0.000,-0.000,0.000,0.9394,-0.0130,-0.0255,-0.3416,2170.87,203.77,5.51,3.29,66856.3,100,1.00,0.64,5
43903,0.002,0.001,0.438,-0.004,-0.005,-3.503,0.000,-0.000,0.000,0.9392,-0.0130,-0.0255,-0.3421,2174.47,203.44,5.52,3.29,66829.8,100,1.00,0.64,5
43923,0.004,0.002,0.434,-0.005,-0.001,-3.497,0.000,-0.000,0.000,0.9390,-0.0130,-0.0256,-0.3427,2178.08,203.13,5.56,3.29,66797.1,100,1.00,0.64,5
43943,0.001,0.004,0.437,-0.004,-0.004,-3.493,0.000,-0.000,0.000,0.9388,-0.0130,-0.0256,-0.3433,2181.69,202.81,5.53,3.29,66767.8,100,1.00,0.64,5
43963,0.004,0.000,0.438,-0.004,-0.005,-3.487,0.000,-0.000,0.000,0.9386,-0.0130,-0.0256,-0.3439,2185.28,202.48,5.52,3.29,66741.6,100,1.00,0.65,5
43983,0.003,0.001,0.433,-0.005,-0.005,-3.480,0.000,-0.000,0.000,0.9384,-0.0130,-0.0256,-0.3444,2188.87,202.17,5.56,3.29,66709.8,100,1.00,0.65,5
44003,0.002,0.003,0.436,-0.004,-0.004,-3.477,0.000,-0.000,0.000,0.9382,-0.0130,-0.0256,-0.3450,2192.43,201.83,5.54,3.29,66688.2,100,1.00,0.65,5
44023,0.002,0.002,0.435,-0.004,-0.007,-3.472,0.000,-0.000,0.000,0.9380,-0.0130,-0.0256,-0.3456,2196.03,201.53,5.55,3.29,66649.3,100,1.00,0.65,5
44043,0.000,0.002,0.438,-0.004,-0.007,-3.466,0.000,-0.000,0.000,0.9377,-0.0130,-0.0256,-0.3461,2199.59,201.20,5.52,3.29,66626.6,100,1.00,0.65,5
44063,0.004,-0.001,0.434,-0.003,-0.006,-3.460,0.000,-0.000,0.000,0.9375,-0.0130,-0.0256,-0.3467,2203.19,200.92,5.55,3.29,66589.0,100,1.00,0.65,5
44083,0.003,0.001,0.430,-0.002,-0.010,-3.455,0.000,-0.000,0.000,0.9373,-0.0130,-0.0257,-0.3473,2206.74,200.59,5.59,3.29,66569.6,100,1.00,0.66,5
44103,0.003,0.001,0.430,-0.000,-0.007,-3.448,0.000,-0.000,0.000,0.9371,-0.0130,-0.0257,-0.3478,2210.26,200.25,5.59,3.29,66546.2,100,1.00,0.66,5
44123,0.000,0.001,0.429,-0.002,-0.007,-3.444,0.000,-0.000,0.000,0.9369,-0.0129,-0.0257,-0.3484,2213.81,199.93,5.61,3.30,66510.4,100,1.00,0.66,5
44147,0.001,0.004,0.429,-0.001,-0.009,-3.438,0.000,-0.000,0.000,0.9367,-0.0129,-0.0257,-0.3490,2217.36,199.63,5.61,3.30,66480.5,100,1.00,0.66,5
44163,0.004,0.002,0.426,-0.001,-0.005,-3.432,0.000,-0.000,0.000,0.9365,-0.0129,-0.0257,-0.3495,2220.85,199.27,5.63,3.30,66462.6,100,1.00,0.66,5
44183,0.001,0.002,0.428,-0.001,-0.009,-3.430,0.000,-0.000,0.000,0.9363,-0.0129,-0.0257,-0.3501,2224.37,198.95,5.62,3.30,66427.7,100,1.00,0.66,5
44203,0.002,0.003,0.423,-0.000,-0.010,-3.423,0.000,-0.000,0.000,0.9361,-0.0129,-0.0257,-0.3506,2227.91,198.65,5.66,3.30,66394.7,100,1.00,0.66,5
44223,0.003,0.001,0.423,-0.001,-0.005,-3.419,0.000,-0.000,0.000,0.9359,-0.0129,-0.0257,-0.3512,2231.41,198.32,5.67,3.30,66373.4,100,1.00,0.67,5
44243,-0.000,0.001,0.420,0.001,-0.006,-3.412,0.000,-0.000,0.000,0.9356,-0.0129,-0.0257,-0.3518,2234.91,198.00,5.69,3.30,66344.8,100,1.00,0.67,5
44263,0.000,0.002,0.420,0.001,-0.009,-3.407,0.000,-0.000,0.000,0.9354,-0.0129,-0.0258,-0.3523,2238.37,197.65,5.69,3.30,66321.3,100,1.00,0.67,5
44283,-0.000,0.001,0.419,0.002,-0.009,-3.401,0.000,-0.000,0.000,0.9352,-0.0129,-0.0258,-0.3529,2241.90,197.37,5.70,3.30,66279.8,100,1.00,0.67,5
44303,0.000,0.001,0.418,0.001,-0.007,-3.396,0.000,-0.000,0.000,0.9350,-0.0129,-0.0258,-0.3534,2245.42,197.08,5.71,3.30,66252.2,100,1.00,0.67,5
44323,-0.001,0.001,0.417,0.002,-0.007,-3.391,0.000,-0.000,0.000,0.9348,-0.0129,-0.0258,-0.3540,2248.93,196.80,5.73,3.30,66223.5,100,1.00,0.67,5
44343,-0.001,0.000,0.413,0.003,-0.006,-3.389,0.000,-0.000,0.000,0.9346,-0.0129,-0.0258,-0.3545,2252.47,196.54,5.76,3.30,66189.4,100,1.00,0.68,5
44363,0.000,0.000,0.407,0.001,-0.006,-3.381,0.000,-0.000,0.000,0.9344,-0.0128,-0.0258,-0.3551,2255.97,196.26,5.82,3.31,66167.7,100,1.00,0.68,5
44383,0.002,0.000,0.412,0.004,-0.006,-3.377,0.000,-0.000,0.000,0.9342,-0.0128,-0.0258,-0.3556,2259.49,196.00,5.78,3.31,66134.1,100,1.00,0.68,5
44403,0.001,-0.002,0.408,0.002,-0.006,-3.372,0.000,-0.000,0.000,0.9340,-0.0128,-0.0258,-0.3562,2263.05,195.77,5.81,3.31,66097.9,100,1.00,0.68,5
44423,0.000,0.001,0.410,0.003,-0.006,-3.365,0.000,-0.000,0.000,0.9338,-0.0128,-0.0259,-0.3567,2266.55,195.50,5.79,3.31,66081.6,100,1.00,0.68,5
44443,-0.000,0.002,0.409,0.004,-0.006,-3.361,0.000,-0.000,0.000,0.9336,-0.0128,-0.0259,-0.3573,2270.02,195.21,5.81,3.31,66056.3,100,1.00,0.69,5
44463,0.001,0.001,0.407,0.005,-0.004,-3.356,0.000,-0.000,0.000,0.9333,-0.0128,-0.0259,-0.3578,2273.54,194.96,5.82,3.31,66020.3,100,1.00,0.69,5
44483,-0.001,0.001,0.407,0.005,-0.003,-3.351,0.000,-0.000,0.000,0.9331,-0.0128,-0.0259,-0.3584,2277.04,194.71,5.83,3.31,65992.2,100,1.00,0.69,5
44503,-0.000,-0.001,0.402,0.006,-0.005,-3.345,0.000,-0.000,0.000,0.9329,-0.0128,-0.0259,-0.3589,2280.52,194.44,5.87,3.31,65969.6,100,1.00,0.69,5
44525,0.000,0.000,0.402,0.006,-0.004,-3.339,0.000,-0.000,0.000,0.9327,-0.0128,-0.0259,-0.3595,2284.08,194.25,5.87,3.31,65922.7,100,1.00,0.69,5
44543,-0.001,-0.000,0.395,0.006,-0.003,-3.334,0.000,-0.000,0.000,0.9325,-0.0128,-0.0259,-0.3600,2287.57,194.00,5.94,3.31,65909.1,100,1.00,0.70,5
44563,-0.000,-0.001,0.399,0.007,-0.001,-3.330,0.000,-0.000,0.000,0.9323,-0.0128,-0.0259,-0.3605,2291.03,193.72,5.90,3.31,65888.3,100,1.00,0.70,5
44583,0.002,-0.000,0.396,0.006,-0.002,-3.324,0.000,-0.000,0.000,0.9321,-0.0127,-0.0259,-0.3611,2294.50,193.47,5.93,3.31,65854.6,100,1.00,0.70,5
44603,-0.001,-0.001,0.396,0.006,-0.003,-3.319,0.000,-0.000,0.000,0.9319,-0.0127,-0.0260,-0.3616,2297.99,193.24,5.94,3.31,65823.4,100,1.00,0.70,5
44623,-0.000,0.001,0.398,0.006,-0.003,-3.314,0.000,-0.000,0.000,0.9317,-0.0127,-0.0260,-0.3622,2301.46,192.98,5.91,3.31,65799.7,100,1.00,0.71,5
44643,0.001,-0.002,0.395,0.005,-0.002,-3.309,0.000,-0.000,0.000,0.9315,-0.0127,-0.0260,-0.3627,2304.93,192.74,5.94,3.32,65769.6,100,1.00,0.71,5
44663,0.000,-0.002,0.396,0.007,-0.003,-3.303,0.000,-0.000,0.000,0.9312,-0.0127,-0.0260,-0.3632,2308.40,192.50,5.93,3.32,65742.1,100,1.00,0.71,5
44683,0.001,-0.001,0.389,0.006,-0.001,-3.299,0.000,-0.000,0.000,0.9310,-0.0127,-0.0260,-0.3638,2311.86,192.25,6.00,3.32,65716.2,100,1.00,0.71,5
44703,0.000,-0.001,0.389,0.007,-0.001,-3.293,0.000,-0.000,0.000,0.9308,-0.0127,-0.0260,-0.3643,2315.30,192.00,6.00,3.32,65689.9,100,1.00,0.71,5
44724,0.001,0.000,0.391,0.006,0.001,-3.288,0.000,-0.000,0.000,0.9306,-0.0127,-0.0260,-0.3648,2318.77,191.77,5.98,3.32,65657.6,100,1.00,0.72,5
44745,0.001,-0.001,0.388,0.006,0.001,-3.284,0.000,-0.000,0.000,0.9304,-0.0127,-0.0260,-0.3654,2322.24,191.55,6.01,3.32,65627.4,100,1.00,0.72,5
44766,-0.002,-0.001,0.389,0.007,0.002,-3.279,0.000,-0.000,0.000,0.9302,-0.0127,-0.0260,-0.3659,2325.70,191.33,6.00,3.32,65600.8,100,1.00,0.72,5
44783,-0.001,-0.001,0.384,0.005,0.001,-3.271,0.000,-0.000,0.000,0.9300,-0.0127,-0.0261,-0.3664,2329.19,191.13,6.05,3.32,65567.5,100,1.00,0.72,5
44803,-0.001,-0.002,0.384,0.007,0.002,-3.268,0.000,-0.000,0.000,0.9298,-0.0126,-0.0261,-0.3670,2332.62,190.89,6.05,3.32,65551.0,100,1.00,0.73,5
44823,0.000,-0.001,0.382,0.006,0.004,-3.263,0.000,-0.000,0.000,0.9296,-0.0126,-0.0261,-0.3675,2336.03,190.62,6.07,3.32,65529.0,100,1.00,0.73,5
44843,-0.001,-0.001,0.378,0.006,0.003,-3.259,0.000,-0.000,0.000,0.9294,-0.0126,-0.0261,-0.3680,2339.53,190.45,6.11,3.32,65480.5,100,1.00,0.73,5
44863,0.002,-0.003,0.379,0.006,0.002,-3.253,0.000,-0.000,0.000,0.9292,-0.0126,-0.0261,-0.3686,2342.97,190.23,6.09,3.32,65463.5,100,1.00,0.73,5
44883,0.000,-0.004,0.373,0.007,0.002,-3.249,0.000,-0.000,0.000,0.9289,-0.0126,-0.0261,-0.3691,2346.40,190.01,6.16,3.32,65438.4,100,1.00,0.74,5
44903,0.001,-0.001,0.381,0.005,0.003,-3.244,0.000,-0.000,0.000,0.9287,-0.0126,-0.0261,-0.3696,2349.77,189.72,6.08,3.32,65425.0,100,1.00,0.74,5
44923,-0.000,-0.003,0.374,0.003,0.003,-3.237,0.000,-0.000,0.000,0.9285,-0.0126,-0.0261,-0.3701,2353.25,189.55,6.15,3.32,65372.8,100,1.00,0.74,5
44943,0.001,-0.001,0.375,0.003,0.004,-3.232,0.000,-0.000,0.000,0.9283,-0.0126,-0.0261,-0.3707,2356.70,189.36,6.13,3.32,65350.2,100,1.00,0.74,5
44963,0.001,-0.002,0.374,0.005,0.004,-3.228,0.000,-0.000,0.000,0.9281,-0.0126,-0.0261,-0.3712,2360.14,189.15,6.15,3.32,65324.5,100,1.00,0.75,5
44983,-0.000,-0.002,0.370,0.003,0.004,-3.223,0.000,-0.000,0.000,0.9279,-0.0126,-0.0262,-0.3717,2363.54,188.92,6.19,3.33,65305.1,100,1.00,0.75,5
45003,0.001,-0.004,0.373,0.003,0.005,-3.218,0.000,-0.000,0.000,0.9277,-0.0126,-0.0262,-0.3722,2366.97,188.72,6.15,3.33,65270.9,100,1.00,0.75,5
45023,0.002,-0.004,0.369,0.003,0.006,-3.213,0.000,-0.000,0.000,0.9275,-0.0125,-0.0262,-0.3727,2370.44,188.56,6.19,3.33,65234.9,100,1.00,0.75,5
45043,0.004,-0.003,0.367,0.003,0.006,-3.208,0.000,-0.000,0.000,0.9273,-0.0125,-0.0262,-0.3733,2373.80,188.30,6.21,3.33,65230.2,100,1.00,0.76,5
45063,0.000,-0.002,0.367,0.002,0.006,-3.203,0.000,-0.000,0.000,0.9271,-0.0125,-0.0262,-0.3738,2377.20,188.08,6.21,3.33,65193.1,100,1.00,0.76,5
45083,0.002,-0.005,0.364,0.001,0.005,-3.198,0.000,-0.000,0.000,0.9269,-0.0125,-0.0262,-0.3743,2380.62,187.89,6.24,3.33,65162.9,100,1.00,0.76,5
45103,-0.000,-0.000,0.367,0.001,0.006,-3.193,0.000,-0.000,0.000,0.9266,-0.0125,-0.0262,-0.3748,2384.03,187.69,6.21,3.33,65135.2,100,1.00,0.77,5
45123,0.001,-0.004,0.361,0.002,0.006,-3.188,0.000,-0.000,0.000,0.9264,-0.0125,-0.0262,-0.3753,2387.41,187.47,6.27,3.33,65115.5,100,1.00,0.77,5
45144,0.001,-0.004,0.362,0.001,0.004,-3.183,0.000,-0.000,0.000,0.9262,-0.0125,-0.0262,-0.3758,2390.84,187.30,6.26,3.33,65076.8,100,1.00,0.77,5
45163,0.003,-0.003,0.360,0.001,0.009,-3.178,0.000,-0.000,0.000,0.9260,-0.0125,-0.0262,-0.3764,2394.22,187.08,6.28,3.33,65060.2,100,1.00,0.77,5
45183,0.002,-0.003,0.358,-0.001,0.005,-3.171,0.000,-0.000,0.000,0.9258,-0.0125,-0.0262,-0.3769,2397.58,186.85,6.30,3.33,65037.4,100,1.00,0.78,5
45203,0.002,-0.003,0.357,-0.000,0.004,-3.167,0.000,-0.000,0.000,0.9256,-0.0125,-0.0263,-0.3774,2401.03,186.71,6.31,3.33,64989.1,100,1.00,0.78,5
45223,0.003,-0.003,0.355,0.001,0.006,-3.163,0.000,-0.000,0.000,0.9254,-0.0125,-0.0263,-0.3779,2404.45,186.54,6.33,3.33,64969.8,100,1.00,0.78,5
45243,0.003,-0.002,0.355,-0.002,0.004,-3.159,0.000,-0.000,0.000,0.9252,-0.0124,-0.0263,-0.3784,2407.80,186.31,6.32,3.33,64957.0,100,1.00,0.79,5
45263,0.002,-0.001,0.353,-0.001,0.007,-3.153,0.000,-0.000,0.000,0.9250,-0.0124,-0.0263,-0.3789,2411.18,186.11,6.35,3.33,64923.4,100,1.00,0.79,5
45283,0.002,-0.002,0.353,-0.002,0.005,-3.148,0.000,-0.000,0.000,0.9248,-0.0124,-0.0263,-0.3794,2414.57,185.93,6.35,3.33,64891.4,100,1.00,0.79,5
45303,0.003,-0.001,0.352,-0.002,0.005,-3.141,0.000,-0.000,0.000,0.9246,-0.0124,-0.0263,-0.3799,2417.91,185.70,6.36,3.33,64878.6,100,1.00,0.79,5
45323,0.004,-0.001,0.346,-0.003,0.004,-3.137,0.000,-0.000,0.000,0.9244,-0.0124,-0.0263,-0.3804,2421.25,185.48,6.42,3.33,64849.3,100,1.00,0.80,5
45343,0.000,-0.001,0.349,-0.002,0.004,-3.132,0.000,-0.000,0.000,0.9241,-0.0124,-0.0263,-0.3809,2424.59,185.26,6.39,3.33,64821.8,100,1.00,0.80,5
45363,0.001,-0.002,0.345,-0.004,0.005,-3.128,0.000,-0.000,0.000,0.9239,-0.0124,-0.0263,-0.3814,2428.00,185.11,6.43,3.34,64780.8,100,1.00,0.80,5
45386,0.006,-0.002,0.348,-0.004,0.005,-3.123,0.000,-0.000,0.000,0.9237,-0.0124,-0.0263,-0.3819,2431.35,184.92,6.40,3.34,64765.1,100,1.00,0.81,5
45403,0.005,-0.002,0.346,-0.004,0.004,-3.118,0.000,-0.000,0.000,0.9235,-0.0124,-0.0263,-0.3825,2434.73,184.75,6.41,3.34,64732.6,100,1.00,0.81,5
45423,0.005,-0.000,0.345,-0.005,0.005,-3.113,0.000,-0.000,0.000,0.9233,-0.0124,-0.0263,-0.3830,2438.04,184.52,6.43,3.34,64719.7,100,1.00,0.81,5
45443,0.002,-0.001,0.343,-0.003,0.001,-3.106,0.000,-0.000,0.000,0.9231,-0.0124,-0.0264,-0.3835,2441.38,184.32,6.44,3.34,64687.5,100,1.00,0.82,5
45463,0.002,-0.001,0.341,-0.005,0.002,-3.104,0.000,-0.000,0.000,0.9229,-0.0124,-0.0264,-0.3840,2444.72,184.12,6.47,3.34,64660.0,100,1.00,0.82,5
45483,0.004,-0.000,0.339,-0.006,0.004,-3.099,0.000,-0.000,0.000,0.9227,-0.0124,-0.0264,-0.3845,2448.06,183.93,6.48,3.34,64633.4,100,1.00,0.82,5
45503,0.005,-0.002,0.341,-0.006,0.002,-3.094,0.000,-0.000,0.000,0.9225,-0.0124,-0.0264,-0.3850,2451.44,183.78,6.46,3.34,64597.3,100,1.00,0.83,5
45523,0.002,-0.001,0.339,-0.005,0.002,-3.087,0.000,-0.000,0.000,0.9223,-0.0123,-0.0264,-0.3854,2454.81,183.63,6.48,3.34,64571.8,100,1.00,0.83,5
45543,0.006,-0.001,0.337,-0.007,0.002,-3.085,0.000,-0.000,0.000,0.9221,-0.0123,-0.0264,-0.3859,2458.11,183.41,6.50,3.34,64561.4,100,1.00,0.83,5
45563,0.004,0.000,0.333,-0.005,0.000,-3.079,0.000,-0.000,0.000,0.9219,-0.0123,-0.0264,-0.3864,2461.40,183.19,6.55,3.34,64535.2,100,1.00,0.84,5
45583,0.003,-0.001,0.333,-0.009,0.000,-3.074,0.000,-0.000,0.000,0.9216,-0.0123,-0.0264,-0.3869,2464.75,183.03,6.54,3.34,64497.0,100,1.00,0.84,5
45603,0.005,-0.001,0.336,-0.007,0.000,-3.069,0.000,-0.000,0.000,0.9214,-0.0123,-0.0264,-0.3874,2468.03,182.81,6.51,3.34,64483.7,100,1.00,0.84,5
45623,0.004,0.000,0.332,-0.007,0.000,-3.062,0.000,-0.000,0.000,0.9212,-0.0123,-0.0264,-0.3879,2471.27,182.55,6.55,3.34,64466.7,100,1.00,0.85,5
45643,0.003,-0.001,0.331,-0.009,0.001,-3.057,0.000,-0.000,0.000,0.9210,-0.0123,-0.0264,-0.3884,2474.55,182.33,6.56,3.34,64433.6,100,1.00,0.85,5
45663,0.005,0.001,0.330,-0.006,-0.002,-3.055,0.000,-0.000,0.000,0.9208,-0.0123,-0.0265,-0.3889,2477.87,182.16,6.57,3.34,64395.8,100,1.00,0.85,5
45683,0.003,-0.001,0.327,-0.006,-0.002,-3.049,0.000,-0.000,0.000,0.9206,-0.0123,-0.0265,-0.3894,2481.14,181.94,6.60,3.34,64381.0,100,1.00,0.86,5
45703,0.002,-0.001,0.331,-0.007,-0.002,-3.046,0.000,-0.000,0.000,0.9204,-0.0123,-0.0265,-0.3899,2484.41,181.73,6.56,3.35,64354.7,100,1.00,0.86,5
45723,0.005,0.001,0.329,-0.009,-0.003,-3.038,0.000,-0.000,0.000,0.9202,-0.0123,-0.0265,-0.3904,2487.71,181.54,6.59,3.35,64322.1,100,1.00,0.86,5
45744,0.005,0.004,0.325,-0.006,-0.002,-3.034,0.000,-0.000,0.000,0.9200,-0.0123,-0.0265,-0.3909,2490.95,181.31,6.62,3.35,64308.5,100,1.00,0.87,5
45763,0.004,0.001,0.325,-0.006,-0.004,-3.030,0.000,-0.000,0.000,0.9198,-0.0123,-0.0265,-0.3913,2494.21,181.10,6.63,3.35,64278.1,100,1.00,0.87,5
45783,0.004,0.000,0.321,-0.005,-0.003,-3.024,0.000,-0.000,0.000,0.9196,-0.0123,-0.0265,-0.3918,2497.48,180.90,6.66,3.35,64249.4,100,1.00,0.87,5
45803,0.003,0.001,0.322,-0.006,-0.003,-3.022,0.000,-0.000,0.000,0.9194,-0.0123,-0.0265,-0.3923,2500.73,180.70,6.65,3.35,64226.6,100,1.00,0.88,5
45823,0.001,0.001,0.322,-0.006,-0.004,-3.015,0.000,-0.000,0.000,0.9192,-0.0123,-0.0265,-0.3928,2504.00,180.51,6.66,3.35,64197.0,100,1.00,0.88,5
45843,0.002,0.000,0.318,-0.005,-0.003,-3.010,0.000,-0.000,0.000,0.9190,-0.0122,-0.0265,-0.3933,2507.21,180.27,6.69,3.35,64184.0,100,1.00,0.88,5
45863,0.000,0.000,0.320,-0.006,-0.005,-3.003,0.000,-0.000,0.000,0.9187,-0.0122,-0.0265,-0.3938,2510.40,180.02,6.67,3.35,64160.6,100,1.00,0.89,5
45883,-0.000,0.002,0.315,-0.006,-0.005,-3.001,0.000,-0.000,0.000,0.9185,-0.0122,-0.0266,-0.3942,2513.63,179.80,6.72,3.35,64128.8,100,1.00,0.89,5
45903,0.004,0.001,0.314,-0.005,-0.004,-2.997,0.000,-0.000,0.000,0.9183,-0.0122,-0.0266,-0.3947,2516.90,179.64,6.73,3.35,64091.7,100,1.00,0.89,5
45923,0.003,-0.000,0.313,-0.004,-0.005,-2.990,0.000,-0.000,0.000,0.9181,-0.0122,-0.0266,-0.3952,2520.14,179.44,6.74,3.35,64074.2,100,1.00,0.90,5
45943,0.002,0.002,0.315,-0.006,-0.005,-2.986,0.000,-0.000,0.000,0.9179,-0.0122,-0.0266,-0.3957,2523.38,179.24,6.72,3.35,64048.0,100,1.00,0.90,5
45963,0.002,-0.001,0.312,-0.004,-0.005,-2.980,0.000,-0.000,0.000,0.9177,-0.0122,-0.0266,-0.3962,2526.61,179.05,6.76,3.35,64023.2,100,1.00,0.91,5
45983,0.004,0.001,0.312,-0.003,-0.007,-2.976,0.000,-0.000,0.000,0.9175,-0.0122,-0.0266,-0.3966,2529.82,178.84,6.75,3.36,64001.3,100,1.00,0.91,5
46006,0.002,0.003,0.308,-0.002,-0.006,-2.971,0.000,-0.000,0.000,0.9173,-0.0122,-0.0266,-0.3971,2533.07,178.67,6.79,3.36,63968.0,100,1.00,0.91,5
46023,0.003,0.000,0.311,-0.003,-0.006,-2.967,0.000,-0.000,0.000,0.9171,-0.0122,-0.0266,-0.3976,2536.26,178.45,6.76,3.36,63954.4,100,1.00,0.92,5
46043,0.003,0.001,0.309,-0.002,-0.011,-2.961,0.000,-0.000,0.000,0.9169,-0.0122,-0.0266,-0.3981,2539.43,178.21,6.78,3.36,63932.3,100,1.00,0.92,5
46063,0.002,0.002,0.312,-0.003,-0.010,-2.956,0.000,-0.000,0.000,0.9167,-0.0122,-0.0266,-0.3985,2542.64,178.01,6.75,3.36,63900.2,100,1.00,0.92,5
46083,0.001,0.002,0.304,-0.002,-0.009,-2.952,0.000,-0.000,0.000,0.9165,-0.0122,-0.0267,-0.3990,2545.82,177.80,6.83,3.36,63878.6,100,1.00,0.93,5
46103,0.001,0.003,0.302,-0.002,-0.005,-2.948,0.000,-0.000,0.000,0.9163,-0.0122,-0.0267,-0.3995,2549.04,177.62,6.85,3.36,63845.9,100,1.00,0.93,5
46123,0.001,-0.000,0.305,-0.002,-0.009,-2.941,0.000,-0.000,0.000,0.9161,-0.0122,-0.0267,-0.3999,2552.26,177.44,6.82,3.36,63820.6,100,1.00,0.94,5
46143,0.002,0.001,0.304,-0.000,-0.009,-2.939,0.000,-0.000,0.000,0.9159,-0.0122,-0.0267,-0.4004,2555.47,177.26,6.83,3.36,63797.1,100,1.00,0.94,5
46163,0.000,0.000,0.301,-0.001,-0.007,-2.932,0.000,-0.000,0.000,0.9157,-0.0122,-0.0267,-0.4009,2558.62,177.03,6.86,3.36,63783.5,100,1.00,0.94,5
46183,0.001,0.000,0.305,-0.001,-0.007,-2.929,0.000,-0.000,0.000,0.9155,-0.0121,-0.0267,-0.4014,2561.82,176.85,6.82,3.36,63748.0,100,1.00,0.95,5
46203,0.001,0.001,0.298,-0.000,-0.010,-2.924,0.000,-0.000,0.000,0.9152,-0.0121,-0.0267,-0.4018,2564.96,176.62,6.89,3.36,63734.1,100,1.00,0.95,5
46223,-0.002,0.002,0.304,0.001,-0.007,-2.918,0.000,-0.000,0.000,0.9150,-0.0121,-0.0267,-0.4023,2568.19,176.47,6.83,3.36,63690.6,100,1.00,0.96,5
46243,0.002,0.001,0.296,0.002,-0.009,-2.913,0.000,-0.000,0.000,0.9148,-0.0121,-0.0267,-0.4028,2571.37,176.28,6.91,3.37,63675.8,100,1.00,0.96,5
46263,0.000,0.000,0.300,0.001,-0.007,-2.910,0.000,-0.000,0.000,0.9146,-0.0121,-0.0268,-0.4032,2574.57,176.12,6.87,3.37,63645.8,100,1.00,0.96,5
46283,0.002,0.001,0.295,0.003,-0.009,-2.906,0.000,-0.000,0.000,0.9144,-0.0121,-0.0268,-0.4037,2577.75,175.94,6.91,3.37,63625.3,100,1.00,0.97,5
46303,0.003,0.001,0.295,0.002,-0.006,-2.898,0.000,-0.000,0.000,0.9142,-0.0121,-0.0268,-0.4041,2580.88,175.71,6.91,3.37,63610.1,100,1.00,0.97,5
46323,0.001,0.002,0.295,0.003,-0.009,-2.898,0.000,-0.000,0.000,0.9140,-0.0121,-0.0268,-0.4046,2584.01,175.49,6.92,3.37,63585.4,100,1.00,0.98,5
46344,0.001,-0.002,0.293,0.003,-0.009,-2.889,0.000,-0.000,0.000,0.9138,-0.0121,-0.0268,-0.4051,2587.23,175.35,6.93,3.37,63542.7,100,1.00,0.98,5
46363,-0.001,0.001,0.290,0.004,-0.007,-2.885,0.000,-0.000,0.000,0.9136,-0.0121,-0.0268,-0.4055,2590.39,175.17,6.97,3.37,63528.3,100,1.00,0.99,5
46383,0.002,0.001,0.292,0.005,-0.009,-2.880,0.000,-0.000,0.000,0.9134,-0.0121,-0.0268,-0.4060,2593.58,175.01,6.95,3.37,63497.0,100,1.00,0.99,5
46403,-0.001,-0.000,0.290,0.003,-0.009,-2.876,0.000,-0.000,0.000,0.9132,-0.0121,-0.0268,-0.4064,2596.70,174.80,6.97,3.37,63486.2,100,1.00,1.00,5
46423,0.000,0.000,0.288,0.003,-0.006,-2.871,0.000,-0.000,0.000,0.9130,-0.0121,-0.0268,-0.4069,2599.80,174.57,6.99,3.37,63466.4,100,1.00,1.00,5
46443,0.003,0.001,0.288,0.005,-0.006,-2.867,0.000,-0.000,0.000,0.9128,-0.0121,-0.0268,-0.4074,2602.90,174.35,6.98,3.37,63439.8,100,1.00,1.01,5
46463,0.001,0.000,0.287,0.004,-0.006,-2.860,0.000,-0.000,0.000,0.9126,-0.0121,-0.0269,-0.4078,2606.09,174.21,7.00,3.37,63396.8,100,1.00,1.01,5
46483,-0.000,0.000,0.290,0.007,-0.006,-2.857,0.000,-0.000,0.000,0.9124,-0.0120,-0.0269,-0.4083,2609.23,174.02,6.97,3.37,63383.7,100,1.00,1.02,5
46503,-0.000,0.000,0.280,0.005,-0.006,-2.852,0.000,-0.000,0.000,0.9122,-0.0120,-0.0269,-0.4087,2612.40,173.88,7.06,3.37,63350.7,100,1.00,1.03,5
46523,0.001,0.000,0.281,0.006,-0.004,-2.849,0.000,-0.000,0.000,0.9120,-0.0120,-0.0269,-0.4092,2615.48,173.65,7.05,3.38,63345.8,100,1.00,1.03,5
46543,0.001,-0.001,0.283,0.009,-0.007,-2.843,0.000,-0.000,0.000,0.9118,-0.0120,-0.0269,-0.4096,2618.58,173.44,7.03,3.38,63316.3,100,1.00,1.04,5
46563,0.001,0.000,0.284,0.009,-0.003,-2.837,0.000,-0.000,0.000,0.9116,-0.0120,-0.0269,-0.4101,2621.71,173.26,7.02,3.38,63286.1,100,1.00,1.05,5
46583,0.001,-0.002,0.281,0.007,-0.003,-2.834,0.000,-0.000,0.000,0.9114,-0.0120,-0.0269,-0.4105,2624.89,173.13,7.05,3.38,63250.9,100,1.00,1.06,5
46603,-0.000,-0.001,0.279,0.009,-0.002,-2.828,0.000,-0.000,0.000,0.9112,-0.0120,-0.0269,-0.4110,2627.99,172.94,7.08,3.38,63241.9,100,1.00,1.06,5
46626,-0.001,0.000,0.277,0.005,-0.005,-2.826,0.000,-0.000,0.000,0.9110,-0.0120,-0.0269,-0.4114,2631.13,172.78,7.10,3.38,63209.3,100,1.00,1.07,5
46643,-0.000,0.002,0.281,0.007,-0.002,-2.819,0.000,-0.000,0.000,0.9108,-0.0120,-0.0269,-0.4119,2634.22,172.58,7.05,3.38,63194.4,100,1.00,1.08,5
46663,-0.000,0.001,0.277,0.006,-0.002,-2.815,0.000,-0.000,0.000,0.9106,-0.0120,-0.0270,-0.4123,2637.39,172.46,7.10,3.38,63152.5,100,1.00,1.09,5
46683,0.001,0.001,0.277,0.010,-0.002,-2.810,0.000,-0.000,0.000,0.9104,-0.0120,-0.0270,-0.4128,2640.46,172.25,7.10,3.38,63150.6,100,1.00,1.09,5
46703,-0.000,-0.000,0.272,0.009,-0.003,-2.806,0.000,-0.000,0.000,0.9102,-0.0120,-0.0270,-0.4132,2643.60,172.11,7.14,3.38,63109.8,100,1.00,1.10,5
46723,0.000,0.000,0.274,0.007,-0.001,-2.802,0.000,-0.000,0.000,0.9099,-0.0120,-0.0270,-0.4137,2646.72,171.95,7.12,3.38,63090.1,100,1.00,1.11,5
46744,-0.001,-0.002,0.270,0.009,0.000,-2.796,0.000,-0.000,0.000,0.9097,-0.0119,-0.0270,-0.4141,2649.84,171.80,7.16,3.38,63065.4,100,1.00,1.12,5
46763,-0.002,-0.000,0.272,0.009,-0.001,-2.793,0.000,-0.000,0.000,0.9095,-0.0119,-0.0270,-0.4146,2652.97,171.65,7.15,3.38,63038.7,100,1.00,1.13,5
46783,0.001,-0.002,0.273,0.010,0.000,-2.787,0.000,-0.000,0.000,0.9093,-0.0119,-0.0270,-0.4150,2656.04,171.45,7.13,3.38,63027.5,100,1.00,1.13,5
46803,0.002,-0.003,0.270,0.009,0.001,-2.782,0.000,-0.000,0.000,0.9091,-0.0119,-0.0270,-0.4154,2659.12,171.27,7.16,3.38,63000.6,100,1.00,1.14,5
46823,-0.001,0.000,0.266,0.009,0.000,-2.778,0.000,-0.000,0.000,0.9089,-0.0119,-0.0270,-0.4159,2662.19,171.08,7.21,3.38,62978.9,100,1.00,1.15,5
46843,-0.000,-0.001,0.271,0.009,0.001,-2.773,0.000,-0.000,0.000,0.9087,-0.0119,-0.0270,-0.4163,2665.26,170.89,7.15,3.39,62954.2,100,1.00,1.16,5
46863,-0.000,-0.003,0.264,0.007,0.001,-2.770,0.000,-0.000,0.000,0.9085,-0.0119,-0.0270,-0.4168,2668.31,170.70,7.23,3.39,62932.2,100,1.00,1.17,5
46883,-0.000,-0.001,0.264,0.009,0.002,-2.762,0.000,-0.000,0.000,0.9083,-0.0119,-0.0271,-0.4172,2671.34,170.49,7.23,3.39,62914.1,100,1.00,1.18,5
46903,0.001,0.001,0.267,0.010,0.003,-2.759,0.000,-0.000,0.000,0.9081,-0.0119,-0.0271,-0.4176,2674.39,170.29,7.19,3.39,62886.7,100,1.00,1.18,5
46923,-0.000,0.001,0.265,0.005,0.001,-2.755,0.000,-0.000,0.000,0.9079,-0.0119,-0.0271,-0.4181,2677.45,170.12,7.22,3.39,62858.7,100,1.00,1.19,5
46943,0.002,-0.001,0.264,0.009,0.004,-2.748,0.000,-0.000,0.000,0.9077,-0.0119,-0.0271,-0.4185,2680.48,169.90,7.22,3.39,62843.4,100,1.00,1.20,5
46963,0.003,-0.001,0.266,0.006,0.004,-2.744,0.000,-0.000,0.000,0.9075,-0.0119,-0.0271,-0.4189,2683.53,169.73,7.20,3.39,62812.5,100,1.00,1.21,5
46983,0.000,-0.003,0.262,0.007,0.004,-2.740,0.000,-0.000,0.000,0.9073,-0.0119,-0.0271,-0.4194,2686.55,169.53,7.24,3.39,62794.9,100,1.00,1.22,5
47003,0.001,-0.002,0.258,0.004,0.005,-2.737,0.000,-0.000,0.000,0.9071,-0.0118,-0.0271,-0.4198,2689.57,169.32,7.28,3.39,62773.1,100,1.00,1.23,5
47023,0.001,-0.002,0.261,0.009,0.004,-2.731,0.000,-0.000,0.000,0.9069,-0.0118,-0.0271,-0.4202,2692.56,169.10,7.25,3.39,62753.1,100,1.00,1.24,5
47043,0.002,-0.003,0.259,0.005,0.005,-2.727,0.000,-0.000,0.000,0.9067,-0.0118,-0.0271,-0.4207,2695.54,168.87,7.27,3.39,62733.1,100,1.00,1.24,5
47063,-0.000,-0.002,0.255,0.009,0.007,-2.722,0.000,-0.000,0.000,0.9065,-0.0118,-0.0271,-0.4211,2698.50,168.62,7.31,3.39,62713.0,100,1.00,1.25,5
47083,-0.001,-0.000,0.259,0.004,0.007,-2.716,0.000,-0.000,0.000,0.9063,-0.0118,-0.0271,-0.4215,2701.50,168.42,7.27,3.39,62682.7,100,1.00,1.26,5
47103,0.000,-0.001,0.254,0.004,0.005,-2.712,0.000,-0.000,0.000,0.9061,-0.0118,-0.0271,-0.4220,2704.46,168.18,7.32,3.39,62665.6,100,1.00,1.27,5
47123,0.003,-0.002,0.253,0.002,0.005,-2.708,0.000,-0.000,0.000,0.9059,-0.0118,-0.0271,-0.4224,2707.40,167.94,7.33,3.39,62645.4,100,1.00,1.28,5
47143,0.001,-0.001,0.253,0.004,0.006,-2.703,0.000,-0.000,0.000,0.9057,-0.0118,-0.0272,-0.4228,2710.42,167.76,7.33,3.39,62607.0,100,1.00,1.29,5
47163,-0.000,-0.003,0.252,0.004,0.009,-2.698,0.000,-0.000,0.000,0.9055,-0.0118,-0.0272,-0.4232,2713.36,167.53,7.34,3.39,62598.7,100,1.00,1.30,5
47183,0.003,-0.003,0.253,0.002,0.009,-2.693,0.000,-0.000,0.000,0.9053,-0.0118,-0.0272,-0.4237,2716.36,167.35,7.33,3.39,62563.0,100,1.00,1.31,5
47203,0.002,-0.002,0.248,0.003,0.006,-2.692,0.000,-0.000,0.000,0.9051,-0.0118,-0.0272,-0.4241,2719.31,167.12,7.38,3.39,62550.6,100,1.00,1.32,5
47223,0.003,-0.003,0.251,0.003,0.009,-2.687,0.000,-0.000,0.000,0.9049,-0.0118,-0.0272,-0.4245,2722.25,166.90,7.35,3.39,62528.6,100,1.00,1.33,5
47243,0.002,-0.002,0.250,0.001,0.006,-2.678,0.000,-0.000,0.000,0.9047,-0.0118,-0.0272,-0.4249,2725.24,166.71,7.36,3.40,62496.3,100,1.00,1.34,5
47266,0.003,-0.003,0.247,0.001,0.010,-2.676,0.000,-0.000,0.000,0.9045,-0.0118,-0.0272,-0.4254,2728.21,166.53,7.39,3.40,62475.2,100,1.00,1.35,5
47283,0.004,-0.003,0.249,0.002,0.006,-2.673,0.000,-0.000,0.000,0.9043,-0.0118,-0.0272,-0.4258,2731.19,166.34,7.37,3.40,62450.7,100,1.00,1.36,5
47303,0.002,-0.001,0.242,-0.001,0.006,-2.666,0.000,-0.000,0.000,0.9041,-0.0117,-0.0272,-0.4262,2734.10,166.10,7.43,3.40,62442.1,100,1.00,1.37,5
47323,0.004,-0.003,0.247,-0.000,0.009,-2.662,0.000,-0.000,0.000,0.9039,-0.0117,-0.0272,-0.4266,2737.11,165.96,7.39,3.40,62398.2,100,1.00,1.38,5
47343,0.002,-0.003,0.244,-0.001,0.006,-2.658,0.000,-0.000,0.000,0.9037,-0.0117,-0.0272,-0.4270,2740.09,165.79,7.42,3.40,62381.0,100,1.00,1.39,5
47363,0.007,-0.001,0.244,-0.002,0.009,-2.654,0.000,-0.000,0.000,0.9035,-0.0117,-0.0272,-0.4275,2743.01,165.57,7.41,3.40,62369.6,100,1.00,1.40,5
47383,0.002,-0.003,0.245,-0.002,0.010,-2.647,0.000,-0.000,0.000,0.9033,-0.0117,-0.0272,-0.4279,2745.89,165.31,7.41,3.40,62354.9,100,1.00,1.41,5
47403,0.001,-0.001,0.239,-0.002,0.009,-2.644,0.000,-0.000,0.000,0.9031,-0.0117,-0.0272,-0.4283,2748.77,165.06,7.46,3.40,62331.8,100,1.00,1.42,5
47423,0.000,-0.001,0.242,-0.002,0.009,-2.640,0.000,-0.000,0.000,0.9030,-0.0117,-0.0272,-0.4287,2751.73,164.90,7.44,3.40,62292.0,100,1.00,1.43,5
47443,0.004,-0.001,0.246,-0.001,0.009,-2.635,0.000,-0.000,0.000,0.9028,-0.0117,-0.0273,-0.4291,2754.67,164.71,7.40,3.40,62274.4,100,1.00,1.44,5
47463,0.002,-0.001,0.236,-0.002,0.010,-2.629,0.000,-0.000,0.000,0.9026,-0.0117,-0.0273,-0.4295,2757.54,164.46,7.49,3.40,62266.1,100,1.00,1.46,5
47483,0.004,-0.000,0.237,-0.004,0.007,-2.626,0.000,-0.000,0.000,0.9024,-0.0117,-0.0273,-0.4300,2760.43,164.24,7.49,3.40,62236.8,100,1.00,1.47,5
47503,0.002,-0.000,0.236,-0.004,0.007,-2.621,0.000,-0.000,0.000,0.9022,-0.0117,-0.0273,-0.4304,2763.39,164.08,7.49,3.40,62201.6,100,1.00,1.48,5
47523,0.004,-0.002,0.238,-0.003,0.006,-2.617,0.000,-0.000,0.000,0.9020,-0.0117,-0.0273,-0.4308,2766.32,163.91,7.48,3.40,62183.5,100,1.00,1.49,5
47543,0.003,-0.002,0.239,-0.004,0.005,-2.612,0.000,-0.000,0.000,0.9018,-0.0117,-0.0273,-0.4312,2769.22,163.70,7.46,3.40,62168.3,100,1.00,1.50,5
47563,0.002,-0.001,0.236,-0.004,0.009,-2.609,0.000,-0.000,0.000,0.9016,-0.0117,-0.0273,-0.4316,2772.08,163.47,7.50,3.40,62152.0,100,1.00,1.50,5
47583,0.002,-0.000,0.234,-0.007,0.005,-2.601,0.000,-0.000,0.000,0.9014,-0.0117,-0.0273,-0.4320,2774.94,163.24,7.51,3.40,62129.6,100,1.00,1.50,5
47603,0.001,-0.000,0.231,-0.006,0.006,-2.598,0.000,-0.000,0.000,0.9012,-0.0117,-0.0273,-0.4324,2777.85,163.05,7.54,3.40,62099.0,100,1.00,1.50,5
47623,0.005,-0.001,0.233,-0.007,0.004,-2.594,0.000,-0.000,0.000,0.9010,-0.0117,-0.0273,-0.4328,2780.72,162.83,7.52,3.40,62082.9,100,1.00,1.50,5
47643,0.003,-0.002,0.230,-0.009,0.002,-2.591,0.000,-0.000,0.000,0.9008,-0.0116,-0.0273,-0.4332,2783.70,162.73,7.55,3.40,62036.8,100,1.00,1.50,5
47663,0.002,0.001,0.232,-0.007,0.004,-2.583,0.000,-0.000,0.000,0.9006,-0.0116,-0.0273,-0.4336,2786.60,162.55,7.53,3.40,62030.9,100,1.00,1.50,5
47683,0.004,-0.003,0.229,-0.009,0.005,-2.581,0.000,-0.000,0.000,0.9004,-0.0116,-0.0273,-0.4341,2789.43,162.31,7.56,3.40,62023.2,100,1.00,1.50,5
47703,0.003,-0.001,0.227,-0.006,0.004,-2.575,0.000,-0.000,0.000,0.9002,-0.0116,-0.0273,-0.4345,2792.33,162.13,7.58,3.41,61985.8,100,1.00,1.50,5
47723,0.003,-0.002,0.228,-0.009,0.003,-2.569,0.000,-0.000,0.000,0.9000,-0.0116,-0.0273,-0.4349,2795.23,161.96,7.57,3.41,61964.3,100,1.00,1.50,5
47743,0.004,-0.001,0.228,-0.006,0.003,-2.566,0.000,-0.000,0.000,0.8998,-0.0116,-0.0274,-0.4353,2798.04,161.72,7.57,3.41,61958.4,100,1.00,1.50,5
47763,0.002,-0.001,0.226,-0.009,0.001,-2.561,0.000,-0.000,0.000,0.8996,-0.0116,-0.0274,-0.4357,2800.93,161.55,7.59,3.41,61920.3,100,1.00,1.50,5
47783,0.004,-0.001,0.225,-0.009,0.002,-2.557,0.000,-0.000,0.000,0.8994,-0.0116,-0.0274,-0.4361,2803.81,161.37,7.60,3.41,61899.8,100,1.00,1.50,5
47803,0.004,-0.001,0.219,-0.009,0.002,-2.555,0.000,-0.000,0.000,0.8992,-0.0116,-0.0274,-0.4365,2806.67,161.18,7.66,3.41,61881.9,100,1.00,1.50,5
47823,0.004,0.001,0.222,-0.009,0.001,-2.550,0.000,-0.000,0.000,0.8990,-0.0116,-0.0274,-0.4369,2809.50,160.97,7.63,3.41,61865.9,100,1.00,1.50,5
47843,0.003,-0.001,0.223,-0.009,0.002,-2.546,0.000,-0.000,0.000,0.8988,-0.0116,-0.0274,-0.4373,2812.33,160.75,7.63,3.41,61845.0,100,1.00,1.50,5
47866,0.003,-0.001,0.220,-0.010,0.000,-2.540,0.000,-0.000,0.000,0.8986,-0.0116,-0.0274,-0.4377,2815.12,160.51,7.65,3.41,61829.1,100,1.00,1.50,5
47883,0.007,0.000,0.220,-0.010,-0.001,-2.535,0.000,-0.000,0.000,0.8985,-0.0116,-0.0274,-0.4381,2817.96,160.32,7.65,3.41,61796.0,100,1.00,1.50,5
47903,0.002,0.001,0.215,-0.009,-0.002,-2.530,0.000,-0.000,0.000,0.8983,-0.0116,-0.0274,-0.4385,2820.67,160.01,7.70,3.41,61803.5,100,1.00,1.50,5
47923,0.004,-0.002,0.220,-0.009,0.002,-2.527,0.000,-0.000,0.000,0.8981,-0.0116,-0.0274,-0.4389,2823.50,159.82,7.65,3.41,61754.9,100,1.00,1.50,5
47944,0.003,0.000,0.220,-0.010,-0.001,-2.523,0.000,-0.000,0.000,0.8979,-0.0116,-0.0274,-0.4393,2826.32,159.61,7.65,3.41,61736.3,100,1.00,1.50,5
47963,0.002,-0.000,0.220,-0.007,0.000,-2.517,0.000,-0.000,0.000,0.8977,-0.0116,-0.0274,-0.4396,2829.13,159.41,7.65,3.41,61715.4,100,1.00,1.50,5
47983,0.003,0.001,0.218,-0.011,-0.004,-2.513,0.000,-0.000,0.000,0.8975,-0.0116,-0.0274,-0.4400,2831.91,159.19,7.67,3.41,61698.9,100,1.00,1.50,5
48003,0.004,-0.001,0.215,-0.007,-0.003,-2.510,0.000,-0.000,0.000,0.8973,-0.0116,-0.0274,-0.4404,2834.78,159.05,7.70,3.41,61659.2,100,1.00,1.50,5
48023,0.003,0.001,0.214,-0.010,-0.002,-2.503,0.000,-0.000,0.000,0.8971,-0.0116,-0.0274,-0.4408,2837.60,158.86,7.71,3.41,61648.3,100,1.00,1.50,5
48043,0.002,0.000,0.217,-0.007,-0.004,-2.499,0.000,-0.000,0.000,0.8969,-0.0116,-0.0275,-0.4412,2840.41,158.67,7.68,3.41,61626.6,100,1.00,1.50,5
48063,0.002,-0.001,0.211,-0.010,-0.004,-2.496,0.000,-0.000,0.000,0.8967,-0.0116,-0.0275,-0.4416,2843.24,158.51,7.74,3.42,61601.0,100,1.00,1.50,5
48083,0.003,0.001,0.213,-0.009,-0.002,-2.493,0.000,-0.000,0.000,0.8965,-0.0116,-0.0275,-0.4420,2845.99,158.27,7.72,3.42,61596.6,100,1.00,1.50,5
48103,0.002,0.002,0.214,-0.011,-0.005,-2.487,0.000,-0.000,0.000,0.8963,-0.0116,-0.0275,-0.4424,2848.76,158.06,7.71,3.42,61569.6,100,1.00,1.50,5
48123,0.003,0.001,0.212,-0.007,-0.004,-2.482,0.000,-0.000,0.000,0.8961,-0.0116,-0.0275,-0.4428,2851.53,157.85,7.73,3.42,61549.0,100,1.00,1.50,5
48143,0.001,0.001,0.208,-0.009,-0.006,-2.477,0.000,-0.000,0.000,0.8959,-0.0116,-0.0275,-0.4432,2854.34,157.68,7.77,3.42,61518.4,100,1.00,1.50,5
48163,0.004,-0.001,0.207,-0.010,-0.005,-2.475,0.000,-0.000,0.000,0.8958,-0.0115,-0.0275,-0.4436,2857.13,157.49,7.78,3.42,61502.1,100,1.00,1.50,5
48183,0.003,0.001,0.210,-0.007,-0.007,-2.468,0.000,-0.000,0.000,0.8956,-0.0115,-0.0275,-0.4439,2859.94,157.32,7.75,3.42,61475.8,100,1.00,1.50,5
48203,0.003,0.000,0.207,-0.009,-0.006,-2.464,0.000,-0.000,0.000,0.8954,-0.0115,-0.0275,-0.4443,2862.69,157.11,7.78,3.42,61465.0,100,1.00,1.50,5
48223,0.000,0.001,0.209,-0.009,-0.006,-2.459,0.000,-0.000,0.000,0.8952,-0.0115,-0.0275,-0.4447,2865.49,156.95,7.76,3.42,61434.1,100,1.00,1.50,5
48243,0.003,0.000,0.209,-0.007,-0.009,-2.456,0.000,-0.000,0.000,0.8950,-0.0115,-0.0275,-0.4451,2868.24,156.74,7.75,3.42,61421.9,100,1.00,1.50,5
48263,0.005,0.001,0.208,-0.007,-0.010,-2.450,0.000,-0.000,0.000,0.8948,-0.0115,-0.0275,-0.4455,2870.94,156.49,7.77,3.42,61412.2,100,1.00,1.50,5
48283,0.005,0.003,0.203,-0.006,-0.010,-2.446,0.000,-0.000,0.000,0.8946,-0.0115,-0.0275,-0.4459,2873.68,156.28,7.82,3.42,61381.6,100,1.00,1.50,5
48303,0.004,0.000,0.203,-0.006,-0.010,-2.441,0.000,-0.000,0.000,0.8944,-0.0115,-0.0276,-0.4462,2876.48,156.14,7.82,3.42,61348.5,100,1.00,1.50,5
48323,0.002,0.002,0.201,-0.005,-0.010,-2.437,0.000,-0.000,0.000,0.8942,-0.0115,-0.0276,-0.4466,2879.21,155.92,7.84,3.42,61341.4,100,1.00,1.50,5
48343,0.003,0.002,0.206,-0.004,-0.011,-2.434,0.000,-0.000,0.000,0.8940,-0.0115,-0.0276,-0.4470,2881.96,155.73,7.79,3.42,61316.5,100,1.00,1.50,5
48363,0.002,0.003,0.200,-0.004,-0.010,-2.428,0.000,-0.000,0.000,0.8938,-0.0115,-0.0276,-0.4474,2884.73,155.57,7.85,3.43,61289.1,100,1.00,1.50,5
48383,-0.000,-0.001,0.198,-0.005,-0.010,-2.425,0.000,-0.000,0.000,0.8937,-0.0115,-0.0276,-0.4478,2887.42,155.33,7.87,3.43,61285.9,100,1.00,1.50,5
48403,0.001,0.003,0.197,-0.003,-0.011,-2.420,0.000,-0.000,0.000,0.8935,-0.0115,-0.0276,-0.4481,2890.15,155.14,7.87,3.43,61256.5,100,1.00,1.50,5
48423,0.001,0.003,0.201,-0.003,-0.011,-2.416,0.000,-0.000,0.000,0.8933,-0.0115,-0.0276,-0.4485,2892.87,154.94,7.84,3.43,61236.0,100,1.00,1.50,5
48443,0.000,0.001,0.196,-0.003,-0.009,-2.411,0.000,-0.000,0.000,0.8931,-0.0115,-0.0276,-0.4489,2895.59,154.75,7.89,3.43,61215.0,100,1.00,1.50,5
48463,0.001,0.002,0.198,-0.003,-0.009,-2.409,0.000,-0.000,0.000,0.8929,-0.0115,-0.0276,-0.4493,2898.34,154.58,7.87,3.43,61188.2,100,1.00,1.50,5
48486,0.003,0.002,0.199,-0.000,-0.012,-2.402,0.000,-0.000,0.000,0.8927,-0.0115,-0.0276,-0.4496,2901.09,154.42,7.86,3.43,61167.7,100,1.00,1.50,5
48503,-0.000,0.002,0.195,-0.000,-0.011,-2.398,0.000,-0.000,0.000,0.8925,-0.0115,-0.0276,-0.4500,2903.75,154.18,7.89,3.43,61163.8,100,1.00,1.50,5
48523,0.003,0.001,0.197,-0.002,-0.011,-2.393,0.000,-0.000,0.000,0.8923,-0.0115,-0.0277,-0.4504,2906.39,153.92,7.88,3.43,61148.0,100,1.00,1.50,5
48544,0.002,0.002,0.194,-0.000,-0.012,-2.389,0.000,-0.000,0.000,0.8921,-0.0115,-0.0277,-0.4508,2909.15,153.78,7.91,3.43,61102.7,100,1.00,1.50,5
48563,0.002,0.000,0.198,-0.001,-0.011,-2.384,0.000,-0.000,0.000,0.8920,-0.0115,-0.0277,-0.4511,2911.86,153.59,7.86,3.43,61091.7,100,1.00,1.50,5
48583,0.000,-0.000,0.195,0.002,-0.009,-2.380,0.000,-0.000,0.000,0.8918,-0.0115,-0.0277,-0.4515,2914.59,153.43,7.90,3.43,61066.1,100,1.00,1.50,5
48603,-0.001,0.000,0.190,0.001,-0.011,-2.374,0.000,-0.000,0.000,0.8916,-0.0115,-0.0277,-0.4519,2917.28,153.24,7.94,3.43,61053.1,100,1.00,1.50,5
48623,0.004,0.001,0.190,0.003,-0.011,-2.373,0.000,-0.000,0.000,0.8914,-0.0115,-0.0277,-0.4522,2919.95,153.03,7.94,3.44,61036.6,100,1.00,1.50,5
48643,0.000,0.000,0.191,0.001,-0.010,-2.369,0.000,-0.000,0.000,0.8912,-0.0115,-0.0277,-0.4526,2922.59,152.79,7.93,3.44,61023.2,100,1.00,1.50,5
48663,0.000,0.002,0.188,0.002,-0.012,-2.364,0.000,-0.000,0.000,0.8910,-0.0115,-0.0277,-0.4530,2925.24,152.57,7.96,3.44,60999.8,100,1.00,1.50,5
48683,0.000,-0.000,0.186,0.003,-0.010,-2.358,0.000,-0.000,0.000,0.8908,-0.0115,-0.0277,-0.4533,2927.87,152.34,7.99,3.44,60982.4,100,1.00,1.50,5
48703,0.001,0.001,0.187,0.003,-0.012,-2.355,0.000,-0.000,0.000,0.8906,-0.0115,-0.0277,-0.4537,2930.53,152.14,7.98,3.44,60956.0,100,1.00,1.50,5
48723,-0.000,0.000,0.189,0.003,-0.010,-2.352,0.000,-0.000,0.000,0.8905,-0.0114,-0.0277,-0.4541,2933.22,151.97,7.96,3.44,60929.1,100,1.00,1.50,5
48743,0.001,0.000,0.190,0.006,-0.012,-2.346,0.000,-0.000,0.000,0.8903,-0.0114,-0.0277,-0.4544,2935.83,151.73,7.95,3.44,60924.5,100,1.00,1.50,5
48763,-0.001,0.002,0.186,0.004,-0.011,-2.344,0.000,-0.000,0.000,0.8901,-0.0114,-0.0278,-0.4548,2938.43,151.48,7.99,3.44,60907.7,100,1.00,1.50,5
48783,-0.000,0.001,0.183,0.006,-0.012,-2.336,0.000,-0.000,0.000,0.8899,-0.0114,-0.0278,-0.4552,2941.03,151.23,8.02,3.44,60886.6,100,1.00,1.50,5
48803,-0.000,0.001,0.184,0.005,-0.009,-2.334,0.000,-0.000,0.000,0.8897,-0.0114,-0.0278,-0.4555,2943.58,150.96,8.00,3.44,60875.2,100,1.00,1.50,5
48823,0.002,0.001,0.183,0.007,-0.007,-2.328,0.000,-0.000,0.000,0.8895,-0.0114,-0.0278,-0.4559,2946.20,150.74,8.02,3.44,60842.4,100,1.00,1.50,5
48843,-0.002,0.002,0.187,0.007,-0.010,-2.323,0.000,-0.000,0.000,0.8893,-0.0114,-0.0278,-0.4562,2948.88,150.59,7.98,3.44,60809.3,100,1.00,1.50,5
48863,-0.000,-0.001,0.183,0.006,-0.010,-2.320,0.000,-0.000,0.000,0.8892,-0.0114,-0.0278,-0.4566,2951.53,150.41,8.01,3.44,60795.5,100,1.00,1.50,5
48883,0.002,0.002,0.180,0.007,-0.009,-2.315,0.000,-0.000,0.000,0.8890,-0.0114,-0.0278,-0.4570,2954.12,150.19,8.05,3.45,60784.6,100,1.00,1.50,5
48903,0.000,-0.001,0.178,0.010,-0.009,-2.311,0.000,-0.000,0.000,0.8888,-0.0114,-0.0278,-0.4573,2956.77,150.01,8.06,3.45,60756.2,100,1.00,1.50,5
48923,0.000,0.000,0.179,0.006,-0.009,-2.307,0.000,-0.000,0.000,0.8886,-0.0114,-0.0278,-0.4577,2959.35,149.78,8.05,3.45,60746.9,100,1.00,1.50,5
48944,-0.001,0.000,0.176,0.010,-0.005,-2.303,0.000,-0.000,0.000,0.8884,-0.0114,-0.0278,-0.4580,2961.94,149.56,8.08,3.45,60727.0,100,1.00,1.50,5
48963,-0.002,-0.001,0.180,0.007,-0.007,-2.297,0.000,-0.000,0.000,0.8882,-0.0114,-0.0278,-0.4584,2964.53,149.35,8.05,3.45,60705.0,100,1.00,1.50,5
48983,0.002,0.002,0.178,0.010,-0.003,-2.295,0.000,-0.000,0.000,0.8881,-0.0114,-0.0279,-0.4588,2967.16,149.18,8.06,3.45,60677.8,100,1.00,1.50,5
49003,-0.000,-0.001,0.176,0.010,-0.006,-2.290,0.000,-0.000,0.000,0.8879,-0.0114,-0.0279,-0.4591,2969.80,149.01,8.08,3.45,60656.0,100,1.00,1.50,5
49023,0.001,-0.002,0.176,0.010,-0.007,-2.286,0.000,-0.000,0.000,0.8877,-0.0114,-0.0279,-0.4595,2972.38,148.80,8.08,3.45,60647.7,100,1.00,1.50,5
49043,0.001,-0.001,0.175,0.010,-0.004,-2.281,0.000,-0.000,0.000,0.8875,-0.0114,-0.0279,-0.4598,2974.99,148.62,8.09,3.45,60620.2,100,1.00,1.50,5
49063,-0.003,-0.000,0.177,0.011,-0.005,-2.278,0.000,-0.000,0.000,0.8873,-0.0114,-0.0279,-0.4602,2977.59,148.44,8.08,3.45,60603.4,100,1.00,1.50,5
49083,-0.001,0.001,0.173,0.010,-0.005,-2.273,0.000,-0.000,0.000,0.8871,-0.0114,-0.0279,-0.4605,2980.14,148.20,8.12,3.45,60593.9,100,1.00,1.50,5
49103,0.001,-0.001,0.176,0.011,-0.005,-2.269,0.000,-0.000,0.000,0.8870,-0.0114,-0.0279,-0.4609,2982.71,148.00,8.09,3.45,60569.4,100,1.00,1.50,5
49138,-0.002,0.000,0.174,0.009,-0.002,-2.265,0.000,-0.000,0.000,0.8868,-0.0113,-0.0279,-0.4612,2985.32,147.84,8.10,3.45,60540.3,100,1.00,1.50,5
49143,0.001,-0.002,0.172,0.011,-0.003,-2.259,0.000,-0.000,0.000,0.8866,-0.0113,-0.0279,-0.4616,2987.92,147.67,8.12,3.45,60523.8,100,1.00,1.50,5
49164,0.001,-0.000,0.173,0.011,-0.002,-2.256,0.000,-0.000,0.000,0.8864,-0.0113,-0.0279,-0.4619,2990.49,147.47,8.11,3.45,60509.1,100,1.00,1.50,5
49183,0.001,-0.002,0.172,0.011,-0.002,-2.252,0.000,-0.000,0.000,0.8862,-0.0113,-0.0279,-0.4623,2993.00,147.22,8.12,3.46,60502.4,100,1.00,1.50,5
49203,-0.000,-0.001,0.172,0.011,-0.001,-2.249,0.000,-0.000,0.000,0.8860,-0.0113,-0.0279,-0.4626,2995.49,146.96,8.12,3.46,60486.7,100,1.00,1.50,5
49223,0.001,-0.002,0.173,0.012,-0.001,-2.241,0.000,-0.000,0.000,0.8859,-0.0113,-0.0280,-0.4630,2998.03,146.75,8.11,3.46,60456.0,100,1.00,1.50,5
49243,-0.000,-0.002,0.171,0.010,-0.001,-2.238,0.000,-0.000,0.000,0.8857,-0.0113,-0.0280,-0.4633,3000.57,146.54,8.13,3.46,60438.7,100,1.00,1.50,5
49263,-0.000,-0.003,0.172,0.013,-0.001,-2.235,0.000,-0.000,0.000,0.8855,-0.0113,-0.0280,-0.4637,3003.10,146.33,8.12,3.46,60418.6,100,1.00,1.50,5
49283,0.001,-0.000,0.168,0.012,0.001,-2.230,0.000,-0.000,0.000,0.8853,-0.0113,-0.0280,-0.4640,3005.64,146.13,8.16,3.46,60398.9,100,1.00,1.50,5
49303,-0.000,-0.001,0.171,0.011,0.001,-2.224,0.000,-0.000,0.000,0.8851,-0.0113,-0.0280,-0.4643,3008.11,145.88,8.13,3.46,60390.7,100,1.00,1.50,5
49323,-0.000,-0.001,0.167,0.011,0.002,-2.221,0.000,-0.000,0.000,0.8850,-0.0113,-0.0280,-0.4647,3010.62,145.65,8.18,3.46,60365.9,100,1.00,1.50,5
49343,-0.000,-0.000,0.166,0.012,0.001,-2.217,0.000,-0.000,0.000,0.8848,-0.0113,-0.0280,-0.4650,3013.20,145.51,8.19,3.46,60331.7,100,1.00,1.50,5
49363,0.001,-0.001,0.165,0.012,0.003,-2.214,0.000,-0.000,0.000,0.8846,-0.0113,-0.0280,-0.4654,3015.73,145.32,8.19,3.46,60321.4,100,1.00,1.50,5
49383,0.001,-0.000,0.166,0.011,0.003,-2.210,0.000,-0.000,0.000,0.8844,-0.0113,-0.0280,-0.4657,3018.15,145.03,8.19,3.46,60324.6,100,1.00,1.50,5
49403,-0.001,-0.001,0.158,0.012,0.005,-2.205,0.000,-0.000,0.000,0.8842,-0.0113,-0.0280,-0.4661,3020.62,144.79,8.26,3.46,60296.3,100,1.00,1.50,5
49423,0.003,0.000,0.165,0.011,0.005,-2.200,0.000,-0.000,0.000,0.8841,-0.0113,-0.0280,-0.4664,3023.15,144.61,8.19,3.46,60265.1,100,1.00,1.50,5
49443,0.003,-0.002,0.167,0.010,0.006,-2.196,0.000,-0.000,0.000,0.8839,-0.0113,-0.0280,-0.4667,3025.68,144.44,8.17,3.46,60244.0,100,1.00,1.50,5
49463,0.002,-0.001,0.163,0.011,0.005,-2.191,0.000,-0.000,0.000,0.8837,-0.0113,-0.0280,-0.4671,3028.22,144.27,8.21,3.46,60224.8,100,1.00,1.50,5
49483,0.002,-0.001,0.160,0.011,0.004,-2.187,0.000,-0.000,0.000,0.8835,-0.0112,-0.0280,-0.4674,3030.74,144.09,8.24,3.46,60207.7,100,1.00,1.50,5
49503,0.001,-0.004,0.160,0.011,0.006,-2.184,0.000,-0.000,0.000,0.8833,-0.0112,-0.0280,-0.4677,3033.18,143.85,8.24,3.46,60205.3,100,1.00,1.50,5
49523,0.002,-0.003,0.158,0.011,0.006,-2.178,0.000,-0.000,0.000,0.8832,-0.0112,-0.0281,-0.4681,3035.59,143.58,8.26,3.46,60191.4,100,1.00,1.50,5
49544,-0.000,-0.001,0.158,0.010,0.007,-2.173,0.000,-0.000,0.000,0.8830,-0.0112,-0.0281,-0.4684,3038.02,143.32,8.26,3.46,60170.7,100,1.00,1.50,5
49563,-0.000,-0.003,0.158,0.011,0.007,-2.170,0.000,-0.000,0.000,0.8828,-0.0112,-0.0281,-0.4687,3040.48,143.11,8.26,3.46,60143.8,100,1.00,1.50,5
49583,0.000,-0.002,0.158,0.010,0.007,-2.167,0.000,-0.000,0.000,0.8826,-0.0112,-0.0281,-0.4691,3042.97,142.93,8.26,3.46,60119.8,100,1.00,1.50,5
49603,-0.002,-0.002,0.156,0.009,0.009,-2.164,0.000,-0.000,0.000,0.8825,-0.0112,-0.0281,-0.4694,3045.47,142.76,8.28,3.47,60097.8,100,1.00,1.50,5
49623,0.002,0.001,0.150,0.009,0.009,-2.159,0.000,-0.000,0.000,0.8823,-0.0112,-0.0281,-0.4697,3047.90,142.53,8.33,3.47,60093.4,100,1.00,1.50,5
49643,0.001,-0.001,0.159,0.006,0.007,-2.154,0.000,-0.000,0.000,0.8821,-0.0112,-0.0281,-0.4701,3050.35,142.32,8.25,3.47,60069.8,100,1.00,1.50,5
49663,0.004,-0.002,0.155,0.007,0.007,-2.149,0.000,-0.000,0.000,0.8819,-0.0112,-0.0281,-0.4704,3052.83,142.15,8.29,3.47,60045.0,100,1.00,1.50,5
49683,0.000,-0.002,0.158,0.006,0.007,-2.145,0.000,-0.000,0.000,0.8818,-0.0112,-0.0281,-0.4707,3055.28,141.95,8.26,3.47,60032.5,100,1.00,1.50,5
49703,0.001,-0.003,0.157,0.009,0.009,-2.141,0.000,-0.000,0.000,0.8816,-0.0112,-0.0281,-0.4711,3057.70,141.72,8.27,3.47,60019.7,100,1.00,1.50,5
49723,0.002,-0.001,0.155,0.007,0.010,-2.138,0.000,-0.000,0.000,0.8814,-0.0112,-0.0281,-0.4714,3060.13,141.50,8.29,3.47,60000.0,100,1.00,1.50,5
49747,0.001,-0.002,0.153,0.006,0.011,-2.133,0.000,-0.000,0.000,0.8812,-0.0112,-0.0281,-0.4717,3062.57,141.31,8.31,3.47,59978.2,100,1.00,1.50,5
49763,0.004,-0.004,0.155,0.005,0.010,-2.125,0.000,-0.000,0.000,0.8811,-0.0112,-0.0281,-0.4721,3064.97,141.07,8.29,3.47,59968.8,100,1.00,1.50,5
49783,0.003,-0.004,0.151,0.004,0.011,-2.123,0.000,-0.000,0.000,0.8809,-0.0112,-0.0281,-0.4724,3067.36,140.83,8.33,3.47,59951.0,100,1.00,1.50,5
49803,0.004,-0.003,0.150,0.004,0.010,-2.121,0.000,-0.000,0.000,0.8807,-0.0112,-0.0281,-0.4727,3069.73,140.59,8.33,3.47,59935.7,100,1.00,1.50,5
49823,0.002,-0.003,0.151,0.004,0.011,-2.117,0.000,-0.000,0.000,0.8805,-0.0112,-0.0281,-0.4730,3072.08,140.32,8.32,3.47,59922.2,100,1.00,1.50,5
49843,0.004,-0.003,0.150,0.004,0.010,-2.110,0.000,-0.000,0.000,0.8804,-0.0111,-0.0281,-0.4734,3074.37,140.01,8.34,3.47,59915.2,100,1.00,1.50,5
49863,0.004,-0.004,0.150,0.002,0.010,-2.106,0.000,-0.000,0.000,0.8802,-0.0111,-0.0281,-0.4737,3076.68,139.72,8.34,3.47,59894.1,100,1.00,1.50,5
49883,0.004,-0.000,0.145,0.003,0.011,-2.102,0.000,-0.000,0.000,0.8800,-0.0111,-0.0282,-0.4740,3079.01,139.45,8.39,3.47,59871.7,100,1.00,1.50,5
49903,0.002,-0.002,0.147,0.001,0.012,-2.099,0.000,-0.000,0.000,0.8798,-0.0111,-0.0282,-0.4743,3081.30,139.15,8.36,3.47,59862.9,100,1.00,1.50,5
49923,0.001,-0.005,0.143,0.001,0.012,-2.094,0.000,-0.000,0.000,0.8797,-0.0111,-0.0282,-0.4746,3083.51,138.78,8.41,3.47,59859.8,100,1.00,1.50,5
49944,0.003,-0.001,0.146,0.001,0.012,-2.091,0.000,-0.000,0.000,0.8795,-0.0111,-0.0282,-0.4750,3085.80,138.50,8.37,3.47,59825.9,100,1.00,1.50,5
49963,-0.000,-0.004,0.143,-0.000,0.011,-2.087,0.000,-0.000,0.000,0.8793,-0.0111,-0.0282,-0.4753,3088.08,138.20,8.41,3.47,59810.6,100,1.00,1.50,5
49983,0.002,-0.001,0.144,0.001,0.009,-2.083,0.000,-0.000,0.000,0.8791,-0.0111,-0.0282,-0.4756,3090.39,137.95,8.40,3.47,59785.4,100,1.00,1.50,5
50003,0.002,-0.000,0.146,0.001,0.011,-2.077,0.000,-0.000,0.000,0.8790,-0.0111,-0.0282,-0.4759,3092.57,137.58,8.38,3.47,59793.8,100,1.00,1.50,5
50023,0.002,-0.002,0.144,-0.000,0.013,-2.073,0.000,-0.000,0.000,0.8788,-0.0111,-0.0282,-0.4762,3094.86,137.31,8.40,3.47,59756.0,100,1.00,1.50,5
50043,0.001,-0.003,0.143,-0.001,0.013,-2.071,0.000,-0.000,0.000,0.8786,-0.0111,-0.0282,-0.4766,3097.00,136.91,8.41,3.47,59767.4,100,1.00,1.50,5
50063,0.002,-0.001,0.144,-0.001,0.013,-2.064,0.000,-0.000,0.000,0.8784,-0.0111,-0.0282,-0.4769,3099.17,136.56,8.40,3.47,59742.2,100,1.00,1.50,5
50083,0.004,-0.003,0.144,-0.002,0.011,-2.061,0.000,-0.000,0.000,0.8783,-0.0111,-0.0282,-0.4772,3101.36,136.22,8.40,3.47,59723.8,100,1.00,1.50,5
50103,0.005,-0.002,0.141,-0.002,0.011,-2.059,0.000,-0.000,0.000,0.8781,-0.0111,-0.0282,-0.4775,3103.51,135.85,8.43,3.47,59712.0,100,1.00,1.50,5
50123,0.003,-0.001,0.138,-0.003,0.010,-2.054,0.000,-0.000,0.000,0.8779,-0.0111,-0.0282,-0.4778,3105.67,135.50,8.45,3.47,59695.2,100,1.00,1.50,5
50143,0.004,0.000,0.141,-0.004,0.011,-2.047,0.000,-0.000,0.000,0.8778,-0.0111,-0.0282,-0.4781,3107.86,135.18,8.43,3.47,59670.2,100,1.00,1.50,5
50163,0.001,-0.001,0.137,-0.005,0.011,-2.046,0.000,-0.000,0.000,0.8776,-0.0111,-0.0282,-0.4785,3110.01,134.83,8.47,3.47,59661.6,100,1.00,1.50,5
50183,0.004,-0.001,0.139,-0.005,0.011,-2.041,0.000,-0.000,0.000,0.8774,-0.0111,-0.0282,-0.4788,3112.14,134.47,8.44,3.47,59649.1,100,1.00,1.50,5
50203,0.003,-0.001,0.139,-0.004,0.013,-2.038,0.000,-0.000,0.000,0.8772,-0.0111,-0.0282,-0.4791,3114.30,134.15,8.45,3.47,59625.0,100,1.00,1.50,5
50223,0.005,-0.001,0.136,-0.007,0.011,-2.034,0.000,-0.000,0.000,0.8771,-0.0111,-0.0282,-0.4794,3116.40,133.77,8.47,3.48,59621.0,100,1.00,1.50,5
50243,0.000,-0.002,0.134,-0.006,0.009,-2.027,0.000,-0.000,0.000,0.8769,-0.0111,-0.0282,-0.4797,3118.44,133.35,8.50,3.48,59614.9,100,1.00,1.50,5
50263,0.000,0.001,0.137,-0.006,0.010,-2.024,0.000,-0.000,0.000,0.8767,-0.0111,-0.0282,-0.4800,3120.52,132.97,8.46,3.48,59590.4,100,1.00,1.50,5
50283,0.004,-0.000,0.135,-0.007,0.010,-2.020,0.000,-0.000,0.000,0.8766,-0.0111,-0.0282,-0.4803,3122.63,132.63,8.48,3.48,59567.5,100,1.00,1.50,5
50303,0.004,-0.001,0.134,-0.007,0.010,-2.014,0.000,-0.000,0.000,0.8764,-0.0111,-0.0282,-0.4806,3124.69,132.25,8.49,3.48,59562.2,100,1.00,1.50,5
50323,0.004,-0.003,0.134,-0.007,0.010,-2.011,0.000,-0.000,0.000,0.8762,-0.0111,-0.0282,-0.4809,3126.72,131.84,8.49,3.48,59551.2,100,1.00,1.50,5
50343,0.001,-0.002,0.135,-0.010,0.007,-2.008,0.000,-0.000,0.000,0.8761,-0.0111,-0.0283,-0.4812,3128.74,131.43,8.49,3.48,59537.0,100,1.00,1.50,5
50366,0.002,0.002,0.135,-0.011,0.009,-2.004,0.000,-0.000,0.000,0.8759,-0.0111,-0.0283,-0.4815,3130.82,131.09,8.48,3.48,59507.7,100,1.00,1.50,5
50383,0.004,-0.000,0.133,-0.009,0.006,-1.998,0.000,-0.000,0.000,0.8757,-0.0111,-0.0283,-0.4819,3132.91,130.77,8.50,3.48,59490.2,100,1.00,1.50,5
50403,0.006,-0.000,0.129,-0.009,0.007,-1.995,0.000,-0.000,0.000,0.8756,-0.0111,-0.0283,-0.4822,3134.93,130.38,8.54,3.48,59486.6,100,1.00,1.50,5
50423,0.004,-0.001,0.133,-0.011,0.009,-1.992,0.000,-0.000,0.000,0.8754,-0.0110,-0.0283,-0.4825,3136.92,129.98,8.50,3.48,59476.6,100,1.00,1.50,5
50443,0.004,0.000,0.130,-0.012,0.005,-1.988,0.000,-0.000,0.000,0.8752,-0.0110,-0.0283,-0.4828,3139.02,129.68,8.53,3.48,59438.7,100,1.00,1.50,5
50463,0.002,-0.001,0.131,-0.012,0.006,-1.982,0.000,-0.000,0.000,0.8751,-0.0110,-0.0283,-0.4831,3141.07,129.34,8.52,3.48,59432.2,100,1.00,1.50,5
50483,0.003,0.000,0.130,-0.013,0.004,-1.978,0.000,-0.000,0.000,0.8749,-0.0110,-0.0283,-0.4834,3143.12,129.02,8.53,3.48,59415.5,100,1.00,1.50,5
50503,0.002,-0.000,0.131,-0.011,0.005,-1.976,0.000,-0.000,0.000,0.8747,-0.0110,-0.0283,-0.4837,3145.16,128.68,8.52,3.48,59401.4,100,1.00,1.50,5
50523,0.003,0.000,0.131,-0.013,0.004,-1.970,0.000,-0.000,0.000,0.8746,-0.0110,-0.0283,-0.4840,3147.16,128.32,8.52,3.48,59393.9,100,1.00,1.50,5
50543,0.004,-0.002,0.128,-0.014,0.002,-1.966,0.000,-0.000,0.000,0.8744,-0.0110,-0.0283,-0.4843,3149.14,127.94,8.55,3.48,59382.2,100,1.00,1.50,5
50563,0.006,-0.001,0.128,-0.013,0.003,-1.962,0.000,-0.000,0.000,0.8742,-0.0110,-0.0283,-0.4846,3151.12,127.57,8.55,3.48,59365.1,100,1.00,1.50,5
50583,0.005,0.000,0.130,-0.013,0.002,-1.959,0.000,-0.000,0.000,0.8741,-0.0110,-0.0283,-0.4849,3153.04,127.15,8.53,3.48,59361.0,100,1.00,1.50,5
50603,0.001,0.000,0.125,-0.013,0.004,-1.955,0.000,-0.000,0.000,0.8739,-0.0110,-0.0283,-0.4852,3155.00,126.77,8.58,3.48,59339.8,100,1.00,1.50,5
50623,0.005,0.001,0.124,-0.014,0.004,-1.949,0.000,-0.000,0.000,0.8737,-0.0110,-0.0283,-0.4855,3156.94,126.39,8.59,3.48,59326.2,100,1.00,1.50,5
50643,0.005,0.000,0.129,-0.013,0.002,-1.945,0.000,-0.000,0.000,0.8736,-0.0110,-0.0283,-0.4858,3158.87,126.01,8.54,3.48,59311.5,100,1.00,1.50,5
50663,0.004,0.000,0.129,-0.012,0.002,-1.943,0.000,-0.000,0.000,0.8734,-0.0110,-0.0283,-0.4861,3160.82,125.65,8.54,3.48,59293.6,100,1.00,1.50,5
50683,0.003,0.000,0.123,-0.015,0.001,-1.939,0.000,-0.000,0.000,0.8732,-0.0110,-0.0283,-0.4864,3162.74,125.26,8.60,3.48,59283.8,100,1.00,1.50,5
50703,0.003,0.001,0.123,-0.012,0.000,-1.935,0.000,-0.000,0.000,0.8731,-0.0110,-0.0283,-0.4867,3164.73,124.95,8.60,3.48,59254.4,100,1.00,1.50,5
50723,0.003,-0.001,0.125,-0.016,0.001,-1.930,0.000,-0.000,0.000,0.8729,-0.0110,-0.0283,-0.4869,3166.64,124.57,8.58,3.48,59254.2,100,1.00,1.50,5
50743,0.004,0.000,0.125,-0.014,-0.001,-1.926,0.000,-0.000,0.000,0.8727,-0.0110,-0.0283,-0.4872,3168.54,124.19,8.58,3.49,59240.8,100,1.00,1.50,5
50763,0.005,-0.001,0.124,-0.014,-0.001,-1.921,0.000,-0.000,0.000,0.8726,-0.0110,-0.0283,-0.4875,3170.38,123.77,8.59,3.49,59237.3,100,1.00,1.50,5
50783,0.004,0.000,0.120,-0.014,-0.001,-1.920,0.000,-0.000,0.000,0.8724,-0.0110,-0.0283,-0.4878,3172.26,123.39,8.63,3.49,59213.6,100,1.00,1.50,5
50803,0.005,0.001,0.125,-0.014,-0.004,-1.914,0.000,-0.000,0.000,0.8722,-0.0110,-0.0284,-0.4881,3174.22,123.08,8.58,3.49,59185.1,100,1.00,1.50,5
50823,0.003,0.002,0.118,-0.014,-0.002,-1.909,0.000,-0.000,0.000,0.8721,-0.0110,-0.0284,-0.4884,3176.04,122.66,8.65,3.49,59194.2,100,1.00,1.50,5
50843,0.001,0.000,0.124,-0.014,-0.002,-1.907,0.000,-0.000,0.000,0.8719,-0.0110,-0.0284,-0.4887,3177.94,122.31,8.59,3.49,59165.9,100,1.00,1.50,5
50863,0.000,0.002,0.123,-0.013,-0.003,-1.903,0.000,-0.000,0.000,0.8718,-0.0110,-0.0284,-0.4890,3179.84,121.97,8.60,3.49,59150.6,100,1.00,1.50,5
50883,0.005,0.001,0.117,-0.014,-0.003,-1.897,0.000,-0.000,0.000,0.8716,-0.0110,-0.0284,-0.4893,3181.69,121.60,8.66,3.49,59143.2,100,1.00,1.50,5
50903,0.006,-0.001,0.116,-0.014,-0.004,-1.892,0.000,-0.000,0.000,0.8714,-0.0110,-0.0284,-0.4896,3183.63,121.31,8.67,3.49,59112.6,100,1.00,1.50,5
50923,0.003,0.001,0.119,-0.013,-0.004,-1.890,0.000,-0.000,0.000,0.8713,-0.0110,-0.0284,-0.4899,3185.49,120.95,8.64,3.49,59113.3,100,1.00,1.50,5
50944,0.001,0.001,0.120,-0.014,-0.006,-1.884,0.000,-0.000,0.000,0.8711,-0.0110,-0.0284,-0.4901,3187.37,120.62,8.63,3.49,59094.1,100,1.00,1.50,5
50963,0.001,0.000,0.116,-0.014,-0.005,-1.880,0.000,-0.000,0.000,0.8710,-0.0110,-0.0284,-0.4904,3189.19,120.24,8.67,3.49,59090.4,100,1.00,1.50,5
50986,0.002,0.001,0.114,-0.014,-0.004,-1.878,0.000,-0.000,0.000,0.8708,-0.0110,-0.0284,-0.4907,3191.05,119.91,8.69,3.49,59067.2,100,1.00,1.50,5
51003,0.004,0.001,0.115,-0.014,-0.006,-1.873,0.000,-0.000,0.000,0.8706,-0.0110,-0.0284,-0.4910,3192.91,119.58,8.68,3.49,59054.2,100,1.00,1.50,5
51023,0.002,0.001,0.116,-0.013,-0.007,-1.866,0.000,-0.000,0.000,0.8705,-0.0110,-0.0284,-0.4913,3194.75,119.24,8.67,3.49,59041.4,100,1.00,1.50,5
51043,0.001,-0.001,0.117,-0.013,-0.009,-1.864,0.000,-0.000,0.000,0.8703,-0.0110,-0.0284,-0.4916,3196.60,118.91,8.66,3.49,59026.9,100,1.00,1.50,5
51063,0.004,0.001,0.111,-0.013,-0.010,-1.862,0.000,-0.000,0.000,0.8701,-0.0110,-0.0284,-0.4918,3198.47,118.61,8.72,3.49,59007.4,100,1.00,1.50,5
51083,0.002,-0.000,0.112,-0.012,-0.012,-1.855,0.000,-0.000,0.000,0.8700,-0.0110,-0.0284,-0.4921,3200.34,118.32,8.71,3.49,58992.5,100,1.00,1.50,5
51103,0.000,0.003,0.119,-0.013,-0.007,-1.851,0.000,-0.000,0.000,0.8698,-0.0110,-0.0284,-0.4924,3202.16,117.98,8.64,3.50,58986.9,100,1.00,1.50,5
51123,0.001,0.000,0.113,-0.010,-0.010,-1.849,0.000,-0.000,0.000,0.8697,-0.0110,-0.0284,-0.4927,3203.99,117.66,8.70,3.50,58971.4,100,1.00,1.50,5
51144,0.001,-0.001,0.112,-0.012,-0.012,-1.844,0.000,-0.000,0.000,0.8695,-0.0110,-0.0284,-0.4930,3205.83,117.36,8.71,3.50,58954.4,100,1.00,1.50,5
51163,0.003,0.000,0.106,-0.011,-0.009,-1.842,0.000,-0.000,0.000,0.8694,-0.0110,-0.0284,-0.4932,3207.67,117.06,8.77,3.50,58940.3,100,1.00,1.50,5
51183,0.002,-0.001,0.109,-0.011,-0.010,-1.838,0.000,-0.000,0.000,0.8692,-0.0110,-0.0285,-0.4935,3209.47,116.73,8.74,3.50,58933.3,100,1.00,1.50,5
51203,0.003,0.000,0.111,-0.013,-0.012,-1.832,0.000,-0.000,0.000,0.8690,-0.0110,-0.0285,-0.4938,3211.28,116.41,8.72,3.50,58917.3,100,1.00,1.50,5
51223,0.002,0.001,0.108,-0.010,-0.011,-1.828,0.000,-0.000,0.000,0.8689,-0.0110,-0.0285,-0.4941,3213.09,116.11,8.75,3.50,58903.0,100,1.00,1.50,5
51243,0.001,0.001,0.107,-0.010,-0.014,-1.825,0.000,-0.000,0.000,0.8687,-0.0110,-0.0285,-0.4944,3214.82,115.72,8.75,3.50,58905.4,100,1.00,1.50,5
51263,-0.000,0.000,0.108,-0.009,-0.015,-1.819,0.000,-0.000,0.000,0.8686,-0.0110,-0.0285,-0.4946,3216.66,115.46,8.75,3.50,58868.3,100,1.00,1.50,5
51283,-0.000,0.000,0.109,-0.009,-0.015,-1.816,0.000,-0.000,0.000,0.8684,-0.0110,-0.0285,-0.4949,3218.45,115.15,8.74,3.50,58864.0,100,1.00,1.50,5
51303,0.001,0.002,0.108,-0.009,-0.014,-1.813,0.000,-0.000,0.000,0.8682,-0.0110,-0.0285,-0.4952,3220.22,114.83,8.74,3.50,58853.6,100,1.00,1.50,5
51324,0.001,0.001,0.106,-0.007,-0.015,-1.809,0.000,-0.000,0.000,0.8681,-0.0110,-0.0285,-0.4955,3221.99,114.51,8.76,3.50,58840.2,100,1.00,1.50,5
51343,0.000,0.002,0.107,-0.006,-0.015,-1.803,0.000,-0.000,0.000,0.8679,-0.0110,-0.0285,-0.4957,3223.75,114.19,8.75,3.50,58827.2,100,1.00,1.50,5
51363,0.000,0.000,0.105,-0.006,-0.014,-1.801,0.000,-0.000,0.000,0.8678,-0.0110,-0.0285,-0.4960,3225.52,113.89,8.78,3.50,58812.2,100,1.00,1.50,5
51383,0.002,0.001,0.105,-0.005,-0.014,-1.796,0.000,-0.000,0.000,0.8676,-0.0110,-0.0285,-0.4963,3227.29,113.59,8.77,3.51,58798.1,100,1.00,1.50,5
51403,0.001,0.000,0.103,-0.006,-0.016,-1.792,0.000,-0.000,0.000,0.8675,-0.0110,-0.0285,-0.4966,3229.02,113.26,8.80,3.51,58791.8,100,1.00,1.50,5
51423,-0.000,0.001,0.104,-0.005,-0.017,-1.788,0.000,-0.000,0.000,0.8673,-0.0110,-0.0285,-0.4968,3230.77,112.95,8.78,3.51,58775.5,100,1.00,1.50,5
51443,0.001,0.001,0.103,-0.005,-0.017,-1.783,0.000,-0.000,0.000,0.8672,-0.0110,-0.0285,-0.4971,3232.53,112.66,8.80,3.51,58757.3,100,1.00,1.50,5
51463,0.002,0.002,0.103,-0.004,-0.016,-1.782,0.000,-0.000,0.000,0.8670,-0.0110,-0.0286,-0.4974,3234.30,112.38,8.80,3.51,58743.5,100,1.00,1.50,5
51483,-0.000,-0.001,0.100,-0.003,-0.016,-1.776,0.000,-0.000,0.000,0.8668,-0.0110,-0.0286,-0.4976,3236.10,112.14,8.83,3.51,58722.1,100,1.00,1.50,5
51503,0.000,0.001,0.099,-0.003,-0.017,-1.773,0.000,-0.000,0.000,0.8667,-0.0110,-0.0286,-0.4979,3237.84,111.86,8.84,3.51,58719.8,100,1.00,1.50,5
51524,-0.000,-0.001,0.102,-0.003,-0.015,-1.769,0.000,-0.000,0.000,0.8665,-0.0110,-0.0286,-0.4982,3239.59,111.58,8.81,3.51,58705.1,100,1.00,1.50,5
51543,0.000,0.000,0.103,-0.002,-0.017,-1.764,0.000,-0.000,0.000,0.8664,-0.0110,-0.0286,-0.4984,3241.39,111.35,8.80,3.51,58681.4,100,1.00,1.50,5
51563,0.000,-0.000,0.101,-0.003,-0.016,-1.762,0.000,-0.000,0.000,0.8662,-0.0110,-0.0286,-0.4987,3243.13,111.07,8.82,3.51,58679.8,100,1.00,1.50,5
51583,0.001,-0.001,0.103,-0.001,-0.017,-1.758,0.000,-0.000,0.000,0.8661,-0.0110,-0.0286,-0.4990,3244.84,110.77,8.80,3.51,58670.9,100,1.00,1.50,5
51606,-0.000,0.001,0.098,-0.000,-0.018,-1.752,0.000,-0.000,0.000,0.8659,-0.0110,-0.0286,-0.4992,3246.56,110.48,8.85,3.51,58657.8,100,1.00,1.50,5
51623,0.002,-0.000,0.101,-0.000,-0.017,-1.747,0.000,-0.000,0.000,0.8658,-0.0110,-0.0286,-0.4995,3248.26,110.18,8.82,3.52,58646.4,100,1.00,1.50,5
51643,0.000,-0.001,0.096,0.001,-0.018,-1.745,0.000,-0.000,0.000,0.8656,-0.0110,-0.0286,-0.4998,3249.98,109.91,8.87,3.52,58628.0,100,1.00,1.50,5
51663,-0.001,0.000,0.100,0.001,-0.018,-1.741,0.000,-0.000,0.000,0.8655,-0.0110,-0.0286,-0.5000,3251.66,109.60,8.83,3.52,58623.4,100,1.00,1.50,5
51683,0.000,-0.001,0.099,0.002,-0.018,-1.735,0.000,-0.000,0.000,0.8653,-0.0110,-0.0286,-0.5003,3253.38,109.34,8.84,3.52,58602.2,100,1.00,1.50,5
51703,-0.000,-0.003,0.099,0.002,-0.018,-1.733,0.000,-0.000,0.000,0.8652,-0.0110,-0.0286,-0.5005,3255.12,109.09,8.84,3.52,58586.4,100,1.00,1.50,5
51723,0.003,-0.001,0.100,0.002,-0.018,-1.728,0.000,-0.000,0.000,0.8650,-0.0110,-0.0287,-0.5008,3256.86,108.86,8.83,3.52,58571.0,100,1.00,1.50,5
51743,0.003,-0.000,0.095,0.002,-0.016,-1.725,0.000,-0.000,0.000,0.8649,-0.0110,-0.0287,-0.5011,3258.56,108.59,8.88,3.52,58566.6,100,1.00,1.50,5
51763,0.001,0.001,0.096,0.003,-0.017,-1.721,0.000,-0.000,0.000,0.8647,-0.0110,-0.0287,-0.5013,3260.25,108.32,8.86,3.52,58553.3,100,1.00,1.50,5
51783,0.003,-0.000,0.098,0.004,-0.016,-1.717,0.000,-0.000,0.000,0.8646,-0.0110,-0.0287,-0.5016,3261.97,108.08,8.85,3.52,58536.6,100,1.00,1.50,5
51803,0.001,0.000,0.093,0.006,-0.019,-1.714,0.000,-0.000,0.000,0.8644,-0.0110,-0.0287,-0.5018,3263.65,107.81,8.89,3.52,58529.9,100,1.00,1.50,5
51823,0.000,-0.001,0.093,0.005,-0.018,-1.709,0.000,-0.000,0.000,0.8643,-0.0110,-0.0287,-0.5021,3265.37,107.58,8.89,3.52,58508.2,100,1.00,1.50,5
51843,0.002,0.000,0.094,0.006,-0.016,-1.703,0.000,-0.000,0.000,0.8641,-0.0110,-0.0287,-0.5024,3267.09,107.35,8.89,3.52,58496.3,100,1.00,1.50,5
51863,0.000,-0.002,0.094,0.005,-0.018,-1.702,0.000,-0.000,0.000,0.8640,-0.0110,-0.0287,-0.5026,3268.82,107.14,8.88,3.53,58480.5,100,1.00,1.50,5
51883,-0.001,0.000,0.089,0.006,-0.016,-1.698,0.000,-0.000,0.000,0.8638,-0.0110,-0.0287,-0.5029,3270.46,106.85,8.93,3.53,58484.0,100,1.00,1.50,5
51903,0.002,-0.001,0.093,0.007,-0.017,-1.692,0.000,-0.000,0.000,0.8637,-0.0110,-0.0287,-0.5031,3272.15,106.61,8.90,3.53,58462.6,100,1.00,1.50,5
51923,0.001,-0.001,0.090,0.009,-0.016,-1.688,0.000,-0.000,0.000,0.8635,-0.0110,-0.0287,-0.5034,3273.81,106.35,8.92,3.53,58454.7,100,1.00,1.50,5
51944,-0.000,-0.001,0.096,0.009,-0.016,-1.684,0.000,-0.000,0.000,0.8634,-0.0110,-0.0287,-0.5036,3275.45,106.07,8.87,3.53,58445.9,100,1.00,1.50,5
51963,0.001,-0.000,0.093,0.009,-0.015,-1.680,0.000,-0.000,0.000,0.8632,-0.0110,-0.0288,-0.5039,3277.10,105.81,8.89,3.53,58431.7,100,1.00,1.50,5
51983,0.001,-0.001,0.093,0.011,-0.016,-1.677,0.000,-0.000,0.000,0.8631,-0.0110,-0.0288,-0.5041,3278.85,105.65,8.89,3.53,58397.8,100,1.00,1.50,5
52003,-0.001,-0.001,0.093,0.012,-0.015,-1.674,0.000,-0.000,0.000,0.8629,-0.0110,-0.0288,-0.5044,3280.58,105.46,8.89,3.53,58389.9,100,1.00,1.50,5
52023,-0.000,-0.001,0.096,0.011,-0.016,-1.668,0.000,-0.000,0.000,0.8628,-0.0110,-0.0288,-0.5046,3282.21,105.19,8.87,3.53,58396.0,100,1.00,1.50,5
52043,0.002,-0.001,0.090,0.013,-0.013,-1.666,0.000,-0.000,0.000,0.8626,-0.0110,-0.0288,-0.5049,3283.82,104.91,8.93,3.53,58387.2,100,1.00,1.50,5
52063,-0.000,-0.001,0.090,0.013,-0.015,-1.662,0.000,-0.000,0.000,0.8625,-0.0110,-0.0288,-0.5051,3285.48,104.68,8.92,3.53,58364.2,100,1.00,1.50,5
52083,-0.001,-0.002,0.092,0.013,-0.010,-1.658,0.000,-0.000,0.000,0.8623,-0.0110,-0.0288,-0.5054,3287.12,104.43,8.90,3.53,58355.8,100,1.00,1.50,5
52103,0.001,-0.001,0.087,0.013,-0.014,-1.653,0.000,-0.000,0.000,0.8622,-0.0110,-0.0288,-0.5056,3288.72,104.16,8.96,3.54,58349.9,100,1.00,1.50,5
52123,0.002,0.000,0.086,0.013,-0.014,-1.649,0.000,-0.000,0.000,0.8620,-0.0110,-0.0288,-0.5059,3290.36,103.93,8.96,3.54,58329.6,100,1.00,1.50,5
52144,0.001,-0.000,0.093,0.013,-0.013,-1.645,0.000,-0.000,0.000,0.8619,-0.0110,-0.0288,-0.5061,3292.01,103.70,8.90,3.54,58317.0,100,1.00,1.50,5
52163,0.001,-0.000,0.086,0.014,-0.011,-1.643,0.000,-0.000,0.000,0.8618,-0.0110,-0.0288,-0.5064,3293.66,103.48,8.96,3.54,58302.2,100,1.00,1.50,5
52183,0.001,-0.001,0.087,0.015,-0.010,-1.636,0.000,-0.000,0.000,0.8616,-0.0110,-0.0288,-0.5066,3295.36,103.32,8.95,3.54,58280.0,100,1.00,1.50,5
52203,0.001,-0.001,0.085,0.016,-0.013,-1.635,0.000,-0.000,0.000,0.8615,-0.0110,-0.0289,-0.5069,3296.96,103.06,8.97,3.54,58287.4,100,1.00,1.50,5
52226,-0.000,-0.001,0.090,0.015,-0.011,-1.630,0.000,-0.000,0.000,0.8613,-0.0110,-0.0289,-0.5071,3298.56,102.81,8.92,3.54,58274.9,100,1.00,1.50,5
52243,0.000,-0.002,0.086,0.015,-0.011,-1.626,0.000,-0.000,0.000,0.8612,-0.0110,-0.0289,-0.5074,3300.16,102.56,8.96,3.54,58261.8,100,1.00,1.50,5
52263,-0.000,-0.001,0.088,0.017,-0.011,-1.621,0.000,-0.000,0.000,0.8610,-0.0110,-0.0289,-0.5076,3301.81,102.36,8.95,3.54,58240.3,100,1.00,1.50,5
52283,0.000,-0.003,0.083,0.018,-0.010,-1.618,0.000,-0.000,0.000,0.8609,-0.0110,-0.0289,-0.5079,3303.39,102.11,8.99,3.54,58241.3,100,1.00,1.50,5
52303,-0.001,-0.003,0.081,0.018,-0.009,-1.614,0.000,-0.000,0.000,0.8607,-0.0110,-0.0289,-0.5081,3304.96,101.85,9.01,3.54,58230.6,100,1.00,1.50,5
52323,0.000,-0.000,0.085,0.016,-0.009,-1.611,0.000,-0.000,0.000,0.8606,-0.0110,-0.0289,-0.5083,3306.55,101.61,8.97,3.54,58214.2,100,1.00,1.50,5
52343,0.002,-0.002,0.082,0.017,-0.005,-1.607,0.000,-0.000,0.000,0.8605,-0.0110,-0.0289,-0.5086,3308.12,101.36,9.01,3.54,58205.1,100,1.00,1.50,5
52363,-0.000,-0.001,0.086,0.018,-0.006,-1.602,0.000,-0.000,0.000,0.8603,-0.0110,-0.0289,-0.5088,3309.69,101.11,8.96,3.55,58195.4,100,1.00,1.50,5
52383,0.001,-0.002,0.084,0.017,-0.004,-1.598,0.000,-0.000,0.000,0.8602,-0.0110,-0.0289,-0.5091,3311.34,100.94,8.98,3.55,58165.6,100,1.00,1.50,5
52403,0.001,0.000,0.079,0.020,-0.006,-1.595,0.000,-0.000,0.000,0.8600,-0.0110,-0.0289,-0.5093,3312.93,100.72,9.03,3.55,58165.1,100,1.00,1.50,5
52423,0.003,-0.002,0.082,0.017,-0.006,-1.593,0.000,-0.000,0.000,0.8599,-0.0110,-0.0289,-0.5095,3314.54,100.53,9.01,3.55,58148.2,100,1.00,1.50,5
52443,-0.000,-0.001,0.081,0.018,-0.005,-1.586,0.000,-0.000,0.000,0.8597,-0.0110,-0.0289,-0.5098,3316.18,100.36,9.01,3.55,58131.2,100,1.00,1.50,5
52463,0.001,-0.001,0.083,0.019,-0.003,-1.584,0.000,-0.000,0.000,0.8596,-0.0110,-0.0290,-0.5100,3317.74,100.12,8.99,3.55,58135.0,100,1.00,1.50,5
52483,-0.000,-0.002,0.079,0.018,-0.004,-1.580,0.000,-0.000,0.000,0.8595,-0.0110,-0.0290,-0.5103,3319.38,99.96,9.03,3.55,58105.3,100,1.00,1.50,5
52503,-0.000,0.001,0.082,0.019,-0.003,-1.574,0.000,-0.000,0.000,0.8593,-0.0110,-0.0290,-0.5105,3320.94,99.73,9.01,3.55,58109.9,100,1.00,1.50,5
52523,0.002,-0.002,0.079,0.020,-0.005,-1.571,0.000,-0.000,0.000,0.8592,-0.0110,-0.0290,-0.5107,3322.54,99.54,9.04,3.55,58090.7,100,1.00,1.50,5
52544,0.004,-0.000,0.076,0.019,-0.003,-1.568,0.000,-0.000,0.000,0.8590,-0.0110,-0.0290,-0.5110,3324.13,99.35,9.06,3.55,58079.7,100,1.00,1.50,5
52563,0.001,-0.002,0.083,0.019,-0.002,-1.564,0.000,-0.000,0.000,0.8589,-0.0109,-0.0290,-0.5112,3325.69,99.13,9.00,3.55,58073.3,100,1.00,1.50,5
52583,-0.000,-0.002,0.083,0.020,0.000,-1.560,0.000,-0.000,0.000,0.8588,-0.0109,-0.0290,-0.5114,3327.19,98.86,9.00,3.55,58072.0,100,1.00,1.50,5
52603,0.001,-0.002,0.080,0.020,-0.002,-1.557,0.000,-0.000,0.000,0.8586,-0.0109,-0.0290,-0.5117,3328.77,98.67,9.02,3.55,58045.1,100,1.00,1.50,5
52623,0.001,0.000,0.078,0.020,0.001,-1.551,0.000,-0.000,0.000,0.8585,-0.0109,-0.0290,-0.5119,3330.34,98.47,9.05,3.55,58036.0,100,1.00,1.50,5
52643,0.000,-0.001,0.078,0.020,0.001,-1.548,0.000,-0.000,0.000,0.8584,-0.0109,-0.0290,-0.5121,3332.00,98.36,9.04,3.55,58006.1,100,1.00,1.50,5
52663,0.003,-0.001,0.075,0.021,0.001,-1.545,0.000,-0.000,0.000,0.8582,-0.0109,-0.0290,-0.5124,3333.55,98.16,9.07,3.55,58015.4,100,1.00,1.50,5
52683,-0.000,-0.001,0.077,0.020,0.002,-1.540,0.000,-0.000,0.000,0.8581,-0.0109,-0.0290,-0.5126,3335.05,97.90,9.05,3.55,58012.8,100,1.00,1.50,5
52703,0.001,-0.003,0.074,0.021,0.002,-1.536,0.000,-0.000,0.000,0.8579,-0.0109,-0.0290,-0.5128,3336.56,97.67,9.08,3.56,57998.7,100,1.00,1.50,5
52723,0.002,-0.002,0.078,0.020,0.004,-1.532,0.000,-0.000,0.000,0.8578,-0.0109,-0.0290,-0.5130,3338.14,97.50,9.05,3.56,57974.6,100,1.00,1.50,5
52744,-0.001,-0.003,0.076,0.019,0.004,-1.530,0.000,-0.000,0.000,0.8577,-0.0109,-0.0290,-0.5133,3339.66,97.28,9.07,3.56,57973.3,100,1.00,1.50,5
52763,-0.000,0.000,0.074,0.019,0.004,-1.524,0.000,-0.000,0.000,0.8575,-0.0109,-0.0291,-0.5135,3341.14,97.02,9.08,3.56,57971.2,100,1.00,1.50,5
52783,-0.000,-0.000,0.079,0.021,0.004,-1.520,0.000,-0.000,0.000,0.8574,-0.0109,-0.0291,-0.5137,3342.69,96.84,9.04,3.56,57944.6,100,1.00,1.50,5
52803,0.001,-0.002,0.071,0.019,0.006,-1.518,0.000,-0.000,0.000,0.8573,-0.0109,-0.0291,-0.5140,3344.24,96.66,9.11,3.56,57932.0,100,1.00,1.50,5
52823,0.000,-0.002,0.071,0.019,0.009,-1.512,0.000,-0.000,0.000,0.8571,-0.0109,-0.0291,-0.5142,3345.80,96.50,9.11,3.56,57918.4,100,1.00,1.50,5
52845,0.002,-0.002,0.075,0.018,0.006,-1.509,0.000,-0.000,0.000,0.8570,-0.0109,-0.0291,-0.5144,3347.35,96.32,9.07,3.56,57910.1,100,1.00,1.50,5
52863,-0.001,-0.000,0.073,0.018,0.007,-1.505,0.000,-0.000,0.000,0.8568,-0.0109,-0.0291,-0.5146,3348.82,96.08,9.10,3.56,57912.5,100,1.00,1.50,5
52883,0.001,-0.000,0.074,0.020,0.009,-1.501,0.000,-0.000,0.000,0.8567,-0.0109,-0.0291,-0.5149,3350.35,95.89,9.08,3.56,57890.7,100,1.00,1.50,5
52903,0.000,-0.002,0.075,0.019,0.010,-1.498,0.000,-0.000,0.000,0.8566,-0.0109,-0.0291,-0.5151,3351.90,95.73,9.07,3.56,57874.4,100,1.00,1.50,5
52923,0.000,-0.002,0.068,0.018,0.007,-1.492,0.000,-0.000,0.000,0.8564,-0.0109,-0.0291,-0.5153,3353.40,95.52,9.14,3.56,57873.1,100,1.00,1.50,5
52943,0.000,-0.001,0.069,0.019,0.012,-1.490,0.000,-0.000,0.000,0.8563,-0.0109,-0.0291,-0.5155,3354.89,95.31,9.13,3.56,57862.7,100,1.00,1.50,5
52963,-0.001,-0.002,0.073,0.018,0.012,-1.489,0.000,-0.000,0.000,0.8562,-0.0109,-0.0291,-0.5158,3356.36,95.09,9.10,3.56,57855.0,100,1.00,1.50,5
52983,0.002,-0.002,0.072,0.018,0.011,-1.482,0.000,-0.000,0.000,0.8560,-0.0109,-0.0291,-0.5160,3357.84,94.88,9.10,3.56,57841.3,100,1.00,1.50,5
53003,0.002,-0.003,0.071,0.017,0.012,-1.479,0.000,-0.000,0.000,0.8559,-0.0109,-0.0291,-0.5162,3359.27,94.62,9.11,3.56,57841.0,100,1.00,1.50,5
53023,0.004,-0.002,0.072,0.018,0.014,-1.475,0.000,-0.000,0.000,0.8558,-0.0109,-0.0291,-0.5164,3360.79,94.46,9.10,3.56,57811.4,100,1.00,1.50,5
53043,0.003,-0.003,0.068,0.017,0.013,-1.471,0.000,-0.000,0.000,0.8556,-0.0109,-0.0291,-0.5166,3362.28,94.26,9.14,3.56,57807.2,100,1.00,1.50,5
53063,-0.000,-0.002,0.069,0.016,0.014,-1.468,0.000,-0.000,0.000,0.8555,-0.0108,-0.0291,-0.5169,3363.82,94.13,9.13,3.56,57783.4,100,1.00,1.50,5
53083,0.003,-0.001,0.068,0.017,0.014,-1.464,0.000,-0.000,0.000,0.8554,-0.0108,-0.0291,-0.5171,3365.31,93.94,9.14,3.56,57783.8,100,1.00,1.50,5
53103,0.000,-0.003,0.067,0.015,0.017,-1.459,0.000,-0.000,0.000,0.8552,-0.0108,-0.0291,-0.5173,3366.80,93.77,9.15,3.56,57771.2,100,1.00,1.50,5
53123,-0.000,-0.002,0.067,0.015,0.013,-1.455,0.000,-0.000,0.000,0.8551,-0.0108,-0.0291,-0.5175,3368.19,93.49,9.15,3.56,57781.8,100,1.00,1.50,5
53144,0.001,-0.002,0.065,0.015,0.018,-1.451,0.000,-0.000,0.000,0.8550,-0.0108,-0.0291,-0.5177,3369.67,93.31,9.17,3.56,57750.7,100,1.00,1.50,5
53163,0.005,-0.001,0.064,0.015,0.016,-1.448,0.000,-0.000,0.000,0.8549,-0.0108,-0.0291,-0.5179,3371.11,93.10,9.17,3.56,57748.0,100,1.00,1.50,5
53183,0.000,-0.001,0.069,0.016,0.018,-1.444,0.000,-0.000,0.000,0.8547,-0.0108,-0.0291,-0.5182,3372.60,92.93,9.13,3.56,57728.3,100,1.00,1.50,5
53203,-0.000,-0.003,0.066,0.014,0.018,-1.440,0.000,-0.000,0.000,0.8546,-0.0108,-0.0291,-0.5184,3374.08,92.76,9.16,3.56,57717.8,100,1.00,1.50,5
53223,0.005,-0.002,0.068,0.013,0.018,-1.436,0.000,-0.000,0.000,0.8545,-0.0108,-0.0292,-0.5186,3375.56,92.59,9.14,3.56,57706.2,100,1.00,1.50,5
53243,-0.000,-0.001,0.066,0.013,0.019,-1.432,0.000,-0.000,0.000,0.8543,-0.0108,-0.0292,-0.5188,3377.00,92.39,9.16,3.56,57702.9,100,1.00,1.50,5
53263,0.001,-0.002,0.068,0.013,0.019,-1.427,0.000,-0.000,0.000,0.8542,-0.0108,-0.0292,-0.5190,3378.43,92.18,9.14,3.56,57695.2,100,1.00,1.50,5
53283,0.002,-0.000,0.064,0.014,0.019,-1.425,0.000,-0.000,0.000,0.8541,-0.0108,-0.0292,-0.5192,3379.88,92.00,9.18,3.56,57678.4,100,1.00,1.50,5
53303,0.003,-0.001,0.063,0.011,0.020,-1.421,0.000,-0.000,0.000,0.8539,-0.0108,-0.0292,-0.5194,3381.34,91.83,9.18,3.56,57666.7,100,1.00,1.50,5
53323,-0.000,-0.002,0.071,0.010,0.019,-1.418,0.000,-0.000,0.000,0.8538,-0.0108,-0.0292,-0.5196,3382.77,91.63,9.11,3.56,57661.3,100,1.00,1.50,5
53343,-0.000,0.000,0.066,0.010,0.020,-1.416,0.000,-0.000,0.000,0.8537,-0.0108,-0.0292,-0.5199,3384.17,91.41,9.16,3.56,57656.3,100,1.00,1.50,5
53363,0.003,-0.001,0.063,0.010,0.022,-1.409,0.000,-0.000,0.000,0.8536,-0.0108,-0.0292,-0.5201,3385.56,91.18,9.18,3.56,57647.0,100,1.00,1.50,5
53383,0.002,-0.000,0.065,0.010,0.022,-1.405,0.000,-0.000,0.000,0.8534,-0.0108,-0.0292,-0.5203,3387.01,91.02,9.17,3.56,57625.3,100,1.00,1.50,5
53403,0.001,-0.002,0.062,0.009,0.021,-1.403,0.000,-0.000,0.000,0.8533,-0.0108,-0.0292,-0.5205,3388.38,90.78,9.19,3.56,57629.4,100,1.00,1.50,5
53423,0.005,-0.003,0.063,0.009,0.021,-1.400,0.000,-0.000,0.000,0.8532,-0.0108,-0.0292,-0.5207,3389.78,90.57,9.19,3.56,57613.3,100,1.00,1.50,5
53443,0.001,-0.003,0.060,0.007,0.021,-1.393,0.000,-0.000,0.000,0.8530,-0.0108,-0.0292,-0.5209,3391.17,90.37,9.22,3.56,57603.4,100,1.00,1.50,5
53466,0.000,-0.001,0.062,0.006,0.020,-1.389,0.000,-0.000,0.000,0.8529,-0.0108,-0.0292,-0.5211,3392.55,90.15,9.20,3.56,57595.5,100,1.00,1.50,5
53483,0.004,-0.004,0.061,0.006,0.022,-1.387,0.000,-0.000,0.000,0.8528,-0.0108,-0.0292,-0.5213,3393.95,89.95,9.21,3.56,57582.2,100,1.00,1.50,5
53503,0.005,-0.002,0.061,0.006,0.022,-1.383,0.000,-0.000,0.000,0.8527,-0.0108,-0.0292,-0.5215,3395.35,89.76,9.21,3.56,57570.4,100,1.00,1.50,5
53523,0.003,-0.002,0.060,0.005,0.025,-1.378,0.000,-0.000,0.000,0.8525,-0.0108,-0.0292,-0.5217,3396.72,89.56,9.22,3.57,57563.8,100,1.00,1.50,5
53543,0.002,-0.002,0.058,0.002,0.025,-1.374,0.000,-0.000,0.000,0.8524,-0.0108,-0.0292,-0.5219,3398.12,89.37,9.24,3.57,57549.3,100,1.00,1.50,5
53563,0.002,-0.002,0.057,0.004,0.023,-1.370,0.000,-0.000,0.000,0.8523,-0.0108,-0.0292,-0.5221,3399.53,89.20,9.25,3.57,57537.0,100,1.00,1.50,5
53583,0.003,-0.003,0.061,0.001,0.023,-1.369,0.000,-0.000,0.000,0.8522,-0.0108,-0.0292,-0.5223,3400.95,89.05,9.21,3.57,57523.8,100,1.00,1.50,5
53603,0.003,-0.002,0.058,0.002,0.023,-1.366,0.000,-0.000,0.000,0.8520,-0.0108,-0.0292,-0.5225,3402.40,88.92,9.24,3.57,57506.6,100,1.00,1.50,5
53623,0.007,-0.004,0.061,0.001,0.026,-1.359,0.000,-0.000,0.000,0.8519,-0.0108,-0.0292,-0.5227,3403.83,88.78,9.21,3.57,57500.6,100,1.00,1.50,5
53643,0.004,-0.005,0.059,0.001,0.023,-1.357,0.000,-0.000,0.000,0.8518,-0.0107,-0.0292,-0.5229,3405.24,88.62,9.23,3.57,57494.4,100,1.00,1.50,5
53663,0.002,-0.000,0.057,-0.000,0.023,-1.353,0.000,-0.000,0.000,0.8517,-0.0107,-0.0292,-0.5231,3406.55,88.38,9.25,3.57,57500.8,100,1.00,1.50,5
53683,0.004,-0.002,0.058,-0.003,0.025,-1.349,0.000,-0.000,0.000,0.8516,-0.0107,-0.0292,-0.5233,3407.94,88.20,9.24,3.57,57478.2,100,1.00,1.50,5
53703,0.003,-0.001,0.058,-0.002,0.025,-1.343,0.000,-0.000,0.000,0.8514,-0.0107,-0.0292,-0.5235,3409.33,88.04,9.24,3.57,57465.6,100,1.00,1.50,5
53724,0.003,-0.001,0.058,-0.002,0.025,-1.342,0.000,-0.000,0.000,0.8513,-0.0107,-0.0292,-0.5237,3410.69,87.85,9.24,3.56,57461.0,100,1.00,1.50,5
53743,0.000,-0.002,0.056,-0.003,0.028,-1.339,0.000,-0.000,0.000,0.8512,-0.0107,-0.0292,-0.5239,3412.10,87.72,9.26,3.56,57440.5,100,1.00,1.50,5
53764,0.005,-0.001,0.058,-0.003,0.026,-1.334,0.000,-0.000,0.000,0.8511,-0.0107,-0.0292,-0.5241,3413.46,87.53,9.24,3.56,57441.3,100,1.00,1.50,5
53783,0.004,-0.002,0.058,-0.004,0.025,-1.329,0.000,-0.000,0.000,0.8509,-0.0107,-0.0292,-0.5243,3414.85,87.38,9.24,3.56,57424.5,100,1.00,1.50,5
53803,0.006,-0.001,0.054,-0.005,0.023,-1.326,0.000,-0.000,0.000,0.8508,-0.0107,-0.0292,-0.5245,3416.22,87.21,9.28,3.56,57416.8,100,1.00,1.50,5
53823,0.004,-0.002,0.057,-0.005,0.023,-1.322,0.000,-0.000,0.000,0.8507,-0.0107,-0.0292,-0.5247,3417.55,87.01,9.25,3.56,57414.7,100,1.00,1.50,5
53843,0.002,-0.002,0.057,-0.006,0.025,-1.319,0.000,-0.000,0.000,0.8506,-0.0107,-0.0292,-0.5249,3418.90,86.83,9.25,3.56,57401.1,100,1.00,1.50,5
53863,0.004,-0.002,0.055,-0.007,0.025,-1.313,0.000,-0.000,0.000,0.8505,-0.0107,-0.0292,-0.5251,3420.23,86.63,9.26,3.56,57396.3,100,1.00,1.50,5
53883,0.003,-0.002,0.056,-0.009,0.025,-1.312,0.000,-0.000,0.000,0.8503,-0.0107,-0.0292,-0.5253,3421.52,86.40,9.26,3.56,57392.3,100,1.00,1.50,5
53903,0.004,-0.002,0.054,-0.009,0.025,-1.308,0.000,-0.000,0.000,0.8502,-0.0107,-0.0292,-0.5255,3422.86,86.22,9.27,3.56,57372.3,100,1.00,1.50,5
53923,0.001,-0.003,0.055,-0.010,0.025,-1.303,0.000,-0.000,0.000,0.8501,-0.0107,-0.0292,-0.5257,3424.16,86.02,9.27,3.56,57368.6,100,1.00,1.50,5
53944,0.003,-0.001,0.050,-0.011,0.027,-1.301,0.000,-0.000,0.000,0.8500,-0.0107,-0.0292,-0.5259,3425.43,85.78,9.31,3.56,57367.2,100,1.00,1.50,5
53963,0.006,0.000,0.051,-0.010,0.027,-1.297,0.000,-0.000,0.000,0.8499,-0.0107,-0.0292,-0.5261,3426.81,85.65,9.31,3.56,57333.4,100,1.00,1.50,5
53983,0.004,-0.002,0.049,-0.011,0.026,-1.292,0.000,-0.000,0.000,0.8497,-0.0107,-0.0292,-0.5263,3428.17,85.51,9.33,3.56,57328.3,100,1.00,1.50,5
54003,0.003,-0.001,0.053,-0.013,0.026,-1.287,0.000,-0.000,0.000,0.8496,-0.0107,-0.0292,-0.5265,3429.44,85.28,9.28,3.56,57336.8,100,1.00,1.50,5
54023,0.003,-0.001,0.052,-0.013,0.023,-1.285,0.000,-0.000,0.000,0.8495,-0.0107,-0.0292,-0.5267,3430.68,85.03,9.29,3.56,57330.6,100,1.00,1.50,5
54043,0.004,0.001,0.050,-0.014,0.022,-1.282,0.000,-0.000,0.000,0.8494,-0.0107,-0.0292,-0.5269,3431.96,84.83,9.31,3.56,57313.4,100,1.00,1.50,5
54063,0.006,-0.001,0.053,-0.015,0.022,-1.276,0.000,-0.000,0.000,0.8493,-0.0107,-0.0292,-0.5270,3433.24,84.62,9.28,3.56,57305.6,100,1.00,1.50,5
54086,0.007,-0.001,0.050,-0.017,0.025,-1.275,0.000,-0.000,0.000,0.8491,-0.0107,-0.0292,-0.5272,3434.56,84.46,9.32,3.56,57286.7,100,1.00,1.50,5
54103,0.004,-0.001,0.050,-0.016,0.022,-1.270,0.000,-0.000,0.000,0.8490,-0.0107,-0.0292,-0.5274,3435.85,84.27,9.31,3.56,57282.4,100,1.00,1.50,5
54123,0.003,-0.000,0.049,-0.016,0.022,-1.267,0.000,-0.000,0.000,0.8489,-0.0107,-0.0292,-0.5276,3437.08,84.03,9.33,3.56,57283.8,100,1.00,1.50,5
54143,0.004,0.000,0.050,-0.018,0.022,-1.262,0.000,-0.000,0.000,0.8488,-0.0107,-0.0292,-0.5278,3438.37,83.86,9.31,3.56,57262.2,100,1.00,1.50,5
54163,0.005,-0.001,0.047,-0.018,0.021,-1.259,0.000,-0.000,0.000,0.8487,-0.0107,-0.0292,-0.5280,3439.62,83.64,9.34,3.56,57260.6,100,1.00,1.50,5
54183,0.004,-0.000,0.052,-0.020,0.022,-1.255,0.000,-0.000,0.000,0.8486,-0.0107,-0.0292,-0.5282,3440.89,83.45,9.29,3.56,57247.0,100,1.00,1.50,5
54203,0.007,0.001,0.052,-0.019,0.020,-1.253,0.000,-0.000,0.000,0.8485,-0.0107,-0.0292,-0.5284,3442.20,83.30,9.30,3.56,57230.1,100,1.00,1.50,5
54223,0.005,-0.001,0.049,-0.020,0.019,-1.246,0.000,-0.000,0.000,0.8483,-0.0107,-0.0292,-0.5285,3443.44,83.09,9.33,3.56,57234.2,100,1.00,1.50,5
54243,0.005,0.000,0.048,-0.020,0.020,-1.244,0.000,-0.000,0.000,0.8482,-0.0107,-0.0292,-0.5287,3444.75,82.95,9.33,3.56,57210.6,100,1.00,1.50,5
54263,0.005,0.000,0.048,-0.020,0.020,-1.241,0.000,-0.000,0.000,0.8481,-0.0107,-0.0292,-0.5289,3446.03,82.78,9.33,3.56,57205.6,100,1.00,1.50,5
54283,0.004,0.000,0.047,-0.021,0.020,-1.238,0.000,-0.000,0.000,0.8480,-0.0107,-0.0292,-0.5291,3447.28,82.59,9.34,3.56,57201.9,100,1.00,1.50,5
54303,0.006,0.001,0.048,-0.022,0.018,-1.233,0.000,-0.000,0.000,0.8479,-0.0108,-0.0292,-0.5293,3448.56,82.43,9.33,3.56,57188.3,100,1.00,1.50,5
54323,0.004,0.000,0.046,-0.025,0.018,-1.228,0.000,-0.000,0.000,0.8478,-0.0108,-0.0292,-0.5295,3449.83,82.26,9.36,3.56,57179.4,100,1.00,1.50,5
54343,0.004,0.001,0.044,-0.025,0.017,-1.225,0.000,-0.000,0.000,0.8477,-0.0108,-0.0292,-0.5296,3451.07,82.07,9.37,3.56,57174.9,100,1.00,1.50,5
54363,0.006,0.000,0.051,-0.025,0.018,-1.222,0.000,-0.000,0.000,0.8475,-0.0108,-0.0292,-0.5298,3452.29,81.86,9.31,3.56,57170.7,100,1.00,1.50,5
54383,0.004,-0.000,0.045,-0.023,0.017,-1.218,0.000,-0.000,0.000,0.8474,-0.0108,-0.0292,-0.5300,3453.55,81.69,9.36,3.56,57152.8,100,1.00,1.50,5
54403,0.005,0.001,0.045,-0.026,0.016,-1.213,0.000,-0.000,0.000,0.8473,-0.0108,-0.0292,-0.5302,3454.74,81.46,9.36,3.56,57157.4,100,1.00,1.50,5
54423,0.002,0.000,0.045,-0.028,0.015,-1.210,0.000,-0.000,0.000,0.8472,-0.0108,-0.0292,-0.5304,3455.96,81.27,9.37,3.56,57141.1,100,1.00,1.50,5
54443,0.002,0.001,0.042,-0.027,0.014,-1.207,0.000,-0.000,0.000,0.8471,-0.0108,-0.0292,-0.5305,3457.14,81.04,9.39,3.56,57140.2,100,1.00,1.50,5
54463,0.006,0.003,0.046,-0.026,0.014,-1.203,0.000,-0.000,0.000,0.8470,-0.0108,-0.0292,-0.5307,3458.37,80.87,9.35,3.56,57120.5,100,1.00,1.50,5
54483,0.001,0.000,0.045,-0.028,0.015,-1.199,0.000,-0.000,0.000,0.8469,-0.0108,-0.0292,-0.5309,3459.60,80.69,9.37,3.56,57113.1,100,1.00,1.50,5
54503,0.003,-0.001,0.049,-0.028,0.015,-1.197,0.000,-0.000,0.000,0.8468,-0.0108,-0.0292,-0.5311,3460.84,80.53,9.33,3.56,57099.8,100,1.00,1.50,5
54523,0.003,-0.000,0.045,-0.029,0.013,-1.192,0.000,-0.000,0.000,0.8466,-0.0108,-0.0292,-0.5313,3462.10,80.39,9.36,3.56,57087.5,100,1.00,1.50,5
54543,0.006,0.000,0.046,-0.029,0.013,-1.186,0.000,-0.000,0.000,0.8465,-0.0108,-0.0292,-0.5314,3463.29,80.18,9.35,3.56,57091.7,100,1.00,1.50,5
54563,0.003,0.002,0.040,-0.030,0.011,-1.185,0.000,-0.000,0.000,0.8464,-0.0108,-0.0292,-0.5316,3464.44,79.95,9.41,3.56,57089.8,100,1.00,1.50,5
54583,0.003,0.002,0.047,-0.031,0.012,-1.181,0.000,-0.000,0.000,0.8463,-0.0108,-0.0292,-0.5318,3465.66,79.78,9.35,3.56,57067.2,100,1.00,1.50,5
54603,0.006,0.001,0.045,-0.029,0.011,-1.178,0.000,-0.000,0.000,0.8462,-0.0108,-0.0292,-0.5320,3466.83,79.57,9.36,3.56,57067.8,100,1.00,1.50,5
54623,0.003,0.002,0.042,-0.031,0.010,-1.174,0.000,-0.000,0.000,0.8461,-0.0108,-0.0292,-0.5321,3467.97,79.34,9.40,3.57,57064.6,100,1.00,1.50,5
54643,0.004,0.002,0.043,-0.032,0.012,-1.169,0.000,-0.000,0.000,0.8460,-0.0108,-0.0292,-0.5323,3469.13,79.13,9.38,3.57,57051.7,100,1.00,1.50,5
54663,0.004,0.001,0.038,-0.033,0.009,-1.166,0.000,-0.000,0.000,0.8459,-0.0108,-0.0292,-0.5325,3470.32,78.95,9.43,3.57,57037.3,100,1.00,1.50,5
54683,0.002,0.000,0.039,-0.032,0.010,-1.162,0.000,-0.000,0.000,0.8458,-0.0108,-0.0292,-0.5326,3471.49,78.75,9.42,3.57,57032.2,100,1.00,1.50,5
54706,0.004,0.001,0.042,-0.034,0.009,-1.159,0.000,-0.000,0.000,0.8457,-0.0108,-0.0292,-0.5328,3472.64,78.54,9.39,3.57,57027.0,100,1.00,1.50,5
54724,0.004,0.002,0.040,-0.031,0.007,-1.156,0.000,-0.000,0.000,0.8456,-0.0108,-0.0292,-0.5330,3473.77,78.32,9.42,3.57,57020.8,100,1.00,1.50,5
54743,0.000,0.002,0.035,-0.033,0.004,-1.153,0.000,-0.000,0.000,0.8454,-0.0108,-0.0292,-0.5332,3474.97,78.16,9.46,3.57,57000.2,100,1.00,1.50,5
54763,0.004,0.002,0.039,-0.036,0.004,-1.147,0.000,-0.000,0.000,0.8453,-0.0108,-0.0292,-0.5333,3476.12,77.97,9.42,3.57,56999.4,100,1.00,1.50,5
54783,0.004,0.001,0.042,-0.033,0.004,-1.144,0.000,-0.000,0.000,0.8452,-0.0109,-0.0292,-0.5335,3477.34,77.84,9.39,3.57,56977.8,100,1.00,1.50,5
54803,0.002,0.003,0.040,-0.036,0.004,-1.141,0.000,-0.000,0.000,0.8451,-0.0109,-0.0292,-0.5337,3478.55,77.70,9.42,3.57,56970.4,100,1.00,1.50,5
54823,0.003,0.001,0.038,-0.035,0.003,-1.137,0.000,-0.000,0.000,0.8450,-0.0109,-0.0292,-0.5338,3479.67,77.48,9.43,3.57,56979.0,100,1.00,1.50,5
54843,0.002,0.004,0.042,-0.035,0.002,-1.132,0.000,-0.000,0.000,0.8449,-0.0109,-0.0292,-0.5340,3480.79,77.27,9.40,3.57,56969.3,100,1.00,1.50,5
54863,0.002,0.003,0.038,-0.035,0.001,-1.130,0.000,-0.000,0.000,0.8448,-0.0109,-0.0292,-0.5342,3481.97,77.12,9.43,3.57,56950.1,100,1.00,1.50,5
54883,0.002,0.001,0.038,-0.036,-0.001,-1.125,0.000,-0.000,0.000,0.8447,-0.0109,-0.0292,-0.5343,3483.06,76.89,9.43,3.57,56957.1,100,1.00,1.50,5
54903,0.002,0.001,0.042,-0.035,-0.001,-1.121,0.000,-0.000,0.000,0.8446,-0.0109,-0.0292,-0.5345,3484.24,76.73,9.40,3.57,56933.6,100,1.00,1.50,5
54923,0.001,0.004,0.039,-0.035,-0.001,-1.119,0.000,-0.000,0.000,0.8445,-0.0109,-0.0292,-0.5347,3485.37,76.54,9.43,3.57,56933.1,100,1.00,1.50,5
54944,0.003,0.003,0.038,-0.036,-0.003,-1.113,0.000,-0.000,0.000,0.8444,-0.0109,-0.0292,-0.5348,3486.50,76.36,9.43,3.57,56923.8,100,1.00,1.50,5
54963,0.003,0.000,0.042,-0.035,-0.002,-1.111,0.000,-0.000,0.000,0.8443,-0.0109,-0.0292,-0.5350,3487.64,76.19,9.40,3.57,56913.6,100,1.00,1.50,5
54983,0.003,0.003,0.039,-0.036,-0.004,-1.109,0.000,-0.000,0.000,0.8442,-0.0109,-0.0292,-0.5352,3488.77,76.00,9.42,3.57,56907.5,100,1.00,1.50,5
55003,0.005,0.001,0.035,-0.036,-0.002,-1.104,0.000,-0.000,0.000,0.8441,-0.0109,-0.0292,-0.5353,3489.90,75.83,9.46,3.57,56898.7,100,1.00,1.50,5
55023,0.001,0.002,0.037,-0.038,-0.004,-1.100,0.000,-0.000,0.000,0.8440,-0.0109,-0.0292,-0.5355,3490.99,75.62,9.45,3.57,56896.6,100,1.00,1.50,5
55043,0.004,0.002,0.040,-0.035,-0.005,-1.096,0.000,-0.000,0.000,0.8439,-0.0109,-0.0292,-0.5356,3492.07,75.41,9.41,3.57,56890.7,100,1.00,1.50,5
55063,0.001,0.001,0.038,-0.036,-0.005,-1.094,0.000,-0.000,0.000,0.8438,-0.0109,-0.0292,-0.5358,3493.17,75.21,9.43,3.57,56878.6,100,1.00,1.50,5
55083,0.004,0.002,0.036,-0.038,-0.007,-1.090,0.000,-0.000,0.000,0.8437,-0.0110,-0.0292,-0.5360,3494.31,75.06,9.46,3.57,56861.9,100,1.00,1.50,5
55103,0.003,0.003,0.035,-0.037,-0.007,-1.088,0.000,-0.000,0.000,0.8436,-0.0110,-0.0292,-0.5361,3495.42,74.89,9.46,3.57,56860.0,100,1.00,1.50,5
55123,0.001,0.004,0.035,-0.035,-0.010,-1.082,0.000,-0.000,0.000,0.8435,-0.0110,-0.0292,-0.5363,3496.55,74.73,9.47,3.57,56847.7,100,1.00,1.50,5
55144,0.002,0.001,0.037,-0.037,-0.010,-1.079,0.000,-0.000,0.000,0.8434,-0.0110,-0.0292,-0.5364,3497.59,74.50,9.44,3.57,56855.5,100,1.00,1.50,5
55163,0.001,0.002,0.037,-0.038,-0.013,-1.075,0.000,-0.000,0.000,0.8433,-0.0110,-0.0292,-0.5366,3498.68,74.30,9.45,3.57,56839.5,100,1.00,1.50,5
55183,-0.000,0.002,0.035,-0.036,-0.012,-1.073,0.000,-0.000,0.000,0.8432,-0.0110,-0.0292,-0.5368,3499.76,74.12,9.47,3.57,56831.0,100,1.00,1.50,5
55203,0.000,0.003,0.036,-0.036,-0.011,-1.067,0.000,-0.000,0.000,0.8431,-0.0110,-0.0292,-0.5369,3500.83,73.92,9.46,3.57,56825.1,100,1.00,1.50,5
55223,0.001,0.003,0.037,-0.036,-0.013,-1.063,0.000,-0.000,0.000,0.8430,-0.0110,-0.0292,-0.5371,3501.96,73.78,9.45,3.58,56805.9,100,1.00,1.50,5
55243,0.002,0.003,0.036,-0.036,-0.013,-1.060,0.000,-0.000,0.000,0.8429,-0.0110,-0.0292,-0.5372,3503.05,73.61,9.45,3.58,56804.2,100,1.00,1.50,5
55263,0.001,0.000,0.034,-0.036,-0.015,-1.056,0.000,-0.000,0.000,0.8428,-0.0110,-0.0292,-0.5374,3504.12,73.42,9.47,3.58,56801.0,100,1.00,1.50,5
55283,0.000,0.002,0.033,-0.037,-0.018,-1.055,0.000,-0.000,0.000,0.8427,-0.0110,-0.0292,-0.5375,3505.19,73.25,9.48,3.58,56791.4,100,1.00,1.50,5
55303,-0.000,0.002,0.037,-0.036,-0.017,-1.049,0.000,-0.000,0.000,0.8426,-0.0110,-0.0292,-0.5377,3506.29,73.09,9.45,3.58,56778.4,100,1.00,1.50,5
55326,-0.000,0.003,0.033,-0.035,-0.018,-1.047,0.000,-0.000,0.000,0.8425,-0.0111,-0.0292,-0.5378,3507.36,72.92,9.49,3.58,56775.4,100,1.00,1.50,5
55343,0.002,0.001,0.031,-0.036,-0.018,-1.043,0.000,-0.000,0.000,0.8424,-0.0111,-0.0292,-0.5380,3508.44,72.75,9.50,3.58,56766.7,100,1.00,1.50,5
55363,0.002,0.001,0.031,-0.036,-0.019,-1.037,0.000,-0.000,0.000,0.8423,-0.0111,-0.0292,-0.5382,3509.48,72.55,9.50,3.58,56764.0,100,1.00,1.50,5
55383,0.002,0.002,0.033,-0.036,-0.021,-1.034,0.000,-0.000,0.000,0.8422,-0.0111,-0.0292,-0.5383,3510.50,72.33,9.48,3.58,56761.9,100,1.00,1.50,5
55403,0.001,0.003,0.035,-0.035,-0.021,-1.031,0.000,-0.000,0.000,0.8421,-0.0111,-0.0292,-0.5385,3511.52,72.13,9.46,3.58,56751.8,100,1.00,1.50,5
55423,-0.001,0.001,0.035,-0.035,-0.022,-1.028,0.000,-0.000,0.000,0.8420,-0.0111,-0.0292,-0.5386,3512.53,71.91,9.46,3.58,56747.4,100,1.00,1.50,5
55443,0.002,0.000,0.030,-0.034,-0.020,-1.025,0.000,-0.000,0.000,0.8419,-0.0111,-0.0292,-0.5388,3513.56,71.73,9.51,3.58,56733.6,100,1.00,1.50,5
55463,0.001,0.003,0.030,-0.035,-0.025,-1.022,0.000,-0.000,0.000,0.8418,-0.0111,-0.0292,-0.5389,3514.60,71.54,9.51,3.58,56726.4,100,1.00,1.50,5
55483,-0.002,0.002,0.032,-0.035,-0.025,-1.017,0.000,-0.000,0.000,0.8417,-0.0111,-0.0292,-0.5391,3515.62,71.35,9.50,3.58,56720.3,100,1.00,1.50,5
55503,-0.000,0.001,0.030,-0.034,-0.025,-1.014,0.000,-0.000,0.000,0.8416,-0.0111,-0.0292,-0.5392,3516.69,71.20,9.51,3.59,56703.8,100,1.00,1.50,5
55523,-0.001,0.003,0.029,-0.035,-0.026,-1.010,0.000,-0.000,0.000,0.8415,-0.0111,-0.0292,-0.5394,3517.65,70.96,9.52,3.59,56717.1,100,1.00,1.50,5
55543,-0.000,0.000,0.027,-0.035,-0.027,-1.008,0.000,-0.000,0.000,0.8414,-0.0112,-0.0292,-0.5395,3518.67,70.78,9.54,3.59,56696.2,100,1.00,1.50,5
55563,0.001,0.000,0.032,-0.035,-0.027,-1.003,0.000,-0.000,0.000,0.8413,-0.0112,-0.0292,-0.5397,3519.74,70.64,9.49,3.59,56681.1,100,1.00,1.50,5
55583,-0.001,0.002,0.032,-0.033,-0.029,-1.000,0.000,-0.000,0.000,0.8412,-0.0112,-0.0293,-0.5398,3520.75,70.46,9.49,3.59,56681.9,100,1.00,1.50,5
55603,-0.002,0.001,0.029,-0.034,-0.030,-0.995,0.000,-0.000,0.000,0.8411,-0.0112,-0.0293,-0.5399,3521.81,70.32,9.52,3.59,56667.4,100,1.00,1.50,5
55623,-0.002,0.002,0.030,-0.034,-0.031,-0.994,0.000,-0.000,0.000,0.8410,-0.0112,-0.0293,-0.5401,3522.80,70.12,9.52,3.59,56671.7,100,1.00,1.50,5
55643,-0.001,0.002,0.030,-0.032,-0.033,-0.989,0.000,-0.000,0.000,0.8409,-0.0112,-0.0293,-0.5402,3523.83,69.97,9.52,3.59,56655.0,100,1.00,1.50,5
55663,-0.000,0.003,0.030,-0.032,-0.033,-0.985,0.000,-0.000,0.000,0.8408,-0.0112,-0.0293,-0.5404,3524.83,69.78,9.51,3.59,56655.2,100,1.00,1.50,5
55683,-0.000,0.000,0.028,-0.032,-0.033,-0.982,0.000,-0.000,0.000,0.8407,-0.0112,-0.0293,-0.5405,3525.81,69.58,9.53,3.59,56649.9,100,1.00,1.50,5
55703,-0.002,0.000,0.031,-0.032,-0.035,-0.978,0.000,-0.000,0.000,0.8406,-0.0112,-0.0293,-0.5407,3526.80,69.40,9.51,3.59,56639.2,100,1.00,1.50,5
55723,0.000,0.002,0.030,-0.032,-0.035,-0.975,0.000,-0.000,0.000,0.8406,-0.0112,-0.0293,-0.5408,3527.82,69.24,9.51,3.60,56628.3,100,1.00,1.50,5
55744,-0.000,0.002,0.028,-0.030,-0.034,-0.973,0.000,-0.000,0.000,0.8405,-0.0113,-0.0293,-0.5410,3528.80,69.06,9.53,3.60,56626.9,100,1.00,1.50,5
55763,-0.002,0.000,0.027,-0.030,-0.037,-0.967,0.000,-0.000,0.000,0.8404,-0.0113,-0.0293,-0.5411,3529.69,68.79,9.54,3.60,56636.8,100,1.00,1.50,5
55783,-0.000,0.000,0.028,-0.028,-0.037,-0.962,0.000,-0.000,0.000,0.8403,-0.0113,-0.0293,-0.5412,3530.67,68.61,9.53,3.60,56612.0,100,1.00,1.50,5
55803,-0.001,0.001,0.028,-0.028,-0.038,-0.959,0.000,-0.000,0.000,0.8402,-0.0113,-0.0293,-0.5414,3531.67,68.45,9.53,3.60,56601.0,100,1.00,1.50,5
55823,0.001,0.002,0.025,-0.029,-0.037,-0.959,0.000,-0.000,0.000,0.8401,-0.0113,-0.0293,-0.5415,3532.65,68.28,9.56,3.60,56598.2,100,1.00,1.50,5
55843,-0.001,0.000,0.027,-0.027,-0.042,-0.952,0.000,-0.000,0.000,0.8400,-0.0113,-0.0293,-0.5417,3533.62,68.10,9.54,3.60,56592.0,100,1.00,1.50,5
55863,-0.001,-0.001,0.026,-0.028,-0.040,-0.950,0.000,-0.000,0.000,0.8399,-0.0113,-0.0293,-0.5418,3534.57,67.90,9.55,3.60,56587.5,100,1.00,1.50,5
55883,-0.001,0.002,0.029,-0.028,-0.040,-0.946,0.000,-0.000,0.000,0.8398,-0.0113,-0.0293,-0.5419,3535.52,67.72,9.52,3.60,56579.8,100,1.00,1.50,5
55903,-0.001,0.001,0.024,-0.026,-0.040,-0.943,0.000,-0.000,0.000,0.8397,-0.0113,-0.0293,-0.5421,3536.50,67.56,9.57,3.61,56567.5,100,1.00,1.50,5
55923,-0.003,0.002,0.023,-0.025,-0.044,-0.940,0.000,-0.000,0.000,0.8396,-0.0113,-0.0294,-0.5422,3537.43,67.36,9.58,3.61,56569.1,100,1.00,1.50,5
55947,-0.003,-0.001,0.023,-0.025,-0.044,-0.936,0.000,-0.000,0.000,0.8396,-0.0114,-0.0294,-0.5424,3538.32,67.12,9.58,3.61,56569.9,100,1.00,1.50,5
55963,-0.005,-0.001,0.024,-0.025,-0.047,-0.933,0.000,-0.000,0.000,0.8395,-0.0114,-0.0294,-0.5425,3539.22,66.89,9.58,3.61,56562.2,100,1.00,1.50,5
55983,-0.002,0.000,0.026,-0.025,-0.045,-0.927,0.000,-0.000,0.000,0.8394,-0.0114,-0.0294,-0.5426,3540.10,66.66,9.55,3.61,56557.4,100,1.00,1.50,5
56003,-0.001,0.000,0.023,-0.022,-0.046,-0.925,0.000,-0.000,0.000,0.8393,-0.0114,-0.0294,-0.5428,3541.00,66.45,9.58,3.61,56545.4,100,1.00,1.50,5
56023,-0.000,0.000,0.026,-0.020,-0.048,-0.921,0.000,-0.000,0.000,0.8392,-0.0114,-0.0294,-0.5429,3541.95,66.28,9.55,3.61,56531.7,100,1.00,1.50,5
56043,0.001,-0.001,0.024,-0.021,-0.048,-0.916,0.000,-0.000,0.000,0.8391,-0.0114,-0.0294,-0.5430,3542.87,66.10,9.57,3.61,56526.9,100,1.00,1.50,5
56063,-0.004,-0.000,0.023,-0.020,-0.049,-0.915,0.000,-0.000,0.000,0.8390,-0.0114,-0.0294,-0.5432,3543.76,65.88,9.58,3.62,56528.2,100,1.00,1.50,5
56083,-0.002,0.000,0.023,-0.020,-0.050,-0.912,0.000,-0.000,0.000,0.8389,-0.0114,-0.0294,-0.5433,3544.71,65.73,9.58,3.62,56508.8,100,1.00,1.50,5
56103,-0.001,0.001,0.026,-0.017,-0.052,-0.907,0.000,-0.000,0.000,0.8389,-0.0114,-0.0294,-0.5434,3545.56,65.48,9.55,3.62,56521.0,100,1.00,1.50,5
56124,-0.003,0.000,0.025,-0.019,-0.049,-0.904,0.000,-0.000,0.000,0.8388,-0.0114,-0.0294,-0.5436,3546.41,65.25,9.56,3.62,56513.3,100,1.00,1.50,5
56143,0.001,0.000,0.024,-0.018,-0.053,-0.901,0.000,-0.000,0.000,0.8387,-0.0115,-0.0294,-0.5437,3547.32,65.07,9.57,3.62,56495.8,100,1.00,1.50,5
56163,-0.002,-0.002,0.026,-0.017,-0.052,-0.896,0.000,-0.000,0.000,0.8386,-0.0115,-0.0295,-0.5438,3548.25,64.91,9.55,3.62,56483.8,100,1.00,1.50,5
56183,-0.003,0.000,0.022,-0.016,-0.054,-0.893,0.000,-0.000,0.000,0.8385,-0.0115,-0.0295,-0.5440,3549.11,64.70,9.59,3.62,56489.9,100,1.00,1.50,5
56203,-0.004,-0.001,0.022,-0.016,-0.055,-0.892,0.000,-0.000,0.000,0.8384,-0.0115,-0.0295,-0.5441,3550.01,64.52,9.59,3.63,56477.1,100,1.00,1.50,5
56223,-0.004,-0.001,0.023,-0.015,-0.054,-0.885,0.000,-0.000,0.000,0.8383,-0.0115,-0.0295,-0.5442,3550.84,64.28,9.58,3.63,56482.7,100,1.00,1.50,5
56243,-0.005,-0.003,0.023,-0.015,-0.053,-0.885,0.000,-0.000,0.000,0.8383,-0.0115,-0.0295,-0.5443,3551.69,64.07,9.58,3.63,56471.8,100,1.00,1.50,5
56263,-0.000,-0.002,0.021,-0.013,-0.056,-0.878,0.000,-0.000,0.000,0.8382,-0.0115,-0.0295,-0.5445,3552.52,63.83,9.60,3.63,56470.2,100,1.00,1.50,5
56283,-0.003,-0.001,0.017,-0.013,-0.056,-0.876,0.000,-0.000,0.000,0.8381,-0.0115,-0.0295,-0.5446,3553.39,63.65,9.64,3.63,56453.1,100,1.00,1.50,5
56303,-0.002,0.000,0.021,-0.011,-0.055,-0.872,0.000,-0.000,0.000,0.8380,-0.0115,-0.0295,-0.5447,3554.29,63.49,9.60,3.63,56444.2,100,1.00,1.50,5
56323,-0.002,-0.000,0.024,-0.012,-0.060,-0.869,0.000,-0.000,0.000,0.8379,-0.0115,-0.0295,-0.5449,3555.18,63.32,9.57,3.63,56437.4,100,1.00,1.50,5
56343,-0.000,-0.001,0.021,-0.010,-0.060,-0.866,0.000,-0.000,0.000,0.8378,-0.0116,-0.0295,-0.5450,3556.02,63.12,9.60,3.64,56439.0,100,1.00,1.50,5
56363,-0.001,-0.002,0.023,-0.009,-0.059,-0.863,0.000,-0.000,0.000,0.8378,-0.0116,-0.0296,-0.5451,3556.88,62.94,9.58,3.64,56430.2,100,1.00,1.50,5
56383,-0.003,-0.001,0.020,-0.007,-0.059,-0.858,0.000,-0.000,0.000,0.8377,-0.0116,-0.0296,-0.5452,3557.78,62.79,9.62,3.64,56415.5,100,1.00,1.50,5
56403,-0.001,-0.003,0.019,-0.006,-0.059,-0.855,0.000,-0.000,0.000,0.8376,-0.0116,-0.0296,-0.5454,3558.61,62.59,9.62,3.64,56420.5,100,1.00,1.50,5
56423,-0.000,-0.001,0.019,-0.005,-0.060,-0.853,0.000,-0.000,0.000,0.8375,-0.0116,-0.0296,-0.5455,3559.45,62.39,9.62,3.64,56414.9,100,1.00,1.50,5
56443,-0.002,-0.002,0.021,-0.005,-0.060,-0.849,0.000,-0.000,0.000,0.8374,-0.0116,-0.0296,-0.5456,3560.24,62.16,9.60,3.64,56415.0,100,1.00,1.50,5
56463,-0.001,-0.003,0.021,-0.004,-0.062,-0.846,0.000,-0.000,0.000,0.8374,-0.0116,-0.0296,-0.5457,3560.99,61.89,9.60,3.65,56418.1,100,1.00,1.50,5
56483,-0.001,-0.003,0.020,-0.003,-0.062,-0.840,0.000,-0.000,0.000,0.8373,-0.0116,-0.0296,-0.5459,3561.76,61.65,9.61,3.65,56407.7,100,1.00,1.50,5
56503,0.000,-0.004,0.020,-0.001,-0.063,-0.838,0.000,-0.000,0.000,0.8372,-0.0116,-0.0296,-0.5460,3562.55,61.42,9.62,3.65,56398.4,100,1.00,1.50,5
56523,-0.002,-0.004,0.022,0.001,-0.063,-0.835,0.000,-0.000,0.000,0.8371,-0.0116,-0.0297,-0.5461,3563.35,61.22,9.59,3.65,56387.8,100,1.00,1.50,5
56543,-0.001,-0.002,0.021,0.001,-0.062,-0.831,0.000,-0.000,0.000,0.8370,-0.0116,-0.0297,-0.5462,3564.13,60.99,9.61,3.65,56388.0,100,1.00,1.50,5
56566,-0.003,-0.002,0.018,0.003,-0.063,-0.827,0.000,-0.000,0.000,0.8370,-0.0117,-0.0297,-0.5463,3564.92,60.78,9.63,3.65,56378.2,100,1.00,1.50,5
56583,-0.002,-0.003,0.022,0.003,-0.065,-0.825,0.000,-0.000,0.000,0.8369,-0.0117,-0.0297,-0.5465,3565.78,60.64,9.59,3.66,56357.9,100,1.00,1.50,5
56603,0.001,-0.003,0.019,0.004,-0.065,-0.820,0.000,-0.000,0.000,0.8368,-0.0117,-0.0297,-0.5466,3566.61,60.47,9.62,3.66,56358.4,100,1.00,1.50,5
56623,-0.002,-0.003,0.017,0.005,-0.064,-0.818,0.000,-0.000,0.000,0.8367,-0.0117,-0.0297,-0.5467,3567.40,60.27,9.65,3.66,56359.4,100,1.00,1.50,5
56643,-0.002,-0.003,0.018,0.006,-0.067,-0.815,0.000,-0.000,0.000,0.8366,-0.0117,-0.0297,-0.5468,3568.22,60.11,9.63,3.66,56345.8,100,1.00,1.50,5
56663,-0.002,-0.003,0.017,0.009,-0.066,-0.812,0.000,-0.000,0.000,0.8366,-0.0117,-0.0297,-0.5469,3568.98,59.89,9.64,3.66,56352.5,100,1.00,1.50,5
56683,-0.003,-0.001,0.020,0.009,-0.066,-0.809,0.000,-0.000,0.000,0.8365,-0.0117,-0.0298,-0.5471,3569.75,59.69,9.61,3.66,56343.8,100,1.00,1.50,5
56703,0.000,-0.002,0.019,0.012,-0.066,-0.802,0.000,-0.000,0.000,0.8364,-0.0117,-0.0298,-0.5472,3570.55,59.51,9.63,3.67,56332.8,100,1.00,1.50,5
56723,-0.001,-0.002,0.018,0.011,-0.067,-0.800,0.000,-0.000,0.000,0.8363,-0.0117,-0.0298,-0.5473,3571.33,59.31,9.64,3.67,56331.2,100,1.00,1.50,5
56743,-0.003,-0.003,0.019,0.013,-0.068,-0.797,0.000,-0.000,0.000,0.8363,-0.0117,-0.0298,-0.5474,3572.07,59.09,9.62,3.67,56331.4,100,1.00,1.50,5
56763,0.001,-0.004,0.016,0.013,-0.067,-0.794,0.000,-0.000,0.000,0.8362,-0.0117,-0.0298,-0.5475,3572.88,58.93,9.65,3.67,56311.5,100,1.00,1.50,5
56783,-0.002,-0.003,0.016,0.013,-0.070,-0.788,0.000,-0.000,0.000,0.8361,-0.0117,-0.0298,-0.5476,3573.64,58.74,9.65,3.67,56315.4,100,1.00,1.50,5
56803,0.001,-0.004,0.017,0.015,-0.069,-0.786,0.000,-0.000,0.000,0.8360,-0.0117,-0.0298,-0.5478,3574.45,58.59,9.64,3.68,56299.8,100,1.00,1.50,5
56823,-0.000,-0.003,0.014,0.015,-0.069,-0.784,0.000,-0.000,0.000,0.8359,-0.0118,-0.0299,-0.5479,3575.20,58.39,9.67,3.68,56304.0,100,1.00,1.50,5
56843,-0.001,-0.003,0.014,0.017,-0.068,-0.779,0.000,-0.000,0.000,0.8359,-0.0118,-0.0299,-0.5480,3575.95,58.19,9.67,3.68,56298.9,100,1.00,1.50,5
56863,-0.002,-0.004,0.019,0.020,-0.069,-0.777,0.000,-0.000,0.000,0.8358,-0.0118,-0.0299,-0.5481,3576.81,58.10,9.63,3.68,56272.8,100,1.00,1.50,5
56883,-0.002,-0.002,0.017,0.020,-0.069,-0.771,0.000,-0.000,0.000,0.8357,-0.0118,-0.0299,-0.5482,3577.53,57.88,9.65,3.68,56291.8,100,1.00,1.50,5
56903,-0.002,-0.003,0.014,0.025,-0.070,-0.770,0.000,-0.000,0.000,0.8357,-0.0118,-0.0299,-0.5483,3578.27,57.68,9.67,3.69,56282.6,100,1.00,1.50,5
56923,-0.000,-0.003,0.018,0.022,-0.070,-0.766,0.000,-0.000,0.000,0.8356,-0.0118,-0.0299,-0.5484,3578.98,57.46,9.63,3.69,56283.2,100,1.00,1.50,5
56944,0.000,-0.004,0.014,0.025,-0.069,-0.763,0.000,-0.000,0.000,0.8355,-0.0118,-0.0300,-0.5485,3579.65,57.20,9.67,3.69,56285.0,100,1.00,1.50,5
56963,-0.000,-0.004,0.012,0.026,-0.070,-0.761,0.000,-0.000,0.000,0.8354,-0.0118,-0.0300,-0.5487,3580.42,57.05,9.69,3.69,56258.2,100,1.00,1.50,5
56983,0.000,-0.004,0.018,0.028,-0.074,-0.756,0.000,-0.000,0.000,0.8354,-0.0118,-0.0300,-0.5488,3581.14,56.85,9.63,3.69,56264.2,100,1.00,1.50,5
57003,-0.000,-0.005,0.014,0.029,-0.071,-0.753,0.000,-0.000,0.000,0.8353,-0.0118,-0.0300,-0.5489,3581.86,56.65,9.67,3.70,56257.9,100,1.00,1.50,5
57023,0.000,-0.005,0.012,0.031,-0.071,-0.749,0.000,-0.000,0.000,0.8352,-0.0118,-0.0300,-0.5490,3582.56,56.44,9.69,3.70,56254.9,100,1.00,1.50,5
57043,-0.000,-0.005,0.012,0.030,-0.071,-0.747,0.000,-0.000,0.000,0.8351,-0.0118,-0.0300,-0.5491,3583.32,56.29,9.69,3.70,56239.5,100,1.00,1.50,5
57063,0.003,-0.006,0.014,0.033,-0.072,-0.742,0.000,-0.000,0.000,0.8351,-0.0118,-0.0300,-0.5492,3584.06,56.12,9.67,3.70,56236.2,100,1.00,1.50,5
57083,0.003,-0.003,0.014,0.032,-0.072,-0.739,0.000,-0.000,0.000,0.8350,-0.0118,-0.0301,-0.5493,3584.78,55.94,9.67,3.70,56233.1,100,1.00,1.50,5
57103,0.000,-0.005,0.016,0.035,-0.070,-0.735,0.000,-0.000,0.000,0.8349,-0.0118,-0.0301,-0.5494,3585.48,55.74,9.65,3.71,56233.1,100,1.00,1.50,5
57123,-0.000,-0.005,0.010,0.036,-0.072,-0.732,0.000,-0.000,0.000,0.8349,-0.0118,-0.0301,-0.5495,3586.19,55.56,9.71,3.71,56224.6,100,1.00,1.50,5
57143,-0.002,-0.004,0.015,0.037,-0.072,-0.729,0.000,-0.000,0.000,0.8348,-0.0119,-0.0301,-0.5496,3586.87,55.35,9.67,3.71,56225.1,100,1.00,1.50,5
57163,-0.001,-0.003,0.013,0.039,-0.072,-0.725,0.000,-0.000,0.000,0.8347,-0.0119,-0.0301,-0.5497,3587.53,55.13,9.68,3.71,56223.2,100,1.00,1.50,5
57186,-0.000,-0.004,0.014,0.040,-0.074,-0.722,0.000,-0.000,0.000,0.8346,-0.0119,-0.0302,-0.5498,3588.22,54.94,9.67,3.71,56212.2,100,1.00,1.50,5
57203,0.002,-0.005,0.013,0.039,-0.071,-0.720,0.000,-0.000,0.000,0.8346,-0.0119,-0.0302,-0.5499,3588.93,54.76,9.68,3.72,56204.2,100,1.00,1.50,5
57223,0.000,-0.004,0.014,0.043,-0.072,-0.716,0.000,-0.000,0.000,0.8345,-0.0119,-0.0302,-0.5500,3589.54,54.51,9.67,3.72,56215.0,100,1.00,1.50,5
57243,-0.000,-0.004,0.012,0.045,-0.072,-0.712,0.000,-0.000,0.000,0.8344,-0.0119,-0.0302,-0.5501,3590.27,54.36,9.69,3.72,56189.6,100,1.00,1.50,5
57263,-0.001,-0.003,0.012,0.048,-0.072,-0.709,0.000,-0.000,0.000,0.8344,-0.0119,-0.0302,-0.5503,3590.91,54.14,9.69,3.72,56198.7,100,1.00,1.50,5
57283,-0.000,-0.005,0.014,0.049,-0.071,-0.705,0.000,-0.000,0.000,0.8343,-0.0119,-0.0302,-0.5504,3591.54,53.91,9.67,3.72,56196.5,100,1.00,1.50,5
57303,-0.000,-0.006,0.011,0.049,-0.070,-0.702,0.000,-0.000,0.000,0.8342,-0.0119,-0.0303,-0.5505,3592.16,53.67,9.70,3.73,56193.3,100,1.00,1.50,5
57323,-0.001,-0.006,0.012,0.051,-0.072,-0.700,0.000,-0.000,0.000,0.8342,-0.0119,-0.0303,-0.5506,3592.87,53.53,9.69,3.73,56170.4,100,1.00,1.50,5
57343,0.003,-0.006,0.014,0.052,-0.072,-0.695,0.000,-0.000,0.000,0.8341,-0.0119,-0.0303,-0.5507,3593.55,53.35,9.67,3.73,56171.5,100,1.00,1.50,5
57363,0.001,-0.005,0.012,0.053,-0.071,-0.692,0.000,-0.000,0.000,0.8340,-0.0119,-0.0303,-0.5508,3594.16,53.12,9.69,3.73,56179.4,100,1.00,1.50,5
57383,0.002,-0.005,0.012,0.056,-0.071,-0.691,0.000,-0.000,0.000,0.8340,-0.0119,-0.0303,-0.5509,3594.82,52.93,9.69,3.73,56164.6,100,1.00,1.50,5
57403,-0.000,-0.006,0.013,0.058,-0.074,-0.687,0.000,-0.000,0.000,0.8339,-0.0119,-0.0304,-0.5510,3595.44,52.72,9.68,3.74,56166.4,100,1.00,1.50,5
57423,-0.001,-0.005,0.013,0.058,-0.071,-0.683,0.000,-0.000,0.000,0.8338,-0.0119,-0.0304,-0.5511,3596.03,52.48,9.68,3.74,56167.7,100,1.00,1.50,5
57443,-0.000,-0.005,0.014,0.060,-0.072,-0.681,0.000,-0.000,0.000,0.8338,-0.0119,-0.0304,-0.5512,3596.64,52.26,9.67,3.74,56157.8,100,1.00,1.50,5
57463,0.001,-0.004,0.009,0.060,-0.070,-0.678,0.000,-0.000,0.000,0.8337,-0.0119,-0.0304,-0.5513,3597.21,52.02,9.72,3.74,56160.6,100,1.00,1.50,5
57483,0.001,-0.005,0.013,0.062,-0.071,-0.674,0.000,-0.000,0.000,0.8336,-0.0119,-0.0304,-0.5514,3597.84,51.82,9.68,3.74,56145.3,100,1.00,1.50,5
57503,-0.001,-0.004,0.010,0.064,-0.071,-0.670,0.000,-0.000,0.000,0.8336,-0.0119,-0.0304,-0.5514,3598.41,51.58,9.71,3.75,56151.0,100,1.00,1.50,5
57523,-0.000,-0.006,0.011,0.065,-0.072,-0.669,0.000,-0.000,0.000,0.8335,-0.0119,-0.0305,-0.5515,3599.07,51.43,9.70,3.75,56128.6,100,1.00,1.50,5
57543,0.003,-0.004,0.008,0.067,-0.070,-0.666,0.000,-0.000,0.000,0.8334,-0.0119,-0.0305,-0.5516,3599.76,51.30,9.72,3.75,56118.7,100,1.00,1.50,5
57563,0.000,-0.003,0.007,0.067,-0.070,-0.663,0.000,-0.000,0.000,0.8334,-0.0119,-0.0305,-0.5517,3600.40,51.14,9.74,3.75,56121.6,100,1.00,1.50,5
57583,0.000,-0.005,0.010,0.070,-0.069,-0.658,0.000,-0.000,0.000,0.8333,-0.0119,-0.0305,-0.5518,3600.97,50.91,9.71,3.76,56130.4,100,1.00,1.50,5
57603,0.002,-0.004,0.011,0.071,-0.068,-0.654,0.000,-0.000,0.000,0.8332,-0.0119,-0.0305,-0.5519,3601.54,50.69,9.70,3.76,56126.4,100,1.00,1.50,5
57623,-0.000,-0.007,0.007,0.074,-0.070,-0.653,0.000,-0.000,0.000,0.8332,-0.0119,-0.0306,-0.5520,3602.23,50.58,9.74,3.76,56098.1,100,1.00,1.50,5
57643,0.001,-0.004,0.010,0.075,-0.071,-0.648,0.000,-0.000,0.000,0.8331,-0.0119,-0.0306,-0.5521,3602.75,50.31,9.71,3.76,56126.4,100,1.00,1.50,5
57663,0.006,-0.005,0.010,0.076,-0.068,-0.643,0.000,-0.000,0.000,0.8331,-0.0119,-0.0306,-0.5522,3603.38,50.16,9.70,3.76,56098.1,100,1.00,1.50,5
57683,-0.000,-0.006,0.009,0.077,-0.069,-0.641,0.000,-0.000,0.000,0.8330,-0.0119,-0.0306,-0.5523,3604.03,50.02,9.72,3.77,56092.0,100,1.00,1.50,5
57703,0.005,-0.004,0.009,0.079,-0.068,-0.639,0.000,-0.000,0.000,0.8329,-0.0119,-0.0306,-0.5524,3604.57,49.79,9.72,3.77,56105.9,100,1.00,1.50,5
57723,0.003,-0.004,0.008,0.081,-0.068,-0.636,0.000,-0.000,0.000,0.8329,-0.0119,-0.0307,-0.5525,3605.12,49.56,9.73,3.77,56101.6,100,1.00,1.50,5
57743,0.005,-0.004,0.008,0.083,-0.070,-0.631,0.000,-0.000,0.000,0.8328,-0.0119,-0.0307,-0.5526,3605.61,49.29,9.73,3.77,56106.6,100,1.00,1.50,5
57763,0.004,-0.005,0.011,0.085,-0.068,-0.627,0.000,-0.000,0.000,0.8328,-0.0119,-0.0307,-0.5527,3606.19,49.11,9.69,3.77,56085.0,100,1.00,1.50,5
57783,0.002,-0.005,0.006,0.086,-0.067,-0.624,0.000,-0.000,0.000,0.8327,-0.0119,-0.0307,-0.5528,3606.78,48.93,9.74,3.78,56079.2,100,1.00,1.50,5
57806,0.003,-0.005,0.011,0.087,-0.066,-0.622,0.000,-0.000,0.000,0.8326,-0.0119,-0.0308,-0.5528,3607.35,48.74,9.70,3.78,56078.4,100,1.00,1.50,5
57823,0.003,-0.005,0.009,0.087,-0.067,-0.618,0.000,-0.000,0.000,0.8326,-0.0119,-0.0308,-0.5529,3607.94,48.57,9.71,3.78,56069.9,100,1.00,1.50,5
57843,-0.000,-0.005,0.006,0.091,-0.064,-0.616,0.000,-0.000,0.000,0.8325,-0.0119,-0.0308,-0.5530,3608.52,48.40,9.75,3.78,56067.0,100,1.00,1.50,5
57863,0.003,-0.005,0.005,0.092,-0.065,-0.611,0.000,-0.000,0.000,0.8324,-0.0119,-0.0308,-0.5531,3609.03,48.17,9.76,3.79,56075.8,100,1.00,1.50,5
57883,0.003,-0.005,0.007,0.095,-0.064,-0.609,0.000,-0.000,0.000,0.8324,-0.0119,-0.0308,-0.5532,3609.61,48.01,9.73,3.79,56057.3,100,1.00,1.50,5
57903,0.002,-0.005,0.006,0.096,-0.064,-0.607,0.000,-0.000,0.000,0.8323,-0.0119,-0.0309,-0.5533,3610.09,47.76,9.75,3.79,56071.0,100,1.00,1.50,5
57923,0.003,-0.005,0.006,0.099,-0.062,-0.605,0.000,-0.000,0.000,0.8323,-0.0119,-0.0309,-0.5534,3610.60,47.53,9.75,3.79,56063.2,100,1.00,1.50,5
57944,0.002,-0.005,0.008,0.101,-0.063,-0.600,0.000,-0.000,0.000,0.8322,-0.0119,-0.0309,-0.5535,3611.13,47.33,9.73,3.79,56054.1,100,1.00,1.50,5
57963,0.003,-0.004,0.009,0.103,-0.062,-0.595,0.000,-0.000,0.000,0.8322,-0.0119,-0.0309,-0.5536,3611.65,47.13,9.71,3.80,56051.0,100,1.00,1.50,5
57983,0.006,-0.006,0.007,0.103,-0.062,-0.593,0.000,-0.000,0.000,0.8321,-0.0119,-0.0309,-0.5536,3612.19,46.94,9.74,3.80,56043.7,100,1.00,1.50,5
58003,0.001,-0.006,0.007,0.103,-0.060,-0.590,0.000,-0.000,0.000,0.8320,-0.0118,-0.0310,-0.5537,3612.65,46.69,9.73,3.80,56053.6,100,0.99,1.50,5
58023,0.002,-0.005,0.008,0.107,-0.062,-0.586,0.000,-0.000,0.000,0.8320,-0.0118,-0.0310,-0.5538,3613.20,46.53,9.73,3.80,56032.8,100,1.00,1.50,5
58043,0.004,-0.006,0.006,0.107,-0.061,-0.586,0.000,-0.000,0.000,0.8319,-0.0118,-0.0310,-0.5539,3613.71,46.34,9.74,3.80,56034.6,100,1.00,1.50,5
58063,0.002,-0.007,0.001,0.111,-0.059,-0.583,0.000,-0.000,0.000,0.8319,-0.0118,-0.0310,-0.5540,3614.24,46.16,9.79,3.81,56028.0,100,1.00,1.50,5
58083,0.003,-0.004,0.002,0.112,-0.058,-0.577,0.000,-0.000,0.000,0.8318,-0.0118,-0.0311,-0.5541,3614.84,46.05,9.79,3.81,56010.7,100,1.00,1.50,5
58103,0.003,-0.005,0.003,0.114,-0.059,-0.575,0.000,-0.000,0.000,0.8318,-0.0118,-0.0311,-0.5541,3615.30,45.81,9.77,3.81,56032.5,100,0.98,1.50,5
58123,0.005,-0.005,0.007,0.114,-0.058,-0.571,0.000,-0.000,0.000,0.8317,-0.0118,-0.0311,-0.5542,3615.76,45.58,9.74,3.81,56028.5,100,0.98,1.50,5
58143,0.002,-0.007,0.005,0.117,-0.052,-0.569,0.000,-0.000,0.000,0.8316,-0.0118,-0.0311,-0.5543,3616.24,45.37,9.76,3.81,56020.0,100,1.00,1.50,5
58163,0.006,-0.006,0.004,0.118,-0.055,-0.566,0.000,-0.000,0.000,0.8316,-0.0118,-0.0311,-0.5544,3616.75,45.20,9.76,3.82,56010.6,100,1.00,1.50,5
58183,0.003,-0.005,0.004,0.120,-0.053,-0.564,0.000,-0.000,0.000,0.8315,-0.0118,-0.0312,-0.5545,3617.19,44.96,9.76,3.82,56019.2,100,0.96,1.50,5
58203,0.006,-0.005,0.005,0.123,-0.053,-0.559,0.000,-0.000,0.000,0.8315,-0.0118,-0.0312,-0.5545,3617.73,44.82,9.75,3.82,55997.4,100,1.00,1.50,5
58223,0.003,-0.003,0.007,0.125,-0.054,-0.557,0.000,-0.000,0.000,0.8314,-0.0118,-0.0312,-0.5546,3618.19,44.60,9.74,3.82,56007.7,100,0.98,1.50,5
58243,0.006,-0.006,0.003,0.127,-0.052,-0.554,0.000,-0.000,0.000,0.8314,-0.0118,-0.0312,-0.5547,3618.75,44.49,9.77,3.82,55983.2,100,1.00,1.50,5
58263,0.002,-0.004,0.003,0.127,-0.052,-0.551,0.000,-0.000,0.000,0.8313,-0.0118,-0.0313,-0.5548,3619.21,44.28,9.78,3.83,56000.5,100,0.97,1.50,5
58283,0.002,-0.005,-0.000,0.129,-0.049,-0.548,0.000,-0.000,0.000,0.8313,-0.0117,-0.0313,-0.5549,3619.66,44.07,9.81,3.83,55997.3,100,0.97,1.50,5
58303,0.005,-0.006,0.006,0.132,-0.048,-0.546,0.000,-0.000,0.000,0.8312,-0.0117,-0.0313,-0.5549,3620.16,43.92,9.74,3.83,55982.4,100,1.00,1.50,5
58324,0.005,-0.006,0.003,0.134,-0.047,-0.541,0.000,-0.000,0.000,0.8312,-0.0117,-0.0313,-0.5550,3620.60,43.70,9.78,3.83,55992.3,100,0.95,1.50,5
58343,0.004,-0.006,0.005,0.135,-0.047,-0.537,0.000,-0.000,0.000,0.8311,-0.0117,-0.0313,-0.5551,3621.03,43.48,9.76,3.83,55988.3,100,0.95,1.50,5
58364,0.002,-0.005,0.000,0.138,-0.045,-0.537,0.000,-0.000,0.000,0.8311,-0.0117,-0.0314,-0.5552,3621.43,43.24,9.80,3.84,55990.9,100,0.91,1.50,5
58383,0.001,-0.005,0.005,0.137,-0.046,-0.533,0.000,-0.000,0.000,0.8310,-0.0117,-0.0314,-0.5553,3621.92,43.08,9.75,3.84,55971.8,100,0.99,1.50,5
58403,0.003,-0.004,-0.000,0.142,-0.045,-0.528,0.000,-0.000,0.000,0.8310,-0.0117,-0.0314,-0.5553,3622.40,42.92,9.81,3.84,55968.0,100,0.99,1.50,5
58426,0.004,-0.004,0.004,0.144,-0.044,-0.526,0.000,-0.000,0.000,0.8309,-0.0117,-0.0314,-0.5554,3622.83,42.71,9.76,3.84,55973.4,100,0.94,1.50,5
58443,0.002,-0.007,0.004,0.144,-0.044,-0.525,0.000,-0.000,0.000,0.8309,-0.0117,-0.0315,-0.5555,3623.35,42.59,9.77,3.84,55953.3,100,1.00,1.50,5
58463,0.004,-0.003,0.002,0.146,-0.040,-0.522,0.000,-0.000,0.000,0.8308,-0.0116,-0.0315,-0.5556,3623.80,42.42,9.79,3.85,55961.1,100,0.96,1.50,5
58483,0.004,-0.002,0.004,0.148,-0.038,-0.518,0.000,-0.000,0.000,0.8308,-0.0116,-0.0315,-0.5556,3624.24,42.23,9.77,3.85,55961.8,100,0.94,1.50,5
58503,0.001,-0.006,0.002,0.151,-0.038,-0.517,0.000,-0.000,0.000,0.8307,-0.0116,-0.0315,-0.5557,3624.62,41.99,9.79,3.85,55967.4,100,0.89,1.50,5
58523,0.003,-0.003,-0.001,0.153,-0.036,-0.512,0.000,-0.000,0.000,0.8307,-0.0116,-0.0315,-0.5558,3625.07,41.82,9.81,3.85,55951.7,100,0.95,1.50,5
58543,0.005,-0.003,-0.002,0.154,-0.034,-0.508,0.000,-0.000,0.000,0.8306,-0.0116,-0.0316,-0.5558,3625.47,41.61,9.82,3.85,55956.5,100,0.91,1.50,5
58563,0.007,-0.002,0.003,0.156,-0.035,-0.506,0.000,-0.000,0.000,0.8306,-0.0116,-0.0316,-0.5559,3625.91,41.44,9.77,3.86,55945.3,100,0.94,1.50,5
58583,0.006,-0.005,0.001,0.159,-0.034,-0.504,0.000,-0.000,0.000,0.8305,-0.0116,-0.0316,-0.5560,3626.30,41.22,9.79,3.86,55952.5,100,0.89,1.50,5
58603,0.003,-0.004,0.000,0.161,-0.033,-0.500,0.000,-0.000,0.000,0.8305,-0.0115,-0.0316,-0.5561,3626.70,41.03,9.80,3.86,55945.4,100,0.90,1.50,5
58623,0.004,-0.004,0.001,0.161,-0.032,-0.497,0.000,-0.000,0.000,0.8304,-0.0115,-0.0317,-0.5561,3627.11,40.84,9.79,3.86,55941.0,100,0.91,1.50,5
58643,0.004,-0.004,-0.000,0.163,-0.031,-0.495,0.000,-0.000,0.000,0.8304,-0.0115,-0.0317,-0.5562,3627.45,40.59,9.80,3.86,55950.4,100,0.84,1.50,5
58663,0.004,-0.005,0.001,0.167,-0.026,-0.491,0.000,-0.000,0.000,0.8303,-0.0115,-0.0317,-0.5563,3627.83,40.38,9.80,3.86,55939.7,100,0.88,1.50,5
58683,0.004,-0.004,-0.002,0.168,-0.028,-0.488,0.000,-0.000,0.000,0.8303,-0.0115,-0.0317,-0.5563,3628.19,40.15,9.82,3.87,55940.6,100,0.85,1.50,5
58703,0.003,-0.006,-0.002,0.170,-0.025,-0.488,0.000,-0.000,0.000,0.8302,-0.0115,-0.0318,-0.5564,3628.60,39.99,9.83,3.87,55926.4,100,0.91,1.50,5
58723,0.003,-0.005,-0.002,0.173,-0.025,-0.484,0.000,-0.000,0.000,0.8302,-0.0114,-0.0318,-0.5565,3628.90,39.72,9.82,3.87,55944.0,100,0.80,1.50,5
58743,0.003,-0.004,-0.002,0.175,-0.026,-0.480,0.000,-0.000,0.000,0.8301,-0.0114,-0.0318,-0.5566,3629.21,39.46,9.83,3.87,55940.8,100,0.80,1.50,5
58763,0.005,-0.004,-0.000,0.177,-0.021,-0.476,0.000,-0.000,0.000,0.8301,-0.0114,-0.0318,-0.5566,3629.57,39.26,9.81,3.87,55926.7,100,0.85,1.50,5
58783,0.005,-0.005,-0.003,0.180,-0.022,-0.474,0.000,-0.000,0.000,0.8300,-0.0114,-0.0318,-0.5567,3629.96,39.09,9.84,3.88,55917.4,100,0.88,1.50,5
58803,0.005,-0.003,-0.001,0.179,-0.017,-0.473,0.000,-0.000,0.000,0.8300,-0.0114,-0.0319,-0.5568,3630.35,38.91,9.82,3.88,55915.4,100,0.87,1.50,5
58823,0.002,-0.004,-0.002,0.182,-0.018,-0.469,0.000,-0.000,0.000,0.8299,-0.0113,-0.0319,-0.5568,3630.69,38.70,9.83,3.88,55921.8,100,0.83,1.50,5
58843,0.006,-0.006,-0.004,0.186,-0.016,-0.467,0.000,-0.000,0.000,0.8299,-0.0113,-0.0319,-0.5569,3631.05,38.51,9.84,3.88,55913.9,100,0.85,1.50,5
58863,0.002,-0.004,-0.000,0.187,-0.015,-0.463,0.000,-0.000,0.000,0.8298,-0.0113,-0.0319,-0.5570,3631.41,38.32,9.81,3.88,55910.9,100,0.85,1.50,5
58883,0.002,-0.002,-0.005,0.190,-0.013,-0.461,0.000,-0.000,0.000,0.8298,-0.0113,-0.0320,-0.5570,3631.76,38.13,9.86,3.88,55908.2,100,0.84,1.50,5
58903,0.004,-0.004,-0.003,0.192,-0.012,-0.458,0.000,-0.000,0.000,0.8298,-0.0112,-0.0320,-0.5571,3632.08,37.92,9.83,3.89,55911.8,100,0.81,1.50,5
58923,0.006,-0.006,-0.004,0.195,-0.011,-0.456,0.000,-0.000,0.000,0.8297,-0.0112,-0.0320,-0.5572,3632.42,37.72,9.84,3.89,55905.6,100,0.82,1.50,5
58944,0.002,-0.003,-0.000,0.196,-0.007,-0.451,0.000,-0.000,0.000,0.8297,-0.0112,-0.0320,-0.5572,3632.75,37.52,9.81,3.89,55904.6,100,0.81,1.50,5
58963,0.006,-0.004,-0.005,0.197,-0.005,-0.448,0.000,-0.000,0.000,0.8296,-0.0112,-0.0320,-0.5573,3633.07,37.31,9.86,3.89,55902.9,100,0.80,1.50,5
58983,0.005,-0.005,-0.001,0.200,-0.004,-0.447,0.000,-0.000,0.000,0.8296,-0.0112,-0.0321,-0.5573,3633.41,37.13,9.82,3.89,55896.3,100,0.82,1.50,5
59003,0.002,-0.004,-0.003,0.202,-0.002,-0.444,0.000,-0.000,0.000,0.8295,-0.0111,-0.0321,-0.5574,3633.65,36.86,9.84,3.89,55911.0,100,0.73,1.50,5
59023,0.001,-0.006,-0.001,0.203,-0.001,-0.443,0.000,-0.000,0.000,0.8295,-0.0111,-0.0321,-0.5575,3634.01,36.70,9.82,3.89,55887.8,100,0.83,1.50,5
59046,0.001,-0.005,-0.003,0.207,0.002,-0.438,0.000,-0.000,0.000,0.8295,-0.0111,-0.0321,-0.5575,3634.29,36.48,9.84,3.90,55897.8,100,0.76,1.50,5
59063,0.008,-0.006,-0.003,0.210,0.003,-0.437,0.000,-0.000,0.000,0.8294,-0.0111,-0.0322,-0.5576,3634.61,36.29,9.84,3.90,55889.3,100,0.79,1.50,5
59083,0.001,-0.005,-0.005,0.211,0.005,-0.432,0.000,-0.000,0.000,0.8294,-0.0110,-0.0322,-0.5577,3634.90,36.08,9.86,3.90,55890.6,100,0.77,1.50,5
59103,0.001,-0.004,-0.007,0.213,0.007,-0.431,0.000,-0.000,0.000,0.8293,-0.0110,-0.0322,-0.5577,3635.12,35.81,9.87,3.90,55901.6,100,0.70,1.50,5
59123,0.004,-0.004,-0.007,0.216,0.010,-0.429,0.000,-0.000,0.000,0.8293,-0.0110,-0.0322,-0.5578,3635.47,35.66,9.88,3.90,55874.4,100,0.82,1.50,5
59143,0.004,-0.007,-0.004,0.218,0.011,-0.425,0.000,-0.000,0.000,0.8292,-0.0109,-0.0322,-0.5578,3635.79,35.49,9.84,3.90,55876.8,100,0.79,1.50,5
59163,0.002,-0.004,-0.009,0.219,0.014,-0.424,0.000,-0.000,0.000,0.8292,-0.0109,-0.0323,-0.5579,3636.02,35.24,9.89,3.90,55892.3,100,0.70,1.50,5
59183,0.006,-0.006,-0.006,0.225,0.015,-0.422,0.000,-0.000,0.000,0.8292,-0.0109,-0.0323,-0.5580,3636.34,35.07,9.87,3.91,55872.6,100,0.79,1.50,5
59203,0.003,-0.005,-0.003,0.226,0.018,-0.419,0.000,-0.000,0.000,0.8291,-0.0109,-0.0323,-0.5580,3636.62,34.88,9.84,3.91,55876.3,100,0.75,1.50,5
59223,0.004,-0.005,-0.008,0.227,0.019,-0.417,0.000,-0.000,0.000,0.8291,-0.0108,-0.0323,-0.5581,3636.84,34.63,9.88,3.91,55884.3,100,0.70,1.50,5
59243,0.002,-0.007,-0.007,0.229,0.018,-0.413,0.000,-0.000,0.000,0.8290,-0.0108,-0.0324,-0.5581,3637.13,34.45,9.87,3.91,55869.8,100,0.76,1.50,5
59263,0.004,-0.007,-0.009,0.231,0.022,-0.410,0.000,-0.000,0.000,0.8290,-0.0108,-0.0324,-0.5582,3637.41,34.26,9.90,3.91,55869.9,100,0.74,1.50,5
59283,0.004,-0.006,-0.007,0.231,0.025,-0.406,0.000,-0.000,0.000,0.8290,-0.0107,-0.0324,-0.5583,3637.66,34.06,9.87,3.91,55871.2,100,0.72,1.50,5
59303,0.004,-0.007,-0.007,0.236,0.029,-0.406,0.000,-0.000,0.000,0.8289,-0.0107,-0.0324,-0.5583,3637.94,33.88,9.88,3.91,55863.8,100,0.74,1.50,5
59324,0.002,-0.006,-0.008,0.236,0.028,-0.403,0.000,-0.000,0.000,0.8289,-0.0107,-0.0324,-0.5584,3638.23,33.72,9.88,3.91,55859.0,100,0.75,1.50,5
59343,0.005,-0.007,-0.010,0.240,0.031,-0.401,0.000,-0.000,0.000,0.8289,-0.0106,-0.0325,-0.5584,3638.52,33.55,9.90,3.92,55857.4,100,0.75,1.50,5
59363,0.002,-0.006,-0.008,0.244,0.033,-0.399,0.000,-0.000,0.000,0.8288,-0.0106,-0.0325,-0.5585,3638.80,33.39,9.88,3.92,55854.7,100,0.75,1.50,5
59383,0.004,-0.008,-0.011,0.245,0.037,-0.396,0.000,-0.000,0.000,0.8288,-0.0106,-0.0325,-0.5585,3639.03,33.17,9.91,3.92,55864.0,100,0.69,1.50,5
59403,0.002,-0.007,-0.010,0.247,0.038,-0.395,0.000,-0.000,0.000,0.8287,-0.0105,-0.0325,-0.5586,3639.28,32.99,9.91,3.92,55856.0,100,0.71,1.50,5
59423,0.004,-0.006,-0.011,0.250,0.042,-0.390,0.000,-0.000,0.000,0.8287,-0.0105,-0.0325,-0.5586,3639.53,32.80,9.91,3.92,55853.9,100,0.71,1.50,5
59443,0.003,-0.006,-0.010,0.251,0.044,-0.390,0.000,-0.000,0.000,0.8287,-0.0105,-0.0326,-0.5587,3639.79,32.63,9.91,3.92,55849.8,100,0.72,1.50,5
59463,0.004,-0.009,-0.012,0.254,0.045,-0.386,0.000,-0.000,0.000,0.8286,-0.0104,-0.0326,-0.5588,3640.06,32.47,9.92,3.92,55846.6,100,0.72,1.50,5
59483,0.001,-0.006,-0.013,0.258,0.051,-0.385,0.000,-0.000,0.000,0.8286,-0.0104,-0.0326,-0.5588,3640.28,32.27,9.94,3.92,55851.2,100,0.69,1.50,5
59503,0.006,-0.010,-0.013,0.260,0.052,-0.380,0.000,-0.000,0.000,0.8286,-0.0104,-0.0326,-0.5589,3640.49,32.06,9.93,3.92,55853.3,100,0.66,1.50,5
59523,0.002,-0.009,-0.011,0.261,0.055,-0.378,0.000,-0.000,0.000,0.8285,-0.0103,-0.0326,-0.5589,3640.71,31.86,9.91,3.92,55848.8,100,0.67,1.50,5
59544,0.003,-0.008,-0.013,0.265,0.058,-0.376,0.000,-0.000,0.000,0.8285,-0.0103,-0.0327,-0.5590,3640.90,31.64,9.93,3.92,55850.9,100,0.65,1.50,5
59563,0.005,-0.008,-0.013,0.267,0.060,-0.377,0.000,-0.000,0.000,0.8284,-0.0102,-0.0327,-0.5590,3641.18,31.51,9.93,3.93,55833.0,100,0.73,1.50,5
59583,0.002,-0.010,-0.016,0.268,0.062,-0.372,0.000,-0.000,0.000,0.8284,-0.0102,-0.0327,-0.5591,3641.42,31.35,9.96,3.93,55837.1,100,0.70,1.50,5
59603,0.005,-0.010,-0.009,0.273,0.064,-0.370,0.000,-0.000,0.000,0.8284,-0.0102,-0.0327,-0.5591,3641.71,31.23,9.90,3.93,55826.2,100,0.74,1.50,5
59623,0.006,-0.009,-0.016,0.273,0.066,-0.366,0.000,-0.000,0.000,0.8283,-0.0101,-0.0327,-0.5592,3641.91,31.03,9.96,3.93,55839.2,100,0.66,1.50,5
59643,0.003,-0.010,-0.010,0.276,0.070,-0.364,0.000,-0.000,0.000,0.8283,-0.0101,-0.0328,-0.5592,3642.08,30.81,9.90,3.93,55843.8,100,0.62,1.50,5
59666,0.003,-0.008,-0.014,0.282,0.072,-0.363,0.000,-0.000,0.000,0.8283,-0.0100,-0.0328,-0.5593,3642.23,30.57,9.94,3.93,55846.1,100,0.60,1.50,5
59683,0.005,-0.009,-0.015,0.280,0.075,-0.361,0.000,-0.000,0.000,0.8282,-0.0100,-0.0328,-0.5593,3642.42,30.38,9.95,3.93,55836.5,100,0.64,1.50,5
59703,0.002,-0.011,-0.016,0.282,0.080,-0.360,0.000,-0.000,0.000,0.8282,-0.0099,-0.0328,-0.5594,3642.60,30.18,9.97,3.93,55836.6,100,0.63,1.50,5
59723,0.004,-0.010,-0.016,0.287,0.082,-0.356,0.000,-0.000,0.000,0.8282,-0.0099,-0.0328,-0.5594,3642.88,30.07,9.96,3.93,55815.8,100,0.72,1.50,5
59743,0.005,-0.013,-0.014,0.289,0.083,-0.353,0.000,-0.000,0.000,0.8281,-0.0099,-0.0329,-0.5595,3643.02,29.84,9.94,3.93,55838.1,100,0.60,1.50,5
59763,0.003,-0.012,-0.017,0.291,0.087,-0.352,0.000,-0.000,0.000,0.8281,-0.0098,-0.0329,-0.5595,3643.18,29.64,9.97,3.93,55833.4,100,0.61,1.50,5
59783,0.003,-0.011,-0.014,0.293,0.089,-0.350,0.000,-0.000,0.000,0.8281,-0.0098,-0.0329,-0.5596,3643.37,29.45,9.94,3.93,55827.2,100,0.63,1.50,5
59803,0.003,-0.015,-0.017,0.297,0.094,-0.345,0.000,-0.000,0.000,0.8280,-0.0097,-0.0329,-0.5596,3643.53,29.26,9.97,3.93,55829.1,100,0.61,1.50,5
59823,0.004,-0.011,-0.013,0.299,0.097,-0.346,0.000,-0.000,0.000,0.8280,-0.0097,-0.0329,-0.5597,3643.75,29.11,9.94,3.93,55817.3,100,0.66,1.50,5
59843,0.004,-0.012,-0.015,0.300,0.100,-0.345,0.000,-0.000,0.000,0.8280,-0.0096,-0.0329,-0.5597,3643.90,28.90,9.95,3.93,55829.1,100,0.59,1.50,5
59863,0.004,-0.013,-0.017,0.304,0.104,-0.341,0.000,-0.000,0.000,0.8279,-0.0096,-0.0330,-0.5598,3644.08,28.74,9.97,3.93,55818.9,100,0.63,1.50,5
59883,0.006,-0.014,-0.015,0.306,0.109,-0.341,0.000,-0.000,0.000,0.8279,-0.0095,-0.0330,-0.5598,3644.22,28.53,9.95,3.93,55826.1,100,0.58,1.50,5
59903,0.003,-0.014,-0.014,0.309,0.109,-0.338,0.000,-0.000,0.000,0.8279,-0.0095,-0.0330,-0.5599,3644.36,28.32,9.95,3.93,55824.8,100,0.58,1.50,5
59923,0.002,-0.013,-0.012,0.312,0.114,-0.334,0.000,-0.000,0.000,0.8278,-0.0094,-0.0330,-0.5599,3644.54,28.15,9.92,3.93,55816.5,100,0.61,1.50,5
59943,0.004,-0.015,-0.017,0.314,0.115,-0.333,0.000,-0.000,0.000,0.8278,-0.0094,-0.0330,-0.5600,3644.69,27.97,9.97,3.93,55818.9,100,0.59,1.50,5
59963,0.003,-0.016,-0.016,0.317,0.121,-0.330,0.000,-0.000,0.000,0.8278,-0.0093,-0.0330,-0.5600,3644.83,27.78,9.97,3.93,55819.2,100,0.58,1.50,5
59983,0.003,-0.016,-0.017,0.319,0.123,-0.331,0.000,-0.000,0.000,0.8277,-0.0093,-0.0331,-0.5601,3644.99,27.61,9.97,3.93,55813.4,100,0.60,1.50,5
60003,0.003,-0.017,-0.019,0.323,0.125,-0.326,0.000,-0.000,0.000,0.8277,-0.0092,-0.0331,-0.5601,3645.09,27.38,9.99,3.93,55823.2,100,0.54,1.50,5
60023,0.005,-0.017,-0.015,0.323,0.129,-0.325,0.000,-0.000,0.000,0.8277,-0.0092,-0.0331,-0.5602,3645.25,27.23,9.96,3.93,55809.6,100,0.60,1.50,5
60043,0.005,-0.016,-0.018,0.328,0.133,-0.324,0.000,-0.000,0.000,0.8276,-0.0091,-0.0331,-0.5602,3645.32,26.98,9.98,3.93,55826.4,100,0.50,1.50,5
60063,0.003,-0.018,-0.019,0.330,0.138,-0.321,0.000,-0.000,0.000,0.8276,-0.0090,-0.0331,-0.5602,3645.36,26.71,9.99,3.93,55829.8,100,0.48,1.50,5
60083,0.004,-0.015,-0.019,0.332,0.142,-0.321,0.000,-0.000,0.000,0.8276,-0.0090,-0.0331,-0.5603,3645.52,26.56,9.99,3.93,55806.2,100,0.59,1.50,5
60103,0.004,-0.018,-0.021,0.334,0.143,-0.315,0.000,-0.000,0.000,0.8276,-0.0089,-0.0331,-0.5603,3645.66,26.39,10.01,3.93,55809.4,100,0.56,1.50,5
60123,0.001,-0.018,-0.018,0.339,0.147,-0.317,0.000,-0.000,0.000,0.8275,-0.0089,-0.0332,-0.5604,3645.78,26.21,9.98,3.93,55810.2,100,0.55,1.50,5
60143,0.006,-0.019,-0.021,0.342,0.151,-0.314,0.000,-0.000,0.000,0.8275,-0.0088,-0.0332,-0.5604,3645.91,26.05,10.01,3.93,55806.1,100,0.56,1.50,5
60163,0.007,-0.020,-0.019,0.344,0.157,-0.311,0.000,-0.000,0.000,0.8275,-0.0088,-0.0332,-0.5605,3646.00,25.84,9.99,3.93,55814.2,100,0.51,1.50,5
60183,0.006,-0.018,-0.020,0.345,0.159,-0.311,0.000,-0.000,0.000,0.8274,-0.0087,-0.0332,-0.5605,3646.04,25.59,10.00,3.93,55821.4,100,0.47,1.50,5
60203,0.007,-0.021,-0.021,0.348,0.164,-0.309,0.000,-0.000,0.000,0.8274,-0.0086,-0.0332,-0.5605,3646.07,25.35,10.01,3.93,55820.5,100,0.47,1.50,5
60223,0.008,-0.020,-0.022,0.353,0.166,-0.308,0.000,-0.000,0.000,0.8274,-0.0086,-0.0332,-0.5606,3646.15,25.15,10.03,3.93,55811.4,100,0.51,1.50,5
60243,0.007,-0.021,-0.023,0.355,0.169,-0.306,0.000,-0.000,0.000,0.8274,-0.0085,-0.0332,-0.5606,3646.26,24.98,10.04,3.93,55805.4,100,0.53,1.50,5
60263,0.006,-0.023,-0.021,0.357,0.176,-0.304,0.000,-0.000,0.000,0.8273,-0.0085,-0.0332,-0.5607,3646.31,24.76,10.02,3.93,55813.9,100,0.48,1.50,5
60286,0.007,-0.022,-0.022,0.360,0.178,-0.303,0.000,-0.000,0.000,0.8273,-0.0084,-0.0333,-0.5607,3646.41,24.60,10.03,3.93,55803.2,100,0.52,1.50,5
60303,0.006,-0.022,-0.022,0.362,0.184,-0.301,0.000,-0.000,0.000,0.8273,-0.0083,-0.0333,-0.5608,3646.46,24.38,10.02,3.93,55813.4,100,0.46,1.50,5
60323,0.006,-0.023,-0.026,0.366,0.187,-0.298,0.000,-0.000,0.000,0.8272,-0.0083,-0.0333,-0.5608,3646.48,24.14,10.06,3.93,55816.8,100,0.44,1.50,5
60343,0.006,-0.024,-0.024,0.368,0.193,-0.296,0.000,-0.000,0.000,0.8272,-0.0082,-0.0333,-0.5608,3646.55,23.96,10.04,3.93,55805.9,100,0.49,1.50,5
60363,0.009,-0.023,-0.024,0.372,0.196,-0.295,0.000,-0.000,0.000,0.8272,-0.0081,-0.0333,-0.5609,3646.59,23.75,10.05,3.93,55809.6,100,0.46,1.50,5
60383,0.009,-0.025,-0.025,0.373,0.202,-0.294,0.000,-0.000,0.000,0.8272,-0.0081,-0.0333,-0.5609,3646.72,23.62,10.05,3.93,55793.4,100,0.54,1.50,5
60403,0.005,-0.027,-0.027,0.376,0.202,-0.292,0.000,-0.000,0.000,0.8271,-0.0080,-0.0333,-0.5610,3646.79,23.46,10.08,3.93,55801.3,100,0.49,1.50,5
60423,0.008,-0.026,-0.024,0.379,0.209,-0.291,0.000,-0.000,0.000,0.8271,-0.0079,-0.0333,-0.5610,3646.86,23.28,10.04,3.93,55801.4,100,0.48,1.50,5
60443,0.009,-0.026,-0.025,0.383,0.215,-0.288,0.000,-0.000,0.000,0.8271,-0.0078,-0.0333,-0.5610,3646.88,23.07,10.05,3.92,55809.6,100,0.44,1.50,5
60463,0.011,-0.029,-0.028,0.387,0.219,-0.288,0.000,-0.000,0.000,0.8271,-0.0078,-0.0333,-0.5611,3646.97,22.92,10.08,3.92,55796.8,100,0.50,1.50,5
60483,0.008,-0.029,-0.027,0.390,0.223,-0.285,0.000,-0.000,0.000,0.8270,-0.0077,-0.0333,-0.5611,3647.01,22.73,10.07,3.92,55803.4,100,0.46,1.50,5
60503,0.006,-0.030,-0.030,0.392,0.225,-0.283,0.000,-0.000,0.000,0.8270,-0.0076,-0.0334,-0.5612,3647.07,22.57,10.10,3.92,55798.1,100,0.48,1.50,5
60523,0.010,-0.030,-0.028,0.393,0.232,-0.283,0.000,-0.000,0.000,0.8270,-0.0076,-0.0334,-0.5612,3647.12,22.39,10.08,3.92,55800.8,100,0.46,1.50,5
60543,0.011,-0.033,-0.031,0.398,0.235,-0.282,0.000,-0.000,0.000,0.8269,-0.0075,-0.0334,-0.5612,3647.16,22.21,10.11,3.92,55800.0,100,0.46,1.50,5
60563,0.010,-0.032,-0.034,0.402,0.242,-0.281,0.000,-0.000,0.000,0.8269,-0.0074,-0.0334,-0.5613,3647.21,22.04,10.14,3.92,55799.7,100,0.45,1.50,5
60583,0.010,-0.033,-0.029,0.404,0.247,-0.278,0.000,-0.000,0.000,0.8269,-0.0073,-0.0334,-0.5613,3647.21,21.84,10.10,3.92,55805.0,100,0.42,1.50,5
60603,0.013,-0.033,-0.029,0.407,0.251,-0.279,0.000,-0.000,0.000,0.8269,-0.0072,-0.0334,-0.5614,3647.25,21.67,10.09,3.92,55798.4,100,0.45,1.50,5
