Time[ms],AccX[g],AccY[g],AccZ[g],GyroX[°/s],GyroY[°/s],GyroZ[°/s],MagX[uT],MagY[uT],MagZ[uT],qW,qX,qY,qZ,AltFilt[m],VelFilt[m/s],AccVert[m/s^2],Tilt[°],PressBMP[Pa],Servo[%],PID_Gain,Cd_Gain,Estado
2577,0.051,0.049,1.000,-0.000,-0.000,0.000,-13.000,19.000,44.000,1.0000,0.0003,-0.0000,-0.0001,0.00,0.00,0.00,0.03,86792.8,0,0.00,0.00,2
2596,0.051,0.049,1.000,-0.000,-0.000,0.000,-13.000,19.000,44.000,1.0000,0.0006,-0.0001,-0.0002,0.00,0.00,0.00,0.07,86792.8,0,0.00,0.00,2
2616,0.051,0.049,1.000,-0.000,-0.000,0.000,-13.000,19.000,44.000,1.0000,0.0008,-0.0001,-0.0003,0.00,0.00,0.00,0.10,86792.8,0,0.00,0.00,2
2636,0.051,0.049,1.000,-0.000,-0.000,0.000,-13.000,19.000,44.000,1.0000,0.0011,-0.0001,-0.0004,0.00,0.00,0.00,0.13,86792.8,0,0.00,0.00,2
2656,0.051,0.049,1.000,-0.000,-0.000,0.000,-13.000,19.000,44.000,1.0000,0.0014,-0.0001,-0.0005,0.00,0.00,0.00,0.16,86792.8,0,0.00,0.00,2
2676,0.051,0.049,1.000,-0.000,-0.000,0.000,-13.000,19.000,44.000,1.0000,0.0017,-0.0002,-0.0006,0.00,0.00,0.00,0.19,86792.8,0,0.00,0.00,2
2696,0.051,0.049,1.000,-0.000,-0.000,0.000,-13.000,19.000,44.000,1.0000,0.0020,-0.0002,-0.0007,0.00,0.00,0.00,0.23,86792.8,0,0.00,0.00,2
2716,0.051,0.049,1.000,-0.000,-0.000,0.000,-13.000,19.000,44.000,1.0000,0.0023,-0.0002,-0.0008,0.00,0.00,0.00,0.26,86792.8,0,0.00,0.00,2
2736,0.051,0.049,1.000,-0.000,-0.000,0.000,-13.000,19.000,44.000,1.0000,0.0025,-0.0002,-0.0009,0.00,0.00,0.00,0.29,86792.8,0,0.00,0.00,2
2756,0.051,0.049,1.000,-0.000,-0.000,0.000,-13.000,19.000,44.000,1.0000,0.0028,-0.0003,-0.0010,0.00,0.00,0.00,0.33,86792.8,0,0.00,0.00,2
2776,0.051,0.049,1.000,-0.000,-0.000,0.000,-13.000,19.000,44.000,1.0000,0.0031,-0.0003,-0.0012,0.00,0.00,0.00,0.36,86792.8,0,0.00,0.00,2
2796,0.051,0.049,1.000,-0.000,-0.000,0.000,-13.000,19.000,44.000,1.0000,0.0034,-0.0003,-0.0013,0.00,0.00,0.00,0.39,86792.8,0,0.00,0.00,2
2816,0.051,0.049,1.000,-0.000,-0.000,0.000,-13.000,19.000,44.000,1.0000,0.0037,-0.0004,-0.0014,0.00,0.00,0.00,0.42,86792.8,0,0.00,0.00,2
2836,0.051,0.049,1.000,-0.000,-0.000,0.000,-13.000,19.000,44.000,1.0000,0.0039,-0.0004,-0.0015,0.00,0.00,0.00,0.45,86792.8,0,0.00,0.00,2
2856,0.051,0.049,1.000,-0.000,-0.000,0.000,-13.000,19.000,44.000,1.0000,0.0042,-0.0004,-0.0016,0.00,0.00,0.00,0.49,86792.8,0,0.00,0.00,2
2876,0.051,0.049,1.000,-0.000,-0.000,0.000,-13.000,19.000,44.000,1.0000,0.0045,-0.0004,-0.0017,0.00,0.00,0.00,0.52,86792.8,0,0.00,0.00,2
2896,0.051,0.049,1.000,-0.000,-0.000,0.000,-13.000,19.000,44.000,1.0000,0.0048,-0.0005,-0.0018,0.00,0.00,0.00,0.55,86792.8,0,0.00,0.00,2
2916,0.051,0.049,1.000,-0.000,-0.000,0.000,-13.000,19.000,44.000,1.0000,0.0051,-0.0005,-0.0019,0.00,0.00,0.00,0.58,86792.8,0,0.00,0.00,2
2936,0.051,0.049,1.000,-0.000,-0.000,0.000,-13.000,19.000,44.000,1.0000,0.0054,-0.0005,-0.0020,0.00,0.00,0.00,0.62,86792.8,0,0.00,0.00,2
2956,0.051,0.049,1.000,-0.000,-0.000,0.000,-13.000,19.000,44.000,1.0000,0.0056,-0.0006,-0.0021,0.00,0.00,0.00,0.65,86792.8,0,0.00,0.00,2
2976,0.051,0.049,1.000,-0.000,-0.000,0.000,-13.000,19.000,44.000,1.0000,0.0059,-0.0006,-0.0022,0.00,0.00,0.00,0.68,86792.8,0,0.00,0.00,2
2996,0.051,0.049,1.000,-0.000,-0.000,0.000,-13.000,19.000,44.000,1.0000,0.0062,-0.0006,-0.0023,0.00,0.00,0.00,0.71,86792.8,0,0.00,0.00,2
3016,0.051,0.049,1.000,-0.000,-0.000,0.000,-13.000,19.000,44.000,1.0000,0.0065,-0.0007,-0.0024,0.00,0.00,0.00,0.75,86792.8,0,0.00,0.00,2
3036,0.051,0.049,1.000,-0.000,-0.000,0.000,-13.000,19.000,44.000,1.0000,0.0068,-0.0007,-0.0026,0.00,0.00,0.00,0.78,86792.8,0,0.00,0.00,2
3056,0.051,0.049,1.000,-0.000,-0.000,0.000,-13.000,19.000,44.000,1.0000,0.0070,-0.0007,-0.0027,0.00,0.00,0.00,0.81,86792.8,0,0.00,0.00,2
3076,0.051,0.049,1.000,-0.000,-0.000,0.000,-13.000,19.000,44.000,1.0000,0.0073,-0.0008,-0.0028,0.00,0.00,0.00,0.84,86792.8,0,0.00,0.00,2
3096,0.051,0.049,1.000,-0.000,-0.000,0.000,-13.000,19.000,44.000,1.0000,0.0076,-0.0008,-0.0029,0.00,0.00,0.00,0.88,86792.8,0,0.00,0.00,2
3116,0.051,0.049,1.000,-0.000,-0.000,0.000,-13.000,19.000,44.000,1.0000,0.0079,-0.0008,-0.0030,0.00,0.00,0.00,0.91,86792.8,0,0.00,0.00,2
3136,0.051,0.049,1.000,-0.000,-0.000,0.000,-13.000,19.000,44.000,1.0000,0.0082,-0.0009,-0.0031,0.00,0.00,0.00,0.94,86792.8,0,0.00,0.00,2
3156,0.051,0.049,1.000,-0.000,-0.000,0.000,-13.000,19.000,44.000,1.0000,0.0084,-0.0009,-0.0032,0.00,0.00,0.00,0.97,86792.8,0,0.00,0.00,2
3176,0.051,0.049,1.000,-0.000,-0.000,0.000,-13.000,19.000,44.000,1.0000,0.0087,-0.0009,-0.0033,0.00,0.00,0.00,1.00,86792.8,0,0.00,0.00,2
3196,0.051,0.049,1.000,-0.000,-0.000,0.000,-13.000,19.000,44.000,1.0000,0.0090,-0.0010,-0.0034,0.00,0.00,0.00,1.04,86792.8,0,0.00,0.00,2
3216,0.051,0.049,1.000,-0.000,-0.000,0.000,-13.000,19.000,44.000,1.0000,0.0093,-0.0010,-0.0035,0.00,0.00,0.00,1.07,86792.8,0,0.00,0.00,2
3236,0.051,0.049,1.000,-0.000,-0.000,0.000,-13.000,19.000,44.000,0.9999,0.0096,-0.0010,-0.0037,0.00,0.00,0.00,1.10,86792.8,0,0.00,0.00,2
3256,0.051,0.049,1.000,-0.000,-0.000,0.000,-13.000,19.000,44.000,0.9999,0.0098,-0.0011,-0.0038,0.00,0.00,0.00,1.13,86792.8,0,0.00,0.00,2
3276,0.051,0.049,1.000,-0.000,-0.000,0.000,-13.000,19.000,44.000,0.9999,0.0101,-0.0011,-0.0039,0.00,0.00,0.00,1.17,86792.8,0,0.00,0.00,2
3296,0.051,0.049,1.000,-0.000,-0.000,0.000,-13.000,19.000,44.000,0.9999,0.0104,-0.0011,-0.0040,0.00,0.00,0.00,1.20,86792.8,0,0.00,0.00,2
3316,0.051,0.049,1.000,-0.000,-0.000,0.000,-13.000,19.000,44.000,0.9999,0.0107,-0.0012,-0.0041,0.00,0.00,0.00,1.23,86792.8,0,0.00,0.00,2
3336,0.051,0.049,1.000,-0.000,-0.000,0.000,-13.000,19.000,44.000,0.9999,0.0109,-0.0012,-0.0042,0.00,0.00,0.00,1.26,86792.8,0,0.00,0.00,2
3356,0.051,0.049,1.000,-0.000,-0.000,0.000,-13.000,19.000,44.000,0.9999,0.0112,-0.0012,-0.0043,0.00,0.00,0.00,1.29,86792.8,0,0.00,0.00,2
3376,0.051,0.049,1.000,-0.000,-0.000,0.000,-13.000,19.000,44.000,0.9999,0.0115,-0.0013,-0.0044,0.00,0.00,0.00,1.33,86792.8,0,0.00,0.00,2
3396,0.051,0.049,1.000,-0.000,-0.000,0.000,-13.000,19.000,44.000,0.9999,0.0118,-0.0013,-0.0045,0.00,0.00,0.00,1.36,86792.8,0,0.00,0.00,2
3416,0.051,0.049,1.000,-0.000,-0.000,0.000,-13.000,19.000,44.000,0.9999,0.0121,-0.0014,-0.0047,0.00,0.00,0.00,1.39,86792.8,0,0.00,0.00,2
3436,0.051,0.049,1.000,-0.000,-0.000,0.000,-13.000,19.000,44.000,0.9999,0.0123,-0.0014,-0.0048,0.00,0.00,0.00,1.42,86792.8,0,0.00,0.00,2
3456,0.051,0.049,1.000,-0.000,-0.000,0.000,-13.000,19.000,44.000,0.9999,0.0126,-0.0014,-0.0049,0.00,0.00,0.00,1.45,86792.8,0,0.00,0.00,2
3476,0.051,0.049,1.000,-0.000,-0.000,0.000,-13.000,19.000,44.000,0.9999,0.0129,-0.0015,-0.0050,0.00,0.00,0.00,1.49,86792.8,0,0.00,0.00,2
3496,0.051,0.049,1.000,-0.000,-0.000,0.000,-13.000,19.000,44.000,0.9999,0.0132,-0.0015,-0.0051,0.00,0.00,0.00,1.52,86792.8,0,0.00,0.00,2
3516,0.051,0.049,1.000,-0.000,-0.000,0.000,-13.000,19.000,44.000,0.9999,0.0134,-0.0016,-0.0052,0.00,0.00,0.00,1.55,86792.8,0,0.00,0.00,2
3536,0.051,0.049,1.000,-0.000,-0.000,0.000,-13.000,19.000,44.000,0.9999,0.0137,-0.0016,-0.0053,0.00,0.00,0.00,1.58,86792.8,0,0.00,0.00,2
3556,0.051,0.049,1.000,-0.000,-0.000,0.000,-13.000,19.000,44.000,0.9999,0.0140,-0.0016,-0.0055,0.00,0.00,0.00,1.61,86792.8,0,0.00,0.00,2
3576,0.051,0.049,1.000,-0.000,-0.000,0.000,-13.000,19.000,44.000,0.9999,0.0143,-0.0017,-0.0056,0.00,0.00,0.00,1.65,86792.8,0,0.00,0.00,2
3596,0.051,0.049,1.000,-0.000,-0.000,0.000,-13.000,19.000,44.000,0.9999,0.0145,-0.0017,-0.0057,0.00,0.00,0.00,1.68,86792.8,0,0.00,0.00,2
3616,0.051,0.049,1.000,-0.000,-0.000,0.000,-13.000,19.000,44.000,0.9999,0.0148,-0.0018,-0.0058,0.00,0.00,0.00,1.71,86792.8,0,0.00,0.00,2
3636,0.051,0.049,1.000,-0.000,-0.000,0.000,-13.000,19.000,44.000,0.9999,0.0151,-0.0018,-0.0059,0.00,0.00,0.00,1.74,86792.8,0,0.00,0.00,2
3656,0.051,0.049,1.000,-0.000,-0.000,0.000,-13.000,19.000,44.000,0.9999,0.0154,-0.0019,-0.0060,0.00,0.00,0.00,1.77,86792.8,0,0.00,0.00,2
3676,0.051,0.049,1.000,-0.000,-0.000,0.000,-13.000,19.000,44.000,0.9999,0.0156,-0.0019,-0.0062,0.00,0.00,0.00,1.81,86792.8,0,0.00,0.00,2
3696,0.051,0.049,1.000,-0.000,-0.000,0.000,-13.000,19.000,44.000,0.9999,0.0159,-0.0019,-0.0063,0.00,0.00,0.00,1.84,86792.8,0,0.00,0.00,2
3716,0.051,0.049,1.000,-0.000,-0.000,0.000,-13.000,19.000,44.000,0.9998,0.0162,-0.0020,-0.0064,0.00,0.00,0.00,1.87,86792.8,0,0.00,0.00,2
3736,0.051,0.049,1.000,-0.000,-0.000,0.000,-13.000,19.000,44.000,0.9998,0.0165,-0.0020,-0.0065,0.00,0.00,0.00,1.90,86792.8,0,0.00,0.00,2
3756,0.051,0.049,1.000,-0.000,-0.000,0.000,-13.000,19.000,44.000,0.9998,0.0167,-0.0021,-0.0066,0.00,0.00,0.00,1.93,86792.8,0,0.00,0.00,2
3776,0.051,0.049,1.000,-0.000,-0.000,0.000,-13.000,19.000,44.000,0.9998,0.0170,-0.0021,-0.0068,0.00,0.00,0.00,1.97,86792.8,0,0.00,0.00,2
3796,0.051,0.049,1.000,-0.000,-0.000,0.000,-13.000,19.000,44.000,0.9998,0.0173,-0.0022,-0.0069,0.00,0.00,0.00,2.00,86792.8,0,0.00,0.00,2
3816,0.051,0.049,1.000,-0.000,-0.000,0.000,-13.000,19.000,44.000,0.9998,0.0176,-0.0022,-0.0070,0.00,0.00,0.00,2.03,86792.8,0,0.00,0.00,2
3836,0.051,0.049,1.000,-0.000,-0.000,0.000,-13.000,19.000,44.000,0.9998,0.0178,-0.0023,-0.0071,0.00,0.00,0.00,2.06,86792.8,0,0.00,0.00,2
3856,0.051,0.049,1.000,-0.000,-0.000,0.000,-13.000,19.000,44.000,0.9998,0.0181,-0.0023,-0.0072,0.00,0.00,0.00,2.09,86792.8,0,0.00,0.00,2
3876,0.051,0.049,1.000,-0.000,-0.000,0.000,-13.000,19.000,44.000,0.9998,0.0184,-0.0023,-0.0073,0.00,0.00,0.00,2.12,86792.8,0,0.00,0.00,2
3896,0.051,0.049,1.000,-0.000,-0.000,0.000,-13.000,19.000,44.000,0.9998,0.0187,-0.0024,-0.0075,0.00,0.00,0.00,2.16,86792.8,0,0.00,0.00,2
3916,0.051,0.049,1.000,-0.000,-0.000,0.000,-13.000,19.000,44.000,0.9998,0.0189,-0.0024,-0.0076,0.00,0.00,0.00,2.19,86792.8,0,0.00,0.00,2
3936,0.051,0.049,1.000,-0.000,-0.000,0.000,-13.000,19.000,44.000,0.9998,0.0192,-0.0025,-0.0077,0.00,0.00,0.00,2.22,86792.8,0,0.00,0.00,2
3956,0.051,0.049,1.000,-0.000,-0.000,0.000,-13.000,19.000,44.000,0.9998,0.0195,-0.0025,-0.0078,0.00,0.00,0.00,2.25,86792.8,0,0.00,0.00,2
3976,0.051,0.049,1.000,-0.000,-0.000,0.000,-13.000,19.000,44.000,0.9998,0.0197,-0.0026,-0.0080,0.00,0.00,0.00,2.28,86792.8,0,0.00,0.00,2
3996,0.051,0.049,1.000,-0.000,-0.000,0.000,-13.000,19.000,44.000,0.9998,0.0200,-0.0026,-0.0081,0.00,0.00,0.00,2.31,86792.8,0,0.00,0.00,2
4016,0.051,0.049,1.000,-0.000,-0.000,0.000,-13.000,19.000,44.000,0.9998,0.0203,-0.0027,-0.0082,0.00,0.00,0.00,2.35,86792.8,0,0.00,0.00,2
4036,0.051,0.049,1.000,-0.000,-0.000,0.000,-13.000,19.000,44.000,0.9998,0.0206,-0.0027,-0.0083,0.00,0.00,0.00,2.38,86792.8,0,0.00,0.00,2
4056,0.051,0.049,1.000,-0.000,-0.000,0.000,-13.000,19.000,44.000,0.9997,0.0208,-0.0028,-0.0084,0.00,0.00,0.00,2.41,86792.8,0,0.00,0.00,2
4076,0.051,0.049,1.000,-0.000,-0.000,0.000,-13.000,19.000,44.000,0.9997,0.0211,-0.0028,-0.0086,0.00,0.00,0.00,2.44,86792.8,0,0.00,0.00,2
4096,0.051,0.049,1.000,-0.000,-0.000,0.000,-13.000,19.000,44.000,0.9997,0.0214,-0.0029,-0.0087,0.00,0.00,0.00,2.47,86792.8,0,0.00,0.00,2
4116,0.051,0.049,1.000,-0.000,-0.000,0.000,-13.000,19.000,44.000,0.9997,0.0216,-0.0029,-0.0088,0.00,0.00,0.00,2.50,86792.8,0,0.00,0.00,2
4136,0.051,0.049,1.000,-0.000,-0.000,0.000,-13.000,19.000,44.000,0.9997,0.0219,-0.0030,-0.0089,0.00,0.00,0.00,2.53,86792.8,0,0.00,0.00,2
4156,0.051,0.049,1.000,-0.000,-0.000,0.000,-13.000,19.000,44.000,0.9997,0.0222,-0.0030,-0.0091,0.00,0.00,0.00,2.57,86792.8,0,0.00,0.00,2
4176,0.051,0.049,1.000,-0.000,-0.000,0.000,-13.000,19.000,44.000,0.9997,0.0224,-0.0031,-0.0092,0.00,0.00,0.00,2.60,86792.8,0,0.00,0.00,2
4196,0.051,0.049,1.000,-0.000,-0.000,0.000,-13.000,19.000,44.000,0.9997,0.0227,-0.0032,-0.0093,0.00,0.00,0.00,2.63,86792.8,0,0.00,0.00,2
4216,0.051,0.049,1.000,-0.000,-0.000,0.000,-13.000,19.000,44.000,0.9997,0.0230,-0.0032,-0.0095,0.00,0.00,0.00,2.66,86792.8,0,0.00,0.00,2
4236,0.051,0.049,1.000,-0.000,-0.000,0.000,-13.000,19.000,44.000,0.9997,0.0233,-0.0033,-0.0096,0.00,0.00,0.00,2.69,86792.8,0,0.00,0.00,2
4256,0.051,0.049,1.000,-0.000,-0.000,0.000,-13.000,19.000,44.000,0.9997,0.0235,-0.0033,-0.0097,0.00,0.00,0.00,2.72,86792.8,0,0.00,0.00,2
4276,0.051,0.049,1.000,-0.000,-0.000,0.000,-13.000,19.000,44.000,0.9997,0.0238,-0.0034,-0.0098,0.00,0.00,0.00,2.75,86792.8,0,0.00,0.00,2
4296,0.051,0.049,1.000,-0.000,-0.000,0.000,-13.000,19.000,44.000,0.9997,0.0241,-0.0034,-0.0100,0.00,0.00,0.00,2.78,86792.8,0,0.00,0.00,2
4316,0.051,0.049,1.000,-0.000,-0.000,0.000,-13.000,19.000,44.000,0.9996,0.0243,-0.0035,-0.0101,0.00,0.00,0.00,2.82,86792.8,0,0.00,0.00,2
4336,0.051,0.049,1.000,-0.000,-0.000,0.000,-13.000,19.000,44.000,0.9996,0.0246,-0.0035,-0.0102,0.00,0.00,0.00,2.85,86792.8,0,0.00,0.00,2
4356,0.051,0.049,1.000,-0.000,-0.000,0.000,-13.000,19.000,44.000,0.9996,0.0249,-0.0036,-0.0104,0.00,0.00,0.00,2.88,86792.8,0,0.00,0.00,2
4376,0.051,0.049,1.000,-0.000,-0.000,0.000,-13.000,19.000,44.000,0.9996,0.0251,-0.0037,-0.0105,0.00,0.00,0.00,2.91,86792.8,0,0.00,0.00,2
4396,0.051,0.049,1.000,-0.000,-0.000,0.000,-13.000,19.000,44.000,0.9996,0.0254,-0.0037,-0.0106,0.00,0.00,0.00,2.94,86792.8,0,0.00,0.00,2
4416,0.051,0.049,1.000,-0.000,-0.000,0.000,-13.000,19.000,44.000,0.9996,0.0257,-0.0038,-0.0107,0.00,0.00,0.00,2.97,86792.8,0,0.00,0.00,2
4436,0.051,0.049,1.000,-0.000,-0.000,0.000,-13.000,19.000,44.000,0.9996,0.0259,-0.0038,-0.0109,0.00,0.00,0.00,3.00,86792.8,0,0.00,0.00,2
4456,0.051,0.049,1.000,-0.000,-0.000,0.000,-13.000,19.000,44.000,0.9996,0.0262,-0.0039,-0.0110,0.00,0.00,0.00,3.03,86792.8,0,0.00,0.00,2
4476,0.051,0.049,1.000,-0.000,-0.000,0.000,-13.000,19.000,44.000,0.9996,0.0264,-0.0039,-0.0111,0.00,0.00,0.00,3.06,86792.8,0,0.00,0.00,2
4496,0.051,0.049,1.000,-0.000,-0.000,0.000,-13.000,19.000,44.000,0.9996,0.0267,-0.0040,-0.0113,0.00,0.00,0.00,3.10,86792.8,0,0.00,0.00,2
4516,0.051,0.049,1.000,-0.000,-0.000,0.000,-13.000,19.000,44.000,0.9996,0.0270,-0.0041,-0.0114,0.00,0.00,0.00,3.13,86792.8,0,0.00,0.00,2
4536,0.051,0.049,1.000,-0.000,-0.000,0.000,-13.000,19.000,44.000,0.9996,0.0272,-0.0041,-0.0115,0.00,0.00,0.00,3.16,86792.8,0,0.00,0.00,2
4556,0.051,0.049,1.000,-0.000,-0.000,0.000,-13.000,19.000,44.000,0.9995,0.0275,-0.0042,-0.0117,0.00,0.00,0.00,3.19,86792.8,0,0.00,0.00,2
4576,0.051,0.049,1.000,-0.000,-0.000,0.000,-13.000,19.000,44.000,0.9995,0.0278,-0.0043,-0.0118,0.00,0.00,0.00,3.22,86792.8,0,0.00,0.00,2
4596,0.051,0.049,1.000,-0.000,-0.000,0.000,-13.000,19.000,44.000,0.9995,0.0280,-0.0043,-0.0120,0.00,0.00,0.00,3.25,86792.8,0,0.00,0.00,2
4616,0.051,0.049,1.000,-0.000,-0.000,0.000,-13.000,19.000,44.000,0.9995,0.0283,-0.0044,-0.0121,0.00,0.00,0.00,3.28,86792.8,0,0.00,0.00,2
4636,0.051,0.049,1.000,-0.000,-0.000,0.000,-13.000,19.000,44.000,0.9995,0.0285,-0.0044,-0.0122,0.00,0.00,0.00,3.31,86792.8,0,0.00,0.00,2
4656,0.051,0.049,1.000,-0.000,-0.000,0.000,-13.000,19.000,44.000,0.9995,0.0288,-0.0045,-0.0124,0.00,0.00,0.00,3.34,86792.8,0,0.00,0.00,2
4676,0.051,0.049,1.000,-0.000,-0.000,0.000,-13.000,19.000,44.000,0.9995,0.0291,-0.0046,-0.0125,0.00,0.00,0.00,3.37,86792.8,0,0.00,0.00,2
4696,0.051,0.049,1.000,-0.000,-0.000,0.000,-13.000,19.000,44.000,0.9995,0.0293,-0.0046,-0.0126,0.00,0.00,0.00,3.40,86792.8,0,0.00,0.00,2
4716,0.051,0.049,1.000,-0.000,-0.000,0.000,-13.000,19.000,44.000,0.9995,0.0296,-0.0047,-0.0128,0.00,0.00,0.00,3.43,86792.8,0,0.00,0.00,2
4736,0.051,0.049,1.000,-0.000,-0.000,0.000,-13.000,19.000,44.000,0.9995,0.0298,-0.0048,-0.0129,0.00,0.00,0.00,3.46,86792.8,0,0.00,0.00,2
4756,0.051,0.049,1.000,-0.000,-0.000,0.000,-13.000,19.000,44.000,0.9994,0.0301,-0.0048,-0.0131,0.00,0.00,0.00,3.49,86792.8,0,0.00,0.00,2
4776,0.051,0.049,1.000,-0.000,-0.000,0.000,-13.000,19.000,44.000,0.9994,0.0304,-0.0049,-0.0132,0.00,0.00,0.00,3.52,86792.8,0,0.00,0.00,2
4796,0.051,0.049,1.000,-0.000,-0.000,0.000,-13.000,19.000,44.000,0.9994,0.0306,-0.0050,-0.0133,0.00,0.00,0.00,3.55,86792.8,0,0.00,0.00,2
4816,0.051,0.049,1.000,-0.000,-0.000,0.000,-13.000,19.000,44.000,0.9994,0.0309,-0.0050,-0.0135,0.00,0.00,0.00,3.58,86792.8,0,0.00,0.00,2
4836,0.051,0.049,1.000,-0.000,-0.000,0.000,-13.000,19.000,44.000,0.9994,0.0311,-0.0051,-0.0136,0.00,0.00,0.00,3.61,86792.8,0,0.00,0.00,2
4856,0.051,0.049,1.000,-0.000,-0.000,0.000,-13.000,19.000,44.000,0.9994,0.0314,-0.0052,-0.0138,0.00,0.00,0.00,3.65,86792.8,0,0.00,0.00,2
4876,0.051,0.049,1.000,-0.000,-0.000,0.000,-13.000,19.000,44.000,0.9994,0.0316,-0.0052,-0.0139,0.00,0.00,0.00,3.68,86792.8,0,0.00,0.00,2
4896,0.051,0.049,1.000,-0.000,-0.000,0.000,-13.000,19.000,44.000,0.9994,0.0319,-0.0053,-0.0141,0.00,0.00,0.00,3.71,86792.8,0,0.00,0.00,2
4916,0.051,0.049,1.000,-0.000,-0.000,0.000,-13.000,19.000,44.000,0.9994,0.0321,-0.0054,-0.0142,0.00,0.00,0.00,3.74,86792.8,0,0.00,0.00,2
4936,0.051,0.049,1.000,-0.000,-0.000,0.000,-13.000,19.000,44.000,0.9994,0.0324,-0.0054,-0.0144,0.00,0.00,0.00,3.77,86792.8,0,0.00,0.00,2
4956,0.051,0.049,1.000,-0.000,-0.000,0.000,-13.000,19.000,44.000,0.9993,0.0327,-0.0055,-0.0145,0.00,0.00,0.00,3.80,86792.8,0,0.00,0.00,2
4976,0.051,0.049,1.000,-0.000,-0.000,0.000,-13.000,19.000,44.000,0.9993,0.0329,-0.0056,-0.0147,0.00,0.00,0.00,3.83,86792.8,0,0.00,0.00,2
4996,0.051,0.049,1.000,-0.000,-0.000,0.000,-13.000,19.000,44.000,0.9993,0.0332,-0.0057,-0.0148,0.00,0.00,0.00,3.86,86792.8,0,0.00,0.00,2
5016,0.051,0.049,1.000,-0.000,-0.000,0.000,-13.000,19.000,44.000,0.9993,0.0334,-0.0057,-0.0150,0.00,0.00,0.00,3.88,86792.8,0,0.00,0.00,2
5036,0.051,0.049,1.000,-0.000,-0.000,0.000,-13.000,19.000,44.000,0.9993,0.0337,-0.0058,-0.0151,0.00,0.00,0.00,3.91,86792.8,0,0.00,0.00,2
5056,0.051,0.049,1.000,-0.000,-0.000,0.000,-13.000,19.000,44.000,0.9993,0.0339,-0.0059,-0.0153,0.00,0.00,0.00,3.94,86792.8,0,0.00,0.00,2
5076,0.051,0.049,1.000,-0.000,-0.000,0.000,-13.000,19.000,44.000,0.9993,0.0342,-0.0060,-0.0154,0.00,0.00,0.00,3.97,86792.8,0,0.00,0.00,2
5096,0.051,0.049,1.000,-0.000,-0.000,0.000,-13.000,19.000,44.000,0.9993,0.0344,-0.0060,-0.0156,0.00,0.00,0.00,4.00,86792.8,0,0.00,0.00,2
5116,0.051,0.049,1.000,-0.000,-0.000,0.000,-13.000,19.000,44.000,0.9993,0.0347,-0.0061,-0.0157,0.00,0.00,0.00,4.03,86792.8,0,0.00,0.00,2
5136,0.051,0.049,1.000,-0.000,-0.000,0.000,-13.000,19.000,44.000,0.9992,0.0349,-0.0062,-0.0159,0.00,0.00,0.00,4.06,86792.8,0,0.00,0.00,2
5156,0.051,0.049,1.000,-0.000,-0.000,0.000,-13.000,19.000,44.000,0.9992,0.0351,-0.0063,-0.0160,0.00,0.00,0.00,4.09,86792.8,0,0.00,0.00,2
5176,0.051,0.049,1.000,-0.000,-0.000,0.000,-13.000,19.000,44.000,0.9992,0.0354,-0.0063,-0.0162,0.00,0.00,0.00,4.12,86792.8,0,0.00,0.00,2
5196,0.051,0.049,1.000,-0.000,-0.000,0.000,-13.000,19.000,44.000,0.9992,0.0356,-0.0064,-0.0163,0.00,0.00,0.00,4.15,86792.8,0,0.00,0.00,2
5216,0.051,0.049,1.000,-0.000,-0.000,0.000,-13.000,19.000,44.000,0.9992,0.0359,-0.0065,-0.0165,0.00,0.00,0.00,4.18,86792.8,0,0.00,0.00,2
5236,0.051,0.049,1.000,-0.000,-0.000,0.000,-13.000,19.000,44.000,0.9992,0.0361,-0.0066,-0.0167,0.00,0.00,0.00,4.21,86792.8,0,0.00,0.00,2
5256,0.051,0.049,1.000,-0.000,-0.000,0.000,-13.000,19.000,44.000,0.9992,0.0364,-0.0066,-0.0168,0.00,0.00,0.00,4.24,86792.8,0,0.00,0.00,2
5276,0.051,0.049,1.000,-0.000,-0.000,0.000,-13.000,19.000,44.000,0.9992,0.0366,-0.0067,-0.0170,0.00,0.00,0.00,4.27,86792.8,0,0.00,0.00,2
5296,0.051,0.049,1.000,-0.000,-0.000,0.000,-13.000,19.000,44.000,0.9992,0.0369,-0.0068,-0.0171,0.00,0.00,0.00,4.30,86792.8,0,0.00,0.00,2
5316,0.051,0.049,1.000,-0.000,-0.000,0.000,-13.000,19.000,44.000,0.9991,0.0371,-0.0069,-0.0173,0.00,0.00,0.00,4.32,86792.8,0,0.00,0.00,2
5336,0.051,0.049,1.000,-0.000,-0.000,0.000,-13.000,19.000,44.000,0.9991,0.0373,-0.0070,-0.0175,0.00,0.00,0.00,4.35,86792.8,0,0.00,0.00,2
5356,0.051,0.049,1.000,-0.000,-0.000,0.000,-13.000,19.000,44.000,0.9991,0.0376,-0.0070,-0.0176,0.00,0.00,0.00,4.38,86792.8,0,0.00,0.00,2
5376,0.051,0.049,1.000,-0.000,-0.000,0.000,-13.000,19.000,44.000,0.9991,0.0378,-0.0071,-0.0178,0.00,0.00,0.00,4.41,86792.8,0,0.00,0.00,2
5396,0.051,0.049,1.000,-0.000,-0.000,0.000,-13.000,19.000,44.000,0.9991,0.0380,-0.0072,-0.0180,0.00,0.00,0.00,4.44,86792.8,0,0.00,0.00,2
5416,0.051,0.049,1.000,-0.000,-0.000,0.000,-13.000,19.000,44.000,0.9991,0.0383,-0.0073,-0.0181,0.00,0.00,0.00,4.47,86792.8,0,0.00,0.00,2
5436,0.051,0.049,1.000,-0.000,-0.000,0.000,-13.000,19.000,44.000,0.9991,0.0385,-0.0074,-0.0183,0.00,0.00,0.00,4.49,86792.8,0,0.00,0.00,2
5456,0.051,0.049,1.000,-0.000,-0.000,0.000,-13.000,19.000,44.000,0.9991,0.0387,-0.0075,-0.0185,0.00,0.00,0.00,4.52,86792.8,0,0.00,0.00,2
5476,0.051,0.049,1.000,-0.000,-0.000,0.000,-13.000,19.000,44.000,0.9990,0.0390,-0.0075,-0.0186,0.00,0.00,0.00,4.55,86792.8,0,0.00,0.00,2
5496,0.051,0.049,1.000,-0.000,-0.000,0.000,-13.000,19.000,44.000,0.9990,0.0392,-0.0076,-0.0188,0.00,0.00,0.00,4.58,86792.8,0,0.00,0.00,2
5516,0.051,0.049,1.000,-0.000,-0.000,0.000,-13.000,19.000,44.000,0.9990,0.0394,-0.0077,-0.0190,0.00,0.00,0.00,4.61,86792.8,0,0.00,0.00,2
5536,0.051,0.049,1.000,-0.000,-0.000,0.000,-13.000,19.000,44.000,0.9990,0.0397,-0.0078,-0.0191,0.00,0.00,0.00,4.63,86792.8,0,0.00,0.00,2
5556,0.051,0.049,1.000,-0.000,-0.000,0.000,-13.000,19.000,44.000,0.9990,0.0399,-0.0079,-0.0193,0.00,0.00,0.00,4.66,86792.8,0,0.00,0.00,2
5576,0.051,0.049,1.000,-0.000,-0.000,0.000,-13.000,19.000,44.000,0.9990,0.0401,-0.0080,-0.0195,0.00,0.00,0.00,4.69,86792.8,0,0.00,0.00,2
5596,0.051,0.049,1.000,-0.000,-0.000,0.000,-13.000,19.000,44.000,0.9990,0.0404,-0.0081,-0.0197,0.00,0.00,0.00,4.72,86792.8,0,0.00,0.00,2
5616,0.051,0.049,1.000,-0.000,-0.000,0.000,-13.000,19.000,44.000,0.9989,0.0406,-0.0082,-0.0198,0.00,0.00,0.00,4.75,86792.8,0,0.00,0.00,2
5636,0.051,0.049,1.000,-0.000,-0.000,0.000,-13.000,19.000,44.000,0.9989,0.0408,-0.0082,-0.0200,0.00,0.00,0.00,4.77,86792.8,0,0.00,0.00,2
5656,0.051,0.049,1.000,-0.000,-0.000,0.000,-13.000,19.000,44.000,0.9989,0.0410,-0.0083,-0.0202,0.00,0.00,0.00,4.80,86792.8,0,0.00,0.00,2
5676,0.051,0.049,1.000,-0.000,-0.000,0.000,-13.000,19.000,44.000,0.9989,0.0413,-0.0084,-0.0204,0.00,0.00,0.00,4.83,86792.8,0,0.00,0.00,2
5696,0.051,0.049,1.000,-0.000,-0.000,0.000,-13.000,19.000,44.000,0.9989,0.0415,-0.0085,-0.0206,0.00,0.00,0.00,4.85,86792.8,0,0.00,0.00,2
5716,0.051,0.049,1.000,-0.000,-0.000,0.000,-13.000,19.000,44.000,0.9989,0.0417,-0.0086,-0.0207,0.00,0.00,0.00,4.88,86792.8,0,0.00,0.00,2
5736,0.051,0.049,1.000,-0.000,-0.000,0.000,-13.000,19.000,44.000,0.9989,0.0419,-0.0087,-0.0209,0.00,0.00,0.00,4.91,86792.8,0,0.00,0.00,2
5756,0.051,0.049,1.000,-0.000,-0.000,0.000,-13.000,19.000,44.000,0.9989,0.0421,-0.0088,-0.0211,0.00,0.00,0.00,4.93,86792.8,0,0.00,0.00,2
5776,0.051,0.049,1.000,-0.000,-0.000,0.000,-13.000,19.000,44.000,0.9988,0.0423,-0.0089,-0.0213,0.00,0.00,0.00,4.96,86792.8,0,0.00,0.00,2
5796,0.051,0.049,1.000,-0.000,-0.000,0.000,-13.000,19.000,44.000,0.9988,0.0426,-0.0090,-0.0215,0.00,0.00,0.00,4.99,86792.8,0,0.00,0.00,2
5816,0.051,0.049,1.000,-0.000,-0.000,0.000,-13.000,19.000,44.000,0.9988,0.0428,-0.0091,-0.0217,0.00,0.00,0.00,5.01,86792.8,0,0.00,0.00,2
5836,0.051,0.049,1.000,-0.000,-0.000,0.000,-13.000,19.000,44.000,0.9988,0.0430,-0.0092,-0.0219,0.00,0.00,0.00,5.04,86792.8,0,0.00,0.00,2
5856,0.051,0.049,1.000,-0.000,-0.000,0.000,-13.000,19.000,44.000,0.9988,0.0432,-0.0093,-0.0221,0.00,0.00,0.00,5.06,86792.8,0,0.00,0.00,2
5876,0.051,0.049,1.000,-0.000,-0.000,0.000,-13.000,19.000,44.000,0.9988,0.0434,-0.0094,-0.0223,0.00,0.00,0.00,5.09,86792.8,0,0.00,0.00,2
5896,0.051,0.049,1.000,-0.000,-0.000,0.000,-13.000,19.000,44.000,0.9988,0.0436,-0.0094,-0.0224,0.00,0.00,0.00,5.12,86792.8,0,0.00,0.00,2
5916,0.051,0.049,1.000,-0.000,-0.000,0.000,-13.000,19.000,44.000,0.9987,0.0438,-0.0095,-0.0226,0.00,0.00,0.00,5.14,86792.8,0,0.00,0.00,2
5936,0.051,0.049,1.000,-0.000,-0.000,0.000,-13.000,19.000,44.000,0.9987,0.0440,-0.0096,-0.0228,0.00,0.00,0.00,5.17,86792.8,0,0.00,0.00,2
5956,0.051,0.049,1.000,-0.000,-0.000,0.000,-13.000,19.000,44.000,0.9987,0.0442,-0.0097,-0.0230,0.00,0.00,0.00,5.19,86792.8,0,0.00,0.00,2
5976,0.051,0.049,1.000,-0.000,-0.000,0.000,-13.000,19.000,44.000,0.9987,0.0444,-0.0098,-0.0232,0.00,0.00,0.00,5.22,86792.8,0,0.00,0.00,2
5996,0.051,0.049,1.000,-0.000,-0.000,0.000,-13.000,19.000,44.000,0.9987,0.0446,-0.0099,-0.0234,0.00,0.00,0.00,5.24,86792.8,0,0.00,0.00,2
6016,0.051,0.049,1.000,-0.000,-0.000,0.000,-13.000,19.000,44.000,0.9987,0.0448,-0.0100,-0.0236,0.00,0.00,0.00,5.27,86792.8,0,0.00,0.00,2
6036,0.051,0.049,1.000,-0.000,-0.000,0.000,-13.000,19.000,44.000,0.9987,0.0450,-0.0101,-0.0238,0.00,0.00,0.00,5.29,86792.8,0,0.00,0.00,2
6056,0.051,0.049,1.000,-0.000,-0.000,0.000,-13.000,19.000,44.000,0.9986,0.0452,-0.0102,-0.0240,0.00,0.00,0.00,5.31,86792.8,0,0.00,0.00,2
6076,0.051,0.049,1.000,-0.000,-0.000,0.000,-13.000,19.000,44.000,0.9986,0.0454,-0.0103,-0.0243,0.00,0.00,0.00,5.34,86792.8,0,0.00,0.00,2
6096,0.051,0.049,1.000,-0.000,-0.000,0.000,-13.000,19.000,44.000,0.9986,0.0456,-0.0104,-0.0245,0.00,0.00,0.00,5.36,86792.8,0,0.00,0.00,2
6116,0.051,0.049,1.000,-0.000,-0.000,0.000,-13.000,19.000,44.000,0.9986,0.0458,-0.0105,-0.0247,0.00,0.00,0.00,5.39,86792.8,0,0.00,0.00,2
6136,0.051,0.049,1.000,-0.000,-0.000,0.000,-13.000,19.000,44.000,0.9986,0.0460,-0.0106,-0.0249,0.00,0.00,0.00,5.41,86792.8,0,0.00,0.00,2
6156,0.051,0.049,1.000,-0.000,-0.000,0.000,-13.000,19.000,44.000,0.9986,0.0462,-0.0107,-0.0251,0.00,0.00,0.00,5.43,86792.8,0,0.00,0.00,2
6176,0.051,0.049,1.000,-0.000,-0.000,0.000,-13.000,19.000,44.000,0.9985,0.0463,-0.0108,-0.0253,0.00,0.00,0.00,5.46,86792.8,0,0.00,0.00,2
6196,0.051,0.049,1.000,-0.000,-0.000,0.000,-13.000,19.000,44.000,0.9985,0.0465,-0.0109,-0.0255,0.00,0.00,0.00,5.48,86792.8,0,0.00,0.00,2
6216,0.051,0.049,1.000,-0.000,-0.000,0.000,-13.000,19.000,44.000,0.9985,0.0467,-0.0110,-0.0257,0.00,0.00,0.00,5.50,86792.8,0,0.00,0.00,2
6236,0.051,0.049,1.000,-0.000,-0.000,0.000,-13.000,19.000,44.000,0.9985,0.0469,-0.0111,-0.0260,0.00,0.00,0.00,5.52,86792.8,0,0.00,0.00,2
6256,0.051,0.049,1.000,-0.000,-0.000,0.000,-13.000,19.000,44.000,0.9985,0.0470,-0.0112,-0.0262,0.00,0.00,0.00,5.55,86792.8,0,0.00,0.00,2
6276,0.051,0.049,1.000,-0.000,-0.000,0.000,-13.000,19.000,44.000,0.9985,0.0472,-0.0113,-0.0264,0.00,0.00,0.00,5.57,86792.8,0,0.00,0.00,2
6296,0.051,0.049,1.000,-0.000,-0.000,0.000,-13.000,19.000,44.000,0.9985,0.0474,-0.0114,-0.0266,0.00,0.00,0.00,5.59,86792.8,0,0.00,0.00,2
6316,0.051,0.049,1.000,-0.000,-0.000,0.000,-13.000,19.000,44.000,0.9984,0.0476,-0.0116,-0.0269,0.00,0.00,0.00,5.61,86792.8,0,0.00,0.00,2
6336,0.051,0.049,1.000,-0.000,-0.000,0.000,-13.000,19.000,44.000,0.9984,0.0477,-0.0117,-0.0271,0.00,0.00,0.00,5.63,86792.8,0,0.00,0.00,2
6356,0.051,0.049,1.000,-0.000,-0.000,0.000,-13.000,19.000,44.000,0.9984,0.0479,-0.0118,-0.0273,0.00,0.00,0.00,5.65,86792.8,0,0.00,0.00,2
6376,0.051,0.049,1.000,-0.000,-0.000,0.000,-13.000,19.000,44.000,0.9984,0.0480,-0.0119,-0.0275,0.00,0.00,0.00,5.67,86792.8,0,0.00,0.00,2
6396,0.051,0.049,1.000,-0.000,-0.000,0.000,-13.000,19.000,44.000,0.9984,0.0482,-0.0120,-0.0278,0.00,0.00,0.00,5.69,86792.8,0,0.00,0.00,2
6416,0.051,0.049,1.000,-0.000,-0.000,0.000,-13.000,19.000,44.000,0.9984,0.0484,-0.0121,-0.0280,0.00,0.00,0.00,5.71,86792.8,0,0.00,0.00,2
6436,0.051,0.049,1.000,-0.000,-0.000,0.000,-13.000,19.000,44.000,0.9983,0.0485,-0.0122,-0.0282,0.00,0.00,0.00,5.73,86792.8,0,0.00,0.00,2
6456,0.051,0.049,1.000,-0.000,-0.000,0.000,-13.000,19.000,44.000,0.9983,0.0487,-0.0123,-0.0285,0.00,0.00,0.00,5.75,86792.8,0,0.00,0.00,2
6476,0.051,0.049,1.000,-0.000,-0.000,0.000,-13.000,19.000,44.000,0.9983,0.0488,-0.0124,-0.0287,0.00,0.00,0.00,5.77,86792.8,0,0.00,0.00,2
6496,0.051,0.049,1.000,-0.000,-0.000,0.000,-13.000,19.000,44.000,0.9983,0.0490,-0.0125,-0.0290,0.00,0.00,0.00,5.79,86792.8,0,0.00,0.00,2
6516,0.051,0.049,1.000,-0.000,-0.000,0.000,-13.000,19.000,44.000,0.9983,0.0491,-0.0126,-0.0292,0.00,0.00,0.00,5.81,86792.8,0,0.00,0.00,2
6536,0.051,0.049,1.000,-0.000,-0.000,0.000,-13.000,19.000,44.000,0.9983,0.0492,-0.0127,-0.0294,0.00,0.00,0.00,5.83,86792.8,0,0.00,0.00,2
6556,0.051,0.049,1.000,-0.000,-0.000,0.000,-13.000,19.000,44.000,0.9983,0.0494,-0.0128,-0.0297,0.00,0.00,0.00,5.85,86792.8,0,0.00,0.00,2
6576,0.051,0.049,1.000,-0.000,-0.000,0.000,-13.000,19.000,44.000,0.9982,0.0495,-0.0129,-0.0299,0.00,0.00,0.00,5.87,86792.8,0,0.00,0.00,2
6596,0.051,0.049,1.000,-0.000,-0.000,0.000,-13.000,19.000,44.000,0.9982,0.0497,-0.0130,-0.0302,0.00,0.00,0.00,5.88,86792.8,0,0.00,0.00,2
6616,0.051,0.049,1.000,-0.000,-0.000,0.000,-13.000,19.000,44.000,0.9982,0.0498,-0.0131,-0.0304,0.00,0.00,0.00,5.90,86792.8,0,0.00,0.00,2
6636,0.051,0.049,1.000,-0.000,-0.000,0.000,-13.000,19.000,44.000,0.9982,0.0499,-0.0132,-0.0307,0.00,0.00,0.00,5.92,86792.8,0,0.00,0.00,2
6656,0.051,0.049,1.000,-0.000,-0.000,0.000,-13.000,19.000,44.000,0.9982,0.0500,-0.0133,-0.0309,0.00,0.00,0.00,5.94,86792.8,0,0.00,0.00,2
6676,0.051,0.049,1.000,-0.000,-0.000,0.000,-13.000,19.000,44.000,0.9982,0.0502,-0.0134,-0.0312,0.00,0.00,0.00,5.95,86792.8,0,0.00,0.00,2
6696,0.051,0.049,1.000,-0.000,-0.000,0.000,-13.000,19.000,44.000,0.9981,0.0503,-0.0135,-0.0314,0.00,0.00,0.00,5.97,86792.8,0,0.00,0.00,2
6716,0.051,0.049,1.000,-0.000,-0.000,0.000,-13.000,19.000,44.000,0.9981,0.0504,-0.0136,-0.0317,0.00,0.00,0.00,5.98,86792.8,0,0.00,0.00,2
6736,0.051,0.049,1.000,-0.000,-0.000,0.000,-13.000,19.000,44.000,0.9981,0.0505,-0.0137,-0.0319,0.00,0.00,0.00,6.00,86792.8,0,0.00,0.00,2
6756,0.051,0.049,1.000,-0.000,-0.000,0.000,-13.000,19.000,44.000,0.9981,0.0506,-0.0138,-0.0322,0.00,0.00,0.00,6.02,86792.8,0,0.00,0.00,2
6776,0.051,0.049,1.000,-0.000,-0.000,0.000,-13.000,19.000,44.000,0.9981,0.0507,-0.0139,-0.0325,0.00,0.00,0.00,6.03,86792.8,0,0.00,0.00,2
6796,0.051,0.049,1.000,-0.000,-0.000,0.000,-13.000,19.000,44.000,0.9981,0.0508,-0.0140,-0.0327,0.00,0.00,0.00,6.05,86792.8,0,0.00,0.00,2
6816,0.051,0.049,1.000,-0.000,-0.000,0.000,-13.000,19.000,44.000,0.9981,0.0509,-0.0141,-0.0330,0.00,0.00,0.00,6.06,86792.8,0,0.00,0.00,2
6836,0.051,0.049,1.000,-0.000,-0.000,0.000,-13.000,19.000,44.000,0.9980,0.0510,-0.0142,-0.0332,0.00,0.00,0.00,6.07,86792.8,0,0.00,0.00,2
6856,0.051,0.049,1.000,-0.000,-0.000,0.000,-13.000,19.000,44.000,0.9980,0.0511,-0.0143,-0.0335,0.00,0.00,0.00,6.09,86792.8,0,0.00,0.00,2
6876,0.051,0.049,1.000,-0.000,-0.000,0.000,-13.000,19.000,44.000,0.9980,0.0512,-0.0144,-0.0338,0.00,0.00,0.00,6.10,86792.8,0,0.00,0.00,2
6896,0.051,0.049,1.000,-0.000,-0.000,0.000,-13.000,19.000,44.000,0.9980,0.0513,-0.0145,-0.0340,0.00,0.00,0.00,6.11,86792.8,0,0.00,0.00,2
6916,0.051,0.049,1.000,-0.000,-0.000,0.000,-13.000,19.000,44.000,0.9980,0.0514,-0.0146,-0.0343,0.00,0.00,0.00,6.13,86792.8,0,0.00,0.00,2
6936,0.051,0.049,1.000,-0.000,-0.000,0.000,-13.000,19.000,44.000,0.9980,0.0515,-0.0147,-0.0346,0.00,0.00,0.00,6.14,86792.8,0,0.00,0.00,2
6956,0.051,0.049,1.000,-0.000,-0.000,0.000,-13.000,19.000,44.000,0.9980,0.0516,-0.0148,-0.0348,0.00,0.00,0.00,6.15,86792.8,0,0.00,0.00,2
6976,0.051,0.049,1.000,-0.000,-0.000,0.000,-13.000,19.000,44.000,0.9979,0.0517,-0.0149,-0.0351,0.00,0.00,0.00,6.16,86792.8,0,0.00,0.00,2
6996,0.051,0.049,1.000,-0.000,-0.000,0.000,-13.000,19.000,44.000,0.9979,0.0517,-0.0150,-0.0354,0.00,0.00,0.00,6.17,86792.8,0,0.00,0.00,2
7016,0.051,0.049,1.000,-0.000,-0.000,0.000,-13.000,19.000,44.000,0.9979,0.0518,-0.0151,-0.0357,0.00,0.00,0.00,6.19,86792.8,0,0.00,0.00,2
7036,0.051,0.049,1.000,-0.000,-0.000,0.000,-13.000,19.000,44.000,0.9979,0.0519,-0.0152,-0.0359,0.00,0.00,0.00,6.20,86792.8,0,0.00,0.00,2
7056,0.051,0.049,1.000,-0.000,-0.000,0.000,-13.000,19.000,44.000,0.9979,0.0519,-0.0153,-0.0362,0.00,0.00,0.00,6.21,86792.8,0,0.00,0.00,2
7076,0.051,0.049,1.000,-0.000,-0.000,0.000,-13.000,19.000,44.000,0.9979,0.0520,-0.0154,-0.0365,0.00,0.00,0.00,6.22,86792.8,0,0.00,0.00,2
7096,0.051,0.049,1.000,-0.000,-0.000,0.000,-13.000,19.000,44.000,0.9978,0.0521,-0.0155,-0.0368,0.00,0.00,0.00,6.23,86792.8,0,0.00,0.00,2
7116,0.051,0.049,1.000,-0.000,-0.000,0.000,-13.000,19.000,44.000,0.9978,0.0521,-0.0155,-0.0370,0.00,0.00,0.00,6.24,86792.8,0,0.00,0.00,2
7136,0.051,0.049,1.000,-0.000,-0.000,0.000,-13.000,19.000,44.000,0.9978,0.0522,-0.0156,-0.0373,0.00,0.00,0.00,6.25,86792.8,0,0.00,0.00,2
7156,0.051,0.049,1.000,-0.000,-0.000,0.000,-13.000,19.000,44.000,0.9978,0.0523,-0.0157,-0.0376,0.00,0.00,0.00,6.26,86792.8,0,0.00,0.00,2
7176,0.051,0.049,1.000,-0.000,-0.000,0.000,-13.000,19.000,44.000,0.9978,0.0523,-0.0158,-0.0379,0.00,0.00,0.00,6.26,86792.8,0,0.00,0.00,2
7196,0.051,0.049,1.000,-0.000,-0.000,0.000,-13.000,19.000,44.000,0.9978,0.0524,-0.0159,-0.0381,0.00,0.00,0.00,6.27,86792.8,0,0.00,0.00,2
7216,0.051,0.049,1.000,-0.000,-0.000,0.000,-13.000,19.000,44.000,0.9978,0.0524,-0.0160,-0.0384,0.00,0.00,0.00,6.28,86792.8,0,0.00,0.00,2
7236,0.051,0.049,1.000,-0.000,-0.000,0.000,-13.000,19.000,44.000,0.9977,0.0525,-0.0161,-0.0387,0.00,0.00,0.00,6.29,86792.8,0,0.00,0.00,2
7256,0.051,0.049,1.000,-0.000,-0.000,0.000,-13.000,19.000,44.000,0.9977,0.0525,-0.0161,-0.0390,0.00,0.00,0.00,6.30,86792.8,0,0.00,0.00,2
7276,0.051,0.049,1.000,-0.000,-0.000,0.000,-13.000,19.000,44.000,0.9977,0.0525,-0.0162,-0.0393,0.00,0.00,0.00,6.30,86792.8,0,0.00,0.00,2
7296,0.051,0.049,1.000,-0.000,-0.000,0.000,-13.000,19.000,44.000,0.9977,0.0526,-0.0163,-0.0396,0.00,0.00,0.00,6.31,86792.8,0,0.00,0.00,2
7316,0.051,0.049,1.000,-0.000,-0.000,0.000,-13.000,19.000,44.000,0.9977,0.0526,-0.0164,-0.0398,0.00,0.00,0.00,6.32,86792.8,0,0.00,0.00,2
7336,0.051,0.049,1.000,-0.000,-0.000,0.000,-13.000,19.000,44.000,0.9977,0.0527,-0.0165,-0.0401,0.00,0.00,0.00,6.33,86792.8,0,0.00,0.00,2
7356,0.051,0.049,1.000,-0.000,-0.000,0.000,-13.000,19.000,44.000,0.9977,0.0527,-0.0165,-0.0404,0.00,0.00,0.00,6.33,86792.8,0,0.00,0.00,2
7376,0.051,0.049,1.000,-0.000,-0.000,0.000,-13.000,19.000,44.000,0.9976,0.0527,-0.0166,-0.0407,0.00,0.00,0.00,6.34,86792.8,0,0.00,0.00,2
7396,0.051,0.049,1.000,-0.000,-0.000,0.000,-13.000,19.000,44.000,0.9976,0.0527,-0.0167,-0.0410,0.00,0.00,0.00,6.34,86792.8,0,0.00,0.00,2
7416,0.051,0.049,1.000,-0.000,-0.000,0.000,-13.000,19.000,44.000,0.9976,0.0528,-0.0168,-0.0413,0.00,0.00,0.00,6.35,86792.8,0,0.00,0.00,2
7436,0.051,0.049,1.000,-0.000,-0.000,0.000,-13.000,19.000,44.000,0.9976,0.0528,-0.0169,-0.0416,0.00,0.00,0.00,6.35,86792.8,0,0.00,0.00,2
7456,0.051,0.049,1.000,-0.000,-0.000,0.000,-13.000,19.000,44.000,0.9976,0.0528,-0.0169,-0.0418,0.00,0.00,0.00,6.36,86792.8,0,0.00,0.00,2
7476,0.051,0.049,1.000,-0.000,-0.000,0.000,-13.000,19.000,44.000,0.9976,0.0528,-0.0170,-0.0421,0.00,0.00,0.00,6.36,86792.8,0,0.00,0.00,2
7496,0.051,0.049,1.000,-0.000,-0.000,0.000,-13.000,19.000,44.000,0.9976,0.0529,-0.0171,-0.0424,0.00,0.00,0.00,6.37,86792.8,0,0.00,0.00,2
7516,0.051,0.049,1.000,-0.000,-0.000,0.000,-13.000,19.000,44.000,0.9975,0.0529,-0.0171,-0.0427,0.00,0.00,0.00,6.37,86792.8,0,0.00,0.00,2
7536,0.051,0.049,1.000,-0.000,-0.000,0.000,-13.000,19.000,44.000,0.9975,0.0529,-0.0172,-0.0430,0.00,0.00,0.00,6.38,86792.8,0,0.00,0.00,2
7556,0.051,0.049,1.000,-0.000,-0.000,0.000,-13.000,19.000,44.000,0.9975,0.0529,-0.0173,-0.0433,0.00,0.00,0.00,6.38,86792.8,0,0.00,0.00,2
7576,0.051,0.049,1.000,-0.000,-0.000,0.000,-13.000,19.000,44.000,0.9975,0.0529,-0.0174,-0.0436,0.00,0.00,0.00,6.39,86792.8,0,0.00,0.00,2
7596,0.051,0.049,1.000,-0.000,-0.000,0.000,-13.000,19.000,44.000,0.9975,0.0529,-0.0174,-0.0439,0.00,0.00,0.00,6.39,86792.8,0,0.00,0.00,2
7616,0.051,0.049,1.000,-0.000,-0.000,0.000,-13.000,19.000,44.000,0.9975,0.0529,-0.0175,-0.0441,0.00,0.00,0.00,6.39,86792.8,0,0.00,0.00,2
7636,0.051,0.049,1.000,-0.000,-0.000,0.000,-13.000,19.000,44.000,0.9975,0.0529,-0.0175,-0.0444,0.00,0.00,0.00,6.40,86792.8,0,0.00,0.00,2
7656,0.051,0.049,1.000,-0.000,-0.000,0.000,-13.000,19.000,44.000,0.9974,0.0530,-0.0176,-0.0447,0.00,0.00,0.00,6.40,86792.8,0,0.00,0.00,2
7676,0.051,0.049,1.000,-0.000,-0.000,0.000,-13.000,19.000,44.000,0.9974,0.0530,-0.0177,-0.0450,0.00,0.00,0.00,6.40,86792.8,0,0.00,0.00,2
7696,0.051,0.049,1.000,-0.000,-0.000,0.000,-13.000,19.000,44.000,0.9974,0.0530,-0.0177,-0.0453,0.00,0.00,0.00,6.40,86792.8,0,0.00,0.00,2
7716,0.051,0.049,1.000,-0.000,-0.000,0.000,-13.000,19.000,44.000,0.9974,0.0530,-0.0178,-0.0456,0.00,0.00,0.00,6.41,86792.8,0,0.00,0.00,2
7736,0.051,0.049,1.000,-0.000,-0.000,0.000,-13.000,19.000,44.000,0.9974,0.0530,-0.0179,-0.0459,0.00,0.00,0.00,6.41,86792.8,0,0.00,0.00,2
7756,0.051,0.049,1.000,-0.000,-0.000,0.000,-13.000,19.000,44.000,0.9974,0.0530,-0.0179,-0.0462,0.00,0.00,0.00,6.41,86792.8,0,0.00,0.00,2
7776,0.051,0.049,1.000,-0.000,-0.000,0.000,-13.000,19.000,44.000,0.9974,0.0530,-0.0180,-0.0465,0.00,0.00,0.00,6.41,86792.8,0,0.00,0.00,2
7796,0.051,0.049,1.000,-0.000,-0.000,0.000,-13.000,19.000,44.000,0.9973,0.0530,-0.0180,-0.0468,0.00,0.00,0.00,6.41,86792.8,0,0.00,0.00,2
7816,0.051,0.049,1.000,-0.000,-0.000,0.000,-13.000,19.000,44.000,0.9973,0.0529,-0.0181,-0.0470,0.00,0.00,0.00,6.42,86792.8,0,0.00,0.00,2
7836,0.051,0.049,1.000,-0.000,-0.000,0.000,-13.000,19.000,44.000,0.9973,0.0529,-0.0182,-0.0473,0.00,0.00,0.00,6.42,86792.8,0,0.00,0.00,2
7856,0.051,0.049,1.000,-0.000,-0.000,0.000,-13.000,19.000,44.000,0.9973,0.0529,-0.0182,-0.0476,0.00,0.00,0.00,6.42,86792.8,0,0.00,0.00,2
7876,0.051,0.049,1.000,-0.000,-0.000,0.000,-13.000,19.000,44.000,0.9973,0.0529,-0.0183,-0.0479,0.00,0.00,0.00,6.42,86792.8,0,0.00,0.00,2
7896,0.051,0.049,1.000,-0.000,-0.000,0.000,-13.000,19.000,44.000,0.9973,0.0529,-0.0183,-0.0482,0.00,0.00,0.00,6.42,86792.8,0,0.00,0.00,2
7916,0.051,0.049,1.000,-0.000,-0.000,0.000,-13.000,19.000,44.000,0.9973,0.0529,-0.0184,-0.0485,0.00,0.00,0.00,6.42,86792.8,0,0.00,0.00,2
7936,0.051,0.049,1.000,-0.000,-0.000,0.000,-13.000,19.000,44.000,0.9972,0.0529,-0.0184,-0.0488,0.00,0.00,0.00,6.42,86792.8,0,0.00,0.00,2
7956,0.051,0.049,1.000,-0.000,-0.000,0.000,-13.000,19.000,44.000,0.9972,0.0529,-0.0185,-0.0491,0.00,0.00,0.00,6.42,86792.8,0,0.00,0.00,2
7976,0.051,0.049,1.000,-0.000,-0.000,0.000,-13.000,19.000,44.000,0.9972,0.0529,-0.0185,-0.0494,0.00,0.00,0.00,6.42,86792.8,0,0.00,0.00,2
7996,0.051,0.049,1.000,-0.000,-0.000,0.000,-13.000,19.000,44.000,0.9972,0.0528,-0.0186,-0.0497,0.00,0.00,0.00,6.42,86792.8,0,0.00,0.00,2
8016,0.051,0.049,1.000,-0.000,-0.000,0.000,-13.000,19.000,44.000,0.9972,0.0528,-0.0186,-0.0500,0.00,0.00,0.00,6.42,86792.8,0,0.00,0.00,2
8036,0.051,0.049,1.000,-0.000,-0.000,0.000,-13.000,19.000,44.000,0.9972,0.0528,-0.0187,-0.0503,0.00,0.00,0.00,6.42,86792.8,0,0.00,0.00,2
8056,0.051,0.049,1.000,-0.000,-0.000,0.000,-13.000,19.000,44.000,0.9971,0.0528,-0.0187,-0.0505,0.00,0.00,0.00,6.42,86792.8,0,0.00,0.00,2
8076,0.051,0.049,1.000,-0.000,-0.000,0.000,-13.000,19.000,44.000,0.9971,0.0528,-0.0188,-0.0508,0.00,0.00,0.00,6.42,86792.8,0,0.00,0.00,2
8096,0.051,0.049,1.000,-0.000,-0.000,0.000,-13.000,19.000,44.000,0.9971,0.0528,-0.0188,-0.0511,0.00,0.00,0.00,6.42,86792.8,0,0.00,0.00,2
8116,0.051,0.049,1.000,-0.000,-0.000,0.000,-13.000,19.000,44.000,0.9971,0.0527,-0.0189,-0.0514,0.00,0.00,0.00,6.42,86792.8,0,0.00,0.00,2
8136,0.051,0.049,1.000,-0.000,-0.000,0.000,-13.000,19.000,44.000,0.9971,0.0527,-0.0189,-0.0517,0.00,0.00,0.00,6.42,86792.8,0,0.00,0.00,2
8156,0.051,0.049,1.000,-0.000,-0.000,0.000,-13.000,19.000,44.000,0.9971,0.0527,-0.0190,-0.0520,0.00,0.00,0.00,6.42,86792.8,0,0.00,0.00,2
8176,0.051,0.049,1.000,-0.000,-0.000,0.000,-13.000,19.000,44.000,0.9971,0.0527,-0.0190,-0.0523,0.00,0.00,0.00,6.42,86792.8,0,0.00,0.00,2
8196,0.051,0.049,1.000,-0.000,-0.000,0.000,-13.000,19.000,44.000,0.9970,0.0527,-0.0190,-0.0526,0.00,0.00,0.00,6.42,86792.8,0,0.00,0.00,2
8216,0.051,0.049,1.000,-0.000,-0.000,0.000,-13.000,19.000,44.000,0.9970,0.0526,-0.0191,-0.0529,0.00,0.00,0.00,6.42,86792.8,0,0.00,0.00,2
8236,0.051,0.049,1.000,-0.000,-0.000,0.000,-13.000,19.000,44.000,0.9970,0.0526,-0.0191,-0.0532,0.00,0.00,0.00,6.42,86792.8,0,0.00,0.00,2
8256,0.051,0.049,1.000,-0.000,-0.000,0.000,-13.000,19.000,44.000,0.9970,0.0526,-0.0192,-0.0535,0.00,0.00,0.00,6.42,86792.8,0,0.00,0.00,2
8276,0.051,0.049,1.000,-0.000,-0.000,0.000,-13.000,19.000,44.000,0.9970,0.0526,-0.0192,-0.0538,0.00,0.00,0.00,6.42,86792.8,0,0.00,0.00,2
8296,0.051,0.049,1.000,-0.000,-0.000,0.000,-13.000,19.000,44.000,0.9970,0.0525,-0.0192,-0.0540,0.00,0.00,0.00,6.41,86792.8,0,0.00,0.00,2
8316,0.051,0.049,1.000,-0.000,-0.000,0.000,-13.000,19.000,44.000,0.9970,0.0525,-0.0193,-0.0543,0.00,0.00,0.00,6.41,86792.8,0,0.00,0.00,2
8336,0.051,0.049,1.000,-0.000,-0.000,0.000,-13.000,19.000,44.000,0.9969,0.0525,-0.0193,-0.0546,0.00,0.00,0.00,6.41,86792.8,0,0.00,0.00,2
8356,0.051,0.049,1.000,-0.000,-0.000,0.000,-13.000,19.000,44.000,0.9969,0.0524,-0.0194,-0.0549,0.00,0.00,0.00,6.41,86792.8,0,0.00,0.00,2
8376,0.051,0.049,1.000,-0.000,-0.000,0.000,-13.000,19.000,44.000,0.9969,0.0524,-0.0194,-0.0552,0.00,0.00,0.00,6.41,86792.8,0,0.00,0.00,2
8396,0.051,0.049,1.000,-0.000,-0.000,0.000,-13.000,19.000,44.000,0.9969,0.0524,-0.0194,-0.0555,0.00,0.00,0.00,6.41,86792.8,0,0.00,0.00,2
8416,0.051,0.049,1.000,-0.000,-0.000,0.000,-13.000,19.000,44.000,0.9969,0.0524,-0.0195,-0.0558,0.00,0.00,0.00,6.40,86792.8,0,0.00,0.00,2
8436,0.051,0.049,1.000,-0.000,-0.000,0.000,-13.000,19.000,44.000,0.9969,0.0523,-0.0195,-0.0561,0.00,0.00,0.00,6.40,86792.8,0,0.00,0.00,2
8456,0.051,0.049,1.000,-0.000,-0.000,0.000,-13.000,19.000,44.000,0.9968,0.0523,-0.0195,-0.0564,0.00,0.00,0.00,6.40,86792.8,0,0.00,0.00,2
8476,0.051,0.049,1.000,-0.000,-0.000,0.000,-13.000,19.000,44.000,0.9968,0.0523,-0.0196,-0.0567,0.00,0.00,0.00,6.40,86792.8,0,0.00,0.00,2
8496,0.051,0.049,1.000,-0.000,-0.000,0.000,-13.000,19.000,44.000,0.9968,0.0522,-0.0196,-0.0570,0.00,0.00,0.00,6.40,86792.8,0,0.00,0.00,2
8516,0.051,0.049,1.000,-0.000,-0.000,0.000,-13.000,19.000,44.000,0.9968,0.0522,-0.0196,-0.0573,0.00,0.00,0.00,6.39,86792.8,0,0.00,0.00,2
8536,0.051,0.049,1.000,-0.000,-0.000,0.000,-13.000,19.000,44.000,0.9968,0.0522,-0.0197,-0.0575,0.00,0.00,0.00,6.39,86792.8,0,0.00,0.00,2
8556,0.051,0.049,1.000,-0.000,-0.000,0.000,-13.000,19.000,44.000,0.9968,0.0521,-0.0197,-0.0578,0.00,0.00,0.00,6.39,86792.8,0,0.00,0.00,2
8576,0.051,0.049,1.000,-0.000,-0.000,0.000,-13.000,19.000,44.000,0.9968,0.0521,-0.0197,-0.0581,0.00,0.00,0.00,6.39,86792.8,0,0.00,0.00,2
8596,0.051,0.049,1.000,-0.000,-0.000,0.000,-13.000,19.000,44.000,0.9967,0.0521,-0.0198,-0.0584,0.00,0.00,0.00,6.39,86792.8,0,0.00,0.00,2
8616,0.051,0.049,1.000,-0.000,-0.000,0.000,-13.000,19.000,44.000,0.9967,0.0520,-0.0198,-0.0587,0.00,0.00,0.00,6.38,86792.8,0,0.00,0.00,2
8636,0.051,0.049,1.000,-0.000,-0.000,0.000,-13.000,19.000,44.000,0.9967,0.0520,-0.0198,-0.0590,0.00,0.00,0.00,6.38,86792.8,0,0.00,0.00,2
8656,0.051,0.049,1.000,-0.000,-0.000,0.000,-13.000,19.000,44.000,0.9967,0.0520,-0.0199,-0.0593,0.00,0.00,0.00,6.38,86792.8,0,0.00,0.00,2
8676,0.051,0.049,1.000,-0.000,-0.000,0.000,-13.000,19.000,44.000,0.9967,0.0519,-0.0199,-0.0596,0.00,0.00,0.00,6.38,86792.8,0,0.00,0.00,2
8696,0.051,0.049,1.000,-0.000,-0.000,0.000,-13.000,19.000,44.000,0.9967,0.0519,-0.0199,-0.0599,0.00,0.00,0.00,6.37,86792.8,0,0.00,0.00,2
8716,0.051,0.049,1.000,-0.000,-0.000,0.000,-13.000,19.000,44.000,0.9966,0.0519,-0.0200,-0.0602,0.00,0.00,0.00,6.37,86792.8,0,0.00,0.00,2
8736,0.051,0.049,1.000,-0.000,-0.000,0.000,-13.000,19.000,44.000,0.9966,0.0518,-0.0200,-0.0605,0.00,0.00,0.00,6.37,86792.8,0,0.00,0.00,2
8756,0.051,0.049,1.000,-0.000,-0.000,0.000,-13.000,19.000,44.000,0.9966,0.0518,-0.0200,-0.0607,0.00,0.00,0.00,6.37,86792.8,0,0.00,0.00,2
8776,0.051,0.049,1.000,-0.000,-0.000,0.000,-13.000,19.000,44.000,0.9966,0.0518,-0.0200,-0.0610,0.00,0.00,0.00,6.36,86792.8,0,0.00,0.00,2
8796,0.051,0.049,1.000,-0.000,-0.000,0.000,-13.000,19.000,44.000,0.9966,0.0517,-0.0201,-0.0613,0.00,0.00,0.00,6.36,86792.8,0,0.00,0.00,2
8816,0.051,0.049,1.000,-0.000,-0.000,0.000,-13.000,19.000,44.000,0.9966,0.0517,-0.0201,-0.0616,0.00,0.00,0.00,6.36,86792.8,0,0.00,0.00,2
8836,0.051,0.049,1.000,-0.000,-0.000,0.000,-13.000,19.000,44.000,0.9965,0.0516,-0.0201,-0.0619,0.00,0.00,0.00,6.35,86792.8,0,0.00,0.00,2
8856,0.051,0.049,1.000,-0.000,-0.000,0.000,-13.000,19.000,44.000,0.9965,0.0516,-0.0202,-0.0622,0.00,0.00,0.00,6.35,86792.8,0,0.00,0.00,2
8876,0.051,0.049,1.000,-0.000,-0.000,0.000,-13.000,19.000,44.000,0.9965,0.0516,-0.0202,-0.0625,0.00,0.00,0.00,6.35,86792.8,0,0.00,0.00,2
8896,0.051,0.049,1.000,-0.000,-0.000,0.000,-13.000,19.000,44.000,0.9965,0.0515,-0.0202,-0.0628,0.00,0.00,0.00,6.35,86792.8,0,0.00,0.00,2
8916,0.051,0.049,1.000,-0.000,-0.000,0.000,-13.000,19.000,44.000,0.9965,0.0515,-0.0202,-0.0631,0.00,0.00,0.00,6.34,86792.8,0,0.00,0.00,2
8936,0.051,0.049,1.000,-0.000,-0.000,0.000,-13.000,19.000,44.000,0.9965,0.0515,-0.0203,-0.0634,0.00,0.00,0.00,6.34,86792.8,0,0.00,0.00,2
8956,0.051,0.049,1.000,-0.000,-0.000,0.000,-13.000,19.000,44.000,0.9964,0.0514,-0.0203,-0.0636,0.00,0.00,0.00,6.34,86792.8,0,0.00,0.00,2
8976,0.051,0.049,1.000,-0.000,-0.000,0.000,-13.000,19.000,44.000,0.9964,0.0514,-0.0203,-0.0639,0.00,0.00,0.00,6.33,86792.8,0,0.00,0.00,2
8996,0.051,0.049,1.000,-0.000,-0.000,0.000,-13.000,19.000,44.000,0.9964,0.0513,-0.0203,-0.0642,0.00,0.00,0.00,6.33,86792.8,0,0.00,0.00,2
9016,0.051,0.049,1.000,-0.000,-0.000,0.000,-13.000,19.000,44.000,0.9964,0.0513,-0.0204,-0.0645,0.00,0.00,0.00,6.33,86792.8,0,0.00,0.00,2
9036,0.051,0.049,1.000,-0.000,-0.000,0.000,-13.000,19.000,44.000,0.9964,0.0513,-0.0204,-0.0648,0.00,0.00,0.00,6.32,86792.8,0,0.00,0.00,2
9056,0.051,0.049,1.000,-0.000,-0.000,0.000,-13.000,19.000,44.000,0.9964,0.0512,-0.0204,-0.0651,0.00,0.00,0.00,6.32,86792.8,0,0.00,0.00,2
9076,0.051,0.049,1.000,-0.000,-0.000,0.000,-13.000,19.000,44.000,0.9963,0.0512,-0.0204,-0.0654,0.00,0.00,0.00,6.32,86792.8,0,0.00,0.00,2
9096,0.051,0.049,1.000,-0.000,-0.000,0.000,-13.000,19.000,44.000,0.9963,0.0511,-0.0204,-0.0657,0.00,0.00,0.00,6.32,86792.8,0,0.00,0.00,2
9116,0.051,0.049,1.000,-0.000,-0.000,0.000,-13.000,19.000,44.000,0.9963,0.0511,-0.0205,-0.0660,0.00,0.00,0.00,6.31,86792.8,0,0.00,0.00,2
9136,0.051,0.049,1.000,-0.000,-0.000,0.000,-13.000,19.000,44.000,0.9963,0.0511,-0.0205,-0.0663,0.00,0.00,0.00,6.31,86792.8,0,0.00,0.00,2
9156,0.051,0.049,1.000,-0.000,-0.000,0.000,-13.000,19.000,44.000,0.9963,0.0510,-0.0205,-0.0665,0.00,0.00,0.00,6.31,86792.8,0,0.00,0.00,2
9176,0.051,0.049,1.000,-0.000,-0.000,0.000,-13.000,19.000,44.000,0.9962,0.0510,-0.0205,-0.0668,0.00,0.00,0.00,6.30,86792.8,0,0.00,0.00,2
9196,0.051,0.049,1.000,-0.000,-0.000,0.000,-13.000,19.000,44.000,0.9962,0.0509,-0.0206,-0.0671,0.00,0.00,0.00,6.30,86792.8,0,0.00,0.00,2
9216,0.051,0.049,1.000,-0.000,-0.000,0.000,-13.000,19.000,44.000,0.9962,0.0509,-0.0206,-0.0674,0.00,0.00,0.00,6.30,86792.8,0,0.00,0.00,2
9236,0.051,0.049,1.000,-0.000,-0.000,0.000,-13.000,19.000,44.000,0.9962,0.0509,-0.0206,-0.0677,0.00,0.00,0.00,6.29,86792.8,0,0.00,0.00,2
9256,0.051,0.049,1.000,-0.000,-0.000,0.000,-13.000,19.000,44.000,0.9962,0.0508,-0.0206,-0.0680,0.00,0.00,0.00,6.29,86792.8,0,0.00,0.00,2
9276,0.051,0.049,1.000,-0.000,-0.000,0.000,-13.000,19.000,44.000,0.9962,0.0508,-0.0206,-0.0683,0.00,0.00,0.00,6.28,86792.8,0,0.00,0.00,2
9296,0.051,0.049,1.000,-0.000,-0.000,0.000,-13.000,19.000,44.000,0.9961,0.0507,-0.0207,-0.0686,0.00,0.00,0.00,6.28,86792.8,0,0.00,0.00,2
9316,0.051,0.049,1.000,-0.000,-0.000,0.000,-13.000,19.000,44.000,0.9961,0.0507,-0.0207,-0.0689,0.00,0.00,0.00,6.28,86792.8,0,0.00,0.00,2
9336,0.051,0.049,1.000,-0.000,-0.000,0.000,-13.000,19.000,44.000,0.9961,0.0507,-0.0207,-0.0692,0.00,0.00,0.00,6.27,86792.8,0,0.00,0.00,2
9356,0.051,0.049,1.000,-0.000,-0.000,0.000,-13.000,19.000,44.000,0.9961,0.0506,-0.0207,-0.0694,0.00,0.00,0.00,6.27,86792.8,0,0.00,0.00,2
9376,0.051,0.049,1.000,-0.000,-0.000,0.000,-13.000,19.000,44.000,0.9961,0.0506,-0.0207,-0.0697,0.00,0.00,0.00,6.27,86792.8,0,0.00,0.00,2
9396,0.051,0.049,1.000,-0.000,-0.000,0.000,-13.000,19.000,44.000,0.9960,0.0505,-0.0208,-0.0700,0.00,0.00,0.00,6.26,86792.8,0,0.00,0.00,2
9416,0.051,0.049,1.000,-0.000,-0.000,0.000,-13.000,19.000,44.000,0.9960,0.0505,-0.0208,-0.0703,0.00,0.00,0.00,6.26,86792.8,0,0.00,0.00,2
9436,0.051,0.049,1.000,-0.000,-0.000,0.000,-13.000,19.000,44.000,0.9960,0.0505,-0.0208,-0.0706,0.00,0.00,0.00,6.26,86792.8,0,0.00,0.00,2
9456,0.051,0.049,1.000,-0.000,-0.000,0.000,-13.000,19.000,44.000,0.9960,0.0504,-0.0208,-0.0709,0.00,0.00,0.00,6.25,86792.8,0,0.00,0.00,2
9476,0.051,0.049,1.000,-0.000,-0.000,0.000,-13.000,19.000,44.000,0.9960,0.0504,-0.0208,-0.0712,0.00,0.00,0.00,6.25,86792.8,0,0.00,0.00,2
9496,0.051,0.049,1.000,-0.000,-0.000,0.000,-13.000,19.000,44.000,0.9960,0.0503,-0.0209,-0.0715,0.00,0.00,0.00,6.25,86792.8,0,0.00,0.00,2
9516,0.051,0.049,1.000,-0.000,-0.000,0.000,-13.000,19.000,44.000,0.9959,0.0503,-0.0209,-0.0717,0.00,0.00,0.00,6.24,86792.8,0,0.00,0.00,2
9536,0.051,0.049,1.000,-0.000,-0.000,0.000,-13.000,19.000,44.000,0.9959,0.0502,-0.0209,-0.0720,0.00,0.00,0.00,6.24,86792.8,0,0.00,0.00,2
9556,0.051,0.049,1.000,-0.000,-0.000,0.000,-13.000,19.000,44.000,0.9959,0.0502,-0.0209,-0.0723,0.00,0.00,0.00,6.23,86792.8,0,0.00,0.00,2
9576,0.051,0.049,1.000,-0.000,-0.000,0.000,-13.000,19.000,44.000,0.9959,0.0502,-0.0209,-0.0726,0.00,0.00,0.00,6.23,86792.8,0,0.00,0.00,2
9596,0.051,0.049,1.000,-0.000,-0.000,0.000,-13.000,19.000,44.000,0.9959,0.0501,-0.0209,-0.0729,0.00,0.00,0.00,6.23,86792.8,0,0.00,0.00,2
9616,0.051,0.049,1.000,-0.000,-0.000,0.000,-13.000,19.000,44.000,0.9958,0.0501,-0.0210,-0.0732,0.00,0.00,0.00,6.22,86792.8,0,0.00,0.00,2
9636,0.051,0.049,1.000,-0.000,-0.000,0.000,-13.000,19.000,44.000,0.9958,0.0500,-0.0210,-0.0735,0.00,0.00,0.00,6.22,86792.8,0,0.00,0.00,2
9656,0.051,0.049,1.000,-0.000,-0.000,0.000,-13.000,19.000,44.000,0.9958,0.0500,-0.0210,-0.0738,0.00,0.00,0.00,6.22,86792.8,0,0.00,0.00,2
9676,0.051,0.049,1.000,-0.000,-0.000,0.000,-13.000,19.000,44.000,0.9958,0.0499,-0.0210,-0.0741,0.00,0.00,0.00,6.21,86792.8,0,0.00,0.00,2
9696,0.051,0.049,1.000,-0.000,-0.000,0.000,-13.000,19.000,44.000,0.9958,0.0499,-0.0210,-0.0743,0.00,0.00,0.00,6.21,86792.8,0,0.00,0.00,2
9716,0.051,0.049,1.000,-0.000,-0.000,0.000,-13.000,19.000,44.000,0.9957,0.0499,-0.0211,-0.0746,0.00,0.00,0.00,6.20,86792.8,0,0.00,0.00,2
9736,0.051,0.049,1.000,-0.000,-0.000,0.000,-13.000,19.000,44.000,0.9957,0.0498,-0.0211,-0.0749,0.00,0.00,0.00,6.20,86792.8,0,0.00,0.00,2
9756,0.051,0.049,1.000,-0.000,-0.000,0.000,-13.000,19.000,44.000,0.9957,0.0498,-0.0211,-0.0752,0.00,0.00,0.00,6.20,86792.8,0,0.00,0.00,2
9776,0.051,0.049,1.000,-0.000,-0.000,0.000,-13.000,19.000,44.000,0.9957,0.0497,-0.0211,-0.0755,0.00,0.00,0.00,6.19,86792.8,0,0.00,0.00,2
9796,0.051,0.049,1.000,-0.000,-0.000,0.000,-13.000,19.000,44.000,0.9957,0.0497,-0.0211,-0.0758,0.00,0.00,0.00,6.19,86792.8,0,0.00,0.00,2
9816,0.051,0.049,1.000,-0.000,-0.000,0.000,-13.000,19.000,44.000,0.9956,0.0496,-0.0211,-0.0761,0.00,0.00,0.00,6.19,86792.8,0,0.00,0.00,2
9836,0.051,0.049,1.000,-0.000,-0.000,0.000,-13.000,19.000,44.000,0.9956,0.0496,-0.0212,-0.0764,0.00,0.00,0.00,6.18,86792.8,0,0.00,0.00,2
9856,0.051,0.049,1.000,-0.000,-0.000,0.000,-13.000,19.000,44.000,0.9956,0.0496,-0.0212,-0.0766,0.00,0.00,0.00,6.18,86792.8,0,0.00,0.00,2
9876,0.051,0.049,1.000,-0.000,-0.000,0.000,-13.000,19.000,44.000,0.9956,0.0495,-0.0212,-0.0769,0.00,0.00,0.00,6.17,86792.8,0,0.00,0.00,2
9896,0.051,0.049,1.000,-0.000,-0.000,0.000,-13.000,19.000,44.000,0.9956,0.0495,-0.0212,-0.0772,0.00,0.00,0.00,6.17,86792.8,0,0.00,0.00,2
9916,0.051,0.049,1.000,-0.000,-0.000,0.000,-13.000,19.000,44.000,0.9955,0.0494,-0.0212,-0.0775,0.00,0.00,0.00,6.17,86792.8,0,0.00,0.00,2
9936,0.051,0.049,1.000,-0.000,-0.000,0.000,-13.000,19.000,44.000,0.9955,0.0494,-0.0212,-0.0778,0.00,0.00,0.00,6.16,86792.8,0,0.00,0.00,2
9956,0.051,0.049,1.000,-0.000,-0.000,0.000,-13.000,19.000,44.000,0.9955,0.0493,-0.0212,-0.0781,0.00,0.00,0.00,6.16,86792.8,0,0.00,0.00,2
9976,0.051,0.049,1.000,-0.000,-0.000,0.000,-13.000,19.000,44.000,0.9955,0.0493,-0.0213,-0.0784,0.00,0.00,0.00,6.16,86792.8,0,0.00,0.00,2
9996,0.051,0.049,1.000,-0.000,-0.000,0.000,-13.000,19.000,44.000,0.9955,0.0493,-0.0213,-0.0786,0.00,0.00,0.00,6.15,86792.8,0,0.00,0.00,2
10016,0.051,0.049,1.000,-0.000,-0.000,0.000,-13.000,19.000,44.000,0.9954,0.0492,-0.0213,-0.0789,0.00,0.00,0.00,6.15,86792.8,0,0.00,0.00,2
10036,0.051,0.049,1.000,-0.000,-0.000,0.000,-13.000,19.000,44.000,0.9954,0.0492,-0.0213,-0.0792,0.00,0.00,0.00,6.14,86792.8,0,0.00,0.00,2
10056,0.051,0.049,1.000,-0.000,-0.000,0.000,-13.000,19.000,44.000,0.9954,0.0491,-0.0213,-0.0795,0.00,0.00,0.00,6.14,86792.8,0,0.00,0.00,2
10076,0.051,0.049,1.000,-0.000,-0.000,0.000,-13.000,19.000,44.000,0.9954,0.0491,-0.0213,-0.0798,0.00,0.00,0.00,6.14,86792.8,0,0.00,0.00,2
10096,0.051,0.049,1.000,-0.000,-0.000,0.000,-13.000,19.000,44.000,0.9954,0.0490,-0.0214,-0.0801,0.00,0.00,0.00,6.13,86792.8,0,0.00,0.00,2
10116,0.051,0.049,1.000,-0.000,-0.000,0.000,-13.000,19.000,44.000,0.9953,0.0490,-0.0214,-0.0804,0.00,0.00,0.00,6.13,86792.8,0,0.00,0.00,2
10136,0.051,0.049,1.000,-0.000,-0.000,0.000,-13.000,19.000,44.000,0.9953,0.0490,-0.0214,-0.0806,0.00,0.00,0.00,6.12,86792.8,0,0.00,0.00,2
10156,0.051,0.049,1.000,-0.000,-0.000,0.000,-13.000,19.000,44.000,0.9953,0.0489,-0.0214,-0.0809,0.00,0.00,0.00,6.12,86792.8,0,0.00,0.00,2
10176,0.051,0.049,1.000,-0.000,-0.000,0.000,-13.000,19.000,44.000,0.9953,0.0489,-0.0214,-0.0812,0.00,0.00,0.00,6.12,86792.8,0,0.00,0.00,2
10196,0.051,0.049,1.000,-0.000,-0.000,0.000,-13.000,19.000,44.000,0.9952,0.0488,-0.0214,-0.0815,0.00,0.00,0.00,6.11,86792.8,0,0.00,0.00,2
10216,0.051,0.049,1.000,-0.000,-0.000,0.000,-13.000,19.000,44.000,0.9952,0.0488,-0.0214,-0.0818,0.00,0.00,0.00,6.11,86792.8,0,0.00,0.00,2
10236,0.051,0.049,1.000,-0.000,-0.000,0.000,-13.000,19.000,44.000,0.9952,0.0487,-0.0215,-0.0821,0.00,0.00,0.00,6.10,86792.8,0,0.00,0.00,2
10256,0.051,0.049,1.000,-0.000,-0.000,0.000,-13.000,19.000,44.000,0.9952,0.0487,-0.0215,-0.0824,0.00,0.00,0.00,6.10,86792.8,0,0.00,0.00,2
10276,0.051,0.049,1.000,-0.000,-0.000,0.000,-13.000,19.000,44.000,0.9952,0.0487,-0.0215,-0.0826,0.00,0.00,0.00,6.10,86792.8,0,0.00,0.00,2
10296,0.051,0.049,1.000,-0.000,-0.000,0.000,-13.000,19.000,44.000,0.9951,0.0486,-0.0215,-0.0829,0.00,0.00,0.00,6.09,86792.8,0,0.00,0.00,2
10316,0.051,0.049,1.000,-0.000,-0.000,0.000,-13.000,19.000,44.000,0.9951,0.0486,-0.0215,-0.0832,0.00,0.00,0.00,6.09,86792.8,0,0.00,0.00,2
10336,0.051,0.049,1.000,-0.000,-0.000,0.000,-13.000,19.000,44.000,0.9951,0.0485,-0.0215,-0.0835,0.00,0.00,0.00,6.09,86792.8,0,0.00,0.00,2
10356,0.051,0.049,1.000,-0.000,-0.000,0.000,-13.000,19.000,44.000,0.9951,0.0485,-0.0215,-0.0838,0.00,0.00,0.00,6.08,86792.8,0,0.00,0.00,2
10376,0.051,0.049,1.000,-0.000,-0.000,0.000,-13.000,19.000,44.000,0.9950,0.0484,-0.0215,-0.0841,0.00,0.00,0.00,6.08,86792.8,0,0.00,0.00,2
10396,0.051,0.049,1.000,-0.000,-0.000,0.000,-13.000,19.000,44.000,0.9950,0.0484,-0.0216,-0.0844,0.00,0.00,0.00,6.07,86792.8,0,0.00,0.00,2
10416,0.051,0.049,1.000,-0.000,-0.000,0.000,-13.000,19.000,44.000,0.9950,0.0483,-0.0216,-0.0846,0.00,0.00,0.00,6.07,86792.8,0,0.00,0.00,2
10436,0.051,0.049,1.000,-0.000,-0.000,0.000,-13.000,19.000,44.000,0.9950,0.0483,-0.0216,-0.0849,0.00,0.00,0.00,6.07,86792.8,0,0.00,0.00,2
10456,0.051,0.049,1.000,-0.000,-0.000,0.000,-13.000,19.000,44.000,0.9950,0.0483,-0.0216,-0.0852,0.00,0.00,0.00,6.06,86792.8,0,0.00,0.00,2
10476,0.051,0.049,1.000,-0.000,-0.000,0.000,-13.000,19.000,44.000,0.9949,0.0482,-0.0216,-0.0855,0.00,0.00,0.00,6.06,86792.8,0,0.00,0.00,2
10496,0.051,0.049,1.000,-0.000,-0.000,0.000,-13.000,19.000,44.000,0.9949,0.0482,-0.0216,-0.0858,0.00,0.00,0.00,6.05,86792.8,0,0.00,0.00,2
10516,0.051,0.049,1.000,-0.000,-0.000,0.000,-13.000,19.000,44.000,0.9949,0.0481,-0.0216,-0.0861,0.00,0.00,0.00,6.05,86792.8,0,0.00,0.00,2
10536,0.051,0.049,1.000,-0.000,-0.000,0.000,-13.000,19.000,44.000,0.9949,0.0481,-0.0217,-0.0864,0.00,0.00,0.00,6.05,86792.8,0,0.00,0.00,2
10556,0.051,0.049,1.000,-0.000,-0.000,0.000,-13.000,19.000,44.000,0.9948,0.0480,-0.0217,-0.0866,0.00,0.00,0.00,6.04,86792.8,0,0.00,0.00,2
10576,0.051,0.049,1.000,-0.000,-0.000,0.000,-13.000,19.000,44.000,0.9948,0.0480,-0.0217,-0.0869,0.00,0.00,0.00,6.04,86792.8,0,0.00,0.00,2
10596,0.051,0.049,1.000,-0.000,-0.000,0.000,-13.000,19.000,44.000,0.9948,0.0480,-0.0217,-0.0872,0.00,0.00,0.00,6.03,86792.8,0,0.00,0.00,2
10616,0.051,0.049,1.000,-0.000,-0.000,0.000,-13.000,19.000,44.000,0.9948,0.0479,-0.0217,-0.0875,0.00,0.00,0.00,6.03,86792.8,0,0.00,0.00,2
10636,0.051,0.049,1.000,-0.000,-0.000,0.000,-13.000,19.000,44.000,0.9948,0.0479,-0.0217,-0.0878,0.00,0.00,0.00,6.03,86792.8,0,0.00,0.00,2
10656,0.051,0.049,1.000,-0.000,-0.000,0.000,-13.000,19.000,44.000,0.9947,0.0478,-0.0217,-0.0881,0.00,0.00,0.00,6.02,86792.8,0,0.00,0.00,2
10676,0.051,0.049,1.000,-0.000,-0.000,0.000,-13.000,19.000,44.000,0.9947,0.0478,-0.0218,-0.0883,0.00,0.00,0.00,6.02,86792.8,0,0.00,0.00,2
10696,0.051,0.049,1.000,-0.000,-0.000,0.000,-13.000,19.000,44.000,0.9947,0.0477,-0.0218,-0.0886,0.00,0.00,0.00,6.01,86792.8,0,0.00,0.00,2
10716,0.051,0.049,1.000,-0.000,-0.000,0.000,-13.000,19.000,44.000,0.9947,0.0477,-0.0218,-0.0889,0.00,0.00,0.00,6.01,86792.8,0,0.00,0.00,2
10736,0.051,0.049,1.000,-0.000,-0.000,0.000,-13.000,19.000,44.000,0.9946,0.0476,-0.0218,-0.0892,0.00,0.00,0.00,6.01,86792.8,0,0.00,0.00,2
10756,0.051,0.049,1.000,-0.000,-0.000,0.000,-13.000,19.000,44.000,0.9946,0.0476,-0.0218,-0.0895,0.00,0.00,0.00,6.00,86792.8,0,0.00,0.00,2
10776,0.051,0.049,1.000,-0.000,-0.000,0.000,-13.000,19.000,44.000,0.9946,0.0476,-0.0218,-0.0898,0.00,0.00,0.00,6.00,86792.8,0,0.00,0.00,2
10796,0.051,0.049,1.000,-0.000,-0.000,0.000,-13.000,19.000,44.000,0.9946,0.0475,-0.0218,-0.0900,0.00,0.00,0.00,5.99,86792.8,0,0.00,0.00,2
10816,0.051,0.049,1.000,-0.000,-0.000,0.000,-13.000,19.000,44.000,0.9945,0.0475,-0.0218,-0.0903,0.00,0.00,0.00,5.99,86792.8,0,0.00,0.00,2
10836,0.051,0.049,1.000,-0.000,-0.000,0.000,-13.000,19.000,44.000,0.9945,0.0474,-0.0219,-0.0906,0.00,0.00,0.00,5.99,86792.8,0,0.00,0.00,2
10856,0.051,0.049,1.000,-0.000,-0.000,0.000,-13.000,19.000,44.000,0.9945,0.0474,-0.0219,-0.0909,0.00,0.00,0.00,5.98,86792.8,0,0.00,0.00,2
10876,0.051,0.049,1.000,-0.000,-0.000,0.000,-13.000,19.000,44.000,0.9945,0.0473,-0.0219,-0.0912,0.00,0.00,0.00,5.98,86792.8,0,0.00,0.00,2
10896,0.051,0.049,1.000,-0.000,-0.000,0.000,-13.000,19.000,44.000,0.9944,0.0473,-0.0219,-0.0915,0.00,0.00,0.00,5.98,86792.8,0,0.00,0.00,2
10916,0.051,0.049,1.000,-0.000,-0.000,0.000,-13.000,19.000,44.000,0.9944,0.0473,-0.0219,-0.0917,0.00,0.00,0.00,5.97,86792.8,0,0.00,0.00,2
10936,0.051,0.049,1.000,-0.000,-0.000,0.000,-13.000,19.000,44.000,0.9944,0.0472,-0.0219,-0.0920,0.00,0.00,0.00,5.97,86792.8,0,0.00,0.00,2
10956,0.051,0.049,1.000,-0.000,-0.000,0.000,-13.000,19.000,44.000,0.9944,0.0472,-0.0219,-0.0923,0.00,0.00,0.00,5.96,86792.8,0,0.00,0.00,2
10976,0.051,0.049,1.000,-0.000,-0.000,0.000,-13.000,19.000,44.000,0.9943,0.0471,-0.0219,-0.0926,0.00,0.00,0.00,5.96,86792.8,0,0.00,0.00,2
10996,0.051,0.049,1.000,-0.000,-0.000,0.000,-13.000,19.000,44.000,0.9943,0.0471,-0.0220,-0.0929,0.00,0.00,0.00,5.96,86792.8,0,0.00,0.00,2
11016,0.051,0.049,1.000,-0.000,-0.000,0.000,-13.000,19.000,44.000,0.9943,0.0470,-0.0220,-0.0931,0.00,0.00,0.00,5.95,86792.8,0,0.00,0.00,2
11036,0.051,0.049,1.000,-0.000,-0.000,0.000,-13.000,19.000,44.000,0.9943,0.0470,-0.0220,-0.0934,0.00,0.00,0.00,5.95,86792.8,0,0.00,0.00,2
11056,0.051,0.049,1.000,-0.000,-0.000,0.000,-13.000,19.000,44.000,0.9942,0.0470,-0.0220,-0.0937,0.00,0.00,0.00,5.94,86792.8,0,0.00,0.00,2
11076,0.051,0.049,1.000,-0.000,-0.000,0.000,-13.000,19.000,44.000,0.9942,0.0469,-0.0220,-0.0940,0.00,0.00,0.00,5.94,86792.8,0,0.00,0.00,2
11096,0.051,0.049,1.000,-0.000,-0.000,0.000,-13.000,19.000,44.000,0.9942,0.0469,-0.0220,-0.0943,0.00,0.00,0.00,5.94,86792.8,0,0.00,0.00,2
11116,0.051,0.049,1.000,-0.000,-0.000,0.000,-13.000,19.000,44.000,0.9942,0.0468,-0.0220,-0.0946,0.00,0.00,0.00,5.93,86792.8,0,0.00,0.00,2
11136,0.051,0.049,1.000,-0.000,-0.000,0.000,-13.000,19.000,44.000,0.9941,0.0468,-0.0220,-0.0948,0.00,0.00,0.00,5.93,86792.8,0,0.00,0.00,2
11156,0.051,0.049,1.000,-0.000,-0.000,0.000,-13.000,19.000,44.000,0.9941,0.0467,-0.0221,-0.0951,0.00,0.00,0.00,5.92,86792.8,0,0.00,0.00,2
11176,0.051,0.049,1.000,-0.000,-0.000,0.000,-13.000,19.000,44.000,0.9941,0.0467,-0.0221,-0.0954,0.00,0.00,0.00,5.92,86792.8,0,0.00,0.00,2
11196,0.051,0.049,1.000,-0.000,-0.000,0.000,-13.000,19.000,44.000,0.9941,0.0466,-0.0221,-0.0957,0.00,0.00,0.00,5.92,86792.8,0,0.00,0.00,2
11216,0.051,0.049,1.000,-0.000,-0.000,0.000,-13.000,19.000,44.000,0.9940,0.0466,-0.0221,-0.0960,0.00,0.00,0.00,5.91,86792.8,0,0.00,0.00,2
11236,0.051,0.049,1.000,-0.000,-0.000,0.000,-13.000,19.000,44.000,0.9940,0.0466,-0.0221,-0.0962,0.00,0.00,0.00,5.91,86792.8,0,0.00,0.00,2
11256,0.051,0.049,1.000,-0.000,-0.000,0.000,-13.000,19.000,44.000,0.9940,0.0465,-0.0221,-0.0965,0.00,0.00,0.00,5.90,86792.8,0,0.00,0.00,2
11276,0.051,0.049,1.000,-0.000,-0.000,0.000,-13.000,19.000,44.000,0.9940,0.0465,-0.0221,-0.0968,0.00,0.00,0.00,5.90,86792.8,0,0.00,0.00,2
11296,0.051,0.049,1.000,-0.000,-0.000,0.000,-13.000,19.000,44.000,0.9939,0.0464,-0.0221,-0.0971,0.00,0.00,0.00,5.90,86792.8,0,0.00,0.00,2
11316,0.051,0.049,1.000,-0.000,-0.000,0.000,-13.000,19.000,44.000,0.9939,0.0464,-0.0222,-0.0974,0.00,0.00,0.00,5.89,86792.8,0,0.00,0.00,2
11336,0.051,0.049,1.000,-0.000,-0.000,0.000,-13.000,19.000,44.000,0.9939,0.0463,-0.0222,-0.0976,0.00,0.00,0.00,5.89,86792.8,0,0.00,0.00,2
11356,0.051,0.049,1.000,-0.000,-0.000,0.000,-13.000,19.000,44.000,0.9939,0.0463,-0.0222,-0.0979,0.00,0.00,0.00,5.88,86792.8,0,0.00,0.00,2
11376,0.051,0.049,1.000,-0.000,-0.000,0.000,-13.000,19.000,44.000,0.9938,0.0463,-0.0222,-0.0982,0.00,0.00,0.00,5.88,86792.8,0,0.00,0.00,2
11396,0.051,0.049,1.000,-0.000,-0.000,0.000,-13.000,19.000,44.000,0.9938,0.0462,-0.0222,-0.0985,0.00,0.00,0.00,5.88,86792.8,0,0.00,0.00,2
11416,0.051,0.049,1.000,-0.000,-0.000,0.000,-13.000,19.000,44.000,0.9938,0.0462,-0.0222,-0.0988,0.00,0.00,0.00,5.87,86792.8,0,0.00,0.00,2
11436,0.051,0.049,1.000,-0.000,-0.000,0.000,-13.000,19.000,44.000,0.9938,0.0461,-0.0222,-0.0990,0.00,0.00,0.00,5.87,86792.8,0,0.00,0.00,2
11456,0.051,0.049,1.000,-0.000,-0.000,0.000,-13.000,19.000,44.000,0.9937,0.0461,-0.0222,-0.0993,0.00,0.00,0.00,5.87,86792.8,0,0.00,0.00,2
11476,0.051,0.049,1.000,-0.000,-0.000,0.000,-13.000,19.000,44.000,0.9937,0.0460,-0.0222,-0.0996,0.00,0.00,0.00,5.86,86792.8,0,0.00,0.00,2
11496,0.051,0.049,1.000,-0.000,-0.000,0.000,-13.000,19.000,44.000,0.9937,0.0460,-0.0223,-0.0999,0.00,0.00,0.00,5.86,86792.8,0,0.00,0.00,2
11516,0.051,0.049,1.000,-0.000,-0.000,0.000,-13.000,19.000,44.000,0.9937,0.0459,-0.0223,-0.1002,0.00,0.00,0.00,5.85,86792.8,0,0.00,0.00,2
11536,0.051,0.049,1.000,-0.000,-0.000,0.000,-13.000,19.000,44.000,0.9936,0.0459,-0.0223,-0.1004,0.00,0.00,0.00,5.85,86792.8,0,0.00,0.00,2
11556,0.051,0.049,1.000,-0.000,-0.000,0.000,-13.000,19.000,44.000,0.9936,0.0459,-0.0223,-0.1007,0.00,0.00,0.00,5.85,86792.8,0,0.00,0.00,2
11576,0.051,0.049,1.000,-0.000,-0.000,0.000,-13.000,19.000,44.000,0.9936,0.0458,-0.0223,-0.1010,0.00,0.00,0.00,5.84,86792.8,0,0.00,0.00,2
11596,0.051,0.049,1.000,-0.000,-0.000,0.000,-13.000,19.000,44.000,0.9936,0.0458,-0.0223,-0.1013,0.00,0.00,0.00,5.84,86792.8,0,0.00,0.00,2
11616,0.051,0.049,1.000,-0.000,-0.000,0.000,-13.000,19.000,44.000,0.9935,0.0457,-0.0223,-0.1016,0.00,0.00,0.00,5.83,86792.8,0,0.00,0.00,2
11636,0.051,0.049,1.000,-0.000,-0.000,0.000,-13.000,19.000,44.000,0.9935,0.0457,-0.0223,-0.1018,0.00,0.00,0.00,5.83,86792.8,0,0.00,0.00,2
11656,0.051,0.049,1.000,-0.000,-0.000,0.000,-13.000,19.000,44.000,0.9935,0.0456,-0.0224,-0.1021,0.00,0.00,0.00,5.83,86792.8,0,0.00,0.00,2
11676,0.051,0.049,1.000,-0.000,-0.000,0.000,-13.000,19.000,44.000,0.9934,0.0456,-0.0224,-0.1024,0.00,0.00,0.00,5.82,86792.8,0,0.00,0.00,2
11696,0.051,0.049,1.000,-0.000,-0.000,0.000,-13.000,19.000,44.000,0.9934,0.0456,-0.0224,-0.1027,0.00,0.00,0.00,5.82,86792.8,0,0.00,0.00,2
11716,0.051,0.049,1.000,-0.000,-0.000,0.000,-13.000,19.000,44.000,0.9934,0.0455,-0.0224,-0.1030,0.00,0.00,0.00,5.81,86792.8,0,0.00,0.00,2
11736,0.051,0.049,1.000,-0.000,-0.000,0.000,-13.000,19.000,44.000,0.9934,0.0455,-0.0224,-0.1032,0.00,0.00,0.00,5.81,86792.8,0,0.00,0.00,2
11756,0.051,0.049,1.000,-0.000,-0.000,0.000,-13.000,19.000,44.000,0.9933,0.0454,-0.0224,-0.1035,0.00,0.00,0.00,5.81,86792.8,0,0.00,0.00,2
11776,0.051,0.049,1.000,-0.000,-0.000,0.000,-13.000,19.000,44.000,0.9933,0.0454,-0.0224,-0.1038,0.00,0.00,0.00,5.80,86792.8,0,0.00,0.00,2
11796,0.051,0.049,1.000,-0.000,-0.000,0.000,-13.000,19.000,44.000,0.9933,0.0453,-0.0224,-0.1041,0.00,0.00,0.00,5.80,86792.8,0,0.00,0.00,2
11816,0.051,0.049,1.000,-0.000,-0.000,0.000,-13.000,19.000,44.000,0.9933,0.0453,-0.0225,-0.1043,0.00,0.00,0.00,5.80,86792.8,0,0.00,0.00,2
11836,0.051,0.049,1.000,-0.000,-0.000,0.000,-13.000,19.000,44.000,0.9932,0.0453,-0.0225,-0.1046,0.00,0.00,0.00,5.79,86792.8,0,0.00,0.00,2
11856,0.051,0.049,1.000,-0.000,-0.000,0.000,-13.000,19.000,44.000,0.9932,0.0452,-0.0225,-0.1049,0.00,0.00,0.00,5.79,86792.8,0,0.00,0.00,2
11876,0.051,0.049,1.000,-0.000,-0.000,0.000,-13.000,19.000,44.000,0.9932,0.0452,-0.0225,-0.1052,0.00,0.00,0.00,5.78,86792.8,0,0.00,0.00,2
11896,0.051,0.049,1.000,-0.000,-0.000,0.000,-13.000,19.000,44.000,0.9931,0.0451,-0.0225,-0.1055,0.00,0.00,0.00,5.78,86792.8,0,0.00,0.00,2
11916,0.051,0.049,1.000,-0.000,-0.000,0.000,-13.000,19.000,44.000,0.9931,0.0451,-0.0225,-0.1057,0.00,0.00,0.00,5.78,86792.8,0,0.00,0.00,2
11936,0.051,0.049,1.000,-0.000,-0.000,0.000,-13.000,19.000,44.000,0.9931,0.0450,-0.0225,-0.1060,0.00,0.00,0.00,5.77,86792.8,0,0.00,0.00,2
11956,0.051,0.049,1.000,-0.000,-0.000,0.000,-13.000,19.000,44.000,0.9931,0.0450,-0.0225,-0.1063,0.00,0.00,0.00,5.77,86792.8,0,0.00,0.00,2
11976,0.051,0.049,1.000,-0.000,-0.000,0.000,-13.000,19.000,44.000,0.9930,0.0449,-0.0225,-0.1066,0.00,0.00,0.00,5.76,86792.8,0,0.00,0.00,2
11996,0.051,0.049,1.000,-0.000,-0.000,0.000,-13.000,19.000,44.000,0.9930,0.0449,-0.0226,-0.1068,0.00,0.00,0.00,5.76,86792.8,0,0.00,0.00,2
12016,0.051,0.049,1.000,-0.000,-0.000,0.000,-13.000,19.000,44.000,0.9930,0.0449,-0.0226,-0.1071,0.00,0.00,0.00,5.76,86792.8,0,0.00,0.00,2
12036,0.051,0.049,1.000,-0.000,-0.000,0.000,-13.000,19.000,44.000,0.9929,0.0448,-0.0226,-0.1074,0.00,0.00,0.00,5.75,86792.8,0,0.00,0.00,2
12056,0.051,0.049,1.000,-0.000,-0.000,0.000,-13.000,19.000,44.000,0.9929,0.0448,-0.0226,-0.1077,0.00,0.00,0.00,5.75,86792.8,0,0.00,0.00,2
12076,0.051,0.049,1.000,-0.000,-0.000,0.000,-13.000,19.000,44.000,0.9929,0.0447,-0.0226,-0.1079,0.00,0.00,0.00,5.75,86792.8,0,0.00,0.00,2
12096,0.051,0.049,1.000,-0.000,-0.000,0.000,-13.000,19.000,44.000,0.9929,0.0447,-0.0226,-0.1082,0.00,0.00,0.00,5.74,86792.8,0,0.00,0.00,2
12116,0.051,0.049,1.000,-0.000,-0.000,0.000,-13.000,19.000,44.000,0.9928,0.0446,-0.0226,-0.1085,0.00,0.00,0.00,5.74,86792.8,0,0.00,0.00,2
12136,0.051,0.049,1.000,-0.000,-0.000,0.000,-13.000,19.000,44.000,0.9928,0.0446,-0.0226,-0.1088,0.00,0.00,0.00,5.73,86792.8,0,0.00,0.00,2
12156,0.051,0.049,1.000,-0.000,-0.000,0.000,-13.000,19.000,44.000,0.9928,0.0446,-0.0227,-0.1090,0.00,0.00,0.00,5.73,86792.8,0,0.00,0.00,2
12176,0.051,0.049,1.000,-0.000,-0.000,0.000,-13.000,19.000,44.000,0.9928,0.0445,-0.0227,-0.1093,0.00,0.00,0.00,5.73,86792.8,0,0.00,0.00,2
12196,0.051,0.049,1.000,-0.000,-0.000,0.000,-13.000,19.000,44.000,0.9927,0.0445,-0.0227,-0.1096,0.00,0.00,0.00,5.72,86792.8,0,0.00,0.00,2
12216,0.051,0.049,1.000,-0.000,-0.000,0.000,-13.000,19.000,44.000,0.9927,0.0444,-0.0227,-0.1099,0.00,0.00,0.00,5.72,86792.8,0,0.00,0.00,2
12236,0.051,0.049,1.000,-0.000,-0.000,0.000,-13.000,19.000,44.000,0.9927,0.0444,-0.0227,-0.1101,0.00,0.00,0.00,5.72,86792.8,0,0.00,0.00,2
12256,0.051,0.049,1.000,-0.000,-0.000,0.000,-13.000,19.000,44.000,0.9926,0.0443,-0.0227,-0.1104,0.00,0.00,0.00,5.71,86792.8,0,0.00,0.00,2
12276,0.051,0.049,1.000,-0.000,-0.000,0.000,-13.000,19.000,44.000,0.9926,0.0443,-0.0227,-0.1107,0.00,0.00,0.00,5.71,86792.8,0,0.00,0.00,2
12296,0.051,0.049,1.000,-0.000,-0.000,0.000,-13.000,19.000,44.000,0.9926,0.0443,-0.0227,-0.1110,0.00,0.00,0.00,5.70,86792.8,0,0.00,0.00,2
12316,0.051,0.049,1.000,-0.000,-0.000,0.000,-13.000,19.000,44.000,0.9925,0.0442,-0.0227,-0.1113,0.00,0.00,0.00,5.70,86792.8,0,0.00,0.00,2
12336,0.051,0.049,1.000,-0.000,-0.000,0.000,-13.000,19.000,44.000,0.9925,0.0442,-0.0228,-0.1115,0.00,0.00,0.00,5.70,86792.8,0,0.00,0.00,2
12356,0.051,0.049,1.000,-0.000,-0.000,0.000,-13.000,19.000,44.000,0.9925,0.0441,-0.0228,-0.1118,0.00,0.00,0.00,5.69,86792.8,0,0.00,0.00,2
12376,0.051,0.049,1.000,-0.000,-0.000,0.000,-13.000,19.000,44.000,0.9925,0.0441,-0.0228,-0.1121,0.00,0.00,0.00,5.69,86792.8,0,0.00,0.00,2
12396,0.051,0.049,1.000,-0.000,-0.000,0.000,-13.000,19.000,44.000,0.9924,0.0440,-0.0228,-0.1123,0.00,0.00,0.00,5.68,86792.8,0,0.00,0.00,2
12416,0.051,0.049,1.000,-0.000,-0.000,0.000,-13.000,19.000,44.000,0.9924,0.0440,-0.0228,-0.1126,0.00,0.00,0.00,5.68,86792.8,0,0.00,0.00,2
12436,0.051,0.049,1.000,-0.000,-0.000,0.000,-13.000,19.000,44.000,0.9924,0.0440,-0.0228,-0.1129,0.00,0.00,0.00,5.68,86792.8,0,0.00,0.00,2
12456,0.051,0.049,1.000,-0.000,-0.000,0.000,-13.000,19.000,44.000,0.9923,0.0439,-0.0228,-0.1132,0.00,0.00,0.00,5.67,86792.8,0,0.00,0.00,2
12476,0.051,0.049,1.000,-0.000,-0.000,0.000,-13.000,19.000,44.000,0.9923,0.0439,-0.0228,-0.1134,0.00,0.00,0.00,5.67,86792.8,0,0.00,0.00,2
12496,0.051,0.049,1.000,-0.000,-0.000,0.000,-13.000,19.000,44.000,0.9923,0.0438,-0.0229,-0.1137,0.00,0.00,0.00,5.67,86792.8,0,0.00,0.00,2
12516,0.051,0.049,1.000,-0.000,-0.000,0.000,-13.000,19.000,44.000,0.9923,0.0438,-0.0229,-0.1140,0.00,0.00,0.00,5.66,86792.8,0,0.00,0.00,2
12536,0.051,0.049,1.000,-0.000,-0.000,0.000,-13.000,19.000,44.000,0.9922,0.0437,-0.0229,-0.1143,0.00,0.00,0.00,5.66,86792.8,0,0.00,0.00,2
12556,0.051,0.049,1.000,-0.000,-0.000,0.000,-13.000,19.000,44.000,0.9922,0.0437,-0.0229,-0.1145,0.00,0.00,0.00,5.65,86792.8,0,0.00,0.00,2
12576,0.051,0.049,1.000,-0.000,-0.000,0.000,-13.000,19.000,44.000,0.9922,0.0437,-0.0229,-0.1148,0.00,0.00,0.00,5.65,86792.8,0,0.00,0.00,2
12596,0.051,0.049,1.000,-0.000,-0.000,0.000,-13.000,19.000,44.000,0.9921,0.0436,-0.0229,-0.1151,0.00,0.00,0.00,5.65,86792.8,0,0.00,0.00,2
12616,0.051,0.049,1.000,-0.000,-0.000,0.000,-13.000,19.000,44.000,0.9921,0.0436,-0.0229,-0.1154,0.00,0.00,0.00,5.64,86792.8,0,0.00,0.00,2
12636,0.051,0.049,1.000,-0.000,-0.000,0.000,-13.000,19.000,44.000,0.9921,0.0435,-0.0229,-0.1156,0.00,0.00,0.00,5.64,86792.8,0,0.00,0.00,2
12656,0.051,0.049,1.000,-0.000,-0.000,0.000,-13.000,19.000,44.000,0.9920,0.0435,-0.0229,-0.1159,0.00,0.00,0.00,5.64,86792.8,0,0.00,0.00,2
12676,0.051,0.049,1.000,-0.000,-0.000,0.000,-13.000,19.000,44.000,0.9920,0.0434,-0.0230,-0.1162,0.00,0.00,0.00,5.63,86792.8,0,0.00,0.00,2
12696,0.051,0.049,1.000,-0.000,-0.000,0.000,-13.000,19.000,44.000,0.9920,0.0434,-0.0230,-0.1165,0.00,0.00,0.00,5.63,86792.8,0,0.00,0.00,2
12716,0.051,0.049,1.000,-0.000,-0.000,0.000,-13.000,19.000,44.000,0.9920,0.0434,-0.0230,-0.1167,0.00,0.00,0.00,5.62,86792.8,0,0.00,0.00,2
12736,0.051,0.049,1.000,-0.000,-0.000,0.000,-13.000,19.000,44.000,0.9919,0.0433,-0.0230,-0.1170,0.00,0.00,0.00,5.62,86792.8,0,0.00,0.00,2
12756,0.051,0.049,1.000,-0.000,-0.000,0.000,-13.000,19.000,44.000,0.9919,0.0433,-0.0230,-0.1173,0.00,0.00,0.00,5.62,86792.8,0,0.00,0.00,2
12776,0.051,0.049,1.000,-0.000,-0.000,0.000,-13.000,19.000,44.000,0.9919,0.0432,-0.0230,-0.1175,0.00,0.00,0.00,5.61,86792.8,0,0.00,0.00,2
12796,0.051,0.049,1.000,-0.000,-0.000,0.000,-13.000,19.000,44.000,0.9918,0.0432,-0.0230,-0.1178,0.00,0.00,0.00,5.61,86792.8,0,0.00,0.00,2
12816,0.051,0.049,1.000,-0.000,-0.000,0.000,-13.000,19.000,44.000,0.9918,0.0431,-0.0230,-0.1181,0.00,0.00,0.00,5.61,86792.8,0,0.00,0.00,2
12836,0.051,0.049,1.000,-0.000,-0.000,0.000,-13.000,19.000,44.000,0.9918,0.0431,-0.0230,-0.1184,0.00,0.00,0.00,5.60,86792.8,0,0.00,0.00,2
12856,0.051,0.049,1.000,-0.000,-0.000,0.000,-13.000,19.000,44.000,0.9917,0.0431,-0.0231,-0.1186,0.00,0.00,0.00,5.60,86792.8,0,0.00,0.00,2
12876,0.051,0.049,1.000,-0.000,-0.000,0.000,-13.000,19.000,44.000,0.9917,0.0430,-0.0231,-0.1189,0.00,0.00,0.00,5.60,86792.8,0,0.00,0.00,2
12896,0.051,0.049,1.000,-0.000,-0.000,0.000,-13.000,19.000,44.000,0.9917,0.0430,-0.0231,-0.1192,0.00,0.00,0.00,5.59,86792.8,0,0.00,0.00,2
12916,0.051,0.049,1.000,-0.000,-0.000,0.000,-13.000,19.000,44.000,0.9916,0.0429,-0.0231,-0.1194,0.00,0.00,0.00,5.59,86792.8,0,0.00,0.00,2
12936,0.051,0.049,1.000,-0.000,-0.000,0.000,-13.000,19.000,44.000,0.9916,0.0429,-0.0231,-0.1197,0.00,0.00,0.00,5.58,86792.8,0,0.00,0.00,2
12956,0.051,0.049,1.000,-0.000,-0.000,0.000,-13.000,19.000,44.000,0.9916,0.0428,-0.0231,-0.1200,0.00,0.00,0.00,5.58,86792.8,0,0.00,0.00,2
12976,0.051,0.049,1.000,-0.000,-0.000,0.000,-13.000,19.000,44.000,0.9916,0.0428,-0.0231,-0.1203,0.00,0.00,0.00,5.58,86792.8,0,0.00,0.00,2
12996,0.051,0.049,1.000,-0.000,-0.000,0.000,-13.000,19.000,44.000,0.9915,0.0428,-0.0231,-0.1205,0.00,0.00,0.00,5.57,86792.8,0,0.00,0.00,2
13016,0.051,0.049,1.000,-0.000,-0.000,0.000,-13.000,19.000,44.000,0.9915,0.0427,-0.0232,-0.1208,0.00,0.00,0.00,5.57,86792.8,0,0.00,0.00,2
13036,0.051,0.049,1.000,-0.000,-0.000,0.000,-13.000,19.000,44.000,0.9915,0.0427,-0.0232,-0.1211,0.00,0.00,0.00,5.57,86792.8,0,0.00,0.00,2
13056,0.051,0.049,1.000,-0.000,-0.000,0.000,-13.000,19.000,44.000,0.9914,0.0426,-0.0232,-0.1213,0.00,0.00,0.00,5.56,86792.8,0,0.00,0.00,2
13076,0.051,0.049,1.000,-0.000,-0.000,0.000,-13.000,19.000,44.000,0.9914,0.0426,-0.0232,-0.1216,0.00,0.00,0.00,5.56,86792.8,0,0.00,0.00,2
13096,0.051,0.049,1.000,-0.000,-0.000,0.000,-13.000,19.000,44.000,0.9914,0.0425,-0.0232,-0.1219,0.00,0.00,0.00,5.55,86792.8,0,0.00,0.00,2
13116,0.051,0.049,1.000,-0.000,-0.000,0.000,-13.000,19.000,44.000,0.9913,0.0425,-0.0232,-0.1221,0.00,0.00,0.00,5.55,86792.8,0,0.00,0.00,2
13136,0.051,0.049,1.000,-0.000,-0.000,0.000,-13.000,19.000,44.000,0.9913,0.0425,-0.0232,-0.1224,0.00,0.00,0.00,5.55,86792.8,0,0.00,0.00,2
13156,0.051,0.049,1.000,-0.000,-0.000,0.000,-13.000,19.000,44.000,0.9913,0.0424,-0.0232,-0.1227,0.00,0.00,0.00,5.54,86792.8,0,0.00,0.00,2
13176,0.051,0.049,1.000,-0.000,-0.000,0.000,-13.000,19.000,44.000,0.9912,0.0424,-0.0232,-0.1230,0.00,0.00,0.00,5.54,86792.8,0,0.00,0.00,2
13196,0.051,0.049,1.000,-0.000,-0.000,0.000,-13.000,19.000,44.000,0.9912,0.0423,-0.0233,-0.1232,0.00,0.00,0.00,5.54,86792.8,0,0.00,0.00,2
13216,0.051,0.049,1.000,-0.000,-0.000,0.000,-13.000,19.000,44.000,0.9912,0.0423,-0.0233,-0.1235,0.00,0.00,0.00,5.53,86792.8,0,0.00,0.00,2
13236,0.051,0.049,1.000,-0.000,-0.000,0.000,-13.000,19.000,44.000,0.9911,0.0422,-0.0233,-0.1238,0.00,0.00,0.00,5.53,86792.8,0,0.00,0.00,2
13256,0.051,0.049,1.000,-0.000,-0.000,0.000,-13.000,19.000,44.000,0.9911,0.0422,-0.0233,-0.1240,0.00,0.00,0.00,5.53,86792.8,0,0.00,0.00,2
13276,0.051,0.049,1.000,-0.000,-0.000,0.000,-13.000,19.000,44.000,0.9911,0.0422,-0.0233,-0.1243,0.00,0.00,0.00,5.52,86792.8,0,0.00,0.00,2
13296,0.051,0.049,1.000,-0.000,-0.000,0.000,-13.000,19.000,44.000,0.9910,0.0421,-0.0233,-0.1246,0.00,0.00,0.00,5.52,86792.8,0,0.00,0.00,2
13316,0.051,0.049,1.000,-0.000,-0.000,0.000,-13.000,19.000,44.000,0.9910,0.0421,-0.0233,-0.1248,0.00,0.00,0.00,5.51,86792.8,0,0.00,0.00,2
13336,0.051,0.049,1.000,-0.000,-0.000,0.000,-13.000,19.000,44.000,0.9910,0.0420,-0.0233,-0.1251,0.00,0.00,0.00,5.51,86792.8,0,0.00,0.00,2
13356,0.051,0.049,1.000,-0.000,-0.000,0.000,-13.000,19.000,44.000,0.9909,0.0420,-0.0234,-0.1254,0.00,0.00,0.00,5.51,86792.8,0,0.00,0.00,2
13376,0.051,0.049,1.000,-0.000,-0.000,0.000,-13.000,19.000,44.000,0.9909,0.0419,-0.0234,-0.1256,0.00,0.00,0.00,5.50,86792.8,0,0.00,0.00,2
13396,0.051,0.049,1.000,-0.000,-0.000,0.000,-13.000,19.000,44.000,0.9909,0.0419,-0.0234,-0.1259,0.00,0.00,0.00,5.50,86792.8,0,0.00,0.00,2
13416,0.051,0.049,1.000,-0.000,-0.000,0.000,-13.000,19.000,44.000,0.9908,0.0419,-0.0234,-0.1262,0.00,0.00,0.00,5.50,86792.8,0,0.00,0.00,2
13436,0.051,0.049,1.000,-0.000,-0.000,0.000,-13.000,19.000,44.000,0.9908,0.0418,-0.0234,-0.1264,0.00,0.00,0.00,5.49,86792.8,0,0.00,0.00,2
13456,0.051,0.049,1.000,-0.000,-0.000,0.000,-13.000,19.000,44.000,0.9908,0.0418,-0.0234,-0.1267,0.00,0.00,0.00,5.49,86792.8,0,0.00,0.00,2
13476,0.051,0.049,1.000,-0.000,-0.000,0.000,-13.000,19.000,44.000,0.9908,0.0417,-0.0234,-0.1270,0.00,0.00,0.00,5.49,86792.8,0,0.00,0.00,2
13496,0.051,0.049,1.000,-0.000,-0.000,0.000,-13.000,19.000,44.000,0.9907,0.0417,-0.0234,-0.1272,0.00,0.00,0.00,5.48,86792.8,0,0.00,0.00,2
13516,0.051,0.049,1.000,-0.000,-0.000,0.000,-13.000,19.000,44.000,0.9907,0.0416,-0.0234,-0.1275,0.00,0.00,0.00,5.48,86792.8,0,0.00,0.00,2
13536,0.051,0.049,1.000,-0.000,-0.000,0.000,-13.000,19.000,44.000,0.9907,0.0416,-0.0235,-0.1278,0.00,0.00,0.00,5.48,86792.8,0,0.00,0.00,2
13556,0.051,0.049,1.000,-0.000,-0.000,0.000,-13.000,19.000,44.000,0.9906,0.0416,-0.0235,-0.1280,0.00,0.00,0.00,5.47,86792.8,0,0.00,0.00,2
13576,0.051,0.049,1.000,-0.000,-0.000,0.000,-13.000,19.000,44.000,0.9906,0.0415,-0.0235,-0.1283,0.00,0.00,0.00,5.47,86792.8,0,0.00,0.00,2
13596,0.051,0.049,1.000,-0.000,-0.000,0.000,-13.000,19.000,44.000,0.9906,0.0415,-0.0235,-0.1286,0.00,0.00,0.00,5.46,86792.8,0,0.00,0.00,2
13616,0.051,0.049,1.000,-0.000,-0.000,0.000,-13.000,19.000,44.000,0.9905,0.0414,-0.0235,-0.1288,0.00,0.00,0.00,5.46,86792.8,0,0.00,0.00,2
13636,0.051,0.049,1.000,-0.000,-0.000,0.000,-13.000,19.000,44.000,0.9905,0.0414,-0.0235,-0.1291,0.00,0.00,0.00,5.46,86792.8,0,0.00,0.00,2
13656,0.051,0.049,1.000,-0.000,-0.000,0.000,-13.000,19.000,44.000,0.9905,0.0414,-0.0235,-0.1294,0.00,0.00,0.00,5.45,86792.8,0,0.00,0.00,2
13676,0.051,0.049,1.000,-0.000,-0.000,0.000,-13.000,19.000,44.000,0.9904,0.0413,-0.0235,-0.1296,0.00,0.00,0.00,5.45,86792.8,0,0.00,0.00,2
13696,0.051,0.049,1.000,-0.000,-0.000,0.000,-13.000,19.000,44.000,0.9904,0.0413,-0.0235,-0.1299,0.00,0.00,0.00,5.45,86792.8,0,0.00,0.00,2
13716,0.051,0.049,1.000,-0.000,-0.000,0.000,-13.000,19.000,44.000,0.9904,0.0412,-0.0236,-0.1302,0.00,0.00,0.00,5.44,86792.8,0,0.00,0.00,2
13736,0.051,0.049,1.000,-0.000,-0.000,0.000,-13.000,19.000,44.000,0.9903,0.0412,-0.0236,-0.1304,0.00,0.00,0.00,5.44,86792.8,0,0.00,0.00,2
13756,0.051,0.049,1.000,-0.000,-0.000,0.000,-13.000,19.000,44.000,0.9903,0.0411,-0.0236,-0.1307,0.00,0.00,0.00,5.44,86792.8,0,0.00,0.00,2
13776,0.051,0.049,1.000,-0.000,-0.000,0.000,-13.000,19.000,44.000,0.9903,0.0411,-0.0236,-0.1310,0.00,0.00,0.00,5.43,86792.8,0,0.00,0.00,2
13796,0.051,0.049,1.000,-0.000,-0.000,0.000,-13.000,19.000,44.000,0.9902,0.0411,-0.0236,-0.1312,0.00,0.00,0.00,5.43,86792.8,0,0.00,0.00,2
13816,0.051,0.049,1.000,-0.000,-0.000,0.000,-13.000,19.000,44.000,0.9902,0.0410,-0.0236,-0.1315,0.00,0.00,0.00,5.43,86792.8,0,0.00,0.00,2
13836,0.051,0.049,1.000,-0.000,-0.000,0.000,-13.000,19.000,44.000,0.9902,0.0410,-0.0236,-0.1318,0.00,0.00,0.00,5.42,86792.8,0,0.00,0.00,2
13856,0.051,0.049,1.000,-0.000,-0.000,0.000,-13.000,19.000,44.000,0.9901,0.0409,-0.0236,-0.1320,0.00,0.00,0.00,5.42,86792.8,0,0.00,0.00,2
13876,0.051,0.049,1.000,-0.000,-0.000,0.000,-13.000,19.000,44.000,0.9901,0.0409,-0.0237,-0.1323,0.00,0.00,0.00,5.41,86792.8,0,0.00,0.00,2
13896,0.051,0.049,1.000,-0.000,-0.000,0.000,-13.000,19.000,44.000,0.9900,0.0408,-0.0237,-0.1326,0.00,0.00,0.00,5.41,86792.8,0,0.00,0.00,2
13916,0.051,0.049,1.000,-0.000,-0.000,0.000,-13.000,19.000,44.000,0.9900,0.0408,-0.0237,-0.1328,0.00,0.00,0.00,5.41,86792.8,0,0.00,0.00,2
13936,0.051,0.049,1.000,-0.000,-0.000,0.000,-13.000,19.000,44.000,0.9900,0.0408,-0.0237,-0.1331,0.00,0.00,0.00,5.40,86792.8,0,0.00,0.00,2
13956,0.051,0.049,1.000,-0.000,-0.000,0.000,-13.000,19.000,44.000,0.9899,0.0407,-0.0237,-0.1334,0.00,0.00,0.00,5.40,86792.8,0,0.00,0.00,2
13976,0.051,0.049,1.000,-0.000,-0.000,0.000,-13.000,19.000,44.000,0.9899,0.0407,-0.0237,-0.1336,0.00,0.00,0.00,5.40,86792.8,0,0.00,0.00,2
13996,0.051,0.049,1.000,-0.000,-0.000,0.000,-13.000,19.000,44.000,0.9899,0.0406,-0.0237,-0.1339,0.00,0.00,0.00,5.39,86792.8,0,0.00,0.00,2
14016,0.051,0.049,1.000,-0.000,-0.000,0.000,-13.000,19.000,44.000,0.9898,0.0406,-0.0237,-0.1341,0.00,0.00,0.00,5.39,86792.8,0,0.00,0.00,2
14036,0.051,0.049,1.000,-0.000,-0.000,0.000,-13.000,19.000,44.000,0.9898,0.0406,-0.0237,-0.1344,0.00,0.00,0.00,5.39,86792.8,0,0.00,0.00,2
14056,0.051,0.049,1.000,-0.000,-0.000,0.000,-13.000,19.000,44.000,0.9898,0.0405,-0.0238,-0.1347,0.00,0.00,0.00,5.38,86792.8,0,0.00,0.00,2
14076,0.051,0.049,1.000,-0.000,-0.000,0.000,-13.000,19.000,44.000,0.9897,0.0405,-0.0238,-0.1349,0.00,0.00,0.00,5.38,86792.8,0,0.00,0.00,2
14096,0.051,0.049,1.000,-0.000,-0.000,0.000,-13.000,19.000,44.000,0.9897,0.0404,-0.0238,-0.1352,0.00,0.00,0.00,5.38,86792.8,0,0.00,0.00,2
14116,0.051,0.049,1.000,-0.000,-0.000,0.000,-13.000,19.000,44.000,0.9897,0.0404,-0.0238,-0.1355,0.00,0.00,0.00,5.37,86792.8,0,0.00,0.00,2
14136,0.051,0.049,1.000,-0.000,-0.000,0.000,-13.000,19.000,44.000,0.9896,0.0403,-0.0238,-0.1357,0.00,0.00,0.00,5.37,86792.8,0,0.00,0.00,2
14156,0.051,0.049,1.000,-0.000,-0.000,0.000,-13.000,19.000,44.000,0.9896,0.0403,-0.0238,-0.1360,0.00,0.00,0.00,5.37,86792.8,0,0.00,0.00,2
14176,0.051,0.049,1.000,-0.000,-0.000,0.000,-13.000,19.000,44.000,0.9896,0.0403,-0.0238,-0.1362,0.00,0.00,0.00,5.36,86792.8,0,0.00,0.00,2
14196,0.051,0.049,1.000,-0.000,-0.000,0.000,-13.000,19.000,44.000,0.9895,0.0402,-0.0238,-0.1365,0.00,0.00,0.00,5.36,86792.8,0,0.00,0.00,2
14216,0.051,0.049,1.000,-0.000,-0.000,0.000,-13.000,19.000,44.000,0.9895,0.0402,-0.0238,-0.1368,0.00,0.00,0.00,5.36,86792.8,0,0.00,0.00,2
14236,0.051,0.049,1.000,-0.000,-0.000,0.000,-13.000,19.000,44.000,0.9895,0.0401,-0.0239,-0.1370,0.00,0.00,0.00,5.35,86792.8,0,0.00,0.00,2
14256,0.051,0.049,1.000,-0.000,-0.000,0.000,-13.000,19.000,44.000,0.9894,0.0401,-0.0239,-0.1373,0.00,0.00,0.00,5.35,86792.8,0,0.00,0.00,2
14276,0.051,0.049,1.000,-0.000,-0.000,0.000,-13.000,19.000,44.000,0.9894,0.0401,-0.0239,-0.1376,0.00,0.00,0.00,5.35,86792.8,0,0.00,0.00,2
14296,0.051,0.049,1.000,-0.000,-0.000,0.000,-13.000,19.000,44.000,0.9894,0.0400,-0.0239,-0.1378,0.00,0.00,0.00,5.34,86792.8,0,0.00,0.00,2
14316,0.051,0.049,1.000,-0.000,-0.000,0.000,-13.000,19.000,44.000,0.9893,0.0400,-0.0239,-0.1381,0.00,0.00,0.00,5.34,86792.8,0,0.00,0.00,2
14336,0.051,0.049,1.000,-0.000,-0.000,0.000,-13.000,19.000,44.000,0.9893,0.0399,-0.0239,-0.1383,0.00,0.00,0.00,5.34,86792.8,0,0.00,0.00,2
14356,0.051,0.049,1.000,-0.000,-0.000,0.000,-13.000,19.000,44.000,0.9893,0.0399,-0.0239,-0.1386,0.00,0.00,0.00,5.33,86792.8,0,0.00,0.00,2
14376,0.051,0.049,1.000,-0.000,-0.000,0.000,-13.000,19.000,44.000,0.9892,0.0398,-0.0239,-0.1389,0.00,0.00,0.00,5.33,86792.8,0,0.00,0.00,2
14396,0.051,0.049,1.000,-0.000,-0.000,0.000,-13.000,19.000,44.000,0.9892,0.0398,-0.0240,-0.1391,0.00,0.00,0.00,5.32,86792.8,0,0.00,0.00,2
14416,0.051,0.049,1.000,-0.000,-0.000,0.000,-13.000,19.000,44.000,0.9891,0.0398,-0.0240,-0.1394,0.00,0.00,0.00,5.32,86792.8,0,0.00,0.00,2
14436,0.051,0.049,1.000,-0.000,-0.000,0.000,-13.000,19.000,44.000,0.9891,0.0397,-0.0240,-0.1396,0.00,0.00,0.00,5.32,86792.8,0,0.00,0.00,2
14456,0.051,0.049,1.000,-0.000,-0.000,0.000,-13.000,19.000,44.000,0.9891,0.0397,-0.0240,-0.1399,0.00,0.00,0.00,5.31,86792.8,0,0.00,0.00,2
14476,0.051,0.049,1.000,-0.000,-0.000,0.000,-13.000,19.000,44.000,0.9890,0.0396,-0.0240,-0.1402,0.00,0.00,0.00,5.31,86792.8,0,0.00,0.00,2
14496,0.051,0.049,1.000,-0.000,-0.000,0.000,-13.000,19.000,44.000,0.9890,0.0396,-0.0240,-0.1404,0.00,0.00,0.00,5.31,86792.8,0,0.00,0.00,2
14516,0.051,0.049,1.000,-0.000,-0.000,0.000,-13.000,19.000,44.000,0.9890,0.0396,-0.0240,-0.1407,0.00,0.00,0.00,5.30,86792.8,0,0.00,0.00,2
14536,0.051,0.049,1.000,-0.000,-0.000,0.000,-13.000,19.000,44.000,0.9889,0.0395,-0.0240,-0.1409,0.00,0.00,0.00,5.30,86792.8,0,0.00,0.00,2
14556,0.051,0.049,1.000,-0.000,-0.000,0.000,-13.000,19.000,44.000,0.9889,0.0395,-0.0240,-0.1412,0.00,0.00,0.00,5.30,86792.8,0,0.00,0.00,2
14576,0.051,0.049,1.000,-0.000,-0.000,0.000,-13.000,19.000,44.000,0.9889,0.0394,-0.0241,-0.1415,0.00,0.00,0.00,5.29,86792.8,0,0.00,0.00,2
14596,0.051,0.049,1.000,-0.000,-0.000,0.000,-13.000,19.000,44.000,0.9888,0.0394,-0.0241,-0.1417,0.00,0.00,0.00,5.29,86792.8,0,0.00,0.00,2
14616,0.051,0.049,1.000,-0.000,-0.000,0.000,-13.000,19.000,44.000,0.9888,0.0393,-0.0241,-0.1420,0.00,0.00,0.00,5.29,86792.8,0,0.00,0.00,2
14636,0.051,0.049,1.000,-0.000,-0.000,0.000,-13.000,19.000,44.000,0.9888,0.0393,-0.0241,-0.1422,0.00,0.00,0.00,5.28,86792.8,0,0.00,0.00,2
14656,0.051,0.049,1.000,-0.000,-0.000,0.000,-13.000,19.000,44.000,0.9887,0.0393,-0.0241,-0.1425,0.00,0.00,0.00,5.28,86792.8,0,0.00,0.00,2
14676,0.051,0.049,1.000,-0.000,-0.000,0.000,-13.000,19.000,44.000,0.9887,0.0392,-0.0241,-0.1428,0.00,0.00,0.00,5.28,86792.8,0,0.00,0.00,2
14696,0.051,0.049,1.000,-0.000,-0.000,0.000,-13.000,19.000,44.000,0.9887,0.0392,-0.0241,-0.1430,0.00,0.00,0.00,5.27,86792.8,0,0.00,0.00,2
14716,0.051,0.049,1.000,-0.000,-0.000,0.000,-13.000,19.000,44.000,0.9886,0.0391,-0.0241,-0.1433,0.00,0.00,0.00,5.27,86792.8,0,0.00,0.00,2
14736,0.051,0.049,1.000,-0.000,-0.000,0.000,-13.000,19.000,44.000,0.9886,0.0391,-0.0241,-0.1435,0.00,0.00,0.00,5.27,86792.8,0,0.00,0.00,2
14756,0.051,0.049,1.000,-0.000,-0.000,0.000,-13.000,19.000,44.000,0.9885,0.0391,-0.0242,-0.1438,0.00,0.00,0.00,5.26,86792.8,0,0.00,0.00,2
14776,0.051,0.049,1.000,-0.000,-0.000,0.000,-13.000,19.000,44.000,0.9885,0.0390,-0.0242,-0.1440,0.00,0.00,0.00,5.26,86792.8,0,0.00,0.00,2
14796,0.051,0.049,1.000,-0.000,-0.000,0.000,-13.000,19.000,44.000,0.9885,0.0390,-0.0242,-0.1443,0.00,0.00,0.00,5.26,86792.8,0,0.00,0.00,2
14816,0.051,0.049,1.000,-0.000,-0.000,0.000,-13.000,19.000,44.000,0.9884,0.0389,-0.0242,-0.1446,0.00,0.00,0.00,5.25,86792.8,0,0.00,0.00,2
14836,0.051,0.049,1.000,-0.000,-0.000,0.000,-13.000,19.000,44.000,0.9884,0.0389,-0.0242,-0.1448,0.00,0.00,0.00,5.25,86792.8,0,0.00,0.00,2
14856,0.051,0.049,1.000,-0.000,-0.000,0.000,-13.000,19.000,44.000,0.9884,0.0389,-0.0242,-0.1451,0.00,0.00,0.00,5.25,86792.8,0,0.00,0.00,2
14876,0.051,0.049,1.000,-0.000,-0.000,0.000,-13.000,19.000,44.000,0.9883,0.0388,-0.0242,-0.1453,0.00,0.00,0.00,5.24,86792.8,0,0.00,0.00,2
14896,0.051,0.049,1.000,-0.000,-0.000,0.000,-13.000,19.000,44.000,0.9883,0.0388,-0.0242,-0.1456,0.00,0.00,0.00,5.24,86792.8,0,0.00,0.00,2
14916,0.051,0.049,1.000,-0.000,-0.000,0.000,-13.000,19.000,44.000,0.9883,0.0387,-0.0242,-0.1458,0.00,0.00,0.00,5.24,86792.8,0,0.00,0.00,2
14936,0.051,0.049,1.000,-0.000,-0.000,0.000,-13.000,19.000,44.000,0.9882,0.0387,-0.0243,-0.1461,0.00,0.00,0.00,5.23,86792.8,0,0.00,0.00,2
14956,0.051,0.049,1.000,-0.000,-0.000,0.000,-13.000,19.000,44.000,0.9882,0.0386,-0.0243,-0.1463,0.00,0.00,0.00,5.23,86792.8,0,0.00,0.00,2
14976,0.051,0.049,1.000,-0.000,-0.000,0.000,-13.000,19.000,44.000,0.9881,0.0386,-0.0243,-0.1466,0.00,0.00,0.00,5.23,86792.8,0,0.00,0.00,2
14996,0.051,0.049,1.000,-0.000,-0.000,0.000,-13.000,19.000,44.000,0.9881,0.0386,-0.0243,-0.1469,0.00,0.00,0.00,5.22,86792.8,0,0.00,0.00,2
15016,0.051,0.049,1.000,-0.000,-0.000,0.000,-13.000,19.000,44.000,0.9881,0.0385,-0.0243,-0.1471,0.00,0.00,0.00,5.22,86792.8,0,0.00,0.00,2
15036,0.051,0.049,1.000,-0.000,-0.000,0.000,-13.000,19.000,44.000,0.9880,0.0385,-0.0243,-0.1474,0.00,0.00,0.00,5.22,86792.8,0,0.00,0.00,2
15056,0.051,0.049,1.000,-0.000,-0.000,0.000,-13.000,19.000,44.000,0.9880,0.0384,-0.0243,-0.1476,0.00,0.00,0.00,5.22,86792.8,0,0.00,0.00,2
15076,0.051,0.049,1.000,-0.000,-0.000,0.000,-13.000,19.000,44.000,0.9880,0.0384,-0.0243,-0.1479,0.00,0.00,0.00,5.21,86792.8,0,0.00,0.00,2
15096,0.051,0.049,1.000,-0.000,-0.000,0.000,-13.000,19.000,44.000,0.9879,0.0384,-0.0244,-0.1481,0.00,0.00,0.00,5.21,86792.8,0,0.00,0.00,2
15116,0.051,0.049,1.000,-0.000,-0.000,0.000,-13.000,19.000,44.000,0.9879,0.0383,-0.0244,-0.1484,0.00,0.00,0.00,5.21,86792.8,0,0.00,0.00,2
15136,0.051,0.049,1.000,-0.000,-0.000,0.000,-13.000,19.000,44.000,0.9878,0.0383,-0.0244,-0.1486,0.00,0.00,0.00,5.20,86792.8,0,0.00,0.00,2
15156,0.051,0.049,1.000,-0.000,-0.000,0.000,-13.000,19.000,44.000,0.9878,0.0382,-0.0244,-0.1489,0.00,0.00,0.00,5.20,86792.8,0,0.00,0.00,2
15176,0.051,0.049,1.000,-0.000,-0.000,0.000,-13.000,19.000,44.000,0.9878,0.0382,-0.0244,-0.1492,0.00,0.00,0.00,5.20,86792.8,0,0.00,0.00,2
15196,0.051,0.049,1.000,-0.000,-0.000,0.000,-13.000,19.000,44.000,0.9877,0.0382,-0.0244,-0.1494,0.00,0.00,0.00,5.19,86792.8,0,0.00,0.00,2
15216,0.051,0.049,1.000,-0.000,-0.000,0.000,-13.000,19.000,44.000,0.9877,0.0381,-0.0244,-0.1497,0.00,0.00,0.00,5.19,86792.8,0,0.00,0.00,2
15236,0.051,0.049,1.000,-0.000,-0.000,0.000,-13.000,19.000,44.000,0.9877,0.0381,-0.0244,-0.1499,0.00,0.00,0.00,5.19,86792.8,0,0.00,0.00,2
15256,0.051,0.049,1.000,-0.000,-0.000,0.000,-13.000,19.000,44.000,0.9876,0.0380,-0.0244,-0.1502,0.00,0.00,0.00,5.18,86792.8,0,0.00,0.00,2
15276,0.051,0.049,1.000,-0.000,-0.000,0.000,-13.000,19.000,44.000,0.9876,0.0380,-0.0245,-0.1504,0.00,0.00,0.00,5.18,86792.8,0,0.00,0.00,2
15296,0.051,0.049,1.000,-0.000,-0.000,0.000,-13.000,19.000,44.000,0.9876,0.0380,-0.0245,-0.1507,0.00,0.00,0.00,5.18,86792.8,0,0.00,0.00,2
15316,0.051,0.049,1.000,-0.000,-0.000,0.000,-13.000,19.000,44.000,0.9875,0.0379,-0.0245,-0.1509,0.00,0.00,0.00,5.17,86792.8,0,0.00,0.00,2
15336,0.051,0.049,1.000,-0.000,-0.000,0.000,-13.000,19.000,44.000,0.9875,0.0379,-0.0245,-0.1512,0.00,0.00,0.00,5.17,86792.8,0,0.00,0.00,2
15356,0.051,0.049,1.000,-0.000,-0.000,0.000,-13.000,19.000,44.000,0.9874,0.0378,-0.0245,-0.1514,0.00,0.00,0.00,5.17,86792.8,0,0.00,0.00,2
15376,0.051,0.049,1.000,-0.000,-0.000,0.000,-13.000,19.000,44.000,0.9874,0.0378,-0.0245,-0.1517,0.00,0.00,0.00,5.16,86792.8,0,0.00,0.00,2
15396,0.051,0.049,1.000,-0.000,-0.000,0.000,-13.000,19.000,44.000,0.9874,0.0378,-0.0245,-0.1519,0.00,0.00,0.00,5.16,86792.8,0,0.00,0.00,2
15416,0.051,0.049,1.000,-0.000,-0.000,0.000,-13.000,19.000,44.000,0.9873,0.0377,-0.0245,-0.1522,0.00,0.00,0.00,5.16,86792.8,0,0.00,0.00,2
15436,0.051,0.049,1.000,-0.000,-0.000,0.000,-13.000,19.000,44.000,0.9873,0.0377,-0.0245,-0.1524,0.00,0.00,0.00,5.15,86792.8,0,0.00,0.00,2
15456,0.051,0.049,1.000,-0.000,-0.000,0.000,-13.000,19.000,44.000,0.9873,0.0376,-0.0246,-0.1527,0.00,0.00,0.00,5.15,86792.8,0,0.00,0.00,2
15476,0.051,0.049,1.000,-0.000,-0.000,0.000,-13.000,19.000,44.000,0.9872,0.0376,-0.0246,-0.1529,0.00,0.00,0.00,5.15,86792.8,0,0.00,0.00,2
15496,0.051,0.049,1.000,-0.000,-0.000,0.000,-13.000,19.000,44.000,0.9872,0.0375,-0.0246,-0.1532,0.00,0.00,0.00,5.14,86792.8,0,0.00,0.00,2
15516,0.051,0.049,1.000,-0.000,-0.000,0.000,-13.000,19.000,44.000,0.9871,0.0375,-0.0246,-0.1534,0.00,0.00,0.00,5.14,86792.8,0,0.00,0.00,2
15536,0.051,0.049,1.000,-0.000,-0.000,0.000,-13.000,19.000,44.000,0.9871,0.0375,-0.0246,-0.1537,0.00,0.00,0.00,5.14,86792.8,0,0.00,0.00,2
15556,0.051,0.049,1.000,-0.000,-0.000,0.000,-13.000,19.000,44.000,0.9871,0.0374,-0.0246,-0.1539,0.00,0.00,0.00,5.14,86792.8,0,0.00,0.00,2
15576,0.051,0.049,1.000,-0.000,-0.000,0.000,-13.000,19.000,44.000,0.9870,0.0374,-0.0246,-0.1542,0.00,0.00,0.00,5.13,86792.8,0,0.00,0.00,2
15596,0.051,0.049,1.000,-0.000,-0.000,0.000,-13.000,19.000,44.000,0.9870,0.0373,-0.0246,-0.1544,0.00,0.00,0.00,5.13,86792.8,0,0.00,0.00,2
15616,0.051,0.049,1.000,-0.000,-0.000,0.000,-13.000,19.000,44.000,0.9869,0.0373,-0.0246,-0.1547,0.00,0.00,0.00,5.13,86792.8,0,0.00,0.00,2
15636,0.051,0.049,1.000,-0.000,-0.000,0.000,-13.000,19.000,44.000,0.9869,0.0373,-0.0247,-0.1549,0.00,0.00,0.00,5.12,86792.8,0,0.00,0.00,2
15656,0.051,0.049,1.000,-0.000,-0.000,0.000,-13.000,19.000,44.000,0.9869,0.0372,-0.0247,-0.1552,0.00,0.00,0.00,5.12,86792.8,0,0.00,0.00,2
15676,0.051,0.049,1.000,-0.000,-0.000,0.000,-13.000,19.000,44.000,0.9868,0.0372,-0.0247,-0.1554,0.00,0.00,0.00,5.12,86792.8,0,0.00,0.00,2
15696,0.051,0.049,1.000,-0.000,-0.000,0.000,-13.000,19.000,44.000,0.9868,0.0371,-0.0247,-0.1557,0.00,0.00,0.00,5.11,86792.8,0,0.00,0.00,2
15716,0.051,0.049,1.000,-0.000,-0.000,0.000,-13.000,19.000,44.000,0.9868,0.0371,-0.0247,-0.1559,0.00,0.00,0.00,5.11,86792.8,0,0.00,0.00,2
15736,0.051,0.049,1.000,-0.000,-0.000,0.000,-13.000,19.000,44.000,0.9867,0.0371,-0.0247,-0.1562,0.00,0.00,0.00,5.11,86792.8,0,0.00,0.00,2
15756,0.051,0.049,1.000,-0.000,-0.000,0.000,-13.000,19.000,44.000,0.9867,0.0370,-0.0247,-0.1564,0.00,0.00,0.00,5.10,86792.8,0,0.00,0.00,2
15776,0.051,0.049,1.000,-0.000,-0.000,0.000,-13.000,19.000,44.000,0.9866,0.0370,-0.0247,-0.1567,0.00,0.00,0.00,5.10,86792.8,0,0.00,0.00,2
15796,0.051,0.049,1.000,-0.000,-0.000,0.000,-13.000,19.000,44.000,0.9866,0.0369,-0.0248,-0.1569,0.00,0.00,0.00,5.10,86792.8,0,0.00,0.00,2
15816,0.051,0.049,1.000,-0.000,-0.000,0.000,-13.000,19.000,44.000,0.9866,0.0369,-0.0248,-0.1572,0.00,0.00,0.00,5.09,86792.8,0,0.00,0.00,2
15836,0.051,0.049,1.000,-0.000,-0.000,0.000,-13.000,19.000,44.000,0.9865,0.0369,-0.0248,-0.1574,0.00,0.00,0.00,5.09,86792.8,0,0.00,0.00,2
15856,0.051,0.049,1.000,-0.000,-0.000,0.000,-13.000,19.000,44.000,0.9865,0.0368,-0.0248,-0.1577,0.00,0.00,0.00,5.09,86792.8,0,0.00,0.00,2
15876,0.051,0.049,1.000,-0.000,-0.000,0.000,-13.000,19.000,44.000,0.9865,0.0368,-0.0248,-0.1579,0.00,0.00,0.00,5.09,86792.8,0,0.00,0.00,2
15896,0.051,0.049,1.000,-0.000,-0.000,0.000,-13.000,19.000,44.000,0.9864,0.0367,-0.0248,-0.1582,0.00,0.00,0.00,5.08,86792.8,0,0.00,0.00,2
15916,0.051,0.049,1.000,-0.000,-0.000,0.000,-13.000,19.000,44.000,0.9864,0.0367,-0.0248,-0.1584,0.00,0.00,0.00,5.08,86792.8,0,0.00,0.00,2
15936,0.051,0.049,1.000,-0.000,-0.000,0.000,-13.000,19.000,44.000,0.9863,0.0367,-0.0248,-0.1587,0.00,0.00,0.00,5.08,86792.8,0,0.00,0.00,2
15956,0.051,0.049,1.000,-0.000,-0.000,0.000,-13.000,19.000,44.000,0.9863,0.0366,-0.0248,-0.1589,0.00,0.00,0.00,5.07,86792.8,0,0.00,0.00,2
15976,0.051,0.049,1.000,-0.000,-0.000,0.000,-13.000,19.000,44.000,0.9863,0.0366,-0.0249,-0.1592,0.00,0.00,0.00,5.07,86792.8,0,0.00,0.00,2
15996,0.051,0.049,1.000,-0.000,-0.000,0.000,-13.000,19.000,44.000,0.9862,0.0366,-0.0249,-0.1594,0.00,0.00,0.00,5.07,86792.8,0,0.00,0.00,2
16016,0.051,0.049,1.000,-0.000,-0.000,0.000,-13.000,19.000,44.000,0.9862,0.0365,-0.0249,-0.1597,0.00,0.00,0.00,5.06,86792.8,0,0.00,0.00,2
16036,0.051,0.049,1.000,-0.000,-0.000,0.000,-13.000,19.000,44.000,0.9861,0.0365,-0.0249,-0.1599,0.00,0.00,0.00,5.06,86792.8,0,0.00,0.00,2
16056,0.051,0.049,1.000,-0.000,-0.000,0.000,-13.000,19.000,44.000,0.9861,0.0364,-0.0249,-0.1601,0.00,0.00,0.00,5.06,86792.8,0,0.00,0.00,2
16076,0.051,0.049,1.000,-0.000,-0.000,0.000,-13.000,19.000,44.000,0.9861,0.0364,-0.0249,-0.1604,0.00,0.00,0.00,5.06,86792.8,0,0.00,0.00,2
16096,0.051,0.049,1.000,-0.000,-0.000,0.000,-13.000,19.000,44.000,0.9860,0.0364,-0.0249,-0.1606,0.00,0.00,0.00,5.05,86792.8,0,0.00,0.00,2
16116,0.051,0.049,1.000,-0.000,-0.000,0.000,-13.000,19.000,44.000,0.9860,0.0363,-0.0249,-0.1609,0.00,0.00,0.00,5.05,86792.8,0,0.00,0.00,2
16136,0.051,0.049,1.000,-0.000,-0.000,0.000,-13.000,19.000,44.000,0.9860,0.0363,-0.0249,-0.1611,0.00,0.00,0.00,5.05,86792.8,0,0.00,0.00,2
16156,0.051,0.049,1.000,-0.000,-0.000,0.000,-13.000,19.000,44.000,0.9859,0.0362,-0.0250,-0.1614,0.00,0.00,0.00,5.04,86792.8,0,0.00,0.00,2
16176,0.051,0.049,1.000,-0.000,-0.000,0.000,-13.000,19.000,44.000,0.9859,0.0362,-0.0250,-0.1616,0.00,0.00,0.00,5.04,86792.8,0,0.00,0.00,2
16196,0.051,0.049,1.000,-0.000,-0.000,0.000,-13.000,19.000,44.000,0.9858,0.0362,-0.0250,-0.1619,0.00,0.00,0.00,5.04,86792.8,0,0.00,0.00,2
16216,0.051,0.049,1.000,-0.000,-0.000,0.000,-13.000,19.000,44.000,0.9858,0.0361,-0.0250,-0.1621,0.00,0.00,0.00,5.03,86792.8,0,0.00,0.00,2
16236,0.051,0.049,1.000,-0.000,-0.000,0.000,-13.000,19.000,44.000,0.9858,0.0361,-0.0250,-0.1624,0.00,0.00,0.00,5.03,86792.8,0,0.00,0.00,2
16256,0.051,0.049,1.000,-0.000,-0.000,0.000,-13.000,19.000,44.000,0.9857,0.0360,-0.0250,-0.1626,0.00,0.00,0.00,5.03,86792.8,0,0.00,0.00,2
16276,0.051,0.049,1.000,-0.000,-0.000,0.000,-13.000,19.000,44.000,0.9857,0.0360,-0.0250,-0.1628,0.00,0.00,0.00,5.03,86792.8,0,0.00,0.00,2
16296,0.051,0.049,1.000,-0.000,-0.000,0.000,-13.000,19.000,44.000,0.9856,0.0360,-0.0250,-0.1631,0.00,0.00,0.00,5.02,86792.8,0,0.00,0.00,2
16316,0.051,0.049,1.000,-0.000,-0.000,0.000,-13.000,19.000,44.000,0.9856,0.0359,-0.0250,-0.1633,0.00,0.00,0.00,5.02,86792.8,0,0.00,0.00,2
16336,0.051,0.049,1.000,-0.000,-0.000,0.000,-13.000,19.000,44.000,0.9856,0.0359,-0.0251,-0.1636,0.00,0.00,0.00,5.02,86792.8,0,0.00,0.00,2
16356,0.051,0.049,1.000,-0.000,-0.000,0.000,-13.000,19.000,44.000,0.9855,0.0358,-0.0251,-0.1638,0.00,0.00,0.00,5.01,86792.8,0,0.00,0.00,2
16376,0.051,0.049,1.000,-0.000,-0.000,0.000,-13.000,19.000,44.000,0.9855,0.0358,-0.0251,-0.1641,0.00,0.00,0.00,5.01,86792.8,0,0.00,0.00,2
16396,0.051,0.049,1.000,-0.000,-0.000,0.000,-13.000,19.000,44.000,0.9854,0.0358,-0.0251,-0.1643,0.00,0.00,0.00,5.01,86792.8,0,0.00,0.00,2
16416,0.051,0.049,1.000,-0.000,-0.000,0.000,-13.000,19.000,44.000,0.9854,0.0357,-0.0251,-0.1645,0.00,0.00,0.00,5.00,86792.8,0,0.00,0.00,2
16436,0.051,0.049,1.000,-0.000,-0.000,0.000,-13.000,19.000,44.000,0.9854,0.0357,-0.0251,-0.1648,0.00,0.00,0.00,5.00,86792.8,0,0.00,0.00,2
16456,0.051,0.049,1.000,-0.000,-0.000,0.000,-13.000,19.000,44.000,0.9853,0.0356,-0.0251,-0.1650,0.00,0.00,0.00,5.00,86792.8,0,0.00,0.00,2
16476,0.051,0.049,1.000,-0.000,-0.000,0.000,-13.000,19.000,44.000,0.9853,0.0356,-0.0251,-0.1653,0.00,0.00,0.00,5.00,86792.8,0,0.00,0.00,2
16496,0.051,0.049,1.000,-0.000,-0.000,0.000,-13.000,19.000,44.000,0.9852,0.0356,-0.0251,-0.1655,0.00,0.00,0.00,4.99,86792.8,0,0.00,0.00,2
16516,0.051,0.049,1.000,-0.000,-0.000,0.000,-13.000,19.000,44.000,0.9852,0.0355,-0.0252,-0.1658,0.00,0.00,0.00,4.99,86792.8,0,0.00,0.00,2
16536,0.051,0.049,1.000,-0.000,-0.000,0.000,-13.000,19.000,44.000,0.9852,0.0355,-0.0252,-0.1660,0.00,0.00,0.00,4.99,86792.8,0,0.00,0.00,2
16556,0.051,0.049,1.000,-0.000,-0.000,0.000,-13.000,19.000,44.000,0.9851,0.0355,-0.0252,-0.1662,0.00,0.00,0.00,4.98,86792.8,0,0.00,0.00,2
16576,0.051,0.049,1.000,-0.000,-0.000,0.000,-13.000,19.000,44.000,0.9851,0.0354,-0.0252,-0.1665,0.00,0.00,0.00,4.98,86792.8,0,0.00,0.00,2
16596,0.051,0.049,1.000,-0.000,-0.000,0.000,-13.000,19.000,44.000,0.9850,0.0354,-0.0252,-0.1667,0.00,0.00,0.00,4.98,86792.8,0,0.00,0.00,2
16616,0.051,0.049,1.000,-0.000,-0.000,0.000,-13.000,19.000,44.000,0.9850,0.0353,-0.0252,-0.1670,0.00,0.00,0.00,4.98,86792.8,0,0.00,0.00,2
16636,0.051,0.049,1.000,-0.000,-0.000,0.000,-13.000,19.000,44.000,0.9850,0.0353,-0.0252,-0.1672,0.00,0.00,0.00,4.97,86792.8,0,0.00,0.00,2
16656,0.051,0.049,1.000,-0.000,-0.000,0.000,-13.000,19.000,44.000,0.9849,0.0353,-0.0252,-0.1674,0.00,0.00,0.00,4.97,86792.8,0,0.00,0.00,2
16676,0.051,0.049,1.000,-0.000,-0.000,0.000,-13.000,19.000,44.000,0.9849,0.0352,-0.0252,-0.1677,0.00,0.00,0.00,4.97,86792.8,0,0.00,0.00,2
16696,0.051,0.049,1.000,-0.000,-0.000,0.000,-13.000,19.000,44.000,0.9848,0.0352,-0.0253,-0.1679,0.00,0.00,0.00,4.96,86792.8,0,0.00,0.00,2
16716,0.051,0.049,1.000,-0.000,-0.000,0.000,-13.000,19.000,44.000,0.9848,0.0351,-0.0253,-0.1682,0.00,0.00,0.00,4.96,86792.8,0,0.00,0.00,2
16736,0.051,0.049,1.000,-0.000,-0.000,0.000,-13.000,19.000,44.000,0.9848,0.0351,-0.0253,-0.1684,0.00,0.00,0.00,4.96,86792.8,0,0.00,0.00,2
16756,0.051,0.049,1.000,-0.000,-0.000,0.000,-13.000,19.000,44.000,0.9847,0.0351,-0.0253,-0.1686,0.00,0.00,0.00,4.96,86792.8,0,0.00,0.00,2
16776,0.051,0.049,1.000,-0.000,-0.000,0.000,-13.000,19.000,44.000,0.9847,0.0350,-0.0253,-0.1689,0.00,0.00,0.00,4.95,86792.8,0,0.00,0.00,2
16796,0.051,0.049,1.000,-0.000,-0.000,0.000,-13.000,19.000,44.000,0.9847,0.0350,-0.0253,-0.1691,0.00,0.00,0.00,4.95,86792.8,0,0.00,0.00,2
16816,0.051,0.049,1.000,-0.000,-0.000,0.000,-13.000,19.000,44.000,0.9846,0.0349,-0.0253,-0.1693,0.00,0.00,0.00,4.95,86792.8,0,0.00,0.00,2
16836,0.051,0.049,1.000,-0.000,-0.000,0.000,-13.000,19.000,44.000,0.9846,0.0349,-0.0253,-0.1696,0.00,0.00,0.00,4.94,86792.8,0,0.00,0.00,2
16856,0.051,0.049,1.000,-0.000,-0.000,0.000,-13.000,19.000,44.000,0.9845,0.0349,-0.0253,-0.1698,0.00,0.00,0.00,4.94,86792.8,0,0.00,0.00,2
16876,0.051,0.049,1.000,-0.000,-0.000,0.000,-13.000,19.000,44.000,0.9845,0.0348,-0.0254,-0.1701,0.00,0.00,0.00,4.94,86792.8,0,0.00,0.00,2
16896,0.051,0.049,1.000,-0.000,-0.000,0.000,-13.000,19.000,44.000,0.9845,0.0348,-0.0254,-0.1703,0.00,0.00,0.00,4.94,86792.8,0,0.00,0.00,2
16916,0.051,0.049,1.000,-0.000,-0.000,0.000,-13.000,19.000,44.000,0.9844,0.0348,-0.0254,-0.1705,0.00,0.00,0.00,4.93,86792.8,0,0.00,0.00,2
16936,0.051,0.049,1.000,-0.000,-0.000,0.000,-13.000,19.000,44.000,0.9844,0.0347,-0.0254,-0.1708,0.00,0.00,0.00,4.93,86792.8,0,0.00,0.00,2
16956,0.051,0.049,1.000,-0.000,-0.000,0.000,-13.000,19.000,44.000,0.9843,0.0347,-0.0254,-0.1710,0.00,0.00,0.00,4.93,86792.8,0,0.00,0.00,2
16976,0.051,0.049,1.000,-0.000,-0.000,0.000,-13.000,19.000,44.000,0.9843,0.0346,-0.0254,-0.1712,0.00,0.00,0.00,4.92,86792.8,0,0.00,0.00,2
16996,0.051,0.049,1.000,-0.000,-0.000,0.000,-13.000,19.000,44.000,0.9843,0.0346,-0.0254,-0.1715,0.00,0.00,0.00,4.92,86792.8,0,0.00,0.00,2
17016,0.051,0.049,1.000,-0.000,-0.000,0.000,-13.000,19.000,44.000,0.9842,0.0346,-0.0254,-0.1717,0.00,0.00,0.00,4.92,86792.8,0,0.00,0.00,2
17036,0.051,0.049,1.000,-0.000,-0.000,0.000,-13.000,19.000,44.000,0.9842,0.0345,-0.0254,-0.1720,0.00,0.00,0.00,4.92,86792.8,0,0.00,0.00,2
17056,0.051,0.049,1.000,-0.000,-0.000,0.000,-13.000,19.000,44.000,0.9841,0.0345,-0.0255,-0.1722,0.00,0.00,0.00,4.91,86792.8,0,0.00,0.00,2
17076,0.051,0.049,1.000,-0.000,-0.000,0.000,-13.000,19.000,44.000,0.9841,0.0344,-0.0255,-0.1724,0.00,0.00,0.00,4.91,86792.8,0,0.00,0.00,2
17096,0.051,0.049,1.000,-0.000,-0.000,0.000,-13.000,19.000,44.000,0.9841,0.0344,-0.0255,-0.1727,0.00,0.00,0.00,4.91,86792.8,0,0.00,0.00,2
17116,0.051,0.049,1.000,-0.000,-0.000,0.000,-13.000,19.000,44.000,0.9840,0.0344,-0.0255,-0.1729,0.00,0.00,0.00,4.91,86792.8,0,0.00,0.00,2
17136,0.051,0.049,1.000,-0.000,-0.000,0.000,-13.000,19.000,44.000,0.9840,0.0343,-0.0255,-0.1731,0.00,0.00,0.00,4.90,86792.8,0,0.00,0.00,2
17156,0.051,0.049,1.000,-0.000,-0.000,0.000,-13.000,19.000,44.000,0.9839,0.0343,-0.0255,-0.1734,0.00,0.00,0.00,4.90,86792.8,0,0.00,0.00,2
17176,0.051,0.049,1.000,-0.000,-0.000,0.000,-13.000,19.000,44.000,0.9839,0.0343,-0.0255,-0.1736,0.00,0.00,0.00,4.90,86792.8,0,0.00,0.00,2
17196,0.051,0.049,1.000,-0.000,-0.000,0.000,-13.000,19.000,44.000,0.9838,0.0342,-0.0255,-0.1738,0.00,0.00,0.00,4.89,86792.8,0,0.00,0.00,2
17216,0.051,0.049,1.000,-0.000,-0.000,0.000,-13.000,19.000,44.000,0.9838,0.0342,-0.0255,-0.1741,0.00,0.00,0.00,4.89,86792.8,0,0.00,0.00,2
17236,0.051,0.049,1.000,-0.000,-0.000,0.000,-13.000,19.000,44.000,0.9838,0.0341,-0.0256,-0.1743,0.00,0.00,0.00,4.89,86792.8,0,0.00,0.00,2
17256,0.051,0.049,1.000,-0.000,-0.000,0.000,-13.000,19.000,44.000,0.9837,0.0341,-0.0256,-0.1745,0.00,0.00,0.00,4.89,86792.8,0,0.00,0.00,2
17276,0.051,0.049,1.000,-0.000,-0.000,0.000,-13.000,19.000,44.000,0.9837,0.0341,-0.0256,-0.1748,0.00,0.00,0.00,4.88,86792.8,0,0.00,0.00,2
17296,0.051,0.049,1.000,-0.000,-0.000,0.000,-13.000,19.000,44.000,0.9836,0.0340,-0.0256,-0.1750,0.00,0.00,0.00,4.88,86792.8,0,0.00,0.00,2
17316,0.051,0.049,1.000,-0.000,-0.000,0.000,-13.000,19.000,44.000,0.9836,0.0340,-0.0256,-0.1752,0.00,0.00,0.00,4.88,86792.8,0,0.00,0.00,2
17336,0.051,0.049,1.000,-0.000,-0.000,0.000,-13.000,19.000,44.000,0.9836,0.0340,-0.0256,-0.1755,0.00,0.00,0.00,4.88,86792.8,0,0.00,0.00,2
17356,0.051,0.049,1.000,-0.000,-0.000,0.000,-13.000,19.000,44.000,0.9835,0.0339,-0.0256,-0.1757,0.00,0.00,0.00,4.87,86792.8,0,0.00,0.00,2
17376,0.051,0.049,1.000,-0.000,-0.000,0.000,-13.000,19.000,44.000,0.9835,0.0339,-0.0256,-0.1759,0.00,0.00,0.00,4.87,86792.8,0,0.00,0.00,2
17396,0.051,0.049,1.000,-0.000,-0.000,0.000,-13.000,19.000,44.000,0.9834,0.0338,-0.0256,-0.1762,0.00,0.00,0.00,4.87,86792.8,0,0.00,0.00,2
17416,0.051,0.049,1.000,-0.000,-0.000,0.000,-13.000,19.000,44.000,0.9834,0.0338,-0.0257,-0.1764,0.00,0.00,0.00,4.86,86792.8,0,0.00,0.00,2
17436,0.051,0.049,1.000,-0.000,-0.000,0.000,-13.000,19.000,44.000,0.9834,0.0338,-0.0257,-0.1766,0.00,0.00,0.00,4.86,86792.8,0,0.00,0.00,2
17456,0.051,0.049,1.000,-0.000,-0.000,0.000,-13.000,19.000,44.000,0.9833,0.0337,-0.0257,-0.1769,0.00,0.00,0.00,4.86,86792.8,0,0.00,0.00,2
17476,0.051,0.049,1.000,-0.000,-0.000,0.000,-13.000,19.000,44.000,0.9833,0.0337,-0.0257,-0.1771,0.00,0.00,0.00,4.86,86792.8,0,0.00,0.00,2
17496,0.051,0.049,1.000,-0.000,-0.000,0.000,-13.000,19.000,44.000,0.9832,0.0337,-0.0257,-0.1773,0.00,0.00,0.00,4.85,86792.8,0,0.00,0.00,2
17516,0.051,0.049,1.000,-0.000,-0.000,0.000,-13.000,19.000,44.000,0.9832,0.0336,-0.0257,-0.1775,0.00,0.00,0.00,4.85,86792.8,0,0.00,0.00,2
17536,0.051,0.049,1.000,-0.000,-0.000,0.000,-13.000,19.000,44.000,0.9832,0.0336,-0.0257,-0.1778,0.00,0.00,0.00,4.85,86792.8,0,0.00,0.00,2
17556,0.051,0.049,1.000,-0.000,-0.000,0.000,-13.000,19.000,44.000,0.9831,0.0335,-0.0257,-0.1780,0.00,0.00,0.00,4.85,86792.8,0,0.00,0.00,2
17576,0.051,0.049,1.000,-0.000,-0.000,0.000,-13.000,19.000,44.000,0.9831,0.0335,-0.0257,-0.1782,0.00,0.00,0.00,4.84,86792.8,0,0.00,0.00,2
17596,0.051,0.049,1.000,-0.000,-0.000,0.000,-13.000,19.000,44.000,0.9830,0.0335,-0.0258,-0.1785,0.00,0.00,0.00,4.84,86792.8,0,0.00,0.00,2
17616,0.051,0.049,1.000,-0.000,-0.000,0.000,-13.000,19.000,44.000,0.9830,0.0334,-0.0258,-0.1787,0.00,0.00,0.00,4.84,86792.8,0,0.00,0.00,2
17636,0.051,0.049,1.000,-0.000,-0.000,0.000,-13.000,19.000,44.000,0.9830,0.0334,-0.0258,-0.1789,0.00,0.00,0.00,4.84,86792.8,0,0.00,0.00,2
17656,0.051,0.049,1.000,-0.000,-0.000,0.000,-13.000,19.000,44.000,0.9829,0.0334,-0.0258,-0.1792,0.00,0.00,0.00,4.83,86792.8,0,0.00,0.00,2
17676,0.051,0.049,1.000,-0.000,-0.000,0.000,-13.000,19.000,44.000,0.9829,0.0333,-0.0258,-0.1794,0.00,0.00,0.00,4.83,86792.8,0,0.00,0.00,2
17696,0.051,0.049,1.000,-0.000,-0.000,0.000,-13.000,19.000,44.000,0.9828,0.0333,-0.0258,-0.1796,0.00,0.00,0.00,4.83,86792.8,0,0.00,0.00,2
17716,0.051,0.049,1.000,-0.000,-0.000,0.000,-13.000,19.000,44.000,0.9828,0.0332,-0.0258,-0.1798,0.00,0.00,0.00,4.82,86792.8,0,0.00,0.00,2
17736,0.051,0.049,1.000,-0.000,-0.000,0.000,-13.000,19.000,44.000,0.9828,0.0332,-0.0258,-0.1801,0.00,0.00,0.00,4.82,86792.8,0,0.00,0.00,2
17756,0.051,0.049,1.000,-0.000,-0.000,0.000,-13.000,19.000,44.000,0.9827,0.0332,-0.0258,-0.1803,0.00,0.00,0.00,4.82,86792.8,0,0.00,0.00,2
17776,0.051,0.049,1.000,-0.000,-0.000,0.000,-13.000,19.000,44.000,0.9827,0.0331,-0.0258,-0.1805,0.00,0.00,0.00,4.82,86792.8,0,0.00,0.00,2
17796,0.051,0.049,1.000,-0.000,-0.000,0.000,-13.000,19.000,44.000,0.9826,0.0331,-0.0259,-0.1808,0.00,0.00,0.00,4.81,86792.8,0,0.00,0.00,2
17816,0.051,0.049,1.000,-0.000,-0.000,0.000,-13.000,19.000,44.000,0.9826,0.0331,-0.0259,-0.1810,0.00,0.00,0.00,4.81,86792.8,0,0.00,0.00,2
17836,0.051,0.049,1.000,-0.000,-0.000,0.000,-13.000,19.000,44.000,0.9825,0.0330,-0.0259,-0.1812,0.00,0.00,0.00,4.81,86792.8,0,0.00,0.00,2
17856,0.051,0.049,1.000,-0.000,-0.000,0.000,-13.000,19.000,44.000,0.9825,0.0330,-0.0259,-0.1814,0.00,0.00,0.00,4.81,86792.8,0,0.00,0.00,2
17876,0.051,0.049,1.000,-0.000,-0.000,0.000,-13.000,19.000,44.000,0.9825,0.0330,-0.0259,-0.1817,0.00,0.00,0.00,4.80,86792.8,0,0.00,0.00,2
17896,0.051,0.049,1.000,-0.000,-0.000,0.000,-13.000,19.000,44.000,0.9824,0.0329,-0.0259,-0.1819,0.00,0.00,0.00,4.80,86792.8,0,0.00,0.00,2
17916,0.051,0.049,1.000,-0.000,-0.000,0.000,-13.000,19.000,44.000,0.9824,0.0329,-0.0259,-0.1821,0.00,0.00,0.00,4.80,86792.8,0,0.00,0.00,2
17936,0.051,0.049,1.000,-0.000,-0.000,0.000,-13.000,19.000,44.000,0.9823,0.0328,-0.0259,-0.1823,0.00,0.00,0.00,4.80,86792.8,0,0.00,0.00,2
17956,0.051,0.049,1.000,-0.000,-0.000,0.000,-13.000,19.000,44.000,0.9823,0.0328,-0.0259,-0.1826,0.00,0.00,0.00,4.79,86792.8,0,0.00,0.00,2
17976,0.051,0.049,1.000,-0.000,-0.000,0.000,-13.000,19.000,44.000,0.9823,0.0328,-0.0260,-0.1828,0.00,0.00,0.00,4.79,86792.8,0,0.00,0.00,2
17996,0.051,0.049,1.000,-0.000,-0.000,0.000,-13.000,19.000,44.000,0.9822,0.0327,-0.0260,-0.1830,0.00,0.00,0.00,4.79,86792.8,0,0.00,0.00,2
18016,0.051,0.049,1.000,-0.000,-0.000,0.000,-13.000,19.000,44.000,0.9822,0.0327,-0.0260,-0.1832,0.00,0.00,0.00,4.79,86792.8,0,0.00,0.00,2
18036,0.051,0.049,1.000,-0.000,-0.000,0.000,-13.000,19.000,44.000,0.9821,0.0327,-0.0260,-0.1835,0.00,0.00,0.00,4.78,86792.8,0,0.00,0.00,2
18056,0.051,0.049,1.000,-0.000,-0.000,0.000,-13.000,19.000,44.000,0.9821,0.0326,-0.0260,-0.1837,0.00,0.00,0.00,4.78,86792.8,0,0.00,0.00,2
18076,0.051,0.049,1.000,-0.000,-0.000,0.000,-13.000,19.000,44.000,0.9821,0.0326,-0.0260,-0.1839,0.00,0.00,0.00,4.78,86792.8,0,0.00,0.00,2
18096,0.051,0.049,1.000,-0.000,-0.000,0.000,-13.000,19.000,44.000,0.9820,0.0325,-0.0260,-0.1841,0.00,0.00,0.00,4.78,86792.8,0,0.00,0.00,2
18116,0.051,0.049,1.000,-0.000,-0.000,0.000,-13.000,19.000,44.000,0.9820,0.0325,-0.0260,-0.1844,0.00,0.00,0.00,4.77,86792.8,0,0.00,0.00,2
18136,0.051,0.049,1.000,-0.000,-0.000,0.000,-13.000,19.000,44.000,0.9819,0.0325,-0.0260,-0.1846,0.00,0.00,0.00,4.77,86792.8,0,0.00,0.00,2
18156,0.051,0.049,1.000,-0.000,-0.000,0.000,-13.000,19.000,44.000,0.9819,0.0324,-0.0261,-0.1848,0.00,0.00,0.00,4.77,86792.8,0,0.00,0.00,2
18176,0.051,0.049,1.000,-0.000,-0.000,0.000,-13.000,19.000,44.000,0.9819,0.0324,-0.0261,-0.1850,0.00,0.00,0.00,4.77,86792.8,0,0.00,0.00,2
18196,0.051,0.049,1.000,-0.000,-0.000,0.000,-13.000,19.000,44.000,0.9818,0.0324,-0.0261,-0.1853,0.00,0.00,0.00,4.76,86792.8,0,0.00,0.00,2
18216,0.051,0.049,1.000,-0.000,-0.000,0.000,-13.000,19.000,44.000,0.9818,0.0323,-0.0261,-0.1855,0.00,0.00,0.00,4.76,86792.8,0,0.00,0.00,2
18236,0.051,0.049,1.000,-0.000,-0.000,0.000,-13.000,19.000,44.000,0.9817,0.0323,-0.0261,-0.1857,0.00,0.00,0.00,4.76,86792.8,0,0.00,0.00,2
18256,0.051,0.049,1.000,-0.000,-0.000,0.000,-13.000,19.000,44.000,0.9817,0.0323,-0.0261,-0.1859,0.00,0.00,0.00,4.76,86792.8,0,0.00,0.00,2
18276,0.051,0.049,1.000,-0.000,-0.000,0.000,-13.000,19.000,44.000,0.9816,0.0322,-0.0261,-0.1861,0.00,0.00,0.00,4.75,86792.8,0,0.00,0.00,2
18296,0.051,0.049,1.000,-0.000,-0.000,0.000,-13.000,19.000,44.000,0.9816,0.0322,-0.0261,-0.1864,0.00,0.00,0.00,4.75,86792.8,0,0.00,0.00,2
18316,0.051,0.049,1.000,-0.000,-0.000,0.000,-13.000,19.000,44.000,0.9816,0.0321,-0.0261,-0.1866,0.00,0.00,0.00,4.75,86792.8,0,0.00,0.00,2
18336,0.051,0.049,1.000,-0.000,-0.000,0.000,-13.000,19.000,44.000,0.9815,0.0321,-0.0261,-0.1868,0.00,0.00,0.00,4.75,86792.8,0,0.00,0.00,2
18356,0.051,0.049,1.000,-0.000,-0.000,0.000,-13.000,19.000,44.000,0.9815,0.0321,-0.0262,-0.1870,0.00,0.00,0.00,4.74,86792.8,0,0.00,0.00,2
18376,0.051,0.049,1.000,-0.000,-0.000,0.000,-13.000,19.000,44.000,0.9814,0.0320,-0.0262,-0.1872,0.00,0.00,0.00,4.74,86792.8,0,0.00,0.00,2
18396,0.051,0.049,1.000,-0.000,-0.000,0.000,-13.000,19.000,44.000,0.9814,0.0320,-0.0262,-0.1875,0.00,0.00,0.00,4.74,86792.8,0,0.00,0.00,2
18416,0.051,0.049,1.000,-0.000,-0.000,0.000,-13.000,19.000,44.000,0.9814,0.0320,-0.0262,-0.1877,0.00,0.00,0.00,4.74,86792.8,0,0.00,0.00,2
18436,0.051,0.049,1.000,-0.000,-0.000,0.000,-13.000,19.000,44.000,0.9813,0.0319,-0.0262,-0.1879,0.00,0.00,0.00,4.73,86792.8,0,0.00,0.00,2
18456,0.051,0.049,1.000,-0.000,-0.000,0.000,-13.000,19.000,44.000,0.9813,0.0319,-0.0262,-0.1881,0.00,0.00,0.00,4.73,86792.8,0,0.00,0.00,2
18476,0.051,0.049,1.000,-0.000,-0.000,0.000,-13.000,19.000,44.000,0.9812,0.0319,-0.0262,-0.1883,0.00,0.00,0.00,4.73,86792.8,0,0.00,0.00,2
18496,0.051,0.049,1.000,-0.000,-0.000,0.000,-13.000,19.000,44.000,0.9812,0.0318,-0.0262,-0.1886,0.00,0.00,0.00,4.73,86792.8,0,0.00,0.00,2
18516,0.051,0.049,1.000,-0.000,-0.000,0.000,-13.000,19.000,44.000,0.9812,0.0318,-0.0262,-0.1888,0.00,0.00,0.00,4.73,86792.8,0,0.00,0.00,2
18536,0.051,0.049,1.000,-0.000,-0.000,0.000,-13.000,19.000,44.000,0.9811,0.0318,-0.0263,-0.1890,0.00,0.00,0.00,4.72,86792.8,0,0.00,0.00,2
18556,0.051,0.049,1.000,-0.000,-0.000,0.000,-13.000,19.000,44.000,0.9811,0.0317,-0.0263,-0.1892,0.00,0.00,0.00,4.72,86792.8,0,0.00,0.00,2
18576,0.051,0.049,1.000,-0.000,-0.000,0.000,-13.000,19.000,44.000,0.9810,0.0317,-0.0263,-0.1894,0.00,0.00,0.00,4.72,86792.8,0,0.00,0.00,2
18596,0.051,0.049,1.000,-0.000,-0.000,0.000,-13.000,19.000,44.000,0.9810,0.0316,-0.0263,-0.1897,0.00,0.00,0.00,4.72,86792.8,0,0.00,0.00,2
18616,0.051,0.049,1.000,-0.000,-0.000,0.000,-13.000,19.000,44.000,0.9809,0.0316,-0.0263,-0.1899,0.00,0.00,0.00,4.71,86792.8,0,0.00,0.00,2
18636,0.051,0.049,1.000,-0.000,-0.000,0.000,-13.000,19.000,44.000,0.9809,0.0316,-0.0263,-0.1901,0.00,0.00,0.00,4.71,86792.8,0,0.00,0.00,2
18656,0.051,0.049,1.000,-0.000,-0.000,0.000,-13.000,19.000,44.000,0.9809,0.0315,-0.0263,-0.1903,0.00,0.00,0.00,4.71,86792.8,0,0.00,0.00,2
18676,0.051,0.049,1.000,-0.000,-0.000,0.000,-13.000,19.000,44.000,0.9808,0.0315,-0.0263,-0.1905,0.00,0.00,0.00,4.71,86792.8,0,0.00,0.00,2
18696,0.051,0.049,1.000,-0.000,-0.000,0.000,-13.000,19.000,44.000,0.9808,0.0315,-0.0263,-0.1907,0.00,0.00,0.00,4.70,86792.8,0,0.00,0.00,2
18716,0.051,0.049,1.000,-0.000,-0.000,0.000,-13.000,19.000,44.000,0.9807,0.0314,-0.0263,-0.1910,0.00,0.00,0.00,4.70,86792.8,0,0.00,0.00,2
18736,0.051,0.049,1.000,-0.000,-0.000,0.000,-13.000,19.000,44.000,0.9807,0.0314,-0.0264,-0.1912,0.00,0.00,0.00,4.70,86792.8,0,0.00,0.00,2
18756,0.051,0.049,1.000,-0.000,-0.000,0.000,-13.000,19.000,44.000,0.9807,0.0314,-0.0264,-0.1914,0.00,0.00,0.00,4.70,86792.8,0,0.00,0.00,2
18776,0.051,0.049,1.000,-0.000,-0.000,0.000,-13.000,19.000,44.000,0.9806,0.0313,-0.0264,-0.1916,0.00,0.00,0.00,4.69,86792.8,0,0.00,0.00,2
18796,0.051,0.049,1.000,-0.000,-0.000,0.000,-13.000,19.000,44.000,0.9806,0.0313,-0.0264,-0.1918,0.00,0.00,0.00,4.69,86792.8,0,0.00,0.00,2
18816,0.051,0.049,1.000,-0.000,-0.000,0.000,-13.000,19.000,44.000,0.9805,0.0313,-0.0264,-0.1920,0.00,0.00,0.00,4.69,86792.8,0,0.00,0.00,2
18836,0.051,0.049,1.000,-0.000,-0.000,0.000,-13.000,19.000,44.000,0.9805,0.0312,-0.0264,-0.1923,0.00,0.00,0.00,4.69,86792.8,0,0.00,0.00,2
18856,0.051,0.049,1.000,-0.000,-0.000,0.000,-13.000,19.000,44.000,0.9805,0.0312,-0.0264,-0.1925,0.00,0.00,0.00,4.69,86792.8,0,0.00,0.00,2
18876,0.051,0.049,1.000,-0.000,-0.000,0.000,-13.000,19.000,44.000,0.9804,0.0312,-0.0264,-0.1927,0.00,0.00,0.00,4.68,86792.8,0,0.00,0.00,2
18896,0.051,0.049,1.000,-0.000,-0.000,0.000,-13.000,19.000,44.000,0.9804,0.0311,-0.0264,-0.1929,0.00,0.00,0.00,4.68,86792.8,0,0.00,0.00,2
18916,0.051,0.049,1.000,-0.000,-0.000,0.000,-13.000,19.000,44.000,0.9803,0.0311,-0.0265,-0.1931,0.00,0.00,0.00,4.68,86792.8,0,0.00,0.00,2
18936,0.051,0.049,1.000,-0.000,-0.000,0.000,-13.000,19.000,44.000,0.9803,0.0310,-0.0265,-0.1933,0.00,0.00,0.00,4.68,86792.8,0,0.00,0.00,2
18956,0.051,0.049,1.000,-0.000,-0.000,0.000,-13.000,19.000,44.000,0.9802,0.0310,-0.0265,-0.1935,0.00,0.00,0.00,4.67,86792.8,0,0.00,0.00,2
18976,0.051,0.049,1.000,-0.000,-0.000,0.000,-13.000,19.000,44.000,0.9802,0.0310,-0.0265,-0.1937,0.00,0.00,0.00,4.67,86792.8,0,0.00,0.00,2
18996,0.051,0.049,1.000,-0.000,-0.000,0.000,-13.000,19.000,44.000,0.9802,0.0309,-0.0265,-0.1940,0.00,0.00,0.00,4.67,86792.8,0,0.00,0.00,2
19016,0.051,0.049,1.000,-0.000,-0.000,0.000,-13.000,19.000,44.000,0.9801,0.0309,-0.0265,-0.1942,0.00,0.00,0.00,4.67,86792.8,0,0.00,0.00,2
19036,0.051,0.049,1.000,-0.000,-0.000,0.000,-13.000,19.000,44.000,0.9801,0.0309,-0.0265,-0.1944,0.00,0.00,0.00,4.67,86792.8,0,0.00,0.00,2
19056,0.051,0.049,1.000,-0.000,-0.000,0.000,-13.000,19.000,44.000,0.9800,0.0308,-0.0265,-0.1946,0.00,0.00,0.00,4.66,86792.8,0,0.00,0.00,2
19076,0.051,0.049,1.000,-0.000,-0.000,0.000,-13.000,19.000,44.000,0.9800,0.0308,-0.0265,-0.1948,0.00,0.00,0.00,4.66,86792.8,0,0.00,0.00,2
19096,0.051,0.049,1.000,-0.000,-0.000,0.000,-13.000,19.000,44.000,0.9800,0.0308,-0.0265,-0.1950,0.00,0.00,0.00,4.66,86792.8,0,0.00,0.00,2
19116,0.051,0.049,1.000,-0.000,-0.000,0.000,-13.000,19.000,44.000,0.9799,0.0307,-0.0266,-0.1952,0.00,0.00,0.00,4.66,86792.8,0,0.00,0.00,2
19136,0.051,0.049,1.000,-0.000,-0.000,0.000,-13.000,19.000,44.000,0.9799,0.0307,-0.0266,-0.1954,0.00,0.00,0.00,4.65,86792.8,0,0.00,0.00,2
19156,0.051,0.049,1.000,-0.000,-0.000,0.000,-13.000,19.000,44.000,0.9798,0.0307,-0.0266,-0.1957,0.00,0.00,0.00,4.65,86792.8,0,0.00,0.00,2
19176,0.051,0.049,1.000,-0.000,-0.000,0.000,-13.000,19.000,44.000,0.9798,0.0306,-0.0266,-0.1959,0.00,0.00,0.00,4.65,86792.8,0,0.00,0.00,2
19196,0.051,0.049,1.000,-0.000,-0.000,0.000,-13.000,19.000,44.000,0.9798,0.0306,-0.0266,-0.1961,0.00,0.00,0.00,4.65,86792.8,0,0.00,0.00,2
19216,0.051,0.049,1.000,-0.000,-0.000,0.000,-13.000,19.000,44.000,0.9797,0.0306,-0.0266,-0.1963,0.00,0.00,0.00,4.65,86792.8,0,0.00,0.00,2
19236,0.051,0.049,1.000,-0.000,-0.000,0.000,-13.000,19.000,44.000,0.9797,0.0305,-0.0266,-0.1965,0.00,0.00,0.00,4.64,86792.8,0,0.00,0.00,2
19256,0.051,0.049,1.000,-0.000,-0.000,0.000,-13.000,19.000,44.000,0.9796,0.0305,-0.0266,-0.1967,0.00,0.00,0.00,4.64,86792.8,0,0.00,0.00,2
19276,0.051,0.049,1.000,-0.000,-0.000,0.000,-13.000,19.000,44.000,0.9796,0.0305,-0.0266,-0.1969,0.00,0.00,0.00,4.64,86792.8,0,0.00,0.00,2
19296,0.051,0.049,1.000,-0.000,-0.000,0.000,-13.000,19.000,44.000,0.9795,0.0304,-0.0267,-0.1971,0.00,0.00,0.00,4.64,86792.8,0,0.00,0.00,2
19316,0.051,0.049,1.000,-0.000,-0.000,0.000,-13.000,19.000,44.000,0.9795,0.0304,-0.0267,-0.1973,0.00,0.00,0.00,4.63,86792.8,0,0.00,0.00,2
19336,0.051,0.049,1.000,-0.000,-0.000,0.000,-13.000,19.000,44.000,0.9795,0.0304,-0.0267,-0.1975,0.00,0.00,0.00,4.63,86792.8,0,0.00,0.00,2
19356,0.051,0.049,1.000,-0.000,-0.000,0.000,-13.000,19.000,44.000,0.9794,0.0303,-0.0267,-0.1977,0.00,0.00,0.00,4.63,86792.8,0,0.00,0.00,2
19376,0.051,0.049,1.000,-0.000,-0.000,0.000,-13.000,19.000,44.000,0.9794,0.0303,-0.0267,-0.1980,0.00,0.00,0.00,4.63,86792.8,0,0.00,0.00,2
19396,0.051,0.049,1.000,-0.000,-0.000,0.000,-13.000,19.000,44.000,0.9793,0.0303,-0.0267,-0.1982,0.00,0.00,0.00,4.63,86792.8,0,0.00,0.00,2
19416,0.051,0.049,1.000,-0.000,-0.000,0.000,-13.000,19.000,44.000,0.9793,0.0302,-0.0267,-0.1984,0.00,0.00,0.00,4.62,86792.8,0,0.00,0.00,2
19436,0.051,0.049,1.000,-0.000,-0.000,0.000,-13.000,19.000,44.000,0.9793,0.0302,-0.0267,-0.1986,0.00,0.00,0.00,4.62,86792.8,0,0.00,0.00,2
19456,0.051,0.049,1.000,-0.000,-0.000,0.000,-13.000,19.000,44.000,0.9792,0.0302,-0.0267,-0.1988,0.00,0.00,0.00,4.62,86792.8,0,0.00,0.00,2
19476,0.051,0.049,1.000,-0.000,-0.000,0.000,-13.000,19.000,44.000,0.9792,0.0301,-0.0267,-0.1990,0.00,0.00,0.00,4.62,86792.8,0,0.00,0.00,2
19496,0.051,0.049,1.000,-0.000,-0.000,0.000,-13.000,19.000,44.000,0.9791,0.0301,-0.0268,-0.1992,0.00,0.00,0.00,4.61,86792.8,0,0.00,0.00,2
19516,0.051,0.049,1.000,-0.000,-0.000,0.000,-13.000,19.000,44.000,0.9791,0.0301,-0.0268,-0.1994,0.00,0.00,0.00,4.61,86792.8,0,0.00,0.00,2
19536,0.051,0.049,1.000,-0.000,-0.000,0.000,-13.000,19.000,44.000,0.9791,0.0300,-0.0268,-0.1996,0.00,0.00,0.00,4.61,86792.8,0,0.00,0.00,2
19556,0.051,0.049,1.000,-0.000,-0.000,0.000,-13.000,19.000,44.000,0.9790,0.0300,-0.0268,-0.1998,0.00,0.00,0.00,4.61,86792.8,0,0.00,0.00,2
19576,0.051,0.049,1.000,-0.000,-0.000,0.000,-13.000,19.000,44.000,0.9790,0.0300,-0.0268,-0.2000,0.00,0.00,0.00,4.61,86792.8,0,0.00,0.00,2
19596,0.051,0.049,1.000,-0.000,-0.000,0.000,-13.000,19.000,44.000,0.9789,0.0299,-0.0268,-0.2002,0.00,0.00,0.00,4.60,86792.8,0,0.00,0.00,2
19616,0.051,0.049,1.000,-0.000,-0.000,0.000,-13.000,19.000,44.000,0.9789,0.0299,-0.0268,-0.2004,0.00,0.00,0.00,4.60,86792.8,0,0.00,0.00,2
19636,0.051,0.049,1.000,-0.000,-0.000,0.000,-13.000,19.000,44.000,0.9788,0.0299,-0.0268,-0.2006,0.00,0.00,0.00,4.60,86792.8,0,0.00,0.00,2
19656,0.051,0.049,1.000,-0.000,-0.000,0.000,-13.000,19.000,44.000,0.9788,0.0298,-0.0268,-0.2008,0.00,0.00,0.00,4.60,86792.8,0,0.00,0.00,2
19676,0.051,0.049,1.000,-0.000,-0.000,0.000,-13.000,19.000,44.000,0.9788,0.0298,-0.0268,-0.2010,0.00,0.00,0.00,4.60,86792.8,0,0.00,0.00,2
19696,0.051,0.049,1.000,-0.000,-0.000,0.000,-13.000,19.000,44.000,0.9787,0.0298,-0.0269,-0.2012,0.00,0.00,0.00,4.59,86792.8,0,0.00,0.00,2
19716,0.051,0.049,1.000,-0.000,-0.000,0.000,-13.000,19.000,44.000,0.9787,0.0297,-0.0269,-0.2014,0.00,0.00,0.00,4.59,86792.8,0,0.00,0.00,2
19736,0.051,0.049,1.000,-0.000,-0.000,0.000,-13.000,19.000,44.000,0.9786,0.0297,-0.0269,-0.2016,0.00,0.00,0.00,4.59,86792.8,0,0.00,0.00,2
19756,0.051,0.049,1.000,-0.000,-0.000,0.000,-13.000,19.000,44.000,0.9786,0.0297,-0.0269,-0.2018,0.00,0.00,0.00,4.59,86792.8,0,0.00,0.00,2
19776,0.051,0.049,1.000,-0.000,-0.000,0.000,-13.000,19.000,44.000,0.9786,0.0296,-0.0269,-0.2020,0.00,0.00,0.00,4.59,86792.8,0,0.00,0.00,2
19796,0.051,0.049,1.000,-0.000,-0.000,0.000,-13.000,19.000,44.000,0.9785,0.0296,-0.0269,-0.2023,0.00,0.00,0.00,4.58,86792.8,0,0.00,0.00,2
19816,0.051,0.049,1.000,-0.000,-0.000,0.000,-13.000,19.000,44.000,0.9785,0.0296,-0.0269,-0.2025,0.00,0.00,0.00,4.58,86792.8,0,0.00,0.00,2
19836,0.051,0.049,1.000,-0.000,-0.000,0.000,-13.000,19.000,44.000,0.9784,0.0295,-0.0269,-0.2027,0.00,0.00,0.00,4.58,86792.8,0,0.00,0.00,2
19856,0.051,0.049,1.000,-0.000,-0.000,0.000,-13.000,19.000,44.000,0.9784,0.0295,-0.0269,-0.2029,0.00,0.00,0.00,4.58,86792.8,0,0.00,0.00,2
19876,0.051,0.049,1.000,-0.000,-0.000,0.000,-13.000,19.000,44.000,0.9784,0.0295,-0.0269,-0.2031,0.00,0.00,0.00,4.58,86792.8,0,0.00,0.00,2
19896,0.051,0.049,1.000,-0.000,-0.000,0.000,-13.000,19.000,44.000,0.9783,0.0294,-0.0270,-0.2033,0.00,0.00,0.00,4.57,86792.8,0,0.00,0.00,2
19916,0.051,0.049,1.000,-0.000,-0.000,0.000,-13.000,19.000,44.000,0.9783,0.0294,-0.0270,-0.2035,0.00,0.00,0.00,4.57,86792.8,0,0.00,0.00,2
19936,0.051,0.049,1.000,-0.000,-0.000,0.000,-13.000,19.000,44.000,0.9782,0.0294,-0.0270,-0.2037,0.00,0.00,0.00,4.57,86792.8,0,0.00,0.00,2
19956,0.051,0.049,1.000,-0.000,-0.000,0.000,-13.000,19.000,44.000,0.9782,0.0293,-0.0270,-0.2039,0.00,0.00,0.00,4.57,86792.8,0,0.00,0.00,2
19976,0.051,0.049,1.000,-0.000,-0.000,0.000,-13.000,19.000,44.000,0.9781,0.0293,-0.0270,-0.2041,0.00,0.00,0.00,4.57,86792.8,0,0.00,0.00,2
19996,0.051,0.049,1.000,-0.000,-0.000,0.000,-13.000,19.000,44.000,0.9781,0.0293,-0.0270,-0.2043,0.00,0.00,0.00,4.56,86792.8,0,0.00,0.00,2
20016,0.051,0.049,1.000,-0.000,-0.000,0.000,-13.000,19.000,44.000,0.9781,0.0292,-0.0270,-0.2045,0.00,0.00,0.00,4.56,86792.8,0,0.00,0.00,2
20036,0.051,0.049,1.000,-0.000,-0.000,0.000,-13.000,19.000,44.000,0.9780,0.0292,-0.0270,-0.2047,0.00,0.00,0.00,4.56,86792.8,0,0.00,0.00,2
20056,0.051,0.049,1.000,-0.000,-0.000,0.000,-13.000,19.000,44.000,0.9780,0.0292,-0.0270,-0.2049,0.00,0.00,0.00,4.56,86792.8,0,0.00,0.00,2
20076,0.051,0.049,1.000,-0.000,-0.000,0.000,-13.000,19.000,44.000,0.9779,0.0291,-0.0270,-0.2051,0.00,0.00,0.00,4.56,86792.8,0,0.00,0.00,2
20096,0.051,0.049,1.000,-0.000,-0.000,0.000,-13.000,19.000,44.000,0.9779,0.0291,-0.0271,-0.2052,0.00,0.00,0.00,4.55,86792.8,0,0.00,0.00,2
20116,0.051,0.049,1.000,-0.000,-0.000,0.000,-13.000,19.000,44.000,0.9779,0.0291,-0.0271,-0.2054,0.00,0.00,0.00,4.55,86792.8,0,0.00,0.00,2
20136,0.051,0.049,1.000,-0.000,-0.000,0.000,-13.000,19.000,44.000,0.9778,0.0290,-0.0271,-0.2056,0.00,0.00,0.00,4.55,86792.8,0,0.00,0.00,2
20156,0.051,0.049,1.000,-0.000,-0.000,0.000,-13.000,19.000,44.000,0.9778,0.0290,-0.0271,-0.2058,0.00,0.00,0.00,4.55,86792.8,0,0.00,0.00,2
20176,0.051,0.049,1.000,-0.000,-0.000,0.000,-13.000,19.000,44.000,0.9777,0.0290,-0.0271,-0.2060,0.00,0.00,0.00,4.55,86792.8,0,0.00,0.00,2
20196,0.051,0.049,1.000,-0.000,-0.000,0.000,-13.000,19.000,44.000,0.9777,0.0289,-0.0271,-0.2062,0.00,0.00,0.00,4.54,86792.8,0,0.00,0.00,2
20216,0.051,0.049,1.000,-0.000,-0.000,0.000,-13.000,19.000,44.000,0.9777,0.0289,-0.0271,-0.2064,0.00,0.00,0.00,4.54,86792.8,0,0.00,0.00,2
20236,0.051,0.049,1.000,-0.000,-0.000,0.000,-13.000,19.000,44.000,0.9776,0.0289,-0.0271,-0.2066,0.00,0.00,0.00,4.54,86792.8,0,0.00,0.00,2
20256,0.051,0.049,1.000,-0.000,-0.000,0.000,-13.000,19.000,44.000,0.9776,0.0288,-0.0271,-0.2068,0.00,0.00,0.00,4.54,86792.8,0,0.00,0.00,2
20276,0.051,0.049,1.000,-0.000,-0.000,0.000,-13.000,19.000,44.000,0.9775,0.0288,-0.0271,-0.2070,0.00,0.00,0.00,4.54,86792.8,0,0.00,0.00,2
20296,0.051,0.049,1.000,-0.000,-0.000,0.000,-13.000,19.000,44.000,0.9775,0.0288,-0.0271,-0.2072,0.00,0.00,0.00,4.53,86792.8,0,0.00,0.00,2
20316,0.051,0.049,1.000,-0.000,-0.000,0.000,-13.000,19.000,44.000,0.9775,0.0287,-0.0272,-0.2074,0.00,0.00,0.00,4.53,86792.8,0,0.00,0.00,2
20336,0.051,0.049,1.000,-0.000,-0.000,0.000,-13.000,19.000,44.000,0.9774,0.0287,-0.0272,-0.2076,0.00,0.00,0.00,4.53,86792.8,0,0.00,0.00,2
20356,0.051,0.049,1.000,-0.000,-0.000,0.000,-13.000,19.000,44.000,0.9774,0.0287,-0.0272,-0.2078,0.00,0.00,0.00,4.53,86792.8,0,0.00,0.00,2
20376,0.051,0.049,1.000,-0.000,-0.000,0.000,-13.000,19.000,44.000,0.9773,0.0286,-0.0272,-0.2080,0.00,0.00,0.00,4.53,86792.8,0,0.00,0.00,2
20396,0.051,0.049,1.000,-0.000,-0.000,0.000,-13.000,19.000,44.000,0.9773,0.0286,-0.0272,-0.2082,0.00,0.00,0.00,4.53,86792.8,0,0.00,0.00,2
20416,0.051,0.049,1.000,-0.000,-0.000,0.000,-13.000,19.000,44.000,0.9773,0.0286,-0.0272,-0.2084,0.00,0.00,0.00,4.52,86792.8,0,0.00,0.00,2
20436,0.051,0.049,1.000,-0.000,-0.000,0.000,-13.000,19.000,44.000,0.9772,0.0286,-0.0272,-0.2086,0.00,0.00,0.00,4.52,86792.8,0,0.00,0.00,2
20456,0.051,0.049,1.000,-0.000,-0.000,0.000,-13.000,19.000,44.000,0.9772,0.0285,-0.0272,-0.2088,0.00,0.00,0.00,4.52,86792.8,0,0.00,0.00,2
20476,0.051,0.049,1.000,-0.000,-0.000,0.000,-13.000,19.000,44.000,0.9771,0.0285,-0.0272,-0.2090,0.00,0.00,0.00,4.52,86792.8,0,0.00,0.00,2
20496,0.051,0.049,1.000,-0.000,-0.000,0.000,-13.000,19.000,44.000,0.9771,0.0285,-0.0272,-0.2091,0.00,0.00,0.00,4.52,86792.8,0,0.00,0.00,2
20516,0.051,0.049,1.000,-0.000,-0.000,0.000,-13.000,19.000,44.000,0.9770,0.0284,-0.0273,-0.2093,0.00,0.00,0.00,4.51,86792.8,0,0.00,0.00,2
20536,0.051,0.049,1.000,-0.000,-0.000,0.000,-13.000,19.000,44.000,0.9770,0.0284,-0.0273,-0.2095,0.00,0.00,0.00,4.51,86792.8,0,0.00,0.00,2
20556,0.051,0.049,1.000,-0.000,-0.000,0.000,-13.000,19.000,44.000,0.9770,0.0284,-0.0273,-0.2097,0.00,0.00,0.00,4.51,86792.8,0,0.00,0.00,2
20576,0.051,0.049,1.000,-0.000,-0.000,0.000,-13.000,19.000,44.000,0.9769,0.0283,-0.0273,-0.2099,0.00,0.00,0.00,4.51,86792.8,0,0.00,0.00,2
20596,0.051,0.049,1.000,-0.000,-0.000,0.000,-13.000,19.000,44.000,0.9769,0.0283,-0.0273,-0.2101,0.00,0.00,0.00,4.51,86792.8,0,0.00,0.00,2
20616,0.051,0.049,1.000,-0.000,-0.000,0.000,-13.000,19.000,44.000,0.9768,0.0283,-0.0273,-0.2103,0.00,0.00,0.00,4.50,86792.8,0,0.00,0.00,2
20636,0.051,0.049,1.000,-0.000,-0.000,0.000,-13.000,19.000,44.000,0.9768,0.0282,-0.0273,-0.2105,0.00,0.00,0.00,4.50,86792.8,0,0.00,0.00,2
20656,0.051,0.049,1.000,-0.000,-0.000,0.000,-13.000,19.000,44.000,0.9768,0.0282,-0.0273,-0.2107,0.00,0.00,0.00,4.50,86792.8,0,0.00,0.00,2
20676,0.051,0.049,1.000,-0.000,-0.000,0.000,-13.000,19.000,44.000,0.9767,0.0282,-0.0273,-0.2109,0.00,0.00,0.00,4.50,86792.8,0,0.00,0.00,2
20696,0.051,0.049,1.000,-0.000,-0.000,0.000,-13.000,19.000,44.000,0.9767,0.0281,-0.0273,-0.2111,0.00,0.00,0.00,4.50,86792.8,0,0.00,0.00,2
20716,0.051,0.049,1.000,-0.000,-0.000,0.000,-13.000,19.000,44.000,0.9766,0.0281,-0.0274,-0.2112,0.00,0.00,0.00,4.50,86792.8,0,0.00,0.00,2
20736,0.051,0.049,1.000,-0.000,-0.000,0.000,-13.000,19.000,44.000,0.9766,0.0281,-0.0274,-0.2114,0.00,0.00,0.00,4.49,86792.8,0,0.00,0.00,2
20756,0.051,0.049,1.000,-0.000,-0.000,0.000,-13.000,19.000,44.000,0.9766,0.0280,-0.0274,-0.2116,0.00,0.00,0.00,4.49,86792.8,0,0.00,0.00,2
20776,0.051,0.049,1.000,-0.000,-0.000,0.000,-13.000,19.000,44.000,0.9765,0.0280,-0.0274,-0.2118,0.00,0.00,0.00,4.49,86792.8,0,0.00,0.00,2
20796,0.051,0.049,1.000,-0.000,-0.000,0.000,-13.000,19.000,44.000,0.9765,0.0280,-0.0274,-0.2120,0.00,0.00,0.00,4.49,86792.8,0,0.00,0.00,2
20816,0.051,0.049,1.000,-0.000,-0.000,0.000,-13.000,19.000,44.000,0.9764,0.0280,-0.0274,-0.2122,0.00,0.00,0.00,4.49,86792.8,0,0.00,0.00,2
20836,0.051,0.049,1.000,-0.000,-0.000,0.000,-13.000,19.000,44.000,0.9764,0.0279,-0.0274,-0.2124,0.00,0.00,0.00,4.48,86792.8,0,0.00,0.00,2
20856,0.051,0.049,1.000,-0.000,-0.000,0.000,-13.000,19.000,44.000,0.9764,0.0279,-0.0274,-0.2126,0.00,0.00,0.00,4.48,86792.8,0,0.00,0.00,2
20876,0.051,0.049,1.000,-0.000,-0.000,0.000,-13.000,19.000,44.000,0.9763,0.0279,-0.0274,-0.2127,0.00,0.00,0.00,4.48,86792.8,0,0.00,0.00,2
20896,0.051,0.049,1.000,-0.000,-0.000,0.000,-13.000,19.000,44.000,0.9763,0.0278,-0.0274,-0.2129,0.00,0.00,0.00,4.48,86792.8,0,0.00,0.00,2
20916,0.051,0.049,1.000,-0.000,-0.000,0.000,-13.000,19.000,44.000,0.9762,0.0278,-0.0274,-0.2131,0.00,0.00,0.00,4.48,86792.8,0,0.00,0.00,2
20936,0.051,0.049,1.000,-0.000,-0.000,0.000,-13.000,19.000,44.000,0.9762,0.0278,-0.0275,-0.2133,0.00,0.00,0.00,4.48,86792.8,0,0.00,0.00,2
20956,0.051,0.049,1.000,-0.000,-0.000,0.000,-13.000,19.000,44.000,0.9762,0.0277,-0.0275,-0.2135,0.00,0.00,0.00,4.47,86792.8,0,0.00,0.00,2
20976,0.051,0.049,1.000,-0.000,-0.000,0.000,-13.000,19.000,44.000,0.9761,0.0277,-0.0275,-0.2137,0.00,0.00,0.00,4.47,86792.8,0,0.00,0.00,2
20996,0.051,0.049,1.000,-0.000,-0.000,0.000,-13.000,19.000,44.000,0.9761,0.0277,-0.0275,-0.2139,0.00,0.00,0.00,4.47,86792.8,0,0.00,0.00,2
21016,0.051,0.049,1.000,-0.000,-0.000,0.000,-13.000,19.000,44.000,0.9760,0.0277,-0.0275,-0.2140,0.00,0.00,0.00,4.47,86792.8,0,0.00,0.00,2
21036,0.051,0.049,1.000,-0.000,-0.000,0.000,-13.000,19.000,44.000,0.9760,0.0276,-0.0275,-0.2142,0.00,0.00,0.00,4.47,86792.8,0,0.00,0.00,2
21056,0.051,0.049,1.000,-0.000,-0.000,0.000,-13.000,19.000,44.000,0.9760,0.0276,-0.0275,-0.2144,0.00,0.00,0.00,4.47,86792.8,0,0.00,0.00,2
21076,0.051,0.049,1.000,-0.000,-0.000,0.000,-13.000,19.000,44.000,0.9759,0.0276,-0.0275,-0.2146,0.00,0.00,0.00,4.46,86792.8,0,0.00,0.00,2
21096,0.051,0.049,1.000,-0.000,-0.000,0.000,-13.000,19.000,44.000,0.9759,0.0275,-0.0275,-0.2148,0.00,0.00,0.00,4.46,86792.8,0,0.00,0.00,2
21116,0.051,0.049,1.000,-0.000,-0.000,0.000,-13.000,19.000,44.000,0.9758,0.0275,-0.0275,-0.2150,0.00,0.00,0.00,4.46,86792.8,0,0.00,0.00,2
21136,0.051,0.049,1.000,-0.000,-0.000,0.000,-13.000,19.000,44.000,0.9758,0.0275,-0.0275,-0.2151,0.00,0.00,0.00,4.46,86792.8,0,0.00,0.00,2
21156,0.051,0.049,1.000,-0.000,-0.000,0.000,-13.000,19.000,44.000,0.9758,0.0274,-0.0276,-0.2153,0.00,0.00,0.00,4.46,86792.8,0,0.00,0.00,2
21176,0.051,0.049,1.000,-0.000,-0.000,0.000,-13.000,19.000,44.000,0.9757,0.0274,-0.0276,-0.2155,0.00,0.00,0.00,4.46,86792.8,0,0.00,0.00,2
21196,0.051,0.049,1.000,-0.000,-0.000,0.000,-13.000,19.000,44.000,0.9757,0.0274,-0.0276,-0.2157,0.00,0.00,0.00,4.45,86792.8,0,0.00,0.00,2
21216,0.051,0.049,1.000,-0.000,-0.000,0.000,-13.000,19.000,44.000,0.9756,0.0273,-0.0276,-0.2159,0.00,0.00,0.00,4.45,86792.8,0,0.00,0.00,2
21236,0.051,0.049,1.000,-0.000,-0.000,0.000,-13.000,19.000,44.000,0.9756,0.0273,-0.0276,-0.2161,0.00,0.00,0.00,4.45,86792.8,0,0.00,0.00,2
21256,0.051,0.049,1.000,-0.000,-0.000,0.000,-13.000,19.000,44.000,0.9756,0.0273,-0.0276,-0.2162,0.00,0.00,0.00,4.45,86792.8,0,0.00,0.00,2
21276,0.051,0.049,1.000,-0.000,-0.000,0.000,-13.000,19.000,44.000,0.9755,0.0273,-0.0276,-0.2164,0.00,0.00,0.00,4.45,86792.8,0,0.00,0.00,2
21296,0.051,0.049,1.000,-0.000,-0.000,0.000,-13.000,19.000,44.000,0.9755,0.0272,-0.0276,-0.2166,0.00,0.00,0.00,4.45,86792.8,0,0.00,0.00,2
21316,0.051,0.049,1.000,-0.000,-0.000,0.000,-13.000,19.000,44.000,0.9755,0.0272,-0.0276,-0.2168,0.00,0.00,0.00,4.44,86792.8,0,0.00,0.00,2
21336,0.051,0.049,1.000,-0.000,-0.000,0.000,-13.000,19.000,44.000,0.9754,0.0272,-0.0276,-0.2170,0.00,0.00,0.00,4.44,86792.8,0,0.00,0.00,2
21356,0.051,0.049,1.000,-0.000,-0.000,0.000,-13.000,19.000,44.000,0.9754,0.0271,-0.0276,-0.2171,0.00,0.00,0.00,4.44,86792.8,0,0.00,0.00,2
21376,0.051,0.049,1.000,-0.000,-0.000,0.000,-13.000,19.000,44.000,0.9753,0.0271,-0.0277,-0.2173,0.00,0.00,0.00,4.44,86792.8,0,0.00,0.00,2
21396,0.051,0.049,1.000,-0.000,-0.000,0.000,-13.000,19.000,44.000,0.9753,0.0271,-0.0277,-0.2175,0.00,0.00,0.00,4.44,86792.8,0,0.00,0.00,2
21416,0.051,0.049,1.000,-0.000,-0.000,0.000,-13.000,19.000,44.000,0.9753,0.0271,-0.0277,-0.2177,0.00,0.00,0.00,4.44,86792.8,0,0.00,0.00,2
21436,0.051,0.049,1.000,-0.000,-0.000,0.000,-13.000,19.000,44.000,0.9752,0.0270,-0.0277,-0.2179,0.00,0.00,0.00,4.43,86792.8,0,0.00,0.00,2
21456,0.051,0.049,1.000,-0.000,-0.000,0.000,-13.000,19.000,44.000,0.9752,0.0270,-0.0277,-0.2180,0.00,0.00,0.00,4.43,86792.8,0,0.00,0.00,2
21476,0.051,0.049,1.000,-0.000,-0.000,0.000,-13.000,19.000,44.000,0.9751,0.0270,-0.0277,-0.2182,0.00,0.00,0.00,4.43,86792.8,0,0.00,0.00,2
21496,0.051,0.049,1.000,-0.000,-0.000,0.000,-13.000,19.000,44.000,0.9751,0.0269,-0.0277,-0.2184,0.00,0.00,0.00,4.43,86792.8,0,0.00,0.00,2
21516,0.051,0.049,1.000,-0.000,-0.000,0.000,-13.000,19.000,44.000,0.9751,0.0269,-0.0277,-0.2186,0.00,0.00,0.00,4.43,86792.8,0,0.00,0.00,2
21536,0.051,0.049,1.000,-0.000,-0.000,0.000,-13.000,19.000,44.000,0.9750,0.0269,-0.0277,-0.2187,0.00,0.00,0.00,4.43,86792.8,0,0.00,0.00,2
21556,0.051,0.049,1.000,-0.000,-0.000,0.000,-13.000,19.000,44.000,0.9750,0.0268,-0.0277,-0.2189,0.00,0.00,0.00,4.42,86792.8,0,0.00,0.00,2
21576,0.051,0.049,1.000,-0.000,-0.000,0.000,-13.000,19.000,44.000,0.9749,0.0268,-0.0277,-0.2191,0.00,0.00,0.00,4.42,86792.8,0,0.00,0.00,2
21596,0.051,0.049,1.000,-0.000,-0.000,0.000,-13.000,19.000,44.000,0.9749,0.0268,-0.0278,-0.2193,0.00,0.00,0.00,4.42,86792.8,0,0.00,0.00,2
21616,0.051,0.049,1.000,-0.000,-0.000,0.000,-13.000,19.000,44.000,0.9749,0.0268,-0.0278,-0.2194,0.00,0.00,0.00,4.42,86792.8,0,0.00,0.00,2
21636,0.051,0.049,1.000,-0.000,-0.000,0.000,-13.000,19.000,44.000,0.9748,0.0267,-0.0278,-0.2196,0.00,0.00,0.00,4.42,86792.8,0,0.00,0.00,2
21656,0.051,0.049,1.000,-0.000,-0.000,0.000,-13.000,19.000,44.000,0.9748,0.0267,-0.0278,-0.2198,0.00,0.00,0.00,4.42,86792.8,0,0.00,0.00,2
21676,0.051,0.049,1.000,-0.000,-0.000,0.000,-13.000,19.000,44.000,0.9747,0.0267,-0.0278,-0.2200,0.00,0.00,0.00,4.42,86792.8,0,0.00,0.00,2
21696,0.051,0.049,1.000,-0.000,-0.000,0.000,-13.000,19.000,44.000,0.9747,0.0266,-0.0278,-0.2201,0.00,0.00,0.00,4.41,86792.8,0,0.00,0.00,2
21716,0.051,0.049,1.000,-0.000,-0.000,0.000,-13.000,19.000,44.000,0.9747,0.0266,-0.0278,-0.2203,0.00,0.00,0.00,4.41,86792.8,0,0.00,0.00,2
21736,0.051,0.049,1.000,-0.000,-0.000,0.000,-13.000,19.000,44.000,0.9746,0.0266,-0.0278,-0.2205,0.00,0.00,0.00,4.41,86792.8,0,0.00,0.00,2
21756,0.051,0.049,1.000,-0.000,-0.000,0.000,-13.000,19.000,44.000,0.9746,0.0266,-0.0278,-0.2207,0.00,0.00,0.00,4.41,86792.8,0,0.00,0.00,2
21776,0.051,0.049,1.000,-0.000,-0.000,0.000,-13.000,19.000,44.000,0.9746,0.0265,-0.0278,-0.2208,0.00,0.00,0.00,4.41,86792.8,0,0.00,0.00,2
21796,0.051,0.049,1.000,-0.000,-0.000,0.000,-13.000,19.000,44.000,0.9745,0.0265,-0.0278,-0.2210,0.00,0.00,0.00,4.41,86792.8,0,0.00,0.00,2
21816,0.051,0.049,1.000,-0.000,-0.000,0.000,-13.000,19.000,44.000,0.9745,0.0265,-0.0279,-0.2212,0.00,0.00,0.00,4.40,86792.8,0,0.00,0.00,2
21836,0.051,0.049,1.000,-0.000,-0.000,0.000,-13.000,19.000,44.000,0.9744,0.0264,-0.0279,-0.2214,0.00,0.00,0.00,4.40,86792.8,0,0.00,0.00,2
21856,0.051,0.049,1.000,-0.000,-0.000,0.000,-13.000,19.000,44.000,0.9744,0.0264,-0.0279,-0.2215,0.00,0.00,0.00,4.40,86792.8,0,0.00,0.00,2
21876,0.051,0.049,1.000,-0.000,-0.000,0.000,-13.000,19.000,44.000,0.9744,0.0264,-0.0279,-0.2217,0.00,0.00,0.00,4.40,86792.8,0,0.00,0.00,2
21896,0.051,0.049,1.000,-0.000,-0.000,0.000,-13.000,19.000,44.000,0.9743,0.0264,-0.0279,-0.2219,0.00,0.00,0.00,4.40,86792.8,0,0.00,0.00,2
21916,0.051,0.049,1.000,-0.000,-0.000,0.000,-13.000,19.000,44.000,0.9743,0.0263,-0.0279,-0.2220,0.00,0.00,0.00,4.40,86792.8,0,0.00,0.00,2
21938,0.051,0.049,1.000,-0.000,0.183,0.000,-13.000,19.000,44.000,0.9742,0.0263,-0.0279,-0.2222,0.00,0.00,0.00,4.40,86792.8,0,0.00,0.00,2
21958,0.047,0.049,0.999,-0.061,-0.000,0.122,-11.000,18.000,43.000,0.9742,0.0260,-0.0279,-0.2223,0.00,0.00,0.00,4.38,86781.8,0,0.00,0.00,2
21978,0.048,0.049,0.997,0.061,0.061,0.061,-10.000,16.000,43.000,0.9742,0.0258,-0.0280,-0.2223,0.00,0.00,0.00,4.36,86791.5,0,0.00,0.00,2
21998,0.048,0.050,0.998,-0.061,0.061,0.122,-11.000,17.000,44.000,0.9742,0.0256,-0.0280,-0.2224,0.00,0.00,0.00,4.35,86791.2,0,0.00,0.00,2
22018,0.045,0.049,0.995,-0.000,0.061,0.061,-10.000,17.000,44.000,0.9742,0.0253,-0.0280,-0.2224,0.00,-0.00,0.00,4.32,86793.0,0,0.00,0.00,2
22038,0.049,0.046,0.995,0.061,0.061,0.122,-8.000,19.000,43.000,0.9742,0.0250,-0.0280,-0.2224,0.00,0.00,0.00,4.31,86773.0,0,0.00,0.00,2
22058,0.050,0.049,0.999,-0.061,-0.000,0.122,-12.000,16.000,43.000,0.9742,0.0252,-0.0280,-0.2226,0.00,0.00,0.00,4.31,86788.2,0,0.00,0.00,2
22078,0.047,0.049,1.000,-0.000,0.122,0.122,-12.000,16.000,44.000,0.9741,0.0253,-0.0279,-0.2227,0.00,0.00,0.00,4.32,86791.4,0,0.00,0.00,2
22098,0.044,0.049,0.997,-0.000,-0.122,0.061,-12.000,17.000,44.000,0.9741,0.0254,-0.0277,-0.2229,0.00,0.00,0.00,4.31,86787.7,0,0.00,0.00,2
22118,0.048,0.050,0.995,0.061,0.122,0.122,-12.000,17.000,44.000,0.9741,0.0255,-0.0277,-0.2231,0.00,-0.00,0.00,4.31,86794.7,0,0.00,0.00,2
22138,0.047,0.049,0.995,0.061,0.061,0.122,-13.000,17.000,44.000,0.9740,0.0256,-0.0276,-0.2233,0.00,-0.00,0.00,4.32,86803.0,0,0.00,0.00,2
22158,0.045,0.050,0.998,-0.061,-0.000,0.122,-11.000,16.000,44.000,0.9740,0.0256,-0.0275,-0.2235,0.00,0.00,0.00,4.31,86786.6,0,0.00,0.00,2
22178,0.049,0.048,0.997,-0.000,0.122,0.122,-11.000,17.000,43.000,0.9740,0.0254,-0.0276,-0.2236,0.01,0.00,0.00,4.30,86779.2,0,0.00,0.00,2
22198,0.046,0.050,0.997,-0.061,0.122,0.061,-13.000,17.000,45.000,0.9739,0.0255,-0.0275,-0.2237,0.01,-0.00,0.00,4.30,86793.6,0,0.00,0.00,2
22218,0.046,0.052,0.996,-0.000,0.061,0.122,-11.000,17.000,44.000,0.9739,0.0254,-0.0275,-0.2238,0.01,0.00,0.00,4.29,86785.8,0,0.00,0.00,2
22238,0.048,0.048,1.000,-0.000,0.061,0.122,-11.000,17.000,43.000,0.9739,0.0252,-0.0275,-0.2240,0.01,0.00,0.00,4.28,86781.3,0,0.00,0.00,2
22258,0.047,0.048,0.998,-0.000,-0.122,0.061,-10.000,17.000,43.000,0.9739,0.0249,-0.0275,-0.2240,0.01,-0.00,0.00,4.26,86794.9,0,0.00,0.00,2
22278,0.046,0.048,0.998,-0.061,0.122,0.061,-11.000,16.000,43.000,0.9739,0.0249,-0.0275,-0.2241,0.01,0.00,0.00,4.25,86781.0,0,0.00,0.00,2
22298,0.047,0.049,0.993,-0.061,-0.061,0.122,-12.000,17.000,44.000,0.9738,0.0250,-0.0274,-0.2243,0.01,0.00,0.00,4.25,86792.6,0,0.00,0.00,2
22318,0.048,0.047,1.003,-0.061,-0.061,0.122,-13.000,16.000,43.000,0.9738,0.0251,-0.0273,-0.2245,0.01,0.00,0.00,4.25,86792.6,0,0.00,0.00,2
22338,0.050,0.048,0.999,0.061,-0.061,0.061,-11.000,16.000,43.000,0.9737,0.0251,-0.0273,-0.2246,0.01,0.00,0.00,4.25,86783.0,0,0.00,0.00,2
22358,0.047,0.047,0.999,-0.000,-0.000,0.061,-10.000,17.000,43.000,0.9737,0.0248,-0.0274,-0.2246,0.01,-0.00,0.00,4.23,86805.8,0,0.00,0.00,2
22378,0.049,0.050,0.997,-0.000,0.061,0.061,-10.000,16.000,44.000,0.9737,0.0246,-0.0275,-0.2247,0.01,0.00,0.00,4.23,86782.9,0,0.00,0.00,2
22398,0.046,0.048,0.998,-0.000,-0.000,0.122,-12.000,16.000,42.000,0.9737,0.0247,-0.0274,-0.2249,0.01,-0.00,0.00,4.23,86798.6,0,0.00,0.00,2
22418,0.049,0.049,0.998,-0.000,0.061,0.122,-11.000,16.000,44.000,0.9736,0.0247,-0.0274,-0.2250,0.01,-0.00,0.00,4.23,86801.6,0,0.00,0.00,2
22438,0.045,0.047,0.999,0.061,0.061,0.061,-11.000,18.000,43.000,0.9736,0.0245,-0.0274,-0.2251,0.01,-0.00,0.00,4.21,86793.1,0,0.00,0.00,2
22458,0.046,0.048,0.997,-0.061,0.122,0.061,-10.000,15.000,43.000,0.9736,0.0243,-0.0274,-0.2252,0.01,0.00,0.00,4.19,86787.0,0,0.00,0.00,2
22478,0.047,0.050,0.996,-0.000,-0.000,0.061,-11.000,19.000,44.000,0.9736,0.0240,-0.0275,-0.2252,0.01,-0.00,0.00,4.18,86795.5,0,0.00,0.00,2
22498,0.045,0.048,1.000,-0.000,-0.000,0.122,-13.000,17.000,42.000,0.9736,0.0242,-0.0274,-0.2254,0.01,0.00,0.00,4.19,86780.8,0,0.00,0.00,2
22518,0.048,0.047,0.701,0.061,0.122,0.061,-12.000,17.000,43.000,0.9736,0.0244,-0.0276,-0.2255,0.01,0.00,2.91,4.22,86781.8,0,0.00,0.00,2
22538,0.046,0.050,0.125,-0.000,0.061,0.183,-10.000,17.000,45.000,0.9735,0.0245,-0.0279,-0.2255,0.01,0.00,8.53,4.26,86799.5,0,0.00,0.00,2
22558,0.047,0.049,-0.454,-0.000,-0.000,0.183,-10.000,17.000,45.000,0.9735,0.0247,-0.0281,-0.2255,0.01,0.00,14.20,4.29,86788.3,0,0.00,0.00,2
22578,0.044,0.048,-1.032,-0.000,-0.061,0.244,-12.000,17.000,44.000,0.9735,0.0249,-0.0283,-0.2256,0.02,0.00,19.85,4.32,86788.5,0,0.00,0.00,3
22598,0.047,0.048,-1.609,0.061,0.122,0.244,-11.000,17.000,43.000,0.9735,0.0249,-0.0283,-0.2256,0.02,0.51,25.49,4.32,86787.5,0,0.00,0.00,3
22617,0.049,0.049,-2.189,-0.061,0.122,0.427,-10.000,15.000,44.000,0.9735,0.0249,-0.0283,-0.2256,0.04,1.13,31.16,4.32,86786.6,0,0.00,0.00,3
22637,0.047,0.049,-2.768,-0.000,0.061,0.427,-11.000,17.000,43.000,0.9735,0.0249,-0.0283,-0.2256,0.07,1.87,36.82,4.32,86782.4,0,0.00,0.00,3
22661,0.047,0.049,-2.766,-0.000,0.122,0.549,-11.000,16.000,43.000,0.9735,0.0249,-0.0283,-0.2256,0.12,2.61,36.81,4.32,86777.8,0,0.00,0.00,3
22677,0.047,0.052,-2.769,-0.000,0.183,0.610,-11.000,16.000,43.000,0.9735,0.0249,-0.0283,-0.2256,0.17,3.34,36.83,4.32,86799.0,0,0.00,0.00,3
22697,0.048,0.048,-2.763,-0.000,0.061,0.549,-11.000,18.000,43.000,0.9735,0.0249,-0.0283,-0.2256,0.25,4.08,36.78,4.32,86791.2,0,0.00,0.00,3
22718,0.047,0.049,-2.764,-0.061,0.122,0.427,-10.000,16.000,43.000,0.9735,0.0249,-0.0283,-0.2256,0.34,4.81,36.78,4.32,86776.6,0,0.00,0.00,3
22737,0.046,0.047,-2.764,-0.061,0.061,0.366,-11.000,17.000,43.000,0.9735,0.0249,-0.0283,-0.2256,0.44,5.55,36.79,4.32,86783.0,0,0.00,0.00,3
22757,0.048,0.049,-2.761,-0.000,-0.122,0.427,-11.000,17.000,43.000,0.9735,0.0249,-0.0283,-0.2256,0.56,6.29,36.75,4.32,86782.9,0,0.00,0.00,3
22777,0.047,0.047,-2.757,0.061,0.061,0.366,-12.000,18.000,44.000,0.9735,0.0249,-0.0283,-0.2256,0.70,7.02,36.72,4.32,86773.8,0,0.00,0.00,3
22797,0.048,0.048,-2.761,-0.000,0.061,0.427,-11.000,17.000,44.000,0.9735,0.0249,-0.0283,-0.2256,0.84,7.76,36.75,4.32,86790.1,0,0.00,0.00,3
22817,0.046,0.049,-2.758,-0.061,0.122,0.427,-11.000,18.000,43.000,0.9735,0.0249,-0.0283,-0.2256,1.01,8.49,36.73,4.32,86774.4,0,0.00,0.00,3
22838,0.051,0.049,-2.755,-0.000,-0.000,0.488,-12.000,16.000,45.000,0.9735,0.0249,-0.0283,-0.2256,1.18,9.23,36.70,4.32,86780.2,0,0.00,0.00,3
22857,0.046,0.047,-2.757,-0.061,-0.000,0.549,-10.000,16.000,44.000,0.9735,0.0249,-0.0283,-0.2256,1.38,9.96,36.72,4.32,86767.7,0,0.00,0.00,3
22877,0.048,0.048,-2.750,0.122,0.122,0.427,-11.000,17.000,44.000,0.9735,0.0249,-0.0283,-0.2256,1.58,10.70,36.64,4.32,86777.8,0,0.00,0.00,3
22897,0.047,0.048,-2.752,-0.061,0.061,0.488,-13.000,17.000,43.000,0.9735,0.0249,-0.0283,-0.2256,1.81,11.43,36.67,4.32,86763.7,0,0.00,0.00,3
22917,0.047,0.048,-2.750,-0.061,0.061,0.549,-11.000,16.000,44.000,0.9735,0.0249,-0.0283,-0.2256,2.05,12.17,36.64,4.32,86750.7,0,0.00,0.00,3
22937,0.048,0.049,-2.749,-0.061,0.183,0.488,-11.000,16.000,43.000,0.9735,0.0249,-0.0283,-0.2256,2.30,12.91,36.64,4.32,86762.4,0,0.00,0.00,3
22958,0.048,0.050,-2.753,-0.061,0.122,0.549,-10.000,17.000,44.000,0.9735,0.0249,-0.0283,-0.2256,2.57,13.65,36.68,4.32,86757.9,0,0.00,0.00,3
22977,0.049,0.048,-2.744,0.183,0.061,0.427,-13.000,16.000,43.000,0.9735,0.0249,-0.0283,-0.2256,2.85,14.39,36.59,4.32,86744.0,0,0.00,0.00,3
22997,0.047,0.049,-2.750,-0.000,0.061,0.366,-11.000,16.000,43.000,0.9735,0.0249,-0.0283,-0.2256,3.15,15.12,36.65,4.32,86753.8,0,0.00,0.00,3
23017,0.046,0.049,-2.745,-0.000,0.061,0.488,-11.000,16.000,43.000,0.9735,0.0249,-0.0283,-0.2256,3.46,15.86,36.60,4.32,86749.0,0,0.00,0.00,3
23037,0.048,0.047,-2.745,0.061,0.183,0.488,-13.000,15.000,44.000,0.9735,0.0249,-0.0283,-0.2256,3.79,16.60,36.60,4.32,86735.5,0,0.00,0.00,3
23057,0.210,0.066,-2.755,0.061,0.061,0.427,-12.000,15.000,44.000,0.9735,0.0249,-0.0283,-0.2256,4.13,17.35,36.62,4.32,86735.7,0,0.00,0.00,3
23078,0.213,0.065,-2.752,1.465,0.122,1.587,-11.000,17.000,44.000,0.9735,0.0249,-0.0283,-0.2256,4.49,18.09,36.59,4.32,86734.1,0,0.00,0.00,3
23097,0.215,0.067,-2.753,2.991,0.183,2.686,-11.000,16.000,44.000,0.9735,0.0249,-0.0283,-0.2256,4.86,18.82,36.59,4.32,86741.1,0,0.00,0.00,3
23117,0.218,0.068,-2.753,4.517,0.061,3.845,-13.000,17.000,44.000,0.9735,0.0249,-0.0283,-0.2256,5.25,19.57,36.59,4.32,86726.2,0,0.00,0.00,3
23137,0.221,0.071,-2.756,6.042,0.183,5.005,-12.000,16.000,43.000,0.9735,0.0249,-0.0283,-0.2256,5.66,20.31,36.62,4.32,86727.5,0,0.00,0.00,3
23157,0.222,0.074,-2.760,7.690,-0.000,6.165,-12.000,18.000,43.000,0.9735,0.0249,-0.0283,-0.2256,6.07,21.04,36.66,4.32,86729.6,0,0.00,0.00,3
23177,0.226,0.075,-2.767,9.277,0.061,7.324,-11.000,17.000,44.000,0.9735,0.0249,-0.0283,-0.2256,6.50,21.77,36.72,4.32,86734.1,0,0.00,0.00,3
23198,0.227,0.081,-2.765,10.864,-0.061,8.484,-11.000,16.000,43.000,0.9735,0.0249,-0.0283,-0.2256,6.95,22.54,36.70,4.32,86694.4,0,0.00,0.00,3
23217,0.229,0.085,-2.767,12.451,0.061,9.766,-11.000,16.000,42.000,0.9735,0.0249,-0.0283,-0.2256,7.42,23.29,36.72,4.32,86704.3,0,0.00,0.00,3
23237,0.229,0.095,-2.768,14.221,-0.122,10.864,-12.000,14.000,43.000,0.9735,0.0249,-0.0283,-0.2256,7.90,24.04,36.72,4.32,86695.2,0,0.00,0.00,3
23257,0.229,0.103,-2.776,15.808,-0.244,12.024,-11.000,16.000,43.000,0.9735,0.0249,-0.0283,-0.2256,8.40,24.80,36.79,4.32,86694.1,0,0.00,0.00,3
23277,0.231,0.109,-2.779,17.395,-0.366,13.245,-11.000,16.000,44.000,0.9735,0.0249,-0.0283,-0.2256,8.92,25.56,36.81,4.32,86685.3,0,0.00,0.00,3
23297,0.229,0.121,-2.778,19.165,-0.427,14.465,-11.000,16.000,44.000,0.9735,0.0249,-0.0283,-0.2256,9.45,26.33,36.80,4.32,86677.3,0,0.00,0.00,3
23318,0.228,0.135,-2.787,20.752,-0.549,15.564,-11.000,16.000,44.000,0.9735,0.0249,-0.0283,-0.2256,10.00,27.08,36.88,4.32,86682.9,0,0.00,0.00,3
23337,0.229,0.145,-2.789,22.400,-0.793,16.724,-12.000,14.000,45.000,0.9735,0.0249,-0.0283,-0.2256,10.55,27.83,36.89,4.32,86683.0,0,0.00,0.00,3
23357,0.226,0.159,-2.793,23.926,-0.855,18.066,-11.000,14.000,45.000,0.9735,0.0249,-0.0283,-0.2256,11.13,28.59,36.93,4.32,86668.8,0,0.00,0.00,3
23377,0.229,0.174,-2.804,25.574,-1.282,19.165,-12.000,14.000,44.000,0.9735,0.0249,-0.0283,-0.2256,11.72,29.36,37.02,4.32,86657.9,0,0.00,0.00,3
23397,0.225,0.191,-2.806,26.917,-1.465,20.447,-11.000,13.000,45.000,0.9735,0.0249,-0.0283,-0.2256,12.33,30.12,37.04,4.32,86658.4,0,0.00,0.00,3
23421,0.221,0.206,-2.815,28.381,-1.892,21.484,-12.000,14.000,45.000,0.9735,0.0249,-0.0283,-0.2256,12.97,30.91,37.11,4.32,86638.6,0,0.00,0.00,3
23438,0.221,0.226,-2.818,29.724,-2.197,22.766,-10.000,13.000,46.000,0.9735,0.0249,-0.0283,-0.2256,13.63,31.72,37.13,4.32,86622.9,0,0.00,0.00,3
23457,0.218,0.245,-2.826,31.006,-2.686,23.743,-11.000,12.000,46.000,0.9735,0.0249,-0.0283,-0.2256,14.30,32.50,37.20,4.32,86630.9,0,0.00,0.00,3
23477,0.213,0.267,-2.833,32.166,-2.930,25.146,-10.000,11.000,44.000,0.9735,0.0249,-0.0283,-0.2256,14.97,33.27,37.26,4.32,86629.0,0,0.00,0.00,3
23497,0.210,0.287,-2.837,33.081,-3.418,26.184,-10.000,13.000,46.000,0.9735,0.0249,-0.0283,-0.2256,15.67,34.05,37.29,4.32,86621.9,0,0.00,0.00,3
23517,0.207,0.312,-2.849,33.936,-3.784,27.344,-10.000,13.000,46.000,0.9735,0.0249,-0.0283,-0.2256,16.37,34.83,37.39,4.32,86616.0,0,0.00,0.00,3
23537,0.202,0.335,-2.854,34.912,-4.211,28.503,-10.000,12.000,46.000,0.9735,0.0249,-0.0283,-0.2256,17.12,35.64,37.43,4.32,86595.4,0,0.00,0.00,3
23558,0.197,0.360,-2.863,35.522,-4.761,29.663,-8.000,10.000,44.000,0.9735,0.0249,-0.0283,-0.2256,17.86,36.43,37.50,4.32,86599.5,0,0.00,0.00,3
23577,0.195,0.388,-2.867,36.072,-5.249,30.762,-12.000,10.000,46.000,0.9735,0.0249,-0.0283,-0.2256,18.62,37.21,37.52,4.32,86594.2,0,0.00,0.00,3
23597,0.192,0.417,-2.874,36.560,-5.737,31.860,-10.000,10.000,45.000,0.9735,0.0249,-0.0283,-0.2256,19.39,37.99,37.57,4.32,86587.2,0,0.00,0.00,3
23617,0.189,0.445,-2.880,36.682,-6.165,32.837,-11.000,9.000,47.000,0.9735,0.0249,-0.0283,-0.2256,20.17,38.76,37.62,4.32,86584.5,0,0.00,0.00,3
23637,0.183,0.475,-2.888,36.621,-6.775,34.119,-9.000,7.000,47.000,0.9735,0.0249,-0.0283,-0.2256,21.00,39.57,37.69,4.32,86560.5,0,0.00,0.00,3
23657,0.180,0.504,-2.895,36.560,-7.263,35.156,-11.000,8.000,46.000,0.9735,0.0249,-0.0283,-0.2256,21.88,40.44,37.74,4.32,86533.1,0,0.00,0.00,3
23678,0.180,0.538,-2.899,36.133,-7.690,36.255,-10.000,9.000,46.000,0.9735,0.0249,-0.0283,-0.2256,22.72,41.24,37.76,4.32,86551.7,0,0.00,0.00,3
23697,0.177,0.571,-2.909,35.645,-8.240,37.293,-13.000,7.000,47.000,0.9735,0.0249,-0.0283,-0.2256,23.61,42.07,37.83,4.32,86529.9,0,0.00,0.00,3
23717,0.179,0.603,-2.912,34.973,-8.606,38.391,-10.000,8.000,46.000,0.9735,0.0249,-0.0283,-0.2256,24.52,42.90,37.84,4.32,86521.6,0,0.00,0.00,3
23737,0.174,0.637,-2.919,34.058,-8.911,39.429,-10.000,7.000,47.000,0.9735,0.0249,-0.0283,-0.2256,25.45,43.74,37.90,4.32,86510.9,0,0.00,0.00,3
23757,0.178,0.670,-2.927,32.776,-9.033,40.588,-10.000,7.000,47.000,0.9735,0.0249,-0.0283,-0.2256,26.39,44.57,37.95,4.32,86505.9,0,0.00,0.00,3
23777,0.181,0.703,-2.931,31.433,-9.277,41.382,-10.000,7.000,47.000,0.9735,0.0249,-0.0283,-0.2256,27.32,45.38,37.97,4.32,86504.6,0,0.00,0.00,3
23798,0.183,0.738,-2.937,29.968,-9.583,42.541,-11.000,6.000,47.000,0.9735,0.0249,-0.0283,-0.2256,28.30,46.22,38.00,4.32,86484.5,0,0.00,0.00,3
23817,0.190,0.771,-2.942,28.320,-9.460,43.640,-10.000,4.000,47.000,0.9735,0.0249,-0.0283,-0.2256,29.29,47.05,38.03,4.32,86477.4,0,0.00,0.00,3
23837,0.195,0.802,-2.942,26.367,-9.460,44.495,-10.000,4.000,47.000,0.9735,0.0249,-0.0283,-0.2256,30.28,47.86,38.01,4.32,86475.4,0,0.00,0.00,3
23857,0.210,0.830,-2.953,24.475,-9.277,45.532,-11.000,5.000,47.000,0.9735,0.0249,-0.0283,-0.2256,31.29,48.68,38.10,4.32,86464.8,0,0.00,0.00,3
23877,0.220,0.858,-2.956,22.278,-9.033,46.570,-12.000,3.000,45.000,0.9735,0.0249,-0.0283,-0.2256,32.35,49.54,38.10,4.32,86440.2,0,0.00,0.00,3
23897,0.231,0.886,-2.963,19.897,-8.606,47.546,-11.000,5.000,47.000,0.9735,0.0249,-0.0283,-0.2256,33.39,50.35,38.15,4.32,86444.5,0,0.00,0.00,3
23918,0.247,0.909,-2.965,17.517,-8.118,48.645,-10.000,5.000,47.000,0.9735,0.0249,-0.0283,-0.2256,34.47,51.19,38.15,4.32,86426.7,0,0.00,0.00,3
23937,0.262,0.931,-2.973,14.954,-7.446,49.561,-12.000,5.000,47.000,0.9735,0.0249,-0.0283,-0.2256,35.55,52.01,38.21,4.32,86420.2,0,0.00,0.00,3
23957,0.280,0.947,-2.977,12.451,-6.714,50.598,-12.000,3.000,47.000,0.9735,0.0249,-0.0283,-0.2256,36.65,52.84,38.23,4.32,86408.6,0,0.00,0.00,3
23977,0.302,0.962,-2.979,9.888,-5.920,51.514,-11.000,4.000,46.000,0.9735,0.0249,-0.0283,-0.2256,37.78,53.68,38.22,4.32,86394.4,0,0.00,0.00,3
23997,0.323,0.970,-2.986,7.263,-5.005,52.368,-10.000,4.000,46.000,0.9735,0.0249,-0.0283,-0.2256,38.92,54.51,38.28,4.32,86385.9,0,0.00,0.00,3
24017,0.345,0.976,-2.989,4.639,-3.784,53.345,-11.000,5.000,46.000,0.9735,0.0249,-0.0283,-0.2256,40.10,55.36,38.30,4.32,86366.7,0,0.00,0.00,3
24038,0.371,0.973,-2.987,2.136,-2.624,54.260,-10.000,5.000,46.000,0.9735,0.0249,-0.0283,-0.2256,41.25,56.18,38.27,4.32,86368.0,0,0.00,0.00,3
24057,0.392,0.969,-2.991,-0.366,-1.404,55.176,-11.000,5.000,46.000,0.9735,0.0249,-0.0283,-0.2256,42.47,57.04,38.31,4.32,86341.3,0,0.00,0.00,3
24077,0.421,0.957,-2.997,-2.869,0.061,56.091,-12.000,4.000,47.000,0.9735,0.0249,-0.0283,-0.2256,43.66,57.84,38.36,4.32,86346.6,0,0.00,0.00,3
24097,0.448,0.941,-3.000,-4.944,1.282,57.007,-10.000,5.000,47.000,0.9735,0.0249,-0.0283,-0.2256,44.89,58.69,38.38,4.32,86324.5,0,0.00,0.00,3
24117,0.470,0.921,-2.999,-7.141,2.808,57.922,-11.000,7.000,46.000,0.9735,0.0249,-0.0283,-0.2256,46.14,59.52,38.37,4.32,86313.4,0,0.00,0.00,3
24137,0.495,0.894,-2.997,-8.972,4.211,58.899,-11.000,7.000,46.000,0.9735,0.0249,-0.0283,-0.2256,47.40,60.36,38.36,4.32,86301.0,0,0.00,0.00,3
24179,0.520,0.861,-2.998,-10.742,5.737,59.814,-11.000,6.000,48.000,0.9735,0.0249,-0.0283,-0.2256,48.64,61.16,38.38,4.32,86299.5,0,0.00,0.00,3
24181,0.542,0.824,-3.000,-12.207,7.141,60.791,-10.000,5.000,47.000,0.9735,0.0249,-0.0283,-0.2256,49.91,61.97,38.41,4.32,86283.2,0,0.00,0.00,3
24197,0.564,0.779,-2.991,-13.367,8.545,61.584,-11.000,7.000,47.000,0.9735,0.0249,-0.0283,-0.2256,51.20,62.78,38.34,4.32,86270.1,0,0.00,0.00,3
24217,0.582,0.732,-2.996,-14.404,9.766,62.500,-9.000,7.000,47.000,0.9735,0.0249,-0.0283,-0.2256,52.49,63.57,38.41,4.32,86262.4,0,0.00,0.00,3
24237,0.597,0.678,-2.989,-14.954,10.925,63.477,-9.000,7.000,46.000,0.9735,0.0249,-0.0283,-0.2256,53.82,64.39,38.37,4.32,86242.1,0,0.00,0.00,3
24257,0.609,0.624,-2.982,-15.564,11.902,64.331,-10.000,8.000,47.000,0.9735,0.0249,-0.0283,-0.2256,55.12,65.17,38.33,4.32,86241.6,0,0.00,0.00,3
24278,0.620,0.564,-2.974,-15.625,12.634,65.308,-8.000,7.000,46.000,0.9735,0.0249,-0.0283,-0.2256,56.48,65.97,38.28,4.32,86218.7,0,0.00,0.00,3
24297,0.625,0.504,-2.965,-15.503,13.367,66.101,-10.000,9.000,48.000,0.9735,0.0249,-0.0283,-0.2256,57.83,66.77,38.23,4.32,86208.3,0,0.00,0.00,3
24317,0.626,0.440,-2.954,-15.137,13.855,67.017,-8.000,10.000,47.000,0.9735,0.0249,-0.0283,-0.2256,59.21,67.56,38.16,4.32,86194.1,0,0.00,0.00,3
24337,0.624,0.377,-2.948,-14.465,13.916,67.932,-7.000,10.000,45.000,0.9735,0.0249,-0.0283,-0.2256,60.57,68.33,38.14,4.32,86187.4,0,0.00,0.00,3
24357,0.618,0.316,-2.939,-13.611,13.794,68.848,-6.000,11.000,47.000,0.9735,0.0249,-0.0283,-0.2256,62.01,69.15,38.09,4.32,86158.9,0,0.00,0.00,3
24377,0.609,0.255,-2.931,-12.634,13.367,69.824,-6.000,10.000,47.000,0.9735,0.0249,-0.0283,-0.2256,63.41,69.92,38.05,4.32,86158.4,0,0.00,0.00,3
24398,0.597,0.195,-2.921,-11.292,12.756,70.740,-6.000,11.000,46.000,0.9735,0.0249,-0.0283,-0.2256,64.85,70.72,38.00,4.32,86136.5,0,0.00,0.00,3
24417,0.584,0.141,-2.912,-9.949,11.841,71.533,-7.000,12.000,46.000,0.9735,0.0249,-0.0283,-0.2256,66.30,71.50,37.95,4.32,86126.1,0,0.00,0.00,3
24437,0.568,0.088,-2.905,-8.423,10.681,72.449,-3.000,11.000,47.000,0.9735,0.0249,-0.0283,-0.2256,67.72,72.24,37.91,4.32,86123.8,0,0.00,0.00,3
24457,0.550,0.044,-2.895,-6.836,9.094,73.242,-4.000,11.000,46.000,0.9735,0.0249,-0.0283,-0.2256,69.22,73.05,37.85,4.32,86090.1,0,0.00,0.00,3
24477,0.529,0.002,-2.890,-5.188,7.324,74.219,-4.000,12.000,46.000,0.9735,0.0249,-0.0283,-0.2256,70.66,73.78,37.83,4.32,86096.2,0,0.00,0.00,3
24497,0.513,-0.029,-2.881,-3.601,5.493,75.134,-5.000,12.000,47.000,0.9735,0.0249,-0.0283,-0.2256,72.17,74.56,37.77,4.32,86069.8,0,0.00,0.00,3
24518,0.498,-0.059,-2.871,-2.075,3.418,75.989,-1.000,11.000,46.000,0.9735,0.0249,-0.0283,-0.2256,73.65,75.30,37.70,4.32,86062.7,0,0.00,0.00,3
24537,0.482,-0.079,-2.875,-0.610,1.160,76.843,-3.000,12.000,46.000,0.9735,0.0249,-0.0283,-0.2256,75.19,76.07,37.76,4.32,86039.5,0,0.00,0.00,3
24557,0.469,-0.095,-2.874,0.732,-1.221,77.637,-2.000,11.000,46.000,0.9735,0.0249,-0.0283,-0.2256,76.72,76.83,37.76,4.32,86028.0,0,0.00,0.00,3
24577,0.461,-0.100,-2.875,2.075,-3.723,78.552,-2.000,13.000,46.000,0.9735,0.0249,-0.0283,-0.2256,78.27,77.60,37.78,4.32,86011.4,0,0.00,0.00,3
24597,0.461,-0.101,-2.876,3.174,-6.348,79.346,-2.000,13.000,46.000,0.9735,0.0249,-0.0283,-0.2256,79.87,78.39,37.80,4.32,85988.5,0,0.00,0.00,3
24617,0.468,-0.094,-2.879,3.967,-8.667,80.383,-4.000,11.000,47.000,0.9735,0.0249,-0.0283,-0.2256,81.43,79.13,37.82,4.32,85987.2,0,0.00,0.00,3
24638,0.480,-0.083,-2.885,4.578,-10.925,81.360,-2.000,13.000,46.000,0.9735,0.0249,-0.0283,-0.2256,83.07,79.93,37.86,4.32,85953.6,0,0.00,0.00,3
24657,0.498,-0.069,-2.888,4.944,-13.184,82.092,-1.000,13.000,47.000,0.9735,0.0249,-0.0283,-0.2256,84.67,80.69,37.88,4.32,85950.2,0,0.00,0.00,3
24677,0.527,-0.053,-2.899,5.127,-15.137,83.008,-2.000,11.000,47.000,0.9735,0.0249,-0.0283,-0.2256,86.33,81.48,37.96,4.32,85923.8,0,0.00,0.00,3
24697,0.559,-0.035,-2.915,5.066,-16.785,83.740,-1.000,12.000,45.000,0.9735,0.0249,-0.0283,-0.2256,87.98,82.25,38.09,4.32,85915.5,0,0.00,0.00,3
24717,0.600,-0.019,-2.923,5.005,-18.127,84.656,-1.000,13.000,47.000,0.9735,0.0249,-0.0283,-0.2256,89.63,83.02,38.15,4.32,85900.6,0,0.00,0.00,3
24737,0.645,-0.002,-2.940,4.517,-19.226,85.510,-1.000,13.000,47.000,0.9735,0.0249,-0.0283,-0.2256,91.26,83.75,38.28,4.32,85895.5,0,0.00,0.00,3
24758,0.696,0.012,-2.956,3.967,-19.958,86.426,-1.000,11.000,47.000,0.9735,0.0249,-0.0283,-0.2256,92.95,84.52,38.41,4.32,85868.6,0,0.00,0.00,3
24777,0.752,0.019,-2.973,3.296,-20.203,87.219,-2.000,13.000,46.000,0.9735,0.0249,-0.0283,-0.2256,94.64,85.28,38.55,4.32,85853.4,0,0.00,0.00,3
24797,0.812,0.022,-2.986,2.502,-19.958,88.196,-1.000,11.000,47.000,0.9735,0.0249,-0.0283,-0.2256,96.38,86.08,38.65,4.32,85825.8,0,0.00,0.00,3
24817,0.873,0.019,-3.006,1.770,-19.470,89.050,-2.000,12.000,46.000,0.9735,0.0249,-0.0283,-0.2256,98.09,86.84,38.82,4.32,85823.5,0,0.00,0.00,3
24837,0.929,0.009,-3.023,1.038,-18.494,89.905,0.000,13.000,46.000,0.9735,0.0249,-0.0283,-0.2256,99.86,87.64,38.97,4.32,85793.9,0,0.00,0.00,3
24857,0.986,-0.009,-3.039,0.244,-17.090,90.881,-1.000,13.000,46.000,0.9735,0.0249,-0.0283,-0.2256,101.61,88.42,39.11,4.32,85785.0,0,0.00,0.00,3
24878,1.036,-0.033,-3.057,-0.427,-15.442,91.614,-1.000,10.000,46.000,0.9735,0.0249,-0.0283,-0.2256,103.39,89.20,39.28,4.32,85765.6,0,0.00,0.00,3
24897,1.079,-0.065,-3.069,-1.038,-13.367,92.407,-1.000,11.000,46.000,0.9735,0.0249,-0.0283,-0.2256,105.15,89.96,39.39,4.32,85754.7,0,0.00,0.00,3
24921,1.114,-0.101,-3.083,-1.465,-11.292,93.384,-1.000,12.000,47.000,0.9735,0.0249,-0.0283,-0.2256,107.02,90.81,39.54,4.32,85714.4,0,0.00,0.00,3
24937,1.138,-0.144,-3.088,-1.770,-8.911,94.238,1.000,11.000,47.000,0.9735,0.0249,-0.0283,-0.2256,108.82,91.58,39.60,4.32,85716.2,0,0.00,0.00,3
24957,1.151,-0.190,-3.094,-1.831,-6.287,95.032,-1.000,10.000,47.000,0.9735,0.0249,-0.0283,-0.2256,110.65,92.36,39.68,4.32,85697.0,0,0.00,0.00,3
24977,1.153,-0.236,-3.093,-1.709,-3.662,96.130,-1.000,13.000,47.000,0.9735,0.0249,-0.0283,-0.2256,112.49,93.15,39.70,4.32,85678.6,0,0.00,0.00,3
24998,1.139,-0.285,-3.094,-1.404,-1.282,96.863,2.000,11.000,46.000,0.9735,0.0249,-0.0283,-0.2256,114.36,93.94,39.74,4.32,85656.2,0,0.00,0.00,3
25017,1.114,-0.330,-3.089,-1.038,1.160,97.595,1.000,13.000,47.000,0.9735,0.0249,-0.0283,-0.2256,116.24,94.73,39.74,4.32,85641.6,0,0.00,0.00,3
25037,1.079,-0.375,-3.087,-0.427,3.296,98.572,2.000,13.000,46.000,0.9735,0.0249,-0.0283,-0.2256,118.15,95.53,39.75,4.32,85617.9,0,0.00,0.00,3
25057,1.029,-0.412,-3.078,0.183,5.127,99.426,3.000,12.000,47.000,0.9735,0.0249,-0.0283,-0.2256,120.03,96.29,39.71,4.32,85610.1,0,0.00,0.00,3
25077,0.972,-0.442,-3.070,0.977,6.836,100.281,2.000,12.000,46.000,0.9735,0.0249,-0.0283,-0.2256,121.89,97.01,39.68,4.32,85602.9,0,0.00,0.00,3
25097,0.910,-0.470,-3.057,1.709,8.118,101.135,3.000,12.000,46.000,0.9735,0.0249,-0.0283,-0.2256,123.86,97.82,39.59,4.32,85557.4,0,0.00,0.00,3
25118,0.839,-0.485,-3.040,2.441,9.216,102.112,2.000,12.000,47.000,0.9735,0.0249,-0.0283,-0.2256,125.77,98.56,39.46,4.32,85557.6,0,0.00,0.00,3
25137,0.769,-0.496,-3.027,3.174,9.644,102.905,5.000,11.000,46.000,0.9735,0.0249,-0.0283,-0.2256,127.72,99.33,39.38,4.32,85531.0,0,0.00,0.00,3
25157,0.697,-0.496,-3.012,3.662,9.888,103.760,5.000,12.000,46.000,0.9735,0.0249,-0.0283,-0.2256,129.71,100.11,39.26,4.32,85507.0,0,0.00,0.00,3
25177,0.627,-0.491,-2.996,4.028,9.583,104.614,5.000,11.000,45.000,0.9735,0.0249,-0.0283,-0.2256,131.68,100.86,39.13,4.32,85496.2,0,0.00,0.00,3
25197,0.561,-0.481,-2.982,4.211,8.850,105.530,7.000,11.000,46.000,0.9735,0.0249,-0.0283,-0.2256,133.71,101.64,39.01,4.32,85464.5,0,0.00,0.00,3
25217,0.499,-0.465,-2.964,4.272,7.813,106.323,8.000,10.000,46.000,0.9735,0.0249,-0.0283,-0.2256,135.78,102.44,38.86,4.32,85439.5,0,0.00,0.00,3
25238,0.448,-0.451,-2.952,3.906,6.653,107.300,8.000,10.000,46.000,0.9735,0.0249,-0.0283,-0.2256,137.78,103.16,38.75,4.32,85440.5,0,0.00,0.00,3
25257,0.406,-0.434,-2.939,3.235,5.127,108.093,9.000,11.000,48.000,0.9735,0.0249,-0.0283,-0.2256,139.83,103.92,38.63,4.32,85410.2,0,0.00,0.00,3
25277,0.368,-0.422,-2.931,2.380,3.601,109.009,8.000,8.000,47.000,0.9735,0.0249,-0.0283,-0.2256,141.90,104.68,38.57,4.32,85388.5,0,0.00,0.00,3
25297,0.344,-0.411,-2.928,1.221,2.014,109.802,8.000,10.000,47.000,0.9735,0.0249,-0.0283,-0.2256,143.98,105.42,38.54,4.32,85371.4,0,0.00,0.00,3
25317,0.326,-0.414,-2.922,-0.061,0.366,110.657,7.000,9.000,46.000,0.9735,0.0249,-0.0283,-0.2256,146.10,106.20,38.49,4.32,85342.1,0,0.00,0.00,3
25337,0.316,-0.422,-2.923,-1.526,-1.221,111.633,9.000,7.000,47.000,0.9735,0.0249,-0.0283,-0.2256,148.22,106.96,38.51,4.32,85325.9,0,0.00,0.00,3
25358,0.312,-0.439,-2.927,-3.052,-2.624,112.427,9.000,7.000,46.000,0.9735,0.0249,-0.0283,-0.2256,150.34,107.71,38.56,4.32,85308.0,0,0.00,0.00,3
25377,0.309,-0.466,-2.930,-4.700,-3.784,113.220,8.000,7.000,46.000,0.9735,0.0249,-0.0283,-0.2256,152.51,108.48,38.60,4.32,85279.4,0,0.00,0.00,3
25397,0.313,-0.505,-2.941,-6.287,-4.761,114.197,9.000,8.000,47.000,0.9735,0.0249,-0.0283,-0.2256,154.69,109.26,38.74,4.32,85258.6,0,0.00,0.00,3
25417,0.308,-0.554,-2.956,-7.751,-5.432,114.990,10.000,7.000,48.000,0.9735,0.0249,-0.0283,-0.2256,156.84,110.00,38.91,4.32,85249.4,0,0.00,0.00,3
25437,0.302,-0.608,-2.965,-9.094,-5.859,115.845,10.000,6.000,46.000,0.9735,0.0249,-0.0283,-0.2256,159.01,110.75,39.04,4.32,85225.1,0,0.00,0.00,3
25457,0.292,-0.670,-2.981,-10.071,-5.737,116.760,10.000,6.000,46.000,0.9735,0.0249,-0.0283,-0.2256,161.24,111.54,39.23,4.32,85192.3,0,0.00,0.00,3
25478,0.276,-0.735,-2.999,-10.864,-5.615,117.615,11.000,6.000,47.000,0.9735,0.0249,-0.0283,-0.2256,163.48,112.33,39.46,4.32,85173.9,0,0.00,0.00,3
25497,0.250,-0.802,-3.011,-11.414,-5.127,118.408,11.000,6.000,47.000,0.9735,0.0249,-0.0283,-0.2256,165.67,113.07,39.63,4.32,85166.4,0,0.00,0.00,3
25517,0.216,-0.865,-3.021,-11.353,-4.517,119.324,10.000,5.000,46.000,0.9735,0.0249,-0.0283,-0.2256,167.93,113.85,39.78,4.32,85131.8,0,0.00,0.00,3
25537,0.178,-0.927,-3.036,-10.925,-3.845,120.178,11.000,5.000,47.000,0.9735,0.0249,-0.0283,-0.2256,170.18,114.61,39.97,4.32,85117.3,0,0.00,0.00,3
25557,0.127,-0.979,-3.047,-10.254,-2.930,121.033,11.000,7.000,46.000,0.9735,0.0249,-0.0283,-0.2256,172.42,115.36,40.14,4.32,85100.3,0,0.00,0.00,3
25577,0.077,-1.021,-3.055,-9.155,-2.136,121.887,11.000,6.000,46.000,0.9735,0.0249,-0.0283,-0.2256,174.72,116.15,40.26,4.32,85065.3,0,0.00,0.00,3
25598,0.020,-1.049,-3.060,-7.813,-1.160,122.803,12.000,5.000,47.000,0.9735,0.0249,-0.0283,-0.2256,177.01,116.92,40.35,4.32,85051.5,0,0.00,0.00,3
25617,-0.035,-1.068,-3.060,-6.226,-0.427,123.596,13.000,5.000,46.000,0.9735,0.0249,-0.0283,-0.2256,179.33,117.71,40.39,4.32,85022.4,0,0.00,0.00,3
25637,-0.085,-1.072,-3.056,-4.578,0.061,124.451,11.000,3.000,47.000,0.9735,0.0249,-0.0283,-0.2256,181.64,118.47,40.37,4.32,85006.9,0,0.00,0.00,3
25661,-0.138,-1.068,-3.052,-2.808,0.488,125.366,13.000,5.000,47.000,0.9735,0.0249,-0.0283,-0.2256,183.98,119.24,40.36,4.32,84981.4,0,0.00,0.00,3
25677,-0.187,-1.052,-3.049,-1.038,0.855,126.160,11.000,3.000,46.000,0.9735,0.0249,-0.0283,-0.2256,186.38,120.06,40.34,4.32,84945.3,0,0.00,0.00,3
25697,-0.229,-1.025,-3.043,0.732,0.855,127.075,12.000,1.000,46.000,0.9735,0.0249,-0.0283,-0.2256,188.74,120.82,40.28,4.32,84937.4,0,0.00,0.00,3
25718,-0.260,-0.994,-3.037,2.319,0.855,127.869,13.000,3.000,46.000,0.9735,0.0249,-0.0283,-0.2256,191.13,121.58,40.22,4.32,84911.4,0,0.00,0.00,3
25737,-0.285,-0.955,-3.027,3.601,0.610,128.784,13.000,1.000,47.000,0.9735,0.0249,-0.0283,-0.2256,193.52,122.34,40.11,4.32,84889.0,0,0.00,0.00,3
25757,-0.303,-0.913,-3.018,4.578,0.366,129.639,11.000,-1.000,46.000,0.9735,0.0249,-0.0283,-0.2256,195.96,123.13,40.00,4.32,84857.9,0,0.00,0.00,3
25777,-0.314,-0.873,-3.005,5.249,-0.061,130.432,13.000,-2.000,47.000,0.9735,0.0249,-0.0283,-0.2256,198.37,123.87,39.85,4.32,84847.2,0,0.00,0.00,3
25797,-0.321,-0.833,-2.997,5.432,-0.427,131.287,13.000,-1.000,46.000,0.9735,0.0249,-0.0283,-0.2256,200.74,124.56,39.75,4.32,84835.4,0,0.00,0.00,3
25817,-0.324,-0.797,-2.997,5.432,-0.793,132.141,13.000,-1.000,45.000,0.9735,0.0249,-0.0283,-0.2256,203.17,125.28,39.73,4.32,84802.6,0,0.00,0.00,3
25838,-0.324,-0.767,-2.987,5.005,-0.916,132.935,12.000,-2.000,46.000,0.9735,0.0249,-0.0283,-0.2256,205.61,126.01,39.61,4.32,84776.6,0,0.00,0.00,3
25857,-0.331,-0.740,-2.979,4.150,-1.221,133.789,12.000,-2.000,46.000,0.9735,0.0249,-0.0283,-0.2256,208.01,126.68,39.52,4.32,84769.9,0,0.00,0.00,3
25877,-0.337,-0.721,-2.973,3.235,-0.977,134.644,12.000,-4.000,45.000,0.9735,0.0249,-0.0283,-0.2256,210.51,127.44,39.45,4.32,84721.0,0,0.00,0.00,3
25897,-0.355,-0.701,-2.966,2.075,-0.855,135.437,11.000,-5.000,46.000,0.9735,0.0249,-0.0283,-0.2256,213.01,128.17,39.39,4.32,84701.0,0,0.00,0.00,3
25917,-0.376,-0.688,-2.966,0.732,-0.366,136.230,13.000,-5.000,47.000,0.9735,0.0249,-0.0283,-0.2256,215.48,128.87,39.39,4.32,84688.5,0,0.00,0.00,3
25937,-0.410,-0.672,-2.965,-0.427,0.427,137.207,13.000,-5.000,47.000,0.9735,0.0249,-0.0283,-0.2256,217.97,129.57,39.38,4.32,84663.2,0,0.00,0.00,3
25958,-0.447,-0.657,-2.965,-1.831,1.160,137.939,11.000,-4.000,45.000,0.9735,0.0249,-0.0283,-0.2256,220.47,130.26,39.39,4.32,84640.8,0,0.00,0.00,3
25977,-0.490,-0.639,-2.964,-2.869,1.831,138.916,10.000,-7.000,46.000,0.9735,0.0249,-0.0283,-0.2256,222.96,130.93,39.38,4.32,84621.4,0,0.00,0.00,3
25997,-0.542,-0.611,-2.967,-3.845,2.808,139.648,11.000,-8.000,46.000,0.9735,0.0249,-0.0283,-0.2256,225.48,131.62,39.42,4.32,84592.2,0,0.00,0.00,3
26017,-0.596,-0.584,-2.956,-4.456,3.662,140.442,10.000,-6.000,47.000,0.9735,0.0249,-0.0283,-0.2256,227.98,132.28,39.32,4.32,84575.8,0,0.00,0.00,3
26037,-0.649,-0.549,-2.965,-4.822,4.395,141.296,10.000,-8.000,47.000,0.9735,0.0249,-0.0283,-0.2256,230.52,132.96,39.41,4.32,84544.8,0,0.00,0.00,3
26057,-0.700,-0.506,-2.955,-4.822,5.066,141.968,11.000,-7.000,47.000,0.9735,0.0249,-0.0283,-0.2256,233.08,133.64,39.31,4.32,84519.2,0,0.00,0.00,3
26078,-0.754,-0.463,-2.955,-4.639,5.432,142.944,8.000,-8.000,45.000,0.9735,0.0249,-0.0283,-0.2256,235.65,134.33,39.30,4.32,84492.2,0,0.00,0.00,3
26097,-0.794,-0.415,-2.953,-4.211,5.676,143.677,8.000,-10.000,46.000,0.9735,0.0249,-0.0283,-0.2256,238.28,135.06,39.28,4.32,84456.8,0,0.00,0.00,3
26117,-0.832,-0.359,-2.945,-3.601,5.310,144.409,10.000,-8.000,47.000,0.9735,0.0249,-0.0283,-0.2256,240.87,135.73,39.18,4.32,84445.4,0,0.00,0.00,3
26137,-0.860,-0.308,-2.937,-2.930,5.127,145.325,8.000,-11.000,47.000,0.9735,0.0249,-0.0283,-0.2256,243.47,136.39,39.08,4.32,84421.3,0,0.00,0.00,3
26157,-0.882,-0.257,-2.927,-2.136,4.578,146.179,7.000,-9.000,47.000,0.9735,0.0249,-0.0283,-0.2256,246.05,137.04,38.97,4.32,84401.8,0,0.00,0.00,3
26177,-0.897,-0.208,-2.919,-1.343,3.601,146.973,8.000,-10.000,46.000,0.9735,0.0249,-0.0283,-0.2256,248.72,137.74,38.87,4.32,84358.1,0,0.00,0.00,3
26198,-0.904,-0.162,-2.909,-0.610,2.563,147.827,8.000,-12.000,48.000,0.9735,0.0249,-0.0283,-0.2256,251.38,138.42,38.74,4.32,84338.7,0,0.00,0.00,3
26217,-0.911,-0.120,-2.904,-0.061,1.526,148.743,5.000,-10.000,48.000,0.9735,0.0249,-0.0283,-0.2256,253.98,139.03,38.67,4.32,84331.8,0,0.00,0.00,3
26237,-0.910,-0.079,-2.897,0.366,0.427,149.353,7.000,-11.000,45.000,0.9735,0.0249,-0.0283,-0.2256,256.65,139.69,38.58,4.32,84290.1,0,0.00,0.00,3
26257,-0.909,-0.042,-2.892,0.610,-0.488,150.269,5.000,-11.000,46.000,0.9735,0.0249,-0.0283,-0.2256,259.35,140.36,38.50,4.32,84262.1,0,0.00,0.00,3
26277,-0.905,-0.007,-2.890,0.671,-1.343,151.123,5.000,-11.000,48.000,0.9735,0.0249,-0.0283,-0.2256,262.00,140.98,38.46,4.32,84248.3,0,0.00,0.00,3
26297,-0.906,0.029,-2.889,0.671,-2.075,151.978,4.000,-11.000,46.000,0.9735,0.0249,-0.0283,-0.2256,264.68,141.61,38.43,4.32,84221.9,0,0.00,0.00,3
26318,-0.903,0.063,-2.894,0.427,-2.441,152.649,3.000,-13.000,45.000,0.9735,0.0249,-0.0283,-0.2256,267.34,142.22,38.45,4.32,84201.1,0,0.00,0.00,3
26337,-0.897,0.104,-2.894,0.305,-2.563,153.442,4.000,-13.000,46.000,0.9735,0.0249,-0.0283,-0.2256,270.04,142.84,38.43,4.32,84169.0,0,0.00,0.00,3
26357,-0.893,0.140,-2.898,0.061,-2.258,154.358,4.000,-12.000,47.000,0.9735,0.0249,-0.0283,-0.2256,272.74,143.45,38.44,4.32,84147.5,0,0.00,0.00,3
26377,-0.887,0.187,-2.899,-0.061,-1.953,155.212,1.000,-14.000,46.000,0.9735,0.0249,-0.0283,-0.2256,275.49,144.11,38.42,4.32,84107.4,0,0.00,0.00,3
26397,-0.878,0.231,-2.895,-0.122,-1.465,155.945,0.000,-12.000,46.000,0.9735,0.0249,-0.0283,-0.2256,278.26,144.76,38.35,4.32,84081.8,0,0.00,0.00,3
26421,-0.864,0.277,-16.000,-2.808,0.916,162.598,-2.000,-14.000,46.000,0.9735,0.0249,-0.0283,-0.2256,281.06,147.98,166.47,4.32,84054.2,0,0.00,0.00,3
26438,-0.846,0.331,-2.892,-0.122,0.427,157.593,1.000,-13.000,46.000,0.9735,0.0249,-0.0283,-0.2256,283.88,148.60,38.25,4.32,84034.1,0,0.00,0.00,3
26457,-0.827,0.382,-2.892,0.122,1.221,158.386,1.000,-12.000,47.000,0.9735,0.0249,-0.0283,-0.2256,286.69,149.21,38.21,4.32,84010.7,0,0.00,0.00,3
26477,-0.801,0.433,-2.884,0.427,2.075,159.180,-2.000,-12.000,47.000,0.9735,0.0249,-0.0283,-0.2256,289.53,149.83,38.10,4.32,83978.7,0,0.00,0.00,3
26497,-0.771,0.480,-2.882,0.855,2.808,160.034,-3.000,-14.000,46.000,0.9735,0.0249,-0.0283,-0.2256,292.40,150.47,38.03,4.32,83946.7,0,0.00,0.00,3
26517,-0.742,0.522,-2.872,1.404,3.418,160.706,-4.000,-13.000,46.000,0.9735,0.0249,-0.0283,-0.2256,295.28,151.09,37.90,4.32,83920.5,0,0.00,0.00,3
26537,-0.708,0.565,-2.859,1.709,3.723,161.499,-2.000,-11.000,47.000,0.9735,0.0249,-0.0283,-0.2256,298.14,151.69,37.73,4.32,83899.4,0,0.00,0.00,3
26558,-0.674,0.600,-2.845,2.136,3.723,162.353,-7.000,-12.000,48.000,0.9735,0.0249,-0.0283,-0.2256,301.00,152.28,37.56,4.32,83874.7,0,0.00,0.00,3
26577,-0.637,0.633,-2.834,2.441,3.662,163.208,-6.000,-11.000,46.000,0.9735,0.0249,-0.0283,-0.2256,303.91,152.88,37.42,4.32,83839.4,0,0.00,0.00,3
26597,-0.604,0.665,-2.827,2.563,3.235,163.879,-5.000,-11.000,46.000,0.9735,0.0249,-0.0283,-0.2256,306.77,153.44,37.31,4.32,83824.5,0,0.00,0.00,3
26617,-0.575,0.693,-2.819,2.502,2.808,164.734,-7.000,-11.000,46.000,0.9735,0.0249,-0.0283,-0.2256,309.67,154.02,37.20,4.32,83789.9,0,0.00,0.00,3
26637,-0.536,0.720,-2.811,2.319,2.136,165.466,-9.000,-11.000,47.000,0.9735,0.0249,-0.0283,-0.2256,312.59,154.61,37.09,4.32,83759.4,0,0.00,0.00,3
26657,-0.502,0.751,-2.803,1.770,1.587,166.260,-8.000,-11.000,46.000,0.9735,0.0249,-0.0283,-0.2256,315.53,155.20,36.98,4.32,83728.6,0,0.00,0.00,3
26678,-0.464,0.776,-2.801,1.526,0.977,167.114,-8.000,-12.000,47.000,0.9735,0.0249,-0.0283,-0.2256,318.44,155.75,36.93,4.32,83711.0,0,0.00,0.00,3
26697,-0.423,0.805,-2.804,0.855,0.488,167.969,-9.000,-11.000,47.000,0.9735,0.0249,-0.0283,-0.2256,321.43,156.37,36.93,4.32,83663.5,0,0.00,0.00,3
26717,-0.379,0.832,-2.804,0.305,0.122,168.640,-9.000,-8.000,46.000,0.9735,0.0249,-0.0283,-0.2256,324.40,156.95,36.89,4.32,83643.7,0,0.00,0.00,3
26737,-0.328,0.857,-2.806,-0.122,-0.427,169.495,-11.000,-8.000,47.000,0.9735,0.0249,-0.0283,-0.2256,327.38,157.53,36.87,4.32,83615.5,0,0.00,0.00,3
26757,-0.271,0.879,-2.810,-0.671,-0.488,170.288,-10.000,-8.000,45.000,0.9735,0.0249,-0.0283,-0.2256,330.37,158.12,36.87,4.32,83586.7,0,0.00,0.00,3
26777,-0.207,0.897,-2.814,-0.916,-0.427,170.959,-11.000,-8.000,46.000,0.9735,0.0249,-0.0283,-0.2256,333.35,158.68,36.87,4.32,83563.2,0,0.00,0.00,3
26798,-0.141,0.911,-2.818,-1.038,-0.366,171.814,-12.000,-8.000,47.000,0.9735,0.0249,-0.0283,-0.2256,336.38,159.27,36.87,4.32,83524.5,0,0.00,0.00,3
26817,-0.073,0.917,-2.819,-1.099,-0.305,172.546,-13.000,-6.000,47.000,0.9735,0.0249,-0.0283,-0.2256,339.38,159.83,36.85,4.32,83506.1,0,0.00,0.00,3
26837,-0.004,0.915,-2.816,-0.855,-0.244,173.340,-13.000,-4.000,46.000,0.9735,0.0249,-0.0283,-0.2256,342.42,160.41,36.79,4.32,83470.9,0,0.00,0.00,3
26857,0.063,0.911,-2.815,-0.610,-0.000,174.255,-13.000,-3.000,46.000,0.9735,0.0249,-0.0283,-0.2256,345.43,160.96,36.76,4.32,83449.1,0,0.00,0.00,3
26877,0.124,0.903,-2.811,-0.000,-0.000,174.927,-12.000,-1.000,47.000,0.9735,0.0249,-0.0283,-0.2256,348.50,161.55,36.70,4.32,83408.5,0,0.00,0.00,3
26897,0.186,0.888,-2.808,0.488,-0.000,175.720,-11.000,-2.000,45.000,0.9735,0.0249,-0.0283,-0.2256,351.57,162.12,36.65,4.32,83383.2,0,0.00,0.00,3
26918,0.238,0.872,-2.801,1.160,0.061,176.575,-13.000,-2.000,46.000,0.9735,0.0249,-0.0283,-0.2256,354.64,162.69,36.57,4.32,83352.8,0,0.00,0.00,3
26937,0.288,0.853,-2.794,1.587,-0.061,177.185,-12.000,-2.000,47.000,0.9735,0.0249,-0.0283,-0.2256,357.72,163.25,36.49,4.32,83325.3,0,0.00,0.00,3
26957,0.334,0.837,-2.787,2.014,-0.305,177.979,-13.000,1.000,47.000,0.9735,0.0249,-0.0283,-0.2256,360.83,163.82,36.41,4.32,83293.1,0,0.00,0.00,3
26977,0.373,0.822,-2.779,2.319,-0.488,178.894,-13.000,2.000,45.000,0.9735,0.0249,-0.0283,-0.2256,363.89,164.34,36.33,4.32,83275.8,0,0.00,0.00,3
26997,0.417,0.808,-2.773,2.441,-0.793,179.565,-14.000,1.000,45.000,0.9735,0.0249,-0.0283,-0.2256,367.01,164.90,36.26,4.32,83234.1,0,0.00,0.00,3
27017,0.460,0.795,-2.768,2.441,-0.916,180.298,-15.000,2.000,46.000,0.9735,0.0249,-0.0283,-0.2256,370.12,165.44,36.20,4.32,83210.2,0,0.00,0.00,3
27038,0.501,0.782,-2.760,2.319,-1.099,181.091,-13.000,2.000,47.000,0.9735,0.0249,-0.0283,-0.2256,373.26,166.00,36.11,4.32,83174.4,0,0.00,0.00,3
27057,0.545,0.763,-2.761,1.953,-1.221,181.946,-12.000,2.000,46.000,0.9735,0.0249,-0.0283,-0.2256,376.41,166.56,36.11,4.32,83142.2,0,0.00,0.00,3
27077,0.590,0.738,-2.754,1.709,-1.221,182.678,-11.000,5.000,46.000,0.9735,0.0249,-0.0283,-0.2256,379.57,167.12,36.04,4.32,83113.9,0,0.00,0.00,3
27097,0.638,0.709,-2.753,1.038,-1.038,183.411,-11.000,5.000,45.000,0.9735,0.0249,-0.0283,-0.2256,382.77,167.70,36.03,4.32,83076.2,0,0.00,0.00,3
27117,0.688,0.673,-2.753,0.732,-0.855,184.265,-10.000,6.000,47.000,0.9735,0.0249,-0.0283,-0.2256,386.00,168.30,36.03,4.32,83040.2,0,0.00,0.00,3
27137,0.731,0.623,-2.750,0.183,-0.610,184.937,-11.000,7.000,47.000,0.9735,0.0249,-0.0283,-0.2256,389.21,168.87,36.01,4.32,83016.3,0,0.00,0.00,3
27161,0.773,0.568,-2.744,-0.122,-0.366,185.791,-11.000,7.000,46.000,0.9735,0.0249,-0.0283,-0.2256,392.39,169.40,35.96,4.32,82996.8,0,0.00,0.00,3
27178,0.810,0.506,-2.737,-0.366,-0.061,186.584,-11.000,7.000,46.000,0.9735,0.0249,-0.0283,-0.2256,395.60,169.94,35.92,4.32,82961.9,0,0.00,0.00,3
27197,0.840,0.438,-2.730,-0.488,-0.000,187.256,-11.000,9.000,47.000,0.9735,0.0249,-0.0283,-0.2256,398.85,170.51,35.88,4.32,82923.0,0,0.00,0.00,3
27217,0.858,0.367,-2.728,-0.488,0.244,188.110,-11.000,9.000,47.000,0.9735,0.0249,-0.0283,-0.2256,402.12,171.10,35.89,4.32,82887.8,0,0.00,0.00,3
27237,0.874,0.296,-2.719,-0.427,0.061,188.843,-9.000,9.000,46.000,0.9735,0.0249,-0.0283,-0.2256,405.36,171.63,35.84,4.32,82870.1,0,0.00,0.00,3
27257,0.885,0.225,-2.713,-0.366,0.183,189.575,-10.000,10.000,46.000,0.9735,0.0249,-0.0283,-0.2256,408.65,172.21,35.82,4.32,82825.8,0,0.00,0.00,3
27278,0.889,0.159,-2.697,-0.366,-0.183,190.369,-8.000,11.000,46.000,0.9735,0.0249,-0.0283,-0.2256,411.88,172.71,35.70,4.32,82815.0,0,0.00,0.00,3
27297,0.894,0.096,-2.688,-0.061,-0.427,191.101,-6.000,12.000,47.000,0.9735,0.0249,-0.0283,-0.2256,415.16,173.26,35.65,4.32,82770.2,0,0.00,0.00,3
27317,0.890,0.036,-2.683,-0.061,-0.793,191.833,-6.000,13.000,46.000,0.9735,0.0249,-0.0283,-0.2256,418.48,173.83,35.63,4.32,82733.6,0,0.00,0.00,3
27337,0.892,-0.020,-2.682,-0.183,-1.099,192.688,-4.000,10.000,46.000,0.9735,0.0249,-0.0283,-0.2256,421.84,174.43,35.66,4.32,82694.1,0,0.00,0.00,3
27357,0.895,-0.072,-2.673,-0.061,-1.282,193.298,-3.000,11.000,47.000,0.9735,0.0249,-0.0283,-0.2256,425.12,174.94,35.61,4.32,82683.8,0,0.00,0.00,3
27377,0.897,-0.129,-2.672,-0.244,-1.587,194.153,-3.000,13.000,46.000,0.9735,0.0249,-0.0283,-0.2256,428.46,175.50,35.63,4.32,82639.7,0,0.00,0.00,3
27398,0.899,-0.185,-2.671,-0.488,-1.770,194.885,-2.000,13.000,47.000,0.9735,0.0249,-0.0283,-0.2256,431.85,176.09,35.65,4.32,82599.7,0,0.00,0.00,3
27417,0.899,-0.242,-2.667,-0.427,-1.892,195.557,-2.000,13.000,46.000,0.9735,0.0249,-0.0283,-0.2256,435.17,176.61,35.65,4.32,82586.6,0,0.00,0.00,3
27437,0.895,-0.302,-2.662,-0.671,-1.770,196.411,-1.000,14.000,46.000,0.9735,0.0249,-0.0283,-0.2256,438.52,177.15,35.64,4.32,82550.9,0,0.00,0.00,3
27457,0.885,-0.368,-2.661,-0.855,-1.526,197.144,0.000,13.000,46.000,0.9735,0.0249,-0.0283,-0.2256,441.86,177.67,35.67,4.32,82522.2,0,0.00,0.00,3
27477,0.868,-0.430,-2.657,-0.855,-1.404,197.876,1.000,14.000,46.000,0.9735,0.0249,-0.0283,-0.2256,445.26,178.23,35.68,4.32,82478.1,0,0.00,0.00,3
27497,0.841,-0.496,-2.655,-0.977,-1.038,198.608,1.000,14.000,46.000,0.9735,0.0249,-0.0283,-0.2256,448.68,178.80,35.71,4.32,82443.2,0,0.00,0.00,3
27518,0.805,-0.554,-2.647,-0.855,-0.732,199.341,2.000,13.000,47.000,0.9735,0.0249,-0.0283,-0.2256,452.13,179.39,35.68,4.32,82405.6,0,0.00,0.00,3
27537,0.759,-0.611,-2.636,-0.855,-0.366,200.012,4.000,11.000,47.000,0.9735,0.0249,-0.0283,-0.2256,455.61,180.00,35.63,4.32,82366.2,0,0.00,0.00,3
27557,0.711,-0.659,-2.629,-0.671,-0.244,200.928,5.000,14.000,45.000,0.9735,0.0249,-0.0283,-0.2256,459.06,180.56,35.60,4.32,82345.3,0,0.00,0.00,3
27577,0.653,-0.702,-2.614,-0.671,-0.061,201.538,5.000,12.000,46.000,0.9735,0.0249,-0.0283,-0.2256,462.52,181.13,35.51,4.32,82311.0,0,0.00,0.00,3
27597,0.598,-0.740,-2.600,-0.488,0.122,202.270,6.000,12.000,46.000,0.9735,0.0249,-0.0283,-0.2256,465.98,181.68,35.42,4.32,82282.1,0,0.00,0.00,3
27617,0.536,-0.774,-2.588,-0.610,0.122,203.003,6.000,10.000,46.000,0.9735,0.0249,-0.0283,-0.2256,469.48,182.25,35.35,4.32,82242.2,0,0.00,0.00,3
27638,0.475,-0.799,-2.572,-0.549,0.183,203.796,7.000,11.000,47.000,0.9735,0.0249,-0.0283,-0.2256,473.00,182.84,35.23,4.32,82205.1,0,0.00,0.00,3
27657,0.419,-0.825,-2.564,-0.732,-0.061,204.407,9.000,10.000,48.000,0.9735,0.0249,-0.0283,-0.2256,476.53,183.41,35.20,4.32,82172.3,0,0.00,0.00,3
27677,0.357,-0.845,-2.556,-0.855,-0.061,205.200,9.000,9.000,46.000,0.9735,0.0249,-0.0283,-0.2256,480.06,183.98,35.15,4.32,82141.3,0,0.00,0.00,3
27697,0.294,-0.871,-2.549,-0.977,-0.183,205.994,10.000,8.000,46.000,0.9735,0.0249,-0.0283,-0.2256,483.65,184.60,35.13,4.32,82093.9,0,0.00,0.00,3
27717,0.237,-0.890,-2.541,-1.160,-0.061,206.787,10.000,8.000,46.000,0.9735,0.0249,-0.0283,-0.2256,487.22,185.17,35.09,4.32,82069.8,0,0.00,0.00,3
27737,0.171,-0.911,-2.535,-1.343,-0.183,207.397,11.000,7.000,46.000,0.9735,0.0249,-0.0283,-0.2256,490.84,185.80,35.07,4.32,82023.4,0,0.00,0.00,3
27758,0.104,-0.928,-2.533,-1.526,-0.061,208.191,11.000,7.000,47.000,0.9735,0.0249,-0.0283,-0.2256,494.47,186.41,35.09,4.32,81990.2,0,0.00,0.00,3
27777,0.035,-0.939,-2.527,-1.587,-0.061,208.862,11.000,4.000,46.000,0.9735,0.0249,-0.0283,-0.2256,498.09,187.00,35.07,4.32,81962.6,0,0.00,0.00,3
27797,-0.036,-0.949,-2.522,-1.648,0.122,209.473,12.000,4.000,46.000,0.9735,0.0249,-0.0283,-0.2256,501.71,187.59,35.06,4.32,81929.9,0,0.00,0.00,3
27817,-0.108,-0.951,-2.519,-1.587,0.366,210.205,13.000,4.000,47.000,0.9735,0.0249,-0.0283,-0.2256,505.35,188.18,35.05,4.32,81892.2,0,0.00,0.00,3
27837,-0.183,-0.944,-2.510,-1.587,0.366,210.999,13.000,4.000,46.000,0.9735,0.0249,-0.0283,-0.2256,509.00,188.77,35.00,4.32,81858.9,0,0.00,0.00,3
27857,-0.256,-0.932,-2.502,-1.404,0.488,211.731,14.000,5.000,44.000,0.9735,0.0249,-0.0283,-0.2256,512.66,189.36,34.95,4.32,81823.7,0,0.00,0.00,3
27878,-0.329,-0.909,-2.494,-1.221,0.549,212.402,13.000,1.000,46.000,0.9735,0.0249,-0.0283,-0.2256,516.33,189.94,34.88,4.32,81790.4,0,0.00,0.00,3
27897,-0.390,-0.884,-2.484,-1.038,0.610,213.257,13.000,2.000,46.000,0.9735,0.0249,-0.0283,-0.2256,520.04,190.54,34.80,4.32,81749.0,0,0.00,0.00,3
27922,-0.453,-0.853,-2.474,-0.732,0.610,213.806,15.000,-1.000,45.000,0.9735,0.0249,-0.0283,-0.2256,523.74,191.13,34.71,4.32,81716.0,0,0.00,0.00,3
27937,-0.513,-0.812,-2.464,-0.732,0.671,214.417,13.000,-3.000,46.000,0.9735,0.0249,-0.0283,-0.2256,527.49,191.74,34.61,4.32,81673.4,0,0.00,0.00,3
27957,-0.566,-0.771,-2.456,-0.671,0.671,215.210,12.000,-2.000,46.000,0.9735,0.0249,-0.0283,-0.2256,531.17,192.29,34.53,4.32,81658.1,0,0.00,0.00,3
27977,-0.618,-0.728,-2.446,-0.549,0.610,215.881,13.000,-2.000,47.000,0.9735,0.0249,-0.0283,-0.2256,534.93,192.88,34.43,4.32,81606.4,0,0.00,0.00,3
27998,-0.668,-0.682,-2.438,-0.549,0.671,216.553,13.000,-4.000,47.000,0.9735,0.0249,-0.0283,-0.2256,538.68,193.46,34.35,4.32,81575.0,0,0.00,0.00,3
28017,-0.715,-0.630,-2.428,-0.549,0.671,217.346,13.000,-5.000,46.000,0.9735,0.0249,-0.0283,-0.2256,542.43,194.04,34.24,4.32,81541.3,0,0.00,0.00,3
28037,-0.758,-0.576,-2.420,-0.610,0.671,218.079,12.000,-5.000,47.000,0.9735,0.0249,-0.0283,-0.2256,546.20,194.61,34.14,4.32,81504.0,0,0.00,0.00,3
28057,-0.799,-0.516,-2.406,-0.610,0.916,218.567,11.000,-7.000,46.000,0.9735,0.0249,-0.0283,-0.2256,550.00,195.20,33.99,4.32,81464.5,0,0.00,0.00,3
28077,-0.838,-0.454,-2.401,-0.671,1.099,219.421,12.000,-8.000,47.000,0.9735,0.0249,-0.0283,-0.2256,553.77,195.74,33.92,4.32,81439.0,0,0.00,0.00,3
28097,-0.874,-0.389,-2.389,-0.732,1.160,220.032,9.000,-8.000,47.000,0.9735,0.0249,-0.0283,-0.2256,557.57,196.30,33.78,4.32,81397.4,0,0.00,0.00,3
28118,-0.906,-0.317,-2.378,-0.671,1.160,220.764,10.000,-10.000,44.000,0.9735,0.0249,-0.0283,-0.2256,561.41,196.89,33.64,4.32,81354.9,0,0.00,0.00,3
28137,-0.926,-0.246,-2.364,-0.488,1.343,221.375,9.000,-11.000,46.000,0.9735,0.0249,-0.0283,-0.2256,565.27,197.48,33.47,4.32,81315.5,0,0.00,0.00,3
28157,-0.946,-0.170,-2.352,-0.427,1.404,222.107,8.000,-10.000,47.000,0.9735,0.0249,-0.0283,-0.2256,569.11,198.04,33.31,4.32,81285.3,0,0.00,0.00,3
28177,-0.958,-0.095,-2.339,-0.305,1.282,222.778,7.000,-10.000,46.000,0.9735,0.0249,-0.0283,-0.2256,572.93,198.56,33.15,4.32,81260.0,0,0.00,0.00,3
28197,-0.964,-0.023,-2.325,-0.244,1.343,223.572,7.000,-11.000,46.000,0.9735,0.0249,-0.0283,-0.2256,576.80,199.13,32.97,4.32,81210.7,0,0.00,0.00,3
28217,-0.962,0.053,-2.309,-0.122,1.160,224.182,4.000,-13.000,46.000,0.9735,0.0249,-0.0283,-0.2256,580.74,199.73,32.77,4.32,81160.8,0,0.00,0.00,3
28238,-0.954,0.129,-2.294,-0.061,1.099,224.854,5.000,-12.000,47.000,0.9735,0.0249,-0.0283,-0.2256,584.61,200.26,32.57,4.32,81143.7,0,0.00,0.00,3
28257,-0.943,0.202,-2.291,0.061,1.099,225.525,3.000,-14.000,46.000,0.9735,0.0249,-0.0283,-0.2256,588.53,200.83,32.49,4.32,81097.4,0,0.00,0.00,3
28277,-0.925,0.274,-2.285,0.244,0.855,226.074,3.000,-11.000,46.000,0.9735,0.0249,-0.0283,-0.2256,592.41,201.34,32.38,4.32,81073.3,0,0.00,0.00,3
28297,-0.897,0.346,-2.283,0.183,0.977,226.807,-1.000,-14.000,46.000,0.9735,0.0249,-0.0283,-0.2256,596.40,201.95,32.31,4.32,81011.2,0,0.00,0.00,3
28317,-0.874,0.415,-2.274,0.061,0.732,227.539,1.000,-13.000,47.000,0.9735,0.0249,-0.0283,-0.2256,600.31,202.46,32.17,4.32,80996.6,0,0.00,0.00,3
28337,-0.836,0.485,-2.271,0.122,0.793,228.088,-1.000,-13.000,46.000,0.9735,0.0249,-0.0283,-0.2256,604.30,203.05,32.08,4.32,80941.1,0,0.00,0.00,3
28358,-0.795,0.548,-2.266,0.183,0.732,228.638,-1.000,-12.000,46.000,0.9735,0.0249,-0.0283,-0.2256,608.28,203.60,31.98,4.32,80909.4,0,0.00,0.00,3
28377,-0.749,0.610,-2.261,0.244,0.610,229.370,-4.000,-13.000,46.000,0.9735,0.0249,-0.0283,-0.2256,612.29,204.18,31.87,4.32,80866.9,0,0.00,0.00,3
28397,-0.699,0.672,-2.253,0.427,0.793,230.042,-4.000,-14.000,46.000,0.9735,0.0249,-0.0283,-0.2256,616.34,204.78,31.74,4.32,80820.3,0,0.00,0.00,3
28417,-0.640,0.724,-2.249,0.488,0.793,230.713,-4.000,-13.000,46.000,0.9735,0.0249,-0.0283,-0.2256,620.43,205.40,31.63,4.32,80777.9,0,0.00,0.00,3
28437,-0.582,0.773,-2.241,0.549,0.793,231.445,-7.000,-13.000,45.000,0.9735,0.0249,-0.0283,-0.2256,624.45,205.94,31.51,4.32,80758.6,0,0.00,0.00,3
28457,-0.517,0.817,-2.230,0.732,0.671,232.056,-7.000,-11.000,46.000,0.9735,0.0249,-0.0283,-0.2256,628.47,206.47,31.35,4.32,80723.7,0,0.00,0.00,3
28478,-0.451,0.856,-2.221,0.732,0.610,232.666,-9.000,-11.000,46.000,0.9735,0.0249,-0.0283,-0.2256,632.51,207.01,31.20,4.32,80681.1,0,0.00,0.00,3
28497,-0.381,0.890,-2.212,0.855,0.671,233.398,-8.000,-10.000,46.000,0.9735,0.0249,-0.0283,-0.2256,636.58,207.55,31.07,4.32,80641.4,0,0.00,0.00,3
28517,-0.308,0.918,-2.201,0.793,0.366,234.009,-11.000,-9.000,47.000,0.9735,0.0249,-0.0283,-0.2256,640.64,208.08,30.91,4.32,80607.5,0,0.00,0.00,3
28537,-0.234,0.941,-2.188,0.793,0.427,234.619,-11.000,-8.000,46.000,0.9735,0.0249,-0.0283,-0.2256,644.75,208.65,30.74,4.32,80556.8,0,0.00,0.00,3
28557,-0.155,0.957,-2.182,0.671,0.183,235.168,-10.000,-7.000,46.000,0.9735,0.0249,-0.0283,-0.2256,648.87,209.20,30.64,4.32,80521.8,0,0.00,0.00,3
28577,-0.076,0.966,-2.171,0.732,0.183,235.962,-11.000,-8.000,47.000,0.9735,0.0249,-0.0283,-0.2256,652.94,209.70,30.49,4.32,80497.6,0,0.00,0.00,3
28598,0.000,0.972,-2.160,0.671,0.183,236.572,-12.000,-8.000,46.000,0.9735,0.0249,-0.0283,-0.2256,657.06,210.23,30.35,4.32,80448.2,0,0.00,0.00,3
28617,0.084,0.968,-2.146,0.610,0.061,237.122,-13.000,-4.000,47.000,0.9735,0.0249,-0.0283,-0.2256,661.17,210.74,30.17,4.32,80414.4,0,0.00,0.00,3
28637,0.164,0.958,-2.133,0.610,-0.000,237.732,-13.000,-4.000,46.000,0.9735,0.0249,-0.0283,-0.2256,665.31,211.27,30.02,4.32,80370.2,0,0.00,0.00,3
28661,0.243,0.941,-2.125,0.488,-0.122,238.342,-13.000,-4.000,47.000,0.9735,0.0249,-0.0283,-0.2256,669.48,211.81,29.92,4.32,80328.8,0,0.00,0.00,3
28677,0.320,0.915,-2.112,0.549,0.061,239.014,-14.000,-1.000,46.000,0.9735,0.0249,-0.0283,-0.2256,673.64,212.33,29.77,4.32,80292.5,0,0.00,0.00,3
28697,0.402,0.884,-2.110,0.549,-0.122,239.746,-14.000,-1.000,46.000,0.9735,0.0249,-0.0283,-0.2256,677.81,212.84,29.74,4.32,80255.0,0,0.00,0.00,3
28718,0.474,0.847,-2.096,0.549,-0.305,240.295,-14.000,-0.000,46.000,0.9735,0.0249,-0.0283,-0.2256,682.00,213.37,29.59,4.32,80211.5,0,0.00,0.00,3
28737,0.545,0.805,-2.083,0.549,-0.305,240.967,-12.000,-0.000,46.000,0.9735,0.0249,-0.0283,-0.2256,686.18,213.87,29.46,4.32,80180.6,0,0.00,0.00,3
28757,0.609,0.757,-2.073,0.549,-0.244,241.516,-13.000,4.000,47.000,0.9735,0.0249,-0.0283,-0.2256,690.40,214.40,29.36,4.32,80130.4,0,0.00,0.00,3
28777,0.670,0.705,-2.060,0.427,-0.549,242.065,-14.000,4.000,47.000,0.9735,0.0249,-0.0283,-0.2256,694.62,214.92,29.23,4.32,80095.4,0,0.00,0.00,3
28797,0.726,0.645,-2.051,0.488,-0.610,242.676,-14.000,5.000,46.000,0.9735,0.0249,-0.0283,-0.2256,698.82,215.40,29.16,4.32,80062.9,0,0.00,0.00,3
28817,0.779,0.586,-2.039,0.427,-0.610,243.286,-11.000,5.000,46.000,0.9735,0.0249,-0.0283,-0.2256,703.05,215.91,29.06,4.32,80017.3,0,0.00,0.00,3
28838,0.830,0.523,-2.033,0.305,-0.610,243.958,-11.000,8.000,46.000,0.9735,0.0249,-0.0283,-0.2256,707.33,216.45,29.01,4.32,79968.5,0,0.00,0.00,3
28857,0.877,0.456,-2.025,0.183,-0.549,244.507,-10.000,9.000,46.000,0.9735,0.0249,-0.0283,-0.2256,711.61,216.97,28.96,4.32,79933.1,0,0.00,0.00,3
28877,0.917,0.381,-2.017,0.183,-0.366,245.178,-11.000,8.000,46.000,0.9735,0.0249,-0.0283,-0.2256,715.91,217.51,28.90,4.32,79888.8,0,0.00,0.00,3
28897,0.950,0.303,-2.006,0.122,-0.244,245.850,-10.000,11.000,46.000,0.9735,0.0249,-0.0283,-0.2256,720.15,217.98,28.83,4.32,79864.8,0,0.00,0.00,3
28917,0.974,0.217,-1.998,-0.000,-0.061,246.338,-10.000,11.000,46.000,0.9735,0.0249,-0.0283,-0.2256,724.38,218.43,28.80,4.32,79831.8,0,0.00,0.00,3
28937,0.984,0.131,-1.986,-0.122,-0.000,246.826,-9.000,11.000,46.000,0.9735,0.0249,-0.0283,-0.2256,728.63,218.89,28.72,4.32,79790.1,0,0.00,0.00,3
28958,0.986,0.043,-1.971,-0.000,-0.061,247.437,-5.000,11.000,46.000,0.9735,0.0249,-0.0283,-0.2256,732.89,219.35,28.63,4.32,79749.3,0,0.00,0.00,3
28977,0.979,-0.044,-1.954,-0.000,0.061,247.864,-5.000,11.000,46.000,0.9735,0.0249,-0.0283,-0.2256,737.16,219.80,28.52,4.32,79710.1,0,0.00,0.00,3
28997,0.966,-0.128,-1.935,0.061,-0.000,248.657,-4.000,13.000,46.000,0.9735,0.0249,-0.0283,-0.2256,741.43,220.24,28.39,4.32,79672.8,0,0.00,0.00,3
29017,0.944,-0.208,-1.922,-0.122,-0.061,249.207,-4.000,14.000,46.000,0.9735,0.0249,-0.0283,-0.2256,745.67,220.66,28.32,4.32,79640.5,0,0.00,0.00,3
29037,0.921,-0.288,-1.904,-0.122,-0.183,249.634,-2.000,13.000,46.000,0.9735,0.0249,-0.0283,-0.2256,749.89,221.03,28.20,4.32,79611.4,0,0.00,0.00,3
29057,0.889,-0.363,-1.890,-0.244,-0.366,250.305,-2.000,13.000,47.000,0.9735,0.0249,-0.0283,-0.2256,754.13,221.42,28.13,4.32,79565.9,0,0.00,0.00,3
29078,0.856,-0.440,-1.875,-0.366,-0.305,250.793,0.000,13.000,46.000,0.9735,0.0249,-0.0283,-0.2256,758.35,221.79,28.03,4.32,79533.6,0,0.00,0.00,3
29097,0.821,-0.518,-1.858,-0.366,-0.366,251.404,1.000,13.000,46.000,0.9735,0.0249,-0.0283,-0.2256,762.58,222.14,27.93,4.32,79496.6,0,0.00,0.00,3
29117,0.778,-0.593,-1.846,-0.549,-0.427,251.953,1.000,14.000,46.000,0.9735,0.0249,-0.0283,-0.2256,766.83,222.52,27.88,4.32,79451.5,0,0.00,0.00,3
29137,0.724,-0.664,-1.831,-0.549,-0.366,252.563,4.000,12.000,45.000,0.9735,0.0249,-0.0283,-0.2256,771.07,222.87,27.79,4.32,79417.4,0,0.00,0.00,3
29157,0.665,-0.731,-1.813,-0.610,-0.366,253.052,5.000,11.000,44.000,0.9735,0.0249,-0.0283,-0.2256,775.27,223.19,27.69,4.32,79387.4,0,0.00,0.00,3
29177,0.598,-0.792,-1.800,-0.549,-0.244,253.601,5.000,13.000,46.000,0.9735,0.0249,-0.0283,-0.2256,779.54,223.55,27.63,4.32,79335.0,0,0.00,0.00,3
29198,0.527,-0.844,-1.780,-0.488,-0.244,254.028,8.000,12.000,46.000,0.9735,0.0249,-0.0283,-0.2256,783.79,223.89,27.50,4.32,79301.8,0,0.00,0.00,3
29217,0.449,-0.887,-1.768,-0.488,-0.183,254.578,7.000,11.000,46.000,0.9735,0.0249,-0.0283,-0.2256,788.07,224.25,27.44,4.32,79255.5,0,0.00,0.00,3
29237,0.368,-0.923,-1.729,-0.305,-0.061,255.188,7.000,11.000,44.000,0.9735,0.0249,-0.0283,-0.2256,792.31,224.56,27.11,4.32,79227.7,0,0.00,0.00,3
29257,0.286,-0.948,-1.693,-0.366,-0.061,255.615,10.000,7.000,47.000,0.9735,0.0249,-0.0283,-0.2256,796.56,224.86,26.81,4.32,79187.8,0,0.00,0.00,3
29277,0.202,-0.965,-1.658,-0.366,-0.061,256.165,11.000,8.000,46.000,0.9735,0.0249,-0.0283,-0.2256,800.85,225.19,26.52,4.32,79140.6,0,0.00,0.00,3
29297,0.118,-0.978,-1.624,-0.427,-0.183,256.714,10.000,7.000,46.000,0.9735,0.0249,-0.0283,-0.2256,805.09,225.47,26.23,4.32,79112.5,0,0.00,0.00,3
29318,0.031,-0.983,-1.589,-0.427,-0.122,257.263,11.000,7.000,45.000,0.9735,0.0249,-0.0283,-0.2256,809.34,225.75,25.93,4.32,79073.6,0,0.00,0.00,3
29337,-0.054,-0.979,-1.556,-0.366,-0.000,257.629,14.000,5.000,44.000,0.9735,0.0249,-0.0283,-0.2256,813.63,226.05,25.64,4.32,79024.8,0,0.00,0.00,3
29357,-0.138,-0.969,-1.522,-0.549,0.122,258.179,12.000,4.000,47.000,0.9735,0.0249,-0.0283,-0.2256,817.89,226.30,25.34,4.32,78997.3,0,0.00,0.00,3
29377,-0.226,-0.955,-1.459,-0.549,0.183,258.728,13.000,3.000,47.000,0.9735,0.0249,-0.0283,-0.2256,822.08,226.48,24.75,4.32,78973.8,0,0.00,0.00,3
29397,-0.313,-0.932,-1.399,-0.610,0.244,259.155,13.000,2.000,46.000,0.9735,0.0249,-0.0283,-0.2256,826.35,226.71,24.18,4.32,78916.5,0,0.00,0.00,3
29421,-0.399,-0.902,-1.337,-0.610,0.305,259.644,13.000,-0.000,45.000,0.9735,0.0249,-0.0283,-0.2256,830.60,226.92,23.60,4.32,78881.6,0,0.00,0.00,3
29438,-0.482,-0.861,-1.271,-0.671,0.305,260.010,14.000,-0.000,46.000,0.9735,0.0249,-0.0283,-0.2256,834.84,227.09,22.97,4.32,78848.3,0,0.00,0.00,3
29457,-0.563,-0.815,-1.208,-0.671,0.366,260.437,12.000,-2.000,46.000,0.9735,0.0249,-0.0283,-0.2256,839.10,227.28,22.36,4.32,78802.2,0,0.00,0.00,3
29477,-0.635,-0.761,-1.145,-0.671,0.366,260.864,14.000,-4.000,45.000,0.9735,0.0249,-0.0283,-0.2256,843.35,227.43,21.73,4.32,78769.8,0,0.00,0.00,3
29497,-0.704,-0.698,-1.079,-0.488,0.549,261.230,13.000,-4.000,47.000,0.9735,0.0249,-0.0283,-0.2256,847.61,227.58,21.08,4.32,78726.6,0,0.00,0.00,3
29517,-0.765,-0.632,-0.980,-0.549,0.366,261.658,13.000,-4.000,46.000,0.9735,0.0249,-0.0283,-0.2256,851.86,227.70,20.10,4.32,78689.4,0,0.00,0.00,3
29537,-0.819,-0.562,-0.876,-0.488,0.366,262.085,13.000,-7.000,45.000,0.9735,0.0249,-0.0283,-0.2256,856.11,227.79,19.06,4.32,78652.3,0,0.00,0.00,3
29558,-0.864,-0.485,-0.767,-0.305,0.305,262.451,11.000,-7.000,46.000,0.9735,0.0249,-0.0283,-0.2256,860.37,227.87,17.97,4.32,78610.9,0,0.00,0.00,3
29577,-0.904,-0.406,-0.670,-0.305,0.366,262.756,13.000,-8.000,46.000,0.9735,0.0249,-0.0283,-0.2256,864.66,227.96,16.99,4.32,78564.0,0,0.00,0.00,3
29597,-0.936,-0.323,-0.563,-0.366,0.244,262.939,8.000,-10.000,46.000,0.9735,0.0249,-0.0283,-0.2256,868.88,227.96,15.90,4.32,78543.0,0,0.00,0.00,3
29617,-0.962,-0.239,-0.456,-0.244,0.427,263.245,8.000,-11.000,46.000,0.9735,0.0249,-0.0283,-0.2256,873.10,227.94,14.82,4.32,78502.6,0,0.00,0.00,3
29637,-0.980,-0.147,-0.354,-0.244,0.488,263.550,8.000,-10.000,46.000,0.9735,0.0249,-0.0283,-0.2256,877.41,227.98,13.78,4.32,78442.7,0,0.00,0.00,3
29657,-0.991,-0.060,-0.277,-0.122,0.610,263.794,7.000,-12.000,47.000,0.9735,0.0249,-0.0283,-0.2256,881.68,227.97,12.98,4.32,78413.8,0,0.00,0.00,3
29678,-0.991,0.032,-0.202,-0.244,0.427,264.099,7.000,-10.000,46.000,0.9735,0.0249,-0.0283,-0.2256,885.95,227.94,12.19,4.32,78373.3,0,0.00,0.00,3
29697,-0.983,0.126,-0.128,-0.122,0.671,264.282,4.000,-13.000,45.000,0.9735,0.0249,-0.0283,-0.2256,890.20,227.88,11.41,4.32,78338.2,0,0.00,0.00,3
29717,-0.968,0.213,-0.058,-0.061,0.549,264.465,4.000,-13.000,47.000,0.9735,0.0249,-0.0283,-0.2256,894.40,227.76,10.66,4.32,78312.2,0,0.00,0.00,3
29737,-0.946,0.302,0.019,-0.000,0.549,264.526,4.000,-14.000,46.000,0.9735,0.0249,-0.0283,-0.2256,898.65,227.67,9.85,4.32,78260.6,0,0.00,0.00,3
29757,-0.912,0.389,0.092,0.061,0.549,264.648,2.000,-13.000,46.000,0.9735,0.0249,-0.0283,-0.2256,902.92,227.58,9.06,4.32,78215.8,0,0.00,0.00,3
29777,-0.872,0.472,0.167,0.122,0.610,264.832,0.000,-13.000,46.000,0.9735,0.0249,-0.0283,-0.2256,907.16,227.46,8.27,4.32,78183.8,0,0.00,0.00,3
29798,-0.827,0.548,0.218,0.061,0.427,265.076,-2.000,-14.000,47.000,0.9735,0.0249,-0.0283,-0.2256,911.44,227.36,7.70,4.32,78133.4,0,0.00,0.00,3
29817,-0.772,0.623,0.264,0.122,0.549,265.076,-3.000,-14.000,47.000,0.9735,0.0249,-0.0283,-0.2256,915.69,227.23,7.19,4.32,78101.9,0,0.00,0.00,3
29837,-0.710,0.694,0.311,0.183,0.427,265.198,-4.000,-13.000,46.000,0.9735,0.0249,-0.0283,-0.2256,919.93,227.07,6.66,4.32,78066.1,0,0.00,0.00,3
29857,-0.646,0.754,0.357,0.122,0.305,265.259,-5.000,-12.000,46.000,0.9735,0.0249,-0.0283,-0.2256,924.16,226.91,6.14,4.32,78026.6,0,0.00,0.00,3
29877,-0.571,0.811,0.404,0.183,0.366,265.320,-6.000,-13.000,45.000,0.9735,0.0249,-0.0283,-0.2256,928.42,226.76,5.61,4.32,77981.4,0,0.00,0.00,3
29897,-0.495,0.861,0.452,0.183,0.427,265.442,-7.000,-13.000,46.000,0.9735,0.0249,-0.0283,-0.2256,932.59,226.52,5.08,4.32,77961.8,0,0.00,0.00,3
29918,-0.412,0.903,0.499,0.244,0.305,265.442,-8.000,-11.000,45.000,0.9735,0.0249,-0.0283,-0.2256,936.88,226.39,4.57,4.32,77895.2,0,0.00,0.00,3
29937,-0.327,0.935,0.544,0.244,0.305,265.564,-10.000,-8.000,45.000,0.9735,0.0249,-0.0283,-0.2256,941.12,226.20,4.07,4.32,77866.6,0,0.00,0.00,3
29957,-0.236,0.965,0.591,0.305,0.427,265.564,-11.000,-10.000,46.000,0.9735,0.0249,-0.0283,-0.2256,945.39,226.03,3.55,4.32,77819.8,0,0.00,0.00,3
29977,-0.150,0.981,0.632,0.244,0.183,265.625,-11.000,-6.000,47.000,0.9735,0.0249,-0.0283,-0.2256,949.61,225.82,3.10,4.32,77791.4,0,0.00,0.00,3
29997,-0.056,0.990,0.679,0.305,0.183,265.503,-11.000,-7.000,47.000,0.9735,0.0249,-0.0283,-0.2256,953.86,225.62,2.59,4.32,77745.3,0,0.00,0.00,3
30017,0.033,0.991,0.724,0.427,0.366,265.625,-13.000,-6.000,45.000,0.9735,0.0249,-0.0283,-0.2256,958.09,225.40,2.12,4.32,77710.2,0,0.00,0.00,3
30038,0.124,0.985,0.769,0.366,0.061,265.747,-11.000,-7.000,46.000,0.9735,0.0249,-0.0283,-0.2256,962.28,225.14,1.64,4.32,77678.7,0,0.00,0.00,3
30057,0.215,0.969,0.809,0.427,0.122,265.564,-13.000,-3.000,46.000,0.9735,0.0249,-0.0283,-0.2256,966.56,224.95,1.22,4.32,77619.2,0,0.00,0.00,3
30077,0.308,0.945,0.842,0.427,0.183,265.625,-13.000,-2.000,47.000,0.9735,0.0249,-0.0283,-0.2256,970.80,224.73,0.87,4.32,77587.7,0,0.00,0.00,3
30097,0.391,0.915,0.876,0.366,0.061,265.503,-14.000,-1.000,46.000,0.9735,0.0249,-0.0283,-0.2256,975.08,224.54,0.52,4.32,77538.6,0,0.00,0.00,3
30117,0.475,0.876,0.910,0.366,-0.061,265.625,-14.000,-1.000,46.000,0.9735,0.0249,-0.0283,-0.2256,979.29,224.28,0.00,4.32,77517.1,0,0.00,0.00,3
30137,0.554,0.827,0.939,0.366,-0.122,265.503,-14.000,1.000,46.000,0.9735,0.0249,-0.0283,-0.2256,983.53,224.05,0.00,4.32,77470.4,0,0.00,0.00,3
30158,0.627,0.771,0.972,0.366,-0.061,265.503,-14.000,1.000,46.000,0.9735,0.0249,-0.0283,-0.2256,987.74,223.79,-0.43,4.32,77435.7,0,0.00,0.00,3
30181,0.697,0.710,1.006,0.305,-0.061,265.320,-13.000,4.000,45.000,0.9735,0.0249,-0.0283,-0.2256,991.98,223.55,-0.76,4.32,77390.4,0,0.00,0.00,3
30197,0.758,0.639,1.038,0.305,-0.061,265.259,-11.000,5.000,46.000,0.9735,0.0249,-0.0283,-0.2256,996.23,223.33,-1.05,4.32,77348.0,0,0.00,0.00,3
30217,0.815,0.569,1.058,0.183,-0.122,265.259,-12.000,7.000,45.000,0.9735,0.0249,-0.0283,-0.2256,1000.48,223.10,-1.23,4.32,77306.7,0,0.00,0.00,3
30237,0.862,0.491,1.074,0.305,-0.183,265.198,-11.000,8.000,45.000,0.9735,0.0249,-0.0283,-0.2256,1004.69,222.84,-1.36,4.32,77279.5,0,0.00,0.00,3
30257,0.905,0.406,1.097,0.244,-0.305,265.076,-11.000,7.000,46.000,0.9735,0.0249,-0.0283,-0.2256,1008.93,222.61,-1.56,4.32,77229.9,0,0.00,0.00,3
30278,0.939,0.324,1.110,0.244,-0.244,265.015,-10.000,8.000,46.000,0.9735,0.0249,-0.0283,-0.2256,1013.12,222.33,-1.65,4.32,77204.8,0,0.00,0.00,3
30297,0.965,0.237,1.126,0.183,-0.366,264.954,-10.000,10.000,46.000,0.9735,0.0249,-0.0283,-0.2256,1017.35,222.10,-1.76,4.32,77153.6,0,0.00,0.00,3
30317,0.985,0.147,1.145,0.244,-0.366,264.709,-8.000,11.000,46.000,0.9735,0.0249,-0.0283,-0.2256,1021.60,221.88,-1.90,4.32,77109.1,0,0.00,0.00,3
30337,0.993,0.053,1.164,0.061,-0.244,264.648,-8.000,13.000,46.000,0.9735,0.0249,-0.0283,-0.2256,1025.81,221.62,-2.04,4.32,77082.7,0,0.00,0.00,3
30357,0.998,-0.039,1.178,0.061,-0.244,264.587,-5.000,13.000,45.000,0.9735,0.0249,-0.0283,-0.2256,1030.06,221.42,-2.12,4.32,77029.4,0,0.00,0.00,3
30377,0.990,-0.129,1.195,-0.000,-0.305,264.587,-4.000,14.000,46.000,0.9735,0.0249,-0.0283,-0.2256,1034.29,221.19,-2.23,4.32,76996.5,0,0.00,0.00,3
30398,0.975,-0.219,1.206,-0.000,-0.427,264.404,-4.000,14.000,46.000,0.9735,0.0249,-0.0283,-0.2256,1038.52,220.96,-2.27,4.32,76957.8,0,0.00,0.00,3
30417,0.949,-0.311,1.219,-0.061,-0.305,264.343,-3.000,13.000,47.000,0.9735,0.0249,-0.0283,-0.2256,1042.76,220.75,-2.34,4.32,76915.5,0,0.00,0.00,3
30437,0.913,-0.396,1.236,-0.061,-0.366,264.221,-2.000,16.000,46.000,0.9735,0.0249,-0.0283,-0.2256,1047.00,220.54,-2.43,4.32,76874.9,0,0.00,0.00,3
30457,0.877,-0.478,1.250,-0.061,-0.366,264.038,1.000,14.000,46.000,0.9735,0.0249,-0.0283,-0.2256,1051.19,220.28,-2.50,4.32,76849.3,0,0.00,0.00,3
30478,0.826,-0.555,1.263,-0.183,-0.366,264.038,2.000,13.000,47.000,0.9735,0.0249,-0.0283,-0.2256,1055.36,220.01,-2.56,4.32,76815.2,0,0.00,0.00,4
30509,0.776,-0.630,1.277,-0.244,-0.305,263.794,2.000,14.000,46.000,0.9621,0.0260,-0.0271,-0.2701,1059.55,219.76,-2.57,4.31,76770.7,0,0.00,0.00,5
30518,0.713,-0.698,1.289,-0.305,-0.305,263.733,2.000,13.000,46.000,0.9487,0.0271,-0.0259,-0.3140,1063.75,219.53,-2.56,4.29,76729.4,0,0.00,0.23,5
30539,0.647,-0.761,1.306,-0.244,-0.244,263.611,2.000,13.000,46.000,0.9332,0.0281,-0.0246,-0.3573,1067.99,219.34,-2.60,4.28,76678.6,0,0.00,0.23,5
30558,0.575,-0.820,1.318,-0.244,-0.366,263.489,7.000,12.000,45.000,0.9159,0.0290,-0.0232,-0.3998,1072.23,219.15,-2.61,4.26,76641.9,0,0.00,0.23,5
30578,0.493,-0.866,1.333,-0.305,-0.122,263.428,7.000,12.000,45.000,0.8965,0.0299,-0.0218,-0.4414,1076.39,218.89,-2.67,4.24,76620.6,0,0.00,0.23,5
30598,0.416,-0.911,1.348,-0.427,-0.122,263.123,8.000,10.000,47.000,0.8754,0.0306,-0.0203,-0.4821,1080.61,218.69,-2.75,4.21,76569.1,0,0.00,0.23,5
30618,0.329,-0.944,1.362,-0.427,-0.183,263.000,8.000,11.000,45.000,0.8523,0.0313,-0.0188,-0.5217,1084.84,218.50,-2.83,4.19,76526.6,0,0.00,0.23,5
30638,0.239,-0.970,1.370,-0.427,-0.122,262.878,8.000,8.000,45.000,0.8276,0.0320,-0.0172,-0.5602,1089.04,218.28,-2.89,4.16,76494.2,0,0.00,0.23,5
30659,0.151,-0.990,1.380,-0.366,-0.122,262.756,10.000,8.000,47.000,0.8010,0.0325,-0.0156,-0.5975,1093.24,218.07,-2.99,4.14,76455.7,0,0.00,0.23,5
30678,0.059,-1.002,1.388,-0.488,-0.000,262.634,11.000,7.000,46.000,0.7728,0.0330,-0.0140,-0.6336,1097.43,217.86,-3.08,4.11,76418.4,0,0.00,0.23,5
30698,-0.035,-1.002,1.400,-0.427,-0.061,262.451,11.000,5.000,46.000,0.7430,0.0335,-0.0123,-0.6683,1101.60,217.62,-3.25,4.09,76386.2,0,0.00,0.23,5
30718,-0.125,-0.994,1.411,-0.427,-0.061,262.451,11.000,6.000,46.000,0.7117,0.0338,-0.0106,-0.7016,1105.77,217.38,-3.42,4.07,76346.9,0,0.00,0.23,5
30738,-0.212,-0.981,1.419,-0.366,0.183,262.207,14.000,5.000,46.000,0.6789,0.0341,-0.0089,-0.7334,1109.93,217.13,-3.58,4.04,76312.5,0,0.00,0.23,5
30758,-0.300,-0.956,1.429,-0.488,0.183,262.024,14.000,3.000,46.000,0.6447,0.0343,-0.0072,-0.7637,1114.13,216.93,-3.78,4.02,76260.3,0,0.00,0.23,5
30779,-0.387,-0.926,1.439,-0.488,0.183,261.780,14.000,1.000,46.000,0.6091,0.0345,-0.0055,-0.7923,1118.37,216.75,-4.00,4.00,76215.0,0,0.00,0.23,5
30798,-0.472,-0.889,1.451,-0.427,0.061,261.658,14.000,1.000,47.000,0.5724,0.0345,-0.0037,-0.8193,1122.54,216.52,-4.23,3.98,76191.0,0,0.00,0.23,5
30818,-0.551,-0.840,1.458,-0.427,0.183,261.536,13.000,-1.000,47.000,0.5344,0.0346,-0.0019,-0.8445,1126.77,216.33,-4.43,3.97,76138.9,0,0.00,0.23,5
30838,-0.625,-0.788,1.467,-0.427,0.244,261.353,14.000,-2.000,46.000,0.4954,0.0345,-0.0002,-0.8680,1131.02,216.17,-4.64,3.95,76094.9,0,0.00,0.23,5
30858,-0.691,-0.728,1.475,-0.488,0.244,261.230,13.000,-4.000,46.000,0.4553,0.0344,0.0016,-0.8897,1135.22,215.96,-4.85,3.94,76068.0,0,0.00,0.23,5
30878,-0.757,-0.663,1.487,-0.427,0.305,261.047,11.000,-3.000,45.000,0.4143,0.0342,0.0034,-0.9095,1139.41,215.74,-5.08,3.94,76033.0,0,0.00,0.23,5
30899,-0.816,-0.591,16.000,1.404,-0.610,257.385,13.000,-7.000,47.000,0.3731,0.0341,0.0048,-0.9272,1143.57,212.68,-147.17,3.95,75993.6,0,0.00,0.22,5
30922,-0.865,-0.517,1.509,-0.427,0.366,260.681,13.000,-8.000,47.000,0.3305,0.0338,0.0066,-0.9432,1147.67,212.43,-5.48,3.94,75963.2,0,0.00,0.22,5
30938,-0.908,-0.433,1.527,-0.305,0.305,260.681,13.000,-8.000,47.000,0.2873,0.0334,0.0083,-0.9572,1151.82,212.22,-5.73,3.95,75913.8,0,0.00,0.22,5
30958,-0.945,-0.350,1.541,-0.244,0.427,260.315,10.000,-8.000,46.000,0.2436,0.0330,0.0099,-0.9693,1156.00,212.04,-5.92,3.95,75869.0,0,0.00,0.22,5
30978,-0.972,-0.262,1.553,-0.183,0.366,260.193,8.000,-11.000,44.000,0.1993,0.0326,0.0115,-0.9793,1160.17,211.86,-6.06,3.96,75830.7,0,0.00,0.22,5
30998,-0.992,-0.175,1.567,-0.244,0.549,259.949,10.000,-11.000,47.000,0.1547,0.0320,0.0131,-0.9873,1164.33,211.66,-6.21,3.97,75796.5,0,0.00,0.22,5
31019,-1.003,-0.084,1.581,-0.122,0.549,259.766,8.000,-11.000,47.000,0.1099,0.0314,0.0146,-0.9933,1168.46,211.44,-6.32,3.97,75766.7,0,0.00,0.22,5
31038,-1.007,0.004,1.598,-0.183,0.427,259.583,6.000,-10.000,46.000,0.0648,0.0308,0.0161,-0.9973,1172.58,211.22,-6.45,3.98,75728.3,0,0.00,0.22,5
31058,-1.004,0.097,1.606,-0.122,0.549,259.521,6.000,-14.000,46.000,0.0196,0.0301,0.0175,-0.9992,1176.74,211.03,-6.47,3.99,75681.9,0,0.00,0.22,5
31078,-0.993,0.188,1.613,0.122,0.549,259.216,3.000,-12.000,46.000,-0.0256,0.0293,0.0188,-0.9991,1180.90,210.84,-6.47,3.99,75644.3,0,0.00,0.22,5
31098,-0.970,0.274,1.624,-0.000,0.549,259.033,1.000,-13.000,46.000,-0.0707,0.0285,0.0200,-0.9969,1185.05,210.65,-6.48,3.99,75610.2,0,0.00,0.22,5
31119,-0.941,0.363,1.629,-0.000,0.488,258.850,1.000,-13.000,46.000,-0.1156,0.0276,0.0212,-0.9927,1189.17,210.44,-6.42,3.99,75576.8,0,0.00,0.22,5
31139,-0.906,0.445,1.642,0.183,0.488,258.728,1.000,-13.000,46.000,-0.1602,0.0267,0.0223,-0.9865,1193.35,210.28,-6.43,3.98,75527.0,0,0.00,0.22,5
31159,-0.864,0.527,1.651,0.122,0.427,258.484,-2.000,-13.000,46.000,-0.2045,0.0256,0.0234,-0.9782,1197.49,210.10,-6.40,3.97,75496.3,0,0.00,0.22,5
31179,-0.811,0.602,1.656,0.183,0.488,258.301,-2.000,-14.000,47.000,-0.2483,0.0245,0.0243,-0.9681,1201.68,209.96,-6.33,3.96,75446.7,0,0.00,0.22,5
31199,-0.754,0.671,1.668,0.183,0.549,258.057,-3.000,-13.000,46.000,-0.2916,0.0234,0.0253,-0.9559,1205.84,209.79,-6.33,3.95,75417.9,0,0.00,0.22,5
31219,-0.690,0.736,1.682,0.183,0.549,257.812,-5.000,-13.000,47.000,-0.3343,0.0221,0.0261,-0.9418,1210.01,209.65,-6.35,3.93,75375.4,0,0.00,0.22,5
31239,-0.623,0.795,1.689,0.305,0.549,257.568,-4.000,-11.000,45.000,-0.3763,0.0209,0.0269,-0.9259,1214.14,209.46,-6.32,3.91,75349.9,0,0.00,0.22,5
31259,-0.545,0.847,1.697,0.183,0.305,257.385,-5.000,-11.000,46.000,-0.4174,0.0196,0.0277,-0.9081,1218.23,209.24,-6.31,3.89,75320.3,0,0.00,0.22,5
31279,-0.472,0.896,1.711,0.244,0.427,257.263,-7.000,-11.000,47.000,-0.4577,0.0182,0.0284,-0.8885,1222.42,209.12,-6.37,3.86,75257.9,0,0.00,0.22,5
31299,-0.388,0.934,1.719,0.366,0.305,257.019,-10.000,-11.000,46.000,-0.4971,0.0168,0.0290,-0.8671,1226.60,208.99,-6.40,3.84,75223.2,0,0.00,0.22,5
31319,-0.303,0.964,1.730,0.366,0.366,256.775,-10.000,-10.000,46.000,-0.5354,0.0154,0.0296,-0.8440,1230.76,208.85,-6.48,3.82,75189.8,0,0.00,0.22,5
31339,-0.215,0.986,1.739,0.427,0.244,256.592,-10.000,-9.000,46.000,-0.5726,0.0139,0.0300,-0.8192,1234.90,208.69,-6.55,3.79,75156.8,0,0.00,0.22,5
31359,-0.127,1.004,1.743,0.488,0.183,256.226,-11.000,-8.000,47.000,-0.6086,0.0124,0.0304,-0.7928,1239.06,208.54,-6.61,3.77,75116.0,0,0.00,0.22,5
31379,-0.037,1.009,1.755,0.488,0.122,256.104,-11.000,-7.000,44.000,-0.6434,0.0109,0.0308,-0.7648,1243.20,208.38,-6.75,3.74,75082.6,0,0.00,0.22,5
31399,0.051,1.010,1.757,0.488,0.061,255.981,-13.000,-7.000,46.000,-0.6769,0.0093,0.0311,-0.7354,1247.34,208.22,-6.83,3.72,75044.6,0,0.00,0.22,5
31419,0.142,1.001,1.767,0.549,0.061,255.554,-11.000,-5.000,46.000,-0.7090,0.0078,0.0313,-0.7045,1251.50,208.07,-6.99,3.69,75003.4,0,0.00,0.22,5
31439,0.230,0.985,1.777,0.427,0.061,255.249,-12.000,-4.000,45.000,-0.7397,0.0062,0.0314,-0.6722,1255.67,207.94,-7.18,3.67,74961.3,0,0.00,0.23,5
31459,0.320,0.962,1.783,0.488,-0.061,255.127,-11.000,-5.000,46.000,-0.7688,0.0046,0.0315,-0.6387,1259.80,207.77,-7.33,3.65,74933.8,0,0.00,0.23,5
31479,0.403,0.927,1.792,0.488,-0.000,254.944,-12.000,-0.000,46.000,-0.7965,0.0030,0.0316,-0.6039,1263.97,207.64,-7.53,3.63,74887.2,0,0.00,0.23,5
31499,0.483,0.888,1.804,0.549,-0.122,254.639,-14.000,-0.000,45.000,-0.8225,0.0014,0.0315,-0.5679,1268.13,207.48,-7.75,3.62,74853.8,0,0.00,0.23,5
31519,0.560,0.843,1.817,0.366,-0.305,254.395,-13.000,-0.000,46.000,-0.8469,-0.0002,0.0314,-0.5308,1272.24,207.29,-8.00,3.60,74825.3,0,0.00,0.23,5
31539,0.632,0.791,1.824,0.427,-0.183,254.150,-13.000,2.000,47.000,-0.8696,-0.0017,0.0313,-0.4928,1276.38,207.12,-8.18,3.59,74782.6,0,0.00,0.23,5
31559,0.700,0.728,1.835,0.427,-0.244,253.967,-13.000,2.000,46.000,-0.8906,-0.0033,0.0311,-0.4538,1280.55,206.99,-8.39,3.58,74737.0,0,0.00,0.23,5
31579,0.763,0.665,1.846,0.427,-0.305,253.784,-14.000,3.000,47.000,-0.9098,-0.0049,0.0308,-0.4139,1284.75,206.87,-8.60,3.57,74694.1,0,0.00,0.23,5
31599,0.820,0.595,1.857,0.427,-0.244,253.479,-13.000,5.000,46.000,-0.9272,-0.0064,0.0305,-0.3733,1288.86,206.67,-8.80,3.57,74675.5,0,0.00,0.23,5
31619,0.868,0.520,1.866,0.366,-0.244,253.296,-12.000,7.000,46.000,-0.9428,-0.0080,0.0301,-0.3320,1293.01,206.51,-8.96,3.57,74629.8,0,0.00,0.23,5
31639,0.912,0.441,1.877,0.366,-0.305,253.052,-11.000,8.000,46.000,-0.9565,-0.0095,0.0297,-0.2901,1297.17,206.36,-9.13,3.57,74589.9,0,0.00,0.23,5
31663,0.947,0.361,1.889,0.244,-0.305,252.747,-12.000,10.000,46.000,-0.9684,-0.0109,0.0293,-0.2476,1301.33,206.20,-9.28,3.58,74554.2,0,0.00,0.23,5
31679,0.976,0.276,1.897,0.244,-0.488,252.563,-8.000,11.000,46.000,-0.9783,-0.0123,0.0288,-0.2047,1305.44,206.00,-9.38,3.59,74525.6,0,0.00,0.23,5
31699,0.997,0.187,1.909,0.244,-0.549,252.319,-9.000,11.000,46.000,-0.9864,-0.0137,0.0282,-0.1615,1309.58,205.83,-9.49,3.60,74482.6,0,0.00,0.23,5
31719,1.008,0.100,1.914,0.244,-0.366,251.953,-8.000,11.000,46.000,-0.9925,-0.0150,0.0276,-0.1180,1313.69,205.64,-9.53,3.61,74453.0,0,0.00,0.23,5
31739,1.012,0.010,1.925,0.183,-0.427,251.770,-7.000,11.000,46.000,-0.9967,-0.0163,0.0270,-0.0743,1317.86,205.50,-9.59,3.62,74402.2,0,0.00,0.23,5
31759,1.011,-0.078,1.928,-0.000,-0.488,251.465,-6.000,13.000,46.000,-0.9990,-0.0175,0.0264,-0.0305,1322.02,205.35,-9.57,3.62,74366.2,0,0.00,0.23,5
31779,1.001,-0.166,1.933,-0.000,-0.488,251.221,-5.000,14.000,47.000,-0.9994,-0.0186,0.0256,0.0133,1326.21,205.25,-9.55,3.63,74320.5,0,0.00,0.23,5
31799,0.984,-0.252,1.933,-0.061,-0.488,250.977,-4.000,13.000,47.000,-0.9979,-0.0196,0.0248,0.0570,1330.37,205.11,-9.47,3.63,74291.2,0,0.00,0.23,5
31819,0.958,-0.340,1.941,-0.000,-0.549,250.671,-2.000,14.000,46.000,-0.9944,-0.0206,0.0240,0.1006,1334.50,204.95,-9.45,3.63,74261.4,0,0.00,0.23,5
31839,0.923,-0.421,1.946,-0.183,-0.305,250.488,-1.000,14.000,46.000,-0.9891,-0.0215,0.0231,0.1439,1338.59,204.76,-9.39,3.62,74233.1,0,0.00,0.23,5
31859,0.885,-0.501,1.948,-0.122,-0.549,250.183,0.000,14.000,46.000,-0.9819,-0.0224,0.0222,0.1869,1342.73,204.61,-9.30,3.61,74186.4,0,0.00,0.23,5
31879,0.839,-0.578,1.951,-0.061,-0.488,249.939,1.000,14.000,46.000,-0.9728,-0.0232,0.0212,0.2295,1346.88,204.48,-9.23,3.60,74144.5,0,0.00,0.23,5
31899,0.786,-0.647,1.959,-0.305,-0.366,249.573,2.000,14.000,46.000,-0.9619,-0.0240,0.0201,0.2716,1351.01,204.34,-9.20,3.58,74112.6,0,0.00,0.24,5
31919,0.727,-0.713,1.966,-0.244,-0.366,249.451,2.000,13.000,45.000,-0.9492,-0.0246,0.0190,0.3132,1355.21,204.26,-9.18,3.57,74059.5,0,0.00,0.24,5
31939,0.660,-0.776,1.972,-0.244,-0.366,249.084,5.000,13.000,47.000,-0.9347,-0.0253,0.0179,0.3541,1359.35,204.13,-9.14,3.55,74037.3,0,0.00,0.24,5
31959,0.593,-0.831,1.979,-0.427,-0.305,248.718,5.000,13.000,44.000,-0.9185,-0.0258,0.0167,0.3943,1363.44,203.96,-9.13,3.53,74011.4,0,0.00,0.24,5
31979,0.516,-0.878,1.984,-0.305,-0.305,248.474,7.000,13.000,46.000,-0.9005,-0.0263,0.0155,0.4337,1367.57,203.82,-9.12,3.50,73966.7,0,0.00,0.24,5
31999,0.440,-0.919,1.991,-0.488,-0.305,248.291,7.000,11.000,46.000,-0.8809,-0.0268,0.0142,0.4723,1371.66,203.65,-9.13,3.48,73937.3,0,0.00,0.24,5
32019,0.358,-0.956,2.000,-0.488,-0.305,248.108,8.000,11.000,46.000,-0.8597,-0.0272,0.0129,0.5099,1375.77,203.51,-9.19,3.45,73895.4,0,0.00,0.24,5
32039,0.275,-0.984,2.002,-0.488,-0.183,247.803,10.000,10.000,46.000,-0.8369,-0.0275,0.0116,0.5466,1379.86,203.34,-9.19,3.42,73865.3,0,0.00,0.24,5
32059,0.189,-1.003,2.004,-0.427,-0.183,247.437,11.000,10.000,47.000,-0.8125,-0.0278,0.0103,0.5822,1383.96,203.19,-9.22,3.40,73827.4,0,0.00,0.24,5
32079,0.099,-1.017,2.007,-0.549,-0.122,247.070,12.000,8.000,46.000,-0.7867,-0.0280,0.0090,0.6167,1388.07,203.05,-9.27,3.37,73785.4,0,0.00,0.24,5
32099,0.013,-1.021,2.011,-0.488,-0.061,246.826,11.000,7.000,46.000,-0.7594,-0.0282,0.0076,0.6499,1392.15,202.88,-9.35,3.35,73758.1,0,0.00,0.24,5
32119,-0.072,-1.022,2.015,-0.549,-0.061,246.521,11.000,5.000,45.000,-0.7308,-0.0283,0.0062,0.6820,1396.27,202.75,-9.44,3.32,73710.9,0,0.00,0.24,5
32139,-0.161,-1.010,2.017,-0.549,-0.061,246.399,13.000,7.000,46.000,-0.7008,-0.0284,0.0048,0.7128,1400.38,202.62,-9.53,3.30,73676.3,0,0.00,0.24,5
32159,-0.247,-0.995,2.019,-0.549,0.122,246.094,12.000,4.000,46.000,-0.6696,-0.0284,0.0034,0.7422,1404.48,202.47,-9.63,3.28,73643.8,0,0.00,0.24,5
32179,-0.333,-0.970,2.015,-0.549,0.122,245.728,14.000,2.000,46.000,-0.6372,-0.0283,0.0020,0.7702,1408.60,202.34,-9.68,3.26,73601.0,0,0.00,0.24,5
32199,-0.414,-0.938,2.017,-0.610,0.061,245.483,15.000,2.000,47.000,-0.6036,-0.0282,0.0006,0.7968,1412.66,202.16,-9.79,3.24,73578.2,0,0.00,0.24,5
32219,-0.492,-0.901,2.015,-0.549,0.305,245.239,15.000,1.000,46.000,-0.5690,-0.0281,-0.0008,0.8219,1416.75,202.01,-9.88,3.22,73536.8,0,0.00,0.24,5
32239,-0.567,-0.855,2.016,-0.488,0.244,244.995,14.000,-0.000,47.000,-0.5334,-0.0279,-0.0021,0.8454,1420.84,201.86,-9.99,3.20,73498.6,0,0.00,0.24,5
32259,-0.636,-0.806,2.017,-0.488,0.183,244.629,14.000,-1.000,46.000,-0.4968,-0.0276,-0.0035,0.8674,1424.99,201.76,-10.09,3.19,73449.1,0,0.00,0.25,5
32279,-0.705,-0.747,2.011,-0.549,0.244,244.385,13.000,-4.000,46.000,-0.4594,-0.0273,-0.0049,0.8878,1429.04,201.57,-10.13,3.18,73436.8,0,0.00,0.25,5
32299,-0.765,-0.686,2.014,-0.427,0.305,244.141,13.000,-2.000,45.000,-0.4212,-0.0270,-0.0063,0.9066,1433.14,201.44,-10.25,3.18,73385.9,0,0.00,0.25,5
32319,-0.821,-0.618,2.014,-0.427,0.427,243.774,13.000,-4.000,46.000,-0.3823,-0.0266,-0.0076,0.9236,1437.20,201.26,-10.31,3.17,73361.9,0,0.00,0.25,5
32339,-0.872,-0.546,2.020,-0.427,0.366,243.469,11.000,-5.000,46.000,-0.3427,-0.0262,-0.0089,0.9390,1441.31,201.13,-10.43,3.17,73313.8,0,0.00,0.25,5
32359,-0.914,-0.471,2.024,-0.244,0.488,243.225,12.000,-5.000,46.000,-0.3025,-0.0258,-0.0102,0.9527,1445.40,200.98,-10.53,3.17,73281.4,0,0.00,0.25,5
32379,-0.951,-0.391,2.022,-0.305,0.488,242.981,11.000,-7.000,45.000,-0.2619,-0.0253,-0.0114,0.9647,1449.48,200.84,-10.54,3.18,73245.1,0,0.00,0.25,5
32403,-0.982,-0.311,2.024,-0.305,0.671,242.737,11.000,-10.000,46.000,-0.2208,-0.0247,-0.0126,0.9749,1453.53,200.66,-10.57,3.18,73218.7,0,0.00,0.25,5
32419,-1.004,-0.225,2.029,-0.244,0.610,242.493,10.000,-10.000,46.000,-0.1794,-0.0242,-0.0138,0.9834,1457.64,200.54,-10.62,3.19,73167.8,0,0.00,0.25,5
32439,-1.021,-0.142,2.031,-0.122,0.671,242.126,7.000,-11.000,45.000,-0.1377,-0.0236,-0.0149,0.9901,1461.72,200.39,-10.62,3.19,73138.6,0,0.00,0.25,5
32459,-1.030,-0.056,2.032,-0.122,0.671,241.821,8.000,-10.000,46.000,-0.0958,-0.0229,-0.0159,0.9950,1465.79,200.23,-10.59,3.20,73106.9,0,0.00,0.25,5
32479,-1.029,0.033,2.034,-0.122,0.610,241.516,7.000,-11.000,45.000,-0.0538,-0.0223,-0.0169,0.9982,1469.83,200.06,-10.57,3.20,73075.4,0,0.00,0.25,5
32499,-1.022,0.119,2.042,-0.061,0.610,241.333,6.000,-13.000,46.000,-0.0118,-0.0216,-0.0178,0.9995,1473.90,199.91,-10.58,3.21,73033.4,0,0.00,0.25,5
32519,-1.009,0.204,2.043,0.061,0.671,240.967,5.000,-13.000,46.000,0.0302,-0.0209,-0.0187,0.9992,1477.93,199.74,-10.53,3.21,73004.6,0,0.00,0.25,5
32539,-0.989,0.290,2.047,0.061,0.610,240.601,5.000,-13.000,46.000,0.0721,-0.0201,-0.0195,0.9970,1481.97,199.57,-10.48,3.21,72968.8,0,0.00,0.25,5
32559,-0.962,0.371,2.049,0.122,0.671,240.479,3.000,-14.000,47.000,0.1139,-0.0193,-0.0202,0.9931,1486.04,199.44,-10.41,3.20,72925.3,0,0.00,0.25,5
32579,-0.931,0.451,2.052,0.122,0.610,240.112,1.000,-13.000,46.000,0.1553,-0.0184,-0.0209,0.9875,1490.07,199.27,-10.35,3.19,72900.2,0,0.00,0.25,5
32599,-0.890,0.525,2.056,0.122,0.610,239.868,1.000,-14.000,46.000,0.1965,-0.0175,-0.0215,0.9801,1494.13,199.14,-10.29,3.18,72855.0,0,0.00,0.26,5
32619,-0.841,0.599,2.058,0.305,0.549,239.624,-1.000,-14.000,47.000,0.2373,-0.0166,-0.0221,0.9711,1498.18,198.99,-10.23,3.16,72824.5,0,0.00,0.26,5
32639,-0.788,0.666,2.061,0.305,0.549,239.197,-2.000,-14.000,45.000,0.2776,-0.0156,-0.0226,0.9603,1502.18,198.81,-10.17,3.14,72798.7,0,0.00,0.26,5
32659,-0.731,0.730,2.063,0.366,0.610,238.953,-4.000,-14.000,45.000,0.3173,-0.0145,-0.0230,0.9479,1506.21,198.67,-10.11,3.12,72754.4,0,0.00,0.26,5
32679,-0.672,0.788,2.064,0.488,0.610,238.586,-3.000,-14.000,44.000,0.3565,-0.0135,-0.0234,0.9339,1510.27,198.55,-10.05,3.10,72714.6,0,0.00,0.26,5
32699,-0.602,0.840,2.068,0.305,0.488,238.342,-5.000,-12.000,45.000,0.3950,-0.0124,-0.0238,0.9183,1514.30,198.41,-10.03,3.07,72684.2,0,0.00,0.26,5
32719,-0.529,0.888,2.071,0.549,0.488,238.098,-7.000,-13.000,47.000,0.4327,-0.0113,-0.0241,0.9011,1518.37,198.30,-10.01,3.05,72640.6,0,0.00,0.26,5
32739,-0.452,0.929,2.071,0.488,0.366,237.793,-8.000,-11.000,45.000,0.4697,-0.0102,-0.0243,0.8824,1522.41,198.17,-9.98,3.02,72611.2,0,0.00,0.26,5
32759,-0.374,0.965,2.073,0.610,0.488,237.549,-9.000,-10.000,46.000,0.5059,-0.0090,-0.0245,0.8622,1526.44,198.03,-9.97,2.99,72579.0,0,0.00,0.26,5
32779,-0.296,0.991,2.075,0.488,0.244,237.183,-8.000,-9.000,47.000,0.5411,-0.0078,-0.0247,0.8406,1530.46,197.89,-9.99,2.97,72546.1,0,0.00,0.26,5
32799,-0.211,1.011,2.080,0.610,0.305,236.938,-10.000,-12.000,46.000,0.5753,-0.0067,-0.0248,0.8175,1534.49,197.76,-10.05,2.94,72507.2,0,0.00,0.26,5
32819,-0.126,1.025,2.075,0.732,0.244,236.572,-10.000,-8.000,46.000,0.6086,-0.0054,-0.0248,0.7931,1538.51,197.62,-10.02,2.91,72475.5,0,0.00,0.26,5
32839,-0.042,1.032,2.077,0.793,0.244,236.328,-11.000,-8.000,46.000,0.6407,-0.0042,-0.0248,0.7673,1542.49,197.44,-10.09,2.88,72448.5,0,0.00,0.26,5
32859,0.042,1.035,2.079,0.610,0.183,235.962,-11.000,-7.000,46.000,0.6718,-0.0030,-0.0248,0.7403,1546.51,197.31,-10.15,2.86,72403.0,0,0.02,0.26,5
32879,0.129,1.026,2.081,0.610,0.183,235.779,-13.000,-5.000,46.000,0.7016,-0.0018,-0.0247,0.7121,1550.47,197.12,-10.24,2.84,72382.9,0,0.00,0.26,5
32899,0.213,1.012,2.089,0.610,0.122,235.352,-13.000,-3.000,47.000,0.7303,-0.0006,-0.0246,0.6827,1554.47,196.97,-10.39,2.82,72339.8,0,0.00,0.27,5
32919,0.297,0.995,2.092,0.671,-0.122,235.168,-14.000,-4.000,46.000,0.7577,0.0006,-0.0244,0.6522,1558.43,196.78,-10.50,2.80,72311.5,0,0.00,0.27,5
32939,0.375,0.965,2.098,0.610,-0.183,234.863,-14.000,-3.000,46.000,0.7837,0.0018,-0.0242,0.6206,1562.46,196.65,-10.63,2.78,72262.7,0,0.00,0.27,5
32959,0.452,0.931,2.100,0.671,-0.122,234.497,-15.000,-1.000,46.000,0.8085,0.0030,-0.0239,0.5880,1566.45,196.50,-10.73,2.76,72234.7,0,0.00,0.27,5
32979,0.527,0.890,2.104,0.671,-0.244,234.253,-14.000,-1.000,44.000,0.8318,0.0042,-0.0236,0.5545,1570.45,196.35,-10.87,2.75,72197.4,0,0.00,0.27,5
32999,0.601,0.847,2.106,0.671,-0.183,233.826,-13.000,2.000,46.000,0.8538,0.0053,-0.0233,0.5201,1574.36,196.12,-10.97,2.74,72184.6,0,0.00,0.27,5
33019,0.665,0.792,2.106,0.610,-0.305,233.521,-15.000,2.000,46.000,0.8742,0.0065,-0.0229,0.4849,1578.37,195.98,-11.04,2.73,72126.6,0,0.00,0.27,5
33039,0.728,0.737,2.109,0.549,-0.244,233.337,-12.000,4.000,46.000,0.8932,0.0076,-0.0225,0.4489,1582.33,195.79,-11.14,2.72,72102.6,0,0.00,0.27,5
33059,0.789,0.674,2.109,0.610,-0.549,233.154,-13.000,5.000,47.000,0.9108,0.0087,-0.0220,0.4122,1586.31,195.63,-11.21,2.72,72064.3,0,0.00,0.27,5
33079,0.836,0.610,2.109,0.549,-0.305,232.727,-12.000,4.000,46.000,0.9267,0.0098,-0.0216,0.3749,1590.30,195.48,-11.26,2.72,72024.5,0,0.00,0.27,5
33099,0.885,0.539,2.107,0.427,-0.488,232.361,-11.000,5.000,46.000,0.9412,0.0109,-0.0211,0.3371,1594.27,195.32,-11.27,2.72,71995.4,0,0.00,0.27,5
33119,0.930,0.465,2.106,0.427,-0.488,232.117,-13.000,7.000,47.000,0.9541,0.0119,-0.0206,0.2987,1598.22,195.13,-11.29,2.73,71965.3,0,0.00,0.27,5
33143,0.962,0.390,2.108,0.488,-0.549,231.873,-13.000,8.000,47.000,0.9654,0.0129,-0.0200,0.2598,1602.14,194.92,-11.33,2.73,71937.8,0,0.00,0.27,5
33159,0.990,0.311,2.104,0.366,-0.610,231.628,-10.000,10.000,47.000,0.9751,0.0139,-0.0195,0.2206,1606.15,194.80,-11.29,2.74,71883.7,0,0.00,0.27,5
33179,1.010,0.232,2.106,0.305,-0.366,231.201,-11.000,10.000,46.000,0.9832,0.0148,-0.0189,0.1811,1610.07,194.60,-11.29,2.75,71867.5,0,0.00,0.27,5
33199,1.031,0.146,2.104,0.244,-0.671,230.957,-9.000,11.000,46.000,0.9897,0.0157,-0.0183,0.1414,1614.01,194.42,-11.25,2.76,71829.3,0,0.00,0.27,5
33219,1.036,0.063,2.101,0.183,-0.610,230.652,-10.000,13.000,46.000,0.9945,0.0165,-0.0177,0.1014,1617.94,194.23,-11.18,2.77,71797.9,0,0.00,0.27,5
33239,1.043,-0.021,2.100,0.061,-0.610,230.347,-8.000,11.000,45.000,0.9978,0.0172,-0.0170,0.0614,1621.87,194.06,-11.12,2.78,71760.5,0,0.00,0.28,5
33259,1.037,-0.102,2.096,0.122,-0.610,230.042,-7.000,13.000,46.000,0.9995,0.0179,-0.0164,0.0213,1625.77,193.86,-11.03,2.78,71736.0,0,0.00,0.28,5
33279,1.025,-0.186,2.100,0.061,-0.549,229.736,-5.000,13.000,46.000,0.9995,0.0185,-0.0157,-0.0187,1629.64,193.64,-11.00,2.78,71707.4,0,0.00,0.28,5
33299,1.008,-0.268,2.099,-0.122,-0.549,229.370,-5.000,13.000,47.000,0.9980,0.0191,-0.0150,-0.0587,1633.56,193.46,-10.92,2.78,71662.6,0,0.00,0.28,5
33319,0.982,-0.345,2.102,-0.122,-0.610,229.187,-4.000,14.000,47.000,0.9948,0.0196,-0.0143,-0.0985,1637.48,193.29,-10.88,2.77,71627.5,0,0.00,0.28,5
33339,0.953,-0.425,2.104,-0.061,-0.549,228.821,-2.000,15.000,45.000,0.9901,0.0200,-0.0135,-0.1382,1641.32,193.06,-10.82,2.77,71611.4,0,0.00,0.28,5
33359,0.914,-0.498,2.104,-0.305,-0.610,228.577,1.000,14.000,47.000,0.9838,0.0204,-0.0127,-0.1775,1645.20,192.86,-10.75,2.75,71569.3,0,0.00,0.28,5
33379,0.873,-0.573,2.103,-0.366,-0.549,228.271,0.000,14.000,46.000,0.9760,0.0207,-0.0118,-0.2165,1649.12,192.71,-10.66,2.73,71526.1,0,0.00,0.28,5
33399,0.825,-0.638,2.104,-0.366,-0.671,227.966,1.000,14.000,45.000,0.9666,0.0210,-0.0109,-0.2551,1653.03,192.55,-10.60,2.71,71494.2,0,0.00,0.28,5
33419,0.773,-0.704,2.106,-0.427,-0.610,227.722,2.000,13.000,47.000,0.9557,0.0212,-0.0100,-0.2933,1656.94,192.40,-10.56,2.69,71457.8,0,0.02,0.28,5
33439,0.714,-0.764,2.108,-0.427,-0.488,227.356,2.000,13.000,45.000,0.9434,0.0214,-0.0091,-0.3310,1660.80,192.20,-10.52,2.67,71437.9,0,0.00,0.28,5
33459,0.653,-0.817,2.106,-0.488,-0.427,227.051,4.000,13.000,46.000,0.9295,0.0216,-0.0082,-0.3680,1664.70,192.04,-10.45,2.64,71394.1,0,0.01,0.28,5
33479,0.586,-0.867,2.109,-0.488,-0.427,226.685,5.000,13.000,47.000,0.9143,0.0217,-0.0072,-0.4045,1668.58,191.87,-10.44,2.62,71365.1,0,0.00,0.28,5
33499,0.518,-0.910,2.110,-0.549,-0.366,226.318,5.000,12.000,47.000,0.8976,0.0217,-0.0063,-0.4403,1672.46,191.71,-10.43,2.59,71330.4,0,0.00,0.28,5
33519,0.443,-0.948,2.110,-0.549,-0.244,226.135,7.000,12.000,46.000,0.8795,0.0217,-0.0053,-0.4753,1676.32,191.52,-10.42,2.56,71303.5,0,0.00,0.28,5
33539,0.365,-0.982,2.111,-0.549,-0.244,225.830,9.000,11.000,47.000,0.8601,0.0217,-0.0043,-0.5096,1680.15,191.32,-10.42,2.54,71273.3,0,0.00,0.28,5
33559,0.288,-1.007,2.111,-0.671,-0.305,225.586,8.000,11.000,46.000,0.8394,0.0217,-0.0033,-0.5430,1684.02,191.15,-10.43,2.51,71233.9,0,0.01,0.28,5
33579,0.208,-1.029,2.114,-0.732,-0.244,225.159,10.000,11.000,46.000,0.8175,0.0216,-0.0023,-0.5755,1687.87,190.97,-10.48,2.48,71202.6,0,0.01,0.28,5
33599,0.127,-1.041,2.118,-0.732,-0.183,224.976,12.000,8.000,45.000,0.7943,0.0214,-0.0013,-0.6072,1691.69,190.76,-10.55,2.46,71176.0,0,0.00,0.29,5
33619,0.047,-1.048,2.120,-0.793,-0.183,224.670,11.000,9.000,46.000,0.7699,0.0212,-0.0003,-0.6378,1695.53,190.57,-10.61,2.43,71138.9,0,0.00,0.29,5
33639,-0.037,-1.050,2.124,-0.610,-0.061,224.365,11.000,8.000,46.000,0.7444,0.0210,0.0007,-0.6675,1699.35,190.37,-10.70,2.41,71109.8,0,0.00,0.29,5
33660,-0.117,-1.045,2.127,-0.732,0.061,223.938,13.000,6.000,45.000,0.7177,0.0208,0.0017,-0.6960,1703.19,190.19,-10.79,2.39,71072.0,0,0.01,0.29,5
33679,-0.200,-1.032,2.129,-0.671,0.061,223.755,13.000,6.000,44.000,0.6900,0.0205,0.0027,-0.7235,1707.01,189.98,-10.87,2.37,71044.2,0,0.00,0.29,5
33699,-0.278,-1.015,2.135,-0.732,-0.000,223.328,13.000,5.000,46.000,0.6613,0.0202,0.0037,-0.7498,1710.88,189.83,-11.00,2.35,70997.8,0,0.05,0.29,5
33719,-0.355,-0.991,2.136,-0.671,0.183,223.145,14.000,2.000,46.000,0.6316,0.0198,0.0047,-0.7750,1714.65,189.59,-11.08,2.33,70986.9,0,0.00,0.29,5
33739,-0.434,-0.959,2.138,-0.732,0.183,222.778,14.000,4.000,46.000,0.6011,0.0194,0.0056,-0.7990,1718.43,189.36,-11.17,2.32,70952.3,0,0.00,0.29,5
33759,-0.508,-0.925,2.136,-0.671,0.305,222.473,14.000,4.000,46.000,0.5696,0.0190,0.0066,-0.8217,1722.23,189.15,-11.22,2.31,70914.6,0,0.00,0.29,5
33779,-0.580,-0.884,2.137,-0.671,0.305,222.229,15.000,-0.000,47.000,0.5373,0.0186,0.0075,-0.8431,1726.02,188.93,-11.30,2.30,70884.5,0,0.00,0.29,5
33799,-0.643,-0.834,2.141,-0.671,0.366,221.924,14.000,-0.000,46.000,0.5043,0.0181,0.0084,-0.8633,1729.81,188.71,-11.39,2.29,70851.4,0,0.00,0.29,5
33819,-0.709,-0.785,2.141,-0.610,0.488,221.619,13.000,-4.000,47.000,0.4705,0.0176,0.0093,-0.8822,1733.64,188.54,-11.45,2.28,70806.6,0,0.05,0.29,5
33839,-0.767,-0.728,2.137,-0.549,0.488,221.252,14.000,-4.000,46.000,0.4361,0.0171,0.0102,-0.8997,1737.42,188.32,-11.46,2.28,70786.6,0,0.00,0.29,5
33859,-0.822,-0.666,2.141,-0.610,0.610,220.947,13.000,-2.000,46.000,0.4011,0.0166,0.0110,-0.9158,1741.18,188.08,-11.53,2.28,70760.3,0,0.00,0.29,5
33883,-0.869,-0.603,2.142,-0.549,0.732,220.642,13.000,-6.000,47.000,0.3656,0.0160,0.0118,-0.9306,1744.96,187.87,-11.57,2.28,70720.6,0,0.01,0.29,5
33900,-0.915,-0.534,2.150,-0.488,0.610,220.398,13.000,-7.000,46.000,0.3295,0.0154,0.0126,-0.9439,1748.74,187.66,-11.67,2.28,70686.6,0,0.02,0.29,5
33919,-0.954,-0.464,2.146,-0.427,0.671,220.154,13.000,-7.000,45.000,0.2931,0.0148,0.0134,-0.9559,1752.52,187.46,-11.64,2.29,70655.4,0,0.02,0.29,5
33939,-0.986,-0.388,2.153,-0.488,0.671,219.788,14.000,-8.000,46.000,0.2562,0.0142,0.0141,-0.9664,1756.30,187.25,-11.70,2.30,70622.1,0,0.00,0.29,5
33959,-1.014,-0.313,2.153,-0.244,0.671,219.421,10.000,-9.000,46.000,0.2190,0.0137,0.0148,-0.9755,1760.06,187.03,-11.69,2.31,70594.6,0,0.01,0.29,5
33979,-1.035,-0.234,2.157,-0.244,0.855,219.055,9.000,-10.000,47.000,0.1816,0.0130,0.0154,-0.9832,1763.84,186.84,-11.71,2.31,70555.7,0,0.04,0.29,5
33999,-1.048,-0.155,2.156,-0.244,0.732,218.750,10.000,-10.000,44.000,0.1439,0.0124,0.0160,-0.9894,1767.58,186.61,-11.66,2.32,70533.3,0,0.00,0.29,5
34019,-1.059,-0.075,2.158,-0.061,0.793,218.628,8.000,-10.000,46.000,0.1061,0.0118,0.0165,-0.9941,1771.34,186.41,-11.64,2.33,70496.6,0,0.00,0.29,5
34039,-1.059,0.006,2.155,-0.122,0.793,218.201,9.000,-10.000,46.000,0.0682,0.0112,0.0170,-0.9975,1775.04,186.15,-11.57,2.33,70476.5,0,0.00,0.29,5
34059,-1.056,0.085,2.156,-0.061,1.038,217.896,7.000,-13.000,46.000,0.0302,0.0105,0.0174,-0.9993,1778.83,185.99,-11.52,2.33,70423.2,0,0.07,0.30,5
34079,-1.050,0.167,2.157,-0.000,0.793,217.590,9.000,-13.000,46.000,-0.0077,0.0098,0.0178,-0.9998,1782.58,185.78,-11.47,2.33,70402.1,0,0.03,0.30,5
34099,-1.033,0.247,2.159,-0.000,0.916,217.285,4.000,-13.000,46.000,-0.0456,0.0091,0.0181,-0.9988,1786.29,185.56,-11.42,2.33,70376.2,0,0.00,0.30,5
34119,-1.012,0.324,2.158,0.244,0.793,216.980,5.000,-15.000,47.000,-0.0834,0.0084,0.0184,-0.9963,1790.03,185.36,-11.35,2.32,70338.1,0,0.04,0.30,5
34139,-0.986,0.400,2.152,0.183,0.793,216.675,3.000,-14.000,46.000,-0.1210,0.0077,0.0186,-0.9925,1793.76,185.16,-11.23,2.31,70308.2,0,0.04,0.30,5
34159,-0.954,0.471,2.155,0.305,0.793,216.370,1.000,-14.000,44.000,-0.1583,0.0070,0.0187,-0.9872,1797.47,184.94,-11.21,2.29,70280.5,0,0.00,0.30,5
34179,-0.916,0.542,2.153,0.305,0.732,216.003,3.000,-14.000,46.000,-0.1954,0.0063,0.0188,-0.9805,1801.20,184.75,-11.13,2.27,70243.5,0,0.06,0.30,5
34199,-0.872,0.610,2.150,0.366,0.732,215.759,1.000,-14.000,45.000,-0.2321,0.0055,0.0189,-0.9725,1804.91,184.55,-11.05,2.25,70214.6,0,0.06,0.30,5
34219,-0.825,0.675,2.144,0.488,0.732,215.454,-1.000,-14.000,45.000,-0.2685,0.0047,0.0189,-0.9631,1808.65,184.37,-10.94,2.23,70177.6,0,0.09,0.30,5
34239,-0.772,0.732,2.147,0.488,0.671,215.088,-2.000,-13.000,45.000,-0.3044,0.0039,0.0189,-0.9523,1812.34,184.16,-10.93,2.21,70155.7,0,0.00,0.30,5
34259,-0.715,0.790,2.145,0.549,0.610,214.783,-5.000,-14.000,46.000,-0.3399,0.0031,0.0188,-0.9403,1816.02,183.94,-10.87,2.18,70126.1,0,0.05,0.30,5
34279,-0.655,0.842,2.143,0.549,0.610,214.417,-3.000,-14.000,46.000,-0.3748,0.0023,0.0187,-0.9269,1819.76,183.78,-10.83,2.16,70082.6,0,0.11,0.30,5
34299,-0.590,0.889,2.146,0.610,0.610,214.294,-7.000,-16.000,46.000,-0.4092,0.0015,0.0186,-0.9123,1823.43,183.56,-10.85,2.13,70064.6,0,0.00,0.30,5
34319,-0.522,0.932,2.141,0.671,0.610,213.928,-7.000,-11.000,45.000,-0.4429,0.0006,0.0184,-0.8964,1827.12,183.36,-10.79,2.11,70028.3,0,0.08,0.30,5
34339,-0.450,0.964,2.142,0.610,0.427,213.562,-7.000,-12.000,46.000,-0.4760,-0.0002,0.0182,-0.8793,1830.85,183.21,-10.81,2.08,69985.8,0,0.14,0.30,5
34359,-0.374,0.998,2.144,0.732,0.488,213.257,-7.000,-13.000,45.000,-0.5083,-0.0010,0.0179,-0.8610,1834.55,183.03,-10.84,2.06,69964.2,0,0.10,0.30,5
34380,-0.294,1.023,2.137,0.855,0.549,213.013,-7.000,-11.000,46.000,-0.5400,-0.0019,0.0177,-0.8415,1838.19,182.80,-10.79,2.04,69942.7,0,0.00,0.30,5
34399,-0.213,1.039,2.139,1.099,0.488,212.830,-8.000,-13.000,45.000,-0.5708,-0.0028,0.0173,-0.8209,1841.81,182.55,-10.85,2.01,69917.9,0,0.05,0.30,5
34419,-0.132,1.053,2.142,1.404,0.366,212.341,-11.000,-9.000,47.000,-0.6008,-0.0037,0.0169,-0.7992,1845.41,182.28,-10.92,1.98,69890.6,0,0.00,0.30,5
34439,-0.055,1.059,2.138,1.648,0.183,212.097,-10.000,-8.000,46.000,-0.6300,-0.0046,0.0164,-0.7764,1849.02,182.03,-10.93,1.95,69857.4,0,0.05,0.31,5
34459,0.022,1.060,2.143,1.770,0.122,211.853,-13.000,-8.000,47.000,-0.6582,-0.0055,0.0159,-0.7526,1852.52,181.69,-11.03,1.93,69849.6,0,0.00,0.30,5
34479,0.102,1.056,2.146,2.014,-0.000,211.609,-11.000,-8.000,46.000,-0.6856,-0.0064,0.0153,-0.7278,1856.08,181.40,-11.12,1.90,69806.6,0,0.00,0.30,5
34499,0.175,1.049,2.147,2.136,-0.244,211.426,-12.000,-7.000,46.000,-0.7119,-0.0073,0.0146,-0.7021,1859.62,181.09,-11.18,1.87,69779.5,0,0.01,0.30,5
34519,0.245,1.037,2.147,2.258,-0.305,211.121,-14.000,-7.000,45.000,-0.7373,-0.0081,0.0139,-0.6754,1863.11,180.74,-11.24,1.85,69760.8,0,0.00,0.30,5
34539,0.322,1.023,2.151,2.136,-0.488,210.815,-12.000,-5.000,46.000,-0.7616,-0.0090,0.0132,-0.6478,1866.61,180.42,-11.34,1.83,69726.1,0,0.00,0.30,5
34559,0.390,1.003,2.149,2.136,-0.671,210.510,-14.000,-4.000,46.000,-0.7849,-0.0098,0.0125,-0.6194,1870.09,180.07,-11.38,1.82,69700.5,0,0.00,0.30,5
34579,0.462,0.979,2.150,1.892,-0.793,210.205,-15.000,-4.000,46.000,-0.8071,-0.0105,0.0117,-0.5902,1873.58,179.74,-11.44,1.80,69667.7,0,0.00,0.30,5
34599,0.528,0.946,2.146,1.831,-0.916,209.900,-15.000,-2.000,45.000,-0.8281,-0.0113,0.0109,-0.5603,1877.00,179.35,-11.45,1.80,69653.3,0,0.00,0.30,5
34623,0.600,0.910,2.153,1.648,-0.855,209.778,-14.000,-1.000,46.000,-0.8481,-0.0119,0.0102,-0.5296,1880.39,178.94,-11.56,1.80,69630.9,0,0.00,0.30,5
34639,0.664,0.864,2.147,1.465,-0.977,209.473,-14.000,1.000,46.000,-0.8669,-0.0126,0.0094,-0.4983,1883.78,178.53,-11.53,1.80,69600.6,0,0.00,0.30,5
34659,0.730,0.812,2.149,1.343,-0.855,209.228,-14.000,-0.000,46.000,-0.8845,-0.0132,0.0087,-0.4663,1887.17,178.14,-11.58,1.81,69568.2,0,0.00,0.30,5
34679,0.790,0.752,2.146,1.099,-0.855,208.862,-14.000,4.000,46.000,-0.9009,-0.0137,0.0079,-0.4338,1890.51,177.70,-11.56,1.82,69552.2,0,0.00,0.30,5
34699,0.839,0.688,2.149,0.977,-1.038,208.618,-14.000,2.000,46.000,-0.9161,-0.0143,0.0072,-0.4007,1893.81,177.24,-11.60,1.83,69529.0,0,0.00,0.30,5
34719,0.890,0.624,2.144,0.793,-0.977,208.374,-14.000,5.000,46.000,-0.9300,-0.0147,0.0065,-0.3671,1897.12,176.79,-11.55,1.84,69498.9,0,0.00,0.29,5
34739,0.927,0.553,2.150,0.793,-0.855,208.069,-14.000,6.000,44.000,-0.9427,-0.0152,0.0058,-0.3331,1900.41,176.33,-11.60,1.86,69474.1,0,0.00,0.29,5
34759,0.967,0.480,2.150,0.793,-1.099,207.825,-14.000,5.000,46.000,-0.9542,-0.0156,0.0051,-0.2987,1903.70,175.88,-11.58,1.88,69443.8,0,0.00,0.29,5
34779,0.996,0.404,2.151,0.671,-1.099,207.520,-14.000,7.000,46.000,-0.9644,-0.0159,0.0044,-0.2640,1906.95,175.40,-11.55,1.89,69423.2,0,0.00,0.29,5
34799,1.019,0.327,2.154,0.549,-1.343,207.275,-13.000,8.000,46.000,-0.9733,-0.0162,0.0036,-0.2290,1910.22,174.95,-11.54,1.91,69390.9,0,0.00,0.29,5
34819,1.039,0.252,2.152,0.549,-1.404,207.031,-10.000,8.000,46.000,-0.9809,-0.0165,0.0029,-0.1937,1913.45,174.47,-11.49,1.92,69369.6,0,0.00,0.28,5
34839,1.057,0.176,2.151,0.488,-1.648,206.726,-11.000,10.000,46.000,-0.9873,-0.0167,0.0021,-0.1582,1916.67,173.99,-11.43,1.93,69344.2,0,0.00,0.28,5
34859,1.066,0.103,2.151,0.305,-1.770,206.482,-11.000,9.000,46.000,-0.9923,-0.0168,0.0013,-0.1225,1919.86,173.50,-11.38,1.94,69320.3,0,0.00,0.28,5
34879,1.078,0.026,2.148,0.244,-1.648,206.177,-8.000,11.000,44.000,-0.9961,-0.0169,0.0006,-0.0867,1923.05,173.02,-11.30,1.94,69292.8,0,0.00,0.28,5
34899,1.079,-0.049,2.144,0.061,-2.014,205.933,-8.000,12.000,46.000,-0.9986,-0.0169,-0.0002,-0.0509,1926.27,172.57,-11.20,1.94,69256.2,0,0.00,0.28,5
34919,1.078,-0.127,2.142,-0.061,-2.014,205.627,-8.000,13.000,44.000,-0.9997,-0.0169,-0.0011,-0.0150,1929.50,172.14,-11.13,1.94,69226.6,0,0.00,0.28,5
34939,1.070,-0.202,2.141,-0.305,-2.014,205.383,-7.000,13.000,46.000,-0.9996,-0.0168,-0.0019,0.0208,1932.67,171.67,-11.06,1.93,69212.0,0,0.00,0.27,5
34959,1.062,-0.279,2.137,-0.427,-2.075,205.078,-5.000,14.000,46.000,-0.9983,-0.0166,-0.0027,0.0565,1935.82,171.19,-10.98,1.93,69185.0,0,0.00,0.27,5
34979,1.040,-0.356,2.139,-0.488,-1.953,204.834,-4.000,13.000,45.000,-0.9956,-0.0164,-0.0035,0.0921,1938.96,170.71,-10.95,1.92,69161.4,0,0.00,0.27,5
34999,1.018,-0.430,2.132,-0.549,-1.892,204.590,-2.000,13.000,45.000,-0.9917,-0.0161,-0.0043,0.1276,1942.08,170.22,-10.84,1.91,69138.4,0,0.00,0.27,5
35019,0.987,-0.504,2.131,-0.671,-1.709,204.224,-4.000,14.000,46.000,-0.9865,-0.0157,-0.0050,0.1628,1945.23,169.77,-10.79,1.89,69101.6,0,0.00,0.26,5
35039,0.950,-0.574,2.131,-0.793,-1.404,203.980,-1.000,14.000,46.000,-0.9801,-0.0154,-0.0057,0.1978,1948.35,169.30,-10.77,1.88,69082.1,0,0.00,0.26,5
35059,0.906,-0.641,2.124,-0.977,-1.404,203.674,-1.000,13.000,46.000,-0.9725,-0.0149,-0.0065,0.2325,1951.47,168.84,-10.67,1.86,69053.6,0,0.00,0.26,5
35079,0.858,-0.702,2.126,-0.916,-1.343,203.430,-1.000,13.000,44.000,-0.9636,-0.0144,-0.0072,0.2669,1954.61,168.41,-10.69,1.85,69019.8,0,0.00,0.26,5
35099,0.804,-0.761,2.126,-0.916,-1.221,203.186,0.000,16.000,45.000,-0.9535,-0.0139,-0.0079,0.3008,1957.67,167.91,-10.69,1.83,69012.0,0,0.00,0.26,5
35119,0.746,-0.814,2.128,-1.038,-1.282,202.942,2.000,16.000,46.000,-0.9423,-0.0134,-0.0086,0.3344,1960.69,167.39,-10.71,1.82,68990.7,0,0.00,0.25,5
35139,0.686,-0.864,2.123,-0.977,-0.916,202.698,2.000,16.000,44.000,-0.9299,-0.0128,-0.0092,0.3675,1963.71,166.87,-10.67,1.81,68965.6,0,0.00,0.25,5
35159,0.626,-0.908,2.124,-1.099,-0.916,202.454,5.000,15.000,46.000,-0.9164,-0.0122,-0.0099,0.4001,1966.81,166.43,-10.71,1.80,68920.5,0,0.00,0.25,5
35179,0.558,-0.949,2.123,-1.221,-0.855,202.148,5.000,15.000,46.000,-0.9017,-0.0116,-0.0105,0.4321,1969.86,165.96,-10.73,1.79,68903.5,0,0.00,0.25,5
35199,0.490,-0.984,2.123,-1.404,-0.793,201.904,7.000,14.000,46.000,-0.8859,-0.0109,-0.0111,0.4636,1972.90,165.49,-10.77,1.79,68878.1,0,0.00,0.24,5
35219,0.420,-1.015,2.124,-1.465,-0.671,201.599,7.000,14.000,46.000,-0.8691,-0.0102,-0.0117,0.4944,1975.94,165.02,-10.82,1.78,68851.8,0,0.00,0.24,5
35239,0.350,-1.043,2.121,-1.648,-0.549,201.355,7.000,13.000,46.000,-0.8512,-0.0094,-0.0123,0.5246,1978.96,164.55,-10.84,1.78,68828.6,0,0.00,0.24,5
35259,0.277,-1.067,2.124,-1.587,-0.549,200.989,8.000,10.000,46.000,-0.8323,-0.0087,-0.0129,0.5542,1981.95,164.05,-10.93,1.78,68807.7,0,0.00,0.23,5
35279,0.198,-1.084,2.120,-1.770,-0.427,200.867,9.000,13.000,45.000,-0.8124,-0.0078,-0.0135,0.5830,1984.94,163.56,-10.95,1.79,68781.6,0,0.00,0.23,5
35299,0.122,-1.101,2.118,-1.831,-0.366,200.562,11.000,13.000,46.000,-0.7915,-0.0070,-0.0141,0.6110,1987.89,163.05,-10.98,1.80,68762.4,0,0.00,0.23,5
35319,0.045,-1.108,2.112,-1.892,-0.183,200.256,11.000,8.000,46.000,-0.7696,-0.0061,-0.0146,0.6383,1990.85,162.55,-10.98,1.82,68736.3,0,0.00,0.23,5
35339,-0.033,-1.111,2.112,-1.892,-0.000,199.951,11.000,9.000,47.000,-0.7469,-0.0052,-0.0151,0.6647,1993.80,162.05,-11.04,1.83,68709.9,0,0.00,0.22,5
35363,-0.109,-1.110,2.115,-2.014,0.122,199.707,14.000,10.000,46.000,-0.7233,-0.0043,-0.0156,0.6903,1996.73,161.54,-11.12,1.85,68687.8,0,0.00,0.22,5
35379,-0.191,-1.102,2.111,-2.075,0.244,199.463,13.000,7.000,46.000,-0.6989,-0.0034,-0.0160,0.7151,1999.65,161.03,-11.14,1.88,68663.2,0,0.00,0.22,5
35399,-0.267,-1.089,2.110,-1.892,0.549,199.219,14.000,8.000,44.000,-0.6736,-0.0024,-0.0164,0.7389,2002.61,160.57,-11.17,1.90,68629.9,0,0.00,0.21,5
35419,-0.344,-1.068,2.107,-1.831,0.549,198.914,13.000,7.000,45.000,-0.6476,-0.0014,-0.0168,0.7618,2005.60,160.14,-11.18,1.93,68594.9,0,0.00,0.21,5
35439,-0.418,-1.044,2.110,-1.770,0.549,198.669,13.000,5.000,44.000,-0.6208,-0.0005,-0.0171,0.7838,2008.53,159.66,-11.23,1.96,68583.0,0,0.00,0.21,5
35459,-0.488,-1.014,2.105,-1.709,0.793,198.425,13.000,4.000,47.000,-0.5933,0.0005,-0.0174,0.8048,2011.41,159.15,-11.21,2.00,68567.4,0,0.00,0.20,5
35479,-0.556,-0.978,2.102,-1.648,0.793,198.120,16.000,1.000,46.000,-0.5651,0.0014,-0.0177,0.8248,2014.30,158.66,-11.19,2.03,68538.7,0,0.00,0.20,5
35499,-0.625,-0.939,2.100,-1.526,0.977,197.815,14.000,3.000,46.000,-0.5363,0.0024,-0.0179,0.8438,2017.21,158.19,-11.16,2.07,68509.4,0,0.00,0.20,5
35519,-0.688,-0.894,2.100,-1.404,1.099,197.632,15.000,-1.000,45.000,-0.5069,0.0033,-0.0180,0.8618,2020.13,157.74,-11.16,2.10,68479.7,0,0.00,0.19,5
35539,-0.745,-0.845,2.099,-1.282,1.038,197.266,17.000,1.000,46.000,-0.4769,0.0042,-0.0182,0.8787,2023.04,157.29,-11.13,2.14,68457.0,0,0.00,0.19,5
35559,-0.802,-0.792,2.097,-1.221,1.160,196.960,16.000,-0.000,46.000,-0.4465,0.0051,-0.0182,0.8946,2025.90,156.81,-11.09,2.17,68442.6,0,0.00,0.19,5
35579,-0.855,-0.738,2.091,-1.160,1.282,196.899,14.000,-1.000,46.000,-0.4155,0.0060,-0.0183,0.9094,2028.76,156.33,-11.00,2.21,68415.7,0,0.00,0.18,5
35599,-0.902,-0.679,2.091,-1.099,1.343,196.472,14.000,-3.000,46.000,-0.3841,0.0069,-0.0183,0.9231,2031.57,155.82,-10.96,2.24,68403.5,0,0.00,0.18,5
35619,-0.944,-0.616,2.086,-1.099,1.404,196.289,15.000,-5.000,46.000,-0.3522,0.0078,-0.0183,0.9357,2034.39,155.33,-10.86,2.28,68372.6,0,0.00,0.18,5
35639,-0.986,-0.550,2.086,-0.916,1.526,196.045,15.000,-6.000,44.000,-0.3200,0.0087,-0.0182,0.9472,2037.30,154.94,-10.81,2.31,68328.6,0,0.00,0.17,5
35659,-1.024,-0.483,2.084,-0.855,1.587,195.740,14.000,-7.000,46.000,-0.2875,0.0095,-0.0181,0.9576,2040.13,154.47,-10.72,2.34,68322.2,0,0.00,0.00,5
35679,-1.053,-0.412,2.083,-0.732,1.770,195.374,13.000,-8.000,44.000,-0.2547,0.0104,-0.0179,0.9668,2042.93,153.99,-10.65,2.37,68301.6,0,0.00,0.00,5
35699,-1.082,-0.340,2.077,-0.671,1.770,195.190,12.000,-9.000,46.000,-0.2216,0.0112,-0.0177,0.9749,2045.76,153.55,-10.53,2.40,68272.0,0,0.00,0.00,5
35719,-1.104,-0.264,2.077,-0.610,1.831,194.885,13.000,-8.000,45.000,-0.1883,0.0120,-0.0174,0.9819,2048.63,153.15,-10.46,2.43,68237.1,0,0.00,0.00,5
35739,-1.121,-0.189,2.077,-0.427,2.014,194.763,11.000,-9.000,46.000,-0.1549,0.0129,-0.0171,0.9877,2051.44,152.72,-10.39,2.45,68223.7,0,0.00,0.00,5
35759,-1.135,-0.111,2.071,-0.305,1.953,194.519,10.000,-11.000,45.000,-0.1213,0.0136,-0.0167,0.9924,2054.25,152.28,-10.27,2.47,68200.6,0,0.00,0.00,5
35779,-1.137,-0.035,2.071,-0.183,2.014,194.214,10.000,-12.000,45.000,-0.0876,0.0144,-0.0163,0.9959,2057.02,151.82,-10.21,2.49,68183.5,0,0.00,0.00,5
35799,-1.139,0.042,2.071,-0.000,1.953,193.909,10.000,-11.000,44.000,-0.0538,0.0151,-0.0158,0.9983,2059.79,151.38,-10.15,2.51,68158.9,0,0.00,0.00,5
35819,-1.136,0.119,2.067,0.122,2.197,193.604,9.000,-11.000,46.000,-0.0201,0.0159,-0.0152,0.9996,2062.58,150.95,-10.06,2.52,68130.9,0,0.00,0.00,5
35839,-1.125,0.196,2.067,0.183,1.953,193.298,9.000,-13.000,45.000,0.0136,0.0166,-0.0146,0.9997,2065.33,150.51,-10.02,2.54,68113.3,0,0.00,0.00,5
35859,-1.110,0.271,2.067,0.366,2.014,193.054,7.000,-14.000,46.000,0.0473,0.0173,-0.0140,0.9986,2068.13,150.11,-9.98,2.55,68079.7,0,0.00,0.00,5
35879,-1.091,0.346,2.062,0.549,1.831,192.871,7.000,-14.000,46.000,0.0808,0.0179,-0.0133,0.9965,2070.93,149.73,-9.90,2.56,68053.0,0,0.00,0.00,5
35899,-1.066,0.418,2.062,0.549,1.831,192.627,7.000,-14.000,45.000,0.1143,0.0185,-0.0125,0.9932,2073.68,149.30,-9.89,2.57,68040.8,0,0.00,0.00,5
35919,-1.037,0.489,2.057,0.793,1.953,192.322,4.000,-13.000,46.000,0.1475,0.0192,-0.0117,0.9888,2076.44,148.90,-9.84,2.58,68013.1,0,0.00,0.00,5
35939,-1.003,0.559,2.058,0.793,1.648,192.078,5.000,-16.000,46.000,0.1806,0.0197,-0.0109,0.9833,2079.15,148.45,-9.85,2.58,68001.6,0,0.00,0.00,5
35959,-0.964,0.623,2.056,0.977,1.709,192.017,3.000,-15.000,45.000,0.2134,0.0203,-0.0100,0.9767,2081.92,148.08,-9.85,2.60,67962.2,0,0.00,0.00,5
35979,-0.919,0.686,2.053,1.038,1.526,191.528,2.000,-15.000,45.000,0.2459,0.0208,-0.0091,0.9690,2084.68,147.70,-9.85,2.61,67940.2,0,0.00,0.00,5
35999,-0.875,0.750,2.050,1.099,1.465,191.345,0.000,-16.000,45.000,0.2781,0.0213,-0.0081,0.9603,2087.45,147.33,-9.86,2.62,67914.6,0,0.00,0.00,5
36019,-0.821,0.805,2.048,1.221,1.404,191.040,1.000,-15.000,46.000,0.3099,0.0218,-0.0071,0.9505,2090.21,146.96,-9.89,2.63,67892.5,0,0.00,0.00,5
36039,-0.769,0.858,2.045,1.282,1.404,190.735,-2.000,-15.000,44.000,0.3414,0.0223,-0.0061,0.9396,2092.94,146.56,-9.91,2.65,67876.6,0,0.00,0.00,5
36059,-0.710,0.908,2.046,1.526,1.282,190.613,-2.000,-16.000,44.000,0.3724,0.0228,-0.0051,0.9278,2095.69,146.20,-9.99,2.67,67846.4,0,0.00,0.00,5
36083,-0.647,0.955,2.042,1.587,1.343,190.247,-4.000,-14.000,46.000,0.4030,0.0232,-0.0040,0.9149,2098.41,145.81,-10.01,2.70,67829.0,0,0.00,0.00,5
36099,-0.583,0.998,2.039,1.648,1.160,190.063,-5.000,-14.000,46.000,0.4331,0.0236,-0.0029,0.9010,2101.14,145.44,-10.05,2.73,67801.9,0,0.00,0.00,5
36119,-0.516,1.035,2.032,1.709,0.977,189.758,-5.000,-14.000,44.000,0.4626,0.0240,-0.0018,0.8862,2103.91,145.10,-10.07,2.75,67771.7,0,0.00,0.00,5
36139,-0.446,1.068,2.034,1.831,0.916,189.514,-7.000,-14.000,44.000,0.4917,0.0243,-0.0006,0.8704,2106.62,144.73,-10.17,2.79,67757.9,0,0.00,0.00,5
36159,-0.374,1.095,2.035,1.831,0.732,189.331,-7.000,-13.000,46.000,0.5201,0.0246,0.0005,0.8537,2109.34,144.36,-10.26,2.82,67734.6,0,0.00,0.00,5
36179,-0.302,1.119,2.034,1.953,0.793,189.087,-8.000,-13.000,47.000,0.5480,0.0249,0.0017,0.8361,2112.07,144.01,-10.33,2.86,67706.1,0,0.00,0.00,5
36199,-0.230,1.138,2.026,2.014,0.549,188.843,-10.000,-14.000,44.000,0.5752,0.0251,0.0029,0.8176,2114.76,143.63,-10.33,2.90,67694.4,0,0.00,0.00,5
36219,-0.156,1.151,2.027,2.075,0.427,188.599,-8.000,-14.000,44.000,0.6018,0.0254,0.0042,0.7982,2117.43,143.23,-10.41,2.94,67672.8,0,0.00,0.00,5
36239,-0.076,1.160,2.026,2.075,0.305,188.354,-11.000,-11.000,46.000,0.6277,0.0255,0.0054,0.7780,2120.10,142.84,-10.47,2.99,67649.8,0,0.00,0.00,5
36259,-0.005,1.165,2.023,2.136,0.122,188.049,-13.000,-10.000,44.000,0.6528,0.0257,0.0066,0.7570,2122.81,142.50,-10.50,3.04,67617.9,0,0.00,0.00,5
36279,0.073,1.161,2.023,2.075,-0.000,187.744,-11.000,-8.000,45.000,0.6773,0.0258,0.0079,0.7352,2125.46,142.11,-10.55,3.09,67606.6,0,0.00,0.00,5
36299,0.148,1.156,2.020,2.075,-0.000,187.500,-13.000,-11.000,46.000,0.7009,0.0258,0.0091,0.7127,2128.08,141.69,-10.56,3.14,67591.2,0,0.00,0.00,5
36319,0.223,1.145,2.017,2.014,-0.183,187.195,-13.000,-10.000,46.000,0.7238,0.0258,0.0103,0.6894,2130.77,141.34,-10.57,3.19,67552.0,0,0.00,0.00,5
36339,0.296,1.129,2.015,2.014,-0.427,187.073,-14.000,-7.000,46.000,0.7459,0.0258,0.0115,0.6654,2133.45,141.00,-10.56,3.24,67530.7,0,0.00,0.00,5
36359,0.371,1.107,2.015,2.014,-0.549,186.829,-15.000,-7.000,44.000,0.7672,0.0257,0.0128,0.6408,2136.11,140.64,-10.57,3.29,67511.4,0,0.00,0.00,5
36379,0.443,1.082,2.013,1.831,-0.549,186.584,-14.000,-7.000,46.000,0.7876,0.0256,0.0140,0.6155,2138.83,140.35,-10.55,3.34,67474.4,0,0.00,0.00,5
36399,0.511,1.054,2.012,1.770,-0.610,186.218,-14.000,-4.000,46.000,0.8072,0.0255,0.0151,0.5895,2141.45,139.96,-10.52,3.39,67475.5,0,0.00,0.00,5
36419,0.580,1.019,2.007,1.770,-0.793,185.974,-16.000,-4.000,44.000,0.8259,0.0253,0.0163,0.5630,2144.15,139.67,-10.45,3.44,67432.3,0,0.00,0.00,5
36439,0.648,0.979,2.004,1.709,-1.038,185.730,-16.000,-2.000,44.000,0.8437,0.0250,0.0175,0.5360,2146.81,139.33,-10.38,3.50,67420.2,0,0.00,0.00,5
36459,0.708,0.934,2.002,1.770,-1.038,185.608,-16.000,-1.000,46.000,0.8606,0.0247,0.0186,0.5084,2149.49,139.03,-10.30,3.55,67391.0,0,0.00,0.00,5
36479,0.770,0.886,2.002,1.587,-1.221,185.242,-17.000,-2.000,45.000,0.8765,0.0244,0.0197,0.4803,2152.14,138.71,-10.24,3.60,67373.6,0,0.00,0.00,5
36499,0.829,0.837,2.003,1.465,-1.343,184.998,-16.000,-1.000,46.000,0.8916,0.0240,0.0208,0.4518,2154.85,138.45,-10.18,3.65,67339.7,0,0.00,0.00,5
36519,0.877,0.781,1.996,1.343,-1.343,184.692,-15.000,1.000,46.000,0.9056,0.0236,0.0219,0.4228,2157.54,138.17,-10.02,3.69,67321.3,0,0.00,0.00,5
36539,0.929,0.724,1.993,1.404,-1.404,184.631,-16.000,1.000,45.000,0.9188,0.0231,0.0230,0.3934,2160.17,137.86,-9.91,3.74,67309.1,0,0.00,0.00,5
36559,0.974,0.664,1.995,1.282,-1.648,184.265,-15.000,2.000,45.000,0.9309,0.0226,0.0240,0.3637,2162.84,137.58,-9.83,3.78,67278.7,0,0.00,0.00,5
36579,1.015,0.601,1.991,1.160,-1.709,183.960,-14.000,4.000,44.000,0.9421,0.0221,0.0250,0.3336,2165.46,137.27,-9.69,3.82,67266.9,0,0.00,0.00,5
36599,1.053,0.535,1.993,1.099,-1.770,183.777,-15.000,7.000,45.000,0.9523,0.0215,0.0260,0.3032,2168.11,136.99,-9.61,3.86,67237.3,0,0.00,0.00,5
36619,1.085,0.465,1.993,0.916,-1.892,183.472,-15.000,8.000,45.000,0.9615,0.0208,0.0269,0.2726,2170.78,136.74,-9.51,3.90,67210.4,0,0.00,0.00,5
36639,1.112,0.398,1.986,0.732,-1.770,183.289,-14.000,7.000,46.000,0.9697,0.0201,0.0278,0.2417,2173.44,136.48,-9.34,3.93,67190.9,0,0.00,0.00,5
36659,1.138,0.325,1.980,0.732,-1.831,183.044,-14.000,8.000,44.000,0.9770,0.0193,0.0287,0.2106,2176.05,136.18,-9.19,3.96,67178.6,0,0.00,0.00,5
36679,1.158,0.251,1.981,0.488,-2.014,182.800,-16.000,11.000,46.000,0.9832,0.0185,0.0295,0.1793,2178.68,135.92,-9.11,3.99,67150.6,0,0.00,0.00,5
36699,1.174,0.177,1.981,0.427,-2.014,182.495,-14.000,10.000,46.000,0.9884,0.0176,0.0303,0.1479,2181.26,135.61,-9.02,4.02,67140.2,0,0.00,0.00,5
36719,1.184,0.104,1.983,0.244,-2.014,182.373,-12.000,10.000,45.000,0.9926,0.0167,0.0311,0.1164,2183.91,135.38,-8.96,4.05,67102.7,0,0.00,0.00,5
36739,1.190,0.028,1.975,0.183,-2.197,182.068,-11.000,11.000,46.000,0.9958,0.0158,0.0318,0.0848,2186.57,135.16,-8.81,4.07,67077.6,0,0.00,0.00,5
36759,1.190,-0.049,1.973,-0.000,-2.014,181.885,-11.000,13.000,45.000,0.9979,0.0147,0.0325,0.0532,2189.17,134.88,-8.73,4.09,67070.2,0,0.00,0.00,5
36779,1.185,-0.125,1.972,-0.061,-2.136,181.519,-10.000,12.000,46.000,0.9991,0.0137,0.0332,0.0216,2191.81,134.66,-8.68,4.12,67036.8,0,0.00,0.00,5
36799,1.178,-0.201,1.968,-0.305,-1.953,181.335,-10.000,13.000,45.000,0.9993,0.0126,0.0338,-0.0100,2194.38,134.38,-8.61,4.13,67029.9,0,0.00,0.00,5
36823,1.164,-0.274,1.969,-0.366,-2.014,181.030,-10.000,13.000,44.000,0.9985,0.0114,0.0344,-0.0416,2197.02,134.16,-8.60,4.15,66993.4,0,0.00,0.00,5
36839,1.143,-0.346,1.967,-0.549,-2.197,180.847,-9.000,15.000,45.000,0.9967,0.0102,0.0350,-0.0731,2199.60,133.90,-8.58,4.18,66983.5,0,0.00,0.00,5
36859,1.122,-0.418,1.964,-0.671,-1.953,180.603,-9.000,15.000,44.000,0.9939,0.0090,0.0355,-0.1044,2202.18,133.64,-8.57,4.19,66961.6,0,0.00,0.00,5
36879,1.094,-0.488,1.960,-0.671,-1.892,180.298,-7.000,15.000,46.000,0.9901,0.0077,0.0359,-0.1357,2204.77,133.39,-8.55,4.21,66937.9,0,0.00,0.00,5
36899,1.061,-0.556,1.965,-0.916,-1.892,180.115,-5.000,16.000,45.000,0.9853,0.0064,0.0364,-0.1667,2207.34,133.12,-8.64,4.24,66920.8,0,0.00,0.00,5
36919,1.025,-0.625,1.958,-1.038,-1.709,179.871,-5.000,16.000,44.000,0.9796,0.0050,0.0368,-0.1975,2209.98,132.93,-8.63,4.26,66882.9,0,0.00,0.00,5
36939,0.987,-0.686,1.957,-1.099,-1.770,179.687,-4.000,17.000,44.000,0.9729,0.0036,0.0372,-0.2281,2212.54,132.67,-8.68,4.28,66877.8,0,0.00,0.00,5
36959,0.941,-0.747,1.955,-1.221,-1.648,179.321,-4.000,16.000,44.000,0.9653,0.0022,0.0375,-0.2584,2215.14,132.44,-8.74,4.30,66848.6,0,0.00,0.00,5
36979,0.894,-0.805,1.953,-1.282,-1.648,179.138,-2.000,17.000,46.000,0.9567,0.0008,0.0378,-0.2885,2217.69,132.18,-8.82,4.33,66836.8,0,0.00,0.00,5
36999,0.844,-0.860,1.949,-1.526,-1.526,178.955,-1.000,18.000,44.000,0.9473,-0.0007,0.0380,-0.3182,2220.30,131.97,-8.87,4.36,66801.8,0,0.00,0.00,5
37019,0.786,-0.910,1.947,-1.526,-1.404,178.650,2.000,17.000,46.000,0.9369,-0.0022,0.0383,-0.3475,2222.90,131.76,-8.97,4.39,66781.9,0,0.00,0.00,5
37039,0.729,-0.961,1.945,-1.648,-1.282,178.406,2.000,17.000,45.000,0.9256,-0.0038,0.0384,-0.3765,2225.51,131.56,-9.06,4.43,66757.1,0,0.00,0.00,5
37059,0.667,-1.003,1.945,-1.709,-1.221,178.223,1.000,17.000,45.000,0.9135,-0.0053,0.0386,-0.4051,2228.07,131.30,-9.18,4.46,66748.8,0,0.00,0.00,5
37079,0.609,-1.047,1.946,-1.770,-1.099,177.917,3.000,17.000,46.000,0.9004,-0.0068,0.0387,-0.4332,2230.61,131.04,-9.31,4.50,66729.4,0,0.00,0.00,5
37099,0.541,-1.082,1.942,-1.892,-0.977,177.673,5.000,17.000,45.000,0.8866,-0.0084,0.0387,-0.4609,2233.15,130.78,-9.40,4.54,66706.7,0,0.00,0.00,5
37119,0.471,-1.117,1.937,-2.014,-0.916,177.429,5.000,15.000,44.000,0.8719,-0.0100,0.0387,-0.4881,2235.69,130.52,-9.46,4.59,66686.7,0,0.00,0.00,5
37139,0.402,-1.145,1.937,-2.014,-0.916,177.124,7.000,15.000,46.000,0.8564,-0.0116,0.0387,-0.5148,2238.29,130.32,-9.58,4.63,66652.2,0,0.00,0.00,5
37159,0.334,-1.169,1.938,-2.075,-0.610,177.002,9.000,16.000,46.000,0.8401,-0.0132,0.0387,-0.5410,2240.81,130.05,-9.71,4.68,66646.6,0,0.00,0.00,5
37179,0.263,-1.187,1.929,-2.136,-0.427,176.819,9.000,15.000,44.000,0.8230,-0.0148,0.0385,-0.5666,2243.38,129.83,-9.72,4.73,66614.9,0,0.00,0.00,5
37199,0.189,-1.204,1.933,-2.136,-0.549,176.514,9.000,15.000,44.000,0.8051,-0.0163,0.0384,-0.5916,2245.88,129.54,-9.85,4.78,66610.6,0,0.00,0.00,5
37219,0.112,-1.214,1.930,-2.197,-0.366,176.270,9.000,12.000,44.000,0.7865,-0.0179,0.0382,-0.6161,2248.47,129.35,-9.91,4.84,66566.6,0,0.00,0.00,5
37239,0.040,-1.220,1.928,-2.197,-0.061,176.025,10.000,14.000,44.000,0.7672,-0.0195,0.0379,-0.6399,2251.01,129.11,-9.96,4.89,66556.2,0,0.00,0.00,5
37259,-0.036,-1.222,1.924,-2.197,-0.061,175.781,12.000,13.000,44.000,0.7473,-0.0211,0.0377,-0.6631,2253.54,128.86,-9.98,4.95,66538.1,0,0.00,0.00,5
37279,-0.111,-1.219,1.924,-2.258,-0.000,175.598,12.000,10.000,46.000,0.7266,-0.0227,0.0373,-0.6857,2256.10,128.65,-10.02,5.01,66508.6,0,0.00,0.00,5
37299,-0.186,-1.212,1.919,-2.136,0.244,175.232,13.000,12.000,46.000,0.7053,-0.0242,0.0369,-0.7076,2258.64,128.42,-10.00,5.06,66493.1,0,0.00,0.00,5
37319,-0.258,-1.199,1.926,-2.136,0.366,175.232,14.000,11.000,46.000,0.6833,-0.0257,0.0365,-0.7288,2261.15,128.16,-10.07,5.12,66478.2,0,0.00,0.00,5
37339,-0.333,-1.183,1.916,-2.136,0.549,174.866,15.000,10.000,45.000,0.6608,-0.0273,0.0360,-0.7492,2263.64,127.90,-9.97,5.18,66460.0,0,0.00,0.00,5
37359,-0.405,-1.161,1.911,-2.136,0.610,174.561,16.000,7.000,45.000,0.6376,-0.0288,0.0355,-0.7690,2266.18,127.68,-9.90,5.24,66429.4,0,0.00,0.00,5
37379,-0.475,-1.136,1.913,-2.197,0.732,174.377,16.000,7.000,44.000,0.6139,-0.0302,0.0350,-0.7880,2268.64,127.40,-9.87,5.30,66424.5,0,0.00,0.00,5
37399,-0.542,-1.108,1.906,-1.953,0.916,174.255,16.000,7.000,45.000,0.5897,-0.0317,0.0343,-0.8063,2271.13,127.15,-9.75,5.36,66398.1,0,0.00,0.00,5
37419,-0.610,-1.069,1.911,-2.075,1.038,173.950,16.000,5.000,44.000,0.5649,-0.0331,0.0337,-0.8238,2273.63,126.92,-9.72,5.42,66372.8,0,0.00,0.00,5
37439,-0.676,-1.034,1.905,-1.892,1.160,173.706,16.000,6.000,44.000,0.5397,-0.0345,0.0330,-0.8405,2276.09,126.65,-9.58,5.47,66363.2,0,0.00,0.00,5
37459,-0.737,-0.994,1.906,-1.953,1.160,173.523,17.000,3.000,44.000,0.5140,-0.0359,0.0322,-0.8564,2278.58,126.43,-9.49,5.53,66333.1,0,0.00,0.00,5
37479,-0.795,-0.945,1.901,-1.770,1.343,173.157,18.000,3.000,44.000,0.4879,-0.0372,0.0314,-0.8715,2281.14,126.27,-9.32,5.58,66298.6,0,0.00,0.00,5
37499,-0.852,-0.899,1.899,-1.770,1.404,172.974,17.000,1.000,45.000,0.4614,-0.0385,0.0306,-0.8858,2283.60,126.03,-9.19,5.64,66298.6,0,0.00,0.00,5
37519,-0.906,-0.846,1.897,-1.526,1.648,172.852,17.000,-0.000,45.000,0.4344,-0.0398,0.0297,-0.8993,2286.08,125.82,-9.03,5.69,66272.8,0,0.00,0.00,5
37539,-0.955,-0.793,1.894,-1.526,1.770,172.607,17.000,-2.000,45.000,0.4072,-0.0410,0.0287,-0.9120,2288.58,125.62,-8.86,5.74,66249.3,0,0.00,0.00,5
37563,-1.002,-0.733,1.894,-1.526,1.770,172.302,17.000,-0.000,44.000,0.3796,-0.0422,0.0277,-0.9238,2291.10,125.46,-8.71,5.79,66222.1,0,0.00,0.00,5
37579,-1.045,-0.675,1.895,-1.343,2.014,171.997,17.000,-2.000,46.000,0.3517,-0.0434,0.0267,-0.9347,2293.58,125.26,-8.57,5.84,66210.7,0,0.00,0.00,5
37599,-1.085,-0.612,1.894,-1.160,2.136,171.875,17.000,-5.000,44.000,0.3235,-0.0445,0.0256,-0.9448,2296.03,125.04,-8.41,5.88,66197.1,0,0.00,0.00,5
37619,-1.121,-0.543,1.887,-1.160,2.136,171.631,17.000,-5.000,44.000,0.2950,-0.0456,0.0244,-0.9541,2298.48,124.83,-8.19,5.93,66177.3,0,0.00,0.00,5
37639,-1.153,-0.478,1.884,-0.977,2.136,171.387,17.000,-5.000,44.000,0.2664,-0.0466,0.0232,-0.9625,2300.94,124.64,-8.02,5.97,66152.2,0,0.00,0.00,5
37659,-1.182,-0.409,1.888,-0.855,2.197,171.143,16.000,-7.000,46.000,0.2375,-0.0476,0.0220,-0.9700,2303.41,124.46,-7.92,6.01,66131.8,0,0.00,0.00,5
37679,-1.202,-0.336,1.882,-0.671,2.319,170.837,16.000,-9.000,44.000,0.2085,-0.0485,0.0206,-0.9766,2305.84,124.25,-7.73,6.04,66118.7,0,0.00,0.00,5
37699,-1.224,-0.266,1.879,-0.610,2.258,170.715,16.000,-7.000,46.000,0.1793,-0.0494,0.0193,-0.9824,2308.30,124.08,-7.58,6.08,66092.2,0,0.00,0.00,5
37719,-1.239,-0.192,1.876,-0.488,2.319,170.532,14.000,-8.000,44.000,0.1500,-0.0502,0.0179,-0.9872,2310.75,123.91,-7.45,6.11,66073.1,0,0.00,0.00,5
37739,-1.250,-0.119,1.875,-0.366,2.319,170.288,14.000,-10.000,45.000,0.1206,-0.0510,0.0165,-0.9913,2313.17,123.70,-7.33,6.15,66061.0,0,0.00,0.00,5
37759,-1.254,-0.044,1.875,-0.183,2.380,169.983,14.000,-11.000,44.000,0.0912,-0.0518,0.0150,-0.9944,2315.57,123.49,-7.26,6.18,66044.6,0,0.00,0.00,5
37779,-1.256,0.032,1.871,-0.061,2.258,169.739,14.000,-12.000,44.000,0.0617,-0.0524,0.0135,-0.9966,2318.11,123.42,-7.16,6.21,65992.8,0,0.00,0.00,5
37799,-1.254,0.106,1.872,0.244,2.319,169.556,12.000,-11.000,44.000,0.0322,-0.0531,0.0119,-0.9980,2320.50,123.20,-7.12,6.23,66005.8,0,0.00,0.00,5
37819,-1.245,0.177,1.867,0.183,2.380,169.250,13.000,-11.000,45.000,0.0027,-0.0536,0.0103,-0.9985,2322.93,123.02,-7.05,6.26,65978.2,0,0.00,0.00,5
37839,-1.235,0.252,1.865,0.427,2.380,169.128,11.000,-15.000,44.000,-0.0268,-0.0542,0.0086,-0.9981,2325.33,122.84,-7.02,6.29,65961.8,0,0.00,0.00,5
37859,-1.221,0.324,1.866,0.549,2.380,168.884,10.000,-15.000,44.000,-0.0562,-0.0547,0.0069,-0.9969,2327.79,122.70,-7.04,6.32,65930.2,0,0.00,0.00,5
37879,-1.199,0.394,1.864,0.610,2.319,168.579,9.000,-16.000,44.000,-0.0855,-0.0551,0.0052,-0.9948,2330.17,122.49,-7.06,6.35,65927.0,0,0.00,0.00,5
37899,-1.175,0.465,1.864,0.732,2.319,168.396,9.000,-15.000,44.000,-0.1147,-0.0555,0.0034,-0.9918,2332.57,122.30,-7.11,6.38,65904.0,0,0.00,0.00,5
37919,-1.146,0.534,1.857,0.977,2.197,168.213,6.000,-16.000,45.000,-0.1437,-0.0559,0.0016,-0.9880,2334.91,122.06,-7.11,6.41,65896.8,0,0.00,0.00,5
37939,-1.113,0.600,1.855,1.038,2.197,167.969,6.000,-16.000,45.000,-0.1726,-0.0562,-0.0003,-0.9834,2337.27,121.85,-7.18,6.44,65871.7,0,0.00,0.00,5
37959,-1.077,0.665,1.855,1.160,2.197,167.786,7.000,-16.000,44.000,-0.2013,-0.0564,-0.0021,-0.9779,2339.71,121.70,-7.29,6.47,65836.0,0,0.00,0.00,5
37979,-1.040,0.729,1.852,1.282,2.014,167.542,4.000,-18.000,45.000,-0.2298,-0.0566,-0.0040,-0.9716,2342.10,121.52,-7.37,6.51,65824.5,0,0.00,0.00,5
37999,-0.994,0.788,1.850,1.404,1.953,167.236,4.000,-18.000,45.000,-0.2580,-0.0568,-0.0060,-0.9644,2344.51,121.35,-7.50,6.54,65801.6,0,0.00,0.00,5
38019,-0.947,0.846,1.850,1.404,1.892,167.053,1.000,-19.000,45.000,-0.2860,-0.0569,-0.0079,-0.9565,2346.92,121.18,-7.64,6.58,65782.7,0,0.00,0.00,5
38039,-0.900,0.900,1.847,1.709,1.831,166.809,2.000,-17.000,44.000,-0.3137,-0.0569,-0.0099,-0.9478,2349.30,120.99,-7.77,6.62,65767.2,0,0.00,0.00,5
38059,-0.845,0.952,1.844,1.770,1.709,166.687,-1.000,-20.000,45.000,-0.3411,-0.0569,-0.0118,-0.9382,2351.76,120.87,-7.91,6.66,65731.2,0,0.00,0.00,5
38079,-0.791,1.000,1.845,1.831,1.648,166.504,-1.000,-19.000,45.000,-0.3682,-0.0569,-0.0138,-0.9279,2354.12,120.66,-8.08,6.71,65733.0,0,0.00,0.00,5
38099,-0.730,1.045,1.841,1.953,1.526,166.199,-4.000,-18.000,44.000,-0.3949,-0.0568,-0.0158,-0.9168,2356.53,120.49,-8.22,6.76,65703.0,0,0.00,0.00,5
38119,-0.669,1.087,1.837,2.014,1.404,165.955,-2.000,-18.000,45.000,-0.4213,-0.0566,-0.0178,-0.9050,2358.90,120.29,-8.36,6.81,65690.1,0,0.00,0.00,5
38139,-0.605,1.126,1.839,2.014,1.404,165.833,-4.000,-17.000,45.000,-0.4473,-0.0564,-0.0198,-0.8924,2361.28,120.09,-8.56,6.86,65668.8,0,0.00,0.00,5
38159,-0.541,1.160,1.836,2.136,0.977,165.527,-5.000,-17.000,45.000,-0.4728,-0.0561,-0.0219,-0.8791,2363.62,119.86,-8.70,6.91,65658.7,0,0.00,0.00,5
38179,-0.476,1.189,1.830,2.197,1.038,165.222,-5.000,-18.000,44.000,-0.4980,-0.0558,-0.0239,-0.8651,2365.97,119.64,-8.79,6.96,65635.7,0,0.00,0.00,5
38199,-0.402,1.216,1.833,2.319,0.977,165.039,-6.000,-18.000,45.000,-0.5226,-0.0554,-0.0259,-0.8504,2368.34,119.44,-8.98,7.02,65612.2,0,0.00,0.00,5
38219,-0.333,1.240,1.829,2.319,0.671,164.856,-9.000,-16.000,44.000,-0.5468,-0.0550,-0.0279,-0.8350,2370.74,119.27,-9.09,7.07,65586.7,0,0.00,0.00,5
38239,-0.263,1.256,1.827,2.441,0.549,164.551,-7.000,-18.000,43.000,-0.5706,-0.0545,-0.0299,-0.8189,2373.09,119.06,-9.20,7.13,65575.5,0,0.00,0.00,5
38259,-0.189,1.271,1.826,2.441,0.549,164.490,-9.000,-17.000,45.000,-0.5938,-0.0540,-0.0319,-0.8022,2375.46,118.86,-9.31,7.19,65553.8,0,0.00,0.00,5
38283,-0.117,1.281,1.821,2.380,0.427,164.185,-11.000,-17.000,43.000,-0.6165,-0.0534,-0.0339,-0.7848,2377.82,118.66,-9.36,7.25,65535.5,0,0.00,0.00,5
38299,-0.044,1.284,1.825,2.441,0.122,164.001,-11.000,-15.000,44.000,-0.6387,-0.0528,-0.0358,-0.7668,2380.17,118.46,-9.47,7.31,65517.3,0,0.00,0.00,5
38319,0.030,1.288,1.816,2.502,0.061,163.696,-13.000,-14.000,43.000,-0.6603,-0.0521,-0.0378,-0.7483,2382.53,118.26,-9.45,7.38,65497.6,0,0.00,0.00,5
38339,0.102,1.287,1.818,2.563,-0.122,163.574,-14.000,-13.000,44.000,-0.6813,-0.0513,-0.0397,-0.7291,2384.84,118.01,-9.50,7.45,65488.2,0,0.00,0.00,5
38359,0.173,1.279,1.814,2.441,-0.122,163.391,-13.000,-13.000,44.000,-0.7018,-0.0506,-0.0416,-0.7094,2387.16,117.79,-9.48,7.51,65465.1,0,0.00,0.00,5
38379,0.249,1.268,1.814,2.502,-0.366,163.086,-14.000,-13.000,45.000,-0.7216,-0.0497,-0.0435,-0.6891,2389.51,117.60,-9.48,7.58,65440.3,0,0.00,0.00,5
38399,0.321,1.253,1.811,2.441,-0.427,162.842,-14.000,-11.000,44.000,-0.7409,-0.0488,-0.0454,-0.6683,2391.81,117.36,-9.42,7.64,65431.5,0,0.00,0.00,5
38419,0.391,1.234,1.811,2.502,-0.610,162.659,-16.000,-10.000,44.000,-0.7595,-0.0479,-0.0472,-0.6470,2394.16,117.18,-9.37,7.71,65401.0,0,0.00,0.00,5
38439,0.461,1.211,1.809,2.441,-0.732,162.353,-16.000,-11.000,43.000,-0.7775,-0.0469,-0.0490,-0.6252,2396.50,116.99,-9.29,7.78,65385.6,0,0.00,0.00,5
38459,0.529,1.183,1.807,2.258,-0.916,162.292,-16.000,-9.000,44.000,-0.7949,-0.0458,-0.0507,-0.6029,2398.85,116.82,-9.17,7.84,65361.9,0,0.00,0.00,5
38479,0.597,1.152,1.804,2.319,-1.038,161.987,-16.000,-7.000,44.000,-0.8115,-0.0447,-0.0524,-0.5802,2401.14,116.60,-9.03,7.90,65355.5,0,0.00,0.00,5
38499,0.663,1.120,1.800,2.197,-1.160,161.743,-17.000,-7.000,44.000,-0.8275,-0.0436,-0.0541,-0.5571,2403.40,116.35,-8.87,7.97,65345.0,0,0.00,0.00,5
38519,0.727,1.079,1.800,2.197,-1.221,161.499,-17.000,-4.000,44.000,-0.8429,-0.0424,-0.0557,-0.5335,2405.71,116.16,-8.71,8.03,65314.2,0,0.00,0.00,5
38539,0.783,1.040,1.798,2.136,-1.282,161.438,-18.000,-6.000,44.000,-0.8575,-0.0411,-0.0573,-0.5096,2407.96,115.93,-8.53,8.09,65307.2,0,0.00,0.00,5
38559,0.843,0.994,1.794,2.075,-1.526,161.011,-18.000,-4.000,44.000,-0.8715,-0.0398,-0.0588,-0.4853,2410.25,115.74,-8.31,8.15,65281.0,0,0.00,0.00,5
38579,0.896,0.944,1.795,1.953,-1.587,160.950,-17.000,-3.000,43.000,-0.8847,-0.0385,-0.0603,-0.4606,2412.52,115.53,-8.13,8.21,65265.8,0,0.00,0.00,5
38599,0.951,0.895,1.793,1.892,-1.892,160.645,-20.000,-2.000,44.000,-0.8972,-0.0371,-0.0618,-0.4356,2414.81,115.36,-7.92,8.27,65241.6,0,0.00,0.00,5
38619,0.999,0.841,1.790,1.709,-1.831,160.400,-19.000,-1.000,43.000,-0.9090,-0.0356,-0.0632,-0.4103,2417.10,115.20,-7.68,8.32,65223.0,0,0.00,0.00,5
38639,1.047,0.784,1.784,1.648,-2.014,160.156,-20.000,-1.000,44.000,-0.9201,-0.0341,-0.0646,-0.3848,2419.35,114.99,-7.42,8.37,65215.0,0,0.00,0.00,5
38659,1.089,0.728,1.789,1.587,-1.953,160.095,-19.000,2.000,44.000,-0.9305,-0.0325,-0.0658,-0.3589,2421.60,114.80,-7.25,8.42,65194.7,0,0.00,0.00,5
38679,1.131,0.666,1.783,1.343,-2.197,159.729,-20.000,3.000,44.000,-0.9401,-0.0309,-0.0671,-0.3328,2423.89,114.66,-6.99,8.47,65166.7,0,0.00,0.00,5
38699,1.167,0.601,1.783,1.282,-2.197,159.546,-19.000,3.000,43.000,-0.9490,-0.0292,-0.0683,-0.3065,2426.15,114.49,-6.78,8.52,65156.3,0,0.00,0.00,5
38719,1.203,0.535,1.782,1.099,-2.258,159.363,-19.000,4.000,44.000,-0.9571,-0.0275,-0.0694,-0.2800,2428.47,114.39,-6.57,8.56,65124.0,0,0.00,0.00,5
38739,1.228,0.468,1.777,0.916,-2.380,159.241,-19.000,7.000,46.000,-0.9645,-0.0257,-0.0705,-0.2533,2430.74,114.25,-6.33,8.60,65115.0,0,0.00,0.00,5
38759,1.253,0.399,1.775,0.916,-2.380,158.936,-18.000,7.000,45.000,-0.9711,-0.0239,-0.0715,-0.2265,2433.00,114.11,-6.14,8.65,65099.4,0,0.00,0.00,5
38779,1.278,0.333,1.772,0.732,-2.502,158.630,-19.000,7.000,45.000,-0.9770,-0.0220,-0.0725,-0.1995,2435.29,114.00,-5.94,8.69,65074.7,0,0.00,0.00,5
38799,1.295,0.261,1.771,0.732,-2.624,158.508,-18.000,8.000,45.000,-0.9821,-0.0201,-0.0734,-0.1724,2437.49,113.81,-5.79,8.73,65075.4,0,0.00,0.00,5
38819,1.306,0.187,1.769,0.549,-2.502,158.325,-16.000,8.000,45.000,-0.9864,-0.0182,-0.0742,-0.1452,2439.80,113.73,-5.64,8.77,65033.9,0,0.00,0.00,5
38839,1.317,0.114,1.764,0.366,-2.502,158.081,-17.000,8.000,44.000,-0.9900,-0.0162,-0.0750,-0.1180,2442.10,113.64,-5.48,8.80,65017.4,0,0.00,0.00,5
38859,1.323,0.044,1.766,0.183,-2.624,157.898,-14.000,10.000,43.000,-0.9929,-0.0141,-0.0758,-0.0906,2444.34,113.50,-5.40,8.84,65010.9,0,0.00,0.00,5
38879,1.324,-0.030,1.763,0.061,-2.441,157.776,-16.000,10.000,44.000,-0.9950,-0.0121,-0.0764,-0.0633,2446.55,113.35,-5.31,8.87,64998.7,0,0.00,0.00,5
38899,1.322,-0.104,1.766,-0.061,-2.624,157.349,-15.000,13.000,44.000,-0.9963,-0.0100,-0.0770,-0.0359,2448.77,113.19,-5.30,8.91,64981.0,0,0.00,0.00,5
38919,1.314,-0.175,1.761,-0.244,-2.502,157.288,-14.000,13.000,44.000,-0.9969,-0.0078,-0.0775,-0.0086,2450.96,113.02,-5.23,8.94,64967.7,0,0.00,0.00,5
38939,1.306,-0.248,1.760,-0.427,-2.624,157.043,-15.000,12.000,44.000,-0.9968,-0.0056,-0.0780,0.0188,2453.17,112.87,-5.23,8.97,64944.8,0,0.00,0.00,5
38959,1.291,-0.322,1.755,-0.549,-2.502,156.860,-11.000,13.000,43.000,-0.9958,-0.0034,-0.0784,0.0460,2455.39,112.73,-5.21,9.01,64926.2,0,0.00,0.00,5
38979,1.272,-0.390,1.757,-0.671,-2.380,156.494,-11.000,14.000,46.000,-0.9942,-0.0011,-0.0788,0.0732,2457.58,112.57,-5.29,9.04,64912.0,0,0.00,0.00,5
38999,1.252,-0.460,1.750,-0.793,-2.563,156.311,-11.000,16.000,44.000,-0.9918,0.0012,-0.0791,0.1003,2459.79,112.42,-5.30,9.07,64893.0,0,0.00,0.00,5
39023,1.226,-0.528,1.747,-1.099,-2.502,156.250,-10.000,18.000,44.000,-0.9887,0.0036,-0.0793,0.1273,2462.00,112.29,-5.37,9.11,64871.4,0,0.00,0.00,5
39039,1.198,-0.594,1.745,-1.038,-2.441,156.006,-10.000,17.000,43.000,-0.9848,0.0059,-0.0795,0.1542,2464.19,112.12,-5.48,9.15,64860.2,0,0.00,0.00,5
39059,1.163,-0.660,1.749,-1.160,-2.380,155.762,-8.000,17.000,44.000,-0.9802,0.0083,-0.0796,0.1809,2466.41,111.99,-5.67,9.19,64834.4,0,0.00,0.00,5
39079,1.128,-0.722,1.745,-1.404,-2.258,155.640,-8.000,19.000,43.000,-0.9749,0.0107,-0.0797,0.2074,2468.63,111.86,-5.79,9.23,64817.1,0,0.00,0.00,5
39099,1.085,-0.784,1.746,-1.526,-2.136,155.334,-5.000,19.000,43.000,-0.9689,0.0131,-0.0797,0.2337,2470.83,111.70,-5.99,9.27,64804.8,0,0.00,0.00,5
39119,1.045,-0.841,1.739,-1.648,-2.197,155.212,-5.000,18.000,45.000,-0.9622,0.0156,-0.0796,0.2599,2473.03,111.55,-6.13,9.31,64783.5,0,0.00,0.00,5
39139,0.999,-0.901,1.734,-1.709,-1.953,154.968,-4.000,19.000,43.000,-0.9548,0.0180,-0.0795,0.2858,2475.22,111.38,-6.30,9.35,64770.9,0,0.00,0.00,5
39159,0.947,-0.952,1.734,-1.892,-1.831,154.724,-4.000,21.000,44.000,-0.9467,0.0205,-0.0793,0.3114,2477.38,111.20,-6.52,9.40,64756.6,0,0.00,0.00,5
39179,0.899,-1.003,1.731,-1.892,-1.892,154.541,-4.000,20.000,43.000,-0.9380,0.0230,-0.0790,0.3368,2479.57,111.03,-6.72,9.44,64735.2,0,0.00,0.00,5
39199,0.843,-1.052,1.732,-2.014,-1.770,154.358,-2.000,20.000,44.000,-0.9285,0.0255,-0.0787,0.3620,2481.75,110.86,-6.97,9.49,64716.6,0,0.00,0.00,5
39219,0.785,-1.096,1.729,-2.258,-1.526,154.114,-1.000,22.000,44.000,-0.9184,0.0280,-0.0784,0.3868,2483.93,110.68,-7.17,9.55,64700.8,0,0.00,0.00,5
39239,0.729,-1.137,1.728,-2.319,-1.587,153.870,2.000,19.000,44.000,-0.9077,0.0305,-0.0779,0.4113,2486.08,110.48,-7.40,9.60,64687.4,0,0.00,0.00,5
39259,0.667,-1.177,1.723,-2.258,-1.526,153.748,1.000,19.000,43.000,-0.8963,0.0330,-0.0775,0.4354,2488.27,110.31,-7.59,9.66,64662.2,0,0.00,0.00,5
39279,0.601,-1.214,1.722,-2.441,-1.221,153.564,3.000,20.000,44.000,-0.8843,0.0355,-0.0769,0.4592,2490.41,110.09,-7.81,9.72,64655.8,0,0.00,0.00,5
39299,0.537,-1.244,1.717,-2.563,-1.282,153.259,3.000,20.000,43.000,-0.8716,0.0380,-0.0763,0.4827,2492.56,109.88,-7.99,9.78,64635.7,0,0.00,0.00,5
39319,0.469,-1.274,1.715,-2.563,-0.977,153.137,3.000,20.000,44.000,-0.8584,0.0404,-0.0756,0.5058,2494.65,109.62,-8.18,9.84,64629.0,0,0.00,0.00,5
39339,0.402,-1.297,1.719,-2.624,-0.855,152.954,6.000,19.000,44.000,-0.8446,0.0429,-0.0749,0.5285,2496.80,109.41,-8.41,9.90,64600.5,0,0.00,0.00,5
39359,0.332,-1.318,1.713,-2.563,-0.793,152.588,7.000,20.000,44.000,-0.8302,0.0453,-0.0741,0.5507,2498.94,109.20,-8.53,9.96,64584.6,0,0.00,0.00,5
39379,0.264,-1.334,1.708,-2.624,-0.488,152.466,6.000,19.000,44.000,-0.8152,0.0478,-0.0732,0.5726,2501.00,108.91,-8.64,10.03,64583.7,0,0.00,0.00,5
39399,0.193,-1.351,1.710,-2.747,-0.488,152.344,10.000,18.000,44.000,-0.7997,0.0502,-0.0723,0.5940,2503.15,108.71,-8.80,10.10,64547.5,0,0.00,0.00,5
39419,0.120,-1.359,1.709,-2.747,-0.305,152.161,11.000,17.000,43.000,-0.7836,0.0526,-0.0713,0.6150,2505.24,108.45,-8.91,10.16,64541.9,0,0.00,0.00,5
39439,0.048,-1.364,1.705,-2.930,-0.122,151.916,10.000,16.000,43.000,-0.7670,0.0550,-0.0702,0.6355,2507.34,108.22,-8.95,10.24,64521.1,0,0.00,0.00,5
39459,-0.022,-1.368,1.704,-2.869,-0.000,151.611,11.000,17.000,43.000,-0.7499,0.0573,-0.0691,0.6555,2509.46,107.99,-9.01,10.31,64502.4,0,0.00,0.00,5
39479,-0.096,-1.367,1.700,-2.869,0.244,151.428,13.000,16.000,43.000,-0.7322,0.0597,-0.0680,0.6750,2511.61,107.81,-9.01,10.38,64476.0,0,0.00,0.00,5
39499,-0.167,-1.361,1.703,-2.808,0.305,151.306,14.000,16.000,43.000,-0.7141,0.0620,-0.0668,0.6940,2513.74,107.60,-9.05,10.45,64463.8,0,0.00,0.00,5
39519,-0.241,-1.353,1.700,-2.808,0.366,151.062,14.000,16.000,44.000,-0.6956,0.0642,-0.0655,0.7126,2515.85,107.39,-9.00,10.53,64449.0,0,0.00,0.00,5
39539,-0.310,-1.339,1.696,-2.747,0.549,150.940,16.000,14.000,45.000,-0.6765,0.0664,-0.0642,0.7306,2517.94,107.16,-8.92,10.60,64437.3,0,0.00,0.00,5
39559,-0.381,-1.323,1.691,-2.686,0.732,150.574,17.000,14.000,44.000,-0.6571,0.0686,-0.0628,0.7481,2520.00,106.90,-8.80,10.67,64427.0,0,0.00,0.00,5
39579,-0.449,-1.302,1.693,-2.686,0.916,150.513,16.000,12.000,43.000,-0.6372,0.0707,-0.0613,0.7650,2522.02,106.62,-8.72,10.74,64416.5,0,0.00,0.00,5
39599,-0.519,-1.279,1.689,-2.686,1.099,150.208,17.000,12.000,44.000,-0.6169,0.0728,-0.0598,0.7814,2524.10,106.40,-8.56,10.82,64387.5,0,0.00,0.00,5
39619,-0.584,-1.250,1.690,-2.624,1.099,149.963,16.000,10.000,43.000,-0.5962,0.0749,-0.0583,0.7972,2526.11,106.13,-8.41,10.89,64385.1,0,0.00,0.00,5
39639,-0.650,-1.221,1.684,-2.747,1.343,149.780,19.000,10.000,44.000,-0.5752,0.0769,-0.0567,0.8124,2528.19,105.93,-8.18,10.96,64352.6,0,0.00,0.00,5
39659,-0.715,-1.185,1.679,-2.502,1.526,149.658,18.000,10.000,44.000,-0.5538,0.0788,-0.0550,0.8271,2530.25,105.71,-7.94,11.03,64341.9,0,0.00,0.00,5
39679,-0.772,-1.146,1.683,-2.441,1.526,149.475,19.000,8.000,44.000,-0.5320,0.0807,-0.0533,0.8412,2532.28,105.48,-7.76,11.10,64329.3,0,0.00,0.00,5
39699,-0.832,-1.107,1.678,-2.319,1.709,149.170,20.000,7.000,44.000,-0.5099,0.0825,-0.0515,0.8547,2534.32,105.26,-7.49,11.16,64312.0,0,0.00,0.00,5
39719,-0.893,-1.063,1.674,-2.258,1.953,148.987,21.000,8.000,43.000,-0.4875,0.0843,-0.0496,0.8676,2536.33,105.04,-7.19,11.23,64299.4,0,0.00,0.00,5
39743,-0.948,-1.018,1.673,-2.258,2.014,148.804,19.000,5.000,44.000,-0.4648,0.0861,-0.0477,0.8799,2538.31,104.79,-6.92,11.30,64290.2,0,0.00,0.00,5
39759,-1.000,-0.966,1.670,-2.136,2.075,148.621,19.000,4.000,43.000,-0.4418,0.0877,-0.0458,0.8916,2540.35,104.60,-6.62,11.36,64262.2,0,0.00,0.00,5
39779,-1.050,-0.917,1.671,-1.953,2.197,148.438,21.000,2.000,43.000,-0.4186,0.0893,-0.0438,0.9027,2542.37,104.41,-6.35,11.42,64247.2,0,0.00,0.00,5
39799,-1.100,-0.862,1.668,-1.892,2.319,148.132,20.000,1.000,43.000,-0.3951,0.0909,-0.0417,0.9132,2544.44,104.27,-6.04,11.48,64222.2,0,0.00,0.00,5
39819,-1.142,-0.804,1.661,-1.770,2.380,148.193,22.000,2.000,42.000,-0.3713,0.0924,-0.0396,0.9230,2546.47,104.11,-5.69,11.54,64212.6,0,0.00,0.00,5
39839,-1.182,-0.743,1.662,-1.648,2.441,147.827,20.000,-1.000,43.000,-0.3474,0.0938,-0.0375,0.9323,2548.53,103.98,-5.42,11.59,64189.4,0,0.00,0.00,5
39859,-1.220,-0.682,1.667,-1.526,2.624,147.644,19.000,-0.000,43.000,-0.3233,0.0952,-0.0353,0.9408,2550.55,103.82,-5.19,11.65,64183.5,0,0.00,0.00,5
39879,-1.254,-0.621,1.659,-1.343,2.563,147.461,21.000,-2.000,43.000,-0.2990,0.0964,-0.0330,0.9488,2552.59,103.69,-4.85,11.70,64160.8,0,0.00,0.00,5
39899,-1.284,-0.556,1.658,-1.221,2.747,147.278,20.000,-5.000,43.000,-0.2745,0.0977,-0.0307,0.9561,2554.57,103.51,-4.59,11.75,64157.4,0,0.00,0.00,5
39919,-1.314,-0.490,1.655,-1.160,2.930,147.156,20.000,-4.000,43.000,-0.2498,0.0989,-0.0283,0.9628,2556.56,103.36,-4.31,11.81,64138.1,0,0.00,0.00,5
39939,-1.340,-0.421,1.653,-0.977,2.930,146.912,21.000,-5.000,44.000,-0.2251,0.1000,-0.0259,0.9689,2558.60,103.25,-4.06,11.86,64112.6,0,0.00,0.00,5
39959,-1.360,-0.353,1.649,-0.855,2.808,146.606,20.000,-7.000,43.000,-0.2002,0.1010,-0.0235,0.9743,2560.61,103.12,-3.81,11.91,64102.7,0,0.00,0.00,5
39979,-1.376,-0.284,1.650,-0.610,2.991,146.545,19.000,-7.000,42.000,-0.1752,0.1020,-0.0210,0.9790,2562.58,102.97,-3.64,11.95,64094.7,0,0.00,0.00,5
39999,-1.393,-0.215,1.643,-0.549,3.052,146.301,20.000,-8.000,42.000,-0.1502,0.1029,-0.0184,0.9831,2564.59,102.86,-3.40,12.00,64069.8,0,0.00,0.00,5
40019,-1.403,-0.143,1.640,-0.366,2.991,146.179,20.000,-10.000,43.000,-0.1250,0.1037,-0.0159,0.9866,2566.59,102.73,-3.24,12.05,64057.4,0,0.00,0.00,5
40039,-1.410,-0.070,1.640,-0.244,3.052,145.813,19.000,-12.000,43.000,-0.0999,0.1045,-0.0132,0.9894,2568.55,102.59,-3.13,12.09,64047.0,0,0.00,0.00,5
40059,-1.413,0.000,1.638,-0.122,3.052,145.691,18.000,-13.000,41.000,-0.0747,0.1052,-0.0106,0.9916,2570.52,102.45,-3.03,12.14,64030.6,0,0.00,0.00,5
40079,-1.412,0.073,1.639,0.122,2.930,145.447,19.000,-13.000,42.000,-0.0495,0.1058,-0.0079,0.9931,2572.45,102.28,-2.98,12.18,64023.7,0,0.00,0.00,5
40099,-1.409,0.145,1.640,0.183,3.174,145.386,16.000,-13.000,43.000,-0.0243,0.1064,-0.0052,0.9940,2574.42,102.15,-2.97,12.23,63999.8,0,0.00,0.00,5
40119,-1.401,0.215,1.635,0.305,3.052,145.020,17.000,-14.000,44.000,0.0009,0.1068,-0.0024,0.9943,2576.36,101.99,-2.93,12.27,63989.8,0,0.00,0.00,5
40139,-1.390,0.285,1.633,0.549,3.113,144.897,16.000,-15.000,42.000,0.0260,0.1073,0.0004,0.9939,2578.33,101.88,-2.95,12.31,63965.4,0,0.00,0.00,5
40159,-1.375,0.355,1.625,0.671,3.052,144.714,15.000,-14.000,43.000,0.0511,0.1076,0.0032,0.9929,2580.29,101.74,-2.94,12.36,63954.1,0,0.00,0.00,5
40179,-1.355,0.424,1.627,0.793,3.052,144.592,14.000,-17.000,43.000,0.0762,0.1079,0.0060,0.9912,2582.21,101.57,-3.06,12.40,63946.6,0,0.00,0.00,5
40199,-1.334,0.494,1.622,1.038,3.052,144.348,13.000,-17.000,42.000,0.1011,0.1081,0.0089,0.9889,2584.17,101.44,-3.14,12.45,63922.9,0,0.00,0.00,5
40219,-1.309,0.560,1.623,1.160,2.991,144.165,14.000,-18.000,43.000,0.1260,0.1082,0.0118,0.9860,2586.13,101.31,-3.30,12.50,63906.1,0,0.00,0.00,5
40239,-1.280,0.627,1.623,1.282,2.930,143.921,11.000,-19.000,41.000,0.1507,0.1083,0.0148,0.9825,2588.05,101.15,-3.49,12.55,63898.2,0,0.00,0.00,5
40259,-1.250,0.693,1.622,1.404,2.747,143.738,11.000,-19.000,43.000,0.1753,0.1083,0.0177,0.9784,2589.99,100.99,-3.69,12.60,63879.8,0,0.00,0.00,5
40279,-1.215,0.752,1.614,1.526,2.808,143.494,9.000,-19.000,43.000,0.1997,0.1082,0.0207,0.9736,2591.91,100.83,-3.84,12.65,63867.0,0,0.00,0.00,5
40299,-1.176,0.814,1.614,1.770,2.563,143.372,9.000,-20.000,43.000,0.2240,0.1080,0.0237,0.9683,2593.84,100.67,-4.10,12.70,63849.0,0,0.00,0.00,5
40319,-1.136,0.873,1.611,1.831,2.563,143.127,8.000,-20.000,43.000,0.2481,0.1078,0.0267,0.9624,2595.75,100.49,-4.34,12.75,63838.2,0,0.00,0.00,5
40339,-1.091,0.930,1.610,2.014,2.441,143.005,5.000,-21.000,43.000,0.2720,0.1075,0.0297,0.9558,2597.68,100.32,-4.61,12.80,63819.0,0,0.00,0.00,5
40359,-1.049,0.984,1.609,2.136,2.502,142.761,4.000,-20.000,43.000,0.2957,0.1071,0.0327,0.9487,2599.56,100.10,-4.89,12.86,63812.8,0,0.00,0.00,5
40379,-0.995,1.033,1.604,2.136,2.136,142.700,5.000,-22.000,43.000,0.3192,0.1066,0.0357,0.9410,2601.50,99.95,-5.16,12.91,63784.5,0,0.00,0.00,5
40399,-0.945,1.084,1.604,2.380,2.136,142.456,4.000,-22.000,42.000,0.3425,0.1061,0.0388,0.9327,2603.49,99.82,-5.47,12.97,63760.2,0,0.00,0.00,5
40419,-0.888,1.130,1.603,2.502,2.075,142.273,3.000,-21.000,44.000,0.3655,0.1055,0.0418,0.9239,2605.36,99.59,-5.79,13.04,63767.4,0,0.00,0.00,5
40439,-0.836,1.173,1.599,2.563,2.014,142.029,2.000,-23.000,43.000,0.3882,0.1049,0.0448,0.9145,2607.28,99.41,-6.05,13.10,63742.2,0,0.00,0.00,5
40459,-0.774,1.218,1.596,2.624,1.831,141.785,1.000,-23.000,43.000,0.4107,0.1042,0.0478,0.9045,2609.14,99.16,-6.35,13.16,63738.9,0,0.00,0.00,5
40483,-0.715,1.253,1.592,2.747,1.648,141.663,1.000,-23.000,42.000,0.4329,0.1034,0.0508,0.8940,2611.04,98.95,-6.62,13.23,63714.9,0,0.00,0.00,5
40499,-0.653,1.288,1.591,2.869,1.587,141.480,-1.000,-22.000,42.000,0.4548,0.1025,0.0539,0.8830,2612.89,98.69,-6.91,13.30,63710.7,0,0.00,0.00,5
40519,-0.587,1.323,1.588,2.869,1.343,141.296,-1.000,-21.000,43.000,0.4764,0.1016,0.0568,0.8715,2614.78,98.48,-7.18,13.37,63684.5,0,0.00,0.00,5
40539,-0.522,1.349,1.584,3.052,1.282,141.113,-4.000,-22.000,43.000,0.4976,0.1006,0.0598,0.8595,2616.65,98.24,-7.41,13.44,63675.0,0,0.00,0.00,5
40559,-0.458,1.374,1.587,3.113,1.160,140.869,-4.000,-22.000,41.000,0.5186,0.0995,0.0628,0.8469,2618.46,97.94,-7.68,13.51,63672.5,0,0.00,0.00,5
40579,-0.389,1.398,1.584,3.052,0.916,140.747,-5.000,-20.000,42.000,0.5392,0.0983,0.0657,0.8339,2620.34,97.71,-7.90,13.59,63641.9,0,0.00,0.00,5
40599,-0.319,1.417,1.576,3.113,0.855,140.564,-8.000,-22.000,41.000,0.5594,0.0971,0.0686,0.8203,2622.25,97.51,-8.03,13.66,63620.5,0,0.00,0.00,5
40619,-0.255,1.431,1.577,3.113,0.793,140.381,-8.000,-20.000,42.000,0.5792,0.0958,0.0715,0.8063,2624.08,97.23,-8.21,13.74,63621.4,0,0.00,0.00,5
40639,-0.182,1.443,1.577,3.174,0.488,140.137,-8.000,-20.000,42.000,0.5987,0.0945,0.0744,0.7919,2625.95,97.00,-8.37,13.81,63597.1,0,0.00,0.00,5
40659,-0.109,1.451,1.574,3.235,0.366,140.015,-8.000,-20.000,43.000,0.6178,0.0931,0.0772,0.7770,2627.78,96.73,-8.47,13.89,63590.6,0,0.00,0.00,5
40679,-0.038,1.457,1.572,3.235,0.122,139.893,-11.000,-20.000,42.000,0.6365,0.0916,0.0800,0.7616,2629.55,96.41,-8.55,13.97,63587.4,0,0.00,0.00,5
40699,0.031,1.458,1.571,3.235,-0.061,139.648,-11.000,-19.000,43.000,0.6548,0.0900,0.0828,0.7458,2631.42,96.19,-8.60,14.05,63551.2,0,0.00,0.00,5
40719,0.103,1.457,1.563,3.296,-0.122,139.404,-11.000,-16.000,43.000,0.6727,0.0884,0.0855,0.7296,2633.21,95.89,-8.55,14.13,63554.4,0,0.00,0.00,5
40739,0.173,1.450,1.568,3.235,-0.244,139.221,-13.000,-19.000,42.000,0.6902,0.0867,0.0882,0.7130,2635.03,95.63,-8.59,14.21,63531.5,0,0.00,0.00,5
40759,0.243,1.443,1.563,3.235,-0.366,138.977,-14.000,-17.000,40.000,0.7072,0.0850,0.0908,0.6960,2636.82,95.34,-8.51,14.29,63522.9,0,0.00,0.00,5
40779,0.313,1.430,1.557,3.296,-0.671,138.977,-16.000,-17.000,43.000,0.7238,0.0832,0.0935,0.6786,2638.61,95.08,-8.38,14.38,63506.1,0,0.00,0.00,5
40799,0.383,1.415,1.554,3.235,-0.732,138.794,-16.000,-16.000,41.000,0.7399,0.0813,0.0960,0.6609,2640.41,94.81,-8.25,14.46,63491.8,0,0.00,0.00,5
40819,0.454,1.394,1.555,3.235,-0.732,138.489,-16.000,-14.000,43.000,0.7556,0.0794,0.0985,0.6427,2642.15,94.50,-8.12,14.54,63489.0,0,0.00,0.00,5
40839,0.520,1.374,1.549,3.174,-1.038,138.428,-17.000,-14.000,43.000,0.7708,0.0775,0.1010,0.6243,2643.91,94.23,-7.90,14.62,63468.5,0,0.00,0.00,5
40859,0.584,1.347,1.549,3.113,-1.221,138.123,-19.000,-14.000,41.000,0.7855,0.0754,0.1034,0.6055,2645.71,94.00,-7.70,14.70,63445.9,0,0.00,0.00,5
40879,0.649,1.323,1.550,3.052,-1.343,138.062,-20.000,-14.000,41.000,0.7998,0.0733,0.1057,0.5863,2647.48,93.75,-7.49,14.78,63437.6,0,0.00,0.00,5
40899,0.715,1.290,1.546,2.930,-1.465,137.817,-19.000,-11.000,41.000,0.8136,0.0712,0.1080,0.5669,2649.23,93.49,-7.19,14.86,63427.7,0,0.00,0.00,5
40919,0.777,1.254,1.542,2.869,-1.648,137.573,-20.000,-11.000,43.000,0.8269,0.0690,0.1102,0.5472,2651.02,93.28,-6.88,14.94,63403.8,0,0.00,0.00,5
40939,0.835,1.217,1.542,2.869,-1.831,137.390,-20.000,-9.000,43.000,0.8397,0.0667,0.1123,0.5272,2652.81,93.08,-6.57,15.01,63389.1,0,0.00,0.00,5
40959,0.896,1.178,1.540,2.686,-1.831,137.268,-20.000,-11.000,42.000,0.8520,0.0644,0.1144,0.5069,2654.56,92.85,-6.24,15.09,63383.5,0,0.00,0.00,5
40979,0.950,1.132,1.537,2.624,-2.014,137.146,-22.000,-8.000,41.000,0.8638,0.0620,0.1164,0.4863,2656.29,92.61,-5.87,15.16,63373.6,0,0.00,0.00,5
40999,1.005,1.087,1.536,2.563,-2.197,136.963,-22.000,-8.000,39.000,0.8750,0.0595,0.1184,0.4655,2658.04,92.41,-5.51,15.23,63353.6,0,0.00,0.00,5
41019,1.057,1.038,1.532,2.502,-2.319,136.719,-21.000,-7.000,42.000,0.8858,0.0570,0.1203,0.4445,2659.79,92.22,-5.12,15.30,63340.6,0,0.00,0.00,5
41039,1.107,0.988,1.533,2.319,-2.441,136.536,-23.000,-4.000,42.000,0.8961,0.0544,0.1221,0.4233,2661.56,92.06,-4.76,15.37,63321.0,0,0.00,0.00,5
41059,1.155,0.934,1.528,2.258,-2.441,136.353,-24.000,-5.000,41.000,0.9058,0.0518,0.1239,0.4018,2663.31,91.88,-4.34,15.44,63311.4,0,0.00,0.00,5
41079,1.197,0.879,1.523,2.136,-2.686,136.108,-23.000,-5.000,42.000,0.9150,0.0492,0.1256,0.3802,2665.05,91.71,-3.93,15.50,63300.2,0,0.00,0.00,5
41099,1.240,0.823,1.524,2.075,-2.686,135.925,-24.000,-0.000,42.000,0.9237,0.0464,0.1272,0.3584,2666.80,91.57,-3.56,15.57,63281.6,0,0.00,0.00,5
41119,1.279,0.765,1.521,1.892,-2.808,135.864,-25.000,-3.000,43.000,0.9319,0.0437,0.1288,0.3364,2668.49,91.37,-3.17,15.63,63282.6,0,0.00,0.00,5
41139,1.314,0.703,1.521,1.648,-2.869,135.681,-24.000,1.000,43.000,0.9395,0.0408,0.1303,0.3142,2670.26,91.27,-2.83,15.69,63249.6,0,0.00,0.00,5
41159,1.349,0.643,1.514,1.648,-2.991,135.437,-25.000,3.000,41.000,0.9466,0.0380,0.1317,0.2919,2671.96,91.10,-2.41,15.75,63252.3,0,0.00,0.00,5
41179,1.377,0.577,1.513,1.404,-3.113,135.254,-23.000,4.000,42.000,0.9531,0.0350,0.1330,0.2695,2673.66,90.94,-2.09,15.81,63237.6,0,0.00,0.00,5
41199,1.404,0.513,1.512,1.343,-3.174,135.071,-23.000,4.000,41.000,0.9591,0.0321,0.1343,0.2469,2675.38,90.81,-1.77,15.87,63221.1,0,0.00,0.00,5
41223,1.428,0.447,1.507,1.099,-3.296,134.949,-24.000,5.000,41.000,0.9646,0.0290,0.1355,0.2243,2677.08,90.68,-1.44,15.93,63209.8,0,0.00,0.00,5
41239,1.449,0.381,1.506,0.977,-3.235,134.766,-23.000,6.000,42.000,0.9696,0.0260,0.1366,0.2015,2678.79,90.56,-1.17,15.99,63194.2,0,0.00,0.00,5
41259,1.467,0.307,1.502,0.793,-3.235,134.705,-23.000,6.000,41.000,0.9740,0.0229,0.1376,0.1787,2680.53,90.48,-0.89,16.04,63173.4,0,0.00,0.00,5
41279,1.484,0.241,1.501,0.732,-3.418,134.460,-22.000,10.000,42.000,0.9778,0.0197,0.1386,0.1557,2682.25,90.38,-0.68,16.10,63164.6,0,0.00,0.00,5
41299,1.494,0.174,1.500,0.427,-3.357,134.216,-21.000,7.000,41.000,0.9811,0.0165,0.1395,0.1328,2683.98,90.30,-0.50,16.15,63149.3,0,0.00,0.00,5
41319,1.501,0.102,1.499,0.305,-3.479,134.033,-22.000,10.000,41.000,0.9839,0.0133,0.1403,0.1098,2685.66,90.17,-0.34,16.21,63146.6,0,0.00,0.00,5
41339,1.507,0.032,1.494,0.183,-3.479,133.850,-21.000,10.000,41.000,0.9861,0.0100,0.1411,0.0868,2687.42,90.13,0.00,16.26,63115.4,0,0.00,0.00,5
41359,1.508,-0.039,1.494,-0.061,-3.418,133.667,-22.000,12.000,42.000,0.9878,0.0067,0.1417,0.0637,2689.14,90.06,0.00,16.31,63109.8,0,0.00,0.00,5
41379,1.508,-0.108,1.488,-0.122,-3.601,133.484,-20.000,12.000,41.000,0.9890,0.0034,0.1423,0.0407,2690.81,89.93,0.00,16.37,63108.5,0,0.00,0.00,5
41399,1.502,-0.179,1.486,-0.366,-3.479,133.423,-20.000,13.000,40.000,0.9896,-0.0000,0.1428,0.0177,2692.45,89.79,0.00,16.42,63098.9,0,0.00,0.00,5
41419,1.494,-0.248,1.483,-0.488,-3.479,133.057,-18.000,15.000,41.000,0.9897,-0.0034,0.1432,-0.0053,2694.18,89.72,0.00,16.47,63068.8,0,0.00,0.00,5
41439,1.482,-0.320,1.482,-0.610,-3.418,133.057,-19.000,16.000,40.000,0.9892,-0.0068,0.1436,-0.0283,2695.82,89.58,0.00,16.53,63073.6,0,0.00,0.00,5
41459,1.466,-0.387,1.479,-0.855,-3.418,132.874,-17.000,16.000,41.000,0.9882,-0.0103,0.1438,-0.0512,2697.54,89.51,0.00,16.58,63043.7,0,0.00,0.00,5
41479,1.447,-0.456,1.477,-0.977,-3.540,132.568,-16.000,17.000,42.000,0.9867,-0.0138,0.1440,-0.0741,2699.21,89.40,-0.28,16.64,63038.7,0,0.00,0.00,5
41499,1.427,-0.522,1.476,-1.099,-3.357,132.446,-18.000,17.000,43.000,0.9847,-0.0173,0.1441,-0.0969,2700.91,89.30,-0.45,16.69,63021.9,0,0.00,0.00,5
41519,1.402,-0.590,1.472,-1.343,-3.296,132.324,-15.000,19.000,42.000,0.9821,-0.0208,0.1441,-0.1196,2702.53,89.14,-0.63,16.75,63024.2,0,0.00,0.00,5
41539,1.377,-0.653,1.473,-1.404,-3.174,132.202,-14.000,19.000,41.000,0.9790,-0.0244,0.1440,-0.1422,2704.17,88.99,-0.87,16.80,63005.8,0,0.00,0.00,5
41559,1.347,-0.716,1.470,-1.587,-3.174,131.897,-15.000,20.000,41.000,0.9754,-0.0279,0.1439,-0.1647,2705.88,88.90,-1.12,16.86,62978.6,0,0.00,0.00,5
41579,1.313,-0.780,1.468,-1.831,-3.052,131.714,-14.000,23.000,41.000,0.9713,-0.0315,0.1437,-0.1871,2707.55,88.77,-1.40,16.91,62974.1,0,0.00,0.00,5
41599,1.277,-0.841,1.461,-1.892,-3.052,131.653,-12.000,20.000,40.000,0.9666,-0.0351,0.1433,-0.2093,2709.22,88.64,-1.67,16.97,62959.4,0,0.00,0.00,5
41619,1.239,-0.897,1.463,-2.136,-2.808,131.409,-11.000,22.000,40.000,0.9615,-0.0387,0.1429,-0.2314,2710.86,88.48,-2.03,17.03,62952.8,0,0.00,0.00,5
41639,1.198,-0.954,1.458,-2.136,-2.869,131.287,-11.000,23.000,41.000,0.9559,-0.0423,0.1425,-0.2534,2712.52,88.33,-2.35,17.09,62936.2,0,0.00,0.00,5
41659,1.155,-1.010,1.454,-2.319,-2.808,131.104,-8.000,23.000,41.000,0.9498,-0.0459,0.1419,-0.2752,2714.17,88.17,-2.69,17.16,62923.0,0,0.00,0.00,5
41679,1.108,-1.064,1.453,-2.441,-2.686,130.859,-8.000,24.000,42.000,0.9431,-0.0496,0.1413,-0.2968,2715.75,87.94,-3.07,17.22,62925.8,0,0.00,0.00,5
41699,1.061,-1.114,1.452,-2.563,-2.502,130.859,-7.000,24.000,40.000,0.9360,-0.0532,0.1406,-0.3182,2717.36,87.73,-3.47,17.29,62907.2,0,0.00,0.00,5
41719,1.008,-1.162,1.445,-2.686,-2.441,130.554,-7.000,23.000,40.000,0.9285,-0.0568,0.1398,-0.3394,2718.93,87.48,-3.81,17.36,62901.0,0,0.00,0.00,5
41739,0.957,-1.206,1.445,-2.747,-2.258,130.432,-4.000,24.000,41.000,0.9204,-0.0604,0.1389,-0.3604,2720.60,87.32,-4.22,17.43,62868.0,0,0.00,0.00,5
41759,0.900,-1.252,1.445,-2.930,-2.197,130.310,-4.000,23.000,41.000,0.9119,-0.0640,0.1380,-0.3812,2722.22,87.11,-4.65,17.50,62864.2,0,0.00,0.00,5
41779,0.847,-1.292,1.443,-2.930,-1.953,130.005,-4.000,25.000,41.000,0.9029,-0.0676,0.1369,-0.4017,2723.79,86.85,-5.02,17.57,62860.6,0,0.00,0.00,5
41799,0.784,-1.332,1.439,-3.052,-1.831,129.944,-1.000,25.000,40.000,0.8935,-0.0712,0.1358,-0.4221,2725.39,86.62,-5.39,17.64,62841.6,0,0.00,0.00,5
41819,0.723,-1.368,1.438,-3.235,-1.648,129.761,-1.000,25.000,40.000,0.8836,-0.0748,0.1346,-0.4421,2727.00,86.39,-5.78,17.71,62827.4,0,0.00,0.00,5
41839,0.661,-1.399,1.436,-3.357,-1.709,129.639,1.000,26.000,42.000,0.8733,-0.0783,0.1334,-0.4619,2728.59,86.14,-6.12,17.79,62817.8,0,0.00,0.00,5
41859,0.602,-1.431,1.432,-3.479,-1.465,129.456,2.000,25.000,40.000,0.8626,-0.0819,0.1320,-0.4815,2730.17,85.88,-6.44,17.88,62806.1,0,0.00,0.00,5
41879,0.535,-1.457,1.433,-3.418,-1.343,129.211,4.000,25.000,41.000,0.8514,-0.0854,0.1306,-0.5007,2731.83,85.69,-6.78,17.96,62776.0,0,0.00,0.00,5
41899,0.470,-1.483,1.426,-3.540,-1.160,129.089,3.000,25.000,41.000,0.8398,-0.0889,0.1291,-0.5197,2733.39,85.41,-7.04,18.04,62783.0,0,0.00,0.00,5
41919,0.406,-1.503,1.426,-3.540,-0.977,128.967,4.000,23.000,41.000,0.8279,-0.0923,0.1276,-0.5384,2734.97,85.15,-7.31,18.12,62767.0,0,0.00,0.00,5
41943,0.337,-1.521,1.423,-3.540,-0.732,128.784,6.000,24.000,41.000,0.8155,-0.0958,0.1259,-0.5568,2736.54,84.88,-7.55,18.20,62754.1,0,0.00,0.00,5
41959,0.269,-1.536,1.417,-3.723,-0.732,128.662,7.000,25.000,41.000,0.8027,-0.0992,0.1242,-0.5748,2738.14,84.63,-7.71,18.29,62737.0,0,0.00,0.00,5
41979,0.199,-1.549,1.415,-3.723,-0.488,128.357,8.000,22.000,40.000,0.7895,-0.1026,0.1224,-0.5926,2739.70,84.35,-7.88,18.38,62730.9,0,0.00,0.00,5
41999,0.128,-1.556,1.414,-3.723,-0.244,128.296,10.000,24.000,40.000,0.7760,-0.1059,0.1205,-0.6100,2741.25,84.07,-8.03,18.47,62719.0,0,0.00,0.00,5
42019,0.059,-1.563,1.410,-3.784,-0.244,128.113,10.000,24.000,41.000,0.7621,-0.1092,0.1186,-0.6271,2742.80,83.79,-8.11,18.56,62706.7,0,0.00,0.00,5
42039,-0.012,-1.566,1.407,-3.784,-0.000,127.808,11.000,23.000,41.000,0.7478,-0.1125,0.1166,-0.6438,2744.41,83.56,-8.16,18.65,62681.9,0,0.00,0.00,5
42059,-0.082,-1.566,1.405,-3.845,0.122,127.747,14.000,23.000,41.000,0.7332,-0.1157,0.1146,-0.6602,2745.94,83.27,-8.19,18.74,62685.0,0,0.00,0.00,5
42079,-0.149,-1.562,1.403,-3.784,0.366,127.502,14.000,23.000,40.000,0.7183,-0.1189,0.1124,-0.6763,2747.46,82.97,-8.16,18.83,62673.9,0,0.00,0.00,5
42099,-0.221,-1.556,1.401,-3.723,0.488,127.502,14.000,22.000,41.000,0.7030,-0.1220,0.1102,-0.6920,2748.98,82.68,-8.10,18.92,62661.4,0,0.00,0.00,5
42119,-0.288,-1.546,1.399,-3.845,0.549,127.319,16.000,19.000,39.000,0.6873,-0.1250,0.1080,-0.7073,2750.51,82.40,-8.00,19.02,62645.8,0,0.00,0.00,5
42139,-0.354,-1.533,1.400,-3.784,0.793,127.136,16.000,21.000,41.000,0.6714,-0.1281,0.1057,-0.7223,2752.05,82.15,-7.89,19.11,62631.7,0,0.00,0.00,5
42159,-0.425,-1.516,1.396,-3.662,0.977,126.892,16.000,20.000,41.000,0.6552,-0.1310,0.1033,-0.7368,2753.51,81.83,-7.70,19.21,62633.9,0,0.00,0.00,5
42179,-0.492,-1.500,1.392,-3.662,1.160,126.770,19.000,19.000,40.000,0.6387,-0.1339,0.1008,-0.7510,2755.03,81.57,-7.47,19.30,62610.7,0,0.00,0.00,5
42199,-0.558,-1.479,1.385,-3.662,1.404,126.648,19.000,18.000,41.000,0.6218,-0.1368,0.0983,-0.7648,2756.55,81.32,-7.17,19.39,62597.3,0,0.00,0.00,5
42219,-0.624,-1.455,1.385,-3.601,1.587,126.404,18.000,17.000,40.000,0.6048,-0.1396,0.0957,-0.7782,2758.06,81.08,-6.91,19.48,62586.7,0,0.00,0.00,5
42239,-0.688,-1.426,1.383,-3.601,1.587,126.282,20.000,16.000,40.000,0.5874,-0.1423,0.0930,-0.7912,2759.52,80.80,-6.58,19.57,62585.3,0,0.00,0.00,5
42259,-0.751,-1.396,1.380,-3.479,1.831,126.160,23.000,16.000,41.000,0.5698,-0.1449,0.0903,-0.8038,2761.03,80.57,-6.23,19.66,62562.6,0,0.00,0.00,5
42279,-0.812,-1.364,1.377,-3.357,1.953,125.916,20.000,14.000,40.000,0.5520,-0.1475,0.0875,-0.8160,2762.53,80.36,-5.85,19.75,62551.0,0,0.00,0.00,5
42299,-0.872,-1.326,1.375,-3.296,2.136,125.732,23.000,14.000,42.000,0.5339,-0.1500,0.0847,-0.8278,2763.99,80.11,-5.44,19.84,62548.8,0,0.00,0.00,5
42319,-0.929,-1.291,1.368,-3.174,2.319,125.549,23.000,11.000,40.000,0.5156,-0.1524,0.0818,-0.8392,2765.50,79.92,-4.97,19.92,62524.8,0,0.00,0.00,5
42339,-0.989,-1.250,1.369,-3.052,2.380,125.366,23.000,13.000,40.000,0.4971,-0.1548,0.0788,-0.8501,2766.96,79.71,-4.55,20.01,62522.7,0,0.00,0.00,5
42359,-1.044,-1.207,1.370,-2.991,2.747,125.366,25.000,11.000,40.000,0.4783,-0.1571,0.0757,-0.8607,2768.44,79.52,-4.11,20.09,62506.6,0,0.00,0.00,5
42379,-1.095,-1.159,1.366,-2.930,2.686,125.244,26.000,10.000,40.000,0.4594,-0.1593,0.0726,-0.8708,2769.84,79.27,-3.60,20.17,62511.5,0,0.00,0.00,5
42399,-1.145,-1.113,1.355,-2.808,2.747,124.878,25.000,8.000,40.000,0.4403,-0.1615,0.0695,-0.8805,2771.31,79.11,-3.04,20.25,62485.1,0,0.00,0.00,5
42419,-1.194,-1.064,1.359,-2.686,2.930,124.817,26.000,8.000,40.000,0.4210,-0.1636,0.0663,-0.8897,2772.78,78.95,-2.60,20.33,62474.4,0,0.00,0.00,5
42439,-1.241,-1.011,1.358,-2.441,3.113,124.695,26.000,7.000,40.000,0.4015,-0.1656,0.0630,-0.8986,2774.29,78.85,-2.12,20.41,62452.3,0,0.00,0.00,5
42459,-1.285,-0.958,1.353,-2.380,3.235,124.573,26.000,2.000,41.000,0.3819,-0.1675,0.0597,-0.9069,2775.76,78.71,-1.58,20.49,62450.7,0,0.00,0.00,5
42479,-1.327,-0.899,1.348,-2.197,3.357,124.329,26.000,4.000,39.000,0.3621,-0.1694,0.0563,-0.9149,2777.19,78.56,-1.05,20.56,62445.4,0,0.00,0.00,5
42499,-1.367,-0.844,1.346,-2.136,3.357,124.146,26.000,2.000,40.000,0.3422,-0.1711,0.0528,-0.9224,2778.67,78.46,-0.57,20.64,62423.8,0,0.00,0.00,5
42519,-1.402,-0.787,1.345,-2.014,3.601,123.962,26.000,3.000,39.000,0.3221,-0.1729,0.0494,-0.9295,2780.12,78.35,0.00,20.71,62419.5,0,0.00,0.00,5
42539,-1.436,-0.724,1.339,-1.831,3.540,123.840,28.000,2.000,41.000,0.3020,-0.1745,0.0458,-0.9361,2781.53,78.21,0.38,20.78,62416.3,0,0.00,0.00,5
42559,-1.466,-0.663,1.342,-1.648,3.723,123.718,27.000,-1.000,39.000,0.2817,-0.1760,0.0422,-0.9423,2782.96,78.10,0.77,20.86,62400.2,0,0.00,0.00,5
42579,-1.495,-0.599,1.340,-1.465,3.845,123.657,28.000,-1.000,38.000,0.2613,-0.1775,0.0386,-0.9480,2784.40,78.01,1.19,20.93,62385.9,0,0.00,0.00,5
42599,-1.520,-0.534,1.332,-1.465,3.845,123.352,28.000,-2.000,40.000,0.2408,-0.1789,0.0349,-0.9533,2785.86,77.95,1.64,21.00,62370.9,0,0.00,0.00,5
42619,-1.544,-0.470,1.333,-1.343,3.906,123.291,25.000,-3.000,40.000,0.2202,-0.1802,0.0312,-0.9582,2787.30,77.88,1.99,21.08,62364.2,0,0.00,0.00,5
42639,-1.562,-0.401,1.326,-1.099,3.967,123.108,26.000,-4.000,40.000,0.1995,-0.1814,0.0275,-0.9626,2788.68,77.76,2.37,21.15,62366.4,0,0.00,0.00,5
42659,-1.581,-0.335,1.329,-0.916,3.906,122.986,27.000,-7.000,39.000,0.1788,-0.1826,0.0237,-0.9665,2790.08,77.67,2.64,21.21,62348.8,0,0.00,0.00,5
42683,-1.599,-0.267,1.322,-0.671,4.028,122.864,27.000,-5.000,40.000,0.1581,-0.1836,0.0198,-0.9700,2791.43,77.54,2.96,21.28,62350.4,0,0.00,0.00,5
42699,-1.608,-0.199,1.320,-0.549,4.028,122.681,25.000,-8.000,40.000,0.1372,-0.1846,0.0159,-0.9731,2792.87,77.50,3.18,21.35,62318.6,0,0.00,0.00,5
42719,-1.620,-0.131,1.315,-0.488,4.089,122.436,28.000,-9.000,40.000,0.1164,-0.1854,0.0120,-0.9757,2794.26,77.42,3.41,21.42,62319.5,0,0.00,0.00,5
42739,-1.624,-0.063,1.317,-0.183,4.150,122.314,25.000,-11.000,39.000,0.0955,-0.1862,0.0081,-0.9778,2795.68,77.37,3.53,21.49,62302.4,0,0.00,0.00,5
42759,-1.626,0.007,1.312,-0.061,4.211,122.131,25.000,-10.000,39.000,0.0747,-0.1870,0.0041,-0.9795,2797.07,77.29,3.68,21.56,62297.9,0,0.00,0.00,5
42779,-1.626,0.077,1.309,0.122,4.211,122.009,25.000,-13.000,39.000,0.0538,-0.1876,0.0001,-0.9808,2798.48,77.24,3.76,21.62,62281.8,0,0.00,0.00,5
42799,-1.626,0.146,1.309,0.122,4.150,121.765,24.000,-14.000,39.000,0.0329,-0.1881,-0.0040,-0.9816,2799.88,77.18,3.78,21.69,62272.2,0,0.00,0.00,5
42819,-1.617,0.216,1.303,0.488,4.272,121.704,25.000,-16.000,38.000,0.0120,-0.1886,-0.0080,-0.9819,2801.26,77.11,3.79,21.76,62266.4,0,0.00,0.00,5
42839,-1.611,0.282,1.298,0.610,4.211,121.521,24.000,-15.000,40.000,-0.0088,-0.1890,-0.0121,-0.9819,2802.64,77.03,3.77,21.83,62255.8,0,0.00,0.00,5
42859,-1.597,0.352,1.299,0.793,4.150,121.460,25.000,-16.000,39.000,-0.0296,-0.1892,-0.0163,-0.9813,2804.03,76.96,3.64,21.90,62242.4,0,0.00,0.00,5
42879,-1.583,0.418,1.296,0.916,4.028,121.277,22.000,-18.000,39.000,-0.0504,-0.1894,-0.0204,-0.9804,2805.42,76.89,3.51,21.96,62233.3,0,0.00,0.00,5
42899,-1.565,0.487,1.290,1.221,3.967,121.094,22.000,-17.000,39.000,-0.0711,-0.1895,-0.0246,-0.9790,2806.81,76.82,3.36,22.03,62220.5,0,0.00,0.00,5
42919,-1.543,0.552,1.287,1.404,4.028,120.911,19.000,-19.000,40.000,-0.0918,-0.1895,-0.0288,-0.9772,2808.22,76.76,3.15,22.10,62206.2,0,0.00,0.00,5
42939,-1.520,0.617,1.289,1.587,3.845,120.911,20.000,-20.000,39.000,-0.1124,-0.1894,-0.0330,-0.9749,2809.60,76.67,2.85,22.17,62201.0,0,0.00,0.00,5
42959,-1.495,0.683,1.284,1.709,3.906,120.605,19.000,-22.000,40.000,-0.1329,-0.1892,-0.0373,-0.9722,2810.97,76.57,2.58,22.24,62192.0,0,0.00,0.00,5
42979,-1.466,0.744,1.280,1.892,3.784,120.544,17.000,-21.000,38.000,-0.1533,-0.1889,-0.0415,-0.9691,2812.38,76.51,2.26,22.31,62173.3,0,0.00,0.00,5
42999,-1.435,0.807,1.281,2.014,3.662,120.361,17.000,-22.000,39.000,-0.1736,-0.1886,-0.0458,-0.9655,2813.70,76.35,1.87,22.38,62180.2,0,0.00,0.00,5
43019,-1.402,0.868,1.278,2.136,3.662,120.178,16.000,-23.000,40.000,-0.1938,-0.1881,-0.0501,-0.9615,2815.02,76.18,1.49,22.45,62171.0,0,0.00,0.00,5
43039,-1.366,0.927,1.273,2.319,3.601,119.934,16.000,-23.000,40.000,-0.2139,-0.1876,-0.0543,-0.9571,2816.35,76.03,1.09,22.52,62156.3,0,0.00,0.00,5
43059,-1.328,0.984,1.270,2.441,3.540,119.995,14.000,-27.000,39.000,-0.2339,-0.1870,-0.0586,-0.9523,2817.73,75.91,0.67,22.60,62136.5,0,0.00,0.00,5
43079,-1.286,1.039,1.268,2.624,3.418,119.812,13.000,-24.000,38.000,-0.2537,-0.1863,-0.0629,-0.9471,2819.08,75.76,0.21,22.68,62130.6,0,0.00,0.00,5
43099,-1.242,1.091,1.266,2.686,3.357,119.568,11.000,-24.000,39.000,-0.2734,-0.1855,-0.0672,-0.9415,2820.44,75.61,-0.27,22.75,62118.6,0,0.00,0.00,5
43119,-1.196,1.144,1.261,2.930,3.174,119.446,10.000,-26.000,39.000,-0.2929,-0.1846,-0.0715,-0.9354,2821.81,75.46,-0.74,22.83,62106.4,0,0.00,0.00,5
43139,-1.150,1.194,1.257,2.991,3.052,119.324,10.000,-26.000,38.000,-0.3123,-0.1836,-0.0757,-0.9290,2823.16,75.29,-1.22,22.91,62098.2,0,0.00,0.00,5
43159,-1.097,1.243,1.255,3.113,2.808,119.202,8.000,-26.000,38.000,-0.3315,-0.1825,-0.0800,-0.9222,2824.46,75.06,-1.74,22.99,62097.9,0,0.00,0.00,5
43179,-1.049,1.286,1.252,3.296,2.747,118.957,7.000,-26.000,37.000,-0.3505,-0.1814,-0.0843,-0.9150,2825.80,74.87,-2.23,23.07,62078.7,0,0.00,0.00,5
43199,-0.994,1.332,1.249,3.357,2.686,118.896,6.000,-26.000,39.000,-0.3694,-0.1802,-0.0885,-0.9074,2827.12,74.65,-2.74,23.16,62070.7,0,0.00,0.00,5
43219,-0.939,1.372,1.247,3.540,2.563,118.774,5.000,-28.000,38.000,-0.3880,-0.1789,-0.0927,-0.8994,2828.42,74.41,-3.24,23.25,62065.6,0,0.00,0.00,5
43239,-0.884,1.413,1.245,3.662,2.319,118.591,5.000,-28.000,38.000,-0.4065,-0.1774,-0.0970,-0.8910,2829.78,74.22,-3.74,23.33,62040.8,0,0.00,0.00,5
43259,-0.824,1.448,1.240,3.723,2.136,118.469,4.000,-28.000,40.000,-0.4247,-0.1759,-0.1012,-0.8823,2831.06,73.94,-4.20,23.42,62047.2,0,0.00,0.00,5
43279,-0.765,1.483,1.238,3.784,2.075,118.347,1.000,-28.000,38.000,-0.4428,-0.1744,-0.1054,-0.8732,2832.40,73.72,-4.67,23.51,62024.5,0,0.00,0.00,5
43299,-0.705,1.513,1.232,4.028,1.953,118.164,0.000,-28.000,38.000,-0.4606,-0.1727,-0.1095,-0.8637,2833.70,73.45,-5.07,23.60,62021.9,0,0.00,0.00,5
43319,-0.641,1.543,1.231,4.028,1.770,118.164,1.000,-29.000,39.000,-0.4782,-0.1710,-0.1137,-0.8539,2834.99,73.18,-5.51,23.70,62011.7,0,0.00,0.00,5
43339,-0.576,1.572,1.227,4.150,1.648,117.798,-2.000,-28.000,38.000,-0.4956,-0.1692,-0.1178,-0.8438,2836.25,72.88,-5.90,23.79,62006.4,0,0.00,0.00,5
43359,-0.512,1.596,1.228,4.211,1.404,117.676,-2.000,-28.000,38.000,-0.5127,-0.1673,-0.1219,-0.8333,2837.49,72.54,-6.29,23.89,62001.9,0,0.00,0.00,5
43379,-0.445,1.616,1.224,4.211,1.282,117.554,-3.000,-28.000,37.000,-0.5295,-0.1653,-0.1259,-0.8224,2838.69,72.18,-6.61,23.98,61997.4,0,0.00,0.00,5
43403,-0.382,1.633,1.218,4.272,1.160,117.432,-5.000,-28.000,38.000,-0.5462,-0.1632,-0.1299,-0.8113,2839.98,71.90,-6.87,24.08,61969.8,0,0.00,0.00,5
43419,-0.317,1.651,1.220,4.334,0.977,117.371,-5.000,-29.000,38.000,-0.5625,-0.1611,-0.1339,-0.7998,2841.24,71.60,-7.18,24.18,61963.5,0,0.00,0.00,5
43439,-0.246,1.665,1.211,4.334,0.793,117.188,-8.000,-29.000,38.000,-0.5786,-0.1589,-0.1378,-0.7880,2842.53,71.32,-7.35,24.28,61948.2,0,0.00,0.00,5
43459,-0.179,1.670,1.210,4.395,0.549,117.004,-8.000,-28.000,38.000,-0.5945,-0.1566,-0.1417,-0.7759,2843.74,70.97,-7.53,24.38,61953.1,0,0.00,0.00,5
43479,-0.108,1.681,1.209,4.395,0.488,116.821,-10.000,-29.000,37.000,-0.6100,-0.1542,-0.1455,-0.7635,2844.96,70.63,-7.69,24.48,61940.3,0,0.00,0.00,5
43499,-0.042,1.684,1.205,4.456,0.183,116.760,-11.000,-26.000,37.000,-0.6253,-0.1517,-0.1493,-0.7508,2846.22,70.34,-7.76,24.59,61920.6,0,0.00,0.00,5
43519,0.027,1.689,1.204,4.456,-0.061,116.577,-12.000,-28.000,40.000,-0.6403,-0.1492,-0.1531,-0.7378,2847.39,69.95,-7.84,24.69,61930.6,0,0.00,0.00,5
43539,0.097,1.685,1.199,4.456,-0.183,116.394,-14.000,-27.000,38.000,-0.6550,-0.1466,-0.1568,-0.7245,2848.58,69.61,-7.80,24.79,61914.1,0,0.00,0.00,5
43559,0.165,1.682,1.202,4.395,-0.366,116.272,-14.000,-26.000,37.000,-0.6694,-0.1439,-0.1605,-0.7109,2849.76,69.26,-7.81,24.89,61905.9,0,0.00,0.00,5
43579,0.232,1.675,1.193,4.456,-0.488,116.272,-13.000,-25.000,38.000,-0.6835,-0.1411,-0.1641,-0.6971,2850.98,68.95,-7.66,25.00,61887.7,0,0.00,0.00,5
43599,0.302,1.665,1.190,4.456,-0.671,116.028,-17.000,-25.000,37.000,-0.6973,-0.1383,-0.1676,-0.6830,2852.18,68.64,-7.52,25.10,61881.6,0,0.00,0.00,5
43619,0.370,1.654,1.189,4.456,-0.916,115.906,-17.000,-26.000,40.000,-0.7108,-0.1354,-0.1711,-0.6686,2853.35,68.30,-7.36,25.21,61876.8,0,0.00,0.00,5
43639,0.437,1.638,1.185,4.334,-1.099,115.723,-18.000,-23.000,38.000,-0.7240,-0.1325,-0.1746,-0.6541,2854.51,67.96,-7.10,25.32,61870.9,0,0.00,0.00,5
43659,0.502,1.621,1.182,4.334,-1.221,115.662,-19.000,-23.000,38.000,-0.7369,-0.1294,-0.1779,-0.6392,2855.72,67.69,-6.83,25.42,61849.0,0,0.00,0.00,5
43679,0.568,1.603,1.180,4.395,-1.282,115.540,-20.000,-22.000,38.000,-0.7495,-0.1263,-0.1812,-0.6241,2856.86,67.36,-6.54,25.53,61852.2,0,0.00,0.00,5
43699,0.632,1.579,1.176,4.395,-1.526,115.356,-21.000,-21.000,38.000,-0.7617,-0.1232,-0.1845,-0.6088,2857.98,67.03,-6.16,25.63,61846.1,0,0.00,0.00,5
43719,0.696,1.555,1.172,4.211,-1.648,115.295,-22.000,-21.000,37.000,-0.7736,-0.1200,-0.1876,-0.5933,2859.17,66.77,-5.76,25.74,61824.5,0,0.00,0.00,5
43739,0.759,1.526,1.172,4.028,-1.953,115.051,-22.000,-19.000,37.000,-0.7852,-0.1167,-0.1907,-0.5775,2860.31,66.48,-5.35,25.84,61823.2,0,0.00,0.00,5
43759,0.820,1.495,1.164,3.906,-2.197,114.929,-23.000,-19.000,37.000,-0.7964,-0.1133,-0.1937,-0.5616,2861.46,66.23,-4.84,25.94,61809.6,0,0.00,0.00,5
43779,0.878,1.462,1.163,3.967,-2.258,114.807,-24.000,-18.000,37.000,-0.8073,-0.1099,-0.1967,-0.5455,2862.61,65.98,-4.36,26.04,61802.2,0,0.00,0.00,5
43799,0.939,1.429,1.166,3.906,-2.319,114.685,-25.000,-17.000,38.000,-0.8179,-0.1064,-0.1995,-0.5291,2863.81,65.79,-3.89,26.13,61782.1,0,0.00,0.00,5
43819,0.993,1.390,1.158,3.784,-2.563,114.563,-26.000,-17.000,37.000,-0.8281,-0.1028,-0.2023,-0.5126,2864.89,65.51,-3.29,26.23,61795.0,0,0.00,0.00,5
43839,1.052,1.351,1.154,3.723,-2.747,114.380,-26.000,-14.000,37.000,-0.8380,-0.0992,-0.2050,-0.4959,2866.02,65.28,-2.71,26.33,61777.6,0,0.00,0.00,5
43859,1.104,1.310,1.152,3.540,-2.930,114.319,-25.000,-16.000,37.000,-0.8475,-0.0955,-0.2076,-0.4790,2867.12,65.05,-2.12,26.42,61774.4,0,0.00,0.00,5
43879,1.158,1.263,1.150,3.418,-2.930,114.136,-28.000,-14.000,38.000,-0.8567,-0.0917,-0.2102,-0.4620,2868.22,64.84,-1.51,26.51,61763.0,0,0.00,0.00,5
43899,1.209,1.218,1.144,3.296,-3.235,114.014,-29.000,-11.000,37.000,-0.8655,-0.0879,-0.2127,-0.4448,2869.32,64.64,-0.86,26.61,61755.0,0,0.00,0.00,5
43919,1.259,1.172,1.142,3.235,-3.357,113.892,-29.000,-11.000,37.000,-0.8740,-0.0840,-0.2151,-0.4275,2870.41,64.43,-0.24,26.70,61749.8,0,0.00,0.00,5
43939,1.303,1.120,1.140,3.113,-3.418,113.770,-30.000,-11.000,37.000,-0.8822,-0.0801,-0.2174,-0.4100,2871.46,64.22,0.38,26.79,61746.6,0,0.00,0.00,5
43959,1.344,1.069,1.134,2.930,-3.540,113.647,-31.000,-9.000,38.000,-0.8899,-0.0761,-0.2196,-0.3924,2872.55,64.06,1.03,26.88,61730.6,0,0.00,0.00,5
43979,1.391,1.016,1.134,2.869,-3.723,113.403,-31.000,-6.000,37.000,-0.8973,-0.0721,-0.2218,-0.3747,2873.67,63.95,1.64,26.97,61715.2,0,0.00,0.00,5
43999,1.432,0.961,1.131,2.686,-3.906,113.281,-29.000,-7.000,37.000,-0.9044,-0.0680,-0.2239,-0.3569,2874.76,63.82,2.27,27.06,61711.8,0,0.00,0.00,5
44019,1.470,0.906,1.123,2.441,-3.784,113.159,-30.000,-4.000,36.000,-0.9111,-0.0638,-0.2259,-0.3389,2875.88,63.73,2.92,27.15,61697.0,0,0.00,0.00,5
44039,1.505,0.845,1.123,2.319,-3.906,113.159,-30.000,-5.000,37.000,-0.9174,-0.0596,-0.2278,-0.3208,2876.94,63.60,3.51,27.23,61701.6,0,0.00,0.00,5
44059,1.540,0.788,1.120,2.258,-4.211,112.915,-31.000,-2.000,36.000,-0.9234,-0.0553,-0.2296,-0.3027,2878.06,63.53,4.08,27.32,61681.4,0,0.00,0.00,5
44079,1.569,0.729,1.118,2.075,-4.150,112.793,-30.000,-2.000,37.000,-0.9290,-0.0510,-0.2313,-0.2844,2879.11,63.43,4.63,27.41,61684.6,0,0.00,0.00,5
44099,1.600,0.664,1.115,1.892,-4.395,112.732,-31.000,-0.000,35.000,-0.9342,-0.0466,-0.2330,-0.2660,2880.19,63.35,5.17,27.50,61672.8,0,0.00,0.00,5
44119,1.626,0.602,1.110,1.831,-4.334,112.549,-32.000,2.000,36.000,-0.9391,-0.0423,-0.2346,-0.2476,2881.30,63.32,5.70,27.58,61656.6,0,0.00,0.00,5
44143,1.648,0.540,1.107,1.465,-4.578,112.366,-31.000,1.000,38.000,-0.9436,-0.0378,-0.2361,-0.2291,2882.39,63.28,6.17,27.67,61651.8,0,0.00,0.00,5
44159,1.670,0.473,1.103,1.404,-4.395,112.305,-32.000,5.000,38.000,-0.9477,-0.0333,-0.2375,-0.2106,2883.46,63.23,6.63,27.75,61647.7,0,0.00,0.00,5
44179,1.690,0.409,1.097,1.221,-4.578,112.183,-31.000,4.000,35.000,-0.9515,-0.0288,-0.2388,-0.1919,2884.55,63.20,7.05,27.83,61637.0,0,0.00,0.00,5
44199,1.704,0.342,1.095,1.038,-4.578,111.999,-30.000,5.000,36.000,-0.9549,-0.0242,-0.2400,-0.1733,2885.62,63.17,7.40,27.91,61630.6,0,0.00,0.00,5
44219,1.721,0.277,1.093,0.793,-4.761,111.877,-30.000,4.000,37.000,-0.9579,-0.0196,-0.2411,-0.1546,2886.70,63.15,7.73,28.00,61621.6,0,0.00,0.00,5
44239,1.729,0.208,1.092,0.610,-4.761,111.816,-29.000,8.000,36.000,-0.9606,-0.0149,-0.2422,-0.1359,2887.80,63.16,7.98,28.08,61608.5,0,0.00,0.00,5
44259,1.739,0.140,1.089,0.488,-4.700,111.572,-30.000,8.000,35.000,-0.9629,-0.0102,-0.2431,-0.1171,2888.88,63.15,8.23,28.16,61605.1,0,0.00,0.00,5
44279,1.746,0.074,1.083,0.305,-4.822,111.572,-31.000,10.000,36.000,-0.9648,-0.0055,-0.2439,-0.0983,2889.94,63.13,8.44,28.25,61601.3,0,0.00,0.00,5
44299,1.748,0.005,1.084,0.122,-4.822,111.328,-30.000,10.000,34.000,-0.9663,-0.0007,-0.2447,-0.0795,2891.04,63.15,8.55,28.33,61583.2,0,0.00,0.00,5
44319,1.749,-0.064,1.075,-0.061,-4.761,111.267,-28.000,11.000,36.000,-0.9675,0.0041,-0.2454,-0.0607,2892.16,63.19,8.70,28.41,61572.3,0,0.00,0.00,5
44339,1.746,-0.130,1.075,-0.427,-4.883,111.145,-30.000,14.000,36.000,-0.9683,0.0089,-0.2459,-0.0419,2893.26,63.20,8.71,28.49,61568.0,0,0.00,0.00,5
44359,1.739,-0.200,1.074,-0.488,-4.822,111.084,-28.000,14.000,36.000,-0.9688,0.0138,-0.2464,-0.0231,2894.31,63.18,8.68,28.57,61568.8,0,0.00,0.00,5
44379,1.735,-0.268,1.070,-0.732,-4.700,110.779,-26.000,16.000,35.000,-0.9689,0.0187,-0.2468,-0.0044,2895.40,63.19,8.65,28.65,61554.2,0,0.00,0.00,5
44399,1.722,-0.334,1.063,-0.855,-4.761,110.718,-26.000,17.000,35.000,-0.9686,0.0236,-0.2470,0.0144,2896.45,63.16,8.56,28.74,61553.0,0,0.00,0.00,5
44419,1.711,-0.400,1.066,-1.099,-4.639,110.596,-24.000,16.000,37.000,-0.9680,0.0285,-0.2472,0.0331,2897.51,63.13,8.37,28.82,61544.5,0,0.00,0.00,5
44439,1.696,-0.466,1.057,-1.221,-4.639,110.535,-28.000,19.000,37.000,-0.9670,0.0335,-0.2473,0.0517,2898.54,63.09,8.22,28.90,61540.2,0,0.00,0.00,5
44459,1.680,-0.532,1.058,-1.465,-4.578,110.413,-25.000,19.000,35.000,-0.9656,0.0384,-0.2472,0.0704,2899.68,63.12,7.94,28.98,61512.3,0,0.00,0.00,5
44479,1.660,-0.596,1.053,-1.648,-4.639,110.168,-24.000,22.000,37.000,-0.9639,0.0434,-0.2471,0.0889,2900.71,63.06,7.66,29.06,61524.8,0,0.00,0.00,5
44499,1.637,-0.661,1.049,-1.709,-4.517,110.168,-23.000,22.000,35.000,-0.9618,0.0484,-0.2469,0.1074,2901.72,62.98,7.33,29.15,61520.2,0,0.00,0.00,5
44519,1.614,-0.724,1.042,-1.953,-4.517,109.985,-23.000,24.000,35.000,-0.9594,0.0534,-0.2466,0.1259,2902.79,62.93,6.99,29.23,61501.9,0,0.00,0.00,5
44539,1.584,-0.786,1.041,-2.075,-4.456,109.924,-21.000,23.000,36.000,-0.9566,0.0585,-0.2462,0.1443,2903.87,62.90,6.56,29.32,61489.0,0,0.00,0.00,5
44559,1.555,-0.845,1.040,-2.258,-4.272,109.741,-22.000,25.000,35.000,-0.9535,0.0635,-0.2457,0.1625,2904.95,62.85,6.09,29.40,61483.0,0,0.00,0.00,5
44579,1.523,-0.905,1.037,-2.502,-4.272,109.741,-19.000,25.000,36.000,-0.9500,0.0685,-0.2451,0.1808,2905.96,62.73,5.60,29.49,61488.8,0,0.00,0.00,5
44599,1.487,-0.965,1.030,-2.686,-4.211,109.497,-20.000,25.000,35.000,-0.9462,0.0736,-0.2444,0.1989,2907.04,62.67,5.10,29.58,61465.4,0,0.00,0.00,5
44619,1.449,-1.022,1.026,-2.747,-4.150,109.253,-19.000,26.000,37.000,-0.9420,0.0786,-0.2436,0.2168,2908.07,62.55,4.56,29.67,61467.5,0,0.00,0.00,5
44639,1.412,-1.080,1.020,-2.991,-3.845,109.314,-18.000,28.000,35.000,-0.9375,0.0837,-0.2427,0.2347,2909.16,62.49,4.01,29.76,61445.4,0,0.00,0.00,5
44659,1.371,-1.130,1.025,-3.174,-3.845,109.131,-17.000,28.000,37.000,-0.9327,0.0887,-0.2417,0.2525,2910.19,62.35,3.36,29.85,61450.6,0,0.00,0.00,5
44679,1.327,-1.184,1.016,-3.296,-3.723,109.070,-16.000,28.000,37.000,-0.9275,0.0938,-0.2407,0.2702,2911.21,62.19,2.79,29.94,61445.6,0,0.00,0.00,5
44699,1.284,-1.234,1.016,-3.479,-3.601,108.948,-14.000,29.000,36.000,-0.9220,0.0989,-0.2395,0.2877,2912.20,62.00,2.15,30.03,61441.9,0,0.00,0.00,5
44719,1.235,-1.284,1.011,-3.601,-3.479,108.765,-14.000,30.000,37.000,-0.9162,0.1039,-0.2382,0.3051,2913.20,61.81,1.52,30.13,61432.3,0,0.00,0.00,5
44739,1.185,-1.329,1.009,-3.723,-3.357,108.704,-11.000,30.000,35.000,-0.9100,0.1089,-0.2368,0.3224,2914.24,61.64,0.88,30.22,61414.6,0,0.00,0.00,5
44759,1.139,-1.376,1.002,-3.784,-3.174,108.521,-11.000,31.000,34.000,-0.9035,0.1139,-0.2354,0.3395,2915.26,61.45,0.27,30.32,61412.2,0,0.00,0.00,5
44779,1.085,-1.419,0.997,-4.089,-3.052,108.459,-10.000,31.000,35.000,-0.8967,0.1190,-0.2338,0.3564,2916.24,61.21,-0.35,30.42,61410.7,0,0.00,0.00,5
44799,1.032,-1.460,1.000,-4.089,-2.930,108.337,-9.000,33.000,35.000,-0.8896,0.1239,-0.2322,0.3732,2917.25,60.99,-1.04,30.52,61395.5,0,0.00,0.00,5
44819,0.976,-1.500,0.993,-4.211,-2.869,108.276,-8.000,32.000,35.000,-0.8822,0.1289,-0.2304,0.3899,2918.24,60.75,-1.63,30.62,61391.2,0,0.00,0.00,5
44839,0.921,-1.540,0.989,-4.211,-2.502,108.093,-8.000,32.000,35.000,-0.8745,0.1338,-0.2286,0.4063,2919.22,60.48,-2.24,30.72,61386.9,0,0.00,0.00,5
44863,0.860,-1.571,0.988,-4.456,-2.380,108.032,-6.000,32.000,34.000,-0.8665,0.1388,-0.2266,0.4226,2920.19,60.20,-2.85,30.82,61378.1,0,0.00,0.00,5
44879,0.806,-1.607,0.982,-4.456,-2.258,107.849,-4.000,32.000,34.000,-0.8582,0.1437,-0.2246,0.4387,2921.12,59.88,-3.40,30.92,61378.1,0,0.00,0.00,5
44899,0.744,-1.635,0.980,-4.639,-2.075,107.727,-4.000,31.000,35.000,-0.8496,0.1485,-0.2225,0.4547,2922.04,59.54,-3.95,31.03,61373.6,0,0.00,0.00,5
44919,0.682,-1.664,0.978,-4.761,-1.953,107.605,-2.000,32.000,34.000,-0.8407,0.1534,-0.2203,0.4704,2923.04,59.27,-4.48,31.14,61347.7,0,0.00,0.00,5
44939,0.619,-1.691,0.974,-4.822,-1.770,107.422,-1.000,34.000,35.000,-0.8315,0.1582,-0.2180,0.4859,2923.98,58.95,-4.97,31.25,61351.4,0,0.00,0.00,5
44959,0.558,-1.713,0.973,-4.822,-1.526,107.361,1.000,34.000,35.000,-0.8220,0.1630,-0.2156,0.5012,2924.91,58.61,-5.42,31.36,61345.8,0,0.00,0.00,5
44979,0.491,-1.735,0.967,-5.005,-1.404,107.361,2.000,33.000,33.000,-0.8123,0.1677,-0.2131,0.5164,2925.76,58.20,-5.83,31.47,61352.0,0,0.00,0.00,5
44999,0.426,-1.753,0.964,-5.005,-1.221,107.117,4.000,33.000,35.000,-0.8023,0.1724,-0.2105,0.5313,2926.63,57.80,-6.20,31.58,61341.3,0,0.00,0.00,5
45019,0.363,-1.771,0.963,-5.066,-1.038,107.117,6.000,33.000,35.000,-0.7920,0.1771,-0.2079,0.5460,2927.57,57.47,-6.56,31.70,61318.6,0,0.00,0.00,5
45039,0.295,-1.784,0.956,-5.066,-0.977,106.934,7.000,35.000,34.000,-0.7815,0.1817,-0.2052,0.5605,2928.43,57.06,-6.81,31.81,61327.2,0,0.00,0.00,5
45059,0.227,-1.795,0.954,-5.127,-0.732,106.873,7.000,34.000,34.000,-0.7707,0.1863,-0.2024,0.5748,2929.28,56.66,-7.07,31.93,61319.2,0,0.00,0.00,5
45079,0.164,-1.804,0.950,-5.066,-0.549,106.750,7.000,32.000,34.000,-0.7597,0.1908,-0.1994,0.5889,2930.16,56.27,-7.25,32.04,61307.8,0,0.00,0.00,5
45099,0.093,-1.812,0.943,-5.249,-0.305,106.628,11.000,32.000,34.000,-0.7484,0.1953,-0.1965,0.6027,2930.96,55.82,-7.37,32.16,61313.9,0,0.00,0.00,5
45119,0.028,-1.814,0.944,-5.188,-0.183,106.567,11.000,31.000,34.000,-0.7368,0.1997,-0.1934,0.6163,2931.82,55.44,-7.49,32.28,61294.7,0,0.00,0.00,5
45139,-0.040,-1.814,0.940,-5.127,0.244,106.323,11.000,32.000,33.000,-0.7251,0.2040,-0.1902,0.6296,2932.68,55.06,-7.51,32.40,61285.1,0,0.00,0.00,5
45159,-0.105,-1.815,0.935,-5.249,0.366,106.262,13.000,31.000,34.000,-0.7131,0.2084,-0.1870,0.6427,2933.52,54.67,-7.49,32.52,61283.2,0,0.00,0.00,5
45179,-0.175,-1.810,0.932,-5.188,0.427,106.262,16.000,30.000,33.000,-0.7009,0.2126,-0.1837,0.6556,2934.42,54.34,-7.41,32.64,61262.4,0,0.00,0.00,5
45199,-0.245,-1.804,0.931,-5.188,0.610,106.018,16.000,30.000,35.000,-0.6885,0.2168,-0.1803,0.6682,2935.26,53.97,-7.31,32.76,61266.6,0,0.00,0.00,5
45219,-0.310,-1.794,0.923,-5.249,0.855,106.018,17.000,30.000,32.000,-0.6758,0.2210,-0.1769,0.6806,2936.05,53.55,-7.10,32.88,61269.3,0,0.00,0.00,5
45239,-0.376,-1.782,0.918,-5.188,1.099,105.835,19.000,30.000,34.000,-0.6630,0.2250,-0.1734,0.6927,2936.89,53.20,-6.85,33.00,61251.4,0,0.00,0.00,5
45259,-0.444,-1.771,0.915,-5.127,1.160,105.774,17.000,29.000,35.000,-0.6499,0.2290,-0.1698,0.7045,2937.72,52.85,-6.59,33.13,61245.8,0,0.00,0.00,5
45279,-0.506,-1.753,0.913,-5.066,1.526,105.591,18.000,29.000,34.000,-0.6366,0.2330,-0.1661,0.7161,2938.54,52.51,-6.26,33.25,61239.2,0,0.00,0.00,5
45299,-0.572,-1.736,0.909,-5.005,1.587,105.530,20.000,28.000,34.000,-0.6232,0.2368,-0.1623,0.7275,2939.33,52.15,-5.88,33.37,61239.5,0,0.00,0.00,5
45319,-0.635,-1.718,0.902,-5.005,1.709,105.408,22.000,26.000,34.000,-0.6096,0.2406,-0.1585,0.7385,2940.16,51.84,-5.45,33.49,61223.5,0,0.00,0.00,5
45339,-0.696,-1.695,0.902,-4.883,2.014,105.347,22.000,25.000,32.000,-0.5957,0.2443,-0.1546,0.7493,2940.94,51.51,-5.01,33.61,61224.5,0,0.00,0.00,5
45359,-0.761,-1.669,0.899,-4.883,2.197,105.286,22.000,26.000,33.000,-0.5817,0.2479,-0.1506,0.7599,2941.73,51.20,-4.50,33.73,61216.6,0,0.00,0.00,5
45379,-0.819,-1.641,0.895,-4.761,2.441,105.103,26.000,26.000,33.000,-0.5676,0.2515,-0.1466,0.7702,2942.52,50.90,-3.93,33.84,61209.4,0,0.00,0.00,5
45399,-0.884,-1.611,0.891,-4.700,2.624,104.980,23.000,25.000,34.000,-0.5533,0.2550,-0.1425,0.7801,2943.30,50.61,-3.33,33.96,61205.3,0,0.00,0.00,5
45419,-0.940,-1.578,0.881,-4.578,2.869,104.858,26.000,23.000,34.000,-0.5388,0.2584,-0.1383,0.7898,2944.05,50.32,-2.65,34.08,61202.9,0,0.00,0.00,5
45439,-1.000,-1.544,0.883,-4.517,2.747,104.858,27.000,22.000,34.000,-0.5241,0.2616,-0.1340,0.7993,2944.81,50.04,-2.03,34.19,61196.3,0,0.00,0.00,5
45459,-1.058,-1.508,0.879,-4.456,2.991,104.675,27.000,20.000,34.000,-0.5093,0.2648,-0.1297,0.8085,2945.54,49.76,-1.33,34.30,61194.1,0,0.00,0.00,5
45479,-1.109,-1.471,0.875,-4.334,3.174,104.553,29.000,21.000,33.000,-0.4944,0.2680,-0.1253,0.8173,2946.28,49.52,-0.63,34.41,61185.4,0,0.00,0.00,5
45499,-1.164,-1.427,0.874,-4.272,3.479,104.492,28.000,17.000,34.000,-0.4793,0.2710,-0.1209,0.8259,2946.99,49.25,0.00,34.53,61185.8,0,0.00,0.00,5
45519,-1.215,-1.387,0.867,-4.028,3.540,104.309,29.000,18.000,32.000,-0.4641,0.2740,-0.1163,0.8342,2947.78,49.09,0.87,34.64,61162.4,0,0.00,0.00,5
45539,-1.266,-1.343,0.864,-3.845,3.784,104.126,29.000,16.000,33.000,-0.4488,0.2769,-0.1117,0.8423,2948.54,48.92,1.64,34.74,61160.8,0,0.00,0.00,5
45559,-1.316,-1.298,0.860,-3.845,3.784,104.126,32.000,16.000,32.000,-0.4334,0.2797,-0.1071,0.8500,2949.29,48.76,2.42,34.85,61157.4,0,0.00,0.00,5
45579,-1.364,-1.251,0.853,-3.784,4.028,104.065,31.000,14.000,33.000,-0.4178,0.2824,-0.1024,0.8574,2950.03,48.60,3.24,34.96,61154.1,0,0.00,0.00,5
45603,-1.409,-1.200,0.851,-3.540,4.211,103.943,32.000,13.000,32.000,-0.4021,0.2851,-0.0976,0.8646,2950.76,48.46,4.02,35.07,61149.1,0,0.00,0.00,5
45619,-1.452,-1.149,0.850,-3.357,4.272,103.882,34.000,11.000,32.000,-0.3863,0.2876,-0.0927,0.8715,2951.48,48.32,4.79,35.18,61146.1,0,0.00,0.00,5
45639,-1.495,-1.097,0.841,-3.174,4.272,103.699,34.000,11.000,32.000,-0.3704,0.2900,-0.0878,0.8780,2952.24,48.24,5.62,35.28,61131.2,0,0.00,0.00,5
45659,-1.534,-1.041,0.842,-3.174,4.639,103.577,34.000,9.000,33.000,-0.3544,0.2924,-0.0829,0.8843,2952.95,48.13,6.36,35.39,61135.2,0,0.00,0.00,5
45679,-1.572,-0.987,0.836,-2.930,4.578,103.577,34.000,7.000,31.000,-0.3383,0.2947,-0.0779,0.8903,2953.69,48.06,7.13,35.49,61123.4,0,0.00,0.00,5
45699,-1.608,-0.930,0.834,-2.808,4.822,103.394,34.000,8.000,34.000,-0.3222,0.2969,-0.0728,0.8960,2954.44,48.02,7.87,35.60,61116.2,0,0.00,0.00,5
45719,-1.642,-0.871,0.827,-2.563,4.761,103.333,35.000,7.000,32.000,-0.3059,0.2990,-0.0677,0.9014,2955.19,48.00,8.63,35.70,61109.9,0,0.00,0.00,5
45739,-1.675,-0.813,0.825,-2.380,5.066,103.149,35.000,5.000,32.000,-0.2896,0.3010,-0.0625,0.9064,2955.96,48.00,9.32,35.81,61101.1,0,0.00,0.00,5
45759,-1.702,-0.753,0.827,-2.258,5.066,103.210,36.000,2.000,33.000,-0.2732,0.3029,-0.0573,0.9112,2956.65,47.95,9.94,35.91,61109.9,0,0.00,0.00,5
45779,-1.729,-0.692,0.818,-2.197,5.066,103.088,37.000,5.000,31.000,-0.2567,0.3047,-0.0520,0.9157,2957.33,47.90,10.62,36.02,61107.7,0,0.00,0.00,5
45799,-1.756,-0.631,0.812,-1.892,5.310,102.905,38.000,-1.000,31.000,-0.2402,0.3065,-0.0467,0.9199,2958.03,47.88,11.25,36.12,61098.1,0,0.00,0.00,5
45819,-1.777,-0.567,0.812,-1.709,5.371,102.844,35.000,-2.000,31.000,-0.2236,0.3081,-0.0414,0.9238,2958.79,47.93,11.80,36.23,61081.1,0,0.00,0.00,5
45839,-1.796,-0.502,0.807,-1.526,5.371,102.661,36.000,-2.000,31.000,-0.2069,0.3097,-0.0360,0.9274,2959.46,47.91,12.33,36.33,61093.4,0,0.00,0.00,5
45859,-1.818,-0.440,0.802,-1.343,5.371,102.661,35.000,-2.000,31.000,-0.1903,0.3111,-0.0305,0.9306,2960.23,47.98,12.84,36.43,61069.1,0,0.00,0.00,5
45879,-1.832,-0.375,0.801,-1.160,5.554,102.539,36.000,-3.000,31.000,-0.1735,0.3124,-0.0250,0.9336,2960.99,48.06,13.25,36.53,61064.5,0,0.00,0.00,5
45899,-1.847,-0.310,0.797,-0.916,5.615,102.417,36.000,-5.000,31.000,-0.1568,0.3137,-0.0195,0.9363,2961.71,48.10,13.65,36.64,61067.7,0,0.00,0.00,5
45919,-1.858,-0.241,0.789,-0.732,5.554,102.356,35.000,-6.000,31.000,-0.1400,0.3148,-0.0139,0.9387,2962.41,48.14,14.04,36.74,61065.4,0,0.00,0.00,5
45939,-1.867,-0.176,0.788,-0.610,5.554,102.295,35.000,-7.000,31.000,-0.1232,0.3159,-0.0083,0.9407,2963.11,48.18,14.30,36.84,61061.9,0,0.00,0.00,5
45959,-1.873,-0.111,0.782,-0.305,5.615,102.173,35.000,-10.000,30.000,-0.1064,0.3168,-0.0027,0.9425,2963.82,48.24,14.55,36.94,61052.6,0,0.00,0.00,5
45979,-1.876,-0.043,0.779,-0.183,5.798,102.112,35.000,-11.000,32.000,-0.0895,0.3176,0.0030,0.9440,2964.56,48.32,14.73,37.04,61042.9,0,0.00,0.00,5
45999,-1.879,0.024,0.779,-0.000,5.676,101.868,34.000,-12.000,31.000,-0.0727,0.3184,0.0087,0.9451,2965.32,48.42,14.84,37.14,61033.8,0,0.00,0.00,5
46019,-1.879,0.088,0.774,0.244,5.554,101.868,35.000,-14.000,31.000,-0.0559,0.3190,0.0144,0.9460,2966.05,48.50,14.92,37.24,61033.4,0,0.00,0.00,5
46039,-1.874,0.154,0.767,0.488,5.676,101.746,34.000,-13.000,31.000,-0.0390,0.3195,0.0202,0.9466,2966.78,48.57,14.95,37.34,61029.3,0,0.00,0.00,5
46059,-1.867,0.226,0.763,0.610,5.615,101.685,32.000,-14.000,31.000,-0.0222,0.3199,0.0260,0.9468,2967.50,48.63,14.90,37.44,61025.8,0,0.00,0.00,5
46079,-1.862,0.291,0.760,0.793,5.554,101.562,34.000,-17.000,32.000,-0.0054,0.3202,0.0318,0.9468,2968.24,48.71,14.82,37.54,61016.6,0,0.00,0.00,5
46099,-1.850,0.355,0.757,1.038,5.615,101.501,32.000,-19.000,30.000,0.0114,0.3204,0.0376,0.9465,2968.96,48.76,14.65,37.64,61016.0,0,0.00,0.00,5
46119,-1.837,0.421,0.753,1.221,5.615,101.501,31.000,-17.000,31.000,0.0282,0.3205,0.0435,0.9458,2969.70,48.82,14.43,37.75,61007.4,0,0.00,0.00,5
46139,-1.822,0.485,0.747,1.404,5.493,101.318,32.000,-22.000,31.000,0.0449,0.3205,0.0494,0.9449,2970.42,48.87,14.19,37.85,61004.5,0,0.00,0.00,5
46159,-1.806,0.551,0.746,1.587,5.432,101.196,31.000,-20.000,31.000,0.0616,0.3204,0.0553,0.9437,2971.10,48.86,13.85,37.95,61008.2,0,0.00,0.00,5
46179,-1.786,0.614,0.738,1.892,5.432,101.196,29.000,-21.000,31.000,0.0783,0.3202,0.0612,0.9421,2971.78,48.86,13.51,38.05,61001.3,0,0.00,0.00,5
46199,-1.766,0.676,0.735,2.075,5.432,101.074,29.000,-22.000,29.000,0.0949,0.3199,0.0671,0.9403,2972.50,48.88,13.09,38.15,60989.9,0,0.00,0.00,5
46219,-1.741,0.740,0.730,2.258,5.432,101.013,28.000,-24.000,31.000,0.1114,0.3194,0.0731,0.9382,2973.19,48.86,12.62,38.26,60991.5,0,0.00,0.00,5
46239,-1.714,0.800,0.726,2.441,5.127,100.891,28.000,-26.000,31.000,0.1279,0.3189,0.0791,0.9358,2973.86,48.81,12.11,38.36,60988.5,0,0.00,0.00,5
46259,-1.687,0.861,0.722,2.563,5.249,100.769,28.000,-25.000,31.000,0.1444,0.3182,0.0850,0.9331,2974.56,48.79,11.56,38.46,60977.3,0,0.00,0.00,5
46279,-1.655,0.921,0.724,2.808,5.249,100.708,26.000,-28.000,31.000,0.1607,0.3175,0.0910,0.9301,2975.27,48.75,10.92,38.57,60970.9,0,0.00,0.00,5
46299,-1.623,0.979,0.718,2.869,5.066,100.647,23.000,-28.000,31.000,0.1770,0.3167,0.0969,0.9268,2976.01,48.74,10.31,38.68,60957.6,0,0.00,0.00,5
46319,-1.592,1.036,0.710,3.113,4.822,100.525,23.000,-29.000,31.000,0.1932,0.3157,0.1029,0.9233,2976.71,48.68,9.68,38.78,60961.8,0,0.00,0.00,5
46343,-1.552,1.093,0.706,3.296,4.822,100.464,21.000,-29.000,30.000,0.2093,0.3146,0.1089,0.9194,2977.43,48.62,8.97,38.89,60950.9,0,0.00,0.00,5
46359,-1.517,1.147,0.703,3.479,4.761,100.342,22.000,-31.000,31.000,0.2254,0.3134,0.1149,0.9153,2978.11,48.51,8.26,39.00,60954.4,0,0.00,0.00,5
46379,-1.474,1.200,0.698,3.662,4.456,100.281,22.000,-32.000,31.000,0.2413,0.3121,0.1208,0.9109,2978.80,48.39,7.51,39.11,60948.0,0,0.00,0.00,5
46399,-1.431,1.250,0.699,3.723,4.456,100.281,20.000,-31.000,29.000,0.2571,0.3107,0.1268,0.9062,2979.49,48.27,6.71,39.22,60940.5,0,0.00,0.00,5
46419,-1.391,1.300,0.694,3.967,4.272,100.098,17.000,-34.000,30.000,0.2729,0.3092,0.1327,0.9013,2980.15,48.10,5.95,39.33,60941.9,0,0.00,0.00,5
46439,-1.341,1.348,0.689,4.150,4.272,100.098,19.000,-32.000,29.000,0.2885,0.3077,0.1387,0.8960,2980.83,47.94,5.15,39.44,60931.2,0,0.00,0.00,5
46459,-1.297,1.397,0.690,4.272,3.967,99.915,16.000,-35.000,29.000,0.3040,0.3059,0.1446,0.8906,2981.49,47.76,4.33,39.56,60928.6,0,0.00,0.00,5
46479,-1.247,1.442,0.681,4.334,3.845,99.854,14.000,-35.000,30.000,0.3193,0.3041,0.1505,0.8848,2982.08,47.49,3.56,39.67,60938.6,0,0.00,0.00,5
46499,-1.196,1.484,0.679,4.456,3.601,99.792,14.000,-34.000,29.000,0.3346,0.3022,0.1564,0.8788,2982.76,47.29,2.75,39.78,60915.8,0,0.00,0.00,5
46519,-1.146,1.527,0.669,4.700,3.540,99.670,11.000,-35.000,28.000,0.3497,0.3001,0.1622,0.8725,2983.43,47.07,1.99,39.90,60909.8,0,0.00,0.00,5
46539,-1.093,1.567,0.668,4.822,3.479,99.670,13.000,-35.000,29.000,0.3647,0.2980,0.1681,0.8660,2984.09,46.83,1.20,40.02,60907.5,0,0.00,0.00,5
46559,-1.039,1.607,0.665,4.944,3.296,99.609,10.000,-39.000,30.000,0.3796,0.2958,0.1739,0.8592,2984.69,46.52,0.41,40.14,60913.6,0,0.00,0.00,5
46579,-0.981,1.641,0.662,4.944,2.991,99.426,8.000,-37.000,29.000,0.3943,0.2935,0.1797,0.8522,2985.19,46.12,-0.34,40.25,60926.6,0,0.00,0.00,5
46599,-0.924,1.674,0.654,5.188,2.930,99.426,9.000,-39.000,28.000,0.4088,0.2910,0.1854,0.8449,2985.74,45.75,-1.05,40.37,60913.0,0,0.00,0.00,5
46619,-0.869,1.707,0.654,5.188,2.808,99.304,8.000,-38.000,28.000,0.4232,0.2885,0.1911,0.8373,2986.33,45.41,-1.77,40.50,60899.7,0,0.00,0.00,5
46639,-0.810,1.737,0.646,5.371,2.686,99.243,8.000,-38.000,29.000,0.4375,0.2859,0.1968,0.8295,2986.89,45.04,-2.43,40.62,60898.7,0,0.00,0.00,5
46659,-0.750,1.766,0.644,5.432,2.319,99.060,4.000,-38.000,29.000,0.4516,0.2832,0.2024,0.8215,2987.49,44.70,-3.08,40.74,60885.3,0,0.00,0.00,5
46679,-0.687,1.791,0.642,5.493,2.136,99.060,2.000,-38.000,28.000,0.4655,0.2803,0.2081,0.8133,2988.07,44.33,-3.71,40.87,60882.9,0,0.00,0.00,5
46699,-0.625,1.814,0.633,5.615,2.075,99.060,2.000,-40.000,27.000,0.4792,0.2774,0.2136,0.8048,2988.61,43.93,-4.24,40.99,60886.2,0,0.00,0.00,5
46719,-0.562,1.836,0.632,5.615,1.831,98.999,1.000,-38.000,28.000,0.4929,0.2744,0.2191,0.7961,2989.13,43.50,-4.80,41.12,60883.4,0,0.00,0.00,5
46739,-0.497,1.855,0.625,5.798,1.465,98.938,-2.000,-39.000,29.000,0.5063,0.2713,0.2246,0.7872,2989.67,43.09,-5.26,41.24,60874.9,0,0.00,0.00,5
46759,-0.435,1.872,0.624,5.859,1.404,98.755,-2.000,-38.000,27.000,0.5195,0.2680,0.2301,0.7780,2990.17,42.64,-5.71,41.37,60876.0,0,0.00,0.00,5
46779,-0.373,1.887,0.621,5.859,1.099,98.694,-5.000,-40.000,29.000,0.5326,0.2647,0.2355,0.7687,2990.68,42.20,-6.10,41.50,60868.6,0,0.00,0.00,5
46799,-0.306,1.900,0.613,5.920,1.160,98.572,-5.000,-40.000,28.000,0.5455,0.2613,0.2408,0.7591,2991.15,41.73,-6.41,41.63,60872.8,0,0.00,0.00,5
46819,-0.240,1.909,0.613,5.859,0.793,98.450,-7.000,-38.000,28.000,0.5582,0.2578,0.2461,0.7493,2991.64,41.27,-6.71,41.76,60862.9,0,0.00,0.00,5
46839,-0.173,1.917,0.609,5.981,0.610,98.389,-7.000,-38.000,28.000,0.5706,0.2542,0.2513,0.7393,2992.10,40.79,-6.93,41.89,60863.2,0,0.00,0.00,5
46859,-0.109,1.921,0.603,6.042,0.427,98.328,-8.000,-37.000,28.000,0.5830,0.2506,0.2564,0.7291,2992.60,40.36,-7.06,42.02,60849.3,0,0.00,0.00,5
46879,-0.040,1.927,0.598,5.981,0.305,98.267,-10.000,-38.000,28.000,0.5951,0.2468,0.2615,0.7187,2993.10,39.93,-7.18,42.15,60844.0,0,0.00,0.00,5
46899,0.024,1.929,0.596,5.981,-0.061,98.206,-12.000,-37.000,28.000,0.6070,0.2429,0.2666,0.7081,2993.58,39.49,-7.24,42.28,60843.2,0,0.00,0.00,5
46919,0.090,1.927,0.588,5.981,-0.122,98.022,-14.000,-35.000,28.000,0.6187,0.2390,0.2716,0.6974,2994.05,39.06,-7.19,42.41,60838.1,0,0.00,0.00,5
46939,0.156,1.923,0.584,5.920,-0.427,98.083,-13.000,-37.000,27.000,0.6302,0.2349,0.2765,0.6864,2994.54,38.64,-7.12,42.54,60831.7,0,0.00,0.00,5
46959,0.222,1.919,0.579,6.042,-0.610,98.022,-14.000,-37.000,29.000,0.6416,0.2308,0.2813,0.6753,2994.97,38.19,-6.98,42.68,60836.0,0,0.00,0.00,5
46979,0.286,1.911,0.579,5.920,-0.916,97.961,-16.000,-35.000,26.000,0.6527,0.2266,0.2861,0.6639,2995.40,37.73,-6.82,42.81,60833.6,0,0.00,0.00,5
46999,0.354,1.899,0.569,5.920,-0.977,97.778,-18.000,-35.000,28.000,0.6636,0.2223,0.2908,0.6524,2995.84,37.32,-6.51,42.94,60823.4,0,0.00,0.00,5
47019,0.418,1.887,0.566,5.920,-1.038,97.839,-19.000,-35.000,28.000,0.6743,0.2179,0.2955,0.6408,2996.23,36.86,-6.20,43.08,60831.4,0,0.00,0.00,5
47039,0.482,1.875,0.566,5.920,-1.404,97.717,-19.000,-34.000,27.000,0.6847,0.2135,0.3000,0.6289,2996.65,36.45,-5.88,43.21,60819.7,0,0.00,0.00,5
47059,0.547,1.858,0.561,5.798,-1.648,97.717,-21.000,-34.000,27.000,0.6950,0.2089,0.3045,0.6169,2997.04,36.03,-5.44,43.35,60821.0,0,0.00,0.00,5
47083,0.607,1.840,0.556,5.798,-1.770,97.656,-23.000,-33.000,27.000,0.7050,0.2043,0.3090,0.6047,2997.44,35.63,-4.97,43.48,60813.3,0,0.00,0.00,5
47099,0.675,1.816,0.549,5.737,-2.136,97.473,-25.000,-31.000,26.000,0.7148,0.1996,0.3133,0.5924,2997.84,35.25,-4.39,43.62,60810.4,0,0.00,0.00,5
47119,0.735,1.796,0.546,5.737,-2.197,97.473,-23.000,-31.000,28.000,0.7244,0.1948,0.3176,0.5800,2998.24,34.89,-3.84,43.75,60805.4,0,0.00,0.00,5
47139,0.794,1.770,0.545,5.615,-2.380,97.351,-25.000,-29.000,26.000,0.7338,0.1900,0.3218,0.5674,2998.58,34.49,-3.22,43.88,60814.1,0,0.00,0.00,5
47159,0.856,1.741,0.538,5.493,-2.563,97.229,-28.000,-29.000,26.000,0.7429,0.1851,0.3258,0.5546,2998.93,34.13,-2.51,44.02,60806.7,0,0.00,0.00,5
47179,0.914,1.713,0.537,5.371,-2.747,97.229,-28.000,-28.000,26.000,0.7519,0.1801,0.3298,0.5418,2999.31,33.81,-1.83,44.15,60796.2,0,0.00,0.00,5
47199,0.973,1.683,0.529,5.310,-2.991,97.107,-30.000,-26.000,26.000,0.7605,0.1750,0.3337,0.5287,2999.65,33.48,-1.05,44.28,60800.5,0,0.00,0.00,5
47219,1.028,1.648,0.528,5.249,-3.113,97.046,-30.000,-27.000,27.000,0.7690,0.1699,0.3376,0.5156,2999.96,33.14,-0.28,44.41,60804.0,0,0.00,0.00,5
47239,1.084,1.613,0.523,5.127,-3.296,97.046,-30.000,-26.000,26.000,0.7772,0.1647,0.3413,0.5023,3000.35,32.89,0.56,44.53,60784.6,0,0.00,0.00,5
47259,1.137,1.575,0.519,5.005,-3.418,96.985,-30.000,-25.000,26.000,0.7852,0.1594,0.3449,0.4890,3000.74,32.67,1.41,44.66,60778.6,0,0.00,0.00,5
47279,1.193,1.538,0.513,4.761,-3.723,96.863,-31.000,-22.000,26.000,0.7930,0.1540,0.3484,0.4755,3001.10,32.44,2.31,44.79,60782.4,0,0.00,0.00,5
47299,1.245,1.496,0.505,4.822,-3.845,96.802,-35.000,-23.000,26.000,0.8005,0.1486,0.3519,0.4619,3001.41,32.19,3.24,44.91,60788.5,0,0.00,0.00,5
47319,1.294,1.456,0.504,4.639,-4.089,96.802,-34.000,-20.000,26.000,0.8078,0.1431,0.3553,0.4481,3001.82,32.06,4.12,45.04,60764.6,0,0.00,0.00,5
47339,1.345,1.412,0.500,4.517,-4.089,96.680,-34.000,-20.000,27.000,0.8148,0.1375,0.3585,0.4343,3002.18,31.90,5.07,45.16,60771.2,0,0.00,0.00,5
47359,1.389,1.364,0.497,4.334,-4.334,96.680,-35.000,-20.000,26.000,0.8216,0.1319,0.3617,0.4204,3002.47,31.70,5.99,45.29,60781.9,0,0.00,0.00,5
47379,1.435,1.318,0.491,4.211,-4.395,96.558,-36.000,-17.000,25.000,0.8282,0.1262,0.3648,0.4064,3002.83,31.57,6.95,45.41,60766.2,0,0.00,0.00,5
47399,1.481,1.270,0.488,4.028,-4.639,96.497,-38.000,-19.000,26.000,0.8345,0.1204,0.3678,0.3923,3003.17,31.46,7.90,45.53,60765.1,0,0.00,0.00,5
47419,1.525,1.219,0.485,3.845,-4.639,96.375,-36.000,-17.000,26.000,0.8406,0.1146,0.3706,0.3781,3003.53,31.39,8.85,45.65,60759.5,0,0.00,0.00,5
47439,1.563,1.168,0.481,3.723,-4.944,96.313,-38.000,-14.000,26.000,0.8464,0.1087,0.3734,0.3638,3003.89,31.33,9.78,45.77,60757.0,0,0.00,0.00,5
47459,1.604,1.114,0.472,3.601,-5.066,96.252,-38.000,-14.000,25.000,0.8520,0.1027,0.3761,0.3494,3004.27,31.31,10.76,45.90,60749.1,0,0.00,0.00,5
47479,1.638,1.060,0.469,3.357,-5.127,96.130,-40.000,-13.000,26.000,0.8573,0.0967,0.3787,0.3350,3004.58,31.25,11.64,46.02,60761.1,0,0.00,0.00,5
47499,1.677,1.005,0.459,3.235,-5.188,96.252,-41.000,-11.000,26.000,0.8624,0.0906,0.3812,0.3204,3004.92,31.23,12.60,46.14,60752.3,0,0.00,0.00,5
47519,1.710,0.948,0.460,2.991,-5.493,96.130,-40.000,-10.000,26.000,0.8673,0.0845,0.3836,0.3059,3005.26,31.24,13.43,46.26,60747.8,0,0.00,0.00,5
47539,1.740,0.890,0.458,2.808,-5.371,96.191,-40.000,-7.000,25.000,0.8719,0.0783,0.3859,0.2912,3005.59,31.25,14.26,46.37,60748.8,0,0.00,0.00,5
47559,1.772,0.833,0.457,2.624,-5.493,96.008,-41.000,-7.000,26.000,0.8762,0.0720,0.3881,0.2764,3005.92,31.27,15.06,46.49,60747.8,0,0.00,0.00,5
47579,1.797,0.774,0.450,2.502,-5.615,95.947,-41.000,-5.000,25.000,0.8803,0.0657,0.3901,0.2617,3006.29,31.34,15.85,46.61,60736.5,0,0.00,0.00,5
47599,1.825,0.712,0.442,2.197,-5.737,95.886,-41.000,-5.000,25.000,0.8842,0.0594,0.3921,0.2468,3006.60,31.38,16.63,46.73,60744.0,0,0.00,0.00,5
47619,1.846,0.650,0.441,2.197,-5.737,95.825,-41.000,-4.000,25.000,0.8878,0.0530,0.3940,0.2319,3006.92,31.44,17.30,46.85,60742.4,0,0.00,0.00,5
47639,1.869,0.590,0.436,1.892,-5.920,95.764,-41.000,-1.000,25.000,0.8911,0.0465,0.3957,0.2170,3007.34,31.59,17.97,46.96,60720.3,0,0.00,0.00,5
47659,1.887,0.527,0.433,1.831,-5.920,95.764,-42.000,-0.000,26.000,0.8942,0.0401,0.3974,0.2020,3007.66,31.68,18.57,47.08,60735.4,0,0.00,0.00,5
47679,1.903,0.463,0.423,1.526,-5.920,95.581,-41.000,-1.000,25.000,0.8971,0.0336,0.3989,0.1870,3007.99,31.77,19.16,47.20,60733.4,0,0.00,0.00,5
47699,1.921,0.398,0.419,1.282,-6.042,95.581,-42.000,4.000,24.000,0.8997,0.0270,0.4003,0.1720,3008.33,31.89,19.69,47.31,60729.8,0,0.00,0.00,5
47719,1.931,0.335,0.418,1.160,-6.103,95.581,-40.000,4.000,24.000,0.9020,0.0204,0.4017,0.1569,3008.61,31.96,20.09,47.43,60738.1,0,0.00,0.00,5
47739,1.944,0.271,0.416,0.855,-6.165,95.398,-40.000,5.000,24.000,0.9041,0.0137,0.4029,0.1418,3009.00,32.13,20.50,47.55,60714.7,0,0.00,0.00,5
47759,1.953,0.207,0.409,0.671,-6.165,95.398,-41.000,8.000,25.000,0.9059,0.0070,0.4040,0.1267,3009.40,32.32,20.86,47.66,60710.6,0,0.00,0.00,5
47779,1.958,0.141,0.404,0.488,-6.165,95.337,-41.000,8.000,24.000,0.9075,0.0003,0.4049,0.1115,3009.73,32.44,21.13,47.78,60723.0,0,0.00,0.00,5
47799,1.961,0.079,0.401,0.305,-6.287,95.337,-41.000,10.000,23.000,0.9088,-0.0065,0.4058,0.0964,3010.08,32.59,21.33,47.89,60715.5,0,0.00,0.00,5
47823,1.963,0.009,0.396,0.061,-6.226,95.337,-41.000,11.000,23.000,0.9099,-0.0133,0.4066,0.0812,3010.46,32.76,21.49,48.01,60709.6,0,0.00,0.00,5
47839,1.965,-0.053,0.394,-0.183,-6.165,95.154,-39.000,12.000,26.000,0.9107,-0.0201,0.4072,0.0660,3010.80,32.89,21.58,48.12,60714.4,0,0.00,0.00,5
47859,1.964,-0.120,0.389,-0.366,-6.287,95.154,-40.000,13.000,22.000,0.9113,-0.0270,0.4077,0.0508,3011.14,33.03,21.62,48.24,60711.4,0,0.00,0.00,5
47879,1.959,-0.185,0.380,-0.488,-6.287,95.093,-39.000,15.000,23.000,0.9116,-0.0339,0.4082,0.0357,3011.51,33.19,21.62,48.36,60703.8,0,0.00,0.00,5
47899,1.953,-0.251,0.376,-0.732,-6.348,95.093,-39.000,16.000,24.000,0.9116,-0.0408,0.4085,0.0205,3011.82,33.29,21.51,48.47,60714.1,0,0.00,0.00,5
47919,1.942,-0.316,0.370,-0.916,-6.165,94.971,-37.000,18.000,24.000,0.9114,-0.0477,0.4086,0.0054,3012.12,33.36,21.35,48.59,60715.5,0,0.00,0.00,5
47939,1.932,-0.380,0.372,-1.160,-6.165,95.032,-38.000,20.000,23.000,0.9110,-0.0547,0.4087,-0.0098,3012.45,33.47,21.08,48.70,60706.2,0,0.00,0.00,5
47959,1.919,-0.442,0.361,-1.343,-6.165,94.849,-37.000,20.000,25.000,0.9103,-0.0617,0.4086,-0.0249,3012.78,33.57,20.85,48.82,60703.8,0,0.00,0.00,5
47979,1.904,-0.505,0.362,-1.587,-6.226,94.849,-37.000,22.000,23.000,0.9093,-0.0687,0.4085,-0.0399,3013.10,33.65,20.47,48.94,60703.8,0,0.00,0.00,5
47999,1.888,-0.571,0.354,-1.770,-5.981,94.788,-34.000,22.000,24.000,0.9081,-0.0757,0.4082,-0.0550,3013.48,33.77,20.08,49.06,60690.9,0,0.00,0.00,5
48019,1.869,-0.633,0.351,-2.014,-5.859,94.788,-35.000,23.000,23.000,0.9066,-0.0827,0.4077,-0.0700,3013.82,33.85,19.61,49.17,60695.4,0,0.00,0.00,5
48039,1.847,-0.694,0.352,-2.258,-5.920,94.727,-34.000,25.000,22.000,0.9049,-0.0898,0.4072,-0.0850,3014.11,33.87,19.06,49.29,60702.9,0,0.00,0.00,5
48059,1.825,-0.753,0.336,-2.441,-5.920,94.666,-34.000,25.000,25.000,0.9030,-0.0968,0.4066,-0.0999,3014.43,33.90,18.56,49.41,60695.5,0,0.00,0.00,5
48079,1.799,-0.817,0.336,-2.624,-5.676,94.666,-32.000,27.000,23.000,0.9008,-0.1039,0.4058,-0.1148,3014.81,33.97,17.90,49.52,60681.8,0,0.00,0.00,5
48099,1.772,-0.875,0.335,-2.808,-5.737,94.543,-31.000,28.000,22.000,0.8983,-0.1110,0.4049,-0.1296,3015.14,33.99,17.21,49.64,60688.8,0,0.00,0.00,5
48119,1.740,-0.935,0.329,-2.930,-5.615,94.543,-31.000,28.000,23.000,0.8956,-0.1180,0.4039,-0.1444,3015.50,34.02,16.48,49.76,60679.2,0,0.00,0.00,5
48139,1.708,-0.988,0.328,-3.235,-5.432,94.360,-30.000,30.000,24.000,0.8927,-0.1251,0.4027,-0.1590,3015.81,33.98,15.71,49.88,60688.6,0,0.00,0.00,5
48159,1.677,-1.048,0.316,-3.296,-5.371,94.482,-28.000,31.000,23.000,0.8895,-0.1322,0.4015,-0.1737,3016.10,33.92,14.96,50.00,60688.5,0,0.00,0.00,5
48179,1.641,-1.102,0.313,-3.601,-5.249,94.421,-27.000,32.000,22.000,0.8861,-0.1392,0.4001,-0.1883,3016.41,33.86,14.11,50.12,60682.6,0,0.00,0.00,5
48199,1.605,-1.155,0.308,-3.723,-5.188,94.421,-27.000,33.000,22.000,0.8824,-0.1463,0.3986,-0.2028,3016.66,33.72,13.26,50.25,60692.0,0,0.00,0.00,5
48219,1.566,-1.207,0.305,-3.845,-5.005,94.238,-25.000,35.000,22.000,0.8785,-0.1533,0.3969,-0.2172,3016.96,33.62,12.35,50.37,60680.0,0,0.00,0.00,5
48239,1.527,-1.256,0.299,-4.150,-4.883,94.238,-25.000,34.000,22.000,0.8744,-0.1604,0.3952,-0.2315,3017.24,33.48,11.47,50.49,60681.4,0,0.00,0.00,5
48259,1.484,-1.310,0.298,-4.272,-4.822,94.238,-22.000,37.000,22.000,0.8700,-0.1674,0.3933,-0.2458,3017.56,33.36,10.49,50.62,60669.8,0,0.00,0.00,5
48279,1.440,-1.358,0.293,-4.456,-4.578,94.116,-23.000,35.000,22.000,0.8654,-0.1744,0.3913,-0.2599,3017.81,33.16,9.54,50.74,60682.2,0,0.00,0.00,5
48299,1.397,-1.404,0.288,-4.517,-4.456,94.116,-22.000,37.000,22.000,0.8605,-0.1814,0.3892,-0.2740,3018.13,33.02,8.60,50.86,60663.4,0,0.00,0.00,5
48319,1.350,-1.451,0.287,-4.700,-4.272,94.116,-21.000,37.000,21.000,0.8555,-0.1884,0.3870,-0.2879,3018.43,32.83,7.60,50.99,60666.7,0,0.00,0.00,5
48339,1.301,-1.495,0.280,-4.883,-4.150,94.055,-19.000,39.000,22.000,0.8502,-0.1954,0.3846,-0.3018,3018.73,32.63,6.65,51.12,60662.4,0,0.00,0.00,5
48359,1.252,-1.535,0.275,-4.883,-4.089,94.055,-17.000,37.000,22.000,0.8446,-0.2023,0.3822,-0.3156,3019.03,32.42,5.71,51.24,60658.9,0,0.00,0.00,5
48379,1.201,-1.576,0.270,-5.127,-3.784,93.994,-19.000,40.000,21.000,0.8389,-0.2092,0.3796,-0.3292,3019.30,32.16,4.74,51.37,60662.7,0,0.00,0.00,5
48399,1.147,-1.615,0.266,-5.371,-3.662,93.872,-16.000,40.000,20.000,0.8329,-0.2161,0.3769,-0.3427,3019.53,31.85,3.78,51.50,60668.3,0,0.00,0.00,5
48419,1.095,-1.652,0.259,-5.371,-3.479,93.872,-14.000,40.000,22.000,0.8268,-0.2229,0.3741,-0.3561,3019.70,31.47,2.88,51.63,60677.1,0,0.00,0.00,5
48439,1.041,-1.686,0.257,-5.493,-3.357,93.872,-13.000,42.000,20.000,0.8204,-0.2298,0.3711,-0.3694,3019.90,31.11,1.96,51.76,60667.4,0,0.00,0.00,5
48459,0.986,-1.722,0.250,-5.554,-3.174,93.750,-11.000,41.000,22.000,0.8138,-0.2365,0.3681,-0.3826,3020.14,30.77,1.08,51.89,60658.1,0,0.00,0.00,5
48479,0.930,-1.752,0.249,-5.676,-3.052,93.811,-9.000,43.000,20.000,0.8069,-0.2433,0.3649,-0.3956,3020.37,30.42,0.21,52.02,60654.4,0,0.00,0.00,5
48499,0.872,-1.782,0.243,-5.676,-2.747,93.811,-8.000,43.000,20.000,0.7999,-0.2499,0.3616,-0.4086,3020.61,30.06,-0.61,52.15,60652.2,0,0.00,0.00,5
48519,0.812,-1.810,0.236,-5.920,-2.563,93.750,-8.000,43.000,21.000,0.7927,-0.2566,0.3582,-0.4213,3020.74,29.60,-1.38,52.29,60669.6,0,0.00,0.00,5
48539,0.753,-1.836,0.230,-5.981,-2.380,93.567,-5.000,42.000,20.000,0.7852,-0.2632,0.3547,-0.4339,3020.92,29.17,-2.13,52.42,60656.8,0,0.00,0.00,5
48563,0.691,-1.862,0.229,-5.981,-2.197,93.567,-5.000,41.000,20.000,0.7776,-0.2698,0.3511,-0.4464,3021.06,28.70,-2.88,52.56,60662.4,0,0.00,0.00,5
48579,0.633,-1.881,0.224,-5.981,-2.014,93.567,-2.000,41.000,20.000,0.7698,-0.2763,0.3473,-0.4588,3021.28,28.30,-3.50,52.69,60642.6,0,0.00,0.00,5
48599,0.568,-1.902,0.219,-6.103,-1.831,93.567,-1.000,44.000,21.000,0.7618,-0.2827,0.3435,-0.4710,3021.36,27.77,-4.13,52.83,60667.8,0,0.00,0.00,5
48619,0.508,-1.920,0.215,-6.348,-1.526,93.506,-1.000,44.000,21.000,0.7536,-0.2891,0.3395,-0.4830,3021.52,27.31,-4.69,52.97,60649.1,0,0.00,0.00,5
48639,0.445,-1.935,0.210,-6.348,-1.404,93.445,2.000,42.000,20.000,0.7452,-0.2955,0.3354,-0.4949,3021.66,26.83,-5.18,53.11,60650.6,0,0.00,0.00,5
48659,0.383,-1.950,0.207,-6.348,-1.221,93.445,4.000,43.000,20.000,0.7366,-0.3018,0.3313,-0.5066,3021.75,26.30,-5.65,53.25,60657.3,0,0.00,0.00,5
48679,0.319,-1.962,0.202,-6.470,-0.977,93.384,4.000,44.000,20.000,0.7278,-0.3080,0.3270,-0.5182,3021.84,25.78,-6.03,53.39,60653.1,0,0.00,0.00,5
48699,0.255,-1.971,0.197,-6.470,-0.855,93.384,5.000,43.000,20.000,0.7189,-0.3142,0.3226,-0.5296,3021.96,25.28,-6.35,53.53,60646.4,0,0.00,0.00,5
48719,0.188,-1.979,0.194,-6.348,-0.610,93.384,8.000,43.000,20.000,0.7097,-0.3203,0.3181,-0.5408,3022.02,24.74,-6.63,53.67,60654.1,0,0.00,0.00,5
48739,0.127,-1.985,0.190,-6.348,-0.488,93.323,10.000,43.000,21.000,0.7004,-0.3263,0.3135,-0.5519,3022.08,24.20,-6.83,53.81,60653.9,0,0.00,0.00,5
48759,0.062,-1.989,0.186,-6.409,-0.183,93.262,10.000,43.000,19.000,0.6910,-0.3323,0.3088,-0.5628,3022.10,23.63,-6.97,53.95,60657.3,0,0.00,0.00,5
48779,-0.003,-1.988,0.176,-6.409,-0.061,93.323,11.000,43.000,19.000,0.6813,-0.3381,0.3040,-0.5736,3022.18,23.12,-6.99,54.10,60644.2,0,0.00,0.00,5
48799,-0.068,-1.987,0.173,-6.470,0.366,93.262,13.000,43.000,20.000,0.6715,-0.3440,0.2991,-0.5842,3022.25,22.62,-7.00,54.24,60642.6,0,0.00,0.00,5
48819,-0.134,-1.984,0.169,-6.409,0.427,93.140,13.000,41.000,20.000,0.6616,-0.3497,0.2941,-0.5946,3022.27,22.08,-6.94,54.38,60650.1,0,0.00,0.00,5
48839,-0.198,-1.979,0.167,-6.531,0.855,93.140,15.000,41.000,20.000,0.6515,-0.3554,0.2890,-0.6048,3022.27,21.54,-6.81,54.53,60652.6,0,0.00,0.00,5
48859,-0.263,-1.973,0.163,-6.348,0.855,93.079,16.000,41.000,18.000,0.6412,-0.3610,0.2839,-0.6148,3022.32,21.05,-6.62,54.67,60641.0,0,0.00,0.00,5
48879,-0.325,-1.964,0.155,-6.470,1.038,93.140,18.000,41.000,20.000,0.6307,-0.3665,0.2786,-0.6247,3022.34,20.55,-6.34,54.82,60642.6,0,0.00,0.00,5
48899,-0.390,-1.953,0.153,-6.348,1.404,93.079,17.000,38.000,19.000,0.6202,-0.3719,0.2732,-0.6344,3022.33,20.04,-6.02,54.97,60648.3,0,0.00,0.00,6
49098,-0.992,-1.728,0.105,-5.676,3.418,92.773,32.000,31.000,17.000,0.5072,-0.4217,0.2156,-0.7200,3021.86,15.70,0.51,56.54,60640.8,0,0.00,0.00,7
