Time[ms],AccX[g],AccY[g],AccZ[g],GyroX[°/s],GyroY[°/s],GyroZ[°/s],MagX[uT],MagY[uT],MagZ[uT],qW,qX,qY,qZ,AltFilt[m],VelFilt[m/s],AccVert[m/s^2],Tilt[°],PressBMP[Pa],Servo[%],PID_Gain,Cd_Gain,Estado
16544,-0.052,-0.051,-2.997,-0.000,0.000,-0.000,0.000,-0.000,0.000,1.0000,0.0000,0.0000,0.0000,0.00,-0.00,-39.20,0.00,86133.1,0,0.00,0.00,3
16564,-0.052,-0.051,-2.997,-0.000,0.000,-0.000,0.000,-0.000,0.000,1.0000,0.0000,0.0000,0.0000,-0.00,-0.78,-39.20,0.00,86133.1,0,0.00,0.00,3
16584,-0.052,-0.051,-2.997,-0.000,0.000,-0.000,0.000,-0.000,0.000,1.0000,0.0000,0.0000,0.0000,-0.02,-1.57,-39.20,0.00,86133.1,0,0.00,0.00,3
16604,-0.052,-0.051,-2.997,-0.000,0.000,-0.000,0.000,-0.000,0.000,1.0000,0.0000,0.0000,0.0000,-0.05,-2.35,-39.20,0.00,86133.1,0,0.00,0.00,3
16624,-0.052,-0.051,-2.997,-0.000,0.000,-0.000,0.000,-0.000,0.000,1.0000,0.0000,0.0000,0.0000,-0.08,-3.14,-39.20,0.00,86133.1,0,0.00,0.00,3
16644,-0.052,-0.051,-2.997,-0.000,0.000,-0.000,0.000,-0.000,0.000,1.0000,0.0000,0.0000,0.0000,-0.13,-3.92,-39.20,0.00,86133.1,0,0.00,0.00,3
16664,-0.052,-0.051,-2.997,-0.000,0.000,-0.000,0.000,-0.000,0.000,1.0000,0.0000,0.0000,0.0000,-0.19,-4.70,-39.20,0.00,86133.1,0,0.00,0.00,3
16684,-0.052,-0.051,-2.997,-0.000,0.000,-0.000,0.000,-0.000,0.000,1.0000,0.0000,0.0000,0.0000,-0.26,-5.49,-39.20,0.00,86133.1,0,0.00,0.00,3
16704,-0.052,-0.051,-2.997,-0.000,0.000,-0.000,0.000,-0.000,0.000,1.0000,0.0000,0.0000,0.0000,-0.34,-6.27,-39.20,0.00,86133.1,0,0.00,0.00,3
16724,-0.052,-0.051,-2.997,-0.000,0.000,-0.000,0.000,-0.000,0.000,1.0000,0.0000,0.0000,0.0000,-0.43,-7.05,-39.20,0.00,86133.1,0,0.00,0.00,3
16744,-0.052,-0.051,-2.997,-0.000,0.000,-0.000,0.000,-0.000,0.000,1.0000,0.0000,0.0000,0.0000,-0.53,-7.84,-39.20,0.00,86133.1,0,0.00,0.00,3
16764,-0.052,-0.051,-2.997,-0.000,0.000,-0.000,0.000,-0.000,0.000,1.0000,0.0000,0.0000,0.0000,-0.64,-8.62,-39.20,0.00,86133.1,0,0.00,0.00,3
16784,-0.052,-0.051,-2.997,-0.000,0.000,-0.000,0.000,-0.000,0.000,1.0000,0.0000,0.0000,0.0000,-0.76,-9.40,-39.20,0.00,86133.1,0,0.00,0.00,3
16804,-0.052,-0.051,-2.997,-0.000,0.000,-0.000,0.000,-0.000,0.000,1.0000,0.0000,0.0000,0.0000,-0.90,-10.19,-39.20,0.00,86133.1,0,0.00,0.00,3
16824,-0.052,-0.051,-2.997,-0.000,0.000,-0.000,0.000,-0.000,0.000,1.0000,0.0000,0.0000,0.0000,-1.04,-10.97,-39.20,0.00,86133.1,0,0.00,0.00,3
16844,-0.052,-0.051,-2.997,-0.000,0.000,-0.000,0.000,-0.000,0.000,1.0000,0.0000,0.0000,0.0000,-1.19,-11.75,-39.20,0.00,86133.1,0,0.00,0.00,3
16864,-0.052,-0.051,-2.997,-0.000,0.000,-0.000,0.000,-0.000,0.000,1.0000,0.0000,0.0000,0.0000,-1.35,-12.53,-39.20,0.00,86133.1,0,0.00,0.00,3
16884,-0.052,-0.051,-2.997,-0.000,0.000,-0.000,0.000,-0.000,0.000,1.0000,0.0000,0.0000,0.0000,-1.53,-13.31,-39.20,0.00,86133.1,0,0.00,0.00,3
16904,-0.052,-0.051,-2.997,-0.000,0.000,-0.000,0.000,-0.000,0.000,1.0000,0.0000,0.0000,0.0000,-1.71,-14.09,-39.20,0.00,86133.1,0,0.00,0.00,3
16924,-0.052,-0.051,-2.997,-0.000,0.000,-0.000,0.000,-0.000,0.000,1.0000,0.0000,0.0000,0.0000,-1.90,-14.87,-39.20,0.00,86133.1,0,0.00,0.00,3
16944,-0.052,-0.051,-2.997,-0.000,0.000,-0.000,0.000,-0.000,0.000,1.0000,0.0000,0.0000,0.0000,-2.11,-15.65,-39.20,0.00,86133.1,0,0.00,0.00,3
16964,-0.052,-0.051,-2.997,-0.000,0.000,-0.000,0.000,-0.000,0.000,1.0000,0.0000,0.0000,0.0000,-2.32,-16.42,-39.20,0.00,86133.1,0,0.00,0.00,3
16984,-0.052,-0.051,-2.997,-0.000,0.000,-0.000,0.000,-0.000,0.000,1.0000,0.0000,0.0000,0.0000,-2.54,-17.20,-39.20,0.00,86133.1,0,0.00,0.00,3
17004,-0.052,-0.051,-2.997,-0.000,0.000,-0.000,0.000,-0.000,0.000,1.0000,0.0000,0.0000,0.0000,-2.78,-17.97,-39.20,0.00,86133.1,0,0.00,0.00,3
17024,-0.052,-0.051,-2.997,-0.000,0.000,-0.000,0.000,-0.000,0.000,1.0000,0.0000,0.0000,0.0000,-3.02,-18.74,-39.20,0.00,86133.1,0,0.00,0.00,3
17044,-0.052,-0.051,-2.997,-0.000,0.000,-0.000,0.000,-0.000,0.000,1.0000,0.0000,0.0000,0.0000,-3.28,-19.51,-39.20,0.00,86133.1,0,0.00,0.00,3
17064,-0.052,-0.051,-2.997,-0.000,0.000,-0.000,0.000,-0.000,0.000,1.0000,0.0000,0.0000,0.0000,-3.54,-20.27,-39.20,0.00,86133.1,0,0.00,0.00,3
17084,-0.052,-0.051,-2.997,-0.000,0.000,-0.000,0.000,-0.000,0.000,1.0000,0.0000,0.0000,0.0000,-3.81,-21.03,-39.20,0.00,86133.1,0,0.00,0.00,3
17104,-0.052,-0.051,-2.997,-0.000,0.000,-0.000,0.000,-0.000,0.000,1.0000,0.0000,0.0000,0.0000,-4.09,-21.79,-39.20,0.00,86133.1,0,0.00,0.00,3
17124,-0.052,-0.051,-2.997,-0.000,0.000,-0.000,0.000,-0.000,0.000,1.0000,0.0000,0.0000,0.0000,-4.38,-22.54,-39.20,0.00,86133.1,0,0.00,0.00,3
17144,-0.052,-0.051,-2.997,-0.000,0.000,-0.000,0.000,-0.000,0.000,1.0000,0.0000,0.0000,0.0000,-4.68,-23.29,-39.20,0.00,86133.1,0,0.00,0.00,3
17164,-0.052,-0.051,-2.997,-0.000,0.000,-0.000,0.000,-0.000,0.000,1.0000,0.0000,0.0000,0.0000,-4.99,-24.04,-39.20,0.00,86133.1,0,0.00,0.00,3
17184,-0.052,-0.051,-2.997,-0.000,0.000,-0.000,0.000,-0.000,0.000,1.0000,0.0000,0.0000,0.0000,-5.30,-24.78,-39.20,0.00,86133.1,0,0.00,0.00,3
17204,-0.052,-0.051,-2.997,-0.000,0.000,-0.000,0.000,-0.000,0.000,1.0000,0.0000,0.0000,0.0000,-5.63,-25.51,-39.20,0.00,86133.1,0,0.00,0.00,3
17224,-0.052,-0.051,-2.997,-0.000,0.000,-0.000,0.000,-0.000,0.000,1.0000,0.0000,0.0000,0.0000,-5.96,-26.24,-39.20,0.00,86133.1,0,0.00,0.00,3
17244,-0.052,-0.051,-2.997,-0.000,0.000,-0.000,0.000,-0.000,0.000,1.0000,0.0000,0.0000,0.0000,-6.30,-26.96,-39.20,0.00,86133.1,0,0.00,0.00,3
17264,-0.052,-0.051,-2.997,-0.000,0.000,-0.000,0.000,-0.000,0.000,1.0000,0.0000,0.0000,0.0000,-6.65,-27.68,-39.20,0.00,86133.1,0,0.00,0.00,3
17284,-0.052,-0.051,-2.997,-0.000,0.000,-0.000,0.000,-0.000,0.000,1.0000,0.0000,0.0000,0.0000,-7.00,-28.39,-39.20,0.00,86133.1,0,0.00,0.00,3
17304,-0.052,-0.051,-2.997,-0.000,0.000,-0.000,0.000,-0.000,0.000,1.0000,0.0000,0.0000,0.0000,-7.36,-29.09,-39.20,0.00,86133.1,0,0.00,0.00,3
17324,-0.052,-0.051,-2.997,-0.000,0.000,-0.000,0.000,-0.000,0.000,1.0000,0.0000,0.0000,0.0000,-7.73,-29.78,-39.20,0.00,86133.1,0,0.00,0.00,3
17344,-0.052,-0.051,-2.997,-0.000,0.000,-0.000,0.000,-0.000,0.000,1.0000,0.0000,0.0000,0.0000,-8.10,-30.46,-39.20,0.00,86133.1,0,0.00,0.00,3
17364,-0.052,-0.051,-2.997,-0.000,0.000,-0.000,0.000,-0.000,0.000,1.0000,0.0000,0.0000,0.0000,-8.48,-31.13,-39.20,0.00,86133.1,0,0.00,0.00,3
17384,-0.052,-0.051,-2.997,-0.000,0.000,-0.000,0.000,-0.000,0.000,1.0000,0.0000,0.0000,0.0000,-8.86,-31.79,-39.20,0.00,86133.1,0,0.00,0.00,3
17404,-0.052,-0.051,-2.997,-0.000,0.000,-0.000,0.000,-0.000,0.000,1.0000,0.0000,0.0000,0.0000,-9.25,-32.45,-39.20,0.00,86133.1,0,0.00,0.00,3
17424,-0.052,-0.051,-2.997,-0.000,0.000,-0.000,0.000,-0.000,0.000,1.0000,0.0000,0.0000,0.0000,-9.64,-33.08,-39.20,0.00,86133.1,0,0.00,0.00,3
17444,-0.052,-0.051,-2.997,-0.000,0.000,-0.000,0.000,-0.000,0.000,1.0000,0.0000,0.0000,0.0000,-10.03,-33.71,-39.20,0.00,86133.1,0,0.00,0.00,3
17464,-0.052,-0.051,-2.997,-0.000,0.000,-0.000,0.000,-0.000,0.000,1.0000,0.0000,0.0000,0.0000,-10.43,-34.33,-39.20,0.00,86133.1,0,0.00,0.00,3
17484,-0.052,-0.051,-2.997,-0.000,0.000,-0.000,0.000,-0.000,0.000,1.0000,0.0000,0.0000,0.0000,-10.83,-34.93,-39.20,0.00,86133.1,0,0.00,0.00,3
17504,-0.052,-0.051,-2.997,-0.000,0.000,-0.000,0.000,-0.000,0.000,1.0000,0.0000,0.0000,0.0000,-11.23,-35.52,-39.20,0.00,86133.1,0,0.00,0.00,3
17524,-0.052,-0.051,-2.997,-0.000,0.000,-0.000,0.000,-0.000,0.000,1.0000,0.0000,0.0000,0.0000,-11.63,-36.09,-39.20,0.00,86133.1,0,0.00,0.00,3
17544,-0.052,-0.051,-2.997,-0.000,0.000,-0.000,0.000,-0.000,0.000,1.0000,0.0000,0.0000,0.0000,-12.03,-36.65,-39.20,0.00,86133.1,0,0.00,0.00,3
17564,-0.052,-0.051,-2.997,-0.000,0.000,-0.000,0.000,-0.000,0.000,1.0000,0.0000,0.0000,0.0000,-12.43,-37.19,-39.20,0.00,86133.1,0,0.00,0.00,3
17584,-0.052,-0.051,-2.997,-0.000,0.000,-0.000,0.000,-0.000,0.000,1.0000,0.0000,0.0000,0.0000,-12.83,-37.72,-39.20,0.00,86133.1,0,0.00,0.00,3
17604,-0.052,-0.051,-2.997,-0.000,0.000,-0.000,0.000,-0.000,0.000,1.0000,0.0000,0.0000,0.0000,-13.23,-38.23,-39.20,0.00,86133.1,0,0.00,0.00,3
17624,-0.052,-0.051,-2.997,-0.000,0.000,-0.000,0.000,-0.000,0.000,1.0000,0.0000,0.0000,0.0000,-13.63,-38.72,-39.20,0.00,86133.1,0,0.00,0.00,3
17644,-0.052,-0.051,-2.997,-0.000,0.000,-0.000,0.000,-0.000,0.000,1.0000,0.0000,0.0000,0.0000,-14.03,-39.20,-39.20,0.00,86133.1,0,0.00,0.00,3
17664,-0.052,-0.051,-2.997,-0.000,0.000,-0.000,0.000,-0.000,0.000,1.0000,0.0000,0.0000,0.0000,-14.42,-39.66,-39.20,0.00,86133.1,0,0.00,0.00,3
17684,-0.052,-0.051,-2.997,-0.000,0.000,-0.000,0.000,-0.000,0.000,1.0000,0.0000,0.0000,0.0000,-14.81,-40.10,-39.20,0.00,86133.1,0,0.00,0.00,3
17704,-0.052,-0.051,-2.997,-0.000,0.000,-0.000,0.000,-0.000,0.000,1.0000,0.0000,0.0000,0.0000,-15.19,-40.53,-39.20,0.00,86133.1,0,0.00,0.00,3
17724,-0.052,-0.051,-2.997,-0.000,0.000,-0.000,0.000,-0.000,0.000,1.0000,0.0000,0.0000,0.0000,-15.57,-40.93,-39.20,0.00,86133.1,0,0.00,0.00,3
17744,-0.052,-0.051,-2.997,-0.000,0.000,-0.000,0.000,-0.000,0.000,1.0000,0.0000,0.0000,0.0000,-15.94,-41.32,-39.20,0.00,86133.1,0,0.00,0.00,3
17764,-0.052,-0.051,-2.997,-0.000,0.000,-0.000,0.000,-0.000,0.000,1.0000,0.0000,0.0000,0.0000,-16.31,-41.69,-39.20,0.00,86133.1,0,0.00,0.00,3
17784,-0.052,-0.051,-2.997,-0.000,0.000,-0.000,0.000,-0.000,0.000,1.0000,0.0000,0.0000,0.0000,-16.67,-42.04,-39.20,0.00,86133.1,0,0.00,0.00,3
17804,-0.052,-0.051,-2.997,-0.000,0.000,-0.000,0.000,-0.000,0.000,1.0000,0.0000,0.0000,0.0000,-17.02,-42.37,-39.20,0.00,86133.1,0,0.00,0.00,3
17824,-0.052,-0.051,-2.997,-0.000,0.000,-0.000,0.000,-0.000,0.000,1.0000,0.0000,0.0000,0.0000,-17.37,-42.68,-39.20,0.00,86133.1,0,0.00,0.00,3
17844,-0.052,-0.051,-2.997,-0.000,0.000,-0.000,0.000,-0.000,0.000,1.0000,0.0000,0.0000,0.0000,-17.71,-42.97,-39.20,0.00,86133.1,0,0.00,0.00,3
17864,-0.052,-0.051,-2.997,-0.000,0.000,-0.000,0.000,-0.000,0.000,1.0000,0.0000,0.0000,0.0000,-18.04,-43.25,-39.20,0.00,86133.1,0,0.00,0.00,3
17884,-0.052,-0.051,-2.997,-0.000,0.000,-0.000,0.000,-0.000,0.000,1.0000,0.0000,0.0000,0.0000,-18.36,-43.51,-39.20,0.00,86133.1,0,0.00,0.00,3
17904,-0.052,-0.051,-2.997,-0.000,0.000,-0.000,0.000,-0.000,0.000,1.0000,0.0000,0.0000,0.0000,-18.67,-43.74,-39.20,0.00,86133.1,0,0.00,0.00,3
17924,-0.052,-0.051,-2.997,-0.000,0.000,-0.000,0.000,-0.000,0.000,1.0000,0.0000,0.0000,0.0000,-18.97,-43.96,-39.20,0.00,86133.1,0,0.00,0.00,3
17944,-0.052,-0.051,-2.997,-0.000,0.000,-0.000,0.000,-0.000,0.000,1.0000,0.0000,0.0000,0.0000,-19.26,-44.17,-39.20,0.00,86133.1,0,0.00,0.00,3
17964,-0.052,-0.051,-2.997,-0.000,0.000,-0.000,0.000,-0.000,0.000,1.0000,0.0000,0.0000,0.0000,-19.54,-44.35,-39.20,0.00,86133.1,0,0.00,0.00,3
17984,-0.052,-0.051,-2.997,-0.000,0.000,-0.000,0.000,-0.000,0.000,1.0000,0.0000,0.0000,0.0000,-19.82,-44.52,-39.20,0.00,86133.1,0,0.00,0.00,3
18004,-0.052,-0.051,-2.997,-0.000,0.000,-0.000,0.000,-0.000,0.000,1.0000,0.0000,0.0000,0.0000,-20.08,-44.67,-39.20,0.00,86133.1,0,0.00,0.00,3
18024,-0.052,-0.051,-2.997,-0.000,0.000,-0.000,0.000,-0.000,0.000,1.0000,0.0000,0.0000,0.0000,-20.33,-44.81,-39.20,0.00,86133.1,0,0.00,0.00,3
18044,-0.052,-0.051,-2.997,-0.000,0.000,-0.000,0.000,-0.000,0.000,1.0000,0.0000,0.0000,0.0000,-20.57,-44.93,-39.20,0.00,86133.1,0,0.00,0.00,3
18064,-0.052,-0.051,-2.997,-0.000,0.000,-0.000,0.000,-0.000,0.000,1.0000,0.0000,0.0000,0.0000,-20.80,-45.03,-39.20,0.00,86133.1,0,0.00,0.00,3
18084,-0.052,-0.051,-2.997,-0.000,0.000,-0.000,0.000,-0.000,0.000,1.0000,0.0000,0.0000,0.0000,-21.02,-45.12,-39.20,0.00,86133.1,0,0.00,0.00,3
18104,-0.052,-0.051,-2.997,-0.000,0.000,-0.000,0.000,-0.000,0.000,1.0000,0.0000,0.0000,0.0000,-21.23,-45.19,-39.20,0.00,86133.1,0,0.00,0.00,3
18124,-0.052,-0.051,-2.997,-0.000,0.000,-0.000,0.000,-0.000,0.000,1.0000,0.0000,0.0000,0.0000,-21.42,-45.26,-39.20,0.00,86133.1,0,0.00,0.00,3
18144,-0.052,-0.051,-2.997,-0.000,0.000,-0.000,0.000,-0.000,0.000,1.0000,0.0000,0.0000,0.0000,-21.61,-45.31,-39.20,0.00,86133.1,0,0.00,0.00,3
18164,-0.052,-0.051,-2.997,-0.000,0.000,-0.000,0.000,-0.000,0.000,1.0000,0.0000,0.0000,0.0000,-21.79,-45.34,-39.20,0.00,86133.1,0,0.00,0.00,3
18184,-0.052,-0.051,-2.997,-0.000,0.000,-0.000,0.000,-0.000,0.000,1.0000,0.0000,0.0000,0.0000,-21.95,-45.37,-39.20,0.00,86133.1,0,0.00,0.00,3
18204,-0.052,-0.051,-2.997,-0.000,0.000,-0.000,0.000,-0.000,0.000,1.0000,0.0000,0.0000,0.0000,-22.11,-45.38,-39.20,0.00,86133.1,0,0.00,0.00,3
18224,-0.052,-0.051,-2.997,-0.000,0.000,-0.000,0.000,-0.000,0.000,1.0000,0.0000,0.0000,0.0000,-22.26,-45.39,-39.20,0.00,86133.1,0,0.00,0.00,3
18244,-0.052,-0.051,-2.997,-0.000,0.000,-0.000,0.000,-0.000,0.000,1.0000,0.0000,0.0000,0.0000,-22.39,-45.38,-39.20,0.00,86133.1,0,0.00,0.00,3
18264,-0.052,-0.051,-2.997,-0.000,0.000,-0.000,0.000,-0.000,0.000,1.0000,0.0000,0.0000,0.0000,-22.52,-45.36,-39.20,0.00,86133.1,0,0.00,0.00,3
18284,-0.052,-0.051,-2.997,-0.000,0.000,-0.000,0.000,-0.000,0.000,1.0000,0.0000,0.0000,0.0000,-22.64,-45.34,-39.20,0.00,86133.1,0,0.00,0.00,3
18304,-0.052,-0.051,-2.997,-0.000,0.000,-0.000,0.000,-0.000,0.000,1.0000,0.0000,0.0000,0.0000,-22.75,-45.31,-39.20,0.00,86133.1,0,0.00,0.00,3
18324,-0.052,-0.051,-2.997,-0.000,0.000,-0.000,0.000,-0.000,0.000,1.0000,0.0000,0.0000,0.0000,-22.85,-45.27,-39.20,0.00,86133.1,0,0.00,0.00,3
18344,-0.052,-0.051,-2.997,-0.000,0.000,-0.000,0.000,-0.000,0.000,1.0000,0.0000,0.0000,0.0000,-22.94,-45.22,-39.20,0.00,86133.1,0,0.00,0.00,3
18364,-0.052,-0.051,-2.997,-0.000,0.000,-0.000,0.000,-0.000,0.000,1.0000,0.0000,0.0000,0.0000,-23.02,-45.17,-39.20,0.00,86133.1,0,0.00,0.00,3
18384,-0.052,-0.051,-2.997,-0.000,0.000,-0.000,0.000,-0.000,0.000,1.0000,0.0000,0.0000,0.0000,-23.10,-45.11,-39.20,0.00,86133.1,0,0.00,0.00,3
18404,-0.052,-0.051,-2.997,-0.000,0.000,-0.000,0.000,-0.000,0.000,1.0000,0.0000,0.0000,0.0000,-23.16,-45.05,-39.20,0.00,86133.1,0,0.00,0.00,3
18424,-0.052,-0.051,-2.997,-0.000,0.000,-0.000,0.000,-0.000,0.000,1.0000,0.0000,0.0000,0.0000,-23.22,-44.98,-39.20,0.00,86133.1,0,0.00,0.00,3
18444,-0.052,-0.051,-2.997,-0.000,0.000,-0.000,0.000,-0.000,0.000,1.0000,0.0000,0.0000,0.0000,-23.28,-44.90,-39.20,0.00,86133.1,0,0.00,0.00,3
18464,-0.052,-0.051,-2.997,-0.000,0.000,-0.000,0.000,-0.000,0.000,1.0000,0.0000,0.0000,0.0000,-23.32,-44.83,-39.20,0.00,86133.1,0,0.00,0.00,3
18484,-0.052,-0.051,-2.997,-0.000,0.000,-0.000,0.000,-0.000,0.000,1.0000,0.0000,0.0000,0.0000,-23.36,-44.75,-39.20,0.00,86133.1,0,0.00,0.00,3
18504,-0.052,-0.051,-2.997,-0.000,0.000,-0.000,0.000,-0.000,0.000,1.0000,0.0000,0.0000,0.0000,-23.40,-44.67,-39.20,0.00,86133.1,0,0.00,0.00,3
18524,-0.052,-0.051,-2.997,-0.000,0.000,-0.000,0.000,-0.000,0.000,1.0000,0.0000,0.0000,0.0000,-23.43,-44.58,-39.20,0.00,86133.1,0,0.00,0.00,3
18544,-0.052,-0.051,-2.997,-0.000,0.000,-0.000,0.000,-0.000,0.000,1.0000,0.0000,0.0000,0.0000,-23.45,-44.50,-39.20,0.00,86133.1,0,0.00,0.00,3
18564,-0.052,-0.051,-2.997,-0.000,0.000,-0.000,0.000,-0.000,0.000,1.0000,0.0000,0.0000,0.0000,-23.47,-44.41,-39.20,0.00,86133.1,0,0.00,0.00,3
18584,-0.052,-0.051,-2.997,-0.000,0.000,-0.000,0.000,-0.000,0.000,1.0000,0.0000,0.0000,0.0000,-23.48,-44.32,-39.20,0.00,86133.1,0,0.00,0.00,3
18604,-0.052,-0.051,-2.997,-0.000,0.000,-0.000,0.000,-0.000,0.000,1.0000,0.0000,0.0000,0.0000,-23.49,-44.23,-39.20,0.00,86133.1,0,0.00,0.00,3
18624,-0.052,-0.051,-2.997,-0.000,0.000,-0.000,0.000,-0.000,0.000,1.0000,0.0000,0.0000,0.0000,-23.50,-44.14,-39.20,0.00,86133.1,0,0.00,0.00,3
18644,-0.052,-0.051,-2.997,-0.000,0.000,-0.000,0.000,-0.000,0.000,1.0000,0.0000,0.0000,0.0000,-23.50,-44.05,-39.20,0.00,86133.1,0,0.00,0.00,3
18664,-0.052,-0.051,-2.997,-0.000,0.000,-0.000,0.000,-0.000,0.000,1.0000,0.0000,0.0000,0.0000,-23.49,-43.96,-39.20,0.00,86133.1,0,0.00,0.00,3
18684,-0.052,-0.051,-2.997,-0.000,0.000,-0.000,0.000,-0.000,0.000,1.0000,0.0000,0.0000,0.0000,-23.49,-43.87,-39.20,0.00,86133.1,0,0.00,0.00,3
18704,-0.052,-0.051,-2.997,-0.000,0.000,-0.000,0.000,-0.000,0.000,1.0000,0.0000,0.0000,0.0000,-23.48,-43.78,-39.20,0.00,86133.1,0,0.00,0.00,3
18724,-0.052,-0.051,-2.997,-0.000,0.000,-0.000,0.000,-0.000,0.000,1.0000,0.0000,0.0000,0.0000,-23.47,-43.69,-39.20,0.00,86133.1,0,0.00,0.00,3
18744,-0.052,-0.051,-2.997,-0.000,0.000,-0.000,0.000,-0.000,0.000,1.0000,0.0000,0.0000,0.0000,-23.45,-43.60,-39.20,0.00,86133.1,0,0.00,0.00,3
18764,-0.052,-0.051,-2.997,-0.000,0.000,-0.000,0.000,-0.000,0.000,1.0000,0.0000,0.0000,0.0000,-23.44,-43.52,-39.20,0.00,86133.1,0,0.00,0.00,3
18784,-0.052,-0.051,-2.997,-0.000,0.000,-0.000,0.000,-0.000,0.000,1.0000,0.0000,0.0000,0.0000,-23.42,-43.43,-39.20,0.00,86133.1,0,0.00,0.00,3
18804,-0.052,-0.051,-2.997,-0.000,0.000,-0.000,0.000,-0.000,0.000,1.0000,0.0000,0.0000,0.0000,-23.40,-43.35,-39.20,0.00,86133.1,0,0.00,0.00,3
18824,-0.052,-0.051,-2.997,-0.000,0.000,-0.000,0.000,-0.000,0.000,1.0000,0.0000,0.0000,0.0000,-23.37,-43.26,-39.20,0.00,86133.1,0,0.00,0.00,3
18844,-0.052,-0.051,-2.997,-0.000,0.000,-0.000,0.000,-0.000,0.000,1.0000,0.0000,0.0000,0.0000,-23.35,-43.18,-39.20,0.00,86133.1,0,0.00,0.00,3
18864,-0.052,-0.051,-2.997,-0.000,0.000,-0.000,0.000,-0.000,0.000,1.0000,0.0000,0.0000,0.0000,-23.33,-43.10,-39.20,0.00,86133.1,0,0.00,0.00,3
18884,-0.052,-0.051,-2.997,-0.000,0.000,-0.000,0.000,-0.000,0.000,1.0000,0.0000,0.0000,0.0000,-23.30,-43.03,-39.20,0.00,86133.1,0,0.00,0.00,3
18904,-0.052,-0.051,-2.997,-0.000,0.000,-0.000,0.000,-0.000,0.000,1.0000,0.0000,0.0000,0.0000,-23.27,-42.95,-39.20,0.00,86133.1,0,0.00,0.00,3
18924,-0.052,-0.051,-2.997,-0.000,0.000,-0.000,0.000,-0.000,0.000,1.0000,0.0000,0.0000,0.0000,-23.24,-42.88,-39.20,0.00,86133.1,0,0.00,0.00,3
18944,-0.052,-0.051,-2.997,-0.000,0.000,-0.000,0.000,-0.000,0.000,1.0000,0.0000,0.0000,0.0000,-23.21,-42.81,-39.20,0.00,86133.1,0,0.00,0.00,3
18964,-0.052,-0.051,-2.997,-0.000,0.000,-0.000,0.000,-0.000,0.000,1.0000,0.0000,0.0000,0.0000,-23.18,-42.74,-39.20,0.00,86133.1,0,0.00,0.00,3
18984,-0.052,-0.051,-2.997,-0.000,0.000,-0.000,0.000,-0.000,0.000,1.0000,0.0000,0.0000,0.0000,-23.15,-42.67,-39.20,0.00,86133.1,0,0.00,0.00,3
19004,-0.052,-0.051,-2.997,-0.000,0.000,-0.000,0.000,-0.000,0.000,1.0000,0.0000,0.0000,0.0000,-23.12,-42.61,-39.20,0.00,86133.1,0,0.00,0.00,3
19024,-0.052,-0.051,-2.997,-0.000,0.000,-0.000,0.000,-0.000,0.000,1.0000,0.0000,0.0000,0.0000,-23.09,-42.55,-39.20,0.00,86133.1,0,0.00,0.00,3
19044,-0.052,-0.051,-2.997,-0.000,0.000,-0.000,0.000,-0.000,0.000,1.0000,0.0000,0.0000,0.0000,-23.06,-42.49,-39.20,0.00,86133.1,0,0.00,0.00,3
19064,-0.052,-0.051,-2.997,-0.000,0.000,-0.000,0.000,-0.000,0.000,1.0000,0.0000,0.0000,0.0000,-23.03,-42.43,-39.20,0.00,86133.1,0,0.00,0.00,3
19084,-0.052,-0.051,-2.997,-0.000,0.000,-0.000,0.000,-0.000,0.000,1.0000,0.0000,0.0000,0.0000,-23.00,-42.37,-39.20,0.00,86133.1,0,0.00,0.00,3
19104,-0.052,-0.051,-2.997,-0.000,0.000,-0.000,0.000,-0.000,0.000,1.0000,0.0000,0.0000,0.0000,-22.97,-42.32,-39.20,0.00,86133.1,0,0.00,0.00,3
19124,-0.052,-0.051,-2.997,-0.000,0.000,-0.000,0.000,-0.000,0.000,1.0000,0.0000,0.0000,0.0000,-22.94,-42.27,-39.20,0.00,86133.1,0,0.00,0.00,3
19144,-0.052,-0.051,-2.997,-0.000,0.000,-0.000,0.000,-0.000,0.000,1.0000,0.0000,0.0000,0.0000,-22.91,-42.22,-39.20,0.00,86133.1,0,0.00,0.00,3
19164,-0.052,-0.051,-2.997,-0.000,0.000,-0.000,0.000,-0.000,0.000,1.0000,0.0000,0.0000,0.0000,-22.88,-42.17,-39.20,0.00,86133.1,0,0.00,0.00,3
19184,-0.052,-0.051,-2.997,-0.000,0.000,-0.000,0.000,-0.000,0.000,1.0000,0.0000,0.0000,0.0000,-22.85,-42.13,-39.20,0.00,86133.1,0,0.00,0.00,3
19204,-0.052,-0.051,-2.997,-0.000,0.000,-0.000,0.000,-0.000,0.000,1.0000,0.0000,0.0000,0.0000,-22.82,-42.09,-39.20,0.00,86133.1,0,0.00,0.00,3
19224,-0.052,-0.051,-2.997,-0.000,0.000,-0.000,0.000,-0.000,0.000,1.0000,0.0000,0.0000,0.0000,-22.79,-42.05,-39.20,0.00,86133.1,0,0.00,0.00,3
19244,-0.052,-0.051,-2.997,-0.000,0.000,-0.000,0.000,-0.000,0.000,1.0000,0.0000,0.0000,0.0000,-22.76,-42.01,-39.20,0.00,86133.1,0,0.00,0.00,3
19264,-0.052,-0.051,-2.997,-0.000,0.000,-0.000,0.000,-0.000,0.000,1.0000,0.0000,0.0000,0.0000,-22.73,-41.97,-39.20,0.00,86133.1,0,0.00,0.00,3
19284,-0.052,-0.051,-2.997,-0.000,0.000,-0.000,0.000,-0.000,0.000,1.0000,0.0000,0.0000,0.0000,-22.70,-41.94,-39.20,0.00,86133.1,0,0.00,0.00,3
19304,-0.052,-0.051,-2.997,-0.000,0.000,-0.000,0.000,-0.000,0.000,1.0000,0.0000,0.0000,0.0000,-22.68,-41.90,-39.20,0.00,86133.1,0,0.00,0.00,3
19324,-0.052,-0.051,-2.997,-0.000,0.000,-0.000,0.000,-0.000,0.000,1.0000,0.0000,0.0000,0.0000,-22.65,-41.87,-39.20,0.00,86133.1,0,0.00,0.00,3
19344,-0.052,-0.051,-2.997,-0.000,0.000,-0.000,0.000,-0.000,0.000,1.0000,0.0000,0.0000,0.0000,-22.63,-41.84,-39.20,0.00,86133.1,0,0.00,0.00,3
19364,-0.052,-0.051,-2.997,-0.000,0.000,-0.000,0.000,-0.000,0.000,1.0000,0.0000,0.0000,0.0000,-22.60,-41.82,-39.20,0.00,86133.1,0,0.00,0.00,3
19384,-0.052,-0.051,-2.997,-0.000,0.000,-0.000,0.000,-0.000,0.000,1.0000,0.0000,0.0000,0.0000,-22.58,-41.79,-39.20,0.00,86133.1,0,0.00,0.00,3
19404,-0.052,-0.051,-2.997,-0.000,0.000,-0.000,0.000,-0.000,0.000,1.0000,0.0000,0.0000,0.0000,-22.56,-41.77,-39.20,0.00,86133.1,0,0.00,0.00,3
19424,-0.052,-0.051,-2.997,-0.000,0.000,-0.000,0.000,-0.000,0.000,1.0000,0.0000,0.0000,0.0000,-22.53,-41.74,-39.20,0.00,86133.1,0,0.00,0.00,3
19444,-0.052,-0.051,-2.997,-0.000,0.000,-0.000,0.000,-0.000,0.000,1.0000,0.0000,0.0000,0.0000,-22.51,-41.72,-39.20,0.00,86133.1,0,0.00,0.00,3
19464,-0.052,-0.051,-2.997,-0.000,0.000,-0.000,0.000,-0.000,0.000,1.0000,0.0000,0.0000,0.0000,-22.49,-41.70,-39.20,0.00,86133.1,0,0.00,0.00,3
19484,-0.052,-0.051,-2.997,-0.000,0.000,-0.000,0.000,-0.000,0.000,1.0000,0.0000,0.0000,0.0000,-22.47,-41.68,-39.20,0.00,86133.1,0,0.00,0.00,3
19504,-0.052,-0.051,-2.997,-0.000,0.000,-0.000,0.000,-0.000,0.000,1.0000,0.0000,0.0000,0.0000,-22.45,-41.67,-39.20,0.00,86133.1,0,0.00,0.00,3
19524,-0.052,-0.051,-2.997,-0.000,0.000,-0.000,0.000,-0.000,0.000,1.0000,0.0000,0.0000,0.0000,-22.43,-41.65,-39.20,0.00,86133.1,0,0.00,0.00,3
19544,-0.052,-0.051,-2.997,-0.000,0.000,-0.000,0.000,-0.000,0.000,1.0000,0.0000,0.0000,0.0000,-22.42,-41.64,-39.20,0.00,86133.1,0,0.00,0.00,3
19564,-0.052,-0.051,-2.997,-0.000,0.000,-0.000,0.000,-0.000,0.000,1.0000,0.0000,0.0000,0.0000,-22.40,-41.62,-39.20,0.00,86133.1,0,0.00,0.00,3
19584,-0.052,-0.051,-2.997,-0.000,0.000,-0.000,0.000,-0.000,0.000,1.0000,0.0000,0.0000,0.0000,-22.38,-41.61,-39.20,0.00,86133.1,0,0.00,0.00,3
19604,-0.052,-0.051,-2.997,-0.000,0.000,-0.000,0.000,-0.000,0.000,1.0000,0.0000,0.0000,0.0000,-22.37,-41.60,-39.20,0.00,86133.1,0,0.00,0.00,3
19624,-0.052,-0.051,-2.997,-0.000,0.000,-0.000,0.000,-0.000,0.000,1.0000,0.0000,0.0000,0.0000,-22.35,-41.59,-39.20,0.00,86133.1,0,0.00,0.00,3
19644,-0.052,-0.051,-2.997,-0.000,0.000,-0.000,0.000,-0.000,0.000,1.0000,0.0000,0.0000,0.0000,-22.34,-41.58,-39.20,0.00,86133.1,0,0.00,0.00,3
19664,-0.052,-0.051,-2.997,-0.000,0.000,-0.000,0.000,-0.000,0.000,1.0000,0.0000,0.0000,0.0000,-22.32,-41.58,-39.20,0.00,86133.1,0,0.00,0.00,3
19684,-0.052,-0.051,-2.997,-0.000,0.000,-0.000,0.000,-0.000,0.000,1.0000,0.0000,0.0000,0.0000,-22.31,-41.57,-39.20,0.00,86133.1,0,0.00,0.00,3
19704,-0.052,-0.051,-2.997,-0.000,0.000,-0.000,0.000,-0.000,0.000,1.0000,0.0000,0.0000,0.0000,-22.30,-41.56,-39.20,0.00,86133.1,0,0.00,0.00,3
19724,-0.052,-0.051,-2.997,-0.000,0.000,-0.000,0.000,-0.000,0.000,1.0000,0.0000,0.0000,0.0000,-22.29,-41.56,-39.20,0.00,86133.1,0,0.00,0.00,3
19744,-0.052,-0.051,-2.997,-0.000,0.000,-0.000,0.000,-0.000,0.000,1.0000,0.0000,0.0000,0.0000,-22.28,-41.55,-39.20,0.00,86133.1,0,0.00,0.00,3
19764,-0.052,-0.051,-2.997,-0.000,0.000,-0.000,0.000,-0.000,0.000,1.0000,0.0000,0.0000,0.0000,-22.26,-41.55,-39.20,0.00,86133.1,0,0.00,0.00,3
19784,-0.052,-0.051,-2.997,-0.000,0.000,-0.000,0.000,-0.000,0.000,1.0000,0.0000,0.0000,0.0000,-22.26,-41.55,-39.20,0.00,86133.1,0,0.00,0.00,3
19804,-0.052,-0.051,-2.997,-0.000,0.000,-0.000,0.000,-0.000,0.000,1.0000,0.0000,0.0000,0.0000,-22.25,-41.54,-39.20,0.00,86133.1,0,0.00,0.00,3
19824,-0.052,-0.051,-2.997,-0.000,0.000,-0.000,0.000,-0.000,0.000,1.0000,0.0000,0.0000,0.0000,-22.24,-41.54,-39.20,0.00,86133.1,0,0.00,0.00,3
19844,-0.052,-0.051,-2.997,-0.000,0.000,-0.000,0.000,-0.000,0.000,1.0000,0.0000,0.0000,0.0000,-22.23,-41.54,-39.20,0.00,86133.1,0,0.00,0.00,3
19864,-0.052,-0.051,-2.997,-0.000,0.000,-0.000,0.000,-0.000,0.000,1.0000,0.0000,0.0000,0.0000,-22.22,-41.54,-39.20,0.00,86133.1,0,0.00,0.00,3
19884,-0.052,-0.051,-2.997,-0.000,0.000,-0.000,0.000,-0.000,0.000,1.0000,0.0000,0.0000,0.0000,-22.21,-41.54,-39.20,0.00,86133.1,0,0.00,0.00,3
19904,-0.052,-0.051,-2.997,-0.000,0.000,-0.000,0.000,-0.000,0.000,1.0000,0.0000,0.0000,0.0000,-22.21,-41.54,-39.20,0.00,86133.1,0,0.00,0.00,3
19924,-0.052,-0.051,-2.997,-0.000,0.000,-0.000,0.000,-0.000,0.000,1.0000,0.0000,0.0000,0.0000,-22.20,-41.54,-39.20,0.00,86133.1,0,0.00,0.00,3
19944,-0.052,-0.051,-2.997,-0.000,0.000,-0.000,0.000,-0.000,0.000,1.0000,0.0000,0.0000,0.0000,-22.20,-41.54,-39.20,0.00,86133.1,0,0.00,0.00,3
19964,-0.052,-0.051,-2.997,-0.000,0.000,-0.000,0.000,-0.000,0.000,1.0000,0.0000,0.0000,0.0000,-22.19,-41.54,-39.20,0.00,86133.1,0,0.00,0.00,3
19984,-0.052,-0.051,-2.997,-0.000,0.000,-0.000,0.000,-0.000,0.000,1.0000,0.0000,0.0000,0.0000,-22.19,-41.55,-39.20,0.00,86133.1,0,0.00,0.00,3
20004,-0.052,-0.051,-2.997,-0.000,0.000,-0.000,0.000,-0.000,0.000,1.0000,0.0000,0.0000,0.0000,-22.18,-41.55,-39.20,0.00,86133.1,0,0.00,0.00,3
20024,-0.052,-0.051,-2.997,-0.000,0.000,-0.000,0.000,-0.000,0.000,1.0000,0.0000,0.0000,0.0000,-22.18,-41.55,-39.20,0.00,86133.1,0,0.00,0.00,3
20044,-0.052,-0.051,-2.997,-0.000,0.000,-0.000,0.000,-0.000,0.000,1.0000,0.0000,0.0000,0.0000,-22.17,-41.55,-39.20,0.00,86133.1,0,0.00,0.00,3
20064,-0.052,-0.051,-2.997,-0.000,0.000,-0.000,0.000,-0.000,0.000,1.0000,0.0000,0.0000,0.0000,-22.17,-41.56,-39.20,0.00,86133.1,0,0.00,0.00,3
20084,-0.052,-0.051,-2.997,-0.000,0.000,-0.000,0.000,-0.000,0.000,1.0000,0.0000,0.0000,0.0000,-22.17,-41.56,-39.20,0.00,86133.1,0,0.00,0.00,3
20104,-0.052,-0.051,-2.997,-0.000,0.000,-0.000,0.000,-0.000,0.000,1.0000,0.0000,0.0000,0.0000,-22.16,-41.56,-39.20,0.00,86133.1,0,0.00,0.00,3
20124,-0.052,-0.051,-2.997,-0.000,0.000,-0.000,0.000,-0.000,0.000,1.0000,0.0000,0.0000,0.0000,-22.16,-41.57,-39.20,0.00,86133.1,0,0.00,0.00,3
20144,-0.052,-0.051,-2.997,-0.000,0.000,-0.000,0.000,-0.000,0.000,1.0000,0.0000,0.0000,0.0000,-22.16,-41.57,-39.20,0.00,86133.1,0,0.00,0.00,3
20164,-0.052,-0.051,-2.997,-0.000,0.000,-0.000,0.000,-0.000,0.000,1.0000,0.0000,0.0000,0.0000,-22.16,-41.57,-39.20,0.00,86133.1,0,0.00,0.00,3
20184,-0.052,-0.051,-2.997,-0.000,0.000,-0.000,0.000,-0.000,0.000,1.0000,0.0000,0.0000,0.0000,-22.16,-41.58,-39.20,0.00,86133.1,0,0.00,0.00,3
20204,-0.052,-0.051,-2.997,-0.000,0.000,-0.000,0.000,-0.000,0.000,1.0000,0.0000,0.0000,0.0000,-22.15,-41.58,-39.20,0.00,86133.1,0,0.00,0.00,3
20224,-0.052,-0.051,-2.997,-0.000,0.000,-0.000,0.000,-0.000,0.000,1.0000,0.0000,0.0000,0.0000,-22.15,-41.59,-39.20,0.00,86133.1,0,0.00,0.00,3
20244,-0.052,-0.051,-2.997,-0.000,0.000,-0.000,0.000,-0.000,0.000,1.0000,0.0000,0.0000,0.0000,-22.15,-41.59,-39.20,0.00,86133.1,0,0.00,0.00,3
20264,-0.052,-0.051,-2.997,-0.000,0.000,-0.000,0.000,-0.000,0.000,1.0000,0.0000,0.0000,0.0000,-22.15,-41.59,-39.20,0.00,86133.1,0,0.00,0.00,3
20284,-0.052,-0.051,-2.997,-0.000,0.000,-0.000,0.000,-0.000,0.000,1.0000,0.0000,0.0000,0.0000,-22.15,-41.60,-39.20,0.00,86133.1,0,0.00,0.00,3
20304,-0.052,-0.051,-2.997,-0.000,0.000,-0.000,0.000,-0.000,0.000,1.0000,0.0000,0.0000,0.0000,-22.15,-41.60,-39.20,0.00,86133.1,0,0.00,0.00,3
20324,-0.052,-0.051,-2.997,-0.000,0.000,-0.000,0.000,-0.000,0.000,1.0000,0.0000,0.0000,0.0000,-22.15,-41.61,-39.20,0.00,86133.1,0,0.00,0.00,3
20344,-0.052,-0.051,-2.997,-0.000,0.000,-0.000,0.000,-0.000,0.000,1.0000,0.0000,0.0000,0.0000,-22.15,-41.61,-39.20,0.00,86133.1,0,0.00,0.00,3
20364,-0.052,-0.051,-2.997,-0.000,0.000,-0.000,0.000,-0.000,0.000,1.0000,0.0000,0.0000,0.0000,-22.15,-41.61,-39.20,0.00,86133.1,0,0.00,0.00,3
20384,-0.052,-0.051,-2.997,-0.000,0.000,-0.000,0.000,-0.000,0.000,1.0000,0.0000,0.0000,0.0000,-22.15,-41.62,-39.20,0.00,86133.1,0,0.00,0.00,3
20404,-0.052,-0.051,-2.997,-0.000,0.000,-0.000,0.000,-0.000,0.000,1.0000,0.0000,0.0000,0.0000,-22.15,-41.62,-39.20,0.00,86133.1,0,0.00,0.00,3
20424,-0.052,-0.051,-2.997,-0.000,0.000,-0.000,0.000,-0.000,0.000,1.0000,0.0000,0.0000,0.0000,-22.15,-41.63,-39.20,0.00,86133.1,0,0.00,0.00,3
20444,-0.052,-0.051,-2.997,-0.000,0.000,-0.000,0.000,-0.000,0.000,1.0000,0.0000,0.0000,0.0000,-22.15,-41.63,-39.20,0.00,86133.1,0,0.00,0.00,3
20464,-0.052,-0.051,-2.997,-0.000,0.000,-0.000,0.000,-0.000,0.000,1.0000,0.0000,0.0000,0.0000,-22.15,-41.63,-39.20,0.00,86133.1,0,0.00,0.00,3
20484,-0.052,-0.051,-2.997,-0.000,0.000,-0.000,0.000,-0.000,0.000,1.0000,0.0000,0.0000,0.0000,-22.15,-41.64,-39.20,0.00,86133.1,0,0.00,0.00,3
20504,-0.052,-0.051,-2.997,-0.000,0.000,-0.000,0.000,-0.000,0.000,1.0000,0.0000,0.0000,0.0000,-22.16,-41.64,-39.20,0.00,86133.1,0,0.00,0.00,3
20524,-0.052,-0.051,-2.997,-0.000,0.000,-0.000,0.000,-0.000,0.000,1.0000,0.0000,0.0000,0.0000,-22.16,-41.65,-39.20,0.00,86133.1,0,0.00,0.00,3
20544,-0.052,-0.051,-2.997,-0.000,0.000,-0.000,0.000,-0.000,0.000,1.0000,0.0000,0.0000,0.0000,-22.16,-41.65,-39.20,0.00,86133.1,0,0.00,0.00,3
20564,-0.052,-0.051,-2.997,-0.000,0.000,-0.000,0.000,-0.000,0.000,1.0000,0.0000,0.0000,0.0000,-22.16,-41.65,-39.20,0.00,86133.1,0,0.00,0.00,3
20584,-0.052,-0.051,-2.997,-0.000,0.000,-0.000,0.000,-0.000,0.000,1.0000,0.0000,0.0000,0.0000,-22.16,-41.66,-39.20,0.00,86133.1,0,0.00,0.00,3
20604,-0.052,-0.051,-2.997,-0.000,0.000,-0.000,0.000,-0.000,0.000,1.0000,0.0000,0.0000,0.0000,-22.16,-41.66,-39.20,0.00,86133.1,0,0.00,0.00,3
20624,-0.052,-0.051,-2.997,-0.000,0.000,-0.000,0.000,-0.000,0.000,1.0000,0.0000,0.0000,0.0000,-22.16,-41.66,-39.20,0.00,86133.1,0,0.00,0.00,3
20644,-0.052,-0.051,-2.997,-0.000,0.000,-0.000,0.000,-0.000,0.000,1.0000,0.0000,0.0000,0.0000,-22.16,-41.67,-39.20,0.00,86133.1,0,0.00,0.00,3
20664,-0.052,-0.051,-2.997,-0.000,0.000,-0.000,0.000,-0.000,0.000,1.0000,0.0000,0.0000,0.0000,-22.16,-41.67,-39.20,0.00,86133.1,0,0.00,0.00,3
20684,-0.052,-0.051,-2.997,-0.000,0.000,-0.000,0.000,-0.000,0.000,1.0000,0.0000,0.0000,0.0000,-22.17,-41.67,-39.20,0.00,86133.1,0,0.00,0.00,3
20704,-0.052,-0.051,-2.997,-0.000,0.000,-0.000,0.000,-0.000,0.000,1.0000,0.0000,0.0000,0.0000,-22.17,-41.68,-39.20,0.00,86133.1,0,0.00,0.00,3
20724,-0.052,-0.051,-2.997,-0.000,0.000,-0.000,0.000,-0.000,0.000,1.0000,0.0000,0.0000,0.0000,-22.17,-41.68,-39.20,0.00,86133.1,0,0.00,0.00,3
20744,-0.052,-0.051,-2.997,-0.000,0.000,-0.000,0.000,-0.000,0.000,1.0000,0.0000,0.0000,0.0000,-22.17,-41.68,-39.20,0.00,86133.1,0,0.00,0.00,3
20764,-0.052,-0.051,-2.997,-0.000,0.000,-0.000,0.000,-0.000,0.000,1.0000,0.0000,0.0000,0.0000,-22.17,-41.69,-39.20,0.00,86133.1,0,0.00,0.00,3
20784,-0.052,-0.051,-2.997,-0.000,0.000,-0.000,0.000,-0.000,0.000,1.0000,0.0000,0.0000,0.0000,-22.17,-41.69,-39.20,0.00,86133.1,0,0.00,0.00,3
20804,-0.052,-0.051,-2.997,-0.000,0.000,-0.000,0.000,-0.000,0.000,1.0000,0.0000,0.0000,0.0000,-22.17,-41.69,-39.20,0.00,86133.1,0,0.00,0.00,3
20824,-0.052,-0.051,-2.997,-0.000,0.000,-0.000,0.000,-0.000,0.000,1.0000,0.0000,0.0000,0.0000,-22.18,-41.69,-39.20,0.00,86133.1,0,0.00,0.00,3
20844,-0.052,-0.051,-2.997,-0.000,0.000,-0.000,0.000,-0.000,0.000,1.0000,0.0000,0.0000,0.0000,-22.18,-41.70,-39.20,0.00,86133.1,0,0.00,0.00,3
20864,-0.052,-0.051,-2.997,-0.000,0.000,-0.000,0.000,-0.000,0.000,1.0000,0.0000,0.0000,0.0000,-22.18,-41.70,-39.20,0.00,86133.1,0,0.00,0.00,3
20884,-0.052,-0.051,-2.997,-0.000,0.000,-0.000,0.000,-0.000,0.000,1.0000,0.0000,0.0000,0.0000,-22.18,-41.70,-39.20,0.00,86133.1,0,0.00,0.00,3
20904,-0.052,-0.051,-2.997,-0.000,0.000,-0.000,0.000,-0.000,0.000,1.0000,0.0000,0.0000,0.0000,-22.18,-41.70,-39.20,0.00,86133.1,0,0.00,0.00,3
20924,-0.052,-0.051,-2.997,-0.000,0.000,-0.000,0.000,-0.000,0.000,1.0000,0.0000,0.0000,0.0000,-22.18,-41.70,-39.20,0.00,86133.1,0,0.00,0.00,3
20944,-0.052,-0.051,-2.997,-0.000,0.000,-0.000,0.000,-0.000,0.000,1.0000,0.0000,0.0000,0.0000,-22.18,-41.71,-39.20,0.00,86133.1,0,0.00,0.00,3
20964,-0.052,-0.051,-2.997,-0.000,0.000,-0.000,0.000,-0.000,0.000,1.0000,0.0000,0.0000,0.0000,-22.18,-41.71,-39.20,0.00,86133.1,0,0.00,0.00,3
20984,-0.052,-0.051,-2.997,-0.000,0.000,-0.000,0.000,-0.000,0.000,1.0000,0.0000,0.0000,0.0000,-22.19,-41.71,-39.20,0.00,86133.1,0,0.00,0.00,3
21004,-0.052,-0.051,-2.997,-0.000,0.000,-0.000,0.000,-0.000,0.000,1.0000,0.0000,0.0000,0.0000,-22.19,-41.71,-39.20,0.00,86133.1,0,0.00,0.00,3
21024,-0.052,-0.051,-2.997,-0.000,0.000,-0.000,0.000,-0.000,0.000,1.0000,0.0000,0.0000,0.0000,-22.19,-41.71,-39.20,0.00,86133.1,0,0.00,0.00,3
21044,-0.052,-0.051,-2.997,-0.000,0.000,-0.000,0.000,-0.000,0.000,1.0000,0.0000,0.0000,0.0000,-22.19,-41.71,-39.20,0.00,86133.1,0,0.00,0.00,3
21064,-0.052,-0.051,-2.997,-0.000,0.000,-0.000,0.000,-0.000,0.000,1.0000,0.0000,0.0000,0.0000,-22.19,-41.72,-39.20,0.00,86133.1,0,0.00,0.00,3
21084,-0.052,-0.051,-2.997,-0.000,0.000,-0.000,0.000,-0.000,0.000,1.0000,0.0000,0.0000,0.0000,-22.19,-41.72,-39.20,0.00,86133.1,0,0.00,0.00,3
21104,-0.052,-0.051,-2.997,-0.000,0.000,-0.000,0.000,-0.000,0.000,1.0000,0.0000,0.0000,0.0000,-22.19,-41.72,-39.20,0.00,86133.1,0,0.00,0.00,3
21124,-0.052,-0.051,-2.997,-0.000,0.000,-0.000,0.000,-0.000,0.000,1.0000,0.0000,0.0000,0.0000,-22.19,-41.72,-39.20,0.00,86133.1,0,0.00,0.00,3
21144,-0.052,-0.051,-2.997,-0.000,0.000,-0.000,0.000,-0.000,0.000,1.0000,0.0000,0.0000,0.0000,-22.19,-41.72,-39.20,0.00,86133.1,0,0.00,0.00,3
21164,-0.052,-0.051,-2.997,-0.000,0.000,-0.000,0.000,-0.000,0.000,1.0000,0.0000,0.0000,0.0000,-22.19,-41.72,-39.20,0.00,86133.1,0,0.00,0.00,3
21184,-0.052,-0.051,-2.997,-0.000,0.000,-0.000,0.000,-0.000,0.000,1.0000,0.0000,0.0000,0.0000,-22.20,-41.72,-39.20,0.00,86133.1,0,0.00,0.00,3
21204,-0.052,-0.051,-2.997,-0.000,0.000,-0.000,0.000,-0.000,0.000,1.0000,0.0000,0.0000,0.0000,-22.20,-41.72,-39.20,0.00,86133.1,0,0.00,0.00,3
21224,-0.052,-0.051,-2.997,-0.000,0.000,-0.000,0.000,-0.000,0.000,1.0000,0.0000,0.0000,0.0000,-22.20,-41.72,-39.20,0.00,86133.1,0,0.00,0.00,3
21244,-0.052,-0.051,-2.997,-0.000,0.000,-0.000,0.000,-0.000,0.000,1.0000,0.0000,0.0000,0.0000,-22.20,-41.73,-39.20,0.00,86133.1,0,0.00,0.00,3
21264,-0.052,-0.051,-2.997,-0.000,0.000,-0.000,0.000,-0.000,0.000,1.0000,0.0000,0.0000,0.0000,-22.20,-41.73,-39.20,0.00,86133.1,0,0.00,0.00,3
21284,-0.052,-0.051,-2.997,-0.000,0.000,-0.000,0.000,-0.000,0.000,1.0000,0.0000,0.0000,0.0000,-22.20,-41.73,-39.20,0.00,86133.1,0,0.00,0.00,3
21304,-0.052,-0.051,-2.997,-0.000,0.000,-0.000,0.000,-0.000,0.000,1.0000,0.0000,0.0000,0.0000,-22.20,-41.73,-39.20,0.00,86133.1,0,0.00,0.00,3
21324,-0.052,-0.051,-2.997,-0.000,0.000,-0.000,0.000,-0.000,0.000,1.0000,0.0000,0.0000,0.0000,-22.20,-41.73,-39.20,0.00,86133.1,0,0.00,0.00,3
21344,-0.052,-0.051,-2.997,-0.000,0.000,-0.000,0.000,-0.000,0.000,1.0000,0.0000,0.0000,0.0000,-22.20,-41.73,-39.20,0.00,86133.1,0,0.00,0.00,3
21364,-0.052,-0.051,-2.997,-0.000,0.000,-0.000,0.000,-0.000,0.000,1.0000,0.0000,0.0000,0.0000,-22.20,-41.73,-39.20,0.00,86133.1,0,0.00,0.00,3
21384,-0.052,-0.051,-2.997,-0.000,0.000,-0.000,0.000,-0.000,0.000,1.0000,0.0000,0.0000,0.0000,-22.20,-41.73,-39.20,0.00,86133.1,0,0.00,0.00,3
21404,-0.052,-0.051,-2.997,-0.000,0.000,-0.000,0.000,-0.000,0.000,1.0000,0.0000,0.0000,0.0000,-22.20,-41.73,-39.20,0.00,86133.1,0,0.00,0.00,3
21424,-0.052,-0.051,-2.997,-0.000,0.000,-0.000,0.000,-0.000,0.000,1.0000,0.0000,0.0000,0.0000,-22.20,-41.73,-39.20,0.00,86133.1,0,0.00,0.00,3
21444,-0.052,-0.051,-2.997,-0.000,0.000,-0.000,0.000,-0.000,0.000,1.0000,0.0000,0.0000,0.0000,-22.21,-41.73,-39.20,0.00,86133.1,0,0.00,0.00,3
21464,-0.052,-0.051,-2.997,-0.000,0.000,-0.000,0.000,-0.000,0.000,1.0000,0.0000,0.0000,0.0000,-22.21,-41.73,-39.20,0.00,86133.1,0,0.00,0.00,3
21484,-0.052,-0.051,-2.997,-0.000,0.000,-0.000,0.000,-0.000,0.000,1.0000,0.0000,0.0000,0.0000,-22.21,-41.73,-39.20,0.00,86133.1,0,0.00,0.00,3
21504,-0.052,-0.051,-2.997,-0.000,0.000,-0.000,0.000,-0.000,0.000,1.0000,0.0000,0.0000,0.0000,-22.21,-41.73,-39.20,0.00,86133.1,0,0.00,0.00,3
21524,-0.052,-0.051,-2.997,-0.000,0.000,-0.000,0.000,-0.000,0.000,1.0000,0.0000,0.0000,0.0000,-22.21,-41.73,-39.20,0.00,86133.1,0,0.00,0.00,3
21544,-0.052,-0.051,-2.997,-0.000,0.000,-0.000,0.000,-0.000,0.000,1.0000,0.0000,0.0000,0.0000,-22.21,-41.73,-39.20,0.00,86133.1,0,0.00,0.00,3
21564,-0.052,-0.051,-2.997,-0.000,0.000,-0.000,0.000,-0.000,0.000,1.0000,0.0000,0.0000,0.0000,-22.21,-41.73,-39.20,0.00,86133.1,0,0.00,0.00,3
21584,-0.052,-0.051,-2.997,-0.000,0.000,-0.000,0.000,-0.000,0.000,1.0000,0.0000,0.0000,0.0000,-22.21,-41.73,-39.20,0.00,86133.1,0,0.00,0.00,3
21604,-0.052,-0.051,-2.997,-0.000,0.000,-0.000,0.000,-0.000,0.000,1.0000,0.0000,0.0000,0.0000,-22.21,-41.73,-39.20,0.00,86133.1,0,0.00,0.00,3
21624,-0.052,-0.051,-2.997,-0.000,0.000,-0.000,0.000,-0.000,0.000,1.0000,0.0000,0.0000,0.0000,-22.21,-41.73,-39.20,0.00,86133.1,0,0.00,0.00,3
21644,-0.052,-0.051,-2.997,-0.000,0.000,-0.000,0.000,-0.000,0.000,1.0000,0.0000,0.0000,0.0000,-22.21,-41.73,-39.20,0.00,86133.1,0,0.00,0.00,3
21664,-0.052,-0.051,-2.997,-0.000,0.000,-0.000,0.000,-0.000,0.000,1.0000,0.0000,0.0000,0.0000,-22.21,-41.73,-39.20,0.00,86133.1,0,0.00,0.00,3
21684,-0.052,-0.051,-2.997,-0.000,0.000,-0.000,0.000,-0.000,0.000,1.0000,0.0000,0.0000,0.0000,-22.21,-41.73,-39.20,0.00,86133.1,0,0.00,0.00,3
21704,-0.052,-0.051,-2.997,-0.000,0.000,-0.000,0.000,-0.000,0.000,1.0000,0.0000,0.0000,0.0000,-22.21,-41.73,-39.20,0.00,86133.1,0,0.00,0.00,3
21724,-0.052,-0.051,-2.997,-0.000,0.000,-0.000,0.000,-0.000,0.000,1.0000,0.0000,0.0000,0.0000,-22.21,-41.73,-39.20,0.00,86133.1,0,0.00,0.00,3
21744,-0.052,-0.051,-2.997,-0.000,0.000,-0.000,0.000,-0.000,0.000,1.0000,0.0000,0.0000,0.0000,-22.21,-41.73,-39.20,0.00,86133.1,0,0.00,0.00,3
21764,-0.052,-0.051,-2.997,-0.000,0.000,-0.000,0.000,-0.000,0.000,1.0000,0.0000,0.0000,0.0000,-22.21,-41.73,-39.20,0.00,86133.1,0,0.00,0.00,3
21784,-0.052,-0.051,-2.997,-0.000,0.000,-0.000,0.000,-0.000,0.000,1.0000,0.0000,0.0000,0.0000,-22.21,-41.73,-39.20,0.00,86133.1,0,0.00,0.00,3
21804,-0.052,-0.051,-2.997,-0.000,0.000,-0.000,0.000,-0.000,0.000,1.0000,0.0000,0.0000,0.0000,-22.21,-41.73,-39.20,0.00,86133.1,0,0.00,0.00,3
21824,-0.052,-0.051,-2.997,-0.000,0.000,-0.000,0.000,-0.000,0.000,1.0000,0.0000,0.0000,0.0000,-22.21,-41.73,-39.20,0.00,86133.1,0,0.00,0.00,3
21844,-0.052,-0.051,-2.997,-0.000,0.000,-0.000,0.000,-0.000,0.000,1.0000,0.0000,0.0000,0.0000,-22.21,-41.73,-39.20,0.00,86133.1,0,0.00,0.00,3
21864,-0.052,-0.051,-2.997,-0.000,0.000,-0.000,0.000,-0.000,0.000,1.0000,0.0000,0.0000,0.0000,-22.21,-41.73,-39.20,0.00,86133.1,0,0.00,0.00,3
21884,-0.052,-0.051,-2.997,-0.000,0.000,-0.000,0.000,-0.000,0.000,1.0000,0.0000,0.0000,0.0000,-22.21,-41.73,-39.20,0.00,86133.1,0,0.00,0.00,3
21904,-0.052,-0.051,-2.997,-0.000,0.000,-0.000,0.000,-0.000,0.000,1.0000,0.0000,0.0000,0.0000,-22.21,-41.73,-39.20,0.00,86133.1,0,0.00,0.00,3
21924,-0.052,-0.051,-2.997,-0.000,0.000,-0.000,0.000,-0.000,0.000,1.0000,0.0000,0.0000,0.0000,-22.21,-41.73,-39.20,0.00,86133.1,0,0.00,0.00,3
21944,-0.052,-0.051,-2.997,-0.000,0.000,-0.000,0.000,-0.000,0.000,1.0000,0.0000,0.0000,0.0000,-22.21,-41.73,-39.20,0.00,86133.1,0,0.00,0.00,3
21964,-0.052,-0.051,-2.997,-0.000,0.000,-0.000,0.000,-0.000,0.000,1.0000,0.0000,0.0000,0.0000,-22.21,-41.73,-39.20,0.00,86133.1,0,0.00,0.00,3
21984,-0.052,-0.051,-2.997,-0.000,0.000,-0.000,0.000,-0.000,0.000,1.0000,0.0000,0.0000,0.0000,-22.21,-41.73,-39.20,0.00,86133.1,0,0.00,0.00,3
22004,-0.052,-0.051,-2.997,-0.000,0.000,-0.000,0.000,-0.000,0.000,1.0000,0.0000,0.0000,0.0000,-22.21,-41.73,-39.20,0.00,86133.1,0,0.00,0.00,3
22024,-0.052,-0.051,-2.997,-0.000,0.000,-0.000,0.000,-0.000,0.000,1.0000,0.0000,0.0000,0.0000,-22.21,-41.73,-39.20,0.00,86133.1,0,0.00,0.00,3
22044,-0.052,-0.051,-2.997,-0.000,0.000,-0.000,0.000,-0.000,0.000,1.0000,0.0000,0.0000,0.0000,-22.21,-41.73,-39.20,0.00,86133.1,0,0.00,0.00,3
22064,-0.052,-0.051,-2.997,-0.000,0.000,-0.000,0.000,-0.000,0.000,1.0000,0.0000,0.0000,0.0000,-22.21,-41.73,-39.20,0.00,86133.1,0,0.00,0.00,3
22084,-0.052,-0.051,-2.997,-0.000,0.000,-0.000,0.000,-0.000,0.000,1.0000,0.0000,0.0000,0.0000,-22.21,-41.73,-39.20,0.00,86133.1,0,0.00,0.00,3
22104,-0.052,-0.051,-2.997,-0.000,0.000,-0.000,0.000,-0.000,0.000,1.0000,0.0000,0.0000,0.0000,-22.21,-41.73,-39.20,0.00,86133.1,0,0.00,0.00,3
22124,-0.052,-0.051,-2.997,-0.000,0.000,-0.000,0.000,-0.000,0.000,1.0000,0.0000,0.0000,0.0000,-22.21,-41.73,-39.20,0.00,86133.1,0,0.00,0.00,3
22144,-0.052,-0.051,-2.997,-0.000,0.000,-0.000,0.000,-0.000,0.000,1.0000,0.0000,0.0000,0.0000,-22.21,-41.73,-39.20,0.00,86133.1,0,0.00,0.00,3
22164,-0.052,-0.051,-2.997,-0.000,0.000,-0.000,0.000,-0.000,0.000,1.0000,0.0000,0.0000,0.0000,-22.21,-41.73,-39.20,0.00,86133.1,0,0.00,0.00,3
22184,-0.052,-0.051,-2.997,-0.000,0.000,-0.000,0.000,-0.000,0.000,1.0000,0.0000,0.0000,0.0000,-22.21,-41.73,-39.20,0.00,86133.1,0,0.00,0.00,3
22204,-0.052,-0.051,-2.997,-0.000,0.000,-0.000,0.000,-0.000,0.000,1.0000,0.0000,0.0000,0.0000,-22.21,-41.73,-39.20,0.00,86133.1,0,0.00,0.00,3
22224,-0.052,-0.051,-2.997,-0.000,0.000,-0.000,0.000,-0.000,0.000,1.0000,0.0000,0.0000,0.0000,-22.21,-41.73,-39.20,0.00,86133.1,0,0.00,0.00,3
22244,-0.052,-0.051,-2.997,-0.000,0.000,-0.000,0.000,-0.000,0.000,1.0000,0.0000,0.0000,0.0000,-22.21,-41.73,-39.20,0.00,86133.1,0,0.00,0.00,3
22264,-0.052,-0.051,-2.997,-0.000,0.000,-0.000,0.000,-0.000,0.000,1.0000,0.0000,0.0000,0.0000,-22.21,-41.73,-39.20,0.00,86133.1,0,0.00,0.00,3
22284,-0.052,-0.051,-2.997,-0.000,0.000,-0.000,0.000,-0.000,0.000,1.0000,0.0000,0.0000,0.0000,-22.21,-41.73,-39.20,0.00,86133.1,0,0.00,0.00,3
22304,-0.052,-0.051,-2.997,-0.000,0.000,-0.000,0.000,-0.000,0.000,1.0000,0.0000,0.0000,0.0000,-22.21,-41.73,-39.20,0.00,86133.1,0,0.00,0.00,3
22324,-0.052,-0.051,-2.997,-0.000,0.000,-0.000,0.000,-0.000,0.000,1.0000,0.0000,0.0000,0.0000,-22.21,-41.73,-39.20,0.00,86133.1,0,0.00,0.00,3
22344,-0.052,-0.051,-2.997,-0.000,0.000,-0.000,0.000,-0.000,0.000,1.0000,0.0000,0.0000,0.0000,-22.21,-41.73,-39.20,0.00,86133.1,0,0.00,0.00,3
22364,-0.052,-0.051,-2.997,-0.000,0.000,-0.000,0.000,-0.000,0.000,1.0000,0.0000,0.0000,0.0000,-22.21,-41.73,-39.20,0.00,86133.1,0,0.00,0.00,3
22384,-0.052,-0.051,-2.997,-0.000,0.000,-0.000,0.000,-0.000,0.000,1.0000,0.0000,0.0000,0.0000,-22.21,-41.73,-39.20,0.00,86133.1,0,0.00,0.00,3
22404,-0.052,-0.051,-2.997,-0.000,0.000,-0.000,0.000,-0.000,0.000,1.0000,0.0000,0.0000,0.0000,-22.21,-41.73,-39.20,0.00,86133.1,0,0.00,0.00,3
22424,-0.052,-0.051,-2.997,-0.000,0.000,-0.000,0.000,-0.000,0.000,1.0000,0.0000,0.0000,0.0000,-22.21,-41.73,-39.20,0.00,86133.1,0,0.00,0.00,3
22444,-0.052,-0.051,-2.997,-0.000,0.000,-0.000,0.000,-0.000,0.000,1.0000,0.0000,0.0000,0.0000,-22.21,-41.73,-39.20,0.00,86133.1,0,0.00,0.00,3
22464,-0.052,-0.051,-2.997,-0.000,0.000,-0.000,0.000,-0.000,0.000,1.0000,0.0000,0.0000,0.0000,-22.21,-41.73,-39.20,0.00,86133.1,0,0.00,0.00,3
22484,-0.052,-0.051,-2.997,-0.000,0.000,-0.000,0.000,-0.000,0.000,1.0000,0.0000,0.0000,0.0000,-22.21,-41.73,-39.20,0.00,86133.1,0,0.00,0.00,3
22504,-0.052,-0.051,-2.997,-0.000,0.000,-0.000,0.000,-0.000,0.000,1.0000,0.0000,0.0000,0.0000,-22.21,-41.73,-39.20,0.00,86133.1,0,0.00,0.00,3
22524,-0.052,-0.051,-2.997,-0.000,0.000,-0.000,0.000,-0.000,0.000,1.0000,0.0000,0.0000,0.0000,-22.21,-41.73,-39.20,0.00,86133.1,0,0.00,0.00,3
22544,-0.052,-0.051,-2.997,-0.000,0.000,-0.000,0.000,-0.000,0.000,1.0000,0.0000,0.0000,0.0000,-22.21,-41.73,-39.20,0.00,86133.1,0,0.00,0.00,3
22564,-0.052,-0.051,-2.997,-0.000,0.000,-0.000,0.000,-0.000,0.000,1.0000,0.0000,0.0000,0.0000,-22.21,-41.73,-39.20,0.00,86133.1,0,0.00,0.00,3
22584,-0.052,-0.051,-2.997,-0.000,0.000,-0.000,0.000,-0.000,0.000,1.0000,0.0000,0.0000,0.0000,-22.21,-41.73,-39.20,0.00,86133.1,0,0.00,0.00,3
22604,-0.052,-0.051,-2.997,-0.000,0.000,-0.000,0.000,-0.000,0.000,1.0000,0.0000,0.0000,0.0000,-22.21,-41.73,-39.20,0.00,86133.1,0,0.00,0.00,3
22624,-0.052,-0.051,-2.997,-0.000,0.000,-0.000,0.000,-0.000,0.000,1.0000,0.0000,0.0000,0.0000,-22.21,-41.73,-39.20,0.00,86133.1,0,0.00,0.00,3
22644,-0.052,-0.051,-2.997,-0.000,0.000,-0.000,0.000,-0.000,0.000,1.0000,0.0000,0.0000,0.0000,-22.21,-41.73,-39.20,0.00,86133.1,0,0.00,0.00,3
22664,-0.052,-0.051,-2.997,-0.000,0.000,-0.000,0.000,-0.000,0.000,1.0000,0.0000,0.0000,0.0000,-22.21,-41.73,-39.20,0.00,86133.1,0,0.00,0.00,3
22684,-0.052,-0.051,-2.997,-0.000,0.000,-0.000,0.000,-0.000,0.000,1.0000,0.0000,0.0000,0.0000,-22.21,-41.73,-39.20,0.00,86133.1,0,0.00,0.00,3
22704,-0.052,-0.051,-2.997,-0.000,0.000,-0.000,0.000,-0.000,0.000,1.0000,0.0000,0.0000,0.0000,-22.21,-41.73,-39.20,0.00,86133.1,0,0.00,0.00,3
22724,-0.052,-0.051,-2.997,-0.000,0.000,-0.000,0.000,-0.000,0.000,1.0000,0.0000,0.0000,0.0000,-22.21,-41.73,-39.20,0.00,86133.1,0,0.00,0.00,3
22744,-0.052,-0.051,-2.997,-0.000,0.000,-0.000,0.000,-0.000,0.000,1.0000,0.0000,0.0000,0.0000,-22.21,-41.73,-39.20,0.00,86133.1,0,0.00,0.00,3
22764,-0.052,-0.051,-2.997,-0.000,0.000,-0.000,0.000,-0.000,0.000,1.0000,0.0000,0.0000,0.0000,-22.21,-41.73,-39.20,0.00,86133.1,0,0.00,0.00,3
22784,-0.052,-0.051,-2.997,-0.000,0.000,-0.000,0.000,-0.000,0.000,1.0000,0.0000,0.0000,0.0000,-22.21,-41.73,-39.20,0.00,86133.1,0,0.00,0.00,3
22804,-0.052,-0.051,-2.997,-0.000,0.000,-0.000,0.000,-0.000,0.000,1.0000,0.0000,0.0000,0.0000,-22.21,-41.73,-39.20,0.00,86133.1,0,0.00,0.00,3
22824,-0.052,-0.051,-2.997,-0.000,0.000,-0.000,0.000,-0.000,0.000,1.0000,0.0000,0.0000,0.0000,-22.21,-41.73,-39.20,0.00,86133.1,0,0.00,0.00,3
22844,-0.052,-0.051,-2.997,-0.000,0.000,-0.000,0.000,-0.000,0.000,1.0000,0.0000,0.0000,0.0000,-22.21,-41.73,-39.20,0.00,86133.1,0,0.00,0.00,3
22864,-0.052,-0.051,-2.997,-0.000,0.000,-0.000,0.000,-0.000,0.000,1.0000,0.0000,0.0000,0.0000,-22.21,-41.73,-39.20,0.00,86133.1,0,0.00,0.00,3
22884,-0.052,-0.051,-2.997,-0.000,0.000,-0.000,0.000,-0.000,0.000,1.0000,0.0000,0.0000,0.0000,-22.21,-41.73,-39.20,0.00,86133.1,0,0.00,0.00,3
22904,-0.052,-0.051,-2.997,-0.000,0.000,-0.000,0.000,-0.000,0.000,1.0000,0.0000,0.0000,0.0000,-22.21,-41.73,-39.20,0.00,86133.1,0,0.00,0.00,3
22924,-0.052,-0.051,-2.997,-0.000,0.000,-0.000,0.000,-0.000,0.000,1.0000,0.0000,0.0000,0.0000,-22.21,-41.73,-39.20,0.00,86133.1,0,0.00,0.00,3
22944,-0.052,-0.051,-2.997,-0.000,0.000,-0.000,0.000,-0.000,0.000,1.0000,0.0000,0.0000,0.0000,-22.21,-41.73,-39.20,0.00,86133.1,0,0.00,0.00,3
22964,-0.052,-0.051,-2.997,-0.000,0.000,-0.000,0.000,-0.000,0.000,1.0000,0.0000,0.0000,0.0000,-22.21,-41.73,-39.20,0.00,86133.1,0,0.00,0.00,3
22984,-0.052,-0.051,-2.997,-0.000,0.000,-0.000,0.000,-0.000,0.000,1.0000,0.0000,0.0000,0.0000,-22.21,-41.73,-39.20,0.00,86133.1,0,0.00,0.00,3
23004,-0.052,-0.051,-2.997,-0.000,0.000,-0.000,0.000,-0.000,0.000,1.0000,0.0000,0.0000,0.0000,-22.21,-41.73,-39.20,0.00,86133.1,0,0.00,0.00,3
23024,-0.052,-0.051,-2.997,-0.000,0.000,-0.000,0.000,-0.000,0.000,1.0000,0.0000,0.0000,0.0000,-22.21,-41.73,-39.20,0.00,86133.1,0,0.00,0.00,3
23044,-0.052,-0.051,-2.997,-0.000,0.000,-0.000,0.000,-0.000,0.000,1.0000,0.0000,0.0000,0.0000,-22.21,-41.73,-39.20,0.00,86133.1,0,0.00,0.00,3
23064,-0.052,-0.051,-2.997,-0.000,0.000,-0.000,0.000,-0.000,0.000,1.0000,0.0000,0.0000,0.0000,-22.21,-41.73,-39.20,0.00,86133.1,0,0.00,0.00,3
23084,-0.052,-0.051,-2.997,-0.000,0.000,-0.000,0.000,-0.000,0.000,1.0000,0.0000,0.0000,0.0000,-22.21,-41.73,-39.20,0.00,86133.1,0,0.00,0.00,3
23104,-0.052,-0.051,-2.997,-0.000,0.000,-0.000,0.000,-0.000,0.000,1.0000,0.0000,0.0000,0.0000,-22.21,-41.73,-39.20,0.00,86133.1,0,0.00,0.00,3
23124,-0.052,-0.051,-2.997,-0.000,0.000,-0.000,0.000,-0.000,0.000,1.0000,0.0000,0.0000,0.0000,-22.21,-41.73,-39.20,0.00,86133.1,0,0.00,0.00,3
23144,-0.052,-0.051,-2.997,-0.000,0.000,-0.000,0.000,-0.000,0.000,1.0000,0.0000,0.0000,0.0000,-22.21,-41.73,-39.20,0.00,86133.1,0,0.00,0.00,3
23164,-0.052,-0.051,-2.997,-0.000,0.000,-0.000,0.000,-0.000,0.000,1.0000,0.0000,0.0000,0.0000,-22.21,-41.73,-39.20,0.00,86133.1,0,0.00,0.00,3
23184,-0.052,-0.051,-2.997,-0.000,0.000,-0.000,0.000,-0.000,0.000,1.0000,0.0000,0.0000,0.0000,-22.21,-41.73,-39.20,0.00,86133.1,0,0.00,0.00,3
23204,-0.052,-0.051,-2.997,-0.000,0.000,-0.000,0.000,-0.000,0.000,1.0000,0.0000,0.0000,0.0000,-22.21,-41.73,-39.20,0.00,86133.1,0,0.00,0.00,3
23224,-0.052,-0.051,-2.997,-0.000,0.000,-0.000,0.000,-0.000,0.000,1.0000,0.0000,0.0000,0.0000,-22.21,-41.73,-39.20,0.00,86133.1,0,0.00,0.00,3
23244,-0.052,-0.051,-2.997,-0.000,0.000,-0.000,0.000,-0.000,0.000,1.0000,0.0000,0.0000,0.0000,-22.21,-41.73,-39.20,0.00,86133.1,0,0.00,0.00,3
23264,-0.052,-0.051,-2.997,-0.000,0.000,-0.000,0.000,-0.000,0.000,1.0000,0.0000,0.0000,0.0000,-22.21,-41.73,-39.20,0.00,86133.1,0,0.00,0.00,3
23284,-0.052,-0.051,-2.997,-0.000,0.000,-0.000,0.000,-0.000,0.000,1.0000,0.0000,0.0000,0.0000,-22.21,-41.73,-39.20,0.00,86133.1,0,0.00,0.00,3
23304,-0.052,-0.051,-2.997,-0.000,0.000,-0.000,0.000,-0.000,0.000,1.0000,0.0000,0.0000,0.0000,-22.21,-41.73,-39.20,0.00,86133.1,0,0.00,0.00,3
23324,-0.052,-0.051,-2.997,-0.000,0.000,-0.000,0.000,-0.000,0.000,1.0000,0.0000,0.0000,0.0000,-22.21,-41.73,-39.20,0.00,86133.1,0,0.00,0.00,3
23344,-0.052,-0.051,-2.997,-0.000,0.000,-0.000,0.000,-0.000,0.000,1.0000,0.0000,0.0000,0.0000,-22.21,-41.73,-39.20,0.00,86133.1,0,0.00,0.00,3
23364,-0.052,-0.051,-2.997,-0.000,0.000,-0.000,0.000,-0.000,0.000,1.0000,0.0000,0.0000,0.0000,-22.21,-41.73,-39.20,0.00,86133.1,0,0.00,0.00,3
23384,-0.052,-0.051,-2.997,-0.000,0.000,-0.000,0.000,-0.000,0.000,1.0000,0.0000,0.0000,0.0000,-22.21,-41.73,-39.20,0.00,86133.1,0,0.00,0.00,3
23404,-0.052,-0.051,-2.997,-0.000,0.000,-0.000,0.000,-0.000,0.000,1.0000,0.0000,0.0000,0.0000,-22.21,-41.73,-39.20,0.00,86133.1,0,0.00,0.00,3
23424,-0.052,-0.051,-2.997,-0.000,0.000,-0.000,0.000,-0.000,0.000,1.0000,0.0000,0.0000,0.0000,-22.21,-41.73,-39.20,0.00,86133.1,0,0.00,0.00,3
23444,-0.052,-0.051,-2.997,-0.000,0.000,-0.000,0.000,-0.000,0.000,1.0000,0.0000,0.0000,0.0000,-22.21,-41.73,-39.20,0.00,86133.1,0,0.00,0.00,3
23464,-0.052,-0.051,-2.997,-0.000,0.000,-0.000,0.000,-0.000,0.000,1.0000,0.0000,0.0000,0.0000,-22.21,-41.73,-39.20,0.00,86133.1,0,0.00,0.00,3
23484,-0.052,-0.051,-2.997,-0.000,0.000,-0.000,0.000,-0.000,0.000,1.0000,0.0000,0.0000,0.0000,-22.21,-41.73,-39.20,0.00,86133.1,0,0.00,0.00,3
23504,-0.052,-0.051,-2.997,-0.000,0.000,-0.000,0.000,-0.000,0.000,1.0000,0.0000,0.0000,0.0000,-22.21,-41.73,-39.20,0.00,86133.1,0,0.00,0.00,3
23524,-0.052,-0.051,-2.997,-0.000,0.000,-0.000,0.000,-0.000,0.000,1.0000,0.0000,0.0000,0.0000,-22.21,-41.73,-39.20,0.00,86133.1,0,0.00,0.00,3
23544,-0.052,-0.051,-2.997,-0.000,0.000,-0.000,0.000,-0.000,0.000,1.0000,0.0000,0.0000,0.0000,-22.21,-41.73,-39.20,0.00,86133.1,0,0.00,0.00,3
23564,-0.052,-0.051,-2.997,-0.000,0.000,-0.000,0.000,-0.000,0.000,1.0000,0.0000,0.0000,0.0000,-22.21,-41.73,-39.20,0.00,86133.1,0,0.00,0.00,3
23584,-0.052,-0.051,-2.997,-0.000,0.000,-0.000,0.000,-0.000,0.000,1.0000,0.0000,0.0000,0.0000,-22.21,-41.73,-39.20,0.00,86133.1,0,0.00,0.00,3
23604,-0.052,-0.051,-2.997,-0.000,0.000,-0.000,0.000,-0.000,0.000,1.0000,0.0000,0.0000,0.0000,-22.21,-41.73,-39.20,0.00,86133.1,0,0.00,0.00,3
23624,-0.052,-0.051,-2.997,-0.000,0.000,-0.000,0.000,-0.000,0.000,1.0000,0.0000,0.0000,0.0000,-22.21,-41.73,-39.20,0.00,86133.1,0,0.00,0.00,3
23644,-0.052,-0.051,-2.997,-0.000,0.000,-0.000,0.000,-0.000,0.000,1.0000,0.0000,0.0000,0.0000,-22.21,-41.73,-39.20,0.00,86133.1,0,0.00,0.00,3
23664,-0.052,-0.051,-2.997,-0.000,0.000,-0.000,0.000,-0.000,0.000,1.0000,0.0000,0.0000,0.0000,-22.21,-41.73,-39.20,0.00,86133.1,0,0.00,0.00,3
23684,-0.052,-0.051,-2.997,-0.000,0.000,-0.000,0.000,-0.000,0.000,1.0000,0.0000,0.0000,0.0000,-22.21,-41.73,-39.20,0.00,86133.1,0,0.00,0.00,3
23704,-0.052,-0.051,-2.997,-0.000,0.000,-0.000,0.000,-0.000,0.000,1.0000,0.0000,0.0000,0.0000,-22.21,-41.73,-39.20,0.00,86133.1,0,0.00,0.00,3
23724,-0.052,-0.051,-2.997,-0.000,0.000,-0.000,0.000,-0.000,0.000,1.0000,0.0000,0.0000,0.0000,-22.21,-41.73,-39.20,0.00,86133.1,0,0.00,0.00,3
23744,-0.052,-0.051,-2.997,-0.000,0.000,-0.000,0.000,-0.000,0.000,1.0000,0.0000,0.0000,0.0000,-22.21,-41.73,-39.20,0.00,86133.1,0,0.00,0.00,3
23764,-0.052,-0.051,-2.997,-0.000,0.000,-0.000,0.000,-0.000,0.000,1.0000,0.0000,0.0000,0.0000,-22.21,-41.73,-39.20,0.00,86133.1,0,0.00,0.00,3
23784,-0.052,-0.051,-2.997,-0.000,0.000,-0.000,0.000,-0.000,0.000,1.0000,0.0000,0.0000,0.0000,-22.21,-41.73,-39.20,0.00,86133.1,0,0.00,0.00,3
23804,-0.052,-0.051,-2.997,-0.000,0.000,-0.000,0.000,-0.000,0.000,1.0000,0.0000,0.0000,0.0000,-22.21,-41.73,-39.20,0.00,86133.1,0,0.00,0.00,3
23824,-0.052,-0.051,-2.997,-0.000,0.000,-0.000,0.000,-0.000,0.000,1.0000,0.0000,0.0000,0.0000,-22.21,-41.73,-39.20,0.00,86133.1,0,0.00,0.00,3
23844,-0.052,-0.051,-2.997,-0.000,0.000,-0.000,0.000,-0.000,0.000,1.0000,0.0000,0.0000,0.0000,-22.21,-41.73,-39.20,0.00,86133.1,0,0.00,0.00,3
23864,-0.052,-0.051,-2.997,-0.000,0.000,-0.000,0.000,-0.000,0.000,1.0000,0.0000,0.0000,0.0000,-22.21,-41.73,-39.20,0.00,86133.1,0,0.00,0.00,3
23884,-0.052,-0.051,-2.997,-0.000,0.000,-0.000,0.000,-0.000,0.000,1.0000,0.0000,0.0000,0.0000,-22.21,-41.73,-39.20,0.00,86133.1,0,0.00,0.00,3
23904,-0.052,-0.051,-2.997,-0.000,0.000,-0.000,0.000,-0.000,0.000,1.0000,0.0000,0.0000,0.0000,-22.21,-41.73,-39.20,0.00,86133.1,0,0.00,0.00,3
23924,-0.052,-0.051,-2.997,-0.000,0.000,-0.000,0.000,-0.000,0.000,1.0000,0.0000,0.0000,0.0000,-22.21,-41.73,-39.20,0.00,86133.1,0,0.00,0.00,3
23944,-0.052,-0.051,-2.997,-0.000,0.000,-0.000,0.000,-0.000,0.000,1.0000,0.0000,0.0000,0.0000,-22.21,-41.73,-39.20,0.00,86133.1,0,0.00,0.00,3
23964,-0.052,-0.051,-2.997,-0.000,0.000,-0.000,0.000,-0.000,0.000,1.0000,0.0000,0.0000,0.0000,-22.21,-41.73,-39.20,0.00,86133.1,0,0.00,0.00,3
23984,-0.052,-0.051,-2.997,-0.000,0.000,-0.000,0.000,-0.000,0.000,1.0000,0.0000,0.0000,0.0000,-22.21,-41.73,-39.20,0.00,86133.1,0,0.00,0.00,3
24004,-0.052,-0.051,-2.997,-0.000,0.000,-0.000,0.000,-0.000,0.000,1.0000,0.0000,0.0000,0.0000,-22.21,-41.73,-39.20,0.00,86133.1,0,0.00,0.00,3
24024,-0.052,-0.051,-2.997,-0.000,0.000,-0.000,0.000,-0.000,0.000,1.0000,0.0000,0.0000,0.0000,-22.21,-41.73,-39.20,0.00,86133.1,0,0.00,0.00,3
24044,-0.052,-0.051,-2.997,-0.000,0.000,-0.000,0.000,-0.000,0.000,1.0000,0.0000,0.0000,0.0000,-22.21,-41.73,-39.20,0.00,86133.1,0,0.00,0.00,3
24064,-0.052,-0.051,-2.997,-0.000,0.000,-0.000,0.000,-0.000,0.000,1.0000,0.0000,0.0000,0.0000,-22.21,-41.73,-39.20,0.00,86133.1,0,0.00,0.00,3
24084,-0.052,-0.051,-2.997,-0.000,0.000,-0.000,0.000,-0.000,0.000,1.0000,0.0000,0.0000,0.0000,-22.21,-41.73,-39.20,0.00,86133.1,0,0.00,0.00,3
24104,-0.052,-0.051,-2.997,-0.000,0.000,-0.000,0.000,-0.000,0.000,1.0000,0.0000,0.0000,0.0000,-22.21,-41.73,-39.20,0.00,86133.1,0,0.00,0.00,3
24124,-0.052,-0.051,-2.997,-0.000,0.000,-0.000,0.000,-0.000,0.000,1.0000,0.0000,0.0000,0.0000,-22.21,-41.73,-39.20,0.00,86133.1,0,0.00,0.00,3
24144,-0.052,-0.051,-2.997,-0.000,0.000,-0.000,0.000,-0.000,0.000,1.0000,0.0000,0.0000,0.0000,-22.21,-41.73,-39.20,0.00,86133.1,0,0.00,0.00,3
24164,-0.052,-0.051,-2.997,-0.000,0.000,-0.000,0.000,-0.000,0.000,1.0000,0.0000,0.0000,0.0000,-22.21,-41.73,-39.20,0.00,86133.1,0,0.00,0.00,3
24184,-0.052,-0.051,-2.997,-0.000,0.000,-0.000,0.000,-0.000,0.000,1.0000,0.0000,0.0000,0.0000,-22.21,-41.73,-39.20,0.00,86133.1,0,0.00,0.00,3
24204,-0.052,-0.051,-2.997,-0.000,0.000,-0.000,0.000,-0.000,0.000,1.0000,0.0000,0.0000,0.0000,-22.21,-41.73,-39.20,0.00,86133.1,0,0.00,0.00,3
24224,-0.052,-0.051,-2.997,-0.000,0.000,-0.000,0.000,-0.000,0.000,1.0000,0.0000,0.0000,0.0000,-22.21,-41.73,-39.20,0.00,86133.1,0,0.00,0.00,3
24244,-0.052,-0.051,-2.997,-0.000,0.000,-0.000,0.000,-0.000,0.000,1.0000,0.0000,0.0000,0.0000,-22.21,-41.73,-39.20,0.00,86133.1,0,0.00,0.00,3
24264,-0.052,-0.051,-2.997,-0.000,0.000,-0.000,0.000,-0.000,0.000,1.0000,0.0000,0.0000,0.0000,-22.21,-41.73,-39.20,0.00,86133.1,0,0.00,0.00,3
24284,-0.052,-0.051,-2.997,-0.000,0.000,-0.000,0.000,-0.000,0.000,1.0000,0.0000,0.0000,0.0000,-22.21,-41.73,-39.20,0.00,86133.1,0,0.00,0.00,3
24304,-0.052,-0.051,-2.997,-0.000,0.000,-0.000,0.000,-0.000,0.000,1.0000,0.0000,0.0000,0.0000,-22.21,-41.73,-39.20,0.00,86133.1,0,0.00,0.00,3
24324,-0.052,-0.051,-2.997,-0.000,0.000,-0.000,0.000,-0.000,0.000,1.0000,0.0000,0.0000,0.0000,-22.21,-41.73,-39.20,0.00,86133.1,0,0.00,0.00,3
24344,-0.052,-0.051,-2.997,-0.000,0.000,-0.000,0.000,-0.000,0.000,1.0000,0.0000,0.0000,0.0000,-22.21,-41.73,-39.20,0.00,86133.1,0,0.00,0.00,3
24364,-0.052,-0.051,-2.997,-0.000,0.000,-0.000,0.000,-0.000,0.000,1.0000,0.0000,0.0000,0.0000,-22.21,-41.73,-39.20,0.00,86133.1,0,0.00,0.00,3
24384,-0.052,-0.051,-2.997,-0.000,0.000,-0.000,0.000,-0.000,0.000,1.0000,0.0000,0.0000,0.0000,-22.21,-41.73,-39.20,0.00,86133.1,0,0.00,0.00,3
24404,-0.052,-0.051,-2.997,-0.000,0.000,-0.000,0.000,-0.000,0.000,1.0000,0.0000,0.0000,0.0000,-22.21,-41.73,-39.20,0.00,86133.1,0,0.00,0.00,3
24424,-0.052,-0.051,-2.997,-0.000,0.000,-0.000,0.000,-0.000,0.000,1.0000,0.0000,0.0000,0.0000,-22.21,-41.73,-39.20,0.00,86133.1,0,0.00,0.00,3
24444,-0.052,-0.051,-2.997,-0.000,0.000,-0.000,0.000,-0.000,0.000,1.0000,0.0000,0.0000,0.0000,-22.21,-41.73,-39.20,0.00,86133.1,0,0.00,0.00,3
24464,-0.052,-0.051,-2.997,-0.000,0.000,-0.000,0.000,-0.000,0.000,1.0000,0.0000,0.0000,0.0000,-22.21,-41.73,-39.20,0.00,86133.1,0,0.00,0.00,3
24484,-0.052,-0.051,-2.997,-0.000,0.000,-0.000,0.000,-0.000,0.000,1.0000,0.0000,0.0000,0.0000,-22.21,-41.73,-39.20,0.00,86133.1,0,0.00,0.00,3
24504,-0.052,-0.051,-2.997,-0.000,0.000,-0.000,0.000,-0.000,0.000,1.0000,0.0000,0.0000,0.0000,-22.21,-41.73,-39.20,0.00,86133.1,0,0.00,0.00,3
24524,-0.052,-0.051,-2.997,-0.000,0.000,-0.000,0.000,-0.000,0.000,1.0000,0.0000,0.0000,0.0000,-22.21,-41.73,-39.20,0.00,86133.1,0,0.00,0.00,3
24544,-0.052,-0.051,-2.997,-0.000,0.000,-0.000,0.000,-0.000,0.000,1.0000,0.0000,0.0000,0.0000,-22.21,-41.73,-39.20,0.00,86133.1,0,0.00,0.00,3
24564,-0.052,-0.051,-2.997,-0.000,0.000,-0.000,0.000,-0.000,0.000,1.0000,0.0000,0.0000,0.0000,-22.21,-41.73,-39.20,0.00,86133.1,0,0.00,0.00,3
24584,-0.052,-0.051,-2.997,-0.000,0.000,-0.000,0.000,-0.000,0.000,1.0000,0.0000,0.0000,0.0000,-22.21,-41.73,-39.20,0.00,86133.1,0,0.00,0.00,3
24604,-0.052,-0.051,-2.997,-0.000,0.000,-0.000,0.000,-0.000,0.000,1.0000,0.0000,0.0000,0.0000,-22.21,-41.73,-39.20,0.00,86133.1,0,0.00,0.00,3
24624,-0.052,-0.051,-2.997,-0.000,0.000,-0.000,0.000,-0.000,0.000,1.0000,0.0000,0.0000,0.0000,-22.21,-41.73,-39.20,0.00,86133.1,0,0.00,0.00,3
24644,-0.052,-0.051,-2.997,-0.000,0.000,-0.000,0.000,-0.000,0.000,1.0000,0.0000,0.0000,0.0000,-22.21,-41.73,-39.20,0.00,86133.1,0,0.00,0.00,3
24664,-0.052,-0.051,-2.997,-0.000,0.000,-0.000,0.000,-0.000,0.000,1.0000,0.0000,0.0000,0.0000,-22.21,-41.73,-39.20,0.00,86133.1,0,0.00,0.00,3
24684,-0.052,-0.051,-2.997,-0.000,0.000,-0.000,0.000,-0.000,0.000,1.0000,0.0000,0.0000,0.0000,-22.21,-41.73,-39.20,0.00,86133.1,0,0.00,0.00,3
24704,-0.052,-0.051,-2.997,-0.000,0.000,-0.000,0.000,-0.000,0.000,1.0000,0.0000,0.0000,0.0000,-22.21,-41.73,-39.20,0.00,86133.1,0,0.00,0.00,3
24724,-0.052,-0.051,-2.997,-0.000,0.000,-0.000,0.000,-0.000,0.000,1.0000,0.0000,0.0000,0.0000,-22.21,-41.73,-39.20,0.00,86133.1,0,0.00,0.00,3
24744,-0.052,-0.051,-2.997,-0.000,0.000,-0.000,0.000,-0.000,0.000,1.0000,0.0000,0.0000,0.0000,-22.21,-41.73,-39.20,0.00,86133.1,0,0.00,0.00,3
24764,-0.052,-0.051,-2.997,-0.000,0.000,-0.000,0.000,-0.000,0.000,1.0000,0.0000,0.0000,0.0000,-22.21,-41.73,-39.20,0.00,86133.1,0,0.00,0.00,3
24784,-0.052,-0.051,-2.997,-0.000,0.000,-0.000,0.000,-0.000,0.000,1.0000,0.0000,0.0000,0.0000,-22.21,-41.73,-39.20,0.00,86133.1,0,0.00,0.00,3
24804,-0.052,-0.051,-2.997,-0.000,0.000,-0.000,0.000,-0.000,0.000,1.0000,0.0000,0.0000,0.0000,-22.21,-41.73,-39.20,0.00,86133.1,0,0.00,0.00,3
24824,-0.052,-0.051,-2.997,-0.000,0.000,-0.000,0.000,-0.000,0.000,1.0000,0.0000,0.0000,0.0000,-22.21,-41.73,-39.20,0.00,86133.1,0,0.00,0.00,3
24844,-0.052,-0.051,-2.997,-0.000,0.000,-0.000,0.000,-0.000,0.000,1.0000,0.0000,0.0000,0.0000,-22.21,-41.73,-39.20,0.00,86133.1,0,0.00,0.00,3
24864,-0.052,-0.051,-2.997,-0.000,0.000,-0.000,0.000,-0.000,0.000,1.0000,0.0000,0.0000,0.0000,-22.21,-41.73,-39.20,0.00,86133.1,0,0.00,0.00,3
24884,-0.052,-0.051,-2.997,-0.000,0.000,-0.000,0.000,-0.000,0.000,1.0000,0.0000,0.0000,0.0000,-22.21,-41.73,-39.20,0.00,86133.1,0,0.00,0.00,3
24904,-0.052,-0.051,-2.997,-0.000,0.000,-0.000,0.000,-0.000,0.000,1.0000,0.0000,0.0000,0.0000,-22.21,-41.73,-39.20,0.00,86133.1,0,0.00,0.00,3
24924,-0.052,-0.051,-2.997,-0.000,0.000,-0.000,0.000,-0.000,0.000,1.0000,0.0000,0.0000,0.0000,-22.21,-41.73,-39.20,0.00,86133.1,0,0.00,0.00,3
24944,-0.052,-0.051,-2.997,-0.000,0.000,-0.000,0.000,-0.000,0.000,1.0000,0.0000,0.0000,0.0000,-22.21,-41.73,-39.20,0.00,86133.1,0,0.00,0.00,3
24964,-0.052,-0.051,-2.997,-0.000,0.000,-0.000,0.000,-0.000,0.000,1.0000,0.0000,0.0000,0.0000,-22.21,-41.73,-39.20,0.00,86133.1,0,0.00,0.00,3
24984,-0.052,-0.051,-2.997,-0.000,0.000,-0.000,0.000,-0.000,0.000,1.0000,0.0000,0.0000,0.0000,-22.21,-41.73,-39.20,0.00,86133.1,0,0.00,0.00,3
25004,-0.052,-0.051,-2.997,-0.000,0.000,-0.000,0.000,-0.000,0.000,1.0000,0.0000,0.0000,0.0000,-22.21,-41.73,-39.20,0.00,86133.1,0,0.00,0.00,3
25024,-0.052,-0.051,-2.997,-0.000,0.000,-0.000,0.000,-0.000,0.000,1.0000,0.0000,0.0000,0.0000,-22.21,-41.73,-39.20,0.00,86133.1,0,0.00,0.00,3
25044,-0.052,-0.051,-2.997,-0.000,0.000,-0.000,0.000,-0.000,0.000,1.0000,0.0000,0.0000,0.0000,-22.21,-41.73,-39.20,0.00,86133.1,0,0.00,0.00,3
25064,-0.052,-0.051,-2.997,-0.000,0.000,-0.000,0.000,-0.000,0.000,1.0000,0.0000,0.0000,0.0000,-22.21,-41.73,-39.20,0.00,86133.1,0,0.00,0.00,3
25084,-0.052,-0.051,-2.997,-0.000,0.000,-0.000,0.000,-0.000,0.000,1.0000,0.0000,0.0000,0.0000,-22.21,-41.73,-39.20,0.00,86133.1,0,0.00,0.00,3
25104,-0.052,-0.051,-2.997,-0.000,0.000,-0.000,0.000,-0.000,0.000,1.0000,0.0000,0.0000,0.0000,-22.21,-41.73,-39.20,0.00,86133.1,0,0.00,0.00,3
25124,-0.052,-0.051,-2.997,-0.000,0.000,-0.000,0.000,-0.000,0.000,1.0000,0.0000,0.0000,0.0000,-22.21,-41.73,-39.20,0.00,86133.1,0,0.00,0.00,3
25144,-0.052,-0.051,-2.997,-0.000,0.000,-0.000,0.000,-0.000,0.000,1.0000,0.0000,0.0000,0.0000,-22.21,-41.73,-39.20,0.00,86133.1,0,0.00,0.00,3
25164,-0.052,-0.051,-2.997,-0.000,0.000,-0.000,0.000,-0.000,0.000,1.0000,0.0000,0.0000,0.0000,-22.21,-41.73,-39.20,0.00,86133.1,0,0.00,0.00,3
25184,-0.052,-0.051,-2.997,-0.000,0.000,-0.000,0.000,-0.000,0.000,1.0000,0.0000,0.0000,0.0000,-22.21,-41.73,-39.20,0.00,86133.1,0,0.00,0.00,3
25204,-0.052,-0.051,-2.997,-0.000,0.000,-0.000,0.000,-0.000,0.000,1.0000,0.0000,0.0000,0.0000,-22.21,-41.73,-39.20,0.00,86133.1,0,0.00,0.00,3
25224,-0.052,-0.051,-2.997,-0.000,0.000,-0.000,0.000,-0.000,0.000,1.0000,0.0000,0.0000,0.0000,-22.21,-41.73,-39.20,0.00,86133.1,0,0.00,0.00,3
25244,-0.052,-0.051,-2.997,-0.000,0.000,-0.000,0.000,-0.000,0.000,1.0000,0.0000,0.0000,0.0000,-22.21,-41.73,-39.20,0.00,86133.1,0,0.00,0.00,3
25264,-0.052,-0.051,-2.997,-0.000,0.000,-0.000,0.000,-0.000,0.000,1.0000,0.0000,0.0000,0.0000,-22.21,-41.73,-39.20,0.00,86133.1,0,0.00,0.00,3
25284,-0.052,-0.051,-2.997,-0.000,0.000,-0.000,0.000,-0.000,0.000,1.0000,0.0000,0.0000,0.0000,-22.21,-41.73,-39.20,0.00,86133.1,0,0.00,0.00,3
25304,-0.052,-0.051,-2.997,-0.000,0.000,-0.000,0.000,-0.000,0.000,1.0000,0.0000,0.0000,0.0000,-22.21,-41.73,-39.20,0.00,86133.1,0,0.00,0.00,3
25324,-0.052,-0.051,-2.997,-0.000,0.000,-0.000,0.000,-0.000,0.000,1.0000,0.0000,0.0000,0.0000,-22.21,-41.73,-39.20,0.00,86133.1,0,0.00,0.00,3
25344,-0.052,-0.051,-2.997,-0.000,0.000,-0.000,0.000,-0.000,0.000,1.0000,0.0000,0.0000,0.0000,-22.21,-41.73,-39.20,0.00,86133.1,0,0.00,0.00,3
25364,-0.052,-0.051,-2.997,-0.000,0.000,-0.000,0.000,-0.000,0.000,1.0000,0.0000,0.0000,0.0000,-22.21,-41.73,-39.20,0.00,86133.1,0,0.00,0.00,3
25384,-0.052,-0.051,-2.997,-0.000,0.000,-0.000,0.000,-0.000,0.000,1.0000,0.0000,0.0000,0.0000,-22.21,-41.73,-39.20,0.00,86133.1,0,0.00,0.00,3
25404,-0.052,-0.051,-2.997,-0.000,0.000,-0.000,0.000,-0.000,0.000,1.0000,0.0000,0.0000,0.0000,-22.21,-41.73,-39.20,0.00,86133.1,0,0.00,0.00,3
25424,-0.052,-0.051,-2.997,-0.000,0.000,-0.000,0.000,-0.000,0.000,1.0000,0.0000,0.0000,0.0000,-22.21,-41.73,-39.20,0.00,86133.1,0,0.00,0.00,3
25444,-0.052,-0.051,-2.997,-0.000,0.000,-0.000,0.000,-0.000,0.000,1.0000,0.0000,0.0000,0.0000,-22.21,-41.73,-39.20,0.00,86133.1,0,0.00,0.00,3
25464,-0.052,-0.051,-2.997,-0.000,0.000,-0.000,0.000,-0.000,0.000,1.0000,0.0000,0.0000,0.0000,-22.21,-41.73,-39.20,0.00,86133.1,0,0.00,0.00,3
25484,-0.052,-0.051,-2.997,-0.000,0.000,-0.000,0.000,-0.000,0.000,1.0000,0.0000,0.0000,0.0000,-22.21,-41.73,-39.20,0.00,86133.1,0,0.00,0.00,3
25504,-0.052,-0.051,-2.997,-0.000,0.000,-0.000,0.000,-0.000,0.000,1.0000,0.0000,0.0000,0.0000,-22.21,-41.73,-39.20,0.00,86133.1,0,0.00,0.00,3
25524,-0.052,-0.051,-2.997,-0.000,0.000,-0.000,0.000,-0.000,0.000,1.0000,0.0000,0.0000,0.0000,-22.21,-41.73,-39.20,0.00,86133.1,0,0.00,0.00,3
25544,-0.052,-0.051,-2.997,-0.000,0.000,-0.000,0.000,-0.000,0.000,1.0000,0.0000,0.0000,0.0000,-22.21,-41.73,-39.20,0.00,86133.1,0,0.00,0.00,3
25564,-0.052,-0.051,-2.997,-0.000,0.000,-0.000,0.000,-0.000,0.000,1.0000,0.0000,0.0000,0.0000,-22.21,-41.73,-39.20,0.00,86133.1,0,0.00,0.00,3
25584,-0.052,-0.051,-2.997,-0.000,0.000,-0.000,0.000,-0.000,0.000,1.0000,0.0000,0.0000,0.0000,-22.21,-41.73,-39.20,0.00,86133.1,0,0.00,0.00,3
25604,-0.052,-0.051,-2.997,-0.000,0.000,-0.000,0.000,-0.000,0.000,1.0000,0.0000,0.0000,0.0000,-22.21,-41.73,-39.20,0.00,86133.1,0,0.00,0.00,3
25624,-0.052,-0.051,-2.997,-0.000,0.000,-0.000,0.000,-0.000,0.000,1.0000,0.0000,0.0000,0.0000,-22.21,-41.73,-39.20,0.00,86133.1,0,0.00,0.00,3
25644,-0.052,-0.051,-2.997,-0.000,0.000,-0.000,0.000,-0.000,0.000,1.0000,0.0000,0.0000,0.0000,-22.21,-41.73,-39.20,0.00,86133.1,0,0.00,0.00,3
25664,-0.052,-0.051,-2.997,-0.000,0.000,-0.000,0.000,-0.000,0.000,1.0000,0.0000,0.0000,0.0000,-22.21,-41.73,-39.20,0.00,86133.1,0,0.00,0.00,3
25684,-0.052,-0.051,-2.997,-0.000,0.000,-0.000,0.000,-0.000,0.000,1.0000,0.0000,0.0000,0.0000,-22.21,-41.73,-39.20,0.00,86133.1,0,0.00,0.00,3
25704,-0.052,-0.051,-2.997,-0.000,0.000,-0.000,0.000,-0.000,0.000,1.0000,0.0000,0.0000,0.0000,-22.21,-41.73,-39.20,0.00,86133.1,0,0.00,0.00,3
25724,-0.052,-0.051,-2.997,-0.000,0.000,-0.000,0.000,-0.000,0.000,1.0000,0.0000,0.0000,0.0000,-22.21,-41.73,-39.20,0.00,86133.1,0,0.00,0.00,3
25744,-0.052,-0.051,-2.997,-0.000,0.000,-0.000,0.000,-0.000,0.000,1.0000,0.0000,0.0000,0.0000,-22.21,-41.73,-39.20,0.00,86133.1,0,0.00,0.00,3
25764,-0.052,-0.051,-2.997,-0.000,0.000,-0.000,0.000,-0.000,0.000,1.0000,0.0000,0.0000,0.0000,-22.21,-41.73,-39.20,0.00,86133.1,0,0.00,0.00,3
25784,-0.052,-0.051,-2.997,-0.000,0.000,-0.000,0.000,-0.000,0.000,1.0000,0.0000,0.0000,0.0000,-22.21,-41.73,-39.20,0.00,86133.1,0,0.00,0.00,3
25804,-0.052,-0.051,-2.997,-0.000,0.000,-0.000,0.000,-0.000,0.000,1.0000,0.0000,0.0000,0.0000,-22.21,-41.73,-39.20,0.00,86133.1,0,0.00,0.00,3
25824,-0.052,-0.051,-2.997,-0.000,0.000,-0.000,0.000,-0.000,0.000,1.0000,0.0000,0.0000,0.0000,-22.21,-41.73,-39.20,0.00,86133.1,0,0.00,0.00,3
25844,-0.052,-0.051,-2.997,-0.000,0.000,-0.000,0.000,-0.000,0.000,1.0000,0.0000,0.0000,0.0000,-22.21,-41.73,-39.20,0.00,86133.1,0,0.00,0.00,3
25864,-0.052,-0.051,-2.997,-0.000,0.000,-0.000,0.000,-0.000,0.000,1.0000,0.0000,0.0000,0.0000,-22.21,-41.73,-39.20,0.00,86133.1,0,0.00,0.00,3
25884,-0.052,-0.051,-2.997,-0.000,0.000,-0.000,0.000,-0.000,0.000,1.0000,0.0000,0.0000,0.0000,-22.21,-41.73,-39.20,0.00,86133.1,0,0.00,0.00,3
25904,-0.052,-0.051,-2.997,-0.000,0.000,-0.000,0.000,-0.000,0.000,1.0000,0.0000,0.0000,0.0000,-22.21,-41.73,-39.20,0.00,86133.1,0,0.00,0.00,3
25924,-0.052,-0.051,-2.997,-0.000,0.000,-0.000,0.000,-0.000,0.000,1.0000,0.0000,0.0000,0.0000,-22.21,-41.73,-39.20,0.00,86133.1,0,0.00,0.00,3
25944,-0.052,-0.051,-2.997,-0.000,0.000,-0.000,0.000,-0.000,0.000,1.0000,0.0000,0.0000,0.0000,-22.21,-41.73,-39.20,0.00,86133.1,0,0.00,0.00,3
25964,-0.052,-0.051,-2.997,-0.000,0.000,-0.000,0.000,-0.000,0.000,1.0000,0.0000,0.0000,0.0000,-22.21,-41.73,-39.20,0.00,86133.1,0,0.00,0.00,3
25984,-0.052,-0.051,-2.997,-0.000,0.000,-0.000,0.000,-0.000,0.000,1.0000,0.0000,0.0000,0.0000,-22.21,-41.73,-39.20,0.00,86133.1,0,0.00,0.00,3
26004,-0.052,-0.051,-2.997,-0.000,0.000,-0.000,0.000,-0.000,0.000,1.0000,0.0000,0.0000,0.0000,-22.21,-41.73,-39.20,0.00,86133.1,0,0.00,0.00,3
26024,-0.052,-0.051,-2.997,-0.000,0.000,-0.000,0.000,-0.000,0.000,1.0000,0.0000,0.0000,0.0000,-22.21,-41.73,-39.20,0.00,86133.1,0,0.00,0.00,3
26044,-0.052,-0.051,-2.997,-0.000,0.000,-0.000,0.000,-0.000,0.000,1.0000,0.0000,0.0000,0.0000,-22.21,-41.73,-39.20,0.00,86133.1,0,0.00,0.00,3
26064,-0.052,-0.051,-2.997,-0.000,0.000,-0.000,0.000,-0.000,0.000,1.0000,0.0000,0.0000,0.0000,-22.21,-41.73,-39.20,0.00,86133.1,0,0.00,0.00,3
26084,-0.052,-0.051,-2.997,-0.000,0.000,-0.000,0.000,-0.000,0.000,1.0000,0.0000,0.0000,0.0000,-22.21,-41.73,-39.20,0.00,86133.1,0,0.00,0.00,3
26104,-0.052,-0.051,-2.997,-0.000,0.000,-0.000,0.000,-0.000,0.000,1.0000,0.0000,0.0000,0.0000,-22.21,-41.73,-39.20,0.00,86133.1,0,0.00,0.00,3
26124,-0.052,-0.051,-2.997,-0.000,0.000,-0.000,0.000,-0.000,0.000,1.0000,0.0000,0.0000,0.0000,-22.21,-41.73,-39.20,0.00,86133.1,0,0.00,0.00,3
26144,-0.052,-0.051,-2.997,-0.000,0.000,-0.000,0.000,-0.000,0.000,1.0000,0.0000,0.0000,0.0000,-22.21,-41.73,-39.20,0.00,86133.1,0,0.00,0.00,3
26164,-0.052,-0.051,-2.997,-0.000,0.000,-0.000,0.000,-0.000,0.000,1.0000,0.0000,0.0000,0.0000,-22.21,-41.73,-39.20,0.00,86133.1,0,0.00,0.00,3
26184,-0.052,-0.051,-2.997,-0.000,0.000,-0.000,0.000,-0.000,0.000,1.0000,0.0000,0.0000,0.0000,-22.21,-41.73,-39.20,0.00,86133.1,0,0.00,0.00,3
26204,-0.052,-0.051,-2.997,-0.000,0.000,-0.000,0.000,-0.000,0.000,1.0000,0.0000,0.0000,0.0000,-22.21,-41.73,-39.20,0.00,86133.1,0,0.00,0.00,3
26224,-0.052,-0.051,-2.997,-0.000,0.000,-0.000,0.000,-0.000,0.000,1.0000,0.0000,0.0000,0.0000,-22.21,-41.73,-39.20,0.00,86133.1,0,0.00,0.00,3
26244,-0.052,-0.051,-2.997,-0.000,0.000,-0.000,0.000,-0.000,0.000,1.0000,0.0000,0.0000,0.0000,-22.21,-41.73,-39.20,0.00,86133.1,0,0.00,0.00,3
26264,-0.052,-0.051,-2.997,-0.000,0.000,-0.000,0.000,-0.000,0.000,1.0000,0.0000,0.0000,0.0000,-22.21,-41.73,-39.20,0.00,86133.1,0,0.00,0.00,3
26284,-0.052,-0.051,-2.997,-0.000,0.000,-0.000,0.000,-0.000,0.000,1.0000,0.0000,0.0000,0.0000,-22.21,-41.73,-39.20,0.00,86133.1,0,0.00,0.00,3
26304,-0.052,-0.051,-2.997,-0.000,0.000,-0.000,0.000,-0.000,0.000,1.0000,0.0000,0.0000,0.0000,-22.21,-41.73,-39.20,0.00,86133.1,0,0.00,0.00,3
26324,-0.052,-0.051,-2.997,-0.000,0.000,-0.000,0.000,-0.000,0.000,1.0000,0.0000,0.0000,0.0000,-22.21,-41.73,-39.20,0.00,86133.1,0,0.00,0.00,3
26344,-0.052,-0.051,-2.997,-0.000,0.000,-0.000,0.000,-0.000,0.000,1.0000,0.0000,0.0000,0.0000,-22.21,-41.73,-39.20,0.00,86133.1,0,0.00,0.00,3
26364,-0.052,-0.051,-2.997,-0.000,0.000,-0.000,0.000,-0.000,0.000,1.0000,0.0000,0.0000,0.0000,-22.21,-41.73,-39.20,0.00,86133.1,0,0.00,0.00,3
26384,-0.052,-0.051,-2.997,-0.000,0.000,-0.000,0.000,-0.000,0.000,1.0000,0.0000,0.0000,0.0000,-22.21,-41.73,-39.20,0.00,86133.1,0,0.00,0.00,3
26404,-0.052,-0.051,-2.997,-0.000,0.000,-0.000,0.000,-0.000,0.000,1.0000,0.0000,0.0000,0.0000,-22.21,-41.73,-39.20,0.00,86133.1,0,0.00,0.00,3
26424,-0.052,-0.051,-2.997,-0.000,0.000,-0.000,0.000,-0.000,0.000,1.0000,0.0000,0.0000,0.0000,-22.21,-41.73,-39.20,0.00,86133.1,0,0.00,0.00,3
26444,-0.052,-0.051,-2.997,-0.000,0.000,-0.000,0.000,-0.000,0.000,1.0000,0.0000,0.0000,0.0000,-22.21,-41.73,-39.20,0.00,86133.1,0,0.00,0.00,3
26464,-0.052,-0.051,-2.997,-0.000,0.000,-0.000,0.000,-0.000,0.000,1.0000,0.0000,0.0000,0.0000,-22.21,-41.73,-39.20,0.00,86133.1,0,0.00,0.00,3
26484,-0.052,-0.051,-2.997,-0.000,0.000,-0.000,0.000,-0.000,0.000,1.0000,0.0000,0.0000,0.0000,-22.21,-41.73,-39.20,0.00,86133.1,0,0.00,0.00,3
26504,-0.052,-0.051,-2.997,-0.000,0.000,-0.000,0.000,-0.000,0.000,1.0000,0.0000,0.0000,0.0000,-22.21,-41.73,-39.20,0.00,86133.1,0,0.00,0.00,3
26524,-0.052,-0.051,-2.997,-0.000,0.000,-0.000,0.000,-0.000,0.000,1.0000,0.0000,0.0000,0.0000,-22.21,-41.73,-39.20,0.00,86133.1,0,0.00,0.00,3
26544,-0.052,-0.051,-2.997,-0.000,0.000,-0.000,0.000,-0.000,0.000,1.0000,0.0000,0.0000,0.0000,-22.21,-41.73,-39.20,0.00,86133.1,0,0.00,0.00,3
26564,-0.052,-0.051,-2.997,-0.000,0.000,-0.000,0.000,-0.000,0.000,1.0000,0.0000,0.0000,0.0000,-22.21,-41.73,-39.20,0.00,86133.1,0,0.00,0.00,3
26584,-0.052,-0.051,-2.997,-0.000,0.000,-0.000,0.000,-0.000,0.000,1.0000,0.0000,0.0000,0.0000,-22.21,-41.73,-39.20,0.00,86133.1,0,0.00,0.00,3
26604,-0.052,-0.051,-2.997,-0.000,0.000,-0.000,0.000,-0.000,0.000,1.0000,0.0000,0.0000,0.0000,-22.21,-41.73,-39.20,0.00,86133.1,0,0.00,0.00,3
26624,-0.052,-0.051,-2.997,-0.000,0.000,-0.000,0.000,-0.000,0.000,1.0000,0.0000,0.0000,0.0000,-22.21,-41.73,-39.20,0.00,86133.1,0,0.00,0.00,3
26644,-0.052,-0.051,-2.997,-0.000,0.000,-0.000,0.000,-0.000,0.000,1.0000,0.0000,0.0000,0.0000,-22.21,-41.73,-39.20,0.00,86133.1,0,0.00,0.00,3
26664,-0.052,-0.051,-2.997,-0.000,0.000,-0.000,0.000,-0.000,0.000,1.0000,0.0000,0.0000,0.0000,-22.21,-41.73,-39.20,0.00,86133.1,0,0.00,0.00,3
26684,-0.052,-0.051,-2.997,-0.000,0.000,-0.000,0.000,-0.000,0.000,1.0000,0.0000,0.0000,0.0000,-22.21,-41.73,-39.20,0.00,86133.1,0,0.00,0.00,3
26704,-0.052,-0.051,-2.997,-0.000,0.000,-0.000,0.000,-0.000,0.000,1.0000,0.0000,0.0000,0.0000,-22.21,-41.73,-39.20,0.00,86133.1,0,0.00,0.00,3
26724,-0.052,-0.051,-2.997,-0.000,0.000,-0.000,0.000,-0.000,0.000,1.0000,0.0000,0.0000,0.0000,-22.21,-41.73,-39.20,0.00,86133.1,0,0.00,0.00,3
26744,-0.052,-0.051,-2.997,-0.000,0.000,-0.000,0.000,-0.000,0.000,1.0000,0.0000,0.0000,0.0000,-22.21,-41.73,-39.20,0.00,86133.1,0,0.00,0.00,3
26764,-0.052,-0.051,-2.997,-0.000,0.000,-0.000,0.000,-0.000,0.000,1.0000,0.0000,0.0000,0.0000,-22.21,-41.73,-39.20,0.00,86133.1,0,0.00,0.00,3
26784,-0.052,-0.051,-2.997,-0.000,0.000,-0.000,0.000,-0.000,0.000,1.0000,0.0000,0.0000,0.0000,-22.21,-41.73,-39.20,0.00,86133.1,0,0.00,0.00,3
26804,-0.052,-0.051,-2.997,-0.000,0.000,-0.000,0.000,-0.000,0.000,1.0000,0.0000,0.0000,0.0000,-22.21,-41.73,-39.20,0.00,86133.1,0,0.00,0.00,3
26824,-0.052,-0.051,-2.997,-0.000,0.000,-0.000,0.000,-0.000,0.000,1.0000,0.0000,0.0000,0.0000,-22.21,-41.73,-39.20,0.00,86133.1,0,0.00,0.00,3
26844,-0.052,-0.051,-2.997,-0.000,0.000,-0.000,0.000,-0.000,0.000,1.0000,0.0000,0.0000,0.0000,-22.21,-41.73,-39.20,0.00,86133.1,0,0.00,0.00,3
26864,-0.052,-0.051,-2.997,-0.000,0.000,-0.000,0.000,-0.000,0.000,1.0000,0.0000,0.0000,0.0000,-22.21,-41.73,-39.20,0.00,86133.1,0,0.00,0.00,3
26884,-0.052,-0.051,-2.997,-0.000,0.000,-0.000,0.000,-0.000,0.000,1.0000,0.0000,0.0000,0.0000,-22.21,-41.73,-39.20,0.00,86133.1,0,0.00,0.00,3
26904,-0.052,-0.051,-2.997,-0.000,0.000,-0.000,0.000,-0.000,0.000,1.0000,0.0000,0.0000,0.0000,-22.21,-41.73,-39.20,0.00,86133.1,0,0.00,0.00,3
26924,-0.052,-0.051,-2.997,-0.000,0.000,-0.000,0.000,-0.000,0.000,1.0000,0.0000,0.0000,0.0000,-22.21,-41.73,-39.20,0.00,86133.1,0,0.00,0.00,3
26944,-0.052,-0.051,-2.997,-0.000,0.000,-0.000,0.000,-0.000,0.000,1.0000,0.0000,0.0000,0.0000,-22.21,-41.73,-39.20,0.00,86133.1,0,0.00,0.00,3
26964,-0.052,-0.051,-2.997,-0.000,0.000,-0.000,0.000,-0.000,0.000,1.0000,0.0000,0.0000,0.0000,-22.21,-41.73,-39.20,0.00,86133.1,0,0.00,0.00,3
26984,-0.052,-0.051,-2.997,-0.000,0.000,-0.000,0.000,-0.000,0.000,1.0000,0.0000,0.0000,0.0000,-22.21,-41.73,-39.20,0.00,86133.1,0,0.00,0.00,3
27004,-0.052,-0.051,-2.997,-0.000,0.000,-0.000,0.000,-0.000,0.000,1.0000,0.0000,0.0000,0.0000,-22.21,-41.73,-39.20,0.00,86133.1,0,0.00,0.00,3
27024,-0.052,-0.051,-2.997,-0.000,0.000,-0.000,0.000,-0.000,0.000,1.0000,0.0000,0.0000,0.0000,-22.21,-41.73,-39.20,0.00,86133.1,0,0.00,0.00,3
27044,-0.052,-0.051,-2.997,-0.000,0.000,-0.000,0.000,-0.000,0.000,1.0000,0.0000,0.0000,0.0000,-22.21,-41.73,-39.20,0.00,86133.1,0,0.00,0.00,3
27064,-0.052,-0.051,-2.997,-0.000,0.000,-0.000,0.000,-0.000,0.000,1.0000,0.0000,0.0000,0.0000,-22.21,-41.73,-39.20,0.00,86133.1,0,0.00,0.00,3
27084,-0.052,-0.051,-2.997,-0.000,0.000,-0.000,0.000,-0.000,0.000,1.0000,0.0000,0.0000,0.0000,-22.21,-41.73,-39.20,0.00,86133.1,0,0.00,0.00,3
27104,-0.052,-0.051,-2.997,-0.000,0.000,-0.000,0.000,-0.000,0.000,1.0000,0.0000,0.0000,0.0000,-22.21,-41.73,-39.20,0.00,86133.1,0,0.00,0.00,3
27124,-0.052,-0.051,-2.997,-0.000,0.000,-0.000,0.000,-0.000,0.000,1.0000,0.0000,0.0000,0.0000,-22.21,-41.73,-39.20,0.00,86133.1,0,0.00,0.00,3
27144,-0.052,-0.051,-2.997,-0.000,0.000,-0.000,0.000,-0.000,0.000,1.0000,0.0000,0.0000,0.0000,-22.21,-41.73,-39.20,0.00,86133.1,0,0.00,0.00,3
27164,-0.052,-0.051,-2.997,-0.000,0.000,-0.000,0.000,-0.000,0.000,1.0000,0.0000,0.0000,0.0000,-22.21,-41.73,-39.20,0.00,86133.1,0,0.00,0.00,3
27184,-0.052,-0.051,-2.997,-0.000,0.000,-0.000,0.000,-0.000,0.000,1.0000,0.0000,0.0000,0.0000,-22.21,-41.73,-39.20,0.00,86133.1,0,0.00,0.00,3
27204,-0.052,-0.051,-2.997,-0.000,0.000,-0.000,0.000,-0.000,0.000,1.0000,0.0000,0.0000,0.0000,-22.21,-41.73,-39.20,0.00,86133.1,0,0.00,0.00,3
27224,-0.052,-0.051,-2.997,-0.000,0.000,-0.000,0.000,-0.000,0.000,1.0000,0.0000,0.0000,0.0000,-22.21,-41.73,-39.20,0.00,86133.1,0,0.00,0.00,3
27244,-0.052,-0.051,-2.997,-0.000,0.000,-0.000,0.000,-0.000,0.000,1.0000,0.0000,0.0000,0.0000,-22.21,-41.73,-39.20,0.00,86133.1,0,0.00,0.00,3
27264,-0.052,-0.051,-2.997,-0.000,0.000,-0.000,0.000,-0.000,0.000,1.0000,0.0000,0.0000,0.0000,-22.21,-41.73,-39.20,0.00,86133.1,0,0.00,0.00,3
27284,-0.052,-0.051,-2.997,-0.000,0.000,-0.000,0.000,-0.000,0.000,1.0000,0.0000,0.0000,0.0000,-22.21,-41.73,-39.20,0.00,86133.1,0,0.00,0.00,3
27304,-0.052,-0.051,-2.997,-0.000,0.000,-0.000,0.000,-0.000,0.000,1.0000,0.0000,0.0000,0.0000,-22.21,-41.73,-39.20,0.00,86133.1,0,0.00,0.00,3
27324,-0.052,-0.051,-2.997,-0.000,0.000,-0.000,0.000,-0.000,0.000,1.0000,0.0000,0.0000,0.0000,-22.21,-41.73,-39.20,0.00,86133.1,0,0.00,0.00,3
27344,-0.052,-0.051,-2.997,-0.000,0.000,-0.000,0.000,-0.000,0.000,1.0000,0.0000,0.0000,0.0000,-22.21,-41.73,-39.20,0.00,86133.1,0,0.00,0.00,3
27364,-0.052,-0.051,-2.997,-0.000,0.000,-0.000,0.000,-0.000,0.000,1.0000,0.0000,0.0000,0.0000,-22.21,-41.73,-39.20,0.00,86133.1,0,0.00,0.00,3
27384,-0.052,-0.051,-2.997,-0.000,0.000,-0.000,0.000,-0.000,0.000,1.0000,0.0000,0.0000,0.0000,-22.21,-41.73,-39.20,0.00,86133.1,0,0.00,0.00,3
27404,-0.052,-0.051,-2.997,-0.000,0.000,-0.000,0.000,-0.000,0.000,1.0000,0.0000,0.0000,0.0000,-22.21,-41.73,-39.20,0.00,86133.1,0,0.00,0.00,3
27424,-0.052,-0.051,-2.997,-0.000,0.000,-0.000,0.000,-0.000,0.000,1.0000,0.0000,0.0000,0.0000,-22.21,-41.73,-39.20,0.00,86133.1,0,0.00,0.00,3
27444,-0.052,-0.051,-2.997,-0.000,0.000,-0.000,0.000,-0.000,0.000,1.0000,0.0000,0.0000,0.0000,-22.21,-41.73,-39.20,0.00,86133.1,0,0.00,0.00,3
27464,-0.052,-0.051,-2.997,-0.000,0.000,-0.000,0.000,-0.000,0.000,1.0000,0.0000,0.0000,0.0000,-22.21,-41.73,-39.20,0.00,86133.1,0,0.00,0.00,3
27484,-0.052,-0.051,-2.997,-0.000,0.000,-0.000,0.000,-0.000,0.000,1.0000,0.0000,0.0000,0.0000,-22.21,-41.73,-39.20,0.00,86133.1,0,0.00,0.00,3
27504,-0.052,-0.051,-2.997,-0.000,0.000,-0.000,0.000,-0.000,0.000,1.0000,0.0000,0.0000,0.0000,-22.21,-41.73,-39.20,0.00,86133.1,0,0.00,0.00,3
27524,-0.052,-0.051,-2.997,-0.000,0.000,-0.000,0.000,-0.000,0.000,1.0000,0.0000,0.0000,0.0000,-22.21,-41.73,-39.20,0.00,86133.1,0,0.00,0.00,3
27544,-0.052,-0.051,-2.997,-0.000,0.000,-0.000,0.000,-0.000,0.000,1.0000,0.0000,0.0000,0.0000,-22.21,-41.73,-39.20,0.00,86133.1,0,0.00,0.00,3
27564,-0.052,-0.051,-2.997,-0.000,0.000,-0.000,0.000,-0.000,0.000,1.0000,0.0000,0.0000,0.0000,-22.21,-41.73,-39.20,0.00,86133.1,0,0.00,0.00,3
27584,-0.052,-0.051,-2.997,-0.000,0.000,-0.000,0.000,-0.000,0.000,1.0000,0.0000,0.0000,0.0000,-22.21,-41.73,-39.20,0.00,86133.1,0,0.00,0.00,3
27604,-0.052,-0.051,-2.997,-0.000,0.000,-0.000,0.000,-0.000,0.000,1.0000,0.0000,0.0000,0.0000,-22.21,-41.73,-39.20,0.00,86133.1,0,0.00,0.00,3
27624,-0.052,-0.051,-2.997,-0.000,0.000,-0.000,0.000,-0.000,0.000,1.0000,0.0000,0.0000,0.0000,-22.21,-41.73,-39.20,0.00,86133.1,0,0.00,0.00,3
27644,-0.052,-0.051,-2.997,-0.000,0.000,-0.000,0.000,-0.000,0.000,1.0000,0.0000,0.0000,0.0000,-22.21,-41.73,-39.20,0.00,86133.1,0,0.00,0.00,3
27664,-0.052,-0.051,-2.997,-0.000,0.000,-0.000,0.000,-0.000,0.000,1.0000,0.0000,0.0000,0.0000,-22.21,-41.73,-39.20,0.00,86133.1,0,0.00,0.00,3
27684,-0.052,-0.051,-2.997,-0.000,0.000,-0.000,0.000,-0.000,0.000,1.0000,0.0000,0.0000,0.0000,-22.21,-41.73,-39.20,0.00,86133.1,0,0.00,0.00,3
27704,-0.052,-0.051,-2.997,-0.000,0.000,-0.000,0.000,-0.000,0.000,1.0000,0.0000,0.0000,0.0000,-22.21,-41.73,-39.20,0.00,86133.1,0,0.00,0.00,3
27724,-0.052,-0.051,-2.997,-0.000,0.000,-0.000,0.000,-0.000,0.000,1.0000,0.0000,0.0000,0.0000,-22.21,-41.73,-39.20,0.00,86133.1,0,0.00,0.00,3
27744,-0.052,-0.051,-2.997,-0.000,0.000,-0.000,0.000,-0.000,0.000,1.0000,0.0000,0.0000,0.0000,-22.21,-41.73,-39.20,0.00,86133.1,0,0.00,0.00,3
27764,-0.052,-0.051,-2.997,-0.000,0.000,-0.000,0.000,-0.000,0.000,1.0000,0.0000,0.0000,0.0000,-22.21,-41.73,-39.20,0.00,86133.1,0,0.00,0.00,3
27784,-0.052,-0.051,-2.997,-0.000,0.000,-0.000,0.000,-0.000,0.000,1.0000,0.0000,0.0000,0.0000,-22.21,-41.73,-39.20,0.00,86133.1,0,0.00,0.00,3
27804,-0.052,-0.051,-2.997,-0.000,0.000,-0.000,0.000,-0.000,0.000,1.0000,0.0000,0.0000,0.0000,-22.21,-41.73,-39.20,0.00,86133.1,0,0.00,0.00,3
27824,-0.052,-0.051,-2.997,-0.000,0.000,-0.000,0.000,-0.000,0.000,1.0000,0.0000,0.0000,0.0000,-22.21,-41.73,-39.20,0.00,86133.1,0,0.00,0.00,3
27844,-0.052,-0.051,-2.997,-0.000,0.000,-0.000,0.000,-0.000,0.000,1.0000,0.0000,0.0000,0.0000,-22.21,-41.73,-39.20,0.00,86133.1,0,0.00,0.00,3
27864,-0.052,-0.051,-2.997,-0.000,0.000,-0.000,0.000,-0.000,0.000,1.0000,0.0000,0.0000,0.0000,-22.21,-41.73,-39.20,0.00,86133.1,0,0.00,0.00,3
27884,-0.052,-0.051,-2.997,-0.000,0.000,-0.000,0.000,-0.000,0.000,1.0000,0.0000,0.0000,0.0000,-22.21,-41.73,-39.20,0.00,86133.1,0,0.00,0.00,3
27904,-0.052,-0.051,-2.997,-0.000,0.000,-0.000,0.000,-0.000,0.000,1.0000,0.0000,0.0000,0.0000,-22.21,-41.73,-39.20,0.00,86133.1,0,0.00,0.00,3
27924,-0.052,-0.051,-2.997,-0.000,0.000,-0.000,0.000,-0.000,0.000,1.0000,0.0000,0.0000,0.0000,-22.21,-41.73,-39.20,0.00,86133.1,0,0.00,0.00,3
27944,-0.052,-0.051,-2.997,-0.000,0.000,-0.000,0.000,-0.000,0.000,1.0000,0.0000,0.0000,0.0000,-22.21,-41.73,-39.20,0.00,86133.1,0,0.00,0.00,3
27964,-0.052,-0.051,-2.997,-0.000,0.000,-0.000,0.000,-0.000,0.000,1.0000,0.0000,0.0000,0.0000,-22.21,-41.73,-39.20,0.00,86133.1,0,0.00,0.00,3
27984,-0.052,-0.051,-2.997,-0.000,0.000,-0.000,0.000,-0.000,0.000,1.0000,0.0000,0.0000,0.0000,-22.21,-41.73,-39.20,0.00,86133.1,0,0.00,0.00,3
28004,-0.052,-0.051,-2.997,-0.000,0.000,-0.000,0.000,-0.000,0.000,1.0000,0.0000,0.0000,0.0000,-22.21,-41.73,-39.20,0.00,86133.1,0,0.00,0.00,3
28024,-0.052,-0.051,-2.997,-0.000,0.000,-0.000,0.000,-0.000,0.000,1.0000,0.0000,0.0000,0.0000,-22.21,-41.73,-39.20,0.00,86133.1,0,0.00,0.00,3
28044,-0.052,-0.051,-2.997,-0.000,0.000,-0.000,0.000,-0.000,0.000,1.0000,0.0000,0.0000,0.0000,-22.21,-41.73,-39.20,0.00,86133.1,0,0.00,0.00,3
28064,-0.052,-0.051,-2.997,-0.000,0.000,-0.000,0.000,-0.000,0.000,1.0000,0.0000,0.0000,0.0000,-22.21,-41.73,-39.20,0.00,86133.1,0,0.00,0.00,3
28084,-0.052,-0.051,-2.997,-0.000,0.000,-0.000,0.000,-0.000,0.000,1.0000,0.0000,0.0000,0.0000,-22.21,-41.73,-39.20,0.00,86133.1,0,0.00,0.00,3
28104,-0.052,-0.051,-2.997,-0.000,0.000,-0.000,0.000,-0.000,0.000,1.0000,0.0000,0.0000,0.0000,-22.21,-41.73,-39.20,0.00,86133.1,0,0.00,0.00,3
28124,-0.052,-0.051,-2.997,-0.000,0.000,-0.000,0.000,-0.000,0.000,1.0000,0.0000,0.0000,0.0000,-22.21,-41.73,-39.20,0.00,86133.1,0,0.00,0.00,3
28144,-0.052,-0.051,-2.997,-0.000,0.000,-0.000,0.000,-0.000,0.000,1.0000,0.0000,0.0000,0.0000,-22.21,-41.73,-39.20,0.00,86133.1,0,0.00,0.00,3
28164,-0.052,-0.051,-2.997,-0.000,0.000,-0.000,0.000,-0.000,0.000,1.0000,0.0000,0.0000,0.0000,-22.21,-41.73,-39.20,0.00,86133.1,0,0.00,0.00,3
28184,-0.052,-0.051,-2.997,-0.000,0.000,-0.000,0.000,-0.000,0.000,1.0000,0.0000,0.0000,0.0000,-22.21,-41.73,-39.20,0.00,86133.1,0,0.00,0.00,3
28204,-0.052,-0.051,-2.997,-0.000,0.000,-0.000,0.000,-0.000,0.000,1.0000,0.0000,0.0000,0.0000,-22.21,-41.73,-39.20,0.00,86133.1,0,0.00,0.00,3
28224,-0.052,-0.051,-2.997,-0.000,0.000,-0.000,0.000,-0.000,0.000,1.0000,0.0000,0.0000,0.0000,-22.21,-41.73,-39.20,0.00,86133.1,0,0.00,0.00,3
28244,-0.052,-0.051,-2.997,-0.000,0.000,-0.000,0.000,-0.000,0.000,1.0000,0.0000,0.0000,0.0000,-22.21,-41.73,-39.20,0.00,86133.1,0,0.00,0.00,3
28264,-0.052,-0.051,-2.997,-0.000,0.000,-0.000,0.000,-0.000,0.000,1.0000,0.0000,0.0000,0.0000,-22.21,-41.73,-39.20,0.00,86133.1,0,0.00,0.00,3
28284,-0.052,-0.051,-2.997,-0.000,0.000,-0.000,0.000,-0.000,0.000,1.0000,0.0000,0.0000,0.0000,-22.21,-41.73,-39.20,0.00,86133.1,0,0.00,0.00,3
28304,-0.052,-0.051,-2.997,-0.000,0.000,-0.000,0.000,-0.000,0.000,1.0000,0.0000,0.0000,0.0000,-22.21,-41.73,-39.20,0.00,86133.1,0,0.00,0.00,3
28324,-0.052,-0.051,-2.997,-0.000,0.000,-0.000,0.000,-0.000,0.000,1.0000,0.0000,0.0000,0.0000,-22.21,-41.73,-39.20,0.00,86133.1,0,0.00,0.00,3
28344,-0.052,-0.051,-2.997,-0.000,0.000,-0.000,0.000,-0.000,0.000,1.0000,0.0000,0.0000,0.0000,-22.21,-41.73,-39.20,0.00,86133.1,0,0.00,0.00,3
28364,-0.052,-0.051,-2.997,-0.000,0.000,-0.000,0.000,-0.000,0.000,1.0000,0.0000,0.0000,0.0000,-22.21,-41.73,-39.20,0.00,86133.1,0,0.00,0.00,3
28384,-0.052,-0.051,-2.997,-0.000,0.000,-0.000,0.000,-0.000,0.000,1.0000,0.0000,0.0000,0.0000,-22.21,-41.73,-39.20,0.00,86133.1,0,0.00,0.00,3
28404,-0.052,-0.051,-2.997,-0.000,0.000,-0.000,0.000,-0.000,0.000,1.0000,0.0000,0.0000,0.0000,-22.21,-41.73,-39.20,0.00,86133.1,0,0.00,0.00,3
28424,-0.052,-0.051,-2.997,-0.000,0.000,-0.000,0.000,-0.000,0.000,1.0000,0.0000,0.0000,0.0000,-22.21,-41.73,-39.20,0.00,86133.1,0,0.00,0.00,3
28444,-0.052,-0.051,-2.997,-0.000,0.000,-0.000,0.000,-0.000,0.000,1.0000,0.0000,0.0000,0.0000,-22.21,-41.73,-39.20,0.00,86133.1,0,0.00,0.00,3
28464,-0.052,-0.051,-2.997,-0.000,0.000,-0.000,0.000,-0.000,0.000,1.0000,0.0000,0.0000,0.0000,-22.21,-41.73,-39.20,0.00,86133.1,0,0.00,0.00,3
28484,-0.052,-0.051,-2.997,-0.000,0.000,-0.000,0.000,-0.000,0.000,1.0000,0.0000,0.0000,0.0000,-22.21,-41.73,-39.20,0.00,86133.1,0,0.00,0.00,3
28504,-0.052,-0.051,-2.997,-0.000,0.000,-0.000,0.000,-0.000,0.000,1.0000,0.0000,0.0000,0.0000,-22.21,-41.73,-39.20,0.00,86133.1,0,0.00,0.00,3
28524,-0.052,-0.051,-2.997,-0.000,0.000,-0.000,0.000,-0.000,0.000,1.0000,0.0000,0.0000,0.0000,-22.21,-41.73,-39.20,0.00,86133.1,0,0.00,0.00,3
28544,-0.052,-0.051,-2.997,-0.000,0.000,-0.000,0.000,-0.000,0.000,1.0000,0.0000,0.0000,0.0000,-22.21,-41.73,-39.20,0.00,86133.1,0,0.00,0.00,3
28564,-0.052,-0.051,-2.997,-0.000,0.000,-0.000,0.000,-0.000,0.000,1.0000,0.0000,0.0000,0.0000,-22.21,-41.73,-39.20,0.00,86133.1,0,0.00,0.00,3
28584,-0.052,-0.051,-2.997,-0.000,0.000,-0.000,0.000,-0.000,0.000,1.0000,0.0000,0.0000,0.0000,-22.21,-41.73,-39.20,0.00,86133.1,0,0.00,0.00,3
28604,-0.052,-0.051,-2.997,-0.000,0.000,-0.000,0.000,-0.000,0.000,1.0000,0.0000,0.0000,0.0000,-22.21,-41.73,-39.20,0.00,86133.1,0,0.00,0.00,3
28624,-0.052,-0.051,-2.997,-0.000,0.000,-0.000,0.000,-0.000,0.000,1.0000,0.0000,0.0000,0.0000,-22.21,-41.73,-39.20,0.00,86133.1,0,0.00,0.00,3
28644,-0.052,-0.051,-2.997,-0.000,0.000,-0.000,0.000,-0.000,0.000,1.0000,0.0000,0.0000,0.0000,-22.21,-41.73,-39.20,0.00,86133.1,0,0.00,0.00,3
28664,-0.052,-0.051,-2.997,-0.000,0.000,-0.000,0.000,-0.000,0.000,1.0000,0.0000,0.0000,0.0000,-22.21,-41.73,-39.20,0.00,86133.1,0,0.00,0.00,3
28684,-0.052,-0.051,-2.997,-0.000,0.000,-0.000,0.000,-0.000,0.000,1.0000,0.0000,0.0000,0.0000,-22.21,-41.73,-39.20,0.00,86133.1,0,0.00,0.00,3
28704,-0.052,-0.051,-2.997,-0.000,0.000,-0.000,0.000,-0.000,0.000,1.0000,0.0000,0.0000,0.0000,-22.21,-41.73,-39.20,0.00,86133.1,0,0.00,0.00,3
28724,-0.052,-0.051,-2.997,-0.000,0.000,-0.000,0.000,-0.000,0.000,1.0000,0.0000,0.0000,0.0000,-22.21,-41.73,-39.20,0.00,86133.1,0,0.00,0.00,3
28744,-0.052,-0.051,-2.997,-0.000,0.000,-0.000,0.000,-0.000,0.000,1.0000,0.0000,0.0000,0.0000,-22.21,-41.73,-39.20,0.00,86133.1,0,0.00,0.00,3
28764,-0.052,-0.051,-2.997,-0.000,0.000,-0.000,0.000,-0.000,0.000,1.0000,0.0000,0.0000,0.0000,-22.21,-41.73,-39.20,0.00,86133.1,0,0.00,0.00,3
28784,-0.052,-0.051,-2.997,-0.000,0.000,-0.000,0.000,-0.000,0.000,1.0000,0.0000,0.0000,0.0000,-22.21,-41.73,-39.20,0.00,86133.1,0,0.00,0.00,3
28804,-0.052,-0.051,-2.997,-0.000,0.000,-0.000,0.000,-0.000,0.000,1.0000,0.0000,0.0000,0.0000,-22.21,-41.73,-39.20,0.00,86133.1,0,0.00,0.00,3
28824,-0.052,-0.051,-2.997,-0.000,0.000,-0.000,0.000,-0.000,0.000,1.0000,0.0000,0.0000,0.0000,-22.21,-41.73,-39.20,0.00,86133.1,0,0.00,0.00,3
28844,-0.052,-0.051,-2.997,-0.000,0.000,-0.000,0.000,-0.000,0.000,1.0000,0.0000,0.0000,0.0000,-22.21,-41.73,-39.20,0.00,86133.1,0,0.00,0.00,3
28864,-0.052,-0.051,-2.997,-0.000,0.000,-0.000,0.000,-0.000,0.000,1.0000,0.0000,0.0000,0.0000,-22.21,-41.73,-39.20,0.00,86133.1,0,0.00,0.00,3
28884,-0.052,-0.051,-2.997,-0.000,0.000,-0.000,0.000,-0.000,0.000,1.0000,0.0000,0.0000,0.0000,-22.21,-41.73,-39.20,0.00,86133.1,0,0.00,0.00,3
28904,-0.052,-0.051,-2.997,-0.000,0.000,-0.000,0.000,-0.000,0.000,1.0000,0.0000,0.0000,0.0000,-22.21,-41.73,-39.20,0.00,86133.1,0,0.00,0.00,3
28924,-0.052,-0.051,-2.997,-0.000,0.000,-0.000,0.000,-0.000,0.000,1.0000,0.0000,0.0000,0.0000,-22.21,-41.73,-39.20,0.00,86133.1,0,0.00,0.00,3
28944,-0.052,-0.051,-2.997,-0.000,0.000,-0.000,0.000,-0.000,0.000,1.0000,0.0000,0.0000,0.0000,-22.21,-41.73,-39.20,0.00,86133.1,0,0.00,0.00,3
28964,-0.052,-0.051,-2.997,-0.000,0.000,-0.000,0.000,-0.000,0.000,1.0000,0.0000,0.0000,0.0000,-22.21,-41.73,-39.20,0.00,86133.1,0,0.00,0.00,3
28984,-0.052,-0.051,-2.997,-0.000,0.000,-0.000,0.000,-0.000,0.000,1.0000,0.0000,0.0000,0.0000,-22.21,-41.73,-39.20,0.00,86133.1,0,0.00,0.00,3
29004,-0.052,-0.051,-2.997,-0.000,0.000,-0.000,0.000,-0.000,0.000,1.0000,0.0000,0.0000,0.0000,-22.21,-41.73,-39.20,0.00,86133.1,0,0.00,0.00,3
29024,-0.052,-0.051,-2.997,-0.000,0.000,-0.000,0.000,-0.000,0.000,1.0000,0.0000,0.0000,0.0000,-22.21,-41.73,-39.20,0.00,86133.1,0,0.00,0.00,3
29044,-0.052,-0.051,-2.997,-0.000,0.000,-0.000,0.000,-0.000,0.000,1.0000,0.0000,0.0000,0.0000,-22.21,-41.73,-39.20,0.00,86133.1,0,0.00,0.00,3
29064,-0.052,-0.051,-2.997,-0.000,0.000,-0.000,0.000,-0.000,0.000,1.0000,0.0000,0.0000,0.0000,-22.21,-41.73,-39.20,0.00,86133.1,0,0.00,0.00,3
29084,-0.052,-0.051,-2.997,-0.000,0.000,-0.000,0.000,-0.000,0.000,1.0000,0.0000,0.0000,0.0000,-22.21,-41.73,-39.20,0.00,86133.1,0,0.00,0.00,3
29104,-0.052,-0.051,-2.997,-0.000,0.000,-0.000,0.000,-0.000,0.000,1.0000,0.0000,0.0000,0.0000,-22.21,-41.73,-39.20,0.00,86133.1,0,0.00,0.00,3
29124,-0.052,-0.051,-2.997,-0.000,0.000,-0.000,0.000,-0.000,0.000,1.0000,0.0000,0.0000,0.0000,-22.21,-41.73,-39.20,0.00,86133.1,0,0.00,0.00,3
29144,-0.052,-0.051,-2.997,-0.000,0.000,-0.000,0.000,-0.000,0.000,1.0000,0.0000,0.0000,0.0000,-22.21,-41.73,-39.20,0.00,86133.1,0,0.00,0.00,3
29164,-0.052,-0.051,-2.997,-0.000,0.000,-0.000,0.000,-0.000,0.000,1.0000,0.0000,0.0000,0.0000,-22.21,-41.73,-39.20,0.00,86133.1,0,0.00,0.00,3
29184,-0.052,-0.051,-2.997,-0.000,0.000,-0.000,0.000,-0.000,0.000,1.0000,0.0000,0.0000,0.0000,-22.21,-41.73,-39.20,0.00,86133.1,0,0.00,0.00,3
29204,-0.052,-0.051,-2.997,-0.000,0.000,-0.000,0.000,-0.000,0.000,1.0000,0.0000,0.0000,0.0000,-22.21,-41.73,-39.20,0.00,86133.1,0,0.00,0.00,3
29224,-0.052,-0.051,-2.997,-0.000,0.000,-0.000,0.000,-0.000,0.000,1.0000,0.0000,0.0000,0.0000,-22.21,-41.73,-39.20,0.00,86133.1,0,0.00,0.00,3
29244,-0.052,-0.051,-2.997,-0.000,0.000,-0.000,0.000,-0.000,0.000,1.0000,0.0000,0.0000,0.0000,-22.21,-41.73,-39.20,0.00,86133.1,0,0.00,0.00,3
29264,-0.052,-0.051,-2.997,-0.000,0.000,-0.000,0.000,-0.000,0.000,1.0000,0.0000,0.0000,0.0000,-22.21,-41.73,-39.20,0.00,86133.1,0,0.00,0.00,3
29284,-0.052,-0.051,-2.997,-0.000,0.000,-0.000,0.000,-0.000,0.000,1.0000,0.0000,0.0000,0.0000,-22.21,-41.73,-39.20,0.00,86133.1,0,0.00,0.00,3
29304,-0.052,-0.051,-2.997,-0.000,0.000,-0.000,0.000,-0.000,0.000,1.0000,0.0000,0.0000,0.0000,-22.21,-41.73,-39.20,0.00,86133.1,0,0.00,0.00,3
29324,-0.052,-0.051,-2.997,-0.000,0.000,-0.000,0.000,-0.000,0.000,1.0000,0.0000,0.0000,0.0000,-22.21,-41.73,-39.20,0.00,86133.1,0,0.00,0.00,3
29344,-0.052,-0.051,-2.997,-0.000,0.000,-0.000,0.000,-0.000,0.000,1.0000,0.0000,0.0000,0.0000,-22.21,-41.73,-39.20,0.00,86133.1,0,0.00,0.00,3
29364,-0.052,-0.051,-2.997,-0.000,0.000,-0.000,0.000,-0.000,0.000,1.0000,0.0000,0.0000,0.0000,-22.21,-41.73,-39.20,0.00,86133.1,0,0.00,0.00,3
29384,-0.052,-0.051,-2.997,-0.000,0.000,-0.000,0.000,-0.000,0.000,1.0000,0.0000,0.0000,0.0000,-22.21,-41.73,-39.20,0.00,86133.1,0,0.00,0.00,3
29404,-0.052,-0.051,-2.997,-0.000,0.000,-0.000,0.000,-0.000,0.000,1.0000,0.0000,0.0000,0.0000,-22.21,-41.73,-39.20,0.00,86133.1,0,0.00,0.00,3
29424,-0.052,-0.051,-2.997,-0.000,0.000,-0.000,0.000,-0.000,0.000,1.0000,0.0000,0.0000,0.0000,-22.21,-41.73,-39.20,0.00,86133.1,0,0.00,0.00,3
29444,-0.052,-0.051,-2.997,-0.000,0.000,-0.000,0.000,-0.000,0.000,1.0000,0.0000,0.0000,0.0000,-22.21,-41.73,-39.20,0.00,86133.1,0,0.00,0.00,3
29464,-0.052,-0.051,-2.997,-0.000,0.000,-0.000,0.000,-0.000,0.000,1.0000,0.0000,0.0000,0.0000,-22.21,-41.73,-39.20,0.00,86133.1,0,0.00,0.00,3
29484,-0.052,-0.051,-2.997,-0.000,0.000,-0.000,0.000,-0.000,0.000,1.0000,0.0000,0.0000,0.0000,-22.21,-41.73,-39.20,0.00,86133.1,0,0.00,0.00,3
29504,-0.052,-0.051,-2.997,-0.000,0.000,-0.000,0.000,-0.000,0.000,1.0000,0.0000,0.0000,0.0000,-22.21,-41.73,-39.20,0.00,86133.1,0,0.00,0.00,3
29524,-0.052,-0.051,-2.997,-0.000,0.000,-0.000,0.000,-0.000,0.000,1.0000,0.0000,0.0000,0.0000,-22.21,-41.73,-39.20,0.00,86133.1,0,0.00,0.00,3
29544,-0.052,-0.051,-2.997,-0.000,0.000,-0.000,0.000,-0.000,0.000,1.0000,0.0000,0.0000,0.0000,-22.21,-41.73,-39.20,0.00,86133.1,0,0.00,0.00,3
29564,-0.052,-0.051,-2.997,-0.000,0.000,-0.000,0.000,-0.000,0.000,1.0000,0.0000,0.0000,0.0000,-22.21,-41.73,-39.20,0.00,86133.1,0,0.00,0.00,3
29584,-0.052,-0.051,-2.997,-0.000,0.000,-0.000,0.000,-0.000,0.000,1.0000,0.0000,0.0000,0.0000,-22.21,-41.73,-39.20,0.00,86133.1,0,0.00,0.00,3
29604,-0.052,-0.051,-2.997,-0.000,0.000,-0.000,0.000,-0.000,0.000,1.0000,0.0000,0.0000,0.0000,-22.21,-41.73,-39.20,0.00,86133.1,0,0.00,0.00,3
29624,-0.052,-0.051,-2.997,-0.000,0.000,-0.000,0.000,-0.000,0.000,1.0000,0.0000,0.0000,0.0000,-22.21,-41.73,-39.20,0.00,86133.1,0,0.00,0.00,3
29644,-0.052,-0.051,-2.997,-0.000,0.000,-0.000,0.000,-0.000,0.000,1.0000,0.0000,0.0000,0.0000,-22.21,-41.73,-39.20,0.00,86133.1,0,0.00,0.00,3
29664,-0.052,-0.051,-2.997,-0.000,0.000,-0.000,0.000,-0.000,0.000,1.0000,0.0000,0.0000,0.0000,-22.21,-41.73,-39.20,0.00,86133.1,0,0.00,0.00,3
29684,-0.052,-0.051,-2.997,-0.000,0.000,-0.000,0.000,-0.000,0.000,1.0000,0.0000,0.0000,0.0000,-22.21,-41.73,-39.20,0.00,86133.1,0,0.00,0.00,3
29704,-0.052,-0.051,-2.997,-0.000,0.000,-0.000,0.000,-0.000,0.000,1.0000,0.0000,0.0000,0.0000,-22.21,-41.73,-39.20,0.00,86133.1,0,0.00,0.00,3
29724,-0.052,-0.051,-2.997,-0.000,0.000,-0.000,0.000,-0.000,0.000,1.0000,0.0000,0.0000,0.0000,-22.21,-41.73,-39.20,0.00,86133.1,0,0.00,0.00,3
29744,-0.052,-0.051,-2.997,-0.000,0.000,-0.000,0.000,-0.000,0.000,1.0000,0.0000,0.0000,0.0000,-22.21,-41.73,-39.20,0.00,86133.1,0,0.00,0.00,3
29764,-0.052,-0.051,-2.997,-0.000,0.000,-0.000,0.000,-0.000,0.000,1.0000,0.0000,0.0000,0.0000,-22.21,-41.73,-39.20,0.00,86133.1,0,0.00,0.00,3
29784,-0.052,-0.051,-2.997,-0.000,0.000,-0.000,0.000,-0.000,0.000,1.0000,0.0000,0.0000,0.0000,-22.21,-41.73,-39.20,0.00,86133.1,0,0.00,0.00,3
29804,-0.052,-0.051,-2.997,-0.000,0.000,-0.000,0.000,-0.000,0.000,1.0000,0.0000,0.0000,0.0000,-22.21,-41.73,-39.20,0.00,86133.1,0,0.00,0.00,3
29824,-0.052,-0.051,-2.997,-0.000,0.000,-0.000,0.000,-0.000,0.000,1.0000,0.0000,0.0000,0.0000,-22.21,-41.73,-39.20,0.00,86133.1,0,0.00,0.00,3
29844,-0.052,-0.051,-2.997,-0.000,0.000,-0.000,0.000,-0.000,0.000,1.0000,0.0000,0.0000,0.0000,-22.21,-41.73,-39.20,0.00,86133.1,0,0.00,0.00,3
29864,-0.052,-0.051,-2.997,-0.000,0.000,-0.000,0.000,-0.000,0.000,1.0000,0.0000,0.0000,0.0000,-22.21,-41.73,-39.20,0.00,86133.1,0,0.00,0.00,3
29884,-0.052,-0.051,-2.997,-0.000,0.000,-0.000,0.000,-0.000,0.000,1.0000,0.0000,0.0000,0.0000,-22.21,-41.73,-39.20,0.00,86133.1,0,0.00,0.00,3
29904,-0.052,-0.051,-2.997,-0.000,0.000,-0.000,0.000,-0.000,0.000,1.0000,0.0000,0.0000,0.0000,-22.21,-41.73,-39.20,0.00,86133.1,0,0.00,0.00,3
29924,-0.052,-0.051,-2.997,-0.000,0.000,-0.000,0.000,-0.000,0.000,1.0000,0.0000,0.0000,0.0000,-22.21,-41.73,-39.20,0.00,86133.1,0,0.00,0.00,3
29944,-0.052,-0.051,-2.997,-0.000,0.000,-0.000,0.000,-0.000,0.000,1.0000,0.0000,0.0000,0.0000,-22.21,-41.73,-39.20,0.00,86133.1,0,0.00,0.00,3
29964,-0.052,-0.051,-2.997,-0.000,0.000,-0.000,0.000,-0.000,0.000,1.0000,0.0000,0.0000,0.0000,-22.21,-41.73,-39.20,0.00,86133.1,0,0.00,0.00,3
29984,-0.052,-0.051,-2.997,-0.000,0.000,-0.000,0.000,-0.000,0.000,1.0000,0.0000,0.0000,0.0000,-22.21,-41.73,-39.20,0.00,86133.1,0,0.00,0.00,3
30004,-0.052,-0.051,-2.997,-0.000,0.000,-0.000,0.000,-0.000,0.000,1.0000,0.0000,0.0000,0.0000,-22.21,-41.73,-39.20,0.00,86133.1,0,0.00,0.00,3
30024,-0.052,-0.051,-2.997,-0.000,0.000,-0.000,0.000,-0.000,0.000,1.0000,0.0000,0.0000,0.0000,-22.21,-41.73,-39.20,0.00,86133.1,0,0.00,0.00,3
30044,-0.052,-0.051,-2.997,-0.000,0.000,-0.000,0.000,-0.000,0.000,1.0000,0.0000,0.0000,0.0000,-22.21,-41.73,-39.20,0.00,86133.1,0,0.00,0.00,3
30064,-0.052,-0.051,-2.997,-0.000,0.000,-0.000,0.000,-0.000,0.000,1.0000,0.0000,0.0000,0.0000,-22.21,-41.73,-39.20,0.00,86133.1,0,0.00,0.00,3
30084,-0.052,-0.051,-2.997,-0.000,0.000,-0.000,0.000,-0.000,0.000,1.0000,0.0000,0.0000,0.0000,-22.21,-41.73,-39.20,0.00,86133.1,0,0.00,0.00,3
30104,-0.052,-0.051,-2.997,-0.000,0.000,-0.000,0.000,-0.000,0.000,1.0000,0.0000,0.0000,0.0000,-22.21,-41.73,-39.20,0.00,86133.1,0,0.00,0.00,3
30124,-0.052,-0.051,-2.997,-0.000,0.000,-0.000,0.000,-0.000,0.000,1.0000,0.0000,0.0000,0.0000,-22.21,-41.73,-39.20,0.00,86133.1,0,0.00,0.00,3
30144,-0.052,-0.051,-2.997,-0.000,0.000,-0.000,0.000,-0.000,0.000,1.0000,0.0000,0.0000,0.0000,-22.21,-41.73,-39.20,0.00,86133.1,0,0.00,0.00,3
30164,-0.052,-0.051,-2.997,-0.000,0.000,-0.000,0.000,-0.000,0.000,1.0000,0.0000,0.0000,0.0000,-22.21,-41.73,-39.20,0.00,86133.1,0,0.00,0.00,3
30184,-0.052,-0.051,-2.997,-0.000,0.000,-0.000,0.000,-0.000,0.000,1.0000,0.0000,0.0000,0.0000,-22.21,-41.73,-39.20,0.00,86133.1,0,0.00,0.00,3
30204,-0.052,-0.051,-2.997,-0.000,0.000,-0.000,0.000,-0.000,0.000,1.0000,0.0000,0.0000,0.0000,-22.21,-41.73,-39.20,0.00,86133.1,0,0.00,0.00,3
30224,-0.052,-0.051,-2.997,-0.000,0.000,-0.000,0.000,-0.000,0.000,1.0000,0.0000,0.0000,0.0000,-22.21,-41.73,-39.20,0.00,86133.1,0,0.00,0.00,3
30244,-0.052,-0.051,-2.997,-0.000,0.000,-0.000,0.000,-0.000,0.000,1.0000,0.0000,0.0000,0.0000,-22.21,-41.73,-39.20,0.00,86133.1,0,0.00,0.00,3
30264,-0.052,-0.051,-2.997,-0.000,0.000,-0.000,0.000,-0.000,0.000,1.0000,0.0000,0.0000,0.0000,-22.21,-41.73,-39.20,0.00,86133.1,0,0.00,0.00,3
30284,-0.052,-0.051,-2.997,-0.000,0.000,-0.000,0.000,-0.000,0.000,1.0000,0.0000,0.0000,0.0000,-22.21,-41.73,-39.20,0.00,86133.1,0,0.00,0.00,3
30304,-0.052,-0.051,-2.997,-0.000,0.000,-0.000,0.000,-0.000,0.000,1.0000,0.0000,0.0000,0.0000,-22.21,-41.73,-39.20,0.00,86133.1,0,0.00,0.00,3
30324,-0.052,-0.051,-2.997,-0.000,0.000,-0.000,0.000,-0.000,0.000,1.0000,0.0000,0.0000,0.0000,-22.21,-41.73,-39.20,0.00,86133.1,0,0.00,0.00,3
30344,-0.052,-0.051,-2.997,-0.000,0.000,-0.000,0.000,-0.000,0.000,1.0000,0.0000,0.0000,0.0000,-22.21,-41.73,-39.20,0.00,86133.1,0,0.00,0.00,3
30364,-0.052,-0.051,-2.997,-0.000,0.000,-0.000,0.000,-0.000,0.000,1.0000,0.0000,0.0000,0.0000,-22.21,-41.73,-39.20,0.00,86133.1,0,0.00,0.00,3
30384,-0.052,-0.051,-2.997,-0.000,0.000,-0.000,0.000,-0.000,0.000,1.0000,0.0000,0.0000,0.0000,-22.21,-41.73,-39.20,0.00,86133.1,0,0.00,0.00,3
30404,-0.052,-0.051,-2.997,-0.000,0.000,-0.000,0.000,-0.000,0.000,1.0000,0.0000,0.0000,0.0000,-22.21,-41.73,-39.20,0.00,86133.1,0,0.00,0.00,3
30424,-0.052,-0.051,-2.997,-0.000,0.000,-0.000,0.000,-0.000,0.000,1.0000,0.0000,0.0000,0.0000,-22.21,-41.73,-39.20,0.00,86133.1,0,0.00,0.00,3
30444,-0.052,-0.051,-2.997,-0.000,0.000,-0.000,0.000,-0.000,0.000,1.0000,0.0000,0.0000,0.0000,-22.21,-41.73,-39.20,0.00,86133.1,0,0.00,0.00,3
30464,-0.052,-0.051,-2.997,-0.000,0.000,-0.000,0.000,-0.000,0.000,1.0000,0.0000,0.0000,0.0000,-22.21,-41.73,-39.20,0.00,86133.1,0,0.00,0.00,3
30484,-0.052,-0.051,-2.997,-0.000,0.000,-0.000,0.000,-0.000,0.000,1.0000,0.0000,0.0000,0.0000,-22.21,-41.73,-39.20,0.00,86133.1,0,0.00,0.00,3
30504,-0.052,-0.051,-2.997,-0.000,0.000,-0.000,0.000,-0.000,0.000,1.0000,0.0000,0.0000,0.0000,-22.21,-41.73,-39.20,0.00,86133.1,0,0.00,0.00,3
30524,-0.052,-0.051,-2.997,-0.000,0.000,-0.000,0.000,-0.000,0.000,1.0000,0.0000,0.0000,0.0000,-22.21,-41.73,-39.20,0.00,86133.1,0,0.00,0.00,3
30544,-0.052,-0.051,-2.997,-0.000,0.000,-0.000,0.000,-0.000,0.000,1.0000,0.0000,0.0000,0.0000,-22.21,-41.73,-39.20,0.00,86133.1,0,0.00,0.00,3
30564,-0.052,-0.051,-2.997,-0.000,0.000,-0.000,0.000,-0.000,0.000,1.0000,0.0000,0.0000,0.0000,-22.21,-41.73,-39.20,0.00,86133.1,0,0.00,0.00,3
30584,-0.052,-0.051,-2.997,-0.000,0.000,-0.000,0.000,-0.000,0.000,1.0000,0.0000,0.0000,0.0000,-22.21,-41.73,-39.20,0.00,86133.1,0,0.00,0.00,3
30604,-0.052,-0.051,-2.997,-0.000,0.000,-0.000,0.000,-0.000,0.000,1.0000,0.0000,0.0000,0.0000,-22.21,-41.73,-39.20,0.00,86133.1,0,0.00,0.00,3
30626,-0.052,-0.051,-2.997,0.061,0.000,0.183,0.000,-0.000,0.000,1.0000,0.0000,0.0000,0.0000,-22.21,-41.73,-39.20,0.00,86133.1,0,0.00,0.00,3
30646,-0.050,-0.050,-2.995,0.000,-0.122,0.061,0.000,-0.000,0.000,1.0000,0.0000,-0.0000,0.0000,-22.22,-41.74,-39.18,0.00,86134.1,0,0.00,0.00,3
30666,-0.052,-0.051,-2.992,-0.061,-0.061,0.061,0.000,-0.000,0.000,1.0000,0.0000,-0.0000,0.0001,-22.25,-41.77,-39.15,0.00,86142.7,0,0.00,0.00,3
30686,-0.053,-0.050,-2.994,0.000,0.000,0.122,0.000,-0.000,0.000,1.0000,0.0000,-0.0000,0.0001,-22.28,-41.79,-39.16,0.00,86140.0,0,0.00,0.00,3
30706,-0.050,-0.048,-2.995,0.000,0.000,0.122,0.000,-0.000,0.000,1.0000,-0.0000,-0.0000,0.0001,-22.29,-41.79,-39.17,0.00,86135.7,0,0.00,0.00,3
30726,-0.052,-0.051,-2.996,0.000,-0.061,0.122,0.000,-0.000,0.000,1.0000,-0.0000,-0.0000,0.0001,-22.27,-41.78,-39.18,0.00,86128.6,0,0.00,0.00,3
30746,-0.053,-0.052,-2.997,0.000,0.000,0.061,0.000,-0.000,0.000,1.0000,-0.0000,-0.0000,0.0001,-22.29,-41.80,-39.19,0.00,86140.0,0,0.00,0.00,3
30766,-0.051,-0.049,-2.997,0.000,0.000,0.061,0.000,-0.000,0.000,1.0000,-0.0000,-0.0000,0.0001,-22.28,-41.79,-39.20,0.00,86130.1,0,0.00,0.00,3
30786,-0.051,-0.050,-2.996,0.061,-0.061,0.183,0.000,-0.000,0.000,1.0000,0.0000,-0.0001,0.0002,-22.24,-41.74,-39.18,0.00,86121.9,0,0.00,0.00,3
30806,-0.052,-0.048,-2.994,0.000,-0.061,0.122,0.000,-0.000,0.000,1.0000,0.0000,-0.0001,0.0002,-22.23,-41.74,-39.16,0.00,86131.0,0,0.00,0.00,3
30826,-0.050,-0.049,-2.999,0.061,0.061,0.122,0.000,-0.000,0.000,1.0000,0.0000,-0.0001,0.0002,-22.22,-41.73,-39.21,0.00,86131.2,0,0.00,0.00,3
30846,-0.051,-0.050,-2.992,-0.061,-0.122,0.061,0.000,-0.000,0.000,1.0000,0.0000,-0.0001,0.0002,-22.20,-41.71,-39.15,0.00,86128.6,0,0.00,0.00,3
30866,-0.052,-0.050,-2.993,-0.061,-0.061,0.122,0.000,-0.000,0.000,1.0000,0.0000,-0.0001,0.0002,-22.24,-41.75,-39.15,0.00,86143.2,0,0.00,0.00,3
30886,-0.048,-0.048,-3.000,-0.061,-0.122,0.122,0.000,-0.000,0.000,1.0000,-0.0000,-0.0001,0.0003,-22.27,-41.78,-39.22,0.00,86142.2,0,0.00,0.00,3
30906,-0.049,-0.050,-2.997,0.000,-0.061,0.244,0.000,-0.000,0.000,1.0000,-0.0000,-0.0001,0.0003,-22.24,-41.75,-39.19,0.00,86124.5,0,0.00,0.00,3
30926,-0.051,-0.050,-2.994,0.000,0.000,0.183,0.000,-0.000,0.000,1.0000,-0.0000,-0.0001,0.0003,-22.28,-41.78,-39.17,0.00,86144.8,0,0.00,0.00,3
30946,-0.054,-0.050,-2.989,-0.061,0.000,0.061,0.000,-0.000,0.000,1.0000,-0.0000,-0.0001,0.0004,-22.29,-41.78,-39.12,0.00,86134.1,0,0.00,0.00,3
30966,-0.050,-0.050,-2.994,-0.122,-0.061,0.061,0.000,-0.000,0.000,1.0000,-0.0000,-0.0001,0.0004,-22.28,-41.77,-39.17,0.00,86130.9,0,0.00,0.00,3
30986,-0.051,-0.050,-2.993,0.000,-0.122,0.122,0.000,-0.000,0.000,1.0000,-0.0000,-0.0001,0.0004,-22.23,-41.73,-39.15,0.00,86121.8,0,0.00,0.00,3
31006,-0.050,-0.051,-2.996,0.000,-0.061,0.122,0.000,-0.000,0.000,1.0000,-0.0000,-0.0002,0.0004,-22.23,-41.73,-39.19,0.02,86132.3,0,0.00,0.00,3
31026,-0.053,-0.048,-2.994,-0.061,0.000,0.061,0.000,-0.000,0.000,1.0000,-0.0001,-0.0002,0.0004,-22.23,-41.73,-39.17,0.00,86134.7,0,0.00,0.00,3
31046,-0.053,-0.049,-2.995,-0.061,-0.061,0.061,0.000,-0.000,0.000,1.0000,-0.0001,-0.0002,0.0004,-22.24,-41.74,-39.18,0.00,86135.7,0,0.00,0.00,3
31066,-0.052,-0.050,-2.993,-0.122,0.061,0.122,0.000,-0.000,0.000,1.0000,-0.0001,-0.0002,0.0004,-22.28,-41.77,-39.16,0.00,86142.6,0,0.00,0.00,3
31086,-0.051,-0.049,-3.000,0.000,-0.061,0.244,0.000,-0.000,0.000,1.0000,-0.0001,-0.0002,0.0005,-22.29,-41.78,-39.23,0.00,86136.2,0,0.00,0.00,3
31106,-0.050,-0.049,-2.994,0.000,0.000,0.061,0.000,-0.000,0.000,1.0000,-0.0001,-0.0002,0.0005,-22.26,-41.75,-39.16,0.00,86126.7,0,0.00,0.00,3
31126,-0.052,-0.051,-2.994,0.061,-0.122,0.061,0.000,-0.000,0.000,1.0000,-0.0001,-0.0002,0.0005,-22.28,-41.77,-39.16,0.03,86138.7,0,0.00,0.00,3
31147,-0.051,-0.051,-2.993,0.122,-0.061,0.061,0.000,-0.000,0.000,1.0000,-0.0001,-0.0002,0.0005,-22.22,-41.71,-39.16,0.00,86117.0,0,0.00,0.00,3
31167,-0.052,-0.051,-2.998,0.000,-0.122,0.122,0.000,-0.000,0.000,1.0000,-0.0001,-0.0002,0.0005,-22.22,-41.71,-39.20,0.00,86132.6,0,0.00,0.00,3
31186,-0.055,-0.050,-3.000,-0.061,0.061,0.061,0.000,-0.000,0.000,1.0000,-0.0001,-0.0002,0.0006,-22.24,-41.73,-39.22,0.00,86139.0,0,0.00,0.00,3
31208,-0.054,-0.049,-3.292,0.000,0.000,0.122,0.000,-0.000,0.000,1.0000,-0.0001,-0.0002,0.0006,-22.25,-41.80,-42.09,0.00,86135.8,0,0.00,0.00,3
31226,-0.051,-0.052,-3.867,-0.061,-0.061,0.305,0.000,-0.000,0.000,1.0000,-0.0001,-0.0002,0.0006,-22.25,-41.96,-47.73,0.00,86132.5,0,0.00,0.00,3
31246,-0.051,-0.050,-4.446,-0.061,-0.061,0.305,0.000,-0.000,0.000,1.0000,-0.0001,-0.0002,0.0007,-22.25,-42.25,-53.41,0.02,86132.6,0,0.00,0.00,3
31266,-0.053,-0.048,-5.027,0.000,-0.183,0.244,0.000,-0.000,0.000,1.0000,-0.0001,-0.0003,0.0007,-22.27,-42.65,-59.10,0.00,86135.0,0,0.00,0.00,3
31286,-0.052,-0.051,-5.602,0.061,-0.183,0.366,0.000,-0.000,0.000,1.0000,-0.0001,-0.0003,0.0008,-22.33,-43.19,-64.74,0.02,86143.5,0,0.00,0.00,3
31306,-0.053,-0.051,-6.186,0.000,-0.061,0.366,0.000,-0.000,0.000,1.0000,-0.0001,-0.0003,0.0009,-22.34,-43.80,-70.47,0.03,86128.3,0,0.00,0.00,3
31326,-0.051,-0.050,-6.765,0.061,-0.061,0.488,0.000,-0.000,0.000,1.0000,-0.0001,-0.0003,0.0009,-22.36,-44.51,-76.15,0.02,86126.6,0,0.00,0.00,3
31346,-0.051,-0.050,-6.762,0.061,-0.183,0.488,0.000,-0.000,0.000,1.0000,-0.0001,-0.0004,0.0010,-22.41,-45.23,-76.12,0.04,86130.9,0,0.00,0.00,3
31366,-0.050,-0.050,-6.760,-0.061,-0.061,0.488,0.000,-0.000,0.000,1.0000,-0.0001,-0.0004,0.0011,-22.48,-45.96,-76.10,0.03,86134.6,0,0.00,0.00,3
31386,-0.054,-0.051,-6.757,0.000,-0.061,0.488,0.000,-0.000,0.000,1.0000,-0.0001,-0.0004,0.0012,-22.55,-46.68,-76.07,0.04,86130.1,0,0.00,0.00,3
31406,-0.052,-0.050,-6.753,0.061,-0.061,0.427,0.000,-0.000,0.000,1.0000,-0.0001,-0.0004,0.0013,-22.59,-47.36,-76.04,0.03,86121.4,0,0.00,0.00,3
31426,-0.050,-0.048,-6.755,0.061,-0.061,0.427,0.000,-0.000,0.000,1.0000,-0.0000,-0.0004,0.0013,-22.69,-48.08,-76.05,0.04,86132.3,0,0.00,0.00,3
31446,-0.051,-0.053,-6.753,0.061,-0.061,0.488,0.000,-0.000,0.000,1.0000,-0.0000,-0.0004,0.0014,-22.79,-48.78,-76.04,0.04,86130.1,0,0.00,0.00,3
31466,-0.052,-0.050,-6.753,0.061,0.000,0.549,0.000,-0.000,0.000,1.0000,-0.0000,-0.0004,0.0015,-22.93,-49.51,-76.04,0.04,86138.1,0,0.00,0.00,3
31486,-0.050,-0.048,-6.750,0.061,0.000,0.488,0.000,-0.000,0.000,1.0000,-0.0000,-0.0004,0.0016,-23.03,-50.18,-76.01,0.04,86123.0,0,0.00,0.00,3
31506,-0.049,-0.049,-6.749,0.061,-0.122,0.488,0.000,-0.000,0.000,1.0000,-0.0000,-0.0004,0.0017,-23.11,-50.83,-75.99,0.05,86116.6,0,0.00,0.00,3
31526,-0.051,-0.050,-6.750,0.000,-0.122,0.488,0.000,-0.000,0.000,1.0000,-0.0000,-0.0004,0.0018,-23.21,-51.48,-76.01,0.05,86119.8,0,0.00,0.00,3
31546,-0.052,-0.051,-6.749,0.061,-0.122,0.488,0.000,-0.000,0.000,1.0000,0.0000,-0.0005,0.0019,-23.31,-52.13,-75.99,0.06,86119.4,0,0.00,0.00,3
31566,-0.051,-0.053,-6.745,0.000,0.061,0.427,0.000,-0.000,0.000,1.0000,0.0000,-0.0005,0.0019,-23.43,-52.77,-75.95,0.05,86118.1,0,0.00,0.00,3
31586,-0.053,-0.050,-6.746,0.122,-0.061,0.488,0.000,-0.000,0.000,1.0000,0.0000,-0.0005,0.0020,-23.53,-53.39,-75.96,0.05,86113.6,0,0.00,0.00,3
31606,-0.050,-0.051,-6.744,0.000,-0.122,0.427,0.000,-0.000,0.000,1.0000,0.0000,-0.0005,0.0021,-23.64,-54.00,-75.94,0.06,86113.9,0,0.00,0.00,3
31626,-0.053,-0.049,-6.740,0.061,-0.183,0.488,0.000,-0.000,0.000,1.0000,0.0000,-0.0005,0.0022,-23.71,-54.56,-75.91,0.06,86098.7,0,0.00,0.00,3
31646,-0.052,-0.051,-6.743,0.061,-0.061,0.488,0.000,-0.000,0.000,1.0000,0.0001,-0.0005,0.0023,-23.80,-55.14,-75.93,0.06,86103.8,0,0.00,0.00,3
31666,-0.051,-0.049,-6.744,-0.061,-0.061,0.549,0.000,-0.000,0.000,1.0000,0.0000,-0.0005,0.0024,-23.87,-55.68,-75.94,0.06,86097.0,0,0.00,0.00,3
31686,-0.050,-0.051,-6.741,0.000,-0.122,0.427,0.000,-0.000,0.000,1.0000,0.0000,-0.0006,0.0024,-23.93,-56.21,-75.92,0.06,86090.9,0,0.00,0.00,3
31706,-0.052,-0.050,-6.740,0.000,-0.183,0.427,0.000,-0.000,0.000,1.0000,0.0000,-0.0006,0.0025,-24.09,-56.82,-75.91,0.06,86117.1,0,0.00,0.00,3
31726,-0.048,-0.049,-6.740,-0.122,0.000,0.427,0.000,-0.000,0.000,1.0000,0.0000,-0.0006,0.0026,-24.19,-57.35,-75.91,0.06,86096.0,0,0.00,0.00,3
31746,-0.017,0.019,-6.736,0.000,-0.061,0.549,0.000,-0.000,0.000,1.0000,0.0000,-0.0006,0.0027,-24.26,-57.86,-75.87,0.07,86089.8,0,0.00,0.00,3
31766,-0.016,0.020,-6.739,0.305,-0.244,1.282,0.000,-0.000,0.000,1.0000,0.0001,-0.0006,0.0029,-24.29,-58.31,-75.90,0.07,86074.4,0,0.00,0.00,3
31786,-0.017,0.017,-6.740,0.427,-0.366,2.197,0.000,-0.000,0.000,1.0000,0.0001,-0.0007,0.0033,-24.38,-58.81,-75.90,0.08,86090.2,0,0.00,0.00,3
31806,-0.017,0.018,-6.736,0.793,-0.488,3.052,0.000,-0.000,0.000,1.0000,0.0003,-0.0008,0.0038,-24.44,-59.27,-75.87,0.09,86079.7,0,0.00,0.00,3
31828,-0.015,0.021,-6.742,0.977,-0.916,4.150,0.000,-0.000,0.000,1.0000,0.0005,-0.0010,0.0045,-24.49,-59.73,-75.92,0.12,86076.6,0,0.00,0.00,3
31846,-0.017,0.021,-6.740,1.160,-1.038,4.944,0.000,-0.000,0.000,1.0000,0.0007,-0.0011,0.0054,-24.54,-60.16,-75.90,0.15,86073.4,0,0.00,0.00,3
31866,-0.015,0.020,-6.741,1.465,-1.282,5.859,0.000,-0.000,0.000,1.0000,0.0009,-0.0014,0.0064,-24.57,-60.57,-75.92,0.19,86065.8,0,0.00,0.00,3
31886,-0.019,0.021,-6.744,1.587,-1.282,7.019,0.000,-0.000,0.000,1.0000,0.0012,-0.0016,0.0077,-24.56,-60.94,-75.94,0.23,86052.6,0,0.00,0.00,3
31906,-0.015,0.020,-6.742,1.892,-1.343,7.996,0.000,-0.000,0.000,1.0000,0.0015,-0.0018,0.0091,-24.58,-61.33,-75.92,0.27,86061.1,0,0.00,0.00,3
31926,-0.015,0.020,-6.750,2.197,-1.770,8.972,0.000,-0.000,0.000,0.9999,0.0019,-0.0021,0.0106,-24.54,-61.66,-76.00,0.33,86043.0,0,0.00,0.00,3
31946,-0.017,0.019,-6.747,2.380,-1.892,10.071,0.000,-0.000,0.000,0.9999,0.0023,-0.0025,0.0124,-24.52,-62.00,-75.97,0.39,86043.8,0,0.00,0.00,3
31966,-0.016,0.021,-6.747,2.686,-2.197,11.047,0.000,-0.000,0.000,0.9999,0.0028,-0.0028,0.0143,-24.45,-62.28,-75.97,0.46,86029.3,0,0.00,0.00,3
31986,-0.016,0.022,-6.749,2.930,-2.380,12.268,0.000,-0.000,0.000,0.9999,0.0033,-0.0033,0.0164,-24.43,-62.61,-75.98,0.53,86041.6,0,0.00,0.00,3
32006,-0.018,0.022,-6.750,3.174,-2.441,13.367,0.000,-0.000,0.000,0.9998,0.0039,-0.0037,0.0188,-24.38,-62.90,-76.00,0.61,86029.9,0,0.00,0.00,3
32026,-0.015,0.021,-6.754,3.357,-2.686,14.404,0.000,-0.000,0.000,0.9998,0.0044,-0.0041,0.0213,-24.30,-63.16,-76.04,0.70,86020.2,0,0.00,0.00,3
32046,-0.013,0.021,-6.750,3.601,-2.869,15.503,0.000,-0.000,0.000,0.9997,0.0051,-0.0046,0.0240,-24.22,-63.43,-75.99,0.79,86020.8,0,0.00,0.00,3
32066,-0.016,0.021,-6.754,3.906,-2.991,16.663,0.000,-0.000,0.000,0.9996,0.0057,-0.0052,0.0269,-24.16,-63.69,-76.04,0.89,86020.6,0,0.00,0.00,3
32086,-0.013,0.017,-6.755,4.150,-3.357,17.761,0.000,-0.000,0.000,0.9995,0.0065,-0.0057,0.0300,-24.01,-63.88,-76.04,0.99,85997.1,0,0.00,0.00,3
32106,-0.014,0.016,-6.758,4.272,-3.418,18.921,0.000,-0.000,0.000,0.9994,0.0072,-0.0063,0.0333,-23.89,-64.08,-76.07,1.10,85999.2,0,0.00,0.00,3
32126,-0.012,0.018,-6.758,4.395,-3.784,20.081,0.000,-0.000,0.000,0.9993,0.0080,-0.0070,0.0368,-23.74,-64.26,-76.06,1.22,85993.4,0,0.00,0.00,3
32146,-0.013,0.018,-6.760,4.700,-3.845,21.118,0.000,-0.000,0.000,0.9991,0.0088,-0.0077,0.0405,-23.58,-64.42,-76.08,1.34,85984.0,0,0.00,0.00,3
32166,-0.011,0.016,-6.766,4.700,-4.028,22.278,0.000,-0.000,0.000,0.9989,0.0096,-0.0084,0.0444,-23.44,-64.60,-76.13,1.46,85988.8,0,0.00,0.00,3
32186,-0.011,0.014,-6.766,4.822,-4.150,23.499,0.000,-0.000,0.000,0.9987,0.0105,-0.0091,0.0485,-23.26,-64.74,-76.13,1.59,85977.4,0,0.00,0.00,3
32206,-0.009,0.012,-6.764,4.944,-4.272,24.597,0.000,-0.000,0.000,0.9985,0.0113,-0.0098,0.0528,-23.10,-64.89,-76.11,1.72,85976.8,0,0.00,0.00,3
32226,-0.006,0.010,-6.771,5.005,-4.456,25.757,0.000,-0.000,0.000,0.9982,0.0122,-0.0106,0.0573,-22.91,-65.02,-76.17,1.85,85969.0,0,0.00,0.00,3
32246,-0.004,0.008,-6.769,5.066,-4.578,26.611,0.000,-0.000,0.000,0.9979,0.0131,-0.0114,0.0619,-22.65,-65.08,-76.14,1.99,85947.7,0,0.00,0.00,3
32266,-0.003,0.006,-6.770,5.127,-4.700,27.954,0.000,-0.000,0.000,0.9976,0.0140,-0.0123,0.0668,-22.37,-65.11,-76.15,2.13,85938.6,0,0.00,0.00,3
32286,-0.003,0.005,-6.767,5.127,-4.761,29.053,0.000,-0.000,0.000,0.9972,0.0148,-0.0131,0.0718,-22.09,-65.15,-76.11,2.27,85936.3,0,0.00,0.00,3
32306,-0.002,0.005,-6.770,5.066,-4.883,30.090,0.000,-0.000,0.000,0.9968,0.0157,-0.0140,0.0770,-21.78,-65.16,-76.13,2.41,85924.6,0,0.00,0.00,3
32326,-0.001,-0.001,-6.775,5.188,-4.883,31.250,0.000,-0.000,0.000,0.9963,0.0166,-0.0148,0.0825,-21.44,-65.13,-76.18,2.55,85911.7,0,0.00,0.00,3
32347,-0.002,-0.004,-6.773,5.066,-4.883,32.349,0.000,-0.000,0.000,0.9958,0.0175,-0.0157,0.0881,-21.11,-65.13,-76.16,2.69,85914.2,0,0.00,0.00,3
32366,-0.001,-0.006,-6.779,4.944,-5.127,33.447,0.000,-0.000,0.000,0.9953,0.0183,-0.0166,0.0939,-20.76,-65.09,-76.21,2.83,85902.9,0,0.00,0.00,3
32386,0.001,-0.007,-6.777,4.883,-4.822,34.485,0.000,-0.000,0.000,0.9947,0.0191,-0.0175,0.0999,-20.32,-64.99,-76.18,2.97,85878.1,0,0.00,0.00,3
32406,0.001,-0.013,-6.779,4.639,-4.761,35.706,0.000,-0.000,0.000,0.9940,0.0199,-0.0183,0.1061,-19.91,-64.90,-76.20,3.10,85879.0,0,0.00,0.00,3
32428,0.005,-0.015,-6.779,4.395,-4.761,36.621,0.000,-0.000,0.000,0.9933,0.0207,-0.0192,0.1124,-19.52,-64.84,-76.19,3.23,85884.5,0,0.00,0.00,3
32446,0.003,-0.019,-6.778,4.333,-4.578,37.720,0.000,-0.000,0.000,0.9925,0.0214,-0.0201,0.1190,-19.14,-64.79,-76.17,3.36,85880.8,0,0.00,0.00,3
32466,0.006,-0.022,-6.780,4.089,-4.395,38.696,0.000,-0.000,0.000,0.9916,0.0220,-0.0209,0.1257,-18.68,-64.67,-76.18,3.48,85857.3,0,0.00,0.00,3
32486,0.002,-0.028,-6.786,3.723,-4.272,39.734,0.000,-0.000,0.000,0.9907,0.0226,-0.0217,0.1325,-18.18,-64.51,-76.23,3.59,85841.9,0,0.00,0.00,3
32506,0.004,-0.032,-6.785,3.662,-4.150,40.771,0.000,-0.000,0.000,0.9897,0.0232,-0.0225,0.1396,-17.71,-64.38,-76.21,3.70,85847.5,0,0.00,0.00,3
32526,0.006,-0.033,-6.787,3.296,-3.784,41.809,0.000,-0.000,0.000,0.9886,0.0237,-0.0232,0.1468,-17.22,-64.23,-76.22,3.80,85835.7,0,0.00,0.00,3
32546,0.004,-0.038,-6.787,2.991,-3.479,42.847,0.000,-0.000,0.000,0.9875,0.0241,-0.0239,0.1542,-16.69,-64.06,-76.22,3.89,85824.2,0,0.00,0.00,3
32566,0.003,-0.043,-6.789,2.625,-3.235,43.884,0.000,-0.000,0.000,0.9862,0.0245,-0.0246,0.1617,-16.15,-63.87,-76.24,3.98,85813.4,0,0.00,0.00,3
32586,0.001,-0.047,-6.787,2.441,-2.808,44.861,0.000,-0.000,0.000,0.9849,0.0248,-0.0252,0.1695,-15.58,-63.67,-76.22,4.05,85802.9,0,0.00,0.00,3
32606,0.000,-0.049,-6.790,2.075,-2.686,45.837,0.000,-0.000,0.000,0.9835,0.0250,-0.0258,0.1773,-15.05,-63.50,-76.24,4.12,85809.4,0,0.00,0.00,3
32626,0.000,-0.053,-6.794,1.709,-2.197,46.814,0.000,-0.000,0.000,0.9820,0.0252,-0.0263,0.1854,-14.41,-63.23,-76.28,4.17,85774.9,0,0.00,0.00,3
32646,-0.002,-0.053,-6.790,1.465,-1.831,47.852,0.000,-0.000,0.000,0.9804,0.0253,-0.0268,0.1936,-13.78,-62.98,-76.24,4.22,85772.0,0,0.00,0.00,3
32666,-0.001,-0.056,-6.790,1.099,-1.343,48.767,0.000,-0.000,0.000,0.9787,0.0253,-0.0272,0.2019,-13.11,-62.69,-76.23,4.26,85757.4,0,0.00,0.00,3
32686,-0.006,-0.059,-6.790,0.916,-0.854,49.744,0.000,-0.000,0.000,0.9769,0.0252,-0.0275,0.2104,-12.45,-62.42,-76.23,4.28,85754.1,0,0.00,0.00,3
32706,-0.008,-0.058,-6.791,0.610,-0.427,50.720,0.000,-0.000,0.000,0.9750,0.0251,-0.0278,0.2190,-11.74,-62.11,-76.24,4.29,85736.5,0,0.00,0.00,3
32726,-0.009,-0.060,-6.795,0.244,0.122,51.636,0.000,-0.000,0.000,0.9730,0.0249,-0.0280,0.2278,-11.03,-61.80,-76.29,4.29,85729.9,0,0.00,0.00,3
32746,-0.010,-0.058,-6.794,0.000,0.549,52.612,0.000,-0.000,0.000,0.9709,0.0246,-0.0281,0.2367,-10.33,-61.51,-76.27,4.28,85727.8,0,0.00,0.00,3
32766,-0.012,-0.058,-6.797,-0.244,1.160,53.589,0.000,-0.000,0.000,0.9686,0.0242,-0.0282,0.2458,-9.56,-61.17,-76.30,4.26,85704.5,0,0.00,0.00,3
32786,-0.013,-0.057,-6.798,-0.488,1.465,54.504,0.000,-0.000,0.000,0.9662,0.0238,-0.0282,0.2550,-8.78,-60.82,-76.32,4.23,85697.3,0,0.00,0.00,3
32806,-0.015,-0.056,-6.797,-0.671,2.197,55.420,0.000,-0.000,0.000,0.9637,0.0233,-0.0281,0.2643,-8.02,-60.49,-76.31,4.18,85692.8,0,0.00,0.00,3
32826,-0.017,-0.052,-6.796,-0.977,2.563,56.274,0.000,-0.000,0.000,0.9611,0.0228,-0.0279,0.2738,-7.19,-60.10,-76.31,4.13,85670.1,0,0.00,0.00,3
32846,-0.017,-0.049,-6.800,-0.977,3.052,57.251,0.000,-0.000,0.000,0.9583,0.0222,-0.0277,0.2834,-6.34,-59.71,-76.35,4.07,85661.1,0,0.00,0.00,3
32866,-0.021,-0.044,-6.795,-1.099,3.296,58.228,0.000,-0.000,0.000,0.9554,0.0216,-0.0274,0.2931,-5.46,-59.29,-76.30,4.00,85643.2,0,0.00,0.00,3
32886,-0.017,-0.041,-6.796,-1.221,3.723,59.021,0.000,-0.000,0.000,0.9524,0.0209,-0.0271,0.3030,-4.56,-58.86,-76.32,3.92,85632.6,0,0.00,0.00,3
32906,-0.018,-0.038,-6.797,-1.160,4.150,60.059,0.000,-0.000,0.000,0.9492,0.0202,-0.0267,0.3129,-3.62,-58.40,-76.34,3.83,85613.9,0,0.00,0.00,3
32926,-0.016,-0.031,-6.800,-1.160,4.456,60.852,0.000,-0.000,0.000,0.9458,0.0195,-0.0262,0.3230,-2.68,-57.95,-76.36,3.74,85608.3,0,0.00,0.00,3
32946,-0.015,-0.026,-6.798,-1.160,4.700,61.829,0.000,-0.000,0.000,0.9423,0.0187,-0.0257,0.3332,-1.70,-57.48,-76.35,3.64,85592.6,0,0.00,0.00,3
32966,-0.013,-0.018,-6.802,-1.038,4.944,62.866,0.000,-0.000,0.000,0.9386,0.0180,-0.0251,0.3435,-0.69,-56.98,-76.39,3.54,85575.0,0,0.00,0.00,3
32986,-0.009,-0.014,-6.797,-1.221,5.066,63.599,0.000,-0.000,0.000,0.9348,0.0172,-0.0246,0.3540,0.35,-56.46,-76.35,3.44,85559.4,0,0.00,0.00,3
33006,-0.006,-0.007,-6.797,-1.038,5.127,64.453,0.000,-0.000,0.000,0.9308,0.0164,-0.0240,0.3645,1.37,-55.98,-76.36,3.33,85558.1,0,0.00,0.00,3
33026,-0.000,-0.001,-6.797,-0.854,5.188,65.369,0.000,-0.000,0.000,0.9266,0.0157,-0.0234,0.3751,2.43,-55.46,-76.36,3.23,85539.8,0,0.00,0.00,3
33048,0.004,0.006,-6.800,-0.854,5.249,66.284,0.000,-0.000,0.000,0.9222,0.0149,-0.0228,0.3858,3.51,-54.94,-76.39,3.12,85525.8,0,0.00,0.00,3
33066,0.009,0.011,-6.797,-0.610,5.127,67.322,0.000,-0.000,0.000,0.9176,0.0142,-0.0222,0.3966,4.66,-54.36,-76.36,3.02,85501.3,0,0.00,0.00,3
33086,0.014,0.017,-6.798,-0.549,4.883,68.054,0.000,-0.000,0.000,0.9129,0.0135,-0.0216,0.4075,5.73,-53.86,-76.38,2.92,85511.5,0,0.00,0.00,3
33106,0.020,0.021,-6.795,-0.366,4.639,69.031,0.000,-0.000,0.000,0.9079,0.0129,-0.0211,0.4184,6.89,-53.30,-76.35,2.83,85482.9,0,0.00,0.00,3
33126,0.027,0.024,-6.800,-0.244,4.333,69.702,0.000,-0.000,0.000,0.9028,0.0123,-0.0205,0.4295,8.08,-52.71,-76.40,2.74,85462.1,0,0.00,0.00,3
33146,0.033,0.027,-6.793,-0.183,3.967,70.740,0.000,-0.000,0.000,0.8974,0.0117,-0.0201,0.4406,9.24,-52.17,-76.34,2.66,85466.2,0,0.00,0.00,3
33166,0.038,0.031,-6.797,-0.061,3.540,71.594,0.000,-0.000,0.000,0.8918,0.0112,-0.0197,0.4518,10.39,-51.64,-76.38,2.59,85457.1,0,0.00,0.00,3
33186,0.045,0.032,-6.799,0.000,2.930,72.449,0.000,-0.000,0.000,0.8861,0.0107,-0.0194,0.4630,11.63,-51.03,-76.40,2.53,85424.2,0,0.00,0.00,3
33206,0.050,0.032,-6.800,0.061,2.563,73.425,0.000,-0.000,0.000,0.8801,0.0102,-0.0191,0.4743,12.88,-50.43,-76.41,2.48,85413.6,0,0.00,0.00,3
33226,0.054,0.034,-6.798,0.061,1.953,74.341,0.000,-0.000,0.000,0.8738,0.0098,-0.0189,0.4857,14.13,-49.85,-76.39,2.44,85405.4,0,0.00,0.00,3
33246,0.061,0.033,-6.801,0.122,1.404,75.012,0.000,-0.000,0.000,0.8674,0.0095,-0.0188,0.4971,15.40,-49.25,-76.42,2.42,85389.9,0,0.00,0.00,3
33266,0.062,0.031,-6.805,0.061,0.854,75.928,0.000,-0.000,0.000,0.8608,0.0092,-0.0188,0.5086,16.70,-48.64,-76.45,2.40,85372.2,0,0.00,0.00,3
33286,0.064,0.027,-6.805,0.061,0.305,76.843,0.000,-0.000,0.000,0.8539,0.0089,-0.0189,0.5201,18.02,-48.02,-76.46,2.39,85357.3,0,0.00,0.00,3
33306,0.066,0.025,-6.804,0.000,-0.366,77.637,0.000,-0.000,0.000,0.8467,0.0087,-0.0191,0.5316,19.41,-47.35,-76.45,2.40,85328.6,0,0.00,0.00,3
33326,0.063,0.023,-6.802,-0.122,-0.732,78.491,0.000,-0.000,0.000,0.8394,0.0085,-0.0193,0.5432,20.78,-46.71,-76.43,2.41,85326.1,0,0.00,0.00,3
33347,0.062,0.019,-6.805,-0.244,-1.343,79.407,0.000,-0.000,0.000,0.8318,0.0083,-0.0196,0.5547,22.19,-46.04,-76.46,2.44,85302.9,0,0.00,0.00,3
33366,0.058,0.015,-6.806,-0.366,-2.014,80.261,0.000,-0.000,0.000,0.8239,0.0082,-0.0201,0.5663,23.60,-45.39,-76.47,2.48,85293.1,0,0.00,0.00,3
33386,0.055,0.010,-6.807,-0.427,-2.319,81.055,0.000,-0.000,0.000,0.8158,0.0080,-0.0206,0.5779,25.01,-44.74,-76.47,2.53,85281.0,0,0.00,0.00,3
33406,0.046,0.006,-6.813,-0.732,-2.747,81.909,0.000,-0.000,0.000,0.8074,0.0079,-0.0211,0.5895,26.46,-44.08,-76.53,2.59,85262.9,0,0.00,0.00,3
33426,0.042,0.002,-6.812,-0.916,-3.052,82.764,0.000,-0.000,0.000,0.7988,0.0078,-0.0218,0.6011,27.93,-43.41,-76.52,2.65,85244.2,0,0.00,0.00,3
33446,0.034,0.001,-6.812,-1.099,-3.235,83.618,0.000,-0.000,0.000,0.7900,0.0077,-0.0224,0.6127,29.42,-42.73,-76.52,2.72,85228.3,0,0.00,0.00,3
33466,0.024,0.001,-6.812,-1.160,-3.418,84.595,0.000,-0.000,0.000,0.7808,0.0075,-0.0232,0.6243,30.94,-42.03,-76.52,2.79,85210.4,0,0.00,0.00,3
33486,0.013,-0.000,-6.815,-1.343,-3.540,85.388,0.000,-0.000,0.000,0.7714,0.0074,-0.0239,0.6358,32.54,-41.29,-76.55,2.87,85179.0,0,0.00,0.00,3
33506,0.000,0.001,-6.816,-1.404,-3.540,86.121,0.000,-0.000,0.000,0.7618,0.0072,-0.0246,0.6473,34.07,-40.61,-76.56,2.94,85183.4,0,0.00,0.00,3
33526,-0.006,0.002,-6.820,-1.526,-3.540,87.158,0.000,-0.000,0.000,0.7518,0.0071,-0.0254,0.6588,35.67,-39.88,-76.60,3.02,85153.9,0,0.00,0.00,3
33546,-0.021,0.004,-6.823,-1.648,-3.357,87.952,0.000,-0.000,0.000,0.7416,0.0068,-0.0261,0.6703,37.25,-39.18,-76.63,3.09,85146.4,0,0.00,0.00,3
33566,-0.030,0.006,-6.822,-1.648,-3.174,88.806,0.000,-0.000,0.000,0.7311,0.0066,-0.0268,0.6817,38.86,-38.48,-76.62,3.17,85128.0,0,0.00,0.00,3
33586,-0.039,0.012,-6.825,-1.465,-2.808,89.600,0.000,-0.000,0.000,0.7203,0.0063,-0.0275,0.6930,40.47,-37.78,-76.65,3.23,85115.5,0,0.00,0.00,3
33606,-0.046,0.013,-6.825,-1.465,-2.563,90.454,0.000,-0.000,0.000,0.7093,0.0060,-0.0281,0.7043,42.13,-37.05,-76.65,3.29,85090.1,0,0.00,0.00,3
33626,-0.052,0.019,-6.822,-1.221,-2.197,91.309,0.000,-0.000,0.000,0.6980,0.0057,-0.0286,0.7155,43.80,-36.32,-76.62,3.34,85073.8,0,0.00,0.00,3
33646,-0.058,0.026,-6.823,-1.038,-1.770,92.163,0.000,-0.000,0.000,0.6864,0.0053,-0.0290,0.7266,45.52,-35.56,-76.64,3.38,85048.5,0,0.00,0.00,3
33668,-0.061,0.032,-6.821,-0.854,-1.465,93.079,0.000,-0.000,0.000,0.6745,0.0049,-0.0294,0.7377,47.23,-34.83,-76.62,3.41,85039.4,0,0.00,0.00,3
33686,-0.065,0.036,-6.825,-0.610,-0.977,93.933,0.000,-0.000,0.000,0.6623,0.0045,-0.0296,0.7487,48.99,-34.07,-76.66,3.44,85013.0,0,0.00,0.00,3
33706,-0.062,0.038,-6.824,-0.305,-0.549,94.666,0.000,-0.000,0.000,0.6498,0.0040,-0.0298,0.7595,50.73,-33.34,-76.65,3.45,85005.3,0,0.00,0.00,3
33726,-0.060,0.042,-6.822,0.122,-0.305,95.581,0.000,-0.000,0.000,0.6371,0.0036,-0.0299,0.7702,52.49,-32.59,-76.63,3.45,84983.5,0,0.00,0.00,3
33746,-0.056,0.044,-6.827,0.488,0.183,96.436,0.000,-0.000,0.000,0.6240,0.0031,-0.0299,0.7808,54.31,-31.82,-76.68,3.44,84958.9,0,0.00,0.00,3
33766,-0.053,0.044,-6.827,0.854,0.549,97.168,0.000,-0.000,0.000,0.6107,0.0026,-0.0297,0.7913,56.12,-31.05,-76.67,3.42,84944.3,0,0.00,0.00,3
33786,-0.045,0.042,-6.832,1.160,0.793,98.206,0.000,-0.000,0.000,0.5970,0.0021,-0.0295,0.8017,57.96,-30.28,-76.72,3.39,84923.2,0,0.00,0.00,3
33806,-0.038,0.039,-6.834,1.526,0.977,99.060,0.000,-0.000,0.000,0.5831,0.0017,-0.0292,0.8119,59.80,-29.53,-76.75,3.36,84910.9,0,0.00,0.00,3
33826,-0.031,0.034,-6.837,1.892,1.221,99.854,0.000,-0.000,0.000,0.5689,0.0012,-0.0289,0.8219,61.60,-28.82,-76.77,3.31,84904.2,0,0.00,0.00,3
33846,-0.025,0.027,-6.837,2.075,1.221,100.708,0.000,-0.000,0.000,0.5543,0.0007,-0.0285,0.8318,63.49,-28.05,-76.77,3.26,84869.0,0,0.00,0.00,3
33866,-0.018,0.020,-6.835,2.319,1.282,101.440,0.000,-0.000,0.000,0.5395,0.0002,-0.0280,0.8415,65.39,-27.28,-76.75,3.21,84850.9,0,0.00,0.00,3
33886,-0.009,0.009,-6.837,2.563,1.221,102.356,0.000,-0.000,0.000,0.5244,-0.0002,-0.0275,0.8510,67.27,-26.55,-76.76,3.16,84842.9,0,0.00,0.00,3
33906,-0.005,0.000,-6.836,2.625,1.282,103.149,0.000,-0.000,0.000,0.5090,-0.0007,-0.0270,0.8603,69.19,-25.79,-76.75,3.10,84817.0,0,0.00,0.00,3
33926,-0.002,-0.012,-6.838,2.625,1.038,104.065,0.000,-0.000,0.000,0.4933,-0.0011,-0.0265,0.8695,71.10,-25.05,-76.77,3.04,84804.2,0,0.00,0.00,3
33946,0.000,-0.023,-6.839,2.563,0.977,104.736,0.000,-0.000,0.000,0.4773,-0.0015,-0.0260,0.8783,73.07,-24.27,-76.77,2.99,84773.9,0,0.00,0.00,3
33966,0.004,-0.032,-6.837,2.319,0.732,105.713,0.000,-0.000,0.000,0.4611,-0.0019,-0.0256,0.8870,75.04,-23.51,-76.76,2.94,84759.2,0,0.00,0.00,3
33986,0.002,-0.041,-6.842,2.197,0.610,106.628,0.000,-0.000,0.000,0.4445,-0.0023,-0.0251,0.8954,77.01,-22.76,-76.80,2.89,84742.2,0,0.00,0.00,3
34006,0.003,-0.049,-6.839,1.831,0.427,107.544,0.000,-0.000,0.000,0.4276,-0.0027,-0.0248,0.9036,78.98,-22.02,-76.77,2.86,84727.2,0,0.00,0.00,3
34026,-0.001,-0.056,-6.840,1.526,0.122,108.276,0.000,-0.000,0.000,0.4104,-0.0031,-0.0245,0.9116,80.99,-21.26,-76.78,2.83,84702.1,0,0.00,0.00,3
34046,-0.003,-0.059,-6.842,0.977,-0.061,109.131,0.000,-0.000,0.000,0.3930,-0.0034,-0.0243,0.9192,83.01,-20.51,-76.79,2.81,84685.0,0,0.00,0.00,3
34066,-0.008,-0.063,-6.837,0.610,-0.061,109.985,0.000,-0.000,0.000,0.3753,-0.0039,-0.0241,0.9266,85.02,-19.78,-76.75,2.80,84668.5,0,0.00,0.00,3
34086,-0.008,-0.060,-6.837,0.244,-0.061,110.840,0.000,-0.000,0.000,0.3573,-0.0043,-0.0240,0.9337,87.11,-18.98,-76.75,2.79,84633.1,0,0.00,0.00,3
34106,-0.011,-0.060,-6.838,-0.244,-0.122,111.633,0.000,-0.000,0.000,0.3390,-0.0048,-0.0239,0.9405,89.18,-18.23,-76.76,2.80,84623.4,0,0.00,0.00,3
34126,-0.015,-0.057,-6.835,-0.793,-0.244,112.427,0.000,-0.000,0.000,0.3205,-0.0052,-0.0240,0.9469,91.28,-17.46,-76.73,2.81,84598.7,0,0.00,0.00,3
34146,-0.019,-0.049,-6.835,-1.221,-0.122,113.281,0.000,-0.000,0.000,0.3017,-0.0057,-0.0241,0.9531,93.40,-16.68,-76.73,2.84,84577.0,0,0.00,0.00,3
34166,-0.017,-0.041,-6.833,-1.465,-0.122,114.136,0.000,-0.000,0.000,0.2827,-0.0063,-0.0242,0.9589,95.52,-15.91,-76.72,2.87,84557.6,0,0.00,0.00,3
34186,-0.015,-0.035,-6.836,-1.770,0.061,114.990,0.000,-0.000,0.000,0.2634,-0.0069,-0.0244,0.9644,97.67,-15.14,-76.75,2.90,84535.4,0,0.00,0.00,3
34206,-0.013,-0.024,-6.833,-2.014,-0.061,115.784,0.000,-0.000,0.000,0.2438,-0.0074,-0.0246,0.9695,99.83,-14.37,-76.71,2.94,84516.6,0,0.00,0.00,3
34226,-0.010,-0.011,-6.834,-2.136,0.122,116.638,0.000,-0.000,0.000,0.2241,-0.0081,-0.0248,0.9742,102.02,-13.58,-76.73,2.99,84488.6,0,0.00,0.00,3
34246,-0.003,-0.006,-6.828,-2.197,0.183,117.493,0.000,-0.000,0.000,0.2040,-0.0087,-0.0250,0.9786,104.21,-12.81,-76.67,3.03,84475.0,0,0.00,0.00,3
34268,0.003,0.004,-6.828,-2.136,0.244,118.469,0.000,-0.000,0.000,0.1837,-0.0093,-0.0251,0.9826,106.42,-12.03,-76.67,3.07,84450.1,0,0.00,0.00,3
34286,0.010,0.011,-6.826,-2.075,0.427,119.202,0.000,-0.000,0.000,0.1633,-0.0100,-0.0253,0.9862,108.59,-11.31,-76.66,3.11,84443.7,0,0.00,0.00,3
34306,0.019,0.015,-6.825,-1.953,0.427,119.934,0.000,-0.000,0.000,0.1426,-0.0106,-0.0254,0.9894,110.85,-10.52,-76.65,3.15,84403.4,0,0.00,0.00,3
34326,0.024,0.020,-6.824,-1.587,0.427,120.850,0.000,-0.000,0.000,0.1217,-0.0113,-0.0254,0.9922,113.10,-9.74,-76.64,3.19,84385.4,0,0.00,0.00,3
34347,0.030,0.022,-6.827,-1.404,0.244,121.704,0.000,-0.000,0.000,0.1006,-0.0119,-0.0254,0.9945,115.43,-8.91,-76.67,3.22,84347.8,0,0.00,0.00,3
34366,0.035,0.022,-6.826,-1.099,0.244,122.559,0.000,-0.000,0.000,0.0793,-0.0125,-0.0253,0.9965,117.75,-8.11,-76.66,3.24,84333.8,0,0.00,0.00,3
34386,0.038,0.021,-6.824,-0.793,0.244,123.413,0.000,-0.000,0.000,0.0578,-0.0131,-0.0252,0.9979,120.05,-7.34,-76.64,3.25,84318.7,0,0.00,0.00,3
34406,0.038,0.017,-6.823,-0.427,0.061,124.268,0.000,-0.000,0.000,0.0361,-0.0136,-0.0250,0.9989,122.37,-6.56,-76.63,3.26,84294.9,0,0.00,0.00,3
34426,0.040,0.018,-6.819,0.000,-0.183,125.061,0.000,-0.000,0.000,0.0143,-0.0141,-0.0247,0.9995,124.73,-5.76,-76.59,3.26,84267.4,0,0.00,0.00,3
34446,0.038,0.013,-6.822,0.244,-0.366,125.854,0.000,-0.000,0.000,-0.0076,-0.0146,-0.0243,0.9996,127.08,-4.98,-76.62,3.25,84249.3,0,0.00,0.00,3
34466,0.033,0.009,-6.822,0.488,-0.549,126.709,0.000,-0.000,0.000,-0.0297,-0.0151,-0.0239,0.9992,129.45,-4.20,-76.62,3.24,84226.9,0,0.00,0.00,3
34486,0.028,0.005,-6.816,0.793,-0.793,127.502,0.000,-0.000,0.000,-0.0519,-0.0155,-0.0234,0.9983,131.89,-3.37,-76.55,3.22,84189.3,0,0.00,0.00,3
34506,0.021,0.003,-6.818,0.854,-0.977,128.418,0.000,-0.000,0.000,-0.0743,-0.0158,-0.0229,0.9968,134.29,-2.60,-76.57,3.19,84180.6,0,0.00,0.00,3
34526,0.014,0.003,-6.811,1.038,-0.977,129.272,0.000,-0.000,0.000,-0.0968,-0.0162,-0.0224,0.9949,136.66,-1.85,-76.50,3.16,84167.4,0,0.00,0.00,3
34546,0.004,0.002,-6.810,1.038,-1.343,130.066,0.000,-0.000,0.000,-0.1193,-0.0165,-0.0218,0.9925,139.13,-1.04,-76.49,3.13,84123.7,0,0.00,0.00,3
34566,-0.003,0.005,-6.812,0.977,-1.343,130.981,0.000,-0.000,0.000,-0.1420,-0.0167,-0.0212,0.9895,141.59,-0.24,-76.51,3.10,84104.5,0,0.00,0.00,3
34586,-0.010,0.005,-6.805,0.916,-1.343,131.714,0.000,-0.000,0.000,-0.1647,-0.0170,-0.0206,0.9860,144.09,0.57,-76.44,3.06,84075.8,0,0.00,0.00,3
34606,-0.016,0.008,-6.803,0.793,-1.282,132.446,0.000,-0.000,0.000,-0.1875,-0.0173,-0.0201,0.9819,146.58,1.36,-76.42,3.03,84059.5,0,0.00,0.00,3
34626,-0.019,0.008,-6.796,0.610,-1.160,133.301,0.000,-0.000,0.000,-0.2103,-0.0176,-0.0195,0.9773,149.05,2.12,-76.35,3.01,84043.4,0,0.00,0.00,3
34646,-0.022,0.013,-6.791,0.366,-0.977,134.155,0.000,-0.000,0.000,-0.2331,-0.0179,-0.0190,0.9721,151.54,2.89,-76.31,2.99,84017.9,0,0.00,0.00,3
34666,-0.024,0.016,-6.788,0.366,-0.854,135.132,0.000,-0.000,0.000,-0.2559,-0.0182,-0.0185,0.9663,154.06,3.67,-76.27,2.97,83989.8,0,0.00,0.00,3
34686,-0.025,0.018,-6.783,0.061,-0.427,135.742,0.000,-0.000,0.000,-0.2788,-0.0185,-0.0180,0.9600,156.63,4.48,-76.23,2.96,83955.4,0,0.00,0.00,3
34706,-0.026,0.019,-6.777,-0.061,-0.122,136.597,0.000,-0.000,0.000,-0.3016,-0.0189,-0.0176,0.9531,159.19,5.27,-76.17,2.96,83939.2,0,0.00,0.00,3
34726,-0.021,0.021,-6.775,-0.122,0.244,137.573,0.000,-0.000,0.000,-0.3244,-0.0194,-0.0171,0.9456,161.78,6.07,-76.16,2.97,83909.8,0,0.00,0.00,3
34746,-0.017,0.021,-6.776,-0.122,0.366,138.184,0.000,-0.000,0.000,-0.3471,-0.0199,-0.0167,0.9375,164.36,6.85,-76.16,2.97,83890.4,0,0.00,0.00,3
34766,-0.013,0.020,-6.772,-0.305,0.671,139.038,0.000,-0.000,0.000,-0.3697,-0.0203,-0.0163,0.9288,167.00,7.68,-76.12,2.99,83853.0,0,0.00,0.00,3
34786,-0.008,0.013,-6.768,-0.244,0.793,139.893,0.000,-0.000,0.000,-0.3923,-0.0209,-0.0159,0.9195,169.66,8.50,-76.08,3.01,83829.1,0,0.00,0.00,3
34806,-0.007,0.011,-6.765,-0.183,1.038,140.808,0.000,-0.000,0.000,-0.4148,-0.0214,-0.0155,0.9096,172.30,9.29,-76.05,3.03,83811.7,0,0.00,0.00,3
34826,-0.004,0.005,-6.765,-0.183,1.221,141.602,0.000,-0.000,0.000,-0.4371,-0.0219,-0.0151,0.8990,174.98,10.11,-76.05,3.05,83778.4,0,0.00,0.00,3
34846,-0.002,0.000,-6.760,-0.061,1.160,142.456,0.000,-0.000,0.000,-0.4593,-0.0225,-0.0146,0.8879,177.63,10.88,-76.00,3.07,83766.7,0,0.00,0.00,3
34866,-0.000,-0.004,-6.752,0.000,1.282,143.250,0.000,-0.000,0.000,-0.4814,-0.0231,-0.0141,0.8761,180.35,11.70,-75.93,3.10,83726.4,0,0.00,0.00,3
34886,-0.003,-0.007,-6.746,0.061,1.099,144.043,0.000,-0.000,0.000,-0.5032,-0.0236,-0.0136,0.8637,183.06,12.50,-75.86,3.12,83706.7,0,0.00,0.00,3
34908,-0.001,-0.011,-6.741,0.122,0.916,144.836,0.000,-0.000,0.000,-0.5249,-0.0241,-0.0131,0.8507,185.78,13.30,-75.81,3.14,83680.6,0,0.00,0.00,3
34926,-0.001,-0.014,-6.737,0.061,0.732,145.630,0.000,-0.000,0.000,-0.5463,-0.0245,-0.0125,0.8371,188.51,14.09,-75.77,3.15,83657.4,0,0.00,0.00,3
34946,-0.009,-0.012,-6.729,0.000,0.488,146.423,0.000,-0.000,0.000,-0.5676,-0.0249,-0.0120,0.8229,191.28,14.91,-75.70,3.16,83622.7,0,0.00,0.00,3
34966,-0.008,-0.014,-6.727,0.000,0.183,147.278,0.000,-0.000,0.000,-0.5885,-0.0252,-0.0113,0.8080,194.05,15.71,-75.67,3.17,83602.6,0,0.00,0.00,3
34986,-0.006,-0.011,-6.716,0.000,0.000,148.010,0.000,-0.000,0.000,-0.6092,-0.0255,-0.0107,0.7925,196.88,16.55,-75.56,3.17,83562.9,0,0.00,0.00,3
35006,-0.006,-0.009,-6.713,-0.061,-0.244,148.804,0.000,-0.000,0.000,-0.6296,-0.0257,-0.0100,0.7765,199.67,17.35,-75.54,3.16,83549.6,0,0.00,0.00,3
35026,-0.007,-0.008,-6.710,-0.183,-0.244,149.597,0.000,-0.000,0.000,-0.6496,-0.0259,-0.0093,0.7598,202.49,18.15,-75.51,3.16,83521.3,0,0.00,0.00,3
35046,-0.007,-0.006,-6.702,-0.427,-0.610,150.513,0.000,-0.000,0.000,-0.6694,-0.0260,-0.0086,0.7424,205.31,18.94,-75.43,3.14,83496.6,0,0.00,0.00,3
35066,-0.004,-0.004,-6.698,-0.427,-0.671,151.306,0.000,-0.000,0.000,-0.6887,-0.0261,-0.0079,0.7245,208.16,19.75,-75.40,3.13,83465.0,0,0.00,0.00,3
35086,-0.001,-0.002,-6.688,-0.488,-0.732,152.161,0.000,-0.000,0.000,-0.7077,-0.0262,-0.0072,0.7060,211.03,20.56,-75.30,3.11,83438.2,0,0.00,0.00,3
35106,-0.000,-0.002,-18.000,-0.610,-0.854,159.424,0.000,-0.000,0.000,-0.7271,-0.0262,-0.0064,0.6860,213.88,19.14,-186.07,3.09,83413.4,0,0.00,0.00,3
35126,0.000,0.000,-6.681,-0.427,-0.671,153.625,0.000,-0.000,0.000,-0.7452,-0.0262,-0.0057,0.6663,216.76,19.97,-75.23,3.07,83377.3,0,0.00,0.00,3
35147,0.006,-0.003,-6.678,-0.488,-0.671,154.480,0.000,-0.000,0.000,-0.7629,-0.0262,-0.0050,0.6459,219.61,20.76,-75.21,3.06,83361.0,0,0.00,0.00,3
35167,0.003,0.000,-6.667,-0.549,-0.549,155.273,0.000,-0.000,0.000,-0.7802,-0.0262,-0.0042,0.6250,222.51,21.59,-75.10,3.04,83323.5,0,0.00,0.00,3
35186,0.004,-0.000,-6.669,-0.366,-0.427,156.128,0.000,-0.000,0.000,-0.7969,-0.0262,-0.0035,0.6035,225.40,22.39,-75.12,3.03,83302.9,0,0.00,0.00,3
35206,0.007,-0.005,-6.662,-0.305,-0.061,156.921,0.000,-0.000,0.000,-0.8131,-0.0262,-0.0028,0.5815,228.36,23.23,-75.05,3.02,83262.2,0,0.00,0.00,3
35226,0.003,-0.004,-6.658,-0.183,-0.061,157.532,0.000,-0.000,0.000,-0.8288,-0.0263,-0.0021,0.5589,231.28,24.03,-75.01,3.02,83247.5,0,0.00,0.00,3
35246,0.002,-0.004,-6.659,0.000,0.061,158.508,0.000,-0.000,0.000,-0.8439,-0.0263,-0.0014,0.5358,234.21,24.83,-75.02,3.02,83220.3,0,0.00,0.00,3
35266,-0.000,-0.005,-6.654,0.305,0.122,159.241,0.000,-0.000,0.000,-0.8585,-0.0264,-0.0006,0.5121,237.14,25.61,-74.97,3.03,83196.8,0,0.00,0.00,3
35286,-0.000,-0.004,-6.652,0.366,0.305,159.973,0.000,-0.000,0.000,-0.8725,-0.0265,0.0001,0.4879,240.12,26.42,-74.95,3.04,83160.0,0,0.00,0.00,3
35306,-0.004,-0.003,-6.651,0.549,0.244,160.828,0.000,-0.000,0.000,-0.8858,-0.0266,0.0008,0.4633,243.12,27.24,-74.94,3.05,83128.8,0,0.00,0.00,3
35326,-0.001,-0.004,-6.646,0.671,0.305,161.682,0.000,-0.000,0.000,-0.8985,-0.0267,0.0016,0.4381,246.16,28.07,-74.90,3.06,83096.3,0,0.00,0.00,3
35346,-0.000,-0.002,-6.646,0.793,0.244,162.476,0.000,-0.000,0.000,-0.9106,-0.0268,0.0024,0.4124,249.22,28.91,-74.88,3.08,83064.2,0,0.00,0.00,3
35366,0.000,0.001,-6.642,0.793,0.305,163.208,0.000,-0.000,0.000,-0.9220,-0.0268,0.0032,0.3863,252.27,29.73,-74.85,3.10,83041.6,0,0.00,0.00,3
35386,-0.000,0.001,-6.641,0.793,0.183,163.940,0.000,-0.000,0.000,-0.9326,-0.0269,0.0039,0.3598,255.36,30.57,-74.83,3.11,83007.4,0,0.00,0.00,3
35406,0.002,0.000,-6.635,0.671,0.122,164.795,0.000,-0.000,0.000,-0.9426,-0.0269,0.0047,0.3328,258.46,31.40,-74.77,3.13,82978.6,0,0.00,0.00,3
35426,0.005,0.004,-6.635,0.488,0.061,165.588,0.000,-0.000,0.000,-0.9518,-0.0268,0.0055,0.3054,261.56,32.22,-74.77,3.14,82952.6,0,0.00,0.00,3
35446,0.003,0.001,-6.634,0.366,0.000,166.321,0.000,-0.000,0.000,-0.9603,-0.0267,0.0063,0.2777,264.76,33.12,-74.76,3.14,82901.4,0,0.00,0.00,3
35466,0.009,0.001,-6.631,0.183,0.061,167.053,0.000,-0.000,0.000,-0.9680,-0.0265,0.0071,0.2496,267.93,33.97,-74.73,3.15,82885.1,0,0.00,0.00,3
35486,0.008,0.001,-6.625,0.061,0.061,167.847,0.000,-0.000,0.000,-0.9749,-0.0263,0.0079,0.2211,271.09,34.80,-74.68,3.15,82857.6,0,0.00,0.00,3
35509,0.009,-0.005,-6.620,0.000,0.000,168.701,0.000,-0.000,0.000,-0.9809,-0.0261,0.0086,0.1923,274.28,35.64,-74.63,3.15,82828.0,0,0.00,0.00,3
35526,0.008,-0.002,-6.620,-0.183,0.061,169.434,0.000,-0.000,0.000,-0.9862,-0.0258,0.0094,0.1632,277.43,36.43,-74.63,3.15,82808.3,0,0.00,0.00,3
35546,0.004,-0.003,-6.617,-0.305,0.122,170.227,0.000,-0.000,0.000,-0.9906,-0.0254,0.0101,0.1339,280.65,37.27,-74.60,3.14,82765.8,0,0.00,0.00,3
35566,0.004,-0.006,-6.613,-0.366,0.122,171.021,0.000,-0.000,0.000,-0.9942,-0.0251,0.0108,0.1042,283.87,38.09,-74.56,3.13,82740.5,0,0.00,0.00,3
35586,0.000,-0.004,-6.609,-0.366,0.122,171.753,0.000,-0.000,0.000,-0.9969,-0.0247,0.0116,0.0744,287.12,38.93,-74.53,3.12,82704.2,0,0.00,0.00,3
35606,-0.001,-0.001,-6.602,-0.366,0.122,172.607,0.000,-0.000,0.000,-0.9986,-0.0243,0.0123,0.0443,290.38,39.76,-74.45,3.12,82676.2,0,0.00,0.00,3
35626,-0.005,0.000,-6.599,-0.305,0.183,173.340,0.000,-0.000,0.000,-0.9995,-0.0238,0.0130,0.0141,293.70,40.64,-74.42,3.11,82632.3,0,0.00,0.00,3
35646,-0.006,0.003,-6.594,-0.244,0.183,174.072,0.000,-0.000,0.000,-0.9995,-0.0234,0.0137,-0.0163,297.00,41.49,-74.38,3.10,82609.4,0,0.00,0.00,3
35666,-0.008,0.005,-6.590,-0.122,0.061,174.866,0.000,-0.000,0.000,-0.9985,-0.0229,0.0144,-0.0468,300.32,42.33,-74.34,3.10,82578.4,0,0.00,0.00,3
35686,-0.007,0.007,-6.583,0.000,0.000,175.659,0.000,-0.000,0.000,-0.9966,-0.0225,0.0150,-0.0773,303.68,43.20,-74.27,3.10,82540.0,0,0.00,0.00,3
35706,-0.006,0.008,-6.582,0.183,0.000,176.514,0.000,-0.000,0.000,-0.9938,-0.0220,0.0157,-0.1080,307.02,44.03,-74.25,3.10,82518.2,0,0.00,0.00,3
35726,-0.003,0.010,-6.575,0.122,-0.183,177.246,0.000,-0.000,0.000,-0.9900,-0.0216,0.0164,-0.1387,310.31,44.80,-74.19,3.11,82504.2,0,0.00,0.00,3
35746,-0.002,0.006,-6.572,0.366,-0.305,178.040,0.000,-0.000,0.000,-0.9852,-0.0211,0.0171,-0.1694,313.66,45.61,-74.16,3.12,82459.8,0,0.00,0.00,3
35766,-0.004,0.006,-6.566,0.244,-0.305,178.711,0.000,-0.000,0.000,-0.9794,-0.0206,0.0178,-0.2000,317.04,46.44,-74.11,3.12,82425.0,0,0.00,0.00,3
35786,-0.002,0.002,-6.566,0.305,-0.427,179.626,0.000,-0.000,0.000,-0.9727,-0.0201,0.0185,-0.2306,320.45,47.28,-74.10,3.13,82387.7,0,0.00,0.00,3
35806,-0.001,0.000,-6.559,0.305,-0.366,180.298,0.000,-0.000,0.000,-0.9649,-0.0196,0.0192,-0.2611,323.87,48.12,-74.03,3.14,82357.8,0,0.00,0.00,3
35826,-0.003,-0.003,-6.551,0.244,-0.549,181.091,0.000,-0.000,0.000,-0.9562,-0.0190,0.0199,-0.2915,327.37,49.02,-73.95,3.16,82309.0,0,0.00,0.00,3
35846,-0.005,-0.007,-6.546,0.244,-0.427,181.946,0.000,-0.000,0.000,-0.9464,-0.0185,0.0206,-0.3217,330.84,49.86,-73.91,3.17,82289.0,0,0.00,0.00,3
35866,-0.006,-0.010,-6.543,0.305,-0.427,182.678,0.000,-0.000,0.000,-0.9357,-0.0179,0.0212,-0.3517,334.37,50.76,-73.88,3.18,82242.2,0,0.00,0.00,3
35886,-0.008,-0.013,-6.538,0.061,-0.427,183.411,0.000,-0.000,0.000,-0.9240,-0.0172,0.0218,-0.3815,337.86,51.60,-73.83,3.18,82225.9,0,0.00,0.00,3
35906,-0.010,-0.011,-6.531,0.061,-0.244,184.204,0.000,-0.000,0.000,-0.9112,-0.0165,0.0224,-0.4110,341.36,52.44,-73.76,3.19,82191.2,0,0.00,0.00,3
35926,-0.010,-0.010,-6.526,0.122,-0.244,184.814,0.000,-0.000,0.000,-0.8975,-0.0158,0.0229,-0.4401,344.87,53.27,-73.71,3.19,82161.6,0,0.00,0.00,3
35946,-0.011,-0.010,-6.523,0.061,-0.122,185.608,0.000,-0.000,0.000,-0.8828,-0.0151,0.0235,-0.4690,348.41,54.11,-73.68,3.20,82125.1,0,0.00,0.00,3
35966,-0.012,-0.007,-6.515,0.061,0.000,186.401,0.000,-0.000,0.000,-0.8671,-0.0143,0.0239,-0.4974,352.00,54.98,-73.60,3.20,82082.7,0,0.00,0.00,3
35986,-0.010,-0.005,-6.511,0.061,0.061,187.256,0.000,-0.000,0.000,-0.8503,-0.0136,0.0244,-0.5255,355.60,55.85,-73.56,3.20,82048.8,0,0.00,0.00,3
36006,-0.009,-0.006,-6.505,0.122,0.183,187.927,0.000,-0.000,0.000,-0.8326,-0.0128,0.0248,-0.5531,359.17,56.68,-73.51,3.19,82026.9,0,0.00,0.00,3
36026,-0.003,-0.002,-6.500,0.061,0.183,188.660,0.000,-0.000,0.000,-0.8140,-0.0119,0.0251,-0.5802,362.82,57.56,-73.45,3.19,81978.9,0,0.00,0.00,3
36046,0.002,-0.002,-6.496,0.061,0.061,189.453,0.000,-0.000,0.000,-0.7944,-0.0111,0.0255,-0.6068,366.42,58.39,-73.41,3.19,81958.9,0,0.00,0.00,3
36066,0.001,-0.001,-6.488,0.122,0.061,190.186,0.000,-0.000,0.000,-0.7738,-0.0102,0.0258,-0.6328,370.09,59.27,-73.33,3.18,81912.3,0,0.00,0.00,3
36086,0.006,-0.004,-6.481,0.183,-0.061,190.796,0.000,-0.000,0.000,-0.7523,-0.0094,0.0261,-0.6583,373.72,60.08,-73.27,3.18,81893.3,0,0.00,0.00,3
36106,0.007,-0.002,-6.474,0.000,-0.061,191.711,0.000,-0.000,0.000,-0.7298,-0.0085,0.0265,-0.6831,377.39,60.94,-73.19,3.19,81849.6,0,0.00,0.00,3
36128,0.009,-0.005,-6.467,0.000,-0.061,192.322,0.000,-0.000,0.000,-0.7065,-0.0077,0.0267,-0.7072,381.14,61.84,-73.13,3.19,81801.8,0,0.00,0.00,3
36147,0.009,-0.007,-6.458,0.061,-0.244,193.054,0.000,-0.000,0.000,-0.6823,-0.0068,0.0270,-0.7306,384.85,62.69,-73.03,3.19,81778.9,0,0.00,0.00,3
36167,0.002,-0.005,-6.456,0.000,-0.305,193.848,0.000,-0.000,0.000,-0.6572,-0.0059,0.0273,-0.7532,388.56,63.54,-73.02,3.20,81747.8,0,0.00,0.00,3
36186,0.002,-0.007,-6.451,-0.183,-0.366,194.702,0.000,-0.000,0.000,-0.6312,-0.0050,0.0275,-0.7751,392.32,64.41,-72.96,3.20,81704.5,0,0.00,0.00,3
36206,-0.000,-0.006,-6.439,-0.122,-0.427,195.374,0.000,-0.000,0.000,-0.6044,-0.0041,0.0277,-0.7962,396.08,65.26,-72.85,3.21,81675.0,0,0.00,0.00,3
36226,-0.003,-0.002,-6.435,-0.183,-0.427,196.167,0.000,-0.000,0.000,-0.5768,-0.0032,0.0279,-0.8164,399.84,66.10,-72.81,3.22,81641.9,0,0.00,0.00,3
36246,-0.004,0.000,-6.427,-0.183,-0.305,196.899,0.000,-0.000,0.000,-0.5484,-0.0023,0.0281,-0.8357,403.61,66.94,-72.74,3.23,81607.4,0,0.00,0.00,3
36266,-0.008,0.003,-6.415,-0.183,-0.244,197.693,0.000,-0.000,0.000,-0.5192,-0.0013,0.0282,-0.8542,407.40,67.78,-72.62,3.23,81573.0,0,0.00,0.00,3
36286,-0.007,0.007,-6.406,-0.244,-0.366,198.303,0.000,-0.000,0.000,-0.4894,-0.0004,0.0283,-0.8716,411.21,68.63,-72.54,3.24,81533.9,0,0.00,0.00,3
36306,-0.006,0.009,-6.401,-0.122,-0.244,199.097,0.000,-0.000,0.000,-0.4588,0.0006,0.0283,-0.8881,415.04,69.48,-72.49,3.25,81499.0,0,0.00,0.00,3
36326,-0.005,0.008,-6.389,0.000,-0.183,199.829,0.000,-0.000,0.000,-0.4276,0.0015,0.0283,-0.9035,418.88,70.32,-72.36,3.25,81464.5,0,0.00,0.00,3
36346,-0.005,0.008,-6.376,0.061,-0.122,200.562,0.000,-0.000,0.000,-0.3957,0.0025,0.0282,-0.9180,422.71,71.14,-72.24,3.25,81434.1,0,0.00,0.00,3
36366,-0.006,0.007,-6.373,0.061,-0.244,201.233,0.000,-0.000,0.000,-0.3632,0.0035,0.0281,-0.9313,426.61,72.02,-72.20,3.25,81383.7,0,0.00,0.00,3
36386,-0.006,0.006,-6.363,0.061,-0.183,202.087,0.000,-0.000,0.000,-0.3301,0.0044,0.0280,-0.9435,430.46,72.84,-72.11,3.25,81363.4,0,0.00,0.00,3
36406,-0.002,0.001,-6.354,0.122,-0.122,202.759,0.000,-0.000,0.000,-0.2965,0.0054,0.0278,-0.9546,434.36,73.69,-72.02,3.24,81319.5,0,0.00,0.00,3
36426,-0.000,0.002,-6.348,0.000,-0.122,203.430,0.000,-0.000,0.000,-0.2625,0.0063,0.0276,-0.9645,438.24,74.50,-71.96,3.24,81292.8,0,0.00,0.00,3
36446,-0.005,-0.001,-6.342,0.000,-0.061,204.163,0.000,-0.000,0.000,-0.2279,0.0073,0.0274,-0.9733,442.17,75.35,-71.90,3.24,81245.8,0,0.00,0.00,3
36466,-0.003,-0.002,-6.334,0.061,-0.122,204.834,0.000,-0.000,0.000,-0.1930,0.0083,0.0271,-0.9808,446.13,76.20,-71.82,3.24,81206.4,0,0.00,0.00,3
36486,-0.006,-0.003,-6.329,0.061,-0.244,205.688,0.000,-0.000,0.000,-0.1577,0.0092,0.0268,-0.9871,450.10,77.06,-71.77,3.24,81170.6,0,0.00,0.00,3
36506,-0.010,-0.004,-6.318,-0.122,-0.122,206.299,0.000,-0.000,0.000,-0.1220,0.0101,0.0264,-0.9921,454.08,77.91,-71.67,3.24,81134.7,0,0.00,0.00,3
36526,-0.011,-0.003,-6.314,-0.122,-0.122,207.031,0.000,-0.000,0.000,-0.0861,0.0110,0.0261,-0.9959,458.11,78.79,-71.62,3.24,81090.2,0,0.00,0.00,3
36546,-0.008,-0.002,-6.303,-0.122,-0.122,207.764,0.000,-0.000,0.000,-0.0500,0.0120,0.0257,-0.9983,462.11,79.63,-71.52,3.25,81061.9,0,0.00,0.00,3
36566,-0.008,-0.000,-6.298,-0.122,0.061,208.496,0.000,-0.000,0.000,-0.0136,0.0129,0.0252,-0.9995,466.15,80.49,-71.47,3.25,81020.5,0,0.00,0.00,3
36586,-0.006,-0.001,-6.290,-0.244,-0.061,209.167,0.000,-0.000,0.000,0.0229,0.0138,0.0248,-0.9993,470.20,81.34,-71.39,3.25,80983.0,0,0.00,0.00,3
36606,-0.004,0.000,-6.282,-0.122,0.000,209.900,0.000,-0.000,0.000,0.0595,0.0147,0.0243,-0.9978,474.27,82.20,-71.31,3.25,80944.5,0,0.00,0.00,3
36626,-0.002,0.002,-6.274,-0.244,0.000,210.571,0.000,-0.000,0.000,0.0961,0.0156,0.0238,-0.9950,478.31,83.02,-71.24,3.26,80918.6,0,0.00,0.00,3
36646,0.000,0.003,-6.260,-0.244,0.061,211.182,0.000,-0.000,0.000,0.1327,0.0165,0.0232,-0.9907,482.41,83.88,-71.10,3.26,80868.0,0,0.00,0.00,3
36666,0.001,0.002,-6.253,-0.183,-0.061,211.914,0.000,-0.000,0.000,0.1692,0.0173,0.0226,-0.9852,486.50,84.72,-71.03,3.26,80836.3,0,0.00,0.00,3
36686,0.002,0.001,-6.242,-0.183,0.000,212.769,0.000,-0.000,0.000,0.2057,0.0181,0.0220,-0.9782,490.60,85.55,-70.92,3.27,80801.9,0,0.00,0.00,3
36706,0.001,-0.001,-6.234,-0.061,0.000,213.440,0.000,-0.000,0.000,0.2420,0.0189,0.0213,-0.9699,494.77,86.44,-70.85,3.27,80748.2,0,0.00,0.00,3
36726,0.003,-0.001,-6.225,-0.122,-0.061,214.111,0.000,-0.000,0.000,0.2781,0.0197,0.0206,-0.9601,498.92,87.29,-70.76,3.27,80718.1,0,0.00,0.00,3
36748,0.001,-0.001,-6.216,-0.061,-0.122,214.722,0.000,-0.000,0.000,0.3138,0.0204,0.0199,-0.9490,503.07,88.13,-70.66,3.27,80683.7,0,0.00,0.00,3
36766,-0.001,0.001,-6.204,0.000,0.061,215.454,0.000,-0.000,0.000,0.3493,0.0212,0.0191,-0.9366,507.28,89.00,-70.55,3.27,80635.0,0,0.00,0.00,3
36786,0.000,0.001,-6.197,-0.061,0.061,216.064,0.000,-0.000,0.000,0.3844,0.0219,0.0183,-0.9227,511.53,89.91,-70.48,3.27,80587.4,0,0.00,0.00,3
36806,-0.001,0.001,-6.182,0.000,0.122,216.858,0.000,-0.000,0.000,0.4190,0.0226,0.0175,-0.9075,515.74,90.76,-70.33,3.27,80564.3,0,0.00,0.00,3
36826,-0.001,0.004,-6.172,0.000,-0.061,217.590,0.000,-0.000,0.000,0.4532,0.0232,0.0166,-0.8910,520.00,91.64,-70.24,3.27,80517.0,0,0.00,0.00,3
36846,-0.001,0.004,-6.154,0.000,-0.122,218.201,0.000,-0.000,0.000,0.4868,0.0238,0.0157,-0.8731,524.25,92.51,-70.06,3.27,80480.5,0,0.00,0.00,3
36866,0.000,0.003,-6.149,0.000,0.061,218.750,0.000,-0.000,0.000,0.5197,0.0244,0.0148,-0.8539,528.49,93.34,-70.01,3.27,80450.2,0,0.00,0.00,3
36886,-0.000,0.002,-6.133,-0.061,0.000,219.543,0.000,-0.000,0.000,0.5521,0.0249,0.0138,-0.8333,532.75,94.18,-69.85,3.27,80410.9,0,0.00,0.00,3
36906,0.000,0.004,-6.118,0.000,0.122,220.215,0.000,-0.000,0.000,0.5837,0.0255,0.0129,-0.8115,537.06,95.06,-69.71,3.27,80361.0,0,0.00,0.00,3
36926,-0.001,0.002,-6.109,0.000,0.061,221.008,0.000,-0.000,0.000,0.6145,0.0260,0.0119,-0.7884,541.35,95.90,-69.62,3.27,80328.6,0,0.00,0.00,3
36946,0.001,0.002,-6.096,0.061,0.061,221.558,0.000,-0.000,0.000,0.6445,0.0264,0.0109,-0.7640,545.66,96.75,-69.49,3.27,80290.4,0,0.00,0.00,3
36966,0.001,0.001,-6.095,0.061,0.183,222.290,0.000,-0.000,0.000,0.6737,0.0268,0.0099,-0.7385,550.01,97.62,-69.48,3.28,80243.5,0,0.00,0.00,3
36986,-0.000,-0.000,-6.088,0.061,0.183,222.839,0.000,-0.000,0.000,0.7019,0.0272,0.0088,-0.7117,554.38,98.50,-69.42,3.28,80200.2,0,0.00,0.00,3
37006,0.001,0.001,-6.086,0.061,0.122,223.511,0.000,-0.000,0.000,0.7291,0.0276,0.0078,-0.6838,558.76,99.37,-69.40,3.28,80162.7,0,0.00,0.00,3
37026,0.001,-0.001,-6.076,0.000,0.183,224.182,0.000,-0.000,0.000,0.7553,0.0279,0.0067,-0.6547,563.15,100.22,-69.29,3.29,80125.1,0,0.00,0.00,3
37046,-0.001,0.000,-6.072,0.122,0.000,224.731,0.000,-0.000,0.000,0.7804,0.0282,0.0056,-0.6246,567.51,101.05,-69.25,3.29,80092.5,0,0.00,0.00,3
37066,-0.001,-0.001,-6.064,0.122,0.000,225.586,0.000,-0.000,0.000,0.8044,0.0284,0.0045,-0.5934,571.92,101.90,-69.18,3.29,80045.3,0,0.00,0.00,3
37086,0.001,-0.000,-6.057,0.122,0.000,226.196,0.000,-0.000,0.000,0.8272,0.0285,0.0033,-0.5612,576.36,102.77,-69.11,3.29,80001.8,0,0.00,0.00,3
37106,-0.001,0.000,-6.051,-0.061,0.061,226.807,0.000,-0.000,0.000,0.8487,0.0286,0.0022,-0.5280,580.82,103.63,-69.05,3.29,79959.4,0,0.00,0.00,3
37126,-0.000,0.001,-6.041,0.000,-0.122,227.478,0.000,-0.000,0.000,0.8690,0.0287,0.0011,-0.4939,585.22,104.44,-68.95,3.29,79936.2,0,0.00,0.00,3
37146,0.003,0.000,-6.036,0.061,0.000,228.088,0.000,-0.000,0.000,0.8880,0.0287,-0.0001,-0.4590,589.63,105.23,-68.90,3.29,79898.6,0,0.00,0.00,3
37166,0.000,-0.001,-6.024,0.000,-0.061,228.699,0.000,-0.000,0.000,0.9056,0.0287,-0.0012,-0.4232,594.11,106.08,-68.79,3.29,79841.9,0,0.00,0.00,3
37186,0.000,-0.000,-6.018,-0.061,-0.122,229.431,0.000,-0.000,0.000,0.9218,0.0286,-0.0024,-0.3866,598.54,106.86,-68.72,3.29,79817.8,0,0.00,0.00,3
37206,0.002,-0.001,-6.012,-0.183,-0.122,230.225,0.000,-0.000,0.000,0.9366,0.0284,-0.0036,-0.3492,603.02,107.69,-68.67,3.29,79767.0,0,0.00,0.00,3
37226,0.001,-0.003,-6.000,-0.183,-0.061,230.774,0.000,-0.000,0.000,0.9499,0.0282,-0.0047,-0.3112,607.47,108.46,-68.55,3.28,79739.7,0,0.00,0.00,3
37246,0.001,-0.002,-5.984,-0.183,-0.061,231.384,0.000,-0.000,0.000,0.9617,0.0280,-0.0058,-0.2726,611.90,109.21,-68.40,3.28,79705.4,0,0.00,0.00,3
37266,-0.003,-0.002,-5.976,-0.061,-0.122,231.995,0.000,-0.000,0.000,0.9719,0.0277,-0.0070,-0.2335,616.33,109.94,-68.31,3.28,79668.5,0,0.00,0.00,3
37286,-0.001,-0.004,-5.965,-0.061,-0.122,232.605,0.000,-0.000,0.000,0.9806,0.0274,-0.0081,-0.1938,620.76,110.67,-68.21,3.28,79629.8,0,0.00,0.00,3
37306,-0.000,-0.002,-5.951,-0.061,0.000,233.337,0.000,-0.000,0.000,0.9877,0.0270,-0.0092,-0.1537,625.24,111.43,-68.07,3.27,79582.1,0,0.00,0.00,3
37326,-0.005,-0.001,-5.939,0.000,0.000,233.887,0.000,-0.000,0.000,0.9931,0.0266,-0.0103,-0.1133,629.68,112.14,-67.96,3.27,79551.8,0,0.00,0.00,3
37347,-0.002,-0.002,-5.927,0.000,0.000,234.497,0.000,-0.000,0.000,0.9970,0.0262,-0.0114,-0.0726,634.11,112.83,-67.84,3.27,79517.8,0,0.00,0.00,3
37369,0.000,-0.002,-5.924,0.061,-0.122,235.168,0.000,-0.000,0.000,0.9991,0.0257,-0.0125,-0.0316,638.62,113.59,-67.81,3.28,79459.5,0,0.00,0.00,3
37386,-0.003,-0.002,-5.908,0.000,-0.122,235.840,0.000,-0.000,0.000,0.9995,0.0252,-0.0136,0.0095,643.11,114.31,-67.65,3.28,79427.4,0,0.00,0.00,3
37406,-0.001,-0.003,-5.901,0.122,-0.061,236.511,0.000,-0.000,0.000,0.9983,0.0246,-0.0146,0.0508,647.61,115.03,-67.58,3.28,79388.5,0,0.00,0.00,3
37426,0.000,-0.006,-5.889,0.000,-0.061,237.061,0.000,-0.000,0.000,0.9953,0.0240,-0.0156,0.0920,652.09,115.72,-67.47,3.28,79352.8,0,0.00,0.00,3
37446,0.001,-0.005,-5.879,0.122,-0.122,237.671,0.000,-0.000,0.000,0.9907,0.0233,-0.0166,0.1332,656.57,116.40,-67.37,3.28,79316.0,0,0.00,0.00,3
37466,0.000,-0.006,-5.865,0.000,-0.122,238.342,0.000,-0.000,0.000,0.9843,0.0226,-0.0176,0.1743,661.08,117.10,-67.23,3.29,79270.6,0,0.00,0.00,3
37486,0.000,-0.006,-5.854,0.061,0.000,238.892,0.000,-0.000,0.000,0.9762,0.0219,-0.0185,0.2152,665.54,117.74,-67.12,3.29,79244.0,0,0.00,0.00,3
37506,0.000,-0.006,-5.844,0.061,0.061,239.502,0.000,-0.000,0.000,0.9663,0.0211,-0.0194,0.2558,670.03,118.40,-67.02,3.29,79198.6,0,0.00,0.00,3
37526,-0.003,-0.006,-5.832,-0.122,0.000,240.234,0.000,-0.000,0.000,0.9547,0.0203,-0.0203,0.2961,674.49,119.02,-66.90,3.29,79168.5,0,0.00,0.00,3
37546,-0.000,-0.006,-5.822,0.061,0.000,240.723,0.000,-0.000,0.000,0.9415,0.0194,-0.0211,0.3359,679.02,119.70,-66.81,3.29,79111.7,0,0.00,0.00,3
37566,-0.002,-0.005,-5.813,-0.061,0.061,241.333,0.000,-0.000,0.000,0.9265,0.0185,-0.0219,0.3752,683.57,120.38,-66.73,3.28,79070.9,0,0.00,0.00,3
37586,-0.002,-0.003,-5.807,-0.183,0.000,241.943,0.000,-0.000,0.000,0.9098,0.0175,-0.0227,0.4140,688.10,121.04,-66.66,3.28,79034.9,0,0.00,0.00,3
37606,-0.002,-0.002,-5.794,0.000,-0.122,242.554,0.000,-0.000,0.000,0.8915,0.0165,-0.0234,0.4522,692.68,121.73,-66.54,3.29,78983.7,0,0.00,0.00,3
37626,-0.003,-0.001,-5.784,0.000,-0.122,243.164,0.000,-0.000,0.000,0.8715,0.0155,-0.0241,0.4896,697.24,122.39,-66.43,3.29,78952.0,0,0.00,0.00,3
37646,-0.002,-0.002,-5.768,0.061,0.000,243.774,0.000,-0.000,0.000,0.8499,0.0145,-0.0248,0.5262,701.81,123.05,-66.28,3.29,78909.8,0,0.00,0.00,3
37666,-0.002,-0.002,-5.756,0.000,-0.122,244.324,0.000,-0.000,0.000,0.8267,0.0135,-0.0254,0.5619,706.34,123.67,-66.17,3.29,78879.4,0,0.00,0.00,3
37686,-0.003,-0.002,-5.740,0.061,-0.122,244.934,0.000,-0.000,0.000,0.8019,0.0124,-0.0259,0.5968,710.90,124.29,-66.01,3.29,78836.5,0,0.00,0.00,3
37706,-0.003,-0.000,-5.727,0.061,-0.183,245.605,0.000,-0.000,0.000,0.7756,0.0113,-0.0265,0.6306,715.47,124.94,-65.88,3.30,78791.0,0,0.00,0.00,3
37726,-0.005,0.000,-5.711,-0.122,-0.061,246.155,0.000,-0.000,0.000,0.7478,0.0101,-0.0269,0.6633,720.07,125.58,-65.73,3.30,78749.0,0,0.00,0.00,3
37746,-0.005,-0.004,-5.697,-0.061,-0.061,246.765,0.000,-0.000,0.000,0.7185,0.0090,-0.0274,0.6949,724.70,126.26,-65.59,3.30,78699.5,0,0.00,0.00,3
37766,-0.005,-0.002,-5.686,0.061,-0.061,247.253,0.000,-0.000,0.000,0.6879,0.0078,-0.0277,0.7252,729.31,126.90,-65.47,3.30,78665.3,0,0.00,0.00,3
37786,-0.007,0.000,-5.671,0.061,-0.122,247.864,0.000,-0.000,0.000,0.6559,0.0066,-0.0280,0.7543,733.85,127.47,-65.33,3.30,78644.2,0,0.00,0.00,3
37806,-0.009,-0.001,-5.651,-0.061,0.061,248.413,0.000,-0.000,0.000,0.6226,0.0054,-0.0283,0.7820,738.45,128.09,-65.13,3.30,78591.4,0,0.00,0.00,3
37826,-0.009,-0.000,-5.629,0.000,-0.061,248.962,0.000,-0.000,0.000,0.5880,0.0041,-0.0285,0.8083,743.10,128.74,-64.92,3.30,78540.2,0,0.00,0.00,3
37846,-0.007,0.000,-5.619,0.000,-0.244,249.573,0.000,-0.000,0.000,0.5523,0.0029,-0.0287,0.8332,747.74,129.38,-64.82,3.31,78499.7,0,0.00,0.00,3
37866,-0.008,-0.001,-5.597,0.000,0.122,250.122,0.000,-0.000,0.000,0.5154,0.0017,-0.0288,0.8565,752.38,130.01,-64.61,3.30,78465.0,0,0.00,0.00,3
37886,-0.005,0.000,-5.583,-0.061,0.000,250.793,0.000,-0.000,0.000,0.4774,0.0004,-0.0288,0.8782,757.01,130.62,-64.46,3.31,78424.6,0,0.00,0.00,3
37906,-0.005,0.000,-5.566,0.061,0.000,251.221,0.000,-0.000,0.000,0.4385,-0.0009,-0.0288,0.8983,761.68,131.26,-64.30,3.30,78376.5,0,0.00,0.00,3
37926,-0.005,-0.001,-5.528,0.000,-0.122,251.831,0.000,-0.000,0.000,0.3986,-0.0021,-0.0288,0.9167,766.36,131.91,-63.93,3.30,78333.6,0,0.00,0.00,3
37946,-0.005,-0.001,-5.495,0.122,-0.061,252.258,0.000,-0.000,0.000,0.3578,-0.0034,-0.0286,0.9333,771.04,132.55,-63.60,3.30,78293.9,0,0.00,0.00,3
37968,-0.006,0.000,-5.464,-0.061,-0.061,252.808,0.000,-0.000,0.000,0.3163,-0.0046,-0.0285,0.9482,775.69,133.15,-63.31,3.30,78263.4,0,0.00,0.00,3
37986,-0.006,-0.003,-5.426,0.061,-0.122,253.296,0.000,-0.000,0.000,0.2741,-0.0058,-0.0282,0.9613,780.40,133.81,-62.93,3.30,78208.3,0,0.00,0.00,3
38006,-0.006,-0.001,-5.396,-0.061,0.000,253.967,0.000,-0.000,0.000,0.2312,-0.0071,-0.0279,0.9725,785.14,134.49,-62.63,3.30,78159.5,0,0.00,0.00,3
38026,-0.005,0.001,-5.354,0.000,0.000,254.456,0.000,-0.000,0.000,0.1878,-0.0083,-0.0276,0.9818,789.89,135.17,-62.22,3.30,78118.9,0,0.00,0.00,3
38046,-0.003,0.002,-5.329,0.000,-0.122,255.066,0.000,-0.000,0.000,0.1439,-0.0095,-0.0272,0.9892,794.57,135.79,-61.98,3.30,78094.7,0,0.00,0.00,3
38066,-0.003,0.003,-5.267,0.000,0.000,255.432,0.000,-0.000,0.000,0.0997,-0.0107,-0.0268,0.9946,799.29,136.43,-61.37,3.30,78047.2,0,0.00,0.00,3
38086,-0.002,0.004,-5.196,0.000,0.000,256.042,0.000,-0.000,0.000,0.0552,-0.0119,-0.0263,0.9981,804.04,137.12,-60.68,3.30,77997.6,0,0.00,0.00,3
38106,-0.005,0.003,-5.135,0.000,0.000,256.409,0.000,-0.000,0.000,0.0105,-0.0131,-0.0257,0.9995,808.72,137.73,-60.08,3.30,77976.3,0,0.00,0.00,3
38126,-0.003,0.003,-5.072,0.122,-0.061,256.897,0.000,-0.000,0.000,-0.0343,-0.0142,-0.0251,0.9990,813.49,138.42,-59.47,3.30,77914.7,0,0.00,0.00,3
38146,-0.001,0.001,-5.012,-0.061,-0.122,257.263,0.000,-0.000,0.000,-0.0791,-0.0153,-0.0244,0.9964,818.23,139.09,-58.88,3.30,77882.2,0,0.00,0.00,3
38166,-0.002,0.003,-4.951,0.061,0.000,257.812,0.000,-0.000,0.000,-0.1239,-0.0164,-0.0237,0.9919,823.02,139.81,-58.28,3.30,77827.7,0,0.00,0.00,3
38186,0.000,0.004,-4.883,0.000,-0.244,258.240,0.000,-0.000,0.000,-0.1684,-0.0174,-0.0229,0.9853,827.77,140.48,-57.62,3.30,77800.6,0,0.00,0.00,3
38206,-0.003,0.003,-4.783,0.000,-0.122,258.484,0.000,-0.000,0.000,-0.2127,-0.0184,-0.0221,0.9767,832.58,141.22,-56.64,3.29,77744.5,0,0.00,0.00,3
38226,-0.002,0.002,-4.679,0.000,0.000,259.094,0.000,-0.000,0.000,-0.2566,-0.0194,-0.0213,0.9661,837.37,141.95,-55.62,3.29,77707.5,0,0.00,0.00,3
38246,-0.002,0.003,-4.570,0.000,-0.183,259.338,0.000,-0.000,0.000,-0.3001,-0.0203,-0.0203,0.9535,842.21,142.72,-54.55,3.29,77658.9,0,0.00,0.00,3
38266,-0.002,0.002,-4.469,0.122,0.000,259.705,0.000,-0.000,0.000,-0.3430,-0.0212,-0.0194,0.9389,847.04,143.51,-53.56,3.29,77617.6,0,0.00,0.00,3
38286,-0.000,0.003,-4.361,0.061,-0.061,260.071,0.000,-0.000,0.000,-0.3852,-0.0220,-0.0184,0.9224,851.88,144.30,-52.50,3.29,77577.1,0,0.00,0.00,3
38306,0.001,0.003,-4.262,-0.061,0.000,260.498,0.000,-0.000,0.000,-0.4268,-0.0228,-0.0174,0.9039,856.73,145.10,-51.53,3.29,77534.2,0,0.00,0.00,3
38326,0.000,0.003,-4.151,0.061,-0.122,260.681,0.000,-0.000,0.000,-0.4674,-0.0236,-0.0163,0.8836,861.60,145.94,-50.45,3.29,77489.3,0,0.00,0.00,3
38347,-0.001,0.002,-4.075,0.122,0.000,260.925,0.000,-0.000,0.000,-0.5072,-0.0243,-0.0152,0.8614,866.49,146.78,-49.70,3.29,77444.8,0,0.00,0.00,3
38366,-0.004,-0.000,-4.005,0.000,-0.122,261.169,0.000,-0.000,0.000,-0.5459,-0.0250,-0.0141,0.8374,871.36,147.61,-49.02,3.28,77408.3,0,0.00,0.00,3
38386,0.003,0.001,-3.927,0.122,-0.122,261.414,0.000,-0.000,0.000,-0.5835,-0.0256,-0.0129,0.8116,876.26,148.47,-48.25,3.28,77362.1,0,0.00,0.00,3
38406,0.002,0.001,-3.857,0.000,-0.061,261.597,0.000,-0.000,0.000,-0.6199,-0.0261,-0.0117,0.7841,881.16,149.32,-47.57,3.28,77320.2,0,0.00,0.00,3
38426,0.001,0.001,-3.783,0.000,-0.061,261.841,0.000,-0.000,0.000,-0.6551,-0.0266,-0.0105,0.7550,886.10,150.21,-46.84,3.28,77271.2,0,0.00,0.00,3
38446,0.002,0.002,-3.707,0.122,-0.122,261.902,0.000,-0.000,0.000,-0.6889,-0.0271,-0.0092,0.7243,891.04,151.10,-46.10,3.28,77231.4,0,0.00,0.00,3
38466,0.002,0.001,-3.635,0.000,-0.122,262.146,0.000,-0.000,0.000,-0.7213,-0.0275,-0.0080,0.6920,896.00,152.01,-45.39,3.28,77183.5,0,0.00,0.00,3
38486,0.001,-0.001,-3.587,0.000,-0.122,262.329,0.000,-0.000,0.000,-0.7523,-0.0278,-0.0067,0.6582,900.98,152.92,-44.93,3.27,77141.4,0,0.00,0.00,3
38506,0.001,-0.000,-3.539,0.061,-0.122,262.451,0.000,-0.000,0.000,-0.7816,-0.0280,-0.0054,0.6231,905.95,153.82,-44.45,3.27,77100.2,0,0.00,0.00,3
38526,0.000,0.001,-3.491,0.000,-0.122,262.573,0.000,-0.000,0.000,-0.8093,-0.0283,-0.0041,0.5867,910.96,154.75,-43.99,3.27,77051.5,0,0.00,0.00,3
38546,0.001,0.001,-3.439,-0.061,-0.122,262.695,0.000,-0.000,0.000,-0.8354,-0.0284,-0.0028,0.5489,916.02,155.72,-43.48,3.27,76998.4,0,0.00,0.00,3
38566,0.000,0.000,-3.395,0.000,-0.183,262.817,0.000,-0.000,0.000,-0.8597,-0.0285,-0.0014,0.5101,921.02,156.61,-43.04,3.27,76973.8,0,0.00,0.00,3
38588,0.003,-0.001,-3.345,0.000,-0.122,262.878,0.000,-0.000,0.000,-0.8822,-0.0285,-0.0001,0.4701,926.03,157.52,-42.56,3.27,76927.5,0,0.00,0.00,3
38606,0.002,-0.003,-3.301,0.000,-0.061,263.000,0.000,-0.000,0.000,-0.9028,-0.0285,0.0012,0.4291,931.09,158.46,-42.13,3.26,76876.3,0,0.00,0.00,3
38626,0.001,-0.000,-3.252,0.122,0.061,263.000,0.000,-0.000,0.000,-0.9215,-0.0284,0.0025,0.3872,936.15,159.40,-41.65,3.27,76835.4,0,0.00,0.00,3
38646,0.000,-0.002,-3.209,0.000,-0.122,263.062,0.000,-0.000,0.000,-0.9383,-0.0282,0.0038,0.3445,941.20,160.32,-41.23,3.27,76795.2,0,0.00,0.00,3
38666,-0.000,-0.002,-3.162,0.000,-0.122,263.062,0.000,-0.000,0.000,-0.9532,-0.0280,0.0052,0.3011,946.26,161.23,-40.76,3.27,76753.0,0,0.00,0.00,3
38686,0.000,-0.003,-3.121,0.000,-0.061,263.184,0.000,-0.000,0.000,-0.9660,-0.0278,0.0064,0.2570,951.32,162.14,-40.37,3.27,76711.2,0,0.00,0.00,3
38706,0.004,-0.003,-3.076,-0.061,-0.183,263.184,0.000,-0.000,0.000,-0.9768,-0.0274,0.0077,0.2124,956.44,163.09,-39.92,3.27,76657.3,0,0.00,0.00,3
38726,0.002,-0.002,-3.029,-0.122,-0.061,263.428,0.000,-0.000,0.000,-0.9855,-0.0270,0.0090,0.1673,961.49,163.97,-39.46,3.26,76631.8,0,0.00,0.00,3
38746,-0.000,-0.001,-2.985,0.000,0.000,263.245,0.000,-0.000,0.000,-0.9921,-0.0266,0.0102,0.1218,966.56,164.86,-39.03,3.26,76585.6,0,0.00,0.00,3
38766,0.002,-0.003,-2.951,0.061,0.061,263.245,0.000,-0.000,0.000,-0.9967,-0.0261,0.0114,0.0761,971.64,165.76,-38.70,3.26,76540.0,0,0.00,0.00,3
38786,0.001,-0.003,-2.919,0.000,0.122,263.184,0.000,-0.000,0.000,-0.9991,-0.0255,0.0126,0.0303,976.77,166.69,-38.39,3.26,76489.3,0,0.00,0.00,3
38806,-0.001,-0.001,-2.890,-0.061,-0.122,263.306,0.000,-0.000,0.000,-0.9995,-0.0249,0.0138,-0.0156,981.90,167.61,-38.10,3.26,76445.1,0,0.00,0.00,3
38826,-0.000,-0.004,-2.854,-0.122,0.000,263.184,0.000,-0.000,0.000,-0.9977,-0.0242,0.0149,-0.0615,987.02,168.50,-37.75,3.26,76409.4,0,0.00,0.00,3
38846,-0.002,-0.004,-2.820,-0.061,-0.061,263.184,0.000,-0.000,0.000,-0.9938,-0.0235,0.0160,-0.1073,992.13,169.38,-37.42,3.26,76366.4,0,0.00,0.00,3
38866,-0.000,-0.003,-2.790,-0.061,0.061,263.184,0.000,-0.000,0.000,-0.9879,-0.0227,0.0171,-0.1528,997.27,170.27,-37.12,3.26,76320.3,0,0.00,0.00,3
38886,-0.002,-0.003,-2.757,0.000,-0.061,263.123,0.000,-0.000,0.000,-0.9798,-0.0219,0.0181,-0.1980,1002.41,171.16,-36.80,3.26,76277.6,0,0.00,0.00,3
38906,-0.001,-0.005,-2.734,0.061,-0.061,263.000,0.000,-0.000,0.000,-0.9697,-0.0211,0.0191,-0.2427,1007.57,172.05,-36.58,3.26,76229.9,0,0.00,0.00,3
38926,-0.005,-0.004,-2.715,0.000,0.000,263.000,0.000,-0.000,0.000,-0.9575,-0.0202,0.0200,-0.2870,1012.73,172.92,-36.40,3.26,76191.2,0,0.00,0.00,3
38946,-0.004,-0.002,-2.702,-0.061,-0.061,263.000,0.000,-0.000,0.000,-0.9433,-0.0193,0.0210,-0.3306,1017.93,173.83,-36.26,3.26,76136.5,0,0.00,0.00,3
38966,-0.001,-0.005,-2.683,-0.061,-0.122,262.817,0.000,-0.000,0.000,-0.9272,-0.0183,0.0219,-0.3735,1023.09,174.68,-36.07,3.26,76104.3,0,0.00,0.00,3
38986,-0.004,-0.005,-2.664,-0.061,-0.061,262.756,0.000,-0.000,0.000,-0.9091,-0.0172,0.0227,-0.4156,1028.27,175.54,-35.89,3.26,76058.2,0,0.00,0.00,3
39006,-0.002,-0.003,-2.646,-0.061,0.000,262.756,0.000,-0.000,0.000,-0.8891,-0.0162,0.0234,-0.4568,1033.48,176.41,-35.71,3.26,76009.6,0,0.00,0.00,3
39026,-0.005,-0.003,-2.628,0.000,-0.061,262.695,0.000,-0.000,0.000,-0.8672,-0.0151,0.0242,-0.4971,1038.64,177.23,-35.54,3.27,75977.9,0,0.00,0.00,3
39046,-0.003,-0.003,-2.611,0.000,0.000,262.573,0.000,-0.000,0.000,-0.8435,-0.0140,0.0248,-0.5363,1043.81,178.04,-35.37,3.27,75932.5,0,0.00,0.00,3
39066,-0.002,-0.006,-2.596,0.000,0.061,262.512,0.000,-0.000,0.000,-0.8181,-0.0128,0.0254,-0.5744,1049.01,178.87,-35.23,3.26,75884.2,0,0.00,0.00,3
39086,-0.001,-0.002,-2.582,0.000,-0.061,262.512,0.000,-0.000,0.000,-0.7909,-0.0116,0.0260,-0.6113,1054.18,179.66,-35.09,3.27,75849.1,0,0.00,0.00,3
39106,-0.004,-0.003,-2.567,0.000,-0.061,262.512,0.000,-0.000,0.000,-0.7621,-0.0104,0.0265,-0.6468,1059.39,180.47,-34.94,3.27,75797.3,0,0.00,0.00,3
39126,-0.004,-0.001,-2.553,0.000,-0.061,262.268,0.000,-0.000,0.000,-0.7317,-0.0092,0.0270,-0.6810,1064.61,181.28,-34.81,3.27,75752.0,0,0.00,0.00,3
39146,-0.004,-0.002,-2.543,-0.061,-0.061,262.146,0.000,-0.000,0.000,-0.6998,-0.0080,0.0274,-0.7138,1069.83,182.08,-34.71,3.27,75708.8,0,0.00,0.00,3
39166,-0.005,-0.002,-2.522,0.000,0.000,262.146,0.000,-0.000,0.000,-0.6664,-0.0067,0.0277,-0.7450,1075.05,182.86,-34.50,3.27,75667.2,0,0.00,0.00,3
39186,-0.006,-0.003,-2.509,0.061,-0.183,262.085,0.000,-0.000,0.000,-0.6316,-0.0055,0.0280,-0.7747,1080.29,183.65,-34.38,3.27,75620.3,0,0.00,0.00,3
39208,-0.007,-0.001,-2.495,-0.122,-0.061,261.841,0.000,-0.000,0.000,-0.5956,-0.0042,0.0283,-0.8028,1085.50,184.40,-34.24,3.27,75584.2,0,0.00,0.00,3
39226,-0.007,-0.001,-2.483,0.061,0.000,261.841,0.000,-0.000,0.000,-0.5583,-0.0029,0.0284,-0.8292,1090.72,185.15,-34.12,3.27,75537.0,0,0.00,0.00,3
39246,-0.004,-0.002,-2.470,0.122,-0.061,261.780,0.000,-0.000,0.000,-0.5198,-0.0016,0.0285,-0.8538,1095.90,185.85,-33.99,3.27,75506.7,0,0.00,0.00,3
39266,-0.004,0.000,-2.454,0.061,-0.061,261.658,0.000,-0.000,0.000,-0.4803,-0.0003,0.0285,-0.8766,1101.12,186.58,-33.84,3.27,75453.0,0,0.00,0.00,3
39286,-0.007,0.000,-2.442,0.061,-0.061,261.536,0.000,-0.000,0.000,-0.4398,0.0010,0.0285,-0.8976,1106.34,187.30,-33.72,3.27,75409.6,0,0.00,0.00,3
39306,-0.004,0.002,-2.423,0.000,0.000,261.353,0.000,-0.000,0.000,-0.3984,0.0023,0.0285,-0.9168,1111.57,188.01,-33.53,3.27,75365.6,0,0.00,0.00,3
39326,-0.004,0.001,-2.417,-0.061,-0.061,261.230,0.000,-0.000,0.000,-0.3562,0.0036,0.0283,-0.9340,1116.76,188.68,-33.47,3.27,75330.4,0,0.00,0.00,3
39347,-0.005,0.002,-2.403,0.000,-0.061,261.047,0.000,-0.000,0.000,-0.3133,0.0048,0.0281,-0.9492,1121.98,189.37,-33.33,3.27,75281.9,0,0.00,0.00,3
39366,-0.004,0.001,-2.392,0.061,0.000,260.986,0.000,-0.000,0.000,-0.2698,0.0061,0.0279,-0.9625,1127.19,190.03,-33.23,3.27,75242.4,0,0.00,0.00,3
39386,-0.003,0.000,-2.383,0.000,0.061,260.864,0.000,-0.000,0.000,-0.2257,0.0074,0.0276,-0.9738,1132.40,190.68,-33.14,3.27,75197.1,0,0.00,0.00,3
39406,-0.003,0.001,-2.375,0.000,-0.061,260.742,0.000,-0.000,0.000,-0.1811,0.0086,0.0272,-0.9830,1137.63,191.35,-33.06,3.27,75149.0,0,0.00,0.00,3
39426,-0.003,0.002,-2.362,0.000,0.000,260.742,0.000,-0.000,0.000,-0.1362,0.0098,0.0268,-0.9903,1142.87,192.02,-32.94,3.27,75104.5,0,0.00,0.00,3
39446,-0.005,0.002,-2.351,0.000,0.000,260.437,0.000,-0.000,0.000,-0.0911,0.0111,0.0263,-0.9954,1148.12,192.68,-32.82,3.27,75059.0,0,0.00,0.00,3
39466,-0.003,0.001,-2.342,0.000,-0.061,260.376,0.000,-0.000,0.000,-0.0458,0.0122,0.0258,-0.9985,1153.35,193.31,-32.73,3.27,75020.8,0,0.00,0.00,3
39486,-0.003,0.002,-2.326,0.000,-0.061,260.132,0.000,-0.000,0.000,-0.0004,0.0134,0.0252,-0.9996,1158.60,193.95,-32.58,3.27,74973.1,0,0.00,0.00,3
39506,-0.001,0.002,-2.323,0.000,-0.183,260.132,0.000,-0.000,0.000,0.0450,0.0145,0.0246,-0.9986,1163.82,194.55,-32.55,3.27,74936.8,0,0.00,0.00,3
39526,-0.004,0.004,-2.312,0.000,0.000,259.888,0.000,-0.000,0.000,0.0902,0.0156,0.0239,-0.9955,1169.01,195.11,-32.44,3.27,74901.1,0,0.00,0.00,3
39546,-0.000,0.002,-2.303,0.000,-0.061,259.827,0.000,-0.000,0.000,0.1352,0.0166,0.0232,-0.9904,1174.19,195.66,-32.36,3.27,74860.0,0,0.00,0.00,3
39566,0.000,0.003,-2.292,0.000,-0.122,259.705,0.000,-0.000,0.000,0.1800,0.0176,0.0224,-0.9833,1179.41,196.24,-32.25,3.27,74806.9,0,0.00,0.00,3
39586,-0.003,0.004,14.000,0.061,-0.061,255.554,0.000,-0.000,0.000,0.2236,0.0186,0.0216,-0.9743,1184.71,200.04,127.26,3.26,74752.3,0,0.00,0.00,3
39606,-0.003,0.001,-2.267,0.061,-0.122,259.338,0.000,-0.000,0.000,0.2675,0.0196,0.0207,-0.9631,1190.01,200.62,-32.00,3.26,74715.2,0,0.00,0.00,3
39626,-0.001,0.005,-2.249,0.000,-0.122,259.216,0.000,-0.000,0.000,0.3108,0.0204,0.0198,-0.9501,1195.25,201.13,-31.83,3.26,74686.9,0,0.00,0.00,3
39646,0.001,0.001,-2.238,0.122,-0.183,258.911,0.000,-0.000,0.000,0.3534,0.0213,0.0188,-0.9351,1200.51,201.65,-31.72,3.26,74637.9,0,0.00,0.00,3
39666,-0.004,0.002,-2.224,0.061,0.000,258.850,0.000,-0.000,0.000,0.3952,0.0221,0.0178,-0.9181,1205.78,202.17,-31.58,3.26,74591.0,0,0.00,0.00,3
39686,0.000,0.002,-2.209,0.122,0.000,258.728,0.000,-0.000,0.000,0.4363,0.0229,0.0168,-0.8994,1211.08,202.72,-31.43,3.25,74539.8,0,0.00,0.00,3
39706,0.001,0.002,-2.191,0.061,-0.061,258.606,0.000,-0.000,0.000,0.4764,0.0236,0.0157,-0.8788,1216.28,203.17,-31.26,3.25,74520.2,0,0.00,0.00,3
39726,0.001,0.001,-2.179,0.000,-0.061,258.362,0.000,-0.000,0.000,0.5155,0.0243,0.0146,-0.8564,1221.53,203.66,-31.14,3.25,74464.5,0,0.00,0.00,3
39746,-0.000,-0.000,-2.167,0.000,0.000,258.179,0.000,-0.000,0.000,0.5536,0.0250,0.0135,-0.8323,1226.72,204.08,-31.03,3.25,74436.0,0,0.00,0.00,3
39766,-0.001,0.000,-2.159,0.061,-0.122,257.996,0.000,-0.000,0.000,0.5905,0.0255,0.0123,-0.8065,1231.96,204.55,-30.94,3.25,74379.4,0,0.00,0.00,3
39786,0.000,0.004,-2.147,-0.061,0.000,257.874,0.000,-0.000,0.000,0.6262,0.0260,0.0112,-0.7792,1237.20,205.00,-30.83,3.25,74337.9,0,0.00,0.00,3
39806,-0.000,0.000,-2.144,0.000,0.061,257.690,0.000,-0.000,0.000,0.6606,0.0265,0.0100,-0.7502,1242.45,205.47,-30.80,3.25,74288.0,0,0.00,0.00,3
39828,0.000,-0.000,-2.132,-0.061,-0.183,257.507,0.000,-0.000,0.000,0.6936,0.0269,0.0088,-0.7198,1247.62,205.85,-30.68,3.25,74265.6,0,0.00,0.00,3
39846,0.001,0.002,-2.125,0.061,-0.122,257.324,0.000,-0.000,0.000,0.7252,0.0273,0.0076,-0.6879,1252.82,206.24,-30.61,3.25,74216.3,0,0.00,0.00,3
39866,0.001,0.000,-2.114,0.061,-0.122,257.202,0.000,-0.000,0.000,0.7554,0.0276,0.0063,-0.6547,1258.01,206.63,-30.50,3.24,74172.0,0,0.00,0.00,3
39886,0.000,0.001,-2.103,-0.061,-0.183,257.019,0.000,-0.000,0.000,0.7840,0.0278,0.0050,-0.6201,1263.21,207.02,-30.40,3.24,74127.7,0,0.00,0.00,3
39906,0.002,0.000,-2.094,0.000,0.061,256.775,0.000,-0.000,0.000,0.8110,0.0280,0.0038,-0.5844,1268.48,207.47,-30.31,3.24,74067.8,0,0.00,0.00,3
39926,0.001,-0.002,-2.082,-0.061,-0.061,256.531,0.000,-0.000,0.000,0.8363,0.0282,0.0025,-0.5475,1273.70,207.87,-30.19,3.24,74034.1,0,0.00,0.00,3
39946,0.002,-0.000,-2.069,-0.061,-0.061,256.348,0.000,-0.000,0.000,0.8600,0.0282,0.0013,-0.5096,1278.91,208.25,-30.06,3.24,73995.2,0,0.00,0.00,3
39966,0.003,-0.001,-2.061,0.061,-0.122,256.104,0.000,-0.000,0.000,0.8819,0.0282,-0.0000,-0.4706,1284.07,208.59,-29.98,3.24,73961.1,0,0.00,0.00,3
39986,0.002,0.000,-2.050,0.061,-0.061,256.042,0.000,-0.000,0.000,0.9020,0.0282,-0.0013,-0.4308,1289.20,208.89,-29.88,3.24,73926.1,0,0.00,0.00,3
40006,0.002,0.000,-2.036,0.000,-0.061,255.798,0.000,-0.000,0.000,0.9203,0.0281,-0.0025,-0.3901,1294.44,209.28,-29.74,3.24,73857.3,0,0.00,0.00,3
40026,0.000,-0.002,-2.032,0.000,-0.061,255.615,0.000,-0.000,0.000,0.9368,0.0280,-0.0038,-0.3486,1299.61,209.61,-29.70,3.24,73827.5,0,0.00,0.00,3
40046,0.002,-0.000,-2.021,0.000,-0.183,255.310,0.000,-0.000,0.000,0.9514,0.0278,-0.0051,-0.3066,1304.75,209.91,-29.60,3.24,73793.9,0,0.00,0.00,3
40066,0.000,-0.002,-2.015,0.000,0.000,255.127,0.000,-0.000,0.000,0.9641,0.0275,-0.0063,-0.2639,1309.93,210.23,-29.53,3.24,73739.5,0,0.00,0.00,3
40086,0.001,-0.005,-2.006,0.061,0.000,255.005,0.000,-0.000,0.000,0.9749,0.0272,-0.0075,-0.2208,1315.10,210.55,-29.45,3.24,73698.9,0,0.00,0.00,3
40106,0.001,-0.001,-1.999,0.061,-0.061,254.700,0.000,-0.000,0.000,0.9838,0.0269,-0.0088,-0.1772,1320.18,210.78,-29.37,3.24,73675.4,0,0.00,0.00,3
40126,0.001,-0.004,-1.994,0.000,-0.061,254.517,0.000,-0.000,0.000,0.9907,0.0265,-0.0099,-0.1334,1325.34,211.08,-29.33,3.24,73614.4,0,0.00,0.00,3
40147,-0.001,-0.003,-1.989,0.061,0.000,254.395,0.000,-0.000,0.000,0.9956,0.0260,-0.0111,-0.0892,1330.45,211.32,-29.28,3.24,73582.4,0,0.00,0.00,3
40166,-0.003,-0.004,-1.969,0.000,-0.183,254.150,0.000,-0.000,0.000,0.9986,0.0255,-0.0123,-0.0450,1335.61,211.62,-29.09,3.24,73527.7,0,0.00,0.00,3
40186,0.001,-0.002,-1.959,0.061,-0.061,253.967,0.000,-0.000,0.000,0.9996,0.0249,-0.0134,-0.0007,1340.73,211.87,-28.99,3.24,73493.3,0,0.00,0.00,3
40206,0.000,-0.004,-1.951,-0.061,-0.061,253.662,0.000,-0.000,0.000,0.9987,0.0243,-0.0145,0.0435,1345.88,212.14,-28.91,3.24,73444.3,0,0.00,0.00,3
40226,0.000,-0.004,-1.938,0.061,-0.183,253.540,0.000,-0.000,0.000,0.9957,0.0236,-0.0156,0.0877,1351.00,212.39,-28.78,3.25,73407.7,0,0.00,0.00,3
40246,0.001,-0.003,-1.927,-0.061,-0.061,253.235,0.000,-0.000,0.000,0.9909,0.0229,-0.0166,0.1316,1356.11,212.62,-28.68,3.25,73365.3,0,0.00,0.00,3
40266,-0.001,-0.003,-1.919,0.000,0.061,252.991,0.000,-0.000,0.000,0.9841,0.0222,-0.0176,0.1752,1361.20,212.84,-28.60,3.25,73327.0,0,0.00,0.00,3
40286,-0.003,-0.003,-1.906,0.061,-0.061,252.747,0.000,-0.000,0.000,0.9754,0.0214,-0.0186,0.2184,1366.29,213.05,-28.47,3.25,73284.3,0,0.00,0.00,3
40306,-0.003,-0.003,-1.899,0.061,0.000,252.563,0.000,-0.000,0.000,0.9649,0.0205,-0.0195,0.2612,1371.40,213.28,-28.40,3.25,73236.5,0,0.00,0.00,3
40326,-0.002,-0.005,-1.886,0.000,-0.061,252.319,0.000,-0.000,0.000,0.9524,0.0197,-0.0204,0.3034,1376.46,213.45,-28.27,3.25,73206.7,0,0.00,0.00,3
40346,-0.002,-0.002,-1.877,0.122,0.000,252.014,0.000,-0.000,0.000,0.9382,0.0188,-0.0213,0.3450,1381.55,213.66,-28.19,3.25,73155.2,0,0.00,0.00,3
40366,-0.001,-0.002,-1.869,0.061,-0.061,251.831,0.000,-0.000,0.000,0.9221,0.0178,-0.0221,0.3859,1386.57,213.80,-28.11,3.25,73127.8,0,0.00,0.00,3
40386,-0.002,-0.004,-1.859,0.061,-0.061,251.648,0.000,-0.000,0.000,0.9043,0.0169,-0.0228,0.4260,1391.62,213.97,-28.01,3.25,73078.7,0,0.00,0.00,3
40406,-0.003,-0.003,-1.844,0.061,0.000,251.404,0.000,-0.000,0.000,0.8847,0.0158,-0.0235,0.4652,1396.63,214.09,-27.86,3.25,73047.0,0,0.00,0.00,3
40426,-0.002,-0.003,-1.837,0.000,-0.061,251.221,0.000,-0.000,0.000,0.8635,0.0148,-0.0242,0.5036,1401.65,214.23,-27.80,3.25,73000.2,0,0.00,0.00,3
40449,-0.002,-0.002,-1.835,0.000,0.000,250.977,0.000,-0.000,0.000,0.8406,0.0137,-0.0249,0.5409,1406.68,214.37,-27.77,3.25,72954.9,0,0.00,0.00,3
40466,-0.002,-0.004,-1.827,0.000,-0.122,250.671,0.000,-0.000,0.000,0.8161,0.0126,-0.0254,0.5772,1411.72,214.52,-27.69,3.26,72911.7,0,0.00,0.00,3
40486,-0.004,-0.003,-1.826,-0.061,-0.122,250.366,0.000,-0.000,0.000,0.7901,0.0115,-0.0260,0.6123,1416.73,214.64,-27.69,3.26,72873.6,0,0.00,0.00,3
40506,-0.004,-0.003,-1.821,0.122,-0.061,250.183,0.000,-0.000,0.000,0.7627,0.0104,-0.0265,0.6462,1421.78,214.80,-27.64,3.26,72822.6,0,0.00,0.00,3
40526,-0.003,-0.003,-1.813,0.061,-0.061,249.939,0.000,-0.000,0.000,0.7338,0.0092,-0.0269,0.6788,1426.85,214.97,-27.56,3.26,72776.2,0,0.00,0.00,3
40546,-0.005,-0.001,-1.810,0.000,-0.061,249.695,0.000,-0.000,0.000,0.7035,0.0081,-0.0273,0.7101,1431.79,215.03,-27.53,3.26,72761.4,0,0.00,0.00,3
40566,-0.004,-0.001,-1.807,0.000,-0.061,249.390,0.000,-0.000,0.000,0.6719,0.0069,-0.0276,0.7401,1436.81,215.15,-27.50,3.26,72703.2,0,0.00,0.00,3
40586,-0.005,0.000,-1.800,0.061,-0.061,249.207,0.000,-0.000,0.000,0.6391,0.0057,-0.0279,0.7686,1441.77,215.22,-27.44,3.26,72672.3,0,0.00,0.00,3
40606,-0.005,-0.001,-1.793,0.061,0.000,248.962,0.000,-0.000,0.000,0.6051,0.0045,-0.0281,0.7956,1446.80,215.35,-27.37,3.26,72614.4,0,0.00,0.00,3
40626,-0.004,-0.000,-1.787,0.061,-0.122,248.657,0.000,-0.000,0.000,0.5700,0.0033,-0.0283,0.8211,1451.78,215.44,-27.31,3.26,72583.2,0,0.00,0.00,3
40646,-0.005,-0.000,-1.781,0.000,0.000,248.413,0.000,-0.000,0.000,0.5339,0.0021,-0.0284,0.8451,1456.78,215.54,-27.25,3.26,72537.1,0,0.00,0.00,3
40666,-0.003,-0.002,-1.774,0.000,-0.061,248.108,0.000,-0.000,0.000,0.4968,0.0008,-0.0285,0.8674,1461.73,215.59,-27.18,3.26,72506.2,0,0.00,0.00,3
40686,-0.002,-0.003,-1.763,0.061,-0.061,247.986,0.000,-0.000,0.000,0.4588,-0.0004,-0.0285,0.8881,1466.77,215.73,-27.06,3.26,72443.5,0,0.00,0.00,3
40706,-0.004,0.003,-1.758,0.122,0.061,247.620,0.000,-0.000,0.000,0.4200,-0.0016,-0.0284,0.9071,1471.76,215.83,-27.02,3.26,72410.2,0,0.00,0.00,3
40726,-0.004,0.003,-1.756,0.122,-0.061,247.375,0.000,-0.000,0.000,0.3805,-0.0028,-0.0283,0.9243,1476.65,215.82,-27.00,3.26,72393.9,0,0.00,0.00,3
40746,-0.005,0.000,-1.751,0.000,-0.122,247.070,0.000,-0.000,0.000,0.3403,-0.0040,-0.0282,0.9399,1481.64,215.92,-26.95,3.26,72326.2,0,0.00,0.00,3
40766,-0.005,0.000,-1.749,0.061,-0.183,246.887,0.000,-0.000,0.000,0.2995,-0.0052,-0.0280,0.9537,1486.61,215.99,-26.93,3.26,72289.9,0,0.00,0.00,3
40786,-0.004,0.001,-1.746,-0.061,0.000,246.521,0.000,-0.000,0.000,0.2582,-0.0064,-0.0277,0.9657,1491.59,216.07,-26.90,3.26,72245.8,0,0.00,0.00,3
40806,-0.005,-0.000,-1.744,0.122,-0.061,246.277,0.000,-0.000,0.000,0.2165,-0.0076,-0.0274,0.9759,1496.50,216.08,-26.88,3.26,72220.0,0,0.00,0.00,3
40826,-0.004,0.001,-1.740,0.061,-0.061,246.094,0.000,-0.000,0.000,0.1744,-0.0087,-0.0270,0.9843,1501.42,216.12,-26.84,3.26,72173.6,0,0.00,0.00,3
40846,-0.006,0.002,-1.735,-0.061,-0.061,245.789,0.000,-0.000,0.000,0.1320,-0.0099,-0.0267,0.9908,1506.37,216.17,-26.79,3.26,72126.2,0,0.00,0.00,3
40866,-0.002,0.002,-1.739,-0.061,-0.122,245.483,0.000,-0.000,0.000,0.0894,-0.0110,-0.0262,0.9956,1511.30,216.20,-26.84,3.26,72087.8,0,0.00,0.00,3
40886,-0.001,0.001,-1.735,0.061,-0.061,245.239,0.000,-0.000,0.000,0.0467,-0.0121,-0.0257,0.9985,1516.22,216.22,-26.79,3.26,72050.7,0,0.00,0.00,3
40906,-0.003,0.001,-1.738,-0.061,0.000,244.934,0.000,-0.000,0.000,0.0040,-0.0132,-0.0252,0.9996,1521.13,216.23,-26.83,3.26,72009.9,0,0.00,0.00,3
40926,-0.003,0.003,-1.736,0.000,0.122,244.690,0.000,-0.000,0.000,-0.0387,-0.0142,-0.0246,0.9988,1526.01,216.22,-26.80,3.26,71974.2,0,0.00,0.00,3
40946,-0.002,0.001,-1.736,0.061,-0.183,244.507,0.000,-0.000,0.000,-0.0812,-0.0153,-0.0240,0.9963,1530.89,216.21,-26.80,3.25,71931.7,0,0.00,0.00,3
40966,-0.002,0.002,-1.737,0.061,-0.122,244.080,0.000,-0.000,0.000,-0.1236,-0.0162,-0.0233,0.9919,1535.73,216.16,-26.82,3.25,71901.1,0,0.00,0.00,3
40986,-0.003,0.003,-1.738,-0.061,-0.122,243.835,0.000,-0.000,0.000,-0.1657,-0.0172,-0.0226,0.9858,1540.63,216.16,-26.82,3.25,71845.3,0,0.00,0.00,3
41006,-0.001,0.002,-1.735,0.000,-0.122,243.530,0.000,-0.000,0.000,-0.2074,-0.0181,-0.0218,0.9778,1545.48,216.12,-26.79,3.25,71815.2,0,0.00,0.00,3
41026,-0.004,0.002,-1.732,0.000,-0.183,243.408,0.000,-0.000,0.000,-0.2488,-0.0190,-0.0210,0.9682,1550.39,216.13,-26.76,3.25,71760.6,0,0.00,0.00,3
41046,-0.004,0.002,-1.727,0.000,0.000,243.103,0.000,-0.000,0.000,-0.2896,-0.0199,-0.0202,0.9567,1555.24,216.10,-26.71,3.25,71731.0,0,0.00,0.00,3
41068,-0.003,0.002,-1.725,-0.061,-0.061,242.737,0.000,-0.000,0.000,-0.3299,-0.0207,-0.0193,0.9436,1560.08,216.06,-26.69,3.25,71691.4,0,0.00,0.00,3
41086,-0.002,0.001,-1.722,0.000,-0.061,242.554,0.000,-0.000,0.000,-0.3695,-0.0215,-0.0184,0.9288,1564.92,216.01,-26.66,3.25,71651.4,0,0.00,0.00,3
41106,0.000,0.001,-1.719,0.000,-0.061,242.310,0.000,-0.000,0.000,-0.4084,-0.0222,-0.0175,0.9123,1569.79,215.99,-26.64,3.24,71605.1,0,0.00,0.00,3
41126,0.000,0.000,-1.717,0.122,-0.061,241.943,0.000,-0.000,0.000,-0.4466,-0.0230,-0.0165,0.8943,1574.63,215.95,-26.62,3.24,71566.4,0,0.00,0.00,3
41147,0.001,0.001,-1.711,0.000,-0.061,241.760,0.000,-0.000,0.000,-0.4839,-0.0236,-0.0156,0.8747,1579.42,215.86,-26.56,3.24,71540.3,0,0.00,0.00,3
41167,0.001,0.001,-1.709,0.000,-0.122,241.455,0.000,-0.000,0.000,-0.5203,-0.0242,-0.0145,0.8535,1584.24,215.81,-26.54,3.24,71489.6,0,0.00,0.00,3
41187,0.001,0.004,-1.705,-0.061,-0.061,241.211,0.000,-0.000,0.000,-0.5558,-0.0248,-0.0135,0.8308,1589.14,215.82,-26.50,3.24,71433.1,0,0.00,0.00,3
41206,0.001,0.001,-1.705,-0.061,-0.183,240.967,0.000,-0.000,0.000,-0.5902,-0.0253,-0.0124,0.8067,1593.93,215.74,-26.50,3.23,71414.1,0,0.00,0.00,3
41226,0.001,0.000,-1.699,0.000,-0.061,240.601,0.000,-0.000,0.000,-0.6236,-0.0258,-0.0114,0.7812,1598.73,215.66,-26.44,3.23,71372.0,0,0.00,0.00,3
41246,0.000,0.001,-1.699,0.061,0.000,240.479,0.000,-0.000,0.000,-0.6558,-0.0263,-0.0103,0.7544,1603.46,215.53,-26.44,3.23,71346.9,0,0.00,0.00,3
41266,0.001,0.001,-1.689,-0.061,-0.244,240.112,0.000,-0.000,0.000,-0.6868,-0.0266,-0.0091,0.7263,1608.20,215.41,-26.35,3.23,71303.8,0,0.00,0.00,3
41286,0.000,0.002,-1.692,0.000,-0.183,239.807,0.000,-0.000,0.000,-0.7166,-0.0270,-0.0080,0.6969,1612.99,215.33,-26.38,3.22,71253.3,0,0.00,0.00,3
41306,0.001,0.000,-1.688,-0.122,-0.183,239.563,0.000,-0.000,0.000,-0.7451,-0.0273,-0.0068,0.6663,1617.72,215.21,-26.33,3.22,71223.4,0,0.00,0.00,3
41326,0.002,0.000,-1.685,-0.061,0.000,239.258,0.000,-0.000,0.000,-0.7723,-0.0275,-0.0057,0.6346,1622.54,215.16,-26.30,3.22,71164.2,0,0.00,0.00,3
41346,0.001,0.000,-1.684,-0.061,0.000,238.953,0.000,-0.000,0.000,-0.7981,-0.0277,-0.0046,0.6019,1627.30,215.07,-26.30,3.22,71135.7,0,0.00,0.00,3
41366,0.000,-0.001,-1.677,0.061,-0.061,238.708,0.000,-0.000,0.000,-0.8225,-0.0279,-0.0034,0.5681,1632.08,214.99,-26.22,3.22,71092.6,0,0.00,0.00,3
41386,0.003,-0.001,-1.675,0.000,-0.122,238.464,0.000,-0.000,0.000,-0.8454,-0.0280,-0.0022,0.5334,1636.84,214.90,-26.21,3.22,71053.6,0,0.00,0.00,3
41406,0.002,-0.001,-1.668,0.000,-0.061,238.098,0.000,-0.000,0.000,-0.8668,-0.0280,-0.0010,0.4978,1641.62,214.83,-26.14,3.22,71010.6,0,0.00,0.00,3
41426,-0.001,-0.002,-1.671,0.061,-0.061,237.976,0.000,-0.000,0.000,-0.8867,-0.0281,0.0001,0.4614,1646.38,214.74,-26.17,3.22,70973.9,0,0.00,0.00,3
41446,0.000,0.000,-1.667,0.000,-0.122,237.610,0.000,-0.000,0.000,-0.9051,-0.0280,0.0013,0.4242,1651.10,214.62,-26.12,3.22,70943.2,0,0.00,0.00,3
41466,0.002,-0.001,-1.666,0.000,0.000,237.305,0.000,-0.000,0.000,-0.9219,-0.0279,0.0025,0.3864,1655.85,214.53,-26.12,3.22,70895.2,0,0.00,0.00,3
41486,0.002,-0.002,-1.667,0.000,0.000,237.061,0.000,-0.000,0.000,-0.9371,-0.0278,0.0036,0.3479,1660.57,214.41,-26.13,3.22,70861.9,0,0.00,0.00,3
41506,0.002,-0.003,-1.663,-0.122,0.000,236.877,0.000,-0.000,0.000,-0.9507,-0.0276,0.0048,0.3089,1665.26,214.27,-26.09,3.21,70828.2,0,0.00,0.00,3
41526,0.004,-0.000,-1.658,-0.061,0.000,236.450,0.000,-0.000,0.000,-0.9626,-0.0274,0.0059,0.2694,1670.04,214.21,-26.04,3.21,70767.5,0,0.00,0.00,3
41546,0.000,-0.002,-1.660,-0.061,-0.122,236.206,0.000,-0.000,0.000,-0.9729,-0.0271,0.0071,0.2295,1674.79,214.13,-26.06,3.21,70734.4,0,0.00,0.00,3
41566,-0.001,-0.001,-1.652,-0.061,0.000,235.962,0.000,-0.000,0.000,-0.9815,-0.0268,0.0082,0.1893,1679.49,214.01,-25.99,3.21,70703.2,0,0.00,0.00,3
41586,0.000,-0.003,-1.649,0.000,-0.122,235.718,0.000,-0.000,0.000,-0.9885,-0.0264,0.0093,0.1487,1684.21,213.90,-25.95,3.21,70661.0,0,0.00,0.00,3
41606,-0.001,-0.003,-1.645,0.000,0.000,235.352,0.000,-0.000,0.000,-0.9938,-0.0260,0.0104,0.1080,1688.91,213.78,-25.92,3.21,70625.4,0,0.00,0.00,3
41626,0.001,-0.004,-1.638,-0.061,-0.122,235.046,0.000,-0.000,0.000,-0.9973,-0.0256,0.0114,0.0672,1693.62,213.67,-25.85,3.21,70582.6,0,0.00,0.00,3
41646,0.001,-0.003,-1.635,0.000,-0.122,234.680,0.000,-0.000,0.000,-0.9993,-0.0251,0.0125,0.0263,1698.24,213.48,-25.82,3.21,70563.0,0,0.00,0.00,3
41666,-0.000,-0.003,-1.630,0.000,-0.122,234.497,0.000,-0.000,0.000,-0.9995,-0.0245,0.0135,-0.0146,1702.92,213.35,-25.77,3.21,70509.9,0,0.00,0.00,3
41688,-0.001,-0.000,-1.626,0.000,-0.061,234.131,0.000,-0.000,0.000,-0.9981,-0.0240,0.0145,-0.0554,1707.59,213.22,-25.73,3.21,70472.5,0,0.00,0.00,3
41706,0.001,-0.003,-1.624,0.061,-0.061,233.826,0.000,-0.000,0.000,-0.9950,-0.0234,0.0155,-0.0961,1712.22,213.05,-25.71,3.21,70441.6,0,0.00,0.00,3
41726,0.001,-0.004,-1.624,-0.122,-0.061,233.643,0.000,-0.000,0.000,-0.9902,-0.0227,0.0165,-0.1366,1716.85,212.88,-25.71,3.21,70401.6,0,0.00,0.00,3
41746,0.000,-0.005,-1.625,0.000,-0.061,233.215,0.000,-0.000,0.000,-0.9839,-0.0220,0.0174,-0.1768,1721.47,212.71,-25.72,3.21,70366.1,0,0.00,0.00,3
41766,-0.003,-0.004,-1.625,0.122,0.000,233.032,0.000,-0.000,0.000,-0.9759,-0.0213,0.0183,-0.2166,1726.11,212.56,-25.72,3.22,70320.3,0,0.00,0.00,3
41786,-0.002,-0.001,-1.626,0.000,0.000,232.849,0.000,-0.000,0.000,-0.9662,-0.0205,0.0191,-0.2561,1730.81,212.46,-25.73,3.22,70268.2,0,0.00,0.00,3
41806,-0.003,-0.002,-1.626,0.000,-0.061,232.422,0.000,-0.000,0.000,-0.9551,-0.0198,0.0199,-0.2951,1735.44,212.31,-25.73,3.22,70243.5,0,0.00,0.00,3
41826,-0.003,-0.002,-1.627,-0.061,0.061,232.056,0.000,-0.000,0.000,-0.9423,-0.0189,0.0207,-0.3335,1740.07,212.16,-25.74,3.21,70203.2,0,0.00,0.00,3
41846,-0.004,-0.003,-1.626,0.000,-0.061,231.873,0.000,-0.000,0.000,-0.9281,-0.0181,0.0215,-0.3714,1744.69,212.00,-25.73,3.22,70167.7,0,0.00,0.00,3
41866,-0.001,-0.004,-1.629,0.061,-0.183,231.567,0.000,-0.000,0.000,-0.9123,-0.0172,0.0222,-0.4086,1749.28,211.82,-25.76,3.22,70134.9,0,0.00,0.00,3
41886,0.000,-0.003,-1.626,0.000,0.000,231.323,0.000,-0.000,0.000,-0.8951,-0.0163,0.0229,-0.4450,1753.94,211.70,-25.73,3.22,70080.8,0,0.00,0.00,3
41906,-0.003,-0.002,-1.631,0.000,-0.183,231.079,0.000,-0.000,0.000,-0.8764,-0.0154,0.0236,-0.4808,1758.52,211.51,-25.78,3.22,70057.6,0,0.00,0.00,3
41926,-0.003,-0.001,-1.626,0.000,-0.183,230.774,0.000,-0.000,0.000,-0.8563,-0.0144,0.0242,-0.5157,1763.13,211.36,-25.73,3.23,70012.8,0,0.00,0.00,3
41946,-0.009,-0.001,-1.631,0.000,-0.061,230.408,0.000,-0.000,0.000,-0.8349,-0.0135,0.0248,-0.5497,1767.73,211.19,-25.78,3.23,69976.0,0,0.00,0.00,3
41966,-0.010,0.005,-1.628,-0.061,0.061,230.225,0.000,-0.000,0.000,-0.8121,-0.0124,0.0253,-0.5828,1772.32,211.02,-25.75,3.23,69940.0,0,0.00,0.00,3
41986,-0.014,0.005,-1.629,0.122,-0.061,229.919,0.000,-0.000,0.000,-0.7881,-0.0114,0.0257,-0.6149,1776.87,210.82,-25.76,3.23,69908.2,0,0.00,0.00,3
42006,-0.015,0.009,-1.629,0.183,0.000,229.675,0.000,-0.000,0.000,-0.7628,-0.0104,0.0262,-0.6460,1781.42,210.61,-25.76,3.23,69871.0,0,0.00,0.00,3
42026,-0.014,0.010,-1.628,0.305,0.183,229.309,0.000,-0.000,0.000,-0.7364,-0.0094,0.0265,-0.6760,1785.90,210.35,-25.76,3.22,69847.8,0,0.00,0.00,3
42046,-0.012,0.009,-1.624,0.427,0.061,229.004,0.000,-0.000,0.000,-0.7088,-0.0084,0.0268,-0.7049,1790.40,210.12,-25.71,3.22,69803.4,0,0.00,0.00,3
42066,-0.007,0.010,-1.625,0.549,0.000,228.760,0.000,-0.000,0.000,-0.6801,-0.0074,0.0270,-0.7326,1794.88,209.87,-25.73,3.21,69770.1,0,0.00,0.00,3
42086,-0.006,0.007,-1.624,0.427,0.061,228.455,0.000,-0.000,0.000,-0.6503,-0.0063,0.0272,-0.7591,1799.34,209.60,-25.71,3.21,69737.6,0,0.00,0.00,3
42106,-0.005,0.004,-1.626,0.610,-0.122,228.088,0.000,-0.000,0.000,-0.6196,-0.0053,0.0274,-0.7844,1803.77,209.31,-25.74,3.20,69705.8,0,0.00,0.00,3
42126,-0.003,-0.002,-1.622,0.610,-0.061,227.783,0.000,-0.000,0.000,-0.5879,-0.0043,0.0275,-0.8084,1808.19,209.03,-25.69,3.19,69668.0,0,0.00,0.00,3
42147,-0.007,-0.006,-1.622,0.488,-0.122,227.478,0.000,-0.000,0.000,-0.5554,-0.0033,0.0276,-0.8311,1812.55,208.68,-25.68,3.19,69645.8,0,0.00,0.00,3
42167,-0.004,-0.008,-1.617,0.366,-0.122,227.356,0.000,-0.000,0.000,-0.5220,-0.0022,0.0277,-0.8525,1816.92,208.35,-25.63,3.18,69606.1,0,0.00,0.00,3
42186,-0.010,-0.007,-1.617,0.366,-0.183,226.929,0.000,-0.000,0.000,-0.4878,-0.0012,0.0277,-0.8725,1821.22,207.97,-25.64,3.18,69583.2,0,0.00,0.00,3
42206,-0.010,-0.007,-1.618,0.305,-0.244,226.624,0.000,-0.000,0.000,-0.4529,-0.0001,0.0277,-0.8911,1825.59,207.66,-25.65,3.18,69529.6,0,0.00,0.00,3
42226,-0.012,-0.008,-1.618,0.183,-0.244,226.318,0.000,-0.000,0.000,-0.4174,0.0009,0.0277,-0.9083,1829.93,207.33,-25.64,3.17,69498.2,0,0.00,0.00,3
42246,-0.011,-0.005,-1.615,0.244,-0.244,226.013,0.000,-0.000,0.000,-0.3812,0.0019,0.0276,-0.9241,1834.21,206.94,-25.62,3.17,69475.8,0,0.00,0.00,3
42266,-0.007,-0.002,-1.608,0.183,-0.183,225.769,0.000,-0.000,0.000,-0.3445,0.0030,0.0275,-0.9384,1838.48,206.55,-25.55,3.17,69441.9,0,0.00,0.00,3
42286,-0.004,0.000,-1.609,0.122,-0.122,225.403,0.000,-0.000,0.000,-0.3074,0.0040,0.0273,-0.9512,1842.74,206.17,-25.56,3.17,69405.8,0,0.00,0.00,3
42308,-0.003,0.003,-1.603,0.244,-0.183,225.220,0.000,-0.000,0.000,-0.2697,0.0051,0.0271,-0.9625,1846.95,205.75,-25.51,3.16,69378.6,0,0.00,0.00,3
42326,-0.003,0.003,-1.597,0.183,-0.183,224.915,0.000,-0.000,0.000,-0.2318,0.0061,0.0269,-0.9724,1851.19,205.35,-25.45,3.16,69338.1,0,0.00,0.00,3
42346,0.002,0.002,-1.595,0.122,-0.244,224.548,0.000,-0.000,0.000,-0.1935,0.0071,0.0266,-0.9807,1855.36,204.91,-25.43,3.16,69314.4,0,0.00,0.00,3
42366,0.003,0.003,-1.589,0.183,-0.366,224.365,0.000,-0.000,0.000,-0.1549,0.0080,0.0263,-0.9875,1859.51,204.46,-25.37,3.15,69283.4,0,0.00,0.00,3
42386,0.005,0.002,-1.588,0.244,-0.366,223.999,0.000,-0.000,0.000,-0.1162,0.0090,0.0259,-0.9928,1863.72,204.07,-25.36,3.15,69235.0,0,0.00,0.00,3
42406,0.006,0.003,-1.586,0.183,-0.366,223.694,0.000,-0.000,0.000,-0.0774,0.0099,0.0255,-0.9966,1867.89,203.65,-25.34,3.14,69206.4,0,0.00,0.00,3
42426,0.003,0.001,-1.582,0.122,-0.549,223.572,0.000,-0.000,0.000,-0.0384,0.0108,0.0251,-0.9989,1871.98,203.16,-25.30,3.13,69188.3,0,0.00,0.00,3
42446,0.003,0.002,-1.583,0.122,-0.549,223.206,0.000,-0.000,0.000,0.0005,0.0117,0.0247,-0.9996,1876.11,202.73,-25.31,3.13,69141.9,0,0.00,0.00,3
42466,-0.000,0.000,-1.584,0.122,-0.549,222.839,0.000,-0.000,0.000,0.0394,0.0126,0.0242,-0.9989,1880.19,202.24,-25.32,3.12,69120.0,0,0.00,0.00,3
42486,-0.001,0.001,-1.582,0.061,-0.549,222.534,0.000,-0.000,0.000,0.0781,0.0134,0.0236,-0.9966,1884.33,201.84,-25.29,3.11,69067.7,0,0.00,0.00,3
42506,-0.000,0.004,-1.581,0.000,-0.549,222.168,0.000,-0.000,0.000,0.1167,0.0142,0.0231,-0.9928,1888.43,201.39,-25.29,3.11,69042.7,0,0.00,0.00,3
42526,-0.004,0.005,-1.581,-0.061,-0.610,221.985,0.000,-0.000,0.000,0.1551,0.0150,0.0225,-0.9875,1892.56,200.98,-25.29,3.10,69000.0,0,0.00,0.00,3
42546,-0.004,0.007,-1.574,0.000,-0.549,221.619,0.000,-0.000,0.000,0.1931,0.0157,0.0219,-0.9808,1896.55,200.46,-25.22,3.09,68995.8,0,0.00,0.00,3
42566,-0.003,0.005,-1.573,-0.183,-0.366,221.436,0.000,-0.000,0.000,0.2309,0.0165,0.0213,-0.9726,1900.58,199.98,-25.21,3.09,68950.2,0,0.00,0.00,3
42586,-0.003,0.008,-1.575,-0.122,-0.488,221.069,0.000,-0.000,0.000,0.2682,0.0172,0.0207,-0.9630,1904.63,199.52,-25.23,3.08,68912.6,0,0.00,0.00,3
42606,0.002,0.004,-1.570,-0.061,-0.305,220.703,0.000,-0.000,0.000,0.3051,0.0180,0.0200,-0.9519,1908.63,199.03,-25.19,3.08,68886.7,0,0.00,0.00,3
42626,-0.002,0.003,-1.568,-0.244,-0.366,220.398,0.000,-0.000,0.000,0.3415,0.0186,0.0193,-0.9395,1912.65,198.57,-25.16,3.07,68847.2,0,0.00,0.00,3
42646,0.001,0.003,-1.564,-0.122,-0.305,220.032,0.000,-0.000,0.000,0.3773,0.0193,0.0186,-0.9257,1916.64,198.09,-25.13,3.07,68819.8,0,0.00,0.00,3
42666,-0.001,0.002,-1.560,-0.061,-0.305,219.788,0.000,-0.000,0.000,0.4126,0.0200,0.0178,-0.9105,1920.69,197.68,-25.08,3.06,68770.7,0,0.00,0.00,3
42686,0.001,0.001,-1.562,-0.122,-0.244,219.666,0.000,-0.000,0.000,0.4472,0.0206,0.0170,-0.8941,1924.65,197.18,-25.11,3.06,68757.4,0,0.00,0.00,3
42706,0.000,0.000,-1.558,-0.122,-0.122,219.238,0.000,-0.000,0.000,0.4810,0.0212,0.0162,-0.8763,1928.63,196.72,-25.06,3.06,68717.0,0,0.00,0.00,3
42726,0.000,0.001,-1.559,-0.122,-0.366,218.872,0.000,-0.000,0.000,0.5141,0.0217,0.0154,-0.8573,1932.57,196.23,-25.07,3.05,68690.7,0,0.00,0.00,3
42746,-0.001,-0.001,-1.556,-0.183,-0.244,218.628,0.000,-0.000,0.000,0.5465,0.0222,0.0146,-0.8370,1936.48,195.72,-25.04,3.05,68663.4,0,0.00,0.00,3
42766,0.001,0.001,-1.555,-0.305,-0.122,218.323,0.000,-0.000,0.000,0.5780,0.0227,0.0137,-0.8156,1940.46,195.29,-25.04,3.04,68613.3,0,0.00,0.00,3
42786,-0.001,-0.000,-1.551,-0.366,-0.183,218.079,0.000,-0.000,0.000,0.6086,0.0232,0.0129,-0.7930,1944.37,194.80,-25.00,3.04,68594.4,0,0.00,0.00,3
42806,-0.001,0.000,-1.553,-0.305,-0.183,217.712,0.000,-0.000,0.000,0.6383,0.0236,0.0120,-0.7693,1948.29,194.32,-25.02,3.04,68559.0,0,0.00,0.00,3
42826,-0.000,-0.001,-1.557,-0.427,-0.183,217.346,0.000,-0.000,0.000,0.6670,0.0240,0.0112,-0.7446,1952.23,193.88,-25.05,3.03,68519.5,0,0.00,0.00,3
42846,-0.003,0.000,-1.556,-0.488,-0.244,217.102,0.000,-0.000,0.000,0.6947,0.0243,0.0103,-0.7188,1956.11,193.38,-25.04,3.02,68499.8,0,0.00,0.00,3
42866,0.001,0.001,-1.561,-0.427,-0.122,216.797,0.000,-0.000,0.000,0.7214,0.0246,0.0094,-0.6920,1959.99,192.89,-25.09,3.02,68465.1,0,0.00,0.00,3
42886,0.001,0.001,-1.560,-0.488,-0.183,216.492,0.000,-0.000,0.000,0.7471,0.0248,0.0085,-0.6642,1963.96,192.50,-25.08,3.01,68409.3,0,0.00,0.00,3
42906,0.002,-0.001,-1.562,-0.427,0.000,216.187,0.000,-0.000,0.000,0.7716,0.0251,0.0076,-0.6356,1967.84,192.03,-25.10,3.00,68397.6,0,0.00,0.00,3
42928,0.000,-0.002,-1.564,-0.427,0.000,215.881,0.000,-0.000,0.000,0.7950,0.0253,0.0067,-0.6061,1971.66,191.52,-25.13,3.00,68375.2,0,0.00,0.00,3
42946,0.001,0.000,-1.565,-0.427,0.000,215.576,0.000,-0.000,0.000,0.8172,0.0255,0.0058,-0.5757,1975.57,191.09,-25.13,2.99,68323.2,0,0.00,0.00,3
42967,0.000,-0.002,-1.566,-0.549,-0.061,215.271,0.000,-0.000,0.000,0.8383,0.0256,0.0049,-0.5446,1979.43,190.63,-25.15,2.99,68300.5,0,0.00,0.00,3
42986,0.000,-0.002,-1.564,-0.305,0.000,215.027,0.000,-0.000,0.000,0.8581,0.0257,0.0039,-0.5128,1983.25,190.14,-25.12,2.98,68275.8,0,0.00,0.00,3
43006,-0.001,-0.001,-1.565,-0.305,-0.122,214.661,0.000,-0.000,0.000,0.8767,0.0258,0.0030,-0.4803,1987.11,189.70,-25.14,2.97,68232.2,0,0.00,0.00,3
43026,0.000,-0.003,-1.564,-0.366,0.061,214.417,0.000,-0.000,0.000,0.8941,0.0258,0.0021,-0.4472,1990.91,189.20,-25.13,2.97,68213.1,0,0.00,0.00,3
43046,-0.000,-0.003,-1.562,-0.244,0.061,214.111,0.000,-0.000,0.000,0.9102,0.0258,0.0011,-0.4134,1994.73,188.74,-25.11,2.96,68175.4,0,0.00,0.00,3
43066,0.001,-0.002,-1.567,-0.244,0.061,213.806,0.000,-0.000,0.000,0.9250,0.0258,0.0002,-0.3792,1998.58,188.31,-25.16,2.96,68136.3,0,0.00,0.00,3
43086,0.000,-0.002,-1.562,-0.305,0.122,213.440,0.000,-0.000,0.000,0.9384,0.0258,-0.0007,-0.3445,2002.41,187.87,-25.10,2.96,68106.7,0,0.00,0.00,3
43106,0.002,-0.004,-1.564,-0.244,0.061,213.196,0.000,-0.000,0.000,0.9506,0.0257,-0.0017,-0.3093,2006.28,187.48,-25.13,2.95,68065.6,0,0.00,0.00,3
43126,0.001,-0.004,-1.559,-0.244,0.061,212.830,0.000,-0.000,0.000,0.9614,0.0256,-0.0026,-0.2738,2010.04,186.99,-25.08,2.95,68055.8,0,0.00,0.00,3
43147,0.000,-0.003,-1.562,-0.305,0.183,212.708,0.000,-0.000,0.000,0.9709,0.0254,-0.0035,-0.2379,2013.83,186.54,-25.11,2.94,68016.3,0,0.00,0.00,3
43167,-0.001,-0.004,-1.557,-0.183,0.183,212.158,0.000,-0.000,0.000,0.9791,0.0253,-0.0044,-0.2018,2017.60,186.08,-25.05,2.94,67987.8,0,0.00,0.00,3
43186,-0.002,-0.004,-1.553,-0.183,0.244,211.975,0.000,-0.000,0.000,0.9859,0.0251,-0.0053,-0.1655,2021.37,185.63,-25.02,2.93,67955.7,0,0.00,0.00,3
43206,0.003,-0.003,-1.552,-0.122,0.244,211.609,0.000,-0.000,0.000,0.9913,0.0248,-0.0062,-0.1290,2025.10,185.15,-25.01,2.93,67932.2,0,0.00,0.00,3
43226,-0.001,-0.002,-1.549,-0.122,0.305,211.243,0.000,-0.000,0.000,0.9954,0.0246,-0.0070,-0.0923,2028.84,184.69,-24.98,2.93,67898.2,0,0.00,0.00,3
43246,-0.001,-0.005,-1.552,-0.183,0.244,210.999,0.000,-0.000,0.000,0.9981,0.0243,-0.0079,-0.0556,2032.61,184.26,-25.01,2.92,67857.8,0,0.00,0.00,3
43266,-0.000,-0.003,-1.552,-0.061,0.305,210.754,0.000,-0.000,0.000,0.9995,0.0240,-0.0087,-0.0189,2036.36,183.83,-25.01,2.92,67829.9,0,0.00,0.00,3
43286,-0.002,-0.003,-1.551,-0.061,0.244,210.388,0.000,-0.000,0.000,0.9995,0.0236,-0.0095,0.0178,2040.10,183.40,-25.00,2.92,67798.7,0,0.00,0.00,3
43306,-0.003,-0.003,-1.549,-0.122,0.366,210.144,0.000,-0.000,0.000,0.9982,0.0232,-0.0103,0.0545,2043.81,182.94,-24.98,2.91,67775.2,0,0.00,0.00,3
43326,-0.003,-0.002,-1.550,-0.122,0.244,209.778,0.000,-0.000,0.000,0.9955,0.0228,-0.0111,0.0910,2047.55,182.51,-24.99,2.91,67736.3,0,0.00,0.00,3
43346,-0.002,-0.002,-1.548,-0.122,0.305,209.534,0.000,-0.000,0.000,0.9915,0.0224,-0.0119,0.1273,2051.28,182.09,-24.97,2.90,67705.4,0,0.00,0.00,3
43366,0.000,-0.001,-1.549,0.061,0.244,209.229,0.000,-0.000,0.000,0.9862,0.0219,-0.0127,0.1634,2054.99,181.66,-24.98,2.90,67677.6,0,0.00,0.00,3
43386,-0.000,-0.003,-1.545,0.061,0.244,209.045,0.000,-0.000,0.000,0.9796,0.0214,-0.0134,0.1993,2058.65,181.19,-24.94,2.90,67657.8,0,0.00,0.00,3
43406,-0.004,-0.003,-1.545,0.061,0.244,208.557,0.000,-0.000,0.000,0.9717,0.0209,-0.0141,0.2348,2062.34,180.76,-24.94,2.90,67619.0,0,0.00,0.00,3
43426,-0.003,-0.005,-1.548,0.061,0.183,208.252,0.000,-0.000,0.000,0.9625,0.0204,-0.0149,0.2700,2066.03,180.33,-24.97,2.89,67587.0,0,0.00,0.00,3
43446,-0.002,-0.002,-1.547,0.122,0.244,208.008,0.000,-0.000,0.000,0.9521,0.0199,-0.0155,0.3047,2069.71,179.91,-24.96,2.89,67556.2,0,0.00,0.00,3
43466,-0.004,-0.001,-1.548,0.122,0.366,207.642,0.000,-0.000,0.000,0.9404,0.0193,-0.0162,0.3390,2073.41,179.51,-24.97,2.89,67522.1,0,0.00,0.00,3
43486,-0.004,-0.004,-1.548,0.122,0.183,207.275,0.000,-0.000,0.000,0.9276,0.0187,-0.0168,0.3728,2077.04,179.06,-24.97,2.88,67504.0,0,0.00,0.00,3
43506,-0.005,-0.002,-1.548,0.183,0.244,207.031,0.000,-0.000,0.000,0.9135,0.0181,-0.0175,0.4061,2080.71,178.64,-24.97,2.88,67465.0,0,0.00,0.00,3
43526,-0.005,-0.001,-1.548,0.183,0.244,206.787,0.000,-0.000,0.000,0.8982,0.0175,-0.0180,0.4388,2084.38,178.24,-24.97,2.88,67433.6,0,0.00,0.00,3
43548,-0.005,-0.000,-1.545,0.305,0.244,206.421,0.000,-0.000,0.000,0.8819,0.0168,-0.0186,0.4709,2088.03,177.83,-24.95,2.88,67406.4,0,0.00,0.00,3
43566,-0.004,-0.002,-1.551,0.366,0.244,206.116,0.000,-0.000,0.000,0.8643,0.0162,-0.0191,0.5023,2091.70,177.43,-25.00,2.87,67372.0,0,0.00,0.00,3
43586,-0.006,-0.002,-1.546,0.305,0.122,205.811,0.000,-0.000,0.000,0.8458,0.0155,-0.0197,0.5330,2095.42,177.10,-24.95,2.87,67328.0,0,0.00,0.00,3
43606,-0.001,0.000,-1.549,0.183,0.183,205.566,0.000,-0.000,0.000,0.8261,0.0148,-0.0202,0.5630,2099.11,176.74,-24.98,2.87,67302.9,0,0.00,0.00,3
43626,-0.004,0.000,-1.548,0.244,0.183,205.322,0.000,-0.000,0.000,0.8054,0.0141,-0.0206,0.5922,2102.79,176.38,-24.97,2.86,67274.1,0,0.00,0.00,3
43646,-0.005,-0.000,-1.549,0.244,0.122,204.895,0.000,-0.000,0.000,0.7837,0.0134,-0.0211,0.6206,2106.44,176.00,-24.98,2.86,67250.1,0,0.00,0.00,3
43666,-0.005,0.001,-1.551,0.366,0.061,204.468,0.000,-0.000,0.000,0.7611,0.0127,-0.0215,0.6482,2110.07,175.60,-25.00,2.86,67224.3,0,0.00,0.00,3
43686,-0.004,-0.001,-1.556,0.366,0.183,204.224,0.000,-0.000,0.000,0.7375,0.0119,-0.0219,0.6749,2113.64,175.17,-25.05,2.85,67203.5,0,0.00,0.00,3
43706,-0.007,-0.002,-1.554,0.427,0.000,204.102,0.000,-0.000,0.000,0.7130,0.0112,-0.0222,0.7008,2117.32,174.83,-25.03,2.85,67152.0,0,0.00,0.00,3
43726,-0.004,-0.002,-1.555,0.366,0.183,203.735,0.000,-0.000,0.000,0.6876,0.0104,-0.0225,0.7257,2120.94,174.45,-25.04,2.85,67132.0,0,0.00,0.00,3
43746,-0.005,-0.001,-1.561,0.488,-0.061,203.430,0.000,-0.000,0.000,0.6614,0.0097,-0.0228,0.7496,2124.56,174.08,-25.09,2.84,67101.3,0,0.00,0.00,3
43766,-0.000,-0.000,-1.559,0.366,0.000,203.064,0.000,-0.000,0.000,0.6344,0.0089,-0.0231,0.7726,2128.20,173.73,-25.07,2.84,67066.2,0,0.00,0.00,3
43786,-0.003,-0.000,-1.561,0.366,0.000,202.820,0.000,-0.000,0.000,0.6067,0.0081,-0.0234,0.7946,2131.87,173.41,-25.09,2.84,67028.6,0,0.00,0.00,3
43806,-0.006,-0.001,-1.560,0.366,-0.061,202.515,0.000,-0.000,0.000,0.5782,0.0073,-0.0236,0.8155,2135.51,173.07,-25.08,2.83,67006.1,0,0.00,0.00,3
43826,-0.003,-0.003,-1.560,0.427,-0.183,202.209,0.000,-0.000,0.000,0.5491,0.0066,-0.0238,0.8354,2139.16,172.75,-25.08,2.83,66971.0,0,0.00,0.00,3
43846,-0.003,0.002,-1.560,0.305,-0.122,201.843,0.000,-0.000,0.000,0.5193,0.0058,-0.0240,0.8542,2142.81,172.44,-25.09,2.83,66941.6,0,0.00,0.00,3
43866,-0.005,0.001,-1.560,0.305,-0.061,201.538,0.000,-0.000,0.000,0.4890,0.0050,-0.0241,0.8720,2146.43,172.10,-25.08,2.82,66916.6,0,0.00,0.00,3
43886,-0.004,0.001,-1.562,0.183,-0.183,201.294,0.000,-0.000,0.000,0.4580,0.0042,-0.0243,0.8886,2150.03,171.75,-25.11,2.82,66891.0,0,0.00,0.00,3
43906,-0.005,0.000,-1.562,0.305,-0.183,200.989,0.000,-0.000,0.000,0.4266,0.0034,-0.0244,0.9041,2153.65,171.42,-25.10,2.82,66856.3,0,0.00,0.00,3
43926,-0.002,0.001,-1.562,0.244,-0.305,200.684,0.000,-0.000,0.000,0.3947,0.0026,-0.0245,0.9185,2157.25,171.09,-25.11,2.82,66829.8,0,0.00,0.00,3
43946,-0.004,0.002,-1.566,0.305,-0.061,200.378,0.000,-0.000,0.000,0.3623,0.0017,-0.0245,0.9317,2160.86,170.76,-25.15,2.81,66797.1,0,0.00,0.00,3
43966,-0.001,0.004,-1.563,0.244,-0.244,200.134,0.000,-0.000,0.000,0.3295,0.0009,-0.0245,0.9438,2164.47,170.44,-25.12,2.81,66767.8,0,0.00,0.00,3
43986,-0.004,0.000,-1.562,0.244,-0.305,199.768,0.000,-0.000,0.000,0.2964,0.0002,-0.0245,0.9547,2168.05,170.11,-25.11,2.81,66741.6,0,0.00,0.00,3
44006,-0.003,0.001,-1.567,0.305,-0.305,199.402,0.000,-0.000,0.000,0.2630,-0.0006,-0.0245,0.9645,2171.65,169.79,-25.16,2.80,66709.8,0,0.00,0.00,3
44026,-0.002,0.003,-1.564,0.244,-0.244,199.219,0.000,-0.000,0.000,0.2294,-0.0014,-0.0244,0.9730,2175.20,169.44,-25.13,2.80,66688.2,0,0.00,0.00,3
44046,-0.002,0.002,-1.565,0.244,-0.427,198.914,0.000,-0.000,0.000,0.1954,-0.0022,-0.0243,0.9804,2178.80,169.14,-25.14,2.80,66649.3,0,0.00,0.00,3
44066,-0.000,0.002,-1.562,0.244,-0.427,198.608,0.000,-0.000,0.000,0.1613,-0.0030,-0.0242,0.9866,2182.36,168.81,-25.11,2.79,66626.6,0,0.00,0.00,3
44086,-0.004,-0.001,-1.566,0.183,-0.366,198.242,0.000,-0.000,0.000,0.1271,-0.0037,-0.0241,0.9916,2185.96,168.52,-25.14,2.79,66589.0,0,0.00,0.00,3
44106,-0.003,0.001,-1.570,0.122,-0.549,197.937,0.000,-0.000,0.000,0.0928,-0.0045,-0.0239,0.9954,2189.51,168.18,-25.18,2.79,66569.6,0,0.00,0.00,3
44126,-0.003,0.001,-1.570,0.000,-0.427,197.571,0.000,-0.000,0.000,0.0584,-0.0052,-0.0237,0.9980,2193.03,167.83,-25.18,2.79,66546.2,0,0.00,0.00,3
44147,-0.000,0.001,-1.571,0.122,-0.427,197.327,0.000,-0.000,0.000,0.0240,-0.0059,-0.0235,0.9994,2196.58,167.51,-25.20,2.78,66510.4,0,0.00,0.00,3
44177,-0.001,0.004,-1.571,0.061,-0.488,196.960,0.000,-0.000,0.000,-0.0103,-0.0067,-0.0233,0.9997,2200.13,167.19,-25.20,2.78,66480.5,0,0.00,0.00,3
44186,-0.004,0.002,-1.574,0.061,-0.305,196.655,0.000,-0.000,0.000,-0.0446,-0.0074,-0.0231,0.9987,2203.62,166.83,-25.22,2.77,66462.6,0,0.00,0.00,3
44206,-0.001,0.002,-1.572,0.061,-0.488,196.533,0.000,-0.000,0.000,-0.0789,-0.0081,-0.0228,0.9966,2207.14,166.50,-25.21,2.77,66427.7,0,0.00,0.00,3
44226,-0.002,0.003,-1.577,0.000,-0.549,196.106,0.000,-0.000,0.000,-0.1129,-0.0088,-0.0225,0.9933,2210.67,166.19,-25.25,2.76,66394.7,0,0.00,0.00,3
44246,-0.003,0.001,-1.577,0.061,-0.305,195.923,0.000,-0.000,0.000,-0.1468,-0.0095,-0.0221,0.9889,2214.17,165.86,-25.26,2.76,66373.4,0,0.00,0.00,3
44266,0.000,0.001,-1.580,-0.061,-0.366,195.496,0.000,-0.000,0.000,-0.1805,-0.0102,-0.0218,0.9833,2217.66,165.52,-25.28,2.76,66344.8,0,0.00,0.00,3
44286,-0.000,0.002,-1.580,-0.061,-0.488,195.190,0.000,-0.000,0.000,-0.2139,-0.0108,-0.0214,0.9766,2221.13,165.16,-25.28,2.75,66321.3,0,0.00,0.00,3
44306,0.000,0.001,-1.581,-0.122,-0.488,194.885,0.000,-0.000,0.000,-0.2470,-0.0115,-0.0211,0.9687,2224.65,164.87,-25.29,2.75,66279.8,0,0.00,0.00,3
44326,-0.000,0.001,-1.582,-0.061,-0.427,194.580,0.000,-0.000,0.000,-0.2797,-0.0121,-0.0207,0.9598,2228.17,164.57,-25.30,2.74,66252.2,0,0.00,0.00,3
44346,0.001,0.001,-1.583,-0.122,-0.427,194.275,0.000,-0.000,0.000,-0.3121,-0.0127,-0.0202,0.9498,2231.68,164.27,-25.32,2.74,66223.5,0,0.00,0.00,3
44366,0.001,0.000,-1.587,-0.183,-0.366,194.153,0.000,-0.000,0.000,-0.3441,-0.0133,-0.0198,0.9386,2235.22,164.00,-25.35,2.73,66189.4,0,0.00,0.00,3
44386,-0.000,0.000,-1.593,-0.061,-0.366,193.726,0.000,-0.000,0.000,-0.3756,-0.0139,-0.0193,0.9265,2238.72,163.70,-25.41,2.73,66167.7,0,0.00,0.00,3
44406,-0.002,0.000,-1.588,-0.244,-0.366,193.481,0.000,-0.000,0.000,-0.4067,-0.0145,-0.0189,0.9133,2242.24,163.43,-25.37,2.73,66134.1,0,0.00,0.00,3
44426,-0.001,-0.002,-1.592,-0.122,-0.366,193.176,0.000,-0.000,0.000,-0.4372,-0.0150,-0.0184,0.8990,2245.79,163.19,-25.40,2.72,66097.9,0,0.00,0.00,3
44446,-0.000,0.001,-1.590,-0.183,-0.366,192.810,0.000,-0.000,0.000,-0.4672,-0.0156,-0.0178,0.8838,2249.28,162.90,-25.38,2.71,66081.6,0,0.00,0.00,3
44466,0.000,0.002,-1.591,-0.244,-0.366,192.566,0.000,-0.000,0.000,-0.4967,-0.0161,-0.0173,0.8676,2252.76,162.60,-25.40,2.71,66056.3,0,0.00,0.00,3
44486,-0.001,0.001,-1.593,-0.305,-0.244,192.261,0.000,-0.000,0.000,-0.5255,-0.0166,-0.0168,0.8505,2256.26,162.33,-25.41,2.71,66020.3,0,0.00,0.00,3
44506,0.001,0.001,-1.593,-0.305,-0.183,192.017,0.000,-0.000,0.000,-0.5537,-0.0171,-0.0162,0.8324,2259.77,162.07,-25.41,2.70,65992.2,0,0.00,0.00,3
44526,0.000,-0.001,-1.598,-0.366,-0.305,191.650,0.000,-0.000,0.000,-0.5812,-0.0176,-0.0157,0.8134,2263.24,161.78,-25.46,2.70,65969.6,0,0.00,0.00,3
44546,-0.000,0.000,-1.598,-0.366,-0.244,191.284,0.000,-0.000,0.000,-0.6081,-0.0180,-0.0151,0.7935,2266.80,161.58,-25.46,2.69,65922.7,0,0.00,0.00,3
44566,0.001,-0.000,-1.605,-0.366,-0.183,191.040,0.000,-0.000,0.000,-0.6342,-0.0184,-0.0145,0.7728,2270.29,161.31,-25.53,2.69,65909.1,0,0.00,0.00,3
44586,0.000,-0.001,-1.601,-0.427,-0.061,190.796,0.000,-0.000,0.000,-0.6596,-0.0189,-0.0140,0.7513,2273.74,161.01,-25.49,2.69,65888.3,0,0.00,0.00,3
44606,-0.002,-0.000,-1.604,-0.366,-0.122,190.430,0.000,-0.000,0.000,-0.6842,-0.0192,-0.0134,0.7289,2277.21,160.74,-25.52,2.69,65854.6,0,0.00,0.00,3
44626,0.001,-0.001,-1.604,-0.366,-0.183,190.186,0.000,-0.000,0.000,-0.7080,-0.0196,-0.0128,0.7058,2280.69,160.49,-25.52,2.68,65823.4,0,0.00,0.00,3
44646,0.000,0.001,-1.602,-0.366,-0.183,189.880,0.000,-0.000,0.000,-0.7310,-0.0200,-0.0121,0.6820,2284.15,160.21,-25.50,2.68,65799.7,0,0.00,0.00,3
44666,-0.001,-0.002,-1.605,-0.305,-0.122,189.575,0.000,-0.000,0.000,-0.7532,-0.0203,-0.0115,0.6574,2287.62,159.95,-25.53,2.67,65769.6,0,0.00,0.00,3
44686,-0.000,-0.002,-1.604,-0.427,-0.183,189.270,0.000,-0.000,0.000,-0.7745,-0.0206,-0.0108,0.6322,2291.08,159.69,-25.52,2.67,65742.1,0,0.00,0.00,3
44706,-0.001,-0.001,-1.611,-0.366,-0.061,189.026,0.000,-0.000,0.000,-0.7949,-0.0209,-0.0102,0.6063,2294.53,159.43,-25.59,2.66,65716.2,0,0.00,0.00,3
44726,-0.000,-0.001,-1.611,-0.427,-0.061,188.660,0.000,-0.000,0.000,-0.8144,-0.0211,-0.0095,0.5798,2297.98,159.15,-25.59,2.66,65689.9,0,0.00,0.00,3
44746,-0.001,0.000,-1.609,-0.366,0.061,188.416,0.000,-0.000,0.000,-0.8330,-0.0214,-0.0089,0.5527,2301.43,158.90,-25.57,2.65,65657.6,0,0.00,0.00,3
44766,-0.001,-0.001,-1.612,-0.366,0.061,188.171,0.000,-0.000,0.000,-0.8507,-0.0216,-0.0082,0.5251,2304.90,158.66,-25.60,2.65,65627.4,0,0.00,0.00,3
44788,0.002,-0.001,-1.611,-0.427,0.122,187.866,0.000,-0.000,0.000,-0.8675,-0.0218,-0.0075,0.4969,2308.36,158.42,-25.59,2.65,65600.8,0,0.00,0.00,3
44806,0.001,-0.001,-1.616,-0.305,0.061,187.439,0.000,-0.000,0.000,-0.8833,-0.0220,-0.0069,0.4683,2311.84,158.20,-25.64,2.64,65567.5,0,0.00,0.00,3
44826,0.001,-0.002,-1.616,-0.427,0.122,187.256,0.000,-0.000,0.000,-0.8981,-0.0222,-0.0062,0.4391,2315.27,157.94,-25.64,2.64,65551.0,0,0.00,0.00,3
44846,-0.000,-0.001,-1.618,-0.366,0.244,186.951,0.000,-0.000,0.000,-0.9120,-0.0223,-0.0055,0.4096,2318.66,157.65,-25.66,2.64,65529.0,0,0.00,0.00,3
44866,0.001,-0.001,-1.622,-0.366,0.183,186.707,0.000,-0.000,0.000,-0.9248,-0.0225,-0.0049,0.3797,2322.15,157.46,-25.70,2.63,65480.5,0,0.00,0.00,3
44886,-0.002,-0.003,-1.621,-0.366,0.122,186.401,0.000,-0.000,0.000,-0.9367,-0.0225,-0.0042,0.3494,2325.59,157.22,-25.68,2.63,65463.5,0,0.00,0.00,3
44906,-0.000,-0.004,-1.627,-0.427,0.122,186.157,0.000,-0.000,0.000,-0.9476,-0.0226,-0.0035,0.3188,2329.02,156.97,-25.75,2.62,65438.4,0,0.00,0.00,3
44926,-0.001,-0.001,-1.619,-0.305,0.183,185.852,0.000,-0.000,0.000,-0.9574,-0.0227,-0.0028,0.2879,2332.37,156.66,-25.67,2.62,65425.0,0,0.00,0.00,3
44946,0.000,-0.003,-1.626,-0.183,0.183,185.486,0.000,-0.000,0.000,-0.9662,-0.0227,-0.0021,0.2567,2335.84,156.47,-25.74,2.62,65372.8,0,0.00,0.00,3
44966,-0.001,-0.001,-1.625,-0.183,0.244,185.181,0.000,-0.000,0.000,-0.9740,-0.0228,-0.0014,0.2254,2339.29,156.25,-25.73,2.61,65350.2,0,0.00,0.00,3
44986,-0.001,-0.002,-1.626,-0.305,0.244,184.937,0.000,-0.000,0.000,-0.9808,-0.0228,-0.0007,0.1938,2342.72,156.03,-25.74,2.61,65324.5,0,0.00,0.00,3
45006,0.000,-0.002,-1.630,-0.183,0.244,184.692,0.000,-0.000,0.000,-0.9865,-0.0227,-0.0000,0.1621,2346.11,155.77,-25.78,2.61,65305.1,0,0.00,0.00,3
45026,-0.001,-0.004,-1.627,-0.183,0.305,184.387,0.000,-0.000,0.000,-0.9912,-0.0227,0.0006,0.1303,2349.54,155.54,-25.75,2.60,65270.9,0,0.00,0.00,3
45046,-0.002,-0.004,-1.631,-0.183,0.366,184.082,0.000,-0.000,0.000,-0.9949,-0.0227,0.0013,0.0984,2353.00,155.36,-25.79,2.60,65234.9,0,0.00,0.00,3
45066,-0.004,-0.003,-1.633,-0.183,0.366,183.777,0.000,-0.000,0.000,-0.9975,-0.0226,0.0020,0.0664,2356.35,155.07,-25.81,2.60,65230.2,0,0.00,0.00,3
45086,-0.000,-0.002,-1.633,-0.122,0.366,183.533,0.000,-0.000,0.000,-0.9992,-0.0225,0.0026,0.0344,2359.74,154.84,-25.80,2.59,65193.1,0,0.00,0.00,3
45106,-0.002,-0.005,-1.636,-0.061,0.305,183.228,0.000,-0.000,0.000,-0.9997,-0.0224,0.0033,0.0025,2363.15,154.61,-25.83,2.59,65162.9,0,0.00,0.00,3
45126,0.000,-0.000,-1.633,-0.061,0.366,182.922,0.000,-0.000,0.000,-0.9993,-0.0223,0.0039,-0.0294,2366.56,154.39,-25.80,2.59,65135.2,0,0.00,0.00,3
45147,-0.001,-0.004,-1.639,-0.122,0.366,182.678,0.000,-0.000,0.000,-0.9979,-0.0221,0.0046,-0.0613,2369.93,154.14,-25.87,2.59,65115.5,0,0.00,0.00,3
45167,-0.001,-0.004,-1.638,-0.061,0.244,182.373,0.000,-0.000,0.000,-0.9954,-0.0219,0.0052,-0.0930,2373.35,153.95,-25.86,2.58,65076.8,0,0.00,0.00,3
45186,-0.003,-0.003,-1.640,-0.061,0.488,182.068,0.000,-0.000,0.000,-0.9920,-0.0217,0.0058,-0.1246,2376.72,153.71,-25.87,2.58,65060.2,0,0.00,0.00,3
45206,-0.002,-0.003,-1.642,0.061,0.305,181.702,0.000,-0.000,0.000,-0.9875,-0.0215,0.0065,-0.1560,2380.07,153.45,-25.90,2.58,65037.4,0,0.00,0.00,3
45226,-0.002,-0.003,-1.643,0.000,0.244,181.458,0.000,-0.000,0.000,-0.9821,-0.0213,0.0071,-0.1872,2383.51,153.28,-25.90,2.57,64989.1,0,0.00,0.00,3
45246,-0.003,-0.003,-1.645,-0.061,0.366,181.213,0.000,-0.000,0.000,-0.9757,-0.0211,0.0077,-0.2181,2386.92,153.09,-25.92,2.57,64969.8,0,0.00,0.00,3
45266,-0.003,-0.002,-1.645,0.122,0.244,180.969,0.000,-0.000,0.000,-0.9683,-0.0208,0.0083,-0.2488,2390.25,152.83,-25.92,2.57,64957.0,0,0.00,0.00,3
45286,-0.002,-0.001,-1.647,0.061,0.427,180.664,0.000,-0.000,0.000,-0.9600,-0.0205,0.0089,-0.2792,2393.62,152.60,-25.94,2.56,64923.4,0,0.00,0.00,3
45306,-0.002,-0.002,-1.647,0.122,0.305,180.359,0.000,-0.000,0.000,-0.9507,-0.0202,0.0095,-0.3093,2397.01,152.40,-25.94,2.56,64891.4,0,0.00,0.00,3
45326,-0.003,-0.001,-1.648,0.122,0.305,179.993,0.000,-0.000,0.000,-0.9405,-0.0199,0.0101,-0.3390,2400.33,152.14,-25.96,2.56,64878.6,0,0.00,0.00,3
45346,-0.004,-0.001,-1.654,0.183,0.244,179.749,0.000,-0.000,0.000,-0.9294,-0.0196,0.0106,-0.3684,2403.66,151.89,-26.02,2.56,64849.3,0,0.00,0.00,3
45366,-0.000,-0.001,-1.651,0.122,0.244,179.443,0.000,-0.000,0.000,-0.9174,-0.0193,0.0112,-0.3973,2406.99,151.65,-25.98,2.56,64821.8,0,0.00,0.00,3
45386,-0.001,-0.002,-1.655,0.244,0.305,179.199,0.000,-0.000,0.000,-0.9045,-0.0189,0.0117,-0.4258,2410.39,151.48,-26.02,2.55,64780.8,0,0.00,0.00,3
45409,-0.006,-0.002,-1.652,0.244,0.305,178.955,0.000,-0.000,0.000,-0.8908,-0.0186,0.0122,-0.4538,2413.73,151.25,-26.00,2.55,64765.1,0,0.00,0.00,3
45426,-0.005,-0.002,-1.654,0.244,0.244,178.650,0.000,-0.000,0.000,-0.8762,-0.0182,0.0128,-0.4814,2417.10,151.06,-26.01,2.55,64732.6,0,0.00,0.00,3
45446,-0.005,-0.000,-1.655,0.305,0.305,178.345,0.000,-0.000,0.000,-0.8608,-0.0178,0.0133,-0.5084,2420.40,150.80,-26.03,2.55,64719.7,0,0.00,0.00,3
45466,-0.002,-0.001,-1.657,0.183,0.061,177.979,0.000,-0.000,0.000,-0.8446,-0.0174,0.0138,-0.5349,2423.73,150.57,-26.04,2.55,64687.5,0,0.00,0.00,3
45486,-0.002,-0.001,-1.659,0.305,0.122,177.856,0.000,-0.000,0.000,-0.8276,-0.0170,0.0143,-0.5609,2427.06,150.35,-26.06,2.55,64660.0,0,0.00,0.00,3
45506,-0.004,-0.000,-1.661,0.366,0.244,177.551,0.000,-0.000,0.000,-0.8098,-0.0166,0.0147,-0.5862,2430.38,150.13,-26.08,2.54,64633.4,0,0.00,0.00,3
45526,-0.005,-0.002,-1.659,0.366,0.122,177.246,0.000,-0.000,0.000,-0.7913,-0.0162,0.0152,-0.6110,2433.75,149.96,-26.06,2.54,64597.3,0,0.00,0.00,3
45546,-0.002,-0.001,-1.661,0.305,0.122,176.880,0.000,-0.000,0.000,-0.7721,-0.0157,0.0156,-0.6351,2437.11,149.78,-26.08,2.54,64571.8,0,0.00,0.00,3
45566,-0.006,-0.001,-1.663,0.427,0.122,176.758,0.000,-0.000,0.000,-0.7521,-0.0153,0.0160,-0.6587,2440.40,149.53,-26.10,2.54,64561.4,0,0.00,0.00,3
45586,-0.004,0.000,-1.667,0.305,0.000,176.392,0.000,-0.000,0.000,-0.7315,-0.0148,0.0165,-0.6815,2443.68,149.28,-26.14,2.54,64535.2,0,0.00,0.00,3
45606,-0.003,-0.001,-1.667,0.488,0.000,176.147,0.000,-0.000,0.000,-0.7102,-0.0144,0.0168,-0.7037,2447.02,149.09,-26.13,2.54,64497.0,0,0.00,0.00,3
45626,-0.005,-0.001,-1.664,0.427,0.000,175.842,0.000,-0.000,0.000,-0.6883,-0.0139,0.0172,-0.7251,2450.29,148.84,-26.11,2.54,64483.7,0,0.00,0.00,3
45646,-0.004,0.000,-1.668,0.427,0.000,175.415,0.000,-0.000,0.000,-0.6657,-0.0134,0.0176,-0.7459,2453.52,148.56,-26.15,2.54,64466.7,0,0.00,0.00,3
45666,-0.003,-0.001,-1.669,0.488,0.061,175.171,0.000,-0.000,0.000,-0.6426,-0.0129,0.0179,-0.7659,2456.78,148.31,-26.16,2.53,64433.6,0,0.00,0.00,3
45686,-0.005,0.001,-1.670,0.366,-0.122,175.049,0.000,-0.000,0.000,-0.6189,-0.0124,0.0183,-0.7851,2460.09,148.11,-26.17,2.53,64395.8,0,0.00,0.00,3
45706,-0.003,-0.001,-1.673,0.366,-0.122,174.683,0.000,-0.000,0.000,-0.5947,-0.0119,0.0186,-0.8036,2463.35,147.87,-26.20,2.53,64381.0,0,0.00,0.00,3
45726,-0.002,-0.001,-1.669,0.427,-0.122,174.500,0.000,-0.000,0.000,-0.5700,-0.0114,0.0189,-0.8214,2466.60,147.63,-26.16,2.53,64354.7,0,0.00,0.00,3
45746,-0.005,0.001,-1.671,0.488,-0.183,174.072,0.000,-0.000,0.000,-0.5447,-0.0109,0.0192,-0.8383,2469.89,147.42,-26.18,2.53,64322.1,0,0.00,0.00,3
45766,-0.005,0.004,-1.675,0.366,-0.122,173.828,0.000,-0.000,0.000,-0.5191,-0.0104,0.0195,-0.8545,2473.12,147.16,-26.22,2.53,64308.5,0,0.00,0.00,3
45786,-0.004,0.001,-1.675,0.366,-0.244,173.584,0.000,-0.000,0.000,-0.4929,-0.0099,0.0198,-0.8698,2476.36,146.92,-26.22,2.53,64278.1,0,0.00,0.00,3
45806,-0.004,0.000,-1.679,0.305,-0.183,173.279,0.000,-0.000,0.000,-0.4664,-0.0093,0.0200,-0.8843,2479.62,146.70,-26.25,2.53,64249.4,0,0.00,0.00,3
45826,-0.003,0.001,-1.678,0.366,-0.183,173.157,0.000,-0.000,0.000,-0.4395,-0.0088,0.0202,-0.8980,2482.86,146.46,-26.24,2.53,64226.6,0,0.00,0.00,3
45846,-0.001,0.001,-1.678,0.366,-0.244,172.729,0.000,-0.000,0.000,-0.4122,-0.0082,0.0205,-0.9108,2486.12,146.25,-26.25,2.53,64197.0,0,0.00,0.00,3
45866,-0.002,0.000,-1.682,0.305,-0.183,172.485,0.000,-0.000,0.000,-0.3846,-0.0076,0.0207,-0.9228,2489.31,145.98,-26.29,2.52,64184.0,0,0.00,0.00,3
45886,-0.000,0.000,-1.680,0.366,-0.305,172.058,0.000,-0.000,0.000,-0.3567,-0.0071,0.0208,-0.9339,2492.49,145.70,-26.26,2.52,64160.6,0,0.00,0.00,3
45906,0.000,0.002,-1.685,0.366,-0.305,171.936,0.000,-0.000,0.000,-0.3285,-0.0065,0.0210,-0.9442,2495.70,145.46,-26.32,2.52,64128.8,0,0.00,0.00,3
45926,-0.004,0.001,-1.686,0.305,-0.244,171.692,0.000,-0.000,0.000,-0.3001,-0.0060,0.0212,-0.9537,2498.97,145.27,-26.32,2.52,64091.7,0,0.00,0.00,3
45946,-0.003,-0.000,-1.687,0.244,-0.305,171.326,0.000,-0.000,0.000,-0.2715,-0.0054,0.0213,-0.9622,2502.19,145.04,-26.33,2.52,64074.2,0,0.00,0.00,3
45966,-0.002,0.002,-1.685,0.366,-0.305,171.082,0.000,-0.000,0.000,-0.2426,-0.0048,0.0214,-0.9699,2505.41,144.82,-26.31,2.51,64048.0,0,0.00,0.00,3
45986,-0.002,-0.001,-1.688,0.244,-0.305,170.715,0.000,-0.000,0.000,-0.2136,-0.0042,0.0215,-0.9767,2508.63,144.59,-26.35,2.51,64023.2,0,0.00,0.00,3
46006,-0.004,0.001,-1.688,0.183,-0.427,170.532,0.000,-0.000,0.000,-0.1844,-0.0037,0.0216,-0.9826,2511.83,144.36,-26.35,2.51,64001.3,0,0.00,0.00,3
46028,-0.002,0.003,-1.692,0.122,-0.366,170.227,0.000,-0.000,0.000,-0.1552,-0.0031,0.0217,-0.9876,2515.07,144.16,-26.38,2.51,63968.0,0,0.00,0.00,3
46046,-0.003,0.000,-1.689,0.183,-0.366,169.983,0.000,-0.000,0.000,-0.1258,-0.0025,0.0218,-0.9918,2518.24,143.91,-26.35,2.51,63954.4,0,0.00,0.00,3
46066,-0.003,0.001,-1.691,0.122,-0.610,169.678,0.000,-0.000,0.000,-0.0964,-0.0020,0.0218,-0.9951,2521.40,143.65,-26.38,2.51,63932.3,0,0.00,0.00,3
46086,-0.002,0.002,-1.688,0.183,-0.549,169.373,0.000,-0.000,0.000,-0.0669,-0.0014,0.0218,-0.9975,2524.59,143.42,-26.35,2.51,63900.2,0,0.00,0.00,3
46106,-0.001,0.002,-1.696,0.122,-0.488,169.128,0.000,-0.000,0.000,-0.0374,-0.0009,0.0219,-0.9991,2527.77,143.18,-26.42,2.51,63878.6,0,0.00,0.00,3
46126,-0.001,0.003,-1.698,0.122,-0.305,168.884,0.000,-0.000,0.000,-0.0080,-0.0003,0.0219,-0.9997,2530.97,142.98,-26.45,2.51,63845.9,0,0.00,0.00,3
46146,-0.001,-0.000,-1.695,0.122,-0.488,168.518,0.000,-0.000,0.000,0.0214,0.0003,0.0218,-0.9995,2534.17,142.77,-26.42,2.50,63820.6,0,0.00,0.00,3
46166,-0.002,0.001,-1.696,0.000,-0.488,168.396,0.000,-0.000,0.000,0.0508,0.0008,0.0218,-0.9985,2537.37,142.57,-26.42,2.50,63797.1,0,0.00,0.00,3
46186,-0.000,0.000,-1.699,0.061,-0.427,167.969,0.000,-0.000,0.000,0.0800,0.0014,0.0218,-0.9966,2540.51,142.31,-26.45,2.50,63783.5,0,0.00,0.00,3
46206,-0.001,0.000,-1.695,0.061,-0.427,167.847,0.000,-0.000,0.000,0.1092,0.0019,0.0217,-0.9938,2543.69,142.10,-26.42,2.50,63748.0,0,0.00,0.00,3
46226,-0.001,0.001,-1.702,0.000,-0.549,167.542,0.000,-0.000,0.000,0.1382,0.0025,0.0216,-0.9902,2546.82,141.84,-26.48,2.49,63734.1,0,0.00,0.00,3
46246,0.002,0.002,-1.696,-0.061,-0.427,167.175,0.000,-0.000,0.000,0.1670,0.0030,0.0215,-0.9857,2550.04,141.67,-26.42,2.49,63690.6,0,0.00,0.00,3
46266,-0.002,0.001,-1.704,-0.122,-0.488,166.931,0.000,-0.000,0.000,0.1957,0.0036,0.0215,-0.9804,2553.20,141.46,-26.50,2.49,63675.8,0,0.00,0.00,3
46286,-0.000,0.000,-1.700,-0.061,-0.427,166.748,0.000,-0.000,0.000,0.2241,0.0041,0.0213,-0.9743,2556.39,141.27,-26.46,2.49,63645.8,0,0.00,0.00,3
46306,-0.002,0.001,-1.705,-0.183,-0.488,166.504,0.000,-0.000,0.000,0.2523,0.0047,0.0212,-0.9674,2559.56,141.06,-26.51,2.49,63625.3,0,0.00,0.00,3
46326,-0.003,0.001,-1.705,-0.122,-0.366,166.016,0.000,-0.000,0.000,0.2803,0.0052,0.0211,-0.9597,2562.67,140.81,-26.51,2.49,63610.1,0,0.00,0.00,3
46346,-0.001,0.002,-1.705,-0.183,-0.488,166.016,0.000,-0.000,0.000,0.3079,0.0057,0.0209,-0.9512,2565.79,140.56,-26.51,2.49,63585.4,0,0.00,0.00,3
46366,-0.001,-0.002,-1.707,-0.183,-0.488,165.527,0.000,-0.000,0.000,0.3353,0.0062,0.0208,-0.9419,2568.99,140.40,-26.53,2.48,63542.7,0,0.00,0.00,3
46386,0.001,0.001,-1.710,-0.244,-0.427,165.283,0.000,-0.000,0.000,0.3623,0.0067,0.0206,-0.9318,2572.14,140.19,-26.56,2.48,63528.3,0,0.00,0.00,3
46406,-0.002,0.001,-1.708,-0.305,-0.488,165.039,0.000,-0.000,0.000,0.3890,0.0072,0.0204,-0.9210,2575.31,140.01,-26.54,2.48,63497.0,0,0.00,0.00,3
46426,0.001,-0.000,-1.710,-0.183,-0.488,164.795,0.000,-0.000,0.000,0.4153,0.0077,0.0202,-0.9094,2578.42,139.77,-26.56,2.48,63486.2,0,0.00,0.00,3
46446,-0.000,0.000,-1.712,-0.183,-0.366,164.490,0.000,-0.000,0.000,0.4413,0.0082,0.0200,-0.8971,2581.50,139.51,-26.58,2.47,63466.4,0,0.00,0.00,3
46466,-0.003,0.001,-1.712,-0.305,-0.366,164.246,0.000,-0.000,0.000,0.4668,0.0087,0.0197,-0.8841,2584.60,139.26,-26.58,2.47,63439.8,0,0.00,0.00,3
46486,-0.001,0.000,-1.713,-0.244,-0.366,163.879,0.000,-0.000,0.000,0.4919,0.0092,0.0195,-0.8704,2587.77,139.10,-26.59,2.47,63396.8,0,0.00,0.00,3
46506,0.000,0.000,-1.710,-0.427,-0.366,163.696,0.000,-0.000,0.000,0.5166,0.0097,0.0192,-0.8560,2590.90,138.89,-26.56,2.47,63383.7,0,0.00,0.00,3
46526,0.000,0.000,-1.720,-0.305,-0.366,163.391,0.000,-0.000,0.000,0.5408,0.0101,0.0190,-0.8409,2594.06,138.72,-26.66,2.46,63350.7,0,0.00,0.00,3
46546,-0.001,0.000,-1.719,-0.366,-0.244,163.208,0.000,-0.000,0.000,0.5645,0.0106,0.0187,-0.8252,2597.12,138.46,-26.65,2.46,63345.8,0,0.00,0.00,3
46566,-0.001,-0.001,-1.717,-0.488,-0.427,162.903,0.000,-0.000,0.000,0.5877,0.0110,0.0184,-0.8088,2600.21,138.23,-26.63,2.46,63316.3,0,0.00,0.00,3
46586,-0.001,0.000,-1.716,-0.488,-0.183,162.537,0.000,-0.000,0.000,0.6104,0.0115,0.0182,-0.7918,2603.32,138.03,-26.62,2.46,63286.1,0,0.00,0.00,3
46606,-0.001,-0.002,-1.719,-0.427,-0.183,162.354,0.000,-0.000,0.000,0.6326,0.0119,0.0179,-0.7742,2606.48,137.87,-26.65,2.46,63250.9,0,0.00,0.00,3
46626,0.000,-0.001,-1.721,-0.488,-0.122,162.048,0.000,-0.000,0.000,0.6543,0.0123,0.0176,-0.7560,2609.57,137.65,-26.67,2.46,63241.9,0,0.00,0.00,3
46648,0.001,0.000,-1.723,-0.305,-0.305,161.926,0.000,-0.000,0.000,0.6754,0.0127,0.0172,-0.7372,2612.70,137.47,-26.69,2.46,63209.3,0,0.00,0.00,3
46666,0.000,0.002,-1.719,-0.427,-0.122,161.499,0.000,-0.000,0.000,0.6959,0.0132,0.0169,-0.7178,2615.78,137.25,-26.65,2.45,63194.4,0,0.00,0.00,3
46686,0.000,0.001,-1.723,-0.366,-0.122,161.316,0.000,-0.000,0.000,0.7158,0.0136,0.0166,-0.6980,2618.94,137.11,-26.69,2.45,63152.5,0,0.00,0.00,3
46706,-0.001,0.001,-1.723,-0.549,-0.122,161.011,0.000,-0.000,0.000,0.7351,0.0139,0.0162,-0.6776,2621.99,136.87,-26.69,2.45,63150.6,0,0.00,0.00,3
46726,0.000,-0.000,-1.728,-0.488,-0.183,160.767,0.000,-0.000,0.000,0.7539,0.0143,0.0159,-0.6567,2625.12,136.70,-26.73,2.45,63109.8,0,0.00,0.00,3
46746,-0.000,0.000,-1.726,-0.427,-0.061,160.522,0.000,-0.000,0.000,0.7720,0.0147,0.0155,-0.6353,2628.23,136.52,-26.72,2.45,63090.1,0,0.00,0.00,3
46766,0.001,-0.002,-1.730,-0.488,0.000,160.217,0.000,-0.000,0.000,0.7894,0.0150,0.0151,-0.6135,2631.33,136.34,-26.76,2.44,63065.4,0,0.00,0.00,3
46786,0.002,-0.000,-1.728,-0.488,-0.061,160.034,0.000,-0.000,0.000,0.8063,0.0154,0.0147,-0.5912,2634.45,136.18,-26.74,2.44,63038.7,0,0.00,0.00,3
46806,-0.001,-0.002,-1.727,-0.549,0.000,159.668,0.000,-0.000,0.000,0.8224,0.0157,0.0144,-0.5685,2637.51,135.95,-26.72,2.44,63027.5,0,0.00,0.00,3
46826,-0.002,-0.003,-1.730,-0.488,0.061,159.424,0.000,-0.000,0.000,0.8379,0.0160,0.0140,-0.5454,2640.57,135.75,-26.76,2.44,63000.6,0,0.00,0.00,3
46846,0.001,0.000,-1.734,-0.488,0.000,159.180,0.000,-0.000,0.000,0.8527,0.0164,0.0136,-0.5219,2643.62,135.53,-26.80,2.44,62978.9,0,0.00,0.00,3
46866,0.000,-0.001,-1.729,-0.488,0.061,158.875,0.000,-0.000,0.000,0.8669,0.0167,0.0132,-0.4981,2646.68,135.32,-26.75,2.43,62954.2,0,0.00,0.00,3
46886,0.000,-0.003,-1.736,-0.427,0.061,158.691,0.000,-0.000,0.000,0.8803,0.0170,0.0128,-0.4739,2649.73,135.11,-26.82,2.43,62932.2,0,0.00,0.00,3
46906,0.000,-0.001,-1.736,-0.488,0.122,158.264,0.000,-0.000,0.000,0.8931,0.0172,0.0123,-0.4494,2652.74,134.87,-26.82,2.43,62914.1,0,0.00,0.00,3
46926,-0.001,0.001,-1.733,-0.549,0.183,158.081,0.000,-0.000,0.000,0.9052,0.0175,0.0119,-0.4246,2655.77,134.65,-26.78,2.43,62886.7,0,0.00,0.00,3
46946,0.000,0.001,-1.735,-0.305,0.061,157.837,0.000,-0.000,0.000,0.9165,0.0178,0.0115,-0.3995,2658.82,134.45,-26.81,2.42,62858.7,0,0.00,0.00,3
46966,-0.002,-0.001,-1.736,-0.488,0.244,157.471,0.000,-0.000,0.000,0.9271,0.0180,0.0111,-0.3741,2661.83,134.21,-26.81,2.42,62843.4,0,0.00,0.00,3
46986,-0.003,-0.001,-1.734,-0.366,0.244,157.227,0.000,-0.000,0.000,0.9371,0.0183,0.0106,-0.3485,2664.88,134.02,-26.80,2.42,62812.5,0,0.00,0.00,3
47006,-0.000,-0.003,-1.738,-0.427,0.244,156.982,0.000,-0.000,0.000,0.9463,0.0185,0.0102,-0.3227,2667.89,133.79,-26.83,2.42,62794.9,0,0.00,0.00,3
47026,-0.001,-0.002,-1.742,-0.244,0.305,156.799,0.000,-0.000,0.000,0.9547,0.0188,0.0097,-0.2967,2670.89,133.56,-26.88,2.42,62773.1,0,0.00,0.00,3
47046,-0.001,-0.002,-1.739,-0.488,0.244,156.494,0.000,-0.000,0.000,0.9625,0.0189,0.0093,-0.2705,2673.87,133.32,-26.84,2.42,62753.1,0,0.00,0.00,3
47066,-0.002,-0.003,-1.741,-0.305,0.305,156.250,0.000,-0.000,0.000,0.9695,0.0192,0.0088,-0.2442,2676.83,133.07,-26.86,2.42,62733.1,0,0.00,0.00,3
47086,0.000,-0.002,-1.745,-0.488,0.427,155.945,0.000,-0.000,0.000,0.9758,0.0193,0.0084,-0.2177,2679.78,132.80,-26.90,2.41,62713.0,0,0.00,0.00,3
47106,0.001,-0.000,-1.741,-0.244,0.427,155.640,0.000,-0.000,0.000,0.9813,0.0195,0.0080,-0.1911,2682.76,132.57,-26.86,2.42,62682.7,0,0.00,0.00,3
47126,-0.000,-0.001,-1.746,-0.244,0.305,155.396,0.000,-0.000,0.000,0.9862,0.0197,0.0075,-0.1644,2685.71,132.31,-26.92,2.41,62665.6,0,0.00,0.00,3
47146,-0.003,-0.002,-1.747,-0.122,0.305,155.151,0.000,-0.000,0.000,0.9903,0.0199,0.0070,-0.1377,2688.64,132.04,-26.92,2.42,62645.4,0,0.00,0.00,3
47166,-0.001,-0.001,-1.747,-0.244,0.366,154.846,0.000,-0.000,0.000,0.9936,0.0200,0.0065,-0.1109,2691.65,131.85,-26.92,2.41,62607.0,0,0.00,0.00,3
47186,0.000,-0.003,-1.748,-0.244,0.488,154.602,0.000,-0.000,0.000,0.9962,0.0202,0.0061,-0.0840,2694.58,131.59,-26.93,2.41,62598.7,0,0.00,0.00,3
47206,-0.003,-0.003,-1.747,-0.122,0.488,154.297,0.000,-0.000,0.000,0.9981,0.0203,0.0056,-0.0572,2697.57,131.39,-26.93,2.41,62563.0,0,0.00,0.00,3
47226,-0.002,-0.002,-1.752,-0.183,0.366,154.236,0.000,-0.000,0.000,0.9993,0.0204,0.0051,-0.0303,2700.50,131.14,-26.98,2.41,62550.6,0,0.00,0.00,3
47246,-0.003,-0.003,-1.749,-0.183,0.488,153.931,0.000,-0.000,0.000,0.9998,0.0205,0.0047,-0.0034,2703.43,130.89,-26.94,2.41,62528.6,0,0.00,0.00,3
47266,-0.002,-0.002,-1.750,-0.061,0.366,153.442,0.000,-0.000,0.000,0.9995,0.0206,0.0042,0.0234,2706.41,130.69,-26.96,2.41,62496.3,0,0.00,0.00,3
47288,-0.003,-0.003,-1.753,-0.061,0.549,153.320,0.000,-0.000,0.000,0.9985,0.0207,0.0037,0.0501,2709.37,130.48,-26.98,2.41,62475.2,0,0.00,0.00,3
47306,-0.004,-0.003,-1.751,-0.122,0.366,153.137,0.000,-0.000,0.000,0.9968,0.0208,0.0032,0.0768,2712.33,130.27,-26.97,2.41,62450.7,0,0.00,0.00,3
47326,-0.002,-0.001,-1.758,0.061,0.366,152.771,0.000,-0.000,0.000,0.9944,0.0209,0.0027,0.1033,2715.23,130.01,-27.03,2.41,62442.1,0,0.00,0.00,3
47346,-0.004,-0.003,-1.753,0.000,0.488,152.527,0.000,-0.000,0.000,0.9913,0.0209,0.0023,0.1297,2718.22,129.84,-26.98,2.41,62398.2,0,0.00,0.00,3
47366,-0.002,-0.003,-1.756,0.061,0.366,152.283,0.000,-0.000,0.000,0.9875,0.0210,0.0018,0.1560,2721.19,129.65,-27.02,2.41,62381.0,0,0.00,0.00,3
47386,-0.007,-0.001,-1.756,0.122,0.488,152.039,0.000,-0.000,0.000,0.9830,0.0210,0.0013,0.1822,2724.10,129.41,-27.01,2.42,62369.6,0,0.00,0.00,3
47406,-0.002,-0.003,-1.755,0.122,0.549,151.672,0.000,-0.000,0.000,0.9779,0.0211,0.0008,0.2082,2726.97,129.13,-27.00,2.42,62354.9,0,0.00,0.00,3
47426,-0.001,-0.001,-1.761,0.122,0.488,151.489,0.000,-0.000,0.000,0.9720,0.0211,0.0004,0.2339,2729.84,128.87,-27.06,2.42,62331.8,0,0.00,0.00,3
47446,-0.000,-0.001,-1.758,0.122,0.488,151.245,0.000,-0.000,0.000,0.9655,0.0211,-0.0001,0.2595,2732.79,128.68,-27.03,2.42,62292.0,0,0.00,0.00,3
47466,-0.004,-0.001,-1.754,0.061,0.488,151.001,0.000,-0.000,0.000,0.9583,0.0211,-0.0006,0.2849,2735.71,128.47,-27.00,2.41,62274.4,0,0.00,0.00,3
47486,-0.002,-0.001,-1.764,0.122,0.549,150.635,0.000,-0.000,0.000,0.9505,0.0210,-0.0010,0.3100,2738.57,128.20,-27.09,2.41,62266.1,0,0.00,0.00,3
47506,-0.004,-0.000,-1.763,0.244,0.427,150.452,0.000,-0.000,0.000,0.9420,0.0210,-0.0015,0.3348,2741.45,127.96,-27.08,2.41,62236.8,0,0.00,0.00,3
47526,-0.002,-0.000,-1.764,0.244,0.427,150.146,0.000,-0.000,0.000,0.9330,0.0210,-0.0019,0.3594,2744.39,127.78,-27.09,2.42,62201.6,0,0.00,0.00,3
47546,-0.004,-0.002,-1.762,0.183,0.366,149.963,0.000,-0.000,0.000,0.9232,0.0209,-0.0024,0.3837,2747.32,127.58,-27.07,2.42,62183.5,0,0.00,0.00,3
47566,-0.003,-0.002,-1.761,0.244,0.305,149.658,0.000,-0.000,0.000,0.9129,0.0209,-0.0029,0.4077,2750.20,127.35,-27.06,2.42,62168.3,0,0.00,0.00,3
47586,-0.002,-0.001,-1.764,0.244,0.488,149.475,0.000,-0.000,0.000,0.9019,0.0208,-0.0034,0.4313,2753.05,127.10,-27.09,2.41,62152.0,0,0.00,0.00,3
47606,-0.002,-0.000,-1.766,0.427,0.305,149.048,0.000,-0.000,0.000,0.8904,0.0208,-0.0038,0.4547,2755.90,126.85,-27.11,2.42,62129.6,0,0.00,0.00,3
47626,-0.001,-0.000,-1.769,0.366,0.366,148.865,0.000,-0.000,0.000,0.8783,0.0207,-0.0043,0.4776,2758.79,126.64,-27.14,2.42,62099.0,0,0.00,0.00,3
47646,-0.005,-0.001,-1.767,0.427,0.244,148.621,0.000,-0.000,0.000,0.8656,0.0206,-0.0047,0.5003,2761.65,126.41,-27.12,2.42,62082.9,0,0.00,0.00,3
47666,-0.003,-0.002,-1.770,0.488,0.122,148.438,0.000,-0.000,0.000,0.8524,0.0205,-0.0052,0.5225,2764.62,126.28,-27.15,2.43,62036.8,0,0.00,0.00,3
47686,-0.002,0.001,-1.768,0.427,0.244,148.010,0.000,-0.000,0.000,0.8386,0.0204,-0.0057,0.5444,2767.51,126.08,-27.13,2.43,62030.9,0,0.00,0.00,3
47706,-0.004,-0.003,-1.771,0.488,0.305,147.888,0.000,-0.000,0.000,0.8243,0.0203,-0.0061,0.5658,2770.33,125.82,-27.16,2.43,62023.2,0,0.00,0.00,3
47726,-0.003,-0.001,-1.773,0.366,0.244,147.522,0.000,-0.000,0.000,0.8094,0.0202,-0.0065,0.5868,2773.22,125.63,-27.18,2.43,61985.8,0,0.00,0.00,3
47746,-0.003,-0.002,-1.772,0.488,0.183,147.217,0.000,-0.000,0.000,0.7941,0.0201,-0.0070,0.6075,2776.10,125.44,-27.17,2.43,61964.3,0,0.00,0.00,3
47766,-0.004,-0.001,-1.772,0.366,0.183,147.034,0.000,-0.000,0.000,0.7782,0.0199,-0.0074,0.6276,2778.90,125.17,-27.17,2.44,61958.4,0,0.00,0.00,3
47786,-0.002,-0.001,-1.774,0.488,0.061,146.729,0.000,-0.000,0.000,0.7619,0.0198,-0.0079,0.6474,2781.78,124.98,-27.19,2.44,61920.3,0,0.00,0.00,3
47806,-0.004,-0.001,-1.775,0.488,0.122,146.484,0.000,-0.000,0.000,0.7451,0.0196,-0.0083,0.6666,2784.65,124.79,-27.20,2.44,61899.8,0,0.00,0.00,3
47826,-0.004,-0.001,-1.781,0.488,0.122,146.362,0.000,-0.000,0.000,0.7278,0.0195,-0.0087,0.6854,2787.50,124.58,-27.26,2.44,61881.9,0,0.00,0.00,3
47846,-0.004,0.001,-1.778,0.488,0.061,146.118,0.000,-0.000,0.000,0.7101,0.0193,-0.0092,0.7038,2790.32,124.34,-27.23,2.45,61865.9,0,0.00,0.00,3
47866,-0.003,-0.001,-1.777,0.488,0.122,145.874,0.000,-0.000,0.000,0.6920,0.0191,-0.0096,0.7216,2793.13,124.10,-27.22,2.45,61845.0,0,0.00,0.00,3
47888,-0.003,-0.001,-1.780,0.549,0.000,145.508,0.000,-0.000,0.000,0.6734,0.0189,-0.0100,0.7390,2795.91,123.84,-27.25,2.45,61829.1,0,0.00,0.00,3
47906,-0.007,0.000,-1.780,0.549,-0.061,145.264,0.000,-0.000,0.000,0.6545,0.0187,-0.0104,0.7558,2798.75,123.64,-27.25,2.45,61796.0,0,0.00,0.00,3
47926,-0.002,0.001,-1.785,0.488,-0.122,144.958,0.000,-0.000,0.000,0.6351,0.0185,-0.0108,0.7721,2801.44,123.30,-27.29,2.46,61803.5,0,0.00,0.00,3
47946,-0.004,-0.002,-1.780,0.488,0.122,144.775,0.000,-0.000,0.000,0.6154,0.0183,-0.0112,0.7879,2804.26,123.09,-27.25,2.46,61754.9,0,0.00,0.00,3
47966,-0.003,0.000,-1.780,0.549,-0.061,144.531,0.000,-0.000,0.000,0.5953,0.0181,-0.0116,0.8032,2807.06,122.87,-27.25,2.46,61736.3,0,0.00,0.00,3
47986,-0.002,-0.000,-1.780,0.427,0.000,144.226,0.000,-0.000,0.000,0.5749,0.0178,-0.0120,0.8179,2809.86,122.65,-27.25,2.46,61715.4,0,0.00,0.00,3
48006,-0.003,0.001,-1.782,0.610,-0.244,143.982,0.000,-0.000,0.000,0.5542,0.0176,-0.0124,0.8321,2812.64,122.40,-27.27,2.46,61698.9,0,0.00,0.00,3
48026,-0.004,-0.001,-1.785,0.427,-0.183,143.799,0.000,-0.000,0.000,0.5331,0.0173,-0.0128,0.8457,2815.50,122.24,-27.29,2.47,61659.2,0,0.00,0.00,3
48046,-0.003,0.001,-1.786,0.549,-0.122,143.433,0.000,-0.000,0.000,0.5118,0.0171,-0.0131,0.8588,2818.30,122.04,-27.30,2.47,61648.3,0,0.00,0.00,3
48066,-0.002,0.000,-1.783,0.427,-0.244,143.188,0.000,-0.000,0.000,0.4902,0.0168,-0.0135,0.8714,2821.10,121.84,-27.28,2.47,61626.6,0,0.00,0.00,3
48086,-0.002,-0.001,-1.789,0.549,-0.244,143.005,0.000,-0.000,0.000,0.4683,0.0166,-0.0138,0.8833,2823.93,121.65,-27.33,2.47,61601.0,0,0.00,0.00,3
48106,-0.003,0.001,-1.787,0.488,-0.122,142.822,0.000,-0.000,0.000,0.4461,0.0163,-0.0142,0.8947,2826.66,121.39,-27.32,2.47,61596.6,0,0.00,0.00,3
48126,-0.002,0.002,-1.786,0.610,-0.305,142.517,0.000,-0.000,0.000,0.4237,0.0160,-0.0145,0.9055,2829.42,121.16,-27.31,2.48,61569.6,0,0.00,0.00,3
48146,-0.003,0.001,-1.788,0.427,-0.244,142.212,0.000,-0.000,0.000,0.4011,0.0157,-0.0149,0.9158,2832.18,120.93,-27.33,2.48,61549.0,0,0.00,0.00,3
48166,-0.001,0.001,-1.792,0.488,-0.366,141.907,0.000,-0.000,0.000,0.3783,0.0154,-0.0152,0.9254,2834.98,120.75,-27.36,2.48,61518.4,0,0.00,0.00,3
48186,-0.004,-0.001,-1.793,0.549,-0.305,141.785,0.000,-0.000,0.000,0.3553,0.0151,-0.0155,0.9345,2837.76,120.54,-27.38,2.48,61502.1,0,0.00,0.00,3
48206,-0.003,0.001,-1.790,0.427,-0.427,141.418,0.000,-0.000,0.000,0.3321,0.0149,-0.0158,0.9430,2840.55,120.35,-27.35,2.49,61475.8,0,0.00,0.00,3
48226,-0.003,0.000,-1.793,0.488,-0.366,141.174,0.000,-0.000,0.000,0.3088,0.0145,-0.0161,0.9509,2843.30,120.13,-27.37,2.49,61465.0,0,0.00,0.00,3
48246,-0.000,0.001,-1.791,0.488,-0.366,140.869,0.000,-0.000,0.000,0.2853,0.0142,-0.0164,0.9582,2846.09,119.94,-27.35,2.49,61434.1,0,0.00,0.00,3
48266,-0.003,0.000,-1.791,0.427,-0.488,140.747,0.000,-0.000,0.000,0.2617,0.0139,-0.0167,0.9649,2848.83,119.72,-27.35,2.49,61421.9,0,0.00,0.00,3
48286,-0.005,0.001,-1.792,0.427,-0.549,140.381,0.000,-0.000,0.000,0.2380,0.0136,-0.0170,0.9710,2851.52,119.45,-27.37,2.50,61412.2,0,0.00,0.00,3
48306,-0.005,0.003,-1.797,0.366,-0.549,140.137,0.000,-0.000,0.000,0.2142,0.0133,-0.0173,0.9766,2854.25,119.23,-27.41,2.50,61381.6,0,0.00,0.00,3
48326,-0.004,0.000,-1.797,0.366,-0.549,139.832,0.000,-0.000,0.000,0.1903,0.0130,-0.0176,0.9815,2857.04,119.06,-27.42,2.51,61348.5,0,0.00,0.00,3
48346,-0.002,0.002,-1.799,0.305,-0.549,139.648,0.000,-0.000,0.000,0.1663,0.0127,-0.0179,0.9858,2859.75,118.83,-27.43,2.51,61341.4,0,0.00,0.00,3
48366,-0.003,0.002,-1.794,0.244,-0.610,139.465,0.000,-0.000,0.000,0.1422,0.0123,-0.0181,0.9896,2862.49,118.62,-27.39,2.51,61316.5,0,0.00,0.00,3
48386,-0.002,0.003,-1.800,0.244,-0.549,139.099,0.000,-0.000,0.000,0.1182,0.0120,-0.0184,0.9928,2865.25,118.44,-27.45,2.52,61289.1,0,0.00,0.00,3
48406,0.000,-0.001,-1.802,0.305,-0.549,138.916,0.000,-0.000,0.000,0.0941,0.0117,-0.0186,0.9953,2867.93,118.18,-27.46,2.52,61285.9,0,0.00,0.00,3
48426,-0.001,0.003,-1.803,0.183,-0.610,138.672,0.000,-0.000,0.000,0.0699,0.0113,-0.0189,0.9973,2870.65,117.97,-27.47,2.52,61256.5,0,0.00,0.00,3
48446,-0.001,0.003,-1.799,0.183,-0.610,138.428,0.000,-0.000,0.000,0.0458,0.0110,-0.0191,0.9987,2873.36,117.75,-27.44,2.53,61236.0,0,0.00,0.00,3
48466,-0.000,0.001,-1.804,0.183,-0.488,138.123,0.000,-0.000,0.000,0.0217,0.0106,-0.0194,0.9995,2876.07,117.54,-27.48,2.53,61215.0,0,0.00,0.00,3
48486,-0.001,0.002,-1.802,0.183,-0.488,138.000,0.000,-0.000,0.000,-0.0023,0.0102,-0.0196,0.9998,2878.82,117.36,-27.46,2.53,61188.2,0,0.00,0.00,3
48508,-0.003,0.002,-1.801,0.000,-0.671,137.634,0.000,-0.000,0.000,-0.0264,0.0098,-0.0198,0.9994,2881.55,117.18,-27.46,2.54,61167.7,0,0.00,0.00,3
48526,0.000,0.002,-1.805,0.000,-0.610,137.390,0.000,-0.000,0.000,-0.0503,0.0095,-0.0201,0.9985,2884.20,116.92,-27.49,2.54,61163.8,0,0.00,0.00,3
48546,-0.003,0.001,-1.803,0.122,-0.610,137.085,0.000,-0.000,0.000,-0.0742,0.0091,-0.0203,0.9970,2886.83,116.65,-27.47,2.54,61148.0,0,0.00,0.00,3
48566,-0.002,0.002,-1.806,0.000,-0.671,136.902,0.000,-0.000,0.000,-0.0980,0.0087,-0.0205,0.9949,2889.58,116.49,-27.50,2.55,61102.7,0,0.00,0.00,3
48586,-0.002,0.000,-1.802,0.061,-0.610,136.597,0.000,-0.000,0.000,-0.1217,0.0083,-0.0206,0.9923,2892.28,116.29,-27.46,2.55,61091.7,0,0.00,0.00,3
48606,-0.000,-0.000,-1.805,-0.122,-0.488,136.353,0.000,-0.000,0.000,-0.1453,0.0079,-0.0208,0.9891,2895.00,116.11,-27.49,2.56,61066.1,0,0.00,0.00,3
48626,0.001,0.000,-1.810,-0.061,-0.610,136.047,0.000,-0.000,0.000,-0.1687,0.0075,-0.0210,0.9854,2897.68,115.90,-27.53,2.56,61053.1,0,0.00,0.00,3
48646,-0.004,0.001,-1.810,-0.183,-0.610,135.986,0.000,-0.000,0.000,-0.1920,0.0071,-0.0212,0.9811,2900.34,115.67,-27.54,2.56,61036.6,0,0.00,0.00,3
48666,-0.000,0.000,-1.809,-0.061,-0.549,135.742,0.000,-0.000,0.000,-0.2152,0.0067,-0.0214,0.9763,2902.97,115.42,-27.53,2.57,61023.2,0,0.00,0.00,3
48686,-0.000,0.002,-1.812,-0.122,-0.671,135.437,0.000,-0.000,0.000,-0.2383,0.0064,-0.0215,0.9709,2905.60,115.18,-27.55,2.57,60999.8,0,0.00,0.00,3
48706,-0.000,-0.000,-1.814,-0.183,-0.549,135.132,0.000,-0.000,0.000,-0.2611,0.0059,-0.0217,0.9651,2908.23,114.93,-27.58,2.57,60982.4,0,0.00,0.00,3
48726,-0.001,0.001,-1.813,-0.183,-0.671,134.949,0.000,-0.000,0.000,-0.2837,0.0056,-0.0218,0.9586,2910.88,114.71,-27.57,2.58,60956.0,0,0.00,0.00,3
48747,0.000,0.000,-1.811,-0.183,-0.549,134.766,0.000,-0.000,0.000,-0.3062,0.0051,-0.0219,0.9517,2913.56,114.52,-27.55,2.58,60929.1,0,0.00,0.00,3
48766,-0.001,0.000,-1.810,-0.366,-0.671,134.399,0.000,-0.000,0.000,-0.3285,0.0048,-0.0221,0.9443,2916.16,114.27,-27.54,2.59,60924.5,0,0.00,0.00,3
48787,0.001,0.002,-1.814,-0.244,-0.610,134.277,0.000,-0.000,0.000,-0.3505,0.0044,-0.0222,0.9363,2918.75,114.00,-27.58,2.59,60907.7,0,0.00,0.00,3
48806,0.000,0.001,-1.817,-0.366,-0.671,133.850,0.000,-0.000,0.000,-0.3723,0.0040,-0.0223,0.9278,2921.33,113.74,-27.61,2.59,60886.6,0,0.00,0.00,3
48826,0.000,0.001,-1.816,-0.305,-0.488,133.728,0.000,-0.000,0.000,-0.3938,0.0035,-0.0224,0.9189,2923.88,113.45,-27.60,2.60,60875.2,0,0.00,0.00,3
48846,-0.002,0.001,-1.817,-0.427,-0.427,133.362,0.000,-0.000,0.000,-0.4151,0.0031,-0.0225,0.9095,2926.49,113.21,-27.61,2.60,60842.4,0,0.00,0.00,3
48866,0.002,0.002,-1.813,-0.427,-0.549,133.118,0.000,-0.000,0.000,-0.4361,0.0027,-0.0226,0.8996,2929.16,113.05,-27.57,2.61,60809.3,0,0.00,0.00,3
48886,0.000,-0.001,-1.817,-0.366,-0.549,132.935,0.000,-0.000,0.000,-0.4569,0.0023,-0.0227,0.8892,2931.79,112.85,-27.61,2.61,60795.5,0,0.00,0.00,3
48906,-0.002,0.002,-1.820,-0.427,-0.488,132.629,0.000,-0.000,0.000,-0.4773,0.0019,-0.0227,0.8784,2934.38,112.61,-27.64,2.62,60784.6,0,0.00,0.00,3
48926,-0.000,-0.001,-1.822,-0.549,-0.488,132.385,0.000,-0.000,0.000,-0.4975,0.0015,-0.0228,0.8672,2937.01,112.41,-27.65,2.62,60756.2,0,0.00,0.00,3
48946,-0.000,0.000,-1.821,-0.366,-0.488,132.202,0.000,-0.000,0.000,-0.5174,0.0011,-0.0229,0.8554,2939.59,112.17,-27.64,2.62,60746.9,0,0.00,0.00,3
48966,0.001,0.000,-1.824,-0.549,-0.305,131.958,0.000,-0.000,0.000,-0.5369,0.0006,-0.0229,0.8433,2942.17,111.93,-27.67,2.63,60727.0,0,0.00,0.00,3
48986,0.002,-0.001,-1.820,-0.427,-0.427,131.592,0.000,-0.000,0.000,-0.5562,0.0002,-0.0230,0.8307,2944.75,111.71,-27.64,2.63,60705.0,0,0.00,0.00,3
49006,-0.002,0.002,-1.822,-0.549,-0.183,131.470,0.000,-0.000,0.000,-0.5751,-0.0002,-0.0230,0.8178,2947.37,111.52,-27.65,2.64,60677.8,0,0.00,0.00,3
49026,0.000,-0.001,-1.824,-0.549,-0.366,131.226,0.000,-0.000,0.000,-0.5937,-0.0007,-0.0231,0.8044,2950.00,111.34,-27.67,2.64,60656.0,0,0.00,0.00,3
49046,-0.001,-0.002,-1.824,-0.549,-0.427,130.981,0.000,-0.000,0.000,-0.6119,-0.0011,-0.0231,0.7906,2952.57,111.11,-27.67,2.65,60647.7,0,0.00,0.00,3
49066,-0.001,-0.001,-1.825,-0.549,-0.244,130.676,0.000,-0.000,0.000,-0.6298,-0.0015,-0.0231,0.7764,2955.17,110.92,-27.68,2.65,60620.2,0,0.00,0.00,3
49086,0.003,-0.000,-1.823,-0.610,-0.305,130.493,0.000,-0.000,0.000,-0.6473,-0.0019,-0.0231,0.7619,2957.76,110.72,-27.67,2.66,60603.4,0,0.00,0.00,3
49106,0.001,0.001,-1.827,-0.549,-0.305,130.249,0.000,-0.000,0.000,-0.6644,-0.0023,-0.0231,0.7470,2960.30,110.47,-27.71,2.66,60593.9,0,0.00,0.00,3
49126,-0.001,-0.001,-1.824,-0.610,-0.305,130.005,0.000,-0.000,0.000,-0.6812,-0.0028,-0.0231,0.7317,2962.86,110.25,-27.68,2.66,60569.4,0,0.00,0.00,3
49148,0.002,0.000,-1.826,-0.488,-0.122,129.761,0.000,-0.000,0.000,-0.6976,-0.0032,-0.0231,0.7161,2965.47,110.07,-27.69,2.67,60540.3,0,0.00,0.00,3
49166,-0.001,-0.002,-1.828,-0.610,-0.183,129.456,0.000,-0.000,0.000,-0.7136,-0.0036,-0.0230,0.7001,2968.06,109.88,-27.71,2.67,60523.8,0,0.00,0.00,3
49186,-0.001,-0.000,-1.827,-0.610,-0.122,129.272,0.000,-0.000,0.000,-0.7292,-0.0041,-0.0230,0.6839,2970.62,109.67,-27.70,2.68,60509.1,0,0.00,0.00,3
49206,-0.001,-0.002,-1.828,-0.610,-0.122,129.028,0.000,-0.000,0.000,-0.7445,-0.0045,-0.0230,0.6673,2973.12,109.41,-27.71,2.68,60502.4,0,0.00,0.00,3
49226,0.000,-0.001,-1.828,-0.610,-0.061,128.845,0.000,-0.000,0.000,-0.7593,-0.0049,-0.0229,0.6504,2975.60,109.13,-27.71,2.69,60486.7,0,0.00,0.00,3
49246,-0.001,-0.002,-1.827,-0.671,-0.061,128.418,0.000,-0.000,0.000,-0.7737,-0.0053,-0.0229,0.6332,2978.13,108.91,-27.70,2.69,60456.0,0,0.00,0.00,3
49266,0.000,-0.002,-1.829,-0.549,-0.061,128.235,0.000,-0.000,0.000,-0.7876,-0.0058,-0.0228,0.6157,2980.65,108.68,-27.72,2.69,60438.7,0,0.00,0.00,3
49286,0.000,-0.003,-1.828,-0.732,-0.061,128.052,0.000,-0.000,0.000,-0.8012,-0.0062,-0.0227,0.5979,2983.18,108.46,-27.71,2.70,60418.6,0,0.00,0.00,3
49306,-0.001,-0.000,-1.832,-0.671,0.061,127.747,0.000,-0.000,0.000,-0.8143,-0.0066,-0.0227,0.5799,2985.71,108.24,-27.75,2.71,60398.9,0,0.00,0.00,3
49326,0.000,-0.001,-1.829,-0.610,0.061,127.441,0.000,-0.000,0.000,-0.8270,-0.0070,-0.0226,0.5617,2988.18,107.98,-27.72,2.71,60390.7,0,0.00,0.00,3
49346,0.000,-0.001,-1.833,-0.610,0.122,127.258,0.000,-0.000,0.000,-0.8393,-0.0074,-0.0225,0.5432,2990.68,107.74,-27.77,2.72,60365.9,0,0.00,0.00,3
49366,0.000,-0.000,-1.834,-0.671,0.061,127.014,0.000,-0.000,0.000,-0.8511,-0.0078,-0.0224,0.5244,2993.25,107.58,-27.78,2.72,60331.7,0,0.00,0.00,3
49386,-0.001,-0.001,-1.835,-0.671,0.183,126.831,0.000,-0.000,0.000,-0.8625,-0.0082,-0.0223,0.5055,2995.77,107.38,-27.78,2.73,60321.4,0,0.00,0.00,3
49406,-0.001,-0.000,-1.834,-0.610,0.183,126.648,0.000,-0.000,0.000,-0.8735,-0.0087,-0.0222,0.4863,2998.18,107.07,-27.78,2.73,60324.6,0,0.00,0.00,3
49426,0.001,-0.001,-1.842,-0.671,0.305,126.343,0.000,-0.000,0.000,-0.8840,-0.0091,-0.0221,0.4669,3000.64,106.81,-27.85,2.74,60296.3,0,0.00,0.00,3
49446,-0.003,0.000,-1.835,-0.610,0.305,126.038,0.000,-0.000,0.000,-0.8941,-0.0095,-0.0220,0.4473,3003.16,106.62,-27.78,2.75,60265.1,0,0.00,0.00,3
49466,-0.003,-0.002,-1.833,-0.549,0.366,125.793,0.000,-0.000,0.000,-0.9037,-0.0099,-0.0219,0.4276,3005.68,106.44,-27.76,2.75,60244.0,0,0.00,0.00,3
49486,-0.002,-0.001,-1.837,-0.610,0.305,125.549,0.000,-0.000,0.000,-0.9128,-0.0103,-0.0218,0.4077,3008.21,106.25,-27.80,2.76,60224.8,0,0.00,0.00,3
49506,-0.002,-0.001,-1.840,-0.610,0.244,125.305,0.000,-0.000,0.000,-0.9215,-0.0107,-0.0216,0.3876,3010.72,106.06,-27.83,2.76,60207.7,0,0.00,0.00,3
49526,-0.001,-0.004,-1.840,-0.610,0.366,125.122,0.000,-0.000,0.000,-0.9298,-0.0111,-0.0215,0.3674,3013.15,105.80,-27.83,2.77,60205.3,0,0.00,0.00,3
49546,-0.002,-0.003,-1.842,-0.610,0.366,124.817,0.000,-0.000,0.000,-0.9375,-0.0115,-0.0213,0.3471,3015.56,105.52,-27.85,2.78,60191.4,0,0.00,0.00,3
49566,0.000,-0.001,-1.842,-0.549,0.427,124.512,0.000,-0.000,0.000,-0.9449,-0.0119,-0.0212,0.3266,3017.97,105.25,-27.85,2.78,60170.7,0,0.00,0.00,3
49586,0.000,-0.003,-1.842,-0.610,0.427,124.329,0.000,-0.000,0.000,-0.9517,-0.0123,-0.0210,0.3060,3020.43,105.02,-27.85,2.79,60143.8,0,0.00,0.00,3
49606,-0.000,-0.002,-1.842,-0.549,0.427,124.146,0.000,-0.000,0.000,-0.9581,-0.0126,-0.0209,0.2853,3022.91,104.82,-27.85,2.80,60119.8,0,0.00,0.00,3
49626,0.002,-0.002,-1.844,-0.488,0.488,123.962,0.000,-0.000,0.000,-0.9641,-0.0130,-0.0207,0.2645,3025.40,104.64,-27.87,2.80,60097.8,0,0.00,0.00,3
49646,-0.002,0.001,-1.850,-0.488,0.488,123.718,0.000,-0.000,0.000,-0.9696,-0.0134,-0.0205,0.2436,3027.82,104.39,-27.92,2.81,60093.4,0,0.00,0.00,3
49666,-0.001,-0.001,-1.841,-0.366,0.427,123.413,0.000,-0.000,0.000,-0.9746,-0.0138,-0.0203,0.2227,3030.27,104.17,-27.84,2.81,60069.8,0,0.00,0.00,3
49686,-0.004,-0.002,-1.845,-0.427,0.427,123.108,0.000,-0.000,0.000,-0.9791,-0.0142,-0.0201,0.2017,3032.74,103.99,-27.88,2.82,60045.0,0,0.00,0.00,3
49706,-0.000,-0.002,-1.842,-0.366,0.427,122.925,0.000,-0.000,0.000,-0.9832,-0.0146,-0.0199,0.1807,3035.18,103.77,-27.85,2.82,60032.5,0,0.00,0.00,3
49726,-0.001,-0.003,-1.843,-0.488,0.488,122.681,0.000,-0.000,0.000,-0.9869,-0.0149,-0.0196,0.1596,3037.60,103.53,-27.86,2.83,60019.7,0,0.00,0.00,3
49746,-0.002,-0.001,-1.845,-0.427,0.549,122.498,0.000,-0.000,0.000,-0.9901,-0.0153,-0.0194,0.1384,3040.01,103.30,-27.88,2.83,60000.0,0,0.00,0.00,3
49769,-0.001,-0.002,-1.847,-0.366,0.610,122.192,0.000,-0.000,0.000,-0.9928,-0.0156,-0.0192,0.1173,3042.45,103.09,-27.89,2.84,59978.2,0,0.00,0.00,3
49786,-0.004,-0.004,-1.845,-0.305,0.549,121.765,0.000,-0.000,0.000,-0.9951,-0.0160,-0.0190,0.0961,3044.83,102.84,-27.88,2.85,59968.8,0,0.00,0.00,3
49806,-0.003,-0.004,-1.849,-0.244,0.610,121.643,0.000,-0.000,0.000,-0.9969,-0.0164,-0.0187,0.0750,3047.21,102.59,-27.92,2.85,59951.0,0,0.00,0.00,3
49826,-0.004,-0.003,-1.850,-0.244,0.549,121.521,0.000,-0.000,0.000,-0.9982,-0.0167,-0.0185,0.0538,3049.58,102.33,-27.92,2.86,59935.7,0,0.00,0.00,3
49846,-0.002,-0.003,-1.849,-0.244,0.610,121.277,0.000,-0.000,0.000,-0.9992,-0.0171,-0.0182,0.0327,3051.92,102.05,-27.91,2.86,59922.2,0,0.00,0.00,3
49866,-0.004,-0.003,-1.850,-0.244,0.549,120.911,0.000,-0.000,0.000,-0.9996,-0.0174,-0.0180,0.0116,3054.21,101.73,-27.93,2.87,59915.2,0,0.00,0.00,3
49886,-0.004,-0.004,-1.850,-0.122,0.549,120.667,0.000,-0.000,0.000,-0.9996,-0.0178,-0.0177,-0.0095,3056.51,101.42,-27.93,2.88,59894.1,0,0.00,0.00,3
49906,-0.004,-0.000,-1.855,-0.183,0.610,120.422,0.000,-0.000,0.000,-0.9992,-0.0181,-0.0174,-0.0305,3058.83,101.14,-27.98,2.88,59871.7,0,0.00,0.00,3
49926,-0.002,-0.002,-1.853,-0.061,0.671,120.239,0.000,-0.000,0.000,-0.9984,-0.0185,-0.0172,-0.0514,3061.11,100.82,-27.95,2.89,59862.9,0,0.00,0.00,3
49946,-0.001,-0.005,-1.857,-0.061,0.671,119.995,0.000,-0.000,0.000,-0.9971,-0.0188,-0.0169,-0.0723,3063.31,100.44,-28.00,2.90,59859.8,0,0.00,0.00,3
49966,-0.003,-0.001,-1.854,-0.061,0.671,119.812,0.000,-0.000,0.000,-0.9953,-0.0191,-0.0166,-0.0932,3065.59,100.14,-27.96,2.90,59825.9,0,0.00,0.00,3
49986,0.000,-0.004,-1.857,0.000,0.610,119.568,0.000,-0.000,0.000,-0.9932,-0.0195,-0.0163,-0.1139,3067.86,99.84,-28.00,2.91,59810.6,0,0.00,0.00,3
50006,-0.002,-0.001,-1.856,-0.061,0.488,119.324,0.000,-0.000,0.000,-0.9906,-0.0198,-0.0160,-0.1346,3070.17,99.57,-27.98,2.91,59785.4,0,0.00,0.00,3
50026,-0.002,-0.000,-1.854,-0.061,0.610,119.019,0.000,-0.000,0.000,-0.9876,-0.0201,-0.0157,-0.1551,3072.34,99.19,-27.96,2.92,59793.8,0,0.00,0.00,3
50046,-0.002,-0.002,-1.856,0.000,0.732,118.774,0.000,-0.000,0.000,-0.9841,-0.0204,-0.0154,-0.1756,3074.62,98.90,-27.98,2.93,59756.0,0,0.00,0.00,3
50066,-0.001,-0.003,-1.857,0.061,0.732,118.652,0.000,-0.000,0.000,-0.9803,-0.0207,-0.0151,-0.1959,3076.75,98.49,-27.99,2.93,59767.4,0,0.00,0.00,3
50086,-0.002,-0.001,-1.856,0.061,0.732,118.286,0.000,-0.000,0.000,-0.9760,-0.0210,-0.0148,-0.2161,3078.92,98.12,-27.99,2.94,59742.2,0,0.00,0.00,3
50106,-0.004,-0.003,-1.856,0.122,0.610,118.103,0.000,-0.000,0.000,-0.9714,-0.0213,-0.0144,-0.2362,3081.10,97.77,-27.99,2.95,59723.8,0,0.00,0.00,3
50126,-0.005,-0.002,-1.859,0.122,0.610,117.981,0.000,-0.000,0.000,-0.9663,-0.0216,-0.0141,-0.2561,3083.25,97.39,-28.02,2.95,59712.0,0,0.00,0.00,3
50146,-0.003,-0.001,-1.862,0.183,0.549,117.676,0.000,-0.000,0.000,-0.9608,-0.0219,-0.0138,-0.2759,3085.39,97.02,-28.04,2.96,59695.2,0,0.00,0.00,3
50166,-0.004,0.000,-1.859,0.244,0.610,117.310,0.000,-0.000,0.000,-0.9550,-0.0221,-0.0134,-0.2955,3087.58,96.69,-28.02,2.97,59670.2,0,0.00,0.00,3
50186,-0.001,-0.001,-1.863,0.305,0.610,117.249,0.000,-0.000,0.000,-0.9487,-0.0224,-0.0131,-0.3150,3089.72,96.33,-28.05,2.98,59661.6,0,0.00,0.00,3
50206,-0.004,-0.001,-1.861,0.305,0.610,116.943,0.000,-0.000,0.000,-0.9421,-0.0227,-0.0128,-0.3343,3091.84,95.95,-28.03,2.99,59649.1,0,0.00,0.00,3
50226,-0.003,-0.001,-1.861,0.244,0.732,116.760,0.000,-0.000,0.000,-0.9351,-0.0230,-0.0124,-0.3534,3093.99,95.62,-28.04,2.99,59625.0,0,0.00,0.00,3
50246,-0.005,-0.001,-1.864,0.427,0.610,116.516,0.000,-0.000,0.000,-0.9277,-0.0232,-0.0121,-0.3724,3096.08,95.23,-28.06,3.00,59621.0,0,0.00,0.00,3
50266,-0.000,-0.002,-1.866,0.366,0.488,116.150,0.000,-0.000,0.000,-0.9200,-0.0235,-0.0117,-0.3911,3098.12,94.79,-28.08,3.01,59614.9,0,0.00,0.00,3
50286,-0.000,0.001,-1.863,0.366,0.549,115.967,0.000,-0.000,0.000,-0.9119,-0.0238,-0.0113,-0.4097,3100.19,94.40,-28.05,3.02,59590.4,0,0.00,0.00,3
50306,-0.004,-0.000,-1.865,0.427,0.549,115.723,0.000,-0.000,0.000,-0.9034,-0.0240,-0.0110,-0.4280,3102.30,94.05,-28.07,3.03,59567.5,0,0.00,0.00,3
50326,-0.004,-0.001,-1.866,0.427,0.549,115.417,0.000,-0.000,0.000,-0.8946,-0.0243,-0.0106,-0.4461,3104.35,93.65,-28.08,3.04,59562.2,0,0.00,0.00,3
50346,-0.004,-0.003,-1.866,0.427,0.549,115.234,0.000,-0.000,0.000,-0.8854,-0.0245,-0.0102,-0.4640,3106.37,93.23,-28.08,3.04,59551.2,0,0.00,0.00,3
50366,-0.001,-0.002,-1.865,0.549,0.427,115.051,0.000,-0.000,0.000,-0.8759,-0.0247,-0.0099,-0.4817,3108.38,92.81,-28.07,3.05,59537.0,0,0.00,0.00,3
50389,-0.002,0.002,-1.865,0.610,0.488,114.807,0.000,-0.000,0.000,-0.8661,-0.0250,-0.0095,-0.4991,3110.45,92.46,-28.07,3.06,59507.7,0,0.00,0.00,3
50406,-0.004,-0.000,-1.867,0.488,0.366,114.502,0.000,-0.000,0.000,-0.8560,-0.0252,-0.0091,-0.5164,3112.53,92.12,-28.09,3.07,59490.2,0,0.00,0.00,3
50426,-0.006,-0.000,-1.871,0.488,0.427,114.319,0.000,-0.000,0.000,-0.8455,-0.0254,-0.0087,-0.5333,3114.55,91.72,-28.13,3.08,59486.6,0,0.00,0.00,3
50446,-0.004,-0.001,-1.867,0.610,0.488,114.136,0.000,-0.000,0.000,-0.8347,-0.0256,-0.0083,-0.5501,3116.53,91.30,-28.09,3.09,59476.6,0,0.00,0.00,3
50466,-0.004,0.000,-1.870,0.671,0.305,113.892,0.000,-0.000,0.000,-0.8236,-0.0259,-0.0079,-0.5665,3118.63,90.99,-28.12,3.10,59438.7,0,0.00,0.00,3
50486,-0.002,-0.001,-1.869,0.671,0.366,113.586,0.000,-0.000,0.000,-0.8122,-0.0261,-0.0075,-0.5828,3120.67,90.64,-28.11,3.11,59432.2,0,0.00,0.00,3
50506,-0.003,0.000,-1.870,0.732,0.244,113.342,0.000,-0.000,0.000,-0.8005,-0.0263,-0.0071,-0.5987,3122.71,90.30,-28.12,3.12,59415.5,0,0.00,0.00,3
50526,-0.002,-0.000,-1.869,0.610,0.305,113.220,0.000,-0.000,0.000,-0.7885,-0.0265,-0.0067,-0.6144,3124.75,89.96,-28.11,3.13,59401.4,0,0.00,0.00,3
50546,-0.003,0.000,-1.869,0.732,0.244,112.854,0.000,-0.000,0.000,-0.7763,-0.0267,-0.0063,-0.6298,3126.74,89.58,-28.11,3.14,59393.9,0,0.00,0.00,3
50566,-0.004,-0.002,-1.872,0.793,0.122,112.671,0.000,-0.000,0.000,-0.7637,-0.0269,-0.0058,-0.6450,3128.71,89.19,-28.13,3.16,59382.2,0,0.00,0.00,3
50586,-0.006,-0.001,-1.872,0.732,0.183,112.427,0.000,-0.000,0.000,-0.7509,-0.0271,-0.0054,-0.6598,3130.68,88.81,-28.13,3.17,59365.1,0,0.00,0.00,3
50606,-0.005,0.000,-1.870,0.732,0.122,112.244,0.000,-0.000,0.000,-0.7378,-0.0273,-0.0050,-0.6744,3132.60,88.38,-28.12,3.18,59361.0,0,0.00,0.00,3
50626,-0.001,0.000,-1.875,0.732,0.244,112.000,0.000,-0.000,0.000,-0.7245,-0.0274,-0.0046,-0.6887,3134.54,87.99,-28.16,3.19,59339.8,0,0.00,0.00,3
50646,-0.005,0.001,-1.876,0.793,0.244,111.694,0.000,-0.000,0.000,-0.7109,-0.0276,-0.0042,-0.7027,3136.48,87.59,-28.18,3.20,59326.2,0,0.00,0.00,3
50666,-0.005,0.000,-1.871,0.732,0.122,111.450,0.000,-0.000,0.000,-0.6971,-0.0277,-0.0037,-0.7164,3138.40,87.20,-28.13,3.21,59311.5,0,0.00,0.00,3
50686,-0.004,0.000,-1.871,0.671,0.122,111.328,0.000,-0.000,0.000,-0.6831,-0.0279,-0.0033,-0.7298,3140.34,86.82,-28.13,3.22,59293.6,0,0.00,0.00,3
50706,-0.003,0.000,-1.877,0.854,0.061,111.084,0.000,-0.000,0.000,-0.6688,-0.0280,-0.0029,-0.7429,3142.26,86.43,-28.19,3.23,59283.8,0,0.00,0.00,3
50726,-0.003,0.001,-1.877,0.671,0.000,110.840,0.000,-0.000,0.000,-0.6543,-0.0282,-0.0024,-0.7557,3144.24,86.10,-28.19,3.24,59254.4,0,0.00,0.00,3
50746,-0.003,-0.001,-1.875,0.916,0.061,110.596,0.000,-0.000,0.000,-0.6396,-0.0283,-0.0020,-0.7682,3146.14,85.71,-28.17,3.25,59254.2,0,0.00,0.00,3
50766,-0.004,0.000,-1.875,0.793,-0.061,110.352,0.000,-0.000,0.000,-0.6247,-0.0284,-0.0016,-0.7804,3148.04,85.32,-28.17,3.26,59240.8,0,0.00,0.00,3
50786,-0.005,-0.001,-1.876,0.793,-0.061,110.046,0.000,-0.000,0.000,-0.6096,-0.0285,-0.0011,-0.7922,3149.87,84.88,-28.18,3.27,59237.3,0,0.00,0.00,3
50806,-0.004,0.000,-1.880,0.793,-0.061,109.985,0.000,-0.000,0.000,-0.5942,-0.0287,-0.0007,-0.8038,3151.75,84.49,-28.21,3.28,59213.6,0,0.00,0.00,3
50826,-0.005,0.001,-1.875,0.793,-0.244,109.680,0.000,-0.000,0.000,-0.5787,-0.0288,-0.0002,-0.8150,3153.69,84.17,-28.17,3.30,59185.1,0,0.00,0.00,3
50846,-0.003,0.002,-1.882,0.793,-0.122,109.375,0.000,-0.000,0.000,-0.5631,-0.0289,0.0002,-0.8259,3155.51,83.74,-28.23,3.31,59194.2,0,0.00,0.00,3
50866,-0.001,0.000,-1.876,0.793,-0.122,109.253,0.000,-0.000,0.000,-0.5472,-0.0290,0.0007,-0.8365,3157.40,83.38,-28.17,3.32,59165.9,0,0.00,0.00,3
50886,-0.000,0.002,-1.877,0.732,-0.183,109.009,0.000,-0.000,0.000,-0.5312,-0.0290,0.0012,-0.8467,3159.29,83.03,-28.18,3.33,59150.6,0,0.00,0.00,3
50906,-0.005,0.001,-1.883,0.793,-0.183,108.704,0.000,-0.000,0.000,-0.5150,-0.0291,0.0016,-0.8567,3161.14,82.65,-28.24,3.34,59143.2,0,0.00,0.00,3
50926,-0.006,-0.001,-1.884,0.793,-0.244,108.398,0.000,-0.000,0.000,-0.4987,-0.0292,0.0021,-0.8663,3163.07,82.35,-28.26,3.35,59112.6,0,0.00,0.00,3
50946,-0.003,0.001,-1.881,0.732,-0.244,108.276,0.000,-0.000,0.000,-0.4823,-0.0292,0.0025,-0.8755,3164.92,81.98,-28.22,3.36,59113.3,0,0.00,0.00,3
50966,-0.001,0.001,-1.880,0.793,-0.366,107.971,0.000,-0.000,0.000,-0.4657,-0.0293,0.0030,-0.8845,3166.80,81.63,-28.21,3.38,59094.1,0,0.00,0.00,3
50986,-0.001,0.000,-1.884,0.793,-0.305,107.727,0.000,-0.000,0.000,-0.4490,-0.0294,0.0034,-0.8931,3168.61,81.24,-28.25,3.39,59090.4,0,0.00,0.00,3
51008,-0.002,0.001,-1.886,0.793,-0.244,107.605,0.000,-0.000,0.000,-0.4321,-0.0294,0.0039,-0.9013,3170.47,80.90,-28.27,3.40,59067.2,0,0.00,0.00,3
51026,-0.004,0.001,-1.885,0.793,-0.366,107.300,0.000,-0.000,0.000,-0.4152,-0.0294,0.0043,-0.9093,3172.32,80.55,-28.26,3.41,59054.2,0,0.00,0.00,3
51046,-0.002,0.001,-1.884,0.732,-0.427,106.934,0.000,-0.000,0.000,-0.3981,-0.0295,0.0048,-0.9168,3174.16,80.21,-28.25,3.42,59041.4,0,0.00,0.00,3
51066,-0.001,-0.001,-1.883,0.732,-0.488,106.812,0.000,-0.000,0.000,-0.3810,-0.0295,0.0053,-0.9241,3175.99,79.86,-28.24,3.43,59026.9,0,0.00,0.00,3
51086,-0.004,0.001,-1.889,0.732,-0.549,106.689,0.000,-0.000,0.000,-0.3637,-0.0295,0.0057,-0.9310,3177.86,79.55,-28.30,3.45,59007.4,0,0.00,0.00,3
51106,-0.002,-0.000,-1.888,0.671,-0.671,106.262,0.000,-0.000,0.000,-0.3463,-0.0296,0.0062,-0.9376,3179.72,79.24,-28.29,3.46,58992.5,0,0.00,0.00,3
51126,-0.000,0.003,-1.881,0.732,-0.427,106.079,0.000,-0.000,0.000,-0.3289,-0.0296,0.0067,-0.9439,3181.54,78.90,-28.22,3.47,58986.9,0,0.00,0.00,3
51146,-0.001,0.000,-1.887,0.549,-0.549,105.957,0.000,-0.000,0.000,-0.3114,-0.0296,0.0071,-0.9498,3183.36,78.57,-28.28,3.49,58971.4,0,0.00,0.00,3
51166,-0.001,-0.001,-1.888,0.671,-0.671,105.652,0.000,-0.000,0.000,-0.2938,-0.0296,0.0076,-0.9554,3185.20,78.25,-28.28,3.50,58954.4,0,0.00,0.00,3
51186,-0.003,0.000,-1.894,0.610,-0.488,105.530,0.000,-0.000,0.000,-0.2762,-0.0295,0.0081,-0.9606,3187.03,77.94,-28.35,3.51,58940.3,0,0.00,0.00,3
51206,-0.002,-0.001,-1.891,0.610,-0.549,105.286,0.000,-0.000,0.000,-0.2585,-0.0295,0.0086,-0.9655,3188.82,77.60,-28.32,3.52,58933.3,0,0.00,0.00,3
51226,-0.003,0.000,-1.889,0.732,-0.671,104.980,0.000,-0.000,0.000,-0.2408,-0.0295,0.0090,-0.9701,3190.63,77.27,-28.30,3.53,58917.3,0,0.00,0.00,3
51246,-0.002,0.001,-1.892,0.549,-0.610,104.736,0.000,-0.000,0.000,-0.2230,-0.0294,0.0095,-0.9743,3192.43,76.95,-28.33,3.55,58903.0,0,0.00,0.00,3
51266,-0.001,0.001,-1.893,0.549,-0.793,104.553,0.000,-0.000,0.000,-0.2052,-0.0294,0.0099,-0.9782,3194.15,76.56,-28.33,3.56,58905.4,0,0.00,0.00,3
51286,0.000,0.000,-1.892,0.488,-0.854,104.248,0.000,-0.000,0.000,-0.1873,-0.0294,0.0104,-0.9818,3195.98,76.28,-28.32,3.58,58868.3,0,0.00,0.00,3
51306,0.000,0.000,-1.891,0.488,-0.854,104.065,0.000,-0.000,0.000,-0.1695,-0.0294,0.0109,-0.9850,3197.77,75.96,-28.31,3.59,58864.0,0,0.00,0.00,3
51326,-0.001,0.002,-1.892,0.488,-0.793,103.882,0.000,-0.000,0.000,-0.1516,-0.0293,0.0114,-0.9879,3199.53,75.63,-28.32,3.60,58853.6,0,0.00,0.00,3
51346,-0.001,0.001,-1.894,0.427,-0.854,103.638,0.000,-0.000,0.000,-0.1337,-0.0293,0.0118,-0.9905,3201.30,75.30,-28.34,3.62,58840.2,0,0.00,0.00,3
51366,-0.000,0.002,-1.893,0.366,-0.854,103.333,0.000,-0.000,0.000,-0.1158,-0.0292,0.0123,-0.9928,3203.05,74.97,-28.33,3.63,58827.2,0,0.00,0.00,3
51386,-0.000,0.000,-1.895,0.366,-0.793,103.210,0.000,-0.000,0.000,-0.0979,-0.0291,0.0128,-0.9947,3204.82,74.65,-28.35,3.65,58812.2,0,0.00,0.00,3
51406,-0.002,0.001,-1.895,0.305,-0.793,102.905,0.000,-0.000,0.000,-0.0800,-0.0290,0.0133,-0.9963,3206.58,74.34,-28.35,3.66,58798.1,0,0.00,0.00,3
51426,-0.001,0.000,-1.897,0.366,-0.916,102.661,0.000,-0.000,0.000,-0.0621,-0.0290,0.0138,-0.9976,3208.30,74.00,-28.38,3.67,58791.8,0,0.00,0.00,3
51446,0.000,0.001,-1.896,0.305,-0.977,102.417,0.000,-0.000,0.000,-0.0443,-0.0289,0.0142,-0.9985,3210.04,73.68,-28.36,3.69,58775.5,0,0.00,0.00,3
51466,-0.001,0.001,-1.897,0.305,-0.977,102.173,0.000,-0.000,0.000,-0.0265,-0.0288,0.0147,-0.9991,3211.80,73.38,-28.38,3.70,58757.3,0,0.00,0.00,3
51486,-0.002,0.002,-1.897,0.244,-0.916,102.112,0.000,-0.000,0.000,-0.0086,-0.0287,0.0152,-0.9994,3213.56,73.09,-28.37,3.72,58743.5,0,0.00,0.00,3
51506,0.000,-0.001,-1.900,0.183,-0.916,101.746,0.000,-0.000,0.000,0.0091,-0.0286,0.0156,-0.9994,3215.35,72.84,-28.40,3.73,58722.1,0,0.00,0.00,3
51526,-0.000,0.001,-1.901,0.183,-0.977,101.562,0.000,-0.000,0.000,0.0268,-0.0285,0.0161,-0.9991,3217.09,72.54,-28.41,3.75,58719.8,0,0.00,0.00,3
51546,0.000,-0.001,-1.898,0.183,-0.854,101.379,0.000,-0.000,0.000,0.0445,-0.0283,0.0166,-0.9985,3218.83,72.24,-28.38,3.76,58705.1,0,0.00,0.00,3
51566,-0.000,0.000,-1.897,0.122,-0.977,101.074,0.000,-0.000,0.000,0.0621,-0.0282,0.0170,-0.9975,3220.63,72.01,-28.37,3.78,58681.4,0,0.00,0.00,3
51586,-0.000,-0.000,-1.899,0.183,-0.916,100.952,0.000,-0.000,0.000,0.0797,-0.0280,0.0175,-0.9963,3222.36,71.71,-28.39,3.79,58679.8,0,0.00,0.00,3
51606,-0.001,-0.001,-1.897,0.061,-0.977,100.708,0.000,-0.000,0.000,0.0972,-0.0279,0.0180,-0.9947,3224.07,71.41,-28.37,3.80,58670.9,0,0.00,0.00,3
51628,0.000,0.001,-1.902,0.000,-1.038,100.403,0.000,-0.000,0.000,0.1146,-0.0278,0.0184,-0.9929,3225.77,71.10,-28.42,3.82,58657.8,0,0.00,0.00,3
51646,-0.002,-0.000,-1.899,0.000,-0.977,100.098,0.000,-0.000,0.000,0.1319,-0.0276,0.0189,-0.9907,3227.47,70.79,-28.39,3.83,58646.4,0,0.00,0.00,3
51666,-0.000,-0.001,-1.904,-0.061,-1.038,99.976,0.000,-0.000,0.000,0.1492,-0.0275,0.0194,-0.9882,3229.19,70.51,-28.44,3.85,58628.0,0,0.00,0.00,3
51686,0.001,0.000,-1.900,-0.061,-1.038,99.731,0.000,-0.000,0.000,0.1664,-0.0273,0.0198,-0.9855,3230.86,70.20,-28.40,3.87,58623.4,0,0.00,0.00,3
51706,-0.000,-0.001,-1.901,-0.122,-1.038,99.426,0.000,-0.000,0.000,0.1835,-0.0271,0.0203,-0.9824,3232.57,69.92,-28.41,3.88,58602.2,0,0.00,0.00,3
51726,0.000,-0.003,-1.901,-0.122,-1.038,99.304,0.000,-0.000,0.000,0.2005,-0.0270,0.0207,-0.9791,3234.30,69.66,-28.41,3.90,58586.4,0,0.00,0.00,3
51746,-0.003,-0.001,-1.900,-0.122,-1.038,98.999,0.000,-0.000,0.000,0.2173,-0.0268,0.0212,-0.9755,3236.04,69.42,-28.40,3.91,58571.0,0,0.00,0.00,3
51766,-0.003,-0.000,-1.905,-0.122,-0.916,98.816,0.000,-0.000,0.000,0.2341,-0.0266,0.0216,-0.9716,3237.73,69.14,-28.45,3.93,58566.6,0,0.00,0.00,3
51786,-0.001,0.001,-1.904,-0.183,-0.977,98.633,0.000,-0.000,0.000,0.2508,-0.0264,0.0221,-0.9674,3239.42,68.86,-28.43,3.94,58553.3,0,0.00,0.00,3
51806,-0.003,-0.000,-1.902,-0.244,-0.916,98.389,0.000,-0.000,0.000,0.2674,-0.0261,0.0225,-0.9630,3241.13,68.61,-28.42,3.96,58536.6,0,0.00,0.00,3
51826,-0.001,0.000,-1.907,-0.366,-1.099,98.206,0.000,-0.000,0.000,0.2839,-0.0260,0.0230,-0.9582,3242.80,68.32,-28.46,3.97,58529.9,0,0.00,0.00,3
51846,-0.000,-0.001,-1.907,-0.305,-1.038,97.900,0.000,-0.000,0.000,0.3002,-0.0257,0.0234,-0.9532,3244.52,68.09,-28.46,3.99,58508.2,0,0.00,0.00,3
51866,-0.002,0.000,-1.906,-0.366,-0.916,97.595,0.000,-0.000,0.000,0.3164,-0.0255,0.0239,-0.9480,3246.23,67.85,-28.46,4.00,58496.3,0,0.00,0.00,3
51886,-0.000,-0.002,-1.906,-0.305,-1.038,97.534,0.000,-0.000,0.000,0.3325,-0.0253,0.0243,-0.9425,3247.95,67.62,-28.45,4.02,58480.5,0,0.00,0.00,3
51906,0.001,0.000,-1.911,-0.366,-0.916,97.290,0.000,-0.000,0.000,0.3485,-0.0251,0.0247,-0.9367,3249.59,67.33,-28.50,4.03,58484.0,0,0.00,0.00,3
51926,-0.002,-0.001,-1.907,-0.427,-0.977,96.924,0.000,-0.000,0.000,0.3643,-0.0248,0.0252,-0.9306,3251.27,67.07,-28.46,4.05,58462.6,0,0.00,0.00,3
51946,-0.001,-0.001,-1.910,-0.488,-0.916,96.741,0.000,-0.000,0.000,0.3799,-0.0246,0.0256,-0.9243,3252.93,66.80,-28.49,4.07,58454.7,0,0.00,0.00,3
51966,0.000,-0.001,-1.904,-0.488,-0.916,96.497,0.000,-0.000,0.000,0.3954,-0.0243,0.0260,-0.9178,3254.56,66.52,-28.43,4.08,58445.9,0,0.00,0.00,3
51986,-0.001,-0.000,-1.907,-0.488,-0.854,96.252,0.000,-0.000,0.000,0.4108,-0.0240,0.0264,-0.9110,3256.20,66.24,-28.46,4.10,58431.7,0,0.00,0.00,3
52006,-0.001,-0.001,-1.907,-0.610,-0.916,96.069,0.000,-0.000,0.000,0.4260,-0.0238,0.0269,-0.9040,3257.95,66.07,-28.46,4.11,58397.8,0,0.00,0.00,3
52026,0.001,-0.001,-1.907,-0.671,-0.854,95.886,0.000,-0.000,0.000,0.4411,-0.0235,0.0273,-0.8967,3259.67,65.88,-28.46,4.13,58389.9,0,0.00,0.00,3
52046,0.000,-0.001,-1.904,-0.610,-0.916,95.581,0.000,-0.000,0.000,0.4560,-0.0232,0.0277,-0.8893,3261.30,65.60,-28.43,4.15,58396.0,0,0.00,0.00,3
52066,-0.002,-0.001,-1.910,-0.732,-0.732,95.459,0.000,-0.000,0.000,0.4707,-0.0230,0.0282,-0.8815,3262.90,65.30,-28.49,4.16,58387.2,0,0.00,0.00,3
52086,0.000,-0.001,-1.910,-0.732,-0.854,95.215,0.000,-0.000,0.000,0.4853,-0.0227,0.0286,-0.8736,3264.55,65.07,-28.48,4.18,58364.2,0,0.00,0.00,3
52106,0.001,-0.002,-1.908,-0.732,-0.549,94.971,0.000,-0.000,0.000,0.4997,-0.0223,0.0290,-0.8654,3266.19,64.81,-28.46,4.20,58355.8,0,0.00,0.00,3
52126,-0.001,-0.001,-1.913,-0.732,-0.793,94.727,0.000,-0.000,0.000,0.5140,-0.0220,0.0294,-0.8570,3267.78,64.53,-28.52,4.21,58349.9,0,0.00,0.00,3
52146,-0.002,0.000,-1.914,-0.732,-0.793,94.482,0.000,-0.000,0.000,0.5280,-0.0217,0.0298,-0.8484,3269.42,64.28,-28.53,4.23,58329.6,0,0.00,0.00,3
52166,-0.001,-0.000,-1.907,-0.732,-0.732,94.238,0.000,-0.000,0.000,0.5419,-0.0214,0.0302,-0.8396,3271.06,64.05,-28.46,4.25,58317.0,0,0.00,0.00,3
52186,-0.001,-0.000,-1.914,-0.793,-0.610,94.116,0.000,-0.000,0.000,0.5556,-0.0211,0.0306,-0.8306,3272.71,63.82,-28.52,4.26,58302.2,0,0.00,0.00,3
52206,-0.001,-0.001,-1.913,-0.854,-0.549,93.750,0.000,-0.000,0.000,0.5692,-0.0207,0.0310,-0.8214,3274.40,63.65,-28.51,4.28,58280.0,0,0.00,0.00,3
52226,-0.001,-0.001,-1.915,-0.916,-0.732,93.689,0.000,-0.000,0.000,0.5825,-0.0204,0.0314,-0.8120,3276.00,63.38,-28.53,4.30,58287.4,0,0.00,0.00,3
52248,0.000,-0.001,-1.910,-0.854,-0.610,93.384,0.000,-0.000,0.000,0.5957,-0.0201,0.0318,-0.8024,3277.59,63.12,-28.48,4.31,58274.9,0,0.00,0.00,3
52266,-0.000,-0.002,-1.914,-0.854,-0.610,93.140,0.000,-0.000,0.000,0.6086,-0.0197,0.0322,-0.7926,3279.19,62.86,-28.52,4.33,58261.8,0,0.00,0.00,3
52286,0.000,-0.001,-1.912,-0.977,-0.610,92.896,0.000,-0.000,0.000,0.6214,-0.0194,0.0326,-0.7826,3280.83,62.66,-28.50,4.35,58240.3,0,0.00,0.00,3
52306,-0.000,-0.003,-1.917,-1.038,-0.549,92.712,0.000,-0.000,0.000,0.6340,-0.0191,0.0330,-0.7724,3282.40,62.39,-28.55,4.37,58241.3,0,0.00,0.00,3
52326,0.001,-0.003,-1.919,-1.038,-0.488,92.468,0.000,-0.000,0.000,0.6464,-0.0187,0.0334,-0.7621,3283.97,62.12,-28.57,4.38,58230.6,0,0.00,0.00,3
52346,-0.000,-0.000,-1.915,-0.916,-0.488,92.285,0.000,-0.000,0.000,0.6586,-0.0183,0.0337,-0.7516,3285.55,61.87,-28.53,4.40,58214.2,0,0.00,0.00,3
52366,-0.002,-0.002,-1.918,-0.977,-0.305,92.102,0.000,-0.000,0.000,0.6705,-0.0179,0.0341,-0.7409,3287.12,61.62,-28.56,4.42,58205.1,0,0.00,0.00,3
52386,0.000,-0.001,-1.914,-1.038,-0.366,91.797,0.000,-0.000,0.000,0.6823,-0.0176,0.0345,-0.7300,3288.68,61.35,-28.52,4.44,58195.4,0,0.00,0.00,3
52406,-0.001,-0.002,-1.916,-0.977,-0.244,91.553,0.000,-0.000,0.000,0.6939,-0.0172,0.0349,-0.7190,3290.33,61.18,-28.53,4.45,58165.6,0,0.00,0.00,3
52426,-0.001,0.000,-1.921,-1.160,-0.366,91.370,0.000,-0.000,0.000,0.7053,-0.0168,0.0352,-0.7079,3291.91,60.95,-28.59,4.47,58165.1,0,0.00,0.00,3
52446,-0.003,-0.002,-1.918,-0.977,-0.366,91.248,0.000,-0.000,0.000,0.7165,-0.0164,0.0356,-0.6965,3293.52,60.74,-28.56,4.49,58148.2,0,0.00,0.00,3
52466,0.000,-0.001,-1.919,-1.038,-0.305,90.881,0.000,-0.000,0.000,0.7274,-0.0160,0.0359,-0.6851,3295.15,60.57,-28.57,4.51,58131.2,0,0.00,0.00,3
52486,-0.001,-0.001,-1.917,-1.099,-0.183,90.759,0.000,-0.000,0.000,0.7382,-0.0156,0.0363,-0.6735,3296.70,60.32,-28.54,4.52,58135.0,0,0.00,0.00,3
52506,0.000,-0.002,-1.921,-1.038,-0.244,90.515,0.000,-0.000,0.000,0.7487,-0.0152,0.0366,-0.6617,3298.34,60.15,-28.58,4.54,58105.3,0,0.00,0.00,3
52526,0.000,0.001,-1.918,-1.099,-0.183,90.210,0.000,-0.000,0.000,0.7590,-0.0148,0.0369,-0.6498,3299.90,59.91,-28.56,4.56,58109.9,0,0.00,0.00,3
52546,-0.002,-0.002,-1.921,-1.160,-0.305,90.027,0.000,-0.000,0.000,0.7692,-0.0144,0.0373,-0.6378,3301.49,59.71,-28.59,4.58,58090.7,0,0.00,0.00,3
52566,-0.004,-0.000,-1.924,-1.099,-0.183,89.844,0.000,-0.000,0.000,0.7791,-0.0139,0.0376,-0.6257,3303.07,59.51,-28.61,4.59,58079.7,0,0.00,0.00,3
52586,-0.001,-0.002,-1.917,-1.099,-0.122,89.600,0.000,-0.000,0.000,0.7888,-0.0135,0.0379,-0.6134,3304.62,59.28,-28.55,4.61,58073.3,0,0.00,0.00,3
52606,0.000,-0.002,-1.917,-1.160,0.000,89.355,0.000,-0.000,0.000,0.7982,-0.0131,0.0382,-0.6010,3306.12,59.01,-28.55,4.63,58072.0,0,0.00,0.00,3
52626,-0.001,-0.002,-1.920,-1.160,-0.122,89.233,0.000,-0.000,0.000,0.8075,-0.0127,0.0385,-0.5885,3307.70,58.81,-28.57,4.65,58045.1,0,0.00,0.00,3
52646,-0.001,0.000,-1.922,-1.160,0.061,88.867,0.000,-0.000,0.000,0.8165,-0.0122,0.0388,-0.5759,3309.26,58.60,-28.60,4.67,58036.0,0,0.00,0.00,3
52666,-0.000,-0.001,-1.922,-1.160,0.061,88.684,0.000,-0.000,0.000,0.8253,-0.0118,0.0392,-0.5632,3310.92,58.49,-28.59,4.69,58006.1,0,0.00,0.00,3
52686,-0.003,-0.001,-1.925,-1.221,0.061,88.501,0.000,-0.000,0.000,0.8339,-0.0113,0.0395,-0.5504,3312.46,58.27,-28.62,4.71,58015.4,0,0.00,0.00,3
52706,0.000,-0.001,-1.923,-1.160,0.122,88.257,0.000,-0.000,0.000,0.8423,-0.0109,0.0398,-0.5374,3313.96,58.01,-28.60,4.73,58012.8,0,0.00,0.00,3
52726,-0.001,-0.003,-1.926,-1.221,0.122,88.013,0.000,-0.000,0.000,0.8504,-0.0104,0.0401,-0.5244,3315.47,57.76,-28.62,4.74,57998.7,0,0.00,0.00,3
52746,-0.002,-0.002,-1.922,-1.160,0.244,87.769,0.000,-0.000,0.000,0.8584,-0.0100,0.0404,-0.5113,3317.04,57.59,-28.59,4.76,57974.6,0,0.00,0.00,3
52766,0.001,-0.003,-1.924,-1.099,0.244,87.646,0.000,-0.000,0.000,0.8661,-0.0095,0.0406,-0.4981,3318.55,57.36,-28.61,4.78,57973.3,0,0.00,0.00,3
52786,0.000,0.000,-1.926,-1.099,0.244,87.341,0.000,-0.000,0.000,0.8736,-0.0090,0.0409,-0.4849,3320.02,57.09,-28.63,4.80,57971.2,0,0.00,0.00,3
52806,0.000,-0.000,-1.921,-1.221,0.244,87.097,0.000,-0.000,0.000,0.8808,-0.0086,0.0412,-0.4715,3321.57,56.90,-28.58,4.82,57944.6,0,0.00,0.00,3
52826,-0.001,-0.002,-1.929,-1.099,0.366,86.975,0.000,-0.000,0.000,0.8879,-0.0081,0.0415,-0.4581,3323.12,56.71,-28.65,4.84,57932.0,0,0.00,0.00,3
52846,-0.000,-0.002,-1.929,-1.099,0.488,86.609,0.000,-0.000,0.000,0.8947,-0.0076,0.0417,-0.4446,3324.67,56.54,-28.66,4.86,57918.4,0,0.00,0.00,3
52868,-0.002,-0.002,-1.925,-1.038,0.366,86.487,0.000,-0.000,0.000,0.9013,-0.0071,0.0420,-0.4311,3326.22,56.35,-28.62,4.88,57910.1,0,0.00,0.00,3
52886,0.001,-0.000,-1.927,-1.038,0.427,86.243,0.000,-0.000,0.000,0.9077,-0.0066,0.0422,-0.4174,3327.68,56.10,-28.64,4.90,57912.5,0,0.00,0.00,3
52906,-0.001,-0.000,-1.926,-1.160,0.488,85.999,0.000,-0.000,0.000,0.9139,-0.0061,0.0425,-0.4038,3329.21,55.91,-28.62,4.92,57890.7,0,0.00,0.00,3
52926,-0.000,-0.002,-1.925,-1.099,0.549,85.815,0.000,-0.000,0.000,0.9198,-0.0056,0.0427,-0.3900,3330.75,55.74,-28.61,4.94,57874.4,0,0.00,0.00,3
52946,-0.000,-0.002,-1.932,-1.038,0.427,85.510,0.000,-0.000,0.000,0.9255,-0.0051,0.0430,-0.3762,3332.24,55.52,-28.68,4.96,57873.1,0,0.00,0.00,3
52966,-0.000,-0.001,-1.931,-1.099,0.671,85.388,0.000,-0.000,0.000,0.9310,-0.0046,0.0432,-0.3624,3333.73,55.30,-28.67,4.98,57862.7,0,0.00,0.00,3
52986,0.001,-0.002,-1.927,-1.038,0.671,85.327,0.000,-0.000,0.000,0.9363,-0.0041,0.0434,-0.3485,3335.20,55.07,-28.63,5.00,57855.0,0,0.00,0.00,3
53006,-0.002,-0.002,-1.928,-1.038,0.610,84.900,0.000,-0.000,0.000,0.9414,-0.0036,0.0437,-0.3346,3336.68,54.86,-28.64,5.02,57841.3,0,0.00,0.00,3
53026,-0.002,-0.003,-1.929,-0.977,0.671,84.717,0.000,-0.000,0.000,0.9462,-0.0030,0.0439,-0.3206,3338.10,54.59,-28.64,5.04,57841.0,0,0.00,0.00,3
53046,-0.004,-0.002,-1.928,-1.038,0.793,84.534,0.000,-0.000,0.000,0.9508,-0.0025,0.0441,-0.3066,3339.61,54.42,-28.63,5.06,57811.4,0,0.00,0.00,3
53066,-0.003,-0.003,-1.932,-0.977,0.732,84.290,0.000,-0.000,0.000,0.9552,-0.0020,0.0443,-0.2926,3341.09,54.21,-28.67,5.08,57807.2,0,0.00,0.00,3
53086,0.000,-0.002,-1.931,-0.916,0.793,84.106,0.000,-0.000,0.000,0.9594,-0.0015,0.0445,-0.2785,3342.64,54.07,-28.67,5.11,57783.4,0,0.00,0.00,3
53106,-0.003,-0.001,-1.932,-0.977,0.793,83.862,0.000,-0.000,0.000,0.9634,-0.0009,0.0447,-0.2644,3344.12,53.88,-28.68,5.13,57783.8,0,0.00,0.00,3
53126,-0.000,-0.003,-1.933,-0.854,0.977,83.618,0.000,-0.000,0.000,0.9671,-0.0004,0.0449,-0.2503,3345.61,53.69,-28.69,5.15,57771.2,0,0.00,0.00,3
53147,0.000,-0.002,-1.933,-0.854,0.732,83.374,0.000,-0.000,0.000,0.9707,0.0002,0.0451,-0.2362,3346.98,53.41,-28.68,5.17,57781.8,0,0.00,0.00,3
53166,-0.001,-0.002,-1.935,-0.854,1.038,83.130,0.000,-0.000,0.000,0.9740,0.0007,0.0453,-0.2221,3348.46,53.22,-28.70,5.19,57750.7,0,0.00,0.00,3
53186,-0.005,-0.001,-1.936,-0.854,0.916,82.947,0.000,-0.000,0.000,0.9771,0.0013,0.0455,-0.2080,3349.90,53.00,-28.70,5.21,57748.0,0,0.00,0.00,3
53206,-0.000,-0.001,-1.931,-0.916,1.038,82.764,0.000,-0.000,0.000,0.9800,0.0018,0.0457,-0.1938,3351.38,52.82,-28.67,5.24,57728.3,0,0.00,0.00,3
53226,0.000,-0.003,-1.934,-0.793,1.038,82.520,0.000,-0.000,0.000,0.9826,0.0024,0.0458,-0.1797,3352.86,52.64,-28.69,5.26,57717.8,0,0.00,0.00,3
53246,-0.005,-0.002,-1.932,-0.732,1.038,82.275,0.000,-0.000,0.000,0.9851,0.0029,0.0460,-0.1656,3354.33,52.47,-28.67,5.28,57706.2,0,0.00,0.00,3
53266,0.000,-0.001,-1.934,-0.732,1.099,82.031,0.000,-0.000,0.000,0.9874,0.0035,0.0462,-0.1514,3355.77,52.26,-28.69,5.31,57702.9,0,0.00,0.00,3
53286,-0.001,-0.002,-1.932,-0.732,1.099,81.787,0.000,-0.000,0.000,0.9894,0.0040,0.0463,-0.1373,3357.19,52.04,-28.67,5.33,57695.2,0,0.00,0.00,3
53306,-0.002,-0.000,-1.936,-0.793,1.099,81.665,0.000,-0.000,0.000,0.9913,0.0046,0.0465,-0.1232,3358.64,51.86,-28.71,5.35,57678.4,0,0.00,0.00,3
53326,-0.003,-0.001,-1.937,-0.610,1.160,81.421,0.000,-0.000,0.000,0.9929,0.0052,0.0466,-0.1091,3360.10,51.68,-28.71,5.37,57666.7,0,0.00,0.00,3
53346,0.000,-0.002,-1.929,-0.549,1.099,81.238,0.000,-0.000,0.000,0.9944,0.0058,0.0467,-0.0950,3361.52,51.47,-28.64,5.40,57661.3,0,0.00,0.00,3
53366,0.000,0.000,-1.934,-0.549,1.160,81.116,0.000,-0.000,0.000,0.9956,0.0063,0.0468,-0.0809,3362.92,51.24,-28.69,5.42,57656.3,0,0.00,0.00,3
53386,-0.003,-0.001,-1.937,-0.549,1.282,80.750,0.000,-0.000,0.000,0.9966,0.0069,0.0470,-0.0669,3364.30,51.01,-28.71,5.44,57647.0,0,0.00,0.00,3
53406,-0.002,-0.000,-1.935,-0.549,1.282,80.505,0.000,-0.000,0.000,0.9975,0.0075,0.0471,-0.0529,3365.75,50.84,-28.69,5.47,57625.3,0,0.00,0.00,3
53426,-0.001,-0.002,-1.938,-0.488,1.221,80.383,0.000,-0.000,0.000,0.9981,0.0081,0.0472,-0.0388,3367.11,50.59,-28.72,5.49,57629.4,0,0.00,0.00,3
53446,-0.005,-0.003,-1.937,-0.488,1.221,80.200,0.000,-0.000,0.000,0.9985,0.0087,0.0473,-0.0249,3368.50,50.38,-28.71,5.51,57613.3,0,0.00,0.00,3
53466,-0.001,-0.003,-1.940,-0.427,1.221,79.834,0.000,-0.000,0.000,0.9988,0.0093,0.0474,-0.0109,3369.89,50.16,-28.74,5.54,57603.4,0,0.00,0.00,3
53488,-0.000,-0.001,-1.938,-0.366,1.160,79.590,0.000,-0.000,0.000,0.9988,0.0099,0.0475,0.0029,3371.27,49.94,-28.73,5.56,57595.5,0,0.00,0.00,3
53506,-0.004,-0.004,-1.939,-0.366,1.282,79.468,0.000,-0.000,0.000,0.9987,0.0105,0.0476,0.0168,3372.66,49.73,-28.73,5.58,57582.2,0,0.00,0.00,3
53526,-0.005,-0.002,-1.939,-0.366,1.282,79.224,0.000,-0.000,0.000,0.9983,0.0110,0.0476,0.0306,3374.05,49.54,-28.73,5.60,57570.4,0,0.00,0.00,3
53546,-0.003,-0.002,-1.940,-0.305,1.404,78.979,0.000,-0.000,0.000,0.9978,0.0116,0.0477,0.0444,3375.43,49.32,-28.74,5.63,57563.8,0,0.00,0.00,3
53566,-0.002,-0.002,-1.942,-0.122,1.404,78.735,0.000,-0.000,0.000,0.9971,0.0123,0.0478,0.0581,3376.82,49.13,-28.76,5.66,57549.3,0,0.00,0.00,3
53586,-0.002,-0.002,-1.943,-0.244,1.343,78.491,0.000,-0.000,0.000,0.9962,0.0129,0.0478,0.0717,3378.22,48.95,-28.77,5.68,57537.0,0,0.00,0.00,3
53606,-0.003,-0.003,-1.939,-0.061,1.343,78.430,0.000,-0.000,0.000,0.9951,0.0135,0.0479,0.0854,3379.64,48.79,-28.73,5.70,57523.8,0,0.00,0.00,3
53626,-0.003,-0.002,-1.942,-0.122,1.343,78.247,0.000,-0.000,0.000,0.9938,0.0141,0.0479,0.0990,3381.09,48.66,-28.76,5.73,57506.6,0,0.00,0.00,3
53646,-0.007,-0.004,-1.939,-0.061,1.465,77.881,0.000,-0.000,0.000,0.9924,0.0147,0.0480,0.1125,3382.51,48.51,-28.73,5.76,57500.6,0,0.00,0.00,3
53666,-0.004,-0.005,-1.941,-0.061,1.343,77.759,0.000,-0.000,0.000,0.9908,0.0153,0.0480,0.1259,3383.91,48.34,-28.75,5.78,57494.4,0,0.00,0.00,3
53686,-0.002,-0.000,-1.943,0.000,1.343,77.515,0.000,-0.000,0.000,0.9890,0.0159,0.0480,0.1393,3385.22,48.10,-28.76,5.80,57500.8,0,0.00,0.00,3
53706,-0.004,-0.002,-1.942,0.183,1.404,77.271,0.000,-0.000,0.000,0.9870,0.0166,0.0481,0.1526,3386.60,47.91,-28.75,5.83,57478.2,0,0.00,0.00,3
53726,-0.003,-0.001,-1.942,0.122,1.404,76.965,0.000,-0.000,0.000,0.9848,0.0172,0.0481,0.1659,3387.99,47.74,-28.75,5.86,57465.6,0,0.00,0.00,3
53746,-0.003,-0.001,-1.942,0.122,1.404,76.904,0.000,-0.000,0.000,0.9825,0.0178,0.0481,0.1791,3389.35,47.55,-28.75,5.88,57461.0,0,0.00,0.00,3
53766,-0.000,-0.002,-1.944,0.183,1.587,76.721,0.000,-0.000,0.000,0.9800,0.0185,0.0481,0.1922,3390.76,47.41,-28.77,5.91,57440.5,0,0.00,0.00,3
53786,-0.005,-0.001,-1.942,0.183,1.465,76.416,0.000,-0.000,0.000,0.9773,0.0191,0.0481,0.2053,3392.11,47.21,-28.75,5.94,57441.3,0,0.00,0.00,3
53806,-0.004,-0.002,-1.942,0.244,1.404,76.172,0.000,-0.000,0.000,0.9745,0.0197,0.0481,0.2183,3393.49,47.05,-28.74,5.96,57424.5,0,0.00,0.00,3
53826,-0.006,-0.001,-1.946,0.305,1.343,75.989,0.000,-0.000,0.000,0.9715,0.0204,0.0481,0.2312,3394.86,46.88,-28.79,5.99,57416.8,0,0.00,0.00,3
53846,-0.004,-0.002,-1.943,0.305,1.343,75.745,0.000,-0.000,0.000,0.9684,0.0210,0.0481,0.2440,3396.19,46.67,-28.76,6.01,57414.7,0,0.00,0.00,3
53866,-0.002,-0.002,-1.943,0.366,1.404,75.562,0.000,-0.000,0.000,0.9650,0.0216,0.0480,0.2568,3397.54,46.49,-28.75,6.04,57401.1,0,0.00,0.00,3
53886,-0.004,-0.002,-1.945,0.427,1.404,75.256,0.000,-0.000,0.000,0.9616,0.0223,0.0480,0.2694,3398.85,46.28,-28.77,6.07,57396.3,0,0.00,0.00,3
53906,-0.003,-0.002,-1.944,0.488,1.404,75.195,0.000,-0.000,0.000,0.9579,0.0229,0.0480,0.2820,3400.14,46.04,-28.77,6.09,57392.3,0,0.00,0.00,3
53926,-0.004,-0.002,-1.946,0.488,1.404,74.951,0.000,-0.000,0.000,0.9542,0.0235,0.0479,0.2945,3401.48,45.86,-28.78,6.12,57372.3,0,0.00,0.00,3
53946,-0.001,-0.003,-1.945,0.549,1.404,74.646,0.000,-0.000,0.000,0.9502,0.0242,0.0479,0.3069,3402.78,45.65,-28.77,6.15,57368.6,0,0.00,0.00,3
53966,-0.003,-0.001,-1.950,0.610,1.526,74.524,0.000,-0.000,0.000,0.9461,0.0248,0.0479,0.3193,3404.04,45.40,-28.81,6.18,57367.2,0,0.00,0.00,3
53986,-0.006,0.000,-1.949,0.549,1.526,74.341,0.000,-0.000,0.000,0.9419,0.0254,0.0478,0.3315,3405.42,45.27,-28.81,6.21,57333.4,0,0.00,0.00,3
54006,-0.004,-0.002,-1.951,0.610,1.465,74.036,0.000,-0.000,0.000,0.9375,0.0261,0.0477,0.3437,3406.78,45.12,-28.83,6.24,57328.3,0,0.00,0.00,3
54026,-0.003,-0.001,-1.947,0.732,1.465,73.730,0.000,-0.000,0.000,0.9330,0.0267,0.0477,0.3557,3408.04,44.88,-28.78,6.27,57336.8,0,0.00,0.00,3
54046,-0.003,-0.001,-1.948,0.732,1.343,73.608,0.000,-0.000,0.000,0.9283,0.0274,0.0476,0.3676,3409.28,44.63,-28.79,6.30,57330.6,0,0.00,0.00,3
54066,-0.004,0.001,-1.950,0.793,1.282,73.425,0.000,-0.000,0.000,0.9235,0.0280,0.0475,0.3795,3410.56,44.42,-28.81,6.32,57313.4,0,0.00,0.00,3
54086,-0.006,-0.001,-1.947,0.854,1.282,73.120,0.000,-0.000,0.000,0.9186,0.0287,0.0474,0.3913,3411.82,44.20,-28.78,6.35,57305.6,0,0.00,0.00,3
54108,-0.007,-0.001,-1.950,0.977,1.404,73.059,0.000,-0.000,0.000,0.9135,0.0293,0.0473,0.4029,3413.14,44.03,-28.81,6.39,57286.7,0,0.00,0.00,3
54126,-0.004,-0.001,-1.950,0.916,1.282,72.754,0.000,-0.000,0.000,0.9083,0.0300,0.0472,0.4145,3414.43,43.84,-28.81,6.41,57282.4,0,0.00,0.00,3
54146,-0.003,-0.000,-1.951,0.916,1.282,72.571,0.000,-0.000,0.000,0.9030,0.0306,0.0471,0.4260,3415.65,43.60,-28.82,6.44,57283.8,0,0.00,0.00,3
54166,-0.004,0.000,-1.950,1.038,1.282,72.327,0.000,-0.000,0.000,0.8975,0.0313,0.0470,0.4373,3416.94,43.41,-28.80,6.48,57262.2,0,0.00,0.00,3
54186,-0.005,-0.001,-1.953,1.038,1.221,72.144,0.000,-0.000,0.000,0.8919,0.0320,0.0469,0.4486,3418.19,43.20,-28.83,6.51,57260.6,0,0.00,0.00,3
54206,-0.004,-0.000,-1.948,1.160,1.282,71.899,0.000,-0.000,0.000,0.8862,0.0326,0.0468,0.4598,3419.46,43.00,-28.78,6.54,57247.0,0,0.00,0.00,3
54226,-0.007,0.001,-1.948,1.099,1.160,71.777,0.000,-0.000,0.000,0.8804,0.0333,0.0466,0.4708,3420.76,42.84,-28.78,6.57,57230.1,0,0.00,0.00,3
54246,-0.005,-0.001,-1.951,1.160,1.099,71.411,0.000,-0.000,0.000,0.8744,0.0340,0.0465,0.4818,3422.00,42.62,-28.81,6.60,57234.2,0,0.00,0.00,3
54266,-0.005,0.000,-1.952,1.160,1.160,71.289,0.000,-0.000,0.000,0.8683,0.0346,0.0463,0.4926,3423.30,42.47,-28.82,6.63,57210.6,0,0.00,0.00,3
54286,-0.005,0.000,-1.952,1.160,1.160,71.106,0.000,-0.000,0.000,0.8621,0.0353,0.0462,0.5033,3424.58,42.30,-28.81,6.66,57205.6,0,0.00,0.00,3
54306,-0.004,0.000,-1.953,1.221,1.160,70.923,0.000,-0.000,0.000,0.8558,0.0359,0.0460,0.5140,3425.83,42.11,-28.82,6.69,57201.9,0,0.00,0.00,3
54326,-0.006,0.001,-1.952,1.282,1.038,70.618,0.000,-0.000,0.000,0.8494,0.0366,0.0458,0.5245,3427.10,41.94,-28.82,6.72,57188.3,0,0.00,0.00,3
54346,-0.004,0.000,-1.954,1.404,1.038,70.374,0.000,-0.000,0.000,0.8429,0.0372,0.0457,0.5349,3428.37,41.76,-28.84,6.76,57179.4,0,0.00,0.00,3
54366,-0.004,0.001,-1.956,1.404,0.977,70.190,0.000,-0.000,0.000,0.8363,0.0379,0.0455,0.5451,3429.61,41.57,-28.85,6.79,57174.9,0,0.00,0.00,3
54386,-0.006,0.000,-1.949,1.404,1.038,70.007,0.000,-0.000,0.000,0.8295,0.0386,0.0453,0.5553,3430.82,41.35,-28.78,6.82,57170.7,0,0.00,0.00,3
54406,-0.004,-0.000,-1.955,1.343,0.977,69.763,0.000,-0.000,0.000,0.8227,0.0392,0.0451,0.5654,3432.08,41.18,-28.84,6.85,57152.8,0,0.00,0.00,3
54426,-0.005,0.001,-1.955,1.465,0.916,69.519,0.000,-0.000,0.000,0.8157,0.0399,0.0449,0.5753,3433.26,40.94,-28.83,6.88,57157.4,0,0.00,0.00,3
54446,-0.002,0.000,-1.955,1.587,0.854,69.336,0.000,-0.000,0.000,0.8087,0.0406,0.0447,0.5851,3434.48,40.75,-28.84,6.92,57141.1,0,0.00,0.00,3
54466,-0.002,0.001,-1.958,1.526,0.793,69.153,0.000,-0.000,0.000,0.8016,0.0412,0.0444,0.5948,3435.66,40.51,-28.86,6.95,57140.2,0,0.00,0.00,3
54486,-0.006,0.003,-1.954,1.465,0.793,68.909,0.000,-0.000,0.000,0.7943,0.0419,0.0442,0.6044,3436.89,40.33,-28.82,6.98,57120.5,0,0.00,0.00,3
54506,-0.001,0.000,-1.955,1.587,0.854,68.726,0.000,-0.000,0.000,0.7870,0.0426,0.0440,0.6139,3438.11,40.14,-28.83,7.02,57113.1,0,0.00,0.00,3
54526,-0.003,-0.001,-1.951,1.587,0.854,68.604,0.000,-0.000,0.000,0.7796,0.0432,0.0438,0.6233,3439.35,39.98,-28.80,7.05,57099.8,0,0.00,0.00,3
54546,-0.003,-0.000,-1.955,1.648,0.732,68.298,0.000,-0.000,0.000,0.7721,0.0439,0.0435,0.6325,3440.60,39.83,-28.83,7.09,57087.5,0,0.00,0.00,3
54566,-0.006,0.000,-1.954,1.648,0.732,67.932,0.000,-0.000,0.000,0.7645,0.0445,0.0433,0.6416,3441.79,39.63,-28.82,7.12,57091.7,0,0.00,0.00,3
54586,-0.003,0.002,-1.960,1.709,0.610,67.871,0.000,-0.000,0.000,0.7568,0.0452,0.0430,0.6506,3442.94,39.38,-28.88,7.15,57089.8,0,0.00,0.00,3
54606,-0.003,0.002,-1.953,1.770,0.671,67.688,0.000,-0.000,0.000,0.7491,0.0459,0.0428,0.6595,3444.15,39.21,-28.81,7.19,57067.2,0,0.00,0.00,3
54626,-0.006,0.001,-1.955,1.648,0.610,67.505,0.000,-0.000,0.000,0.7412,0.0465,0.0425,0.6683,3445.32,39.00,-28.83,7.22,57067.8,0,0.00,0.00,3
54646,-0.003,0.002,-1.958,1.770,0.549,67.261,0.000,-0.000,0.000,0.7333,0.0472,0.0422,0.6769,3446.46,38.76,-28.86,7.26,57064.6,0,0.00,0.00,3
54666,-0.004,0.002,-1.957,1.831,0.671,66.956,0.000,-0.000,0.000,0.7253,0.0478,0.0420,0.6854,3447.62,38.54,-28.84,7.30,57051.7,0,0.00,0.00,3
54686,-0.004,0.001,-1.962,1.892,0.488,66.833,0.000,-0.000,0.000,0.7173,0.0485,0.0417,0.6938,3448.80,38.36,-28.89,7.33,57037.3,0,0.00,0.00,3
54706,-0.002,0.000,-1.961,1.831,0.549,66.589,0.000,-0.000,0.000,0.7091,0.0491,0.0414,0.7021,3449.97,38.15,-28.88,7.37,57032.2,0,0.00,0.00,3
54728,-0.004,0.001,-1.958,1.953,0.488,66.406,0.000,-0.000,0.000,0.7009,0.0498,0.0412,0.7103,3451.11,37.94,-28.84,7.41,57027.0,0,0.00,0.00,3
54746,-0.004,0.002,-1.960,1.770,0.427,66.223,0.000,-0.000,0.000,0.6927,0.0504,0.0409,0.7183,3452.24,37.71,-28.87,7.44,57020.8,0,0.00,0.00,3
54766,-0.000,0.002,-1.965,1.892,0.244,66.040,0.000,-0.000,0.000,0.6843,0.0511,0.0405,0.7263,3453.43,37.55,-28.91,7.48,57000.2,0,0.00,0.00,3
54786,-0.004,0.002,-1.961,2.075,0.244,65.735,0.000,-0.000,0.000,0.6759,0.0518,0.0402,0.7340,3454.58,37.35,-28.87,7.52,56999.4,0,0.00,0.00,3
54806,-0.004,0.001,-1.958,1.892,0.244,65.552,0.000,-0.000,0.000,0.6675,0.0524,0.0399,0.7417,3455.80,37.21,-28.84,7.55,56977.8,0,0.00,0.00,3
54826,-0.002,0.003,-1.960,2.075,0.244,65.369,0.000,-0.000,0.000,0.6589,0.0531,0.0396,0.7493,3457.01,37.07,-28.86,7.59,56970.4,0,0.00,0.00,3
54846,-0.003,0.001,-1.962,2.014,0.183,65.125,0.000,-0.000,0.000,0.6504,0.0537,0.0393,0.7567,3458.12,36.85,-28.88,7.63,56979.0,0,0.00,0.00,3
54866,-0.002,0.004,-1.958,2.014,0.122,64.880,0.000,-0.000,0.000,0.6417,0.0544,0.0390,0.7640,3459.24,36.63,-28.84,7.67,56969.3,0,0.00,0.00,3
54886,-0.002,0.003,-1.962,2.014,0.061,64.758,0.000,-0.000,0.000,0.6330,0.0550,0.0386,0.7712,3460.42,36.47,-28.87,7.71,56950.1,0,0.00,0.00,3
54906,-0.002,0.001,-1.962,2.075,-0.061,64.453,0.000,-0.000,0.000,0.6243,0.0557,0.0383,0.7783,3461.51,36.24,-28.87,7.75,56957.1,0,0.00,0.00,3
54926,-0.002,0.001,-1.958,2.014,-0.061,64.209,0.000,-0.000,0.000,0.6155,0.0563,0.0379,0.7852,3462.68,36.08,-28.84,7.79,56933.6,0,0.00,0.00,3
54946,-0.001,0.004,-1.961,2.014,-0.061,64.087,0.000,-0.000,0.000,0.6067,0.0570,0.0376,0.7920,3463.81,35.89,-28.86,7.83,56933.1,0,0.00,0.00,3
54966,-0.003,0.003,-1.962,2.075,-0.183,63.782,0.000,-0.000,0.000,0.5978,0.0577,0.0372,0.7987,3464.94,35.70,-28.86,7.87,56923.8,0,0.00,0.00,3
54986,-0.003,0.000,-1.958,2.014,-0.122,63.660,0.000,-0.000,0.000,0.5889,0.0583,0.0368,0.8053,3466.07,35.52,-28.83,7.91,56913.6,0,0.00,0.00,3
55006,-0.003,0.003,-1.961,2.075,-0.244,63.538,0.000,-0.000,0.000,0.5799,0.0589,0.0364,0.8117,3467.20,35.33,-28.85,7.95,56907.5,0,0.00,0.00,3
55026,-0.005,0.001,-1.965,2.075,-0.122,63.232,0.000,-0.000,0.000,0.5709,0.0596,0.0361,0.8181,3468.32,35.15,-28.89,7.99,56898.7,0,0.00,0.00,3
55046,-0.001,0.002,-1.963,2.197,-0.244,63.049,0.000,-0.000,0.000,0.5618,0.0602,0.0357,0.8243,3469.41,34.94,-28.87,8.03,56896.6,0,0.00,0.00,3
55066,-0.004,0.002,-1.960,2.014,-0.305,62.805,0.000,-0.000,0.000,0.5527,0.0608,0.0353,0.8304,3470.49,34.72,-28.84,8.07,56890.7,0,0.00,0.00,3
55086,-0.001,0.001,-1.962,2.075,-0.305,62.683,0.000,-0.000,0.000,0.5436,0.0615,0.0349,0.8364,3471.59,34.52,-28.85,8.11,56878.6,0,0.00,0.00,3
55106,-0.004,0.002,-1.964,2.197,-0.427,62.439,0.000,-0.000,0.000,0.5344,0.0621,0.0345,0.8422,3472.73,34.37,-28.88,8.15,56861.9,0,0.00,0.00,3
55126,-0.003,0.003,-1.965,2.136,-0.427,62.317,0.000,-0.000,0.000,0.5252,0.0628,0.0341,0.8480,3473.83,34.19,-28.88,8.19,56860.0,0,0.00,0.00,3
55146,-0.001,0.004,-1.965,2.014,-0.549,62.012,0.000,-0.000,0.000,0.5160,0.0634,0.0337,0.8536,3474.96,34.03,-28.88,8.23,56847.7,0,0.00,0.00,3
55166,-0.002,0.001,-1.963,2.136,-0.549,61.829,0.000,-0.000,0.000,0.5067,0.0640,0.0332,0.8591,3476.00,33.79,-28.86,8.27,56855.5,0,0.00,0.00,3
55186,-0.001,0.002,-1.963,2.197,-0.732,61.584,0.000,-0.000,0.000,0.4974,0.0647,0.0328,0.8645,3477.08,33.59,-28.86,8.32,56839.5,0,0.00,0.00,3
55206,0.000,0.002,-1.965,2.075,-0.671,61.462,0.000,-0.000,0.000,0.4881,0.0653,0.0324,0.8697,3478.16,33.40,-28.87,8.36,56831.0,0,0.00,0.00,3
55226,-0.000,0.003,-1.964,2.075,-0.610,61.157,0.000,-0.000,0.000,0.4788,0.0659,0.0319,0.8749,3479.23,33.20,-28.86,8.40,56825.1,0,0.00,0.00,3
55246,-0.001,0.003,-1.963,2.075,-0.732,60.913,0.000,-0.000,0.000,0.4694,0.0665,0.0315,0.8799,3480.35,33.06,-28.85,8.44,56805.9,0,0.00,0.00,3
55266,-0.002,0.003,-1.964,2.075,-0.732,60.730,0.000,-0.000,0.000,0.4601,0.0671,0.0310,0.8848,3481.44,32.89,-28.85,8.49,56804.2,0,0.00,0.00,3
55286,-0.001,0.000,-1.966,2.075,-0.854,60.486,0.000,-0.000,0.000,0.4507,0.0678,0.0306,0.8896,3482.51,32.69,-28.87,8.53,56801.0,0,0.00,0.00,3
55306,-0.000,0.002,-1.967,2.136,-1.038,60.425,0.000,-0.000,0.000,0.4413,0.0684,0.0301,0.8943,3483.58,32.51,-28.88,8.57,56791.4,0,0.00,0.00,3
55326,0.000,0.002,-1.963,2.075,-0.977,60.120,0.000,-0.000,0.000,0.4318,0.0690,0.0296,0.8988,3484.67,32.35,-28.84,8.62,56778.4,0,0.00,0.00,3
55349,0.000,0.003,-1.967,2.014,-1.038,59.998,0.000,-0.000,0.000,0.4224,0.0697,0.0292,0.9033,3485.74,32.17,-28.88,8.66,56775.4,0,0.00,0.00,3
55366,-0.002,0.001,-1.969,2.075,-1.038,59.753,0.000,-0.000,0.000,0.4129,0.0703,0.0287,0.9076,3486.81,32.00,-28.90,8.71,56766.7,0,0.00,0.00,3
55386,-0.002,0.001,-1.969,2.075,-1.099,59.387,0.000,-0.000,0.000,0.4035,0.0709,0.0282,0.9118,3487.86,31.80,-28.89,8.75,56764.0,0,0.00,0.00,3
55406,-0.002,0.002,-1.967,2.075,-1.221,59.265,0.000,-0.000,0.000,0.3940,0.0715,0.0277,0.9159,3488.87,31.58,-28.87,8.80,56761.9,0,0.00,0.00,3
55426,-0.001,0.003,-1.965,2.014,-1.221,59.082,0.000,-0.000,0.000,0.3845,0.0721,0.0272,0.9199,3489.89,31.37,-28.84,8.84,56751.8,0,0.00,0.00,3
55446,0.001,0.001,-1.965,2.014,-1.282,58.899,0.000,-0.000,0.000,0.3750,0.0728,0.0267,0.9238,3490.89,31.15,-28.84,8.89,56747.4,0,0.00,0.00,3
55466,-0.002,0.000,-1.970,1.953,-1.160,58.716,0.000,-0.000,0.000,0.3655,0.0733,0.0262,0.9275,3491.93,30.96,-28.89,8.93,56733.6,0,0.00,0.00,3
55486,-0.001,0.003,-1.970,2.014,-1.404,58.533,0.000,-0.000,0.000,0.3560,0.0740,0.0257,0.9312,3492.96,30.77,-28.88,8.98,56726.4,0,0.00,0.00,3
55506,0.002,0.002,-1.968,2.014,-1.404,58.289,0.000,-0.000,0.000,0.3465,0.0746,0.0252,0.9348,3493.98,30.58,-28.87,9.03,56720.3,0,0.00,0.00,3
55526,0.000,0.001,-1.970,1.953,-1.404,58.105,0.000,-0.000,0.000,0.3370,0.0752,0.0246,0.9382,3495.05,30.43,-28.88,9.07,56703.8,0,0.00,0.00,3
55546,0.001,0.003,-1.971,2.014,-1.465,57.861,0.000,-0.000,0.000,0.3274,0.0758,0.0241,0.9415,3496.00,30.18,-28.88,9.12,56717.1,0,0.00,0.00,3
55566,0.000,0.000,-1.973,2.014,-1.526,57.739,0.000,-0.000,0.000,0.3179,0.0764,0.0236,0.9447,3497.02,30.00,-28.90,9.17,56696.2,0,0.00,0.00,3
55586,-0.001,0.000,-1.968,2.014,-1.526,57.495,0.000,-0.000,0.000,0.3084,0.0770,0.0231,0.9479,3498.09,29.85,-28.86,9.22,56681.1,0,0.00,0.00,3
55606,0.001,0.002,-1.968,1.892,-1.648,57.312,0.000,-0.000,0.000,0.2989,0.0776,0.0225,0.9509,3499.10,29.67,-28.85,9.27,56681.9,0,0.00,0.00,3
55626,0.002,0.001,-1.971,1.953,-1.709,57.007,0.000,-0.000,0.000,0.2894,0.0782,0.0220,0.9538,3500.15,29.52,-28.87,9.32,56667.4,0,0.00,0.00,3
55646,0.002,0.002,-1.970,1.953,-1.770,56.946,0.000,-0.000,0.000,0.2799,0.0788,0.0215,0.9566,3501.14,29.32,-28.87,9.37,56671.7,0,0.00,0.00,3
55666,0.001,0.002,-1.970,1.831,-1.892,56.641,0.000,-0.000,0.000,0.2704,0.0794,0.0209,0.9592,3502.17,29.17,-28.86,9.42,56655.0,0,0.00,0.00,3
55686,0.000,0.003,-1.970,1.831,-1.892,56.458,0.000,-0.000,0.000,0.2609,0.0800,0.0203,0.9618,3503.16,28.97,-28.86,9.47,56655.2,0,0.00,0.00,3
55706,0.000,0.000,-1.972,1.831,-1.892,56.274,0.000,-0.000,0.000,0.2514,0.0806,0.0198,0.9643,3504.14,28.77,-28.87,9.52,56649.9,0,0.00,0.00,3
55726,0.002,0.000,-1.969,1.831,-2.014,56.030,0.000,-0.000,0.000,0.2420,0.0812,0.0192,0.9667,3505.14,28.59,-28.85,9.57,56639.2,0,0.00,0.00,3
55746,-0.000,0.002,-1.970,1.831,-2.014,55.847,0.000,-0.000,0.000,0.2325,0.0818,0.0186,0.9690,3506.15,28.43,-28.85,9.63,56628.3,0,0.00,0.00,3
55766,0.000,0.002,-1.972,1.709,-1.953,55.725,0.000,-0.000,0.000,0.2231,0.0824,0.0180,0.9711,3507.13,28.24,-28.86,9.68,56626.9,0,0.00,0.00,3
55786,0.002,0.000,-1.973,1.709,-2.136,55.420,0.000,-0.000,0.000,0.2136,0.0830,0.0174,0.9732,3508.02,27.97,-28.87,9.73,56636.8,0,0.00,0.00,3
55806,0.000,0.000,-1.972,1.587,-2.136,55.115,0.000,-0.000,0.000,0.2043,0.0836,0.0168,0.9752,3509.00,27.79,-28.87,9.78,56612.0,0,0.00,0.00,3
55826,0.001,0.001,-1.972,1.587,-2.197,54.932,0.000,-0.000,0.000,0.1949,0.0842,0.0162,0.9771,3510.00,27.63,-28.86,9.83,56601.0,0,0.00,0.00,3
55846,-0.001,0.002,-1.975,1.648,-2.136,54.932,0.000,-0.000,0.000,0.1855,0.0847,0.0156,0.9789,3510.97,27.45,-28.88,9.89,56598.2,0,0.00,0.00,3
55866,0.001,0.000,-1.973,1.526,-2.380,54.565,0.000,-0.000,0.000,0.1761,0.0853,0.0150,0.9805,3511.93,27.26,-28.86,9.94,56592.0,0,0.00,0.00,3
55886,0.001,-0.001,-1.974,1.587,-2.319,54.443,0.000,-0.000,0.000,0.1668,0.0859,0.0144,0.9821,3512.88,27.07,-28.87,10.00,56587.5,0,0.00,0.00,3
55906,0.001,0.002,-1.971,1.587,-2.319,54.199,0.000,-0.000,0.000,0.1575,0.0865,0.0138,0.9836,3513.83,26.88,-28.83,10.05,56579.8,0,0.00,0.00,3
55926,0.001,0.001,-1.976,1.465,-2.319,54.016,0.000,-0.000,0.000,0.1482,0.0871,0.0132,0.9850,3514.81,26.72,-28.88,10.10,56567.5,0,0.00,0.00,3
55946,0.003,0.002,-1.977,1.404,-2.502,53.833,0.000,-0.000,0.000,0.1389,0.0877,0.0125,0.9863,3515.74,26.51,-28.88,10.16,56569.1,0,0.00,0.00,3
55969,0.003,-0.001,-1.977,1.404,-2.502,53.650,0.000,-0.000,0.000,0.1296,0.0882,0.0119,0.9876,3516.63,26.27,-28.88,10.22,56569.9,0,0.00,0.00,3
55986,0.005,-0.001,-1.976,1.404,-2.686,53.467,0.000,-0.000,0.000,0.1204,0.0888,0.0112,0.9887,3517.52,26.04,-28.87,10.27,56562.2,0,0.00,0.00,3
56006,0.002,0.000,-1.974,1.404,-2.563,53.101,0.000,-0.000,0.000,0.1112,0.0894,0.0106,0.9897,3518.40,25.80,-28.84,10.33,56557.4,0,0.00,0.00,3
56026,0.001,0.000,-1.977,1.282,-2.625,52.979,0.000,-0.000,0.000,0.1021,0.0900,0.0099,0.9907,3519.31,25.59,-28.87,10.39,56545.4,0,0.00,0.00,3
56046,0.000,0.000,-1.974,1.160,-2.747,52.795,0.000,-0.000,0.000,0.0929,0.0906,0.0093,0.9915,3520.25,25.42,-28.84,10.45,56531.7,0,0.00,0.00,3
56066,-0.001,-0.001,-1.976,1.221,-2.747,52.490,0.000,-0.000,0.000,0.0838,0.0911,0.0086,0.9923,3521.17,25.24,-28.86,10.50,56526.9,0,0.00,0.00,3
56086,0.004,-0.000,-1.977,1.160,-2.808,52.429,0.000,-0.000,0.000,0.0747,0.0917,0.0079,0.9929,3522.05,25.02,-28.85,10.56,56528.2,0,0.00,0.00,3
56106,0.002,0.000,-1.977,1.160,-2.869,52.246,0.000,-0.000,0.000,0.0656,0.0923,0.0072,0.9935,3523.00,24.86,-28.86,10.62,56508.8,0,0.00,0.00,3
56126,0.001,0.001,-1.974,0.977,-2.991,51.941,0.000,-0.000,0.000,0.0566,0.0929,0.0065,0.9940,3523.85,24.62,-28.82,10.69,56521.0,0,0.00,0.00,3
56146,0.003,0.000,-1.975,1.099,-2.808,51.819,0.000,-0.000,0.000,0.0476,0.0934,0.0059,0.9945,3524.70,24.38,-28.83,10.74,56513.3,0,0.00,0.00,3
56166,-0.001,0.000,-1.976,1.038,-3.052,51.636,0.000,-0.000,0.000,0.0386,0.0940,0.0052,0.9948,3525.60,24.20,-28.84,10.81,56495.8,0,0.00,0.00,3
56186,0.002,-0.002,-1.974,0.977,-2.991,51.331,0.000,-0.000,0.000,0.0297,0.0946,0.0045,0.9951,3526.53,24.04,-28.81,10.87,56483.8,0,0.00,0.00,3
56206,0.003,0.000,-1.978,0.916,-3.113,51.147,0.000,-0.000,0.000,0.0208,0.0952,0.0038,0.9952,3527.40,23.82,-28.85,10.93,56489.9,0,0.00,0.00,3
56226,0.004,-0.001,-1.978,0.916,-3.174,51.086,0.000,-0.000,0.000,0.0119,0.0958,0.0031,0.9953,3528.29,23.64,-28.84,11.00,56477.1,0,0.00,0.00,3
56246,0.004,-0.001,-1.977,0.854,-3.113,50.720,0.000,-0.000,0.000,0.0031,0.0963,0.0024,0.9953,3529.12,23.40,-28.82,11.06,56482.7,0,0.00,0.00,3
56266,0.005,-0.003,-1.977,0.854,-3.052,50.720,0.000,-0.000,0.000,-0.0057,0.0969,0.0017,0.9953,3529.97,23.19,-28.82,11.12,56471.8,0,0.00,0.00,3
56286,0.000,-0.002,-1.979,0.732,-3.235,50.293,0.000,-0.000,0.000,-0.0145,0.0974,0.0010,0.9951,3530.79,22.95,-28.84,11.19,56470.2,0,0.00,0.00,3
56306,0.003,-0.001,-1.983,0.732,-3.235,50.171,0.000,-0.000,0.000,-0.0232,0.0980,0.0002,0.9949,3531.67,22.77,-28.87,11.25,56453.1,0,0.00,0.00,3
56326,0.002,0.000,-1.979,0.610,-3.174,49.988,0.000,-0.000,0.000,-0.0319,0.0986,-0.0005,0.9946,3532.56,22.60,-28.83,11.31,56444.2,0,0.00,0.00,3
56346,0.002,-0.000,-1.976,0.671,-3.418,49.805,0.000,-0.000,0.000,-0.0405,0.0991,-0.0012,0.9942,3533.45,22.44,-28.80,11.38,56437.4,0,0.00,0.00,3
56366,0.000,-0.001,-1.979,0.549,-3.418,49.622,0.000,-0.000,0.000,-0.0492,0.0997,-0.0020,0.9938,3534.29,22.23,-28.83,11.45,56439.0,0,0.00,0.00,3
56386,0.001,-0.002,-1.977,0.488,-3.357,49.438,0.000,-0.000,0.000,-0.0577,0.1003,-0.0027,0.9933,3535.15,22.04,-28.80,11.51,56430.2,0,0.00,0.00,3
56406,0.003,-0.001,-1.980,0.427,-3.357,49.133,0.000,-0.000,0.000,-0.0663,0.1008,-0.0035,0.9927,3536.05,21.90,-28.83,11.58,56415.5,0,0.00,0.00,3
56426,0.001,-0.003,-1.981,0.366,-3.357,49.011,0.000,-0.000,0.000,-0.0748,0.1014,-0.0042,0.9920,3536.88,21.70,-28.83,11.65,56420.5,0,0.00,0.00,3
56446,0.000,-0.001,-1.981,0.305,-3.418,48.889,0.000,-0.000,0.000,-0.0832,0.1019,-0.0050,0.9913,3537.71,21.50,-28.83,11.71,56414.9,0,0.00,0.00,3
56466,0.002,-0.002,-1.979,0.305,-3.418,48.645,0.000,-0.000,0.000,-0.0917,0.1025,-0.0057,0.9905,3538.51,21.27,-28.80,11.78,56415.0,0,0.00,0.00,3
56486,0.001,-0.003,-1.979,0.244,-3.540,48.462,0.000,-0.000,0.000,-0.1000,0.1030,-0.0065,0.9896,3539.25,20.99,-28.79,11.85,56418.1,0,0.00,0.00,3
56506,0.001,-0.003,-1.980,0.183,-3.540,48.157,0.000,-0.000,0.000,-0.1084,0.1036,-0.0073,0.9887,3540.02,20.75,-28.80,11.92,56407.7,0,0.00,0.00,3
56526,-0.000,-0.004,-1.980,0.061,-3.601,48.035,0.000,-0.000,0.000,-0.1167,0.1041,-0.0081,0.9877,3540.81,20.52,-28.80,11.99,56398.4,0,0.00,0.00,3
56546,0.002,-0.004,-1.978,-0.061,-3.601,47.852,0.000,-0.000,0.000,-0.1249,0.1047,-0.0089,0.9866,3541.61,20.32,-28.77,12.06,56387.8,0,0.00,0.00,3
56566,0.001,-0.002,-1.979,-0.061,-3.540,47.607,0.000,-0.000,0.000,-0.1331,0.1052,-0.0097,0.9855,3542.38,20.09,-28.78,12.13,56388.0,0,0.00,0.00,3
56588,0.003,-0.002,-1.982,-0.183,-3.601,47.363,0.000,-0.000,0.000,-0.1412,0.1057,-0.0105,0.9843,3543.17,19.88,-28.80,12.20,56378.2,0,0.00,0.00,3
56606,0.002,-0.003,-1.978,-0.183,-3.723,47.241,0.000,-0.000,0.000,-0.1494,0.1063,-0.0113,0.9830,3544.04,19.74,-28.76,12.27,56357.9,0,0.00,0.00,3
56626,-0.001,-0.003,-1.981,-0.244,-3.723,46.997,0.000,-0.000,0.000,-0.1574,0.1068,-0.0121,0.9817,3544.86,19.57,-28.79,12.35,56358.4,0,0.00,0.00,3
56646,0.002,-0.003,-1.983,-0.305,-3.662,46.875,0.000,-0.000,0.000,-0.1654,0.1074,-0.0130,0.9803,3545.65,19.37,-28.80,12.42,56359.4,0,0.00,0.00,3
56666,0.002,-0.003,-1.982,-0.366,-3.845,46.692,0.000,-0.000,0.000,-0.1734,0.1079,-0.0138,0.9788,3546.48,19.21,-28.78,12.49,56345.8,0,0.00,0.00,3
56686,0.002,-0.003,-1.983,-0.488,-3.784,46.509,0.000,-0.000,0.000,-0.1814,0.1085,-0.0146,0.9773,3547.23,18.99,-28.78,12.57,56352.5,0,0.00,0.00,3
56706,0.003,-0.001,-1.980,-0.488,-3.784,46.326,0.000,-0.000,0.000,-0.1893,0.1090,-0.0155,0.9757,3548.00,18.78,-28.75,12.64,56343.8,0,0.00,0.00,3
56726,-0.000,-0.002,-1.981,-0.671,-3.784,45.959,0.000,-0.000,0.000,-0.1971,0.1096,-0.0163,0.9741,3548.80,18.60,-28.76,12.72,56332.8,0,0.00,0.00,3
56746,0.001,-0.002,-1.982,-0.610,-3.845,45.837,0.000,-0.000,0.000,-0.2049,0.1101,-0.0172,0.9724,3549.57,18.41,-28.76,12.80,56331.2,0,0.00,0.00,3
56766,0.003,-0.003,-1.981,-0.732,-3.906,45.654,0.000,-0.000,0.000,-0.2126,0.1107,-0.0180,0.9707,3550.31,18.18,-28.74,12.87,56331.4,0,0.00,0.00,3
56786,-0.001,-0.004,-1.984,-0.732,-3.845,45.471,0.000,-0.000,0.000,-0.2203,0.1112,-0.0189,0.9689,3551.12,18.03,-28.77,12.95,56311.5,0,0.00,0.00,3
56806,0.002,-0.003,-1.984,-0.732,-4.028,45.166,0.000,-0.000,0.000,-0.2279,0.1117,-0.0197,0.9670,3551.88,17.83,-28.75,13.03,56315.4,0,0.00,0.00,3
56826,-0.001,-0.004,-1.983,-0.854,-3.967,45.044,0.000,-0.000,0.000,-0.2355,0.1123,-0.0206,0.9651,3552.69,17.68,-28.75,13.11,56299.8,0,0.00,0.00,3
56846,0.000,-0.003,-1.986,-0.854,-3.967,44.922,0.000,-0.000,0.000,-0.2431,0.1128,-0.0215,0.9632,3553.45,17.48,-28.77,13.19,56304.0,0,0.00,0.00,3
56866,0.001,-0.003,-1.986,-0.977,-3.906,44.617,0.000,-0.000,0.000,-0.2506,0.1134,-0.0223,0.9612,3554.20,17.29,-28.76,13.27,56298.9,0,0.00,0.00,3
56886,0.002,-0.004,-1.981,-1.160,-3.967,44.495,0.000,-0.000,0.000,-0.2580,0.1139,-0.0232,0.9591,3555.05,17.19,-28.70,13.35,56272.8,0,0.00,0.00,3
56906,0.002,-0.002,-1.983,-1.160,-3.967,44.189,0.000,-0.000,0.000,-0.2654,0.1144,-0.0241,0.9570,3555.77,16.97,-28.72,13.43,56291.8,0,0.00,0.00,3
56926,0.002,-0.003,-1.986,-1.404,-4.028,44.128,0.000,-0.000,0.000,-0.2728,0.1150,-0.0251,0.9549,3556.51,16.78,-28.74,13.52,56282.6,0,0.00,0.00,3
56946,0.000,-0.003,-1.982,-1.282,-4.028,43.884,0.000,-0.000,0.000,-0.2801,0.1155,-0.0260,0.9527,3557.22,16.55,-28.69,13.60,56283.2,0,0.00,0.00,3
56966,-0.000,-0.004,-1.986,-1.404,-3.967,43.701,0.000,-0.000,0.000,-0.2873,0.1160,-0.0269,0.9504,3557.89,16.30,-28.73,13.68,56285.0,0,0.00,0.00,3
56986,0.000,-0.004,-1.988,-1.465,-4.028,43.579,0.000,-0.000,0.000,-0.2945,0.1166,-0.0278,0.9481,3558.66,16.15,-28.73,13.77,56258.2,0,0.00,0.00,3
57006,-0.000,-0.004,-1.982,-1.587,-4.211,43.335,0.000,-0.000,0.000,-0.3017,0.1171,-0.0287,0.9458,3559.38,15.94,-28.68,13.85,56264.2,0,0.00,0.00,3
57026,0.000,-0.005,-1.986,-1.648,-4.089,43.152,0.000,-0.000,0.000,-0.3088,0.1177,-0.0297,0.9434,3560.10,15.75,-28.71,13.94,56257.9,0,0.00,0.00,3
57046,-0.000,-0.005,-1.988,-1.770,-4.089,42.908,0.000,-0.000,0.000,-0.3158,0.1182,-0.0306,0.9409,3560.80,15.54,-28.72,14.03,56254.9,0,0.00,0.00,3
57066,0.000,-0.005,-1.988,-1.709,-4.089,42.786,0.000,-0.000,0.000,-0.3228,0.1188,-0.0316,0.9385,3561.55,15.38,-28.70,14.12,56239.5,0,0.00,0.00,3
57086,-0.003,-0.006,-1.986,-1.892,-4.150,42.542,0.000,-0.000,0.000,-0.3298,0.1193,-0.0325,0.9359,3562.29,15.22,-28.68,14.21,56236.2,0,0.00,0.00,3
57106,-0.003,-0.003,-1.986,-1.831,-4.150,42.358,0.000,-0.000,0.000,-0.3366,0.1198,-0.0335,0.9334,3563.02,15.04,-28.69,14.30,56233.1,0,0.00,0.00,3
57126,-0.000,-0.005,-1.984,-2.014,-4.028,42.114,0.000,-0.000,0.000,-0.3435,0.1204,-0.0344,0.9308,3563.72,14.84,-28.65,14.38,56233.1,0,0.00,0.00,3
57146,0.000,-0.005,-1.990,-2.075,-4.150,41.931,0.000,-0.000,0.000,-0.3503,0.1209,-0.0354,0.9281,3564.43,14.66,-28.69,14.48,56224.6,0,0.00,0.00,3
57166,0.002,-0.004,-1.985,-2.136,-4.150,41.748,0.000,-0.000,0.000,-0.3570,0.1215,-0.0364,0.9255,3565.11,14.45,-28.64,14.57,56225.1,0,0.00,0.00,3
57186,0.001,-0.003,-1.987,-2.258,-4.150,41.565,0.000,-0.000,0.000,-0.3637,0.1220,-0.0374,0.9227,3565.77,14.23,-28.65,14.66,56223.2,0,0.00,0.00,3
57208,0.000,-0.004,-1.986,-2.319,-4.211,41.382,0.000,-0.000,0.000,-0.3703,0.1225,-0.0383,0.9200,3566.46,14.04,-28.63,14.76,56212.2,0,0.00,0.00,3
57226,-0.002,-0.005,-1.987,-2.258,-4.089,41.260,0.000,-0.000,0.000,-0.3769,0.1231,-0.0393,0.9172,3567.16,13.87,-28.64,14.85,56204.2,0,0.00,0.00,3
57246,-0.000,-0.004,-1.986,-2.441,-4.150,41.016,0.000,-0.000,0.000,-0.3834,0.1236,-0.0403,0.9144,3567.78,13.62,-28.62,14.94,56215.0,0,0.00,0.00,3
57266,0.000,-0.004,-1.988,-2.563,-4.150,40.771,0.000,-0.000,0.000,-0.3899,0.1242,-0.0413,0.9115,3568.50,13.47,-28.63,15.04,56189.6,0,0.00,0.00,3
57286,0.001,-0.003,-1.988,-2.747,-4.150,40.649,0.000,-0.000,0.000,-0.3963,0.1247,-0.0424,0.9086,3569.15,13.25,-28.62,15.14,56198.7,0,0.00,0.00,3
57306,0.000,-0.005,-1.986,-2.808,-4.089,40.405,0.000,-0.000,0.000,-0.4027,0.1252,-0.0434,0.9057,3569.78,13.02,-28.59,15.23,56196.5,0,0.00,0.00,3
57326,0.000,-0.006,-1.989,-2.808,-4.028,40.222,0.000,-0.000,0.000,-0.4090,0.1258,-0.0445,0.9027,3570.40,12.79,-28.61,15.33,56193.3,0,0.00,0.00,3
57346,0.001,-0.006,-1.988,-2.930,-4.150,40.100,0.000,-0.000,0.000,-0.4153,0.1263,-0.0455,0.8997,3571.11,12.65,-28.59,15.43,56170.4,0,0.00,0.00,3
57366,-0.003,-0.006,-1.986,-2.991,-4.150,39.795,0.000,-0.000,0.000,-0.4215,0.1269,-0.0465,0.8967,3571.79,12.48,-28.56,15.53,56171.5,0,0.00,0.00,3
57386,-0.001,-0.005,-1.988,-3.052,-4.089,39.673,0.000,-0.000,0.000,-0.4277,0.1274,-0.0476,0.8936,3572.40,12.25,-28.58,15.63,56179.4,0,0.00,0.00,3
57406,-0.002,-0.005,-1.988,-3.235,-4.089,39.612,0.000,-0.000,0.000,-0.4338,0.1280,-0.0487,0.8905,3573.06,12.06,-28.57,15.74,56164.6,0,0.00,0.00,3
57426,0.000,-0.006,-1.987,-3.296,-4.211,39.368,0.000,-0.000,0.000,-0.4399,0.1285,-0.0497,0.8874,3573.68,11.85,-28.54,15.84,56166.4,0,0.00,0.00,3
57446,0.001,-0.005,-1.987,-3.296,-4.089,39.124,0.000,-0.000,0.000,-0.4459,0.1291,-0.0508,0.8843,3574.27,11.61,-28.53,15.95,56167.7,0,0.00,0.00,3
57466,0.000,-0.005,-1.986,-3.418,-4.150,39.001,0.000,-0.000,0.000,-0.4518,0.1296,-0.0519,0.8811,3574.88,11.40,-28.52,16.05,56157.8,0,0.00,0.00,3
57486,-0.001,-0.004,-1.991,-3.418,-4.028,38.818,0.000,-0.000,0.000,-0.4578,0.1302,-0.0530,0.8779,3575.45,11.16,-28.55,16.16,56160.6,0,0.00,0.00,3
57506,-0.001,-0.005,-1.987,-3.540,-4.089,38.635,0.000,-0.000,0.000,-0.4636,0.1307,-0.0541,0.8747,3576.08,10.97,-28.50,16.26,56145.3,0,0.00,0.00,3
57526,0.001,-0.004,-1.990,-3.662,-4.089,38.391,0.000,-0.000,0.000,-0.4694,0.1313,-0.0552,0.8714,3576.65,10.73,-28.52,16.37,56151.0,0,0.00,0.00,3
57546,0.000,-0.006,-1.989,-3.723,-4.150,38.330,0.000,-0.000,0.000,-0.4752,0.1318,-0.0563,0.8681,3577.31,10.58,-28.50,16.48,56128.6,0,0.00,0.00,3
57566,-0.003,-0.004,-1.992,-3.845,-4.028,38.147,0.000,-0.000,0.000,-0.4809,0.1324,-0.0574,0.8648,3578.00,10.46,-28.52,16.59,56118.7,0,0.00,0.00,3
57586,-0.000,-0.003,-1.993,-3.845,-4.028,37.964,0.000,-0.000,0.000,-0.4866,0.1329,-0.0585,0.8615,3578.65,10.30,-28.52,16.70,56121.6,0,0.00,0.00,3
57606,-0.000,-0.005,-1.990,-4.028,-3.967,37.720,0.000,-0.000,0.000,-0.4922,0.1335,-0.0597,0.8581,3579.22,10.08,-28.47,16.81,56130.4,0,0.00,0.00,3
57626,-0.002,-0.004,-1.989,-4.089,-3.906,37.476,0.000,-0.000,0.000,-0.4978,0.1340,-0.0608,0.8547,3579.79,9.86,-28.46,16.93,56126.4,0,0.00,0.00,3
57646,0.000,-0.007,-1.993,-4.211,-4.028,37.415,0.000,-0.000,0.000,-0.5033,0.1346,-0.0620,0.8513,3580.48,9.75,-28.47,17.04,56098.1,0,0.00,0.00,3
57666,-0.001,-0.004,-1.990,-4.272,-4.089,37.109,0.000,-0.000,0.000,-0.5087,0.1352,-0.0631,0.8479,3580.99,9.49,-28.44,17.16,56126.4,0,0.00,0.00,3
57686,-0.006,-0.005,-1.990,-4.333,-3.906,36.865,0.000,-0.000,0.000,-0.5141,0.1357,-0.0643,0.8445,3581.63,9.34,-28.44,17.27,56098.1,0,0.00,0.00,3
57706,0.000,-0.006,-1.991,-4.395,-3.967,36.743,0.000,-0.000,0.000,-0.5194,0.1363,-0.0654,0.8410,3582.28,9.20,-28.43,17.39,56092.0,0,0.00,0.00,3
57726,-0.005,-0.004,-1.991,-4.517,-3.906,36.621,0.000,-0.000,0.000,-0.5247,0.1368,-0.0666,0.8375,3582.82,8.98,-28.43,17.51,56105.9,0,0.00,0.00,3
57747,-0.003,-0.004,-1.992,-4.639,-3.906,36.438,0.000,-0.000,0.000,-0.5300,0.1374,-0.0678,0.8340,3583.37,8.75,-28.42,17.63,56101.6,0,0.00,0.00,3
57766,-0.005,-0.004,-1.992,-4.761,-4.028,36.133,0.000,-0.000,0.000,-0.5352,0.1380,-0.0690,0.8305,3583.86,8.49,-28.41,17.75,56106.6,0,0.00,0.00,3
57786,-0.004,-0.005,-1.989,-4.883,-3.906,35.950,0.000,-0.000,0.000,-0.5403,0.1386,-0.0702,0.8270,3584.45,8.31,-28.36,17.88,56085.0,0,0.00,0.00,3
57806,-0.002,-0.005,-1.994,-4.944,-3.845,35.767,0.000,-0.000,0.000,-0.5454,0.1392,-0.0714,0.8235,3585.04,8.14,-28.39,18.00,56079.2,0,0.00,0.00,3
57828,-0.003,-0.005,-1.989,-5.005,-3.784,35.645,0.000,-0.000,0.000,-0.5504,0.1398,-0.0726,0.8199,3585.61,7.96,-28.34,18.12,56078.4,0,0.00,0.00,3
57846,-0.003,-0.005,-1.991,-5.005,-3.845,35.400,0.000,-0.000,0.000,-0.5554,0.1403,-0.0738,0.8163,3586.20,7.80,-28.34,18.25,56069.9,0,0.00,0.00,3
57866,0.000,-0.005,-1.994,-5.188,-3.662,35.278,0.000,-0.000,0.000,-0.5603,0.1409,-0.0751,0.8127,3586.78,7.63,-28.35,18.37,56067.0,0,0.00,0.00,3
57886,-0.003,-0.005,-1.995,-5.249,-3.723,35.034,0.000,-0.000,0.000,-0.5652,0.1415,-0.0763,0.8091,3587.28,7.40,-28.35,18.50,56075.8,0,0.00,0.00,3
57906,-0.003,-0.005,-1.993,-5.432,-3.662,34.912,0.000,-0.000,0.000,-0.5701,0.1421,-0.0776,0.8055,3587.87,7.25,-28.31,18.63,56057.3,0,0.00,0.00,3
57926,-0.002,-0.005,-1.994,-5.493,-3.662,34.790,0.000,-0.000,0.000,-0.5749,0.1427,-0.0789,0.8019,3588.36,7.00,-28.31,18.76,56071.0,0,0.00,0.00,3
57946,-0.003,-0.005,-1.994,-5.676,-3.540,34.668,0.000,-0.000,0.000,-0.5796,0.1432,-0.0802,0.7982,3588.86,6.78,-28.30,18.90,56063.2,0,0.00,0.00,3
57966,-0.002,-0.005,-1.992,-5.798,-3.601,34.363,0.000,-0.000,0.000,-0.5843,0.1438,-0.0815,0.7945,3589.39,6.59,-28.26,19.03,56054.1,0,0.00,0.00,3
57986,-0.003,-0.004,-1.991,-5.920,-3.540,34.119,0.000,-0.000,0.000,-0.5889,0.1444,-0.0828,0.7909,3589.92,6.40,-28.24,19.17,56051.0,0,0.00,0.00,3
58006,-0.006,-0.006,-1.993,-5.920,-3.540,33.997,0.000,-0.000,0.000,-0.5935,0.1451,-0.0841,0.7872,3590.46,6.22,-28.24,19.30,56043.7,0,0.00,0.00,3
58026,-0.001,-0.006,-1.993,-5.920,-3.418,33.813,0.000,-0.000,0.000,-0.5980,0.1456,-0.0854,0.7835,3590.92,5.98,-28.22,19.44,56053.6,0,0.00,0.00,3
58046,-0.002,-0.005,-1.992,-6.104,-3.540,33.569,0.000,-0.000,0.000,-0.6025,0.1463,-0.0867,0.7798,3591.47,5.82,-28.20,19.58,56032.8,0,0.00,0.00,3
58066,-0.004,-0.006,-1.994,-6.104,-3.479,33.569,0.000,-0.000,0.000,-0.6070,0.1469,-0.0880,0.7761,3591.99,5.64,-28.20,19.72,56034.6,0,0.00,0.00,3
58086,-0.002,-0.007,-1.999,-6.348,-3.357,33.386,0.000,-0.000,0.000,-0.6114,0.1475,-0.0894,0.7723,3592.52,5.47,-28.22,19.86,56028.0,0,0.00,0.00,3
58106,-0.003,-0.004,-1.998,-6.409,-3.296,33.081,0.000,-0.000,0.000,-0.6157,0.1481,-0.0908,0.7686,3593.12,5.36,-28.21,20.00,56010.7,0,0.00,0.00,3
58126,-0.003,-0.005,-1.997,-6.531,-3.357,32.959,0.000,-0.000,0.000,-0.6200,0.1487,-0.0921,0.7649,3593.58,5.14,-28.17,20.15,56032.5,0,0.00,0.00,3
58146,-0.005,-0.005,-1.993,-6.531,-3.296,32.715,0.000,-0.000,0.000,-0.6242,0.1493,-0.0935,0.7611,3594.04,4.91,-28.13,20.29,56028.5,0,0.00,0.00,3
58166,-0.002,-0.007,-1.995,-6.714,-2.991,32.593,0.000,-0.000,0.000,-0.6284,0.1499,-0.0949,0.7574,3594.53,4.71,-28.12,20.44,56020.0,0,0.00,0.00,3
58186,-0.006,-0.006,-1.996,-6.775,-3.174,32.410,0.000,-0.000,0.000,-0.6326,0.1505,-0.0963,0.7536,3595.04,4.55,-28.11,20.59,56010.6,0,0.00,0.00,3
58206,-0.003,-0.005,-1.996,-6.897,-3.052,32.288,0.000,-0.000,0.000,-0.6367,0.1512,-0.0977,0.7498,3595.48,4.32,-28.09,20.74,56019.2,0,0.00,0.00,3
58226,-0.006,-0.005,-1.995,-7.019,-3.052,32.043,0.000,-0.000,0.000,-0.6407,0.1518,-0.0991,0.7461,3596.02,4.18,-28.07,20.89,55997.4,0,0.00,0.00,3
58246,-0.003,-0.003,-1.993,-7.141,-3.113,31.921,0.000,-0.000,0.000,-0.6447,0.1524,-0.1006,0.7423,3596.49,3.98,-28.04,21.05,56007.7,0,0.00,0.00,3
58266,-0.006,-0.006,-1.997,-7.263,-2.991,31.738,0.000,-0.000,0.000,-0.6487,0.1531,-0.1020,0.7385,3597.06,3.88,-28.05,21.20,55983.2,0,0.00,0.00,3
58286,-0.002,-0.004,-1.997,-7.263,-2.991,31.555,0.000,-0.000,0.000,-0.6526,0.1537,-0.1035,0.7347,3597.51,3.68,-28.03,21.36,56000.5,0,0.00,0.00,3
58306,-0.002,-0.005,-2.000,-7.385,-2.808,31.372,0.000,-0.000,0.000,-0.6565,0.1544,-0.1049,0.7309,3597.96,3.47,-28.04,21.51,55997.3,0,0.00,0.00,3
58326,-0.005,-0.006,-1.994,-7.568,-2.747,31.311,0.000,-0.000,0.000,-0.6603,0.1550,-0.1064,0.7271,3598.48,3.33,-27.96,21.67,55982.4,0,0.00,0.00,3
58346,-0.005,-0.006,-1.997,-7.690,-2.686,31.006,0.000,-0.000,0.000,-0.6641,0.1557,-0.1079,0.7233,3598.91,3.12,-27.97,21.84,55992.3,0,0.00,0.00,3
58366,-0.004,-0.006,-1.995,-7.751,-2.686,30.762,0.000,-0.000,0.000,-0.6678,0.1563,-0.1094,0.7195,3599.35,2.92,-27.93,22.00,55988.3,0,0.00,0.00,3
58386,-0.002,-0.005,-2.000,-7.935,-2.563,30.762,0.000,-0.000,0.000,-0.6715,0.1570,-0.1110,0.7157,3599.75,2.69,-27.95,22.16,55990.9,0,0.00,0.00,3
58406,-0.001,-0.005,-1.995,-7.874,-2.625,30.518,0.000,-0.000,0.000,-0.6751,0.1576,-0.1125,0.7119,3600.24,2.53,-27.88,22.33,55971.8,0,0.00,0.00,3
58426,-0.003,-0.004,-2.000,-8.118,-2.563,30.273,0.000,-0.000,0.000,-0.6787,0.1583,-0.1140,0.7080,3600.72,2.39,-27.92,22.50,55968.0,0,0.00,0.00,3
58448,-0.004,-0.004,-1.996,-8.240,-2.502,30.151,0.000,-0.000,0.000,-0.6822,0.1590,-0.1156,0.7042,3601.16,2.19,-27.85,22.67,55973.4,0,0.00,0.00,3
58466,-0.002,-0.007,-1.996,-8.240,-2.502,30.090,0.000,-0.000,0.000,-0.6857,0.1597,-0.1171,0.7004,3601.68,2.09,-27.82,22.84,55953.3,0,0.00,0.00,3
58486,-0.004,-0.003,-1.998,-8.362,-2.319,29.907,0.000,-0.000,0.000,-0.6892,0.1603,-0.1187,0.6966,3602.14,1.93,-27.83,23.01,55961.1,0,0.00,0.00,3
58506,-0.004,-0.002,-1.996,-8.484,-2.197,29.663,0.000,-0.000,0.000,-0.6926,0.1610,-0.1203,0.6928,3602.58,1.75,-27.79,23.19,55961.8,0,0.00,0.00,3
58526,-0.001,-0.006,-1.998,-8.667,-2.197,29.602,0.000,-0.000,0.000,-0.6960,0.1617,-0.1219,0.6889,3602.97,1.52,-27.77,23.36,55967.4,0,0.00,0.00,3
58546,-0.003,-0.003,-2.001,-8.789,-2.075,29.358,0.000,-0.000,0.000,-0.6993,0.1624,-0.1235,0.6851,3603.42,1.36,-27.78,23.54,55951.7,0,0.00,0.00,3
58566,-0.005,-0.003,-2.002,-8.850,-1.953,29.114,0.000,-0.000,0.000,-0.7025,0.1631,-0.1252,0.6813,3603.82,1.17,-27.77,23.72,55956.5,0,0.00,0.00,3
58586,-0.007,-0.002,-1.997,-8.911,-2.014,28.992,0.000,-0.000,0.000,-0.7058,0.1638,-0.1268,0.6775,3604.27,1.01,-27.70,23.91,55945.3,0,0.00,0.00,3
58606,-0.006,-0.005,-1.999,-9.094,-1.953,28.870,0.000,-0.000,0.000,-0.7090,0.1645,-0.1285,0.6737,3604.66,0.81,-27.69,24.09,55952.5,0,0.00,0.00,3
58626,-0.003,-0.004,-2.000,-9.216,-1.892,28.625,0.000,-0.000,0.000,-0.7121,0.1652,-0.1301,0.6699,3605.07,0.62,-27.66,24.28,55945.4,0,0.00,0.00,3
58646,-0.004,-0.004,-1.999,-9.216,-1.831,28.503,0.000,-0.000,0.000,-0.7152,0.1659,-0.1318,0.6660,3605.48,0.45,-27.63,24.47,55941.0,0,0.00,0.00,3
58666,-0.004,-0.004,-2.000,-9.338,-1.770,28.381,0.000,-0.000,0.000,-0.7183,0.1666,-0.1335,0.6622,3605.83,0.22,-27.62,24.65,55950.4,0,0.00,0.00,3
58686,-0.004,-0.005,-1.999,-9.583,-1.465,28.137,0.000,-0.000,0.000,-0.7213,0.1673,-0.1352,0.6584,3606.21,0.02,-27.58,24.85,55939.7,0,0.00,0.00,3
58706,-0.004,-0.004,-2.002,-9.644,-1.587,27.954,0.000,-0.000,0.000,-0.7242,0.1681,-0.1369,0.6546,3606.57,-0.19,-27.58,25.04,55940.6,0,0.00,0.00,3
58726,-0.003,-0.006,-2.002,-9.766,-1.404,27.954,0.000,-0.000,0.000,-0.7271,0.1688,-0.1387,0.6508,3606.99,-0.34,-27.55,25.24,55926.4,0,0.00,0.00,3
58746,-0.003,-0.005,-2.002,-9.888,-1.404,27.710,0.000,-0.000,0.000,-0.7300,0.1695,-0.1405,0.6470,3607.30,-0.59,-27.51,25.44,55944.0,0,0.00,0.00,3
58766,-0.003,-0.004,-2.002,-10.010,-1.465,27.527,0.000,-0.000,0.000,-0.7329,0.1703,-0.1422,0.6432,3607.61,-0.84,-27.49,25.64,55940.8,0,0.00,0.00,3
58786,-0.005,-0.004,-2.000,-10.132,-1.221,27.283,0.000,-0.000,0.000,-0.7356,0.1710,-0.1440,0.6394,3607.98,-1.02,-27.44,25.84,55926.7,0,0.00,0.00,3
58806,-0.005,-0.005,-2.003,-10.315,-1.282,27.161,0.000,-0.000,0.000,-0.7384,0.1718,-0.1458,0.6356,3608.38,-1.17,-27.44,26.05,55917.4,0,0.00,0.00,3
58826,-0.005,-0.003,-2.001,-10.254,-0.977,27.100,0.000,-0.000,0.000,-0.7411,0.1726,-0.1476,0.6318,3608.77,-1.33,-27.39,26.25,55915.4,0,0.00,0.00,3
58846,-0.002,-0.004,-2.002,-10.437,-1.038,26.855,0.000,-0.000,0.000,-0.7438,0.1733,-0.1494,0.6280,3609.11,-1.53,-27.37,26.46,55921.8,0,0.00,0.00,3
58866,-0.006,-0.006,-2.004,-10.681,-0.916,26.733,0.000,-0.000,0.000,-0.7464,0.1741,-0.1513,0.6243,3609.48,-1.70,-27.34,26.67,55913.9,0,0.00,0.00,3
58886,-0.002,-0.004,-2.000,-10.742,-0.854,26.550,0.000,-0.000,0.000,-0.7490,0.1749,-0.1532,0.6205,3609.84,-1.87,-27.29,26.89,55910.9,0,0.00,0.00,3
58906,-0.002,-0.002,-2.005,-10.864,-0.732,26.428,0.000,-0.000,0.000,-0.7515,0.1757,-0.1551,0.6167,3610.21,-2.04,-27.30,27.11,55908.2,0,0.00,0.00,3
58926,-0.004,-0.004,-2.003,-10.986,-0.671,26.245,0.000,-0.000,0.000,-0.7540,0.1765,-0.1570,0.6129,3610.54,-2.24,-27.24,27.32,55911.8,0,0.00,0.00,3
58946,-0.006,-0.006,-2.004,-11.169,-0.610,26.123,0.000,-0.000,0.000,-0.7565,0.1773,-0.1589,0.6092,3610.88,-2.41,-27.20,27.55,55905.6,0,0.00,0.00,3
58966,-0.002,-0.003,-2.000,-11.230,-0.427,25.818,0.000,-0.000,0.000,-0.7589,0.1781,-0.1608,0.6054,3611.21,-2.60,-27.15,27.77,55904.6,0,0.00,0.00,3
58986,-0.006,-0.004,-2.005,-11.292,-0.305,25.696,0.000,-0.000,0.000,-0.7612,0.1789,-0.1628,0.6017,3611.54,-2.78,-27.15,28.00,55902.9,0,0.00,0.00,3
59006,-0.005,-0.005,-2.001,-11.475,-0.244,25.635,0.000,-0.000,0.000,-0.7636,0.1798,-0.1647,0.5979,3611.89,-2.94,-27.07,28.22,55896.3,0,0.00,0.00,3
59026,-0.002,-0.004,-2.003,-11.597,-0.122,25.452,0.000,-0.000,0.000,-0.7658,0.1806,-0.1667,0.5942,3612.14,-3.19,-27.06,28.46,55911.0,0,0.00,0.00,3
59046,-0.001,-0.006,-2.001,-11.658,-0.061,25.391,0.000,-0.000,0.000,-0.7681,0.1814,-0.1687,0.5905,3612.50,-3.33,-26.99,28.69,55887.8,0,0.00,0.00,3
59068,-0.001,-0.005,-2.003,-11.841,0.122,25.085,0.000,-0.000,0.000,-0.7703,0.1822,-0.1707,0.5867,3612.79,-3.53,-26.98,28.92,55897.8,0,0.00,0.00,3
59086,-0.008,-0.006,-2.003,-12.024,0.183,25.024,0.000,-0.000,0.000,-0.7725,0.1831,-0.1728,0.5830,3613.12,-3.70,-26.93,29.16,55889.3,0,0.00,0.00,3
59106,-0.001,-0.005,-2.005,-12.085,0.305,24.780,0.000,-0.000,0.000,-0.7746,0.1839,-0.1749,0.5793,3613.42,-3.88,-26.92,29.40,55890.6,0,0.00,0.00,3
59126,-0.001,-0.004,-2.007,-12.207,0.427,24.719,0.000,-0.000,0.000,-0.7767,0.1848,-0.1769,0.5756,3613.65,-4.13,-26.89,29.65,55901.6,0,0.00,0.00,3
59146,-0.004,-0.004,-2.007,-12.390,0.549,24.597,0.000,-0.000,0.000,-0.7787,0.1857,-0.1790,0.5719,3614.01,-4.25,-26.85,29.89,55874.4,0,0.00,0.00,3
59166,-0.004,-0.007,-2.004,-12.512,0.610,24.353,0.000,-0.000,0.000,-0.7807,0.1865,-0.1812,0.5682,3614.34,-4.39,-26.76,30.14,55876.8,0,0.00,0.00,3
59186,-0.002,-0.004,-2.009,-12.573,0.793,24.292,0.000,-0.000,0.000,-0.7827,0.1874,-0.1833,0.5645,3614.57,-4.63,-26.78,30.39,55892.3,0,0.00,0.00,3
59206,-0.006,-0.006,-2.006,-12.878,0.854,24.170,0.000,-0.000,0.000,-0.7846,0.1883,-0.1855,0.5608,3614.89,-4.77,-26.70,30.65,55872.6,0,0.00,0.00,3
59226,-0.003,-0.005,-2.003,-12.939,1.038,23.987,0.000,-0.000,0.000,-0.7865,0.1892,-0.1877,0.5572,3615.18,-4.94,-26.64,30.91,55876.3,0,0.00,0.00,3
59246,-0.004,-0.005,-2.008,-13.000,1.099,23.865,0.000,-0.000,0.000,-0.7883,0.1901,-0.1899,0.5535,3615.42,-5.15,-26.63,31.17,55884.3,0,0.00,0.00,3
59266,-0.002,-0.007,-2.007,-13.123,1.038,23.682,0.000,-0.000,0.000,-0.7901,0.1910,-0.1921,0.5498,3615.72,-5.31,-26.56,31.43,55869.8,0,0.00,0.00,3
59286,-0.004,-0.007,-2.009,-13.245,1.282,23.499,0.000,-0.000,0.000,-0.7919,0.1919,-0.1943,0.5462,3616.00,-5.47,-26.53,31.70,55869.9,0,0.00,0.00,3
59306,-0.004,-0.006,-2.007,-13.245,1.404,23.254,0.000,-0.000,0.000,-0.7936,0.1928,-0.1965,0.5426,3616.26,-5.65,-26.47,31.96,55871.2,0,0.00,0.00,3
59326,-0.004,-0.007,-2.007,-13.550,1.648,23.254,0.000,-0.000,0.000,-0.7953,0.1937,-0.1988,0.5389,3616.55,-5.80,-26.42,32.24,55863.8,0,0.00,0.00,3
59346,-0.002,-0.006,-2.008,-13.550,1.587,23.071,0.000,-0.000,0.000,-0.7969,0.1947,-0.2011,0.5353,3616.85,-5.93,-26.38,32.51,55859.0,0,0.00,0.00,3
59366,-0.005,-0.007,-2.010,-13.733,1.770,22.949,0.000,-0.000,0.000,-0.7986,0.1956,-0.2034,0.5317,3617.15,-6.07,-26.34,32.78,55857.4,0,0.00,0.00,3
59386,-0.002,-0.006,-2.008,-13.977,1.892,22.888,0.000,-0.000,0.000,-0.8001,0.1966,-0.2057,0.5280,3617.45,-6.20,-26.27,33.06,55854.7,0,0.00,0.00,3
59406,-0.004,-0.008,-2.011,-14.038,2.136,22.705,0.000,-0.000,0.000,-0.8016,0.1975,-0.2081,0.5244,3617.68,-6.38,-26.23,33.35,55864.0,0,0.00,0.00,3
59426,-0.002,-0.007,-2.010,-14.160,2.197,22.644,0.000,-0.000,0.000,-0.8031,0.1985,-0.2105,0.5208,3617.95,-6.54,-26.18,33.63,55856.0,0,0.00,0.00,3
59446,-0.004,-0.006,-2.011,-14.343,2.380,22.339,0.000,-0.000,0.000,-0.8046,0.1994,-0.2129,0.5172,3618.21,-6.69,-26.13,33.92,55853.9,0,0.00,0.00,3
59466,-0.003,-0.006,-2.010,-14.404,2.502,22.339,0.000,-0.000,0.000,-0.8060,0.2004,-0.2153,0.5137,3618.48,-6.83,-26.07,34.21,55849.8,0,0.00,0.00,3
59486,-0.004,-0.009,-2.012,-14.526,2.563,22.095,0.000,-0.000,0.000,-0.8074,0.2014,-0.2178,0.5101,3618.76,-6.96,-26.01,34.51,55846.6,0,0.00,0.00,3
59506,-0.001,-0.006,-2.013,-14.771,2.930,22.034,0.000,-0.000,0.000,-0.8087,0.2024,-0.2203,0.5065,3619.00,-7.12,-25.98,34.81,55851.2,0,0.00,0.00,3
59526,-0.006,-0.010,-2.013,-14.893,2.991,21.790,0.000,-0.000,0.000,-0.8100,0.2034,-0.2228,0.5030,3619.21,-7.30,-25.89,35.11,55853.3,0,0.00,0.00,3
59546,-0.002,-0.009,-2.011,-14.954,3.174,21.667,0.000,-0.000,0.000,-0.8112,0.2043,-0.2253,0.4994,3619.44,-7.46,-25.82,35.42,55848.8,0,0.00,0.00,3
59566,-0.003,-0.008,-2.013,-15.198,3.296,21.545,0.000,-0.000,0.000,-0.8124,0.2054,-0.2279,0.4959,3619.65,-7.64,-25.78,35.73,55850.9,0,0.00,0.00,3
59586,-0.005,-0.008,-2.013,-15.320,3.418,21.606,0.000,-0.000,0.000,-0.8136,0.2064,-0.2304,0.4923,3619.94,-7.74,-25.71,36.04,55833.0,0,0.00,0.00,3
59606,-0.002,-0.010,-2.016,-15.381,3.540,21.301,0.000,-0.000,0.000,-0.8147,0.2074,-0.2330,0.4888,3620.19,-7.87,-25.67,36.35,55837.1,0,0.00,0.00,3
59626,-0.005,-0.010,-2.009,-15.625,3.662,21.179,0.000,-0.000,0.000,-0.8158,0.2084,-0.2356,0.4853,3620.49,-7.95,-25.54,36.67,55826.2,0,0.00,0.00,3
59646,-0.006,-0.009,-2.016,-15.625,3.784,20.996,0.000,-0.000,0.000,-0.8168,0.2095,-0.2383,0.4818,3620.71,-8.10,-25.53,37.00,55839.2,0,0.00,0.00,3
59666,-0.003,-0.010,-2.010,-15.808,4.028,20.874,0.000,-0.000,0.000,-0.8178,0.2105,-0.2409,0.4783,3620.90,-8.28,-25.42,37.32,55843.8,0,0.00,0.00,3
59688,-0.003,-0.008,-2.014,-16.174,4.150,20.813,0.000,-0.000,0.000,-0.8188,0.2116,-0.2436,0.4748,3621.06,-8.48,-25.39,37.65,55846.1,0,0.00,0.00,3
59706,-0.005,-0.009,-2.015,-16.052,4.272,20.691,0.000,-0.000,0.000,-0.8197,0.2127,-0.2463,0.4713,3621.26,-8.64,-25.32,37.98,55836.5,0,0.00,0.00,3
59726,-0.002,-0.011,-2.016,-16.174,4.578,20.630,0.000,-0.000,0.000,-0.8206,0.2137,-0.2491,0.4678,3621.46,-8.80,-25.25,38.32,55836.6,0,0.00,0.00,3
59746,-0.004,-0.010,-2.016,-16.418,4.700,20.386,0.000,-0.000,0.000,-0.8215,0.2148,-0.2519,0.4644,3621.75,-8.86,-25.17,38.66,55815.8,0,0.00,0.00,3
59766,-0.005,-0.013,-2.014,-16.541,4.761,20.203,0.000,-0.000,0.000,-0.8223,0.2159,-0.2546,0.4609,3621.91,-9.04,-25.07,39.00,55838.1,0,0.00,0.00,3
59786,-0.003,-0.012,-2.017,-16.663,5.005,20.142,0.000,-0.000,0.000,-0.8230,0.2170,-0.2575,0.4575,3622.09,-9.20,-25.02,39.35,55833.4,0,0.00,0.00,3
59806,-0.003,-0.011,-2.014,-16.785,5.127,20.081,0.000,-0.000,0.000,-0.8237,0.2181,-0.2603,0.4540,3622.29,-9.34,-24.93,39.70,55827.2,0,0.00,0.00,3
59826,-0.003,-0.015,-2.017,-17.029,5.371,19.775,0.000,-0.000,0.000,-0.8244,0.2192,-0.2632,0.4506,3622.47,-9.49,-24.85,40.06,55829.1,0,0.00,0.00,3
59846,-0.004,-0.011,-2.013,-17.151,5.554,19.836,0.000,-0.000,0.000,-0.8250,0.2203,-0.2661,0.4472,3622.70,-9.59,-24.76,40.42,55817.3,0,0.00,0.00,3
59866,-0.004,-0.012,-2.015,-17.212,5.737,19.775,0.000,-0.000,0.000,-0.8257,0.2214,-0.2690,0.4437,3622.86,-9.75,-24.69,40.78,55829.1,0,0.00,0.00,3
59886,-0.004,-0.013,-2.017,-17.395,5.981,19.531,0.000,-0.000,0.000,-0.8262,0.2226,-0.2720,0.4403,3623.07,-9.86,-24.61,41.15,55818.9,0,0.00,0.00,3
59906,-0.006,-0.014,-2.015,-17.517,6.226,19.531,0.000,-0.000,0.000,-0.8267,0.2237,-0.2750,0.4369,3623.23,-10.02,-24.51,41.52,55826.1,0,0.00,0.00,3
59926,-0.003,-0.014,-2.014,-17.700,6.226,19.348,0.000,-0.000,0.000,-0.8272,0.2248,-0.2780,0.4335,3623.38,-10.17,-24.42,41.89,55824.8,0,0.00,0.00,3
59946,-0.002,-0.013,-2.012,-17.883,6.531,19.165,0.000,-0.000,0.000,-0.8276,0.2260,-0.2810,0.4301,3623.57,-10.28,-24.32,42.27,55816.5,0,0.00,0.00,3
59966,-0.004,-0.015,-2.017,-18.005,6.592,19.104,0.000,-0.000,0.000,-0.8280,0.2271,-0.2841,0.4268,3623.74,-10.41,-24.25,42.66,55818.9,0,0.00,0.00,3
59986,-0.003,-0.016,-2.016,-18.188,6.958,18.921,0.000,-0.000,0.000,-0.8283,0.2283,-0.2872,0.4234,3623.90,-10.55,-24.15,43.04,55819.2,0,0.00,0.00,3
60006,-0.003,-0.016,-2.017,-18.250,7.019,18.982,0.000,-0.000,0.000,-0.8287,0.2295,-0.2903,0.4200,3624.08,-10.66,-24.06,43.43,55813.4,0,0.00,0.00,3
60026,-0.003,-0.017,-2.019,-18.494,7.141,18.677,0.000,-0.000,0.000,-0.8289,0.2307,-0.2934,0.4166,3624.20,-10.83,-23.98,43.83,55823.2,0,0.00,0.00,3
60046,-0.005,-0.017,-2.015,-18.494,7.385,18.616,0.000,-0.000,0.000,-0.8291,0.2319,-0.2966,0.4133,3624.39,-10.93,-23.85,44.23,55809.6,0,0.00,0.00,3
60066,-0.005,-0.016,-2.018,-18.799,7.629,18.555,0.000,-0.000,0.000,-0.8293,0.2331,-0.2998,0.4099,3624.48,-11.11,-23.78,44.63,55826.4,0,0.00,0.00,3
60086,-0.003,-0.018,-2.019,-18.921,7.935,18.372,0.000,-0.000,0.000,-0.8294,0.2343,-0.3030,0.4066,3624.54,-11.32,-23.68,45.04,55829.8,0,0.00,0.00,3
60106,-0.004,-0.015,-2.019,-19.043,8.118,18.372,0.000,-0.000,0.000,-0.8295,0.2355,-0.3063,0.4033,3624.72,-11.40,-23.59,45.46,55806.2,0,0.00,0.00,3
60126,-0.004,-0.018,-2.021,-19.165,8.179,18.066,0.000,-0.000,0.000,-0.8296,0.2367,-0.3096,0.4000,3624.88,-11.51,-23.48,45.87,55809.4,0,0.00,0.00,3
60146,-0.001,-0.018,-2.018,-19.409,8.423,18.188,0.000,-0.000,0.000,-0.8296,0.2380,-0.3129,0.3966,3625.02,-11.63,-23.36,46.29,55810.2,0,0.00,0.00,3
60166,-0.006,-0.019,-2.021,-19.592,8.667,18.005,0.000,-0.000,0.000,-0.8295,0.2392,-0.3162,0.3933,3625.18,-11.72,-23.26,46.72,55806.1,0,0.00,0.00,3
60186,-0.007,-0.020,-2.019,-19.714,8.972,17.822,0.000,-0.000,0.000,-0.8294,0.2405,-0.3196,0.3900,3625.29,-11.86,-23.12,47.15,55814.2,0,0.00,0.00,3
60206,-0.006,-0.018,-2.020,-19.775,9.094,17.822,0.000,-0.000,0.000,-0.8293,0.2417,-0.3230,0.3867,3625.35,-12.04,-23.03,47.59,55821.4,0,0.00,0.00,3
60226,-0.007,-0.021,-2.021,-19.958,9.399,17.700,0.000,-0.000,0.000,-0.8291,0.2430,-0.3265,0.3834,3625.41,-12.21,-22.90,48.03,55820.5,0,0.00,0.00,3
60246,-0.008,-0.020,-2.022,-20.203,9.521,17.639,0.000,-0.000,0.000,-0.8289,0.2442,-0.3300,0.3801,3625.52,-12.34,-22.80,48.48,55811.4,0,0.00,0.00,3
60266,-0.007,-0.021,-2.023,-20.325,9.705,17.517,0.000,-0.000,0.000,-0.8286,0.2455,-0.3335,0.3768,3625.65,-12.44,-22.68,48.92,55805.4,0,0.00,0.00,3
60286,-0.006,-0.023,-2.021,-20.447,10.071,17.395,0.000,-0.000,0.000,-0.8282,0.2468,-0.3370,0.3735,3625.73,-12.58,-22.54,49.38,55813.9,0,0.00,0.00,3
60308,-0.007,-0.022,-2.022,-20.630,10.193,17.334,0.000,-0.000,0.000,-0.8279,0.2481,-0.3406,0.3702,3625.86,-12.67,-22.43,49.84,55803.2,0,0.00,0.00,3
60326,-0.006,-0.022,-2.022,-20.752,10.559,17.273,0.000,-0.000,0.000,-0.8275,0.2494,-0.3442,0.3670,3625.93,-12.81,-22.31,50.30,55813.4,0,0.00,0.00,3
60346,-0.006,-0.023,-2.026,-20.996,10.742,17.090,0.000,-0.000,0.000,-0.8270,0.2507,-0.3478,0.3637,3625.97,-12.97,-22.20,50.78,55816.8,0,0.00,0.00,3
60366,-0.006,-0.024,-2.024,-21.057,11.047,16.968,0.000,-0.000,0.000,-0.8265,0.2520,-0.3515,0.3605,3626.07,-13.07,-22.05,51.25,55805.9,0,0.00,0.00,3
60386,-0.009,-0.023,-2.024,-21.301,11.230,16.907,0.000,-0.000,0.000,-0.8259,0.2533,-0.3552,0.3572,3626.14,-13.20,-21.91,51.73,55809.6,0,0.00,0.00,3
60406,-0.009,-0.025,-2.025,-21.362,11.597,16.846,0.000,-0.000,0.000,-0.8253,0.2546,-0.3589,0.3540,3626.30,-13.24,-21.77,52.22,55793.4,0,0.00,0.00,3
60426,-0.005,-0.027,-2.027,-21.545,11.597,16.724,0.000,-0.000,0.000,-0.8246,0.2560,-0.3627,0.3507,3626.40,-13.32,-21.65,52.71,55801.3,0,0.00,0.00,3
60446,-0.008,-0.026,-2.024,-21.729,11.963,16.663,0.000,-0.000,0.000,-0.8239,0.2573,-0.3665,0.3475,3626.50,-13.41,-21.49,53.20,55801.4,0,0.00,0.00,3
60466,-0.009,-0.026,-2.025,-21.973,12.329,16.479,0.000,-0.000,0.000,-0.8231,0.2587,-0.3703,0.3442,3626.56,-13.53,-21.35,53.70,55809.6,0,0.00,0.00,3
60486,-0.011,-0.029,-2.028,-22.156,12.573,16.479,0.000,-0.000,0.000,-0.8223,0.2600,-0.3742,0.3410,3626.67,-13.59,-21.20,54.21,55796.8,0,0.00,0.00,3
60506,-0.008,-0.029,-2.027,-22.339,12.756,16.357,0.000,-0.000,0.000,-0.8214,0.2614,-0.3781,0.3378,3626.75,-13.69,-21.05,54.73,55803.4,0,0.00,0.00,3
60526,-0.006,-0.030,-2.030,-22.461,12.878,16.235,0.000,-0.000,0.000,-0.8204,0.2628,-0.3820,0.3345,3626.84,-13.76,-20.93,55.24,55798.1,0,0.00,0.00,3
60546,-0.010,-0.030,-2.028,-22.522,13.306,16.235,0.000,-0.000,0.000,-0.8195,0.2641,-0.3859,0.3313,3626.92,-13.84,-20.75,55.77,55800.8,0,0.00,0.00,3
60566,-0.011,-0.033,-2.031,-22.827,13.489,16.174,0.000,-0.000,0.000,-0.8184,0.2655,-0.3899,0.3281,3627.00,-13.92,-20.58,56.30,55800.0,0,0.00,0.00,3
60586,-0.010,-0.032,-2.034,-23.010,13.855,16.113,0.000,-0.000,0.000,-0.8173,0.2669,-0.3940,0.3249,3627.08,-13.99,-20.45,56.83,55799.7,0,0.00,0.00,3
60606,-0.010,-0.033,-2.029,-23.132,14.160,15.930,0.000,-0.000,0.000,-0.8162,0.2683,-0.3980,0.3216,3627.12,-14.09,-20.26,57.37,55805.0,0,0.00,0.00,3
60626,-0.013,-0.033,-2.029,-23.315,14.404,15.991,0.000,-0.000,0.000,-0.8150,0.2697,-0.4021,0.3184,3627.20,-14.16,-20.09,57.92,55798.4,0,0.00,0.00,3
