Time[ms],AccX[g],AccY[g],AccZ[g],GyroX[°/s],GyroY[°/s],GyroZ[°/s],MagX[uT],MagY[uT],MagZ[uT],qW,qX,qY,qZ,AltFilt[m],VelFilt[m/s],AccVert[m/s^2],Tilt[°],PressBMP[Pa],Servo[%],PID_Gain,Cd_Gain,Estado
44489,0.001,0.000,1.003,0.061,-0.061,-0.061,40.792,-7.486,52.597,1.0000,0.0003,-0.0007,-0.0001,0.14,-0.00,0.00,0.09,94819.8,0,0.00,0.00,2
44689,0.001,-0.000,1.004,0.061,0.000,-0.000,39.464,-6.557,52.790,1.0000,0.0000,-0.0008,-0.0002,0.15,0.00,0.00,0.09,94817.4,0,0.00,0.00,2
44889,0.003,-0.001,1.004,0.061,0.061,-0.061,41.878,-4.296,51.631,1.0000,0.0001,-0.0009,-0.0003,0.17,-0.00,0.00,0.10,94819.5,0,0.00,0.00,2
45089,0.002,-0.000,1.003,0.061,0.122,-0.061,41.292,-6.074,53.563,1.0000,0.0002,-0.0009,-0.0004,0.13,0.00,0.00,0.10,94816.7,0,0.00,0.00,2
45289,0.001,0.000,1.004,0.122,0.000,-0.000,41.602,-6.046,52.018,1.0000,0.0003,-0.0008,-0.0004,0.11,0.00,0.00,0.09,94816.7,0,0.00,0.00,2
45489,0.002,0.000,1.001,0.061,0.000,-0.000,40.257,-6.008,52.790,1.0000,0.0001,-0.0010,-0.0004,0.09,0.00,0.00,0.11,94816.0,0,0.00,0.00,2
45689,0.002,0.000,1.003,0.122,0.000,-0.061,40.947,-5.136,51.824,1.0000,0.0001,-0.0009,-0.0005,0.09,-0.00,0.00,0.09,94819.3,0,0.00,0.00,2
45889,0.003,-0.000,1.001,0.061,0.000,-0.061,41.723,-6.646,52.404,1.0000,0.0002,-0.0011,-0.0006,0.08,-0.00,0.00,0.13,94820.1,0,0.00,0.00,2
46089,0.002,0.000,1.002,0.122,0.122,-0.061,39.740,-8.894,52.404,1.0000,0.0002,-0.0008,-0.0007,0.07,-0.00,0.00,0.09,94825.4,0,0.00,0.00,2
46289,-0.000,-0.000,1.005,0.061,0.061,-0.000,40.533,-4.842,52.404,1.0000,0.0000,-0.0007,-0.0008,0.07,-0.00,0.00,0.08,94819.5,0,0.00,0.00,2
46489,0.001,0.000,1.001,0.122,-0.061,-0.000,40.240,-8.650,53.370,1.0000,0.0001,-0.0008,-0.0008,0.06,0.00,0.00,0.09,94817.5,0,0.00,0.00,2
46689,0.001,0.001,1.004,0.061,0.000,-0.000,40.344,-4.886,54.335,1.0000,0.0001,-0.0010,-0.0009,0.05,-0.00,0.00,0.11,94820.6,0,0.00,0.00,2
46889,0.002,-0.001,1.003,0.061,0.061,-0.000,41.326,-6.628,52.404,1.0000,0.0000,-0.0010,-0.0010,0.04,0.00,0.00,0.11,94818.0,0,0.00,0.00,2
47089,0.002,0.000,1.004,0.061,0.000,-0.061,41.982,-7.538,52.597,1.0000,-0.0000,-0.0010,-0.0010,0.03,0.00,0.00,0.11,94817.4,0,0.00,0.00,2
47289,0.000,0.000,1.002,0.061,-0.061,-0.000,40.741,-7.823,54.335,1.0000,0.0001,-0.0008,-0.0011,0.03,0.00,0.00,0.09,94816.5,0,0.00,0.00,2
47489,0.001,0.000,1.004,0.061,0.061,-0.061,40.637,-6.332,53.370,1.0000,0.0001,-0.0009,-0.0011,0.04,0.00,0.00,0.10,94818.5,0,0.00,0.00,2
47689,0.002,0.000,1.002,0.061,0.061,-0.061,39.326,-6.848,52.983,1.0000,0.0002,-0.0010,-0.0012,0.03,-0.00,0.00,0.12,94824.1,0,0.00,0.00,2
47889,0.001,0.001,1.003,0.122,-0.061,-0.000,39.982,-3.671,53.176,1.0000,0.0001,-0.0009,-0.0013,0.03,0.00,0.00,0.10,94816.7,0,0.00,0.00,2
48089,0.002,0.001,1.002,0.061,0.122,-0.000,40.153,-4.517,51.824,1.0000,0.0003,-0.0009,-0.0012,0.03,0.00,0.00,0.11,94817.9,0,0.00,0.00,2
48289,0.002,0.000,1.002,0.061,0.000,-0.000,40.550,-5.703,51.824,1.0000,0.0001,-0.0009,-0.0013,0.03,-0.00,0.00,0.10,94820.3,0,0.00,0.00,2
48489,0.001,0.001,1.001,0.122,0.000,-0.000,40.516,-5.733,52.983,1.0000,0.0001,-0.0010,-0.0013,0.02,-0.00,0.00,0.11,94820.5,0,0.00,0.00,2
48689,0.001,0.001,1.004,0.122,0.061,-0.000,39.481,-7.418,52.211,1.0000,0.0001,-0.0009,-0.0014,0.01,-0.00,0.00,0.10,94822.1,0,0.00,0.00,2
48889,0.000,0.000,1.004,0.122,0.061,-0.061,39.377,-10.598,51.245,1.0000,0.0001,-0.0009,-0.0014,0.01,0.00,0.00,0.11,94815.5,0,0.00,0.00,2
49089,0.002,0.001,1.004,0.122,0.061,-0.061,40.446,-4.796,50.859,1.0000,0.0000,-0.0010,-0.0014,0.01,-0.00,0.00,0.12,94821.3,0,0.00,0.00,2
49289,0.002,-0.001,1.001,0.061,-0.122,-0.061,39.844,-6.881,53.370,1.0000,0.0000,-0.0010,-0.0015,0.01,-0.00,0.00,0.12,94821.8,0,0.00,0.00,2
49489,0.001,0.000,1.002,0.122,0.000,-0.000,41.292,-4.323,53.563,1.0000,0.0001,-0.0009,-0.0015,0.01,-0.00,0.00,0.09,94821.3,0,0.00,0.00,2
49689,0.002,0.000,1.002,0.061,0.061,0.061,41.689,-6.676,53.563,1.0000,0.0001,-0.0009,-0.0016,0.01,0.00,0.00,0.10,94816.7,0,0.00,0.00,2
49889,0.003,0.000,1.002,0.061,0.061,-0.000,38.826,-8.259,52.018,1.0000,0.0001,-0.0010,-0.0016,0.01,0.00,0.00,0.11,94817.4,0,0.00,0.00,2
50089,0.001,0.001,1.001,0.061,0.000,-0.061,40.671,-7.470,52.211,1.0000,0.0001,-0.0009,-0.0016,-0.00,-0.00,0.00,0.09,94824.8,0,0.00,0.00,2
50289,0.002,-0.000,1.004,-0.000,-0.061,-0.000,40.654,-6.609,52.790,1.0000,-0.0000,-0.0009,-0.0017,-0.00,-0.00,0.00,0.09,94822.0,0,0.00,0.00,2
50489,0.001,-0.000,1.000,0.061,0.000,-0.061,40.826,-8.040,51.438,1.0000,0.0000,-0.0008,-0.0017,-0.01,0.00,0.00,0.09,94819.8,0,0.00,0.00,2
50689,0.001,0.001,1.003,-0.000,-0.061,-0.061,40.136,-6.576,52.404,1.0000,0.0002,-0.0007,-0.0018,-0.01,-0.00,0.00,0.08,94822.0,0,0.00,0.00,2
50889,0.001,0.001,1.002,0.122,0.000,-0.061,41.155,-8.117,53.756,1.0000,0.0003,-0.0007,-0.0019,-0.01,-0.00,0.00,0.08,94822.1,0,0.00,0.00,2
51089,0.000,0.000,1.006,0.061,0.122,-0.061,40.395,-6.301,52.597,1.0000,0.0003,-0.0006,-0.0020,-0.01,-0.00,0.00,0.07,94822.0,0,0.00,0.00,2
51289,0.002,0.000,1.002,0.122,0.061,-0.000,41.051,-5.459,52.790,1.0000,0.0002,-0.0008,-0.0020,-0.01,0.00,0.00,0.09,94818.7,0,0.00,0.00,2
51489,0.001,-0.000,1.001,0.061,0.000,-0.000,38.412,-5.630,52.597,1.0000,0.0001,-0.0008,-0.0021,-0.01,-0.00,0.00,0.09,94822.8,0,0.00,0.00,2
51689,0.002,0.000,1.002,0.061,0.000,-0.000,39.515,-4.468,51.052,1.0000,0.0002,-0.0009,-0.0021,-0.02,-0.00,0.00,0.09,94820.9,0,0.00,0.00,2
51889,0.001,-0.000,1.003,-0.000,0.061,-0.061,39.861,-5.990,52.790,1.0000,0.0001,-0.0008,-0.0022,-0.02,0.00,0.00,0.09,94819.2,0,0.00,0.00,2
52089,0.001,0.001,1.000,0.122,0.061,-0.061,39.757,-6.835,51.824,1.0000,0.0002,-0.0007,-0.0023,-0.03,0.00,0.00,0.08,94819.6,0,0.00,0.00,2
52289,-0.000,-0.001,1.001,0.061,0.000,-0.061,40.187,-8.574,50.665,1.0000,0.0001,-0.0006,-0.0023,-0.03,-0.00,0.00,0.07,94826.8,0,0.00,0.00,2
52489,0.002,0.000,1.002,-0.000,0.000,-0.061,39.757,-6.835,51.824,1.0000,-0.0001,-0.0008,-0.0024,-0.03,-0.00,0.00,0.09,94826.1,0,0.00,0.00,2
52689,0.002,-0.001,1.004,0.061,0.122,-0.000,39.118,-5.619,51.052,1.0000,0.0001,-0.0009,-0.0025,-0.03,0.00,0.00,0.10,94820.8,0,0.00,0.00,2
52889,0.001,0.000,1.003,0.061,0.000,-0.061,40.533,-6.593,52.404,1.0000,0.0001,-0.0009,-0.0026,-0.03,0.00,0.00,0.11,94817.5,0,0.00,0.00,2
53089,0.001,-0.000,1.002,0.061,0.122,-0.000,40.015,-6.560,52.018,1.0000,0.0003,-0.0010,-0.0027,-0.03,-0.00,0.00,0.12,94824.6,0,0.00,0.00,2
53289,0.001,0.001,1.002,0.061,0.061,-0.061,38.947,-6.524,52.404,1.0000,0.0003,-0.0008,-0.0028,-0.02,0.00,0.00,0.09,94819.2,0,0.00,0.00,2
53489,0.002,0.002,1.003,0.061,0.000,-0.061,42.499,-6.404,52.983,1.0000,0.0004,-0.0009,-0.0029,-0.02,0.00,0.00,0.11,94818.7,0,0.00,0.00,2
53689,0.001,0.000,1.001,0.061,-0.061,-0.061,41.878,-5.464,51.631,1.0000,0.0002,-0.0010,-0.0029,-0.02,-0.00,0.00,0.12,94822.0,0,0.00,0.00,2
53889,0.002,0.000,1.001,0.061,0.061,-0.000,40.637,-6.332,53.370,1.0000,0.0002,-0.0009,-0.0031,-0.02,0.00,0.00,0.10,94820.8,0,0.00,0.00,2
54089,0.001,-0.000,1.003,0.122,0.000,0.061,41.172,-5.475,53.176,1.0000,0.0002,-0.0008,-0.0030,-0.01,-0.00,0.00,0.09,94827.9,0,0.00,0.00,2
54289,0.001,0.000,1.001,0.122,0.000,-0.000,39.343,-6.541,52.404,1.0000,0.0001,-0.0009,-0.0031,-0.02,0.00,0.00,0.10,94818.5,0,0.00,0.00,2
54489,0.003,-0.001,1.003,0.061,0.000,-0.000,39.723,-8.033,52.983,1.0000,0.0001,-0.0009,-0.0032,-0.01,0.00,0.00,0.10,94819.2,0,0.00,0.00,2
54689,0.001,0.000,1.001,0.061,0.061,-0.061,40.930,-7.195,52.404,1.0000,0.0002,-0.0009,-0.0033,-0.01,-0.00,0.00,0.10,94822.8,0,0.00,0.00,2
54889,0.001,0.000,1.003,0.122,0.000,-0.061,41.172,-7.810,53.176,1.0000,0.0002,-0.0007,-0.0033,-0.01,0.00,0.00,0.08,94817.5,0,0.00,0.00,2
55089,0.002,0.000,1.004,0.061,0.000,-0.000,40.792,-6.318,52.597,1.0000,0.0002,-0.0010,-0.0033,-0.01,-0.00,0.00,0.12,94824.6,0,0.00,0.00,2
55289,0.001,-0.001,1.002,0.122,0.000,-0.061,39.326,-8.016,52.983,1.0000,0.0001,-0.0009,-0.0035,-0.01,0.00,0.00,0.10,94820.0,0,0.00,0.00,2
55489,0.002,0.000,1.003,0.122,0.061,-0.061,39.878,-5.684,52.211,1.0000,0.0001,-0.0009,-0.0035,-0.01,-0.00,0.00,0.10,94824.1,0,0.00,0.00,2
55689,0.001,0.001,1.003,0.061,-0.061,-0.061,41.138,-6.089,54.335,1.0000,0.0003,-0.0010,-0.0039,-0.01,-0.00,0.00,0.12,94821.5,0,0.00,0.00,2
55889,0.003,0.001,1.002,0.122,-0.061,-0.000,40.120,-6.299,52.983,1.0000,0.0002,-0.0013,-0.0037,-0.01,0.00,0.00,0.15,94819.2,0,0.00,0.00,2
56089,0.002,0.001,1.000,0.122,0.061,-0.000,41.326,-3.709,52.404,1.0000,0.0004,-0.0012,-0.0039,-0.02,0.00,0.00,0.14,94820.5,0,0.00,0.00,2
56289,0.001,-0.002,1.002,0.061,0.000,-0.061,40.516,-7.484,52.983,1.0000,0.0001,-0.0010,-0.0043,-0.02,-0.00,0.00,0.12,94825.1,0,0.00,0.00,2
56489,0.003,-0.001,1.002,0.122,0.061,-0.061,37.757,-4.720,52.404,1.0000,0.0002,-0.0009,-0.0042,-0.02,-0.00,0.00,0.10,94822.9,0,0.00,0.00,2
56689,0.002,-0.000,1.002,0.061,0.061,-0.000,40.671,-4.551,52.211,1.0000,0.0002,-0.0009,-0.0044,-0.02,0.00,0.00,0.10,94820.6,0,0.00,0.00,2
56889,0.002,0.000,1.003,0.122,0.061,-0.000,42.344,-6.418,53.756,1.0000,0.0001,-0.0010,-0.0047,-0.02,0.00,0.00,0.11,94821.2,0,0.00,0.00,2
57089,0.001,0.000,1.003,0.122,0.000,-0.000,39.740,-5.975,52.404,1.0000,0.0002,-0.0010,-0.0048,-0.02,-0.00,0.00,0.11,94828.4,0,0.00,0.00,2
57289,0.003,-0.001,1.002,0.122,0.122,-0.061,40.671,-7.470,52.211,1.0000,0.0001,-0.0011,-0.0049,-0.02,-0.00,0.00,0.12,94821.8,0,0.00,0.00,2
57489,0.002,0.000,1.003,0.122,0.000,-0.000,41.172,-6.642,53.176,1.0000,0.0001,-0.0010,-0.0049,-0.02,-0.00,0.00,0.10,94826.4,0,0.00,0.00,2
57689,0.001,0.000,1.003,0.183,-0.061,-0.000,40.930,-8.946,52.404,1.0000,0.0001,-0.0008,-0.0050,-0.02,0.00,0.00,0.09,94817.9,0,0.00,0.00,2
57889,0.002,0.001,1.002,0.061,0.000,-0.061,41.034,-5.766,53.370,1.0000,0.0002,-0.0009,-0.0050,-0.02,0.00,0.00,0.10,94820.0,0,0.00,0.00,2
58089,0.001,0.000,1.003,0.122,-0.061,-0.122,41.430,-5.783,53.370,1.0000,0.0002,-0.0009,-0.0050,-0.02,-0.00,0.00,0.10,94825.9,0,0.00,0.00,2
58289,0.002,-0.000,1.003,0.061,-0.061,-0.000,41.861,-5.771,52.211,1.0000,0.0002,-0.0011,-0.0050,-0.01,0.00,0.00,0.12,94820.5,0,0.00,0.00,2
58489,0.001,-0.001,1.002,0.061,-0.061,-0.000,39.481,-6.250,52.211,1.0000,0.0001,-0.0011,-0.0053,-0.01,-0.00,0.00,0.12,94822.5,0,0.00,0.00,2
58689,0.002,0.000,1.003,0.122,0.000,-0.061,40.913,-7.502,52.983,1.0000,0.0003,-0.0010,-0.0055,-0.01,-0.00,0.00,0.12,94822.0,0,0.00,0.00,2
58889,0.001,0.000,1.003,-0.000,0.061,-0.061,41.447,-6.060,52.790,1.0000,0.0003,-0.0008,-0.0056,-0.01,0.00,0.00,0.10,94821.5,0,0.00,0.00,2
59089,0.001,0.000,1.002,0.122,0.000,-0.061,39.999,-6.283,52.597,1.0000,0.0004,-0.0010,-0.0054,-0.02,0.00,0.00,0.12,94821.7,0,0.00,0.00,2
59289,0.001,0.000,1.001,0.061,0.122,-0.000,41.585,-8.104,52.597,1.0000,0.0004,-0.0009,-0.0055,-0.02,0.00,0.00,0.11,94815.7,0,0.00,0.00,2
59489,0.004,-0.001,1.003,-0.000,-0.061,-0.000,40.792,-6.902,52.597,1.0000,0.0002,-0.0011,-0.0060,-0.02,-0.00,0.00,0.13,94824.3,0,0.00,0.00,2
59689,0.003,-0.001,1.002,0.061,0.000,-0.061,42.069,-4.665,54.142,1.0000,0.0002,-0.0011,-0.0058,-0.01,-0.00,0.00,0.12,94824.8,0,0.00,0.00,2
59889,0.003,0.001,1.003,0.061,0.000,-0.000,39.965,-9.232,53.756,1.0000,0.0002,-0.0011,-0.0060,-0.02,-0.00,0.00,0.13,94822.5,0,0.00,0.00,2
60089,0.002,-0.000,1.003,0.061,-0.061,-0.000,41.034,-6.934,53.370,1.0000,0.0001,-0.0011,-0.0059,-0.02,-0.00,0.00,0.13,94827.6,0,0.00,0.00,2
60289,0.002,0.000,1.003,0.061,0.122,-0.000,40.086,-5.745,54.142,1.0000,0.0002,-0.0010,-0.0056,-0.02,0.00,0.00,0.11,94820.5,0,0.00,0.00,2
60489,0.002,-0.000,1.002,0.061,0.000,-0.061,39.774,-4.777,51.245,1.0000,0.0001,-0.0009,-0.0054,-0.02,-0.00,0.00,0.11,94823.6,0,0.00,0.00,2
60689,0.001,-0.001,1.003,0.122,0.000,-0.061,39.464,-8.308,52.790,1.0000,-0.0001,-0.0010,-0.0054,-0.02,0.00,0.00,0.11,94821.8,0,0.00,0.00,2
60889,0.002,0.000,1.002,0.061,0.061,-0.061,40.257,-7.176,52.790,1.0000,0.0001,-0.0009,-0.0058,-0.02,0.00,0.00,0.10,94821.0,0,0.00,0.00,2
61089,0.001,0.000,1.002,0.122,0.122,-0.061,41.205,-6.612,52.018,1.0000,0.0002,-0.0008,-0.0057,-0.03,-0.00,0.00,0.09,94823.3,0,0.00,0.00,2
61289,0.002,0.001,1.004,-0.000,0.000,-0.122,40.516,-6.900,52.983,1.0000,0.0003,-0.0007,-0.0056,-0.03,0.00,0.00,0.08,94821.0,0,0.00,0.00,2
61489,0.001,-0.000,1.002,0.061,0.000,-0.061,42.361,-6.695,53.176,1.0000,0.0002,-0.0006,-0.0060,-0.03,0.00,0.00,0.07,94823.0,0,0.00,0.00,2
61689,0.002,0.000,1.003,0.122,0.061,-0.061,40.257,-6.592,52.790,1.0000,0.0000,-0.0007,-0.0062,-0.03,-0.00,0.00,0.08,94823.9,0,0.00,0.00,2
61889,0.001,0.000,1.003,0.122,0.061,-0.000,40.913,-5.166,52.983,1.0000,0.0002,-0.0010,-0.0066,-0.03,0.00,0.00,0.11,94820.8,0,0.00,0.00,2
62089,0.001,0.000,1.003,0.061,0.000,-0.122,40.136,-5.992,52.404,1.0000,0.0001,-0.0009,-0.0070,-0.03,-0.00,0.00,0.11,94826.9,0,0.00,0.00,2
62289,0.002,0.000,1.002,0.122,0.000,-0.061,40.741,-5.487,54.335,1.0000,0.0003,-0.0010,-0.0067,-0.03,0.00,0.00,0.12,94821.0,0,0.00,0.00,2
62489,0.003,0.001,1.003,0.061,0.122,-0.000,39.447,-7.448,53.370,1.0000,0.0003,-0.0009,-0.0068,-0.03,0.00,0.00,0.11,94823.1,0,0.00,0.00,2
62689,0.002,-0.000,1.003,0.122,0.061,-0.061,42.654,-5.222,52.211,1.0000,0.0001,-0.0009,-0.0067,-0.02,0.00,0.00,0.09,94819.5,0,0.00,0.00,2
62889,0.001,-0.000,1.000,0.122,-0.061,0.061,39.706,-4.253,53.563,1.0000,0.0000,-0.0008,-0.0069,-0.02,-0.00,0.00,0.09,94825.0,0,0.00,0.00,2
63089,0.002,0.000,1.005,0.122,0.000,-0.061,40.671,-7.470,52.211,1.0000,0.0002,-0.0010,-0.0071,-0.02,0.00,0.00,0.11,94822.3,0,0.00,0.00,2
63289,0.001,0.000,1.003,-0.000,0.061,-0.000,41.326,-6.628,52.404,1.0000,0.0002,-0.0010,-0.0070,-0.02,0.00,0.00,0.11,94821.0,0,0.00,0.00,2
63489,-0.001,0.001,1.002,0.061,0.000,-0.000,41.172,-6.642,53.176,1.0000,0.0003,-0.0007,-0.0073,-0.03,-0.00,0.00,0.09,94825.5,0,0.00,0.00,2
63689,0.002,0.000,1.003,0.061,0.000,-0.061,40.775,-7.209,53.176,1.0000,0.0001,-0.0009,-0.0083,-0.02,-0.00,0.00,0.11,94826.3,0,0.00,0.00,2
63889,0.004,0.000,1.000,0.122,0.000,-0.061,39.481,-5.666,52.211,1.0000,0.0001,-0.0013,-0.0085,-0.02,0.00,0.00,0.15,94822.9,0,0.00,0.00,2
64089,0.003,0.001,1.003,0.122,0.061,-0.000,40.153,-6.269,51.824,1.0000,0.0003,-0.0011,-0.0099,-0.03,-0.00,0.00,0.13,94832.4,0,0.00,0.00,2
64289,-0.000,-0.000,1.001,0.061,0.061,-0.000,42.052,-6.139,54.722,0.9999,0.0002,-0.0008,-0.0106,-0.03,-0.00,0.00,0.09,94825.8,0,0.00,0.00,2
64489,0.003,-0.000,1.002,0.061,-0.061,-0.061,39.360,-8.569,51.824,0.9999,0.0001,-0.0010,-0.0113,-0.03,-0.00,0.00,0.11,94825.5,0,0.00,0.00,2
64689,0.001,0.001,1.003,0.061,0.061,-0.061,40.032,-6.253,51.438,0.9999,0.0004,-0.0009,-0.0109,-0.03,-0.00,0.00,0.11,94828.9,0,0.00,0.00,2
64889,0.001,0.002,1.002,0.122,-0.061,-0.061,40.654,-3.690,52.790,0.9999,0.0004,-0.0008,-0.0122,-0.03,-0.00,0.00,0.10,94824.5,0,0.00,0.00,2
65089,0.002,0.001,1.001,0.122,0.000,-0.061,40.153,-8.021,51.824,0.9999,0.0004,-0.0009,-0.0122,-0.03,0.00,0.00,0.11,94822.0,0,0.00,0.00,2
65289,0.002,0.000,0.999,0.061,0.061,-0.061,41.067,-9.239,52.211,0.9999,0.0003,-0.0010,-0.0123,-0.03,0.00,0.00,0.12,94823.5,0,0.00,0.00,2
65489,0.002,0.000,0.999,0.122,-0.061,-0.000,41.861,-9.274,52.211,0.9999,0.0002,-0.0009,-0.0125,-0.03,-0.00,0.00,0.11,94829.4,0,0.00,0.00,2
65689,0.001,0.002,1.002,0.061,0.061,-0.061,40.361,-7.498,53.756,0.9999,0.0004,-0.0009,-0.0137,-0.03,0.00,0.00,0.11,94820.2,0,0.00,0.00,2
65889,0.003,0.000,1.001,0.122,0.000,-0.000,40.015,-8.312,52.018,0.9999,0.0003,-0.0011,-0.0135,-0.03,0.00,0.00,0.13,94824.5,0,0.00,0.00,2
66089,0.002,-0.001,1.004,0.061,-0.061,-0.000,40.533,-7.177,52.404,0.9999,0.0001,-0.0011,-0.0133,-0.03,0.00,0.00,0.13,94824.7,0,0.00,0.00,2
66289,0.001,-0.000,0.999,0.061,0.061,-0.061,40.930,-5.443,52.404,0.9999,0.0002,-0.0011,-0.0129,-0.03,-0.00,0.00,0.13,94826.8,0,0.00,0.00,2
66489,0.000,0.001,1.002,0.122,0.000,-0.000,39.619,-5.375,52.018,0.9999,0.0003,-0.0009,-0.0132,-0.03,-0.00,0.00,0.11,94825.5,0,0.00,0.00,2
66689,0.000,0.000,1.004,0.061,0.061,-0.000,40.843,-6.565,50.859,0.9999,0.0004,-0.0007,-0.0136,-0.03,-0.00,0.00,0.09,94825.0,0,0.00,0.00,2
66889,0.000,0.001,1.001,0.061,0.000,-0.000,42.480,-2.795,49.120,0.9999,0.0006,-0.0008,-0.0140,-0.03,-0.00,0.00,0.11,94824.8,0,0.00,0.00,2
67089,0.000,0.002,1.005,0.061,0.000,-0.122,40.913,-6.918,52.983,0.9999,0.0004,-0.0008,-0.0134,-0.03,-0.00,0.00,0.10,94827.3,0,0.00,0.00,2
67289,0.001,0.000,1.003,0.061,-0.061,0.061,40.654,-7.193,52.790,0.9999,0.0001,-0.0007,-0.0132,-0.03,-0.00,0.00,0.08,94825.5,0,0.00,0.00,2
67489,0.002,-0.001,1.001,0.061,0.000,-0.061,39.895,-7.712,51.631,0.9999,0.0001,-0.0007,-0.0136,-0.03,0.00,0.00,0.08,94822.2,0,0.00,0.00,2
67689,0.001,0.001,1.002,0.061,0.000,-0.061,40.775,-7.209,53.176,0.9999,0.0003,-0.0007,-0.0144,-0.03,-0.00,0.00,0.08,94825.5,0,0.00,0.00,2
67889,0.004,0.001,1.003,0.122,0.061,-0.000,41.689,-7.843,53.563,0.9999,0.0001,-0.0009,-0.0156,-0.03,0.00,0.00,0.11,94821.0,0,0.00,0.00,2
68089,0.001,0.000,1.003,0.122,0.061,-0.000,37.413,-11.784,55.108,0.9999,0.0001,-0.0010,-0.0156,-0.03,0.00,0.00,0.11,94822.2,0,0.00,0.00,2
68289,0.002,0.001,1.003,-0.000,-0.061,-0.061,39.723,-5.698,52.983,0.9999,0.0002,-0.0010,-0.0167,-0.03,0.00,0.00,0.11,94822.2,0,0.00,0.00,2
68489,0.001,-0.001,1.002,0.061,0.122,-0.000,39.619,-7.127,52.018,0.9999,-0.0000,-0.0011,-0.0160,-0.03,0.00,0.00,0.13,94824.5,0,0.00,0.00,2
68689,-0.000,0.001,1.002,0.061,0.061,0.061,41.276,-5.214,54.142,0.9999,0.0002,-0.0009,-0.0169,-0.03,-0.00,0.00,0.11,94826.3,0,0.00,0.00,2
68889,0.000,0.002,1.005,0.122,0.000,-0.061,41.051,-5.459,52.790,0.9999,0.0004,-0.0010,-0.0161,-0.03,-0.00,0.00,0.12,94825.0,0,0.00,0.00,2
69089,0.001,0.001,1.005,0.061,0.061,-0.000,38.963,-7.384,51.824,0.9998,0.0004,-0.0010,-0.0173,-0.03,0.00,0.00,0.12,94820.2,0,0.00,0.00,2
69289,0.001,0.002,1.003,-0.000,-0.061,-0.061,43.430,-5.564,52.790,0.9999,0.0004,-0.0009,-0.0169,-0.03,0.00,0.00,0.12,94823.5,0,0.00,0.00,2
69489,0.002,0.000,1.003,-0.000,0.000,-0.061,40.086,-5.745,54.142,0.9999,0.0003,-0.0010,-0.0167,-0.03,-0.00,0.00,0.12,94826.8,0,0.00,0.00,2
69689,0.002,0.001,1.003,0.122,0.000,-0.000,40.120,-5.715,52.983,0.9999,0.0004,-0.0010,-0.0166,-0.03,0.00,0.00,0.13,94820.2,0,0.00,0.00,2
69889,0.001,0.001,1.002,0.183,-0.061,-0.122,41.723,-7.813,52.404,0.9999,0.0003,-0.0010,-0.0159,-0.02,-0.00,0.00,0.12,94825.0,0,0.00,0.00,2
70089,0.002,0.001,1.002,0.122,0.000,-0.000,41.585,-5.769,52.597,0.9999,0.0003,-0.0008,-0.0162,-0.02,0.00,0.00,0.09,94822.2,0,0.00,0.00,2
70289,0.001,0.001,1.001,0.122,-0.061,-0.061,38.980,-4.158,51.245,0.9999,0.0004,-0.0008,-0.0151,-0.02,0.00,0.00,0.10,94818.7,0,0.00,0.00,2
70489,0.001,0.000,1.002,0.061,0.061,-0.000,41.292,-6.658,53.563,0.9999,0.0002,-0.0010,-0.0164,-0.02,-0.00,0.00,0.11,94825.2,0,0.00,0.00,2
70689,0.003,0.000,1.003,0.061,0.000,-0.061,39.895,-5.960,51.631,0.9999,0.0003,-0.0010,-0.0160,-0.02,-0.00,0.00,0.12,94826.1,0,0.00,0.00,2
70889,0.001,0.000,1.002,0.061,0.122,0.061,40.412,-6.578,52.018,0.9998,0.0004,-0.0009,-0.0190,-0.02,0.00,0.00,0.11,94821.4,0,0.00,0.00,2
71089,0.001,0.001,0.999,0.061,0.000,-0.000,39.343,-4.206,52.404,0.9998,0.0003,-0.0011,-0.0204,-0.02,0.00,0.00,0.12,94823.9,0,0.00,0.00,2
71289,0.002,0.000,1.000,0.061,0.061,-0.061,40.913,-6.334,52.983,0.9998,0.0002,-0.0009,-0.0219,-0.02,-0.00,0.00,0.10,94824.8,0,0.00,0.00,2
71489,0.002,0.002,1.000,0.122,0.000,-0.061,40.930,-7.778,52.404,0.9998,0.0003,-0.0009,-0.0215,-0.02,0.00,0.00,0.10,94822.0,0,0.00,0.00,2
71689,-0.000,0.000,1.003,0.122,0.000,-0.061,40.809,-5.427,52.018,0.9997,0.0003,-0.0009,-0.0227,-0.02,-0.00,0.00,0.11,94828.1,0,0.00,0.00,2
71889,0.001,-0.000,1.005,0.061,-0.061,-0.061,41.827,-6.968,53.370,0.9998,0.0003,-0.0010,-0.0210,-0.02,-0.00,0.00,0.11,94825.5,0,0.00,0.00,2
72089,0.001,0.000,1.003,0.061,0.000,0.061,39.602,-6.266,52.597,0.9998,0.0003,-0.0008,-0.0214,-0.02,-0.00,0.00,0.10,94824.5,0,0.00,0.00,2
72289,0.001,-0.001,1.002,0.122,0.000,-0.122,40.550,-5.703,51.824,0.9998,0.0002,-0.0009,-0.0217,-0.02,0.00,0.00,0.10,94822.5,0,0.00,0.00,2
72489,0.002,0.000,1.002,0.061,0.061,-0.061,42.136,-7.524,51.824,0.9998,0.0002,-0.0008,-0.0217,-0.02,-0.00,0.00,0.10,94826.0,0,0.00,0.00,2
72689,0.002,0.002,1.001,0.061,-0.061,-0.061,40.947,-3.968,51.824,0.9998,0.0004,-0.0009,-0.0220,-0.02,-0.00,0.00,0.11,94825.2,0,0.00,0.00,2
72889,0.001,0.000,1.004,0.061,0.000,-0.061,41.706,-8.120,52.983,0.9998,0.0003,-0.0009,-0.0194,-0.02,0.00,0.00,0.11,94822.7,0,0.00,0.00,2
73089,0.002,0.001,1.002,0.122,-0.061,-0.061,41.827,-7.552,53.370,0.9998,0.0004,-0.0009,-0.0204,-0.02,-0.00,0.00,0.12,94824.9,0,0.00,0.00,2
73289,0.001,-0.000,1.002,0.061,-0.061,-0.000,40.930,-6.611,52.404,0.9998,0.0003,-0.0011,-0.0189,-0.02,-0.00,0.00,0.13,94824.5,0,0.00,0.00,2
73489,0.003,0.000,1.001,0.061,-0.061,-0.000,41.723,-6.062,52.404,0.9998,0.0001,-0.0010,-0.0192,-0.02,0.00,0.00,0.12,94823.2,0,0.00,0.00,2
73689,0.002,0.000,1.003,0.061,0.000,-0.061,41.017,-7.824,53.949,0.9998,0.0002,-0.0009,-0.0183,-0.02,-0.00,0.00,0.10,94826.1,0,0.00,0.00,2
73889,0.002,0.001,0.999,0.061,-0.061,-0.061,41.413,-8.426,53.949,0.9998,0.0002,-0.0011,-0.0186,-0.02,-0.00,0.00,0.13,94828.8,0,0.00,0.00,2
74089,0.001,0.000,1.000,0.122,0.061,-0.061,40.947,-6.888,51.824,0.9999,0.0001,-0.0009,-0.0169,-0.02,-0.00,0.00,0.10,94830.8,0,0.00,0.00,2
74289,0.003,0.002,1.002,0.061,0.061,-0.000,40.015,-7.728,52.018,0.9999,0.0002,-0.0009,-0.0168,-0.02,-0.00,0.00,0.11,94825.8,0,0.00,0.00,2
74489,0.001,0.000,1.002,0.183,0.000,-0.061,40.103,-5.438,53.563,0.9999,0.0003,-0.0011,-0.0170,-0.02,0.00,0.00,0.12,94825.2,0,0.00,0.00,2
74689,0.002,0.000,1.000,-0.000,0.061,-0.061,41.689,-5.508,53.563,0.9999,0.0003,-0.0011,-0.0170,-0.02,-0.00,0.00,0.13,94830.1,0,0.00,0.00,2
74889,0.003,0.001,1.000,0.183,0.061,-0.000,40.533,-7.177,52.404,0.9999,0.0003,-0.0011,-0.0166,-0.03,0.00,0.00,0.13,94825.5,0,0.00,0.00,2
75089,0.001,0.001,1.001,0.061,0.061,-0.061,40.274,-3.366,52.211,0.9998,0.0001,-0.0010,-0.0181,-0.03,-0.00,0.00,0.12,94828.8,0,0.00,0.00,2
75289,0.001,0.001,1.001,0.061,0.061,-0.061,41.982,-5.203,52.597,0.9998,0.0003,-0.0010,-0.0187,-0.03,-0.00,0.00,0.12,94829.6,0,0.00,0.00,2
75489,0.002,0.000,1.003,0.061,0.061,-0.000,41.602,-7.798,52.018,0.9998,0.0003,-0.0011,-0.0180,-0.03,-0.00,0.00,0.13,94830.1,0,0.00,0.00,2
75689,0.003,0.000,1.002,0.061,0.000,-0.000,41.205,-4.861,52.018,0.9998,0.0001,-0.0012,-0.0181,-0.03,-0.00,0.00,0.14,94826.7,0,0.00,0.00,2
75889,0.001,0.000,1.001,0.061,0.061,-0.000,39.757,-8.587,51.824,0.9999,0.0001,-0.0010,-0.0165,-0.03,-0.00,0.00,0.11,94829.4,0,0.00,0.00,2
76089,0.001,0.001,1.002,0.061,-0.061,-0.061,38.533,-7.397,52.983,0.9999,0.0001,-0.0011,-0.0148,-0.03,-0.00,0.00,0.12,94826.5,0,0.00,0.00,2
76289,0.001,-0.000,1.000,0.061,0.000,-0.000,41.810,-6.691,53.949,0.9999,0.0001,-0.0007,-0.0141,-0.03,-0.00,0.00,0.08,94827.3,0,0.00,0.00,2
76489,-0.000,0.000,1.002,0.061,0.000,-0.000,40.274,-8.036,52.211,0.9999,0.0001,-0.0009,-0.0138,-0.03,-0.00,0.00,0.10,94826.7,0,0.00,0.00,2
76689,0.000,0.001,1.002,0.061,-0.061,-0.061,40.274,-6.285,52.211,0.9999,0.0002,-0.0008,-0.0158,-0.03,0.00,0.00,0.09,94825.8,0,0.00,0.00,2
76889,0.003,0.000,1.001,-0.000,0.000,-0.061,41.051,-7.210,52.790,0.9999,0.0002,-0.0009,-0.0145,-0.03,-0.00,0.00,0.11,94828.0,0,0.00,0.00,2
77089,0.004,0.000,1.004,0.122,0.000,-0.000,40.120,-9.218,52.983,0.9999,0.0002,-0.0011,-0.0135,-0.03,-0.00,0.00,0.13,94828.5,0,0.00,0.00,2
77289,0.003,-0.001,1.001,-0.000,0.000,0.061,41.689,-5.508,53.563,0.9999,0.0001,-0.0011,-0.0128,-0.03,0.00,0.00,0.13,94825.2,0,0.00,0.00,2
77489,-0.000,0.002,1.002,0.061,0.061,-0.000,40.567,-7.147,51.245,1.0000,0.0002,-0.0007,-0.0058,-0.02,0.00,0.00,0.08,94824.8,0,0.00,0.00,2
77689,0.002,0.001,1.003,0.122,0.061,-0.000,42.775,-5.821,52.597,1.0000,0.0002,-0.0010,-0.0057,-0.02,0.00,0.00,0.11,94821.9,0,0.00,0.00,2
77889,0.002,0.001,1.001,0.122,-0.061,-0.000,40.032,-7.421,51.438,1.0000,0.0002,-0.0011,-0.0066,-0.02,-0.00,0.00,0.13,94827.2,0,0.00,0.00,2
78089,0.002,0.001,1.001,0.061,0.000,-0.061,40.913,-6.918,52.983,1.0000,0.0002,-0.0011,-0.0069,-0.02,0.00,0.00,0.13,94825.2,0,0.00,0.00,2
78289,0.001,-0.000,1.002,0.061,0.000,-0.000,41.172,-5.475,53.176,1.0000,0.0000,-0.0010,-0.0066,-0.02,0.00,0.00,0.11,94822.2,0,0.00,0.00,2
78489,0.002,0.000,1.002,0.122,0.000,-0.122,40.533,-6.593,52.404,1.0000,0.0001,-0.0009,-0.0030,-0.02,0.00,0.00,0.10,94819.2,0,0.00,0.00,2
78689,0.003,0.000,1.000,0.061,0.061,-0.061,40.620,-8.391,53.949,1.0000,0.0000,-0.0008,0.0003,-0.02,0.00,0.00,0.09,94822.9,0,0.00,0.00,2
78889,0.003,0.000,1.001,0.061,0.000,-0.061,40.103,-8.357,53.563,1.0000,0.0001,-0.0009,0.0023,-0.02,0.00,0.00,0.10,94820.6,0,0.00,0.00,2
79089,0.001,0.000,1.004,0.061,0.061,0.061,41.205,-7.780,52.018,1.0000,0.0001,-0.0010,0.0044,-0.02,0.00,0.00,0.11,94821.6,0,0.00,0.00,2
79289,0.001,0.001,1.004,0.061,0.122,0.061,39.172,-7.446,53.756,1.0000,0.0002,-0.0008,0.0059,-0.02,-0.00,0.00,0.10,94828.1,0,0.00,0.00,2
79489,0.003,0.000,1.001,0.061,-0.061,0.061,40.862,-7.255,54.722,1.0000,0.0002,-0.0011,0.0056,-0.02,0.00,0.00,0.12,94823.9,0,0.00,0.00,2
79689,0.001,0.000,1.001,0.122,0.000,-0.061,40.671,-8.638,52.211,1.0000,0.0002,-0.0009,0.0071,-0.02,0.00,0.00,0.11,94823.1,0,0.00,0.00,2
79889,0.002,-0.000,1.003,0.122,0.000,-0.061,40.482,-8.098,54.142,1.0000,-0.0000,-0.0007,0.0085,-0.02,0.00,0.00,0.08,94817.9,0,0.00,0.00,2
80089,0.003,0.000,1.001,0.122,0.000,-0.061,41.447,-6.644,52.790,1.0000,0.0000,-0.0008,0.0095,-0.02,-0.00,0.00,0.09,94827.2,0,0.00,0.00,2
80289,0.002,0.000,1.003,0.061,0.061,-0.000,41.188,-7.503,52.597,1.0000,0.0002,-0.0008,0.0058,-0.02,-0.00,0.00,0.10,94829.3,0,0.00,0.00,2
80489,0.003,0.000,1.005,0.061,0.061,-0.061,40.654,-6.025,52.790,1.0000,0.0002,-0.0009,0.0065,-0.02,-0.00,0.00,0.11,94826.7,0,0.00,0.00,2
80689,0.001,0.000,1.001,0.061,0.000,-0.000,40.775,-7.793,53.176,1.0000,0.0002,-0.0010,0.0074,-0.02,0.00,0.00,0.12,94823.2,0,0.00,0.00,2
80889,0.001,0.000,0.999,0.122,0.000,-0.061,40.015,-6.560,52.018,1.0000,0.0004,-0.0009,0.0067,-0.02,0.00,0.00,0.11,94821.9,0,0.00,0.00,2
81089,0.002,0.000,1.003,0.122,0.000,0.061,41.430,-7.535,53.370,1.0000,0.0003,-0.0011,0.0015,-0.01,0.00,0.00,0.13,94821.4,0,0.00,0.00,2
81289,0.003,0.001,1.003,0.061,0.061,-0.000,41.034,-6.934,53.370,1.0000,0.0002,-0.0009,0.0047,-0.01,0.00,0.00,0.11,94822.5,0,0.00,0.00,2
81489,0.000,0.000,1.002,0.061,0.000,-0.061,41.051,-5.459,52.790,1.0000,0.0001,-0.0009,0.0032,-0.01,-0.00,0.00,0.11,94825.5,0,0.00,0.00,2
81689,0.000,0.000,1.003,0.122,0.061,-0.000,41.205,-4.861,52.018,1.0000,0.0002,-0.0009,0.0037,-0.01,0.00,0.00,0.11,94820.4,0,0.00,0.00,2
81889,0.002,0.000,1.004,0.122,0.061,-0.122,41.017,-6.657,53.949,1.0000,0.0000,-0.0009,0.0013,-0.01,-0.00,0.00,0.10,94825.2,0,0.00,0.00,2
82089,0.002,0.000,1.002,0.122,0.061,-0.061,39.360,-6.818,51.824,1.0000,-0.0001,-0.0011,0.0033,-0.01,-0.00,0.00,0.12,94824.4,0,0.00,0.00,2
82289,0.003,0.000,1.005,0.061,-0.061,-0.000,39.706,-6.005,53.563,1.0000,0.0001,-0.0010,0.0031,-0.01,0.00,0.00,0.10,94816.6,0,0.00,0.00,2
82489,0.002,0.001,1.002,0.122,-0.061,-0.000,39.861,-7.742,52.790,1.0000,0.0001,-0.0010,-0.0005,-0.01,0.00,0.00,0.11,94820.2,0,0.00,0.00,2
82689,0.003,-0.001,1.002,0.061,-0.061,0.061,40.499,-7.791,53.563,1.0000,0.0001,-0.0010,-0.0029,-0.01,-0.00,0.00,0.11,94824.0,0,0.00,0.00,2
82889,0.001,-0.000,1.003,0.122,0.061,-0.061,39.878,-6.267,52.211,1.0000,0.0002,-0.0009,-0.0038,-0.01,-0.00,0.00,0.10,94824.5,0,0.00,0.00,2
83089,0.001,0.001,1.001,-0.000,0.000,-0.000,39.585,-8.324,53.176,1.0000,0.0002,-0.0008,-0.0026,-0.01,0.00,0.00,0.09,94821.9,0,0.00,0.00,2
83289,0.003,0.000,1.002,0.061,0.000,-0.061,39.827,-7.188,53.949,1.0000,0.0002,-0.0008,-0.0037,-0.01,-0.00,0.00,0.09,94823.5,0,0.00,0.00,2
83489,0.004,0.000,1.004,0.061,-0.061,-0.000,40.395,-6.884,52.597,1.0000,0.0000,-0.0008,-0.0029,-0.01,0.00,0.00,0.09,94823.2,0,0.00,0.00,2
83689,0.001,-0.000,1.005,-0.000,0.000,0.061,41.155,-6.366,53.756,1.0000,-0.0001,-0.0007,-0.0038,-0.01,-0.00,0.00,0.07,94823.4,0,0.00,0.00,2
83889,0.001,0.000,1.002,0.122,-0.061,-0.061,40.809,-5.427,52.018,1.0000,0.0000,-0.0006,-0.0032,-0.01,-0.00,0.00,0.07,94827.6,0,0.00,0.00,2
84089,0.002,0.000,1.001,0.122,0.000,-0.000,42.069,-7.584,54.142,1.0000,0.0002,-0.0009,-0.0050,-0.01,0.00,0.00,0.11,94822.4,0,0.00,0.00,2
84289,0.001,0.001,1.002,0.061,0.000,-0.061,39.619,-7.127,52.018,1.0000,0.0002,-0.0009,-0.0045,-0.01,-0.00,0.00,0.10,94825.8,0,0.00,0.00,2
84489,0.000,0.001,1.002,0.061,-0.061,-0.061,42.499,-6.404,52.983,1.0000,0.0000,-0.0008,0.0024,-0.01,-0.00,0.00,0.08,94824.5,0,0.00,0.00,2
84689,0.002,0.001,1.002,0.122,-0.061,-0.000,40.516,-5.733,52.983,1.0000,0.0001,-0.0009,0.0061,-0.01,0.00,0.00,0.10,94822.5,0,0.00,0.00,2
84889,0.001,-0.000,1.000,0.061,-0.061,-0.061,41.034,-7.517,53.370,1.0000,0.0000,-0.0008,0.0052,-0.01,0.00,0.00,0.09,94821.9,0,0.00,0.00,2
85089,0.002,0.000,1.002,0.061,0.000,-0.000,40.688,-7.747,51.631,1.0000,0.0001,-0.0009,0.0002,-0.01,-0.00,0.00,0.10,94827.5,0,0.00,0.00,2
85289,0.000,0.000,1.003,0.061,0.000,-0.061,40.291,-7.146,51.631,1.0000,0.0002,-0.0009,0.0039,-0.01,-0.00,0.00,0.10,94826.1,0,0.00,0.00,2
85489,0.001,-0.000,1.001,0.061,-0.061,-0.061,40.758,-4.013,53.756,1.0000,0.0001,-0.0009,0.0053,-0.01,-0.00,0.00,0.11,94825.5,0,0.00,0.00,2
85689,0.002,-0.001,1.004,0.061,0.000,-0.000,41.067,-5.152,52.211,1.0000,0.0001,-0.0011,0.0049,-0.01,0.00,0.00,0.12,94821.2,0,0.00,0.00,2
85889,0.001,0.000,1.003,0.122,0.000,-0.061,41.481,-7.782,51.631,1.0000,0.0002,-0.0010,-0.0003,-0.01,0.00,0.00,0.12,94821.9,0,0.00,0.00,2
86089,-0.000,-0.000,1.002,0.122,0.061,-0.061,41.844,-7.245,52.790,1.0000,0.0002,-0.0010,-0.0020,-0.01,-0.00,0.00,0.12,94823.5,0,0.00,0.00,2
86289,0.000,0.000,1.002,0.061,0.061,-0.061,40.688,-4.828,51.631,1.0000,0.0001,-0.0008,-0.0023,-0.01,-0.00,0.00,0.08,94826.5,0,0.00,0.00,2
86489,0.001,0.001,1.002,0.122,0.061,-0.000,41.827,-3.465,53.370,1.0000,0.0000,-0.0007,-0.0045,-0.01,-0.00,0.00,0.08,94826.7,0,0.00,0.00,2
86689,0.002,0.001,1.000,0.061,0.061,-0.061,40.913,-6.918,52.983,1.0000,0.0002,-0.0009,-0.0003,-0.01,0.00,0.00,0.11,94819.1,0,0.00,0.00,2
86889,0.001,0.000,1.003,0.183,0.122,-0.061,37.568,-7.099,54.335,1.0000,0.0002,-0.0009,-0.0060,-0.01,0.00,0.00,0.10,94820.6,0,0.00,0.00,2
87089,0.001,0.001,1.004,0.061,-0.061,-0.000,41.672,-9.318,54.142,1.0000,0.0001,-0.0008,-0.0054,-0.01,0.00,0.00,0.09,94819.9,0,0.00,0.00,2
87289,0.002,-0.000,1.000,0.061,0.000,-0.000,39.861,-7.742,52.790,1.0000,-0.0000,-0.0010,-0.0045,-0.01,0.00,0.00,0.11,94818.1,0,0.00,0.00,2
87489,0.002,0.001,1.002,0.122,0.000,-0.000,39.172,-6.862,53.756,1.0000,0.0000,-0.0010,-0.0048,-0.00,0.00,0.00,0.11,94820.7,0,0.00,0.00,2
87689,0.000,0.001,1.001,0.061,0.000,-0.061,39.740,-7.142,52.404,1.0000,0.0002,-0.0008,-0.0080,-0.00,-0.00,0.00,0.09,94823.5,0,0.00,0.00,2
87889,0.001,0.000,1.004,0.061,0.000,-0.061,41.810,-9.027,53.949,0.9999,0.0001,-0.0008,-0.0101,-0.00,-0.00,0.00,0.08,94824.0,0,0.00,0.00,2
88089,0.001,-0.001,1.002,0.061,0.000,-0.000,40.896,-6.057,53.563,0.9999,0.0001,-0.0008,-0.0150,-0.00,-0.00,0.00,0.09,94822.5,0,0.00,0.00,2
88289,0.002,-0.001,1.005,0.122,0.061,-0.061,41.602,-10.133,52.018,0.9999,0.0000,-0.0009,-0.0158,-0.00,0.00,0.00,0.10,94818.6,0,0.00,0.00,2
88489,0.003,0.000,1.003,0.122,0.061,-0.061,39.757,-6.835,51.824,0.9998,0.0000,-0.0011,-0.0209,-0.00,-0.00,0.00,0.13,94823.7,0,0.00,0.00,2
88689,0.002,-0.000,1.003,0.061,0.000,-0.000,40.274,-6.285,52.211,0.9997,-0.0001,-0.0009,-0.0226,0.00,0.00,0.00,0.11,94819.9,0,0.00,0.00,2
88889,0.002,-0.000,1.003,0.122,-0.061,-0.061,40.395,-8.052,52.597,0.9998,-0.0001,-0.0009,-0.0221,0.00,0.00,0.00,0.10,94819.2,0,0.00,0.00,2
89089,0.001,0.000,1.002,0.061,0.000,-0.000,40.240,-5.731,53.370,0.9997,0.0000,-0.0007,-0.0247,0.00,0.00,0.00,0.07,94817.9,0,0.00,0.00,2
89289,0.002,0.000,1.004,0.061,0.000,0.061,39.706,-7.172,53.563,0.9996,0.0001,-0.0007,-0.0287,0.00,0.00,0.00,0.07,94819.9,0,0.00,0.00,2
89489,0.002,-0.000,1.003,0.122,0.000,-0.061,41.034,-8.101,53.370,0.9997,-0.0000,-0.0010,-0.0258,0.00,-0.00,0.00,0.12,94823.9,0,0.00,0.00,2
89689,0.002,0.000,1.004,0.122,0.000,0.061,41.309,-9.271,52.983,0.9998,0.0000,-0.0009,-0.0211,0.00,-0.00,0.00,0.10,94821.9,0,0.00,0.00,2
89889,0.002,-0.001,1.002,0.122,-0.061,-0.061,39.878,-8.019,52.211,0.9997,0.0001,-0.0008,-0.0225,0.00,0.00,0.00,0.10,94819.9,0,0.00,0.00,2
90089,0.001,0.000,1.003,0.122,0.000,-0.000,40.361,-6.914,53.756,0.9997,0.0000,-0.0009,-0.0235,0.00,-0.00,0.00,0.10,94821.9,0,0.00,0.00,2
90289,0.002,0.000,1.003,0.122,0.061,-0.122,40.671,-4.551,52.211,0.9997,0.0001,-0.0010,-0.0231,0.01,0.00,0.00,0.11,94820.4,0,0.00,0.00,2
90489,0.001,0.000,1.003,0.122,0.000,-0.000,42.775,-5.821,52.597,0.9998,0.0001,-0.0011,-0.0209,0.01,0.00,0.00,0.13,94815.9,0,0.00,0.00,2
90689,0.001,-0.000,1.006,0.122,0.061,-0.061,41.292,-7.242,53.563,0.9998,0.0001,-0.0009,-0.0217,0.01,0.00,0.00,0.10,94819.1,0,0.00,0.00,2
90889,0.002,0.000,1.002,0.122,0.000,-0.061,39.965,-5.729,53.756,0.9997,-0.0000,-0.0008,-0.0242,0.01,0.00,0.00,0.09,94818.6,0,0.00,0.00,2
91089,0.002,0.000,1.004,0.061,0.000,-0.000,40.274,-8.620,52.211,0.9997,0.0002,-0.0008,-0.0237,0.01,-0.00,0.00,0.09,94825.8,0,0.00,0.00,2
91289,0.003,0.001,1.001,0.122,0.000,-0.000,40.654,-6.025,52.790,0.9997,0.0003,-0.0007,-0.0240,0.01,0.00,0.00,0.09,94817.4,0,0.00,0.00,2
91489,0.002,0.001,1.003,0.061,0.000,-0.000,40.207,-9.264,54.529,0.9996,0.0003,-0.0006,-0.0274,0.01,-0.00,0.00,0.09,94821.9,0,0.00,0.00,2
91689,0.003,0.001,1.002,0.061,0.122,-0.000,40.654,-7.777,52.790,0.9993,0.0000,-0.0009,-0.0369,0.01,0.00,0.00,0.11,94817.3,0,0.00,0.00,2
91889,0.003,0.000,1.003,0.061,0.000,-0.000,40.896,-6.641,53.563,0.9993,-0.0000,-0.0010,-0.0372,0.01,-0.00,0.00,0.11,94820.0,0,0.00,0.00,2
92089,0.003,0.001,1.002,0.122,0.000,-0.122,38.826,-7.675,52.018,0.9992,-0.0000,-0.0010,-0.0396,0.01,-0.00,0.00,0.11,94823.9,0,0.00,0.00,2
92289,0.002,0.000,1.004,0.061,-0.061,-0.000,38.963,-6.217,51.824,0.9989,0.0001,-0.0009,-0.0459,0.01,-0.00,0.00,0.10,94822.5,0,0.00,0.00,2
92489,0.001,0.002,1.001,0.061,-0.061,-0.061,38.947,-7.691,52.404,0.9989,0.0002,-0.0009,-0.0466,0.01,0.00,0.00,0.10,94815.3,0,0.00,0.00,2
92689,0.001,-0.000,1.001,0.061,0.000,-0.061,40.499,-4.872,53.563,0.9989,-0.0000,-0.0010,-0.0468,0.01,0.00,0.00,0.11,94815.9,0,0.00,0.00,2
92889,0.003,0.001,1.004,0.122,0.061,-0.000,41.205,-6.029,52.018,0.9992,0.0001,-0.0009,-0.0397,0.01,-0.00,0.00,0.11,94820.7,0,0.00,0.00,2
93089,0.003,-0.000,1.001,0.061,0.000,-0.000,41.172,-6.059,53.176,0.9992,0.0001,-0.0011,-0.0398,0.01,0.00,0.00,0.13,94816.5,0,0.00,0.00,2
93289,0.003,0.000,1.002,0.061,0.000,-0.061,39.723,-6.865,52.983,0.9994,0.0001,-0.0012,-0.0356,0.01,-0.00,0.00,0.14,94820.6,0,0.00,0.00,2
93489,0.003,0.000,1.003,0.061,0.061,-0.000,39.498,-7.111,51.631,0.9992,0.0000,-0.0012,-0.0394,0.01,-0.00,0.00,0.14,94820.7,0,0.00,0.00,2
93689,0.003,0.000,1.001,0.122,0.000,-0.000,38.671,-8.274,52.790,0.9992,-0.0000,-0.0011,-0.0396,0.01,-0.00,0.00,0.13,94825.5,0,0.00,0.00,2
93889,0.000,0.000,1.002,-0.000,0.000,-0.000,40.775,-7.209,53.176,0.9994,0.0002,-0.0009,-0.0348,0.01,0.00,0.00,0.10,94819.8,0,0.00,0.00,2
94089,0.002,0.000,1.004,0.061,-0.061,-0.061,41.309,-6.351,52.983,0.9994,-0.0000,-0.0011,-0.0357,0.01,-0.00,0.00,0.13,94823.2,0,0.00,0.00,2
94289,0.001,0.000,1.004,0.061,-0.061,-0.061,41.602,-6.046,52.018,0.9987,0.0003,-0.0010,-0.0512,0.01,-0.00,0.00,0.12,94821.2,0,0.00,0.00,2
94489,0.002,0.001,1.002,0.061,0.061,-0.000,38.705,-7.076,51.631,0.9987,0.0003,-0.0010,-0.0510,0.01,0.00,0.00,0.12,94815.9,0,0.00,0.00,2
94689,0.001,0.000,1.000,0.122,0.000,-0.061,40.153,-5.101,51.824,0.9987,0.0003,-0.0010,-0.0507,0.01,0.00,0.00,0.11,94818.1,0,0.00,0.00,2
94889,0.001,0.000,1.002,0.061,-0.061,-0.000,39.636,-5.068,51.438,0.9987,0.0001,-0.0009,-0.0511,0.01,-0.00,0.00,0.11,94821.1,0,0.00,0.00,2
95089,0.001,0.000,1.003,0.183,0.061,0.061,40.775,-6.625,53.176,0.9987,0.0000,-0.0009,-0.0511,0.01,-0.00,0.00,0.10,94821.9,0,0.00,0.00,2
95289,0.002,0.001,1.002,0.061,0.061,-0.061,39.810,-4.576,54.529,0.9985,0.0002,-0.0009,-0.0549,0.01,-0.00,0.00,0.10,94820.6,0,0.00,0.00,2
95489,0.003,0.000,1.003,0.061,-0.061,-0.000,40.775,-6.041,53.176,0.9989,0.0002,-0.0012,-0.0477,0.01,0.00,0.00,0.14,94817.0,0,0.00,0.00,2
95689,0.000,-0.000,1.003,0.061,0.061,0.061,40.879,-6.364,54.142,0.9988,0.0002,-0.0011,-0.0488,0.01,-0.00,0.00,0.13,94820.4,0,0.00,0.00,2
95889,0.002,-0.000,1.002,0.061,0.000,-0.061,40.412,-8.913,52.018,0.9988,0.0001,-0.0011,-0.0498,0.01,-0.00,0.00,0.13,94821.8,0,0.00,0.00,2
96089,0.001,0.000,1.004,0.061,0.000,-0.000,39.568,-6.296,53.756,0.9987,0.0001,-0.0011,-0.0519,0.01,0.00,0.00,0.13,94818.3,0,0.00,0.00,2
96289,0.002,-0.001,1.003,-0.000,0.061,-0.000,40.913,-6.334,52.983,0.9986,0.0001,-0.0010,-0.0522,0.01,-0.00,0.00,0.11,94824.5,0,0.00,0.00,2
96489,0.001,-0.005,1.009,0.122,-0.061,-0.061,40.257,-4.840,52.790,0.9986,-0.0002,-0.0008,-0.0532,0.01,-0.00,0.00,0.10,94825.2,0,0.00,0.00,2
96689,0.003,-0.001,1.004,0.061,0.000,-0.000,39.464,-5.389,52.790,0.9988,-0.0000,-0.0008,-0.0497,0.01,0.00,0.00,0.09,94813.7,0,0.00,0.00,2
96889,-0.006,0.003,1.002,0.061,-0.183,-0.000,41.706,-6.953,52.983,0.9985,-0.0000,-0.0009,-0.0555,0.01,0.00,0.00,0.10,94811.0,0,0.00,0.00,2
97089,-0.004,0.003,1.002,0.183,0.000,-0.000,40.947,-8.055,51.824,0.9981,0.0002,-0.0008,-0.0610,0.01,0.00,0.00,0.10,94819.0,0,0.00,0.00,2
97289,0.004,0.000,1.003,0.061,0.000,-0.000,41.982,-3.451,52.597,0.9985,0.0002,-0.0010,-0.0546,0.01,0.00,0.00,0.12,94817.1,0,0.00,0.00,2
97489,0.004,0.000,1.002,0.061,0.000,-0.061,39.602,-6.266,52.597,0.9987,0.0002,-0.0010,-0.0503,0.01,0.00,0.00,0.11,94818.5,0,0.00,0.00,2
97689,0.001,0.002,1.002,0.122,0.000,-0.000,40.930,-6.027,52.404,0.9985,0.0002,-0.0009,-0.0548,0.01,-0.00,0.00,0.11,94819.8,0,0.00,0.00,2
97889,0.001,-0.000,1.003,0.061,0.000,-0.122,38.997,-3.851,50.665,0.9983,-0.0000,-0.0008,-0.0591,0.01,0.00,0.00,0.10,94818.6,0,0.00,0.00,2
98089,0.001,0.000,1.005,0.061,0.000,-0.000,38.963,-7.968,51.824,0.9980,0.0002,-0.0010,-0.0635,0.01,0.00,0.00,0.12,94818.6,0,0.00,0.00,2
98289,-0.000,0.000,1.003,0.061,0.000,-0.061,40.550,-7.454,51.824,0.9982,0.0002,-0.0007,-0.0606,0.01,0.00,0.00,0.08,94819.4,0,0.00,0.00,2
98489,0.003,0.001,1.002,0.061,0.000,-0.000,41.948,-7.568,53.756,0.9982,0.0001,-0.0008,-0.0605,0.01,-0.00,0.00,0.08,94822.5,0,0.00,0.00,2
98689,0.001,-0.000,1.003,0.061,0.000,-0.000,40.120,-7.467,52.983,0.9978,0.0002,-0.0009,-0.0663,0.01,-0.00,0.00,0.11,94823.2,0,0.00,0.00,2
98889,0.001,0.002,1.002,0.061,-0.061,-0.000,38.705,-5.908,51.631,0.9976,0.0003,-0.0010,-0.0686,0.01,-0.00,0.00,0.12,94822.2,0,0.00,0.00,2
99089,0.003,-0.001,1.000,-0.000,0.000,-0.000,42.015,-7.508,51.438,0.9978,-0.0001,-0.0011,-0.0665,0.01,-0.00,0.00,0.13,94823.1,0,0.00,0.00,2
99289,0.002,0.000,1.004,0.122,0.061,-0.000,41.568,-7.244,53.176,0.9986,-0.0000,-0.0009,-0.0521,0.00,0.00,0.00,0.11,94820.6,0,0.00,0.00,2
99489,0.002,0.001,1.001,0.122,0.000,-0.061,39.619,-6.543,52.018,0.9985,-0.0001,-0.0010,-0.0545,0.00,0.00,0.00,0.12,94819.8,0,0.00,0.00,2
99689,0.003,0.000,1.002,0.122,0.000,-0.000,41.067,-5.736,52.211,0.9984,-0.0000,-0.0010,-0.0564,0.00,-0.00,0.00,0.12,94822.4,0,0.00,0.00,2
99889,0.002,0.000,1.004,-0.000,0.061,-0.061,40.654,-8.945,52.790,0.9984,0.0000,-0.0010,-0.0566,0.00,-0.00,0.00,0.11,94825.2,0,0.00,0.00,2
100089,0.002,0.001,1.001,0.122,0.000,-0.000,41.172,-7.810,53.176,0.9985,0.0003,-0.0010,-0.0555,0.00,-0.00,0.00,0.11,94827.2,0,0.00,0.00,2
100289,0.002,0.000,1.001,0.122,0.000,-0.061,42.120,-7.831,52.404,0.9980,0.0002,-0.0010,-0.0635,0.00,0.00,0.00,0.11,94820.6,0,0.00,0.00,2
100489,0.002,0.001,1.003,-0.000,0.000,-0.122,40.671,-6.886,52.211,0.9978,0.0001,-0.0011,-0.0670,0.00,0.00,0.00,0.12,94819.8,0,0.00,0.00,2
100689,0.002,-0.000,1.004,0.061,0.000,-0.061,41.051,-6.043,52.790,0.9976,0.0001,-0.0012,-0.0685,0.00,0.00,0.00,0.14,94813.3,0,0.00,0.00,2
100889,0.002,0.001,1.002,0.122,0.061,-0.061,40.792,-8.653,52.597,0.9979,0.0000,-0.0010,-0.0654,0.00,-0.00,0.00,0.11,94823.1,0,0.00,0.00,2
101089,0.000,0.000,1.002,0.061,-0.061,-0.061,41.447,-6.644,52.790,0.9978,0.0000,-0.0008,-0.0662,0.00,0.00,0.00,0.09,94816.5,0,0.00,0.00,2
101289,0.002,-0.000,1.000,0.061,0.000,-0.000,39.999,-6.283,52.597,0.9978,0.0000,-0.0010,-0.0662,0.00,-0.00,0.00,0.11,94823.7,0,0.00,0.00,2
101489,0.002,0.001,1.000,0.061,0.000,-0.000,40.792,-8.653,52.597,0.9973,0.0001,-0.0011,-0.0728,0.00,-0.00,0.00,0.12,94823.9,0,0.00,0.00,2
101689,0.000,-0.000,1.004,0.122,-0.061,-0.061,41.585,-7.521,52.597,0.9975,0.0001,-0.0010,-0.0700,0.00,0.00,0.00,0.11,94815.1,0,0.00,0.00,2
101889,0.001,0.001,1.003,0.061,0.183,-0.061,41.394,-2.481,50.086,0.9972,-0.0000,-0.0009,-0.0747,0.00,0.00,0.00,0.09,94816.6,0,0.00,0.00,2
102089,0.002,-0.000,1.002,0.061,0.000,0.061,41.861,-8.106,52.211,0.9973,0.0001,-0.0010,-0.0729,0.00,-0.00,0.00,0.11,94826.5,0,0.00,0.00,2
102289,0.002,-0.000,1.000,0.122,0.061,-0.061,38.446,-6.183,51.438,0.9969,0.0001,-0.0007,-0.0786,0.00,-0.00,0.00,0.07,94824.4,0,0.00,0.00,2
102489,0.002,0.000,1.001,0.061,0.061,-0.000,39.982,-8.342,53.176,0.9966,0.0001,-0.0009,-0.0818,0.00,-0.00,0.00,0.10,94821.8,0,0.00,0.00,2
102689,0.001,-0.001,1.005,-0.061,0.000,-0.061,41.810,-6.691,53.949,0.9966,-0.0001,-0.0009,-0.0818,0.00,0.00,0.00,0.11,94818.3,0,0.00,0.00,2
102889,0.002,0.000,1.002,0.061,-0.061,-0.000,40.224,-8.373,53.949,0.9967,-0.0000,-0.0012,-0.0814,0.00,-0.00,0.00,0.13,94821.9,0,0.00,0.00,2
103089,0.003,0.001,1.001,0.122,0.000,-0.061,39.931,-10.430,54.915,0.9969,-0.0000,-0.0010,-0.0786,0.00,-0.00,0.00,0.11,94826.5,0,0.00,0.00,2
103289,0.002,0.000,1.003,0.122,0.000,-0.061,40.291,-7.146,51.631,0.9968,-0.0001,-0.0010,-0.0801,0.00,-0.00,0.00,0.11,94825.2,0,0.00,0.00,2
103489,0.002,0.000,1.001,0.061,0.000,0.061,40.913,-6.334,52.983,0.9971,0.0001,-0.0010,-0.0765,0.00,-0.00,0.00,0.10,94821.9,0,0.00,0.00,2
103689,0.003,0.000,1.001,0.122,-0.061,-0.000,41.585,-6.937,52.597,0.9971,0.0001,-0.0011,-0.0765,0.00,-0.00,0.00,0.12,94822.5,0,0.00,0.00,2
103889,0.001,-0.000,1.002,0.122,0.000,-0.000,41.568,-6.660,53.176,0.9968,-0.0000,-0.0009,-0.0796,0.00,-0.00,0.00,0.10,94825.2,0,0.00,0.00,2
104089,0.002,0.000,1.004,0.061,0.000,-0.000,42.311,-6.448,54.915,0.9968,0.0000,-0.0010,-0.0800,0.00,0.00,0.00,0.11,94817.3,0,0.00,0.00,2
104289,0.004,-0.001,1.005,0.061,0.000,-0.000,41.326,-7.212,52.404,0.9969,0.0001,-0.0010,-0.0781,-0.00,0.00,0.00,0.12,94821.9,0,0.00,0.00,2
104489,0.001,0.000,1.004,0.122,0.000,-0.000,41.309,-6.351,52.983,0.9969,0.0001,-0.0008,-0.0786,-0.00,-0.00,0.00,0.09,94826.0,0,0.00,0.00,2
104689,0.002,0.000,1.004,0.061,-0.122,-0.061,41.982,-6.370,52.597,0.9961,0.0001,-0.0010,-0.0881,-0.00,0.00,0.00,0.12,94821.9,0,0.00,0.00,2
104889,0.002,-0.000,1.003,-0.000,0.000,-0.000,37.774,-5.581,51.824,0.9961,0.0001,-0.0010,-0.0880,-0.00,0.00,0.00,0.12,94817.8,0,0.00,0.00,2
105089,0.001,0.000,1.006,0.122,0.000,-0.061,41.034,-6.350,53.370,0.9962,0.0000,-0.0010,-0.0871,-0.00,-0.00,0.00,0.12,94824.2,0,0.00,0.00,2
105289,0.002,0.000,1.003,0.061,0.000,-0.000,41.430,-5.199,53.370,0.9961,0.0001,-0.0011,-0.0885,-0.00,0.00,0.00,0.12,94821.9,0,0.00,0.00,2
105489,0.003,-0.000,1.003,0.122,0.000,-0.061,40.533,-7.177,52.404,0.9953,-0.0002,-0.0010,-0.0969,-0.00,0.00,0.00,0.12,94821.2,0,0.00,0.00,2
105689,0.000,0.001,1.003,0.061,0.000,-0.000,38.792,-9.457,53.176,0.9947,-0.0001,-0.0007,-0.1024,-0.00,0.00,0.00,0.09,94817.8,0,0.00,0.00,2
105889,0.001,-0.000,1.004,0.061,-0.061,-0.000,40.120,-6.299,52.983,0.9958,0.0000,-0.0009,-0.0917,-0.00,0.00,0.00,0.10,94822.0,0,0.00,0.00,2
106089,0.001,0.000,1.003,0.061,-0.061,-0.000,41.878,-6.631,51.631,0.9959,0.0000,-0.0009,-0.0910,-0.00,-0.00,0.00,0.10,94824.0,0,0.00,0.00,2
106289,0.001,0.001,1.002,0.061,0.061,-0.000,42.637,-6.112,52.790,0.9957,0.0000,-0.0010,-0.0930,-0.00,0.00,0.00,0.12,94819.9,0,0.00,0.00,2
106489,0.003,0.000,1.000,0.122,0.061,-0.000,40.257,-6.592,52.790,0.9954,-0.0000,-0.0010,-0.0956,-0.00,0.00,0.00,0.12,94819.1,0,0.00,0.00,2
106689,0.001,0.000,1.002,0.122,0.000,0.122,41.084,-7.180,51.631,0.9954,-0.0000,-0.0008,-0.0953,0.00,0.00,0.00,0.09,94818.3,0,0.00,0.00,2
106889,0.003,0.001,1.002,-0.000,0.000,-0.000,39.982,-7.174,53.176,0.9957,0.0001,-0.0009,-0.0928,0.00,0.00,0.00,0.10,94820.9,0,0.00,0.00,2
107089,0.003,0.000,1.001,0.122,-0.061,-0.061,41.051,-8.378,52.790,0.9952,-0.0000,-0.0010,-0.0976,-0.00,-0.00,0.00,0.11,94826.7,0,0.00,0.00,2
107289,0.001,0.000,1.001,0.061,0.061,-0.061,41.464,-5.753,52.211,0.9953,0.0001,-0.0008,-0.0972,-0.00,-0.00,0.00,0.09,94823.2,0,0.00,0.00,2
107489,0.002,0.001,1.001,0.061,0.000,-0.061,40.395,-7.468,52.597,0.9952,0.0001,-0.0008,-0.0976,-0.00,0.00,0.00,0.08,94821.8,0,0.00,0.00,2
107689,0.000,-0.001,1.002,0.061,0.061,-0.061,39.706,-6.589,53.563,0.9951,0.0001,-0.0006,-0.0985,-0.00,-0.00,0.00,0.07,94824.5,0,0.00,0.00,2
107889,0.002,0.001,1.003,0.122,-0.061,-0.061,41.188,-6.919,52.597,0.9952,0.0001,-0.0007,-0.0982,-0.00,0.00,0.00,0.08,94820.7,0,0.00,0.00,2
108089,0.003,-0.001,1.002,0.122,-0.061,-0.000,40.516,-6.316,52.983,0.9953,0.0000,-0.0010,-0.0972,-0.00,0.00,0.00,0.12,94822.5,0,0.00,0.00,2
108289,0.003,-0.001,1.002,0.122,0.061,-0.061,40.516,-4.565,52.983,0.9954,0.0000,-0.0010,-0.0961,-0.00,0.00,0.00,0.12,94821.1,0,0.00,0.00,2
108489,0.004,0.000,1.001,-0.000,-0.061,-0.000,41.844,-7.245,52.790,0.9953,0.0000,-0.0011,-0.0966,-0.00,-0.00,0.00,0.13,94826.5,0,0.00,0.00,2
108689,0.001,0.000,1.002,0.061,0.000,-0.000,38.947,-7.691,52.404,0.9956,-0.0001,-0.0011,-0.0938,-0.00,-0.00,0.00,0.13,94823.2,0,0.00,0.00,2
108889,0.002,0.000,1.001,0.183,0.000,-0.000,41.172,-7.226,53.176,0.9956,-0.0001,-0.0009,-0.0933,-0.00,-0.00,0.00,0.10,94823.6,0,0.00,0.00,2
109089,-0.000,0.000,1.006,0.061,0.061,-0.061,40.170,-6.546,51.245,0.9958,-0.0001,-0.0009,-0.0912,-0.00,-0.00,0.00,0.10,94823.9,0,0.00,0.00,2
109289,0.000,0.000,1.002,-0.000,-0.061,0.061,41.051,-5.459,52.790,0.9957,0.0000,-0.0008,-0.0928,-0.00,0.00,0.00,0.09,94821.8,0,0.00,0.00,2
109489,0.002,-0.001,1.004,0.183,0.000,-0.000,41.638,-7.013,55.301,0.9950,0.0001,-0.0009,-0.0996,-0.00,-0.00,0.00,0.10,94825.0,0,0.00,0.00,2
109689,0.001,-0.000,1.000,0.122,-0.061,-0.122,41.276,-5.797,54.142,0.9943,-0.0002,-0.0009,-0.1069,-0.00,-0.00,0.00,0.10,94827.2,0,0.00,0.00,2
109889,0.001,0.001,1.001,0.061,0.061,-0.061,39.481,-8.001,52.211,0.9943,-0.0000,-0.0009,-0.1067,-0.00,-0.00,0.00,0.11,94823.6,0,0.00,0.00,2
110089,0.001,0.000,1.004,0.061,0.122,-0.000,41.568,-8.995,53.176,0.9943,0.0000,-0.0010,-0.1062,-0.00,-0.00,0.00,0.11,94825.8,0,0.00,0.00,2
110289,0.002,0.000,1.002,0.061,0.000,-0.061,41.464,-8.089,52.211,0.9942,0.0000,-0.0009,-0.1074,-0.00,-0.00,0.00,0.10,94826.7,0,0.00,0.00,2
110489,0.001,0.000,1.002,0.061,-0.061,-0.061,39.774,-6.528,51.245,0.9945,0.0001,-0.0008,-0.1051,-0.00,0.00,0.00,0.10,94817.3,0,0.00,0.00,2
110689,0.003,-0.000,1.003,0.061,0.061,-0.061,41.155,-7.533,53.756,0.9944,0.0001,-0.0007,-0.1056,-0.00,-0.00,0.00,0.08,94823.6,0,0.00,0.00,2
110889,0.002,0.000,1.002,0.061,0.061,-0.000,40.516,-6.900,52.983,0.9946,0.0001,-0.0009,-0.1040,-0.00,-0.00,0.00,0.10,94825.5,0,0.00,0.00,2
111089,0.002,-0.000,1.002,0.122,0.000,-0.061,40.170,-5.962,51.245,0.9944,0.0000,-0.0008,-0.1060,-0.00,0.00,0.00,0.10,94823.2,0,0.00,0.00,2
111289,0.002,0.001,1.003,0.122,-0.061,-0.061,41.551,-6.967,53.756,0.9946,0.0001,-0.0009,-0.1039,-0.00,-0.00,0.00,0.10,94825.2,0,0.00,0.00,2
111489,0.002,0.001,1.003,0.122,0.000,-0.061,41.067,-6.320,52.211,0.9943,0.0001,-0.0007,-0.1065,-0.00,-0.00,0.00,0.08,94825.3,0,0.00,0.00,2
111689,0.002,0.001,1.003,0.122,-0.061,-0.000,39.481,-6.834,52.211,0.9939,0.0002,-0.0009,-0.1101,-0.00,-0.00,0.00,0.10,94824.5,0,0.00,0.00,2
111889,0.002,0.001,1.002,0.122,-0.061,0.061,39.827,-7.188,53.949,0.9935,0.0001,-0.0010,-0.1135,-0.00,-0.00,0.00,0.11,94823.7,0,0.00,0.00,2
112089,0.001,0.000,1.003,0.122,0.061,-0.061,39.602,-5.682,52.597,0.9930,0.0003,-0.0009,-0.1184,-0.00,0.00,0.00,0.12,94817.9,0,0.00,0.00,2
112289,0.002,-0.000,1.002,0.122,0.000,-0.000,41.326,-4.293,52.404,0.9928,-0.0000,-0.0011,-0.1197,-0.00,0.00,0.00,0.12,94821.8,0,0.00,0.00,2
112489,0.002,0.002,1.002,0.122,0.000,-0.000,40.395,-8.052,52.597,0.9938,0.0001,-0.0009,-0.1111,-0.00,-0.00,0.00,0.10,94823.7,0,0.00,0.00,2
112689,0.001,0.000,1.001,0.122,0.000,-0.000,39.861,-7.158,52.790,0.9933,0.0001,-0.0008,-0.1152,-0.00,0.00,0.00,0.09,94819.8,0,0.00,0.00,2
112889,0.002,0.001,1.002,-0.000,-0.061,-0.122,41.965,-5.510,53.176,0.9932,0.0001,-0.0009,-0.1162,-0.00,-0.00,0.00,0.10,94823.6,0,0.00,0.00,2
113089,0.001,0.000,1.001,0.061,-0.122,-0.061,41.878,-6.048,51.631,0.9933,-0.0002,-0.0010,-0.1158,-0.00,0.00,0.00,0.11,94821.9,0,0.00,0.00,2
113289,0.001,0.001,1.001,-0.000,-0.061,-0.061,40.378,-6.608,53.176,0.9929,0.0000,-0.0009,-0.1188,-0.00,-0.00,0.00,0.10,94825.2,0,0.00,0.00,2
113489,0.000,0.001,1.002,0.061,0.061,-0.000,41.464,-7.505,52.211,0.9942,0.0002,-0.0009,-0.1073,-0.00,0.00,0.00,0.11,94820.3,0,0.00,0.00,2
113689,0.002,0.000,1.001,0.061,0.000,-0.000,41.309,-7.519,52.983,0.9924,-0.0000,-0.0010,-0.1228,-0.00,-0.00,0.00,0.11,94824.5,0,0.00,0.00,2
113889,0.001,0.000,1.003,0.061,0.000,-0.122,41.447,-7.228,52.790,0.9923,0.0001,-0.0010,-0.1237,-0.00,0.00,0.00,0.12,94819.0,0,0.00,0.00,2
114089,0.001,-0.000,1.001,0.122,-0.061,-0.061,40.792,-5.150,52.597,0.9925,0.0001,-0.0011,-0.1222,-0.00,-0.00,0.00,0.13,94825.8,0,0.00,0.00,2
114289,0.001,0.002,1.002,0.122,0.000,-0.061,41.723,-8.397,52.404,0.9933,0.0002,-0.0010,-0.1157,-0.00,0.00,0.00,0.11,94819.8,0,0.00,0.00,2
114489,0.002,0.000,1.003,0.122,-0.061,-0.061,40.533,-8.345,52.404,0.9932,0.0001,-0.0011,-0.1161,-0.00,-0.00,0.00,0.13,94823.1,0,0.00,0.00,2
114689,0.003,0.001,1.003,0.061,0.122,-0.061,41.999,-4.896,52.018,0.9933,0.0002,-0.0012,-0.1157,0.00,0.00,0.00,0.14,94821.1,0,0.00,0.00,2
114889,0.002,-0.000,1.003,0.061,0.061,0.061,40.879,-7.532,54.142,0.9935,0.0001,-0.0012,-0.1141,0.00,0.00,0.00,0.13,94817.6,0,0.00,0.00,2
115089,0.001,0.000,1.003,-0.000,-0.122,-0.061,39.740,-7.726,52.404,0.9936,-0.0000,-0.0011,-0.1128,0.00,-0.00,0.00,0.13,94822.4,0,0.00,0.00,2
115289,0.001,-0.000,1.001,0.061,-0.061,-0.061,40.567,-5.979,51.245,0.9935,-0.0000,-0.0011,-0.1141,0.00,-0.00,0.00,0.12,94822.7,0,0.00,0.00,2
115489,0.001,0.000,1.003,0.061,-0.061,-0.061,40.412,-7.745,52.018,0.9937,0.0001,-0.0010,-0.1122,0.00,0.00,0.00,0.11,94819.8,0,0.00,0.00,2
115689,0.002,-0.000,1.003,0.122,0.000,-0.061,40.671,-6.886,52.211,0.9941,0.0000,-0.0010,-0.1088,0.00,0.00,0.00,0.11,94820.6,0,0.00,0.00,2
115889,0.002,0.000,1.002,0.122,0.122,-0.000,41.965,-4.342,53.176,0.9938,-0.0001,-0.0010,-0.1112,0.00,0.00,0.00,0.12,94819.1,0,0.00,0.00,2
116089,0.002,0.000,1.001,0.122,0.061,-0.061,40.826,-6.872,51.438,0.9934,0.0001,-0.0012,-0.1143,0.00,-0.00,0.00,0.14,94821.9,0,0.00,0.00,2
116289,0.002,0.000,1.000,0.061,0.000,-0.061,41.017,-7.824,53.949,0.9944,0.0000,-0.0011,-0.1057,0.00,-0.00,0.00,0.13,94822.5,0,0.00,0.00,2
116489,0.003,0.000,1.003,-0.000,0.061,-0.061,41.360,-8.350,51.245,0.9944,0.0000,-0.0011,-0.1053,0.00,-0.00,0.00,0.12,94824.5,0,0.00,0.00,2
116689,0.002,0.000,1.003,0.122,0.000,-0.061,38.325,-7.335,51.052,0.9942,0.0000,-0.0011,-0.1078,0.00,0.00,0.00,0.12,94817.0,0,0.00,0.00,2
116889,-0.000,-0.000,1.002,0.122,0.061,-0.061,40.843,-7.149,50.859,0.9941,0.0001,-0.0007,-0.1085,0.01,-0.00,0.00,0.08,94821.9,0,0.00,0.00,2
117089,0.002,-0.000,1.005,0.122,0.122,-0.000,41.172,-8.978,53.176,0.9941,0.0001,-0.0007,-0.1085,0.00,0.00,0.00,0.07,94819.6,0,0.00,0.00,2
117289,0.002,-0.001,1.004,0.122,0.000,-0.122,39.895,-8.296,51.631,0.9950,-0.0001,-0.0009,-0.0999,0.00,0.00,0.00,0.11,94819.9,0,0.00,0.00,2
117489,0.001,0.001,1.003,0.122,-0.122,-0.122,40.792,-5.150,52.597,0.9942,0.0001,-0.0009,-0.1074,0.01,-0.00,0.00,0.10,94822.9,0,0.00,0.00,2
117689,0.002,0.000,1.003,0.183,-0.061,-0.061,40.378,-8.359,53.176,0.9940,0.0002,-0.0009,-0.1094,0.01,-0.00,0.00,0.10,94822.9,0,0.00,0.00,2
117889,0.003,0.001,1.004,0.122,0.000,-0.061,40.550,-6.286,51.824,0.9946,0.0003,-0.0010,-0.1035,0.00,0.00,0.00,0.11,94820.1,0,0.00,0.00,2
118089,0.002,0.000,1.003,0.061,0.061,-0.061,41.689,-5.508,53.563,0.9940,0.0002,-0.0009,-0.1094,0.00,-0.00,0.00,0.09,94821.8,0,0.00,0.00,2
118289,0.000,0.001,1.002,0.061,-0.061,-0.061,41.084,-6.013,51.631,0.9940,0.0003,-0.0007,-0.1094,0.00,0.00,0.00,0.08,94820.6,0,0.00,0.00,2
118489,-0.000,-0.000,1.004,0.061,0.000,-0.122,41.965,-7.845,53.176,0.9938,0.0002,-0.0006,-0.1110,0.00,-0.00,0.00,0.08,94821.6,0,0.00,0.00,2
118689,0.002,-0.000,1.002,0.061,0.122,-0.061,40.930,-8.362,52.404,0.9941,0.0002,-0.0008,-0.1085,0.00,-0.00,0.00,0.10,94823.9,0,0.00,0.00,2
118889,0.002,0.000,1.005,0.122,0.000,-0.061,41.689,-5.508,53.563,0.9938,0.0003,-0.0010,-0.1112,0.00,-0.00,0.00,0.12,94822.9,0,0.00,0.00,2
119089,0.002,0.002,1.004,0.061,0.000,-0.000,41.309,-5.767,52.983,0.9942,0.0001,-0.0010,-0.1072,0.00,-0.00,0.00,0.12,94825.2,0,0.00,0.00,2
119289,0.001,0.001,1.000,-0.000,0.061,-0.061,40.654,-7.777,52.790,0.9947,0.0002,-0.0007,-0.1027,0.00,-0.00,0.00,0.08,94821.8,0,0.00,0.00,2
119489,0.003,0.000,1.001,0.122,0.000,-0.000,41.602,-6.630,52.018,0.9949,0.0001,-0.0010,-0.1005,0.00,-0.00,0.00,0.12,94822.2,0,0.00,0.00,2
119689,0.002,-0.001,1.002,0.061,0.061,-0.000,39.636,-7.403,51.438,0.9948,0.0000,-0.0008,-0.1021,0.00,-0.00,0.00,0.09,94827.8,0,0.00,0.00,2
119889,0.002,-0.000,1.003,0.122,0.000,-0.000,39.619,-8.878,52.018,0.9958,-0.0000,-0.0008,-0.0918,0.00,0.00,0.00,0.08,94821.6,0,0.00,0.00,2
120089,0.001,0.000,1.003,0.122,0.000,0.061,39.380,-10.427,55.687,0.9955,-0.0000,-0.0007,-0.0944,0.00,-0.00,0.00,0.08,94823.1,0,0.00,0.00,2
120289,0.001,-0.000,1.000,0.061,-0.061,-0.061,42.103,-9.305,52.983,0.9964,0.0001,-0.0009,-0.0844,0.00,-0.00,0.00,0.10,94825.8,0,0.00,0.00,2
120489,0.002,0.002,1.002,0.183,0.000,-0.000,38.843,-8.536,51.438,0.9962,0.0002,-0.0011,-0.0875,0.00,-0.00,0.00,0.13,94822.4,0,0.00,0.00,2
120689,0.001,0.000,1.002,0.122,-0.061,-0.061,39.326,-7.432,52.983,0.9955,0.0002,-0.0009,-0.0943,0.00,-0.00,0.00,0.10,94825.8,0,0.00,0.00,2
120889,0.001,0.000,1.001,0.061,-0.061,-0.061,40.775,-6.625,53.176,0.9945,-0.0000,-0.0010,-0.1048,0.00,-0.00,0.00,0.11,94823.4,0,0.00,0.00,2
121089,0.001,0.001,1.000,0.061,0.000,-0.000,40.361,-7.498,53.756,0.9939,0.0001,-0.0009,-0.1105,0.00,0.00,0.00,0.10,94821.8,0,0.00,0.00,2
121289,0.002,0.000,1.001,-0.000,0.000,-0.000,41.447,-7.812,52.790,0.9945,0.0003,-0.0010,-0.1043,0.00,-0.00,0.00,0.11,94825.2,0,0.00,0.00,2
121489,0.002,0.000,1.005,0.122,0.061,-0.061,42.069,-7.000,54.142,0.9942,0.0004,-0.0009,-0.1072,0.00,0.00,0.00,0.11,94821.8,0,0.00,0.00,2
121689,0.002,0.000,1.001,0.061,0.000,-0.061,40.533,-8.929,52.404,0.9943,0.0003,-0.0009,-0.1062,0.00,0.00,0.00,0.10,94821.6,0,0.00,0.00,2
121889,0.002,0.000,1.002,0.061,0.000,-0.061,40.412,-8.329,52.018,0.9942,0.0002,-0.0010,-0.1079,0.00,0.00,0.00,0.12,94815.0,0,0.00,0.00,2
122089,0.000,0.000,1.002,0.122,0.061,-0.000,38.395,-5.937,53.176,0.9945,0.0000,-0.0008,-0.1044,0.00,0.00,0.00,0.10,94819.1,0,0.00,0.00,2
122289,0.003,0.002,1.002,0.122,0.000,-0.061,41.844,-4.326,52.790,0.9932,0.0001,-0.0012,-0.1162,0.00,-0.00,0.00,0.14,94823.9,0,0.00,0.00,2
122489,0.001,-0.001,1.004,0.122,0.000,-0.061,38.601,-6.753,50.665,0.9926,-0.0001,-0.0011,-0.1215,0.00,-0.00,0.00,0.12,94825.8,0,0.00,0.00,2
122689,0.002,0.000,1.003,0.122,0.000,-0.000,41.067,-5.736,52.211,0.9928,0.0000,-0.0010,-0.1197,0.00,-0.00,0.00,0.12,94826.4,0,0.00,0.00,2
122889,0.003,-0.001,1.004,0.122,0.000,-0.061,42.482,-7.294,53.563,0.9929,0.0000,-0.0012,-0.1193,0.00,-0.00,0.00,0.13,94825.5,0,0.00,0.00,2
123089,0.003,0.001,1.003,0.122,0.061,-0.061,39.999,-5.699,52.597,0.9930,0.0001,-0.0011,-0.1184,0.00,-0.00,0.00,0.12,94822.9,0,0.00,0.00,2
123289,0.002,0.000,1.001,0.122,0.061,-0.061,41.568,-6.076,53.176,0.9930,0.0000,-0.0010,-0.1184,0.00,0.00,0.00,0.12,94817.0,0,0.00,0.00,2
123489,0.003,0.001,1.003,0.122,0.061,-0.000,40.482,-6.346,54.142,0.9929,-0.0000,-0.0010,-0.1193,0.00,-0.00,0.00,0.11,94823.2,0,0.00,0.00,2
123689,0.002,0.000,1.003,0.061,0.000,-0.000,38.722,-6.769,51.052,0.9921,0.0001,-0.0010,-0.1252,0.00,-0.00,0.00,0.11,94826.5,0,0.00,0.00,2
123889,0.003,-0.000,1.004,0.122,0.061,-0.061,39.740,-7.726,52.404,0.9924,-0.0001,-0.0009,-0.1234,0.00,0.00,0.00,0.10,94821.8,0,0.00,0.00,2
124089,0.003,0.001,1.001,0.061,0.061,-0.061,41.464,-8.672,52.211,0.9932,0.0002,-0.0008,-0.1162,0.00,-0.00,0.00,0.10,94824.5,0,0.00,0.00,2
124289,0.002,0.000,1.001,0.061,0.061,-0.061,40.637,-9.251,53.370,0.9900,0.0000,-0.0010,-0.1408,-0.00,-0.00,0.00,0.11,94823.9,0,0.00,0.00,2
124489,0.004,0.000,1.003,0.061,0.000,-0.061,40.499,-6.623,53.563,0.9895,-0.0001,-0.0012,-0.1448,-0.00,-0.00,0.00,0.14,94825.2,0,0.00,0.00,2
124689,0.002,0.000,1.002,-0.000,0.000,0.061,40.930,-6.027,52.404,0.9909,0.0001,-0.0010,-0.1347,-0.00,-0.00,0.00,0.11,94827.7,0,0.00,0.00,2
124889,0.002,-0.001,1.001,0.061,0.000,-0.061,39.878,-7.435,52.211,0.9905,0.0001,-0.0009,-0.1374,-0.00,-0.00,0.00,0.09,94826.4,0,0.00,0.00,2
125089,0.002,0.001,1.002,0.122,0.000,-0.000,41.740,-8.090,51.824,0.9904,0.0001,-0.0009,-0.1380,0.00,0.00,0.00,0.10,94822.4,0,0.00,0.00,2
125289,0.002,-0.000,1.002,0.122,0.000,-0.000,41.585,-8.104,52.597,0.9902,-0.0001,-0.0008,-0.1400,-0.00,-0.00,0.00,0.09,94825.5,0,0.00,0.00,2
125489,0.002,0.001,1.004,0.122,0.061,-0.061,41.861,-9.274,52.211,0.9903,-0.0001,-0.0009,-0.1392,-0.00,0.00,0.00,0.10,94819.9,0,0.00,0.00,2
125689,0.002,0.000,1.001,0.122,-0.061,-0.000,41.740,-5.171,51.824,0.9903,-0.0001,-0.0010,-0.1392,-0.00,0.00,0.00,0.11,94822.4,0,0.00,0.00,2
125889,0.001,-0.000,1.003,0.061,0.000,-0.061,40.240,-6.899,53.370,0.9909,-0.0001,-0.0011,-0.1344,0.00,0.00,0.00,0.12,94820.3,0,0.00,0.00,2
126089,0.002,-0.000,1.004,0.122,-0.061,-0.000,40.654,-8.361,52.790,0.9909,-0.0001,-0.0012,-0.1345,0.00,-0.00,0.00,0.14,94823.4,0,0.00,0.00,2
126289,0.000,-0.002,1.005,0.061,-0.061,-0.000,41.464,-5.753,52.211,0.9912,-0.0000,-0.0010,-0.1323,0.00,-0.00,0.00,0.12,94824.2,0,0.00,0.00,2
126489,0.002,0.000,1.004,-0.000,-0.061,-0.000,40.930,-6.611,52.404,0.9910,-0.0002,-0.0010,-0.1338,0.00,-0.00,0.00,0.11,94827.2,0,0.00,0.00,2
126689,0.003,0.001,1.002,0.061,0.061,-0.122,41.309,-7.519,52.983,0.9921,-0.0002,-0.0010,-0.1251,-0.00,-0.00,0.00,0.11,94827.0,0,0.00,0.00,2
126889,0.002,0.001,1.001,-0.000,0.000,0.061,39.636,-7.403,51.438,0.9923,0.0001,-0.0008,-0.1237,0.00,0.00,0.00,0.09,94817.9,0,0.00,0.00,2
127089,0.003,0.001,1.004,0.122,0.000,-0.061,40.274,-6.869,52.211,0.9926,0.0001,-0.0010,-0.1212,-0.00,0.00,0.00,0.11,94820.1,0,0.00,0.00,2
127289,0.002,0.000,1.003,0.061,0.000,-0.000,40.136,-7.160,52.404,0.9930,-0.0000,-0.0009,-0.1179,-0.00,-0.00,0.00,0.11,94825.5,0,0.00,0.00,2
127489,0.003,-0.001,1.003,0.122,0.061,-0.061,40.637,-6.916,53.370,0.9937,0.0001,-0.0012,-0.1119,-0.00,-0.00,0.00,0.14,94825.2,0,0.00,0.00,2
127689,0.001,0.001,1.003,0.183,0.061,-0.000,41.447,-7.228,52.790,0.9929,0.0003,-0.0009,-0.1188,-0.00,0.00,0.00,0.11,94819.9,0,0.00,0.00,2
127889,0.001,0.000,1.002,0.183,-0.061,-0.061,39.861,-5.407,52.790,0.9931,0.0001,-0.0010,-0.1174,0.00,0.00,0.00,0.11,94820.3,0,0.00,0.00,2
128089,0.001,0.000,1.006,0.061,0.000,-0.061,40.395,-6.884,52.597,0.9924,0.0000,-0.0012,-0.1233,0.00,0.00,0.00,0.14,94819.5,0,0.00,0.00,2
128289,0.002,-0.000,1.002,0.061,-0.061,0.061,39.619,-6.543,52.018,0.9919,0.0000,-0.0010,-0.1272,0.00,0.00,0.00,0.11,94815.7,0,0.00,0.00,2
128489,0.003,0.000,1.001,0.122,-0.061,-0.000,41.723,-6.646,52.404,0.9921,-0.0000,-0.0011,-0.1256,0.00,-0.00,0.00,0.12,94823.1,0,0.00,0.00,2
128689,0.003,0.001,1.002,0.061,0.000,-0.122,41.568,-7.244,53.176,0.9925,0.0001,-0.0011,-0.1223,0.00,-0.00,0.00,0.13,94825.5,0,0.00,0.00,2
128889,0.003,0.001,1.002,0.122,0.061,-0.061,41.706,-6.953,52.983,0.9920,0.0003,-0.0011,-0.1263,0.00,0.00,0.00,0.13,94819.2,0,0.00,0.00,2
129089,0.003,-0.001,1.001,0.183,0.000,-0.000,39.585,-8.908,53.176,0.9915,0.0000,-0.0012,-0.1299,0.00,-0.00,0.00,0.13,94823.6,0,0.00,0.00,2
129289,0.002,-0.001,1.003,0.122,0.000,-0.000,41.051,-8.378,52.790,0.9918,-0.0001,-0.0010,-0.1278,0.00,0.00,0.00,0.11,94822.4,0,0.00,0.00,2
129489,0.001,0.000,1.002,0.061,0.000,-0.000,40.809,-8.346,52.018,0.9906,-0.0000,-0.0010,-0.1366,0.00,0.00,0.00,0.11,94819.0,0,0.00,0.00,2
129689,0.001,0.000,1.004,0.122,-0.061,-0.061,40.032,-9.172,51.438,0.9905,0.0001,-0.0010,-0.1376,0.00,0.00,0.00,0.11,94818.3,0,0.00,0.00,2
129889,0.001,-0.001,1.003,0.061,0.000,-0.061,40.913,-8.085,52.983,0.9900,-0.0001,-0.0009,-0.1408,0.00,-0.00,0.00,0.11,94826.4,0,0.00,0.00,2
130089,0.001,-0.001,1.003,0.122,0.000,-0.061,42.103,-8.722,52.983,0.9932,0.0000,-0.0009,-0.1161,0.00,0.00,0.00,0.10,94822.2,0,0.00,0.00,2
130289,0.000,0.000,1.003,0.061,0.000,-0.061,39.326,-7.432,52.983,0.9930,0.0002,-0.0009,-0.1184,0.00,0.00,0.00,0.10,94820.9,0,0.00,0.00,2
130489,0.002,-0.000,1.002,0.061,0.000,-0.000,42.103,-4.051,52.983,0.9927,0.0002,-0.0010,-0.1204,0.00,-0.00,0.00,0.12,94822.5,0,0.00,0.00,2
130689,0.001,0.000,1.002,0.061,0.061,-0.061,40.792,-6.318,52.597,0.9926,0.0002,-0.0010,-0.1211,0.00,0.00,0.00,0.11,94819.6,0,0.00,0.00,2
130889,0.001,0.000,1.003,0.122,0.061,-0.061,40.637,-7.500,53.370,0.9922,0.0000,-0.0008,-0.1250,0.00,0.00,0.00,0.09,94821.1,0,0.00,0.00,2
131089,0.002,-0.000,1.004,0.122,0.122,-0.122,40.947,-7.472,51.824,0.9916,-0.0001,-0.0010,-0.1294,0.00,0.00,0.00,0.12,94820.0,0,0.00,0.00,2
131289,0.002,-0.001,1.000,0.061,-0.061,-0.000,41.188,-4.584,52.597,0.9915,-0.0000,-0.0009,-0.1303,0.00,0.00,0.00,0.10,94819.0,0,0.00,0.00,2
131489,0.002,-0.002,1.002,-0.000,0.000,-0.000,40.947,-6.304,51.824,0.9920,-0.0002,-0.0011,-0.1265,0.00,-0.00,0.00,0.13,94824.4,0,0.00,0.00,2
131689,0.001,0.001,1.000,0.061,0.061,-0.061,41.568,-6.660,53.176,0.9923,-0.0000,-0.0008,-0.1242,0.00,-0.00,0.00,0.09,94824.1,0,0.00,0.00,2
131889,0.002,0.000,1.001,-0.000,0.000,-0.000,41.551,-8.134,53.756,0.9934,0.0001,-0.0009,-0.1146,0.00,-0.00,0.00,0.10,94823.2,0,0.00,0.00,2
132089,0.001,-0.000,1.001,0.061,-0.061,-0.000,41.413,-6.674,53.949,0.9941,0.0001,-0.0009,-0.1080,0.00,-0.00,0.00,0.10,94826.9,0,0.00,0.00,2
132289,0.002,0.000,1.001,0.061,0.061,-0.061,41.585,-8.104,52.597,0.9944,-0.0001,-0.0010,-0.1060,0.00,-0.00,0.00,0.11,94823.3,0,0.00,0.00,2
132489,0.001,0.001,1.004,0.061,0.000,-0.000,39.326,-6.848,52.983,0.9947,-0.0001,-0.0009,-0.1031,0.00,-0.00,0.00,0.10,94822.8,0,0.00,0.00,2
132689,0.000,0.000,1.002,0.061,0.061,-0.000,40.930,-6.027,52.404,0.9948,0.0000,-0.0008,-0.1022,0.00,-0.00,0.00,0.09,94822.9,0,0.00,0.00,2
132889,0.002,-0.000,1.003,0.061,0.000,-0.061,38.429,-4.155,52.018,0.9951,0.0001,-0.0008,-0.0988,0.00,0.00,0.00,0.09,94821.6,0,0.00,0.00,2
133089,0.002,-0.001,1.001,0.122,0.000,-0.061,41.447,-6.060,52.790,0.9955,-0.0001,-0.0008,-0.0947,0.00,-0.00,0.00,0.10,94823.7,0,0.00,0.00,2
133289,0.003,0.001,1.002,0.122,0.000,-0.061,40.274,-5.701,52.211,0.9955,-0.0000,-0.0009,-0.0949,0.00,-0.00,0.00,0.10,94825.2,0,0.00,0.00,2
133489,0.003,0.000,1.002,0.122,0.061,-0.061,40.792,-7.486,52.597,0.9954,0.0000,-0.0011,-0.0960,0.00,0.00,0.00,0.12,94821.6,0,0.00,0.00,2
133689,-0.000,0.000,1.004,0.122,0.000,-0.000,40.947,-7.472,51.824,0.9950,0.0000,-0.0009,-0.0996,0.00,-0.00,0.00,0.09,94823.7,0,0.00,0.00,2
133889,0.001,0.000,1.004,0.061,0.000,-0.061,41.034,-9.269,53.370,0.9955,0.0001,-0.0008,-0.0945,0.00,0.00,0.00,0.08,94820.3,0,0.00,0.00,2
134089,0.001,0.000,1.002,0.061,-0.061,-0.061,40.395,-8.636,52.597,0.9947,0.0001,-0.0008,-0.1028,0.00,-0.00,0.00,0.08,94825.0,0,0.00,0.00,2
134289,0.004,0.000,1.001,0.122,0.000,0.061,41.447,-4.309,52.790,0.9938,-0.0000,-0.0010,-0.1115,0.00,-0.00,0.00,0.11,94823.6,0,0.00,0.00,2
134489,0.003,-0.000,1.004,0.122,0.000,-0.000,39.861,-7.742,52.790,0.9933,0.0000,-0.0011,-0.1157,0.00,-0.00,0.00,0.12,94824.1,0,0.00,0.00,2
134689,0.002,0.001,1.002,0.061,0.061,-0.061,40.516,-5.733,52.983,0.9936,0.0001,-0.0010,-0.1130,0.00,-0.00,0.00,0.11,94822.9,0,0.00,0.00,2
134889,0.002,-0.001,1.002,0.122,0.000,-0.061,41.447,-5.476,52.790,0.9934,0.0001,-0.0010,-0.1148,0.00,-0.00,0.00,0.12,94824.2,0,0.00,0.00,2
135089,0.002,0.001,1.003,0.122,0.000,-0.000,39.222,-7.109,52.018,0.9941,0.0002,-0.0010,-0.1087,0.00,0.00,0.00,0.12,94821.8,0,0.00,0.00,2
135289,0.004,0.000,1.002,0.122,-0.061,-0.061,42.344,-7.002,53.756,0.9945,0.0001,-0.0010,-0.1043,0.00,0.00,0.00,0.12,94821.8,0,0.00,0.00,2
135489,0.001,0.000,1.000,0.061,0.000,-0.000,41.172,-9.562,53.176,0.9944,0.0002,-0.0009,-0.1061,0.00,-0.00,0.00,0.11,94822.8,0,0.00,0.00,2
135689,0.002,0.002,1.001,0.122,0.000,-0.061,39.723,-6.865,52.983,0.9941,0.0001,-0.0009,-0.1081,0.00,0.00,0.00,0.10,94820.1,0,0.00,0.00,2
135889,0.002,0.001,1.004,0.061,0.000,0.061,40.291,-7.729,51.631,0.9935,0.0001,-0.0008,-0.1139,0.00,0.00,0.00,0.08,94819.6,0,0.00,0.00,2
136089,0.003,0.000,1.003,0.061,0.000,-0.000,39.360,-5.066,51.824,0.9938,0.0001,-0.0009,-0.1116,0.00,0.00,0.00,0.10,94821.4,0,0.00,0.00,2
136289,0.003,0.000,1.003,-0.000,0.000,-0.000,41.447,-7.228,52.790,0.9937,0.0001,-0.0009,-0.1122,0.00,0.00,0.00,0.10,94818.0,0,0.00,0.00,2
136489,0.003,0.000,1.001,0.061,-0.061,-0.061,39.619,-5.375,52.018,0.9933,0.0001,-0.0010,-0.1152,0.00,0.00,0.00,0.12,94820.9,0,0.00,0.00,2
136689,0.001,-0.000,1.002,0.061,-0.061,-0.000,39.464,-4.805,52.790,0.9927,0.0000,-0.0010,-0.1205,0.00,0.00,0.00,0.11,94817.3,0,0.00,0.00,2
136889,0.002,0.000,1.000,0.122,0.000,-0.061,41.051,-6.627,52.790,0.9936,0.0002,-0.0009,-0.1131,0.00,-0.00,0.00,0.10,94823.6,0,0.00,0.00,2
137089,0.002,0.000,1.001,-0.000,0.000,-0.000,38.722,-5.601,51.052,0.9935,0.0001,-0.0010,-0.1142,0.00,-0.00,0.00,0.11,94824.1,0,0.00,0.00,2
137289,0.003,-0.001,1.004,0.061,0.000,-0.000,40.792,-5.734,52.597,0.9937,0.0000,-0.0010,-0.1120,0.00,0.00,0.00,0.12,94821.6,0,0.00,0.00,2
137489,0.001,-0.000,1.000,0.122,0.061,-0.000,40.274,-6.285,52.211,0.9935,-0.0000,-0.0007,-0.1135,0.00,0.00,0.00,0.07,94820.3,0,0.00,0.00,2
137689,0.001,0.000,1.003,0.061,-0.061,-0.061,40.482,-6.930,54.142,0.9927,-0.0001,-0.0008,-0.1202,0.00,-0.00,0.00,0.09,94825.5,0,0.00,0.00,2
137889,0.003,0.000,1.002,0.061,0.000,-0.000,41.672,-8.150,54.142,0.9933,0.0000,-0.0010,-0.1154,0.00,-0.00,0.00,0.11,94824.4,0,0.00,0.00,2
138089,-0.000,0.000,1.000,0.122,0.000,-0.122,43.430,-5.564,52.790,0.9931,0.0001,-0.0010,-0.1173,0.00,0.00,0.00,0.11,94820.3,0,0.00,0.00,2
138289,0.001,0.000,1.002,0.061,0.000,-0.000,40.620,-7.223,53.949,0.9932,-0.0000,-0.0012,-0.1165,0.00,0.00,0.00,0.13,94821.6,0,0.00,0.00,2
138489,0.001,-0.000,1.003,0.122,0.000,-0.061,41.827,-4.633,53.370,0.9926,0.0001,-0.0010,-0.1216,0.00,-0.00,0.00,0.11,94822.9,0,0.00,0.00,2
138689,0.000,0.000,1.002,-0.000,-0.061,-0.061,41.413,-6.674,53.949,0.9933,0.0001,-0.0010,-0.1158,0.00,-0.00,0.00,0.10,94822.9,0,0.00,0.00,2
138889,0.001,0.000,1.002,0.122,0.000,-0.122,40.792,-6.318,52.597,0.9931,0.0000,-0.0008,-0.1173,0.00,-0.00,0.00,0.09,94825.4,0,0.00,0.00,2
139089,0.001,-0.000,1.002,0.061,0.000,-0.000,41.205,-8.948,52.018,0.9939,0.0001,-0.0010,-0.1106,0.00,0.00,0.00,0.11,94819.6,0,0.00,0.00,2
139289,0.002,0.001,1.004,0.122,0.000,-0.000,39.895,-5.960,51.631,0.9939,0.0002,-0.0010,-0.1104,0.00,-0.00,0.00,0.12,94826.2,0,0.00,0.00,2
139489,0.000,0.001,1.002,0.122,0.000,-0.000,41.155,-6.949,53.756,0.9936,0.0000,-0.0010,-0.1130,0.00,0.00,0.00,0.10,94821.3,0,0.00,0.00,2
139689,0.001,0.000,1.004,0.061,0.061,-0.061,41.292,-4.907,53.563,0.9934,-0.0001,-0.0008,-0.1150,0.00,0.00,0.00,0.09,94821.6,0,0.00,0.00,2
139889,0.002,0.000,1.003,0.122,-0.061,-0.061,39.911,-6.821,51.052,0.9938,-0.0000,-0.0009,-0.1115,0.00,-0.00,0.00,0.10,94823.4,0,0.00,0.00,2
140089,0.001,0.001,1.001,0.061,0.061,-0.000,41.172,-7.810,53.176,0.9927,-0.0000,-0.0009,-0.1202,0.00,-0.00,0.00,0.10,94824.9,0,0.00,0.00,2
140289,0.002,0.000,1.002,0.122,0.000,-0.000,41.844,-7.829,52.790,0.9935,-0.0002,-0.0011,-0.1142,0.00,0.00,0.00,0.12,94819.6,0,0.00,0.00,2
140489,0.001,0.000,1.004,0.061,0.000,-0.122,40.378,-7.191,53.176,0.9929,-0.0001,-0.0009,-0.1188,0.00,0.00,0.00,0.10,94818.3,0,0.00,0.00,2
140689,0.000,0.000,1.003,0.122,-0.122,-0.000,42.344,-7.002,53.756,0.9924,0.0000,-0.0008,-0.1232,0.00,0.00,0.00,0.08,94820.0,0,0.00,0.00,2
140889,0.001,-0.001,1.003,0.061,0.122,-0.061,40.792,-6.318,52.597,0.9916,-0.0001,-0.0006,-0.1295,0.00,0.00,0.00,0.07,94821.4,0,0.00,0.00,2
141089,0.000,0.000,1.002,0.061,0.000,-0.000,40.826,-5.120,51.438,0.9913,-0.0001,-0.0007,-0.1313,0.00,-0.00,0.00,0.08,94825.5,0,0.00,0.00,2
141289,0.000,-0.001,1.001,0.122,-0.122,-0.061,40.257,-6.008,52.790,0.9917,-0.0001,-0.0006,-0.1284,0.00,0.00,0.00,0.07,94819.5,0,0.00,0.00,2
141489,0.001,0.001,1.004,0.122,0.000,-0.122,40.291,-7.729,51.631,0.9912,-0.0002,-0.0009,-0.1325,0.00,0.00,0.00,0.10,94822.2,0,0.00,0.00,2
141689,0.001,-0.000,1.004,0.061,0.061,-0.000,41.982,-6.954,52.597,0.9909,-0.0002,-0.0009,-0.1346,0.00,-0.00,0.00,0.10,94825.5,0,0.00,0.00,2
141889,0.000,-0.000,1.005,0.061,-0.061,-0.061,39.861,-6.574,52.790,0.9913,-0.0002,-0.0008,-0.1320,0.00,-0.00,0.00,0.09,94827.4,0,0.00,0.00,2
142089,0.002,-0.000,1.004,0.061,0.061,-0.061,40.533,-8.345,52.404,0.9910,-0.0003,-0.0008,-0.1340,0.00,0.00,0.00,0.10,94821.6,0,0.00,0.00,2
142289,0.001,-0.001,1.001,0.061,-0.061,-0.000,41.276,-6.965,54.142,0.9907,-0.0003,-0.0009,-0.1361,0.00,-0.00,0.00,0.11,94823.4,0,0.00,0.00,2
142489,0.001,0.000,1.003,0.061,-0.061,-0.000,41.067,-6.904,52.211,0.9902,-0.0001,-0.0009,-0.1399,0.00,-0.00,0.00,0.10,94825.2,0,0.00,0.00,2
142689,0.001,-0.001,1.002,-0.000,0.000,-0.000,39.911,-5.070,51.052,0.9888,-0.0001,-0.0007,-0.1493,0.00,-0.00,0.00,0.08,94824.2,0,0.00,0.00,2
142889,0.001,0.000,1.002,0.122,0.000,-0.061,41.430,-6.951,53.370,0.9889,0.0001,-0.0007,-0.1483,0.00,0.00,0.00,0.08,94820.0,0,0.00,0.00,2
143089,0.001,0.000,1.003,0.061,0.000,-0.061,41.309,-8.103,52.983,0.9887,0.0001,-0.0006,-0.1501,0.00,-0.00,0.00,0.07,94822.8,0,0.00,0.00,2
143289,0.001,-0.000,1.002,-0.000,0.000,-0.000,38.913,-6.554,53.563,0.9886,0.0000,-0.0006,-0.1506,0.00,0.00,0.00,0.08,94818.5,0,0.00,0.00,2
143489,0.001,0.000,1.003,0.061,0.000,-0.000,40.499,-5.456,53.563,0.9890,-0.0001,-0.0008,-0.1479,0.00,-0.00,0.00,0.09,94824.1,0,0.00,0.00,2
143689,0.002,0.001,1.002,0.061,0.000,-0.061,40.274,-7.452,52.211,0.9898,-0.0000,-0.0007,-0.1425,0.00,0.00,0.00,0.08,94820.4,0,0.00,0.00,2
143889,0.003,0.002,1.002,0.122,0.000,-0.000,39.222,-7.693,52.018,0.9900,0.0002,-0.0009,-0.1407,0.00,0.00,0.00,0.10,94821.4,0,0.00,0.00,2
144089,0.004,-0.001,1.004,0.061,0.061,-0.000,41.172,-7.226,53.176,0.9909,0.0000,-0.0010,-0.1344,0.00,-0.00,0.00,0.11,94823.1,0,0.00,0.00,2
144289,0.002,0.001,1.002,0.061,0.061,-0.122,39.723,-8.617,52.983,0.9912,0.0001,-0.0009,-0.1323,0.00,0.00,0.00,0.10,94821.6,0,0.00,0.00,2
144489,0.001,-0.000,1.003,-0.000,0.000,-0.000,39.135,-6.479,50.472,0.9907,-0.0001,-0.0007,-0.1359,0.00,0.00,0.00,0.08,94819.5,0,0.00,0.00,2
144689,0.003,-0.000,1.002,0.183,0.000,-0.000,40.153,-8.604,51.824,0.9903,0.0000,-0.0009,-0.1392,0.00,-0.00,0.00,0.10,94823.6,0,0.00,0.00,2
144889,0.001,-0.000,1.003,0.061,0.061,-0.061,40.775,-7.209,53.176,0.9898,0.0000,-0.0008,-0.1428,0.00,0.00,0.00,0.10,94820.9,0,0.00,0.00,2
145089,0.002,0.001,1.004,-0.000,0.122,-0.061,41.309,-8.103,52.983,0.9895,-0.0000,-0.0009,-0.1448,0.00,0.00,0.00,0.10,94821.9,0,0.00,0.00,2
145289,0.001,0.001,1.002,0.122,-0.061,-0.000,40.741,-5.487,54.335,0.9898,0.0000,-0.0010,-0.1427,0.00,-0.00,0.00,0.11,94825.2,0,0.00,0.00,2
145489,0.003,0.000,1.004,0.122,0.061,-0.061,41.051,-6.043,52.790,0.9888,0.0000,-0.0010,-0.1491,0.00,-0.00,0.00,0.11,94822.6,0,0.00,0.00,2
145689,0.003,0.000,1.003,0.061,0.000,-0.000,41.155,-5.782,53.756,0.9895,0.0001,-0.0009,-0.1444,0.00,-0.00,0.00,0.10,94823.4,0,0.00,0.00,2
145889,0.002,0.002,1.001,0.061,0.000,-0.122,40.879,-5.196,54.142,0.9892,0.0001,-0.0010,-0.1466,0.00,-0.00,0.00,0.11,94824.7,0,0.00,0.00,2
146089,0.002,0.000,1.004,0.122,0.061,-0.061,42.378,-6.388,52.597,0.9885,-0.0000,-0.0010,-0.1515,0.00,0.00,0.00,0.12,94820.1,0,0.00,0.00,2
146289,0.003,0.000,1.004,-0.000,0.000,-0.000,40.775,-7.793,53.176,0.9885,-0.0000,-0.0011,-0.1515,0.00,-0.00,0.00,0.12,94824.9,0,0.00,0.00,2
146489,0.005,0.000,1.003,0.061,0.000,-0.000,40.257,-10.095,52.790,0.9878,-0.0003,-0.0010,-0.1560,0.00,0.00,0.00,0.12,94821.9,0,0.00,0.00,2
146689,0.002,0.000,1.003,0.061,0.000,-0.061,39.982,-4.839,53.176,0.9867,-0.0001,-0.0011,-0.1627,0.00,0.00,0.00,0.13,94820.8,0,0.00,0.00,2
146889,0.001,-0.001,1.003,0.061,0.000,-0.061,40.274,-5.701,52.211,0.9862,-0.0002,-0.0010,-0.1655,0.00,-0.00,0.00,0.11,94824.1,0,0.00,0.00,2
147089,0.002,0.000,1.001,0.122,0.000,-0.000,40.482,-6.346,54.142,0.9876,-0.0001,-0.0009,-0.1570,0.00,-0.00,0.00,0.11,94824.9,0,0.00,0.00,2
147289,0.001,0.000,1.003,0.061,0.000,-0.000,39.464,-5.973,52.790,0.9871,-0.0002,-0.0006,-0.1598,0.00,0.00,0.00,0.07,94818.6,0,0.00,0.00,2
147489,0.003,0.001,1.001,-0.000,0.000,-0.061,40.412,-8.329,52.018,0.9881,-0.0001,-0.0009,-0.1535,0.00,-0.00,0.00,0.10,94824.7,0,0.00,0.00,2
147689,0.002,0.000,1.000,0.122,0.061,-0.061,39.343,-7.709,52.404,0.9877,0.0001,-0.0009,-0.1561,0.00,-0.00,0.00,0.10,94827.5,0,0.00,0.00,2
147889,0.002,0.001,1.003,0.061,0.061,-0.000,41.827,-6.968,53.370,0.9866,-0.0001,-0.0009,-0.1632,0.00,-0.00,0.00,0.10,94824.1,0,0.00,0.00,2
148089,0.001,0.001,1.005,-0.000,0.000,-0.061,39.844,-5.714,53.370,0.9863,0.0003,-0.0009,-0.1648,0.00,0.00,0.00,0.11,94822.1,0,0.00,0.00,2
148289,0.002,0.000,1.001,0.061,-0.061,-0.061,41.172,-6.059,53.176,0.9848,-0.0000,-0.0010,-0.1738,0.00,0.00,0.00,0.12,94822.6,0,0.00,0.00,2
148489,0.003,0.000,1.006,0.061,0.000,-0.061,41.413,-8.426,53.949,0.9844,0.0001,-0.0010,-0.1760,0.00,0.00,0.00,0.11,94820.0,0,0.00,0.00,2
148689,0.003,0.000,1.002,0.122,0.061,0.061,40.826,-8.623,51.438,0.9842,-0.0001,-0.0010,-0.1771,0.00,-0.00,0.00,0.12,94826.1,0,0.00,0.00,2
148889,0.003,-0.000,1.001,0.122,0.000,-0.000,39.878,-8.603,52.211,0.9861,0.0001,-0.0009,-0.1663,0.00,-0.00,0.00,0.11,94825.9,0,0.00,0.00,2
149089,0.003,0.000,1.004,0.061,0.000,-0.061,40.550,-9.206,51.824,0.9860,0.0000,-0.0011,-0.1668,0.00,-0.00,0.00,0.12,94825.5,0,0.00,0.00,2
149289,0.001,0.000,1.000,0.061,0.000,-0.000,39.965,-8.065,53.756,0.9863,0.0000,-0.0008,-0.1649,0.00,0.00,0.00,0.09,94822.2,0,0.00,0.00,2
149489,0.000,0.001,1.003,-0.000,0.061,0.061,41.276,-6.381,54.142,0.9857,-0.0000,-0.0008,-0.1686,-0.00,-0.00,0.00,0.09,94826.7,0,0.00,0.00,2
149689,0.001,0.002,1.004,0.061,0.061,-0.000,38.722,-3.850,51.052,0.9851,0.0001,-0.0009,-0.1721,-0.00,-0.00,0.00,0.10,94824.7,0,0.00,0.00,2
149889,0.002,0.001,1.001,0.061,0.000,-0.061,40.499,-4.288,53.563,0.9844,0.0001,-0.0009,-0.1759,-0.00,-0.00,0.00,0.10,94828.8,0,0.00,0.00,2
150089,0.001,0.000,1.001,0.061,0.000,0.061,41.276,-6.381,54.142,0.9846,0.0001,-0.0009,-0.1746,-0.00,-0.00,0.00,0.11,94829.2,0,0.00,0.00,2
150289,0.000,0.000,1.002,0.061,0.061,-0.122,39.706,-8.924,53.563,0.9845,0.0000,-0.0009,-0.1751,-0.00,-0.00,0.00,0.10,94826.1,0,0.00,0.00,2
150489,0.001,0.000,1.004,0.122,0.000,-0.061,40.361,-5.747,53.756,0.9835,-0.0001,-0.0008,-0.1807,-0.00,-0.00,0.00,0.08,94825.4,0,0.00,0.00,2
150689,0.001,0.000,1.001,0.122,0.000,-0.000,40.930,-8.362,52.404,0.9820,-0.0001,-0.0010,-0.1891,-0.00,0.00,0.00,0.11,94821.6,0,0.00,0.00,2
150889,0.002,-0.001,1.002,0.061,0.000,-0.000,38.809,-6.231,52.597,0.9817,0.0001,-0.0011,-0.1906,-0.00,0.00,0.00,0.12,94823.9,0,0.00,0.00,2
151089,0.002,0.001,1.001,0.122,0.000,-0.061,41.188,-6.919,52.597,0.9813,-0.0000,-0.0011,-0.1927,-0.00,-0.00,0.00,0.13,94826.7,0,0.00,0.00,2
151289,0.002,0.000,1.003,-0.000,0.000,-0.000,40.947,-3.968,51.824,0.9814,-0.0000,-0.0010,-0.1920,-0.00,-0.00,0.00,0.11,94826.6,0,0.00,0.00,2
151489,-0.000,-0.001,1.003,0.061,-0.061,-0.000,41.861,-6.938,52.211,0.9815,-0.0002,-0.0009,-0.1915,-0.00,-0.00,0.00,0.10,94829.4,0,0.00,0.00,2
151689,0.003,0.000,1.002,0.061,0.000,-0.000,39.723,-5.698,52.983,0.9822,-0.0000,-0.0011,-0.1878,-0.00,-0.00,0.00,0.13,94828.7,0,0.00,0.00,2
151889,0.001,0.000,1.004,0.122,-0.061,-0.000,42.378,-6.388,52.597,0.9826,-0.0002,-0.0009,-0.1856,-0.01,-0.00,0.00,0.10,94826.9,0,0.00,0.00,2
152089,0.000,-0.000,1.006,-0.000,0.061,-0.000,39.861,-7.158,52.790,0.9800,-0.0000,-0.0008,-0.1989,-0.01,-0.00,0.00,0.09,94829.9,0,0.00,0.00,2
152289,0.000,0.000,1.001,0.061,0.000,-0.000,41.051,-4.875,52.790,0.9798,-0.0002,-0.0008,-0.1999,-0.01,-0.00,0.00,0.10,94826.7,0,0.00,0.00,2
152489,0.001,0.001,1.003,0.061,-0.061,-0.000,40.395,-5.717,52.597,0.9817,0.0000,-0.0006,-0.1904,-0.01,0.00,0.00,0.07,94825.9,0,0.00,0.00,2
152689,0.001,0.002,1.003,-0.000,0.000,-0.061,38.446,-5.600,51.438,0.9817,0.0000,-0.0009,-0.1903,-0.01,-0.00,0.00,0.11,94830.7,0,0.00,0.00,2
152889,0.000,0.001,1.004,0.061,0.000,-0.000,38.913,-9.473,53.563,0.9852,-0.0001,-0.0007,-0.1716,-0.01,-0.00,0.00,0.07,94830.7,0,0.00,0.00,2
153089,0.002,0.001,1.004,0.061,-0.061,-0.122,39.222,-5.358,52.018,0.9841,-0.0000,-0.0009,-0.1774,-0.01,-0.00,0.00,0.10,94826.7,0,0.00,0.00,2
153289,0.002,0.000,1.005,-0.000,-0.061,0.061,40.499,-5.456,53.563,0.9836,-0.0001,-0.0009,-0.1806,-0.01,0.00,0.00,0.10,94820.5,0,0.00,0.00,2
153489,0.001,0.000,1.003,0.061,0.061,-0.061,41.326,-7.796,52.404,0.9831,-0.0001,-0.0007,-0.1832,-0.01,-0.00,0.00,0.08,94828.7,0,0.00,0.00,2
153689,0.002,0.000,1.003,0.122,0.000,-0.061,39.360,-7.986,51.824,0.9828,0.0000,-0.0011,-0.1849,-0.01,-0.00,0.00,0.12,94829.2,0,0.00,0.00,2
153889,0.002,0.001,1.005,0.122,0.000,-0.061,41.084,-7.764,51.631,0.9833,0.0000,-0.0011,-0.1821,-0.01,0.00,0.00,0.12,94825.9,0,0.00,0.00,2
154089,0.001,0.001,1.004,0.061,0.061,-0.061,40.015,-6.560,52.018,0.9837,-0.0001,-0.0009,-0.1797,-0.01,0.00,0.00,0.11,94824.6,0,0.00,0.00,2
154289,0.003,0.001,1.003,0.122,0.000,-0.000,39.239,-6.802,51.438,0.9831,-0.0000,-0.0011,-0.1832,-0.01,0.00,0.00,0.12,94824.9,0,0.00,0.00,2
154489,0.002,-0.000,1.004,0.122,0.000,-0.000,39.740,-5.975,52.404,0.9823,-0.0000,-0.0010,-0.1873,-0.01,-0.00,0.00,0.12,94826.9,0,0.00,0.00,2
154689,0.002,-0.002,1.001,0.061,-0.061,-0.122,40.153,-8.021,51.824,0.9826,-0.0001,-0.0009,-0.1860,-0.01,-0.00,0.00,0.10,94827.5,0,0.00,0.00,2
154889,0.003,0.000,1.001,0.061,0.061,0.061,40.274,-5.117,52.211,0.9807,-0.0002,-0.0010,-0.1955,-0.00,0.00,0.00,0.11,94823.8,0,0.00,0.00,2
155089,0.002,-0.000,1.001,0.061,0.000,-0.061,39.360,-5.650,51.824,0.9798,-0.0000,-0.0010,-0.2001,-0.00,0.00,0.00,0.11,94824.1,0,0.00,0.00,2
155289,0.002,0.000,1.003,0.061,0.000,-0.000,39.878,-6.851,52.211,0.9779,-0.0001,-0.0009,-0.2091,-0.00,0.00,0.00,0.10,94824.1,0,0.00,0.00,2
155489,0.002,0.001,1.003,0.061,0.000,-0.000,40.015,-7.144,52.018,0.9793,-0.0001,-0.0008,-0.2023,-0.00,0.00,0.00,0.09,94821.2,0,0.00,0.00,2
155689,-0.000,0.002,1.003,0.061,-0.061,-0.061,40.361,-4.579,53.756,0.9797,0.0000,-0.0007,-0.2004,-0.00,-0.00,0.00,0.09,94828.5,0,0.00,0.00,2
155889,0.004,0.000,1.004,0.061,-0.061,-0.061,41.309,-7.519,52.983,0.9797,-0.0001,-0.0010,-0.2004,-0.00,-0.00,0.00,0.12,94827.2,0,0.00,0.00,2
156089,0.001,0.000,1.002,-0.000,0.061,-0.061,40.516,-7.484,52.983,0.9810,-0.0001,-0.0011,-0.1938,-0.00,0.00,0.00,0.12,94821.9,0,0.00,0.00,2
156289,0.003,0.002,1.001,0.061,0.061,-0.000,40.671,-5.718,52.211,0.9799,0.0001,-0.0010,-0.1993,-0.00,-0.00,0.00,0.12,94826.6,0,0.00,0.00,2
156489,0.002,0.000,1.005,0.122,-0.061,-0.061,41.326,-7.212,52.404,0.9786,0.0002,-0.0009,-0.2059,-0.00,-0.00,0.00,0.10,94827.4,0,0.00,0.00,2
156689,0.003,-0.001,1.002,0.122,-0.061,-0.061,39.999,-6.867,52.597,0.9785,-0.0000,-0.0011,-0.2062,-0.00,0.00,0.00,0.12,94824.6,0,0.00,0.00,2
156889,0.002,-0.001,1.001,0.061,0.061,-0.061,39.740,-5.975,52.404,0.9803,-0.0002,-0.0010,-0.1975,-0.00,-0.00,0.00,0.11,94825.2,0,0.00,0.00,2
157089,0.000,-0.000,1.004,0.122,0.061,-0.000,40.792,-6.318,52.597,0.9819,-0.0001,-0.0008,-0.1895,-0.00,-0.00,0.00,0.10,94828.0,0,0.00,0.00,2
157289,0.002,0.000,1.004,0.061,0.000,-0.061,41.084,-7.180,51.631,0.9808,0.0000,-0.0009,-0.1952,-0.00,-0.00,0.00,0.10,94826.6,0,0.00,0.00,2
157489,0.002,0.002,1.003,0.061,0.061,-0.061,40.069,-6.636,54.722,0.9800,-0.0000,-0.0010,-0.1989,-0.00,-0.00,0.00,0.11,94825.2,0,0.00,0.00,2
157689,0.003,-0.001,1.003,0.061,0.000,-0.061,40.550,-8.622,51.824,0.9817,0.0000,-0.0009,-0.1905,-0.00,0.00,0.00,0.10,94823.9,0,0.00,0.00,2
157889,0.001,0.000,1.000,0.122,0.061,-0.000,41.326,-6.044,52.404,0.9816,-0.0000,-0.0007,-0.1909,-0.00,-0.00,0.00,0.07,94826.6,0,0.00,0.00,2
158089,0.004,-0.001,1.000,0.122,0.000,-0.000,40.257,-7.759,52.790,0.9836,-0.0003,-0.0010,-0.1806,-0.00,0.00,0.00,0.12,94823.1,0,0.00,0.00,2
158289,0.002,0.001,1.003,0.061,0.000,-0.061,40.775,-7.209,53.176,0.9807,-0.0002,-0.0011,-0.1954,-0.00,0.00,0.00,0.13,94823.9,0,0.00,0.00,2
158489,0.002,0.000,1.002,0.061,0.061,-0.000,42.896,-7.005,52.983,0.9814,-0.0000,-0.0010,-0.1918,-0.00,0.00,0.00,0.11,94824.5,0,0.00,0.00,2
158689,0.002,0.001,1.004,0.122,0.000,-0.061,41.430,-8.119,53.370,0.9821,0.0001,-0.0011,-0.1882,-0.00,0.00,0.00,0.12,94822.9,0,0.00,0.00,2
158889,0.001,0.001,1.005,0.061,0.061,-0.000,41.568,-7.828,53.176,0.9838,0.0001,-0.0011,-0.1792,-0.00,0.00,0.00,0.13,94823.9,0,0.00,0.00,2
159089,0.003,-0.000,1.003,0.061,-0.061,-0.061,40.654,-8.361,52.790,0.9844,0.0000,-0.0011,-0.1761,-0.00,-0.00,0.00,0.12,94825.9,0,0.00,0.00,2
159289,0.001,0.000,1.002,0.061,0.000,-0.000,41.931,-6.123,54.335,0.9838,-0.0001,-0.0009,-0.1795,-0.00,0.00,0.00,0.10,94824.6,0,0.00,0.00,2
159489,0.001,0.001,1.003,0.061,0.000,-0.061,41.017,-6.657,53.949,0.9844,0.0000,-0.0009,-0.1760,-0.00,-0.00,0.00,0.10,94825.1,0,0.00,0.00,2
159689,0.001,0.001,1.001,0.122,0.000,-0.000,41.172,-5.475,53.176,0.9849,-0.0002,-0.0010,-0.1731,-0.00,0.00,0.00,0.12,94823.3,0,0.00,0.00,2
159889,0.003,-0.000,1.003,0.061,0.122,-0.000,39.068,-5.372,52.790,0.9855,-0.0001,-0.0012,-0.1697,-0.00,0.00,0.00,0.14,94824.5,0,0.00,0.00,2
160089,0.002,0.000,1.004,0.122,-0.122,-0.000,40.913,-6.334,52.983,0.9844,-0.0001,-0.0010,-0.1762,-0.00,0.00,0.00,0.12,94821.7,0,0.00,0.00,2
160289,0.000,-0.000,1.000,0.061,0.000,-0.122,39.447,-6.864,53.370,0.9844,-0.0002,-0.0010,-0.1761,-0.00,-0.00,0.00,0.12,94824.7,0,0.00,0.00,2
160489,0.000,0.000,1.001,0.122,-0.122,-0.000,39.619,-7.127,52.018,0.9840,-0.0001,-0.0009,-0.1781,-0.00,0.00,0.00,0.10,94822.5,0,0.00,0.00,2
160689,0.001,-0.001,1.003,0.061,0.061,-0.000,41.155,-5.198,53.756,0.9838,-0.0002,-0.0008,-0.1794,-0.00,0.00,0.00,0.09,94823.3,0,0.00,0.00,2
160889,0.000,-0.001,1.004,0.122,-0.061,-0.000,39.290,-5.298,49.700,0.9860,-0.0002,-0.0009,-0.1669,-0.00,-0.00,0.00,0.10,94825.8,0,0.00,0.00,2
161089,0.001,0.000,1.000,0.061,0.061,-0.061,41.585,-6.937,52.597,0.9858,-0.0001,-0.0009,-0.1680,-0.00,0.00,0.00,0.10,94821.8,0,0.00,0.00,2
161289,0.002,0.000,1.002,0.061,-0.061,-0.061,39.619,-8.878,52.018,0.9872,0.0000,-0.0009,-0.1594,-0.00,0.00,0.00,0.11,94821.9,0,0.00,0.00,2
161489,0.001,0.001,1.000,0.122,0.000,-0.000,39.498,-7.111,51.631,0.9869,0.0001,-0.0011,-0.1614,0.00,-0.00,0.00,0.13,94825.9,0,0.00,0.00,2
161689,0.001,0.000,1.004,0.122,0.000,-0.061,40.913,-8.085,52.983,0.9880,0.0001,-0.0009,-0.1545,-0.00,0.00,0.00,0.10,94822.6,0,0.00,0.00,2
161889,0.001,0.000,1.000,0.061,-0.061,-0.061,41.810,-7.859,53.949,0.9870,-0.0001,-0.0008,-0.1606,-0.00,-0.00,0.00,0.10,94824.6,0,0.00,0.00,2
162089,0.002,0.001,1.003,0.061,-0.061,-0.061,41.034,-8.101,53.370,0.9866,0.0001,-0.0009,-0.1634,0.00,0.00,0.00,0.10,94822.6,0,0.00,0.00,2
162289,0.003,0.000,1.004,0.061,0.061,-0.000,40.913,-5.750,52.983,0.9880,0.0001,-0.0010,-0.1544,0.00,-0.00,0.00,0.11,94825.4,0,0.00,0.00,2
162489,0.003,-0.001,1.000,0.061,-0.061,-0.061,41.034,-7.517,53.370,0.9860,-0.0001,-0.0010,-0.1666,0.00,0.00,0.00,0.11,94823.3,0,0.00,0.00,2
162689,0.001,-0.000,1.002,0.061,-0.061,-0.061,40.775,-7.209,53.176,0.9859,-0.0001,-0.0007,-0.1675,0.00,0.00,0.00,0.08,94820.0,0,0.00,0.00,2
162889,0.001,-0.000,1.005,0.061,0.000,-0.061,40.913,-5.750,52.983,0.9857,-0.0002,-0.0009,-0.1686,0.00,0.00,0.00,0.10,94822.5,0,0.00,0.00,2
163089,0.002,0.001,1.000,0.061,0.061,-0.061,40.361,-9.834,53.756,0.9851,0.0001,-0.0009,-0.1721,0.00,-0.00,0.00,0.10,94825.5,0,0.00,0.00,2
163289,0.002,0.000,1.002,-0.000,0.000,-0.000,41.188,-6.919,52.597,0.9846,-0.0000,-0.0009,-0.1747,0.00,0.00,0.00,0.09,94821.0,0,0.00,0.00,2
163489,0.001,0.000,1.001,0.122,-0.061,-0.000,41.205,-6.612,52.018,0.9843,-0.0000,-0.0009,-0.1767,0.00,0.00,0.00,0.09,94823.5,0,0.00,0.00,2
163689,0.001,0.000,1.001,0.061,0.000,-0.000,41.067,-7.487,52.211,0.9840,0.0002,-0.0010,-0.1783,0.00,-0.00,0.00,0.10,94825.0,0,0.00,0.00,2
163889,0.001,0.000,1.002,0.122,0.000,0.061,40.826,-5.120,51.438,0.9845,0.0000,-0.0009,-0.1753,0.00,0.00,0.00,0.10,94822.5,0,0.00,0.00,2
164089,0.003,-0.000,1.002,-0.000,0.000,-0.061,41.222,-5.138,51.438,0.9836,-0.0002,-0.0010,-0.1803,0.00,0.00,0.00,0.10,94823.8,0,0.00,0.00,2
164289,0.002,0.000,1.001,0.061,0.000,-0.061,40.465,-6.070,54.722,0.9824,-0.0001,-0.0010,-0.1867,0.00,0.00,0.00,0.12,94822.5,0,0.00,0.00,2
164489,0.001,0.000,1.004,0.183,0.000,-0.000,42.136,-8.108,51.824,0.9829,-0.0002,-0.0008,-0.1840,-0.00,0.00,0.00,0.09,94822.5,0,0.00,0.00,2
164689,0.003,0.000,1.002,0.061,0.000,-0.061,41.481,-6.030,51.631,0.9821,-0.0003,-0.0011,-0.1884,0.00,0.00,0.00,0.13,94822.3,0,0.00,0.00,2
164889,0.001,0.000,1.005,0.061,-0.061,-0.061,40.412,-7.745,52.018,0.9819,-0.0001,-0.0010,-0.1894,0.00,-0.00,0.00,0.11,94825.9,0,0.00,0.00,2
165089,0.004,0.000,1.002,0.061,-0.061,-0.000,41.585,-6.353,52.597,0.9828,0.0000,-0.0011,-0.1847,0.00,0.00,0.00,0.13,94823.3,0,0.00,0.00,2
165289,0.001,0.000,1.002,0.061,-0.061,-0.000,41.619,-5.155,51.438,0.9810,0.0001,-0.0010,-0.1939,0.00,0.00,0.00,0.11,94823.8,0,0.00,0.00,2
165489,0.003,0.000,1.001,0.122,0.061,-0.061,40.395,-6.301,52.597,0.9790,-0.0000,-0.0009,-0.2040,0.00,0.00,0.00,0.10,94823.1,0,0.00,0.00,2
165689,0.002,0.000,1.003,0.061,0.061,-0.000,41.740,-7.506,51.824,0.9780,0.0001,-0.0010,-0.2087,0.00,0.00,0.00,0.11,94821.2,0,0.00,0.00,2
165889,0.001,-0.000,1.003,0.122,0.061,-0.000,41.999,-6.063,52.018,0.9784,-0.0000,-0.0009,-0.2069,0.00,-0.00,0.00,0.10,94825.8,0,0.00,0.00,2
166089,0.002,-0.001,1.001,0.122,0.000,-0.000,40.412,-6.578,52.018,0.9779,-0.0002,-0.0010,-0.2089,0.00,-0.00,0.00,0.11,94829.1,0,0.00,0.00,2
166289,0.001,0.000,1.003,0.122,0.000,-0.000,39.619,-10.046,52.018,0.9789,-0.0003,-0.0009,-0.2043,0.00,-0.00,0.00,0.10,94825.2,0,0.00,0.00,2
166489,0.002,0.000,1.001,0.061,-0.061,-0.061,40.274,-6.285,52.211,0.9791,-0.0002,-0.0011,-0.2035,0.00,0.00,0.00,0.12,94822.8,0,0.00,0.00,2
166689,0.001,-0.000,1.005,0.061,0.000,-0.000,40.654,-6.025,52.790,0.9776,-0.0003,-0.0008,-0.2105,-0.00,-0.00,0.00,0.10,94824.5,0,0.00,0.00,2
166889,0.003,0.000,1.003,0.061,0.061,-0.000,40.809,-6.595,52.018,0.9786,-0.0002,-0.0009,-0.2060,-0.00,-0.00,0.00,0.10,94827.2,0,0.00,0.00,2
167089,0.001,-0.000,1.004,0.122,-0.122,-0.000,41.292,-7.826,53.563,0.9777,-0.0002,-0.0009,-0.2098,-0.00,-0.00,0.00,0.11,94828.7,0,0.00,0.00,2
167289,0.002,-0.000,1.003,0.183,0.000,0.061,41.172,-6.059,53.176,0.9781,0.0000,-0.0009,-0.2081,-0.00,0.00,0.00,0.10,94823.0,0,0.00,0.00,2
167489,0.001,0.001,1.003,0.122,-0.061,-0.061,40.947,-6.888,51.824,0.9784,0.0000,-0.0009,-0.2068,-0.00,0.00,0.00,0.10,94821.0,0,0.00,0.00,2
167689,0.001,0.001,1.004,0.183,-0.061,-0.061,42.499,-6.987,52.983,0.9775,0.0000,-0.0009,-0.2109,-0.00,0.00,0.00,0.10,94823.4,0,0.00,0.00,2
167889,0.001,0.000,1.001,0.061,-0.061,-0.122,40.826,-6.288,51.438,0.9781,-0.0002,-0.0010,-0.2083,-0.00,0.00,0.00,0.11,94822.3,0,0.00,0.00,2
168089,0.003,-0.000,1.003,0.061,0.000,-0.061,40.499,-7.207,53.563,0.9771,-0.0001,-0.0010,-0.2127,-0.00,0.00,0.00,0.12,94821.3,0,0.00,0.00,2
168289,0.002,0.001,1.002,-0.000,0.000,-0.000,42.586,-5.866,54.529,0.9776,-0.0002,-0.0012,-0.2104,0.00,-0.00,0.00,0.14,94825.2,0,0.00,0.00,2
168489,0.002,0.000,1.005,-0.000,0.000,-0.061,40.637,-5.165,53.370,0.9790,-0.0002,-0.0009,-0.2037,0.00,-0.00,0.00,0.11,94824.7,0,0.00,0.00,2
168689,0.001,-0.000,1.001,0.122,0.000,-0.061,41.084,-6.597,51.631,0.9781,-0.0002,-0.0009,-0.2080,0.00,-0.00,0.00,0.10,94824.6,0,0.00,0.00,2
168889,0.002,0.001,1.000,0.183,0.000,-0.000,41.413,-8.426,53.949,0.9787,-0.0000,-0.0008,-0.2051,0.00,0.00,0.00,0.08,94821.8,0,0.00,0.00,2
169089,0.001,0.000,1.003,0.122,0.000,-0.000,41.689,-6.676,53.563,0.9796,-0.0002,-0.0009,-0.2009,0.00,-0.00,0.00,0.09,94824.9,0,0.00,0.00,2
169289,0.002,-0.000,1.005,0.122,-0.061,-0.000,39.464,-7.141,52.790,0.9792,-0.0002,-0.0009,-0.2028,0.00,0.00,0.00,0.10,94821.0,0,0.00,0.00,2
169489,0.002,-0.001,1.000,0.122,0.000,-0.061,40.688,-7.747,51.631,0.9791,-0.0002,-0.0009,-0.2034,0.00,0.00,0.00,0.11,94821.7,0,0.00,0.00,2
169689,0.001,0.000,1.001,0.122,0.061,-0.061,39.205,-8.000,52.597,0.9779,-0.0002,-0.0011,-0.2091,0.00,0.00,0.00,0.13,94823.3,0,0.00,0.00,2
169889,0.002,-0.001,1.003,0.122,0.000,-0.061,41.430,-8.119,53.370,0.9780,-0.0004,-0.0010,-0.2086,0.00,0.00,0.00,0.13,94822.6,0,0.00,0.00,2
170089,0.002,-0.001,1.001,0.122,-0.061,-0.122,39.878,-6.267,52.211,0.9781,-0.0003,-0.0010,-0.2080,0.00,0.00,0.00,0.12,94823.8,0,0.00,0.00,2
170289,0.002,-0.000,1.003,0.122,-0.061,-0.000,40.378,-6.608,53.176,0.9800,-0.0003,-0.0009,-0.1988,0.00,0.00,0.00,0.11,94821.4,0,0.00,0.00,2
170489,0.002,-0.000,1.002,-0.000,0.000,-0.000,40.153,-7.437,51.824,0.9799,-0.0002,-0.0010,-0.1993,0.00,0.00,0.00,0.11,94821.9,0,0.00,0.00,2
170689,0.002,-0.000,1.001,0.122,0.061,-0.000,41.067,-6.320,52.211,0.9807,-0.0002,-0.0009,-0.1956,0.00,-0.00,0.00,0.10,94823.9,0,0.00,0.00,2
170889,0.002,0.001,1.001,0.061,0.061,-0.000,41.326,-6.044,52.404,0.9805,-0.0001,-0.0008,-0.1965,0.00,-0.00,0.00,0.09,94824.6,0,0.00,0.00,2
171089,0.001,-0.001,1.002,0.061,0.061,-0.000,41.827,-6.968,53.370,0.9816,-0.0002,-0.0010,-0.1908,0.00,-0.00,0.00,0.12,94825.2,0,0.00,0.00,2
171289,0.001,0.001,1.001,0.122,-0.061,-0.000,41.585,-4.601,52.597,0.9806,0.0001,-0.0010,-0.1960,0.00,0.00,0.00,0.11,94818.5,0,0.00,0.00,2
171489,0.002,0.000,1.004,0.122,0.000,-0.061,41.326,-5.461,52.404,0.9800,0.0000,-0.0011,-0.1991,0.00,-0.00,0.00,0.12,94823.8,0,0.00,0.00,2
171689,0.003,0.000,1.001,0.122,0.000,-0.000,41.276,-7.549,54.142,0.9805,0.0001,-0.0011,-0.1963,0.00,0.00,0.00,0.12,94821.2,0,0.00,0.00,2
171889,0.002,-0.000,1.000,0.061,-0.061,-0.061,40.913,-8.085,52.983,0.9784,-0.0000,-0.0009,-0.2069,0.00,-0.00,0.00,0.09,94824.5,0,0.00,0.00,2
172089,0.001,0.001,1.002,0.061,0.000,0.061,40.103,-10.109,53.563,0.9778,-0.0000,-0.0008,-0.2096,0.00,0.00,0.00,0.09,94823.3,0,0.00,0.00,2
172289,0.003,0.001,1.003,0.061,0.061,-0.000,41.551,-5.215,53.756,0.9777,0.0000,-0.0010,-0.2098,0.00,0.00,0.00,0.12,94820.0,0,0.00,0.00,2
172489,0.002,0.000,1.005,0.122,0.061,-0.000,41.723,-5.478,52.404,0.9792,-0.0001,-0.0009,-0.2027,0.00,0.00,0.00,0.10,94822.3,0,0.00,0.00,2
172689,0.003,0.000,1.002,0.061,0.000,-0.061,40.637,-6.916,53.370,0.9790,-0.0000,-0.0010,-0.2041,0.00,0.00,0.00,0.11,94820.0,0,0.00,0.00,2
172889,0.002,0.000,1.001,0.061,-0.061,-0.061,40.499,-6.040,53.563,0.9798,-0.0001,-0.0011,-0.1997,0.00,-0.00,0.00,0.12,94823.8,0,0.00,0.00,2
173089,0.004,-0.001,1.001,0.061,0.000,-0.000,39.757,-5.668,51.824,0.9814,-0.0001,-0.0011,-0.1920,0.00,-0.00,0.00,0.13,94826.6,0,0.00,0.00,2
173289,0.000,0.000,1.001,0.061,-0.061,0.061,40.567,-6.563,51.245,0.9826,-0.0001,-0.0010,-0.1856,0.00,0.00,0.00,0.11,94823.0,0,0.00,0.00,2
173489,0.001,0.001,1.003,0.061,0.000,-0.061,39.911,-6.821,51.052,0.9819,-0.0001,-0.0010,-0.1894,0.00,-0.00,0.00,0.12,94826.6,0,0.00,0.00,2
173689,0.002,0.000,1.003,0.122,0.000,-0.000,39.878,-5.684,52.211,0.9835,-0.0002,-0.0012,-0.1811,0.00,0.00,0.00,0.13,94822.3,0,0.00,0.00,2
173889,-0.000,0.002,1.003,0.061,0.000,-0.000,42.207,-6.709,53.949,0.9842,0.0002,-0.0009,-0.1770,0.00,-0.00,0.00,0.11,94824.5,0,0.00,0.00,2
174089,0.002,0.000,1.000,0.061,0.061,0.061,41.051,-8.378,52.790,0.9841,0.0002,-0.0009,-0.1778,0.00,-0.00,0.00,0.10,94825.8,0,0.00,0.00,2
174289,0.001,0.000,1.004,0.061,0.000,-0.061,39.464,-5.973,52.790,0.9849,-0.0000,-0.0009,-0.1729,0.00,-0.00,0.00,0.11,94826.4,0,0.00,0.00,2
174489,0.002,-0.001,1.002,0.061,0.000,-0.000,41.292,-6.074,53.563,0.9847,-0.0001,-0.0009,-0.1742,0.00,-0.00,0.00,0.11,94824.5,0,0.00,0.00,2
174689,0.002,0.000,1.003,0.122,-0.061,-0.061,40.930,-7.195,52.404,0.9851,-0.0002,-0.0010,-0.1717,0.00,0.00,0.00,0.12,94819.2,0,0.00,0.00,2
174889,0.002,-0.000,1.004,0.061,0.000,-0.000,43.017,-7.605,53.370,0.9848,-0.0002,-0.0010,-0.1736,0.00,-0.00,0.00,0.12,94826.6,0,0.00,0.00,2
175089,0.003,0.000,1.000,0.122,0.061,-0.000,40.120,-6.299,52.983,0.9845,-0.0001,-0.0011,-0.1752,0.00,-0.00,0.00,0.12,94825.8,0,0.00,0.00,2
175289,0.001,0.002,1.002,0.122,0.000,-0.000,40.654,-7.193,52.790,0.9821,0.0002,-0.0010,-0.1883,0.00,-0.00,0.00,0.12,94824.3,0,0.00,0.00,2
175489,0.002,0.000,1.005,0.061,0.061,-0.000,39.413,-8.645,54.529,0.9813,-0.0000,-0.0010,-0.1925,0.00,0.00,0.00,0.12,94821.0,0,0.00,0.00,2
175689,0.001,0.000,1.001,0.122,0.000,-0.000,41.101,-5.706,51.052,0.9841,-0.0003,-0.0009,-0.1779,0.00,0.00,0.00,0.10,94823.0,0,0.00,0.00,2
175889,0.001,0.001,1.004,0.061,0.000,-0.000,41.172,-7.810,53.176,0.9859,0.0001,-0.0009,-0.1676,0.00,0.00,0.00,0.11,94823.0,0,0.00,0.00,2
176089,0.001,0.001,1.002,0.061,0.061,-0.061,39.861,-7.158,52.790,0.9861,0.0000,-0.0010,-0.1660,0.00,-0.00,0.00,0.11,94823.9,0,0.00,0.00,2
176289,0.002,0.000,1.003,0.061,0.000,-0.000,40.758,-8.100,53.756,0.9854,0.0002,-0.0011,-0.1703,0.00,0.00,0.00,0.13,94819.7,0,0.00,0.00,2
176489,0.001,0.000,1.000,0.061,0.000,-0.061,40.516,-6.316,52.983,0.9861,0.0001,-0.0011,-0.1659,0.00,-0.00,0.00,0.12,94824.5,0,0.00,0.00,2
176689,0.002,0.001,1.003,0.061,0.061,-0.000,41.172,-7.226,53.176,0.9863,0.0000,-0.0009,-0.1649,0.00,0.00,0.00,0.10,94822.6,0,0.00,0.00,2
176889,0.000,-0.001,1.004,0.061,0.122,-0.000,39.155,-11.256,54.335,0.9862,-0.0000,-0.0008,-0.1658,0.00,0.00,0.00,0.09,94821.9,0,0.00,0.00,2
177089,0.001,0.000,1.002,0.061,0.000,-0.122,39.878,-5.684,52.211,0.9862,0.0001,-0.0007,-0.1657,0.00,-0.00,0.00,0.09,94826.6,0,0.00,0.00,2
177289,0.000,0.000,1.002,0.122,0.061,-0.000,41.568,-4.908,53.176,0.9852,0.0001,-0.0007,-0.1716,0.00,-0.00,0.00,0.08,94823.8,0,0.00,0.00,2
177489,0.003,0.001,1.003,0.122,0.122,-0.061,41.585,-5.769,52.597,0.9858,0.0001,-0.0010,-0.1678,0.00,0.00,0.00,0.11,94823.6,0,0.00,0.00,2
177689,0.001,-0.001,1.003,-0.000,-0.061,-0.000,40.705,-7.440,51.052,0.9869,-0.0000,-0.0010,-0.1612,0.00,-0.00,0.00,0.11,94825.6,0,0.00,0.00,2
177889,0.002,0.000,1.003,0.061,0.000,-0.000,41.155,-5.782,53.756,0.9886,0.0001,-0.0010,-0.1506,0.00,0.00,0.00,0.12,94823.1,0,0.00,0.00,2
178089,0.002,0.000,1.003,0.122,0.000,-0.061,43.222,-6.670,50.859,0.9874,0.0001,-0.0012,-0.1582,0.00,-0.00,0.00,0.13,94827.2,0,0.00,0.00,2
178289,0.000,0.000,1.000,0.061,0.061,-0.061,40.654,-8.361,52.790,0.9862,0.0001,-0.0009,-0.1657,0.00,-0.00,0.00,0.11,94828.2,0,0.00,0.00,2
178489,0.003,-0.001,1.002,0.061,0.000,-0.000,39.895,-6.544,51.631,0.9864,-0.0001,-0.0011,-0.1643,0.00,-0.00,0.00,0.12,94826.4,0,0.00,0.00,2
178689,0.003,0.000,1.001,0.061,0.061,-0.000,40.809,-7.179,52.018,0.9859,-0.0002,-0.0013,-0.1674,0.00,-0.00,0.00,0.15,94826.1,0,0.00,0.00,2
178889,0.002,0.001,1.005,0.122,-0.061,-0.000,41.655,-6.122,54.722,0.9857,0.0000,-0.0014,-0.1682,0.00,0.00,0.00,0.16,94823.8,0,0.00,0.00,2
179089,0.002,0.000,1.003,0.061,0.000,-0.000,39.636,-5.652,51.438,0.9809,-0.0001,-0.0010,-0.1945,0.00,0.00,0.00,0.12,94823.8,0,0.00,0.00,2
179289,0.002,-0.000,1.004,0.061,0.061,-0.000,40.412,-7.745,52.018,0.9802,-0.0002,-0.0010,-0.1978,-0.00,0.00,0.00,0.11,94823.1,0,0.00,0.00,2
179489,0.001,0.001,1.002,-0.000,-0.061,-0.000,41.034,-6.350,53.370,0.9830,0.0000,-0.0009,-0.1835,-0.00,-0.00,0.00,0.11,94827.1,0,0.00,0.00,2
179689,0.000,0.001,1.004,0.183,0.000,0.061,42.240,-6.679,52.790,0.9818,0.0000,-0.0007,-0.1897,-0.00,-0.00,0.00,0.09,94827.6,0,0.00,0.00,2
179889,0.002,0.000,1.002,0.061,0.000,-0.122,40.654,-6.025,52.790,0.9822,0.0001,-0.0007,-0.1878,-0.00,0.00,0.00,0.07,94821.7,0,0.00,0.00,2
180089,0.003,0.001,1.001,0.122,0.000,-0.000,41.292,-5.491,53.563,0.9819,-0.0000,-0.0009,-0.1893,-0.00,0.00,0.00,0.10,94824.5,0,0.00,0.00,2
180289,0.001,-0.000,1.002,0.061,0.061,-0.000,42.328,-5.557,54.335,0.9843,-0.0002,-0.0009,-0.1766,-0.00,-0.00,0.00,0.10,94829.7,0,0.00,0.00,2
180489,0.002,0.000,1.001,0.122,0.000,0.061,40.395,-6.301,52.597,0.9854,-0.0001,-0.0007,-0.1703,-0.00,0.00,0.00,0.08,94823.6,0,0.00,0.00,2
180689,0.002,0.000,1.004,0.061,-0.061,-0.061,41.188,-8.671,52.597,0.9844,-0.0001,-0.0011,-0.1759,-0.00,-0.00,0.00,0.13,94827.4,0,0.00,0.00,2
180889,0.002,-0.000,1.003,-0.000,0.061,-0.000,40.015,-7.144,52.018,0.9836,-0.0000,-0.0011,-0.1802,-0.00,-0.00,0.00,0.13,94825.1,0,0.00,0.00,2
181089,0.001,-0.001,1.002,0.122,0.000,-0.061,39.844,-5.130,53.370,0.9823,-0.0000,-0.0010,-0.1876,-0.00,-0.00,0.00,0.11,94826.6,0,0.00,0.00,2
181289,0.003,0.001,1.003,0.122,-0.061,-0.061,41.051,-7.210,52.790,0.9828,0.0001,-0.0010,-0.1849,-0.00,-0.00,0.00,0.12,94825.8,0,0.00,0.00,2
181489,0.001,0.001,1.004,0.122,0.000,-0.000,39.670,-4.454,50.279,0.9821,0.0003,-0.0010,-0.1884,-0.00,-0.00,0.00,0.12,94825.2,0,0.00,0.00,2
181689,0.000,-0.002,1.004,0.122,-0.061,-0.061,39.706,-7.172,53.563,0.9849,-0.0001,-0.0011,-0.1732,-0.00,0.00,0.00,0.13,94824.3,0,0.00,0.00,2
181889,0.003,0.000,1.004,0.122,0.061,-0.000,40.015,-5.976,52.018,0.9852,-0.0001,-0.0010,-0.1714,-0.00,0.00,0.00,0.11,94824.3,0,0.00,0.00,2
182089,0.003,0.001,1.002,0.122,0.061,-0.061,39.481,-6.250,52.211,0.9864,0.0001,-0.0009,-0.1641,-0.00,0.00,0.00,0.11,94823.0,0,0.00,0.00,2
182289,0.002,0.000,1.002,0.061,0.000,-0.000,40.896,-4.305,53.563,0.9860,0.0001,-0.0009,-0.1669,-0.00,0.00,0.00,0.10,94824.6,0,0.00,0.00,2
182489,0.001,0.001,1.003,0.122,0.000,-0.061,41.689,-7.843,53.563,0.9865,0.0000,-0.0008,-0.1637,-0.00,-0.00,0.00,0.08,94827.6,0,0.00,0.00,2
182689,0.002,0.001,1.002,0.061,0.000,-0.000,41.585,-6.937,52.597,0.9857,-0.0001,-0.0008,-0.1685,-0.00,-0.00,0.00,0.09,94825.8,0,0.00,0.00,2
182889,0.002,0.000,1.002,0.061,-0.122,-0.061,41.188,-8.087,52.597,0.9854,-0.0001,-0.0010,-0.1703,-0.00,-0.00,0.00,0.12,94825.9,0,0.00,0.00,2
183089,0.002,0.000,1.002,0.061,0.000,0.061,40.103,-4.271,53.563,0.9852,-0.0001,-0.0010,-0.1713,-0.00,-0.00,0.00,0.11,94827.2,0,0.00,0.00,2
183289,0.004,-0.001,1.002,0.061,0.061,-0.000,39.515,-7.388,51.052,0.9855,-0.0003,-0.0011,-0.1694,-0.00,0.00,0.00,0.13,94823.1,0,0.00,0.00,2
183489,0.002,0.000,1.001,-0.000,0.000,-0.061,40.344,-5.470,54.335,0.9852,-0.0002,-0.0009,-0.1713,-0.00,-0.00,0.00,0.10,94828.9,0,0.00,0.00,2
183689,0.000,0.000,1.000,0.061,0.000,-0.061,40.654,-7.193,52.790,0.9856,0.0000,-0.0010,-0.1694,-0.00,0.00,0.00,0.10,94823.6,0,0.00,0.00,2
183889,0.002,0.001,1.003,0.183,0.061,-0.000,40.257,-6.592,52.790,0.9857,0.0001,-0.0009,-0.1683,-0.00,0.00,0.00,0.10,94825.0,0,0.00,0.00,2
184089,0.001,-0.000,1.001,0.061,-0.061,-0.061,41.205,-6.029,52.018,0.9863,-0.0002,-0.0010,-0.1649,-0.00,0.00,0.00,0.11,94820.2,0,0.00,0.00,2
184289,0.002,0.000,1.004,0.061,0.061,-0.000,39.878,-5.684,52.211,0.9870,-0.0001,-0.0010,-0.1607,-0.00,-0.00,0.00,0.12,94826.4,0,0.00,0.00,2
184489,0.003,0.001,1.003,-0.000,0.061,0.061,41.309,-5.184,52.983,0.9868,-0.0001,-0.0011,-0.1619,-0.00,0.00,0.00,0.12,94823.9,0,0.00,0.00,2
184689,0.001,0.000,1.002,0.122,0.000,-0.000,41.982,-5.203,52.597,0.9876,-0.0002,-0.0011,-0.1570,-0.00,0.00,0.00,0.13,94825.1,0,0.00,0.00,2
184889,0.001,0.000,1.001,0.061,0.000,-0.061,41.205,-6.029,52.018,0.9883,-0.0002,-0.0009,-0.1523,-0.00,-0.00,0.00,0.10,94825.6,0,0.00,0.00,2
185089,0.002,0.000,1.003,0.061,0.061,-0.061,41.999,-7.231,52.018,0.9890,0.0001,-0.0010,-0.1480,-0.00,0.00,0.00,0.12,94825.0,0,0.00,0.00,2
185289,0.001,0.000,1.003,0.061,-0.061,-0.000,40.550,-6.870,51.824,0.9882,0.0000,-0.0009,-0.1532,-0.00,-0.00,0.00,0.10,94828.2,0,0.00,0.00,2
185489,0.002,-0.001,1.001,0.122,-0.061,-0.000,39.636,-7.403,51.438,0.9873,-0.0001,-0.0010,-0.1588,-0.00,-0.00,0.00,0.11,94828.9,0,0.00,0.00,2
185689,0.002,0.000,1.002,0.061,0.000,-0.061,39.861,-7.742,52.790,0.9867,-0.0001,-0.0008,-0.1628,-0.00,-0.00,0.00,0.09,94826.1,0,0.00,0.00,2
185889,0.003,-0.001,1.003,0.061,0.061,-0.000,40.257,-9.511,52.790,0.9869,-0.0003,-0.0011,-0.1616,-0.00,0.00,0.00,0.13,94823.5,0,0.00,0.00,2
186089,0.001,0.000,1.004,0.061,0.122,-0.000,41.172,-9.562,53.176,0.9864,-0.0001,-0.0011,-0.1645,-0.00,0.00,0.00,0.12,94825.5,0,0.00,0.00,2
186289,0.000,-0.000,1.003,0.061,0.000,-0.061,40.930,-7.778,52.404,0.9863,-0.0000,-0.0010,-0.1652,-0.00,-0.00,0.00,0.12,94826.9,0,0.00,0.00,2
186489,0.002,0.001,1.003,0.061,0.000,-0.000,41.706,-6.369,52.983,0.9861,0.0001,-0.0010,-0.1660,-0.00,-0.00,0.00,0.11,94826.1,0,0.00,0.00,2
186689,0.002,0.001,1.004,0.122,0.061,-0.061,39.878,-8.019,52.211,0.9864,0.0002,-0.0010,-0.1641,-0.00,0.00,0.00,0.11,94823.0,0,0.00,0.00,2
186889,0.002,0.000,1.000,0.122,0.061,-0.000,42.637,-9.032,52.790,0.9861,0.0000,-0.0011,-0.1659,-0.00,0.00,0.00,0.12,94822.3,0,0.00,0.00,2
187089,0.000,-0.001,1.000,0.122,-0.061,-0.000,40.792,-7.486,52.597,0.9868,-0.0002,-0.0010,-0.1622,-0.00,0.00,0.00,0.11,94822.3,0,0.00,0.00,2
187289,0.001,0.000,1.003,0.122,-0.061,-0.061,39.895,-5.960,51.631,0.9851,-0.0002,-0.0011,-0.1718,-0.00,0.00,0.00,0.13,94824.3,0,0.00,0.00,2
187489,0.004,-0.000,1.003,0.061,0.000,-0.000,40.930,-6.611,52.404,0.9864,-0.0001,-0.0011,-0.1646,-0.00,0.00,0.00,0.12,94823.0,0,0.00,0.00,2
187689,0.003,0.000,1.000,0.061,0.000,-0.061,39.653,-5.929,50.859,0.9872,0.0000,-0.0010,-0.1595,0.00,0.00,0.00,0.11,94820.3,0,0.00,0.00,2
187889,0.001,-0.000,1.000,0.061,-0.061,-0.000,38.913,-6.554,53.563,0.9865,0.0002,-0.0009,-0.1637,0.00,0.00,0.00,0.10,94819.4,0,0.00,0.00,2
188089,0.002,0.001,1.002,0.183,0.000,-0.061,41.084,-6.597,51.631,0.9865,0.0002,-0.0009,-0.1638,0.00,0.00,0.00,0.10,94823.5,0,0.00,0.00,2
188289,0.001,0.000,1.002,0.061,0.000,-0.061,39.844,-4.546,53.370,0.9868,0.0002,-0.0009,-0.1619,0.00,-0.00,0.00,0.10,94825.6,0,0.00,0.00,2
188489,0.003,0.000,1.004,0.061,0.061,-0.000,41.326,-6.628,52.404,0.9869,-0.0000,-0.0009,-0.1616,0.00,0.00,0.00,0.11,94824.0,0,0.00,0.00,2
188689,0.001,0.000,1.004,0.061,0.061,-0.000,39.343,-5.373,52.404,0.9857,-0.0001,-0.0009,-0.1686,0.00,-0.00,0.00,0.11,94825.3,0,0.00,0.00,2
188889,0.002,-0.001,1.000,0.061,0.000,-0.061,40.930,-8.362,52.404,0.9858,-0.0002,-0.0010,-0.1681,0.00,-0.00,0.00,0.12,94825.5,0,0.00,0.00,2
189089,0.001,0.000,1.002,0.061,0.000,-0.000,41.793,-5.831,54.529,0.9860,-0.0003,-0.0009,-0.1669,0.00,-0.00,0.00,0.10,94825.0,0,0.00,0.00,2
189289,0.001,0.000,1.002,0.061,0.000,-0.000,42.086,-6.109,53.563,0.9870,-0.0001,-0.0010,-0.1607,0.00,0.00,0.00,0.12,94821.3,0,0.00,0.00,2
189489,0.001,0.000,1.002,0.122,0.000,-0.061,41.532,-3.358,49.893,0.9858,-0.0003,-0.0009,-0.1682,0.00,0.00,0.00,0.12,94822.0,0,0.00,0.00,2
189689,0.001,-0.000,1.004,0.122,-0.061,-0.000,39.740,-7.726,52.404,0.9858,-0.0003,-0.0010,-0.1682,0.00,0.00,0.00,0.11,94822.7,0,0.00,0.00,2
189889,0.003,-0.000,1.002,0.061,0.000,-0.000,40.688,-5.995,51.631,0.9870,-0.0003,-0.0008,-0.1609,0.00,-0.00,0.00,0.09,94828.8,0,0.00,0.00,2
190089,0.001,-0.000,1.001,0.122,0.061,-0.000,42.240,-8.430,52.790,0.9871,-0.0000,-0.0007,-0.1603,0.00,0.00,0.00,0.07,94824.6,0,0.00,0.00,2
190289,0.002,0.000,1.003,0.122,0.000,-0.061,40.153,-8.604,51.824,0.9874,0.0001,-0.0009,-0.1580,0.00,-0.00,0.00,0.10,94825.3,0,0.00,0.00,2
190489,0.001,0.000,1.003,0.061,0.000,-0.000,39.965,-5.729,53.756,0.9881,0.0000,-0.0008,-0.1540,0.00,0.00,0.00,0.09,94822.8,0,0.00,0.00,2
190689,0.001,0.001,1.002,0.183,0.000,-0.000,40.654,-6.025,52.790,0.9874,-0.0000,-0.0008,-0.1580,0.00,-0.00,0.00,0.09,94824.8,0,0.00,0.00,2
190889,0.003,0.000,1.003,0.122,0.000,-0.000,40.809,-6.011,52.018,0.9876,-0.0000,-0.0009,-0.1569,0.00,-0.00,0.00,0.10,94825.2,0,0.00,0.00,2
191089,0.000,0.001,1.003,0.061,0.061,-0.000,38.947,-7.691,52.404,0.9886,-0.0001,-0.0007,-0.1508,0.00,-0.00,0.00,0.08,94827.2,0,0.00,0.00,2
191289,0.002,0.002,1.002,0.061,0.061,-0.000,39.861,-5.990,52.790,0.9879,-0.0000,-0.0008,-0.1550,0.00,-0.00,0.00,0.09,94825.3,0,0.00,0.00,2
191489,0.002,0.001,1.004,0.061,0.061,-0.000,39.568,-3.960,53.756,0.9869,0.0000,-0.0009,-0.1610,0.00,0.00,0.00,0.10,94824.6,0,0.00,0.00,2
191689,0.001,0.000,1.002,0.122,0.000,-0.000,42.257,-5.204,52.211,0.9880,-0.0000,-0.0010,-0.1542,0.00,-0.00,0.00,0.12,94826.8,0,0.00,0.00,2
191889,0.002,-0.000,1.003,-0.000,0.000,-0.000,40.224,-7.789,53.949,0.9864,-0.0001,-0.0008,-0.1641,0.00,0.00,0.00,0.08,94824.1,0,0.00,0.00,2
192089,0.000,-0.000,1.004,0.122,0.061,-0.061,39.861,-7.158,52.790,0.9866,-0.0001,-0.0007,-0.1632,0.00,0.00,0.00,0.07,94821.5,0,0.00,0.00,2
192289,0.001,-0.000,1.001,0.061,-0.061,-0.061,42.344,-6.418,53.756,0.9863,-0.0002,-0.0008,-0.1647,0.00,0.00,0.00,0.10,94822.0,0,0.00,0.00,2
192489,0.002,0.000,1.002,0.061,-0.061,-0.061,40.395,-5.717,52.597,0.9845,0.0000,-0.0011,-0.1751,0.00,-0.00,0.00,0.13,94825.6,0,0.00,0.00,2
192689,0.001,0.001,1.000,0.061,-0.061,-0.000,38.775,-7.429,53.756,0.9831,0.0001,-0.0010,-0.1831,0.00,-0.00,0.00,0.11,94826.8,0,0.00,0.00,2
192889,0.002,0.000,1.000,0.122,0.000,-0.061,40.862,-8.422,54.722,0.9835,0.0002,-0.0009,-0.1810,0.00,0.00,0.00,0.10,94822.2,0,0.00,0.00,2
193089,0.002,0.001,1.002,0.061,-0.061,-0.061,41.309,-8.687,52.983,0.9812,0.0000,-0.0011,-0.1932,0.00,-0.00,0.00,0.12,94824.0,0,0.00,0.00,2
193289,0.001,0.001,1.003,0.061,0.061,-0.061,40.361,-6.331,53.756,0.9807,0.0001,-0.0011,-0.1957,0.00,-0.00,0.00,0.12,94824.1,0,0.00,0.00,2
193489,0.001,0.000,1.001,0.061,0.061,-0.000,40.792,-4.567,52.597,0.9805,-0.0001,-0.0009,-0.1964,0.00,-0.00,0.00,0.10,94824.1,0,0.00,0.00,2
193689,0.003,0.000,1.002,0.061,0.000,-0.061,40.930,-8.362,52.404,0.9810,-0.0000,-0.0009,-0.1939,0.00,-0.00,0.00,0.10,94825.3,0,0.00,0.00,2
193889,0.002,-0.001,1.001,0.061,0.000,-0.061,40.533,-8.345,52.404,0.9819,-0.0002,-0.0009,-0.1892,0.00,-0.00,0.00,0.10,94825.3,0,0.00,0.00,2
194089,0.002,-0.000,1.001,0.122,-0.061,-0.061,41.239,-3.663,50.859,0.9854,0.0000,-0.0008,-0.1704,0.00,-0.00,0.00,0.09,94825.5,0,0.00,0.00,2
194289,0.001,0.001,1.000,0.061,0.000,-0.000,41.723,-6.646,52.404,0.9854,0.0001,-0.0008,-0.1701,0.00,0.00,0.00,0.09,94823.3,0,0.00,0.00,2
194489,0.001,0.000,1.002,0.122,-0.061,-0.061,41.017,-7.240,53.949,0.9852,0.0002,-0.0008,-0.1713,0.00,0.00,0.00,0.10,94821.3,0,0.00,0.00,2
194689,0.003,0.000,1.000,0.061,-0.061,-0.000,39.982,-3.671,53.176,0.9848,0.0001,-0.0009,-0.1738,0.00,-0.00,0.00,0.10,94824.1,0,0.00,0.00,2
194889,0.002,-0.000,1.003,-0.000,0.061,-0.061,40.654,-5.441,52.790,0.9850,-0.0000,-0.0009,-0.1727,0.00,0.00,0.00,0.10,94819.7,0,0.00,0.00,2
195089,0.002,-0.001,1.000,0.122,0.000,-0.061,40.120,-5.715,52.983,0.9849,0.0001,-0.0010,-0.1728,0.00,-0.00,0.00,0.11,94825.5,0,0.00,0.00,2
195289,0.002,-0.001,1.002,0.061,0.061,-0.000,40.291,-5.394,51.631,0.9851,-0.0000,-0.0008,-0.1721,0.00,-0.00,0.00,0.09,94823.9,0,0.00,0.00,2
195489,0.001,0.000,1.002,0.061,0.000,-0.061,41.172,-5.475,53.176,0.9853,0.0000,-0.0007,-0.1706,0.00,-0.00,0.00,0.08,94825.2,0,0.00,0.00,2
195689,0.000,0.001,1.001,0.122,0.000,-0.000,40.688,-7.747,51.631,0.9800,0.0001,-0.0010,-0.1989,0.00,-0.00,0.00,0.11,94824.6,0,0.00,0.00,2
195889,0.002,-0.000,1.001,0.122,0.000,-0.000,43.172,-7.006,52.597,0.9816,-0.0000,-0.0011,-0.1912,0.00,-0.00,0.00,0.12,94824.1,0,0.00,0.00,2
196089,0.002,0.001,1.002,0.122,0.000,-0.000,39.619,-10.046,52.018,0.9819,-0.0000,-0.0010,-0.1892,0.00,-0.00,0.00,0.11,94824.6,0,0.00,0.00,2
196289,0.002,0.000,1.001,0.061,0.000,-0.122,39.999,-6.867,52.597,0.9818,-0.0001,-0.0011,-0.1899,0.00,-0.00,0.00,0.13,94826.1,0,0.00,0.00,2
196489,0.003,0.000,1.001,0.061,0.122,-0.000,41.568,-6.660,53.176,0.9810,-0.0001,-0.0010,-0.1938,0.00,0.00,0.00,0.11,94821.3,0,0.00,0.00,2
196689,0.001,-0.000,1.005,0.061,-0.061,-0.000,41.810,-5.524,53.949,0.9803,0.0001,-0.0009,-0.1977,0.00,-0.00,0.00,0.10,94824.3,0,0.00,0.00,2
196889,0.001,0.001,1.002,0.061,0.000,-0.061,39.706,-8.340,53.563,0.9793,0.0000,-0.0010,-0.2023,0.00,-0.00,0.00,0.11,94824.8,0,0.00,0.00,2
197089,0.001,0.001,1.003,0.122,0.000,-0.000,41.034,-5.182,53.370,0.9788,-0.0000,-0.0012,-0.2050,0.00,-0.00,0.00,0.13,94824.6,0,0.00,0.00,2
197289,0.001,0.000,1.002,0.061,-0.061,-0.061,42.465,-8.185,54.142,0.9789,0.0000,-0.0012,-0.2046,0.00,0.00,0.00,0.13,94823.3,0,0.00,0.00,2
197489,-0.000,0.001,1.001,0.061,0.061,-0.000,42.843,-1.674,50.279,0.9792,0.0001,-0.0010,-0.2031,0.00,-0.00,0.00,0.11,94827.9,0,0.00,0.00,2
197689,0.001,-0.000,1.002,0.183,0.122,-0.000,41.464,-6.921,52.211,0.9787,-0.0001,-0.0010,-0.2055,0.00,-0.00,0.00,0.12,94825.3,0,0.00,0.00,2
197889,0.002,0.000,1.001,0.122,0.000,-0.061,41.430,-6.951,53.370,0.9803,-0.0002,-0.0009,-0.1977,0.00,-0.00,0.00,0.11,94826.9,0,0.00,0.00,2
198089,-0.000,0.001,1.004,0.122,0.000,-0.061,40.896,-6.057,53.563,0.9787,0.0001,-0.0009,-0.2052,0.00,0.00,0.00,0.10,94821.9,0,0.00,0.00,2
198289,0.003,0.000,1.001,0.061,0.000,-0.061,40.758,-6.932,53.756,0.9788,0.0000,-0.0012,-0.2048,0.00,0.00,0.00,0.13,94824.5,0,0.00,0.00,2
198489,0.004,0.000,1.002,0.061,0.000,-0.000,40.637,-7.500,53.370,0.9796,-0.0000,-0.0012,-0.2010,0.00,-0.00,0.00,0.13,94829.6,0,0.00,0.00,2
198689,0.001,0.000,1.001,0.122,0.000,-0.000,39.017,-9.212,54.529,0.9799,-0.0001,-0.0009,-0.1996,0.00,0.00,0.00,0.10,94822.8,0,0.00,0.00,2
198889,-0.001,0.000,1.002,0.061,-0.061,-0.061,40.482,-6.930,54.142,0.9814,0.0000,-0.0008,-0.1920,0.00,0.00,0.00,0.09,94822.8,0,0.00,0.00,2
199089,-0.000,0.001,1.003,0.061,0.000,-0.061,41.740,-6.923,51.824,0.9826,-0.0002,-0.0007,-0.1858,0.00,-0.00,0.00,0.08,94828.2,0,0.00,0.00,2
199289,0.001,-0.000,1.001,0.122,0.000,-0.000,41.188,-6.919,52.597,0.9803,-0.0001,-0.0008,-0.1974,0.00,-0.00,0.00,0.09,94825.2,0,0.00,0.00,2
199489,0.002,0.000,1.000,0.061,0.000,-0.000,39.464,-7.725,52.790,0.9817,-0.0002,-0.0009,-0.1902,0.00,0.00,0.00,0.10,94820.7,0,0.00,0.00,2
199689,0.000,-0.000,1.001,0.061,0.061,-0.061,39.861,-7.158,52.790,0.9837,0.0000,-0.0008,-0.1800,0.00,0.00,0.00,0.09,94820.4,0,0.00,0.00,2
199889,0.001,0.000,1.004,0.061,0.000,-0.061,40.654,-5.441,52.790,0.9833,-0.0001,-0.0007,-0.1823,0.00,-0.00,0.00,0.08,94824.8,0,0.00,0.00,2
200089,0.002,0.000,1.000,0.061,0.061,-0.000,42.499,-6.404,52.983,0.9836,-0.0001,-0.0008,-0.1805,0.00,0.00,0.00,0.09,94821.3,0,0.00,0.00,2
200289,0.002,-0.001,1.002,0.122,-0.061,-0.061,40.120,-8.051,52.983,0.9831,-0.0000,-0.0010,-0.1829,0.00,-0.00,0.00,0.11,94827.4,0,0.00,0.00,2
200489,-0.000,0.002,1.002,0.061,-0.122,-0.061,39.239,-6.218,51.438,0.9820,0.0001,-0.0009,-0.1891,0.00,-0.00,0.00,0.10,94825.0,0,0.00,0.00,2
200689,-0.001,0.001,1.001,0.061,0.000,-0.000,40.120,-6.883,52.983,0.9815,-0.0000,-0.0009,-0.1917,0.00,-0.00,0.00,0.10,94827.6,0,0.00,0.00,2
200889,-0.001,0.001,1.004,0.061,0.061,-0.122,40.896,-7.808,53.563,0.9810,-0.0000,-0.0008,-0.1939,0.00,-0.00,0.00,0.09,94828.2,0,0.00,0.00,2
201089,0.001,-0.000,1.003,0.122,0.061,-0.000,39.740,-4.223,52.404,0.9823,-0.0001,-0.0008,-0.1873,0.00,-0.00,0.00,0.09,94825.3,0,0.00,0.00,2
201289,0.003,-0.000,1.005,0.122,0.000,-0.061,40.257,-6.008,52.790,0.9808,-0.0002,-0.0009,-0.1951,0.00,0.00,0.00,0.11,94824.6,0,0.00,0.00,2
201489,0.004,-0.000,1.003,0.061,0.000,-0.061,41.067,-6.904,52.211,0.9781,-0.0004,-0.0010,-0.2083,0.00,-0.00,0.00,0.12,94826.1,0,0.00,0.00,2
201689,0.001,0.001,1.000,0.061,0.000,-0.000,38.671,-7.106,52.790,0.9800,-0.0001,-0.0010,-0.1989,0.00,0.00,0.00,0.11,94823.2,0,0.00,0.00,2
201889,-0.000,0.001,1.005,0.122,-0.061,-0.061,41.326,-7.796,52.404,0.9803,0.0001,-0.0010,-0.1977,0.00,0.00,0.00,0.11,94823.5,0,0.00,0.00,2
202089,-0.000,-0.002,1.006,0.183,-0.061,-0.000,39.759,-11.919,56.267,0.9814,-0.0001,-0.0011,-0.1919,0.00,0.00,0.00,0.12,94823.5,0,0.00,0.00,2
202289,-0.000,0.001,1.005,-0.000,0.000,-0.000,41.827,-7.552,53.370,0.9823,-0.0001,-0.0008,-0.1873,0.00,-0.00,0.00,0.09,94825.5,0,0.00,0.00,2
202489,-0.002,0.001,1.005,0.122,0.061,-0.061,39.861,-7.158,52.790,0.9803,0.0001,-0.0007,-0.1976,0.00,0.00,0.00,0.08,94822.8,0,0.00,0.00,2
202689,0.004,0.001,1.001,0.061,0.183,-0.061,40.705,-6.856,51.052,0.9767,-0.0000,-0.0009,-0.2146,0.00,0.00,0.00,0.10,94822.3,0,0.00,0.00,2
202889,0.009,-0.001,1.002,0.061,-0.061,-0.000,42.015,-6.924,51.438,0.9721,-0.0005,-0.0011,-0.2346,0.00,-0.00,0.00,0.13,94825.6,0,0.00,0.00,2
203089,0.004,0.002,1.003,0.061,0.061,-0.000,39.585,-7.157,53.176,0.9773,-0.0001,-0.0010,-0.2118,0.00,-0.00,0.00,0.11,94828.6,0,0.00,0.00,2
203289,0.002,-0.000,1.002,0.061,-0.061,-0.000,41.326,-7.796,52.404,0.9761,-0.0001,-0.0008,-0.2175,0.00,0.00,0.00,0.10,94824.1,0,0.00,0.00,2
203489,0.004,-0.001,1.000,-0.000,0.061,0.061,39.999,-7.451,52.597,0.9761,-0.0001,-0.0009,-0.2172,0.00,-0.00,0.00,0.11,94827.6,0,0.00,0.00,2
203689,-0.000,-0.001,1.003,0.061,-0.122,-0.061,41.447,-7.228,52.790,0.9770,-0.0003,-0.0010,-0.2134,0.00,0.00,0.00,0.12,94820.8,0,0.00,0.00,2
203889,-0.002,0.003,1.001,0.061,0.000,-0.061,40.086,-3.994,54.142,0.9766,-0.0002,-0.0008,-0.2152,0.00,-0.00,0.00,0.10,94825.6,0,0.00,0.00,2
204089,0.001,0.000,1.001,-0.000,0.061,-0.061,40.688,-9.498,51.631,0.9770,-0.0001,-0.0009,-0.2132,0.00,-0.00,0.00,0.09,94826.8,0,0.00,0.00,2
204289,0.001,0.001,1.001,-0.000,0.000,-0.000,41.844,-6.078,52.790,0.9754,0.0001,-0.0008,-0.2202,0.00,0.00,0.00,0.09,94824.6,0,0.00,0.00,2
204489,0.004,0.000,1.003,0.061,-0.061,-0.061,39.861,-7.742,52.790,0.9725,-0.0003,-0.0012,-0.2328,0.00,-0.00,0.00,0.14,94825.8,0,0.00,0.00,2
204689,0.003,0.000,1.002,0.061,0.061,-0.122,40.671,-8.054,52.211,0.9730,-0.0004,-0.0009,-0.2309,0.00,0.00,0.00,0.11,94822.8,0,0.00,0.00,2
204889,0.001,0.000,1.001,0.122,-0.061,-0.000,41.292,-7.242,53.563,0.9733,-0.0002,-0.0009,-0.2294,0.00,0.00,0.00,0.11,94823.3,0,0.00,0.00,2
205089,0.001,-0.000,1.002,0.122,0.000,-0.000,39.464,-7.141,52.790,0.9739,-0.0001,-0.0010,-0.2268,0.00,-0.00,0.00,0.11,94825.0,0,0.00,0.00,2
205289,0.000,0.000,1.002,0.122,0.000,-0.122,40.395,-6.301,52.597,0.9732,-0.0001,-0.0009,-0.2301,0.00,-0.00,0.00,0.10,94827.1,0,0.00,0.00,2
205489,0.003,-0.000,1.002,0.061,0.000,-0.000,41.534,-6.106,54.335,0.9742,-0.0002,-0.0011,-0.2258,0.00,-0.00,0.00,0.13,94829.9,0,0.00,0.00,2
205689,0.006,-0.001,1.005,0.061,0.000,-0.061,39.740,-7.142,52.404,0.9745,-0.0002,-0.0011,-0.2245,-0.00,-0.00,0.00,0.13,94825.5,0,0.00,0.00,2
205889,0.004,-0.001,1.009,0.183,0.061,-0.061,40.533,-8.929,52.404,0.9765,-0.0002,-0.0010,-0.2156,-0.00,-0.00,0.00,0.11,94825.5,0,0.00,0.00,2
206089,0.003,0.001,1.003,0.122,0.000,-0.000,40.240,-7.483,53.370,0.9778,0.0001,-0.0011,-0.2095,-0.00,-0.00,0.00,0.12,94826.9,0,0.00,0.00,2
206289,0.001,0.000,1.004,0.183,0.061,-0.122,40.775,-6.041,53.176,0.9763,-0.0000,-0.0009,-0.2163,-0.00,0.00,0.00,0.11,94824.1,0,0.00,0.00,2
206489,-0.000,0.001,1.007,0.061,0.061,-0.000,41.827,-7.552,53.370,0.9758,0.0002,-0.0008,-0.2188,-0.00,0.00,0.00,0.09,94824.1,0,0.00,0.00,2
206689,0.001,-0.001,1.010,0.122,0.183,0.061,40.344,-6.638,54.335,0.9763,0.0000,-0.0007,-0.2166,0.00,0.00,0.00,0.08,94820.2,0,0.00,0.00,2
206889,0.003,0.000,1.004,0.061,0.000,-0.061,39.861,-5.990,52.790,0.9754,-0.0001,-0.0009,-0.2204,0.00,-0.00,0.00,0.10,94825.5,0,0.00,0.00,2
207089,0.003,-0.000,1.001,0.061,0.000,-0.061,41.051,-4.875,52.790,0.9749,-0.0001,-0.0009,-0.2225,0.00,0.00,0.00,0.10,94822.0,0,0.00,0.00,2
207289,0.003,0.000,1.003,0.061,0.061,-0.000,40.516,-8.652,52.983,0.9744,-0.0001,-0.0009,-0.2248,0.00,-0.00,0.00,0.11,94827.8,0,0.00,0.00,2
207489,0.002,0.000,1.001,0.061,0.061,-0.000,39.326,-6.848,52.983,0.9735,-0.0003,-0.0009,-0.2288,0.00,0.00,0.00,0.10,94823.2,0,0.00,0.00,2
207689,0.004,0.002,1.000,0.061,-0.061,-0.122,40.274,-9.204,52.211,0.9723,-0.0002,-0.0010,-0.2336,0.00,-0.00,0.00,0.12,94828.9,0,0.00,0.00,2
207889,0.003,0.000,1.002,0.122,0.000,-0.061,39.740,-7.142,52.404,0.9715,-0.0002,-0.0010,-0.2369,0.00,0.00,0.00,0.12,94817.4,0,0.00,0.00,2
208089,0.003,-0.001,1.000,0.061,0.061,-0.000,41.084,-7.180,51.631,0.9715,-0.0000,-0.0010,-0.2371,0.00,0.00,0.00,0.11,94824.1,0,0.00,0.00,2
208289,0.002,0.000,1.000,-0.000,-0.122,-0.061,40.567,-7.147,51.245,0.9704,0.0000,-0.0010,-0.2415,0.00,-0.00,0.00,0.12,94827.6,0,0.00,0.00,2
208489,0.002,0.001,1.000,0.183,0.000,-0.061,40.308,-6.839,51.052,0.9694,0.0000,-0.0009,-0.2453,0.00,0.00,0.00,0.10,94821.3,0,0.00,0.00,2
208689,0.002,-0.000,1.000,0.061,0.000,-0.000,40.913,-8.085,52.983,0.9688,-0.0003,-0.0009,-0.2478,0.00,0.00,0.00,0.11,94818.0,0,0.00,0.00,2
208889,0.001,0.000,1.001,0.122,0.061,-0.061,40.913,-6.334,52.983,0.9688,-0.0001,-0.0010,-0.2479,0.00,0.00,0.00,0.11,94823.0,0,0.00,0.00,2
209089,0.004,-0.000,1.001,0.061,0.000,-0.000,40.758,-4.597,53.756,0.9695,-0.0001,-0.0010,-0.2452,0.00,0.00,0.00,0.12,94817.0,0,0.00,0.00,2
209289,0.002,0.001,1.002,0.061,-0.061,-0.061,40.671,-6.302,52.211,0.9679,-0.0002,-0.0011,-0.2515,0.00,-0.00,0.00,0.13,94824.8,0,0.00,0.00,2
209489,0.002,0.002,0.998,0.122,0.000,-0.061,40.120,-8.634,52.983,0.9696,-0.0001,-0.0009,-0.2445,0.00,0.00,0.00,0.10,94820.8,0,0.00,0.00,2
209689,-0.002,0.001,1.000,0.122,0.000,-0.000,41.067,-5.736,52.211,0.9681,-0.0001,-0.0007,-0.2505,0.00,-0.00,0.00,0.08,94824.8,0,0.00,0.00,2
209889,0.001,0.001,0.999,0.061,0.000,0.061,40.947,-6.304,51.824,0.9704,0.0001,-0.0010,-0.2415,0.00,0.00,0.00,0.11,94823.0,0,0.00,0.00,2
210089,0.005,0.000,1.001,0.061,0.122,-0.000,39.689,-8.647,54.142,0.9677,-0.0003,-0.0009,-0.2520,0.00,-0.00,0.00,0.10,94826.9,0,0.00,0.00,2
210289,0.003,-0.001,1.002,0.122,0.122,-0.061,39.464,-8.308,52.790,0.9697,-0.0003,-0.0009,-0.2442,0.00,0.00,0.00,0.11,94823.6,0,0.00,0.00,2
210489,0.002,0.001,1.002,0.061,-0.061,-0.061,40.257,-6.592,52.790,0.9698,-0.0002,-0.0009,-0.2441,0.00,0.00,0.00,0.11,94822.7,0,0.00,0.00,2
210689,0.001,0.001,1.000,0.061,-0.061,0.061,41.188,-5.752,52.597,0.9682,-0.0002,-0.0010,-0.2503,0.00,0.00,0.00,0.11,94823.3,0,0.00,0.00,2
210889,0.000,0.000,1.002,0.122,0.000,-0.061,39.861,-6.574,52.790,0.9676,-0.0000,-0.0006,-0.2526,0.00,0.00,0.00,0.07,94823.5,0,0.00,0.00,2
211089,0.001,0.001,1.003,-0.000,0.000,-0.000,40.120,-5.131,52.983,0.9686,-0.0000,-0.0007,-0.2485,0.00,0.00,0.00,0.08,94823.3,0,0.00,0.00,2
211289,0.003,0.000,1.000,0.061,0.061,0.061,39.965,-6.897,53.756,0.9682,-0.0000,-0.0008,-0.2501,0.00,0.00,0.00,0.09,94822.7,0,0.00,0.00,2
211489,0.001,0.001,1.003,0.061,0.000,-0.000,40.533,-4.842,52.404,0.9683,-0.0001,-0.0008,-0.2498,0.00,0.00,0.00,0.09,94823.5,0,0.00,0.00,2
211689,0.002,0.000,1.000,0.061,0.000,-0.061,40.930,-7.778,52.404,0.9686,-0.0001,-0.0011,-0.2485,0.00,-0.00,0.00,0.12,94825.6,0,0.00,0.00,2
211889,0.000,0.001,1.001,0.061,0.061,-0.000,40.015,-4.809,52.018,0.9720,-0.0001,-0.0009,-0.2350,0.00,0.00,0.00,0.11,94822.7,0,0.00,0.00,2
212089,0.002,0.002,1.000,0.061,0.000,-0.061,41.396,-6.981,54.529,0.9732,0.0001,-0.0009,-0.2300,0.00,0.00,0.00,0.10,94820.2,0,0.00,0.00,2
212289,0.002,-0.000,0.999,0.061,0.000,-0.061,41.585,-8.104,52.597,0.9739,-0.0001,-0.0010,-0.2271,0.00,-0.00,0.00,0.11,94827.6,0,0.00,0.00,2
212489,0.002,0.000,1.002,0.061,0.061,-0.000,40.550,-8.038,51.824,0.9740,-0.0002,-0.0011,-0.2266,0.00,-0.00,0.00,0.13,94824.8,0,0.00,0.00,2
212689,0.003,0.001,0.996,0.061,0.000,-0.061,40.896,-6.057,53.563,0.9735,-0.0002,-0.0012,-0.2285,0.00,-0.00,0.00,0.14,94826.3,0,0.00,0.00,2
212889,0.003,-0.000,1.006,0.061,-0.061,-0.000,40.499,-8.375,53.563,0.9728,-0.0002,-0.0011,-0.2315,0.00,0.00,0.00,0.13,94822.3,0,0.00,0.00,2
213089,0.001,-0.000,1.001,0.122,-0.061,-0.061,42.533,-9.293,51.824,0.9709,0.0001,-0.0010,-0.2395,0.00,0.00,0.00,0.10,94823.6,0,0.00,0.00,2
213289,0.002,0.001,0.999,0.122,0.000,-0.000,40.671,-8.638,52.211,0.9695,0.0000,-0.0011,-0.2451,0.00,-0.00,0.00,0.13,94824.5,0,0.00,0.00,2
213489,0.001,0.000,1.002,0.061,0.000,0.061,40.378,-8.359,53.176,0.9709,-0.0002,-0.0010,-0.2397,0.00,-0.00,0.00,0.11,94829.2,0,0.00,0.00,2
213689,0.003,0.000,1.002,0.122,-0.061,-0.000,39.706,-7.172,53.563,0.9705,-0.0002,-0.0010,-0.2409,0.00,-0.00,0.00,0.12,94825.6,0,0.00,0.00,2
213889,0.001,-0.000,1.005,0.122,0.000,-0.000,41.034,-5.182,53.370,0.9730,-0.0000,-0.0011,-0.2310,0.00,-0.00,0.00,0.12,94825.0,0,0.00,0.00,2
214089,0.000,0.000,1.004,0.122,-0.061,-0.061,40.896,-7.808,53.563,0.9744,-0.0003,-0.0009,-0.2250,0.00,0.00,0.00,0.11,94823.1,0,0.00,0.00,2
214289,0.001,0.000,1.003,0.061,0.061,-0.061,41.051,-7.794,52.790,0.9697,-0.0002,-0.0010,-0.2442,0.00,-0.00,0.00,0.12,94824.5,0,0.00,0.00,2
214489,0.001,0.000,1.001,-0.000,0.000,-0.061,39.068,-9.459,52.790,0.9691,-0.0004,-0.0008,-0.2467,0.00,-0.00,0.00,0.11,94825.8,0,0.00,0.00,2
214689,0.001,0.000,1.004,0.122,-0.061,-0.061,40.224,-8.957,53.949,0.9732,-0.0002,-0.0010,-0.2301,0.00,-0.00,0.00,0.12,94826.9,0,0.00,0.00,2
214889,0.001,-0.000,1.002,-0.000,0.000,-0.061,39.999,-5.699,52.597,0.9732,-0.0001,-0.0009,-0.2298,0.00,0.00,0.00,0.11,94821.7,0,0.00,0.00,2
215089,0.000,0.001,1.000,0.122,0.000,-0.000,40.620,-5.472,53.949,0.9734,0.0001,-0.0008,-0.2293,0.00,0.00,0.00,0.09,94822.8,0,0.00,0.00,2
215289,0.001,-0.000,1.002,0.061,0.061,-0.061,39.774,-4.193,51.245,0.9733,0.0001,-0.0009,-0.2294,0.00,0.00,0.00,0.10,94823.0,0,0.00,0.00,2
215489,0.003,-0.001,1.003,-0.000,0.000,-0.122,42.069,-8.168,54.142,0.9719,-0.0000,-0.0008,-0.2354,0.00,0.00,0.00,0.09,94821.7,0,0.00,0.00,2
215689,0.002,-0.000,1.001,0.122,0.000,-0.000,42.173,-6.739,55.108,0.9702,-0.0000,-0.0009,-0.2425,0.00,0.00,0.00,0.10,94823.5,0,0.00,0.00,2
215889,0.003,0.000,1.003,0.061,0.061,-0.000,41.827,-8.720,53.370,0.9700,-0.0001,-0.0009,-0.2429,0.00,-0.00,0.00,0.10,94829.6,0,0.00,0.00,2
216089,0.001,-0.000,1.004,0.061,-0.061,-0.061,42.344,-7.002,53.756,0.9703,-0.0002,-0.0008,-0.2418,0.00,-0.00,0.00,0.09,94826.9,0,0.00,0.00,2
216289,0.001,0.000,1.001,0.122,0.061,-0.000,40.688,-6.579,51.631,0.9719,-0.0000,-0.0009,-0.2355,0.00,-0.00,0.00,0.10,94824.3,0,0.00,0.00,2
216489,0.001,0.000,1.002,0.061,0.000,-0.061,41.084,-4.845,51.631,0.9721,-0.0001,-0.0008,-0.2344,0.00,0.00,0.00,0.09,94819.7,0,0.00,0.00,2
216689,0.001,0.000,1.003,0.061,0.000,-0.000,41.292,-7.242,53.563,0.9717,-0.0001,-0.0010,-0.2364,0.00,0.00,0.00,0.11,94823.1,0,0.00,0.00,2
216889,0.001,0.000,1.002,0.061,0.122,-0.000,40.274,-8.036,52.211,0.9706,0.0001,-0.0009,-0.2408,0.00,0.00,0.00,0.10,94820.0,0,0.00,0.00,2
217089,0.002,0.001,1.000,-0.000,-0.061,-0.000,40.896,-7.225,53.563,0.9711,-0.0001,-0.0010,-0.2388,0.00,0.00,0.00,0.11,94823.0,0,0.00,0.00,2
217289,0.002,0.000,1.003,0.122,0.061,-0.061,42.328,-7.309,54.335,0.9703,-0.0002,-0.0008,-0.2420,0.00,-0.00,0.00,0.10,94826.3,0,0.00,0.00,2
217489,0.002,0.000,1.003,0.122,0.000,-0.061,41.239,-7.166,50.859,0.9706,-0.0000,-0.0008,-0.2405,0.00,-0.00,0.00,0.09,94823.6,0,0.00,0.00,2
217689,0.001,0.001,1.002,0.061,-0.061,0.061,41.309,-7.519,52.983,0.9719,0.0001,-0.0010,-0.2354,0.00,-0.00,0.00,0.11,94826.3,0,0.00,0.00,2
217889,0.001,-0.000,1.002,0.061,0.000,-0.000,40.395,-6.301,52.597,0.9722,-0.0001,-0.0007,-0.2343,0.00,-0.00,0.00,0.08,94826.3,0,0.00,0.00,2
218089,0.001,-0.000,1.002,0.061,0.183,-0.000,40.775,-7.793,53.176,0.9714,-0.0003,-0.0009,-0.2372,0.00,-0.00,0.00,0.10,94825.8,0,0.00,0.00,2
218289,0.003,-0.000,1.002,0.061,0.061,-0.061,41.447,-8.396,52.790,0.9717,-0.0002,-0.0009,-0.2361,0.00,0.00,0.00,0.11,94821.7,0,0.00,0.00,2
218489,0.002,0.000,1.002,-0.000,-0.122,-0.000,40.153,-8.604,51.824,0.9723,-0.0003,-0.0010,-0.2338,0.00,0.00,0.00,0.12,94822.2,0,0.00,0.00,2
218689,0.002,0.000,1.002,0.122,-0.061,-0.000,40.896,-9.560,53.563,0.9715,-0.0002,-0.0010,-0.2369,0.00,0.00,0.00,0.12,94820.0,0,0.00,0.00,2
218889,0.002,0.000,1.006,0.061,0.061,-0.061,41.706,-7.536,52.983,0.9726,-0.0002,-0.0010,-0.2325,0.00,-0.00,0.00,0.12,94825.5,0,0.00,0.00,2
219089,0.002,-0.000,1.002,0.061,0.000,-0.000,39.360,-7.986,51.824,0.9707,-0.0001,-0.0007,-0.2402,0.00,0.00,0.00,0.07,94818.9,0,0.00,0.00,2
219289,0.002,0.001,1.001,-0.000,-0.061,-0.061,40.482,-8.682,54.142,0.9693,-0.0001,-0.0009,-0.2459,0.00,-0.00,0.00,0.10,94827.8,0,0.00,0.00,2
219489,0.002,-0.000,1.003,0.122,0.000,-0.061,41.326,-7.796,52.404,0.9675,-0.0000,-0.0010,-0.2530,0.00,-0.00,0.00,0.12,94823.9,0,0.00,0.00,2
219689,0.001,0.002,1.001,0.122,0.000,-0.000,40.533,-6.593,52.404,0.9665,0.0001,-0.0012,-0.2568,0.00,-0.00,0.00,0.13,94825.0,0,0.00,0.00,2
219889,0.006,0.000,1.002,0.122,0.000,-0.000,39.774,-7.112,51.245,0.9686,0.0001,-0.0013,-0.2485,0.00,-0.00,0.00,0.15,94826.3,0,0.00,0.00,2
220089,0.002,-0.001,1.002,0.061,-0.061,-0.122,40.395,-5.717,52.597,0.9677,-0.0002,-0.0011,-0.2520,0.00,-0.00,0.00,0.13,94830.9,0,0.00,0.00,2
220289,0.002,-0.001,1.002,0.122,-0.061,-0.000,41.343,-7.489,51.824,0.9674,-0.0002,-0.0011,-0.2534,0.00,-0.00,0.00,0.13,94826.9,0,0.00,0.00,2
220489,0.002,0.000,1.005,0.061,0.061,-0.061,40.758,-6.348,53.756,0.9673,-0.0002,-0.0009,-0.2538,0.00,0.00,0.00,0.09,94824.0,0,0.00,0.00,2
220689,0.001,0.001,1.004,0.061,0.061,-0.061,41.034,-5.182,53.370,0.9695,0.0001,-0.0009,-0.2450,0.00,0.00,0.00,0.10,94821.8,0,0.00,0.00,2
220889,0.001,0.001,1.001,0.061,0.000,-0.061,41.205,-8.948,52.018,0.9706,-0.0001,-0.0010,-0.2406,0.00,0.00,0.00,0.11,94823.5,0,0.00,0.00,2
221089,0.002,-0.001,1.002,0.122,-0.061,-0.061,40.516,-6.900,52.983,0.9702,-0.0001,-0.0010,-0.2425,0.00,0.00,0.00,0.12,94824.3,0,0.00,0.00,2
221289,0.002,0.001,1.003,0.061,0.061,-0.122,39.636,-6.236,51.438,0.9706,-0.0002,-0.0009,-0.2407,0.00,-0.00,0.00,0.11,94828.4,0,0.00,0.00,2
221489,-0.000,-0.000,1.001,0.122,-0.061,-0.061,40.843,-5.981,50.859,0.9705,-0.0002,-0.0007,-0.2412,0.00,-0.00,0.00,0.08,94828.2,0,0.00,0.00,2
221689,0.002,0.000,1.003,0.061,0.061,-0.000,40.567,-8.315,51.245,0.9696,-0.0003,-0.0007,-0.2445,0.00,-0.00,0.00,0.09,94828.1,0,0.00,0.00,2
221889,0.002,0.001,1.000,0.061,0.000,-0.000,40.671,-6.886,52.211,0.9688,-0.0002,-0.0008,-0.2478,0.00,0.00,0.00,0.09,94824.8,0,0.00,0.00,2
222089,0.002,0.000,1.002,0.061,0.000,-0.000,39.861,-6.574,52.790,0.9684,-0.0001,-0.0008,-0.2494,0.00,-0.00,0.00,0.09,94826.3,0,0.00,0.00,2
222289,-0.000,-0.000,1.003,0.061,-0.061,-0.000,40.308,-7.422,51.052,0.9687,-0.0001,-0.0007,-0.2484,0.00,0.00,0.00,0.08,94821.9,0,0.00,0.00,2
222489,0.001,0.001,1.003,0.122,0.061,-0.061,40.015,-8.895,52.018,0.9700,0.0001,-0.0007,-0.2432,0.00,-0.00,0.00,0.07,94826.8,0,0.00,0.00,2
222689,0.000,0.000,1.001,0.061,0.061,-0.000,41.034,-6.350,53.370,0.9719,0.0001,-0.0006,-0.2353,0.00,-0.00,0.00,0.07,94825.6,0,0.00,0.00,2
222889,0.001,0.000,1.004,0.061,0.000,-0.000,39.481,-6.250,52.211,0.9714,-0.0000,-0.0006,-0.2373,0.00,-0.00,0.00,0.07,94828.2,0,0.00,0.00,2
223089,0.003,-0.000,0.999,0.122,0.000,-0.061,39.481,-4.498,52.211,0.9705,-0.0002,-0.0010,-0.2411,0.00,-0.00,0.00,0.12,94826.0,0,0.00,0.00,2
223289,0.000,0.000,1.001,0.122,0.061,-0.061,39.723,-9.201,52.983,0.9694,-0.0001,-0.0009,-0.2456,0.00,-0.00,0.00,0.11,94827.8,0,0.00,0.00,2
223489,0.001,0.002,1.003,0.061,0.000,-0.000,41.965,-6.677,53.176,0.9691,-0.0001,-0.0009,-0.2466,0.00,0.00,0.00,0.11,94825.6,0,0.00,0.00,2
223689,0.003,0.000,1.001,0.122,0.000,-0.000,40.120,-7.467,52.983,0.9691,-0.0002,-0.0011,-0.2468,0.00,-0.00,0.00,0.12,94831.0,0,0.00,0.00,2
223889,0.002,0.000,1.005,0.061,0.000,-0.061,39.619,-8.294,52.018,0.9697,-0.0002,-0.0010,-0.2441,-0.00,-0.00,0.00,0.12,94827.6,0,0.00,0.00,2
224089,0.002,0.000,1.002,0.183,0.000,-0.061,41.309,-6.351,52.983,0.9716,0.0000,-0.0008,-0.2368,-0.00,-0.00,0.00,0.09,94828.9,0,0.00,0.00,2
224289,0.003,0.000,1.002,0.061,-0.061,0.061,41.017,-6.657,53.949,0.9703,-0.0002,-0.0009,-0.2418,-0.00,-0.00,0.00,0.10,94829.6,0,0.00,0.00,2
224489,0.001,-0.000,1.002,0.061,0.000,-0.000,40.671,-6.302,52.211,0.9713,-0.0003,-0.0010,-0.2379,-0.00,0.00,0.00,0.11,94825.5,0,0.00,0.00,2
224689,0.002,-0.000,1.001,-0.061,0.000,-0.000,40.758,-8.100,53.756,0.9713,-0.0003,-0.0010,-0.2378,-0.00,0.00,0.00,0.12,94824.3,0,0.00,0.00,2
224889,0.002,0.000,1.001,0.061,0.000,-0.000,39.911,-7.405,51.052,0.9728,-0.0005,-0.0011,-0.2317,-0.00,-0.00,0.00,0.13,94827.6,0,0.00,0.00,2
225089,0.001,0.000,1.003,0.061,0.000,-0.000,41.309,-7.519,52.983,0.9708,-0.0003,-0.0010,-0.2401,-0.00,-0.00,0.00,0.12,94827.6,0,0.00,0.00,2
225289,0.001,-0.000,1.004,0.122,0.000,-0.061,41.276,-4.630,54.142,0.9709,-0.0000,-0.0010,-0.2395,-0.00,-0.00,0.00,0.11,94829.7,0,0.00,0.00,2
225489,0.001,0.000,1.004,0.122,-0.061,-0.000,42.344,-7.002,53.756,0.9691,-0.0001,-0.0008,-0.2466,-0.00,-0.00,0.00,0.09,94827.6,0,0.00,0.00,2
225689,0.002,0.001,1.005,0.122,-0.061,-0.000,39.585,-6.573,53.176,0.9686,-0.0001,-0.0006,-0.2485,-0.00,-0.00,0.00,0.06,94830.4,0,0.00,0.00,2
225889,0.003,-0.000,1.002,0.122,0.000,-0.061,41.534,-8.441,54.335,0.9679,-0.0002,-0.0009,-0.2515,-0.00,0.00,0.00,0.10,94824.3,0,0.00,0.00,2
226089,0.002,0.000,1.002,0.122,0.061,-0.000,41.619,-4.571,51.438,0.9679,-0.0001,-0.0008,-0.2515,-0.00,-0.00,0.00,0.09,94830.2,0,0.00,0.00,2
226289,0.003,0.000,1.002,0.122,0.000,-0.061,40.603,-8.114,54.529,0.9686,-0.0002,-0.0010,-0.2487,-0.00,0.00,0.00,0.12,94826.8,0,0.00,0.00,2
226489,0.002,0.000,1.000,0.061,-0.061,-0.061,42.069,-7.000,54.142,0.9685,-0.0002,-0.0010,-0.2489,-0.00,0.00,0.00,0.11,94826.1,0,0.00,0.00,2
226689,0.002,-0.001,1.002,0.061,0.000,-0.000,39.911,-6.821,51.052,0.9690,-0.0002,-0.0010,-0.2470,-0.00,-0.00,0.00,0.12,94830.4,0,0.00,0.00,2
226889,0.002,0.000,1.003,0.061,0.061,-0.000,42.378,-8.139,52.597,0.9703,-0.0002,-0.0009,-0.2419,-0.00,-0.00,0.00,0.10,94829.6,0,0.00,0.00,2
227089,0.000,-0.000,1.002,0.061,0.061,-0.122,39.068,-7.707,52.790,0.9711,-0.0001,-0.0008,-0.2387,-0.00,-0.00,0.00,0.09,94827.4,0,0.00,0.00,2
227289,0.001,0.001,1.003,0.061,-0.061,-0.000,40.308,-8.006,51.052,0.9715,-0.0000,-0.0009,-0.2369,-0.00,-0.00,0.00,0.09,94827.3,0,0.00,0.00,2
227489,-0.000,0.001,1.005,0.061,0.000,-0.000,40.533,-6.010,52.404,0.9715,-0.0001,-0.0008,-0.2370,-0.00,0.00,0.00,0.09,94825.0,0,0.00,0.00,2
227689,0.002,-0.001,1.004,0.122,0.000,-0.122,41.602,-5.462,52.018,0.9712,-0.0002,-0.0008,-0.2382,-0.00,-0.00,0.00,0.10,94828.2,0,0.00,0.00,2
227889,0.002,0.000,1.001,0.061,0.061,-0.000,41.084,-7.180,51.631,0.9714,-0.0002,-0.0009,-0.2375,-0.00,-0.00,0.00,0.11,94830.7,0,0.00,0.00,2
228089,0.002,0.000,1.002,0.122,0.061,-0.061,41.861,-5.187,52.211,0.9715,-0.0002,-0.0009,-0.2371,-0.00,-0.00,0.00,0.10,94828.2,0,0.00,0.00,2
228289,0.002,-0.000,1.002,0.122,0.000,-0.000,41.309,-8.103,52.983,0.9730,-0.0002,-0.0011,-0.2309,-0.00,0.00,0.00,0.13,94823.6,0,0.00,0.00,2
228489,0.002,-0.000,1.003,0.061,0.000,-0.061,39.723,-6.282,52.983,0.9755,-0.0002,-0.0010,-0.2201,-0.00,-0.00,0.00,0.12,94828.6,0,0.00,0.00,2
228689,0.003,0.001,1.003,0.122,0.000,0.061,41.188,-6.335,52.597,0.9758,-0.0002,-0.0010,-0.2185,-0.00,-0.00,0.00,0.12,94827.6,0,0.00,0.00,2
228889,0.001,0.000,1.002,0.061,0.000,-0.061,41.138,-6.672,54.335,0.9759,-0.0001,-0.0011,-0.2184,-0.00,-0.00,0.00,0.13,94827.3,0,0.00,0.00,2
229089,0.003,-0.001,1.002,0.122,-0.061,-0.000,41.309,-5.184,52.983,0.9752,-0.0003,-0.0010,-0.2212,-0.00,-0.00,0.00,0.12,94829.6,0,0.00,0.00,2
229289,0.002,-0.000,1.001,0.122,-0.061,-0.061,40.136,-7.744,52.404,0.9744,-0.0003,-0.0011,-0.2249,-0.00,0.00,0.00,0.13,94826.1,0,0.00,0.00,2
229489,0.003,-0.001,1.005,0.122,0.000,-0.061,39.982,-9.509,53.176,0.9742,-0.0002,-0.0010,-0.2258,-0.00,0.00,0.00,0.11,94826.3,0,0.00,0.00,2
229689,0.001,0.001,1.001,0.061,0.122,-0.000,41.464,-7.505,52.211,0.9753,0.0000,-0.0008,-0.2210,-0.00,-0.00,0.00,0.09,94830.2,0,0.00,0.00,2
229889,0.002,-0.000,1.004,0.061,0.000,-0.061,40.170,-7.130,51.245,0.9762,-0.0002,-0.0009,-0.2169,-0.00,-0.00,0.00,0.10,94830.4,0,0.00,0.00,2
230089,0.001,0.001,1.003,0.061,0.061,-0.061,41.292,-6.074,53.563,0.9767,-0.0003,-0.0008,-0.2146,-0.00,-0.00,0.00,0.09,94827.9,0,0.00,0.00,2
230289,0.001,0.001,1.003,0.061,0.000,-0.000,41.844,-4.910,52.790,0.9764,-0.0003,-0.0008,-0.2159,-0.00,-0.00,0.00,0.09,94826.9,0,0.00,0.00,2
230489,0.002,0.000,1.004,0.061,0.061,-0.061,41.689,-4.340,53.563,0.9755,-0.0003,-0.0009,-0.2200,-0.00,0.00,0.00,0.11,94824.0,0,0.00,0.00,2
230689,0.001,0.001,1.002,0.061,0.000,-0.000,42.207,-6.125,53.949,0.9743,-0.0001,-0.0007,-0.2252,0.00,0.00,0.00,0.07,94822.2,0,0.00,0.00,2
230889,0.001,0.000,1.006,0.061,0.000,-0.000,41.706,-5.201,52.983,0.9753,0.0001,-0.0008,-0.2207,0.00,0.00,0.00,0.09,94825.0,0,0.00,0.00,2
231089,0.002,0.001,1.003,0.061,0.000,-0.000,41.948,-6.984,53.756,0.9776,-0.0001,-0.0007,-0.2105,0.00,0.00,0.00,0.08,94821.0,0,0.00,0.00,2
231289,0.002,0.000,1.005,0.122,0.000,-0.000,40.654,-7.193,52.790,0.9783,-0.0001,-0.0008,-0.2074,0.00,0.00,0.00,0.09,94824.8,0,0.00,0.00,2
231489,-0.000,-0.000,1.001,0.122,0.061,-0.000,41.205,-7.196,52.018,0.9776,0.0000,-0.0007,-0.2104,0.00,0.00,0.00,0.08,94820.8,0,0.00,0.00,2
231689,0.002,0.000,1.002,0.061,0.000,-0.000,40.705,-6.272,51.052,0.9785,-0.0001,-0.0009,-0.2062,0.00,-0.00,0.00,0.10,94826.8,0,0.00,0.00,2
231889,-0.000,0.000,1.006,0.061,0.061,-0.061,40.533,-6.010,52.404,0.9787,0.0000,-0.0008,-0.2053,0.00,0.00,0.00,0.08,94825.6,0,0.00,0.00,2
232089,0.001,0.000,1.000,0.122,0.000,-0.061,40.103,-6.606,53.563,0.9785,-0.0002,-0.0008,-0.2060,0.00,-0.00,0.00,0.09,94826.8,0,0.00,0.00,2
232289,0.002,-0.002,1.004,0.061,-0.061,-0.000,40.654,-3.690,52.790,0.9774,-0.0001,-0.0007,-0.2114,0.00,0.00,0.00,0.08,94823.0,0,0.00,0.00,2
232489,0.003,0.000,1.004,0.061,-0.061,-0.000,41.188,-4.584,52.597,0.9787,-0.0001,-0.0007,-0.2055,0.00,-0.00,0.00,0.09,94829.2,0,0.00,0.00,2
232689,0.002,0.000,1.001,0.122,0.061,-0.000,40.378,-6.608,53.176,0.9787,-0.0002,-0.0007,-0.2054,0.00,0.00,0.00,0.08,94825.5,0,0.00,0.00,2
232889,0.001,0.000,1.005,0.061,-0.061,-0.122,41.844,-9.581,52.790,0.9789,0.0001,-0.0007,-0.2042,0.00,0.00,0.00,0.08,94825.5,0,0.00,0.00,2
233089,0.001,-0.001,1.005,0.122,0.000,-0.061,41.155,-7.533,53.756,0.9783,0.0000,-0.0006,-0.2071,0.00,-0.00,0.00,0.07,94825.5,0,0.00,0.00,2
233289,-0.000,0.001,1.002,0.061,0.000,-0.061,41.464,-8.672,52.211,0.9782,0.0001,-0.0006,-0.2079,0.00,-0.00,0.00,0.07,94827.6,0,0.00,0.00,2
233489,0.000,0.000,1.003,0.122,-0.061,-0.061,42.412,-7.525,51.438,0.9780,-0.0000,-0.0006,-0.2086,0.00,0.00,0.00,0.07,94823.5,0,0.00,0.00,2
233689,0.004,0.000,1.002,0.061,0.000,-0.061,40.499,-7.791,53.563,0.9769,-0.0002,-0.0009,-0.2135,0.00,0.00,0.00,0.10,94823.6,0,0.00,0.00,2
233889,0.002,0.001,1.001,0.061,0.000,-0.000,41.568,-6.076,53.176,0.9772,-0.0001,-0.0008,-0.2123,0.00,0.00,0.00,0.09,94820.8,0,0.00,0.00,2
234089,0.003,0.000,1.002,0.122,0.000,-0.000,40.533,-8.345,52.404,0.9771,-0.0002,-0.0009,-0.2128,0.00,0.00,0.00,0.11,94819.4,0,0.00,0.00,2
234289,-0.000,-0.000,1.001,0.122,0.000,0.061,40.654,-6.609,52.790,0.9769,-0.0002,-0.0009,-0.2136,0.00,0.00,0.00,0.10,94821.7,0,0.00,0.00,2
234489,-0.002,0.000,1.003,0.061,0.000,-0.000,40.809,-4.260,52.018,0.9772,-0.0002,-0.0008,-0.2122,0.00,-0.00,0.00,0.09,94827.6,0,0.00,0.00,2
234689,0.000,-0.000,1.003,0.061,0.061,-0.000,40.120,-7.467,52.983,0.9773,-0.0003,-0.0008,-0.2118,0.00,-0.00,0.00,0.09,94825.5,0,0.00,0.00,2
234889,0.002,0.000,1.001,0.061,0.061,-0.061,40.412,-5.994,52.018,0.9770,-0.0001,-0.0009,-0.2134,0.00,-0.00,0.00,0.10,94825.6,0,0.00,0.00,2
235089,0.001,0.000,1.002,-0.000,0.061,-0.061,40.913,-6.334,52.983,0.9762,-0.0002,-0.0007,-0.2167,0.00,0.00,0.00,0.08,94820.2,0,0.00,0.00,2
235289,-0.002,0.000,1.003,0.122,0.000,-0.000,40.103,-6.022,53.563,0.9761,-0.0000,-0.0006,-0.2173,0.00,0.00,0.00,0.08,94821.7,0,0.00,0.00,2
235489,0.002,0.000,1.004,0.122,0.000,-0.000,38.584,-5.892,51.245,0.9766,-0.0001,-0.0008,-0.2149,0.00,0.00,0.00,0.09,94823.5,0,0.00,0.00,2
235689,0.004,0.000,1.001,0.122,0.122,-0.061,39.602,-6.850,52.597,0.9747,-0.0001,-0.0010,-0.2235,0.00,0.00,0.00,0.11,94823.0,0,0.00,0.00,2
235889,-0.001,0.001,1.003,-0.000,0.000,-0.061,41.276,-6.965,54.142,0.9745,-0.0001,-0.0008,-0.2243,0.00,0.00,0.00,0.09,94822.2,0,0.00,0.00,2
236089,-0.001,-0.000,1.002,0.061,0.000,-0.122,41.585,-4.601,52.597,0.9760,-0.0002,-0.0007,-0.2176,0.00,0.00,0.00,0.08,94822.8,0,0.00,0.00,2
236289,0.002,0.000,1.004,0.061,0.000,-0.061,41.464,-6.921,52.211,0.9744,-0.0001,-0.0009,-0.2247,0.00,-0.00,0.00,0.10,94824.5,0,0.00,0.00,2
236489,0.002,0.000,1.003,0.122,-0.122,-0.061,39.084,-6.816,52.211,0.9736,-0.0003,-0.0009,-0.2283,0.00,-0.00,0.00,0.11,94824.8,0,0.00,0.00,2
236689,0.001,0.001,1.002,0.122,0.000,-0.061,40.862,-6.671,54.722,0.9755,-0.0001,-0.0009,-0.2198,0.00,-0.00,0.00,0.11,94824.3,0,0.00,0.00,2
236889,0.003,0.000,1.004,0.061,-0.061,-0.061,40.654,-6.609,52.790,0.9769,-0.0001,-0.0009,-0.2137,0.00,-0.00,0.00,0.10,94825.6,0,0.00,0.00,2
237089,0.000,0.001,1.003,0.122,0.000,-0.061,41.326,-6.044,52.404,0.9764,-0.0001,-0.0006,-0.2158,0.00,-0.00,0.00,0.07,94824.8,0,0.00,0.00,2
237289,0.003,0.000,1.002,-0.000,0.000,-0.000,39.568,-6.296,53.756,0.9746,-0.0001,-0.0010,-0.2240,0.00,0.00,0.00,0.11,94822.5,0,0.00,0.00,2
237489,0.002,0.001,1.003,0.122,0.000,-0.061,40.775,-7.209,53.176,0.9753,-0.0001,-0.0009,-0.2207,0.00,-0.00,0.00,0.11,94824.3,0,0.00,0.00,2
237689,-0.001,0.001,1.002,0.061,0.061,-0.000,41.051,-7.210,52.790,0.9749,-0.0001,-0.0006,-0.2225,0.00,0.00,0.00,0.07,94822.7,0,0.00,0.00,2
237889,0.003,0.000,1.004,0.122,0.000,-0.061,41.051,-7.210,52.790,0.9741,-0.0001,-0.0007,-0.2262,0.00,-0.00,0.00,0.07,94825.6,0,0.00,0.00,2
238089,-0.000,-0.001,1.003,0.122,-0.061,-0.061,39.205,-6.248,52.597,0.9751,-0.0003,-0.0007,-0.2219,0.00,-0.00,0.00,0.09,94824.3,0,0.00,0.00,2
238289,0.001,0.000,1.003,0.061,0.000,-0.122,39.118,-5.619,51.052,0.9738,-0.0001,-0.0008,-0.2275,0.00,0.00,0.00,0.09,94822.0,0,0.00,0.00,2
238489,0.003,-0.001,1.004,0.122,0.000,-0.061,40.688,-5.995,51.631,0.9751,-0.0002,-0.0008,-0.2219,0.00,0.00,0.00,0.09,94823.0,0,0.00,0.00,2
238689,0.003,0.000,1.004,0.122,0.061,-0.122,41.827,-8.136,53.370,0.9746,-0.0003,-0.0009,-0.2240,0.00,-0.00,0.00,0.11,94825.0,0,0.00,0.00,2
238889,0.004,-0.001,1.004,0.122,0.000,-0.061,40.015,-8.312,52.018,0.9755,-0.0002,-0.0009,-0.2200,0.00,-0.00,0.00,0.11,94824.1,0,0.00,0.00,2
239089,0.001,0.001,1.001,0.061,0.000,-0.122,40.775,-7.793,53.176,0.9778,-0.0001,-0.0009,-0.2097,0.00,-0.00,0.00,0.11,94825.0,0,0.00,0.00,2
239289,0.003,-0.000,1.002,0.122,0.000,-0.000,41.861,-4.019,52.211,0.9785,-0.0000,-0.0010,-0.2060,0.00,0.00,0.00,0.12,94822.3,0,0.00,0.00,2
239489,0.003,-0.000,1.003,0.061,0.000,-0.000,41.551,-7.551,53.756,0.9797,-0.0001,-0.0010,-0.2006,0.00,0.00,0.00,0.11,94820.7,0,0.00,0.00,2
239689,-0.000,0.001,1.001,0.122,0.000,-0.061,42.550,-4.899,51.245,0.9796,-0.0001,-0.0009,-0.2011,0.00,0.00,0.00,0.10,94822.3,0,0.00,0.00,2
239889,0.004,0.000,1.002,0.122,0.000,-0.000,40.499,-7.207,53.563,0.9800,-0.0001,-0.0010,-0.1990,0.00,-0.00,0.00,0.11,94827.8,0,0.00,0.00,2
240089,0.002,-0.000,1.002,0.061,0.000,-0.000,41.551,-5.215,53.756,0.9792,-0.0003,-0.0010,-0.2028,0.00,0.00,0.00,0.12,94821.0,0,0.00,0.00,2
240289,-0.002,0.002,1.005,0.061,0.061,-0.000,39.343,-7.709,52.404,0.9802,-0.0000,-0.0007,-0.1980,0.01,-0.00,0.00,0.08,94823.6,0,0.00,0.00,2
240489,0.004,-0.001,1.004,0.122,0.061,-0.000,40.516,-7.484,52.983,0.9778,-0.0002,-0.0010,-0.2095,0.00,-0.00,0.00,0.12,94826.3,0,0.00,0.00,2
240689,0.000,-0.000,1.002,0.061,0.000,-0.061,40.257,-7.176,52.790,0.9774,-0.0003,-0.0010,-0.2116,0.00,-0.00,0.00,0.12,94825.1,0,0.00,0.00,2
240889,0.002,0.000,1.003,0.122,0.000,0.061,41.982,-4.619,52.597,0.9767,-0.0000,-0.0009,-0.2148,0.00,-0.00,0.00,0.09,94825.3,0,0.00,0.00,2
241089,0.005,-0.000,1.002,0.061,0.000,-0.000,39.999,-4.532,52.597,0.9778,-0.0001,-0.0009,-0.2098,0.00,0.00,0.00,0.10,94822.2,0,0.00,0.00,2
241289,0.001,0.001,1.004,0.061,0.000,-0.000,41.723,-7.813,52.404,0.9765,-0.0001,-0.0008,-0.2157,0.00,0.00,0.00,0.09,94822.3,0,0.00,0.00,2
241489,-0.000,0.001,1.003,0.061,0.122,-0.000,41.292,-7.826,53.563,0.9768,-0.0000,-0.0008,-0.2142,0.00,0.00,0.00,0.09,94823.6,0,0.00,0.00,2
241689,0.003,-0.000,1.001,0.061,0.000,0.061,41.447,-8.396,52.790,0.9754,-0.0001,-0.0010,-0.2202,0.00,-0.00,0.00,0.11,94824.6,0,0.00,0.00,2
241889,0.001,-0.000,1.002,0.183,-0.122,-0.061,40.567,-5.396,51.245,0.9759,-0.0002,-0.0011,-0.2180,0.00,-0.00,0.00,0.13,94825.3,0,0.00,0.00,2
242089,0.003,0.001,1.005,0.061,0.061,-0.061,39.723,-4.530,52.983,0.9777,-0.0001,-0.0012,-0.2098,0.00,0.00,0.00,0.13,94822.3,0,0.00,0.00,2
242289,0.001,-0.001,1.004,0.061,0.061,-0.122,41.965,-6.677,53.176,0.9764,-0.0003,-0.0010,-0.2160,0.00,0.00,0.00,0.12,94822.0,0,0.00,0.00,2
242489,0.001,0.000,1.003,0.122,0.000,-0.061,40.170,-5.378,51.245,0.9763,-0.0002,-0.0009,-0.2163,0.00,-0.00,0.00,0.09,94824.1,0,0.00,0.00,2
242689,0.004,-0.001,1.003,-0.000,0.000,-0.000,39.844,-6.297,53.370,0.9755,-0.0003,-0.0009,-0.2199,0.00,-0.00,0.00,0.10,94825.5,0,0.00,0.00,2
242889,0.001,0.000,1.006,0.122,0.000,-0.122,40.429,-8.022,51.438,0.9775,-0.0001,-0.0010,-0.2110,0.00,-0.00,0.00,0.12,94824.8,0,0.00,0.00,2
243089,-0.002,0.000,1.001,0.122,0.000,-0.000,40.274,-7.452,52.211,0.9776,-0.0001,-0.0006,-0.2103,0.00,-0.00,0.00,0.07,94825.8,0,0.00,0.00,2
243289,0.004,-0.000,1.004,0.122,0.061,-0.000,40.378,-7.775,53.176,0.9785,-0.0001,-0.0010,-0.2062,0.00,-0.00,0.00,0.12,94825.5,0,0.00,0.00,2
243489,-0.000,0.000,1.003,0.061,-0.061,-0.061,39.326,-6.848,52.983,0.9791,-0.0001,-0.0009,-0.2032,0.00,-0.00,0.00,0.11,94826.0,0,0.00,0.00,2
243689,0.000,0.000,1.000,0.061,0.000,-0.000,41.172,-6.059,53.176,0.9795,-0.0001,-0.0008,-0.2014,0.00,-0.00,0.00,0.09,94830.1,0,0.00,0.00,2
243889,0.003,-0.000,1.002,0.122,-0.061,-0.000,39.911,-7.405,51.052,0.9813,-0.0000,-0.0011,-0.1924,0.00,-0.00,0.00,0.12,94829.4,0,0.00,0.00,2
244089,-0.000,0.000,1.004,0.122,-0.061,-0.000,42.120,-5.495,52.404,0.9805,-0.0001,-0.0008,-0.1967,0.00,-0.00,0.00,0.09,94830.6,0,0.00,0.00,2
244289,0.001,-0.001,1.002,-0.000,-0.061,-0.000,40.654,-7.193,52.790,0.9801,-0.0002,-0.0011,-0.1987,0.00,-0.00,0.00,0.12,94826.0,0,0.00,0.00,2
244489,0.004,0.000,1.006,0.122,0.000,-0.061,39.982,-6.006,53.176,0.9802,-0.0002,-0.0010,-0.1982,0.00,-0.00,0.00,0.12,94829.1,0,0.00,0.00,2
244689,-0.000,0.001,1.002,0.122,-0.061,-0.000,40.274,-6.869,52.211,0.9817,-0.0001,-0.0008,-0.1904,0.00,0.00,0.00,0.09,94825.6,0,0.00,0.00,2
244889,0.003,0.001,1.002,0.061,0.061,-0.061,41.309,-5.767,52.983,0.9811,-0.0001,-0.0009,-0.1936,0.00,0.00,0.00,0.10,94825.5,0,0.00,0.00,2
245089,0.002,-0.001,1.002,0.061,0.061,-0.122,38.980,-8.245,51.245,0.9821,-0.0003,-0.0009,-0.1885,0.00,0.00,0.00,0.11,94825.6,0,0.00,0.00,2
245289,0.000,-0.001,1.002,0.061,0.000,-0.000,39.740,-5.391,52.404,0.9815,-0.0002,-0.0009,-0.1912,0.00,-0.00,0.00,0.10,94826.1,0,0.00,0.00,2
245489,0.003,-0.001,1.004,-0.000,0.061,-0.000,38.809,-5.063,52.597,0.9814,-0.0002,-0.0010,-0.1917,0.00,-0.00,0.00,0.11,94830.9,0,0.00,0.00,2
245689,0.003,0.001,1.002,0.061,-0.061,-0.122,40.516,-6.316,52.983,0.9813,-0.0001,-0.0009,-0.1925,0.00,0.00,0.00,0.11,94824.1,0,0.00,0.00,2
245889,0.001,-0.000,1.010,0.122,0.061,-0.000,40.240,-5.731,53.370,0.9814,-0.0002,-0.0009,-0.1920,0.00,0.00,0.00,0.10,94824.3,0,0.00,0.00,2
246089,0.004,0.000,1.001,0.061,0.000,-0.122,40.550,-7.454,51.824,0.9804,-0.0001,-0.0011,-0.1970,0.00,0.00,0.00,0.12,94824.5,0,0.00,0.00,2
246289,0.002,0.000,1.006,0.122,0.000,-0.061,40.274,-7.452,52.211,0.9797,-0.0003,-0.0012,-0.2004,0.00,0.00,0.00,0.14,94825.0,0,0.00,0.00,2
246489,0.003,0.000,1.001,0.122,0.061,-0.061,41.413,-4.339,53.949,0.9797,-0.0002,-0.0013,-0.2004,0.00,0.00,0.00,0.14,94825.3,0,0.00,0.00,2
246689,0.000,0.001,1.004,0.061,0.061,-0.000,41.292,-7.826,53.563,0.9810,-0.0001,-0.0011,-0.1939,0.00,-0.00,0.00,0.12,94827.4,0,0.00,0.00,2
246889,-0.003,0.003,1.007,-0.000,-0.061,-0.000,40.170,-5.962,51.245,0.9805,-0.0001,-0.0008,-0.1967,0.00,0.00,0.00,0.09,94823.3,0,0.00,0.00,2
247089,0.002,0.000,1.001,0.122,0.000,0.061,41.326,-7.796,52.404,0.9790,-0.0002,-0.0006,-0.2036,0.00,-0.00,0.00,0.06,94828.2,0,0.00,0.00,2
247289,0.004,0.001,0.999,0.122,0.000,-0.061,39.343,-5.957,52.404,0.9819,0.0001,-0.0008,-0.1895,0.00,0.00,0.00,0.09,94825.3,0,0.00,0.00,2
247489,0.000,0.001,1.002,0.061,0.000,-0.000,40.482,-5.179,54.142,0.9816,0.0003,-0.0007,-0.1907,0.00,0.00,0.00,0.08,94823.3,0,0.00,0.00,2
247689,0.004,-0.001,1.001,0.122,0.061,-0.061,40.240,-8.650,53.370,0.9835,0.0000,-0.0009,-0.1810,0.00,0.00,0.00,0.10,94823.6,0,0.00,0.00,2
247889,0.002,-0.000,1.007,0.122,-0.061,-0.000,40.136,-5.408,52.404,0.9859,-0.0002,-0.0010,-0.1675,0.00,-0.00,0.00,0.12,94826.9,0,0.00,0.00,2
248089,0.002,-0.000,1.002,0.061,0.000,-0.061,40.274,-8.036,52.211,0.9836,-0.0001,-0.0011,-0.1805,0.00,0.00,0.00,0.13,94823.3,0,0.00,0.00,2
248289,0.005,-0.001,1.003,0.061,0.000,-0.000,41.447,-6.060,52.790,0.9846,-0.0003,-0.0012,-0.1750,0.00,0.00,0.00,0.13,94824.0,0,0.00,0.00,2
248489,0.000,-0.000,1.001,0.061,0.000,-0.061,40.516,-7.484,52.983,0.9861,-0.0002,-0.0008,-0.1662,0.00,-0.00,0.00,0.10,94826.1,0,0.00,0.00,2
248689,0.003,0.000,1.002,0.061,0.000,-0.000,40.240,-3.979,53.370,0.9879,-0.0001,-0.0011,-0.1551,0.00,0.00,0.00,0.12,94820.8,0,0.00,0.00,2
248889,0.003,0.002,1.003,0.122,-0.122,-0.000,39.619,-5.375,52.018,0.9893,-0.0001,-0.0013,-0.1461,0.00,0.00,0.00,0.15,94821.9,0,0.00,0.00,2
249089,-0.001,-0.000,1.011,0.061,0.061,-0.000,40.550,-8.038,51.824,0.9889,-0.0001,-0.0009,-0.1487,0.00,0.00,0.00,0.11,94823.5,0,0.00,0.00,2
249289,0.005,0.000,1.001,0.122,0.061,-0.000,41.413,-6.674,53.949,0.9882,-0.0002,-0.0011,-0.1535,0.00,0.00,0.00,0.12,94823.5,0,0.00,0.00,2
249489,-0.000,0.000,1.008,0.122,-0.183,-0.000,41.481,-7.198,51.631,0.9875,0.0000,-0.0010,-0.1577,0.00,-0.00,0.00,0.11,94826.9,0,0.00,0.00,2
249689,-0.000,-0.000,1.003,0.122,-0.122,-0.000,39.447,-6.864,53.370,0.9871,0.0001,-0.0009,-0.1603,0.00,0.00,0.00,0.10,94823.0,0,0.00,0.00,2
249889,0.003,0.000,1.007,0.061,0.061,-0.000,39.670,-7.373,50.279,0.9874,-0.0001,-0.0009,-0.1582,0.00,-0.00,0.00,0.10,94825.6,0,0.00,0.00,2
250089,0.003,0.000,1.002,0.122,-0.061,-0.061,40.826,-7.456,51.438,0.9859,-0.0003,-0.0012,-0.1673,0.00,0.00,0.00,0.14,94824.3,0,0.00,0.00,2
250289,0.001,0.000,1.001,0.061,0.000,-0.000,41.034,-7.517,53.370,0.9855,-0.0003,-0.0010,-0.1695,0.00,0.00,0.00,0.12,94823.6,0,0.00,0.00,2
250489,0.004,-0.000,1.003,0.061,0.000,-0.061,40.533,-7.177,52.404,0.9873,-0.0001,-0.0009,-0.1589,0.00,-0.00,0.00,0.10,94826.9,0,0.00,0.00,2
250689,0.003,-0.000,0.999,0.061,0.061,-0.061,41.602,-8.965,52.018,0.9877,-0.0001,-0.0010,-0.1566,0.00,-0.00,0.00,0.12,94826.6,0,0.00,0.00,2
250889,0.002,0.000,1.003,0.122,-0.061,-0.000,39.464,-4.805,52.790,0.9876,-0.0000,-0.0010,-0.1568,0.00,0.00,0.00,0.11,94822.2,0,0.00,0.00,2
251089,0.004,0.000,1.001,0.061,-0.061,-0.122,41.380,-9.039,55.108,0.9869,0.0002,-0.0012,-0.1616,0.00,0.00,0.00,0.14,94822.2,0,0.00,0.00,2
251289,0.001,0.001,1.003,0.122,-0.061,-0.061,39.619,-7.127,52.018,0.9864,0.0002,-0.0012,-0.1644,0.00,-0.00,0.00,0.13,94827.4,0,0.00,0.00,2
251489,0.003,-0.001,1.002,0.122,0.000,-0.122,40.395,-5.717,52.597,0.9859,0.0001,-0.0013,-0.1673,0.00,-0.00,0.00,0.15,94827.6,0,0.00,0.00,2
251689,0.002,0.000,1.003,0.061,-0.122,-0.000,41.309,-8.687,52.983,0.9855,-0.0002,-0.0012,-0.1694,0.00,-0.00,0.00,0.13,94826.8,0,0.00,0.00,2
251889,-0.000,0.000,1.001,0.061,0.061,-0.061,39.999,-6.867,52.597,0.9861,-0.0000,-0.0011,-0.1659,0.00,-0.00,0.00,0.12,94828.8,0,0.00,0.00,2
252089,0.003,0.000,1.002,0.061,0.000,-0.061,40.879,-8.115,54.142,0.9872,0.0001,-0.0012,-0.1597,0.00,-0.00,0.00,0.13,94832.2,0,0.00,0.00,2
252289,0.002,0.001,1.003,0.061,0.000,-0.061,39.982,-7.758,53.176,0.9891,-0.0001,-0.0011,-0.1469,0.00,-0.00,0.00,0.13,94827.3,0,0.00,0.00,2
252489,0.002,-0.000,1.003,0.061,-0.061,-0.061,42.516,-6.681,52.404,0.9894,-0.0003,-0.0010,-0.1449,0.00,-0.00,0.00,0.12,94834.7,0,0.00,0.00,2
252689,0.004,-0.000,1.001,0.122,-0.061,-0.000,41.205,-7.196,52.018,0.9906,-0.0001,-0.0010,-0.1364,-0.00,-0.00,0.00,0.12,94832.4,0,0.00,0.00,2
252889,0.000,0.001,1.001,0.122,-0.061,-0.000,41.276,-6.965,54.142,0.9904,0.0000,-0.0008,-0.1380,-0.00,-0.00,0.00,0.08,94828.9,0,0.00,0.00,2
253089,0.001,-0.000,1.003,0.122,0.000,-0.000,41.309,-6.935,52.983,0.9902,0.0000,-0.0008,-0.1396,-0.00,0.00,0.00,0.09,94826.3,0,0.00,0.00,2
253289,-0.000,0.001,1.000,0.122,-0.061,-0.061,40.843,-7.733,50.859,0.9902,0.0000,-0.0009,-0.1396,-0.00,0.00,0.00,0.10,94826.9,0,0.00,0.00,2
253489,-0.000,0.001,1.000,0.061,-0.061,-0.000,41.343,-8.657,51.824,0.9905,-0.0001,-0.0010,-0.1372,-0.00,-0.00,0.00,0.11,94834.2,0,0.00,0.00,2
253689,0.004,0.001,1.001,0.061,0.000,-0.061,39.188,-5.971,53.176,0.9895,-0.0001,-0.0011,-0.1446,-0.00,-0.00,0.00,0.12,94830.2,0,0.00,0.00,2
253889,0.003,0.001,1.002,0.061,-0.122,-0.122,40.826,-7.456,51.438,0.9906,0.0000,-0.0011,-0.1371,-0.00,-0.00,0.00,0.12,94829.4,0,0.00,0.00,2
254089,-0.000,0.001,1.002,-0.000,0.000,-0.000,41.481,-8.366,51.631,0.9903,0.0000,-0.0011,-0.1387,-0.00,-0.00,0.00,0.13,94832.9,0,0.00,0.00,2
254289,0.004,-0.001,1.002,0.061,0.000,-0.061,40.153,-8.021,51.824,0.9910,-0.0001,-0.0011,-0.1339,-0.00,-0.00,0.00,0.12,94828.9,0,0.00,0.00,2
254489,0.001,0.001,1.002,0.122,0.000,-0.061,41.568,-6.660,53.176,0.9914,-0.0000,-0.0011,-0.1308,-0.00,0.00,0.00,0.13,94826.3,0,0.00,0.00,2
254689,0.003,0.001,1.001,-0.000,0.000,-0.000,40.516,-8.652,52.983,0.9912,0.0001,-0.0011,-0.1320,-0.00,0.00,0.00,0.12,94827.6,0,0.00,0.00,2
254889,0.004,-0.001,1.003,0.061,-0.061,-0.000,41.534,-6.106,54.335,0.9915,-0.0000,-0.0012,-0.1298,-0.00,0.00,0.00,0.14,94827.3,0,0.00,0.00,2
255089,-0.000,-0.000,1.001,0.061,-0.061,-0.061,40.499,-6.040,53.563,0.9921,-0.0001,-0.0012,-0.1254,-0.00,0.00,0.00,0.13,94826.9,0,0.00,0.00,2
255289,0.002,-0.001,1.002,0.122,0.061,-0.000,41.292,-6.658,53.563,0.9923,-0.0000,-0.0010,-0.1237,-0.00,-0.00,0.00,0.12,94831.0,0,0.00,0.00,2
255489,0.007,0.002,1.004,0.061,0.122,-0.061,39.895,-5.960,51.631,0.9926,-0.0003,-0.0012,-0.1215,-0.00,0.00,0.00,0.13,94827.8,0,0.00,0.00,2
255689,0.003,0.000,1.004,0.061,-0.061,-0.061,40.499,-10.126,53.563,0.9920,-0.0001,-0.0011,-0.1262,-0.00,0.00,0.00,0.13,94825.8,0,0.00,0.00,2
255889,0.005,0.001,1.003,-0.000,0.061,-0.000,38.325,-6.168,51.052,0.9924,0.0000,-0.0012,-0.1234,-0.00,0.00,0.00,0.14,94826.9,0,0.00,0.00,2
256089,0.000,0.000,1.003,0.122,-0.061,-0.061,41.155,-8.117,53.756,0.9924,-0.0001,-0.0010,-0.1234,-0.00,-0.00,0.00,0.12,94829.6,0,0.00,0.00,2
256289,-0.000,0.001,1.003,0.061,-0.122,-0.183,40.913,-5.750,52.983,0.9923,0.0000,-0.0010,-0.1241,-0.00,-0.00,0.00,0.11,94829.1,0,0.00,0.00,2
256489,0.002,-0.001,1.001,0.122,-0.061,-0.061,41.844,-5.494,52.790,0.9921,-0.0001,-0.0010,-0.1257,-0.00,-0.00,0.00,0.12,94830.1,0,0.00,0.00,2
256689,0.004,-0.001,1.003,0.061,0.000,-0.000,41.723,-7.813,52.404,0.9918,-0.0002,-0.0015,-0.1282,-0.00,-0.00,0.00,0.17,94828.2,0,0.00,0.00,2
256889,0.009,-0.003,1.004,-0.000,0.061,-0.000,40.671,-8.054,52.211,0.9831,-0.0009,-0.0016,-0.1833,-0.00,0.00,0.00,0.21,94827.6,0,0.00,0.00,2
257089,0.001,0.000,1.003,0.061,-0.183,-0.061,41.292,-6.658,53.563,0.9874,0.0001,-0.0010,-0.1580,-0.00,-0.00,0.00,0.11,94828.9,0,0.00,0.00,2
257289,0.004,-0.001,1.003,0.122,-0.244,-0.061,39.740,-6.558,52.404,0.9891,-0.0001,-0.0011,-0.1474,-0.00,-0.00,0.00,0.12,94829.1,0,0.00,0.00,2
257489,0.003,-0.000,1.000,0.122,-0.122,-0.000,41.568,-7.828,53.176,0.9888,-0.0001,-0.0013,-0.1491,-0.00,-0.00,0.00,0.14,94829.1,0,0.00,0.00,2
257689,0.003,-0.001,1.004,0.122,-0.061,-0.000,39.807,-4.747,50.086,0.9897,-0.0002,-0.0011,-0.1433,-0.00,-0.00,0.00,0.13,94830.2,0,0.00,0.00,2
257889,-0.000,0.001,1.002,0.122,0.000,-0.061,39.636,-5.652,51.438,0.9897,-0.0001,-0.0011,-0.1432,-0.00,-0.00,0.00,0.13,94828.8,0,0.00,0.00,2
258089,0.004,-0.000,1.002,-0.000,0.061,0.061,41.051,-6.627,52.790,0.9891,-0.0002,-0.0010,-0.1471,-0.00,-0.00,0.00,0.12,94829.1,0,0.00,0.00,2
258289,-0.000,0.001,1.002,0.061,-0.061,-0.061,39.861,-7.158,52.790,0.9892,-0.0000,-0.0011,-0.1465,-0.00,-0.00,0.00,0.12,94831.5,0,0.00,0.00,2
258489,0.000,0.000,1.003,-0.000,-0.061,-0.122,40.913,-5.750,52.983,0.9895,-0.0003,-0.0013,-0.1444,-0.00,0.00,0.00,0.15,94828.1,0,0.00,0.00,2
258689,0.002,-0.001,1.003,0.122,-0.061,-0.000,40.308,-6.839,51.052,0.9883,-0.0002,-0.0012,-0.1527,-0.00,0.00,0.00,0.14,94827.9,0,0.00,0.00,2
258889,0.003,0.000,1.003,-0.000,-0.122,-0.061,39.498,-6.527,51.631,0.9874,-0.0003,-0.0015,-0.1585,-0.00,0.00,0.00,0.17,94828.1,0,0.00,0.00,2
259089,0.001,0.002,1.000,0.183,-0.061,-0.122,40.032,-8.589,51.438,0.9906,-0.0002,-0.0012,-0.1368,-0.00,-0.00,0.00,0.14,94829.6,0,0.00,0.00,2
259289,0.003,0.000,1.011,0.122,-0.122,-0.061,38.947,-5.356,52.404,0.9904,-0.0001,-0.0011,-0.1381,-0.00,0.00,0.00,0.13,94826.9,0,0.00,0.00,2
259489,-0.000,-0.001,1.001,0.122,-0.061,-0.061,43.172,-7.590,52.597,0.9910,0.0000,-0.0012,-0.1336,-0.00,0.00,0.00,0.13,94827.1,0,0.00,0.00,2
259689,-0.000,-0.000,1.002,0.061,0.061,-0.000,40.120,-7.467,52.983,0.9911,0.0001,-0.0009,-0.1332,-0.00,-0.00,0.00,0.10,94830.9,0,0.00,0.00,2
259889,0.003,0.000,1.003,0.122,0.061,-0.122,40.550,-5.703,51.824,0.9897,-0.0002,-0.0011,-0.1434,-0.00,0.00,0.00,0.12,94827.4,0,0.00,0.00,2
260089,0.003,0.000,1.002,0.061,0.000,-0.061,41.239,-4.247,50.859,0.9895,-0.0002,-0.0012,-0.1443,-0.00,0.00,0.00,0.13,94824.3,0,0.00,0.00,2
260289,0.008,-0.001,1.004,0.122,0.183,-0.000,40.586,-9.005,55.108,0.9896,-0.0001,-0.0012,-0.1436,-0.00,0.00,0.00,0.14,94824.8,0,0.00,0.00,2
260489,0.005,0.000,1.003,0.061,0.000,-0.061,39.965,-6.313,53.756,0.9901,-0.0003,-0.0016,-0.1402,-0.00,0.00,0.00,0.18,94826.6,0,0.00,0.00,2
260689,-0.000,0.002,1.004,0.122,0.000,-0.061,40.637,-6.916,53.370,0.9898,0.0001,-0.0013,-0.1425,-0.00,0.00,0.00,0.15,94826.9,0,0.00,0.00,2
260889,0.004,0.000,1.001,0.061,0.000,-0.122,42.482,-5.543,53.563,0.9901,0.0000,-0.0012,-0.1404,0.00,0.00,0.00,0.14,94824.5,0,0.00,0.00,2
261089,0.002,0.001,1.005,-0.000,-0.122,-0.061,40.533,-6.593,52.404,0.9907,0.0001,-0.0009,-0.1359,0.00,0.00,0.00,0.10,94826.4,0,0.00,0.00,2
261289,0.000,0.002,1.001,0.122,-0.061,-0.122,40.032,-8.005,51.438,0.9918,0.0002,-0.0010,-0.1280,0.00,0.00,0.00,0.12,94824.8,0,0.00,0.00,2
261489,0.004,-0.001,1.001,0.122,0.061,-0.000,41.034,-5.766,53.370,0.9916,0.0001,-0.0010,-0.1297,0.00,0.00,0.00,0.11,94819.5,0,0.00,0.00,2
261689,0.002,-0.001,1.002,0.061,0.000,-0.000,40.792,-5.734,52.597,0.9919,-0.0002,-0.0009,-0.1272,0.00,0.00,0.00,0.10,94824.1,0,0.00,0.00,2
261889,0.002,0.000,1.001,0.183,0.122,-0.061,41.188,-4.000,52.597,0.9916,-0.0000,-0.0008,-0.1297,0.00,0.00,0.00,0.09,94826.0,0,0.00,0.00,2
262089,0.004,0.000,1.000,0.122,-0.061,-0.000,39.309,-7.155,53.563,0.9918,-0.0001,-0.0011,-0.1281,0.00,-0.00,0.00,0.13,94828.9,0,0.00,0.00,2
262289,-0.000,0.000,1.001,0.061,-0.061,-0.061,40.257,-6.592,52.790,0.9905,0.0001,-0.0009,-0.1374,0.00,0.00,0.00,0.10,94824.0,0,0.00,0.00,2
262489,0.004,0.000,1.004,0.061,0.000,-0.061,40.809,-4.843,52.018,0.9920,-0.0000,-0.0011,-0.1260,0.00,0.00,0.00,0.13,94826.3,0,0.00,0.00,2
262689,0.001,-0.001,1.005,0.122,-0.061,-0.061,40.395,-6.884,52.597,0.9920,-0.0001,-0.0011,-0.1265,0.00,-0.00,0.00,0.12,94827.8,0,0.00,0.00,2
262889,0.000,0.001,1.003,0.061,0.000,-0.000,42.086,-6.693,53.563,0.9920,-0.0000,-0.0009,-0.1265,0.00,-0.00,0.00,0.10,94827.2,0,0.00,0.00,2
263089,0.005,0.000,1.000,0.122,0.000,-0.000,40.086,-6.329,54.142,0.9928,0.0000,-0.0011,-0.1201,0.00,-0.00,0.00,0.12,94829.2,0,0.00,0.00,2
263289,0.001,0.000,1.004,0.122,-0.122,-0.061,38.913,-7.137,53.563,0.9931,-0.0001,-0.0011,-0.1175,0.00,0.00,0.00,0.12,94826.4,0,0.00,0.00,2
263489,0.002,-0.000,1.004,0.061,0.000,-0.061,39.982,-4.255,53.176,0.9930,-0.0001,-0.0012,-0.1181,0.00,-0.00,0.00,0.13,94827.2,0,0.00,0.00,2
263689,0.004,-0.002,1.003,0.122,0.000,-0.061,40.120,-6.299,52.983,0.9927,-0.0004,-0.0011,-0.1208,0.00,-0.00,0.00,0.14,94828.4,0,0.00,0.00,2
263889,-0.000,0.000,1.003,0.061,0.000,-0.061,38.980,-5.910,51.245,0.9932,-0.0002,-0.0010,-0.1162,0.00,-0.00,0.00,0.12,94833.8,0,0.00,0.00,2
264089,0.002,0.000,1.000,0.061,0.000,-0.000,41.326,-5.461,52.404,0.9938,-0.0001,-0.0011,-0.1108,0.00,0.00,0.00,0.12,94825.6,0,0.00,0.00,2
264289,0.004,-0.002,1.002,0.122,0.000,-0.000,39.239,-7.970,51.438,0.9927,-0.0004,-0.0012,-0.1203,0.00,-0.00,0.00,0.14,94828.5,0,0.00,0.00,2
264489,0.001,0.000,1.001,0.122,0.000,-0.061,40.274,-7.452,52.211,0.9938,-0.0000,-0.0009,-0.1108,0.00,0.00,0.00,0.11,94826.3,0,0.00,0.00,2
264689,0.003,0.000,1.003,0.061,0.000,-0.000,38.997,-5.603,50.665,0.9940,0.0001,-0.0011,-0.1090,0.00,0.00,0.00,0.13,94826.4,0,0.00,0.00,2
264889,0.002,-0.000,1.001,0.061,-0.061,-0.000,39.034,-8.321,53.949,0.9938,0.0000,-0.0011,-0.1112,0.00,0.00,0.00,0.13,94823.8,0,0.00,0.00,2
265089,0.001,0.001,1.002,0.061,0.061,-0.061,41.585,-8.104,52.597,0.9945,-0.0000,-0.0008,-0.1046,0.00,-0.00,0.00,0.09,94827.9,0,0.00,0.00,2
265289,0.005,-0.000,1.002,0.061,0.061,-0.000,39.999,-6.283,52.597,0.9945,-0.0001,-0.0010,-0.1048,0.00,0.00,0.00,0.12,94821.9,0,0.00,0.00,2
265489,0.001,0.000,1.001,0.061,0.000,-0.000,40.412,-7.161,52.018,0.9941,-0.0001,-0.0011,-0.1083,0.00,0.00,0.00,0.12,94820.2,0,0.00,0.00,2
265689,-0.000,0.000,1.001,0.061,0.061,-0.000,39.982,-7.174,53.176,0.9940,-0.0000,-0.0009,-0.1096,0.00,0.00,0.00,0.10,94821.0,0,0.00,0.00,2
265889,0.003,-0.001,1.003,0.061,0.000,-0.061,40.395,-6.884,52.597,0.9935,-0.0002,-0.0010,-0.1143,0.00,0.00,0.00,0.11,94822.3,0,0.00,0.00,2
266089,0.001,0.002,1.005,0.061,-0.061,-0.061,39.360,-6.234,51.824,0.9930,0.0002,-0.0010,-0.1177,0.00,-0.00,0.00,0.11,94827.8,0,0.00,0.00,2
266289,0.001,0.000,1.003,0.061,0.061,0.061,40.136,-7.744,52.404,0.9931,-0.0000,-0.0010,-0.1170,0.00,0.00,0.00,0.11,94820.2,0,0.00,0.00,2
266489,-0.000,0.001,1.001,0.183,-0.061,-0.122,40.412,-7.161,52.018,0.9938,-0.0000,-0.0009,-0.1108,0.00,0.00,0.00,0.10,94823.6,0,0.00,0.00,2
266689,0.000,0.001,1.003,0.061,0.000,-0.061,41.447,-6.644,52.790,0.9939,-0.0001,-0.0009,-0.1107,0.00,0.00,0.00,0.10,94821.0,0,0.00,0.00,2
266889,0.003,0.000,1.004,0.061,0.061,-0.000,40.412,-8.329,52.018,0.9934,-0.0001,-0.0011,-0.1146,0.00,0.00,0.00,0.13,94823.0,0,0.00,0.00,2
267089,0.001,0.000,1.003,0.122,0.000,-0.061,39.774,-8.864,51.245,0.9950,0.0002,-0.0010,-0.1004,0.00,0.00,0.00,0.12,94821.0,0,0.00,0.00,2
267289,0.001,0.000,1.005,0.122,0.000,-0.061,40.775,-6.041,53.176,0.9941,0.0000,-0.0010,-0.1087,0.00,0.00,0.00,0.11,94821.7,0,0.00,0.00,2
267489,0.004,-0.000,1.003,-0.000,0.000,-0.000,42.741,-5.851,53.756,0.9934,-0.0000,-0.0011,-0.1143,0.01,0.00,0.00,0.13,94824.3,0,0.00,0.00,2
267689,0.001,0.000,1.002,0.122,0.000,-0.000,40.361,-8.082,53.756,0.9935,-0.0000,-0.0012,-0.1135,0.01,0.00,0.00,0.13,94821.7,0,0.00,0.00,2
267889,0.001,0.000,1.001,0.122,0.061,-0.000,41.413,-6.090,53.949,0.9934,0.0001,-0.0011,-0.1146,0.01,0.00,0.00,0.12,94820.3,0,0.00,0.00,2
268089,0.003,0.001,1.003,0.061,0.061,-0.061,40.499,-7.791,53.563,0.9934,0.0002,-0.0012,-0.1145,0.01,0.00,0.00,0.13,94822.2,0,0.00,0.00,2
268289,0.001,0.000,1.003,0.061,-0.061,-0.061,42.671,-4.915,51.631,0.9942,0.0000,-0.0011,-0.1076,0.01,-0.00,0.00,0.13,94825.0,0,0.00,0.00,2
268489,0.004,0.000,1.002,0.061,0.061,-0.000,39.360,-7.402,51.824,0.9940,-0.0001,-0.0012,-0.1092,0.01,-0.00,0.00,0.14,94825.6,0,0.00,0.00,2
268689,0.002,0.000,1.003,0.061,0.000,-0.000,40.103,-6.022,53.563,0.9947,-0.0002,-0.0010,-0.1030,0.01,0.00,0.00,0.12,94822.8,0,0.00,0.00,2
268889,0.001,0.000,1.003,0.061,-0.061,-0.000,41.188,-6.919,52.597,0.9948,-0.0002,-0.0010,-0.1015,0.01,-0.00,0.00,0.12,94826.3,0,0.00,0.00,2
269089,0.003,-0.001,1.004,0.061,0.000,-0.061,38.930,-6.247,52.983,0.9950,-0.0002,-0.0010,-0.0994,0.01,-0.00,0.00,0.11,94826.3,0,0.00,0.00,2
269289,0.001,-0.001,1.002,0.061,0.000,-0.061,38.997,-4.435,50.665,0.9954,-0.0002,-0.0010,-0.0959,0.00,-0.00,0.00,0.11,94826.4,0,0.00,0.00,2
269489,0.000,0.000,1.001,0.061,0.000,-0.000,39.793,-5.467,55.108,0.9949,0.0000,-0.0009,-0.1005,0.00,-0.00,0.00,0.10,94829.1,0,0.00,0.00,2
269689,0.004,0.000,1.003,0.061,0.000,-0.000,41.051,-6.627,52.790,0.9951,0.0002,-0.0009,-0.0985,0.00,0.00,0.00,0.10,94823.1,0,0.00,0.00,2
269889,0.000,0.002,1.000,0.061,-0.061,-0.061,41.067,-6.320,52.211,0.9945,0.0001,-0.0011,-0.1049,0.00,-0.00,0.00,0.13,94827.1,0,0.00,0.00,2
270089,0.002,0.000,1.000,0.061,0.061,-0.000,40.896,-6.641,53.563,0.9938,0.0001,-0.0009,-0.1110,0.00,-0.00,0.00,0.09,94827.1,0,0.00,0.00,2
270289,0.004,-0.000,1.001,0.122,-0.061,-0.061,40.637,-7.500,53.370,0.9925,-0.0002,-0.0012,-0.1219,0.00,-0.00,0.00,0.13,94825.6,0,0.00,0.00,2
270489,0.002,0.000,1.001,0.061,0.000,-0.061,40.291,-5.978,51.631,0.9930,-0.0000,-0.0012,-0.1179,0.00,-0.00,0.00,0.13,94825.9,0,0.00,0.00,2
270689,0.005,-0.001,1.004,0.122,0.061,-0.000,41.172,-5.475,53.176,0.9932,-0.0001,-0.0013,-0.1166,0.00,0.00,0.00,0.15,94824.1,0,0.00,0.00,2
270889,0.003,0.000,1.004,0.061,-0.061,-0.061,41.602,-7.798,52.018,0.9940,-0.0001,-0.0012,-0.1095,0.00,0.00,0.00,0.14,94824.6,0,0.00,0.00,2
271089,-0.000,0.001,1.002,0.061,0.061,-0.000,42.086,-4.942,53.563,0.9942,0.0001,-0.0010,-0.1075,0.00,0.00,0.00,0.12,94821.2,0,0.00,0.00,2
271289,0.003,0.000,1.000,0.061,0.000,-0.000,40.257,-5.424,52.790,0.9934,0.0000,-0.0011,-0.1145,0.00,-0.00,0.00,0.13,94828.5,0,0.00,0.00,2
271489,0.001,-0.001,1.001,0.183,-0.061,-0.061,40.809,-7.763,52.018,0.9937,0.0000,-0.0010,-0.1123,0.00,-0.00,0.00,0.11,94827.9,0,0.00,0.00,2
271689,0.001,0.000,1.001,0.122,0.000,-0.061,42.120,-6.079,52.404,0.9936,-0.0001,-0.0010,-0.1127,0.00,-0.00,0.00,0.11,94826.3,0,0.00,0.00,2
271889,0.002,0.000,1.003,0.061,0.061,-0.000,41.551,-5.215,53.756,0.9935,0.0001,-0.0010,-0.1136,0.00,0.00,0.00,0.11,94823.8,0,0.00,0.00,2
272089,0.001,0.001,1.000,0.061,-0.061,-0.000,39.999,-7.451,52.597,0.9942,0.0001,-0.0010,-0.1077,0.00,-0.00,0.00,0.12,94825.8,0,0.00,0.00,2
272289,0.001,0.001,1.003,0.061,0.000,-0.000,41.326,-6.628,52.404,0.9938,0.0002,-0.0011,-0.1113,0.00,-0.00,0.00,0.12,94828.9,0,0.00,0.00,2
272489,0.004,0.000,1.000,0.061,0.000,-0.000,40.136,-6.576,52.404,0.9948,0.0001,-0.0012,-0.1022,0.00,-0.00,0.00,0.14,94825.9,0,0.00,0.00,2
272689,0.001,-0.000,1.002,0.061,-0.061,-0.061,41.239,-7.166,50.859,0.9949,0.0001,-0.0008,-0.1005,0.00,-0.00,0.00,0.10,94828.5,0,0.00,0.00,2
272889,0.003,-0.000,1.000,0.122,0.061,-0.000,39.740,-7.726,52.404,0.9949,-0.0000,-0.0010,-0.1005,0.00,0.00,0.00,0.12,94824.6,0,0.00,0.00,2
273089,0.003,-0.001,1.004,0.122,0.000,-0.061,41.689,-7.260,53.563,0.9949,-0.0001,-0.0012,-0.1008,0.00,-0.00,0.00,0.14,94826.6,0,0.00,0.00,2
273289,0.001,0.001,1.004,0.061,-0.061,-0.061,41.585,-6.937,52.597,0.9954,0.0001,-0.0010,-0.0957,0.00,-0.00,0.00,0.12,94826.4,0,0.00,0.00,2
273489,0.003,-0.000,1.003,0.061,-0.061,-0.061,40.913,-5.750,52.983,0.9952,-0.0001,-0.0010,-0.0978,0.00,0.00,0.00,0.12,94825.9,0,0.00,0.00,2
273689,-0.000,-0.001,1.004,0.122,0.000,-0.061,39.895,-5.960,51.631,0.9954,-0.0002,-0.0009,-0.0958,0.00,0.00,0.00,0.11,94825.6,0,0.00,0.00,2
273889,0.001,0.001,1.001,0.061,0.000,-0.061,41.309,-9.271,52.983,0.9956,-0.0002,-0.0009,-0.0941,0.00,-0.00,0.00,0.11,94829.9,0,0.00,0.00,2
274089,0.005,-0.001,1.000,0.122,0.061,-0.000,41.084,-7.180,51.631,0.9953,-0.0001,-0.0011,-0.0971,0.00,-0.00,0.00,0.12,94826.6,0,0.00,0.00,2
274289,-0.000,0.001,1.002,0.061,0.000,-0.000,42.879,-7.312,53.563,0.9952,0.0001,-0.0009,-0.0983,0.00,0.00,0.00,0.10,94825.0,0,0.00,0.00,2
274489,0.003,-0.000,1.003,0.061,0.122,-0.000,41.188,-7.503,52.597,0.9953,-0.0000,-0.0010,-0.0970,0.00,0.00,0.00,0.11,94825.6,0,0.00,0.00,2
274689,0.001,-0.000,1.004,-0.000,0.000,-0.000,39.774,-5.361,51.245,0.9954,-0.0001,-0.0010,-0.0962,0.00,0.00,0.00,0.11,94823.0,0,0.00,0.00,2
274889,0.002,0.000,1.004,0.122,0.000,-0.061,40.792,-6.318,52.597,0.9954,0.0000,-0.0011,-0.0959,0.00,0.00,0.00,0.13,94825.1,0,0.00,0.00,2
275089,0.004,0.001,1.001,0.061,-0.061,-0.122,41.101,-5.122,51.052,0.9955,0.0000,-0.0012,-0.0947,0.00,-0.00,0.00,0.13,94826.9,0,0.00,0.00,2
275289,0.003,0.000,1.004,0.061,-0.122,-0.000,40.896,-7.808,53.563,0.9957,0.0001,-0.0010,-0.0930,0.00,0.00,0.00,0.11,94823.6,0,0.00,0.00,2
275489,0.001,0.001,1.001,0.122,0.000,0.061,41.067,-6.904,52.211,0.9953,0.0000,-0.0009,-0.0964,0.00,0.00,0.00,0.10,94821.7,0,0.00,0.00,2
275689,0.003,-0.000,1.002,0.122,-0.061,-0.000,41.965,-6.677,53.176,0.9951,0.0001,-0.0009,-0.0989,0.00,-0.00,0.00,0.10,94825.8,0,0.00,0.00,2
275889,0.002,0.000,1.004,0.122,-0.061,-0.061,40.809,-6.595,52.018,0.9954,0.0000,-0.0008,-0.0961,0.00,-0.00,0.00,0.09,94827.9,0,0.00,0.00,2
276089,0.000,-0.000,1.002,0.122,0.000,-0.000,40.378,-7.775,53.176,0.9953,0.0000,-0.0009,-0.0972,0.00,0.00,0.00,0.10,94823.6,0,0.00,0.00,2
276289,0.005,-0.003,1.002,0.122,0.000,-0.000,40.550,-5.119,51.824,0.9955,-0.0003,-0.0010,-0.0952,0.00,0.00,0.00,0.12,94823.8,0,0.00,0.00,2
276489,0.002,0.000,1.003,0.061,0.000,-0.000,40.120,-8.051,52.983,0.9956,-0.0002,-0.0011,-0.0940,0.00,0.00,0.00,0.12,94823.3,0,0.00,0.00,2
276689,0.001,0.002,1.002,0.122,-0.122,-0.000,39.999,-8.619,52.597,0.9951,0.0001,-0.0011,-0.0987,0.00,0.00,0.00,0.13,94821.0,0,0.00,0.00,2
276889,0.000,0.002,1.001,0.061,0.000,-0.061,42.136,-8.108,51.824,0.9950,0.0000,-0.0009,-0.0994,0.00,0.00,0.00,0.11,94823.6,0,0.00,0.00,2
277089,-0.001,0.002,1.000,0.122,0.000,-0.000,39.619,-7.710,52.018,0.9955,0.0001,-0.0008,-0.0946,0.00,-0.00,0.00,0.09,94826.3,0,0.00,0.00,2
277289,0.002,0.000,1.002,0.061,0.000,-0.000,38.722,-6.769,51.052,0.9945,-0.0000,-0.0009,-0.1051,0.00,0.00,0.00,0.10,94821.7,0,0.00,0.00,2
277489,0.002,-0.000,1.003,0.122,0.061,-0.061,40.120,-6.299,52.983,0.9949,-0.0000,-0.0010,-0.1013,0.00,-0.00,0.00,0.11,94827.1,0,0.00,0.00,2
277689,0.000,-0.000,1.004,0.122,-0.061,-0.061,39.999,-5.116,52.597,0.9956,0.0001,-0.0011,-0.0940,0.00,-0.00,0.00,0.12,94825.9,0,0.00,0.00,2
277889,0.003,-0.001,1.001,0.061,0.000,-0.061,38.792,-8.873,53.176,0.9948,0.0002,-0.0010,-0.1022,0.00,0.00,0.00,0.11,94825.1,0,0.00,0.00,2
278089,0.001,0.000,1.003,0.122,0.000,-0.000,42.120,-6.079,52.404,0.9943,0.0000,-0.0009,-0.1062,0.00,-0.00,0.00,0.10,94831.2,0,0.00,0.00,2
278289,0.001,0.001,1.004,0.061,0.061,-0.061,41.430,-6.951,53.370,0.9943,-0.0001,-0.0009,-0.1069,0.00,0.00,0.00,0.10,94823.6,0,0.00,0.00,2
278489,0.003,0.000,1.003,0.122,0.000,-0.000,39.636,-7.403,51.438,0.9936,-0.0001,-0.0010,-0.1128,0.00,-0.00,0.00,0.11,94829.6,0,0.00,0.00,2
278689,0.001,0.001,1.001,0.061,0.000,-0.061,39.861,-9.494,52.790,0.9930,0.0001,-0.0009,-0.1177,0.00,-0.00,0.00,0.10,94827.1,0,0.00,0.00,2
278889,0.003,0.001,1.000,0.122,-0.061,-0.000,39.222,-7.693,52.018,0.9937,0.0002,-0.0010,-0.1123,0.00,-0.00,0.00,0.11,94831.3,0,0.00,0.00,2
279089,0.003,-0.001,1.002,0.122,0.000,-0.000,40.170,-5.962,51.245,0.9937,-0.0000,-0.0011,-0.1120,0.00,0.00,0.00,0.12,94822.5,0,0.00,0.00,2
279289,-0.000,0.001,1.001,-0.000,0.061,-0.000,40.654,-6.609,52.790,0.9930,-0.0001,-0.0009,-0.1179,0.00,-0.00,0.00,0.10,94827.2,0,0.00,0.00,2
279489,0.004,0.000,1.003,0.122,0.000,-0.061,40.274,-7.452,52.211,0.9929,-0.0000,-0.0012,-0.1193,0.00,0.00,0.00,0.13,94824.3,0,0.00,0.00,2
279689,-0.000,0.002,1.009,0.061,0.000,-0.061,39.447,-6.864,53.370,0.9929,-0.0000,-0.0010,-0.1188,0.00,0.00,0.00,0.12,94821.0,0,0.00,0.00,2
279889,-0.000,0.001,1.000,0.122,-0.061,-0.061,41.723,-6.062,52.404,0.9925,-0.0002,-0.0011,-0.1219,0.00,-0.00,0.00,0.13,94826.4,0,0.00,0.00,2
280089,0.004,0.001,1.001,0.122,-0.122,-0.061,40.550,-8.038,51.824,0.9904,0.0001,-0.0013,-0.1382,0.00,0.00,0.00,0.14,94823.8,0,0.00,0.00,2
280289,0.001,0.001,1.003,0.061,-0.061,-0.061,41.498,-5.139,51.052,0.9902,-0.0001,-0.0011,-0.1397,0.00,0.00,0.00,0.12,94823.0,0,0.00,0.00,2
280489,0.003,0.001,1.002,-0.000,0.122,-0.000,41.309,-7.519,52.983,0.9902,-0.0001,-0.0011,-0.1397,0.01,0.00,0.00,0.13,94821.7,0,0.00,0.00,2
280689,0.004,-0.001,1.003,0.122,0.000,-0.000,41.844,-6.078,52.790,0.9899,-0.0001,-0.0012,-0.1421,0.01,0.00,0.00,0.13,94823.3,0,0.00,0.00,2
280889,0.001,0.000,1.000,0.122,0.000,-0.061,40.947,-7.472,51.824,0.9895,-0.0001,-0.0009,-0.1447,0.01,0.00,0.00,0.10,94823.8,0,0.00,0.00,2
281089,0.001,0.001,1.003,0.061,-0.061,-0.061,42.103,-8.722,52.983,0.9904,0.0003,-0.0009,-0.1382,0.01,-0.00,0.00,0.11,94824.5,0,0.00,0.00,2
281289,0.004,0.000,1.001,0.122,0.000,-0.000,39.222,-6.525,52.018,0.9912,0.0003,-0.0011,-0.1327,0.01,-0.00,0.00,0.13,94825.0,0,0.00,0.00,2
281489,-0.000,0.000,1.001,0.061,-0.061,-0.061,40.257,-7.176,52.790,0.9919,0.0000,-0.0009,-0.1272,0.01,-0.00,0.00,0.10,94828.4,0,0.00,0.00,2
281689,0.003,0.000,1.001,0.122,-0.061,-0.000,39.619,-5.959,52.018,0.9916,0.0001,-0.0011,-0.1292,0.01,0.00,0.00,0.13,94824.3,0,0.00,0.00,2
281889,0.002,0.000,0.998,0.061,0.061,0.061,39.377,-5.927,51.245,0.9916,-0.0000,-0.0011,-0.1295,0.00,-0.00,0.00,0.13,94829.1,0,0.00,0.00,2
282089,0.001,0.000,1.002,0.122,0.000,-0.000,40.533,-6.010,52.404,0.9921,0.0001,-0.0008,-0.1252,0.00,0.00,0.00,0.09,94821.7,0,0.00,0.00,2
282289,0.003,0.000,1.003,0.061,-0.061,-0.061,40.120,-7.467,52.983,0.9923,0.0002,-0.0009,-0.1238,0.01,0.00,0.00,0.10,94822.5,0,0.00,0.00,2
282489,0.000,0.001,1.005,0.122,-0.122,-0.061,40.378,-4.856,53.176,0.9918,0.0001,-0.0012,-0.1278,0.01,0.00,0.00,0.14,94820.3,0,0.00,0.00,2
282689,0.002,0.002,1.002,-0.000,-0.061,-0.000,39.757,-5.668,51.824,0.9920,0.0001,-0.0011,-0.1259,0.01,0.00,0.00,0.12,94823.1,0,0.00,0.00,2
282889,0.002,0.000,1.004,0.061,0.061,-0.000,41.861,-3.435,52.211,0.9911,0.0002,-0.0011,-0.1329,0.01,0.00,0.00,0.13,94823.6,0,0.00,0.00,2
283089,0.002,0.001,1.002,0.122,-0.061,-0.000,41.377,-5.124,50.665,0.9907,0.0002,-0.0010,-0.1364,0.01,-0.00,0.00,0.12,94825.0,0,0.00,0.00,2
283289,0.004,-0.001,1.003,-0.000,0.000,-0.000,40.325,-7.116,50.472,0.9907,0.0001,-0.0011,-0.1357,0.01,0.00,0.00,0.13,94824.3,0,0.00,0.00,2
283489,0.003,-0.001,1.004,0.061,0.000,-0.000,41.205,-6.029,52.018,0.9916,0.0001,-0.0009,-0.1290,0.01,0.00,0.00,0.10,94824.5,0,0.00,0.00,2
283689,-0.000,-0.000,1.000,0.061,0.000,0.061,39.619,-8.294,52.018,0.9925,0.0000,-0.0009,-0.1224,0.01,0.00,0.00,0.10,94822.2,0,0.00,0.00,2
283889,0.003,0.000,1.000,0.061,-0.061,-0.000,40.654,-6.025,52.790,0.9936,0.0002,-0.0008,-0.1132,0.01,-0.00,0.00,0.10,94826.3,0,0.00,0.00,2
284089,0.002,0.000,1.000,0.122,0.000,-0.061,39.945,-7.375,49.893,0.9936,0.0002,-0.0008,-0.1125,0.00,0.00,0.00,0.09,94824.3,0,0.00,0.00,2
284289,-0.000,-0.000,1.002,-0.000,0.000,-0.061,41.326,-6.044,52.404,0.9941,0.0000,-0.0008,-0.1086,0.00,0.00,0.00,0.09,94823.9,0,0.00,0.00,2
284489,0.004,-0.000,1.003,0.061,0.000,-0.061,40.913,-5.750,52.983,0.9928,-0.0001,-0.0010,-0.1195,0.00,-0.00,0.00,0.11,94825.2,0,0.00,0.00,2
284689,-0.000,0.001,1.002,0.061,-0.122,-0.061,40.533,-3.674,52.404,0.9929,0.0002,-0.0010,-0.1190,0.00,-0.00,0.00,0.11,94825.9,0,0.00,0.00,2
284889,0.002,0.000,1.002,0.122,0.061,0.061,40.429,-5.103,51.438,0.9923,0.0002,-0.0007,-0.1236,0.00,0.00,0.00,0.08,94822.3,0,0.00,0.00,2
285089,0.004,0.000,1.003,0.061,-0.061,-0.000,42.499,-6.404,52.983,0.9923,-0.0000,-0.0010,-0.1239,0.00,0.00,0.00,0.12,94824.3,0,0.00,0.00,2
285289,0.000,0.001,1.002,0.061,0.000,-0.000,41.602,-7.214,52.018,0.9932,-0.0001,-0.0010,-0.1167,0.00,0.00,0.00,0.12,94825.1,0,0.00,0.00,2
285489,0.002,0.001,1.003,0.061,0.061,-0.061,39.895,-5.960,51.631,0.9933,-0.0000,-0.0009,-0.1156,0.00,0.00,0.00,0.10,94823.6,0,0.00,0.00,2
285689,0.003,0.000,1.002,0.061,0.061,-0.000,40.550,-6.870,51.824,0.9936,0.0000,-0.0009,-0.1131,0.00,0.00,0.00,0.11,94823.6,0,0.00,0.00,2
285889,0.001,-0.000,1.000,0.061,0.061,-0.000,41.205,-8.364,52.018,0.9935,0.0001,-0.0010,-0.1139,0.00,-0.00,0.00,0.12,94827.8,0,0.00,0.00,2
286089,0.002,0.000,1.006,0.061,0.000,-0.061,40.809,-7.179,52.018,0.9935,0.0001,-0.0008,-0.1138,0.00,-0.00,0.00,0.08,94829.7,0,0.00,0.00,2
286289,0.001,0.000,1.004,0.122,-0.061,-0.061,39.498,-7.111,51.631,0.9946,0.0000,-0.0009,-0.1042,0.00,-0.00,0.00,0.10,94826.8,0,0.00,0.00,2
286489,0.001,0.000,1.002,0.061,0.061,-0.061,39.326,-7.432,52.983,0.9943,0.0001,-0.0008,-0.1068,0.00,-0.00,0.00,0.09,94827.1,0,0.00,0.00,2
286689,0.004,-0.001,1.002,0.061,0.000,0.061,40.654,-7.777,52.790,0.9947,-0.0000,-0.0010,-0.1031,0.00,-0.00,0.00,0.11,94826.3,0,0.00,0.00,2
286889,0.001,0.000,1.002,0.183,0.000,-0.000,42.049,-6.310,50.279,0.9953,0.0000,-0.0010,-0.0973,0.00,-0.00,0.00,0.12,94830.2,0,0.00,0.00,2
287089,0.002,0.001,1.000,0.061,0.061,0.061,41.619,-8.074,51.438,0.9951,0.0002,-0.0009,-0.0985,0.00,0.00,0.00,0.11,94825.1,0,0.00,0.00,2
287289,0.001,-0.003,1.004,0.061,-0.061,-0.061,40.913,-7.502,52.983,0.9947,-0.0000,-0.0008,-0.1032,0.00,-0.00,0.00,0.09,94828.4,0,0.00,0.00,2
287489,-0.002,0.001,1.003,0.122,-0.061,-0.000,41.084,-7.180,51.631,0.9955,0.0001,-0.0007,-0.0951,0.00,-0.00,0.00,0.08,94827.1,0,0.00,0.00,2
287689,0.001,0.000,1.006,0.122,0.061,-0.000,40.809,-6.011,52.018,0.9952,0.0001,-0.0007,-0.0980,0.00,0.00,0.00,0.08,94823.5,0,0.00,0.00,2
287889,0.003,-0.000,1.006,0.061,-0.061,-0.000,40.325,-7.116,50.472,0.9957,0.0001,-0.0010,-0.0926,0.00,-0.00,0.00,0.11,94825.8,0,0.00,0.00,2
288089,-0.001,-0.001,1.001,0.061,0.000,-0.061,40.671,-5.718,52.211,0.9965,-0.0000,-0.0006,-0.0834,0.00,0.00,0.00,0.07,94823.0,0,0.00,0.00,2
288289,0.002,-0.000,1.003,-0.000,0.000,-0.061,40.688,-7.747,51.631,0.9964,-0.0000,-0.0008,-0.0846,0.00,0.00,0.00,0.08,94823.6,0,0.00,0.00,2
288489,0.000,0.001,1.002,0.122,-0.061,-0.061,41.413,-8.426,53.949,0.9963,0.0002,-0.0009,-0.0858,0.00,-0.00,0.00,0.11,94825.5,0,0.00,0.00,2
288689,0.002,0.000,1.001,0.061,-0.061,-0.000,40.308,-5.087,51.052,0.9962,0.0002,-0.0009,-0.0872,0.00,0.00,0.00,0.10,94823.2,0,0.00,0.00,2
288889,0.003,-0.001,1.003,0.061,0.000,-0.000,39.101,-7.677,51.631,0.9964,0.0001,-0.0009,-0.0851,0.00,-0.00,0.00,0.10,94826.8,0,0.00,0.00,2
289089,-0.000,-0.000,1.002,0.122,0.000,-0.061,41.051,-7.794,52.790,0.9972,0.0000,-0.0009,-0.0754,0.00,-0.00,0.00,0.11,94825.8,0,0.00,0.00,2
289289,0.001,0.001,1.003,0.061,0.061,-0.000,39.481,-7.418,52.211,0.9970,0.0001,-0.0010,-0.0773,0.00,-0.00,0.00,0.11,94827.6,0,0.00,0.00,2
289489,0.002,0.000,1.002,-0.000,0.000,-0.000,39.911,-6.821,51.052,0.9972,0.0000,-0.0010,-0.0746,0.00,-0.00,0.00,0.11,94826.6,0,0.00,0.00,2
289689,0.000,0.001,1.002,0.061,-0.122,-0.061,38.308,-7.058,51.631,0.9971,0.0000,-0.0009,-0.0755,0.00,0.00,0.00,0.10,94823.6,0,0.00,0.00,2
289889,0.001,0.000,1.002,0.122,0.000,-0.061,40.136,-6.576,52.404,0.9972,0.0002,-0.0009,-0.0742,0.00,-0.00,0.00,0.10,94828.9,0,0.00,0.00,2
290089,0.003,0.001,1.004,0.183,-0.061,-0.061,40.015,-5.392,52.018,0.9979,0.0003,-0.0010,-0.0651,0.00,0.00,0.00,0.11,94825.6,0,0.00,0.00,2
290289,0.000,0.001,1.003,0.061,0.000,-0.061,39.878,-6.267,52.211,0.9980,0.0002,-0.0009,-0.0624,0.00,0.00,0.00,0.11,94825.6,0,0.00,0.00,2
290489,0.005,0.000,1.002,0.122,-0.061,-0.061,39.878,-3.932,52.211,0.9975,0.0000,-0.0011,-0.0708,0.00,-0.00,0.00,0.12,94826.9,0,0.00,0.00,2
290689,0.002,0.000,1.002,0.061,0.000,-0.061,41.172,-4.307,53.176,0.9977,0.0002,-0.0010,-0.0671,0.00,0.00,0.00,0.11,94823.5,0,0.00,0.00,2
290889,-0.000,-0.000,1.004,0.122,-0.061,0.061,39.861,-6.574,52.790,0.9977,0.0001,-0.0009,-0.0673,0.00,0.00,0.00,0.10,94823.0,0,0.00,0.00,2
291089,0.002,0.000,1.003,0.061,-0.122,0.061,39.498,-8.862,51.631,0.9974,0.0001,-0.0010,-0.0715,0.00,-0.00,0.00,0.12,94826.4,0,0.00,0.00,2
291289,-0.000,0.002,1.004,0.122,0.061,-0.061,40.136,-8.911,52.404,0.9973,0.0002,-0.0009,-0.0732,0.00,0.00,0.00,0.10,94824.1,0,0.00,0.00,2
291489,0.002,-0.001,1.003,0.122,0.061,-0.122,39.515,-6.804,51.052,0.9971,0.0000,-0.0009,-0.0762,0.00,0.00,0.00,0.11,94823.6,0,0.00,0.00,2
291689,0.003,-0.000,1.002,0.122,0.000,-0.061,40.963,-5.997,51.245,0.9978,0.0000,-0.0009,-0.0664,0.00,0.00,0.00,0.10,94826.1,0,0.00,0.00,2
291889,-0.000,0.001,1.002,0.061,0.000,-0.000,42.136,-6.940,51.824,0.9977,0.0002,-0.0009,-0.0674,0.00,0.00,0.00,0.10,94825.0,0,0.00,0.00,2
292089,0.003,0.000,1.003,0.061,0.122,-0.000,40.412,-8.329,52.018,0.9978,0.0001,-0.0009,-0.0670,0.00,-0.00,0.00,0.10,94828.2,0,0.00,0.00,2
292289,0.002,0.000,1.004,0.061,-0.061,-0.061,41.051,-7.794,52.790,0.9979,0.0002,-0.0011,-0.0646,0.00,-0.00,0.00,0.12,94829.1,0,0.00,0.00,2
292489,-0.001,0.001,1.001,0.122,0.000,-0.061,42.516,-7.264,52.404,0.9984,0.0001,-0.0008,-0.0573,0.00,0.00,0.00,0.10,94822.2,0,0.00,0.00,2
292689,0.003,-0.001,1.001,0.061,0.061,-0.000,40.671,-3.967,52.211,0.9981,-0.0000,-0.0009,-0.0622,0.00,0.00,0.00,0.10,94821.3,0,0.00,0.00,2
292889,0.001,0.000,1.003,0.061,-0.061,-0.000,39.343,-7.709,52.404,0.9982,0.0001,-0.0008,-0.0606,0.00,0.00,0.00,0.09,94824.8,0,0.00,0.00,2
293089,0.001,0.001,1.003,0.061,0.000,-0.000,40.637,-5.748,53.370,0.9974,-0.0001,-0.0010,-0.0717,0.00,0.00,0.00,0.11,94825.0,0,0.00,0.00,2
293289,0.003,-0.000,1.003,0.122,0.061,-0.000,40.930,-6.611,52.404,0.9977,0.0000,-0.0009,-0.0683,0.00,-0.00,0.00,0.10,94826.8,0,0.00,0.00,2
293489,0.000,0.000,1.001,0.122,-0.061,-0.061,40.240,-5.731,53.370,0.9977,0.0001,-0.0010,-0.0678,0.00,0.00,0.00,0.10,94825.0,0,0.00,0.00,2
293689,0.002,0.000,1.002,0.061,0.000,-0.000,40.274,-8.036,52.211,0.9973,0.0000,-0.0008,-0.0729,0.00,-0.00,0.00,0.09,94831.5,0,0.00,0.00,2
293889,0.003,0.000,1.001,0.122,0.061,-0.061,38.980,-6.494,51.245,0.9972,0.0001,-0.0011,-0.0748,0.00,0.00,0.00,0.13,94825.5,0,0.00,0.00,2
294089,0.000,0.000,1.003,0.122,0.000,-0.061,39.670,-8.541,50.279,0.9974,0.0001,-0.0011,-0.0722,0.00,0.00,0.00,0.12,94822.2,0,0.00,0.00,2
294289,0.003,-0.001,1.003,0.061,0.000,-0.122,40.153,-6.853,51.824,0.9976,0.0000,-0.0012,-0.0696,0.00,-0.00,0.00,0.14,94827.9,0,0.00,0.00,2
294489,0.003,-0.000,1.002,0.122,0.000,-0.061,39.723,-8.033,52.983,0.9978,-0.0001,-0.0013,-0.0668,0.00,-0.00,0.00,0.15,94828.1,0,0.00,0.00,2
294689,0.001,0.001,1.004,0.122,-0.061,-0.000,37.911,-5.289,51.631,0.9980,0.0000,-0.0011,-0.0630,0.00,0.00,0.00,0.12,94825.0,0,0.00,0.00,2
294889,0.004,-0.000,1.002,0.061,-0.061,-0.000,39.740,-5.975,52.404,0.9981,0.0000,-0.0013,-0.0611,0.00,0.00,0.00,0.15,94822.8,0,0.00,0.00,2
295089,0.003,-0.002,1.006,0.061,-0.061,-0.061,40.257,-4.840,52.790,0.9979,-0.0002,-0.0010,-0.0641,0.00,0.00,0.00,0.11,94825.6,0,0.00,0.00,2
295289,-0.001,0.001,1.002,0.061,0.000,-0.000,40.930,-7.778,52.404,0.9984,-0.0000,-0.0009,-0.0570,0.00,-0.00,0.00,0.09,94829.6,0,0.00,0.00,2
295489,0.002,0.000,1.003,0.122,0.000,-0.061,40.136,-6.576,52.404,0.9984,0.0001,-0.0011,-0.0571,0.00,0.00,0.00,0.13,94825.0,0,0.00,0.00,2
295689,0.003,-0.000,1.005,0.061,0.000,-0.061,41.034,-8.101,53.370,0.9985,0.0002,-0.0010,-0.0551,0.00,-0.00,0.00,0.11,94828.2,0,0.00,0.00,2
295889,0.004,-0.000,1.001,0.122,0.000,-0.061,40.758,-7.516,53.756,0.9986,0.0001,-0.0010,-0.0520,0.00,0.00,0.00,0.11,94822.0,0,0.00,0.00,2
296089,0.004,0.001,0.999,0.061,0.000,-0.000,40.654,-6.609,52.790,0.9987,0.0001,-0.0012,-0.0517,0.00,0.00,0.00,0.14,94825.6,0,0.00,0.00,2
296289,0.000,0.000,1.002,-0.000,-0.122,-0.000,42.741,-8.187,53.756,0.9985,-0.0002,-0.0012,-0.0555,0.00,-0.00,0.00,0.13,94831.5,0,0.00,0.00,2
296489,0.002,-0.001,1.001,0.061,0.061,-0.061,40.274,-6.285,52.211,0.9981,-0.0002,-0.0012,-0.0615,0.00,-0.00,0.00,0.13,94828.4,0,0.00,0.00,2
296689,0.002,0.000,1.001,0.061,-0.061,-0.000,41.861,-5.771,52.211,0.9982,-0.0001,-0.0010,-0.0607,0.00,0.00,0.00,0.11,94821.0,0,0.00,0.00,2
296889,-0.001,-0.001,1.004,0.061,-0.061,-0.000,39.222,-5.358,52.018,0.9987,-0.0001,-0.0010,-0.0507,0.00,0.00,0.00,0.11,94825.8,0,0.00,0.00,2
297089,0.005,-0.000,1.005,0.061,0.061,-0.061,40.809,-8.346,52.018,0.9992,0.0001,-0.0011,-0.0412,0.00,0.00,0.00,0.13,94824.3,0,0.00,0.00,2
297289,0.001,0.001,1.000,0.122,-0.061,-0.061,41.326,-8.964,52.404,0.9994,0.0001,-0.0011,-0.0360,0.00,0.00,0.00,0.13,94822.8,0,0.00,0.00,2
297489,0.001,0.000,1.001,0.122,-0.122,-0.061,40.671,-6.886,52.211,0.9996,0.0000,-0.0011,-0.0285,0.00,-0.00,0.00,0.12,94829.1,0,0.00,0.00,2
297689,0.004,-0.000,1.003,0.122,-0.061,-0.000,41.205,-7.196,52.018,0.9997,0.0001,-0.0011,-0.0252,0.00,0.00,0.00,0.13,94825.0,0,0.00,0.00,2
297889,0.000,0.003,1.003,0.061,0.000,-0.000,40.412,-5.994,52.018,0.9997,0.0004,-0.0012,-0.0261,0.00,0.00,0.00,0.14,94822.5,0,0.00,0.00,2
298089,0.003,0.000,1.004,0.122,0.000,-0.061,40.533,-7.761,52.404,0.9997,0.0003,-0.0009,-0.0251,0.00,-0.00,0.00,0.11,94827.8,0,0.00,0.00,2
