Time[ms],AccX[g],AccY[g],AccZ[g],GyroX[°/s],GyroY[°/s],GyroZ[°/s],MagX[uT],MagY[uT],MagZ[uT],qW,qX,qY,qZ,AltFilt[m],VelFilt[m/s],AccVert[m/s^2],Tilt[°],PressBMP[Pa],Servo[%],PID_Gain,Cd_Gain,Estado
5241,0.028,0.020,0.988,0.000,-0.183,0.000,0.000,0.000,0.000,1.0000,0.0000,0.0000,0.0000,-0.02,0.00,0.00,0.00,92720.8,0,0.00,0.00,2
5251,0.026,0.022,0.990,0.000,-0.244,0.000,0.000,0.000,0.000,1.0000,0.0000,0.0000,0.0000,0.00,0.00,0.00,0.00,92720.8,0,0.00,0.00,2
5271,0.028,0.022,0.992,-0.061,-0.305,-0.061,0.000,0.000,0.000,1.0000,0.0000,0.0000,0.0000,-0.03,-0.00,0.00,0.00,92726.2,0,0.00,0.00,2
5291,0.027,0.021,0.984,-0.122,-0.183,0.061,0.000,0.000,0.000,1.0000,0.0000,0.0000,0.0000,-0.06,-0.00,0.00,0.00,92725.2,0,0.00,0.00,2
5311,0.027,0.022,0.990,-0.061,-0.122,0.061,0.000,0.000,0.000,1.0000,0.0000,0.0000,0.0000,-0.03,0.00,0.00,0.00,92720.0,0,0.00,0.00,2
5331,0.028,0.023,0.991,-0.061,-0.122,0.000,0.000,0.000,0.000,1.0000,0.0000,0.0000,0.0000,-0.03,-0.00,0.00,0.00,92723.3,0,0.00,0.00,2
5351,0.028,0.022,0.987,-0.122,-0.183,0.000,0.000,0.000,0.000,1.0000,0.0000,0.0000,0.0000,-0.05,-0.00,0.00,0.00,92725.7,0,0.00,0.00,2
5371,0.027,0.021,0.990,0.000,-0.183,0.000,0.000,0.000,0.000,1.0000,0.0000,0.0000,0.0000,-0.06,-0.00,0.00,0.00,92724.0,0,0.00,0.00,2
5391,0.025,0.022,0.990,-0.122,-0.183,-0.061,0.000,0.000,0.000,1.0000,0.0000,0.0000,0.0000,-0.04,0.00,0.00,0.00,92720.1,0,0.00,0.00,2
5411,0.027,0.023,0.987,-0.122,-0.183,-0.061,0.000,0.000,0.000,1.0000,0.0000,0.0000,0.0000,-0.03,0.00,0.00,0.00,92722.2,0,0.00,0.00,2
5431,0.026,0.022,0.986,-0.061,-0.183,0.000,0.000,0.000,0.000,1.0000,0.0000,0.0000,0.0000,-0.04,-0.00,0.00,0.00,92724.8,0,0.00,0.00,2
5451,0.026,0.021,0.988,-0.061,-0.122,0.061,0.000,0.000,0.000,1.0000,0.0000,0.0000,0.0000,-0.06,-0.00,0.00,0.00,92725.4,0,0.00,0.00,2
5471,0.027,0.022,0.989,-0.061,-0.122,0.000,0.000,0.000,0.000,1.0000,0.0000,0.0000,0.0000,-0.06,-0.00,0.00,0.00,92723.4,0,0.00,0.00,2
5491,0.029,0.024,0.989,-0.122,-0.244,0.000,0.000,0.000,0.000,1.0000,0.0000,0.0000,0.0000,-0.07,-0.00,0.00,0.00,92725.4,0,0.00,0.00,2
5511,0.027,0.024,0.990,-0.061,-0.183,0.061,0.000,0.000,0.000,1.0000,0.0000,0.0000,0.0000,-0.07,-0.00,0.00,0.00,92724.6,0,0.00,0.00,2
5531,0.027,0.022,0.991,-0.122,-0.183,0.000,0.000,0.000,0.000,1.0000,0.0000,0.0000,0.0000,-0.10,-0.00,0.00,0.00,92729.3,0,0.00,0.00,2
5551,0.028,0.023,0.990,-0.061,-0.183,0.000,0.000,0.000,0.000,1.0000,0.0000,0.0000,0.0000,-0.10,-0.00,0.00,0.00,92724.7,0,0.00,0.00,2
5571,0.029,0.023,0.987,0.000,-0.183,-0.061,0.000,0.000,0.000,1.0000,0.0000,0.0000,0.0000,-0.10,-0.00,0.00,0.00,92723.9,0,0.00,0.00,2
5591,0.027,0.021,0.988,-0.061,-0.122,-0.061,0.000,0.000,0.000,1.0000,0.0000,0.0000,0.0000,-0.09,0.00,0.00,0.00,92722.1,0,0.00,0.00,2
5611,0.026,0.021,0.990,-0.122,-0.244,-0.061,0.000,0.000,0.000,1.0000,0.0000,0.0000,0.0000,-0.10,-0.00,0.00,0.00,92725.9,0,0.00,0.00,2
5631,0.028,0.024,0.991,-0.061,-0.244,-0.122,0.000,0.000,0.000,1.0000,0.0000,0.0000,0.0000,-0.09,0.00,0.00,0.00,92719.8,0,0.00,0.00,2
5651,0.028,0.021,0.987,-0.122,-0.183,0.061,0.000,0.000,0.000,1.0000,0.0000,0.0000,0.0000,-0.08,0.00,0.00,0.00,92720.8,0,0.00,0.00,2
5671,0.028,0.023,0.993,-0.061,-0.183,0.061,0.000,0.000,0.000,1.0000,0.0000,0.0000,0.0000,-0.07,0.00,0.00,0.00,92721.5,0,0.00,0.00,2
5691,0.026,0.021,0.984,-0.122,-0.122,-0.061,0.000,0.000,0.000,1.0000,0.0000,0.0000,0.0000,-0.07,-0.00,0.00,0.00,92724.0,0,0.00,0.00,2
5711,0.028,0.023,0.988,-0.122,-0.244,0.000,0.000,0.000,0.000,1.0000,0.0000,0.0000,0.0000,-0.08,-0.00,0.00,0.00,92725.4,0,0.00,0.00,2
5731,0.027,0.020,0.989,-0.061,-0.183,0.000,0.000,0.000,0.000,1.0000,0.0000,0.0000,0.0000,-0.08,0.00,0.00,0.00,92723.5,0,0.00,0.00,2
5751,0.029,0.022,0.987,-0.122,-0.122,0.000,0.000,0.000,0.000,1.0000,0.0000,0.0000,0.0000,-0.08,-0.00,0.00,0.00,92723.9,0,0.00,0.00,2
5771,0.026,0.022,0.988,-0.061,-0.183,-0.061,0.000,0.000,0.000,1.0000,0.0000,0.0000,0.0000,-0.07,0.00,0.00,0.00,92720.5,0,0.00,0.00,2
5791,0.028,0.023,0.989,-0.122,-0.183,-0.061,0.000,0.000,0.000,1.0000,0.0000,0.0000,0.0000,-0.06,0.00,0.00,0.00,92720.9,0,0.00,0.00,2
5811,0.028,0.022,0.993,-0.061,-0.183,0.061,0.000,0.000,0.000,1.0000,0.0000,0.0000,0.0000,-0.07,-0.00,0.00,0.00,92724.7,0,0.00,0.00,2
5831,0.027,0.021,0.989,-0.061,-0.122,-0.061,0.000,0.000,0.000,1.0000,0.0000,0.0000,0.0000,-0.07,-0.00,0.00,0.00,92724.0,0,0.00,0.00,2
5851,0.026,0.022,0.988,-0.122,-0.183,-0.061,0.000,0.000,0.000,1.0000,0.0000,0.0000,0.0000,-0.07,0.00,0.00,0.00,92723.3,0,0.00,0.00,2
5871,0.027,0.022,0.989,-0.061,-0.244,0.000,0.000,0.000,0.000,1.0000,0.0000,0.0000,0.0000,-0.07,0.00,0.00,0.00,92722.7,0,0.00,0.00,2
5891,0.028,0.021,0.990,-0.061,-0.183,0.000,0.000,0.000,0.000,1.0000,0.0000,0.0000,0.0000,-0.06,0.00,0.00,0.00,92719.8,0,0.00,0.00,2
5911,0.026,0.022,0.991,-0.122,-0.183,0.000,0.000,0.000,0.000,1.0000,0.0000,0.0000,0.0000,-0.06,-0.00,0.00,0.00,92724.6,0,0.00,0.00,2
5931,0.026,0.021,0.989,-0.061,-0.183,-0.061,0.000,0.000,0.000,1.0000,0.0000,0.0000,0.0000,-0.05,0.00,0.00,0.00,92721.4,0,0.00,0.00,2
5951,0.024,0.023,0.988,-0.122,-0.183,0.000,0.000,0.000,0.000,1.0000,0.0000,0.0000,0.0000,-0.06,-0.00,0.00,0.00,92723.9,0,0.00,0.00,2
5971,0.025,0.021,0.991,-0.122,-0.183,0.061,0.000,0.000,0.000,1.0000,0.0000,0.0000,0.0000,-0.06,0.00,0.00,0.00,92723.4,0,0.00,0.00,2
5991,0.027,0.021,0.992,-0.183,-0.183,-0.061,0.000,0.000,0.000,1.0000,0.0000,0.0000,0.0000,-0.06,-0.00,0.00,0.00,92725.4,0,0.00,0.00,2
6011,0.027,0.024,0.989,-0.122,-0.244,-0.061,0.000,0.000,0.000,1.0000,0.0000,0.0000,0.0000,-0.05,0.00,0.00,0.00,92720.6,0,0.00,0.00,2
6031,0.028,0.021,0.988,-0.061,-0.244,-0.061,0.000,0.000,0.000,1.0000,0.0000,0.0000,0.0000,-0.05,0.00,0.00,0.00,92720.6,0,0.00,0.00,2
6051,0.026,0.021,0.987,-0.122,-0.183,0.000,0.000,0.000,0.000,1.0000,0.0000,0.0000,0.0000,-0.05,0.00,0.00,0.00,92723.3,0,0.00,0.00,2
6071,0.026,0.022,0.987,-0.061,-0.183,0.000,0.000,0.000,0.000,1.0000,0.0000,0.0000,0.0000,-0.04,0.00,0.00,0.00,92720.1,0,0.00,0.00,2
6091,0.027,0.022,0.989,-0.061,-0.305,0.000,0.000,0.000,0.000,1.0000,0.0000,0.0000,0.0000,-0.04,0.00,0.00,0.00,92722.6,0,0.00,0.00,2
6111,0.027,0.023,0.989,-0.183,-0.244,0.061,0.000,0.000,0.000,1.0000,0.0000,0.0000,0.0000,-0.04,0.00,0.00,0.00,92722.2,0,0.00,0.00,2
6131,0.027,0.022,0.987,-0.122,-0.183,0.000,0.000,0.000,0.000,1.0000,0.0000,0.0000,0.0000,-0.03,0.00,0.00,0.00,92720.0,0,0.00,0.00,2
6151,0.026,0.022,0.988,0.000,-0.244,0.000,0.000,0.000,0.000,1.0000,0.0000,0.0000,0.0000,-0.03,0.00,0.00,0.00,92719.8,0,0.00,0.00,2
6171,0.026,0.023,0.986,-0.122,-0.183,0.000,0.000,0.000,0.000,1.0000,0.0000,0.0000,0.0000,-0.03,-0.00,0.00,0.00,92724.2,0,0.00,0.00,2
6191,0.029,0.024,0.988,-0.122,-0.122,0.000,0.000,0.000,0.000,1.0000,0.0000,0.0000,0.0000,-0.03,0.00,0.00,0.00,92722.0,0,0.00,0.00,2
6211,0.027,0.021,0.989,-0.061,-0.183,0.000,0.000,0.000,0.000,1.0000,0.0000,0.0000,0.0000,-0.03,-0.00,0.00,0.00,92724.0,0,0.00,0.00,2
6231,0.026,0.023,0.987,-0.061,-0.244,-0.122,0.000,0.000,0.000,1.0000,0.0000,0.0000,0.0000,-0.03,0.00,0.00,0.00,92720.4,0,0.00,0.00,2
6251,0.027,0.022,0.987,-0.122,-0.244,0.000,0.000,0.000,0.000,1.0000,0.0000,0.0000,0.0000,-0.03,-0.00,0.00,0.00,92724.2,0,0.00,0.00,2
6271,0.028,0.022,0.984,0.000,-0.183,0.000,0.000,0.000,0.000,1.0000,0.0000,0.0000,0.0000,-0.02,0.00,0.00,0.00,92719.2,0,0.00,0.00,2
6291,0.029,0.021,0.990,-0.183,-0.244,0.000,0.000,0.000,0.000,1.0000,0.0000,0.0000,0.0000,-0.03,-0.00,0.00,0.00,92726.2,0,0.00,0.00,2
6311,0.026,0.021,0.989,0.000,-0.122,-0.122,0.000,0.000,0.000,1.0000,0.0000,0.0000,0.0000,-0.02,0.00,0.00,0.00,92719.6,0,0.00,0.00,2
6331,0.027,0.021,0.991,-0.061,-0.183,-0.061,0.000,0.000,0.000,1.0000,0.0000,0.0000,0.0000,-0.02,0.00,0.00,0.00,92721.5,0,0.00,0.00,2
6351,0.027,0.022,0.987,-0.183,-0.122,0.061,0.000,0.000,0.000,1.0000,0.0000,0.0000,0.0000,-0.02,-0.00,0.00,0.00,92724.0,0,0.00,0.00,2
6371,0.027,0.024,0.988,-0.061,-0.122,-0.061,0.000,0.000,0.000,1.0000,0.0000,0.0000,0.0000,-0.02,0.00,0.00,0.00,92722.1,0,0.00,0.00,2
6391,0.027,0.020,0.990,-0.061,-0.183,0.061,0.000,0.000,0.000,1.0000,0.0000,0.0000,0.0000,-0.02,-0.00,0.00,0.00,92726.7,0,0.00,0.00,2
6411,0.027,0.021,0.988,-0.061,-0.244,0.061,0.000,0.000,0.000,1.0000,0.0000,0.0000,0.0000,-0.03,-0.00,0.00,0.00,92724.8,0,0.00,0.00,2
6431,0.024,0.023,0.987,-0.061,-0.305,-0.061,0.000,0.000,0.000,1.0000,0.0000,0.0000,0.0000,-0.03,-0.00,0.00,0.00,92723.3,0,0.00,0.00,2
6451,0.028,0.022,0.987,-0.183,-0.244,0.000,0.000,0.000,0.000,1.0000,0.0000,0.0000,0.0000,-0.03,-0.00,0.00,0.00,92724.0,0,0.00,0.00,2
6471,0.027,0.022,0.988,-0.122,-0.061,-0.061,0.000,0.000,0.000,1.0000,0.0000,0.0000,0.0000,-0.03,-0.00,0.00,0.00,92724.0,0,0.00,0.00,2
6491,0.027,0.022,0.987,-0.122,-0.305,0.000,0.000,0.000,0.000,1.0000,0.0000,0.0000,0.0000,-0.03,0.00,0.00,0.00,92722.6,0,0.00,0.00,2
6511,0.026,0.021,0.990,-0.122,-0.183,0.000,0.000,0.000,0.000,1.0000,0.0000,0.0000,0.0000,-0.03,-0.00,0.00,0.00,92723.4,0,0.00,0.00,2
6531,0.026,0.022,0.986,-0.122,-0.183,-0.061,0.000,0.000,0.000,1.0000,0.0000,0.0000,0.0000,-0.03,-0.00,0.00,0.00,92723.3,0,0.00,0.00,2
6551,0.028,0.022,0.989,0.000,-0.183,0.000,0.000,0.000,0.000,1.0000,0.0000,0.0000,0.0000,-0.03,-0.00,0.00,0.00,92725.0,0,0.00,0.00,2
6571,0.027,0.022,0.989,-0.061,-0.305,-0.061,0.000,0.000,0.000,1.0000,0.0000,0.0000,0.0000,-0.03,0.00,0.00,0.00,92722.7,0,0.00,0.00,2
6591,0.026,0.022,0.990,-0.122,-0.183,-0.061,0.000,0.000,0.000,1.0000,0.0000,0.0000,0.0000,-0.03,-0.00,0.00,0.00,92724.4,0,0.00,0.00,2
6611,0.026,0.022,0.988,-0.122,-0.244,0.000,0.000,0.000,0.000,1.0000,0.0000,0.0000,0.0000,-0.03,0.00,0.00,0.00,92720.8,0,0.00,0.00,2
6631,0.028,0.022,0.990,0.000,-0.122,0.000,0.000,0.000,0.000,1.0000,0.0000,0.0000,0.0000,-0.03,0.00,0.00,0.00,92721.3,0,0.00,0.00,2
6651,0.026,0.022,0.988,-0.061,-0.183,0.000,0.000,0.000,0.000,1.0000,0.0000,0.0000,0.0000,-0.03,0.00,0.00,0.00,92722.7,0,0.00,0.00,2
6671,0.025,0.022,0.989,0.000,-0.061,0.000,0.000,0.000,0.000,1.0000,0.0000,0.0000,0.0000,-0.03,-0.00,0.00,0.00,92723.4,0,0.00,0.00,2
6691,0.026,0.022,0.987,-0.061,-0.122,0.061,0.000,0.000,0.000,1.0000,0.0000,0.0000,0.0000,-0.03,-0.00,0.00,0.00,92725.5,0,0.00,0.00,2
6711,0.027,0.022,0.987,-0.061,-0.183,0.000,0.000,0.000,0.000,1.0000,0.0000,0.0000,0.0000,-0.03,0.00,0.00,0.00,92722.2,0,0.00,0.00,2
6731,0.026,0.021,0.989,-0.061,-0.122,0.000,0.000,0.000,0.000,1.0000,0.0000,0.0000,0.0000,-0.03,0.00,0.00,0.00,92721.4,0,0.00,0.00,2
6751,0.028,0.024,0.987,-0.122,-0.244,-0.122,0.000,0.000,0.000,1.0000,0.0000,0.0000,0.0000,-0.03,-0.00,0.00,0.00,92723.3,0,0.00,0.00,2
6772,0.026,0.021,0.989,0.000,-0.122,-0.061,2.023,-8.587,-58.737,1.0000,0.0002,-0.0007,0.0000,-0.03,0.00,0.00,0.08,92722.9,0,0.00,0.00,2
6792,0.027,0.021,0.987,-0.122,-0.244,0.000,3.494,-8.229,-59.455,1.0000,0.0004,-0.0014,0.0000,-0.03,-0.00,0.00,0.17,92726.2,0,0.00,0.00,2
6811,0.027,0.022,0.992,-0.061,-0.244,-0.122,3.494,-8.229,-59.455,1.0000,0.0006,-0.0021,0.0001,-0.03,-0.00,0.00,0.25,92723.5,0,0.00,0.00,2
6831,0.027,0.020,0.991,-0.183,-0.122,-0.061,3.494,-8.229,-59.455,1.0000,0.0008,-0.0028,0.0001,-0.03,0.00,0.00,0.34,92722.7,0,0.00,0.00,2
6851,0.029,0.020,0.989,-0.122,-0.122,-0.061,3.494,-8.229,-59.455,1.0000,0.0010,-0.0036,0.0001,-0.04,-0.00,0.00,0.42,92727.3,0,0.00,0.00,2
6871,0.027,0.021,0.988,-0.061,-0.183,0.061,3.494,-8.229,-59.455,1.0000,0.0012,-0.0043,0.0001,-0.03,0.00,0.00,0.51,92720.8,0,0.00,0.00,2
6891,0.028,0.022,0.988,-0.061,-0.244,-0.061,3.494,-8.229,-59.455,1.0000,0.0014,-0.0050,0.0002,-0.03,0.00,0.00,0.60,92722.4,0,0.00,0.00,2
6912,0.026,0.022,0.992,-0.061,-0.183,0.000,3.494,-8.229,-59.455,1.0000,0.0016,-0.0058,0.0002,-0.03,0.00,0.00,0.69,92722.4,0,0.00,0.00,2
6931,0.027,0.022,0.986,0.061,-0.183,-0.061,3.494,-8.229,-59.455,1.0000,0.0019,-0.0065,0.0002,-0.03,-0.00,0.00,0.78,92725.8,0,0.00,0.00,2
6951,0.027,0.021,0.987,-0.061,-0.122,0.000,3.494,-8.229,-59.455,1.0000,0.0021,-0.0072,0.0002,-0.03,0.00,0.00,0.87,92720.6,0,0.00,0.00,2
6971,0.027,0.023,0.991,0.000,-0.244,0.000,3.494,-8.229,-59.455,1.0000,0.0024,-0.0080,0.0003,-0.03,-0.00,0.00,0.96,92726.7,0,0.00,0.00,2
6991,0.027,0.024,0.988,-0.061,-0.244,0.000,3.494,-8.229,-59.455,1.0000,0.0026,-0.0087,0.0003,-0.03,0.00,0.00,1.05,92722.2,0,0.00,0.00,2
7011,0.028,0.022,0.990,-0.061,-0.305,0.000,3.494,-8.229,-59.455,1.0000,0.0029,-0.0095,0.0003,-0.04,-0.00,0.00,1.13,92726.2,0,0.00,0.00,2
7032,0.026,0.022,0.990,-0.061,-0.183,0.000,3.494,-8.229,-59.455,0.9999,0.0031,-0.0102,0.0003,-0.04,-0.00,0.00,1.23,92724.0,0,0.00,0.00,2
7051,0.028,0.021,0.989,-0.122,-0.244,-0.061,3.494,-8.229,-59.455,0.9999,0.0034,-0.0110,0.0004,-0.03,0.00,0.00,1.32,92721.1,0,0.00,0.00,2
7071,0.028,0.019,0.987,-0.122,-0.244,0.000,3.494,-8.229,-59.455,0.9999,0.0036,-0.0118,0.0004,-0.03,0.00,0.00,1.41,92721.7,0,0.00,0.00,2
7091,0.027,0.022,0.989,-0.122,-0.122,-0.061,3.494,-8.229,-59.455,0.9999,0.0038,-0.0126,0.0004,-0.03,-0.00,0.00,1.51,92723.8,0,0.00,0.00,2
7111,0.028,0.024,0.989,-0.061,-0.244,0.000,3.494,-8.229,-59.455,0.9999,0.0041,-0.0133,0.0004,-0.03,0.00,0.00,1.60,92722.9,0,0.00,0.00,2
7131,0.027,0.021,0.991,-0.061,-0.244,0.061,3.494,-8.229,-59.455,0.9999,0.0044,-0.0141,0.0004,-0.03,-0.00,0.00,1.69,92723.9,0,0.00,0.00,2
7152,0.026,0.022,0.988,0.000,-0.122,0.000,3.494,-8.229,-59.455,0.9999,0.0046,-0.0149,0.0005,-0.03,-0.00,0.00,1.79,92724.8,0,0.00,0.00,2
7172,0.027,0.021,0.989,-0.061,-0.183,0.000,3.494,-8.229,-59.455,0.9999,0.0049,-0.0157,0.0005,-0.04,-0.00,0.00,1.89,92724.8,0,0.00,0.00,2
7191,0.029,0.023,0.989,-0.061,-0.305,-0.061,3.494,-8.229,-59.455,0.9998,0.0052,-0.0165,0.0005,-0.04,-0.00,0.00,1.99,92726.7,0,0.00,0.00,2
7211,0.027,0.021,0.989,-0.061,-0.122,0.000,3.494,-8.229,-59.455,0.9998,0.0055,-0.0174,0.0005,-0.04,-0.00,0.00,2.08,92725.7,0,0.00,0.00,2
7231,0.028,0.023,0.985,-0.061,-0.244,0.000,3.494,-8.229,-59.455,0.9998,0.0058,-0.0182,0.0006,-0.04,0.00,0.00,2.18,92723.4,0,0.00,0.00,2
7251,0.027,0.023,0.990,-0.061,-0.183,-0.061,3.494,-8.229,-59.455,0.9998,0.0060,-0.0190,0.0006,-0.04,-0.00,0.00,2.28,92726.3,0,0.00,0.00,2
7272,0.026,0.023,0.987,-0.061,-0.244,-0.061,3.494,-8.229,-59.455,0.9998,0.0063,-0.0198,0.0006,-0.04,-0.00,0.00,2.38,92724.2,0,0.00,0.00,2
7292,0.026,0.023,0.987,-0.122,-0.244,-0.061,3.494,-8.229,-59.455,0.9998,0.0066,-0.0206,0.0007,-0.05,-0.00,0.00,2.48,92727.5,0,0.00,0.00,2
7311,0.025,0.021,0.989,-0.122,-0.183,0.000,3.494,-8.229,-59.455,0.9997,0.0069,-0.0215,0.0007,-0.05,-0.00,0.00,2.58,92724.2,0,0.00,0.00,2
7331,0.027,0.021,0.987,-0.061,-0.244,0.000,3.494,-8.229,-59.455,0.9997,0.0072,-0.0223,0.0007,-0.04,0.00,0.00,2.68,92720.8,0,0.00,0.00,2
7351,0.027,0.022,0.990,0.000,-0.183,0.000,3.494,-8.229,-59.455,0.9997,0.0075,-0.0231,0.0007,-0.04,0.00,0.00,2.79,92720.1,0,0.00,0.00,2
7371,0.026,0.021,0.986,-0.122,-0.122,0.000,3.494,-8.229,-59.455,0.9997,0.0079,-0.0240,0.0008,-0.04,0.00,0.00,2.89,92722.9,0,0.00,0.00,2
7392,0.026,0.022,0.986,-0.122,-0.122,0.000,3.494,-8.229,-59.455,0.9997,0.0082,-0.0249,0.0008,-0.04,-0.00,0.00,3.00,92724.7,0,0.00,0.00,2
7411,0.026,0.021,0.988,-0.244,-0.244,-0.061,3.494,-8.229,-59.455,0.9996,0.0084,-0.0257,0.0008,-0.04,-0.00,0.00,3.10,92725.5,0,0.00,0.00,2
7431,0.027,0.022,0.987,-0.061,-0.183,0.000,3.494,-8.229,-59.455,0.9996,0.0088,-0.0266,0.0008,-0.05,-0.00,0.00,3.21,92729.6,0,0.00,0.00,2
7451,0.028,0.021,0.988,-0.061,-0.183,0.000,3.494,-8.229,-59.455,0.9996,0.0091,-0.0274,0.0009,-0.05,0.00,0.00,3.31,92722.7,0,0.00,0.00,2
7471,0.026,0.021,0.990,-0.061,-0.183,0.000,3.494,-8.229,-59.455,0.9996,0.0094,-0.0283,0.0009,-0.05,0.00,0.00,3.42,92721.3,0,0.00,0.00,2
7491,0.024,0.021,0.989,-0.122,-0.122,0.000,3.494,-8.229,-59.455,0.9995,0.0098,-0.0292,0.0009,-0.05,-0.00,0.00,3.53,92727.5,0,0.00,0.00,2
7512,0.026,0.021,0.986,-0.122,-0.244,0.000,3.494,-8.229,-59.455,0.9995,0.0101,-0.0301,0.0009,-0.05,0.00,0.00,3.64,92723.4,0,0.00,0.00,2
7531,0.027,0.023,0.989,-0.061,-0.244,0.000,3.494,-8.229,-59.455,0.9995,0.0105,-0.0309,0.0010,-0.05,-0.00,0.00,3.74,92724.0,0,0.00,0.00,2
7551,0.026,0.023,0.985,-0.122,-0.183,0.000,3.494,-8.229,-59.455,0.9994,0.0109,-0.0318,0.0010,-0.05,0.00,0.00,3.85,92723.4,0,0.00,0.00,2
7571,0.027,0.021,0.989,-0.122,-0.183,-0.061,3.494,-8.229,-59.455,0.9994,0.0113,-0.0327,0.0010,-0.05,0.00,0.00,3.96,92722.7,0,0.00,0.00,2
7591,0.026,0.021,0.987,0.061,-0.183,0.061,3.494,-8.229,-59.455,0.9994,0.0117,-0.0336,0.0011,-0.04,0.00,0.00,4.08,92720.8,0,0.00,0.00,2
7611,0.027,0.022,0.988,-0.122,-0.244,-0.061,3.494,-8.229,-59.455,0.9993,0.0121,-0.0345,0.0011,-0.04,0.00,0.00,4.19,92722.4,0,0.00,0.00,2
7632,0.028,0.023,0.989,-0.061,-0.183,0.061,3.494,-8.229,-59.455,0.9993,0.0125,-0.0354,0.0011,-0.04,-0.00,0.00,4.30,92724.7,0,0.00,0.00,2
7651,0.027,0.022,0.986,-0.122,-0.305,-0.061,3.494,-8.229,-59.455,0.9993,0.0129,-0.0362,0.0012,-0.04,0.00,0.00,4.41,92723.3,0,0.00,0.00,2
7671,0.027,0.021,0.989,-0.061,-0.122,-0.122,3.494,-8.229,-59.455,0.9992,0.0133,-0.0371,0.0012,-0.05,-0.00,0.00,4.52,92725.4,0,0.00,0.00,2
7691,0.027,0.023,0.986,-0.061,-0.244,0.061,3.494,-8.229,-59.455,0.9992,0.0138,-0.0380,0.0012,-0.05,-0.00,0.00,4.63,92724.0,0,0.00,0.00,2
7711,0.028,0.020,0.987,-0.122,-0.244,0.000,3.494,-8.229,-59.455,0.9991,0.0142,-0.0389,0.0013,-0.05,-0.00,0.00,4.75,92724.7,0,0.00,0.00,2
7731,0.027,0.021,0.988,0.000,-0.122,0.000,3.494,-8.229,-59.455,0.9991,0.0147,-0.0398,0.0013,-0.04,0.00,0.00,4.86,92721.1,0,0.00,0.00,2
7752,0.027,0.023,0.990,-0.061,-0.183,0.061,3.494,-8.229,-59.455,0.9991,0.0153,-0.0406,0.0014,-0.04,0.00,0.00,4.97,92717.3,0,0.00,0.00,2
7771,0.028,0.020,0.989,-0.061,-0.244,0.000,3.494,-8.229,-59.455,0.9990,0.0158,-0.0415,0.0015,-0.04,-0.00,0.00,5.08,92724.8,0,0.00,0.00,2
7791,0.028,0.023,0.987,-0.122,-0.244,0.000,3.494,-8.229,-59.455,0.9990,0.0165,-0.0421,0.0016,-0.04,0.00,0.00,5.18,92723.4,0,0.00,0.00,2
7811,0.026,0.021,0.987,0.000,-0.244,-0.122,3.494,-8.229,-59.455,0.9990,0.0171,-0.0418,0.0018,-0.04,-0.00,0.00,5.18,92724.8,0,0.00,0.00,2
7831,0.028,0.021,0.987,-0.061,-0.122,0.000,3.494,-8.229,-59.455,0.9989,0.0169,-0.0425,0.0021,-0.04,0.00,0.00,5.25,92719.4,0,0.00,0.00,2
7851,0.025,0.022,0.990,-0.183,-0.183,-0.061,3.494,-8.229,-59.455,0.9990,0.0172,-0.0421,0.0022,-0.04,0.00,0.00,5.21,92722.1,0,0.00,0.00,2
7872,0.029,0.022,0.990,-0.122,-0.183,0.000,3.494,-8.229,-59.455,0.9989,0.0175,-0.0426,0.0026,-0.04,0.00,0.00,5.28,92720.8,0,0.00,0.00,2
7891,0.025,0.022,0.987,0.000,-0.122,-0.061,3.494,-8.229,-59.455,0.9990,0.0176,-0.0421,0.0027,-0.03,0.00,0.00,5.23,92721.4,0,0.00,0.00,2
7911,0.027,0.021,0.990,-0.122,-0.244,0.061,3.494,-8.229,-59.455,0.9990,0.0170,-0.0420,0.0029,-0.04,-0.00,0.00,5.20,92725.4,0,0.00,0.00,2
7931,0.026,0.023,0.991,-0.122,-0.244,0.000,3.494,-8.229,-59.455,0.9990,0.0176,-0.0417,0.0031,-0.04,-0.00,0.00,5.19,92724.8,0,0.00,0.00,2
7951,0.026,0.024,0.985,-0.122,-0.183,0.061,3.494,-8.229,-59.455,0.9990,0.0182,-0.0415,0.0033,-0.03,0.00,0.00,5.20,92720.0,0,0.00,0.00,2
7971,0.029,0.023,0.988,-0.183,-0.122,0.000,3.494,-8.229,-59.455,0.9989,0.0178,-0.0423,0.0035,-0.03,0.00,0.00,5.26,92721.5,0,0.00,0.00,2
7992,0.027,0.022,0.988,-0.061,-0.305,0.000,3.494,-8.229,-59.455,0.9990,0.0175,-0.0420,0.0037,-0.03,0.00,0.00,5.21,92720.8,0,0.00,0.00,2
8012,0.026,0.022,0.989,-0.061,-0.305,-0.061,3.494,-8.229,-59.455,0.9990,0.0175,-0.0415,0.0040,-0.03,-0.00,0.00,5.16,92724.7,0,0.00,0.00,2
8031,0.027,0.023,0.988,0.000,-0.305,0.000,3.494,-8.229,-59.455,0.9990,0.0177,-0.0420,0.0044,-0.03,-0.00,0.00,5.23,92723.7,0,0.00,0.00,2
8051,0.026,0.021,0.988,0.000,-0.183,0.000,3.494,-8.229,-59.455,0.9990,0.0173,-0.0417,0.0046,-0.03,0.00,0.00,5.18,92721.4,0,0.00,0.00,2
8071,0.025,0.022,0.989,0.000,-0.244,0.061,3.494,-8.229,-59.455,0.9990,0.0175,-0.0413,0.0048,-0.03,-0.00,0.00,5.14,92724.0,0,0.00,0.00,2
8091,0.027,0.020,0.991,-0.061,-0.122,0.061,3.494,-8.229,-59.455,0.9990,0.0170,-0.0419,0.0050,-0.03,-0.00,0.00,5.18,92724.7,0,0.00,0.00,2
8112,0.026,0.024,0.987,-0.122,-0.061,-0.061,3.494,-8.229,-59.455,0.9990,0.0177,-0.0417,0.0052,-0.03,0.00,0.00,5.20,92722.9,0,0.00,0.00,2
8132,0.028,0.021,0.988,0.000,-0.305,0.000,3.494,-8.229,-59.455,0.9990,0.0172,-0.0421,0.0055,-0.03,0.00,0.00,5.21,92720.8,0,0.00,0.00,2
8151,0.028,0.022,0.986,-0.061,-0.122,0.000,3.494,-8.229,-59.455,0.9989,0.0175,-0.0423,0.0059,-0.03,-0.00,0.00,5.24,92723.5,0,0.00,0.00,2
8171,0.027,0.023,0.991,-0.061,-0.305,0.000,3.494,-8.229,-59.455,0.9990,0.0177,-0.0418,0.0062,-0.03,0.00,0.00,5.20,92723.1,0,0.00,0.00,2
8191,0.028,0.023,0.989,-0.122,-0.244,-0.061,3.494,-8.229,-59.455,0.9989,0.0179,-0.0423,0.0066,-0.03,0.00,0.00,5.27,92722.7,0,0.00,0.00,2
8211,0.025,0.023,0.991,-0.183,-0.244,0.000,3.494,-8.229,-59.455,0.9989,0.0178,-0.0418,0.0067,-0.03,0.00,0.00,5.21,92722.2,0,0.00,0.00,2
8232,0.026,0.023,0.991,-0.122,-0.427,-0.061,3.494,-8.229,-59.455,0.9990,0.0176,-0.0414,0.0070,-0.03,-0.00,0.00,5.16,92724.4,0,0.00,0.00,2
8252,0.026,0.023,0.985,-0.061,-0.244,0.000,3.494,-8.229,-59.455,0.9989,0.0177,-0.0418,0.0075,-0.03,0.00,0.00,5.20,92722.1,0,0.00,0.00,2
8271,0.028,0.020,0.988,-0.183,-0.305,0.061,3.494,-8.229,-59.455,0.9989,0.0171,-0.0420,0.0077,-0.03,0.00,0.00,5.20,92721.4,0,0.00,0.00,2
8291,0.029,0.022,0.988,-0.061,-0.305,0.000,3.494,-8.229,-59.455,0.9989,0.0176,-0.0426,0.0081,-0.03,-0.00,0.00,5.28,92724.0,0,0.00,0.00,2
8311,0.026,0.022,0.985,-0.122,-0.183,0.000,3.494,-8.229,-59.455,0.9989,0.0176,-0.0421,0.0082,-0.03,-0.00,0.00,5.23,92724.0,0,0.00,0.00,2
8331,0.025,0.021,0.988,-0.122,-0.244,-0.061,3.494,-8.229,-59.455,0.9989,0.0173,-0.0416,0.0084,-0.03,-0.00,0.00,5.17,92724.7,0,0.00,0.00,2
8352,0.027,0.019,0.989,-0.061,-0.244,0.000,3.494,-8.229,-59.455,0.9989,0.0167,-0.0418,0.0087,-0.03,0.00,0.00,5.16,92720.1,0,0.00,0.00,2
8372,0.027,0.021,0.990,0.061,-0.183,0.000,3.494,-8.229,-59.455,0.9989,0.0172,-0.0417,0.0091,-0.03,-0.00,0.00,5.17,92727.5,0,0.00,0.00,2
8392,0.026,0.021,0.992,-0.122,-0.122,-0.122,3.494,-8.229,-59.455,0.9990,0.0172,-0.0413,0.0095,-0.03,0.00,0.00,5.13,92722.0,0,0.00,0.00,2
8412,0.025,0.021,0.987,-0.183,-0.183,0.000,3.494,-8.229,-59.455,0.9990,0.0172,-0.0411,0.0099,-0.03,-0.00,0.00,5.11,92723.9,0,0.00,0.00,2
8432,0.027,0.021,0.989,-0.061,-0.122,0.061,3.494,-8.229,-59.455,0.9989,0.0170,-0.0418,0.0102,-0.03,-0.00,0.00,5.18,92725.5,0,0.00,0.00,2
8452,0.026,0.021,0.990,-0.061,-0.183,0.000,3.494,-8.229,-59.455,0.9989,0.0173,-0.0415,0.0106,-0.03,-0.00,0.00,5.15,92723.5,0,0.00,0.00,2
8472,0.025,0.021,0.987,-0.061,-0.183,0.061,3.494,-8.229,-59.455,0.9989,0.0173,-0.0412,0.0110,-0.03,-0.00,0.00,5.12,92726.6,0,0.00,0.00,2
8492,0.024,0.021,0.987,-0.061,-0.183,0.000,3.494,-8.229,-59.455,0.9989,0.0173,-0.0409,0.0115,-0.03,-0.00,0.00,5.09,92726.8,0,0.00,0.00,2
8511,0.027,0.020,0.990,0.000,-0.183,0.000,3.494,-8.229,-59.455,0.9989,0.0170,-0.0417,0.0117,-0.03,-0.00,0.00,5.16,92723.9,0,0.00,0.00,2
8531,0.025,0.021,0.990,-0.122,-0.244,0.000,3.494,-8.229,-59.455,0.9989,0.0172,-0.0412,0.0120,-0.03,0.00,0.00,5.12,92723.5,0,0.00,0.00,2
8551,0.025,0.023,0.986,-0.061,-0.305,-0.061,3.494,-8.229,-59.455,0.9989,0.0180,-0.0414,0.0123,-0.03,0.00,0.00,5.17,92720.1,0,0.00,0.00,2
8571,0.027,0.021,0.992,-0.061,-0.183,0.000,3.494,-8.229,-59.455,0.9989,0.0174,-0.0416,0.0126,-0.03,-0.00,0.00,5.17,92724.8,0,0.00,0.00,2
8592,0.027,0.024,0.989,0.061,-0.183,0.000,3.494,-8.229,-59.455,0.9989,0.0181,-0.0417,0.0129,-0.03,-0.00,0.00,5.21,92726.6,0,0.00,0.00,2
8611,0.025,0.022,0.987,-0.061,-0.183,0.061,3.494,-8.229,-59.455,0.9989,0.0178,-0.0413,0.0131,-0.03,-0.00,0.00,5.15,92723.9,0,0.00,0.00,2
8631,0.027,0.020,0.989,0.000,-0.244,-0.061,3.494,-8.229,-59.455,0.9989,0.0172,-0.0417,0.0134,-0.03,-0.00,0.00,5.17,92724.0,0,0.00,0.00,2
8651,0.027,0.022,0.989,-0.061,-0.183,-0.061,3.494,-8.229,-59.455,0.9989,0.0178,-0.0416,0.0138,-0.03,0.00,0.00,5.19,92722.1,0,0.00,0.00,2
8671,0.027,0.021,0.987,-0.061,-0.183,0.061,3.494,-8.229,-59.455,0.9989,0.0173,-0.0416,0.0142,-0.03,0.00,0.00,5.17,92720.1,0,0.00,0.00,2
8691,0.028,0.022,0.987,-0.122,-0.061,0.061,3.494,-8.229,-59.455,0.9988,0.0177,-0.0422,0.0146,-0.03,0.00,0.00,5.25,92722.6,0,0.00,0.00,2
8712,0.026,0.021,0.987,-0.061,-0.183,0.000,3.494,-8.229,-59.455,0.9989,0.0175,-0.0418,0.0148,-0.03,0.00,0.00,5.19,92721.8,0,0.00,0.00,2
8732,0.024,0.021,0.990,0.000,-0.305,0.000,3.494,-8.229,-59.455,0.9989,0.0173,-0.0412,0.0151,-0.03,0.00,0.00,5.13,92722.7,0,0.00,0.00,2
8751,0.027,0.022,0.988,-0.061,-0.305,0.000,3.494,-8.229,-59.455,0.9988,0.0176,-0.0419,0.0155,-0.03,0.00,0.00,5.20,92719.6,0,0.00,0.00,2
8771,0.025,0.022,0.986,-0.061,-0.183,0.000,3.494,-8.229,-59.455,0.9989,0.0176,-0.0413,0.0158,-0.03,0.00,0.00,5.15,92722.7,0,0.00,0.00,2
8791,0.028,0.021,0.989,-0.122,-0.183,-0.061,3.494,-8.229,-59.455,0.9988,0.0174,-0.0421,0.0161,-0.03,0.00,0.00,5.22,92721.3,0,0.00,0.00,2
8811,0.028,0.021,0.989,0.000,-0.183,0.000,3.494,-8.229,-59.455,0.9988,0.0172,-0.0419,0.0166,-0.02,0.00,0.00,5.19,92721.3,0,0.00,0.00,2
8832,0.027,0.023,0.987,0.000,-0.183,-0.061,3.494,-8.229,-59.455,0.9988,0.0179,-0.0417,0.0169,-0.02,0.00,0.00,5.20,92719.3,0,0.00,0.00,2
8852,0.026,0.024,0.991,-0.122,-0.183,-0.122,3.494,-8.229,-59.455,0.9988,0.0183,-0.0414,0.0172,-0.02,0.00,0.00,5.19,92722.7,0,0.00,0.00,2
8871,0.028,0.022,0.989,-0.061,-0.305,0.000,3.494,-8.229,-59.455,0.9988,0.0178,-0.0418,0.0175,-0.02,0.00,0.00,5.20,92722.7,0,0.00,0.00,2
8891,0.028,0.020,0.989,-0.061,-0.183,0.061,3.494,-8.229,-59.455,0.9988,0.0172,-0.0420,0.0178,-0.02,-0.00,0.00,5.20,92724.7,0,0.00,0.00,2
8911,0.027,0.022,0.988,-0.122,-0.244,0.000,3.494,-8.229,-59.455,0.9988,0.0176,-0.0416,0.0182,-0.02,-0.00,0.00,5.18,92725.4,0,0.00,0.00,2
8931,0.027,0.023,0.987,-0.183,-0.183,-0.061,3.494,-8.229,-59.455,0.9988,0.0182,-0.0415,0.0186,-0.02,0.00,0.00,5.19,92722.0,0,0.00,0.00,2
8952,0.027,0.021,0.988,-0.122,-0.305,0.000,3.494,-8.229,-59.455,0.9988,0.0175,-0.0415,0.0189,-0.02,-0.00,0.00,5.17,92723.4,0,0.00,0.00,2
8972,0.026,0.021,0.988,-0.061,-0.183,-0.061,3.494,-8.229,-59.455,0.9988,0.0174,-0.0413,0.0195,-0.02,-0.00,0.00,5.14,92724.0,0,0.00,0.00,2
8991,0.027,0.020,0.986,-0.122,-0.183,-0.061,3.494,-8.229,-59.455,0.9988,0.0169,-0.0417,0.0199,-0.02,0.00,0.00,5.16,92721.3,0,0.00,0.00,2
9011,0.027,0.022,0.986,-0.061,-0.183,0.000,3.494,-8.229,-59.455,0.9988,0.0177,-0.0417,0.0202,-0.02,-0.00,0.00,5.19,92723.5,0,0.00,0.00,2
9031,0.028,0.023,0.991,-0.122,-0.244,0.000,3.494,-8.229,-59.455,0.9987,0.0181,-0.0420,0.0207,-0.02,-0.00,0.00,5.24,92724.0,0,0.00,0.00,2
9051,0.027,0.021,0.987,-0.061,-0.244,0.000,3.494,-8.229,-59.455,0.9988,0.0175,-0.0417,0.0210,-0.02,-0.00,0.00,5.19,92724.4,0,0.00,0.00,2
9072,0.028,0.021,0.985,0.000,-0.305,0.061,3.494,-8.229,-59.455,0.9987,0.0173,-0.0420,0.0215,-0.02,0.00,0.00,5.21,92723.3,0,0.00,0.00,2
9092,0.027,0.023,0.987,-0.061,-0.183,-0.061,3.494,-8.229,-59.455,0.9987,0.0179,-0.0417,0.0218,-0.02,0.00,0.00,5.20,92723.4,0,0.00,0.00,2
9111,0.028,0.021,0.991,-0.061,-0.244,0.061,3.494,-8.229,-59.455,0.9987,0.0174,-0.0419,0.0223,-0.03,-0.00,0.00,5.20,92728.1,0,0.00,0.00,2
9131,0.026,0.023,0.989,-0.122,-0.244,-0.061,3.494,-8.229,-59.455,0.9987,0.0179,-0.0414,0.0226,-0.03,-0.00,0.00,5.17,92725.0,0,0.00,0.00,2
9151,0.026,0.021,0.989,-0.061,-0.244,-0.061,3.494,-8.229,-59.455,0.9987,0.0174,-0.0412,0.0230,-0.03,0.00,0.00,5.13,92723.4,0,0.00,0.00,2
9171,0.026,0.022,0.990,-0.122,-0.244,0.000,2.943,-6.619,-60.353,0.9988,0.0174,-0.0406,0.0231,-0.03,0.00,0.00,5.06,92723.3,0,0.00,0.00,2
9192,0.027,0.023,0.992,-0.122,-0.244,0.000,3.678,-8.765,-59.635,0.9987,0.0176,-0.0414,0.0233,-0.02,0.00,0.00,5.16,92721.4,0,0.00,0.00,2
9212,0.028,0.022,0.986,-0.061,-0.122,-0.061,3.678,-8.765,-59.635,0.9987,0.0179,-0.0423,0.0236,-0.02,0.00,0.00,5.26,92720.8,0,0.00,0.00,2
9231,0.026,0.021,0.988,-0.061,-0.244,0.000,3.678,-8.765,-59.635,0.9986,0.0178,-0.0431,0.0239,-0.02,0.00,0.00,5.35,92720.1,0,0.00,0.00,2
9251,0.026,0.021,0.990,-0.122,-0.244,0.000,3.678,-8.765,-59.635,0.9986,0.0180,-0.0437,0.0244,-0.02,-0.00,0.00,5.42,92724.7,0,0.00,0.00,2
9271,0.027,0.020,0.986,0.000,-0.183,0.000,3.678,-8.765,-59.635,0.9986,0.0176,-0.0436,0.0249,-0.02,-0.00,0.00,5.39,92724.2,0,0.00,0.00,2
9291,0.026,0.020,0.988,-0.061,-0.183,0.000,3.678,-8.765,-59.635,0.9986,0.0175,-0.0433,0.0254,-0.02,0.00,0.00,5.35,92720.5,0,0.00,0.00,2
9312,0.028,0.022,0.986,-0.122,-0.183,0.000,3.678,-8.765,-59.635,0.9985,0.0181,-0.0439,0.0258,-0.02,-0.00,0.00,5.45,92724.7,0,0.00,0.00,2
9331,0.026,0.021,0.987,-0.061,-0.061,0.000,3.678,-8.765,-59.635,0.9986,0.0181,-0.0434,0.0262,-0.02,-0.00,0.00,5.39,92728.7,0,0.00,0.00,2
9351,0.027,0.019,0.988,0.000,-0.183,0.000,3.678,-8.765,-59.635,0.9985,0.0175,-0.0438,0.0266,-0.03,-0.00,0.00,5.40,92725.0,0,0.00,0.00,2
9371,0.028,0.022,0.991,-0.122,-0.183,0.000,3.678,-8.765,-59.635,0.9985,0.0182,-0.0439,0.0270,-0.03,0.00,0.00,5.45,92723.3,0,0.00,0.00,2
9391,0.027,0.021,0.988,0.000,-0.244,-0.061,3.678,-8.765,-59.635,0.9985,0.0179,-0.0436,0.0274,-0.02,0.00,0.00,5.40,92722.7,0,0.00,0.00,2
9411,0.027,0.022,0.988,-0.061,-0.244,-0.061,3.678,-8.765,-59.635,0.9985,0.0184,-0.0438,0.0280,-0.02,0.00,0.00,5.44,92721.5,0,0.00,0.00,2
9432,0.026,0.024,0.988,0.000,-0.122,-0.061,3.678,-8.765,-59.635,0.9985,0.0189,-0.0434,0.0284,-0.02,0.00,0.00,5.43,92722.1,0,0.00,0.00,2
9451,0.025,0.023,0.990,-0.122,-0.244,0.000,3.678,-8.765,-59.635,0.9985,0.0188,-0.0430,0.0288,-0.02,0.00,0.00,5.37,92717.3,0,0.00,0.00,2
9471,0.025,0.021,0.987,0.000,-0.183,0.000,3.678,-8.765,-59.635,0.9985,0.0182,-0.0430,0.0293,-0.02,0.00,0.00,5.35,92721.5,0,0.00,0.00,2
9491,0.027,0.021,0.988,-0.122,-0.244,0.000,3.678,-8.765,-59.635,0.9984,0.0180,-0.0436,0.0298,-0.02,0.00,0.00,5.41,92721.3,0,0.00,0.00,2
9511,0.026,0.021,0.986,-0.061,-0.183,0.000,3.678,-8.765,-59.635,0.9984,0.0182,-0.0433,0.0303,-0.02,0.00,0.00,5.38,92720.6,0,0.00,0.00,2
9531,0.024,0.021,0.986,-0.122,-0.183,-0.061,3.678,-8.765,-59.635,0.9984,0.0182,-0.0428,0.0308,-0.02,0.00,0.00,5.33,92718.5,0,0.00,0.00,2
9552,0.024,0.020,0.987,-0.061,-0.183,0.000,3.678,-8.765,-59.635,0.9984,0.0176,-0.0429,0.0313,-0.02,0.00,0.00,5.32,92722.7,0,0.00,0.00,2
9572,0.026,0.022,0.988,-0.122,-0.122,0.000,3.678,-8.765,-59.635,0.9984,0.0182,-0.0434,0.0317,-0.02,0.00,0.00,5.39,92722.7,0,0.00,0.00,2
9591,0.028,0.021,0.987,-0.122,-0.061,0.000,3.678,-8.765,-59.635,0.9983,0.0181,-0.0440,0.0322,-0.01,0.00,0.00,5.46,92720.9,0,0.00,0.00,2
9611,0.027,0.022,0.985,-0.061,-0.122,0.061,3.678,-8.765,-59.635,0.9983,0.0184,-0.0436,0.0326,-0.01,-0.00,0.00,5.42,92723.4,0,0.00,0.00,2
9631,0.026,0.021,0.987,-0.061,-0.183,0.000,3.678,-8.765,-59.635,0.9983,0.0181,-0.0433,0.0332,-0.01,0.00,0.00,5.37,92718.9,0,0.00,0.00,2
9651,0.027,0.022,0.987,-0.122,-0.122,-0.061,3.678,-8.765,-59.635,0.9983,0.0185,-0.0436,0.0338,-0.01,0.00,0.00,5.43,92720.2,0,0.00,0.00,2
9672,0.028,0.022,0.987,-0.061,-0.183,0.061,3.678,-8.765,-59.635,0.9983,0.0184,-0.0437,0.0344,-0.01,0.00,0.00,5.44,92722.1,0,0.00,0.00,2
9692,0.028,0.020,0.986,-0.183,-0.244,0.061,3.678,-8.765,-59.635,0.9983,0.0179,-0.0439,0.0350,-0.01,-0.00,0.00,5.43,92723.5,0,0.00,0.00,2
9711,0.027,0.022,0.984,-0.122,-0.183,0.000,3.678,-8.765,-59.635,0.9983,0.0184,-0.0436,0.0354,-0.01,0.00,0.00,5.42,92721.5,0,0.00,0.00,2
9731,0.028,0.024,0.990,-0.183,-0.244,0.061,3.678,-8.765,-59.635,0.9982,0.0191,-0.0436,0.0359,-0.01,0.00,0.00,5.46,92720.1,0,0.00,0.00,2
9751,0.027,0.021,0.988,-0.183,-0.183,0.122,3.678,-8.765,-59.635,0.9982,0.0185,-0.0434,0.0363,-0.01,0.00,0.00,5.41,92720.8,0,0.00,0.00,2
9771,0.028,0.024,0.986,0.000,-0.122,0.000,3.678,-8.765,-59.635,0.9982,0.0192,-0.0438,0.0367,-0.01,-0.00,0.00,5.48,92727.3,0,0.00,0.00,2
9792,0.028,0.021,0.988,-0.061,-0.183,0.000,3.678,-8.765,-59.635,0.9982,0.0186,-0.0437,0.0371,-0.01,0.00,0.00,5.44,92721.3,0,0.00,0.00,2
9812,0.027,0.021,0.990,-0.061,-0.122,0.000,3.678,-8.765,-59.635,0.9982,0.0183,-0.0434,0.0377,-0.01,0.00,0.00,5.40,92720.5,0,0.00,0.00,2
9831,0.028,0.023,0.987,-0.122,-0.122,0.061,3.678,-8.765,-59.635,0.9981,0.0189,-0.0437,0.0382,-0.01,-0.00,0.00,5.46,92724.7,0,0.00,0.00,2
9851,0.025,0.022,0.986,-0.122,-0.183,0.000,3.678,-8.765,-59.635,0.9981,0.0187,-0.0431,0.0386,-0.01,-0.00,0.00,5.39,92723.4,0,0.00,0.00,2
9871,0.027,0.021,0.988,-0.122,-0.305,0.000,3.678,-8.765,-59.635,0.9981,0.0183,-0.0435,0.0391,-0.01,0.00,0.00,5.41,92722.7,0,0.00,0.00,2
9891,0.028,0.021,0.986,-0.122,-0.305,-0.061,3.678,-8.765,-59.635,0.9981,0.0184,-0.0437,0.0399,-0.01,0.00,0.00,5.43,92722.1,0,0.00,0.00,2
9912,0.026,0.022,0.989,-0.122,-0.183,-0.061,3.678,-8.765,-59.635,0.9981,0.0187,-0.0432,0.0404,-0.01,0.00,0.00,5.39,92721.7,0,0.00,0.00,2
9932,0.026,0.022,0.987,-0.061,-0.305,0.122,3.678,-8.765,-59.635,0.9981,0.0187,-0.0431,0.0411,-0.01,0.00,0.00,5.39,92721.4,0,0.00,0.00,2
9951,0.026,0.021,0.990,-0.122,-0.244,0.000,3.678,-8.765,-59.635,0.9980,0.0183,-0.0431,0.0417,-0.01,0.00,0.00,5.37,92722.1,0,0.00,0.00,2
9971,0.027,0.023,0.988,-0.061,-0.183,0.000,3.678,-8.765,-59.635,0.9980,0.0189,-0.0435,0.0422,-0.01,-0.00,0.00,5.44,92723.4,0,0.00,0.00,2
9991,0.027,0.021,0.986,-0.061,-0.244,0.000,3.678,-8.765,-59.635,0.9980,0.0184,-0.0433,0.0428,-0.01,-0.00,0.00,5.39,92725.4,0,0.00,0.00,2
10012,0.026,0.021,0.987,-0.061,-0.183,0.000,3.678,-8.765,-59.635,0.9980,0.0182,-0.0429,0.0434,-0.01,0.00,0.00,5.35,92721.4,0,0.00,0.00,2
10032,0.026,0.021,0.989,-0.122,-0.183,-0.061,3.678,-8.765,-59.635,0.9979,0.0182,-0.0431,0.0442,-0.01,-0.00,0.00,5.36,92723.4,0,0.00,0.00,2
10052,0.028,0.021,0.989,0.000,-0.122,0.061,3.678,-8.765,-59.635,0.9979,0.0183,-0.0437,0.0448,-0.01,-0.00,0.00,5.43,92725.4,0,0.00,0.00,2
10071,0.026,0.021,0.991,-0.122,-0.122,0.000,3.678,-8.765,-59.635,0.9979,0.0184,-0.0432,0.0453,-0.01,-0.00,0.00,5.38,92727.5,0,0.00,0.00,2
10091,0.028,0.024,0.989,-0.122,-0.122,0.000,3.678,-8.765,-59.635,0.9978,0.0191,-0.0435,0.0458,-0.01,-0.00,0.00,5.45,92729.6,0,0.00,0.00,2
10111,0.028,0.023,0.987,-0.122,-0.244,-0.061,3.678,-8.765,-59.635,0.9978,0.0192,-0.0433,0.0465,-0.01,-0.00,0.00,5.43,92725.4,0,0.00,0.00,2
10131,0.026,0.021,0.991,-0.061,-0.122,0.061,3.678,-8.765,-59.635,0.9978,0.0187,-0.0431,0.0470,-0.01,-0.00,0.00,5.38,92724.7,0,0.00,0.00,2
10152,0.026,0.021,0.987,-0.183,-0.183,0.061,3.678,-8.765,-59.635,0.9978,0.0185,-0.0430,0.0477,-0.01,0.00,0.00,5.37,92722.1,0,0.00,0.00,2
10171,0.028,0.021,0.990,-0.061,-0.183,-0.122,3.678,-8.765,-59.635,0.9977,0.0184,-0.0437,0.0483,-0.01,-0.00,0.00,5.43,92723.8,0,0.00,0.00,2
10191,0.026,0.021,0.990,-0.183,-0.305,0.000,3.678,-8.765,-59.635,0.9977,0.0184,-0.0431,0.0488,-0.01,0.00,0.00,5.37,92722.0,0,0.00,0.00,2
10211,0.026,0.022,0.990,-0.122,-0.122,-0.061,3.678,-8.765,-59.635,0.9977,0.0187,-0.0429,0.0495,-0.01,-0.00,0.00,5.36,92724.7,0,0.00,0.00,2
10231,0.028,0.021,0.989,-0.061,-0.244,0.000,3.678,-8.765,-59.635,0.9976,0.0187,-0.0435,0.0500,-0.01,0.00,0.00,5.43,92721.8,0,0.00,0.00,2
10251,0.027,0.021,0.989,-0.061,-0.244,0.061,3.678,-8.765,-59.635,0.9976,0.0186,-0.0431,0.0507,-0.01,0.00,0.00,5.39,92720.5,0,0.00,0.00,2
10272,0.027,0.021,0.987,-0.061,-0.122,-0.061,3.678,-8.765,-59.635,0.9976,0.0186,-0.0434,0.0515,-0.01,-0.00,0.00,5.41,92725.5,0,0.00,0.00,2
10292,0.027,0.022,0.987,-0.061,-0.244,-0.122,3.678,-8.765,-59.635,0.9975,0.0190,-0.0432,0.0522,-0.01,0.00,0.00,5.41,92721.3,0,0.00,0.00,2
10311,0.028,0.023,0.985,-0.061,-0.244,0.061,3.678,-8.765,-59.635,0.9975,0.0192,-0.0434,0.0529,-0.01,0.00,0.00,5.44,92721.3,0,0.00,0.00,2
10331,0.027,0.023,0.987,-0.122,-0.305,0.000,3.678,-8.765,-59.635,0.9975,0.0192,-0.0430,0.0536,-0.01,0.00,0.00,5.40,92721.4,0,0.00,0.00,2
10351,0.027,0.021,0.989,-0.122,-0.305,0.000,3.678,-8.765,-59.635,0.9974,0.0187,-0.0430,0.0543,-0.01,-0.00,0.00,5.38,92723.4,0,0.00,0.00,2
10371,0.027,0.021,0.990,0.000,-0.305,0.000,3.678,-8.765,-59.635,0.9974,0.0183,-0.0431,0.0550,-0.01,-0.00,0.00,5.37,92724.8,0,0.00,0.00,2
10392,0.027,0.023,0.988,-0.183,-0.122,0.000,3.678,-8.765,-59.635,0.9973,0.0190,-0.0431,0.0555,-0.01,0.00,0.00,5.40,92720.0,0,0.00,0.00,2
10411,0.027,0.022,0.987,-0.122,-0.244,0.000,3.678,-8.765,-59.635,0.9973,0.0191,-0.0431,0.0563,-0.01,-0.00,0.00,5.41,92724.6,0,0.00,0.00,2
10431,0.025,0.022,0.989,-0.183,-0.183,0.000,3.678,-8.765,-59.635,0.9973,0.0190,-0.0426,0.0569,-0.01,0.00,0.00,5.35,92722.0,0,0.00,0.00,2
10451,0.025,0.022,0.988,-0.122,-0.183,0.000,3.678,-8.765,-59.635,0.9972,0.0190,-0.0426,0.0577,-0.01,-0.00,0.00,5.35,92724.5,0,0.00,0.00,2
10471,0.026,0.021,0.989,-0.122,-0.244,0.061,3.678,-8.765,-59.635,0.9972,0.0187,-0.0428,0.0585,-0.01,-0.00,0.00,5.35,92723.4,0,0.00,0.00,2
10491,0.027,0.021,0.986,-0.183,-0.122,0.000,3.678,-8.765,-59.635,0.9971,0.0188,-0.0433,0.0592,-0.01,-0.00,0.00,5.41,92725.1,0,0.00,0.00,2
10512,0.026,0.022,0.992,-0.122,-0.122,-0.061,3.678,-8.765,-59.635,0.9971,0.0189,-0.0428,0.0598,-0.01,0.00,0.00,5.36,92723.1,0,0.00,0.00,2
10532,0.027,0.023,0.991,-0.122,-0.183,-0.061,3.678,-8.765,-59.635,0.9971,0.0194,-0.0430,0.0605,-0.01,0.00,0.00,5.41,92723.3,0,0.00,0.00,2
10551,0.028,0.022,0.989,-0.122,-0.244,-0.061,3.678,-8.765,-59.635,0.9970,0.0191,-0.0432,0.0613,-0.01,0.00,0.00,5.41,92720.6,0,0.00,0.00,2
10571,0.027,0.024,0.988,-0.122,-0.305,0.061,3.678,-8.765,-59.635,0.9970,0.0196,-0.0428,0.0619,-0.01,-0.00,0.00,5.40,92724.5,0,0.00,0.00,2
10591,0.027,0.022,0.989,-0.122,-0.122,0.000,3.678,-8.765,-59.635,0.9969,0.0191,-0.0430,0.0626,-0.01,-0.00,0.00,5.39,92726.6,0,0.00,0.00,2
10611,0.025,0.022,0.988,0.061,-0.244,0.000,3.678,-8.765,-59.635,0.9969,0.0191,-0.0425,0.0632,-0.01,-0.00,0.00,5.34,92725.4,0,0.00,0.00,2
10632,0.025,0.022,0.987,-0.061,-0.244,0.000,3.678,-8.765,-59.635,0.9969,0.0192,-0.0425,0.0640,-0.01,-0.00,0.00,5.35,92723.8,0,0.00,0.00,2
10651,0.026,0.021,0.988,-0.122,-0.122,0.000,3.678,-8.765,-59.635,0.9968,0.0189,-0.0428,0.0648,-0.02,-0.00,0.00,5.36,92728.8,0,0.00,0.00,2
10671,0.027,0.020,0.992,-0.122,-0.244,0.000,3.678,-8.765,-59.635,0.9968,0.0184,-0.0429,0.0655,-0.01,0.00,0.00,5.35,92722.0,0,0.00,0.00,2
10691,0.025,0.022,0.989,-0.061,-0.183,0.000,3.678,-8.765,-59.635,0.9967,0.0190,-0.0426,0.0661,-0.01,0.00,0.00,5.35,92721.8,0,0.00,0.00,2
10711,0.027,0.022,0.989,0.000,-0.244,-0.122,3.678,-8.765,-59.635,0.9966,0.0193,-0.0429,0.0669,-0.01,0.00,0.00,5.40,92720.0,0,0.00,0.00,2
10731,0.027,0.022,0.988,-0.061,-0.366,0.061,3.678,-8.765,-59.635,0.9966,0.0193,-0.0427,0.0677,-0.01,-0.00,0.00,5.37,92723.9,0,0.00,0.00,2
10752,0.028,0.020,0.988,-0.122,-0.244,0.061,3.678,-8.765,-59.635,0.9966,0.0187,-0.0430,0.0683,-0.01,0.00,0.00,5.38,92722.7,0,0.00,0.00,2
10771,0.026,0.022,0.987,-0.061,-0.061,0.000,3.678,-8.765,-59.635,0.9965,0.0192,-0.0426,0.0690,-0.01,0.00,0.00,5.36,92722.7,0,0.00,0.00,2
10791,0.026,0.021,0.989,-0.122,-0.244,0.000,3.678,-8.765,-59.635,0.9965,0.0189,-0.0425,0.0698,-0.01,0.00,0.00,5.33,92722.1,0,0.00,0.00,2
10811,0.027,0.022,0.987,0.000,-0.183,0.000,3.678,-8.765,-59.635,0.9964,0.0193,-0.0429,0.0705,-0.01,-0.00,0.00,5.39,92726.0,0,0.00,0.00,2
10831,0.027,0.022,0.988,-0.122,-0.183,0.000,3.678,-8.765,-59.635,0.9963,0.0194,-0.0428,0.0714,-0.01,-0.00,0.00,5.39,92725.8,0,0.00,0.00,2
10851,0.027,0.021,0.989,-0.122,-0.122,0.000,3.678,-8.765,-59.635,0.9963,0.0190,-0.0429,0.0722,-0.01,0.00,0.00,5.38,92722.7,0,0.00,0.00,2
10872,0.026,0.022,0.989,-0.061,-0.305,-0.061,3.678,-8.765,-59.635,0.9962,0.0194,-0.0425,0.0729,-0.01,0.00,0.00,5.36,92723.3,0,0.00,0.00,2
10891,0.027,0.021,0.988,-0.122,-0.305,-0.061,3.678,-8.765,-59.635,0.9962,0.0189,-0.0427,0.0737,-0.01,0.00,0.00,5.36,92722.6,0,0.00,0.00,2
10911,0.025,0.021,0.989,-0.061,-0.305,0.061,3.678,-8.765,-59.635,0.9962,0.0190,-0.0422,0.0744,-0.02,-0.00,0.00,5.31,92729.3,0,0.00,0.00,2
10931,0.028,0.022,0.989,-0.122,-0.305,0.000,3.678,-8.765,-59.635,0.9961,0.0192,-0.0429,0.0750,-0.02,0.00,0.00,5.39,92723.3,0,0.00,0.00,2
10951,0.024,0.022,0.986,0.000,-0.244,0.061,3.678,-8.765,-59.635,0.9961,0.0194,-0.0423,0.0756,-0.01,0.00,0.00,5.33,92721.3,0,0.00,0.00,2
10971,0.028,0.021,0.990,-0.122,-0.244,0.061,3.678,-8.765,-59.635,0.9960,0.0191,-0.0429,0.0763,-0.01,-0.00,0.00,5.38,92723.4,0,0.00,0.00,2
10992,0.028,0.022,0.989,-0.061,-0.244,0.000,3.678,-8.765,-59.635,0.9959,0.0194,-0.0430,0.0772,-0.02,-0.00,0.00,5.40,92724.6,0,0.00,0.00,2
11012,0.026,0.023,0.987,-0.061,-0.183,0.000,3.678,-8.765,-59.635,0.9959,0.0196,-0.0425,0.0779,-0.01,0.00,0.00,5.36,92722.0,0,0.00,0.00,2
11031,0.026,0.021,0.988,-0.061,-0.122,0.000,3.678,-8.765,-59.635,0.9958,0.0191,-0.0424,0.0786,-0.01,0.00,0.00,5.33,92720.4,0,0.00,0.00,2
11051,0.026,0.023,0.989,-0.122,-0.122,-0.061,3.678,-8.765,-59.635,0.9958,0.0197,-0.0424,0.0793,-0.02,-0.00,0.00,5.36,92727.2,0,0.00,0.00,2
11071,0.027,0.021,0.989,-0.061,-0.122,0.000,3.678,-8.765,-59.635,0.9957,0.0193,-0.0427,0.0801,-0.01,0.00,0.00,5.38,92720.0,0,0.00,0.00,2
11091,0.024,0.023,0.987,0.000,-0.244,0.000,3.678,-8.765,-59.635,0.9957,0.0196,-0.0422,0.0807,-0.01,0.00,0.00,5.33,92721.8,0,0.00,0.00,2
11112,0.026,0.021,0.991,-0.061,-0.122,-0.061,3.678,-8.765,-59.635,0.9956,0.0192,-0.0423,0.0815,-0.01,-0.00,0.00,5.33,92724.0,0,0.00,0.00,2
11132,0.027,0.021,0.988,-0.122,-0.122,-0.122,3.678,-8.765,-59.635,0.9955,0.0189,-0.0427,0.0824,-0.01,-0.00,0.00,5.35,92725.8,0,0.00,0.00,2
11151,0.027,0.022,0.992,-0.061,-0.122,-0.122,3.678,-8.765,-59.635,0.9954,0.0195,-0.0426,0.0832,-0.02,-0.00,0.00,5.37,92724.7,0,0.00,0.00,2
11171,0.026,0.023,0.987,-0.061,-0.244,-0.061,3.678,-8.765,-59.635,0.9954,0.0198,-0.0422,0.0840,-0.02,-0.00,0.00,5.34,92724.6,0,0.00,0.00,2
11191,0.027,0.021,0.987,-0.122,-0.244,-0.061,3.678,-8.765,-59.635,0.9953,0.0193,-0.0425,0.0847,-0.01,0.00,0.00,5.35,92721.4,0,0.00,0.00,2
11211,0.025,0.022,0.989,-0.061,-0.183,-0.061,3.678,-8.765,-59.635,0.9953,0.0196,-0.0421,0.0855,-0.01,0.00,0.00,5.32,92719.8,0,0.00,0.00,2
11232,0.026,0.022,0.992,-0.122,-0.122,0.000,3.678,-8.765,-59.635,0.9952,0.0196,-0.0424,0.0864,-0.01,0.00,0.00,5.36,92722.5,0,0.00,0.00,2
11251,0.026,0.021,0.990,0.000,-0.183,-0.061,3.678,-8.765,-59.635,0.9951,0.0191,-0.0422,0.0872,-0.01,0.00,0.00,5.32,92723.1,0,0.00,0.00,2
11271,0.025,0.022,0.991,-0.061,-0.244,0.061,3.678,-8.765,-59.635,0.9950,0.0195,-0.0419,0.0880,-0.01,-0.00,0.00,5.30,92727.1,0,0.00,0.00,2
11291,0.024,0.021,0.989,-0.061,-0.183,0.000,3.678,-8.765,-59.635,0.9950,0.0191,-0.0418,0.0889,-0.01,0.00,0.00,5.27,92722.9,0,0.00,0.00,2
11311,0.026,0.022,0.991,-0.122,-0.244,0.061,3.678,-8.765,-59.635,0.9949,0.0195,-0.0423,0.0896,-0.01,0.00,0.00,5.34,92722.7,0,0.00,0.00,2
11331,0.026,0.021,0.990,-0.122,-0.244,0.061,3.678,-8.765,-59.635,0.9948,0.0192,-0.0423,0.0905,-0.01,-0.00,0.00,5.32,92724.3,0,0.00,0.00,2
11352,0.027,0.022,0.989,-0.122,-0.122,0.000,3.678,-8.765,-59.635,0.9947,0.0197,-0.0426,0.0913,-0.01,0.00,0.00,5.38,92722.5,0,0.00,0.00,2
11371,0.028,0.021,0.988,-0.061,-0.244,0.000,3.678,-8.765,-59.635,0.9946,0.0193,-0.0427,0.0922,-0.01,-0.00,0.00,5.37,92725.4,0,0.00,0.00,2
11391,0.027,0.024,0.988,-0.061,-0.244,0.000,3.678,-8.765,-59.635,0.9946,0.0200,-0.0425,0.0929,-0.01,0.00,0.00,5.39,92717.6,0,0.00,0.00,2
11411,0.028,0.022,0.990,-0.061,-0.244,0.000,3.678,-8.765,-59.635,0.9945,0.0198,-0.0425,0.0939,-0.01,0.00,0.00,5.38,92719.7,0,0.00,0.00,2
11431,0.028,0.021,0.987,-0.122,-0.305,0.061,3.678,-8.765,-59.635,0.9944,0.0195,-0.0426,0.0948,-0.01,0.00,0.00,5.37,92722.1,0,0.00,0.00,2
11451,0.026,0.022,0.992,-0.061,-0.183,0.000,3.678,-8.765,-59.635,0.9943,0.0197,-0.0421,0.0956,-0.01,0.00,0.00,5.33,92719.5,0,0.00,0.00,2
11472,0.026,0.022,0.990,0.000,-0.244,0.061,3.678,-8.765,-59.635,0.9942,0.0197,-0.0420,0.0966,-0.01,-0.00,0.00,5.31,92723.8,0,0.00,0.00,2
11491,0.027,0.022,0.988,-0.122,-0.183,0.061,3.678,-8.765,-59.635,0.9941,0.0197,-0.0425,0.0974,-0.01,-0.00,0.00,5.37,92729.2,0,0.00,0.00,2
11511,0.028,0.022,0.990,-0.183,-0.183,0.000,3.678,-8.765,-59.635,0.9940,0.0199,-0.0425,0.0984,-0.01,-0.00,0.00,5.38,92723.8,0,0.00,0.00,2
11531,0.026,0.021,0.988,-0.122,-0.122,0.000,3.678,-8.765,-59.635,0.9940,0.0197,-0.0420,0.0992,-0.01,-0.00,0.00,5.32,92724.7,0,0.00,0.00,2
11551,0.029,0.021,0.987,-0.183,-0.122,0.000,3.678,-8.765,-59.635,0.9939,0.0197,-0.0427,0.1000,-0.01,-0.00,0.00,5.39,92725.4,0,0.00,0.00,2
11571,0.027,0.021,0.989,-0.122,-0.122,-0.061,3.678,-8.765,-59.635,0.9938,0.0196,-0.0422,0.1008,-0.01,0.00,0.00,5.34,92721.2,0,0.00,0.00,2
11592,0.027,0.023,0.990,-0.122,-0.183,0.000,3.678,-8.765,-59.635,0.9937,0.0201,-0.0423,0.1017,-0.01,-0.00,0.00,5.37,92724.6,0,0.00,0.00,2
11612,0.025,0.021,0.986,-0.183,-0.122,0.000,3.678,-8.765,-59.635,0.9937,0.0198,-0.0419,0.1025,-0.01,-0.00,0.00,5.31,92725.8,0,0.00,0.00,2
11631,0.028,0.023,0.990,-0.061,-0.244,0.000,1.839,-7.334,-59.635,0.9936,0.0195,-0.0413,0.1030,-0.01,-0.00,0.00,5.23,92723.8,0,0.00,0.00,2
11651,0.028,0.022,0.988,-0.122,-0.122,-0.061,3.310,-8.050,-59.635,0.9936,0.0194,-0.0406,0.1036,-0.01,0.00,0.00,5.15,92723.1,0,0.00,0.00,2
11671,0.026,0.023,0.989,-0.061,-0.244,0.061,3.310,-8.050,-59.635,0.9936,0.0193,-0.0399,0.1041,-0.01,0.00,0.00,5.08,92722.5,0,0.00,0.00,2
11691,0.027,0.023,0.989,-0.122,-0.305,0.000,3.310,-8.050,-59.635,0.9935,0.0192,-0.0392,0.1048,-0.01,0.00,0.00,5.00,92723.1,0,0.00,0.00,2
11712,0.027,0.021,0.989,-0.061,-0.183,-0.061,3.310,-8.050,-59.635,0.9934,0.0187,-0.0392,0.1057,-0.01,0.00,0.00,4.98,92723.1,0,0.00,0.00,2
11732,0.028,0.021,0.986,-0.061,-0.183,-0.061,3.310,-8.050,-59.635,0.9933,0.0186,-0.0397,0.1066,-0.01,-0.00,0.00,5.02,92724.8,0,0.00,0.00,2
11752,0.029,0.022,0.990,-0.061,-0.305,-0.061,3.310,-8.050,-59.635,0.9932,0.0190,-0.0398,0.1075,-0.01,-0.00,0.00,5.05,92724.6,0,0.00,0.00,2
11772,0.026,0.022,0.987,-0.122,-0.061,-0.061,3.310,-8.050,-59.635,0.9932,0.0189,-0.0391,0.1082,-0.01,0.00,0.00,4.98,92719.2,0,0.00,0.00,2
11791,0.026,0.022,0.990,-0.061,-0.305,0.061,3.310,-8.050,-59.635,0.9931,0.0190,-0.0387,0.1091,-0.01,0.00,0.00,4.95,92723.3,0,0.00,0.00,2
11811,0.026,0.023,0.985,-0.183,-0.183,0.000,3.310,-8.050,-59.635,0.9930,0.0192,-0.0388,0.1101,-0.01,0.00,0.00,4.96,92719.8,0,0.00,0.00,2
11832,0.028,0.021,0.989,-0.061,-0.183,-0.061,3.310,-8.050,-59.635,0.9929,0.0188,-0.0392,0.1109,-0.01,0.00,0.00,4.99,92721.3,0,0.00,0.00,2
11851,0.026,0.021,0.987,-0.183,-0.244,-0.061,3.310,-8.050,-59.635,0.9928,0.0186,-0.0387,0.1117,-0.01,0.00,0.00,4.92,92721.2,0,0.00,0.00,2
11871,0.027,0.022,0.986,-0.061,-0.183,0.061,3.310,-8.050,-59.635,0.9927,0.0190,-0.0391,0.1125,-0.01,0.00,0.00,4.98,92721.3,0,0.00,0.00,2
11891,0.027,0.021,0.992,0.000,-0.244,0.061,3.310,-8.050,-59.635,0.9926,0.0185,-0.0390,0.1134,-0.01,0.00,0.00,4.95,92722.5,0,0.00,0.00,2
11911,0.025,0.021,0.989,-0.122,-0.305,0.000,3.310,-8.050,-59.635,0.9925,0.0184,-0.0385,0.1143,-0.01,-0.00,0.00,4.89,92725.2,0,0.00,0.00,2
11931,0.028,0.021,0.990,-0.061,-0.183,0.061,3.310,-8.050,-59.635,0.9924,0.0186,-0.0392,0.1151,-0.01,-0.00,0.00,4.97,92725.1,0,0.00,0.00,2
11952,0.027,0.023,0.989,-0.122,-0.061,0.000,3.310,-8.050,-59.635,0.9923,0.0192,-0.0391,0.1158,-0.01,0.00,0.00,5.00,92722.5,0,0.00,0.00,2
11972,0.026,0.021,0.986,-0.061,-0.244,-0.061,3.310,-8.050,-59.635,0.9922,0.0189,-0.0386,0.1167,-0.01,0.00,0.00,4.93,92720.8,0,0.00,0.00,2
11991,0.026,0.021,0.992,-0.061,-0.244,0.000,3.310,-8.050,-59.635,0.9921,0.0188,-0.0387,0.1177,-0.01,0.00,0.00,4.93,92722.5,0,0.00,0.00,2
12011,0.028,0.021,0.987,-0.061,-0.122,0.000,3.310,-8.050,-59.635,0.9920,0.0188,-0.0393,0.1186,-0.01,0.00,0.00,4.99,92719.2,0,0.00,0.00,2
12031,0.027,0.022,0.987,-0.061,-0.305,0.061,3.310,-8.050,-59.635,0.9919,0.0191,-0.0389,0.1195,-0.01,0.00,0.00,4.97,92722.6,0,0.00,0.00,2
12051,0.026,0.022,0.986,-0.061,-0.244,0.000,3.310,-8.050,-59.635,0.9918,0.0193,-0.0386,0.1204,-0.01,-0.00,0.00,4.94,92724.1,0,0.00,0.00,2
12072,0.027,0.022,0.986,0.000,-0.122,-0.061,3.310,-8.050,-59.635,0.9917,0.0192,-0.0391,0.1214,-0.01,0.00,0.00,4.99,92722.6,0,0.00,0.00,2
12091,0.029,0.022,0.986,-0.061,-0.183,0.000,3.310,-8.050,-59.635,0.9915,0.0192,-0.0395,0.1223,-0.01,0.00,0.00,5.03,92723.1,0,0.00,0.00,2
12111,0.026,0.022,0.986,0.000,-0.183,-0.061,3.310,-8.050,-59.635,0.9914,0.0192,-0.0388,0.1231,-0.01,0.00,0.00,4.96,92718.2,0,0.00,0.00,2
12131,0.027,0.021,0.988,-0.122,-0.244,-0.061,3.310,-8.050,-59.635,0.9913,0.0189,-0.0388,0.1241,-0.01,-0.00,0.00,4.95,92724.2,0,0.00,0.00,2
12151,0.025,0.022,0.989,-0.122,-0.305,0.000,3.310,-8.050,-59.635,0.9912,0.0192,-0.0382,0.1250,-0.01,-0.00,0.00,4.90,92723.8,0,0.00,0.00,2
12171,0.027,0.023,0.992,-0.061,-0.183,0.122,3.310,-8.050,-59.635,0.9911,0.0194,-0.0388,0.1258,-0.01,-0.00,0.00,4.97,92726.0,0,0.00,0.00,2
12192,0.028,0.025,0.989,-0.061,-0.122,0.000,3.310,-8.050,-59.635,0.9910,0.0201,-0.0389,0.1266,-0.01,0.00,0.00,5.02,92721.2,0,0.00,0.00,2
12212,0.026,0.024,0.986,-0.122,-0.183,-0.061,3.310,-8.050,-59.635,0.9909,0.0199,-0.0383,0.1275,-0.01,-0.00,0.00,4.95,92725.1,0,0.00,0.00,2
12232,0.027,0.023,0.987,-0.061,-0.183,0.061,3.310,-8.050,-59.635,0.9908,0.0196,-0.0388,0.1284,-0.01,0.00,0.00,4.98,92723.1,0,0.00,0.00,2
12251,0.027,0.021,0.988,-0.061,-0.183,-0.061,3.310,-8.050,-59.635,0.9907,0.0192,-0.0388,0.1293,-0.01,0.00,0.00,4.96,92722.2,0,0.00,0.00,2
12271,0.028,0.021,0.988,-0.061,-0.244,0.000,3.310,-8.050,-59.635,0.9905,0.0190,-0.0391,0.1304,-0.01,0.00,0.00,4.98,92721.7,0,0.00,0.00,2
12291,0.030,0.022,0.989,-0.061,-0.183,0.061,3.310,-8.050,-59.635,0.9904,0.0194,-0.0395,0.1312,-0.01,-0.00,0.00,5.04,92723.8,0,0.00,0.00,2
12312,0.026,0.022,0.986,-0.061,-0.244,-0.061,3.310,-8.050,-59.635,0.9903,0.0194,-0.0388,0.1320,-0.01,0.00,0.00,4.97,92719.5,0,0.00,0.00,2
12332,0.027,0.022,0.986,-0.122,-0.305,-0.061,3.310,-8.050,-59.635,0.9902,0.0195,-0.0385,0.1330,-0.01,0.00,0.00,4.95,92720.5,0,0.00,0.00,2
12351,0.027,0.020,0.992,-0.061,-0.244,-0.061,3.310,-8.050,-59.635,0.9901,0.0190,-0.0387,0.1339,-0.01,0.00,0.00,4.94,92721.2,0,0.00,0.00,2
12371,0.027,0.022,0.986,-0.122,-0.183,0.061,3.310,-8.050,-59.635,0.9899,0.0195,-0.0386,0.1348,-0.01,0.00,0.00,4.96,92720.2,0,0.00,0.00,2
12391,0.028,0.021,0.989,-0.061,-0.183,-0.061,3.310,-8.050,-59.635,0.9898,0.0192,-0.0389,0.1358,-0.01,-0.00,0.00,4.97,92727.2,0,0.00,0.00,2
12411,0.029,0.021,0.988,-0.061,-0.244,0.061,3.310,-8.050,-59.635,0.9896,0.0194,-0.0393,0.1368,-0.01,0.00,0.00,5.02,92723.1,0,0.00,0.00,2
12432,0.027,0.021,0.990,-0.061,-0.305,-0.061,3.310,-8.050,-59.635,0.9895,0.0193,-0.0387,0.1377,-0.01,0.00,0.00,4.96,92722.8,0,0.00,0.00,2
12452,0.028,0.021,0.990,-0.122,-0.244,0.061,3.310,-8.050,-59.635,0.9894,0.0190,-0.0389,0.1387,-0.01,-0.00,0.00,4.96,92723.8,0,0.00,0.00,2
12471,0.027,0.021,0.990,-0.122,-0.244,-0.122,3.310,-8.050,-59.635,0.9892,0.0192,-0.0386,0.1398,-0.01,-0.00,0.00,4.94,92724.3,0,0.00,0.00,2
12491,0.026,0.022,0.990,-0.122,-0.244,0.061,3.310,-8.050,-59.635,0.9891,0.0195,-0.0382,0.1407,-0.01,-0.00,0.00,4.92,92726.6,0,0.00,0.00,2
12511,0.027,0.021,0.989,-0.183,-0.244,0.000,3.310,-8.050,-59.635,0.9890,0.0193,-0.0386,0.1417,-0.01,-0.00,0.00,4.95,92726.4,0,0.00,0.00,2
12531,0.026,0.022,0.985,0.000,-0.305,0.000,3.310,-8.050,-59.635,0.9888,0.0195,-0.0382,0.1427,-0.01,0.00,0.00,4.92,92720.2,0,0.00,0.00,2
12552,0.025,0.023,0.989,-0.183,-0.244,0.000,3.310,-8.050,-59.635,0.9887,0.0199,-0.0379,0.1437,-0.01,0.00,0.00,4.91,92721.3,0,0.00,0.00,2
12572,0.027,0.023,0.992,0.000,-0.183,0.000,3.310,-8.050,-59.635,0.9885,0.0200,-0.0383,0.1447,-0.01,0.00,0.00,4.96,92717.8,0,0.00,0.00,2
12591,0.028,0.020,0.993,0.061,-0.183,-0.061,3.310,-8.050,-59.635,0.9884,0.0194,-0.0385,0.1455,-0.01,-0.00,0.00,4.95,92723.8,0,0.00,0.00,2
12611,0.026,0.022,0.991,-0.122,-0.244,0.000,3.310,-8.050,-59.635,0.9883,0.0195,-0.0380,0.1465,-0.01,-0.00,0.00,4.90,92723.7,0,0.00,0.00,2
12631,0.027,0.022,0.987,-0.061,-0.183,0.061,3.310,-8.050,-59.635,0.9881,0.0196,-0.0385,0.1474,-0.01,0.00,0.00,4.96,92720.2,0,0.00,0.00,2
12651,0.026,0.022,0.990,-0.061,-0.244,-0.061,3.310,-8.050,-59.635,0.9880,0.0198,-0.0381,0.1485,-0.01,0.00,0.00,4.92,92722.3,0,0.00,0.00,2
12672,0.026,0.021,0.987,-0.061,-0.183,-0.061,3.310,-8.050,-59.635,0.9878,0.0194,-0.0381,0.1496,-0.01,0.00,0.00,4.90,92721.5,0,0.00,0.00,2
12691,0.026,0.021,0.990,-0.183,-0.183,0.000,3.310,-8.050,-59.635,0.9877,0.0194,-0.0383,0.1507,-0.00,0.00,0.00,4.92,92719.5,0,0.00,0.00,2
12711,0.025,0.021,0.989,-0.122,-0.366,0.000,3.310,-8.050,-59.635,0.9875,0.0194,-0.0377,0.1517,-0.00,-0.00,0.00,4.86,92724.3,0,0.00,0.00,2
12731,0.026,0.020,0.987,-0.061,-0.183,0.000,3.310,-8.050,-59.635,0.9874,0.0191,-0.0382,0.1526,-0.01,-0.00,0.00,4.90,92724.2,0,0.00,0.00,2
12751,0.027,0.022,0.987,-0.122,-0.183,0.000,3.310,-8.050,-59.635,0.9872,0.0196,-0.0383,0.1536,-0.01,-0.00,0.00,4.94,92729.1,0,0.00,0.00,2
12771,0.025,0.023,0.988,-0.061,-0.244,0.061,3.310,-8.050,-59.635,0.9871,0.0199,-0.0377,0.1545,-0.01,-0.00,0.00,4.89,92726.4,0,0.00,0.00,2
12792,0.028,0.021,0.990,-0.183,-0.244,-0.061,3.310,-8.050,-59.635,0.9869,0.0197,-0.0384,0.1554,-0.01,-0.00,0.00,4.94,92727.1,0,0.00,0.00,2
12812,0.026,0.021,0.987,-0.122,-0.122,0.000,3.310,-8.050,-59.635,0.9868,0.0194,-0.0379,0.1564,-0.01,0.00,0.00,4.89,92722.1,0,0.00,0.00,2
12831,0.027,0.022,0.989,-0.061,-0.183,0.000,3.310,-8.050,-59.635,0.9866,0.0197,-0.0384,0.1574,-0.01,0.00,0.00,4.95,92720.9,0,0.00,0.00,2
12851,0.027,0.022,0.988,0.000,-0.244,-0.061,3.310,-8.050,-59.635,0.9864,0.0200,-0.0382,0.1585,-0.01,-0.00,0.00,4.94,92725.8,0,0.00,0.00,2
12872,0.027,0.023,0.988,-0.061,-0.122,0.061,3.310,-8.050,-59.635,0.9862,0.0202,-0.0380,0.1597,-0.01,-0.00,0.00,4.93,92725.0,0,0.00,0.00,2
12891,0.025,0.023,0.988,0.000,-0.244,0.061,3.310,-8.050,-59.635,0.9861,0.0202,-0.0374,0.1606,-0.01,0.00,0.00,4.87,92722.8,0,0.00,0.00,2
12912,0.028,0.024,0.989,-0.122,-0.183,-0.061,3.310,-8.050,-59.635,0.9859,0.0204,-0.0380,0.1616,-0.01,-0.00,0.00,4.95,92724.2,0,0.00,0.00,2
12931,0.028,0.022,0.989,-0.183,-0.244,0.061,3.310,-8.050,-59.635,0.9857,0.0200,-0.0382,0.1626,-0.01,0.00,0.00,4.95,92722.8,0,0.00,0.00,2
12951,0.027,0.021,0.988,-0.061,-0.183,0.000,3.310,-8.050,-59.635,0.9856,0.0195,-0.0381,0.1636,-0.01,0.00,0.00,4.90,92722.6,0,0.00,0.00,2
12971,0.027,0.023,0.986,-0.061,-0.244,0.000,3.310,-8.050,-59.635,0.9854,0.0201,-0.0380,0.1646,-0.01,-0.00,0.00,4.93,92725.1,0,0.00,0.00,2
12991,0.028,0.024,0.991,0.000,-0.305,-0.061,3.310,-8.050,-59.635,0.9852,0.0207,-0.0382,0.1656,-0.01,-0.00,0.00,4.98,92724.8,0,0.00,0.00,2
13011,0.026,0.023,0.989,-0.122,-0.244,-0.061,3.310,-8.050,-59.635,0.9851,0.0204,-0.0377,0.1666,-0.01,0.00,0.00,4.91,92722.3,0,0.00,0.00,2
13032,0.029,0.021,0.988,-0.122,-0.122,0.000,3.310,-8.050,-59.635,0.9849,0.0201,-0.0383,0.1675,-0.01,0.00,0.00,4.96,92721.2,0,0.00,0.00,2
13052,0.028,0.023,0.991,0.000,-0.061,-0.061,3.310,-8.050,-59.635,0.9847,0.0204,-0.0381,0.1686,-0.01,-0.00,0.00,4.95,92725.1,0,0.00,0.00,2
13071,0.030,0.021,0.988,-0.061,-0.183,0.000,3.310,-8.050,-59.635,0.9846,0.0201,-0.0386,0.1696,-0.01,0.00,0.00,4.99,92722.9,0,0.00,0.00,2
13091,0.028,0.024,0.987,-0.122,-0.244,0.000,3.310,-8.050,-59.635,0.9844,0.0206,-0.0381,0.1705,-0.01,0.00,0.00,4.97,92722.2,0,0.00,0.00,2
13111,0.028,0.022,0.989,-0.061,-0.061,0.000,3.310,-8.050,-59.635,0.9842,0.0201,-0.0381,0.1716,-0.01,0.00,0.00,4.94,92722.5,0,0.00,0.00,2
13131,0.027,0.023,0.986,-0.061,-0.244,0.000,3.310,-8.050,-59.635,0.9840,0.0206,-0.0379,0.1727,-0.01,-0.00,0.00,4.94,92725.9,0,0.00,0.00,2
13152,0.026,0.022,0.991,-0.061,-0.183,-0.061,3.310,-8.050,-59.635,0.9839,0.0203,-0.0374,0.1737,-0.01,0.00,0.00,4.88,92722.9,0,0.00,0.00,2
13172,0.025,0.020,0.990,-0.061,-0.244,0.000,3.310,-8.050,-59.635,0.9837,0.0197,-0.0375,0.1747,-0.01,-0.00,0.00,4.85,92727.8,0,0.00,0.00,2
13191,0.028,0.023,0.986,-0.122,-0.305,0.061,3.310,-8.050,-59.635,0.9835,0.0202,-0.0378,0.1756,-0.01,0.00,0.00,4.92,92723.1,0,0.00,0.00,2
13211,0.027,0.021,0.990,-0.122,-0.244,-0.061,3.310,-8.050,-59.635,0.9833,0.0199,-0.0377,0.1768,-0.01,-0.00,0.00,4.89,92726.2,0,0.00,0.00,2
13231,0.028,0.021,0.988,-0.061,-0.122,0.000,3.310,-8.050,-59.635,0.9831,0.0199,-0.0382,0.1779,-0.01,-0.00,0.00,4.93,92725.2,0,0.00,0.00,2
13251,0.027,0.021,0.988,0.000,-0.244,0.000,3.310,-8.050,-59.635,0.9829,0.0201,-0.0379,0.1791,-0.01,-0.00,0.00,4.91,92723.9,0,0.00,0.00,2
13272,0.028,0.021,0.989,-0.183,-0.061,0.000,3.310,-8.050,-59.635,0.9827,0.0201,-0.0381,0.1803,-0.01,-0.00,0.00,4.93,92727.1,0,0.00,0.00,2
13292,0.027,0.024,0.990,-0.122,-0.305,0.000,3.310,-8.050,-59.635,0.9825,0.0206,-0.0377,0.1812,-0.01,0.00,0.00,4.93,92721.7,0,0.00,0.00,2
13311,0.026,0.025,0.991,-0.061,-0.183,0.000,3.310,-8.050,-59.635,0.9823,0.0211,-0.0373,0.1823,-0.01,0.00,0.00,4.91,92722.5,0,0.00,0.00,2
13331,0.025,0.022,0.989,-0.122,-0.244,-0.061,3.310,-8.050,-59.635,0.9821,0.0205,-0.0371,0.1833,-0.01,0.00,0.00,4.86,92722.5,0,0.00,0.00,2
13351,0.027,0.020,0.991,-0.061,-0.244,-0.061,3.310,-8.050,-59.635,0.9819,0.0201,-0.0375,0.1843,-0.01,0.00,0.00,4.88,92722.0,0,0.00,0.00,2
13371,0.025,0.022,0.991,0.000,-0.122,0.000,3.310,-8.050,-59.635,0.9817,0.0203,-0.0372,0.1854,-0.01,-0.00,0.00,4.85,92724.5,0,0.00,0.00,2
13392,0.027,0.022,0.991,-0.061,-0.061,0.000,3.310,-8.050,-59.635,0.9815,0.0203,-0.0376,0.1866,-0.01,0.00,0.00,4.90,92722.5,0,0.00,0.00,2
13412,0.025,0.022,0.990,-0.061,-0.122,-0.061,3.310,-8.050,-59.635,0.9813,0.0202,-0.0371,0.1876,-0.01,0.00,0.00,4.84,92721.8,0,0.00,0.00,2
13431,0.026,0.024,0.989,-0.122,-0.183,0.000,3.310,-8.050,-59.635,0.9811,0.0207,-0.0373,0.1887,-0.01,-0.00,0.00,4.89,92725.1,0,0.00,0.00,2
13451,0.027,0.022,0.990,0.000,-0.183,0.061,3.310,-8.050,-59.635,0.9809,0.0205,-0.0374,0.1899,-0.01,-0.00,0.00,4.89,92725.1,0,0.00,0.00,2
13471,0.026,0.022,0.988,-0.122,-0.244,-0.061,3.310,-8.050,-59.635,0.9807,0.0203,-0.0373,0.1911,-0.01,0.00,0.00,4.87,92722.1,0,0.00,0.00,2
13491,0.028,0.021,0.990,-0.122,-0.244,-0.061,3.310,-8.050,-59.635,0.9804,0.0203,-0.0378,0.1922,-0.01,0.00,0.00,4.92,92720.2,0,0.00,0.00,2
13512,0.025,0.023,0.989,-0.061,-0.183,0.061,3.310,-8.050,-59.635,0.9802,0.0206,-0.0372,0.1932,-0.01,0.00,0.00,4.87,92719.0,0,0.00,0.00,2
13531,0.026,0.022,0.989,-0.061,-0.244,0.000,3.310,-8.050,-59.635,0.9800,0.0205,-0.0372,0.1944,-0.01,-0.00,0.00,4.88,92724.5,0,0.00,0.00,2
13552,0.025,0.022,0.983,-0.061,-0.183,0.000,3.310,-8.050,-59.635,0.9798,0.0206,-0.0369,0.1956,-0.01,0.00,0.00,4.84,92721.2,0,0.00,0.00,2
13571,0.025,0.021,0.993,0.000,-0.183,-0.122,3.310,-8.050,-59.635,0.9795,0.0201,-0.0370,0.1968,-0.01,0.00,0.00,4.83,92722.5,0,0.00,0.00,2
13592,0.027,0.023,0.990,0.000,-0.183,0.061,3.310,-8.050,-59.635,0.9793,0.0206,-0.0373,0.1978,-0.01,0.00,0.00,4.88,92722.2,0,0.00,0.00,2
13611,0.025,0.023,0.990,-0.061,-0.244,-0.122,3.310,-8.050,-59.635,0.9791,0.0207,-0.0368,0.1990,-0.01,-0.00,0.00,4.84,92724.8,0,0.00,0.00,2
13632,0.025,0.022,0.981,0.000,-0.244,0.000,3.310,-8.050,-59.635,0.9788,0.0205,-0.0369,0.2003,-0.01,-0.00,0.00,4.84,92726.4,0,0.00,0.00,2
13652,0.026,0.020,0.986,-0.122,-0.305,0.000,3.310,-8.050,-59.635,0.9786,0.0200,-0.0372,0.2013,-0.01,-0.00,0.00,4.84,92727.1,0,0.00,0.00,2
13671,0.027,0.022,0.990,-0.122,-0.244,0.000,3.310,-8.050,-59.635,0.9784,0.0205,-0.0373,0.2025,-0.01,-0.00,0.00,4.88,92729.2,0,0.00,0.00,2
13691,0.028,0.022,0.991,-0.061,-0.183,0.000,3.310,-8.050,-59.635,0.9781,0.0207,-0.0376,0.2036,-0.01,-0.00,0.00,4.92,92724.2,0,0.00,0.00,2
13711,0.028,0.022,0.987,-0.122,-0.244,0.061,3.310,-8.050,-59.635,0.9778,0.0207,-0.0376,0.2049,-0.01,-0.00,0.00,4.92,92727.8,0,0.00,0.00,2
13731,0.027,0.023,0.987,-0.061,-0.244,0.000,3.310,-8.050,-59.635,0.9776,0.0210,-0.0372,0.2061,-0.01,-0.00,0.00,4.90,92724.2,0,0.00,0.00,2
13752,0.027,0.022,0.991,-0.122,-0.122,-0.122,3.310,-8.050,-59.635,0.9774,0.0207,-0.0371,0.2073,-0.01,0.00,0.00,4.86,92723.0,0,0.00,0.00,2
13772,0.028,0.021,0.989,-0.061,-0.244,0.061,3.310,-8.050,-59.635,0.9771,0.0205,-0.0375,0.2085,-0.01,-0.00,0.00,4.90,92725.8,0,0.00,0.00,2
13792,0.026,0.021,0.987,-0.061,-0.244,-0.061,3.310,-8.050,-59.635,0.9769,0.0205,-0.0369,0.2096,-0.01,-0.00,0.00,4.84,92725.1,0,0.00,0.00,2
13811,0.025,0.021,0.988,-0.061,-0.183,0.000,3.310,-8.050,-59.635,0.9766,0.0203,-0.0367,0.2109,-0.01,0.00,0.00,4.81,92721.0,0,0.00,0.00,2
13831,0.026,0.022,0.988,-0.122,-0.183,0.061,3.310,-8.050,-59.635,0.9763,0.0207,-0.0368,0.2121,-0.01,0.00,0.00,4.84,92722.9,0,0.00,0.00,2
13851,0.027,0.022,0.988,-0.061,-0.244,0.000,3.310,-8.050,-59.635,0.9761,0.0209,-0.0371,0.2133,-0.01,0.00,0.00,4.89,92721.5,0,0.00,0.00,2
13872,0.028,0.021,0.986,-0.061,0.000,0.000,3.310,-8.050,-59.635,0.9758,0.0206,-0.0373,0.2145,-0.01,-0.00,0.00,4.89,92728.3,0,0.00,0.00,2
13891,0.027,0.023,0.986,0.000,-0.061,0.061,3.310,-8.050,-59.635,0.9755,0.0211,-0.0370,0.2156,-0.01,0.00,0.00,4.88,92722.2,0,0.00,0.00,2
13911,0.027,0.023,0.991,0.000,-0.183,-0.061,3.310,-8.050,-59.635,0.9753,0.0213,-0.0367,0.2169,-0.01,-0.00,0.00,4.87,92725.8,0,0.00,0.00,2
13932,0.026,0.022,0.989,0.000,-0.183,0.000,3.310,-8.050,-59.635,0.9750,0.0210,-0.0367,0.2181,-0.01,-0.00,0.00,4.84,92725.8,0,0.00,0.00,2
13951,0.027,0.023,0.987,-0.061,-0.061,0.000,3.310,-8.050,-59.635,0.9747,0.0212,-0.0370,0.2194,-0.01,-0.00,0.00,4.89,92726.0,0,0.00,0.00,2
13972,0.027,0.021,0.988,-0.122,-0.183,0.061,3.310,-8.050,-59.635,0.9744,0.0208,-0.0370,0.2206,-0.01,0.00,0.00,4.86,92723.1,0,0.00,0.00,2
13992,0.027,0.022,0.988,0.000,-0.183,-0.061,3.310,-8.050,-59.635,0.9741,0.0209,-0.0368,0.2219,-0.02,-0.00,0.00,4.85,92726.2,0,0.00,0.00,2
14011,0.027,0.024,0.990,-0.122,-0.305,0.000,3.310,-8.050,-59.635,0.9739,0.0214,-0.0368,0.2231,-0.02,0.00,0.00,4.88,92722.5,0,0.00,0.00,2
14031,0.025,0.021,0.987,-0.183,-0.244,0.000,2.759,-6.798,-60.892,0.9737,0.0212,-0.0361,0.2239,-0.01,0.00,0.00,4.79,92721.8,0,0.00,0.00,2
14051,0.026,0.021,0.988,-0.061,-0.183,0.000,1.655,-6.798,-60.892,0.9735,0.0208,-0.0354,0.2248,-0.01,-0.00,0.00,4.71,92723.8,0,0.00,0.00,2
14071,0.024,0.022,0.992,-0.061,-0.244,0.000,1.655,-6.798,-60.892,0.9734,0.0204,-0.0348,0.2256,-0.01,-0.00,0.00,4.62,92724.6,0,0.00,0.00,2
14091,0.026,0.021,0.990,-0.061,-0.122,0.000,1.655,-6.798,-60.892,0.9732,0.0200,-0.0342,0.2264,-0.02,-0.00,0.00,4.53,92725.1,0,0.00,0.00,2
14112,0.025,0.022,0.987,-0.061,-0.183,0.000,1.655,-6.798,-60.892,0.9731,0.0195,-0.0335,0.2273,-0.02,-0.00,0.00,4.45,92725.8,0,0.00,0.00,2
14132,0.027,0.020,0.989,-0.061,-0.183,0.061,1.655,-6.798,-60.892,0.9729,0.0190,-0.0330,0.2281,-0.02,-0.00,0.00,4.36,92724.3,0,0.00,0.00,2
14151,0.029,0.022,0.990,-0.183,-0.183,-0.122,1.655,-6.798,-60.892,0.9727,0.0184,-0.0325,0.2290,-0.02,-0.00,0.00,4.28,92723.9,0,0.00,0.00,2
14171,0.026,0.022,0.987,-0.061,-0.183,0.061,1.655,-6.798,-60.892,0.9725,0.0179,-0.0319,0.2299,-0.02,0.00,0.00,4.19,92722.5,0,0.00,0.00,2
14191,0.028,0.021,0.986,-0.061,-0.244,0.000,1.655,-6.798,-60.892,0.9723,0.0172,-0.0316,0.2308,-0.02,-0.00,0.00,4.12,92725.5,0,0.00,0.00,2
14211,0.027,0.023,0.989,-0.061,-0.061,-0.061,1.655,-6.798,-60.892,0.9721,0.0168,-0.0310,0.2318,-0.02,0.00,0.00,4.04,92722.3,0,0.00,0.00,2
14232,0.026,0.022,0.989,-0.061,-0.183,0.000,1.655,-6.798,-60.892,0.9719,0.0162,-0.0309,0.2328,-0.02,-0.00,0.00,4.00,92725.0,0,0.00,0.00,2
14252,0.028,0.023,0.992,-0.122,-0.122,0.000,1.655,-6.798,-60.892,0.9716,0.0166,-0.0315,0.2338,-0.02,0.00,0.00,4.08,92721.5,0,0.00,0.00,2
14271,0.027,0.021,0.988,-0.122,-0.244,0.061,1.655,-6.798,-60.892,0.9714,0.0160,-0.0312,0.2349,-0.02,-0.00,0.00,4.01,92724.3,0,0.00,0.00,2
14291,0.028,0.023,0.986,-0.122,-0.305,-0.122,1.655,-6.798,-60.892,0.9711,0.0166,-0.0313,0.2359,-0.02,0.00,0.00,4.06,92723.1,0,0.00,0.00,2
14311,0.027,0.020,0.988,-0.122,-0.244,0.061,1.655,-6.798,-60.892,0.9709,0.0159,-0.0313,0.2368,-0.01,0.00,0.00,4.02,92720.8,0,0.00,0.00,2
14331,0.026,0.022,0.989,-0.061,-0.122,0.000,1.655,-6.798,-60.892,0.9707,0.0164,-0.0308,0.2378,-0.01,0.00,0.00,4.00,92723.3,0,0.00,0.00,2
14352,0.025,0.022,0.985,-0.183,-0.244,0.061,1.655,-6.798,-60.892,0.9704,0.0165,-0.0305,0.2390,-0.01,0.00,0.00,3.97,92720.5,0,0.00,0.00,2
14372,0.026,0.021,0.985,-0.061,-0.122,0.061,1.655,-6.798,-60.892,0.9701,0.0160,-0.0309,0.2401,-0.01,-0.00,0.00,3.99,92724.2,0,0.00,0.00,2
14391,0.028,0.022,0.989,-0.061,-0.244,0.000,1.655,-6.798,-60.892,0.9699,0.0165,-0.0313,0.2411,-0.01,0.00,0.00,4.05,92721.8,0,0.00,0.00,2
14411,0.026,0.024,0.986,-0.061,-0.366,0.000,1.655,-6.798,-60.892,0.9696,0.0170,-0.0307,0.2420,-0.01,-0.00,0.00,4.02,92723.8,0,0.00,0.00,2
14452,0.026,0.022,0.987,-0.061,-0.061,0.000,1.655,-6.798,-60.892,0.9691,0.0167,-0.0306,0.2441,-0.01,-0.00,0.00,3.99,92724.5,0,0.00,0.00,2
14472,0.027,0.021,0.990,-0.122,-0.244,0.000,1.655,-6.798,-60.892,0.9689,0.0163,-0.0311,0.2451,-0.01,0.00,0.00,4.02,92723.1,0,0.00,0.00,2
14491,0.026,0.022,0.989,0.000,-0.244,0.000,1.655,-6.798,-60.892,0.9686,0.0167,-0.0306,0.2462,-0.01,-0.00,0.00,4.00,92725.2,0,0.00,0.00,2
14511,0.029,0.022,0.986,-0.122,-0.244,-0.061,1.655,-6.798,-60.892,0.9683,0.0167,-0.0312,0.2472,-0.01,-0.00,0.00,4.06,92725.1,0,0.00,0.00,2
14552,0.026,0.021,0.990,-0.061,-0.244,0.000,1.655,-6.798,-60.892,0.9677,0.0161,-0.0305,0.2496,-0.01,0.00,0.00,3.96,92719.8,0,0.00,0.00,2
14571,0.026,0.022,0.986,-0.061,-0.244,-0.061,1.655,-6.798,-60.892,0.9674,0.0167,-0.0308,0.2506,-0.01,0.00,0.00,4.01,92719.6,0,0.00,0.00,2
14592,0.026,0.021,0.991,0.000,-0.244,-0.061,1.655,-6.798,-60.892,0.9672,0.0161,-0.0307,0.2518,-0.01,0.00,0.00,3.97,92719.5,0,0.00,0.00,2
14612,0.027,0.021,0.993,0.000,-0.122,0.000,1.655,-6.798,-60.892,0.9669,0.0165,-0.0311,0.2529,-0.01,0.00,0.00,4.04,92723.1,0,0.00,0.00,2
14651,0.028,0.022,0.987,-0.061,-0.183,0.000,1.655,-6.798,-60.892,0.9662,0.0168,-0.0312,0.2552,-0.01,0.00,0.00,4.06,92718.2,0,0.00,0.00,2
14671,0.026,0.021,0.990,-0.061,-0.122,-0.061,1.655,-6.798,-60.892,0.9660,0.0165,-0.0305,0.2563,-0.01,0.00,0.00,3.97,92722.5,0,0.00,0.00,2
14691,0.028,0.024,0.990,-0.061,-0.244,-0.061,1.655,-6.798,-60.892,0.9657,0.0171,-0.0308,0.2573,-0.01,0.00,0.00,4.04,92719.5,0,0.00,0.00,2
14712,0.025,0.021,0.988,-0.122,-0.183,-0.061,1.655,-6.798,-60.892,0.9654,0.0165,-0.0303,0.2583,-0.01,-0.00,0.00,3.96,92723.9,0,0.00,0.00,2
14751,0.028,0.020,0.988,0.000,-0.122,-0.061,1.655,-6.798,-60.892,0.9648,0.0162,-0.0312,0.2605,-0.01,0.00,0.00,4.03,92721.5,0,0.00,0.00,2
14771,0.028,0.023,0.989,-0.122,-0.305,0.061,1.655,-6.798,-60.892,0.9646,0.0169,-0.0310,0.2615,-0.01,-0.00,0.00,4.05,92728.8,0,0.00,0.00,2
14791,0.027,0.022,0.991,-0.061,-0.183,0.000,1.655,-6.798,-60.892,0.9643,0.0170,-0.0304,0.2627,-0.01,0.00,0.00,3.99,92721.0,0,0.00,0.00,2
14832,0.026,0.021,0.993,-0.122,-0.122,-0.061,1.655,-6.798,-60.892,0.9637,0.0167,-0.0303,0.2649,-0.01,0.00,0.00,3.97,92723.1,0,0.00,0.00,2
14852,0.027,0.021,0.987,-0.122,-0.244,0.000,1.655,-6.798,-60.892,0.9633,0.0164,-0.0308,0.2660,-0.01,0.00,0.00,4.00,92718.8,0,0.00,0.00,2
14871,0.027,0.021,0.990,-0.061,-0.183,0.000,1.655,-6.798,-60.892,0.9630,0.0164,-0.0308,0.2673,-0.01,-0.00,0.00,4.00,92724.5,0,0.00,0.00,2
14891,0.027,0.020,0.988,0.000,-0.244,-0.061,1.655,-6.798,-60.892,0.9626,0.0162,-0.0309,0.2686,-0.01,0.00,0.00,4.00,92719.6,0,0.00,0.00,2
14932,0.026,0.023,0.990,0.000,-0.183,-0.061,1.655,-6.798,-60.892,0.9621,0.0171,-0.0303,0.2706,-0.01,-0.00,0.00,3.99,92724.5,0,0.00,0.00,2
14952,0.027,0.023,0.988,-0.061,-0.183,0.000,1.655,-6.798,-60.892,0.9617,0.0176,-0.0305,0.2718,-0.01,0.00,0.00,4.04,92720.8,0,0.00,0.00,2
14971,0.025,0.022,0.987,-0.061,-0.305,-0.061,1.655,-6.798,-60.892,0.9614,0.0170,-0.0300,0.2729,-0.01,0.00,0.00,3.95,92720.1,0,0.00,0.00,2
14991,0.027,0.022,0.986,-0.122,-0.183,0.000,1.655,-6.798,-60.892,0.9611,0.0171,-0.0306,0.2739,-0.01,-0.00,0.00,4.02,92725.2,0,0.00,0.00,2
15031,0.027,0.023,0.987,0.000,-0.244,0.000,1.655,-6.798,-60.892,0.9605,0.0173,-0.0303,0.2762,-0.01,-0.00,0.00,4.00,92723.8,0,0.00,0.00,2
15051,0.028,0.020,0.991,-0.244,-0.244,-0.061,1.655,-6.798,-60.892,0.9602,0.0166,-0.0306,0.2773,-0.01,0.00,0.00,3.99,92723.1,0,0.00,0.00,2
15072,0.027,0.021,0.988,-0.061,-0.244,0.000,1.655,-6.798,-60.892,0.9598,0.0169,-0.0305,0.2786,-0.01,0.00,0.00,4.00,92718.8,0,0.00,0.00,2
15111,0.026,0.022,0.993,-0.061,-0.122,0.061,1.655,-6.798,-60.892,0.9591,0.0171,-0.0298,0.2808,-0.01,0.00,0.00,3.93,92722.1,0,0.00,0.00,2
15131,0.026,0.022,0.986,-0.122,-0.122,0.061,1.655,-6.798,-60.892,0.9588,0.0172,-0.0303,0.2820,-0.01,0.00,0.00,3.99,92721.4,0,0.00,0.00,2
15151,0.026,0.021,0.987,-0.061,-0.305,0.000,1.655,-6.798,-60.892,0.9584,0.0168,-0.0300,0.2832,-0.01,-0.00,0.00,3.94,92723.7,0,0.00,0.00,2
15171,0.028,0.022,0.989,-0.061,-0.305,0.000,1.655,-6.798,-60.892,0.9581,0.0171,-0.0305,0.2843,-0.01,0.00,0.00,4.01,92721.5,0,0.00,0.00,2
15212,0.026,0.023,0.989,-0.061,-0.305,-0.061,1.655,-6.798,-60.892,0.9574,0.0175,-0.0300,0.2867,-0.01,0.00,0.00,3.98,92721.4,0,0.00,0.00,2
15231,0.025,0.021,0.987,-0.061,-0.244,0.061,1.655,-6.798,-60.892,0.9571,0.0169,-0.0297,0.2879,-0.01,-0.00,0.00,3.91,92725.1,0,0.00,0.00,2
15251,0.025,0.022,0.988,-0.122,-0.244,-0.061,1.655,-6.798,-60.892,0.9567,0.0170,-0.0296,0.2892,-0.01,0.00,0.00,3.92,92720.0,0,0.00,0.00,2
15271,0.027,0.023,0.988,-0.061,-0.305,0.000,1.655,-6.798,-60.892,0.9563,0.0175,-0.0300,0.2903,-0.01,0.00,0.00,3.98,92723.1,0,0.00,0.00,2
15312,0.026,0.021,0.987,-0.061,-0.244,-0.122,1.655,-6.798,-60.892,0.9556,0.0167,-0.0302,0.2927,-0.01,0.00,0.00,3.96,92721.8,0,0.00,0.00,2
15332,0.028,0.021,0.989,-0.122,-0.244,0.061,1.655,-6.798,-60.892,0.9552,0.0172,-0.0304,0.2938,-0.00,0.00,0.00,4.00,92716.7,0,0.00,0.00,2
15351,0.028,0.022,0.991,-0.061,-0.183,-0.061,1.655,-6.798,-60.892,0.9548,0.0175,-0.0301,0.2951,-0.00,0.00,0.00,3.99,92721.9,0,0.00,0.00,2
15392,0.027,0.020,0.987,-0.061,-0.183,-0.061,1.655,-6.798,-60.892,0.9541,0.0172,-0.0301,0.2974,-0.00,0.00,0.00,3.97,92721.4,0,0.00,0.00,2
15411,0.027,0.021,0.991,-0.061,-0.183,0.061,1.655,-6.798,-60.892,0.9537,0.0171,-0.0298,0.2987,-0.00,0.00,0.00,3.94,92721.7,0,0.00,0.00,2
15451,0.026,0.021,0.990,-0.122,-0.122,0.061,1.655,-6.798,-60.892,0.9529,0.0171,-0.0299,0.3012,-0.00,0.00,0.00,3.94,92719.3,0,0.00,0.00,2
15471,0.027,0.023,0.992,-0.061,-0.305,-0.061,1.655,-6.798,-60.892,0.9526,0.0177,-0.0297,0.3024,-0.00,0.00,0.00,3.97,92722.2,0,0.00,0.00,2
15491,0.028,0.023,0.989,-0.183,-0.183,0.000,1.655,-6.798,-60.892,0.9521,0.0179,-0.0301,0.3036,-0.00,0.00,0.00,4.01,92722.9,0,0.00,0.00,2
15532,0.028,0.022,0.986,-0.122,-0.305,0.000,1.655,-6.798,-60.892,0.9514,0.0175,-0.0301,0.3059,-0.00,0.00,0.00,4.00,92722.1,0,0.00,0.00,2
15552,0.025,0.023,0.990,-0.122,-0.305,0.000,1.655,-6.798,-60.892,0.9511,0.0176,-0.0294,0.3070,-0.00,0.00,0.00,3.92,92722.2,0,0.00,0.00,2
15572,0.028,0.022,0.987,-0.122,-0.366,0.000,1.655,-6.798,-60.892,0.9507,0.0177,-0.0299,0.3081,-0.00,0.00,0.00,3.98,92721.8,0,0.00,0.00,2
15591,0.028,0.021,0.988,-0.244,-0.122,0.000,1.655,-6.798,-60.892,0.9503,0.0172,-0.0301,0.3094,-0.00,0.00,0.00,3.97,92720.8,0,0.00,0.00,2
15631,0.029,0.022,0.987,0.000,-0.122,-0.061,1.655,-6.798,-60.892,0.9495,0.0180,-0.0303,0.3118,-0.00,-0.00,0.00,4.05,92728.1,0,0.00,0.00,2
15651,0.027,0.022,0.986,-0.061,-0.122,0.061,1.655,-6.798,-60.892,0.9491,0.0179,-0.0296,0.3129,-0.00,0.00,0.00,3.97,92722.1,0,0.00,0.00,2
15672,0.026,0.022,0.989,-0.061,-0.305,0.000,1.655,-6.798,-60.892,0.9487,0.0175,-0.0293,0.3142,-0.00,0.00,0.00,3.91,92721.5,0,0.00,0.00,2
15692,0.028,0.022,0.991,-0.122,-0.244,0.000,1.655,-6.798,-60.892,0.9483,0.0176,-0.0299,0.3153,-0.00,0.00,0.00,3.98,92718.7,0,0.00,0.00,2
15731,0.027,0.021,0.987,-0.061,-0.244,0.000,1.655,-6.798,-60.892,0.9475,0.0175,-0.0298,0.3178,-0.00,0.00,0.00,3.95,92722.1,0,0.00,0.00,2
15751,0.026,0.024,0.990,-0.122,-0.183,0.000,1.655,-6.798,-60.892,0.9472,0.0180,-0.0293,0.3189,-0.00,-0.00,0.00,3.94,92723.8,0,0.00,0.00,2
15771,0.029,0.022,0.991,-0.061,-0.122,0.000,1.655,-6.798,-60.892,0.9468,0.0181,-0.0299,0.3201,-0.00,0.00,0.00,4.01,92718.7,0,0.00,0.00,2
15792,0.028,0.023,0.993,-0.122,-0.244,-0.061,1.655,-6.798,-60.892,0.9463,0.0182,-0.0295,0.3214,-0.00,-0.00,0.00,3.97,92725.1,0,0.00,0.00,2
15831,0.027,0.022,0.988,-0.061,-0.122,0.061,1.655,-6.798,-60.892,0.9455,0.0179,-0.0296,0.3238,-0.00,-0.00,0.00,3.96,92723.1,0,0.00,0.00,2
15851,0.027,0.022,0.988,-0.061,-0.305,-0.061,1.655,-6.798,-60.892,0.9450,0.0179,-0.0291,0.3252,-0.00,0.00,0.00,3.92,92718.7,0,0.00,0.00,2
15871,0.025,0.022,0.990,-0.061,-0.244,0.000,1.655,-6.798,-60.892,0.9446,0.0176,-0.0286,0.3264,-0.00,-0.00,0.00,3.85,92724.2,0,0.00,0.00,2
15912,0.027,0.023,0.991,-0.122,-0.305,0.000,1.655,-6.798,-60.892,0.9437,0.0182,-0.0292,0.3289,-0.00,0.00,0.00,3.94,92721.7,0,0.00,0.00,2
15932,0.030,0.021,0.990,-0.122,-0.305,-0.061,1.655,-6.798,-60.892,0.9433,0.0180,-0.0298,0.3301,-0.00,-0.00,0.00,4.00,92723.4,0,0.00,0.00,2
15951,0.027,0.021,0.990,0.000,-0.183,0.000,1.655,-6.798,-60.892,0.9429,0.0178,-0.0292,0.3313,-0.00,0.00,0.00,3.92,92722.6,0,0.00,0.00,2
15971,0.027,0.023,0.988,-0.061,-0.244,0.000,1.655,-6.798,-60.892,0.9425,0.0183,-0.0293,0.3325,-0.00,0.00,0.00,3.96,92720.1,0,0.00,0.00,2
16012,0.027,0.021,0.988,0.000,-0.244,0.000,1.655,-6.798,-60.892,0.9415,0.0175,-0.0294,0.3351,-0.00,0.00,0.00,3.92,92721.5,0,0.00,0.00,2
16032,0.027,0.021,0.989,-0.183,-0.305,0.061,1.655,-6.798,-60.892,0.9411,0.0176,-0.0292,0.3365,-0.00,0.00,0.00,3.91,92722.8,0,0.00,0.00,2
16051,0.026,0.023,0.989,-0.061,-0.122,0.000,1.655,-6.798,-60.892,0.9406,0.0181,-0.0288,0.3377,0.00,0.00,0.00,3.90,92721.0,0,0.00,0.00,2
16071,0.027,0.022,0.990,-0.061,-0.122,0.000,1.655,-6.798,-60.892,0.9401,0.0179,-0.0292,0.3391,0.00,-0.00,0.00,3.93,92723.5,0,0.00,0.00,2
16111,0.027,0.022,0.992,-0.122,-0.305,-0.061,1.655,-6.798,-60.892,0.9392,0.0180,-0.0289,0.3416,-0.00,-0.00,0.00,3.91,92723.8,0,0.00,0.00,2
16131,0.028,0.021,0.987,-0.122,-0.183,-0.061,1.655,-6.798,-60.892,0.9388,0.0178,-0.0295,0.3428,-0.00,-0.00,0.00,3.94,92724.7,0,0.00,0.00,2
16152,0.025,0.023,0.992,-0.122,-0.122,0.000,1.655,-6.798,-60.892,0.9384,0.0180,-0.0288,0.3440,-0.00,0.00,0.00,3.89,92722.2,0,0.00,0.00,2
16171,0.027,0.021,0.990,-0.061,-0.244,0.000,1.655,-6.798,-60.892,0.9379,0.0178,-0.0292,0.3452,-0.00,-0.00,0.00,3.92,92727.9,0,0.00,0.00,2
16211,0.029,0.021,0.986,-0.061,-0.183,-0.122,1.655,-6.798,-60.892,0.9369,0.0180,-0.0295,0.3478,-0.00,0.00,0.00,3.96,92722.9,0,0.00,0.00,2
16231,0.029,0.022,0.991,-0.061,-0.122,0.000,1.655,-6.798,-60.892,0.9364,0.0184,-0.0293,0.3492,-0.00,0.00,0.00,3.97,92721.4,0,0.00,0.00,2
16251,0.025,0.021,0.990,-0.122,-0.305,-0.061,1.655,-6.798,-60.892,0.9360,0.0180,-0.0287,0.3503,-0.00,-0.00,0.00,3.88,92728.4,0,0.00,0.00,2
16272,0.028,0.024,0.987,-0.122,-0.183,0.061,1.655,-6.798,-60.892,0.9356,0.0186,-0.0289,0.3515,-0.00,-0.00,0.00,3.94,92725.2,0,0.00,0.00,2
16311,0.026,0.021,0.992,-0.122,-0.183,0.061,1.655,-6.798,-60.892,0.9346,0.0178,-0.0288,0.3540,-0.00,0.00,0.00,3.88,92722.9,0,0.00,0.00,2
16331,0.026,0.023,0.991,-0.122,-0.122,0.000,1.655,-6.798,-60.892,0.9341,0.0183,-0.0284,0.3553,-0.00,0.00,0.00,3.87,92722.9,0,0.00,0.00,2
16351,0.029,0.023,0.987,-0.061,-0.244,0.000,1.655,-6.798,-60.892,0.9337,0.0187,-0.0289,0.3565,-0.00,-0.00,0.00,3.94,92726.0,0,0.00,0.00,2
16392,0.027,0.021,0.986,0.000,-0.244,0.000,1.655,-6.798,-60.892,0.9328,0.0181,-0.0287,0.3589,-0.00,0.00,0.00,3.89,92722.8,0,0.00,0.00,2
16411,0.025,0.023,0.987,-0.061,-0.183,0.061,1.287,-6.798,-60.174,0.9323,0.0175,-0.0286,0.3602,-0.00,0.00,0.00,3.85,92722.2,0,0.00,0.00,2
16431,0.028,0.021,0.988,-0.122,-0.244,0.000,2.575,-7.692,-60.713,0.9318,0.0179,-0.0292,0.3613,-0.00,-0.00,0.00,3.93,92726.4,0,0.00,0.00,2
16451,0.026,0.022,0.988,0.061,-0.244,-0.122,2.575,-7.692,-60.713,0.9314,0.0183,-0.0298,0.3624,-0.01,-0.00,0.00,4.01,92729.1,0,0.00,0.00,2
16491,0.027,0.021,0.988,-0.122,-0.183,-0.061,2.575,-7.692,-60.713,0.9304,0.0192,-0.0309,0.3647,-0.01,-0.00,0.00,4.17,92726.7,0,0.00,0.00,2
16512,0.028,0.020,0.991,0.000,-0.183,0.000,2.575,-7.692,-60.713,0.9299,0.0195,-0.0315,0.3658,-0.01,0.00,0.00,4.25,92723.1,0,0.00,0.00,2
16532,0.025,0.021,0.991,-0.122,-0.122,0.000,2.575,-7.692,-60.713,0.9294,0.0200,-0.0316,0.3671,-0.01,0.00,0.00,4.29,92723.3,0,0.00,0.00,2
16551,0.026,0.023,0.987,-0.122,-0.122,-0.061,2.575,-7.692,-60.713,0.9289,0.0206,-0.0316,0.3684,-0.01,-0.00,0.00,4.32,92723.7,0,0.00,0.00,2
16571,0.026,0.022,0.989,-0.122,-0.183,0.000,2.575,-7.692,-60.713,0.9283,0.0208,-0.0314,0.3699,-0.01,-0.00,0.00,4.31,92724.5,0,0.00,0.00,2
16611,0.024,0.021,0.987,-0.061,-0.183,0.000,2.575,-7.692,-60.713,0.9272,0.0206,-0.0312,0.3726,-0.01,0.00,0.00,4.28,92720.0,0,0.00,0.00,2
16632,0.028,0.022,0.988,-0.061,-0.244,-0.061,2.575,-7.692,-60.713,0.9267,0.0210,-0.0316,0.3739,-0.01,0.00,0.00,4.35,92719.8,0,0.00,0.00,2
16652,0.027,0.021,0.987,-0.122,-0.244,-0.061,2.575,-7.692,-60.713,0.9261,0.0206,-0.0316,0.3754,-0.01,0.00,0.00,4.33,92721.5,0,0.00,0.00,2
16671,0.026,0.023,0.987,-0.122,-0.122,0.000,2.575,-7.692,-60.713,0.9256,0.0210,-0.0312,0.3767,-0.00,0.00,0.00,4.31,92720.9,0,0.00,0.00,2
16711,0.025,0.021,0.991,-0.061,-0.183,0.000,2.575,-7.692,-60.713,0.9244,0.0204,-0.0310,0.3796,-0.01,-0.00,0.00,4.26,92723.8,0,0.00,0.00,2
16731,0.027,0.023,0.986,-0.122,-0.122,0.000,2.575,-7.692,-60.713,0.9239,0.0209,-0.0313,0.3809,-0.01,0.00,0.00,4.32,92722.2,0,0.00,0.00,2
16752,0.026,0.022,0.987,-0.122,-0.305,0.000,2.575,-7.692,-60.713,0.9233,0.0211,-0.0311,0.3824,-0.00,0.00,0.00,4.31,92720.2,0,0.00,0.00,2
16791,0.027,0.022,0.987,-0.061,-0.305,0.000,2.575,-7.692,-60.713,0.9220,0.0211,-0.0313,0.3853,-0.00,-0.00,0.00,4.33,92724.1,0,0.00,0.00,2
16811,0.026,0.023,0.989,-0.183,-0.183,-0.061,2.575,-7.692,-60.713,0.9214,0.0213,-0.0310,0.3867,-0.00,-0.00,0.00,4.31,92723.4,0,0.00,0.00,2
16831,0.026,0.023,0.987,-0.122,-0.244,-0.061,2.575,-7.692,-60.713,0.9208,0.0214,-0.0308,0.3882,-0.00,0.00,0.00,4.30,92720.1,0,0.00,0.00,2
16851,0.025,0.022,0.990,-0.061,-0.244,-0.122,2.575,-7.692,-60.713,0.9202,0.0211,-0.0306,0.3896,-0.00,-0.00,0.00,4.26,92725.6,0,0.00,0.00,2
16892,0.028,0.022,0.990,-0.122,-0.366,0.000,2.575,-7.692,-60.713,0.9190,0.0213,-0.0312,0.3924,-0.00,-0.00,0.00,4.33,92724.8,0,0.00,0.00,2
16911,0.027,0.022,0.989,-0.061,-0.183,0.000,2.575,-7.692,-60.713,0.9184,0.0213,-0.0309,0.3939,-0.01,-0.00,0.00,4.30,92724.5,0,0.00,0.00,2
16931,0.025,0.021,0.987,-0.122,-0.244,-0.061,2.575,-7.692,-60.713,0.9178,0.0209,-0.0307,0.3953,-0.00,0.00,0.00,4.26,92718.9,0,0.00,0.00,2
16951,0.028,0.023,0.988,0.000,-0.183,0.000,2.575,-7.692,-60.713,0.9172,0.0214,-0.0310,0.3967,-0.00,-0.00,0.00,4.32,92723.4,0,0.00,0.00,2
16992,0.024,0.022,0.986,0.000,-0.183,-0.061,2.575,-7.692,-60.713,0.9160,0.0211,-0.0301,0.3995,-0.00,0.00,0.00,4.22,92721.4,0,0.00,0.00,2
17012,0.025,0.024,0.989,-0.122,-0.183,0.000,2.575,-7.692,-60.713,0.9153,0.0215,-0.0302,0.4010,-0.00,-0.00,0.00,4.25,92728.3,0,0.00,0.00,2
17031,0.028,0.022,0.986,-0.061,-0.244,0.000,2.575,-7.692,-60.713,0.9147,0.0216,-0.0307,0.4024,-0.01,-0.00,0.00,4.30,92730.1,0,0.00,0.00,2
17051,0.027,0.024,0.990,-0.183,-0.244,0.000,2.575,-7.692,-60.713,0.9141,0.0219,-0.0306,0.4038,-0.01,0.00,0.00,4.31,92721.5,0,0.00,0.00,2
17071,0.026,0.023,0.987,-0.122,-0.183,0.000,2.575,-7.692,-60.713,0.9134,0.0217,-0.0303,0.4053,-0.01,0.00,0.00,4.27,92722.1,0,0.00,0.00,2
17112,0.027,0.021,0.989,-0.122,-0.183,-0.061,2.575,-7.692,-60.713,0.9121,0.0211,-0.0307,0.4082,-0.01,0.00,0.00,4.27,92722.3,0,0.00,0.00,2
17131,0.025,0.021,0.988,-0.122,-0.244,0.000,2.575,-7.692,-60.713,0.9115,0.0210,-0.0303,0.4097,-0.01,-0.00,0.00,4.23,92723.8,0,0.00,0.00,2
17151,0.026,0.022,0.991,0.000,-0.183,0.000,2.575,-7.692,-60.713,0.9108,0.0213,-0.0303,0.4112,-0.01,0.00,0.00,4.24,92721.8,0,0.00,0.00,2
17191,0.026,0.021,0.988,-0.061,-0.183,0.061,2.575,-7.692,-60.713,0.9095,0.0211,-0.0305,0.4141,-0.01,-0.00,0.00,4.25,92726.2,0,0.00,0.00,2
17211,0.027,0.023,0.989,0.000,-0.244,0.000,2.575,-7.692,-60.713,0.9088,0.0215,-0.0304,0.4156,-0.01,0.00,0.00,4.27,92720.9,0,0.00,0.00,2
17232,0.027,0.020,0.988,-0.122,-0.244,-0.061,2.575,-7.692,-60.713,0.9082,0.0211,-0.0306,0.4170,-0.00,0.00,0.00,4.26,92718.8,0,0.00,0.00,2
17252,0.028,0.021,0.989,-0.061,-0.183,-0.061,2.575,-7.692,-60.713,0.9075,0.0213,-0.0309,0.4185,-0.00,0.00,0.00,4.30,92720.6,0,0.00,0.00,2
17291,0.027,0.021,0.990,0.000,-0.183,0.000,2.575,-7.692,-60.713,0.9061,0.0213,-0.0305,0.4215,-0.00,0.00,0.00,4.27,92719.0,0,0.00,0.00,2
17311,0.025,0.023,0.990,-0.061,-0.244,0.061,2.575,-7.692,-60.713,0.9054,0.0215,-0.0300,0.4229,-0.00,0.00,0.00,4.23,92722.1,0,0.00,0.00,2
17331,0.026,0.021,0.989,-0.061,-0.183,0.000,2.575,-7.692,-60.713,0.9048,0.0211,-0.0301,0.4243,-0.00,0.00,0.00,4.21,92721.8,0,0.00,0.00,2
17352,0.027,0.021,0.987,-0.122,-0.122,0.000,2.575,-7.692,-60.713,0.9040,0.0212,-0.0303,0.4258,-0.00,-0.00,0.00,4.24,92723.4,0,0.00,0.00,2
17391,0.026,0.022,0.987,-0.122,-0.305,0.061,2.575,-7.692,-60.713,0.9026,0.0214,-0.0300,0.4288,-0.00,0.00,0.00,4.22,92721.2,0,0.00,0.00,2
17411,0.026,0.020,0.990,-0.244,-0.305,-0.061,2.575,-7.692,-60.713,0.9019,0.0210,-0.0300,0.4303,-0.00,0.00,0.00,4.20,92722.9,0,0.00,0.00,2
17431,0.025,0.022,0.989,-0.122,-0.183,0.000,2.575,-7.692,-60.713,0.9012,0.0213,-0.0297,0.4318,-0.00,0.00,0.00,4.19,92720.0,0,0.00,0.00,2
17451,0.026,0.022,0.989,-0.122,-0.183,0.000,2.575,-7.692,-60.713,0.9005,0.0214,-0.0297,0.4333,-0.00,-0.00,0.00,4.20,92724.5,0,0.00,0.00,2
17472,0.027,0.021,0.992,-0.061,-0.183,0.000,2.575,-7.692,-60.713,0.8998,0.0214,-0.0301,0.4348,-0.00,-0.00,0.00,4.23,92726.4,0,0.00,0.00,2
17511,0.027,0.022,0.992,-0.122,-0.122,0.000,2.575,-7.692,-60.713,0.8983,0.0216,-0.0299,0.4378,-0.00,-0.00,0.00,4.23,92723.4,0,0.00,0.00,2
17531,0.027,0.022,0.988,-0.061,-0.305,-0.061,2.575,-7.692,-60.713,0.8975,0.0219,-0.0298,0.4394,-0.00,0.00,0.00,4.24,92721.3,0,0.00,0.00,2
17551,0.029,0.023,0.989,-0.122,-0.183,-0.061,2.575,-7.692,-60.713,0.8968,0.0222,-0.0301,0.4408,-0.00,-0.00,0.00,4.29,92724.8,0,0.00,0.00,2
17592,0.028,0.021,0.991,-0.061,-0.122,0.000,2.575,-7.692,-60.713,0.8954,0.0220,-0.0297,0.4437,-0.00,0.00,0.00,4.24,92720.8,0,0.00,0.00,2
17612,0.027,0.024,0.991,-0.061,-0.244,0.000,2.575,-7.692,-60.713,0.8947,0.0223,-0.0293,0.4452,-0.00,-0.00,0.00,4.22,92724.8,0,0.00,0.00,2
17631,0.029,0.023,0.988,-0.061,-0.183,0.061,2.575,-7.692,-60.713,0.8939,0.0225,-0.0297,0.4466,-0.00,-0.00,0.00,4.27,92723.3,0,0.00,0.00,2
17671,0.025,0.021,0.989,-0.122,-0.244,-0.061,2.575,-7.692,-60.713,0.8925,0.0218,-0.0292,0.4496,-0.00,-0.00,0.00,4.17,92724.2,0,0.00,0.00,2
17691,0.027,0.021,0.991,-0.061,-0.366,-0.061,2.575,-7.692,-60.713,0.8917,0.0217,-0.0295,0.4511,-0.00,-0.00,0.00,4.20,92726.0,0,0.00,0.00,2
17712,0.028,0.020,0.987,-0.122,-0.244,0.000,2.575,-7.692,-60.713,0.8909,0.0215,-0.0298,0.4526,-0.00,-0.00,0.00,4.21,92723.5,0,0.00,0.00,2
17731,0.027,0.021,0.990,-0.061,-0.183,0.000,2.575,-7.692,-60.713,0.8901,0.0214,-0.0296,0.4542,-0.00,-0.00,0.00,4.19,92727.4,0,0.00,0.00,2
17771,0.026,0.023,0.990,-0.061,-0.183,-0.122,2.575,-7.692,-60.713,0.8886,0.0220,-0.0291,0.4572,-0.00,0.00,0.00,4.18,92720.6,0,0.00,0.00,2
17791,0.026,0.023,0.989,0.000,-0.244,0.000,2.575,-7.692,-60.713,0.8878,0.0221,-0.0289,0.4588,-0.00,-0.00,0.00,4.17,92723.9,0,0.00,0.00,2
17811,0.028,0.022,0.991,-0.122,-0.122,0.061,2.575,-7.692,-60.713,0.8870,0.0221,-0.0293,0.4603,-0.00,0.00,0.00,4.21,92718.7,0,0.00,0.00,2
17832,0.028,0.023,0.988,-0.061,-0.183,0.000,2.575,-7.692,-60.713,0.8862,0.0223,-0.0292,0.4618,-0.00,0.00,0.00,4.21,92721.9,0,0.00,0.00,2
17871,0.030,0.022,0.988,-0.061,-0.183,-0.061,2.575,-7.692,-60.713,0.8846,0.0226,-0.0294,0.4648,-0.00,-0.00,0.00,4.25,92724.6,0,0.00,0.00,2
17891,0.028,0.021,0.988,-0.122,-0.183,0.000,2.575,-7.692,-60.713,0.8838,0.0222,-0.0294,0.4664,-0.00,-0.00,0.00,4.22,92723.3,0,0.00,0.00,2
17911,0.027,0.024,0.987,-0.122,-0.183,0.061,2.575,-7.692,-60.713,0.8831,0.0225,-0.0289,0.4678,-0.00,0.00,0.00,4.20,92718.9,0,0.00,0.00,2
17952,0.027,0.022,0.988,-0.122,-0.183,0.061,2.575,-7.692,-60.713,0.8814,0.0221,-0.0288,0.4709,-0.00,-0.00,0.00,4.16,92727.9,0,0.00,0.00,2
17971,0.027,0.025,0.989,-0.061,-0.244,-0.061,2.575,-7.692,-60.713,0.8807,0.0226,-0.0286,0.4724,-0.00,-0.00,0.00,4.18,92723.3,0,0.00,0.00,2
17991,0.025,0.021,0.989,-0.061,-0.061,-0.061,2.575,-7.692,-60.713,0.8799,0.0221,-0.0285,0.4738,-0.00,-0.00,0.00,4.13,92724.6,0,0.00,0.00,2
18031,0.025,0.022,0.990,-0.183,-0.183,0.000,2.575,-7.692,-60.713,0.8782,0.0217,-0.0282,0.4770,-0.00,0.00,0.00,4.08,92721.9,0,0.00,0.00,2
18051,0.027,0.021,0.988,0.000,-0.122,0.000,2.575,-7.692,-60.713,0.8774,0.0217,-0.0286,0.4785,-0.00,-0.00,0.00,4.12,92724.6,0,0.00,0.00,2
18072,0.028,0.022,0.992,-0.061,-0.183,0.000,2.575,-7.692,-60.713,0.8765,0.0220,-0.0288,0.4800,-0.00,0.00,0.00,4.15,92720.0,0,0.00,0.00,2
18092,0.028,0.021,0.990,-0.061,-0.305,0.000,2.575,-7.692,-60.713,0.8757,0.0219,-0.0289,0.4816,-0.00,0.00,0.00,4.16,92722.8,0,0.00,0.00,2
18132,0.027,0.023,0.988,-0.061,0.000,0.000,2.575,-7.692,-60.713,0.8740,0.0221,-0.0285,0.4846,-0.00,0.00,0.00,4.13,92721.3,0,0.00,0.00,2
18151,0.028,0.022,0.989,-0.061,-0.244,0.000,2.575,-7.692,-60.713,0.8731,0.0222,-0.0286,0.4862,-0.00,0.00,0.00,4.15,92720.0,0,0.00,0.00,2
18171,0.027,0.021,0.990,-0.061,-0.244,0.000,2.575,-7.692,-60.713,0.8722,0.0221,-0.0284,0.4877,-0.00,0.00,0.00,4.12,92722.2,0,0.00,0.00,2
18212,0.027,0.021,0.988,-0.183,-0.061,-0.122,2.575,-7.692,-60.713,0.8705,0.0219,-0.0285,0.4909,-0.00,-0.00,0.00,4.12,92724.6,0,0.00,0.00,2
18231,0.027,0.021,0.990,-0.122,-0.305,0.061,2.575,-7.692,-60.713,0.8696,0.0219,-0.0285,0.4925,-0.00,0.00,0.00,4.12,92720.8,0,0.00,0.00,2
18251,0.029,0.021,0.991,-0.061,-0.183,-0.061,2.575,-7.692,-60.713,0.8687,0.0221,-0.0288,0.4940,-0.00,0.00,0.00,4.16,92722.8,0,0.00,0.00,2
18271,0.030,0.022,0.987,-0.122,-0.122,-0.061,2.575,-7.692,-60.713,0.8678,0.0226,-0.0289,0.4955,-0.00,0.00,0.00,4.20,92721.5,0,0.00,0.00,2
18312,0.028,0.022,0.991,-0.183,-0.244,0.061,2.575,-7.692,-60.713,0.8661,0.0225,-0.0281,0.4985,-0.00,-0.00,0.00,4.13,92726.2,0,0.00,0.00,2
18331,0.028,0.021,0.989,-0.122,-0.183,-0.061,2.575,-7.692,-60.713,0.8653,0.0222,-0.0283,0.5000,-0.00,-0.00,0.00,4.12,92725.2,0,0.00,0.00,2
18371,0.026,0.023,0.989,-0.122,-0.183,0.000,2.575,-7.692,-60.713,0.8635,0.0224,-0.0277,0.5032,-0.00,0.00,0.00,4.08,92721.4,0,0.00,0.00,2
18391,0.027,0.021,0.989,-0.061,-0.183,0.000,2.575,-7.692,-60.713,0.8626,0.0221,-0.0279,0.5047,-0.00,0.00,0.00,4.07,92721.8,0,0.00,0.00,2
18411,0.027,0.022,0.988,-0.061,-0.183,0.000,2.575,-7.692,-60.713,0.8616,0.0223,-0.0279,0.5063,-0.00,0.00,0.00,4.09,92720.2,0,0.00,0.00,2
18432,0.027,0.021,0.988,-0.122,-0.244,0.000,2.575,-7.692,-60.713,0.8607,0.0222,-0.0279,0.5079,-0.00,0.00,0.00,4.09,92722.1,0,0.00,0.00,2
18471,0.026,0.024,0.989,-0.122,-0.183,0.000,2.575,-7.692,-60.713,0.8589,0.0225,-0.0273,0.5110,-0.00,0.00,0.00,4.05,92722.1,0,0.00,0.00,2
18491,0.025,0.022,0.985,-0.061,-0.244,-0.061,2.575,-7.692,-60.713,0.8579,0.0222,-0.0271,0.5126,-0.00,0.00,0.00,4.01,92721.3,0,0.00,0.00,2
18511,0.028,0.023,0.988,-0.122,-0.244,0.000,2.575,-7.692,-60.713,0.8570,0.0225,-0.0274,0.5141,-0.00,0.00,0.00,4.06,92721.9,0,0.00,0.00,2
18531,0.027,0.021,0.987,0.061,-0.305,0.000,2.575,-7.692,-60.713,0.8561,0.0223,-0.0276,0.5156,-0.00,-0.00,0.00,4.06,92724.6,0,0.00,0.00,2
18552,0.028,0.020,0.990,-0.122,-0.183,0.000,2.575,-7.692,-60.713,0.8551,0.0221,-0.0279,0.5172,-0.00,-0.00,0.00,4.08,92724.1,0,0.00,0.00,2
18571,0.028,0.021,0.992,-0.061,-0.183,0.000,2.575,-7.692,-60.713,0.8542,0.0223,-0.0279,0.5188,-0.00,0.00,0.00,4.09,92722.1,0,0.00,0.00,2
18591,0.026,0.022,0.988,-0.061,-0.244,0.000,2.575,-7.692,-60.713,0.8533,0.0224,-0.0274,0.5203,-0.00,0.00,0.00,4.05,92722.5,0,0.00,0.00,2
18611,0.028,0.022,0.988,-0.122,-0.244,0.000,2.575,-7.692,-60.713,0.8523,0.0225,-0.0275,0.5219,-0.00,-0.00,0.00,4.07,92724.1,0,0.00,0.00,2
18631,0.026,0.022,0.988,-0.122,-0.183,-0.061,2.575,-7.692,-60.713,0.8513,0.0225,-0.0271,0.5235,-0.00,0.00,0.00,4.04,92723.0,0,0.00,0.00,2
18651,0.027,0.021,0.990,-0.061,-0.183,0.061,2.575,-7.692,-60.713,0.8503,0.0223,-0.0272,0.5251,-0.00,0.00,0.00,4.03,92720.6,0,0.00,0.00,2
18672,0.027,0.021,0.989,-0.061,-0.244,0.000,2.575,-7.692,-60.713,0.8493,0.0223,-0.0273,0.5267,-0.00,0.00,0.00,4.04,92718.7,0,0.00,0.00,2
18692,0.026,0.022,0.988,-0.122,-0.244,0.000,2.575,-7.692,-60.713,0.8484,0.0224,-0.0269,0.5282,-0.00,0.00,0.00,4.01,92720.0,0,0.00,0.00,2
18711,0.025,0.021,0.991,-0.061,-0.183,0.000,2.575,-7.692,-60.713,0.8474,0.0220,-0.0268,0.5298,-0.00,0.00,0.00,3.98,92720.6,0,0.00,0.00,2
18731,0.026,0.023,0.990,-0.061,-0.244,0.061,2.575,-7.692,-60.713,0.8464,0.0223,-0.0268,0.5314,-0.00,0.00,0.00,3.99,92720.6,0,0.00,0.00,2
18751,0.029,0.022,0.991,-0.122,-0.183,-0.122,2.575,-7.692,-60.713,0.8454,0.0226,-0.0271,0.5329,-0.00,0.00,0.00,4.04,92720.8,0,0.00,0.00,2
18771,0.025,0.021,0.990,-0.061,-0.244,0.000,2.575,-7.692,-60.713,0.8444,0.0223,-0.0267,0.5345,0.00,0.00,0.00,3.99,92719.3,0,0.00,0.00,2
18792,0.027,0.022,0.988,-0.122,-0.183,0.061,2.575,-7.692,-60.713,0.8434,0.0224,-0.0269,0.5361,0.00,0.00,0.00,4.01,92722.6,0,0.00,0.00,2
18812,0.026,0.022,0.987,-0.061,-0.244,0.000,2.023,-7.871,-60.174,0.8425,0.0221,-0.0273,0.5376,0.00,0.00,0.00,4.02,92720.1,0,0.00,0.00,2
18831,0.028,0.022,0.985,-0.183,-0.305,0.061,2.943,-7.692,-59.635,0.8415,0.0226,-0.0273,0.5390,0.00,0.00,0.00,4.06,92721.4,0,0.00,0.00,2
18871,0.028,0.023,0.989,0.000,-0.244,-0.061,2.943,-7.692,-59.635,0.8396,0.0235,-0.0271,0.5421,0.00,0.00,0.00,4.11,92719.5,0,0.00,0.00,2
18892,0.028,0.023,0.985,-0.061,-0.183,-0.061,2.943,-7.692,-59.635,0.8385,0.0237,-0.0269,0.5437,0.00,0.00,0.00,4.11,92718.0,0,0.00,0.00,2
18912,0.028,0.021,0.989,-0.061,-0.244,0.000,2.943,-7.692,-59.635,0.8375,0.0235,-0.0269,0.5453,0.00,0.00,0.00,4.10,92719.5,0,0.00,0.00,2
18932,0.026,0.021,0.988,-0.061,-0.122,-0.061,2.943,-7.692,-59.635,0.8365,0.0233,-0.0268,0.5469,0.00,0.00,0.00,4.07,92722.6,0,0.00,0.00,2
18951,0.029,0.022,0.989,-0.122,-0.183,0.061,2.943,-7.692,-59.635,0.8354,0.0235,-0.0270,0.5485,0.00,0.00,0.00,4.10,92720.1,0,0.00,0.00,2
18971,0.026,0.022,0.989,-0.061,-0.244,-0.122,2.943,-7.692,-59.635,0.8344,0.0235,-0.0266,0.5500,0.00,0.00,0.00,4.06,92721.5,0,0.00,0.00,2
18991,0.028,0.022,0.987,0.000,-0.183,0.000,2.943,-7.692,-59.635,0.8333,0.0236,-0.0267,0.5516,0.00,0.00,0.00,4.08,92718.7,0,0.00,0.00,2
19011,0.026,0.021,0.991,-0.122,-0.183,0.000,2.943,-7.692,-59.635,0.8323,0.0234,-0.0265,0.5532,0.00,-0.00,0.00,4.05,92723.3,0,0.00,0.00,2
19032,0.028,0.022,0.987,-0.122,-0.244,0.000,2.943,-7.692,-59.635,0.8312,0.0236,-0.0266,0.5548,0.00,0.00,0.00,4.07,92721.4,0,0.00,0.00,2
19052,0.026,0.024,0.989,-0.122,-0.183,0.000,2.943,-7.692,-59.635,0.8302,0.0237,-0.0261,0.5564,0.00,0.00,0.00,4.04,92720.6,0,0.00,0.00,2
19071,0.027,0.022,0.990,-0.061,-0.183,0.000,2.943,-7.692,-59.635,0.8291,0.0236,-0.0262,0.5580,0.00,-0.00,0.00,4.04,92722.8,0,0.00,0.00,2
19112,0.028,0.023,0.988,-0.122,-0.122,-0.061,2.943,-7.692,-59.635,0.8269,0.0238,-0.0263,0.5612,0.00,0.00,0.00,4.07,92722.1,0,0.00,0.00,2
19132,0.028,0.021,0.990,-0.061,-0.183,0.122,2.943,-7.692,-59.635,0.8259,0.0236,-0.0265,0.5627,0.00,0.00,0.00,4.06,92721.3,0,0.00,0.00,2
19152,0.027,0.021,0.986,-0.122,-0.244,0.000,2.943,-7.692,-59.635,0.8248,0.0234,-0.0262,0.5643,0.00,-0.00,0.00,4.03,92723.8,0,0.00,0.00,2
19172,0.026,0.023,0.987,-0.061,-0.183,-0.061,2.943,-7.692,-59.635,0.8237,0.0235,-0.0259,0.5659,0.00,0.00,0.00,4.01,92719.3,0,0.00,0.00,2
19191,0.025,0.022,0.989,-0.061,-0.244,0.122,2.943,-7.692,-59.635,0.8226,0.0233,-0.0257,0.5675,0.01,0.00,0.00,3.97,92719.3,0,0.00,0.00,2
19211,0.026,0.022,0.991,-0.122,-0.244,-0.061,2.943,-7.692,-59.635,0.8215,0.0232,-0.0256,0.5691,0.01,-0.00,0.00,3.96,92723.9,0,0.00,0.00,2
19231,0.029,0.021,0.991,-0.061,-0.244,0.000,2.943,-7.692,-59.635,0.8204,0.0234,-0.0260,0.5707,0.01,0.00,0.00,4.00,92722.1,0,0.00,0.00,2
19251,0.028,0.024,0.990,-0.122,-0.061,0.061,2.943,-7.692,-59.635,0.8194,0.0238,-0.0258,0.5722,0.01,-0.00,0.00,4.02,92722.8,0,0.00,0.00,2
19272,0.027,0.024,0.989,-0.061,-0.183,0.061,2.943,-7.692,-59.635,0.8183,0.0240,-0.0255,0.5738,0.00,-0.00,0.00,4.01,92727.2,0,0.00,0.00,2
19292,0.026,0.021,0.989,0.000,-0.183,-0.061,2.943,-7.692,-59.635,0.8172,0.0236,-0.0255,0.5754,0.00,0.00,0.00,3.98,92720.8,0,0.00,0.00,2
19311,0.027,0.022,0.989,-0.122,-0.061,0.000,2.943,-7.692,-59.635,0.8160,0.0236,-0.0255,0.5770,0.00,-0.00,0.00,3.99,92724.7,0,0.00,0.00,2
19331,0.028,0.023,0.991,-0.122,-0.183,0.000,2.943,-7.692,-59.635,0.8149,0.0238,-0.0256,0.5786,0.00,-0.00,0.00,4.01,92723.5,0,0.00,0.00,2
19372,0.026,0.022,0.988,-0.122,0.000,-0.061,2.943,-7.692,-59.635,0.8126,0.0235,-0.0253,0.5818,0.00,-0.00,0.00,3.96,92726.7,0,0.00,0.00,2
19392,0.027,0.022,0.987,-0.122,-0.305,-0.061,2.943,-7.692,-59.635,0.8115,0.0235,-0.0253,0.5834,0.00,-0.00,0.00,3.95,92724.7,0,0.00,0.00,2
19412,0.028,0.022,0.988,-0.122,-0.183,0.000,2.943,-7.692,-59.635,0.8103,0.0236,-0.0254,0.5850,0.00,-0.00,0.00,3.98,92725.4,0,0.00,0.00,2
19431,0.027,0.021,0.988,-0.122,-0.305,0.000,2.943,-7.692,-59.635,0.8092,0.0233,-0.0254,0.5866,0.00,0.00,0.00,3.95,92719.7,0,0.00,0.00,2
19451,0.026,0.023,0.989,-0.061,-0.305,-0.122,2.943,-7.692,-59.635,0.8080,0.0235,-0.0251,0.5882,0.00,-0.00,0.00,3.94,92723.3,0,0.00,0.00,2
19471,0.029,0.023,0.990,-0.122,-0.183,0.000,2.943,-7.692,-59.635,0.8069,0.0238,-0.0252,0.5897,0.00,-0.00,0.00,3.97,92723.9,0,0.00,0.00,2
19491,0.028,0.020,0.987,-0.061,-0.122,-0.061,2.943,-7.692,-59.635,0.8057,0.0236,-0.0254,0.5913,0.00,0.00,0.00,3.97,92720.8,0,0.00,0.00,2
19512,0.027,0.021,0.987,-0.061,-0.122,-0.061,2.943,-7.692,-59.635,0.8045,0.0235,-0.0253,0.5929,0.00,-0.00,0.00,3.95,92724.8,0,0.00,0.00,2
19531,0.026,0.023,0.989,-0.061,-0.244,0.000,2.943,-7.692,-59.635,0.8034,0.0235,-0.0249,0.5945,0.00,-0.00,0.00,3.92,92724.8,0,0.00,0.00,2
19551,0.027,0.023,0.986,-0.061,-0.244,0.061,2.943,-7.692,-59.635,0.8022,0.0236,-0.0248,0.5961,0.00,0.00,0.00,3.93,92721.4,0,0.00,0.00,2
19571,0.027,0.021,0.989,0.000,-0.183,-0.061,2.943,-7.692,-59.635,0.8010,0.0235,-0.0248,0.5977,0.00,-0.00,0.00,3.92,92723.4,0,0.00,0.00,2
19591,0.025,0.024,0.989,-0.061,-0.183,-0.061,2.943,-7.692,-59.635,0.7998,0.0237,-0.0244,0.5993,0.00,0.00,0.00,3.89,92719.5,0,0.00,0.00,2
19611,0.029,0.021,0.987,-0.122,-0.244,0.061,2.943,-7.692,-59.635,0.7987,0.0237,-0.0247,0.6008,0.00,0.00,0.00,3.92,92721.9,0,0.00,0.00,2
19632,0.027,0.021,0.987,-0.061,-0.244,0.000,2.943,-7.692,-59.635,0.7975,0.0234,-0.0248,0.6024,0.00,0.00,0.00,3.91,92722.1,0,0.00,0.00,2
19651,0.026,0.021,0.987,0.000,-0.061,0.000,2.943,-7.692,-59.635,0.7963,0.0233,-0.0246,0.6040,0.00,0.00,0.00,3.88,92722.6,0,0.00,0.00,2
19671,0.027,0.022,0.989,-0.122,-0.183,0.000,2.943,-7.692,-59.635,0.7950,0.0233,-0.0246,0.6056,0.00,-0.00,0.00,3.88,92723.7,0,0.00,0.00,2
19711,0.027,0.021,0.987,-0.122,-0.061,0.061,2.943,-7.692,-59.635,0.7926,0.0233,-0.0245,0.6088,0.00,-0.00,0.00,3.87,92723.5,0,0.00,0.00,2
19731,0.026,0.022,0.987,-0.061,-0.244,0.000,2.943,-7.692,-59.635,0.7914,0.0233,-0.0242,0.6104,0.00,-0.00,0.00,3.85,92724.1,0,0.00,0.00,2
19752,0.025,0.023,0.992,-0.061,-0.183,0.000,2.943,-7.692,-59.635,0.7902,0.0233,-0.0239,0.6119,0.00,-0.00,0.00,3.83,92723.9,0,0.00,0.00,2
19771,0.027,0.022,0.992,-0.061,-0.183,0.000,2.943,-7.692,-59.635,0.7889,0.0233,-0.0240,0.6135,0.00,-0.00,0.00,3.84,92726.4,0,0.00,0.00,2
19791,0.026,0.022,0.988,-0.061,-0.244,0.000,2.943,-7.692,-59.635,0.7877,0.0233,-0.0239,0.6152,0.00,-0.00,0.00,3.82,92726.4,0,0.00,0.00,2
19811,0.028,0.021,0.990,-0.122,-0.183,0.000,2.943,-7.692,-59.635,0.7865,0.0233,-0.0242,0.6167,0.00,-0.00,0.00,3.85,92725.9,0,0.00,0.00,2
19831,0.026,0.022,0.988,0.061,-0.305,-0.122,2.943,-7.692,-59.635,0.7852,0.0233,-0.0240,0.6183,0.00,-0.00,0.00,3.83,92723.5,0,0.00,0.00,2
19851,0.027,0.022,0.991,0.000,-0.183,0.000,2.943,-7.692,-59.635,0.7839,0.0234,-0.0239,0.6199,0.00,-0.00,0.00,3.83,92725.2,0,0.00,0.00,2
19872,0.026,0.022,0.988,0.000,-0.244,-0.061,2.943,-7.692,-59.635,0.7827,0.0234,-0.0238,0.6216,0.00,0.00,0.00,3.82,92722.3,0,0.00,0.00,2
19891,0.026,0.021,0.991,-0.061,-0.061,0.061,2.943,-7.692,-59.635,0.7814,0.0233,-0.0237,0.6232,0.00,0.00,0.00,3.81,92721.3,0,0.00,0.00,2
19911,0.028,0.021,0.989,-0.122,-0.183,0.000,2.943,-7.692,-59.635,0.7801,0.0233,-0.0240,0.6247,0.00,0.00,0.00,3.83,92721.8,0,0.00,0.00,2
19931,0.030,0.021,0.987,-0.122,-0.244,0.061,2.943,-7.692,-59.635,0.7789,0.0235,-0.0242,0.6263,0.00,0.00,0.00,3.87,92721.8,0,0.00,0.00,2
19951,0.030,0.022,0.989,0.000,-0.244,0.000,2.943,-7.692,-59.635,0.7776,0.0238,-0.0242,0.6278,0.00,0.00,0.00,3.89,92720.6,0,0.00,0.00,2
19971,0.025,0.023,0.986,0.000,-0.183,-0.061,2.943,-7.692,-59.635,0.7764,0.0238,-0.0236,0.6294,0.00,0.00,0.00,3.84,92722.1,0,0.00,0.00,2
19992,0.026,0.020,0.992,-0.061,-0.122,0.000,2.943,-7.692,-59.635,0.7751,0.0233,-0.0235,0.6309,0.00,0.00,0.00,3.80,92722.8,0,0.00,0.00,2
20012,0.028,0.021,0.986,-0.061,-0.244,0.000,2.943,-7.692,-59.635,0.7738,0.0234,-0.0236,0.6325,0.00,0.00,0.00,3.81,92722.1,0,0.00,0.00,2
20051,0.028,0.021,0.987,-0.122,-0.122,0.000,2.943,-7.692,-59.635,0.7713,0.0234,-0.0234,0.6357,0.00,-0.00,0.00,3.80,92724.1,0,0.00,0.00,2
20071,0.028,0.023,0.990,-0.122,-0.183,-0.061,2.943,-7.692,-59.635,0.7700,0.0237,-0.0233,0.6372,0.00,0.00,0.00,3.81,92721.3,0,0.00,0.00,2
20091,0.028,0.023,0.989,-0.061,-0.244,-0.122,2.943,-7.692,-59.635,0.7686,0.0239,-0.0232,0.6388,0.00,0.00,0.00,3.82,92721.9,0,0.00,0.00,2
20112,0.028,0.021,0.990,-0.122,-0.183,-0.061,2.943,-7.692,-59.635,0.7673,0.0238,-0.0233,0.6404,0.00,0.00,0.00,3.81,92722.1,0,0.00,0.00,2
20132,0.027,0.024,0.991,-0.122,-0.061,0.000,2.943,-7.692,-59.635,0.7660,0.0238,-0.0229,0.6420,0.00,0.00,0.00,3.79,92721.1,0,0.00,0.00,2
20151,0.026,0.024,0.990,0.000,-0.122,0.000,2.943,-7.692,-59.635,0.7647,0.0238,-0.0225,0.6436,0.00,-0.00,0.00,3.76,92726.2,0,0.00,0.00,2
20171,0.027,0.021,0.989,-0.061,-0.183,0.061,2.943,-7.692,-59.635,0.7634,0.0236,-0.0227,0.6451,0.00,-0.00,0.00,3.76,92723.3,0,0.00,0.00,2
20191,0.028,0.021,0.993,-0.122,-0.122,-0.061,2.943,-7.692,-59.635,0.7620,0.0235,-0.0229,0.6467,0.00,0.00,0.00,3.76,92721.9,0,0.00,0.00,2
20211,0.028,0.022,0.991,-0.122,-0.183,0.000,2.943,-7.692,-59.635,0.7607,0.0235,-0.0229,0.6483,0.00,-0.00,0.00,3.76,92728.5,0,0.00,0.00,2
20232,0.027,0.022,0.989,-0.122,-0.122,0.000,2.943,-7.692,-59.635,0.7593,0.0234,-0.0227,0.6499,0.00,-0.00,0.00,3.74,92728.8,0,0.00,0.00,2
20251,0.025,0.022,0.989,-0.122,-0.183,-0.061,2.943,-7.692,-59.635,0.7580,0.0233,-0.0224,0.6514,0.00,0.00,0.00,3.70,92722.1,0,0.00,0.00,2
20271,0.027,0.022,0.991,-0.061,-0.305,0.061,2.943,-7.692,-59.635,0.7567,0.0233,-0.0224,0.6530,0.00,0.00,0.00,3.70,92720.0,0,0.00,0.00,2
20291,0.027,0.022,0.993,-0.122,-0.244,0.000,2.943,-7.692,-59.635,0.7553,0.0233,-0.0224,0.6546,0.00,-0.00,0.00,3.71,92726.3,0,0.00,0.00,2
20311,0.026,0.021,0.987,-0.122,-0.244,0.061,2.943,-7.692,-59.635,0.7539,0.0232,-0.0223,0.6562,0.00,-0.00,0.00,3.69,92723.0,0,0.00,0.00,2
20331,0.027,0.021,0.989,-0.061,-0.122,-0.122,2.943,-7.692,-59.635,0.7525,0.0231,-0.0224,0.6578,0.00,-0.00,0.00,3.69,92723.4,0,0.00,0.00,2
20352,0.025,0.021,0.988,-0.122,-0.183,0.000,2.943,-7.692,-59.635,0.7512,0.0229,-0.0222,0.6593,0.00,0.00,0.00,3.66,92720.0,0,0.00,0.00,2
20391,0.025,0.021,0.988,-0.183,-0.122,0.000,2.943,-7.692,-59.635,0.7484,0.0229,-0.0220,0.6625,0.00,0.00,0.00,3.64,92720.5,0,0.00,0.00,2
20411,0.027,0.021,0.988,-0.061,-0.244,0.000,2.943,-7.692,-59.635,0.7470,0.0229,-0.0221,0.6641,0.00,0.00,0.00,3.65,92722.8,0,0.00,0.00,2
20431,0.027,0.021,0.989,0.000,-0.183,-0.061,2.943,-7.692,-59.635,0.7456,0.0229,-0.0222,0.6657,0.00,0.00,0.00,3.65,92721.5,0,0.00,0.00,2
20451,0.030,0.023,0.989,-0.061,-0.244,0.000,2.943,-7.692,-59.635,0.7442,0.0233,-0.0222,0.6672,0.00,-0.00,0.00,3.69,92726.8,0,0.00,0.00,2
20472,0.027,0.022,0.989,-0.122,-0.244,0.000,2.943,-7.692,-59.635,0.7428,0.0233,-0.0220,0.6687,0.00,-0.00,0.00,3.68,92725.4,0,0.00,0.00,2
20491,0.027,0.021,0.989,-0.061,-0.122,-0.122,2.943,-7.692,-59.635,0.7414,0.0232,-0.0220,0.6703,0.00,0.00,0.00,3.66,92720.8,0,0.00,0.00,2
20511,0.027,0.021,0.988,0.000,-0.122,0.061,2.943,-7.692,-59.635,0.7400,0.0232,-0.0218,0.6719,0.00,-0.00,0.00,3.65,92724.1,0,0.00,0.00,2
20531,0.027,0.021,0.990,-0.061,-0.244,0.000,2.943,-7.692,-59.635,0.7385,0.0231,-0.0218,0.6735,0.00,0.00,0.00,3.64,92721.9,0,0.00,0.00,2
20551,0.028,0.021,0.991,-0.061,-0.305,0.061,2.943,-7.692,-59.635,0.7371,0.0232,-0.0218,0.6750,0.00,-0.00,0.00,3.64,92726.8,0,0.00,0.00,2
20571,0.028,0.021,0.991,-0.061,-0.183,-0.061,2.943,-7.692,-59.635,0.7357,0.0233,-0.0218,0.6766,0.00,-0.00,0.00,3.65,92723.8,0,0.00,0.00,2
20592,0.026,0.022,0.990,-0.122,-0.183,-0.122,2.943,-7.692,-59.635,0.7342,0.0232,-0.0214,0.6782,0.00,0.00,0.00,3.62,92721.3,0,0.00,0.00,2
20611,0.027,0.022,0.987,-0.122,-0.122,0.000,2.943,-7.692,-59.635,0.7328,0.0233,-0.0214,0.6797,0.00,-0.00,0.00,3.62,92726.3,0,0.00,0.00,2
20631,0.026,0.022,0.990,-0.122,-0.244,-0.061,2.943,-7.692,-59.635,0.7313,0.0232,-0.0212,0.6813,0.00,-0.00,0.00,3.59,92723.3,0,0.00,0.00,2
20651,0.026,0.022,0.988,-0.122,-0.122,0.000,2.943,-7.692,-59.635,0.7299,0.0232,-0.0210,0.6829,0.00,0.00,0.00,3.59,92721.3,0,0.00,0.00,2
20671,0.028,0.022,0.989,-0.122,-0.183,-0.061,2.943,-7.692,-59.635,0.7284,0.0233,-0.0211,0.6844,0.00,0.00,0.00,3.60,92718.7,0,0.00,0.00,2
20712,0.027,0.021,0.986,-0.061,-0.183,-0.061,2.943,-7.692,-59.635,0.7255,0.0232,-0.0211,0.6875,0.00,-0.00,0.00,3.60,92723.3,0,0.00,0.00,2
20731,0.028,0.022,0.987,-0.122,-0.183,0.122,2.943,-7.692,-59.635,0.7240,0.0234,-0.0211,0.6891,0.00,-0.00,0.00,3.61,92724.6,0,0.00,0.00,2
20751,0.027,0.023,0.990,-0.061,-0.122,-0.122,2.943,-7.692,-59.635,0.7225,0.0234,-0.0209,0.6906,0.00,-0.00,0.00,3.60,92723.3,0,0.00,0.00,2
20771,0.029,0.022,0.991,0.000,-0.244,0.000,2.943,-7.692,-59.635,0.7210,0.0236,-0.0210,0.6922,0.00,-0.00,0.00,3.61,92724.8,0,0.00,0.00,2
20791,0.028,0.023,0.989,-0.122,-0.244,0.000,2.943,-7.692,-59.635,0.7196,0.0236,-0.0207,0.6937,0.00,0.00,0.00,3.60,92722.1,0,0.00,0.00,2
20811,0.026,0.021,0.990,-0.061,-0.183,0.000,2.943,-7.692,-59.635,0.7181,0.0233,-0.0206,0.6952,0.00,-0.00,0.00,3.56,92725.9,0,0.00,0.00,2
20832,0.027,0.022,0.985,-0.061,-0.244,0.000,2.943,-7.692,-59.635,0.7166,0.0233,-0.0205,0.6968,0.00,0.00,0.00,3.56,92722.2,0,0.00,0.00,2
20851,0.025,0.021,0.991,-0.061,-0.183,-0.061,2.943,-7.692,-59.635,0.7151,0.0230,-0.0202,0.6983,0.00,0.00,0.00,3.51,92718.9,0,0.00,0.00,2
20871,0.026,0.022,0.990,-0.122,-0.183,-0.061,2.943,-7.692,-59.635,0.7136,0.0230,-0.0202,0.6999,0.00,0.00,0.00,3.51,92721.9,0,0.00,0.00,2
20891,0.029,0.021,0.989,-0.061,-0.183,0.000,2.943,-7.692,-59.635,0.7121,0.0231,-0.0205,0.7014,0.00,-0.00,0.00,3.54,92725.0,0,0.00,0.00,2
20911,0.030,0.021,0.987,-0.061,-0.183,0.000,2.943,-7.692,-59.635,0.7106,0.0233,-0.0207,0.7029,0.00,0.00,0.00,3.57,92720.1,0,0.00,0.00,2
20931,0.027,0.020,0.991,-0.122,-0.183,0.000,2.943,-7.692,-59.635,0.7091,0.0230,-0.0206,0.7044,0.00,0.00,0.00,3.54,92721.4,0,0.00,0.00,2
20952,0.028,0.021,0.987,-0.061,-0.183,0.000,2.943,-7.692,-59.635,0.7076,0.0231,-0.0205,0.7060,0.00,0.00,0.00,3.54,92718.7,0,0.00,0.00,2
20971,0.027,0.022,0.986,0.000,-0.183,-0.061,2.943,-7.692,-59.635,0.7061,0.0231,-0.0203,0.7075,0.00,0.00,0.00,3.53,92722.5,0,0.00,0.00,2
20991,0.027,0.021,0.984,-0.122,-0.244,0.000,2.943,-7.692,-59.635,0.7045,0.0230,-0.0202,0.7090,0.00,-0.00,0.00,3.51,92724.7,0,0.00,0.00,2
21031,0.027,0.021,0.988,-0.061,-0.305,0.000,2.943,-7.692,-59.635,0.7014,0.0228,-0.0200,0.7121,0.00,-0.00,0.00,3.47,92723.3,0,0.00,0.00,2
21051,0.027,0.022,0.990,-0.122,-0.122,0.061,2.943,-7.692,-59.635,0.6999,0.0229,-0.0199,0.7136,0.00,-0.00,0.00,3.47,92723.3,0,0.00,0.00,2
21072,0.025,0.021,0.987,-0.122,-0.122,0.000,2.943,-7.692,-59.635,0.6983,0.0227,-0.0196,0.7151,0.00,-0.00,0.00,3.44,92724.8,0,0.00,0.00,2
21091,0.027,0.021,0.987,-0.122,-0.183,0.000,2.943,-7.692,-59.635,0.6968,0.0227,-0.0196,0.7167,0.00,0.00,0.00,3.44,92722.8,0,0.00,0.00,2
21111,0.028,0.023,0.989,-0.061,-0.122,0.061,2.943,-7.692,-59.635,0.6952,0.0230,-0.0195,0.7182,0.00,-0.00,0.00,3.45,92725.4,0,0.00,0.00,2
21131,0.027,0.022,0.989,-0.061,-0.122,0.061,2.943,-7.692,-59.635,0.6937,0.0230,-0.0194,0.7197,0.00,0.00,0.00,3.44,92722.8,0,0.00,0.00,2
21151,0.028,0.022,0.989,-0.122,-0.183,-0.061,2.943,-7.692,-59.635,0.6921,0.0230,-0.0194,0.7212,0.00,0.00,0.00,3.45,92722.8,0,0.00,0.00,2
21171,0.027,0.022,0.984,-0.122,-0.122,0.061,2.943,-7.692,-59.635,0.6905,0.0231,-0.0193,0.7227,0.00,0.00,0.00,3.45,92718.0,0,0.00,0.00,2
21192,0.026,0.021,0.988,0.000,-0.183,0.000,2.943,-7.692,-59.635,0.6889,0.0229,-0.0191,0.7242,0.00,-0.00,0.00,3.42,92725.2,0,0.00,0.00,2
21211,0.028,0.021,0.987,-0.122,-0.122,0.000,2.943,-7.692,-59.635,0.6873,0.0230,-0.0192,0.7257,0.00,-0.00,0.00,3.43,92724.2,0,0.00,0.00,2
21231,0.030,0.021,0.987,-0.122,-0.305,0.000,2.943,-7.692,-59.635,0.6858,0.0232,-0.0194,0.7272,0.00,0.00,0.00,3.46,92722.6,0,0.00,0.00,2
21251,0.028,0.023,0.986,-0.061,-0.244,-0.061,2.943,-7.692,-59.635,0.6842,0.0233,-0.0190,0.7287,0.00,-0.00,0.00,3.45,92723.3,0,0.00,0.00,2
21271,0.027,0.021,0.987,0.000,-0.183,0.000,2.943,-7.692,-59.635,0.6826,0.0231,-0.0190,0.7302,0.00,0.00,0.00,3.43,92720.0,0,0.00,0.00,2
21312,0.027,0.021,0.988,-0.061,-0.183,0.000,2.943,-7.692,-59.635,0.6794,0.0229,-0.0188,0.7332,0.00,-0.00,0.00,3.40,92725.2,0,0.00,0.00,2
21331,0.026,0.022,0.991,-0.061,-0.183,0.000,2.943,-7.692,-59.635,0.6778,0.0228,-0.0185,0.7347,0.00,-0.00,0.00,3.36,92724.2,0,0.00,0.00,2
21352,0.026,0.022,0.983,-0.122,-0.244,0.061,2.943,-7.692,-59.635,0.6762,0.0227,-0.0183,0.7362,0.00,0.00,0.00,3.34,92720.2,0,0.00,0.00,2
21371,0.029,0.023,0.985,-0.061,-0.122,-0.061,2.943,-7.692,-59.635,0.6745,0.0230,-0.0184,0.7376,0.00,0.00,0.00,3.37,92721.9,0,0.00,0.00,2
21391,0.027,0.022,0.989,0.000,-0.183,0.000,2.943,-7.692,-59.635,0.6729,0.0230,-0.0182,0.7391,0.00,0.00,0.00,3.36,92721.5,0,0.00,0.00,2
21411,0.028,0.022,0.988,-0.061,-0.183,0.061,2.943,-7.692,-59.635,0.6713,0.0230,-0.0182,0.7406,0.00,0.00,0.00,3.36,92722.3,0,0.00,0.00,2
21432,0.027,0.023,0.987,-0.122,-0.183,0.122,2.943,-7.692,-59.635,0.6697,0.0230,-0.0180,0.7421,0.00,-0.00,0.00,3.35,92726.7,0,0.00,0.00,2
21451,0.027,0.024,0.991,-0.061,-0.244,0.000,2.943,-7.692,-59.635,0.6680,0.0231,-0.0177,0.7436,0.00,0.00,0.00,3.33,92721.5,0,0.00,0.00,2
21471,0.027,0.023,0.990,-0.122,-0.244,0.000,2.943,-7.692,-59.635,0.6664,0.0230,-0.0177,0.7451,0.00,-0.00,0.00,3.32,92723.4,0,0.00,0.00,2
21491,0.027,0.021,0.987,-0.122,-0.305,-0.061,2.943,-7.692,-59.635,0.6647,0.0229,-0.0177,0.7465,0.00,0.00,0.00,3.32,92720.8,0,0.00,0.00,2
21511,0.026,0.021,0.988,-0.061,-0.122,0.000,2.943,-7.692,-59.635,0.6630,0.0227,-0.0177,0.7480,0.00,0.00,0.00,3.30,92722.6,0,0.00,0.00,2
21531,0.026,0.022,0.985,-0.061,-0.244,-0.122,2.943,-7.692,-59.635,0.6614,0.0226,-0.0176,0.7495,0.00,-0.00,0.00,3.28,92726.7,0,0.00,0.00,2
21552,0.028,0.021,0.988,-0.183,-0.244,-0.061,2.943,-7.692,-59.635,0.6597,0.0226,-0.0177,0.7510,0.00,-0.00,0.00,3.29,92723.5,0,0.00,0.00,2
21572,0.026,0.021,0.990,-0.122,-0.244,-0.061,2.943,-7.692,-59.635,0.6580,0.0224,-0.0175,0.7525,0.00,-0.00,0.00,3.26,92724.1,0,0.00,0.00,2
21591,0.026,0.023,0.986,-0.061,-0.183,0.000,2.943,-7.692,-59.635,0.6563,0.0225,-0.0173,0.7539,0.00,-0.00,0.00,3.26,92725.5,0,0.00,0.00,2
21631,0.028,0.023,0.988,-0.061,-0.183,0.061,2.943,-7.692,-59.635,0.6530,0.0228,-0.0171,0.7568,0.00,0.00,0.00,3.27,92721.3,0,0.00,0.00,2
21651,0.027,0.021,0.986,-0.061,-0.244,0.000,2.943,-7.692,-59.635,0.6513,0.0227,-0.0171,0.7583,0.00,0.00,0.00,3.26,92720.0,0,0.00,0.00,2
21672,0.026,0.022,0.989,-0.122,-0.183,0.061,2.943,-7.692,-59.635,0.6496,0.0226,-0.0169,0.7598,0.00,0.00,0.00,3.23,92721.3,0,0.00,0.00,2
21692,0.026,0.021,0.990,-0.122,-0.122,0.000,2.943,-7.692,-59.635,0.6479,0.0224,-0.0169,0.7612,0.00,0.00,0.00,3.22,92720.8,0,0.00,0.00,2
21711,0.026,0.021,0.985,-0.061,-0.244,0.000,2.943,-7.692,-59.635,0.6462,0.0223,-0.0169,0.7627,0.00,-0.00,0.00,3.20,92723.4,0,0.00,0.00,2
21731,0.028,0.022,0.988,-0.122,-0.122,-0.061,2.943,-7.692,-59.635,0.6445,0.0224,-0.0170,0.7641,0.00,0.00,0.00,3.22,92722.8,0,0.00,0.00,2
21751,0.026,0.021,0.987,-0.061,-0.244,0.000,2.943,-7.692,-59.635,0.6428,0.0223,-0.0168,0.7656,0.00,-0.00,0.00,3.20,92723.9,0,0.00,0.00,2
21771,0.025,0.022,0.990,-0.061,-0.183,0.000,2.943,-7.692,-59.635,0.6410,0.0222,-0.0166,0.7670,0.00,0.00,0.00,3.17,92722.6,0,0.00,0.00,2
21792,0.028,0.022,0.991,-0.061,-0.244,0.000,2.943,-7.692,-59.635,0.6393,0.0224,-0.0166,0.7684,0.00,-0.00,0.00,3.19,92723.4,0,0.00,0.00,2
21811,0.028,0.023,0.986,-0.122,-0.183,0.000,2.943,-7.692,-59.635,0.6376,0.0226,-0.0165,0.7699,0.00,0.00,0.00,3.20,92721.4,0,0.00,0.00,2
21831,0.027,0.021,0.988,-0.061,-0.183,-0.061,2.943,-7.692,-59.635,0.6359,0.0225,-0.0165,0.7713,0.00,0.00,0.00,3.20,92719.0,0,0.00,0.00,2
21851,0.027,0.021,0.986,-0.061,-0.122,0.000,2.943,-7.692,-59.635,0.6341,0.0224,-0.0164,0.7727,0.00,0.00,0.00,3.18,92717.8,0,0.00,0.00,2
21871,0.025,0.022,0.991,-0.122,-0.183,-0.061,2.943,-7.692,-59.635,0.6324,0.0222,-0.0162,0.7742,0.00,0.00,0.00,3.14,92720.0,0,0.00,0.00,2
21891,0.026,0.022,0.989,-0.061,-0.183,-0.061,2.943,-7.692,-59.635,0.6306,0.0221,-0.0160,0.7756,0.00,0.00,0.00,3.13,92720.6,0,0.00,0.00,2
21912,0.028,0.020,0.989,-0.061,-0.183,0.000,2.943,-7.692,-59.635,0.6289,0.0221,-0.0163,0.7770,0.00,0.00,0.00,3.15,92722.2,0,0.00,0.00,2
21931,0.025,0.022,0.987,-0.122,-0.122,0.000,2.943,-7.692,-59.635,0.6271,0.0220,-0.0160,0.7784,0.01,0.00,0.00,3.12,92721.0,0,0.00,0.00,2
21951,0.026,0.021,0.991,-0.061,-0.244,0.122,2.943,-7.692,-59.635,0.6254,0.0220,-0.0159,0.7798,0.01,0.00,0.00,3.11,92722.6,0,0.00,0.00,2
21971,0.026,0.023,0.988,-0.061,-0.244,0.061,2.943,-7.692,-59.635,0.6237,0.0221,-0.0157,0.7812,0.01,-0.00,0.00,3.10,92723.9,0,0.00,0.00,2
21991,0.028,0.022,0.990,-0.061,-0.183,0.000,2.943,-7.692,-59.635,0.6219,0.0222,-0.0158,0.7826,0.00,-0.00,0.00,3.12,92724.6,0,0.00,0.00,2
22011,0.028,0.021,0.990,-0.061,-0.183,0.000,2.943,-7.692,-59.635,0.6201,0.0222,-0.0158,0.7840,0.00,-0.00,0.00,3.12,92723.1,0,0.00,0.00,2
22032,0.026,0.024,0.989,0.000,-0.183,0.000,2.943,-7.692,-59.635,0.6184,0.0223,-0.0154,0.7854,0.00,0.00,0.00,3.11,92721.9,0,0.00,0.00,2
22051,0.027,0.021,0.984,-0.122,-0.244,0.000,2.943,-7.692,-59.635,0.6166,0.0221,-0.0155,0.7868,0.01,0.00,0.00,3.10,92720.1,0,0.00,0.00,2
22071,0.027,0.021,0.987,-0.061,-0.183,0.000,2.943,-7.692,-59.635,0.6148,0.0221,-0.0154,0.7882,0.01,0.00,0.00,3.09,92717.3,0,0.00,0.00,2
22091,0.027,0.021,0.986,-0.122,-0.122,-0.061,2.943,-7.692,-59.635,0.6130,0.0221,-0.0154,0.7896,0.01,0.00,0.00,3.09,92722.8,0,0.00,0.00,2
22111,0.028,0.021,0.992,-0.061,-0.305,0.061,2.943,-7.692,-59.635,0.6112,0.0221,-0.0155,0.7910,0.01,-0.00,0.00,3.09,92723.4,0,0.00,0.00,2
22131,0.028,0.022,0.988,-0.122,-0.122,0.000,2.943,-7.692,-59.635,0.6094,0.0222,-0.0154,0.7924,0.01,0.00,0.00,3.09,92721.3,0,0.00,0.00,2
22152,0.027,0.023,0.986,0.000,-0.305,-0.061,2.943,-7.692,-59.635,0.6076,0.0223,-0.0150,0.7938,0.01,0.00,0.00,3.08,92719.3,0,0.00,0.00,2
22171,0.027,0.022,0.990,-0.061,-0.122,-0.061,2.943,-7.692,-59.635,0.6058,0.0222,-0.0149,0.7952,0.01,0.00,0.00,3.06,92720.8,0,0.00,0.00,2
22191,0.028,0.021,0.986,-0.061,-0.183,0.000,2.943,-7.692,-59.635,0.6040,0.0222,-0.0151,0.7966,0.01,0.00,0.00,3.07,92721.9,0,0.00,0.00,2
22231,0.026,0.022,0.990,-0.061,-0.183,0.000,2.943,-7.692,-59.635,0.6003,0.0219,-0.0148,0.7993,0.01,-0.00,0.00,3.03,92722.9,0,0.00,0.00,2
22251,0.025,0.022,0.990,-0.122,-0.244,0.061,2.943,-7.692,-59.635,0.5985,0.0217,-0.0145,0.8007,0.01,0.00,0.00,2.99,92719.2,0,0.00,0.00,2
22272,0.026,0.021,0.989,0.000,-0.183,-0.061,2.943,-7.692,-59.635,0.5967,0.0216,-0.0144,0.8020,0.01,0.00,0.00,2.98,92716.5,0,0.00,0.00,2
22292,0.027,0.022,0.991,-0.061,-0.122,0.000,2.943,-7.692,-59.635,0.5949,0.0217,-0.0144,0.8034,0.01,0.00,0.00,2.98,92721.1,0,0.00,0.00,2
22312,0.029,0.022,0.984,-0.122,-0.244,-0.061,2.943,-7.692,-59.635,0.5930,0.0219,-0.0144,0.8048,0.01,-0.00,0.00,3.01,92724.1,0,0.00,0.00,2
22331,0.027,0.023,0.987,-0.122,-0.183,-0.122,2.943,-7.692,-59.635,0.5912,0.0220,-0.0142,0.8061,0.01,0.00,0.00,3.00,92722.5,0,0.00,0.00,2
22351,0.027,0.022,0.990,-0.122,-0.183,-0.061,2.943,-7.692,-59.635,0.5893,0.0220,-0.0141,0.8075,0.01,0.00,0.00,2.99,92722.1,0,0.00,0.00,2
22371,0.027,0.021,0.992,0.000,-0.183,-0.122,2.943,-7.692,-59.635,0.5874,0.0219,-0.0141,0.8088,0.01,-0.00,0.00,2.98,92724.2,0,0.00,0.00,2
22392,0.028,0.022,0.990,-0.122,-0.183,0.061,2.943,-7.692,-59.635,0.5856,0.0220,-0.0141,0.8102,0.01,0.00,0.00,2.99,92719.3,0,0.00,0.00,2
22411,0.027,0.021,0.991,-0.183,-0.244,0.061,2.943,-7.692,-59.635,0.5837,0.0218,-0.0140,0.8115,0.01,0.00,0.00,2.97,92721.4,0,0.00,0.00,2
22431,0.027,0.021,0.989,-0.061,-0.244,-0.061,2.943,-7.692,-59.635,0.5819,0.0217,-0.0139,0.8129,0.01,0.00,0.00,2.96,92720.0,0,0.00,0.00,2
22451,0.026,0.025,0.990,-0.061,-0.244,0.061,2.943,-7.692,-59.635,0.5800,0.0218,-0.0135,0.8142,0.01,-0.00,0.00,2.94,92723.9,0,0.00,0.00,2
22471,0.027,0.023,0.989,-0.122,-0.183,0.000,2.943,-7.692,-59.635,0.5782,0.0218,-0.0133,0.8155,0.01,-0.00,0.00,2.93,92725.4,0,0.00,0.00,2
22491,0.026,0.023,0.988,-0.122,-0.183,0.000,2.943,-7.692,-59.635,0.5763,0.0218,-0.0131,0.8168,0.01,0.00,0.00,2.92,92721.9,0,0.00,0.00,2
22512,0.027,0.021,0.989,-0.061,-0.244,0.000,2.943,-7.692,-59.635,0.5744,0.0217,-0.0133,0.8182,0.01,0.00,0.00,2.91,92721.9,0,0.00,0.00,2
22531,0.027,0.023,0.989,-0.122,-0.244,0.000,2.943,-7.692,-59.635,0.5725,0.0217,-0.0131,0.8195,0.01,-0.00,0.00,2.90,92724.7,0,0.00,0.00,2
22551,0.028,0.021,0.986,-0.122,-0.183,0.000,2.943,-7.692,-59.635,0.5707,0.0217,-0.0132,0.8208,0.01,0.00,0.00,2.91,92721.8,0,0.00,0.00,2
22571,0.026,0.022,0.990,-0.061,-0.122,0.000,2.943,-7.692,-59.635,0.5688,0.0215,-0.0130,0.8221,0.01,0.00,0.00,2.88,92721.1,0,0.00,0.00,2
22591,0.025,0.021,0.990,-0.061,-0.244,-0.061,2.943,-7.692,-59.635,0.5669,0.0213,-0.0129,0.8234,0.01,0.00,0.00,2.85,92720.5,0,0.00,0.00,2
22611,0.027,0.021,0.988,-0.061,-0.183,0.000,2.943,-7.692,-59.635,0.5650,0.0213,-0.0129,0.8247,0.01,0.00,0.00,2.86,92718.7,0,0.00,0.00,2
22632,0.026,0.021,0.986,-0.061,-0.244,-0.061,2.943,-7.692,-59.635,0.5630,0.0213,-0.0128,0.8261,0.01,-0.00,0.00,2.85,92725.2,0,0.00,0.00,2
22651,0.027,0.021,0.987,-0.122,-0.122,0.061,2.943,-7.692,-59.635,0.5611,0.0213,-0.0128,0.8274,0.01,0.00,0.00,2.85,92721.9,0,0.00,0.00,2
22671,0.027,0.021,0.991,-0.122,-0.244,-0.122,2.943,-7.692,-59.635,0.5592,0.0213,-0.0128,0.8287,0.01,0.00,0.00,2.84,92718.0,0,0.00,0.00,2
22691,0.027,0.021,0.989,0.000,-0.183,0.000,2.943,-7.692,-59.635,0.5573,0.0213,-0.0126,0.8300,0.01,0.00,0.00,2.83,92722.2,0,0.00,0.00,2
22711,0.027,0.021,0.989,-0.122,-0.244,0.061,2.943,-7.692,-59.635,0.5554,0.0211,-0.0126,0.8312,0.01,0.00,0.00,2.82,92720.8,0,0.00,0.00,2
22731,0.026,0.021,0.988,0.061,-0.244,0.000,2.943,-7.692,-59.635,0.5534,0.0210,-0.0125,0.8325,0.01,-0.00,0.00,2.80,92723.4,0,0.00,0.00,2
22752,0.027,0.021,0.990,-0.061,-0.183,0.000,2.943,-7.692,-59.635,0.5515,0.0211,-0.0124,0.8338,0.01,0.00,0.00,2.80,92722.1,0,0.00,0.00,2
22772,0.027,0.020,0.987,0.000,-0.183,0.000,2.943,-7.692,-59.635,0.5496,0.0210,-0.0124,0.8351,0.01,-0.00,0.00,2.79,92723.9,0,0.00,0.00,2
22791,0.026,0.021,0.987,-0.061,-0.244,-0.122,2.943,-7.692,-59.635,0.5476,0.0209,-0.0123,0.8364,0.01,0.00,0.00,2.78,92720.6,0,0.00,0.00,2
22831,0.025,0.020,0.987,-0.061,-0.183,-0.061,2.943,-7.692,-59.635,0.5437,0.0207,-0.0122,0.8389,0.01,0.00,0.00,2.75,92721.8,0,0.00,0.00,2
22852,0.027,0.023,0.986,-0.061,-0.183,0.061,2.943,-7.692,-59.635,0.5418,0.0209,-0.0119,0.8402,0.01,-0.00,0.00,2.76,92723.5,0,0.00,0.00,2
22872,0.027,0.022,0.990,-0.061,-0.122,0.000,2.943,-7.692,-59.635,0.5398,0.0210,-0.0118,0.8414,0.01,-0.00,0.00,2.76,92723.9,0,0.00,0.00,2
22892,0.025,0.021,0.984,0.000,-0.183,-0.061,2.943,-7.692,-59.635,0.5379,0.0208,-0.0116,0.8427,0.01,0.00,0.00,2.73,92718.5,0,0.00,0.00,2
22911,0.027,0.022,0.987,-0.061,-0.366,0.061,2.943,-7.692,-59.635,0.5359,0.0209,-0.0114,0.8439,0.01,0.00,0.00,2.73,92721.7,0,0.00,0.00,2
22931,0.027,0.022,0.990,0.000,-0.183,-0.061,2.943,-7.692,-59.635,0.5340,0.0209,-0.0113,0.8452,0.01,0.00,0.00,2.72,92720.0,0,0.00,0.00,2
22951,0.028,0.021,0.986,-0.122,-0.244,0.061,2.943,-7.692,-59.635,0.5320,0.0209,-0.0114,0.8464,0.01,0.00,0.00,2.73,92720.0,0,0.00,0.00,2
22971,0.027,0.021,0.990,-0.061,-0.183,-0.122,2.943,-7.692,-59.635,0.5300,0.0209,-0.0113,0.8477,0.01,0.00,0.00,2.72,92721.9,0,0.00,0.00,2
22992,0.026,0.021,0.990,0.061,-0.183,0.000,2.943,-7.692,-59.635,0.5280,0.0207,-0.0112,0.8489,0.01,0.00,0.00,2.70,92719.2,0,0.00,0.00,2
23011,0.027,0.021,0.988,-0.122,-0.244,0.000,2.943,-7.692,-59.635,0.5261,0.0207,-0.0112,0.8501,0.01,0.00,0.00,2.70,92719.3,0,0.00,0.00,2
23031,0.027,0.022,0.987,-0.183,-0.122,0.000,2.943,-7.692,-59.635,0.5241,0.0207,-0.0110,0.8514,0.01,0.00,0.00,2.69,92717.8,0,0.00,0.00,2
23051,0.028,0.021,0.988,-0.122,-0.122,0.000,2.943,-7.692,-59.635,0.5221,0.0208,-0.0111,0.8526,0.01,-0.00,0.00,2.70,92723.3,0,0.00,0.00,2
23071,0.028,0.023,0.993,-0.061,-0.122,0.000,2.943,-7.692,-59.635,0.5201,0.0210,-0.0109,0.8538,0.01,-0.00,0.00,2.71,92723.3,0,0.00,0.00,2
23091,0.025,0.021,0.990,-0.061,-0.183,0.000,2.943,-7.692,-59.635,0.5181,0.0207,-0.0106,0.8550,0.01,0.00,0.00,2.67,92719.8,0,0.00,0.00,2
23112,0.027,0.021,0.987,-0.122,-0.183,-0.122,2.943,-7.692,-59.635,0.5161,0.0206,-0.0107,0.8562,0.01,-0.00,0.00,2.66,92723.3,0,0.00,0.00,2
23132,0.030,0.021,0.991,-0.122,-0.061,0.061,2.943,-7.692,-59.635,0.5141,0.0208,-0.0108,0.8574,0.01,-0.00,0.00,2.69,92722.9,0,0.00,0.00,2
23151,0.028,0.021,0.988,-0.183,-0.122,0.061,2.943,-7.692,-59.635,0.5121,0.0209,-0.0107,0.8586,0.01,0.00,0.00,2.69,92720.6,0,0.00,0.00,2
23171,0.028,0.024,0.989,0.000,-0.244,0.000,2.943,-7.692,-59.635,0.5102,0.0210,-0.0103,0.8598,0.01,0.00,0.00,2.68,92718.7,0,0.00,0.00,2
23191,0.026,0.024,0.988,0.000,-0.183,0.000,2.943,-7.692,-59.635,0.5082,0.0210,-0.0099,0.8609,0.01,-0.00,0.00,2.66,92725.4,0,0.00,0.00,2
23211,0.028,0.023,0.993,-0.061,-0.183,0.061,2.943,-7.692,-59.635,0.5062,0.0210,-0.0097,0.8621,0.01,-0.00,0.00,2.66,92725.1,0,0.00,0.00,2
23232,0.027,0.021,0.991,-0.122,-0.122,0.000,2.943,-7.692,-59.635,0.5041,0.0209,-0.0098,0.8633,0.01,0.00,0.00,2.64,92720.6,0,0.00,0.00,2
23251,0.027,0.023,0.988,-0.061,-0.122,-0.122,2.943,-7.692,-59.635,0.5021,0.0209,-0.0096,0.8645,0.01,-0.00,0.00,2.63,92723.3,0,0.00,0.00,2
23271,0.027,0.021,0.990,-0.061,-0.122,0.000,2.943,-7.692,-59.635,0.5001,0.0208,-0.0096,0.8657,0.01,0.00,0.00,2.62,92718.0,0,0.00,0.00,2
23291,0.025,0.023,0.987,-0.061,-0.122,0.061,2.943,-7.692,-59.635,0.4981,0.0206,-0.0093,0.8668,0.01,0.00,0.00,2.59,92722.1,0,0.00,0.00,2
23311,0.026,0.021,0.988,0.000,-0.061,0.000,2.943,-7.692,-59.635,0.4960,0.0204,-0.0092,0.8680,0.01,0.00,0.00,2.57,92719.8,0,0.00,0.00,2
23331,0.027,0.022,0.988,0.000,-0.244,0.000,2.943,-7.692,-59.635,0.4940,0.0205,-0.0092,0.8692,0.01,-0.00,0.00,2.57,92723.9,0,0.00,0.00,2
23352,0.026,0.021,0.990,-0.122,-0.183,-0.061,2.943,-7.692,-59.635,0.4919,0.0203,-0.0092,0.8703,0.01,0.00,0.00,2.55,92719.7,0,0.00,0.00,2
23371,0.028,0.022,0.987,-0.122,-0.244,-0.061,2.943,-7.692,-59.635,0.4899,0.0204,-0.0091,0.8715,0.01,-0.00,0.00,2.57,92722.6,0,0.00,0.00,2
23391,0.026,0.021,0.989,-0.061,-0.122,0.000,2.943,-7.692,-59.635,0.4879,0.0203,-0.0091,0.8726,0.01,0.00,0.00,2.55,92720.5,0,0.00,0.00,2
23411,0.026,0.022,0.987,-0.061,-0.122,0.000,2.943,-7.692,-59.635,0.4858,0.0203,-0.0089,0.8738,0.01,0.00,0.00,2.54,92721.3,0,0.00,0.00,2
23451,0.028,0.020,0.988,-0.061,-0.122,-0.122,2.943,-7.692,-59.635,0.4817,0.0203,-0.0089,0.8761,0.01,-0.00,0.00,2.54,92722.6,0,0.00,0.00,2
23472,0.026,0.021,0.989,0.000,-0.305,-0.061,2.943,-7.692,-59.635,0.4796,0.0201,-0.0087,0.8772,0.01,0.00,0.00,2.51,92721.8,0,0.00,0.00,2
23491,0.025,0.021,0.992,0.000,-0.183,-0.061,2.943,-7.692,-59.635,0.4776,0.0199,-0.0085,0.8783,0.01,0.00,0.00,2.48,92721.1,0,0.00,0.00,2
23511,0.026,0.022,0.989,-0.061,-0.183,0.000,4.414,-7.692,-59.994,0.4756,0.0198,-0.0079,0.8794,0.01,0.00,0.00,2.44,92717.8,0,0.00,0.00,2
23531,0.027,0.022,0.989,-0.061,-0.122,0.000,3.310,-8.765,-59.994,0.4736,0.0199,-0.0082,0.8805,0.01,-0.00,0.00,2.47,92722.2,0,0.00,0.00,2
23552,0.027,0.021,0.988,-0.061,-0.122,-0.061,3.310,-8.765,-59.994,0.4715,0.0200,-0.0086,0.8816,0.01,0.00,0.00,2.50,92721.3,0,0.00,0.00,2
23572,0.028,0.023,0.989,-0.061,-0.244,0.000,3.310,-8.765,-59.994,0.4694,0.0202,-0.0087,0.8827,0.01,-0.00,0.00,2.52,92728.0,0,0.00,0.00,2
23592,0.027,0.022,0.985,-0.061,-0.183,-0.061,3.310,-8.765,-59.994,0.4673,0.0202,-0.0089,0.8838,0.01,0.00,0.00,2.53,92719.8,0,0.00,0.00,2
23611,0.027,0.022,0.987,-0.122,-0.183,-0.122,3.310,-8.765,-59.994,0.4652,0.0203,-0.0090,0.8849,0.01,0.00,0.00,2.55,92719.3,0,0.00,0.00,2
23631,0.027,0.023,0.988,-0.061,-0.244,-0.061,3.310,-8.765,-59.994,0.4631,0.0203,-0.0090,0.8860,0.01,-0.00,0.00,2.55,92722.8,0,0.00,0.00,2
23651,0.027,0.021,0.986,0.000,-0.122,0.061,3.310,-8.765,-59.994,0.4610,0.0203,-0.0091,0.8871,0.01,0.00,0.00,2.55,92721.8,0,0.00,0.00,2
23671,0.026,0.021,0.990,-0.061,-0.305,0.061,3.310,-8.765,-59.994,0.4589,0.0202,-0.0092,0.8882,0.01,0.00,0.00,2.54,92720.0,0,0.00,0.00,2
23691,0.027,0.019,0.989,-0.061,-0.305,0.061,3.310,-8.765,-59.994,0.4569,0.0201,-0.0093,0.8893,0.01,0.00,0.00,2.54,92720.6,0,0.00,0.00,2
