Time[ms],AccX[g],AccY[g],AccZ[g],GyroX[°/s],GyroY[°/s],GyroZ[°/s],MagX[uT],MagY[uT],MagZ[uT],qW,qX,qY,qZ,AltFilt[m],VelFilt[m/s],AccVert[m/s^2],Tilt[°],PressBMP[Pa],Servo[%],PID_Gain,Cd_Gain,Estado
16662,-0.052,-0.051,0.997,-0.000,0.000,-0.000,0.000,-0.000,0.000,0.9995,-0.0226,0.0231,-0.0000,-0.00,0.00,0.00,3.70,86133.1,0,0.00,0.00,2
16762,-0.052,-0.051,0.997,-0.000,0.000,-0.000,0.000,-0.000,0.000,0.9994,-0.0251,0.0256,-0.0000,-0.00,-0.00,0.00,4.11,86133.1,0,0.00,0.00,2
16862,-0.052,-0.051,0.997,-0.000,0.000,-0.000,0.000,-0.000,0.000,0.9993,-0.0256,0.0261,-0.0000,-0.00,-0.00,0.00,4.19,86133.1,0,0.00,0.00,2
16962,-0.052,-0.051,0.997,-0.000,0.000,-0.000,0.000,-0.000,0.000,0.9993,-0.0257,0.0262,-0.0000,-0.00,-0.00,0.00,4.20,86133.1,0,0.00,0.00,2
17062,-0.052,-0.051,0.997,-0.000,0.000,-0.000,0.000,-0.000,0.000,0.9993,-0.0256,0.0261,0.0000,-0.00,-0.00,0.00,4.19,86133.1,0,0.00,0.00,2
17162,-0.052,-0.051,0.997,-0.000,0.000,-0.000,0.000,-0.000,0.000,0.9993,-0.0255,0.0260,0.0000,-0.00,-0.00,0.00,4.18,86133.1,0,0.00,0.00,2
17262,-0.052,-0.051,0.997,-0.000,0.000,-0.000,0.000,-0.000,0.000,0.9993,-0.0255,0.0260,0.0000,-0.00,-0.00,0.00,4.17,86133.1,0,0.00,0.00,2
17362,-0.052,-0.051,0.997,-0.000,0.000,-0.000,0.000,-0.000,0.000,0.9993,-0.0254,0.0259,0.0000,-0.00,-0.00,0.00,4.16,86133.1,0,0.00,0.00,2
17462,-0.052,-0.051,0.997,-0.000,0.000,-0.000,0.000,-0.000,0.000,0.9993,-0.0254,0.0259,0.0000,-0.00,-0.00,0.00,4.16,86133.1,0,0.00,0.00,2
17562,-0.052,-0.051,0.997,-0.000,0.000,-0.000,0.000,-0.000,0.000,0.9993,-0.0254,0.0259,0.0000,-0.00,-0.00,0.00,4.16,86133.1,0,0.00,0.00,2
17662,-0.052,-0.051,0.997,-0.000,0.000,-0.000,0.000,-0.000,0.000,0.9993,-0.0254,0.0259,0.0000,-0.00,-0.00,0.00,4.15,86133.1,0,0.00,0.00,2
17762,-0.052,-0.051,0.997,-0.000,0.000,-0.000,0.000,-0.000,0.000,0.9993,-0.0254,0.0259,0.0000,-0.00,-0.00,0.00,4.15,86133.1,0,0.00,0.00,2
17862,-0.052,-0.051,0.997,-0.000,0.000,-0.000,0.000,-0.000,0.000,0.9993,-0.0254,0.0258,0.0000,-0.00,-0.00,0.00,4.15,86133.1,0,0.00,0.00,2
17962,-0.052,-0.051,0.997,-0.000,0.000,-0.000,0.000,-0.000,0.000,0.9993,-0.0254,0.0258,0.0000,-0.00,-0.00,0.00,4.15,86133.1,0,0.00,0.00,2
18062,-0.052,-0.051,0.997,-0.000,0.000,-0.000,0.000,-0.000,0.000,0.9993,-0.0253,0.0258,0.0000,-0.00,-0.00,0.00,4.15,86133.1,0,0.00,0.00,2
18162,-0.052,-0.051,0.997,-0.000,0.000,-0.000,0.000,-0.000,0.000,0.9993,-0.0253,0.0258,0.0000,-0.00,-0.00,0.00,4.15,86133.1,0,0.00,0.00,2
18262,-0.052,-0.051,0.997,-0.000,0.000,-0.000,0.000,-0.000,0.000,0.9993,-0.0253,0.0258,0.0000,-0.00,-0.00,0.00,4.15,86133.1,0,0.00,0.00,2
18362,-0.052,-0.051,0.997,-0.000,0.000,-0.000,0.000,-0.000,0.000,0.9993,-0.0253,0.0258,0.0000,-0.00,-0.00,0.00,4.14,86133.1,0,0.00,0.00,2
18462,-0.052,-0.051,0.997,-0.000,0.000,-0.000,0.000,-0.000,0.000,0.9993,-0.0253,0.0258,0.0000,-0.00,-0.00,0.00,4.14,86133.1,0,0.00,0.00,2
18562,-0.052,-0.051,0.997,-0.000,0.000,-0.000,0.000,-0.000,0.000,0.9993,-0.0253,0.0258,-0.0000,-0.00,-0.00,0.00,4.14,86133.1,0,0.00,0.00,2
18662,-0.052,-0.051,0.997,-0.000,0.000,-0.000,0.000,-0.000,0.000,0.9993,-0.0253,0.0258,-0.0000,-0.00,-0.00,0.00,4.14,86133.1,0,0.00,0.00,2
18762,-0.052,-0.051,0.997,-0.000,0.000,-0.000,0.000,-0.000,0.000,0.9993,-0.0253,0.0258,-0.0000,-0.00,-0.00,0.00,4.14,86133.1,0,0.00,0.00,2
18862,-0.052,-0.051,0.997,-0.000,0.000,-0.000,0.000,-0.000,0.000,0.9993,-0.0253,0.0258,-0.0000,-0.00,-0.00,0.00,4.14,86133.1,0,0.00,0.00,2
18962,-0.052,-0.051,0.997,-0.000,0.000,-0.000,0.000,-0.000,0.000,0.9993,-0.0253,0.0258,-0.0000,-0.00,-0.00,0.00,4.14,86133.1,0,0.00,0.00,2
19062,-0.052,-0.051,0.997,-0.000,0.000,-0.000,0.000,-0.000,0.000,0.9993,-0.0253,0.0258,-0.0000,-0.00,-0.00,0.00,4.14,86133.1,0,0.00,0.00,2
19162,-0.052,-0.051,0.997,-0.000,0.000,-0.000,0.000,-0.000,0.000,0.9993,-0.0253,0.0258,-0.0000,-0.00,-0.00,0.00,4.14,86133.1,0,0.00,0.00,2
19262,-0.052,-0.051,0.997,-0.000,0.000,-0.000,0.000,-0.000,0.000,0.9993,-0.0253,0.0258,-0.0000,-0.00,-0.00,0.00,4.14,86133.1,0,0.00,0.00,2
19362,-0.052,-0.051,0.997,-0.000,0.000,-0.000,0.000,-0.000,0.000,0.9993,-0.0253,0.0258,-0.0000,-0.00,-0.00,0.00,4.14,86133.1,0,0.00,0.00,2
19462,-0.052,-0.051,0.997,-0.000,0.000,-0.000,0.000,-0.000,0.000,0.9993,-0.0253,0.0258,-0.0000,-0.00,-0.00,0.00,4.14,86133.1,0,0.00,0.00,2
19562,-0.052,-0.051,0.997,-0.000,0.000,-0.000,0.000,-0.000,0.000,0.9993,-0.0253,0.0258,-0.0000,-0.00,-0.00,0.00,4.14,86133.1,0,0.00,0.00,2
19662,-0.052,-0.051,0.997,-0.000,0.000,-0.000,0.000,-0.000,0.000,0.9993,-0.0253,0.0258,-0.0000,-0.00,-0.00,0.00,4.14,86133.1,0,0.00,0.00,2
19762,-0.052,-0.051,0.997,-0.000,0.000,-0.000,0.000,-0.000,0.000,0.9993,-0.0253,0.0258,-0.0000,-0.00,-0.00,0.00,4.14,86133.1,0,0.00,0.00,2
19862,-0.052,-0.051,0.997,-0.000,0.000,-0.000,0.000,-0.000,0.000,0.9993,-0.0253,0.0258,-0.0000,-0.00,-0.00,0.00,4.14,86133.1,0,0.00,0.00,2
19962,-0.052,-0.051,0.997,-0.000,0.000,-0.000,0.000,-0.000,0.000,0.9993,-0.0253,0.0258,-0.0000,-0.00,-0.00,0.00,4.14,86133.1,0,0.00,0.00,2
20062,-0.052,-0.051,0.997,-0.000,0.000,-0.000,0.000,-0.000,0.000,0.9993,-0.0253,0.0258,-0.0000,-0.00,-0.00,0.00,4.14,86133.1,0,0.00,0.00,2
20162,-0.052,-0.051,0.997,-0.000,0.000,-0.000,0.000,-0.000,0.000,0.9993,-0.0253,0.0258,-0.0000,-0.00,-0.00,0.00,4.14,86133.1,0,0.00,0.00,2
20262,-0.052,-0.051,0.997,-0.000,0.000,-0.000,0.000,-0.000,0.000,0.9993,-0.0253,0.0258,-0.0000,-0.00,-0.00,0.00,4.14,86133.1,0,0.00,0.00,2
20362,-0.052,-0.051,0.997,-0.000,0.000,-0.000,0.000,-0.000,0.000,0.9993,-0.0253,0.0258,-0.0000,-0.00,-0.00,0.00,4.14,86133.1,0,0.00,0.00,2
20462,-0.052,-0.051,0.997,-0.000,0.000,-0.000,0.000,-0.000,0.000,0.9993,-0.0253,0.0258,-0.0000,-0.00,-0.00,0.00,4.14,86133.1,0,0.00,0.00,2
20562,-0.052,-0.051,0.997,-0.000,0.000,-0.000,0.000,-0.000,0.000,0.9993,-0.0253,0.0258,-0.0000,-0.00,-0.00,0.00,4.14,86133.1,0,0.00,0.00,2
20662,-0.052,-0.051,0.997,-0.000,0.000,-0.000,0.000,-0.000,0.000,0.9993,-0.0253,0.0258,-0.0000,-0.00,-0.00,0.00,4.14,86133.1,0,0.00,0.00,2
20762,-0.052,-0.051,0.997,-0.000,0.000,-0.000,0.000,-0.000,0.000,0.9993,-0.0253,0.0258,-0.0000,-0.00,-0.00,0.00,4.14,86133.1,0,0.00,0.00,2
20862,-0.052,-0.051,0.997,-0.000,0.000,-0.000,0.000,-0.000,0.000,0.9993,-0.0253,0.0258,-0.0000,-0.00,-0.00,0.00,4.14,86133.1,0,0.00,0.00,2
20962,-0.052,-0.051,0.997,-0.000,0.000,-0.000,0.000,-0.000,0.000,0.9993,-0.0253,0.0258,-0.0000,-0.00,-0.00,0.00,4.14,86133.1,0,0.00,0.00,2
21062,-0.052,-0.051,0.997,-0.000,0.000,-0.000,0.000,-0.000,0.000,0.9993,-0.0253,0.0258,-0.0000,-0.00,-0.00,0.00,4.13,86133.1,0,0.00,0.00,2
21162,-0.052,-0.051,0.997,-0.000,0.000,-0.000,0.000,-0.000,0.000,0.9993,-0.0253,0.0257,-0.0000,-0.00,-0.00,0.00,4.13,86133.1,0,0.00,0.00,2
21262,-0.052,-0.051,0.997,-0.000,0.000,-0.000,0.000,-0.000,0.000,0.9993,-0.0253,0.0257,-0.0000,-0.00,-0.00,0.00,4.13,86133.1,0,0.00,0.00,2
21362,-0.052,-0.051,0.997,-0.000,0.000,-0.000,0.000,-0.000,0.000,0.9993,-0.0253,0.0257,-0.0000,-0.00,-0.00,0.00,4.13,86133.1,0,0.00,0.00,2
21462,-0.052,-0.051,0.997,-0.000,0.000,-0.000,0.000,-0.000,0.000,0.9993,-0.0253,0.0257,-0.0000,-0.00,-0.00,0.00,4.13,86133.1,0,0.00,0.00,2
21562,-0.052,-0.051,0.997,-0.000,0.000,-0.000,0.000,-0.000,0.000,0.9993,-0.0253,0.0257,-0.0000,-0.00,-0.00,0.00,4.13,86133.1,0,0.00,0.00,2
21662,-0.052,-0.051,0.997,-0.000,0.000,-0.000,0.000,-0.000,0.000,0.9993,-0.0253,0.0257,-0.0000,-0.00,-0.00,0.00,4.13,86133.1,0,0.00,0.00,2
21762,-0.052,-0.051,0.997,-0.000,0.000,-0.000,0.000,-0.000,0.000,0.9993,-0.0253,0.0257,-0.0000,-0.00,-0.00,0.00,4.13,86133.1,0,0.00,0.00,2
21862,-0.052,-0.051,0.997,-0.000,0.000,-0.000,0.000,-0.000,0.000,0.9993,-0.0253,0.0257,-0.0000,-0.00,-0.00,0.00,4.13,86133.1,0,0.00,0.00,2
21962,-0.052,-0.051,0.997,-0.000,0.000,-0.000,0.000,-0.000,0.000,0.9993,-0.0253,0.0257,-0.0000,-0.00,-0.00,0.00,4.13,86133.1,0,0.00,0.00,2
22062,-0.052,-0.051,0.997,-0.000,0.000,-0.000,0.000,-0.000,0.000,0.9993,-0.0253,0.0257,-0.0000,-0.00,-0.00,0.00,4.13,86133.1,0,0.00,0.00,2
22162,-0.052,-0.051,0.997,-0.000,0.000,-0.000,0.000,-0.000,0.000,0.9993,-0.0253,0.0257,-0.0000,-0.00,-0.00,0.00,4.13,86133.1,0,0.00,0.00,2
22262,-0.052,-0.051,0.997,-0.000,0.000,-0.000,0.000,-0.000,0.000,0.9993,-0.0253,0.0257,-0.0000,-0.00,-0.00,0.00,4.13,86133.1,0,0.00,0.00,2
22362,-0.052,-0.051,0.997,-0.000,0.000,-0.000,0.000,-0.000,0.000,0.9993,-0.0253,0.0257,-0.0000,-0.00,-0.00,0.00,4.13,86133.1,0,0.00,0.00,2
22462,-0.052,-0.051,0.997,-0.000,0.000,-0.000,0.000,-0.000,0.000,0.9993,-0.0253,0.0257,-0.0000,-0.00,-0.00,0.00,4.13,86133.1,0,0.00,0.00,2
22562,-0.052,-0.051,0.997,-0.000,0.000,-0.000,0.000,-0.000,0.000,0.9993,-0.0253,0.0257,-0.0000,-0.00,-0.00,0.00,4.13,86133.1,0,0.00,0.00,2
22662,-0.052,-0.051,0.997,-0.000,0.000,-0.000,0.000,-0.000,0.000,0.9993,-0.0253,0.0257,-0.0000,-0.00,-0.00,0.00,4.13,86133.1,0,0.00,0.00,2
22762,-0.052,-0.051,0.997,-0.000,0.000,-0.000,0.000,-0.000,0.000,0.9993,-0.0253,0.0257,-0.0000,-0.00,-0.00,0.00,4.13,86133.1,0,0.00,0.00,2
22862,-0.052,-0.051,0.997,-0.000,0.000,-0.000,0.000,-0.000,0.000,0.9993,-0.0253,0.0257,-0.0000,-0.00,-0.00,0.00,4.13,86133.1,0,0.00,0.00,2
22962,-0.052,-0.051,0.997,-0.000,0.000,-0.000,0.000,-0.000,0.000,0.9994,-0.0252,0.0257,-0.0000,-0.00,-0.00,0.00,4.13,86133.1,0,0.00,0.00,2
23062,-0.052,-0.051,0.997,-0.000,0.000,-0.000,0.000,-0.000,0.000,0.9994,-0.0252,0.0257,-0.0000,-0.00,-0.00,0.00,4.13,86133.1,0,0.00,0.00,2
23162,-0.052,-0.051,0.997,-0.000,0.000,-0.000,0.000,-0.000,0.000,0.9994,-0.0252,0.0257,-0.0000,-0.00,-0.00,0.00,4.13,86133.1,0,0.00,0.00,2
23262,-0.052,-0.051,0.997,-0.000,0.000,-0.000,0.000,-0.000,0.000,0.9994,-0.0252,0.0257,-0.0000,-0.00,-0.00,0.00,4.13,86133.1,0,0.00,0.00,2
23362,-0.052,-0.051,0.997,-0.000,0.000,-0.000,0.000,-0.000,0.000,0.9994,-0.0252,0.0257,-0.0000,-0.00,-0.00,0.00,4.13,86133.1,0,0.00,0.00,2
23462,-0.052,-0.051,0.997,-0.000,0.000,-0.000,0.000,-0.000,0.000,0.9994,-0.0252,0.0257,-0.0000,-0.00,-0.00,0.00,4.13,86133.1,0,0.00,0.00,2
23562,-0.052,-0.051,0.997,-0.000,0.000,-0.000,0.000,-0.000,0.000,0.9994,-0.0252,0.0257,-0.0000,-0.00,-0.00,0.00,4.13,86133.1,0,0.00,0.00,2
23662,-0.052,-0.051,0.997,-0.000,0.000,-0.000,0.000,-0.000,0.000,0.9994,-0.0252,0.0257,-0.0000,-0.00,-0.00,0.00,4.13,86133.1,0,0.00,0.00,2
23762,-0.052,-0.051,0.997,-0.000,0.000,-0.000,0.000,-0.000,0.000,0.9994,-0.0252,0.0257,-0.0000,-0.00,-0.00,0.00,4.13,86133.1,0,0.00,0.00,2
23862,-0.052,-0.051,0.997,-0.000,0.000,-0.000,0.000,-0.000,0.000,0.9994,-0.0252,0.0257,-0.0000,-0.00,-0.00,0.00,4.13,86133.1,0,0.00,0.00,2
23962,-0.052,-0.051,0.997,-0.000,0.000,-0.000,0.000,-0.000,0.000,0.9994,-0.0252,0.0257,-0.0000,-0.00,-0.00,0.00,4.13,86133.1,0,0.00,0.00,2
24062,-0.052,-0.051,0.997,-0.000,0.000,-0.000,0.000,-0.000,0.000,0.9994,-0.0252,0.0257,-0.0000,-0.00,-0.00,0.00,4.13,86133.1,0,0.00,0.00,2
24162,-0.052,-0.051,0.997,-0.000,0.000,-0.000,0.000,-0.000,0.000,0.9994,-0.0252,0.0257,-0.0000,-0.00,-0.00,0.00,4.13,86133.1,0,0.00,0.00,2
24262,-0.052,-0.051,0.997,-0.000,0.000,-0.000,0.000,-0.000,0.000,0.9994,-0.0252,0.0257,-0.0000,-0.00,-0.00,0.00,4.13,86133.1,0,0.00,0.00,2
24362,-0.052,-0.051,0.997,-0.000,0.000,-0.000,0.000,-0.000,0.000,0.9994,-0.0252,0.0257,-0.0000,-0.00,-0.00,0.00,4.13,86133.1,0,0.00,0.00,2
24462,-0.052,-0.051,0.997,-0.000,0.000,-0.000,0.000,-0.000,0.000,0.9994,-0.0252,0.0257,-0.0000,-0.00,-0.00,0.00,4.13,86133.1,0,0.00,0.00,2
24562,-0.052,-0.051,0.997,-0.000,0.000,-0.000,0.000,-0.000,0.000,0.9994,-0.0252,0.0257,-0.0000,-0.00,-0.00,0.00,4.13,86133.1,0,0.00,0.00,2
24662,-0.052,-0.051,0.997,-0.000,0.000,-0.000,0.000,-0.000,0.000,0.9994,-0.0252,0.0257,-0.0000,-0.00,-0.00,0.00,4.13,86133.1,0,0.00,0.00,2
24762,-0.052,-0.051,0.997,-0.000,0.000,-0.000,0.000,-0.000,0.000,0.9994,-0.0252,0.0257,-0.0000,-0.00,-0.00,0.00,4.13,86133.1,0,0.00,0.00,2
24862,-0.052,-0.051,0.997,-0.000,0.000,-0.000,0.000,-0.000,0.000,0.9994,-0.0252,0.0257,-0.0000,-0.00,-0.00,0.00,4.13,86133.1,0,0.00,0.00,2
24962,-0.052,-0.051,0.997,-0.000,0.000,-0.000,0.000,-0.000,0.000,0.9994,-0.0252,0.0257,-0.0000,-0.00,-0.00,0.00,4.13,86133.1,0,0.00,0.00,2
25062,-0.052,-0.051,0.997,-0.000,0.000,-0.000,0.000,-0.000,0.000,0.9994,-0.0252,0.0257,-0.0000,-0.00,-0.00,0.00,4.13,86133.1,0,0.00,0.00,2
25162,-0.052,-0.051,0.997,-0.000,0.000,-0.000,0.000,-0.000,0.000,0.9994,-0.0252,0.0257,-0.0000,-0.00,-0.00,0.00,4.13,86133.1,0,0.00,0.00,2
25262,-0.052,-0.051,0.997,-0.000,0.000,-0.000,0.000,-0.000,0.000,0.9994,-0.0252,0.0257,-0.0000,-0.00,-0.00,0.00,4.13,86133.1,0,0.00,0.00,2
25362,-0.052,-0.051,0.997,-0.000,0.000,-0.000,0.000,-0.000,0.000,0.9994,-0.0252,0.0257,-0.0000,-0.00,-0.00,0.00,4.13,86133.1,0,0.00,0.00,2
25462,-0.052,-0.051,0.997,-0.000,0.000,-0.000,0.000,-0.000,0.000,0.9994,-0.0252,0.0257,-0.0000,-0.00,-0.00,0.00,4.13,86133.1,0,0.00,0.00,2
25562,-0.052,-0.051,0.997,-0.000,0.000,-0.000,0.000,-0.000,0.000,0.9994,-0.0252,0.0257,-0.0000,-0.00,-0.00,0.00,4.13,86133.1,0,0.00,0.00,2
25662,-0.052,-0.051,0.997,-0.000,0.000,-0.000,0.000,-0.000,0.000,0.9994,-0.0252,0.0257,-0.0000,-0.00,-0.00,0.00,4.13,86133.1,0,0.00,0.00,2
25762,-0.052,-0.051,0.997,-0.000,0.000,-0.000,0.000,-0.000,0.000,0.9994,-0.0252,0.0257,-0.0000,-0.00,-0.00,0.00,4.13,86133.1,0,0.00,0.00,2
25862,-0.052,-0.051,0.997,-0.000,0.000,-0.000,0.000,-0.000,0.000,0.9994,-0.0252,0.0257,-0.0000,-0.00,-0.00,0.00,4.13,86133.1,0,0.00,0.00,2
25962,-0.052,-0.051,0.997,-0.000,0.000,-0.000,0.000,-0.000,0.000,0.9994,-0.0252,0.0257,-0.0000,-0.00,-0.00,0.00,4.13,86133.1,0,0.00,0.00,2
26062,-0.052,-0.051,0.997,-0.000,0.000,-0.000,0.000,-0.000,0.000,0.9994,-0.0252,0.0257,-0.0000,-0.00,-0.00,0.00,4.13,86133.1,0,0.00,0.00,2
26162,-0.052,-0.051,0.997,-0.000,0.000,-0.000,0.000,-0.000,0.000,0.9994,-0.0252,0.0257,-0.0000,-0.00,-0.00,0.00,4.13,86133.1,0,0.00,0.00,2
26262,-0.052,-0.051,0.997,-0.000,0.000,-0.000,0.000,-0.000,0.000,0.9994,-0.0252,0.0257,-0.0000,-0.00,-0.00,0.00,4.13,86133.1,0,0.00,0.00,2
26362,-0.052,-0.051,0.997,-0.000,0.000,-0.000,0.000,-0.000,0.000,0.9994,-0.0252,0.0257,-0.0000,-0.00,-0.00,0.00,4.13,86133.1,0,0.00,0.00,2
26462,-0.052,-0.051,0.997,-0.000,0.000,-0.000,0.000,-0.000,0.000,0.9994,-0.0252,0.0257,-0.0000,-0.00,-0.00,0.00,4.13,86133.1,0,0.00,0.00,2
26562,-0.052,-0.051,0.997,-0.000,0.000,-0.000,0.000,-0.000,0.000,0.9994,-0.0252,0.0257,-0.0000,-0.00,-0.00,0.00,4.13,86133.1,0,0.00,0.00,2
26662,-0.052,-0.051,0.997,-0.000,0.000,-0.000,0.000,-0.000,0.000,0.9994,-0.0252,0.0257,-0.0000,-0.00,-0.00,0.00,4.13,86133.1,0,0.00,0.00,2
26762,-0.052,-0.051,0.997,-0.000,0.000,-0.000,0.000,-0.000,0.000,0.9994,-0.0252,0.0257,-0.0000,-0.00,-0.00,0.00,4.13,86133.1,0,0.00,0.00,2
26862,-0.052,-0.051,0.997,-0.000,0.000,-0.000,0.000,-0.000,0.000,0.9994,-0.0252,0.0257,-0.0000,-0.00,-0.00,0.00,4.13,86133.1,0,0.00,0.00,2
26962,-0.052,-0.051,0.997,-0.000,0.000,-0.000,0.000,-0.000,0.000,0.9994,-0.0252,0.0257,-0.0000,-0.00,-0.00,0.00,4.13,86133.1,0,0.00,0.00,2
27062,-0.052,-0.051,0.997,-0.000,0.000,-0.000,0.000,-0.000,0.000,0.9994,-0.0252,0.0257,-0.0000,-0.00,-0.00,0.00,4.13,86133.1,0,0.00,0.00,2
27162,-0.052,-0.051,0.997,-0.000,0.000,-0.000,0.000,-0.000,0.000,0.9994,-0.0252,0.0257,-0.0000,-0.00,-0.00,0.00,4.13,86133.1,0,0.00,0.00,2
27262,-0.052,-0.051,0.997,-0.000,0.000,-0.000,0.000,-0.000,0.000,0.9994,-0.0252,0.0257,-0.0000,-0.00,-0.00,0.00,4.13,86133.1,0,0.00,0.00,2
27362,-0.052,-0.051,0.997,-0.000,0.000,-0.000,0.000,-0.000,0.000,0.9994,-0.0252,0.0257,-0.0000,-0.00,-0.00,0.00,4.13,86133.1,0,0.00,0.00,2
27462,-0.052,-0.051,0.997,-0.000,0.000,-0.000,0.000,-0.000,0.000,0.9994,-0.0252,0.0257,-0.0000,-0.00,-0.00,0.00,4.13,86133.1,0,0.00,0.00,2
27562,-0.052,-0.051,0.997,-0.000,0.000,-0.000,0.000,-0.000,0.000,0.9994,-0.0252,0.0257,-0.0000,-0.00,-0.00,0.00,4.13,86133.1,0,0.00,0.00,2
27662,-0.052,-0.051,0.997,-0.000,0.000,-0.000,0.000,-0.000,0.000,0.9994,-0.0252,0.0257,-0.0000,-0.00,-0.00,0.00,4.13,86133.1,0,0.00,0.00,2
27762,-0.052,-0.051,0.997,-0.000,0.000,-0.000,0.000,-0.000,0.000,0.9994,-0.0252,0.0257,-0.0000,-0.00,-0.00,0.00,4.13,86133.1,0,0.00,0.00,2
27862,-0.052,-0.051,0.997,-0.000,0.000,-0.000,0.000,-0.000,0.000,0.9994,-0.0252,0.0257,-0.0000,-0.00,-0.00,0.00,4.13,86133.1,0,0.00,0.00,2
27962,-0.052,-0.051,0.997,-0.000,0.000,-0.000,0.000,-0.000,0.000,0.9994,-0.0252,0.0257,-0.0000,-0.00,-0.00,0.00,4.13,86133.1,0,0.00,0.00,2
28062,-0.052,-0.051,0.997,-0.000,0.000,-0.000,0.000,-0.000,0.000,0.9994,-0.0252,0.0257,-0.0000,-0.00,-0.00,0.00,4.13,86133.1,0,0.00,0.00,2
28162,-0.052,-0.051,0.997,-0.000,0.000,-0.000,0.000,-0.000,0.000,0.9994,-0.0252,0.0257,-0.0000,-0.00,-0.00,0.00,4.13,86133.1,0,0.00,0.00,2
28262,-0.052,-0.051,0.997,-0.000,0.000,-0.000,0.000,-0.000,0.000,0.9994,-0.0252,0.0257,-0.0000,-0.00,-0.00,0.00,4.13,86133.1,0,0.00,0.00,2
28362,-0.052,-0.051,0.997,-0.000,0.000,-0.000,0.000,-0.000,0.000,0.9994,-0.0252,0.0257,-0.0000,-0.00,-0.00,0.00,4.13,86133.1,0,0.00,0.00,2
28462,-0.052,-0.051,0.997,-0.000,0.000,-0.000,0.000,-0.000,0.000,0.9994,-0.0252,0.0257,-0.0000,-0.00,-0.00,0.00,4.13,86133.1,0,0.00,0.00,2
28562,-0.052,-0.051,0.997,-0.000,0.000,-0.000,0.000,-0.000,0.000,0.9994,-0.0252,0.0257,-0.0000,-0.00,-0.00,0.00,4.13,86133.1,0,0.00,0.00,2
28662,-0.052,-0.051,0.997,-0.000,0.000,-0.000,0.000,-0.000,0.000,0.9994,-0.0252,0.0257,-0.0000,-0.00,-0.00,0.00,4.13,86133.1,0,0.00,0.00,2
28762,-0.052,-0.051,0.997,-0.000,0.000,-0.000,0.000,-0.000,0.000,0.9994,-0.0252,0.0257,-0.0000,-0.00,-0.00,0.00,4.13,86133.1,0,0.00,0.00,2
28862,-0.052,-0.051,0.997,-0.000,0.000,-0.000,0.000,-0.000,0.000,0.9994,-0.0252,0.0257,-0.0000,-0.00,-0.00,0.00,4.13,86133.1,0,0.00,0.00,2
28962,-0.052,-0.051,0.997,-0.000,0.000,-0.000,0.000,-0.000,0.000,0.9994,-0.0252,0.0257,-0.0000,-0.00,-0.00,0.00,4.13,86133.1,0,0.00,0.00,2
29062,-0.052,-0.051,0.997,-0.000,0.000,-0.000,0.000,-0.000,0.000,0.9994,-0.0252,0.0257,-0.0000,-0.00,-0.00,0.00,4.13,86133.1,0,0.00,0.00,2
29162,-0.052,-0.051,0.997,-0.000,0.000,-0.000,0.000,-0.000,0.000,0.9994,-0.0252,0.0257,-0.0000,-0.00,-0.00,0.00,4.13,86133.1,0,0.00,0.00,2
29262,-0.052,-0.051,0.997,-0.000,0.000,-0.000,0.000,-0.000,0.000,0.9994,-0.0252,0.0257,-0.0000,-0.00,-0.00,0.00,4.13,86133.1,0,0.00,0.00,2
29362,-0.052,-0.051,0.997,-0.000,0.000,-0.000,0.000,-0.000,0.000,0.9994,-0.0252,0.0257,-0.0000,-0.00,-0.00,0.00,4.13,86133.1,0,0.00,0.00,2
29462,-0.052,-0.051,0.997,-0.000,0.000,-0.000,0.000,-0.000,0.000,0.9994,-0.0252,0.0257,-0.0000,-0.00,-0.00,0.00,4.13,86133.1,0,0.00,0.00,2
29562,-0.052,-0.051,0.997,-0.000,0.000,-0.000,0.000,-0.000,0.000,0.9994,-0.0252,0.0257,-0.0000,-0.00,-0.00,0.00,4.13,86133.1,0,0.00,0.00,2
29662,-0.052,-0.051,0.997,-0.000,0.000,-0.000,0.000,-0.000,0.000,0.9994,-0.0252,0.0257,-0.0000,-0.00,-0.00,0.00,4.13,86133.1,0,0.00,0.00,2
29762,-0.052,-0.051,0.997,-0.000,0.000,-0.000,0.000,-0.000,0.000,0.9994,-0.0252,0.0257,-0.0000,-0.00,-0.00,0.00,4.13,86133.1,0,0.00,0.00,2
29862,-0.052,-0.051,0.997,-0.000,0.000,-0.000,0.000,-0.000,0.000,0.9994,-0.0252,0.0257,-0.0000,-0.00,-0.00,0.00,4.13,86133.1,0,0.00,0.00,2
29962,-0.052,-0.051,0.997,-0.000,0.000,-0.000,0.000,-0.000,0.000,0.9994,-0.0252,0.0257,-0.0000,-0.00,-0.00,0.00,4.13,86133.1,0,0.00,0.00,2
30062,-0.052,-0.051,0.997,-0.000,0.000,-0.000,0.000,-0.000,0.000,0.9994,-0.0252,0.0257,-0.0000,-0.00,-0.00,0.00,4.13,86133.1,0,0.00,0.00,2
30162,-0.052,-0.051,0.997,-0.000,0.000,-0.000,0.000,-0.000,0.000,0.9994,-0.0252,0.0257,-0.0000,-0.00,-0.00,0.00,4.13,86133.1,0,0.00,0.00,2
30262,-0.052,-0.051,0.997,-0.000,0.000,-0.000,0.000,-0.000,0.000,0.9994,-0.0252,0.0257,-0.0000,-0.00,-0.00,0.00,4.13,86133.1,0,0.00,0.00,2
30362,-0.052,-0.051,0.997,-0.000,0.000,-0.000,0.000,-0.000,0.000,0.9994,-0.0252,0.0257,-0.0000,-0.00,-0.00,0.00,4.13,86133.1,0,0.00,0.00,2
30462,-0.052,-0.051,0.997,-0.000,0.000,-0.000,0.000,-0.000,0.000,0.9994,-0.0252,0.0257,-0.0000,-0.00,-0.00,0.00,4.13,86133.1,0,0.00,0.00,2
30562,-0.052,-0.051,0.997,-0.000,0.000,-0.000,0.000,-0.000,0.000,0.9994,-0.0252,0.0257,-0.0000,-0.00,-0.00,0.00,4.13,86133.1,0,0.00,0.00,2
30664,-0.050,-0.050,0.995,0.000,-0.122,0.061,0.000,-0.000,0.000,0.9994,-0.0252,0.0257,0.0000,-0.00,-0.00,0.00,4.12,86134.1,0,0.00,0.00,2
30764,-0.051,-0.050,0.992,-0.061,-0.122,0.061,0.000,-0.000,0.000,0.9994,-0.0252,0.0256,0.0001,0.00,-0.00,0.00,4.12,86128.6,0,0.00,0.00,2
30864,-0.053,-0.049,0.995,-0.061,-0.061,0.061,0.000,-0.000,0.000,0.9994,-0.0251,0.0256,0.0002,-0.00,-0.00,0.00,4.11,86135.7,0,0.00,0.00,2
30963,-0.051,-0.050,2.446,-0.061,-0.061,0.305,0.000,-0.000,0.000,0.9994,-0.0250,0.0254,0.0001,-0.00,0.23,14.17,4.08,86132.6,0,0.00,0.00,2
31064,-0.051,-0.053,4.753,0.061,-0.061,0.488,0.000,-0.000,0.000,0.9995,-0.0223,0.0227,0.0001,-0.01,2.47,36.76,3.65,86130.1,0,0.00,0.00,3
31073,-0.052,-0.050,4.753,0.061,0.000,0.549,0.000,-0.000,0.000,0.9995,-0.0223,0.0227,0.0002,0.02,2.84,36.76,3.65,86138.1,0,0.00,0.00,3
31083,-0.050,-0.048,4.750,0.061,0.000,0.488,0.000,-0.000,0.000,0.9995,-0.0223,0.0227,0.0002,0.05,3.21,36.73,3.65,86123.0,0,0.00,0.00,3
31093,-0.049,-0.049,4.749,0.061,-0.122,0.488,0.000,-0.000,0.000,0.9995,-0.0223,0.0227,0.0003,0.08,3.57,36.71,3.65,86116.6,0,0.00,0.00,3
31103,-0.051,-0.050,4.750,0.000,-0.122,0.488,0.000,-0.000,0.000,0.9995,-0.0223,0.0227,0.0003,0.12,3.94,36.73,3.64,86119.8,0,0.00,0.00,3
31113,-0.052,-0.051,4.749,0.061,-0.122,0.488,0.000,-0.000,0.000,0.9995,-0.0223,0.0227,0.0003,0.17,4.31,36.71,3.64,86119.4,0,0.00,0.00,3
31123,-0.051,-0.053,4.745,0.000,0.061,0.427,0.000,-0.000,0.000,0.9995,-0.0223,0.0227,0.0004,0.21,4.67,36.68,3.64,86118.1,0,0.00,0.00,3
31133,-0.053,-0.050,4.746,0.122,-0.061,0.488,0.000,-0.000,0.000,0.9995,-0.0223,0.0227,0.0004,0.26,5.04,36.69,3.64,86113.6,0,0.00,0.00,3
31143,-0.050,-0.051,4.744,0.000,-0.122,0.427,0.000,-0.000,0.000,0.9995,-0.0222,0.0226,0.0005,0.32,5.41,36.66,3.64,86113.9,0,0.00,0.00,3
31153,-0.053,-0.049,4.740,0.061,-0.183,0.488,0.000,-0.000,0.000,0.9995,-0.0222,0.0226,0.0005,0.38,5.77,36.63,3.64,86098.7,0,0.00,0.00,3
31163,-0.052,-0.051,4.743,0.061,-0.061,0.488,0.000,-0.000,0.000,0.9995,-0.0222,0.0226,0.0005,0.44,6.14,36.65,3.63,86103.8,0,0.00,0.00,3
31173,-0.051,-0.049,4.744,-0.061,-0.061,0.549,0.000,-0.000,0.000,0.9995,-0.0222,0.0226,0.0006,0.51,6.51,36.66,3.63,86097.0,0,0.00,0.00,3
31183,-0.050,-0.051,4.741,0.000,-0.122,0.427,0.000,-0.000,0.000,0.9995,-0.0222,0.0226,0.0006,0.58,6.87,36.64,3.63,86090.9,0,0.00,0.00,3
31193,-0.052,-0.050,4.740,0.000,-0.183,0.427,0.000,-0.000,0.000,0.9995,-0.0222,0.0226,0.0007,0.65,7.24,36.63,3.63,86117.1,0,0.00,0.00,3
31203,-0.048,-0.049,4.740,-0.122,0.000,0.427,0.000,-0.000,0.000,0.9995,-0.0222,0.0226,0.0007,0.73,7.60,36.63,3.63,86096.0,0,0.00,0.00,3
31213,-0.017,0.019,4.736,0.000,-0.061,0.549,0.000,-0.000,0.000,0.9995,-0.0222,0.0226,0.0007,0.81,7.97,36.55,3.63,86089.8,0,0.00,0.00,3
31223,-0.016,0.020,4.739,0.305,-0.244,1.282,0.000,-0.000,0.000,0.9995,-0.0222,0.0225,0.0009,0.89,8.34,36.58,3.62,86074.4,0,0.00,0.00,3
31233,-0.017,0.017,4.740,0.427,-0.366,2.197,0.000,-0.000,0.000,0.9995,-0.0221,0.0225,0.0010,0.98,8.70,36.58,3.62,86090.2,0,0.00,0.00,3
31243,-0.017,0.018,4.736,0.793,-0.488,3.052,0.000,-0.000,0.000,0.9995,-0.0220,0.0224,0.0013,1.08,9.07,36.55,3.60,86079.7,0,0.00,0.00,3
31255,-0.015,0.021,4.742,0.977,-0.916,4.150,0.000,-0.000,0.000,0.9995,-0.0219,0.0224,0.0017,1.18,9.43,36.60,3.59,86076.6,0,0.00,0.00,3
31263,-0.017,0.021,4.740,1.160,-1.038,4.944,0.000,-0.000,0.000,0.9995,-0.0218,0.0223,0.0021,1.28,9.80,36.58,3.57,86073.4,0,0.00,0.00,3
31273,-0.015,0.020,4.741,1.465,-1.282,5.859,0.000,-0.000,0.000,0.9995,-0.0216,0.0222,0.0026,1.38,10.17,36.60,3.55,86065.8,0,0.00,0.00,3
31283,-0.019,0.021,4.744,1.587,-1.282,7.019,0.000,-0.000,0.000,0.9995,-0.0215,0.0220,0.0032,1.50,10.54,36.62,3.53,86052.6,0,0.00,0.00,3
31293,-0.015,0.020,4.742,1.892,-1.343,7.996,0.000,-0.000,0.000,0.9995,-0.0213,0.0219,0.0039,1.61,10.90,36.61,3.50,86061.1,0,0.00,0.00,3
31303,-0.015,0.020,4.750,2.197,-1.770,8.972,0.000,-0.000,0.000,0.9995,-0.0210,0.0218,0.0047,1.73,11.27,36.68,3.47,86043.0,0,0.00,0.00,3
31313,-0.017,0.019,4.747,2.380,-1.892,10.071,0.000,-0.000,0.000,0.9995,-0.0208,0.0216,0.0056,1.85,11.64,36.66,3.43,86043.8,0,0.00,0.00,3
31323,-0.016,0.021,4.747,2.686,-2.197,11.047,0.000,-0.000,0.000,0.9995,-0.0205,0.0214,0.0066,1.98,12.01,36.66,3.40,86029.3,0,0.00,0.00,3
31333,-0.016,0.022,4.749,2.930,-2.380,12.268,0.000,-0.000,0.000,0.9995,-0.0202,0.0212,0.0076,2.11,12.38,36.68,3.35,86041.6,0,0.00,0.00,3
31343,-0.018,0.022,4.750,3.174,-2.441,13.367,0.000,-0.000,0.000,0.9995,-0.0199,0.0209,0.0088,2.25,12.75,36.70,3.31,86029.9,0,0.00,0.00,3
31353,-0.015,0.021,4.754,3.357,-2.686,14.404,0.000,-0.000,0.000,0.9995,-0.0195,0.0207,0.0101,2.39,13.12,36.74,3.26,86020.2,0,0.00,0.00,3
31363,-0.013,0.021,4.750,3.601,-2.869,15.503,0.000,-0.000,0.000,0.9995,-0.0191,0.0204,0.0114,2.53,13.49,36.70,3.21,86020.8,0,0.00,0.00,3
31373,-0.016,0.021,4.754,3.906,-2.991,16.663,0.000,-0.000,0.000,0.9995,-0.0187,0.0202,0.0129,2.68,13.87,36.75,3.15,86020.6,0,0.00,0.00,3
31383,-0.013,0.017,4.755,4.150,-3.357,17.761,0.000,-0.000,0.000,0.9995,-0.0182,0.0199,0.0145,2.83,14.24,36.75,3.09,85997.1,0,0.00,0.00,3
31393,-0.014,0.016,4.758,4.272,-3.418,18.921,0.000,-0.000,0.000,0.9995,-0.0178,0.0195,0.0162,2.99,14.61,36.79,3.03,85999.2,0,0.00,0.00,3
31403,-0.012,0.018,4.758,4.395,-3.784,20.081,0.000,-0.000,0.000,0.9995,-0.0173,0.0192,0.0180,3.15,14.99,36.79,2.96,85993.4,0,0.00,0.00,3
31413,-0.013,0.018,4.760,4.700,-3.845,21.118,0.000,-0.000,0.000,0.9995,-0.0168,0.0188,0.0198,3.32,15.36,36.82,2.89,85984.0,0,0.00,0.00,3
31423,-0.011,0.016,4.766,4.700,-4.028,22.278,0.000,-0.000,0.000,0.9995,-0.0162,0.0184,0.0218,3.49,15.74,36.87,2.81,85988.8,0,0.00,0.00,3
31433,-0.011,0.014,4.766,4.822,-4.150,23.499,0.000,-0.000,0.000,0.9994,-0.0157,0.0180,0.0239,3.67,16.11,36.87,2.74,85977.4,0,0.00,0.00,3
31443,-0.009,0.012,4.764,4.944,-4.272,24.597,0.000,-0.000,0.000,0.9994,-0.0151,0.0176,0.0261,3.84,16.49,36.86,2.66,85976.8,0,0.00,0.00,3
31453,-0.006,0.010,4.771,5.005,-4.456,25.757,0.000,-0.000,0.000,0.9993,-0.0145,0.0172,0.0284,4.03,16.87,36.93,2.58,85969.0,0,0.00,0.00,3
31463,-0.004,0.008,4.769,5.066,-4.578,26.611,0.000,-0.000,0.000,0.9993,-0.0139,0.0167,0.0308,4.22,17.25,36.91,2.49,85947.7,0,0.00,0.00,3
31473,-0.003,0.006,4.770,5.127,-4.700,27.954,0.000,-0.000,0.000,0.9992,-0.0133,0.0162,0.0333,4.41,17.63,36.92,2.40,85938.6,0,0.00,0.00,3
31483,-0.003,0.005,4.767,5.127,-4.761,29.053,0.000,-0.000,0.000,0.9991,-0.0127,0.0157,0.0360,4.61,18.01,36.90,2.31,85936.3,0,0.00,0.00,3
31493,-0.002,0.005,4.770,5.066,-4.883,30.090,0.000,-0.000,0.000,0.9991,-0.0120,0.0152,0.0387,4.82,18.40,36.93,2.22,85924.6,0,0.00,0.00,3
31503,-0.001,-0.001,4.775,5.188,-4.883,31.250,0.000,-0.000,0.000,0.9990,-0.0114,0.0146,0.0416,5.03,18.78,36.99,2.12,85911.7,0,0.00,0.00,3
31513,-0.002,-0.004,4.773,5.066,-4.883,32.349,0.000,-0.000,0.000,0.9989,-0.0107,0.0141,0.0445,5.24,19.17,36.97,2.03,85914.2,0,0.00,0.00,3
31523,-0.001,-0.006,4.779,4.944,-5.127,33.447,0.000,-0.000,0.000,0.9987,-0.0100,0.0135,0.0476,5.46,19.55,37.04,1.93,85902.9,0,0.00,0.00,3
31533,0.001,-0.007,4.777,4.883,-4.822,34.485,0.000,-0.000,0.000,0.9986,-0.0093,0.0129,0.0507,5.69,19.94,37.02,1.83,85878.1,0,0.00,0.00,3
31543,0.001,-0.013,4.779,4.639,-4.761,35.706,0.000,-0.000,0.000,0.9984,-0.0086,0.0123,0.0540,5.92,20.33,37.04,1.73,85879.0,0,0.00,0.00,3
31555,0.005,-0.015,4.779,4.395,-4.761,36.621,0.000,-0.000,0.000,0.9983,-0.0080,0.0117,0.0574,6.15,20.72,37.04,1.63,85884.5,0,0.00,0.00,3
31563,0.003,-0.019,4.778,4.333,-4.578,37.720,0.000,-0.000,0.000,0.9981,-0.0073,0.0111,0.0608,6.39,21.12,37.04,1.53,85880.8,0,0.00,0.00,3
31573,0.006,-0.022,4.780,4.089,-4.395,38.696,0.000,-0.000,0.000,0.9978,-0.0067,0.0105,0.0644,6.64,21.51,37.06,1.43,85857.3,0,0.00,0.00,3
31583,0.002,-0.028,4.786,3.723,-4.272,39.734,0.000,-0.000,0.000,0.9976,-0.0060,0.0099,0.0681,6.89,21.91,37.11,1.33,85841.9,0,0.00,0.00,3
31593,0.004,-0.032,4.785,3.662,-4.150,40.771,0.000,-0.000,0.000,0.9974,-0.0053,0.0093,0.0719,7.15,22.30,37.11,1.23,85847.5,0,0.00,0.00,3
31603,0.006,-0.033,4.787,3.296,-3.784,41.809,0.000,-0.000,0.000,0.9971,-0.0047,0.0087,0.0758,7.41,22.70,37.13,1.13,85835.7,0,0.00,0.00,3
31613,0.004,-0.038,4.787,2.991,-3.479,42.847,0.000,-0.000,0.000,0.9968,-0.0040,0.0080,0.0798,7.67,23.10,37.13,1.03,85824.2,0,0.00,0.00,3
31623,0.003,-0.043,4.789,2.625,-3.235,43.884,0.000,-0.000,0.000,0.9964,-0.0034,0.0074,0.0839,7.95,23.51,37.15,0.93,85813.4,0,0.00,0.00,3
31633,0.001,-0.047,4.787,2.441,-2.808,44.861,0.000,-0.000,0.000,0.9961,-0.0028,0.0068,0.0881,8.23,23.91,37.14,0.84,85802.9,0,0.00,0.00,3
31643,0.000,-0.049,4.790,2.075,-2.686,45.837,0.000,-0.000,0.000,0.9957,-0.0022,0.0062,0.0924,8.51,24.32,37.16,0.75,85809.4,0,0.00,0.00,3
31653,0.000,-0.053,4.794,1.709,-2.197,46.814,0.000,-0.000,0.000,0.9953,-0.0016,0.0055,0.0968,8.80,24.73,37.21,0.66,85774.9,0,0.00,0.00,3
31663,-0.002,-0.053,4.790,1.465,-1.831,47.852,0.000,-0.000,0.000,0.9948,-0.0010,0.0049,0.1013,9.10,25.14,37.17,0.57,85772.0,0,0.00,0.00,3
31673,-0.001,-0.056,4.790,1.099,-1.343,48.767,0.000,-0.000,0.000,0.9944,-0.0004,0.0042,0.1059,9.40,25.56,37.16,0.49,85757.4,0,0.00,0.00,3
31683,-0.006,-0.059,4.790,0.916,-0.854,49.744,0.000,-0.000,0.000,0.9939,0.0001,0.0036,0.1107,9.71,25.97,37.16,0.42,85754.1,0,0.00,0.00,3
31693,-0.008,-0.058,4.791,0.610,-0.427,50.720,0.000,-0.000,0.000,0.9933,0.0007,0.0030,0.1155,10.03,26.39,37.18,0.35,85736.5,0,0.00,0.00,3
31703,-0.009,-0.060,4.795,0.244,0.122,51.636,0.000,-0.000,0.000,0.9927,0.0013,0.0024,0.1204,10.35,26.81,37.22,0.31,85729.9,0,0.00,0.00,3
31713,-0.010,-0.058,4.794,0.000,0.549,52.612,0.000,-0.000,0.000,0.9921,0.0018,0.0018,0.1255,10.68,27.23,37.20,0.29,85727.8,0,0.00,0.00,3
31723,-0.012,-0.058,4.797,-0.244,1.160,53.589,0.000,-0.000,0.000,0.9914,0.0023,0.0012,0.1306,11.02,27.66,37.23,0.30,85704.5,0,0.00,0.00,3
31733,-0.013,-0.057,4.798,-0.488,1.465,54.504,0.000,-0.000,0.000,0.9907,0.0028,0.0005,0.1359,11.36,28.09,37.25,0.33,85697.3,0,0.00,0.00,3
31743,-0.015,-0.056,4.797,-0.671,2.197,55.420,0.000,-0.000,0.000,0.9900,0.0033,-0.0000,0.1413,11.71,28.52,37.23,0.38,85692.8,0,0.00,0.00,3
31753,-0.017,-0.052,4.796,-0.977,2.563,56.274,0.000,-0.000,0.000,0.9892,0.0039,-0.0007,0.1468,12.07,28.96,37.22,0.45,85670.1,0,0.00,0.00,3
31763,-0.017,-0.049,4.800,-0.977,3.052,57.251,0.000,-0.000,0.000,0.9883,0.0044,-0.0013,0.1524,12.43,29.40,37.26,0.52,85661.1,0,0.00,0.00,3
31773,-0.021,-0.044,4.795,-1.099,3.296,58.228,0.000,-0.000,0.000,0.9874,0.0049,-0.0020,0.1582,12.80,29.84,37.21,0.61,85643.2,0,0.00,0.00,3
31783,-0.017,-0.041,4.796,-1.221,3.723,59.021,0.000,-0.000,0.000,0.9864,0.0055,-0.0027,0.1640,13.18,30.29,37.22,0.70,85632.6,0,0.00,0.00,3
31793,-0.018,-0.038,4.797,-1.160,4.150,60.059,0.000,-0.000,0.000,0.9854,0.0060,-0.0034,0.1701,13.57,30.74,37.23,0.79,85613.9,0,0.00,0.00,3
31803,-0.016,-0.031,4.800,-1.160,4.456,60.852,0.000,-0.000,0.000,0.9843,0.0066,-0.0041,0.1762,13.97,31.19,37.25,0.89,85608.3,0,0.00,0.00,3
31813,-0.015,-0.026,4.798,-1.160,4.700,61.829,0.000,-0.000,0.000,0.9832,0.0072,-0.0049,0.1825,14.37,31.65,37.24,1.00,85592.6,0,0.00,0.00,3
31823,-0.013,-0.018,4.802,-1.038,4.944,62.866,0.000,-0.000,0.000,0.9819,0.0078,-0.0057,0.1890,14.79,32.11,37.27,1.11,85575.0,0,0.00,0.00,3
31833,-0.009,-0.014,4.797,-1.221,5.066,63.599,0.000,-0.000,0.000,0.9806,0.0084,-0.0066,0.1956,15.21,32.58,37.22,1.23,85559.4,0,0.00,0.00,3
31843,-0.006,-0.007,4.797,-1.038,5.127,64.453,0.000,-0.000,0.000,0.9792,0.0090,-0.0075,0.2023,15.64,33.04,37.22,1.35,85558.1,0,0.00,0.00,3
31853,-0.000,-0.001,4.797,-0.854,5.188,65.369,0.000,-0.000,0.000,0.9778,0.0097,-0.0085,0.2092,16.07,33.52,37.22,1.47,85539.8,0,0.00,0.00,3
31865,0.004,0.006,4.800,-0.854,5.249,66.284,0.000,-0.000,0.000,0.9762,0.0103,-0.0095,0.2163,16.52,33.99,37.25,1.61,85525.8,0,0.00,0.00,3
31873,0.009,0.011,4.797,-0.610,5.127,67.322,0.000,-0.000,0.000,0.9746,0.0111,-0.0106,0.2236,16.98,34.48,37.22,1.76,85501.3,0,0.00,0.00,3
31883,0.014,0.017,4.798,-0.549,4.883,68.054,0.000,-0.000,0.000,0.9728,0.0118,-0.0118,0.2310,17.44,34.96,37.23,1.91,85511.5,0,0.00,0.00,3
31893,0.020,0.021,4.795,-0.366,4.639,69.031,0.000,-0.000,0.000,0.9710,0.0125,-0.0131,0.2386,17.91,35.45,37.19,2.07,85482.9,0,0.00,0.00,3
31903,0.027,0.024,4.800,-0.244,4.333,69.702,0.000,-0.000,0.000,0.9690,0.0133,-0.0145,0.2464,18.40,35.95,37.24,2.25,85462.1,0,0.00,0.00,3
31913,0.033,0.027,4.793,-0.183,3.967,70.740,0.000,-0.000,0.000,0.9669,0.0140,-0.0159,0.2543,18.89,36.45,37.18,2.43,85466.2,0,0.00,0.00,3
31924,0.038,0.031,4.797,-0.061,3.540,71.594,0.000,-0.000,0.000,0.9647,0.0148,-0.0174,0.2624,19.39,36.95,37.21,2.62,85457.1,0,0.00,0.00,3
31934,0.045,0.032,4.799,0.000,2.930,72.449,0.000,-0.000,0.000,0.9623,0.0156,-0.0191,0.2708,19.90,37.46,37.22,2.83,85424.2,0,0.00,0.00,3
31944,0.050,0.032,4.800,0.061,2.563,73.425,0.000,-0.000,0.000,0.9598,0.0165,-0.0209,0.2793,20.42,37.97,37.23,3.05,85413.6,0,0.00,0.00,3
31953,0.054,0.034,4.798,0.061,1.953,74.341,0.000,-0.000,0.000,0.9572,0.0173,-0.0228,0.2880,20.95,38.49,37.21,3.28,85405.4,0,0.00,0.00,3
31963,0.061,0.033,4.801,0.122,1.404,75.012,0.000,-0.000,0.000,0.9544,0.0181,-0.0248,0.2970,21.49,39.01,37.22,3.52,85389.9,0,0.00,0.00,3
31973,0.062,0.031,4.805,0.061,0.854,75.928,0.000,-0.000,0.000,0.9514,0.0190,-0.0270,0.3061,22.05,39.54,37.25,3.78,85372.2,0,0.00,0.00,3
31983,0.064,0.027,4.805,0.061,0.305,76.843,0.000,-0.000,0.000,0.9483,0.0198,-0.0293,0.3154,22.61,40.08,37.25,4.05,85357.3,0,0.00,0.00,3
31993,0.066,0.025,4.804,0.000,-0.366,77.637,0.000,-0.000,0.000,0.9450,0.0207,-0.0317,0.3250,23.19,40.62,37.22,4.34,85328.6,0,0.00,0.00,3
32003,0.063,0.023,4.802,-0.122,-0.732,78.491,0.000,-0.000,0.000,0.9414,0.0215,-0.0342,0.3347,23.78,41.17,37.19,4.64,85326.1,0,0.00,0.00,3
32013,0.062,0.019,4.805,-0.244,-1.343,79.407,0.000,-0.000,0.000,0.9377,0.0223,-0.0369,0.3447,24.38,41.73,37.20,4.95,85302.9,0,0.00,0.00,3
32024,0.058,0.015,4.806,-0.366,-2.014,80.261,0.000,-0.000,0.000,0.9338,0.0231,-0.0397,0.3549,24.99,42.28,37.18,5.27,85293.1,0,0.00,0.00,3
32033,0.055,0.010,4.807,-0.427,-2.319,81.055,0.000,-0.000,0.000,0.9296,0.0239,-0.0426,0.3652,25.61,42.85,37.16,5.60,85281.0,0,0.00,0.00,3
32043,0.046,0.006,4.813,-0.732,-2.747,81.909,0.000,-0.000,0.000,0.9252,0.0247,-0.0456,0.3758,26.24,43.42,37.19,5.94,85262.9,0,0.00,0.00,3
32053,0.042,0.002,4.812,-0.916,-3.052,82.764,0.000,-0.000,0.000,0.9206,0.0254,-0.0487,0.3866,26.89,44.00,37.14,6.30,85244.2,0,0.00,0.00,3
32063,0.034,0.001,4.812,-1.099,-3.235,83.618,0.000,-0.000,0.000,0.9157,0.0261,-0.0519,0.3977,27.55,44.58,37.10,6.66,85228.3,0,0.00,0.00,3
32073,0.024,0.001,4.812,-1.160,-3.418,84.595,0.000,-0.000,0.000,0.9105,0.0267,-0.0552,0.4089,28.22,45.17,37.06,7.03,85210.4,0,0.00,0.00,3
32083,0.013,-0.000,4.815,-1.343,-3.540,85.388,0.000,-0.000,0.000,0.9050,0.0273,-0.0586,0.4205,28.91,45.77,37.04,7.41,85179.0,0,0.00,0.00,3
32093,0.000,0.001,4.816,-1.404,-3.540,86.121,0.000,-0.000,0.000,0.8992,0.0278,-0.0620,0.4322,29.60,46.37,36.99,7.79,85183.4,0,0.00,0.00,3
32103,-0.006,0.002,4.820,-1.526,-3.540,87.158,0.000,-0.000,0.000,0.8931,0.0283,-0.0655,0.4442,30.32,46.98,36.98,8.18,85153.9,0,0.00,0.00,3
32113,-0.021,0.004,4.823,-1.648,-3.357,87.952,0.000,-0.000,0.000,0.8867,0.0287,-0.0690,0.4563,31.04,47.59,36.93,8.57,85146.4,0,0.00,0.00,3
32123,-0.030,0.006,4.822,-1.648,-3.174,88.806,0.000,-0.000,0.000,0.8799,0.0290,-0.0725,0.4686,31.78,48.21,36.86,8.96,85128.0,0,0.00,0.00,3
32133,-0.039,0.012,4.825,-1.465,-2.808,89.600,0.000,-0.000,0.000,0.8729,0.0292,-0.0760,0.4811,32.53,48.84,36.82,9.34,85115.5,0,0.00,0.00,3
32143,-0.046,0.013,4.825,-1.465,-2.563,90.454,0.000,-0.000,0.000,0.8655,0.0294,-0.0796,0.4937,33.30,49.47,36.75,9.74,85090.1,0,0.00,0.00,3
32153,-0.052,0.019,4.822,-1.221,-2.197,91.309,0.000,-0.000,0.000,0.8577,0.0295,-0.0831,0.5066,34.08,50.11,36.65,10.12,85073.8,0,0.00,0.00,3
32163,-0.058,0.026,4.823,-1.038,-1.770,92.163,0.000,-0.000,0.000,0.8495,0.0296,-0.0867,0.5195,34.88,50.76,36.59,10.51,85048.5,0,0.00,0.00,3
32175,-0.061,0.032,4.821,-0.854,-1.465,93.079,0.000,-0.000,0.000,0.8411,0.0295,-0.0901,0.5325,35.69,51.42,36.49,10.88,85039.4,0,0.00,0.00,3
32183,-0.065,0.036,4.825,-0.610,-0.977,93.933,0.000,-0.000,0.000,0.8323,0.0294,-0.0936,0.5456,36.52,52.08,36.46,11.26,85013.0,0,0.00,0.00,3
32193,-0.062,0.038,4.824,-0.305,-0.549,94.666,0.000,-0.000,0.000,0.8232,0.0292,-0.0969,0.5586,37.37,52.75,36.39,11.62,85005.3,0,0.00,0.00,3
32203,-0.060,0.042,4.822,0.122,-0.305,95.581,0.000,-0.000,0.000,0.8139,0.0289,-0.1002,0.5716,38.22,53.42,36.31,11.97,84983.5,0,0.00,0.00,3
32213,-0.056,0.044,4.827,0.488,0.183,96.436,0.000,-0.000,0.000,0.8043,0.0286,-0.1033,0.5845,39.10,54.11,36.30,12.31,84958.9,0,0.00,0.00,3
32223,-0.053,0.044,4.827,0.854,0.549,97.168,0.000,-0.000,0.000,0.7946,0.0283,-0.1064,0.5971,39.99,54.80,36.24,12.64,84944.3,0,0.00,0.00,3
32233,-0.045,0.042,4.832,1.160,0.793,98.206,0.000,-0.000,0.000,0.7846,0.0279,-0.1094,0.6096,40.90,55.49,36.24,12.96,84923.2,0,0.00,0.00,3
32243,-0.038,0.039,4.834,1.526,0.977,99.060,0.000,-0.000,0.000,0.7747,0.0274,-0.1122,0.6217,41.82,56.20,36.23,13.26,84910.9,0,0.00,0.00,3
32253,-0.031,0.034,4.837,1.892,1.221,99.854,0.000,-0.000,0.000,0.7648,0.0269,-0.1148,0.6334,42.75,56.91,36.21,13.54,84904.2,0,0.00,0.00,3
32263,-0.025,0.027,4.837,2.075,1.221,100.708,0.000,-0.000,0.000,0.7549,0.0265,-0.1173,0.6448,43.71,57.63,36.17,13.81,84869.0,0,0.00,0.00,3
32273,-0.018,0.020,4.835,2.319,1.282,101.440,0.000,-0.000,0.000,0.7451,0.0260,-0.1197,0.6557,44.69,58.36,36.13,14.07,84850.9,0,0.00,0.00,3
32283,-0.009,0.009,4.837,2.563,1.221,102.356,0.000,-0.000,0.000,0.7355,0.0255,-0.1219,0.6660,45.67,59.09,36.13,14.30,84842.9,0,0.00,0.00,3
32293,-0.005,0.000,4.836,2.625,1.282,103.149,0.000,-0.000,0.000,0.7262,0.0250,-0.1239,0.6758,46.68,59.84,36.09,14.52,84817.0,0,0.00,0.00,3
32303,-0.002,-0.012,4.838,2.625,1.038,104.065,0.000,-0.000,0.000,0.7172,0.0246,-0.1257,0.6850,47.70,60.59,36.10,14.72,84804.2,0,0.00,0.00,3
32313,0.000,-0.023,4.839,2.563,0.977,104.736,0.000,-0.000,0.000,0.7086,0.0242,-0.1273,0.6936,48.74,61.36,36.09,14.90,84773.9,0,0.00,0.00,3
32323,0.004,-0.032,4.837,2.319,0.732,105.713,0.000,-0.000,0.000,0.7004,0.0239,-0.1288,0.7016,49.80,62.13,36.06,15.05,84759.2,0,0.00,0.00,3
32333,0.002,-0.041,4.842,2.197,0.610,106.628,0.000,-0.000,0.000,0.6927,0.0235,-0.1300,0.7090,50.88,62.91,36.09,15.19,84742.2,0,0.00,0.00,3
32343,0.003,-0.049,4.839,1.831,0.427,107.544,0.000,-0.000,0.000,0.6855,0.0233,-0.1311,0.7158,51.97,63.70,36.05,15.30,84727.2,0,0.00,0.00,3
32353,-0.001,-0.056,4.840,1.526,0.122,108.276,0.000,-0.000,0.000,0.6788,0.0231,-0.1319,0.7220,53.09,64.50,36.04,15.39,84702.1,0,0.00,0.00,3
32363,-0.003,-0.059,4.842,0.977,-0.061,109.131,0.000,-0.000,0.000,0.6727,0.0229,-0.1325,0.7276,54.22,65.32,36.05,15.45,84685.0,0,0.00,0.00,3
32373,-0.008,-0.063,4.837,0.610,-0.061,109.985,0.000,-0.000,0.000,0.6670,0.0228,-0.1328,0.7327,55.37,66.14,36.00,15.48,84668.5,0,0.00,0.00,3
32383,-0.008,-0.060,4.837,0.244,-0.061,110.840,0.000,-0.000,0.000,0.6619,0.0227,-0.1328,0.7374,56.55,66.97,35.99,15.48,84633.1,0,0.00,0.00,3
32393,-0.011,-0.060,4.838,-0.244,-0.122,111.633,0.000,-0.000,0.000,0.6573,0.0226,-0.1325,0.7416,57.74,67.82,36.00,15.45,84623.4,0,0.00,0.00,3
32403,-0.015,-0.057,4.835,-0.793,-0.244,112.427,0.000,-0.000,0.000,0.6531,0.0226,-0.1320,0.7454,58.95,68.68,35.97,15.39,84598.7,0,0.00,0.00,3
32413,-0.019,-0.049,4.835,-1.221,-0.122,113.281,0.000,-0.000,0.000,0.6493,0.0226,-0.1310,0.7488,60.19,69.55,35.98,15.28,84577.0,0,0.00,0.00,3
32423,-0.017,-0.041,4.833,-1.465,-0.122,114.136,0.000,-0.000,0.000,0.6460,0.0227,-0.1298,0.7519,61.44,70.43,35.98,15.14,84557.6,0,0.00,0.00,3
32433,-0.015,-0.035,4.836,-1.770,0.061,114.990,0.000,-0.000,0.000,0.6429,0.0228,-0.1281,0.7548,62.72,71.33,36.04,14.95,84535.4,0,0.00,0.00,3
32443,-0.013,-0.024,4.833,-2.014,-0.061,115.784,0.000,-0.000,0.000,0.6403,0.0229,-0.1260,0.7574,64.02,72.23,36.04,14.72,84516.6,0,0.00,0.00,3
32453,-0.010,-0.011,4.834,-2.136,0.122,116.638,0.000,-0.000,0.000,0.6380,0.0231,-0.1235,0.7597,65.34,73.16,36.10,14.44,84488.6,0,0.00,0.00,3
32463,-0.003,-0.006,4.828,-2.197,0.183,117.493,0.000,-0.000,0.000,0.6360,0.0234,-0.1205,0.7618,66.68,74.10,36.12,14.11,84475.0,0,0.00,0.00,3
32475,0.003,0.004,4.828,-2.136,0.244,118.469,0.000,-0.000,0.000,0.6344,0.0238,-0.1171,0.7637,68.04,75.05,36.19,13.72,84450.1,0,0.00,0.00,3
32483,0.010,0.011,4.826,-2.075,0.427,119.202,0.000,-0.000,0.000,0.6331,0.0243,-0.1131,0.7653,69.42,76.01,36.26,13.29,84443.7,0,0.00,0.00,3
32493,0.019,0.015,4.825,-1.953,0.427,119.934,0.000,-0.000,0.000,0.6324,0.0250,-0.1086,0.7666,70.83,76.99,36.35,12.80,84403.4,0,0.00,0.00,3
32503,0.024,0.020,4.824,-1.587,0.427,120.850,0.000,-0.000,0.000,0.6322,0.0259,-0.1035,0.7674,72.26,77.99,36.44,12.25,84385.4,0,0.00,0.00,3
32513,0.030,0.022,4.827,-1.404,0.244,121.704,0.000,-0.000,0.000,0.6327,0.0270,-0.0978,0.7677,73.73,79.02,36.58,11.65,84347.8,0,0.00,0.00,3
32523,0.035,0.022,4.826,-1.099,0.244,122.559,0.000,-0.000,0.000,0.6338,0.0284,-0.0915,0.7676,75.21,80.06,36.68,11.00,84333.8,0,0.00,0.00,3
32533,0.038,0.021,4.824,-0.793,0.244,123.413,0.000,-0.000,0.000,0.6355,0.0301,-0.0846,0.7669,76.72,81.11,36.78,10.31,84318.7,0,0.00,0.00,3
32543,0.038,0.017,4.823,-0.427,0.061,124.268,0.000,-0.000,0.000,0.6379,0.0320,-0.0771,0.7656,78.25,82.18,36.88,9.58,84294.9,0,0.00,0.00,3
32553,0.040,0.018,4.819,0.000,-0.183,125.061,0.000,-0.000,0.000,0.6412,0.0344,-0.0690,0.7635,79.81,83.27,36.93,8.84,84267.4,0,0.00,0.00,3
32563,0.038,0.013,4.822,0.244,-0.366,125.854,0.000,-0.000,0.000,0.6453,0.0371,-0.0602,0.7606,81.39,84.37,37.06,8.11,84249.3,0,0.00,0.00,3
32573,0.033,0.009,4.822,0.488,-0.549,126.709,0.000,-0.000,0.000,0.6502,0.0401,-0.0508,0.7570,82.99,85.49,37.13,7.42,84226.9,0,0.00,0.00,3
32583,0.028,0.005,4.816,0.793,-0.793,127.502,0.000,-0.000,0.000,0.6561,0.0436,-0.0406,0.7523,84.63,86.64,37.12,6.83,84189.3,0,0.00,0.00,3
32593,0.021,0.003,4.818,0.854,-0.977,128.418,0.000,-0.000,0.000,0.6626,0.0475,-0.0299,0.7469,86.29,87.80,37.17,6.43,84180.6,0,0.00,0.00,3
32603,0.014,0.003,4.811,1.038,-0.977,129.272,0.000,-0.000,0.000,0.6696,0.0517,-0.0186,0.7407,87.97,88.96,37.10,6.30,84167.4,0,0.00,0.00,3
32613,0.004,0.002,4.810,1.038,-1.343,130.066,0.000,-0.000,0.000,0.6776,0.0564,-0.0065,0.7333,89.69,90.16,37.06,6.51,84123.7,0,0.00,0.00,3
32623,-0.003,0.005,4.812,0.977,-1.343,130.981,0.000,-0.000,0.000,0.6860,0.0615,0.0061,0.7250,91.43,91.37,37.02,7.08,84104.5,0,0.00,0.00,3
32633,-0.010,0.005,4.805,0.916,-1.343,131.714,0.000,-0.000,0.000,0.6950,0.0670,0.0194,0.7156,93.20,92.59,36.85,8.00,84075.8,0,0.00,0.00,3
32643,-0.016,0.008,4.803,0.793,-1.282,132.446,0.000,-0.000,0.000,0.7042,0.0729,0.0332,0.7055,95.00,93.82,36.69,9.18,84059.5,0,0.00,0.00,3
32653,-0.019,0.008,4.796,0.610,-1.160,133.301,0.000,-0.000,0.000,0.7136,0.0791,0.0474,0.6945,96.82,95.06,36.43,10.58,84043.4,0,0.00,0.00,3
32663,-0.022,0.013,4.791,0.366,-0.977,134.155,0.000,-0.000,0.000,0.7232,0.0858,0.0621,0.6825,98.67,96.31,36.14,12.16,84017.9,0,0.00,0.00,3
32673,-0.024,0.016,4.788,0.366,-0.854,135.132,0.000,-0.000,0.000,0.7329,0.0929,0.0774,0.6695,100.54,97.58,35.81,13.88,83989.8,0,0.00,0.00,3
32683,-0.025,0.018,4.783,0.061,-0.427,135.742,0.000,-0.000,0.000,0.7428,0.1004,0.0932,0.6554,102.46,98.85,35.39,15.74,83955.4,0,0.00,0.00,3
32693,-0.026,0.019,4.777,-0.061,-0.122,136.597,0.000,-0.000,0.000,0.7524,0.1082,0.1093,0.6405,104.39,100.13,34.89,17.69,83939.2,0,0.00,0.00,3
32703,-0.021,0.021,4.775,-0.122,0.244,137.573,0.000,-0.000,0.000,0.7619,0.1165,0.1258,0.6245,106.36,101.41,34.35,19.74,83909.8,0,0.00,0.00,3
32713,-0.017,0.021,4.776,-0.122,0.366,138.184,0.000,-0.000,0.000,0.7712,0.1251,0.1425,0.6078,108.35,102.69,33.75,21.86,83890.4,0,0.00,0.00,3
32723,-0.013,0.020,4.772,-0.305,0.671,139.038,0.000,-0.000,0.000,0.7802,0.1342,0.1595,0.5898,110.38,103.98,33.01,24.06,83853.0,0,0.00,0.00,3
32733,-0.008,0.013,4.768,-0.244,0.793,139.893,0.000,-0.000,0.000,0.7888,0.1436,0.1767,0.5709,112.44,105.27,32.16,26.32,83829.1,0,0.00,0.00,3
32743,-0.007,0.011,4.765,-0.183,1.038,140.808,0.000,-0.000,0.000,0.7968,0.1534,0.1937,0.5514,114.51,106.54,31.28,28.61,83811.7,0,0.00,0.00,3
32753,-0.004,0.005,4.765,-0.183,1.221,141.602,0.000,-0.000,0.000,0.8043,0.1635,0.2108,0.5310,116.63,107.81,30.30,30.95,83778.4,0,0.00,0.00,3
32763,-0.002,0.000,4.760,-0.061,1.160,142.456,0.000,-0.000,0.000,0.8109,0.1739,0.2276,0.5102,118.75,109.06,29.22,33.29,83766.7,0,0.00,0.00,3
32773,-0.000,-0.004,4.752,0.000,1.282,143.250,0.000,-0.000,0.000,0.8170,0.1847,0.2443,0.4885,120.92,110.31,28.03,35.67,83726.4,0,0.00,0.00,3
32783,-0.003,-0.007,4.746,0.061,1.099,144.043,0.000,-0.000,0.000,0.8223,0.1958,0.2605,0.4665,123.10,111.54,26.81,38.04,83706.7,0,0.00,0.00,3
32795,-0.001,-0.011,4.741,0.122,0.916,144.836,0.000,-0.000,0.000,0.8268,0.2072,0.2763,0.4441,125.32,112.75,25.53,40.41,83680.6,0,0.00,0.00,3
32803,-0.001,-0.014,4.737,0.061,0.732,145.630,0.000,-0.000,0.000,0.8304,0.2188,0.2914,0.4214,127.55,113.94,24.23,42.75,83657.4,0,0.00,0.00,3
32813,-0.009,-0.012,4.729,0.000,0.488,146.423,0.000,-0.000,0.000,0.8333,0.2307,0.3060,0.3985,129.82,115.12,22.90,45.07,83622.7,0,0.00,0.00,3
32824,-0.008,-0.014,4.727,0.000,0.183,147.278,0.000,-0.000,0.000,0.8353,0.2428,0.3197,0.3756,132.10,116.27,21.54,47.34,83602.6,0,0.00,0.00,3
32834,-0.006,-0.011,4.716,0.000,0.000,148.010,0.000,-0.000,0.000,0.8367,0.2551,0.3328,0.3524,134.42,117.41,20.13,49.58,83562.9,0,0.00,0.00,3
32844,-0.006,-0.009,4.713,-0.061,-0.244,148.804,0.000,-0.000,0.000,0.8372,0.2674,0.3447,0.3298,136.76,118.52,18.78,51.73,83549.6,0,0.00,0.00,3
32853,-0.007,-0.008,4.710,-0.183,-0.244,149.597,0.000,-0.000,0.000,0.8371,0.2798,0.3557,0.3074,139.11,119.61,17.44,53.82,83521.3,0,0.00,0.00,3
32863,-0.007,-0.006,4.702,-0.427,-0.610,150.513,0.000,-0.000,0.000,0.8363,0.2923,0.3655,0.2855,141.49,120.67,16.10,55.81,83496.6,0,0.00,0.00,3
32873,-0.004,-0.004,4.698,-0.427,-0.671,151.306,0.000,-0.000,0.000,0.8351,0.3048,0.3742,0.2641,143.89,121.72,14.79,57.72,83465.0,0,0.00,0.00,3
32883,-0.001,-0.002,4.688,-0.488,-0.732,152.161,0.000,-0.000,0.000,0.8333,0.3173,0.3817,0.2435,146.31,122.75,13.50,59.52,83438.2,0,0.00,0.00,3
32893,-0.000,-0.002,16.000,-0.610,-0.854,159.424,0.000,-0.000,0.000,0.8309,0.3301,0.3876,0.2244,148.75,124.29,65.75,61.21,83413.4,0,0.00,0.00,3
32903,0.000,0.000,4.681,-0.427,-0.671,153.625,0.000,-0.000,0.000,0.8287,0.3423,0.3926,0.2049,151.22,125.26,11.19,62.77,83377.3,0,0.00,0.00,3
32913,0.006,-0.003,4.678,-0.488,-0.671,154.480,0.000,-0.000,0.000,0.8265,0.3539,0.3961,0.1864,153.70,126.22,10.12,64.17,83361.0,0,0.00,0.00,3
32923,0.003,0.000,4.667,-0.549,-0.549,155.273,0.000,-0.000,0.000,0.8243,0.3652,0.3984,0.1686,156.21,127.17,9.22,65.43,83323.5,0,0.00,0.00,3
32933,0.004,-0.000,4.669,-0.366,-0.427,156.128,0.000,-0.000,0.000,0.8223,0.3761,0.3991,0.1522,158.72,128.12,8.42,66.51,83302.9,0,0.00,0.00,3
32943,0.007,-0.005,4.662,-0.305,-0.061,156.921,0.000,-0.000,0.000,0.8204,0.3867,0.3982,0.1371,161.27,129.08,7.66,67.43,83262.2,0,0.00,0.00,3
32953,0.003,-0.004,4.658,-0.183,-0.061,157.532,0.000,-0.000,0.000,0.8188,0.3971,0.3956,0.1243,163.83,130.03,7.13,68.18,83247.5,0,0.00,0.00,3
32963,0.002,-0.004,4.659,0.000,0.061,158.508,0.000,-0.000,0.000,0.8175,0.4073,0.3910,0.1138,166.40,131.00,6.71,68.75,83220.3,0,0.00,0.00,3
32973,-0.000,-0.005,4.654,0.305,0.122,159.241,0.000,-0.000,0.000,0.8165,0.4174,0.3844,0.1062,168.99,131.97,6.40,69.15,83196.8,0,0.00,0.00,3
32983,-0.000,-0.004,4.652,0.366,0.305,159.973,0.000,-0.000,0.000,0.8160,0.4276,0.3755,0.1017,171.60,132.98,6.24,69.37,83160.0,0,0.00,0.00,3
32993,-0.004,-0.003,4.651,0.549,0.244,160.828,0.000,-0.000,0.000,0.8159,0.4378,0.3641,0.1008,174.23,134.02,6.22,69.42,83128.8,0,0.00,0.00,3
33003,-0.001,-0.004,4.646,0.671,0.305,161.682,0.000,-0.000,0.000,0.8161,0.4481,0.3498,0.1041,176.89,135.09,6.28,69.29,83096.3,0,0.00,0.00,3
33013,-0.000,-0.002,4.646,0.793,0.244,162.476,0.000,-0.000,0.000,0.8166,0.4586,0.3322,0.1121,179.58,136.20,6.52,68.98,83064.2,0,0.00,0.00,3
33023,0.000,0.001,4.642,0.793,0.305,163.208,0.000,-0.000,0.000,0.8170,0.4690,0.3111,0.1257,182.28,137.36,6.89,68.50,83041.6,0,0.00,0.00,3
33033,-0.000,0.001,4.641,0.793,0.183,163.940,0.000,-0.000,0.000,0.8169,0.4794,0.2856,0.1454,185.01,138.57,7.36,67.85,83007.4,0,0.00,0.00,3
33043,0.002,0.000,4.635,0.671,0.122,164.795,0.000,-0.000,0.000,0.8158,0.4895,0.2553,0.1722,187.76,139.84,7.94,67.02,82978.6,0,0.00,0.00,3
33053,0.005,0.004,4.635,0.488,0.061,165.588,0.000,-0.000,0.000,0.8127,0.4988,0.2193,0.2067,190.54,141.17,8.69,66.03,82952.6,0,0.00,0.00,3
33063,0.003,0.001,4.634,0.366,0.000,166.321,0.000,-0.000,0.000,0.8061,0.5066,0.1762,0.2502,193.37,142.60,9.50,64.87,82901.4,0,0.00,0.00,3
33073,0.009,0.001,4.631,0.183,0.061,167.053,0.000,-0.000,0.000,0.7941,0.5118,0.1258,0.3026,196.21,144.09,10.40,63.61,82885.1,0,0.00,0.00,3
33083,0.008,0.001,4.625,0.061,0.061,167.847,0.000,-0.000,0.000,0.7744,0.5128,0.0669,0.3644,199.08,145.66,11.32,62.28,82857.6,0,0.00,0.00,3
33096,0.009,-0.005,4.620,0.000,0.000,168.701,0.000,-0.000,0.000,0.7436,0.5075,-0.0012,0.4353,201.98,147.33,12.16,61.00,82828.0,0,0.00,0.00,3
33103,0.008,-0.002,4.620,-0.183,0.061,169.434,0.000,-0.000,0.000,0.6980,0.4931,-0.0783,0.5134,204.91,149.07,12.94,59.90,82808.3,0,0.00,0.00,3
33113,0.004,-0.003,4.617,-0.305,0.122,170.227,0.000,-0.000,0.000,0.6323,0.4658,-0.1650,0.5966,207.88,150.92,13.38,59.23,82765.8,0,0.00,0.00,3
33123,0.004,-0.006,4.613,-0.366,0.122,171.021,0.000,-0.000,0.000,0.5426,0.4218,-0.2582,0.6789,210.89,152.84,13.33,59.29,82740.5,0,0.00,0.00,3
33133,0.000,-0.004,4.609,-0.366,0.122,171.753,0.000,-0.000,0.000,0.4244,0.3569,-0.3546,0.7528,213.95,154.84,12.52,60.41,82704.2,0,0.00,0.00,3
33143,-0.001,-0.001,4.602,-0.366,0.122,172.607,0.000,-0.000,0.000,0.2766,0.2685,-0.4470,0.8072,217.05,156.89,10.78,62.86,82676.2,0,0.00,0.00,3
33153,-0.005,0.000,4.599,-0.305,0.183,173.340,0.000,-0.000,0.000,0.0999,0.1550,-0.5271,0.8295,220.20,158.98,8.04,66.66,82632.3,0,0.00,0.00,3
33163,-0.006,0.003,4.594,-0.244,0.183,174.072,0.000,-0.000,0.000,-0.0955,0.0210,-0.5830,0.8065,223.39,161.05,4.56,71.38,82609.4,0,0.00,0.00,3
33173,-0.008,0.005,4.590,-0.122,0.061,174.866,0.000,-0.000,0.000,-0.2969,-0.1259,-0.6043,0.7286,226.62,163.10,0.90,76.24,82578.4,0,0.00,0.00,3
33183,-0.007,0.007,4.583,0.000,0.000,175.659,0.000,-0.000,0.000,-0.4866,-0.2742,-0.5823,0.5907,229.90,165.13,-2.07,80.13,82540.0,0,0.00,0.00,3
33193,-0.006,0.008,4.582,0.183,0.000,176.514,0.000,-0.000,0.000,-0.6423,-0.4069,-0.5130,0.3984,233.21,167.14,-3.34,81.81,82518.2,0,0.00,0.00,3
33203,-0.003,0.010,4.575,0.122,-0.183,177.246,0.000,-0.000,0.000,-0.7449,-0.5085,-0.3989,0.1656,236.54,169.17,-2.34,80.52,82504.2,0,0.00,0.00,3
33213,-0.002,0.006,4.572,0.366,-0.305,178.040,0.000,-0.000,0.000,-0.7811,-0.5670,-0.2440,-0.0941,239.93,171.32,0.92,76.23,82459.8,0,0.00,0.00,3
33223,-0.004,0.006,4.566,0.244,-0.305,178.711,0.000,-0.000,0.000,-0.7384,-0.5698,-0.0602,-0.3555,243.37,173.62,5.61,69.92,82425.0,0,0.00,0.00,3
33233,-0.002,0.002,4.566,0.305,-0.427,179.626,0.000,-0.000,0.000,-0.6115,-0.5090,0.1365,-0.5902,246.85,176.09,10.09,63.61,82387.7,0,0.00,0.00,3
33243,-0.001,0.000,4.559,0.305,-0.366,180.298,0.000,-0.000,0.000,-0.4052,-0.3832,0.3230,-0.7646,250.39,178.69,12.43,60.15,82357.8,0,0.00,0.00,3
33253,-0.003,-0.003,4.551,0.244,-0.549,181.091,0.000,-0.000,0.000,-0.1338,-0.1977,0.4744,-0.8473,254.00,181.39,11.25,61.86,82309.0,0,0.00,0.00,3
33263,-0.005,-0.007,4.546,0.244,-0.427,181.946,0.000,-0.000,0.000,0.1644,0.0243,0.5607,-0.8112,257.64,184.04,6.77,68.28,82289.0,0,0.00,0.00,3
33273,-0.006,-0.010,4.543,0.305,-0.427,182.678,0.000,-0.000,0.000,0.4475,0.2540,0.5623,-0.6473,261.35,186.63,0.92,76.20,82242.2,0,0.00,0.00,3
33283,-0.008,-0.013,4.538,0.061,-0.427,183.411,0.000,-0.000,0.000,0.6597,0.4479,0.4726,-0.3753,265.08,189.10,-2.99,81.26,82225.9,0,0.00,0.00,3
33293,-0.010,-0.011,4.531,0.061,-0.244,184.204,0.000,-0.000,0.000,0.7622,0.5715,0.3022,-0.0330,268.87,191.58,-2.56,80.56,82191.2,0,0.00,0.00,3
33303,-0.010,-0.010,4.526,0.122,-0.244,184.814,0.000,-0.000,0.000,0.7303,0.5974,0.0777,0.3220,272.69,194.15,2.24,74.09,82161.6,0,0.00,0.00,3
33313,-0.011,-0.010,4.523,0.061,-0.122,185.608,0.000,-0.000,0.000,0.5618,0.5140,-0.1638,0.6272,276.56,196.89,8.60,65.30,82125.1,0,0.00,0.00,3
33323,-0.012,-0.007,4.515,0.061,0.000,186.401,0.000,-0.000,0.000,0.2779,0.3272,-0.3777,0.8204,280.50,199.80,12.30,59.96,82082.7,0,0.00,0.00,3
33333,-0.010,-0.005,4.511,0.061,0.061,187.256,0.000,-0.000,0.000,-0.0698,0.0669,-0.5162,0.8510,284.48,202.75,10.49,62.74,82048.8,0,0.00,0.00,3
33343,-0.009,-0.006,4.505,0.122,0.183,187.927,0.000,-0.000,0.000,-0.4059,-0.2136,-0.5447,0.7021,288.50,205.61,4.22,71.62,82026.9,0,0.00,0.00,3
33353,-0.003,-0.002,4.500,0.061,0.183,188.660,0.000,-0.000,0.000,-0.6575,-0.4563,-0.4520,0.3939,292.59,208.37,-2.06,79.92,81978.9,0,0.00,0.00,3
33363,0.002,-0.002,4.496,0.061,0.061,189.453,0.000,-0.000,0.000,-0.7582,-0.5992,-0.2570,-0.0050,296.70,211.04,-3.23,81.38,81958.9,0,0.00,0.00,3
33373,0.001,-0.001,4.488,0.122,0.061,190.186,0.000,-0.000,0.000,-0.6805,-0.6065,-0.0001,-0.4112,300.87,213.81,1.82,74.67,81912.3,0,0.00,0.00,3
33383,0.006,-0.004,4.481,0.183,-0.061,190.796,0.000,-0.000,0.000,-0.4380,-0.4702,0.2549,-0.7225,305.06,216.71,9.04,64.68,81893.3,0,0.00,0.00,3
33393,0.007,-0.002,4.474,0.000,-0.061,191.711,0.000,-0.000,0.000,-0.0812,-0.2148,0.4487,-0.8637,309.31,219.75,12.40,59.66,81849.6,0,0.00,0.00,3
33405,0.009,-0.005,4.467,0.000,-0.061,192.322,0.000,-0.000,0.000,0.3040,0.1033,0.5271,-0.7868,313.63,222.82,8.72,64.97,81801.8,0,0.00,0.00,3
33413,0.009,-0.007,4.458,0.061,-0.244,193.054,0.000,-0.000,0.000,0.6090,0.3986,0.4645,-0.5044,317.97,225.75,1.06,75.48,81778.9,0,0.00,0.00,3
33423,0.002,-0.005,4.456,0.000,-0.305,193.848,0.000,-0.000,0.000,0.7508,0.5932,0.2771,-0.0871,322.35,228.55,-3.62,81.80,81747.8,0,0.00,0.00,3
33433,0.002,-0.007,4.451,-0.183,-0.366,194.702,0.000,-0.000,0.000,0.6865,0.6322,0.0131,0.3590,326.78,231.36,-1.11,78.44,81704.5,0,0.00,0.00,3
33443,-0.000,-0.006,4.439,-0.122,-0.427,195.374,0.000,-0.000,0.000,0.4292,0.4993,-0.2529,0.7089,331.24,234.26,6.44,68.07,81675.0,0,0.00,0.00,3
33453,-0.003,-0.002,4.435,-0.183,-0.427,196.167,0.000,-0.000,0.000,0.0478,0.2267,-0.4457,0.8647,335.73,237.29,11.94,60.00,81641.9,0,0.00,0.00,3
33463,-0.004,0.000,4.427,-0.183,-0.305,196.899,0.000,-0.000,0.000,-0.3504,-0.1132,-0.5086,0.7783,340.27,240.34,10.06,62.80,81607.4,0,0.00,0.00,3
33473,-0.008,0.003,4.415,-0.183,-0.244,197.693,0.000,-0.000,0.000,-0.6485,-0.4251,-0.4216,0.4702,344.84,243.30,2.53,73.55,81573.0,0,0.00,0.00,3
33483,-0.007,0.007,4.406,-0.244,-0.366,198.303,0.000,-0.000,0.000,-0.7565,-0.6192,-0.2089,0.0247,349.45,246.15,-3.42,81.61,81533.9,0,0.00,0.00,3
33493,-0.006,0.009,4.401,-0.122,-0.244,199.097,0.000,-0.000,0.000,-0.6380,-0.6360,0.0661,-0.4290,354.09,248.94,-1.91,79.50,81499.0,0,0.00,0.00,3
33503,-0.005,0.008,4.389,0.000,-0.183,199.829,0.000,-0.000,0.000,-0.3255,-0.4674,0.3197,-0.7572,358.76,251.79,5.57,68.98,81464.5,0,0.00,0.00,3
33513,-0.005,0.008,4.376,0.061,-0.122,200.562,0.000,-0.000,0.000,0.0868,-0.1615,0.4734,-0.8616,363.45,254.72,11.57,60.02,81434.1,0,0.00,0.00,3
33523,-0.006,0.007,4.373,0.061,-0.244,201.233,0.000,-0.000,0.000,0.4779,0.1968,0.4798,-0.7090,368.20,257.73,10.02,62.47,81383.7,0,0.00,0.00,3
33533,-0.006,0.006,4.363,0.061,-0.183,202.087,0.000,-0.000,0.000,0.7212,0.4957,0.3368,-0.3474,372.96,260.64,2.33,73.64,81363.4,0,0.00,0.00,3
33543,-0.002,0.001,4.354,0.122,-0.122,202.759,0.000,-0.000,0.000,0.7447,0.6508,0.0876,0.1193,377.76,263.44,-3.92,82.09,81319.5,0,0.00,0.00,3
33553,-0.000,0.002,4.348,0.000,-0.122,203.430,0.000,-0.000,0.000,0.5384,0.6133,-0.1877,0.5466,382.56,266.13,-2.24,79.79,81292.8,0,0.00,0.00,3
33563,-0.005,-0.001,4.342,0.000,-0.061,204.163,0.000,-0.000,0.000,0.1618,0.3927,-0.4049,0.8097,387.41,268.87,5.64,68.68,81245.8,0,0.00,0.00,3
33573,-0.003,-0.002,4.334,0.061,-0.122,204.834,0.000,-0.000,0.000,-0.2673,0.0548,-0.4928,0.8263,392.29,271.70,11.82,59.45,81206.4,0,0.00,0.00,3
33583,-0.006,-0.003,4.329,0.061,-0.244,205.688,0.000,-0.000,0.000,-0.6149,-0.2984,-0.4240,0.5942,397.19,274.60,9.88,62.46,81170.6,0,0.00,0.00,3
33593,-0.010,-0.004,4.318,-0.122,-0.122,206.299,0.000,-0.000,0.000,-0.7748,-0.5626,-0.2208,0.1858,402.12,277.45,1.63,74.36,81134.7,0,0.00,0.00,3
33603,-0.011,-0.003,4.314,-0.122,-0.122,207.031,0.000,-0.000,0.000,-0.6954,-0.6603,0.0555,-0.2783,407.08,280.16,-4.72,82.99,81090.2,0,0.00,0.00,3
33613,-0.008,-0.002,4.303,-0.122,-0.122,207.764,0.000,-0.000,0.000,-0.4002,-0.5617,0.3144,-0.6523,412.05,282.73,-2.66,80.14,81061.9,0,0.00,0.00,3
33623,-0.008,-0.000,4.298,-0.122,0.061,208.496,0.000,-0.000,0.000,0.0201,-0.2987,0.4752,-0.8274,417.04,285.30,5.75,68.29,81020.5,0,0.00,0.00,3
33633,-0.006,-0.001,4.290,-0.244,-0.061,209.167,0.000,-0.000,0.000,0.4346,0.0474,0.4876,-0.7557,422.05,287.98,12.11,58.67,80983.0,0,0.00,0.00,3
33643,-0.004,0.000,4.282,-0.122,0.000,209.900,0.000,-0.000,0.000,0.7208,0.3761,0.3499,-0.4654,427.08,290.76,10.06,61.82,80944.5,0,0.00,0.00,3
33653,-0.002,0.002,4.274,-0.244,0.000,210.571,0.000,-0.000,0.000,0.7961,0.5939,0.1059,-0.0477,432.10,293.48,1.62,74.22,80918.6,0,0.00,0.00,3
33663,0.000,0.003,4.260,-0.244,0.061,211.182,0.000,-0.000,0.000,0.6379,0.6443,-0.1766,0.3832,437.17,296.05,-5.29,83.83,80868.0,0,0.00,0.00,3
33673,0.001,0.002,4.253,-0.183,-0.061,211.914,0.000,-0.000,0.000,0.2922,0.5132,-0.4082,0.6962,442.24,298.42,-3.95,81.95,80836.3,0,0.00,0.00,3
33683,0.002,0.001,4.242,-0.183,0.000,212.769,0.000,-0.000,0.000,-0.1363,0.2449,-0.5201,0.8068,447.32,300.75,4.29,70.19,80801.9,0,0.00,0.00,3
33693,0.001,-0.001,4.234,-0.061,0.000,213.440,0.000,-0.000,0.000,-0.5295,-0.0855,-0.4820,0.6928,452.43,303.24,11.82,58.62,80748.2,0,0.00,0.00,3
33703,0.003,-0.001,4.225,-0.122,-0.061,214.111,0.000,-0.000,0.000,-0.7757,-0.3841,-0.3074,0.3953,457.55,305.87,11.54,58.94,80718.1,0,0.00,0.00,3
33715,0.001,-0.001,4.216,-0.061,-0.122,214.722,0.000,-0.000,0.000,-0.8152,-0.5774,-0.0450,-0.0016,462.67,308.50,3.78,70.79,80683.7,0,0.00,0.00,3
33723,-0.001,0.001,4.204,0.000,0.061,215.454,0.000,-0.000,0.000,-0.6353,-0.6187,0.2382,-0.3961,467.82,310.97,-4.82,83.05,80635.0,0,0.00,0.00,3
33733,0.000,0.001,4.197,-0.061,0.061,216.064,0.000,-0.000,0.000,-0.2807,-0.4972,0.4617,-0.6788,473.01,313.20,-6.54,85.45,80587.4,0,0.00,0.00,3
33743,-0.001,0.001,4.182,0.000,0.122,216.858,0.000,-0.000,0.000,0.1413,-0.2564,0.5607,-0.7746,478.16,315.27,0.00,76.12,80564.3,0,0.00,0.00,3
33753,-0.001,0.004,4.172,0.000,-0.061,217.590,0.000,-0.000,0.000,0.5263,0.0380,0.5160,-0.6748,483.34,317.47,9.19,62.31,80517.0,0,0.00,0.00,3
33763,-0.001,0.004,4.154,0.000,-0.122,218.201,0.000,-0.000,0.000,0.7818,0.3121,0.3438,-0.4161,488.52,319.90,13.38,55.33,80480.5,0,0.00,0.00,3
33773,0.000,0.003,4.149,0.000,0.061,218.750,0.000,-0.000,0.000,0.8555,0.5059,0.0880,-0.0666,493.69,322.42,9.45,61.79,80450.2,0,0.00,0.00,3
33783,-0.000,0.002,4.133,-0.061,0.000,219.543,0.000,-0.000,0.000,0.7334,0.5807,-0.1954,0.2947,498.88,324.84,0.31,75.56,80410.9,0,0.00,0.00,3
33793,0.000,0.004,4.118,0.000,0.122,220.215,0.000,-0.000,0.000,0.4392,0.5209,-0.4415,0.5838,504.09,327.00,-7.09,86.13,80361.0,0,0.00,0.00,3
33803,-0.001,0.002,4.109,0.000,0.061,221.008,0.000,-0.000,0.000,0.0495,0.3482,-0.5872,0.7291,509.30,328.86,-7.09,86.10,80328.6,0,0.00,0.00,3
33813,0.001,0.002,4.096,0.061,0.061,221.558,0.000,-0.000,0.000,-0.3432,0.1121,-0.6048,0.7098,514.50,330.68,0.00,75.92,80290.4,0,0.00,0.00,3
33823,0.001,0.001,4.095,0.061,0.183,222.290,0.000,-0.000,0.000,-0.6612,-0.1343,-0.4983,0.5446,519.72,332.68,8.95,62.14,80243.5,0,0.00,0.00,3
33833,-0.000,-0.000,4.088,0.061,0.183,222.839,0.000,-0.000,0.000,-0.8487,-0.3437,-0.2934,0.2747,524.94,334.95,13.92,53.73,80200.2,0,0.00,0.00,3
33843,0.001,0.001,4.086,0.061,0.122,223.511,0.000,-0.000,0.000,-0.8758,-0.4795,-0.0293,-0.0458,530.18,337.36,11.78,57.43,80162.7,0,0.00,0.00,3
33853,0.001,-0.001,4.076,0.000,0.183,224.182,0.000,-0.000,0.000,-0.7376,-0.5181,0.2464,-0.3560,535.41,339.67,3.85,70.02,80125.1,0,0.00,0.00,3
33863,-0.001,0.000,4.072,0.122,0.000,224.731,0.000,-0.000,0.000,-0.4620,-0.4547,0.4793,-0.5917,540.64,341.67,-4.74,82.70,80092.5,0,0.00,0.00,3
33873,-0.001,-0.001,4.064,0.122,0.000,225.586,0.000,-0.000,0.000,-0.1035,-0.3075,0.6264,-0.7088,545.89,343.38,-8.76,88.50,80045.3,0,0.00,0.00,3
33883,0.001,-0.000,4.057,0.122,0.000,226.196,0.000,-0.000,0.000,0.2637,-0.1141,0.6631,-0.6912,551.13,344.94,-6.04,84.58,80001.8,0,0.00,0.00,3
33893,-0.001,0.000,4.051,-0.061,0.061,226.807,0.000,-0.000,0.000,0.5763,0.0848,0.5927,-0.5562,556.38,346.58,1.44,73.56,79959.4,0,0.00,0.00,3
33903,-0.000,0.001,4.041,0.000,-0.122,227.478,0.000,-0.000,0.000,0.7911,0.2555,0.4387,-0.3411,561.59,348.43,9.40,61.02,79936.2,0,0.00,0.00,3
33913,0.003,0.000,4.036,0.061,0.000,228.088,0.000,-0.000,0.000,0.8934,0.3809,0.2251,-0.0778,566.79,350.51,14.26,52.52,79898.6,0,0.00,0.00,3
33924,0.000,-0.001,4.024,0.000,-0.061,228.699,0.000,-0.000,0.000,0.8706,0.4464,-0.0268,0.2049,572.04,352.75,13.87,53.13,79841.9,0,0.00,0.00,3
33934,0.000,-0.000,4.018,-0.061,-0.122,229.431,0.000,-0.000,0.000,0.7227,0.4387,-0.2757,0.4574,577.26,354.88,8.43,62.42,79817.8,0,0.00,0.00,3
33944,0.002,-0.001,4.012,-0.183,-0.122,230.225,0.000,-0.000,0.000,0.4666,0.3584,-0.4904,0.6429,582.51,356.78,0.53,74.80,79767.0,0,0.00,0.00,3
33953,0.001,-0.003,4.000,-0.183,-0.061,230.774,0.000,-0.000,0.000,0.1520,0.2237,-0.6325,0.7258,587.73,358.34,-5.86,84.28,79739.7,0,0.00,0.00,3
33963,0.001,-0.002,3.984,-0.183,-0.061,231.384,0.000,-0.000,0.000,-0.1691,0.0627,-0.6890,0.7020,592.94,359.67,-8.12,87.55,79705.4,0,0.00,0.00,3
33973,-0.003,-0.002,3.976,-0.061,-0.122,231.995,0.000,-0.000,0.000,-0.4534,-0.0972,-0.6633,0.5874,598.12,360.95,-5.83,84.19,79668.5,0,0.00,0.00,3
33984,-0.001,-0.004,3.965,-0.061,-0.122,232.605,0.000,-0.000,0.000,-0.6749,-0.2367,-0.5687,0.4063,603.30,362.35,-0.42,76.05,79629.8,0,0.00,0.00,3
33993,-0.000,-0.002,3.951,-0.061,0.000,233.337,0.000,-0.000,0.000,-0.8207,-0.3452,-0.4185,0.1794,608.49,363.96,6.13,65.70,79582.1,0,0.00,0.00,3
34003,-0.005,-0.001,3.939,0.000,0.000,233.887,0.000,-0.000,0.000,-0.8788,-0.4127,-0.2296,-0.0690,613.66,365.75,11.61,56.36,79551.8,0,0.00,0.00,3
34013,-0.002,-0.002,3.927,0.000,0.000,234.497,0.000,-0.000,0.000,-0.8437,-0.4323,-0.0174,-0.3178,618.81,367.67,14.26,51.28,79517.8,0,0.00,0.00,3
34025,0.000,-0.002,3.924,0.061,-0.122,235.168,0.000,-0.000,0.000,-0.7096,-0.3968,0.2041,-0.5453,624.02,369.63,13.35,53.00,79459.5,0,0.00,0.00,3
34033,-0.003,-0.002,3.908,0.000,-0.122,235.840,0.000,-0.000,0.000,-0.4896,-0.3057,0.4010,-0.7114,629.21,371.43,9.01,60.56,79427.4,0,0.00,0.00,3
34043,-0.001,-0.003,3.901,0.122,-0.061,236.511,0.000,-0.000,0.000,-0.2117,-0.1698,0.5489,-0.7906,634.40,372.99,3.21,70.14,79388.5,0,0.00,0.00,3
34053,0.000,-0.006,3.889,0.000,-0.061,237.061,0.000,-0.000,0.000,0.0825,-0.0101,0.6299,-0.7722,639.58,374.31,-1.88,78.10,79352.8,0,0.00,0.00,3
34063,0.001,-0.005,3.879,0.122,-0.122,237.671,0.000,-0.000,0.000,0.3546,0.1505,0.6405,-0.6644,644.74,375.48,-4.67,82.28,79316.0,0,0.00,0.00,3
34073,0.000,-0.006,3.865,0.000,-0.122,238.342,0.000,-0.000,0.000,0.5791,0.2946,0.5862,-0.4840,649.90,376.63,-4.52,82.00,79270.6,0,0.00,0.00,3
34083,0.000,-0.006,3.854,0.061,0.000,238.892,0.000,-0.000,0.000,0.7341,0.4065,0.4791,-0.2576,655.03,377.85,-1.88,77.85,79244.0,0,0.00,0.00,3
34093,0.000,-0.006,3.844,0.061,0.061,239.502,0.000,-0.000,0.000,0.8136,0.4799,0.3283,-0.0003,660.16,379.22,2.35,71.10,79198.6,0,0.00,0.00,3
34103,-0.003,-0.006,3.832,-0.122,0.000,240.234,0.000,-0.000,0.000,0.8082,0.5061,0.1485,0.2621,665.27,380.72,6.81,63.67,79168.5,0,0.00,0.00,3
34113,-0.000,-0.006,3.822,0.061,0.000,240.723,0.000,-0.000,0.000,0.7114,0.4777,-0.0510,0.5130,670.42,382.35,10.34,57.42,79111.7,0,0.00,0.00,3
34123,-0.002,-0.005,3.813,-0.061,0.061,241.333,0.000,-0.000,0.000,0.5264,0.3902,-0.2445,0.7148,675.57,383.98,11.71,54.84,79070.9,0,0.00,0.00,3
34133,-0.002,-0.003,3.807,-0.183,0.000,241.943,0.000,-0.000,0.000,0.2742,0.2502,-0.4054,0.8354,680.71,385.50,10.59,56.89,79034.9,0,0.00,0.00,3
34143,-0.002,-0.002,3.794,0.000,-0.122,242.554,0.000,-0.000,0.000,-0.0164,0.0701,-0.5136,0.8550,685.88,386.89,7.42,62.45,78983.7,0,0.00,0.00,3
34153,-0.003,-0.001,3.784,0.000,-0.122,243.164,0.000,-0.000,0.000,-0.2974,-0.1217,-0.5528,0.7688,691.03,388.12,3.54,68.95,78952.0,0,0.00,0.00,3
34163,-0.002,-0.002,3.768,0.061,0.000,243.774,0.000,-0.000,0.000,-0.5360,-0.3034,-0.5225,0.5896,696.17,389.27,0.00,74.34,78909.8,0,0.00,0.00,3
34173,-0.002,-0.002,3.756,0.000,-0.122,244.324,0.000,-0.000,0.000,-0.7019,-0.4514,-0.4305,0.3439,701.29,390.39,-1.62,77.18,78879.4,0,0.00,0.00,3
34183,-0.003,-0.002,3.740,0.061,-0.122,244.934,0.000,-0.000,0.000,-0.7806,-0.5521,-0.2878,0.0549,706.40,391.58,-1.57,77.02,78836.5,0,0.00,0.00,3
34193,-0.003,-0.000,3.727,0.061,-0.183,245.605,0.000,-0.000,0.000,-0.7594,-0.5916,-0.1092,-0.2477,711.52,392.84,0.28,73.96,78791.0,0,0.00,0.00,3
34203,-0.005,0.000,3.711,-0.122,-0.061,246.155,0.000,-0.000,0.000,-0.6349,-0.5594,0.0834,-0.5263,716.65,394.15,3.27,68.89,78749.0,0,0.00,0.00,3
34213,-0.005,-0.004,3.697,-0.061,-0.061,246.765,0.000,-0.000,0.000,-0.4157,-0.4524,0.2648,-0.7432,721.79,395.47,6.48,63.23,78699.5,0,0.00,0.00,3
34223,-0.005,-0.002,3.686,0.061,-0.061,247.253,0.000,-0.000,0.000,-0.1355,-0.2833,0.4032,-0.8596,726.92,396.73,8.77,59.04,78665.3,0,0.00,0.00,3
34233,-0.007,0.000,3.671,0.061,-0.122,247.864,0.000,-0.000,0.000,0.1567,-0.0802,0.4774,-0.8609,732.00,397.88,9.32,57.91,78644.2,0,0.00,0.00,3
34243,-0.009,-0.001,3.651,-0.061,0.061,248.413,0.000,-0.000,0.000,0.4317,0.1392,0.4823,-0.7494,737.11,399.02,8.01,60.26,78591.4,0,0.00,0.00,3
34253,-0.009,-0.000,3.629,0.000,-0.061,248.962,0.000,-0.000,0.000,0.6486,0.3460,0.4149,-0.5360,742.24,400.18,5.08,65.41,78540.2,0,0.00,0.00,3
34263,-0.007,0.000,3.619,0.000,-0.244,249.573,0.000,-0.000,0.000,0.7724,0.5096,0.2847,-0.2502,747.36,401.36,1.55,71.42,78499.7,0,0.00,0.00,3
34273,-0.008,-0.001,3.597,0.000,0.122,250.122,0.000,-0.000,0.000,0.7840,0.6069,0.1112,0.0679,752.47,402.52,-1.39,76.20,78465.0,0,0.00,0.00,3
34283,-0.005,0.000,3.583,-0.061,0.000,250.793,0.000,-0.000,0.000,0.6790,0.6243,-0.0816,0.3776,757.57,403.63,-2.56,78.05,78424.6,0,0.00,0.00,3
34293,-0.005,0.000,3.566,0.061,0.000,251.221,0.000,-0.000,0.000,0.4659,0.5551,-0.2654,0.6359,762.69,404.69,-1.36,75.95,78376.5,0,0.00,0.00,3
34303,-0.005,-0.001,3.528,0.000,-0.122,251.831,0.000,-0.000,0.000,0.1768,0.4070,-0.4067,0.7986,767.81,405.67,1.86,70.25,78333.6,0,0.00,0.00,3
34313,-0.005,-0.001,3.495,0.122,-0.061,252.258,0.000,-0.000,0.000,-0.1403,0.2035,-0.4811,0.8411,772.92,406.61,5.76,62.98,78293.9,0,0.00,0.00,3
34328,-0.006,0.000,3.464,-0.061,-0.061,252.808,0.000,-0.000,0.000,-0.4319,-0.0205,-0.4790,0.7640,778.00,407.57,8.58,57.29,78263.4,0,0.00,0.00,3
34333,-0.006,-0.003,3.426,0.061,-0.122,253.296,0.000,-0.000,0.000,-0.6673,-0.2435,-0.4010,0.5785,783.11,408.65,9.06,55.95,78208.3,0,0.00,0.00,3
34343,-0.006,-0.001,3.396,-0.061,0.000,253.967,0.000,-0.000,0.000,-0.8075,-0.4329,-0.2555,0.3086,788.23,409.84,6.70,60.36,78159.5,0,0.00,0.00,3
34353,-0.005,0.001,3.354,0.000,0.000,254.456,0.000,-0.000,0.000,-0.8265,-0.5594,-0.0635,-0.0057,793.36,411.05,2.25,68.52,78118.9,0,0.00,0.00,3
34363,-0.003,0.002,3.329,0.000,-0.122,255.066,0.000,-0.000,0.000,-0.7215,-0.6033,0.1409,-0.3093,798.45,412.13,-2.23,76.56,78094.7,0,0.00,0.00,3
34373,-0.003,0.003,3.267,0.000,0.000,255.432,0.000,-0.000,0.000,-0.5035,-0.5614,0.3318,-0.5668,803.55,413.06,-5.04,81.40,78047.2,0,0.00,0.00,3
34383,-0.002,0.004,3.196,0.000,0.000,256.042,0.000,-0.000,0.000,-0.2022,-0.4379,0.4758,-0.7355,808.66,413.83,-4.72,80.59,77997.6,0,0.00,0.00,3
34393,-0.005,0.003,3.135,0.000,0.000,256.409,0.000,-0.000,0.000,0.1175,-0.2633,0.5452,-0.7872,813.72,414.47,-1.64,74.52,77976.3,0,0.00,0.00,3
34403,-0.003,0.003,3.072,0.122,-0.061,256.897,0.000,-0.000,0.000,0.4290,-0.0543,0.5354,-0.7255,818.82,415.19,2.85,65.12,77914.7,0,0.00,0.00,3
34413,-0.001,0.001,3.012,-0.061,-0.122,257.263,0.000,-0.000,0.000,0.6752,0.1495,0.4494,-0.5656,823.89,416.04,6.49,56.54,77882.2,0,0.00,0.00,3
34423,-0.002,0.003,2.951,0.061,0.000,257.812,0.000,-0.000,0.000,0.8351,0.3306,0.2952,-0.3257,828.99,417.09,7.79,52.62,77827.7,0,0.00,0.00,3
34433,0.000,0.004,2.883,0.000,-0.244,258.240,0.000,-0.000,0.000,0.8818,0.4585,0.0992,-0.0485,834.06,418.22,6.06,55.95,77800.6,0,0.00,0.00,3
34443,-0.003,0.003,2.783,0.000,-0.122,258.484,0.000,-0.000,0.000,0.8075,0.5228,-0.1246,0.2429,839.17,419.36,1.73,65.03,77744.5,0,0.00,0.00,3
34453,-0.002,0.002,2.679,0.000,0.000,259.094,0.000,-0.000,0.000,0.6178,0.5094,-0.3372,0.4951,844.26,420.34,-3.16,75.31,77707.5,0,0.00,0.00,3
34463,-0.002,0.003,2.570,0.000,-0.183,259.338,0.000,-0.000,0.000,0.3348,0.4207,-0.5090,0.6721,849.37,421.10,-6.62,82.66,77658.9,0,0.00,0.00,3
34473,-0.002,0.002,2.469,0.122,0.000,259.705,0.000,-0.000,0.000,0.0065,0.2743,-0.6099,0.7435,854.48,421.67,-7.28,83.94,77617.6,0,0.00,0.00,3
34483,-0.000,0.003,2.361,0.061,-0.061,260.071,0.000,-0.000,0.000,-0.3160,0.0974,-0.6277,0.7047,859.57,422.16,-5.37,78.87,77577.1,0,0.00,0.00,3
34493,0.001,0.003,2.262,-0.061,0.000,260.498,0.000,-0.000,0.000,-0.5915,-0.0831,-0.5649,0.5693,864.65,422.74,-2.11,69.64,77534.2,0,0.00,0.00,3
34503,0.000,0.003,2.151,0.061,-0.122,260.681,0.000,-0.000,0.000,-0.7904,-0.2446,-0.4319,0.3591,869.74,423.50,0.90,59.52,77489.3,0,0.00,0.00,3
34513,-0.001,0.002,2.075,0.122,0.000,260.925,0.000,-0.000,0.000,-0.8914,-0.3682,-0.2443,0.1007,874.83,424.45,2.61,52.45,77444.8,0,0.00,0.00,3
34523,-0.004,-0.000,2.005,0.000,-0.122,261.169,0.000,-0.000,0.000,-0.8823,-0.4376,-0.0259,-0.1712,879.92,425.50,2.29,52.00,77408.3,0,0.00,0.00,3
34533,0.003,0.001,1.927,0.122,-0.122,261.414,0.000,-0.000,0.000,-0.7615,-0.4443,0.2023,-0.4264,885.01,426.52,0.00,58.43,77362.1,0,0.00,0.00,3
34543,0.002,0.001,1.857,0.000,-0.061,261.597,0.000,-0.000,0.000,-0.5418,-0.3852,0.4086,-0.6254,890.11,427.40,-3.06,68.32,77320.2,0,0.00,0.00,3
34553,0.001,0.001,1.783,0.000,-0.061,261.841,0.000,-0.000,0.000,-0.2493,-0.2679,0.5662,-0.7386,895.22,428.08,-6.04,77.57,77271.2,0,0.00,0.00,3
34563,0.002,0.002,1.707,0.122,-0.122,261.902,0.000,-0.000,0.000,0.0680,-0.1135,0.6510,-0.7474,900.32,428.57,-7.71,82.73,77231.4,0,0.00,0.00,3
34573,0.002,0.001,1.635,0.000,-0.122,262.146,0.000,-0.000,0.000,0.3708,0.0551,0.6564,-0.6547,905.42,429.01,-7.71,82.41,77183.5,0,0.00,0.00,3
34583,0.001,-0.001,1.587,0.000,-0.122,262.329,0.000,-0.000,0.000,0.6189,0.2127,0.5860,-0.4777,910.52,429.52,-6.35,77.13,77141.4,0,0.00,0.00,3
34593,0.001,-0.000,1.539,0.061,-0.122,262.451,0.000,-0.000,0.000,0.7880,0.3404,0.4525,-0.2419,915.61,430.18,-4.41,68.97,77100.2,0,0.00,0.00,3
34603,0.000,0.001,1.491,0.000,-0.122,262.573,0.000,-0.000,0.000,0.8638,0.4251,0.2688,0.0300,920.72,431.01,-2.57,60.39,77051.5,0,0.00,0.00,3
34613,0.001,0.001,1.439,-0.061,-0.122,262.695,0.000,-0.000,0.000,0.8338,0.4537,0.0512,0.3103,925.84,431.97,-1.57,54.34,76998.4,0,0.00,0.00,3
34623,0.000,0.000,1.395,0.000,-0.183,262.817,0.000,-0.000,0.000,0.7032,0.4205,-0.1630,0.5497,930.94,432.88,-1.69,53.61,76973.8,0,0.00,0.00,3
34635,0.003,-0.001,1.345,0.000,-0.122,262.878,0.000,-0.000,0.000,0.4854,0.3276,-0.3573,0.7276,936.04,433.69,-2.79,58.00,76927.5,0,0.00,0.00,3
34643,0.002,-0.003,1.301,0.000,-0.061,263.000,0.000,-0.000,0.000,0.2048,0.1835,-0.5077,0.8165,941.16,434.35,-4.45,65.35,76876.3,0,0.00,0.00,3
34653,0.001,-0.000,1.252,0.122,0.061,263.000,0.000,-0.000,0.000,-0.0942,0.0106,-0.5915,0.8007,946.28,434.86,-6.12,72.54,76835.4,0,0.00,0.00,3
34663,0.000,-0.002,1.209,0.000,-0.122,263.062,0.000,-0.000,0.000,-0.3710,-0.1667,-0.6027,0.6865,951.38,435.32,-7.21,77.42,76795.2,0,0.00,0.00,3
34673,-0.000,-0.002,1.162,0.000,-0.122,263.062,0.000,-0.000,0.000,-0.5950,-0.3272,-0.5455,0.4913,956.48,435.80,-7.63,79.01,76753.0,0,0.00,0.00,3
34683,0.000,-0.003,1.121,0.000,-0.061,263.184,0.000,-0.000,0.000,-0.7433,-0.4529,-0.4303,0.2394,961.58,436.39,-7.41,77.32,76711.2,0,0.00,0.00,3
34693,0.004,-0.003,1.076,-0.061,-0.183,263.184,0.000,-0.000,0.000,-0.8025,-0.5314,-0.2667,-0.0501,966.69,437.11,-6.76,72.96,76657.3,0,0.00,0.00,3
34703,0.002,-0.002,1.029,-0.122,-0.061,263.428,0.000,-0.000,0.000,-0.7638,-0.5494,-0.0830,-0.3285,971.77,437.87,-5.96,67.50,76631.8,0,0.00,0.00,3
34713,-0.000,-0.001,0.985,0.000,0.000,263.245,0.000,-0.000,0.000,-0.6326,-0.5048,0.1068,-0.5775,976.87,438.64,-5.30,62.13,76585.6,0,0.00,0.00,3
34723,0.002,-0.003,0.951,0.061,0.061,263.245,0.000,-0.000,0.000,-0.4220,-0.3986,0.2793,-0.7649,981.96,439.33,-4.87,58.25,76540.0,0,0.00,0.00,3
34733,0.001,-0.003,0.919,0.000,0.122,263.184,0.000,-0.000,0.000,-0.1547,-0.2387,0.4132,-0.8651,987.08,439.93,-4.87,57.00,76489.3,0,0.00,0.00,3
34743,-0.001,-0.001,0.890,-0.061,-0.122,263.306,0.000,-0.000,0.000,0.1301,-0.0459,0.4887,-0.8615,992.20,440.44,-5.27,58.79,76445.1,0,0.00,0.00,3
34753,-0.000,-0.004,0.854,-0.122,0.000,263.184,0.000,-0.000,0.000,0.3901,0.1521,0.4985,-0.7591,997.29,440.91,-5.95,62.82,76409.4,0,0.00,0.00,3
34763,-0.002,-0.004,0.820,-0.061,-0.061,263.184,0.000,-0.000,0.000,0.5996,0.3364,0.4461,-0.5730,1002.39,441.41,-6.76,67.93,76366.4,0,0.00,0.00,3
34773,-0.000,-0.003,0.790,-0.061,0.061,263.184,0.000,-0.000,0.000,0.7364,0.4887,0.3388,-0.3226,1007.49,441.99,-7.55,72.98,76320.3,0,0.00,0.00,3
34783,-0.002,-0.003,0.757,0.000,-0.061,263.123,0.000,-0.000,0.000,0.7829,0.5913,0.1900,-0.0364,1012.59,442.65,-8.13,76.79,76277.6,0,0.00,0.00,3
34793,-0.001,-0.005,0.734,0.061,-0.061,263.000,0.000,-0.000,0.000,0.7308,0.6318,0.0154,0.2579,1017.70,443.34,-8.41,78.40,76229.9,0,0.00,0.00,3
34803,-0.005,-0.004,0.715,0.000,0.000,263.000,0.000,-0.000,0.000,0.5846,0.6026,-0.1593,0.5194,1022.80,443.98,-8.30,77.11,76191.2,0,0.00,0.00,3
34813,-0.004,-0.002,0.702,-0.061,-0.061,263.000,0.000,-0.000,0.000,0.3540,0.5021,-0.3153,0.7233,1027.93,444.55,-7.80,72.73,76136.5,0,0.00,0.00,3
34823,-0.001,-0.005,0.683,-0.061,-0.122,262.817,0.000,-0.000,0.000,0.0812,0.3480,-0.4231,0.8326,1033.03,445.00,-7.10,66.44,76104.3,0,0.00,0.00,3
34833,-0.004,-0.005,0.664,-0.061,-0.061,262.756,0.000,-0.000,0.000,-0.2046,0.1560,-0.4729,0.8427,1038.14,445.40,-6.49,59.73,76058.2,0,0.00,0.00,3
34843,-0.002,-0.003,0.646,-0.061,0.000,262.756,0.000,-0.000,0.000,-0.4686,-0.0522,-0.4580,0.7536,1043.26,445.82,-6.14,54.90,76009.6,0,0.00,0.00,3
34853,-0.005,-0.003,0.628,0.000,-0.061,262.695,0.000,-0.000,0.000,-0.6714,-0.2451,-0.3837,0.5847,1048.34,446.30,-6.16,54.17,75977.9,0,0.00,0.00,3
34863,-0.003,-0.003,0.611,0.000,0.000,262.573,0.000,-0.000,0.000,-0.7998,-0.4106,-0.2580,0.3536,1053.44,446.88,-6.63,58.02,75932.5,0,0.00,0.00,3
34873,-0.002,-0.006,0.596,0.000,0.061,262.512,0.000,-0.000,0.000,-0.8373,-0.5325,-0.0925,0.0824,1058.54,447.55,-7.42,65.43,75884.2,0,0.00,0.00,3
34883,-0.001,-0.002,0.582,0.000,-0.061,262.512,0.000,-0.000,0.000,-0.7769,-0.5937,0.0892,-0.1901,1063.64,448.21,-8.24,73.79,75849.1,0,0.00,0.00,3
34893,-0.004,-0.003,0.567,0.000,-0.061,262.512,0.000,-0.000,0.000,-0.6189,-0.5894,0.2719,-0.4423,1068.75,448.81,-8.98,80.95,75797.3,0,0.00,0.00,3
34903,-0.004,-0.001,0.553,0.000,-0.061,262.268,0.000,-0.000,0.000,-0.3803,-0.5177,0.4273,-0.6362,1073.86,449.28,-9.31,84.33,75752.0,0,0.00,0.00,3
34913,-0.004,-0.002,0.543,-0.061,-0.061,262.146,0.000,-0.000,0.000,-0.0929,-0.3893,0.5324,-0.7459,1078.98,449.62,-9.13,82.53,75708.8,0,0.00,0.00,3
34924,-0.005,-0.002,0.522,0.000,0.000,262.146,0.000,-0.000,0.000,0.2043,-0.2239,0.5736,-0.7610,1084.09,449.87,-8.55,76.02,75667.2,0,0.00,0.00,3
34934,-0.006,-0.003,0.509,0.061,-0.183,262.085,0.000,-0.000,0.000,0.4794,-0.0415,0.5473,-0.6848,1089.20,450.16,-7.77,66.58,75620.3,0,0.00,0.00,3
34954,-0.007,-0.001,0.495,-0.122,-0.061,261.841,0.000,-0.000,0.000,0.6969,0.1321,0.4600,-0.5341,1094.29,450.53,-7.12,57.19,75584.2,0,0.00,0.00,3
34957,-0.007,-0.001,0.483,0.061,0.000,261.841,0.000,-0.000,0.000,0.8435,0.2844,0.3195,-0.3249,1099.39,451.04,-6.76,50.65,75537.0,0,0.00,0.00,3
34963,-0.004,-0.002,0.470,0.122,-0.061,261.780,0.000,-0.000,0.000,0.9023,0.3954,0.1467,-0.0891,1104.46,451.65,-6.84,49.89,75506.7,0,0.00,0.00,3
34973,-0.004,0.000,0.454,0.061,-0.061,261.658,0.000,-0.000,0.000,0.8704,0.4616,-0.0537,0.1626,1109.56,452.32,-7.29,55.39,75453.0,0,0.00,0.00,3
34983,-0.007,0.000,0.442,0.061,-0.061,261.536,0.000,-0.000,0.000,0.7453,0.4716,-0.2564,0.3955,1114.67,452.95,-8.02,64.93,75409.6,0,0.00,0.00,3
34993,-0.004,0.002,0.423,0.000,0.000,261.353,0.000,-0.000,0.000,0.5386,0.4243,-0.4384,0.5811,1119.77,453.45,-8.79,75.20,75365.6,0,0.00,0.00,3
35003,-0.004,0.001,0.417,-0.061,-0.061,261.230,0.000,-0.000,0.000,0.2812,0.3294,-0.5753,0.6939,1124.86,453.78,-9.35,83.05,75330.4,0,0.00,0.00,3
35013,-0.005,0.002,0.403,0.000,-0.061,261.047,0.000,-0.000,0.000,-0.0051,0.1986,-0.6577,0.7266,1129.96,453.99,-9.62,86.79,75281.9,0,0.00,0.00,3
35023,-0.004,0.001,0.392,0.061,0.000,260.986,0.000,-0.000,0.000,-0.2814,0.0522,-0.6769,0.6782,1135.05,454.16,-9.50,85.51,75242.4,0,0.00,0.00,3
35033,-0.003,0.000,0.383,0.000,0.061,260.864,0.000,-0.000,0.000,-0.5256,-0.0943,-0.6352,0.5580,1140.14,454.37,-9.13,79.90,75197.1,0,0.00,0.00,3
35043,-0.003,0.001,0.375,0.000,-0.061,260.742,0.000,-0.000,0.000,-0.7185,-0.2269,-0.5375,0.3786,1145.23,454.70,-8.60,71.39,75149.0,0,0.00,0.00,3
35053,-0.003,0.002,0.362,0.000,0.000,260.742,0.000,-0.000,0.000,-0.8424,-0.3318,-0.3939,0.1585,1150.33,455.17,-8.10,62.00,75104.5,0,0.00,0.00,3
35063,-0.005,0.002,0.351,0.000,0.000,260.437,0.000,-0.000,0.000,-0.8874,-0.3988,-0.2155,-0.0835,1155.43,455.76,-7.75,53.92,75059.0,0,0.00,0.00,3
35073,-0.003,0.001,0.342,0.000,-0.061,260.376,0.000,-0.000,0.000,-0.8490,-0.4198,-0.0215,-0.3202,1160.52,456.38,-7.64,49.71,75020.8,0,0.00,0.00,3
35083,-0.003,0.002,0.326,0.000,-0.061,260.132,0.000,-0.000,0.000,-0.7288,-0.3912,0.1762,-0.5336,1165.63,456.98,-7.80,50.82,74973.1,0,0.00,0.00,3
35093,-0.001,0.002,0.323,0.000,-0.183,260.132,0.000,-0.000,0.000,-0.5425,-0.3163,0.3520,-0.6941,1170.73,457.47,-8.07,56.48,74936.8,0,0.00,0.00,3
35103,-0.004,0.004,0.312,0.000,0.000,259.888,0.000,-0.000,0.000,-0.3139,-0.2052,0.4900,-0.7870,1175.81,457.81,-8.52,64.17,74901.1,0,0.00,0.00,3
35113,-0.000,0.002,0.303,0.000,-0.061,259.827,0.000,-0.000,0.000,-0.0651,-0.0696,0.5824,-0.8073,1180.89,458.03,-8.90,71.82,74860.0,0,0.00,0.00,3
35123,0.000,0.003,0.292,0.000,-0.122,259.705,0.000,-0.000,0.000,0.1878,0.0812,0.6256,-0.7528,1185.98,458.21,-9.25,78.22,74806.9,0,0.00,0.00,3
35133,-0.003,0.004,0.282,0.061,-0.061,255.554,0.000,-0.000,0.000,0.4211,0.2327,0.6148,-0.6249,1191.09,458.42,-9.43,82.20,74752.3,0,0.00,0.00,3
35143,-0.003,0.001,0.267,0.061,-0.122,259.338,0.000,-0.000,0.000,0.6043,0.3646,0.5533,-0.4424,1196.19,458.69,-9.46,83.00,74715.2,0,0.00,0.00,3
35153,-0.001,0.005,0.249,0.000,-0.122,259.216,0.000,-0.000,0.000,0.7239,0.4653,0.4543,-0.2304,1201.26,459.04,-9.39,81.12,74686.9,0,0.00,0.00,3
35163,0.001,0.001,0.238,0.122,-0.183,258.911,0.000,-0.000,0.000,0.7820,0.5333,0.3226,0.0078,1206.34,459.49,-9.28,77.11,74637.9,0,0.00,0.00,3
35173,-0.004,0.002,0.224,0.061,0.000,258.850,0.000,-0.000,0.000,0.7705,0.5601,0.1684,0.2535,1211.42,460.01,-9.09,71.59,74591.0,0,0.00,0.00,3
35183,0.000,0.002,0.209,0.122,0.000,258.728,0.000,-0.000,0.000,0.6857,0.5390,0.0020,0.4892,1216.53,460.55,-8.93,65.23,74539.8,0,0.00,0.00,3
35193,0.001,0.002,0.191,0.061,-0.061,258.606,0.000,-0.000,0.000,0.5457,0.4764,-0.1466,0.6737,1221.59,461.00,-8.85,59.79,74520.2,0,0.00,0.00,3
35203,0.001,0.001,0.179,0.000,-0.061,258.362,0.000,-0.000,0.000,0.3516,0.3690,-0.2808,0.8132,1226.68,461.38,-8.80,55.25,74464.5,0,0.00,0.00,3
35213,-0.000,-0.000,0.167,0.000,0.000,258.179,0.000,-0.000,0.000,0.1373,0.2360,-0.3780,0.8846,1231.74,461.65,-8.82,52.93,74436.0,0,0.00,0.00,3
35223,-0.001,0.000,0.159,0.061,-0.122,257.996,0.000,-0.000,0.000,-0.0951,0.0753,-0.4399,0.8898,1236.83,461.89,-8.87,53.01,74379.4,0,0.00,0.00,3
35233,0.000,0.004,0.147,-0.061,0.000,257.874,0.000,-0.000,0.000,-0.3146,-0.0928,-0.4575,0.8265,1241.91,462.10,-9.02,55.65,74337.9,0,0.00,0.00,3
35243,-0.000,0.000,0.144,0.000,0.061,257.690,0.000,-0.000,0.000,-0.5082,-0.2601,-0.4311,0.6987,1247.00,462.36,-9.11,60.47,74288.0,0,0.00,0.00,3
35255,0.000,-0.000,0.132,-0.061,-0.183,257.507,0.000,-0.000,0.000,-0.6485,-0.4009,-0.3680,0.5322,1252.05,462.65,-9.28,65.94,74265.6,0,0.00,0.00,3
35263,0.001,0.002,0.125,0.061,-0.122,257.324,0.000,-0.000,0.000,-0.7402,-0.5214,-0.2714,0.3266,1257.11,463.02,-9.42,72.00,74216.3,0,0.00,0.00,3
35273,0.001,0.000,0.114,0.061,-0.122,257.202,0.000,-0.000,0.000,-0.7721,-0.6102,-0.1484,0.0977,1262.18,463.44,-9.57,77.80,74172.0,0,0.00,0.00,3
35283,0.000,0.001,0.103,-0.061,-0.183,257.019,0.000,-0.000,0.000,-0.7387,-0.6596,-0.0085,-0.1385,1267.25,463.89,-9.67,82.54,74127.7,0,0.00,0.00,3
35293,0.002,0.000,0.094,0.000,0.061,256.775,0.000,-0.000,0.000,-0.6322,-0.6630,0.1428,-0.3747,1272.36,464.33,-9.72,85.40,74067.8,0,0.00,0.00,3
35303,0.001,-0.002,0.082,-0.061,-0.061,256.531,0.000,-0.000,0.000,-0.4671,-0.6164,0.2794,-0.5690,1277.45,464.68,-9.74,85.19,74034.1,0,0.00,0.00,3
35313,0.002,-0.000,0.069,-0.061,-0.061,256.348,0.000,-0.000,0.000,-0.2592,-0.5265,0.3899,-0.7096,1282.53,464.91,-9.69,81.86,73995.2,0,0.00,0.00,3
35323,0.003,-0.001,0.061,0.061,-0.122,256.104,0.000,-0.000,0.000,-0.0333,-0.4058,0.4638,-0.7868,1287.59,465.05,-9.63,76.09,73961.1,0,0.00,0.00,3
35333,0.002,0.000,0.050,0.061,-0.061,256.042,0.000,-0.000,0.000,0.1905,-0.2675,0.4983,-0.8024,1292.63,465.13,-9.62,68.88,73926.1,0,0.00,0.00,3
35343,0.002,0.000,0.036,0.000,-0.061,255.798,0.000,-0.000,0.000,0.4205,-0.1039,0.4896,-0.7568,1297.73,465.26,-9.64,60.07,73857.3,0,0.00,0.00,3
35353,0.000,-0.002,0.032,0.000,-0.061,255.615,0.000,-0.000,0.000,0.6101,0.0513,0.4400,-0.6570,1302.79,465.44,-9.61,52.58,73827.5,0,0.00,0.00,3
35363,0.002,-0.000,0.021,0.000,-0.183,255.310,0.000,-0.000,0.000,0.7542,0.1905,0.3568,-0.5173,1307.83,465.69,-9.68,47.72,73793.9,0,0.00,0.00,3
35373,0.000,-0.002,0.015,0.000,0.000,255.127,0.000,-0.000,0.000,0.8537,0.3167,0.2376,-0.3382,1312.89,466.05,-9.72,46.65,73739.5,0,0.00,0.00,3
35383,0.001,-0.005,0.006,0.061,0.000,255.005,0.000,-0.000,0.000,0.8946,0.4144,0.0940,-0.1381,1317.96,466.49,-9.81,50.29,73698.9,0,0.00,0.00,3
35393,0.001,-0.001,-0.001,0.061,-0.061,254.700,0.000,-0.000,0.000,0.8773,0.4734,-0.0543,0.0567,1322.98,466.91,-9.82,56.91,73675.4,0,0.00,0.00,3
35403,0.001,-0.004,-0.006,0.000,-0.061,254.517,0.000,-0.000,0.000,0.7970,0.5004,-0.2194,0.2574,1328.05,467.35,-9.85,66.24,73614.4,0,0.00,0.00,3
35413,-0.001,-0.003,-0.011,0.061,0.000,254.395,0.000,-0.000,0.000,0.6644,0.4871,-0.3714,0.4283,1333.10,467.70,-9.85,75.54,73582.4,0,0.00,0.00,3
35423,-0.003,-0.004,-0.031,0.000,-0.183,254.150,0.000,-0.000,0.000,0.4767,0.4356,-0.5104,0.5679,1338.18,467.95,-9.86,84.30,73527.7,0,0.00,0.00,3
35433,0.001,-0.002,-0.041,0.061,-0.061,253.967,0.000,-0.000,0.000,0.2628,0.3534,-0.6146,0.6545,1343.23,468.07,-9.79,90.29,73493.3,0,0.00,0.00,3
35443,0.000,-0.004,-0.049,-0.061,-0.061,253.662,0.000,-0.000,0.000,0.0288,0.2466,-0.6821,0.6878,1348.30,468.12,-9.75,92.99,73444.3,0,0.00,0.00,3
35453,0.000,-0.004,-0.062,0.061,-0.183,253.540,0.000,-0.000,0.000,-0.1966,0.1295,-0.7069,0.6669,1353.35,468.12,-9.75,91.90,73407.7,0,0.00,0.00,3
35463,0.001,-0.003,-0.073,-0.061,-0.061,253.235,0.000,-0.000,0.000,-0.4042,0.0101,-0.6920,0.5981,1358.39,468.14,-9.81,87.58,73365.3,0,0.00,0.00,3
35473,-0.001,-0.003,-0.081,0.000,0.061,252.991,0.000,-0.000,0.000,-0.5804,-0.1019,-0.6419,0.4906,1363.42,468.23,-9.90,81.07,73327.0,0,0.00,0.00,3
35483,-0.003,-0.003,-0.094,0.061,-0.061,252.747,0.000,-0.000,0.000,-0.7221,-0.2017,-0.5608,0.3514,1368.45,468.41,-10.04,73.16,73284.3,0,0.00,0.00,3
35493,-0.003,-0.003,-0.101,0.061,0.000,252.563,0.000,-0.000,0.000,-0.8254,-0.2851,-0.4509,0.1847,1373.49,468.69,-10.22,64.48,73236.5,0,0.00,0.00,3
35503,-0.002,-0.005,-0.114,0.000,-0.061,252.319,0.000,-0.000,0.000,-0.8801,-0.3440,-0.3269,0.0106,1378.51,469.02,-10.44,56.67,73206.7,0,0.00,0.00,3
35513,-0.002,-0.002,-0.123,0.122,0.000,252.014,0.000,-0.000,0.000,-0.8901,-0.3785,-0.1829,-0.1762,1383.55,469.43,-10.60,49.72,73155.2,0,0.00,0.00,3
35523,-0.001,-0.002,-0.131,0.061,-0.061,251.831,0.000,-0.000,0.000,-0.8534,-0.3847,-0.0413,-0.3492,1388.56,469.81,-10.72,45.52,73127.8,0,0.00,0.00,3
35533,-0.002,-0.004,-0.141,0.061,-0.061,251.648,0.000,-0.000,0.000,-0.7714,-0.3618,0.1050,-0.5129,1393.59,470.18,-10.83,44.26,73078.7,0,0.00,0.00,3
35543,-0.003,-0.003,-0.156,0.061,0.000,251.404,0.000,-0.000,0.000,-0.6542,-0.3134,0.2361,-0.6466,1398.60,470.46,-10.89,46.20,73047.0,0,0.00,0.00,3
35553,-0.002,-0.003,-0.163,0.000,-0.061,251.221,0.000,-0.000,0.000,-0.5035,-0.2393,0.3550,-0.7505,1403.62,470.66,-10.82,50.70,73000.2,0,0.00,0.00,3
35566,-0.002,-0.002,-0.165,0.000,0.000,250.977,0.000,-0.000,0.000,-0.3287,-0.1438,0.4537,-0.8157,1408.64,470.79,-10.69,56.84,72954.9,0,0.00,0.00,3
35573,-0.002,-0.004,-0.173,0.000,-0.122,250.671,0.000,-0.000,0.000,-0.1422,-0.0339,0.5260,-0.8379,1413.67,470.84,-10.53,63.61,72911.7,0,0.00,0.00,3
35583,-0.004,-0.003,-0.174,-0.061,-0.122,250.366,0.000,-0.000,0.000,0.0407,0.0812,0.5681,-0.8179,1418.68,470.86,-10.35,70.05,72873.6,0,0.00,0.00,3
35593,-0.004,-0.003,-0.179,0.122,-0.061,250.183,0.000,-0.000,0.000,0.2198,0.2014,0.5832,-0.7557,1423.71,470.88,-10.18,76.19,72822.6,0,0.00,0.00,3
35603,-0.003,-0.003,-0.187,0.061,-0.061,249.939,0.000,-0.000,0.000,0.3822,0.3184,0.5695,-0.6544,1428.74,470.94,-10.04,81.45,72776.2,0,0.00,0.00,3
35613,-0.005,-0.001,-0.190,0.000,-0.061,249.695,0.000,-0.000,0.000,0.5042,0.4145,0.5316,-0.5399,1433.71,471.01,-9.92,84.77,72761.4,0,0.00,0.00,3
35623,-0.004,-0.001,-0.193,0.000,-0.061,249.390,0.000,-0.000,0.000,0.6070,0.5051,0.4716,-0.3924,1438.72,471.17,-9.86,87.43,72703.2,0,0.00,0.00,3
35633,-0.005,0.000,-0.200,0.061,-0.061,249.207,0.000,-0.000,0.000,0.6744,0.5771,0.3956,-0.2360,1443.70,471.37,-9.81,88.80,72672.3,0,0.00,0.00,3
35643,-0.005,-0.001,-0.207,0.061,0.000,248.962,0.000,-0.000,0.000,0.7104,0.6343,0.3001,-0.0545,1448.72,471.65,-9.82,89.13,72614.4,0,0.00,0.00,3
35653,-0.004,-0.000,-0.213,0.061,-0.122,248.657,0.000,-0.000,0.000,0.7071,0.6680,0.1967,0.1224,1453.71,471.94,-9.87,88.28,72583.2,0,0.00,0.00,3
35663,-0.005,-0.000,-0.219,0.000,0.000,248.413,0.000,-0.000,0.000,0.6654,0.6781,0.0856,0.3001,1458.72,472.24,-9.97,86.23,72537.1,0,0.00,0.00,3
35673,-0.003,-0.002,-0.226,0.000,-0.061,248.108,0.000,-0.000,0.000,0.5907,0.6645,-0.0215,0.4572,1463.70,472.49,-10.10,83.34,72506.2,0,0.00,0.00,3
35683,-0.002,-0.003,-0.237,0.061,-0.061,247.986,0.000,-0.000,0.000,0.4737,0.6207,-0.1314,0.6108,1468.73,472.74,-10.29,78.76,72443.5,0,0.00,0.00,3
35693,-0.004,0.003,-0.242,0.122,0.061,247.620,0.000,-0.000,0.000,0.3327,0.5541,-0.2256,0.7290,1473.74,472.90,-10.52,73.49,72410.2,0,0.00,0.00,3
35703,-0.004,0.003,-0.244,0.122,-0.061,247.375,0.000,-0.000,0.000,0.1913,0.4802,-0.2965,0.8030,1478.70,472.97,-10.72,68.72,72393.9,0,0.00,0.00,3
35713,-0.005,0.000,-0.249,0.000,-0.122,247.070,0.000,-0.000,0.000,0.0219,0.3776,-0.3548,0.8550,1483.70,473.02,-10.97,62.41,72326.2,0,0.00,0.00,3
35723,-0.005,0.000,-0.251,0.061,-0.183,246.887,0.000,-0.000,0.000,-0.1449,0.2670,-0.3896,0.8694,1488.70,473.04,-11.19,56.37,72289.9,0,0.00,0.00,3
35733,-0.004,0.001,-0.254,-0.061,0.000,246.521,0.000,-0.000,0.000,-0.3072,0.1490,-0.4014,0.8499,1493.69,473.07,-11.39,50.70,72245.8,0,0.00,0.00,3
35743,-0.005,-0.000,-0.256,0.122,-0.061,246.277,0.000,-0.000,0.000,-0.4472,0.0406,-0.3927,0.8026,1498.65,473.10,-11.52,46.50,72220.0,0,0.00,0.00,3
35753,-0.004,0.001,-0.260,0.061,-0.061,246.094,0.000,-0.000,0.000,-0.5750,-0.0686,-0.3637,0.7297,1503.62,473.17,-11.64,43.44,72173.6,0,0.00,0.00,3
35763,-0.006,0.002,-0.265,-0.061,-0.061,245.789,0.000,-0.000,0.000,-0.6863,-0.1759,-0.3136,0.6322,1508.60,473.30,-11.70,42.15,72126.2,0,0.00,0.00,3
35773,-0.002,0.002,-0.261,-0.061,-0.122,245.483,0.000,-0.000,0.000,-0.7735,-0.2724,-0.2461,0.5168,1513.58,473.49,-11.65,43.07,72087.8,0,0.00,0.00,3
35783,-0.001,0.001,-0.265,0.061,-0.061,245.239,0.000,-0.000,0.000,-0.8345,-0.3547,-0.1638,0.3884,1518.54,473.73,-11.60,45.99,72050.7,0,0.00,0.00,3
35793,-0.003,0.001,-0.262,-0.061,0.000,244.934,0.000,-0.000,0.000,-0.8686,-0.4226,-0.0676,0.2495,1523.51,474.01,-11.42,50.68,72009.9,0,0.00,0.00,3
35803,-0.003,0.003,-0.264,0.000,0.122,244.690,0.000,-0.000,0.000,-0.8744,-0.4716,0.0367,0.1082,1528.47,474.29,-11.21,56.46,71974.2,0,0.00,0.00,3
35813,-0.002,0.001,-0.264,0.061,-0.183,244.507,0.000,-0.000,0.000,-0.8507,-0.5027,0.1495,-0.0352,1533.43,474.58,-10.97,63.27,71931.7,0,0.00,0.00,3
35823,-0.002,0.002,-0.263,0.061,-0.122,244.080,0.000,-0.000,0.000,-0.8023,-0.5118,0.2584,-0.1665,1538.37,474.82,-10.69,69.96,71901.1,0,0.00,0.00,3
35833,-0.003,0.003,-0.262,-0.061,-0.122,243.835,0.000,-0.000,0.000,-0.7190,-0.5031,0.3758,-0.2978,1543.34,475.04,-10.36,77.80,71845.3,0,0.00,0.00,3
35843,-0.001,0.002,-0.265,0.000,-0.122,243.530,0.000,-0.000,0.000,-0.6177,-0.4736,0.4789,-0.4059,1548.29,475.17,-10.06,84.68,71815.2,0,0.00,0.00,3
35853,-0.004,0.002,-0.268,0.000,-0.183,243.408,0.000,-0.000,0.000,-0.4849,-0.4248,0.5783,-0.5000,1553.27,475.25,-9.77,91.71,71760.6,0,0.00,0.00,3
35863,-0.004,0.002,-0.273,0.000,0.000,243.103,0.000,-0.000,0.000,-0.3476,-0.3620,0.6553,-0.5645,1558.22,475.24,-9.52,96.95,71731.0,0,0.00,0.00,3
35875,-0.003,0.002,-0.275,-0.061,-0.061,242.737,0.000,-0.000,0.000,-0.2039,-0.2887,0.7142,-0.6042,1563.17,475.17,-9.34,100.77,71691.4,0,0.00,0.00,3
35883,-0.002,0.001,-0.278,0.000,-0.061,242.554,0.000,-0.000,0.000,-0.0594,-0.2086,0.7543,-0.6196,1568.10,475.06,-9.21,103.01,71651.4,0,0.00,0.00,3
35893,0.000,0.001,-0.281,0.000,-0.061,242.310,0.000,-0.000,0.000,0.0873,-0.1236,0.7765,-0.6117,1573.05,474.94,-9.17,103.68,71605.1,0,0.00,0.00,3
35903,0.000,0.000,-0.283,0.122,-0.061,241.943,0.000,-0.000,0.000,0.2245,-0.0390,0.7803,-0.5824,1577.99,474.83,-9.20,102.75,71566.4,0,0.00,0.00,3
35913,0.001,0.001,-0.289,0.000,-0.061,241.760,0.000,-0.000,0.000,0.3388,0.0393,0.7698,-0.5395,1582.89,474.73,-9.29,100.85,71540.3,0,0.00,0.00,3
35924,0.001,0.001,-0.291,0.000,-0.122,241.455,0.000,-0.000,0.000,0.4505,0.1163,0.7447,-0.4785,1587.81,474.67,-9.44,97.82,71489.6,0,0.00,0.00,3
35934,0.001,0.004,-0.295,-0.061,-0.061,241.211,0.000,-0.000,0.000,0.5601,0.1904,0.7024,-0.3958,1592.75,474.69,-9.66,93.40,71433.1,0,0.00,0.00,3
35944,0.001,0.001,-0.295,-0.061,-0.183,240.967,0.000,-0.000,0.000,0.6399,0.2539,0.6553,-0.3109,1597.66,474.72,-9.85,89.30,71414.1,0,0.00,0.00,3
35954,0.001,0.000,-0.301,0.000,-0.061,240.601,0.000,-0.000,0.000,0.7062,0.3103,0.5989,-0.2153,1602.56,474.81,-10.08,84.83,71372.0,0,0.00,0.00,3
35963,0.000,0.001,-0.301,0.061,0.000,240.479,0.000,-0.000,0.000,0.7505,0.3583,0.5419,-0.1213,1607.43,474.91,-10.27,81.03,71346.9,0,0.00,0.00,3
35973,0.001,0.001,-0.311,-0.061,-0.244,240.112,0.000,-0.000,0.000,0.7823,0.3988,0.4782,-0.0196,1612.31,475.05,-10.50,77.02,71303.8,0,0.00,0.00,3
35983,0.000,0.002,-0.308,0.000,-0.183,239.807,0.000,-0.000,0.000,0.8015,0.4302,0.4043,0.0949,1617.21,475.24,-10.71,72.36,71253.3,0,0.00,0.00,3
35993,0.001,0.000,-0.312,-0.122,-0.183,239.563,0.000,-0.000,0.000,0.8016,0.4530,0.3326,0.2042,1622.09,475.43,-10.93,68.38,71223.4,0,0.00,0.00,3
36003,0.002,0.000,-0.315,-0.061,0.000,239.258,0.000,-0.000,0.000,0.7851,0.4616,0.2478,0.3303,1627.01,475.68,-11.20,63.19,71164.2,0,0.00,0.00,3
36014,0.001,0.000,-0.316,-0.061,0.000,238.953,0.000,-0.000,0.000,0.7491,0.4613,0.1697,0.4441,1631.90,475.89,-11.41,58.88,71135.7,0,0.00,0.00,3
36023,0.000,-0.001,-0.323,0.061,-0.061,238.708,0.000,-0.000,0.000,0.6944,0.4486,0.0916,0.5552,1636.80,476.10,-11.65,54.50,71092.6,0,0.00,0.00,3
36033,0.003,-0.001,-0.325,0.000,-0.122,238.464,0.000,-0.000,0.000,0.6225,0.4251,0.0178,0.6569,1641.70,476.27,-11.83,50.36,71053.6,0,0.00,0.00,3
36043,0.002,-0.001,-0.332,0.000,-0.061,238.098,0.000,-0.000,0.000,0.5336,0.3891,-0.0518,0.7492,1646.61,476.42,-12.04,46.22,71010.6,0,0.00,0.00,3
36053,-0.001,-0.002,-0.329,0.061,-0.061,237.976,0.000,-0.000,0.000,0.4332,0.3455,-0.1119,0.8249,1651.51,476.52,-12.19,42.59,70973.9,0,0.00,0.00,3
36063,0.000,0.000,-0.333,0.000,-0.122,237.610,0.000,-0.000,0.000,0.3296,0.3009,-0.1594,0.8806,1656.38,476.56,-12.32,39.82,70943.2,0,0.00,0.00,3
36073,0.002,-0.001,-0.334,0.000,0.000,237.305,0.000,-0.000,0.000,0.2133,0.2440,-0.2009,0.9244,1661.28,476.58,-12.41,36.85,70895.2,0,0.00,0.00,3
36083,0.002,-0.002,-0.333,0.000,0.000,237.061,0.000,-0.000,0.000,0.0983,0.1880,-0.2303,0.9497,1666.15,476.57,-12.48,34.59,70861.9,0,0.00,0.00,3
36093,0.002,-0.003,-0.337,-0.122,0.000,236.877,0.000,-0.000,0.000,-0.0130,0.1346,-0.2490,0.9590,1671.01,476.54,-12.56,32.89,70828.2,0,0.00,0.00,3
36103,0.004,-0.000,-0.342,-0.061,0.000,236.450,0.000,-0.000,0.000,-0.1411,0.0600,-0.2597,0.9534,1675.91,476.53,-12.68,30.92,70767.5,0,0.00,0.00,3
36113,0.000,-0.002,-0.340,-0.061,-0.122,236.206,0.000,-0.000,0.000,-0.2603,-0.0086,-0.2577,0.9305,1680.79,476.51,-12.69,29.88,70734.4,0,0.00,0.00,3
36123,-0.001,-0.001,-0.348,-0.061,0.000,235.962,0.000,-0.000,0.000,-0.3675,-0.0681,-0.2455,0.8945,1685.65,476.50,-12.76,29.52,70703.2,0,0.00,0.00,3
36133,0.000,-0.003,-0.351,0.000,-0.122,235.718,0.000,-0.000,0.000,-0.4703,-0.1279,-0.2228,0.8443,1690.52,476.50,-12.79,29.78,70661.0,0,0.00,0.00,3
36143,-0.001,-0.003,-0.355,0.000,0.000,235.352,0.000,-0.000,0.000,-0.5623,-0.1806,-0.1918,0.7838,1695.37,476.53,-12.79,30.55,70625.4,0,0.00,0.00,3
36153,0.001,-0.004,-0.362,-0.061,-0.122,235.046,0.000,-0.000,0.000,-0.6475,-0.2320,-0.1500,0.7102,1700.23,476.59,-12.82,32.08,70582.6,0,0.00,0.00,3
36163,0.001,-0.003,-0.365,0.000,-0.122,234.680,0.000,-0.000,0.000,-0.7118,-0.2603,-0.1130,0.6426,1705.04,476.62,-12.82,32.97,70563.0,0,0.00,0.00,3
36173,-0.000,-0.003,-0.370,0.000,-0.122,234.497,0.000,-0.000,0.000,-0.7741,-0.2957,-0.0602,0.5565,1709.88,476.72,-12.78,35.13,70509.9,0,0.00,0.00,3
36185,-0.001,-0.000,-0.374,0.000,-0.061,234.131,0.000,-0.000,0.000,-0.8241,-0.3227,-0.0030,0.4655,1714.72,476.83,-12.71,37.65,70472.5,0,0.00,0.00,3
36193,0.001,-0.003,-0.376,0.061,-0.061,233.826,0.000,-0.000,0.000,-0.8608,-0.3364,0.0497,0.3787,1719.53,476.92,-12.66,39.76,70441.6,0,0.00,0.00,3
36203,0.001,-0.004,-0.376,-0.122,-0.061,233.643,0.000,-0.000,0.000,-0.8874,-0.3442,0.1057,0.2880,1724.35,477.02,-12.56,42.20,70401.6,0,0.00,0.00,3
36213,0.000,-0.005,-0.375,0.000,-0.061,233.215,0.000,-0.000,0.000,-0.9039,-0.3433,0.1580,0.2002,1729.16,477.11,-12.47,44.41,70366.1,0,0.00,0.00,3
36223,-0.003,-0.004,-0.375,0.122,0.000,233.032,0.000,-0.000,0.000,-0.9090,-0.3387,0.2197,0.1037,1733.98,477.21,-12.32,47.62,70320.3,0,0.00,0.00,3
36233,-0.002,-0.001,-0.374,0.000,0.000,232.849,0.000,-0.000,0.000,-0.8953,-0.3286,0.3006,-0.0086,1738.83,477.37,-12.04,52.89,70268.2,0,0.00,0.00,3
36243,-0.003,-0.002,-0.374,0.000,-0.061,232.422,0.000,-0.000,0.000,-0.8771,-0.3069,0.3561,-0.0987,1743.65,477.43,-11.89,56.08,70243.5,0,0.00,0.00,3
36253,-0.003,-0.002,-0.373,-0.061,0.061,232.056,0.000,-0.000,0.000,-0.8483,-0.2785,0.4099,-0.1864,1748.47,477.46,-11.70,59.41,70203.2,0,0.00,0.00,3
36263,-0.004,-0.003,-0.374,0.000,-0.061,231.873,0.000,-0.000,0.000,-0.8150,-0.2451,0.4533,-0.2650,1753.27,477.44,-11.56,62.04,70167.7,0,0.00,0.00,3
36273,-0.001,-0.004,-0.371,0.061,-0.183,231.567,0.000,-0.000,0.000,-0.7833,-0.2100,0.4817,-0.3321,1758.06,477.38,-11.45,63.40,70134.9,0,0.00,0.00,3
36283,0.000,-0.003,-0.374,0.000,0.000,231.323,0.000,-0.000,0.000,-0.7256,-0.1646,0.5285,-0.4088,1762.88,477.33,-11.22,67.22,70080.8,0,0.00,0.00,3
36293,-0.003,-0.002,-0.369,0.000,-0.183,231.079,0.000,-0.000,0.000,-0.6863,-0.1251,0.5448,-0.4654,1767.66,477.21,-11.18,67.96,70057.6,0,0.00,0.00,3
36303,-0.003,-0.001,-0.374,0.000,-0.183,230.774,0.000,-0.000,0.000,-0.6346,-0.0807,0.5644,-0.5217,1772.45,477.08,-11.11,69.52,70012.8,0,0.00,0.00,3
36313,-0.009,-0.001,-0.369,0.000,-0.061,230.408,0.000,-0.000,0.000,-0.5837,-0.0371,0.5755,-0.5716,1777.23,476.93,-11.07,70.43,69976.0,0,0.00,0.00,3
36323,-0.010,0.005,-0.372,-0.061,0.061,230.225,0.000,-0.000,0.000,-0.5356,0.0037,0.5778,-0.6158,1782.00,476.75,-11.11,70.59,69940.0,0,0.00,0.00,3
36333,-0.014,0.005,-0.371,0.122,-0.061,229.919,0.000,-0.000,0.000,-0.4973,0.0368,0.5677,-0.6550,1786.75,476.57,-11.20,69.35,69908.2,0,0.00,0.00,3
36343,-0.015,0.009,-0.371,0.183,0.000,229.675,0.000,-0.000,0.000,-0.4597,0.0661,0.5529,-0.6919,1791.49,476.38,-11.33,67.67,69871.0,0,0.00,0.00,3
36353,-0.014,0.010,-0.372,0.305,0.183,229.309,0.000,-0.000,0.000,-0.4432,0.0768,0.5197,-0.7264,1796.18,476.19,-11.57,63.38,69847.8,0,0.00,0.00,3
36363,-0.012,0.009,-0.376,0.427,0.061,229.004,0.000,-0.000,0.000,-0.4141,0.0899,0.4921,-0.7604,1800.89,476.01,-11.76,60.04,69803.4,0,0.00,0.00,3
36373,-0.007,0.010,-0.375,0.549,0.000,228.760,0.000,-0.000,0.000,-0.3884,0.0941,0.4593,-0.7933,1805.59,475.84,-11.96,55.91,69770.1,0,0.00,0.00,3
36383,-0.006,0.007,-0.376,0.427,0.061,228.455,0.000,-0.000,0.000,-0.3656,0.0885,0.4217,-0.8250,1810.27,475.68,-12.19,51.05,69737.6,0,0.00,0.00,3
36393,-0.005,0.004,-0.374,0.610,-0.122,228.088,0.000,-0.000,0.000,-0.3447,0.0725,0.3804,-0.8551,1814.93,475.54,-12.41,45.56,69705.8,0,0.00,0.00,3
36403,-0.003,-0.002,-0.378,0.610,-0.061,227.783,0.000,-0.000,0.000,-0.3184,0.0528,0.3414,-0.8828,1819.59,475.42,-12.62,40.42,69668.0,0,0.00,0.00,3
36413,-0.007,-0.006,-0.378,0.488,-0.122,227.478,0.000,-0.000,0.000,-0.3002,0.0139,0.2940,-0.9073,1824.22,475.32,-12.85,34.23,69645.8,0,0.00,0.00,3
36423,-0.004,-0.008,-0.383,0.366,-0.122,227.356,0.000,-0.000,0.000,-0.2732,-0.0254,0.2529,-0.9278,1828.85,475.24,-13.05,29.45,69606.1,0,0.00,0.00,3
36433,-0.010,-0.007,-0.383,0.366,-0.183,226.929,0.000,-0.000,0.000,-0.2495,-0.0804,0.2077,-0.9424,1833.45,475.18,-13.19,25.74,69583.2,0,0.00,0.00,3
36443,-0.010,-0.007,-0.382,0.305,-0.244,226.624,0.000,-0.000,0.000,-0.2090,-0.1212,0.1791,-0.9537,1838.09,475.12,-13.21,24.98,69529.6,0,0.00,0.00,3
36453,-0.012,-0.008,-0.382,0.183,-0.244,226.318,0.000,-0.000,0.000,-0.1663,-0.1673,0.1527,-0.9597,1842.71,475.07,-13.20,26.19,69498.2,0,0.00,0.00,3
36463,-0.011,-0.005,-0.385,0.244,-0.244,226.013,0.000,-0.000,0.000,-0.1242,-0.2247,0.1252,-0.9583,1847.31,475.04,-13.12,29.81,69475.8,0,0.00,0.00,3
36473,-0.007,-0.002,-0.392,0.183,-0.183,225.769,0.000,-0.000,0.000,-0.0772,-0.2824,0.1039,-0.9505,1851.90,475.00,-12.99,35.03,69441.9,0,0.00,0.00,3
36483,-0.004,0.000,-0.391,0.122,-0.122,225.403,0.000,-0.000,0.000,-0.0249,-0.3381,0.0903,-0.9365,1856.49,474.96,-12.73,40.96,69405.8,0,0.00,0.00,3
36495,-0.003,0.003,-0.397,0.244,-0.183,225.220,0.000,-0.000,0.000,0.0308,-0.3964,0.0810,-0.9140,1861.06,474.90,-12.45,47.74,69378.6,0,0.00,0.00,3
36503,-0.003,0.003,-0.403,0.183,-0.183,224.915,0.000,-0.000,0.000,0.0918,-0.4482,0.0814,-0.8855,1865.64,474.82,-12.15,54.19,69338.1,0,0.00,0.00,3
36513,0.002,0.002,-0.405,0.122,-0.244,224.548,0.000,-0.000,0.000,0.1565,-0.5017,0.0863,-0.8464,1870.20,474.71,-11.71,61.20,69314.4,0,0.00,0.00,3
36523,0.003,0.003,-0.411,0.183,-0.366,224.365,0.000,-0.000,0.000,0.2254,-0.5512,0.0986,-0.7972,1874.75,474.57,-11.29,68.11,69283.4,0,0.00,0.00,3
36533,0.005,0.002,-0.412,0.244,-0.366,223.999,0.000,-0.000,0.000,0.2968,-0.5882,0.1211,-0.7425,1879.31,474.39,-10.90,73.82,69235.0,0,0.00,0.00,3
36543,0.006,0.003,-0.414,0.183,-0.366,223.694,0.000,-0.000,0.000,0.3715,-0.6197,0.1495,-0.6750,1883.86,474.15,-10.55,79.21,69206.4,0,0.00,0.00,3
36553,0.003,0.001,-0.418,0.122,-0.549,223.572,0.000,-0.000,0.000,0.4509,-0.6462,0.1828,-0.5880,1888.38,473.86,-10.20,84.38,69188.3,0,0.00,0.00,3
36563,0.003,0.002,-0.417,0.122,-0.549,223.206,0.000,-0.000,0.000,0.5265,-0.6574,0.2226,-0.4910,1892.91,473.52,-9.96,87.90,69141.9,0,0.00,0.00,3
36573,-0.000,0.000,-0.416,0.122,-0.549,222.839,0.000,-0.000,0.000,0.6013,-0.6558,0.2657,-0.3711,1897.41,473.13,-9.81,90.08,69120.0,0,0.00,0.00,3
36583,-0.001,0.001,-0.418,0.061,-0.549,222.534,0.000,-0.000,0.000,0.6624,-0.6364,0.3106,-0.2445,1901.93,472.72,-9.81,90.17,69067.7,0,0.00,0.00,3
36593,-0.000,0.004,-0.419,0.000,-0.549,222.168,0.000,-0.000,0.000,0.7122,-0.5986,0.3539,-0.0958,1906.43,472.29,-9.98,88.11,69042.7,0,0.00,0.00,3
36603,-0.004,0.005,-0.419,-0.061,-0.610,221.985,0.000,-0.000,0.000,0.7402,-0.5429,0.3922,0.0599,1910.93,471.87,-10.24,84.09,69000.0,0,0.00,0.00,3
36613,-0.004,0.007,-0.426,0.000,-0.549,221.619,0.000,-0.000,0.000,0.7433,-0.4591,0.4193,0.2468,1915.36,471.43,-10.75,76.89,68995.8,0,0.00,0.00,3
36624,-0.003,0.005,-0.427,-0.183,-0.366,221.436,0.000,-0.000,0.000,0.7097,-0.3603,0.4322,0.4239,1919.81,471.05,-11.32,68.49,68950.2,0,0.00,0.00,3
36633,-0.003,0.008,-0.425,-0.122,-0.488,221.069,0.000,-0.000,0.000,0.6397,-0.2503,0.4282,0.5872,1924.25,470.74,-11.88,59.47,68912.6,0,0.00,0.00,3
36643,0.002,0.004,-0.430,-0.061,-0.305,220.703,0.000,-0.000,0.000,0.5311,-0.1300,0.4035,0.7337,1928.67,470.46,-12.50,50.16,68886.7,0,0.00,0.00,3
36653,-0.002,0.003,-0.432,-0.244,-0.366,220.398,0.000,-0.000,0.000,0.3930,-0.0138,0.3612,0.8455,1933.10,470.22,-12.91,42.38,68847.2,0,0.00,0.00,3
36663,0.001,0.003,-0.436,-0.122,-0.305,220.032,0.000,-0.000,0.000,0.2271,0.0974,0.2994,0.9216,1937.50,469.97,-13.21,36.71,68819.8,0,0.00,0.00,3
36673,-0.001,0.002,-0.440,-0.061,-0.305,219.788,0.000,-0.000,0.000,0.0553,0.1886,0.2287,0.9535,1941.92,469.71,-13.36,34.49,68770.7,0,0.00,0.00,3
36683,0.001,0.001,-0.438,-0.122,-0.244,219.666,0.000,-0.000,0.000,-0.1366,0.2710,0.1374,0.9429,1946.30,469.36,-13.30,35.37,68757.4,0,0.00,0.00,3
36693,0.000,0.000,-0.442,-0.122,-0.122,219.238,0.000,-0.000,0.000,-0.3216,0.3314,0.0384,0.8861,1950.68,468.94,-13.18,38.98,68717.0,0,0.00,0.00,3
36703,0.000,0.001,-0.441,-0.122,-0.366,218.872,0.000,-0.000,0.000,-0.4985,0.3728,-0.0722,0.7793,1955.04,468.43,-12.89,44.63,68690.7,0,0.00,0.00,3
36713,-0.001,-0.001,-0.444,-0.183,-0.244,218.628,0.000,-0.000,0.000,-0.6532,0.3921,-0.1909,0.6190,1959.37,467.82,-12.50,51.71,68663.4,0,0.00,0.00,3
36723,0.001,0.001,-0.445,-0.305,-0.122,218.323,0.000,-0.000,0.000,-0.7619,0.3862,-0.3020,0.4232,1963.72,467.20,-12.09,58.71,68613.3,0,0.00,0.00,3
36733,-0.001,-0.000,-0.449,-0.366,-0.183,218.079,0.000,-0.000,0.000,-0.8200,0.3564,-0.4123,0.1748,1968.03,466.52,-11.58,66.05,68594.4,0,0.00,0.00,3
36743,-0.001,0.000,-0.447,-0.305,-0.183,217.712,0.000,-0.000,0.000,-0.8041,0.3010,-0.5030,-0.0991,1972.32,465.86,-11.17,71.77,68559.0,0,0.00,0.00,3
36753,-0.000,-0.001,-0.443,-0.427,-0.183,217.346,0.000,-0.000,0.000,-0.7059,0.2242,-0.5609,-0.3698,1976.62,465.28,-10.98,74.33,68519.5,0,0.00,0.00,3
36763,-0.003,0.000,-0.444,-0.488,-0.244,217.102,0.000,-0.000,0.000,-0.5111,0.1286,-0.5755,-0.6253,1980.87,464.74,-11.11,72.28,68499.8,0,0.00,0.00,3
36773,0.001,0.001,-0.439,-0.427,-0.122,216.797,0.000,-0.000,0.000,-0.2380,0.0289,-0.5336,-0.8110,1985.12,464.27,-11.65,64.60,68465.1,0,0.00,0.00,3
36783,0.001,0.001,-0.440,-0.488,-0.183,216.492,0.000,-0.000,0.000,0.0579,-0.0551,-0.4448,-0.8921,1989.40,463.87,-12.38,53.26,68409.3,0,0.00,0.00,3
36793,0.002,-0.001,-0.438,-0.427,0.000,216.187,0.000,-0.000,0.000,0.3904,-0.1171,-0.2926,-0.8650,1993.62,463.36,-13.25,36.74,68397.6,0,0.00,0.00,3
36805,0.000,-0.002,-0.436,-0.427,0.000,215.881,0.000,-0.000,0.000,0.6932,-0.1371,-0.0861,-0.7023,1997.82,462.72,-13.85,18.63,68375.2,0,0.00,0.00,3
36813,0.001,0.000,-0.435,-0.427,0.000,215.576,0.000,-0.000,0.000,0.8836,-0.1081,0.1284,-0.4371,2002.03,462.04,-13.83,19.33,68323.2,0,0.00,0.00,3
36823,0.000,-0.002,-0.434,-0.549,-0.061,215.271,0.000,-0.000,0.000,0.9330,-0.0295,0.3490,-0.0831,2006.21,461.28,-13.02,41.01,68300.5,0,0.00,0.00,3
36833,0.000,-0.002,-0.436,-0.305,0.000,215.027,0.000,-0.000,0.000,0.7879,0.0865,0.5316,0.2985,2010.36,460.53,-11.61,65.17,68275.8,0,0.00,0.00,3
36843,-0.001,-0.001,-0.435,-0.305,-0.122,214.661,0.000,-0.000,0.000,0.4637,0.2037,0.6212,0.5980,2014.52,459.88,-10.43,81.65,68232.2,0,0.00,0.00,3
36853,0.000,-0.003,-0.436,-0.366,0.061,214.417,0.000,-0.000,0.000,-0.0134,0.2862,0.5961,0.7501,2018.63,459.19,-10.37,82.79,68213.1,0,0.00,0.00,3
36863,-0.000,-0.003,-0.438,-0.244,0.061,214.111,0.000,-0.000,0.000,-0.5051,0.2875,0.4461,0.6806,2022.74,458.42,-11.69,64.10,68175.4,0,0.00,0.00,3
36873,0.001,-0.002,-0.433,-0.244,0.061,213.806,0.000,-0.000,0.000,-0.8714,0.1867,0.2059,0.4044,2026.85,457.53,-13.39,32.27,68136.3,0,0.00,0.00,3
36883,0.000,-0.002,-0.438,-0.305,0.122,213.440,0.000,-0.000,0.000,-0.9970,-0.0127,-0.0759,-0.0094,2030.93,456.60,-14.06,8.82,68106.7,0,0.00,0.00,3
36893,0.002,-0.004,-0.436,-0.244,0.061,213.196,0.000,-0.000,0.000,-0.8171,-0.2524,-0.3146,-0.4119,2035.01,455.78,-12.73,47.57,68065.6,0,0.00,0.00,3
36903,0.001,-0.004,-0.441,-0.244,0.061,212.830,0.000,-0.000,0.000,-0.3301,-0.4704,-0.4629,-0.6749,2039.02,454.96,-10.40,82.60,68055.8,0,0.00,0.00,3
36913,0.000,-0.003,-0.438,-0.305,0.183,212.708,0.000,-0.000,0.000,0.2769,-0.5475,-0.4538,-0.6463,2043.04,454.07,-9.76,90.65,68016.3,0,0.00,0.00,3
36924,-0.001,-0.004,-0.443,-0.183,0.183,212.158,0.000,-0.000,0.000,0.7877,-0.4262,-0.3060,-0.3230,2047.03,452.97,-11.75,63.29,67987.8,0,0.00,0.00,3
36934,-0.002,-0.004,-0.447,-0.183,0.244,211.975,0.000,-0.000,0.000,0.9757,-0.1152,-0.0826,0.1669,2051.00,451.79,-14.01,16.30,67955.7,0,0.00,0.00,3
36944,0.003,-0.003,-0.448,-0.122,0.244,211.609,0.000,-0.000,0.000,0.7316,0.2938,0.1313,0.6010,2054.92,450.74,-13.31,37.54,67932.2,0,0.00,0.00,3
36954,-0.001,-0.002,-0.451,-0.122,0.305,211.243,0.000,-0.000,0.000,0.1542,0.6146,0.2472,0.7331,2058.83,449.82,-10.37,82.97,67898.2,0,0.00,0.00,3
36963,-0.001,-0.005,-0.448,-0.183,0.244,210.999,0.000,-0.000,0.000,-0.4671,0.6968,0.2415,0.4879,2062.75,448.76,-9.41,95.03,67857.8,0,0.00,0.00,3
36973,-0.000,-0.003,-0.448,-0.061,0.305,210.754,0.000,-0.000,0.000,-0.8579,0.4888,0.1549,-0.0326,2066.64,447.48,-11.87,61.70,67829.9,0,0.00,0.00,3
36983,-0.002,-0.003,-0.449,-0.061,0.244,210.388,0.000,-0.000,0.000,-0.8191,0.0538,0.0535,-0.5687,2070.51,446.27,-14.16,8.70,67798.7,0,0.00,0.00,3
36993,-0.003,-0.003,-0.451,-0.122,0.366,210.144,0.000,-0.000,0.000,-0.3603,-0.4337,-0.0065,-0.8258,2074.34,445.24,-12.60,51.42,67775.2,0,0.00,0.00,3
37003,-0.003,-0.002,-0.450,-0.122,0.244,209.778,0.000,-0.000,0.000,0.2533,-0.7289,-0.0073,-0.6360,2078.17,444.20,-9.55,93.60,67736.3,0,0.00,0.00,3
37014,-0.002,-0.002,-0.452,-0.122,0.305,209.534,0.000,-0.000,0.000,0.7027,-0.7060,0.0121,-0.0874,2081.99,442.95,-9.80,89.84,67705.4,0,0.00,0.00,3
37023,0.000,-0.001,-0.451,0.061,0.244,209.229,0.000,-0.000,0.000,0.7543,-0.3657,-0.0051,0.5452,2085.77,441.68,-13.04,42.90,67677.6,0,0.00,0.00,3
37033,-0.000,-0.003,-0.455,0.061,0.244,209.045,0.000,-0.000,0.000,0.3740,0.1522,-0.0887,0.9105,2089.51,440.58,-13.99,20.30,67657.8,0,0.00,0.00,3
37043,-0.004,-0.003,-0.455,0.061,0.244,208.557,0.000,-0.000,0.000,-0.1918,0.5738,-0.2018,0.7702,2093.26,439.53,-10.99,74.92,67619.0,0,0.00,0.00,3
37053,-0.003,-0.005,-0.452,0.061,0.183,208.252,0.000,-0.000,0.000,-0.6113,0.7174,-0.2680,0.1994,2096.99,438.30,-8.99,99.97,67587.0,0,0.00,0.00,3
37063,-0.002,-0.002,-0.453,0.122,0.244,208.008,0.000,-0.000,0.000,-0.6480,0.5339,-0.2090,-0.5013,2100.71,437.08,-11.30,69.97,67556.2,0,0.00,0.00,3
37073,-0.004,-0.001,-0.452,0.122,0.366,207.642,0.000,-0.000,0.000,-0.2971,0.1330,-0.0092,-0.9455,2104.42,436.09,-14.07,15.33,67522.1,0,0.00,0.00,3
37083,-0.004,-0.004,-0.452,0.122,0.183,207.275,0.000,-0.000,0.000,0.2361,-0.2989,0.2713,-0.8839,2108.09,435.08,-12.79,47.62,67504.0,0,0.00,0.00,3
37093,-0.005,-0.002,-0.452,0.183,0.244,207.031,0.000,-0.000,0.000,0.5999,-0.5403,0.4813,-0.3413,2111.77,433.90,-9.57,92.71,67465.0,0,0.00,0.00,3
37103,-0.005,-0.001,-0.452,0.183,0.244,206.787,0.000,-0.000,0.000,0.5787,-0.5183,0.4962,0.3876,2115.44,432.72,-9.63,91.71,67433.6,0,0.00,0.00,3
37115,-0.005,-0.000,-0.455,0.305,0.244,206.421,0.000,-0.000,0.000,0.1750,-0.2791,0.2604,0.9076,2119.09,431.79,-12.94,44.88,67406.4,0,0.00,0.00,3
37123,-0.004,-0.002,-0.449,0.366,0.244,206.116,0.000,-0.000,0.000,-0.3559,0.0244,-0.1394,0.9238,2122.74,430.92,-14.02,16.27,67372.0,0,0.00,0.00,3
37133,-0.006,-0.002,-0.454,0.305,0.122,205.811,0.000,-0.000,0.000,-0.6799,0.2328,-0.5143,0.4681,2126.42,429.89,-11.38,68.74,67328.0,0,0.00,0.00,3
37143,-0.001,0.000,-0.451,0.183,0.183,205.566,0.000,-0.000,0.000,-0.6058,0.2924,-0.7057,-0.2225,2130.08,428.76,-9.05,99.61,67302.9,0,0.00,0.00,3
37153,-0.004,0.000,-0.452,0.244,0.183,205.322,0.000,-0.000,0.000,-0.1365,0.2194,-0.5836,-0.7698,2133.71,427.83,-10.77,77.15,67274.1,0,0.00,0.00,3
37163,-0.005,-0.000,-0.451,0.244,0.122,204.895,0.000,-0.000,0.000,0.4708,0.1004,-0.1647,-0.8609,2137.32,426.99,-13.90,22.24,67250.1,0,0.00,0.00,3
37173,-0.005,0.001,-0.449,0.366,0.061,204.468,0.000,-0.000,0.000,0.8220,0.0281,0.3636,-0.4374,2140.92,425.96,-13.01,42.78,67224.3,0,0.00,0.00,3
37183,-0.004,-0.001,-0.444,0.366,0.183,204.224,0.000,-0.000,0.000,0.6386,0.0263,0.7303,0.2410,2144.47,424.79,-9.48,93.91,67203.5,0,0.00,0.00,3
37193,-0.007,-0.002,-0.446,0.427,0.000,204.102,0.000,-0.000,0.000,0.0300,0.0397,0.7171,0.6952,2148.07,423.84,-9.69,91.82,67152.0,0,0.00,0.00,3
37203,-0.004,-0.002,-0.445,0.366,0.183,203.735,0.000,-0.000,0.000,-0.6579,-0.0181,0.3342,0.6747,2151.64,422.87,-13.22,39.11,67132.0,0,0.00,0.00,3
37213,-0.005,-0.001,-0.439,0.488,-0.061,203.430,0.000,-0.000,0.000,-0.9414,-0.1665,-0.2168,0.1977,2155.20,421.80,-13.45,31.73,67101.3,0,0.00,0.00,3
37223,-0.000,-0.000,-0.441,0.366,0.000,203.064,0.000,-0.000,0.000,-0.6055,-0.3164,-0.6273,-0.3739,2158.76,420.78,-9.86,89.27,67066.2,0,0.00,0.00,3
37233,-0.003,-0.000,-0.439,0.366,0.000,202.820,0.000,-0.000,0.000,0.1343,-0.3309,-0.6872,-0.6327,2162.34,419.83,-9.13,99.40,67028.6,0,0.00,0.00,3
37243,-0.006,-0.001,-0.440,0.366,-0.061,202.515,0.000,-0.000,0.000,0.8201,-0.1216,-0.3844,-0.4061,2165.88,418.71,-12.77,47.55,67006.1,0,0.00,0.00,3
37253,-0.003,-0.003,-0.440,0.427,-0.183,202.209,0.000,-0.000,0.000,0.9586,0.2415,0.0868,0.1231,2169.43,417.61,-13.57,29.74,66971.0,0,0.00,0.00,3
37263,-0.003,0.002,-0.440,0.305,-0.122,201.843,0.000,-0.000,0.000,0.4474,0.5480,0.4572,0.5390,2172.97,416.68,-9.71,91.08,66941.6,0,0.00,0.00,3
37273,-0.005,0.001,-0.440,0.305,-0.061,201.538,0.000,-0.000,0.000,-0.3781,0.5615,0.5368,0.5036,2176.48,415.67,-8.96,101.94,66916.6,0,0.00,0.00,3
37283,-0.004,0.001,-0.438,0.183,-0.183,201.294,0.000,-0.000,0.000,-0.9271,0.1951,0.3192,0.0247,2179.97,414.39,-12.92,43.93,66891.0,0,0.00,0.00,3
37293,-0.005,0.000,-0.438,0.305,-0.183,200.989,0.000,-0.000,0.000,-0.7924,-0.3550,-0.0164,-0.4957,2183.47,413.30,-13.04,41.64,66856.3,0,0.00,0.00,3
37303,-0.002,0.001,-0.438,0.244,-0.305,200.684,0.000,-0.000,0.000,-0.0890,-0.7380,-0.2663,-0.6136,2186.95,412.40,-8.82,103.37,66829.8,0,0.00,0.00,3
37313,-0.004,0.002,-0.434,0.305,-0.061,200.378,0.000,-0.000,0.000,0.6367,-0.6695,-0.3244,-0.2029,2190.43,411.29,-9.39,96.14,66797.1,0,0.00,0.00,3
37323,-0.001,0.004,-0.437,0.244,-0.244,200.134,0.000,-0.000,0.000,0.8606,-0.1609,-0.2357,0.4217,2193.90,410.06,-13.41,33.17,66767.8,0,0.00,0.00,3
37333,-0.004,0.000,-0.438,0.244,-0.305,199.768,0.000,-0.000,0.000,0.4395,0.4851,-0.0995,0.7494,2197.35,409.09,-12.03,59.37,66741.6,0,0.00,0.00,3
37343,-0.003,0.001,-0.433,0.305,-0.305,199.402,0.000,-0.000,0.000,-0.2633,0.8368,0.0115,0.4799,2200.81,408.17,-8.13,113.63,66709.8,0,0.00,0.00,3
37353,-0.002,0.003,-0.436,0.244,-0.244,199.219,0.000,-0.000,0.000,-0.7077,0.6638,0.1070,-0.2170,2204.23,406.98,-10.24,84.51,66688.2,0,0.00,0.00,3
37363,-0.002,0.002,-0.435,0.244,-0.427,198.914,0.000,-0.000,0.000,-0.5758,0.0903,0.2059,-0.7861,2207.68,405.95,-13.65,25.99,66649.3,0,0.00,0.00,3
37373,-0.000,0.002,-0.438,0.244,-0.427,198.608,0.000,-0.000,0.000,-0.0264,-0.5307,0.2917,-0.7953,2211.10,405.06,-10.97,74.55,66626.6,0,0.00,0.00,3
37383,-0.004,-0.001,-0.434,0.183,-0.366,198.242,0.000,-0.000,0.000,0.4658,-0.8066,0.2874,-0.2232,2214.55,404.06,-7.82,117.80,66589.0,0,0.00,0.00,3
37393,-0.003,0.001,-0.430,0.122,-0.549,197.937,0.000,-0.000,0.000,0.5465,-0.6195,0.1164,0.5514,2217.96,402.99,-10.65,78.16,66569.6,0,0.00,0.00,3
37403,-0.003,0.001,-0.430,0.000,-0.427,197.571,0.000,-0.000,0.000,0.1703,-0.1004,-0.1996,0.9597,2221.35,402.11,-13.60,25.82,66546.2,0,0.00,0.00,3
37413,-0.000,0.001,-0.429,0.122,-0.427,197.327,0.000,-0.000,0.000,-0.3126,0.3966,-0.4947,0.7073,2224.76,401.19,-10.65,78.70,66510.4,0,0.00,0.00,3
37425,-0.001,0.004,-0.429,0.061,-0.488,196.960,0.000,-0.000,0.000,-0.5113,0.6228,-0.5922,-0.0075,2228.16,400.08,-7.82,118.50,66480.5,0,0.00,0.00,3
37433,-0.004,0.002,-0.426,0.061,-0.305,196.655,0.000,-0.000,0.000,-0.2616,0.5155,-0.3710,-0.7267,2231.53,399.10,-10.57,78.86,66462.6,0,0.00,0.00,3
37443,-0.001,0.002,-0.428,0.061,-0.488,196.533,0.000,-0.000,0.000,0.2323,0.2085,0.0885,-0.9459,2234.91,398.32,-13.57,26.18,66427.7,0,0.00,0.00,3
37453,-0.002,0.003,-0.423,0.000,-0.549,196.106,0.000,-0.000,0.000,0.5825,-0.0825,0.5592,-0.5841,2238.30,397.36,-11.31,68.84,66394.7,0,0.00,0.00,3
37463,-0.003,0.001,-0.423,0.061,-0.305,195.923,0.000,-0.000,0.000,0.5163,-0.2478,0.8123,0.1103,2241.66,396.18,-7.95,116.26,66373.4,0,0.00,0.00,3
37473,0.000,0.001,-0.420,-0.061,-0.366,195.496,0.000,-0.000,0.000,0.0357,-0.2750,0.6788,0.6800,2245.01,395.16,-9.50,94.17,66344.8,0,0.00,0.00,3
37483,-0.000,0.002,-0.420,-0.061,-0.488,195.190,0.000,-0.000,0.000,-0.5506,-0.2457,0.2008,0.7721,2248.34,394.23,-13.09,37.00,66321.3,0,0.00,0.00,3
37493,0.000,0.001,-0.419,-0.122,-0.488,194.885,0.000,-0.000,0.000,-0.8149,-0.2400,-0.3514,0.3935,2251.70,393.23,-12.43,50.37,66279.8,0,0.00,0.00,3
37503,-0.000,0.001,-0.418,-0.061,-0.427,194.580,0.000,-0.000,0.000,-0.5913,-0.2463,-0.7506,-0.1623,2255.06,392.12,-8.78,104.37,66252.2,0,0.00,0.00,3
37513,0.001,0.001,-0.417,-0.122,-0.427,194.275,0.000,-0.000,0.000,0.0184,-0.1894,-0.8200,-0.5398,2258.40,391.01,-8.09,114.62,66223.5,0,0.00,0.00,3
37523,0.001,0.000,-0.413,-0.183,-0.366,194.153,0.000,-0.000,0.000,0.6520,-0.0133,-0.5568,-0.5145,2261.75,389.88,-11.33,67.69,66189.4,0,0.00,0.00,3
37533,-0.000,0.000,-0.407,-0.061,-0.366,193.726,0.000,-0.000,0.000,0.9437,0.2853,-0.0950,-0.1381,2265.07,388.67,-13.08,35.00,66167.7,0,0.00,0.00,3
37543,-0.002,0.000,-0.412,-0.244,-0.366,193.481,0.000,-0.000,0.000,0.6939,0.5681,0.3361,0.2877,2268.39,387.56,-10.32,82.61,66134.1,0,0.00,0.00,3
37553,-0.001,-0.002,-0.408,-0.122,-0.366,193.176,0.000,-0.000,0.000,0.0758,0.6720,0.5732,0.4627,2271.73,386.50,-7.58,124.08,66097.9,0,0.00,0.00,3
37563,-0.000,0.001,-0.410,-0.183,-0.366,192.810,0.000,-0.000,0.000,-0.6020,0.4819,0.5792,0.2642,2275.02,385.11,-9.27,97.79,66081.6,0,0.00,0.00,3
37573,0.000,0.002,-0.409,-0.244,-0.366,192.566,0.000,-0.000,0.000,-0.9037,0.0060,0.3867,-0.1838,2278.28,383.57,-12.62,45.51,66056.3,0,0.00,0.00,3
37583,-0.001,0.001,-0.407,-0.305,-0.244,192.261,0.000,-0.000,0.000,-0.6561,-0.5289,0.1295,-0.5225,2281.55,382.29,-11.43,65.98,66020.3,0,0.00,0.00,3
37593,0.001,0.001,-0.407,-0.305,-0.183,192.017,0.000,-0.000,0.000,-0.0530,-0.8683,-0.0937,-0.4842,2284.81,381.08,-7.70,121.71,65992.2,0,0.00,0.00,3
37603,0.000,-0.001,-0.402,-0.366,-0.305,191.650,0.000,-0.000,0.000,0.5218,-0.8133,-0.2543,-0.0397,2288.04,379.61,-8.01,116.89,65969.6,0,0.00,0.00,3
37613,-0.000,0.000,-0.402,-0.366,-0.244,191.284,0.000,-0.000,0.000,0.6969,-0.4049,-0.3490,0.4782,2291.33,378.18,-11.50,64.62,65922.7,0,0.00,0.00,3
37623,0.001,-0.000,-0.395,-0.366,-0.183,191.040,0.000,-0.000,0.000,0.4378,0.2269,-0.4094,0.7676,2294.55,376.75,-11.97,55.82,65909.1,0,0.00,0.00,3
37633,0.000,-0.001,-0.399,-0.427,-0.061,190.796,0.000,-0.000,0.000,-0.0718,0.7524,-0.3890,0.5267,2297.73,375.30,-8.09,115.78,65888.3,0,0.00,0.00,3
37643,-0.002,-0.000,-0.396,-0.366,-0.122,190.430,0.000,-0.000,0.000,-0.4054,0.8760,-0.2307,-0.1228,2300.92,373.78,-7.30,129.87,65854.6,0,0.00,0.00,3
37653,0.001,-0.001,-0.396,-0.366,-0.183,190.186,0.000,-0.000,0.000,-0.3468,0.5763,0.0852,-0.7351,2304.11,372.36,-11.06,71.26,65823.4,0,0.00,0.00,3
37663,0.000,0.001,-0.398,-0.366,-0.183,189.880,0.000,-0.000,0.000,0.0058,0.0223,0.4690,-0.8829,2307.28,370.99,-12.00,56.00,65799.7,0,0.00,0.00,3
37673,-0.001,-0.002,-0.395,-0.305,-0.122,189.575,0.000,-0.000,0.000,0.3126,-0.4648,0.7123,-0.4229,2310.45,369.46,-8.06,116.54,65769.6,0,0.00,0.00,3
37683,-0.000,-0.002,-0.396,-0.427,-0.183,189.270,0.000,-0.000,0.000,0.2610,-0.6573,0.6206,0.3387,2313.60,367.88,-7.34,129.37,65742.1,0,0.00,0.00,3
37693,-0.001,-0.001,-0.389,-0.366,-0.061,189.026,0.000,-0.000,0.000,-0.1320,-0.5098,0.1336,0.8396,2316.73,366.56,-11.50,63.60,65716.2,0,0.00,0.00,3
37703,-0.000,-0.001,-0.389,-0.427,-0.061,188.660,0.000,-0.000,0.000,-0.4896,-0.1617,-0.5137,0.6858,2319.85,365.23,-11.40,65.16,65689.9,0,0.00,0.00,3
37713,-0.001,0.000,-0.391,-0.366,0.061,188.416,0.000,-0.000,0.000,-0.4127,0.1607,-0.8961,0.0297,2322.99,363.66,-7.28,131.12,65657.6,0,0.00,0.00,3
37723,-0.001,-0.001,-0.388,-0.366,0.061,188.171,0.000,-0.000,0.000,0.1129,0.3447,-0.7333,-0.5751,2326.12,362.21,-8.62,108.24,65627.4,0,0.00,0.00,3
37735,0.002,-0.001,-0.389,-0.427,0.122,187.866,0.000,-0.000,0.000,0.6568,0.3907,-0.0715,-0.6410,2329.24,360.96,-12.43,46.81,65600.8,0,0.00,0.00,3
37743,0.001,-0.001,-0.384,-0.305,0.061,187.439,0.000,-0.000,0.000,0.6764,0.3267,0.6365,-0.1749,2332.38,359.69,-9.73,91.37,65567.5,0,0.00,0.00,3
37753,0.001,-0.002,-0.384,-0.427,0.122,187.256,0.000,-0.000,0.000,0.0393,0.1242,0.9170,0.3770,2335.46,358.11,-7.14,135.45,65551.0,0,0.00,0.00,3
37763,-0.000,-0.001,-0.382,-0.366,0.244,186.951,0.000,-0.000,0.000,-0.7254,-0.2130,0.4782,0.4469,2338.50,356.49,-11.51,63.14,65529.0,0,0.00,0.00,3
37773,0.001,-0.001,-0.378,-0.366,0.183,186.707,0.000,-0.000,0.000,-0.8320,-0.4985,-0.2367,0.0580,2341.64,355.27,-11.27,66.98,65480.5,0,0.00,0.00,3
37783,-0.002,-0.003,-0.379,-0.366,0.122,186.401,0.000,-0.000,0.000,-0.1688,-0.5359,-0.7597,-0.3274,2344.72,353.91,-7.12,136.77,65463.5,0,0.00,0.00,3
37793,-0.000,-0.004,-0.373,-0.427,0.122,186.157,0.000,-0.000,0.000,0.6858,-0.1465,-0.6655,-0.2556,2347.78,352.28,-10.08,85.91,65438.4,0,0.00,0.00,3
37803,-0.001,-0.001,-0.381,-0.305,0.183,185.852,0.000,-0.000,0.000,0.8469,0.4970,-0.0406,0.1847,2350.76,350.48,-11.70,59.83,65425.0,0,0.00,0.00,3
37813,0.000,-0.003,-0.374,-0.183,0.183,185.486,0.000,-0.000,0.000,0.1840,0.7787,0.4734,0.3682,2353.87,349.33,-7.40,131.38,65372.8,0,0.00,0.00,3
37823,-0.001,-0.001,-0.375,-0.183,0.244,185.181,0.000,-0.000,0.000,-0.6348,0.4723,0.6069,0.0751,2356.94,347.79,-9.14,100.53,65350.2,0,0.00,0.00,3
37833,-0.001,-0.002,-0.374,-0.305,0.244,184.937,0.000,-0.000,0.000,-0.8120,-0.2785,0.3282,-0.3942,2360.00,346.15,-12.13,50.99,65324.5,0,0.00,0.00,3
37843,0.000,-0.002,-0.370,-0.183,0.244,184.692,0.000,-0.000,0.000,-0.1673,-0.8729,-0.1229,-0.4415,2363.01,344.74,-7.80,123.65,65305.1,0,0.00,0.00,3
37853,-0.001,-0.004,-0.373,-0.183,0.305,184.387,0.000,-0.000,0.000,0.5588,-0.7203,-0.4051,0.0697,2366.06,343.23,-8.44,111.45,65270.9,0,0.00,0.00,3
37863,-0.002,-0.004,-0.369,-0.183,0.366,184.082,0.000,-0.000,0.000,0.6820,-0.0183,-0.4372,0.5861,2369.15,341.81,-12.03,51.89,65234.9,0,0.00,0.00,3
37873,-0.004,-0.003,-0.367,-0.183,0.366,183.777,0.000,-0.000,0.000,0.1204,0.7997,-0.2284,0.5420,2372.11,340.24,-8.46,112.55,65230.2,0,0.00,0.00,3
37883,-0.000,-0.002,-0.367,-0.122,0.366,183.533,0.000,-0.000,0.000,-0.4521,0.8762,0.0957,-0.1370,2375.13,338.77,-7.79,123.62,65193.1,0,0.00,0.00,3
37893,-0.002,-0.005,-0.364,-0.061,0.305,183.228,0.000,-0.000,0.000,-0.4812,0.2564,0.3875,-0.7434,2378.17,337.36,-11.80,55.37,65162.9,0,0.00,0.00,3
37903,0.000,-0.000,-0.367,-0.061,0.366,182.922,0.000,-0.000,0.000,-0.0557,-0.5222,0.5025,-0.6868,2381.21,336.13,-9.62,92.88,65135.2,0,0.00,0.00,3
37913,-0.001,-0.004,-0.361,-0.122,0.366,182.678,0.000,-0.000,0.000,0.3460,-0.8835,0.3107,0.0568,2384.21,334.69,-7.11,138.95,65115.5,0,0.00,0.00,3
37924,-0.001,-0.004,-0.362,-0.061,0.244,182.373,0.000,-0.000,0.000,0.3095,-0.6164,-0.0713,0.7206,2387.29,333.64,-10.59,76.70,65076.8,0,0.00,0.00,3
37934,-0.003,-0.003,-0.360,-0.061,0.488,182.068,0.000,-0.000,0.000,-0.0521,0.0500,-0.5296,0.8452,2390.30,332.53,-11.32,64.27,65060.2,0,0.00,0.00,3
37944,-0.002,-0.003,-0.358,0.061,0.305,181.702,0.000,-0.000,0.000,-0.3266,0.6150,-0.6871,0.2073,2393.30,331.18,-7.32,134.48,65037.4,0,0.00,0.00,3
37954,-0.002,-0.003,-0.357,0.000,0.244,181.458,0.000,-0.000,0.000,-0.2663,0.7053,-0.5464,-0.3648,2396.45,330.46,-7.72,126.30,64989.1,0,0.00,0.00,3
37963,-0.003,-0.003,-0.355,-0.061,0.366,181.213,0.000,-0.000,0.000,0.0342,0.5597,-0.1362,-0.8167,2399.55,329.86,-10.96,70.34,64969.8,0,0.00,0.00,3
37973,-0.003,-0.002,-0.355,0.122,0.244,180.969,0.000,-0.000,0.000,0.4092,0.1462,0.4985,-0.7502,2402.57,329.10,-11.38,62.59,64957.0,0,0.00,0.00,3
37983,-0.002,-0.001,-0.353,0.061,0.427,180.664,0.000,-0.000,0.000,0.4578,-0.1978,0.8394,-0.2161,2405.65,328.28,-8.10,119.18,64923.4,0,0.00,0.00,3
37993,-0.002,-0.002,-0.353,0.122,0.305,180.359,0.000,-0.000,0.000,0.2253,-0.3610,0.8515,0.3064,2408.77,327.64,-7.34,135.29,64891.4,0,0.00,0.00,3
38003,-0.003,-0.001,-0.352,0.122,0.305,179.993,0.000,-0.000,0.000,-0.2988,-0.4356,0.4456,0.7228,2411.81,327.02,-10.57,77.09,64878.6,0,0.00,0.00,3
38013,-0.004,-0.001,-0.346,0.183,0.244,179.749,0.000,-0.000,0.000,-0.6627,-0.3712,-0.1489,0.6332,2414.88,326.61,-12.09,47.15,64849.3,0,0.00,0.00,3
38023,-0.000,-0.001,-0.349,0.122,0.244,179.443,0.000,-0.000,0.000,-0.6745,-0.2660,-0.6470,0.2359,2417.97,326.11,-9.88,88.78,64821.8,0,0.00,0.00,3
38033,-0.001,-0.002,-0.345,0.244,0.305,179.199,0.000,-0.000,0.000,-0.5787,-0.2629,-0.7718,0.0161,2421.17,325.88,-8.68,109.25,64780.8,0,0.00,0.00,3
38046,-0.006,-0.002,-0.348,0.244,0.305,178.955,0.000,-0.000,0.000,-0.2177,-0.1906,-0.9090,-0.3001,2424.31,325.43,-7.33,136.48,64765.1,0,0.00,0.00,3
38053,-0.005,-0.002,-0.346,0.244,0.244,178.650,0.000,-0.000,0.000,0.0712,-0.1660,-0.8923,-0.4137,2427.49,325.16,-7.64,130.35,64732.6,0,0.00,0.00,3
38063,-0.005,-0.000,-0.345,0.305,0.305,178.345,0.000,-0.000,0.000,0.5962,0.0210,-0.6851,-0.4181,2430.59,324.63,-10.05,86.53,64719.7,0,0.00,0.00,3
38073,-0.002,-0.001,-0.343,0.183,0.061,177.979,0.000,-0.000,0.000,0.8447,0.1767,-0.4375,-0.2529,2433.73,324.30,-11.69,56.31,64687.5,0,0.00,0.00,3
38083,-0.002,-0.001,-0.341,0.305,0.122,177.856,0.000,-0.000,0.000,0.9182,0.3253,-0.2214,-0.0445,2436.90,324.06,-12.13,46.35,64660.0,0,0.00,0.00,3
38093,-0.004,-0.000,-0.339,0.366,0.244,177.551,0.000,-0.000,0.000,0.8715,0.4639,-0.0573,0.1486,2440.07,323.92,-11.69,55.73,64633.4,0,0.00,0.00,3
38103,-0.005,-0.002,-0.341,0.366,0.122,177.246,0.000,-0.000,0.000,0.8715,0.4212,-0.1429,0.2065,2443.32,323.95,-11.87,52.82,64597.3,0,0.00,0.00,3
38113,-0.002,-0.001,-0.339,0.305,0.122,176.880,0.000,-0.000,0.000,0.8650,0.3652,-0.2182,0.2660,2446.58,323.96,-11.95,50.35,64571.8,0,0.00,0.00,3
38124,-0.006,-0.001,-0.337,0.427,0.122,176.758,0.000,-0.000,0.000,0.6706,0.6065,-0.0804,0.4195,2449.73,323.83,-10.68,75.44,64561.4,0,0.00,0.00,3
38134,-0.004,0.000,-0.333,0.305,0.000,176.392,0.000,-0.000,0.000,0.4126,0.7807,-0.0039,0.4693,2452.89,323.71,-9.12,102.66,64535.2,0,0.00,0.00,3
38143,-0.003,-0.001,-0.333,0.488,0.000,176.147,0.000,-0.000,0.000,0.4093,0.7479,-0.0994,0.5131,2456.14,323.67,-9.39,97.95,64497.0,0,0.00,0.00,3
38153,-0.005,-0.001,-0.336,0.427,0.000,175.842,0.000,-0.000,0.000,0.1672,0.8722,-0.0912,0.4505,2459.32,323.43,-8.07,122.56,64483.7,0,0.00,0.00,3
38163,-0.004,0.000,-0.332,0.427,0.000,175.415,0.000,-0.000,0.000,-0.1836,0.9645,-0.0470,0.1838,2462.44,322.92,-7.00,149.88,64466.7,0,0.00,0.00,3
38173,-0.003,-0.001,-0.331,0.488,0.061,175.171,0.000,-0.000,0.000,-0.3265,0.9428,-0.0622,-0.0248,2465.61,322.50,-7.25,141.77,64433.6,0,0.00,0.00,3
38183,-0.005,0.001,-0.330,0.366,-0.122,175.049,0.000,-0.000,0.000,-0.2793,0.9417,-0.1844,0.0356,2468.86,322.40,-7.09,147.30,64395.8,0,0.00,0.00,3
38193,-0.003,-0.001,-0.327,0.366,-0.122,174.683,0.000,-0.000,0.000,-0.3309,0.9077,-0.2100,-0.1501,2472.04,322.04,-7.43,137.39,64381.0,0,0.00,0.00,3
38203,-0.002,-0.001,-0.331,0.427,-0.122,174.500,0.000,-0.000,0.000,-0.3338,0.8595,-0.2382,-0.3051,2475.23,321.73,-7.87,126.23,64354.7,0,0.00,0.00,3
38213,-0.005,0.001,-0.329,0.488,-0.183,174.072,0.000,-0.000,0.000,-0.3043,0.8454,-0.3502,-0.2647,2478.46,321.65,-7.61,132.43,64322.1,0,0.00,0.00,3
38223,-0.005,0.004,-0.325,0.366,-0.122,173.828,0.000,-0.000,0.000,-0.2593,0.7636,-0.3151,-0.5003,2481.62,321.35,-8.60,111.40,64308.5,0,0.00,0.00,3
38233,-0.004,0.001,-0.325,0.366,-0.244,173.584,0.000,-0.000,0.000,-0.1982,0.7081,-0.3414,-0.5855,2484.81,321.22,-9.02,103.64,64278.1,0,0.00,0.00,3
38243,-0.004,0.000,-0.321,0.305,-0.183,173.279,0.000,-0.000,0.000,-0.1530,0.6769,-0.4206,-0.5844,2488.03,321.17,-8.92,105.67,64249.4,0,0.00,0.00,3
38253,-0.003,0.001,-0.322,0.366,-0.183,173.157,0.000,-0.000,0.000,-0.0899,0.6260,-0.4621,-0.6216,2491.23,321.11,-9.11,102.18,64226.6,0,0.00,0.00,3
38263,-0.001,0.001,-0.322,0.366,-0.244,172.729,0.000,-0.000,0.000,-0.0724,0.5888,-0.5725,-0.5660,2494.47,321.10,-8.69,110.41,64197.0,0,0.00,0.00,3
38273,-0.002,0.000,-0.318,0.305,-0.183,172.485,0.000,-0.000,0.000,0.0795,0.5076,-0.4862,-0.7068,2497.62,321.09,-9.82,89.32,64184.0,0,0.00,0.00,3
38283,-0.000,0.000,-0.320,0.366,-0.305,172.058,0.000,-0.000,0.000,0.2597,0.4209,-0.3513,-0.7949,2500.78,321.13,-11.05,66.50,64160.6,0,0.00,0.00,3
38293,0.000,0.002,-0.315,0.366,-0.305,171.936,0.000,-0.000,0.000,0.3594,0.3748,-0.3408,-0.7837,2503.97,321.17,-11.29,60.88,64128.8,0,0.00,0.00,3
38303,-0.004,0.001,-0.314,0.305,-0.244,171.692,0.000,-0.000,0.000,0.3090,0.3431,-0.5503,-0.6957,2507.24,321.17,-10.28,80.85,64091.7,0,0.00,0.00,3
38313,-0.003,-0.000,-0.313,0.244,-0.305,171.326,0.000,-0.000,0.000,0.3437,0.2838,-0.6106,-0.6546,2510.46,321.19,-10.10,84.66,64074.2,0,0.00,0.00,3
38323,-0.002,0.002,-0.315,0.366,-0.305,171.082,0.000,-0.000,0.000,0.3560,0.2116,-0.6792,-0.6059,2513.69,321.19,-9.76,90.71,64048.0,0,0.00,0.00,3
38333,-0.002,-0.001,-0.312,0.244,-0.305,170.715,0.000,-0.000,0.000,0.3655,0.1304,-0.7317,-0.5604,2516.91,321.17,-9.50,96.01,64023.2,0,0.00,0.00,3
38343,-0.004,0.001,-0.312,0.183,-0.427,170.532,0.000,-0.000,0.000,0.4164,0.0618,-0.7397,-0.5250,2520.12,321.16,-9.51,95.85,64001.3,0,0.00,0.00,3
38355,-0.002,0.003,-0.308,0.122,-0.366,170.227,0.000,-0.000,0.000,0.3426,-0.0682,-0.8035,-0.4821,2523.36,321.07,-8.89,107.49,63968.0,0,0.00,0.00,3
38363,-0.003,0.000,-0.311,0.183,-0.366,169.983,0.000,-0.000,0.000,0.4302,-0.1169,-0.7793,-0.4404,2526.56,321.04,-9.09,104.00,63954.4,0,0.00,0.00,3
38373,-0.003,0.001,-0.309,0.122,-0.610,169.678,0.000,-0.000,0.000,0.5384,-0.1381,-0.7475,-0.3639,2529.75,320.99,-9.36,98.95,63932.3,0,0.00,0.00,3
38383,-0.002,0.002,-0.312,0.183,-0.549,169.373,0.000,-0.000,0.000,0.5542,-0.2190,-0.7356,-0.3222,2532.96,320.90,-9.27,100.26,63900.2,0,0.00,0.00,3
38393,-0.001,0.002,-0.304,0.122,-0.488,169.128,0.000,-0.000,0.000,0.5911,-0.2688,-0.7199,-0.2451,2536.16,320.78,-9.28,100.43,63878.6,0,0.00,0.00,3
38403,-0.001,0.003,-0.302,0.122,-0.305,168.884,0.000,-0.000,0.000,0.5888,-0.3836,-0.6593,-0.2675,2539.39,320.68,-9.33,99.42,63845.9,0,0.00,0.00,3
38413,-0.001,-0.000,-0.305,0.122,-0.488,168.518,0.000,-0.000,0.000,0.6046,-0.4810,-0.5566,-0.3055,2542.62,320.61,-9.57,94.72,63820.6,0,0.00,0.00,3
38424,-0.002,0.001,-0.304,0.000,-0.488,168.396,0.000,-0.000,0.000,0.6381,-0.5416,-0.4390,-0.3268,2545.84,320.54,-9.91,88.40,63797.1,0,0.00,0.00,3
38434,-0.000,0.000,-0.301,0.061,-0.427,167.969,0.000,-0.000,0.000,0.6130,-0.5864,-0.5123,-0.1335,2549.02,320.18,-9.19,102.28,63783.5,0,0.00,0.00,3
38444,-0.001,0.000,-0.305,0.061,-0.427,167.847,0.000,-0.000,0.000,0.6792,-0.6128,-0.3698,-0.1625,2552.24,320.14,-9.74,91.40,63748.0,0,0.00,0.00,3
38454,-0.001,0.001,-0.298,0.000,-0.549,167.542,0.000,-0.000,0.000,0.5527,-0.6938,-0.4597,0.0434,2555.40,319.62,-8.69,112.66,63734.1,0,0.00,0.00,3
38463,0.002,0.002,-0.304,-0.061,-0.427,167.175,0.000,-0.000,0.000,0.8131,-0.5560,-0.1123,-0.1307,2558.67,320.08,-10.88,69.11,63690.6,0,0.00,0.00,3
38473,-0.002,0.001,-0.296,-0.122,-0.488,166.931,0.000,-0.000,0.000,0.8557,-0.5098,-0.0163,-0.0873,2561.88,320.01,-11.21,61.34,63675.8,0,0.00,0.00,3
38483,-0.000,0.000,-0.300,-0.061,-0.427,166.748,0.000,-0.000,0.000,0.9471,-0.2284,0.1865,-0.1262,2565.14,320.42,-12.24,34.31,63645.8,0,0.00,0.00,3
38493,-0.002,0.001,-0.295,-0.183,-0.488,166.504,0.000,-0.000,0.000,0.9630,-0.0869,0.2421,-0.0799,2568.36,320.57,-12.31,29.82,63625.3,0,0.00,0.00,3
38503,-0.003,0.001,-0.295,-0.122,-0.366,166.016,0.000,-0.000,0.000,0.8712,-0.4449,0.1575,0.1352,2571.49,319.63,-11.41,56.32,63610.1,0,0.00,0.00,3
38514,-0.001,0.002,-0.295,-0.183,-0.488,166.016,0.000,-0.000,0.000,0.5982,-0.7372,0.1211,0.2900,2574.61,318.55,-9.48,96.67,63585.4,0,0.00,0.00,3
38523,-0.001,-0.002,-0.293,-0.183,-0.488,165.527,0.000,-0.000,0.000,0.9295,-0.1565,0.2225,0.2492,2577.95,320.15,-12.25,31.57,63542.7,0,0.00,0.00,3
38533,0.001,0.001,-0.290,-0.244,-0.427,165.283,0.000,-0.000,0.000,0.9117,-0.1031,0.2269,0.3267,2581.16,320.17,-12.30,28.86,63528.3,0,0.00,0.00,3
38543,-0.002,0.001,-0.292,-0.305,-0.488,165.039,0.000,-0.000,0.000,0.8952,0.3408,0.0936,0.2717,2584.48,321.38,-11.95,41.39,63497.0,0,0.00,0.00,3
38553,0.001,-0.000,-0.290,-0.183,-0.488,164.795,0.000,-0.000,0.000,0.8260,-0.0874,0.2527,0.4962,2587.56,320.01,-12.25,31.02,63486.2,0,0.00,0.00,3
38563,-0.000,0.000,-0.288,-0.183,-0.366,164.490,0.000,-0.000,0.000,0.4106,-0.5742,0.4661,0.5333,2590.55,317.90,-9.54,95.39,63466.4,0,0.00,0.00,3
38573,-0.003,0.001,-0.288,-0.305,-0.366,164.246,0.000,-0.000,0.000,-0.0122,-0.7464,0.5626,0.3554,2593.58,316.44,-7.67,138.34,63439.8,0,0.00,0.00,3
38583,-0.001,0.000,-0.287,-0.244,-0.366,163.879,0.000,-0.000,0.000,0.4123,-0.3740,0.5056,0.6592,2596.97,318.32,-10.38,77.94,63396.8,0,0.00,0.00,3
38593,0.000,0.000,-0.290,-0.427,-0.366,163.696,0.000,-0.000,0.000,0.3080,-0.3683,0.5689,0.6677,2600.13,318.10,-10.04,85.33,63383.7,0,0.00,0.00,3
38603,0.000,0.000,-0.280,-0.305,-0.366,163.391,0.000,-0.000,0.000,0.4429,-0.0749,0.3660,0.8150,2603.45,319.22,-11.79,43.88,63350.7,0,0.00,0.00,3
38613,-0.001,0.000,-0.281,-0.366,-0.244,163.208,0.000,-0.000,0.000,0.0754,-0.3464,0.7307,0.5835,2606.39,317.37,-8.95,107.92,63345.8,0,0.00,0.00,3
38623,-0.001,-0.001,-0.283,-0.488,-0.427,162.903,0.000,-0.000,0.000,-0.1144,-0.3782,0.8515,0.3447,2609.44,316.51,-7.77,137.41,63316.3,0,0.00,0.00,3
38633,-0.001,0.000,-0.284,-0.488,-0.183,162.537,0.000,-0.000,0.000,-0.1331,-0.2908,0.8785,0.3548,2612.62,316.51,-7.82,135.46,63286.1,0,0.00,0.00,3
38643,-0.001,-0.002,-0.281,-0.427,-0.183,162.354,0.000,-0.000,0.000,-0.0414,-0.0715,0.6872,0.7218,2615.99,317.97,-9.96,87.40,63250.9,0,0.00,0.00,3
38653,0.000,-0.001,-0.279,-0.488,-0.122,162.048,0.000,-0.000,0.000,-0.1422,-0.0606,0.8350,0.5281,2619.06,317.24,-8.72,113.69,63241.9,0,0.00,0.00,3
38665,0.001,0.000,-0.277,-0.305,-0.305,161.926,0.000,-0.000,0.000,-0.1819,0.0397,0.7615,0.6209,2622.29,317.64,-9.36,99.37,63209.3,0,0.00,0.00,3
38673,0.000,0.002,-0.281,-0.427,-0.122,161.499,0.000,-0.000,0.000,-0.2068,0.0910,0.8929,0.3895,2625.35,316.77,-8.11,127.67,63194.4,0,0.00,0.00,3
38683,0.000,0.001,-0.277,-0.366,-0.122,161.316,0.000,-0.000,0.000,-0.3266,0.1751,0.6296,0.6829,2628.73,318.21,-10.20,81.60,63152.5,0,0.00,0.00,3
38693,-0.001,0.001,-0.277,-0.549,-0.122,161.011,0.000,-0.000,0.000,-0.2507,0.2715,0.8604,0.3508,2631.69,316.67,-8.11,128.91,63150.6,0,0.00,0.00,3
38703,0.000,-0.000,-0.272,-0.488,-0.183,160.767,0.000,-0.000,0.000,-0.3736,0.3253,0.7329,0.4663,2634.96,317.28,-9.04,106.62,63109.8,0,0.00,0.00,3
38713,-0.000,0.000,-0.274,-0.427,-0.061,160.522,0.000,-0.000,0.000,-0.4190,0.3895,0.6942,0.4368,2638.14,317.24,-9.09,105.50,63090.1,0,0.00,0.00,3
38723,0.001,-0.002,-0.270,-0.488,0.000,160.217,0.000,-0.000,0.000,-0.4675,0.4462,0.6464,0.4056,2641.33,317.20,-9.18,103.53,63065.4,0,0.00,0.00,3
38733,0.002,-0.000,-0.272,-0.488,-0.061,160.034,0.000,-0.000,0.000,-0.5599,0.4670,0.5585,0.3957,2644.55,317.40,-9.63,93.44,63038.7,0,0.00,0.00,3
38743,-0.001,-0.002,-0.273,-0.549,0.000,159.668,0.000,-0.000,0.000,-0.3623,0.6423,0.6331,0.2352,2647.55,316.15,-8.13,128.82,63027.5,0,0.00,0.00,3
38753,-0.002,-0.003,-0.270,-0.488,0.061,159.424,0.000,-0.000,0.000,-0.2124,0.7511,0.6084,0.1435,2650.60,315.33,-7.51,150.30,63000.6,0,0.00,0.00,3
38763,0.001,0.000,-0.266,-0.488,0.000,159.180,0.000,-0.000,0.000,-0.0077,0.8339,0.5470,0.0730,2653.62,314.42,-7.23,171.58,62978.9,0,0.00,0.00,3
38773,0.000,-0.001,-0.271,-0.488,0.061,158.875,0.000,-0.000,0.000,0.1545,0.8748,0.4571,0.0430,2656.66,313.76,-7.29,161.54,62954.2,0,0.00,0.00,3
38783,0.000,-0.003,-0.264,-0.427,0.061,158.691,0.000,-0.000,0.000,0.3284,0.8772,0.3489,0.0301,2659.68,313.12,-7.80,141.49,62932.2,0,0.00,0.00,3
38793,0.000,-0.001,-0.264,-0.488,0.122,158.264,0.000,-0.000,0.000,0.5638,0.7992,0.2078,0.0131,2662.62,312.28,-8.88,111.34,62914.1,0,0.00,0.00,3
38803,-0.001,0.001,-0.267,-0.549,0.183,158.081,0.000,-0.000,0.000,0.6752,0.7323,0.0853,0.0232,2665.63,311.84,-9.57,95.00,62886.7,0,0.00,0.00,3
38813,0.000,0.001,-0.265,-0.305,0.061,157.837,0.000,-0.000,0.000,0.7027,0.7087,-0.0051,0.0630,2668.71,311.71,-9.79,90.26,62858.7,0,0.00,0.00,3
38824,-0.002,-0.001,-0.264,-0.488,0.244,157.471,0.000,-0.000,0.000,0.7917,0.5862,-0.1702,0.0261,2671.68,311.16,-10.49,75.23,62843.4,0,0.00,0.00,3
38833,-0.003,-0.001,-0.266,-0.366,0.244,157.227,0.000,-0.000,0.000,0.8013,0.5365,-0.2566,0.0655,2674.76,311.03,-10.60,72.98,62812.5,0,0.00,0.00,3
38843,-0.000,-0.003,-0.262,-0.427,0.244,156.982,0.000,-0.000,0.000,0.8172,0.3951,-0.4191,0.0200,2677.76,310.55,-10.70,70.33,62794.9,0,0.00,0.00,3
38853,-0.001,-0.002,-0.258,-0.244,0.305,156.799,0.000,-0.000,0.000,0.7862,0.1928,-0.5839,-0.0615,2680.74,309.94,-10.44,75.89,62773.1,0,0.00,0.00,3
38863,-0.001,-0.002,-0.261,-0.488,0.244,156.494,0.000,-0.000,0.000,0.6517,-0.1086,-0.7215,-0.2072,2683.68,309.07,-9.65,93.71,62753.1,0,0.00,0.00,3
38873,-0.002,-0.003,-0.259,-0.305,0.305,156.250,0.000,-0.000,0.000,0.3457,-0.4660,-0.7142,-0.3916,2686.59,307.92,-8.68,117.02,62733.1,0,0.00,0.00,3
38883,0.000,-0.002,-0.255,-0.488,0.427,155.945,0.000,-0.000,0.000,-0.1251,-0.7124,-0.4372,-0.5345,2689.45,306.60,-8.82,113.41,62713.0,0,0.00,0.00,3
38893,0.001,-0.000,-0.259,-0.244,0.427,155.640,0.000,-0.000,0.000,-0.3704,-0.7239,-0.1457,-0.5635,2692.41,305.97,-9.57,95.20,62682.7,0,0.00,0.00,3
38903,-0.000,-0.001,-0.254,-0.244,0.305,155.396,0.000,-0.000,0.000,-0.6818,-0.4608,0.3014,-0.4816,2695.29,305.00,-10.80,66.82,62665.6,0,0.00,0.00,3
38913,-0.003,-0.002,-0.253,-0.122,0.305,155.151,0.000,-0.000,0.000,-0.7641,0.0938,0.6032,-0.2085,2698.14,303.81,-10.45,75.25,62645.4,0,0.00,0.00,3
38924,-0.001,-0.001,-0.253,-0.244,0.366,154.846,0.000,-0.000,0.000,-0.7400,0.0816,0.5832,-0.3250,2701.20,303.77,-10.57,72.16,62607.0,0,0.00,0.00,3
38934,0.000,-0.003,-0.252,-0.244,0.488,154.602,0.000,-0.000,0.000,-0.5705,0.6306,0.5219,0.0668,2704.06,302.37,-8.94,109.88,62598.7,0,0.00,0.00,3
38944,-0.003,-0.003,-0.253,-0.122,0.488,154.297,0.000,-0.000,0.000,-0.5832,0.6592,0.4746,-0.0104,2707.09,302.20,-9.00,108.64,62563.0,0,0.00,0.00,3
38954,-0.002,-0.002,-0.248,-0.183,0.366,154.236,0.000,-0.000,0.000,-0.2899,0.8707,0.1400,0.3719,2709.96,301.00,-8.47,123.74,62550.6,0,0.00,0.00,3
38963,-0.003,-0.003,-0.251,-0.183,0.488,153.931,0.000,-0.000,0.000,0.0645,0.6899,-0.2606,0.6723,2712.83,299.88,-9.61,95.02,62528.6,0,0.00,0.00,3
38973,-0.002,-0.002,-0.250,-0.061,0.366,153.442,0.000,-0.000,0.000,-0.0239,0.6909,-0.3042,0.6554,2715.84,299.76,-9.47,98.03,62496.3,0,0.00,0.00,3
38986,-0.003,-0.003,-0.247,-0.061,0.549,153.320,0.000,-0.000,0.000,-0.0336,0.6076,-0.3985,0.6862,2718.81,299.48,-9.67,93.21,62475.2,0,0.00,0.00,3
38994,-0.004,-0.003,-0.249,-0.122,0.366,153.137,0.000,-0.000,0.000,-0.1246,0.6047,-0.4359,0.6548,2721.82,299.33,-9.54,96.40,62450.7,0,0.00,0.00,3
39003,-0.002,-0.001,-0.242,0.061,0.366,152.771,0.000,-0.000,0.000,0.2229,-0.0816,-0.5322,0.8127,2724.62,298.13,-10.79,65.15,62442.1,0,0.00,0.00,3
39013,-0.004,-0.003,-0.247,0.000,0.488,152.527,0.000,-0.000,0.000,-0.1543,0.3804,-0.5622,0.7179,2727.73,298.61,-9.99,85.50,62398.2,0,0.00,0.00,3
39024,-0.002,-0.003,-0.244,0.061,0.366,152.283,0.000,-0.000,0.000,-0.3060,0.4793,-0.5711,0.5920,2730.75,298.58,-9.52,96.42,62381.0,0,0.00,0.00,3
39034,-0.007,-0.001,-0.244,0.122,0.488,152.039,0.000,-0.000,0.000,-0.1126,-0.0303,-0.5700,0.8133,2733.61,297.80,-10.62,69.62,62369.6,0,0.00,0.00,3
39043,-0.002,-0.003,-0.245,0.122,0.549,151.672,0.000,-0.000,0.000,0.2323,-0.6536,-0.1297,0.7085,2736.37,296.72,-10.04,83.58,62354.9,0,0.00,0.00,3
39053,-0.001,-0.001,-0.239,0.122,0.488,151.489,0.000,-0.000,0.000,0.4596,-0.7499,0.4189,0.2256,2739.16,295.82,-8.67,118.41,62331.8,0,0.00,0.00,3
39063,-0.000,-0.001,-0.242,0.122,0.488,151.245,0.000,-0.000,0.000,0.3144,-0.7403,0.2830,0.5225,2742.18,295.99,-9.19,104.84,62292.0,0,0.00,0.00,3
39073,-0.004,-0.001,-0.246,0.061,0.488,151.001,0.000,-0.000,0.000,0.2788,-0.7083,0.3625,0.5378,2745.14,295.87,-9.13,105.43,62274.4,0,0.00,0.00,3
39083,-0.002,-0.001,-0.236,0.122,0.549,150.635,0.000,-0.000,0.000,0.5352,-0.4071,0.7394,-0.0327,2747.91,294.66,-8.80,115.15,62266.1,0,0.00,0.00,3
39093,-0.004,-0.000,-0.237,0.244,0.427,150.452,0.000,-0.000,0.000,0.5974,-0.0897,0.7354,-0.3070,2750.77,294.01,-9.54,95.61,62236.8,0,0.00,0.00,3
39103,-0.002,-0.000,-0.236,0.244,0.427,150.146,0.000,-0.000,0.000,0.5141,-0.3139,0.7870,0.1336,2753.81,294.48,-8.77,115.83,62201.6,0,0.00,0.00,3
39113,-0.004,-0.002,-0.238,0.183,0.366,149.963,0.000,-0.000,0.000,0.4204,-0.3297,0.7870,0.3085,2756.79,294.59,-8.71,117.14,62183.5,0,0.00,0.00,3
39124,-0.003,-0.002,-0.239,0.244,0.305,149.658,0.000,-0.000,0.000,0.5644,-0.0728,0.8161,0.1005,2759.67,294.05,-8.97,110.04,62168.3,0,0.00,0.00,3
39133,-0.002,-0.001,-0.236,0.244,0.488,149.475,0.000,-0.000,0.000,0.7144,0.3253,0.5362,-0.3103,2762.46,292.95,-10.28,77.68,62152.0,0,0.00,0.00,3
39143,-0.002,-0.000,-0.234,0.427,0.305,149.048,0.000,-0.000,0.000,0.6472,0.5095,0.0361,-0.5659,2765.26,292.07,-10.89,61.43,62129.6,0,0.00,0.00,3
39153,-0.001,-0.000,-0.231,0.366,0.366,148.865,0.000,-0.000,0.000,0.7049,0.5075,0.0101,-0.4954,2768.19,292.12,-10.90,61.01,62099.0,0,0.00,0.00,3
39163,-0.005,-0.001,-0.233,0.427,0.244,148.621,0.000,-0.000,0.000,0.5810,0.4522,-0.3565,-0.5752,2771.02,291.68,-10.58,70.32,62082.9,0,0.00,0.00,3
39173,-0.003,-0.002,-0.230,0.488,0.122,148.438,0.000,-0.000,0.000,0.7989,0.4794,0.3575,-0.0648,2774.22,293.27,-10.45,73.45,62036.8,0,0.00,0.00,3
39183,-0.002,0.001,-0.232,0.427,0.244,148.010,0.000,-0.000,0.000,0.7918,0.5052,0.3420,0.0304,2777.16,293.34,-10.37,75.18,62030.9,0,0.00,0.00,3
39193,-0.004,-0.003,-0.229,0.488,0.305,147.888,0.000,-0.000,0.000,0.7880,0.4261,-0.3156,-0.3127,2779.89,292.36,-10.83,64.05,62023.2,0,0.00,0.00,3
39203,-0.003,-0.001,-0.227,0.366,0.244,147.522,0.000,-0.000,0.000,0.8487,0.4612,-0.2148,-0.1449,2782.86,292.58,-10.90,61.16,61985.8,0,0.00,0.00,3
39213,-0.003,-0.002,-0.228,0.488,0.183,147.217,0.000,-0.000,0.000,0.8601,0.4822,-0.1663,-0.0037,2785.81,292.74,-10.91,61.34,61964.3,0,0.00,0.00,3
39224,-0.004,-0.001,-0.228,0.366,0.183,147.034,0.000,-0.000,0.000,0.6781,0.0865,-0.6615,-0.3085,2788.54,291.67,-10.09,83.70,61958.4,0,0.00,0.00,3
39233,-0.002,-0.001,-0.226,0.488,0.061,146.729,0.000,-0.000,0.000,0.7779,0.1409,-0.5930,-0.1528,2791.50,291.84,-10.40,75.11,61920.3,0,0.00,0.00,3
39243,-0.004,-0.001,-0.225,0.488,0.122,146.484,0.000,-0.000,0.000,0.8054,0.1325,-0.5761,-0.0437,2794.43,291.87,-10.51,72.47,61899.8,0,0.00,0.00,3
39253,-0.004,-0.001,-0.219,0.488,0.122,146.362,0.000,-0.000,0.000,0.7531,-0.0420,-0.6527,-0.0715,2797.31,291.53,-10.16,81.69,61881.9,0,0.00,0.00,3
39263,-0.004,0.001,-0.222,0.488,0.061,146.118,0.000,-0.000,0.000,0.5356,-0.4104,-0.6885,-0.2657,2800.10,290.65,-9.23,106.56,61865.9,0,0.00,0.00,3
39273,-0.003,-0.001,-0.223,0.488,0.122,145.874,0.000,-0.000,0.000,0.2442,-0.6830,-0.5265,-0.4435,2802.88,289.75,-8.77,119.17,61845.0,0,0.00,0.00,3
39285,-0.003,-0.001,-0.220,0.549,0.000,145.508,0.000,-0.000,0.000,-0.2135,-0.7510,-0.1055,-0.6159,2805.58,288.56,-9.51,98.64,61829.1,0,0.00,0.00,3
39293,-0.007,0.000,-0.220,0.549,-0.061,145.264,0.000,-0.000,0.000,-0.1975,-0.7444,-0.0027,-0.6379,2808.45,288.40,-9.64,96.22,61796.0,0,0.00,0.00,3
39303,-0.002,0.001,-0.215,0.488,-0.122,144.958,0.000,-0.000,0.000,-0.6635,-0.1001,0.5289,-0.5196,2810.92,286.37,-10.71,65.14,61803.5,0,0.00,0.00,3
39313,-0.004,-0.002,-0.220,0.488,0.122,144.775,0.000,-0.000,0.000,-0.6110,-0.0560,0.5385,-0.5775,2813.78,286.23,-10.72,65.56,61754.9,0,0.00,0.00,3
39324,-0.003,0.000,-0.220,0.549,-0.061,144.531,0.000,-0.000,0.000,-0.5946,0.1125,0.5574,-0.5684,2816.60,285.86,-10.59,69.31,61736.3,0,0.00,0.00,3
39333,-0.002,-0.000,-0.220,0.427,0.000,144.226,0.000,-0.000,0.000,-0.5739,0.2861,0.5396,-0.5455,2819.41,285.44,-10.36,75.29,61715.4,0,0.00,0.00,3
39343,-0.003,0.001,-0.218,0.610,-0.244,143.982,0.000,-0.000,0.000,-0.5681,0.5875,0.4302,-0.3836,2822.16,284.65,-9.69,93.46,61698.9,0,0.00,0.00,3
39353,-0.004,-0.001,-0.215,0.427,-0.183,143.799,0.000,-0.000,0.000,-0.4328,0.2790,0.5025,-0.6945,2825.16,285.28,-10.52,70.17,61659.2,0,0.00,0.00,3
39363,-0.003,0.001,-0.214,0.549,-0.122,143.433,0.000,-0.000,0.000,-0.3754,0.3410,0.4710,-0.7218,2828.00,285.05,-10.49,71.10,61648.3,0,0.00,0.00,3
39373,-0.002,0.000,-0.217,0.427,-0.244,143.188,0.000,-0.000,0.000,-0.3106,0.3862,0.4367,-0.7508,2830.85,284.85,-10.48,71.32,61626.6,0,0.00,0.00,3
39383,-0.002,-0.001,-0.211,0.549,-0.244,143.005,0.000,-0.000,0.000,-0.1730,0.2907,0.4527,-0.8250,2833.75,284.99,-10.66,65.09,61601.0,0,0.00,0.00,3
39393,-0.003,0.001,-0.213,0.488,-0.122,142.822,0.000,-0.000,0.000,-0.2977,0.6712,0.2108,-0.6453,2836.41,283.80,-9.81,89.43,61596.6,0,0.00,0.00,3
39403,-0.002,0.002,-0.214,0.610,-0.305,142.517,0.000,-0.000,0.000,-0.3250,0.7895,0.0150,-0.5205,2839.16,283.17,-9.28,104.30,61569.6,0,0.00,0.00,3
39413,-0.003,0.001,-0.212,0.427,-0.244,142.212,0.000,-0.000,0.000,-0.3559,0.8328,-0.1896,-0.3792,2841.90,282.52,-8.83,117.32,61549.0,0,0.00,0.00,3
39424,-0.001,0.001,-0.208,0.488,-0.366,141.907,0.000,-0.000,0.000,-0.2747,0.7947,-0.1887,-0.5073,2844.78,282.66,-9.11,109.54,61518.4,0,0.00,0.00,3
39433,-0.004,-0.001,-0.207,0.549,-0.305,141.785,0.000,-0.000,0.000,-0.2557,0.7785,-0.2939,-0.4922,2847.58,282.40,-8.99,112.63,61502.1,0,0.00,0.00,3
39443,-0.003,0.001,-0.210,0.427,-0.427,141.418,0.000,-0.000,0.000,-0.1548,0.7356,-0.2904,-0.5921,2850.45,282.60,-9.26,104.53,61475.8,0,0.00,0.00,3
39453,-0.003,0.000,-0.207,0.488,-0.366,141.174,0.000,-0.000,0.000,-0.2267,0.7051,-0.4908,-0.4589,2853.17,281.91,-8.81,118.43,61465.0,0,0.00,0.00,3
39463,-0.000,0.001,-0.209,0.488,-0.366,140.869,0.000,-0.000,0.000,-0.1285,0.6639,-0.4946,-0.5460,2856.04,282.12,-9.04,111.76,61434.1,0,0.00,0.00,3
39473,-0.003,0.000,-0.209,0.427,-0.488,140.747,0.000,-0.000,0.000,-0.1968,0.5871,-0.6476,-0.4441,2858.77,281.52,-8.70,121.88,61421.9,0,0.00,0.00,3
39483,-0.005,0.001,-0.208,0.427,-0.549,140.381,0.000,-0.000,0.000,-0.4345,0.3612,-0.8138,-0.1358,2861.35,279.91,-8.58,125.84,61412.2,0,0.00,0.00,3
39493,-0.005,0.003,-0.203,0.366,-0.549,140.137,0.000,-0.000,0.000,-0.5074,0.2112,-0.8333,-0.0600,2864.07,279.30,-8.82,118.54,61381.6,0,0.00,0.00,3
39503,-0.004,0.000,-0.203,0.366,-0.549,139.832,0.000,-0.000,0.000,-0.3837,0.2296,-0.8597,-0.2469,2866.97,279.85,-8.61,125.71,61348.5,0,0.00,0.00,3
39513,-0.002,0.002,-0.201,0.305,-0.549,139.648,0.000,-0.000,0.000,-0.4928,0.0596,-0.8549,-0.1511,2869.65,279.11,-8.86,117.95,61341.4,0,0.00,0.00,3
39524,-0.003,0.002,-0.206,0.244,-0.610,139.465,0.000,-0.000,0.000,-0.5235,-0.0483,-0.8370,-0.1517,2872.41,278.81,-8.96,113.95,61316.5,0,0.00,0.00,3
39533,-0.002,0.003,-0.200,0.244,-0.549,139.099,0.000,-0.000,0.000,-0.4411,-0.0793,-0.8556,-0.2591,2875.26,279.10,-8.84,118.46,61289.1,0,0.00,0.00,3
39543,0.000,-0.001,-0.198,0.305,-0.549,138.916,0.000,-0.000,0.000,-0.6311,-0.2811,-0.7146,-0.1102,2877.84,277.91,-9.46,100.33,61285.9,0,0.00,0.00,3
39553,-0.001,0.003,-0.197,0.183,-0.610,138.672,0.000,-0.000,0.000,-0.6705,-0.3705,-0.6326,-0.1134,2880.57,277.59,-9.63,94.30,61256.5,0,0.00,0.00,3
39563,-0.001,0.003,-0.201,0.183,-0.610,138.428,0.000,-0.000,0.000,-0.7025,-0.4448,-0.5413,-0.1250,2883.29,277.31,-9.81,88.95,61236.0,0,0.00,0.00,3
39573,-0.000,0.001,-0.196,0.183,-0.488,138.123,0.000,-0.000,0.000,-0.7222,-0.5028,-0.4510,-0.1491,2886.02,277.10,-9.96,84.97,61215.0,0,0.00,0.00,3
39583,-0.001,0.002,-0.198,0.183,-0.488,138.000,0.000,-0.000,0.000,-0.6743,-0.5333,-0.4476,-0.2460,2888.84,277.35,-9.84,88.26,61188.2,0,0.00,0.00,3
39595,-0.003,0.002,-0.199,0.000,-0.671,137.634,0.000,-0.000,0.000,-0.6229,-0.5652,-0.4300,-0.3282,2891.65,277.55,-9.76,90.49,61167.7,0,0.00,0.00,3
39603,0.000,0.002,-0.195,0.000,-0.610,137.390,0.000,-0.000,0.000,-0.7172,-0.6220,-0.1946,-0.2468,2894.23,276.66,-10.08,81.34,61163.8,0,0.00,0.00,3
39613,-0.003,0.001,-0.197,0.122,-0.610,137.085,0.000,-0.000,0.000,-0.7789,-0.6069,0.0876,-0.1312,2896.75,275.59,-10.29,75.65,61148.0,0,0.00,0.00,3
39624,-0.002,0.002,-0.194,0.000,-0.671,136.902,0.000,-0.000,0.000,-0.7314,-0.6196,0.0386,-0.2823,2899.62,276.12,-10.24,76.74,61102.7,0,0.00,0.00,3
39633,-0.002,0.000,-0.198,0.061,-0.610,136.597,0.000,-0.000,0.000,-0.7100,-0.6124,0.1190,-0.3266,2902.36,276.01,-10.25,77.20,61091.7,0,0.00,0.00,3
39643,-0.000,-0.000,-0.195,-0.122,-0.488,136.353,0.000,-0.000,0.000,-0.6638,-0.6061,0.1368,-0.4163,2905.16,276.20,-10.25,76.82,61066.1,0,0.00,0.00,3
39653,0.001,0.000,-0.190,-0.061,-0.610,136.047,0.000,-0.000,0.000,-0.6394,-0.5884,0.2479,-0.4283,2907.86,275.89,-10.14,79.36,61053.1,0,0.00,0.00,3
39663,-0.004,0.001,-0.190,-0.183,-0.610,135.986,0.000,-0.000,0.000,-0.6164,-0.5518,0.3960,-0.3984,2910.52,275.33,-9.99,85.57,61036.6,0,0.00,0.00,3
39673,-0.000,0.000,-0.191,-0.061,-0.549,135.742,0.000,-0.000,0.000,-0.5822,-0.4741,0.5950,-0.2867,2913.08,274.34,-9.51,99.07,61023.2,0,0.00,0.00,3
39683,-0.000,0.002,-0.188,-0.122,-0.671,135.437,0.000,-0.000,0.000,-0.5338,-0.3773,0.7282,-0.2059,2915.70,273.58,-9.17,110.20,60999.8,0,0.00,0.00,3
39693,-0.000,-0.000,-0.186,-0.183,-0.549,135.132,0.000,-0.000,0.000,-0.4646,-0.2476,0.8461,-0.0833,2918.27,272.67,-8.80,123.68,60982.4,0,0.00,0.00,3
39703,-0.001,0.001,-0.187,-0.183,-0.671,134.949,0.000,-0.000,0.000,-0.4235,-0.1406,0.8936,-0.0482,2920.94,272.20,-8.65,129.54,60956.0,0,0.00,0.00,3
39713,0.000,0.000,-0.189,-0.183,-0.549,134.766,0.000,-0.000,0.000,-0.4247,-0.0737,0.8948,-0.1164,2923.68,272.16,-8.67,127.74,60929.1,0,0.00,0.00,3
39724,-0.001,0.000,-0.190,-0.366,-0.671,134.399,0.000,-0.000,0.000,-0.3116,0.0990,0.9422,0.0735,2926.23,271.15,-8.33,142.66,60924.5,0,0.00,0.00,3
39733,0.001,0.002,-0.186,-0.244,-0.610,134.277,0.000,-0.000,0.000,-0.1719,0.2812,0.8908,0.3129,2928.74,270.08,-8.44,138.17,60907.7,0,0.00,0.00,3
39743,0.000,0.001,-0.183,-0.366,-0.671,133.850,0.000,-0.000,0.000,-0.0604,0.4190,0.7478,0.5114,2931.27,269.27,-8.96,118.02,60886.6,0,0.00,0.00,3
39753,0.000,0.001,-0.184,-0.305,-0.488,133.728,0.000,-0.000,0.000,0.1012,0.4927,0.4166,0.7573,2933.70,268.21,-10.10,80.37,60875.2,0,0.00,0.00,3
39763,-0.002,0.001,-0.183,-0.427,-0.427,133.362,0.000,-0.000,0.000,0.0952,0.5074,0.2584,0.8165,2936.31,267.89,-10.45,69.42,60842.4,0,0.00,0.00,3
39773,0.002,0.002,-0.187,-0.427,-0.549,133.118,0.000,-0.000,0.000,-0.0473,0.5683,0.3501,0.7431,2939.08,268.19,-9.98,83.74,60809.3,0,0.00,0.00,3
39783,0.000,-0.001,-0.183,-0.366,-0.549,132.935,0.000,-0.000,0.000,-0.1180,0.6040,0.3110,0.7243,2941.77,268.15,-9.94,85.59,60795.5,0,0.00,0.00,3
39793,-0.002,0.002,-0.180,-0.427,-0.488,132.629,0.000,-0.000,0.000,-0.1085,0.5737,0.1014,0.8055,2944.35,267.70,-10.39,71.27,60784.6,0,0.00,0.00,3
39803,-0.000,-0.001,-0.178,-0.549,-0.488,132.385,0.000,-0.000,0.000,-0.1868,0.5927,0.0670,0.7806,2947.04,267.63,-10.31,73.24,60756.2,0,0.00,0.00,3
39813,-0.000,0.000,-0.179,-0.366,-0.488,132.202,0.000,-0.000,0.000,-0.1710,0.4765,-0.1658,0.8463,2949.60,267.09,-10.67,60.60,60746.9,0,0.00,0.00,3
39824,0.001,0.000,-0.176,-0.549,-0.305,131.958,0.000,-0.000,0.000,-0.1583,0.3099,-0.3596,0.8658,2952.17,266.56,-10.75,56.67,60727.0,0,0.00,0.00,3
39833,0.002,-0.001,-0.180,-0.427,-0.427,131.592,0.000,-0.000,0.000,-0.1691,0.1569,-0.4729,0.8504,2954.77,266.13,-10.68,59.77,60705.0,0,0.00,0.00,3
39843,-0.002,0.002,-0.178,-0.549,-0.183,131.470,0.000,-0.000,0.000,-0.2693,0.1612,-0.4583,0.8315,2957.45,266.06,-10.75,58.13,60677.8,0,0.00,0.00,3
39853,0.000,-0.001,-0.176,-0.549,-0.366,131.226,0.000,-0.000,0.000,-0.3883,0.2139,-0.4172,0.7933,2960.15,266.09,-10.77,55.92,60656.0,0,0.00,0.00,3
39863,-0.001,-0.002,-0.176,-0.549,-0.427,130.981,0.000,-0.000,0.000,-0.3564,-0.0288,-0.5271,0.7710,2962.72,265.50,-10.55,63.72,60647.7,0,0.00,0.00,3
39873,-0.001,-0.001,-0.175,-0.549,-0.244,130.676,0.000,-0.000,0.000,-0.4330,-0.0592,-0.5161,0.7366,2965.38,265.38,-10.58,62.60,60620.2,0,0.00,0.00,3
39883,0.003,-0.000,-0.177,-0.610,-0.305,130.493,0.000,-0.000,0.000,-0.4580,-0.1765,-0.5233,0.6966,2968.01,265.11,-10.50,67.04,60603.4,0,0.00,0.00,3
39893,0.001,0.001,-0.173,-0.549,-0.305,130.249,0.000,-0.000,0.000,-0.2673,-0.5582,-0.5066,0.6003,2970.51,264.23,-9.59,97.85,60593.9,0,0.00,0.00,3
39903,-0.001,-0.001,-0.176,-0.610,-0.305,130.005,0.000,-0.000,0.000,-0.1468,-0.7458,-0.4047,0.5083,2973.08,263.69,-9.04,116.11,60569.4,0,0.00,0.00,3
39915,0.002,0.000,-0.174,-0.488,-0.122,129.761,0.000,-0.000,0.000,-0.2972,-0.6994,-0.3717,0.5333,2975.76,263.83,-9.39,104.75,60540.3,0,0.00,0.00,3
39924,-0.001,-0.002,-0.172,-0.610,-0.183,129.456,0.000,-0.000,0.000,-0.3495,-0.7235,-0.3080,0.5095,2978.40,263.77,-9.40,103.68,60523.8,0,0.00,0.00,3
39933,-0.001,-0.000,-0.173,-0.610,-0.122,129.272,0.000,-0.000,0.000,-0.2418,-0.8414,-0.1770,0.4498,2980.97,263.30,-8.98,118.59,60509.1,0,0.00,0.00,3
39943,-0.001,-0.002,-0.172,-0.610,-0.122,129.028,0.000,-0.000,0.000,0.2629,-0.9176,0.1385,0.2641,2983.38,261.59,-8.57,136.24,60502.4,0,0.00,0.00,3
39953,0.000,-0.001,-0.172,-0.610,-0.061,128.845,0.000,-0.000,0.000,0.7375,-0.5535,0.3862,0.0245,2985.74,259.44,-9.95,84.89,60486.7,0,0.00,0.00,3
39963,-0.001,-0.002,-0.173,-0.671,-0.061,128.418,0.000,-0.000,0.000,0.8435,-0.3181,0.4328,-0.0057,2988.25,258.72,-10.50,64.97,60456.0,0,0.00,0.00,3
39973,0.000,-0.002,-0.171,-0.549,-0.061,128.235,0.000,-0.000,0.000,0.9143,-0.0149,0.4024,-0.0448,2990.74,257.99,-10.94,47.49,60438.7,0,0.00,0.00,3
39983,0.000,-0.003,-0.172,-0.732,-0.061,128.052,0.000,-0.000,0.000,0.9220,0.2135,0.3193,-0.0485,2993.24,257.53,-11.01,45.18,60418.6,0,0.00,0.00,3
39993,-0.001,-0.000,-0.168,-0.671,0.061,127.747,0.000,-0.000,0.000,0.9014,0.3752,0.2133,-0.0338,2995.76,257.25,-10.84,51.14,60398.9,0,0.00,0.00,3
40003,0.000,-0.001,-0.171,-0.610,0.061,127.441,0.000,-0.000,0.000,0.6735,0.7053,-0.1385,-0.1726,2998.12,256.28,-9.77,91.90,60390.7,0,0.00,0.00,3
40013,0.000,-0.001,-0.167,-0.610,0.122,127.258,0.000,-0.000,0.000,0.4905,0.7605,-0.3598,-0.2272,3000.59,255.79,-9.14,114.56,60365.9,0,0.00,0.00,3
40024,0.000,-0.000,-0.166,-0.671,0.061,127.014,0.000,-0.000,0.000,0.7272,0.6465,-0.2285,-0.0303,3003.27,256.43,-9.91,86.58,60331.7,0,0.00,0.00,3
40033,-0.001,-0.001,-0.165,-0.671,0.183,126.831,0.000,-0.000,0.000,0.7122,0.6316,-0.3059,0.0178,3005.82,256.38,-9.85,89.14,60321.4,0,0.00,0.00,3
40043,-0.001,-0.000,-0.166,-0.610,0.183,126.648,0.000,-0.000,0.000,0.2196,0.5991,-0.7088,-0.3007,3008.07,254.62,-8.64,136.28,60324.6,0,0.00,0.00,3
40053,0.001,-0.001,-0.158,-0.671,0.305,126.343,0.000,-0.000,0.000,-0.0766,0.3954,-0.7913,-0.4600,3010.47,253.72,-8.95,124.41,60296.3,0,0.00,0.00,3
40063,-0.003,0.000,-0.165,-0.610,0.305,126.038,0.000,-0.000,0.000,0.0378,0.3623,-0.8303,-0.4218,3013.04,253.87,-8.76,129.89,60265.1,0,0.00,0.00,3
40073,-0.003,-0.002,-0.167,-0.549,0.366,125.793,0.000,-0.000,0.000,0.1967,0.3486,-0.8580,-0.3218,3015.64,254.14,-8.66,135.68,60244.0,0,0.00,0.00,3
40083,-0.002,-0.001,-0.163,-0.610,0.305,125.549,0.000,-0.000,0.000,0.3284,0.3237,-0.8658,-0.1943,3018.25,254.36,-8.70,135.13,60224.8,0,0.00,0.00,3
40093,-0.002,-0.001,-0.160,-0.610,0.244,125.305,0.000,-0.000,0.000,0.3893,0.2718,-0.8742,-0.1012,3020.83,254.41,-8.76,132.56,60207.7,0,0.00,0.00,3
40103,-0.001,-0.004,-0.160,-0.610,0.366,125.122,0.000,-0.000,0.000,0.1424,0.0387,-0.9073,-0.3937,3023.18,253.51,-8.82,130.49,60205.3,0,0.00,0.00,3
40113,-0.002,-0.003,-0.158,-0.610,0.366,124.817,0.000,-0.000,0.000,-0.1305,-0.2155,-0.6847,-0.6839,3025.49,252.58,-9.79,91.75,60191.4,0,0.00,0.00,3
40124,0.000,-0.001,-0.158,-0.549,0.427,124.512,0.000,-0.000,0.000,-0.2828,-0.3535,-0.3455,-0.8220,3027.84,251.97,-10.61,59.25,60170.7,0,0.00,0.00,3
40133,0.000,-0.003,-0.158,-0.610,0.427,124.329,0.000,-0.000,0.000,-0.2664,-0.3904,-0.1974,-0.8589,3030.31,251.78,-10.78,51.88,60143.8,0,0.00,0.00,3
40143,-0.000,-0.002,-0.158,-0.549,0.427,124.146,0.000,-0.000,0.000,-0.1706,-0.4132,-0.2038,-0.8710,3032.84,251.84,-10.71,54.87,60119.8,0,0.00,0.00,3
40153,0.002,-0.002,-0.156,-0.488,0.488,123.962,0.000,-0.000,0.000,-0.0358,-0.4444,-0.2908,-0.8465,3035.42,252.06,-10.46,64.16,60097.8,0,0.00,0.00,3
40163,-0.002,0.001,-0.150,-0.488,0.488,123.718,0.000,-0.000,0.000,-0.0661,-0.4287,-0.0133,-0.9009,3037.82,251.53,-10.75,50.80,60093.4,0,0.00,0.00,3
40173,-0.001,-0.001,-0.159,-0.366,0.427,123.413,0.000,-0.000,0.000,-0.0245,-0.4010,0.1151,-0.9085,3040.30,251.26,-10.83,49.31,60069.8,0,0.00,0.00,3
40183,-0.004,-0.002,-0.155,-0.427,0.427,123.108,0.000,-0.000,0.000,0.0847,-0.4222,0.0839,-0.8986,3042.84,251.32,-10.79,51.00,60045.0,0,0.00,0.00,3
40193,-0.000,-0.002,-0.158,-0.366,0.427,122.925,0.000,-0.000,0.000,0.1321,-0.3784,0.1953,-0.8951,3045.31,251.01,-10.79,50.41,60032.5,0,0.00,0.00,3
40203,-0.001,-0.003,-0.157,-0.488,0.488,122.681,0.000,-0.000,0.000,0.1266,-0.2419,0.3986,-0.8755,3047.72,250.33,-10.65,55.58,60019.7,0,0.00,0.00,3
40213,-0.002,-0.001,-0.155,-0.427,0.549,122.498,0.000,-0.000,0.000,0.1341,-0.1008,0.5280,-0.8325,3050.14,249.73,-10.44,65.04,60000.0,0,0.00,0.00,3
40228,-0.001,-0.002,-0.153,-0.366,0.610,122.192,0.000,-0.000,0.000,0.1782,-0.0095,0.5717,-0.8008,3052.60,249.37,-10.31,69.75,59978.2,0,0.00,0.00,3
40233,-0.004,-0.004,-0.155,-0.305,0.549,121.765,0.000,-0.000,0.000,0.1134,0.2318,0.6771,-0.6892,3054.95,248.39,-9.72,91.39,59968.8,0,0.00,0.00,3
40243,-0.003,-0.004,-0.151,-0.244,0.610,121.643,0.000,-0.000,0.000,0.0307,0.4570,0.6972,-0.5515,3057.30,247.42,-9.19,112.94,59951.0,0,0.00,0.00,3
40253,-0.004,-0.003,-0.150,-0.244,0.549,121.521,0.000,-0.000,0.000,-0.0977,0.6673,0.6377,-0.3723,3059.61,246.31,-8.73,134.73,59935.7,0,0.00,0.00,3
40264,-0.002,-0.003,-0.151,-0.244,0.610,121.277,0.000,-0.000,0.000,-0.2862,0.8197,0.4767,-0.1375,3061.86,244.93,-8.61,142.97,59922.2,0,0.00,0.00,3
40273,-0.004,-0.003,-0.150,-0.244,0.549,120.911,0.000,-0.000,0.000,-0.5506,0.7951,0.1591,0.1986,3063.97,242.86,-9.34,108.35,59915.2,0,0.00,0.00,3
40283,-0.004,-0.004,-0.150,-0.122,0.549,120.667,0.000,-0.000,0.000,-0.6987,0.5859,-0.1198,0.3926,3066.14,241.26,-10.20,73.46,59894.1,0,0.00,0.00,3
40293,-0.004,-0.000,-0.145,-0.183,0.610,120.422,0.000,-0.000,0.000,-0.7627,0.3587,-0.2847,0.4566,3068.37,240.20,-10.62,54.52,59871.7,0,0.00,0.00,3
40303,-0.002,-0.002,-0.147,-0.061,0.671,120.239,0.000,-0.000,0.000,-0.7473,-0.0344,-0.4168,0.5164,3070.50,238.81,-10.73,49.44,59862.9,0,0.00,0.00,3
40313,-0.001,-0.005,-0.143,-0.061,0.671,119.995,0.000,-0.000,0.000,-0.5026,-0.5710,-0.4069,0.5057,3072.45,236.86,-9.83,89.05,59859.8,0,0.00,0.00,3
40324,-0.003,-0.001,-0.146,-0.061,0.671,119.812,0.000,-0.000,0.000,-0.3567,-0.7658,-0.2984,0.4441,3074.65,236.05,-9.28,110.55,59825.9,0,0.00,0.00,3
40333,0.000,-0.004,-0.143,0.000,0.610,119.568,0.000,-0.000,0.000,-0.1762,-0.8961,-0.1485,0.3793,3076.83,235.16,-8.91,130.56,59810.6,0,0.00,0.00,3
40343,-0.002,-0.001,-0.144,-0.061,0.488,119.324,0.000,-0.000,0.000,-0.1266,-0.9265,-0.0361,0.3525,3079.11,234.75,-8.78,136.01,59785.4,0,0.00,0.00,3
40353,-0.002,-0.000,-0.146,-0.061,0.610,119.019,0.000,-0.000,0.000,0.2835,-0.9029,0.2052,0.2497,3081.08,232.78,-8.77,135.61,59793.8,0,0.00,0.00,3
40363,-0.002,-0.002,-0.144,0.000,0.732,118.774,0.000,-0.000,0.000,0.3613,-0.8420,0.3117,0.2518,3083.32,232.19,-8.92,127.74,59756.0,0,0.00,0.00,3
40373,-0.001,-0.003,-0.143,0.061,0.732,118.652,0.000,-0.000,0.000,0.7235,-0.5111,0.4384,0.1521,3085.21,229.89,-9.91,84.65,59767.4,0,0.00,0.00,3
40383,-0.002,-0.001,-0.144,0.061,0.732,118.286,0.000,-0.000,0.000,0.8751,-0.1864,0.4336,0.1068,3087.22,228.42,-10.56,56.33,59742.2,0,0.00,0.00,3
40393,-0.004,-0.003,-0.144,0.122,0.610,118.103,0.000,-0.000,0.000,0.9260,0.0991,0.3545,0.0839,3089.26,227.32,-10.82,43.19,59723.8,0,0.00,0.00,3
40403,-0.005,-0.002,-0.141,0.122,0.610,117.981,0.000,-0.000,0.000,0.9012,0.3854,0.1940,0.0419,3091.25,226.20,-10.67,51.12,59712.0,0,0.00,0.00,3
40413,-0.003,-0.001,-0.138,0.183,0.549,117.676,0.000,-0.000,0.000,0.8109,0.5852,0.0024,0.0020,3093.27,225.27,-10.24,71.63,59695.2,0,0.00,0.00,3
40424,-0.004,0.000,-0.141,0.244,0.610,117.310,0.000,-0.000,0.000,0.7460,0.6528,-0.1308,0.0098,3095.40,224.84,-9.97,83.49,59670.2,0,0.00,0.00,3
40433,-0.001,-0.001,-0.137,0.305,0.610,117.249,0.000,-0.000,0.000,0.6171,0.7200,-0.3155,-0.0338,3097.45,224.06,-9.50,103.65,59661.6,0,0.00,0.00,3
40443,-0.004,-0.001,-0.139,0.305,0.610,116.943,0.000,-0.000,0.000,0.4486,0.7326,-0.5007,-0.1066,3099.47,223.13,-9.04,125.08,59649.1,0,0.00,0.00,3
40453,-0.003,-0.001,-0.139,0.244,0.732,116.760,0.000,-0.000,0.000,0.3608,0.6885,-0.6145,-0.1343,3101.58,222.60,-8.87,134.71,59625.0,0,0.00,0.00,3
40463,-0.005,-0.001,-0.136,0.427,0.610,116.516,0.000,-0.000,0.000,0.1634,0.6031,-0.7436,-0.2380,3103.56,221.52,-8.70,146.44,59621.0,0,0.00,0.00,3
40473,-0.000,-0.002,-0.134,0.366,0.488,116.150,0.000,-0.000,0.000,-0.1059,0.4381,-0.8062,-0.3832,3105.44,220.04,-8.92,133.14,59614.9,0,0.00,0.00,3
40483,-0.000,0.001,-0.137,0.366,0.549,115.967,0.000,-0.000,0.000,-0.2547,0.2758,-0.7976,-0.4720,3107.42,219.11,-9.23,115.12,59590.4,0,0.00,0.00,3
40493,-0.004,-0.000,-0.135,0.427,0.549,115.723,0.000,-0.000,0.000,-0.3112,0.1477,-0.7769,-0.5271,3109.50,218.61,-9.45,104.51,59567.5,0,0.00,0.00,3
40503,-0.004,-0.001,-0.134,0.427,0.549,115.417,0.000,-0.000,0.000,-0.4379,-0.0336,-0.6756,-0.5921,3111.45,217.71,-9.91,85.13,59562.2,0,0.00,0.00,3
40513,-0.004,-0.003,-0.134,0.427,0.549,115.234,0.000,-0.000,0.000,-0.5572,-0.2208,-0.4954,-0.6288,3113.37,216.71,-10.37,65.70,59551.2,0,0.00,0.00,3
40524,-0.001,-0.002,-0.135,0.549,0.427,115.051,0.000,-0.000,0.000,-0.6325,-0.3756,-0.2626,-0.6244,3115.28,215.73,-10.59,54.56,59537.0,0,0.00,0.00,3
40536,-0.002,0.002,-0.135,0.610,0.488,114.807,0.000,-0.000,0.000,-0.6113,-0.4326,-0.1469,-0.6462,3117.35,215.41,-10.57,54.37,59507.7,0,0.00,0.00,3
40543,-0.004,-0.000,-0.133,0.488,0.366,114.502,0.000,-0.000,0.000,-0.5747,-0.4675,-0.0475,-0.6701,3119.44,215.16,-10.56,56.05,59490.2,0,0.00,0.00,3
40553,-0.006,-0.000,-0.129,0.488,0.427,114.319,0.000,-0.000,0.000,-0.5668,-0.5186,0.1811,-0.6140,3121.41,214.33,-10.36,66.64,59486.6,0,0.00,0.00,3
40563,-0.004,-0.001,-0.133,0.610,0.488,114.136,0.000,-0.000,0.000,-0.5414,-0.5201,0.4506,-0.4831,3123.31,213.20,-9.91,86.97,59476.6,0,0.00,0.00,3
40573,-0.004,0.000,-0.130,0.671,0.305,113.892,0.000,-0.000,0.000,-0.4921,-0.4823,0.4696,-0.5520,3125.47,213.22,-9.97,84.63,59438.7,0,0.00,0.00,3
40583,-0.002,-0.001,-0.131,0.671,0.366,113.586,0.000,-0.000,0.000,-0.4451,-0.4364,0.5818,-0.5225,3127.53,212.74,-9.75,93.32,59432.2,0,0.00,0.00,3
40593,-0.003,0.000,-0.130,0.732,0.244,113.342,0.000,-0.000,0.000,-0.3977,-0.3774,0.6703,-0.5000,3129.60,212.30,-9.60,100.58,59415.5,0,0.00,0.00,3
40603,-0.002,-0.000,-0.131,0.610,0.305,113.220,0.000,-0.000,0.000,-0.3522,-0.3033,0.7597,-0.4548,3131.65,211.77,-9.39,109.77,59401.4,0,0.00,0.00,3
40613,-0.003,0.000,-0.131,0.732,0.244,112.854,0.000,-0.000,0.000,-0.3098,-0.1859,0.8863,-0.2899,3133.62,210.78,-9.01,129.79,59393.9,0,0.00,0.00,3
40624,-0.004,-0.002,-0.128,0.793,0.122,112.671,0.000,-0.000,0.000,-0.2719,-0.0309,0.9601,-0.0582,3135.53,209.66,-8.76,147.71,59382.2,0,0.00,0.00,3
40633,-0.006,-0.001,-0.128,0.732,0.183,112.427,0.000,-0.000,0.000,-0.2500,0.1195,0.9509,0.1380,3137.48,208.77,-8.79,146.81,59365.1,0,0.00,0.00,3
40643,-0.005,0.000,-0.130,0.732,0.122,112.244,0.000,-0.000,0.000,-0.2257,0.2929,0.7966,0.4782,3139.30,207.49,-9.28,116.16,59361.0,0,0.00,0.00,3
40653,-0.001,0.000,-0.125,0.732,0.244,112.000,0.000,-0.000,0.000,-0.2331,0.3880,0.5958,0.6635,3141.20,206.73,-9.80,90.63,59339.8,0,0.00,0.00,3
40663,-0.005,0.001,-0.124,0.793,0.244,111.694,0.000,-0.000,0.000,-0.2498,0.4221,0.3396,0.8026,3143.09,206.03,-10.34,65.61,59326.2,0,0.00,0.00,3
40673,-0.005,0.000,-0.129,0.732,0.122,111.450,0.000,-0.000,0.000,-0.2712,0.3903,0.0745,0.8767,3144.99,205.38,-10.71,46.82,59311.5,0,0.00,0.00,3
40683,-0.004,0.000,-0.129,0.671,0.122,111.328,0.000,-0.000,0.000,-0.3043,0.3262,-0.1217,0.8867,3146.93,204.88,-10.79,40.74,59293.6,0,0.00,0.00,3
40693,-0.003,0.000,-0.123,0.854,0.061,111.084,0.000,-0.000,0.000,-0.3022,0.1799,-0.3652,0.8620,3148.82,204.14,-10.61,48.04,59283.8,0,0.00,0.00,3
40703,-0.003,0.001,-0.123,0.671,0.000,110.840,0.000,-0.000,0.000,-0.3878,0.1677,-0.3568,0.8332,3150.87,204.07,-10.64,46.44,59254.4,0,0.00,0.00,3
40713,-0.003,-0.001,-0.125,0.916,0.061,110.596,0.000,-0.000,0.000,-0.3584,-0.0290,-0.5398,0.7611,3152.77,203.29,-10.29,65.45,59254.2,0,0.00,0.00,3
40724,-0.004,0.000,-0.125,0.793,-0.061,110.352,0.000,-0.000,0.000,-0.2858,-0.2548,-0.6632,0.6431,3154.65,202.45,-9.77,90.55,59240.8,0,0.00,0.00,3
40733,-0.005,-0.001,-0.124,0.793,-0.061,110.046,0.000,-0.000,0.000,-0.0446,-0.5710,-0.7244,0.3838,3156.40,201.02,-8.92,134.54,59237.3,0,0.00,0.00,3
40743,-0.004,0.000,-0.120,0.793,-0.061,109.985,0.000,-0.000,0.000,0.1147,-0.7263,-0.6436,0.2125,3158.27,200.11,-8.76,152.05,59213.6,0,0.00,0.00,3
40753,-0.005,0.001,-0.125,0.793,-0.244,109.680,0.000,-0.000,0.000,0.0565,-0.7661,-0.5872,0.2552,3160.29,200.03,-8.74,149.70,59185.1,0,0.00,0.00,3
40763,-0.003,0.002,-0.118,0.793,-0.122,109.375,0.000,-0.000,0.000,0.3811,-0.8444,-0.3762,-0.0100,3162.04,198.53,-9.01,135.17,59194.2,0,0.00,0.00,3
40773,-0.001,0.000,-0.124,0.793,-0.122,109.253,0.000,-0.000,0.000,0.4778,-0.8423,-0.2441,-0.0514,3163.95,197.94,-9.16,122.56,59165.9,0,0.00,0.00,3
40783,-0.000,0.002,-0.123,0.732,-0.183,109.009,0.000,-0.000,0.000,0.5530,-0.8213,-0.1264,-0.0607,3165.88,197.43,-9.37,112.39,59150.6,0,0.00,0.00,3
40793,-0.005,0.001,-0.117,0.793,-0.183,108.704,0.000,-0.000,0.000,0.7143,-0.6860,0.0482,-0.1295,3167.72,196.54,-9.88,86.90,59143.2,0,0.00,0.00,3
40803,-0.006,-0.001,-0.116,0.793,-0.244,108.398,0.000,-0.000,0.000,0.6362,-0.7697,0.0522,-0.0016,3169.75,196.67,-9.58,100.98,59112.6,0,0.00,0.00,3
40813,-0.003,0.001,-0.119,0.732,-0.244,108.276,0.000,-0.000,0.000,0.7683,-0.6127,0.1832,-0.0270,3171.61,195.96,-10.02,79.50,59113.3,0,0.00,0.00,3
40824,-0.001,0.001,-0.120,0.793,-0.366,107.971,0.000,-0.000,0.000,0.8131,-0.5253,0.2507,0.0130,3173.52,195.61,-10.19,71.19,59094.1,0,0.00,0.00,3
40833,-0.001,0.000,-0.116,0.793,-0.305,107.727,0.000,-0.000,0.000,0.9225,-0.2161,0.3195,-0.0168,3175.31,194.87,-10.60,45.37,59090.4,0,0.00,0.00,3
40845,-0.002,0.001,-0.114,0.793,-0.244,107.605,0.000,-0.000,0.000,0.9379,-0.1061,0.3281,0.0378,3177.22,194.67,-10.65,40.34,59067.2,0,0.00,0.00,3
40853,-0.004,0.001,-0.115,0.793,-0.366,107.300,0.000,-0.000,0.000,0.9448,0.0220,0.3150,0.0870,3179.11,194.50,-10.68,36.81,59054.2,0,0.00,0.00,3
40863,-0.002,0.001,-0.116,0.732,-0.427,106.934,0.000,-0.000,0.000,0.9389,0.1636,0.2742,0.1284,3181.00,194.35,-10.69,37.24,59041.4,0,0.00,0.00,3
40873,-0.001,-0.001,-0.117,0.732,-0.488,106.812,0.000,-0.000,0.000,0.9202,0.2759,0.2170,0.1734,3182.89,194.27,-10.68,41.09,59026.9,0,0.00,0.00,3
40883,-0.004,0.001,-0.111,0.732,-0.549,106.689,0.000,-0.000,0.000,0.9039,0.2750,0.1986,0.2606,3184.85,194.33,-10.63,39.66,59007.4,0,0.00,0.00,3
40893,-0.002,-0.000,-0.112,0.671,-0.671,106.262,0.000,-0.000,0.000,0.8787,0.2630,0.1888,0.3509,3186.81,194.39,-10.67,37.78,58992.5,0,0.00,0.00,3
40903,-0.000,0.003,-0.119,0.732,-0.427,106.079,0.000,-0.000,0.000,0.8430,0.3795,0.0828,0.3722,3188.69,194.32,-10.60,45.71,58986.9,0,0.00,0.00,3
40913,-0.001,0.000,-0.113,0.549,-0.549,105.957,0.000,-0.000,0.000,0.7995,0.4480,-0.0161,0.3999,3190.59,194.27,-10.47,53.27,58971.4,0,0.00,0.00,3
40924,-0.001,-0.001,-0.112,0.671,-0.671,105.652,0.000,-0.000,0.000,0.7578,0.4655,-0.0819,0.4497,3192.52,194.26,-10.43,56.42,58954.4,0,0.00,0.00,3
40933,-0.003,0.000,-0.106,0.610,-0.488,105.530,0.000,-0.000,0.000,0.7124,0.4736,-0.1480,0.4963,3194.44,194.22,-10.36,59.50,58940.3,0,0.00,0.00,3
40943,-0.002,-0.001,-0.109,0.610,-0.549,105.286,0.000,-0.000,0.000,0.6488,0.5165,-0.3062,0.4674,3196.31,194.05,-10.12,73.81,58933.3,0,0.00,0.00,3
40953,-0.003,0.000,-0.111,0.732,-0.671,104.980,0.000,-0.000,0.000,0.5879,0.5153,-0.4322,0.4495,3198.20,193.86,-9.94,84.53,58917.3,0,0.00,0.00,3
40963,-0.002,0.001,-0.108,0.549,-0.610,104.736,0.000,-0.000,0.000,0.5288,0.4896,-0.5463,0.4270,3200.10,193.65,-9.74,94.37,58903.0,0,0.00,0.00,3
40973,-0.001,0.001,-0.107,0.549,-0.793,104.553,0.000,-0.000,0.000,0.4090,0.4249,-0.7887,0.1735,3201.86,193.03,-9.18,127.25,58905.4,0,0.00,0.00,3
40983,0.000,0.000,-0.108,0.488,-0.854,104.248,0.000,-0.000,0.000,0.3982,0.3629,-0.8054,0.2472,3203.81,192.93,-9.21,124.10,58868.3,0,0.00,0.00,3
40993,0.000,0.000,-0.109,0.488,-0.854,104.065,0.000,-0.000,0.000,0.3493,0.2672,-0.8827,0.1654,3205.68,192.60,-9.05,134.53,58864.0,0,0.00,0.00,3
41003,-0.001,0.002,-0.108,0.488,-0.793,103.882,0.000,-0.000,0.000,0.3007,0.1424,-0.9427,0.0237,3207.53,192.22,-8.94,144.88,58853.6,0,0.00,0.00,3
41013,-0.001,0.001,-0.106,0.427,-0.854,103.638,0.000,-0.000,0.000,0.2676,0.0066,-0.9556,-0.1231,3209.37,191.89,-8.95,145.74,58840.2,0,0.00,0.00,3
41024,-0.000,0.002,-0.107,0.366,-0.854,103.333,0.000,-0.000,0.000,0.2509,-0.1305,-0.9190,-0.2746,3211.21,191.61,-9.04,136.32,58827.2,0,0.00,0.00,3
41033,-0.000,0.000,-0.105,0.366,-0.793,103.210,0.000,-0.000,0.000,0.2559,-0.2483,-0.8487,-0.3906,3213.05,191.42,-9.23,124.33,58812.2,0,0.00,0.00,3
41043,-0.002,0.001,-0.105,0.305,-0.793,102.905,0.000,-0.000,0.000,0.2773,-0.3462,-0.7540,-0.4845,3214.91,191.29,-9.43,112.13,58798.1,0,0.00,0.00,3
41053,-0.001,0.000,-0.103,0.366,-0.916,102.661,0.000,-0.000,0.000,0.3042,-0.4237,-0.5560,-0.6471,3216.72,191.18,-9.84,88.71,58791.8,0,0.00,0.00,3
41064,0.000,0.001,-0.104,0.305,-0.977,102.417,0.000,-0.000,0.000,0.3463,-0.4510,-0.3674,-0.7360,3218.55,191.11,-10.14,71.14,58775.5,0,0.00,0.00,3
41073,-0.001,0.001,-0.103,0.305,-0.977,102.173,0.000,-0.000,0.000,0.4008,-0.4564,-0.2378,-0.7580,3220.41,191.03,-10.29,61.95,58757.3,0,0.00,0.00,3
41083,-0.002,0.002,-0.103,0.244,-0.916,102.112,0.000,-0.000,0.000,0.4579,-0.4403,-0.1149,-0.7637,3222.28,190.94,-10.42,54.14,58743.5,0,0.00,0.00,3
41093,0.000,-0.001,-0.100,0.183,-0.916,101.746,0.000,-0.000,0.000,0.5229,-0.4594,-0.0915,-0.7121,3224.20,190.83,-10.35,55.87,58722.1,0,0.00,0.00,3
41103,-0.000,0.001,-0.099,0.183,-0.977,101.562,0.000,-0.000,0.000,0.5757,-0.3868,0.0587,-0.7180,3226.05,190.71,-10.49,46.06,58719.8,0,0.00,0.00,3
41113,0.000,-0.001,-0.102,0.183,-0.854,101.379,0.000,-0.000,0.000,0.6232,-0.2990,0.1785,-0.7003,3227.90,190.59,-10.55,40.76,58705.1,0,0.00,0.00,3
41124,-0.000,0.000,-0.103,0.122,-0.977,101.074,0.000,-0.000,0.000,0.6844,-0.2961,0.1908,-0.6383,3229.81,190.47,-10.57,41.25,58681.4,0,0.00,0.00,3
41134,-0.000,-0.000,-0.101,0.183,-0.916,100.952,0.000,-0.000,0.000,0.7157,-0.1615,0.2992,-0.6100,3231.66,190.36,-10.56,39.76,58679.8,0,0.00,0.00,3
41143,-0.001,-0.001,-0.103,0.061,-0.977,100.708,0.000,-0.000,0.000,0.7104,0.0403,0.4051,-0.5741,3233.49,190.27,-10.47,48.05,58670.9,0,0.00,0.00,3
41155,0.000,0.001,-0.098,0.000,-1.038,100.403,0.000,-0.000,0.000,0.6701,0.2546,0.4639,-0.5205,3235.32,190.20,-10.23,63.90,58657.8,0,0.00,0.00,3
41163,-0.002,-0.000,-0.101,0.000,-0.977,100.098,0.000,-0.000,0.000,0.5774,0.4837,0.4757,-0.4543,3237.15,190.14,-9.87,85.44,58646.4,0,0.00,0.00,3
41174,-0.000,-0.001,-0.096,-0.061,-1.038,99.976,0.000,-0.000,0.000,0.4957,0.6429,0.4332,-0.3915,3238.99,190.06,-9.62,101.65,58628.0,0,0.00,0.00,3
41183,0.001,0.000,-0.100,-0.061,-1.038,99.731,0.000,-0.000,0.000,0.2865,0.8372,0.3426,-0.3156,3240.81,189.89,-9.19,129.54,58623.4,0,0.00,0.00,3
41193,-0.000,-0.001,-0.099,-0.122,-1.038,99.426,0.000,-0.000,0.000,0.1384,0.9261,0.2280,-0.2667,3242.65,189.67,-9.01,145.02,58602.2,0,0.00,0.00,3
41203,0.000,-0.003,-0.099,-0.122,-1.038,99.304,0.000,-0.000,0.000,0.0052,0.9659,0.1051,-0.2367,3244.50,189.39,-8.95,152.61,58586.4,0,0.00,0.00,3
41213,-0.003,-0.001,-0.100,-0.122,-1.038,98.999,0.000,-0.000,0.000,-0.1120,0.9679,-0.0162,-0.2243,3246.36,189.07,-8.93,150.96,58571.0,0,0.00,0.00,3
41224,-0.003,-0.000,-0.095,-0.122,-0.916,98.816,0.000,-0.000,0.000,-0.3836,0.8840,-0.1708,-0.2054,3248.16,188.45,-9.21,128.42,58566.6,0,0.00,0.00,3
41233,-0.001,0.001,-0.096,-0.183,-0.977,98.633,0.000,-0.000,0.000,-0.6379,0.6848,-0.2887,-0.2020,3249.96,187.75,-9.71,96.00,58553.3,0,0.00,0.00,3
41243,-0.003,-0.000,-0.098,-0.244,-0.916,98.389,0.000,-0.000,0.000,-0.8011,0.4414,-0.3402,-0.2181,3251.76,187.17,-10.15,67.74,58536.6,0,0.00,0.00,3
41253,-0.001,0.000,-0.093,-0.366,-1.099,98.206,0.000,-0.000,0.000,-0.9355,0.0300,-0.2885,-0.2017,3253.52,186.50,-10.56,33.72,58529.9,0,0.00,0.00,3
41263,-0.000,-0.001,-0.093,-0.305,-1.038,97.900,0.000,-0.000,0.000,-0.9326,-0.2176,-0.1943,-0.2127,3255.32,186.22,-10.57,33.92,58508.2,0,0.00,0.00,3
41273,-0.002,0.000,-0.094,-0.366,-0.916,97.595,0.000,-0.000,0.000,-0.8668,-0.4587,-0.0363,-0.1922,3257.11,185.96,-10.34,54.80,58496.3,0,0.00,0.00,3
41283,-0.000,-0.002,-0.094,-0.305,-1.038,97.534,0.000,-0.000,0.000,-0.7715,-0.6005,0.1232,-0.1706,3258.91,185.77,-10.06,75.61,58480.5,0,0.00,0.00,3
41293,0.001,0.000,-0.089,-0.366,-0.916,97.290,0.000,-0.000,0.000,-0.4096,-0.7860,0.4575,0.0716,3260.60,185.06,-9.23,130.86,58484.0,0,0.00,0.00,3
41303,-0.002,-0.001,-0.093,-0.427,-0.977,96.924,0.000,-0.000,0.000,-0.1055,-0.7214,0.6309,0.2653,3262.33,184.47,-9.05,146.82,58462.6,0,0.00,0.00,3
41313,-0.001,-0.001,-0.090,-0.488,-0.916,96.741,0.000,-0.000,0.000,0.2652,-0.4750,0.6651,0.5116,3264.03,183.67,-9.50,109.63,58454.7,0,0.00,0.00,3
41324,0.000,-0.001,-0.096,-0.488,-0.916,96.497,0.000,-0.000,0.000,0.5725,-0.0732,0.4394,0.6883,3265.69,182.86,-10.38,52.91,58445.9,0,0.00,0.00,3
41333,-0.001,-0.000,-0.093,-0.488,-0.854,96.252,0.000,-0.000,0.000,0.6728,0.2778,0.0412,0.6845,3267.35,182.21,-10.58,32.62,58431.7,0,0.00,0.00,3
41343,-0.001,-0.001,-0.093,-0.610,-0.916,96.069,0.000,-0.000,0.000,0.6087,0.2767,0.0274,0.7431,3269.17,182.23,-10.59,32.28,58397.8,0,0.00,0.00,3
41353,0.001,-0.001,-0.093,-0.671,-0.854,95.886,0.000,-0.000,0.000,0.5596,0.3330,-0.1136,0.7504,3270.96,182.04,-10.49,41.20,58389.9,0,0.00,0.00,3
41363,0.000,-0.001,-0.096,-0.610,-0.916,95.581,0.000,-0.000,0.000,0.4746,0.4337,-0.6110,0.4619,3272.58,180.97,-9.69,97.06,58396.0,0,0.00,0.00,3
41373,-0.002,-0.001,-0.090,-0.732,-0.732,95.459,0.000,-0.000,0.000,0.2696,0.3074,-0.9109,-0.0557,3274.16,179.58,-9.07,148.04,58387.2,0,0.00,0.00,3
41383,0.000,-0.001,-0.090,-0.732,-0.854,95.215,0.000,-0.000,0.000,0.1361,0.1150,-0.9023,-0.3924,3275.82,178.82,-9.24,130.91,58364.2,0,0.00,0.00,3
41393,0.001,-0.002,-0.092,-0.732,-0.549,94.971,0.000,-0.000,0.000,0.0060,-0.1061,-0.6661,-0.7383,3277.44,178.09,-9.90,84.82,58355.8,0,0.00,0.00,3
41403,-0.001,-0.001,-0.087,-0.732,-0.793,94.727,0.000,-0.000,0.000,-0.1107,-0.2644,-0.1407,-0.9476,3279.00,177.30,-10.52,34.86,58349.9,0,0.00,0.00,3
41413,-0.002,0.000,-0.086,-0.732,-0.793,94.482,0.000,-0.000,0.000,-0.1294,-0.2666,0.2588,-0.9194,3280.63,176.73,-10.43,43.62,58329.6,0,0.00,0.00,3
41424,-0.001,-0.000,-0.093,-0.732,-0.732,94.238,0.000,-0.000,0.000,-0.1349,-0.1743,0.5921,-0.7751,3282.27,176.02,-10.03,76.23,58317.0,0,0.00,0.00,3
41433,-0.001,-0.000,-0.086,-0.793,-0.610,94.116,0.000,-0.000,0.000,-0.1351,-0.0362,0.7915,-0.5950,3283.92,175.31,-9.59,104.80,58302.2,0,0.00,0.00,3
41443,-0.001,-0.001,-0.087,-0.854,-0.549,93.750,0.000,-0.000,0.000,-0.0829,0.0340,0.7985,-0.5952,3285.67,175.05,-9.56,106.12,58280.0,0,0.00,0.00,3
41453,-0.001,-0.001,-0.085,-0.916,-0.732,93.689,0.000,-0.000,0.000,-0.1872,0.2840,0.9224,-0.1827,3287.21,173.79,-9.08,149.67,58287.4,0,0.00,0.00,3
41465,0.000,-0.001,-0.090,-0.854,-0.610,93.384,0.000,-0.000,0.000,-0.3085,0.4636,0.8000,0.2236,3288.75,172.67,-9.18,135.21,58274.9,0,0.00,0.00,3
41473,-0.000,-0.002,-0.086,-0.854,-0.610,93.140,0.000,-0.000,0.000,-0.4208,0.5196,0.5254,0.5262,3290.30,171.80,-9.74,95.28,58261.8,0,0.00,0.00,3
41483,0.000,-0.001,-0.088,-0.977,-0.610,92.896,0.000,-0.000,0.000,-0.4901,0.5260,0.3636,0.5923,3291.95,171.43,-9.96,79.50,58240.3,0,0.00,0.00,3
41493,-0.000,-0.003,-0.083,-1.038,-0.549,92.712,0.000,-0.000,0.000,-0.5601,0.3548,-0.0264,0.7481,3293.47,170.63,-10.40,41.68,58241.3,0,0.00,0.00,3
41503,0.001,-0.003,-0.081,-1.038,-0.488,92.468,0.000,-0.000,0.000,-0.5394,0.0634,-0.3662,0.7556,3294.97,169.87,-10.37,43.63,58230.6,0,0.00,0.00,3
41513,-0.000,-0.000,-0.085,-0.916,-0.488,92.285,0.000,-0.000,0.000,-0.4769,-0.1948,-0.5348,0.6698,3296.53,169.28,-10.10,69.39,58214.2,0,0.00,0.00,3
41524,-0.002,-0.002,-0.082,-0.977,-0.305,92.102,0.000,-0.000,0.000,-0.3347,-0.4736,-0.6221,0.5261,3298.07,168.61,-9.60,102.85,58205.1,0,0.00,0.00,3
41533,0.000,-0.001,-0.086,-1.038,-0.366,91.797,0.000,-0.000,0.000,-0.1218,-0.7098,-0.6019,0.3451,3299.58,167.83,-9.19,137.07,58195.4,0,0.00,0.00,3
41543,-0.001,-0.002,-0.084,-0.977,-0.244,91.553,0.000,-0.000,0.000,-0.1862,-0.7402,-0.5397,0.3552,3301.28,167.75,-9.23,132.71,58165.6,0,0.00,0.00,3
41553,-0.001,0.000,-0.079,-1.160,-0.366,91.370,0.000,-0.000,0.000,-0.0514,-0.8525,-0.4502,0.2606,3302.85,167.19,-9.13,149.19,58165.1,0,0.00,0.00,3
41563,-0.003,-0.002,-0.082,-0.977,-0.366,91.248,0.000,-0.000,0.000,-0.0017,-0.9052,-0.3586,0.2281,3304.48,166.85,-9.07,153.63,58148.2,0,0.00,0.00,3
41573,0.000,-0.001,-0.081,-1.038,-0.305,90.881,0.000,-0.000,0.000,-0.0448,-0.9273,-0.2843,0.2393,3306.16,166.74,-9.11,151.82,58131.2,0,0.00,0.00,3
41583,-0.001,-0.001,-0.083,-1.099,-0.183,90.759,0.000,-0.000,0.000,0.2039,-0.9556,-0.1324,0.1665,3307.68,165.82,-9.09,149.48,58135.0,0,0.00,0.00,3
41593,0.000,-0.002,-0.079,-1.038,-0.244,90.515,0.000,-0.000,0.000,0.1061,-0.9705,-0.0718,0.2041,3309.38,165.85,-9.11,153.40,58105.3,0,0.00,0.00,3
41603,0.000,0.001,-0.082,-1.099,-0.183,90.210,0.000,-0.000,0.000,0.3282,-0.9225,0.0688,0.1911,3310.90,164.95,-9.24,135.36,58109.9,0,0.00,0.00,3
41613,-0.002,-0.002,-0.079,-1.160,-0.305,90.027,0.000,-0.000,0.000,0.3913,-0.8791,0.1615,0.2192,3312.50,164.50,-9.32,126.70,58090.7,0,0.00,0.00,3
41624,-0.004,-0.000,-0.076,-1.099,-0.183,89.844,0.000,-0.000,0.000,0.4575,-0.8149,0.2449,0.2583,3314.09,164.04,-9.44,116.62,58079.7,0,0.00,0.00,3
41633,-0.001,-0.002,-0.083,-1.099,-0.122,89.600,0.000,-0.000,0.000,0.5958,-0.6707,0.3128,0.3122,3315.62,163.32,-9.71,95.46,58073.3,0,0.00,0.00,3
41643,0.000,-0.002,-0.083,-1.160,0.000,89.355,0.000,-0.000,0.000,0.8051,-0.3459,0.3041,0.3738,3317.03,162.15,-10.27,54.85,58072.0,0,0.00,0.00,3
41653,-0.001,-0.002,-0.080,-1.160,-0.122,89.233,0.000,-0.000,0.000,0.7942,-0.2749,0.3134,0.4421,3318.62,161.97,-10.31,49.27,58045.1,0,0.00,0.00,3
41663,-0.001,0.000,-0.078,-1.160,0.061,88.867,0.000,-0.000,0.000,0.7928,-0.1665,0.2934,0.5076,3320.19,161.73,-10.39,39.44,58036.0,0,0.00,0.00,3
41673,-0.000,-0.001,-0.078,-1.160,0.061,88.684,0.000,-0.000,0.000,0.6240,-0.3433,0.4231,0.5601,3321.97,162.25,-10.11,66.04,58006.1,0,0.00,0.00,3
41683,-0.003,-0.001,-0.075,-1.221,0.061,88.501,0.000,-0.000,0.000,0.6502,-0.1943,0.3741,0.6320,3323.50,161.95,-10.26,49.87,58015.4,0,0.00,0.00,3
41693,0.000,-0.001,-0.077,-1.160,0.122,88.257,0.000,-0.000,0.000,0.6948,0.0473,0.2034,0.6882,3324.94,161.44,-10.50,24.11,58012.8,0,0.00,0.00,3
41703,-0.001,-0.003,-0.074,-1.221,0.122,88.013,0.000,-0.000,0.000,0.6721,0.2081,0.0342,0.7098,3326.42,161.09,-10.48,24.35,57998.7,0,0.00,0.00,3
41713,-0.002,-0.002,-0.078,-1.160,0.244,87.769,0.000,-0.000,0.000,0.6067,0.2050,0.0264,0.7676,3328.04,161.11,-10.51,23.85,57974.6,0,0.00,0.00,3
41724,0.001,-0.003,-0.076,-1.099,0.244,87.646,0.000,-0.000,0.000,0.5542,0.2824,-0.1259,0.7728,3329.55,160.82,-10.40,36.02,57973.3,0,0.00,0.00,3
41733,0.000,0.000,-0.074,-1.099,0.244,87.341,0.000,-0.000,0.000,0.4894,0.3630,-0.4010,0.6840,3330.98,160.19,-10.11,65.49,57971.2,0,0.00,0.00,3
41743,0.000,-0.000,-0.079,-1.221,0.244,87.097,0.000,-0.000,0.000,0.4266,0.3351,-0.4565,0.7052,3332.56,160.01,-10.08,68.98,57944.6,0,0.00,0.00,3
41753,-0.001,-0.002,-0.071,-1.099,0.366,86.975,0.000,-0.000,0.000,0.3624,0.2987,-0.4909,0.7338,3334.16,159.86,-10.05,70.15,57932.0,0,0.00,0.00,3
41763,-0.000,-0.002,-0.071,-1.099,0.488,86.609,0.000,-0.000,0.000,0.2914,0.2614,-0.4896,0.7791,3335.77,159.77,-10.06,67.43,57918.4,0,0.00,0.00,3
41775,-0.002,-0.002,-0.075,-1.038,0.366,86.487,0.000,-0.000,0.000,0.2262,0.2177,-0.5334,0.7855,3337.36,159.55,-10.05,70.35,57910.1,0,0.00,0.00,3
41783,0.001,-0.000,-0.073,-1.038,0.427,86.243,0.000,-0.000,0.000,0.2222,0.0855,-0.7497,0.6175,3338.80,158.62,-9.70,97.98,57912.5,0,0.00,0.00,3
41793,-0.001,-0.000,-0.074,-1.160,0.488,85.999,0.000,-0.000,0.000,0.1860,-0.0063,-0.7935,0.5794,3340.34,158.21,-9.62,105.03,57890.7,0,0.00,0.00,3
41803,-0.000,-0.002,-0.075,-1.099,0.549,85.815,0.000,-0.000,0.000,0.1185,-0.0546,-0.7746,0.6188,3341.94,158.07,-9.64,101.89,57874.4,0,0.00,0.00,3
41813,-0.000,-0.002,-0.068,-1.038,0.427,85.510,0.000,-0.000,0.000,0.1453,-0.2154,-0.8298,0.4939,3343.43,157.37,-9.48,118.02,57873.1,0,0.00,0.00,3
41824,-0.000,-0.001,-0.069,-1.099,0.671,85.388,0.000,-0.000,0.000,0.1998,-0.3827,-0.8295,0.3545,3344.91,156.64,-9.34,131.98,57862.7,0,0.00,0.00,3
41833,0.001,-0.002,-0.073,-1.038,0.671,85.327,0.000,-0.000,0.000,0.3128,-0.5564,-0.7532,0.1591,3346.34,155.74,-9.25,138.91,57855.0,0,0.00,0.00,3
41843,-0.002,-0.002,-0.072,-1.038,0.610,84.900,0.000,-0.000,0.000,0.4045,-0.6605,-0.6315,0.0361,3347.81,155.06,-9.33,132.07,57841.3,0,0.00,0.00,3
41853,-0.002,-0.003,-0.071,-0.977,0.671,84.717,0.000,-0.000,0.000,0.6088,-0.6826,-0.3285,-0.2355,3349.15,153.85,-9.69,98.50,57841.0,0,0.00,0.00,3
41863,-0.004,-0.002,-0.072,-1.038,0.793,84.534,0.000,-0.000,0.000,0.6013,-0.7240,-0.3058,-0.1440,3350.71,153.74,-9.64,103.62,57811.4,0,0.00,0.00,3
41873,-0.003,-0.003,-0.068,-0.977,0.732,84.290,0.000,-0.000,0.000,0.6739,-0.7002,-0.1674,-0.1658,3352.19,153.28,-9.77,92.10,57807.2,0,0.00,0.00,3
41883,0.000,-0.002,-0.069,-0.916,0.793,84.106,0.000,-0.000,0.000,0.5586,-0.7965,-0.2310,0.0166,3353.82,153.44,-9.54,112.05,57783.4,0,0.00,0.00,3
41893,-0.003,-0.001,-0.068,-0.977,0.793,83.862,0.000,-0.000,0.000,0.6208,-0.7753,-0.1150,0.0194,3355.31,153.05,-9.64,103.21,57783.8,0,0.00,0.00,3
41903,-0.000,-0.003,-0.067,-0.854,0.977,83.618,0.000,-0.000,0.000,0.6467,-0.7600,-0.0304,0.0566,3356.82,152.75,-9.67,99.04,57771.2,0,0.00,0.00,3
41913,0.000,-0.002,-0.067,-0.854,0.732,83.374,0.000,-0.000,0.000,0.8924,-0.3728,0.2358,-0.0946,3358.09,151.70,-10.20,52.36,57781.8,0,0.00,0.00,3
41924,-0.001,-0.002,-0.065,-0.854,1.038,83.130,0.000,-0.000,0.000,0.9050,-0.3288,0.2687,-0.0254,3359.59,151.56,-10.20,50.26,57750.7,0,0.00,0.00,3
41933,-0.005,-0.001,-0.064,-0.854,0.916,82.947,0.000,-0.000,0.000,0.9417,-0.0997,0.3205,-0.0230,3361.01,151.25,-10.26,39.22,57748.0,0,0.00,0.00,3
41943,-0.000,-0.001,-0.069,-0.916,1.038,82.764,0.000,-0.000,0.000,0.9406,-0.0840,0.3229,0.0624,3362.53,151.22,-10.33,38.98,57728.3,0,0.00,0.00,3
41953,0.000,-0.003,-0.066,-0.793,1.038,82.520,0.000,-0.000,0.000,0.9327,-0.0612,0.3245,0.1449,3364.04,151.19,-10.32,38.57,57717.8,0,0.00,0.00,3
41963,-0.005,-0.002,-0.068,-0.732,1.038,82.275,0.000,-0.000,0.000,0.9154,-0.0512,0.3259,0.2309,3365.56,151.18,-10.30,38.52,57706.2,0,0.00,0.00,3
41973,0.000,-0.001,-0.066,-0.732,1.099,82.031,0.000,-0.000,0.000,0.9090,0.0891,0.3068,0.2677,3367.02,151.12,-10.33,37.26,57702.9,0,0.00,0.00,3
41983,-0.001,-0.002,-0.068,-0.732,1.099,81.787,0.000,-0.000,0.000,0.8868,0.2515,0.2608,0.2869,3368.45,151.08,-10.31,42.48,57695.2,0,0.00,0.00,3
41993,-0.002,-0.000,-0.064,-0.793,1.099,81.665,0.000,-0.000,0.000,0.8580,0.3070,0.2247,0.3451,3369.94,151.10,-10.25,44.73,57678.4,0,0.00,0.00,3
42003,-0.003,-0.001,-0.063,-0.610,1.160,81.421,0.000,-0.000,0.000,0.8247,0.3436,0.1890,0.4075,3371.44,151.12,-10.25,46.17,57666.7,0,0.00,0.00,3
42013,0.000,-0.002,-0.071,-0.549,1.099,81.238,0.000,-0.000,0.000,0.7779,0.4222,0.1396,0.4441,3372.90,151.10,-10.24,52.80,57661.3,0,0.00,0.00,3
42024,0.000,0.000,-0.066,-0.549,1.160,81.116,0.000,-0.000,0.000,0.7115,0.5274,0.0820,0.4570,3374.31,151.00,-10.08,64.52,57656.3,0,0.00,0.00,3
42033,-0.003,-0.001,-0.063,-0.549,1.282,80.750,0.000,-0.000,0.000,0.6328,0.6180,0.0262,0.4657,3375.73,150.85,-9.98,76.42,57647.0,0,0.00,0.00,3
42043,-0.002,-0.000,-0.065,-0.549,1.282,80.505,0.000,-0.000,0.000,0.5861,0.6284,-0.0292,0.5107,3377.23,150.83,-9.96,77.96,57625.3,0,0.00,0.00,3
42053,-0.001,-0.002,-0.062,-0.488,1.221,80.383,0.000,-0.000,0.000,0.4784,0.7104,-0.0706,0.5114,3378.62,150.57,-9.81,91.10,57629.4,0,0.00,0.00,3
42063,-0.005,-0.003,-0.063,-0.488,1.221,80.200,0.000,-0.000,0.000,0.3882,0.7513,-0.1187,0.5203,3380.06,150.35,-9.77,99.04,57613.3,0,0.00,0.00,3
42073,-0.001,-0.003,-0.060,-0.427,1.221,79.834,0.000,-0.000,0.000,0.2903,0.7860,-0.1647,0.5204,3381.49,150.09,-9.66,106.85,57603.4,0,0.00,0.00,3
42085,-0.000,-0.001,-0.062,-0.366,1.160,79.590,0.000,-0.000,0.000,0.1732,0.8220,-0.2032,0.5030,3382.90,149.75,-9.55,115.72,57595.5,0,0.00,0.00,3
42093,-0.004,-0.004,-0.061,-0.366,1.282,79.468,0.000,-0.000,0.000,0.0699,0.8379,-0.2472,0.4817,3384.33,149.42,-9.52,121.75,57582.2,0,0.00,0.00,3
42103,-0.005,-0.002,-0.061,-0.366,1.282,79.224,0.000,-0.000,0.000,-0.0264,0.8413,-0.2925,0.4539,3385.77,149.08,-9.49,125.91,57570.4,0,0.00,0.00,3
42113,-0.003,-0.002,-0.060,-0.305,1.404,78.979,0.000,-0.000,0.000,-0.1543,0.8468,-0.3177,0.3977,3387.18,148.64,-9.44,129.50,57563.8,0,0.00,0.00,3
42124,-0.002,-0.002,-0.058,-0.122,1.404,78.735,0.000,-0.000,0.000,-0.2477,0.8331,-0.3547,0.3446,3388.62,148.26,-9.44,129.78,57549.3,0,0.00,0.00,3
42133,-0.002,-0.002,-0.057,-0.244,1.343,78.491,0.000,-0.000,0.000,-0.3222,0.8094,-0.3959,0.2903,3390.07,147.91,-9.44,128.59,57537.0,0,0.00,0.00,3
42143,-0.003,-0.003,-0.061,-0.061,1.343,78.430,0.000,-0.000,0.000,-0.3670,0.7767,-0.4493,0.2451,3391.53,147.63,-9.42,127.62,57523.8,0,0.00,0.00,3
42153,-0.003,-0.002,-0.058,-0.122,1.343,78.247,0.000,-0.000,0.000,-0.3319,0.7258,-0.5480,0.2504,3393.04,147.52,-9.42,130.86,57506.6,0,0.00,0.00,3
42163,-0.007,-0.004,-0.061,-0.061,1.465,77.881,0.000,-0.000,0.000,-0.3524,0.6769,-0.6076,0.2202,3394.52,147.30,-9.38,130.90,57500.6,0,0.00,0.00,3
42173,-0.004,-0.005,-0.059,-0.061,1.343,77.759,0.000,-0.000,0.000,-0.4242,0.6370,-0.6275,0.1432,3395.96,146.97,-9.41,126.81,57494.4,0,0.00,0.00,3
42183,-0.002,-0.000,-0.057,0.000,1.343,77.515,0.000,-0.000,0.000,-0.6449,0.6040,-0.4466,-0.1408,3397.27,146.27,-9.71,97.38,57500.8,0,0.00,0.00,3
42193,-0.004,-0.002,-0.058,0.183,1.404,77.271,0.000,-0.000,0.000,-0.6822,0.5519,-0.3795,-0.2933,3398.68,145.96,-9.82,84.10,57478.2,0,0.00,0.00,3
42203,-0.003,-0.001,-0.058,0.122,1.404,76.965,0.000,-0.000,0.000,-0.6756,0.5067,-0.3407,-0.4132,3400.10,145.75,-9.92,75.26,57465.6,0,0.00,0.00,3
42213,-0.003,-0.001,-0.058,0.122,1.404,76.904,0.000,-0.000,0.000,-0.6457,0.4502,-0.1926,-0.5859,3401.48,145.49,-10.08,58.64,57461.0,0,0.00,0.00,3
42224,-0.000,-0.002,-0.056,0.183,1.587,76.721,0.000,-0.000,0.000,-0.5958,0.4299,-0.2377,-0.6354,3402.94,145.43,-10.08,58.84,57440.5,0,0.00,0.00,3
42233,-0.005,-0.001,-0.058,0.183,1.465,76.416,0.000,-0.000,0.000,-0.5002,0.3944,-0.0702,-0.7676,3404.31,145.21,-10.15,47.23,57441.3,0,0.00,0.00,3
42243,-0.004,-0.002,-0.058,0.244,1.404,76.172,0.000,-0.000,0.000,-0.4128,0.3814,-0.0337,-0.8264,3405.74,145.09,-10.17,45.03,57424.5,0,0.00,0.00,3
42253,-0.006,-0.001,-0.054,0.305,1.343,75.989,0.000,-0.000,0.000,-0.3006,0.3762,0.0461,-0.8752,3407.14,144.92,-10.14,44.54,57416.8,0,0.00,0.00,3
42264,-0.004,-0.002,-0.057,0.305,1.343,75.745,0.000,-0.000,0.000,-0.1195,0.3837,0.2568,-0.8789,3408.49,144.56,-10.09,55.00,57414.7,0,0.00,0.00,3
42273,-0.002,-0.002,-0.057,0.366,1.404,75.562,0.000,-0.000,0.000,0.0348,0.4032,0.3882,-0.8280,3409.86,144.22,-9.99,68.06,57401.1,0,0.00,0.00,3
42283,-0.004,-0.002,-0.055,0.427,1.404,75.256,0.000,-0.000,0.000,0.2123,0.4234,0.5750,-0.6671,3411.20,143.68,-9.75,91.13,57396.3,0,0.00,0.00,3
42293,-0.003,-0.002,-0.056,0.488,1.404,75.195,0.000,-0.000,0.000,0.3661,0.4119,0.7670,-0.3287,3412.48,142.93,-9.49,121.06,57392.3,0,0.00,0.00,3
42303,-0.004,-0.002,-0.054,0.488,1.404,74.951,0.000,-0.000,0.000,0.4094,0.4230,0.8009,-0.1094,3413.83,142.54,-9.44,129.85,57372.3,0,0.00,0.00,3
42313,-0.001,-0.003,-0.055,0.549,1.404,74.646,0.000,-0.000,0.000,0.3803,0.3701,0.8130,0.2398,3415.14,142.04,-9.50,126.57,57368.6,0,0.00,0.00,3
42324,-0.003,-0.001,-0.050,0.610,1.526,74.524,0.000,-0.000,0.000,0.1942,0.1908,0.7066,0.6531,3416.38,141.49,-9.78,94.09,57367.2,0,0.00,0.00,3
42333,-0.006,0.000,-0.051,0.549,1.526,74.341,0.000,-0.000,0.000,0.1623,0.2800,0.6988,0.6379,3417.81,141.54,-9.75,97.67,57333.4,0,0.00,0.00,3
42343,-0.004,-0.002,-0.049,0.610,1.465,74.036,0.000,-0.000,0.000,0.0785,0.3036,0.6608,0.6819,3419.20,141.49,-9.81,93.31,57328.3,0,0.00,0.00,3
42353,-0.003,-0.001,-0.053,0.732,1.465,73.730,0.000,-0.000,0.000,-0.1905,0.1092,0.5503,0.8056,3420.45,141.16,-10.02,68.26,57336.8,0,0.00,0.00,3
42363,-0.003,-0.001,-0.052,0.732,1.343,73.608,0.000,-0.000,0.000,-0.4361,-0.1065,0.4452,0.7748,3421.68,140.81,-10.12,54.48,57330.6,0,0.00,0.00,3
42373,-0.004,0.001,-0.050,0.793,1.282,73.425,0.000,-0.000,0.000,-0.5624,-0.2110,0.4208,0.6798,3422.97,140.58,-10.08,56.17,57313.4,0,0.00,0.00,3
42383,-0.006,-0.001,-0.053,0.854,1.282,73.120,0.000,-0.000,0.000,-0.6312,-0.2899,0.4488,0.5622,3424.25,140.30,-10.06,64.60,57305.6,0,0.00,0.00,3
42395,-0.007,-0.001,-0.050,0.977,1.404,73.059,0.000,-0.000,0.000,-0.6602,-0.2797,0.4986,0.4871,3425.60,140.17,-10.01,69.74,57286.7,0,0.00,0.00,3
42403,-0.004,-0.001,-0.050,0.916,1.282,72.754,0.000,-0.000,0.000,-0.6386,-0.2504,0.5957,0.4179,3426.91,139.88,-9.92,80.51,57282.4,0,0.00,0.00,3
42413,-0.003,-0.000,-0.049,0.916,1.282,72.571,0.000,-0.000,0.000,-0.4804,-0.1414,0.7729,0.3897,3428.13,139.19,-9.72,103.58,57283.8,0,0.00,0.00,3
42424,-0.004,0.000,-0.050,1.038,1.282,72.327,0.000,-0.000,0.000,-0.3799,-0.0128,0.8405,0.3861,3429.45,138.79,-9.62,114.41,57262.2,0,0.00,0.00,3
42433,-0.005,-0.001,-0.047,1.038,1.221,72.144,0.000,-0.000,0.000,-0.1087,0.2099,0.8583,0.4555,3430.69,138.02,-9.58,124.15,57260.6,0,0.00,0.00,3
42443,-0.004,-0.000,-0.052,1.160,1.282,71.899,0.000,-0.000,0.000,0.1248,0.3885,0.7459,0.5264,3431.96,137.43,-9.61,114.49,57247.0,0,0.00,0.00,3
42453,-0.007,0.001,-0.052,1.099,1.160,71.777,0.000,-0.000,0.000,0.1955,0.4802,0.6404,0.5666,3433.29,137.21,-9.67,106.35,57230.1,0,0.00,0.00,3
42463,-0.005,-0.001,-0.049,1.160,1.099,71.411,0.000,-0.000,0.000,0.5094,0.5197,0.2386,0.6430,3434.50,136.54,-10.00,69.76,57234.2,0,0.00,0.00,3
42473,-0.005,0.000,-0.048,1.160,1.160,71.289,0.000,-0.000,0.000,0.5130,0.5135,0.1104,0.6790,3435.84,136.44,-10.05,63.37,57210.6,0,0.00,0.00,3
42483,-0.005,0.000,-0.048,1.160,1.160,71.106,0.000,-0.000,0.000,0.5715,0.4195,-0.1235,0.6944,3437.13,136.16,-10.14,51.86,57205.6,0,0.00,0.00,3
42493,-0.004,0.000,-0.047,1.221,1.160,70.923,0.000,-0.000,0.000,0.6357,0.1563,-0.4322,0.6202,3438.37,135.61,-10.11,54.72,57201.9,0,0.00,0.00,3
42503,-0.006,0.001,-0.048,1.282,1.038,70.618,0.000,-0.000,0.000,0.6160,-0.0831,-0.5740,0.5331,3439.65,135.11,-10.01,70.90,57188.3,0,0.00,0.00,3
42513,-0.004,0.000,-0.046,1.404,1.038,70.374,0.000,-0.000,0.000,0.5701,-0.3504,-0.6323,0.3903,3440.92,134.51,-9.80,92.59,57179.4,0,0.00,0.00,3
42524,-0.004,0.001,-0.044,1.404,0.977,70.190,0.000,-0.000,0.000,0.4707,-0.6807,-0.5580,0.0618,3442.14,133.56,-9.59,123.32,57174.9,0,0.00,0.00,3
42533,-0.006,0.000,-0.051,1.404,1.038,70.007,0.000,-0.000,0.000,0.2677,-0.8304,-0.2296,-0.4314,3443.29,132.33,-9.62,118.98,57170.7,0,0.00,0.00,3
42543,-0.004,-0.000,-0.045,1.343,0.977,69.763,0.000,-0.000,0.000,0.1738,-0.7496,0.0201,-0.6383,3444.54,131.75,-9.79,97.16,57152.8,0,0.00,0.00,3
42553,-0.005,0.001,-0.045,1.465,0.916,69.519,0.000,-0.000,0.000,-0.0967,-0.1868,0.4143,-0.8855,3445.63,130.56,-10.10,54.07,57157.4,0,0.00,0.00,3
42563,-0.002,0.000,-0.045,1.587,0.854,69.336,0.000,-0.000,0.000,-0.2298,0.3275,0.4776,-0.7822,3446.80,129.80,-9.95,70.78,57141.1,0,0.00,0.00,3
42573,-0.002,0.001,-0.042,1.526,0.793,69.153,0.000,-0.000,0.000,-0.3792,0.8427,0.2418,-0.2960,3447.88,128.59,-9.58,122.50,57140.2,0,0.00,0.00,3
42583,-0.006,0.003,-0.046,1.465,0.793,68.909,0.000,-0.000,0.000,-0.4118,0.9111,0.0098,-0.0158,3449.09,127.95,-9.53,131.33,57120.5,0,0.00,0.00,3
42593,-0.001,0.000,-0.045,1.587,0.854,68.726,0.000,-0.000,0.000,-0.4440,0.8039,-0.2449,0.3108,3450.27,127.22,-9.63,114.36,57113.1,0,0.00,0.00,3
42603,-0.003,-0.001,-0.049,1.587,0.854,68.604,0.000,-0.000,0.000,-0.4738,0.6811,-0.3687,0.4192,3451.50,126.78,-9.71,101.52,57099.8,0,0.00,0.00,3
42613,-0.003,-0.000,-0.045,1.648,0.732,68.298,0.000,-0.000,0.000,-0.5094,0.6537,-0.4204,0.3694,3452.77,126.56,-9.71,102.01,57087.5,0,0.00,0.00,3
42624,-0.006,0.000,-0.046,1.648,0.732,67.932,0.000,-0.000,0.000,-0.5021,0.1307,-0.4819,0.7061,3453.88,125.70,-10.02,59.91,57091.7,0,0.00,0.00,3
42633,-0.003,0.002,-0.040,1.709,0.610,67.871,0.000,-0.000,0.000,-0.2444,-0.5541,-0.1808,0.7749,3454.91,124.79,-9.90,71.31,57089.8,0,0.00,0.00,3
42643,-0.003,0.002,-0.047,1.770,0.671,67.688,0.000,-0.000,0.000,-0.1964,-0.6697,-0.0238,0.7158,3456.12,124.61,-9.82,84.16,57067.2,0,0.00,0.00,3
42653,-0.006,0.001,-0.045,1.648,0.610,67.505,0.000,-0.000,0.000,0.1423,-0.7981,0.3653,0.4576,3457.22,124.03,-9.52,122.74,57067.8,0,0.00,0.00,3
42663,-0.003,0.002,-0.042,1.770,0.549,67.261,0.000,-0.000,0.000,0.5581,-0.5324,0.6364,0.0031,3458.27,123.04,-9.64,112.15,57064.6,0,0.00,0.00,3
42673,-0.004,0.002,-0.043,1.831,0.671,66.956,0.000,-0.000,0.000,0.7478,-0.1161,0.5792,-0.3029,3459.37,122.26,-9.91,72.42,57051.7,0,0.00,0.00,3
42683,-0.004,0.001,-0.038,1.892,0.488,66.833,0.000,-0.000,0.000,0.7969,0.1106,0.4566,-0.3797,3460.53,121.94,-9.98,56.04,57037.3,0,0.00,0.00,3
42693,-0.002,0.000,-0.039,1.831,0.549,66.589,0.000,-0.000,0.000,0.7703,0.3815,0.1674,-0.4827,3461.66,121.62,-10.04,49.24,57032.2,0,0.00,0.00,3
42705,-0.004,0.001,-0.042,1.953,0.488,66.406,0.000,-0.000,0.000,0.5694,0.5629,-0.2598,-0.5399,3462.75,121.34,-9.88,76.62,57027.0,0,0.00,0.00,3
42713,-0.004,0.002,-0.040,1.770,0.427,66.223,0.000,-0.000,0.000,0.1983,0.5339,-0.6487,-0.5048,3463.84,121.00,-9.62,114.31,57020.8,0,0.00,0.00,3
42724,-0.000,0.002,-0.035,1.892,0.244,66.040,0.000,-0.000,0.000,0.2630,0.4810,-0.6779,-0.4898,3465.05,121.00,-9.65,112.45,57000.2,0,0.00,0.00,3
42733,-0.004,0.002,-0.039,2.075,0.244,65.735,0.000,-0.000,0.000,0.0168,0.3316,-0.8255,-0.4565,3466.19,120.68,-9.56,125.64,56999.4,0,0.00,0.00,3
42743,-0.004,0.001,-0.042,1.892,0.244,65.552,0.000,-0.000,0.000,0.3115,0.3500,-0.7634,-0.4446,3467.46,120.92,-9.64,114.24,56977.8,0,0.00,0.00,3
42753,-0.002,0.003,-0.040,2.075,0.244,65.369,0.000,-0.000,0.000,0.5236,0.3428,-0.6868,-0.3697,3468.72,121.11,-9.72,100.27,56970.4,0,0.00,0.00,3
42763,-0.003,0.001,-0.038,2.014,0.183,65.125,0.000,-0.000,0.000,0.0835,0.0926,-0.8856,-0.4473,3469.80,120.42,-9.58,125.86,56979.0,0,0.00,0.00,3
42773,-0.002,0.004,-0.042,2.014,0.122,64.880,0.000,-0.000,0.000,-0.3172,-0.1707,-0.8035,-0.4739,3470.89,119.82,-9.62,110.46,56969.3,0,0.00,0.00,3
42783,-0.002,0.003,-0.038,2.014,0.061,64.758,0.000,-0.000,0.000,-0.2348,-0.2225,-0.8065,-0.4949,3472.10,119.85,-9.62,113.57,56950.1,0,0.00,0.00,3
42793,-0.002,0.001,-0.038,2.075,-0.061,64.453,0.000,-0.000,0.000,-0.6688,-0.4151,-0.3793,-0.4863,3473.14,119.24,-9.93,68.43,56957.1,0,0.00,0.00,3
42803,-0.002,0.001,-0.042,2.014,-0.061,64.209,0.000,-0.000,0.000,-0.5769,-0.4469,-0.4070,-0.5494,3474.35,119.34,-9.91,74.37,56933.6,0,0.00,0.00,3
42813,-0.001,0.004,-0.039,2.014,-0.061,64.087,0.000,-0.000,0.000,-0.6950,-0.4516,-0.1135,-0.5479,3475.47,119.15,-9.99,55.50,56933.1,0,0.00,0.00,3
42824,-0.003,0.003,-0.038,2.075,-0.183,63.782,0.000,-0.000,0.000,-0.7346,-0.3928,0.1266,-0.5385,3476.61,118.98,-10.06,48.75,56923.8,0,0.00,0.00,3
42833,-0.003,0.000,-0.042,2.014,-0.122,63.660,0.000,-0.000,0.000,-0.7206,-0.3264,0.2660,-0.5509,3477.77,118.84,-10.09,49.81,56913.6,0,0.00,0.00,3
42843,-0.003,0.003,-0.039,2.075,-0.244,63.538,0.000,-0.000,0.000,-0.7082,-0.1783,0.4543,-0.5102,3478.90,118.54,-10.04,58.42,56907.5,0,0.00,0.00,3
42853,-0.005,0.001,-0.035,2.075,-0.122,63.232,0.000,-0.000,0.000,-0.6722,-0.0125,0.5789,-0.4615,3480.05,118.19,-9.97,70.76,56898.7,0,0.00,0.00,3
42863,-0.001,0.002,-0.037,2.197,-0.244,63.049,0.000,-0.000,0.000,-0.5732,0.3605,0.7121,-0.1853,3481.12,117.34,-9.73,105.92,56896.6,0,0.00,0.00,3
42873,-0.004,0.002,-0.040,2.014,-0.305,62.805,0.000,-0.000,0.000,-0.3510,0.6896,0.5888,0.2336,3482.15,116.27,-9.59,130.13,56890.7,0,0.00,0.00,3
42883,-0.001,0.001,-0.038,2.075,-0.305,62.683,0.000,-0.000,0.000,-0.1856,0.7754,0.3451,0.4952,3483.24,115.61,-9.65,116.14,56878.6,0,0.00,0.00,3
42893,-0.004,0.002,-0.036,2.197,-0.427,62.439,0.000,-0.000,0.000,-0.2900,0.8100,0.3602,0.3607,3484.42,115.60,-9.64,124.86,56861.9,0,0.00,0.00,3
42903,-0.003,0.003,-0.035,2.136,-0.427,62.317,0.000,-0.000,0.000,-0.2204,0.8054,0.1534,0.5283,3485.53,115.20,-9.72,110.15,56860.0,0,0.00,0.00,3
42913,-0.001,0.004,-0.035,2.014,-0.549,62.012,0.000,-0.000,0.000,-0.2741,0.8261,0.1038,0.4812,3486.68,115.04,-9.70,112.74,56847.7,0,0.00,0.00,3
42924,-0.002,0.001,-0.037,2.136,-0.549,61.829,0.000,-0.000,0.000,-0.0348,0.3889,-0.3337,0.8580,3487.65,114.32,-10.00,61.65,56855.5,0,0.00,0.00,3
42933,-0.001,0.002,-0.037,2.197,-0.732,61.584,0.000,-0.000,0.000,0.0380,0.0470,-0.4560,0.8879,3488.72,113.97,-10.03,54.57,56839.5,0,0.00,0.00,3
42943,0.000,0.002,-0.035,2.075,-0.671,61.462,0.000,-0.000,0.000,0.0833,-0.2559,-0.4673,0.8421,3489.80,113.64,-9.97,64.39,56831.0,0,0.00,0.00,3
42953,-0.000,0.003,-0.036,2.075,-0.610,61.157,0.000,-0.000,0.000,0.1642,-0.5864,-0.3740,0.6995,3490.86,113.25,-9.84,88.14,56825.1,0,0.00,0.00,3
42963,-0.001,0.003,-0.037,2.075,-0.732,60.913,0.000,-0.000,0.000,-0.0109,-0.4172,-0.3946,0.8186,3492.04,113.29,-9.94,70.09,56805.9,0,0.00,0.00,3
42973,-0.002,0.003,-0.036,2.075,-0.732,60.730,0.000,-0.000,0.000,-0.0349,-0.5190,-0.3282,0.7885,3493.15,113.10,-9.89,75.76,56804.2,0,0.00,0.00,3
42983,-0.001,0.000,-0.034,2.075,-0.854,60.486,0.000,-0.000,0.000,0.0713,-0.7474,-0.1412,0.6452,3494.21,112.72,-9.74,99.05,56801.0,0,0.00,0.00,3
42993,-0.000,0.002,-0.033,2.136,-1.038,60.425,0.000,-0.000,0.000,0.1439,-0.8385,0.0357,0.5244,3495.30,112.40,-9.67,114.11,56791.4,0,0.00,0.00,3
43003,0.000,0.002,-0.037,2.075,-0.977,60.120,0.000,-0.000,0.000,0.0626,-0.8131,0.0721,0.5743,3496.43,112.34,-9.69,109.43,56778.4,0,0.00,0.00,3
43015,0.000,0.003,-0.033,2.014,-1.038,59.998,0.000,-0.000,0.000,0.1596,-0.8354,0.2569,0.4590,3497.51,111.98,-9.64,121.84,56775.4,0,0.00,0.00,3
43024,-0.002,0.001,-0.031,2.075,-1.038,59.753,0.000,-0.000,0.000,0.2398,-0.7990,0.4064,0.3727,3498.60,111.65,-9.61,127.39,56766.7,0,0.00,0.00,3
43033,-0.002,0.001,-0.031,2.075,-1.099,59.387,0.000,-0.000,0.000,0.5173,-0.5944,0.6098,0.0848,3499.62,110.78,-9.66,116.77,56764.0,0,0.00,0.00,3
43043,-0.002,0.002,-0.033,2.075,-1.221,59.265,0.000,-0.000,0.000,0.7699,-0.0343,0.5348,-0.3465,3500.56,109.28,-9.93,64.81,56761.9,0,0.00,0.00,3
43053,-0.001,0.003,-0.035,2.014,-1.221,59.082,0.000,-0.000,0.000,0.7005,0.4288,0.1525,-0.5497,3501.53,108.31,-9.99,54.14,56751.8,0,0.00,0.00,3
43063,0.001,0.001,-0.035,2.014,-1.282,58.899,0.000,-0.000,0.000,0.2729,0.6572,-0.4231,-0.5609,3502.45,107.29,-9.72,102.82,56747.4,0,0.00,0.00,3
43073,-0.002,0.000,-0.030,1.953,-1.160,58.716,0.000,-0.000,0.000,0.0335,0.5820,-0.6489,-0.4890,3503.46,106.87,-9.64,121.31,56733.6,0,0.00,0.00,3
43083,-0.001,0.003,-0.030,2.014,-1.404,58.533,0.000,-0.000,0.000,-0.2237,0.4153,-0.7827,-0.4060,3504.47,106.36,-9.62,124.77,56726.4,0,0.00,0.00,3
43093,0.002,0.002,-0.032,2.014,-1.404,58.289,0.000,-0.000,0.000,-0.5342,0.1501,-0.7801,-0.2889,3505.46,105.68,-9.74,105.21,56720.3,0,0.00,0.00,3
43103,0.000,0.001,-0.030,1.953,-1.404,58.105,0.000,-0.000,0.000,-0.1813,0.2660,-0.8405,-0.4358,3506.59,106.18,-9.64,123.67,56703.8,0,0.00,0.00,3
43113,0.001,0.003,-0.029,2.014,-1.465,57.861,0.000,-0.000,0.000,-0.8366,-0.2458,-0.4633,-0.1584,3507.38,104.12,-9.93,63.26,56717.1,0,0.00,0.00,3
43124,0.000,0.000,-0.027,2.014,-1.526,57.739,0.000,-0.000,0.000,-0.8592,-0.3168,-0.3575,-0.1834,3508.40,104.02,-9.95,57.06,56696.2,0,0.00,0.00,3
43133,-0.001,0.000,-0.032,2.014,-1.526,57.495,0.000,-0.000,0.000,-0.5396,-0.1786,-0.7062,-0.4221,3509.55,104.75,-9.78,93.52,56681.1,0,0.00,0.00,3
43143,0.001,0.002,-0.032,1.892,-1.648,57.312,0.000,-0.000,0.000,-0.6400,-0.2976,-0.5652,-0.4272,3510.56,104.55,-9.86,79.39,56681.9,0,0.00,0.00,3
43153,0.002,0.001,-0.029,1.953,-1.709,57.007,0.000,-0.000,0.000,-0.2870,-0.2274,-0.7793,-0.5086,3511.70,105.01,-9.71,108.54,56667.4,0,0.00,0.00,3
43163,0.002,0.002,-0.030,1.953,-1.770,56.946,0.000,-0.000,0.000,-0.6310,-0.4065,-0.4234,-0.5073,3512.63,104.51,-9.88,71.88,56671.7,0,0.00,0.00,3
43173,0.001,0.002,-0.030,1.831,-1.892,56.641,0.000,-0.000,0.000,-0.4334,-0.4200,-0.5571,-0.5705,3513.73,104.73,-9.80,88.48,56655.0,0,0.00,0.00,3
43183,0.000,0.003,-0.030,1.831,-1.892,56.458,0.000,-0.000,0.000,-0.6077,-0.4722,-0.2521,-0.5867,3514.70,104.49,-9.91,64.73,56655.2,0,0.00,0.00,3
43193,0.000,0.000,-0.028,1.831,-1.892,56.274,0.000,-0.000,0.000,-0.7340,-0.3929,0.1490,-0.5335,3515.65,104.19,-9.98,49.70,56649.9,0,0.00,0.00,3
43203,0.002,0.000,-0.031,1.831,-2.014,56.030,0.000,-0.000,0.000,-0.7233,-0.3146,0.3089,-0.5314,3516.66,104.03,-9.97,52.33,56639.2,0,0.00,0.00,3
43213,-0.000,0.002,-0.030,1.831,-2.014,55.847,0.000,-0.000,0.000,-0.6515,-0.3403,0.2652,-0.6241,3517.72,104.07,-9.99,51.12,56628.3,0,0.00,0.00,3
43224,0.000,0.002,-0.028,1.709,-1.953,55.725,0.000,-0.000,0.000,-0.6558,-0.1506,0.4861,-0.5576,3518.70,103.67,-9.94,61.17,56626.9,0,0.00,0.00,3
43233,0.002,0.000,-0.027,1.709,-2.136,55.420,0.000,-0.000,0.000,-0.4775,0.4800,0.7352,0.0319,3519.44,101.71,-9.65,122.81,56636.8,0,0.00,0.00,3
43243,0.000,0.000,-0.028,1.587,-2.136,55.115,0.000,-0.000,0.000,-0.4374,0.5863,0.6779,0.0735,3520.44,101.37,-9.64,127.34,56612.0,0,0.00,0.00,3
43253,0.001,0.001,-0.028,1.587,-2.197,54.932,0.000,-0.000,0.000,-0.4840,0.5656,0.6599,-0.1021,3521.49,101.34,-9.67,120.71,56601.0,0,0.00,0.00,3
43263,-0.001,0.002,-0.025,1.648,-2.136,54.932,0.000,-0.000,0.000,-0.4433,0.6805,0.5828,-0.0276,3522.47,100.96,-9.68,127.26,56598.2,0,0.00,0.00,3
43273,0.001,0.000,-0.027,1.526,-2.380,54.565,0.000,-0.000,0.000,-0.4024,0.7832,0.4662,0.0861,3523.44,100.55,-9.62,131.40,56592.0,0,0.00,0.00,3
43283,0.001,-0.001,-0.026,1.587,-2.319,54.443,0.000,-0.000,0.000,-0.3386,0.8482,0.2589,0.3145,3524.37,100.03,-9.65,124.95,56587.5,0,0.00,0.00,3
43293,0.001,0.002,-0.029,1.587,-2.319,54.199,0.000,-0.000,0.000,-0.3049,0.8254,0.0659,0.4706,3525.32,99.62,-9.70,111.79,56579.8,0,0.00,0.00,3
43303,0.001,0.001,-0.024,1.465,-2.319,54.016,0.000,-0.000,0.000,-0.3641,0.8593,0.0532,0.3552,3526.34,99.49,-9.70,118.85,56567.5,0,0.00,0.00,3
43313,0.003,0.002,-0.023,1.404,-2.502,53.833,0.000,-0.000,0.000,-0.3237,0.7014,-0.1956,0.6041,3527.24,99.02,-9.79,93.47,56569.1,0,0.00,0.00,3
43330,0.003,-0.001,-0.023,1.404,-2.502,53.650,0.000,-0.000,0.000,-0.1775,0.1739,-0.4419,0.8620,3528.05,98.39,-9.92,56.70,56569.9,0,0.00,0.00,3
43334,0.005,-0.001,-0.024,1.404,-2.686,53.467,0.000,-0.000,0.000,-0.0158,-0.3644,-0.4298,0.8260,3528.89,97.92,-9.92,68.60,56562.2,0,0.00,0.00,3
43344,0.002,0.000,-0.026,1.404,-2.563,53.101,0.000,-0.000,0.000,0.1839,-0.7814,-0.2036,0.5605,3529.72,97.43,-9.74,107.70,56557.4,0,0.00,0.00,3
43353,0.001,0.000,-0.023,1.282,-2.625,52.979,0.000,-0.000,0.000,0.2836,-0.8898,0.0091,0.3573,3530.62,97.05,-9.68,125.72,56545.4,0,0.00,0.00,3
43363,0.000,0.000,-0.026,1.160,-2.747,52.795,0.000,-0.000,0.000,0.2404,-0.8801,0.0683,0.4038,3531.59,96.89,-9.66,123.94,56531.7,0,0.00,0.00,3
43373,-0.001,-0.001,-0.024,1.221,-2.747,52.490,0.000,-0.000,0.000,0.2440,-0.8750,0.1724,0.3809,3532.55,96.67,-9.65,126.21,56526.9,0,0.00,0.00,3
43383,0.004,-0.000,-0.023,1.160,-2.808,52.429,0.000,-0.000,0.000,0.4350,-0.7916,0.4148,0.1097,3533.41,96.05,-9.69,126.70,56528.2,0,0.00,0.00,3
43393,0.002,0.000,-0.023,1.160,-2.869,52.246,0.000,-0.000,0.000,0.3226,-0.8055,0.4113,0.2791,3534.41,96.07,-9.68,129.49,56508.8,0,0.00,0.00,3
43404,0.001,0.001,-0.026,0.977,-2.991,51.941,0.000,-0.000,0.000,0.6318,-0.4728,0.6007,-0.1279,3535.21,94.96,-9.78,99.72,56521.0,0,0.00,0.00,3
43413,0.003,0.000,-0.025,1.099,-2.808,51.819,0.000,-0.000,0.000,0.7546,0.0069,0.4996,-0.4253,3536.00,93.99,-9.95,59.95,56513.3,0,0.00,0.00,3
43424,-0.001,0.000,-0.024,1.038,-3.052,51.636,0.000,-0.000,0.000,0.7889,0.0908,0.4642,-0.3923,3536.93,93.86,-9.92,56.46,56495.8,0,0.00,0.00,3
43433,0.002,-0.002,-0.026,0.977,-2.991,51.331,0.000,-0.000,0.000,0.8001,-0.0284,0.5618,-0.2084,3537.92,93.99,-9.91,68.46,56483.8,0,0.00,0.00,3
43443,0.003,0.000,-0.022,0.916,-3.113,51.147,0.000,-0.000,0.000,0.8382,0.2831,0.3078,-0.3501,3538.76,93.62,-9.97,49.44,56489.9,0,0.00,0.00,3
43453,0.004,-0.001,-0.022,0.916,-3.174,51.086,0.000,-0.000,0.000,0.8538,0.3507,0.2152,-0.3188,3539.68,93.58,-9.98,48.60,56477.1,0,0.00,0.00,3
43463,0.004,-0.001,-0.023,0.854,-3.113,50.720,0.000,-0.000,0.000,0.6510,0.5449,-0.2820,-0.4470,3540.46,93.31,-9.88,75.69,56482.7,0,0.00,0.00,3
43473,0.005,-0.003,-0.023,0.854,-3.052,50.720,0.000,-0.000,0.000,0.4240,0.5169,-0.5803,-0.4650,3541.31,93.15,-9.79,102.00,56471.8,0,0.00,0.00,3
43483,0.000,-0.002,-0.021,0.732,-3.235,50.293,0.000,-0.000,0.000,0.0093,0.3320,-0.8237,-0.4596,3542.11,92.78,-9.71,125.27,56470.2,0,0.00,0.00,3
43493,0.003,-0.001,-0.017,0.732,-3.235,50.171,0.000,-0.000,0.000,-0.0034,0.2416,-0.8553,-0.4583,3543.03,92.70,-9.73,125.44,56453.1,0,0.00,0.00,3
43503,0.002,0.000,-0.021,0.610,-3.174,49.988,0.000,-0.000,0.000,0.0843,0.1911,-0.8666,-0.4533,3543.97,92.69,-9.69,125.09,56444.2,0,0.00,0.00,3
43513,0.002,-0.000,-0.024,0.671,-3.418,49.805,0.000,-0.000,0.000,0.1750,0.1419,-0.8724,-0.4338,3544.91,92.69,-9.67,124.22,56437.4,0,0.00,0.00,3
43524,0.000,-0.001,-0.021,0.549,-3.418,49.622,0.000,-0.000,0.000,-0.0412,-0.0436,-0.8789,-0.4732,3545.77,92.42,-9.71,123.29,56439.0,0,0.00,0.00,3
43533,0.001,-0.002,-0.023,0.488,-3.357,49.438,0.000,-0.000,0.000,-0.1492,-0.1798,-0.8331,-0.5014,3546.66,92.26,-9.72,116.92,56430.2,0,0.00,0.00,3
43543,0.003,-0.001,-0.020,0.427,-3.357,49.133,0.000,-0.000,0.000,0.0508,-0.1822,-0.8652,-0.4644,3547.62,92.34,-9.70,124.30,56415.5,0,0.00,0.00,3
43553,0.001,-0.003,-0.019,0.366,-3.357,49.011,0.000,-0.000,0.000,-0.1472,-0.3460,-0.7551,-0.5371,3548.48,92.14,-9.76,112.32,56420.5,0,0.00,0.00,3
43563,0.000,-0.001,-0.019,0.305,-3.418,48.889,0.000,-0.000,0.000,-0.3230,-0.4621,-0.5664,-0.6011,3549.33,92.01,-9.81,93.94,56414.9,0,0.00,0.00,3
43573,0.002,-0.002,-0.021,0.305,-3.418,48.645,0.000,-0.000,0.000,-0.5659,-0.4912,-0.1813,-0.6369,3550.13,91.88,-9.91,63.15,56415.0,0,0.00,0.00,3
43583,0.001,-0.003,-0.021,0.244,-3.540,48.462,0.000,-0.000,0.000,-0.7293,-0.2788,0.3701,-0.5034,3550.86,91.64,-9.92,55.21,56418.1,0,0.00,0.00,3
43593,0.001,-0.003,-0.020,0.183,-3.540,48.157,0.000,-0.000,0.000,-0.6801,0.0237,0.6720,-0.2921,3551.64,91.29,-9.80,84.51,56407.7,0,0.00,0.00,3
43603,-0.000,-0.004,-0.020,0.061,-3.601,48.035,0.000,-0.000,0.000,-0.5638,0.2957,0.7662,-0.0880,3552.44,90.85,-9.73,110.42,56398.4,0,0.00,0.00,3
43613,0.002,-0.004,-0.022,-0.061,-3.601,47.852,0.000,-0.000,0.000,-0.4715,0.4771,0.7404,0.0416,3553.29,90.48,-9.66,123.49,56387.8,0,0.00,0.00,3
43624,0.001,-0.002,-0.021,-0.061,-3.540,47.607,0.000,-0.000,0.000,-0.3102,0.6726,0.6014,0.2994,3554.08,90.02,-9.67,128.93,56388.0,0,0.00,0.00,3
43635,0.003,-0.002,-0.018,-0.183,-3.601,47.363,0.000,-0.000,0.000,-0.2073,0.7507,0.4203,0.4656,3554.90,89.70,-9.70,118.71,56378.2,0,0.00,0.00,3
43643,0.002,-0.003,-0.022,-0.183,-3.723,47.241,0.000,-0.000,0.000,-0.2942,0.7825,0.4201,0.3530,3555.83,89.59,-9.66,125.28,56357.9,0,0.00,0.00,3
43653,-0.001,-0.003,-0.019,-0.244,-3.723,46.997,0.000,-0.000,0.000,-0.3010,0.8168,0.3288,0.3662,3556.71,89.38,-9.71,123.41,56358.4,0,0.00,0.00,3
43663,0.002,-0.003,-0.017,-0.305,-3.662,46.875,0.000,-0.000,0.000,-0.2648,0.8206,0.1626,0.4796,3557.53,89.13,-9.71,113.56,56359.4,0,0.00,0.00,3
43673,0.002,-0.003,-0.018,-0.366,-3.845,46.692,0.000,-0.000,0.000,-0.2946,0.8276,0.0826,0.4706,3558.41,88.93,-9.71,112.55,56345.8,0,0.00,0.00,3
43683,0.002,-0.003,-0.017,-0.488,-3.784,46.509,0.000,-0.000,0.000,-0.2749,0.7779,-0.0737,0.5602,3559.20,88.63,-9.74,102.77,56352.5,0,0.00,0.00,3
43693,0.003,-0.001,-0.020,-0.488,-3.784,46.326,0.000,-0.000,0.000,-0.2883,0.7406,-0.1773,0.5806,3560.01,88.32,-9.74,99.19,56343.8,0,0.00,0.00,3
43703,-0.000,-0.002,-0.019,-0.671,-3.784,45.959,0.000,-0.000,0.000,-0.3254,0.7266,-0.2446,0.5535,3560.85,88.03,-9.76,100.11,56332.8,0,0.00,0.00,3
43713,0.001,-0.002,-0.018,-0.610,-3.845,45.837,0.000,-0.000,0.000,-0.3579,0.7427,-0.2991,0.4805,3561.67,87.62,-9.73,106.38,56331.2,0,0.00,0.00,3
43724,0.003,-0.003,-0.019,-0.732,-3.906,45.654,0.000,-0.000,0.000,-0.3657,0.8198,-0.3271,0.2954,3562.43,87.01,-9.67,123.92,56331.4,0,0.00,0.00,3
43733,-0.001,-0.004,-0.016,-0.732,-3.845,45.471,0.000,-0.000,0.000,-0.3848,0.8041,-0.3860,0.2374,3563.29,86.72,-9.68,126.24,56311.5,0,0.00,0.00,3
43743,0.002,-0.003,-0.016,-0.732,-4.028,45.166,0.000,-0.000,0.000,-0.3159,0.8661,-0.3857,-0.0355,3564.08,86.09,-9.67,142.93,56315.4,0,0.00,0.00,3
43753,-0.001,-0.004,-0.017,-0.854,-3.967,45.044,0.000,-0.000,0.000,-0.2979,0.8398,-0.4432,-0.0976,3564.93,85.84,-9.65,143.47,56299.8,0,0.00,0.00,3
43763,0.000,-0.003,-0.014,-0.854,-3.967,44.922,0.000,-0.000,0.000,-0.0821,0.8248,-0.3712,-0.4186,3565.70,85.28,-9.73,129.50,56304.0,0,0.00,0.00,3
43773,0.001,-0.003,-0.014,-0.977,-3.906,44.617,0.000,-0.000,0.000,0.2110,0.6914,-0.2173,-0.6559,3566.46,84.90,-9.83,92.89,56298.9,0,0.00,0.00,3
43783,0.002,-0.004,-0.019,-1.160,-3.967,44.495,0.000,-0.000,0.000,0.0295,0.7451,-0.4686,-0.4737,3567.38,85.06,-9.74,123.34,56272.8,0,0.00,0.00,3
43793,0.002,-0.002,-0.017,-1.160,-3.967,44.189,0.000,-0.000,0.000,0.4448,0.5616,-0.1873,-0.6721,3568.10,84.85,-9.88,72.60,56291.8,0,0.00,0.00,3
43803,0.002,-0.003,-0.014,-1.404,-4.028,44.128,0.000,-0.000,0.000,0.6922,0.3448,0.0761,-0.6294,3568.86,84.81,-9.93,41.36,56282.6,0,0.00,0.00,3
43813,0.000,-0.003,-0.018,-1.282,-4.028,43.884,0.000,-0.000,0.000,0.8005,0.0407,0.4503,-0.3935,3569.57,84.66,-9.90,53.76,56283.2,0,0.00,0.00,3
43824,-0.000,-0.004,-0.014,-1.404,-3.967,43.701,0.000,-0.000,0.000,0.5594,-0.2768,0.7810,0.0219,3570.24,84.22,-9.74,111.91,56285.0,0,0.00,0.00,3
43833,0.000,-0.004,-0.012,-1.465,-4.028,43.579,0.000,-0.000,0.000,0.5020,-0.2476,0.8213,0.1102,3571.06,84.05,-9.75,118.14,56258.2,0,0.00,0.00,3
43843,-0.000,-0.004,-0.018,-1.587,-4.211,43.335,0.000,-0.000,0.000,0.1354,-0.3296,0.8775,0.3208,3571.80,83.71,-9.69,139.24,56264.2,0,0.00,0.00,3
43853,0.000,-0.005,-0.014,-1.648,-4.089,43.152,0.000,-0.000,0.000,-0.2519,-0.3493,0.8048,0.4084,3572.55,83.47,-9.77,122.65,56257.9,0,0.00,0.00,3
43863,-0.000,-0.005,-0.012,-1.770,-4.089,42.908,0.000,-0.000,0.000,-0.6346,-0.3409,0.5877,0.3683,3573.27,83.31,-9.86,85.59,56254.9,0,0.00,0.00,3
43873,0.000,-0.005,-0.012,-1.709,-4.089,42.786,0.000,-0.000,0.000,-0.7468,-0.3050,0.5160,0.2881,3574.07,83.28,-9.87,73.66,56239.5,0,0.00,0.00,3
43883,-0.003,-0.006,-0.014,-1.892,-4.150,42.542,0.000,-0.000,0.000,-0.8485,-0.2839,0.4098,0.1776,3574.86,83.26,-9.93,59.80,56236.2,0,0.00,0.00,3
43893,-0.003,-0.003,-0.014,-1.831,-4.150,42.358,0.000,-0.000,0.000,-0.9137,-0.2805,0.2904,0.0466,3575.63,83.23,-9.93,47.63,56233.1,0,0.00,0.00,3
43903,-0.000,-0.005,-0.016,-2.014,-4.028,42.114,0.000,-0.000,0.000,-0.9336,-0.3010,0.1704,-0.0931,3576.37,83.16,-9.95,40.47,56233.1,0,0.00,0.00,3
43913,0.000,-0.005,-0.010,-2.075,-4.150,41.931,0.000,-0.000,0.000,-0.9166,-0.3142,0.1662,-0.1833,3577.13,83.07,-9.91,41.64,56224.6,0,0.00,0.00,3
43924,0.002,-0.004,-0.015,-2.136,-4.150,41.748,0.000,-0.000,0.000,-0.8811,-0.3094,0.2866,-0.2141,3577.86,82.81,-9.90,49.89,56225.1,0,0.00,0.00,3
43933,0.001,-0.003,-0.013,-2.258,-4.150,41.565,0.000,-0.000,0.000,-0.7864,-0.2089,0.5672,-0.1274,3578.56,82.25,-9.84,74.38,56223.2,0,0.00,0.00,3
43946,0.000,-0.004,-0.014,-2.319,-4.211,41.382,0.000,-0.000,0.000,-0.6059,-0.0091,0.7948,0.0323,3579.29,81.57,-9.77,105.29,56212.2,0,0.00,0.00,3
43953,-0.002,-0.005,-0.013,-2.258,-4.089,41.260,0.000,-0.000,0.000,-0.3323,0.2469,0.8728,0.2587,3580.02,80.76,-9.76,130.19,56204.2,0,0.00,0.00,3
43963,-0.000,-0.004,-0.014,-2.441,-4.150,41.016,0.000,-0.000,0.000,0.3445,0.5042,0.4280,0.6663,3580.61,78.80,-9.86,82.81,56215.0,0,0.00,0.00,3
43973,0.000,-0.004,-0.012,-2.563,-4.150,40.771,0.000,-0.000,0.000,0.4998,0.4650,0.0900,0.7252,3581.35,78.37,-9.90,56.54,56189.6,0,0.00,0.00,3
43983,0.001,-0.003,-0.012,-2.747,-4.150,40.649,0.000,-0.000,0.000,0.6406,-0.0393,-0.6363,0.4280,3581.93,76.66,-9.80,79.22,56198.7,0,0.00,0.00,3
43993,0.000,-0.005,-0.014,-2.808,-4.089,40.405,0.000,-0.000,0.000,0.2486,-0.6029,-0.6873,-0.3199,3582.46,74.19,-9.72,132.20,56196.5,0,0.00,0.00,3
44003,0.000,-0.006,-0.011,-2.808,-4.028,40.222,0.000,-0.000,0.000,-0.3139,-0.4782,0.0449,-0.8190,3582.94,71.85,-9.88,57.41,56193.3,0,0.00,0.00,3
44013,0.001,-0.006,-0.012,-2.930,-4.150,40.100,0.000,-0.000,0.000,-0.3456,-0.3294,0.2492,-0.8426,3583.63,71.51,-9.86,48.80,56170.4,0,0.00,0.00,3
44024,-0.003,-0.006,-0.014,-2.991,-4.150,39.795,0.000,-0.000,0.000,-0.4521,0.2178,0.5969,-0.6260,3584.23,70.38,-9.78,78.90,56171.5,0,0.00,0.00,3
44033,-0.001,-0.005,-0.012,-3.052,-4.089,39.673,0.000,-0.000,0.000,-0.3116,0.8037,0.4425,0.2473,3584.63,67.30,-9.72,133.11,56179.4,0,0.00,0.00,3
44043,-0.002,-0.005,-0.012,-3.235,-4.089,39.612,0.000,-0.000,0.000,-0.0997,0.6639,-0.0112,0.7411,3585.17,66.00,-9.84,83.21,56164.6,0,0.00,0.00,3
44053,0.000,-0.006,-0.013,-3.296,-4.211,39.368,0.000,-0.000,0.000,0.1896,-0.0919,-0.4811,0.8510,3585.61,64.19,-9.82,58.65,56166.4,0,0.00,0.00,3
44063,0.001,-0.005,-0.013,-3.296,-4.089,39.124,0.000,-0.000,0.000,0.3584,-0.8399,-0.3753,0.1590,3585.95,61.68,-9.69,133.84,56167.7,0,0.00,0.00,3
44073,0.000,-0.005,-0.014,-3.418,-4.150,39.001,0.000,-0.000,0.000,0.3276,-0.7884,0.0554,-0.5177,3586.39,60.12,-9.75,104.44,56157.8,0,0.00,0.00,3
44083,-0.001,-0.004,-0.009,-3.418,-4.028,38.818,0.000,-0.000,0.000,0.1040,0.0120,0.4311,-0.8962,3586.71,58.04,-9.83,51.10,56160.6,0,0.00,0.00,3
44093,-0.001,-0.005,-0.013,-3.540,-4.089,38.635,0.000,-0.000,0.000,0.0716,0.2938,0.4248,-0.8533,3587.24,57.59,-9.83,62.19,56145.3,0,0.00,0.00,3
44103,0.001,-0.004,-0.010,-3.662,-4.089,38.391,0.000,-0.000,0.000,-0.2312,0.8769,0.1497,-0.3940,3587.60,56.10,-9.74,125.63,56151.0,0,0.00,0.00,3
44113,0.000,-0.006,-0.011,-3.723,-4.150,38.330,0.000,-0.000,0.000,0.1010,0.5479,0.3087,-0.7709,3588.30,56.83,-9.81,77.93,56128.6,0,0.00,0.00,3
44124,-0.003,-0.004,-0.008,-3.845,-4.028,38.147,0.000,-0.000,0.000,0.4907,-0.1806,0.4355,-0.7327,3589.09,58.27,-9.81,56.26,56118.7,0,0.00,0.00,3
44133,-0.000,-0.003,-0.007,-3.845,-4.028,37.964,0.000,-0.000,0.000,0.5768,-0.4551,0.4529,-0.5050,3589.74,58.57,-9.79,79.89,56121.6,0,0.00,0.00,3
44143,-0.000,-0.005,-0.010,-4.028,-3.967,37.720,0.000,-0.000,0.000,0.5387,0.1510,0.3821,-0.7356,3590.17,57.59,-9.85,48.52,56130.4,0,0.00,0.00,3
44153,-0.002,-0.004,-0.011,-4.089,-3.906,37.476,0.000,-0.000,0.000,0.3373,0.6133,0.1047,-0.7065,3590.61,56.94,-9.82,76.95,56126.4,0,0.00,0.00,3
44163,0.000,-0.007,-0.007,-4.211,-4.028,37.415,0.000,-0.000,0.000,0.7111,-0.0838,0.4723,-0.5140,3591.46,58.16,-9.81,57.32,56098.1,0,0.00,0.00,3
44173,-0.001,-0.004,-0.010,-4.272,-4.089,37.109,0.000,-0.000,0.000,0.4643,0.6004,0.0164,-0.6509,3591.77,57.13,-9.85,73.84,56126.4,0,0.00,0.00,3
44183,-0.006,-0.005,-0.010,-4.333,-3.906,36.865,0.000,-0.000,0.000,0.7558,0.2422,0.3073,-0.5251,3592.48,57.63,-9.84,46.07,56098.1,0,0.00,0.00,3
44193,0.000,-0.006,-0.009,-4.395,-3.967,36.743,0.000,-0.000,0.000,0.7781,-0.1637,0.5744,-0.1945,3593.20,58.04,-9.80,73.35,56092.0,0,0.00,0.00,3
44203,-0.005,-0.004,-0.009,-4.517,-3.906,36.621,0.000,-0.000,0.000,0.8471,0.2243,0.3159,-0.3637,3593.66,57.68,-9.84,45.59,56105.9,0,0.00,0.00,3
44213,-0.003,-0.004,-0.008,-4.639,-3.906,36.438,0.000,-0.000,0.000,0.7677,0.4707,-0.0124,-0.4346,3594.14,57.53,-9.87,56.18,56101.6,0,0.00,0.00,3
44224,-0.005,-0.004,-0.008,-4.761,-4.028,36.133,0.000,-0.000,0.000,0.3334,0.6044,-0.5509,-0.4691,3594.52,57.29,-9.81,109.73,56106.6,0,0.00,0.00,3
44233,-0.004,-0.005,-0.011,-4.883,-3.906,35.950,0.000,-0.000,0.000,0.4937,0.5577,-0.5081,-0.4325,3595.13,57.35,-9.84,97.96,56085.0,0,0.00,0.00,3
44243,-0.002,-0.005,-0.006,-4.944,-3.845,35.767,0.000,-0.000,0.000,0.6796,0.5049,-0.4031,-0.3474,3595.75,57.49,-9.87,80.49,56079.2,0,0.00,0.00,3
44255,-0.003,-0.005,-0.011,-5.005,-3.784,35.645,0.000,-0.000,0.000,0.7318,0.4668,-0.4107,-0.2790,3596.34,57.54,-9.89,76.89,56078.4,0,0.00,0.00,3
44263,-0.003,-0.005,-0.009,-5.005,-3.845,35.400,0.000,-0.000,0.000,0.8617,0.4201,-0.2546,-0.1272,3596.97,57.75,-9.91,58.84,56069.9,0,0.00,0.00,3
44273,0.000,-0.005,-0.006,-5.188,-3.662,35.278,0.000,-0.000,0.000,0.9108,0.3873,-0.1420,0.0163,3597.59,57.92,-9.88,48.72,56067.0,0,0.00,0.00,3
44283,-0.003,-0.005,-0.005,-5.249,-3.723,35.034,0.000,-0.000,0.000,0.7818,0.3529,-0.5058,-0.0911,3598.07,57.57,-9.87,76.17,56075.8,0,0.00,0.00,3
44293,-0.003,-0.005,-0.007,-5.432,-3.662,34.912,0.000,-0.000,0.000,0.8721,0.3491,-0.3290,0.0967,3598.71,57.81,-9.89,57.33,56057.3,0,0.00,0.00,3
44303,-0.002,-0.005,-0.006,-5.493,-3.662,34.790,0.000,-0.000,0.000,0.6598,0.1971,-0.7192,-0.0921,3599.16,57.17,-9.84,96.45,56071.0,0,0.00,0.00,3
44313,-0.003,-0.005,-0.006,-5.676,-3.540,34.668,0.000,-0.000,0.000,0.4505,0.0154,-0.8662,-0.2156,3599.65,56.67,-9.82,120.07,56063.2,0,0.00,0.00,3
44324,-0.002,-0.005,-0.008,-5.798,-3.601,34.363,0.000,-0.000,0.000,0.4058,-0.0880,-0.8820,-0.2230,3600.19,56.45,-9.80,124.84,56054.1,0,0.00,0.00,3
44333,-0.003,-0.004,-0.009,-5.920,-3.540,34.119,0.000,-0.000,0.000,0.3373,-0.2070,-0.8815,-0.2574,3600.73,56.19,-9.79,129.79,56051.0,0,0.00,0.00,3
44343,-0.006,-0.006,-0.007,-5.920,-3.540,33.997,0.000,-0.000,0.000,0.3870,-0.2579,-0.8637,-0.1944,3601.30,56.10,-9.82,128.67,56043.7,0,0.00,0.00,3
44353,-0.001,-0.006,-0.007,-5.920,-3.418,33.813,0.000,-0.000,0.000,0.0420,-0.4916,-0.7190,-0.4895,3601.72,55.42,-9.82,121.15,56053.6,0,0.00,0.00,3
44363,-0.002,-0.005,-0.008,-6.104,-3.540,33.569,0.000,-0.000,0.000,0.2272,-0.5009,-0.7631,-0.3394,3602.33,55.50,-9.78,131.79,56032.8,0,0.00,0.00,3
44373,-0.004,-0.006,-0.006,-6.104,-3.479,33.569,0.000,-0.000,0.000,0.2283,-0.5720,-0.7090,-0.3436,3602.88,55.34,-9.81,131.27,56034.6,0,0.00,0.00,3
44383,-0.002,-0.007,-0.001,-6.348,-3.357,33.386,0.000,-0.000,0.000,0.2929,-0.6103,-0.6885,-0.2602,3603.45,55.21,-9.81,133.87,56028.0,0,0.00,0.00,3
44393,-0.003,-0.004,-0.002,-6.409,-3.296,33.081,0.000,-0.000,0.000,0.4915,-0.4440,-0.7168,0.2179,3604.15,55.16,-9.78,114.96,56010.7,0,0.00,0.00,3
44403,-0.003,-0.005,-0.003,-6.531,-3.357,32.959,0.000,-0.000,0.000,0.3716,-0.6786,-0.6280,-0.0840,3604.59,54.83,-9.78,135.21,56032.5,0,0.00,0.00,3
44413,-0.005,-0.005,-0.007,-6.531,-3.296,32.715,0.000,-0.000,0.000,0.2627,-0.7856,-0.4366,-0.3509,3605.05,54.56,-9.80,128.00,56028.5,0,0.00,0.00,3
44424,-0.002,-0.007,-0.005,-6.714,-2.991,32.593,0.000,-0.000,0.000,0.2334,-0.8075,-0.2884,-0.4587,3605.55,54.37,-9.79,118.05,56020.0,0,0.00,0.00,3
44433,-0.006,-0.006,-0.004,-6.775,-3.174,32.410,0.000,-0.000,0.000,0.2753,-0.8348,-0.2364,-0.4140,3606.09,54.19,-9.82,120.37,56010.6,0,0.00,0.00,3
44443,-0.003,-0.005,-0.004,-6.897,-3.052,32.288,0.000,-0.000,0.000,0.2265,-0.7527,-0.0077,-0.6181,3606.55,54.05,-9.81,97.66,56019.2,0,0.00,0.00,3
44453,-0.006,-0.005,-0.005,-7.019,-3.052,32.043,0.000,-0.000,0.000,0.3135,-0.8251,-0.0334,-0.4688,3607.14,53.83,-9.81,111.33,55997.4,0,0.00,0.00,3
44463,-0.003,-0.003,-0.007,-7.141,-3.113,31.921,0.000,-0.000,0.000,0.3245,-0.7584,0.1055,-0.5553,3607.62,53.66,-9.80,99.94,56007.7,0,0.00,0.00,3
44473,-0.006,-0.006,-0.003,-7.263,-2.991,31.738,0.000,-0.000,0.000,0.3920,-0.8564,0.0548,-0.3315,3608.25,53.40,-9.79,118.23,55983.2,0,0.00,0.00,3
44483,-0.002,-0.004,-0.003,-7.263,-2.991,31.555,0.000,-0.000,0.000,0.4155,-0.8047,0.1716,-0.3879,3608.73,53.18,-9.77,110.72,56000.5,0,0.00,0.00,3
44493,-0.002,-0.005,0.000,-7.385,-2.808,31.372,0.000,-0.000,0.000,0.4438,-0.7454,0.2691,-0.4183,3609.22,52.95,-9.77,104.84,55997.3,0,0.00,0.00,3
44503,-0.005,-0.006,-0.006,-7.568,-2.747,31.311,0.000,-0.000,0.000,0.4785,-0.7374,0.3159,-0.3570,3609.76,52.73,-9.75,106.69,55982.4,0,0.00,0.00,3
44513,-0.005,-0.006,-0.003,-7.690,-2.686,31.006,0.000,-0.000,0.000,0.5013,-0.6926,0.3900,-0.3419,3610.23,52.42,-9.75,105.29,55992.3,0,0.00,0.00,3
44524,-0.004,-0.006,-0.005,-7.751,-2.686,30.762,0.000,-0.000,0.000,0.5159,-0.6653,0.4519,-0.2949,3610.71,52.09,-9.73,107.08,55988.3,0,0.00,0.00,3
44533,-0.002,-0.005,-0.000,-7.935,-2.563,30.762,0.000,-0.000,0.000,0.4978,-0.6715,0.5113,-0.1996,3611.14,51.63,-9.75,115.13,55990.9,0,0.00,0.00,3
44543,-0.001,-0.005,-0.005,-7.874,-2.625,30.518,0.000,-0.000,0.000,0.5187,-0.6252,0.5608,-0.1601,3611.66,51.42,-9.74,114.25,55971.8,0,0.00,0.00,3
44553,-0.003,-0.004,0.000,-8.118,-2.563,30.273,0.000,-0.000,0.000,0.5399,-0.5713,0.6057,-0.1233,3612.18,51.24,-9.76,112.75,55968.0,0,0.00,0.00,3
44565,-0.004,-0.004,-0.004,-8.240,-2.502,30.151,0.000,-0.000,0.000,0.4682,-0.5921,0.6558,0.0119,3612.64,50.82,-9.73,124.15,55973.4,0,0.00,0.00,3
44573,-0.002,-0.007,-0.004,-8.240,-2.502,30.090,0.000,-0.000,0.000,0.5861,-0.4403,0.6775,-0.0600,3613.21,50.90,-9.74,107.80,55953.3,0,0.00,0.00,3
44583,-0.004,-0.003,-0.002,-8.362,-2.319,29.907,0.000,-0.000,0.000,0.5484,-0.4218,0.7215,0.0290,3613.70,50.64,-9.75,113.38,55961.1,0,0.00,0.00,3
44593,-0.004,-0.002,-0.004,-8.484,-2.197,29.663,0.000,-0.000,0.000,0.4076,-0.4503,0.7757,0.1713,3614.15,50.24,-9.75,127.51,55961.8,0,0.00,0.00,3
44603,-0.001,-0.006,-0.002,-8.667,-2.197,29.602,0.000,-0.000,0.000,-0.0005,-0.5262,0.7638,0.3738,3614.54,49.54,-9.82,136.10,55967.4,0,0.00,0.00,3
44613,-0.003,-0.003,0.001,-8.789,-2.075,29.358,0.000,-0.000,0.000,-0.1071,-0.4779,0.7779,0.3936,3615.01,49.38,-9.83,131.85,55951.7,0,0.00,0.00,3
44624,-0.005,-0.003,0.002,-8.850,-1.953,29.114,0.000,-0.000,0.000,-0.4550,-0.4544,0.6507,0.4039,3615.42,49.03,-9.85,105.05,55956.5,0,0.00,0.00,3
44633,-0.007,-0.002,-0.003,-8.911,-2.014,28.992,0.000,-0.000,0.000,-0.5487,-0.4037,0.6376,0.3597,3615.89,48.96,-9.85,97.99,55945.3,0,0.00,0.00,3
44643,-0.006,-0.005,-0.001,-9.094,-1.953,28.870,0.000,-0.000,0.000,-0.8386,-0.3579,0.3513,0.2125,3616.28,48.74,-9.87,60.20,55952.5,0,0.00,0.00,3
44653,-0.003,-0.004,-0.000,-9.216,-1.892,28.625,0.000,-0.000,0.000,-0.9384,-0.3170,0.1295,0.0464,3616.70,48.66,-9.84,40.06,55945.4,0,0.00,0.00,3
44663,-0.004,-0.004,-0.001,-9.216,-1.831,28.503,0.000,-0.000,0.000,-0.9474,-0.2960,-0.0513,-0.1108,3617.14,48.62,-9.84,34.96,55941.0,0,0.00,0.00,3
44673,-0.004,-0.004,0.000,-9.338,-1.770,28.381,0.000,-0.000,0.000,-0.7450,-0.2557,-0.5123,-0.3422,3617.48,48.50,-9.81,69.85,55950.4,0,0.00,0.00,3
44683,-0.004,-0.005,-0.001,-9.583,-1.465,28.137,0.000,-0.000,0.000,-0.4938,-0.2531,-0.7136,-0.4276,3617.89,48.42,-9.83,98.42,55939.7,0,0.00,0.00,3
44693,-0.004,-0.004,0.002,-9.644,-1.587,27.954,0.000,-0.000,0.000,-0.1122,-0.2331,-0.8756,-0.4080,3618.27,48.23,-9.85,129.93,55940.6,0,0.00,0.00,3
44703,-0.003,-0.006,0.002,-9.766,-1.404,27.954,0.000,-0.000,0.000,-0.0040,-0.2835,-0.8778,-0.3861,3618.73,48.12,-9.87,134.57,55926.4,0,0.00,0.00,3
44713,-0.003,-0.005,0.002,-9.888,-1.404,27.710,0.000,-0.000,0.000,0.5033,-0.1590,-0.8449,-0.0868,3619.04,47.54,-9.84,118.58,55944.0,0,0.00,0.00,3
44724,-0.003,-0.004,0.002,-10.010,-1.465,27.527,0.000,-0.000,0.000,0.7781,0.0472,-0.5504,0.2991,3619.35,46.91,-9.82,67.06,55940.8,0,0.00,0.00,3
44733,-0.005,-0.004,0.000,-10.132,-1.221,27.283,0.000,-0.000,0.000,0.7760,0.1699,-0.3289,0.5108,3619.75,46.63,-9.83,43.45,55926.7,0,0.00,0.00,3
44743,-0.005,-0.005,0.003,-10.315,-1.282,27.161,0.000,-0.000,0.000,0.7159,0.2166,-0.2479,0.6158,3620.18,46.53,-9.81,38.44,55917.4,0,0.00,0.00,3
44753,-0.005,-0.003,0.001,-10.254,-0.977,27.100,0.000,-0.000,0.000,0.6287,0.2850,-0.1585,0.7060,3620.61,46.47,-9.83,38.07,55915.4,0,0.00,0.00,3
44763,-0.002,-0.004,0.002,-10.437,-1.038,26.855,0.000,-0.000,0.000,0.4331,0.4755,0.0727,0.7623,3620.98,46.47,-9.83,57.51,55921.8,0,0.00,0.00,3
44773,-0.006,-0.006,0.004,-10.681,-0.916,26.733,0.000,-0.000,0.000,0.2741,0.5836,0.1655,0.7462,3621.39,46.47,-9.87,74.70,55913.9,0,0.00,0.00,3
44783,-0.002,-0.004,0.000,-10.742,-0.854,26.550,0.000,-0.000,0.000,0.1358,0.6714,0.2119,0.6971,3621.80,46.42,-9.84,89.50,55910.9,0,0.00,0.00,3
44793,-0.002,-0.002,0.005,-10.864,-0.732,26.428,0.000,-0.000,0.000,0.0233,0.7427,0.2235,0.6308,3622.21,46.30,-9.84,101.72,55908.2,0,0.00,0.00,3
44803,-0.004,-0.004,0.003,-10.986,-0.671,26.245,0.000,-0.000,0.000,-0.0883,0.8215,0.2384,0.5104,3622.58,46.07,-9.86,117.61,55911.8,0,0.00,0.00,3
44813,-0.006,-0.006,0.004,-11.169,-0.610,26.123,0.000,-0.000,0.000,-0.1545,0.8712,0.2115,0.4152,3622.97,45.79,-9.87,127.40,55905.6,0,0.00,0.00,3
44824,-0.002,-0.003,0.000,-11.230,-0.427,25.818,0.000,-0.000,0.000,-0.2011,0.9125,0.1755,0.3099,3623.35,45.46,-9.82,136.64,55904.6,0,0.00,0.00,3
44833,-0.006,-0.004,0.005,-11.292,-0.305,25.696,0.000,-0.000,0.000,-0.2293,0.9442,0.1341,0.1946,3623.72,45.09,-9.86,144.99,55902.9,0,0.00,0.00,3
44843,-0.005,-0.005,0.001,-11.475,-0.244,25.635,0.000,-0.000,0.000,-0.2411,0.9623,0.0825,0.0955,3624.11,44.75,-9.81,149.95,55896.3,0,0.00,0.00,3
44853,-0.002,-0.004,0.003,-11.597,-0.122,25.452,0.000,-0.000,0.000,-0.2207,0.9608,0.0734,-0.1511,3624.40,44.20,-9.81,148.97,55911.0,0,0.00,0.00,3
44863,-0.001,-0.006,0.001,-11.658,-0.061,25.391,0.000,-0.000,0.000,-0.1938,0.9521,0.0168,-0.2357,3624.81,43.91,-9.78,144.46,55887.8,0,0.00,0.00,3
44875,-0.001,-0.005,0.003,-11.841,0.122,25.085,0.000,-0.000,0.000,-0.1166,0.8937,0.0038,-0.4332,3625.14,43.54,-9.80,126.70,55897.8,0,0.00,0.00,3
44883,-0.008,-0.006,0.003,-12.024,0.183,25.024,0.000,-0.000,0.000,-0.0296,0.8314,-0.0196,-0.5545,3625.50,43.29,-9.75,112.54,55889.3,0,0.00,0.00,3
44893,-0.001,-0.005,0.005,-12.085,0.305,24.780,0.000,-0.000,0.000,0.0853,0.7438,-0.0240,-0.6625,3625.83,43.09,-9.81,96.18,55890.6,0,0.00,0.00,3
44903,-0.001,-0.004,0.007,-12.207,0.427,24.719,0.000,-0.000,0.000,0.2419,0.6153,0.0123,-0.7502,3626.10,42.88,-9.79,75.96,55901.6,0,0.00,0.00,3
44913,-0.004,-0.004,0.007,-12.390,0.549,24.597,0.000,-0.000,0.000,0.3118,0.6026,-0.0271,-0.7341,3626.50,42.83,-9.77,74.21,55874.4,0,0.00,0.00,3
44924,-0.004,-0.007,0.004,-12.512,0.610,24.353,0.000,-0.000,0.000,0.3692,0.6144,-0.0746,-0.6933,3626.87,42.73,-9.80,76.47,55876.8,0,0.00,0.00,3
44933,-0.002,-0.004,0.009,-12.573,0.793,24.292,0.000,-0.000,0.000,0.3352,0.7406,-0.1913,-0.5501,3627.15,42.36,-9.84,99.79,55892.3,0,0.00,0.00,3
44943,-0.006,-0.006,0.006,-12.878,0.854,24.170,0.000,-0.000,0.000,0.2919,0.7893,-0.3046,-0.4461,3627.52,42.13,-9.85,115.57,55872.6,0,0.00,0.00,3
44953,-0.003,-0.005,0.003,-12.939,1.038,23.987,0.000,-0.000,0.000,0.0727,0.8446,-0.4778,-0.2305,3627.84,41.56,-9.84,152.03,55876.3,0,0.00,0.00,3
44963,-0.004,-0.005,0.008,-13.000,1.099,23.865,0.000,-0.000,0.000,-0.4584,0.6615,-0.5691,0.1688,3628.09,40.06,-9.80,121.52,55884.3,0,0.00,0.00,3
44973,-0.002,-0.007,0.007,-13.123,1.038,23.682,0.000,-0.000,0.000,-0.7816,0.2935,-0.4121,0.3648,3628.39,38.90,-9.71,60.79,55869.8,0,0.00,0.00,3
44983,-0.004,-0.007,0.009,-13.245,1.282,23.499,0.000,-0.000,0.000,-0.8672,-0.2338,0.0568,0.4360,3628.65,37.68,-9.75,27.84,55869.9,0,0.00,0.00,3
44993,-0.004,-0.006,0.007,-13.245,1.404,23.254,0.000,-0.000,0.000,-0.3887,-0.6019,0.6372,0.2837,3628.85,36.41,-9.90,122.47,55871.2,0,0.00,0.00,3
45003,-0.004,-0.007,0.007,-13.550,1.648,23.254,0.000,-0.000,0.000,0.2779,-0.5224,0.8026,0.0761,3629.09,35.19,-9.83,146.51,55863.8,0,0.00,0.00,3
45013,-0.002,-0.006,0.008,-13.550,1.587,23.071,0.000,-0.000,0.000,0.7822,-0.2295,0.5768,-0.0523,3629.33,34.02,-9.74,76.75,55859.0,0,0.00,0.00,3
45024,-0.005,-0.007,0.010,-13.733,1.770,22.949,0.000,-0.000,0.000,0.9870,0.1097,0.0351,-0.1118,3629.55,33.01,-9.72,13.23,55857.4,0,0.00,0.00,3
45033,-0.002,-0.006,0.008,-13.977,1.892,22.888,0.000,-0.000,0.000,0.7837,0.2979,-0.5311,-0.1224,3629.77,32.26,-9.84,75.03,55854.7,0,0.00,0.00,3
45043,-0.004,-0.008,0.011,-14.038,2.136,22.705,0.000,-0.000,0.000,-0.1112,0.2629,-0.9434,-0.1690,3629.84,30.33,-9.91,156.65,55864.0,0,0.00,0.00,3
45053,-0.002,-0.007,0.010,-14.160,2.197,22.644,0.000,-0.000,0.000,-0.7758,0.0355,-0.5964,-0.2030,3629.98,29.04,-9.77,73.38,55856.0,0,0.00,0.00,3
45063,-0.004,-0.006,0.011,-14.343,2.380,22.339,0.000,-0.000,0.000,-0.9695,-0.1197,0.0992,-0.1894,3630.12,28.12,-9.73,17.89,55853.9,0,0.00,0.00,3
45073,-0.003,-0.006,0.010,-14.404,2.502,22.339,0.000,-0.000,0.000,-0.7626,-0.1100,0.6262,-0.1190,3630.29,27.44,-9.82,78.96,55849.8,0,0.00,0.00,3
45083,-0.004,-0.009,0.012,-14.526,2.563,22.095,0.000,-0.000,0.000,-0.4453,-0.0127,0.8952,-0.0136,3630.49,26.78,-9.91,127.09,55846.6,0,0.00,0.00,3
45093,-0.001,-0.006,0.013,-14.771,2.930,22.034,0.000,-0.000,0.000,0.2289,0.1453,0.9198,0.2835,3630.59,25.44,-9.93,137.26,55851.2,0,0.00,0.00,3
45103,-0.006,-0.010,0.013,-14.893,2.991,21.790,0.000,-0.000,0.000,0.7721,0.1711,0.3183,0.5227,3630.63,24.19,-9.75,42.37,55853.3,0,0.00,0.00,3
45113,-0.002,-0.009,0.011,-14.954,3.174,21.667,0.000,-0.000,0.000,0.7987,0.0195,-0.3302,0.5026,3630.72,23.43,-9.71,38.63,55848.8,0,0.00,0.00,3
45124,-0.003,-0.008,0.013,-15.198,3.296,21.545,0.000,-0.000,0.000,0.4305,-0.2597,-0.8458,0.1785,3630.77,22.12,-9.85,124.44,55850.9,0,0.00,0.00,3
45133,-0.005,-0.008,0.013,-15.320,3.418,21.606,0.000,-0.000,0.000,0.6025,-0.1933,-0.6295,0.4510,3631.07,22.39,-9.76,82.37,55833.0,0,0.00,0.00,3
45143,-0.002,-0.010,0.016,-15.381,3.540,21.301,0.000,-0.000,0.000,0.5320,-0.2756,-0.6612,0.4515,3631.27,22.09,-9.73,91.51,55837.1,0,0.00,0.00,3
45153,-0.005,-0.010,0.009,-15.625,3.662,21.179,0.000,-0.000,0.000,0.5984,-0.0242,-0.2626,0.7565,3631.62,22.84,-9.70,30.58,55826.2,0,0.00,0.00,3
45163,-0.006,-0.009,0.016,-15.625,3.784,20.996,0.000,-0.000,0.000,0.4696,-0.3308,-0.5728,0.5848,3631.74,21.83,-9.71,82.83,55839.2,0,0.00,0.00,3
45173,-0.003,-0.010,0.010,-15.808,4.028,20.874,0.000,-0.000,0.000,0.1663,-0.6678,-0.7248,0.0324,3631.75,19.86,-9.88,160.49,55843.8,0,0.00,0.00,3
45185,-0.003,-0.008,0.014,-16.174,4.150,20.813,0.000,-0.000,0.000,-0.1579,-0.6218,-0.4293,-0.6356,3631.69,17.78,-9.90,98.16,55846.1,0,0.00,0.00,3
45193,-0.005,-0.009,0.015,-16.052,4.272,20.691,0.000,-0.000,0.000,-0.1975,-0.4903,-0.2126,-0.8219,3631.79,17.24,-9.83,64.60,55836.5,0,0.00,0.00,3
45203,-0.002,-0.011,0.016,-16.174,4.578,20.630,0.000,-0.000,0.000,-0.1996,-0.2509,0.0181,-0.9471,3631.87,16.69,-9.68,29.14,55836.6,0,0.00,0.00,3
45213,-0.004,-0.010,0.016,-16.418,4.700,20.386,0.000,-0.000,0.000,0.0138,-0.7720,-0.3136,-0.5528,3632.30,18.14,-9.94,112.86,55815.8,0,0.00,0.00,3
45224,-0.005,-0.013,0.014,-16.541,4.761,20.203,0.000,-0.000,0.000,-0.0196,-0.4261,-0.0251,-0.9041,3632.30,17.17,-9.76,50.54,55838.1,0,0.00,0.00,3
45233,-0.003,-0.012,0.017,-16.663,5.005,20.142,0.000,-0.000,0.000,0.0179,-0.1407,0.1233,-0.9822,3632.38,16.69,-9.63,21.57,55833.4,0,0.00,0.00,3
45243,-0.003,-0.011,0.014,-16.785,5.127,20.081,0.000,-0.000,0.000,0.0974,-0.1407,0.1333,-0.9762,3632.55,16.64,-9.66,22.35,55827.2,0,0.00,0.00,3
45253,-0.003,-0.015,0.017,-17.029,5.371,19.775,0.000,-0.000,0.000,0.1591,0.0229,0.1721,-0.9719,3632.67,16.38,-9.60,20.00,55829.1,0,0.00,0.00,3
45263,-0.004,-0.011,0.013,-17.151,5.554,19.836,0.000,-0.000,0.000,0.2636,-0.3524,0.1254,-0.8891,3632.96,16.82,-9.69,43.94,55817.3,0,0.00,0.00,3
45273,-0.004,-0.012,0.015,-17.212,5.737,19.775,0.000,-0.000,0.000,0.3248,-0.0744,0.1652,-0.9283,3633.04,16.43,-9.63,20.88,55829.1,0,0.00,0.00,3
45283,-0.004,-0.013,0.017,-17.395,5.981,19.531,0.000,-0.000,0.000,0.4046,-0.2427,0.1774,-0.8637,3633.26,16.53,-9.62,34.98,55818.9,0,0.00,0.00,3
45293,-0.006,-0.014,0.015,-17.517,6.226,19.531,0.000,-0.000,0.000,0.4675,-0.0246,0.1695,-0.8672,3633.36,16.28,-9.62,19.72,55826.1,0,0.00,0.00,3
45303,-0.003,-0.014,0.014,-17.700,6.226,19.348,0.000,-0.000,0.000,0.5158,0.1550,0.1290,-0.8326,3633.47,16.13,-9.66,23.27,55824.8,0,0.00,0.00,3
45313,-0.002,-0.013,0.012,-17.883,6.531,19.165,0.000,-0.000,0.000,0.5979,0.0352,0.1556,-0.7855,3633.67,16.17,-9.67,18.36,55816.5,0,0.00,0.00,3
45324,-0.004,-0.015,0.017,-18.005,6.592,19.104,0.000,-0.000,0.000,0.6580,0.0594,0.1440,-0.7367,3633.82,16.14,-9.62,17.92,55818.9,0,0.00,0.00,3
45333,-0.003,-0.016,0.016,-18.188,6.958,18.921,0.000,-0.000,0.000,0.7084,0.1240,0.1078,-0.6864,3633.97,16.11,-9.65,18.91,55819.2,0,0.00,0.00,3
45343,-0.003,-0.016,0.017,-18.250,7.019,18.982,0.000,-0.000,0.000,0.7703,0.0479,0.1435,-0.6195,3634.16,16.09,-9.63,17.41,55813.4,0,0.00,0.00,3
45353,-0.003,-0.017,0.019,-18.494,7.141,18.677,0.000,-0.000,0.000,0.7832,0.2472,-0.0021,-0.5706,3634.24,16.15,-9.70,28.62,55823.2,0,0.00,0.00,3
45363,-0.005,-0.017,0.015,-18.494,7.385,18.616,0.000,-0.000,0.000,0.8511,0.1449,0.0594,-0.5011,3634.44,16.12,-9.69,18.01,55809.6,0,0.00,0.00,3
45373,-0.005,-0.016,0.018,-18.799,7.629,18.555,0.000,-0.000,0.000,0.8041,0.3606,-0.1733,-0.4398,3634.50,16.33,-9.80,47.16,55826.4,0,0.00,0.00,3
45383,-0.003,-0.018,0.019,-18.921,7.935,18.372,0.000,-0.000,0.000,0.6405,0.5247,-0.4407,-0.3467,3634.54,16.58,-9.97,86.51,55829.8,0,0.00,0.00,3
45393,-0.004,-0.015,0.019,-19.043,8.118,18.372,0.000,-0.000,0.000,0.7406,0.4374,-0.4076,-0.3066,3634.74,16.55,-9.90,73.45,55806.2,0,0.00,0.00,3
45403,-0.004,-0.018,0.021,-19.165,8.179,18.066,0.000,-0.000,0.000,0.7766,0.3913,-0.4262,-0.2493,3634.92,16.55,-9.90,70.70,55809.4,0,0.00,0.00,3
45413,-0.001,-0.018,0.018,-19.409,8.423,18.188,0.000,-0.000,0.000,0.7877,0.3572,-0.4651,-0.1889,3635.08,16.56,-9.89,71.81,55810.2,0,0.00,0.00,3
45424,-0.006,-0.019,0.021,-19.592,8.667,18.005,0.000,-0.000,0.000,0.8186,0.3065,-0.4693,-0.1250,3635.26,16.55,-9.88,68.19,55806.1,0,0.00,0.00,3
45433,-0.007,-0.020,0.019,-19.714,8.972,17.822,0.000,-0.000,0.000,0.7730,0.2888,-0.5604,-0.0705,3635.39,16.50,-9.93,78.17,55814.2,0,0.00,0.00,3
45443,-0.006,-0.018,0.020,-19.775,9.094,17.822,0.000,-0.000,0.000,0.6572,0.2719,-0.7021,-0.0353,3635.47,16.36,-9.95,97.69,55821.4,0,0.00,0.00,3
45453,-0.007,-0.021,0.021,-19.958,9.399,17.700,0.000,-0.000,0.000,0.5331,0.2287,-0.8144,-0.0153,3635.56,16.15,-10.01,115.54,55820.5,0,0.00,0.00,3
45463,-0.008,-0.020,0.022,-20.203,9.521,17.639,0.000,-0.000,0.000,0.4774,0.1645,-0.8631,0.0093,3635.69,15.97,-10.02,122.96,55811.4,0,0.00,0.00,3
45473,-0.007,-0.021,0.023,-20.325,9.705,17.517,0.000,-0.000,0.000,0.4632,0.0947,-0.8802,0.0424,3635.84,15.80,-9.99,124.56,55805.4,0,0.00,0.00,3
45483,-0.006,-0.023,0.021,-20.447,10.071,17.395,0.000,-0.000,0.000,0.3660,0.0191,-0.9297,0.0360,3635.94,15.52,-9.99,136.84,55813.9,0,0.00,0.00,3
45495,-0.007,-0.022,0.022,-20.630,10.193,17.334,0.000,-0.000,0.000,0.3539,-0.0558,-0.9316,0.0614,3636.09,15.32,-9.98,137.89,55803.2,0,0.00,0.00,3
45503,-0.006,-0.022,0.022,-20.752,10.559,17.273,0.000,-0.000,0.000,0.2463,-0.1415,-0.9585,0.0239,3636.18,15.00,-10.00,151.35,55813.4,0,0.00,0.00,3
45513,-0.006,-0.023,0.026,-20.996,10.742,17.090,0.000,-0.000,0.000,0.1108,-0.2314,-0.9650,-0.0541,3636.25,14.65,-10.08,165.83,55816.8,0,0.00,0.00,3
45524,-0.006,-0.024,0.024,-21.057,11.047,16.968,0.000,-0.000,0.000,0.0697,-0.3112,-0.9444,-0.0803,3636.36,14.43,-10.07,167.80,55805.9,0,0.00,0.00,3
45533,-0.009,-0.023,0.024,-21.301,11.230,16.907,0.000,-0.000,0.000,0.0048,-0.3890,-0.9108,-0.1383,3636.46,14.20,-10.10,164.09,55809.6,0,0.00,0.00,3
45543,-0.009,-0.025,0.025,-21.362,11.597,16.846,0.000,-0.000,0.000,0.0447,-0.4598,-0.8809,-0.1026,3636.63,14.07,-10.10,167.15,55793.4,0,0.00,0.00,3
45553,-0.005,-0.027,0.027,-21.545,11.597,16.724,0.000,-0.000,0.000,0.0342,-0.5295,-0.8400,-0.1134,3636.75,13.89,-10.12,166.40,55801.3,0,0.00,0.00,3
45563,-0.008,-0.026,0.024,-21.729,11.963,16.663,0.000,-0.000,0.000,0.0255,-0.5954,-0.7939,-0.1208,3636.87,13.70,-10.09,165.81,55801.4,0,0.00,0.00,3
45573,-0.009,-0.026,0.025,-21.973,12.329,16.479,0.000,-0.000,0.000,0.0034,-0.6579,-0.7440,-0.1168,3636.94,13.42,-10.10,166.58,55809.6,0,0.00,0.00,3
45583,-0.011,-0.029,0.028,-22.156,12.573,16.479,0.000,-0.000,0.000,0.0077,-0.7156,-0.6895,-0.1115,3637.07,13.24,-10.14,167.17,55796.8,0,0.00,0.00,3
45593,-0.008,-0.029,0.027,-22.339,12.756,16.357,0.000,-0.000,0.000,0.0038,-0.7707,-0.6356,-0.0452,3637.15,12.89,-10.09,174.80,55803.4,0,0.00,0.00,3
45603,-0.006,-0.030,0.030,-22.461,12.878,16.235,0.000,-0.000,0.000,-0.0014,-0.8186,-0.5743,0.0021,3637.26,12.60,-10.10,179.71,55798.1,0,0.00,0.00,3
45613,-0.010,-0.030,0.028,-22.522,13.306,16.235,0.000,-0.000,0.000,-0.0230,-0.8521,-0.5075,0.1258,3637.34,12.13,-10.03,165.31,55800.8,0,0.00,0.00,3
