Time,AccX,AccY,AccZ,GyroX,GyroY,GyroZ,MagX,MagY,MagZ,QW,QX,QY,QZ,AltFilt,VelFilt,AccVertLiq,Tilt,Pressao,Servo,Gain1,Gain2,Estado
5479,-0.001,-0.001,1.002,-0.061,0.000,0.000,7.090,244.526,124.957,0.9966,0.0229,-0.0102,0.0787,-0.13,0.00,0.007,2.9,96024.5,0.00,0.000,0.000,2
5679,-0.001,0.000,1.003,-0.122,0.000,0.000,7.090,244.526,124.957,0.9999,-0.0034,0.0023,0.0150,-0.10,0.00,0.033,0.5,96024.5,0.00,0.000,0.000,2
5879,-0.001,-0.001,1.000,0.000,0.000,0.061,7.090,244.526,124.957,0.9999,-0.0053,-0.0007,0.0154,-0.09,0.00,0.004,0.6,96023.8,0.00,0.000,0.000,2
6079,-0.003,0.000,1.003,-0.122,0.061,0.122,7.090,244.526,124.957,0.9999,-0.0042,-0.0038,0.0152,-0.05,0.00,0.028,0.6,96020.4,0.00,0.000,0.000,2
6279,-0.002,-0.001,1.001,-0.061,-0.061,0.122,7.090,244.526,124.957,0.9999,-0.0053,-0.0010,0.0153,-0.05,0.00,0.009,0.6,96023.7,0.00,0.000,0.000,2
6479,-0.003,-0.000,1.001,-0.122,0.000,0.000,7.090,244.526,124.957,0.9999,-0.0048,-0.0036,0.0152,-0.04,0.00,0.009,0.7,96026.7,0.00,0.000,0.000,2
6679,-0.002,-0.001,0.999,-0.061,-0.061,0.061,7.090,244.526,124.957,0.9999,-0.0063,-0.0015,0.0156,-0.02,-0.00,-0.015,0.7,96022.4,0.00,0.000,0.000,2
6879,0.000,0.000,1.001,-0.122,0.000,0.000,7.090,244.526,124.957,0.9998,-0.0063,0.0025,0.0161,-0.02,0.00,0.009,0.8,96024.5,0.00,0.000,0.000,2
7079,-0.001,0.000,1.000,-0.061,-0.183,0.061,7.090,244.526,124.957,0.9998,-0.0073,0.0006,0.0170,-0.03,-0.00,-0.001,0.8,96026.6,0.00,0.000,0.000,2
7279,-0.002,-0.002,1.002,0.000,0.000,0.000,7.090,244.526,124.957,0.9999,-0.0077,-0.0017,0.0154,-0.02,0.00,0.023,0.9,96019.6,0.00,0.000,0.000,2
7479,0.000,0.000,1.001,-0.061,-0.122,0.000,7.090,244.526,124.957,0.9998,-0.0059,0.0038,0.0164,-0.01,0.00,0.009,0.8,96021.7,0.00,0.000,0.000,2
7679,-0.002,0.001,1.002,0.000,-0.061,0.000,7.090,244.526,124.957,0.9998,-0.0042,-0.0066,0.0164,-0.02,0.00,0.018,0.9,96025.9,0.00,0.000,0.000,2
7879,0.000,-0.001,1.001,-0.061,0.000,0.061,7.090,244.526,124.957,0.9999,-0.0065,0.0007,0.0157,-0.02,0.00,0.014,0.7,96028.8,0.00,0.000,0.000,2
8079,-0.002,-0.001,1.001,-0.183,-0.061,0.000,7.090,244.526,124.957,0.9999,-0.0059,0.0041,0.0154,-0.01,0.00,0.013,0.8,96027.3,0.00,0.000,0.000,2
8279,-0.001,-0.001,1.001,-0.061,-0.122,0.061,7.090,244.526,124.957,0.9998,-0.0078,0.0009,0.0160,-0.01,0.00,0.008,0.9,96023.1,0.00,0.000,0.000,2
8479,-0.001,-0.001,1.001,-0.122,-0.061,0.000,7.090,244.526,124.957,0.9999,-0.0070,-0.0015,0.0156,-0.01,0.00,0.009,0.8,96021.0,0.00,0.000,0.000,2
8679,-0.001,0.000,1.004,-0.061,-0.183,0.000,7.090,244.526,124.957,0.9999,-0.0057,0.0045,0.0152,-0.01,0.00,0.037,0.8,96025.9,0.00,0.000,0.000,2
8879,-0.001,0.000,1.001,-0.122,0.000,-0.061,7.090,244.526,124.957,0.9998,-0.0075,0.0000,0.0176,-0.00,0.00,0.008,0.9,96025.9,0.00,0.000,0.000,2
9079,-0.002,-0.001,0.999,-0.183,0.000,0.000,7.090,244.526,124.957,0.9998,-0.0065,-0.0045,0.0157,-0.00,-0.00,-0.015,0.9,96023.2,0.00,0.000,0.000,2
9279,-0.002,0.000,0.999,-0.122,-0.122,0.000,7.090,244.526,124.957,0.9998,-0.0068,0.0007,0.0175,0.01,-0.00,-0.011,0.8,96021.7,0.00,0.000,0.000,2
9479,-0.002,-0.001,1.001,-0.061,-0.061,0.000,7.090,244.526,124.957,0.9998,-0.0073,-0.0031,0.0159,0.01,0.00,0.009,0.9,96023.0,0.00,0.000,0.000,2
9679,-0.000,-0.000,1.000,-0.122,-0.061,-0.061,0.000,239.092,96.557,1.0000,0.0033,-0.0014,-0.0010,0.01,0.00,0.005,0.4,96026.6,0.00,0.000,0.000,2
9879,-0.002,0.000,1.001,-0.061,-0.061,0.122,0.000,239.092,96.557,1.0000,0.0026,-0.0013,-0.0013,0.00,0.00,0.014,0.3,96029.4,0.00,0.000,0.000,2
10079,-0.002,-0.001,1.000,-0.061,-0.061,0.122,0.000,239.092,96.557,1.0000,0.0017,0.0000,-0.0012,0.00,-0.00,-0.000,0.2,96023.1,0.00,0.000,0.000,2
10279,-0.003,-0.001,1.001,-0.122,0.000,0.061,0.000,239.092,96.557,1.0000,0.0011,-0.0017,-0.0012,-0.00,0.00,0.010,0.2,96027.3,0.00,0.000,0.000,2
10479,-0.001,0.000,0.997,0.000,-0.061,0.061,0.000,239.092,96.557,1.0000,0.0018,-0.0002,-0.0012,-0.01,-0.00,-0.029,0.2,96025.9,0.00,0.000,0.000,2
10679,-0.003,0.000,1.000,-0.122,-0.061,0.122,0.000,239.092,96.557,1.0000,0.0019,-0.0003,-0.0009,-0.01,0.00,0.005,0.2,96025.7,0.00,0.000,0.000,2
10879,-0.002,-0.001,1.002,-0.061,-0.061,0.000,0.000,239.092,96.557,1.0000,0.0006,-0.0017,-0.0008,-0.01,0.00,0.024,0.2,96027.9,0.00,0.000,0.000,2
11079,-0.001,-0.000,1.004,-0.061,-0.122,0.061,0.000,239.092,96.557,1.0000,0.0010,-0.0005,-0.0003,-0.01,0.00,0.043,0.1,96025.8,0.00,0.000,0.000,2
11279,-0.003,-0.000,1.002,-0.061,-0.061,0.061,0.000,239.092,96.557,1.0000,0.0013,-0.0018,-0.0004,-0.02,0.00,0.024,0.3,96030.9,0.00,0.000,0.000,2
11479,-0.002,-0.001,1.002,-0.061,-0.061,0.061,0.000,239.092,96.557,1.0000,0.0009,-0.0010,-0.0008,-0.01,0.00,0.024,0.2,96020.3,0.00,0.000,0.000,2
11679,0.000,-0.000,1.000,-0.061,0.000,0.000,0.000,239.092,96.557,1.0000,-0.0009,-0.0024,-0.0000,-0.01,0.00,0.005,0.3,96025.2,0.00,0.000,0.000,2
11879,-0.003,-0.001,1.002,-0.061,-0.061,0.061,12.407,237.733,116.437,0.9996,-0.0064,0.0020,0.0281,-0.01,0.00,0.023,0.8,96023.9,0.00,0.000,0.000,2
12079,-0.001,0.001,0.999,-0.061,-0.061,0.061,12.407,237.733,116.437,0.9996,-0.0052,0.0028,0.0288,-0.01,-0.00,-0.015,0.7,96025.2,0.00,0.000,0.000,2
12279,-0.001,0.001,1.002,0.000,-0.122,0.000,12.407,237.733,116.437,0.9996,-0.0047,0.0033,0.0283,-0.01,0.00,0.023,0.7,96026.6,0.00,0.000,0.000,2
12479,-0.001,0.001,1.001,0.000,0.000,0.000,12.407,237.733,116.437,0.9996,-0.0059,0.0025,0.0284,-0.00,0.00,0.013,0.7,96026.6,0.00,0.000,0.000,2
12679,-0.000,0.001,1.000,-0.122,-0.061,0.122,12.407,237.733,116.437,0.9996,-0.0027,0.0061,0.0279,-0.01,-0.00,-0.001,0.8,96027.9,0.00,0.000,0.000,2
12879,-0.003,0.001,1.000,-0.122,-0.061,0.000,12.407,237.733,116.437,0.9997,0.0055,-0.0032,0.0246,-0.01,0.00,0.004,0.7,96021.7,0.00,0.000,0.000,2
13079,-0.002,-0.002,1.000,-0.061,0.000,0.000,12.407,237.733,116.437,0.9997,0.0047,-0.0008,0.0241,-0.00,0.00,0.004,0.5,96027.9,0.00,0.000,0.000,2
13279,0.001,-0.004,1.000,-0.122,-0.061,0.000,12.407,237.733,116.437,0.9997,0.0019,0.0039,0.0243,-0.00,-0.00,-0.005,0.5,96024.5,0.00,0.000,0.000,2
13479,0.002,-0.001,1.001,-0.122,-0.061,0.000,12.407,237.733,116.437,0.9997,-0.0006,0.0050,0.0258,-0.01,0.00,0.014,0.6,96021.5,0.00,0.000,0.000,2
13679,-0.002,0.002,1.003,-0.061,-0.061,0.122,12.407,237.733,116.437,0.9996,-0.0010,0.0051,0.0277,-0.00,0.00,0.028,0.6,96023.8,0.00,0.000,0.000,2
13879,-0.002,-0.000,0.999,-0.061,-0.061,0.061,12.407,237.733,116.437,0.9996,-0.0054,-0.0028,0.0272,0.00,-0.00,-0.015,0.7,96023.8,0.00,0.000,0.000,2
14079,-0.002,-0.001,1.000,-0.183,-0.061,0.000,-3.545,249.960,119.277,1.0000,0.0005,-0.0007,-0.0014,0.00,0.00,0.005,0.1,96023.8,0.00,0.000,0.000,2
14279,-0.001,0.000,1.001,-0.122,-0.122,0.000,-3.545,249.960,119.277,1.0000,-0.0029,0.0017,-0.0065,0.01,0.00,0.009,0.4,96026.6,0.00,0.000,0.000,2
14479,0.000,0.001,1.003,-0.122,0.061,0.061,-3.545,249.960,119.277,1.0000,-0.0038,0.0015,-0.0061,0.01,0.00,0.028,0.5,96025.2,0.00,0.000,0.000,2
14679,-0.002,-0.001,1.000,-0.061,-0.061,0.000,-3.545,249.960,119.277,1.0000,-0.0051,-0.0006,-0.0064,0.01,-0.00,-0.005,0.6,96028.0,0.00,0.000,0.000,2
14879,0.001,0.002,1.001,-0.122,-0.061,0.061,-3.545,249.960,119.277,1.0000,-0.0035,0.0037,-0.0055,0.00,0.00,0.014,0.6,96027.9,0.00,0.000,0.000,2
15079,-0.001,-0.000,1.003,-0.061,-0.061,0.061,-3.545,249.960,119.277,1.0000,-0.0058,0.0012,-0.0059,0.00,0.00,0.033,0.7,96023.1,0.00,0.000,0.000,2
15279,0.001,-0.001,1.002,-0.061,0.000,0.000,-3.545,249.960,119.277,1.0000,-0.0063,0.0009,-0.0059,0.01,0.00,0.019,0.7,96021.6,0.00,0.000,0.000,2
15479,-0.001,-0.000,1.000,0.000,0.000,0.061,-3.545,249.960,119.277,1.0000,-0.0060,-0.0024,-0.0058,0.00,0.00,0.004,0.7,96023.8,0.00,0.000,0.000,2
15679,-0.001,-0.001,0.997,-0.122,-0.061,0.061,-3.545,249.960,119.277,1.0000,-0.0060,-0.0026,-0.0060,0.00,-0.00,-0.029,0.8,96024.5,0.00,0.000,0.000,2
15879,-0.002,-0.001,1.000,-0.061,0.000,0.000,-3.545,249.960,119.277,1.0000,-0.0064,-0.0017,-0.0061,0.00,0.00,0.004,0.8,96025.3,0.00,0.000,0.000,2
16079,-0.003,-0.001,1.003,-0.061,0.000,0.000,-3.545,249.960,119.277,1.0000,-0.0050,-0.0048,-0.0062,0.00,0.00,0.028,0.8,96025.9,0.00,0.000,0.000,2
16279,-0.001,0.000,1.002,-0.183,-0.061,0.000,15.952,251.318,88.038,0.9994,0.0015,0.0012,0.0344,0.00,0.00,0.024,0.2,96024.5,0.00,0.000,0.000,2
16479,-0.001,-0.001,0.999,-0.061,0.000,0.000,15.952,251.318,88.038,0.9995,0.0014,0.0017,0.0311,-0.00,-0.00,-0.010,0.2,96028.2,0.00,0.000,0.000,2
16679,-0.002,0.000,0.999,-0.061,0.061,0.061,15.952,251.318,88.038,0.9995,-0.0028,0.0003,0.0324,0.00,-0.00,-0.015,0.3,96026.8,0.00,0.000,0.000,2
16879,-0.001,-0.001,1.001,-0.122,0.000,0.061,15.952,251.318,88.038,0.9995,-0.0034,-0.0005,0.0322,-0.00,0.00,0.009,0.4,96033.3,0.00,0.000,0.000,2
17079,-0.001,0.000,1.000,0.000,0.000,-0.061,15.952,251.318,88.038,0.9995,-0.0031,0.0007,0.0326,-0.01,0.00,0.005,0.4,96030.5,0.00,0.000,0.000,2
17279,-0.001,-0.000,0.998,-0.061,0.000,0.061,15.952,251.318,88.038,0.9995,-0.0039,-0.0008,0.0323,-0.01,-0.00,-0.024,0.5,96027.1,0.00,0.000,0.000,2
17479,-0.002,0.000,1.002,0.000,-0.061,0.000,15.952,251.318,88.038,0.9995,-0.0040,-0.0003,0.0325,-0.01,0.00,0.024,0.5,96029.0,0.00,0.000,0.000,2
17679,-0.001,-0.000,1.002,-0.122,-0.122,0.000,15.952,251.318,88.038,0.9995,-0.0039,-0.0027,0.0325,-0.01,0.00,0.024,0.5,96026.2,0.00,0.000,0.000,2
17879,-0.000,0.002,1.001,-0.122,0.061,-0.061,15.952,251.318,88.038,0.9994,-0.0031,0.0030,0.0330,-0.01,0.00,0.014,0.5,96024.2,0.00,0.000,0.000,2
18079,-0.002,0.000,1.000,-0.061,0.000,0.000,15.952,251.318,88.038,0.9994,-0.0050,0.0010,0.0331,-0.01,-0.00,-0.005,0.6,96026.3,0.00,0.000,0.000,2
18279,-0.002,0.000,0.999,0.000,-0.061,0.000,15.952,251.318,88.038,0.9995,0.0039,0.0024,0.0308,-0.01,-0.00,-0.015,0.5,96025.5,0.00,0.000,0.000,2
18479,-0.001,0.000,1.000,-0.061,-0.122,0.061,15.952,251.318,88.038,0.9995,0.0035,0.0006,0.0307,-0.01,-0.00,-0.000,0.4,96027.0,0.00,0.000,0.000,2
18679,0.001,-0.002,1.001,-0.061,0.000,0.000,15.952,251.318,88.038,0.9995,0.0031,0.0004,0.0305,-0.01,0.00,0.014,0.4,96029.1,0.00,0.000,0.000,2
18879,0.000,-0.002,1.000,0.000,-0.183,0.061,15.952,251.318,88.038,0.9995,0.0018,0.0025,0.0307,-0.01,-0.00,-0.005,0.4,96031.9,0.00,0.000,0.000,2
19079,-0.001,0.000,1.001,-0.183,-0.061,0.000,15.952,251.318,88.038,0.9995,0.0034,0.0001,0.0308,-0.01,0.00,0.014,0.4,96028.4,0.00,0.000,0.000,2
19279,-0.000,0.000,1.003,-0.061,-0.122,0.061,15.952,251.318,88.038,0.9995,0.0027,0.0002,0.0308,-0.02,0.00,0.029,0.3,96029.1,0.00,0.000,0.000,2
19479,-0.001,0.000,1.001,-0.122,0.000,0.000,15.952,251.318,88.038,0.9995,-0.0021,0.0023,0.0322,-0.02,0.00,0.014,0.4,96027.7,0.00,0.000,0.000,2
19679,-0.000,0.000,1.002,0.061,-0.061,0.061,15.952,251.318,88.038,0.9995,-0.0030,0.0025,0.0324,-0.02,0.00,0.019,0.4,96027.8,0.00,0.000,0.000,2
19879,-0.001,-0.000,1.002,-0.061,0.000,-0.061,15.952,251.318,88.038,0.9995,-0.0044,-0.0016,0.0325,-0.02,0.00,0.019,0.5,96034.7,0.00,0.000,0.000,2
20079,-0.000,-0.001,1.002,-0.122,-0.061,-0.061,15.952,251.318,88.038,0.9995,-0.0047,0.0009,0.0324,-0.02,0.00,0.019,0.5,96030.5,0.00,0.000,0.000,2
20279,-0.001,-0.000,1.003,-0.061,0.000,0.061,15.952,251.318,88.038,0.9994,-0.0053,-0.0012,0.0328,-0.02,0.00,0.033,0.6,96029.1,0.00,0.000,0.000,2
20479,-0.002,-0.001,1.000,-0.061,0.061,0.061,30.132,240.450,99.397,0.9993,-0.0017,-0.0009,0.0381,-0.02,-0.00,-0.000,0.2,96029.8,0.00,0.000,0.000,2
20679,-0.001,-0.000,1.000,-0.061,-0.122,0.061,30.132,240.450,99.397,0.9980,-0.0047,0.0002,0.0633,-0.02,-0.00,-0.005,0.5,96028.4,0.00,0.000,0.000,2
20879,-0.002,0.000,1.001,-0.061,0.000,0.061,30.132,240.450,99.397,0.9980,-0.0046,-0.0021,0.0635,-0.02,0.00,0.014,0.6,96029.8,0.00,0.000,0.000,2
21079,-0.002,-0.002,1.001,-0.061,0.061,0.000,30.132,240.450,99.397,0.9980,-0.0049,0.0005,0.0632,-0.02,0.00,0.009,0.6,96025.6,0.00,0.000,0.000,2
21279,-0.000,-0.001,1.001,-0.061,-0.061,0.000,30.132,240.450,99.397,0.9980,-0.0046,0.0006,0.0633,-0.02,0.00,0.009,0.5,96024.9,0.00,0.000,0.000,2
21479,-0.001,-0.001,1.003,0.000,0.000,-0.061,30.132,240.450,99.397,0.9980,-0.0050,-0.0002,0.0633,-0.02,0.00,0.033,0.6,96026.3,0.00,0.000,0.000,2
21679,-0.002,-0.002,1.001,-0.061,-0.061,0.000,30.132,240.450,99.397,0.9980,-0.0051,0.0000,0.0633,-0.02,0.00,0.014,0.6,96027.0,0.00,0.000,0.000,2
21879,0.000,0.000,1.003,-0.061,0.000,0.061,30.132,240.450,99.397,0.9980,-0.0045,0.0007,0.0637,-0.02,0.00,0.033,0.5,96026.3,0.00,0.000,0.000,2
22079,-0.003,0.000,1.004,-0.061,0.000,0.061,30.132,240.450,99.397,0.9980,-0.0040,0.0020,0.0636,-0.02,0.00,0.038,0.5,96026.3,0.00,0.000,0.000,2
22279,0.000,-0.001,1.001,0.000,0.000,0.061,30.132,240.450,99.397,0.9980,-0.0042,0.0014,0.0631,-0.01,0.00,0.014,0.5,96027.0,0.00,0.000,0.000,2
22479,-0.003,-0.001,1.002,-0.061,0.000,0.122,30.132,240.450,99.397,0.9980,-0.0050,-0.0004,0.0633,-0.01,0.00,0.024,0.6,96024.3,0.00,0.000,0.000,2
22679,-0.001,-0.001,1.002,-0.061,-0.061,0.122,30.132,240.450,99.397,0.9980,-0.0047,0.0002,0.0630,-0.01,0.00,0.019,0.5,96027.0,0.00,0.000,0.000,2
22879,0.002,-0.001,1.000,-0.061,0.061,0.000,-1.772,248.601,93.718,1.0000,0.0013,0.0034,-0.0052,-0.01,-0.00,-0.000,0.4,96027.9,0.00,0.000,0.000,2
23079,-0.001,-0.001,1.001,-0.061,0.000,0.000,-1.772,248.601,93.718,1.0000,0.0034,-0.0007,-0.0050,-0.01,0.00,0.014,0.4,96022.1,0.00,0.000,0.000,2
23279,0.000,-0.001,0.999,0.000,-0.122,0.061,-1.772,248.601,93.718,1.0000,0.0020,0.0025,-0.0046,-0.00,-0.00,-0.015,0.4,96022.8,0.00,0.000,0.000,2
23479,-0.002,0.001,1.000,-0.122,0.000,0.000,-1.772,248.601,93.718,1.0000,0.0032,-0.0009,-0.0044,-0.00,-0.00,-0.000,0.4,96028.5,0.00,0.000,0.000,2
23679,-0.003,-0.001,1.000,0.000,0.000,-0.061,-1.772,248.601,93.718,1.0000,0.0028,-0.0017,-0.0046,-0.00,-0.00,-0.000,0.4,96022.8,0.00,0.000,0.000,2
23879,-0.002,-0.000,1.000,-0.061,0.000,0.000,-1.772,248.601,93.718,1.0000,0.0018,-0.0036,-0.0041,-0.00,0.00,0.005,0.5,96026.3,0.00,0.000,0.000,2
24079,-0.001,-0.002,1.001,-0.122,-0.061,0.061,-1.772,248.601,93.718,1.0000,0.0024,-0.0003,-0.0050,-0.00,0.00,0.014,0.3,96027.9,0.00,0.000,0.000,2
24279,-0.003,-0.000,1.000,-0.061,-0.122,0.061,-1.772,248.601,93.718,1.0000,0.0024,-0.0020,-0.0042,-0.00,-0.00,-0.000,0.4,96028.4,0.00,0.000,0.000,2
24479,0.000,-0.000,1.002,-0.061,-0.061,0.000,-1.772,248.601,93.718,1.0000,0.0018,0.0009,-0.0043,-0.00,0.00,0.019,0.2,96027.1,0.00,0.000,0.000,2
24679,-0.001,-0.001,1.004,0.000,-0.122,0.000,-1.772,248.601,93.718,1.0000,0.0014,-0.0014,-0.0045,-0.00,0.00,0.043,0.2,96025.6,0.00,0.000,0.000,2
24879,-0.000,0.002,1.003,-0.061,-0.061,-0.061,-1.772,248.601,93.718,1.0000,0.0016,-0.0025,-0.0034,-0.00,0.00,0.033,0.3,96027.7,0.00,0.000,0.000,2
25079,-0.002,0.000,1.002,-0.122,-0.061,0.061,8.862,251.318,110.757,0.9998,-0.0046,-0.0009,0.0188,-0.00,0.00,0.024,0.5,96028.4,0.00,0.000,0.000,2
25279,-0.001,-0.001,1.000,-0.122,-0.061,0.061,8.862,251.318,110.757,0.9998,-0.0042,0.0011,0.0185,-0.00,-0.00,-0.005,0.5,96026.3,0.00,0.000,0.000,2
25479,-0.000,0.000,1.000,-0.122,-0.122,0.061,8.862,251.318,110.757,0.9998,-0.0041,0.0008,0.0187,-0.00,-0.00,-0.005,0.5,96026.4,0.00,0.000,0.000,2
25679,-0.001,-0.000,1.000,0.000,-0.061,-0.061,8.862,251.318,110.757,0.9998,-0.0047,-0.0004,0.0188,-0.00,-0.00,-0.005,0.5,96024.2,0.00,0.000,0.000,2
25879,-0.002,-0.001,0.997,-0.061,0.000,0.061,8.862,251.318,110.757,0.9998,-0.0045,-0.0018,0.0185,-0.00,-0.00,-0.029,0.6,96023.5,0.00,0.000,0.000,2
26079,-0.002,0.000,1.001,0.061,-0.061,0.000,8.862,251.318,110.757,0.9998,-0.0042,-0.0016,0.0188,-0.00,0.00,0.009,0.5,96022.9,0.00,0.000,0.000,2
26279,-0.001,0.000,1.000,-0.122,-0.183,0.061,8.862,251.318,110.757,0.9998,-0.0043,0.0003,0.0187,-0.00,-0.00,-0.005,0.5,96025.6,0.00,0.000,0.000,2
26479,-0.002,-0.000,0.999,-0.061,-0.122,0.000,8.862,251.318,110.757,0.9998,-0.0013,-0.0048,0.0177,-0.00,-0.00,-0.010,0.6,96024.9,0.00,0.000,0.000,2
26679,-0.000,-0.000,1.002,0.061,-0.061,0.061,8.862,251.318,110.757,0.9998,0.0023,-0.0040,0.0169,-0.00,0.00,0.019,0.5,96024.9,0.00,0.000,0.000,2
26879,-0.001,-0.001,1.002,-0.061,-0.061,0.061,8.862,251.318,110.757,0.9999,0.0032,0.0006,0.0164,-0.00,0.00,0.024,0.4,96025.7,0.00,0.000,0.000,2
27079,-0.001,-0.002,1.001,-0.122,-0.122,0.061,8.862,251.318,110.757,0.9999,0.0026,0.0012,0.0163,-0.00,0.00,0.009,0.3,96021.5,0.00,0.000,0.000,2
27279,-0.001,-0.001,0.998,-0.061,-0.061,0.061,8.862,251.318,110.757,0.9999,0.0025,-0.0013,0.0165,0.00,-0.00,-0.019,0.3,96023.5,0.00,0.000,0.000,2
27479,-0.004,-0.001,0.999,-0.122,-0.061,0.061,1.772,243.167,139.156,1.0000,0.0056,-0.0053,0.0019,0.00,-0.00,-0.010,0.9,96024.9,0.00,0.000,0.000,2
27679,-0.002,-0.000,0.999,-0.122,0.061,0.061,1.772,243.167,139.156,1.0000,0.0063,-0.0011,0.0017,0.00,-0.00,-0.015,0.7,96028.3,0.00,0.000,0.000,2
27879,0.000,0.000,1.002,-0.061,-0.061,0.061,1.772,243.167,139.156,1.0000,0.0051,0.0017,0.0023,0.00,0.00,0.023,0.6,96023.5,0.00,0.000,0.000,2
28079,-0.000,-0.002,1.000,0.000,-0.122,0.061,1.772,243.167,139.156,1.0000,0.0048,0.0015,0.0016,0.00,-0.00,-0.005,0.6,96022.8,0.00,0.000,0.000,2
28279,-0.002,-0.001,1.001,-0.122,0.000,-0.122,1.772,243.167,139.156,1.0000,0.0046,-0.0019,0.0021,0.00,0.00,0.009,0.6,96028.4,0.00,0.000,0.000,2
28479,-0.001,-0.000,0.999,-0.122,0.000,0.122,1.772,243.167,139.156,1.0000,0.0041,0.0004,0.0022,0.00,-0.00,-0.010,0.5,96024.9,0.00,0.000,0.000,2
28679,-0.000,0.000,1.002,-0.061,-0.061,0.000,1.772,243.167,139.156,1.0000,0.0038,0.0005,0.0023,0.00,0.00,0.019,0.4,96022.1,0.00,0.000,0.000,2
28879,-0.001,-0.001,1.000,-0.061,-0.061,0.061,1.772,243.167,139.156,1.0000,0.0039,-0.0018,0.0020,0.01,-0.00,-0.005,0.5,96021.4,0.00,0.000,0.000,2
29079,0.000,0.002,1.001,0.000,0.000,0.183,1.772,243.167,139.156,1.0000,0.0040,-0.0001,0.0025,0.01,0.00,0.014,0.5,96025.6,0.00,0.000,0.000,2
29279,-0.002,0.000,1.003,0.000,0.000,0.061,1.772,243.167,139.156,1.0000,0.0038,-0.0010,0.0024,0.01,0.00,0.033,0.4,96020.0,0.00,0.000,0.000,2
29479,-0.000,-0.001,1.002,-0.061,-0.061,0.122,1.772,243.167,139.156,1.0000,0.0036,-0.0014,0.0023,0.01,0.00,0.019,0.4,96025.0,0.00,0.000,0.000,2
29679,-0.003,-0.001,1.000,-0.061,-0.061,0.000,21.270,249.960,96.557,0.9990,-0.0062,-0.0030,0.0445,0.01,-0.00,-0.001,0.8,96027.0,0.00,0.000,0.000,2
29879,-0.003,0.000,1.005,-0.061,0.122,-0.061,21.270,249.960,96.557,0.9990,-0.0059,0.0004,0.0440,0.01,0.00,0.052,0.7,96013.7,0.00,0.000,0.000,2
30079,-0.002,0.001,1.001,-0.122,-0.122,0.122,21.270,249.960,96.557,0.9990,-0.0053,-0.0025,0.0442,0.01,0.00,0.014,0.7,96025.8,0.00,0.000,0.000,2
30279,-0.000,-0.000,1.000,0.000,-0.122,0.000,21.270,249.960,96.557,0.9990,-0.0056,-0.0002,0.0437,0.01,-0.00,-0.001,0.6,96026.4,0.00,0.000,0.000,2
30479,-0.001,0.000,1.000,-0.122,0.061,0.000,21.270,249.960,96.557,0.9991,-0.0023,0.0047,0.0431,0.01,-0.00,-0.005,0.6,96020.7,0.00,0.000,0.000,2
30679,-0.001,-0.001,1.003,-0.122,0.061,0.000,21.270,249.960,96.557,0.9990,-0.0056,0.0005,0.0436,0.01,0.00,0.033,0.6,96026.3,0.00,0.000,0.000,2
30879,-0.001,0.000,1.002,0.000,-0.122,0.061,21.270,249.960,96.557,0.9990,-0.0054,-0.0002,0.0440,0.01,0.00,0.023,0.6,96021.4,0.00,0.000,0.000,2
31079,-0.002,0.000,1.000,-0.061,0.000,0.061,21.270,249.960,96.557,0.9990,-0.0052,-0.0009,0.0438,0.01,-0.00,-0.005,0.6,96027.0,0.00,0.000,0.000,2
31279,-0.002,0.000,1.000,0.000,0.000,0.000,21.270,249.960,96.557,0.9990,-0.0049,0.0005,0.0437,0.01,0.00,0.004,0.6,96022.9,0.00,0.000,0.000,2
31479,-0.000,0.000,1.002,-0.061,0.000,0.061,21.270,249.960,96.557,0.9990,-0.0051,-0.0009,0.0437,0.01,0.00,0.023,0.6,96023.5,0.00,0.000,0.000,2
31679,-0.001,-0.001,1.000,-0.061,0.000,0.122,21.270,249.960,96.557,0.9990,-0.0052,0.0012,0.0433,0.01,0.00,0.004,0.6,96024.2,0.00,0.000,0.000,2
31879,-0.000,0.001,1.002,-0.061,0.000,0.061,21.270,249.960,96.557,0.9990,-0.0051,-0.0014,0.0440,0.01,0.00,0.019,0.6,96027.0,0.00,0.000,0.000,2
32079,0.000,-0.001,1.000,-0.183,0.000,0.061,21.270,249.960,96.557,0.9990,-0.0048,0.0010,0.0433,0.01,-0.00,-0.005,0.6,96025.6,0.00,0.000,0.000,2
32279,-0.002,-0.001,1.001,-0.061,0.000,0.122,21.270,249.960,96.557,0.9990,-0.0051,-0.0007,0.0435,0.01,0.00,0.009,0.6,96023.5,0.00,0.000,0.000,2
32479,-0.001,-0.001,1.000,-0.061,0.000,0.000,21.270,249.960,96.557,0.9990,-0.0052,0.0004,0.0435,0.01,-0.00,-0.005,0.6,96025.7,0.00,0.000,0.000,2
32679,-0.002,0.000,1.002,-0.061,-0.122,-0.061,21.270,249.960,96.557,0.9990,-0.0050,-0.0015,0.0437,0.01,0.00,0.019,0.6,96024.4,0.00,0.000,0.000,2
32879,-0.001,0.000,0.998,-0.122,0.000,-0.061,21.270,249.960,96.557,0.9990,-0.0046,-0.0018,0.0437,0.01,-0.00,-0.024,0.6,96023.6,0.00,0.000,0.000,2
33079,-0.003,-0.001,1.000,-0.061,-0.061,0.061,21.270,249.960,96.557,0.9990,-0.0050,0.0005,0.0434,0.01,-0.00,-0.000,0.6,96024.2,0.00,0.000,0.000,2
33279,-0.002,-0.001,1.002,-0.061,-0.061,0.000,21.270,249.960,96.557,0.9990,-0.0046,0.0009,0.0434,0.01,0.00,0.024,0.5,96026.3,0.00,0.000,0.000,2
33479,-0.000,0.000,0.999,-0.061,-0.061,-0.061,21.270,249.960,96.557,0.9990,-0.0047,0.0013,0.0436,0.01,-0.00,-0.010,0.6,96024.9,0.00,0.000,0.000,2
33679,-0.003,0.000,1.001,-0.122,-0.061,0.061,21.270,249.960,96.557,0.9990,-0.0048,-0.0019,0.0438,0.01,0.00,0.009,0.6,96023.6,0.00,0.000,0.000,2
33879,-0.002,0.000,1.003,0.000,-0.061,0.000,21.270,249.960,96.557,0.9990,-0.0050,0.0001,0.0438,0.01,0.00,0.033,0.6,96024.9,0.00,0.000,0.000,2
34079,-0.003,-0.001,1.010,-0.122,0.000,0.061,21.270,249.960,96.557,0.9991,-0.0042,-0.0042,0.0430,0.01,0.00,0.095,0.7,96023.5,0.00,0.000,0.000,2
34279,-0.001,-0.001,1.000,-0.061,0.000,0.061,3.545,241.809,124.957,0.9999,-0.0057,-0.0025,0.0086,0.01,0.00,0.004,0.7,96020.7,0.00,0.000,0.000,2
34479,-0.002,0.000,1.000,-0.061,-0.061,0.000,3.545,241.809,124.957,0.9999,-0.0055,-0.0012,0.0088,0.01,-0.00,-0.001,0.6,96023.5,0.00,0.000,0.000,2
34679,-0.001,-0.001,1.002,-0.061,0.000,0.061,3.545,241.809,124.957,1.0000,-0.0053,-0.0017,0.0082,0.01,0.00,0.019,0.6,96024.9,0.00,0.000,0.000,2
34879,-0.004,-0.001,0.998,-0.061,0.000,0.000,3.545,241.809,124.957,0.9999,-0.0053,-0.0014,0.0084,0.01,-0.00,-0.020,0.6,96024.9,0.00,0.000,0.000,2
35079,-0.002,-0.001,1.003,0.000,-0.061,0.061,3.545,241.809,124.957,1.0000,-0.0052,-0.0003,0.0081,0.01,0.00,0.028,0.6,96032.1,0.00,0.000,0.000,2
35279,0.000,0.001,1.001,-0.122,0.000,0.000,3.545,241.809,124.957,0.9999,-0.0052,-0.0009,0.0090,0.01,0.00,0.009,0.6,96027.1,0.00,0.000,0.000,2
35479,-0.001,-0.000,1.008,-0.061,0.000,0.000,3.545,241.809,124.957,0.9999,-0.0052,-0.0014,0.0085,0.00,0.00,0.076,0.6,96023.5,0.00,0.000,0.000,2
35679,-0.002,0.000,0.998,-0.122,-0.061,0.061,3.545,241.809,124.957,0.9999,-0.0053,-0.0013,0.0085,0.00,-0.00,-0.020,0.6,96026.3,0.00,0.000,0.000,2
35879,0.000,-0.002,1.001,0.000,0.000,0.122,3.545,241.809,124.957,1.0000,-0.0049,0.0001,0.0080,0.00,0.00,0.009,0.6,96027.0,0.00,0.000,0.000,2
36079,-0.000,-0.001,1.000,-0.122,-0.061,0.122,3.545,241.809,124.957,1.0000,-0.0045,0.0011,0.0080,0.00,-0.00,-0.000,0.5,96025.0,0.00,0.000,0.000,2
36279,-0.002,0.000,1.000,0.000,0.122,0.000,3.545,241.809,124.957,1.0000,-0.0040,-0.0022,0.0083,0.00,-0.00,-0.005,0.5,96024.9,0.00,0.000,0.000,2
36479,-0.001,-0.002,0.998,-0.183,-0.122,0.061,5.317,248.601,133.476,0.9999,-0.0044,-0.0010,0.0110,0.00,-0.00,-0.024,0.5,96023.5,0.00,0.000,0.000,2
36679,0.000,-0.001,1.001,-0.061,0.000,0.061,5.317,248.601,133.476,0.9999,-0.0041,0.0010,0.0115,0.00,0.00,0.014,0.5,96025.6,0.00,0.000,0.000,2
36879,-0.001,0.001,1.003,-0.061,-0.061,0.061,5.317,248.601,133.476,0.9999,-0.0039,-0.0008,0.0120,0.00,0.00,0.028,0.5,96027.0,0.00,0.000,0.000,2
37079,-0.000,0.000,1.003,-0.061,-0.061,0.000,5.317,248.601,133.476,0.9999,-0.0030,0.0010,0.0115,0.00,0.00,0.029,0.4,96023.5,0.00,0.000,0.000,2
37279,-0.001,-0.001,1.001,0.000,0.000,0.061,5.317,248.601,133.476,0.9999,-0.0038,-0.0011,0.0112,0.00,0.00,0.009,0.4,96022.8,0.00,0.000,0.000,2
37479,-0.001,0.002,1.003,-0.061,-0.122,0.000,5.317,248.601,133.476,0.9999,-0.0033,-0.0009,0.0120,0.00,0.00,0.028,0.4,96023.5,0.00,0.000,0.000,2
37679,-0.002,0.000,1.000,0.000,0.000,0.061,5.317,248.601,133.476,0.9999,-0.0037,0.0001,0.0112,0.00,0.00,0.004,0.4,96024.9,0.00,0.000,0.000,2
37879,-0.001,0.000,1.001,0.000,0.000,0.000,5.317,248.601,133.476,0.9999,-0.0034,-0.0018,0.0112,0.00,0.00,0.014,0.4,96030.0,0.00,0.000,0.000,2
38079,-0.000,0.001,1.000,-0.122,0.000,0.000,5.317,248.601,133.476,0.9999,-0.0033,0.0002,0.0117,0.00,-0.00,-0.000,0.4,96027.9,0.00,0.000,0.000,2
38279,-0.001,-0.001,0.997,-0.122,-0.061,-0.061,5.317,248.601,133.476,0.9999,-0.0027,-0.0005,0.0110,0.00,-0.00,-0.034,0.3,96023.5,0.00,0.000,0.000,2
38479,-0.002,-0.001,0.998,-0.061,-0.061,0.061,5.317,248.601,133.476,0.9999,-0.0026,-0.0015,0.0114,0.00,-0.00,-0.024,0.3,96024.2,0.00,0.000,0.000,2
38679,-0.001,-0.002,1.001,-0.122,-0.061,0.000,3.545,241.809,113.597,1.0000,-0.0034,0.0010,0.0074,0.01,0.00,0.009,0.4,96025.6,0.00,0.000,0.000,2
38879,-0.001,0.000,0.999,-0.122,-0.061,0.122,3.545,241.809,113.597,1.0000,-0.0033,-0.0007,0.0079,0.01,-0.00,-0.010,0.4,96027.7,0.00,0.000,0.000,2
39079,-0.002,-0.000,1.000,0.000,-0.183,0.000,3.545,241.809,113.597,1.0000,-0.0031,-0.0014,0.0076,0.01,-0.00,-0.000,0.4,96029.1,0.00,0.000,0.000,2
39279,-0.002,-0.001,1.003,-0.061,0.061,0.122,3.545,241.809,113.597,1.0000,-0.0026,-0.0014,0.0078,0.01,0.00,0.029,0.3,96024.9,0.00,0.000,0.000,2
39479,-0.003,0.001,1.001,-0.061,-0.122,0.061,3.545,241.809,113.597,1.0000,-0.0029,-0.0035,0.0082,0.01,0.00,0.014,0.5,96023.5,0.00,0.000,0.000,2
39679,0.000,0.000,0.999,-0.122,-0.122,0.061,3.545,241.809,113.597,1.0000,-0.0026,0.0027,0.0079,0.01,-0.00,-0.010,0.4,96024.2,0.00,0.000,0.000,2
39879,-0.003,0.001,1.000,-0.061,0.000,0.000,3.545,241.809,113.597,1.0000,0.0029,-0.0022,0.0065,0.01,0.00,0.005,0.4,96020.9,0.00,0.000,0.000,2
40079,-0.001,0.000,1.000,-0.122,0.000,0.000,3.545,241.809,113.597,1.0000,-0.0019,-0.0031,0.0079,0.01,0.00,0.005,0.4,96025.7,0.00,0.000,0.000,2
40279,0.000,-0.001,0.997,0.000,0.000,0.061,3.545,241.809,113.597,1.0000,-0.0033,-0.0020,0.0079,0.01,-0.00,-0.029,0.4,96022.8,0.00,0.000,0.000,2
40479,0.000,0.000,1.000,-0.122,-0.122,0.000,3.545,241.809,113.597,1.0000,-0.0031,0.0006,0.0079,0.01,-0.00,-0.005,0.4,96021.4,0.00,0.000,0.000,2
40679,-0.003,-0.001,1.002,-0.061,-0.061,0.061,3.545,241.809,113.597,1.0000,-0.0030,-0.0028,0.0077,0.01,0.00,0.019,0.5,96023.6,0.00,0.000,0.000,2
40879,-0.000,-0.000,1.003,-0.061,-0.122,0.061,5.317,243.167,110.757,0.9999,-0.0032,-0.0005,0.0117,0.01,0.00,0.033,0.4,96021.4,0.00,0.000,0.000,2
41079,-0.003,0.000,1.001,-0.061,0.061,0.122,5.317,243.167,110.757,0.9999,-0.0023,-0.0028,0.0112,0.01,0.00,0.009,0.4,96024.8,0.00,0.000,0.000,2
41279,0.000,-0.001,0.998,0.000,0.000,0.061,5.317,243.167,110.757,0.9999,-0.0036,0.0001,0.0117,0.01,-0.00,-0.019,0.4,96026.4,0.00,0.000,0.000,2
41479,-0.003,-0.000,1.002,-0.122,0.000,0.061,5.317,243.167,110.757,0.9999,-0.0034,-0.0024,0.0116,0.01,0.00,0.024,0.5,96027.0,0.00,0.000,0.000,2
41679,-0.002,-0.000,1.003,0.000,-0.061,0.000,5.317,243.167,110.757,0.9999,-0.0037,-0.0012,0.0114,0.01,0.00,0.029,0.4,96023.5,0.00,0.000,0.000,2
41879,-0.001,-0.002,1.003,0.000,0.000,0.122,5.317,243.167,110.757,0.9999,-0.0031,0.0008,0.0114,0.01,0.00,0.033,0.4,96025.6,0.00,0.000,0.000,2
42079,-0.002,-0.001,0.999,-0.122,-0.061,0.000,5.317,243.167,110.757,0.9999,-0.0034,-0.0002,0.0116,0.01,-0.00,-0.015,0.4,96027.0,0.00,0.000,0.000,2
42279,-0.002,-0.003,0.999,-0.061,-0.122,0.122,5.317,243.167,110.757,0.9999,-0.0035,-0.0011,0.0111,0.01,-0.00,-0.010,0.4,96022.9,0.00,0.000,0.000,2
42479,-0.004,-0.000,1.000,0.000,0.061,0.000,5.317,243.167,110.757,0.9999,-0.0023,-0.0028,0.0115,0.01,-0.00,-0.005,0.4,96028.4,0.00,0.000,0.000,2
42679,-0.000,0.000,1.000,0.000,0.061,0.061,5.317,243.167,110.757,0.9999,-0.0034,0.0001,0.0119,0.01,0.00,0.005,0.4,96024.9,0.00,0.000,0.000,2
42879,-0.002,-0.002,0.996,-0.061,0.000,0.061,5.317,243.167,110.757,0.9999,-0.0037,-0.0012,0.0112,0.01,-0.00,-0.038,0.4,96025.7,0.00,0.000,0.000,2
43079,-0.001,0.001,0.998,-0.122,-0.061,0.183,5.317,243.167,110.757,0.9999,-0.0029,0.0006,0.0120,0.01,-0.00,-0.024,0.3,96025.0,0.00,0.000,0.000,2
43279,-0.002,0.000,1.000,-0.122,-0.061,0.061,5.317,243.167,110.757,0.9999,-0.0032,-0.0002,0.0113,0.01,0.00,0.005,0.4,96024.9,0.00,0.000,0.000,2
43479,-0.003,-0.001,0.999,-0.061,-0.061,0.061,5.317,243.167,110.757,0.9999,-0.0032,-0.0021,0.0115,0.01,-0.00,-0.014,0.4,96023.5,0.00,0.000,0.000,2
43679,0.000,0.000,0.997,-0.061,0.000,0.000,5.317,243.167,110.757,1.0000,0.0015,-0.0015,0.0097,0.01,-0.00,-0.029,0.2,96023.5,0.00,0.000,0.000,2
43879,-0.000,-0.002,1.002,-0.122,0.000,0.061,5.317,243.167,110.757,0.9999,-0.0000,-0.0023,0.0102,0.01,0.00,0.019,0.3,96024.2,0.00,0.000,0.000,2
44079,-0.000,-0.002,1.005,-0.061,-0.183,-0.061,5.317,243.167,110.757,1.0000,0.0004,-0.0022,0.0091,0.01,0.00,0.053,0.3,96024.9,0.00,0.000,0.000,2
44279,-0.001,-0.002,0.999,-0.061,0.000,0.061,5.317,243.167,110.757,0.9999,-0.0022,-0.0004,0.0109,0.01,-0.00,-0.010,0.3,96024.3,0.00,0.000,0.000,2
44479,-0.004,-0.002,1.001,-0.061,-0.061,0.061,5.317,243.167,110.757,0.9999,-0.0021,-0.0019,0.0111,0.01,0.00,0.014,0.3,96020.8,0.00,0.000,0.000,2
44679,-0.001,-0.001,1.002,-0.061,0.061,0.061,5.317,243.167,110.757,0.9999,-0.0021,0.0009,0.0115,0.01,0.00,0.024,0.3,96027.9,0.00,0.000,0.000,2
44879,-0.001,-0.001,1.003,-0.122,0.061,0.061,5.317,243.167,110.757,0.9999,-0.0027,0.0003,0.0113,0.01,0.00,0.029,0.3,96027.0,0.00,0.000,0.000,2
45079,0.001,-0.000,1.000,-0.061,-0.061,0.122,5.317,243.167,110.757,0.9999,-0.0028,0.0002,0.0115,0.01,0.00,0.005,0.3,96025.7,0.00,0.000,0.000,2
45279,-0.001,-0.002,1.001,-0.122,-0.183,0.000,5.317,243.167,110.757,0.9999,-0.0030,-0.0014,0.0112,0.01,0.00,0.010,0.4,96022.8,0.00,0.000,0.000,2
45479,-0.002,-0.000,0.999,-0.061,-0.061,0.000,5.317,243.167,110.757,0.9999,-0.0025,-0.0021,0.0113,0.01,-0.00,-0.010,0.4,96023.5,0.00,0.000,0.000,2
45679,-0.002,-0.000,0.999,-0.122,-0.122,0.000,5.317,243.167,110.757,0.9999,-0.0020,-0.0016,0.0104,0.01,-0.00,-0.010,0.3,96026.5,0.00,0.000,0.000,2
45879,-0.003,-0.001,1.000,-0.061,-0.183,0.000,5.317,243.167,110.757,0.9999,-0.0023,-0.0017,0.0113,0.01,0.00,0.000,0.3,96025.0,0.00,0.000,0.000,2
46079,-0.002,-0.001,1.002,-0.183,0.000,0.061,5.317,243.167,110.757,0.9999,-0.0026,-0.0009,0.0110,0.01,0.00,0.024,0.3,96022.2,0.00,0.000,0.000,2
46279,-0.001,0.002,1.002,-0.061,0.000,0.061,5.317,243.167,110.757,0.9999,-0.0023,-0.0021,0.0117,0.01,0.00,0.024,0.4,96018.6,0.00,0.000,0.000,2
46479,-0.001,0.001,0.999,0.000,0.122,0.061,5.317,243.167,110.757,0.9999,-0.0023,-0.0009,0.0119,0.01,-0.00,-0.015,0.3,96025.8,0.00,0.000,0.000,2
46679,-0.001,0.000,0.998,-0.122,0.061,0.122,5.317,243.167,110.757,0.9999,-0.0025,-0.0003,0.0117,0.01,-0.00,-0.019,0.3,96021.4,0.00,0.000,0.000,2
46879,-0.000,-0.002,1.001,-0.061,-0.122,0.061,5.317,243.167,110.757,0.9999,-0.0030,0.0000,0.0114,0.01,0.00,0.010,0.3,96023.6,0.00,0.000,0.000,2
47079,-0.002,-0.001,1.000,0.000,0.000,0.000,5.317,243.167,110.757,0.9999,-0.0031,-0.0009,0.0114,0.01,0.00,0.005,0.4,96021.5,0.00,0.000,0.000,2
47279,0.000,0.001,1.000,-0.061,-0.122,0.122,5.317,243.167,110.757,0.9999,-0.0029,0.0003,0.0116,0.01,-0.00,-0.000,0.3,96022.9,0.00,0.000,0.000,2
47479,-0.003,-0.000,1.000,-0.122,-0.061,-0.061,5.317,243.167,110.757,0.9999,-0.0030,-0.0012,0.0117,0.01,-0.00,-0.000,0.4,96023.6,0.00,0.000,0.000,2
47679,-0.001,-0.003,1.000,-0.061,-0.061,0.061,5.317,243.167,110.757,0.9999,-0.0036,-0.0010,0.0114,0.01,-0.00,-0.005,0.4,96024.9,0.00,0.000,0.000,2
47879,-0.003,0.000,1.001,0.061,0.061,0.000,12.407,232.299,122.117,0.9997,0.0053,-0.0030,0.0252,0.01,0.00,0.014,0.7,96022.0,0.00,0.000,0.000,2
48079,-0.005,-0.001,1.001,-0.061,-0.122,0.000,12.407,232.299,122.117,0.9997,0.0050,-0.0037,0.0250,0.01,0.00,0.009,0.7,96022.1,0.00,0.000,0.000,2
48279,-0.001,-0.002,1.001,-0.122,-0.061,0.122,12.407,232.299,122.117,0.9997,0.0047,0.0021,0.0246,0.01,0.00,0.009,0.6,96025.0,0.00,0.000,0.000,2
48479,-0.002,-0.000,1.000,0.000,-0.122,0.000,12.407,232.299,122.117,0.9997,0.0048,-0.0004,0.0253,0.01,-0.00,-0.005,0.5,96030.0,0.00,0.000,0.000,2
48679,-0.002,-0.003,1.000,-0.061,-0.061,0.061,12.407,232.299,122.117,0.9997,0.0041,0.0003,0.0247,0.01,-0.00,-0.005,0.5,96029.1,0.00,0.000,0.000,2
48879,0.000,0.000,1.001,-0.061,0.000,0.061,12.407,232.299,122.117,0.9997,0.0044,0.0003,0.0254,0.01,0.00,0.014,0.5,96026.3,0.00,0.000,0.000,2
49079,-0.000,-0.000,1.001,-0.061,-0.061,0.122,12.407,232.299,122.117,0.9997,0.0046,-0.0009,0.0255,0.01,0.00,0.009,0.5,96023.5,0.00,0.000,0.000,2
49279,-0.000,-0.001,0.997,-0.061,-0.061,-0.061,12.407,232.299,122.117,0.9997,0.0043,-0.0020,0.0251,0.01,-0.00,-0.029,0.5,96022.0,0.00,0.000,0.000,2
49479,-0.003,0.000,0.998,-0.122,-0.061,0.000,12.407,232.299,122.117,0.9997,0.0040,-0.0030,0.0255,0.01,-0.00,-0.019,0.6,96021.4,0.00,0.000,0.000,2
49679,-0.003,-0.002,1.002,0.000,-0.061,0.000,12.407,232.299,122.117,0.9997,0.0041,-0.0012,0.0250,0.01,0.00,0.019,0.5,96024.9,0.00,0.000,0.000,2
49879,-0.002,0.001,1.004,-0.061,-0.061,0.000,12.407,232.299,122.117,0.9997,0.0038,-0.0002,0.0257,0.01,0.00,0.038,0.4,96024.2,0.00,0.000,0.000,2
50079,-0.000,-0.001,1.004,-0.061,-0.061,-0.061,5.317,251.318,110.757,1.0000,0.0007,0.0030,0.0094,0.01,0.00,0.043,0.3,96025.6,0.00,0.000,0.000,2
50279,-0.001,-0.001,0.999,-0.122,-0.061,0.061,5.317,251.318,110.757,0.9999,-0.0044,-0.0007,0.0112,0.01,-0.00,-0.015,0.5,96027.8,0.00,0.000,0.000,2
50479,-0.001,-0.003,1.002,-0.061,-0.122,0.000,5.317,251.318,110.757,0.9999,-0.0040,-0.0015,0.0109,0.01,0.00,0.024,0.5,96028.4,0.00,0.000,0.000,2
50679,-0.002,-0.001,0.996,0.000,-0.122,0.000,5.317,251.318,110.757,0.9999,-0.0039,-0.0014,0.0114,0.01,-0.00,-0.038,0.5,96021.4,0.00,0.000,0.000,2
50879,-0.002,-0.002,0.999,-0.061,-0.061,0.061,5.317,251.318,110.757,0.9999,-0.0012,-0.0036,0.0105,0.01,-0.00,-0.010,0.4,96024.9,0.00,0.000,0.000,2
51079,-0.002,-0.002,0.998,-0.122,0.000,0.061,5.317,251.318,110.757,0.9999,-0.0031,-0.0014,0.0108,0.01,-0.00,-0.019,0.4,96024.2,0.00,0.000,0.000,2
51279,-0.002,0.000,1.000,-0.061,0.000,0.122,5.317,251.318,110.757,0.9999,-0.0027,-0.0008,0.0113,0.01,0.00,0.005,0.3,96024.2,0.00,0.000,0.000,2
51479,-0.002,0.001,1.001,-0.122,0.000,0.061,5.317,251.318,110.757,0.9999,-0.0026,0.0009,0.0110,0.01,0.00,0.014,0.3,96022.0,0.00,0.000,0.000,2
51679,-0.001,-0.000,1.005,-0.061,-0.061,0.000,5.317,251.318,110.757,0.9999,-0.0032,-0.0001,0.0113,0.01,0.00,0.053,0.4,96020.7,0.00,0.000,0.000,2
51879,-0.001,-0.001,1.001,0.000,0.061,0.122,5.317,251.318,110.757,0.9999,-0.0032,-0.0006,0.0110,0.01,0.00,0.009,0.4,96022.8,0.00,0.000,0.000,2
52079,-0.002,0.002,1.000,-0.061,-0.061,0.000,5.317,251.318,110.757,0.9999,-0.0032,-0.0005,0.0116,0.01,-0.00,-0.000,0.4,96024.2,0.00,0.000,0.000,2
52279,-0.001,0.000,1.001,-0.061,-0.061,0.061,5.317,251.318,110.757,0.9999,-0.0033,-0.0012,0.0115,0.01,0.00,0.014,0.4,96026.2,0.00,0.000,0.000,2
52479,-0.001,-0.002,1.000,-0.122,-0.061,0.061,5.317,251.318,110.757,0.9999,-0.0034,-0.0004,0.0110,0.01,-0.00,-0.000,0.4,96025.6,0.00,0.000,0.000,2
52679,-0.001,0.001,1.002,-0.183,0.000,0.000,5.317,251.318,110.757,0.9999,-0.0029,0.0000,0.0115,0.01,0.00,0.024,0.3,96025.6,0.00,0.000,0.000,2
52879,-0.001,0.000,1.000,-0.061,-0.122,0.000,5.317,251.318,110.757,0.9999,-0.0031,-0.0011,0.0112,0.01,-0.00,-0.005,0.4,96022.1,0.00,0.000,0.000,2
53079,0.000,-0.002,1.000,-0.122,0.000,0.000,5.317,251.318,110.757,0.9999,-0.0033,-0.0002,0.0108,0.01,0.00,0.005,0.4,96023.5,0.00,0.000,0.000,2
53279,-0.001,-0.001,1.000,-0.061,0.061,0.061,5.317,251.318,110.757,0.9999,-0.0018,0.0014,0.0099,0.01,-0.00,-0.005,0.3,96019.2,0.00,0.000,0.000,2
53479,-0.003,-0.001,1.002,0.061,-0.061,0.000,5.317,251.318,110.757,0.9999,-0.0034,-0.0016,0.0112,0.01,0.00,0.024,0.4,96025.6,0.00,0.000,0.000,2
53679,-0.003,-0.000,0.998,-0.122,0.000,0.061,5.317,251.318,110.757,0.9999,-0.0033,-0.0016,0.0108,0.01,-0.00,-0.024,0.4,96022.8,0.00,0.000,0.000,2
53879,-0.002,-0.001,1.001,0.000,-0.122,0.061,5.317,251.318,110.757,0.9999,-0.0023,-0.0023,0.0110,0.01,0.00,0.009,0.4,96019.3,0.00,0.000,0.000,2
54079,-0.003,-0.001,1.002,-0.061,0.000,0.000,5.317,251.318,110.757,0.9999,-0.0022,-0.0016,0.0107,0.01,0.00,0.024,0.3,96019.8,0.00,0.000,0.000,2
54279,-0.002,-0.003,0.999,-0.122,-0.061,0.000,5.317,251.318,110.757,1.0000,-0.0019,-0.0009,0.0096,0.01,-0.00,-0.010,0.2,96024.8,0.00,0.000,0.000,2
54479,0.000,0.001,0.999,-0.061,-0.061,0.000,5.317,251.318,110.757,0.9999,0.0017,0.0000,0.0109,0.01,-0.00,-0.010,0.2,96023.3,0.00,0.000,0.000,2
54679,-0.002,0.000,1.001,-0.061,-0.122,0.061,10.635,249.960,113.597,0.9998,0.0038,-0.0008,0.0201,0.01,0.00,0.009,0.4,96022.0,0.00,0.000,0.000,2
54879,-0.002,-0.000,1.001,-0.061,0.000,0.061,10.635,249.960,113.597,0.9998,0.0030,-0.0022,0.0202,0.01,0.00,0.009,0.4,96022.7,0.00,0.000,0.000,2
55079,-0.001,-0.001,1.001,-0.061,-0.061,0.061,10.635,249.960,113.597,0.9998,0.0034,-0.0003,0.0202,0.01,0.00,0.009,0.4,96025.6,0.00,0.000,0.000,2
55279,-0.001,-0.000,1.000,-0.122,0.000,0.000,10.635,249.960,113.597,0.9998,0.0028,0.0007,0.0203,0.01,-0.00,-0.000,0.3,96024.7,0.00,0.000,0.000,2
55479,-0.002,-0.000,1.002,-0.122,0.122,-0.061,10.635,249.960,113.597,0.9998,0.0031,-0.0012,0.0204,0.01,0.00,0.019,0.4,96025.5,0.00,0.000,0.000,2
55679,-0.000,-0.001,0.999,-0.183,-0.122,0.000,10.635,249.960,113.597,0.9998,0.0023,0.0008,0.0201,0.01,-0.00,-0.015,0.3,96026.1,0.00,0.000,0.000,2
55879,-0.002,0.000,1.001,-0.061,0.000,0.061,10.635,249.960,113.597,0.9998,0.0027,-0.0008,0.0206,0.01,0.00,0.009,0.3,96020.6,0.00,0.000,0.000,2
56079,-0.001,-0.001,0.999,-0.061,-0.061,0.061,10.635,249.960,113.597,0.9998,0.0026,-0.0009,0.0204,0.01,-0.00,-0.010,0.3,96029.0,0.00,0.000,0.000,2
56279,-0.003,0.002,0.999,0.000,-0.061,0.061,10.635,249.960,113.597,0.9998,0.0029,-0.0017,0.0206,0.01,-0.00,-0.010,0.4,96019.8,0.00,0.000,0.000,2
56479,-0.001,-0.000,0.999,-0.061,-0.122,0.000,10.635,249.960,113.597,0.9998,0.0016,-0.0031,0.0207,0.01,-0.00,-0.010,0.4,96024.9,0.00,0.000,0.000,2
56679,-0.002,-0.002,1.001,-0.122,0.000,0.000,10.635,249.960,113.597,0.9998,0.0020,-0.0019,0.0205,0.01,0.00,0.009,0.3,96025.5,0.00,0.000,0.000,2
56879,-0.004,0.000,1.003,0.000,0.000,0.061,10.635,249.960,113.597,0.9998,0.0017,-0.0026,0.0210,0.01,0.00,0.029,0.4,96022.0,0.00,0.000,0.000,2
57079,-0.001,-0.001,1.001,-0.061,0.000,0.122,10.635,249.960,113.597,0.9998,0.0018,-0.0006,0.0204,0.01,0.00,0.009,0.2,96022.8,0.00,0.000,0.000,2
57279,-0.001,-0.001,1.001,0.061,0.000,0.000,10.635,249.960,113.597,0.9998,0.0024,-0.0005,0.0203,0.01,0.00,0.014,0.3,96024.9,0.00,0.000,0.000,2
57479,-0.003,0.001,0.999,-0.061,-0.061,0.122,10.635,249.960,113.597,0.9998,0.0027,-0.0012,0.0206,0.01,-0.00,-0.014,0.3,96019.8,0.00,0.000,0.000,2
57679,-0.001,0.001,1.000,-0.061,-0.122,0.000,10.635,249.960,113.597,0.9998,0.0025,0.0001,0.0208,0.01,0.00,0.005,0.3,96022.8,0.00,0.000,0.000,2
57879,-0.001,-0.000,1.001,-0.061,-0.122,0.061,10.635,249.960,113.597,0.9998,0.0029,-0.0016,0.0204,0.01,0.00,0.009,0.4,96020.5,0.00,0.000,0.000,2
58079,-0.001,-0.002,1.001,-0.061,-0.061,0.000,10.635,249.960,113.597,0.9998,0.0022,-0.0020,0.0205,0.01,0.00,0.009,0.3,96023.4,0.00,0.000,0.000,2
58279,-0.004,-0.001,1.003,0.000,-0.061,0.000,10.635,249.960,113.597,0.9998,0.0026,-0.0019,0.0204,0.01,0.00,0.033,0.4,96021.9,0.00,0.000,0.000,2
58479,-0.001,-0.001,1.001,-0.061,0.000,0.000,10.635,249.960,113.597,0.9998,0.0026,-0.0002,0.0200,0.01,0.00,0.014,0.3,96025.5,0.00,0.000,0.000,2
58679,-0.002,-0.000,1.001,0.000,-0.061,0.122,10.635,249.960,113.597,0.9998,0.0024,-0.0013,0.0204,0.01,0.00,0.009,0.3,96024.0,0.00,0.000,0.000,2
58879,0.000,0.001,1.002,-0.061,-0.122,0.000,10.635,249.960,113.597,0.9998,0.0026,0.0002,0.0209,0.01,0.00,0.024,0.3,96021.2,0.00,0.000,0.000,2
59079,-0.002,-0.001,1.002,-0.122,-0.183,0.061,10.635,249.960,113.597,0.9998,0.0018,-0.0029,0.0205,0.01,0.00,0.019,0.4,96027.6,0.00,0.000,0.000,2
59279,-0.002,-0.002,1.000,0.000,-0.061,0.061,10.635,249.960,113.597,0.9998,0.0018,-0.0025,0.0205,0.01,-0.00,-0.000,0.4,96021.2,0.00,0.000,0.000,2
59479,-0.002,-0.001,1.000,-0.061,0.000,0.061,10.635,249.960,113.597,0.9998,0.0021,-0.0021,0.0206,0.01,-0.00,-0.000,0.3,96023.3,0.00,0.000,0.000,2
59679,-0.003,-0.001,1.000,-0.122,-0.122,0.000,10.635,249.960,113.597,0.9998,0.0024,-0.0016,0.0204,0.01,-0.00,-0.000,0.3,96026.8,0.00,0.000,0.000,2
59879,-0.002,-0.000,0.998,-0.122,-0.122,0.061,10.635,249.960,113.597,0.9998,0.0019,-0.0017,0.0206,0.01,-0.00,-0.024,0.3,96023.9,0.00,0.000,0.000,2
60079,-0.001,0.000,1.000,-0.061,-0.061,0.000,10.635,249.960,113.597,0.9998,0.0023,-0.0010,0.0205,0.01,-0.00,-0.005,0.3,96023.3,0.00,0.000,0.000,2
60279,-0.000,-0.000,1.001,-0.061,-0.183,0.122,10.635,249.960,113.597,0.9998,0.0018,0.0003,0.0201,0.01,0.00,0.009,0.2,96019.8,0.00,0.000,0.000,2
60479,-0.001,0.001,1.003,-0.122,-0.183,0.061,10.635,249.960,113.597,0.9998,0.0026,-0.0009,0.0204,0.01,0.00,0.033,0.3,96020.5,0.00,0.000,0.000,2
60679,-0.001,-0.001,1.002,-0.122,0.122,0.061,10.635,249.960,113.597,0.9998,0.0023,-0.0012,0.0204,0.01,0.00,0.019,0.3,96021.2,0.00,0.000,0.000,2
60879,-0.002,-0.000,0.999,0.061,-0.061,0.061,10.635,249.960,113.597,0.9998,0.0025,-0.0006,0.0204,0.01,-0.00,-0.014,0.3,96022.0,0.00,0.000,0.000,2
61079,-0.002,0.000,1.000,-0.122,0.000,0.061,10.635,249.960,113.597,0.9998,0.0024,-0.0011,0.0207,0.01,0.00,0.005,0.3,96019.8,0.00,0.000,0.000,2
61279,-0.004,-0.002,1.001,0.122,-0.061,0.000,10.635,249.960,113.597,0.9998,0.0022,-0.0008,0.0202,0.01,0.00,0.009,0.3,96023.5,0.00,0.000,0.000,2
61479,-0.001,-0.001,1.000,-0.061,0.000,-0.061,10.635,249.960,113.597,0.9998,0.0020,0.0008,0.0206,0.01,-0.00,-0.000,0.2,96021.9,0.00,0.000,0.000,2
61679,-0.000,0.002,0.999,-0.061,-0.122,0.000,5.317,240.450,122.117,0.9999,-0.0047,0.0002,0.0130,0.01,-0.00,-0.010,0.5,96026.2,0.00,0.000,0.000,2
61879,0.000,-0.001,0.998,0.000,0.000,0.000,5.317,240.450,122.117,0.9999,-0.0045,0.0002,0.0120,0.01,-0.00,-0.024,0.5,96023.4,0.00,0.000,0.000,2
62079,-0.002,-0.001,0.999,0.000,0.000,0.061,5.317,240.450,122.117,0.9999,-0.0043,-0.0001,0.0120,0.01,-0.00,-0.015,0.5,96024.2,0.00,0.000,0.000,2
62279,-0.000,-0.000,1.002,0.000,-0.061,0.061,5.317,240.450,122.117,0.9999,-0.0039,-0.0007,0.0121,0.01,0.00,0.019,0.5,96021.9,0.00,0.000,0.000,2
62479,-0.001,-0.001,1.001,-0.122,-0.122,0.061,5.317,240.450,122.117,0.9999,-0.0042,-0.0023,0.0120,0.01,0.00,0.014,0.6,96022.6,0.00,0.000,0.000,2
62679,-0.002,0.001,1.001,0.000,0.122,0.000,5.317,240.450,122.117,0.9999,-0.0041,-0.0016,0.0123,0.01,0.00,0.014,0.5,96019.1,0.00,0.000,0.000,2
62879,-0.001,-0.000,1.006,-0.122,0.000,0.061,5.317,240.450,122.117,0.9999,-0.0042,-0.0009,0.0119,0.01,0.00,0.057,0.5,96022.0,0.00,0.000,0.000,2
63079,0.000,-0.004,1.001,-0.061,0.000,0.000,5.317,240.450,122.117,0.9999,-0.0042,0.0006,0.0114,0.01,0.00,0.010,0.5,96022.7,0.00,0.000,0.000,2
63279,-0.001,0.000,1.001,-0.061,0.000,0.061,5.317,240.450,122.117,0.9999,-0.0038,0.0003,0.0120,0.01,0.00,0.014,0.4,96022.0,0.00,0.000,0.000,2
63479,-0.001,0.000,1.001,-0.061,-0.061,0.122,5.317,240.450,122.117,0.9999,-0.0041,0.0001,0.0118,0.01,0.00,0.014,0.5,96023.4,0.00,0.000,0.000,2
63679,0.000,0.001,1.001,-0.061,-0.061,0.000,5.317,240.450,122.117,0.9999,-0.0038,-0.0000,0.0122,0.01,0.00,0.014,0.4,96024.1,0.00,0.000,0.000,2
63879,-0.002,-0.002,1.001,0.000,0.000,0.000,5.317,240.450,122.117,0.9999,-0.0041,-0.0015,0.0117,0.01,0.00,0.009,0.5,96020.5,0.00,0.000,0.000,2
64079,-0.001,-0.001,1.000,0.061,-0.122,0.061,17.725,249.960,96.557,0.9993,-0.0049,0.0029,0.0364,0.01,-0.00,-0.001,0.7,96022.0,0.00,0.000,0.000,2
64279,-0.001,-0.000,0.998,0.000,-0.061,0.061,17.725,249.960,96.557,0.9993,-0.0048,0.0021,0.0365,0.01,-0.00,-0.020,0.6,96027.5,0.00,0.000,0.000,2
64479,-0.002,-0.000,1.000,-0.061,0.000,0.061,17.725,249.960,96.557,0.9993,-0.0052,-0.0018,0.0366,0.01,-0.00,-0.005,0.6,96026.8,0.00,0.000,0.000,2
64679,-0.001,-0.001,1.001,-0.061,-0.061,0.000,17.725,249.960,96.557,0.9993,-0.0053,-0.0014,0.0364,0.01,0.00,0.014,0.6,96025.5,0.00,0.000,0.000,2
64879,-0.002,-0.000,1.001,-0.122,-0.061,0.000,17.725,249.960,96.557,0.9993,-0.0049,-0.0029,0.0365,0.01,0.00,0.014,0.7,96023.4,0.00,0.000,0.000,2
65079,-0.001,0.000,1.003,-0.183,-0.122,-0.061,17.725,249.960,96.557,0.9994,0.0006,0.0035,0.0353,0.01,0.00,0.033,0.4,96023.3,0.00,0.000,0.000,2
65279,-0.000,-0.000,1.000,-0.061,0.000,-0.061,17.725,249.960,96.557,0.9994,0.0037,-0.0012,0.0345,0.01,-0.00,-0.000,0.4,96024.7,0.00,0.000,0.000,2
65479,-0.001,-0.002,1.000,0.000,0.000,0.061,17.725,249.960,96.557,0.9994,0.0015,-0.0041,0.0345,0.01,0.00,0.004,0.5,96020.6,0.00,0.000,0.000,2
65679,0.000,0.000,0.999,0.000,-0.061,0.000,17.725,249.960,96.557,0.9994,0.0034,0.0004,0.0345,0.01,-0.00,-0.010,0.4,96021.2,0.00,0.000,0.000,2
65879,-0.001,-0.000,1.000,-0.183,-0.061,0.122,17.725,249.960,96.557,0.9994,0.0031,0.0005,0.0346,0.01,-0.00,-0.000,0.4,96022.0,0.00,0.000,0.000,2
66079,-0.002,0.001,0.999,-0.122,-0.061,0.061,17.725,249.960,96.557,0.9994,0.0031,-0.0014,0.0347,0.01,-0.00,-0.014,0.4,96021.9,0.00,0.000,0.000,2
66279,-0.001,0.000,0.998,0.000,0.000,0.000,17.725,249.960,96.557,0.9994,0.0028,-0.0009,0.0347,0.01,-0.00,-0.024,0.3,96022.6,0.00,0.000,0.000,2
66479,-0.000,0.000,1.000,-0.061,0.000,0.061,-1.772,240.450,99.397,1.0000,-0.0023,0.0006,-0.0033,0.01,0.00,0.005,0.3,96020.5,0.00,0.000,0.000,2
66679,-0.004,0.000,1.000,-0.122,0.000,0.061,-1.772,240.450,99.397,1.0000,-0.0022,-0.0027,-0.0031,0.01,0.00,0.005,0.4,96023.4,0.00,0.000,0.000,2
66879,-0.001,0.000,1.000,0.000,-0.061,0.061,-1.772,240.450,99.397,1.0000,-0.0025,-0.0004,-0.0030,0.01,0.00,0.005,0.3,96027.0,0.00,0.000,0.000,2
67079,-0.001,0.000,1.001,-0.122,-0.122,0.183,-1.772,240.450,99.397,1.0000,-0.0022,-0.0010,-0.0031,0.01,0.00,0.009,0.3,96022.7,0.00,0.000,0.000,2
67279,-0.003,0.001,1.000,-0.061,-0.061,0.000,-1.772,240.450,99.397,1.0000,-0.0022,-0.0012,-0.0034,0.01,-0.00,-0.000,0.3,96021.9,0.00,0.000,0.000,2
67479,-0.001,0.000,1.000,-0.061,-0.061,0.061,-1.772,240.450,99.397,1.0000,-0.0024,-0.0007,-0.0029,0.01,0.00,0.005,0.3,96023.9,0.00,0.000,0.000,2
67679,-0.002,0.001,1.003,-0.061,0.000,-0.061,-1.772,240.450,99.397,1.0000,-0.0022,-0.0032,-0.0031,0.01,0.00,0.029,0.4,96026.1,0.00,0.000,0.000,2
67879,-0.002,-0.001,0.999,-0.122,0.000,0.000,-1.772,240.450,99.397,1.0000,-0.0031,-0.0011,-0.0030,0.01,-0.00,-0.014,0.4,96024.7,0.00,0.000,0.000,2
68079,-0.001,-0.002,1.001,-0.122,0.000,0.122,-1.772,240.450,99.397,1.0000,-0.0031,0.0004,-0.0034,0.01,0.00,0.009,0.4,96023.3,0.00,0.000,0.000,2
68279,-0.002,-0.000,1.002,0.061,-0.061,0.000,-1.772,240.450,99.397,1.0000,-0.0030,-0.0020,-0.0034,0.01,0.00,0.024,0.4,96025.4,0.00,0.000,0.000,2
68479,-0.002,-0.001,1.000,0.000,-0.061,0.061,-1.772,240.450,99.397,1.0000,0.0009,-0.0028,-0.0047,0.01,-0.00,-0.000,0.3,96024.7,0.00,0.000,0.000,2
68679,-0.002,-0.001,1.000,-0.061,-0.061,0.000,7.090,244.526,113.597,0.9999,0.0028,-0.0071,0.0136,0.01,-0.00,-0.001,0.9,96026.3,0.00,0.000,0.000,2
68879,-0.002,-0.000,0.999,-0.122,-0.061,0.061,7.090,244.526,113.597,0.9999,0.0050,-0.0047,0.0130,0.01,-0.00,-0.010,0.8,96024.0,0.00,0.000,0.000,2
69079,-0.002,0.002,0.997,-0.122,-0.061,0.000,7.090,244.526,113.597,0.9999,0.0058,-0.0012,0.0135,0.01,-0.00,-0.029,0.7,96027.5,0.00,0.000,0.000,2
69279,-0.003,-0.000,0.999,-0.122,0.061,0.061,7.090,244.526,113.597,0.9999,0.0054,-0.0014,0.0129,0.01,-0.00,-0.015,0.6,96028.9,0.00,0.000,0.000,2
69479,-0.001,-0.002,0.997,-0.061,0.000,0.061,7.090,244.526,113.597,0.9999,0.0041,0.0027,0.0125,0.01,-0.00,-0.029,0.6,96023.3,0.00,0.000,0.000,2
69679,0.000,-0.000,1.002,-0.061,0.000,0.061,7.090,244.526,113.597,0.9999,0.0048,0.0020,0.0131,0.01,0.00,0.019,0.6,96025.4,0.00,0.000,0.000,2
69879,0.000,0.000,0.998,0.061,-0.061,-0.061,7.090,244.526,113.597,0.9999,0.0054,-0.0006,0.0131,0.01,-0.00,-0.020,0.6,96023.3,0.00,0.000,0.000,2
70079,-0.002,-0.002,1.000,-0.061,-0.061,0.061,7.090,244.526,113.597,0.9999,0.0049,-0.0018,0.0122,0.01,0.00,0.004,0.6,96025.5,0.00,0.000,0.000,2
70279,-0.002,-0.000,0.998,-0.122,0.000,0.061,7.090,244.526,113.597,0.9999,0.0046,-0.0032,0.0131,0.01,-0.00,-0.024,0.6,96021.9,0.00,0.000,0.000,2
70479,-0.000,0.001,0.998,-0.061,0.000,-0.061,7.090,244.526,113.597,0.9999,0.0042,0.0007,0.0135,0.01,-0.00,-0.019,0.5,96020.5,0.00,0.000,0.000,2
70679,-0.003,-0.001,0.997,-0.183,-0.122,0.061,7.090,244.526,113.597,0.9999,0.0042,-0.0019,0.0131,0.01,-0.00,-0.034,0.5,96023.4,0.00,0.000,0.000,2
70879,-0.002,-0.002,0.997,-0.061,-0.061,-0.061,7.090,244.526,113.597,0.9999,0.0043,-0.0011,0.0127,0.01,-0.00,-0.029,0.5,96024.9,0.00,0.000,0.000,2
71079,-0.002,-0.000,0.999,0.000,-0.061,0.061,7.090,244.526,113.597,0.9999,0.0047,-0.0013,0.0131,0.01,-0.00,-0.015,0.6,96024.7,0.00,0.000,0.000,2
71279,-0.001,-0.002,0.999,-0.061,0.000,0.000,7.090,244.526,113.597,0.9999,0.0039,-0.0010,0.0127,0.01,-0.00,-0.010,0.5,96026.2,0.00,0.000,0.000,2
71479,0.000,-0.002,1.000,-0.061,0.000,0.000,7.090,244.526,113.597,0.9999,0.0039,0.0002,0.0129,0.01,0.00,0.004,0.4,96026.9,0.00,0.000,0.000,2
71679,-0.002,0.000,1.005,-0.122,0.000,0.061,7.090,244.526,113.597,0.9999,0.0038,-0.0019,0.0134,0.01,0.00,0.048,0.5,96021.3,0.00,0.000,0.000,2
71879,-0.001,0.002,1.000,-0.061,-0.061,0.061,7.090,244.526,113.597,0.9999,0.0039,-0.0011,0.0138,0.01,-0.00,-0.005,0.5,96020.6,0.00,0.000,0.000,2
72079,-0.000,-0.002,1.002,-0.122,0.122,0.061,7.090,244.526,113.597,0.9999,0.0032,0.0008,0.0132,0.01,0.00,0.019,0.4,96019.0,0.00,0.000,0.000,2
72279,-0.002,-0.000,1.004,0.000,-0.061,0.000,7.090,244.526,113.597,0.9999,0.0034,-0.0002,0.0132,0.01,0.00,0.038,0.4,96022.6,0.00,0.000,0.000,2
72479,-0.003,-0.001,0.998,-0.061,-0.122,0.000,7.090,244.526,113.597,0.9999,0.0030,-0.0023,0.0133,0.01,-0.00,-0.024,0.4,96023.5,0.00,0.000,0.000,2
72679,-0.001,0.001,1.001,0.000,0.000,0.061,7.090,244.526,113.597,0.9999,0.0026,-0.0006,0.0136,0.01,0.00,0.010,0.3,96024.0,0.00,0.000,0.000,2
72879,-0.001,-0.002,1.001,0.061,-0.122,0.000,7.090,244.526,113.597,0.9999,0.0025,-0.0018,0.0135,0.01,0.00,0.014,0.4,96023.5,0.00,0.000,0.000,2
73079,-0.002,-0.001,1.000,-0.061,0.000,0.122,7.090,244.526,113.597,0.9999,0.0027,-0.0013,0.0131,0.01,-0.00,-0.005,0.3,96023.3,0.00,0.000,0.000,2
73279,-0.001,-0.001,0.998,-0.122,-0.122,0.122,10.635,233.658,113.597,0.9998,0.0044,-0.0012,0.0212,0.01,-0.00,-0.020,0.5,96024.2,0.00,0.000,0.000,2
73479,-0.001,-0.000,0.998,-0.061,0.000,0.000,10.635,233.658,113.597,0.9998,0.0043,0.0002,0.0214,0.01,-0.00,-0.020,0.5,96024.7,0.00,0.000,0.000,2
73679,-0.002,-0.002,1.000,0.000,-0.122,0.061,10.635,233.658,113.597,0.9998,0.0044,-0.0018,0.0210,0.01,0.00,0.004,0.5,96024.9,0.00,0.000,0.000,2
73879,-0.001,-0.003,1.000,0.000,-0.122,0.061,10.635,233.658,113.597,0.9998,0.0037,0.0008,0.0209,0.01,-0.00,-0.005,0.4,96025.4,0.00,0.000,0.000,2
74079,-0.002,0.000,1.004,-0.122,-0.122,0.000,10.635,233.658,113.597,0.9998,0.0041,-0.0006,0.0216,0.01,0.00,0.038,0.5,96024.9,0.00,0.000,0.000,2
74279,-0.003,-0.001,1.000,-0.061,-0.061,-0.061,10.635,233.658,113.597,0.9998,0.0043,-0.0019,0.0213,0.01,-0.00,-0.005,0.5,96022.0,0.00,0.000,0.000,2
74479,-0.000,0.000,1.003,-0.061,-0.122,0.061,10.635,233.658,113.597,0.9998,0.0043,0.0003,0.0217,0.01,0.00,0.028,0.5,96021.3,0.00,0.000,0.000,2
74679,0.000,0.001,1.000,-0.061,-0.061,0.061,10.635,233.658,113.597,0.9998,0.0044,0.0010,0.0217,0.01,-0.00,-0.005,0.5,96019.2,0.00,0.000,0.000,2
74879,-0.002,0.001,1.001,-0.061,-0.061,0.122,10.635,233.658,113.597,0.9998,0.0045,-0.0010,0.0217,0.01,0.00,0.009,0.5,96022.6,0.00,0.000,0.000,2
75079,-0.002,0.000,1.000,-0.122,-0.183,0.000,10.635,233.658,113.597,0.9998,0.0040,-0.0013,0.0217,0.01,-0.00,-0.005,0.5,96015.6,0.00,0.000,0.000,2
75279,-0.001,-0.000,1.002,-0.122,-0.122,0.061,10.635,233.658,113.597,0.9998,0.0035,0.0001,0.0219,0.01,0.00,0.019,0.4,96024.9,0.00,0.000,0.000,2
75479,-0.002,-0.001,1.000,-0.061,0.000,0.061,-12.407,237.733,116.437,1.0000,0.0063,-0.0009,0.0039,0.01,-0.00,-0.006,0.7,96026.3,0.00,0.000,0.000,2
75679,-0.003,-0.000,1.000,0.000,0.000,0.061,-12.407,237.733,116.437,0.9997,-0.0053,-0.0010,-0.0250,0.01,0.00,0.004,0.6,96027.0,0.00,0.000,0.000,2
75879,-0.003,-0.000,1.000,-0.061,0.000,0.000,-12.407,237.733,116.437,0.9997,-0.0050,-0.0024,-0.0251,0.01,-0.00,-0.000,0.6,96025.4,0.00,0.000,0.000,2
76079,-0.002,0.001,1.000,-0.122,0.061,-0.061,-12.407,237.733,116.437,0.9997,-0.0042,0.0011,-0.0249,0.01,0.00,0.004,0.5,96020.7,0.00,0.000,0.000,2
76279,0.001,0.000,1.000,0.000,-0.122,0.000,-12.407,237.733,116.437,0.9997,-0.0036,0.0023,-0.0253,0.01,-0.00,-0.005,0.5,96026.3,0.00,0.000,0.000,2
76479,-0.000,0.000,1.001,0.000,-0.061,0.061,-12.407,237.733,116.437,0.9997,-0.0047,-0.0004,-0.0249,0.01,0.00,0.009,0.5,96027.7,0.00,0.000,0.000,2
76679,-0.001,0.000,1.000,-0.061,-0.061,0.000,-12.407,237.733,116.437,0.9997,-0.0043,-0.0005,-0.0248,0.01,-0.00,-0.000,0.5,96024.2,0.00,0.000,0.000,2
76879,-0.001,0.001,1.000,-0.122,0.000,0.122,-12.407,237.733,116.437,0.9997,-0.0034,0.0011,-0.0252,0.01,0.00,0.004,0.4,96022.8,0.00,0.000,0.000,2
77079,-0.002,0.000,1.002,-0.061,0.061,0.061,-12.407,237.733,116.437,0.9997,-0.0032,0.0011,-0.0253,0.01,0.00,0.019,0.4,96022.7,0.00,0.000,0.000,2
77279,-0.002,-0.000,1.002,-0.122,-0.061,0.122,-12.407,237.733,116.437,0.9997,-0.0036,-0.0009,-0.0259,0.01,0.00,0.019,0.4,96020.6,0.00,0.000,0.000,2
77479,-0.003,0.000,1.000,0.000,0.000,0.000,-12.407,237.733,116.437,0.9997,-0.0032,0.0006,-0.0255,0.01,-0.00,-0.005,0.4,96022.9,0.00,0.000,0.000,2
77679,-0.001,0.000,0.999,-0.122,0.000,0.122,-12.407,237.733,116.437,0.9997,-0.0032,-0.0013,-0.0256,0.01,-0.00,-0.015,0.4,96020.7,0.00,0.000,0.000,2
77879,-0.004,-0.001,1.004,-0.061,0.000,0.061,23.042,248.601,133.476,0.9988,-0.0017,-0.0012,0.0481,0.01,0.00,0.038,0.2,96021.2,0.00,0.000,0.000,2
78079,-0.003,-0.001,1.000,-0.061,-0.061,0.061,23.042,248.601,133.476,0.9989,-0.0026,-0.0016,0.0468,0.01,-0.00,-0.005,0.4,96022.1,0.00,0.000,0.000,2
78279,-0.001,0.000,1.002,-0.061,-0.061,0.061,23.042,248.601,133.476,0.9989,-0.0022,0.0007,0.0470,0.01,0.00,0.024,0.3,96022.8,0.00,0.000,0.000,2
78479,-0.001,-0.001,1.001,-0.061,-0.061,0.061,23.042,248.601,133.476,0.9989,-0.0038,-0.0005,0.0469,0.01,0.00,0.014,0.4,96022.8,0.00,0.000,0.000,2
78679,-0.004,-0.001,1.000,-0.061,0.000,0.061,23.042,248.601,133.476,0.9989,-0.0041,-0.0016,0.0473,0.01,-0.00,-0.000,0.5,96021.4,0.00,0.000,0.000,2
78879,-0.001,-0.000,1.000,-0.183,-0.061,0.000,23.042,248.601,133.476,0.9989,-0.0041,-0.0007,0.0471,0.01,-0.00,-0.000,0.5,96023.5,0.00,0.000,0.000,2
79079,-0.003,0.000,1.001,-0.122,-0.122,0.000,23.042,248.601,133.476,0.9989,-0.0042,-0.0012,0.0476,0.01,0.00,0.014,0.5,96024.2,0.00,0.000,0.000,2
79279,-0.001,0.000,1.000,0.000,-0.061,0.061,23.042,248.601,133.476,0.9989,-0.0045,-0.0013,0.0476,0.01,0.00,0.004,0.5,96020.6,0.00,0.000,0.000,2
79479,-0.001,-0.000,1.002,0.000,-0.061,0.061,23.042,248.601,133.476,0.9989,-0.0045,-0.0012,0.0474,0.01,0.00,0.024,0.5,96022.1,0.00,0.000,0.000,2
79679,-0.001,-0.000,1.000,-0.061,-0.061,0.000,23.042,248.601,133.476,0.9989,-0.0044,-0.0001,0.0474,0.01,0.00,0.004,0.5,96020.7,0.00,0.000,0.000,2
79879,0.000,-0.002,1.001,-0.061,0.000,0.000,23.042,248.601,133.476,0.9989,-0.0041,0.0006,0.0473,0.01,0.00,0.014,0.5,96021.4,0.00,0.000,0.000,2
80079,-0.001,-0.000,0.999,-0.061,0.000,0.061,5.317,243.167,105.077,0.9995,0.0039,-0.0005,0.0311,0.01,-0.00,-0.010,0.4,96023.5,0.00,0.000,0.000,2
80279,-0.002,0.001,1.003,0.000,-0.061,0.061,5.317,243.167,105.077,0.9999,0.0023,-0.0016,0.0105,0.01,0.00,0.029,0.3,96024.8,0.00,0.000,0.000,2
80479,-0.001,0.000,1.001,-0.061,-0.061,0.000,5.317,243.167,105.077,0.9999,0.0029,-0.0008,0.0105,0.01,0.00,0.009,0.3,96025.0,0.00,0.000,0.000,2
80679,-0.002,-0.001,1.000,-0.122,-0.061,0.122,5.317,243.167,105.077,0.9999,0.0025,-0.0002,0.0101,0.01,-0.00,-0.005,0.3,96020.7,0.00,0.000,0.000,2
80879,-0.001,-0.003,1.000,0.061,0.000,-0.061,5.317,243.167,105.077,0.9999,0.0023,-0.0005,0.0098,0.01,-0.00,-0.000,0.3,96024.2,0.00,0.000,0.000,2
81079,-0.001,-0.002,1.001,-0.061,-0.183,0.061,5.317,243.167,105.077,0.9999,0.0022,-0.0018,0.0099,0.01,0.00,0.014,0.3,96022.8,0.00,0.000,0.000,2
81279,-0.003,-0.001,1.000,0.000,0.000,0.000,5.317,243.167,105.077,0.9999,0.0021,-0.0012,0.0104,0.01,-0.00,-0.005,0.3,96024.2,0.00,0.000,0.000,2
81479,-0.002,0.000,1.000,-0.061,0.000,0.061,5.317,243.167,105.077,0.9999,0.0018,-0.0014,0.0100,0.01,0.00,0.005,0.3,96023.5,0.00,0.000,0.000,2
81679,-0.002,-0.002,1.001,-0.061,-0.061,0.061,5.317,243.167,105.077,0.9999,0.0006,-0.0024,0.0104,0.01,0.00,0.014,0.3,96023.5,0.00,0.000,0.000,2
81879,-0.003,-0.001,1.000,-0.122,-0.122,-0.061,5.317,243.167,105.077,0.9999,0.0004,-0.0028,0.0107,0.01,0.00,0.005,0.3,96024.2,0.00,0.000,0.000,2
82079,0.001,-0.000,0.998,-0.061,-0.122,0.000,5.317,243.167,105.077,0.9999,0.0019,0.0004,0.0109,0.01,-0.00,-0.019,0.2,96025.0,0.00,0.000,0.000,2
82279,-0.002,0.000,1.003,-0.061,-0.061,0.061,5.317,243.167,105.077,0.9999,0.0004,0.0012,0.0114,0.01,0.00,0.033,0.1,96025.6,0.00,0.000,0.000,2
82479,-0.000,-0.000,0.999,0.000,0.000,0.000,10.635,252.677,113.597,0.9998,0.0040,-0.0034,0.0198,0.01,-0.00,-0.010,0.6,96020.7,0.00,0.000,0.000,2
82679,-0.001,0.001,1.002,-0.061,0.061,0.061,10.635,252.677,113.597,0.9998,0.0045,0.0002,0.0200,0.01,0.00,0.024,0.5,96024.2,0.00,0.000,0.000,2
82879,-0.001,-0.001,1.002,-0.122,0.000,0.000,10.635,252.677,113.597,0.9998,0.0040,-0.0025,0.0198,0.01,0.00,0.024,0.5,96024.2,0.00,0.000,0.000,2
83079,-0.002,-0.000,1.000,-0.061,-0.061,0.061,10.635,252.677,113.597,0.9998,0.0033,-0.0035,0.0200,0.01,0.00,0.004,0.5,96020.0,0.00,0.000,0.000,2
83279,-0.001,-0.001,1.001,-0.061,-0.061,-0.061,10.635,252.677,113.597,0.9998,0.0036,-0.0025,0.0198,0.01,0.00,0.009,0.5,96025.1,0.00,0.000,0.000,2
83479,-0.001,0.000,1.000,-0.122,-0.122,0.061,10.635,252.677,113.597,0.9998,0.0036,-0.0013,0.0199,0.01,-0.00,-0.005,0.4,96025.1,0.00,0.000,0.000,2
83679,-0.001,0.000,0.999,0.000,0.000,0.061,10.635,252.677,113.597,0.9998,0.0032,-0.0006,0.0200,0.01,-0.00,-0.010,0.4,96022.8,0.00,0.000,0.000,2
83879,-0.002,-0.001,0.999,-0.061,0.061,0.000,10.635,252.677,113.597,0.9998,0.0028,-0.0003,0.0201,0.01,-0.00,-0.015,0.3,96020.7,0.00,0.000,0.000,2
84079,0.000,-0.001,1.000,0.000,-0.122,0.000,10.635,252.677,113.597,0.9998,0.0026,0.0003,0.0199,0.01,-0.00,-0.000,0.3,96022.1,0.00,0.000,0.000,2
84279,-0.001,0.001,0.999,-0.061,0.000,0.061,10.635,252.677,113.597,0.9998,0.0028,-0.0008,0.0204,0.01,-0.00,-0.014,0.3,96022.1,0.00,0.000,0.000,2
84479,-0.002,0.000,1.000,-0.061,-0.061,0.061,10.635,252.677,113.597,0.9998,0.0024,-0.0016,0.0199,0.01,-0.00,-0.005,0.3,96021.4,0.00,0.000,0.000,2
84679,-0.002,0.000,1.001,-0.061,0.000,0.000,-7.090,247.243,107.917,0.9998,0.0040,-0.0020,-0.0176,0.01,0.00,0.009,0.5,96017.8,0.00,0.000,0.000,2
84879,-0.001,0.000,1.001,-0.061,-0.122,0.122,-7.090,247.243,107.917,0.9999,0.0046,-0.0003,-0.0156,0.01,0.00,0.009,0.5,96021.4,0.00,0.000,0.000,2
85079,-0.001,-0.001,1.001,0.000,0.000,0.061,-7.090,247.243,107.917,0.9999,0.0043,-0.0019,-0.0158,0.01,0.00,0.009,0.5,96017.9,0.00,0.000,0.000,2
85279,-0.001,-0.000,1.001,-0.061,-0.122,0.061,-7.090,247.243,107.917,0.9999,0.0044,-0.0013,-0.0158,0.01,0.00,0.014,0.5,96017.9,0.00,0.000,0.000,2
85479,-0.003,-0.000,1.001,0.000,0.000,0.000,-7.090,247.243,107.917,0.9999,0.0032,-0.0039,-0.0154,0.01,0.00,0.009,0.6,96021.4,0.00,0.000,0.000,2
85679,-0.001,-0.001,0.999,0.000,0.000,0.000,-7.090,247.243,107.917,0.9999,0.0033,-0.0037,-0.0156,0.01,-0.00,-0.010,0.6,96019.4,0.00,0.000,0.000,2
85879,-0.003,0.000,1.002,-0.122,-0.061,0.061,-7.090,247.243,107.917,0.9999,0.0040,-0.0013,-0.0157,0.01,0.00,0.024,0.5,96022.8,0.00,0.000,0.000,2
86079,-0.002,-0.001,0.999,-0.061,-0.061,0.061,-7.090,247.243,107.917,0.9999,0.0038,0.0002,-0.0159,0.01,-0.00,-0.010,0.4,96019.2,0.00,0.000,0.000,2
86279,-0.002,0.000,1.004,-0.122,-0.122,0.000,-7.090,247.243,107.917,0.9999,0.0038,-0.0016,-0.0153,0.01,0.00,0.038,0.5,96019.3,0.00,0.000,0.000,2
86479,-0.003,-0.002,0.999,-0.061,-0.122,0.061,-7.090,247.243,107.917,0.9999,0.0032,-0.0027,-0.0158,0.01,-0.00,-0.010,0.5,96022.3,0.00,0.000,0.000,2
86679,-0.002,-0.000,0.999,-0.122,-0.122,0.122,-7.090,247.243,107.917,0.9999,0.0033,-0.0023,-0.0154,0.01,-0.00,-0.015,0.5,96020.7,0.00,0.000,0.000,2
86879,-0.002,0.000,1.000,-0.061,0.000,0.000,-7.090,247.243,107.917,0.9999,0.0037,-0.0013,-0.0153,0.01,-0.00,-0.000,0.4,96020.7,0.00,0.000,0.000,2
87079,-0.003,0.002,1.005,0.000,-0.183,0.000,-7.090,247.243,107.917,0.9999,0.0039,-0.0007,-0.0152,0.01,0.00,0.048,0.5,96022.1,0.00,0.000,0.000,2
87279,-0.002,0.002,1.004,-0.061,-0.183,0.000,-7.090,247.243,107.917,0.9999,0.0036,-0.0010,-0.0153,0.01,0.00,0.043,0.4,96021.4,0.00,0.000,0.000,2
87479,-0.000,-0.000,0.999,0.000,0.000,0.000,-7.090,247.243,107.917,0.9999,0.0032,-0.0029,-0.0155,0.01,-0.00,-0.010,0.5,96017.3,0.00,0.000,0.000,2
87679,-0.002,0.000,1.001,-0.061,-0.061,0.000,-7.090,247.243,107.917,0.9999,0.0029,-0.0027,-0.0152,0.01,0.00,0.009,0.5,96019.3,0.00,0.000,0.000,2
87879,-0.001,-0.002,1.002,-0.061,0.061,0.000,-7.090,247.243,107.917,0.9999,0.0030,-0.0010,-0.0157,0.01,0.00,0.024,0.4,96019.4,0.00,0.000,0.000,2
88079,-0.000,-0.001,1.007,-0.122,-0.122,0.061,-7.090,247.243,107.917,0.9999,0.0025,0.0006,-0.0153,0.01,0.00,0.067,0.3,96017.3,0.00,0.000,0.000,2
88279,0.000,-0.000,1.001,-0.122,-0.122,0.183,-7.090,247.243,107.917,0.9999,0.0010,0.0012,-0.0144,0.01,0.00,0.014,0.2,96021.6,0.00,0.000,0.000,2
88479,-0.001,0.000,1.005,-0.122,0.000,0.000,-7.090,247.243,107.917,0.9999,0.0024,-0.0005,-0.0150,0.01,0.00,0.048,0.3,96024.2,0.00,0.000,0.000,2
88679,-0.003,0.001,1.000,-0.122,0.000,0.000,-7.090,247.243,107.917,0.9999,0.0021,-0.0014,-0.0150,0.01,-0.00,-0.005,0.3,96020.0,0.00,0.000,0.000,2
88879,-0.003,0.000,1.000,-0.122,0.061,0.061,-7.090,247.243,107.917,0.9999,0.0022,-0.0015,-0.0151,0.01,-0.00,-0.000,0.3,96022.1,0.00,0.000,0.000,2
89079,-0.000,-0.001,1.001,0.000,-0.122,0.000,-7.090,247.243,107.917,0.9999,0.0019,-0.0022,-0.0151,0.01,0.00,0.009,0.3,96019.3,0.00,0.000,0.000,2
89279,-0.002,0.001,1.000,0.000,0.061,0.061,5.317,251.318,116.437,0.9999,0.0048,-0.0011,0.0094,0.01,-0.00,-0.000,0.6,96022.2,0.00,0.000,0.000,2
89479,-0.001,-0.002,1.005,-0.183,0.061,-0.061,5.317,251.318,116.437,0.9999,0.0027,0.0033,0.0092,0.01,0.00,0.047,0.5,96017.9,0.00,0.000,0.000,2
89679,-0.001,0.001,1.000,-0.122,-0.061,0.061,5.317,251.318,116.437,0.9999,0.0045,-0.0007,0.0092,0.01,0.00,0.004,0.5,96015.9,0.00,0.000,0.000,2
89879,-0.002,0.000,1.001,-0.061,-0.122,0.000,5.317,251.318,116.437,0.9999,0.0042,-0.0011,0.0093,0.02,0.00,0.009,0.5,96021.5,0.00,0.000,0.000,2
90079,-0.000,-0.001,1.002,0.000,-0.061,0.122,5.317,251.318,116.437,0.9999,0.0041,-0.0010,0.0091,0.02,0.00,0.019,0.5,96022.2,0.00,0.000,0.000,2
90279,-0.002,-0.003,1.001,-0.061,-0.061,0.000,5.317,251.318,116.437,1.0000,0.0035,-0.0002,0.0089,0.01,0.00,0.014,0.4,96022.2,0.00,0.000,0.000,2
90479,-0.002,-0.002,1.000,-0.061,-0.061,0.183,5.317,251.318,116.437,0.9999,0.0032,-0.0027,0.0092,0.01,0.00,0.004,0.5,96022.2,0.00,0.000,0.000,2
90679,-0.000,-0.002,1.000,0.000,0.000,0.061,5.317,251.318,116.437,1.0000,0.0032,0.0008,0.0090,0.01,-0.00,-0.005,0.4,96017.2,0.00,0.000,0.000,2
90879,-0.002,-0.000,1.001,-0.061,0.000,0.000,5.317,251.318,116.437,0.9999,0.0038,0.0006,0.0095,0.01,0.00,0.009,0.4,96022.8,0.00,0.000,0.000,2
91079,-0.003,0.000,1.000,-0.061,-0.122,0.061,5.317,251.318,116.437,0.9999,0.0035,-0.0019,0.0095,0.01,0.00,0.005,0.5,96020.7,0.00,0.000,0.000,2
91279,-0.002,0.000,1.000,-0.061,-0.122,0.000,5.317,251.318,116.437,0.9999,0.0032,-0.0003,0.0102,0.01,-0.00,-0.000,0.4,96023.7,0.00,0.000,0.000,2
91479,-0.003,0.000,1.002,-0.122,0.000,0.000,10.635,241.809,102.237,0.9998,0.0030,-0.0022,0.0211,0.01,0.00,0.019,0.4,96015.9,0.00,0.000,0.000,2
91679,-0.001,-0.001,1.001,0.000,0.061,0.061,10.635,241.809,102.237,0.9998,0.0025,0.0012,0.0214,0.01,0.00,0.009,0.3,96024.9,0.00,0.000,0.000,2
91879,-0.000,0.000,1.000,-0.122,-0.061,0.000,10.635,241.809,102.237,0.9998,0.0025,0.0001,0.0210,0.01,0.00,0.005,0.3,96018.0,0.00,0.000,0.000,2
92079,-0.001,-0.001,1.000,-0.061,-0.061,0.061,10.635,241.809,102.237,0.9998,0.0023,-0.0016,0.0211,0.01,-0.00,-0.005,0.3,96020.9,0.00,0.000,0.000,2
92279,-0.003,-0.001,1.002,0.000,0.000,0.061,10.635,241.809,102.237,0.9998,0.0025,-0.0018,0.0210,0.01,0.00,0.019,0.4,96019.3,0.00,0.000,0.000,2
92479,-0.002,-0.001,1.000,-0.122,-0.183,0.000,10.635,241.809,102.237,0.9998,0.0024,-0.0002,0.0209,0.01,-0.00,-0.005,0.3,96027.1,0.00,0.000,0.000,2
92679,-0.001,0.002,0.998,-0.061,-0.061,0.000,10.635,241.809,102.237,0.9998,0.0024,-0.0002,0.0215,0.01,-0.00,-0.019,0.3,96023.6,0.00,0.000,0.000,2
92879,-0.000,-0.003,1.001,-0.122,-0.122,0.061,10.635,241.809,102.237,0.9998,0.0021,-0.0001,0.0206,0.01,0.00,0.014,0.2,96023.5,0.00,0.000,0.000,2
93079,-0.002,0.000,1.000,-0.061,-0.122,0.000,10.635,241.809,102.237,0.9998,0.0023,-0.0007,0.0211,0.01,-0.00,-0.005,0.3,96021.4,0.00,0.000,0.000,2
93279,-0.000,-0.002,0.998,-0.061,-0.183,0.122,10.635,241.809,102.237,0.9998,0.0022,0.0004,0.0209,0.01,-0.00,-0.019,0.3,96021.5,0.00,0.000,0.000,2
93479,-0.000,0.001,0.999,-0.183,0.000,0.122,10.635,241.809,102.237,0.9998,0.0031,0.0000,0.0212,0.01,-0.00,-0.010,0.4,96023.5,0.00,0.000,0.000,2
93679,-0.002,-0.001,1.000,0.000,0.000,0.061,10.635,241.809,102.237,0.9998,0.0032,-0.0005,0.0210,0.01,-0.00,-0.005,0.4,96022.8,0.00,0.000,0.000,2
93879,0.000,-0.001,1.001,0.000,0.000,0.061,10.635,241.809,102.237,0.9998,0.0024,0.0011,0.0212,0.01,0.00,0.014,0.3,96024.2,0.00,0.000,0.000,2
94079,-0.000,-0.002,1.000,-0.122,0.000,0.000,10.635,241.809,102.237,0.9998,0.0026,0.0003,0.0208,0.01,0.00,0.005,0.3,96018.7,0.00,0.000,0.000,2
94279,0.000,-0.001,0.999,-0.122,-0.122,-0.061,10.635,241.809,102.237,0.9998,0.0026,0.0007,0.0209,0.01,-0.00,-0.015,0.3,96019.3,0.00,0.000,0.000,2
94479,-0.002,-0.001,1.002,0.000,0.061,0.122,10.635,241.809,102.237,0.9998,0.0032,-0.0004,0.0210,0.01,0.00,0.024,0.4,96021.4,0.00,0.000,0.000,2
94679,0.000,-0.001,1.002,-0.061,0.000,0.061,10.635,241.809,102.237,0.9998,0.0024,0.0011,0.0215,0.01,0.00,0.024,0.3,96017.3,0.00,0.000,0.000,2
94879,-0.001,-0.001,0.998,-0.061,-0.061,0.000,10.635,241.809,102.237,0.9998,0.0025,0.0003,0.0210,0.01,-0.00,-0.019,0.3,96023.0,0.00,0.000,0.000,2
95079,-0.002,0.001,1.003,-0.061,-0.061,0.061,10.635,241.809,102.237,0.9998,0.0025,0.0003,0.0215,0.01,0.00,0.029,0.3,96020.7,0.00,0.000,0.000,2
95279,-0.004,-0.001,1.001,0.000,0.000,0.061,10.635,241.809,102.237,0.9998,0.0018,-0.0028,0.0212,0.01,0.00,0.014,0.4,96022.1,0.00,0.000,0.000,2
95479,-0.001,-0.000,1.001,-0.061,-0.061,0.000,10.635,241.809,102.237,0.9998,0.0014,0.0003,0.0216,0.01,0.00,0.014,0.2,96020.1,0.00,0.000,0.000,2
95679,-0.002,-0.001,1.000,0.061,-0.061,0.061,10.635,241.809,102.237,0.9998,0.0015,-0.0009,0.0210,0.01,-0.00,-0.000,0.2,96023.7,0.00,0.000,0.000,2
95879,-0.000,0.000,1.000,-0.061,-0.122,0.000,1.772,248.601,110.757,1.0000,-0.0043,0.0017,0.0047,0.01,-0.00,-0.000,0.5,96023.7,0.00,0.000,0.000,2
96079,-0.001,-0.001,0.999,-0.061,0.000,0.000,1.772,248.601,110.757,1.0000,-0.0046,0.0002,0.0045,0.01,-0.00,-0.010,0.5,96025.8,0.00,0.000,0.000,2
96279,-0.002,-0.000,0.998,0.061,0.061,0.000,1.772,248.601,110.757,1.0000,-0.0041,-0.0005,0.0044,0.01,-0.00,-0.019,0.5,96022.1,0.00,0.000,0.000,2
96479,-0.002,-0.001,1.002,0.061,0.000,0.000,1.772,248.601,110.757,1.0000,-0.0038,-0.0005,0.0041,0.01,0.00,0.019,0.4,96022.2,0.00,0.000,0.000,2
96679,-0.004,-0.003,0.999,0.000,-0.061,0.000,1.772,248.601,110.757,1.0000,-0.0036,-0.0021,0.0041,0.01,-0.00,-0.010,0.5,96020.7,0.00,0.000,0.000,2
96879,0.000,-0.002,1.001,-0.122,-0.061,0.122,1.772,248.601,110.757,1.0000,-0.0037,-0.0003,0.0042,0.01,0.00,0.014,0.4,96017.3,0.00,0.000,0.000,2
97079,-0.001,0.000,1.001,-0.061,0.000,0.061,1.772,248.601,110.757,1.0000,-0.0034,0.0001,0.0043,0.01,0.00,0.009,0.4,96019.4,0.00,0.000,0.000,2
97279,-0.002,-0.001,1.002,-0.122,0.000,0.122,1.772,248.601,110.757,1.0000,-0.0036,-0.0000,0.0041,0.01,0.00,0.019,0.4,96022.1,0.00,0.000,0.000,2
97479,-0.001,-0.001,0.999,-0.061,0.000,0.061,1.772,248.601,110.757,1.0000,-0.0041,-0.0011,0.0041,0.01,-0.00,-0.010,0.5,96019.5,0.00,0.000,0.000,2
97679,-0.004,0.000,1.000,-0.122,-0.061,0.000,1.772,248.601,110.757,1.0000,-0.0039,-0.0018,0.0046,0.01,-0.00,-0.005,0.5,96022.1,0.00,0.000,0.000,2
97879,0.000,-0.002,1.000,-0.061,-0.061,0.000,1.772,248.601,110.757,1.0000,-0.0040,0.0005,0.0040,0.01,-0.00,-0.000,0.5,96019.3,0.00,0.000,0.000,2
98079,-0.001,0.000,1.000,-0.061,-0.122,0.061,12.407,237.733,105.077,0.9998,-0.0005,-0.0005,0.0222,0.01,-0.00,-0.005,0.1,96020.1,0.00,0.000,0.000,2
98279,-0.003,0.000,1.001,-0.122,-0.061,0.061,12.407,237.733,105.077,0.9997,0.0021,-0.0018,0.0257,0.01,0.00,0.010,0.3,96022.9,0.00,0.000,0.000,2
98479,-0.005,-0.004,1.002,-0.061,-0.061,-0.061,12.407,237.733,105.077,0.9997,0.0013,-0.0034,0.0247,0.01,0.00,0.019,0.4,96020.1,0.00,0.000,0.000,2
98679,0.000,-0.001,1.000,-0.061,-0.061,0.061,12.407,237.733,105.077,0.9997,0.0029,0.0008,0.0250,0.01,-0.00,-0.005,0.3,96021.4,0.00,0.000,0.000,2
98879,-0.003,-0.001,1.001,-0.061,0.000,0.000,12.407,237.733,105.077,0.9997,0.0028,-0.0023,0.0251,0.01,0.00,0.009,0.4,96021.5,0.00,0.000,0.000,2
99079,-0.002,-0.001,1.002,-0.061,0.000,0.061,12.407,237.733,105.077,0.9997,0.0027,-0.0006,0.0250,0.01,0.00,0.024,0.3,96024.9,0.00,0.000,0.000,2
99279,-0.002,-0.001,1.000,-0.061,0.000,0.061,12.407,237.733,105.077,0.9997,0.0028,-0.0016,0.0251,0.01,-0.00,-0.000,0.4,96020.7,0.00,0.000,0.000,2
99479,0.000,-0.001,1.002,0.000,0.000,0.000,12.407,237.733,105.077,0.9997,0.0023,-0.0025,0.0254,0.01,0.00,0.019,0.4,96021.4,0.00,0.000,0.000,2
99679,-0.001,0.000,1.002,-0.061,0.122,0.061,12.407,237.733,105.077,0.9997,0.0025,-0.0006,0.0256,0.01,0.00,0.019,0.3,96018.6,0.00,0.000,0.000,2
99879,-0.001,-0.000,1.000,-0.122,0.061,0.000,12.407,237.733,105.077,0.9997,0.0025,0.0001,0.0253,0.01,-0.00,-0.005,0.3,96019.3,0.00,0.000,0.000,2
100079,-0.001,-0.001,1.000,0.000,-0.122,0.061,12.407,237.733,105.077,0.9997,0.0026,-0.0006,0.0257,0.01,-0.00,-0.000,0.3,96025.6,0.00,0.000,0.000,2
100279,-0.001,0.000,1.000,-0.061,-0.061,0.061,12.407,237.733,105.077,0.9997,0.0028,-0.0005,0.0253,0.01,-0.00,-0.005,0.3,96018.6,0.00,0.000,0.000,2
100479,-0.002,-0.002,0.998,0.000,-0.061,-0.061,5.317,248.601,122.117,0.9999,-0.0063,-0.0012,0.0117,0.01,-0.00,-0.020,0.7,96022.9,0.00,0.000,0.000,2
100679,-0.003,-0.001,1.000,-0.061,0.000,-0.061,5.317,248.601,122.117,0.9999,-0.0056,-0.0022,0.0120,0.01,-0.00,-0.000,0.7,96018.7,0.00,0.000,0.000,2
100879,-0.001,-0.001,1.000,-0.122,0.000,0.000,5.317,248.601,122.117,0.9999,-0.0058,-0.0018,0.0118,0.01,0.00,0.004,0.7,96022.1,0.00,0.000,0.000,2
101079,-0.001,-0.000,1.001,0.000,0.000,0.061,5.317,248.601,122.117,0.9999,-0.0053,-0.0006,0.0119,0.01,0.00,0.009,0.6,96020.0,0.00,0.000,0.000,2
101279,-0.002,-0.002,1.000,-0.061,0.000,0.000,5.317,248.601,122.117,0.9999,-0.0050,-0.0002,0.0114,0.01,-0.00,-0.000,0.6,96025.0,0.00,0.000,0.000,2
101479,-0.002,-0.001,0.998,-0.061,-0.061,0.061,5.317,248.601,122.117,0.9999,-0.0050,-0.0004,0.0115,0.01,-0.00,-0.019,0.6,96016.3,0.00,0.000,0.000,2
101679,-0.001,-0.001,0.998,-0.061,0.000,0.061,5.317,248.601,122.117,0.9999,-0.0048,-0.0005,0.0116,0.01,-0.00,-0.019,0.6,96017.2,0.00,0.000,0.000,2
101879,-0.001,-0.002,0.999,-0.122,-0.122,0.122,5.317,248.601,122.117,0.9999,-0.0046,0.0001,0.0112,0.01,-0.00,-0.010,0.5,96024.9,0.00,0.000,0.000,2
102079,-0.001,0.001,1.000,-0.061,-0.061,0.061,5.317,248.601,122.117,0.9999,-0.0036,0.0016,0.0116,0.01,0.00,0.004,0.4,96019.4,0.00,0.000,0.000,2
102279,-0.001,-0.002,1.004,-0.061,0.061,0.061,5.317,248.601,122.117,0.9999,-0.0044,-0.0006,0.0113,0.01,0.00,0.038,0.5,96018.6,0.00,0.000,0.000,2
102479,-0.002,-0.000,1.002,-0.061,-0.061,0.000,5.317,248.601,122.117,0.9999,-0.0040,-0.0021,0.0115,0.01,0.00,0.024,0.5,96015.7,0.00,0.000,0.000,2
102679,-0.003,-0.000,1.004,0.000,-0.061,0.000,12.407,240.450,122.117,0.9997,0.0015,-0.0026,0.0247,0.01,0.00,0.043,0.3,96022.2,0.00,0.000,0.000,2
102879,-0.001,-0.001,1.001,-0.183,-0.122,0.061,12.407,240.450,122.117,0.9997,0.0018,-0.0021,0.0250,0.01,0.00,0.009,0.3,96019.4,0.00,0.000,0.000,2
103079,-0.000,-0.002,1.000,0.000,-0.061,0.000,12.407,240.450,122.117,0.9997,0.0022,-0.0009,0.0247,0.01,-0.00,-0.005,0.3,96022.8,0.00,0.000,0.000,2
103279,-0.003,-0.003,0.994,-0.183,-0.061,0.000,12.407,240.450,122.117,0.9997,0.0021,-0.0006,0.0243,0.01,-0.00,-0.058,0.3,96023.0,0.00,0.000,0.000,2
103479,-0.002,0.000,1.002,0.000,0.000,0.122,12.407,240.450,122.117,0.9997,0.0021,-0.0013,0.0248,0.01,0.00,0.019,0.3,96021.6,0.00,0.000,0.000,2
103679,-0.002,-0.000,1.000,-0.061,-0.122,-0.061,12.407,240.450,122.117,0.9997,0.0022,-0.0002,0.0252,0.01,-0.00,-0.000,0.3,96018.7,0.00,0.000,0.000,2
103879,-0.001,0.000,0.999,-0.122,0.000,0.000,12.407,240.450,122.117,0.9997,0.0024,-0.0021,0.0248,0.01,-0.00,-0.010,0.4,96020.8,0.00,0.000,0.000,2
104079,-0.000,-0.000,1.000,-0.061,0.122,0.061,12.407,240.450,122.117,0.9997,0.0026,-0.0004,0.0245,0.01,0.00,0.005,0.3,96024.9,0.00,0.000,0.000,2
104279,-0.000,-0.003,0.999,-0.061,-0.061,0.000,12.407,240.450,122.117,0.9997,0.0022,-0.0007,0.0248,0.01,-0.00,-0.010,0.3,96022.2,0.00,0.000,0.000,2
104479,-0.002,-0.001,0.999,-0.061,-0.061,0.061,12.407,240.450,122.117,0.9997,0.0020,-0.0020,0.0247,0.01,-0.00,-0.010,0.3,96024.9,0.00,0.000,0.000,2
104679,-0.002,-0.001,1.002,-0.122,0.000,0.000,12.407,240.450,122.117,0.9997,0.0012,0.0006,0.0258,0.01,0.00,0.019,0.2,96020.8,0.00,0.000,0.000,2
104879,-0.002,-0.001,1.002,-0.061,-0.122,0.061,12.407,240.450,122.117,0.9997,0.0021,-0.0023,0.0250,0.01,0.00,0.019,0.4,96021.4,0.00,0.000,0.000,2
105079,0.001,-0.001,1.001,0.000,0.000,0.061,24.814,252.677,113.597,0.9988,-0.0023,0.0037,0.0493,0.01,0.00,0.014,0.5,96024.2,0.00,0.000,0.000,2
105279,-0.004,-0.003,0.999,-0.122,0.000,0.000,24.814,252.677,113.597,0.9988,-0.0032,0.0033,0.0489,0.01,-0.00,-0.010,0.5,96022.8,0.00,0.000,0.000,2
105479,-0.003,-0.002,1.000,-0.061,0.000,0.061,24.814,252.677,113.597,0.9987,-0.0044,-0.0032,0.0498,0.01,-0.00,-0.005,0.6,96021.4,0.00,0.000,0.000,2
105679,-0.001,0.000,1.000,-0.061,0.000,0.061,24.814,252.677,113.597,0.9987,-0.0046,-0.0013,0.0503,0.01,0.00,0.004,0.5,96020.2,0.00,0.000,0.000,2
105879,-0.003,-0.002,0.999,-0.122,-0.122,0.000,24.814,252.677,113.597,0.9987,-0.0042,-0.0028,0.0497,0.01,-0.00,-0.010,0.6,96019.5,0.00,0.000,0.000,2
106079,-0.002,0.000,1.000,-0.122,-0.061,0.000,24.814,252.677,113.597,0.9987,-0.0044,-0.0012,0.0502,0.01,0.00,0.004,0.5,96019.3,0.00,0.000,0.000,2
106279,-0.001,-0.001,0.998,-0.183,0.000,0.061,24.814,252.677,113.597,0.9987,-0.0047,-0.0010,0.0500,0.01,-0.00,-0.019,0.5,96021.4,0.00,0.000,0.000,2
106479,-0.000,-0.002,1.000,-0.122,0.000,0.000,24.814,252.677,113.597,0.9988,-0.0048,-0.0011,0.0497,0.01,0.00,0.005,0.6,96019.4,0.00,0.000,0.000,2
106679,-0.001,0.000,0.999,-0.061,0.061,-0.061,24.814,252.677,113.597,0.9987,-0.0045,-0.0027,0.0501,0.01,-0.00,-0.015,0.6,96021.6,0.00,0.000,0.000,2
106879,-0.001,-0.002,1.000,-0.061,-0.122,0.061,24.814,252.677,113.597,0.9988,-0.0045,0.0007,0.0497,0.01,-0.00,-0.005,0.5,96017.2,0.00,0.000,0.000,2
107079,-0.003,-0.000,1.000,-0.183,-0.061,0.061,24.814,252.677,113.597,0.9987,-0.0047,-0.0013,0.0500,0.01,-0.00,-0.005,0.6,96025.0,0.00,0.000,0.000,2
107279,-0.003,-0.000,1.002,-0.061,0.061,0.000,15.952,237.733,127.797,0.9994,0.0025,0.0029,0.0330,0.01,0.00,0.023,0.4,96024.2,0.00,0.000,0.000,2
107479,-0.003,0.000,1.000,-0.122,-0.061,0.000,15.952,237.733,127.797,0.9995,0.0038,-0.0020,0.0324,0.01,-0.00,-0.000,0.5,96025.1,0.00,0.000,0.000,2
107679,-0.001,-0.002,0.999,-0.061,0.000,0.061,15.952,237.733,127.797,0.9995,0.0035,-0.0017,0.0317,0.01,-0.00,-0.010,0.4,96020.2,0.00,0.000,0.000,2
107879,-0.001,-0.001,1.001,-0.122,0.061,0.061,15.952,237.733,127.797,0.9995,0.0035,-0.0014,0.0323,0.01,0.00,0.009,0.4,96021.4,0.00,0.000,0.000,2
108079,-0.001,-0.001,1.000,-0.122,-0.061,0.061,15.952,237.733,127.797,0.9995,0.0033,-0.0013,0.0323,0.01,-0.00,-0.000,0.4,96024.9,0.00,0.000,0.000,2
108279,-0.002,-0.000,1.000,0.000,0.061,0.000,15.952,237.733,127.797,0.9995,0.0031,-0.0017,0.0325,0.01,-0.00,-0.000,0.4,96020.7,0.00,0.000,0.000,2
108479,-0.002,0.000,1.000,-0.122,0.000,0.061,15.952,237.733,127.797,0.9995,0.0030,-0.0012,0.0327,0.01,0.00,0.005,0.4,96026.6,0.00,0.000,0.000,2
108679,-0.001,-0.000,1.000,-0.061,-0.061,0.000,15.952,237.733,127.797,0.9995,0.0029,-0.0005,0.0325,0.01,0.00,0.005,0.3,96024.4,0.00,0.000,0.000,2
108879,-0.002,-0.001,0.999,0.000,0.000,0.000,15.952,237.733,127.797,0.9995,0.0025,-0.0010,0.0324,0.01,-0.00,-0.015,0.3,96021.6,0.00,0.000,0.000,2
109079,-0.001,0.000,1.003,0.000,0.000,0.000,15.952,237.733,127.797,0.9995,0.0020,0.0006,0.0327,0.01,0.00,0.033,0.2,96023.0,0.00,0.000,0.000,2
109279,-0.000,0.000,1.000,-0.061,-0.122,-0.061,15.952,237.733,127.797,0.9995,0.0023,0.0006,0.0327,0.01,-0.00,-0.005,0.3,96018.0,0.00,0.000,0.000,2
109479,-0.003,-0.000,1.001,0.000,-0.061,0.061,15.952,237.733,127.797,0.9995,0.0025,-0.0022,0.0327,0.01,0.00,0.009,0.4,96023.7,0.00,0.000,0.000,2
109679,-0.001,-0.001,1.001,-0.061,-0.061,0.000,19.497,243.167,116.437,0.9992,0.0047,-0.0022,0.0385,0.01,0.00,0.014,0.6,96024.3,0.00,0.000,0.000,2
109879,-0.001,-0.001,0.999,-0.061,-0.122,0.183,19.497,243.167,116.437,0.9993,0.0045,0.0001,0.0384,0.01,-0.00,-0.015,0.5,96017.4,0.00,0.000,0.000,2
110079,-0.002,0.000,0.999,-0.061,-0.122,0.000,19.497,243.167,116.437,0.9992,0.0044,-0.0001,0.0388,0.01,-0.00,-0.010,0.5,96023.0,0.00,0.000,0.000,2
110279,-0.002,-0.002,1.000,-0.061,0.000,0.122,19.497,243.167,116.437,0.9993,0.0044,0.0000,0.0380,0.01,0.00,0.004,0.5,96022.9,0.00,0.000,0.000,2
110479,-0.002,-0.002,1.001,-0.061,-0.183,-0.061,19.497,243.167,116.437,0.9993,0.0041,-0.0008,0.0382,0.01,0.00,0.009,0.5,96023.0,0.00,0.000,0.000,2
110679,-0.001,0.000,1.000,0.000,-0.061,0.061,19.497,243.167,116.437,0.9992,0.0035,0.0009,0.0390,0.01,-0.00,-0.000,0.4,96023.0,0.00,0.000,0.000,2
110879,-0.002,-0.001,1.001,-0.061,0.000,0.122,19.497,243.167,116.437,0.9992,0.0031,-0.0031,0.0389,0.01,0.00,0.014,0.5,96026.5,0.00,0.000,0.000,2
111079,-0.001,-0.001,1.001,-0.122,0.000,0.122,19.497,243.167,116.437,0.9992,0.0036,-0.0001,0.0387,0.01,0.00,0.009,0.4,96018.9,0.00,0.000,0.000,2
111279,-0.001,-0.000,1.001,-0.061,-0.122,0.061,19.497,243.167,116.437,0.9992,0.0035,0.0006,0.0390,0.01,0.00,0.009,0.4,96023.8,0.00,0.000,0.000,2
111479,-0.003,-0.002,0.999,0.061,0.061,0.061,19.497,243.167,116.437,0.9993,0.0035,-0.0021,0.0385,0.01,-0.00,-0.015,0.5,96020.8,0.00,0.000,0.000,2
111679,0.001,-0.000,1.000,-0.122,-0.061,0.061,19.497,243.167,116.437,0.9992,0.0036,0.0003,0.0390,0.01,-0.00,-0.000,0.4,96021.6,0.00,0.000,0.000,2
111879,-0.003,0.000,1.000,-0.122,-0.061,0.061,19.497,243.167,116.437,0.9992,0.0035,-0.0018,0.0389,0.01,-0.00,-0.000,0.5,96023.7,0.00,0.000,0.000,2
112079,-0.002,0.001,0.997,-0.061,-0.061,0.061,17.725,249.960,124.957,0.9994,0.0016,-0.0012,0.0346,0.01,-0.00,-0.029,0.2,96027.9,0.00,0.000,0.000,2
112279,-0.000,0.000,1.000,-0.061,-0.061,0.061,17.725,249.960,124.957,0.9994,0.0016,-0.0001,0.0345,0.01,0.00,0.005,0.2,96025.3,0.00,0.000,0.000,2
112479,-0.002,-0.001,1.000,-0.061,0.061,-0.061,17.725,249.960,124.957,0.9994,0.0020,-0.0013,0.0346,0.01,0.00,0.005,0.3,96028.8,0.00,0.000,0.000,2
112679,-0.001,-0.001,1.000,-0.122,0.000,0.000,17.725,249.960,124.957,0.9994,0.0018,-0.0018,0.0344,0.01,-0.00,-0.000,0.3,96021.7,0.00,0.000,0.000,2
112879,-0.001,-0.002,1.000,0.000,0.000,0.061,17.725,249.960,124.957,0.9994,0.0012,-0.0028,0.0348,0.01,-0.00,-0.000,0.3,96022.5,0.00,0.000,0.000,2
113079,-0.001,0.001,1.000,0.000,0.000,0.061,17.725,249.960,124.957,0.9994,0.0026,-0.0007,0.0350,0.01,-0.00,-0.005,0.3,96024.6,0.00,0.000,0.000,2
113279,-0.001,-0.001,0.999,0.000,-0.122,0.061,17.725,249.960,124.957,0.9994,0.0023,-0.0009,0.0344,0.01,-0.00,-0.010,0.3,96020.4,0.00,0.000,0.000,2
113479,-0.004,-0.000,1.002,-0.183,-0.122,0.000,17.725,249.960,124.957,0.9994,0.0024,-0.0022,0.0345,0.01,0.00,0.024,0.4,96023.9,0.00,0.000,0.000,2
113679,-0.002,-0.001,0.998,-0.122,0.061,0.000,17.725,249.960,124.957,0.9994,0.0012,-0.0035,0.0349,0.01,-0.00,-0.019,0.4,96022.4,0.00,0.000,0.000,2
113879,-0.003,-0.002,0.997,-0.122,0.122,-0.061,17.725,249.960,124.957,0.9994,0.0024,-0.0020,0.0342,0.01,-0.00,-0.029,0.4,96021.0,0.00,0.000,0.000,2
114079,-0.003,0.000,1.001,-0.061,0.000,0.122,17.725,249.960,124.957,0.9994,0.0025,-0.0022,0.0345,0.01,0.00,0.014,0.4,96023.8,0.00,0.000,0.000,2
114279,-0.003,-0.001,0.997,-0.122,-0.122,0.061,8.862,243.167,139.156,0.9995,0.0010,-0.0015,0.0316,0.01,-0.00,-0.029,0.2,96018.9,0.00,0.000,0.000,2
114479,-0.003,-0.002,0.999,-0.061,0.000,0.000,8.862,243.167,139.156,0.9998,-0.0045,-0.0027,0.0189,0.01,-0.00,-0.010,0.6,96020.9,0.00,0.000,0.000,2
114679,-0.003,-0.002,1.000,0.000,-0.061,0.000,8.862,243.167,139.156,0.9998,-0.0051,-0.0016,0.0190,0.01,-0.00,-0.000,0.6,96023.1,0.00,0.000,0.000,2
114879,-0.004,0.001,0.999,-0.122,0.000,0.061,8.862,243.167,139.156,0.9998,-0.0037,-0.0044,0.0194,0.01,-0.00,-0.010,0.7,96020.4,0.00,0.000,0.000,2
115079,-0.001,0.001,0.998,-0.183,0.061,0.000,8.862,243.167,139.156,0.9998,-0.0048,-0.0007,0.0197,0.01,-0.00,-0.024,0.6,96019.5,0.00,0.000,0.000,2
115279,-0.002,-0.000,1.002,-0.061,0.000,-0.061,8.862,243.167,139.156,0.9998,-0.0060,-0.0021,0.0198,0.01,0.00,0.019,0.7,96024.5,0.00,0.000,0.000,2
115479,-0.002,0.000,0.999,-0.061,-0.061,0.000,8.862,243.167,139.156,0.9998,-0.0051,-0.0034,0.0195,0.01,-0.00,-0.015,0.7,96021.8,0.00,0.000,0.000,2
115679,-0.002,-0.002,1.001,-0.061,0.000,0.061,8.862,243.167,139.156,0.9998,-0.0057,-0.0018,0.0191,0.01,0.00,0.014,0.7,96016.1,0.00,0.000,0.000,2
115879,-0.002,-0.001,0.998,0.000,-0.061,-0.061,8.862,243.167,139.156,0.9998,-0.0056,-0.0004,0.0193,0.01,-0.00,-0.020,0.6,96024.6,0.00,0.000,0.000,2
116079,-0.002,0.000,1.000,-0.061,-0.061,0.061,8.862,243.167,139.156,0.9998,-0.0050,-0.0021,0.0194,0.01,-0.00,-0.005,0.6,96017.5,0.00,0.000,0.000,2
116279,-0.001,-0.002,1.001,-0.061,-0.061,0.000,8.862,243.167,139.156,0.9998,-0.0050,-0.0010,0.0189,0.01,0.00,0.014,0.6,96020.4,0.00,0.000,0.000,2
116479,-0.001,-0.001,1.001,-0.061,-0.061,0.000,8.862,243.167,139.156,0.9998,-0.0039,-0.0002,0.0189,0.01,0.00,0.009,0.4,96021.0,0.00,0.000,0.000,2
116679,-0.002,-0.001,1.002,-0.061,-0.061,-0.061,8.862,243.167,139.156,0.9998,-0.0037,-0.0020,0.0191,0.01,0.00,0.024,0.5,96017.4,0.00,0.000,0.000,2
116879,-0.001,-0.001,0.999,-0.122,-0.061,0.000,8.862,243.167,139.156,0.9998,-0.0038,0.0005,0.0188,0.01,-0.00,-0.010,0.4,96023.9,0.00,0.000,0.000,2
117079,-0.002,0.001,1.001,-0.061,-0.061,0.122,8.862,243.167,139.156,0.9998,-0.0036,0.0000,0.0193,0.01,0.00,0.009,0.4,96019.0,0.00,0.000,0.000,2
117279,-0.000,-0.001,1.002,0.000,0.000,-0.061,8.862,243.167,139.156,0.9998,-0.0035,-0.0012,0.0191,0.01,0.00,0.019,0.4,96019.7,0.00,0.000,0.000,2
117479,-0.002,0.000,1.001,-0.061,0.061,0.061,8.862,243.167,139.156,0.9998,-0.0033,-0.0020,0.0187,0.01,0.00,0.009,0.4,96020.3,0.00,0.000,0.000,2
117679,-0.001,-0.001,1.001,-0.061,0.061,0.000,8.862,243.167,139.156,0.9998,-0.0032,-0.0005,0.0188,0.01,0.00,0.009,0.4,96020.4,0.00,0.000,0.000,2
117879,-0.003,-0.002,1.003,-0.061,-0.061,0.061,8.862,243.167,139.156,0.9998,-0.0034,-0.0019,0.0184,0.01,0.00,0.029,0.4,96022.4,0.00,0.000,0.000,2
118079,-0.002,0.001,1.001,-0.122,0.000,0.000,8.862,243.167,139.156,0.9998,-0.0034,-0.0016,0.0193,0.01,0.00,0.014,0.4,96024.6,0.00,0.000,0.000,2
118279,-0.000,-0.002,0.999,-0.061,0.061,0.000,8.862,243.167,139.156,0.9998,-0.0033,0.0004,0.0189,0.01,-0.00,-0.014,0.4,96021.7,0.00,0.000,0.000,2
118479,-0.001,-0.002,1.000,-0.061,0.000,0.061,8.862,243.167,139.156,0.9998,-0.0037,-0.0007,0.0187,0.01,-0.00,-0.000,0.4,96021.6,0.00,0.000,0.000,2
118679,-0.002,0.000,1.000,-0.061,0.000,0.122,8.862,243.167,139.156,0.9998,-0.0034,0.0010,0.0190,0.01,0.00,0.005,0.4,96023.2,0.00,0.000,0.000,2
118879,-0.000,0.000,0.999,-0.061,-0.122,0.061,8.862,243.167,139.156,0.9998,-0.0025,0.0022,0.0185,0.01,-0.00,-0.010,0.4,96021.6,0.00,0.000,0.000,2
119079,-0.001,0.000,1.003,-0.122,-0.061,0.061,8.862,243.167,139.156,0.9998,-0.0018,0.0014,0.0180,0.01,0.00,0.033,0.3,96022.5,0.00,0.000,0.000,2
119279,-0.001,0.000,0.999,0.000,-0.122,0.000,8.862,243.167,139.156,0.9998,0.0021,-0.0002,0.0176,0.01,-0.00,-0.014,0.2,96020.9,0.00,0.000,0.000,2
119479,-0.002,0.000,1.000,-0.122,-0.122,-0.061,8.862,243.167,139.156,0.9998,0.0020,-0.0012,0.0173,0.01,0.00,-0.000,0.3,96018.9,0.00,0.000,0.000,2
119679,-0.001,-0.000,1.002,-0.183,-0.122,0.000,8.862,243.167,139.156,0.9998,0.0023,-0.0022,0.0177,0.01,0.00,0.019,0.4,96019.5,0.00,0.000,0.000,2
119879,-0.002,0.000,1.001,-0.061,-0.183,0.000,8.862,243.167,139.156,0.9998,0.0024,-0.0000,0.0174,0.01,0.00,0.014,0.3,96021.7,0.00,0.000,0.000,2
120079,-0.001,0.000,0.999,-0.122,-0.122,0.061,8.862,243.167,139.156,0.9998,0.0026,-0.0007,0.0174,0.01,-0.00,-0.010,0.3,96021.1,0.00,0.000,0.000,2
120279,-0.001,-0.000,1.002,0.000,0.000,0.061,8.862,243.167,139.156,0.9998,0.0023,-0.0003,0.0173,0.01,0.00,0.024,0.3,96025.9,0.00,0.000,0.000,2
120479,0.001,-0.000,1.000,-0.122,0.000,0.000,8.862,243.167,139.156,0.9998,0.0022,0.0005,0.0173,0.01,0.00,0.005,0.3,96019.7,0.00,0.000,0.000,2
120679,-0.003,-0.002,1.000,-0.061,0.000,0.061,8.862,243.167,139.156,0.9999,0.0026,-0.0010,0.0168,0.01,-0.00,-0.005,0.3,96024.6,0.00,0.000,0.000,2
120879,-0.000,-0.000,0.998,-0.061,-0.061,0.061,8.862,243.167,139.156,0.9998,0.0024,-0.0008,0.0173,0.01,-0.00,-0.019,0.3,96021.7,0.00,0.000,0.000,2
121079,-0.002,-0.001,1.001,0.000,-0.122,0.061,8.862,243.167,139.156,0.9999,0.0020,-0.0010,0.0170,0.01,0.00,0.009,0.3,96020.4,0.00,0.000,0.000,2
121279,-0.003,0.000,1.001,-0.122,0.000,-0.061,8.862,243.167,139.156,0.9998,0.0024,-0.0013,0.0174,0.01,0.00,0.014,0.3,96019.7,0.00,0.000,0.000,2
121479,-0.001,-0.001,1.002,-0.122,-0.122,0.061,21.270,244.526,107.917,0.9991,0.0035,0.0007,0.0423,0.01,0.00,0.024,0.4,96018.8,0.00,0.000,0.000,2
121679,-0.002,-0.002,0.997,-0.061,0.000,0.000,21.270,244.526,107.917,0.9991,0.0033,0.0007,0.0421,0.01,-0.00,-0.029,0.4,96021.6,0.00,0.000,0.000,2
121879,-0.001,0.000,1.000,0.061,-0.061,0.061,21.270,244.526,107.917,0.9991,0.0032,-0.0023,0.0428,0.01,0.00,0.005,0.4,96021.7,0.00,0.000,0.000,2
122079,-0.002,0.001,1.001,-0.061,-0.122,0.061,21.270,244.526,107.917,0.9991,0.0032,-0.0021,0.0427,0.01,0.00,0.014,0.4,96022.3,0.00,0.000,0.000,2
122279,-0.003,-0.002,1.001,-0.061,0.000,0.061,21.270,244.526,107.917,0.9991,0.0033,-0.0016,0.0419,0.01,0.00,0.009,0.4,96022.3,0.00,0.000,0.000,2
122479,0.000,-0.000,0.999,-0.061,-0.183,0.061,21.270,244.526,107.917,0.9991,0.0037,-0.0008,0.0422,0.01,-0.00,-0.010,0.4,96021.6,0.00,0.000,0.000,2
122679,0.000,0.000,1.000,-0.122,0.061,0.061,21.270,244.526,107.917,0.9991,0.0032,0.0019,0.0423,0.01,-0.00,-0.005,0.4,96020.3,0.00,0.000,0.000,2
122879,0.000,-0.000,1.004,-0.061,-0.061,0.000,21.270,244.526,107.917,0.9991,0.0036,-0.0012,0.0425,0.01,0.00,0.038,0.4,96024.6,0.00,0.000,0.000,2
123079,-0.001,0.000,0.999,-0.061,-0.061,0.000,21.270,244.526,107.917,0.9991,0.0031,0.0019,0.0427,0.01,-0.00,-0.010,0.4,96025.2,0.00,0.000,0.000,2
123279,-0.001,-0.001,1.000,-0.122,-0.061,0.122,21.270,244.526,107.917,0.9991,0.0038,-0.0024,0.0420,0.01,-0.00,-0.005,0.5,96021.7,0.00,0.000,0.000,2
123479,-0.003,0.001,1.000,0.000,-0.122,0.000,21.270,244.526,107.917,0.9991,0.0036,-0.0034,0.0427,0.01,-0.00,-0.000,0.6,96025.9,0.00,0.000,0.000,2
123679,-0.003,0.000,1.001,-0.061,-0.061,0.061,10.635,247.243,96.557,0.9993,0.0012,-0.0010,0.0373,0.01,0.00,0.014,0.2,96019.6,0.00,0.000,0.000,2
123879,-0.002,0.000,1.004,-0.122,0.061,0.061,10.635,247.243,96.557,0.9997,-0.0036,-0.0002,0.0225,0.01,0.00,0.043,0.4,96018.1,0.00,0.000,0.000,2
124079,-0.001,-0.000,1.000,-0.122,-0.122,0.000,10.635,247.243,96.557,0.9997,-0.0036,-0.0002,0.0223,0.01,0.00,0.005,0.4,96023.7,0.00,0.000,0.000,2
124279,-0.001,0.000,1.003,-0.122,-0.061,0.061,10.635,247.243,96.557,0.9997,-0.0039,-0.0011,0.0224,0.01,0.00,0.028,0.5,96022.5,0.00,0.000,0.000,2
124479,-0.001,-0.002,1.001,0.000,-0.122,0.061,10.635,247.243,96.557,0.9997,-0.0039,-0.0006,0.0221,0.01,0.00,0.009,0.5,96026.0,0.00,0.000,0.000,2
124679,-0.003,0.000,1.004,-0.122,-0.061,0.122,10.635,247.243,96.557,0.9997,-0.0035,-0.0015,0.0223,0.01,0.00,0.043,0.4,96018.8,0.00,0.000,0.000,2
124879,-0.003,-0.001,1.000,-0.122,-0.122,0.000,10.635,247.243,96.557,0.9997,-0.0035,-0.0022,0.0222,0.01,0.00,0.005,0.5,96023.8,0.00,0.000,0.000,2
125079,-0.001,0.000,1.002,-0.061,0.000,0.061,10.635,247.243,96.557,0.9998,-0.0022,-0.0032,0.0219,0.01,0.00,0.019,0.4,96025.9,0.00,0.000,0.000,2
125279,-0.001,0.000,1.003,0.000,0.061,0.000,10.635,247.243,96.557,0.9998,-0.0029,-0.0005,0.0220,0.01,0.00,0.033,0.3,96019.6,0.00,0.000,0.000,2
125479,-0.002,-0.001,1.002,0.061,-0.061,0.061,10.635,247.243,96.557,0.9998,-0.0026,-0.0026,0.0219,0.01,0.00,0.024,0.4,96023.1,0.00,0.000,0.000,2
125679,-0.001,0.000,1.000,-0.061,-0.061,0.061,10.635,247.243,96.557,0.9998,-0.0021,0.0010,0.0213,0.01,-0.00,-0.005,0.3,96020.4,0.00,0.000,0.000,2
125879,-0.002,0.000,1.000,-0.061,0.000,0.000,10.635,247.243,96.557,0.9998,-0.0029,-0.0019,0.0220,0.01,-0.00,-0.000,0.4,96020.4,0.00,0.000,0.000,2
126079,-0.001,-0.001,1.000,-0.122,-0.061,0.061,1.772,237.733,110.757,1.0000,-0.0063,-0.0001,0.0048,0.01,-0.00,-0.005,0.7,96019.7,0.00,0.000,0.000,2
126279,-0.003,-0.001,1.003,-0.122,0.000,-0.061,1.772,237.733,110.757,1.0000,-0.0056,-0.0024,0.0050,0.01,0.00,0.033,0.7,96017.4,0.00,0.000,0.000,2
126479,-0.002,-0.000,1.001,-0.122,-0.122,0.061,1.772,237.733,110.757,1.0000,-0.0053,-0.0022,0.0050,0.01,0.00,0.009,0.7,96023.0,0.00,0.000,0.000,2
126679,-0.000,-0.000,0.998,-0.244,0.000,0.000,1.772,237.733,110.757,1.0000,-0.0049,0.0006,0.0048,0.01,-0.00,-0.020,0.6,96018.9,0.00,0.000,0.000,2
126879,-0.001,-0.001,0.999,-0.061,0.000,0.000,1.772,237.733,110.757,1.0000,-0.0049,-0.0018,0.0047,0.01,-0.00,-0.010,0.6,96021.7,0.00,0.000,0.000,2
127079,-0.002,-0.000,1.002,-0.061,-0.122,0.061,1.772,237.733,110.757,1.0000,-0.0038,0.0018,0.0045,0.01,0.00,0.019,0.5,96020.2,0.00,0.000,0.000,2
127279,-0.002,-0.000,0.999,-0.061,0.000,0.000,1.772,237.733,110.757,1.0000,-0.0044,-0.0007,0.0047,0.01,-0.00,-0.015,0.5,96018.9,0.00,0.000,0.000,2
127479,-0.002,0.001,0.999,-0.061,-0.061,0.000,1.772,237.733,110.757,1.0000,-0.0042,-0.0011,0.0050,0.01,-0.00,-0.010,0.5,96025.8,0.00,0.000,0.000,2
127679,-0.000,-0.000,1.002,0.000,-0.244,0.061,1.772,237.733,110.757,1.0000,-0.0027,-0.0041,0.0043,0.01,0.00,0.024,0.6,96021.7,0.00,0.000,0.000,2
127879,-0.002,-0.001,1.002,-0.122,0.061,0.000,1.772,237.733,110.757,1.0000,-0.0040,-0.0006,0.0046,0.01,0.00,0.019,0.5,96023.8,0.00,0.000,0.000,2
128079,-0.002,-0.000,1.000,-0.122,0.000,0.000,1.772,237.733,110.757,1.0000,-0.0036,-0.0014,0.0045,0.01,0.00,0.005,0.4,96027.3,0.00,0.000,0.000,2
128279,-0.001,-0.001,1.002,-0.061,0.061,0.061,1.772,237.733,110.757,1.0000,-0.0034,-0.0008,0.0043,0.01,0.00,0.024,0.4,96021.7,0.00,0.000,0.000,2
128479,-0.003,-0.000,0.999,0.000,0.000,0.000,1.772,237.733,110.757,1.0000,-0.0033,-0.0012,0.0044,0.01,-0.00,-0.015,0.4,96021.6,0.00,0.000,0.000,2
128679,-0.002,-0.001,0.999,0.000,0.000,0.000,1.772,237.733,110.757,1.0000,-0.0027,-0.0023,0.0042,0.01,-0.00,-0.014,0.4,96019.6,0.00,0.000,0.000,2
128879,-0.001,-0.001,1.001,-0.061,0.000,0.000,1.772,237.733,110.757,1.0000,-0.0032,-0.0007,0.0044,0.01,0.00,0.014,0.4,96018.2,0.00,0.000,0.000,2
129079,-0.002,0.000,0.999,0.000,0.122,0.000,1.772,237.733,110.757,1.0000,-0.0030,-0.0007,0.0041,0.01,-0.00,-0.010,0.4,96021.7,0.00,0.000,0.000,2
129279,-0.004,-0.002,0.999,-0.122,-0.061,0.000,1.772,237.733,110.757,1.0000,-0.0028,-0.0021,0.0042,0.01,-0.00,-0.010,0.4,96019.5,0.00,0.000,0.000,2
129479,-0.001,-0.001,1.000,-0.122,0.000,0.061,1.772,237.733,110.757,1.0000,-0.0034,0.0002,0.0044,0.01,0.00,0.005,0.4,96017.6,0.00,0.000,0.000,2
129679,-0.001,-0.001,1.001,0.000,-0.061,0.061,1.772,237.733,110.757,1.0000,-0.0036,-0.0007,0.0040,0.01,0.00,0.014,0.4,96023.1,0.00,0.000,0.000,2
129879,-0.002,-0.001,1.003,-0.061,-0.061,0.000,1.772,237.733,110.757,1.0000,-0.0032,-0.0006,0.0043,0.01,0.00,0.033,0.4,96020.4,0.00,0.000,0.000,2
130079,-0.001,0.001,1.000,0.000,0.000,-0.061,1.772,237.733,110.757,1.0000,-0.0017,0.0010,0.0043,0.01,-0.00,-0.000,0.2,96022.5,0.00,0.000,0.000,2
130279,-0.001,0.000,1.002,-0.122,0.000,0.061,1.772,237.733,110.757,1.0000,-0.0023,-0.0021,0.0040,0.01,0.00,0.019,0.4,96021.7,0.00,0.000,0.000,2
130479,-0.000,-0.000,1.000,-0.061,-0.061,0.000,1.772,237.733,110.757,1.0000,-0.0025,0.0007,0.0033,0.01,-0.00,-0.000,0.3,96018.8,0.00,0.000,0.000,2
130679,-0.003,-0.001,1.000,0.000,0.000,0.000,10.635,236.375,107.917,0.9997,-0.0057,-0.0021,0.0237,0.01,0.00,0.004,0.7,96024.4,0.00,0.000,0.000,2
130879,-0.001,0.000,1.001,-0.061,-0.183,0.000,10.635,236.375,107.917,0.9997,-0.0054,-0.0010,0.0240,0.01,0.00,0.014,0.6,96022.5,0.00,0.000,0.000,2
131079,-0.002,-0.001,1.001,-0.061,0.000,0.000,10.635,236.375,107.917,0.9997,-0.0046,-0.0021,0.0234,0.01,0.00,0.014,0.6,96018.1,0.00,0.000,0.000,2
131279,-0.003,-0.001,1.001,-0.061,0.000,0.061,10.635,236.375,107.917,0.9997,-0.0047,-0.0026,0.0232,0.01,0.00,0.009,0.6,96021.1,0.00,0.000,0.000,2
131479,-0.002,-0.000,0.999,-0.122,-0.061,-0.061,10.635,236.375,107.917,0.9997,-0.0044,0.0002,0.0234,0.01,-0.00,-0.010,0.5,96018.1,0.00,0.000,0.000,2
131679,-0.005,-0.002,1.002,0.000,0.000,0.000,10.635,236.375,107.917,0.9997,-0.0048,-0.0025,0.0230,0.01,0.00,0.024,0.6,96024.6,0.00,0.000,0.000,2
131879,-0.003,-0.000,0.999,-0.061,-0.061,0.122,10.635,236.375,107.917,0.9997,-0.0048,-0.0012,0.0236,0.01,-0.00,-0.010,0.6,96021.7,0.00,0.000,0.000,2
132079,-0.003,-0.001,1.003,0.000,0.000,0.061,10.635,236.375,107.917,0.9997,-0.0040,-0.0030,0.0231,0.01,0.00,0.028,0.6,96021.7,0.00,0.000,0.000,2
132279,-0.003,-0.002,0.998,-0.061,-0.061,0.061,10.635,236.375,107.917,0.9997,-0.0048,-0.0019,0.0231,0.01,-0.00,-0.019,0.6,96022.3,0.00,0.000,0.000,2
132479,-0.002,-0.001,1.000,0.000,-0.122,0.000,10.635,236.375,107.917,0.9997,-0.0038,0.0017,0.0229,0.01,-0.00,-0.000,0.5,96022.5,0.00,0.000,0.000,2
132679,-0.001,-0.001,1.000,-0.061,0.000,0.061,10.635,236.375,107.917,0.9997,-0.0038,0.0001,0.0233,0.01,0.00,0.005,0.4,96026.0,0.00,0.000,0.000,2
132879,-0.005,-0.000,1.003,-0.061,-0.183,0.000,10.635,236.375,107.917,0.9997,-0.0043,-0.0024,0.0233,0.01,0.00,0.029,0.6,96020.3,0.00,0.000,0.000,2
133079,-0.001,-0.001,1.001,-0.061,-0.061,0.000,10.635,236.375,107.917,0.9997,-0.0044,-0.0003,0.0231,0.01,0.00,0.014,0.5,96023.9,0.00,0.000,0.000,2
133279,-0.001,-0.002,1.000,-0.061,0.000,0.061,10.635,236.375,107.917,0.9997,-0.0043,0.0003,0.0230,0.01,-0.00,-0.000,0.5,96020.2,0.00,0.000,0.000,2
133479,-0.004,0.000,0.999,0.000,0.000,0.061,10.635,236.375,107.917,0.9997,-0.0043,-0.0016,0.0237,0.01,-0.00,-0.015,0.5,96025.2,0.00,0.000,0.000,2
133679,-0.002,-0.001,0.997,-0.122,-0.061,0.122,10.635,236.375,107.917,0.9997,-0.0042,-0.0016,0.0231,0.01,-0.00,-0.029,0.5,96020.2,0.00,0.000,0.000,2
133879,-0.002,0.000,1.000,-0.061,-0.122,0.000,10.635,236.375,107.917,0.9997,-0.0041,-0.0018,0.0237,0.01,0.00,0.004,0.5,96019.5,0.00,0.000,0.000,2
134079,-0.001,-0.000,1.001,-0.061,-0.061,0.061,10.635,236.375,107.917,0.9997,-0.0041,-0.0011,0.0234,0.01,0.00,0.009,0.5,96022.5,0.00,0.000,0.000,2
134279,-0.003,-0.001,1.000,-0.061,0.000,0.122,10.635,236.375,107.917,0.9997,-0.0039,-0.0022,0.0231,0.01,0.00,0.005,0.5,96018.1,0.00,0.000,0.000,2
134479,-0.003,0.001,0.999,-0.122,0.061,0.061,10.635,236.375,107.917,0.9997,-0.0039,-0.0012,0.0238,0.01,-0.00,-0.010,0.5,96019.7,0.00,0.000,0.000,2
134679,-0.003,0.000,1.000,-0.122,-0.061,0.000,10.635,236.375,107.917,0.9997,-0.0038,-0.0020,0.0236,0.01,-0.00,-0.000,0.5,96021.1,0.00,0.000,0.000,2
134879,-0.000,-0.001,1.001,-0.122,0.000,0.061,10.635,236.375,107.917,0.9997,-0.0040,-0.0004,0.0232,0.01,0.00,0.009,0.5,96022.4,0.00,0.000,0.000,2
135079,-0.001,-0.002,1.004,0.000,0.000,0.000,10.635,236.375,107.917,0.9997,-0.0039,-0.0011,0.0232,0.01,0.00,0.038,0.5,96023.9,0.00,0.000,0.000,2
135279,-0.002,-0.000,1.001,-0.061,-0.122,0.061,10.635,236.375,107.917,0.9997,-0.0036,-0.0020,0.0232,0.01,0.00,0.014,0.5,96023.3,0.00,0.000,0.000,2
135479,-0.002,0.000,1.000,-0.122,-0.122,0.000,10.635,236.375,107.917,0.9997,-0.0034,-0.0027,0.0235,0.01,-0.00,-0.000,0.5,96028.9,0.00,0.000,0.000,2
135679,-0.001,0.000,1.000,-0.061,0.000,0.000,10.635,236.375,107.917,0.9997,-0.0036,-0.0002,0.0237,0.01,-0.00,-0.000,0.4,96021.9,0.00,0.000,0.000,2
135879,-0.002,-0.001,1.000,-0.122,-0.122,0.061,10.635,236.375,107.917,0.9997,-0.0033,-0.0006,0.0230,0.01,0.00,0.005,0.4,96023.9,0.00,0.000,0.000,2
136079,-0.001,-0.002,1.002,-0.061,0.000,0.061,10.635,236.375,107.917,0.9997,-0.0037,-0.0000,0.0229,0.01,0.00,0.019,0.4,96020.4,0.00,0.000,0.000,2
136279,-0.002,-0.001,1.004,-0.061,0.000,0.000,10.635,236.375,107.917,0.9997,-0.0028,-0.0007,0.0231,0.01,0.00,0.038,0.3,96017.4,0.00,0.000,0.000,2
136479,-0.002,-0.001,1.001,0.000,-0.122,0.122,10.635,236.375,107.917,0.9997,-0.0028,-0.0011,0.0230,0.01,0.00,0.014,0.3,96019.1,0.00,0.000,0.000,2
136679,-0.001,0.000,0.998,-0.061,-0.122,0.000,10.635,236.375,107.917,0.9997,-0.0021,0.0002,0.0233,0.01,-0.00,-0.024,0.2,96024.0,0.00,0.000,0.000,2
136879,-0.002,-0.000,1.000,-0.183,0.061,0.061,10.635,236.375,107.917,0.9997,-0.0026,-0.0008,0.0232,0.01,-0.00,-0.005,0.3,96021.1,0.00,0.000,0.000,2
137079,-0.001,-0.000,1.001,-0.061,-0.122,0.000,10.635,236.375,107.917,0.9997,-0.0023,-0.0003,0.0229,0.01,0.00,0.014,0.3,96021.1,0.00,0.000,0.000,2
137279,-0.001,0.000,1.002,-0.122,0.061,0.061,10.635,236.375,107.917,0.9997,-0.0020,-0.0007,0.0229,0.01,0.00,0.019,0.2,96020.4,0.00,0.000,0.000,2
137479,-0.003,-0.001,1.001,-0.061,0.000,0.000,10.635,236.375,107.917,0.9998,-0.0028,-0.0022,0.0212,0.01,0.00,0.010,0.4,96019.0,0.00,0.000,0.000,2
137679,-0.003,-0.001,1.000,0.000,0.000,-0.061,8.862,243.167,116.437,0.9998,-0.0032,-0.0030,0.0188,0.01,-0.00,-0.000,0.5,96022.7,0.00,0.000,0.000,2
137879,-0.003,0.001,1.001,-0.122,-0.061,0.122,8.862,243.167,116.437,0.9998,-0.0040,-0.0013,0.0194,0.01,0.00,0.014,0.5,96022.6,0.00,0.000,0.000,2
138079,-0.002,-0.000,1.002,-0.061,0.061,0.000,8.862,243.167,116.437,0.9998,-0.0037,-0.0009,0.0190,0.01,0.00,0.024,0.4,96024.7,0.00,0.000,0.000,2
138279,-0.003,-0.001,1.001,-0.061,-0.061,0.122,8.862,243.167,116.437,0.9998,-0.0034,-0.0016,0.0190,0.01,0.00,0.009,0.4,96025.3,0.00,0.000,0.000,2
138479,0.000,-0.001,1.002,0.000,0.000,0.000,8.862,243.167,116.437,0.9998,-0.0029,0.0011,0.0185,0.01,0.00,0.024,0.4,96019.1,0.00,0.000,0.000,2
138679,-0.001,-0.001,1.002,-0.061,-0.061,0.000,8.862,243.167,116.437,0.9998,-0.0037,-0.0006,0.0192,0.01,0.00,0.019,0.4,96020.4,0.00,0.000,0.000,2
138879,-0.000,-0.001,1.000,-0.061,0.122,0.000,8.862,243.167,116.437,0.9998,-0.0034,0.0001,0.0188,0.01,-0.00,-0.000,0.4,96021.1,0.00,0.000,0.000,2
139079,-0.001,-0.001,1.002,-0.122,0.000,0.061,8.862,243.167,116.437,0.9998,-0.0039,-0.0011,0.0188,0.01,0.00,0.019,0.5,96024.6,0.00,0.000,0.000,2
139279,-0.003,-0.001,1.000,0.000,0.000,0.061,8.862,243.167,116.437,0.9998,-0.0033,-0.0029,0.0185,0.01,0.00,0.005,0.5,96020.5,0.00,0.000,0.000,2
139479,-0.000,-0.000,0.999,-0.061,-0.122,0.061,8.862,243.167,116.437,0.9998,-0.0037,-0.0001,0.0191,0.01,-0.00,-0.010,0.4,96014.8,0.00,0.000,0.000,2
139679,-0.002,0.000,0.999,-0.061,-0.122,0.061,8.862,243.167,116.437,0.9998,-0.0028,-0.0025,0.0184,0.01,-0.00,-0.015,0.4,96020.4,0.00,0.000,0.000,2
139879,-0.000,-0.001,1.002,0.000,-0.061,0.061,8.862,243.167,116.437,0.9998,-0.0033,-0.0005,0.0186,0.01,0.00,0.019,0.4,96022.5,0.00,0.000,0.000,2
140079,-0.002,0.000,1.000,-0.122,0.000,0.122,8.862,243.167,116.437,0.9998,-0.0030,0.0004,0.0191,0.01,-0.00,-0.000,0.3,96022.5,0.00,0.000,0.000,2
140279,-0.001,-0.000,0.999,0.061,0.000,0.000,8.862,243.167,116.437,0.9998,-0.0035,-0.0012,0.0187,0.01,-0.00,-0.010,0.4,96019.0,0.00,0.000,0.000,2
140479,-0.003,0.001,0.999,-0.061,-0.061,0.122,8.862,243.167,116.437,0.9998,-0.0035,-0.0018,0.0190,0.01,-0.00,-0.015,0.5,96020.4,0.00,0.000,0.000,2
140679,-0.002,-0.001,1.002,-0.061,0.000,0.000,8.862,243.167,116.437,0.9998,-0.0036,-0.0002,0.0190,0.01,0.00,0.019,0.4,96016.9,0.00,0.000,0.000,2
140879,-0.003,-0.001,1.001,-0.122,-0.061,0.122,8.862,243.167,116.437,0.9998,-0.0036,-0.0016,0.0191,0.01,0.00,0.014,0.5,96021.2,0.00,0.000,0.000,2
141079,-0.000,0.000,1.000,0.000,-0.061,0.061,8.862,243.167,116.437,0.9998,-0.0035,-0.0012,0.0191,0.01,0.00,0.004,0.4,96018.2,0.00,0.000,0.000,2
141279,0.000,0.000,1.002,-0.122,-0.122,0.061,8.862,243.167,116.437,0.9998,-0.0036,-0.0002,0.0191,0.01,0.00,0.024,0.4,96023.2,0.00,0.000,0.000,2
141479,-0.002,-0.001,1.000,-0.122,0.000,0.000,8.862,243.167,116.437,0.9998,-0.0038,-0.0014,0.0188,0.01,-0.00,-0.000,0.5,96026.0,0.00,0.000,0.000,2
141679,0.000,-0.002,0.998,0.000,0.000,0.061,8.862,243.167,116.437,0.9998,-0.0041,-0.0007,0.0186,0.01,-0.00,-0.019,0.5,96024.7,0.00,0.000,0.000,2
141879,-0.002,0.000,0.998,-0.122,0.000,0.061,8.862,243.167,116.437,0.9998,-0.0031,-0.0029,0.0189,0.01,-0.00,-0.019,0.5,96024.6,0.00,0.000,0.000,2
142079,0.000,-0.001,1.000,-0.122,0.000,0.000,8.862,243.167,116.437,0.9998,-0.0032,0.0004,0.0189,0.01,0.00,0.005,0.4,96021.9,0.00,0.000,0.000,2
142279,-0.003,0.000,1.000,0.000,-0.061,0.061,8.862,237.733,116.437,0.9998,-0.0031,-0.0010,0.0195,0.01,-0.00,-0.000,0.4,96018.3,0.00,0.000,0.000,2
142479,-0.002,0.000,1.000,-0.122,-0.122,0.000,8.862,237.733,116.437,0.9998,-0.0033,-0.0011,0.0192,0.01,0.00,0.005,0.4,96018.2,0.00,0.000,0.000,2
142679,-0.002,0.001,1.001,-0.061,0.000,0.000,8.862,237.733,116.437,0.9998,-0.0030,-0.0015,0.0195,0.01,0.00,0.014,0.4,96021.9,0.00,0.000,0.000,2
142879,-0.000,-0.003,1.001,-0.122,-0.061,0.061,8.862,237.733,116.437,0.9998,-0.0033,-0.0002,0.0183,0.01,0.00,0.010,0.4,96019.7,0.00,0.000,0.000,2
143079,-0.002,0.001,0.999,-0.061,0.000,0.000,8.862,237.733,116.437,0.9998,-0.0028,-0.0024,0.0195,0.01,-0.00,-0.015,0.4,96020.4,0.00,0.000,0.000,2
143279,-0.002,0.003,1.000,0.000,0.000,0.061,8.862,237.733,116.437,0.9998,-0.0016,-0.0031,0.0194,0.01,-0.00,-0.005,0.4,96020.4,0.00,0.000,0.000,2
143479,-0.002,-0.000,1.000,-0.183,-0.122,0.000,8.862,237.733,116.437,0.9998,-0.0032,-0.0009,0.0192,0.01,0.00,0.005,0.4,96022.0,0.00,0.000,0.000,2
143679,-0.003,0.001,0.999,-0.122,0.000,0.061,8.862,237.733,116.437,0.9998,-0.0027,-0.0015,0.0196,0.01,-0.00,-0.010,0.4,96021.3,0.00,0.000,0.000,2
143879,-0.001,0.000,0.998,-0.183,-0.061,0.061,8.862,237.733,116.437,0.9998,-0.0022,0.0001,0.0189,0.01,-0.00,-0.024,0.2,96023.3,0.00,0.000,0.000,2
144079,-0.001,-0.002,1.000,-0.122,-0.061,0.122,8.862,237.733,116.437,0.9998,-0.0026,-0.0007,0.0190,0.01,-0.00,-0.000,0.3,96024.8,0.00,0.000,0.000,2
144279,-0.001,0.001,1.000,-0.061,-0.061,0.061,8.862,237.733,116.437,0.9998,-0.0015,0.0007,0.0185,0.01,0.00,0.005,0.2,96020.6,0.00,0.000,0.000,2
144479,-0.003,-0.001,0.997,-0.061,0.000,0.000,8.862,237.733,116.437,0.9998,-0.0025,-0.0016,0.0190,0.01,-0.00,-0.029,0.3,96021.3,0.00,0.000,0.000,2
144679,-0.002,-0.001,0.999,-0.061,0.061,0.000,14.180,239.092,113.597,0.9996,-0.0028,0.0062,0.0292,0.01,-0.00,-0.011,0.8,96019.2,0.00,0.000,0.000,2
144879,0.001,-0.001,1.001,-0.061,-0.061,0.061,14.180,239.092,113.597,0.9995,-0.0056,0.0036,0.0308,0.01,0.00,0.009,0.8,96020.5,0.00,0.000,0.000,2
145079,-0.001,-0.001,0.999,0.000,0.000,0.000,14.180,239.092,113.597,0.9995,-0.0068,0.0003,0.0311,0.01,-0.00,-0.015,0.8,96021.2,0.00,0.000,0.000,2
145279,-0.002,-0.000,1.002,-0.061,-0.061,0.122,14.180,239.092,113.597,0.9995,-0.0044,-0.0056,0.0306,0.01,0.00,0.018,0.8,96019.2,0.00,0.000,0.000,2
145479,-0.002,-0.000,1.002,-0.061,0.000,0.000,14.180,239.092,113.597,0.9995,-0.0060,-0.0016,0.0311,0.01,0.00,0.019,0.7,96020.6,0.00,0.000,0.000,2
145679,-0.002,-0.001,1.001,-0.122,-0.061,0.061,14.180,239.092,113.597,0.9995,-0.0058,-0.0005,0.0307,0.01,0.00,0.014,0.7,96017.8,0.00,0.000,0.000,2
145879,0.001,-0.002,0.999,-0.061,-0.061,0.000,14.180,239.092,113.597,0.9995,-0.0048,0.0030,0.0303,0.01,-0.00,-0.015,0.6,96023.4,0.00,0.000,0.000,2
146079,-0.002,-0.001,1.004,-0.061,0.061,0.000,14.180,239.092,113.597,0.9995,-0.0054,-0.0023,0.0309,0.01,0.00,0.038,0.7,96019.0,0.00,0.000,0.000,2
146279,-0.003,0.000,1.001,0.000,0.000,0.000,14.180,239.092,113.597,0.9995,-0.0048,-0.0033,0.0310,0.01,0.00,0.009,0.7,96024.8,0.00,0.000,0.000,2
146479,-0.003,-0.001,1.000,-0.061,0.000,0.061,14.180,239.092,113.597,0.9995,-0.0048,-0.0028,0.0307,0.01,-0.00,-0.000,0.6,96020.4,0.00,0.000,0.000,2
146679,-0.000,-0.001,1.001,0.000,-0.122,-0.061,14.180,239.092,113.597,0.9995,-0.0054,-0.0008,0.0309,0.01,0.00,0.009,0.6,96020.7,0.00,0.000,0.000,2
146879,-0.002,0.000,0.998,-0.061,-0.061,0.061,14.180,239.092,113.597,0.9995,-0.0041,0.0021,0.0308,0.01,-0.00,-0.024,0.5,96018.4,0.00,0.000,0.000,2
147079,-0.002,-0.002,1.000,-0.061,0.000,0.122,3.545,241.809,113.597,1.0000,-0.0031,-0.0050,0.0075,0.01,-0.00,-0.000,0.7,96016.3,0.00,0.000,0.000,2
147279,-0.002,-0.001,1.001,-0.061,-0.061,-0.061,3.545,241.809,113.597,1.0000,-0.0049,-0.0008,0.0082,0.01,0.00,0.009,0.6,96024.0,0.00,0.000,0.000,2
147479,-0.002,-0.001,1.002,-0.061,0.000,0.000,3.545,241.809,113.597,1.0000,-0.0046,-0.0017,0.0083,0.01,0.00,0.019,0.6,96018.5,0.00,0.000,0.000,2
147679,-0.001,-0.000,1.002,0.000,-0.061,-0.061,3.545,241.809,113.597,1.0000,-0.0047,-0.0012,0.0083,0.01,0.00,0.024,0.6,96023.4,0.00,0.000,0.000,2
147879,-0.000,0.001,1.001,-0.122,-0.122,0.122,3.545,241.809,113.597,1.0000,-0.0024,0.0027,0.0082,0.01,0.00,0.009,0.4,96017.8,0.00,0.000,0.000,2
148079,-0.002,0.001,1.001,-0.122,-0.061,0.061,3.545,241.809,113.597,1.0000,-0.0037,0.0009,0.0085,0.01,0.00,0.009,0.4,96020.6,0.00,0.000,0.000,2
148279,-0.001,0.001,1.000,-0.061,-0.122,0.061,3.545,241.809,113.597,1.0000,-0.0042,-0.0008,0.0087,0.01,-0.00,-0.005,0.5,96020.6,0.00,0.000,0.000,2
148479,-0.000,0.001,1.001,-0.061,-0.061,0.061,3.545,241.809,113.597,1.0000,-0.0034,0.0007,0.0083,0.01,0.00,0.014,0.4,96018.3,0.00,0.000,0.000,2
148679,-0.003,0.000,1.001,0.000,0.061,0.122,3.545,241.809,113.597,1.0000,-0.0029,-0.0029,0.0075,0.01,0.00,0.009,0.5,96021.1,0.00,0.000,0.000,2
148879,-0.003,-0.002,1.003,-0.061,-0.122,0.061,3.545,241.809,113.597,1.0000,-0.0035,-0.0012,0.0077,0.01,0.00,0.029,0.4,96022.0,0.00,0.000,0.000,2
149079,-0.002,-0.001,1.002,0.000,0.000,0.122,3.545,241.809,113.597,1.0000,-0.0032,-0.0011,0.0079,0.01,0.00,0.024,0.4,96019.2,0.00,0.000,0.000,2
149279,-0.002,-0.000,1.000,-0.061,0.000,0.061,3.545,239.092,102.237,1.0000,-0.0029,-0.0010,0.0082,0.01,0.00,0.005,0.4,96019.9,0.00,0.000,0.000,2
149479,-0.000,-0.001,0.999,-0.122,0.061,0.000,3.545,239.092,102.237,1.0000,-0.0026,-0.0000,0.0079,0.01,-0.00,-0.014,0.3,96017.6,0.00,0.000,0.000,2
149679,-0.002,0.001,1.001,0.061,0.000,-0.061,3.545,239.092,102.237,1.0000,-0.0024,-0.0004,0.0081,0.01,0.00,0.009,0.3,96019.1,0.00,0.000,0.000,2
149879,-0.001,-0.001,1.001,-0.122,-0.061,0.122,3.545,239.092,102.237,1.0000,-0.0025,-0.0009,0.0074,0.01,0.00,0.014,0.3,96021.9,0.00,0.000,0.000,2
150079,-0.000,0.000,1.000,-0.061,0.000,0.061,3.545,239.092,102.237,1.0000,-0.0021,-0.0005,0.0084,0.01,-0.00,-0.005,0.3,96023.4,0.00,0.000,0.000,2
150279,-0.000,-0.001,1.000,-0.061,-0.061,0.061,3.545,239.092,102.237,1.0000,-0.0021,-0.0002,0.0080,0.01,-0.00,-0.000,0.2,96023.2,0.00,0.000,0.000,2
150479,-0.002,-0.000,1.001,0.000,-0.061,-0.183,3.545,239.092,102.237,1.0000,-0.0024,-0.0012,0.0076,0.01,0.00,0.010,0.3,96021.9,0.00,0.000,0.000,2
150679,-0.002,-0.001,1.001,-0.183,-0.122,-0.061,3.545,239.092,102.237,1.0000,-0.0022,-0.0014,0.0077,0.01,0.00,0.010,0.3,96019.2,0.00,0.000,0.000,2
150879,-0.004,-0.002,0.999,0.000,-0.122,0.061,3.545,239.092,102.237,1.0000,-0.0025,-0.0021,0.0077,0.01,-0.00,-0.010,0.4,96021.3,0.00,0.000,0.000,2
151079,-0.001,-0.001,1.000,0.000,0.000,0.061,3.545,239.092,102.237,1.0000,-0.0027,-0.0005,0.0077,0.01,0.00,0.005,0.3,96025.5,0.00,0.000,0.000,2
151279,-0.002,-0.001,1.001,-0.122,-0.122,0.000,3.545,239.092,102.237,1.0000,-0.0026,-0.0011,0.0080,0.01,0.00,0.014,0.3,96021.3,0.00,0.000,0.000,2
151479,-0.004,-0.001,1.000,-0.061,0.000,0.061,3.545,239.092,102.237,1.0000,-0.0023,-0.0027,0.0077,0.01,0.00,0.005,0.4,96022.0,0.00,0.000,0.000,2
151679,-0.002,-0.001,1.001,-0.061,0.000,0.061,8.862,240.450,105.077,0.9999,-0.0017,-0.0011,0.0106,0.01,0.00,0.010,0.2,96018.5,0.00,0.000,0.000,2
151879,-0.002,-0.002,1.000,-0.061,0.061,0.122,8.862,240.450,105.077,0.9999,0.0044,0.0017,0.0166,0.01,-0.00,-0.001,0.5,96023.4,0.00,0.000,0.000,2
152079,-0.002,-0.001,1.004,-0.061,-0.061,0.061,8.862,240.450,105.077,0.9998,0.0046,-0.0003,0.0169,0.01,0.00,0.038,0.5,96024.9,0.00,0.000,0.000,2
152279,-0.001,0.000,1.004,-0.061,0.061,0.000,8.862,240.450,105.077,0.9998,0.0044,0.0006,0.0175,0.01,0.00,0.038,0.5,96022.0,0.00,0.000,0.000,2
152479,-0.003,0.000,1.001,-0.122,-0.122,-0.061,8.862,240.450,105.077,0.9998,0.0044,-0.0028,0.0174,0.01,0.00,0.009,0.6,96024.1,0.00,0.000,0.000,2
152679,-0.000,-0.000,1.001,-0.183,-0.061,0.061,8.862,240.450,105.077,0.9998,0.0044,-0.0003,0.0172,0.01,0.00,0.009,0.5,96018.4,0.00,0.000,0.000,2
152879,-0.002,-0.000,1.000,-0.122,-0.122,0.000,8.862,240.450,105.077,0.9998,0.0044,-0.0013,0.0170,0.01,-0.00,-0.000,0.5,96016.9,0.00,0.000,0.000,2
153079,-0.001,-0.001,1.001,-0.061,0.000,0.061,8.862,240.450,105.077,0.9998,0.0038,-0.0015,0.0171,0.01,0.00,0.014,0.5,96022.5,0.00,0.000,0.000,2
153279,-0.001,-0.001,1.000,0.061,-0.061,0.000,8.862,240.450,105.077,0.9998,0.0035,-0.0022,0.0171,0.01,-0.00,-0.000,0.5,96020.5,0.00,0.000,0.000,2
153479,-0.001,0.000,1.001,-0.061,-0.061,0.061,8.862,240.450,105.077,0.9998,0.0032,0.0002,0.0175,0.01,0.00,0.009,0.4,96020.5,0.00,0.000,0.000,2
153679,-0.001,-0.001,1.002,-0.122,0.000,0.000,8.862,240.450,105.077,0.9998,0.0034,0.0005,0.0174,0.01,0.00,0.024,0.4,96020.4,0.00,0.000,0.000,2
153879,-0.002,-0.000,1.001,-0.122,0.000,0.061,8.862,240.450,105.077,0.9998,0.0033,0.0008,0.0174,0.01,0.00,0.014,0.4,96021.9,0.00,0.000,0.000,2
154079,-0.002,-0.001,1.002,-0.061,0.183,0.061,8.862,240.450,105.077,0.9998,0.0029,-0.0014,0.0172,0.01,0.00,0.019,0.4,96022.7,0.00,0.000,0.000,2
154279,-0.001,0.000,0.999,-0.183,-0.061,0.061,8.862,240.450,105.077,0.9998,0.0027,-0.0014,0.0175,0.01,-0.00,-0.015,0.4,96021.3,0.00,0.000,0.000,2
154479,-0.002,-0.001,1.001,-0.061,0.000,0.061,8.862,240.450,105.077,0.9998,0.0025,-0.0011,0.0173,0.01,0.00,0.009,0.3,96021.9,0.00,0.000,0.000,2
154679,-0.000,0.001,0.999,-0.122,0.000,0.061,8.862,240.450,105.077,0.9998,0.0020,0.0001,0.0183,0.01,-0.00,-0.014,0.2,96022.5,0.00,0.000,0.000,2
154879,-0.003,0.000,1.002,-0.061,0.000,0.122,8.862,240.450,105.077,0.9998,0.0021,-0.0012,0.0176,0.01,0.00,0.019,0.3,96023.4,0.00,0.000,0.000,2
155079,-0.000,0.000,0.999,-0.122,-0.061,0.000,8.862,240.450,105.077,0.9998,0.0024,-0.0010,0.0178,0.01,-0.00,-0.010,0.3,96019.9,0.00,0.000,0.000,2
155279,-0.002,-0.001,1.002,-0.061,0.000,-0.061,8.862,240.450,105.077,0.9998,0.0019,-0.0021,0.0174,0.01,0.00,0.019,0.3,96022.5,0.00,0.000,0.000,2
155479,-0.001,-0.001,0.998,-0.061,-0.061,0.061,8.862,240.450,105.077,0.9998,0.0014,-0.0007,0.0178,0.01,-0.00,-0.024,0.2,96026.8,0.00,0.000,0.000,2
155679,-0.003,0.000,1.002,-0.061,-0.061,0.122,8.862,240.450,105.077,0.9998,0.0016,-0.0018,0.0181,0.01,0.00,0.019,0.3,96022.5,0.00,0.000,0.000,2
155879,-0.001,-0.002,1.000,-0.061,-0.061,0.061,8.862,240.450,105.077,0.9998,0.0016,-0.0006,0.0177,0.01,0.00,0.005,0.2,96015.5,0.00,0.000,0.000,2
156079,-0.001,-0.001,1.000,-0.122,0.000,0.000,8.862,240.450,105.077,0.9998,0.0015,0.0007,0.0180,0.01,-0.00,-0.000,0.2,96020.6,0.00,0.000,0.000,2
156279,-0.000,-0.002,1.000,-0.122,-0.061,0.122,8.862,240.450,105.077,0.9998,0.0020,-0.0002,0.0184,0.01,0.00,0.005,0.2,96020.4,0.00,0.000,0.000,2
156479,-0.001,0.000,0.999,-0.061,0.000,0.000,8.862,240.450,105.077,0.9998,0.0017,-0.0001,0.0179,0.01,-0.00,-0.014,0.2,96017.6,0.00,0.000,0.000,2
156679,-0.001,0.000,0.999,-0.061,-0.122,0.183,8.862,240.450,105.077,0.9998,0.0017,-0.0003,0.0182,0.01,-0.00,-0.014,0.2,96017.6,0.00,0.000,0.000,2
156879,-0.001,-0.002,1.000,-0.061,-0.061,0.000,8.862,240.450,105.077,0.9998,0.0019,-0.0004,0.0174,0.01,-0.00,-0.005,0.2,96023.4,0.00,0.000,0.000,2
157079,-0.003,0.002,1.001,-0.122,-0.122,0.061,8.862,240.450,105.077,0.9998,0.0022,-0.0014,0.0179,0.01,0.00,0.014,0.3,96024.6,0.00,0.000,0.000,2
157279,-0.002,0.000,0.998,-0.122,-0.061,0.000,8.862,240.450,105.077,0.9998,0.0020,-0.0015,0.0179,0.01,-0.00,-0.019,0.3,96018.3,0.00,0.000,0.000,2
157479,0.001,-0.002,1.001,0.000,-0.061,0.061,8.862,240.450,105.077,0.9998,0.0014,0.0012,0.0176,0.01,0.00,0.009,0.2,96023.4,0.00,0.000,0.000,2
157679,-0.002,0.001,1.000,0.000,-0.122,0.122,8.862,240.450,105.077,0.9998,0.0024,-0.0007,0.0176,0.01,-0.00,-0.005,0.3,96023.2,0.00,0.000,0.000,2
157879,-0.001,-0.001,1.000,0.000,0.061,0.061,8.862,240.450,105.077,0.9998,0.0023,-0.0000,0.0176,0.01,-0.00,-0.000,0.3,96022.4,0.00,0.000,0.000,2
158079,-0.003,0.000,1.001,-0.061,-0.061,0.061,8.862,240.450,105.077,0.9998,0.0023,-0.0022,0.0175,0.01,0.00,0.014,0.4,96020.5,0.00,0.000,0.000,2
158279,-0.002,0.000,0.999,-0.122,-0.122,0.061,8.862,240.450,105.077,0.9998,0.0022,-0.0015,0.0179,0.01,-0.00,-0.010,0.3,96023.2,0.00,0.000,0.000,2
158479,-0.002,-0.001,0.999,-0.122,0.061,0.000,8.862,240.450,105.077,0.9998,0.0018,0.0003,0.0178,0.01,-0.00,-0.010,0.2,96020.5,0.00,0.000,0.000,2
158679,-0.001,-0.001,1.001,-0.061,-0.061,0.000,8.862,240.450,105.077,0.9998,-0.0010,0.0017,0.0186,0.01,0.00,0.009,0.2,96021.2,0.00,0.000,0.000,2
158879,-0.001,0.000,1.000,-0.061,0.000,0.061,8.862,240.450,105.077,0.9998,0.0020,-0.0000,0.0177,0.01,0.00,0.005,0.2,96021.1,0.00,0.000,0.000,2
159079,-0.002,-0.000,0.997,0.000,0.061,0.122,17.725,241.809,136.316,0.9993,-0.0031,0.0047,0.0373,0.01,-0.00,-0.030,0.6,96023.3,0.00,0.000,0.000,2
159279,-0.002,0.000,1.003,-0.122,0.061,0.000,17.725,241.809,136.316,0.9992,-0.0062,-0.0013,0.0383,0.01,0.00,0.028,0.7,96022.7,0.00,0.000,0.000,2
159479,-0.003,-0.001,0.996,-0.122,-0.061,0.061,17.725,241.809,136.316,0.9993,-0.0060,-0.0023,0.0379,0.01,-0.00,-0.039,0.7,96020.4,0.00,0.000,0.000,2
159679,0.000,-0.002,1.000,-0.061,-0.183,0.061,17.725,241.809,136.316,0.9993,-0.0061,0.0003,0.0375,0.01,0.00,0.004,0.7,96021.8,0.00,0.000,0.000,2
159879,0.000,-0.001,0.999,-0.122,-0.061,0.122,17.725,241.809,136.316,0.9993,-0.0055,0.0014,0.0377,0.01,-0.00,-0.015,0.6,96021.3,0.00,0.000,0.000,2
160079,-0.001,-0.001,1.000,0.000,0.061,0.061,17.725,241.809,136.316,0.9993,-0.0050,0.0015,0.0376,0.01,-0.00,-0.005,0.6,96030.4,0.00,0.000,0.000,2
160279,0.000,0.001,1.000,-0.061,0.000,0.000,17.725,241.809,136.316,0.9993,-0.0054,0.0001,0.0383,0.01,-0.00,-0.005,0.6,96025.4,0.00,0.000,0.000,2
160479,-0.002,-0.002,1.002,-0.061,-0.122,0.000,17.725,241.809,136.316,0.9993,-0.0053,-0.0021,0.0376,0.01,0.00,0.019,0.7,96021.1,0.00,0.000,0.000,2
160679,-0.002,0.001,1.000,-0.061,-0.183,0.061,17.725,241.809,136.316,0.9992,-0.0047,-0.0023,0.0384,0.01,-0.00,-0.005,0.6,96021.8,0.00,0.000,0.000,2
160879,0.000,-0.000,1.005,-0.122,-0.122,0.061,17.725,241.809,136.316,0.9993,-0.0044,0.0003,0.0378,0.01,0.00,0.052,0.5,96025.3,0.00,0.000,0.000,2
161079,-0.000,-0.000,0.997,-0.122,-0.122,0.061,17.725,241.809,136.316,0.9993,-0.0039,0.0008,0.0376,0.01,-0.00,-0.029,0.5,96026.2,0.00,0.000,0.000,2
161279,-0.001,-0.001,1.002,0.000,-0.061,-0.061,17.725,241.809,136.316,0.9993,-0.0041,-0.0000,0.0376,0.01,0.00,0.019,0.5,96021.8,0.00,0.000,0.000,2
161479,-0.003,-0.002,0.999,-0.122,0.000,0.000,17.725,241.809,136.316,0.9993,-0.0041,-0.0022,0.0373,0.01,-0.00,-0.010,0.5,96021.2,0.00,0.000,0.000,2
161679,-0.002,0.001,1.000,-0.061,0.000,0.122,17.725,241.809,136.316,0.9993,-0.0039,-0.0016,0.0377,0.01,-0.00,-0.005,0.5,96024.8,0.00,0.000,0.000,2
161879,0.000,0.000,1.000,-0.122,-0.061,0.000,17.725,241.809,136.316,0.9993,-0.0036,0.0007,0.0376,0.01,0.00,0.005,0.4,96023.4,0.00,0.000,0.000,2
162079,-0.002,0.000,1.002,-0.122,-0.061,0.000,17.725,241.809,136.316,0.9993,-0.0036,0.0006,0.0376,0.01,0.00,0.024,0.4,96022.0,0.00,0.000,0.000,2
162279,-0.002,0.000,0.997,0.000,-0.122,0.061,17.725,241.809,136.316,0.9993,-0.0036,-0.0019,0.0376,0.01,-0.00,-0.029,0.5,96026.2,0.00,0.000,0.000,2
162479,-0.001,-0.001,0.999,-0.061,-0.061,0.122,17.725,241.809,136.316,0.9993,-0.0036,-0.0012,0.0373,0.01,-0.00,-0.010,0.4,96019.1,0.00,0.000,0.000,2
162679,-0.002,-0.000,1.002,-0.061,0.122,0.061,17.725,241.809,136.316,0.9993,-0.0035,-0.0013,0.0374,0.01,0.00,0.019,0.4,96020.6,0.00,0.000,0.000,2
162879,-0.002,-0.000,0.997,-0.061,-0.061,0.061,17.725,241.809,136.316,0.9993,-0.0031,-0.0016,0.0372,0.01,-0.00,-0.029,0.4,96026.2,0.00,0.000,0.000,2
163079,0.000,-0.001,1.006,-0.061,-0.061,0.000,17.725,241.809,136.316,0.9993,-0.0029,0.0007,0.0371,0.01,0.00,0.057,0.3,96017.0,0.00,0.000,0.000,2
163279,-0.001,-0.001,1.000,-0.122,0.000,0.000,17.725,241.809,136.316,0.9993,-0.0033,0.0003,0.0375,0.01,-0.00,-0.000,0.4,96023.2,0.00,0.000,0.000,2
163479,-0.002,0.000,0.999,-0.122,0.000,0.122,17.725,241.809,136.316,0.9993,-0.0032,0.0011,0.0369,0.01,-0.00,-0.015,0.4,96019.0,0.00,0.000,0.000,2
163679,-0.001,-0.001,0.999,-0.061,0.061,0.000,7.090,249.960,124.957,0.9998,0.0025,-0.0008,0.0210,0.01,-0.00,-0.010,0.3,96027.6,0.00,0.000,0.000,2
163879,-0.003,-0.001,1.000,-0.061,0.000,0.000,7.090,249.960,124.957,0.9999,0.0030,-0.0041,0.0130,0.01,-0.00,-0.000,0.6,96026.3,0.00,0.000,0.000,2
164079,-0.001,-0.001,1.000,-0.061,-0.122,0.061,7.090,249.960,124.957,0.9999,0.0042,-0.0003,0.0126,0.01,-0.00,-0.005,0.5,96024.8,0.00,0.000,0.000,2
164279,-0.002,0.000,1.002,-0.122,-0.122,0.000,7.090,249.960,124.957,0.9999,0.0040,-0.0004,0.0129,0.01,0.00,0.024,0.5,96026.2,0.00,0.000,0.000,2
164479,-0.002,0.001,1.001,-0.061,-0.061,0.061,7.090,249.960,124.957,0.9999,0.0040,-0.0026,0.0133,0.01,0.00,0.014,0.5,96025.5,0.00,0.000,0.000,2
164679,-0.001,-0.001,0.998,-0.183,0.000,0.061,7.090,249.960,124.957,0.9999,0.0041,-0.0012,0.0127,0.01,-0.00,-0.020,0.5,96023.5,0.00,0.000,0.000,2
164879,-0.002,-0.001,1.000,-0.122,-0.122,0.000,7.090,249.960,124.957,0.9999,0.0037,-0.0012,0.0128,0.01,-0.00,-0.000,0.4,96028.4,0.00,0.000,0.000,2
165079,-0.001,0.000,1.002,-0.122,-0.122,0.122,7.090,249.960,124.957,0.9999,0.0038,-0.0007,0.0129,0.01,0.00,0.024,0.4,96020.6,0.00,0.000,0.000,2
165279,-0.000,-0.002,1.006,-0.122,-0.061,0.122,7.090,249.960,124.957,0.9999,0.0033,0.0005,0.0126,0.01,0.00,0.062,0.4,96024.1,0.00,0.000,0.000,2
165479,-0.003,0.000,1.000,-0.061,-0.061,0.061,7.090,249.960,124.957,0.9999,0.0028,-0.0030,0.0137,0.01,-0.00,-0.000,0.5,96018.5,0.00,0.000,0.000,2
165679,-0.001,-0.001,1.004,-0.061,-0.061,0.000,7.090,249.960,124.957,0.9999,0.0031,-0.0020,0.0129,0.01,0.00,0.038,0.4,96019.9,0.00,0.000,0.000,2
165879,-0.000,-0.001,1.000,0.000,-0.061,0.000,7.090,249.960,124.957,0.9999,0.0034,-0.0000,0.0130,0.01,0.00,0.004,0.4,96023.4,0.00,0.000,0.000,2
166079,-0.003,0.000,1.001,-0.122,-0.061,0.061,7.090,233.658,119.277,0.9999,0.0031,-0.0025,0.0143,0.01,0.00,0.014,0.5,96019.2,0.00,0.000,0.000,2
166279,-0.001,-0.002,1.001,-0.122,-0.061,0.061,7.090,233.658,119.277,0.9999,0.0029,-0.0007,0.0135,0.01,0.00,0.014,0.3,96023.4,0.00,0.000,0.000,2
166479,-0.002,-0.002,1.001,-0.122,0.061,0.061,7.090,233.658,119.277,0.9999,0.0022,-0.0034,0.0140,0.01,0.00,0.009,0.5,96022.8,0.00,0.000,0.000,2
166679,-0.003,0.000,0.998,-0.122,0.000,0.122,7.090,233.658,119.277,0.9999,0.0028,-0.0014,0.0142,0.01,-0.00,-0.019,0.4,96019.2,0.00,0.000,0.000,2
166879,-0.002,-0.000,1.002,0.000,0.000,0.061,7.090,233.658,119.277,0.9999,0.0027,-0.0007,0.0141,0.01,0.00,0.019,0.3,96024.8,0.00,0.000,0.000,2
167079,-0.003,-0.001,1.001,-0.122,-0.061,0.061,7.090,233.658,119.277,0.9999,0.0029,-0.0010,0.0140,0.01,0.00,0.009,0.4,96024.8,0.00,0.000,0.000,2
167279,-0.004,-0.001,1.001,-0.061,-0.122,0.000,7.090,233.658,119.277,0.9999,0.0024,-0.0025,0.0142,0.01,0.00,0.014,0.4,96024.8,0.00,0.000,0.000,2
167479,-0.004,-0.001,1.003,-0.061,0.000,0.061,7.090,233.658,119.277,0.9999,0.0027,-0.0027,0.0140,0.01,0.00,0.033,0.4,96023.4,0.00,0.000,0.000,2
167679,0.000,-0.000,1.001,-0.061,0.061,0.122,7.090,233.658,119.277,0.9999,0.0030,0.0007,0.0141,0.01,0.00,0.009,0.3,96020.6,0.00,0.000,0.000,2
167879,-0.001,-0.000,1.000,-0.061,-0.061,0.061,7.090,233.658,119.277,0.9999,0.0034,-0.0002,0.0140,0.01,-0.00,-0.005,0.4,96022.7,0.00,0.000,0.000,2
168079,-0.001,0.000,1.000,-0.183,-0.122,0.122,7.090,233.658,119.277,0.9999,0.0034,-0.0012,0.0143,0.01,-0.00,-0.005,0.4,96021.3,0.00,0.000,0.000,2
168279,-0.001,-0.002,0.999,0.000,0.000,0.061,7.090,233.658,119.277,0.9999,0.0024,0.0012,0.0141,0.01,-0.00,-0.015,0.3,96022.8,0.00,0.000,0.000,2
168479,-0.003,-0.002,1.001,-0.061,0.000,-0.061,19.497,243.167,122.117,0.9992,-0.0061,0.0019,0.0407,0.01,0.00,0.009,0.7,96022.7,0.00,0.000,0.000,2
168679,-0.003,-0.001,0.998,0.000,-0.122,0.000,19.497,243.167,122.117,0.9991,-0.0056,-0.0040,0.0412,0.01,-0.00,-0.020,0.8,96019.3,0.00,0.000,0.000,2
168879,-0.003,-0.001,1.000,-0.061,-0.061,0.000,19.497,243.167,122.117,0.9991,-0.0055,-0.0031,0.0412,0.01,-0.00,-0.001,0.7,96022.2,0.00,0.000,0.000,2
169079,-0.004,-0.001,1.000,-0.122,-0.061,0.000,19.497,243.167,122.117,0.9991,-0.0049,-0.0038,0.0409,0.01,0.00,0.004,0.7,96027.1,0.00,0.000,0.000,2
169279,-0.001,-0.001,1.003,-0.061,-0.061,0.061,19.497,243.167,122.117,0.9992,-0.0050,0.0001,0.0409,0.01,0.00,0.028,0.6,96022.9,0.00,0.000,0.000,2
169479,-0.001,-0.001,1.000,0.000,-0.061,0.061,19.497,243.167,122.117,0.9991,-0.0050,-0.0004,0.0411,0.01,-0.00,-0.005,0.6,96022.1,0.00,0.000,0.000,2
169679,-0.000,-0.001,1.001,-0.122,0.000,0.061,19.497,243.167,122.117,0.9992,-0.0049,-0.0002,0.0408,0.01,0.00,0.014,0.6,96027.0,0.00,0.000,0.000,2
169879,-0.000,-0.001,1.000,-0.122,-0.061,0.000,19.497,243.167,122.117,0.9992,-0.0045,0.0003,0.0409,0.01,0.00,0.005,0.5,96024.1,0.00,0.000,0.000,2
170079,-0.001,-0.002,1.000,-0.061,0.000,-0.061,19.497,243.167,122.117,0.9992,-0.0041,0.0000,0.0408,0.01,-0.00,-0.000,0.5,96023.5,0.00,0.000,0.000,2
170279,-0.004,-0.000,1.000,-0.122,-0.061,0.061,19.497,243.167,122.117,0.9992,-0.0033,-0.0029,0.0407,0.00,-0.00,-0.000,0.5,96022.2,0.00,0.000,0.000,2
170479,-0.002,-0.000,1.000,0.000,-0.061,0.000,19.497,243.167,122.117,0.9992,-0.0034,-0.0021,0.0410,0.00,0.00,0.005,0.5,96024.3,0.00,0.000,0.000,2
170679,0.000,-0.001,1.000,0.000,-0.061,0.000,12.407,243.167,133.476,0.9996,-0.0022,0.0010,0.0273,0.00,0.00,0.005,0.3,96026.3,0.00,0.000,0.000,2
170879,-0.001,-0.001,1.000,-0.061,0.000,0.000,12.407,243.167,133.476,0.9997,-0.0030,-0.0000,0.0261,0.00,0.00,0.005,0.3,96020.8,0.00,0.000,0.000,2
171079,-0.002,-0.002,1.003,-0.061,-0.061,0.000,12.407,243.167,133.476,0.9997,-0.0030,-0.0024,0.0253,0.00,0.00,0.029,0.4,96029.2,0.00,0.000,0.000,2
171279,-0.001,-0.001,1.004,-0.061,-0.122,0.000,12.407,243.167,133.476,0.9997,-0.0031,-0.0007,0.0263,0.00,0.00,0.038,0.4,96022.9,0.00,0.000,0.000,2
171479,0.000,0.000,1.001,-0.122,-0.122,0.000,12.407,243.167,133.476,0.9997,-0.0027,0.0006,0.0261,0.00,0.00,0.014,0.3,96025.6,0.00,0.000,0.000,2
171679,-0.002,-0.001,0.999,0.000,-0.061,0.061,12.407,243.167,133.476,0.9997,-0.0031,-0.0012,0.0259,0.00,-0.00,-0.014,0.4,96026.3,0.00,0.000,0.000,2
171879,-0.001,-0.001,1.001,-0.122,0.000,0.000,12.407,243.167,133.476,0.9997,-0.0034,-0.0007,0.0260,0.00,0.00,0.009,0.4,96027.8,0.00,0.000,0.000,2
172079,-0.002,-0.001,1.003,-0.061,-0.061,0.061,12.407,243.167,133.476,0.9997,-0.0030,-0.0010,0.0263,0.00,0.00,0.033,0.4,96027.7,0.00,0.000,0.000,2
172279,-0.001,-0.001,1.000,0.000,-0.061,0.122,12.407,243.167,133.476,0.9997,-0.0030,-0.0007,0.0259,0.00,-0.00,-0.000,0.4,96026.3,0.00,0.000,0.000,2
172479,0.000,0.000,1.000,-0.061,-0.061,0.000,12.407,243.167,133.476,0.9997,-0.0033,-0.0001,0.0260,0.00,0.00,0.005,0.4,96025.0,0.00,0.000,0.000,2
172679,-0.002,-0.001,1.004,0.000,-0.061,0.061,12.407,243.167,133.476,0.9997,-0.0034,-0.0009,0.0262,0.00,0.00,0.038,0.4,96023.5,0.00,0.000,0.000,2
172879,-0.003,-0.001,1.002,-0.122,0.000,0.000,12.407,243.167,133.476,0.9997,-0.0029,-0.0023,0.0260,0.00,0.00,0.019,0.4,96024.3,0.00,0.000,0.000,2
173079,-0.002,0.000,1.000,0.000,0.000,0.000,14.180,258.111,113.597,0.9996,-0.0027,-0.0015,0.0282,0.00,0.00,0.005,0.4,96022.8,0.00,0.000,0.000,2
173279,-0.001,0.000,0.999,-0.061,0.000,-0.061,14.180,258.111,113.597,0.9996,-0.0028,-0.0018,0.0281,0.00,-0.00,-0.015,0.4,96022.2,0.00,0.000,0.000,2
173479,-0.001,0.000,1.000,-0.122,-0.183,0.000,14.180,258.111,113.597,0.9996,-0.0029,-0.0016,0.0273,0.00,-0.00,-0.005,0.4,96025.8,0.00,0.000,0.000,2
173679,-0.000,-0.002,1.000,-0.122,0.000,0.061,14.180,258.111,113.597,0.9996,-0.0030,0.0001,0.0279,0.00,0.00,0.005,0.3,96021.5,0.00,0.000,0.000,2
173879,-0.004,-0.001,1.000,-0.061,0.000,0.122,14.180,258.111,113.597,0.9996,-0.0033,-0.0021,0.0283,0.00,0.00,0.005,0.5,96024.3,0.00,0.000,0.000,2
174079,-0.002,0.000,1.000,-0.122,-0.122,0.061,14.180,258.111,113.597,0.9996,-0.0034,-0.0015,0.0282,0.00,-0.00,-0.000,0.4,96024.3,0.00,0.000,0.000,2
174279,-0.004,-0.002,0.999,0.000,0.000,0.122,14.180,258.111,113.597,0.9996,-0.0040,-0.0008,0.0281,0.00,-0.00,-0.010,0.5,96023.6,0.00,0.000,0.000,2
174479,0.000,-0.001,1.000,-0.061,-0.183,0.000,14.180,258.111,113.597,0.9996,-0.0034,0.0009,0.0282,0.00,0.00,0.005,0.4,96025.7,0.00,0.000,0.000,2
174679,-0.001,0.000,1.000,-0.061,0.000,0.061,14.180,258.111,113.597,0.9996,-0.0030,0.0014,0.0282,0.00,0.00,0.005,0.4,96026.5,0.00,0.000,0.000,2
174879,-0.000,-0.001,1.001,-0.061,-0.122,0.000,14.180,258.111,113.597,0.9996,-0.0037,0.0004,0.0281,0.00,0.00,0.009,0.4,96025.6,0.00,0.000,0.000,2
175079,-0.001,0.000,1.003,-0.183,-0.122,0.061,14.180,258.111,113.597,0.9996,-0.0035,0.0009,0.0284,0.00,0.00,0.028,0.4,96022.8,0.00,0.000,0.000,2
175279,-0.003,-0.001,1.001,-0.122,0.000,0.000,14.180,258.111,113.597,0.9996,-0.0036,-0.0019,0.0281,0.00,0.00,0.014,0.5,96024.2,0.00,0.000,0.000,2
175479,-0.001,-0.000,0.999,0.000,0.000,0.122,14.180,258.111,113.597,0.9996,-0.0036,-0.0001,0.0284,0.00,-0.00,-0.010,0.4,96024.2,0.00,0.000,0.000,2
175679,-0.002,-0.000,0.998,-0.061,0.061,0.000,14.180,258.111,113.597,0.9996,-0.0032,-0.0019,0.0283,0.00,-0.00,-0.019,0.4,96022.2,0.00,0.000,0.000,2
175879,-0.001,-0.000,0.999,-0.061,-0.061,0.061,14.180,258.111,113.597,0.9996,-0.0032,-0.0009,0.0284,0.00,-0.00,-0.010,0.4,96020.7,0.00,0.000,0.000,2
176079,-0.001,-0.001,0.998,-0.061,0.000,0.061,14.180,258.111,113.597,0.9996,-0.0036,-0.0012,0.0282,0.00,-0.00,-0.024,0.4,96023.5,0.00,0.000,0.000,2
176279,0.000,0.001,1.000,-0.061,-0.061,0.122,14.180,258.111,113.597,0.9996,-0.0033,-0.0010,0.0286,0.00,-0.00,-0.005,0.4,96023.6,0.00,0.000,0.000,2
176479,-0.003,-0.000,1.003,-0.061,0.000,0.000,14.180,258.111,113.597,0.9996,-0.0033,-0.0013,0.0283,0.00,0.00,0.029,0.4,96024.2,0.00,0.000,0.000,2
176679,0.000,0.001,1.005,-0.122,-0.061,0.000,14.180,258.111,113.597,0.9996,-0.0025,0.0013,0.0284,0.00,0.00,0.048,0.3,96021.5,0.00,0.000,0.000,2
176879,0.000,-0.001,1.001,-0.061,0.000,0.061,14.180,258.111,113.597,0.9996,-0.0036,-0.0005,0.0278,0.00,0.00,0.009,0.4,96022.2,0.00,0.000,0.000,2
177079,-0.002,-0.002,0.999,0.000,0.000,0.061,14.180,258.111,113.597,0.9996,-0.0032,-0.0010,0.0279,0.00,-0.00,-0.010,0.4,96024.3,0.00,0.000,0.000,2
177279,-0.001,-0.001,1.000,-0.061,-0.061,0.061,14.180,258.111,113.597,0.9996,-0.0026,-0.0006,0.0282,0.00,-0.00,-0.005,0.3,96029.2,0.00,0.000,0.000,2
177479,-0.002,-0.001,1.000,-0.061,-0.122,0.122,14.180,258.111,113.597,0.9996,-0.0011,-0.0034,0.0272,0.00,-0.00,-0.005,0.4,96028.5,0.00,0.000,0.000,2
177679,-0.001,0.000,0.998,-0.122,-0.061,0.122,14.180,258.111,113.597,0.9996,-0.0032,-0.0010,0.0279,0.00,-0.00,-0.019,0.4,96027.8,0.00,0.000,0.000,2
177879,-0.001,-0.000,0.999,0.061,-0.061,0.000,14.180,258.111,113.597,0.9996,-0.0036,-0.0002,0.0284,0.00,-0.00,-0.015,0.4,96025.7,0.00,0.000,0.000,2
178079,0.000,-0.001,1.000,-0.061,-0.122,0.061,14.180,258.111,113.597,0.9996,-0.0039,-0.0006,0.0279,0.00,-0.00,-0.000,0.4,96024.3,0.00,0.000,0.000,2
178279,0.000,-0.000,1.002,-0.061,-0.061,0.000,14.180,258.111,113.597,0.9996,-0.0037,0.0001,0.0281,0.00,0.00,0.019,0.4,96025.0,0.00,0.000,0.000,2
178479,0.000,0.000,1.002,0.000,0.061,0.000,14.180,258.111,113.597,0.9996,-0.0036,0.0010,0.0282,0.00,0.00,0.019,0.4,96026.6,0.00,0.000,0.000,2
178679,-0.001,-0.000,0.999,-0.061,-0.061,0.061,14.180,258.111,113.597,0.9996,-0.0038,-0.0003,0.0282,0.00,-0.00,-0.010,0.4,96021.5,0.00,0.000,0.000,2
178879,-0.003,-0.001,1.001,0.000,-0.061,0.061,14.180,258.111,113.597,0.9996,-0.0037,-0.0016,0.0283,0.00,0.00,0.009,0.5,96025.0,0.00,0.000,0.000,2
179079,-0.000,-0.002,1.003,0.061,0.000,0.000,14.180,258.111,113.597,0.9996,-0.0037,-0.0008,0.0280,0.00,0.00,0.029,0.4,96022.2,0.00,0.000,0.000,2
179279,0.000,0.000,1.000,0.000,-0.061,0.000,14.180,258.111,113.597,0.9996,-0.0030,0.0007,0.0281,0.00,-0.00,-0.005,0.4,96022.2,0.00,0.000,0.000,2
179479,-0.003,-0.001,1.000,-0.061,-0.061,0.061,14.180,258.111,113.597,0.9996,-0.0033,-0.0010,0.0281,0.00,-0.00,-0.000,0.4,96021.5,0.00,0.000,0.000,2
179679,-0.001,-0.002,1.000,-0.122,-0.122,0.000,5.317,248.601,116.437,0.9999,-0.0063,-0.0022,0.0116,0.00,0.00,0.004,0.8,96024.3,0.00,0.000,0.000,2
179879,0.000,-0.000,1.001,-0.122,0.000,0.000,5.317,248.601,116.437,0.9999,-0.0062,-0.0001,0.0121,0.00,0.00,0.014,0.7,96026.4,0.00,0.000,0.000,2
180079,-0.001,0.000,1.000,-0.122,-0.122,-0.061,14.180,247.243,107.917,0.9996,0.0026,0.0014,0.0279,0.00,-0.00,-0.005,0.3,96024.4,0.00,0.000,0.000,2
180279,-0.002,-0.001,0.999,-0.061,0.000,0.061,14.180,247.243,107.917,0.9996,0.0031,-0.0002,0.0275,0.00,-0.00,-0.015,0.4,96022.9,0.00,0.000,0.000,2
180479,-0.001,-0.001,0.997,-0.061,-0.061,0.061,14.180,247.243,107.917,0.9996,0.0031,-0.0004,0.0277,0.00,-0.00,-0.034,0.4,96026.4,0.00,0.000,0.000,2
180679,-0.002,-0.002,1.002,-0.061,-0.061,0.061,14.180,247.243,107.917,0.9996,0.0030,-0.0013,0.0272,0.00,0.00,0.019,0.4,96023.6,0.00,0.000,0.000,2
180879,-0.001,-0.001,1.000,0.122,-0.061,0.061,14.180,247.243,107.917,0.9996,0.0028,-0.0014,0.0275,0.00,0.00,0.005,0.4,96022.2,0.00,0.000,0.000,2
181079,-0.001,0.000,0.999,0.000,-0.183,0.122,14.180,247.243,107.917,0.9996,0.0027,-0.0007,0.0278,0.00,-0.00,-0.010,0.3,96023.8,0.00,0.000,0.000,2
181279,-0.002,-0.001,1.000,-0.061,-0.122,0.000,14.180,247.243,107.917,0.9996,0.0024,-0.0012,0.0277,0.00,-0.00,-0.000,0.3,96018.7,0.00,0.000,0.000,2
181479,-0.001,-0.001,1.000,-0.061,-0.122,0.061,14.180,247.243,107.917,0.9996,0.0021,-0.0017,0.0276,0.00,0.00,0.005,0.3,96023.0,0.00,0.000,0.000,2
181679,-0.000,0.000,1.002,-0.061,-0.122,0.061,14.180,247.243,107.917,0.9996,0.0021,0.0000,0.0282,0.00,0.00,0.019,0.2,96024.4,0.00,0.000,0.000,2
181879,-0.000,-0.001,1.000,-0.183,0.000,0.000,14.180,247.243,107.917,0.9996,0.0025,0.0003,0.0280,0.00,-0.00,-0.000,0.3,96021.6,0.00,0.000,0.000,2
182079,-0.002,0.000,1.002,-0.122,0.000,0.000,14.180,247.243,107.917,0.9996,0.0030,-0.0009,0.0284,0.00,0.00,0.019,0.4,96025.7,0.00,0.000,0.000,2
182279,-0.002,-0.002,1.002,-0.122,-0.122,0.061,26.587,243.167,110.757,0.9984,-0.0013,-0.0023,0.0562,0.00,0.00,0.024,0.3,96022.3,0.00,0.000,0.000,2
182479,-0.000,-0.001,1.001,-0.061,-0.122,-0.061,26.587,243.167,110.757,0.9985,-0.0035,-0.0001,0.0551,0.00,0.00,0.014,0.4,96021.5,0.00,0.000,0.000,2
182679,-0.003,0.000,1.001,-0.061,-0.061,0.122,26.587,243.167,110.757,0.9985,-0.0032,-0.0021,0.0553,0.00,0.00,0.009,0.4,96020.1,0.00,0.000,0.000,2
182879,-0.000,-0.001,0.997,-0.061,-0.061,0.061,26.587,243.167,110.757,0.9985,-0.0034,0.0003,0.0551,0.00,-0.00,-0.029,0.4,96024.5,0.00,0.000,0.000,2
183079,-0.001,-0.002,1.000,-0.061,-0.061,0.122,26.587,243.167,110.757,0.9985,-0.0037,-0.0002,0.0547,0.00,-0.00,-0.000,0.4,96023.8,0.00,0.000,0.000,2
183279,-0.000,-0.001,0.999,-0.061,-0.122,0.061,26.587,243.167,110.757,0.9985,-0.0034,0.0000,0.0551,0.00,-0.00,-0.015,0.4,96021.5,0.00,0.000,0.000,2
183479,-0.003,0.000,1.005,-0.061,-0.061,0.061,26.587,243.167,110.757,0.9985,-0.0035,-0.0026,0.0555,0.01,0.00,0.048,0.5,96021.5,0.00,0.000,0.000,2
183679,-0.003,0.000,0.999,-0.061,0.122,0.122,26.587,243.167,110.757,0.9984,-0.0041,-0.0016,0.0555,0.01,-0.00,-0.015,0.5,96020.1,0.00,0.000,0.000,2
183879,-0.001,-0.001,0.999,-0.061,-0.122,0.000,26.587,243.167,110.757,0.9985,-0.0041,0.0002,0.0554,0.01,-0.00,-0.010,0.5,96021.7,0.00,0.000,0.000,2
184079,-0.002,-0.001,0.998,-0.183,-0.061,0.061,26.587,243.167,110.757,0.9985,-0.0038,0.0008,0.0553,0.01,-0.00,-0.019,0.4,96020.1,0.00,0.000,0.000,2
184279,-0.000,-0.000,1.000,-0.122,-0.061,0.000,26.587,243.167,110.757,0.9985,-0.0039,0.0007,0.0553,0.01,-0.00,-0.000,0.5,96020.9,0.00,0.000,0.000,2
184479,-0.001,-0.002,1.001,-0.061,-0.061,0.122,26.587,243.167,110.757,0.9985,-0.0043,-0.0001,0.0550,0.01,0.00,0.009,0.5,96024.3,0.00,0.000,0.000,2
184679,-0.001,-0.002,0.998,-0.122,0.000,0.061,7.090,249.960,124.957,0.9999,-0.0059,-0.0021,0.0150,0.01,-0.00,-0.020,0.7,96020.9,0.00,0.000,0.000,2
184879,-0.002,-0.000,1.001,0.000,0.000,0.061,7.090,249.960,124.957,0.9999,-0.0059,-0.0017,0.0155,0.01,0.00,0.009,0.7,96022.9,0.00,0.000,0.000,2
185079,-0.003,-0.001,1.000,-0.061,-0.122,0.061,7.090,249.960,124.957,0.9999,-0.0053,-0.0029,0.0152,0.01,-0.00,-0.005,0.7,96022.9,0.00,0.000,0.000,2
185279,-0.002,-0.001,1.003,-0.061,0.061,0.000,7.090,249.960,124.957,0.9999,-0.0051,-0.0019,0.0153,0.01,0.00,0.033,0.6,96023.6,0.00,0.000,0.000,2
185479,-0.002,-0.000,0.998,-0.183,-0.061,0.061,7.090,249.960,124.957,0.9999,-0.0048,-0.0005,0.0153,0.01,-0.00,-0.024,0.5,96027.1,0.00,0.000,0.000,2
185679,-0.002,0.000,1.001,-0.061,0.061,0.122,7.090,249.960,124.957,0.9999,-0.0045,-0.0011,0.0152,0.01,0.00,0.009,0.5,96023.5,0.00,0.000,0.000,2
185879,-0.001,0.000,1.000,0.000,-0.061,0.122,7.090,249.960,124.957,0.9999,-0.0041,-0.0004,0.0151,0.01,-0.00,-0.000,0.5,96022.9,0.00,0.000,0.000,2
186079,-0.002,-0.002,0.999,0.000,-0.061,0.061,7.090,249.960,124.957,0.9999,-0.0044,-0.0010,0.0148,0.01,-0.00,-0.015,0.5,96023.6,0.00,0.000,0.000,2
186279,-0.001,0.000,0.999,0.000,0.000,0.122,7.090,249.960,124.957,0.9999,0.0007,0.0024,0.0137,0.01,-0.00,-0.010,0.3,96025.8,0.00,0.000,0.000,2
186479,-0.003,0.000,1.000,-0.061,-0.061,0.122,7.090,249.960,124.957,0.9999,0.0028,-0.0021,0.0133,0.01,-0.00,-0.000,0.4,96020.2,0.00,0.000,0.000,2
186679,-0.002,-0.001,1.002,-0.061,0.000,0.122,7.090,249.960,124.957,0.9999,0.0024,-0.0024,0.0131,0.01,0.00,0.019,0.4,96024.3,0.00,0.000,0.000,2
186879,-0.002,-0.001,1.000,-0.122,-0.122,0.061,7.090,249.960,124.957,0.9999,0.0024,-0.0022,0.0131,0.00,-0.00,-0.005,0.4,96026.5,0.00,0.000,0.000,2
187079,-0.000,-0.001,1.002,-0.061,-0.061,0.000,3.545,247.243,124.957,1.0000,0.0027,0.0011,0.0063,0.01,0.00,0.019,0.3,96024.4,0.00,0.000,0.000,2
187279,-0.001,-0.001,0.999,0.061,0.000,0.061,3.545,247.243,124.957,1.0000,0.0032,0.0001,0.0059,0.01,-0.00,-0.015,0.4,96022.9,0.00,0.000,0.000,2
187479,0.000,-0.002,0.998,-0.122,0.000,-0.061,3.545,247.243,124.957,1.0000,0.0032,-0.0007,0.0057,0.00,-0.00,-0.024,0.4,96026.4,0.00,0.000,0.000,2
187679,-0.002,-0.000,1.001,-0.122,-0.061,0.122,3.545,247.243,124.957,1.0000,0.0029,-0.0026,0.0061,0.00,0.00,0.009,0.4,96026.4,0.00,0.000,0.000,2
187879,-0.002,-0.002,1.000,-0.122,-0.061,0.122,3.545,247.243,124.957,1.0000,0.0030,0.0001,0.0056,0.01,-0.00,-0.005,0.3,96018.7,0.00,0.000,0.000,2
188079,-0.000,-0.001,1.003,-0.183,0.000,0.000,3.545,247.243,124.957,1.0000,0.0031,0.0001,0.0061,0.01,0.00,0.033,0.4,96022.3,0.00,0.000,0.000,2
188279,-0.002,-0.001,1.003,-0.122,-0.061,0.061,3.545,247.243,124.957,1.0000,0.0030,-0.0011,0.0060,0.01,0.00,0.029,0.4,96022.3,0.00,0.000,0.000,2
188479,-0.002,-0.001,0.999,-0.122,-0.122,0.061,3.545,247.243,124.957,1.0000,0.0029,-0.0010,0.0060,0.01,-0.00,-0.015,0.3,96020.8,0.00,0.000,0.000,2
188679,-0.001,-0.002,1.001,-0.061,-0.122,0.122,3.545,247.243,124.957,1.0000,0.0030,-0.0014,0.0059,0.01,0.00,0.009,0.4,96020.1,0.00,0.000,0.000,2
188879,-0.003,-0.001,1.001,-0.061,0.000,0.000,3.545,247.243,124.957,1.0000,0.0025,-0.0028,0.0059,0.01,0.00,0.009,0.4,96022.2,0.00,0.000,0.000,2
189079,-0.002,0.000,0.998,-0.061,0.000,0.061,3.545,247.243,124.957,1.0000,0.0029,-0.0009,0.0061,0.01,-0.00,-0.019,0.3,96022.2,0.00,0.000,0.000,2
189279,-0.001,-0.001,1.000,-0.183,-0.061,0.122,19.497,248.601,127.797,0.9997,-0.0051,-0.0003,0.0221,0.01,-0.00,-0.000,0.6,96020.1,0.00,0.000,0.000,2
189479,-0.002,-0.000,1.002,0.000,-0.122,0.061,19.497,248.601,127.797,0.9993,0.0030,-0.0011,0.0383,0.01,0.00,0.024,0.4,96023.8,0.00,0.000,0.000,2
189679,-0.002,0.002,1.002,-0.061,0.061,0.122,19.497,248.601,127.797,0.9992,0.0034,-0.0007,0.0386,0.01,0.00,0.024,0.4,96023.6,0.00,0.000,0.000,2
189879,-0.001,-0.001,1.000,-0.061,0.061,0.061,19.497,248.601,127.797,0.9993,0.0033,0.0002,0.0383,0.01,-0.00,-0.005,0.4,96025.1,0.00,0.000,0.000,2
190079,-0.000,-0.001,1.001,-0.122,-0.122,0.000,19.497,248.601,127.797,0.9993,0.0032,0.0006,0.0381,0.01,0.00,0.009,0.4,96025.0,0.00,0.000,0.000,2
190279,-0.002,0.000,1.000,-0.122,-0.061,0.061,19.497,248.601,127.797,0.9993,0.0030,-0.0007,0.0385,0.01,-0.00,-0.000,0.4,96018.8,0.00,0.000,0.000,2
190479,-0.001,0.001,1.000,-0.061,0.000,0.061,19.497,248.601,127.797,0.9993,0.0026,-0.0002,0.0386,0.01,0.00,-0.000,0.3,96018.7,0.00,0.000,0.000,2
190679,-0.002,0.001,0.999,-0.061,-0.122,-0.061,19.497,248.601,127.797,0.9992,0.0027,-0.0010,0.0387,0.01,-0.00,-0.014,0.3,96018.7,0.00,0.000,0.000,2
190879,-0.002,0.001,1.000,-0.061,0.000,-0.061,19.497,248.601,127.797,0.9993,0.0027,-0.0009,0.0383,0.01,0.00,0.005,0.3,96025.8,0.00,0.000,0.000,2
191079,-0.002,-0.001,1.000,0.000,0.000,0.061,19.497,248.601,127.797,0.9993,0.0025,-0.0010,0.0378,0.01,-0.00,-0.000,0.3,96024.4,0.00,0.000,0.000,2
191279,0.000,-0.000,1.000,-0.061,0.000,0.000,19.497,248.601,127.797,0.9993,0.0032,-0.0011,0.0380,0.01,0.00,0.005,0.4,96020.7,0.00,0.000,0.000,2
191479,-0.002,0.001,1.001,-0.061,-0.061,0.122,19.497,248.601,127.797,0.9993,0.0032,-0.0007,0.0381,0.01,0.00,0.014,0.4,96020.1,0.00,0.000,0.000,2
191679,-0.003,-0.000,1.004,0.000,-0.183,0.122,7.090,239.092,102.237,0.9999,0.0021,0.0012,0.0142,0.01,0.00,0.038,0.3,96022.2,0.00,0.000,0.000,2
191879,-0.001,-0.000,1.003,-0.122,0.000,-0.061,7.090,239.092,102.237,0.9999,0.0023,0.0002,0.0138,0.01,0.00,0.029,0.3,96020.1,0.00,0.000,0.000,2
192258,-0.003,-0.001,1.000,-0.061,-0.061,0.061,8.862,237.733,133.476,0.9960,0.0833,0.0305,-0.0048,0.01,-0.00,-0.153,10.2,96020.1,0.00,0.000,0.000,2
192330,-0.003,-0.002,0.998,-0.061,0.061,0.122,8.862,237.733,133.476,0.9986,0.0496,0.0201,0.0042,0.01,-0.00,-0.078,6.1,96018.0,0.00,0.000,0.000,2
192479,-0.003,-0.000,1.003,-0.061,-0.061,0.000,28.359,258.111,119.277,0.9992,-0.0028,-0.0002,0.0391,0.01,0.00,0.029,0.3,96017.2,0.00,0.000,0.000,2
192679,-0.001,-0.002,1.001,-0.061,0.122,0.000,28.359,258.111,119.277,0.9985,-0.0031,-0.0013,0.0550,0.01,0.00,0.010,0.4,96015.2,0.00,0.000,0.000,2
192879,-0.001,0.001,0.997,-0.122,0.000,-0.061,28.359,258.111,119.277,0.9984,-0.0025,-0.0030,0.0555,0.01,-0.00,-0.029,0.5,96022.9,0.00,0.000,0.000,2
193079,-0.002,-0.002,1.002,-0.122,0.061,0.000,28.359,258.111,119.277,0.9985,-0.0036,-0.0012,0.0552,0.01,0.00,0.024,0.4,96018.7,0.00,0.000,0.000,2
193279,-0.001,-0.001,1.001,-0.061,-0.122,0.000,28.359,258.111,119.277,0.9985,-0.0035,-0.0001,0.0555,0.01,0.00,0.014,0.4,96018.6,0.00,0.000,0.000,2
193479,-0.001,-0.000,1.001,-0.183,0.000,0.061,28.359,258.111,119.277,0.9985,-0.0038,-0.0014,0.0554,0.01,0.00,0.009,0.5,96020.2,0.00,0.000,0.000,2
193679,-0.001,-0.002,0.998,-0.122,0.061,0.061,28.359,258.111,119.277,0.9985,-0.0037,-0.0003,0.0555,0.01,-0.00,-0.019,0.4,96018.7,0.00,0.000,0.000,2
193879,-0.002,0.000,1.000,-0.061,-0.061,0.061,12.407,248.601,99.397,0.9997,0.0059,0.0010,0.0235,0.01,0.00,0.004,0.7,96020.8,0.00,0.000,0.000,2
194079,0.000,-0.004,1.004,-0.061,0.122,0.061,12.407,248.601,99.397,0.9997,0.0018,0.0054,0.0224,0.01,0.00,0.038,0.7,96020.0,0.00,0.000,0.000,2
194279,-0.001,0.001,1.000,-0.061,0.000,0.061,12.407,248.601,99.397,0.9997,0.0060,0.0007,0.0237,0.01,-0.00,-0.001,0.7,96020.1,0.00,0.000,0.000,2
194479,-0.003,0.000,1.004,0.000,-0.061,0.122,12.407,248.601,99.397,0.9997,0.0058,-0.0013,0.0235,0.01,0.00,0.038,0.7,96024.5,0.00,0.000,0.000,2
194679,-0.002,-0.001,1.000,-0.061,-0.061,0.000,12.407,248.601,99.397,0.9997,0.0054,-0.0002,0.0233,0.01,0.00,0.004,0.6,96019.5,0.00,0.000,0.000,2
194879,-0.003,0.000,1.000,-0.061,0.000,0.061,12.407,248.601,99.397,0.9997,0.0052,-0.0025,0.0236,0.01,-0.00,-0.005,0.7,96016.6,0.00,0.000,0.000,2
195079,-0.002,0.000,1.002,0.000,0.000,0.061,12.407,248.601,99.397,0.9997,0.0039,-0.0038,0.0239,0.01,0.00,0.019,0.6,96024.3,0.00,0.000,0.000,2
195279,-0.003,-0.001,1.002,-0.183,-0.122,0.000,12.407,248.601,99.397,0.9997,0.0036,-0.0035,0.0236,0.01,0.00,0.024,0.6,96020.8,0.00,0.000,0.000,2
195479,-0.001,-0.000,0.999,-0.061,-0.061,0.061,12.407,248.601,99.397,0.9997,0.0036,-0.0001,0.0239,0.01,-0.00,-0.015,0.4,96022.3,0.00,0.000,0.000,2
195679,-0.002,-0.000,1.003,0.000,0.000,0.061,12.407,248.601,99.397,0.9997,0.0034,-0.0013,0.0238,0.01,0.00,0.028,0.4,96023.0,0.00,0.000,0.000,2
195879,-0.001,-0.001,0.999,0.000,0.000,0.061,12.407,248.601,99.397,0.9997,0.0031,-0.0006,0.0239,0.01,-0.00,-0.015,0.4,96021.7,0.00,0.000,0.000,2
196079,-0.001,0.000,0.999,0.000,-0.061,0.122,12.407,248.601,99.397,0.9997,0.0028,-0.0003,0.0242,0.01,-0.00,-0.010,0.3,96018.2,0.00,0.000,0.000,2
196279,-0.002,-0.000,1.000,-0.122,-0.061,0.000,12.407,248.601,99.397,0.9997,0.0029,-0.0009,0.0238,0.01,0.00,0.005,0.4,96022.9,0.00,0.000,0.000,2
196479,-0.002,-0.001,1.000,0.000,-0.122,0.061,12.407,248.601,99.397,0.9997,0.0023,0.0010,0.0243,0.01,0.00,0.005,0.3,96021.6,0.00,0.000,0.000,2
196679,-0.002,-0.001,1.001,-0.122,-0.061,0.000,12.407,248.601,99.397,0.9997,0.0027,-0.0005,0.0239,0.01,0.00,0.009,0.3,96018.1,0.00,0.000,0.000,2
196879,-0.002,0.000,1.000,-0.061,-0.061,0.061,12.407,248.601,99.397,0.9997,0.0020,-0.0003,0.0245,0.01,0.00,0.005,0.2,96022.2,0.00,0.000,0.000,2
197079,-0.005,-0.000,1.000,-0.061,0.000,0.000,12.407,248.601,99.397,0.9997,0.0019,-0.0030,0.0242,0.01,-0.00,0.000,0.4,96025.1,0.00,0.000,0.000,2
197279,-0.003,-0.000,1.002,-0.122,-0.061,0.000,12.407,248.601,99.397,0.9997,0.0022,-0.0020,0.0244,0.01,0.00,0.024,0.3,96023.8,0.00,0.000,0.000,2
197479,-0.002,0.000,0.998,-0.061,-0.122,0.122,12.407,248.601,99.397,0.9997,0.0021,-0.0007,0.0241,0.01,-0.00,-0.019,0.3,96025.8,0.00,0.000,0.000,2
197679,-0.003,0.000,1.000,0.000,0.000,0.061,12.407,248.601,99.397,0.9997,0.0024,-0.0013,0.0247,0.01,-0.00,-0.000,0.3,96025.1,0.00,0.000,0.000,2
197879,-0.003,0.001,0.997,-0.061,0.000,0.061,12.407,248.601,99.397,0.9997,0.0020,-0.0015,0.0241,0.01,-0.00,-0.034,0.3,96022.2,0.00,0.000,0.000,2
198079,-0.003,0.000,1.000,-0.061,0.000,0.061,12.407,248.601,99.397,0.9997,0.0017,-0.0021,0.0244,0.01,0.00,0.005,0.3,96020.2,0.00,0.000,0.000,2
198279,-0.002,0.000,1.002,-0.122,-0.122,0.061,12.407,248.601,99.397,0.9997,0.0019,-0.0001,0.0250,0.01,0.00,0.019,0.2,96021.7,0.00,0.000,0.000,2
198479,-0.002,-0.001,1.001,-0.122,-0.061,-0.061,12.407,248.601,99.397,0.9997,0.0019,-0.0023,0.0239,0.01,0.00,0.009,0.3,96022.3,0.00,0.000,0.000,2
198679,-0.002,0.000,1.002,-0.061,0.000,0.000,12.407,248.601,99.397,0.9997,0.0024,-0.0011,0.0242,0.01,0.00,0.024,0.3,96022.4,0.00,0.000,0.000,2
198879,-0.003,-0.002,1.000,-0.122,-0.061,0.000,12.407,248.601,99.397,0.9997,0.0025,0.0003,0.0240,0.01,-0.00,-0.005,0.3,96020.2,0.00,0.000,0.000,2
199079,-0.002,-0.000,1.000,-0.122,-0.122,0.000,12.407,248.601,99.397,0.9997,0.0026,-0.0011,0.0240,0.01,-0.00,-0.005,0.3,96016.8,0.00,0.000,0.000,2
199279,0.001,-0.000,1.001,-0.061,-0.061,0.061,12.407,248.601,99.397,0.9997,0.0018,-0.0025,0.0246,0.01,0.00,0.009,0.4,96024.5,0.00,0.000,0.000,2
199479,0.001,-0.001,1.004,0.000,-0.061,0.061,12.407,248.601,99.397,0.9997,0.0010,0.0010,0.0243,0.01,0.00,0.043,0.2,96025.1,0.00,0.000,0.000,2
199679,-0.001,0.000,1.000,-0.061,0.000,0.061,12.407,248.601,99.397,0.9997,0.0020,-0.0007,0.0244,0.01,0.00,0.005,0.2,96022.4,0.00,0.000,0.000,2
199879,-0.000,0.000,1.001,-0.061,-0.122,0.000,12.407,248.601,99.397,0.9997,0.0018,-0.0010,0.0250,0.01,0.00,0.014,0.2,96026.6,0.00,0.000,0.000,2
200079,-0.000,0.000,1.004,-0.122,-0.061,0.000,12.407,248.601,99.397,0.9997,0.0021,-0.0010,0.0251,0.01,0.00,0.038,0.3,96022.4,0.00,0.000,0.000,2
200279,-0.002,-0.002,0.998,-0.061,0.000,0.061,12.407,248.601,99.397,0.9997,0.0018,-0.0002,0.0240,0.01,-0.00,-0.024,0.2,96023.1,0.00,0.000,0.000,2
200479,-0.003,-0.000,0.998,-0.122,-0.122,-0.061,12.407,248.601,99.397,0.9997,0.0021,-0.0008,0.0242,0.01,-0.00,-0.019,0.3,96023.8,0.00,0.000,0.000,2
200679,-0.002,-0.000,1.000,-0.061,-0.122,0.000,14.180,247.243,107.917,0.9996,-0.0043,-0.0007,0.0296,0.01,0.00,0.004,0.5,96021.7,0.00,0.000,0.000,2
200879,-0.002,0.000,0.999,0.000,-0.061,0.061,14.180,247.243,107.917,0.9995,-0.0043,-0.0002,0.0297,0.01,-0.00,-0.015,0.5,96018.2,0.00,0.000,0.000,2
201079,-0.002,0.000,1.002,-0.122,-0.061,0.122,14.180,247.243,107.917,0.9996,-0.0032,0.0015,0.0297,0.01,0.00,0.019,0.4,96028.0,0.00,0.000,0.000,2
201279,-0.002,0.000,1.000,-0.061,0.000,0.000,14.180,247.243,107.917,0.9996,-0.0029,-0.0024,0.0294,0.01,0.00,0.005,0.4,96021.0,0.00,0.000,0.000,2
201479,-0.001,-0.001,0.999,0.000,-0.061,0.000,14.180,247.243,107.917,0.9996,-0.0030,-0.0009,0.0283,0.01,-0.00,-0.010,0.4,96026.6,0.00,0.000,0.000,2
201679,0.000,-0.000,1.001,-0.122,-0.061,0.061,14.180,247.243,107.917,0.9996,-0.0032,-0.0006,0.0292,0.01,0.00,0.014,0.4,96022.5,0.00,0.000,0.000,2
201879,-0.003,-0.003,0.998,-0.061,0.000,0.061,14.180,247.243,107.917,0.9996,-0.0031,-0.0018,0.0293,0.01,-0.00,-0.019,0.4,96023.7,0.00,0.000,0.000,2
202079,-0.003,-0.003,1.004,-0.061,-0.061,0.000,14.180,247.243,107.917,0.9996,-0.0031,-0.0015,0.0293,0.01,0.00,0.038,0.4,96022.4,0.00,0.000,0.000,2
202279,-0.003,-0.001,0.999,0.000,0.000,0.000,14.180,247.243,107.917,0.9996,-0.0036,-0.0009,0.0295,0.01,-0.00,-0.010,0.4,96023.1,0.00,0.000,0.000,2
202479,-0.001,-0.001,0.997,-0.183,0.000,0.122,14.180,247.243,107.917,0.9996,-0.0033,-0.0008,0.0290,0.01,-0.00,-0.034,0.4,96018.9,0.00,0.000,0.000,2
202679,-0.001,0.001,1.005,0.000,-0.061,0.000,14.180,247.243,107.917,0.9996,-0.0027,0.0005,0.0295,0.01,0.00,0.052,0.3,96024.5,0.00,0.000,0.000,2
