Time,AccX,AccY,AccZ,GyroX,GyroY,GyroZ,MagX,MagY,MagZ,QW,QX,QY,QZ,AltFilt,VelFilt,AccVertLiq,Tilt,Pressao,Servo,Gain1,Gain2,Estado
4463,-0.047,0.031,1.005,-0.061,0.305,0.244,0.000,0.000,0.000,1.0000,0.0000,0.0000,0.0000,0.01,0.00,0.053,0.0,96043.5,0.00,0.000,0.000,2
4663,-0.046,0.030,1.000,-0.061,0.305,0.183,0.000,0.000,0.000,1.0000,0.0000,0.0000,0.0000,-0.01,0.00,-0.000,0.0,96039.4,0.00,0.000,0.000,2
4863,-0.045,0.032,1.002,0.000,0.305,0.122,0.000,0.000,0.000,1.0000,0.0000,0.0000,0.0000,0.02,0.00,0.024,0.0,96042.2,0.00,0.000,0.000,2
5063,-0.047,0.031,1.001,-0.061,0.244,0.183,0.000,0.000,0.000,1.0000,0.0000,0.0000,0.0000,0.03,0.00,0.014,0.0,96042.2,0.00,0.000,0.000,2
5263,-0.047,0.030,1.001,-0.183,0.305,0.183,0.000,0.000,0.000,1.0000,0.0000,0.0000,0.0000,0.02,0.00,0.014,0.0,96038.7,0.00,0.000,0.000,2
5463,-0.047,0.031,1.002,-0.061,0.244,0.183,0.000,0.000,0.000,1.0000,0.0000,0.0000,0.0000,0.03,0.00,0.024,0.0,96040.7,0.00,0.000,0.000,2
5663,-0.046,0.030,1.004,-0.183,0.244,0.244,0.000,0.000,0.000,1.0000,0.0000,0.0000,0.0000,0.02,0.00,0.043,0.0,96037.9,0.00,0.000,0.000,2
5863,-0.046,0.031,1.002,-0.061,0.366,0.244,0.000,0.000,0.000,1.0000,0.0000,0.0000,0.0000,0.01,0.00,0.024,0.0,96044.9,0.00,0.000,0.000,2
6063,-0.046,0.029,1.002,-0.061,0.183,0.183,0.000,0.000,0.000,1.0000,0.0000,0.0000,0.0000,0.01,0.00,0.024,0.0,96043.6,0.00,0.000,0.000,2
6263,-0.046,0.032,1.000,-0.061,0.244,0.244,-58.491,267.620,167.556,1.0000,0.0016,-0.0014,-0.0022,0.01,0.00,0.002,0.2,96042.2,0.00,0.000,0.000,2
6463,-0.047,0.030,1.005,-0.183,0.305,0.183,-58.491,267.620,167.556,1.0000,0.0034,-0.0028,-0.0046,-0.00,0.00,0.052,0.5,96043.0,0.00,0.000,0.000,2
6663,-0.046,0.030,1.005,-0.061,0.183,0.122,-58.491,267.620,167.556,1.0000,0.0051,-0.0044,-0.0070,0.00,0.00,0.054,0.8,96040.8,0.00,0.000,0.000,2
6863,-0.046,0.030,1.006,-0.061,0.305,0.244,-58.491,267.620,167.556,0.9999,0.0068,-0.0058,-0.0095,0.01,0.00,0.065,1.0,96041.5,0.00,0.000,0.000,2
7063,-0.046,0.032,1.001,-0.061,0.366,0.183,-58.491,267.620,167.556,0.9999,0.0085,-0.0073,-0.0121,0.01,0.00,0.019,1.3,96045.1,0.00,0.000,0.000,2
7263,-0.047,0.032,1.001,-0.061,0.244,0.183,-58.491,267.620,167.556,0.9998,0.0101,-0.0087,-0.0147,0.02,0.00,0.025,1.5,96045.0,0.00,0.000,0.000,2
7463,-0.047,0.031,1.005,-0.122,0.366,0.183,-58.491,267.620,167.556,0.9997,0.0117,-0.0102,-0.0173,0.02,0.00,0.060,1.8,96043.0,0.00,0.000,0.000,2
7663,-0.047,0.028,1.003,-0.122,0.122,0.244,-58.491,267.620,167.556,0.9996,0.0132,-0.0115,-0.0201,0.03,0.00,0.045,2.0,96038.0,0.00,0.000,0.000,2
7863,-0.046,0.030,1.003,-0.183,0.244,0.183,-58.491,267.620,167.556,0.9995,0.0146,-0.0129,-0.0228,0.02,0.00,0.042,2.2,96042.2,0.00,0.000,0.000,2
8063,-0.045,0.031,1.002,-0.122,0.183,0.244,-58.491,267.620,167.556,0.9994,0.0160,-0.0142,-0.0257,0.03,0.00,0.032,2.4,96039.5,0.00,0.000,0.000,2
8263,-0.047,0.032,1.003,-0.183,0.183,0.305,-58.491,267.620,167.556,0.9993,0.0173,-0.0154,-0.0286,0.02,0.00,0.048,2.6,96040.7,0.00,0.000,0.000,2
8463,-0.045,0.031,1.002,0.000,0.366,0.244,-67.353,260.827,159.036,0.9992,0.0184,-0.0164,-0.0317,0.02,0.00,0.033,2.8,96038.6,0.00,0.000,0.000,2
8663,-0.045,0.029,1.001,-0.061,0.305,0.305,-67.353,260.827,159.036,0.9991,0.0195,-0.0173,-0.0348,0.03,0.00,0.027,3.0,96036.6,0.00,0.000,0.000,2
8863,-0.046,0.030,1.004,-0.122,0.305,0.305,-67.353,260.827,159.036,0.9989,0.0205,-0.0182,-0.0379,0.04,0.00,0.052,3.1,96039.5,0.00,0.000,0.000,2
9063,-0.047,0.032,1.001,-0.122,0.183,0.244,-67.353,260.827,159.036,0.9987,0.0214,-0.0190,-0.0410,0.04,0.00,0.024,3.3,96043.8,0.00,0.000,0.000,2
9263,-0.047,0.029,1.003,-0.183,0.244,0.244,-67.353,260.827,159.036,0.9986,0.0221,-0.0197,-0.0443,0.04,0.00,0.047,3.4,96041.0,0.00,0.000,0.000,2
9463,-0.046,0.029,1.002,-0.122,0.305,0.183,-67.353,260.827,159.036,0.9984,0.0227,-0.0205,-0.0475,0.04,0.00,0.037,3.5,96045.8,0.00,0.000,0.000,2
9663,-0.045,0.032,1.005,-0.061,0.305,0.183,-67.353,260.827,159.036,0.9982,0.0233,-0.0212,-0.0508,0.04,0.00,0.061,3.6,96042.2,0.00,0.000,0.000,2
9863,-0.046,0.030,1.003,-0.061,0.305,0.244,-67.353,260.827,159.036,0.9980,0.0237,-0.0219,-0.0541,0.03,0.00,0.046,3.7,96044.3,0.00,0.000,0.000,2
10063,-0.047,0.032,1.004,-0.122,0.427,0.305,-67.353,260.827,159.036,0.9978,0.0240,-0.0225,-0.0575,0.03,0.00,0.057,3.8,96042.2,0.00,0.000,0.000,2
10263,-0.046,0.032,1.002,-0.061,0.305,0.122,-67.353,260.827,159.036,0.9976,0.0242,-0.0230,-0.0608,0.03,0.00,0.033,3.8,96043.0,0.00,0.000,0.000,2
10463,-0.047,0.031,1.003,-0.122,0.305,0.183,-67.353,260.827,159.036,0.9974,0.0241,-0.0234,-0.0642,0.03,0.00,0.047,3.9,96038.1,0.00,0.000,0.000,2
10663,-0.046,0.031,1.002,-0.122,0.244,0.183,-70.898,263.544,164.716,0.9971,0.0241,-0.0238,-0.0675,0.03,0.00,0.032,3.9,96042.9,0.00,0.000,0.000,2
10863,-0.045,0.031,1.004,-0.061,0.183,0.244,-70.898,263.544,164.716,0.9969,0.0241,-0.0241,-0.0708,0.02,0.00,0.056,3.9,96043.0,0.00,0.000,0.000,2
11063,-0.045,0.033,1.000,-0.122,0.305,0.183,-70.898,263.544,164.716,0.9967,0.0239,-0.0243,-0.0741,0.02,0.00,0.019,3.9,96045.8,0.00,0.000,0.000,2
11263,-0.045,0.032,1.000,-0.061,0.244,0.244,-70.898,263.544,164.716,0.9964,0.0236,-0.0246,-0.0774,0.02,0.00,0.013,3.9,96045.2,0.00,0.000,0.000,2
11463,-0.046,0.032,1.006,-0.061,0.244,0.244,-70.898,263.544,164.716,0.9962,0.0232,-0.0248,-0.0807,0.02,0.00,0.071,3.9,96043.7,0.00,0.000,0.000,2
11663,-0.046,0.030,1.003,0.000,0.244,0.122,-70.898,263.544,164.716,0.9959,0.0227,-0.0248,-0.0840,0.01,0.00,0.041,3.9,96041.1,0.00,0.000,0.000,2
11863,-0.047,0.030,1.006,-0.061,0.366,0.183,-70.898,263.544,164.716,0.9956,0.0221,-0.0250,-0.0871,0.01,0.00,0.071,3.8,96042.4,0.00,0.000,0.000,2
12063,-0.045,0.029,1.000,-0.061,0.305,0.183,-70.898,263.544,164.716,0.9954,0.0214,-0.0251,-0.0903,0.01,0.00,0.017,3.8,96042.3,0.00,0.000,0.000,2
12263,-0.045,0.032,1.004,-0.122,0.366,0.183,-70.898,263.544,164.716,0.9951,0.0208,-0.0251,-0.0934,0.02,0.00,0.052,3.7,96038.2,0.00,0.000,0.000,2
12463,-0.047,0.029,1.005,-0.061,0.244,0.244,-70.898,263.544,164.716,0.9948,0.0200,-0.0252,-0.0965,0.02,0.00,0.062,3.7,96041.0,0.00,0.000,0.000,2
12663,-0.045,0.033,1.002,-0.122,0.366,0.244,-70.898,263.544,164.716,0.9945,0.0194,-0.0253,-0.0995,0.02,0.00,0.034,3.7,96039.0,0.00,0.000,0.000,2
12863,-0.045,0.030,1.001,-0.061,0.366,0.183,-63.809,263.544,147.676,0.9943,0.0175,-0.0253,-0.1017,0.02,0.00,0.028,3.5,96036.7,0.00,0.000,0.000,2
13063,-0.046,0.032,1.003,-0.122,0.305,0.183,-63.809,263.544,147.676,0.9941,0.0158,-0.0252,-0.1039,0.02,0.00,0.044,3.4,96041.0,0.00,0.000,0.000,2
13263,-0.047,0.032,1.003,0.000,0.244,0.244,-63.809,263.544,147.676,0.9939,0.0150,-0.0252,-0.1060,0.02,0.00,0.045,3.4,96038.3,0.00,0.000,0.000,2
13463,-0.046,0.031,1.003,-0.061,0.305,0.122,-63.809,263.544,147.676,0.9937,0.0142,-0.0250,-0.1079,0.02,0.00,0.049,3.3,96041.6,0.00,0.000,0.000,2
13663,-0.046,0.032,1.003,-0.061,0.366,0.183,-63.809,263.544,147.676,0.9936,0.0137,-0.0251,-0.1094,0.02,0.00,0.044,3.3,96042.4,0.00,0.000,0.000,2
13863,-0.045,0.030,0.999,-0.061,0.183,0.244,-63.809,263.544,147.676,0.9935,0.0131,-0.0248,-0.1107,0.02,0.00,0.005,3.2,96036.8,0.00,0.000,0.000,2
14063,-0.047,0.031,1.003,-0.061,0.244,0.183,-63.809,263.544,147.676,0.9933,0.0129,-0.0249,-0.1117,0.02,0.00,0.044,3.2,96041.5,0.00,0.000,0.000,2
14263,-0.048,0.030,1.002,-0.122,0.305,0.183,-63.809,263.544,147.676,0.9933,0.0124,-0.0250,-0.1124,0.02,0.00,0.040,3.2,96041.0,0.00,0.000,0.000,2
14463,-0.045,0.032,1.001,-0.061,0.244,0.183,-63.809,263.544,147.676,0.9932,0.0125,-0.0249,-0.1130,0.03,0.00,0.029,3.2,96039.4,0.00,0.000,0.000,2
14663,-0.044,0.030,1.000,-0.122,0.183,0.244,-63.809,263.544,147.676,0.9932,0.0124,-0.0248,-0.1134,0.03,0.00,0.009,3.2,96040.3,0.00,0.000,0.000,2
14863,-0.049,0.031,1.003,-0.122,0.244,0.183,-62.036,259.469,150.516,0.9931,0.0124,-0.0251,-0.1135,0.03,0.00,0.050,3.2,96038.2,0.00,0.000,0.000,2
15063,-0.047,0.029,1.006,-0.122,0.244,0.183,-62.036,259.469,150.516,0.9932,0.0121,-0.0252,-0.1132,0.03,0.00,0.072,3.2,96040.3,0.00,0.000,0.000,2
15263,-0.045,0.031,1.003,-0.061,0.305,0.305,-62.036,259.469,150.516,0.9932,0.0121,-0.0250,-0.1130,0.03,0.00,0.043,3.2,96039.7,0.00,0.000,0.000,2
15463,-0.047,0.031,1.002,-0.061,0.366,0.244,-62.036,259.469,150.516,0.9932,0.0121,-0.0251,-0.1129,0.03,0.00,0.040,3.2,96039.6,0.00,0.000,0.000,2
15663,-0.047,0.029,1.002,-0.061,0.183,0.244,-62.036,259.469,150.516,0.9932,0.0121,-0.0251,-0.1128,0.03,0.00,0.039,3.2,96038.1,0.00,0.000,0.000,2
15863,-0.047,0.030,1.003,-0.122,0.183,0.244,-62.036,259.469,150.516,0.9932,0.0120,-0.0252,-0.1128,0.03,0.00,0.049,3.2,96038.2,0.00,0.000,0.000,2
16063,-0.048,0.031,1.001,-0.061,0.122,0.183,-62.036,259.469,150.516,0.9932,0.0122,-0.0253,-0.1127,0.03,0.00,0.030,3.2,96035.5,0.00,0.000,0.000,2
16263,-0.045,0.028,1.000,-0.122,0.305,0.183,-62.036,259.469,150.516,0.9932,0.0119,-0.0253,-0.1127,0.03,0.00,0.019,3.2,96038.3,0.00,0.000,0.000,2
16463,-0.048,0.031,1.002,-0.061,0.244,0.183,-62.036,259.469,150.516,0.9932,0.0120,-0.0253,-0.1127,0.03,0.00,0.035,3.2,96036.1,0.00,0.000,0.000,2
16663,-0.047,0.032,1.006,-0.183,0.244,0.244,-62.036,259.469,150.516,0.9932,0.0123,-0.0251,-0.1126,0.04,0.00,0.073,3.2,96039.0,0.00,0.000,0.000,2
16863,-0.047,0.031,1.006,-0.061,0.305,0.122,-62.036,259.469,150.516,0.9932,0.0121,-0.0252,-0.1126,0.04,0.00,0.073,3.2,96043.9,0.00,0.000,0.000,2
17063,-0.047,0.031,1.004,-0.061,0.305,0.244,-53.174,277.129,124.957,0.9933,0.0116,-0.0254,-0.1122,0.04,0.00,0.054,3.2,96041.8,0.00,0.000,0.000,2
17263,-0.045,0.032,1.003,-0.122,0.244,0.305,-53.174,277.129,124.957,0.9936,0.0105,-0.0257,-0.1097,0.03,0.00,0.048,3.2,96041.0,0.00,0.000,0.000,2
17463,-0.047,0.030,1.002,-0.061,0.244,0.244,-53.174,277.129,124.957,0.9939,0.0099,-0.0259,-0.1072,0.03,0.00,0.039,3.2,96041.7,0.00,0.000,0.000,2
17663,-0.049,0.032,1.002,-0.122,0.305,0.244,-53.174,277.129,124.957,0.9941,0.0098,-0.0259,-0.1046,0.04,0.00,0.041,3.2,96039.1,0.00,0.000,0.000,2
17863,-0.047,0.027,1.003,-0.122,0.244,0.305,-53.174,277.129,124.957,0.9944,0.0098,-0.0259,-0.1022,0.03,0.00,0.043,3.2,96039.7,0.00,0.000,0.000,2
18063,-0.047,0.030,1.003,-0.122,0.305,0.244,-53.174,277.129,124.957,0.9946,0.0102,-0.0257,-0.1000,0.04,0.00,0.044,3.2,96032.6,0.00,0.000,0.000,2
18263,-0.048,0.032,1.003,-0.061,0.305,0.244,-53.174,277.129,124.957,0.9948,0.0106,-0.0255,-0.0979,0.04,0.00,0.050,3.2,96043.1,0.00,0.000,0.000,2
18463,-0.045,0.031,1.005,-0.183,0.305,0.183,-53.174,277.129,124.957,0.9950,0.0113,-0.0252,-0.0960,0.03,0.00,0.067,3.2,96042.5,0.00,0.000,0.000,2
18663,-0.047,0.033,1.004,-0.061,0.244,0.183,-53.174,277.129,124.957,0.9952,0.0116,-0.0249,-0.0943,0.03,0.00,0.054,3.2,96045.5,0.00,0.000,0.000,2
18863,-0.046,0.031,1.005,-0.122,0.244,0.244,-53.174,277.129,124.957,0.9953,0.0118,-0.0246,-0.0931,0.03,0.00,0.068,3.1,96039.7,0.00,0.000,0.000,2
19063,-0.047,0.032,1.000,-0.122,0.244,0.183,-53.174,277.129,124.957,0.9954,0.0123,-0.0248,-0.0921,0.03,0.00,0.020,3.2,96042.5,0.00,0.000,0.000,2
19263,-0.045,0.029,0.999,-0.122,0.427,0.244,-53.174,277.129,124.957,0.9954,0.0124,-0.0246,-0.0915,0.03,0.00,0.005,3.2,96041.9,0.00,0.000,0.000,2
19463,-0.046,0.031,1.003,0.000,0.305,0.183,-53.174,277.129,124.957,0.9955,0.0125,-0.0249,-0.0911,0.02,0.00,0.044,3.2,96041.1,0.00,0.000,0.000,2
19663,-0.046,0.029,1.002,-0.183,0.244,0.244,-53.174,277.129,124.957,0.9955,0.0125,-0.0246,-0.0909,0.02,0.00,0.039,3.2,96041.2,0.00,0.000,0.000,2
19863,-0.047,0.032,1.001,-0.122,0.305,0.244,-53.174,277.129,124.957,0.9955,0.0127,-0.0247,-0.0907,0.02,0.00,0.030,3.2,96042.5,0.00,0.000,0.000,2
20063,-0.047,0.033,1.001,-0.061,0.244,0.244,-53.174,277.129,124.957,0.9955,0.0129,-0.0247,-0.0906,0.03,0.00,0.031,3.2,96036.2,0.00,0.000,0.000,2
20263,-0.046,0.030,1.000,-0.183,0.183,0.244,-53.174,277.129,124.957,0.9955,0.0127,-0.0247,-0.0905,0.03,0.00,0.010,3.2,96040.3,0.00,0.000,0.000,2
20463,-0.047,0.032,1.003,-0.122,0.183,0.244,-53.174,277.129,124.957,0.9955,0.0129,-0.0247,-0.0905,0.03,0.00,0.045,3.2,96039.9,0.00,0.000,0.000,2
20663,-0.045,0.029,1.004,-0.183,0.305,0.244,-53.174,277.129,124.957,0.9955,0.0128,-0.0244,-0.0905,0.03,0.00,0.057,3.2,96041.2,0.00,0.000,0.000,2
20863,-0.046,0.030,1.003,-0.061,0.305,0.183,-53.174,277.129,124.957,0.9955,0.0128,-0.0247,-0.0904,0.03,0.00,0.048,3.2,96041.3,0.00,0.000,0.000,2
21063,-0.046,0.029,1.003,-0.061,0.244,0.244,-53.174,277.129,124.957,0.9955,0.0126,-0.0249,-0.0904,0.03,0.00,0.048,3.2,96039.0,0.00,0.000,0.000,2
21263,-0.047,0.032,1.002,-0.061,0.305,0.122,-53.174,277.129,124.957,0.9955,0.0129,-0.0248,-0.0904,0.03,0.00,0.035,3.2,96040.6,0.00,0.000,0.000,2
21463,-0.047,0.031,1.003,-0.122,0.305,0.183,-53.174,277.129,124.957,0.9955,0.0126,-0.0250,-0.0904,0.02,0.00,0.044,3.2,96043.4,0.00,0.000,0.000,2
21663,-0.047,0.031,1.003,-0.183,0.244,0.244,-53.174,277.129,124.957,0.9955,0.0129,-0.0250,-0.0904,0.02,0.00,0.044,3.2,96042.0,0.00,0.000,0.000,2
21863,-0.046,0.029,1.004,-0.061,0.305,0.183,-53.174,277.129,124.957,0.9955,0.0126,-0.0246,-0.0904,0.02,0.00,0.053,3.2,96041.3,0.00,0.000,0.000,2
22063,-0.047,0.030,1.000,0.000,0.183,0.183,-53.174,277.129,124.957,0.9955,0.0128,-0.0246,-0.0904,0.02,0.00,0.010,3.2,96040.6,0.00,0.000,0.000,2
22263,-0.046,0.030,1.001,-0.183,0.366,0.305,-53.174,277.129,124.957,0.9955,0.0126,-0.0247,-0.0904,0.02,0.00,0.029,3.2,96038.5,0.00,0.000,0.000,2
22463,-0.046,0.032,1.002,-0.061,0.244,0.305,-53.174,277.129,124.957,0.9955,0.0131,-0.0246,-0.0904,0.02,0.00,0.039,3.2,96041.3,0.00,0.000,0.000,2
22663,-0.044,0.030,1.001,-0.183,0.366,0.183,-53.174,277.129,124.957,0.9955,0.0128,-0.0246,-0.0904,0.02,0.00,0.028,3.2,96042.8,0.00,0.000,0.000,2
22863,-0.048,0.031,1.004,-0.061,0.305,0.122,-53.174,277.129,124.957,0.9955,0.0130,-0.0249,-0.0903,0.02,0.00,0.054,3.2,96040.6,0.00,0.000,0.000,2
23063,-0.045,0.029,1.004,-0.061,0.366,0.183,-53.174,277.129,124.957,0.9955,0.0128,-0.0245,-0.0903,0.02,0.00,0.053,3.2,96042.8,0.00,0.000,0.000,2
23263,-0.047,0.031,1.003,-0.183,0.366,0.183,-53.174,277.129,124.957,0.9955,0.0129,-0.0246,-0.0903,0.02,0.00,0.044,3.2,96036.5,0.00,0.000,0.000,2
23463,-0.047,0.032,1.005,-0.122,0.183,0.183,-53.174,277.129,124.957,0.9955,0.0130,-0.0249,-0.0903,0.02,0.00,0.064,3.2,96045.6,0.00,0.000,0.000,2
23663,-0.046,0.030,1.000,-0.122,0.244,0.183,-74.443,266.261,164.716,0.9953,0.0142,-0.0250,-0.0929,0.02,0.00,0.015,3.3,96042.1,0.00,0.000,0.000,2
23863,-0.047,0.031,1.003,-0.122,0.305,0.183,-74.443,266.261,164.716,0.9950,0.0152,-0.0251,-0.0958,0.02,0.00,0.044,3.4,96040.5,0.00,0.000,0.000,2
24063,-0.047,0.030,1.001,-0.061,0.305,0.183,-74.443,266.261,164.716,0.9947,0.0160,-0.0252,-0.0988,0.02,0.00,0.025,3.4,96037.1,0.00,0.000,0.000,2
24263,-0.048,0.030,1.005,-0.061,0.305,0.305,-74.443,266.261,164.716,0.9943,0.0165,-0.0254,-0.1019,0.02,0.00,0.063,3.5,96040.7,0.00,0.000,0.000,2
24463,-0.046,0.029,1.003,-0.061,0.244,0.183,-74.443,266.261,164.716,0.9940,0.0168,-0.0254,-0.1049,0.01,0.00,0.043,3.5,96042.8,0.00,0.000,0.000,2
24663,-0.045,0.030,1.002,-0.122,0.183,0.244,-74.443,266.261,164.716,0.9937,0.0167,-0.0253,-0.1079,0.01,0.00,0.033,3.5,96044.0,0.00,0.000,0.000,2
24863,-0.047,0.031,1.005,-0.183,0.305,0.183,-74.443,266.261,164.716,0.9934,0.0165,-0.0254,-0.1108,0.01,0.00,0.063,3.5,96040.5,0.00,0.000,0.000,2
25063,-0.046,0.030,1.003,-0.183,0.305,0.244,-74.443,266.261,164.716,0.9931,0.0162,-0.0255,-0.1136,0.01,0.00,0.043,3.5,96041.2,0.00,0.000,0.000,2
25263,-0.047,0.031,1.007,-0.061,0.244,0.183,-74.443,266.261,164.716,0.9928,0.0157,-0.0253,-0.1162,0.01,0.00,0.083,3.4,96042.0,0.00,0.000,0.000,2
25463,-0.047,0.030,1.002,-0.122,0.244,0.244,-74.443,266.261,164.716,0.9925,0.0152,-0.0252,-0.1187,0.01,0.00,0.034,3.4,96045.6,0.00,0.000,0.000,2
25663,-0.043,0.031,1.001,-0.122,0.366,0.183,-74.443,266.261,164.716,0.9922,0.0146,-0.0251,-0.1209,0.01,0.00,0.028,3.3,96044.9,0.00,0.000,0.000,2
25863,-0.047,0.031,1.003,0.000,0.244,0.183,-74.443,266.261,164.716,0.9920,0.0142,-0.0252,-0.1229,0.01,0.00,0.044,3.3,96039.3,0.00,0.000,0.000,2
26063,-0.048,0.031,1.003,-0.122,0.244,0.305,-74.443,266.261,164.716,0.9918,0.0137,-0.0255,-0.1246,0.01,0.00,0.045,3.3,96044.7,0.00,0.000,0.000,2
26263,-0.047,0.031,1.001,-0.061,0.244,0.183,-74.443,266.261,164.716,0.9916,0.0134,-0.0257,-0.1261,0.01,0.00,0.030,3.3,96039.9,0.00,0.000,0.000,2
26463,-0.045,0.030,1.003,-0.122,0.244,0.244,-74.443,266.261,164.716,0.9914,0.0131,-0.0253,-0.1274,0.01,0.00,0.043,3.3,96040.8,0.00,0.000,0.000,2
26663,-0.046,0.029,1.002,-0.122,0.366,0.183,-74.443,266.261,164.716,0.9913,0.0127,-0.0254,-0.1284,0.01,0.00,0.038,3.3,96040.7,0.00,0.000,0.000,2
26863,-0.048,0.032,1.000,-0.183,0.366,0.122,-74.443,266.261,164.716,0.9912,0.0124,-0.0253,-0.1292,0.01,0.00,0.021,3.2,96041.4,0.00,0.000,0.000,2
27063,-0.046,0.032,1.001,-0.122,0.244,0.244,-74.443,266.261,164.716,0.9911,0.0122,-0.0255,-0.1298,0.01,0.00,0.030,3.2,96040.7,0.00,0.000,0.000,2
27263,-0.045,0.033,1.002,0.000,0.305,0.183,-74.443,266.261,164.716,0.9911,0.0120,-0.0253,-0.1303,0.01,0.00,0.039,3.2,96040.6,0.00,0.000,0.000,2
27463,-0.046,0.031,1.001,-0.061,0.305,0.244,-74.443,266.261,164.716,0.9910,0.0119,-0.0252,-0.1307,0.01,0.00,0.025,3.2,96040.7,0.00,0.000,0.000,2
27663,-0.047,0.030,1.004,-0.061,0.305,0.244,-74.443,266.261,164.716,0.9910,0.0117,-0.0254,-0.1310,0.01,0.00,0.054,3.2,96039.9,0.00,0.000,0.000,2
27863,-0.046,0.031,1.004,-0.061,0.366,0.183,-69.126,264.903,156.196,0.9910,0.0114,-0.0255,-0.1309,0.01,0.00,0.053,3.2,96039.2,0.00,0.000,0.000,2
28063,-0.048,0.033,0.997,-0.122,0.305,0.183,-69.126,264.903,156.196,0.9912,0.0110,-0.0255,-0.1293,0.01,-0.00,-0.017,3.2,96044.9,0.00,0.000,0.000,2
28367,-0.047,0.029,1.003,-0.061,0.183,0.244,-69.126,264.903,156.196,0.9915,0.0103,-0.0257,-0.1274,0.01,0.00,0.044,3.2,96040.4,0.00,0.000,0.000,2
28463,-0.044,0.030,1.002,-0.061,0.244,0.183,-60.264,263.544,159.036,0.9916,0.0099,-0.0257,-0.1262,0.01,0.00,0.038,3.2,96036.9,0.00,0.000,0.000,2
28663,-0.047,0.032,1.001,-0.122,0.366,0.183,-60.264,263.544,159.036,0.9919,0.0093,-0.0260,-0.1238,0.01,0.00,0.025,3.2,96042.7,0.00,0.000,0.000,2
28863,-0.045,0.031,1.003,-0.061,0.305,0.183,-60.264,263.544,159.036,0.9922,0.0093,-0.0260,-0.1214,0.01,0.00,0.048,3.2,96043.4,0.00,0.000,0.000,2
29063,-0.048,0.029,1.002,-0.122,0.366,0.122,-60.264,263.544,159.036,0.9925,0.0092,-0.0261,-0.1191,0.01,0.00,0.035,3.2,96044.2,0.00,0.000,0.000,2
29263,-0.046,0.028,1.005,-0.122,0.244,0.244,-60.264,263.544,159.036,0.9927,0.0095,-0.0258,-0.1171,0.01,0.00,0.062,3.1,96042.9,0.00,0.000,0.000,2
29463,-0.047,0.029,1.004,-0.061,0.244,0.183,-60.264,263.544,159.036,0.9930,0.0098,-0.0256,-0.1152,0.01,0.00,0.058,3.1,96045.0,0.00,0.000,0.000,2
29663,-0.049,0.031,1.004,-0.122,0.305,0.183,-60.264,263.544,159.036,0.9932,0.0105,-0.0257,-0.1135,0.01,0.00,0.059,3.2,96041.5,0.00,0.000,0.000,2
29863,-0.048,0.031,1.001,-0.061,0.244,0.183,-60.264,263.544,159.036,0.9933,0.0110,-0.0254,-0.1120,0.01,0.00,0.030,3.2,96040.7,0.00,0.000,0.000,2
30063,-0.046,0.032,1.000,-0.122,0.244,0.244,-60.264,263.544,159.036,0.9934,0.0114,-0.0254,-0.1108,0.01,0.00,0.010,3.2,96043.6,0.00,0.000,0.000,2
30263,-0.044,0.032,1.000,-0.122,0.244,0.183,-60.264,263.544,159.036,0.9936,0.0118,-0.0252,-0.1098,0.01,0.00,0.015,3.2,96037.3,0.00,0.000,0.000,2
30463,-0.045,0.032,1.002,-0.061,0.305,0.244,-60.264,263.544,159.036,0.9936,0.0119,-0.0250,-0.1091,0.01,0.00,0.034,3.2,96039.2,0.00,0.000,0.000,2
30663,-0.046,0.032,1.000,-0.122,0.244,0.183,-60.264,263.544,159.036,0.9937,0.0121,-0.0251,-0.1085,0.01,0.00,0.020,3.2,96041.3,0.00,0.000,0.000,2
30863,-0.047,0.031,1.003,-0.122,0.305,0.244,-60.264,263.544,159.036,0.9937,0.0121,-0.0253,-0.1081,0.01,0.00,0.049,3.2,96038.7,0.00,0.000,0.000,2
31063,-0.047,0.032,1.003,0.000,0.305,0.244,-60.264,263.544,159.036,0.9938,0.0123,-0.0252,-0.1078,0.01,0.00,0.049,3.2,96038.0,0.00,0.000,0.000,2
31263,-0.046,0.034,1.000,-0.061,0.305,0.183,-60.264,263.544,159.036,0.9938,0.0123,-0.0251,-0.1076,0.01,0.00,0.016,3.2,96040.0,0.00,0.000,0.000,2
31463,-0.046,0.030,1.002,-0.122,0.183,0.183,-60.264,263.544,159.036,0.9938,0.0122,-0.0250,-0.1074,0.01,0.00,0.039,3.2,96036.6,0.00,0.000,0.000,2
31663,-0.046,0.032,1.000,-0.122,0.244,0.183,-60.264,263.544,159.036,0.9938,0.0124,-0.0248,-0.1074,0.01,0.00,0.020,3.2,96040.8,0.00,0.000,0.000,2
31863,-0.045,0.031,1.000,-0.061,0.305,0.244,-60.264,263.544,159.036,0.9938,0.0122,-0.0249,-0.1073,0.02,0.00,0.019,3.2,96034.5,0.00,0.000,0.000,2
32063,-0.047,0.029,1.004,-0.061,0.305,0.183,-60.264,263.544,159.036,0.9938,0.0124,-0.0252,-0.1072,0.02,0.00,0.053,3.2,96041.5,0.00,0.000,0.000,2
32263,-0.046,0.033,1.000,-0.183,0.305,0.183,-60.264,263.544,159.036,0.9938,0.0124,-0.0251,-0.1072,0.02,0.00,0.016,3.2,96039.5,0.00,0.000,0.000,2
32463,-0.049,0.033,1.000,-0.061,0.366,0.122,-70.898,268.978,147.676,0.9936,0.0133,-0.0252,-0.1095,0.02,0.00,0.012,3.3,96040.3,0.00,0.000,0.000,2
32663,-0.045,0.032,1.004,0.000,0.244,0.122,-70.898,268.978,147.676,0.9933,0.0140,-0.0252,-0.1120,0.02,0.00,0.058,3.3,96038.6,0.00,0.000,0.000,2
32863,-0.046,0.030,1.003,-0.122,0.244,0.122,-70.898,268.978,147.676,0.9930,0.0140,-0.0251,-0.1144,0.02,0.00,0.044,3.3,96038.0,0.00,0.000,0.000,2
33063,-0.048,0.032,1.001,-0.061,0.366,0.183,-70.898,268.978,147.676,0.9928,0.0139,-0.0254,-0.1166,0.02,0.00,0.031,3.3,96040.8,0.00,0.000,0.000,2
33263,-0.048,0.030,1.001,-0.122,0.183,0.183,-70.898,268.978,147.676,0.9925,0.0135,-0.0255,-0.1184,0.02,0.00,0.030,3.3,96041.5,0.00,0.000,0.000,2
33463,-0.046,0.030,1.004,-0.122,0.244,0.183,-70.898,268.978,147.676,0.9924,0.0133,-0.0254,-0.1198,0.02,0.00,0.058,3.3,96041.5,0.00,0.000,0.000,2
33663,-0.046,0.030,1.003,-0.122,0.244,0.183,-70.898,268.978,147.676,0.9923,0.0128,-0.0252,-0.1210,0.02,0.00,0.048,3.2,96038.0,0.00,0.000,0.000,2
33863,-0.043,0.031,1.004,0.000,0.183,0.183,-70.898,268.978,147.676,0.9921,0.0125,-0.0252,-0.1219,0.02,0.00,0.057,3.2,96043.7,0.00,0.000,0.000,2
34063,-0.046,0.032,1.003,-0.061,0.244,0.183,-70.898,268.978,147.676,0.9921,0.0124,-0.0253,-0.1226,0.02,0.00,0.044,3.2,96037.3,0.00,0.000,0.000,2
34263,-0.046,0.030,1.000,-0.122,0.305,0.122,-70.898,268.978,147.676,0.9920,0.0122,-0.0254,-0.1231,0.02,0.00,0.010,3.2,96041.5,0.00,0.000,0.000,2
34463,-0.046,0.029,1.001,-0.061,0.244,0.244,-70.898,268.978,147.676,0.9919,0.0121,-0.0252,-0.1236,0.02,0.00,0.029,3.2,96038.7,0.00,0.000,0.000,2
34663,-0.048,0.029,1.001,-0.061,0.305,0.183,-63.809,260.827,153.356,0.9920,0.0117,-0.0254,-0.1232,0.02,0.00,0.030,3.2,96039.4,0.00,0.000,0.000,2
34863,-0.047,0.031,1.004,-0.122,0.366,0.122,-63.809,260.827,153.356,0.9922,0.0109,-0.0257,-0.1215,0.02,0.00,0.054,3.2,96037.2,0.00,0.000,0.000,2
35063,-0.047,0.032,1.002,0.000,0.244,0.122,-63.809,260.827,153.356,0.9924,0.0108,-0.0256,-0.1200,0.02,0.00,0.040,3.2,96041.5,0.00,0.000,0.000,2
35263,-0.045,0.029,1.001,-0.122,0.305,0.183,-63.809,260.827,153.356,0.9925,0.0111,-0.0256,-0.1189,0.02,0.00,0.028,3.2,96038.8,0.00,0.000,0.000,2
35463,-0.046,0.031,1.004,-0.183,0.427,0.183,-63.809,260.827,153.356,0.9926,0.0113,-0.0255,-0.1180,0.02,0.00,0.053,3.2,96039.4,0.00,0.000,0.000,2
35663,-0.045,0.029,1.004,0.000,0.244,0.305,-63.809,260.827,153.356,0.9927,0.0115,-0.0254,-0.1173,0.02,0.00,0.052,3.2,96042.3,0.00,0.000,0.000,2
35863,-0.048,0.032,1.001,0.000,0.183,0.122,-63.809,260.827,153.356,0.9928,0.0117,-0.0255,-0.1168,0.02,0.00,0.031,3.2,96043.0,0.00,0.000,0.000,2
36063,-0.046,0.030,1.005,-0.061,0.305,0.183,-63.809,260.827,153.356,0.9928,0.0119,-0.0253,-0.1164,0.02,0.00,0.068,3.2,96043.1,0.00,0.000,0.000,2
36263,-0.044,0.030,1.002,-0.122,0.305,0.183,-63.809,260.827,153.356,0.9929,0.0119,-0.0250,-0.1160,0.02,0.00,0.033,3.2,96042.3,0.00,0.000,0.000,2
36463,-0.046,0.030,1.000,-0.122,0.244,0.183,-63.809,260.827,153.356,0.9929,0.0119,-0.0251,-0.1157,0.01,0.00,0.020,3.2,96039.4,0.00,0.000,0.000,2
36663,-0.047,0.030,1.003,-0.061,0.244,0.183,-63.809,260.827,153.356,0.9929,0.0120,-0.0253,-0.1156,0.02,0.00,0.049,3.2,96039.5,0.00,0.000,0.000,2
36863,-0.047,0.031,1.004,-0.122,0.244,0.244,-63.809,260.827,153.356,0.9929,0.0120,-0.0253,-0.1155,0.02,0.00,0.059,3.2,96040.1,0.00,0.000,0.000,2
37063,-0.047,0.030,1.001,-0.122,0.305,0.183,-63.809,260.827,153.356,0.9929,0.0119,-0.0254,-0.1154,0.02,0.00,0.030,3.2,96038.9,0.00,0.000,0.000,2
37263,-0.046,0.030,1.006,-0.122,0.366,0.244,-63.809,260.827,153.356,0.9929,0.0120,-0.0255,-0.1154,0.02,0.00,0.077,3.2,96042.4,0.00,0.000,0.000,2
37463,-0.047,0.032,1.002,-0.061,0.305,0.183,-63.809,260.827,153.356,0.9929,0.0121,-0.0254,-0.1154,0.02,0.00,0.040,3.2,96042.9,0.00,0.000,0.000,2
37663,-0.045,0.032,1.000,-0.061,0.183,0.183,-63.809,260.827,153.356,0.9929,0.0121,-0.0253,-0.1154,0.02,0.00,0.015,3.2,96039.6,0.00,0.000,0.000,2
37863,-0.046,0.031,1.002,-0.122,0.366,0.183,-63.809,260.827,153.356,0.9929,0.0120,-0.0252,-0.1154,0.02,0.00,0.039,3.2,96036.8,0.00,0.000,0.000,2
38063,-0.046,0.031,1.005,-0.061,0.183,0.244,-63.809,260.827,153.356,0.9929,0.0121,-0.0252,-0.1153,0.02,0.00,0.068,3.2,96036.0,0.00,0.000,0.000,2
38263,-0.046,0.031,1.004,-0.122,0.305,0.122,-63.809,260.827,153.356,0.9929,0.0120,-0.0253,-0.1153,0.02,0.00,0.053,3.2,96037.3,0.00,0.000,0.000,2
38463,-0.047,0.033,1.002,-0.122,0.244,0.183,-63.809,260.827,153.356,0.9929,0.0119,-0.0254,-0.1153,0.02,0.00,0.035,3.2,96035.9,0.00,0.000,0.000,2
38663,-0.048,0.029,1.006,-0.122,0.305,0.183,-63.809,260.827,153.356,0.9929,0.0120,-0.0255,-0.1153,0.02,0.00,0.078,3.2,96038.0,0.00,0.000,0.000,2
38863,-0.047,0.030,1.003,-0.061,0.305,0.183,-63.809,260.827,153.356,0.9929,0.0119,-0.0253,-0.1153,0.02,0.00,0.044,3.2,96040.8,0.00,0.000,0.000,2
39063,-0.045,0.032,1.001,-0.244,0.305,0.183,-63.809,260.827,153.356,0.9929,0.0121,-0.0253,-0.1153,0.02,0.00,0.029,3.2,96042.9,0.00,0.000,0.000,2
39263,-0.046,0.030,1.006,-0.061,0.305,0.244,-67.353,271.695,164.716,0.9929,0.0120,-0.0254,-0.1153,0.02,0.00,0.072,3.2,96040.8,0.00,0.000,0.000,2
39463,-0.047,0.030,1.004,-0.122,0.366,0.244,-67.353,271.695,164.716,0.9929,0.0122,-0.0254,-0.1157,0.02,0.00,0.054,3.2,96041.7,0.00,0.000,0.000,2
39663,-0.047,0.031,1.005,-0.061,0.244,0.122,-67.353,271.695,164.716,0.9928,0.0124,-0.0254,-0.1160,0.02,0.00,0.068,3.2,96036.6,0.00,0.000,0.000,2
39863,-0.047,0.031,1.000,-0.183,0.244,0.244,-67.353,271.695,164.716,0.9928,0.0122,-0.0253,-0.1162,0.02,0.00,0.020,3.2,96043.1,0.00,0.000,0.000,2
40063,-0.047,0.031,1.000,-0.061,0.305,0.244,-67.353,271.695,164.716,0.9928,0.0123,-0.0254,-0.1163,0.02,0.00,0.015,3.2,96035.3,0.00,0.000,0.000,2
40263,-0.047,0.031,1.002,-0.122,0.183,0.183,-67.353,271.695,164.716,0.9928,0.0121,-0.0252,-0.1164,0.02,0.00,0.035,3.2,96038.1,0.00,0.000,0.000,2
40463,-0.046,0.030,1.003,-0.122,0.305,0.244,-67.353,271.695,164.716,0.9928,0.0122,-0.0252,-0.1165,0.02,0.00,0.044,3.2,96039.5,0.00,0.000,0.000,2
40663,-0.046,0.030,1.002,-0.061,0.305,0.183,-67.353,271.695,164.716,0.9928,0.0119,-0.0254,-0.1165,0.02,0.00,0.039,3.2,96038.8,0.00,0.000,0.000,2
40863,-0.047,0.031,1.006,-0.061,0.183,0.305,-67.353,271.695,164.716,0.9928,0.0121,-0.0256,-0.1166,0.02,0.00,0.073,3.2,96039.5,0.00,0.000,0.000,2
41063,-0.044,0.031,1.001,0.000,0.305,0.244,-67.353,271.695,164.716,0.9928,0.0121,-0.0254,-0.1166,0.02,0.00,0.029,3.2,96041.7,0.00,0.000,0.000,2
41263,-0.045,0.030,1.002,-0.061,0.305,0.183,-67.353,271.695,164.716,0.9928,0.0122,-0.0253,-0.1166,0.02,0.00,0.038,3.2,96040.3,0.00,0.000,0.000,2
41463,-0.047,0.030,1.002,-0.122,0.305,0.183,-63.809,266.261,159.036,0.9928,0.0119,-0.0254,-0.1165,0.02,0.00,0.035,3.2,96036.7,0.00,0.000,0.000,2
41663,-0.046,0.031,1.002,-0.122,0.305,0.244,-63.809,266.261,159.036,0.9929,0.0113,-0.0254,-0.1155,0.02,0.00,0.034,3.2,96037.3,0.00,0.000,0.000,2
41863,-0.048,0.030,1.003,-0.183,0.183,0.183,-63.809,266.261,159.036,0.9930,0.0115,-0.0255,-0.1148,0.02,0.00,0.045,3.2,96040.3,0.00,0.000,0.000,2
42063,-0.047,0.031,1.003,-0.122,0.244,0.244,-63.809,266.261,159.036,0.9931,0.0115,-0.0256,-0.1142,0.02,0.00,0.049,3.2,96039.6,0.00,0.000,0.000,2
42263,-0.046,0.031,1.002,-0.061,0.183,0.061,-63.809,266.261,159.036,0.9931,0.0117,-0.0254,-0.1139,0.01,0.00,0.034,3.2,96039.4,0.00,0.000,0.000,2
42463,-0.046,0.031,1.006,-0.183,0.244,0.183,-63.809,266.261,159.036,0.9931,0.0118,-0.0252,-0.1136,0.01,0.00,0.072,3.2,96043.1,0.00,0.000,0.000,2
42663,-0.047,0.029,1.002,-0.183,0.305,0.305,-63.809,266.261,159.036,0.9932,0.0117,-0.0254,-0.1134,0.02,0.00,0.039,3.2,96037.4,0.00,0.000,0.000,2
42863,-0.046,0.031,1.001,-0.183,0.244,0.244,-63.809,266.261,159.036,0.9932,0.0119,-0.0251,-0.1133,0.02,0.00,0.029,3.2,96045.3,0.00,0.000,0.000,2
43063,-0.046,0.030,1.000,-0.183,0.183,0.183,-63.809,266.261,159.036,0.9932,0.0118,-0.0253,-0.1132,0.02,0.00,0.020,3.2,96039.6,0.00,0.000,0.000,2
43263,-0.045,0.031,1.001,-0.122,0.305,0.244,-63.809,266.261,159.036,0.9932,0.0120,-0.0251,-0.1131,0.01,0.00,0.029,3.2,96042.4,0.00,0.000,0.000,2
43463,-0.046,0.032,1.001,-0.183,0.305,0.244,-63.809,266.261,159.036,0.9932,0.0122,-0.0253,-0.1130,0.01,0.00,0.025,3.2,96045.2,0.00,0.000,0.000,2
43663,-0.046,0.030,1.003,-0.122,0.244,0.183,-63.809,266.261,159.036,0.9932,0.0121,-0.0252,-0.1129,0.01,0.00,0.043,3.2,96042.4,0.00,0.000,0.000,2
43863,-0.045,0.030,1.004,-0.061,0.183,0.183,-62.036,270.337,156.196,0.9934,0.0117,-0.0252,-0.1115,0.01,0.00,0.052,3.2,96040.3,0.00,0.000,0.000,2
44063,-0.048,0.030,1.002,-0.061,0.305,0.122,-62.036,270.337,156.196,0.9935,0.0117,-0.0253,-0.1105,0.01,0.00,0.035,3.2,96041.0,0.00,0.000,0.000,2
44369,-0.045,0.031,1.006,-0.122,0.244,0.244,-62.036,270.337,156.196,0.9936,0.0121,-0.0245,-0.1095,0.01,0.00,0.072,3.1,96038.9,0.00,0.000,0.000,2
44463,-0.046,0.033,1.002,0.000,0.305,0.244,-74.443,268.978,176.075,0.9936,0.0122,-0.0246,-0.1098,0.01,0.00,0.039,3.2,96043.1,0.00,0.000,0.000,2
44663,-0.044,0.031,1.003,-0.183,0.244,0.183,-74.443,268.978,176.075,0.9933,0.0134,-0.0248,-0.1124,0.01,0.00,0.048,3.2,96046.7,0.00,0.000,0.000,2
44863,-0.045,0.030,1.005,-0.122,0.122,0.244,-74.443,268.978,176.075,0.9929,0.0141,-0.0250,-0.1150,0.01,0.00,0.062,3.3,96045.4,0.00,0.000,0.000,2
45063,-0.045,0.031,1.004,-0.061,0.305,0.366,-74.443,268.978,176.075,0.9926,0.0142,-0.0250,-0.1176,0.01,0.00,0.053,3.3,96040.3,0.00,0.000,0.000,2
45263,-0.047,0.030,1.004,-0.122,0.305,0.183,-74.443,268.978,176.075,0.9924,0.0141,-0.0252,-0.1198,0.01,0.00,0.058,3.3,96042.5,0.00,0.000,0.000,2
45463,-0.044,0.030,1.005,0.000,0.244,0.183,-74.443,268.978,176.075,0.9921,0.0139,-0.0252,-0.1218,0.01,0.00,0.066,3.3,96041.0,0.00,0.000,0.000,2
45663,-0.046,0.032,1.003,-0.061,0.183,0.244,-74.443,268.978,176.075,0.9919,0.0137,-0.0251,-0.1235,0.01,0.00,0.049,3.3,96037.6,0.00,0.000,0.000,2
45863,-0.045,0.030,1.003,-0.061,0.183,0.183,-74.443,268.978,176.075,0.9918,0.0132,-0.0252,-0.1249,0.01,0.00,0.048,3.3,96040.3,0.00,0.000,0.000,2
46063,-0.045,0.031,1.006,-0.061,0.244,0.244,-69.126,264.903,167.556,0.9917,0.0124,-0.0253,-0.1252,0.01,0.00,0.077,3.2,96041.9,0.00,0.000,0.000,2
46263,-0.047,0.031,1.002,-0.122,0.244,0.244,-69.126,264.903,167.556,0.9918,0.0119,-0.0252,-0.1246,0.01,0.00,0.035,3.2,96045.3,0.00,0.000,0.000,2
46463,-0.046,0.030,1.002,-0.061,0.305,0.183,-69.126,264.903,167.556,0.9919,0.0117,-0.0254,-0.1241,0.01,0.00,0.039,3.2,96040.3,0.00,0.000,0.000,2
46663,-0.045,0.032,0.999,-0.061,0.244,0.183,-69.126,264.903,167.556,0.9919,0.0117,-0.0251,-0.1238,0.01,0.00,0.005,3.2,96036.7,0.00,0.000,0.000,2
46863,-0.044,0.032,1.004,0.000,0.122,0.244,-69.126,264.903,167.556,0.9919,0.0119,-0.0251,-0.1236,0.01,0.00,0.053,3.2,96038.9,0.00,0.000,0.000,2
47063,-0.046,0.028,1.004,-0.122,0.305,0.244,-69.126,264.903,167.556,0.9920,0.0116,-0.0252,-0.1234,0.01,0.00,0.057,3.2,96040.3,0.00,0.000,0.000,2
47263,-0.046,0.031,1.006,-0.122,0.183,0.183,-69.126,264.903,167.556,0.9920,0.0117,-0.0253,-0.1233,0.01,0.00,0.073,3.2,96036.8,0.00,0.000,0.000,2
47463,-0.048,0.031,1.004,-0.122,0.305,0.305,-69.126,264.903,167.556,0.9920,0.0118,-0.0253,-0.1232,0.01,0.00,0.054,3.2,96039.0,0.00,0.000,0.000,2
47663,-0.046,0.030,1.001,-0.122,0.305,0.244,-69.126,264.903,167.556,0.9920,0.0118,-0.0253,-0.1231,0.01,0.00,0.025,3.2,96041.9,0.00,0.000,0.000,2
47863,-0.046,0.031,1.003,-0.122,0.183,0.244,-69.126,264.903,167.556,0.9920,0.0118,-0.0253,-0.1230,0.01,0.00,0.044,3.2,96040.3,0.00,0.000,0.000,2
48063,-0.044,0.031,1.005,-0.061,0.305,0.122,-69.126,264.903,167.556,0.9920,0.0118,-0.0251,-0.1230,0.01,0.00,0.067,3.2,96039.0,0.00,0.000,0.000,2
48263,-0.046,0.031,1.003,-0.183,0.183,0.183,-69.126,264.903,167.556,0.9920,0.0117,-0.0253,-0.1230,0.01,0.00,0.044,3.2,96041.2,0.00,0.000,0.000,2
48463,-0.049,0.031,1.000,-0.061,0.244,0.244,-69.126,264.903,167.556,0.9920,0.0118,-0.0254,-0.1230,0.01,0.00,0.021,3.2,96038.3,0.00,0.000,0.000,2
48663,-0.048,0.032,1.006,-0.061,0.244,0.183,-69.126,264.903,167.556,0.9920,0.0118,-0.0255,-0.1229,0.01,0.00,0.074,3.2,96039.7,0.00,0.000,0.000,2
48863,-0.047,0.029,1.001,-0.122,0.244,0.244,-69.126,264.903,167.556,0.9920,0.0116,-0.0254,-0.1229,0.01,0.00,0.029,3.2,96039.8,0.00,0.000,0.000,2
49063,-0.046,0.030,1.005,-0.061,0.244,0.183,-69.126,264.903,167.556,0.9920,0.0117,-0.0254,-0.1230,0.01,0.00,0.063,3.2,96038.4,0.00,0.000,0.000,2
49263,-0.046,0.029,1.004,-0.061,0.305,0.244,-69.126,264.903,167.556,0.9920,0.0116,-0.0254,-0.1230,0.02,0.00,0.053,3.2,96037.0,0.00,0.000,0.000,2
49463,-0.045,0.030,1.004,-0.061,0.305,0.244,-69.126,264.903,167.556,0.9920,0.0119,-0.0252,-0.1230,0.02,0.00,0.053,3.2,96039.0,0.00,0.000,0.000,2
49663,-0.046,0.030,1.003,-0.122,0.305,0.183,-69.126,264.903,167.556,0.9920,0.0119,-0.0253,-0.1229,0.02,0.00,0.048,3.2,96037.6,0.00,0.000,0.000,2
49863,-0.046,0.031,1.003,-0.061,0.305,0.183,-69.126,264.903,167.556,0.9920,0.0120,-0.0254,-0.1229,0.02,0.00,0.044,3.2,96039.7,0.00,0.000,0.000,2
50063,-0.047,0.031,1.001,-0.061,0.305,0.183,-69.126,264.903,167.556,0.9920,0.0119,-0.0253,-0.1229,0.02,0.00,0.025,3.2,96044.0,0.00,0.000,0.000,2
50263,-0.047,0.029,1.002,-0.122,0.244,0.183,-69.126,264.903,167.556,0.9920,0.0117,-0.0256,-0.1229,0.01,0.00,0.039,3.2,96041.8,0.00,0.000,0.000,2
50463,-0.045,0.030,1.002,-0.183,0.244,0.183,-69.126,264.903,167.556,0.9920,0.0117,-0.0255,-0.1229,0.01,0.00,0.038,3.2,96040.4,0.00,0.000,0.000,2
50663,-0.047,0.030,1.000,-0.183,0.305,0.122,-54.946,251.318,156.196,0.9920,0.0116,-0.0258,-0.1226,0.01,0.00,0.020,3.2,96039.7,0.00,0.000,0.000,2
50863,-0.046,0.029,1.004,-0.061,0.244,0.183,-54.946,251.318,156.196,0.9923,0.0101,-0.0260,-0.1204,0.01,0.00,0.053,3.2,96041.1,0.00,0.000,0.000,2
51063,-0.046,0.032,1.004,-0.061,0.366,0.183,-54.946,251.318,156.196,0.9926,0.0095,-0.0260,-0.1179,0.01,0.00,0.053,3.2,96043.3,0.00,0.000,0.000,2
51263,-0.047,0.030,1.000,-0.183,0.366,0.122,-54.946,251.318,156.196,0.9929,0.0093,-0.0259,-0.1155,0.02,0.00,0.020,3.2,96041.9,0.00,0.000,0.000,2
51463,-0.045,0.033,1.003,-0.061,0.305,0.244,-54.946,251.318,156.196,0.9932,0.0096,-0.0258,-0.1133,0.02,0.00,0.043,3.2,96038.3,0.00,0.000,0.000,2
51663,-0.047,0.031,1.004,-0.183,0.244,0.244,-54.946,251.318,156.196,0.9934,0.0099,-0.0255,-0.1112,0.02,0.00,0.053,3.1,96041.8,0.00,0.000,0.000,2
51863,-0.046,0.032,1.004,-0.061,0.305,0.183,-54.946,251.318,156.196,0.9936,0.0104,-0.0257,-0.1093,0.02,0.00,0.058,3.2,96039.8,0.00,0.000,0.000,2
52063,-0.045,0.030,1.004,-0.183,0.305,0.183,-54.946,251.318,156.196,0.9938,0.0108,-0.0255,-0.1076,0.02,0.00,0.053,3.2,96036.2,0.00,0.000,0.000,2
52263,-0.046,0.030,1.003,-0.061,0.244,0.183,-54.946,251.318,156.196,0.9940,0.0111,-0.0253,-0.1063,0.02,0.00,0.044,3.2,96043.3,0.00,0.000,0.000,2
52463,-0.046,0.031,1.003,-0.061,0.244,0.366,-54.946,251.318,156.196,0.9941,0.0117,-0.0252,-0.1051,0.02,0.00,0.044,3.2,96034.1,0.00,0.000,0.000,2
52663,-0.044,0.031,1.001,-0.061,0.366,0.122,-54.946,251.318,156.196,0.9942,0.0117,-0.0251,-0.1042,0.02,0.00,0.029,3.2,96041.3,0.00,0.000,0.000,2
52863,-0.047,0.030,1.005,-0.061,0.366,0.122,-54.946,251.318,156.196,0.9942,0.0119,-0.0252,-0.1036,0.02,0.00,0.063,3.2,96039.1,0.00,0.000,0.000,2
53063,-0.044,0.032,1.004,-0.061,0.427,0.183,-54.946,251.318,156.196,0.9943,0.0121,-0.0250,-0.1032,0.02,0.00,0.058,3.2,96039.1,0.00,0.000,0.000,2
53263,-0.045,0.031,1.003,-0.122,0.244,0.183,-54.946,251.318,156.196,0.9943,0.0121,-0.0251,-0.1028,0.02,0.00,0.048,3.2,96039.1,0.00,0.000,0.000,2
53463,-0.047,0.030,1.007,-0.061,0.244,0.183,-54.946,251.318,156.196,0.9943,0.0122,-0.0251,-0.1026,0.02,0.00,0.082,3.2,96037.8,0.00,0.000,0.000,2
53663,-0.046,0.030,1.002,-0.061,0.183,0.122,-54.946,251.318,156.196,0.9944,0.0124,-0.0250,-0.1024,0.02,0.00,0.039,3.2,96044.8,0.00,0.000,0.000,2
53863,-0.046,0.031,1.000,-0.122,0.366,0.183,-54.946,251.318,156.196,0.9944,0.0123,-0.0247,-0.1023,0.02,0.00,0.011,3.2,96039.1,0.00,0.000,0.000,2
54063,-0.045,0.030,1.002,-0.183,0.244,0.183,-54.946,251.318,156.196,0.9944,0.0122,-0.0249,-0.1022,0.02,0.00,0.038,3.2,96040.6,0.00,0.000,0.000,2
54263,-0.047,0.032,1.003,-0.122,0.305,0.244,-54.946,251.318,156.196,0.9944,0.0125,-0.0251,-0.1022,0.02,0.00,0.049,3.2,96033.6,0.00,0.000,0.000,2
54463,-0.046,0.029,1.002,-0.183,0.244,0.061,-54.946,281.205,133.476,0.9945,0.0117,-0.0254,-0.1005,0.02,0.00,0.038,3.2,96037.8,0.00,0.000,0.000,2
54663,-0.047,0.031,1.001,-0.122,0.305,0.244,-54.946,281.205,133.476,0.9948,0.0113,-0.0253,-0.0983,0.02,0.00,0.030,3.2,96032.6,0.00,0.000,0.000,2
54863,-0.047,0.032,1.004,-0.122,0.305,0.244,-54.946,281.205,133.476,0.9950,0.0116,-0.0251,-0.0965,0.02,0.00,0.059,3.2,96039.1,0.00,0.000,0.000,2
55063,-0.046,0.032,1.004,-0.183,0.244,0.244,-54.946,281.205,133.476,0.9951,0.0119,-0.0249,-0.0951,0.02,0.00,0.054,3.2,96037.2,0.00,0.000,0.000,2
55263,-0.045,0.033,1.004,-0.122,0.183,0.183,-54.946,281.205,133.476,0.9952,0.0121,-0.0249,-0.0940,0.02,0.00,0.054,3.2,96041.2,0.00,0.000,0.000,2
55463,-0.044,0.030,1.001,0.000,0.183,0.183,-74.443,266.261,164.716,0.9950,0.0133,-0.0251,-0.0959,0.02,0.00,0.024,3.2,96042.1,0.00,0.000,0.000,2
55663,-0.046,0.032,1.000,-0.061,0.366,0.122,-74.443,266.261,164.716,0.9947,0.0144,-0.0253,-0.0988,0.02,0.00,0.020,3.3,96039.1,0.00,0.000,0.000,2
55863,-0.046,0.030,1.003,-0.061,0.305,0.122,-74.443,266.261,164.716,0.9944,0.0153,-0.0254,-0.1017,0.02,0.00,0.044,3.4,96040.0,0.00,0.000,0.000,2
56063,-0.046,0.030,1.003,-0.061,0.305,0.183,-74.443,266.261,164.716,0.9941,0.0159,-0.0255,-0.1046,0.02,0.00,0.048,3.4,96036.9,0.00,0.000,0.000,2
56263,-0.047,0.028,1.001,-0.122,0.244,0.183,-74.443,266.261,164.716,0.9937,0.0162,-0.0255,-0.1075,0.02,0.00,0.024,3.5,96044.1,0.00,0.000,0.000,2
56463,-0.046,0.031,1.002,-0.061,0.305,0.244,-74.443,266.261,164.716,0.9934,0.0162,-0.0256,-0.1105,0.02,0.00,0.034,3.5,96037.1,0.00,0.000,0.000,2
56663,-0.047,0.030,1.003,0.000,0.122,0.244,-74.443,266.261,164.716,0.9931,0.0161,-0.0256,-0.1133,0.02,0.00,0.049,3.5,96037.8,0.00,0.000,0.000,2
56863,-0.047,0.032,1.002,0.000,0.305,0.183,-74.443,266.261,164.716,0.9928,0.0158,-0.0256,-0.1159,0.02,0.00,0.039,3.4,96040.7,0.00,0.000,0.000,2
57063,-0.046,0.029,1.001,-0.061,0.244,0.183,-74.443,266.261,164.716,0.9925,0.0153,-0.0255,-0.1184,0.02,0.00,0.024,3.4,96038.6,0.00,0.000,0.000,2
57263,-0.047,0.030,1.000,-0.183,0.305,0.183,-74.443,266.261,164.716,0.9923,0.0146,-0.0256,-0.1206,0.02,0.00,0.015,3.4,96039.9,0.00,0.000,0.000,2
57463,-0.047,0.031,1.006,-0.061,0.244,0.122,-74.443,266.261,164.716,0.9920,0.0141,-0.0255,-0.1227,0.02,0.00,0.073,3.3,96041.3,0.00,0.000,0.000,2
57663,-0.046,0.031,1.000,-0.122,0.305,0.244,-69.126,256.752,173.235,0.9919,0.0134,-0.0254,-0.1239,0.02,0.00,0.015,3.3,96039.3,0.00,0.000,0.000,2
57863,-0.047,0.030,1.003,0.000,0.366,0.183,-69.126,256.752,173.235,0.9918,0.0125,-0.0255,-0.1244,0.02,0.00,0.049,3.3,96036.3,0.00,0.000,0.000,2
58063,-0.046,0.030,1.000,-0.122,0.244,0.183,-69.126,256.752,173.235,0.9918,0.0123,-0.0254,-0.1250,0.02,0.00,0.010,3.2,96035.7,0.00,0.000,0.000,2
58263,-0.047,0.030,1.006,-0.061,0.305,0.244,-69.126,256.752,173.235,0.9917,0.0120,-0.0254,-0.1253,0.02,0.00,0.073,3.2,96038.6,0.00,0.000,0.000,2
58463,-0.048,0.030,1.000,-0.122,0.183,0.183,-69.126,256.752,173.235,0.9917,0.0118,-0.0254,-0.1256,0.02,0.00,0.016,3.2,96039.3,0.00,0.000,0.000,2
58663,-0.046,0.030,1.003,-0.122,0.244,0.183,-69.126,256.752,173.235,0.9917,0.0118,-0.0254,-0.1259,0.02,0.00,0.048,3.2,96037.2,0.00,0.000,0.000,2
58863,-0.046,0.030,1.003,-0.061,0.305,0.305,-69.126,256.752,173.235,0.9916,0.0119,-0.0253,-0.1260,0.02,0.00,0.048,3.2,96039.9,0.00,0.000,0.000,2
59063,-0.047,0.030,1.001,0.000,0.183,0.244,-69.126,256.752,173.235,0.9916,0.0117,-0.0255,-0.1262,0.02,0.00,0.029,3.2,96040.7,0.00,0.000,0.000,2
59263,-0.047,0.031,1.003,-0.061,0.244,0.183,-69.126,256.752,173.235,0.9916,0.0118,-0.0254,-0.1262,0.02,0.00,0.049,3.2,96039.2,0.00,0.000,0.000,2
59463,-0.047,0.029,1.003,-0.061,0.244,0.183,-69.126,256.752,173.235,0.9916,0.0117,-0.0256,-0.1263,0.02,0.00,0.044,3.2,96042.0,0.00,0.000,0.000,2
59663,-0.048,0.030,1.002,-0.183,0.244,0.244,-69.126,256.752,173.235,0.9916,0.0116,-0.0258,-0.1264,0.02,0.00,0.035,3.2,96039.2,0.00,0.000,0.000,2
59863,-0.046,0.029,1.003,-0.061,0.305,0.305,-69.126,256.752,173.235,0.9916,0.0116,-0.0254,-0.1265,0.02,0.00,0.043,3.2,96035.7,0.00,0.000,0.000,2
60063,-0.045,0.030,1.001,-0.183,0.244,0.183,-69.126,256.752,173.235,0.9916,0.0117,-0.0252,-0.1265,0.02,0.00,0.024,3.2,96040.0,0.00,0.000,0.000,2
60263,-0.049,0.033,1.003,-0.061,0.183,0.122,-69.126,256.752,173.235,0.9916,0.0117,-0.0254,-0.1266,0.02,0.00,0.046,3.2,96035.8,0.00,0.000,0.000,2
60463,-0.047,0.032,1.003,-0.061,0.305,0.244,-69.126,256.752,173.235,0.9916,0.0118,-0.0256,-0.1266,0.02,0.00,0.050,3.2,96038.0,0.00,0.000,0.000,2
60663,-0.048,0.030,1.004,-0.122,0.244,0.244,-69.126,256.752,173.235,0.9916,0.0118,-0.0256,-0.1266,0.02,0.00,0.059,3.2,96037.9,0.00,0.000,0.000,2
60863,-0.047,0.031,1.001,-0.061,0.366,0.183,-69.126,256.752,173.235,0.9916,0.0119,-0.0257,-0.1266,0.02,0.00,0.030,3.2,96038.5,0.00,0.000,0.000,2
61063,-0.046,0.029,1.003,-0.061,0.244,0.183,-69.126,256.752,173.235,0.9916,0.0117,-0.0255,-0.1265,0.02,0.00,0.048,3.2,96036.5,0.00,0.000,0.000,2
61263,-0.048,0.030,1.001,-0.061,0.305,0.183,-69.126,256.752,173.235,0.9916,0.0117,-0.0256,-0.1266,0.02,0.00,0.030,3.2,96042.9,0.00,0.000,0.000,2
61463,-0.046,0.031,1.003,0.000,0.183,0.183,-69.126,256.752,173.235,0.9916,0.0118,-0.0255,-0.1266,0.02,0.00,0.049,3.2,96033.7,0.00,0.000,0.000,2
61663,-0.046,0.031,1.003,-0.061,0.305,0.244,-69.126,256.752,173.235,0.9916,0.0117,-0.0255,-0.1266,0.02,0.00,0.044,3.2,96037.8,0.00,0.000,0.000,2
61863,-0.047,0.028,1.004,-0.122,0.244,0.183,-69.126,256.752,173.235,0.9916,0.0114,-0.0257,-0.1266,0.02,0.00,0.058,3.2,96038.7,0.00,0.000,0.000,2
62063,-0.046,0.030,1.001,-0.122,0.183,0.183,-69.126,256.752,173.235,0.9915,0.0114,-0.0256,-0.1267,0.02,0.00,0.029,3.2,96038.7,0.00,0.000,0.000,2
62263,-0.046,0.030,1.003,-0.183,0.305,0.305,-77.988,260.827,153.356,0.9913,0.0124,-0.0256,-0.1287,0.02,0.00,0.048,3.3,96038.7,0.00,0.000,0.000,2
62463,-0.047,0.031,1.001,0.000,0.305,0.183,-77.988,260.827,153.356,0.9910,0.0131,-0.0256,-0.1309,0.02,0.00,0.025,3.3,96037.2,0.00,0.000,0.000,2
62663,-0.046,0.030,1.002,-0.061,0.305,0.183,-77.988,260.827,153.356,0.9907,0.0132,-0.0256,-0.1328,0.02,0.00,0.039,3.3,96038.7,0.00,0.000,0.000,2
62863,-0.045,0.030,1.003,-0.122,0.183,0.183,-77.988,260.827,153.356,0.9905,0.0129,-0.0256,-0.1344,0.02,0.00,0.048,3.3,96040.0,0.00,0.000,0.000,2
63063,-0.045,0.029,1.004,-0.244,0.244,0.244,-77.988,260.827,153.356,0.9903,0.0126,-0.0255,-0.1358,0.02,0.00,0.052,3.3,96036.6,0.00,0.000,0.000,2
63263,-0.046,0.031,1.001,-0.061,0.244,0.244,-77.988,260.827,153.356,0.9902,0.0127,-0.0255,-0.1370,0.02,0.00,0.029,3.3,96041.6,0.00,0.000,0.000,2
63463,-0.048,0.029,1.000,-0.061,0.183,0.244,-77.988,260.827,153.356,0.9900,0.0124,-0.0257,-0.1379,0.02,0.00,0.016,3.3,96041.6,0.00,0.000,0.000,2
63663,-0.046,0.029,1.002,-0.061,0.305,0.244,-77.988,260.827,153.356,0.9899,0.0121,-0.0258,-0.1386,0.02,0.00,0.038,3.3,96043.6,0.00,0.000,0.000,2
63863,-0.044,0.032,1.002,-0.122,0.244,0.183,-77.988,260.827,153.356,0.9899,0.0120,-0.0255,-0.1392,0.02,0.00,0.039,3.2,96039.4,0.00,0.000,0.000,2
64063,-0.045,0.030,1.003,-0.122,0.305,0.305,-77.988,260.827,153.356,0.9898,0.0118,-0.0254,-0.1397,0.02,0.00,0.043,3.2,96038.7,0.00,0.000,0.000,2
64263,-0.047,0.030,1.000,-0.183,0.305,0.305,-77.988,260.827,153.356,0.9897,0.0116,-0.0256,-0.1402,0.02,0.00,0.020,3.2,96040.8,0.00,0.000,0.000,2
64463,-0.046,0.030,1.001,-0.122,0.244,0.244,-77.988,260.827,153.356,0.9897,0.0115,-0.0256,-0.1405,0.02,0.00,0.029,3.2,96040.7,0.00,0.000,0.000,2
64663,-0.047,0.032,1.000,0.000,0.427,0.122,-77.988,260.827,153.356,0.9896,0.0115,-0.0257,-0.1407,0.02,0.00,0.016,3.2,96040.2,0.00,0.000,0.000,2
64863,-0.047,0.031,1.002,-0.122,0.244,0.183,-77.988,260.827,153.356,0.9896,0.0114,-0.0257,-0.1409,0.02,0.00,0.035,3.2,96038.1,0.00,0.000,0.000,2
65063,-0.048,0.031,1.004,-0.061,0.244,0.122,-77.988,260.827,153.356,0.9896,0.0113,-0.0258,-0.1410,0.02,0.00,0.054,3.2,96037.3,0.00,0.000,0.000,2
65263,-0.045,0.032,1.004,-0.122,0.183,0.183,-77.988,260.827,153.356,0.9896,0.0113,-0.0257,-0.1412,0.02,0.00,0.053,3.2,96039.3,0.00,0.000,0.000,2
65463,-0.049,0.031,1.001,-0.122,0.305,0.183,-77.988,260.827,153.356,0.9896,0.0113,-0.0256,-0.1413,0.02,0.00,0.031,3.2,96040.8,0.00,0.000,0.000,2
65663,-0.046,0.030,1.004,-0.183,0.244,0.183,-77.988,260.827,153.356,0.9896,0.0112,-0.0255,-0.1414,0.02,0.00,0.058,3.2,96042.3,0.00,0.000,0.000,2
65863,-0.045,0.032,1.005,-0.061,0.244,0.244,-77.988,260.827,153.356,0.9895,0.0113,-0.0256,-0.1415,0.02,0.00,0.063,3.2,96038.0,0.00,0.000,0.000,2
66063,-0.045,0.028,1.006,-0.122,0.244,0.244,-77.988,260.827,153.356,0.9895,0.0112,-0.0254,-0.1415,0.02,0.00,0.071,3.2,96039.6,0.00,0.000,0.000,2
66263,-0.046,0.029,1.003,-0.122,0.305,0.183,-77.988,260.827,153.356,0.9895,0.0111,-0.0254,-0.1416,0.02,0.00,0.048,3.2,96038.0,0.00,0.000,0.000,2
66463,-0.045,0.030,1.002,0.000,0.305,0.244,-77.988,260.827,153.356,0.9895,0.0111,-0.0254,-0.1416,0.02,0.00,0.034,3.2,96037.3,0.00,0.000,0.000,2
66663,-0.047,0.030,1.003,-0.122,0.183,0.183,-77.988,260.827,153.356,0.9895,0.0111,-0.0255,-0.1417,0.02,0.00,0.049,3.2,96035.1,0.00,0.000,0.000,2
66863,-0.045,0.030,1.003,-0.183,0.305,0.183,-77.988,260.827,153.356,0.9895,0.0111,-0.0255,-0.1417,0.02,0.00,0.043,3.2,96035.9,0.00,0.000,0.000,2
67063,-0.045,0.031,1.000,-0.061,0.305,0.183,-77.988,260.827,153.356,0.9895,0.0112,-0.0256,-0.1418,0.02,0.00,0.010,3.2,96035.9,0.00,0.000,0.000,2
67263,-0.046,0.029,1.001,-0.061,0.244,0.122,-77.988,260.827,153.356,0.9895,0.0112,-0.0258,-0.1417,0.02,0.00,0.029,3.2,96035.9,0.00,0.000,0.000,2
67463,-0.047,0.030,1.006,-0.122,0.244,0.122,-77.988,260.827,153.356,0.9895,0.0111,-0.0256,-0.1417,0.02,0.00,0.073,3.2,96042.2,0.00,0.000,0.000,2
67663,-0.045,0.029,1.005,-0.122,0.366,0.183,-77.988,260.827,153.356,0.9895,0.0111,-0.0256,-0.1417,0.02,0.00,0.062,3.2,96042.8,0.00,0.000,0.000,2
67863,-0.045,0.030,1.001,0.000,0.366,0.183,-77.988,260.827,153.356,0.9895,0.0112,-0.0255,-0.1417,0.02,0.00,0.029,3.2,96042.4,0.00,0.000,0.000,2
68063,-0.047,0.029,1.000,-0.122,0.244,0.244,-77.988,260.827,153.356,0.9895,0.0111,-0.0255,-0.1417,0.02,0.00,0.020,3.2,96041.4,0.00,0.000,0.000,2
68263,-0.046,0.030,1.004,-0.183,0.244,0.122,-77.988,260.827,153.356,0.9895,0.0110,-0.0255,-0.1417,0.02,0.00,0.058,3.2,96041.6,0.00,0.000,0.000,2
68496,-0.045,0.032,1.001,-0.061,0.366,0.244,-62.036,273.054,139.156,0.9896,0.0107,-0.0258,-0.1414,0.02,0.00,0.029,3.2,96039.5,0.00,0.000,0.000,2
68663,-0.046,0.030,1.006,-0.122,0.305,0.244,-54.946,262.186,139.156,0.9899,0.0095,-0.0262,-0.1393,0.02,0.00,0.072,3.2,96038.7,0.00,0.000,0.000,2
68863,-0.047,0.032,1.002,0.000,0.366,0.183,-54.946,262.186,139.156,0.9902,0.0082,-0.0265,-0.1369,0.02,0.00,0.034,3.2,96038.1,0.00,0.000,0.000,2
69063,-0.046,0.029,1.002,-0.061,0.305,0.183,-54.946,262.186,139.156,0.9905,0.0073,-0.0268,-0.1344,0.02,0.00,0.033,3.2,96039.4,0.00,0.000,0.000,2
69263,-0.046,0.030,1.000,-0.061,0.244,0.183,-54.946,262.186,139.156,0.9909,0.0066,-0.0269,-0.1319,0.02,0.00,0.019,3.2,96038.7,0.00,0.000,0.000,2
69463,-0.047,0.031,1.001,-0.061,0.305,0.244,-54.946,262.186,139.156,0.9912,0.0061,-0.0269,-0.1293,0.02,0.00,0.029,3.2,96036.7,0.00,0.000,0.000,2
69663,-0.048,0.031,1.003,-0.122,0.366,0.244,-54.946,262.186,139.156,0.9915,0.0061,-0.0270,-0.1268,0.02,0.00,0.044,3.2,96038.2,0.00,0.000,0.000,2
69863,-0.045,0.031,1.002,-0.061,0.305,0.183,-54.946,262.186,139.156,0.9919,0.0062,-0.0269,-0.1243,0.02,0.00,0.033,3.2,96035.9,0.00,0.000,0.000,2
70063,-0.044,0.031,1.001,0.000,0.183,0.305,-54.946,262.186,139.156,0.9922,0.0064,-0.0267,-0.1217,0.02,0.00,0.028,3.2,96038.1,0.00,0.000,0.000,2
70263,-0.046,0.033,1.005,-0.122,0.305,0.244,-54.946,262.186,139.156,0.9925,0.0068,-0.0266,-0.1193,0.02,0.00,0.063,3.1,96038.7,0.00,0.000,0.000,2
70463,-0.046,0.031,1.005,-0.122,0.244,0.305,-54.946,262.186,139.156,0.9928,0.0073,-0.0264,-0.1169,0.02,0.00,0.067,3.1,96038.0,0.00,0.000,0.000,2
70663,-0.046,0.030,1.002,-0.061,0.244,0.244,-54.946,262.186,139.156,0.9930,0.0079,-0.0264,-0.1145,0.02,0.00,0.033,3.2,96040.8,0.00,0.000,0.000,2
70863,-0.047,0.029,1.003,-0.122,0.183,0.244,-54.946,262.186,139.156,0.9933,0.0084,-0.0261,-0.1122,0.02,0.00,0.044,3.1,96038.0,0.00,0.000,0.000,2
71063,-0.046,0.030,1.006,-0.061,0.244,0.244,-54.946,262.186,139.156,0.9936,0.0090,-0.0258,-0.1100,0.02,0.00,0.072,3.1,96037.4,0.00,0.000,0.000,2
71263,-0.048,0.030,1.001,-0.122,0.244,0.183,-54.946,262.186,139.156,0.9938,0.0096,-0.0257,-0.1079,0.02,0.00,0.025,3.2,96044.4,0.00,0.000,0.000,2
71463,-0.046,0.030,1.003,-0.061,0.366,0.183,-54.946,262.186,139.156,0.9940,0.0102,-0.0255,-0.1059,0.02,0.00,0.043,3.1,96036.1,0.00,0.000,0.000,2
71663,-0.047,0.030,1.002,-0.122,0.366,0.122,-54.946,262.186,139.156,0.9942,0.0108,-0.0255,-0.1041,0.02,0.00,0.034,3.2,96040.2,0.00,0.000,0.000,2
71863,-0.046,0.031,1.002,-0.183,0.305,0.244,-54.946,262.186,139.156,0.9943,0.0111,-0.0254,-0.1025,0.02,0.00,0.034,3.2,96037.3,0.00,0.000,0.000,2
72063,-0.046,0.031,1.005,-0.122,0.244,0.244,-54.946,262.186,139.156,0.9945,0.0116,-0.0250,-0.1014,0.02,0.00,0.063,3.2,96041.6,0.00,0.000,0.000,2
72263,-0.046,0.031,1.001,-0.122,0.366,0.183,-54.946,262.186,139.156,0.9945,0.0120,-0.0252,-0.1005,0.02,0.00,0.025,3.2,96040.9,0.00,0.000,0.000,2
72463,-0.046,0.030,1.003,-0.061,0.244,0.183,-54.946,262.186,139.156,0.9946,0.0122,-0.0250,-0.0998,0.02,0.00,0.044,3.2,96038.2,0.00,0.000,0.000,2
72663,-0.048,0.030,1.002,-0.122,0.244,0.183,-54.946,262.186,139.156,0.9947,0.0122,-0.0253,-0.0994,0.02,0.00,0.035,3.2,96036.6,0.00,0.000,0.000,2
72863,-0.048,0.031,1.005,-0.122,0.244,0.305,-54.946,262.186,139.156,0.9947,0.0125,-0.0252,-0.0990,0.02,0.00,0.068,3.2,96042.2,0.00,0.000,0.000,2
73063,-0.045,0.030,1.004,-0.122,0.305,0.183,-54.946,262.186,139.156,0.9947,0.0124,-0.0251,-0.0988,0.02,0.00,0.053,3.2,96039.6,0.00,0.000,0.000,2
73263,-0.048,0.029,1.004,-0.122,0.305,0.244,-70.898,260.827,159.036,0.9944,0.0134,-0.0251,-0.1013,0.02,0.00,0.058,3.3,96038.7,0.00,0.000,0.000,2
73463,-0.045,0.031,1.006,-0.061,0.244,0.183,-70.898,260.827,159.036,0.9941,0.0145,-0.0252,-0.1042,0.02,0.00,0.072,3.3,96034.5,0.00,0.000,0.000,2
73663,-0.048,0.032,1.000,-0.061,0.183,0.183,-70.898,260.827,159.036,0.9938,0.0151,-0.0253,-0.1070,0.02,0.00,0.016,3.4,96042.4,0.00,0.000,0.000,2
73863,-0.046,0.031,1.006,-0.183,0.305,0.183,-70.898,260.827,159.036,0.9935,0.0154,-0.0252,-0.1098,0.02,0.00,0.077,3.4,96037.4,0.00,0.000,0.000,2
74063,-0.047,0.030,1.002,-0.061,0.244,0.244,-70.898,260.827,159.036,0.9932,0.0153,-0.0252,-0.1125,0.02,0.00,0.034,3.4,96038.0,0.00,0.000,0.000,2
74263,-0.047,0.030,1.002,-0.061,0.183,0.244,-70.898,260.827,159.036,0.9929,0.0151,-0.0252,-0.1150,0.02,0.00,0.034,3.4,96039.5,0.00,0.000,0.000,2
74463,-0.047,0.030,1.002,-0.061,0.244,0.122,-70.898,260.827,159.036,0.9927,0.0146,-0.0253,-0.1173,0.02,0.00,0.039,3.3,96041.4,0.00,0.000,0.000,2
74663,-0.045,0.029,1.002,-0.061,0.305,0.244,-70.898,260.827,159.036,0.9924,0.0141,-0.0252,-0.1194,0.02,0.00,0.033,3.3,96040.9,0.00,0.000,0.000,2
74863,-0.046,0.029,1.002,-0.122,0.305,0.183,-70.898,260.827,159.036,0.9922,0.0135,-0.0251,-0.1212,0.02,0.00,0.034,3.3,96039.5,0.00,0.000,0.000,2
75063,-0.046,0.031,0.999,-0.183,0.305,0.122,-70.898,260.827,159.036,0.9920,0.0130,-0.0252,-0.1227,0.02,0.00,0.006,3.2,96042.2,0.00,0.000,0.000,2
75263,-0.046,0.028,0.998,-0.061,0.305,0.122,-70.898,260.827,159.036,0.9919,0.0127,-0.0253,-0.1240,0.02,-0.00,-0.005,3.2,96039.6,0.00,0.000,0.000,2
75463,-0.044,0.032,1.003,-0.061,0.305,0.244,-56.719,263.544,170.395,0.9918,0.0120,-0.0254,-0.1245,0.02,0.00,0.043,3.2,96038.2,0.00,0.000,0.000,2
75663,-0.047,0.030,1.003,-0.061,0.244,0.244,-56.719,263.544,170.395,0.9921,0.0103,-0.0257,-0.1222,0.02,0.00,0.049,3.2,96039.0,0.00,0.000,0.000,2
75863,-0.047,0.028,1.003,-0.061,0.305,0.244,-56.719,263.544,170.395,0.9924,0.0091,-0.0260,-0.1198,0.02,0.00,0.043,3.2,96034.7,0.00,0.000,0.000,2
76063,-0.046,0.030,1.000,-0.183,0.305,0.244,-56.719,263.544,170.395,0.9927,0.0086,-0.0260,-0.1173,0.02,0.00,0.014,3.1,96041.7,0.00,0.000,0.000,2
76263,-0.047,0.030,1.004,-0.061,0.305,0.183,-56.719,263.544,170.395,0.9930,0.0088,-0.0261,-0.1149,0.02,0.00,0.058,3.2,96041.1,0.00,0.000,0.000,2
76463,-0.047,0.030,1.004,-0.061,0.244,0.183,-56.719,263.544,170.395,0.9933,0.0090,-0.0259,-0.1126,0.02,0.00,0.058,3.1,96041.7,0.00,0.000,0.000,2
76663,-0.047,0.033,1.001,0.000,0.366,0.183,-56.719,263.544,170.395,0.9935,0.0096,-0.0259,-0.1105,0.02,0.00,0.030,3.2,96037.5,0.00,0.000,0.000,2
76863,-0.047,0.030,1.004,-0.122,0.183,0.244,-56.719,263.544,170.395,0.9937,0.0101,-0.0256,-0.1085,0.02,0.00,0.058,3.2,96039.7,0.00,0.000,0.000,2
77063,-0.046,0.029,1.002,-0.061,0.366,0.244,-56.719,263.544,170.395,0.9939,0.0104,-0.0255,-0.1067,0.02,0.00,0.033,3.2,96038.9,0.00,0.000,0.000,2
77263,-0.046,0.030,1.000,-0.061,0.244,0.183,-56.719,263.544,170.395,0.9941,0.0108,-0.0254,-0.1051,0.02,0.00,0.019,3.2,96040.2,0.00,0.000,0.000,2
77463,-0.046,0.031,1.003,-0.183,0.305,0.244,-56.719,263.544,170.395,0.9942,0.0115,-0.0252,-0.1039,0.02,0.00,0.044,3.2,96039.7,0.00,0.000,0.000,2
77663,-0.046,0.032,1.002,-0.122,0.244,0.183,-56.719,263.544,170.395,0.9943,0.0117,-0.0252,-0.1028,0.02,0.00,0.035,3.2,96040.3,0.00,0.000,0.000,2
77863,-0.047,0.030,1.003,-0.061,0.183,0.244,-76.216,262.186,139.156,0.9940,0.0129,-0.0254,-0.1052,0.02,0.00,0.044,3.3,96038.3,0.00,0.000,0.000,2
78063,-0.047,0.029,1.002,-0.183,0.366,0.183,-76.216,262.186,139.156,0.9937,0.0139,-0.0256,-0.1081,0.02,0.00,0.034,3.3,96041.7,0.00,0.000,0.000,2
78263,-0.046,0.030,1.003,-0.122,0.305,0.183,-76.216,262.186,139.156,0.9934,0.0147,-0.0256,-0.1109,0.02,0.00,0.048,3.4,96039.0,0.00,0.000,0.000,2
78463,-0.046,0.031,1.005,0.000,0.244,0.183,-76.216,262.186,139.156,0.9931,0.0152,-0.0255,-0.1138,0.02,0.00,0.063,3.4,96039.7,0.00,0.000,0.000,2
78663,-0.046,0.030,1.002,-0.061,0.244,0.183,-76.216,262.186,139.156,0.9927,0.0153,-0.0256,-0.1167,0.02,0.00,0.034,3.4,96039.0,0.00,0.000,0.000,2
78863,-0.044,0.030,1.004,-0.122,0.305,0.183,-76.216,262.186,139.156,0.9924,0.0153,-0.0255,-0.1194,0.02,0.00,0.057,3.4,96039.6,0.00,0.000,0.000,2
79063,-0.045,0.033,1.001,-0.122,0.183,0.244,-76.216,262.186,139.156,0.9921,0.0151,-0.0255,-0.1220,0.02,0.00,0.030,3.4,96041.8,0.00,0.000,0.000,2
79263,-0.045,0.032,1.001,-0.122,0.366,0.183,-76.216,262.186,139.156,0.9918,0.0147,-0.0256,-0.1245,0.02,0.00,0.029,3.4,96039.6,0.00,0.000,0.000,2
79463,-0.048,0.031,1.004,-0.122,0.244,0.183,-76.216,262.186,139.156,0.9915,0.0143,-0.0256,-0.1267,0.02,0.00,0.054,3.4,96046.0,0.00,0.000,0.000,2
79663,-0.047,0.031,1.004,-0.122,0.305,0.183,-76.216,262.186,139.156,0.9912,0.0139,-0.0256,-0.1288,0.02,0.00,0.059,3.3,96038.3,0.00,0.000,0.000,2
79863,-0.046,0.031,1.003,-0.061,0.244,0.183,-76.216,262.186,139.156,0.9910,0.0135,-0.0257,-0.1305,0.02,0.00,0.049,3.3,96037.5,0.00,0.000,0.000,2
80063,-0.046,0.031,1.002,-0.122,0.244,0.183,-76.216,262.186,139.156,0.9908,0.0131,-0.0258,-0.1320,0.02,0.00,0.034,3.3,96038.9,0.00,0.000,0.000,2
80263,-0.045,0.031,1.003,-0.122,0.183,0.122,-76.216,262.186,139.156,0.9907,0.0127,-0.0255,-0.1332,0.02,0.00,0.043,3.3,96036.9,0.00,0.000,0.000,2
80463,-0.046,0.031,1.001,-0.122,0.244,0.122,-76.216,262.186,139.156,0.9905,0.0123,-0.0257,-0.1342,0.02,0.00,0.030,3.3,96036.9,0.00,0.000,0.000,2
80663,-0.048,0.031,1.005,-0.122,0.183,0.244,-76.216,262.186,139.156,0.9904,0.0123,-0.0258,-0.1351,0.02,0.00,0.069,3.3,96037.6,0.00,0.000,0.000,2
80863,-0.048,0.029,1.003,-0.061,0.244,0.183,-76.216,262.186,139.156,0.9903,0.0120,-0.0257,-0.1357,0.02,0.00,0.044,3.2,96039.8,0.00,0.000,0.000,2
81063,-0.048,0.031,0.999,0.000,0.305,0.183,-76.216,262.186,139.156,0.9903,0.0119,-0.0256,-0.1362,0.02,0.00,0.007,3.2,96037.7,0.00,0.000,0.000,2
81263,-0.048,0.030,1.002,-0.122,0.244,0.244,-76.216,262.186,139.156,0.9902,0.0118,-0.0257,-0.1367,0.02,0.00,0.040,3.2,96035.4,0.00,0.000,0.000,2
81463,-0.047,0.030,1.006,-0.122,0.305,0.183,-76.216,262.186,139.156,0.9902,0.0116,-0.0257,-0.1370,0.02,0.00,0.073,3.2,96038.3,0.00,0.000,0.000,2
81663,-0.045,0.029,1.002,-0.122,0.305,0.183,-76.216,262.186,139.156,0.9901,0.0115,-0.0256,-0.1373,0.02,0.00,0.038,3.2,96036.9,0.00,0.000,0.000,2
81863,-0.046,0.031,1.001,-0.061,0.305,0.183,-76.216,262.186,139.156,0.9901,0.0113,-0.0256,-0.1375,0.02,0.00,0.029,3.2,96038.3,0.00,0.000,0.000,2
82063,-0.044,0.030,1.004,-0.183,0.427,0.305,-76.216,262.186,139.156,0.9901,0.0115,-0.0257,-0.1377,0.02,0.00,0.057,3.2,96039.8,0.00,0.000,0.000,2
82263,-0.043,0.032,1.002,-0.122,0.305,0.183,-58.491,278.488,173.235,0.9902,0.0109,-0.0258,-0.1371,0.02,0.00,0.038,3.2,96039.8,0.00,0.000,0.000,2
82463,-0.046,0.032,1.001,-0.061,0.183,0.122,-58.491,278.488,173.235,0.9905,0.0092,-0.0262,-0.1348,0.02,0.00,0.030,3.2,96039.1,0.00,0.000,0.000,2
82663,-0.048,0.029,1.002,-0.061,0.366,0.183,-58.491,278.488,173.235,0.9908,0.0079,-0.0265,-0.1323,0.02,0.00,0.034,3.2,96040.4,0.00,0.000,0.000,2
82863,-0.046,0.032,1.004,-0.122,0.366,0.244,-58.491,278.488,173.235,0.9911,0.0070,-0.0268,-0.1299,0.02,0.00,0.058,3.2,96042.4,0.00,0.000,0.000,2
83063,-0.047,0.032,1.000,-0.061,0.305,0.183,-58.491,278.488,173.235,0.9915,0.0065,-0.0268,-0.1273,0.02,0.00,0.020,3.2,96038.4,0.00,0.000,0.000,2
83263,-0.045,0.031,1.002,-0.122,0.122,0.244,-58.491,278.488,173.235,0.9918,0.0063,-0.0268,-0.1248,0.02,0.00,0.038,3.2,96040.5,0.00,0.000,0.000,2
83463,-0.046,0.032,1.004,-0.122,0.244,0.183,-58.491,278.488,173.235,0.9921,0.0064,-0.0267,-0.1222,0.02,0.00,0.053,3.1,96041.1,0.00,0.000,0.000,2
83663,-0.046,0.031,1.003,-0.122,0.305,0.183,-58.491,278.488,173.235,0.9924,0.0067,-0.0265,-0.1197,0.02,0.00,0.043,3.1,96039.1,0.00,0.000,0.000,2
83863,-0.045,0.030,1.000,-0.122,0.244,0.122,-58.491,278.488,173.235,0.9927,0.0070,-0.0265,-0.1173,0.02,0.00,0.009,3.1,96041.2,0.00,0.000,0.000,2
84063,-0.045,0.031,1.003,-0.122,0.305,0.244,-58.491,278.488,173.235,0.9930,0.0076,-0.0264,-0.1150,0.02,0.00,0.043,3.1,96036.1,0.00,0.000,0.000,2
84263,-0.047,0.030,1.004,-0.122,0.305,0.305,-58.491,278.488,173.235,0.9932,0.0081,-0.0261,-0.1127,0.02,0.00,0.053,3.1,96041.9,0.00,0.000,0.000,2
84463,-0.045,0.030,1.000,-0.183,0.305,0.244,-67.353,260.827,153.356,0.9935,0.0081,-0.0261,-0.1107,0.02,0.00,0.019,3.1,96037.7,0.00,0.000,0.000,2
84663,-0.047,0.029,1.002,-0.061,0.305,0.244,-67.353,260.827,153.356,0.9933,0.0100,-0.0260,-0.1126,0.02,0.00,0.034,3.2,96039.0,0.00,0.000,0.000,2
84863,-0.046,0.031,1.005,-0.122,0.244,0.244,-67.353,260.827,153.356,0.9930,0.0115,-0.0257,-0.1145,0.02,0.00,0.068,3.2,96039.7,0.00,0.000,0.000,2
85063,-0.046,0.032,1.003,-0.122,0.366,0.244,-67.353,260.827,153.356,0.9928,0.0125,-0.0256,-0.1162,0.02,0.00,0.049,3.3,96041.2,0.00,0.000,0.000,2
85263,-0.048,0.030,1.005,-0.122,0.305,0.244,-67.353,260.827,153.356,0.9926,0.0127,-0.0253,-0.1177,0.02,0.00,0.068,3.2,96040.5,0.00,0.000,0.000,2
85463,-0.048,0.030,1.005,-0.061,0.244,0.183,-67.353,260.827,153.356,0.9925,0.0126,-0.0255,-0.1187,0.02,0.00,0.068,3.3,96037.7,0.00,0.000,0.000,2
85663,-0.045,0.030,1.002,-0.122,0.244,0.244,-67.353,260.827,153.356,0.9924,0.0124,-0.0253,-0.1196,0.02,0.00,0.038,3.2,96036.3,0.00,0.000,0.000,2
85863,-0.046,0.032,1.001,0.000,0.305,0.244,-67.353,260.827,153.356,0.9924,0.0124,-0.0252,-0.1202,0.02,0.00,0.030,3.2,96039.1,0.00,0.000,0.000,2
86063,-0.045,0.031,1.000,-0.122,0.183,0.244,-67.353,260.827,153.356,0.9923,0.0124,-0.0254,-0.1206,0.02,0.00,0.020,3.2,96037.7,0.00,0.000,0.000,2
86263,-0.045,0.031,1.003,0.000,0.305,0.183,-67.353,260.827,153.356,0.9923,0.0123,-0.0253,-0.1209,0.02,0.00,0.043,3.2,96038.4,0.00,0.000,0.000,2
86463,-0.045,0.030,1.001,-0.122,0.244,0.183,-67.353,260.827,153.356,0.9922,0.0121,-0.0252,-0.1212,0.02,0.00,0.029,3.2,96043.9,0.00,0.000,0.000,2
86663,-0.047,0.029,1.004,-0.122,0.305,0.244,-67.353,260.827,153.356,0.9922,0.0118,-0.0252,-0.1214,0.02,0.00,0.053,3.2,96036.1,0.00,0.000,0.000,2
86863,-0.046,0.031,1.004,-0.122,0.366,0.244,-62.036,270.337,178.915,0.9925,0.0107,-0.0255,-0.1194,0.02,0.00,0.058,3.2,96042.6,0.00,0.000,0.000,2
87063,-0.046,0.030,1.002,-0.061,0.244,0.183,-62.036,270.337,178.915,0.9927,0.0103,-0.0257,-0.1171,0.02,0.00,0.039,3.2,96040.5,0.00,0.000,0.000,2
87263,-0.047,0.029,1.002,0.000,0.244,0.244,-62.036,270.337,178.915,0.9930,0.0104,-0.0255,-0.1151,0.02,0.00,0.034,3.2,96042.0,0.00,0.000,0.000,2
87463,-0.048,0.033,1.001,-0.122,0.244,0.244,-62.036,270.337,178.915,0.9932,0.0109,-0.0255,-0.1134,0.02,0.00,0.031,3.2,96039.8,0.00,0.000,0.000,2
87663,-0.047,0.032,1.003,-0.061,0.244,0.183,-62.036,270.337,178.915,0.9933,0.0112,-0.0253,-0.1118,0.02,0.00,0.049,3.2,96042.6,0.00,0.000,0.000,2
87863,-0.044,0.031,1.002,0.000,0.305,0.244,-62.036,270.337,178.915,0.9935,0.0115,-0.0252,-0.1106,0.02,0.00,0.038,3.2,96039.1,0.00,0.000,0.000,2
88063,-0.046,0.032,1.002,-0.122,0.244,0.244,-62.036,270.337,178.915,0.9936,0.0119,-0.0251,-0.1096,0.02,0.00,0.035,3.2,96037.1,0.00,0.000,0.000,2
88263,-0.046,0.031,1.004,-0.122,0.305,0.305,-62.036,270.337,178.915,0.9937,0.0121,-0.0251,-0.1089,0.02,0.00,0.053,3.2,96039.8,0.00,0.000,0.000,2
88463,-0.045,0.029,1.002,-0.122,0.305,0.244,-62.036,270.337,178.915,0.9937,0.0121,-0.0249,-0.1083,0.02,0.00,0.038,3.2,96033.4,0.00,0.000,0.000,2
88663,-0.048,0.032,1.004,-0.183,0.122,0.244,-62.036,270.337,178.915,0.9938,0.0120,-0.0251,-0.1080,0.02,0.00,0.059,3.2,96039.8,0.00,0.000,0.000,2
88863,-0.049,0.031,1.005,-0.122,0.305,0.183,-62.036,270.337,178.915,0.9938,0.0121,-0.0255,-0.1077,0.02,0.00,0.069,3.2,96035.0,0.00,0.000,0.000,2
89063,-0.045,0.031,1.003,-0.183,0.366,0.244,-65.581,270.337,167.556,0.9936,0.0127,-0.0254,-0.1092,0.02,0.00,0.043,3.3,96042.8,0.00,0.000,0.000,2
89263,-0.049,0.032,1.001,-0.061,0.366,0.183,-65.581,270.337,167.556,0.9935,0.0129,-0.0257,-0.1105,0.02,0.00,0.026,3.3,96035.6,0.00,0.000,0.000,2
89463,-0.046,0.029,1.006,-0.122,0.305,0.183,-65.581,270.337,167.556,0.9934,0.0127,-0.0255,-0.1114,0.02,0.00,0.072,3.3,96042.6,0.00,0.000,0.000,2
89663,-0.045,0.030,1.001,-0.061,0.305,0.244,-65.581,270.337,167.556,0.9933,0.0126,-0.0251,-0.1121,0.02,0.00,0.024,3.2,96043.3,0.00,0.000,0.000,2
89863,-0.048,0.029,1.006,-0.183,0.183,0.244,-65.581,270.337,167.556,0.9932,0.0123,-0.0252,-0.1126,0.02,0.00,0.078,3.2,96042.0,0.00,0.000,0.000,2
90063,-0.047,0.030,1.003,-0.061,0.183,0.244,-65.581,270.337,167.556,0.9932,0.0122,-0.0252,-0.1130,0.02,0.00,0.049,3.2,96038.4,0.00,0.000,0.000,2
90263,-0.046,0.031,1.003,-0.183,0.305,0.183,-65.581,270.337,167.556,0.9932,0.0123,-0.0250,-0.1133,0.02,0.00,0.044,3.2,96042.0,0.00,0.000,0.000,2
90463,-0.046,0.030,1.005,-0.061,0.305,0.305,-65.581,270.337,167.556,0.9931,0.0122,-0.0252,-0.1135,0.02,0.00,0.067,3.2,96039.8,0.00,0.000,0.000,2
90663,-0.048,0.030,1.006,-0.061,0.244,0.183,-65.581,270.337,167.556,0.9931,0.0122,-0.0253,-0.1136,0.02,0.00,0.073,3.2,96040.5,0.00,0.000,0.000,2
90863,-0.047,0.030,1.000,-0.122,0.305,0.183,-65.581,270.337,167.556,0.9931,0.0121,-0.0254,-0.1137,0.02,0.00,0.010,3.2,96039.8,0.00,0.000,0.000,2
91063,-0.047,0.032,1.002,-0.061,0.366,0.122,-65.581,270.337,167.556,0.9931,0.0120,-0.0252,-0.1138,0.02,0.00,0.040,3.2,96042.6,0.00,0.000,0.000,2
91263,-0.046,0.031,1.000,-0.122,0.244,0.183,-54.946,256.752,156.196,0.9932,0.0118,-0.0253,-0.1131,0.02,0.00,0.011,3.2,96039.2,0.00,0.000,0.000,2
91463,-0.045,0.031,1.000,0.000,0.305,0.244,-54.946,256.752,156.196,0.9934,0.0107,-0.0255,-0.1109,0.02,0.00,0.019,3.2,96041.9,0.00,0.000,0.000,2
91663,-0.044,0.030,1.000,-0.061,0.244,0.183,-54.946,256.752,156.196,0.9937,0.0103,-0.0255,-0.1087,0.02,0.00,0.014,3.2,96040.6,0.00,0.000,0.000,2
91863,-0.046,0.031,1.001,-0.122,0.305,0.183,-54.946,256.752,156.196,0.9939,0.0105,-0.0252,-0.1068,0.02,0.00,0.029,3.1,96044.8,0.00,0.000,0.000,2
92063,-0.046,0.030,1.002,-0.183,0.305,0.305,-54.946,256.752,156.196,0.9941,0.0111,-0.0253,-0.1051,0.02,0.00,0.039,3.2,96039.8,0.00,0.000,0.000,2
92263,-0.044,0.030,1.005,-0.061,0.244,0.244,-54.946,256.752,156.196,0.9942,0.0114,-0.0250,-0.1038,0.02,0.00,0.066,3.1,96040.6,0.00,0.000,0.000,2
92463,-0.049,0.030,1.002,-0.122,0.122,0.244,-54.946,256.752,156.196,0.9943,0.0116,-0.0251,-0.1027,0.02,0.00,0.040,3.2,96045.6,0.00,0.000,0.000,2
92663,-0.045,0.030,1.000,-0.122,0.366,0.244,-54.946,256.752,156.196,0.9944,0.0118,-0.0248,-0.1019,0.02,0.00,0.019,3.1,96039.2,0.00,0.000,0.000,2
92863,-0.044,0.031,1.002,-0.061,0.244,0.305,-54.946,256.752,156.196,0.9945,0.0119,-0.0247,-0.1013,0.02,0.00,0.038,3.1,96039.9,0.00,0.000,0.000,2
93063,-0.047,0.032,1.001,-0.061,0.305,0.244,-54.946,256.752,156.196,0.9945,0.0123,-0.0250,-0.1009,0.02,0.00,0.030,3.2,96037.2,0.00,0.000,0.000,2
93263,-0.051,0.029,1.000,-0.122,0.305,0.244,-54.946,256.752,156.196,0.9945,0.0123,-0.0254,-0.1006,0.02,0.00,0.021,3.2,96037.2,0.00,0.000,0.000,2
93463,-0.045,0.031,1.003,-0.122,0.244,0.244,-54.946,256.752,156.196,0.9946,0.0122,-0.0249,-0.1004,0.02,0.00,0.048,3.2,96039.9,0.00,0.000,0.000,2
93663,-0.046,0.030,1.004,-0.122,0.244,0.183,-54.946,256.752,156.196,0.9946,0.0121,-0.0250,-0.1003,0.02,0.00,0.053,3.2,96039.3,0.00,0.000,0.000,2
93863,-0.047,0.030,1.002,-0.122,0.305,0.244,-54.946,256.752,156.196,0.9946,0.0125,-0.0251,-0.1002,0.02,0.00,0.039,3.2,96038.5,0.00,0.000,0.000,2
94063,-0.046,0.033,1.005,-0.061,0.244,0.244,-54.946,256.752,156.196,0.9946,0.0125,-0.0250,-0.1001,0.02,0.00,0.068,3.2,96039.2,0.00,0.000,0.000,2
94263,-0.046,0.030,1.005,-0.122,0.244,0.244,-54.946,256.752,156.196,0.9946,0.0125,-0.0249,-0.1000,0.02,0.00,0.063,3.2,96037.8,0.00,0.000,0.000,2
94463,-0.047,0.029,1.005,-0.122,0.244,0.244,-54.946,256.752,156.196,0.9946,0.0125,-0.0251,-0.0999,0.02,0.00,0.063,3.2,96037.2,0.00,0.000,0.000,2
94663,-0.048,0.031,1.001,-0.061,0.305,0.305,-54.946,256.752,156.196,0.9946,0.0126,-0.0251,-0.0999,0.02,0.00,0.025,3.2,96042.1,0.00,0.000,0.000,2
94863,-0.048,0.030,1.006,-0.122,0.366,0.244,-54.946,256.752,156.196,0.9946,0.0124,-0.0251,-0.0999,0.02,0.00,0.073,3.2,96041.3,0.00,0.000,0.000,2
95063,-0.046,0.031,1.003,-0.122,0.183,0.305,-54.946,256.752,156.196,0.9946,0.0123,-0.0250,-0.1000,0.02,0.00,0.048,3.2,96038.4,0.00,0.000,0.000,2
95263,-0.046,0.031,1.002,-0.122,0.305,0.183,-54.946,256.752,156.196,0.9946,0.0123,-0.0248,-0.0999,0.02,0.00,0.039,3.2,96044.2,0.00,0.000,0.000,2
95463,-0.046,0.031,1.004,-0.061,0.244,0.183,-54.946,256.752,156.196,0.9946,0.0126,-0.0247,-0.0999,0.02,0.00,0.058,3.2,96040.0,0.00,0.000,0.000,2
95663,-0.047,0.031,1.004,-0.122,0.183,0.244,-54.946,256.752,156.196,0.9946,0.0126,-0.0248,-0.0999,0.02,0.00,0.059,3.2,96040.6,0.00,0.000,0.000,2
95863,-0.045,0.030,1.003,-0.122,0.305,0.244,-53.174,271.695,181.755,0.9947,0.0117,-0.0250,-0.0987,0.02,0.00,0.043,3.2,96039.3,0.00,0.000,0.000,2
96063,-0.046,0.030,1.004,-0.244,0.305,0.183,-53.174,271.695,181.755,0.9949,0.0113,-0.0250,-0.0967,0.02,0.00,0.058,3.1,96039.2,0.00,0.000,0.000,2
96263,-0.045,0.031,1.003,-0.061,0.244,0.244,-53.174,271.695,181.755,0.9951,0.0114,-0.0249,-0.0950,0.02,0.00,0.048,3.1,96039.4,0.00,0.000,0.000,2
96463,-0.047,0.031,1.000,-0.183,0.366,0.183,-53.174,271.695,181.755,0.9952,0.0118,-0.0250,-0.0935,0.02,0.00,0.020,3.2,96040.7,0.00,0.000,0.000,2
96663,-0.047,0.031,1.004,-0.061,0.427,0.183,-53.174,271.695,181.755,0.9953,0.0121,-0.0252,-0.0925,0.02,0.00,0.054,3.2,96038.6,0.00,0.000,0.000,2
96863,-0.046,0.030,1.005,0.000,0.244,0.244,-53.174,271.695,181.755,0.9954,0.0123,-0.0249,-0.0917,0.02,0.00,0.067,3.2,96044.3,0.00,0.000,0.000,2
97063,-0.045,0.031,1.002,-0.061,0.305,0.244,-53.174,271.695,181.755,0.9955,0.0127,-0.0247,-0.0911,0.02,0.00,0.039,3.2,96042.8,0.00,0.000,0.000,2
97263,-0.047,0.031,1.002,-0.061,0.244,0.183,-53.174,271.695,181.755,0.9955,0.0126,-0.0249,-0.0907,0.02,0.00,0.039,3.2,96041.3,0.00,0.000,0.000,2
97463,-0.046,0.031,1.001,-0.183,0.305,0.183,-53.174,271.695,181.755,0.9955,0.0127,-0.0250,-0.0905,0.02,0.00,0.030,3.2,96040.0,0.00,0.000,0.000,2
97663,-0.047,0.030,1.004,-0.061,0.244,0.183,-53.174,271.695,181.755,0.9955,0.0127,-0.0248,-0.0903,0.02,0.00,0.054,3.2,96040.0,0.00,0.000,0.000,2
97863,-0.047,0.030,1.003,-0.122,0.244,0.183,-53.174,271.695,181.755,0.9955,0.0125,-0.0250,-0.0903,0.02,0.00,0.044,3.2,96039.2,0.00,0.000,0.000,2
98063,-0.047,0.030,1.002,-0.122,0.366,0.122,-58.491,254.035,173.235,0.9954,0.0134,-0.0250,-0.0916,0.02,0.00,0.034,3.3,96045.7,0.00,0.000,0.000,2
98263,-0.047,0.033,1.002,-0.122,0.305,0.183,-58.491,254.035,173.235,0.9951,0.0144,-0.0250,-0.0942,0.02,0.00,0.040,3.3,96043.6,0.00,0.000,0.000,2
98463,-0.048,0.033,1.006,-0.122,0.244,0.244,-58.491,254.035,173.235,0.9949,0.0147,-0.0250,-0.0969,0.02,0.00,0.074,3.3,96038.5,0.00,0.000,0.000,2
98663,-0.045,0.033,1.004,-0.061,0.183,0.183,-58.491,254.035,173.235,0.9947,0.0145,-0.0248,-0.0992,0.02,0.00,0.054,3.3,96042.9,0.00,0.000,0.000,2
98863,-0.045,0.030,1.000,-0.061,0.244,0.122,-58.491,254.035,173.235,0.9945,0.0140,-0.0246,-0.1012,0.02,0.00,0.015,3.2,96040.8,0.00,0.000,0.000,2
99063,-0.047,0.032,1.004,-0.183,0.183,0.244,-58.491,254.035,173.235,0.9943,0.0136,-0.0248,-0.1028,0.02,0.00,0.054,3.2,96042.9,0.00,0.000,0.000,2
99263,-0.046,0.032,1.004,-0.061,0.244,0.183,-58.491,254.035,173.235,0.9942,0.0132,-0.0250,-0.1040,0.02,0.00,0.059,3.2,96044.3,0.00,0.000,0.000,2
99463,-0.046,0.033,1.002,-0.061,0.244,0.305,-58.491,254.035,173.235,0.9941,0.0131,-0.0248,-0.1049,0.02,0.00,0.035,3.2,96043.6,0.00,0.000,0.000,2
99663,-0.045,0.030,1.004,-0.061,0.366,0.183,-58.491,254.035,173.235,0.9940,0.0130,-0.0248,-0.1055,0.02,0.00,0.053,3.2,96040.1,0.00,0.000,0.000,2
99863,-0.046,0.033,1.005,0.000,0.305,0.183,-58.491,254.035,173.235,0.9940,0.0128,-0.0251,-0.1060,0.02,0.00,0.068,3.2,96040.2,0.00,0.000,0.000,2
100063,-0.047,0.032,1.003,-0.122,0.366,0.305,-58.491,254.035,173.235,0.9939,0.0127,-0.0251,-0.1064,0.02,0.00,0.049,3.2,96037.4,0.00,0.000,0.000,2
100263,-0.047,0.030,1.002,-0.122,0.244,0.183,-53.174,263.544,159.036,0.9939,0.0123,-0.0251,-0.1063,0.02,0.00,0.039,3.2,96035.8,0.00,0.000,0.000,2
100463,-0.047,0.031,1.000,-0.183,0.305,0.183,-53.174,263.544,159.036,0.9942,0.0111,-0.0253,-0.1041,0.02,0.00,0.015,3.2,96039.4,0.00,0.000,0.000,2
100663,-0.047,0.029,1.001,-0.122,0.183,0.244,-53.174,263.544,159.036,0.9944,0.0107,-0.0254,-0.1019,0.02,0.00,0.025,3.2,96037.8,0.00,0.000,0.000,2
100863,-0.046,0.030,0.999,-0.122,0.244,0.244,-53.174,263.544,159.036,0.9946,0.0108,-0.0252,-0.0999,0.02,0.00,0.005,3.1,96037.3,0.00,0.000,0.000,2
101063,-0.045,0.031,1.003,-0.183,0.305,0.183,-53.174,263.544,159.036,0.9948,0.0113,-0.0250,-0.0983,0.02,0.00,0.048,3.1,96040.8,0.00,0.000,0.000,2
101263,-0.048,0.030,1.005,-0.061,0.244,0.183,-53.174,263.544,159.036,0.9949,0.0117,-0.0251,-0.0970,0.02,0.00,0.068,3.2,96040.1,0.00,0.000,0.000,2
101463,-0.046,0.030,1.003,-0.061,0.366,0.244,-53.174,263.544,159.036,0.9950,0.0121,-0.0249,-0.0960,0.02,0.00,0.044,3.2,96037.3,0.00,0.000,0.000,2
101663,-0.046,0.032,1.004,-0.061,0.305,0.061,-53.174,263.544,159.036,0.9951,0.0123,-0.0248,-0.0952,0.02,0.00,0.058,3.2,96041.5,0.00,0.000,0.000,2
101863,-0.046,0.032,1.005,-0.061,0.244,0.122,-53.174,263.544,159.036,0.9951,0.0126,-0.0248,-0.0947,0.02,0.00,0.063,3.2,96033.8,0.00,0.000,0.000,2
102063,-0.047,0.030,1.000,-0.183,0.244,0.183,-53.174,263.544,159.036,0.9951,0.0126,-0.0248,-0.0944,0.02,0.00,0.015,3.2,96038.7,0.00,0.000,0.000,2
102263,-0.046,0.031,1.002,-0.061,0.244,0.183,-53.174,263.544,159.036,0.9952,0.0125,-0.0249,-0.0942,0.02,0.00,0.039,3.2,96040.9,0.00,0.000,0.000,2
102463,-0.048,0.031,1.003,-0.122,0.488,0.244,-53.174,263.544,159.036,0.9952,0.0127,-0.0249,-0.0940,0.02,0.00,0.049,3.2,96040.8,0.00,0.000,0.000,2
102663,-0.047,0.031,1.006,-0.061,0.244,0.183,-69.126,273.054,156.196,0.9949,0.0137,-0.0250,-0.0966,0.02,0.00,0.078,3.3,96037.9,0.00,0.000,0.000,2
102863,-0.045,0.029,1.004,-0.122,0.244,0.122,-69.126,273.054,156.196,0.9946,0.0145,-0.0250,-0.0994,0.02,0.00,0.052,3.3,96041.7,0.00,0.000,0.000,2
103063,-0.045,0.031,1.003,-0.122,0.183,0.122,-69.126,273.054,156.196,0.9943,0.0150,-0.0250,-0.1022,0.02,0.00,0.043,3.3,96037.4,0.00,0.000,0.000,2
103263,-0.046,0.030,1.003,-0.061,0.305,0.183,-69.126,273.054,156.196,0.9940,0.0152,-0.0252,-0.1050,0.02,0.00,0.043,3.4,96037.9,0.00,0.000,0.000,2
103463,-0.047,0.031,1.004,-0.061,0.183,0.183,-69.126,273.054,156.196,0.9938,0.0149,-0.0252,-0.1076,0.02,0.00,0.054,3.4,96038.8,0.00,0.000,0.000,2
103663,-0.046,0.030,1.005,-0.122,0.305,0.244,-69.126,273.054,156.196,0.9935,0.0146,-0.0252,-0.1100,0.02,0.00,0.068,3.3,96038.0,0.00,0.000,0.000,2
103863,-0.045,0.031,1.004,-0.183,0.305,0.183,-69.126,273.054,156.196,0.9933,0.0140,-0.0251,-0.1120,0.02,0.00,0.058,3.3,96034.4,0.00,0.000,0.000,2
104063,-0.046,0.030,1.004,-0.061,0.305,0.183,-69.126,273.054,156.196,0.9931,0.0136,-0.0252,-0.1137,0.02,0.00,0.053,3.3,96043.0,0.00,0.000,0.000,2
104263,-0.049,0.031,1.004,-0.061,0.305,0.244,-69.126,273.054,156.196,0.9929,0.0132,-0.0255,-0.1152,0.02,0.00,0.055,3.3,96040.8,0.00,0.000,0.000,2
104463,-0.047,0.031,1.004,-0.122,0.244,0.183,-69.126,273.054,156.196,0.9928,0.0129,-0.0253,-0.1163,0.02,0.00,0.054,3.3,96043.0,0.00,0.000,0.000,2
104663,-0.046,0.032,1.004,-0.122,0.305,0.244,-69.126,273.054,156.196,0.9927,0.0127,-0.0254,-0.1171,0.02,0.00,0.058,3.3,96039.4,0.00,0.000,0.000,2
104863,-0.048,0.030,1.005,-0.061,0.244,0.244,-56.719,266.261,159.036,0.9927,0.0120,-0.0254,-0.1169,0.02,0.00,0.064,3.2,96034.5,0.00,0.000,0.000,2
105063,-0.049,0.033,1.005,-0.061,0.244,0.244,-56.719,266.261,159.036,0.9930,0.0107,-0.0259,-0.1146,0.02,0.00,0.065,3.2,96036.6,0.00,0.000,0.000,2
105263,-0.046,0.032,1.003,-0.122,0.244,0.122,-56.719,266.261,159.036,0.9933,0.0100,-0.0260,-0.1121,0.02,0.00,0.044,3.2,96039.5,0.00,0.000,0.000,2
105463,-0.047,0.029,1.003,-0.122,0.305,0.183,-56.719,266.261,159.036,0.9936,0.0100,-0.0259,-0.1099,0.02,0.00,0.044,3.2,96039.5,0.00,0.000,0.000,2
105663,-0.046,0.032,1.003,-0.061,0.244,0.183,-56.719,266.261,159.036,0.9938,0.0103,-0.0255,-0.1079,0.02,0.00,0.044,3.2,96039.6,0.00,0.000,0.000,2
105863,-0.046,0.032,1.004,-0.122,0.244,0.183,-56.719,266.261,159.036,0.9940,0.0108,-0.0255,-0.1060,0.02,0.00,0.058,3.2,96037.4,0.00,0.000,0.000,2
106063,-0.047,0.030,1.005,-0.061,0.244,0.183,-56.719,266.261,159.036,0.9941,0.0112,-0.0256,-0.1044,0.02,0.00,0.068,3.2,96037.3,0.00,0.000,0.000,2
106263,-0.047,0.033,1.002,-0.122,0.366,0.305,-56.719,266.261,159.036,0.9943,0.0114,-0.0253,-0.1031,0.02,0.00,0.040,3.2,96042.2,0.00,0.000,0.000,2
106463,-0.046,0.030,1.002,-0.244,0.244,0.244,-56.719,266.261,159.036,0.9944,0.0116,-0.0251,-0.1021,0.02,0.00,0.039,3.2,96045.1,0.00,0.000,0.000,2
106663,-0.048,0.030,1.004,-0.061,0.244,0.183,-56.719,266.261,159.036,0.9945,0.0121,-0.0255,-0.1013,0.02,0.00,0.059,3.2,96043.6,0.00,0.000,0.000,2
106863,-0.045,0.032,1.002,-0.061,0.183,0.183,-56.719,266.261,159.036,0.9945,0.0123,-0.0254,-0.1008,0.02,0.00,0.039,3.2,96045.0,0.00,0.000,0.000,2
107063,-0.047,0.031,1.004,-0.061,0.244,0.305,-56.719,266.261,159.036,0.9946,0.0122,-0.0254,-0.1004,0.02,0.00,0.054,3.2,96038.8,0.00,0.000,0.000,2
107263,-0.046,0.029,1.001,-0.061,0.305,0.244,-62.036,275.771,161.876,0.9944,0.0125,-0.0250,-0.1018,0.02,0.00,0.024,3.2,96036.0,0.00,0.000,0.000,2
107463,-0.046,0.032,1.004,0.000,0.305,0.244,-62.036,275.771,161.876,0.9943,0.0129,-0.0251,-0.1030,0.02,0.00,0.058,3.2,96042.2,0.00,0.000,0.000,2
107663,-0.047,0.030,1.000,-0.122,0.244,0.244,-62.036,275.771,161.876,0.9942,0.0127,-0.0252,-0.1038,0.02,0.00,0.020,3.2,96038.8,0.00,0.000,0.000,2
107863,-0.046,0.031,1.000,-0.061,0.305,0.122,-62.036,275.771,161.876,0.9941,0.0128,-0.0250,-0.1043,0.02,0.00,0.010,3.2,96041.7,0.00,0.000,0.000,2
108063,-0.048,0.031,1.006,0.000,0.366,0.183,-62.036,275.771,161.876,0.9941,0.0125,-0.0250,-0.1047,0.02,0.00,0.073,3.2,96035.3,0.00,0.000,0.000,2
108263,-0.046,0.032,1.002,-0.183,0.305,0.122,-62.036,275.771,161.876,0.9941,0.0125,-0.0250,-0.1049,0.02,0.00,0.034,3.2,96037.4,0.00,0.000,0.000,2
108463,-0.044,0.030,1.003,-0.061,0.244,0.244,-62.036,275.771,161.876,0.9941,0.0124,-0.0249,-0.1051,0.02,0.00,0.048,3.2,96038.1,0.00,0.000,0.000,2
108663,-0.046,0.031,1.002,-0.061,0.305,0.244,-62.036,275.771,161.876,0.9941,0.0125,-0.0251,-0.1052,0.02,0.00,0.039,3.2,96038.9,0.00,0.000,0.000,2
108863,-0.048,0.030,1.003,-0.122,0.244,0.244,-62.036,275.771,161.876,0.9940,0.0123,-0.0250,-0.1053,0.02,0.00,0.045,3.2,96041.0,0.00,0.000,0.000,2
109063,-0.048,0.031,1.006,-0.061,0.244,0.183,-62.036,275.771,161.876,0.9940,0.0121,-0.0251,-0.1054,0.02,0.00,0.078,3.2,96041.6,0.00,0.000,0.000,2
109263,-0.047,0.030,1.002,-0.122,0.305,0.244,-62.036,275.771,161.876,0.9940,0.0122,-0.0250,-0.1055,0.02,0.00,0.034,3.2,96042.5,0.00,0.000,0.000,2
109463,-0.047,0.030,1.004,-0.122,0.305,0.183,-65.581,267.620,167.556,0.9939,0.0128,-0.0251,-0.1064,0.02,0.00,0.058,3.2,96041.0,0.00,0.000,0.000,2
109663,-0.046,0.030,1.004,-0.061,0.244,0.183,-65.581,267.620,167.556,0.9937,0.0133,-0.0252,-0.1085,0.02,0.00,0.058,3.3,96037.5,0.00,0.000,0.000,2
109863,-0.047,0.030,1.004,-0.122,0.244,0.183,-65.581,267.620,167.556,0.9935,0.0133,-0.0252,-0.1102,0.02,0.00,0.058,3.3,96040.2,0.00,0.000,0.000,2
110063,-0.047,0.031,1.003,0.000,0.244,0.244,-65.581,267.620,167.556,0.9934,0.0130,-0.0251,-0.1115,0.02,0.00,0.044,3.2,96039.0,0.00,0.000,0.000,2
110263,-0.045,0.030,1.002,-0.122,0.366,0.305,-65.581,267.620,167.556,0.9933,0.0127,-0.0251,-0.1124,0.02,0.00,0.038,3.2,96038.8,0.00,0.000,0.000,2
110463,-0.046,0.030,1.001,-0.122,0.183,0.122,-65.581,267.620,167.556,0.9932,0.0124,-0.0253,-0.1131,0.02,0.00,0.029,3.2,96040.2,0.00,0.000,0.000,2
110663,-0.047,0.030,1.001,-0.122,0.305,0.305,-65.581,267.620,167.556,0.9931,0.0122,-0.0255,-0.1137,0.02,0.00,0.030,3.2,96041.1,0.00,0.000,0.000,2
110863,-0.047,0.033,1.006,-0.122,0.244,0.244,-65.581,267.620,167.556,0.9931,0.0122,-0.0252,-0.1142,0.02,0.00,0.073,3.2,96037.4,0.00,0.000,0.000,2
111063,-0.048,0.030,1.003,-0.061,0.244,0.183,-65.581,267.620,167.556,0.9930,0.0120,-0.0253,-0.1145,0.02,0.00,0.049,3.2,96041.6,0.00,0.000,0.000,2
111263,-0.045,0.031,1.002,-0.183,0.244,0.122,-65.581,267.620,167.556,0.9930,0.0122,-0.0252,-0.1147,0.02,0.00,0.034,3.2,96042.3,0.00,0.000,0.000,2
111463,-0.047,0.030,1.003,-0.122,0.244,0.122,-65.581,267.620,167.556,0.9930,0.0120,-0.0253,-0.1148,0.02,0.00,0.044,3.2,96039.5,0.00,0.000,0.000,2
111663,-0.046,0.030,1.005,-0.061,0.305,0.122,-65.581,267.620,167.556,0.9930,0.0121,-0.0253,-0.1149,0.02,0.00,0.067,3.2,96043.1,0.00,0.000,0.000,2
111863,-0.048,0.031,1.002,-0.122,0.305,0.244,-72.671,264.903,167.556,0.9927,0.0128,-0.0253,-0.1169,0.02,0.00,0.035,3.2,96039.5,0.00,0.000,0.000,2
112063,-0.047,0.030,1.002,0.000,0.183,0.244,-72.671,264.903,167.556,0.9925,0.0133,-0.0253,-0.1192,0.02,0.00,0.034,3.3,96039.5,0.00,0.000,0.000,2
112263,-0.047,0.030,1.003,-0.061,0.244,0.183,-72.671,264.903,167.556,0.9922,0.0135,-0.0254,-0.1212,0.02,0.00,0.049,3.3,96036.7,0.00,0.000,0.000,2
112463,-0.048,0.030,0.998,-0.122,0.183,0.183,-72.671,264.903,167.556,0.9920,0.0132,-0.0255,-0.1229,0.02,-0.00,-0.003,3.3,96040.4,0.00,0.000,0.000,2
112663,-0.046,0.032,1.003,-0.122,0.244,0.183,-72.671,264.903,167.556,0.9918,0.0130,-0.0255,-0.1243,0.02,0.00,0.044,3.3,96036.0,0.00,0.000,0.000,2
112863,-0.046,0.032,1.000,-0.122,0.244,0.244,-72.671,264.903,167.556,0.9917,0.0127,-0.0256,-0.1254,0.02,0.00,0.015,3.3,96039.6,0.00,0.000,0.000,2
113063,-0.048,0.029,1.003,-0.061,0.244,0.244,-72.671,264.903,167.556,0.9916,0.0124,-0.0256,-0.1263,0.02,0.00,0.044,3.3,96039.1,0.00,0.000,0.000,2
113263,-0.048,0.030,1.002,-0.122,0.366,0.244,-72.671,264.903,167.556,0.9915,0.0123,-0.0256,-0.1270,0.02,0.00,0.035,3.3,96038.3,0.00,0.000,0.000,2
113463,-0.048,0.031,1.002,-0.122,0.305,0.183,-72.671,264.903,167.556,0.9914,0.0121,-0.0256,-0.1276,0.02,0.00,0.035,3.2,96037.6,0.00,0.000,0.000,2
113663,-0.044,0.028,1.004,-0.122,0.122,0.183,-72.671,264.903,167.556,0.9914,0.0117,-0.0252,-0.1280,0.02,0.00,0.056,3.2,96033.2,0.00,0.000,0.000,2
113863,-0.046,0.032,1.003,-0.122,0.244,0.122,-72.671,264.903,167.556,0.9913,0.0117,-0.0253,-0.1284,0.02,0.00,0.044,3.2,96037.6,0.00,0.000,0.000,2
114063,-0.047,0.032,1.002,-0.061,0.305,0.244,-65.581,270.337,156.196,0.9916,0.0106,-0.0257,-0.1265,0.02,0.00,0.035,3.2,96038.2,0.00,0.000,0.000,2
114263,-0.047,0.030,1.003,-0.061,0.305,0.183,-65.581,270.337,156.196,0.9918,0.0100,-0.0258,-0.1244,0.02,0.00,0.044,3.2,96032.5,0.00,0.000,0.000,2
114463,-0.045,0.030,1.002,-0.122,0.305,0.183,-65.581,270.337,156.196,0.9921,0.0098,-0.0256,-0.1224,0.02,0.00,0.038,3.1,96038.1,0.00,0.000,0.000,2
114663,-0.049,0.030,1.004,-0.122,0.244,0.244,-65.581,270.337,156.196,0.9923,0.0101,-0.0258,-0.1208,0.02,0.00,0.059,3.2,96043.2,0.00,0.000,0.000,2
114863,-0.048,0.029,1.000,-0.122,0.183,0.244,-65.581,270.337,156.196,0.9925,0.0103,-0.0257,-0.1193,0.02,0.00,0.011,3.2,96039.6,0.00,0.000,0.000,2
115063,-0.044,0.029,1.003,-0.122,0.305,0.122,-65.581,270.337,156.196,0.9926,0.0108,-0.0256,-0.1182,0.02,0.00,0.047,3.2,96042.5,0.00,0.000,0.000,2
115263,-0.047,0.033,1.003,-0.061,0.366,0.244,-65.581,270.337,156.196,0.9927,0.0112,-0.0255,-0.1173,0.02,0.00,0.045,3.2,96038.2,0.00,0.000,0.000,2
115463,-0.046,0.031,1.003,-0.061,0.305,0.305,-65.581,270.337,156.196,0.9928,0.0116,-0.0255,-0.1165,0.02,0.00,0.044,3.2,96036.9,0.00,0.000,0.000,2
115663,-0.046,0.031,1.003,-0.061,0.244,0.244,-65.581,270.337,156.196,0.9929,0.0115,-0.0255,-0.1160,0.02,0.00,0.049,3.2,96037.5,0.00,0.000,0.000,2
115863,-0.046,0.031,1.001,-0.061,0.305,0.183,-65.581,270.337,156.196,0.9929,0.0118,-0.0252,-0.1155,0.02,0.00,0.029,3.2,96034.9,0.00,0.000,0.000,2
116063,-0.046,0.032,1.006,-0.122,0.305,0.305,-65.581,270.337,156.196,0.9929,0.0117,-0.0253,-0.1153,0.02,0.00,0.073,3.2,96036.9,0.00,0.000,0.000,2
116263,-0.046,0.030,1.002,-0.061,0.305,0.244,-72.671,270.337,167.556,0.9929,0.0120,-0.0253,-0.1153,0.02,0.00,0.034,3.2,96038.3,0.00,0.000,0.000,2
116463,-0.048,0.029,1.002,-0.061,0.183,0.183,-72.671,270.337,167.556,0.9927,0.0129,-0.0254,-0.1175,0.02,0.00,0.039,3.3,96036.2,0.00,0.000,0.000,2
116663,-0.048,0.030,1.002,-0.061,0.305,0.244,-72.671,270.337,167.556,0.9924,0.0132,-0.0255,-0.1194,0.02,0.00,0.040,3.3,96038.3,0.00,0.000,0.000,2
116863,-0.047,0.032,1.002,0.000,0.244,0.244,-72.671,270.337,167.556,0.9922,0.0132,-0.0253,-0.1210,0.02,0.00,0.040,3.3,96041.9,0.00,0.000,0.000,2
117063,-0.047,0.029,1.005,-0.061,0.244,0.305,-72.671,270.337,167.556,0.9921,0.0129,-0.0252,-0.1224,0.02,0.00,0.063,3.2,96039.0,0.00,0.000,0.000,2
117263,-0.046,0.033,1.003,-0.061,0.305,0.244,-72.671,270.337,167.556,0.9920,0.0128,-0.0252,-0.1234,0.02,0.00,0.049,3.2,96039.0,0.00,0.000,0.000,2
117463,-0.045,0.030,1.004,-0.061,0.305,0.244,-72.671,270.337,167.556,0.9919,0.0125,-0.0253,-0.1242,0.02,0.00,0.053,3.2,96033.4,0.00,0.000,0.000,2
117663,-0.047,0.030,1.001,-0.061,0.305,0.183,-72.671,270.337,167.556,0.9918,0.0122,-0.0256,-0.1248,0.02,0.00,0.030,3.2,96040.4,0.00,0.000,0.000,2
117863,-0.048,0.030,1.003,-0.061,0.183,0.183,-72.671,270.337,167.556,0.9917,0.0119,-0.0256,-0.1253,0.02,0.00,0.045,3.2,96039.9,0.00,0.000,0.000,2
118063,-0.046,0.030,1.001,-0.122,0.305,0.244,-72.671,270.337,167.556,0.9917,0.0119,-0.0254,-0.1257,0.02,0.00,0.025,3.2,96032.1,0.00,0.000,0.000,2
118263,-0.046,0.031,1.006,-0.061,0.366,0.183,-72.671,270.337,167.556,0.9916,0.0118,-0.0253,-0.1260,0.02,0.00,0.073,3.2,96037.0,0.00,0.000,0.000,2
118463,-0.047,0.031,1.004,-0.122,0.305,0.122,-72.671,270.337,167.556,0.9916,0.0118,-0.0256,-0.1262,0.02,0.00,0.054,3.2,96040.5,0.00,0.000,0.000,2
118663,-0.047,0.033,1.004,-0.122,0.244,0.244,-70.898,271.695,153.356,0.9916,0.0119,-0.0255,-0.1261,0.02,0.00,0.054,3.2,96036.2,0.00,0.000,0.000,2
118863,-0.049,0.031,1.002,-0.061,0.183,0.305,-70.898,271.695,153.356,0.9917,0.0115,-0.0257,-0.1254,0.02,0.00,0.040,3.2,96036.9,0.00,0.000,0.000,2
119063,-0.045,0.028,1.000,-0.061,0.305,0.122,-70.898,271.695,153.356,0.9918,0.0115,-0.0256,-0.1249,0.02,0.00,0.018,3.2,96039.1,0.00,0.000,0.000,2
119263,-0.047,0.030,1.004,-0.183,0.244,0.183,-70.898,271.695,153.356,0.9918,0.0117,-0.0255,-0.1245,0.02,0.00,0.058,3.2,96044.1,0.00,0.000,0.000,2
119463,-0.045,0.030,1.003,-0.122,0.366,0.183,-70.898,271.695,153.356,0.9919,0.0114,-0.0256,-0.1243,0.02,0.00,0.048,3.2,96039.0,0.00,0.000,0.000,2
119663,-0.048,0.032,1.001,-0.061,0.244,0.183,-70.898,271.695,153.356,0.9919,0.0116,-0.0257,-0.1241,0.02,0.00,0.031,3.2,96044.0,0.00,0.000,0.000,2
119863,-0.048,0.032,1.004,-0.061,0.244,0.183,-70.898,271.695,153.356,0.9919,0.0117,-0.0256,-0.1240,0.02,0.00,0.059,3.2,96037.6,0.00,0.000,0.000,2
120063,-0.045,0.031,1.001,0.000,0.244,0.244,-70.898,271.695,153.356,0.9919,0.0117,-0.0254,-0.1239,0.02,0.00,0.029,3.2,96038.4,0.00,0.000,0.000,2
120263,-0.047,0.031,1.003,-0.061,0.366,0.244,-70.898,271.695,153.356,0.9919,0.0115,-0.0255,-0.1238,0.02,0.00,0.044,3.2,96041.8,0.00,0.000,0.000,2
120463,-0.047,0.031,1.001,-0.061,0.366,0.244,-70.898,271.695,153.356,0.9919,0.0116,-0.0256,-0.1238,0.02,0.00,0.030,3.2,96039.0,0.00,0.000,0.000,2
120663,-0.046,0.031,1.004,-0.061,0.244,0.244,-70.898,271.695,153.356,0.9919,0.0114,-0.0257,-0.1237,0.02,0.00,0.053,3.2,96041.1,0.00,0.000,0.000,2
120863,-0.047,0.029,1.003,-0.122,0.305,0.305,-70.898,271.695,153.356,0.9919,0.0115,-0.0256,-0.1237,0.02,0.00,0.044,3.2,96039.1,0.00,0.000,0.000,2
121063,-0.048,0.031,1.004,-0.122,0.183,0.122,-79.761,267.620,150.516,0.9918,0.0121,-0.0256,-0.1249,0.02,0.00,0.054,3.2,96044.1,0.00,0.000,0.000,2
121263,-0.048,0.030,1.000,-0.061,0.305,0.183,-79.761,267.620,150.516,0.9914,0.0129,-0.0258,-0.1273,0.02,0.00,0.021,3.3,96040.6,0.00,0.000,0.000,2
121463,-0.049,0.032,1.003,-0.122,0.244,0.183,-79.761,267.620,150.516,0.9911,0.0133,-0.0258,-0.1296,0.02,0.00,0.050,3.3,96044.0,0.00,0.000,0.000,2
121663,-0.046,0.030,1.005,-0.061,0.244,0.244,-79.761,267.620,150.516,0.9909,0.0132,-0.0255,-0.1317,0.02,0.00,0.062,3.3,96042.7,0.00,0.000,0.000,2
121863,-0.046,0.030,1.005,-0.122,0.244,0.244,-79.761,267.620,150.516,0.9906,0.0132,-0.0257,-0.1334,0.02,0.00,0.063,3.3,96038.4,0.00,0.000,0.000,2
122063,-0.047,0.030,1.004,-0.061,0.366,0.244,-79.761,267.620,150.516,0.9904,0.0129,-0.0257,-0.1350,0.02,0.00,0.053,3.3,96039.8,0.00,0.000,0.000,2
122263,-0.045,0.032,1.002,-0.122,0.244,0.183,-79.761,267.620,150.516,0.9903,0.0125,-0.0258,-0.1362,0.02,0.00,0.039,3.3,96040.5,0.00,0.000,0.000,2
122463,-0.046,0.029,1.003,-0.061,0.183,0.183,-79.761,267.620,150.516,0.9901,0.0122,-0.0258,-0.1373,0.02,0.00,0.043,3.3,96041.8,0.00,0.000,0.000,2
122663,-0.045,0.030,1.004,-0.061,0.305,0.183,-79.761,267.620,150.516,0.9900,0.0119,-0.0258,-0.1381,0.02,0.00,0.057,3.3,96042.1,0.00,0.000,0.000,2
122863,-0.045,0.032,1.001,-0.061,0.183,0.122,-79.761,267.620,150.516,0.9899,0.0118,-0.0257,-0.1388,0.02,0.00,0.024,3.2,96041.3,0.00,0.000,0.000,2
123063,-0.046,0.030,1.005,0.000,0.305,0.244,-79.761,267.620,150.516,0.9898,0.0116,-0.0258,-0.1394,0.02,0.00,0.067,3.2,96039.2,0.00,0.000,0.000,2
123263,-0.044,0.032,1.004,-0.122,0.366,0.244,-79.761,267.620,150.516,0.9898,0.0115,-0.0258,-0.1398,0.02,0.00,0.053,3.2,96036.2,0.00,0.000,0.000,2
123463,-0.046,0.031,1.002,-0.122,0.366,0.244,-79.761,267.620,150.516,0.9897,0.0115,-0.0257,-0.1402,0.02,0.00,0.039,3.2,96044.2,0.00,0.000,0.000,2
123663,-0.046,0.029,1.004,-0.183,0.305,0.305,-79.761,267.620,150.516,0.9897,0.0112,-0.0258,-0.1405,0.02,0.00,0.058,3.2,96039.2,0.00,0.000,0.000,2
123863,-0.046,0.031,1.004,-0.122,0.244,0.244,-79.761,267.620,150.516,0.9896,0.0113,-0.0257,-0.1407,0.02,0.00,0.058,3.2,96045.5,0.00,0.000,0.000,2
124063,-0.048,0.031,1.002,-0.122,0.427,0.305,-79.761,267.620,150.516,0.9896,0.0113,-0.0259,-0.1409,0.02,0.00,0.035,3.2,96040.5,0.00,0.000,0.000,2
124263,-0.046,0.031,1.000,-0.183,0.183,0.122,-79.761,267.620,150.516,0.9896,0.0112,-0.0259,-0.1410,0.02,0.00,0.020,3.2,96044.1,0.00,0.000,0.000,2
124463,-0.048,0.031,1.001,-0.061,0.366,0.183,-79.761,267.620,150.516,0.9896,0.0112,-0.0258,-0.1411,0.02,0.00,0.026,3.2,96042.7,0.00,0.000,0.000,2
124663,-0.044,0.033,1.004,-0.122,0.366,0.244,-79.761,267.620,150.516,0.9896,0.0112,-0.0258,-0.1412,0.02,0.00,0.053,3.2,96039.8,0.00,0.000,0.000,2
124863,-0.047,0.028,1.004,-0.122,0.305,0.183,-79.761,267.620,150.516,0.9896,0.0112,-0.0258,-0.1413,0.02,0.00,0.053,3.2,96048.4,0.00,0.000,0.000,2
125063,-0.046,0.029,1.003,0.000,0.244,0.183,-79.761,267.620,150.516,0.9896,0.0109,-0.0257,-0.1414,0.02,0.00,0.043,3.2,96041.9,0.00,0.000,0.000,2
125263,-0.047,0.029,1.001,-0.183,0.244,0.183,-79.761,267.620,150.516,0.9895,0.0110,-0.0259,-0.1414,0.02,0.00,0.030,3.2,96040.7,0.00,0.000,0.000,2
125463,-0.046,0.029,1.002,-0.061,0.366,0.183,-79.761,267.620,150.516,0.9895,0.0112,-0.0259,-0.1415,0.02,0.00,0.033,3.2,96039.1,0.00,0.000,0.000,2
125663,-0.047,0.031,1.000,-0.122,0.244,0.183,-65.581,264.903,150.516,0.9898,0.0099,-0.0263,-0.1394,0.02,0.00,0.015,3.2,96047.0,0.00,0.000,0.000,2
125863,-0.047,0.029,1.003,-0.122,0.366,0.244,-65.581,264.903,150.516,0.9902,0.0089,-0.0264,-0.1370,0.02,0.00,0.048,3.2,96040.7,0.00,0.000,0.000,2
126063,-0.048,0.031,1.003,-0.122,0.244,0.244,-65.581,264.903,150.516,0.9905,0.0084,-0.0265,-0.1345,0.02,0.00,0.049,3.2,96042.1,0.00,0.000,0.000,2
126263,-0.046,0.033,1.000,-0.122,0.183,0.244,-65.581,264.903,150.516,0.9908,0.0084,-0.0264,-0.1322,0.02,0.00,0.020,3.2,96035.6,0.00,0.000,0.000,2
126463,-0.046,0.031,1.003,-0.061,0.244,0.122,-65.581,264.903,150.516,0.9911,0.0086,-0.0262,-0.1299,0.02,0.00,0.044,3.2,96037.2,0.00,0.000,0.000,2
126663,-0.047,0.032,1.002,-0.061,0.244,0.305,-65.581,264.903,150.516,0.9914,0.0090,-0.0262,-0.1278,0.02,0.00,0.039,3.2,96040.7,0.00,0.000,0.000,2
126863,-0.045,0.032,1.002,-0.061,0.244,0.183,-65.581,264.903,150.516,0.9917,0.0096,-0.0261,-0.1259,0.02,0.00,0.034,3.2,96038.6,0.00,0.000,0.000,2
127063,-0.047,0.029,1.004,-0.061,0.244,0.183,-65.581,264.903,150.516,0.9919,0.0099,-0.0260,-0.1241,0.02,0.00,0.053,3.2,96042.1,0.00,0.000,0.000,2
127263,-0.046,0.033,1.002,-0.122,0.244,0.183,-65.581,264.903,150.516,0.9921,0.0104,-0.0258,-0.1226,0.02,0.00,0.039,3.2,96039.9,0.00,0.000,0.000,2
127463,-0.045,0.029,1.003,-0.122,0.244,0.183,-65.581,264.903,150.516,0.9922,0.0105,-0.0256,-0.1214,0.02,0.00,0.048,3.2,96042.1,0.00,0.000,0.000,2
127663,-0.047,0.030,1.002,-0.061,0.244,0.122,-65.581,264.903,150.516,0.9923,0.0109,-0.0257,-0.1203,0.02,0.00,0.039,3.2,96037.9,0.00,0.000,0.000,2
127863,-0.046,0.030,1.004,-0.061,0.244,0.183,-67.353,263.544,159.036,0.9923,0.0115,-0.0257,-0.1204,0.02,0.00,0.058,3.2,96037.1,0.00,0.000,0.000,2
128063,-0.045,0.031,1.003,-0.122,0.366,0.183,-67.353,263.544,159.036,0.9923,0.0117,-0.0255,-0.1205,0.02,0.00,0.048,3.2,96040.0,0.00,0.000,0.000,2
128263,-0.047,0.031,1.001,-0.061,0.305,0.244,-67.353,263.544,159.036,0.9923,0.0118,-0.0256,-0.1205,0.02,0.00,0.030,3.2,96037.9,0.00,0.000,0.000,2
128463,-0.046,0.031,1.004,-0.122,0.183,0.061,-67.353,263.544,159.036,0.9923,0.0118,-0.0253,-0.1206,0.02,0.00,0.054,3.2,96034.2,0.00,0.000,0.000,2
128663,-0.046,0.029,1.002,-0.122,0.305,0.183,-67.353,263.544,159.036,0.9923,0.0117,-0.0255,-0.1206,0.02,0.00,0.034,3.2,96042.7,0.00,0.000,0.000,2
128863,-0.046,0.032,1.004,0.000,0.305,0.183,-67.353,263.544,159.036,0.9923,0.0119,-0.0254,-0.1206,0.02,0.00,0.053,3.2,96038.4,0.00,0.000,0.000,2
129063,-0.048,0.030,1.005,-0.122,0.183,0.122,-67.353,263.544,159.036,0.9923,0.0117,-0.0255,-0.1206,0.02,0.00,0.068,3.2,96040.0,0.00,0.000,0.000,2
129263,-0.047,0.033,1.004,0.000,0.244,0.244,-67.353,263.544,159.036,0.9923,0.0120,-0.0255,-0.1206,0.02,0.00,0.054,3.2,96042.1,0.00,0.000,0.000,2
129463,-0.045,0.030,1.005,0.000,0.183,0.122,-67.353,263.544,159.036,0.9923,0.0120,-0.0254,-0.1205,0.02,0.00,0.067,3.2,96038.6,0.00,0.000,0.000,2
129663,-0.047,0.031,1.004,-0.061,0.183,0.244,-67.353,263.544,159.036,0.9923,0.0120,-0.0255,-0.1205,0.02,0.00,0.059,3.2,96039.3,0.00,0.000,0.000,2
129863,-0.048,0.031,1.000,-0.061,0.183,0.244,-67.353,263.544,159.036,0.9923,0.0119,-0.0256,-0.1205,0.02,0.00,0.021,3.2,96041.4,0.00,0.000,0.000,2
130063,-0.047,0.030,1.005,-0.122,0.122,0.122,-67.353,263.544,159.036,0.9923,0.0119,-0.0256,-0.1205,0.02,0.00,0.063,3.2,96041.4,0.00,0.000,0.000,2
130263,-0.047,0.031,1.003,-0.122,0.305,0.183,-67.353,263.544,159.036,0.9923,0.0117,-0.0256,-0.1206,0.02,0.00,0.049,3.2,96039.3,0.00,0.000,0.000,2
130463,-0.047,0.029,1.002,-0.061,0.305,0.305,-67.353,263.544,159.036,0.9923,0.0114,-0.0255,-0.1206,0.02,0.00,0.039,3.2,96036.5,0.00,0.000,0.000,2
130663,-0.048,0.029,1.002,0.000,0.183,0.183,-67.353,263.544,159.036,0.9923,0.0116,-0.0255,-0.1206,0.02,0.00,0.035,3.2,96036.5,0.00,0.000,0.000,2
130863,-0.046,0.028,1.005,-0.122,0.244,0.061,-67.353,263.544,159.036,0.9923,0.0117,-0.0255,-0.1207,0.02,0.00,0.067,3.2,96042.1,0.00,0.000,0.000,2
131063,-0.047,0.029,0.999,-0.061,0.244,0.305,-67.353,263.544,159.036,0.9923,0.0117,-0.0256,-0.1207,0.02,0.00,0.005,3.2,96038.7,0.00,0.000,0.000,2
131263,-0.045,0.030,1.001,-0.061,0.183,0.183,-67.353,263.544,159.036,0.9923,0.0117,-0.0255,-0.1207,0.02,0.00,0.029,3.2,96037.9,0.00,0.000,0.000,2
131463,-0.048,0.031,1.004,-0.061,0.244,0.244,-67.353,263.544,159.036,0.9923,0.0118,-0.0255,-0.1207,0.02,0.00,0.059,3.2,96037.4,0.00,0.000,0.000,2
131663,-0.046,0.031,1.003,0.000,0.244,0.244,-67.353,263.544,159.036,0.9923,0.0116,-0.0255,-0.1207,0.02,0.00,0.049,3.2,96037.9,0.00,0.000,0.000,2
131863,-0.047,0.029,1.003,-0.061,0.305,0.183,-67.353,263.544,159.036,0.9923,0.0118,-0.0256,-0.1206,0.02,0.00,0.049,3.2,96037.3,0.00,0.000,0.000,2
132063,-0.049,0.031,1.003,-0.122,0.305,0.183,-69.126,270.337,144.836,0.9923,0.0118,-0.0257,-0.1206,0.02,0.00,0.050,3.2,96038.0,0.00,0.000,0.000,2
132263,-0.047,0.031,1.002,-0.061,0.244,0.183,-69.126,270.337,144.836,0.9923,0.0120,-0.0256,-0.1208,0.02,0.00,0.040,3.2,96035.8,0.00,0.000,0.000,2
132463,-0.048,0.029,1.003,-0.122,0.183,0.244,-69.126,270.337,144.836,0.9923,0.0118,-0.0258,-0.1209,0.02,0.00,0.049,3.2,96035.8,0.00,0.000,0.000,2
132663,-0.045,0.031,1.001,-0.122,0.305,0.244,-69.126,270.337,144.836,0.9923,0.0119,-0.0256,-0.1210,0.02,0.00,0.029,3.2,96037.3,0.00,0.000,0.000,2
132863,-0.047,0.031,1.007,-0.061,0.061,0.244,-69.126,270.337,144.836,0.9922,0.0121,-0.0255,-0.1211,0.02,0.00,0.087,3.2,96038.7,0.00,0.000,0.000,2
133063,-0.047,0.030,1.005,-0.061,0.305,0.183,-69.126,270.337,144.836,0.9922,0.0120,-0.0256,-0.1210,0.02,0.00,0.063,3.2,96040.1,0.00,0.000,0.000,2
133263,-0.045,0.030,1.002,-0.061,0.244,0.244,-69.126,270.337,144.836,0.9922,0.0120,-0.0257,-0.1211,0.02,0.00,0.038,3.2,96040.1,0.00,0.000,0.000,2
133463,-0.049,0.031,1.003,-0.122,0.305,0.122,-69.126,270.337,144.836,0.9922,0.0117,-0.0254,-0.1211,0.02,0.00,0.045,3.2,96043.0,0.00,0.000,0.000,2
133663,-0.046,0.030,0.999,0.000,0.366,0.122,-69.126,270.337,144.836,0.9922,0.0119,-0.0256,-0.1211,0.02,0.00,0.005,3.2,96038.8,0.00,0.000,0.000,2
133863,-0.047,0.029,1.001,-0.061,0.305,0.122,-69.126,270.337,144.836,0.9922,0.0119,-0.0256,-0.1211,0.02,0.00,0.030,3.2,96042.8,0.00,0.000,0.000,2
134063,-0.048,0.030,1.004,-0.061,0.305,0.244,-69.126,270.337,144.836,0.9922,0.0118,-0.0258,-0.1212,0.02,0.00,0.054,3.2,96037.4,0.00,0.000,0.000,2
134263,-0.047,0.031,1.000,-0.122,0.183,0.305,-63.809,260.827,153.356,0.9923,0.0117,-0.0256,-0.1210,0.02,0.00,0.021,3.2,96042.2,0.00,0.000,0.000,2
134463,-0.048,0.030,1.003,-0.061,0.366,0.244,-63.809,260.827,153.356,0.9924,0.0111,-0.0255,-0.1196,0.02,0.00,0.049,3.2,96035.1,0.00,0.000,0.000,2
134663,-0.047,0.029,1.003,-0.183,0.305,0.244,-63.809,260.827,153.356,0.9926,0.0109,-0.0257,-0.1186,0.02,0.00,0.048,3.2,96037.4,0.00,0.000,0.000,2
134863,-0.048,0.028,1.000,-0.061,0.305,0.305,-63.809,260.827,153.356,0.9926,0.0112,-0.0255,-0.1178,0.02,0.00,0.020,3.2,96038.1,0.00,0.000,0.000,2
135063,-0.047,0.030,1.004,-0.122,0.305,0.183,-63.809,260.827,153.356,0.9927,0.0114,-0.0254,-0.1171,0.02,0.00,0.058,3.2,96035.9,0.00,0.000,0.000,2
135263,-0.046,0.031,1.002,-0.122,0.244,0.183,-63.809,260.827,153.356,0.9928,0.0116,-0.0253,-0.1166,0.02,0.00,0.034,3.2,96033.8,0.00,0.000,0.000,2
135463,-0.046,0.029,1.003,0.000,0.366,0.244,-63.809,260.827,153.356,0.9928,0.0117,-0.0253,-0.1163,0.02,0.00,0.043,3.2,96036.6,0.00,0.000,0.000,2
135663,-0.045,0.031,1.000,-0.122,0.305,0.122,-63.809,260.827,153.356,0.9928,0.0119,-0.0255,-0.1160,0.02,0.00,0.020,3.2,96043.0,0.00,0.000,0.000,2
135863,-0.046,0.030,1.003,-0.061,0.305,0.183,-63.809,260.827,153.356,0.9929,0.0119,-0.0252,-0.1158,0.02,0.00,0.043,3.2,96040.1,0.00,0.000,0.000,2
136063,-0.046,0.031,1.002,-0.061,0.183,0.244,-63.809,260.827,153.356,0.9929,0.0121,-0.0252,-0.1157,0.02,0.00,0.039,3.2,96042.2,0.00,0.000,0.000,2
136263,-0.047,0.031,1.000,-0.122,0.305,0.183,-63.809,260.827,153.356,0.9929,0.0120,-0.0252,-0.1155,0.02,0.00,0.016,3.2,96040.8,0.00,0.000,0.000,2
136463,-0.046,0.029,1.001,-0.122,0.244,0.183,-72.671,270.337,161.876,0.9929,0.0121,-0.0253,-0.1157,0.02,0.00,0.024,3.2,96038.8,0.00,0.000,0.000,2
136663,-0.046,0.031,1.000,-0.122,0.427,0.244,-72.671,270.337,161.876,0.9926,0.0129,-0.0256,-0.1179,0.02,0.00,0.010,3.3,96042.9,0.00,0.000,0.000,2
136863,-0.047,0.029,1.003,-0.122,0.244,0.244,-72.671,270.337,161.876,0.9924,0.0130,-0.0255,-0.1198,0.02,0.00,0.044,3.3,96042.3,0.00,0.000,0.000,2
137063,-0.048,0.030,1.004,-0.061,0.122,0.183,-72.671,270.337,161.876,0.9922,0.0130,-0.0254,-0.1215,0.02,0.00,0.054,3.3,96038.6,0.00,0.000,0.000,2
137263,-0.046,0.029,1.008,-0.061,0.244,0.244,-72.671,270.337,161.876,0.9920,0.0129,-0.0255,-0.1227,0.02,0.00,0.096,3.3,96036.0,0.00,0.000,0.000,2
137463,-0.047,0.032,1.001,-0.122,0.244,0.183,-72.671,270.337,161.876,0.9919,0.0127,-0.0255,-0.1237,0.02,0.00,0.030,3.3,96040.1,0.00,0.000,0.000,2
137663,-0.050,0.031,1.003,-0.122,0.305,0.183,-72.671,270.337,161.876,0.9918,0.0125,-0.0255,-0.1244,0.02,0.00,0.046,3.3,96036.8,0.00,0.000,0.000,2
137863,-0.048,0.031,1.003,-0.122,0.244,0.244,-72.671,270.337,161.876,0.9917,0.0122,-0.0255,-0.1250,0.02,0.00,0.050,3.2,96041.5,0.00,0.000,0.000,2
138063,-0.046,0.031,1.001,-0.061,0.305,0.183,-72.671,270.337,161.876,0.9917,0.0122,-0.0255,-0.1255,0.02,0.00,0.025,3.2,96039.5,0.00,0.000,0.000,2
138263,-0.047,0.030,1.000,-0.183,0.305,0.244,-72.671,270.337,161.876,0.9916,0.0122,-0.0256,-0.1258,0.02,0.00,0.010,3.3,96039.5,0.00,0.000,0.000,2
138463,-0.047,0.030,1.002,-0.122,0.366,0.183,-72.671,270.337,161.876,0.9916,0.0119,-0.0256,-0.1261,0.02,0.00,0.039,3.2,96035.2,0.00,0.000,0.000,2
138663,-0.048,0.030,1.003,-0.061,0.305,0.244,-58.491,264.903,156.196,0.9916,0.0115,-0.0257,-0.1259,0.02,0.00,0.044,3.2,96042.2,0.00,0.000,0.000,2
138863,-0.045,0.029,1.003,-0.122,0.244,0.244,-58.491,264.903,156.196,0.9919,0.0101,-0.0260,-0.1235,0.02,0.00,0.047,3.2,96040.2,0.00,0.000,0.000,2
139063,-0.047,0.030,1.001,-0.122,0.244,0.244,-58.491,264.903,156.196,0.9923,0.0093,-0.0262,-0.1211,0.02,0.00,0.029,3.2,96040.7,0.00,0.000,0.000,2
139263,-0.048,0.031,1.001,-0.061,0.244,0.122,-58.491,264.903,156.196,0.9926,0.0090,-0.0262,-0.1186,0.02,0.00,0.025,3.2,96041.6,0.00,0.000,0.000,2
139463,-0.045,0.030,1.002,0.061,0.183,0.244,-58.491,264.903,156.196,0.9928,0.0093,-0.0259,-0.1162,0.02,0.00,0.033,3.2,96040.9,0.00,0.000,0.000,2
139663,-0.044,0.033,1.003,-0.122,0.183,0.183,-58.491,264.903,156.196,0.9931,0.0097,-0.0256,-0.1141,0.02,0.00,0.043,3.1,96043.0,0.00,0.000,0.000,2
139863,-0.047,0.032,1.001,-0.122,0.366,0.183,-58.491,264.903,156.196,0.9933,0.0101,-0.0256,-0.1120,0.02,0.00,0.030,3.2,96039.5,0.00,0.000,0.000,2
140063,-0.047,0.032,1.006,-0.122,0.305,0.244,-58.491,264.903,156.196,0.9935,0.0105,-0.0254,-0.1102,0.02,0.00,0.073,3.1,96037.4,0.00,0.000,0.000,2
140263,-0.044,0.031,1.004,-0.061,0.183,0.183,-58.491,264.903,156.196,0.9937,0.0109,-0.0253,-0.1086,0.02,0.00,0.053,3.2,96039.5,0.00,0.000,0.000,2
140463,-0.045,0.030,1.003,-0.061,0.244,0.244,-58.491,264.903,156.196,0.9938,0.0113,-0.0251,-0.1073,0.02,0.00,0.043,3.2,96036.5,0.00,0.000,0.000,2
140663,-0.046,0.033,1.004,-0.122,0.183,0.183,-58.491,264.903,156.196,0.9940,0.0116,-0.0251,-0.1062,0.02,0.00,0.054,3.2,96040.9,0.00,0.000,0.000,2
140863,-0.048,0.030,1.001,0.000,0.244,0.244,-58.491,264.903,156.196,0.9940,0.0119,-0.0253,-0.1054,0.02,0.00,0.030,3.2,96036.7,0.00,0.000,0.000,2
141063,-0.044,0.032,0.999,-0.061,0.183,0.183,-65.581,270.337,161.876,0.9938,0.0127,-0.0252,-0.1072,0.02,0.00,0.005,3.2,96037.3,0.00,0.000,0.000,2
141263,-0.045,0.031,1.004,-0.061,0.183,0.244,-65.581,270.337,161.876,0.9936,0.0131,-0.0252,-0.1090,0.02,0.00,0.058,3.3,96038.1,0.00,0.000,0.000,2
141463,-0.046,0.030,1.002,-0.122,0.244,0.244,-65.581,270.337,161.876,0.9935,0.0131,-0.0253,-0.1104,0.02,0.00,0.034,3.3,96037.4,0.00,0.000,0.000,2
141663,-0.046,0.030,1.000,-0.122,0.305,0.244,-65.581,270.337,161.876,0.9934,0.0128,-0.0254,-0.1114,0.02,0.00,0.015,3.3,96040.9,0.00,0.000,0.000,2
141863,-0.046,0.030,1.004,-0.061,0.183,0.244,-65.581,270.337,161.876,0.9933,0.0127,-0.0252,-0.1122,0.02,0.00,0.058,3.2,96038.8,0.00,0.000,0.000,2
142063,-0.046,0.032,1.000,-0.061,0.244,0.244,-65.581,270.337,161.876,0.9932,0.0128,-0.0252,-0.1127,0.02,0.00,0.015,3.2,96040.9,0.00,0.000,0.000,2
142263,-0.046,0.030,1.002,-0.122,0.305,0.183,-65.581,270.337,161.876,0.9932,0.0124,-0.0251,-0.1131,0.02,0.00,0.039,3.2,96039.5,0.00,0.000,0.000,2
142463,-0.047,0.028,1.003,0.000,0.183,0.244,-65.581,270.337,161.876,0.9932,0.0122,-0.0252,-0.1134,0.02,0.00,0.043,3.2,96037.5,0.00,0.000,0.000,2
142663,-0.048,0.030,1.004,-0.183,0.183,0.305,-65.581,270.337,161.876,0.9931,0.0122,-0.0253,-0.1136,0.02,0.00,0.059,3.2,96041.7,0.00,0.000,0.000,2
142863,-0.048,0.032,1.004,-0.122,0.244,0.183,-65.581,270.337,161.876,0.9931,0.0123,-0.0253,-0.1137,0.02,0.00,0.054,3.2,96038.8,0.00,0.000,0.000,2
143063,-0.046,0.031,0.999,-0.122,0.305,0.183,-65.581,270.337,161.876,0.9931,0.0123,-0.0255,-0.1138,0.02,0.00,0.001,3.2,96040.2,0.00,0.000,0.000,2
143263,-0.048,0.030,1.002,-0.061,0.244,0.122,-65.581,270.337,167.556,0.9931,0.0124,-0.0255,-0.1138,0.02,0.00,0.035,3.2,96039.5,0.00,0.000,0.000,2
143463,-0.048,0.030,1.002,-0.061,0.244,0.183,-65.581,270.337,167.556,0.9931,0.0122,-0.0253,-0.1138,0.02,0.00,0.039,3.2,96040.8,0.00,0.000,0.000,2
143663,-0.047,0.031,1.002,-0.061,0.183,0.122,-65.581,270.337,167.556,0.9931,0.0122,-0.0253,-0.1138,0.02,0.00,0.039,3.2,96043.0,0.00,0.000,0.000,2
143863,-0.045,0.031,1.003,0.000,0.244,0.183,-65.581,270.337,167.556,0.9931,0.0122,-0.0252,-0.1138,0.02,0.00,0.048,3.2,96043.0,0.00,0.000,0.000,2
144063,-0.046,0.033,1.002,-0.061,0.244,0.183,-65.581,270.337,167.556,0.9931,0.0123,-0.0251,-0.1138,0.02,0.00,0.035,3.2,96043.6,0.00,0.000,0.000,2
144263,-0.046,0.033,1.003,-0.122,0.244,0.183,-65.581,270.337,167.556,0.9931,0.0124,-0.0253,-0.1138,0.02,0.00,0.044,3.2,96039.5,0.00,0.000,0.000,2
144463,-0.047,0.032,1.000,-0.122,0.122,0.183,-65.581,270.337,167.556,0.9931,0.0124,-0.0254,-0.1138,0.02,0.00,0.016,3.2,96045.8,0.00,0.000,0.000,2
144663,-0.047,0.032,1.004,-0.122,0.305,0.244,-65.581,270.337,167.556,0.9931,0.0122,-0.0254,-0.1138,0.02,0.00,0.054,3.2,96041.5,0.00,0.000,0.000,2
144863,-0.048,0.031,1.004,-0.061,0.305,0.183,-65.581,270.337,167.556,0.9931,0.0122,-0.0254,-0.1138,0.02,0.00,0.054,3.2,96043.6,0.00,0.000,0.000,2
145063,-0.046,0.030,0.998,0.000,0.366,0.183,-65.581,270.337,167.556,0.9931,0.0121,-0.0253,-0.1138,0.02,-0.00,-0.004,3.2,96038.1,0.00,0.000,0.000,2
145263,-0.046,0.033,1.004,0.000,0.305,0.122,-65.581,270.337,167.556,0.9931,0.0122,-0.0253,-0.1139,0.02,0.00,0.059,3.2,96040.9,0.00,0.000,0.000,2
145463,-0.046,0.030,1.000,-0.061,0.366,0.244,-65.581,270.337,167.556,0.9931,0.0121,-0.0253,-0.1139,0.02,0.00,0.020,3.2,96038.8,0.00,0.000,0.000,2
145663,-0.046,0.031,1.000,-0.122,0.183,0.183,-65.581,270.337,167.556,0.9931,0.0123,-0.0253,-0.1138,0.02,0.00,0.020,3.2,96041.0,0.00,0.000,0.000,2
145863,-0.048,0.029,1.005,-0.122,0.305,0.244,-65.581,270.337,167.556,0.9931,0.0121,-0.0253,-0.1138,0.02,0.00,0.068,3.2,96037.4,0.00,0.000,0.000,2
146063,-0.045,0.031,1.002,-0.122,0.366,0.305,-65.581,270.337,167.556,0.9931,0.0121,-0.0253,-0.1139,0.02,0.00,0.039,3.2,96039.5,0.00,0.000,0.000,2
146263,-0.045,0.030,1.003,-0.061,0.244,0.244,-65.581,270.337,167.556,0.9931,0.0121,-0.0250,-0.1139,0.02,0.00,0.048,3.2,96039.5,0.00,0.000,0.000,2
146463,-0.046,0.031,1.002,0.000,0.183,0.183,-65.581,270.337,167.556,0.9931,0.0121,-0.0251,-0.1139,0.02,0.00,0.039,3.2,96038.8,0.00,0.000,0.000,2
146663,-0.048,0.030,1.002,-0.061,0.244,0.244,-65.581,270.337,167.556,0.9931,0.0122,-0.0252,-0.1139,0.02,0.00,0.039,3.2,96036.1,0.00,0.000,0.000,2
146863,-0.047,0.028,1.003,0.000,0.305,0.183,-65.581,270.337,167.556,0.9931,0.0121,-0.0252,-0.1139,0.02,0.00,0.043,3.2,96038.2,0.00,0.000,0.000,2
147063,-0.045,0.032,1.005,-0.183,0.305,0.183,-65.581,270.337,167.556,0.9931,0.0123,-0.0251,-0.1139,0.02,0.00,0.063,3.2,96040.4,0.00,0.000,0.000,2
147263,-0.046,0.034,1.000,-0.061,0.305,0.244,-65.581,270.337,167.556,0.9931,0.0121,-0.0254,-0.1139,0.02,0.00,0.021,3.2,96038.2,0.00,0.000,0.000,2
147463,-0.047,0.030,1.001,-0.061,0.244,0.183,-65.581,270.337,167.556,0.9931,0.0121,-0.0253,-0.1139,0.02,0.00,0.025,3.2,96041.1,0.00,0.000,0.000,2
147663,-0.047,0.030,1.001,-0.122,0.244,0.244,-65.581,270.337,167.556,0.9931,0.0123,-0.0254,-0.1139,0.02,0.00,0.030,3.2,96043.8,0.00,0.000,0.000,2
147863,-0.047,0.029,1.005,-0.122,0.244,0.183,-67.353,271.695,147.676,0.9930,0.0122,-0.0255,-0.1144,0.02,0.00,0.063,3.2,96036.0,0.00,0.000,0.000,2
148063,-0.047,0.030,1.001,-0.183,0.183,0.183,-67.353,271.695,147.676,0.9929,0.0124,-0.0256,-0.1153,0.02,0.00,0.025,3.3,96038.2,0.00,0.000,0.000,2
148263,-0.045,0.031,1.003,0.061,0.305,0.305,-67.353,271.695,147.676,0.9929,0.0124,-0.0255,-0.1158,0.02,0.00,0.048,3.3,96038.3,0.00,0.000,0.000,2
148463,-0.048,0.029,1.004,-0.061,0.244,0.244,-67.353,271.695,147.676,0.9928,0.0120,-0.0257,-0.1162,0.02,0.00,0.059,3.2,96039.7,0.00,0.000,0.000,2
148663,-0.047,0.031,1.002,-0.061,0.244,0.183,-67.353,271.695,147.676,0.9928,0.0121,-0.0255,-0.1165,0.02,0.00,0.040,3.2,96034.0,0.00,0.000,0.000,2
148863,-0.047,0.031,1.003,-0.061,0.244,0.122,-67.353,271.695,147.676,0.9928,0.0122,-0.0255,-0.1168,0.02,0.00,0.049,3.2,96036.0,0.00,0.000,0.000,2
149063,-0.048,0.031,1.004,-0.122,0.122,0.305,-67.353,271.695,147.676,0.9927,0.0119,-0.0256,-0.1169,0.02,0.00,0.054,3.2,96040.3,0.00,0.000,0.000,2
149263,-0.048,0.031,1.005,-0.183,0.244,0.183,-67.353,271.695,147.676,0.9927,0.0121,-0.0255,-0.1170,0.02,0.00,0.064,3.2,96038.3,0.00,0.000,0.000,2
149463,-0.048,0.031,1.002,-0.061,0.305,0.183,-67.353,271.695,147.676,0.9927,0.0120,-0.0256,-0.1171,0.02,0.00,0.035,3.2,96038.9,0.00,0.000,0.000,2
149663,-0.048,0.030,1.002,-0.061,0.244,0.183,-67.353,271.695,147.676,0.9927,0.0121,-0.0255,-0.1171,0.02,0.00,0.035,3.2,96038.3,0.00,0.000,0.000,2
149863,-0.047,0.032,1.003,-0.122,0.183,0.183,-67.353,271.695,147.676,0.9927,0.0120,-0.0255,-0.1172,0.02,0.00,0.044,3.2,96039.5,0.00,0.000,0.000,2
150063,-0.046,0.030,1.001,-0.122,0.305,0.183,-72.671,267.620,161.876,0.9926,0.0125,-0.0256,-0.1178,0.02,0.00,0.029,3.3,96037.6,0.00,0.000,0.000,2
150263,-0.047,0.031,1.002,0.000,0.244,0.122,-72.671,267.620,161.876,0.9924,0.0129,-0.0256,-0.1200,0.02,0.00,0.035,3.3,96041.1,0.00,0.000,0.000,2
150463,-0.046,0.032,1.003,-0.061,0.183,0.183,-72.671,267.620,161.876,0.9922,0.0131,-0.0256,-0.1217,0.02,0.00,0.044,3.3,96039.0,0.00,0.000,0.000,2
150663,-0.046,0.027,1.002,-0.061,0.244,0.244,-72.671,267.620,161.876,0.9920,0.0129,-0.0255,-0.1231,0.02,0.00,0.038,3.3,96039.7,0.00,0.000,0.000,2
150863,-0.047,0.031,1.006,-0.061,0.366,0.183,-72.671,267.620,161.876,0.9918,0.0128,-0.0255,-0.1243,0.02,0.00,0.073,3.3,96040.4,0.00,0.000,0.000,2
151063,-0.045,0.030,1.003,0.000,0.244,0.183,-72.671,267.620,161.876,0.9917,0.0125,-0.0255,-0.1253,0.02,0.00,0.043,3.3,96042.5,0.00,0.000,0.000,2
151263,-0.047,0.031,1.003,-0.061,0.305,0.244,-72.671,267.620,161.876,0.9916,0.0123,-0.0256,-0.1259,0.02,0.00,0.044,3.3,96039.0,0.00,0.000,0.000,2
151463,-0.046,0.033,1.003,-0.061,0.244,0.244,-72.671,267.620,161.876,0.9916,0.0123,-0.0257,-0.1265,0.02,0.00,0.045,3.3,96035.5,0.00,0.000,0.000,2
151663,-0.047,0.030,1.004,-0.122,0.244,0.183,-72.671,267.620,161.876,0.9915,0.0119,-0.0255,-0.1269,0.02,0.00,0.053,3.2,96039.7,0.00,0.000,0.000,2
151863,-0.047,0.034,1.003,-0.122,0.244,0.183,-72.671,267.620,161.876,0.9915,0.0119,-0.0256,-0.1272,0.02,0.00,0.045,3.2,96041.1,0.00,0.000,0.000,2
152063,-0.047,0.030,1.002,0.000,0.305,0.244,-72.671,267.620,161.876,0.9914,0.0119,-0.0256,-0.1275,0.02,0.00,0.039,3.2,96037.0,0.00,0.000,0.000,2
152263,-0.047,0.029,1.006,0.000,0.244,0.183,-70.898,266.261,153.356,0.9914,0.0120,-0.0256,-0.1275,0.02,0.00,0.072,3.2,96040.4,0.00,0.000,0.000,2
152463,-0.047,0.029,1.004,-0.061,0.305,0.183,-70.898,266.261,153.356,0.9915,0.0115,-0.0256,-0.1271,0.02,0.00,0.053,3.2,96037.7,0.00,0.000,0.000,2
152663,-0.048,0.029,1.006,0.000,0.305,0.183,-70.898,266.261,153.356,0.9915,0.0114,-0.0259,-0.1268,0.02,0.00,0.073,3.2,96037.7,0.00,0.000,0.000,2
152863,-0.046,0.031,1.005,-0.061,0.305,0.183,-70.898,266.261,153.356,0.9915,0.0114,-0.0257,-0.1267,0.02,0.00,0.063,3.2,96039.8,0.00,0.000,0.000,2
153063,-0.046,0.033,1.001,-0.061,0.244,0.305,-70.898,266.261,153.356,0.9916,0.0115,-0.0255,-0.1266,0.02,0.00,0.030,3.2,96042.5,0.00,0.000,0.000,2
153263,-0.045,0.032,1.002,-0.061,0.183,0.183,-70.898,266.261,153.356,0.9916,0.0117,-0.0254,-0.1264,0.02,0.00,0.039,3.2,96036.1,0.00,0.000,0.000,2
153463,-0.047,0.029,1.001,-0.061,0.244,0.244,-70.898,266.261,153.356,0.9916,0.0117,-0.0255,-0.1263,0.02,0.00,0.029,3.2,96040.4,0.00,0.000,0.000,2
153663,-0.046,0.030,1.003,0.000,0.183,0.183,-70.898,266.261,153.356,0.9916,0.0117,-0.0255,-0.1262,0.02,0.00,0.043,3.2,96039.7,0.00,0.000,0.000,2
153863,-0.048,0.031,1.001,-0.061,0.305,0.244,-70.898,266.261,153.356,0.9916,0.0119,-0.0258,-0.1261,0.02,0.00,0.026,3.3,96035.4,0.00,0.000,0.000,2
154063,-0.045,0.032,1.000,-0.061,0.305,0.183,-70.898,266.261,153.356,0.9916,0.0118,-0.0255,-0.1261,0.02,0.00,0.010,3.2,96037.6,0.00,0.000,0.000,2
154263,-0.047,0.029,1.006,-0.061,0.183,0.305,-70.898,266.261,153.356,0.9916,0.0116,-0.0256,-0.1260,0.02,0.00,0.077,3.2,96039.0,0.00,0.000,0.000,2
154463,-0.048,0.030,1.004,0.000,0.244,0.183,-56.719,263.544,164.716,0.9917,0.0113,-0.0257,-0.1256,0.02,0.00,0.054,3.2,96039.9,0.00,0.000,0.000,2
154663,-0.047,0.032,1.001,-0.122,0.244,0.183,-56.719,263.544,164.716,0.9920,0.0100,-0.0260,-0.1232,0.02,0.00,0.025,3.2,96037.6,0.00,0.000,0.000,2
154863,-0.044,0.031,1.002,-0.061,0.305,0.183,-56.719,263.544,164.716,0.9923,0.0090,-0.0262,-0.1208,0.02,0.00,0.033,3.2,96037.7,0.00,0.000,0.000,2
155063,-0.048,0.032,1.004,-0.061,0.366,0.183,-56.719,263.544,164.716,0.9926,0.0085,-0.0262,-0.1182,0.02,0.00,0.054,3.2,96036.9,0.00,0.000,0.000,2
155263,-0.049,0.030,1.002,-0.183,0.244,0.366,-56.719,263.544,164.716,0.9929,0.0085,-0.0261,-0.1158,0.02,0.00,0.035,3.2,96038.3,0.00,0.000,0.000,2
155463,-0.046,0.030,1.002,-0.061,0.305,0.122,-56.719,263.544,164.716,0.9932,0.0087,-0.0260,-0.1135,0.02,0.00,0.039,3.1,96035.5,0.00,0.000,0.000,2
155663,-0.048,0.031,1.003,-0.183,0.183,0.305,-56.719,263.544,164.716,0.9934,0.0094,-0.0260,-0.1113,0.02,0.00,0.044,3.2,96035.6,0.00,0.000,0.000,2
155863,-0.046,0.030,1.003,-0.061,0.244,0.122,-56.719,263.544,164.716,0.9936,0.0099,-0.0257,-0.1092,0.02,0.00,0.044,3.2,96041.3,0.00,0.000,0.000,2
156063,-0.045,0.031,1.002,-0.122,0.244,0.244,-56.719,263.544,164.716,0.9938,0.0104,-0.0254,-0.1073,0.02,0.00,0.034,3.2,96036.9,0.00,0.000,0.000,2
156263,-0.045,0.031,1.001,-0.061,0.305,0.122,-56.719,263.544,164.716,0.9940,0.0109,-0.0252,-0.1057,0.02,0.00,0.024,3.1,96036.9,0.00,0.000,0.000,2
156463,-0.047,0.031,1.006,-0.061,0.305,0.122,-56.719,263.544,164.716,0.9942,0.0112,-0.0251,-0.1043,0.02,0.00,0.078,3.2,96039.0,0.00,0.000,0.000,2
156663,-0.048,0.031,1.001,-0.183,0.305,0.183,-56.719,263.544,164.716,0.9943,0.0117,-0.0253,-0.1031,0.02,0.00,0.030,3.2,96041.9,0.00,0.000,0.000,2
156863,-0.047,0.029,1.000,0.000,0.305,0.183,-58.491,262.186,150.516,0.9942,0.0122,-0.0251,-0.1039,0.02,0.00,0.015,3.2,96040.4,0.00,0.000,0.000,2
157063,-0.047,0.030,1.004,-0.061,0.183,0.244,-58.491,262.186,150.516,0.9942,0.0125,-0.0250,-0.1042,0.02,0.00,0.054,3.2,96041.1,0.00,0.000,0.000,2
157263,-0.046,0.031,1.004,-0.061,0.244,0.244,-58.491,262.186,150.516,0.9941,0.0125,-0.0253,-0.1044,0.02,0.00,0.058,3.2,96042.5,0.00,0.000,0.000,2
157463,-0.046,0.031,1.002,0.000,0.427,0.183,-58.491,262.186,150.516,0.9941,0.0127,-0.0251,-0.1044,0.02,0.00,0.039,3.2,96039.1,0.00,0.000,0.000,2
157663,-0.046,0.032,1.003,-0.122,0.244,0.183,-58.491,262.186,150.516,0.9941,0.0127,-0.0253,-0.1045,0.02,0.00,0.049,3.2,96042.7,0.00,0.000,0.000,2
157863,-0.047,0.031,1.005,-0.061,0.305,0.244,-58.491,262.186,150.516,0.9941,0.0125,-0.0254,-0.1045,0.02,0.00,0.064,3.2,96041.2,0.00,0.000,0.000,2
158063,-0.046,0.030,1.001,0.000,0.183,0.122,-58.491,262.186,150.516,0.9941,0.0125,-0.0253,-0.1045,0.02,0.00,0.024,3.2,96039.0,0.00,0.000,0.000,2
158263,-0.048,0.032,1.001,-0.061,0.305,0.244,-58.491,262.186,150.516,0.9941,0.0124,-0.0254,-0.1046,0.02,0.00,0.031,3.2,96033.4,0.00,0.000,0.000,2
158463,-0.047,0.030,1.001,0.000,0.244,0.244,-58.491,262.186,150.516,0.9941,0.0124,-0.0252,-0.1047,0.02,0.00,0.030,3.2,96041.3,0.00,0.000,0.000,2
158663,-0.046,0.030,0.999,0.000,0.305,0.183,-58.491,262.186,150.516,0.9941,0.0124,-0.0252,-0.1046,0.02,0.00,0.005,3.2,96040.4,0.00,0.000,0.000,2
158863,-0.047,0.031,1.000,-0.122,0.366,0.244,-58.491,262.186,150.516,0.9941,0.0124,-0.0253,-0.1047,0.02,0.00,0.016,3.2,96032.8,0.00,0.000,0.000,2
159063,-0.047,0.031,1.004,-0.061,0.305,0.183,-67.353,249.960,141.996,0.9941,0.0124,-0.0253,-0.1049,0.02,0.00,0.059,3.2,96036.2,0.00,0.000,0.000,2
159263,-0.044,0.030,1.001,0.000,0.183,0.305,-67.353,249.960,141.996,0.9938,0.0136,-0.0254,-0.1076,0.02,0.00,0.028,3.3,96035.6,0.00,0.000,0.000,2
159463,-0.047,0.031,1.004,-0.122,0.305,0.244,-67.353,249.960,141.996,0.9935,0.0143,-0.0256,-0.1104,0.02,0.00,0.059,3.4,96037.0,0.00,0.000,0.000,2
159663,-0.048,0.032,1.003,-0.122,0.183,0.183,-67.353,249.960,141.996,0.9932,0.0144,-0.0255,-0.1130,0.02,0.00,0.045,3.4,96039.1,0.00,0.000,0.000,2
159863,-0.047,0.030,1.003,-0.061,0.183,0.244,-67.353,249.960,141.996,0.9929,0.0144,-0.0255,-0.1156,0.02,0.00,0.044,3.4,96039.7,0.00,0.000,0.000,2
160063,-0.047,0.029,1.000,-0.061,0.305,0.183,-67.353,249.960,141.996,0.9926,0.0143,-0.0254,-0.1178,0.02,0.00,0.019,3.3,96041.8,0.00,0.000,0.000,2
160263,-0.048,0.033,1.003,-0.122,0.244,0.183,-67.353,249.960,141.996,0.9924,0.0139,-0.0253,-0.1197,0.02,0.00,0.050,3.3,96042.0,0.00,0.000,0.000,2
160463,-0.047,0.032,1.004,-0.061,0.183,0.183,-67.353,249.960,141.996,0.9922,0.0136,-0.0254,-0.1213,0.02,0.00,0.054,3.3,96040.6,0.00,0.000,0.000,2
160663,-0.046,0.030,1.002,-0.061,0.244,0.244,-67.353,249.960,141.996,0.9920,0.0129,-0.0254,-0.1227,0.02,0.00,0.034,3.3,96039.0,0.00,0.000,0.000,2
160863,-0.049,0.031,1.001,-0.122,0.183,0.244,-67.353,249.960,141.996,0.9919,0.0127,-0.0256,-0.1239,0.02,0.00,0.031,3.3,96037.0,0.00,0.000,0.000,2
161063,-0.047,0.030,1.003,-0.061,0.305,0.183,-67.353,249.960,141.996,0.9918,0.0124,-0.0255,-0.1247,0.02,0.00,0.049,3.2,96037.8,0.00,0.000,0.000,2
161263,-0.046,0.030,1.001,-0.183,0.244,0.244,-67.353,249.960,141.996,0.9917,0.0122,-0.0253,-0.1254,0.02,0.00,0.024,3.2,96040.4,0.00,0.000,0.000,2
161463,-0.047,0.031,1.003,-0.061,0.183,0.305,-60.264,271.695,159.036,0.9920,0.0108,-0.0257,-0.1234,0.02,0.00,0.049,3.2,96039.1,0.00,0.000,0.000,2
161663,-0.047,0.031,1.001,-0.061,0.366,0.183,-60.264,271.695,159.036,0.9923,0.0098,-0.0259,-0.1210,0.02,0.00,0.025,3.2,96041.3,0.00,0.000,0.000,2
161863,-0.047,0.030,0.999,-0.061,0.244,0.183,-60.264,271.695,159.036,0.9926,0.0093,-0.0260,-0.1185,0.02,0.00,0.005,3.2,96039.1,0.00,0.000,0.000,2
162063,-0.048,0.031,1.004,-0.122,0.122,0.183,-60.264,271.695,159.036,0.9928,0.0093,-0.0262,-0.1162,0.02,0.00,0.054,3.2,96044.0,0.00,0.000,0.000,2
162263,-0.046,0.029,1.003,-0.061,0.305,0.244,-60.264,271.695,159.036,0.9931,0.0097,-0.0261,-0.1140,0.02,0.00,0.048,3.2,96040.5,0.00,0.000,0.000,2
162463,-0.047,0.033,1.000,-0.122,0.244,0.244,-60.264,271.695,159.036,0.9933,0.0101,-0.0259,-0.1120,0.02,0.00,0.011,3.2,96042.5,0.00,0.000,0.000,2
162663,-0.048,0.029,1.004,-0.122,0.305,0.244,-60.264,271.695,159.036,0.9935,0.0105,-0.0257,-0.1102,0.02,0.00,0.054,3.2,96042.0,0.00,0.000,0.000,2
162863,-0.047,0.032,1.004,-0.122,0.305,0.183,-60.264,271.695,159.036,0.9937,0.0111,-0.0258,-0.1088,0.02,0.00,0.059,3.2,96038.5,0.00,0.000,0.000,2
163063,-0.049,0.033,1.000,-0.122,0.183,0.183,-60.264,271.695,159.036,0.9938,0.0115,-0.0255,-0.1076,0.02,0.00,0.022,3.2,96038.4,0.00,0.000,0.000,2
163263,-0.048,0.032,1.005,-0.122,0.061,0.244,-60.264,271.695,159.036,0.9939,0.0117,-0.0253,-0.1065,0.02,0.00,0.069,3.2,96034.9,0.00,0.000,0.000,2
163463,-0.046,0.031,1.004,0.000,0.183,0.366,-60.264,271.695,159.036,0.9940,0.0122,-0.0254,-0.1057,0.02,0.00,0.058,3.2,96043.3,0.00,0.000,0.000,2
163663,-0.045,0.030,1.002,-0.061,0.244,0.183,-65.581,273.054,133.476,0.9938,0.0128,-0.0252,-0.1076,0.02,0.00,0.038,3.2,96040.5,0.00,0.000,0.000,2
163863,-0.047,0.031,1.002,-0.122,0.305,0.183,-65.581,273.054,133.476,0.9936,0.0131,-0.0253,-0.1092,0.02,0.00,0.035,3.3,96039.8,0.00,0.000,0.000,2
164063,-0.046,0.030,1.003,0.000,0.305,0.183,-65.581,273.054,133.476,0.9935,0.0130,-0.0252,-0.1106,0.02,0.00,0.048,3.3,96041.2,0.00,0.000,0.000,2
164263,-0.045,0.030,1.000,-0.061,0.366,0.244,-65.581,273.054,133.476,0.9934,0.0128,-0.0249,-0.1115,0.02,0.00,0.019,3.2,96037.7,0.00,0.000,0.000,2
164463,-0.047,0.033,1.003,-0.061,0.244,0.305,-65.581,273.054,133.476,0.9933,0.0129,-0.0251,-0.1122,0.02,0.00,0.050,3.2,96040.6,0.00,0.000,0.000,2
164663,-0.045,0.031,1.005,-0.183,0.305,0.183,-65.581,273.054,133.476,0.9932,0.0126,-0.0253,-0.1127,0.02,0.00,0.067,3.2,96042.7,0.00,0.000,0.000,2
164863,-0.046,0.029,0.999,-0.122,0.305,0.244,-65.581,273.054,133.476,0.9932,0.0124,-0.0253,-0.1131,0.02,0.00,0.005,3.2,96044.8,0.00,0.000,0.000,2
165063,-0.046,0.032,1.002,0.000,0.122,0.183,-65.581,273.054,133.476,0.9932,0.0127,-0.0253,-0.1133,0.02,0.00,0.040,3.2,96037.7,0.00,0.000,0.000,2
165263,-0.048,0.030,1.004,0.000,0.244,0.244,-65.581,273.054,133.476,0.9932,0.0124,-0.0252,-0.1134,0.02,0.00,0.059,3.2,96039.9,0.00,0.000,0.000,2
165463,-0.047,0.030,1.004,0.000,0.183,0.183,-65.581,273.054,133.476,0.9931,0.0121,-0.0253,-0.1136,0.02,0.00,0.053,3.2,96039.9,0.00,0.000,0.000,2
165663,-0.046,0.032,1.005,-0.061,0.244,0.244,-65.581,273.054,133.476,0.9931,0.0123,-0.0253,-0.1137,0.02,0.00,0.063,3.2,96040.0,0.00,0.000,0.000,2
165863,-0.049,0.031,1.003,-0.122,0.366,0.244,-70.898,274.412,159.036,0.9930,0.0126,-0.0255,-0.1147,0.02,0.00,0.045,3.3,96039.2,0.00,0.000,0.000,2
166063,-0.043,0.031,1.004,-0.122,0.366,0.183,-70.898,274.412,159.036,0.9928,0.0130,-0.0254,-0.1164,0.02,0.00,0.052,3.3,96038.4,0.00,0.000,0.000,2
166263,-0.047,0.031,1.000,-0.122,0.244,0.244,-70.898,274.412,159.036,0.9926,0.0130,-0.0254,-0.1177,0.02,0.00,0.020,3.3,96039.2,0.00,0.000,0.000,2
166463,-0.047,0.031,1.004,-0.122,0.305,0.183,-70.898,274.412,159.036,0.9925,0.0129,-0.0255,-0.1188,0.02,0.00,0.054,3.3,96039.9,0.00,0.000,0.000,2
166663,-0.048,0.030,1.002,-0.122,0.244,0.244,-70.898,274.412,159.036,0.9924,0.0126,-0.0256,-0.1196,0.02,0.00,0.035,3.3,96041.3,0.00,0.000,0.000,2
166863,-0.045,0.029,1.001,-0.061,0.305,0.244,-70.898,274.412,159.036,0.9923,0.0124,-0.0253,-0.1202,0.02,0.00,0.029,3.2,96042.0,0.00,0.000,0.000,2
167063,-0.046,0.033,1.004,-0.061,0.305,0.244,-70.898,274.412,159.036,0.9923,0.0125,-0.0254,-0.1206,0.02,0.00,0.059,3.2,96042.7,0.00,0.000,0.000,2
167263,-0.047,0.029,1.000,-0.061,0.244,0.183,-70.898,274.412,159.036,0.9923,0.0121,-0.0256,-0.1210,0.02,0.00,0.020,3.2,96039.9,0.00,0.000,0.000,2
167463,-0.046,0.031,1.004,-0.061,0.305,0.305,-70.898,274.412,159.036,0.9922,0.0120,-0.0255,-0.1213,0.02,0.00,0.058,3.2,96043.4,0.00,0.000,0.000,2
167663,-0.048,0.030,1.002,-0.061,0.244,0.244,-70.898,274.412,159.036,0.9922,0.0118,-0.0256,-0.1215,0.02,0.00,0.040,3.2,96040.7,0.00,0.000,0.000,2
167863,-0.046,0.030,1.003,-0.061,0.305,0.244,-70.898,274.412,159.036,0.9922,0.0119,-0.0255,-0.1217,0.02,0.00,0.048,3.2,96040.0,0.00,0.000,0.000,2
168063,-0.048,0.030,1.000,-0.122,0.244,0.183,-60.264,266.261,153.356,0.9922,0.0118,-0.0255,-0.1214,0.02,0.00,0.021,3.2,96040.5,0.00,0.000,0.000,2
168263,-0.047,0.029,1.006,-0.183,0.183,0.244,-60.264,266.261,153.356,0.9925,0.0105,-0.0258,-0.1191,0.02,0.00,0.077,3.2,96041.5,0.00,0.000,0.000,2
168463,-0.048,0.031,1.000,-0.061,0.244,0.244,-60.264,266.261,153.356,0.9928,0.0101,-0.0256,-0.1168,0.02,0.00,0.011,3.2,96037.9,0.00,0.000,0.000,2
168663,-0.044,0.031,0.999,0.000,0.183,0.183,-60.264,266.261,153.356,0.9930,0.0102,-0.0256,-0.1148,0.02,0.00,0.004,3.2,96040.7,0.00,0.000,0.000,2
168863,-0.048,0.031,1.001,-0.061,0.366,0.244,-60.264,266.261,153.356,0.9932,0.0105,-0.0257,-0.1129,0.02,0.00,0.026,3.2,96041.3,0.00,0.000,0.000,2
169063,-0.046,0.030,1.003,-0.183,0.244,0.244,-60.264,266.261,153.356,0.9934,0.0108,-0.0255,-0.1113,0.02,0.00,0.044,3.2,96041.2,0.00,0.000,0.000,2
169263,-0.045,0.032,1.003,-0.122,0.244,0.183,-60.264,266.261,153.356,0.9935,0.0111,-0.0253,-0.1101,0.02,0.00,0.044,3.2,96045.0,0.00,0.000,0.000,2
169463,-0.048,0.030,1.005,-0.122,0.305,0.183,-60.264,266.261,153.356,0.9937,0.0113,-0.0253,-0.1090,0.02,0.00,0.068,3.2,96039.2,0.00,0.000,0.000,2
169663,-0.047,0.030,1.004,-0.122,0.305,0.183,-60.264,266.261,153.356,0.9937,0.0116,-0.0254,-0.1083,0.02,0.00,0.054,3.2,96040.6,0.00,0.000,0.000,2
169863,-0.047,0.031,1.000,-0.061,0.305,0.183,-60.264,266.261,153.356,0.9938,0.0119,-0.0253,-0.1077,0.02,0.00,0.020,3.2,96041.4,0.00,0.000,0.000,2
170063,-0.047,0.032,1.002,-0.061,0.244,0.244,-60.264,266.261,153.356,0.9938,0.0123,-0.0253,-0.1073,0.02,0.00,0.040,3.2,96039.4,0.00,0.000,0.000,2
170263,-0.048,0.029,1.006,-0.122,0.305,0.244,-62.036,254.035,173.235,0.9938,0.0123,-0.0253,-0.1072,0.02,0.00,0.073,3.2,96037.3,0.00,0.000,0.000,2
170463,-0.048,0.030,1.004,-0.061,0.305,0.244,-62.036,254.035,173.235,0.9936,0.0129,-0.0253,-0.1090,0.02,0.00,0.059,3.3,96040.8,0.00,0.000,0.000,2
170663,-0.047,0.029,1.004,-0.061,0.244,0.244,-62.036,254.035,173.235,0.9935,0.0128,-0.0252,-0.1103,0.02,0.00,0.058,3.2,96042.0,0.00,0.000,0.000,2
170863,-0.045,0.029,1.001,-0.122,0.244,0.122,-62.036,254.035,173.235,0.9934,0.0127,-0.0251,-0.1114,0.02,0.00,0.029,3.2,96038.8,0.00,0.000,0.000,2
171063,-0.046,0.030,1.003,0.000,0.183,0.244,-62.036,254.035,173.235,0.9933,0.0126,-0.0252,-0.1122,0.02,0.00,0.048,3.2,96034.4,0.00,0.000,0.000,2
171263,-0.046,0.029,1.006,-0.061,0.366,0.244,-62.036,254.035,173.235,0.9932,0.0124,-0.0250,-0.1127,0.02,0.00,0.077,3.2,96044.3,0.00,0.000,0.000,2
171463,-0.046,0.030,1.006,-0.061,0.244,0.183,-62.036,254.035,173.235,0.9932,0.0124,-0.0252,-0.1131,0.02,0.00,0.072,3.2,96038.6,0.00,0.000,0.000,2
171663,-0.047,0.030,1.000,-0.122,0.244,0.122,-62.036,254.035,173.235,0.9932,0.0121,-0.0252,-0.1134,0.02,0.00,0.020,3.2,96040.7,0.00,0.000,0.000,2
171863,-0.048,0.032,1.003,-0.061,0.366,0.244,-62.036,254.035,173.235,0.9931,0.0123,-0.0253,-0.1137,0.02,0.00,0.045,3.2,96037.4,0.00,0.000,0.000,2
172063,-0.046,0.029,1.004,-0.061,0.244,0.244,-62.036,254.035,173.235,0.9931,0.0122,-0.0253,-0.1138,0.02,0.00,0.053,3.2,96037.4,0.00,0.000,0.000,2
172263,-0.046,0.030,1.005,0.000,0.305,0.244,-62.036,254.035,173.235,0.9931,0.0124,-0.0253,-0.1139,0.02,0.00,0.068,3.2,96039.5,0.00,0.000,0.000,2
172463,-0.047,0.032,1.004,-0.061,0.244,0.244,-62.036,254.035,173.235,0.9931,0.0121,-0.0256,-0.1139,0.02,0.00,0.059,3.2,96035.2,0.00,0.000,0.000,2
172663,-0.048,0.030,1.006,-0.122,0.305,0.244,-53.174,268.978,153.356,0.9933,0.0108,-0.0259,-0.1119,0.02,0.00,0.073,3.2,96040.9,0.00,0.000,0.000,2
172863,-0.046,0.031,1.004,-0.061,0.366,0.305,-53.174,268.978,153.356,0.9936,0.0098,-0.0260,-0.1094,0.02,0.00,0.058,3.2,96042.2,0.00,0.000,0.000,2
173063,-0.047,0.031,1.005,-0.122,0.366,0.183,-53.174,268.978,153.356,0.9939,0.0095,-0.0261,-0.1069,0.02,0.00,0.068,3.2,96043.7,0.00,0.000,0.000,2
173263,-0.046,0.030,1.006,0.000,0.427,0.183,-53.174,268.978,153.356,0.9941,0.0096,-0.0261,-0.1045,0.02,0.00,0.077,3.2,96038.1,0.00,0.000,0.000,2
173463,-0.047,0.030,1.002,0.000,0.183,0.183,-53.174,268.978,153.356,0.9944,0.0101,-0.0258,-0.1023,0.02,0.00,0.039,3.2,96039.5,0.00,0.000,0.000,2
173663,-0.048,0.030,1.004,-0.061,0.244,0.244,-53.174,268.978,153.356,0.9946,0.0104,-0.0257,-0.1001,0.02,0.00,0.054,3.2,96038.8,0.00,0.000,0.000,2
173863,-0.047,0.031,1.001,-0.061,0.305,0.183,-53.174,268.978,153.356,0.9948,0.0108,-0.0255,-0.0982,0.02,0.00,0.025,3.2,96042.2,0.00,0.000,0.000,2
174063,-0.046,0.032,1.006,-0.061,0.305,0.244,-53.174,268.978,153.356,0.9949,0.0113,-0.0253,-0.0966,0.02,0.00,0.073,3.2,96041.0,0.00,0.000,0.000,2
174263,-0.047,0.031,1.004,-0.061,0.305,0.244,-53.174,268.978,153.356,0.9951,0.0117,-0.0252,-0.0953,0.02,0.00,0.054,3.2,96039.6,0.00,0.000,0.000,2
174463,-0.046,0.032,1.004,-0.061,0.305,0.183,-53.174,268.978,153.356,0.9952,0.0122,-0.0252,-0.0943,0.02,0.00,0.058,3.2,96043.8,0.00,0.000,0.000,2
174663,-0.047,0.030,1.001,-0.122,0.305,0.244,-53.174,268.978,153.356,0.9952,0.0123,-0.0253,-0.0936,0.02,0.00,0.025,3.2,96040.2,0.00,0.000,0.000,2
174863,-0.049,0.029,1.004,-0.122,0.244,0.183,-63.809,255.394,153.356,0.9950,0.0134,-0.0255,-0.0960,0.02,0.00,0.054,3.3,96038.8,0.00,0.000,0.000,2
175063,-0.047,0.030,1.005,-0.122,0.244,0.244,-63.809,255.394,153.356,0.9947,0.0143,-0.0255,-0.0987,0.02,0.00,0.068,3.4,96043.1,0.00,0.000,0.000,2
175263,-0.047,0.032,1.003,-0.061,0.244,0.305,-63.809,255.394,153.356,0.9944,0.0149,-0.0255,-0.1015,0.02,0.00,0.049,3.4,96041.0,0.00,0.000,0.000,2
175463,-0.046,0.029,1.003,-0.061,0.366,0.183,-63.809,255.394,153.356,0.9941,0.0149,-0.0254,-0.1042,0.02,0.00,0.043,3.4,96041.7,0.00,0.000,0.000,2
175663,-0.048,0.032,1.004,-0.183,0.305,0.244,-63.809,255.394,153.356,0.9939,0.0147,-0.0254,-0.1068,0.02,0.00,0.060,3.4,96044.5,0.00,0.000,0.000,2
175863,-0.046,0.031,1.003,-0.061,0.305,0.305,-63.809,255.394,153.356,0.9936,0.0143,-0.0255,-0.1090,0.02,0.00,0.049,3.3,96041.7,0.00,0.000,0.000,2
176063,-0.045,0.032,1.004,-0.183,0.305,0.183,-63.809,255.394,153.356,0.9934,0.0139,-0.0253,-0.1109,0.02,0.00,0.053,3.3,96041.7,0.00,0.000,0.000,2
176263,-0.048,0.030,1.006,-0.122,0.244,0.305,-63.809,255.394,153.356,0.9932,0.0133,-0.0255,-0.1126,0.02,0.00,0.073,3.3,96038.8,0.00,0.000,0.000,2
176463,-0.048,0.031,1.002,-0.061,0.305,0.183,-63.809,255.394,153.356,0.9931,0.0130,-0.0256,-0.1138,0.02,0.00,0.035,3.3,96037.5,0.00,0.000,0.000,2
176663,-0.047,0.029,1.003,-0.122,0.305,0.122,-63.809,255.394,153.356,0.9930,0.0129,-0.0256,-0.1148,0.02,0.00,0.044,3.3,96039.6,0.00,0.000,0.000,2
176863,-0.048,0.030,1.002,0.000,0.183,0.244,-63.809,255.394,153.356,0.9929,0.0127,-0.0256,-0.1156,0.02,0.00,0.040,3.3,96043.1,0.00,0.000,0.000,2
177063,-0.047,0.033,1.003,-0.061,0.244,0.244,-63.809,274.412,153.356,0.9929,0.0124,-0.0257,-0.1157,0.02,0.00,0.049,3.3,96039.6,0.00,0.000,0.000,2
177263,-0.047,0.033,1.000,-0.183,0.366,0.183,-63.809,274.412,153.356,0.9931,0.0117,-0.0258,-0.1141,0.02,0.00,0.016,3.2,96040.9,0.00,0.000,0.000,2
177463,-0.045,0.033,1.004,-0.061,0.305,0.183,-63.809,274.412,153.356,0.9932,0.0116,-0.0256,-0.1128,0.02,0.00,0.058,3.2,96039.7,0.00,0.000,0.000,2
177663,-0.047,0.031,1.005,0.000,0.244,0.183,-63.809,274.412,153.356,0.9933,0.0116,-0.0255,-0.1119,0.02,0.00,0.063,3.2,96038.9,0.00,0.000,0.000,2
177863,-0.046,0.031,1.003,0.000,0.122,0.183,-63.809,274.412,153.356,0.9934,0.0117,-0.0255,-0.1112,0.02,0.00,0.049,3.2,96041.6,0.00,0.000,0.000,2
178063,-0.048,0.029,1.002,-0.183,0.244,0.183,-63.809,274.412,153.356,0.9935,0.0117,-0.0253,-0.1107,0.02,0.00,0.039,3.2,96043.8,0.00,0.000,0.000,2
178263,-0.046,0.031,1.002,-0.122,0.244,0.183,-63.809,274.412,153.356,0.9935,0.0120,-0.0251,-0.1104,0.02,0.00,0.034,3.2,96038.1,0.00,0.000,0.000,2
178463,-0.046,0.030,1.001,-0.061,0.244,0.244,-63.809,274.412,153.356,0.9935,0.0120,-0.0254,-0.1101,0.02,0.00,0.024,3.2,96039.5,0.00,0.000,0.000,2
178663,-0.047,0.030,1.003,-0.122,0.366,0.244,-63.809,274.412,153.356,0.9935,0.0120,-0.0252,-0.1100,0.02,0.00,0.044,3.2,96041.7,0.00,0.000,0.000,2
178863,-0.048,0.029,1.007,-0.061,0.183,0.244,-63.809,274.412,153.356,0.9936,0.0121,-0.0254,-0.1098,0.02,0.00,0.082,3.2,96043.1,0.00,0.000,0.000,2
179063,-0.047,0.031,1.003,-0.122,0.244,0.305,-63.809,274.412,153.356,0.9936,0.0123,-0.0256,-0.1097,0.02,0.00,0.049,3.3,96044.6,0.00,0.000,0.000,2
179263,-0.049,0.032,1.007,-0.061,0.183,0.183,-63.809,274.412,153.356,0.9936,0.0122,-0.0256,-0.1097,0.02,0.00,0.084,3.2,96043.1,0.00,0.000,0.000,2
179463,-0.048,0.030,1.002,-0.122,0.183,0.244,-56.719,277.129,176.075,0.9937,0.0115,-0.0259,-0.1084,0.02,0.00,0.035,3.2,96034.7,0.00,0.000,0.000,2
179663,-0.048,0.030,1.003,-0.122,0.305,0.183,-56.719,277.129,176.075,0.9940,0.0105,-0.0260,-0.1060,0.02,0.00,0.049,3.2,96040.4,0.00,0.000,0.000,2
179863,-0.046,0.033,1.004,-0.061,0.366,0.183,-56.719,277.129,176.075,0.9942,0.0105,-0.0257,-0.1039,0.02,0.00,0.059,3.2,96041.1,0.00,0.000,0.000,2
180063,-0.047,0.030,1.003,-0.061,0.244,0.183,-56.719,277.129,176.075,0.9944,0.0107,-0.0256,-0.1019,0.02,0.00,0.044,3.2,96039.6,0.00,0.000,0.000,2
180263,-0.048,0.031,1.004,0.000,0.244,0.183,-56.719,277.129,176.075,0.9946,0.0112,-0.0256,-0.1001,0.02,0.00,0.054,3.2,96038.9,0.00,0.000,0.000,2
180463,-0.047,0.030,1.007,-0.061,0.244,0.122,-56.719,277.129,176.075,0.9947,0.0116,-0.0254,-0.0987,0.02,0.00,0.087,3.2,96040.9,0.00,0.000,0.000,2
180663,-0.046,0.031,1.006,-0.122,0.366,0.244,-56.719,277.129,176.075,0.9948,0.0120,-0.0252,-0.0976,0.02,0.00,0.073,3.2,96038.1,0.00,0.000,0.000,2
180863,-0.047,0.032,0.998,-0.122,0.305,0.244,-56.719,277.129,176.075,0.9949,0.0123,-0.0251,-0.0967,0.02,-0.00,-0.003,3.2,96043.1,0.00,0.000,0.000,2
181063,-0.047,0.030,1.002,-0.061,0.305,0.183,-56.719,277.129,176.075,0.9950,0.0123,-0.0251,-0.0961,0.02,0.00,0.034,3.2,96041.9,0.00,0.000,0.000,2
181263,-0.045,0.033,1.003,-0.061,0.305,0.244,-56.719,277.129,176.075,0.9950,0.0128,-0.0250,-0.0957,0.02,0.00,0.044,3.2,96043.8,0.00,0.000,0.000,2
181463,-0.046,0.032,1.002,-0.061,0.305,0.122,-56.719,277.129,176.075,0.9950,0.0127,-0.0253,-0.0954,0.02,0.00,0.040,3.2,96037.5,0.00,0.000,0.000,2
181663,-0.046,0.031,1.000,-0.122,0.244,0.183,-56.719,277.129,176.075,0.9951,0.0126,-0.0250,-0.0952,0.02,0.00,0.020,3.2,96040.3,0.00,0.000,0.000,2
181863,-0.048,0.032,1.004,-0.122,0.366,0.244,-56.719,277.129,176.075,0.9951,0.0126,-0.0252,-0.0950,0.02,0.00,0.055,3.2,96037.5,0.00,0.000,0.000,2
182063,-0.047,0.030,1.002,-0.183,0.305,0.244,-56.719,277.129,176.075,0.9951,0.0128,-0.0249,-0.0950,0.02,0.00,0.034,3.2,96038.9,0.00,0.000,0.000,2
182263,-0.047,0.032,1.003,0.000,0.305,0.244,-56.719,277.129,176.075,0.9951,0.0128,-0.0251,-0.0949,0.02,0.00,0.045,3.2,96042.4,0.00,0.000,0.000,2
182463,-0.047,0.030,1.001,-0.061,0.366,0.122,-56.719,277.129,176.075,0.9951,0.0126,-0.0250,-0.0949,0.02,0.00,0.030,3.2,96042.4,0.00,0.000,0.000,2
182663,-0.048,0.032,0.999,-0.122,0.366,0.183,-56.719,277.129,176.075,0.9951,0.0128,-0.0251,-0.0949,0.02,0.00,0.007,3.2,96043.1,0.00,0.000,0.000,2
182863,-0.047,0.032,1.004,0.000,0.244,0.122,-56.719,277.129,176.075,0.9951,0.0130,-0.0251,-0.0948,0.02,0.00,0.054,3.2,96036.8,0.00,0.000,0.000,2
183063,-0.046,0.031,1.006,-0.061,0.366,0.183,-56.719,277.129,176.075,0.9951,0.0127,-0.0249,-0.0948,0.02,0.00,0.073,3.2,96041.1,0.00,0.000,0.000,2
183263,-0.046,0.030,1.004,0.000,0.244,0.122,-56.719,277.129,176.075,0.9951,0.0125,-0.0249,-0.0949,0.02,0.00,0.053,3.2,96038.3,0.00,0.000,0.000,2
183463,-0.047,0.029,1.004,-0.061,0.183,0.183,-56.719,277.129,176.075,0.9951,0.0124,-0.0249,-0.0949,0.02,0.00,0.053,3.2,96035.5,0.00,0.000,0.000,2
183663,-0.045,0.030,0.998,-0.061,0.244,0.244,-56.719,277.129,176.075,0.9951,0.0127,-0.0248,-0.0949,0.02,-0.00,-0.010,3.2,96034.8,0.00,0.000,0.000,2
183863,-0.046,0.031,1.003,-0.122,0.244,0.244,-56.719,277.129,176.075,0.9951,0.0126,-0.0250,-0.0949,0.02,0.00,0.044,3.2,96041.8,0.00,0.000,0.000,2
184063,-0.047,0.030,1.002,-0.122,0.244,0.122,-56.719,277.129,176.075,0.9951,0.0126,-0.0252,-0.0949,0.02,0.00,0.039,3.2,96038.4,0.00,0.000,0.000,2
184263,-0.045,0.031,1.001,-0.061,0.305,0.244,-56.719,277.129,176.075,0.9951,0.0125,-0.0251,-0.0950,0.02,0.00,0.029,3.2,96039.7,0.00,0.000,0.000,2
184463,-0.047,0.031,1.001,-0.122,0.244,0.122,-56.719,277.129,176.075,0.9951,0.0130,-0.0249,-0.0949,0.02,0.00,0.025,3.2,96041.1,0.00,0.000,0.000,2
184663,-0.045,0.030,1.006,-0.122,0.122,0.183,-56.719,277.129,176.075,0.9951,0.0127,-0.0249,-0.0949,0.02,0.00,0.072,3.2,96041.7,0.00,0.000,0.000,2
184863,-0.047,0.030,1.003,-0.122,0.244,0.183,-56.719,277.129,176.075,0.9951,0.0126,-0.0251,-0.0949,0.02,0.00,0.049,3.2,96041.7,0.00,0.000,0.000,2
185063,-0.045,0.030,0.999,-0.061,0.305,0.183,-56.719,277.129,176.075,0.9951,0.0126,-0.0248,-0.0949,0.02,0.00,0.005,3.2,96039.0,0.00,0.000,0.000,2
185263,-0.047,0.031,1.005,-0.061,0.305,0.122,-56.719,277.129,176.075,0.9951,0.0126,-0.0248,-0.0948,0.02,0.00,0.068,3.2,96039.6,0.00,0.000,0.000,2
185463,-0.047,0.031,1.005,-0.122,0.244,0.122,-56.719,277.129,176.075,0.9951,0.0127,-0.0248,-0.0948,0.03,0.00,0.064,3.2,96036.1,0.00,0.000,0.000,2
185663,-0.047,0.029,1.002,-0.122,0.305,0.183,-56.719,277.129,176.075,0.9951,0.0124,-0.0250,-0.0948,0.03,0.00,0.034,3.2,96040.4,0.00,0.000,0.000,2
185863,-0.046,0.031,0.999,-0.122,0.183,0.305,-56.719,277.129,176.075,0.9951,0.0125,-0.0248,-0.0949,0.03,0.00,0.001,3.2,96041.2,0.00,0.000,0.000,2
186063,-0.044,0.029,1.002,0.000,0.244,0.122,-56.719,277.129,176.075,0.9951,0.0127,-0.0250,-0.0949,0.02,0.00,0.038,3.2,96039.8,0.00,0.000,0.000,2
186263,-0.044,0.031,1.003,-0.061,0.305,0.244,-56.719,277.129,176.075,0.9951,0.0128,-0.0248,-0.0949,0.03,0.00,0.043,3.2,96039.1,0.00,0.000,0.000,2
186463,-0.047,0.030,1.002,-0.122,0.305,0.183,-56.719,277.129,176.075,0.9951,0.0129,-0.0252,-0.0948,0.02,0.00,0.034,3.2,96040.5,0.00,0.000,0.000,2
186663,-0.047,0.032,1.000,-0.061,0.183,0.305,-56.719,277.129,176.075,0.9951,0.0128,-0.0251,-0.0948,0.03,0.00,0.020,3.2,96039.1,0.00,0.000,0.000,2
186863,-0.046,0.032,1.001,-0.122,0.244,0.244,-56.719,277.129,176.075,0.9951,0.0127,-0.0249,-0.0948,0.03,0.00,0.030,3.2,96041.2,0.00,0.000,0.000,2
187063,-0.047,0.030,1.002,-0.122,0.305,0.244,-56.719,277.129,176.075,0.9951,0.0126,-0.0249,-0.0948,0.03,0.00,0.034,3.2,96036.3,0.00,0.000,0.000,2
187263,-0.046,0.032,1.001,-0.061,0.366,0.122,-56.719,277.129,176.075,0.9951,0.0128,-0.0254,-0.0948,0.03,0.00,0.030,3.3,96037.5,0.00,0.000,0.000,2
187463,-0.048,0.031,1.002,-0.183,0.244,0.122,-56.719,277.129,176.075,0.9951,0.0127,-0.0251,-0.0948,0.03,0.00,0.035,3.2,96037.5,0.00,0.000,0.000,2
187663,-0.047,0.029,1.002,0.000,0.305,0.183,-56.719,277.129,176.075,0.9951,0.0126,-0.0251,-0.0948,0.03,0.00,0.034,3.2,96036.2,0.00,0.000,0.000,2
187863,-0.048,0.030,1.000,-0.183,0.305,0.244,-56.719,277.129,176.075,0.9951,0.0125,-0.0252,-0.0948,0.03,0.00,0.021,3.2,96039.0,0.00,0.000,0.000,2
188063,-0.047,0.031,1.002,-0.122,0.305,0.244,-56.719,277.129,176.075,0.9951,0.0126,-0.0251,-0.0949,0.03,0.00,0.040,3.2,96036.9,0.00,0.000,0.000,2
188263,-0.046,0.030,1.005,-0.061,0.183,0.183,-56.719,277.129,176.075,0.9951,0.0124,-0.0249,-0.0949,0.03,0.00,0.063,3.2,96035.5,0.00,0.000,0.000,2
188463,-0.045,0.032,1.004,-0.122,0.244,0.183,-56.719,277.129,176.075,0.9951,0.0126,-0.0250,-0.0950,0.03,0.00,0.053,3.2,96037.6,0.00,0.000,0.000,2
188663,-0.049,0.030,1.004,-0.061,0.244,0.122,-56.719,277.129,176.075,0.9951,0.0126,-0.0252,-0.0949,0.03,0.00,0.059,3.2,96035.0,0.00,0.000,0.000,2
188863,-0.048,0.030,1.004,-0.122,0.244,0.122,-56.719,277.129,176.075,0.9951,0.0127,-0.0251,-0.0949,0.03,0.00,0.054,3.2,96038.3,0.00,0.000,0.000,2
189063,-0.048,0.032,1.004,-0.061,0.122,0.122,-56.719,277.129,176.075,0.9951,0.0127,-0.0248,-0.0949,0.03,0.00,0.059,3.2,96039.1,0.00,0.000,0.000,2
189263,-0.046,0.030,1.000,-0.122,0.244,0.305,-56.719,277.129,176.075,0.9951,0.0127,-0.0249,-0.0949,0.03,0.00,0.010,3.2,96038.4,0.00,0.000,0.000,2
189463,-0.048,0.031,1.004,-0.061,0.244,0.305,-56.719,277.129,176.075,0.9951,0.0126,-0.0251,-0.0949,0.03,0.00,0.054,3.2,96039.1,0.00,0.000,0.000,2
189663,-0.047,0.033,1.002,-0.061,0.183,0.244,-56.719,277.129,176.075,0.9951,0.0129,-0.0252,-0.0949,0.03,0.00,0.035,3.2,96037.8,0.00,0.000,0.000,2
189863,-0.049,0.029,1.002,-0.061,0.305,0.305,-56.719,277.129,176.075,0.9951,0.0127,-0.0251,-0.0949,0.03,0.00,0.035,3.2,96039.1,0.00,0.000,0.000,2
190063,-0.047,0.030,1.003,0.061,0.183,0.183,-56.719,277.129,176.075,0.9951,0.0128,-0.0251,-0.0948,0.03,0.00,0.044,3.2,96041.3,0.00,0.000,0.000,2
190263,-0.047,0.030,1.004,-0.061,0.244,0.122,-56.719,277.129,176.075,0.9951,0.0129,-0.0251,-0.0948,0.03,0.00,0.058,3.2,96035.6,0.00,0.000,0.000,2
190463,-0.045,0.031,1.002,-0.061,0.183,0.305,-56.719,277.129,176.075,0.9951,0.0127,-0.0245,-0.0948,0.03,0.00,0.039,3.2,96037.0,0.00,0.000,0.000,2
190663,-0.045,0.032,1.001,-0.122,0.366,0.183,-76.216,254.035,156.196,0.9948,0.0138,-0.0249,-0.0974,0.03,0.00,0.029,3.3,96036.3,0.00,0.000,0.000,2
190863,-0.048,0.031,1.001,-0.122,0.244,0.183,-76.216,254.035,156.196,0.9945,0.0150,-0.0252,-0.1002,0.03,0.00,0.030,3.4,96037.0,0.00,0.000,0.000,2
191063,-0.047,0.030,1.001,-0.183,0.366,0.244,-76.216,254.035,156.196,0.9942,0.0159,-0.0254,-0.1032,0.03,0.00,0.030,3.4,96042.0,0.00,0.000,0.000,2
191263,-0.046,0.031,1.001,0.000,0.244,0.183,-76.216,254.035,156.196,0.9939,0.0167,-0.0255,-0.1062,0.03,0.00,0.029,3.5,96042.0,0.00,0.000,0.000,2
191463,-0.047,0.030,1.002,-0.122,0.305,0.183,-76.216,254.035,156.196,0.9935,0.0172,-0.0255,-0.1092,0.03,0.00,0.039,3.5,96034.2,0.00,0.000,0.000,2
191663,-0.045,0.031,1.003,-0.061,0.305,0.122,-76.216,254.035,156.196,0.9932,0.0173,-0.0256,-0.1121,0.03,0.00,0.043,3.5,96039.1,0.00,0.000,0.000,2
191863,-0.048,0.030,1.004,-0.061,0.305,0.244,-76.216,254.035,156.196,0.9929,0.0173,-0.0257,-0.1151,0.03,0.00,0.058,3.6,96038.5,0.00,0.000,0.000,2
192063,-0.049,0.030,1.004,0.000,0.244,0.244,-76.216,254.035,156.196,0.9925,0.0171,-0.0257,-0.1179,0.03,0.00,0.054,3.5,96039.8,0.00,0.000,0.000,2
192263,-0.047,0.030,1.002,-0.122,0.305,0.244,-76.216,254.035,156.196,0.9922,0.0168,-0.0257,-0.1207,0.03,0.00,0.034,3.5,96038.5,0.00,0.000,0.000,2
192463,-0.046,0.029,0.999,-0.061,0.244,0.305,-76.216,254.035,156.196,0.9919,0.0162,-0.0258,-0.1234,0.03,0.00,-0.000,3.5,96038.5,0.00,0.000,0.000,2
192663,-0.048,0.030,1.001,-0.122,0.244,0.244,-76.216,254.035,156.196,0.9916,0.0157,-0.0258,-0.1258,0.03,0.00,0.030,3.5,96038.6,0.00,0.000,0.000,2
192863,-0.047,0.030,1.006,-0.061,0.305,0.244,-63.809,274.412,159.036,0.9918,0.0136,-0.0260,-0.1244,0.03,0.00,0.077,3.4,96039.2,0.00,0.000,0.000,2
193063,-0.047,0.030,1.004,0.000,0.244,0.183,-63.809,274.412,159.036,0.9921,0.0119,-0.0261,-0.1224,0.03,0.00,0.054,3.3,96037.8,0.00,0.000,0.000,2
193263,-0.047,0.031,1.003,0.000,0.244,0.305,-63.809,274.412,159.036,0.9923,0.0109,-0.0261,-0.1203,0.03,0.00,0.044,3.2,96042.7,0.00,0.000,0.000,2
193463,-0.046,0.028,1.000,-0.122,0.305,0.122,-63.809,274.412,159.036,0.9926,0.0103,-0.0260,-0.1182,0.03,0.00,0.019,3.2,96037.8,0.00,0.000,0.000,2
193663,-0.048,0.031,1.005,-0.122,0.305,0.183,-63.809,274.412,159.036,0.9928,0.0105,-0.0257,-0.1163,0.03,0.00,0.064,3.2,96039.1,0.00,0.000,0.000,2
193863,-0.046,0.032,1.002,-0.183,0.183,0.183,-63.809,274.412,159.036,0.9930,0.0108,-0.0254,-0.1147,0.03,0.00,0.039,3.2,96037.8,0.00,0.000,0.000,2
194063,-0.047,0.030,1.003,-0.061,0.244,0.122,-63.809,274.412,159.036,0.9932,0.0111,-0.0257,-0.1133,0.02,0.00,0.049,3.2,96041.2,0.00,0.000,0.000,2
194263,-0.044,0.030,1.005,-0.244,0.244,0.183,-63.809,274.412,159.036,0.9933,0.0113,-0.0253,-0.1123,0.02,0.00,0.067,3.2,96043.5,0.00,0.000,0.000,2
194463,-0.046,0.031,1.002,-0.061,0.244,0.244,-63.809,274.412,159.036,0.9934,0.0116,-0.0254,-0.1116,0.02,0.00,0.039,3.2,96040.6,0.00,0.000,0.000,2
194663,-0.047,0.032,1.002,-0.061,0.305,0.244,-63.809,274.412,159.036,0.9934,0.0118,-0.0254,-0.1110,0.02,0.00,0.040,3.2,96041.4,0.00,0.000,0.000,2
194863,-0.046,0.030,1.003,0.000,0.244,0.244,-63.809,274.412,159.036,0.9935,0.0118,-0.0252,-0.1105,0.02,0.00,0.048,3.2,96038.4,0.00,0.000,0.000,2
195063,-0.047,0.032,1.003,-0.122,0.183,0.183,-70.898,263.544,153.356,0.9932,0.0130,-0.0253,-0.1127,0.02,0.00,0.049,3.3,96042.8,0.00,0.000,0.000,2
195263,-0.046,0.032,1.000,-0.122,0.244,0.244,-70.898,263.544,153.356,0.9929,0.0136,-0.0255,-0.1152,0.02,0.00,0.020,3.3,96037.8,0.00,0.000,0.000,2
195463,-0.048,0.031,1.004,-0.061,0.366,0.244,-70.898,263.544,153.356,0.9926,0.0137,-0.0255,-0.1175,0.02,0.00,0.059,3.3,96038.5,0.00,0.000,0.000,2
195663,-0.048,0.029,1.002,-0.183,0.366,0.183,-70.898,263.544,153.356,0.9924,0.0135,-0.0255,-0.1195,0.02,0.00,0.034,3.3,96040.6,0.00,0.000,0.000,2
195863,-0.048,0.032,1.003,0.000,0.305,0.244,-70.898,263.544,153.356,0.9922,0.0133,-0.0255,-0.1211,0.02,0.00,0.050,3.3,96037.1,0.00,0.000,0.000,2
196063,-0.045,0.030,1.002,-0.061,0.305,0.244,-70.898,263.544,153.356,0.9921,0.0131,-0.0254,-0.1225,0.02,0.00,0.033,3.3,96038.5,0.00,0.000,0.000,2
196263,-0.046,0.030,1.001,-0.061,0.366,0.244,-70.898,263.544,153.356,0.9919,0.0128,-0.0256,-0.1236,0.02,0.00,0.024,3.3,96039.8,0.00,0.000,0.000,2
196463,-0.046,0.033,1.001,-0.061,0.305,0.183,-70.898,263.544,153.356,0.9918,0.0127,-0.0255,-0.1244,0.02,0.00,0.030,3.3,96039.9,0.00,0.000,0.000,2
196663,-0.047,0.029,1.003,-0.122,0.366,0.244,-70.898,263.544,153.356,0.9917,0.0123,-0.0255,-0.1250,0.02,0.00,0.044,3.2,96039.3,0.00,0.000,0.000,2
196863,-0.047,0.030,0.999,-0.061,0.183,0.183,-70.898,263.544,153.356,0.9917,0.0123,-0.0257,-0.1256,0.02,0.00,0.006,3.3,96043.4,0.00,0.000,0.000,2
197063,-0.047,0.032,1.000,0.000,0.122,0.122,-70.898,263.544,153.356,0.9916,0.0122,-0.0257,-0.1260,0.02,0.00,0.021,3.3,96037.1,0.00,0.000,0.000,2
197263,-0.048,0.031,1.004,-0.061,0.366,0.122,-69.126,256.752,161.876,0.9916,0.0122,-0.0259,-0.1263,0.02,0.00,0.054,3.3,96039.2,0.00,0.000,0.000,2
197463,-0.046,0.029,1.000,-0.122,0.305,0.244,-69.126,256.752,161.876,0.9916,0.0119,-0.0258,-0.1264,0.02,0.00,0.019,3.3,96039.8,0.00,0.000,0.000,2
197663,-0.047,0.032,1.002,0.000,0.305,0.244,-69.126,256.752,161.876,0.9916,0.0117,-0.0257,-0.1266,0.02,0.00,0.040,3.2,96035.0,0.00,0.000,0.000,2
197863,-0.048,0.032,1.002,-0.061,0.244,0.183,-69.126,256.752,161.876,0.9915,0.0116,-0.0259,-0.1267,0.02,0.00,0.035,3.3,96035.0,0.00,0.000,0.000,2
198063,-0.046,0.031,1.002,-0.122,0.244,0.183,-69.126,256.752,161.876,0.9915,0.0117,-0.0258,-0.1268,0.03,0.00,0.039,3.2,96040.6,0.00,0.000,0.000,2
198263,-0.048,0.032,1.000,-0.122,0.244,0.183,-69.126,256.752,161.876,0.9915,0.0119,-0.0258,-0.1268,0.03,0.00,0.021,3.3,96042.0,0.00,0.000,0.000,2
198463,-0.047,0.030,1.003,-0.061,0.244,0.122,-69.126,256.752,161.876,0.9915,0.0118,-0.0256,-0.1268,0.03,0.00,0.044,3.2,96039.4,0.00,0.000,0.000,2
198663,-0.046,0.030,1.004,-0.183,0.183,0.183,-69.126,256.752,161.876,0.9915,0.0117,-0.0255,-0.1269,0.03,0.00,0.053,3.2,96040.1,0.00,0.000,0.000,2
198863,-0.046,0.032,1.002,0.000,0.183,0.183,-69.126,256.752,161.876,0.9915,0.0120,-0.0257,-0.1269,0.02,0.00,0.039,3.2,96042.3,0.00,0.000,0.000,2
199063,-0.047,0.030,1.004,-0.183,0.244,0.183,-69.126,256.752,161.876,0.9915,0.0115,-0.0256,-0.1269,0.02,0.00,0.053,3.2,96040.8,0.00,0.000,0.000,2
199263,-0.046,0.032,1.003,-0.061,0.244,0.183,-69.126,256.752,161.876,0.9915,0.0118,-0.0256,-0.1270,0.02,0.00,0.044,3.2,96041.4,0.00,0.000,0.000,2
199463,-0.047,0.031,1.005,-0.061,0.366,0.183,-70.898,268.978,159.036,0.9916,0.0116,-0.0255,-0.1266,0.03,0.00,0.068,3.2,96036.5,0.00,0.000,0.000,2
199663,-0.046,0.030,1.004,-0.122,0.305,0.305,-70.898,268.978,159.036,0.9916,0.0114,-0.0256,-0.1261,0.03,0.00,0.053,3.2,96038.5,0.00,0.000,0.000,2
199863,-0.047,0.030,1.002,0.000,0.305,0.122,-70.898,268.978,159.036,0.9917,0.0115,-0.0257,-0.1257,0.03,0.00,0.035,3.2,96041.3,0.00,0.000,0.000,2
200063,-0.045,0.030,1.004,-0.061,0.305,0.183,-70.898,268.978,159.036,0.9917,0.0115,-0.0256,-0.1254,0.02,0.00,0.053,3.2,96040.6,0.00,0.000,0.000,2
200263,-0.048,0.031,1.002,-0.061,0.366,0.122,-70.898,268.978,159.036,0.9917,0.0116,-0.0255,-0.1252,0.02,0.00,0.040,3.2,96037.8,0.00,0.000,0.000,2
200463,-0.048,0.031,1.002,-0.122,0.183,0.183,-70.898,268.978,159.036,0.9918,0.0118,-0.0256,-0.1250,0.03,0.00,0.040,3.2,96038.7,0.00,0.000,0.000,2
200663,-0.046,0.032,1.004,-0.122,0.366,0.183,-70.898,268.978,159.036,0.9918,0.0118,-0.0257,-0.1249,0.02,0.00,0.054,3.2,96040.1,0.00,0.000,0.000,2
200863,-0.048,0.031,1.004,-0.061,0.244,0.122,-70.898,268.978,159.036,0.9918,0.0118,-0.0256,-0.1248,0.03,0.00,0.059,3.2,96039.4,0.00,0.000,0.000,2
201063,-0.047,0.030,1.004,-0.122,0.244,0.244,-70.898,268.978,159.036,0.9918,0.0118,-0.0256,-0.1248,0.03,0.00,0.058,3.2,96040.1,0.00,0.000,0.000,2
201263,-0.048,0.032,1.003,-0.122,0.305,0.122,-70.898,268.978,159.036,0.9918,0.0119,-0.0256,-0.1247,0.03,0.00,0.050,3.2,96034.5,0.00,0.000,0.000,2
201463,-0.047,0.030,1.005,-0.061,0.305,0.244,-70.898,268.978,159.036,0.9918,0.0117,-0.0256,-0.1246,0.03,0.00,0.063,3.2,96037.3,0.00,0.000,0.000,2
201663,-0.046,0.030,1.002,-0.061,0.305,0.183,-70.898,268.978,159.036,0.9918,0.0116,-0.0253,-0.1246,0.03,0.00,0.034,3.2,96042.8,0.00,0.000,0.000,2
201863,-0.050,0.032,1.005,-0.122,0.183,0.122,-70.898,268.978,159.036,0.9918,0.0117,-0.0257,-0.1246,0.02,0.00,0.065,3.2,96042.8,0.00,0.000,0.000,2
202063,-0.049,0.030,1.002,-0.122,0.244,0.244,-70.898,268.978,159.036,0.9918,0.0119,-0.0257,-0.1246,0.02,0.00,0.035,3.2,96042.9,0.00,0.000,0.000,2
202263,-0.048,0.031,1.004,-0.122,0.305,0.244,-70.898,268.978,159.036,0.9918,0.0120,-0.0257,-0.1245,0.02,0.00,0.054,3.2,96043.4,0.00,0.000,0.000,2
202463,-0.046,0.028,1.004,-0.061,0.366,0.244,-70.898,268.978,159.036,0.9918,0.0118,-0.0254,-0.1245,0.02,0.00,0.057,3.2,96036.4,0.00,0.000,0.000,2
202663,-0.046,0.030,1.000,-0.061,0.244,0.122,-70.898,268.978,159.036,0.9918,0.0117,-0.0255,-0.1246,0.02,0.00,0.019,3.2,96044.3,0.00,0.000,0.000,2
202863,-0.047,0.030,1.002,-0.122,0.305,0.122,-70.898,268.978,159.036,0.9918,0.0118,-0.0257,-0.1246,0.02,0.00,0.039,3.2,96040.8,0.00,0.000,0.000,2
203063,-0.047,0.028,1.001,-0.061,0.305,0.305,-70.898,268.978,159.036,0.9918,0.0117,-0.0256,-0.1245,0.02,0.00,0.029,3.2,96036.5,0.00,0.000,0.000,2
203263,-0.046,0.028,1.000,-0.122,0.244,0.244,-70.898,268.978,159.036,0.9918,0.0116,-0.0256,-0.1246,0.02,0.00,0.019,3.2,96042.2,0.00,0.000,0.000,2
203463,-0.047,0.031,1.004,-0.122,0.305,0.244,-70.898,268.978,159.036,0.9918,0.0118,-0.0256,-0.1246,0.02,0.00,0.054,3.2,96040.9,0.00,0.000,0.000,2
203663,-0.047,0.031,1.005,-0.183,0.244,0.122,-70.898,268.978,159.036,0.9918,0.0118,-0.0256,-0.1246,0.02,0.00,0.068,3.2,96040.8,0.00,0.000,0.000,2
203863,-0.047,0.031,1.002,0.000,0.366,0.244,-65.581,278.488,161.876,0.9921,0.0108,-0.0260,-0.1225,0.02,0.00,0.039,3.2,96042.2,0.00,0.000,0.000,2
204063,-0.046,0.032,1.001,-0.122,0.305,0.183,-65.581,278.488,161.876,0.9923,0.0102,-0.0260,-0.1203,0.02,0.00,0.025,3.2,96038.8,0.00,0.000,0.000,2
204263,-0.048,0.031,1.002,-0.061,0.305,0.244,-65.581,278.488,161.876,0.9926,0.0102,-0.0258,-0.1184,0.02,0.00,0.040,3.2,96040.8,0.00,0.000,0.000,2
204463,-0.049,0.029,1.003,-0.183,0.183,0.183,-65.581,278.488,161.876,0.9928,0.0105,-0.0259,-0.1167,0.02,0.00,0.049,3.2,96040.1,0.00,0.000,0.000,2
204663,-0.047,0.032,1.003,-0.061,0.183,0.183,-65.581,278.488,161.876,0.9929,0.0109,-0.0257,-0.1154,0.02,0.00,0.049,3.2,96034.6,0.00,0.000,0.000,2
204863,-0.047,0.031,1.000,-0.122,0.183,0.183,-65.581,278.488,161.876,0.9931,0.0112,-0.0255,-0.1143,0.02,0.00,0.020,3.2,96041.5,0.00,0.000,0.000,2
205063,-0.048,0.032,1.001,-0.122,0.427,0.122,-65.581,278.488,161.876,0.9931,0.0115,-0.0256,-0.1134,0.02,0.00,0.026,3.2,96037.2,0.00,0.000,0.000,2
205263,-0.048,0.032,1.003,-0.061,0.305,0.305,-65.581,278.488,161.876,0.9932,0.0117,-0.0257,-0.1127,0.02,0.00,0.045,3.2,96040.1,0.00,0.000,0.000,2
205463,-0.046,0.031,1.001,-0.061,0.244,0.244,-65.581,278.488,161.876,0.9933,0.0118,-0.0256,-0.1122,0.02,0.00,0.029,3.2,96032.3,0.00,0.000,0.000,2
205663,-0.045,0.031,1.002,-0.061,0.183,0.305,-65.581,278.488,161.876,0.9933,0.0122,-0.0254,-0.1119,0.02,0.00,0.039,3.2,96039.4,0.00,0.000,0.000,2
205863,-0.047,0.029,1.001,-0.122,0.244,0.244,-65.581,278.488,161.876,0.9934,0.0121,-0.0253,-0.1115,0.02,0.00,0.029,3.2,96035.2,0.00,0.000,0.000,2
206063,-0.046,0.028,1.000,-0.061,0.366,0.183,-70.898,271.695,159.036,0.9932,0.0126,-0.0254,-0.1129,0.02,0.00,0.019,3.2,96041.5,0.00,0.000,0.000,2
206263,-0.045,0.029,1.002,-0.122,0.244,0.183,-70.898,271.695,159.036,0.9929,0.0132,-0.0253,-0.1150,0.02,0.00,0.033,3.3,96040.1,0.00,0.000,0.000,2
206463,-0.048,0.030,1.002,0.000,0.305,0.183,-70.898,271.695,159.036,0.9927,0.0131,-0.0253,-0.1169,0.02,0.00,0.039,3.3,96042.4,0.00,0.000,0.000,2
206663,-0.047,0.032,1.004,-0.122,0.366,0.122,-70.898,271.695,159.036,0.9926,0.0130,-0.0255,-0.1184,0.02,0.00,0.059,3.3,96043.0,0.00,0.000,0.000,2
206863,-0.049,0.030,1.004,-0.122,0.305,0.183,-70.898,271.695,159.036,0.9924,0.0127,-0.0256,-0.1196,0.02,0.00,0.055,3.3,96036.7,0.00,0.000,0.000,2
207063,-0.046,0.031,1.005,-0.061,0.305,0.061,-70.898,271.695,159.036,0.9923,0.0127,-0.0254,-0.1205,0.02,0.00,0.063,3.3,96039.5,0.00,0.000,0.000,2
207263,-0.047,0.031,1.007,0.000,0.366,0.183,-70.898,271.695,159.036,0.9922,0.0126,-0.0255,-0.1211,0.02,0.00,0.087,3.3,96036.6,0.00,0.000,0.000,2
207463,-0.048,0.030,1.002,-0.122,0.244,0.183,-70.898,271.695,159.036,0.9922,0.0122,-0.0257,-0.1217,0.02,0.00,0.035,3.3,96041.5,0.00,0.000,0.000,2
207663,-0.049,0.029,1.003,-0.122,0.366,0.244,-70.898,271.695,159.036,0.9921,0.0120,-0.0257,-0.1221,0.02,0.00,0.045,3.3,96037.3,0.00,0.000,0.000,2
207863,-0.046,0.031,1.003,-0.122,0.244,0.183,-70.898,271.695,159.036,0.9921,0.0120,-0.0256,-0.1224,0.02,0.00,0.044,3.2,96043.0,0.00,0.000,0.000,2
208063,-0.046,0.028,1.001,-0.122,0.183,0.183,-70.898,271.695,159.036,0.9920,0.0120,-0.0256,-0.1227,0.02,0.00,0.024,3.2,96037.3,0.00,0.000,0.000,2
208263,-0.048,0.032,1.005,-0.061,0.305,0.122,-70.898,271.695,159.036,0.9920,0.0120,-0.0255,-0.1228,0.02,0.00,0.064,3.2,96040.3,0.00,0.000,0.000,2
208463,-0.048,0.029,1.002,0.000,0.366,0.244,-70.898,271.695,159.036,0.9920,0.0119,-0.0256,-0.1229,0.02,0.00,0.040,3.2,96040.9,0.00,0.000,0.000,2
208663,-0.048,0.030,1.004,-0.122,0.305,0.244,-70.898,271.695,159.036,0.9920,0.0120,-0.0256,-0.1230,0.02,0.00,0.059,3.2,96040.9,0.00,0.000,0.000,2
208863,-0.047,0.030,1.000,-0.061,0.244,0.244,-70.898,271.695,159.036,0.9920,0.0120,-0.0255,-0.1231,0.02,0.00,0.015,3.2,96038.8,0.00,0.000,0.000,2
209063,-0.048,0.031,1.000,-0.061,0.244,0.305,-70.898,271.695,159.036,0.9920,0.0119,-0.0257,-0.1231,0.02,0.00,0.016,3.2,96040.8,0.00,0.000,0.000,2
209263,-0.048,0.030,1.006,-0.183,0.305,0.244,-70.898,271.695,159.036,0.9920,0.0119,-0.0258,-0.1231,0.02,0.00,0.073,3.3,96042.3,0.00,0.000,0.000,2
209463,-0.046,0.034,1.000,-0.122,0.244,0.183,-70.898,271.695,159.036,0.9920,0.0120,-0.0256,-0.1232,0.02,0.00,0.021,3.2,96037.5,0.00,0.000,0.000,2
209663,-0.046,0.029,1.001,-0.122,0.366,0.183,-70.898,271.695,159.036,0.9920,0.0120,-0.0255,-0.1231,0.02,0.00,0.029,3.2,96033.2,0.00,0.000,0.000,2
209863,-0.047,0.030,1.007,-0.122,0.244,0.244,-70.898,271.695,159.036,0.9920,0.0119,-0.0256,-0.1231,0.02,0.00,0.087,3.2,96038.0,0.00,0.000,0.000,2
210063,-0.047,0.032,1.007,-0.122,0.305,0.183,-70.898,271.695,159.036,0.9920,0.0119,-0.0256,-0.1232,0.02,0.00,0.083,3.2,96040.9,0.00,0.000,0.000,2
210263,-0.045,0.030,1.004,-0.122,0.305,0.244,-70.898,271.695,159.036,0.9920,0.0118,-0.0255,-0.1232,0.02,0.00,0.053,3.2,96043.7,0.00,0.000,0.000,2
210463,-0.047,0.031,1.001,-0.061,0.366,0.183,-51.401,267.620,161.876,0.9921,0.0113,-0.0259,-0.1223,0.02,0.00,0.030,3.2,96038.7,0.00,0.000,0.000,2
210663,-0.048,0.029,1.006,-0.122,0.244,0.244,-51.401,267.620,161.876,0.9924,0.0098,-0.0262,-0.1200,0.02,0.00,0.073,3.2,96038.2,0.00,0.000,0.000,2
210863,-0.046,0.030,1.005,-0.122,0.122,0.305,-51.401,267.620,161.876,0.9927,0.0087,-0.0264,-0.1176,0.02,0.00,0.062,3.2,96038.1,0.00,0.000,0.000,2
211063,-0.048,0.030,1.003,0.000,0.305,0.244,-51.401,267.620,161.876,0.9930,0.0080,-0.0265,-0.1150,0.02,0.00,0.044,3.2,96040.1,0.00,0.000,0.000,2
211263,-0.048,0.029,1.000,-0.061,0.183,0.244,-51.401,267.620,161.876,0.9933,0.0077,-0.0266,-0.1124,0.02,0.00,0.020,3.2,96044.5,0.00,0.000,0.000,2
211463,-0.048,0.030,1.003,-0.122,0.183,0.183,-51.401,267.620,161.876,0.9936,0.0077,-0.0265,-0.1099,0.02,0.00,0.049,3.2,96041.0,0.00,0.000,0.000,2
211663,-0.048,0.031,1.003,-0.061,0.244,0.244,-51.401,267.620,161.876,0.9938,0.0079,-0.0264,-0.1074,0.02,0.00,0.049,3.2,96040.9,0.00,0.000,0.000,2
211863,-0.049,0.032,1.002,-0.061,0.183,0.244,-51.401,267.620,161.876,0.9941,0.0083,-0.0262,-0.1050,0.02,0.00,0.040,3.1,96041.7,0.00,0.000,0.000,2
212063,-0.048,0.030,1.002,-0.122,0.122,0.183,-51.401,267.620,161.876,0.9943,0.0088,-0.0261,-0.1026,0.02,0.00,0.039,3.2,96040.3,0.00,0.000,0.000,2
212263,-0.047,0.030,1.000,-0.183,0.244,0.244,-51.401,267.620,161.876,0.9946,0.0094,-0.0259,-0.1003,0.02,0.00,0.015,3.2,96043.0,0.00,0.000,0.000,2
212463,-0.049,0.032,1.001,0.000,0.305,0.122,-51.401,267.620,161.876,0.9948,0.0102,-0.0257,-0.0982,0.02,0.00,0.031,3.2,96044.5,0.00,0.000,0.000,2
212663,-0.047,0.030,1.004,-0.061,0.305,0.244,-51.401,267.620,161.876,0.9950,0.0106,-0.0255,-0.0961,0.02,0.00,0.053,3.2,96042.9,0.00,0.000,0.000,2
212863,-0.046,0.031,1.003,0.000,0.305,0.183,-51.401,267.620,161.876,0.9952,0.0113,-0.0254,-0.0943,0.02,0.00,0.048,3.2,96041.0,0.00,0.000,0.000,2
213063,-0.047,0.029,1.003,-0.061,0.244,0.122,-51.401,267.620,161.876,0.9953,0.0118,-0.0254,-0.0928,0.02,0.00,0.044,3.2,96043.1,0.00,0.000,0.000,2
213263,-0.047,0.029,1.004,-0.183,0.244,0.244,-51.401,267.620,161.876,0.9954,0.0121,-0.0252,-0.0916,0.02,0.00,0.053,3.2,96038.8,0.00,0.000,0.000,2
213463,-0.046,0.031,1.001,-0.183,0.244,0.183,-51.401,267.620,161.876,0.9955,0.0123,-0.0253,-0.0907,0.02,0.00,0.029,3.2,96038.1,0.00,0.000,0.000,2
213663,-0.046,0.029,1.004,0.000,0.305,0.183,-51.401,267.620,161.876,0.9955,0.0123,-0.0251,-0.0900,0.02,0.00,0.053,3.2,96039.6,0.00,0.000,0.000,2
213863,-0.046,0.028,1.007,-0.183,0.244,0.244,-51.401,267.620,161.876,0.9956,0.0125,-0.0249,-0.0897,0.02,0.00,0.086,3.2,96039.6,0.00,0.000,0.000,2
214063,-0.046,0.032,1.004,-0.061,0.244,0.244,-51.401,267.620,161.876,0.9956,0.0129,-0.0250,-0.0894,0.02,0.00,0.054,3.2,96040.9,0.00,0.000,0.000,2
214263,-0.048,0.031,1.003,-0.061,0.366,0.183,-51.401,267.620,161.876,0.9956,0.0127,-0.0252,-0.0891,0.02,0.00,0.045,3.2,96043.1,0.00,0.000,0.000,2
214463,-0.047,0.029,1.003,-0.183,0.183,0.183,-51.401,267.620,161.876,0.9956,0.0127,-0.0251,-0.0891,0.02,0.00,0.048,3.2,96043.0,0.00,0.000,0.000,2
214663,-0.047,0.032,1.000,-0.061,0.244,0.183,-51.401,267.620,161.876,0.9956,0.0130,-0.0250,-0.0890,0.02,0.00,0.011,3.2,96043.3,0.00,0.000,0.000,2
214863,-0.045,0.031,1.001,-0.122,0.244,0.244,-51.401,267.620,161.876,0.9956,0.0127,-0.0250,-0.0889,0.02,0.00,0.029,3.2,96042.4,0.00,0.000,0.000,2
215063,-0.048,0.031,1.000,-0.061,0.305,0.183,-60.264,266.261,141.996,0.9954,0.0138,-0.0252,-0.0914,0.02,0.00,0.011,3.3,96038.3,0.00,0.000,0.000,2
215263,-0.045,0.030,1.003,-0.061,0.366,0.244,-60.264,266.261,141.996,0.9951,0.0144,-0.0251,-0.0942,0.02,0.00,0.043,3.3,96044.7,0.00,0.000,0.000,2
215463,-0.048,0.031,1.002,-0.122,0.183,0.244,-60.264,266.261,141.996,0.9949,0.0145,-0.0251,-0.0969,0.02,0.00,0.035,3.3,96041.0,0.00,0.000,0.000,2
215663,-0.046,0.032,1.002,-0.061,0.244,0.183,-60.264,266.261,141.996,0.9946,0.0144,-0.0251,-0.0992,0.02,0.00,0.039,3.3,96036.1,0.00,0.000,0.000,2
215863,-0.047,0.030,1.003,-0.061,0.366,0.183,-60.264,266.261,141.996,0.9945,0.0138,-0.0251,-0.1012,0.02,0.00,0.049,3.3,96039.7,0.00,0.000,0.000,2
216063,-0.047,0.031,1.003,-0.061,0.366,0.122,-60.264,266.261,141.996,0.9943,0.0134,-0.0253,-0.1027,0.02,0.00,0.044,3.3,96039.6,0.00,0.000,0.000,2
216263,-0.048,0.030,1.004,-0.061,0.183,0.122,-60.264,266.261,141.996,0.9942,0.0133,-0.0254,-0.1038,0.02,0.00,0.059,3.3,96039.0,0.00,0.000,0.000,2
216463,-0.046,0.030,1.003,0.000,0.366,0.183,-60.264,266.261,141.996,0.9941,0.0129,-0.0251,-0.1047,0.02,0.00,0.043,3.2,96044.0,0.00,0.000,0.000,2
216663,-0.046,0.032,1.001,-0.122,0.183,0.122,-60.264,266.261,141.996,0.9940,0.0126,-0.0253,-0.1053,0.02,0.00,0.030,3.2,96038.9,0.00,0.000,0.000,2
216863,-0.047,0.029,1.005,0.000,0.305,0.305,-60.264,266.261,141.996,0.9940,0.0124,-0.0252,-0.1058,0.02,0.00,0.067,3.2,96041.7,0.00,0.000,0.000,2
217063,-0.045,0.029,1.000,-0.061,0.244,0.244,-60.264,266.261,141.996,0.9939,0.0126,-0.0253,-0.1061,0.02,0.00,0.014,3.2,96041.7,0.00,0.000,0.000,2
217263,-0.048,0.031,1.007,-0.061,0.305,0.244,-70.898,266.261,170.395,0.9938,0.0129,-0.0253,-0.1072,0.02,0.00,0.088,3.3,96038.9,0.00,0.000,0.000,2
217463,-0.047,0.031,1.000,-0.061,0.183,0.183,-70.898,266.261,170.395,0.9935,0.0139,-0.0253,-0.1098,0.02,0.00,0.015,3.3,96036.9,0.00,0.000,0.000,2
217663,-0.049,0.031,1.001,-0.061,0.244,0.183,-70.898,266.261,170.395,0.9932,0.0143,-0.0252,-0.1124,0.02,0.00,0.031,3.3,96035.6,0.00,0.000,0.000,2
217863,-0.050,0.031,1.005,-0.122,0.305,0.183,-70.898,266.261,170.395,0.9930,0.0142,-0.0255,-0.1147,0.02,0.00,0.065,3.3,96037.6,0.00,0.000,0.000,2
218063,-0.049,0.032,1.004,-0.122,0.305,0.183,-70.898,266.261,170.395,0.9927,0.0140,-0.0256,-0.1168,0.02,0.00,0.055,3.3,96041.9,0.00,0.000,0.000,2
218263,-0.048,0.031,1.001,-0.061,0.244,0.183,-70.898,266.261,170.395,0.9925,0.0136,-0.0255,-0.1186,0.02,0.00,0.030,3.3,96039.6,0.00,0.000,0.000,2
218463,-0.048,0.029,1.002,-0.122,0.244,0.183,-70.898,266.261,170.395,0.9923,0.0132,-0.0257,-0.1201,0.02,0.00,0.034,3.3,96032.7,0.00,0.000,0.000,2
218663,-0.048,0.030,1.003,0.000,0.183,0.244,-70.898,266.261,170.395,0.9922,0.0129,-0.0257,-0.1213,0.02,0.00,0.049,3.3,96038.2,0.00,0.000,0.000,2
218863,-0.047,0.030,1.005,-0.122,0.183,0.244,-70.898,266.261,170.395,0.9921,0.0125,-0.0256,-0.1222,0.02,0.00,0.063,3.3,96040.4,0.00,0.000,0.000,2
219063,-0.048,0.031,1.001,-0.061,0.244,0.244,-70.898,266.261,170.395,0.9920,0.0124,-0.0255,-0.1230,0.02,0.00,0.030,3.3,96037.5,0.00,0.000,0.000,2
219263,-0.047,0.030,1.005,-0.122,0.366,0.305,-70.898,266.261,170.395,0.9919,0.0122,-0.0253,-0.1236,0.02,0.00,0.068,3.2,96040.4,0.00,0.000,0.000,2
219463,-0.047,0.031,1.002,-0.061,0.183,0.244,-54.946,267.620,156.196,0.9920,0.0116,-0.0255,-0.1233,0.02,0.00,0.039,3.2,96039.1,0.00,0.000,0.000,2
219663,-0.047,0.032,1.003,-0.061,0.183,0.183,-54.946,267.620,156.196,0.9923,0.0102,-0.0259,-0.1209,0.02,0.00,0.044,3.2,96039.7,0.00,0.000,0.000,2
219863,-0.047,0.030,1.004,-0.122,0.305,0.183,-54.946,267.620,156.196,0.9926,0.0091,-0.0262,-0.1184,0.02,0.00,0.053,3.2,96043.2,0.00,0.000,0.000,2
220063,-0.047,0.032,1.005,-0.122,0.244,0.183,-54.946,267.620,156.196,0.9929,0.0086,-0.0264,-0.1159,0.02,0.00,0.063,3.2,96035.6,0.00,0.000,0.000,2
220263,-0.048,0.029,1.002,-0.122,0.305,0.183,-54.946,267.620,156.196,0.9932,0.0084,-0.0264,-0.1133,0.02,0.00,0.034,3.2,96036.3,0.00,0.000,0.000,2
220463,-0.048,0.029,1.001,0.000,0.183,0.244,-54.946,267.620,156.196,0.9935,0.0086,-0.0262,-0.1109,0.02,0.00,0.030,3.2,96039.8,0.00,0.000,0.000,2
220663,-0.048,0.030,1.002,-0.122,0.183,0.183,-54.946,267.620,156.196,0.9937,0.0090,-0.0261,-0.1085,0.02,0.00,0.039,3.2,96036.3,0.00,0.000,0.000,2
220863,-0.048,0.030,1.001,-0.061,0.244,0.305,-54.946,267.620,156.196,0.9940,0.0095,-0.0259,-0.1063,0.02,0.00,0.025,3.2,96039.8,0.00,0.000,0.000,2
221063,-0.047,0.032,1.001,-0.061,0.305,0.122,-54.946,267.620,156.196,0.9942,0.0101,-0.0257,-0.1042,0.02,0.00,0.025,3.2,96042.0,0.00,0.000,0.000,2
221263,-0.045,0.032,1.001,-0.122,0.244,0.122,-54.946,267.620,156.196,0.9944,0.0108,-0.0255,-0.1024,0.02,0.00,0.029,3.2,96035.0,0.00,0.000,0.000,2
221463,-0.046,0.031,1.001,-0.122,0.244,0.305,-54.946,267.620,156.196,0.9945,0.0112,-0.0255,-0.1007,0.02,0.00,0.029,3.2,96038.5,0.00,0.000,0.000,2
221663,-0.047,0.029,1.001,-0.061,0.244,0.183,-63.809,263.544,153.356,0.9946,0.0118,-0.0256,-0.1000,0.02,0.00,0.025,3.2,96040.5,0.00,0.000,0.000,2
221863,-0.045,0.027,1.003,0.000,0.244,0.244,-63.809,263.544,153.356,0.9943,0.0131,-0.0256,-0.1024,0.02,0.00,0.047,3.3,96039.8,0.00,0.000,0.000,2
222063,-0.047,0.031,1.004,-0.061,0.183,0.244,-63.809,263.544,153.356,0.9941,0.0136,-0.0255,-0.1049,0.02,0.00,0.059,3.3,96038.5,0.00,0.000,0.000,2
222263,-0.046,0.030,1.003,-0.061,0.305,0.183,-63.809,263.544,153.356,0.9938,0.0138,-0.0254,-0.1070,0.02,0.00,0.043,3.3,96040.6,0.00,0.000,0.000,2
222463,-0.049,0.029,1.002,-0.122,0.305,0.244,-63.809,263.544,153.356,0.9937,0.0134,-0.0254,-0.1088,0.02,0.00,0.040,3.3,96047.7,0.00,0.000,0.000,2
222663,-0.046,0.031,1.000,0.061,0.305,0.183,-63.809,263.544,153.356,0.9935,0.0133,-0.0253,-0.1101,0.02,0.00,0.011,3.3,96042.0,0.00,0.000,0.000,2
222863,-0.047,0.029,1.000,-0.122,0.244,0.122,-63.809,263.544,153.356,0.9934,0.0127,-0.0253,-0.1112,0.02,0.00,0.010,3.2,96044.8,0.00,0.000,0.000,2
223063,-0.046,0.031,1.001,0.000,0.244,0.183,-63.809,263.544,153.356,0.9933,0.0127,-0.0253,-0.1119,0.02,0.00,0.029,3.2,96037.2,0.00,0.000,0.000,2
223263,-0.046,0.031,1.003,-0.122,0.244,0.122,-63.809,263.544,153.356,0.9933,0.0125,-0.0253,-0.1125,0.02,0.00,0.044,3.2,96035.0,0.00,0.000,0.000,2
223463,-0.047,0.032,1.003,-0.061,0.244,0.183,-63.809,263.544,153.356,0.9932,0.0125,-0.0253,-0.1129,0.02,0.00,0.045,3.2,96036.4,0.00,0.000,0.000,2
223663,-0.046,0.031,1.005,-0.183,0.305,0.183,-63.809,263.544,153.356,0.9932,0.0124,-0.0253,-0.1132,0.02,0.00,0.063,3.2,96036.4,0.00,0.000,0.000,2
223863,-0.048,0.032,1.001,-0.061,0.183,0.183,-83.306,259.469,144.836,0.9931,0.0126,-0.0254,-0.1139,0.02,0.00,0.031,3.2,96037.8,0.00,0.000,0.000,2
224063,-0.045,0.030,1.004,-0.122,0.305,0.305,-83.306,259.469,144.836,0.9927,0.0137,-0.0255,-0.1167,0.02,0.00,0.057,3.3,96040.7,0.00,0.000,0.000,2
224263,-0.047,0.029,1.004,-0.061,0.244,0.183,-83.306,259.469,144.836,0.9924,0.0145,-0.0257,-0.1196,0.02,0.00,0.053,3.4,96037.2,0.00,0.000,0.000,2
224463,-0.048,0.032,1.000,-0.061,0.305,0.244,-83.306,259.469,144.836,0.9920,0.0151,-0.0258,-0.1225,0.02,0.00,0.021,3.4,96036.3,0.00,0.000,0.000,2
224663,-0.048,0.032,1.003,-0.122,0.305,0.244,-83.306,259.469,144.836,0.9916,0.0155,-0.0258,-0.1254,0.02,0.00,0.050,3.5,96034.3,0.00,0.000,0.000,2
224863,-0.047,0.032,1.005,-0.061,0.305,0.183,-83.306,259.469,144.836,0.9913,0.0157,-0.0259,-0.1282,0.02,0.00,0.063,3.5,96039.2,0.00,0.000,0.000,2
225063,-0.045,0.032,1.005,-0.061,0.183,0.183,-83.306,259.469,144.836,0.9909,0.0157,-0.0259,-0.1310,0.02,0.00,0.063,3.5,96041.4,0.00,0.000,0.000,2
225263,-0.047,0.029,1.000,-0.061,0.305,0.183,-83.306,259.469,144.836,0.9906,0.0154,-0.0260,-0.1335,0.02,0.00,0.015,3.5,96042.1,0.00,0.000,0.000,2
225463,-0.047,0.031,1.001,0.061,0.305,0.305,-83.306,259.469,144.836,0.9903,0.0151,-0.0260,-0.1360,0.02,0.00,0.030,3.4,96040.6,0.00,0.000,0.000,2
225663,-0.047,0.030,1.003,-0.122,0.366,0.183,-65.581,275.771,173.235,0.9904,0.0132,-0.0264,-0.1350,0.02,0.00,0.044,3.4,96042.0,0.00,0.000,0.000,2
225863,-0.047,0.029,1.003,-0.061,0.244,0.183,-65.581,275.771,173.235,0.9907,0.0113,-0.0266,-0.1329,0.02,0.00,0.048,3.3,96042.1,0.00,0.000,0.000,2
226063,-0.046,0.030,1.001,-0.061,0.183,0.244,-65.581,264.903,150.516,0.9910,0.0100,-0.0268,-0.1307,0.02,0.00,0.029,3.3,96039.3,0.00,0.000,0.000,2
226263,-0.047,0.032,1.006,-0.061,0.244,0.183,-65.581,264.903,150.516,0.9913,0.0095,-0.0266,-0.1285,0.02,0.00,0.073,3.2,96035.8,0.00,0.000,0.000,2
226463,-0.047,0.031,1.004,-0.122,0.427,0.183,-65.581,264.903,150.516,0.9916,0.0095,-0.0264,-0.1264,0.02,0.00,0.059,3.2,96040.7,0.00,0.000,0.000,2
226663,-0.047,0.032,1.005,-0.122,0.244,0.183,-65.581,264.903,150.516,0.9918,0.0099,-0.0262,-0.1247,0.02,0.00,0.063,3.2,96035.1,0.00,0.000,0.000,2
226863,-0.046,0.031,1.001,-0.183,0.305,0.244,-65.581,264.903,150.516,0.9920,0.0101,-0.0259,-0.1230,0.02,0.00,0.029,3.2,96037.2,0.00,0.000,0.000,2
227063,-0.048,0.029,1.002,-0.061,0.244,0.244,-65.581,264.903,150.516,0.9922,0.0104,-0.0260,-0.1217,0.02,0.00,0.040,3.2,96038.6,0.00,0.000,0.000,2
227263,-0.047,0.029,0.999,-0.122,0.244,0.305,-65.581,264.903,150.516,0.9923,0.0107,-0.0258,-0.1206,0.02,0.00,0.000,3.2,96034.2,0.00,0.000,0.000,2
227463,-0.045,0.032,1.003,0.000,0.366,0.183,-65.581,264.903,150.516,0.9924,0.0112,-0.0256,-0.1197,0.02,0.00,0.044,3.2,96035.8,0.00,0.000,0.000,2
227663,-0.046,0.030,1.001,-0.122,0.305,0.183,-65.581,264.903,150.516,0.9925,0.0112,-0.0257,-0.1190,0.02,0.00,0.029,3.2,96041.3,0.00,0.000,0.000,2
227863,-0.047,0.031,1.005,-0.061,0.305,0.183,-65.581,264.903,150.516,0.9926,0.0114,-0.0256,-0.1185,0.02,0.00,0.063,3.2,96043.5,0.00,0.000,0.000,2
228063,-0.050,0.029,1.004,-0.061,0.305,0.183,-65.581,264.903,150.516,0.9926,0.0114,-0.0256,-0.1181,0.02,0.00,0.055,3.2,96044.2,0.00,0.000,0.000,2
228263,-0.046,0.029,1.001,-0.122,0.183,0.183,-67.353,279.846,170.395,0.9927,0.0116,-0.0254,-0.1177,0.02,0.00,0.029,3.2,96042.8,0.00,0.000,0.000,2
228463,-0.048,0.029,1.002,-0.061,0.366,0.183,-67.353,279.846,170.395,0.9928,0.0113,-0.0256,-0.1165,0.02,0.00,0.035,3.2,96037.9,0.00,0.000,0.000,2
228663,-0.047,0.029,1.004,0.000,0.183,0.244,-67.353,279.846,170.395,0.9929,0.0112,-0.0255,-0.1156,0.02,0.00,0.053,3.2,96036.7,0.00,0.000,0.000,2
228863,-0.047,0.030,1.006,-0.122,0.244,0.183,-67.353,279.846,170.395,0.9930,0.0112,-0.0254,-0.1150,0.02,0.00,0.077,3.2,96042.1,0.00,0.000,0.000,2
229063,-0.046,0.029,1.005,-0.061,0.244,0.244,-67.353,279.846,170.395,0.9930,0.0114,-0.0253,-0.1146,0.02,0.00,0.067,3.2,96038.6,0.00,0.000,0.000,2
229263,-0.047,0.031,1.005,0.000,0.244,0.183,-67.353,279.846,170.395,0.9931,0.0118,-0.0255,-0.1143,0.02,0.00,0.063,3.2,96045.6,0.00,0.000,0.000,2
229463,-0.045,0.030,1.001,-0.122,0.366,0.244,-67.353,279.846,170.395,0.9931,0.0117,-0.0254,-0.1140,0.02,0.00,0.029,3.2,96041.3,0.00,0.000,0.000,2
229663,-0.045,0.031,1.005,-0.183,0.305,0.183,-67.353,279.846,170.395,0.9931,0.0117,-0.0253,-0.1138,0.02,0.00,0.067,3.2,96041.4,0.00,0.000,0.000,2
229863,-0.047,0.027,1.002,-0.122,0.244,0.183,-67.353,279.846,170.395,0.9931,0.0116,-0.0254,-0.1136,0.02,0.00,0.034,3.2,96044.9,0.00,0.000,0.000,2
230063,-0.046,0.031,1.001,-0.061,0.244,0.183,-67.353,279.846,170.395,0.9931,0.0117,-0.0252,-0.1136,0.02,0.00,0.025,3.2,96044.9,0.00,0.000,0.000,2
230263,-0.045,0.031,1.004,-0.122,0.183,0.244,-67.353,279.846,170.395,0.9931,0.0120,-0.0253,-0.1135,0.02,0.00,0.053,3.2,96040.0,0.00,0.000,0.000,2
230463,-0.046,0.031,1.003,0.000,0.183,0.244,-67.353,279.846,170.395,0.9932,0.0121,-0.0254,-0.1133,0.02,0.00,0.049,3.2,96044.2,0.00,0.000,0.000,2
230663,-0.046,0.032,1.001,0.000,0.305,0.183,-67.353,279.846,170.395,0.9932,0.0123,-0.0256,-0.1133,0.02,0.00,0.025,3.2,96045.0,0.00,0.000,0.000,2
230863,-0.046,0.032,1.001,-0.122,0.244,0.244,-67.353,279.846,170.395,0.9932,0.0122,-0.0255,-0.1132,0.02,0.00,0.030,3.2,96039.3,0.00,0.000,0.000,2
231063,-0.046,0.029,1.002,-0.061,0.244,0.122,-67.353,279.846,170.395,0.9932,0.0121,-0.0254,-0.1131,0.02,0.00,0.034,3.2,96040.7,0.00,0.000,0.000,2
231263,-0.048,0.030,1.001,-0.122,0.183,0.122,-67.353,279.846,170.395,0.9932,0.0120,-0.0257,-0.1131,0.02,0.00,0.030,3.3,96039.3,0.00,0.000,0.000,2
231463,-0.048,0.029,1.001,-0.122,0.305,0.244,-67.353,279.846,170.395,0.9932,0.0119,-0.0253,-0.1132,0.02,0.00,0.030,3.2,96038.1,0.00,0.000,0.000,2
231663,-0.047,0.031,1.004,-0.122,0.244,0.244,-67.353,279.846,170.395,0.9932,0.0121,-0.0252,-0.1131,0.02,0.00,0.054,3.2,96043.5,0.00,0.000,0.000,2
231863,-0.046,0.031,1.000,-0.122,0.244,0.183,-67.353,279.846,170.395,0.9932,0.0119,-0.0254,-0.1132,0.02,0.00,0.011,3.2,96045.0,0.00,0.000,0.000,2
232063,-0.047,0.031,1.001,-0.122,0.244,0.183,-67.353,279.846,170.395,0.9932,0.0120,-0.0253,-0.1132,0.02,0.00,0.025,3.2,96040.7,0.00,0.000,0.000,2
232263,-0.046,0.031,1.005,-0.061,0.427,0.122,-67.353,279.846,170.395,0.9932,0.0119,-0.0253,-0.1132,0.02,0.00,0.068,3.2,96036.5,0.00,0.000,0.000,2
232463,-0.048,0.031,1.002,-0.061,0.244,0.183,-67.353,279.846,170.395,0.9932,0.0121,-0.0254,-0.1132,0.02,0.00,0.040,3.2,96040.0,0.00,0.000,0.000,2
232663,-0.047,0.031,1.004,-0.061,0.244,0.244,-67.353,279.846,170.395,0.9932,0.0122,-0.0253,-0.1132,0.02,0.00,0.059,3.2,96045.7,0.00,0.000,0.000,2
232863,-0.047,0.030,1.003,-0.061,0.183,0.183,-67.353,279.846,170.395,0.9932,0.0121,-0.0251,-0.1132,0.02,0.00,0.049,3.2,96044.2,0.00,0.000,0.000,2
233063,-0.047,0.029,1.000,-0.122,0.244,0.305,-67.353,279.846,170.395,0.9932,0.0120,-0.0252,-0.1132,0.02,0.00,0.020,3.2,96036.5,0.00,0.000,0.000,2
233263,-0.047,0.032,1.002,0.000,0.366,0.183,-67.353,279.846,170.395,0.9932,0.0123,-0.0254,-0.1132,0.02,0.00,0.040,3.2,96040.0,0.00,0.000,0.000,2
233463,-0.047,0.031,1.002,-0.122,0.244,0.183,-67.353,279.846,170.395,0.9932,0.0119,-0.0254,-0.1132,0.02,0.00,0.035,3.2,96039.3,0.00,0.000,0.000,2
233663,-0.045,0.032,1.003,0.000,0.305,0.244,-67.353,279.846,170.395,0.9932,0.0120,-0.0252,-0.1132,0.02,0.00,0.048,3.2,96034.4,0.00,0.000,0.000,2
233863,-0.048,0.030,1.000,0.000,0.244,0.244,-67.353,279.846,170.395,0.9932,0.0121,-0.0254,-0.1132,0.02,0.00,0.021,3.2,96039.3,0.00,0.000,0.000,2
234063,-0.048,0.028,1.003,-0.061,0.366,0.244,-67.353,279.846,170.395,0.9932,0.0120,-0.0255,-0.1132,0.02,0.00,0.049,3.2,96040.0,0.00,0.000,0.000,2
234263,-0.045,0.030,1.001,0.061,0.244,0.183,-67.353,279.846,170.395,0.9932,0.0122,-0.0253,-0.1132,0.02,0.00,0.029,3.2,96038.0,0.00,0.000,0.000,2
234463,-0.048,0.031,1.001,-0.061,0.305,0.305,-67.353,279.846,170.395,0.9932,0.0123,-0.0255,-0.1131,0.02,0.00,0.031,3.2,96033.7,0.00,0.000,0.000,2
234663,-0.047,0.029,1.001,-0.061,0.244,0.244,-67.353,279.846,170.395,0.9932,0.0121,-0.0254,-0.1131,0.02,0.00,0.025,3.2,96038.1,0.00,0.000,0.000,2
234863,-0.047,0.030,1.006,-0.122,0.244,0.122,-53.174,260.827,170.395,0.9932,0.0117,-0.0254,-0.1127,0.02,0.00,0.077,3.2,96034.6,0.00,0.000,0.000,2
235063,-0.047,0.031,1.004,-0.122,0.305,0.183,-53.174,260.827,170.395,0.9935,0.0104,-0.0256,-0.1104,0.02,0.00,0.054,3.2,96043.6,0.00,0.000,0.000,2
235263,-0.048,0.031,1.005,-0.061,0.305,0.183,-53.174,260.827,170.395,0.9938,0.0098,-0.0257,-0.1080,0.02,0.00,0.068,3.2,96040.0,0.00,0.000,0.000,2
235463,-0.046,0.030,1.001,-0.122,0.244,0.244,-53.174,260.827,170.395,0.9940,0.0097,-0.0257,-0.1056,0.02,0.00,0.029,3.2,96039.3,0.00,0.000,0.000,2
235663,-0.048,0.031,1.004,-0.122,0.305,0.183,-53.174,260.827,170.395,0.9943,0.0101,-0.0258,-0.1034,0.02,0.00,0.059,3.2,96035.1,0.00,0.000,0.000,2
235863,-0.045,0.030,0.998,-0.061,0.244,0.244,-53.174,260.827,170.395,0.9944,0.0105,-0.0256,-0.1016,0.02,-0.00,-0.010,3.2,96038.8,0.00,0.000,0.000,2
236063,-0.048,0.030,1.003,-0.061,0.244,0.244,-53.174,260.827,170.395,0.9946,0.0111,-0.0253,-0.0999,0.02,0.00,0.049,3.2,96039.5,0.00,0.000,0.000,2
236263,-0.048,0.031,1.007,-0.061,0.244,0.183,-53.174,260.827,170.395,0.9948,0.0114,-0.0254,-0.0984,0.02,0.00,0.088,3.2,96038.6,0.00,0.000,0.000,2
236463,-0.048,0.031,1.003,-0.122,0.305,0.305,-53.174,260.827,170.395,0.9949,0.0116,-0.0255,-0.0973,0.02,0.00,0.049,3.2,96040.0,0.00,0.000,0.000,2
236663,-0.046,0.029,0.999,-0.122,0.183,0.305,-53.174,260.827,170.395,0.9949,0.0119,-0.0253,-0.0965,0.02,0.00,0.005,3.2,96033.2,0.00,0.000,0.000,2
236863,-0.046,0.032,1.006,-0.122,0.244,0.183,-53.174,260.827,170.395,0.9950,0.0124,-0.0251,-0.0958,0.02,0.00,0.073,3.2,96038.7,0.00,0.000,0.000,2
237063,-0.046,0.031,1.005,-0.061,0.305,0.183,-62.036,262.186,144.836,0.9950,0.0129,-0.0251,-0.0962,0.02,0.00,0.063,3.2,96033.7,0.00,0.000,0.000,2
237263,-0.048,0.032,1.003,-0.061,0.305,0.244,-62.036,262.186,144.836,0.9947,0.0138,-0.0253,-0.0988,0.02,0.00,0.050,3.3,96037.2,0.00,0.000,0.000,2
237463,-0.049,0.032,1.002,-0.122,0.244,0.183,-62.036,262.186,144.836,0.9944,0.0142,-0.0253,-0.1013,0.02,0.00,0.041,3.3,96036.5,0.00,0.000,0.000,2
237663,-0.046,0.030,1.005,-0.061,0.244,0.183,-62.036,262.186,144.836,0.9942,0.0140,-0.0254,-0.1037,0.02,0.00,0.062,3.3,96037.9,0.00,0.000,0.000,2
237863,-0.047,0.030,1.002,-0.061,0.244,0.244,-62.036,262.186,144.836,0.9940,0.0137,-0.0254,-0.1057,0.02,0.00,0.039,3.3,96037.2,0.00,0.000,0.000,2
238063,-0.045,0.031,1.004,-0.122,0.305,0.183,-62.036,262.186,144.836,0.9938,0.0134,-0.0254,-0.1072,0.02,0.00,0.053,3.3,96042.2,0.00,0.000,0.000,2
238263,-0.047,0.029,1.001,-0.061,0.244,0.244,-62.036,262.186,144.836,0.9937,0.0129,-0.0254,-0.1084,0.02,0.00,0.029,3.3,96036.4,0.00,0.000,0.000,2
238463,-0.047,0.031,1.003,-0.122,0.183,0.183,-62.036,262.186,144.836,0.9936,0.0128,-0.0255,-0.1093,0.02,0.00,0.049,3.3,96038.0,0.00,0.000,0.000,2
238663,-0.047,0.030,1.007,-0.122,0.244,0.183,-62.036,262.186,144.836,0.9935,0.0125,-0.0253,-0.1100,0.02,0.00,0.087,3.2,96042.1,0.00,0.000,0.000,2
238863,-0.047,0.033,1.005,-0.122,0.244,0.244,-62.036,262.186,144.836,0.9935,0.0124,-0.0253,-0.1104,0.02,0.00,0.064,3.2,96035.1,0.00,0.000,0.000,2
239063,-0.048,0.029,1.008,-0.061,0.244,0.183,-62.036,262.186,144.836,0.9934,0.0121,-0.0254,-0.1108,0.02,0.00,0.092,3.2,96038.1,0.00,0.000,0.000,2
239263,-0.047,0.032,1.001,-0.061,0.183,0.122,-67.353,255.394,141.996,0.9932,0.0131,-0.0256,-0.1130,0.02,0.00,0.026,3.3,96034.5,0.00,0.000,0.000,2
239463,-0.046,0.031,1.001,-0.122,0.305,0.183,-67.353,255.394,141.996,0.9929,0.0133,-0.0255,-0.1153,0.03,0.00,0.029,3.3,96036.7,0.00,0.000,0.000,2
239663,-0.047,0.030,1.001,0.000,0.305,0.244,-67.353,255.394,141.996,0.9927,0.0131,-0.0255,-0.1174,0.03,0.00,0.030,3.3,96036.0,0.00,0.000,0.000,2
239863,-0.046,0.030,1.003,-0.061,0.244,0.183,-67.353,255.394,141.996,0.9925,0.0129,-0.0256,-0.1191,0.03,0.00,0.048,3.3,96039.6,0.00,0.000,0.000,2
240063,-0.048,0.031,1.001,0.000,0.305,0.305,-67.353,255.394,141.996,0.9923,0.0130,-0.0258,-0.1205,0.03,0.00,0.026,3.3,96033.7,0.00,0.000,0.000,2
240263,-0.045,0.030,1.005,-0.122,0.305,0.183,-67.353,255.394,141.996,0.9922,0.0127,-0.0255,-0.1215,0.03,0.00,0.067,3.3,96032.9,0.00,0.000,0.000,2
240463,-0.048,0.031,1.003,-0.061,0.183,0.183,-67.353,255.394,141.996,0.9921,0.0124,-0.0258,-0.1223,0.03,0.00,0.045,3.3,96035.3,0.00,0.000,0.000,2
240663,-0.048,0.031,1.001,-0.122,0.305,0.244,-67.353,255.394,141.996,0.9920,0.0122,-0.0258,-0.1230,0.03,0.00,0.030,3.3,96036.7,0.00,0.000,0.000,2
240863,-0.046,0.030,1.003,-0.122,0.183,0.122,-67.353,255.394,141.996,0.9919,0.0121,-0.0256,-0.1235,0.03,0.00,0.043,3.2,96038.9,0.00,0.000,0.000,2
241063,-0.046,0.031,1.002,0.000,0.244,0.244,-67.353,255.394,141.996,0.9919,0.0123,-0.0257,-0.1238,0.03,0.00,0.034,3.3,96033.0,0.00,0.000,0.000,2
241263,-0.047,0.030,1.001,-0.122,0.366,0.122,-67.353,255.394,141.996,0.9919,0.0120,-0.0257,-0.1241,0.03,0.00,0.030,3.3,96038.1,0.00,0.000,0.000,2
241463,-0.047,0.031,1.002,-0.061,0.244,0.244,-67.353,266.261,181.755,0.9920,0.0112,-0.0258,-0.1229,0.03,0.00,0.040,3.2,96031.8,0.00,0.000,0.000,2
241663,-0.047,0.031,1.003,-0.061,0.366,0.244,-67.353,266.261,181.755,0.9922,0.0112,-0.0258,-0.1218,0.03,0.00,0.049,3.2,96035.1,0.00,0.000,0.000,2
241863,-0.048,0.032,1.004,-0.122,0.305,0.183,-67.353,266.261,181.755,0.9922,0.0113,-0.0256,-0.1211,0.03,0.00,0.059,3.2,96037.9,0.00,0.000,0.000,2
242063,-0.044,0.031,1.000,-0.122,0.305,0.244,-67.353,266.261,181.755,0.9923,0.0114,-0.0254,-0.1205,0.03,0.00,0.019,3.2,96034.7,0.00,0.000,0.000,2
242263,-0.047,0.029,1.002,-0.061,0.305,0.244,-67.353,266.261,181.755,0.9924,0.0115,-0.0254,-0.1200,0.03,0.00,0.039,3.2,96034.6,0.00,0.000,0.000,2
242463,-0.049,0.029,1.003,-0.122,0.305,0.183,-67.353,266.261,181.755,0.9924,0.0115,-0.0257,-0.1196,0.03,0.00,0.050,3.2,96036.8,0.00,0.000,0.000,2
242663,-0.048,0.031,1.002,-0.061,0.244,0.183,-67.353,266.261,181.755,0.9924,0.0118,-0.0255,-0.1194,0.03,0.00,0.040,3.2,96036.0,0.00,0.000,0.000,2
242863,-0.049,0.031,1.004,-0.061,0.244,0.244,-67.353,266.261,181.755,0.9925,0.0118,-0.0256,-0.1192,0.03,0.00,0.055,3.2,96036.7,0.00,0.000,0.000,2
243063,-0.046,0.032,1.004,-0.183,0.366,0.122,-67.353,266.261,181.755,0.9925,0.0118,-0.0253,-0.1190,0.03,0.00,0.053,3.2,96036.8,0.00,0.000,0.000,2
243263,-0.049,0.031,1.004,-0.122,0.305,0.183,-67.353,266.261,181.755,0.9925,0.0117,-0.0255,-0.1190,0.03,0.00,0.055,3.2,96035.4,0.00,0.000,0.000,2
243463,-0.047,0.030,1.007,0.000,0.244,0.244,-67.353,266.261,181.755,0.9925,0.0118,-0.0255,-0.1189,0.03,0.00,0.087,3.2,96034.6,0.00,0.000,0.000,2
243663,-0.046,0.032,1.005,-0.061,0.244,0.244,-67.353,263.544,147.676,0.9924,0.0121,-0.0255,-0.1194,0.03,0.00,0.068,3.2,96033.0,0.00,0.000,0.000,2
243863,-0.047,0.032,1.003,-0.061,0.244,0.183,-67.353,263.544,147.676,0.9924,0.0123,-0.0253,-0.1198,0.03,0.00,0.050,3.2,96031.9,0.00,0.000,0.000,2
244063,-0.046,0.030,1.002,-0.122,0.244,0.183,-67.353,263.544,147.676,0.9924,0.0122,-0.0253,-0.1201,0.03,0.00,0.039,3.2,96038.8,0.00,0.000,0.000,2
244263,-0.047,0.029,1.000,-0.061,0.244,0.183,-67.353,263.544,147.676,0.9923,0.0121,-0.0255,-0.1203,0.03,0.00,0.020,3.2,96041.6,0.00,0.000,0.000,2
244463,-0.046,0.031,0.999,-0.061,0.244,0.244,-67.353,263.544,147.676,0.9923,0.0121,-0.0254,-0.1205,0.03,0.00,0.005,3.2,96033.2,0.00,0.000,0.000,2
244663,-0.047,0.031,1.001,-0.122,0.305,0.244,-67.353,263.544,147.676,0.9923,0.0121,-0.0253,-0.1206,0.03,0.00,0.025,3.2,96035.3,0.00,0.000,0.000,2
244863,-0.047,0.030,1.004,-0.183,0.366,0.244,-67.353,263.544,147.676,0.9923,0.0119,-0.0254,-0.1206,0.03,0.00,0.058,3.2,96031.9,0.00,0.000,0.000,2
245063,-0.047,0.031,1.003,-0.061,0.305,0.183,-67.353,263.544,147.676,0.9923,0.0119,-0.0253,-0.1207,0.03,0.00,0.049,3.2,96034.6,0.00,0.000,0.000,2
245263,-0.048,0.030,1.002,-0.122,0.366,0.244,-67.353,263.544,147.676,0.9923,0.0117,-0.0255,-0.1208,0.03,0.00,0.035,3.2,96028.3,0.00,0.000,0.000,2
245463,-0.045,0.029,1.004,0.000,0.305,0.183,-67.353,263.544,147.676,0.9923,0.0117,-0.0255,-0.1208,0.03,0.00,0.052,3.2,96032.6,0.00,0.000,0.000,2
245663,-0.047,0.032,1.002,-0.183,0.305,0.244,-67.353,263.544,147.676,0.9923,0.0119,-0.0254,-0.1208,0.03,0.00,0.035,3.2,96034.6,0.00,0.000,0.000,2
245863,-0.046,0.029,1.002,-0.061,0.305,0.183,-67.353,263.544,147.676,0.9923,0.0119,-0.0255,-0.1208,0.03,0.00,0.034,3.2,96031.2,0.00,0.000,0.000,2
246063,-0.047,0.031,1.000,-0.061,0.244,0.183,-67.353,263.544,147.676,0.9923,0.0119,-0.0255,-0.1208,0.03,0.00,0.011,3.2,96036.8,0.00,0.000,0.000,2
246263,-0.047,0.030,1.000,-0.061,0.183,0.244,-67.353,263.544,147.676,0.9923,0.0118,-0.0255,-0.1208,0.03,0.00,0.011,3.2,96033.9,0.00,0.000,0.000,2
246463,-0.046,0.031,1.001,-0.122,0.244,0.244,-67.353,263.544,147.676,0.9923,0.0119,-0.0256,-0.1209,0.03,0.00,0.030,3.2,96033.3,0.00,0.000,0.000,2
246663,-0.047,0.032,1.006,-0.061,0.305,0.183,-67.353,263.544,147.676,0.9923,0.0121,-0.0257,-0.1209,0.03,0.00,0.073,3.3,96034.6,0.00,0.000,0.000,2
246863,-0.047,0.030,1.001,-0.061,0.305,0.244,-67.353,263.544,147.676,0.9923,0.0118,-0.0257,-0.1208,0.03,0.00,0.030,3.2,96035.3,0.00,0.000,0.000,2
247063,-0.047,0.029,1.003,-0.061,0.366,0.183,-67.353,263.544,147.676,0.9923,0.0117,-0.0256,-0.1208,0.03,0.00,0.044,3.2,96032.5,0.00,0.000,0.000,2
247263,-0.048,0.030,1.003,-0.061,0.305,0.122,-67.353,263.544,147.676,0.9923,0.0117,-0.0257,-0.1209,0.03,0.00,0.049,3.2,96031.7,0.00,0.000,0.000,2
247463,-0.047,0.031,1.005,-0.122,0.244,0.244,-67.353,263.544,147.676,0.9923,0.0117,-0.0255,-0.1209,0.03,0.00,0.063,3.2,96033.2,0.00,0.000,0.000,2
247663,-0.046,0.028,1.003,-0.061,0.305,0.183,-67.353,263.544,147.676,0.9923,0.0118,-0.0254,-0.1209,0.03,0.00,0.048,3.2,96032.5,0.00,0.000,0.000,2
247863,-0.048,0.030,1.001,-0.122,0.305,0.244,-46.084,268.978,164.716,0.9924,0.0111,-0.0257,-0.1200,0.03,0.00,0.025,3.2,96033.9,0.00,0.000,0.000,2
248063,-0.048,0.029,1.004,-0.061,0.305,0.244,-46.084,268.978,164.716,0.9927,0.0096,-0.0261,-0.1177,0.03,0.00,0.058,3.2,96033.7,0.00,0.000,0.000,2
248263,-0.048,0.032,1.002,-0.061,0.305,0.244,-46.084,268.978,164.716,0.9929,0.0084,-0.0264,-0.1153,0.03,0.00,0.035,3.2,96031.9,0.00,0.000,0.000,2
248463,-0.047,0.031,1.003,-0.122,0.244,0.244,-46.084,268.978,164.716,0.9932,0.0074,-0.0266,-0.1128,0.03,0.00,0.044,3.2,96028.9,0.00,0.000,0.000,2
248663,-0.047,0.030,1.001,0.000,0.183,0.183,-46.084,268.978,164.716,0.9935,0.0069,-0.0267,-0.1102,0.03,0.00,0.024,3.2,96033.9,0.00,0.000,0.000,2
248863,-0.046,0.032,1.003,-0.061,0.305,0.183,-46.084,268.978,164.716,0.9938,0.0066,-0.0268,-0.1076,0.03,0.00,0.043,3.2,96031.9,0.00,0.000,0.000,2
249063,-0.048,0.032,1.000,0.000,0.366,0.183,-46.084,268.978,164.716,0.9941,0.0066,-0.0267,-0.1051,0.03,0.00,0.020,3.2,96038.6,0.00,0.000,0.000,2
249263,-0.048,0.032,1.001,-0.061,0.244,0.244,-46.084,268.978,164.716,0.9943,0.0069,-0.0267,-0.1026,0.03,0.00,0.025,3.2,96034.4,0.00,0.000,0.000,2
249463,-0.048,0.029,1.000,-0.122,0.305,0.122,-46.084,268.978,164.716,0.9946,0.0072,-0.0265,-0.1000,0.03,0.00,0.010,3.2,96043.0,0.00,0.000,0.000,2
249663,-0.049,0.029,1.003,-0.061,0.305,0.183,-46.084,268.978,164.716,0.9949,0.0078,-0.0264,-0.0975,0.03,0.00,0.044,3.1,96037.9,0.00,0.000,0.000,2
249863,-0.045,0.032,1.002,-0.122,0.305,0.183,-46.084,268.978,164.716,0.9951,0.0084,-0.0262,-0.0951,0.03,0.00,0.038,3.2,96039.3,0.00,0.000,0.000,2
250063,-0.045,0.029,1.003,-0.061,0.122,0.183,-62.036,267.620,150.516,0.9949,0.0102,-0.0260,-0.0968,0.03,0.00,0.043,3.2,96038.1,0.00,0.000,0.000,2
250263,-0.047,0.029,1.000,-0.061,0.183,0.244,-62.036,267.620,150.516,0.9947,0.0119,-0.0257,-0.0990,0.03,0.00,0.015,3.2,96038.1,0.00,0.000,0.000,2
250463,-0.048,0.033,1.003,-0.122,0.305,0.183,-62.036,267.620,150.516,0.9944,0.0130,-0.0257,-0.1013,0.03,0.00,0.045,3.3,96040.9,0.00,0.000,0.000,2
250663,-0.048,0.033,1.000,-0.061,0.366,0.244,-62.036,267.620,150.516,0.9942,0.0136,-0.0254,-0.1033,0.03,0.00,0.016,3.3,96036.7,0.00,0.000,0.000,2
250863,-0.047,0.031,1.000,-0.122,0.305,0.244,-62.036,267.620,150.516,0.9941,0.0133,-0.0252,-0.1050,0.03,0.00,0.020,3.3,96033.9,0.00,0.000,0.000,2
251063,-0.046,0.030,1.003,-0.122,0.305,0.183,-62.036,267.620,150.516,0.9939,0.0131,-0.0251,-0.1062,0.03,0.00,0.048,3.2,96031.9,0.00,0.000,0.000,2
251263,-0.047,0.032,1.002,-0.183,0.305,0.183,-62.036,267.620,150.516,0.9939,0.0128,-0.0252,-0.1071,0.03,0.00,0.035,3.2,96029.8,0.00,0.000,0.000,2
251463,-0.046,0.030,1.004,-0.061,0.244,0.244,-62.036,267.620,150.516,0.9938,0.0127,-0.0253,-0.1077,0.03,0.00,0.058,3.2,96030.4,0.00,0.000,0.000,2
251663,-0.047,0.030,1.002,-0.061,0.305,0.183,-62.036,267.620,150.516,0.9937,0.0124,-0.0253,-0.1081,0.03,0.00,0.039,3.2,96030.5,0.00,0.000,0.000,2
251863,-0.047,0.033,1.006,-0.122,0.244,0.305,-62.036,267.620,150.516,0.9937,0.0124,-0.0255,-0.1085,0.03,0.00,0.078,3.2,96029.8,0.00,0.000,0.000,2
252063,-0.047,0.030,1.006,-0.122,0.244,0.122,-62.036,267.620,150.516,0.9937,0.0123,-0.0255,-0.1086,0.03,0.00,0.072,3.2,96031.9,0.00,0.000,0.000,2
252263,-0.045,0.030,1.004,-0.061,0.244,0.183,-62.036,267.620,150.516,0.9937,0.0125,-0.0254,-0.1088,0.03,0.00,0.053,3.2,96033.9,0.00,0.000,0.000,2
252463,-0.045,0.032,0.999,-0.122,0.244,0.183,-62.036,267.620,150.516,0.9936,0.0124,-0.0255,-0.1089,0.03,0.00,0.000,3.2,96033.9,0.00,0.000,0.000,2
252663,-0.049,0.032,1.002,0.000,0.244,0.122,-62.036,267.620,150.516,0.9936,0.0125,-0.0255,-0.1090,0.03,0.00,0.036,3.3,96036.1,0.00,0.000,0.000,2
252863,-0.046,0.031,1.002,-0.122,0.305,0.305,-62.036,267.620,150.516,0.9936,0.0124,-0.0255,-0.1090,0.03,0.00,0.039,3.2,96032.5,0.00,0.000,0.000,2
253063,-0.049,0.032,1.002,-0.061,0.305,0.183,-62.036,267.620,150.516,0.9936,0.0124,-0.0256,-0.1091,0.03,0.00,0.036,3.3,96032.5,0.00,0.000,0.000,2
253263,-0.049,0.031,1.004,-0.061,0.305,0.244,-62.036,267.620,150.516,0.9936,0.0126,-0.0256,-0.1091,0.03,0.00,0.055,3.3,96036.7,0.00,0.000,0.000,2
253463,-0.046,0.033,1.004,-0.122,0.244,0.183,-62.036,267.620,150.516,0.9936,0.0125,-0.0254,-0.1090,0.03,0.00,0.059,3.2,96039.5,0.00,0.000,0.000,2
253663,-0.049,0.030,1.006,-0.122,0.244,0.122,-62.036,267.620,150.516,0.9936,0.0123,-0.0256,-0.1090,0.03,0.00,0.074,3.2,96036.7,0.00,0.000,0.000,2
253863,-0.049,0.031,1.000,-0.061,0.244,0.183,-62.036,267.620,150.516,0.9936,0.0123,-0.0255,-0.1091,0.03,0.00,0.012,3.2,96036.7,0.00,0.000,0.000,2
254063,-0.050,0.032,1.002,-0.122,0.244,0.183,-62.036,267.620,150.516,0.9936,0.0125,-0.0256,-0.1091,0.03,0.00,0.041,3.3,96035.4,0.00,0.000,0.000,2
254263,-0.047,0.033,1.004,-0.061,0.305,0.244,-70.898,268.978,147.676,0.9934,0.0133,-0.0255,-0.1114,0.03,0.00,0.054,3.3,96033.4,0.00,0.000,0.000,2
254463,-0.048,0.029,1.001,-0.061,0.305,0.183,-63.809,268.978,164.716,0.9933,0.0123,-0.0257,-0.1117,0.03,0.00,0.030,3.3,96034.8,0.00,0.000,0.000,2
254663,-0.048,0.030,1.002,-0.061,0.305,0.183,-63.809,268.978,164.716,0.9934,0.0122,-0.0255,-0.1116,0.03,0.00,0.035,3.2,96038.9,0.00,0.000,0.000,2
254863,-0.049,0.033,1.001,-0.122,0.183,0.183,-63.809,268.978,164.716,0.9934,0.0124,-0.0257,-0.1115,0.03,0.00,0.027,3.3,96040.4,0.00,0.000,0.000,2
255063,-0.046,0.029,1.000,-0.061,0.183,0.183,-63.809,268.978,164.716,0.9934,0.0122,-0.0255,-0.1114,0.03,0.00,0.020,3.2,96036.1,0.00,0.000,0.000,2
255263,-0.051,0.028,1.001,-0.183,0.366,0.183,-63.809,268.978,164.716,0.9934,0.0121,-0.0257,-0.1115,0.03,0.00,0.026,3.3,96037.5,0.00,0.000,0.000,2
255463,-0.049,0.030,1.000,-0.122,0.305,0.183,-63.809,268.978,164.716,0.9934,0.0122,-0.0257,-0.1114,0.03,0.00,0.011,3.3,96036.8,0.00,0.000,0.000,2
255663,-0.047,0.031,1.003,-0.061,0.244,0.122,-63.809,268.978,164.716,0.9934,0.0124,-0.0256,-0.1113,0.03,0.00,0.049,3.3,96039.0,0.00,0.000,0.000,2
255863,-0.047,0.031,1.003,-0.061,0.244,0.244,-63.809,268.978,164.716,0.9934,0.0123,-0.0257,-0.1113,0.03,0.00,0.044,3.3,96039.7,0.00,0.000,0.000,2
256063,-0.048,0.031,1.003,-0.122,0.305,0.183,-63.809,268.978,164.716,0.9934,0.0122,-0.0256,-0.1114,0.03,0.00,0.045,3.2,96037.6,0.00,0.000,0.000,2
256263,-0.047,0.031,1.005,-0.122,0.244,0.305,-67.353,274.412,136.316,0.9933,0.0122,-0.0257,-0.1117,0.03,0.00,0.068,3.3,96036.9,0.00,0.000,0.000,2
256463,-0.047,0.030,1.002,-0.122,0.244,0.244,-67.353,274.412,136.316,0.9932,0.0125,-0.0255,-0.1130,0.03,0.00,0.039,3.3,96034.2,0.00,0.000,0.000,2
256663,-0.047,0.030,1.003,-0.061,0.244,0.183,-67.353,274.412,136.316,0.9931,0.0126,-0.0256,-0.1140,0.03,0.00,0.049,3.3,96038.1,0.00,0.000,0.000,2
256863,-0.047,0.029,1.004,-0.122,0.244,0.244,-67.353,274.412,136.316,0.9930,0.0125,-0.0258,-0.1147,0.03,0.00,0.058,3.3,96037.4,0.00,0.000,0.000,2
257063,-0.046,0.032,1.003,-0.183,0.305,0.122,-67.353,274.412,136.316,0.9929,0.0125,-0.0257,-0.1151,0.03,0.00,0.049,3.3,96031.8,0.00,0.000,0.000,2
257263,-0.047,0.030,1.003,-0.061,0.305,0.122,-67.353,274.412,136.316,0.9929,0.0123,-0.0257,-0.1155,0.03,0.00,0.049,3.3,96032.5,0.00,0.000,0.000,2
257463,-0.047,0.031,1.004,-0.061,0.305,0.305,-67.353,274.412,136.316,0.9929,0.0121,-0.0257,-0.1158,0.03,0.00,0.054,3.3,96037.6,0.00,0.000,0.000,2
257663,-0.047,0.031,1.003,-0.061,0.183,0.183,-67.353,274.412,136.316,0.9928,0.0121,-0.0256,-0.1160,0.03,0.00,0.044,3.2,96035.3,0.00,0.000,0.000,2
257863,-0.046,0.030,1.004,-0.061,0.366,0.244,-67.353,274.412,136.316,0.9928,0.0120,-0.0256,-0.1162,0.03,0.00,0.058,3.2,96039.0,0.00,0.000,0.000,2
258063,-0.047,0.032,1.004,-0.122,0.305,0.244,-67.353,274.412,136.316,0.9928,0.0120,-0.0257,-0.1163,0.03,0.00,0.054,3.3,96035.4,0.00,0.000,0.000,2
258263,-0.047,0.030,1.001,0.000,0.305,0.305,-67.353,274.412,136.316,0.9928,0.0117,-0.0257,-0.1164,0.03,0.00,0.029,3.2,96037.6,0.00,0.000,0.000,2
258463,-0.046,0.030,1.003,-0.122,0.305,0.183,-72.671,264.903,139.156,0.9927,0.0120,-0.0255,-0.1172,0.03,0.00,0.048,3.2,96036.2,0.00,0.000,0.000,2
258663,-0.045,0.029,1.004,-0.122,0.366,0.244,-72.671,264.903,139.156,0.9924,0.0127,-0.0255,-0.1195,0.03,0.00,0.053,3.3,96036.8,0.00,0.000,0.000,2
258863,-0.049,0.030,1.001,-0.122,0.305,0.122,-72.671,264.903,139.156,0.9922,0.0130,-0.0256,-0.1217,0.03,0.00,0.026,3.3,96036.3,0.00,0.000,0.000,2
259063,-0.047,0.032,1.003,-0.061,0.244,0.244,-72.671,264.903,139.156,0.9919,0.0131,-0.0256,-0.1235,0.03,0.00,0.050,3.3,96037.6,0.00,0.000,0.000,2
259263,-0.048,0.029,1.007,-0.061,0.366,0.183,-72.671,264.903,139.156,0.9917,0.0128,-0.0257,-0.1250,0.03,0.00,0.087,3.3,96036.9,0.00,0.000,0.000,2
259463,-0.047,0.032,1.003,0.000,0.366,0.244,-72.671,264.903,139.156,0.9916,0.0128,-0.0258,-0.1262,0.03,0.00,0.049,3.3,96038.2,0.00,0.000,0.000,2
259663,-0.046,0.029,1.001,0.000,0.305,0.122,-72.671,264.903,139.156,0.9915,0.0125,-0.0257,-0.1272,0.03,0.00,0.029,3.3,96034.1,0.00,0.000,0.000,2
259863,-0.046,0.032,1.004,-0.122,0.366,0.244,-72.671,264.903,139.156,0.9914,0.0123,-0.0259,-0.1279,0.03,0.00,0.058,3.3,96038.3,0.00,0.000,0.000,2
260063,-0.044,0.030,1.002,-0.122,0.305,0.244,-72.671,264.903,139.156,0.9913,0.0121,-0.0257,-0.1285,0.03,0.00,0.033,3.3,96041.8,0.00,0.000,0.000,2
260263,-0.047,0.030,1.003,-0.061,0.305,0.183,-72.671,264.903,139.156,0.9913,0.0118,-0.0255,-0.1289,0.03,0.00,0.044,3.2,96041.1,0.00,0.000,0.000,2
260463,-0.049,0.029,1.000,-0.122,0.427,0.366,-72.671,264.903,139.156,0.9912,0.0115,-0.0257,-0.1293,0.03,0.00,0.011,3.2,96038.4,0.00,0.000,0.000,2
260663,-0.047,0.030,1.002,-0.061,0.305,0.183,-67.353,271.695,164.716,0.9912,0.0114,-0.0259,-0.1294,0.03,0.00,0.039,3.2,96036.4,0.00,0.000,0.000,2
260863,-0.047,0.029,1.001,-0.061,0.061,0.122,-67.353,271.695,164.716,0.9915,0.0102,-0.0259,-0.1273,0.03,0.00,0.024,3.2,96040.5,0.00,0.000,0.000,2
261063,-0.047,0.031,1.001,-0.061,0.244,0.183,-67.353,271.695,164.716,0.9917,0.0101,-0.0259,-0.1253,0.03,0.00,0.025,3.2,96040.4,0.00,0.000,0.000,2
261263,-0.047,0.029,1.004,-0.122,0.305,0.183,-67.353,271.695,164.716,0.9919,0.0101,-0.0260,-0.1236,0.03,0.00,0.058,3.2,96033.5,0.00,0.000,0.000,2
261463,-0.046,0.030,1.003,0.000,0.305,0.244,-67.353,271.695,164.716,0.9921,0.0105,-0.0258,-0.1221,0.03,0.00,0.048,3.2,96034.2,0.00,0.000,0.000,2
261663,-0.048,0.033,1.000,-0.061,0.244,0.183,-67.353,271.695,164.716,0.9923,0.0108,-0.0257,-0.1208,0.03,0.00,0.017,3.2,96032.7,0.00,0.000,0.000,2
261863,-0.048,0.029,1.005,-0.122,0.244,0.183,-67.353,271.695,164.716,0.9924,0.0109,-0.0257,-0.1198,0.03,0.00,0.068,3.2,96033.5,0.00,0.000,0.000,2
262063,-0.047,0.030,1.004,-0.122,0.305,0.244,-67.353,271.695,164.716,0.9925,0.0111,-0.0255,-0.1191,0.03,0.00,0.058,3.2,96030.0,0.00,0.000,0.000,2
262263,-0.047,0.030,1.004,-0.122,0.244,0.244,-67.353,271.695,164.716,0.9926,0.0114,-0.0254,-0.1185,0.03,0.00,0.058,3.2,96033.4,0.00,0.000,0.000,2
262463,-0.048,0.029,1.004,-0.122,0.366,0.122,-67.353,271.695,164.716,0.9926,0.0114,-0.0256,-0.1180,0.03,0.00,0.054,3.2,96036.9,0.00,0.000,0.000,2
262663,-0.046,0.029,1.001,-0.061,0.244,0.244,-67.353,271.695,164.716,0.9926,0.0115,-0.0256,-0.1178,0.03,0.00,0.029,3.2,96032.1,0.00,0.000,0.000,2
262863,-0.046,0.031,1.004,-0.122,0.366,0.183,-67.353,271.695,164.716,0.9927,0.0117,-0.0254,-0.1175,0.03,0.00,0.058,3.2,96032.1,0.00,0.000,0.000,2
263063,-0.047,0.030,1.002,-0.061,0.305,0.244,-67.353,271.695,164.716,0.9927,0.0118,-0.0255,-0.1173,0.03,0.00,0.034,3.2,96031.4,0.00,0.000,0.000,2
263263,-0.048,0.029,1.005,-0.122,0.305,0.183,-67.353,271.695,164.716,0.9927,0.0117,-0.0256,-0.1171,0.03,0.00,0.063,3.2,96032.7,0.00,0.000,0.000,2
263463,-0.048,0.030,1.000,-0.061,0.305,0.244,-67.353,271.695,164.716,0.9927,0.0119,-0.0257,-0.1170,0.03,0.00,0.011,3.2,96034.2,0.00,0.000,0.000,2
263663,-0.046,0.031,1.001,-0.061,0.244,0.122,-67.353,271.695,164.716,0.9927,0.0120,-0.0255,-0.1170,0.03,0.00,0.024,3.2,96034.1,0.00,0.000,0.000,2
263863,-0.048,0.031,1.007,-0.061,0.366,0.122,-67.353,271.695,164.716,0.9927,0.0118,-0.0255,-0.1169,0.03,0.00,0.083,3.2,96033.6,0.00,0.000,0.000,2
264063,-0.046,0.029,1.003,-0.122,0.305,0.183,-67.353,271.695,164.716,0.9928,0.0115,-0.0255,-0.1169,0.03,0.00,0.043,3.2,96036.2,0.00,0.000,0.000,2
264263,-0.047,0.031,1.000,-0.061,0.244,0.122,-67.353,271.695,164.716,0.9927,0.0118,-0.0255,-0.1169,0.03,0.00,0.020,3.2,96030.6,0.00,0.000,0.000,2
264463,-0.047,0.031,1.002,-0.061,0.244,0.122,-67.353,271.695,164.716,0.9927,0.0119,-0.0257,-0.1168,0.03,0.00,0.039,3.2,96037.7,0.00,0.000,0.000,2
264663,-0.046,0.030,1.003,-0.061,0.244,0.244,-67.353,271.695,164.716,0.9928,0.0120,-0.0254,-0.1168,0.03,0.00,0.048,3.2,96034.2,0.00,0.000,0.000,2
264863,-0.045,0.029,1.000,-0.122,0.366,0.244,-67.353,271.695,164.716,0.9928,0.0120,-0.0252,-0.1168,0.03,0.00,0.019,3.2,96034.2,0.00,0.000,0.000,2
265063,-0.048,0.029,1.004,-0.061,0.305,0.183,-60.264,268.978,141.996,0.9928,0.0114,-0.0258,-0.1162,0.03,0.00,0.054,3.2,96037.8,0.00,0.000,0.000,2
265263,-0.048,0.030,1.002,-0.122,0.305,0.244,-60.264,268.978,141.996,0.9931,0.0107,-0.0260,-0.1140,0.03,0.00,0.035,3.2,96031.3,0.00,0.000,0.000,2
265463,-0.048,0.029,1.001,-0.061,0.366,0.183,-60.264,268.978,141.996,0.9933,0.0106,-0.0258,-0.1121,0.03,0.00,0.025,3.2,96032.8,0.00,0.000,0.000,2
265663,-0.046,0.031,1.003,-0.061,0.244,0.061,-60.264,268.978,141.996,0.9935,0.0109,-0.0255,-0.1105,0.03,0.00,0.044,3.2,96035.7,0.00,0.000,0.000,2
265863,-0.045,0.031,1.003,-0.122,0.305,0.183,-60.264,268.978,141.996,0.9936,0.0112,-0.0253,-0.1093,0.03,0.00,0.043,3.2,96035.0,0.00,0.000,0.000,2
266063,-0.047,0.033,1.001,-0.061,0.305,0.305,-60.264,268.978,141.996,0.9937,0.0116,-0.0253,-0.1083,0.03,0.00,0.026,3.2,96032.1,0.00,0.000,0.000,2
266263,-0.045,0.030,1.005,-0.061,0.183,0.244,-60.264,268.978,141.996,0.9938,0.0119,-0.0252,-0.1075,0.03,0.00,0.062,3.2,96034.9,0.00,0.000,0.000,2
266463,-0.046,0.031,1.002,0.061,0.305,0.244,-60.264,268.978,141.996,0.9939,0.0121,-0.0254,-0.1069,0.03,0.00,0.034,3.2,96036.3,0.00,0.000,0.000,2
266663,-0.045,0.030,1.001,-0.183,0.244,0.244,-60.264,268.978,141.996,0.9939,0.0119,-0.0253,-0.1065,0.03,0.00,0.024,3.2,96038.5,0.00,0.000,0.000,2
266863,-0.046,0.029,1.002,-0.122,0.305,0.183,-60.264,268.978,141.996,0.9939,0.0117,-0.0252,-0.1063,0.03,0.00,0.039,3.2,96031.4,0.00,0.000,0.000,2
267063,-0.047,0.031,1.000,0.000,0.305,0.305,-60.264,268.978,141.996,0.9940,0.0121,-0.0251,-0.1062,0.03,0.00,0.016,3.2,96034.2,0.00,0.000,0.000,2
267263,-0.047,0.030,1.002,0.000,0.244,0.244,-70.898,274.412,164.716,0.9939,0.0123,-0.0253,-0.1066,0.03,0.00,0.035,3.2,96031.4,0.00,0.000,0.000,2
267463,-0.049,0.029,1.001,-0.061,0.305,0.244,-70.898,274.412,164.716,0.9936,0.0132,-0.0254,-0.1091,0.03,0.00,0.030,3.3,96030.0,0.00,0.000,0.000,2
267663,-0.047,0.030,1.000,-0.122,0.305,0.122,-70.898,274.412,164.716,0.9933,0.0137,-0.0256,-0.1115,0.03,0.00,0.020,3.3,96032.8,0.00,0.000,0.000,2
267863,-0.048,0.032,1.000,-0.183,0.244,0.244,-70.898,274.412,164.716,0.9931,0.0137,-0.0256,-0.1137,0.03,0.00,0.021,3.3,96034.2,0.00,0.000,0.000,2
268063,-0.047,0.031,1.005,-0.061,0.305,0.244,-70.898,274.412,164.716,0.9929,0.0134,-0.0255,-0.1156,0.03,0.00,0.068,3.3,96036.5,0.00,0.000,0.000,2
268263,-0.047,0.029,0.999,-0.122,0.122,0.183,-70.898,274.412,164.716,0.9927,0.0131,-0.0256,-0.1170,0.03,0.00,0.005,3.3,96035.6,0.00,0.000,0.000,2
268463,-0.046,0.029,1.004,-0.122,0.244,0.305,-70.898,274.412,164.716,0.9926,0.0127,-0.0258,-0.1182,0.03,0.00,0.053,3.3,96034.3,0.00,0.000,0.000,2
268663,-0.047,0.029,1.006,-0.122,0.244,0.122,-70.898,274.412,164.716,0.9925,0.0125,-0.0254,-0.1191,0.03,0.00,0.073,3.2,96035.0,0.00,0.000,0.000,2
268863,-0.048,0.030,1.000,-0.122,0.305,0.244,-70.898,274.412,164.716,0.9924,0.0123,-0.0257,-0.1199,0.03,0.00,0.021,3.3,96029.3,0.00,0.000,0.000,2
269063,-0.047,0.029,1.003,-0.061,0.305,0.183,-70.898,274.412,164.716,0.9923,0.0121,-0.0257,-0.1204,0.03,0.00,0.044,3.3,96033.6,0.00,0.000,0.000,2
269263,-0.048,0.031,1.003,-0.061,0.305,0.244,-70.898,274.412,164.716,0.9923,0.0121,-0.0258,-0.1208,0.03,0.00,0.045,3.3,96032.1,0.00,0.000,0.000,2
269463,-0.048,0.031,1.000,-0.122,0.244,0.244,-70.898,274.412,164.716,0.9922,0.0119,-0.0259,-0.1211,0.03,0.00,0.011,3.3,96030.9,0.00,0.000,0.000,2
269663,-0.045,0.032,1.002,-0.183,0.122,0.244,-70.898,268.978,159.036,0.9921,0.0122,-0.0256,-0.1220,0.03,0.00,0.034,3.3,96035.1,0.00,0.000,0.000,2
269863,-0.045,0.030,1.003,-0.122,0.305,0.305,-70.898,268.978,159.036,0.9920,0.0121,-0.0258,-0.1227,0.03,0.00,0.048,3.3,96037.1,0.00,0.000,0.000,2
270063,-0.046,0.030,1.004,0.000,0.244,0.183,-70.898,268.978,159.036,0.9920,0.0120,-0.0256,-0.1231,0.03,0.00,0.053,3.2,96032.1,0.00,0.000,0.000,2
270263,-0.044,0.029,1.003,0.000,0.183,0.244,-70.898,268.978,159.036,0.9919,0.0121,-0.0254,-0.1235,0.03,0.00,0.047,3.2,96032.9,0.00,0.000,0.000,2
270463,-0.046,0.031,1.003,-0.061,0.244,0.183,-70.898,268.978,159.036,0.9919,0.0121,-0.0255,-0.1238,0.03,0.00,0.049,3.2,96032.8,0.00,0.000,0.000,2
270663,-0.046,0.030,1.004,-0.122,0.183,0.183,-70.898,268.978,159.036,0.9919,0.0118,-0.0254,-0.1239,0.03,0.00,0.053,3.2,96030.7,0.00,0.000,0.000,2
270863,-0.047,0.033,1.003,-0.122,0.305,0.122,-70.898,268.978,159.036,0.9919,0.0120,-0.0257,-0.1241,0.03,0.00,0.050,3.3,96034.9,0.00,0.000,0.000,2
271063,-0.047,0.028,1.003,-0.122,0.305,0.183,-70.898,268.978,159.036,0.9919,0.0118,-0.0257,-0.1241,0.03,0.00,0.048,3.2,96031.4,0.00,0.000,0.000,2
271263,-0.047,0.031,1.000,-0.061,0.305,0.183,-70.898,268.978,159.036,0.9918,0.0118,-0.0257,-0.1243,0.03,0.00,0.021,3.2,96037.9,0.00,0.000,0.000,2
271463,-0.047,0.031,1.001,-0.122,0.244,0.122,-70.898,268.978,159.036,0.9918,0.0118,-0.0256,-0.1244,0.03,0.00,0.030,3.2,96035.1,0.00,0.000,0.000,2
271663,-0.046,0.029,1.003,-0.122,0.305,0.305,-70.898,268.978,159.036,0.9918,0.0117,-0.0257,-0.1244,0.03,0.00,0.043,3.2,96039.3,0.00,0.000,0.000,2
271863,-0.047,0.033,1.001,-0.122,0.305,0.183,-63.809,271.695,159.036,0.9921,0.0107,-0.0260,-0.1225,0.03,0.00,0.025,3.2,96036.5,0.00,0.000,0.000,2
272063,-0.046,0.030,1.002,0.000,0.244,0.122,-63.809,271.695,159.036,0.9923,0.0101,-0.0260,-0.1203,0.03,0.00,0.039,3.2,96039.2,0.00,0.000,0.000,2
272263,-0.047,0.030,1.000,-0.061,0.305,0.183,-63.809,271.695,159.036,0.9926,0.0100,-0.0260,-0.1183,0.03,0.00,0.020,3.2,96033.5,0.00,0.000,0.000,2
272463,-0.048,0.029,1.002,-0.122,0.305,0.244,-63.809,271.695,159.036,0.9928,0.0105,-0.0258,-0.1166,0.03,0.00,0.035,3.2,96037.1,0.00,0.000,0.000,2
272663,-0.046,0.032,1.003,-0.061,0.244,0.183,-63.809,271.695,159.036,0.9930,0.0108,-0.0258,-0.1151,0.03,0.00,0.044,3.2,96035.0,0.00,0.000,0.000,2
272863,-0.048,0.030,1.002,-0.122,0.305,0.183,-63.809,271.695,159.036,0.9931,0.0111,-0.0256,-0.1140,0.03,0.00,0.040,3.2,96039.2,0.00,0.000,0.000,2
273063,-0.048,0.030,1.004,-0.122,0.305,0.183,-63.809,271.695,159.036,0.9932,0.0112,-0.0255,-0.1131,0.03,0.00,0.054,3.2,96033.7,0.00,0.000,0.000,2
273263,-0.047,0.029,1.004,-0.122,0.305,0.183,-63.809,271.695,159.036,0.9933,0.0115,-0.0255,-0.1124,0.03,0.00,0.058,3.2,96033.7,0.00,0.000,0.000,2
273463,-0.046,0.030,1.000,-0.061,0.305,0.244,-63.809,271.695,159.036,0.9933,0.0117,-0.0257,-0.1119,0.03,0.00,0.020,3.2,96039.9,0.00,0.000,0.000,2
273663,-0.046,0.031,1.001,-0.061,0.305,0.244,-63.809,271.695,159.036,0.9934,0.0118,-0.0254,-0.1116,0.03,0.00,0.029,3.2,96044.1,0.00,0.000,0.000,2
273863,-0.048,0.030,1.003,-0.183,0.244,0.183,-63.809,271.695,159.036,0.9934,0.0118,-0.0256,-0.1113,0.03,0.00,0.049,3.2,96035.8,0.00,0.000,0.000,2
274063,-0.047,0.030,1.004,-0.122,0.122,0.244,-54.946,270.337,161.876,0.9936,0.0107,-0.0259,-0.1091,0.03,0.00,0.053,3.2,96042.7,0.00,0.000,0.000,2
274263,-0.048,0.031,1.000,-0.061,0.183,0.183,-54.946,270.337,161.876,0.9939,0.0102,-0.0261,-0.1066,0.03,0.00,0.016,3.2,96037.1,0.00,0.000,0.000,2
274463,-0.048,0.030,1.000,-0.061,0.305,0.183,-54.946,270.337,161.876,0.9941,0.0102,-0.0259,-0.1044,0.03,0.00,0.020,3.2,96032.9,0.00,0.000,0.000,2
274663,-0.050,0.030,1.003,-0.061,0.305,0.183,-54.946,270.337,161.876,0.9944,0.0104,-0.0259,-0.1023,0.03,0.00,0.050,3.2,96034.4,0.00,0.000,0.000,2
274863,-0.047,0.031,1.001,-0.122,0.244,0.244,-54.946,270.337,161.876,0.9945,0.0109,-0.0257,-0.1005,0.03,0.00,0.025,3.2,96035.8,0.00,0.000,0.000,2
275063,-0.048,0.030,0.999,-0.061,0.366,0.183,-54.946,270.337,161.876,0.9947,0.0115,-0.0255,-0.0989,0.03,0.00,0.006,3.2,96038.6,0.00,0.000,0.000,2
275263,-0.048,0.032,1.004,-0.122,0.305,0.183,-54.946,270.337,161.876,0.9948,0.0119,-0.0256,-0.0976,0.03,0.00,0.059,3.2,96034.3,0.00,0.000,0.000,2
275463,-0.048,0.029,1.002,-0.122,0.305,0.122,-54.946,270.337,161.876,0.9949,0.0120,-0.0253,-0.0966,0.03,0.00,0.035,3.2,96036.5,0.00,0.000,0.000,2
275663,-0.048,0.032,1.003,-0.122,0.366,0.183,-54.946,270.337,161.876,0.9950,0.0121,-0.0255,-0.0960,0.03,0.00,0.045,3.2,96032.3,0.00,0.000,0.000,2
275863,-0.047,0.030,1.005,-0.061,0.244,0.305,-54.946,270.337,161.876,0.9950,0.0122,-0.0251,-0.0956,0.03,0.00,0.063,3.2,96032.3,0.00,0.000,0.000,2
276063,-0.046,0.031,1.002,-0.061,0.305,0.122,-54.946,270.337,161.876,0.9951,0.0124,-0.0253,-0.0953,0.03,0.00,0.039,3.2,96038.6,0.00,0.000,0.000,2
276263,-0.050,0.029,1.000,-0.122,0.244,0.183,-54.946,267.620,161.876,0.9950,0.0125,-0.0253,-0.0954,0.03,0.00,0.011,3.2,96035.9,0.00,0.000,0.000,2
276463,-0.046,0.030,1.002,-0.061,0.244,0.122,-54.946,267.620,161.876,0.9950,0.0126,-0.0253,-0.0954,0.03,0.00,0.034,3.2,96037.2,0.00,0.000,0.000,2
276663,-0.048,0.031,1.002,-0.061,0.183,0.305,-54.946,267.620,161.876,0.9950,0.0126,-0.0251,-0.0955,0.03,0.00,0.040,3.2,96035.1,0.00,0.000,0.000,2
276863,-0.045,0.031,1.001,-0.183,0.305,0.244,-54.946,267.620,161.876,0.9950,0.0127,-0.0248,-0.0955,0.03,0.00,0.024,3.2,96037.2,0.00,0.000,0.000,2
277063,-0.048,0.033,1.005,-0.183,0.244,0.244,-54.946,267.620,161.876,0.9950,0.0127,-0.0252,-0.0956,0.03,0.00,0.064,3.2,96031.6,0.00,0.000,0.000,2
277263,-0.048,0.029,1.002,-0.061,0.305,0.305,-54.946,267.620,161.876,0.9950,0.0127,-0.0250,-0.0955,0.03,0.00,0.039,3.2,96035.0,0.00,0.000,0.000,2
277463,-0.048,0.032,1.002,-0.183,0.244,0.183,-54.946,267.620,161.876,0.9950,0.0128,-0.0253,-0.0955,0.03,0.00,0.040,3.2,96030.8,0.00,0.000,0.000,2
277663,-0.048,0.030,1.004,0.000,0.305,0.183,-54.946,267.620,161.876,0.9950,0.0125,-0.0253,-0.0955,0.03,0.00,0.059,3.2,96032.9,0.00,0.000,0.000,2
277863,-0.047,0.030,1.005,-0.122,0.305,0.122,-54.946,267.620,161.876,0.9950,0.0125,-0.0254,-0.0955,0.03,0.00,0.068,3.2,96035.0,0.00,0.000,0.000,2
278084,-0.047,0.030,1.000,0.000,0.183,0.305,-58.491,264.903,167.556,0.9950,0.0127,-0.0245,-0.0963,0.03,0.00,0.015,3.2,96030.2,0.00,0.000,0.000,2
278263,-0.046,0.030,1.002,-0.122,0.244,0.244,-60.264,271.695,170.395,0.9948,0.0134,-0.0250,-0.0981,0.03,0.00,0.034,3.2,96033.0,0.00,0.000,0.000,2
278463,-0.049,0.031,1.002,-0.122,0.244,0.183,-67.353,271.695,159.036,0.9945,0.0141,-0.0252,-0.1006,0.03,0.00,0.041,3.3,96032.3,0.00,0.000,0.000,2
278663,-0.049,0.032,1.005,-0.122,0.244,0.244,-67.353,271.695,159.036,0.9942,0.0145,-0.0252,-0.1033,0.03,0.00,0.069,3.3,96032.3,0.00,0.000,0.000,2
278863,-0.047,0.030,1.005,-0.061,0.366,0.244,-67.353,271.695,159.036,0.9939,0.0145,-0.0254,-0.1059,0.03,0.00,0.068,3.4,96037.2,0.00,0.000,0.000,2
279063,-0.047,0.030,1.001,-0.061,0.427,0.244,-67.353,271.695,159.036,0.9937,0.0142,-0.0256,-0.1083,0.03,0.00,0.025,3.4,96037.2,0.00,0.000,0.000,2
279263,-0.049,0.031,1.002,-0.122,0.183,0.244,-67.353,271.695,159.036,0.9935,0.0140,-0.0254,-0.1102,0.03,0.00,0.040,3.3,96033.0,0.00,0.000,0.000,2
279463,-0.049,0.032,1.001,-0.061,0.183,0.244,-67.353,271.695,159.036,0.9933,0.0134,-0.0255,-0.1118,0.03,0.00,0.031,3.3,96032.3,0.00,0.000,0.000,2
279663,-0.047,0.031,1.002,-0.183,0.244,0.183,-67.353,271.695,159.036,0.9932,0.0132,-0.0254,-0.1131,0.03,0.00,0.035,3.3,96035.1,0.00,0.000,0.000,2
279863,-0.047,0.032,1.001,0.000,0.305,0.244,-67.353,271.695,159.036,0.9931,0.0130,-0.0254,-0.1141,0.03,0.00,0.025,3.3,96029.4,0.00,0.000,0.000,2
280063,-0.045,0.031,1.000,-0.122,0.305,0.183,-67.353,271.695,159.036,0.9930,0.0128,-0.0256,-0.1148,0.03,0.00,0.020,3.3,96036.5,0.00,0.000,0.000,2
280263,-0.046,0.030,1.000,0.000,0.244,0.122,-67.353,271.695,159.036,0.9929,0.0125,-0.0253,-0.1153,0.03,0.00,0.015,3.2,96033.7,0.00,0.000,0.000,2
280463,-0.046,0.031,1.002,-0.061,0.244,0.244,-67.353,271.695,159.036,0.9929,0.0125,-0.0252,-0.1157,0.03,0.00,0.039,3.2,96031.5,0.00,0.000,0.000,2
280663,-0.048,0.031,1.002,-0.244,0.244,0.244,-56.719,252.677,147.676,0.9931,0.0113,-0.0255,-0.1138,0.03,0.00,0.035,3.2,96030.1,0.00,0.000,0.000,2
280863,-0.046,0.031,0.999,-0.061,0.305,0.122,-56.719,252.677,147.676,0.9933,0.0108,-0.0256,-0.1118,0.03,0.00,0.001,3.2,96038.7,0.00,0.000,0.000,2
281063,-0.049,0.029,1.002,-0.061,0.183,0.183,-56.719,252.677,147.676,0.9935,0.0109,-0.0256,-0.1102,0.03,0.00,0.035,3.2,96033.0,0.00,0.000,0.000,2
281263,-0.046,0.030,1.002,-0.061,0.244,0.244,-56.719,252.677,147.676,0.9937,0.0111,-0.0256,-0.1089,0.03,0.00,0.034,3.2,96034.3,0.00,0.000,0.000,2
281463,-0.047,0.030,1.003,-0.061,0.122,0.183,-56.719,252.677,147.676,0.9938,0.0115,-0.0256,-0.1079,0.03,0.00,0.049,3.2,96033.6,0.00,0.000,0.000,2
281663,-0.046,0.029,1.004,-0.122,0.305,0.244,-56.719,252.677,147.676,0.9938,0.0117,-0.0255,-0.1072,0.03,0.00,0.058,3.2,96035.8,0.00,0.000,0.000,2
281863,-0.048,0.028,1.001,-0.061,0.244,0.244,-56.719,252.677,147.676,0.9939,0.0116,-0.0255,-0.1067,0.03,0.00,0.030,3.2,96034.4,0.00,0.000,0.000,2
282063,-0.047,0.033,1.002,-0.061,0.183,0.244,-56.719,252.677,147.676,0.9939,0.0120,-0.0253,-0.1064,0.03,0.00,0.040,3.2,96034.3,0.00,0.000,0.000,2
282263,-0.047,0.034,1.002,-0.122,0.183,0.244,-56.719,252.677,147.676,0.9940,0.0122,-0.0253,-0.1061,0.03,0.00,0.035,3.2,96038.5,0.00,0.000,0.000,2
282463,-0.048,0.030,1.000,-0.122,0.183,0.122,-67.353,268.978,170.395,0.9938,0.0130,-0.0255,-0.1077,0.03,0.00,0.016,3.3,96036.5,0.00,0.000,0.000,2
282663,-0.046,0.032,1.001,0.000,0.366,0.122,-67.353,268.978,170.395,0.9935,0.0135,-0.0255,-0.1099,0.03,0.00,0.030,3.3,96038.0,0.00,0.000,0.000,2
282863,-0.046,0.032,1.001,-0.061,0.244,0.244,-67.353,268.978,170.395,0.9933,0.0137,-0.0252,-0.1116,0.03,0.00,0.025,3.3,96031.6,0.00,0.000,0.000,2
283063,-0.046,0.029,1.003,-0.061,0.244,0.183,-67.353,268.978,170.395,0.9932,0.0133,-0.0253,-0.1130,0.03,0.00,0.043,3.3,96035.1,0.00,0.000,0.000,2
283263,-0.048,0.030,1.003,-0.183,0.366,0.183,-67.353,268.978,170.395,0.9930,0.0130,-0.0256,-0.1141,0.03,0.00,0.044,3.3,96037.2,0.00,0.000,0.000,2
283463,-0.049,0.029,1.002,0.000,0.366,0.183,-67.353,268.978,170.395,0.9929,0.0125,-0.0256,-0.1151,0.03,0.00,0.035,3.3,96038.0,0.00,0.000,0.000,2
283663,-0.048,0.030,1.003,-0.061,0.427,0.183,-67.353,268.978,170.395,0.9929,0.0122,-0.0256,-0.1158,0.03,0.00,0.044,3.3,96036.6,0.00,0.000,0.000,2
283863,-0.047,0.031,1.002,-0.061,0.244,0.183,-67.353,268.978,170.395,0.9928,0.0121,-0.0256,-0.1164,0.03,0.00,0.039,3.2,96036.6,0.00,0.000,0.000,2
284063,-0.047,0.029,1.002,-0.061,0.244,0.183,-67.353,268.978,170.395,0.9928,0.0122,-0.0256,-0.1167,0.03,0.00,0.034,3.3,96035.1,0.00,0.000,0.000,2
284263,-0.046,0.030,1.003,-0.122,0.305,0.183,-67.353,268.978,170.395,0.9927,0.0121,-0.0256,-0.1170,0.03,0.00,0.043,3.2,96034.4,0.00,0.000,0.000,2
284463,-0.047,0.030,1.003,-0.061,0.244,0.183,-67.353,268.978,170.395,0.9927,0.0120,-0.0255,-0.1172,0.03,0.00,0.044,3.2,96028.8,0.00,0.000,0.000,2
284663,-0.047,0.030,1.000,-0.061,0.305,0.122,-67.353,268.978,170.395,0.9927,0.0120,-0.0256,-0.1173,0.03,0.00,0.015,3.2,96031.0,0.00,0.000,0.000,2
284863,-0.048,0.031,1.004,-0.061,0.427,0.244,-72.671,262.186,156.196,0.9926,0.0124,-0.0257,-0.1183,0.03,0.00,0.054,3.3,96037.3,0.00,0.000,0.000,2
285063,-0.048,0.030,1.002,-0.183,0.305,0.244,-72.671,262.186,156.196,0.9923,0.0129,-0.0257,-0.1206,0.03,0.00,0.040,3.3,96032.4,0.00,0.000,0.000,2
285263,-0.047,0.030,1.002,-0.122,0.244,0.183,-72.671,262.186,156.196,0.9920,0.0132,-0.0257,-0.1227,0.03,0.00,0.034,3.3,96034.4,0.00,0.000,0.000,2
285463,-0.047,0.032,1.003,-0.061,0.366,0.183,-72.671,262.186,156.196,0.9918,0.0132,-0.0258,-0.1244,0.03,0.00,0.045,3.3,96035.8,0.00,0.000,0.000,2
285663,-0.047,0.032,1.004,0.061,0.305,0.183,-72.671,262.186,156.196,0.9916,0.0130,-0.0260,-0.1259,0.03,0.00,0.059,3.3,96035.9,0.00,0.000,0.000,2
285863,-0.045,0.030,1.001,-0.061,0.244,0.183,-72.671,262.186,156.196,0.9915,0.0128,-0.0258,-0.1270,0.03,0.00,0.024,3.3,96039.4,0.00,0.000,0.000,2
286063,-0.047,0.031,1.001,0.000,0.183,0.122,-72.671,262.186,156.196,0.9914,0.0126,-0.0256,-0.1278,0.03,0.00,0.025,3.3,96035.9,0.00,0.000,0.000,2
286263,-0.047,0.029,1.000,-0.061,0.244,0.122,-72.671,262.186,156.196,0.9913,0.0124,-0.0256,-0.1285,0.03,0.00,0.015,3.3,96032.3,0.00,0.000,0.000,2
286463,-0.045,0.035,1.001,-0.061,0.244,0.244,-72.671,262.186,156.196,0.9912,0.0121,-0.0259,-0.1291,0.03,0.00,0.030,3.3,96034.5,0.00,0.000,0.000,2
286663,-0.049,0.031,1.004,-0.061,0.305,0.183,-72.671,262.186,156.196,0.9912,0.0121,-0.0260,-0.1295,0.03,0.00,0.055,3.3,96034.5,0.00,0.000,0.000,2
286863,-0.047,0.030,1.001,-0.122,0.244,0.244,-72.671,262.186,156.196,0.9911,0.0117,-0.0258,-0.1299,0.03,0.00,0.025,3.2,96035.9,0.00,0.000,0.000,2
287063,-0.045,0.032,1.001,-0.061,0.183,0.183,-62.036,267.620,144.836,0.9914,0.0105,-0.0261,-0.1278,0.03,0.00,0.029,3.2,96034.5,0.00,0.000,0.000,2
287263,-0.046,0.031,1.000,-0.061,0.183,0.244,-62.036,267.620,144.836,0.9917,0.0096,-0.0263,-0.1255,0.03,0.00,0.020,3.2,96036.6,0.00,0.000,0.000,2
287463,-0.048,0.031,1.000,-0.122,0.305,0.244,-62.036,267.620,144.836,0.9920,0.0093,-0.0262,-0.1231,0.03,0.00,0.016,3.2,96033.7,0.00,0.000,0.000,2
287663,-0.050,0.030,1.000,-0.122,0.305,0.183,-62.036,267.620,144.836,0.9923,0.0092,-0.0263,-0.1208,0.03,0.00,0.017,3.2,96033.2,0.00,0.000,0.000,2
287863,-0.048,0.031,0.999,-0.122,0.183,0.244,-62.036,267.620,144.836,0.9925,0.0097,-0.0261,-0.1187,0.03,0.00,0.006,3.2,96036.6,0.00,0.000,0.000,2
288063,-0.048,0.030,1.001,-0.061,0.305,0.244,-62.036,267.620,144.836,0.9928,0.0101,-0.0261,-0.1168,0.03,0.00,0.030,3.2,96033.1,0.00,0.000,0.000,2
288263,-0.046,0.031,1.006,-0.122,0.244,0.183,-62.036,267.620,144.836,0.9929,0.0106,-0.0260,-0.1152,0.03,0.00,0.072,3.2,96035.9,0.00,0.000,0.000,2
288463,-0.046,0.032,1.002,-0.061,0.244,0.183,-62.036,267.620,144.836,0.9931,0.0109,-0.0257,-0.1138,0.03,0.00,0.039,3.2,96035.9,0.00,0.000,0.000,2
288663,-0.048,0.031,1.003,-0.183,0.305,0.061,-62.036,267.620,144.836,0.9932,0.0113,-0.0258,-0.1126,0.03,0.00,0.049,3.2,96034.5,0.00,0.000,0.000,2
288863,-0.047,0.031,1.003,-0.061,0.244,0.305,-62.036,267.620,144.836,0.9933,0.0115,-0.0255,-0.1118,0.03,0.00,0.044,3.2,96031.0,0.00,0.000,0.000,2
289063,-0.048,0.030,1.002,-0.061,0.305,0.244,-62.036,267.620,144.836,0.9934,0.0118,-0.0256,-0.1111,0.03,0.00,0.040,3.2,96037.3,0.00,0.000,0.000,2
289263,-0.048,0.031,1.001,0.000,0.305,0.122,-70.898,271.695,159.036,0.9932,0.0128,-0.0256,-0.1131,0.03,0.00,0.030,3.3,96036.6,0.00,0.000,0.000,2
289463,-0.046,0.031,1.003,-0.061,0.244,0.244,-70.898,271.695,159.036,0.9929,0.0133,-0.0256,-0.1152,0.03,0.00,0.049,3.3,96037.3,0.00,0.000,0.000,2
289663,-0.047,0.030,1.001,-0.122,0.244,0.305,-70.898,271.695,159.036,0.9927,0.0133,-0.0256,-0.1170,0.03,0.00,0.025,3.3,96035.9,0.00,0.000,0.000,2
289863,-0.047,0.031,1.001,-0.061,0.183,0.183,-70.898,271.695,159.036,0.9925,0.0132,-0.0255,-0.1185,0.03,0.00,0.025,3.3,96038.8,0.00,0.000,0.000,2
290063,-0.047,0.032,1.002,0.000,0.244,0.244,-70.898,271.695,159.036,0.9924,0.0128,-0.0255,-0.1196,0.03,0.00,0.040,3.3,96036.0,0.00,0.000,0.000,2
290263,-0.047,0.031,1.002,-0.122,0.305,0.244,-70.898,271.695,159.036,0.9923,0.0125,-0.0255,-0.1206,0.03,0.00,0.039,3.3,96036.7,0.00,0.000,0.000,2
290463,-0.048,0.030,1.004,0.000,0.244,0.183,-70.898,271.695,159.036,0.9922,0.0125,-0.0258,-0.1212,0.03,0.00,0.059,3.3,96034.6,0.00,0.000,0.000,2
290663,-0.046,0.031,1.001,-0.122,0.244,0.122,-70.898,271.695,159.036,0.9922,0.0123,-0.0255,-0.1217,0.03,0.00,0.025,3.3,96036.6,0.00,0.000,0.000,2
290863,-0.046,0.031,1.004,-0.122,0.305,0.183,-70.898,271.695,159.036,0.9921,0.0121,-0.0257,-0.1221,0.03,0.00,0.053,3.3,96033.8,0.00,0.000,0.000,2
291063,-0.046,0.031,1.000,-0.061,0.244,0.122,-70.898,271.695,159.036,0.9921,0.0118,-0.0255,-0.1224,0.03,0.00,0.020,3.2,96033.1,0.00,0.000,0.000,2
291263,-0.044,0.032,1.006,-0.122,0.305,0.183,-70.898,271.695,159.036,0.9920,0.0119,-0.0254,-0.1227,0.03,0.00,0.072,3.2,96041.0,0.00,0.000,0.000,2
291463,-0.048,0.031,1.004,-0.061,0.244,0.183,-70.898,271.695,159.036,0.9920,0.0119,-0.0256,-0.1228,0.03,0.00,0.059,3.2,96033.8,0.00,0.000,0.000,2
291663,-0.049,0.029,0.999,-0.061,0.305,0.183,-70.898,271.695,159.036,0.9920,0.0117,-0.0256,-0.1230,0.03,0.00,0.006,3.2,96032.4,0.00,0.000,0.000,2
291863,-0.050,0.031,1.002,-0.061,0.183,0.244,-70.898,271.695,159.036,0.9920,0.0116,-0.0257,-0.1231,0.03,0.00,0.036,3.2,96036.8,0.00,0.000,0.000,2
292063,-0.048,0.031,1.002,-0.122,0.366,0.244,-70.898,271.695,159.036,0.9920,0.0117,-0.0257,-0.1232,0.03,0.00,0.040,3.2,96036.6,0.00,0.000,0.000,2
292263,-0.048,0.029,1.001,-0.122,0.305,0.183,-70.898,271.695,159.036,0.9920,0.0116,-0.0258,-0.1232,0.03,0.00,0.030,3.2,96039.6,0.00,0.000,0.000,2
292463,-0.045,0.030,1.002,-0.061,0.244,0.183,-70.898,271.695,159.036,0.9920,0.0117,-0.0256,-0.1233,0.03,0.00,0.038,3.2,96036.7,0.00,0.000,0.000,2
292663,-0.046,0.032,1.004,-0.061,0.244,0.244,-70.898,271.695,159.036,0.9920,0.0118,-0.0254,-0.1233,0.03,0.00,0.054,3.2,96037.3,0.00,0.000,0.000,2
292863,-0.047,0.030,1.004,-0.061,0.244,0.122,-70.898,271.695,159.036,0.9920,0.0118,-0.0258,-0.1233,0.03,0.00,0.053,3.2,96034.5,0.00,0.000,0.000,2
293063,-0.050,0.030,1.005,-0.061,0.305,0.122,-70.898,271.695,159.036,0.9920,0.0118,-0.0258,-0.1233,0.03,0.00,0.064,3.2,96040.8,0.00,0.000,0.000,2
293263,-0.048,0.029,1.004,-0.122,0.244,0.183,-70.898,271.695,159.036,0.9920,0.0116,-0.0257,-0.1233,0.03,0.00,0.054,3.2,96033.2,0.00,0.000,0.000,2
293463,-0.047,0.032,1.001,-0.122,0.366,0.305,-70.898,271.695,159.036,0.9920,0.0117,-0.0260,-0.1234,0.03,0.00,0.025,3.3,96037.4,0.00,0.000,0.000,2
293663,-0.049,0.030,1.001,-0.061,0.244,0.244,-60.264,260.827,147.676,0.9921,0.0109,-0.0259,-0.1223,0.03,0.00,0.030,3.2,96033.1,0.00,0.000,0.000,2
293863,-0.047,0.028,1.000,-0.183,0.366,0.244,-60.264,260.827,147.676,0.9924,0.0101,-0.0262,-0.1200,0.03,0.00,0.019,3.2,96032.5,0.00,0.000,0.000,2
294063,-0.047,0.030,1.005,0.000,0.244,0.244,-60.264,260.827,147.676,0.9926,0.0098,-0.0262,-0.1179,0.03,0.00,0.068,3.2,96033.2,0.00,0.000,0.000,2
294263,-0.046,0.029,1.004,-0.061,0.305,0.183,-60.264,260.827,147.676,0.9929,0.0100,-0.0259,-0.1161,0.03,0.00,0.053,3.2,96036.8,0.00,0.000,0.000,2
294463,-0.048,0.031,1.002,-0.183,0.244,0.183,-60.264,260.827,147.676,0.9930,0.0104,-0.0259,-0.1144,0.03,0.00,0.035,3.2,96034.5,0.00,0.000,0.000,2
294663,-0.046,0.031,1.001,0.061,0.244,0.244,-60.264,260.827,147.676,0.9932,0.0109,-0.0256,-0.1131,0.03,0.00,0.030,3.2,96035.5,0.00,0.000,0.000,2
294863,-0.047,0.030,1.001,-0.061,0.305,0.183,-60.264,260.827,147.676,0.9933,0.0112,-0.0256,-0.1120,0.03,0.00,0.025,3.2,96036.0,0.00,0.000,0.000,2
295063,-0.049,0.031,1.001,-0.183,0.244,0.183,-60.264,260.827,147.676,0.9934,0.0114,-0.0256,-0.1111,0.03,0.00,0.026,3.2,96032.5,0.00,0.000,0.000,2
295263,-0.046,0.031,1.002,-0.183,0.183,0.183,-60.264,260.827,147.676,0.9935,0.0117,-0.0255,-0.1105,0.03,0.00,0.039,3.2,96033.8,0.00,0.000,0.000,2
295463,-0.047,0.031,1.002,-0.061,0.305,0.244,-60.264,260.827,147.676,0.9935,0.0119,-0.0253,-0.1100,0.03,0.00,0.035,3.2,96036.1,0.00,0.000,0.000,2
295663,-0.046,0.030,1.003,-0.122,0.244,0.244,-60.264,260.827,147.676,0.9936,0.0119,-0.0252,-0.1096,0.03,0.00,0.043,3.2,96033.9,0.00,0.000,0.000,2
295863,-0.046,0.031,1.000,-0.122,0.305,0.122,-60.264,277.129,159.036,0.9937,0.0114,-0.0253,-0.1085,0.03,0.00,0.015,3.2,96034.8,0.00,0.000,0.000,2
296063,-0.048,0.031,1.003,-0.122,0.244,0.244,-60.264,277.129,159.036,0.9939,0.0112,-0.0255,-0.1068,0.03,0.00,0.045,3.2,96033.9,0.00,0.000,0.000,2
296263,-0.047,0.029,1.005,-0.061,0.244,0.244,-60.264,277.129,159.036,0.9940,0.0114,-0.0254,-0.1055,0.03,0.00,0.063,3.2,96033.3,0.00,0.000,0.000,2
296463,-0.046,0.033,1.003,-0.061,0.183,0.183,-60.264,277.129,159.036,0.9941,0.0117,-0.0254,-0.1045,0.03,0.00,0.044,3.2,96033.9,0.00,0.000,0.000,2
296663,-0.047,0.030,1.000,-0.061,0.366,0.183,-60.264,277.129,159.036,0.9942,0.0118,-0.0254,-0.1037,0.03,0.00,0.020,3.2,96034.8,0.00,0.000,0.000,2
296863,-0.049,0.030,1.004,-0.122,0.183,0.244,-60.264,277.129,159.036,0.9943,0.0120,-0.0256,-0.1031,0.03,0.00,0.055,3.2,96034.0,0.00,0.000,0.000,2
297063,-0.047,0.031,1.001,-0.122,0.244,0.122,-60.264,277.129,159.036,0.9943,0.0122,-0.0254,-0.1027,0.03,0.00,0.025,3.2,96036.1,0.00,0.000,0.000,2
297263,-0.047,0.033,1.001,-0.061,0.305,0.122,-60.264,277.129,159.036,0.9943,0.0125,-0.0256,-0.1025,0.03,0.00,0.026,3.3,96034.1,0.00,0.000,0.000,2
297463,-0.049,0.030,1.003,-0.122,0.305,0.244,-60.264,277.129,159.036,0.9943,0.0124,-0.0258,-0.1023,0.03,0.00,0.045,3.3,96039.6,0.00,0.000,0.000,2
297663,-0.044,0.031,1.003,-0.061,0.305,0.244,-60.264,277.129,159.036,0.9944,0.0124,-0.0254,-0.1022,0.03,0.00,0.048,3.2,96033.3,0.00,0.000,0.000,2
297863,-0.047,0.029,0.999,0.000,0.366,0.183,-60.264,277.129,159.036,0.9944,0.0122,-0.0253,-0.1022,0.03,0.00,0.001,3.2,96031.9,0.00,0.000,0.000,2
298063,-0.046,0.031,1.000,-0.061,0.305,0.122,-69.126,267.620,173.235,0.9943,0.0128,-0.0254,-0.1029,0.03,0.00,0.015,3.3,96032.6,0.00,0.000,0.000,2
298263,-0.045,0.031,1.004,-0.122,0.305,0.183,-69.126,267.620,173.235,0.9940,0.0138,-0.0254,-0.1055,0.03,0.00,0.053,3.3,96034.1,0.00,0.000,0.000,2
298463,-0.048,0.031,1.002,-0.061,0.244,0.122,-69.126,267.620,173.235,0.9937,0.0143,-0.0255,-0.1081,0.03,0.00,0.040,3.4,96035.5,0.00,0.000,0.000,2
298663,-0.047,0.031,1.001,-0.061,0.244,0.183,-69.126,267.620,173.235,0.9934,0.0145,-0.0254,-0.1105,0.03,0.00,0.030,3.4,96035.5,0.00,0.000,0.000,2
298863,-0.048,0.030,1.005,-0.122,0.305,0.122,-69.126,267.620,173.235,0.9932,0.0142,-0.0255,-0.1127,0.03,0.00,0.068,3.3,96039.0,0.00,0.000,0.000,2
299063,-0.047,0.030,1.002,-0.183,0.366,0.183,-69.126,267.620,173.235,0.9930,0.0138,-0.0255,-0.1145,0.03,0.00,0.039,3.3,96036.2,0.00,0.000,0.000,2
299263,-0.046,0.030,1.003,-0.122,0.183,0.244,-69.126,267.620,173.235,0.9928,0.0135,-0.0254,-0.1161,0.03,0.00,0.048,3.3,96035.6,0.00,0.000,0.000,2
299463,-0.046,0.028,1.002,-0.122,0.305,0.122,-69.126,267.620,173.235,0.9927,0.0130,-0.0254,-0.1173,0.03,0.00,0.038,3.3,96039.0,0.00,0.000,0.000,2
299663,-0.049,0.030,1.002,-0.061,0.366,0.244,-69.126,267.620,173.235,0.9926,0.0128,-0.0256,-0.1183,0.03,0.00,0.035,3.3,96034.1,0.00,0.000,0.000,2
299863,-0.047,0.030,1.005,-0.061,0.366,0.183,-69.126,267.620,173.235,0.9925,0.0124,-0.0256,-0.1191,0.03,0.00,0.063,3.3,96034.2,0.00,0.000,0.000,2
300063,-0.048,0.032,1.007,-0.122,0.183,0.183,-69.126,267.620,173.235,0.9924,0.0123,-0.0258,-0.1197,0.03,0.00,0.083,3.3,96036.3,0.00,0.000,0.000,2
300263,-0.048,0.031,1.003,0.000,0.305,0.183,-69.126,267.620,173.235,0.9923,0.0122,-0.0257,-0.1202,0.03,0.00,0.050,3.3,96039.8,0.00,0.000,0.000,2
300463,-0.048,0.031,1.001,-0.122,0.183,0.183,-69.126,267.620,173.235,0.9923,0.0122,-0.0259,-0.1205,0.03,0.00,0.031,3.3,96038.3,0.00,0.000,0.000,2
300663,-0.048,0.029,1.003,-0.183,0.244,0.183,-69.126,267.620,173.235,0.9923,0.0121,-0.0257,-0.1207,0.03,0.00,0.044,3.3,96037.0,0.00,0.000,0.000,2
300863,-0.045,0.029,1.001,0.061,0.305,0.244,-69.126,267.620,173.235,0.9923,0.0120,-0.0256,-0.1209,0.03,0.00,0.029,3.2,96032.7,0.00,0.000,0.000,2
301063,-0.045,0.032,1.002,-0.061,0.305,0.244,-69.126,267.620,173.235,0.9922,0.0120,-0.0255,-0.1211,0.03,0.00,0.034,3.2,96039.1,0.00,0.000,0.000,2
301263,-0.047,0.031,1.003,-0.061,0.366,0.122,-69.126,267.620,173.235,0.9922,0.0120,-0.0257,-0.1212,0.03,0.00,0.049,3.2,96035.6,0.00,0.000,0.000,2
301463,-0.046,0.030,1.004,0.000,0.366,0.183,-69.126,267.620,173.235,0.9922,0.0117,-0.0258,-0.1213,0.03,0.00,0.058,3.2,96036.2,0.00,0.000,0.000,2
301663,-0.046,0.032,1.003,-0.061,0.244,0.122,-69.126,267.620,173.235,0.9922,0.0118,-0.0254,-0.1214,0.03,0.00,0.044,3.2,96037.8,0.00,0.000,0.000,2
301863,-0.048,0.032,1.003,-0.061,0.244,0.183,-69.126,267.620,173.235,0.9922,0.0118,-0.0255,-0.1214,0.03,0.00,0.050,3.2,96032.9,0.00,0.000,0.000,2
302063,-0.046,0.031,1.003,-0.061,0.244,0.183,-69.126,267.620,173.235,0.9922,0.0118,-0.0255,-0.1214,0.03,0.00,0.044,3.2,96037.8,0.00,0.000,0.000,2
302263,-0.047,0.029,1.003,-0.122,0.305,0.244,-69.126,267.620,173.235,0.9922,0.0118,-0.0257,-0.1215,0.03,0.00,0.044,3.2,96037.0,0.00,0.000,0.000,2
302463,-0.046,0.031,1.001,-0.061,0.244,0.244,-69.126,267.620,173.235,0.9922,0.0120,-0.0256,-0.1215,0.03,0.00,0.029,3.2,96034.9,0.00,0.000,0.000,2
302663,-0.046,0.031,1.000,-0.061,0.244,0.183,-69.126,267.620,173.235,0.9922,0.0121,-0.0257,-0.1215,0.03,0.00,0.020,3.3,96040.0,0.00,0.000,0.000,2
302863,-0.048,0.028,1.005,-0.061,0.305,0.183,-69.126,267.620,173.235,0.9922,0.0116,-0.0259,-0.1215,0.03,0.00,0.063,3.2,96032.7,0.00,0.000,0.000,2
303063,-0.049,0.031,1.003,-0.122,0.244,0.183,-69.126,267.620,173.235,0.9922,0.0119,-0.0256,-0.1215,0.03,0.00,0.050,3.2,96036.3,0.00,0.000,0.000,2
303263,-0.047,0.028,1.000,-0.122,0.183,0.305,-69.126,267.620,173.235,0.9922,0.0116,-0.0255,-0.1215,0.03,0.00,0.019,3.2,96034.2,0.00,0.000,0.000,2
303463,-0.048,0.031,1.004,-0.122,0.366,0.244,-69.126,267.620,173.235,0.9922,0.0120,-0.0257,-0.1215,0.03,0.00,0.054,3.2,96030.6,0.00,0.000,0.000,2
303663,-0.047,0.030,1.006,0.000,0.305,0.244,-69.126,267.620,173.235,0.9922,0.0119,-0.0257,-0.1215,0.03,0.00,0.078,3.3,96039.9,0.00,0.000,0.000,2
303863,-0.046,0.031,1.000,-0.061,0.244,0.183,-69.126,267.620,173.235,0.9922,0.0118,-0.0257,-0.1216,0.03,0.00,0.015,3.2,96033.6,0.00,0.000,0.000,2
304063,-0.046,0.033,1.004,0.000,0.305,0.183,-69.126,267.620,173.235,0.9922,0.0121,-0.0257,-0.1215,0.03,0.00,0.059,3.3,96033.6,0.00,0.000,0.000,2
304263,-0.046,0.030,1.005,-0.061,0.244,0.244,-69.126,267.620,173.235,0.9922,0.0117,-0.0257,-0.1215,0.03,0.00,0.063,3.2,96035.6,0.00,0.000,0.000,2
304463,-0.047,0.031,1.002,-0.122,0.366,0.122,-69.126,267.620,173.235,0.9922,0.0118,-0.0256,-0.1215,0.03,0.00,0.035,3.2,96038.4,0.00,0.000,0.000,2
304663,-0.049,0.030,1.003,-0.061,0.305,0.183,-69.126,267.620,173.235,0.9922,0.0119,-0.0258,-0.1215,0.03,0.00,0.050,3.3,96033.5,0.00,0.000,0.000,2
304863,-0.048,0.029,1.001,-0.061,0.366,0.244,-69.126,267.620,173.235,0.9922,0.0117,-0.0258,-0.1215,0.03,0.00,0.030,3.2,96034.2,0.00,0.000,0.000,2
305063,-0.045,0.028,1.001,-0.061,0.305,0.183,-69.126,267.620,173.235,0.9922,0.0120,-0.0258,-0.1215,0.03,0.00,0.024,3.3,96037.8,0.00,0.000,0.000,2
305263,-0.049,0.031,1.002,-0.122,0.305,0.183,-69.126,267.620,173.235,0.9922,0.0119,-0.0261,-0.1214,0.03,0.00,0.040,3.3,96035.7,0.00,0.000,0.000,2
305463,-0.047,0.032,1.000,-0.061,0.244,0.305,-69.126,267.620,173.235,0.9922,0.0120,-0.0258,-0.1215,0.03,0.00,0.011,3.3,96036.2,0.00,0.000,0.000,2
305663,-0.047,0.033,1.000,0.000,0.305,0.244,-69.126,267.620,173.235,0.9922,0.0122,-0.0259,-0.1215,0.03,0.00,0.021,3.3,96034.9,0.00,0.000,0.000,2
305863,-0.048,0.031,1.002,-0.122,0.305,0.244,-69.126,267.620,173.235,0.9922,0.0119,-0.0257,-0.1215,0.03,0.00,0.040,3.2,96035.5,0.00,0.000,0.000,2
306063,-0.048,0.030,1.001,-0.061,0.244,0.244,-69.126,267.620,173.235,0.9922,0.0119,-0.0257,-0.1215,0.03,0.00,0.025,3.2,96034.2,0.00,0.000,0.000,2
306263,-0.046,0.030,1.003,-0.061,0.305,0.244,-69.126,267.620,173.235,0.9922,0.0117,-0.0256,-0.1215,0.03,0.00,0.044,3.2,96041.3,0.00,0.000,0.000,2
306463,-0.046,0.030,1.003,-0.122,0.183,0.183,-69.126,267.620,173.235,0.9922,0.0119,-0.0255,-0.1216,0.03,0.00,0.048,3.2,96035.6,0.00,0.000,0.000,2
306663,-0.046,0.031,1.003,0.000,0.305,0.183,-69.126,267.620,173.235,0.9922,0.0118,-0.0256,-0.1216,0.03,0.00,0.044,3.2,96034.2,0.00,0.000,0.000,2
306863,-0.049,0.030,1.005,0.000,0.305,0.244,-51.401,273.054,167.556,0.9922,0.0115,-0.0258,-0.1212,0.03,0.00,0.064,3.2,96033.5,0.00,0.000,0.000,2
307063,-0.048,0.030,1.003,-0.061,0.305,0.305,-51.401,273.054,167.556,0.9925,0.0099,-0.0262,-0.1189,0.03,0.00,0.049,3.2,96037.0,0.00,0.000,0.000,2
307263,-0.048,0.030,1.002,0.061,0.305,0.183,-51.401,273.054,167.556,0.9928,0.0087,-0.0266,-0.1164,0.03,0.00,0.039,3.2,96034.2,0.00,0.000,0.000,2
307463,-0.046,0.033,1.004,-0.061,0.244,0.244,-51.401,273.054,167.556,0.9931,0.0080,-0.0267,-0.1139,0.03,0.00,0.058,3.2,96034.2,0.00,0.000,0.000,2
307663,-0.046,0.031,1.003,-0.122,0.183,0.244,-51.401,273.054,167.556,0.9934,0.0076,-0.0267,-0.1113,0.03,0.00,0.048,3.2,96034.2,0.00,0.000,0.000,2
307863,-0.046,0.031,1.003,-0.061,0.183,0.183,-51.401,273.054,167.556,0.9937,0.0075,-0.0266,-0.1087,0.03,0.00,0.043,3.2,96037.0,0.00,0.000,0.000,2
308063,-0.045,0.029,1.004,-0.061,0.366,0.244,-51.401,273.054,167.556,0.9940,0.0077,-0.0265,-0.1062,0.03,0.00,0.057,3.2,96032.8,0.00,0.000,0.000,2
308263,-0.045,0.029,1.002,-0.122,0.305,0.183,-51.401,273.054,167.556,0.9942,0.0081,-0.0264,-0.1038,0.03,0.00,0.033,3.2,96034.2,0.00,0.000,0.000,2
308463,-0.046,0.031,1.004,-0.122,0.183,0.244,-51.401,273.054,167.556,0.9945,0.0087,-0.0261,-0.1015,0.03,0.00,0.058,3.1,96032.8,0.00,0.000,0.000,2
308663,-0.047,0.030,1.001,-0.061,0.305,0.244,-51.401,273.054,167.556,0.9947,0.0092,-0.0260,-0.0992,0.03,0.00,0.024,3.2,96034.2,0.00,0.000,0.000,2
308863,-0.048,0.031,1.002,-0.061,0.305,0.244,-51.401,273.054,167.556,0.9949,0.0099,-0.0259,-0.0970,0.03,0.00,0.040,3.2,96035.0,0.00,0.000,0.000,2
309063,-0.047,0.030,1.003,-0.061,0.305,0.183,-53.174,271.695,176.075,0.9951,0.0108,-0.0256,-0.0952,0.03,0.00,0.044,3.2,96037.1,0.00,0.000,0.000,2
309263,-0.048,0.030,1.000,-0.183,0.366,0.183,-53.174,271.695,176.075,0.9952,0.0115,-0.0254,-0.0939,0.03,0.00,0.021,3.2,96035.6,0.00,0.000,0.000,2
309463,-0.046,0.030,1.001,-0.122,0.244,0.183,-53.174,271.695,176.075,0.9953,0.0119,-0.0251,-0.0928,0.03,0.00,0.024,3.2,96033.6,0.00,0.000,0.000,2
309663,-0.046,0.031,1.004,-0.122,0.305,0.183,-53.174,271.695,176.075,0.9954,0.0120,-0.0249,-0.0921,0.03,0.00,0.053,3.2,96035.0,0.00,0.000,0.000,2
309863,-0.050,0.029,1.003,-0.122,0.305,0.244,-53.174,271.695,176.075,0.9954,0.0122,-0.0253,-0.0916,0.03,0.00,0.050,3.2,96036.4,0.00,0.000,0.000,2
310063,-0.048,0.029,1.001,-0.122,0.366,0.183,-53.174,271.695,176.075,0.9954,0.0123,-0.0254,-0.0912,0.03,0.00,0.025,3.2,96034.2,0.00,0.000,0.000,2
310263,-0.047,0.031,1.000,-0.061,0.244,0.183,-53.174,271.695,176.075,0.9955,0.0123,-0.0254,-0.0909,0.03,0.00,0.020,3.2,96034.2,0.00,0.000,0.000,2
310463,-0.046,0.031,1.003,-0.122,0.244,0.244,-53.174,271.695,176.075,0.9955,0.0128,-0.0254,-0.0907,0.03,0.00,0.048,3.3,96032.9,0.00,0.000,0.000,2
310663,-0.047,0.031,1.002,-0.122,0.305,0.244,-53.174,271.695,176.075,0.9955,0.0126,-0.0251,-0.0906,0.03,0.00,0.035,3.2,96035.1,0.00,0.000,0.000,2
310863,-0.049,0.030,1.004,-0.061,0.305,0.244,-53.174,271.695,176.075,0.9955,0.0125,-0.0253,-0.0905,0.03,0.00,0.055,3.2,96034.4,0.00,0.000,0.000,2
311063,-0.046,0.030,1.001,-0.122,0.244,0.122,-53.174,271.695,176.075,0.9955,0.0125,-0.0250,-0.0905,0.03,0.00,0.024,3.2,96034.2,0.00,0.000,0.000,2
311263,-0.046,0.032,1.001,-0.061,0.244,0.244,-67.353,268.978,164.716,0.9953,0.0137,-0.0251,-0.0926,0.03,0.00,0.030,3.3,96032.9,0.00,0.000,0.000,2
311463,-0.048,0.032,1.001,-0.061,0.305,0.305,-67.353,268.978,164.716,0.9950,0.0148,-0.0253,-0.0955,0.03,0.00,0.026,3.4,96033.0,0.00,0.000,0.000,2
311663,-0.048,0.031,1.000,-0.122,0.305,0.244,-67.353,268.978,164.716,0.9947,0.0153,-0.0255,-0.0984,0.03,0.00,0.011,3.4,96038.6,0.00,0.000,0.000,2
311863,-0.049,0.030,1.002,-0.183,0.244,0.244,-67.353,268.978,164.716,0.9944,0.0154,-0.0256,-0.1013,0.03,0.00,0.035,3.4,96033.1,0.00,0.000,0.000,2
312063,-0.046,0.031,1.001,-0.122,0.244,0.244,-67.353,268.978,164.716,0.9941,0.0155,-0.0255,-0.1041,0.03,0.00,0.029,3.4,96032.2,0.00,0.000,0.000,2
312263,-0.047,0.031,1.003,-0.122,0.244,0.305,-67.353,268.978,164.716,0.9939,0.0150,-0.0256,-0.1066,0.03,0.00,0.049,3.4,96038.0,0.00,0.000,0.000,2
312463,-0.046,0.031,1.006,-0.061,0.183,0.305,-67.353,268.978,164.716,0.9936,0.0145,-0.0257,-0.1089,0.03,0.00,0.072,3.4,96030.9,0.00,0.000,0.000,2
312663,-0.048,0.030,1.003,-0.061,0.305,0.244,-67.353,268.978,164.716,0.9934,0.0139,-0.0258,-0.1109,0.03,0.00,0.044,3.4,96033.8,0.00,0.000,0.000,2
312863,-0.048,0.030,0.999,-0.061,0.305,0.244,-67.353,268.978,164.716,0.9932,0.0133,-0.0256,-0.1125,0.03,0.00,0.006,3.3,96032.9,0.00,0.000,0.000,2
313063,-0.049,0.031,1.003,-0.061,0.305,0.183,-67.353,268.978,164.716,0.9931,0.0131,-0.0259,-0.1138,0.03,0.00,0.050,3.3,96036.4,0.00,0.000,0.000,2
313263,-0.049,0.030,1.000,-0.122,0.305,0.183,-67.353,268.978,164.716,0.9930,0.0126,-0.0257,-0.1149,0.03,0.00,0.011,3.3,96035.0,0.00,0.000,0.000,2
313463,-0.048,0.030,1.001,-0.122,0.244,0.244,-65.581,273.054,156.196,0.9929,0.0121,-0.0259,-0.1151,0.03,0.00,0.030,3.3,96031.6,0.00,0.000,0.000,2
313663,-0.047,0.030,1.002,-0.122,0.183,0.244,-65.581,273.054,156.196,0.9930,0.0118,-0.0259,-0.1145,0.03,0.00,0.039,3.3,96031.0,0.00,0.000,0.000,2
313863,-0.049,0.030,1.000,-0.061,0.244,0.244,-65.581,273.054,156.196,0.9931,0.0118,-0.0259,-0.1142,0.03,0.00,0.021,3.3,96031.5,0.00,0.000,0.000,2
314063,-0.047,0.032,1.000,-0.061,0.183,0.244,-65.581,273.054,156.196,0.9931,0.0119,-0.0255,-0.1139,0.03,0.00,0.016,3.2,96033.6,0.00,0.000,0.000,2
314263,-0.049,0.030,1.001,-0.061,0.305,0.244,-65.581,273.054,156.196,0.9931,0.0120,-0.0256,-0.1137,0.03,0.00,0.030,3.2,96035.6,0.00,0.000,0.000,2
314463,-0.046,0.030,1.004,-0.183,0.305,0.244,-65.581,273.054,156.196,0.9931,0.0119,-0.0255,-0.1136,0.03,0.00,0.053,3.2,96027.3,0.00,0.000,0.000,2
314663,-0.047,0.030,1.002,-0.061,0.305,0.305,-65.581,273.054,156.196,0.9931,0.0120,-0.0256,-0.1135,0.03,0.00,0.039,3.2,96030.0,0.00,0.000,0.000,2
314863,-0.046,0.030,1.003,-0.183,0.305,0.244,-65.581,273.054,156.196,0.9931,0.0120,-0.0257,-0.1135,0.03,0.00,0.043,3.3,96032.3,0.00,0.000,0.000,2
315063,-0.048,0.032,1.003,-0.122,0.183,0.122,-65.581,273.054,156.196,0.9931,0.0122,-0.0256,-0.1134,0.03,0.00,0.050,3.3,96033.0,0.00,0.000,0.000,2
315263,-0.048,0.032,1.001,-0.061,0.244,0.244,-65.581,273.054,156.196,0.9931,0.0121,-0.0258,-0.1134,0.03,0.00,0.026,3.3,96035.0,0.00,0.000,0.000,2
315463,-0.047,0.032,1.002,-0.061,0.183,0.244,-65.581,273.054,156.196,0.9932,0.0121,-0.0255,-0.1134,0.03,0.00,0.035,3.2,96032.2,0.00,0.000,0.000,2
315663,-0.048,0.031,1.002,-0.122,0.183,0.122,-65.581,273.054,156.196,0.9932,0.0120,-0.0258,-0.1133,0.03,0.00,0.040,3.3,96035.9,0.00,0.000,0.000,2
315863,-0.048,0.033,1.004,-0.122,0.366,0.183,-65.581,273.054,156.196,0.9932,0.0121,-0.0258,-0.1133,0.03,0.00,0.055,3.3,96034.5,0.00,0.000,0.000,2
316063,-0.048,0.032,1.002,-0.061,0.305,0.183,-65.581,273.054,156.196,0.9932,0.0123,-0.0258,-0.1132,0.03,0.00,0.040,3.3,96030.0,0.00,0.000,0.000,2
316263,-0.048,0.030,1.000,-0.122,0.305,0.244,-65.581,273.054,156.196,0.9932,0.0122,-0.0257,-0.1132,0.03,0.00,0.020,3.3,96035.0,0.00,0.000,0.000,2
316463,-0.047,0.030,1.006,-0.061,0.305,0.244,-65.581,273.054,156.196,0.9932,0.0119,-0.0258,-0.1132,0.03,0.00,0.073,3.3,96030.8,0.00,0.000,0.000,2
316663,-0.046,0.032,1.001,-0.122,0.305,0.122,-65.581,273.054,156.196,0.9932,0.0122,-0.0256,-0.1133,0.03,0.00,0.030,3.2,96029.5,0.00,0.000,0.000,2
316863,-0.049,0.031,1.001,-0.061,0.305,0.122,-65.581,273.054,156.196,0.9932,0.0122,-0.0256,-0.1132,0.03,0.00,0.026,3.2,96034.4,0.00,0.000,0.000,2
317063,-0.046,0.030,1.004,-0.061,0.305,0.183,-65.581,273.054,156.196,0.9932,0.0120,-0.0254,-0.1132,0.03,0.00,0.058,3.2,96038.4,0.00,0.000,0.000,2
317263,-0.048,0.031,1.002,-0.061,0.366,0.122,-65.581,273.054,156.196,0.9932,0.0122,-0.0257,-0.1132,0.03,0.00,0.040,3.3,96037.2,0.00,0.000,0.000,2
317463,-0.047,0.031,1.005,-0.122,0.305,0.183,-65.581,273.054,156.196,0.9932,0.0122,-0.0257,-0.1131,0.03,0.00,0.063,3.3,96035.7,0.00,0.000,0.000,2
317663,-0.048,0.032,1.001,-0.061,0.366,0.244,-60.264,268.978,159.036,0.9933,0.0120,-0.0260,-0.1124,0.03,0.00,0.030,3.3,96030.7,0.00,0.000,0.000,2
317863,-0.047,0.033,1.003,-0.061,0.244,0.305,-60.264,268.978,159.036,0.9935,0.0115,-0.0258,-0.1106,0.03,0.00,0.045,3.2,96032.9,0.00,0.000,0.000,2
318063,-0.048,0.031,1.002,-0.122,0.244,0.183,-60.264,268.978,159.036,0.9936,0.0112,-0.0256,-0.1091,0.03,0.00,0.035,3.2,96035.0,0.00,0.000,0.000,2
318263,-0.049,0.032,1.003,-0.122,0.305,0.244,-60.264,268.978,159.036,0.9938,0.0114,-0.0256,-0.1080,0.03,0.00,0.045,3.2,96034.4,0.00,0.000,0.000,2
318463,-0.047,0.031,1.000,-0.183,0.244,0.305,-60.264,268.978,159.036,0.9938,0.0117,-0.0256,-0.1072,0.03,0.00,0.020,3.2,96041.4,0.00,0.000,0.000,2
318663,-0.047,0.028,1.000,-0.122,0.244,0.122,-60.264,268.978,159.036,0.9939,0.0116,-0.0255,-0.1066,0.03,0.00,0.015,3.2,96030.8,0.00,0.000,0.000,2
318863,-0.047,0.031,1.001,-0.183,0.305,0.183,-60.264,268.978,159.036,0.9939,0.0119,-0.0257,-0.1062,0.03,0.00,0.030,3.2,96032.2,0.00,0.000,0.000,2
319063,-0.050,0.031,1.002,-0.183,0.244,0.183,-60.264,268.978,159.036,0.9940,0.0122,-0.0257,-0.1059,0.03,0.00,0.036,3.3,96034.4,0.00,0.000,0.000,2
319263,-0.048,0.031,1.001,0.000,0.122,0.305,-60.264,268.978,159.036,0.9940,0.0124,-0.0255,-0.1057,0.03,0.00,0.026,3.3,96030.8,0.00,0.000,0.000,2
319463,-0.047,0.031,1.000,-0.122,0.305,0.305,-60.264,268.978,159.036,0.9940,0.0124,-0.0256,-0.1055,0.03,0.00,0.020,3.3,96037.1,0.00,0.000,0.000,2
319663,-0.047,0.031,1.002,-0.061,0.183,0.183,-60.264,268.978,159.036,0.9940,0.0121,-0.0255,-0.1054,0.03,0.00,0.035,3.2,96032.9,0.00,0.000,0.000,2
319863,-0.046,0.031,0.999,-0.122,0.244,0.244,-65.581,267.620,167.556,0.9938,0.0131,-0.0256,-0.1073,0.03,0.00,0.006,3.3,96031.5,0.00,0.000,0.000,2
320063,-0.049,0.032,1.001,-0.061,0.305,0.244,-65.581,267.620,167.556,0.9936,0.0133,-0.0256,-0.1092,0.03,0.00,0.031,3.3,96033.7,0.00,0.000,0.000,2
320263,-0.047,0.031,1.004,-0.061,0.244,0.244,-65.581,267.620,167.556,0.9934,0.0133,-0.0257,-0.1107,0.03,0.00,0.059,3.3,96037.9,0.00,0.000,0.000,2
320463,-0.047,0.031,1.000,0.000,0.244,0.183,-65.581,267.620,167.556,0.9933,0.0130,-0.0258,-0.1119,0.03,0.00,0.021,3.3,96033.0,0.00,0.000,0.000,2
320663,-0.048,0.029,1.002,-0.122,0.305,0.305,-65.581,267.620,167.556,0.9932,0.0126,-0.0257,-0.1128,0.03,0.00,0.035,3.3,96037.0,0.00,0.000,0.000,2
320863,-0.047,0.031,1.004,-0.122,0.305,0.183,-65.581,267.620,167.556,0.9931,0.0125,-0.0255,-0.1134,0.03,0.00,0.054,3.3,96035.7,0.00,0.000,0.000,2
321063,-0.046,0.030,1.000,0.000,0.122,0.122,-65.581,267.620,167.556,0.9931,0.0124,-0.0256,-0.1138,0.03,0.00,0.015,3.3,96033.6,0.00,0.000,0.000,2
321263,-0.046,0.030,1.002,-0.122,0.183,0.183,-65.581,267.620,167.556,0.9931,0.0122,-0.0254,-0.1142,0.03,0.00,0.034,3.2,96033.6,0.00,0.000,0.000,2
321463,-0.046,0.031,1.003,-0.061,0.183,0.183,-65.581,267.620,167.556,0.9930,0.0122,-0.0255,-0.1144,0.03,0.00,0.049,3.2,96031.5,0.00,0.000,0.000,2
321663,-0.048,0.030,1.003,-0.061,0.244,0.244,-65.581,267.620,167.556,0.9930,0.0123,-0.0255,-0.1146,0.03,0.00,0.044,3.2,96032.2,0.00,0.000,0.000,2
321863,-0.046,0.031,1.004,-0.061,0.305,0.244,-65.581,267.620,167.556,0.9930,0.0123,-0.0253,-0.1147,0.03,0.00,0.054,3.2,96036.6,0.00,0.000,0.000,2
322063,-0.047,0.030,1.004,-0.061,0.305,0.305,-65.581,267.620,167.556,0.9930,0.0120,-0.0255,-0.1148,0.03,0.00,0.058,3.2,96034.4,0.00,0.000,0.000,2
322263,-0.048,0.032,1.007,-0.061,0.305,0.183,-65.581,267.620,167.556,0.9930,0.0123,-0.0257,-0.1149,0.03,0.00,0.083,3.3,96035.9,0.00,0.000,0.000,2
322463,-0.047,0.031,1.003,0.000,0.305,0.183,-65.581,267.620,167.556,0.9930,0.0123,-0.0255,-0.1149,0.03,0.00,0.044,3.2,96031.6,0.00,0.000,0.000,2
322663,-0.047,0.032,1.000,-0.183,0.183,0.122,-65.581,267.620,167.556,0.9930,0.0123,-0.0257,-0.1150,0.03,0.00,0.016,3.3,96033.0,0.00,0.000,0.000,2
322863,-0.046,0.033,1.001,-0.061,0.244,0.244,-65.581,267.620,167.556,0.9930,0.0125,-0.0258,-0.1150,0.03,0.00,0.025,3.3,96039.4,0.00,0.000,0.000,2
323063,-0.046,0.031,1.002,-0.122,0.244,0.183,-65.581,267.620,167.556,0.9930,0.0123,-0.0254,-0.1150,0.03,0.00,0.034,3.2,96036.6,0.00,0.000,0.000,2
323263,-0.046,0.030,1.000,-0.061,0.244,0.244,-65.581,267.620,167.556,0.9930,0.0120,-0.0252,-0.1150,0.03,0.00,0.015,3.2,96035.2,0.00,0.000,0.000,2
323463,-0.048,0.029,1.002,-0.122,0.366,0.183,-65.581,267.620,167.556,0.9930,0.0120,-0.0253,-0.1151,0.03,0.00,0.039,3.2,96032.4,0.00,0.000,0.000,2
323663,-0.047,0.030,1.005,-0.122,0.305,0.305,-65.581,267.620,167.556,0.9930,0.0120,-0.0256,-0.1151,0.03,0.00,0.063,3.2,96028.8,0.00,0.000,0.000,2
323863,-0.047,0.031,1.002,-0.061,0.183,0.244,-65.581,267.620,167.556,0.9930,0.0123,-0.0255,-0.1151,0.03,0.00,0.040,3.2,96033.1,0.00,0.000,0.000,2
324063,-0.047,0.031,0.999,-0.061,0.244,0.244,-65.581,267.620,167.556,0.9930,0.0122,-0.0256,-0.1151,0.03,0.00,0.001,3.2,96034.4,0.00,0.000,0.000,2
324263,-0.047,0.032,1.002,-0.061,0.366,0.244,-65.581,267.620,167.556,0.9929,0.0122,-0.0255,-0.1151,0.03,0.00,0.040,3.2,96035.2,0.00,0.000,0.000,2
324463,-0.046,0.029,1.006,-0.061,0.244,0.183,-65.581,267.620,167.556,0.9929,0.0119,-0.0255,-0.1151,0.03,0.00,0.072,3.2,96037.2,0.00,0.000,0.000,2
324663,-0.045,0.031,1.000,0.000,0.305,0.061,-65.581,267.620,167.556,0.9929,0.0121,-0.0257,-0.1151,0.03,0.00,0.019,3.3,96031.7,0.00,0.000,0.000,2
324863,-0.047,0.031,1.000,-0.061,0.366,0.244,-65.581,267.620,167.556,0.9929,0.0122,-0.0257,-0.1151,0.03,0.00,0.020,3.3,96030.3,0.00,0.000,0.000,2
325063,-0.046,0.030,1.005,-0.061,0.183,0.244,-65.581,267.620,167.556,0.9929,0.0121,-0.0255,-0.1151,0.03,0.00,0.068,3.2,96030.3,0.00,0.000,0.000,2
325263,-0.048,0.030,1.003,0.000,0.183,0.305,-65.581,267.620,167.556,0.9929,0.0121,-0.0256,-0.1151,0.03,0.00,0.049,3.2,96035.1,0.00,0.000,0.000,2
325463,-0.048,0.033,1.005,-0.061,0.366,0.305,-65.581,267.620,167.556,0.9929,0.0120,-0.0256,-0.1151,0.03,0.00,0.064,3.2,96031.0,0.00,0.000,0.000,2
325663,-0.047,0.032,1.000,-0.122,0.305,0.305,-65.581,267.620,167.556,0.9929,0.0122,-0.0257,-0.1152,0.03,0.00,0.021,3.3,96033.0,0.00,0.000,0.000,2
325863,-0.047,0.030,1.004,0.000,0.244,0.305,-65.581,267.620,167.556,0.9929,0.0122,-0.0256,-0.1152,0.03,0.00,0.059,3.2,96032.5,0.00,0.000,0.000,2
326063,-0.047,0.030,1.003,-0.122,0.244,0.183,-65.581,267.620,167.556,0.9929,0.0119,-0.0258,-0.1152,0.03,0.00,0.044,3.3,96031.8,0.00,0.000,0.000,2
326263,-0.046,0.030,1.003,0.000,0.183,0.305,-51.401,264.903,156.196,0.9931,0.0112,-0.0259,-0.1141,0.03,0.00,0.044,3.2,96031.8,0.00,0.000,0.000,2
326463,-0.046,0.032,1.002,-0.061,0.183,0.366,-51.401,264.903,156.196,0.9933,0.0100,-0.0261,-0.1117,0.03,0.00,0.039,3.2,96029.7,0.00,0.000,0.000,2
326663,-0.046,0.029,1.002,-0.061,0.305,0.183,-51.401,264.903,156.196,0.9936,0.0094,-0.0262,-0.1092,0.03,0.00,0.038,3.2,96034.0,0.00,0.000,0.000,2
326863,-0.049,0.032,1.000,-0.061,0.244,0.244,-51.401,264.903,156.196,0.9939,0.0092,-0.0263,-0.1067,0.03,0.00,0.016,3.2,96029.6,0.00,0.000,0.000,2
327063,-0.047,0.029,1.000,-0.183,0.305,0.244,-51.401,264.903,156.196,0.9942,0.0091,-0.0262,-0.1042,0.03,0.00,0.010,3.2,96032.4,0.00,0.000,0.000,2
327263,-0.046,0.031,1.006,-0.061,0.183,0.244,-51.401,264.903,156.196,0.9944,0.0095,-0.0259,-0.1021,0.03,0.00,0.072,3.2,96034.0,0.00,0.000,0.000,2
327463,-0.047,0.030,1.000,0.000,0.305,0.183,-51.401,264.903,156.196,0.9946,0.0102,-0.0257,-0.0998,0.03,0.00,0.020,3.2,96031.8,0.00,0.000,0.000,2
327663,-0.048,0.032,1.000,0.000,0.183,0.122,-51.401,264.903,156.196,0.9948,0.0106,-0.0256,-0.0977,0.03,0.00,0.021,3.2,96033.2,0.00,0.000,0.000,2
327863,-0.048,0.029,1.003,0.000,0.183,0.183,-51.401,264.903,156.196,0.9950,0.0110,-0.0255,-0.0958,0.03,0.00,0.044,3.2,96035.4,0.00,0.000,0.000,2
328063,-0.047,0.030,1.004,-0.061,0.305,0.183,-51.401,264.903,156.196,0.9952,0.0115,-0.0254,-0.0942,0.03,0.00,0.053,3.2,96037.3,0.00,0.000,0.000,2
328263,-0.048,0.031,1.003,0.000,0.244,0.244,-51.401,264.903,156.196,0.9953,0.0119,-0.0252,-0.0929,0.03,0.00,0.049,3.2,96033.8,0.00,0.000,0.000,2
328463,-0.047,0.030,1.003,0.000,0.244,0.244,-51.401,264.903,156.196,0.9954,0.0120,-0.0252,-0.0920,0.03,0.00,0.044,3.2,96035.3,0.00,0.000,0.000,2
328663,-0.045,0.033,1.000,-0.061,0.366,0.183,-51.401,264.903,156.196,0.9954,0.0123,-0.0251,-0.0914,0.03,0.00,0.020,3.2,96029.6,0.00,0.000,0.000,2
328863,-0.044,0.030,1.004,-0.061,0.244,0.244,-51.401,264.903,156.196,0.9955,0.0125,-0.0246,-0.0909,0.03,0.00,0.057,3.2,96032.6,0.00,0.000,0.000,2
329063,-0.046,0.031,1.000,-0.061,0.305,0.183,-51.401,264.903,156.196,0.9955,0.0128,-0.0249,-0.0906,0.03,0.00,0.010,3.2,96031.8,0.00,0.000,0.000,2
329263,-0.047,0.031,1.003,-0.122,0.305,0.244,-51.401,264.903,156.196,0.9955,0.0127,-0.0250,-0.0904,0.03,0.00,0.044,3.2,96031.9,0.00,0.000,0.000,2
329463,-0.045,0.030,1.001,-0.061,0.427,0.244,-51.401,264.903,156.196,0.9955,0.0125,-0.0252,-0.0903,0.03,0.00,0.029,3.2,96032.6,0.00,0.000,0.000,2
329663,-0.046,0.031,1.004,0.000,0.305,0.305,-51.401,264.903,156.196,0.9955,0.0129,-0.0252,-0.0902,0.03,0.00,0.054,3.2,96029.6,0.00,0.000,0.000,2
329863,-0.048,0.032,1.005,-0.061,0.244,0.244,-51.401,264.903,156.196,0.9955,0.0129,-0.0251,-0.0901,0.03,0.00,0.069,3.2,96029.8,0.00,0.000,0.000,2
330063,-0.046,0.030,1.002,-0.061,0.366,0.244,-51.401,264.903,156.196,0.9955,0.0128,-0.0252,-0.0901,0.03,0.00,0.034,3.2,96034.0,0.00,0.000,0.000,2
330263,-0.048,0.031,1.002,-0.183,0.366,0.244,-51.401,264.903,156.196,0.9955,0.0126,-0.0253,-0.0902,0.03,0.00,0.035,3.2,96029.6,0.00,0.000,0.000,2
330463,-0.047,0.030,1.001,-0.061,0.183,0.244,-63.809,271.695,153.356,0.9954,0.0132,-0.0250,-0.0913,0.03,0.00,0.025,3.2,96036.1,0.00,0.000,0.000,2
330663,-0.047,0.031,1.001,-0.061,0.244,0.244,-63.809,271.695,153.356,0.9951,0.0143,-0.0251,-0.0941,0.03,0.00,0.030,3.3,96031.8,0.00,0.000,0.000,2
330863,-0.047,0.030,1.000,-0.183,0.366,0.244,-63.809,271.695,153.356,0.9949,0.0147,-0.0251,-0.0969,0.03,0.00,0.010,3.3,96029.6,0.00,0.000,0.000,2
331063,-0.047,0.031,1.007,-0.061,0.183,0.305,-63.809,271.695,153.356,0.9946,0.0147,-0.0252,-0.0996,0.03,0.00,0.087,3.3,96028.9,0.00,0.000,0.000,2
331263,-0.045,0.031,1.002,0.000,0.305,0.183,-63.809,271.695,153.356,0.9944,0.0144,-0.0250,-0.1020,0.03,0.00,0.034,3.3,96030.3,0.00,0.000,0.000,2
331463,-0.047,0.029,1.002,-0.183,0.244,0.366,-63.809,271.695,153.356,0.9941,0.0141,-0.0251,-0.1041,0.03,0.00,0.034,3.3,96036.0,0.00,0.000,0.000,2
331663,-0.047,0.033,1.000,-0.122,0.305,0.244,-63.809,271.695,153.356,0.9940,0.0137,-0.0253,-0.1058,0.03,0.00,0.021,3.3,96034.7,0.00,0.000,0.000,2
331863,-0.047,0.031,1.000,-0.122,0.305,0.244,-63.809,271.695,153.356,0.9938,0.0132,-0.0253,-0.1072,0.03,0.00,0.015,3.3,96034.0,0.00,0.000,0.000,2
332063,-0.046,0.032,1.005,0.000,0.244,0.183,-63.809,271.695,153.356,0.9937,0.0130,-0.0253,-0.1081,0.03,0.00,0.068,3.3,96034.0,0.00,0.000,0.000,2
332263,-0.045,0.029,1.001,-0.183,0.305,0.122,-63.809,271.695,153.356,0.9937,0.0127,-0.0253,-0.1088,0.03,0.00,0.024,3.2,96030.5,0.00,0.000,0.000,2
332463,-0.047,0.030,1.004,-0.122,0.183,0.122,-63.809,271.695,153.356,0.9936,0.0126,-0.0255,-0.1093,0.03,0.00,0.058,3.3,96032.6,0.00,0.000,0.000,2
332663,-0.049,0.031,1.001,-0.183,0.305,0.183,-65.581,267.620,156.196,0.9935,0.0129,-0.0254,-0.1105,0.03,0.00,0.026,3.3,96036.1,0.00,0.000,0.000,2
332863,-0.047,0.032,1.002,-0.122,0.305,0.122,-65.581,267.620,156.196,0.9933,0.0130,-0.0252,-0.1118,0.03,0.00,0.035,3.2,96032.5,0.00,0.000,0.000,2
333063,-0.045,0.030,1.000,-0.061,0.305,0.183,-65.581,267.620,156.196,0.9932,0.0126,-0.0255,-0.1129,0.03,0.00,0.019,3.3,96031.9,0.00,0.000,0.000,2
333263,-0.045,0.030,1.003,-0.061,0.366,0.183,-65.581,267.620,156.196,0.9931,0.0126,-0.0255,-0.1136,0.03,0.00,0.048,3.3,96032.6,0.00,0.000,0.000,2
333463,-0.048,0.029,1.003,-0.061,0.244,0.183,-65.581,267.620,156.196,0.9931,0.0125,-0.0255,-0.1141,0.03,0.00,0.044,3.3,96034.2,0.00,0.000,0.000,2
333663,-0.047,0.031,1.004,0.000,0.122,0.244,-65.581,267.620,156.196,0.9930,0.0123,-0.0254,-0.1144,0.03,0.00,0.054,3.2,96038.9,0.00,0.000,0.000,2
333863,-0.046,0.030,1.002,-0.061,0.366,0.183,-65.581,267.620,156.196,0.9930,0.0123,-0.0254,-0.1147,0.03,0.00,0.039,3.2,96037.5,0.00,0.000,0.000,2
334063,-0.047,0.030,1.003,-0.122,0.244,0.244,-65.581,267.620,156.196,0.9930,0.0122,-0.0254,-0.1149,0.03,0.00,0.049,3.2,96037.6,0.00,0.000,0.000,2
334263,-0.047,0.033,1.003,-0.061,0.244,0.244,-65.581,267.620,156.196,0.9930,0.0123,-0.0255,-0.1150,0.03,0.00,0.045,3.2,96034.7,0.00,0.000,0.000,2
334463,-0.049,0.030,1.005,-0.061,0.366,0.183,-65.581,267.620,156.196,0.9929,0.0121,-0.0257,-0.1151,0.03,0.00,0.064,3.3,96033.3,0.00,0.000,0.000,2
334663,-0.047,0.028,1.004,-0.061,0.244,0.183,-65.581,267.620,156.196,0.9929,0.0119,-0.0255,-0.1153,0.03,0.00,0.053,3.2,96032.6,0.00,0.000,0.000,2
334863,-0.050,0.031,1.002,-0.122,0.183,0.183,-60.264,258.111,170.395,0.9931,0.0114,-0.0258,-0.1138,0.03,0.00,0.041,3.2,96036.8,0.00,0.000,0.000,2
335063,-0.048,0.030,1.001,-0.061,0.305,0.183,-60.264,258.111,170.395,0.9932,0.0116,-0.0256,-0.1126,0.03,0.00,0.025,3.2,96036.2,0.00,0.000,0.000,2
335263,-0.046,0.032,1.003,-0.122,0.305,0.183,-60.264,258.111,170.395,0.9933,0.0117,-0.0254,-0.1117,0.03,0.00,0.049,3.2,96037.5,0.00,0.000,0.000,2
335463,-0.048,0.031,1.001,-0.061,0.305,0.183,-60.264,258.111,170.395,0.9934,0.0117,-0.0255,-0.1110,0.03,0.00,0.030,3.2,96035.5,0.00,0.000,0.000,2
335663,-0.047,0.030,1.003,0.000,0.244,0.183,-60.264,258.111,170.395,0.9935,0.0116,-0.0255,-0.1105,0.03,0.00,0.049,3.2,96037.0,0.00,0.000,0.000,2
335863,-0.048,0.032,1.002,-0.122,0.366,0.244,-60.264,258.111,170.395,0.9935,0.0120,-0.0255,-0.1101,0.03,0.00,0.040,3.2,96033.3,0.00,0.000,0.000,2
336063,-0.047,0.033,1.001,-0.061,0.305,0.183,-60.264,258.111,170.395,0.9936,0.0122,-0.0253,-0.1098,0.03,0.00,0.030,3.2,96039.1,0.00,0.000,0.000,2
336263,-0.047,0.031,1.003,-0.122,0.061,0.244,-60.264,258.111,170.395,0.9936,0.0122,-0.0254,-0.1096,0.03,0.00,0.044,3.2,96034.8,0.00,0.000,0.000,2
336463,-0.048,0.030,1.003,-0.122,0.244,0.366,-60.264,258.111,170.395,0.9936,0.0122,-0.0255,-0.1094,0.03,0.00,0.049,3.2,96034.0,0.00,0.000,0.000,2
336663,-0.047,0.032,1.003,-0.122,0.244,0.183,-60.264,258.111,170.395,0.9936,0.0122,-0.0255,-0.1094,0.03,0.00,0.049,3.2,96034.2,0.00,0.000,0.000,2
336863,-0.047,0.029,0.999,-0.183,0.305,0.244,-74.443,271.695,164.716,0.9936,0.0121,-0.0256,-0.1096,0.03,0.00,0.006,3.2,96032.0,0.00,0.000,0.000,2
337063,-0.047,0.031,1.002,-0.061,0.244,0.183,-74.443,271.695,164.716,0.9933,0.0132,-0.0257,-0.1122,0.03,0.00,0.035,3.3,96032.8,0.00,0.000,0.000,2
337263,-0.047,0.032,1.001,-0.122,0.305,0.183,-74.443,271.695,164.716,0.9930,0.0139,-0.0257,-0.1147,0.03,0.00,0.030,3.3,96031.4,0.00,0.000,0.000,2
337463,-0.046,0.030,1.003,-0.122,0.244,0.183,-74.443,271.695,164.716,0.9927,0.0141,-0.0256,-0.1171,0.03,0.00,0.048,3.4,96035.5,0.00,0.000,0.000,2
337663,-0.049,0.031,1.002,-0.061,0.244,0.183,-74.443,271.695,164.716,0.9924,0.0141,-0.0257,-0.1194,0.03,0.00,0.036,3.4,96029.3,0.00,0.000,0.000,2
337863,-0.048,0.031,1.001,-0.061,0.305,0.244,-74.443,271.695,164.716,0.9922,0.0138,-0.0258,-0.1214,0.03,0.00,0.025,3.3,96032.6,0.00,0.000,0.000,2
338063,-0.047,0.030,1.000,-0.061,0.305,0.183,-74.443,271.695,164.716,0.9920,0.0135,-0.0256,-0.1231,0.03,0.00,0.020,3.3,96033.3,0.00,0.000,0.000,2
338263,-0.049,0.032,1.004,-0.122,0.427,0.244,-74.443,271.695,164.716,0.9918,0.0133,-0.0257,-0.1244,0.03,0.00,0.060,3.3,96031.2,0.00,0.000,0.000,2
338463,-0.046,0.030,1.007,-0.183,0.244,0.244,-74.443,271.695,164.716,0.9917,0.0129,-0.0257,-0.1255,0.03,0.00,0.082,3.3,96035.5,0.00,0.000,0.000,2
338663,-0.047,0.031,1.004,-0.061,0.244,0.122,-62.036,264.903,127.797,0.9919,0.0116,-0.0258,-0.1241,0.03,0.00,0.054,3.2,96033.4,0.00,0.000,0.000,2
338863,-0.048,0.030,1.001,-0.061,0.183,0.122,-62.036,264.903,127.797,0.9922,0.0106,-0.0261,-0.1217,0.03,0.00,0.025,3.2,96034.8,0.00,0.000,0.000,2
339063,-0.047,0.031,1.003,-0.122,0.244,0.183,-63.809,268.978,147.676,0.9924,0.0105,-0.0261,-0.1197,0.03,0.00,0.044,3.2,96037.7,0.00,0.000,0.000,2
339263,-0.046,0.030,1.003,0.000,0.244,0.244,-63.809,268.978,147.676,0.9926,0.0106,-0.0258,-0.1180,0.03,0.00,0.048,3.2,96043.2,0.00,0.000,0.000,2
339463,-0.045,0.031,1.003,-0.061,0.244,0.244,-63.809,268.978,147.676,0.9928,0.0109,-0.0257,-0.1166,0.03,0.00,0.043,3.2,96035.5,0.00,0.000,0.000,2
339663,-0.048,0.031,1.001,-0.061,0.305,0.305,-63.809,268.978,147.676,0.9929,0.0112,-0.0259,-0.1154,0.03,0.00,0.030,3.2,96039.1,0.00,0.000,0.000,2
339863,-0.047,0.033,1.003,-0.061,0.366,0.122,-63.809,268.978,147.676,0.9930,0.0115,-0.0258,-0.1144,0.03,0.00,0.045,3.2,96037.0,0.00,0.000,0.000,2
340063,-0.046,0.032,1.003,-0.122,0.183,0.183,-63.809,268.978,147.676,0.9931,0.0118,-0.0256,-0.1138,0.03,0.00,0.049,3.2,96040.5,0.00,0.000,0.000,2
340263,-0.045,0.030,1.003,-0.061,0.244,0.244,-63.809,268.978,147.676,0.9932,0.0117,-0.0255,-0.1133,0.03,0.00,0.048,3.2,96034.2,0.00,0.000,0.000,2
340463,-0.046,0.029,1.003,-0.122,0.244,0.183,-63.809,268.978,147.676,0.9932,0.0117,-0.0254,-0.1129,0.03,0.00,0.043,3.2,96034.7,0.00,0.000,0.000,2
340663,-0.048,0.032,1.005,-0.122,0.244,0.183,-63.809,268.978,147.676,0.9932,0.0120,-0.0255,-0.1127,0.03,0.00,0.069,3.2,96036.1,0.00,0.000,0.000,2
340863,-0.047,0.031,1.005,-0.122,0.366,0.244,-63.809,268.978,147.676,0.9933,0.0121,-0.0255,-0.1124,0.03,0.00,0.063,3.2,96034.2,0.00,0.000,0.000,2
341063,-0.046,0.032,1.004,-0.061,0.183,0.244,-63.809,268.978,147.676,0.9933,0.0121,-0.0252,-0.1124,0.03,0.00,0.054,3.2,96038.5,0.00,0.000,0.000,2
341263,-0.049,0.031,1.001,-0.061,0.305,0.244,-60.264,279.846,164.716,0.9935,0.0110,-0.0256,-0.1105,0.03,0.00,0.031,3.2,96036.9,0.00,0.000,0.000,2
341463,-0.046,0.029,1.001,-0.061,0.244,0.183,-60.264,279.846,164.716,0.9937,0.0107,-0.0255,-0.1083,0.03,0.00,0.024,3.2,96031.6,0.00,0.000,0.000,2
341663,-0.049,0.032,1.000,0.000,0.305,0.244,-60.264,279.846,164.716,0.9939,0.0109,-0.0256,-0.1065,0.03,0.00,0.012,3.2,96034.2,0.00,0.000,0.000,2
341863,-0.047,0.031,1.001,-0.061,0.305,0.244,-60.264,279.846,164.716,0.9941,0.0114,-0.0255,-0.1050,0.03,0.00,0.030,3.2,96032.8,0.00,0.000,0.000,2
342063,-0.046,0.033,1.002,-0.122,0.305,0.244,-60.264,279.846,164.716,0.9942,0.0117,-0.0251,-0.1039,0.03,0.00,0.035,3.2,96039.2,0.00,0.000,0.000,2
342263,-0.046,0.031,1.000,-0.061,0.305,0.183,-60.264,279.846,164.716,0.9943,0.0118,-0.0253,-0.1030,0.03,0.00,0.015,3.2,96032.8,0.00,0.000,0.000,2
342463,-0.045,0.032,1.003,-0.183,0.305,0.305,-60.264,279.846,164.716,0.9944,0.0121,-0.0252,-0.1024,0.03,0.00,0.043,3.2,96037.1,0.00,0.000,0.000,2
342663,-0.049,0.031,1.003,-0.122,0.366,0.244,-60.264,279.846,164.716,0.9944,0.0122,-0.0253,-0.1018,0.03,0.00,0.045,3.2,96034.9,0.00,0.000,0.000,2
342863,-0.048,0.032,1.000,0.000,0.305,0.244,-60.264,279.846,164.716,0.9944,0.0122,-0.0252,-0.1015,0.03,0.00,0.012,3.2,96037.7,0.00,0.000,0.000,2
343063,-0.047,0.029,1.000,-0.122,0.244,0.305,-60.264,279.846,164.716,0.9945,0.0120,-0.0253,-0.1013,0.03,0.00,0.010,3.2,96036.3,0.00,0.000,0.000,2
343263,-0.047,0.029,1.003,-0.061,0.305,0.183,-62.036,262.186,161.876,0.9944,0.0124,-0.0254,-0.1017,0.03,0.00,0.044,3.2,96038.4,0.00,0.000,0.000,2
343463,-0.047,0.031,1.000,-0.122,0.366,0.183,-62.036,262.186,161.876,0.9942,0.0132,-0.0255,-0.1039,0.03,0.00,0.021,3.3,96040.5,0.00,0.000,0.000,2
343663,-0.047,0.031,1.001,-0.061,0.366,0.183,-62.036,262.186,161.876,0.9940,0.0133,-0.0255,-0.1058,0.03,0.00,0.030,3.3,96037.7,0.00,0.000,0.000,2
343863,-0.046,0.032,1.004,-0.122,0.183,0.183,-62.036,262.186,161.876,0.9938,0.0132,-0.0251,-0.1072,0.03,0.00,0.054,3.3,96037.1,0.00,0.000,0.000,2
344063,-0.046,0.029,1.002,-0.061,0.427,0.183,-62.036,262.186,161.876,0.9937,0.0129,-0.0251,-0.1082,0.03,0.00,0.038,3.2,96036.4,0.00,0.000,0.000,2
344263,-0.046,0.032,1.001,-0.122,0.244,0.122,-62.036,262.186,161.876,0.9936,0.0129,-0.0253,-0.1090,0.03,0.00,0.025,3.3,96037.8,0.00,0.000,0.000,2
344463,-0.045,0.032,1.004,0.000,0.366,0.183,-62.036,262.186,161.876,0.9936,0.0126,-0.0253,-0.1096,0.03,0.00,0.058,3.2,96036.3,0.00,0.000,0.000,2
344663,-0.047,0.031,1.003,-0.122,0.244,0.183,-62.036,262.186,161.876,0.9935,0.0124,-0.0252,-0.1100,0.03,0.00,0.049,3.2,96036.3,0.00,0.000,0.000,2
344863,-0.049,0.029,1.003,-0.061,0.183,0.244,-62.036,262.186,161.876,0.9935,0.0122,-0.0255,-0.1103,0.03,0.00,0.045,3.2,96032.8,0.00,0.000,0.000,2
345063,-0.046,0.031,1.003,-0.061,0.305,0.244,-62.036,262.186,161.876,0.9935,0.0122,-0.0256,-0.1106,0.03,0.00,0.044,3.2,96034.9,0.00,0.000,0.000,2
345263,-0.047,0.032,1.003,-0.122,0.244,0.183,-62.036,262.186,161.876,0.9934,0.0123,-0.0255,-0.1107,0.03,0.00,0.049,3.2,96031.4,0.00,0.000,0.000,2
345463,-0.047,0.030,1.004,-0.061,0.244,0.244,-69.126,270.337,173.235,0.9932,0.0130,-0.0253,-0.1126,0.03,0.00,0.053,3.3,96033.0,0.00,0.000,0.000,2
345663,-0.047,0.029,1.002,-0.122,0.366,0.183,-69.126,270.337,173.235,0.9930,0.0133,-0.0254,-0.1143,0.03,0.00,0.034,3.3,96033.5,0.00,0.000,0.000,2
345863,-0.045,0.029,1.002,-0.122,0.366,0.183,-69.126,270.337,173.235,0.9929,0.0129,-0.0254,-0.1157,0.03,0.00,0.038,3.3,96038.5,0.00,0.000,0.000,2
346063,-0.046,0.031,1.003,-0.122,0.305,0.183,-69.126,270.337,173.235,0.9927,0.0127,-0.0256,-0.1168,0.03,0.00,0.044,3.3,96034.2,0.00,0.000,0.000,2
346263,-0.047,0.031,1.004,-0.061,0.244,0.183,-69.126,270.337,173.235,0.9926,0.0127,-0.0256,-0.1177,0.03,0.00,0.054,3.3,96035.0,0.00,0.000,0.000,2
346463,-0.048,0.030,1.000,0.000,0.427,0.183,-69.126,270.337,173.235,0.9926,0.0123,-0.0257,-0.1184,0.03,0.00,0.016,3.3,96034.9,0.00,0.000,0.000,2
346663,-0.048,0.030,1.002,-0.122,0.122,0.244,-69.126,270.337,173.235,0.9925,0.0124,-0.0257,-0.1189,0.03,0.00,0.040,3.3,96034.2,0.00,0.000,0.000,2
346863,-0.045,0.029,1.005,-0.061,0.305,0.305,-69.126,270.337,173.235,0.9925,0.0124,-0.0257,-0.1192,0.03,0.00,0.062,3.3,96033.7,0.00,0.000,0.000,2
347063,-0.047,0.030,1.002,-0.061,0.244,0.122,-69.126,270.337,173.235,0.9924,0.0121,-0.0258,-0.1195,0.03,0.00,0.039,3.3,96035.0,0.00,0.000,0.000,2
347263,-0.047,0.030,1.000,-0.122,0.244,0.305,-69.126,270.337,173.235,0.9924,0.0121,-0.0256,-0.1197,0.03,0.00,0.011,3.2,96037.2,0.00,0.000,0.000,2
347463,-0.049,0.030,1.002,-0.061,0.305,0.183,-60.264,268.978,181.755,0.9925,0.0113,-0.0258,-0.1189,0.03,0.00,0.040,3.2,96036.4,0.00,0.000,0.000,2
347663,-0.047,0.031,1.003,-0.122,0.305,0.244,-60.264,268.978,181.755,0.9928,0.0103,-0.0259,-0.1167,0.03,0.00,0.044,3.2,96033.6,0.00,0.000,0.000,2
347863,-0.047,0.028,1.002,-0.122,0.366,0.183,-60.264,268.978,181.755,0.9930,0.0099,-0.0260,-0.1145,0.03,0.00,0.039,3.2,96037.8,0.00,0.000,0.000,2
348063,-0.048,0.033,1.000,-0.061,0.244,0.183,-60.264,268.978,181.755,0.9933,0.0102,-0.0258,-0.1125,0.03,0.00,0.021,3.2,96033.7,0.00,0.000,0.000,2
348263,-0.045,0.031,1.001,-0.061,0.244,0.183,-60.264,268.978,181.755,0.9935,0.0105,-0.0258,-0.1108,0.03,0.00,0.029,3.2,96037.1,0.00,0.000,0.000,2
348463,-0.047,0.030,1.005,-0.061,0.183,0.244,-60.264,268.978,181.755,0.9936,0.0110,-0.0256,-0.1093,0.03,0.00,0.063,3.2,96035.8,0.00,0.000,0.000,2
348663,-0.046,0.030,1.003,-0.061,0.366,0.244,-60.264,268.978,181.755,0.9938,0.0113,-0.0255,-0.1080,0.03,0.00,0.048,3.2,96037.8,0.00,0.000,0.000,2
348863,-0.047,0.031,1.002,-0.061,0.305,0.183,-60.264,268.978,181.755,0.9939,0.0116,-0.0256,-0.1070,0.03,0.00,0.035,3.2,96035.1,0.00,0.000,0.000,2
349063,-0.048,0.032,1.005,-0.122,0.244,0.305,-60.264,268.978,181.755,0.9939,0.0117,-0.0256,-0.1063,0.03,0.00,0.064,3.2,96035.8,0.00,0.000,0.000,2
349263,-0.047,0.031,1.002,-0.122,0.305,0.183,-60.264,268.978,181.755,0.9940,0.0119,-0.0254,-0.1057,0.03,0.00,0.035,3.2,96036.5,0.00,0.000,0.000,2
349463,-0.046,0.033,1.003,-0.061,0.305,0.183,-60.264,268.978,181.755,0.9940,0.0123,-0.0253,-0.1053,0.03,0.00,0.049,3.2,96031.5,0.00,0.000,0.000,2
349663,-0.049,0.031,1.003,-0.061,0.305,0.244,-60.264,268.978,181.755,0.9941,0.0123,-0.0253,-0.1050,0.03,0.00,0.050,3.2,96034.5,0.00,0.000,0.000,2
349863,-0.047,0.032,1.001,-0.061,0.305,0.244,-60.264,268.978,181.755,0.9941,0.0124,-0.0253,-0.1047,0.03,0.00,0.025,3.2,96037.2,0.00,0.000,0.000,2
350063,-0.049,0.029,1.002,-0.061,0.183,0.244,-60.264,268.978,181.755,0.9941,0.0123,-0.0255,-0.1045,0.03,0.00,0.035,3.2,96031.6,0.00,0.000,0.000,2
350263,-0.048,0.032,1.004,-0.061,0.244,0.183,-60.264,268.978,181.755,0.9941,0.0124,-0.0257,-0.1044,0.03,0.00,0.054,3.3,96035.0,0.00,0.000,0.000,2
350463,-0.047,0.030,1.004,-0.122,0.305,0.244,-60.264,268.978,181.755,0.9941,0.0124,-0.0254,-0.1044,0.03,0.00,0.053,3.2,96032.4,0.00,0.000,0.000,2
350663,-0.045,0.029,1.002,-0.061,0.305,0.122,-60.264,268.978,181.755,0.9942,0.0124,-0.0250,-0.1043,0.03,0.00,0.033,3.2,96033.7,0.00,0.000,0.000,2
350863,-0.047,0.032,1.005,-0.183,0.183,0.183,-60.264,268.978,181.755,0.9942,0.0124,-0.0254,-0.1042,0.03,0.00,0.064,3.2,96030.2,0.00,0.000,0.000,2
351063,-0.046,0.032,1.003,-0.061,0.244,0.305,-60.264,268.978,181.755,0.9942,0.0126,-0.0250,-0.1042,0.03,0.00,0.049,3.2,96032.9,0.00,0.000,0.000,2
351263,-0.048,0.031,1.000,0.000,0.366,0.183,-60.264,268.978,181.755,0.9942,0.0124,-0.0256,-0.1042,0.03,0.00,0.016,3.3,96033.0,0.00,0.000,0.000,2
351484,-0.049,0.032,1.004,-0.061,0.305,0.244,-79.761,259.469,173.235,0.9941,0.0124,-0.0255,-0.1044,0.03,0.00,0.055,3.2,96035.8,0.00,0.000,0.000,2
351663,-0.049,0.031,1.004,-0.061,0.183,0.183,-79.761,259.469,173.235,0.9938,0.0137,-0.0256,-0.1070,0.03,0.00,0.060,3.3,96033.0,0.00,0.000,0.000,2
351863,-0.046,0.031,1.002,-0.122,0.244,0.183,-79.761,259.469,173.235,0.9935,0.0148,-0.0257,-0.1098,0.03,0.00,0.039,3.4,96037.3,0.00,0.000,0.000,2
352063,-0.047,0.033,1.005,-0.061,0.244,0.244,-79.761,259.469,173.235,0.9932,0.0158,-0.0258,-0.1127,0.03,0.00,0.069,3.5,96033.7,0.00,0.000,0.000,2
352263,-0.048,0.031,1.002,-0.122,0.183,0.183,-79.761,259.469,173.235,0.9928,0.0163,-0.0259,-0.1156,0.03,0.00,0.039,3.5,96033.7,0.00,0.000,0.000,2
352463,-0.047,0.031,1.000,0.000,0.366,0.183,-79.761,259.469,173.235,0.9925,0.0166,-0.0259,-0.1185,0.03,0.00,0.015,3.5,96037.1,0.00,0.000,0.000,2
352663,-0.045,0.031,1.003,-0.061,0.244,0.122,-79.761,259.469,173.235,0.9921,0.0165,-0.0259,-0.1213,0.03,0.00,0.048,3.5,96029.5,0.00,0.000,0.000,2
352863,-0.050,0.031,1.003,-0.061,0.305,0.244,-79.761,259.469,173.235,0.9918,0.0162,-0.0259,-0.1240,0.03,0.00,0.045,3.5,96031.6,0.00,0.000,0.000,2
353063,-0.047,0.032,1.006,-0.061,0.244,0.183,-79.761,259.469,173.235,0.9915,0.0159,-0.0259,-0.1266,0.03,0.00,0.073,3.5,96035.2,0.00,0.000,0.000,2
353263,-0.048,0.032,1.002,-0.061,0.244,0.244,-79.761,259.469,173.235,0.9912,0.0155,-0.0259,-0.1291,0.03,0.00,0.035,3.5,96035.1,0.00,0.000,0.000,2
353463,-0.049,0.030,1.000,0.000,0.305,0.305,-79.761,259.469,173.235,0.9909,0.0150,-0.0259,-0.1314,0.03,0.00,0.016,3.4,96035.2,0.00,0.000,0.000,2
353663,-0.049,0.029,1.003,-0.122,0.305,0.244,-79.761,259.469,173.235,0.9906,0.0143,-0.0259,-0.1334,0.03,0.00,0.044,3.4,96037.1,0.00,0.000,0.000,2
353863,-0.048,0.031,1.004,-0.122,0.244,0.244,-79.761,259.469,173.235,0.9904,0.0139,-0.0260,-0.1353,0.03,0.00,0.054,3.4,96037.3,0.00,0.000,0.000,2
354063,-0.048,0.030,1.004,-0.183,0.244,0.244,-79.761,259.469,173.235,0.9901,0.0136,-0.0260,-0.1370,0.03,0.00,0.054,3.4,96038.6,0.00,0.000,0.000,2
354263,-0.049,0.032,1.002,-0.061,0.244,0.183,-79.761,259.469,173.235,0.9899,0.0132,-0.0261,-0.1384,0.03,0.00,0.036,3.3,96035.9,0.00,0.000,0.000,2
354463,-0.046,0.030,1.002,-0.183,0.244,0.183,-79.761,259.469,173.235,0.9898,0.0127,-0.0261,-0.1396,0.03,0.00,0.034,3.3,96032.4,0.00,0.000,0.000,2
354663,-0.045,0.030,1.004,-0.122,0.244,0.183,-79.761,259.469,173.235,0.9896,0.0124,-0.0261,-0.1406,0.03,0.00,0.058,3.3,96034.4,0.00,0.000,0.000,2
354863,-0.046,0.032,1.000,-0.061,0.244,0.122,-79.761,259.469,173.235,0.9895,0.0121,-0.0259,-0.1414,0.03,0.00,0.015,3.3,96037.3,0.00,0.000,0.000,2
355063,-0.047,0.029,1.003,-0.122,0.244,0.244,-79.761,259.469,173.235,0.9894,0.0120,-0.0260,-0.1421,0.03,0.00,0.044,3.3,96034.5,0.00,0.000,0.000,2
355263,-0.046,0.032,1.004,-0.122,0.305,0.183,-79.761,259.469,173.235,0.9894,0.0118,-0.0259,-0.1427,0.03,0.00,0.054,3.3,96037.2,0.00,0.000,0.000,2
355463,-0.046,0.030,1.001,-0.061,0.305,0.305,-79.761,259.469,173.235,0.9893,0.0116,-0.0261,-0.1432,0.03,0.00,0.029,3.3,96038.7,0.00,0.000,0.000,2
355663,-0.047,0.031,1.002,-0.122,0.366,0.244,-72.671,270.337,161.876,0.9894,0.0107,-0.0263,-0.1421,0.03,0.00,0.035,3.3,96030.4,0.00,0.000,0.000,2
355863,-0.047,0.030,1.000,-0.061,0.305,0.183,-72.671,270.337,161.876,0.9898,0.0098,-0.0264,-0.1399,0.03,0.00,0.010,3.2,96039.5,0.00,0.000,0.000,2
356063,-0.047,0.033,1.002,0.000,0.305,0.183,-72.671,270.337,161.876,0.9901,0.0095,-0.0264,-0.1378,0.03,0.00,0.040,3.2,96035.2,0.00,0.000,0.000,2
356263,-0.050,0.030,1.003,-0.061,0.244,0.244,-72.671,270.337,161.876,0.9903,0.0095,-0.0265,-0.1359,0.03,0.00,0.050,3.2,96033.8,0.00,0.000,0.000,2
356463,-0.047,0.030,1.000,-0.061,0.305,0.244,-72.671,270.337,161.876,0.9905,0.0097,-0.0264,-0.1343,0.03,0.00,0.015,3.2,96037.2,0.00,0.000,0.000,2
356663,-0.047,0.032,1.001,-0.061,0.183,0.183,-72.671,270.337,161.876,0.9907,0.0101,-0.0262,-0.1329,0.03,0.00,0.025,3.2,96033.8,0.00,0.000,0.000,2
356863,-0.047,0.033,1.002,-0.061,0.427,0.183,-72.671,270.337,161.876,0.9909,0.0103,-0.0262,-0.1317,0.03,0.00,0.035,3.2,96039.4,0.00,0.000,0.000,2
357063,-0.048,0.031,1.002,-0.183,0.305,0.305,-72.671,270.337,161.876,0.9910,0.0105,-0.0261,-0.1308,0.03,0.00,0.040,3.2,96034.6,0.00,0.000,0.000,2
357263,-0.048,0.031,1.002,-0.122,0.305,0.183,-72.671,270.337,161.876,0.9911,0.0108,-0.0263,-0.1300,0.03,0.00,0.035,3.3,96036.6,0.00,0.000,0.000,2
357463,-0.048,0.033,1.002,-0.122,0.305,0.244,-72.671,270.337,161.876,0.9912,0.0111,-0.0260,-0.1294,0.03,0.00,0.041,3.2,96033.9,0.00,0.000,0.000,2
357663,-0.046,0.031,1.002,0.000,0.183,0.244,-72.671,270.337,161.876,0.9913,0.0111,-0.0259,-0.1289,0.03,0.00,0.039,3.2,96031.7,0.00,0.000,0.000,2
357863,-0.047,0.032,1.001,-0.122,0.244,0.305,-62.036,267.620,161.876,0.9914,0.0103,-0.0261,-0.1276,0.03,0.00,0.025,3.2,96034.4,0.00,0.000,0.000,2
358063,-0.049,0.029,0.996,-0.061,0.244,0.244,-62.036,267.620,161.876,0.9917,0.0093,-0.0263,-0.1253,0.03,-0.00,-0.022,3.2,96036.6,0.00,0.000,0.000,2
358263,-0.049,0.032,1.003,-0.122,0.244,0.244,-62.036,267.620,161.876,0.9920,0.0090,-0.0262,-0.1229,0.03,0.00,0.050,3.2,96033.1,0.00,0.000,0.000,2
358463,-0.048,0.031,1.002,-0.061,0.183,0.183,-62.036,267.620,161.876,0.9923,0.0092,-0.0263,-0.1206,0.03,0.00,0.035,3.2,96034.5,0.00,0.000,0.000,2
358663,-0.050,0.030,1.002,-0.122,0.305,0.183,-62.036,267.620,161.876,0.9926,0.0096,-0.0262,-0.1185,0.03,0.00,0.036,3.2,96038.1,0.00,0.000,0.000,2
358863,-0.045,0.029,1.005,-0.122,0.305,0.183,-62.036,267.620,161.876,0.9928,0.0099,-0.0260,-0.1166,0.03,0.00,0.062,3.2,96038.8,0.00,0.000,0.000,2
359063,-0.046,0.031,1.002,-0.122,0.305,0.244,-62.036,267.620,161.876,0.9930,0.0104,-0.0259,-0.1150,0.03,0.00,0.039,3.2,96036.0,0.00,0.000,0.000,2
359263,-0.048,0.031,1.003,-0.122,0.305,0.122,-62.036,267.620,161.876,0.9931,0.0108,-0.0259,-0.1136,0.03,0.00,0.045,3.2,96034.6,0.00,0.000,0.000,2
359463,-0.050,0.031,1.003,-0.244,0.244,0.183,-62.036,267.620,161.876,0.9933,0.0113,-0.0259,-0.1124,0.03,0.00,0.050,3.2,96036.7,0.00,0.000,0.000,2
359663,-0.049,0.033,1.002,-0.122,0.305,0.244,-62.036,267.620,161.876,0.9934,0.0115,-0.0257,-0.1115,0.03,0.00,0.036,3.2,96036.0,0.00,0.000,0.000,2
359863,-0.048,0.028,1.002,-0.061,0.244,0.244,-62.036,267.620,161.876,0.9934,0.0117,-0.0258,-0.1108,0.03,0.00,0.039,3.2,96038.1,0.00,0.000,0.000,2
360063,-0.046,0.033,1.003,-0.061,0.305,0.244,-60.264,263.544,119.277,0.9935,0.0118,-0.0258,-0.1102,0.03,0.00,0.049,3.3,96033.1,0.00,0.000,0.000,2
360263,-0.048,0.031,1.001,-0.122,0.244,0.244,-60.264,263.544,119.277,0.9936,0.0120,-0.0256,-0.1098,0.03,0.00,0.030,3.2,96035.4,0.00,0.000,0.000,2
360463,-0.048,0.029,1.001,-0.061,0.305,0.122,-60.264,263.544,119.277,0.9936,0.0121,-0.0254,-0.1095,0.03,0.00,0.030,3.2,96034.6,0.00,0.000,0.000,2
360663,-0.048,0.033,1.003,-0.183,0.305,0.244,-60.264,263.544,119.277,0.9936,0.0120,-0.0255,-0.1092,0.03,0.00,0.045,3.2,96036.0,0.00,0.000,0.000,2
360863,-0.049,0.029,1.001,-0.183,0.183,0.244,-60.264,263.544,119.277,0.9936,0.0122,-0.0257,-0.1090,0.03,0.00,0.030,3.3,96038.0,0.00,0.000,0.000,2
361063,-0.046,0.031,0.997,-0.061,0.183,0.183,-60.264,263.544,119.277,0.9936,0.0124,-0.0256,-0.1089,0.03,-0.00,-0.014,3.3,96036.7,0.00,0.000,0.000,2
361263,-0.047,0.030,1.003,-0.122,0.305,0.305,-60.264,263.544,119.277,0.9937,0.0122,-0.0255,-0.1088,0.03,0.00,0.049,3.2,96033.9,0.00,0.000,0.000,2
361463,-0.046,0.031,1.001,-0.122,0.244,0.305,-60.264,263.544,119.277,0.9937,0.0123,-0.0254,-0.1088,0.03,0.00,0.025,3.2,96036.0,0.00,0.000,0.000,2
361663,-0.047,0.032,1.001,-0.122,0.183,0.183,-60.264,263.544,119.277,0.9937,0.0122,-0.0257,-0.1087,0.03,0.00,0.030,3.3,96038.7,0.00,0.000,0.000,2
361863,-0.046,0.031,1.001,-0.061,0.244,0.183,-60.264,263.544,119.277,0.9937,0.0123,-0.0254,-0.1087,0.03,0.00,0.025,3.2,96034.6,0.00,0.000,0.000,2
362063,-0.049,0.028,1.000,-0.122,0.244,0.183,-60.264,263.544,119.277,0.9937,0.0120,-0.0255,-0.1086,0.03,0.00,0.011,3.2,96033.2,0.00,0.000,0.000,2
362263,-0.045,0.031,1.003,-0.061,0.305,0.122,-63.809,277.129,147.676,0.9937,0.0122,-0.0253,-0.1086,0.03,0.00,0.048,3.2,96037.4,0.00,0.000,0.000,2
362463,-0.046,0.032,1.004,-0.183,0.305,0.122,-63.809,277.129,147.676,0.9937,0.0123,-0.0254,-0.1086,0.03,0.00,0.054,3.2,96033.8,0.00,0.000,0.000,2
362663,-0.045,0.031,1.005,-0.122,0.305,0.305,-63.809,277.129,147.676,0.9937,0.0123,-0.0252,-0.1087,0.03,0.00,0.067,3.2,96033.9,0.00,0.000,0.000,2
362863,-0.045,0.030,1.004,-0.122,0.244,0.305,-63.809,277.129,147.676,0.9937,0.0122,-0.0254,-0.1088,0.03,0.00,0.053,3.2,96033.7,0.00,0.000,0.000,2
363063,-0.048,0.035,1.005,-0.183,0.244,0.122,-63.809,277.129,147.676,0.9937,0.0124,-0.0254,-0.1088,0.03,0.00,0.070,3.2,96037.4,0.00,0.000,0.000,2
363263,-0.048,0.029,1.002,0.000,0.366,0.183,-63.809,277.129,147.676,0.9937,0.0123,-0.0255,-0.1087,0.03,0.00,0.035,3.2,96036.7,0.00,0.000,0.000,2
363463,-0.047,0.032,1.002,-0.122,0.305,0.183,-63.809,277.129,147.676,0.9937,0.0124,-0.0255,-0.1086,0.03,0.00,0.040,3.2,96036.7,0.00,0.000,0.000,2
363663,-0.049,0.029,1.000,0.000,0.244,0.244,-63.809,277.129,147.676,0.9937,0.0122,-0.0256,-0.1087,0.03,0.00,0.021,3.3,96036.7,0.00,0.000,0.000,2
363863,-0.049,0.030,1.002,-0.122,0.183,0.183,-63.809,277.129,147.676,0.9937,0.0122,-0.0256,-0.1087,0.02,0.00,0.035,3.3,96040.8,0.00,0.000,0.000,2
364063,-0.046,0.033,0.998,-0.061,0.244,0.183,-63.809,277.129,147.676,0.9937,0.0124,-0.0255,-0.1087,0.02,0.00,-0.003,3.3,96038.0,0.00,0.000,0.000,2
364263,-0.048,0.032,1.004,-0.061,0.305,0.244,-63.809,277.129,147.676,0.9937,0.0124,-0.0254,-0.1087,0.02,0.00,0.055,3.2,96036.1,0.00,0.000,0.000,2
364463,-0.047,0.031,0.999,-0.122,0.305,0.183,-62.036,259.469,161.876,0.9936,0.0128,-0.0255,-0.1096,0.02,0.00,0.001,3.3,96037.4,0.00,0.000,0.000,2
364663,-0.046,0.029,1.003,-0.122,0.366,0.244,-62.036,259.469,161.876,0.9935,0.0126,-0.0253,-0.1103,0.02,0.00,0.043,3.2,96030.3,0.00,0.000,0.000,2
364863,-0.047,0.030,1.004,0.000,0.244,0.183,-62.036,259.469,161.876,0.9934,0.0126,-0.0254,-0.1109,0.02,0.00,0.058,3.2,96032.4,0.00,0.000,0.000,2
365063,-0.048,0.030,1.001,-0.061,0.122,0.183,-62.036,259.469,161.876,0.9934,0.0123,-0.0252,-0.1112,0.02,0.00,0.030,3.2,96036.0,0.00,0.000,0.000,2
365263,-0.046,0.030,1.003,-0.061,0.183,0.244,-62.036,259.469,161.876,0.9934,0.0124,-0.0253,-0.1115,0.02,0.00,0.044,3.2,96034.6,0.00,0.000,0.000,2
365463,-0.047,0.029,1.003,0.000,0.305,0.244,-62.036,259.469,161.876,0.9933,0.0121,-0.0253,-0.1117,0.02,0.00,0.048,3.2,96037.3,0.00,0.000,0.000,2
365663,-0.047,0.032,0.998,-0.122,0.305,0.183,-62.036,259.469,161.876,0.9933,0.0123,-0.0251,-0.1119,0.02,-0.00,-0.003,3.2,96039.6,0.00,0.000,0.000,2
365863,-0.045,0.031,1.003,-0.183,0.244,0.244,-62.036,259.469,161.876,0.9933,0.0126,-0.0253,-0.1119,0.02,0.00,0.043,3.2,96034.0,0.00,0.000,0.000,2
366063,-0.047,0.030,1.001,0.000,0.244,0.305,-62.036,262.186,156.196,0.9933,0.0119,-0.0253,-0.1117,0.02,0.00,0.025,3.2,96036.0,0.00,0.000,0.000,2
366263,-0.047,0.029,1.002,-0.122,0.244,0.244,-62.036,262.186,156.196,0.9934,0.0119,-0.0255,-0.1116,0.02,0.00,0.034,3.2,96038.8,0.00,0.000,0.000,2
366463,-0.047,0.031,0.998,-0.244,0.244,0.122,-42.539,258.111,170.395,0.9934,0.0113,-0.0255,-0.1109,0.02,-0.00,-0.004,3.2,96038.2,0.00,0.000,0.000,2
366663,-0.044,0.032,1.002,0.000,0.244,0.183,-42.539,258.111,170.395,0.9937,0.0098,-0.0258,-0.1086,0.02,0.00,0.033,3.2,96038.8,0.00,0.000,0.000,2
366863,-0.048,0.031,1.000,0.000,0.366,0.244,-42.539,258.111,170.395,0.9940,0.0087,-0.0261,-0.1062,0.02,0.00,0.011,3.2,96038.2,0.00,0.000,0.000,2
367063,-0.047,0.029,1.003,-0.122,0.244,0.183,-42.539,258.111,170.395,0.9942,0.0078,-0.0263,-0.1037,0.02,0.00,0.043,3.2,96035.3,0.00,0.000,0.000,2
367263,-0.047,0.029,1.002,-0.061,0.305,0.183,-42.539,258.111,170.395,0.9945,0.0075,-0.0264,-0.1010,0.02,0.00,0.038,3.1,96032.5,0.00,0.000,0.000,2
367463,-0.048,0.031,1.003,-0.061,0.305,0.244,-42.539,258.111,170.395,0.9948,0.0074,-0.0264,-0.0985,0.02,0.00,0.049,3.1,96040.9,0.00,0.000,0.000,2
367663,-0.046,0.029,1.005,-0.122,0.244,0.183,-42.539,258.111,170.395,0.9950,0.0076,-0.0262,-0.0960,0.02,0.00,0.067,3.1,96036.7,0.00,0.000,0.000,2
367863,-0.044,0.031,1.003,0.000,0.305,0.183,-42.539,258.111,170.395,0.9952,0.0079,-0.0260,-0.0936,0.02,0.00,0.042,3.1,96033.9,0.00,0.000,0.000,2
368063,-0.046,0.032,1.003,-0.122,0.366,0.244,-42.539,258.111,170.395,0.9955,0.0085,-0.0261,-0.0912,0.02,0.00,0.044,3.1,96036.1,0.00,0.000,0.000,2
368263,-0.047,0.030,1.005,-0.061,0.244,0.183,-42.539,258.111,170.395,0.9957,0.0091,-0.0258,-0.0889,0.02,0.00,0.067,3.1,96034.6,0.00,0.000,0.000,2
368463,-0.049,0.032,1.003,-0.183,0.366,0.244,-42.539,258.111,170.395,0.9959,0.0097,-0.0259,-0.0866,0.02,0.00,0.050,3.2,96036.0,0.00,0.000,0.000,2
368663,-0.047,0.031,1.001,-0.061,0.183,0.305,-44.311,278.488,156.196,0.9960,0.0102,-0.0256,-0.0852,0.02,0.00,0.030,3.2,96041.7,0.00,0.000,0.000,2
368863,-0.047,0.032,0.999,-0.061,0.244,0.183,-44.311,278.488,156.196,0.9962,0.0106,-0.0255,-0.0828,0.02,0.00,0.001,3.2,96038.2,0.00,0.000,0.000,2
369063,-0.048,0.030,1.000,-0.061,0.183,0.183,-44.311,278.488,156.196,0.9964,0.0109,-0.0253,-0.0805,0.02,0.00,0.020,3.2,96037.5,0.00,0.000,0.000,2
369263,-0.047,0.032,1.006,-0.061,0.244,0.305,-44.311,278.488,156.196,0.9965,0.0117,-0.0253,-0.0785,0.02,0.00,0.073,3.2,96036.0,0.00,0.000,0.000,2
369463,-0.049,0.031,1.000,-0.122,0.244,0.183,-44.311,278.488,156.196,0.9967,0.0120,-0.0251,-0.0768,0.02,0.00,0.012,3.2,96036.7,0.00,0.000,0.000,2
369663,-0.049,0.031,1.002,-0.061,0.366,0.183,-44.311,278.488,156.196,0.9968,0.0125,-0.0251,-0.0753,0.02,0.00,0.036,3.2,96038.2,0.00,0.000,0.000,2
369863,-0.048,0.031,1.001,-0.061,0.305,0.244,-44.311,278.488,156.196,0.9968,0.0131,-0.0251,-0.0742,0.02,0.00,0.030,3.2,96033.9,0.00,0.000,0.000,2
370063,-0.048,0.030,1.001,-0.122,0.183,0.183,-44.311,278.488,156.196,0.9969,0.0131,-0.0249,-0.0734,0.02,0.00,0.030,3.2,96032.6,0.00,0.000,0.000,2
370263,-0.047,0.029,1.003,-0.183,0.244,0.305,-44.311,278.488,156.196,0.9969,0.0130,-0.0250,-0.0731,0.02,0.00,0.044,3.2,96038.9,0.00,0.000,0.000,2
370463,-0.046,0.031,1.001,-0.122,0.244,0.183,-44.311,278.488,156.196,0.9969,0.0132,-0.0247,-0.0729,0.02,0.00,0.025,3.2,96037.4,0.00,0.000,0.000,2
370663,-0.047,0.031,1.001,-0.061,0.305,0.244,-44.311,278.488,156.196,0.9970,0.0134,-0.0244,-0.0728,0.02,0.00,0.025,3.2,96038.3,0.00,0.000,0.000,2
370863,-0.044,0.031,1.004,0.000,0.305,0.122,-62.036,262.186,156.196,0.9967,0.0146,-0.0248,-0.0753,0.02,0.00,0.057,3.3,96036.0,0.00,0.000,0.000,2
371063,-0.047,0.030,1.002,-0.183,0.305,0.244,-62.036,262.186,156.196,0.9965,0.0156,-0.0250,-0.0784,0.02,0.00,0.034,3.4,96038.2,0.00,0.000,0.000,2
371263,-0.049,0.033,1.002,-0.183,0.366,0.183,-62.036,262.186,156.196,0.9962,0.0164,-0.0253,-0.0815,0.02,0.00,0.036,3.5,96036.7,0.00,0.000,0.000,2
371463,-0.048,0.031,1.001,-0.183,0.366,0.183,-62.036,262.186,156.196,0.9959,0.0168,-0.0254,-0.0846,0.02,0.00,0.030,3.5,96034.6,0.00,0.000,0.000,2
371663,-0.048,0.032,1.000,-0.122,0.244,0.305,-62.036,262.186,156.196,0.9957,0.0170,-0.0253,-0.0877,0.02,0.00,0.021,3.5,96038.2,0.00,0.000,0.000,2
371863,-0.046,0.032,1.003,-0.061,0.244,0.244,-62.036,262.186,156.196,0.9954,0.0171,-0.0254,-0.0908,0.02,0.00,0.044,3.5,96031.8,0.00,0.000,0.000,2
372063,-0.047,0.028,1.000,-0.061,0.366,0.183,-62.036,262.186,156.196,0.9951,0.0166,-0.0254,-0.0938,0.02,0.00,0.019,3.5,96036.1,0.00,0.000,0.000,2
372263,-0.047,0.031,1.002,-0.183,0.427,0.244,-62.036,262.186,156.196,0.9949,0.0161,-0.0253,-0.0966,0.02,0.00,0.039,3.4,96033.4,0.00,0.000,0.000,2
372463,-0.047,0.031,0.999,-0.061,0.366,0.183,-62.036,262.186,156.196,0.9946,0.0156,-0.0253,-0.0992,0.02,0.00,0.001,3.4,96038.2,0.00,0.000,0.000,2
372663,-0.047,0.031,1.003,-0.061,0.122,0.183,-62.036,262.186,156.196,0.9944,0.0150,-0.0253,-0.1017,0.02,0.00,0.049,3.4,96034.0,0.00,0.000,0.000,2
372863,-0.046,0.032,1.006,-0.061,0.305,0.305,-62.036,262.186,156.196,0.9942,0.0144,-0.0254,-0.1039,0.02,0.00,0.073,3.3,96039.1,0.00,0.000,0.000,2
373063,-0.046,0.030,1.000,-0.061,0.305,0.305,-69.126,262.186,161.876,0.9939,0.0147,-0.0254,-0.1062,0.02,0.00,0.020,3.4,96037.6,0.00,0.000,0.000,2
373263,-0.046,0.031,1.000,-0.122,0.305,0.244,-69.126,262.186,161.876,0.9936,0.0149,-0.0256,-0.1090,0.02,0.00,0.020,3.4,96039.7,0.00,0.000,0.000,2
373463,-0.047,0.032,1.001,-0.061,0.305,0.183,-69.126,262.186,161.876,0.9933,0.0149,-0.0255,-0.1116,0.02,0.00,0.030,3.4,96038.5,0.00,0.000,0.000,2
373663,-0.048,0.032,1.003,-0.061,0.366,0.183,-69.126,262.186,161.876,0.9931,0.0147,-0.0255,-0.1139,0.02,0.00,0.050,3.4,96036.1,0.00,0.000,0.000,2
373863,-0.048,0.029,1.004,-0.122,0.366,0.183,-69.126,262.186,161.876,0.9928,0.0141,-0.0254,-0.1159,0.02,0.00,0.058,3.3,96031.3,0.00,0.000,0.000,2
374063,-0.048,0.030,0.997,-0.122,0.305,0.244,-69.126,262.186,161.876,0.9926,0.0136,-0.0254,-0.1177,0.02,-0.00,-0.013,3.3,96034.1,0.00,0.000,0.000,2
374263,-0.047,0.031,1.002,-0.183,0.305,0.244,-69.126,262.186,161.876,0.9924,0.0134,-0.0256,-0.1192,0.02,0.00,0.035,3.3,96039.0,0.00,0.000,0.000,2
374463,-0.049,0.032,1.004,0.000,0.244,0.122,-69.126,262.186,161.876,0.9923,0.0131,-0.0257,-0.1204,0.02,0.00,0.055,3.3,96039.0,0.00,0.000,0.000,2
374663,-0.048,0.030,1.004,-0.122,0.305,0.183,-69.126,262.186,161.876,0.9922,0.0127,-0.0256,-0.1212,0.02,0.00,0.054,3.3,96037.6,0.00,0.000,0.000,2
374863,-0.047,0.031,1.000,-0.061,0.122,0.183,-69.126,262.186,161.876,0.9921,0.0126,-0.0256,-0.1220,0.02,0.00,0.016,3.3,96036.3,0.00,0.000,0.000,2
375063,-0.047,0.032,1.001,-0.061,0.305,0.122,-69.126,262.186,161.876,0.9921,0.0126,-0.0257,-0.1225,0.02,0.00,0.030,3.3,96033.5,0.00,0.000,0.000,2
375263,-0.046,0.031,1.003,-0.061,0.244,0.244,-62.036,264.903,178.915,0.9922,0.0113,-0.0259,-0.1211,0.02,0.00,0.044,3.2,96038.3,0.00,0.000,0.000,2
375463,-0.046,0.031,1.002,-0.122,0.366,0.244,-62.036,264.903,178.915,0.9925,0.0104,-0.0259,-0.1190,0.02,0.00,0.034,3.2,96038.5,0.00,0.000,0.000,2
375663,-0.047,0.032,1.001,-0.122,0.244,0.305,-62.036,264.903,178.915,0.9927,0.0104,-0.0259,-0.1171,0.02,0.00,0.025,3.2,96037.7,0.00,0.000,0.000,2
375863,-0.046,0.030,1.002,-0.061,0.366,0.183,-62.036,264.903,178.915,0.9929,0.0106,-0.0258,-0.1154,0.02,0.00,0.039,3.2,96039.9,0.00,0.000,0.000,2
376063,-0.047,0.031,1.000,-0.061,0.244,0.183,-62.036,264.903,178.915,0.9931,0.0110,-0.0257,-0.1141,0.02,0.00,0.011,3.2,96037.8,0.00,0.000,0.000,2
376263,-0.048,0.031,1.003,-0.122,0.183,0.183,-62.036,264.903,178.915,0.9932,0.0112,-0.0258,-0.1129,0.02,0.00,0.049,3.2,96039.0,0.00,0.000,0.000,2
376463,-0.049,0.033,1.002,-0.061,0.305,0.122,-62.036,264.903,178.915,0.9933,0.0115,-0.0258,-0.1121,0.02,0.00,0.041,3.2,96036.2,0.00,0.000,0.000,2
376663,-0.046,0.030,1.002,0.000,0.183,0.244,-62.036,264.903,178.915,0.9934,0.0117,-0.0257,-0.1114,0.02,0.00,0.039,3.2,96034.8,0.00,0.000,0.000,2
376863,-0.049,0.031,1.003,-0.122,0.305,0.305,-62.036,264.903,178.915,0.9934,0.0116,-0.0258,-0.1109,0.02,0.00,0.045,3.2,96038.4,0.00,0.000,0.000,2
377063,-0.047,0.032,1.001,-0.122,0.305,0.183,-62.036,264.903,178.915,0.9935,0.0120,-0.0252,-0.1106,0.02,0.00,0.030,3.2,96039.9,0.00,0.000,0.000,2
377263,-0.047,0.030,1.000,-0.122,0.305,0.183,-62.036,264.903,178.915,0.9935,0.0120,-0.0256,-0.1102,0.02,0.00,0.011,3.2,96035.5,0.00,0.000,0.000,2
377463,-0.046,0.030,1.002,-0.061,0.244,0.244,-72.671,264.903,150.516,0.9934,0.0121,-0.0255,-0.1108,0.02,0.00,0.039,3.2,96034.3,0.00,0.000,0.000,2
377663,-0.047,0.031,1.003,-0.183,0.244,0.183,-72.671,264.903,150.516,0.9931,0.0132,-0.0257,-0.1134,0.02,0.00,0.049,3.3,96041.2,0.00,0.000,0.000,2
377863,-0.047,0.031,1.002,-0.183,0.244,0.244,-72.671,264.903,150.516,0.9928,0.0138,-0.0258,-0.1160,0.02,0.00,0.035,3.4,96035.7,0.00,0.000,0.000,2
378063,-0.047,0.029,1.002,-0.122,0.183,0.244,-72.671,264.903,150.516,0.9925,0.0140,-0.0256,-0.1184,0.02,0.00,0.034,3.3,96038.5,0.00,0.000,0.000,2
378263,-0.046,0.029,1.003,-0.122,0.122,0.244,-72.671,264.903,150.516,0.9923,0.0140,-0.0256,-0.1206,0.02,0.00,0.048,3.3,96034.1,0.00,0.000,0.000,2
378463,-0.048,0.031,1.005,0.000,0.305,0.183,-72.671,264.903,150.516,0.9920,0.0138,-0.0257,-0.1225,0.02,0.00,0.064,3.3,96035.0,0.00,0.000,0.000,2
378663,-0.049,0.033,1.000,-0.122,0.183,0.244,-72.671,264.903,150.516,0.9919,0.0133,-0.0259,-0.1240,0.02,0.00,0.017,3.3,96035.7,0.00,0.000,0.000,2
378863,-0.047,0.032,1.002,-0.061,0.244,0.244,-72.671,264.903,150.516,0.9917,0.0131,-0.0259,-0.1253,0.02,0.00,0.040,3.3,96034.3,0.00,0.000,0.000,2
379063,-0.047,0.030,1.006,-0.183,0.244,0.244,-72.671,264.903,150.516,0.9916,0.0126,-0.0257,-0.1263,0.02,0.00,0.077,3.3,96032.9,0.00,0.000,0.000,2
379283,-0.049,0.029,1.001,-0.122,0.305,0.183,-65.581,273.054,178.915,0.9916,0.0118,-0.0255,-0.1265,0.02,0.00,0.025,3.2,96039.2,0.00,0.000,0.000,2
379463,-0.048,0.032,1.001,-0.183,0.305,0.244,-58.491,273.054,144.836,0.9919,0.0104,-0.0259,-0.1243,0.02,0.00,0.026,3.2,96037.9,0.00,0.000,0.000,2
379663,-0.046,0.029,0.998,-0.122,0.305,0.183,-69.126,264.903,161.876,0.9920,0.0103,-0.0261,-0.1231,0.03,-0.00,-0.005,3.2,96034.3,0.00,0.000,0.000,2
379863,-0.046,0.031,1.002,-0.122,0.244,0.244,-69.126,264.903,161.876,0.9920,0.0113,-0.0261,-0.1233,0.03,0.00,0.034,3.3,96037.1,0.00,0.000,0.000,2
380063,-0.049,0.029,1.002,-0.122,0.183,0.183,-69.126,264.903,161.876,0.9920,0.0115,-0.0259,-0.1233,0.02,0.00,0.035,3.2,96037.9,0.00,0.000,0.000,2
380263,-0.047,0.033,1.004,-0.061,0.305,0.244,-69.126,264.903,161.876,0.9920,0.0119,-0.0260,-0.1233,0.02,0.00,0.054,3.3,96032.2,0.00,0.000,0.000,2
380463,-0.049,0.030,1.002,-0.061,0.183,0.244,-69.126,264.903,161.876,0.9920,0.0117,-0.0260,-0.1232,0.02,0.00,0.040,3.3,96035.1,0.00,0.000,0.000,2
380663,-0.048,0.033,1.001,-0.122,0.305,0.244,-69.126,264.903,161.876,0.9920,0.0118,-0.0258,-0.1232,0.03,0.00,0.031,3.3,96030.9,0.00,0.000,0.000,2
380863,-0.047,0.030,1.005,0.000,0.183,0.305,-69.126,264.903,161.876,0.9920,0.0118,-0.0257,-0.1232,0.03,0.00,0.063,3.2,96035.0,0.00,0.000,0.000,2
381063,-0.047,0.031,1.001,-0.061,0.305,0.122,-69.126,264.903,161.876,0.9920,0.0119,-0.0257,-0.1232,0.03,0.00,0.025,3.2,96038.0,0.00,0.000,0.000,2
381263,-0.045,0.031,1.003,-0.061,0.183,0.183,-69.126,264.903,161.876,0.9920,0.0117,-0.0257,-0.1232,0.03,0.00,0.043,3.2,96035.8,0.00,0.000,0.000,2
381463,-0.046,0.030,1.003,-0.061,0.244,0.183,-54.946,267.620,144.836,0.9922,0.0107,-0.0258,-0.1214,0.03,0.00,0.043,3.2,96035.8,0.00,0.000,0.000,2
381663,-0.046,0.030,1.000,-0.061,0.305,0.244,-54.946,267.620,144.836,0.9925,0.0096,-0.0261,-0.1190,0.03,0.00,0.015,3.2,96035.8,0.00,0.000,0.000,2
381863,-0.047,0.030,0.999,-0.061,0.244,0.305,-53.174,268.978,181.755,0.9928,0.0086,-0.0264,-0.1164,0.03,0.00,0.001,3.2,96035.2,0.00,0.000,0.000,2
382063,-0.047,0.031,1.005,-0.061,0.305,0.305,-53.174,268.978,181.755,0.9931,0.0080,-0.0265,-0.1139,0.03,0.00,0.068,3.2,96035.8,0.00,0.000,0.000,2
382263,-0.047,0.030,1.002,-0.122,0.244,0.244,-53.174,268.978,181.755,0.9934,0.0079,-0.0265,-0.1114,0.03,0.00,0.039,3.2,96036.6,0.00,0.000,0.000,2
382463,-0.047,0.031,0.999,-0.061,0.183,0.244,-53.174,268.978,181.755,0.9937,0.0081,-0.0265,-0.1089,0.03,0.00,0.001,3.2,96033.6,0.00,0.000,0.000,2
382663,-0.046,0.031,1.003,-0.061,0.305,0.183,-53.174,268.978,181.755,0.9939,0.0087,-0.0263,-0.1065,0.03,0.00,0.048,3.2,96035.8,0.00,0.000,0.000,2
382863,-0.047,0.031,1.000,-0.061,0.183,0.366,-53.174,268.978,181.755,0.9942,0.0091,-0.0261,-0.1042,0.03,0.00,0.020,3.2,96036.4,0.00,0.000,0.000,2
383063,-0.047,0.030,1.004,-0.061,0.244,0.244,-53.174,268.978,181.755,0.9944,0.0096,-0.0258,-0.1020,0.02,0.00,0.053,3.2,96042.2,0.00,0.000,0.000,2
383263,-0.049,0.030,1.000,-0.122,0.244,0.183,-53.174,268.978,181.755,0.9946,0.0103,-0.0259,-0.0999,0.02,0.00,0.016,3.2,96040.1,0.00,0.000,0.000,2
383463,-0.048,0.032,1.002,-0.183,0.366,0.183,-53.174,268.978,181.755,0.9948,0.0109,-0.0258,-0.0980,0.02,0.00,0.040,3.2,96035.0,0.00,0.000,0.000,2
383663,-0.046,0.031,1.005,-0.122,0.244,0.183,-53.174,268.978,181.755,0.9950,0.0113,-0.0256,-0.0962,0.02,0.00,0.063,3.2,96035.8,0.00,0.000,0.000,2
383863,-0.046,0.031,1.002,-0.122,0.305,0.183,-53.174,268.978,181.755,0.9951,0.0116,-0.0253,-0.0948,0.02,0.00,0.039,3.2,96031.5,0.00,0.000,0.000,2
384063,-0.046,0.030,1.001,-0.122,0.305,0.183,-56.719,268.978,153.356,0.9951,0.0125,-0.0253,-0.0951,0.02,0.00,0.029,3.2,96032.2,0.00,0.000,0.000,2
384263,-0.045,0.032,1.001,-0.122,0.244,0.122,-56.719,268.978,153.356,0.9949,0.0129,-0.0251,-0.0963,0.02,0.00,0.025,3.2,96033.0,0.00,0.000,0.000,2
384463,-0.048,0.031,1.002,-0.061,0.244,0.183,-56.719,268.978,153.356,0.9949,0.0130,-0.0253,-0.0971,0.03,0.00,0.035,3.3,96035.8,0.00,0.000,0.000,2
384663,-0.047,0.031,1.000,-0.122,0.305,0.305,-56.719,268.978,153.356,0.9948,0.0129,-0.0254,-0.0976,0.03,0.00,0.020,3.3,96039.2,0.00,0.000,0.000,2
384863,-0.046,0.030,1.003,-0.122,0.244,0.183,-56.719,268.978,153.356,0.9948,0.0128,-0.0252,-0.0979,0.03,0.00,0.043,3.2,96033.1,0.00,0.000,0.000,2
385063,-0.047,0.030,1.003,-0.122,0.244,0.244,-56.719,268.978,153.356,0.9948,0.0125,-0.0252,-0.0982,0.03,0.00,0.044,3.2,96036.5,0.00,0.000,0.000,2
385263,-0.047,0.030,1.003,-0.061,0.183,0.244,-56.719,268.978,153.356,0.9947,0.0126,-0.0253,-0.0984,0.03,0.00,0.049,3.2,96033.8,0.00,0.000,0.000,2
385463,-0.048,0.031,1.002,-0.122,0.244,0.122,-56.719,268.978,153.356,0.9947,0.0125,-0.0252,-0.0985,0.03,0.00,0.040,3.2,96037.8,0.00,0.000,0.000,2
385663,-0.048,0.031,1.002,0.000,0.122,0.244,-56.719,268.978,153.356,0.9947,0.0123,-0.0251,-0.0986,0.02,0.00,0.040,3.2,96039.9,0.00,0.000,0.000,2
385863,-0.046,0.031,1.002,-0.122,0.305,0.183,-56.719,268.978,153.356,0.9947,0.0126,-0.0252,-0.0986,0.02,0.00,0.034,3.2,96036.5,0.00,0.000,0.000,2
386063,-0.049,0.030,1.000,-0.061,0.305,0.183,-56.719,268.978,153.356,0.9947,0.0124,-0.0256,-0.0986,0.02,0.00,0.016,3.3,96035.8,0.00,0.000,0.000,2
386263,-0.047,0.030,1.003,-0.122,0.305,0.183,-56.719,268.978,153.356,0.9947,0.0124,-0.0256,-0.0987,0.02,0.00,0.049,3.3,96035.1,0.00,0.000,0.000,2
386463,-0.047,0.032,1.002,-0.061,0.305,0.244,-56.719,268.978,153.356,0.9947,0.0130,-0.0256,-0.0987,0.02,0.00,0.035,3.3,96037.2,0.00,0.000,0.000,2
386663,-0.047,0.030,1.002,0.000,0.244,0.122,-56.719,268.978,153.356,0.9947,0.0127,-0.0254,-0.0986,0.02,0.00,0.039,3.3,96035.8,0.00,0.000,0.000,2
386863,-0.049,0.030,1.002,-0.061,0.305,0.305,-56.719,268.978,153.356,0.9947,0.0126,-0.0256,-0.0986,0.02,0.00,0.040,3.3,96037.4,0.00,0.000,0.000,2
387063,-0.044,0.031,1.001,0.000,0.305,0.305,-56.719,268.978,153.356,0.9947,0.0126,-0.0251,-0.0987,0.02,0.00,0.028,3.2,96034.5,0.00,0.000,0.000,2
387263,-0.046,0.028,1.001,-0.061,0.183,0.183,-56.719,268.978,153.356,0.9947,0.0124,-0.0254,-0.0987,0.02,0.00,0.029,3.2,96036.6,0.00,0.000,0.000,2
387463,-0.048,0.030,1.005,0.000,0.183,0.305,-56.719,268.978,153.356,0.9947,0.0125,-0.0254,-0.0987,0.02,0.00,0.069,3.2,96032.3,0.00,0.000,0.000,2
387663,-0.046,0.030,1.006,-0.061,0.305,0.122,-56.719,268.978,153.356,0.9947,0.0124,-0.0252,-0.0987,0.02,0.00,0.072,3.2,96036.6,0.00,0.000,0.000,2
387863,-0.046,0.032,1.004,-0.122,0.244,0.244,-56.719,268.978,153.356,0.9947,0.0126,-0.0252,-0.0987,0.02,0.00,0.054,3.2,96032.3,0.00,0.000,0.000,2
388063,-0.048,0.031,1.003,-0.061,0.305,0.305,-56.719,268.978,153.356,0.9947,0.0123,-0.0253,-0.0988,0.02,0.00,0.050,3.2,96033.6,0.00,0.000,0.000,2
388263,-0.050,0.030,1.000,-0.122,0.244,0.183,-56.719,268.978,153.356,0.9947,0.0124,-0.0255,-0.0988,0.02,0.00,0.017,3.2,96035.2,0.00,0.000,0.000,2
388463,-0.048,0.030,1.006,-0.061,0.244,0.244,-77.988,263.544,164.716,0.9946,0.0132,-0.0253,-0.1002,0.02,0.00,0.073,3.3,96032.4,0.00,0.000,0.000,2
388663,-0.047,0.030,1.000,-0.122,0.305,0.244,-77.988,263.544,164.716,0.9942,0.0145,-0.0255,-0.1030,0.03,0.00,0.015,3.4,96035.9,0.00,0.000,0.000,2
388863,-0.044,0.031,1.001,-0.061,0.183,0.244,-77.988,263.544,164.716,0.9939,0.0154,-0.0255,-0.1060,0.03,0.00,0.029,3.4,96037.2,0.00,0.000,0.000,2
389063,-0.048,0.030,1.004,0.000,0.244,0.183,-77.988,263.544,164.716,0.9936,0.0161,-0.0257,-0.1089,0.03,0.00,0.054,3.5,96033.1,0.00,0.000,0.000,2
389263,-0.047,0.032,1.003,0.000,0.244,0.183,-77.988,263.544,164.716,0.9932,0.0165,-0.0257,-0.1119,0.03,0.00,0.044,3.5,96035.9,0.00,0.000,0.000,2
389463,-0.046,0.030,1.001,-0.122,0.244,0.244,-77.988,263.544,164.716,0.9929,0.0166,-0.0257,-0.1149,0.03,0.00,0.029,3.5,96036.6,0.00,0.000,0.000,2
389663,-0.046,0.030,1.003,0.000,0.244,0.244,-77.988,263.544,164.716,0.9926,0.0165,-0.0256,-0.1177,0.03,0.00,0.043,3.5,96032.2,0.00,0.000,0.000,2
389863,-0.049,0.031,1.005,-0.122,0.305,0.244,-77.988,263.544,164.716,0.9922,0.0162,-0.0257,-0.1205,0.03,0.00,0.064,3.5,96037.4,0.00,0.000,0.000,2
390063,-0.048,0.030,1.003,-0.122,0.244,0.244,-77.988,263.544,164.716,0.9919,0.0157,-0.0258,-0.1231,0.03,0.00,0.044,3.5,96035.9,0.00,0.000,0.000,2
390263,-0.049,0.033,1.001,-0.061,0.305,0.183,-77.988,263.544,164.716,0.9916,0.0153,-0.0259,-0.1256,0.03,0.00,0.027,3.4,96037.3,0.00,0.000,0.000,2
390463,-0.046,0.030,1.004,-0.061,0.366,0.244,-77.988,263.544,164.716,0.9914,0.0147,-0.0259,-0.1278,0.03,0.00,0.053,3.4,96033.8,0.00,0.000,0.000,2
390663,-0.049,0.028,1.002,-0.122,0.244,0.244,-67.353,268.978,159.036,0.9913,0.0135,-0.0260,-0.1280,0.03,0.00,0.035,3.4,96032.4,0.00,0.000,0.000,2
390863,-0.046,0.030,1.002,-0.061,0.244,0.244,-67.353,268.978,159.036,0.9916,0.0117,-0.0262,-0.1262,0.03,0.00,0.039,3.3,96032.5,0.00,0.000,0.000,2
391063,-0.046,0.030,1.004,0.000,0.183,0.244,-67.353,268.978,159.036,0.9918,0.0109,-0.0263,-0.1245,0.03,0.00,0.058,3.3,96032.4,0.00,0.000,0.000,2
391263,-0.047,0.031,1.001,-0.122,0.122,0.183,-67.353,268.978,159.036,0.9920,0.0108,-0.0261,-0.1229,0.03,0.00,0.030,3.2,96034.0,0.00,0.000,0.000,2
391463,-0.048,0.031,0.999,0.000,0.244,0.244,-67.353,268.978,159.036,0.9922,0.0110,-0.0258,-0.1218,0.03,0.00,0.006,3.2,96037.4,0.00,0.000,0.000,2
391663,-0.048,0.030,1.002,-0.061,0.244,0.122,-67.353,268.978,159.036,0.9923,0.0112,-0.0259,-0.1209,0.03,0.00,0.040,3.2,96035.3,0.00,0.000,0.000,2
391863,-0.048,0.031,1.003,-0.122,0.244,0.183,-67.353,268.978,159.036,0.9923,0.0113,-0.0258,-0.1202,0.03,0.00,0.045,3.2,96033.8,0.00,0.000,0.000,2
392063,-0.049,0.031,1.004,-0.061,0.183,0.244,-67.353,268.978,159.036,0.9924,0.0116,-0.0259,-0.1197,0.03,0.00,0.055,3.2,96031.7,0.00,0.000,0.000,2
392263,-0.048,0.031,1.003,-0.061,0.305,0.183,-67.353,268.978,159.036,0.9924,0.0118,-0.0259,-0.1193,0.03,0.00,0.045,3.3,96036.0,0.00,0.000,0.000,2
392463,-0.049,0.030,1.001,-0.061,0.305,0.183,-67.353,268.978,159.036,0.9925,0.0117,-0.0258,-0.1190,0.03,0.00,0.026,3.2,96037.4,0.00,0.000,0.000,2
392663,-0.046,0.030,1.006,-0.061,0.305,0.122,-67.353,268.978,159.036,0.9925,0.0117,-0.0258,-0.1187,0.03,0.00,0.077,3.2,96038.1,0.00,0.000,0.000,2
392863,-0.048,0.031,1.001,-0.061,0.183,0.244,-67.353,271.695,130.637,0.9926,0.0117,-0.0258,-0.1184,0.03,0.00,0.031,3.2,96036.0,0.00,0.000,0.000,2
393063,-0.046,0.032,1.002,-0.061,0.305,0.183,-67.353,271.695,130.637,0.9926,0.0119,-0.0258,-0.1182,0.03,0.00,0.034,3.3,96038.0,0.00,0.000,0.000,2
393263,-0.048,0.031,1.001,-0.122,0.244,0.183,-67.353,271.695,130.637,0.9926,0.0119,-0.0258,-0.1181,0.03,0.00,0.026,3.3,96035.9,0.00,0.000,0.000,2
393463,-0.047,0.030,1.000,-0.061,0.305,0.122,-67.353,271.695,130.637,0.9926,0.0119,-0.0256,-0.1181,0.03,0.00,0.015,3.2,96036.5,0.00,0.000,0.000,2
393663,-0.049,0.032,1.004,-0.122,0.244,0.183,-67.353,271.695,130.637,0.9926,0.0120,-0.0258,-0.1180,0.02,0.00,0.060,3.3,96037.4,0.00,0.000,0.000,2
393863,-0.047,0.030,1.002,-0.061,0.244,0.122,-67.353,271.695,130.637,0.9926,0.0118,-0.0257,-0.1179,0.02,0.00,0.035,3.2,96037.3,0.00,0.000,0.000,2
394063,-0.046,0.034,0.999,-0.122,0.305,0.305,-67.353,271.695,130.637,0.9926,0.0121,-0.0257,-0.1179,0.02,0.00,0.006,3.3,96035.9,0.00,0.000,0.000,2
394263,-0.047,0.032,1.004,-0.183,0.122,0.183,-67.353,271.695,130.637,0.9926,0.0121,-0.0259,-0.1178,0.02,0.00,0.054,3.3,96033.8,0.00,0.000,0.000,2
394463,-0.047,0.031,1.005,-0.122,0.244,0.183,-67.353,271.695,130.637,0.9926,0.0120,-0.0258,-0.1178,0.02,0.00,0.068,3.3,96034.5,0.00,0.000,0.000,2
394663,-0.048,0.033,1.004,-0.183,0.244,0.244,-67.353,271.695,130.637,0.9926,0.0120,-0.0258,-0.1178,0.02,0.00,0.055,3.3,96038.9,0.00,0.000,0.000,2
394863,-0.047,0.031,1.000,-0.061,0.244,0.183,-67.353,271.695,130.637,0.9926,0.0119,-0.0257,-0.1178,0.02,0.00,0.011,3.2,96038.0,0.00,0.000,0.000,2
395063,-0.046,0.032,1.003,-0.061,0.305,0.183,-56.719,277.129,147.676,0.9929,0.0109,-0.0260,-0.1158,0.02,0.00,0.044,3.2,96037.3,0.00,0.000,0.000,2
395263,-0.049,0.031,1.004,-0.061,0.183,0.183,-56.719,277.129,147.676,0.9932,0.0100,-0.0263,-0.1133,0.02,0.00,0.055,3.2,96038.0,0.00,0.000,0.000,2
395463,-0.046,0.035,1.005,-0.061,0.305,0.305,-56.719,277.129,147.676,0.9934,0.0098,-0.0263,-0.1109,0.02,0.00,0.068,3.2,96035.9,0.00,0.000,0.000,2
395663,-0.047,0.031,1.001,-0.122,0.427,0.122,-56.719,277.129,147.676,0.9937,0.0098,-0.0262,-0.1084,0.02,0.00,0.025,3.2,96037.3,0.00,0.000,0.000,2
395863,-0.048,0.029,1.002,-0.061,0.366,0.244,-56.719,277.129,147.676,0.9940,0.0100,-0.0262,-0.1062,0.02,0.00,0.034,3.2,96033.8,0.00,0.000,0.000,2
396063,-0.047,0.032,1.000,-0.122,0.244,0.183,-56.719,277.129,147.676,0.9942,0.0104,-0.0259,-0.1040,0.02,0.00,0.011,3.2,96032.4,0.00,0.000,0.000,2
396263,-0.046,0.032,1.003,-0.061,0.305,0.183,-56.719,277.129,147.676,0.9944,0.0110,-0.0257,-0.1021,0.02,0.00,0.049,3.2,96034.5,0.00,0.000,0.000,2
396463,-0.048,0.030,1.001,-0.183,0.244,0.183,-56.719,277.129,147.676,0.9945,0.0113,-0.0257,-0.1005,0.02,0.00,0.025,3.2,96035.2,0.00,0.000,0.000,2
396663,-0.048,0.031,1.001,-0.183,0.183,0.183,-56.719,277.129,147.676,0.9947,0.0118,-0.0256,-0.0991,0.02,0.00,0.030,3.2,96038.1,0.00,0.000,0.000,2
396863,-0.046,0.032,1.002,-0.122,0.305,0.122,-56.719,277.129,147.676,0.9948,0.0119,-0.0254,-0.0982,0.02,0.00,0.035,3.2,96036.1,0.00,0.000,0.000,2
397063,-0.045,0.029,1.001,-0.122,0.244,0.183,-56.719,277.129,147.676,0.9948,0.0122,-0.0253,-0.0975,0.02,0.00,0.028,3.2,96036.7,0.00,0.000,0.000,2
397263,-0.048,0.029,1.003,-0.061,0.366,0.244,-65.581,273.054,167.556,0.9947,0.0130,-0.0257,-0.0988,0.02,0.00,0.049,3.3,96037.5,0.00,0.000,0.000,2
397463,-0.047,0.030,1.002,-0.061,0.244,0.366,-65.581,273.054,167.556,0.9944,0.0139,-0.0257,-0.1014,0.02,0.00,0.034,3.3,96036.0,0.00,0.000,0.000,2
397663,-0.048,0.031,1.001,-0.122,0.305,0.122,-65.581,273.054,167.556,0.9942,0.0141,-0.0256,-0.1038,0.02,0.00,0.030,3.3,96040.3,0.00,0.000,0.000,2
397863,-0.048,0.032,1.000,-0.122,0.244,0.244,-65.581,273.054,167.556,0.9939,0.0141,-0.0254,-0.1059,0.02,0.00,0.021,3.3,96040.3,0.00,0.000,0.000,2
398063,-0.047,0.032,1.002,-0.122,0.183,0.244,-65.581,273.054,167.556,0.9938,0.0138,-0.0255,-0.1077,0.02,0.00,0.035,3.3,96037.5,0.00,0.000,0.000,2
398263,-0.047,0.033,1.003,-0.122,0.305,0.183,-65.581,273.054,167.556,0.9936,0.0134,-0.0256,-0.1090,0.02,0.00,0.045,3.3,96034.6,0.00,0.000,0.000,2
398463,-0.048,0.031,1.001,0.000,0.244,0.244,-65.581,273.054,167.556,0.9935,0.0131,-0.0256,-0.1100,0.02,0.00,0.025,3.3,96038.2,0.00,0.000,0.000,2
398663,-0.049,0.032,1.004,-0.122,0.244,0.366,-65.581,273.054,167.556,0.9934,0.0129,-0.0257,-0.1108,0.02,0.00,0.060,3.3,96035.3,0.00,0.000,0.000,2
398863,-0.047,0.031,1.001,-0.061,0.183,0.183,-65.581,273.054,167.556,0.9934,0.0128,-0.0257,-0.1113,0.02,0.00,0.030,3.3,96036.8,0.00,0.000,0.000,2
399063,-0.048,0.031,1.001,-0.122,0.305,0.183,-65.581,273.054,167.556,0.9933,0.0127,-0.0257,-0.1117,0.02,0.00,0.030,3.3,96034.0,0.00,0.000,0.000,2
399263,-0.047,0.031,1.000,-0.122,0.183,0.244,-65.581,273.054,167.556,0.9933,0.0125,-0.0257,-0.1121,0.02,0.00,0.020,3.3,96036.8,0.00,0.000,0.000,2
399463,-0.046,0.031,1.005,-0.183,0.244,0.122,-60.264,268.978,170.395,0.9934,0.0117,-0.0256,-0.1114,0.02,0.00,0.063,3.2,96035.4,0.00,0.000,0.000,2
399663,-0.047,0.032,1.001,-0.061,0.122,0.244,-60.264,268.978,170.395,0.9936,0.0113,-0.0255,-0.1097,0.02,0.00,0.025,3.2,96034.7,0.00,0.000,0.000,2
399863,-0.046,0.032,1.004,-0.061,0.244,0.183,-60.264,268.978,170.395,0.9937,0.0115,-0.0255,-0.1083,0.02,0.00,0.059,3.2,96035.2,0.00,0.000,0.000,2
400063,-0.049,0.031,1.000,-0.122,0.244,0.305,-60.264,268.978,170.395,0.9938,0.0118,-0.0257,-0.1073,0.02,0.00,0.021,3.2,96036.8,0.00,0.000,0.000,2
400263,-0.048,0.032,1.002,0.000,0.244,0.244,-60.264,268.978,170.395,0.9939,0.0119,-0.0257,-0.1065,0.02,0.00,0.035,3.2,96041.7,0.00,0.000,0.000,2
400463,-0.046,0.030,1.002,-0.122,0.244,0.183,-60.264,268.978,170.395,0.9940,0.0120,-0.0255,-0.1061,0.02,0.00,0.039,3.2,96035.3,0.00,0.000,0.000,2
400663,-0.045,0.031,1.005,-0.061,0.122,0.244,-60.264,268.978,170.395,0.9940,0.0123,-0.0253,-0.1057,0.02,0.00,0.063,3.2,96038.1,0.00,0.000,0.000,2
400863,-0.047,0.031,1.003,0.000,0.244,0.305,-60.264,268.978,170.395,0.9940,0.0123,-0.0254,-0.1053,0.02,0.00,0.044,3.2,96033.2,0.00,0.000,0.000,2
401063,-0.047,0.032,1.001,-0.061,0.244,0.183,-60.264,268.978,170.395,0.9941,0.0125,-0.0253,-0.1051,0.02,0.00,0.030,3.2,96034.5,0.00,0.000,0.000,2
401263,-0.047,0.030,1.004,-0.122,0.244,0.305,-60.264,268.978,170.395,0.9941,0.0125,-0.0253,-0.1049,0.02,0.00,0.053,3.2,96036.8,0.00,0.000,0.000,2
401463,-0.046,0.032,1.003,0.000,0.366,0.183,-60.264,268.978,170.395,0.9941,0.0125,-0.0253,-0.1048,0.02,0.00,0.049,3.2,96036.0,0.00,0.000,0.000,2
401663,-0.047,0.031,1.003,0.000,0.244,0.244,-63.809,268.978,153.356,0.9939,0.0131,-0.0254,-0.1065,0.02,0.00,0.044,3.3,96038.2,0.00,0.000,0.000,2
401863,-0.046,0.031,1.003,-0.122,0.183,0.183,-63.809,268.978,153.356,0.9937,0.0133,-0.0256,-0.1080,0.02,0.00,0.049,3.3,96035.4,0.00,0.000,0.000,2
402063,-0.049,0.030,1.003,0.000,0.244,0.183,-63.809,268.978,153.356,0.9936,0.0128,-0.0256,-0.1090,0.02,0.00,0.045,3.3,96033.3,0.00,0.000,0.000,2
402263,-0.049,0.030,1.005,-0.061,0.244,0.183,-63.809,268.978,153.356,0.9935,0.0125,-0.0256,-0.1099,0.03,0.00,0.064,3.3,96029.7,0.00,0.000,0.000,2
402463,-0.047,0.031,1.005,-0.061,0.305,0.183,-63.809,268.978,153.356,0.9935,0.0124,-0.0255,-0.1104,0.03,0.00,0.068,3.2,96034.6,0.00,0.000,0.000,2
402663,-0.048,0.032,1.002,-0.061,0.244,0.244,-63.809,268.978,153.356,0.9934,0.0125,-0.0257,-0.1109,0.03,0.00,0.035,3.3,96038.1,0.00,0.000,0.000,2
402863,-0.048,0.031,1.004,-0.122,0.244,0.244,-63.809,268.978,153.356,0.9934,0.0125,-0.0257,-0.1111,0.03,0.00,0.054,3.3,96038.9,0.00,0.000,0.000,2
403063,-0.046,0.032,0.999,-0.183,0.305,0.183,-63.809,268.978,153.356,0.9934,0.0124,-0.0257,-0.1113,0.03,0.00,0.001,3.3,96032.6,0.00,0.000,0.000,2
403263,-0.047,0.031,1.001,-0.122,0.244,0.244,-63.809,268.978,153.356,0.9934,0.0122,-0.0256,-0.1114,0.03,0.00,0.030,3.3,96034.6,0.00,0.000,0.000,2
403520,-0.049,0.030,1.003,-0.122,0.244,0.244,-58.491,264.903,139.156,0.9933,0.0124,-0.0254,-0.1118,0.03,0.00,0.045,3.2,96038.9,0.00,0.000,0.000,2
403663,-0.050,0.031,1.003,-0.061,0.244,0.244,-72.671,278.488,167.556,0.9932,0.0127,-0.0257,-0.1127,0.03,0.00,0.046,3.3,96035.4,0.00,0.000,0.000,2
403863,-0.048,0.031,1.002,-0.122,0.305,0.244,-72.671,278.488,167.556,0.9930,0.0133,-0.0257,-0.1148,0.03,0.00,0.040,3.3,96034.7,0.00,0.000,0.000,2
404063,-0.047,0.033,1.000,-0.061,0.305,0.244,-72.671,278.488,167.556,0.9927,0.0134,-0.0257,-0.1166,0.03,0.00,0.016,3.3,96033.8,0.00,0.000,0.000,2
404263,-0.045,0.030,1.003,0.000,0.305,0.305,-72.671,278.488,167.556,0.9926,0.0132,-0.0256,-0.1181,0.03,0.00,0.043,3.3,96034.6,0.00,0.000,0.000,2
404463,-0.049,0.033,1.003,-0.061,0.183,0.183,-72.671,278.488,167.556,0.9924,0.0130,-0.0257,-0.1193,0.03,0.00,0.046,3.3,96035.4,0.00,0.000,0.000,2
404663,-0.046,0.032,1.001,-0.122,0.305,0.122,-72.671,278.488,167.556,0.9923,0.0126,-0.0256,-0.1203,0.03,0.00,0.030,3.3,96036.8,0.00,0.000,0.000,2
404863,-0.049,0.029,0.999,-0.061,0.122,0.244,-72.671,278.488,167.556,0.9922,0.0125,-0.0256,-0.1210,0.03,0.00,0.002,3.3,96032.5,0.00,0.000,0.000,2
405063,-0.046,0.030,1.000,-0.122,0.183,0.122,-72.671,278.488,167.556,0.9922,0.0122,-0.0256,-0.1215,0.03,0.00,0.020,3.2,96041.1,0.00,0.000,0.000,2
405263,-0.048,0.030,1.002,-0.122,0.305,0.244,-72.671,278.488,167.556,0.9921,0.0121,-0.0256,-0.1219,0.03,0.00,0.035,3.2,96036.1,0.00,0.000,0.000,2
405463,-0.048,0.030,1.002,-0.183,0.244,0.244,-72.671,278.488,167.556,0.9921,0.0120,-0.0257,-0.1222,0.03,0.00,0.040,3.2,96036.2,0.00,0.000,0.000,2
405663,-0.047,0.032,1.001,0.000,0.122,0.183,-72.671,278.488,167.556,0.9921,0.0120,-0.0259,-0.1225,0.03,0.00,0.030,3.3,96035.4,0.00,0.000,0.000,2
405863,-0.048,0.028,1.001,-0.122,0.305,0.183,-72.671,278.488,167.556,0.9920,0.0118,-0.0259,-0.1227,0.03,0.00,0.029,3.3,96036.9,0.00,0.000,0.000,2
406063,-0.048,0.030,1.002,-0.122,0.244,0.183,-72.671,278.488,167.556,0.9920,0.0117,-0.0260,-0.1228,0.03,0.00,0.035,3.3,96036.9,0.00,0.000,0.000,2
406263,-0.048,0.030,1.004,-0.183,0.244,0.183,-72.671,278.488,167.556,0.9920,0.0118,-0.0260,-0.1229,0.02,0.00,0.059,3.3,96039.7,0.00,0.000,0.000,2
406463,-0.048,0.031,0.999,-0.122,0.305,0.183,-72.671,278.488,167.556,0.9920,0.0119,-0.0260,-0.1230,0.02,0.00,0.007,3.3,96034.7,0.00,0.000,0.000,2
406663,-0.048,0.031,0.999,-0.183,0.183,0.183,-72.671,278.488,167.556,0.9920,0.0119,-0.0258,-0.1230,0.03,0.00,0.006,3.3,96032.0,0.00,0.000,0.000,2
406863,-0.047,0.032,1.003,-0.122,0.366,0.244,-72.671,278.488,167.556,0.9920,0.0121,-0.0260,-0.1230,0.03,0.00,0.049,3.3,96035.4,0.00,0.000,0.000,2
407063,-0.046,0.028,1.001,-0.061,0.183,0.122,-72.671,278.488,167.556,0.9920,0.0116,-0.0258,-0.1231,0.03,0.00,0.024,3.2,96036.9,0.00,0.000,0.000,2
407263,-0.046,0.030,1.000,-0.061,0.244,0.183,-72.671,278.488,167.556,0.9920,0.0115,-0.0257,-0.1232,0.03,0.00,0.010,3.2,96035.5,0.00,0.000,0.000,2
407463,-0.049,0.031,1.005,-0.122,0.183,0.122,-72.671,278.488,167.556,0.9920,0.0117,-0.0259,-0.1232,0.02,0.00,0.069,3.3,96036.3,0.00,0.000,0.000,2
407663,-0.047,0.031,1.003,-0.122,0.244,0.305,-72.671,278.488,167.556,0.9920,0.0118,-0.0258,-0.1232,0.02,0.00,0.044,3.2,96041.2,0.00,0.000,0.000,2
407863,-0.048,0.030,1.003,-0.061,0.305,0.244,-72.671,278.488,167.556,0.9920,0.0119,-0.0258,-0.1232,0.02,0.00,0.045,3.3,96032.7,0.00,0.000,0.000,2
408063,-0.048,0.030,1.000,-0.061,0.366,0.305,-67.353,271.695,159.036,0.9921,0.0115,-0.0258,-0.1226,0.03,0.00,0.011,3.2,96036.3,0.00,0.000,0.000,2
408263,-0.046,0.029,1.003,-0.122,0.183,0.244,-67.353,271.695,159.036,0.9922,0.0111,-0.0259,-0.1212,0.03,0.00,0.048,3.2,96038.4,0.00,0.000,0.000,2
408463,-0.048,0.031,1.001,-0.061,0.244,0.183,-67.353,271.695,159.036,0.9924,0.0112,-0.0260,-0.1202,0.02,0.00,0.025,3.2,96040.6,0.00,0.000,0.000,2
408663,-0.048,0.030,1.000,-0.061,0.305,0.244,-67.353,271.695,159.036,0.9924,0.0112,-0.0259,-0.1194,0.02,0.00,0.020,3.2,96038.9,0.00,0.000,0.000,2
408863,-0.048,0.029,1.001,-0.061,0.366,0.183,-67.353,271.695,159.036,0.9925,0.0113,-0.0258,-0.1188,0.03,0.00,0.030,3.2,96037.0,0.00,0.000,0.000,2
409063,-0.049,0.032,1.003,0.000,0.122,0.183,-67.353,271.695,159.036,0.9926,0.0117,-0.0259,-0.1183,0.03,0.00,0.050,3.3,96036.3,0.00,0.000,0.000,2
409263,-0.048,0.030,1.002,-0.061,0.305,0.244,-67.353,271.695,159.036,0.9926,0.0117,-0.0258,-0.1180,0.03,0.00,0.040,3.3,96034.9,0.00,0.000,0.000,2
409463,-0.049,0.031,1.003,-0.061,0.244,0.244,-67.353,271.695,159.036,0.9926,0.0117,-0.0260,-0.1177,0.03,0.00,0.050,3.3,96038.4,0.00,0.000,0.000,2
409663,-0.048,0.028,1.001,-0.061,0.244,0.183,-67.353,271.695,159.036,0.9927,0.0117,-0.0258,-0.1175,0.03,0.00,0.029,3.2,96036.3,0.00,0.000,0.000,2
409863,-0.048,0.031,1.001,-0.122,0.305,0.244,-67.353,271.695,159.036,0.9927,0.0117,-0.0258,-0.1174,0.03,0.00,0.026,3.3,96037.1,0.00,0.000,0.000,2
410063,-0.047,0.032,1.004,-0.061,0.122,0.305,-67.353,271.695,159.036,0.9927,0.0119,-0.0257,-0.1174,0.03,0.00,0.054,3.2,96037.0,0.00,0.000,0.000,2
410263,-0.047,0.030,1.004,-0.061,0.244,0.244,-62.036,264.903,167.556,0.9929,0.0110,-0.0258,-0.1158,0.02,0.00,0.058,3.2,96037.1,0.00,0.000,0.000,2
410463,-0.047,0.032,1.001,-0.061,0.305,0.183,-62.036,264.903,167.556,0.9930,0.0111,-0.0258,-0.1144,0.02,0.00,0.030,3.2,96039.8,0.00,0.000,0.000,2
410663,-0.047,0.030,1.003,0.000,0.244,0.122,-62.036,264.903,167.556,0.9932,0.0113,-0.0258,-0.1132,0.02,0.00,0.049,3.2,96036.3,0.00,0.000,0.000,2
410863,-0.047,0.030,0.999,-0.122,0.366,0.183,-62.036,264.903,167.556,0.9933,0.0115,-0.0256,-0.1122,0.02,0.00,0.006,3.2,96037.8,0.00,0.000,0.000,2
411063,-0.047,0.031,1.001,-0.122,0.305,0.183,-62.036,264.903,167.556,0.9934,0.0117,-0.0257,-0.1115,0.02,0.00,0.025,3.2,96036.4,0.00,0.000,0.000,2
411263,-0.047,0.031,1.001,-0.122,0.244,0.244,-62.036,264.903,167.556,0.9934,0.0119,-0.0257,-0.1111,0.02,0.00,0.030,3.2,96037.7,0.00,0.000,0.000,2
411463,-0.050,0.032,1.003,-0.122,0.244,0.244,-62.036,264.903,167.556,0.9934,0.0119,-0.0257,-0.1107,0.02,0.00,0.051,3.2,96032.1,0.00,0.000,0.000,2
411663,-0.046,0.030,1.004,-0.061,0.183,0.305,-62.036,264.903,167.556,0.9935,0.0121,-0.0255,-0.1105,0.03,0.00,0.053,3.2,96034.9,0.00,0.000,0.000,2
411863,-0.049,0.031,1.001,-0.061,0.305,0.244,-62.036,264.903,167.556,0.9935,0.0119,-0.0258,-0.1103,0.03,0.00,0.026,3.3,96039.8,0.00,0.000,0.000,2
412063,-0.045,0.031,1.001,-0.061,0.244,0.244,-62.036,264.903,167.556,0.9935,0.0119,-0.0254,-0.1102,0.03,0.00,0.029,3.2,96034.9,0.00,0.000,0.000,2
412263,-0.046,0.031,1.003,-0.122,0.244,0.305,-62.036,264.903,167.556,0.9935,0.0121,-0.0253,-0.1102,0.03,0.00,0.049,3.2,96032.9,0.00,0.000,0.000,2
412463,-0.049,0.030,1.001,-0.061,0.244,0.183,-62.036,264.903,167.556,0.9935,0.0120,-0.0256,-0.1101,0.03,0.00,0.031,3.2,96034.3,0.00,0.000,0.000,2
412663,-0.047,0.030,1.004,-0.061,0.122,0.244,-62.036,264.903,167.556,0.9935,0.0122,-0.0255,-0.1100,0.03,0.00,0.054,3.2,96034.2,0.00,0.000,0.000,2
412863,-0.048,0.032,1.001,0.000,0.305,0.183,-62.036,264.903,167.556,0.9935,0.0123,-0.0253,-0.1099,0.03,0.00,0.030,3.2,96037.7,0.00,0.000,0.000,2
413063,-0.046,0.030,1.002,0.000,0.244,0.183,-62.036,264.903,167.556,0.9935,0.0123,-0.0253,-0.1099,0.03,0.00,0.039,3.2,96035.6,0.00,0.000,0.000,2
413263,-0.047,0.032,1.002,-0.061,0.305,0.122,-62.036,264.903,167.556,0.9936,0.0123,-0.0255,-0.1098,0.03,0.00,0.035,3.2,96037.8,0.00,0.000,0.000,2
413463,-0.044,0.033,1.004,-0.183,0.244,0.244,-62.036,264.903,167.556,0.9936,0.0123,-0.0256,-0.1098,0.03,0.00,0.053,3.3,96036.4,0.00,0.000,0.000,2
413663,-0.046,0.029,1.003,-0.122,0.305,0.305,-62.036,264.903,167.556,0.9936,0.0122,-0.0255,-0.1097,0.03,0.00,0.048,3.2,96037.1,0.00,0.000,0.000,2
413863,-0.048,0.031,1.001,-0.061,0.244,0.122,-62.036,264.903,167.556,0.9936,0.0124,-0.0256,-0.1097,0.03,0.00,0.031,3.3,96036.4,0.00,0.000,0.000,2
414063,-0.049,0.033,1.003,-0.061,0.122,0.244,-62.036,264.903,167.556,0.9936,0.0123,-0.0254,-0.1097,0.03,0.00,0.046,3.2,96033.7,0.00,0.000,0.000,2
414263,-0.049,0.033,1.001,-0.061,0.244,0.183,-62.036,264.903,167.556,0.9936,0.0123,-0.0255,-0.1097,0.03,0.00,0.031,3.2,96037.9,0.00,0.000,0.000,2
414463,-0.048,0.032,1.001,-0.061,0.305,0.183,-62.036,264.903,167.556,0.9936,0.0125,-0.0255,-0.1096,0.03,0.00,0.030,3.3,96031.6,0.00,0.000,0.000,2
414663,-0.046,0.030,1.002,-0.061,0.366,0.244,-62.036,264.903,167.556,0.9936,0.0121,-0.0256,-0.1097,0.03,0.00,0.039,3.2,96038.6,0.00,0.000,0.000,2
414863,-0.049,0.033,1.002,-0.061,0.244,0.183,-62.036,264.903,167.556,0.9936,0.0123,-0.0256,-0.1097,0.03,0.00,0.041,3.3,96035.7,0.00,0.000,0.000,2
415063,-0.048,0.033,1.003,-0.122,0.122,0.305,-62.036,264.903,167.556,0.9936,0.0124,-0.0256,-0.1097,0.03,0.00,0.050,3.3,96035.1,0.00,0.000,0.000,2
415263,-0.045,0.032,1.001,-0.122,0.244,0.183,-62.036,264.903,167.556,0.9936,0.0123,-0.0256,-0.1097,0.03,0.00,0.029,3.3,96040.0,0.00,0.000,0.000,2
415463,-0.046,0.031,1.000,-0.122,0.244,0.244,-62.036,264.903,167.556,0.9936,0.0123,-0.0257,-0.1097,0.03,0.00,0.020,3.3,96039.9,0.00,0.000,0.000,2
415663,-0.047,0.031,1.000,0.000,0.366,0.183,-62.036,264.903,167.556,0.9936,0.0124,-0.0256,-0.1097,0.03,0.00,0.011,3.3,96034.4,0.00,0.000,0.000,2
415863,-0.047,0.030,1.004,-0.061,0.305,0.183,-62.036,264.903,167.556,0.9936,0.0123,-0.0258,-0.1097,0.03,0.00,0.058,3.3,96037.2,0.00,0.000,0.000,2
416063,-0.050,0.031,1.001,0.000,0.244,0.244,-62.036,264.903,167.556,0.9936,0.0122,-0.0257,-0.1097,0.03,0.00,0.031,3.3,96037.1,0.00,0.000,0.000,2
416263,-0.048,0.030,1.000,-0.122,0.305,0.244,-62.036,264.903,167.556,0.9936,0.0121,-0.0255,-0.1098,0.03,0.00,0.011,3.2,96037.2,0.00,0.000,0.000,2
416463,-0.047,0.028,1.001,-0.122,0.305,0.183,-62.036,264.903,167.556,0.9936,0.0119,-0.0254,-0.1098,0.03,0.00,0.024,3.2,96036.5,0.00,0.000,0.000,2
416663,-0.046,0.030,1.001,0.000,0.244,0.183,-62.036,264.903,167.556,0.9936,0.0122,-0.0255,-0.1098,0.03,0.00,0.029,3.2,96036.5,0.00,0.000,0.000,2
416863,-0.046,0.032,1.002,-0.061,0.244,0.244,-62.036,264.903,167.556,0.9935,0.0125,-0.0256,-0.1098,0.03,0.00,0.035,3.3,96038.6,0.00,0.000,0.000,2
417063,-0.047,0.029,1.003,-0.122,0.305,0.183,-62.036,264.903,167.556,0.9936,0.0122,-0.0257,-0.1097,0.03,0.00,0.043,3.3,96036.5,0.00,0.000,0.000,2
417263,-0.046,0.030,1.003,-0.061,0.305,0.183,-62.036,264.903,167.556,0.9936,0.0122,-0.0257,-0.1097,0.03,0.00,0.048,3.3,96035.7,0.00,0.000,0.000,2
417463,-0.047,0.031,1.003,0.000,0.305,0.183,-62.036,264.903,167.556,0.9936,0.0122,-0.0256,-0.1097,0.03,0.00,0.044,3.2,96037.9,0.00,0.000,0.000,2
417663,-0.046,0.030,1.000,0.000,0.183,0.183,-62.036,264.903,167.556,0.9936,0.0122,-0.0257,-0.1098,0.03,0.00,0.015,3.3,96033.6,0.00,0.000,0.000,2
417863,-0.047,0.033,1.005,-0.122,0.305,0.122,-62.036,264.903,167.556,0.9936,0.0122,-0.0257,-0.1097,0.03,0.00,0.064,3.3,96035.1,0.00,0.000,0.000,2
418063,-0.050,0.029,1.000,-0.183,0.244,0.244,-62.036,264.903,167.556,0.9936,0.0121,-0.0256,-0.1097,0.03,0.00,0.016,3.2,96035.8,0.00,0.000,0.000,2
418263,-0.046,0.028,0.998,-0.061,0.183,0.305,-62.036,264.903,167.556,0.9936,0.0119,-0.0255,-0.1098,0.03,-0.00,-0.005,3.2,96033.7,0.00,0.000,0.000,2
418463,-0.047,0.031,1.002,-0.061,0.183,0.183,-62.036,264.903,167.556,0.9936,0.0123,-0.0255,-0.1098,0.03,0.00,0.035,3.2,96032.2,0.00,0.000,0.000,2
418663,-0.046,0.032,0.999,-0.061,0.183,0.244,-62.036,264.903,167.556,0.9936,0.0124,-0.0255,-0.1098,0.03,0.00,0.001,3.3,96035.2,0.00,0.000,0.000,2
418863,-0.048,0.031,1.000,-0.122,0.244,0.183,-51.401,262.186,178.915,0.9937,0.0117,-0.0258,-0.1088,0.03,0.00,0.011,3.2,96037.2,0.00,0.000,0.000,2
419063,-0.046,0.029,1.005,-0.061,0.305,0.061,-51.401,262.186,178.915,0.9939,0.0103,-0.0260,-0.1065,0.03,0.00,0.062,3.2,96037.2,0.00,0.000,0.000,2
419263,-0.047,0.032,1.002,-0.061,0.244,0.183,-51.401,262.186,178.915,0.9942,0.0099,-0.0260,-0.1041,0.03,0.00,0.039,3.2,96038.5,0.00,0.000,0.000,2
419463,-0.049,0.032,1.004,-0.061,0.244,0.244,-51.401,262.186,178.915,0.9944,0.0098,-0.0260,-0.1017,0.03,0.00,0.055,3.2,96034.3,0.00,0.000,0.000,2
419663,-0.046,0.030,1.001,-0.122,0.305,0.244,-51.401,262.186,178.915,0.9947,0.0101,-0.0258,-0.0995,0.03,0.00,0.024,3.2,96038.5,0.00,0.000,0.000,2
419863,-0.047,0.032,1.001,-0.122,0.305,0.183,-51.401,262.186,178.915,0.9948,0.0108,-0.0258,-0.0975,0.03,0.00,0.025,3.2,96037.9,0.00,0.000,0.000,2
420063,-0.048,0.031,1.005,-0.122,0.183,0.183,-51.401,262.186,178.915,0.9950,0.0113,-0.0258,-0.0957,0.03,0.00,0.064,3.2,96038.5,0.00,0.000,0.000,2
420263,-0.046,0.030,1.004,-0.061,0.366,0.244,-51.401,262.186,178.915,0.9952,0.0115,-0.0254,-0.0942,0.03,0.00,0.053,3.2,96037.1,0.00,0.000,0.000,2
420463,-0.047,0.031,1.000,-0.061,0.244,0.244,-51.401,262.186,178.915,0.9953,0.0122,-0.0252,-0.0930,0.03,0.00,0.011,3.2,96038.4,0.00,0.000,0.000,2
420663,-0.048,0.032,1.002,-0.122,0.183,0.244,-51.401,262.186,178.915,0.9954,0.0123,-0.0252,-0.0921,0.03,0.00,0.036,3.2,96038.6,0.00,0.000,0.000,2
420863,-0.048,0.032,1.004,-0.061,0.244,0.244,-51.401,262.186,178.915,0.9954,0.0126,-0.0254,-0.0914,0.03,0.00,0.054,3.2,96035.8,0.00,0.000,0.000,2
421063,-0.047,0.032,1.001,-0.061,0.305,0.244,-63.809,260.827,164.716,0.9952,0.0137,-0.0253,-0.0937,0.03,0.00,0.030,3.3,96036.5,0.00,0.000,0.000,2
421263,-0.045,0.029,1.003,-0.122,0.305,0.122,-63.809,260.827,164.716,0.9949,0.0145,-0.0255,-0.0965,0.03,0.00,0.047,3.4,96036.5,0.00,0.000,0.000,2
421463,-0.047,0.030,1.003,-0.061,0.183,0.305,-63.809,260.827,164.716,0.9946,0.0150,-0.0254,-0.0994,0.03,0.00,0.048,3.4,96033.6,0.00,0.000,0.000,2
421663,-0.048,0.033,1.003,-0.061,0.305,0.244,-63.809,260.827,164.716,0.9943,0.0152,-0.0254,-0.1021,0.03,0.00,0.050,3.4,96037.9,0.00,0.000,0.000,2
421863,-0.047,0.032,1.003,-0.061,0.305,0.183,-63.809,260.827,164.716,0.9941,0.0149,-0.0256,-0.1045,0.02,0.00,0.044,3.4,96036.5,0.00,0.000,0.000,2
422063,-0.047,0.031,1.000,0.000,0.305,0.183,-63.809,260.827,164.716,0.9939,0.0143,-0.0254,-0.1067,0.02,0.00,0.016,3.3,96037.9,0.00,0.000,0.000,2
422263,-0.049,0.029,1.000,-0.122,0.366,0.244,-63.809,260.827,164.716,0.9937,0.0138,-0.0254,-0.1086,0.02,0.00,0.016,3.3,96037.8,0.00,0.000,0.000,2
422463,-0.046,0.032,1.002,-0.122,0.244,0.183,-63.809,260.827,164.716,0.9935,0.0135,-0.0254,-0.1101,0.02,0.00,0.039,3.3,96036.4,0.00,0.000,0.000,2
422663,-0.048,0.029,1.000,-0.122,0.244,0.183,-63.809,260.827,164.716,0.9934,0.0131,-0.0254,-0.1113,0.02,0.00,0.010,3.3,96038.6,0.00,0.000,0.000,2
422863,-0.050,0.030,1.002,-0.061,0.183,0.183,-63.809,260.827,164.716,0.9933,0.0129,-0.0256,-0.1122,0.02,0.00,0.040,3.3,96037.9,0.00,0.000,0.000,2
423063,-0.047,0.029,1.000,-0.122,0.244,0.183,-63.809,260.827,164.716,0.9932,0.0126,-0.0256,-0.1129,0.02,0.00,0.020,3.3,96040.1,0.00,0.000,0.000,2
423263,-0.048,0.028,1.000,-0.061,0.244,0.183,-63.809,260.827,164.716,0.9931,0.0123,-0.0256,-0.1135,0.02,0.00,0.011,3.3,96039.2,0.00,0.000,0.000,2
423463,-0.047,0.032,1.002,-0.183,0.183,0.183,-63.809,260.827,164.716,0.9931,0.0123,-0.0257,-0.1140,0.02,0.00,0.040,3.3,96042.1,0.00,0.000,0.000,2
423663,-0.047,0.030,1.003,-0.061,0.366,0.244,-63.809,260.827,164.716,0.9931,0.0123,-0.0256,-0.1142,0.02,0.00,0.049,3.3,96039.2,0.00,0.000,0.000,2
423863,-0.047,0.031,1.000,0.000,0.244,0.244,-63.809,260.827,164.716,0.9930,0.0124,-0.0255,-0.1144,0.02,0.00,0.015,3.2,96039.2,0.00,0.000,0.000,2
424063,-0.047,0.030,1.003,0.061,0.305,0.183,-63.809,260.827,164.716,0.9930,0.0123,-0.0254,-0.1145,0.02,0.00,0.044,3.2,96035.8,0.00,0.000,0.000,2
424263,-0.045,0.030,1.002,-0.061,0.305,0.183,-63.809,260.827,164.716,0.9930,0.0122,-0.0254,-0.1145,0.02,0.00,0.034,3.2,96034.4,0.00,0.000,0.000,2
424463,-0.047,0.031,1.003,-0.061,0.305,0.183,-63.809,260.827,164.716,0.9930,0.0120,-0.0255,-0.1146,0.02,0.00,0.044,3.2,96037.9,0.00,0.000,0.000,2
424663,-0.045,0.030,1.000,-0.061,0.244,0.183,-63.809,260.827,164.716,0.9930,0.0120,-0.0254,-0.1147,0.02,0.00,0.019,3.2,96037.2,0.00,0.000,0.000,2
424863,-0.048,0.029,1.002,-0.061,0.244,0.244,-63.809,260.827,164.716,0.9930,0.0120,-0.0254,-0.1148,0.02,0.00,0.039,3.2,96040.6,0.00,0.000,0.000,2
425063,-0.046,0.031,1.001,-0.183,0.183,0.183,-63.809,260.827,164.716,0.9930,0.0121,-0.0255,-0.1148,0.02,0.00,0.024,3.2,96037.9,0.00,0.000,0.000,2
425263,-0.046,0.033,1.000,-0.061,0.305,0.305,-69.126,267.620,161.876,0.9929,0.0124,-0.0257,-0.1157,0.02,0.00,0.020,3.3,96035.7,0.00,0.000,0.000,2
425463,-0.048,0.030,1.001,0.000,0.366,0.244,-69.126,267.620,161.876,0.9927,0.0128,-0.0258,-0.1173,0.02,0.00,0.025,3.3,96036.4,0.00,0.000,0.000,2
425663,-0.047,0.031,0.999,-0.061,0.244,0.244,-69.126,267.620,161.876,0.9926,0.0127,-0.0254,-0.1184,0.02,0.00,0.006,3.3,96035.1,0.00,0.000,0.000,2
425863,-0.047,0.032,1.003,-0.061,0.183,0.183,-69.126,267.620,161.876,0.9925,0.0124,-0.0254,-0.1192,0.02,0.00,0.049,3.2,96035.1,0.00,0.000,0.000,2
426063,-0.045,0.031,1.002,-0.122,0.183,0.183,-69.126,267.620,161.876,0.9924,0.0125,-0.0255,-0.1199,0.02,0.00,0.039,3.3,96039.2,0.00,0.000,0.000,2
426263,-0.045,0.029,1.002,-0.061,0.366,0.244,-69.126,267.620,161.876,0.9923,0.0123,-0.0257,-0.1204,0.02,0.00,0.033,3.3,96035.8,0.00,0.000,0.000,2
426536,-0.046,0.030,1.003,-0.122,0.183,0.244,-63.809,271.695,170.395,0.9923,0.0117,-0.0251,-0.1208,0.02,0.00,0.043,3.2,96036.5,0.00,0.000,0.000,2
426663,-0.045,0.034,1.002,-0.122,0.244,0.183,-56.719,263.544,159.036,0.9925,0.0109,-0.0255,-0.1193,0.02,0.00,0.034,3.2,96040.0,0.00,0.000,0.000,2
426863,-0.046,0.031,1.004,0.000,0.183,0.183,-56.719,263.544,159.036,0.9928,0.0099,-0.0258,-0.1169,0.02,0.00,0.053,3.2,96042.0,0.00,0.000,0.000,2
427063,-0.047,0.030,1.001,-0.122,0.366,0.122,-56.719,263.544,159.036,0.9931,0.0094,-0.0260,-0.1144,0.02,0.00,0.025,3.2,96039.3,0.00,0.000,0.000,2
427263,-0.048,0.031,0.999,-0.061,0.305,0.183,-56.719,263.544,159.036,0.9933,0.0096,-0.0261,-0.1121,0.02,0.00,0.002,3.2,96035.8,0.00,0.000,0.000,2
427463,-0.046,0.030,1.001,-0.061,0.366,0.244,-56.719,263.544,159.036,0.9936,0.0099,-0.0259,-0.1099,0.02,0.00,0.029,3.2,96036.5,0.00,0.000,0.000,2
427663,-0.048,0.030,1.001,-0.122,0.305,0.183,-56.719,263.544,159.036,0.9938,0.0103,-0.0259,-0.1080,0.02,0.00,0.025,3.2,96037.1,0.00,0.000,0.000,2
427863,-0.047,0.030,1.001,-0.061,0.366,0.122,-56.719,263.544,159.036,0.9939,0.0106,-0.0258,-0.1063,0.02,0.00,0.025,3.2,96035.0,0.00,0.000,0.000,2
428063,-0.046,0.031,1.001,-0.061,0.305,0.244,-56.719,263.544,159.036,0.9941,0.0114,-0.0255,-0.1049,0.02,0.00,0.025,3.2,96037.8,0.00,0.000,0.000,2
428263,-0.045,0.032,1.001,-0.122,0.244,0.305,-56.719,263.544,159.036,0.9942,0.0114,-0.0254,-0.1037,0.02,0.00,0.024,3.2,96039.9,0.00,0.000,0.000,2
428463,-0.046,0.032,0.999,0.000,0.244,0.122,-56.719,263.544,159.036,0.9943,0.0119,-0.0253,-0.1028,0.02,0.00,0.006,3.2,96038.5,0.00,0.000,0.000,2
428663,-0.050,0.031,1.002,-0.122,0.244,0.244,-56.719,263.544,159.036,0.9944,0.0123,-0.0254,-0.1021,0.02,0.00,0.036,3.2,96039.3,0.00,0.000,0.000,2
428863,-0.047,0.032,1.001,-0.122,0.305,0.244,-56.719,263.544,159.036,0.9944,0.0123,-0.0254,-0.1016,0.02,0.00,0.030,3.2,96036.5,0.00,0.000,0.000,2
429063,-0.048,0.030,1.002,-0.122,0.183,0.183,-56.719,263.544,159.036,0.9945,0.0122,-0.0253,-0.1013,0.02,0.00,0.035,3.2,96036.4,0.00,0.000,0.000,2
429263,-0.046,0.029,1.000,-0.183,0.305,0.244,-56.719,263.544,159.036,0.9945,0.0125,-0.0253,-0.1011,0.02,0.00,0.019,3.2,96036.3,0.00,0.000,0.000,2
429463,-0.047,0.029,1.004,-0.122,0.305,0.183,-62.036,264.903,161.876,0.9943,0.0131,-0.0254,-0.1026,0.02,0.00,0.058,3.3,96040.7,0.00,0.000,0.000,2
429663,-0.046,0.031,1.004,-0.122,0.366,0.183,-62.036,264.903,161.876,0.9941,0.0133,-0.0255,-0.1045,0.02,0.00,0.058,3.3,96038.6,0.00,0.000,0.000,2
429863,-0.048,0.031,1.002,-0.183,0.305,0.305,-62.036,264.903,161.876,0.9940,0.0134,-0.0254,-0.1060,0.02,0.00,0.035,3.3,96037.1,0.00,0.000,0.000,2
430063,-0.047,0.031,1.001,0.000,0.244,0.244,-62.036,264.903,161.876,0.9938,0.0131,-0.0252,-0.1071,0.02,0.00,0.030,3.3,96039.2,0.00,0.000,0.000,2
430263,-0.048,0.029,0.998,-0.061,0.366,0.244,-62.036,264.903,161.876,0.9938,0.0128,-0.0254,-0.1079,0.02,0.00,-0.004,3.3,96041.5,0.00,0.000,0.000,2
430463,-0.047,0.030,1.002,-0.061,0.305,0.122,-62.036,264.903,161.876,0.9937,0.0127,-0.0254,-0.1084,0.02,0.00,0.034,3.3,96041.3,0.00,0.000,0.000,2
430663,-0.047,0.031,1.004,0.000,0.183,0.183,-62.036,264.903,161.876,0.9937,0.0126,-0.0253,-0.1089,0.02,0.00,0.054,3.2,96042.1,0.00,0.000,0.000,2
430863,-0.048,0.033,1.001,-0.061,0.305,0.244,-62.036,264.903,161.876,0.9936,0.0127,-0.0255,-0.1092,0.02,0.00,0.031,3.3,96035.7,0.00,0.000,0.000,2
431063,-0.049,0.030,0.999,-0.122,0.244,0.305,-62.036,264.903,161.876,0.9936,0.0125,-0.0256,-0.1094,0.02,0.00,0.002,3.3,96036.5,0.00,0.000,0.000,2
431263,-0.045,0.032,1.000,-0.122,0.244,0.305,-62.036,264.903,161.876,0.9936,0.0124,-0.0255,-0.1095,0.02,0.00,0.010,3.2,96035.8,0.00,0.000,0.000,2
431463,-0.046,0.032,1.001,-0.122,0.366,0.244,-58.491,270.337,184.595,0.9937,0.0118,-0.0254,-0.1089,0.02,0.00,0.025,3.2,96041.5,0.00,0.000,0.000,2
431663,-0.048,0.030,1.000,-0.061,0.244,0.183,-58.491,270.337,184.595,0.9939,0.0111,-0.0255,-0.1069,0.02,0.00,0.020,3.2,96035.8,0.00,0.000,0.000,2
431863,-0.047,0.032,1.004,-0.061,0.305,0.183,-58.491,270.337,184.595,0.9940,0.0113,-0.0256,-0.1053,0.02,0.00,0.059,3.2,96037.9,0.00,0.000,0.000,2
432063,-0.049,0.031,0.999,0.061,0.244,0.183,-58.491,270.337,184.595,0.9942,0.0116,-0.0256,-0.1040,0.02,0.00,0.002,3.2,96037.8,0.00,0.000,0.000,2
432263,-0.046,0.030,0.998,-0.122,0.122,0.122,-58.491,270.337,184.595,0.9943,0.0119,-0.0254,-0.1029,0.02,0.00,-0.004,3.2,96036.5,0.00,0.000,0.000,2
432463,-0.047,0.031,1.000,-0.061,0.305,0.183,-58.491,270.337,184.595,0.9944,0.0120,-0.0252,-0.1021,0.02,0.00,0.020,3.2,96035.8,0.00,0.000,0.000,2
432663,-0.046,0.032,1.003,-0.061,0.122,0.244,-58.491,270.337,184.595,0.9944,0.0122,-0.0253,-0.1016,0.02,0.00,0.044,3.2,96037.2,0.00,0.000,0.000,2
432863,-0.047,0.031,1.003,-0.061,0.244,0.244,-58.491,270.337,184.595,0.9945,0.0124,-0.0253,-0.1012,0.02,0.00,0.044,3.2,96035.8,0.00,0.000,0.000,2
433063,-0.047,0.030,1.001,-0.122,0.366,0.244,-58.491,270.337,184.595,0.9945,0.0121,-0.0255,-0.1009,0.02,0.00,0.030,3.2,96039.4,0.00,0.000,0.000,2
433263,-0.047,0.030,1.003,-0.244,0.244,0.122,-58.491,270.337,184.595,0.9945,0.0124,-0.0255,-0.1008,0.02,0.00,0.044,3.2,96038.7,0.00,0.000,0.000,2
433463,-0.048,0.030,1.003,-0.061,0.366,0.244,-58.491,270.337,184.595,0.9945,0.0124,-0.0255,-0.1007,0.02,0.00,0.049,3.2,96037.9,0.00,0.000,0.000,2
433663,-0.048,0.031,1.002,-0.061,0.305,0.244,-67.353,266.261,164.716,0.9943,0.0134,-0.0256,-0.1030,0.02,0.00,0.035,3.3,96035.8,0.00,0.000,0.000,2
433863,-0.047,0.031,1.001,-0.122,0.305,0.244,-67.353,266.261,164.716,0.9940,0.0142,-0.0256,-0.1057,0.02,0.00,0.030,3.4,96037.2,0.00,0.000,0.000,2
434063,-0.048,0.031,1.003,-0.122,0.366,0.183,-67.353,266.261,164.716,0.9937,0.0144,-0.0256,-0.1082,0.02,0.00,0.045,3.4,96035.8,0.00,0.000,0.000,2
434263,-0.048,0.030,1.003,-0.122,0.244,0.122,-67.353,266.261,164.716,0.9935,0.0141,-0.0255,-0.1105,0.02,0.00,0.044,3.3,96040.2,0.00,0.000,0.000,2
434463,-0.047,0.030,1.002,0.061,0.244,0.183,-67.353,266.261,164.716,0.9932,0.0137,-0.0256,-0.1124,0.02,0.00,0.034,3.3,96036.7,0.00,0.000,0.000,2
434663,-0.047,0.028,1.000,-0.061,0.183,0.305,-67.353,266.261,164.716,0.9931,0.0132,-0.0255,-0.1140,0.02,0.00,0.019,3.3,96034.5,0.00,0.000,0.000,2
434863,-0.047,0.031,1.000,-0.061,0.244,0.122,-67.353,266.261,164.716,0.9929,0.0130,-0.0257,-0.1152,0.02,0.00,0.020,3.3,96040.1,0.00,0.000,0.000,2
435063,-0.048,0.030,1.003,-0.122,0.244,0.183,-67.353,266.261,164.716,0.9928,0.0128,-0.0257,-0.1162,0.02,0.00,0.049,3.3,96034.5,0.00,0.000,0.000,2
435263,-0.047,0.032,1.000,-0.061,0.244,0.122,-67.353,266.261,164.716,0.9927,0.0127,-0.0257,-0.1169,0.02,0.00,0.021,3.3,96035.1,0.00,0.000,0.000,2
435463,-0.047,0.031,1.002,-0.183,0.305,0.183,-67.353,266.261,164.716,0.9927,0.0125,-0.0257,-0.1174,0.02,0.00,0.035,3.3,96037.3,0.00,0.000,0.000,2
435663,-0.048,0.031,1.000,-0.122,0.305,0.244,-67.353,266.261,164.716,0.9926,0.0123,-0.0258,-0.1179,0.02,0.00,0.021,3.3,96038.1,0.00,0.000,0.000,2
435863,-0.046,0.031,1.000,-0.122,0.244,0.244,-67.353,266.261,164.716,0.9926,0.0124,-0.0257,-0.1182,0.02,0.00,0.020,3.3,96039.5,0.00,0.000,0.000,2
436063,-0.047,0.029,1.005,-0.183,0.305,0.183,-67.353,266.261,164.716,0.9926,0.0121,-0.0258,-0.1184,0.02,0.00,0.063,3.3,96039.3,0.00,0.000,0.000,2
436263,-0.047,0.029,1.003,0.000,0.183,0.244,-67.353,266.261,164.716,0.9925,0.0121,-0.0257,-0.1186,0.02,0.00,0.044,3.3,96037.4,0.00,0.000,0.000,2
436463,-0.048,0.031,1.005,-0.122,0.244,0.183,-67.353,266.261,164.716,0.9925,0.0121,-0.0256,-0.1186,0.02,0.00,0.069,3.3,96034.4,0.00,0.000,0.000,2
436663,-0.047,0.032,1.001,-0.061,0.305,0.183,-67.353,266.261,164.716,0.9925,0.0122,-0.0258,-0.1188,0.02,0.00,0.025,3.3,96040.1,0.00,0.000,0.000,2
436863,-0.049,0.029,1.004,-0.122,0.305,0.183,-67.353,266.261,164.716,0.9925,0.0120,-0.0259,-0.1189,0.02,0.00,0.059,3.3,96040.1,0.00,0.000,0.000,2
437063,-0.045,0.030,0.999,-0.061,0.305,0.244,-67.353,266.261,164.716,0.9925,0.0120,-0.0258,-0.1190,0.02,0.00,-0.000,3.3,96038.7,0.00,0.000,0.000,2
437263,-0.048,0.032,1.002,-0.061,0.183,0.183,-67.353,266.261,164.716,0.9925,0.0121,-0.0258,-0.1190,0.02,0.00,0.040,3.3,96038.0,0.00,0.000,0.000,2
437463,-0.047,0.031,1.001,-0.061,0.305,0.244,-67.353,266.261,164.716,0.9925,0.0119,-0.0260,-0.1190,0.02,0.00,0.025,3.3,96035.1,0.00,0.000,0.000,2
437663,-0.047,0.030,1.004,0.000,0.305,0.183,-67.353,266.261,164.716,0.9925,0.0119,-0.0256,-0.1191,0.02,0.00,0.054,3.2,96035.1,0.00,0.000,0.000,2
437863,-0.048,0.031,1.001,-0.183,0.305,0.183,-77.988,274.412,141.996,0.9923,0.0124,-0.0258,-0.1205,0.02,0.00,0.030,3.3,96040.3,0.00,0.000,0.000,2
